uid,formula,charge,n_c,computed_cm,scaled_cm,predicted_svr_cm,intensity_km_mol,family
143,C48H22,0,48,6.5827,6.3325574,13.7508547904554,0.0009,low / skeletal
143,C48H22,0,48,32.7255,31.481931,38.5895484546713,0.0765,low / skeletal
143,C48H22,0,48,52.4828,50.4884536,57.4166695339791,0.5982,low / skeletal
143,C48H22,0,48,77.7935,74.837347,81.4547838054282,0.9062,low / skeletal
143,C48H22,0,48,113.9439,109.6140318,116.080958726836,0.044,low / skeletal
143,C48H22,0,48,135.1479,130.0122798,136.730881115532,0.3391,low / skeletal
143,C48H22,0,48,141.0552,135.6951024,142.168517891895,0.8835,low / skeletal
143,C48H22,0,48,163.8543,157.6278366,164.080827426955,0.0981,low / skeletal
143,C48H22,0,48,189.9456,182.7276672,188.756153667101,0.0719,low / skeletal
143,C48H22,0,48,218.1586,209.8685732,216.491599252159,0.0023,low / skeletal
143,C48H22,0,48,250.7805,241.250841,247.370002604575,0.2651,low / skeletal
143,C48H22,0,48,251.7325,242.166665,247.844042584675,0.9805,low / skeletal
143,C48H22,0,48,295.9445,284.698609,290.269564399841,0.6965,low / skeletal
143,C48H22,0,48,306.2015,294.565843,300.599855190942,0.1218,low / skeletal
143,C48H22,0,48,308.6476,296.9189912,302.686614472889,0.1607,low / skeletal
143,C48H22,0,48,308.9202,297.1812324,302.817971022409,0.0035,low / skeletal
143,C48H22,0,48,321.8925,309.660585,315.3014626984,0.0709,low / skeletal
143,C48H22,0,48,371.5592,357.4399504,362.949504887574,0.1171,low / skeletal
143,C48H22,0,48,373.6173,359.4198426,364.550850806569,0.9347,low / skeletal
143,C48H22,0,48,389.5174,374.7157388,379.995876661138,0.0417,low / skeletal
143,C48H22,0,48,392.1788,377.2760056,382.915327217492,0.0137,low / skeletal
143,C48H22,0,48,430.5984,414.2356608,419.570024957254,0.099,low / skeletal
143,C48H22,0,48,448.8218,431.7665716,436.139271695188,1.1447,low / skeletal
143,C48H22,0,48,473.6604,455.6613048,460.657998759071,0.0439,low / skeletal
143,C48H22,0,48,476.5664,458.4568768,462.56501268447,5.22,low / skeletal
143,C48H22,0,48,491.2484,472.5809608,476.94296092884,1.1358,low / skeletal
143,C48H22,0,48,508.8976,489.5594912,494.35217716478,0.7278,low / skeletal
143,C48H22,0,48,520.3239,500.5515918,505.249649284582,0.0466,low / skeletal
143,C48H22,0,48,540.1948,519.6673976,524.5904367922,0.2491,low / skeletal
143,C48H22,0,48,547.1224,526.3317488,530.888475884043,9.9646,low / skeletal
143,C48H22,0,48,563.6127,542.1954174,546.048682686257,0.9412,low / skeletal
143,C48H22,0,48,573.281,551.496322,555.819746843764,0.9562,low / skeletal
143,C48H22,0,48,580.8868,558.8131016,562.592428936939,0.0958,low / skeletal
143,C48H22,0,48,593.5332,570.9789384,575.679982208728,1.905,low / skeletal
143,C48H22,0,48,603.8306,580.8850372,584.418583616656,2.9195,low / skeletal
143,C48H22,0,48,608.4971,585.3742102,589.331743004063,3.0847,low / skeletal
143,C48H22,0,48,646.2623,621.7043326,626.146700223015,0.2877,low / skeletal
143,C48H22,0,48,648.7663,624.1131806,628.25478852426,0.1233,low / skeletal
143,C48H22,0,48,659.2157,634.1655034,637.967457778303,12.3175,low / skeletal
143,C48H22,0,48,665.0444,639.7727128,643.717158906753,3.9553,low / skeletal
143,C48H22,0,48,666.7623,641.4253326,644.715663355649,1.0005,low / skeletal
143,C48H22,0,48,682.5289,656.5928018,659.725105464372,0.0808,CH-oop
143,C48H22,0,48,688.2437,662.0904394,665.790498075432,3.1595,CH-oop
143,C48H22,0,48,696.107,669.654934,673.541446092541,3.3397,CH-oop
143,C48H22,0,48,702.6662,675.9648844,679.778767069852,0.6639,CH-oop
143,C48H22,0,48,723.3638,695.8759756,699.646930634099,0.0256,CH-oop
143,C48H22,0,48,734.2245,706.323969,709.968492767134,0.0003,CH-oop
143,C48H22,0,48,738.097,710.049314,712.835467987918,0.5886,CH-oop
143,C48H22,0,48,769.1082,739.8820884,742.334804329871,1.3457,CH-oop
143,C48H22,0,48,782.8296,753.0820752,756.133254792707,0.8401,CH-oop
143,C48H22,0,48,784.5208,754.7090096,750.776662211176,168.4818,CH-oop
143,C48H22,0,48,790.5473,760.5065026,762.682956136157,0.3174,CH-oop
143,C48H22,0,48,796.8121,766.5332402,766.840883578935,53.3405,CH-oop
143,C48H22,0,48,815.9706,784.9637172,788.221454701057,1.0258,CH-oop
143,C48H22,0,48,821.3053,790.0956986,793.274859736329,0.0821,CH-oop
143,C48H22,0,48,833.1029,801.4449898,800.85976362447,69.944,CH-oop
143,C48H22,0,48,835.8703,804.1072286,807.241930445123,0.2113,CH-oop
143,C48H22,0,48,848.2758,816.0413196,818.957303806581,3.9441,CH-oop
143,C48H22,0,48,857.805,825.20841,827.191788614939,0.3017,CH-oop
143,C48H22,0,48,886.503,852.815886,853.78364970131,21.4063,CH-oop
143,C48H22,0,48,895.6737,861.6380994,863.202523240976,1.378,CH-oop
143,C48H22,0,48,898.0326,863.9073612,866.761979748606,0.4122,CH-oop
143,C48H22,0,48,925.6929,890.5165698,891.90931993998,0.1025,CH-oop
143,C48H22,0,48,927.6723,892.4207526,895.040505911125,0.0307,CH-oop
143,C48H22,0,48,933.4662,897.9944844,900.660087344247,0.0015,CH-oop
143,C48H22,0,48,967.8794,931.0999828,933.589549106308,0.011,CH-oop
143,C48H22,0,48,976.1201,939.0275362,940.128062674767,0.0045,CH-oop
143,C48H22,0,48,979.5452,942.3224824,943.272519865724,3.4839,CH-oop
143,C48H22,0,48,1011.5974,973.1566988,974.027870642242,0.7822,ring / CH-ip
143,C48H22,0,48,1026.2172,987.2209464,988.033764415594,0.0073,ring / CH-ip
143,C48H22,0,48,1039.9112,1000.3945744,1002.73439006898,1.925,ring / CH-ip
143,C48H22,0,48,1044.0241,1004.3511842,1006.6481138168,0.0826,ring / CH-ip
143,C48H22,0,48,1057.0801,1016.9110562,1019.25531295026,0.6301,ring / CH-ip
143,C48H22,0,48,1078.4991,1037.5161342,1038.78080031489,2.7951,ring / CH-ip
143,C48H22,0,48,1092.2211,1050.7166982,1051.52158964938,0.6411,ring / CH-ip
143,C48H22,0,48,1106.0477,1064.0178874,1064.77701793204,0.7626,ring / CH-ip
143,C48H22,0,48,1108.8436,1066.7075432,1067.37579687663,4.1762,ring / CH-ip
143,C48H22,0,48,1109.4982,1067.3372684,1067.73118959794,5.6567,ring / CH-ip
143,C48H22,0,48,1112.2546,1069.9889252,1070.63953471379,2.6764,ring / CH-ip
143,C48H22,0,48,1149.0717,1105.4069754,1105.85819903839,2.7016,CH-ip-bend
143,C48H22,0,48,1156.9854,1113.0199548,1113.52672670891,0.0416,CH-ip-bend
143,C48H22,0,48,1163.7916,1119.5675192,1119.77260469361,0.1429,CH-ip-bend
143,C48H22,0,48,1164.9575,1120.689115,1120.81330846983,1.3349,CH-ip-bend
143,C48H22,0,48,1176.3853,1131.6826586,1131.95976051959,2.5534,CH-ip-bend
143,C48H22,0,48,1176.9003,1132.1780886,1132.81457622796,0.9577,CH-ip-bend
143,C48H22,0,48,1190.8491,1145.5968342,1145.76222891653,0.4012,CH-ip-bend
143,C48H22,0,48,1233.9708,1187.0799096,1186.73045697938,0.8265,CH-ip-bend
143,C48H22,0,48,1235.7339,1188.7760118,1188.40793294458,0.2265,CH-ip-bend
143,C48H22,0,48,1240.2923,1193.1611926,1192.7380721043,0.2147,CH-ip-bend
143,C48H22,0,48,1245.1244,1197.8096728,1197.26898988818,3.2899,CH-ip-bend
143,C48H22,0,48,1246.1609,1198.8067858,1198.30302742885,1.5701,CH-ip-bend
143,C48H22,0,48,1257.9412,1210.1394344,1209.77112996232,2.1819,CH-ip-bend
143,C48H22,0,48,1261.3925,1213.459585,1213.54564333139,0.006,CH-ip-bend
143,C48H22,0,48,1276.6449,1228.1323938,1227.60162151076,0.1153,CH-ip-bend
143,C48H22,0,48,1286.9147,1238.0119414,1237.4636433352,0.0856,CH-ip-bend
143,C48H22,0,48,1299.6419,1250.2555078,1249.85090960721,0.2334,CH-ip-bend
143,C48H22,0,48,1303.7526,1254.2100012,1253.88734205405,1.1056,CC-stretch/CH-ip
143,C48H22,0,48,1310.2387,1260.4496294,1260.06219313904,0.7569,CC-stretch/CH-ip
143,C48H22,0,48,1312.564,1262.686568,1262.25676843775,4.9758,CC-stretch/CH-ip
143,C48H22,0,48,1321.9926,1271.7568812,1270.88256587599,6.9506,CC-stretch/CH-ip
143,C48H22,0,48,1335.6676,1284.9122312,1284.42690296727,1.1372,CC-stretch/CH-ip
143,C48H22,0,48,1337.9077,1287.0672074,1286.31304959015,0.3988,CC-stretch/CH-ip
143,C48H22,0,48,1341.8218,1290.8325716,1290.26289403761,1.4663,CC-stretch/CH-ip
143,C48H22,0,48,1348.1264,1296.8975968,1296.61683154905,1.3743,CC-stretch/CH-ip
143,C48H22,0,48,1361.8899,1310.1380838,1310.54543866501,0.7523,CC-stretch/CH-ip
143,C48H22,0,48,1366.0844,1314.1731928,1313.70468639972,0.4493,CC-stretch/CH-ip
143,C48H22,0,48,1371.4411,1319.3263382,1319.00849689034,1.0856,CC-stretch/CH-ip
143,C48H22,0,48,1379.747,1327.316614,1327.22610069904,0.0858,CC-stretch/CH-ip
143,C48H22,0,48,1380.8679,1328.3949198,1328.61980591023,1.5659,CC-stretch/CH-ip
143,C48H22,0,48,1382.0481,1329.5302722,1329.25124787474,0.2621,CC-stretch/CH-ip
143,C48H22,0,48,1389.061,1336.276682,1335.23009772251,2.926,CC-stretch/CH-ip
143,C48H22,0,48,1392.2045,1339.300729,1338.8264125862,2.8499,CC-stretch/CH-ip
143,C48H22,0,48,1399.912,1346.715344,1346.35305263872,1.4068,CC-stretch/CH-ip
143,C48H22,0,48,1407.6234,1354.1337108,1353.88297440028,1.6471,CC-stretch/CH-ip
143,C48H22,0,48,1419.1845,1365.255489,1365.00872864291,0.1663,CC-stretch/CH-ip
143,C48H22,0,48,1425.0562,1370.9040644,1369.6666263314,14.7968,CC-stretch/CH-ip
143,C48H22,0,48,1435.5796,1381.0275752,1380.60668618381,0.6995,CC-stretch/CH-ip
143,C48H22,0,48,1440.7195,1385.972159,1385.14393566594,10.3893,CC-stretch/CH-ip
143,C48H22,0,48,1450.9271,1395.7918702,1394.3853164699,8.2636,CC-stretch/CH-ip
143,C48H22,0,48,1462.4761,1406.9020082,1402.78488180912,76.6627,CC-stretch/CH-ip
143,C48H22,0,48,1471.4856,1415.5691472,1414.3571373561,3.6785,CC-stretch/CH-ip
143,C48H22,0,48,1484.0987,1427.7029494,1426.55185725974,1.069,CC-stretch/CH-ip
143,C48H22,0,48,1502.5171,1445.4214502,1443.53024059946,12.3178,CC-stretch/CH-ip
143,C48H22,0,48,1509.0327,1451.6894574,1450.28094031911,3.3337,CC-stretch/CH-ip
143,C48H22,0,48,1516.012,1458.403544,1456.32217750021,11.5241,CC-stretch/CH-ip
143,C48H22,0,48,1526.8531,1468.8326822,1467.38324086381,1.3253,CC-stretch/CH-ip
143,C48H22,0,48,1530.7929,1472.6227698,1470.79183968069,6.9215,CC-stretch/CH-ip
143,C48H22,0,48,1531.1807,1472.9958334,1471.2905652569,0.3996,CC-stretch/CH-ip
143,C48H22,0,48,1548.2149,1489.3827338,1487.04691185322,16.7544,CC-stretch/CH-ip
143,C48H22,0,48,1548.97,1490.10914,1488.36674313805,0.1441,CC-stretch/CH-ip
143,C48H22,0,48,1557.7312,1498.5374144,1496.82868950947,3.9678,CC-stretch/CH-ip
143,C48H22,0,48,1564.5545,1505.101429,1503.15294700637,7.6831,CC-stretch
143,C48H22,0,48,1584.9603,1524.7318086,1522.28050135099,23.4493,CC-stretch
143,C48H22,0,48,1593.7955,1533.231271,1531.53423141269,0.417,CC-stretch
143,C48H22,0,48,1600.108,1539.303896,1537.18429845028,9.6407,CC-stretch
143,C48H22,0,48,1618.3659,1556.8679958,1555.59702429404,0.8347,CC-stretch
143,C48H22,0,48,1630.7023,1568.7356126,1567.12599913531,0.0022,CC-stretch
143,C48H22,0,48,1632.8451,1570.7969862,1569.44845319282,0.0201,CC-stretch
143,C48H22,0,48,1637.158,1574.945996,1573.9257773247,1.064,CC-stretch
143,C48H22,0,48,1644.9689,1582.4600818,1581.49264441298,1.5903,CC-stretch
143,C48H22,0,48,1645.9538,1583.4075556,1581.92647407224,1.1859,CC-stretch
143,C48H22,0,48,3188.0931,3066.9455622,3055.88239364726,0.0017,CH-stretch
143,C48H22,0,48,3188.1168,3066.9683616,3055.85582442973,1.3527,CH-stretch
143,C48H22,0,48,3188.4034,3067.2440708,3056.12691710117,1.4371,CH-stretch
143,C48H22,0,48,3192.7262,3071.4026044,3059.79914305264,14.1684,CH-stretch
143,C48H22,0,48,3192.9585,3071.626077,3059.20344813251,36.6162,CH-stretch
143,C48H22,0,48,3204.3167,3082.5526654,3070.24402886536,31.8505,CH-stretch
143,C48H22,0,48,3204.4446,3082.6757052,3068.59737046191,80.388,CH-stretch
143,C48H22,0,48,3204.8548,3083.0703176,3071.60606127015,8.6001,CH-stretch
143,C48H22,0,48,3215.9485,3093.742457,3082.4562565523,2.0349,CH-stretch
143,C48H22,0,48,3222.4441,3099.9912242,3088.4391582043,8.4284,CH-stretch
143,C48H22,0,48,3223.0551,3100.5790062,3089.33083455213,0.0029,CH-stretch
143,C48H22,0,48,3225.6345,3103.060389,3090.69627858122,30.2377,CH-stretch
143,C48H22,0,48,3227.6876,3105.0354712,3092.8211137275,25.8391,CH-stretch
143,C48H22,0,48,3229.572,3106.848264,3094.90279987895,18.2141,CH-stretch
143,C48H22,0,48,3230.5027,3107.7435974,3096.37048134602,2.3252,CH-stretch
143,C48H22,0,48,3232.9851,3110.1316662,3098.82511045225,0.1488,CH-stretch
143,C48H22,0,48,3241.54,3118.36148,3106.46099653081,15.0865,CH-stretch
143,C48H22,0,48,3244.4337,3121.1452194,3109.62160322367,4.3463,CH-stretch
143,C48H22,0,48,3245.5131,3122.1836022,3107.99952144682,77.2043,CH-stretch
143,C48H22,0,48,3250.9613,3127.4247706,3113.5381222016,68.2287,CH-stretch
143,C48H22,0,48,3280.2856,3155.6347472,3143.51597206026,15.3112,CH-stretch
143,C48H22,0,48,3280.6889,3156.0227218,3143.53996358782,25.2362,CH-stretch
330,C10H8,0,10,178.1374,171.3681788,177.365212151149,1.9415,low / skeletal
330,C10H8,0,10,376.2778,361.9792436,366.846328214011,1.2505,low / skeletal
330,C10H8,0,10,499.8843,480.8886966,483.940958195511,16.1297,low / skeletal
330,C10H8,0,10,659.6598,634.5927276,638.382104918721,3.1684,low / skeletal
330,C10H8,0,10,822.3094,791.0616428,786.673277025804,111.3094,CH-oop
330,C10H8,0,10,832.0867,800.4674054,803.263306979118,0.2435,CH-oop
330,C10H8,0,10,1004.5559,966.3827758,967.0917390902,4.186,ring / CH-ip
330,C10H8,0,10,1053.6872,1013.6470864,1014.42435080564,4.098,ring / CH-ip
330,C10H8,0,10,1181.0202,1136.1414324,1136.04061323029,3.1808,CH-ip-bend
330,C10H8,0,10,1220.6367,1174.2525054,1173.90998558387,1.2361,CH-ip-bend
330,C10H8,0,10,1261.4896,1213.5529952,1213.16373263033,1.1926,CH-ip-bend
330,C10H8,0,10,1325.4949,1275.1260938,1273.96023543168,8.1864,CC-stretch/CH-ip
330,C10H8,0,10,1417.5433,1363.6766546,1362.83092954038,1.5251,CC-stretch/CH-ip
330,C10H8,0,10,1460.6348,1405.1306776,1403.41666119763,3.1704,CC-stretch/CH-ip
330,C10H8,0,10,1573.6014,1513.8045468,1511.53613839614,9.0886,CC-stretch
330,C10H8,0,10,3177.0681,3056.3395122,3044.80605655337,9.3097,CH-stretch
330,C10H8,0,10,3179.0131,3058.2106022,3047.1249466109,1.2787,CH-stretch
330,C10H8,0,10,3197.0904,3075.6009648,3060.05206987846,78.0755,CH-stretch
330,C10H8,0,10,3211.8507,3089.8003734,3074.55433882543,71.3892,CH-stretch
360,C16H10+,1,16,104.204,100.244248,106.825595912974,1.4622,low / skeletal
360,C16H10+,1,16,205.0858,197.2925396,202.831480886964,13.4108,low / skeletal
360,C16H10+,1,16,364.0077,350.1754074,355.318773050877,0.7293,low / skeletal
360,C16H10+,1,16,484.6949,466.2764938,470.478278329275,0.8096,low / skeletal
360,C16H10+,1,16,520.0235,500.262607,504.492127823332,5.6727,low / skeletal
360,C16H10+,1,16,559.5918,538.3273116,542.938663072677,0.4493,low / skeletal
360,C16H10+,1,16,713.1477,686.0480874,689.570149137545,9.5456,CH-oop
360,C16H10+,1,16,714.5115,687.360063,688.672932751609,49.2051,CH-oop
360,C16H10+,1,16,801.122,770.679364,772.592889649156,4.4614,CH-oop
360,C16H10+,1,16,853.3149,820.8889338,823.37567391415,3.4101,CH-oop
360,C16H10+,1,16,900.8939,866.6599318,864.734811713261,116.7404,CH-oop
360,C16H10+,1,16,1008.2956,969.9803672,971.263097831629,11.9264,ring / CH-ip
360,C16H10+,1,16,1028.6527,989.5638974,991.151331278167,19.4511,ring / CH-ip
360,C16H10+,1,16,1049.9921,1010.0924002,1010.79141918695,0.0305,ring / CH-ip
360,C16H10+,1,16,1145.9041,1102.3597442,1102.32688392633,9.647,CH-ip-bend
360,C16H10+,1,16,1205.7215,1159.904083,1159.77386901993,0.4187,CH-ip-bend
360,C16H10+,1,16,1248.8498,1201.3935076,1200.83485684788,4.0636,CH-ip-bend
360,C16H10+,1,16,1267.0372,1218.8897864,1218.01673347836,18.0162,CH-ip-bend
360,C16H10+,1,16,1304.8522,1255.2678164,1252.10425842635,85.2931,CC-stretch/CH-ip
360,C16H10+,1,16,1397.6194,1344.5098628,1340.77398563457,140.4691,CC-stretch/CH-ip
360,C16H10+,1,16,1473.4699,1417.4780438,1415.94935694357,20.8487,CC-stretch/CH-ip
360,C16H10+,1,16,1495.4622,1438.6346364,1436.32025674075,33.135,CC-stretch/CH-ip
360,C16H10+,1,16,1499.3678,1442.3918236,1440.61869291518,3.3029,CC-stretch/CH-ip
360,C16H10+,1,16,1535.1415,1476.806123,1475.28528585724,0.1086,CC-stretch/CH-ip
360,C16H10+,1,16,1599.3733,1538.5971146,1531.11242026724,201.5146,CC-stretch
360,C16H10+,1,16,1604.9376,1543.9499712,1541.72467441085,17.4933,CC-stretch
360,C16H10+,1,16,3208.0774,3086.1704588,3074.9971631263,0.1282,CH-stretch
360,C16H10+,1,16,3210.6911,3088.6848382,3077.49995291622,0.0498,CH-stretch
360,C16H10+,1,16,3213.611,3091.493782,3080.25262932959,1.4442,CH-stretch
360,C16H10+,1,16,3224.0527,3101.5386974,3090.0870137213,6.6764,CH-stretch
360,C16H10+,1,16,3238.9744,3115.8933728,3104.43489419797,4.2266,CH-stretch
367,C20H12+,1,20,57.5311,55.3449182,62.1912106159446,0.0023,low / skeletal
367,C20H12+,1,20,127.0054,122.1791948,128.517827365341,6.3403,low / skeletal
367,C20H12+,1,20,222.2483,213.8028646,219.433440374005,2.9408,low / skeletal
367,C20H12+,1,20,256.6956,246.9411672,252.658500914249,4.0027,low / skeletal
367,C20H12+,1,20,271.9222,261.5891564,267.168073318819,0.5983,low / skeletal
367,C20H12+,1,20,350.2819,336.9711878,342.441949661005,0.2837,low / skeletal
367,C20H12+,1,20,396.6286,381.5567132,386.867554638851,0.4403,low / skeletal
367,C20H12+,1,20,413.2805,397.575841,402.854377379793,2.1194,low / skeletal
367,C20H12+,1,20,439.1806,422.4917372,426.92432059644,0.0029,low / skeletal
367,C20H12+,1,20,468.6863,450.8762206,455.897245165085,1.2019,low / skeletal
367,C20H12+,1,20,488.6149,470.0475338,474.212899605153,1.0592,low / skeletal
367,C20H12+,1,20,524.4029,504.4755898,508.751520171313,1.9508,low / skeletal
367,C20H12+,1,20,573.545,551.75029,556.264093610306,0.9422,low / skeletal
367,C20H12+,1,20,584.7929,562.5707698,566.58027708135,0.4808,low / skeletal
367,C20H12+,1,20,590.6717,568.2261754,571.575656376431,9.2423,low / skeletal
367,C20H12+,1,20,639.6714,615.3638868,619.678909742509,1.3868,low / skeletal
367,C20H12+,1,20,672.186,646.642932,650.044525495911,14.7296,CH-oop
367,C20H12+,1,20,708.3063,681.3906606,683.387076228293,23.0854,CH-oop
367,C20H12+,1,20,734.477,706.566874,709.588005098085,16.0737,CH-oop
367,C20H12+,1,20,790.4215,760.385483,759.037776031794,102.6725,CH-oop
367,C20H12+,1,20,794.6447,764.4482014,766.826868239136,21.5892,CH-oop
367,C20H12+,1,20,810.5271,779.7270702,782.481138503008,7.2543,CH-oop
367,C20H12+,1,20,820.9559,789.7595758,791.754989533469,0.185,CH-oop
367,C20H12+,1,20,884.3153,850.7113186,850.296838070319,61.5287,CH-oop
367,C20H12+,1,20,906.5532,872.1041784,873.974120364532,22.9459,CH-oop
367,C20H12+,1,20,967.2829,930.5261498,931.493885515738,6.1858,CH-oop
367,C20H12+,1,20,986.7128,949.2177136,950.875089393396,13.7357,ring / CH-ip
367,C20H12+,1,20,1006.6546,968.4017252,969.321191829684,0.2499,ring / CH-ip
367,C20H12+,1,20,1030.2617,991.1117554,992.148038468087,30.9754,ring / CH-ip
367,C20H12+,1,20,1043.8751,1004.2078462,1004.93810240422,0.0018,ring / CH-ip
367,C20H12+,1,20,1073.7525,1032.949905,1033.83593313623,4.3389,ring / CH-ip
367,C20H12+,1,20,1098.9213,1057.1622906,1057.83807809824,1.403,ring / CH-ip
367,C20H12+,1,20,1120.96,1078.36352,1079.07976094373,6.098,ring / CH-ip
367,C20H12+,1,20,1135.5979,1092.4451798,1092.84345737922,2.0784,ring / CH-ip
367,C20H12+,1,20,1161.8128,1117.6639136,1117.50095858801,9.3759,CH-ip-bend
367,C20H12+,1,20,1208.4918,1162.5691116,1162.20780314706,6.0816,CH-ip-bend
367,C20H12+,1,20,1213.3265,1167.220093,1167.00366286863,0.268,CH-ip-bend
367,C20H12+,1,20,1243.2,1195.9584,1195.30759424318,6.3136,CH-ip-bend
367,C20H12+,1,20,1259.2926,1211.4394812,1208.09730341875,87.4833,CH-ip-bend
367,C20H12+,1,20,1263.5489,1215.5340418,1214.49629896231,15.6985,CH-ip-bend
367,C20H12+,1,20,1281.3896,1232.6967952,1232.191514551,5.4226,CH-ip-bend
367,C20H12+,1,20,1283.5226,1234.7487412,1234.32242423521,0.3945,CH-ip-bend
367,C20H12+,1,20,1309.4191,1259.6611742,1259.2330378993,1.2996,CC-stretch/CH-ip
367,C20H12+,1,20,1324.0873,1273.7719826,1271.44473608607,48.9259,CC-stretch/CH-ip
367,C20H12+,1,20,1358.9891,1307.3475142,1303.94648997066,91.9358,CC-stretch/CH-ip
367,C20H12+,1,20,1370.3326,1318.2599612,1312.46157218774,181.6349,CC-stretch/CH-ip
367,C20H12+,1,20,1386.3725,1333.690345,1331.04134867667,73.5838,CC-stretch/CH-ip
367,C20H12+,1,20,1400.6912,1347.4649344,1346.28750746301,8.0986,CC-stretch/CH-ip
367,C20H12+,1,20,1405.9205,1352.495521,1351.05151118141,50.2992,CC-stretch/CH-ip
367,C20H12+,1,20,1450.8994,1395.7652228,1393.56353429151,53.9186,CC-stretch/CH-ip
367,C20H12+,1,20,1469.8787,1414.0233094,1411.21479580286,42.0623,CC-stretch/CH-ip
367,C20H12+,1,20,1498.3136,1441.3776832,1438.37471454624,43.3724,CC-stretch/CH-ip
367,C20H12+,1,20,1502.7335,1445.629627,1443.88261158238,1.3987,CC-stretch/CH-ip
367,C20H12+,1,20,1503.0917,1445.9742154,1444.4011092415,0.5756,CC-stretch/CH-ip
367,C20H12+,1,20,1543.6771,1485.0173702,1483.31657548297,3.5456,CC-stretch/CH-ip
367,C20H12+,1,20,1554.3218,1495.2575716,1493.37421629838,9.7697,CC-stretch/CH-ip
367,C20H12+,1,20,1557.3267,1498.1482854,1496.06482275296,9.9736,CC-stretch/CH-ip
367,C20H12+,1,20,1569.4262,1509.7880044,1507.72844128252,13.3808,CC-stretch
367,C20H12+,1,20,1598.85,1538.0937,1532.7927196664,109.3394,CC-stretch
367,C20H12+,1,20,1605.9372,1544.9115864,1539.19725865526,119.3912,CC-stretch
367,C20H12+,1,20,1609.8219,1548.6486678,1546.55118853621,15.3847,CC-stretch
367,C20H12+,1,20,3207.1433,3085.2718546,3074.1072382537,0.0026,CH-stretch
367,C20H12+,1,20,3211.9873,3089.9317826,3078.72360815843,0.539,CH-stretch
367,C20H12+,1,20,3212.3999,3090.3287038,3079.13124791638,0.148,CH-stretch
367,C20H12+,1,20,3215.3011,3093.1196582,3081.89976199169,0.3309,CH-stretch
367,C20H12+,1,20,3223.6337,3101.1356194,3089.70675609054,5.3406,CH-stretch
367,C20H12+,1,20,3225.9617,3103.3751554,3091.96649091242,4.2752,CH-stretch
367,C20H12+,1,20,3230.649,3107.884338,3096.39495532893,5.9613,CH-stretch
367,C20H12+,1,20,3232.2189,3109.3945818,3098.0939142966,0.1026,CH-stretch
367,C20H12+,1,20,3240.4803,3117.3420486,3105.99998149955,0.0388,CH-stretch
367,C20H12+,1,20,3243.5638,3120.3083756,3108.73088240297,6.5949,CH-stretch
367,C20H12+,1,20,3258.7884,3134.9544408,3123.07968321165,12.8852,CH-stretch
367,C20H12+,1,20,3260.2108,3136.3227896,3124.61599665092,7.667,CH-stretch
283,C18H12+,1,18,54.9341,52.8466042,59.9094497903363,1.0488,low / skeletal
283,C18H12+,1,18,166.3714,160.0492868,166.391863103818,0.5962,low / skeletal
283,C18H12+,1,18,265.7512,255.6526544,261.46797017606,1.686,low / skeletal
283,C18H12+,1,18,455.7334,438.4155308,442.422074733481,27.9322,low / skeletal
283,C18H12+,1,18,459.8029,442.3303898,446.91103302182,0.0945,low / skeletal
283,C18H12+,1,18,473.606,455.608972,459.855382183512,6.9657,low / skeletal
283,C18H12+,1,18,575.884,554.000408,558.522018643002,0.5609,low / skeletal
283,C18H12+,1,18,641.6356,617.2534472,621.269868583137,0.5499,low / skeletal
283,C18H12+,1,18,657.7372,632.7431864,636.824184248284,0.1194,low / skeletal
283,C18H12+,1,18,776.3979,746.8947798,749.829511121221,3.3883,CH-oop
283,C18H12+,1,18,790.9804,760.9231448,762.32394206562,101.472,CH-oop
283,C18H12+,1,18,973.564,936.568568,937.333661115916,56.7782,CH-oop
283,C18H12+,1,18,975.3792,938.3147904,940.278266263373,0.9004,CH-oop
283,C18H12+,1,18,1024.4527,985.5234974,986.282217238137,12.4661,ring / CH-ip
283,C18H12+,1,18,1062.3652,1021.9953224,1022.86480780795,1.9168,ring / CH-ip
283,C18H12+,1,18,1171.3706,1126.8585172,1127.02754052786,0.8343,CH-ip-bend
283,C18H12+,1,18,1231.8805,1185.069041,1184.57566756041,22.5597,CH-ip-bend
283,C18H12+,1,18,1240.7877,1193.6377674,1192.30164157116,141.398,CH-ip-bend
283,C18H12+,1,18,1267.8464,1219.6682368,1219.29991715173,0.0071,CH-ip-bend
283,C18H12+,1,18,1335.3274,1284.5849588,1284.14882551821,17.3639,CC-stretch/CH-ip
283,C18H12+,1,18,1344.7795,1293.677879,1292.91330210337,26.7256,CC-stretch/CH-ip
283,C18H12+,1,18,1350.6821,1299.3561802,1298.45059589524,6.4021,CC-stretch/CH-ip
283,C18H12+,1,18,1407.8352,1354.3374624,1350.27240137605,662.7927,CC-stretch/CH-ip
283,C18H12+,1,18,1452.5447,1397.3480014,1395.22887316393,187.9978,CC-stretch/CH-ip
283,C18H12+,1,18,1471.1907,1415.2854534,1413.66289725603,7.4484,CC-stretch/CH-ip
283,C18H12+,1,18,1543.0702,1484.4335324,1480.95928055233,248.4561,CC-stretch/CH-ip
283,C18H12+,1,18,1585.1979,1524.9603798,1522.13439464874,197.6749,CC-stretch
283,C18H12+,1,18,1594.97,1534.36114,1532.71003458334,8.4806,CC-stretch
283,C18H12+,1,18,1649.1831,1586.5141422,1584.72767378475,40.5759,CC-stretch
283,C18H12+,1,18,3196.9443,3075.4604166,3064.347239222,0.7961,CH-stretch
283,C18H12+,1,18,3197.4485,3075.945457,3064.82168284784,1.8857,CH-stretch
283,C18H12+,1,18,3206.2078,3084.3719036,3073.20087892829,1.7198,CH-stretch
283,C18H12+,1,18,3208.9575,3087.017115,3075.82270000442,3.0507,CH-stretch
283,C18H12+,1,18,3224.0163,3101.5036806,3090.19478406427,8.2391,CH-stretch
283,C18H12+,1,18,3236.7793,3113.7816866,3102.28680178957,25.9175,CH-stretch
293,C17H11N,0,17,52.6104,50.6112048,57.5121707101735,0.3416,low / skeletal
293,C17H11N,0,17,80.1736,77.1270032,83.8056529673377,0.3168,low / skeletal
293,C17H11N,0,17,138.3073,133.0516226,139.19490611374,0.7938,low / skeletal
293,C17H11N,0,17,184.5148,177.5032376,183.701135839136,0.0102,low / skeletal
293,C17H11N,0,17,194.232,186.851184,193.019283730475,0.5143,low / skeletal
293,C17H11N,0,17,243.978,234.706836,239.597364180769,7.1349,low / skeletal
293,C17H11N,0,17,301.6968,290.2323216,295.689215978999,0.0003,low / skeletal
293,C17H11N,0,17,301.9783,290.5031246,296.400613801582,0.0392,low / skeletal
293,C17H11N,0,17,397.4236,382.3215032,387.40215405408,1.1691,low / skeletal
293,C17H11N,0,17,405.9552,390.5289024,395.028294387003,1.722,low / skeletal
293,C17H11N,0,17,454.1197,436.8631514,441.049647744686,2.0205,low / skeletal
293,C17H11N,0,17,498.156,479.226072,483.306967677797,1.7307,low / skeletal
293,C17H11N,0,17,498.7726,479.8192412,483.034393385136,12.578,low / skeletal
293,C17H11N,0,17,508.0607,488.7543934,493.254551566165,1.7427,low / skeletal
293,C17H11N,0,17,537.9566,517.5142492,521.346880848625,0.0976,low / skeletal
293,C17H11N,0,17,571.4726,549.7566412,553.664522515872,3.6597,low / skeletal
293,C17H11N,0,17,585.0951,562.8614862,566.550519376157,0.0531,low / skeletal
293,C17H11N,0,17,595.8467,573.2045254,577.664531949351,1.0813,low / skeletal
293,C17H11N,0,17,602.2529,579.3672898,583.876460859907,0.6326,low / skeletal
293,C17H11N,0,17,609.5014,586.3403468,589.188270713459,5.6838,low / skeletal
293,C17H11N,0,17,701.0436,674.4039432,677.988981555519,3.07,CH-oop
293,C17H11N,0,17,712.3212,685.2529944,688.036515393877,1.4264,CH-oop
293,C17H11N,0,17,714.8885,687.722737,690.859818865267,4.1783,CH-oop
293,C17H11N,0,17,774.144,744.726528,746.702665130574,3.0917,CH-oop
293,C17H11N,0,17,784.2446,754.4433052,754.478279028982,20.6849,CH-oop
293,C17H11N,0,17,809.4973,778.7364026,781.819834093929,0.2108,CH-oop
293,C17H11N,0,17,817.3886,786.3278332,785.460299752255,28.0154,CH-oop
293,C17H11N,0,17,836.4652,804.6795224,800.082903824956,62.6271,CH-oop
293,C17H11N,0,17,873.6827,840.4827574,840.956549010367,12.8419,CH-oop
293,C17H11N,0,17,884.7119,851.0928478,850.815905531662,21.8507,CH-oop
293,C17H11N,0,17,893.2849,859.3400738,861.605699048481,2.2087,CH-oop
293,C17H11N,0,17,905.5153,871.1057186,872.211621829423,4.4384,CH-oop
293,C17H11N,0,17,914.234,879.493108,881.412952153109,1.1604,CH-oop
293,C17H11N,0,17,920.9885,885.990937,887.779318637251,5.4227,CH-oop
293,C17H11N,0,17,981.2843,943.9954966,945.072634151593,0.0081,CH-oop
293,C17H11N,0,17,986.754,949.257348,950.100294860942,1.8673,ring / CH-ip
293,C17H11N,0,17,1006.3111,968.0712782,968.902917710378,0.9455,ring / CH-ip
293,C17H11N,0,17,1024.3589,985.4332618,986.262825872126,0.017,ring / CH-ip
293,C17H11N,0,17,1031.2405,992.053361,992.805124847738,0.4433,ring / CH-ip
293,C17H11N,0,17,1033.5658,994.2902996,995.044809214965,0.1738,ring / CH-ip
293,C17H11N,0,17,1047.5326,1007.7263612,1009.35150481607,1.4717,ring / CH-ip
293,C17H11N,0,17,1076.9988,1036.0728456,1036.60617522331,2.3584,ring / CH-ip
293,C17H11N,0,17,1096.4781,1054.8119322,1055.05791294,4.5902,ring / CH-ip
293,C17H11N,0,17,1116.5153,1074.0877186,1074.49130855197,3.8813,ring / CH-ip
293,C17H11N,0,17,1189.7437,1144.5334394,1144.31632617796,1.8772,CH-ip-bend
293,C17H11N,0,17,1202.9449,1157.2329938,1156.97152165089,0.9939,CH-ip-bend
293,C17H11N,0,17,1224.0514,1177.5374468,1177.18571157251,1.0186,CH-ip-bend
293,C17H11N,0,17,1228.9951,1182.2932862,1181.97657780667,0.3415,CH-ip-bend
293,C17H11N,0,17,1243.6948,1196.4343976,1195.98244888726,1.4604,CH-ip-bend
293,C17H11N,0,17,1281.2729,1232.5845298,1232.26769230974,0.3322,CH-ip-bend
293,C17H11N,0,17,1291.5168,1242.4391616,1241.5277265634,3.4475,CH-ip-bend
293,C17H11N,0,17,1302.0098,1252.5334276,1251.71960418087,2.4709,CC-stretch/CH-ip
293,C17H11N,0,17,1314.6721,1264.7145602,1262.89409954987,11.1366,CC-stretch/CH-ip
293,C17H11N,0,17,1350.1056,1298.8015872,1297.66206200063,3.8306,CC-stretch/CH-ip
293,C17H11N,0,17,1370.6334,1318.5493308,1317.86238081692,2.5541,CC-stretch/CH-ip
293,C17H11N,0,17,1393.1553,1340.2153986,1339.6003913972,2.6498,CC-stretch/CH-ip
293,C17H11N,0,17,1411.0278,1357.4087436,1355.81181507539,9.4986,CC-stretch/CH-ip
293,C17H11N,0,17,1414.1989,1360.4593418,1359.93628468593,0.2432,CC-stretch/CH-ip
293,C17H11N,0,17,1461.3343,1405.8035966,1402.96530459463,14.451,CC-stretch/CH-ip
293,C17H11N,0,17,1481.109,1424.826858,1422.59567160336,7.204,CC-stretch/CH-ip
293,C17H11N,0,17,1497.7803,1440.8646486,1438.83550044728,3.8303,CC-stretch/CH-ip
293,C17H11N,0,17,1513.8612,1456.3344744,1454.6081786942,0.3642,CC-stretch/CH-ip
293,C17H11N,0,17,1543.3462,1484.6990444,1479.91279339059,30.2489,CC-stretch/CH-ip
293,C17H11N,0,17,1570.6608,1510.9756896,1508.30799012179,9.3545,CC-stretch
293,C17H11N,0,17,1584.7123,1524.4932326,1522.55344241941,1.4981,CC-stretch
293,C17H11N,0,17,1613.71,1552.38902,1551.18333366672,4.3161,CC-stretch
293,C17H11N,0,17,1636.7692,1574.5719704,1572.0207420841,10.7015,CC-stretch
293,C17H11N,0,17,3179.5681,3058.7445122,3047.67108624581,0.5484,CH-stretch
293,C17H11N,0,17,3183.2607,3062.2967934,3048.89990441547,22.7732,CH-stretch
293,C17H11N,0,17,3184.0131,3063.0206022,3050.15684593099,17.5854,CH-stretch
293,C17H11N,0,17,3192.0171,3070.7204502,3057.96068143804,16.1703,CH-stretch
293,C17H11N,0,17,3206.753,3084.896386,3070.84009928771,27.9147,CH-stretch
293,C17H11N,0,17,3208.8571,3086.9205302,3072.80865889697,28.354,CH-stretch
293,C17H11N,0,17,3215.1156,3092.9412072,3080.44399010161,12.4529,CH-stretch
293,C17H11N,0,17,3220.2637,3097.8936794,3085.73592633181,8.9293,CH-stretch
293,C17H11N,0,17,3226.2619,3103.6639478,3091.86878418351,5.116,CH-stretch
293,C17H11N,0,17,3234.3173,3111.4132426,3096.16059923546,38.0296,CH-stretch
293,C17H11N,0,17,3240.8361,3117.6843282,3103.55393619882,26.8685,CH-stretch
294,C17H11N+,1,17,42.857,41.228434,48.1470874025797,0.4182,low / skeletal
294,C17H11N+,1,17,74.5343,71.7019966,78.5156034630593,0.0174,low / skeletal
294,C17H11N+,1,17,131.4393,126.4446066,132.704904938159,0.7156,low / skeletal
294,C17H11N+,1,17,176.8337,170.1140194,176.365614479184,0.0005,low / skeletal
294,C17H11N+,1,17,191.4675,184.191735,190.416045939498,0.6591,low / skeletal
294,C17H11N+,1,17,229.6549,220.9280138,226.433246333598,12.3884,low / skeletal
294,C17H11N+,1,17,295.7142,284.4770604,290.408944814439,0.9781,low / skeletal
294,C17H11N+,1,17,295.9622,284.7156364,290.125862027005,0.355,low / skeletal
294,C17H11N+,1,17,389.2801,374.4874562,379.708341065272,1.9414,low / skeletal
294,C17H11N+,1,17,389.9776,375.1584512,379.823309698129,2.071,low / skeletal
294,C17H11N+,1,17,436.4272,419.8429664,424.274211664364,1.6913,low / skeletal
294,C17H11N+,1,17,472.3166,454.3685692,458.625837353061,3.7072,low / skeletal
294,C17H11N+,1,17,492.3661,473.6561882,478.197576096901,2.5072,low / skeletal
294,C17H11N+,1,17,497.3474,478.4481988,483.20831863795,0.7679,low / skeletal
294,C17H11N+,1,17,511.6079,492.1667998,496.175001735209,0.5335,low / skeletal
294,C17H11N+,1,17,527.2704,507.2341248,510.943782068076,7.0261,low / skeletal
294,C17H11N+,1,17,567.4129,545.8512098,550.116791021758,3.4926,low / skeletal
294,C17H11N+,1,17,572.7446,550.9803052,554.775608767825,0.3568,low / skeletal
294,C17H11N+,1,17,579.6396,557.6132952,561.889082075456,16.8541,low / skeletal
294,C17H11N+,1,17,595.2872,572.6662864,577.024989542582,15.0106,low / skeletal
294,C17H11N+,1,17,698.4172,671.8773464,675.680462444352,5.9186,CH-oop
294,C17H11N+,1,17,708.256,681.342272,684.93313801434,2.029,CH-oop
294,C17H11N+,1,17,712.5911,685.5126382,688.422686426041,6.2727,CH-oop
294,C17H11N+,1,17,771.171,741.866502,744.334555555949,2.7259,CH-oop
294,C17H11N+,1,17,790.1838,760.1568156,761.590382816509,34.9819,CH-oop
294,C17H11N+,1,17,807.1012,776.4313544,779.536419326093,0.0588,CH-oop
294,C17H11N+,1,17,812.0868,781.2275016,783.012089261256,16.8092,CH-oop
294,C17H11N+,1,17,846.5483,814.3794646,815.250337544897,51.9919,CH-oop
294,C17H11N+,1,17,883.5763,850.0004006,851.6923670396,0.8034,CH-oop
294,C17H11N+,1,17,889.6754,855.8677348,858.03601854043,17.1399,CH-oop
294,C17H11N+,1,17,895.3784,861.3540208,862.167503676882,43.066,CH-oop
294,C17H11N+,1,17,909.7906,875.2185572,877.199729340601,3.7449,CH-oop
294,C17H11N+,1,17,918.3748,883.4765576,885.910499793068,5.0086,CH-oop
294,C17H11N+,1,17,926.371,891.168902,892.479865720391,5.7064,CH-oop
294,C17H11N+,1,17,993.7933,956.0291546,957.035637063387,0.0076,ring / CH-ip
294,C17H11N+,1,17,1007.6093,969.3201466,970.221597391079,1.6845,ring / CH-ip
294,C17H11N+,1,17,1026.3987,987.3955494,988.243612232667,0.2928,ring / CH-ip
294,C17H11N+,1,17,1037.3857,997.9650434,998.748030068046,0.0111,ring / CH-ip
294,C17H11N+,1,17,1042.3999,1002.7887038,1004.62210450524,5.645,ring / CH-ip
294,C17H11N+,1,17,1055.0626,1014.9702212,1015.6473327437,0.4746,ring / CH-ip
294,C17H11N+,1,17,1060.175,1019.88835,1020.5339763803,0.0554,ring / CH-ip
294,C17H11N+,1,17,1082.6529,1041.5120898,1041.45071202545,42.9774,ring / CH-ip
294,C17H11N+,1,17,1099.0024,1057.2403088,1057.39301686276,28.5844,ring / CH-ip
294,C17H11N+,1,17,1122.1471,1079.5055102,1080.18028746951,1.9576,ring / CH-ip
294,C17H11N+,1,17,1180.3004,1135.4489848,1134.64891116236,43.5836,CH-ip-bend
294,C17H11N+,1,17,1186.8158,1141.7167996,1141.66285302212,2.983,CH-ip-bend
294,C17H11N+,1,17,1200.996,1155.358152,1154.76574050443,24.7201,CH-ip-bend
294,C17H11N+,1,17,1240.32,1193.18784,1192.43013896726,18.4613,CH-ip-bend
294,C17H11N+,1,17,1273.1741,1224.7934842,1224.11831958575,19.8613,CH-ip-bend
294,C17H11N+,1,17,1284.3931,1235.5861622,1233.26954006046,112.0137,CH-ip-bend
294,C17H11N+,1,17,1291.5055,1242.428291,1240.8791630246,52.7375,CH-ip-bend
294,C17H11N+,1,17,1317.5203,1267.4545286,1266.60619981898,10.9578,CC-stretch/CH-ip
294,C17H11N+,1,17,1320.281,1270.110322,1269.07647873233,25.3119,CC-stretch/CH-ip
294,C17H11N+,1,17,1342.4297,1291.4173714,1290.23574085173,24.5014,CC-stretch/CH-ip
294,C17H11N+,1,17,1358.3699,1306.7518438,1304.74813540968,73.1561,CC-stretch/CH-ip
294,C17H11N+,1,17,1375.5377,1323.2672674,1323.06765063998,0.8872,CC-stretch/CH-ip
294,C17H11N+,1,17,1397.9883,1344.8647446,1340.62017222548,213.8187,CC-stretch/CH-ip
294,C17H11N+,1,17,1412.51,1358.83462,1357.39401354436,40.8831,CC-stretch/CH-ip
294,C17H11N+,1,17,1460.9436,1405.4277432,1404.08342127435,0.047,CC-stretch/CH-ip
294,C17H11N+,1,17,1481.5113,1425.2138706,1422.342963965,79.7238,CC-stretch/CH-ip
294,C17H11N+,1,17,1483.0434,1426.6877508,1425.21470479165,2.1774,CC-stretch/CH-ip
294,C17H11N+,1,17,1501.3029,1444.2533898,1442.28784526303,15.8428,CC-stretch/CH-ip
294,C17H11N+,1,17,1544.7072,1486.0083264,1478.67220477641,300.8381,CC-stretch/CH-ip
294,C17H11N+,1,17,1549.9963,1491.0964406,1489.27879570365,10.0269,CC-stretch/CH-ip
294,C17H11N+,1,17,1567.3726,1507.8124412,1503.61731419399,127.1415,CC-stretch
294,C17H11N+,1,17,1582.1006,1521.9807772,1518.88061985178,78.8876,CC-stretch
294,C17H11N+,1,17,1596.6739,1536.0002918,1532.2718646773,101.4845,CC-stretch
294,C17H11N+,1,17,1610.8444,1549.6323128,1548.0195867119,7.6799,CC-stretch
294,C17H11N+,1,17,1611.8304,1550.5808448,1546.06394012629,155.1835,CC-stretch
294,C17H11N+,1,17,1640.1404,1577.8150648,1576.31129090502,10.7652,CC-stretch
294,C17H11N+,1,17,3208.2978,3086.3824836,3075.2058203032,0.3613,CH-stretch
294,C17H11N+,1,17,3211.0961,3089.0744482,3077.85480540953,1.8187,CH-stretch
294,C17H11N+,1,17,3220.3647,3097.9908414,3086.72988681462,1.3495,CH-stretch
294,C17H11N+,1,17,3220.4849,3098.1064738,3086.79796672091,3.8225,CH-stretch
294,C17H11N+,1,17,3227.8275,3105.170055,3093.81339554129,4.3573,CH-stretch
294,C17H11N+,1,17,3231.1803,3108.3954486,3097.09571334526,0.3453,CH-stretch
294,C17H11N+,1,17,3237.1678,3114.1554236,3102.75727606794,3.9047,CH-stretch
294,C17H11N+,1,17,3241.0487,3117.8888494,3106.41455426631,6.9246,CH-stretch
294,C17H11N+,1,17,3242.7483,3119.5238646,3108.05875310945,5.9855,CH-stretch
294,C17H11N+,1,17,3249.8193,3126.3261666,3114.82523280802,5.714,CH-stretch
294,C17H11N+,1,17,3255.9859,3132.2584358,3120.77427150005,3.056,CH-stretch
546,C32H18+,1,32,14.0497,13.5158114,20.9339310458065,0.151,low / skeletal
546,C32H18+,1,32,65.4433,62.9564546,70.0032117647661,0.032,low / skeletal
546,C32H18+,1,32,82.9286,79.7773132,86.5651721989496,3.2157,low / skeletal
546,C32H18+,1,32,111.6189,107.3773818,114.162978025092,0.0528,low / skeletal
546,C32H18+,1,32,149.7351,144.0451662,150.307908781604,0.1387,low / skeletal
546,C32H18+,1,32,170.465,163.98733,170.464586834602,0.221,low / skeletal
546,C32H18+,1,32,225.9017,217.3174354,223.090411088503,0.0102,low / skeletal
546,C32H18+,1,32,229.1471,220.4395102,226.945181560322,0.0017,low / skeletal
546,C32H18+,1,32,289.4926,278.4918812,284.076863757871,0.7142,low / skeletal
546,C32H18+,1,32,325.4969,313.1280178,318.670274595116,0.7344,low / skeletal
546,C32H18+,1,32,330.7654,318.1963148,323.863555807521,18.6503,low / skeletal
546,C32H18+,1,32,334.5829,321.8687498,327.244510486237,2.8592,low / skeletal
546,C32H18+,1,32,348.3429,335.1058698,340.413561353565,0.0268,low / skeletal
546,C32H18+,1,32,418.0992,402.2114304,406.835903531924,0.0949,low / skeletal
546,C32H18+,1,32,422.5649,406.5074338,411.034951241532,3.406,low / skeletal
546,C32H18+,1,32,442.5846,425.7663852,431.119214342592,0.0669,low / skeletal
546,C32H18+,1,32,448.5598,431.5145276,436.29982503833,0.0503,low / skeletal
546,C32H18+,1,32,467.8733,450.0941146,454.280471202377,1.9371,low / skeletal
546,C32H18+,1,32,471.3724,453.4602488,457.694197063641,19.1469,low / skeletal
546,C32H18+,1,32,515.7459,496.1475558,500.249537614611,0.1683,low / skeletal
546,C32H18+,1,32,548.0217,527.1968754,531.00166889504,0.0036,low / skeletal
546,C32H18+,1,32,553.2198,532.1974476,536.095058339803,0.0021,low / skeletal
546,C32H18+,1,32,569.0087,547.3863694,551.984210047181,0.1521,low / skeletal
546,C32H18+,1,32,582.5462,560.4094444,566.19614825389,698.1,low / skeletal
546,C32H18+,1,32,587.0067,564.7004454,568.858886368212,0.2109,low / skeletal
546,C32H18+,1,32,611.3625,588.130725,592.506655146457,0.0239,low / skeletal
546,C32H18+,1,32,622.4807,598.8264334,602.555557067454,4.129,low / skeletal
546,C32H18+,1,32,659.7682,634.6970084,638.790266757349,20.7285,low / skeletal
546,C32H18+,1,32,675.3208,649.6586096,653.609330219806,0.0677,CH-oop
546,C32H18+,1,32,696.6513,670.1785506,674.106769859833,0.3494,CH-oop
546,C32H18+,1,32,711.5817,684.5415954,687.802495359643,0.0429,CH-oop
546,C32H18+,1,32,740.9799,712.8226638,715.47770279741,39.6662,CH-oop
546,C32H18+,1,32,774.4557,745.0263834,747.538871369941,0.2323,CH-oop
546,C32H18+,1,32,785.2683,755.4281046,757.550559252763,0.0286,CH-oop
546,C32H18+,1,32,786.0516,756.1816392,758.383244351496,49.8612,CH-oop
546,C32H18+,1,32,790.9513,760.8951506,764.013708404829,1.0042,CH-oop
546,C32H18+,1,32,797.9521,767.6299202,770.802682639807,21.4628,CH-oop
546,C32H18+,1,32,801.4068,770.9533416,773.134267893481,1.4483,CH-oop
546,C32H18+,1,32,834.0617,802.3673554,804.623625831353,57.2565,CH-oop
546,C32H18+,1,32,842.5459,810.5291558,812.748221376221,45.0577,CH-oop
546,C32H18+,1,32,854.9051,822.4187062,824.413529044747,0.0139,CH-oop
546,C32H18+,1,32,875.9481,842.6620722,845.18900816928,86.661,CH-oop
546,C32H18+,1,32,896.1299,862.0769638,863.653378385196,0.0093,CH-oop
546,C32H18+,1,32,930.4413,895.0845306,896.500539292211,2.8623,CH-oop
546,C32H18+,1,32,932.7467,897.3023254,898.799551009615,66.1581,CH-oop
546,C32H18+,1,32,947.2968,911.2995216,912.58057606199,11.8912,CH-oop
546,C32H18+,1,32,952.2077,916.0238074,917.357222965607,0.0277,CH-oop
546,C32H18+,1,32,999.1423,961.1748926,963.186388304275,0.3803,ring / CH-ip
546,C32H18+,1,32,1012.0085,973.552177,974.471630113089,6.9255,ring / CH-ip
546,C32H18+,1,32,1012.1369,973.6756978,974.583120466943,0.3565,ring / CH-ip
546,C32H18+,1,32,1033.3368,994.0700016,996.221986487383,1.1865,ring / CH-ip
546,C32H18+,1,32,1035.6679,996.3125198,997.09115915963,1.9793,ring / CH-ip
546,C32H18+,1,32,1037.0095,997.603139,998.373458957775,0.0035,ring / CH-ip
546,C32H18+,1,32,1051.798,1011.829676,1012.51583467533,0.0015,ring / CH-ip
546,C32H18+,1,32,1060.634,1020.329908,1021.38496479929,0.0671,ring / CH-ip
546,C32H18+,1,32,1065.2277,1024.7490474,1025.59661702278,0.057,ring / CH-ip
546,C32H18+,1,32,1075.9559,1035.0695758,1035.9951357702,0.2932,ring / CH-ip
546,C32H18+,1,32,1133.7917,1090.7076154,1091.38117533471,38.3769,ring / CH-ip
546,C32H18+,1,32,1149.3585,1105.682877,1106.04350256865,0.0011,CH-ip-bend
546,C32H18+,1,32,1163.474,1119.261988,1119.46138559148,1.5595,CH-ip-bend
546,C32H18+,1,32,1183.3039,1138.3383518,1138.38059070668,0.0238,CH-ip-bend
546,C32H18+,1,32,1225.7923,1179.2121926,1181.42885910894,1492.0099,CH-ip-bend
546,C32H18+,1,32,1234.0219,1187.1290678,1186.74242712382,0.0099,CH-ip-bend
546,C32H18+,1,32,1244.1205,1196.843921,1197.09326199805,392.2698,CH-ip-bend
546,C32H18+,1,32,1280.1674,1231.5210388,1231.1245246728,0.3608,CH-ip-bend
546,C32H18+,1,32,1283.7913,1235.0072306,1234.67137874334,7.5446,CH-ip-bend
546,C32H18+,1,32,1287.2311,1238.3163182,1237.91853854836,78.9234,CH-ip-bend
546,C32H18+,1,32,1300.2468,1250.8374216,1250.5837510805,7.0966,CC-stretch/CH-ip
546,C32H18+,1,32,1317.2376,1267.1825712,1270.94144239489,2327.1593,CC-stretch/CH-ip
546,C32H18+,1,32,1342.0542,1291.0561404,1290.42732271382,0.0653,CC-stretch/CH-ip
546,C32H18+,1,32,1347.045,1295.85729,1296.68785934739,3.3867,CC-stretch/CH-ip
546,C32H18+,1,32,1363.1728,1311.3722336,1310.45390027995,8.7903,CC-stretch/CH-ip
546,C32H18+,1,32,1363.3738,1311.5655956,1312.23678671701,186.502,CC-stretch/CH-ip
546,C32H18+,1,32,1400.535,1347.31467,1353.87464895887,4064.9379,CC-stretch/CH-ip
546,C32H18+,1,32,1403.5646,1350.2291452,1349.26479902643,6.9386,CC-stretch/CH-ip
546,C32H18+,1,32,1406.7828,1353.3250536,1353.26556098697,1.0138,CC-stretch/CH-ip
546,C32H18+,1,32,1420.7021,1366.7154202,1368.65823700124,981.0654,CC-stretch/CH-ip
546,C32H18+,1,32,1428.368,1374.090016,1374.03441611813,3.942,CC-stretch/CH-ip
546,C32H18+,1,32,1458.8141,1403.3791642,1402.08922576745,0.0002,CC-stretch/CH-ip
546,C32H18+,1,32,1467.4242,1411.6620804,1410.70829999438,0.1413,CC-stretch/CH-ip
546,C32H18+,1,32,1500.3615,1443.347763,1441.84661554145,81.6871,CC-stretch/CH-ip
546,C32H18+,1,32,1515.8507,1458.2483734,1456.71644334937,2.7693,CC-stretch/CH-ip
546,C32H18+,1,32,1519.3738,1461.6375956,1460.5040149978,249.6809,CC-stretch/CH-ip
546,C32H18+,1,32,1536.2858,1477.9069396,1476.13785014873,0.1411,CC-stretch/CH-ip
546,C32H18+,1,32,1550.0041,1491.1039442,1491.1764117939,1041.077,CC-stretch/CH-ip
546,C32H18+,1,32,1568.5762,1508.9703044,1507.3380009806,0.0611,CC-stretch
546,C32H18+,1,32,1591.3195,1530.849359,1533.97318378859,2625.0459,CC-stretch
546,C32H18+,1,32,1608.8152,1547.6802224,1546.03791762084,35.2531,CC-stretch
546,C32H18+,1,32,1613.2546,1551.9509252,1550.50109664379,2.0118,CC-stretch
546,C32H18+,1,32,1616.2826,1554.8638612,1553.21410198377,0.779,CC-stretch
546,C32H18+,1,32,1639.7998,1577.4874076,1576.04288905857,67.3977,CC-stretch
546,C32H18+,1,32,1650.6351,1587.9109662,1586.40244015394,63.9488,CC-stretch
546,C32H18+,1,32,1651.7704,1589.0031248,1587.4221526749,3.8143,CC-stretch
546,C32H18+,1,32,3198.4506,3076.9094772,3065.80184542954,6.015,CH-stretch
546,C32H18+,1,32,3201.304,3079.654448,3068.54615137701,14.3482,CH-stretch
546,C32H18+,1,32,3201.3288,3079.6783056,3068.54561795985,0.029,CH-stretch
546,C32H18+,1,32,3211.5608,3089.5214896,3078.35026295389,10.0812,CH-stretch
546,C32H18+,1,32,3211.8148,3089.7658376,3078.57636811237,0.1186,CH-stretch
546,C32H18+,1,32,3218.0798,3095.7927676,3084.59612492345,14.5997,CH-stretch
546,C32H18+,1,32,3222.5594,3100.1021428,3088.89688592388,24.3673,CH-stretch
546,C32H18+,1,32,3223.8495,3101.343219,3090.09475043694,2.8237,CH-stretch
546,C32H18+,1,32,3225.3922,3102.8272964,3091.56607307993,0.055,CH-stretch
546,C32H18+,1,32,3231.9813,3109.1660106,3098.25779700608,227.463,CH-stretch
546,C32H18+,1,32,3232.2645,3109.438449,3098.14412909988,0.4924,CH-stretch
546,C32H18+,1,32,3247.0433,3123.6556546,3112.30550502623,17.6058,CH-stretch
546,C32H18+,1,32,3251.1417,3127.5983154,3116.2424297359,25.8756,CH-stretch
546,C32H18+,1,32,3251.6104,3128.0492048,3116.64736499189,0.3209,CH-stretch
284,C22H12,0,22,97.6995,93.986919,100.642782748265,0.2522,low / skeletal
284,C22H12,0,22,136.3174,131.1373388,137.447169983034,3.2815,low / skeletal
284,C22H12,0,22,209.1155,201.169111,206.954511169858,1.9045,low / skeletal
284,C22H12,0,22,298.4297,287.0893714,292.723306834546,0.4989,low / skeletal
284,C22H12,0,22,305.0387,293.4472294,298.915508435985,0.0144,low / skeletal
284,C22H12,0,22,378.5078,364.1245036,369.911088918926,0.112,low / skeletal
284,C22H12,0,22,400.3336,385.1209232,390.762709517279,0.0896,low / skeletal
284,C22H12,0,22,427.2053,410.9714986,415.742396284591,2.3489,low / skeletal
284,C22H12,0,22,442.7662,425.9410844,430.560057759817,0.0562,low / skeletal
284,C22H12,0,22,469.6443,451.7978166,456.65230177614,0.9221,low / skeletal
284,C22H12,0,22,502.5934,483.4948508,488.043237539762,0.1487,low / skeletal
284,C22H12,0,22,536.574,516.184188,519.925110151497,4.6365,low / skeletal
284,C22H12,0,22,555.3042,534.2026404,538.340697915433,0.0904,low / skeletal
284,C22H12,0,22,560.2376,538.9485712,543.524783174918,0.4455,low / skeletal
284,C22H12,0,22,567.2287,545.6740094,549.279164081111,6.7932,low / skeletal
284,C22H12,0,22,590.9753,568.5182386,572.581515159774,1.9156,low / skeletal
284,C22H12,0,22,659.7623,634.6913326,639.017902177372,0.0483,low / skeletal
284,C22H12,0,22,677.4845,651.740089,654.51217575036,9.2115,CH-oop
284,C22H12,0,22,707.8501,680.9517962,684.484112262257,0.3082,CH-oop
284,C22H12,0,22,745.1776,716.8608512,720.414148197759,0.2878,CH-oop
284,C22H12,0,22,789.6119,759.6066478,760.126888172332,32.3383,CH-oop
284,C22H12,0,22,796.1271,765.8742702,768.020798832513,1.8704,CH-oop
284,C22H12,0,22,808.7787,778.0451094,780.935937947574,2.9305,CH-oop
284,C22H12,0,22,813.1903,782.2890686,785.01607424505,4.4096,CH-oop
284,C22H12,0,22,835.943,804.177166,807.444821320635,0.2326,CH-oop
284,C22H12,0,22,844.9196,812.8126552,813.360837078258,28.3209,CH-oop
284,C22H12,0,22,888.6798,854.9099676,851.244186092907,107.128,CH-oop
284,C22H12,0,22,942.0303,906.2331486,907.21047031987,6.3862,CH-oop
284,C22H12,0,22,960.5952,924.0925824,926.343366451015,0.0387,CH-oop
284,C22H12,0,22,986.4383,948.9536446,950.885122592746,1.2068,ring / CH-ip
284,C22H12,0,22,1010.7246,972.3170652,973.186509727389,0.5355,ring / CH-ip
284,C22H12,0,22,1021.9081,983.0755922,983.867324383752,0.99,ring / CH-ip
284,C22H12,0,22,1022.3534,983.5039708,985.088584384932,0.1575,ring / CH-ip
284,C22H12,0,22,1082.802,1041.655524,1042.91788764126,1.4451,ring / CH-ip
284,C22H12,0,22,1129.0522,1086.1482164,1086.65744695379,1.3601,ring / CH-ip
284,C22H12,0,22,1139.4857,1096.1852434,1096.42783512875,1.2295,ring / CH-ip
284,C22H12,0,22,1186.6799,1141.5860638,1141.30732667786,5.2785,CH-ip-bend
284,C22H12,0,22,1202.8357,1157.1279434,1156.87734328794,3.7458,CH-ip-bend
284,C22H12,0,22,1214.9245,1168.757369,1168.49111751132,0.3964,CH-ip-bend
284,C22H12,0,22,1222.1378,1175.6965636,1175.35240065111,1.158,CH-ip-bend
284,C22H12,0,22,1247.5098,1200.1044276,1200.15564216736,0.1431,CH-ip-bend
284,C22H12,0,22,1255.4478,1207.7407836,1207.2768031441,1.5465,CH-ip-bend
284,C22H12,0,22,1259.2765,1211.423993,1210.96181076904,1.9861,CH-ip-bend
284,C22H12,0,22,1270.4565,1222.179153,1221.72571963102,0.9481,CH-ip-bend
284,C22H12,0,22,1279.7765,1231.144993,1230.82071257972,0.204,CH-ip-bend
284,C22H12,0,22,1303.5668,1254.0312616,1253.37981751187,0.239,CC-stretch/CH-ip
284,C22H12,0,22,1316.141,1266.127642,1265.51867235341,0.8853,CC-stretch/CH-ip
284,C22H12,0,22,1348.1145,1296.886149,1296.23357558108,4.0968,CC-stretch/CH-ip
284,C22H12,0,22,1366.1381,1314.2248522,1313.51779293831,4.765,CC-stretch/CH-ip
284,C22H12,0,22,1394.0393,1341.0658066,1339.77055819093,13.986,CC-stretch/CH-ip
284,C22H12,0,22,1396.8753,1343.7940386,1343.70600987281,3.6729,CC-stretch/CH-ip
284,C22H12,0,22,1429.209,1374.899058,1374.51868580849,0.1712,CC-stretch/CH-ip
284,C22H12,0,22,1435.9585,1381.392077,1380.44803353027,6.6149,CC-stretch/CH-ip
284,C22H12,0,22,1458.6719,1403.2423678,1402.51055917499,2.0064,CC-stretch/CH-ip
284,C22H12,0,22,1460.0959,1404.6122558,1403.66675991526,0.4661,CC-stretch/CH-ip
284,C22H12,0,22,1488.7337,1432.1618194,1430.4943164261,0.4227,CC-stretch/CH-ip
284,C22H12,0,22,1500.0373,1443.0358826,1441.42642889329,0.0076,CC-stretch/CH-ip
284,C22H12,0,22,1504.3957,1447.2286634,1445.20258222668,11.9524,CC-stretch/CH-ip
284,C22H12,0,22,1538.094,1479.646428,1478.17442419658,0.2314,CC-stretch/CH-ip
284,C22H12,0,22,1553.1827,1494.1617574,1492.71054218304,0.0797,CC-stretch/CH-ip
284,C22H12,0,22,1566.8486,1507.3083532,1505.62396295223,1.9002,CC-stretch
284,C22H12,0,22,1579.2488,1519.2373456,1517.55920313539,0.1439,CC-stretch
284,C22H12,0,22,1627.7144,1565.8612528,1564.77326678736,2.9948,CC-stretch
284,C22H12,0,22,1644.8094,1582.3066428,1580.39398460051,3.5099,CC-stretch
284,C22H12,0,22,3175.9581,3055.2716922,3044.17268189457,2.0532,CH-stretch
284,C22H12,0,22,3177.0028,3056.2766936,3045.04413510109,4.6422,CH-stretch
284,C22H12,0,22,3178.5939,3057.8073318,3046.67846526733,2.3718,CH-stretch
284,C22H12,0,22,3182.3958,3061.4647596,3050.41250660139,0.4055,CH-stretch
284,C22H12,0,22,3182.8922,3061.9422964,3050.76789410498,2.8282,CH-stretch
284,C22H12,0,22,3197.1827,3075.6897574,3064.52332354607,1.2108,CH-stretch
284,C22H12,0,22,3198.121,3076.592402,3065.47931303981,0.0027,CH-stretch
284,C22H12,0,22,3200.0008,3078.4007696,3060.99872278725,127.1194,CH-stretch
284,C22H12,0,22,3200.3886,3078.7738332,3063.67674044992,80.4308,CH-stretch
284,C22H12,0,22,3203.0593,3081.3430466,3070.17542087227,0.5623,CH-stretch
284,C22H12,0,22,3217.2263,3094.9717006,3083.28483813575,9.55,CH-stretch
284,C22H12,0,22,3231.5905,3108.790061,3095.58779419471,38.6017,CH-stretch
292,C18H12+,1,18,40.9324,39.3769688,46.3036387620912,0.0569,low / skeletal
292,C18H12+,1,18,74.2747,71.4522614,78.1513720589207,0.8405,low / skeletal
292,C18H12+,1,18,190.8981,183.6439722,189.82664899268,0.1078,low / skeletal
292,C18H12+,1,18,228.2415,219.568323,225.21415195104,7.9009,low / skeletal
292,C18H12+,1,18,300.1712,288.7646944,294.141812818991,1.6679,low / skeletal
292,C18H12+,1,18,431.7182,415.3129084,419.689979537963,6.7327,low / skeletal
292,C18H12+,1,18,494.3647,475.5788414,479.989066348445,11.3158,low / skeletal
292,C18H12+,1,18,534.3314,514.0268068,517.761556105746,8.5334,low / skeletal
292,C18H12+,1,18,559.1031,537.8571822,542.141389640457,7.4149,low / skeletal
292,C18H12+,1,18,566.5909,545.0604458,548.805809938029,0.7353,low / skeletal
292,C18H12+,1,18,589.4374,567.0387788,571.4624256299,19.772,low / skeletal
292,C18H12+,1,18,708.8481,681.9118722,685.392208547111,6.3528,CH-oop
292,C18H12+,1,18,759.1005,730.254681,732.764979876397,10.3944,CH-oop
292,C18H12+,1,18,793.5067,763.3534454,764.440904956496,95.7055,CH-oop
292,C18H12+,1,18,871.7646,838.6375452,839.638978602381,64.5174,CH-oop
292,C18H12+,1,18,885.8742,852.2109804,854.648492621166,12.2915,CH-oop
292,C18H12+,1,18,915.6315,880.837503,883.204854169435,14.8985,CH-oop
292,C18H12+,1,18,922.0377,887.0002674,888.351706822297,10.1196,CH-oop
292,C18H12+,1,18,1009.7956,971.4233672,972.302580361356,3.3908,ring / CH-ip
292,C18H12+,1,18,1022.6697,983.8082514,984.677663920343,0.2473,ring / CH-ip
292,C18H12+,1,18,1058.8207,1018.5855134,1019.23674024258,0.0112,ring / CH-ip
292,C18H12+,1,18,1084.7691,1043.5478742,1043.98238292048,29.0811,ring / CH-ip
292,C18H12+,1,18,1134.0035,1090.911367,1091.41430575822,13.1489,ring / CH-ip
292,C18H12+,1,18,1196.5845,1151.114289,1150.27295211062,71.7875,CH-ip-bend
292,C18H12+,1,18,1239.4066,1192.3091492,1191.75501325683,13.456,CH-ip-bend
292,C18H12+,1,18,1278.4947,1229.9119014,1225.78952276352,373.3963,CH-ip-bend
292,C18H12+,1,18,1309.2439,1259.4926318,1258.63465273439,20.4175,CC-stretch/CH-ip
292,C18H12+,1,18,1321.4946,1271.2778052,1270.38349382734,33.1447,CC-stretch/CH-ip
292,C18H12+,1,18,1359.4736,1307.8136032,1306.76408452378,17.5544,CC-stretch/CH-ip
292,C18H12+,1,18,1389.5772,1336.7732664,1331.7661845213,486.9034,CC-stretch/CH-ip
292,C18H12+,1,18,1489.471,1432.871102,1430.72843539456,72.1076,CC-stretch/CH-ip
292,C18H12+,1,18,1507.1486,1449.8769532,1447.72059947286,49.0926,CC-stretch/CH-ip
292,C18H12+,1,18,1558.8028,1499.5682936,1496.36966293914,144.737,CC-stretch/CH-ip
292,C18H12+,1,18,1573.3448,1513.5576976,1509.33797501615,227.8824,CC-stretch
292,C18H12+,1,18,1604.411,1543.443382,1537.48304500915,422.7495,CC-stretch
292,C18H12+,1,18,1627.1111,1565.2808782,1562.31862278454,130.2849,CC-stretch
292,C18H12+,1,18,3206.2064,3084.3705568,3073.20734687527,0.4468,CH-stretch
292,C18H12+,1,18,3208.8852,3086.9475624,3075.71314385528,5.843,CH-stretch
292,C18H12+,1,18,3218.5443,3096.2396166,3084.9979531972,1.5381,CH-stretch
292,C18H12+,1,18,3232.0288,3109.2117056,3097.87700340111,3.666,CH-stretch
292,C18H12+,1,18,3240.0825,3116.959365,3105.35671181452,25.449,CH-stretch
292,C18H12+,1,18,3253.51,3129.87662,3118.34029336502,11.7938,CH-stretch
105,C42H18,0,42,86.8183,83.5192046,90.44193995353,2.8328,low / skeletal
105,C42H18,0,42,276.8934,266.3714508,272.289657535678,0.5055,low / skeletal
105,C42H18,0,42,276.8934,266.3714508,272.289657535678,0.5055,low / skeletal
105,C42H18,0,42,293.0757,281.9388234,287.815160832002,2.9924,low / skeletal
105,C42H18,0,42,553.2824,532.2576688,536.233721825699,1.3931,low / skeletal
105,C42H18,0,42,572.2115,550.467463,555.127028634573,1.2563,low / skeletal
105,C42H18,0,42,572.2115,550.467463,555.127028634573,1.2563,low / skeletal
105,C42H18,0,42,621.3524,597.7410088,601.653147124512,5.8088,low / skeletal
105,C42H18,0,42,621.3524,597.7410088,601.65314946536,5.8095,low / skeletal
105,C42H18,0,42,712.2347,685.1697814,689.040066789112,5.0416,CH-oop
105,C42H18,0,42,712.2347,685.1697814,689.04006578589,5.0413,CH-oop
105,C42H18,0,42,767.5636,738.3961832,740.944200942165,19.0766,CH-oop
105,C42H18,0,42,806.9909,776.3252458,772.500551131732,255.8751,CH-oop
105,C42H18,0,42,855.3559,822.8523758,825.779524485864,1.2027,CH-oop
105,C42H18,0,42,855.3559,822.8523758,825.779524485864,1.2027,CH-oop
105,C42H18,0,42,1019.18,980.45116,981.262968305745,1.6265,ring / CH-ip
105,C42H18,0,42,1140.2295,1096.900779,1097.92821071023,11.3421,ring / CH-ip
105,C42H18,0,42,1140.2295,1096.900779,1097.92821071023,11.3421,ring / CH-ip
105,C42H18,0,42,1182.1096,1137.1894352,1137.43357289753,0.2841,CH-ip-bend
105,C42H18,0,42,1182.1096,1137.1894352,1137.43358463348,0.2836,CH-ip-bend
105,C42H18,0,42,1223.7262,1177.2246044,1176.97579105709,0.421,CH-ip-bend
105,C42H18,0,42,1223.7262,1177.2246044,1176.97579072268,0.4209,CH-ip-bend
105,C42H18,0,42,1288.2656,1239.3115072,1238.65367092748,5.6319,CH-ip-bend
105,C42H18,0,42,1288.2656,1239.3115072,1238.65367293392,5.6325,CH-ip-bend
105,C42H18,0,42,1356.9009,1305.3386658,1305.30110220237,6.3951,CC-stretch/CH-ip
105,C42H18,0,42,1356.9009,1305.3386658,1305.30109952712,6.3943,CC-stretch/CH-ip
105,C42H18,0,42,1383.8945,1331.306509,1332.70095234076,0.1368,CC-stretch/CH-ip
105,C42H18,0,42,1383.8945,1331.306509,1332.70094999356,0.1369,CC-stretch/CH-ip
105,C42H18,0,42,1433.2907,1378.8256534,1376.79206829304,41.1938,CC-stretch/CH-ip
105,C42H18,0,42,1433.2907,1378.8256534,1376.79207899406,41.197,CC-stretch/CH-ip
105,C42H18,0,42,1450.0732,1394.9704184,1393.71853662084,11.465,CC-stretch/CH-ip
105,C42H18,0,42,1450.0732,1394.9704184,1393.71859596943,11.4627,CC-stretch/CH-ip
105,C42H18,0,42,1550.4861,1491.5676282,1489.66819568981,12.0255,CC-stretch/CH-ip
105,C42H18,0,42,1550.4861,1491.5676282,1489.66819970269,12.0267,CC-stretch/CH-ip
105,C42H18,0,42,1646.7174,1584.1421388,1582.32949841743,15.7964,CC-stretch
105,C42H18,0,42,1646.7174,1584.1421388,1582.32943171189,15.7965,CC-stretch
105,C42H18,0,42,3194.1908,3072.8115496,3060.05128694241,72.8696,CH-stretch
105,C42H18,0,42,3194.1908,3072.8115496,3060.05129664021,72.8725,CH-stretch
105,C42H18,0,42,3225.4827,3102.9143574,3091.62153797174,1.3673,CH-stretch
105,C42H18,0,42,3225.4827,3102.9143574,3091.62156144365,1.3663,CH-stretch
105,C42H18,0,42,3251.1764,3127.6316968,3113.48049834384,120.3164,CH-stretch
105,C42H18,0,42,3251.1764,3127.6316968,3113.48049734062,120.3161,CH-stretch
334,C16H10,0,16,102.7624,98.8574288,105.452490862319,0.4372,low / skeletal
334,C16H10,0,16,218.2127,209.9206174,215.367491167933,7.29,low / skeletal
334,C16H10,0,16,368.5512,354.5462544,359.606512678322,1.364,low / skeletal
334,C16H10,0,16,512.0755,492.616631,496.684145536274,1.5005,low / skeletal
334,C16H10,0,16,522.065,502.22653,506.455138338133,2.5115,low / skeletal
334,C16H10,0,16,573.55,551.7551,556.175897059568,2.4893,low / skeletal
334,C16H10,0,16,723.2628,695.7788136,699.53852777645,0.1168,CH-oop
334,C16H10,0,16,742.2138,714.0096756,715.023249756194,32.1323,CH-oop
334,C16H10,0,16,778.8998,749.3016076,750.918889332599,10.0118,CH-oop
334,C16H10,0,16,855.6782,823.1624284,825.528193670113,3.1448,CH-oop
334,C16H10,0,16,885.2878,851.6468636,847.035004492486,120.1522,CH-oop
334,C16H10,0,16,997.0387,959.1512294,960.914938838896,0.1851,ring / CH-ip
334,C16H10,0,16,1018.7511,980.0385582,980.759996431689,2.6109,ring / CH-ip
334,C16H10,0,16,1040.1243,1000.5995766,1002.7634632522,0.5537,ring / CH-ip
334,C16H10,0,16,1139.7609,1096.4499858,1096.49240466253,4.7601,ring / CH-ip
334,C16H10,0,16,1211.577,1165.537074,1165.24071310699,1.5684,CH-ip-bend
334,C16H10,0,16,1240.2455,1193.116171,1192.17930489435,10.3162,CH-ip-bend
334,C16H10,0,16,1259.5093,1211.6479466,1211.5070266701,0.0107,CH-ip-bend
334,C16H10,0,16,1307.8854,1258.1857548,1257.36779189347,3.639,CC-stretch/CH-ip
334,C16H10,0,16,1371.5946,1319.4740052,1318.63095275076,6.5303,CC-stretch/CH-ip
334,C16H10,0,16,1489.1703,1432.5818286,1430.86922341359,11.8363,CC-stretch/CH-ip
334,C16H10,0,16,1489.4743,1432.8742766,1431.38501376251,1.1846,CC-stretch/CH-ip
334,C16H10,0,16,1508.5827,1451.2565574,1449.60665203609,0.5043,CC-stretch/CH-ip
334,C16H10,0,16,1540.435,1481.89847,1480.24515820657,3.974,CC-stretch/CH-ip
334,C16H10,0,16,3175.3535,3054.690067,3043.50484918962,3.6375,CH-stretch
334,C16H10,0,16,3179.5369,3058.7144978,3047.69548986318,0.0377,CH-stretch
334,C16H10,0,16,3187.354,3066.234548,3053.86131822517,25.0955,CH-stretch
334,C16H10,0,16,3197.8082,3076.2914884,3060.31479922003,92.7858,CH-stretch
334,C16H10,0,16,3208.3319,3086.4152878,3070.22779803999,95.7297,CH-stretch
311,C21H13N,0,21,56.092,53.960504,60.8173052962486,0.3755,low / skeletal
311,C21H13N,0,21,119.7322,115.1823764,121.853994136083,0.3517,low / skeletal
311,C21H13N,0,21,135.6465,130.491933,136.90337980165,0.0331,low / skeletal
311,C21H13N,0,21,196.5078,189.0405036,195.033175141844,1.026,low / skeletal
311,C21H13N,0,21,261.5857,251.6454434,257.53805994661,0.0817,low / skeletal
311,C21H13N,0,21,292.9297,281.7983714,286.709917596668,5.2623,low / skeletal
311,C21H13N,0,21,313.8588,301.9321656,307.740959934133,1.0136,low / skeletal
311,C21H13N,0,21,416.5051,400.6779062,405.617306547422,0.4137,low / skeletal
311,C21H13N,0,21,440.4843,423.7458966,427.898588363081,6.3174,low / skeletal
311,C21H13N,0,21,448.3633,431.3254946,436.15276403756,1.6791,low / skeletal
311,C21H13N,0,21,453.3403,436.1133686,440.247081722373,3.0952,low / skeletal
311,C21H13N,0,21,515.8567,496.2541454,500.407423537997,7.7187,low / skeletal
311,C21H13N,0,21,542.8046,522.1780252,525.284657778434,9.0659,low / skeletal
311,C21H13N,0,21,545.1717,524.4551754,528.883821314295,1.4872,low / skeletal
311,C21H13N,0,21,564.2172,542.7769464,546.802753285098,3.6353,low / skeletal
311,C21H13N,0,21,588.4525,566.091305,569.685872781672,0.9502,low / skeletal
311,C21H13N,0,21,603.4513,580.5201506,584.746972209802,1.9194,low / skeletal
311,C21H13N,0,21,626.7381,602.9220522,606.627460737702,8.7266,low / skeletal
311,C21H13N,0,21,682.7871,656.8411902,660.640687457439,0.7049,CH-oop
311,C21H13N,0,21,730.1131,702.3688022,706.129330831395,1.6163,CH-oop
311,C21H13N,0,21,751.1306,722.5876372,725.711294385674,2.5645,CH-oop
311,C21H13N,0,21,754.7733,726.0919146,728.55577497503,1.0992,CH-oop
311,C21H13N,0,21,785.0535,755.221467,750.94090026856,80.4111,CH-oop
311,C21H13N,0,21,808.8314,778.0958068,781.14671585778,0.5795,CH-oop
311,C21H13N,0,21,808.9021,778.1638202,781.265021099981,0.4559,CH-oop
311,C21H13N,0,21,824.5665,793.232973,794.690984259559,7.5858,CH-oop
311,C21H13N,0,21,884.9852,851.3557624,846.956400779187,77.4046,CH-oop
311,C21H13N,0,21,895.4652,861.4375224,863.65193497497,0.1429,CH-oop
311,C21H13N,0,21,910.3145,875.722549,876.671038844068,6.9467,CH-oop
311,C21H13N,0,21,922.0207,886.9839134,888.684212676497,4.4121,CH-oop
311,C21H13N,0,21,942.0338,906.2365156,906.608513120159,12.9083,CH-oop
311,C21H13N,0,21,987.8108,950.2739896,950.691320021636,7.6813,ring / CH-ip
311,C21H13N,0,21,998.0231,960.0982222,961.474913670088,4.5126,ring / CH-ip
311,C21H13N,0,21,1028.3128,989.2369136,990.031141628564,0.0641,ring / CH-ip
311,C21H13N,0,21,1037.1193,997.7087666,999.895673724449,2.7247,ring / CH-ip
311,C21H13N,0,21,1037.9807,998.5374334,999.290031950336,0.0005,ring / CH-ip
311,C21H13N,0,21,1079.5502,1038.5272924,1038.99652268641,3.5726,ring / CH-ip
311,C21H13N,0,21,1087.2633,1045.9472946,1046.55377983843,1.2714,ring / CH-ip
311,C21H13N,0,21,1147.4372,1103.8345864,1103.93067780535,3.3646,CH-ip-bend
311,C21H13N,0,21,1151.0268,1107.2877816,1107.42252597809,2.0428,CH-ip-bend
311,C21H13N,0,21,1193.9422,1148.5723964,1148.33658620728,1.7136,CH-ip-bend
311,C21H13N,0,21,1202.0841,1156.4049042,1156.13479366252,1.3856,CH-ip-bend
311,C21H13N,0,21,1227.74,1181.08588,1180.63346348954,1.8546,CH-ip-bend
311,C21H13N,0,21,1233.2819,1186.4171878,1186.03437103169,0.0024,CH-ip-bend
311,C21H13N,0,21,1249.4228,1201.9447336,1201.57554402622,1.8263,CH-ip-bend
311,C21H13N,0,21,1270.9803,1222.6830486,1222.35100680407,0.1821,CH-ip-bend
311,C21H13N,0,21,1275.5052,1227.0360024,1225.69909673819,11.63,CH-ip-bend
311,C21H13N,0,21,1276.8387,1228.3188294,1227.78500470219,2.2795,CH-ip-bend
311,C21H13N,0,21,1297.3934,1248.0924508,1247.49171622787,1.4067,CH-ip-bend
311,C21H13N,0,21,1335.7006,1284.9439772,1284.05676557121,2.2224,CC-stretch/CH-ip
311,C21H13N,0,21,1335.905,1285.14061,1284.61412017409,0.3613,CC-stretch/CH-ip
311,C21H13N,0,21,1357.2171,1305.6428502,1304.64083683916,2.6715,CC-stretch/CH-ip
311,C21H13N,0,21,1376.8516,1324.5312392,1323.73961614535,1.5747,CC-stretch/CH-ip
311,C21H13N,0,21,1379.8736,1327.4384032,1327.25110008394,2.8813,CC-stretch/CH-ip
311,C21H13N,0,21,1387.2607,1334.5447934,1334.8149849761,0.5598,CC-stretch/CH-ip
311,C21H13N,0,21,1430.3392,1375.9863104,1375.70070903588,0.002,CC-stretch/CH-ip
311,C21H13N,0,21,1432.6923,1378.2499926,1372.48658364872,56.8572,CC-stretch/CH-ip
311,C21H13N,0,21,1474.896,1418.849952,1417.46849210487,7.1634,CC-stretch/CH-ip
311,C21H13N,0,21,1479.1527,1422.9448974,1420.92588803611,5.7842,CC-stretch/CH-ip
311,C21H13N,0,21,1502.4394,1445.3467028,1443.59866685646,1.9539,CC-stretch/CH-ip
311,C21H13N,0,21,1515.5852,1457.9929624,1455.47681901251,11.1578,CC-stretch/CH-ip
311,C21H13N,0,21,1532.987,1474.733494,1473.02517167609,0.0501,CC-stretch/CH-ip
311,C21H13N,0,21,1547.9785,1489.155317,1484.73241300205,34.552,CC-stretch/CH-ip
311,C21H13N,0,21,1578.8654,1518.8685148,1516.80783805115,5.2604,CC-stretch
311,C21H13N,0,21,1599.7509,1538.9603658,1537.052274594,7.1117,CC-stretch
311,C21H13N,0,21,1611.0767,1549.8557854,1548.65322436381,2.825,CC-stretch
311,C21H13N,0,21,1634.758,1572.637196,1570.29993606828,10.2898,CC-stretch
311,C21H13N,0,21,3181.8112,3060.9023744,3049.81219292123,0.7665,CH-stretch
311,C21H13N,0,21,3181.8207,3060.9115134,3049.65713824944,2.8179,CH-stretch
311,C21H13N,0,21,3187.573,3066.445226,3054.7316390848,8.1744,CH-stretch
311,C21H13N,0,21,3187.6136,3066.4842832,3054.39277771283,12.8955,CH-stretch
311,C21H13N,0,21,3192.0962,3070.7965444,3057.91623771064,22.4524,CH-stretch
311,C21H13N,0,21,3192.6156,3071.2962072,3059.82582759155,4.798,CH-stretch
311,C21H13N,0,21,3206.4336,3084.5891232,3073.31465427695,1.4479,CH-stretch
311,C21H13N,0,21,3208.3924,3086.4734888,3068.93674124869,79.57,CH-stretch
311,C21H13N,0,21,3218.0548,3095.7687176,3082.27014315023,28.4915,CH-stretch
311,C21H13N,0,21,3220.337,3097.964194,3085.51671275918,15.1955,CH-stretch
311,C21H13N,0,21,3229.1753,3106.4666386,3094.00634881578,14.7436,CH-stretch
311,C21H13N,0,21,3229.5963,3106.8716406,3094.11577074577,18.4154,CH-stretch
311,C21H13N,0,21,3238.0097,3114.9653314,3102.03733626287,19.9522,CH-stretch
137,C42H22,0,42,24.4096,23.4820352,30.8463750849057,0.1113,low / skeletal
137,C42H22,0,42,28.8482,27.7519684,34.9568834190077,0.0009,low / skeletal
137,C42H22,0,42,59.6844,57.4163928,64.3954480043944,0.0063,low / skeletal
137,C42H22,0,42,60.6905,58.384261,65.2329802265547,0.0113,low / skeletal
137,C42H22,0,42,72.8101,70.0433162,76.942039463486,0.1224,low / skeletal
137,C42H22,0,42,94.223,90.642526,97.34794095023,1.3759,low / skeletal
137,C42H22,0,42,107.2844,103.2075928,109.728204729403,0.2907,low / skeletal
137,C42H22,0,42,108.0715,103.964783,110.491844322434,0.2589,low / skeletal
137,C42H22,0,42,118.3992,113.9000304,120.410708763157,2.319,low / skeletal
137,C42H22,0,42,137.8034,132.5668708,139.019992689596,0.4033,low / skeletal
137,C42H22,0,42,140.173,134.846426,141.306128179807,0.0304,low / skeletal
137,C42H22,0,42,180.7533,173.8846746,180.035480502838,0.004,low / skeletal
137,C42H22,0,42,213.2374,205.1343788,211.236016148925,0.5554,low / skeletal
137,C42H22,0,42,215.026,206.855012,213.101536624495,0.6953,low / skeletal
137,C42H22,0,42,216.2876,208.0686712,214.174362509745,0.2684,low / skeletal
137,C42H22,0,42,243.1032,233.8652784,239.741856343129,0.312,low / skeletal
137,C42H22,0,42,256.3695,246.627459,252.333041384778,0.6539,low / skeletal
137,C42H22,0,42,266.2845,256.165689,261.939225052235,1.4554,low / skeletal
137,C42H22,0,42,301.6618,290.1986516,295.954608741762,0.9974,low / skeletal
137,C42H22,0,42,310.8646,299.0517452,304.705071996306,0.0005,low / skeletal
137,C42H22,0,42,315.3035,303.321967,308.893231071832,0.658,low / skeletal
137,C42H22,0,42,329.4917,316.9710154,322.475145657546,1.1884,low / skeletal
137,C42H22,0,42,339.7612,326.8502744,332.218781048048,0.1193,low / skeletal
137,C42H22,0,42,342.1412,329.1398344,334.599864199688,0.0574,low / skeletal
137,C42H22,0,42,367.5036,353.5384632,358.896196286323,0.5475,low / skeletal
137,C42H22,0,42,392.7144,377.7912528,382.966686240027,1.7318,low / skeletal
137,C42H22,0,42,413.9702,398.2393324,403.450536224652,0.0699,low / skeletal
137,C42H22,0,42,421.1228,405.1201336,410.075407272424,0.0077,low / skeletal
137,C42H22,0,42,434.2068,417.7069416,422.487090757248,0.3105,low / skeletal
137,C42H22,0,42,450.8956,433.7615672,438.664485971643,1.1433,low / skeletal
137,C42H22,0,42,453.6449,436.4063938,440.930014330424,2.1315,low / skeletal
137,C42H22,0,42,474.6708,456.6333096,461.062121023365,0.6009,low / skeletal
137,C42H22,0,42,479.5558,461.3326796,465.809762172674,2.5789,low / skeletal
137,C42H22,0,42,505.0614,485.8690668,490.019607316475,0.5478,low / skeletal
137,C42H22,0,42,507.5325,488.246265,492.468091321591,0.9814,low / skeletal
137,C42H22,0,42,525.2328,505.2739536,509.318937375611,0.0935,low / skeletal
137,C42H22,0,42,527.4383,507.3956446,511.2286528003,6.6412,low / skeletal
137,C42H22,0,42,538.7257,518.2541234,522.428977594046,0.3535,low / skeletal
137,C42H22,0,42,540.9629,520.4063098,524.813578478978,1.2783,low / skeletal
137,C42H22,0,42,554.8313,533.7477106,537.879020751868,9.5094,low / skeletal
137,C42H22,0,42,562.9101,541.5195162,545.646837735302,2.2394,low / skeletal
137,C42H22,0,42,581.4281,559.3338322,563.219426888566,3.7534,low / skeletal
137,C42H22,0,42,582.6847,560.5426814,565.099371373045,0.0002,low / skeletal
137,C42H22,0,42,591.4088,568.9352656,572.876094544852,1.0554,low / skeletal
137,C42H22,0,42,604.8281,581.8446322,586.179352149317,1.4784,low / skeletal
137,C42H22,0,42,613.4576,590.1462112,593.565551012035,13.5472,low / skeletal
137,C42H22,0,42,621.8583,598.2276846,601.967895779544,0.3147,low / skeletal
137,C42H22,0,42,622.8606,599.1918972,602.919928541566,0.1441,low / skeletal
137,C42H22,0,42,637.0076,612.8013112,616.465027363068,0.7399,low / skeletal
137,C42H22,0,42,654.4088,629.5412656,633.41128944558,1.1372,low / skeletal
137,C42H22,0,42,665.2831,640.0023422,643.213041975932,3.1439,low / skeletal
137,C42H22,0,42,668.7186,643.3072932,647.27550102785,0.5203,low / skeletal
137,C42H22,0,42,677.1061,651.3760682,655.097191132639,2.0391,CH-oop
137,C42H22,0,42,687.1319,661.0208878,664.338395851136,1.0713,CH-oop
137,C42H22,0,42,702.6715,675.969983,678.659179153819,24.7278,CH-oop
137,C42H22,0,42,713.6399,686.5215838,689.525957971126,3.6063,CH-oop
137,C42H22,0,42,729.6692,701.9417704,705.584746350174,0.5883,CH-oop
137,C42H22,0,42,737.3552,709.3357024,712.644092294398,2.9282,CH-oop
137,C42H22,0,42,760.3828,731.4882536,734.881830684675,0.2493,CH-oop
137,C42H22,0,42,768.2217,739.0292754,742.054612392112,2.4157,CH-oop
137,C42H22,0,42,777.2852,747.7483624,749.997457746033,0.4164,CH-oop
137,C42H22,0,42,777.9669,748.4041578,750.657493114184,0.0784,CH-oop
137,C42H22,0,42,778.3078,748.7321036,751.324611980945,0.0697,CH-oop
137,C42H22,0,42,784.1665,754.368173,756.777103547955,0.8836,CH-oop
137,C42H22,0,42,788.2519,758.2983278,754.373517927173,195.6476,CH-oop
137,C42H22,0,42,791.5183,761.4406046,763.575651742407,2.8084,CH-oop
137,C42H22,0,42,809.4807,778.7204334,780.351863521582,13.805,CH-oop
137,C42H22,0,42,818.037,786.951594,789.548934962722,0.0091,CH-oop
137,C42H22,0,42,819.1555,788.027591,790.850096180411,1.0567,CH-oop
137,C42H22,0,42,841.4342,809.4597004,812.247072854504,4.295,CH-oop
137,C42H22,0,42,842.0535,810.055467,810.958929436949,36.3483,CH-oop
137,C42H22,0,42,847.3871,815.1863902,817.86062924272,2.8117,CH-oop
137,C42H22,0,42,851.4735,819.117507,821.260099558242,0.9316,CH-oop
137,C42H22,0,42,871.5397,838.4211914,839.918165265337,9.2575,CH-oop
137,C42H22,0,42,884.4708,850.8609096,852.894977283986,7.6706,CH-oop
137,C42H22,0,42,892.6267,858.7068854,860.336347867922,0.4442,CH-oop
137,C42H22,0,42,896.0209,861.9721058,863.548363618065,0.7812,CH-oop
137,C42H22,0,42,896.9395,862.855799,864.980042091649,0.875,CH-oop
137,C42H22,0,42,912.7267,878.0430854,879.5033502508,1.029,CH-oop
137,C42H22,0,42,930.6602,895.2951124,897.186968663278,0.4222,CH-oop
137,C42H22,0,42,932.819,897.371878,898.762385399631,0.2233,CH-oop
137,C42H22,0,42,933.121,897.662402,899.001084619515,0.6018,CH-oop
137,C42H22,0,42,943.3044,907.4588328,909.102181848856,10.7778,CH-oop
137,C42H22,0,42,954.9648,918.6761376,918.91180057818,32.4048,CH-oop
137,C42H22,0,42,964.1506,927.5128772,928.703670263681,0.0062,CH-oop
137,C42H22,0,42,984.7739,947.3524918,948.401101966229,0.5926,CH-oop
137,C42H22,0,42,987.5796,950.0515752,950.85101117104,8.0009,ring / CH-ip
137,C42H22,0,42,988.9201,951.3411362,952.375873841118,0.0045,ring / CH-ip
137,C42H22,0,42,993.9583,956.1878846,958.220230243258,2.6483,ring / CH-ip
137,C42H22,0,42,1005.54,967.32948,969.058870334637,7.4799,ring / CH-ip
137,C42H22,0,42,1014.1051,975.5691062,976.405804894392,1.5343,ring / CH-ip
137,C42H22,0,42,1014.552,975.999024,976.880523818712,0.0446,ring / CH-ip
137,C42H22,0,42,1026.9543,987.9300366,988.71960421459,0.5369,ring / CH-ip
137,C42H22,0,42,1028.9513,989.8511506,990.649099151789,0.0031,ring / CH-ip
137,C42H22,0,42,1030.6888,991.5226256,992.274212145265,1.2022,ring / CH-ip
137,C42H22,0,42,1047.617,1007.807554,1008.38831678483,3.3615,ring / CH-ip
137,C42H22,0,42,1066.6789,1026.1451018,1027.57609665991,0.0022,ring / CH-ip
137,C42H22,0,42,1072.8298,1032.0622676,1032.91526009335,2.3224,ring / CH-ip
137,C42H22,0,42,1082.3973,1041.2662026,1041.92937342194,6.8752,ring / CH-ip
137,C42H22,0,42,1084.1669,1042.9685578,1043.62647631059,2.3183,ring / CH-ip
137,C42H22,0,42,1106.327,1064.286574,1065.07504184221,2.57,ring / CH-ip
137,C42H22,0,42,1114.994,1072.624228,1073.50354437044,0.7175,ring / CH-ip
137,C42H22,0,42,1115.1189,1072.7443818,1073.8701817251,3.1373,ring / CH-ip
137,C42H22,0,42,1146.419,1102.855078,1103.27588992457,0.0036,CH-ip-bend
137,C42H22,0,42,1154.585,1110.71077,1111.00563095125,0.677,CH-ip-bend
137,C42H22,0,42,1160.1277,1116.0428474,1116.33862075965,3.4052,CH-ip-bend
137,C42H22,0,42,1178.0899,1133.3224838,1133.40467910011,2.8104,CH-ip-bend
137,C42H22,0,42,1201.7584,1156.0915808,1155.98898439823,1.3677,CH-ip-bend
137,C42H22,0,42,1207.6324,1161.7423688,1161.62791740021,0.013,CH-ip-bend
137,C42H22,0,42,1230.924,1184.148888,1183.78349275285,0.3167,CH-ip-bend
137,C42H22,0,42,1231.7027,1184.8979974,1184.52941164293,0.3031,CH-ip-bend
137,C42H22,0,42,1233.6054,1186.7283948,1186.33972382541,0.3024,CH-ip-bend
137,C42H22,0,42,1234.6321,1187.7160802,1187.40519373376,1.0048,CH-ip-bend
137,C42H22,0,42,1256.3233,1208.5830146,1208.14135534671,1.636,CH-ip-bend
137,C42H22,0,42,1257.0799,1209.3108638,1208.91985821527,3.2665,CH-ip-bend
137,C42H22,0,42,1269.4448,1221.2058976,1220.7229778901,0.5287,CH-ip-bend
137,C42H22,0,42,1269.7553,1221.5045986,1220.89542342683,2.6765,CH-ip-bend
137,C42H22,0,42,1272.3218,1223.9735716,1223.46187255668,1.1914,CH-ip-bend
137,C42H22,0,42,1276.8942,1228.3722204,1228.04205130089,4.0857,CH-ip-bend
137,C42H22,0,42,1293.7385,1244.576437,1244.11573482451,3.5768,CH-ip-bend
137,C42H22,0,42,1311.2706,1261.4423172,1261.72556645778,0.1859,CC-stretch/CH-ip
137,C42H22,0,42,1324.5542,1274.2211404,1273.50181420416,0.0216,CC-stretch/CH-ip
137,C42H22,0,42,1330.4224,1279.8663488,1279.16747525857,1.4709,CC-stretch/CH-ip
137,C42H22,0,42,1332.9916,1282.3379192,1281.61232471389,3.9967,CC-stretch/CH-ip
137,C42H22,0,42,1341.7786,1290.7910132,1290.45684413735,0.7154,CC-stretch/CH-ip
137,C42H22,0,42,1344.1095,1293.033339,1292.61591652998,2.2025,CC-stretch/CH-ip
137,C42H22,0,42,1354.8398,1303.3558876,1302.54240419682,5.3427,CC-stretch/CH-ip
137,C42H22,0,42,1361.2219,1309.4954678,1309.02479578414,4.1692,CC-stretch/CH-ip
137,C42H22,0,42,1370.5353,1318.4549586,1317.97361965801,1.1051,CC-stretch/CH-ip
137,C42H22,0,42,1381.9726,1329.4576412,1329.55955078749,0.8814,CC-stretch/CH-ip
137,C42H22,0,42,1382.1443,1329.6228166,1329.41970673115,1.4185,CC-stretch/CH-ip
137,C42H22,0,42,1390.0435,1337.221847,1336.68005269467,1.8608,CC-stretch/CH-ip
137,C42H22,0,42,1394.3381,1341.3532522,1340.75414599874,11.997,CC-stretch/CH-ip
137,C42H22,0,42,1403.5985,1350.261757,1350.19543034178,0.4191,CC-stretch/CH-ip
137,C42H22,0,42,1408.9266,1355.3873892,1354.23938167437,8.7663,CC-stretch/CH-ip
137,C42H22,0,42,1437.2044,1382.5906328,1381.60476281621,4.9409,CC-stretch/CH-ip
137,C42H22,0,42,1445.2053,1390.2874986,1389.23832715923,0.159,CC-stretch/CH-ip
137,C42H22,0,42,1447.4098,1392.4082276,1390.71546761458,15.5444,CC-stretch/CH-ip
137,C42H22,0,42,1457.1636,1401.7913832,1400.69703538725,1.2632,CC-stretch/CH-ip
137,C42H22,0,42,1460.5366,1405.0362092,1403.19814404021,24.0728,CC-stretch/CH-ip
137,C42H22,0,42,1472.4952,1416.5403824,1415.50786685896,0.2328,CC-stretch/CH-ip
137,C42H22,0,42,1501.4586,1444.4031732,1442.91870411293,0.6903,CC-stretch/CH-ip
137,C42H22,0,42,1504.588,1447.413656,1445.73260335346,3.4901,CC-stretch/CH-ip
137,C42H22,0,42,1508.6894,1451.3592028,1449.03211679472,23.2244,CC-stretch/CH-ip
137,C42H22,0,42,1525.314,1467.352068,1465.41465259281,8.7381,CC-stretch/CH-ip
137,C42H22,0,42,1526.7429,1468.7266698,1467.10910429735,2.4576,CC-stretch/CH-ip
137,C42H22,0,42,1530.3262,1472.1738044,1470.3229250425,6.2284,CC-stretch/CH-ip
137,C42H22,0,42,1537.9371,1479.4954902,1477.66946999214,6.5198,CC-stretch/CH-ip
137,C42H22,0,42,1552.7498,1493.7453076,1491.54836063943,16.4054,CC-stretch/CH-ip
137,C42H22,0,42,1576.31,1516.41022,1515.2017763105,2.3467,CC-stretch
137,C42H22,0,42,1584.3652,1524.1593224,1522.45136960753,0.6362,CC-stretch
137,C42H22,0,42,1584.4508,1524.2416696,1522.31224222015,4.7504,CC-stretch
137,C42H22,0,42,1587.6155,1527.286111,1525.81970048522,2.14,CC-stretch
137,C42H22,0,42,1597.7039,1536.9911518,1535.92439995912,0.4832,CC-stretch
137,C42H22,0,42,1625.7155,1563.938311,1562.6892039862,5.101,CC-stretch
137,C42H22,0,42,1626.9122,1565.0895364,1563.98455175317,0.0036,CC-stretch
137,C42H22,0,42,1641.4298,1579.0554676,1577.24445809386,1.9141,CC-stretch
137,C42H22,0,42,1642.7329,1580.3090498,1578.52770224199,12.5975,CC-stretch
137,C42H22,0,42,1646.2436,1583.6863432,1582.28124695733,3.3476,CC-stretch
137,C42H22,0,42,1651.1156,1588.3732072,1586.70372514237,6.1918,CC-stretch
137,C42H22,0,42,3180.1442,3059.2987204,3048.19250182995,2.787,CH-stretch
137,C42H22,0,42,3180.1542,3059.3083404,3048.21634461051,2.3242,CH-stretch
137,C42H22,0,42,3188.0145,3066.869949,3055.49128318557,10.2292,CH-stretch
137,C42H22,0,42,3189.9286,3068.7113132,3057.31011258677,10.6306,CH-stretch
137,C42H22,0,42,3190.1662,3068.9398844,3057.66479041062,6.5141,CH-stretch
137,C42H22,0,42,3191.8989,3070.6067418,3058.43118477746,35.3526,CH-stretch
137,C42H22,0,42,3192.0827,3070.7835574,3058.99354901378,22.8432,CH-stretch
137,C42H22,0,42,3204.4203,3082.6523286,3070.87333789435,20.3522,CH-stretch
137,C42H22,0,42,3204.8886,3083.1028332,3071.09420140468,27.7491,CH-stretch
137,C42H22,0,42,3207.4946,3085.6098052,3072.79603207339,53.3457,CH-stretch
137,C42H22,0,42,3207.8521,3085.9537202,3074.25210595128,17.3219,CH-stretch
137,C42H22,0,42,3215.1373,3092.9620826,3081.71675831447,1.2994,CH-stretch
137,C42H22,0,42,3216.0336,3093.8243232,3081.74168969748,28.1748,CH-stretch
137,C42H22,0,42,3216.7118,3094.4767516,3083.18187387516,2.5799,CH-stretch
137,C42H22,0,42,3217.8024,3095.5259088,3083.45365305066,27.6088,CH-stretch
137,C42H22,0,42,3219.7181,3097.3688122,3085.66355275787,15.4328,CH-stretch
137,C42H22,0,42,3225.2241,3102.6655842,3091.2627179779,4.5865,CH-stretch
137,C42H22,0,42,3231.2437,3108.4564394,3096.7278140026,14.0711,CH-stretch
137,C42H22,0,42,3233.6586,3110.7795732,3095.75986055321,120.1095,CH-stretch
137,C42H22,0,42,3234.5219,3111.6100678,3098.7577661683,49.8746,CH-stretch
137,C42H22,0,42,3237.779,3114.743398,3103.33764848337,2.5026,CH-stretch
137,C42H22,0,42,3240.7135,3117.566387,3105.84099564728,12.3645,CH-stretch
831,C17H11N,0,17,66.2027,63.6869974,70.5192731609998,0.168,low / skeletal
831,C17H11N,0,17,72.3412,69.5922344,76.2475241618931,0.5873,low / skeletal
831,C17H11N,0,17,153.3715,147.543383,153.789651349535,0.9025,low / skeletal
831,C17H11N,0,17,170.4947,164.0159014,170.297307204294,0.6908,low / skeletal
831,C17H11N,0,17,190.5255,183.285531,189.374551135987,0.0694,low / skeletal
831,C17H11N,0,17,282.9527,272.2004974,277.504987749104,2.7329,low / skeletal
831,C17H11N,0,17,302.4903,290.9956686,296.337434158636,1.1498,low / skeletal
831,C17H11N,0,17,319.416,307.278192,312.814727385992,1.4684,low / skeletal
831,C17H11N,0,17,372.9552,358.7829024,364.128518678795,0.1262,low / skeletal
831,C17H11N,0,17,421.7366,405.7106092,410.190536433039,3.0605,low / skeletal
831,C17H11N,0,17,442.0402,425.2426724,429.643430660347,0.6155,low / skeletal
831,C17H11N,0,17,480.0968,461.8531216,466.288129429505,2.2913,low / skeletal
831,C17H11N,0,17,495.1006,476.2867772,480.201381415982,2.1166,low / skeletal
831,C17H11N,0,17,514.2454,494.7040748,499.264496209361,2.6495,low / skeletal
831,C17H11N,0,17,541.9135,521.320787,525.139727821612,1.3052,low / skeletal
831,C17H11N,0,17,562.3629,540.9931098,545.542018553276,1.4206,low / skeletal
831,C17H11N,0,17,569.5021,547.8610202,550.930243709838,9.3935,low / skeletal
831,C17H11N,0,17,602.3059,579.4182758,582.989424903396,0.3348,low / skeletal
831,C17H11N,0,17,605.7568,582.7380416,586.628490603949,6.3249,low / skeletal
831,C17H11N,0,17,652.1599,627.3778238,631.274195166287,4.7071,low / skeletal
831,C17H11N,0,17,684.8911,658.8652382,662.347605839243,4.0674,CH-oop
831,C17H11N,0,17,731.4075,703.614015,706.297202702883,1.5383,CH-oop
831,C17H11N,0,17,739.611,711.505782,715.157527456408,0.532,CH-oop
831,C17H11N,0,17,780.8712,751.1980944,753.350847448015,0.0075,CH-oop
831,C17H11N,0,17,788.7983,758.8239646,761.794505440948,1.9642,CH-oop
831,C17H11N,0,17,789.6481,759.6414722,755.356135740779,88.1156,CH-oop
831,C17H11N,0,17,813.3783,782.4699246,784.809437121348,0.2867,CH-oop
831,C17H11N,0,17,824.5982,793.2634684,796.134510747061,0.4111,CH-oop
831,C17H11N,0,17,833.2943,801.6291166,803.63339849575,0.2927,CH-oop
831,C17H11N,0,17,878.4987,845.1157494,843.991694940371,40.0358,CH-oop
831,C17H11N,0,17,904.8292,870.4456904,871.162983984911,11.2395,CH-oop
831,C17H11N,0,17,905.5263,871.1163006,872.900432159612,3.9143,CH-oop
831,C17H11N,0,17,912.2411,877.5759382,878.756051671064,4.5511,CH-oop
831,C17H11N,0,17,951.0418,914.9022116,917.277139905766,0.4444,CH-oop
831,C17H11N,0,17,954.1136,917.8572832,918.093134484121,14.7386,CH-oop
831,C17H11N,0,17,987.3226,949.8043412,950.552417166928,3.9637,ring / CH-ip
831,C17H11N,0,17,1007.5582,969.2709884,969.883659850927,4.2758,ring / CH-ip
831,C17H11N,0,17,1017.2454,978.5900748,980.239823869974,2.7817,ring / CH-ip
831,C17H11N,0,17,1028.6261,989.5383082,990.335940678429,0.0094,ring / CH-ip
831,C17H11N,0,17,1039.1017,999.6158354,1000.36161697285,0.0001,ring / CH-ip
831,C17H11N,0,17,1042.0573,1002.4591226,1003.18260823333,0.0684,ring / CH-ip
831,C17H11N,0,17,1046.5014,1006.7343468,1007.48452317683,2.5554,ring / CH-ip
831,C17H11N,0,17,1082.9256,1041.7744272,1042.33304030596,2.3426,ring / CH-ip
831,C17H11N,0,17,1147.2169,1103.6226578,1103.863928777,1.6763,CH-ip-bend
831,C17H11N,0,17,1179.1536,1134.3457632,1134.0730307299,4.5042,CH-ip-bend
831,C17H11N,0,17,1196.2627,1150.8047174,1150.48231182794,2.8215,CH-ip-bend
831,C17H11N,0,17,1215.9761,1169.7690082,1169.44414736737,1.0589,CH-ip-bend
831,C17H11N,0,17,1231.6691,1184.8656742,1184.38464722519,1.6231,CH-ip-bend
831,C17H11N,0,17,1247.0934,1199.7038508,1199.3108887751,1.5958,CH-ip-bend
831,C17H11N,0,17,1270.0756,1221.8127272,1221.36871764024,0.7035,CH-ip-bend
831,C17H11N,0,17,1277.8512,1229.2928544,1228.68368211943,2.6869,CH-ip-bend
831,C17H11N,0,17,1293.0628,1243.9264136,1243.05430602617,6.2499,CH-ip-bend
831,C17H11N,0,17,1333.2921,1282.6270002,1282.02365274955,1.465,CC-stretch/CH-ip
831,C17H11N,0,17,1346.5036,1295.3364632,1294.56155208876,1.0,CC-stretch/CH-ip
831,C17H11N,0,17,1372.7117,1320.5486554,1319.68455474289,4.4631,CC-stretch/CH-ip
831,C17H11N,0,17,1373.9174,1321.7085388,1320.51948385778,5.4609,CC-stretch/CH-ip
831,C17H11N,0,17,1395.7382,1342.7001484,1341.38935712681,10.135,CC-stretch/CH-ip
831,C17H11N,0,17,1427.3353,1373.0965586,1371.65379891322,9.3605,CC-stretch/CH-ip
831,C17H11N,0,17,1446.031,1391.081822,1389.70965666122,8.792,CC-stretch/CH-ip
831,C17H11N,0,17,1474.2712,1418.2488944,1416.37578222462,4.9359,CC-stretch/CH-ip
831,C17H11N,0,17,1511.681,1454.237122,1452.6050189987,0.7178,CC-stretch/CH-ip
831,C17H11N,0,17,1518.409,1460.709458,1458.79046307391,3.6963,CC-stretch/CH-ip
831,C17H11N,0,17,1539.4821,1480.9817802,1478.84774020064,5.9539,CC-stretch/CH-ip
831,C17H11N,0,17,1560.7254,1501.4178348,1497.87122893696,26.5592,CC-stretch/CH-ip
831,C17H11N,0,17,1588.8459,1528.4697558,1526.517105327,11.59,CC-stretch
831,C17H11N,0,17,1608.1256,1547.0168272,1545.59758071085,3.1976,CC-stretch
831,C17H11N,0,17,1638.8542,1576.5777404,1574.5282005041,8.3788,CC-stretch
831,C17H11N,0,17,3179.2884,3058.4754408,3047.22341129939,3.2578,CH-stretch
831,C17H11N,0,17,3181.9232,3061.0101184,3049.89438541743,1.1868,CH-stretch
831,C17H11N,0,17,3187.1465,3066.034933,3054.23141534251,10.2676,CH-stretch
831,C17H11N,0,17,3191.7683,3070.4811046,3058.32194564923,14.8093,CH-stretch
831,C17H11N,0,17,3194.8768,3073.4714816,3061.39142158793,13.4978,CH-stretch
831,C17H11N,0,17,3199.7097,3078.1207314,3066.34840162687,8.9259,CH-stretch
831,C17H11N,0,17,3210.9688,3088.9519856,3076.61782013914,15.8289,CH-stretch
831,C17H11N,0,17,3211.6156,3089.5742072,3074.5383548172,52.9285,CH-stretch
831,C17H11N,0,17,3222.201,3099.757362,3085.90910806596,35.8261,CH-stretch
831,C17H11N,0,17,3228.5737,3105.8878994,3092.74596775648,25.6531,CH-stretch
831,C17H11N,0,17,3229.4669,3106.7471578,3094.64972779351,11.2141,CH-stretch
813,C28H16-,-1,28,-3.6573,-3.5183226,3.84149677726305,0.0182,low / skeletal
813,C28H16-,-1,28,69.9745,67.315469,74.2639154945746,0.2819,low / skeletal
813,C28H16-,-1,28,107.8105,103.713701,110.226160551281,1.1127,low / skeletal
813,C28H16-,-1,28,134.9829,129.8535498,136.455681459695,34.8716,low / skeletal
813,C28H16-,-1,28,161.7927,155.6445774,161.984983558063,0.0078,low / skeletal
813,C28H16-,-1,28,256.2939,246.5547318,252.889224490362,1.163,low / skeletal
813,C28H16-,-1,28,259.801,249.928562,255.766656934608,91.702,low / skeletal
813,C28H16-,-1,28,270.1802,259.9133524,265.506527143062,0.0005,low / skeletal
813,C28H16-,-1,28,310.0961,298.3124482,303.724689414549,0.7674,low / skeletal
813,C28H16-,-1,28,318.7723,306.6589526,312.410322382397,510.7656,low / skeletal
813,C28H16-,-1,28,365.5334,351.6431308,356.984179098094,0.3943,low / skeletal
813,C28H16-,-1,28,394.7839,379.7821118,384.978267777363,482.2394,low / skeletal
813,C28H16-,-1,28,407.4639,391.9802718,396.76200025737,0.0004,low / skeletal
813,C28H16-,-1,28,439.7414,423.0312268,427.441494207143,0.7829,low / skeletal
813,C28H16-,-1,28,443.685,426.82497,432.110590106363,4.0607,low / skeletal
813,C28H16-,-1,28,469.7698,451.9185476,456.076509809104,2.2128,low / skeletal
813,C28H16-,-1,28,473.6888,455.6886256,460.676019501705,1.0542,low / skeletal
813,C28H16-,-1,28,525.1424,505.1869888,509.282313343133,0.0001,low / skeletal
813,C28H16-,-1,28,548.4184,527.5785008,531.990935457509,240.4132,low / skeletal
813,C28H16-,-1,28,570.1032,548.4392784,553.166627239713,219.9532,low / skeletal
813,C28H16-,-1,28,601.8387,578.9688294,583.453636211576,54.3426,low / skeletal
813,C28H16-,-1,28,609.5483,586.3854646,589.898661043789,4.4522,low / skeletal
813,C28H16-,-1,28,631.7189,607.7135818,611.958554210573,883.9659,low / skeletal
813,C28H16-,-1,28,654.4104,629.5428048,633.63213124207,3.3966,low / skeletal
813,C28H16-,-1,28,656.8879,631.9261598,635.490502561104,0.696,low / skeletal
813,C28H16-,-1,28,679.4117,653.5940554,657.469596187777,0.5671,CH-oop
813,C28H16-,-1,28,682.8345,656.886789,660.829052321779,1805.03,CH-oop
813,C28H16-,-1,28,695.5952,669.1625824,671.905191280504,11.1071,CH-oop
813,C28H16-,-1,28,732.8229,704.9756298,707.398377327625,5.0827,CH-oop
813,C28H16-,-1,28,741.524,713.346088,717.207815502312,1993.6195,CH-oop
813,C28H16-,-1,28,774.8007,745.3582734,747.552466392067,112.5653,CH-oop
813,C28H16-,-1,28,784.5346,754.7222852,757.910949760041,16.2002,CH-oop
813,C28H16-,-1,28,791.6227,761.5410374,763.701214668138,103.5859,CH-oop
813,C28H16-,-1,28,800.6202,770.1966324,772.578604682451,1.7203,CH-oop
813,C28H16-,-1,28,811.7484,780.9019608,783.894444709345,1.1887,CH-oop
813,C28H16-,-1,28,831.813,800.204106,803.385577373503,73.5414,CH-oop
813,C28H16-,-1,28,851.2535,818.905867,821.502147339327,42.3649,CH-oop
813,C28H16-,-1,28,874.1176,840.9011312,842.580568085637,1.9261,CH-oop
813,C28H16-,-1,28,893.3878,859.4390636,860.999977430294,11.5938,CH-oop
813,C28H16-,-1,28,943.8254,907.9600348,910.312837742542,10.3301,CH-oop
813,C28H16-,-1,28,958.3404,921.9234648,923.120327393947,0.0985,CH-oop
813,C28H16-,-1,28,970.4928,933.6140736,934.730089888921,2.6305,CH-oop
813,C28H16-,-1,28,1008.4943,970.1715166,972.297722214897,5.0937,ring / CH-ip
813,C28H16-,-1,28,1043.8909,1004.2230458,1005.96455900714,2.1271,ring / CH-ip
813,C28H16-,-1,28,1065.324,1024.841688,1026.80529008824,245.7732,ring / CH-ip
813,C28H16-,-1,28,1068.4514,1027.8502468,1028.66166308788,15.4862,ring / CH-ip
813,C28H16-,-1,28,1096.6982,1055.0236684,1055.65810959384,14.2118,ring / CH-ip
813,C28H16-,-1,28,1116.0562,1073.6460644,1074.54853940511,13.644,ring / CH-ip
813,C28H16-,-1,28,1124.8278,1082.0843436,1082.68053996961,0.1745,ring / CH-ip
813,C28H16-,-1,28,1144.901,1101.394762,1101.85453005308,4.8584,CH-ip-bend
813,C28H16-,-1,28,1156.1141,1112.1817642,1112.38567119436,4.5217,CH-ip-bend
813,C28H16-,-1,28,1161.7967,1117.6484254,1117.83048215156,15.5379,CH-ip-bend
813,C28H16-,-1,28,1194.6022,1149.2073164,1149.20209960468,0.2497,CH-ip-bend
813,C28H16-,-1,28,1210.9117,1164.8970554,1164.63336781296,10.2516,CH-ip-bend
813,C28H16-,-1,28,1227.4986,1180.8536532,1180.50911411253,29.6479,CH-ip-bend
813,C28H16-,-1,28,1246.8266,1199.4471892,1199.01223235128,72.8033,CH-ip-bend
813,C28H16-,-1,28,1247.9866,1200.5631092,1200.17844358362,7.3934,CH-ip-bend
813,C28H16-,-1,28,1275.654,1227.179148,1226.95070102094,64.9462,CH-ip-bend
813,C28H16-,-1,28,1290.281,1241.250322,1240.93024566106,9.4408,CH-ip-bend
813,C28H16-,-1,28,1295.352,1246.128624,1245.63475799505,1.298,CH-ip-bend
813,C28H16-,-1,28,1309.5183,1259.7566046,1259.25974569474,153.8575,CC-stretch/CH-ip
813,C28H16-,-1,28,1316.0288,1266.0197056,1266.11205784745,326.2932,CC-stretch/CH-ip
813,C28H16-,-1,28,1324.3451,1274.0199862,1273.46324145321,200.3285,CC-stretch/CH-ip
813,C28H16-,-1,28,1336.4199,1285.6359438,1284.88223695089,1.1359,CC-stretch/CH-ip
813,C28H16-,-1,28,1338.0937,1287.2461394,1286.57247789124,11.5312,CC-stretch/CH-ip
813,C28H16-,-1,28,1365.554,1313.662948,1313.83390305632,5.0094,CC-stretch/CH-ip
813,C28H16-,-1,28,1365.6327,1313.7386574,1312.92032812242,30.5426,CC-stretch/CH-ip
813,C28H16-,-1,28,1372.9193,1320.7483666,1321.25675973551,152.6521,CC-stretch/CH-ip
813,C28H16-,-1,28,1389.5183,1336.7166046,1336.88743660898,49.621,CC-stretch/CH-ip
813,C28H16-,-1,28,1393.517,1340.563354,1339.99304909351,7.7778,CC-stretch/CH-ip
813,C28H16-,-1,28,1395.3683,1342.3443046,1342.77625144207,259.61,CC-stretch/CH-ip
813,C28H16-,-1,28,1432.3654,1377.9355148,1377.66482697923,247.368,CC-stretch/CH-ip
813,C28H16-,-1,28,1438.9286,1384.2493132,1382.95009499111,149.3346,CC-stretch/CH-ip
813,C28H16-,-1,28,1468.4058,1412.6063796,1411.15527793204,225.3098,CC-stretch/CH-ip
813,C28H16-,-1,28,1491.271,1434.602702,1433.08584746986,3.0059,CC-stretch/CH-ip
813,C28H16-,-1,28,1494.7104,1437.9114048,1436.2907195876,63.7857,CC-stretch/CH-ip
813,C28H16-,-1,28,1513.9746,1456.4435652,1455.14711166936,3.3272,CC-stretch/CH-ip
813,C28H16-,-1,28,1528.3589,1470.2812618,1468.70033260355,4.7433,CC-stretch/CH-ip
813,C28H16-,-1,28,1536.1386,1477.7653332,1475.99847138014,5.0608,CC-stretch/CH-ip
813,C28H16-,-1,28,1550.9565,1492.020153,1490.26259397213,1.5082,CC-stretch/CH-ip
813,C28H16-,-1,28,1553.6877,1494.6475674,1492.93102729992,0.3304,CC-stretch/CH-ip
813,C28H16-,-1,28,1586.187,1525.911894,1524.19387736573,141.5688,CC-stretch
813,C28H16-,-1,28,1596.6349,1535.9627738,1534.43977224542,8.4376,CC-stretch
813,C28H16-,-1,28,1598.3416,1537.6046192,1536.1251298411,140.1947,CC-stretch
813,C28H16-,-1,28,1609.9261,1548.7489082,1547.59932539748,87.7515,CC-stretch
813,C28H16-,-1,28,1611.2997,1550.0703114,1548.41310808297,0.0289,CC-stretch
813,C28H16-,-1,28,1621.7789,1560.1513018,1558.58639411588,54.1257,CC-stretch
813,C28H16-,-1,28,1631.2469,1569.2595178,1568.1967952902,12.1379,CC-stretch
813,C28H16-,-1,28,3134.4563,3015.3469606,3004.57119733576,1.0857,CH-stretch
813,C28H16-,-1,28,3143.4208,3023.9708096,3013.14845219299,19.7585,CH-stretch
813,C28H16-,-1,28,3157.5239,3037.5379918,3026.64136080827,73.1095,CH-stretch
813,C28H16-,-1,28,3160.1932,3040.1058584,3029.19035436188,167.9243,CH-stretch
813,C28H16-,-1,28,3160.4893,3040.3907066,3029.47666783806,1.2196,CH-stretch
813,C28H16-,-1,28,3164.0641,3043.8296642,3032.89513283423,34.3365,CH-stretch
813,C28H16-,-1,28,3177.1071,3056.3770302,3045.37519593282,199.4809,CH-stretch
813,C28H16-,-1,28,3184.1606,3063.1624972,3052.12187558032,90.5024,CH-stretch
813,C28H16-,-1,28,3184.554,3063.540948,3052.4978442489,2.7749,CH-stretch
813,C28H16-,-1,28,3188.0959,3066.9482558,3055.88623835727,9.3022,CH-stretch
813,C28H16-,-1,28,3205.6735,3083.857907,3072.70314205285,0.0845,CH-stretch
813,C28H16-,-1,28,3207.7495,3085.855019,3074.68946180487,0.9025,CH-stretch
813,C28H16-,-1,28,3226.2979,3103.6985798,3092.43025110203,6.96,CH-stretch
813,C28H16-,-1,28,3227.1538,3104.5219556,3093.24938510227,10.9661,CH-stretch
813,C28H16-,-1,28,3229.2791,3106.5664942,3095.28146096335,61.5634,CH-stretch
813,C28H16-,-1,28,3232.3098,3109.4820276,3098.18154792252,39.8764,CH-stretch
307,C22H14,0,22,38.1754,36.7247348,43.9685388822654,0.339,low / skeletal
307,C22H14,0,22,122.0143,117.3777566,124.014582609531,0.9603,low / skeletal
307,C22H14,0,22,197.7179,190.2046198,196.45316916492,0.8616,low / skeletal
307,C22H14,0,22,372.8358,358.6680396,363.789391725692,0.1329,low / skeletal
307,C22H14,0,22,386.6483,371.9556646,376.737493847148,0.0257,low / skeletal
307,C22H14,0,22,480.4533,462.1960746,465.304829749883,21.6036,low / skeletal
307,C22H14,0,22,487.8453,469.3071786,473.13973550564,5.5179,low / skeletal
307,C22H14,0,22,503.8229,484.6776298,489.263048386899,7.3086,low / skeletal
307,C22H14,0,22,597.2215,574.527083,578.807333877664,2.5567,low / skeletal
307,C22H14,0,22,661.7318,636.5859916,640.391551865136,4.9298,low / skeletal
307,C22H14,0,22,756.1137,727.3813794,730.437058631468,4.7074,CH-oop
307,C22H14,0,22,766.2952,737.1759824,736.224750811049,72.6053,CH-oop
307,C22H14,0,22,861.4851,828.7486662,831.442345450273,0.1191,CH-oop
307,C22H14,0,22,863.8841,831.0565042,831.914598688704,19.8238,CH-oop
307,C22H14,0,22,899.9068,865.7103416,867.519736761085,0.0957,CH-oop
307,C22H14,0,22,951.3483,915.1970646,917.382781291131,2.0414,CH-oop
307,C22H14,0,22,953.1008,916.8829696,913.655307550312,102.8148,CH-oop
307,C22H14,0,22,1002.7559,964.6511758,965.1435743374,10.4086,ring / CH-ip
307,C22H14,0,22,1035.1714,995.8348868,996.728853119596,3.6663,ring / CH-ip
307,C22H14,0,22,1166.0474,1121.7375988,1121.80638862151,5.4964,CH-ip-bend
307,C22H14,0,22,1181.8799,1136.9684638,1136.93731356525,2.8877,CH-ip-bend
307,C22H14,0,22,1225.1591,1178.6030542,1178.27385737201,0.1724,CH-ip-bend
307,C22H14,0,22,1250.28,1202.76936,1202.24330009836,2.3808,CH-ip-bend
307,C22H14,0,22,1282.5255,1233.789531,1233.31781912231,1.2829,CH-ip-bend
307,C22H14,0,22,1339.5063,1288.6050606,1287.70161393688,1.1348,CC-stretch/CH-ip
307,C22H14,0,22,1346.8751,1295.6938462,1294.45009198117,23.9654,CC-stretch/CH-ip
307,C22H14,0,22,1389.717,1336.907754,1335.4370542743,11.5657,CC-stretch/CH-ip
307,C22H14,0,22,1410.6427,1357.0382774,1355.93944029647,0.9495,CC-stretch/CH-ip
307,C22H14,0,22,1436.984,1382.378608,1382.42278866438,0.829,CC-stretch/CH-ip
307,C22H14,0,22,1454.9558,1399.6674796,1398.61733376096,1.0243,CC-stretch/CH-ip
307,C22H14,0,22,1507.646,1450.355452,1448.90798447683,0.8796,CC-stretch/CH-ip
307,C22H14,0,22,1512.4235,1454.951407,1453.17501039617,1.1598,CC-stretch/CH-ip
307,C22H14,0,22,1568.6246,1509.0168652,1507.34449396107,2.3586,CC-stretch
307,C22H14,0,22,1597.0345,1536.347189,1535.19204298611,1.6331,CC-stretch
307,C22H14,0,22,3171.0069,3050.5086378,3039.42362673728,2.6512,CH-stretch
307,C22H14,0,22,3174.9077,3054.2612074,3043.03268999066,5.4545,CH-stretch
307,C22H14,0,22,3175.8161,3055.1350882,3043.23711613895,20.6318,CH-stretch
307,C22H14,0,22,3177.8221,3057.0648602,3044.17949971563,42.9366,CH-stretch
307,C22H14,0,22,3181.7703,3060.8630286,3049.60020570135,5.3614,CH-stretch
307,C22H14,0,22,3198.1306,3076.6016372,3061.95920953047,80.6759,CH-stretch
307,C22H14,0,22,3213.5536,3091.4385632,3074.01652302284,142.3625,CH-stretch
265,C14H10,0,14,93.3216,89.7753792,96.4442631497516,1.0258,low / skeletal
265,C14H10,0,14,242.0218,232.8249716,238.550884588311,1.2919,low / skeletal
265,C14H10,0,14,395.5419,380.5113078,385.220566855257,0.0495,low / skeletal
265,C14H10,0,14,490.4535,471.816267,474.652082256596,17.4708,low / skeletal
265,C14H10,0,14,639.5194,615.2176628,618.869275135242,7.5282,low / skeletal
265,C14H10,0,14,679.9929,654.1531698,657.881146524115,0.6146,CH-oop
265,C14H10,0,14,760.4861,731.5876282,728.767526718422,75.7685,CH-oop
265,C14H10,0,14,830.9984,799.4204608,801.850600556629,0.0109,CH-oop
265,C14H10,0,14,922.3169,887.2688578,884.357657425683,64.6553,CH-oop
265,C14H10,0,14,947.7077,911.6948074,913.808954884092,1.6762,CH-oop
265,C14H10,0,14,1002.8232,964.7159184,965.113014609849,8.3126,ring / CH-ip
265,C14H10,0,14,1044.583,1004.888846,1005.64611711809,3.2077,ring / CH-ip
265,C14H10,0,14,1206.4985,1160.651557,1160.17903206649,4.7182,CH-ip-bend
265,C14H10,0,14,1208.501,1162.577962,1162.21937841848,3.3483,CH-ip-bend
265,C14H10,0,14,1220.1533,1173.7874746,1173.44964902296,1.0061,CH-ip-bend
265,C14H10,0,14,1330.1432,1279.5977584,1278.30459737962,10.1564,CC-stretch/CH-ip
265,C14H10,0,14,1368.1989,1316.2073418,1315.37974714373,1.996,CC-stretch/CH-ip
265,C14H10,0,14,1401.6351,1348.3729662,1347.33147094248,4.1422,CC-stretch/CH-ip
265,C14H10,0,14,1444.337,1389.452194,1388.63579153822,0.071,CC-stretch/CH-ip
265,C14H10,0,14,1518.8939,1461.1759318,1459.16585122361,3.5714,CC-stretch/CH-ip
265,C14H10,0,14,1519.3492,1461.6139304,1459.8706578207,2.0421,CC-stretch/CH-ip
265,C14H10,0,14,1601.1302,1540.2872524,1538.56824158394,4.9212,CC-stretch
265,C14H10,0,14,3172.5954,3052.0367748,3040.31387916735,11.1428,CH-stretch
265,C14H10,0,14,3178.2374,3057.4643788,3045.2216259636,18.4325,CH-stretch
265,C14H10,0,14,3181.8139,3060.9049718,3049.87613076563,0.0058,CH-stretch
265,C14H10,0,14,3198.2575,3076.723715,3060.18278859037,81.1318,CH-stretch
265,C14H10,0,14,3213.5162,3091.4025844,3073.8238753774,95.4486,CH-stretch
391,C20H12,0,20,67.6023,65.0334126,71.8550649190668,0.7443,low / skeletal
391,C20H12,0,20,100.4691,96.6512742,103.142167012569,0.0935,low / skeletal
391,C20H12,0,20,119.9943,115.4345166,121.745787231069,1.3551,low / skeletal
391,C20H12,0,20,158.1206,152.1120172,158.385641044308,0.0471,low / skeletal
391,C20H12,0,20,167.1219,160.7712678,167.098682502052,0.1163,low / skeletal
391,C20H12,0,20,243.7357,234.4737434,240.100865113419,0.6101,low / skeletal
391,C20H12,0,20,276.2044,265.7086328,271.356944103266,0.1465,low / skeletal
391,C20H12,0,20,278.7378,268.1457636,273.621408425113,0.4948,low / skeletal
391,C20H12,0,20,333.742,321.059804,326.369472556047,0.1491,low / skeletal
391,C20H12,0,20,343.3438,330.2967356,335.960363217388,0.1532,low / skeletal
391,C20H12,0,20,407.2078,391.7339036,396.942479369077,0.1359,low / skeletal
391,C20H12,0,20,438.3205,421.664321,426.223603926632,0.0383,low / skeletal
391,C20H12,0,20,448.0808,431.0537296,435.40187145951,0.6303,low / skeletal
391,C20H12,0,20,483.4778,465.1056436,469.221665703506,2.1342,low / skeletal
391,C20H12,0,20,502.7251,483.6215462,488.348777888472,0.6289,low / skeletal
391,C20H12,0,20,527.1076,507.0775112,510.451918546754,5.5311,low / skeletal
391,C20H12,0,20,569.1984,547.5688608,551.509953682549,2.9283,low / skeletal
391,C20H12,0,20,583.2358,561.0728396,564.776656264802,0.1503,low / skeletal
391,C20H12,0,20,593.0818,570.5446916,574.84284613246,2.47,low / skeletal
391,C20H12,0,20,624.0937,600.3781394,604.251894308737,1.4616,low / skeletal
391,C20H12,0,20,637.2443,613.0290166,616.529125735011,0.0765,low / skeletal
391,C20H12,0,20,654.9717,630.0827754,633.207864915836,1.6852,low / skeletal
391,C20H12,0,20,655.0386,630.1471332,633.590384234397,6.7523,low / skeletal
391,C20H12,0,20,698.6373,672.0890826,675.775422011676,0.1832,CH-oop
391,C20H12,0,20,719.2205,691.890121,695.470002717627,0.5507,CH-oop
391,C20H12,0,20,767.5189,738.3531818,738.444227080104,22.2415,CH-oop
391,C20H12,0,20,778.1096,748.5414352,744.49005313496,60.231,CH-oop
391,C20H12,0,20,783.6511,753.8723582,755.146422504595,9.1239,CH-oop
391,C20H12,0,20,796.0208,765.7720096,767.375879768499,5.4456,CH-oop
391,C20H12,0,20,809.205,778.45521,774.545872259088,58.471,CH-oop
391,C20H12,0,20,819.3474,788.2121988,791.035880992285,0.1634,CH-oop
391,C20H12,0,20,834.565,802.85153,805.662968957827,1.0652,CH-oop
391,C20H12,0,20,852.3121,819.9242402,821.84062793009,1.9258,CH-oop
391,C20H12,0,20,898.1907,864.0594534,865.349298870887,2.4326,CH-oop
391,C20H12,0,20,902.3326,868.0439612,870.543301755257,0.173,CH-oop
391,C20H12,0,20,912.3381,877.6692522,879.082629011604,0.5068,CH-oop
391,C20H12,0,20,940.2842,904.5534004,905.115491545919,7.1361,CH-oop
391,C20H12,0,20,944.9508,909.0426696,909.524055583628,8.0527,CH-oop
391,C20H12,0,20,970.3218,933.4495716,935.461357429156,0.6574,CH-oop
391,C20H12,0,20,979.1293,941.9223866,942.903787154642,1.0488,CH-oop
391,C20H12,0,20,990.2071,952.5792302,953.26328867484,3.2743,ring / CH-ip
391,C20H12,0,20,1012.4027,973.9313974,974.720924901582,0.9868,ring / CH-ip
391,C20H12,0,20,1024.9918,986.0421116,986.860332076109,0.0049,ring / CH-ip
391,C20H12,0,20,1030.9005,991.726281,992.508941996411,0.0488,ring / CH-ip
391,C20H12,0,20,1043.9885,1004.316937,1006.04555710156,1.9047,ring / CH-ip
391,C20H12,0,20,1064.5324,1024.0801688,1024.80715674838,0.9187,ring / CH-ip
391,C20H12,0,20,1078.3011,1037.3256582,1037.79882543759,3.3292,ring / CH-ip
391,C20H12,0,20,1096.3695,1054.707459,1055.25353608899,0.641,ring / CH-ip
391,C20H12,0,20,1121.4029,1078.7895898,1079.53787997688,0.0727,ring / CH-ip
391,C20H12,0,20,1146.7773,1103.1997626,1103.35537528198,2.6754,CH-ip-bend
391,C20H12,0,20,1186.2625,1141.184525,1140.84146578967,4.0557,CH-ip-bend
391,C20H12,0,20,1202.7113,1157.0082706,1156.65604572404,3.3953,CH-ip-bend
391,C20H12,0,20,1228.032,1181.366784,1180.97884504852,0.369,CH-ip-bend
391,C20H12,0,20,1228.1645,1181.494249,1181.04621648653,1.1497,CH-ip-bend
391,C20H12,0,20,1239.7051,1192.5963062,1192.11383542541,1.6687,CH-ip-bend
391,C20H12,0,20,1254.0345,1206.381189,1205.83830395978,1.4062,CH-ip-bend
391,C20H12,0,20,1264.4061,1216.3586682,1216.00259712769,0.8257,CH-ip-bend
391,C20H12,0,20,1289.5545,1240.551429,1239.33924393557,7.5785,CH-ip-bend
391,C20H12,0,20,1328.9519,1278.4517278,1277.70643223901,1.6081,CC-stretch/CH-ip
391,C20H12,0,20,1358.8336,1307.1979232,1306.25503636238,0.7556,CC-stretch/CH-ip
391,C20H12,0,20,1363.6583,1311.8392846,1311.21758267481,1.1434,CC-stretch/CH-ip
391,C20H12,0,20,1366.5969,1314.6662178,1313.90383652595,0.7058,CC-stretch/CH-ip
391,C20H12,0,20,1386.3896,1333.7067952,1333.16337725531,0.3063,CC-stretch/CH-ip
391,C20H12,0,20,1425.7806,1371.6009372,1370.35807865556,3.9034,CC-stretch/CH-ip
391,C20H12,0,20,1435.339,1380.796118,1378.43098382388,13.4929,CC-stretch/CH-ip
391,C20H12,0,20,1478.9138,1422.7150756,1420.62083089349,6.8911,CC-stretch/CH-ip
391,C20H12,0,20,1497.5902,1440.6817724,1435.38816340561,36.504,CC-stretch/CH-ip
391,C20H12,0,20,1511.8556,1454.4050872,1450.23925204535,25.2616,CC-stretch/CH-ip
391,C20H12,0,20,1522.4563,1464.6029606,1462.51022033895,4.401,CC-stretch/CH-ip
391,C20H12,0,20,1530.2834,1472.1326308,1469.69203560644,7.0834,CC-stretch/CH-ip
391,C20H12,0,20,1540.9799,1482.4226638,1480.37810485906,4.0103,CC-stretch/CH-ip
391,C20H12,0,20,1588.7575,1528.384715,1525.29459990428,13.4962,CC-stretch
391,C20H12,0,20,1633.1676,1571.1072312,1569.66613470545,0.385,CC-stretch
391,C20H12,0,20,1651.0126,1588.2741212,1586.179049591,12.0648,CC-stretch
391,C20H12,0,20,3177.9201,3057.1591362,3046.06797394699,0.8006,CH-stretch
391,C20H12,0,20,3180.089,3059.245618,3048.1109223172,1.0963,CH-stretch
391,C20H12,0,20,3182.8325,3061.884865,3049.10285284503,16.7335,CH-stretch
391,C20H12,0,20,3183.8954,3062.9073748,3051.86214750348,0.051,CH-stretch
391,C20H12,0,20,3186.9914,3065.8857268,3054.57061316742,2.4811,CH-stretch
391,C20H12,0,20,3189.4605,3068.261001,3055.99292270141,11.4674,CH-stretch
391,C20H12,0,20,3197.7964,3076.2801368,3065.06346428069,0.9987,CH-stretch
391,C20H12,0,20,3198.9465,3077.386533,3060.28318658925,57.2666,CH-stretch
391,C20H12,0,20,3204.4302,3082.6618524,3071.15904613214,3.397,CH-stretch
391,C20H12,0,20,3212.9804,3090.8871448,3074.909751012,45.789,CH-stretch
391,C20H12,0,20,3213.3986,3091.2894532,3073.59974683564,62.1575,CH-stretch
391,C20H12,0,20,3218.6031,3096.2961822,3080.50952608944,43.6704,CH-stretch
271,C15H9N,0,15,103.7555,99.812791,106.602577240748,0.1922,low / skeletal
271,C15H9N,0,15,217.2772,209.0206664,214.452013282984,4.7621,low / skeletal
271,C15H9N,0,15,271.606,261.284972,266.96340980078,2.6207,low / skeletal
271,C15H9N,0,15,365.9318,352.0263916,357.27009561288,0.0907,low / skeletal
271,C15H9N,0,15,419.665,403.71773,409.446033748539,0.5035,low / skeletal
271,C15H9N,0,15,479.7723,461.5409526,466.463287273471,0.3329,low / skeletal
271,C15H9N,0,15,518.9249,499.2057538,503.507348804077,0.8183,low / skeletal
271,C15H9N,0,15,522.9621,503.0895402,507.280590291216,0.0954,low / skeletal
271,C15H9N,0,15,523.4894,503.5968028,507.876989535281,0.0229,low / skeletal
271,C15H9N,0,15,528.7731,508.6797222,512.743672411778,0.3947,low / skeletal
271,C15H9N,0,15,589.9092,567.4926504,571.91713623983,0.5361,low / skeletal
271,C15H9N,0,15,604.334,581.369308,585.655112356496,0.0005,low / skeletal
271,C15H9N,0,15,628.5083,604.6249846,607.960264570402,2.236,low / skeletal
271,C15H9N,0,15,708.1312,681.2222144,685.173871736523,2.0564,CH-oop
271,C15H9N,0,15,748.3341,719.8974042,719.377614288099,36.1892,CH-oop
271,C15H9N,0,15,781.6763,751.9726006,755.02419728796,1.087,CH-oop
271,C15H9N,0,15,790.8323,760.7806726,762.673117491513,2.2083,CH-oop
271,C15H9N,0,15,832.8875,801.237775,803.5221352922,7.8288,CH-oop
271,C15H9N,0,15,842.74,810.71588,811.765233014394,11.4687,CH-oop
271,C15H9N,0,15,855.7383,823.2202446,825.334337365511,4.8813,CH-oop
271,C15H9N,0,15,876.557,843.247834,840.619430805013,51.085,CH-oop
271,C15H9N,0,15,944.9134,909.0066908,906.699639732065,41.4388,CH-oop
271,C15H9N,0,15,1010.9268,972.5115816,974.14268660109,2.2608,ring / CH-ip
271,C15H9N,0,15,1016.7991,978.1607342,978.926190181151,1.118,ring / CH-ip
271,C15H9N,0,15,1030.6125,991.449225,992.213086912308,0.4108,ring / CH-ip
271,C15H9N,0,15,1051.5064,1011.5491568,1013.28328612055,2.5182,ring / CH-ip
271,C15H9N,0,15,1124.6982,1081.9596684,1082.10209962592,3.4793,ring / CH-ip
271,C15H9N,0,15,1162.6184,1118.4389008,1118.82223554107,0.548,CH-ip-bend
271,C15H9N,0,15,1172.6605,1128.099401,1127.85106555146,7.693,CH-ip-bend
271,C15H9N,0,15,1199.7224,1154.1329488,1153.97355853914,0.349,CH-ip-bend
271,C15H9N,0,15,1205.9666,1160.1398692,1159.84363156254,1.8,CH-ip-bend
271,C15H9N,0,15,1239.8777,1192.7623474,1191.83184460413,6.2078,CH-ip-bend
271,C15H9N,0,15,1263.8269,1215.8014778,1215.21419246366,4.6361,CH-ip-bend
271,C15H9N,0,15,1300.4345,1251.017989,1250.47940737783,0.9248,CC-stretch/CH-ip
271,C15H9N,0,15,1314.0673,1264.1327426,1263.07018381015,4.219,CC-stretch/CH-ip
271,C15H9N,0,15,1316.0201,1266.0113362,1265.17262250999,1.9908,CC-stretch/CH-ip
271,C15H9N,0,15,1334.9413,1284.2135306,1283.38167945911,4.0672,CC-stretch/CH-ip
271,C15H9N,0,15,1384.6367,1332.0205054,1331.12280898318,2.5026,CC-stretch/CH-ip
271,C15H9N,0,15,1407.1068,1353.6367416,1353.87326411933,4.3204,CC-stretch/CH-ip
271,C15H9N,0,15,1442.6696,1387.8481552,1385.87440671187,6.7799,CC-stretch/CH-ip
271,C15H9N,0,15,1456.4747,1401.1286614,1400.5582351292,0.5266,CC-stretch/CH-ip
271,C15H9N,0,15,1487.5268,1431.0007816,1429.08169532721,3.7364,CC-stretch/CH-ip
271,C15H9N,0,15,1492.4215,1435.709483,1432.86962005984,14.8694,CC-stretch/CH-ip
271,C15H9N,0,15,1502.3481,1445.2588722,1443.46759897702,6.0496,CC-stretch/CH-ip
271,C15H9N,0,15,1503.9763,1446.8252006,1445.57695115741,2.5982,CC-stretch/CH-ip
271,C15H9N,0,15,1554.8391,1495.7552142,1494.09519139812,0.1046,CC-stretch/CH-ip
271,C15H9N,0,15,1592.3156,1531.8076072,1529.90292246304,3.5665,CC-stretch
271,C15H9N,0,15,1629.2492,1567.3377304,1566.16082934261,5.0892,CC-stretch
271,C15H9N,0,15,1643.759,1581.296158,1579.44650229713,3.8825,CC-stretch
271,C15H9N,0,15,3177.8844,3057.1247928,3043.63717948048,28.2456,CH-stretch
271,C15H9N,0,15,3180.0398,3059.1982876,3048.13645470639,0.4826,CH-stretch
271,C15H9N,0,15,3180.9394,3060.0637028,3048.75571976735,3.2318,CH-stretch
271,C15H9N,0,15,3182.9013,3061.9510506,3050.88489941191,0.3554,CH-stretch
271,C15H9N,0,15,3184.9031,3063.8767822,3050.99173778299,20.9907,CH-stretch
271,C15H9N,0,15,3191.2978,3070.0284836,3057.86936765422,12.3102,CH-stretch
271,C15H9N,0,15,3201.7829,3080.1151498,3062.52553576898,73.538,CH-stretch
271,C15H9N,0,15,3202.2996,3080.6122152,3069.3021669975,2.0012,CH-stretch
271,C15H9N,0,15,3211.0541,3089.0340442,3074.39314611543,39.3911,CH-stretch
394,C20H12+,1,20,60.1605,57.874401,64.8878502345772,2.1398,low / skeletal
394,C20H12+,1,20,140.5302,135.1900524,141.70002724827,1.4661,low / skeletal
394,C20H12+,1,20,161.6539,155.5110518,161.93173665436,0.4215,low / skeletal
394,C20H12+,1,20,171.7108,165.1857896,171.246165864929,3.9467,low / skeletal
394,C20H12+,1,20,295.7918,284.5517116,290.464483811574,0.6092,low / skeletal
394,C20H12+,1,20,320.9821,308.7847802,314.24499419577,1.1715,low / skeletal
394,C20H12+,1,20,322.6534,310.3925708,315.865032471727,2.933,low / skeletal
394,C20H12+,1,20,416.0219,400.2130678,404.770245296439,0.9819,low / skeletal
394,C20H12+,1,20,465.7542,448.0555404,452.074693307193,14.9592,low / skeletal
394,C20H12+,1,20,469.651,451.804262,456.379135090597,2.604,low / skeletal
394,C20H12+,1,20,474.3763,456.3500006,460.581051401439,2.6267,low / skeletal
394,C20H12+,1,20,500.1836,481.1766232,486.03666721701,2.5939,low / skeletal
394,C20H12+,1,20,559.9796,538.7003752,543.415598951201,0.8911,low / skeletal
394,C20H12+,1,20,577.0209,555.0941058,559.538611160044,5.4212,low / skeletal
394,C20H12+,1,20,611.3827,588.1501574,592.048796912985,2.9679,low / skeletal
394,C20H12+,1,20,626.8349,603.0151738,607.126089819802,6.8882,low / skeletal
394,C20H12+,1,20,629.412,605.494344,609.072457126147,3.2443,low / skeletal
394,C20H12+,1,20,691.9773,665.6821626,669.454159157518,4.9534,CH-oop
394,C20H12+,1,20,713.063,685.966606,689.712489935769,4.2806,CH-oop
394,C20H12+,1,20,785.6962,755.8397444,757.025889393885,82.3902,CH-oop
394,C20H12+,1,20,785.7641,755.9050642,758.858865840849,0.8404,CH-oop
394,C20H12+,1,20,794.8074,764.6047188,766.736995840065,0.076,CH-oop
394,C20H12+,1,20,837.9149,806.0741338,808.783858491818,1.3688,CH-oop
394,C20H12+,1,20,863.2468,830.4434216,831.497789456426,71.0219,CH-oop
394,C20H12+,1,20,907.7993,873.3029266,875.826324332476,4.2854,CH-oop
394,C20H12+,1,20,951.5932,915.4326584,916.46600585867,19.2213,CH-oop
394,C20H12+,1,20,956.3892,920.0464104,921.86002317126,2.9912,CH-oop
394,C20H12+,1,20,981.6595,944.356439,945.432284882394,1.1808,CH-oop
394,C20H12+,1,20,982.909,945.558458,947.555991656833,1.8746,CH-oop
394,C20H12+,1,20,1014.5775,976.023555,976.868285207102,4.8146,ring / CH-ip
394,C20H12+,1,20,1049.7553,1009.8645986,1010.56601469654,0.21,ring / CH-ip
394,C20H12+,1,20,1058.6497,1018.4210114,1019.44349434492,17.6881,ring / CH-ip
394,C20H12+,1,20,1073.2155,1032.433311,1033.04775058515,16.3934,ring / CH-ip
394,C20H12+,1,20,1096.6421,1054.9697002,1055.55437883041,0.195,ring / CH-ip
394,C20H12+,1,20,1128.5737,1085.6878994,1086.30268199392,1.862,ring / CH-ip
394,C20H12+,1,20,1137.111,1093.900782,1094.09028393737,21.8252,ring / CH-ip
394,C20H12+,1,20,1177.4901,1132.7454762,1132.77625063557,6.2937,CH-ip-bend
394,C20H12+,1,20,1206.989,1161.123418,1159.97646393218,84.6124,CH-ip-bend
394,C20H12+,1,20,1235.8158,1188.8547996,1187.80662845895,55.0229,CH-ip-bend
394,C20H12+,1,20,1241.0303,1193.8711486,1193.03251162949,58.262,CH-ip-bend
394,C20H12+,1,20,1249.6895,1202.201299,1200.6032756928,97.1657,CH-ip-bend
394,C20H12+,1,20,1266.889,1218.747218,1216.76949521762,132.0197,CH-ip-bend
394,C20H12+,1,20,1281.5435,1232.844847,1232.02740736247,32.8873,CH-ip-bend
394,C20H12+,1,20,1297.8953,1248.5752786,1247.9979274048,0.005,CH-ip-bend
394,C20H12+,1,20,1318.8853,1268.7676586,1268.14113585096,21.1913,CC-stretch/CH-ip
394,C20H12+,1,20,1333.753,1283.070386,1281.51084864917,98.0145,CC-stretch/CH-ip
394,C20H12+,1,20,1378.8106,1326.4157972,1321.74708619104,436.7319,CC-stretch/CH-ip
394,C20H12+,1,20,1394.3209,1341.3367058,1340.11359393771,15.3916,CC-stretch/CH-ip
394,C20H12+,1,20,1394.6376,1341.6413712,1336.73016380298,359.4963,CC-stretch/CH-ip
394,C20H12+,1,20,1406.5226,1353.0747412,1352.15461433296,0.8701,CC-stretch/CH-ip
394,C20H12+,1,20,1443.6281,1388.7702322,1384.32011029377,291.8886,CC-stretch/CH-ip
394,C20H12+,1,20,1474.5104,1418.4790048,1416.62009538814,36.9984,CC-stretch/CH-ip
394,C20H12+,1,20,1477.7965,1421.640233,1420.06498387632,16.5629,CC-stretch/CH-ip
394,C20H12+,1,20,1503.6471,1446.5085102,1444.76651749982,19.0743,CC-stretch/CH-ip
394,C20H12+,1,20,1513.1063,1455.6082606,1454.12180484499,0.34,CC-stretch/CH-ip
394,C20H12+,1,20,1513.7453,1456.2229786,1454.56747412061,0.2565,CC-stretch/CH-ip
394,C20H12+,1,20,1544.7191,1486.0197742,1484.26725711534,3.1959,CC-stretch/CH-ip
394,C20H12+,1,20,1571.4936,1511.7768432,1509.33547869744,61.2522,CC-stretch
394,C20H12+,1,20,1581.5239,1521.4259918,1519.7566777932,37.4539,CC-stretch
394,C20H12+,1,20,1606.5438,1545.4951356,1542.44175072973,142.0068,CC-stretch
394,C20H12+,1,20,1616.047,1554.637214,1553.35016245621,0.0025,CC-stretch
394,C20H12+,1,20,1626.9301,1565.1067562,1562.95599464399,65.4047,CC-stretch
394,C20H12+,1,20,1633.0203,1570.9655286,1565.8488366487,316.8062,CC-stretch
394,C20H12+,1,20,3199.612,3078.026744,3066.87949457964,2.0594,CH-stretch
394,C20H12+,1,20,3201.2182,3079.5719084,3068.44063987607,0.027,CH-stretch
394,C20H12+,1,20,3204.2537,3082.4920594,3071.30289997012,3.3847,CH-stretch
394,C20H12+,1,20,3206.7986,3084.9402532,3073.74912665647,2.4314,CH-stretch
394,C20H12+,1,20,3208.4303,3086.5099486,3075.33124370935,0.607,CH-stretch
394,C20H12+,1,20,3208.6951,3086.7646862,3075.58511633378,0.5554,CH-stretch
394,C20H12+,1,20,3214.6717,3092.5141754,3081.29411629695,1.3737,CH-stretch
394,C20H12+,1,20,3215.0249,3092.8539538,3081.63514468152,1.1073,CH-stretch
394,C20H12+,1,20,3224.0305,3101.517341,3090.21960758067,3.6459,CH-stretch
394,C20H12+,1,20,3231.4452,3108.6502824,3097.22821062529,10.8751,CH-stretch
394,C20H12+,1,20,3231.7175,3108.912235,3097.43449575481,15.3778,CH-stretch
394,C20H12+,1,20,3238.029,3114.983898,3103.4432621444,17.8614,CH-stretch
298,C17H11N+,1,17,54.1955,52.136071,59.0898711179736,0.0843,low / skeletal
298,C17H11N+,1,17,80.9795,77.902279,84.5370105342377,3.0262,low / skeletal
298,C17H11N+,1,17,149.5823,143.8981726,150.143649807412,1.2249,low / skeletal
298,C17H11N+,1,17,180.0113,173.1708706,179.390810758084,0.0101,low / skeletal
298,C17H11N+,1,17,183.7472,176.7648064,183.018286562258,0.6621,low / skeletal
298,C17H11N+,1,17,236.9277,227.9244474,233.422233401368,11.1674,low / skeletal
298,C17H11N+,1,17,294.6475,283.450895,289.462577421586,0.3916,low / skeletal
298,C17H11N+,1,17,299.3816,288.0050992,293.469357427694,0.0409,low / skeletal
298,C17H11N+,1,17,391.9367,377.0431054,382.191713032475,1.1991,low / skeletal
298,C17H11N+,1,17,396.9253,381.8421386,386.468012806937,3.1317,low / skeletal
298,C17H11N+,1,17,438.7563,422.0835606,426.547246106402,0.9819,low / skeletal
298,C17H11N+,1,17,471.7597,453.8328314,458.057644003614,1.3969,low / skeletal
298,C17H11N+,1,17,488.7494,470.1769228,474.839937454094,7.0833,low / skeletal
298,C17H11N+,1,17,503.5795,484.443479,488.499265393368,1.1448,low / skeletal
298,C17H11N+,1,17,506.3183,487.0782046,491.545712650522,6.7165,low / skeletal
298,C17H11N+,1,17,531.7704,511.5631248,515.426555577563,0.2259,low / skeletal
298,C17H11N+,1,17,560.9921,539.6744002,543.954497797498,2.5134,low / skeletal
298,C17H11N+,1,17,571.5874,549.8670788,553.514990745648,3.7213,low / skeletal
298,C17H11N+,1,17,585.5981,563.3453722,567.541694104714,20.9934,low / skeletal
298,C17H11N+,1,17,598.0946,575.3670052,579.831837962578,10.572,low / skeletal
298,C17H11N+,1,17,703.0804,676.3633448,680.15572934253,1.6924,CH-oop
298,C17H11N+,1,17,706.0824,679.2512688,682.840215662792,1.238,CH-oop
298,C17H11N+,1,17,711.5034,684.4662708,687.481145413245,0.184,CH-oop
298,C17H11N+,1,17,774.3688,744.9427856,747.306483123559,9.3775,CH-oop
298,C17H11N+,1,17,792.2792,762.1725904,763.360808816847,53.3006,CH-oop
298,C17H11N+,1,17,806.2853,775.6464586,778.770044958568,0.2741,CH-oop
298,C17H11N+,1,17,815.9174,784.9125388,786.408533802861,27.4989,CH-oop
298,C17H11N+,1,17,856.9129,824.3502098,825.83162140278,28.4905,CH-oop
298,C17H11N+,1,17,886.0663,852.3957806,854.814911824686,11.8154,CH-oop
298,C17H11N+,1,17,891.9967,858.1008254,859.413112875785,17.9435,CH-oop
298,C17H11N+,1,17,904.7851,870.4032662,871.725094258699,18.6553,CH-oop
298,C17H11N+,1,17,909.6117,875.0464554,877.157487355371,2.5512,CH-oop
298,C17H11N+,1,17,927.2751,892.0386462,894.261556801702,13.2396,CH-oop
298,C17H11N+,1,17,932.9772,897.5240664,898.743464503512,9.62,CH-oop
298,C17H11N+,1,17,1002.5263,964.4303006,965.378627454216,0.2569,ring / CH-ip
298,C17H11N+,1,17,1011.4128,972.9791136,973.836059184501,3.5417,ring / CH-ip
298,C17H11N+,1,17,1027.6276,988.5777512,989.422229043156,0.0005,ring / CH-ip
298,C17H11N+,1,17,1049.5575,1009.674315,1010.3836337312,0.4732,ring / CH-ip
298,C17H11N+,1,17,1058.2566,1018.0428492,1018.70250625063,0.2508,ring / CH-ip
298,C17H11N+,1,17,1060.3805,1020.086041,1020.73332513559,0.0544,ring / CH-ip
298,C17H11N+,1,17,1065.4268,1024.9405816,1026.19941906884,9.7792,ring / CH-ip
298,C17H11N+,1,17,1087.0562,1045.7480644,1046.22143151588,17.2535,ring / CH-ip
298,C17H11N+,1,17,1095.9827,1054.3353574,1055.02176124565,2.3129,ring / CH-ip
298,C17H11N+,1,17,1125.8366,1083.0548092,1083.52377900244,11.5151,ring / CH-ip
298,C17H11N+,1,17,1177.0821,1132.3529802,1132.32796771081,4.4342,CH-ip-bend
298,C17H11N+,1,17,1181.1771,1136.2923702,1136.25839949126,2.7431,CH-ip-bend
298,C17H11N+,1,17,1202.6258,1156.9260196,1155.3787378559,82.5913,CH-ip-bend
298,C17H11N+,1,17,1238.54,1191.47548,1190.78132192967,17.3183,CH-ip-bend
298,C17H11N+,1,17,1271.9131,1223.5804022,1222.23149004553,57.1924,CH-ip-bend
298,C17H11N+,1,17,1276.3903,1227.8874686,1227.42232900052,11.4624,CH-ip-bend
298,C17H11N+,1,17,1286.6193,1237.7277666,1235.53764126321,100.8089,CH-ip-bend
298,C17H11N+,1,17,1302.9509,1253.4387658,1252.79473407379,9.4656,CC-stretch/CH-ip
298,C17H11N+,1,17,1329.6864,1279.1583168,1278.42452556259,3.4418,CC-stretch/CH-ip
298,C17H11N+,1,17,1343.6865,1292.626413,1286.65423980568,331.259,CC-stretch/CH-ip
298,C17H11N+,1,17,1360.5177,1308.8180274,1307.69533500521,18.7171,CC-stretch/CH-ip
298,C17H11N+,1,17,1384.7674,1332.1462388,1330.21280542883,91.8139,CC-stretch/CH-ip
298,C17H11N+,1,17,1399.8866,1346.6909092,1345.52759869971,38.9626,CC-stretch/CH-ip
298,C17H11N+,1,17,1426.7403,1372.5241686,1371.14207511546,52.9519,CC-stretch/CH-ip
298,C17H11N+,1,17,1458.0673,1402.6607426,1401.55087617327,0.3333,CC-stretch/CH-ip
298,C17H11N+,1,17,1482.817,1426.469954,1424.47998558768,41.4453,CC-stretch/CH-ip
298,C17H11N+,1,17,1492.6893,1435.9671066,1434.29064404173,1.1869,CC-stretch/CH-ip
298,C17H11N+,1,17,1502.4744,1445.3803728,1443.52960637702,12.0581,CC-stretch/CH-ip
298,C17H11N+,1,17,1532.2267,1474.0020854,1468.70640563423,229.3053,CC-stretch/CH-ip
298,C17H11N+,1,17,1552.3597,1493.3700314,1489.71827451018,120.2354,CC-stretch/CH-ip
298,C17H11N+,1,17,1556.1983,1497.0627646,1494.88455796287,25.5454,CC-stretch/CH-ip
298,C17H11N+,1,17,1589.429,1529.030698,1526.94404272621,13.6618,CC-stretch
298,C17H11N+,1,17,1597.3094,1536.6116428,1531.19420949004,232.5475,CC-stretch
298,C17H11N+,1,17,1609.751,1548.580462,1544.66356726846,141.1719,CC-stretch
298,C17H11N+,1,17,1620.5594,1558.9781428,1555.72724196152,108.7938,CC-stretch
298,C17H11N+,1,17,1645.7355,1583.197551,1581.72762953116,12.7776,CC-stretch
298,C17H11N+,1,17,3203.9443,3082.1944166,3071.02972988974,1.0883,CH-stretch
298,C17H11N+,1,17,3208.9292,3086.9898904,3075.8019469092,0.8709,CH-stretch
298,C17H11N+,1,17,3211.845,3089.79489,3078.56640364583,2.3329,CH-stretch
298,C17H11N+,1,17,3212.6456,3090.5650672,3079.33406030343,2.2412,CH-stretch
298,C17H11N+,1,17,3219.3963,3097.0592406,3085.82171053722,0.4358,CH-stretch
298,C17H11N+,1,17,3221.0605,3098.660201,3087.33689208028,5.0575,CH-stretch
298,C17H11N+,1,17,3232.0007,3109.1846734,3097.88092198078,0.4424,CH-stretch
298,C17H11N+,1,17,3240.8908,3117.7369496,3106.25845400619,8.0795,CH-stretch
298,C17H11N+,1,17,3244.3397,3121.0547914,3109.5855434696,6.4362,CH-stretch
298,C17H11N+,1,17,3244.7719,3121.4705678,3110.0191202752,5.113,CH-stretch
298,C17H11N+,1,17,3249.4666,3125.9868692,3114.51364373371,4.8519,CH-stretch
297,C17H11N,0,17,58.3127,56.0968174,63.0230191080739,0.2891,low / skeletal
297,C17H11N,0,17,86.392,83.109104,89.5330564834032,1.6156,low / skeletal
297,C17H11N,0,17,152.7663,146.9611806,153.108241983968,0.8897,low / skeletal
297,C17H11N,0,17,186.2028,179.1270936,185.102087262513,2.1813,low / skeletal
297,C17H11N,0,17,188.8627,181.6859174,187.808937492795,0.0194,low / skeletal
297,C17H11N,0,17,250.4442,240.9273204,245.821081513202,5.448,low / skeletal
297,C17H11N,0,17,299.0908,287.7253496,293.640831502187,0.593,low / skeletal
297,C17H11N,0,17,300.9629,289.5263098,295.018204328083,0.3639,low / skeletal
297,C17H11N,0,17,398.1217,382.9930754,387.970439707158,1.1385,low / skeletal
297,C17H11N,0,17,412.72,397.03664,401.424499736348,2.1217,low / skeletal
297,C17H11N,0,17,454.1574,436.8994188,441.081539456092,1.792,low / skeletal
297,C17H11N,0,17,500.9557,481.9193834,486.542888996606,0.535,low / skeletal
297,C17H11N,0,17,501.2605,482.212601,486.345397269333,0.4301,low / skeletal
297,C17H11N,0,17,512.2773,492.8107626,496.386276176762,7.2834,low / skeletal
297,C17H11N,0,17,537.2441,516.8288242,520.511032768921,1.4757,low / skeletal
297,C17H11N,0,17,563.4609,542.0493858,545.914357016071,3.5024,low / skeletal
297,C17H11N,0,17,589.5602,567.1569124,570.656833827126,0.9942,low / skeletal
297,C17H11N,0,17,598.4463,575.7053406,580.151963638226,0.3491,low / skeletal
297,C17H11N,0,17,603.6828,580.7428536,585.254376030713,0.7445,low / skeletal
297,C17H11N,0,17,621.2187,597.6123894,600.892737634308,1.2482,low / skeletal
297,C17H11N,0,17,702.028,675.350936,678.770300124338,3.3071,CH-oop
297,C17H11N,0,17,713.6541,686.5352442,689.057876843725,8.2138,CH-oop
297,C17H11N,0,17,716.4899,689.2632838,692.158833463678,0.7402,CH-oop
297,C17H11N,0,17,776.2276,746.7309512,748.405108384226,4.4447,CH-oop
297,C17H11N,0,17,788.3316,758.3749992,757.10138778595,27.3529,CH-oop
297,C17H11N,0,17,807.7033,777.0105746,780.118108747179,0.182,CH-oop
297,C17H11N,0,17,816.0567,785.0465454,780.520855653764,51.6594,CH-oop
297,C17H11N,0,17,851.2601,818.9122162,816.175440249509,36.1997,CH-oop
297,C17H11N,0,17,873.629,840.431098,839.776522503672,19.1001,CH-oop
297,C17H11N,0,17,888.7722,854.9988564,856.713238012879,7.3175,CH-oop
297,C17H11N,0,17,899.8437,865.6496394,866.709870798671,7.4595,CH-oop
297,C17H11N,0,17,910.1035,875.519567,875.528174386725,12.1137,CH-oop
297,C17H11N,0,17,916.3457,881.5245634,883.312001173409,2.3159,CH-oop
297,C17H11N,0,17,929.6505,894.323781,896.335501174891,2.7168,CH-oop
297,C17H11N,0,17,982.6211,945.2814982,946.343080907516,0.001,CH-oop
297,C17H11N,0,17,987.7707,950.2354134,950.792999915709,3.8259,ring / CH-ip
297,C17H11N,0,17,1007.3205,969.042321,969.966085061116,0.0031,ring / CH-ip
297,C17H11N,0,17,1029.9084,990.7718808,991.547706617455,0.1195,ring / CH-ip
297,C17H11N,0,17,1033.8467,994.5605254,995.259642260553,0.6841,ring / CH-ip
297,C17H11N,0,17,1043.939,1004.269318,1004.97161437871,0.1107,ring / CH-ip
297,C17H11N,0,17,1068.4538,1027.8525556,1028.75137127708,2.3031,ring / CH-ip
297,C17H11N,0,17,1081.3829,1040.2903498,1040.99062959623,0.9638,ring / CH-ip
297,C17H11N,0,17,1089.544,1048.141328,1048.62202936103,2.5939,ring / CH-ip
297,C17H11N,0,17,1119.0273,1076.5042626,1076.82854930011,3.6464,ring / CH-ip
297,C17H11N,0,17,1186.2478,1141.1703836,1141.14132404726,0.1016,CH-ip-bend
297,C17H11N,0,17,1204.6692,1158.8917704,1158.71188208336,0.0236,CH-ip-bend
297,C17H11N,0,17,1214.6456,1168.4890672,1167.29960097624,7.5297,CH-ip-bend
297,C17H11N,0,17,1228.3641,1181.6862642,1181.17246291706,1.8532,CH-ip-bend
297,C17H11N,0,17,1242.6293,1195.4093866,1194.75934774226,3.2759,CH-ip-bend
297,C17H11N,0,17,1266.7353,1218.5993586,1218.0245900224,1.643,CH-ip-bend
297,C17H11N,0,17,1285.7763,1236.9168006,1236.24105201517,1.9082,CH-ip-bend
297,C17H11N,0,17,1291.1983,1242.1327646,1241.03640304503,4.6651,CH-ip-bend
297,C17H11N,0,17,1321.5988,1271.3780456,1269.52609957612,9.0572,CC-stretch/CH-ip
297,C17H11N,0,17,1357.057,1305.488834,1305.12774956365,0.1231,CC-stretch/CH-ip
297,C17H11N,0,17,1364.499,1312.648038,1311.44486020284,3.3169,CC-stretch/CH-ip
297,C17H11N,0,17,1397.3456,1344.2464672,1344.01259289676,0.2838,CC-stretch/CH-ip
297,C17H11N,0,17,1412.5917,1358.9132154,1357.46347419872,4.9006,CC-stretch/CH-ip
297,C17H11N,0,17,1436.0008,1381.4327696,1379.08060965236,13.1895,CC-stretch/CH-ip
297,C17H11N,0,17,1454.2172,1398.9569464,1393.21377022677,36.4307,CC-stretch/CH-ip
297,C17H11N,0,17,1490.1079,1433.4837998,1431.24361164499,5.1132,CC-stretch/CH-ip
297,C17H11N,0,17,1496.005,1439.15681,1437.56290881817,0.1325,CC-stretch/CH-ip
297,C17H11N,0,17,1506.0306,1448.8014372,1447.10020108156,0.6258,CC-stretch/CH-ip
297,C17H11N,0,17,1544.9021,1486.1958202,1483.03950530187,11.8166,CC-stretch/CH-ip
297,C17H11N,0,17,1555.8524,1496.7300088,1493.68582242331,11.9083,CC-stretch/CH-ip
297,C17H11N,0,17,1581.2358,1521.1488396,1519.2949614557,0.6115,CC-stretch
297,C17H11N,0,17,1609.5724,1548.4086488,1546.61663339551,7.3121,CC-stretch
297,C17H11N,0,17,1649.5262,1586.8442044,1583.7198673686,14.3056,CC-stretch
297,C17H11N,0,17,3179.1738,3058.3651956,3047.25720592731,0.738,CH-stretch
297,C17H11N,0,17,3181.7248,3060.8192576,3047.9957356224,14.2041,CH-stretch
297,C17H11N,0,17,3182.8313,3061.8837106,3049.13469484015,13.5693,CH-stretch
297,C17H11N,0,17,3184.8334,3063.8097308,3051.24993788359,11.9923,CH-stretch
297,C17H11N,0,17,3188.9394,3067.7597028,3054.34286123536,18.5972,CH-stretch
297,C17H11N,0,17,3190.7763,3069.5268006,3054.97735647783,27.4733,CH-stretch
297,C17H11N,0,17,3207.1799,3085.3070638,3069.60315555541,35.9219,CH-stretch
297,C17H11N,0,17,3217.3501,3095.0907962,3082.02265711035,14.6569,CH-stretch
297,C17H11N,0,17,3220.5661,3098.1845882,3081.71531594965,41.4196,CH-stretch
297,C17H11N,0,17,3232.806,3109.959372,3094.34690507899,34.0966,CH-stretch
297,C17H11N,0,17,3242.18,3118.97716,3106.86238281389,6.0368,CH-stretch
549,C24H14+,1,24,119.6413,115.0949306,121.628847328867,6.3921,low / skeletal
549,C24H14+,1,24,218.039,209.753518,215.80248960099,6.5701,low / skeletal
549,C24H14+,1,24,291.3007,280.2312734,285.830830075044,0.0634,low / skeletal
549,C24H14+,1,24,374.2187,359.9983894,365.212147526637,0.6043,low / skeletal
549,C24H14+,1,24,430.3086,413.9568732,418.405523625938,0.1123,low / skeletal
549,C24H14+,1,24,492.9277,474.1964474,479.043140650817,4.2681,low / skeletal
549,C24H14+,1,24,506.3822,487.1396764,491.691312831054,3.2407,low / skeletal
549,C24H14+,1,24,513.4934,493.9806508,497.954296010677,7.7397,low / skeletal
549,C24H14+,1,24,635.1463,611.0107406,615.385105630231,3.1198,low / skeletal
549,C24H14+,1,24,649.029,624.365898,628.211552894937,29.7922,low / skeletal
549,C24H14+,1,24,699.8265,673.233093,675.922939428679,8.4741,CH-oop
549,C24H14+,1,24,759.3763,730.5200006,733.376919466554,72.5046,CH-oop
549,C24H14+,1,24,786.9126,757.0099212,757.041422488745,208.6844,CH-oop
549,C24H14+,1,24,805.6508,775.0360696,777.322737979985,85.9808,CH-oop
549,C24H14+,1,24,839.1888,807.2996256,809.269819152525,9.7934,CH-oop
549,C24H14+,1,24,1002.472,964.378064,965.318878397877,1.3915,ring / CH-ip
549,C24H14+,1,24,1015.8521,977.2497202,978.396322487229,94.2079,ring / CH-ip
549,C24H14+,1,24,1036.963,997.558406,998.321627694541,0.1052,ring / CH-ip
549,C24H14+,1,24,1054.3934,1014.3264508,1016.53853653787,1.3089,ring / CH-ip
549,C24H14+,1,24,1081.2343,1040.1473966,1040.73579289161,24.6887,ring / CH-ip
549,C24H14+,1,24,1116.7558,1074.3190796,1074.71087618643,33.6078,ring / CH-ip
549,C24H14+,1,24,1171.5837,1127.0635194,1127.18374095916,0.707,CH-ip-bend
549,C24H14+,1,24,1244.3849,1197.0982738,1196.31392143461,33.1867,CH-ip-bend
549,C24H14+,1,24,1272.8064,1224.4397568,1223.51592692419,36.1016,CH-ip-bend
549,C24H14+,1,24,1304.65,1255.0733,1254.88442739327,4.0281,CC-stretch/CH-ip
549,C24H14+,1,24,1308.0583,1258.3520846,1255.85025350298,182.8555,CC-stretch/CH-ip
549,C24H14+,1,24,1375.3461,1323.0829482,1318.57681105694,502.9525,CC-stretch/CH-ip
549,C24H14+,1,24,1387.9491,1335.2070342,1333.02165338678,193.2369,CC-stretch/CH-ip
549,C24H14+,1,24,1401.2277,1347.9810474,1347.69589999498,41.0229,CC-stretch/CH-ip
549,C24H14+,1,24,1456.1379,1400.8046598,1398.98292224243,41.6772,CC-stretch/CH-ip
549,C24H14+,1,24,1501.1729,1444.1283298,1441.58171734952,89.3843,CC-stretch/CH-ip
549,C24H14+,1,24,1508.3672,1451.0492464,1449.07022382269,52.5009,CC-stretch/CH-ip
549,C24H14+,1,24,1552.8574,1493.8488188,1492.23097492883,2.756,CC-stretch/CH-ip
549,C24H14+,1,24,1584.0473,1523.8535026,1521.64351674104,32.4214,CC-stretch
549,C24H14+,1,24,1596.4572,1535.7918264,1533.35639295516,57.4979,CC-stretch
549,C24H14+,1,24,1603.4094,1542.4798428,1538.79003174932,252.2958,CC-stretch
549,C24H14+,1,24,1652.5275,1589.731455,1588.05788675301,3.364,CC-stretch
549,C24H14+,1,24,3214.9522,3092.7840164,3081.56230675812,1.4831,CH-stretch
549,C24H14+,1,24,3224.6715,3102.133983,3090.80185478728,7.3789,CH-stretch
549,C24H14+,1,24,3227.4089,3104.7673618,3093.40033943678,9.4761,CH-stretch
549,C24H14+,1,24,3244.9175,3121.610635,3110.24152898952,0.4155,CH-stretch
549,C24H14+,1,24,3245.1233,3121.8086146,3110.29861175701,14.4526,CH-stretch
549,C24H14+,1,24,3266.332,3142.211384,3130.43373490416,29.4453,CH-stretch
549,C24H14+,1,24,3267.8862,3143.7065244,3131.93895421602,27.7071,CH-stretch
396,C20H12+,1,20,45.8046,44.0640252,50.9531163961683,0.0018,low / skeletal
396,C20H12+,1,20,70.0449,67.3831938,74.1672996694722,1.9264,low / skeletal
396,C20H12+,1,20,153.6979,147.8573798,154.035661893337,0.0319,low / skeletal
396,C20H12+,1,20,162.269,156.102778,162.492108608065,0.1186,low / skeletal
396,C20H12+,1,20,175.5239,168.8539918,174.930215765572,5.2958,low / skeletal
396,C20H12+,1,20,193.0244,185.6894728,191.73418019016,1.6318,low / skeletal
396,C20H12+,1,20,252.0073,242.4310226,247.992903708363,0.3333,low / skeletal
396,C20H12+,1,20,281.6105,270.909301,276.834298129131,2.033,low / skeletal
396,C20H12+,1,20,338.4728,325.6108336,330.860999569487,0.1002,low / skeletal
396,C20H12+,1,20,349.1534,335.8855708,341.237943437257,4.2693,low / skeletal
396,C20H12+,1,20,405.2576,389.8578112,394.480666488694,0.3579,low / skeletal
396,C20H12+,1,20,447.8299,430.8123638,435.338650878964,2.5571,low / skeletal
396,C20H12+,1,20,457.9802,440.5769524,445.260706343285,1.4177,low / skeletal
396,C20H12+,1,20,473.3833,455.3947346,459.654004204467,0.1052,low / skeletal
396,C20H12+,1,20,501.9844,482.9089928,487.464329390511,5.7315,low / skeletal
396,C20H12+,1,20,510.7022,491.2955164,495.241338973245,10.7778,low / skeletal
396,C20H12+,1,20,529.2767,509.1641854,513.838142420991,3.7828,low / skeletal
396,C20H12+,1,20,542.1697,521.5672514,525.312356451524,4.7514,low / skeletal
396,C20H12+,1,20,567.5089,545.9435618,550.287980951898,7.2926,low / skeletal
396,C20H12+,1,20,594.9701,572.3612362,576.526462145197,9.464,low / skeletal
396,C20H12+,1,20,619.349,595.813738,599.366772407234,0.6322,low / skeletal
396,C20H12+,1,20,635.0413,610.9097306,615.016326687592,0.5107,low / skeletal
396,C20H12+,1,20,642.5649,618.1474338,621.480840135759,0.0254,low / skeletal
396,C20H12+,1,20,663.4151,638.2053262,642.220940905487,1.8084,low / skeletal
396,C20H12+,1,20,713.825,686.69965,689.563326297157,2.6728,CH-oop
396,C20H12+,1,20,739.4676,711.3678312,714.842112331153,1.3652,CH-oop
396,C20H12+,1,20,776.343,746.841966,748.865725250275,12.377,CH-oop
396,C20H12+,1,20,786.8277,756.9282474,759.11548688286,2.6269,CH-oop
396,C20H12+,1,20,793.4083,763.2587846,764.518909807098,56.8619,CH-oop
396,C20H12+,1,20,822.792,791.525904,793.595975579814,0.5147,CH-oop
396,C20H12+,1,20,824.6355,793.299351,795.79209858376,20.8188,CH-oop
396,C20H12+,1,20,830.3339,798.7812118,801.743313796296,0.8909,CH-oop
396,C20H12+,1,20,862.015,829.25843,829.396349061854,98.4244,CH-oop
396,C20H12+,1,20,867.2996,834.3422152,836.963479664986,2.0447,CH-oop
396,C20H12+,1,20,873.2831,840.0983422,841.691744451409,7.1715,CH-oop
396,C20H12+,1,20,921.3595,886.347839,887.739073958267,2.8644,CH-oop
396,C20H12+,1,20,961.138,924.614756,925.789057301493,0.7657,CH-oop
396,C20H12+,1,20,967.1176,930.3671312,932.398230366879,2.8728,CH-oop
396,C20H12+,1,20,979.5183,942.2966046,943.373252539932,1.3778,CH-oop
396,C20H12+,1,20,1004.8526,966.6682012,967.5886159321431,1.3972,ring / CH-ip
396,C20H12+,1,20,1018.3202,979.6240324,981.590890126562,2.4375,ring / CH-ip
396,C20H12+,1,20,1025.1644,986.2081528,987.055112243303,0.014,ring / CH-ip
396,C20H12+,1,20,1040.1898,1000.6625876,1001.40997853507,0.0212,ring / CH-ip
396,C20H12+,1,20,1049.977,1010.077874,1010.77343188089,0.3206,ring / CH-ip
396,C20H12+,1,20,1057.9197,1017.7187514,1018.37586924712,0.1031,ring / CH-ip
396,C20H12+,1,20,1064.3157,1023.8717034,1024.79680756474,9.3845,ring / CH-ip
396,C20H12+,1,20,1084.0412,1042.8476344,1043.56575036983,2.6327,ring / CH-ip
396,C20H12+,1,20,1095.486,1053.857532,1053.91232116741,37.3335,ring / CH-ip
396,C20H12+,1,20,1122.1927,1079.5493774,1080.07323357721,9.8264,ring / CH-ip
396,C20H12+,1,20,1141.6803,1098.2964486,1098.0638119161,34.7381,ring / CH-ip
396,C20H12+,1,20,1171.7144,1127.1892528,1126.77302128854,34.4222,CH-ip-bend
396,C20H12+,1,20,1196.5631,1151.0937022,1150.79526517973,20.208,CH-ip-bend
396,C20H12+,1,20,1217.6895,1171.417299,1170.67591928308,30.8664,CH-ip-bend
396,C20H12+,1,20,1236.8871,1189.8853902,1189.45869778893,2.9362,CH-ip-bend
396,C20H12+,1,20,1246.678,1199.304236,1198.2414095701,49.4469,CH-ip-bend
396,C20H12+,1,20,1264.5644,1216.5109528,1215.97141744692,1.997,CH-ip-bend
396,C20H12+,1,20,1283.6331,1234.8550422,1232.35230410958,120.9492,CH-ip-bend
396,C20H12+,1,20,1286.7919,1237.8938078,1236.96395618762,26.3057,CH-ip-bend
396,C20H12+,1,20,1328.7831,1278.2893422,1277.25058571717,24.5758,CC-stretch/CH-ip
396,C20H12+,1,20,1339.3469,1288.4517178,1286.97505720854,60.3395,CC-stretch/CH-ip
396,C20H12+,1,20,1370.4116,1318.3359592,1317.40599608203,11.6732,CC-stretch/CH-ip
396,C20H12+,1,20,1384.298,1331.694676,1330.76885067461,2.2746,CC-stretch/CH-ip
396,C20H12+,1,20,1391.4052,1338.5318024,1335.6394775109,144.5067,CC-stretch/CH-ip
396,C20H12+,1,20,1420.7303,1366.7425486,1365.41736548812,17.4753,CC-stretch/CH-ip
396,C20H12+,1,20,1442.6133,1387.7939946,1381.64590736939,326.4975,CC-stretch/CH-ip
396,C20H12+,1,20,1460.9273,1405.4120626,1403.51960558999,40.1278,CC-stretch/CH-ip
396,C20H12+,1,20,1469.9363,1414.0787206,1411.35209689768,104.9985,CC-stretch/CH-ip
396,C20H12+,1,20,1495.0137,1438.2031794,1433.41513451585,193.0625,CC-stretch/CH-ip
396,C20H12+,1,20,1501.4938,1444.4370356,1442.72200080755,2.3256,CC-stretch/CH-ip
396,C20H12+,1,20,1507.7014,1450.4087468,1447.96565076084,48.1962,CC-stretch/CH-ip
396,C20H12+,1,20,1545.7997,1487.0593114,1485.2692588403,2.4962,CC-stretch/CH-ip
396,C20H12+,1,20,1556.8415,1497.681523,1495.06979330354,57.227,CC-stretch/CH-ip
396,C20H12+,1,20,1582.1773,1522.0545626,1520.21191391518,12.6362,CC-stretch
396,C20H12+,1,20,1601.5282,1540.6701284,1538.31572237556,46.1369,CC-stretch
396,C20H12+,1,20,1624.116,1562.399592,1557.66001733834,197.9583,CC-stretch
396,C20H12+,1,20,1629.2779,1567.3653398,1565.14616307286,45.8921,CC-stretch
396,C20H12+,1,20,1644.6396,1582.1432952,1580.77879648061,12.0017,CC-stretch
396,C20H12+,1,20,3206.9925,3085.126785,3073.96223777267,0.0755,CH-stretch
396,C20H12+,1,20,3208.3006,3086.3851772,3075.21197036102,0.1426,CH-stretch
396,C20H12+,1,20,3209.4314,3087.4730068,3076.29512161544,0.0718,CH-stretch
396,C20H12+,1,20,3210.054,3088.071948,3076.84781976173,2.5749,CH-stretch
396,C20H12+,1,20,3214.408,3092.260496,3081.02248665015,2.0925,CH-stretch
396,C20H12+,1,20,3221.911,3099.478382,3088.22954584642,0.3151,CH-stretch
396,C20H12+,1,20,3225.2836,3102.7228232,3091.36981971502,5.4,CH-stretch
396,C20H12+,1,20,3229.2067,3106.4968454,3095.18668458564,1.7526,CH-stretch
396,C20H12+,1,20,3232.0521,3109.2341202,3097.74523168969,11.2949,CH-stretch
396,C20H12+,1,20,3236.9111,3113.9084782,3102.49432715896,5.4081,CH-stretch
396,C20H12+,1,20,3242.8059,3119.5792758,3108.13619336937,5.214,CH-stretch
396,C20H12+,1,20,3267.9088,3143.7282656,3132.13916250417,5.702,CH-stretch
269,C12H8N2-,-1,12,96.0738,92.4229956,99.2295721246985,2.4735,low / skeletal
269,C12H8N2-,-1,12,250.1197,240.6151514,246.318015402476,6.1692,low / skeletal
269,C12H8N2-,-1,12,376.1363,361.8431206,366.939979339905,5.0805,low / skeletal
269,C12H8N2-,-1,12,497.8007,478.8842734,483.082060547075,0.7223,low / skeletal
269,C12H8N2-,-1,12,637.2849,613.0680738,617.26310201253,2.4993,low / skeletal
269,C12H8N2-,-1,12,687.966,661.823292,665.556806952746,1.1968,CH-oop
269,C12H8N2-,-1,12,760.0196,731.1388552,731.140611929349,131.3514,CH-oop
269,C12H8N2-,-1,12,844.0862,812.0109244,814.577445065652,13.5871,CH-oop
269,C12H8N2-,-1,12,905.2604,870.8605048,873.309332455405,9.2731,CH-oop
269,C12H8N2-,-1,12,935.5873,900.0349826,901.109074513428,14.2522,CH-oop
269,C12H8N2-,-1,12,1052.5215,1012.525683,1013.15701518968,12.1902,ring / CH-ip
269,C12H8N2-,-1,12,1159.224,1115.173488,1115.04259078745,14.8084,CH-ip-bend
269,C12H8N2-,-1,12,1194.3022,1148.9187164,1148.61400806203,8.585,CH-ip-bend
269,C12H8N2-,-1,12,1261.3719,1213.4397678,1213.86200996763,0.2584,CH-ip-bend
269,C12H8N2-,-1,12,1305.8813,1256.2578106,1251.03759112157,325.4996,CC-stretch/CH-ip
269,C12H8N2-,-1,12,1335.0014,1284.2713468,1283.46845622423,0.0525,CC-stretch/CH-ip
269,C12H8N2-,-1,12,1352.4282,1301.0359284,1297.25924972191,263.0925,CC-stretch/CH-ip
269,C12H8N2-,-1,12,1470.3895,1414.514699,1413.2109642635,0.8226,CC-stretch/CH-ip
269,C12H8N2-,-1,12,1517.7637,1460.0886794,1458.47244886357,0.9455,CC-stretch/CH-ip
269,C12H8N2-,-1,12,1569.8897,1510.2338914,1507.48129324296,76.5149,CC-stretch
269,C12H8N2-,-1,12,1639.0387,1576.7552294,1575.47137672359,1.7008,CC-stretch
269,C12H8N2-,-1,12,3137.3557,3018.1361834,3007.01466737204,19.1671,CH-stretch
269,C12H8N2-,-1,12,3157.5985,3037.609757,3023.92118661171,161.8096,CH-stretch
269,C12H8N2-,-1,12,3180.6019,3059.7390278,3045.9919446653,158.1047,CH-stretch
269,C12H8N2-,-1,12,3187.5506,3066.4236772,3053.27122980032,121.5849,CH-stretch
389,C20H12,0,20,67.8428,65.2647736,71.9539625194041,0.0082,low / skeletal
389,C20H12,0,20,83.2988,80.1334456,86.7512055071384,1.3534,low / skeletal
389,C20H12,0,20,120.2086,115.6406732,121.975037372471,1.3066,low / skeletal
389,C20H12,0,20,157.7356,151.7416472,157.9241590892,0.115,low / skeletal
389,C20H12,0,20,172.8959,166.3258558,172.633333104769,0.3083,low / skeletal
389,C20H12,0,20,237.4834,228.4590308,234.302057488318,0.0625,low / skeletal
389,C20H12,0,20,281.2663,270.5781806,276.09409552288,1.4502,low / skeletal
389,C20H12,0,20,302.6706,291.1691172,296.635360436469,0.0918,low / skeletal
389,C20H12,0,20,316.0396,304.0300952,309.320572384491,0.176,low / skeletal
389,C20H12,0,20,363.7706,349.9473172,355.29874469956,0.8832,low / skeletal
389,C20H12,0,20,398.9106,383.7519972,389.089936947056,0.3359,low / skeletal
389,C20H12,0,20,420.5353,404.5549586,409.22667289257,0.1956,low / skeletal
389,C20H12,0,20,443.8224,426.9571488,431.26925579611,0.841,low / skeletal
389,C20H12,0,20,472.6591,454.6980542,459.647238978059,1.1151,low / skeletal
389,C20H12,0,20,503.6858,484.5457396,488.287752366198,4.2401,low / skeletal
389,C20H12,0,20,514.0307,494.4975334,498.569259394069,0.254,low / skeletal
389,C20H12,0,20,540.8694,520.3163628,524.576766592716,1.0595,low / skeletal
389,C20H12,0,20,580.6602,558.5951124,562.175008677664,1.2449,low / skeletal
389,C20H12,0,20,606.4478,583.4027836,587.429916311826,1.2808,low / skeletal
389,C20H12,0,20,633.2478,609.1843836,612.298481270366,4.4539,low / skeletal
389,C20H12,0,20,649.2478,624.5763836,626.855714306226,13.0808,low / skeletal
389,C20H12,0,20,650.7426,626.0143812,630.215198567951,0.6599,low / skeletal
389,C20H12,0,20,657.0892,632.1198104,635.69038038337,6.2006,low / skeletal
389,C20H12,0,20,679.7922,653.9600964,657.726291316561,0.1381,CH-oop
389,C20H12,0,20,712.7639,685.6788718,689.026311305846,2.5267,CH-oop
389,C20H12,0,20,758.052,729.246024,731.542590381771,1.0628,CH-oop
389,C20H12,0,20,773.1473,743.7677026,739.974556214114,70.0074,CH-oop
389,C20H12,0,20,778.3434,748.7663508,751.856495943785,1.5642,CH-oop
389,C20H12,0,20,782.1518,752.4300316,753.537353209731,13.7454,CH-oop
389,C20H12,0,20,782.908,753.157496,754.120293451477,14.4282,CH-oop
389,C20H12,0,20,818.0719,786.9851678,787.321178627144,20.8501,CH-oop
389,C20H12,0,20,840.0849,808.1616738,810.117307194193,2.8056,CH-oop
389,C20H12,0,20,859.7774,827.1058588,829.771441644496,0.3831,CH-oop
389,C20H12,0,20,877.8023,844.4458126,845.464537924926,7.5438,CH-oop
389,C20H12,0,20,905.9394,871.5137028,872.725292486427,3.4701,CH-oop
389,C20H12,0,20,925.7263,890.5487006,889.308941855354,30.6916,CH-oop
389,C20H12,0,20,933.2832,897.8184384,900.17645674063,1.4128,CH-oop
389,C20H12,0,20,952.2149,916.0307338,917.21761867539,0.8094,CH-oop
389,C20H12,0,20,969.3512,932.5158544,933.618717050517,0.5001,CH-oop
389,C20H12,0,20,975.5421,938.4715002,940.631783421263,1.2767,CH-oop
389,C20H12,0,20,993.6673,955.9079426,956.687911995019,2.5294,ring / CH-ip
389,C20H12,0,20,996.8476,958.9673912,961.087876691566,1.5465,ring / CH-ip
389,C20H12,0,20,1018.4299,979.7295638,980.505790904831,0.9712,ring / CH-ip
389,C20H12,0,20,1021.0782,982.2772284,983.116405481479,0.0264,ring / CH-ip
389,C20H12,0,20,1031.5242,992.3262804,993.101444660712,0.1257,ring / CH-ip
389,C20H12,0,20,1054.0901,1014.0346762,1014.58794462857,4.3086,ring / CH-ip
389,C20H12,0,20,1066.5413,1026.0127306,1026.74162433598,1.2785,ring / CH-ip
389,C20H12,0,20,1075.3205,1034.458321,1034.84154119849,4.25,ring / CH-ip
389,C20H12,0,20,1123.1358,1080.4566396,1081.14683385359,1.2282,ring / CH-ip
389,C20H12,0,20,1154.2861,1110.4232282,1110.46980968596,4.6612,CH-ip-bend
389,C20H12,0,20,1170.2659,1125.7957958,1125.87513054044,1.613,CH-ip-bend
389,C20H12,0,20,1215.1084,1168.9342808,1168.70607877004,0.3228,CH-ip-bend
389,C20H12,0,20,1222.9599,1176.4874238,1175.45098020813,8.4932,CH-ip-bend
389,C20H12,0,20,1230.3865,1183.631813,1182.82503126948,6.0036,CH-ip-bend
389,C20H12,0,20,1239.3181,1192.2240122,1191.80965301223,0.5127,CH-ip-bend
389,C20H12,0,20,1243.8923,1196.6243926,1195.8872667633,4.2704,CH-ip-bend
389,C20H12,0,20,1273.3932,1225.0042584,1224.24291051697,3.9684,CH-ip-bend
389,C20H12,0,20,1314.0569,1264.1227378,1263.50460784686,2.0275,CC-stretch/CH-ip
389,C20H12,0,20,1331.8943,1281.2823166,1280.59138385113,0.2467,CC-stretch/CH-ip
389,C20H12,0,20,1360.4801,1308.7818562,1308.14107936021,2.5933,CC-stretch/CH-ip
389,C20H12,0,20,1364.5213,1312.6694906,1311.62096737158,0.9951,CC-stretch/CH-ip
389,C20H12,0,20,1392.6456,1339.7250672,1339.38928978317,0.1332,CC-stretch/CH-ip
389,C20H12,0,20,1406.5698,1353.1201476,1352.25045432167,0.1204,CC-stretch/CH-ip
389,C20H12,0,20,1425.2448,1371.0854976,1370.30723088827,1.6289,CC-stretch/CH-ip
389,C20H12,0,20,1438.8318,1384.1561916,1382.26242858393,9.1348,CC-stretch/CH-ip
389,C20H12,0,20,1478.8464,1422.6502368,1421.24381951427,0.0433,CC-stretch/CH-ip
389,C20H12,0,20,1492.7209,1435.9975058,1433.55331337595,13.0118,CC-stretch/CH-ip
389,C20H12,0,20,1500.8908,1443.8569496,1436.02679089574,74.3818,CC-stretch/CH-ip
389,C20H12,0,20,1519.5666,1461.8230692,1459.74453416189,5.1375,CC-stretch/CH-ip
389,C20H12,0,20,1526.4418,1468.4370116,1466.04153687832,8.1237,CC-stretch/CH-ip
389,C20H12,0,20,1539.0959,1480.6102558,1478.75805975289,1.6902,CC-stretch/CH-ip
389,C20H12,0,20,1586.11,1525.83782,1523.98542375757,7.9779,CC-stretch
389,C20H12,0,20,1627.272,1565.435664,1564.14885208286,5.5093,CC-stretch
389,C20H12,0,20,1632.556,1570.518872,1569.04282517919,0.204,CC-stretch
389,C20H12,0,20,1641.1253,1578.7625386,1576.91221143645,6.1937,CC-stretch
389,C20H12,0,20,3177.4392,3056.6965104,3045.64866138718,0.4988,CH-stretch
389,C20H12,0,20,3180.7148,3059.8476376,3048.60182580293,2.5649,CH-stretch
389,C20H12,0,20,3181.1976,3060.3120912,3048.73461968845,6.3624,CH-stretch
389,C20H12,0,20,3182.2476,3061.3221912,3050.07158809578,2.5301,CH-stretch
389,C20H12,0,20,3190.3185,3069.086397,3057.42769393334,6.745,CH-stretch
389,C20H12,0,20,3191.7083,3070.4233846,3056.60562946283,31.5398,CH-stretch
389,C20H12,0,20,3192.9689,3071.6360818,3059.32463665647,14.1095,CH-stretch
389,C20H12,0,20,3208.0269,3086.1218778,3068.70451330045,72.0326,CH-stretch
389,C20H12,0,20,3209.3675,3087.411535,3069.84704159288,73.6511,CH-stretch
389,C20H12,0,20,3210.9128,3088.8981136,3076.79083871214,10.6715,CH-stretch
389,C20H12,0,20,3223.4215,3100.931483,3088.93122011921,8.6549,CH-stretch
389,C20H12,0,20,3247.854,3124.435548,3110.80994048139,25.8402,CH-stretch
146,C48H20,0,48,19.0977,18.3719874,25.8848789097722,0.12,low / skeletal
146,C48H20,0,48,73.9939,71.1821318,78.0299169702655,0.6787,low / skeletal
146,C48H20,0,48,80.2957,77.2444634,84.1796457038802,0.8411,low / skeletal
146,C48H20,0,48,94.3753,90.7890386,97.7381122597551,0.1694,low / skeletal
146,C48H20,0,48,120.2189,115.6505818,122.261276804196,0.8991,low / skeletal
146,C48H20,0,48,142.8653,137.4364186,143.669592781479,0.4562,low / skeletal
146,C48H20,0,48,148.6969,143.0464178,149.5926417126,0.0684,low / skeletal
146,C48H20,0,48,183.5199,176.5461438,182.650544727899,2.5852,low / skeletal
146,C48H20,0,48,185.7527,178.6940974,185.476648550669,0.034,low / skeletal
146,C48H20,0,48,229.2467,220.5353254,226.797161355284,0.1305,low / skeletal
146,C48H20,0,48,249.8353,240.3415586,246.440778092895,0.0571,low / skeletal
146,C48H20,0,48,280.0937,269.4501394,275.097887733806,0.398,low / skeletal
146,C48H20,0,48,302.3931,290.9021622,297.052707065555,0.0746,low / skeletal
146,C48H20,0,48,330.9413,318.3655306,323.89197641361,1.0737,low / skeletal
146,C48H20,0,48,333.687,321.006894,326.284107163104,0.6007,low / skeletal
146,C48H20,0,48,346.7014,333.5267468,339.368402051746,0.8106,low / skeletal
146,C48H20,0,48,359.7699,346.0986438,351.345959288547,0.9992,low / skeletal
146,C48H20,0,48,380.3357,365.8829434,371.145778728007,0.4795,low / skeletal
146,C48H20,0,48,387.6503,372.9195886,378.53299770036,0.2703,low / skeletal
146,C48H20,0,48,425.8529,409.6704898,414.759781968928,0.7231,low / skeletal
146,C48H20,0,48,436.543,419.954366,425.240388699618,0.1962,low / skeletal
146,C48H20,0,48,459.7538,442.2831556,447.495911552798,0.1689,low / skeletal
146,C48H20,0,48,462.8108,445.2239896,449.774683302939,1.2015,low / skeletal
146,C48H20,0,48,465.5746,447.8827652,452.110969096146,5.0132,low / skeletal
146,C48H20,0,48,509.5804,490.2163448,494.999640380443,0.9643,low / skeletal
146,C48H20,0,48,510.5829,491.1807498,495.628235482144,3.331,low / skeletal
146,C48H20,0,48,533.8857,513.5980434,517.707910931095,0.0218,low / skeletal
146,C48H20,0,48,537.7087,517.2757694,521.932292977328,0.2778,low / skeletal
146,C48H20,0,48,561.2457,539.9183634,544.424658708239,0.2524,low / skeletal
146,C48H20,0,48,582.3125,560.184625,563.746195193985,6.1156,low / skeletal
146,C48H20,0,48,591.7669,569.2797578,573.70629140159,3.4851,low / skeletal
146,C48H20,0,48,601.7766,578.9090892,583.102977306257,0.2271,low / skeletal
146,C48H20,0,48,606.0962,583.0645444,587.187239542978,0.2665,low / skeletal
146,C48H20,0,48,607.76,584.66512,589.16262328074,0.103,low / skeletal
146,C48H20,0,48,614.6458,591.2892596,595.020515062116,0.0833,low / skeletal
146,C48H20,0,48,615.9137,592.5089794,596.483194702664,7.8602,low / skeletal
146,C48H20,0,48,651.0443,626.3046166,629.746895820914,2.7202,low / skeletal
146,C48H20,0,48,655.3557,630.4521834,634.905414401937,0.2466,low / skeletal
146,C48H20,0,48,655.3888,630.4840256,634.543524704079,0.3276,low / skeletal
146,C48H20,0,48,672.8431,647.2750622,651.067058978879,0.1125,CH-oop
146,C48H20,0,48,681.9576,656.0432112,659.913110653481,1.9072,CH-oop
146,C48H20,0,48,691.9066,665.6141492,669.295052857679,0.0196,CH-oop
146,C48H20,0,48,706.6027,679.7517974,683.692257691263,0.9792,CH-oop
146,C48H20,0,48,710.3647,683.3708414,686.305907916747,0.2299,CH-oop
146,C48H20,0,48,724.8254,697.2820348,700.663689043472,7.9438,CH-oop
146,C48H20,0,48,754.0536,725.3995632,728.665128209896,1.0657,CH-oop
146,C48H20,0,48,764.6847,735.6266814,736.407831380182,52.7352,CH-oop
146,C48H20,0,48,775.4371,745.9704902,749.406073375621,0.0059,CH-oop
146,C48H20,0,48,786.8856,756.9839472,760.396650686447,0.0982,CH-oop
146,C48H20,0,48,788.9506,758.9704772,760.037873724827,38.7302,CH-oop
146,C48H20,0,48,793.2419,763.0987078,764.622752003386,24.4668,CH-oop
146,C48H20,0,48,827.3374,795.8985788,798.809242921544,5.0692,CH-oop
146,C48H20,0,48,827.3459,795.9067558,797.344077066735,29.1914,CH-oop
146,C48H20,0,48,831.7402,800.1340724,801.553839630677,14.1886,CH-oop
146,C48H20,0,48,850.4346,818.1180852,821.10837090656,0.2641,CH-oop
146,C48H20,0,48,856.1763,823.6416006,823.33254202813,61.7397,CH-oop
146,C48H20,0,48,865.9877,833.0801674,834.860881185509,2.1387,CH-oop
146,C48H20,0,48,866.7742,833.8367804,836.824387426189,0.1203,CH-oop
146,C48H20,0,48,895.8831,861.8395422,864.736367221423,0.0247,CH-oop
146,C48H20,0,48,908.0948,873.5871976,875.059152548938,0.0654,CH-oop
146,C48H20,0,48,919.717,884.767754,886.036834359752,5.305,CH-oop
146,C48H20,0,48,922.3757,887.3254234,889.856156788878,0.1336,CH-oop
146,C48H20,0,48,945.531,909.600822,912.179473697577,0.3291,CH-oop
146,C48H20,0,48,958.55,922.1251,920.945709269543,71.7242,CH-oop
146,C48H20,0,48,978.8239,941.6285918,942.659472773979,1.7935,CH-oop
146,C48H20,0,48,980.5366,943.2762092,945.528662843892,0.0777,CH-oop
146,C48H20,0,48,987.888,950.348256,951.371324344795,0.4195,ring / CH-ip
146,C48H20,0,48,1008.0535,969.747467,971.583233918121,7.0878,ring / CH-ip
146,C48H20,0,48,1024.9563,986.0079606,986.826959851708,0.0083,ring / CH-ip
146,C48H20,0,48,1032.3301,993.1015562,995.320618104761,0.0141,ring / CH-ip
146,C48H20,0,48,1046.5006,1006.7335772,1008.45537753266,8.5655,ring / CH-ip
146,C48H20,0,48,1058.6181,1018.3906122,1019.39050927439,0.0356,ring / CH-ip
146,C48H20,0,48,1066.6088,1026.0776656,1026.74026696537,10.3846,ring / CH-ip
146,C48H20,0,48,1069.5237,1028.8817994,1029.46809598823,10.2389,ring / CH-ip
146,C48H20,0,48,1082.5109,1041.3754858,1042.22495120591,0.4496,ring / CH-ip
146,C48H20,0,48,1119.708,1077.159096,1077.96768590793,0.2642,ring / CH-ip
146,C48H20,0,48,1123.6378,1080.9395636,1081.60544289953,2.1367,ring / CH-ip
146,C48H20,0,48,1137.0209,1093.8141058,1094.60054609388,0.9143,ring / CH-ip
146,C48H20,0,48,1151.679,1107.915198,1108.34831170182,0.0837,CH-ip-bend
146,C48H20,0,48,1160.5598,1116.4585276,1115.73745398507,30.1976,CH-ip-bend
146,C48H20,0,48,1186.5258,1141.4378196,1141.46476423173,7.8991,CH-ip-bend
146,C48H20,0,48,1186.6655,1141.572211,1141.50868982607,3.4266,CH-ip-bend
146,C48H20,0,48,1206.5681,1160.7185122,1160.5211458619,4.7318,CH-ip-bend
146,C48H20,0,48,1206.9485,1161.084457,1161.00042468912,1.1005,CH-ip-bend
146,C48H20,0,48,1223.6346,1177.1364852,1176.8649670618,0.6636,CH-ip-bend
146,C48H20,0,48,1227.2206,1180.5862172,1180.13116063863,4.3263,CH-ip-bend
146,C48H20,0,48,1227.4412,1180.7984344,1180.3302838279,4.4597,CH-ip-bend
146,C48H20,0,48,1235.1076,1188.1735112,1187.75487717444,4.1847,CH-ip-bend
146,C48H20,0,48,1240.4576,1193.3202112,1192.97490642643,2.717,CH-ip-bend
146,C48H20,0,48,1246.4901,1199.1234762,1199.00412431694,1.7216,CH-ip-bend
146,C48H20,0,48,1255.3333,1207.6306346,1207.3286352093,0.9501,CH-ip-bend
146,C48H20,0,48,1263.6727,1215.6531374,1215.46867736598,0.3827,CH-ip-bend
146,C48H20,0,48,1286.2011,1237.3254582,1236.72823576178,3.9085,CH-ip-bend
146,C48H20,0,48,1292.6831,1243.5611422,1243.17200254709,0.2817,CH-ip-bend
146,C48H20,0,48,1301.3913,1251.9384306,1252.06540449848,4.1593,CC-stretch/CH-ip
146,C48H20,0,48,1317.5121,1267.4466402,1266.84272335821,0.697,CC-stretch/CH-ip
146,C48H20,0,48,1319.0137,1268.8911794,1268.15632682804,4.7971,CC-stretch/CH-ip
146,C48H20,0,48,1323.1645,1272.884249,1272.83815646865,0.0042,CC-stretch/CH-ip
146,C48H20,0,48,1346.0638,1294.9133756,1293.78652845197,16.4608,CC-stretch/CH-ip
146,C48H20,0,48,1350.3582,1299.0445884,1298.54713785731,0.048,CC-stretch/CH-ip
146,C48H20,0,48,1359.7055,1308.036691,1307.03688416907,7.2123,CC-stretch/CH-ip
146,C48H20,0,48,1364.6901,1312.8318762,1312.18836237103,0.9581,CC-stretch/CH-ip
146,C48H20,0,48,1367.4201,1315.4581362,1314.70881609814,0.1003,CC-stretch/CH-ip
146,C48H20,0,48,1368.5711,1316.5653982,1316.05337065922,4.0036,CC-stretch/CH-ip
146,C48H20,0,48,1383.6927,1331.1123774,1331.03649796147,3.0848,CC-stretch/CH-ip
146,C48H20,0,48,1384.9452,1332.3172824,1331.67899829404,0.9795,CC-stretch/CH-ip
146,C48H20,0,48,1391.4494,1338.5743228,1337.83195796693,10.2044,CC-stretch/CH-ip
146,C48H20,0,48,1404.8695,1351.484459,1351.06628035099,13.863,CC-stretch/CH-ip
146,C48H20,0,48,1406.2505,1352.812981,1351.3227714974,39.7256,CC-stretch/CH-ip
146,C48H20,0,48,1417.753,1363.878386,1363.10046770169,0.0221,CC-stretch/CH-ip
146,C48H20,0,48,1420.1078,1366.1437036,1365.42571367436,0.5055,CC-stretch/CH-ip
146,C48H20,0,48,1434.4655,1379.955811,1378.99239157122,3.0173,CC-stretch/CH-ip
146,C48H20,0,48,1441.2803,1386.5116486,1384.58932091718,28.0593,CC-stretch/CH-ip
146,C48H20,0,48,1456.6327,1401.2806574,1400.46022767061,4.2365,CC-stretch/CH-ip
146,C48H20,0,48,1470.1854,1414.3183548,1412.40794779034,33.3189,CC-stretch/CH-ip
146,C48H20,0,48,1478.5806,1422.3945372,1421.65146688388,3.5712,CC-stretch/CH-ip
146,C48H20,0,48,1480.3237,1424.0713994,1422.79593882731,7.7766,CC-stretch/CH-ip
146,C48H20,0,48,1486.1593,1429.6852466,1428.47381097355,0.0359,CC-stretch/CH-ip
146,C48H20,0,48,1494.8493,1438.0450266,1436.44906607501,11.5885,CC-stretch/CH-ip
146,C48H20,0,48,1495.2217,1438.4032754,1431.91221022443,152.6162,CC-stretch/CH-ip
146,C48H20,0,48,1500.3144,1443.3024528,1439.58632348709,65.8609,CC-stretch/CH-ip
146,C48H20,0,48,1505.0159,1447.8252958,1446.55584605717,3.6155,CC-stretch/CH-ip
146,C48H20,0,48,1514.7314,1457.1716068,1455.52548923836,7.239,CC-stretch/CH-ip
146,C48H20,0,48,1523.5001,1465.6070962,1463.92928178565,3.1545,CC-stretch/CH-ip
146,C48H20,0,48,1533.7701,1475.4868362,1474.06544840158,7.0274,CC-stretch/CH-ip
146,C48H20,0,48,1538.7958,1480.3215596,1478.72200305061,0.0745,CC-stretch/CH-ip
146,C48H20,0,48,1541.1588,1482.5947656,1481.06290801827,0.3942,CC-stretch/CH-ip
146,C48H20,0,48,1543.3846,1484.7359852,1481.20573535165,65.8478,CC-stretch/CH-ip
146,C48H20,0,48,1586.4962,1526.2093444,1525.49068918234,14.8442,CC-stretch
146,C48H20,0,48,1588.4998,1528.1368076,1526.87283014468,5.21,CC-stretch
146,C48H20,0,48,1610.5834,1549.3812308,1547.73221587806,0.0197,CC-stretch
146,C48H20,0,48,1628.5983,1566.7115646,1565.3905239993,0.0956,CC-stretch
146,C48H20,0,48,1629.711,1567.781982,1566.29063110532,5.8526,CC-stretch
146,C48H20,0,48,1640.662,1578.316844,1577.25074840742,0.2889,CC-stretch
146,C48H20,0,48,1641.3117,1578.9418554,1577.60475308473,7.9455,CC-stretch
146,C48H20,0,48,1646.6339,1584.0618118,1582.74196203182,0.0002,CC-stretch
146,C48H20,0,48,3176.367,3055.665054,3044.64309621436,0.6884,CH-stretch
146,C48H20,0,48,3177.8976,3057.1374912,3045.71293900749,12.3552,CH-stretch
146,C48H20,0,48,3179.8659,3059.0309958,3047.97746705197,1.0584,CH-stretch
146,C48H20,0,48,3180.713,3059.845906,3048.79425622065,0.8329,CH-stretch
146,C48H20,0,48,3180.7345,3059.866589,3048.84058863784,0.0737,CH-stretch
146,C48H20,0,48,3184.6917,3063.6734154,3050.83932055397,52.8523,CH-stretch
146,C48H20,0,48,3184.7094,3063.6904428,3052.06668141463,17.1468,CH-stretch
146,C48H20,0,48,3187.1686,3066.0561932,3054.89033931641,3.2205,CH-stretch
146,C48H20,0,48,3187.2646,3066.1485452,3054.82721042661,7.7955,CH-stretch
146,C48H20,0,48,3188.8086,3067.6338732,3055.74544971077,24.272,CH-stretch
146,C48H20,0,48,3189.4249,3068.2267538,3057.0269299461,3.8556,CH-stretch
146,C48H20,0,48,3198.8827,3077.3251574,3066.20378770078,0.107,CH-stretch
146,C48H20,0,48,3198.933,3077.373546,3064.26147227864,58.8435,CH-stretch
146,C48H20,0,48,3200.1647,3078.5584414,3065.35790515651,61.2958,CH-stretch
146,C48H20,0,48,3201.2488,3079.6013456,3068.45701659109,0.3458,CH-stretch
146,C48H20,0,48,3210.5556,3088.5544872,3076.71475798586,19.4664,CH-stretch
146,C48H20,0,48,3213.7783,3091.6547246,3074.35732215778,180.039,CH-stretch
146,C48H20,0,48,3213.9258,3091.7966196,3080.5891850965,0.3297,CH-stretch
146,C48H20,0,48,3217.5423,3095.2756926,3083.81666485487,7.0522,CH-stretch
146,C48H20,0,48,3227.813,3105.156106,3092.20591381429,49.4486,CH-stretch
275,C13H9N+,1,13,102.7061,98.8032682,105.218889596987,4.909,low / skeletal
275,C13H9N+,1,13,116.1289,111.7160018,118.137613994489,0.2884,low / skeletal
275,C13H9N+,1,13,220.3896,212.0147952,217.546869050243,5.0843,low / skeletal
275,C13H9N+,1,13,236.6839,227.6899118,233.555552628011,1.449,low / skeletal
275,C13H9N+,1,13,244.6926,235.3942812,241.137294144731,1.891,low / skeletal
275,C13H9N+,1,13,395.9478,380.9017836,385.211140587719,6.513,low / skeletal
275,C13H9N+,1,13,414.2382,398.4971484,403.799443981383,0.4721,low / skeletal
275,C13H9N+,1,13,425.5861,409.4138282,413.850158747677,1.7908,low / skeletal
275,C13H9N+,1,13,459.7822,442.3104764,446.610948913739,0.4106,low / skeletal
275,C13H9N+,1,13,465.3898,447.7049876,452.410746112577,3.7431,low / skeletal
275,C13H9N+,1,13,509.6343,490.2681966,494.190841597425,1.2897,low / skeletal
275,C13H9N+,1,13,513.6981,494.1775722,498.597691148626,0.2589,low / skeletal
275,C13H9N+,1,13,554.3748,533.3085576,536.983942755164,0.019,low / skeletal
275,C13H9N+,1,13,567.4875,545.922975,549.675774183865,17.0807,low / skeletal
275,C13H9N+,1,13,633.0305,608.975341,612.93279743263,8.862,low / skeletal
275,C13H9N+,1,13,723.6977,696.1971874,699.427985867399,7.1876,CH-oop
275,C13H9N+,1,13,731.6894,703.8852028,704.502244769639,41.4702,CH-oop
275,C13H9N+,1,13,745.6471,717.3125102,720.593661245576,2.4381,CH-oop
275,C13H9N+,1,13,791.1198,761.0572476,761.665536285402,29.8591,CH-oop
275,C13H9N+,1,13,802.2595,771.773639,773.559620926768,5.2499,CH-oop
275,C13H9N+,1,13,853.7009,821.2602658,822.106870300122,22.8938,CH-oop
275,C13H9N+,1,13,878.7462,845.3538444,847.921730584632,2.7079,CH-oop
275,C13H9N+,1,13,900.7277,866.5000474,866.266338051823,36.846,CH-oop
275,C13H9N+,1,13,901.2689,867.0206818,868.620754639501,15.1375,CH-oop
275,C13H9N+,1,13,948.3066,912.2709492,913.380102564142,3.4862,CH-oop
275,C13H9N+,1,13,1003.9096,965.7610352,966.661126553157,1.05,ring / CH-ip
275,C13H9N+,1,13,1026.3854,987.3827548,988.136610244967,1.8388,ring / CH-ip
275,C13H9N+,1,13,1033.0977,993.8399874,994.636821870567,0.39,ring / CH-ip
275,C13H9N+,1,13,1043.0651,1003.4286262,1002.81518528829,43.137,ring / CH-ip
275,C13H9N+,1,13,1061.2346,1020.9076852,1021.55343100492,0.0896,ring / CH-ip
275,C13H9N+,1,13,1063.0432,1022.6475584,1022.59906004122,20.6062,ring / CH-ip
275,C13H9N+,1,13,1064.3306,1023.8860372,1024.4873946941,0.6742,ring / CH-ip
275,C13H9N+,1,13,1089.8313,1048.4177106,1048.85305941444,5.3324,ring / CH-ip
275,C13H9N+,1,13,1125.9977,1083.2097874,1083.67797508677,1.2581,ring / CH-ip
275,C13H9N+,1,13,1161.7419,1117.5957078,1116.90420948112,16.9358,CH-ip-bend
275,C13H9N+,1,13,1193.5815,1148.225403,1145.59746342189,50.8656,CH-ip-bend
275,C13H9N+,1,13,1220.3258,1173.9534196,1171.00755900117,53.3256,CH-ip-bend
275,C13H9N+,1,13,1257.6295,1209.839579,1207.17436271707,44.8902,CH-ip-bend
275,C13H9N+,1,13,1265.7528,1217.6541936,1216.38667400556,20.394,CH-ip-bend
275,C13H9N+,1,13,1293.3978,1244.2486836,1240.01612433711,74.2786,CH-ip-bend
275,C13H9N+,1,13,1307.8055,1258.108891,1251.26562542187,124.703,CC-stretch/CH-ip
275,C13H9N+,1,13,1361.6619,1309.9187478,1306.38715509759,53.3276,CC-stretch/CH-ip
275,C13H9N+,1,13,1376.8099,1324.4911238,1323.64472788844,1.104,CC-stretch/CH-ip
275,C13H9N+,1,13,1410.0764,1356.4934968,1355.92969993815,1.2682,CC-stretch/CH-ip
275,C13H9N+,1,13,1438.133,1383.483946,1382.68407165397,10.9991,CC-stretch/CH-ip
275,C13H9N+,1,13,1471.0392,1415.1397104,1411.03254010179,58.92,CC-stretch/CH-ip
275,C13H9N+,1,13,1486.8371,1430.3372902,1428.37537841914,7.0897,CC-stretch/CH-ip
275,C13H9N+,1,13,1495.4733,1438.6453146,1436.62804524203,7.1557,CC-stretch/CH-ip
275,C13H9N+,1,13,1531.4818,1473.2854916,1468.36275862593,67.9875,CC-stretch/CH-ip
275,C13H9N+,1,13,1549.0603,1490.1960086,1487.92845412952,9.8498,CC-stretch/CH-ip
275,C13H9N+,1,13,1574.3852,1514.5585624,1512.36754720787,11.3667,CC-stretch
275,C13H9N+,1,13,1583.6136,1523.4362832,1515.55378122969,123.5831,CC-stretch
275,C13H9N+,1,13,1615.0619,1553.6895478,1546.98891498087,103.2476,CC-stretch
275,C13H9N+,1,13,1643.6089,1581.1517618,1576.72231401676,63.7317,CC-stretch
275,C13H9N+,1,13,3207.3422,3085.4631964,3074.27206418446,0.5154,CH-stretch
275,C13H9N+,1,13,3213.248,3091.144576,3079.9300916838,0.3558,CH-stretch
275,C13H9N+,1,13,3216.12,3093.90744,3082.63893404036,1.1272,CH-stretch
275,C13H9N+,1,13,3222.5242,3100.0682804,3088.78669075317,0.7425,CH-stretch
275,C13H9N+,1,13,3223.2303,3100.7475486,3089.38482162969,2.2498,CH-stretch
275,C13H9N+,1,13,3225.6027,3103.0297974,3091.71302496917,1.0623,CH-stretch
275,C13H9N+,1,13,3240.5768,3117.4348816,3106.03441897125,1.1543,CH-stretch
275,C13H9N+,1,13,3246.8901,3123.5082762,3111.9546706527,3.55,CH-stretch
275,C13H9N+,1,13,3247.792,3124.375904,3112.92354793795,1.4524,CH-stretch
555,C40H18,0,40,21.6386,20.8163332,28.0625483881447,0.0088,low / skeletal
555,C40H18,0,40,29.575,28.45115,35.7716192539433,0.1178,low / skeletal
555,C40H18,0,40,88.1963,84.8448406,91.430443087881,0.0002,low / skeletal
555,C40H18,0,40,131.4434,126.4485508,132.794287158947,4.4002,low / skeletal
555,C40H18,0,40,146.2943,140.7351166,147.422504014268,0.4004,low / skeletal
555,C40H18,0,40,161.5638,155.4243756,161.839474630337,0.1094,low / skeletal
555,C40H18,0,40,220.2003,211.8326886,217.66481206969,2.2495,low / skeletal
555,C40H18,0,40,276.1191,265.6265742,271.177361657686,0.2933,low / skeletal
555,C40H18,0,40,304.4888,292.9182256,298.470085027208,0.3389,low / skeletal
555,C40H18,0,40,363.6767,349.8569854,355.378104752469,0.2539,low / skeletal
555,C40H18,0,40,396.5079,381.4405998,386.519727509406,1.5613,low / skeletal
555,C40H18,0,40,428.9579,412.6574998,418.251198698258,1.6609,low / skeletal
555,C40H18,0,40,438.2179,421.5656198,426.586003370925,1.2977,low / skeletal
555,C40H18,0,40,454.6515,437.374743,441.936669533087,0.9261,low / skeletal
555,C40H18,0,40,475.0085,456.958177,461.654328544774,4.6394,low / skeletal
555,C40H18,0,40,484.5175,466.105835,470.565083150033,0.0304,low / skeletal
555,C40H18,0,40,516.842,497.202004,501.813905711667,1.0084,low / skeletal
555,C40H18,0,40,529.6875,509.559375,513.511223911195,4.1621,low / skeletal
555,C40H18,0,40,566.1261,544.6133082,548.71681357461,0.9932,low / skeletal
555,C40H18,0,40,592.8786,570.3492132,573.979774928635,2.3297,low / skeletal
555,C40H18,0,40,593.9946,571.4228052,575.461800454036,7.0528,low / skeletal
555,C40H18,0,40,601.8331,578.9634422,582.674709186654,0.5625,low / skeletal
555,C40H18,0,40,632.6027,608.5637974,611.999228252654,8.2577,low / skeletal
555,C40H18,0,40,650.8191,626.0879742,630.441934972056,0.156,low / skeletal
555,C40H18,0,40,674.0742,648.4593804,652.814290827106,1.018,CH-oop
555,C40H18,0,40,695.4124,668.9867288,671.866632277676,3.8894,CH-oop
555,C40H18,0,40,719.3574,692.0218188,695.800366228801,0.0532,CH-oop
555,C40H18,0,40,762.9596,733.9671352,735.877542506283,19.1932,CH-oop
555,C40H18,0,40,775.9215,746.436483,749.703549866717,2.1122,CH-oop
555,C40H18,0,40,780.4922,750.8334964,754.038178593441,0.0976,CH-oop
555,C40H18,0,40,794.6942,764.4958204,765.914637041322,22.5627,CH-oop
555,C40H18,0,40,822.4009,791.1496658,792.724002019426,18.0805,CH-oop
555,C40H18,0,40,828.7131,797.2220022,800.191303703883,2.5677,CH-oop
555,C40H18,0,40,850.3961,818.0810482,818.800803060554,38.1256,CH-oop
555,C40H18,0,40,859.699,827.030438,828.499666525267,17.0239,CH-oop
555,C40H18,0,40,877.4412,844.0984344,841.322413020282,142.4033,CH-oop
555,C40H18,0,40,885.3458,851.7026596,854.277665138648,6.2699,CH-oop
555,C40H18,0,40,921.0234,886.0245108,888.705546221281,1.6971,CH-oop
555,C40H18,0,40,933.4601,897.9886162,899.155683070822,6.0125,CH-oop
555,C40H18,0,40,980.5393,943.2788066,944.327883370385,1.0773,CH-oop
555,C40H18,0,40,997.0424,959.1547888,960.119882939866,0.1927,ring / CH-ip
555,C40H18,0,40,1008.6121,970.2848402,972.191234263239,5.7678,ring / CH-ip
555,C40H18,0,40,1012.9454,974.4534748,975.298225171559,1.3309,ring / CH-ip
555,C40H18,0,40,1021.8278,982.9983436,983.830056527422,0.4763,ring / CH-ip
555,C40H18,0,40,1060.1448,1019.8592976,1021.69695672754,0.3592,ring / CH-ip
555,C40H18,0,40,1117.9319,1075.4504878,1076.35557598816,0.9754,ring / CH-ip
555,C40H18,0,40,1138.1588,1094.9087656,1095.22811593304,2.9068,ring / CH-ip
555,C40H18,0,40,1150.5347,1106.8143814,1107.13652336828,7.4359,CH-ip-bend
555,C40H18,0,40,1193.8019,1148.4374278,1148.26343215387,5.2584,CH-ip-bend
555,C40H18,0,40,1219.0441,1172.7204242,1172.39734838905,1.6801,CH-ip-bend
555,C40H18,0,40,1237.4832,1190.4588384,1189.98000955797,3.7785,CH-ip-bend
555,C40H18,0,40,1261.9562,1214.0018644,1213.97205356693,0.7815,CH-ip-bend
555,C40H18,0,40,1265.5919,1217.4994078,1217.04755196603,2.762,CH-ip-bend
555,C40H18,0,40,1292.6763,1243.5546006,1243.03075595809,4.3369,CH-ip-bend
555,C40H18,0,40,1309.4598,1259.7003276,1258.7690414407,12.5135,CC-stretch/CH-ip
555,C40H18,0,40,1316.7884,1266.7504408,1266.04673611892,1.8192,CC-stretch/CH-ip
555,C40H18,0,40,1349.7544,1298.4637328,1297.76891589687,7.3187,CC-stretch/CH-ip
555,C40H18,0,40,1360.6735,1308.967907,1307.83530521164,15.5238,CC-stretch/CH-ip
555,C40H18,0,40,1383.1459,1330.5863558,1330.43815652568,6.2343,CC-stretch/CH-ip
555,C40H18,0,40,1388.851,1336.074662,1335.81336068127,4.005,CC-stretch/CH-ip
555,C40H18,0,40,1417.2094,1363.3554428,1362.5964814864,14.1624,CC-stretch/CH-ip
555,C40H18,0,40,1424.5002,1370.3691924,1370.94801458495,0.3858,CC-stretch/CH-ip
555,C40H18,0,40,1442.0955,1387.295871,1386.37194834452,3.6669,CC-stretch/CH-ip
555,C40H18,0,40,1481.1895,1424.904299,1423.51473296153,7.1807,CC-stretch/CH-ip
555,C40H18,0,40,1494.6696,1437.8721552,1434.46540651559,58.4458,CC-stretch/CH-ip
555,C40H18,0,40,1501.1931,1444.1477622,1442.3273935911,8.7022,CC-stretch/CH-ip
555,C40H18,0,40,1519.245,1461.51369,1460.65032430415,4.0166,CC-stretch/CH-ip
555,C40H18,0,40,1558.1242,1498.9154804,1497.23961351501,0.1565,CC-stretch/CH-ip
555,C40H18,0,40,1573.381,1513.592522,1511.6875746222,11.5979,CC-stretch
555,C40H18,0,40,1599.658,1538.870996,1537.29749540917,0.6154,CC-stretch
555,C40H18,0,40,1621.1445,1559.541009,1557.93879530115,4.6192,CC-stretch
555,C40H18,0,40,1637.1637,1574.9514794,1573.20816766674,14.0634,CC-stretch
555,C40H18,0,40,3177.8553,3057.0967986,3046.01231671494,2.4341,CH-stretch
555,C40H18,0,40,3183.4885,3062.515937,3051.26142083395,6.8779,CH-stretch
555,C40H18,0,40,3185.3169,3064.2748578,3052.10409995113,35.7051,CH-stretch
555,C40H18,0,40,3199.8619,3078.2671478,3065.32455367271,57.8191,CH-stretch
555,C40H18,0,40,3202.1053,3080.4252986,3063.2298353678,192.441,CH-stretch
555,C40H18,0,40,3212.3581,3090.2884922,3079.08444634775,0.378,CH-stretch
555,C40H18,0,40,3223.8913,3101.3834306,3089.51179018394,19.6925,CH-stretch
555,C40H18,0,40,3235.5304,3112.5802448,3100.83113181198,13.7102,CH-stretch
555,C40H18,0,40,3245.3027,3121.9811974,3107.44533262256,100.5543,CH-stretch
536,C32H18,0,32,12.475,12.00095,19.4193304601417,0.0074,low / skeletal
536,C32H18,0,32,55.5405,53.429961,60.1930567133247,0.0078,low / skeletal
536,C32H18,0,32,66.5699,64.0402438,71.0825613942648,0.0174,low / skeletal
536,C32H18,0,32,81.9568,78.8424416,85.5149925106741,1.8787,low / skeletal
536,C32H18,0,32,111.8975,107.645395,114.423194190368,0.1358,low / skeletal
536,C32H18,0,32,155.2919,149.3908078,155.619841084578,0.0052,low / skeletal
536,C32H18,0,32,172.7139,166.1507718,172.632454916303,0.0652,low / skeletal
536,C32H18,0,32,228.2095,219.537539,225.306550488695,0.0477,low / skeletal
536,C32H18,0,32,229.473,220.753026,227.255042110816,0.0145,low / skeletal
536,C32H18,0,32,298.9598,287.5993276,293.115397769324,0.0237,low / skeletal
536,C32H18,0,32,326.8549,314.4344138,319.921239528725,0.8468,low / skeletal
536,C32H18,0,32,331.8461,319.2359482,324.846204930742,0.0308,low / skeletal
536,C32H18,0,32,340.0886,327.1652332,332.414482028509,1.577,low / skeletal
536,C32H18,0,32,353.3034,339.8778708,345.202668451604,0.0045,low / skeletal
536,C32H18,0,32,425.1294,408.9744828,413.545861470745,1.0024,low / skeletal
536,C32H18,0,32,430.0154,413.6748148,418.162483583656,0.5209,low / skeletal
536,C32H18,0,32,442.5105,425.695101,431.017297438958,0.0313,low / skeletal
536,C32H18,0,32,448.2121,431.1800402,435.982015209164,0.1609,low / skeletal
536,C32H18,0,32,483.4792,465.1069904,469.161964051836,0.3095,low / skeletal
536,C32H18,0,32,486.3293,467.8487866,470.937533999972,17.0177,low / skeletal
536,C32H18,0,32,530.1444,509.9989128,514.050201957517,0.1861,low / skeletal
536,C32H18,0,32,562.7673,541.3821426,545.261636583327,0.0023,low / skeletal
536,C32H18,0,32,569.5813,547.9372106,552.106942571882,0.0455,low / skeletal
536,C32H18,0,32,576.8867,554.9650054,558.712053851487,0.0197,low / skeletal
536,C32H18,0,32,592.4415,569.928723,574.116329470402,0.0507,low / skeletal
536,C32H18,0,32,602.1587,579.2766694,581.694298775381,34.8942,low / skeletal
536,C32H18,0,32,617.1606,593.7084972,598.03698301283,0.1861,low / skeletal
536,C32H18,0,32,634.9678,610.8390236,614.4198978172,0.0221,low / skeletal
536,C32H18,0,32,667.2938,641.9366356,645.854544607471,1.4287,low / skeletal
536,C32H18,0,32,682.7335,656.789627,660.683140890531,0.0159,CH-oop
536,C32H18,0,32,698.9859,672.4244358,676.345201053942,0.1319,CH-oop
536,C32H18,0,32,721.2276,693.8209512,697.022906234572,0.027,CH-oop
536,C32H18,0,32,732.4198,704.5878476,704.532013285886,44.1882,CH-oop
536,C32H18,0,32,775.8022,746.3217164,748.608268455752,0.9862,CH-oop
536,C32H18,0,32,777.9927,748.4289774,748.468066424303,35.7371,CH-oop
536,C32H18,0,32,778.6419,749.0535078,751.198221606023,0.4285,CH-oop
536,C32H18,0,32,794.6852,764.4871624,767.599707206526,0.002,CH-oop
536,C32H18,0,32,797.8817,767.5621954,769.823156598824,0.5461,CH-oop
536,C32H18,0,32,799.9019,769.5056278,772.587483240892,0.7665,CH-oop
536,C32H18,0,32,828.0002,796.5361924,793.920919945415,79.5432,CH-oop
536,C32H18,0,32,839.8492,807.9349304,809.949032080497,8.507,CH-oop
536,C32H18,0,32,859.082,826.436884,828.374896064455,0.0067,CH-oop
536,C32H18,0,32,876.6793,843.3654866,845.535982586177,3.3166,CH-oop
536,C32H18,0,32,884.9616,851.3330592,853.00368722467,0.0236,CH-oop
536,C32H18,0,32,910.2747,875.6842614,878.372725002248,2.6901,CH-oop
536,C32H18,0,32,911.9608,877.3062896,878.768670518077,0.8954,CH-oop
536,C32H18,0,32,914.0031,879.2709822,875.679022920254,85.4267,CH-oop
536,C32H18,0,32,933.0683,897.6117046,898.943335402358,0.1231,CH-oop
536,C32H18,0,32,938.0987,902.4509494,903.865713222,0.2811,CH-oop
536,C32H18,0,32,996.9009,959.0186658,959.620262732211,6.4077,ring / CH-ip
536,C32H18,0,32,997.2523,959.3567126,960.335242805527,0.0399,ring / CH-ip
536,C32H18,0,32,1001.2338,963.1869156,965.110200957195,0.1149,ring / CH-ip
536,C32H18,0,32,1011.1717,972.7471754,973.493299748523,2.5532,ring / CH-ip
536,C32H18,0,32,1013.2506,974.7470772,975.640702212857,0.0232,ring / CH-ip
536,C32H18,0,32,1032.3405,993.111561,993.890942072363,0.0025,ring / CH-ip
536,C32H18,0,32,1043.7877,1004.1237674,1006.17017085236,0.705,ring / CH-ip
536,C32H18,0,32,1052.8466,1012.8384292,1013.81255304684,0.0094,ring / CH-ip
536,C32H18,0,32,1054.5692,1014.4955704,1015.18745270423,3.6667,ring / CH-ip
536,C32H18,0,32,1078.461,1037.479482,1038.55234749892,0.0105,ring / CH-ip
536,C32H18,0,32,1135.2077,1092.0698074,1092.60311117466,0.6546,ring / CH-ip
536,C32H18,0,32,1151.8635,1108.092687,1108.43287286747,0.087,CH-ip-bend
536,C32H18,0,32,1169.4641,1125.0244642,1124.78014767874,6.4673,CH-ip-bend
536,C32H18,0,32,1189.6989,1144.4903418,1144.36528489319,2.0667,CH-ip-bend
536,C32H18,0,32,1224.4695,1177.939659,1177.44879886247,2.7771,CH-ip-bend
536,C32H18,0,32,1224.9887,1178.4391294,1178.10582188622,0.0051,CH-ip-bend
536,C32H18,0,32,1244.7592,1197.4583504,1196.48014202349,9.9388,CH-ip-bend
536,C32H18,0,32,1266.5543,1218.4252366,1218.12591570619,0.0956,CH-ip-bend
536,C32H18,0,32,1272.8054,1224.4387948,1223.49281156932,7.7655,CH-ip-bend
536,C32H18,0,32,1284.8885,1236.062737,1235.12293921052,7.7535,CH-ip-bend
536,C32H18,0,32,1308.2113,1258.4992706,1258.06043641186,8.1508,CC-stretch/CH-ip
536,C32H18,0,32,1320.7889,1270.5989218,1270.14516378187,0.176,CC-stretch/CH-ip
536,C32H18,0,32,1322.4287,1272.1764094,1272.12355294156,0.4748,CC-stretch/CH-ip
536,C32H18,0,32,1355.4075,1303.902015,1303.72750349227,2.1206,CC-stretch/CH-ip
536,C32H18,0,32,1355.7918,1304.2717116,1304.86996795439,0.0077,CC-stretch/CH-ip
536,C32H18,0,32,1366.7769,1314.8393778,1313.53340166167,5.4466,CC-stretch/CH-ip
536,C32H18,0,32,1396.2282,1343.1715284,1341.82336463318,6.2301,CC-stretch/CH-ip
536,C32H18,0,32,1401.8468,1348.5766216,1348.33121817873,0.0022,CC-stretch/CH-ip
536,C32H18,0,32,1409.7978,1356.2254836,1355.5018378168,5.6651,CC-stretch/CH-ip
536,C32H18,0,32,1445.7478,1390.8093836,1390.41688439753,1.4268,CC-stretch/CH-ip
536,C32H18,0,32,1459.9828,1404.5034536,1403.26878610671,0.0197,CC-stretch/CH-ip
536,C32H18,0,32,1470.6747,1414.7890614,1413.02799010912,5.9636,CC-stretch/CH-ip
536,C32H18,0,32,1502.8912,1445.7813344,1440.69830129403,58.1531,CC-stretch/CH-ip
536,C32H18,0,32,1519.8516,1462.0972392,1460.4555514182,1.4359,CC-stretch/CH-ip
536,C32H18,0,32,1527.8213,1469.7640906,1467.82385657734,8.9858,CC-stretch/CH-ip
536,C32H18,0,32,1531.8253,1473.6159386,1471.87173603534,0.0625,CC-stretch/CH-ip
536,C32H18,0,32,1549.9111,1491.0144782,1487.79910371186,24.9847,CC-stretch/CH-ip
536,C32H18,0,32,1566.5611,1507.0317782,1505.46873093593,0.551,CC-stretch
536,C32H18,0,32,1617.0643,1555.6158566,1553.63696862942,7.5277,CC-stretch
536,C32H18,0,32,1619.9434,1558.3855508,1557.17363286684,0.0001,CC-stretch
536,C32H18,0,32,1626.3436,1564.5425432,1562.58914047634,13.0579,CC-stretch
536,C32H18,0,32,1648.513,1585.869506,1583.79154065759,4.2535,CC-stretch
536,C32H18,0,32,1652.3313,1589.5427106,1587.83424601093,0.2892,CC-stretch
536,C32H18,0,32,3176.9911,3056.2654382,3044.70127723717,9.4294,CH-stretch
536,C32H18,0,32,3181.2918,3060.4027116,3049.35815563769,0.3215,CH-stretch
536,C32H18,0,32,3192.1894,3070.8862028,3057.79872770661,33.6769,CH-stretch
536,C32H18,0,32,3192.4632,3071.1495984,3060.03910067574,0.4157,CH-stretch
536,C32H18,0,32,3197.4148,3075.9130376,3061.00793906386,63.8143,CH-stretch
536,C32H18,0,32,3209.8745,3087.899269,3074.96114448233,29.5958,CH-stretch
536,C32H18,0,32,3210.8568,3088.8442416,3077.0707213974,9.9218,CH-stretch
536,C32H18,0,32,3212.1321,3090.0710802,3078.88009211921,0.0328,CH-stretch
536,C32H18,0,32,3213.6951,3091.5746862,3074.0323448133,106.7188,CH-stretch
536,C32H18,0,32,3214.136,3091.998832,3080.75648455555,0.7393,CH-stretch
536,C32H18,0,32,3235.806,3112.845372,3099.92800229652,26.8601,CH-stretch
536,C32H18,0,32,3240.1107,3116.9864934,3101.46940813118,70.2192,CH-stretch
536,C32H18,0,32,3241.0187,3117.8599894,3106.49790528137,0.2756,CH-stretch
272,C15H9N+,1,15,204.1604,196.4023048,202.059439657077,10.1501,low / skeletal
272,C15H9N+,1,15,263.7245,253.702969,259.599597015484,2.9516,low / skeletal
272,C15H9N+,1,15,361.0912,347.3697344,352.657082880216,0.0113,low / skeletal
272,C15H9N+,1,15,420.5116,404.5321592,410.287896503989,0.5364,low / skeletal
272,C15H9N+,1,15,478.1356,459.9664472,464.975354508366,0.3672,low / skeletal
272,C15H9N+,1,15,494.4319,475.6434878,479.822658446316,0.086,low / skeletal
272,C15H9N+,1,15,496.3982,477.5350684,481.615776549192,6.0274,low / skeletal
272,C15H9N+,1,15,515.8854,496.2817548,500.598603997748,0.1394,low / skeletal
272,C15H9N+,1,15,516.3677,496.7457274,501.0865247492,2.5479,low / skeletal
272,C15H9N+,1,15,575.6568,553.7818416,558.246121633578,2.8456,low / skeletal
272,C15H9N+,1,15,589.6402,567.2338724,570.715458437473,2.3325,low / skeletal
272,C15H9N+,1,15,609.9312,586.7538144,591.003264650572,0.015,low / skeletal
272,C15H9N+,1,15,696.2718,669.8134716,673.941850058912,1.7857,CH-oop
272,C15H9N+,1,15,719.6034,692.2584708,693.813200698126,41.7061,CH-oop
272,C15H9N+,1,15,772.8912,743.5213344,746.644638428688,1.8652,CH-oop
272,C15H9N+,1,15,796.4114,766.1477668,768.221758488643,2.3374,CH-oop
272,C15H9N+,1,15,831.4553,799.8599986,802.66180608523,6.0839,CH-oop
272,C15H9N+,1,15,835.465,803.71733,805.743292374025,2.0532,CH-oop
272,C15H9N+,1,15,853.2983,820.8729646,823.415222354549,1.869,CH-oop
272,C15H9N+,1,15,884.9135,851.286787,851.18009672183,60.2244,CH-oop
272,C15H9N+,1,15,959.4021,922.9448202,923.164470090602,35.6756,CH-oop
272,C15H9N+,1,15,1020.8437,982.0516394,982.979982243461,24.8009,ring / CH-ip
272,C15H9N+,1,15,1034.7034,995.3846708,996.17151092829,0.1559,ring / CH-ip
272,C15H9N+,1,15,1035.8725,996.509345,997.016930097468,50.3198,ring / CH-ip
272,C15H9N+,1,15,1056.665,1016.51173,1017.18066260066,0.0017,ring / CH-ip
272,C15H9N+,1,15,1127.322,1084.483764,1084.70875476381,7.882,ring / CH-ip
272,C15H9N+,1,15,1174.369,1129.742978,1129.9318314199,5.782,CH-ip-bend
272,C15H9N+,1,15,1185.9103,1140.8457086,1140.96315329617,2.8011,CH-ip-bend
272,C15H9N+,1,15,1198.674,1153.124388,1153.01438982044,0.2243,CH-ip-bend
272,C15H9N+,1,15,1208.1304,1162.2214448,1162.0742216159,1.6674,CH-ip-bend
272,C15H9N+,1,15,1243.3846,1196.1359852,1195.54075060633,8.1531,CH-ip-bend
272,C15H9N+,1,15,1266.7544,1218.6177328,1217.86977285073,16.4982,CH-ip-bend
272,C15H9N+,1,15,1286.8597,1237.9590314,1237.63601520485,0.1181,CH-ip-bend
272,C15H9N+,1,15,1298.6845,1249.334489,1248.30466392792,18.2472,CH-ip-bend
272,C15H9N+,1,15,1309.1921,1259.4428002,1256.50313251951,77.2352,CC-stretch/CH-ip
272,C15H9N+,1,15,1331.2108,1280.6247896,1279.54579727625,23.1592,CC-stretch/CH-ip
272,C15H9N+,1,15,1389.7575,1336.946715,1336.34678157992,4.0723,CC-stretch/CH-ip
272,C15H9N+,1,15,1396.1106,1343.0583972,1339.94725301188,111.5924,CC-stretch/CH-ip
272,C15H9N+,1,15,1422.3264,1368.2779968,1366.905537932,4.9414,CC-stretch/CH-ip
272,C15H9N+,1,15,1448.763,1393.710006,1393.56564215594,0.2283,CC-stretch/CH-ip
272,C15H9N+,1,15,1473.399,1417.409838,1414.95835436248,43.3898,CC-stretch/CH-ip
272,C15H9N+,1,15,1493.0404,1436.3048648,1434.46522679725,5.6145,CC-stretch/CH-ip
272,C15H9N+,1,15,1497.1873,1440.2941826,1437.96039476401,25.7536,CC-stretch/CH-ip
272,C15H9N+,1,15,1515.1215,1457.546883,1455.58259084267,30.1482,CC-stretch/CH-ip
272,C15H9N+,1,15,1534.7382,1476.4181484,1474.68857808651,2.3608,CC-stretch/CH-ip
272,C15H9N+,1,15,1559.6594,1500.3923428,1498.49832349721,6.3088,CC-stretch/CH-ip
272,C15H9N+,1,15,1589.6022,1529.1973164,1521.76048101088,203.8877,CC-stretch
272,C15H9N+,1,15,1595.32,1534.69784,1532.40973151289,19.6455,CC-stretch
272,C15H9N+,1,15,1610.734,1549.526108,1548.71453281445,0.8513,CC-stretch
272,C15H9N+,1,15,3207.65,3085.7593,3074.49686340563,3.2424,CH-stretch
272,C15H9N+,1,15,3210.2066,3088.2187492,3077.02218755049,0.5356,CH-stretch
272,C15H9N+,1,15,3210.6361,3088.6319282,3077.44607734272,0.0941,CH-stretch
272,C15H9N+,1,15,3212.442,3090.369204,3079.17521567769,0.0474,CH-stretch
272,C15H9N+,1,15,3213.2666,3091.1624692,3079.9635541503,0.1649,CH-stretch
272,C15H9N+,1,15,3215.7357,3093.5377434,3082.31967010337,0.2952,CH-stretch
272,C15H9N+,1,15,3225.3092,3102.7474504,3091.40462888061,2.8508,CH-stretch
272,C15H9N+,1,15,3225.4816,3102.9132992,3091.65336562079,0.0127,CH-stretch
272,C15H9N+,1,15,3239.7021,3116.5934202,3105.23012347071,0.9268,CH-stretch
534,C36H20,0,36,11.5739,11.1340918,18.6188161190353,0.0112,low / skeletal
534,C36H20,0,36,34.4647,33.1550414,40.0497107735321,0.0005,low / skeletal
534,C36H20,0,36,47.8776,46.0582512,53.2592804678313,0.2052,low / skeletal
534,C36H20,0,36,51.9391,49.9654142,56.7678393127292,0.0044,low / skeletal
534,C36H20,0,36,75.9287,73.0434094,79.8431615457305,1.1971,low / skeletal
534,C36H20,0,36,83.6432,80.4647584,87.4422805255806,0.1091,low / skeletal
534,C36H20,0,36,118.6383,114.1300446,120.780304128735,0.1365,low / skeletal
534,C36H20,0,36,140.3842,135.0496004,141.395319485652,0.0059,low / skeletal
534,C36H20,0,36,154.9912,149.1015344,155.478439904282,0.0062,low / skeletal
534,C36H20,0,36,162.9595,156.767039,163.078331985662,0.009,low / skeletal
534,C36H20,0,36,177.5204,170.7746248,176.830878915608,0.0398,low / skeletal
534,C36H20,0,36,195.7813,188.3416106,194.883580540132,0.1038,low / skeletal
534,C36H20,0,36,212.4447,204.3718014,210.555092425755,0.9291,low / skeletal
534,C36H20,0,36,237.9762,228.9331044,234.624723618419,0.0009,low / skeletal
534,C36H20,0,36,253.1398,243.5204876,249.395374313952,0.8534,low / skeletal
534,C36H20,0,36,301.2735,289.825107,295.247348539085,0.0015,low / skeletal
534,C36H20,0,36,305.1478,293.5521836,299.166560153878,0.4102,low / skeletal
534,C36H20,0,36,317.2456,305.1902672,310.796125487564,0.3362,low / skeletal
534,C36H20,0,36,335.1963,322.4588406,327.972475826238,0.1971,low / skeletal
534,C36H20,0,36,350.4296,337.1132752,342.355258123106,0.4394,low / skeletal
534,C36H20,0,36,362.8331,349.0454422,354.273457109011,0.005,low / skeletal
534,C36H20,0,36,406.6183,391.1668046,396.268205185857,0.0265,low / skeletal
534,C36H20,0,36,414.616,398.860592,403.601561709351,0.6793,low / skeletal
534,C36H20,0,36,426.1712,409.9766944,414.605707862458,0.3586,low / skeletal
534,C36H20,0,36,430.6599,414.2948238,418.996702353861,0.7433,low / skeletal
534,C36H20,0,36,444.4088,427.5212656,432.53967145985,0.034,low / skeletal
534,C36H20,0,36,465.0055,447.335291,452.247539469554,0.0387,low / skeletal
534,C36H20,0,36,476.9428,458.8189736,462.851873471444,1.8945,low / skeletal
534,C36H20,0,36,485.3745,466.930269,470.412569757157,9.6467,low / skeletal
534,C36H20,0,36,490.364,471.730168,475.187403979176,9.3671,low / skeletal
534,C36H20,0,36,521.5436,501.7249432,506.063318947641,0.0011,low / skeletal
534,C36H20,0,36,527.6786,507.6268132,511.626417789888,2.3789,low / skeletal
534,C36H20,0,36,532.4438,512.2109356,515.967072250554,13.1528,low / skeletal
534,C36H20,0,36,554.3555,533.289991,537.795099556046,0.197,low / skeletal
534,C36H20,0,36,561.4892,540.1526104,544.023252503146,0.0042,low / skeletal
534,C36H20,0,36,578.9009,556.9026658,561.045317613164,0.0266,low / skeletal
534,C36H20,0,36,594.0266,571.4535892,575.236987052015,0.0037,low / skeletal
534,C36H20,0,36,596.3994,573.7362228,577.886956823286,0.0289,low / skeletal
534,C36H20,0,36,607.8613,584.7625706,587.790337585909,22.2509,low / skeletal
534,C36H20,0,36,635.0054,610.8751948,614.452513752875,0.8222,low / skeletal
534,C36H20,0,36,653.809,628.964258,632.929931633432,2.0388,low / skeletal
534,C36H20,0,36,657.8623,632.8635326,636.526555619433,0.0029,low / skeletal
534,C36H20,0,36,669.6172,644.1717464,648.172259974358,0.1541,low / skeletal
534,C36H20,0,36,684.9166,658.8897692,662.830980284819,0.0326,CH-oop
534,C36H20,0,36,711.4693,684.4334666,687.91661944356,0.0027,CH-oop
534,C36H20,0,36,724.9103,697.3637086,701.162433963545,0.2983,CH-oop
534,C36H20,0,36,733.6166,705.7391692,706.545232341855,27.9692,CH-oop
534,C36H20,0,36,751.6992,723.1346304,725.948095150998,0.2452,CH-oop
534,C36H20,0,36,766.7009,737.5662658,740.222419452297,0.0969,CH-oop
534,C36H20,0,36,773.5577,744.1625074,743.202123829526,49.8586,CH-oop
534,C36H20,0,36,778.4063,748.8268606,749.704128005938,20.4083,CH-oop
534,C36H20,0,36,780.6515,750.986743,753.293027077767,0.8424,CH-oop
534,C36H20,0,36,782.5143,752.7787566,755.833852867224,1.4109,CH-oop
534,C36H20,0,36,792.1728,762.0702336,764.471486986338,0.1355,CH-oop
534,C36H20,0,36,796.7821,766.5043802,768.759377618368,0.6501,CH-oop
534,C36H20,0,36,796.9782,766.6930284,769.787130398761,0.0358,CH-oop
534,C36H20,0,36,806.7868,776.1289016,778.70390452489,6.8986,CH-oop
534,C36H20,0,36,814.7505,783.789981,786.974990462422,1.1506,CH-oop
534,C36H20,0,36,827.5049,796.0597138,793.881485603488,67.3405,CH-oop
534,C36H20,0,36,849.4582,817.1787884,819.418395451559,3.9218,CH-oop
534,C36H20,0,36,858.9732,826.3322184,828.287692852641,0.0034,CH-oop
534,C36H20,0,36,875.5334,842.2631308,843.910378927204,0.004,CH-oop
534,C36H20,0,36,882.3763,848.8460006,850.28215187314,3.4718,CH-oop
534,C36H20,0,36,883.1779,849.6171398,851.266041080387,0.0209,CH-oop
534,C36H20,0,36,898.372,864.233864,866.091854363608,2.1233,CH-oop
534,C36H20,0,36,912.2344,877.5694928,879.098831101509,0.1381,CH-oop
534,C36H20,0,36,914.1651,879.4268262,878.47055200706,38.7861,CH-oop
534,C36H20,0,36,929.2641,893.9520642,895.388452760051,0.031,CH-oop
534,C36H20,0,36,932.1475,896.725895,897.050617125445,16.4255,CH-oop
534,C36H20,0,36,939.7401,904.0299762,905.432636127182,1.112,CH-oop
534,C36H20,0,36,940.4228,904.6867336,906.334411420305,0.9657,CH-oop
534,C36H20,0,36,944.0844,908.2091928,906.021902306714,55.3651,CH-oop
534,C36H20,0,36,952.3385,916.149637,917.469103061567,0.1158,CH-oop
534,C36H20,0,36,957.9806,921.5773372,923.66961132384,0.4713,CH-oop
534,C36H20,0,36,997.1907,959.2974534,960.066863857188,3.3519,ring / CH-ip
534,C36H20,0,36,998.024,960.099088,962.11026308119,0.643,ring / CH-ip
534,C36H20,0,36,1000.7988,962.7684456,963.428883099306,4.7301,ring / CH-ip
534,C36H20,0,36,1011.4083,972.9747846,973.716735630515,2.4463,ring / CH-ip
534,C36H20,0,36,1013.4658,974.9540996,975.844821976192,0.0123,ring / CH-ip
534,C36H20,0,36,1032.4225,993.190445,993.969432088219,0.0014,ring / CH-ip
534,C36H20,0,36,1032.6328,993.3927536,994.171065591985,0.0001,ring / CH-ip
534,C36H20,0,36,1043.9226,1004.2535412,1006.29629536022,0.7244,ring / CH-ip
534,C36H20,0,36,1044.1306,1004.4536372,1005.34116949665,1.617,ring / CH-ip
534,C36H20,0,36,1053.7082,1013.6672884,1014.4730638522,2.1796,ring / CH-ip
534,C36H20,0,36,1076.023,1035.134126,1036.23259785841,0.1399,ring / CH-ip
534,C36H20,0,36,1113.0722,1070.7754564,1071.87756162628,0.5084,ring / CH-ip
534,C36H20,0,36,1132.6364,1089.5962168,1090.08499774407,1.7222,ring / CH-ip
534,C36H20,0,36,1151.9632,1108.1885984,1108.52313174214,0.1406,CH-ip-bend
534,C36H20,0,36,1169.6324,1125.1863688,1124.87751597703,6.8981,CH-ip-bend
534,C36H20,0,36,1175.349,1130.685738,1130.82725294567,0.7962,CH-ip-bend
534,C36H20,0,36,1192.8347,1147.5069814,1147.45606927736,0.5528,CH-ip-bend
534,C36H20,0,36,1215.6955,1169.499071,1168.83848720774,7.6454,CH-ip-bend
534,C36H20,0,36,1224.8215,1178.278283,1177.88336994265,1.018,CH-ip-bend
534,C36H20,0,36,1227.621,1180.971402,1180.57895277355,1.2218,CH-ip-bend
534,C36H20,0,36,1246.8182,1199.4391084,1198.98828813129,0.3025,CH-ip-bend
534,C36H20,0,36,1249.2987,1201.8253494,1201.10678545169,4.7814,CH-ip-bend
534,C36H20,0,36,1256.9372,1209.1735864,1208.65232668185,1.7662,CH-ip-bend
534,C36H20,0,36,1270.2084,1221.9404808,1221.21888213889,4.488,CH-ip-bend
534,C36H20,0,36,1289.0069,1240.0246378,1239.22902342508,3.6404,CH-ip-bend
534,C36H20,0,36,1295.6518,1246.4170316,1245.91880664124,3.5038,CH-ip-bend
534,C36H20,0,36,1304.7362,1255.1562244,1254.60667129229,1.4104,CC-stretch/CH-ip
534,C36H20,0,36,1315.0783,1265.1053246,1264.56558809074,4.9745,CC-stretch/CH-ip
534,C36H20,0,36,1319.2178,1269.0875236,1268.64210287869,0.2465,CC-stretch/CH-ip
534,C36H20,0,36,1332.2833,1281.6565346,1281.51683342556,1.672,CC-stretch/CH-ip
534,C36H20,0,36,1336.8419,1286.0419078,1285.0034018606,4.3437,CC-stretch/CH-ip
534,C36H20,0,36,1348.6761,1297.4264082,1296.51237935059,2.0996,CC-stretch/CH-ip
534,C36H20,0,36,1355.5558,1304.0446796,1303.87043263627,2.0893,CC-stretch/CH-ip
534,C36H20,0,36,1358.9583,1307.3178846,1306.66014724284,0.6503,CC-stretch/CH-ip
534,C36H20,0,36,1363.0386,1311.2431332,1311.48196090611,0.0163,CC-stretch/CH-ip
534,C36H20,0,36,1368.0663,1316.0797806,1314.90948625007,2.6957,CC-stretch/CH-ip
534,C36H20,0,36,1374.262,1322.040044,1321.14365523238,0.3052,CC-stretch/CH-ip
534,C36H20,0,36,1395.15,1342.1343,1341.49247696394,0.9455,CC-stretch/CH-ip
534,C36H20,0,36,1401.8273,1348.5578626,1347.38272875644,3.9562,CC-stretch/CH-ip
534,C36H20,0,36,1407.3474,1353.8681988,1353.06085207002,5.7917,CC-stretch/CH-ip
534,C36H20,0,36,1419.4482,1365.5091684,1364.45072932381,0.0755,CC-stretch/CH-ip
534,C36H20,0,36,1445.7067,1390.7698454,1390.7564767125,0.4766,CC-stretch/CH-ip
534,C36H20,0,36,1446.3611,1391.3993782,1391.03999446609,2.0171,CC-stretch/CH-ip
534,C36H20,0,36,1450.2073,1395.0994226,1394.56859426391,0.6223,CC-stretch/CH-ip
534,C36H20,0,36,1458.5777,1403.1517474,1402.02450716404,0.0284,CC-stretch/CH-ip
534,C36H20,0,36,1470.1115,1414.247263,1412.08209573937,12.0522,CC-stretch/CH-ip
534,C36H20,0,36,1500.617,1443.593554,1437.14283066223,77.0014,CC-stretch/CH-ip
534,C36H20,0,36,1504.6811,1447.5032182,1445.97817968224,0.9184,CC-stretch/CH-ip
534,C36H20,0,36,1518.2488,1460.5553456,1458.76766874603,3.7742,CC-stretch/CH-ip
534,C36H20,0,36,1524.441,1466.512242,1464.84698726523,4.6831,CC-stretch/CH-ip
534,C36H20,0,36,1527.0575,1469.029315,1467.24935552369,0.586,CC-stretch/CH-ip
534,C36H20,0,36,1538.4385,1479.977837,1477.84016057897,6.7737,CC-stretch/CH-ip
534,C36H20,0,36,1555.4705,1496.362621,1494.53991196614,0.1456,CC-stretch/CH-ip
534,C36H20,0,36,1560.4636,1501.1659832,1499.15187628391,7.0269,CC-stretch/CH-ip
534,C36H20,0,36,1590.0224,1529.6015488,1527.89118217752,2.6272,CC-stretch
534,C36H20,0,36,1604.9748,1543.9857576,1542.92744815808,0.1543,CC-stretch
534,C36H20,0,36,1618.027,1556.541974,1554.66491780644,7.0936,CC-stretch
534,C36H20,0,36,1625.1879,1563.4307598,1561.05073150393,18.3111,CC-stretch
534,C36H20,0,36,1637.7217,1575.4882754,1574.04677300425,1.47,CC-stretch
534,C36H20,0,36,1642.7438,1580.3195356,1578.79434542429,1.5945,CC-stretch
534,C36H20,0,36,1650.3222,1587.6099564,1585.81025943394,2.5344,CC-stretch
534,C36H20,0,36,1651.2211,1588.4746982,1586.74314165004,0.5645,CC-stretch
534,C36H20,0,36,3173.1177,3052.5392274,3040.7494554362,12.8052,CH-stretch
534,C36H20,0,36,3175.4152,3054.7494224,3043.65006870324,1.6903,CH-stretch
534,C36H20,0,36,3177.0451,3056.3173862,3045.0206244243,4.6384,CH-stretch
534,C36H20,0,36,3177.7093,3056.9563466,3045.28710322811,10.4756,CH-stretch
534,C36H20,0,36,3181.3505,3060.459181,3049.41789467553,0.2462,CH-stretch
534,C36H20,0,36,3182.2831,3061.3563422,3050.19397463484,2.0792,CH-stretch
534,C36H20,0,36,3192.3313,3071.0227106,3057.80780234622,33.7001,CH-stretch
534,C36H20,0,36,3192.5971,3071.2784102,3060.131400733,0.9568,CH-stretch
534,C36H20,0,36,3197.4526,3075.9494012,3062.89264343702,30.8112,CH-stretch
534,C36H20,0,36,3197.9077,3076.3872074,3062.83475164766,38.617,CH-stretch
534,C36H20,0,36,3207.7298,3085.8360676,3074.66329596749,0.0933,CH-stretch
534,C36H20,0,36,3209.5153,3087.5537186,3074.65764324708,27.2066,CH-stretch
534,C36H20,0,36,3210.4062,3088.4107644,3076.70147921053,8.3583,CH-stretch
534,C36H20,0,36,3211.9863,3089.9308206,3078.66217919537,1.2626,CH-stretch
534,C36H20,0,36,3213.5503,3091.4353886,3073.87415556593,100.7438,CH-stretch
534,C36H20,0,36,3213.9363,3091.8067206,3078.71630509427,29.9571,CH-stretch
534,C36H20,0,36,3234.077,3111.182074,3099.84559901797,0.4124,CH-stretch
534,C36H20,0,36,3234.7664,3111.8452768,3099.19215822091,21.1913,CH-stretch
534,C36H20,0,36,3239.291,3116.197942,3100.59327113844,67.539,CH-stretch
534,C36H20,0,36,3240.1682,3117.0418084,3105.56832968822,2.0953,CH-stretch
395,C20H12,0,20,56.0103,53.8819086,60.7497819156195,0.0567,low / skeletal
395,C20H12,0,20,72.9068,70.1363416,76.8409720946361,0.8999,low / skeletal
395,C20H12,0,20,158.7586,152.7257732,159.121122810616,0.2494,low / skeletal
395,C20H12,0,20,161.0448,154.9250976,161.011273801934,0.3557,low / skeletal
395,C20H12,0,20,174.9496,168.3015152,174.296920435517,2.9668,low / skeletal
395,C20H12,0,20,203.4858,195.7533396,201.696697704148,0.9179,low / skeletal
395,C20H12,0,20,268.0913,257.9038306,263.357041029682,0.2044,low / skeletal
395,C20H12,0,20,296.6358,285.3636396,291.196809253834,0.0604,low / skeletal
395,C20H12,0,20,336.1439,323.3704318,328.76528558232,0.3266,low / skeletal
395,C20H12,0,20,350.46,337.14252,342.466900692824,1.0577,low / skeletal
395,C20H12,0,20,420.1734,404.2068108,408.751151824529,0.8281,low / skeletal
395,C20H12,0,20,468.7587,450.9458694,455.237258454993,1.7878,low / skeletal
395,C20H12,0,20,469.1377,451.3104674,455.919242842941,0.0396,low / skeletal
395,C20H12,0,20,477.1821,459.0491802,463.26314304783,0.7474,low / skeletal
395,C20H12,0,20,506.1872,486.9520864,491.404147329956,2.2992,low / skeletal
395,C20H12,0,20,533.1827,512.9217574,516.583128745264,4.8962,low / skeletal
395,C20H12,0,20,549.5579,528.6746998,533.345313703122,0.3051,low / skeletal
395,C20H12,0,20,572.8478,551.0795836,555.183652327349,4.942,low / skeletal
395,C20H12,0,20,580.4281,558.3718322,561.81131261072,3.7345,low / skeletal
395,C20H12,0,20,602.5866,579.6883092,583.913828228623,0.8531,low / skeletal
395,C20H12,0,20,636.8676,612.6666312,616.768149059604,0.4406,low / skeletal
395,C20H12,0,20,649.6366,624.9504092,628.27462504107,0.8875,low / skeletal
395,C20H12,0,20,656.2941,631.3549242,634.644506536132,0.6762,low / skeletal
395,C20H12,0,20,672.9135,647.342787,650.95275064873,5.7172,CH-oop
395,C20H12,0,20,720.6618,693.2766516,695.923772118339,2.0052,CH-oop
395,C20H12,0,20,740.6761,712.5304082,715.929953398289,1.1211,CH-oop
395,C20H12,0,20,772.1078,742.7677036,743.401038504629,23.7502,CH-oop
395,C20H12,0,20,785.9239,756.0587918,758.012556882728,3.1409,CH-oop
395,C20H12,0,20,797.1065,766.816453,766.538729156407,36.8324,CH-oop
395,C20H12,0,20,824.037,792.723594,794.59416321602,4.104,CH-oop
395,C20H12,0,20,829.6773,798.1495626,801.057686356896,1.5765,CH-oop
395,C20H12,0,20,838.947,807.067014,809.781259335164,0.3281,CH-oop
395,C20H12,0,20,853.8628,821.4160136,816.87564527413,95.2117,CH-oop
395,C20H12,0,20,861.8243,829.0749766,830.480756060645,8.4832,CH-oop
395,C20H12,0,20,865.7797,832.8800714,835.457292376689,1.3532,CH-oop
395,C20H12,0,20,897.1607,863.0685934,864.523352738179,2.4828,CH-oop
395,C20H12,0,20,938.1841,902.5331042,903.859396614937,0.0072,CH-oop
395,C20H12,0,20,951.4331,915.2786422,916.52975110715,0.0085,CH-oop
395,C20H12,0,20,976.126,939.033212,940.935506700738,1.1314,CH-oop
395,C20H12,0,20,983.8096,946.4248352,947.401373267597,1.0929,CH-oop
395,C20H12,0,20,1001.0925,963.050985,963.988221492762,0.3203,ring / CH-ip
395,C20H12,0,20,1012.1617,973.6995554,974.585120946138,0.0869,ring / CH-ip
395,C20H12,0,20,1015.4207,976.8347134,978.792420042354,1.315,ring / CH-ip
395,C20H12,0,20,1021.9745,983.139469,983.887139956598,1.4272,ring / CH-ip
395,C20H12,0,20,1028.931,989.831622,990.630278354628,0.0215,ring / CH-ip
395,C20H12,0,20,1057.3801,1017.1996562,1018.11004200106,1.8723,ring / CH-ip
395,C20H12,0,20,1070.6743,1029.9886766,1030.7230457382,2.0802,ring / CH-ip
395,C20H12,0,20,1090.3394,1048.9065028,1049.0925650245,6.9738,ring / CH-ip
395,C20H12,0,20,1112.4627,1070.1891174,1070.85578986725,2.1737,ring / CH-ip
395,C20H12,0,20,1181.6171,1136.7156502,1136.66694584391,2.9796,CH-ip-bend
395,C20H12,0,20,1202.2711,1156.5847982,1156.13775963818,4.6646,CH-ip-bend
395,C20H12,0,20,1204.8299,1159.0463638,1158.70345899928,3.008,CH-ip-bend
395,C20H12,0,20,1220.0453,1173.6835786,1173.28157696992,2.09,CH-ip-bend
395,C20H12,0,20,1236.7701,1189.7728362,1189.39072094739,0.7467,CH-ip-bend
395,C20H12,0,20,1248.3652,1200.9273224,1200.3672420771,2.9171,CH-ip-bend
395,C20H12,0,20,1266.9841,1218.8387042,1218.32038586988,2.2671,CH-ip-bend
395,C20H12,0,20,1272.2394,1223.8943028,1223.12710384104,5.9102,CH-ip-bend
395,C20H12,0,20,1282.1955,1233.472071,1232.8390879521,2.6854,CH-ip-bend
395,C20H12,0,20,1327.4548,1277.0115176,1276.29476833715,0.2442,CC-stretch/CH-ip
395,C20H12,0,20,1332.9421,1282.2903002,1281.47547900816,5.9314,CC-stretch/CH-ip
395,C20H12,0,20,1376.7595,1324.442639,1323.53126680229,2.4141,CC-stretch/CH-ip
395,C20H12,0,20,1402.029,1348.751898,1348.27412038645,2.6133,CC-stretch/CH-ip
395,C20H12,0,20,1424.8085,1370.665777,1369.68090529091,1.4914,CC-stretch/CH-ip
395,C20H12,0,20,1427.329,1373.090498,1371.87971513601,3.3814,CC-stretch/CH-ip
395,C20H12,0,20,1434.3596,1379.8539352,1378.98819059955,0.8931,CC-stretch/CH-ip
395,C20H12,0,20,1481.1639,1424.8796718,1420.18961618211,59.3392,CC-stretch/CH-ip
395,C20H12,0,20,1490.175,1433.54835,1431.66343597367,3.8818,CC-stretch/CH-ip
395,C20H12,0,20,1497.4628,1440.5592136,1438.72863887285,4.2952,CC-stretch/CH-ip
395,C20H12,0,20,1510.0089,1452.6285618,1450.10950852406,15.3449,CC-stretch/CH-ip
395,C20H12,0,20,1527.2111,1469.1770782,1466.846055161,9.9767,CC-stretch/CH-ip
395,C20H12,0,20,1544.5113,1485.8198706,1483.54135074344,8.8807,CC-stretch/CH-ip
395,C20H12,0,20,1582.6747,1522.5330614,1520.43447407114,7.837,CC-stretch
395,C20H12,0,20,1608.829,1547.693498,1546.43512390918,2.277,CC-stretch
395,C20H12,0,20,1641.5548,1579.1757176,1576.9754820953,13.6899,CC-stretch
395,C20H12,0,20,3177.2484,3056.5129608,3045.44258872308,0.985,CH-stretch
395,C20H12,0,20,3180.3987,3059.5435494,3048.06731205142,6.7804,CH-stretch
395,C20H12,0,20,3181.5221,3060.6242602,3049.51733507378,1.1831,CH-stretch
395,C20H12,0,20,3182.9129,3061.9622098,3050.83710363705,1.3431,CH-stretch
395,C20H12,0,20,3190.1967,3068.9692254,3056.76308264458,16.8955,CH-stretch
395,C20H12,0,20,3192.4554,3071.1420948,3059.24257801823,12.1581,CH-stretch
395,C20H12,0,20,3201.5899,3079.9294838,3068.01495122769,11.6783,CH-stretch
395,C20H12,0,20,3201.7057,3080.0408834,3063.95067593189,73.9268,CH-stretch
395,C20H12,0,20,3209.1725,3087.223945,3070.29778794003,85.8036,CH-stretch
395,C20H12,0,20,3209.9009,3087.9246658,3075.60994247523,16.99,CH-stretch
395,C20H12,0,20,3223.76,3101.25712,3089.67523442437,4.929,CH-stretch
395,C20H12,0,20,3248.1662,3124.7358844,3111.83695868163,22.5736,CH-stretch
365,C14H10+,1,14,104.668,100.690616,107.211573116071,1.3727,low / skeletal
365,C14H10+,1,14,219.4203,211.0823286,216.643634410649,7.0219,low / skeletal
365,C14H10+,1,14,249.6949,240.2064938,246.00581796151,0.0015,low / skeletal
365,C14H10+,1,14,418.3238,402.4274956,407.699112523029,0.1226,low / skeletal
365,C14H10+,1,14,424.5503,408.4173886,412.565448197125,9.9538,low / skeletal
365,C14H10+,1,14,449.9747,432.8756614,437.672377531629,0.4576,low / skeletal
365,C14H10+,1,14,491.6377,472.9554674,477.120324858836,0.2424,low / skeletal
365,C14H10+,1,14,511.3439,491.9128318,496.338077087171,2.2811,low / skeletal
365,C14H10+,1,14,571.3003,549.5908886,554.153083193874,0.8142,low / skeletal
365,C14H10+,1,14,623.2397,599.5565914,602.355028074074,46.2152,low / skeletal
365,C14H10+,1,14,723.5534,696.0583708,697.561776699105,38.8083,CH-oop
365,C14H10+,1,14,728.0308,700.3656296,703.790415883497,0.004,CH-oop
365,C14H10+,1,14,741.5245,713.346569,716.676807138292,1.4502,CH-oop
365,C14H10+,1,14,791.5738,761.4939956,761.695584514757,57.546,CH-oop
365,C14H10+,1,14,867.2428,834.2875736,836.98256898762,0.0987,CH-oop
365,C14H10+,1,14,875.6735,842.397907,842.286549994506,53.1335,CH-oop
365,C14H10+,1,14,896.664,862.590768,864.5767728483,8.4892,CH-oop
365,C14H10+,1,14,928.7376,893.4455712,894.579474910728,7.2441,CH-oop
365,C14H10+,1,14,1018.4326,979.7321612,980.466005233146,4.2001,ring / CH-ip
365,C14H10+,1,14,1029.5065,990.385253,991.266873501794,31.2656,ring / CH-ip
365,C14H10+,1,14,1059.7606,1019.4896972,1020.10566359125,0.9924,ring / CH-ip
365,C14H10+,1,14,1077.4919,1036.5472078,1037.23404288162,5.4682,ring / CH-ip
365,C14H10+,1,14,1080.2665,1039.216373,1039.82476847457,3.5388,ring / CH-ip
365,C14H10+,1,14,1136.8129,1093.6140098,1094.11163672775,0.0838,ring / CH-ip
365,C14H10+,1,14,1188.8489,1143.6726418,1143.2439337967,11.6659,CH-ip-bend
365,C14H10+,1,14,1189.4989,1144.2979418,1144.18321229696,3.919,CH-ip-bend
365,C14H10+,1,14,1204.5226,1158.7507412,1153.37812319524,158.8342,CH-ip-bend
365,C14H10+,1,14,1241.7276,1194.5419512,1194.06116820473,1.7507,CH-ip-bend
365,C14H10+,1,14,1271.5855,1223.265251,1222.32819038969,15.9319,CH-ip-bend
365,C14H10+,1,14,1284.5819,1235.7677878,1233.84078001781,44.5585,CH-ip-bend
365,C14H10+,1,14,1317.5201,1267.4543362,1265.87820443484,30.4247,CC-stretch/CH-ip
365,C14H10+,1,14,1348.7974,1297.5430988,1294.74828606097,61.7884,CC-stretch/CH-ip
365,C14H10+,1,14,1352.969,1301.556178,1300.84293665799,0.4831,CC-stretch/CH-ip
365,C14H10+,1,14,1366.8525,1314.912105,1307.99684163933,184.9078,CC-stretch/CH-ip
365,C14H10+,1,14,1412.2193,1358.5549666,1358.18711983667,0.1824,CC-stretch/CH-ip
365,C14H10+,1,14,1474.1152,1418.0988224,1416.93221894179,2.1724,CC-stretch/CH-ip
365,C14H10+,1,14,1481.7438,1425.4375356,1421.49572922152,80.5373,CC-stretch/CH-ip
365,C14H10+,1,14,1491.3651,1434.6932262,1433.02952542713,0.8526,CC-stretch/CH-ip
365,C14H10+,1,14,1498.3642,1441.4263604,1439.75521657926,0.037,CC-stretch/CH-ip
365,C14H10+,1,14,1561.4551,1502.1198062,1499.8370312474,16.1455,CC-stretch/CH-ip
365,C14H10+,1,14,1578.7316,1518.7397992,1516.71031081018,7.6495,CC-stretch
365,C14H10+,1,14,1579.0879,1519.0825598,1516.84486855336,9.3694,CC-stretch
365,C14H10+,1,14,1599.7532,1538.9625784,1533.69337823952,114.3121,CC-stretch
365,C14H10+,1,14,1617.438,1555.975356,1548.40309761818,183.409,CC-stretch
365,C14H10+,1,14,1652.1185,1589.337997,1587.0378819388,23.5062,CC-stretch
365,C14H10+,1,14,3207.7273,3085.8336626,3074.6480129445,0.5568,CH-stretch
365,C14H10+,1,14,3211.8175,3089.768435,3078.57332872321,0.1862,CH-stretch
365,C14H10+,1,14,3212.3083,3090.2405846,3079.01759112766,0.9469,CH-stretch
365,C14H10+,1,14,3218.5207,3096.2169134,3084.99107344277,0.0138,CH-stretch
365,C14H10+,1,14,3221.1649,3098.7606338,3087.51180046474,0.2883,CH-stretch
365,C14H10+,1,14,3222.9861,3100.5126282,3089.22236077132,1.324,CH-stretch
365,C14H10+,1,14,3232.1274,3109.3065588,3098.00824062664,0.0453,CH-stretch
365,C14H10+,1,14,3240.5178,3117.3781236,3106.01126579863,0.7594,CH-stretch
365,C14H10+,1,14,3243.3213,3120.0750906,3108.47597691018,7.4269,CH-stretch
365,C14H10+,1,14,3247.7049,3124.2921138,3112.81547096235,2.9326,CH-stretch
543,C36H20-,-1,36,-4.7096,-4.5306352,3.00937625981237,0.0539,low / skeletal
543,C36H20-,-1,36,45.0135,43.302987,50.5187098380591,0.2596,low / skeletal
543,C36H20-,-1,36,72.1496,69.4079152,76.282853416285,0.6587,low / skeletal
543,C36H20-,-1,36,80.8387,77.7668294,84.8002691278916,0.3189,low / skeletal
543,C36H20-,-1,36,115.1819,110.8049878,117.451724329289,0.0005,low / skeletal
543,C36H20-,-1,36,156.0003,150.0722886,156.573407947927,0.2623,low / skeletal
543,C36H20-,-1,36,158.2621,152.2481402,158.535798601356,0.0076,low / skeletal
543,C36H20-,-1,36,195.196,187.778552,194.515599908772,27.2525,low / skeletal
543,C36H20-,-1,36,207.5025,199.617405,205.819138873481,0.2487,low / skeletal
543,C36H20-,-1,36,251.4307,241.8763334,247.851037170136,1.9367,low / skeletal
543,C36H20-,-1,36,310.5813,298.7792106,304.69280693208,65.2313,low / skeletal
543,C36H20-,-1,36,311.1227,299.3000374,304.787130430686,0.6801,low / skeletal
543,C36H20-,-1,36,335.1543,322.4184366,327.951275409621,0.0019,low / skeletal
543,C36H20-,-1,36,338.7374,325.8653788,331.111891871894,0.2821,low / skeletal
543,C36H20-,-1,36,406.8353,391.3755586,396.473629334123,0.204,low / skeletal
543,C36H20-,-1,36,410.6937,395.0873394,399.891028970667,0.0479,low / skeletal
543,C36H20-,-1,36,418.1142,402.2258604,407.519885985555,186.2524,low / skeletal
543,C36H20-,-1,36,427.6619,411.4107478,415.893865952462,0.1597,low / skeletal
543,C36H20-,-1,36,437.4935,420.868747,426.330010255141,104.2344,low / skeletal
543,C36H20-,-1,36,459.4931,442.0323622,446.282637185904,0.6041,low / skeletal
543,C36H20-,-1,36,464.6634,447.0061908,451.932984166884,1.4785,low / skeletal
543,C36H20-,-1,36,480.8918,462.6179116,466.749381509825,7.5525,low / skeletal
543,C36H20-,-1,36,484.3986,465.9914532,470.092672592417,4.528,low / skeletal
543,C36H20-,-1,36,524.2216,504.3011792,508.434918205066,0.4527,low / skeletal
543,C36H20-,-1,36,528.3495,508.272219,513.106728906676,0.313,low / skeletal
543,C36H20-,-1,36,554.5275,533.455455,538.017090149706,0.7177,low / skeletal
543,C36H20-,-1,36,577.6215,555.671883,560.269426235888,0.307,low / skeletal
543,C36H20-,-1,36,596.3143,573.6543566,577.859870197326,1.2182,low / skeletal
543,C36H20-,-1,36,605.9602,582.9337124,587.461701577349,66.1077,low / skeletal
543,C36H20-,-1,36,625.2662,601.5060844,605.079086595021,0.9572,low / skeletal
543,C36H20-,-1,36,649.8532,625.1587784,629.439917730561,147.433,low / skeletal
543,C36H20-,-1,36,653.5387,628.7042294,632.356634692083,0.2047,low / skeletal
543,C36H20-,-1,36,662.9655,637.772811,641.850449033695,3.0594,low / skeletal
543,C36H20-,-1,36,679.9844,654.1449928,658.096069137265,2.8783,CH-oop
543,C36H20-,-1,36,686.6136,660.5222832,664.348329436697,0.5626,CH-oop
543,C36H20-,-1,36,709.3584,682.4027808,685.091505711596,23.633,CH-oop
543,C36H20-,-1,36,724.1487,696.6310494,700.447993917786,0.1031,CH-oop
543,C36H20-,-1,36,745.3381,717.0152522,719.404353916446,46.8338,CH-oop
543,C36H20-,-1,36,766.2491,737.1316342,739.380997587124,16.2891,CH-oop
543,C36H20-,-1,36,775.001,745.550962,748.78778894978,0.9385,CH-oop
543,C36H20-,-1,36,795.5219,765.2920678,768.443854811463,12.2042,CH-oop
543,C36H20-,-1,36,801.7487,771.2822494,773.474905794535,38.4833,CH-oop
543,C36H20-,-1,36,803.0627,772.5463174,775.510250134476,1.1575,CH-oop
543,C36H20-,-1,36,808.6125,777.885225,780.073660904729,20.5383,CH-oop
543,C36H20-,-1,36,810.9562,780.1398644,783.418926251906,0.0517,CH-oop
543,C36H20-,-1,36,845.243,813.123766,815.925111288284,230.6815,CH-oop
543,C36H20-,-1,36,860.5056,827.8063872,829.664983024993,56.8203,CH-oop
543,C36H20-,-1,36,875.6129,842.3396098,844.131440849331,84.1892,CH-oop
543,C36H20-,-1,36,894.5274,860.5353588,862.103959949821,10.3719,CH-oop
543,C36H20-,-1,36,896.7217,862.6462754,864.70130337188,4.0775,CH-oop
543,C36H20-,-1,36,934.8021,899.2796202,900.618050443191,9.4795,CH-oop
543,C36H20-,-1,36,936.3708,900.7887096,903.344575737998,1.874,CH-oop
543,C36H20-,-1,36,949.4762,913.3961044,915.58916697701,1.9989,CH-oop
543,C36H20-,-1,36,972.8383,935.8704446,936.99112795408,3.9774,CH-oop
543,C36H20-,-1,36,983.8278,946.4423436,947.487078623723,2.9367,CH-oop
543,C36H20-,-1,36,993.9897,956.2180914,958.323481689771,0.0403,ring / CH-ip
543,C36H20-,-1,36,1027.7398,988.6856876,990.932838871024,91.656,ring / CH-ip
543,C36H20-,-1,36,1055.5141,1015.4045642,1016.34911677544,7.4923,ring / CH-ip
543,C36H20-,-1,36,1059.2151,1018.9649262,1019.84878920215,1.2581,ring / CH-ip
543,C36H20-,-1,36,1073.3181,1032.5320122,1033.6117099354,0.1374,ring / CH-ip
543,C36H20-,-1,36,1107.4647,1065.3810414,1066.50498989132,2.7996,ring / CH-ip
543,C36H20-,-1,36,1127.2781,1084.4415322,1085.27835214527,195.4269,ring / CH-ip
543,C36H20-,-1,36,1148.913,1105.254306,1105.64782509305,18.0294,CH-ip-bend
543,C36H20-,-1,36,1157.9979,1113.9939798,1114.23860025938,3.8998,CH-ip-bend
543,C36H20-,-1,36,1163.0676,1118.8710312,1119.09338040921,40.7174,CH-ip-bend
543,C36H20-,-1,36,1185.1395,1140.104199,1140.13182471038,1.9967,CH-ip-bend
543,C36H20-,-1,36,1209.8762,1163.9009044,1165.17698267521,1448.2722,CH-ip-bend
543,C36H20-,-1,36,1216.1195,1169.906959,1170.13844540161,487.2073,CH-ip-bend
543,C36H20-,-1,36,1231.2943,1184.5051166,1184.25177566649,30.6665,CH-ip-bend
543,C36H20-,-1,36,1234.0499,1187.1560038,1187.59933023866,717.4788,CH-ip-bend
543,C36H20-,-1,36,1246.8341,1199.4544042,1199.31111666098,217.5123,CH-ip-bend
543,C36H20-,-1,36,1247.0931,1199.7035622,1199.34160427257,0.6222,CH-ip-bend
543,C36H20-,-1,36,1262.3895,1214.418699,1214.32551759211,112.7996,CH-ip-bend
543,C36H20-,-1,36,1268.3102,1220.1144124,1221.88310028849,1965.2668,CH-ip-bend
543,C36H20-,-1,36,1272.3988,1224.0476456,1226.67649157732,2802.6883,CH-ip-bend
543,C36H20-,-1,36,1284.1521,1235.3543202,1234.82383786323,0.391,CH-ip-bend
543,C36H20-,-1,36,1302.7724,1253.2670488,1253.46005090687,0.1463,CC-stretch/CH-ip
543,C36H20-,-1,36,1309.7636,1259.9925832,1259.74536603214,131.533,CC-stretch/CH-ip
543,C36H20-,-1,36,1323.9164,1273.6075768,1273.01023650276,7.1415,CC-stretch/CH-ip
543,C36H20-,-1,36,1324.2674,1273.9452388,1273.60080853255,8.9405,CC-stretch/CH-ip
543,C36H20-,-1,36,1339.8954,1288.9793748,1288.21327460561,3.039,CC-stretch/CH-ip
543,C36H20-,-1,36,1349.4483,1298.1692646,1297.58901483341,101.9645,CC-stretch/CH-ip
543,C36H20-,-1,36,1357.7868,1306.1909016,1306.47198697253,69.1637,CC-stretch/CH-ip
543,C36H20-,-1,36,1362.5496,1310.7727152,1311.63791788955,685.3257,CC-stretch/CH-ip
543,C36H20-,-1,36,1363.2912,1311.4861344,1310.63200150379,11.5334,CC-stretch/CH-ip
543,C36H20-,-1,36,1367.7113,1315.7382706,1315.09504827967,2.8478,CC-stretch/CH-ip
543,C36H20-,-1,36,1376.9076,1324.5851112,1327.08824332091,2920.7661,CC-stretch/CH-ip
543,C36H20-,-1,36,1377.4041,1325.0627442,1324.23859237323,54.4434,CC-stretch/CH-ip
543,C36H20-,-1,36,1395.3438,1342.3207356,1344.95104463147,1651.685,CC-stretch/CH-ip
543,C36H20-,-1,36,1402.0371,1348.7596902,1348.44362721053,19.597,CC-stretch/CH-ip
543,C36H20-,-1,36,1405.3406,1351.9376572,1351.25582302186,19.4714,CC-stretch/CH-ip
543,C36H20-,-1,36,1416.901,1363.058762,1363.99671001093,984.0491,CC-stretch/CH-ip
543,C36H20-,-1,36,1434.9729,1380.4439298,1380.89832969412,151.9761,CC-stretch/CH-ip
543,C36H20-,-1,36,1451.9529,1396.7786898,1396.23854450944,413.0782,CC-stretch/CH-ip
543,C36H20-,-1,36,1458.0712,1402.6644944,1401.32472508278,17.262,CC-stretch/CH-ip
543,C36H20-,-1,36,1492.3851,1435.6744662,1434.20151140443,4.0095,CC-stretch/CH-ip
543,C36H20-,-1,36,1493.6331,1436.8750422,1435.2937955287,0.604,CC-stretch/CH-ip
543,C36H20-,-1,36,1509.2763,1451.9238006,1450.58636944227,96.6072,CC-stretch/CH-ip
543,C36H20-,-1,36,1514.507,1456.955734,1455.5338493444,58.0219,CC-stretch/CH-ip
543,C36H20-,-1,36,1523.698,1465.797476,1464.07911680901,7.9373,CC-stretch/CH-ip
543,C36H20-,-1,36,1529.6197,1471.4941514,1470.048832887,178.4904,CC-stretch/CH-ip
543,C36H20-,-1,36,1538.0351,1479.5897662,1477.90688275952,0.0094,CC-stretch/CH-ip
543,C36H20-,-1,36,1554.0684,1495.0138008,1493.32833757281,38.1749,CC-stretch/CH-ip
543,C36H20-,-1,36,1557.5349,1498.3485738,1496.93139099013,216.9599,CC-stretch/CH-ip
543,C36H20-,-1,36,1566.0658,1506.5552996,1505.45776474792,303.6197,CC-stretch
543,C36H20-,-1,36,1586.1681,1525.8937122,1525.97522257111,1173.1048,CC-stretch
543,C36H20-,-1,36,1595.4787,1534.8505094,1533.51537561256,8.391,CC-stretch
543,C36H20-,-1,36,1602.7448,1541.8404976,1541.31164711384,833.6502,CC-stretch
543,C36H20-,-1,36,1608.9798,1547.8385676,1546.40809499011,26.1167,CC-stretch
543,C36H20-,-1,36,1619.5791,1558.0350942,1556.43447017158,70.0523,CC-stretch
543,C36H20-,-1,36,1627.878,1566.018636,1564.85959810841,17.61,CC-stretch
543,C36H20-,-1,36,1639.2099,1576.9199238,1575.3843247504,147.798,CC-stretch
543,C36H20-,-1,36,1640.8906,1578.5367572,1577.0655557658,0.2354,CC-stretch
543,C36H20-,-1,36,1648.3773,1585.7389626,1584.47288095595,12.264,CC-stretch
543,C36H20-,-1,36,3143.1706,3023.7301172,3012.9094485887,1.1844,CH-stretch
543,C36H20-,-1,36,3147.3442,3027.7451204,3016.94105212298,36.5777,CH-stretch
543,C36H20-,-1,36,3147.4332,3027.8307384,3016.9956402615,7.1868,CH-stretch
543,C36H20-,-1,36,3153.1907,3033.3694534,3022.50293356256,7.5726,CH-stretch
543,C36H20-,-1,36,3161.9524,3041.7982088,3030.87583648723,0.6626,CH-stretch
543,C36H20-,-1,36,3166.5359,3046.2075358,3035.34452791297,76.736,CH-stretch
543,C36H20-,-1,36,3167.3837,3047.0231194,3036.21489743355,135.7721,CH-stretch
543,C36H20-,-1,36,3167.6281,3047.2582322,3036.34045193313,32.5123,CH-stretch
543,C36H20-,-1,36,3168.3678,3047.9698236,3037.01412568545,0.42,CH-stretch
543,C36H20-,-1,36,3182.9567,3062.0043454,3051.03067536105,55.2531,CH-stretch
543,C36H20-,-1,36,3185.4541,3064.4068442,3053.93294829891,542.1649,CH-stretch
543,C36H20-,-1,36,3193.1359,3071.7967358,3060.71900942232,10.8462,CH-stretch
543,C36H20-,-1,36,3195.5833,3074.1511346,3063.08889195346,38.1995,CH-stretch
543,C36H20-,-1,36,3199.7451,3078.1547862,3067.32999370822,281.171,CH-stretch
543,C36H20-,-1,36,3206.0801,3084.2490562,3073.09306498989,1.6907,CH-stretch
543,C36H20-,-1,36,3207.9289,3086.0276018,3074.86013363949,0.1079,CH-stretch
543,C36H20-,-1,36,3230.736,3107.968032,3096.69476737444,18.6445,CH-stretch
543,C36H20-,-1,36,3231.7509,3108.9443658,3097.64715778259,1.1091,CH-stretch
543,C36H20-,-1,36,3238.2454,3115.1920748,3103.91407429387,51.1812,CH-stretch
543,C36H20-,-1,36,3239.1692,3116.0807704,3104.77866924724,32.9257,CH-stretch
19,C24H12+,1,24,87.6712,84.3396944,91.1048454440274,0.082,low / skeletal
19,C24H12+,1,24,91.5073,88.0300226,94.7892301281324,0.006,low / skeletal
19,C24H12+,1,24,124.7544,120.0137328,126.47389970918,10.4743,low / skeletal
19,C24H12+,1,24,300.6954,289.2689748,294.684144275529,0.1522,low / skeletal
19,C24H12+,1,24,304.3454,292.7802748,298.161725753583,0.0117,low / skeletal
19,C24H12+,1,24,390.9596,376.1031352,381.308432176974,0.0849,low / skeletal
19,C24H12+,1,24,395.0996,380.0858152,385.198507924979,6.5354,low / skeletal
19,C24H12+,1,24,484.9512,466.5230544,471.751002383795,1.922,low / skeletal
19,C24H12+,1,24,515.7575,496.158715,500.148764647685,0.0037,low / skeletal
19,C24H12+,1,24,537.2592,516.8433504,520.928085626025,1.4473,low / skeletal
19,C24H12+,1,24,562.4403,541.0675686,545.113446075532,0.2807,low / skeletal
19,C24H12+,1,24,571.8827,550.1511574,554.19007682306,1.1111,low / skeletal
19,C24H12+,1,24,574.8014,552.9589468,556.404183192447,29.1298,low / skeletal
19,C24H12+,1,24,695.2184,668.8001008,672.202657239838,1.0978,CH-oop
19,C24H12+,1,24,793.4067,763.2572454,765.937823157747,0.0004,CH-oop
19,C24H12+,1,24,797.0759,766.7870158,769.759968367704,13.6242,CH-oop
19,C24H12+,1,24,801.4906,771.0339572,774.084176224176,0.2879,CH-oop
19,C24H12+,1,24,818.3,787.2046,790.26255080401,32.3963,CH-oop
19,C24H12+,1,24,840.1069,808.1828378,811.448517835842,5.8974,CH-oop
19,C24H12+,1,24,841.4533,809.4780746,811.364140022518,0.9886,CH-oop
19,C24H12+,1,24,855.7471,823.2287102,825.013326841835,0.1248,CH-oop
19,C24H12+,1,24,919.4878,884.5472636,883.832072976211,190.4671,CH-oop
19,C24H12+,1,24,1033.2739,994.0094918,994.800940692497,0.954,ring / CH-ip
19,C24H12+,1,24,1039.9452,1000.4272824,1001.17599367891,0.0224,ring / CH-ip
19,C24H12+,1,24,1184.0687,1139.0740894,1138.93761348693,11.8679,CH-ip-bend
19,C24H12+,1,24,1192.7299,1147.4061638,1147.32452641858,2.8492,CH-ip-bend
19,C24H12+,1,24,1197.4762,1151.9721044,1151.47341432582,38.6223,CH-ip-bend
19,C24H12+,1,24,1214.0746,1167.9397652,1168.40607778331,0.6812,CH-ip-bend
19,C24H12+,1,24,1263.7208,1215.6994096,1215.18314361764,17.3437,CH-ip-bend
19,C24H12+,1,24,1267.8589,1219.6802618,1218.6016885538,72.3678,CH-ip-bend
19,C24H12+,1,24,1276.365,1227.86313,1227.46377733916,3.2034,CH-ip-bend
19,C24H12+,1,24,1368.2358,1316.2428396,1315.24658634279,38.1954,CC-stretch/CH-ip
19,C24H12+,1,24,1377.8733,1325.5141146,1324.80070628183,1.8356,CC-stretch/CH-ip
19,C24H12+,1,24,1410.9589,1357.3424618,1355.07285198443,205.0531,CC-stretch/CH-ip
19,C24H12+,1,24,1414.5239,1360.7719918,1359.08469038982,144.7891,CC-stretch/CH-ip
19,C24H12+,1,24,1441.7667,1386.9795654,1386.5561588515,43.7593,CC-stretch/CH-ip
19,C24H12+,1,24,1486.9616,1430.4570592,1428.77027408286,1.6227,CC-stretch/CH-ip
19,C24H12+,1,24,1522.0576,1464.2194112,1463.0008956294,0.4199,CC-stretch/CH-ip
19,C24H12+,1,24,1538.0005,1479.556481,1477.84657469859,5.4439,CC-stretch/CH-ip
19,C24H12+,1,24,1566.171,1506.656502,1505.14266247769,31.1532,CC-stretch
19,C24H12+,1,24,1573.6022,1513.8053164,1512.20287843859,23.37,CC-stretch
19,C24H12+,1,24,1620.1722,1558.6056564,1552.24134954035,454.9617,CC-stretch
19,C24H12+,1,24,1649.2547,1586.5830214,1585.12180061513,4.5183,CC-stretch
19,C24H12+,1,24,3203.597,3081.860314,3070.71382664021,0.0973,CH-stretch
19,C24H12+,1,24,3204.6495,3082.872819,3071.69768019966,2.0869,CH-stretch
19,C24H12+,1,24,3206.1039,3084.2719518,3073.1095238035,0.2868,CH-stretch
19,C24H12+,1,24,3220.2223,3097.8538526,3086.58155413106,3.6096,CH-stretch
19,C24H12+,1,24,3221.6328,3099.2107536,3087.70629774908,23.2888,CH-stretch
19,C24H12+,1,24,3223.458,3100.966596,3089.39648745299,28.2485,CH-stretch
128,C36H16,0,36,42.4656,40.8519072,48.035581653603,0.2269,low / skeletal
128,C36H16,0,36,72.2634,69.5173908,76.3324116952613,0.0716,low / skeletal
128,C36H16,0,36,110.2197,106.0313514,112.530925951374,2.8448,low / skeletal
128,C36H16,0,36,177.9445,171.182609,177.29964073725,0.5815,low / skeletal
128,C36H16,0,36,195.7748,188.3353576,194.697263374857,0.7428,low / skeletal
128,C36H16,0,36,222.3752,213.9249424,219.810206526819,0.0041,low / skeletal
128,C36H16,0,36,261.3815,251.449003,257.16456933361,3.0574,low / skeletal
128,C36H16,0,36,289.9766,278.9574892,285.260443953683,0.4926,low / skeletal
128,C36H16,0,36,300.3879,288.9731598,294.934383481145,0.0032,low / skeletal
128,C36H16,0,36,317.3132,305.2552984,310.802217420879,0.736,low / skeletal
128,C36H16,0,36,355.1217,341.6270754,347.105832464474,1.9259,low / skeletal
128,C36H16,0,36,357.8492,344.2509304,349.394018049147,0.7973,low / skeletal
128,C36H16,0,36,376.8055,362.486891,368.164760624069,0.0208,low / skeletal
128,C36H16,0,36,428.0108,411.7463896,416.847958639974,0.2771,low / skeletal
128,C36H16,0,36,453.289,436.064018,441.137132832016,0.7475,low / skeletal
128,C36H16,0,36,458.6429,441.2144698,445.783373438779,1.0273,low / skeletal
128,C36H16,0,36,483.8085,465.423777,470.204065871589,1.1868,low / skeletal
128,C36H16,0,36,488.4729,469.9109298,474.600278595538,0.3882,low / skeletal
128,C36H16,0,36,514.9706,495.4017172,500.19725372466,0.7537,low / skeletal
128,C36H16,0,36,528.578,508.492036,512.76526638856,2.5858,low / skeletal
128,C36H16,0,36,544.2929,523.6097698,527.564514680569,0.0501,low / skeletal
128,C36H16,0,36,556.0062,534.8779644,539.312978721607,0.3557,low / skeletal
128,C36H16,0,36,562.0248,540.6678576,545.25322058871,0.5571,low / skeletal
128,C36H16,0,36,581.0238,558.9448956,562.795483136006,0.2079,low / skeletal
128,C36H16,0,36,587.8695,565.530459,568.956332589632,10.8224,low / skeletal
128,C36H16,0,36,592.1192,569.6186704,573.679980368291,3.2774,low / skeletal
128,C36H16,0,36,622.487,598.832494,603.160147028985,0.2023,low / skeletal
128,C36H16,0,36,640.6899,616.3436838,620.371865022168,0.2424,low / skeletal
128,C36H16,0,36,648.8514,624.1950468,627.66255715377,0.0104,low / skeletal
128,C36H16,0,36,672.2285,646.683817,650.831064992093,0.5834,CH-oop
128,C36H16,0,36,679.9799,654.1406638,657.997712249492,1.3377,CH-oop
128,C36H16,0,36,708.2953,681.3800786,685.311036178424,1.0632,CH-oop
128,C36H16,0,36,708.5781,681.6521322,684.60283620869,0.9885,CH-oop
128,C36H16,0,36,748.2727,719.8383374,721.873811576412,24.6104,CH-oop
128,C36H16,0,36,770.087,740.823694,744.513726815704,0.0672,CH-oop
128,C36H16,0,36,782.755,753.01031,756.30205189988,1.7146,CH-oop
128,C36H16,0,36,792.3112,762.2033744,765.293373250397,1.0465,CH-oop
128,C36H16,0,36,793.6274,763.4695588,765.050935368772,15.0954,CH-oop
128,C36H16,0,36,798.016,767.691392,770.721769378943,0.774,CH-oop
128,C36H16,0,36,817.8805,786.801041,788.731062813732,4.8427,CH-oop
128,C36H16,0,36,837.6303,805.8003486,805.814206042585,53.1064,CH-oop
128,C36H16,0,36,854.9129,822.4262098,825.541284650981,0.4668,CH-oop
128,C36H16,0,36,854.9583,822.4698846,822.584156419895,47.0934,CH-oop
128,C36H16,0,36,866.3846,833.4619852,834.720951246708,17.9206,CH-oop
128,C36H16,0,36,884.1274,850.5305588,853.190710943067,1.5848,CH-oop
128,C36H16,0,36,914.0163,879.2836806,881.901434903859,1.4629,CH-oop
128,C36H16,0,36,932.2975,896.870195,897.659727523186,15.803,CH-oop
128,C36H16,0,36,943.0385,907.203037,906.038194061929,68.8081,CH-oop
128,C36H16,0,36,957.0071,920.6408302,922.865920571048,1.74,CH-oop
128,C36H16,0,36,995.2568,957.4370416,959.463194474947,0.0249,ring / CH-ip
128,C36H16,0,36,1011.4796,973.0433752,973.873848186478,1.7214,ring / CH-ip
128,C36H16,0,36,1019.6284,980.8825208,982.984879557045,0.5167,ring / CH-ip
128,C36H16,0,36,1021.9794,983.1441828,983.978400127488,0.2867,ring / CH-ip
128,C36H16,0,36,1041.6547,1002.0718214,1004.41428371562,0.3845,ring / CH-ip
128,C36H16,0,36,1065.7582,1025.2593884,1026.2915021583,7.0254,ring / CH-ip
128,C36H16,0,36,1077.0598,1036.1315276,1037.44753206239,0.2775,ring / CH-ip
128,C36H16,0,36,1131.406,1088.412572,1088.85630299608,1.0533,ring / CH-ip
128,C36H16,0,36,1138.01,1094.76562,1095.0465765943,2.682,ring / CH-ip
128,C36H16,0,36,1144.6721,1101.1745602,1101.80599852725,1.4765,CH-ip-bend
128,C36H16,0,36,1178.6605,1133.871401,1133.97079119005,0.1243,CH-ip-bend
128,C36H16,0,36,1209.1207,1163.1741134,1162.94316966874,2.0513,CH-ip-bend
128,C36H16,0,36,1213.0749,1166.9780538,1166.86815946768,2.3309,CH-ip-bend
128,C36H16,0,36,1218.7362,1172.4242244,1172.12640559467,1.5676,CH-ip-bend
128,C36H16,0,36,1231.619,1184.817478,1184.38611529299,3.9348,CH-ip-bend
128,C36H16,0,36,1235.8208,1188.8596096,1188.59468055683,0.5395,CH-ip-bend
128,C36H16,0,36,1242.7975,1195.571195,1195.03994191576,4.7154,CH-ip-bend
128,C36H16,0,36,1257.1593,1209.3872466,1209.03653874003,0.1363,CH-ip-bend
128,C36H16,0,36,1265.0707,1216.9980134,1216.52437457095,3.3838,CH-ip-bend
128,C36H16,0,36,1270.8819,1222.5883878,1222.07666873965,3.5604,CH-ip-bend
128,C36H16,0,36,1289.8272,1240.8137664,1240.28271085569,0.8574,CH-ip-bend
128,C36H16,0,36,1291.3507,1242.2793734,1241.71088826979,0.1172,CH-ip-bend
128,C36H16,0,36,1305.4402,1255.8334724,1255.23009541663,3.885,CC-stretch/CH-ip
128,C36H16,0,36,1324.3728,1274.0466336,1273.94897340414,0.0889,CC-stretch/CH-ip
128,C36H16,0,36,1336.2631,1285.4851022,1284.90538008998,0.6598,CC-stretch/CH-ip
128,C36H16,0,36,1342.7799,1291.7542638,1291.23507394822,2.0454,CC-stretch/CH-ip
128,C36H16,0,36,1359.6739,1308.0062918,1307.50600136207,0.9906,CC-stretch/CH-ip
128,C36H16,0,36,1364.8975,1313.031395,1312.36644613263,3.9939,CC-stretch/CH-ip
128,C36H16,0,36,1377.0402,1324.7126724,1324.11682379825,10.9152,CC-stretch/CH-ip
128,C36H16,0,36,1379.0809,1326.6758258,1326.20549672565,0.893,CC-stretch/CH-ip
128,C36H16,0,36,1390.1378,1337.3125636,1336.43008812173,5.4979,CC-stretch/CH-ip
128,C36H16,0,36,1394.2037,1341.2239594,1341.72379607003,0.0127,CC-stretch/CH-ip
128,C36H16,0,36,1397.6122,1344.5029364,1344.11937947626,1.7323,CC-stretch/CH-ip
128,C36H16,0,36,1425.9724,1371.7854488,1371.38611712543,0.107,CC-stretch/CH-ip
128,C36H16,0,36,1436.8749,1382.2736538,1382.82760592438,0.0813,CC-stretch/CH-ip
128,C36H16,0,36,1443.7026,1388.8419012,1387.9419069438,1.0897,CC-stretch/CH-ip
128,C36H16,0,36,1446.3402,1391.3792724,1390.91938856277,1.0423,CC-stretch/CH-ip
128,C36H16,0,36,1464.2539,1408.6122518,1407.7055919489,1.5467,CC-stretch/CH-ip
128,C36H16,0,36,1464.677,1409.019274,1408.07934152735,11.6957,CC-stretch/CH-ip
128,C36H16,0,36,1479.7532,1423.5225784,1421.29628884622,22.538,CC-stretch/CH-ip
128,C36H16,0,36,1485.5124,1429.0629288,1427.76865260508,0.1465,CC-stretch/CH-ip
128,C36H16,0,36,1487.0899,1430.5804838,1428.99394261858,2.345,CC-stretch/CH-ip
128,C36H16,0,36,1504.5797,1447.4056714,1446.06721373464,0.0231,CC-stretch/CH-ip
128,C36H16,0,36,1515.2402,1457.6610724,1456.17218979874,3.5005,CC-stretch/CH-ip
128,C36H16,0,36,1523.0885,1465.211137,1463.76609543874,2.715,CC-stretch/CH-ip
128,C36H16,0,36,1538.1454,1479.6958748,1478.27234676966,1.4395,CC-stretch/CH-ip
128,C36H16,0,36,1547.3613,1488.5615706,1486.83943520911,4.042,CC-stretch/CH-ip
128,C36H16,0,36,1554.055,1495.00091,1493.73059860325,0.6461,CC-stretch/CH-ip
128,C36H16,0,36,1575.0293,1515.1781866,1513.72142630343,3.7724,CC-stretch
128,C36H16,0,36,1582.5304,1522.3942448,1520.81413016662,0.0253,CC-stretch
128,C36H16,0,36,1611.8495,1550.599219,1549.44828226028,1.678,CC-stretch
128,C36H16,0,36,1628.2303,1566.3575486,1564.86767955407,0.4565,CC-stretch
128,C36H16,0,36,1634.4814,1572.3711068,1570.91486390766,1.9857,CC-stretch
128,C36H16,0,36,1648.0534,1585.4273708,1584.06635886534,3.473,CC-stretch
128,C36H16,0,36,1650.457,1587.739634,1586.36828570339,2.9819,CC-stretch
128,C36H16,0,36,3175.5339,3054.8636118,3043.78216847197,2.4109,CH-stretch
128,C36H16,0,36,3176.2777,3055.5791474,3044.52813048855,1.4524,CH-stretch
128,C36H16,0,36,3177.4277,3056.6854474,3045.67494645382,0.1346,CH-stretch
128,C36H16,0,36,3179.148,3058.340376,3046.46121990836,23.9717,CH-stretch
128,C36H16,0,36,3180.3239,3059.4715918,3048.13019599152,8.8992,CH-stretch
128,C36H16,0,36,3182.5358,3061.5994396,3050.5609872578,0.1549,CH-stretch
128,C36H16,0,36,3182.6111,3061.6718782,3050.53826359339,2.7781,CH-stretch
128,C36H16,0,36,3198.4319,3076.8914878,3065.68908979227,2.4147,CH-stretch
128,C36H16,0,36,3198.929,3077.369698,3065.84703883611,11.2443,CH-stretch
128,C36H16,0,36,3199.9715,3078.372583,3064.35877073217,80.0532,CH-stretch
128,C36H16,0,36,3200.3162,3078.7041844,3061.44356266464,169.8484,CH-stretch
128,C36H16,0,36,3201.4374,3079.7827788,3068.51651423345,3.7468,CH-stretch
128,C36H16,0,36,3207.8675,3085.968535,3074.28780494705,14.2064,CH-stretch
128,C36H16,0,36,3219.1083,3096.7821846,3085.23460897605,8.9166,CH-stretch
128,C36H16,0,36,3229.2553,3106.5435986,3094.94004688412,8.8701,CH-stretch
128,C36H16,0,36,3237.1563,3114.1443606,3100.80369533792,55.7908,CH-stretch
134,C42H18,0,42,29.7211,28.5916982,35.772036352168,0.0204,low / skeletal
134,C42H18,0,42,49.8316,47.9379992,54.8624988519023,0.1933,low / skeletal
134,C42H18,0,42,88.8005,85.426081,92.1202175029393,2.123,low / skeletal
134,C42H18,0,42,121.9698,117.3349476,123.760881961039,0.0164,low / skeletal
134,C42H18,0,42,181.1174,174.2349388,180.219214723585,0.9581,low / skeletal
134,C42H18,0,42,193.5943,186.2377166,192.414910762235,0.0057,low / skeletal
134,C42H18,0,42,204.4183,196.6504046,202.986370105077,0.3296,low / skeletal
134,C42H18,0,42,271.3713,261.0591906,266.80991657229,3.6528,low / skeletal
134,C42H18,0,42,276.0598,265.5695276,271.900384587806,0.5121,low / skeletal
134,C42H18,0,42,278.6494,268.0607228,273.884528241715,1.0332,low / skeletal
134,C42H18,0,42,287.943,277.001166,283.348933724131,0.1626,low / skeletal
134,C42H18,0,42,322.5303,310.2741486,315.707009776482,0.2225,low / skeletal
134,C42H18,0,42,334.4134,321.7056908,327.353765716076,0.0007,low / skeletal
134,C42H18,0,42,357.4567,343.8733454,349.440722661723,0.0017,low / skeletal
134,C42H18,0,42,364.1782,350.3394284,355.6817658152,1.2418,low / skeletal
134,C42H18,0,42,389.0827,374.2975574,379.604043179594,0.0968,low / skeletal
134,C42H18,0,42,431.9171,415.5042502,420.940537453948,0.0007,low / skeletal
134,C42H18,0,42,446.0551,429.1050062,434.371976694688,0.1751,low / skeletal
134,C42H18,0,42,452.5281,435.3320322,439.979099256788,0.3055,low / skeletal
134,C42H18,0,42,485.6468,467.1922216,471.869805433375,0.0108,low / skeletal
134,C42H18,0,42,502.6278,483.5279436,487.806242511173,0.9775,low / skeletal
134,C42H18,0,42,515.6072,496.0141264,500.694064567933,4.3372,low / skeletal
134,C42H18,0,42,521.5337,501.7154194,506.070911143684,0.9994,low / skeletal
134,C42H18,0,42,551.7713,530.8039906,534.761240878297,0.9185,low / skeletal
134,C42H18,0,42,555.1449,534.0493938,538.298002152942,2.5341,low / skeletal
134,C42H18,0,42,563.0363,541.6409206,545.943446944917,1.5295,low / skeletal
134,C42H18,0,42,566.9642,545.4195604,550.012847983622,0.0727,low / skeletal
134,C42H18,0,42,583.8558,561.6692796,565.426726372324,4.2264,low / skeletal
134,C42H18,0,42,587.8266,565.4891892,569.265293991992,0.0009,low / skeletal
134,C42H18,0,42,604.7146,581.7354452,586.060821026934,0.3029,low / skeletal
134,C42H18,0,42,618.6662,595.1568844,599.802161033859,0.151,low / skeletal
134,C42H18,0,42,621.9389,598.3052218,601.85065482517,0.1423,low / skeletal
134,C42H18,0,42,631.2793,607.2906866,611.45489835378,1.3172,low / skeletal
134,C42H18,0,42,638.8994,614.6212228,618.656630902495,0.8174,low / skeletal
134,C42H18,0,42,667.7326,642.3587612,646.643650061401,1.09,low / skeletal
134,C42H18,0,42,668.8981,643.4799722,647.805295379272,0.0042,low / skeletal
134,C42H18,0,42,698.7449,672.1925938,675.861526163305,3.2068,CH-oop
134,C42H18,0,42,703.7758,677.0323196,680.004229236527,0.0633,CH-oop
134,C42H18,0,42,731.247,703.459614,705.900634738708,15.4036,CH-oop
134,C42H18,0,42,755.8141,727.0931642,730.651761084185,1.6386,CH-oop
134,C42H18,0,42,759.6281,730.7622322,734.274595508422,0.9158,CH-oop
134,C42H18,0,42,771.4888,742.1722256,744.1447853011,8.4872,CH-oop
134,C42H18,0,42,787.5519,757.6249278,757.918447782407,31.8071,CH-oop
134,C42H18,0,42,790.9959,760.9380558,764.202195060482,1.6242,CH-oop
134,C42H18,0,42,809.3939,778.6369318,778.13774996642,42.8774,CH-oop
134,C42H18,0,42,818.7913,787.6772306,790.79612971449,1.5522,CH-oop
134,C42H18,0,42,835.0798,803.3467676,806.425507555198,2.0883,CH-oop
134,C42H18,0,42,839.3041,807.4105442,805.348579825034,69.6782,CH-oop
134,C42H18,0,42,856.1563,823.6223606,819.98811383307,90.951,CH-oop
134,C42H18,0,42,865.6928,832.7964736,834.019741928585,12.0829,CH-oop
134,C42H18,0,42,869.5976,836.5528912,839.383759636324,1.0277,CH-oop
134,C42H18,0,42,904.0284,869.6753208,872.224307807091,3.4591,CH-oop
134,C42H18,0,42,912.6414,877.9610268,880.5928534401,0.9422,CH-oop
134,C42H18,0,42,928.4054,893.1259948,895.414576276768,5.3669,CH-oop
134,C42H18,0,42,928.5928,893.3062736,894.654774888108,0.3815,CH-oop
134,C42H18,0,42,933.2799,897.8152638,899.070866112333,1.5174,CH-oop
134,C42H18,0,42,962.1441,925.5826242,927.821693841601,0.0114,CH-oop
134,C42H18,0,42,989.0638,951.4793756,952.791029930167,11.9319,ring / CH-ip
134,C42H18,0,42,998.0096,960.0852352,961.026858524491,0.507,ring / CH-ip
134,C42H18,0,42,1010.2816,971.8908992,974.019949516759,0.6851,ring / CH-ip
134,C42H18,0,42,1016.073,977.462226,978.244717740138,1.4571,ring / CH-ip
134,C42H18,0,42,1019.2898,980.5567876,981.370202494505,0.708,ring / CH-ip
134,C42H18,0,42,1065.4384,1024.9517408,1026.70565434804,0.4939,ring / CH-ip
134,C42H18,0,42,1081.2461,1040.1587482,1041.86256342495,2.0748,ring / CH-ip
134,C42H18,0,42,1095.337,1053.714194,1054.93314003998,0.0882,ring / CH-ip
134,C42H18,0,42,1125.8441,1083.0620242,1083.49473998767,3.6482,ring / CH-ip
134,C42H18,0,42,1137.9706,1094.7277172,1095.18267996517,0.2245,ring / CH-ip
134,C42H18,0,42,1144.146,1100.668452,1100.98784879419,0.5853,CH-ip-bend
134,C42H18,0,42,1161.3229,1117.1926298,1117.41857834371,1.5984,CH-ip-bend
134,C42H18,0,42,1174.5434,1129.9107508,1130.04088442043,3.6394,CH-ip-bend
134,C42H18,0,42,1196.7496,1151.2731152,1151.28927848587,1.1513,CH-ip-bend
134,C42H18,0,42,1210.6612,1164.6560744,1164.59280023494,0.2027,CH-ip-bend
134,C42H18,0,42,1211.5271,1165.4890702,1165.51123523266,0.8615,CH-ip-bend
134,C42H18,0,42,1220.2642,1173.8941604,1173.83200535669,0.1984,CH-ip-bend
134,C42H18,0,42,1224.9414,1178.3936268,1178.06909168873,0.3658,CH-ip-bend
134,C42H18,0,42,1236.2882,1189.3092484,1188.80954899671,2.7341,CH-ip-bend
134,C42H18,0,42,1255.0934,1207.3998508,1207.00265319386,0.3683,CH-ip-bend
134,C42H18,0,42,1258.3849,1210.5662738,1210.02646168885,2.1649,CH-ip-bend
134,C42H18,0,42,1265.6464,1217.5518368,1217.44706252571,0.7206,CH-ip-bend
134,C42H18,0,42,1274.5224,1226.0905488,1225.5678901696201,0.8147,CH-ip-bend
134,C42H18,0,42,1274.8051,1226.3625062,1225.73020506957,3.6029,CH-ip-bend
134,C42H18,0,42,1281.1465,1232.462933,1231.85692558605,1.4041,CH-ip-bend
134,C42H18,0,42,1289.3851,1240.3884662,1239.32003114783,10.0086,CH-ip-bend
134,C42H18,0,42,1312.2935,1262.426347,1261.92108076402,0.0026,CC-stretch/CH-ip
134,C42H18,0,42,1329.7486,1279.2181532,1278.70261100718,0.5753,CC-stretch/CH-ip
134,C42H18,0,42,1334.2075,1283.507615,1282.98451378407,0.0079,CC-stretch/CH-ip
134,C42H18,0,42,1344.4934,1293.4026508,1292.66178175248,4.1531,CC-stretch/CH-ip
134,C42H18,0,42,1355.0448,1303.5530976,1302.47536198491,8.4555,CC-stretch/CH-ip
134,C42H18,0,42,1360.1549,1308.4690138,1307.93619881652,1.1945,CC-stretch/CH-ip
134,C42H18,0,42,1368.4616,1316.4600592,1316.02537665427,1.3074,CC-stretch/CH-ip
134,C42H18,0,42,1371.2023,1319.0966126,1318.91911779025,0.2479,CC-stretch/CH-ip
134,C42H18,0,42,1376.682,1324.368084,1325.17354239721,0.8627,CC-stretch/CH-ip
134,C42H18,0,42,1378.0785,1325.711517,1322.85491718414,38.2306,CC-stretch/CH-ip
134,C42H18,0,42,1388.2963,1335.5410406,1335.26288719008,0.1136,CC-stretch/CH-ip
134,C42H18,0,42,1394.2342,1341.2533004,1341.0050710909,1.0787,CC-stretch/CH-ip
134,C42H18,0,42,1403.388,1350.059256,1349.55888714712,4.8658,CC-stretch/CH-ip
134,C42H18,0,42,1406.1814,1352.7465068,1352.5548381931,1.0788,CC-stretch/CH-ip
134,C42H18,0,42,1416.0448,1362.2350976,1361.87307635919,0.7783,CC-stretch/CH-ip
134,C42H18,0,42,1425.7013,1371.5246506,1370.89403532366,1.5728,CC-stretch/CH-ip
134,C42H18,0,42,1431.9274,1377.5141588,1377.00048292884,2.1342,CC-stretch/CH-ip
134,C42H18,0,42,1443.3177,1388.4716274,1386.47239314211,18.3138,CC-stretch/CH-ip
134,C42H18,0,42,1455.4783,1400.1701246,1399.29855973733,0.6157,CC-stretch/CH-ip
134,C42H18,0,42,1474.6722,1418.6346564,1417.66963259697,0.1086,CC-stretch/CH-ip
134,C42H18,0,42,1475.2914,1419.2303268,1417.94326260845,4.8546,CC-stretch/CH-ip
134,C42H18,0,42,1485.0066,1428.5763492,1426.88372214453,4.2547,CC-stretch/CH-ip
134,C42H18,0,42,1502.3911,1445.3002382,1444.27946186497,0.2966,CC-stretch/CH-ip
134,C42H18,0,42,1510.3216,1452.9293792,1451.15266745921,5.4186,CC-stretch/CH-ip
134,C42H18,0,42,1519.6925,1461.944185,1460.28163426041,2.9928,CC-stretch/CH-ip
134,C42H18,0,42,1520.7109,1462.9238858,1461.35918781449,1.5671,CC-stretch/CH-ip
134,C42H18,0,42,1521.4366,1463.6220092,1461.98585716587,0.612,CC-stretch/CH-ip
134,C42H18,0,42,1539.8719,1481.3567678,1478.87689277736,15.771,CC-stretch/CH-ip
134,C42H18,0,42,1566.5264,1506.9983968,1505.01680309185,8.106,CC-stretch
134,C42H18,0,42,1566.7409,1507.2047458,1505.67888429791,0.1135,CC-stretch
134,C42H18,0,42,1574.0227,1514.2098374,1512.36073078936,3.9289,CC-stretch
134,C42H18,0,42,1590.0871,1529.6637902,1527.89870417174,4.6709,CC-stretch
134,C42H18,0,42,1592.5999,1532.0811038,1530.35482454916,0.1044,CC-stretch
134,C42H18,0,42,1626.0742,1564.2833804,1562.97163588164,1.9072,CC-stretch
134,C42H18,0,42,1626.7193,1564.9039666,1563.84549934459,0.549,CC-stretch
134,C42H18,0,42,1638.5546,1576.2895252,1574.51906338849,3.9682,CC-stretch
134,C42H18,0,42,1641.1332,1578.7701384,1577.69748613383,0.3766,CC-stretch
134,C42H18,0,42,1644.9847,1582.4752814,1580.74657216118,6.4732,CC-stretch
134,C42H18,0,42,3183.3819,3062.4133878,3051.19737676621,2.9775,CH-stretch
134,C42H18,0,42,3183.4365,3062.465913,3051.18328354383,4.082,CH-stretch
134,C42H18,0,42,3187.089,3065.979618,3053.95088815585,16.1815,CH-stretch
134,C42H18,0,42,3187.1273,3066.0164626,3054.90923606435,0.8418,CH-stretch
134,C42H18,0,42,3192.6716,3071.3500792,3058.66421671293,26.6158,CH-stretch
134,C42H18,0,42,3194.3372,3072.9523864,3059.60316329282,37.5128,CH-stretch
134,C42H18,0,42,3202.4908,3080.7961496,3063.30819366578,105.6902,CH-stretch
134,C42H18,0,42,3203.3779,3081.6495398,3069.25040466961,20.9239,CH-stretch
134,C42H18,0,42,3213.7432,3091.6209584,3080.34336041963,1.3036,CH-stretch
134,C42H18,0,42,3223.7611,3101.2581782,3090.00424783104,0.0258,CH-stretch
134,C42H18,0,42,3224.5307,3101.9985334,3090.14321953642,9.9924,CH-stretch
134,C42H18,0,42,3227.764,3105.108968,3093.82172994406,0.2372,CH-stretch
134,C42H18,0,42,3229.8575,3107.122915,3095.62887315668,3.5054,CH-stretch
134,C42H18,0,42,3236.1882,3113.2130484,3101.47077457506,7.0088,CH-stretch
134,C42H18,0,42,3244.8983,3121.5921646,3106.71331524121,58.4518,CH-stretch
134,C42H18,0,42,3246.1845,3122.829489,3110.39920921562,17.5534,CH-stretch
134,C42H18,0,42,3250.7669,3127.2377578,3111.27025326321,76.0185,CH-stretch
134,C42H18,0,42,3251.5299,3127.9717638,3114.13816217192,40.4502,CH-stretch
125,C34H16,0,34,39.7644,38.2533528,45.4450743283212,0.1863,low / skeletal
125,C34H16,0,34,72.2835,69.536727,76.2977128169202,0.0021,low / skeletal
125,C34H16,0,34,133.5081,128.4347922,134.757975908165,3.9737,low / skeletal
125,C34H16,0,34,178.856,172.059472,178.156856637648,0.0605,low / skeletal
125,C34H16,0,34,182.0137,175.0971794,181.526644185024,0.483,low / skeletal
125,C34H16,0,34,256.7431,246.9868622,252.631086398067,2.9134,low / skeletal
125,C34H16,0,34,271.5653,261.2458186,267.617928181721,0.0907,low / skeletal
125,C34H16,0,34,286.2444,275.3671128,281.039027284191,0.4834,low / skeletal
125,C34H16,0,34,299.3642,287.9883604,293.928129727835,0.0699,low / skeletal
125,C34H16,0,34,328.569,316.083378,321.494927333236,0.2932,low / skeletal
125,C34H16,0,34,393.8934,378.9254508,384.256268827902,0.5466,low / skeletal
125,C34H16,0,34,400.4435,385.226647,390.473060100562,0.0368,low / skeletal
125,C34H16,0,34,438.0778,421.4308436,426.66535010312,0.0498,low / skeletal
125,C34H16,0,34,452.8277,435.6202474,440.882232852971,0.0304,low / skeletal
125,C34H16,0,34,455.9419,438.6161078,443.173055046181,0.2077,low / skeletal
125,C34H16,0,34,483.5454,465.1706748,470.149628145323,0.2607,low / skeletal
125,C34H16,0,34,485.3337,466.8910194,471.318563233223,5.601,low / skeletal
125,C34H16,0,34,512.6117,493.1324554,497.226001248306,2.7484,low / skeletal
125,C34H16,0,34,525.4686,505.5007932,510.296192273748,1.6584,low / skeletal
125,C34H16,0,34,535.7468,515.3884216,519.748156682754,0.0134,low / skeletal
125,C34H16,0,34,548.535,527.69067,531.849651746905,1.386,low / skeletal
125,C34H16,0,34,567.2298,545.6750676,550.097626783543,0.0751,low / skeletal
125,C34H16,0,34,579.8057,557.7730834,561.536780677596,0.518,low / skeletal
125,C34H16,0,34,586.7224,564.4269488,568.119075851819,5.9051,low / skeletal
125,C34H16,0,34,597.3045,574.606929,578.878264219313,3.278,low / skeletal
125,C34H16,0,34,621.4307,597.8163334,601.223228804621,6.3392,low / skeletal
125,C34H16,0,34,662.1759,637.0132158,641.461405187378,0.116,low / skeletal
125,C34H16,0,34,685.9493,659.8832266,663.9722624369861,0.2663,CH-oop
125,C34H16,0,34,690.761,664.512082,668.163758867776,0.0623,CH-oop
125,C34H16,0,34,702.8727,676.1635374,680.001076207563,0.17,CH-oop
125,C34H16,0,34,708.3061,681.3904682,684.330099441692,1.6547,CH-oop
125,C34H16,0,34,743.2486,715.0051532,718.4481219787,0.3406,CH-oop
125,C34H16,0,34,751.1379,722.5946598,724.839568063879,17.0843,CH-oop
125,C34H16,0,34,770.0193,740.7585666,744.180190481423,0.107,CH-oop
125,C34H16,0,34,789.9226,759.9055412,763.070355709351,0.0565,CH-oop
125,C34H16,0,34,790.9989,760.9409418,763.232849886488,0.0001,CH-oop
125,C34H16,0,34,793.701,763.540362,764.737785615685,25.8845,CH-oop
125,C34H16,0,34,797.7009,767.3882658,769.777059168442,0.0001,CH-oop
125,C34H16,0,34,817.1051,786.0551062,788.027811874492,4.5039,CH-oop
125,C34H16,0,34,833.9906,802.2989572,805.437676484442,0.3312,CH-oop
125,C34H16,0,34,843.4695,811.417659,813.635832137193,0.0014,CH-oop
125,C34H16,0,34,844.9255,812.818331,813.432643138289,35.5952,CH-oop
125,C34H16,0,34,848.7578,816.5050036,819.27967723863,7.1875,CH-oop
125,C34H16,0,34,861.4424,828.7075888,830.324781811172,10.381,CH-oop
125,C34H16,0,34,866.2689,833.3506818,836.080933069013,2.1383,CH-oop
125,C34H16,0,34,877.5643,844.2168566,845.964531500602,0.0015,CH-oop
125,C34H16,0,34,879.1828,845.7738536,842.596043158778,137.4364,CH-oop
125,C34H16,0,34,933.1732,897.7126184,899.074345267877,0.0021,CH-oop
125,C34H16,0,34,935.0322,899.5009764,900.604669330031,6.6929,CH-oop
125,C34H16,0,34,941.0292,905.2700904,907.785340151816,0.0362,CH-oop
125,C34H16,0,34,963.2549,926.6512138,928.691523229231,2.3743,CH-oop
125,C34H16,0,34,995.4465,957.619533,959.594872954018,2.226,ring / CH-ip
125,C34H16,0,34,999.5026,961.5215012,962.462626633182,0.3786,ring / CH-ip
125,C34H16,0,34,1012.2856,973.8187472,974.708186264356,0.0211,ring / CH-ip
125,C34H16,0,34,1012.4305,973.958141,974.79153612642,1.6147,ring / CH-ip
125,C34H16,0,34,1021.8515,983.021143,983.855009493054,0.3603,ring / CH-ip
125,C34H16,0,34,1022.0957,983.2560634,984.100737467257,0.0004,ring / CH-ip
125,C34H16,0,34,1044.1019,1004.4260278,1006.7688246719,0.1253,ring / CH-ip
125,C34H16,0,34,1070.8452,1030.1530824,1031.63375123184,0.2997,ring / CH-ip
125,C34H16,0,34,1090.3123,1048.8804326,1050.0701247896,0.062,ring / CH-ip
125,C34H16,0,34,1129.6363,1086.7101206,1087.30851318354,1.7565,ring / CH-ip
125,C34H16,0,34,1137.1119,1093.9016478,1094.37378250139,1.103,ring / CH-ip
125,C34H16,0,34,1138.5287,1095.2646094,1095.48855279809,6.0173,ring / CH-ip
125,C34H16,0,34,1158.2714,1114.2570868,1114.46952147897,1.5953,CH-ip-bend
125,C34H16,0,34,1203.0092,1157.2948504,1157.15458659585,0.8692,CH-ip-bend
125,C34H16,0,34,1213.6521,1167.5333202,1167.16341994786,5.2964,CH-ip-bend
125,C34H16,0,34,1219.0675,1172.742935,1172.43557205364,1.2076,CH-ip-bend
125,C34H16,0,34,1225.4579,1178.8904998,1178.64415554683,0.132,CH-ip-bend
125,C34H16,0,34,1233.6124,1186.7351288,1186.38638779361,0.2515,CH-ip-bend
125,C34H16,0,34,1255.1629,1207.4667098,1207.05803070606,0.4545,CH-ip-bend
125,C34H16,0,34,1260.4815,1212.583203,1212.83583359135,0.1397,CH-ip-bend
125,C34H16,0,34,1268.8184,1220.6033008,1219.95324134635,6.4514,CH-ip-bend
125,C34H16,0,34,1273.4096,1225.0200352,1224.85173459203,0.0684,CH-ip-bend
125,C34H16,0,34,1284.7108,1235.8917896,1235.35592375642,3.1478,CH-ip-bend
125,C34H16,0,34,1299.2285,1249.857817,1249.21009040168,1.6469,CH-ip-bend
125,C34H16,0,34,1306.0786,1256.4476132,1255.77610790044,0.4869,CC-stretch/CH-ip
125,C34H16,0,34,1316.2385,1266.221437,1265.6039218873,4.4616,CC-stretch/CH-ip
125,C34H16,0,34,1323.4327,1273.1422574,1272.49052771425,2.8778,CC-stretch/CH-ip
125,C34H16,0,34,1328.2292,1277.7564904,1277.3043568018,0.1195,CC-stretch/CH-ip
125,C34H16,0,34,1357.7944,1306.1982128,1305.75606722427,2.634,CC-stretch/CH-ip
125,C34H16,0,34,1363.1103,1311.3121086,1310.42075461341,8.1228,CC-stretch/CH-ip
125,C34H16,0,34,1376.2304,1323.9336448,1323.44220952247,3.7667,CC-stretch/CH-ip
125,C34H16,0,34,1386.5191,1333.8313742,1333.38545102074,8.5726,CC-stretch/CH-ip
125,C34H16,0,34,1393.0639,1340.1274718,1339.13954625831,12.5612,CC-stretch/CH-ip
125,C34H16,0,34,1396.3547,1343.2932214,1343.68694209349,0.0143,CC-stretch/CH-ip
125,C34H16,0,34,1406.9894,1353.5238028,1353.1659689795,0.1339,CC-stretch/CH-ip
125,C34H16,0,34,1415.7727,1361.9733374,1361.60728641265,1.8103,CC-stretch/CH-ip
125,C34H16,0,34,1421.6601,1367.6370162,1367.8623007951,3.3969,CC-stretch/CH-ip
125,C34H16,0,34,1443.1334,1388.2943308,1387.49104264823,0.322,CC-stretch/CH-ip
125,C34H16,0,34,1453.0052,1397.7910024,1397.03739272673,0.5899,CC-stretch/CH-ip
125,C34H16,0,34,1468.846,1413.029852,1412.31631795884,0.1337,CC-stretch/CH-ip
125,C34H16,0,34,1478.674,1422.484388,1421.34689734892,5.7658,CC-stretch/CH-ip
125,C34H16,0,34,1492.8391,1436.1112142,1433.93777753071,19.4668,CC-stretch/CH-ip
125,C34H16,0,34,1496.1285,1439.275617,1437.05340154597,17.6836,CC-stretch/CH-ip
125,C34H16,0,34,1499.4894,1442.5088028,1440.84349128068,0.1943,CC-stretch/CH-ip
125,C34H16,0,34,1517.8655,1460.186611,1458.77967498585,6.9938,CC-stretch/CH-ip
125,C34H16,0,34,1529.8003,1471.6678886,1470.28715430526,1.5533,CC-stretch/CH-ip
125,C34H16,0,34,1552.6461,1493.6455482,1492.15968682796,0.8251,CC-stretch/CH-ip
125,C34H16,0,34,1563.496,1504.083152,1502.4077093815,0.0032,CC-stretch
125,C34H16,0,34,1568.9515,1509.331343,1507.51629012999,8.5,CC-stretch
125,C34H16,0,34,1573.6084,1513.8112808,1512.24729638902,0.0025,CC-stretch
125,C34H16,0,34,1600.5947,1539.7721014,1538.05219480648,0.1071,CC-stretch
125,C34H16,0,34,1615.6866,1554.2905092,1552.7171087955,2.9948,CC-stretch
125,C34H16,0,34,1636.3467,1574.1655254,1572.58110756339,8.0712,CC-stretch
125,C34H16,0,34,1637.4106,1575.1889972,1573.82581635338,0.2035,CC-stretch
125,C34H16,0,34,3177.655,3056.90411,3045.87246332728,0.7036,CH-stretch
125,C34H16,0,34,3177.7525,3056.997905,3045.91989353243,1.9976,CH-stretch
125,C34H16,0,34,3183.3323,3062.3656726,3051.26960729169,1.6667,CH-stretch
125,C34H16,0,34,3183.4397,3062.4689914,3051.22767304752,5.7525,CH-stretch
125,C34H16,0,34,3184.383,3063.376446,3051.92337726467,11.612,CH-stretch
125,C34H16,0,34,3185.9274,3064.8621588,3053.02480933551,22.2402,CH-stretch
125,C34H16,0,34,3199.5692,3077.9855704,3066.5887646141,7.8146,CH-stretch
125,C34H16,0,34,3199.8413,3078.2473306,3065.69519944689,40.4166,CH-stretch
125,C34H16,0,34,3201.5865,3079.926213,3062.66844715185,172.9864,CH-stretch
125,C34H16,0,34,3202.637,3080.936794,3069.75220326097,1.3249,CH-stretch
125,C34H16,0,34,3211.0432,3089.0235584,3077.64185807639,5.5638,CH-stretch
125,C34H16,0,34,3222.0309,3099.5937258,3088.03647035286,8.9229,CH-stretch
125,C34H16,0,34,3222.1879,3099.7447598,3088.49984691909,0.059,CH-stretch
125,C34H16,0,34,3232.9295,3110.078179,3098.56499581593,5.9281,CH-stretch
125,C34H16,0,34,3241.4354,3118.2608548,3104.83618110538,58.6448,CH-stretch
125,C34H16,0,34,3242.792,3119.565904,3107.09572320098,31.444,CH-stretch
392,C20H12+,1,20,64.2463,61.8049406,68.6652446961175,1.5622,low / skeletal
392,C20H12+,1,20,97.9635,94.240887,100.747198758397,0.4598,low / skeletal
392,C20H12+,1,20,114.1657,109.8274034,116.292358110308,2.2255,low / skeletal
392,C20H12+,1,20,148.803,143.148486,149.469456050441,0.1269,low / skeletal
392,C20H12+,1,20,160.4672,154.3694464,160.672914535963,5.2139,low / skeletal
392,C20H12+,1,20,240.115,230.99063,236.668834949724,1.8523,low / skeletal
392,C20H12+,1,20,269.4816,259.2412992,264.813757757035,7.9143,low / skeletal
392,C20H12+,1,20,270.2081,259.9401922,265.482569019046,1.5354,low / skeletal
392,C20H12+,1,20,311.132,299.308984,304.705479364993,0.8156,low / skeletal
392,C20H12+,1,20,326.6188,314.2072856,319.543428117771,21.2606,low / skeletal
392,C20H12+,1,20,400.8313,385.5997106,390.638764601256,10.7601,low / skeletal
392,C20H12+,1,20,420.9094,404.9148428,409.435585242947,0.384,low / skeletal
392,C20H12+,1,20,437.202,420.588324,425.099937590705,1.9906,low / skeletal
392,C20H12+,1,20,458.6232,441.1955184,445.520804914909,3.5742,low / skeletal
392,C20H12+,1,20,480.3375,462.084675,466.283023368645,38.3239,low / skeletal
392,C20H12+,1,20,495.7562,476.9174644,481.004110431641,2.4839,low / skeletal
392,C20H12+,1,20,545.9567,525.2103454,528.99932019556,1.9354,low / skeletal
392,C20H12+,1,20,561.6901,540.3458762,544.38171231691,19.0603,low / skeletal
392,C20H12+,1,20,576.8806,554.9591372,558.98049298718,29.1628,low / skeletal
392,C20H12+,1,20,616.2478,592.8303836,596.653068793437,10.8479,low / skeletal
392,C20H12+,1,20,619.8943,596.3383166,599.865239837107,0.038,low / skeletal
392,C20H12+,1,20,630.1519,606.2061278,609.781232521465,38.0353,low / skeletal
392,C20H12+,1,20,643.4983,619.0453646,622.418724605341,0.5697,low / skeletal
392,C20H12+,1,20,675.9028,650.2184936,653.929492768966,6.4526,CH-oop
392,C20H12+,1,20,714.8426,687.6785812,691.299652138392,2.5073,CH-oop
392,C20H12+,1,20,750.355,721.84151,723.337763673709,56.6799,CH-oop
392,C20H12+,1,20,770.872,741.578864,743.943657505029,10.3835,CH-oop
392,C20H12+,1,20,783.1417,753.3823154,755.623393004523,0.0875,CH-oop
392,C20H12+,1,20,796.2921,766.0330002,768.011177676118,5.7149,CH-oop
392,C20H12+,1,20,815.7817,784.7819954,785.136193402148,88.7131,CH-oop
392,C20H12+,1,20,816.3467,785.3255254,788.126012066193,3.7072,CH-oop
392,C20H12+,1,20,826.6105,795.199301,798.026059101388,9.1074,CH-oop
392,C20H12+,1,20,845.8039,813.6633518,815.400073534244,12.5682,CH-oop
392,C20H12+,1,20,899.6701,865.4826362,868.029842643925,0.0752,CH-oop
392,C20H12+,1,20,912.6051,877.9261062,879.294074596558,4.5381,CH-oop
392,C20H12+,1,20,928.4258,893.1456196,894.520839158025,0.0274,CH-oop
392,C20H12+,1,20,953.7515,917.508943,918.524414556127,12.7548,CH-oop
392,C20H12+,1,20,957.8055,921.408891,921.699795785645,107.7418,CH-oop
392,C20H12+,1,20,960.9079,924.3933998,925.595975425191,0.1293,CH-oop
392,C20H12+,1,20,1000.3184,962.3063008,963.274644094012,0.63,ring / CH-ip
392,C20H12+,1,20,1014.9248,976.3576576,977.20023176363,2.7397,ring / CH-ip
392,C20H12+,1,20,1016.0246,977.4156652,975.897580860181,167.4776,ring / CH-ip
392,C20H12+,1,20,1039.2045,999.714729,1000.45769925035,0.8856,ring / CH-ip
392,C20H12+,1,20,1048.5965,1008.749833,1009.44752320591,0.5551,ring / CH-ip
392,C20H12+,1,20,1050.4138,1010.4980756,1010.38687011127,55.0527,ring / CH-ip
392,C20H12+,1,20,1055.65,1015.5353,1016.19602602295,0.5721,ring / CH-ip
392,C20H12+,1,20,1071.4413,1030.7265306,1031.49731735313,6.1356,ring / CH-ip
392,C20H12+,1,20,1081.2578,1040.1700036,1037.22606256795,198.9198,ring / CH-ip
392,C20H12+,1,20,1093.9716,1052.4006792,1052.22996666645,46.0109,ring / CH-ip
392,C20H12+,1,20,1110.1161,1067.9316882,1068.5899660914,7.2162,ring / CH-ip
392,C20H12+,1,20,1156.193,1112.257666,1110.50636900893,111.6495,CH-ip-bend
392,C20H12+,1,20,1178.3853,1133.6066586,1133.14781751971,32.3189,CH-ip-bend
392,C20H12+,1,20,1201.0287,1155.3896094,1154.4374389201,48.6868,CH-ip-bend
392,C20H12+,1,20,1225.3222,1178.7599564,1178.11757486189,17.9413,CH-ip-bend
392,C20H12+,1,20,1243.2849,1196.0400738,1195.407479112,12.7539,CH-ip-bend
392,C20H12+,1,20,1247.3481,1199.9488722,1199.38897177647,11.5888,CH-ip-bend
392,C20H12+,1,20,1269.046,1220.822252,1219.78282173026,34.6732,CH-ip-bend
392,C20H12+,1,20,1298.0121,1248.6876402,1247.7492506972,24.3984,CH-ip-bend
392,C20H12+,1,20,1316.625,1266.59325,1263.80349596603,113.0392,CC-stretch/CH-ip
392,C20H12+,1,20,1334.6543,1283.9374366,1283.12768790829,4.8588,CC-stretch/CH-ip
392,C20H12+,1,20,1360.9052,1309.1908024,1307.61809770752,37.2684,CC-stretch/CH-ip
392,C20H12+,1,20,1372.5304,1320.3742448,1318.75137995385,38.8467,CC-stretch/CH-ip
392,C20H12+,1,20,1380.5673,1328.1057426,1324.15141448095,178.6596,CC-stretch/CH-ip
392,C20H12+,1,20,1416.8306,1362.9910372,1361.69660013494,12.2859,CC-stretch/CH-ip
392,C20H12+,1,20,1443.3773,1388.5289626,1387.28864169654,26.5951,CC-stretch/CH-ip
392,C20H12+,1,20,1460.0956,1404.6119672,1403.23123384266,9.9529,CC-stretch/CH-ip
392,C20H12+,1,20,1468.0923,1412.3047926,1409.62812314535,71.5821,CC-stretch/CH-ip
392,C20H12+,1,20,1492.3337,1435.6250194,1433.67898930691,19.7769,CC-stretch/CH-ip
392,C20H12+,1,20,1514.141,1456.603642,1454.90223873241,1.5871,CC-stretch/CH-ip
392,C20H12+,1,20,1529.3974,1471.2802988,1468.71106153362,45.7342,CC-stretch/CH-ip
392,C20H12+,1,20,1533.2565,1474.992753,1472.53481950213,49.875,CC-stretch/CH-ip
392,C20H12+,1,20,1571.6685,1511.945097,1509.96080920915,37.808,CC-stretch
392,C20H12+,1,20,1576.675,1516.76135,1514.65898153328,14.4079,CC-stretch
392,C20H12+,1,20,1613.9707,1552.6398134,1545.70304262892,294.2065,CC-stretch
392,C20H12+,1,20,1626.6683,1564.8549046,1558.18724757051,264.7829,CC-stretch
392,C20H12+,1,20,1636.9381,1574.7344522,1570.66980187433,140.8318,CC-stretch
392,C20H12+,1,20,1643.9725,1581.501545,1579.4396725388,34.5888,CC-stretch
392,C20H12+,1,20,3205.5824,3083.7702688,3072.60177879676,0.6963,CH-stretch
392,C20H12+,1,20,3207.8376,3085.9397712,3074.7486212781,1.2001,CH-stretch
392,C20H12+,1,20,3209.7005,3087.731881,3076.47368814761,4.1444,CH-stretch
392,C20H12+,1,20,3211.4503,3089.4151886,3078.22600286875,0.0705,CH-stretch
392,C20H12+,1,20,3213.2642,3091.1601604,3079.94955590812,0.7085,CH-stretch
392,C20H12+,1,20,3216.7863,3094.5484206,3083.31765173221,0.7492,CH-stretch
392,C20H12+,1,20,3223.3022,3100.8167164,3089.55360871482,0.6746,CH-stretch
392,C20H12+,1,20,3224.9061,3102.3596682,3091.0166534246,4.3539,CH-stretch
392,C20H12+,1,20,3230.4069,3107.6514378,3096.34379202917,1.0534,CH-stretch
392,C20H12+,1,20,3235.933,3112.967546,3101.42396645317,11.6613,CH-stretch
392,C20H12+,1,20,3238.5711,3115.5053982,3103.76577578209,21.1051,CH-stretch
392,C20H12+,1,20,3241.5239,3118.3459918,3106.79940280081,10.3606,CH-stretch
100,C48H20,0,48,24.2931,23.3699622,30.8432240957727,0.1621,low / skeletal
100,C48H20,0,48,97.5436,93.8369432,100.859594864515,0.123,low / skeletal
100,C48H20,0,48,101.4407,97.5859534,104.317142492686,1.6144,low / skeletal
100,C48H20,0,48,144.4143,138.9265566,145.444583691702,4.9275,low / skeletal
100,C48H20,0,48,244.8949,235.5888938,241.571157196222,0.0005,low / skeletal
100,C48H20,0,48,311.3761,299.5438082,304.913655272491,0.2619,low / skeletal
100,C48H20,0,48,329.1771,316.6683702,322.286046921403,0.9265,low / skeletal
100,C48H20,0,48,381.7063,367.2014606,373.08565331814,4.7239,low / skeletal
100,C48H20,0,48,386.9697,372.2648514,377.925140390876,0.8841,low / skeletal
100,C48H20,0,48,417.2951,401.4378862,406.40534474142,3.9815,low / skeletal
100,C48H20,0,48,431.8166,415.4075692,420.604169856626,2.9247,low / skeletal
100,C48H20,0,48,467.3954,449.6343748,454.085072561597,0.0039,low / skeletal
100,C48H20,0,48,493.2506,474.5070772,479.457233294334,3.713,low / skeletal
100,C48H20,0,48,521.4386,501.6239332,505.935860326007,0.1499,low / skeletal
100,C48H20,0,48,553.8099,532.7651238,537.569024660133,1.8182,low / skeletal
100,C48H20,0,48,553.8803,532.8328486,536.906985378479,0.5358,low / skeletal
100,C48H20,0,48,565.5476,544.0567912,547.513032433226,20.6891,low / skeletal
100,C48H20,0,48,598.0405,575.314961,578.769327853569,18.809,low / skeletal
100,C48H20,0,48,641.2618,616.8938516,621.30433507579,0.5994,low / skeletal
100,C48H20,0,48,662.5836,637.4054232,641.038477570447,0.1202,low / skeletal
100,C48H20,0,48,676.9265,651.203293,655.682973323552,0.1298,CH-oop
100,C48H20,0,48,706.3129,679.4730098,683.156526297439,0.2125,CH-oop
100,C48H20,0,48,712.5291,685.4529942,688.886452023662,1.0601,CH-oop
100,C48H20,0,48,768.5013,739.2982506,742.677710164293,4.4248,CH-oop
100,C48H20,0,48,770.8717,741.5785754,744.529455461957,2.4631,CH-oop
100,C48H20,0,48,788.1311,758.1821182,761.079775944347,1.2748,CH-oop
100,C48H20,0,48,820.3146,789.1426452,791.594826414905,1.5774,CH-oop
100,C48H20,0,48,831.6372,800.0349864,802.628903775508,26.2641,CH-oop
100,C48H20,0,48,840.5062,808.5669644,810.416772256986,4.5396,CH-oop
100,C48H20,0,48,842.3683,810.3583046,813.564774955198,0.9126,CH-oop
100,C48H20,0,48,847.0366,814.8492092,817.818367488522,0.0826,CH-oop
100,C48H20,0,48,889.4442,855.6453204,854.418259535837,126.0973,CH-oop
100,C48H20,0,48,933.0601,897.6038162,895.376720362103,158.8092,CH-oop
100,C48H20,0,48,943.4975,907.644595,910.044174050752,1.3775,CH-oop
100,C48H20,0,48,1005.0572,966.8650264,967.79281186818,0.1356,ring / CH-ip
100,C48H20,0,48,1019.2646,980.5325452,981.398461421978,0.0212,ring / CH-ip
100,C48H20,0,48,1039.0112,999.5287744,1001.13812642462,0.0002,ring / CH-ip
100,C48H20,0,48,1042.3205,1002.712321,1003.88618339942,12.7498,ring / CH-ip
100,C48H20,0,48,1083.3967,1042.2276254,1043.26358867507,0.1803,ring / CH-ip
100,C48H20,0,48,1099.7222,1057.9327564,1059.52543414688,0.4114,ring / CH-ip
100,C48H20,0,48,1201.3763,1155.7240006,1155.28725778723,13.9302,CH-ip-bend
100,C48H20,0,48,1202.7698,1157.0645476,1156.90358249973,2.0289,CH-ip-bend
100,C48H20,0,48,1211.3526,1165.3212012,1165.09497443532,0.0965,CH-ip-bend
100,C48H20,0,48,1219.5424,1173.1997888,1173.35270565385,0.7096,CH-ip-bend
100,C48H20,0,48,1242.9092,1195.6786504,1195.37425412641,0.0135,CH-ip-bend
100,C48H20,0,48,1248.4105,1200.970901,1201.64300344592,0.1936,CH-ip-bend
100,C48H20,0,48,1273.0963,1224.7186406,1224.17393059163,5.8334,CH-ip-bend
100,C48H20,0,48,1280.4505,1231.793381,1231.31067508788,2.0051,CH-ip-bend
100,C48H20,0,48,1285.2645,1236.424449,1236.04794880683,0.2069,CH-ip-bend
100,C48H20,0,48,1301.2841,1251.8353042,1250.94285103942,11.4517,CC-stretch/CH-ip
100,C48H20,0,48,1336.2174,1285.4411388,1285.21569596104,2.0739,CC-stretch/CH-ip
100,C48H20,0,48,1350.7022,1299.3755164,1298.50539330351,17.839,CC-stretch/CH-ip
100,C48H20,0,48,1366.5945,1314.663909,1312.84010120293,60.071,CC-stretch/CH-ip
100,C48H20,0,48,1392.6263,1339.7065006,1339.60291034275,14.1629,CC-stretch/CH-ip
100,C48H20,0,48,1404.3857,1351.0190434,1350.37571862243,7.9301,CC-stretch/CH-ip
100,C48H20,0,48,1428.3452,1374.0680824,1373.38283398431,3.6558,CC-stretch/CH-ip
100,C48H20,0,48,1439.9756,1385.2565272,1384.69636571567,3.0859,CC-stretch/CH-ip
100,C48H20,0,48,1449.7406,1394.6504572,1394.02486649756,0.405,CC-stretch/CH-ip
100,C48H20,0,48,1450.8581,1395.7254922,1394.69045327448,12.3728,CC-stretch/CH-ip
100,C48H20,0,48,1468.1077,1412.3196074,1410.66669255093,21.2395,CC-stretch/CH-ip
100,C48H20,0,48,1485.4134,1428.9676908,1428.77688836935,0.0019,CC-stretch/CH-ip
100,C48H20,0,48,1490.4395,1433.802799,1432.57917546965,0.0039,CC-stretch/CH-ip
100,C48H20,0,48,1503.8907,1446.7428534,1445.03287228574,18.5027,CC-stretch/CH-ip
100,C48H20,0,48,1510.2349,1452.8459738,1451.72494137975,0.0632,CC-stretch/CH-ip
100,C48H20,0,48,1524.8257,1466.8823234,1465.48206572383,0.7634,CC-stretch/CH-ip
100,C48H20,0,48,1552.3552,1493.3657024,1491.6566642463,5.1359,CC-stretch/CH-ip
100,C48H20,0,48,1558.7139,1499.4827718,1497.8514555597,5.2852,CC-stretch/CH-ip
100,C48H20,0,48,1584.6883,1524.4701446,1522.85757317685,0.0076,CC-stretch
100,C48H20,0,48,1599.7062,1538.9173644,1539.27502007877,0.5897,CC-stretch
100,C48H20,0,48,3176.1788,3055.4840056,3044.36588669128,5.2913,CH-stretch
100,C48H20,0,48,3176.8889,3056.1671218,3044.89662471252,11.8775,CH-stretch
100,C48H20,0,48,3178.0068,3057.2425416,3046.15689597886,3.4188,CH-stretch
100,C48H20,0,48,3178.7921,3057.9980002,3046.93241406142,2.3414,CH-stretch
100,C48H20,0,48,3196.8126,3075.3337212,3064.20353526926,1.1295,CH-stretch
100,C48H20,0,48,3197.6689,3076.1574818,3064.92217080451,5.573,CH-stretch
100,C48H20,0,48,3199.1624,3077.5942288,3061.96440891499,199.9781,CH-stretch
100,C48H20,0,48,3200.217,3078.608754,3061.64634899578,258.7588,CH-stretch
100,C48H20,0,48,3203.9504,3082.2002848,3070.94580006787,4.7977,CH-stretch
100,C48H20,0,48,3223.0403,3100.5647686,3088.50365332098,35.888,CH-stretch
268,C12H8N2+,1,12,94.7878,91.1858636,97.9486400935359,6.7865,low / skeletal
268,C12H8N2+,1,12,248.1157,238.6873034,244.482744066205,4.398,low / skeletal
268,C12H8N2+,1,12,407.5092,392.0238504,396.590376807517,8.5995,low / skeletal
268,C12H8N2+,1,12,505.4005,486.195281,490.879941909787,0.0002,low / skeletal
268,C12H8N2+,1,12,612.6255,589.345731,593.545632439898,36.3796,low / skeletal
268,C12H8N2+,1,12,686.0307,659.9615334,663.736650902186,3.8494,CH-oop
268,C12H8N2+,1,12,801.4196,770.9656552,772.123320459514,150.0595,CH-oop
268,C12H8N2+,1,12,852.6415,820.241123,822.624256107752,67.2517,CH-oop
268,C12H8N2+,1,12,926.149,890.955338,893.419645321069,9.5435,CH-oop
268,C12H8N2+,1,12,1029.3532,990.2377784,991.040041814771,1.4612,ring / CH-ip
268,C12H8N2+,1,12,1049.7107,1009.8216934,1010.62812682223,11.3317,ring / CH-ip
268,C12H8N2+,1,12,1161.4386,1117.3039332,1117.43109859166,0.3713,CH-ip-bend
268,C12H8N2+,1,12,1213.7968,1167.6725216,1167.35708461573,12.665,CH-ip-bend
268,C12H8N2+,1,12,1303.6345,1254.096389,1254.10787860241,1.201,CC-stretch/CH-ip
268,C12H8N2+,1,12,1311.7814,1261.9337068,1258.24627720411,728.4306,CC-stretch/CH-ip
268,C12H8N2+,1,12,1355.2128,1303.7147136,1302.82997783776,1.2124,CC-stretch/CH-ip
268,C12H8N2+,1,12,1407.9871,1354.4835902,1354.29799713443,232.4339,CC-stretch/CH-ip
268,C12H8N2+,1,12,1433.2145,1378.752349,1376.5923603948,179.41,CC-stretch/CH-ip
268,C12H8N2+,1,12,1523.7857,1465.8818434,1463.82928910001,58.9404,CC-stretch/CH-ip
268,C12H8N2+,1,12,1549.2123,1490.3422326,1488.22552166169,70.2983,CC-stretch/CH-ip
268,C12H8N2+,1,12,1627.7074,1565.8545188,1564.39090545964,48.7316,CC-stretch
268,C12H8N2+,1,12,3225.9636,3103.3769832,3092.0981203094,2.2326,CH-stretch
268,C12H8N2+,1,12,3233.9693,3111.0784666,3099.77017989658,0.0247,CH-stretch
268,C12H8N2+,1,12,3241.778,3118.590436,3107.21202788895,5.1304,CH-stretch
268,C12H8N2+,1,12,3247.9468,3124.5248216,3113.12702732428,3.1521,CH-stretch
541,C40H22-,-1,40,-4.7475,-4.567095,3.0445768297584,0.1032,low / skeletal
541,C40H22-,-1,40,50.3412,48.4282344,55.4761604717335,0.6508,low / skeletal
541,C40H22-,-1,40,65.0839,62.6107118,69.7821332088106,0.0686,low / skeletal
541,C40H22-,-1,40,122.7066,118.0437492,124.773485423484,0.0052,low / skeletal
541,C40H22-,-1,40,222.6484,214.1877608,220.431137389439,1.2978,low / skeletal
541,C40H22-,-1,40,230.3262,221.5738044,227.734359875189,2.5489,low / skeletal
541,C40H22-,-1,40,279.6822,269.0542764,275.618806761189,184.1568,low / skeletal
541,C40H22-,-1,40,346.7119,333.5368478,338.731197157618,0.0758,low / skeletal
541,C40H22-,-1,40,405.4655,390.057811,395.111746140674,0.1533,low / skeletal
541,C40H22-,-1,40,411.7851,396.1372662,402.159137231463,382.9949,low / skeletal
541,C40H22-,-1,40,424.8114,408.6685668,413.207772398231,0.3667,low / skeletal
541,C40H22-,-1,40,468.6134,450.8060908,455.102776019817,2.6515,low / skeletal
541,C40H22-,-1,40,485.7412,467.2830344,471.400672057835,13.2494,low / skeletal
541,C40H22-,-1,40,523.6692,503.7697704,507.905931566906,0.1907,low / skeletal
541,C40H22-,-1,40,539.1243,518.6375766,523.395466613024,0.1192,low / skeletal
541,C40H22-,-1,40,539.7906,519.2785572,524.137881052067,34.0983,low / skeletal
541,C40H22-,-1,40,595.5362,572.9058244,577.0776642917,0.3142,low / skeletal
541,C40H22-,-1,40,643.8672,619.4002464,624.112113351587,194.0746,low / skeletal
541,C40H22-,-1,40,666.1087,640.7965694,644.95536249713,32.3565,low / skeletal
541,C40H22-,-1,40,680.2511,654.4015582,658.389863936295,0.0659,CH-oop
541,C40H22-,-1,40,713.8827,686.7551574,689.436070646272,15.1777,CH-oop
541,C40H22-,-1,40,754.4288,725.7605056,728.291056426385,93.7997,CH-oop
541,C40H22-,-1,40,772.8172,743.4501464,746.950095273546,0.1812,CH-oop
541,C40H22-,-1,40,778.3691,748.7910742,751.947037391651,1.3002,CH-oop
541,C40H22-,-1,40,804.2124,773.6523288,776.783470508819,32.1504,CH-oop
541,C40H22-,-1,40,806.7022,776.0475164,778.392441444058,44.8711,CH-oop
541,C40H22-,-1,40,836.0131,804.2446022,806.169237137413,3.5294,CH-oop
541,C40H22-,-1,40,893.2689,859.3246818,861.361795530507,169.2278,CH-oop
541,C40H22-,-1,40,906.833,872.373346,874.501651998029,73.4363,CH-oop
541,C40H22-,-1,40,952.5883,916.3899446,918.584266378088,3.1304,CH-oop
541,C40H22-,-1,40,956.7709,920.4136058,921.659417905783,15.7778,CH-oop
541,C40H22-,-1,40,986.0981,948.6263722,951.064160968682,1.2873,ring / CH-ip
541,C40H22-,-1,40,986.1678,948.6934236,949.727915868472,2.4455,CH-oop
541,C40H22-,-1,40,1033.5578,994.2826036,996.527524419292,45.6916,ring / CH-ip
541,C40H22-,-1,40,1053.8231,1013.7778222,1014.71453738079,5.6429,ring / CH-ip
541,C40H22-,-1,40,1127.9111,1085.0504782,1086.30267623537,243.978,ring / CH-ip
541,C40H22-,-1,40,1163.7263,1119.5047006,1119.73708832143,13.0866,CH-ip-bend
541,C40H22-,-1,40,1166.9518,1122.6076316,1122.80853075552,14.039,CH-ip-bend
541,C40H22-,-1,40,1212.3451,1166.2759862,1169.79098553856,1479.0198,CH-ip-bend
541,C40H22-,-1,40,1228.992,1182.290304,1183.62585846132,622.6364,CH-ip-bend
541,C40H22-,-1,40,1241.5534,1194.3743708,1194.06134372879,2.0142,CH-ip-bend
541,C40H22-,-1,40,1248.9915,1201.529823,1203.04638333781,764.2707,CH-ip-bend
541,C40H22-,-1,40,1271.5343,1223.2159966,1237.87839711831,5841.2239,CH-ip-bend
541,C40H22-,-1,40,1287.9398,1238.9980876,1238.81053435095,30.4594,CH-ip-bend
541,C40H22-,-1,40,1312.3195,1262.451359,1262.38221855573,0.5687,CC-stretch/CH-ip
541,C40H22-,-1,40,1330.3494,1279.7961228,1279.17276571783,9.6775,CC-stretch/CH-ip
541,C40H22-,-1,40,1330.6768,1280.1110816,1281.0177242061,464.836,CC-stretch/CH-ip
541,C40H22-,-1,40,1361.098,1309.376276,1309.65307199754,90.1565,CC-stretch/CH-ip
541,C40H22-,-1,40,1362.6698,1310.8883476,1310.05739436614,51.3123,CC-stretch/CH-ip
541,C40H22-,-1,40,1391.6197,1338.7381514,1359.86436492114,8443.7038,CC-stretch/CH-ip
541,C40H22-,-1,40,1392.4117,1339.5000554,1338.92365549773,60.472,CC-stretch/CH-ip
541,C40H22-,-1,40,1398.6563,1345.5073606,1349.54143166501,1581.7779,CC-stretch/CH-ip
541,C40H22-,-1,40,1425.4653,1371.2976186,1371.31346158795,79.86,CC-stretch/CH-ip
541,C40H22-,-1,40,1459.5217,1404.0598754,1402.69634412852,1.9823,CC-stretch/CH-ip
541,C40H22-,-1,40,1493.1295,1436.390579,1435.09098913785,113.46,CC-stretch/CH-ip
541,C40H22-,-1,40,1505.0696,1447.8769552,1447.35405850993,339.4572,CC-stretch/CH-ip
541,C40H22-,-1,40,1512.1251,1454.6643462,1453.36485420847,5.826,CC-stretch/CH-ip
541,C40H22-,-1,40,1531.5006,1473.3035772,1471.64182829191,27.5246,CC-stretch/CH-ip
541,C40H22-,-1,40,1568.4951,1508.8922862,1509.82882676144,993.7236,CC-stretch
541,C40H22-,-1,40,1575.1838,1515.3268156,1514.28772605168,271.9782,CC-stretch
541,C40H22-,-1,40,1585.0756,1524.8427272,1529.66319869057,2323.7984,CC-stretch
541,C40H22-,-1,40,1613.7979,1552.4735798,1551.38299635828,164.5472,CC-stretch
541,C40H22-,-1,40,1616.7819,1555.3441878,1554.03747028337,0.3799,CC-stretch
541,C40H22-,-1,40,1639.2351,1576.9441662,1575.52149762614,29.5803,CC-stretch
541,C40H22-,-1,40,3153.844,3033.997928,3023.13060095528,4.5413,CH-stretch
541,C40H22-,-1,40,3157.2086,3037.2346732,3026.48889823035,58.7714,CH-stretch
541,C40H22-,-1,40,3157.4249,3037.4427538,3026.57660944702,11.801,CH-stretch
541,C40H22-,-1,40,3162.8141,3042.6271642,3031.77140873851,27.6476,CH-stretch
541,C40H22-,-1,40,3169.6355,3049.189351,3038.49617347214,105.6583,CH-stretch
541,C40H22-,-1,40,3176.5927,3055.8821774,3045.27878674372,154.5288,CH-stretch
541,C40H22-,-1,40,3193.9599,3072.5894238,3064.49313507037,1173.2241,CH-stretch
541,C40H22-,-1,40,3203.2281,3081.5054322,3070.39333438572,12.074,CH-stretch
541,C40H22-,-1,40,3203.5318,3081.7975916,3070.78110045005,50.2644,CH-stretch
541,C40H22-,-1,40,3234.478,3111.567836,3100.26278289634,3.1531,CH-stretch
541,C40H22-,-1,40,3238.3186,3115.2624932,3104.10550499554,68.5713,CH-stretch
18,C24H12,0,24,128.1937,123.3223394,129.702093662319,4.8786,low / skeletal
18,C24H12,0,24,394.9556,379.9472872,385.014923528785,3.146,low / skeletal
18,C24H12,0,24,394.9556,379.9472872,385.014990234321,3.1459,low / skeletal
18,C24H12,0,24,573.0159,551.2412958,554.011044867379,28.0917,low / skeletal
18,C24H12,0,24,808.5224,777.7985488,780.606351234046,5.842,CH-oop
18,C24H12,0,24,808.5224,777.7985488,780.606352906083,5.8425,CH-oop
18,C24H12,0,24,837.4343,805.6117966,808.961776871597,0.1461,CH-oop
18,C24H12,0,24,837.4343,805.6117966,808.961776871597,0.1461,CH-oop
18,C24H12,0,24,902.2472,867.9618064,863.406085352021,175.705,CH-oop
18,C24H12,0,24,1190.2877,1145.0567674,1144.76672579729,6.5126,CH-ip-bend
18,C24H12,0,24,1190.2877,1145.0567674,1144.76672579729,6.5126,CH-ip-bend
18,C24H12,0,24,1267.4157,1219.2539034,1218.84684085592,1.0014,CH-ip-bend
18,C24H12,0,24,1267.4157,1219.2539034,1218.84683482074,1.0016,CH-ip-bend
18,C24H12,0,24,1369.6576,1317.6106112,1316.11088537154,24.028,CC-stretch/CH-ip
18,C24H12,0,24,1369.6576,1317.6106112,1316.11089205967,24.03,CC-stretch/CH-ip
18,C24H12,0,24,1447.7606,1392.7456972,1392.61852121557,0.8499,CC-stretch/CH-ip
18,C24H12,0,24,1447.7606,1392.7456972,1392.61852725075,0.8497,CC-stretch/CH-ip
18,C24H12,0,24,1560.0468,1500.7650216,1499.05344796161,1.3604,CC-stretch/CH-ip
18,C24H12,0,24,1560.0468,1500.7650216,1499.05343589125,1.3608,CC-stretch/CH-ip
18,C24H12,0,24,3175.3326,3054.6699612,3043.39845383274,7.9683,CH-stretch
18,C24H12,0,24,3175.3326,3054.6699612,3043.39845416715,7.9684,CH-stretch
18,C24H12,0,24,3198.3537,3076.8162594,3060.82066978175,140.2466,CH-stretch
18,C24H12,0,24,3198.3537,3076.8162594,3060.82067045056,140.2468,CH-stretch
266,C14H10+,1,14,88.3254,84.9690348,91.695582479163,1.9231,low / skeletal
266,C14H10+,1,14,240.6674,231.5220388,237.339393551831,0.4042,low / skeletal
266,C14H10+,1,14,392.6467,377.7261254,382.416245125735,0.2806,low / skeletal
266,C14H10+,1,14,456.0369,438.7074978,442.411938863032,31.2115,low / skeletal
266,C14H10+,1,14,632.4504,608.4172848,612.593938299759,1.9728,low / skeletal
266,C14H10+,1,14,687.0724,660.9636488,664.68691633271,0.0031,CH-oop
266,C14H10+,1,14,785.655,755.80011,756.43566969285,95.1997,CH-oop
266,C14H10+,1,14,841.4097,809.4361314,811.717295658421,5.1346,CH-oop
266,C14H10+,1,14,944.441,908.552242,910.799922594921,0.5865,CH-oop
266,C14H10+,1,14,951.3469,915.1957178,915.853328706032,38.7774,CH-oop
266,C14H10+,1,14,1027.4142,988.3724604,989.076629159866,8.5173,ring / CH-ip
266,C14H10+,1,14,1067.6699,1027.0984438,1027.81631352636,6.8199,ring / CH-ip
266,C14H10+,1,14,1188.3366,1143.1798092,1143.14874133937,0.2965,CH-ip-bend
266,C14H10+,1,14,1233.1672,1186.3068464,1185.75437735309,11.5799,CH-ip-bend
266,C14H10+,1,14,1248.3763,1200.9380006,1198.41772732513,139.4915,CH-ip-bend
266,C14H10+,1,14,1334.701,1283.982362,1283.86654909435,22.5951,CC-stretch/CH-ip
266,C14H10+,1,14,1354.9869,1303.4973978,1302.57049981699,1.667,CC-stretch/CH-ip
266,C14H10+,1,14,1397.4285,1344.326217,1339.33522549845,357.2629,CC-stretch/CH-ip
266,C14H10+,1,14,1453.7852,1398.5413624,1395.85867992345,129.626,CC-stretch/CH-ip
266,C14H10+,1,14,1518.2064,1460.5145568,1458.47678059539,21.8367,CC-stretch/CH-ip
266,C14H10+,1,14,1522.3902,1464.5393724,1461.81653957104,59.4028,CC-stretch/CH-ip
266,C14H10+,1,14,1589.6281,1529.2222322,1526.37097269735,75.7369,CC-stretch
266,C14H10+,1,14,1632.7155,1570.672311,1568.22905578904,62.0033,CC-stretch
266,C14H10+,1,14,3197.9996,3076.4756152,3065.35659836759,0.3267,CH-stretch
266,C14H10+,1,14,3209.9785,3087.999317,3076.80840805009,0.7525,CH-stretch
266,C14H10+,1,14,3212.1767,3090.1139854,3078.89084257698,2.0967,CH-stretch
266,C14H10+,1,14,3227.9704,3105.3075248,3093.99351144561,2.5452,CH-stretch
266,C14H10+,1,14,3240.6024,3117.4595088,3105.99097870001,8.333,CH-stretch
538,C24H14,0,24,10.1009,9.7170658,16.9380750071812,0.0056,low / skeletal
538,C24H14,0,24,122.4328,117.7803536,124.263360009668,2.9452,low / skeletal
538,C24H14,0,24,222.8626,214.3938212,220.449237985606,0.42,low / skeletal
538,C24H14,0,24,307.0943,295.4247166,300.959224534077,0.1021,low / skeletal
538,C24H14,0,24,377.7497,363.3952114,368.574383583642,0.6636,low / skeletal
538,C24H14,0,24,438.4606,421.7990972,426.153087570237,2.0816,low / skeletal
538,C24H14,0,24,496.2212,477.3647944,482.129804949951,3.8525,low / skeletal
538,C24H14,0,24,510.2404,490.8512648,495.409005732511,0.6253,low / skeletal
538,C24H14,0,24,532.8548,512.6063176,516.522165540167,1.8872,low / skeletal
538,C24H14,0,24,643.5001,619.0470962,623.402481498005,0.0372,low / skeletal
538,C24H14,0,24,656.5542,631.6051404,635.233222525625,15.6562,low / skeletal
538,C24H14,0,24,724.2833,696.7605346,699.364803393857,0.4218,CH-oop
538,C24H14,0,24,782.5482,752.8113684,756.168949331206,0.6268,CH-oop
538,C24H14,0,24,784.7753,754.9538386,751.033833606856,198.2818,CH-oop
538,C24H14,0,24,822.6458,791.3852596,794.358242094687,1.141,CH-oop
538,C24H14,0,24,833.1777,801.5169474,803.27304788732,12.9237,CH-oop
538,C24H14,0,24,975.9223,938.8372526,939.913434644287,0.9302,CH-oop
538,C24H14,0,24,1011.9866,973.5311092,974.394333345134,0.9564,ring / CH-ip
538,C24H14,0,24,1040.345,1000.81189,1002.87970786352,0.8828,ring / CH-ip
538,C24H14,0,24,1058.044,1017.838328,1020.0703409252,0.2793,ring / CH-ip
538,C24H14,0,24,1093.9165,1052.347673,1052.86983990749,8.3528,ring / CH-ip
538,C24H14,0,24,1138.2059,1094.9540758,1095.48075652624,0.0023,ring / CH-ip
538,C24H14,0,24,1169.1157,1124.6893034,1124.71582830547,2.6679,CH-ip-bend
538,C24H14,0,24,1178.3626,1133.5848212,1133.77101246143,0.7375,CH-ip-bend
538,C24H14,0,24,1237.2361,1190.2211282,1189.7538221881,1.6247,CH-ip-bend
538,C24H14,0,24,1267.7381,1219.5640522,1218.99953206464,0.6367,CH-ip-bend
538,C24H14,0,24,1284.0364,1235.2430168,1235.0798158125,2.7628,CH-ip-bend
538,C24H14,0,24,1320.8582,1270.6655884,1269.65567327504,9.7995,CC-stretch/CH-ip
538,C24H14,0,24,1358.2523,1306.6387126,1307.61206821605,0.2586,CC-stretch/CH-ip
538,C24H14,0,24,1387.0175,1334.310835,1334.29199696142,0.0569,CC-stretch/CH-ip
538,C24H14,0,24,1392.2213,1339.3168906,1338.37685175442,4.2613,CC-stretch/CH-ip
538,C24H14,0,24,1456.7934,1401.4352508,1399.43075652209,20.6792,CC-stretch/CH-ip
538,C24H14,0,24,1504.8943,1447.7083166,1444.63698826883,46.4397,CC-stretch/CH-ip
538,C24H14,0,24,1531.1781,1472.9933322,1470.81332575905,19.2493,CC-stretch/CH-ip
538,C24H14,0,24,1603.0327,1542.1174574,1540.04490561128,7.432,CC-stretch
538,C24H14,0,24,1640.5717,1578.2299754,1577.08981476832,0.8318,CC-stretch
538,C24H14,0,24,3187.2618,3066.1458516,3055.0480020135,1.2875,CH-stretch
538,C24H14,0,24,3192.7291,3071.4053942,3058.96941633521,44.2806,CH-stretch
538,C24H14,0,24,3203.6674,3081.9280388,3068.41009686097,77.904,CH-stretch
538,C24H14,0,24,3223.7893,3101.2853066,3089.99069889406,1.4195,CH-stretch
538,C24H14,0,24,3224.1395,3101.622199,3090.28915504866,2.6189,CH-stretch
538,C24H14,0,24,3244.4942,3121.2034204,3108.13709743535,55.8215,CH-stretch
538,C24H14,0,24,3245.5125,3122.183025,3108.02208297307,91.5885,CH-stretch
533,C40H22,0,40,10.1255,9.740731,17.2995818922202,0.013,low / skeletal
533,C40H22,0,40,42.3714,40.7612868,48.0906737266657,0.0103,low / skeletal
533,C40H22,0,40,43.4928,41.8400736,48.7365468338037,0.0026,low / skeletal
533,C40H22,0,40,57.2353,55.0603586,62.0578395865239,1.01,low / skeletal
533,C40H22,0,40,69.3991,66.7619342,73.8373990053392,0.0948,low / skeletal
533,C40H22,0,40,114.2571,109.9153302,116.575861734897,0.0114,low / skeletal
533,C40H22,0,40,123.0473,118.3715026,125.074233831992,0.1513,low / skeletal
533,C40H22,0,40,154.7834,148.9016308,155.087724013507,0.0716,low / skeletal
533,C40H22,0,40,177.1073,170.3772226,177.166158037557,0.0157,low / skeletal
533,C40H22,0,40,198.0744,190.5475728,196.607118569249,0.0434,low / skeletal
533,C40H22,0,40,220.1486,211.7829532,217.961090349732,2.3291,low / skeletal
533,C40H22,0,40,230.3095,221.557739,227.659989727179,1.2105,low / skeletal
533,C40H22,0,40,281.657,270.954034,276.999201232842,0.0602,low / skeletal
533,C40H22,0,40,288.503,277.539886,283.098039777508,0.0189,low / skeletal
533,C40H22,0,40,325.6677,313.2923274,318.749170776188,0.0839,low / skeletal
533,C40H22,0,40,355.5337,342.0234194,347.236133470593,0.1734,low / skeletal
533,C40H22,0,40,370.2477,356.1782874,361.354838131186,0.0067,low / skeletal
533,C40H22,0,40,405.844,390.421928,395.466658219577,0.118,low / skeletal
533,C40H22,0,40,408.3077,392.7920074,397.597630960851,0.3435,low / skeletal
533,C40H22,0,40,424.1406,408.0232572,412.591699532179,0.8391,low / skeletal
533,C40H22,0,40,426.4586,410.2531732,414.962666603414,1.5955,low / skeletal
533,C40H22,0,40,430.5763,414.2144006,419.585319114894,0.0606,low / skeletal
533,C40H22,0,40,476.3875,458.284775,462.404282618809,0.3001,low / skeletal
533,C40H22,0,40,478.4161,460.2362882,464.199128558486,5.642,low / skeletal
533,C40H22,0,40,490.3098,471.6780276,474.969155853695,18.7864,low / skeletal
533,C40H22,0,40,490.5064,471.8671568,475.913288243437,0.0386,low / skeletal
533,C40H22,0,40,516.7969,497.1586178,501.928321179585,0.105,low / skeletal
533,C40H22,0,40,527.6244,507.5746728,511.692814638409,0.003,low / skeletal
533,C40H22,0,40,538.5036,518.0404632,522.763772024109,0.1669,low / skeletal
533,C40H22,0,40,541.9863,521.3908206,524.618996257505,37.4585,low / skeletal
533,C40H22,0,40,561.0319,539.7126878,543.583413452971,0.0046,low / skeletal
533,C40H22,0,40,575.0363,553.1849206,556.874659316865,0.0003,low / skeletal
533,C40H22,0,40,595.5918,572.9593116,577.053208122512,0.1779,low / skeletal
533,C40H22,0,40,634.5157,610.4041034,614.090581387349,0.1264,low / skeletal
533,C40H22,0,40,647.6414,623.0310268,627.174423311088,0.1616,low / skeletal
533,C40H22,0,40,658.4911,633.4684382,637.511859226929,0.0333,low / skeletal
533,C40H22,0,40,671.813,646.284106,650.208592623297,2.9164,CH-oop
533,C40H22,0,40,679.7485,653.918057,657.887502110134,0.0391,CH-oop
533,C40H22,0,40,686.5105,660.423101,664.393159524133,0.0236,CH-oop
533,C40H22,0,40,703.2059,676.4840758,680.165645040609,0.0003,CH-oop
533,C40H22,0,40,734.7937,706.8715394,708.822569195933,15.4076,CH-oop
533,C40H22,0,40,755.7971,727.0768102,729.661078617882,0.3469,CH-oop
533,C40H22,0,40,773.6154,744.2180148,742.3796132316,99.5055,CH-oop
533,C40H22,0,40,773.6188,744.2212856,746.360012726856,1.2919,CH-oop
533,C40H22,0,40,774.7285,745.288817,748.673887177293,1.8604,CH-oop
533,C40H22,0,40,782.3376,752.6087712,755.505069766267,5.2523,CH-oop
533,C40H22,0,40,782.5249,752.7889538,755.976782992178,0.0736,CH-oop
533,C40H22,0,40,788.9257,758.9465234,761.187017285555,1.6552,CH-oop
533,C40H22,0,40,795.9696,765.7227552,767.999354310642,0.7843,CH-oop
533,C40H22,0,40,805.2621,774.6621402,777.612902521496,0.0223,CH-oop
533,C40H22,0,40,807.5563,776.8691606,779.288542113666,15.8662,CH-oop
533,C40H22,0,40,826.7321,795.3162802,795.299442930228,51.1875,CH-oop
533,C40H22,0,40,858.8131,826.1782022,828.153243158884,0.0035,CH-oop
533,C40H22,0,40,870.7424,837.6541888,839.789688445744,0.1092,CH-oop
533,C40H22,0,40,876.761,843.444082,845.106154722035,0.0154,CH-oop
533,C40H22,0,40,882.7921,849.2460002,850.882091356145,0.1969,CH-oop
533,C40H22,0,40,884.2331,850.6322422,851.983432229964,7.5983,CH-oop
533,C40H22,0,40,907.4926,873.0078812,874.782479492232,2.4605,CH-oop
533,C40H22,0,40,914.8905,880.124661,881.64055051951,0.2846,CH-oop
533,C40H22,0,40,932.3985,896.967357,898.246361141222,2.4901,CH-oop
533,C40H22,0,40,943.2048,907.3630176,903.363357184981,131.6236,CH-oop
533,C40H22,0,40,945.2882,909.3672484,910.640507486641,0.6548,CH-oop
533,C40H22,0,40,952.4124,916.2207288,917.549514564757,0.4288,CH-oop
533,C40H22,0,40,957.761,921.366082,923.390641034583,1.2831,CH-oop
533,C40H22,0,40,990.0576,952.4354112,954.741907275896,2.8212,ring / CH-ip
533,C40H22,0,40,1000.8416,962.8096192,963.37990613561,9.6047,ring / CH-ip
533,C40H22,0,40,1000.8686,962.8355932,963.789961415638,0.1147,ring / CH-ip
533,C40H22,0,40,1011.6392,973.1969104,973.998004141845,2.3251,ring / CH-ip
533,C40H22,0,40,1013.6489,975.1302418,976.018635149469,0.0074,ring / CH-ip
533,C40H22,0,40,1032.6998,993.4572076,994.235177271844,0.0001,ring / CH-ip
533,C40H22,0,40,1044.0885,1004.413137,1006.47316579793,0.7049,ring / CH-ip
533,C40H22,0,40,1044.1486,1004.4709532,1005.45866322915,0.0285,ring / CH-ip
533,C40H22,0,40,1044.1763,1004.4976006,1005.34840144434,3.4405,ring / CH-ip
533,C40H22,0,40,1073.71,1032.90902,1034.06301558754,0.0459,ring / CH-ip
533,C40H22,0,40,1129.8326,1086.8989612,1087.38084310296,3.571,ring / CH-ip
533,C40H22,0,40,1151.9778,1108.2026436,1108.53785215976,0.1269,CH-ip-bend
533,C40H22,0,40,1169.8236,1125.3703032,1125.19476910719,7.1832,CH-ip-bend
533,C40H22,0,40,1175.1002,1130.4463924,1130.59680582616,1.3621,CH-ip-bend
533,C40H22,0,40,1214.1534,1168.0155708,1167.29691771253,13.7227,CH-ip-bend
533,C40H22,0,40,1217.4888,1171.2242256,1171.02434294226,0.085,CH-ip-bend
533,C40H22,0,40,1227.2528,1180.6171936,1180.22052679823,1.8787,CH-ip-bend
533,C40H22,0,40,1228.0849,1181.4176738,1181.11033099949,0.0326,CH-ip-bend
533,C40H22,0,40,1252.4466,1204.8536292,1204.30663359399,3.4746,CH-ip-bend
533,C40H22,0,40,1255.1092,1207.4150504,1206.9012951018,0.6634,CH-ip-bend
533,C40H22,0,40,1301.0572,1251.6170264,1250.95531399943,4.0259,CC-stretch/CH-ip
533,C40H22,0,40,1303.1093,1253.5911466,1252.9824938712,7.0789,CC-stretch/CH-ip
533,C40H22,0,40,1310.2489,1260.4594418,1259.98511475337,0.0002,CC-stretch/CH-ip
533,C40H22,0,40,1319.6778,1269.5300436,1269.12573434934,0.4023,CC-stretch/CH-ip
533,C40H22,0,40,1321.1125,1270.910225,1270.59717293878,2.1103,CC-stretch/CH-ip
533,C40H22,0,40,1338.9212,1288.0421944,1286.83799720694,12.4954,CC-stretch/CH-ip
533,C40H22,0,40,1339.5456,1288.6428672,1288.51334938896,3.2701,CC-stretch/CH-ip
533,C40H22,0,40,1357.7535,1306.158867,1305.89724793573,1.2487,CC-stretch/CH-ip
533,C40H22,0,40,1366.4898,1314.5631876,1314.88658639043,0.0097,CC-stretch/CH-ip
533,C40H22,0,40,1368.5814,1316.5753068,1315.48224328657,1.2294,CC-stretch/CH-ip
533,C40H22,0,40,1392.1889,1339.2857218,1338.69501071363,0.0011,CC-stretch/CH-ip
533,C40H22,0,40,1400.8491,1347.6168342,1346.58988795963,7.7628,CC-stretch/CH-ip
533,C40H22,0,40,1414.1499,1360.4122038,1359.33246340405,2.0269,CC-stretch/CH-ip
533,C40H22,0,40,1446.0134,1391.0648908,1390.82997400105,0.0008,CC-stretch/CH-ip
533,C40H22,0,40,1446.4619,1391.4963478,1391.16870064955,3.4857,CC-stretch/CH-ip
533,C40H22,0,40,1449.3089,1394.2351618,1393.52469863061,0.0475,CC-stretch/CH-ip
533,C40H22,0,40,1450.4513,1395.3341506,1395.01538435278,1.5866,CC-stretch/CH-ip
533,C40H22,0,40,1457.5537,1402.1666594,1401.21429511658,0.0222,CC-stretch/CH-ip
533,C40H22,0,40,1469.5791,1413.7350942,1411.51572351121,20.1938,CC-stretch/CH-ip
533,C40H22,0,40,1498.0524,1441.1264088,1435.74090439205,94.9248,CC-stretch/CH-ip
533,C40H22,0,40,1517.4777,1459.8135474,1457.89747127392,9.1035,CC-stretch/CH-ip
533,C40H22,0,40,1520.6846,1462.8985852,1461.56146115754,1.2225,CC-stretch/CH-ip
533,C40H22,0,40,1524.7633,1466.8222946,1465.0686276869,0.341,CC-stretch/CH-ip
533,C40H22,0,40,1531.7422,1473.5359964,1471.74848383842,0.9477,CC-stretch/CH-ip
533,C40H22,0,40,1546.8106,1488.0317972,1486.50906435154,0.4782,CC-stretch/CH-ip
533,C40H22,0,40,1588.6233,1528.2556146,1526.40132163623,6.1072,CC-stretch
533,C40H22,0,40,1590.9237,1530.4685994,1528.98606001547,0.195,CC-stretch
533,C40H22,0,40,1604.9329,1543.9454498,1542.91536775052,0.0168,CC-stretch
533,C40H22,0,40,1604.9845,1543.995089,1542.92491524375,0.2035,CC-stretch
533,C40H22,0,40,1623.2578,1561.5740036,1558.9350795443,31.3419,CC-stretch
533,C40H22,0,40,1639.8646,1577.5497452,1575.68780455644,4.5204,CC-stretch
533,C40H22,0,40,1650.0508,1587.3488696,1585.62532051754,0.6105,CC-stretch
533,C40H22,0,40,1651.8323,1589.0626726,1587.40992943135,3.0854,CC-stretch
533,C40H22,0,40,3173.1703,3052.5898286,3040.57859651618,25.4519,CH-stretch
533,C40H22,0,40,3175.4522,3054.7850164,3043.63464115832,3.8946,CH-stretch
533,C40H22,0,40,3175.4704,3054.8025248,3043.80913357621,0.0143,CH-stretch
533,C40H22,0,40,3177.7465,3056.992133,3045.14267860623,20.7969,CH-stretch
533,C40H22,0,40,3182.3047,3061.3771214,3050.14962472194,4.8519,CH-stretch
533,C40H22,0,40,3182.3303,3061.4017486,3050.3700218751,0.0129,CH-stretch
533,C40H22,0,40,3192.4702,3071.1563324,3058.6987849732,33.8804,CH-stretch
533,C40H22,0,40,3192.7276,3071.4039512,3060.28421070879,0.8021,CH-stretch
533,C40H22,0,40,3197.9354,3076.4138548,3062.25752764997,75.1941,CH-stretch
533,C40H22,0,40,3209.1949,3087.2454938,3074.98461503227,26.8315,CH-stretch
533,C40H22,0,40,3210.0047,3088.0245214,3076.57208318031,6.7571,CH-stretch
533,C40H22,0,40,3211.8234,3089.7741108,3078.58508270383,0.0144,CH-stretch
533,C40H22,0,40,3213.5351,3091.4207662,3074.03426041032,152.9606,CH-stretch
533,C40H22,0,40,3213.6309,3091.5129258,3080.25868899777,1.4734,CH-stretch
533,C40H22,0,40,3233.8533,3110.9668746,3098.94555030874,17.5924,CH-stretch
533,C40H22,0,40,3238.4119,3115.3522478,3101.36124694498,65.6935,CH-stretch
533,C40H22,0,40,3239.2617,3116.1697554,3104.80443900752,0.7231,CH-stretch
140,C44H20,0,44,19.4963,18.7554406,26.1069394168214,0.0589,low / skeletal
140,C44H20,0,44,37.5055,36.080291,43.1439110726262,0.0668,low / skeletal
140,C44H20,0,44,74.1493,71.3316266,77.9255371652901,0.017,low / skeletal
140,C44H20,0,44,101.3426,97.4915812,104.07500692217,2.8514,low / skeletal
140,C44H20,0,44,124.1159,119.3994958,125.843621721148,0.313,low / skeletal
140,C44H20,0,44,137.1489,131.9372418,138.63247336373,0.4265,low / skeletal
140,C44H20,0,44,198.5176,190.9739312,197.025084622007,0.1094,low / skeletal
140,C44H20,0,44,221.3249,212.9145538,219.514123502519,0.0053,low / skeletal
140,C44H20,0,44,221.448,213.032976,219.212000620433,0.0005,low / skeletal
140,C44H20,0,44,231.2113,222.4252706,228.276051090827,0.1863,low / skeletal
140,C44H20,0,44,293.8362,282.6704244,288.16504502667,0.0025,low / skeletal
140,C44H20,0,44,306.7838,295.1260156,301.055961868811,0.0195,low / skeletal
140,C44H20,0,44,308.0955,296.387871,302.022878322541,0.0039,low / skeletal
140,C44H20,0,44,318.7504,306.6378848,312.296901671992,0.2779,low / skeletal
140,C44H20,0,44,362.0198,348.2630476,354.000053842056,0.0008,low / skeletal
140,C44H20,0,44,364.2309,350.3901258,355.657680129697,1.8981,low / skeletal
140,C44H20,0,44,379.713,365.283906,370.445424356927,2.0679,low / skeletal
140,C44H20,0,44,392.6728,377.7512336,383.265030758612,0.3516,low / skeletal
140,C44H20,0,44,413.9852,398.2537624,403.7273850562,0.0331,low / skeletal
140,C44H20,0,44,422.9725,406.899545,412.434233401574,0.0006,low / skeletal
140,C44H20,0,44,453.5269,436.2928778,440.574319550515,2.253,low / skeletal
140,C44H20,0,44,477.5988,459.4500456,464.383626032963,0.1238,low / skeletal
140,C44H20,0,44,482.3293,464.0007866,468.660798448951,3.3879,low / skeletal
140,C44H20,0,44,493.3625,474.614725,478.980432785215,1.0177,low / skeletal
140,C44H20,0,44,522.4167,502.5648654,507.248013336058,0.1453,low / skeletal
140,C44H20,0,44,552.3752,531.3849424,535.081777840888,6.0302,low / skeletal
140,C44H20,0,44,556.1201,534.9875362,539.196493802994,3.1927,low / skeletal
140,C44H20,0,44,566.6129,545.0816098,549.958186807531,0.6572,low / skeletal
140,C44H20,0,44,578.7949,556.8006938,561.194425339848,0.8575,low / skeletal
140,C44H20,0,44,581.5483,559.4494646,563.245609084713,0.1517,low / skeletal
140,C44H20,0,44,605.1713,582.1747906,585.794018297984,0.34,low / skeletal
140,C44H20,0,44,607.5078,584.4225036,588.698418262935,2.5772,low / skeletal
140,C44H20,0,44,615.5868,592.1945016,596.467839203376,0.1241,low / skeletal
140,C44H20,0,44,647.6762,623.0645044,626.328197011123,4.5096,low / skeletal
140,C44H20,0,44,657.9643,632.9616566,636.585124347541,14.6805,low / skeletal
140,C44H20,0,44,659.5997,634.5349114,638.545612593974,2.426,low / skeletal
140,C44H20,0,44,678.6722,652.8826564,656.881915432352,1.0063,CH-oop
140,C44H20,0,44,685.7472,659.6888064,663.456461998112,0.8113,CH-oop
140,C44H20,0,44,685.7624,659.7034288,662.852804127501,0.1986,CH-oop
140,C44H20,0,44,702.3688,675.6787856,679.490743450234,2.088,CH-oop
140,C44H20,0,44,708.4276,681.5073512,685.340010100631,0.1752,CH-oop
140,C44H20,0,44,721.6904,694.2661648,697.520632549767,3.3055,CH-oop
140,C44H20,0,44,740.1773,712.0505626,714.794490578089,0.4616,CH-oop
140,C44H20,0,44,747.5148,719.1092376,722.795457121512,0.1143,CH-oop
140,C44H20,0,44,768.5834,739.3772308,741.352923657136,13.2921,CH-oop
140,C44H20,0,44,786.5043,756.6171366,752.570885956624,144.6828,CH-oop
140,C44H20,0,44,792.5913,762.4728306,765.636052948015,1.6709,CH-oop
140,C44H20,0,44,798.4032,768.0638784,769.747511130566,14.2908,CH-oop
140,C44H20,0,44,811.9021,781.0498202,784.347533479918,0.5346,CH-oop
140,C44H20,0,44,828.3046,796.8290252,798.398968269946,9.0017,CH-oop
140,C44H20,0,44,838.2461,806.3927482,805.641220969323,62.0154,CH-oop
140,C44H20,0,44,847.1454,814.9538748,817.750752829828,5.9758,CH-oop
140,C44H20,0,44,858.8801,826.2426562,828.244880019022,0.0579,CH-oop
140,C44H20,0,44,868.3306,835.3340372,838.287296132677,0.0576,CH-oop
140,C44H20,0,44,881.9234,848.4103108,851.225040859079,1.1843,CH-oop
140,C44H20,0,44,896.9489,862.8648418,864.506012188571,0.0231,CH-oop
140,C44H20,0,44,914.5109,879.7594858,882.5094242923,0.9516,CH-oop
140,C44H20,0,44,924.4531,889.3238822,889.502742892193,29.2033,CH-oop
140,C44H20,0,44,927.6442,892.3937204,892.965750098215,19.3476,CH-oop
140,C44H20,0,44,960.1013,923.6174506,926.138201375739,0.396,CH-oop
140,C44H20,0,44,979.4872,942.2666864,943.199907748434,3.4151,CH-oop
140,C44H20,0,44,986.1692,948.6947704,951.151113323499,0.8574,ring / CH-ip
140,C44H20,0,44,1008.4334,970.1129308,972.022359342678,0.1904,ring / CH-ip
140,C44H20,0,44,1011.6671,973.2237502,974.087141089596,0.8362,ring / CH-ip
140,C44H20,0,44,1026.4601,987.4546162,988.266160495522,0.0013,ring / CH-ip
140,C44H20,0,44,1043.0042,1003.3700404,1005.66020870108,0.2892,ring / CH-ip
140,C44H20,0,44,1075.291,1034.429942,1035.96951911771,0.3096,ring / CH-ip
140,C44H20,0,44,1076.1134,1035.2210908,1036.89310436137,0.112,ring / CH-ip
140,C44H20,0,44,1101.5466,1059.6878292,1060.25843233957,3.7084,ring / CH-ip
140,C44H20,0,44,1101.5958,1059.7351596,1059.9819290191,10.4547,ring / CH-ip
140,C44H20,0,44,1106.8405,1064.780561,1065.63103353573,0.1162,ring / CH-ip
140,C44H20,0,44,1136.8682,1093.6672084,1094.18133769922,2.5262,ring / CH-ip
140,C44H20,0,44,1147.9685,1104.345697,1104.90204936552,0.002,CH-ip-bend
140,C44H20,0,44,1157.9274,1113.9261588,1114.37015243684,0.0515,CH-ip-bend
140,C44H20,0,44,1160.6114,1116.5081668,1116.72371865003,0.9571,CH-ip-bend
140,C44H20,0,44,1162.6387,1118.4584294,1118.66815563062,1.5523,CH-ip-bend
140,C44H20,0,44,1189.0272,1143.8441664,1144.01227560355,0.3922,CH-ip-bend
140,C44H20,0,44,1209.1895,1163.240299,1163.03468740456,2.5888,CH-ip-bend
140,C44H20,0,44,1234.2338,1187.3329156,1186.96994523252,1.1794,CH-ip-bend
140,C44H20,0,44,1236.1692,1189.1947704,1188.86151747362,1.1811,CH-ip-bend
140,C44H20,0,44,1237.484,1190.459608,1190.03986301378,0.4912,CH-ip-bend
140,C44H20,0,44,1245.0215,1197.710683,1197.31467569989,0.6175,CH-ip-bend
140,C44H20,0,44,1249.9444,1202.4465128,1201.95036248092,4.9638,CH-ip-bend
140,C44H20,0,44,1250.7311,1203.2033182,1202.77465307555,2.1881,CH-ip-bend
140,C44H20,0,44,1275.2412,1226.7820344,1226.27176052895,0.0199,CH-ip-bend
140,C44H20,0,44,1283.712,1234.930944,1234.44130758341,0.0417,CH-ip-bend
140,C44H20,0,44,1292.1769,1243.0741778,1242.60574166559,0.0861,CH-ip-bend
140,C44H20,0,44,1300.1182,1250.7137084,1250.18461494235,0.2002,CC-stretch/CH-ip
140,C44H20,0,44,1305.9146,1256.2898452,1255.98039866326,1.2739,CC-stretch/CH-ip
140,C44H20,0,44,1311.342,1261.511004,1261.24936398907,0.5619,CC-stretch/CH-ip
140,C44H20,0,44,1320.2022,1270.0345164,1268.74256726988,15.9782,CC-stretch/CH-ip
140,C44H20,0,44,1334.3993,1283.6921266,1283.05407161373,1.6001,CC-stretch/CH-ip
140,C44H20,0,44,1335.199,1284.461438,1283.73810261147,1.1679,CC-stretch/CH-ip
140,C44H20,0,44,1345.8083,1294.6675846,1294.20260231408,1.9241,CC-stretch/CH-ip
140,C44H20,0,44,1362.0105,1310.254101,1309.88044837878,1.4919,CC-stretch/CH-ip
140,C44H20,0,44,1364.6017,1312.7468354,1311.98509207114,1.5992,CC-stretch/CH-ip
140,C44H20,0,44,1365.5117,1313.6222554,1313.20742247397,3.3754,CC-stretch/CH-ip
140,C44H20,0,44,1375.6856,1323.4095472,1324.04594146739,1.1111,CC-stretch/CH-ip
140,C44H20,0,44,1378.4407,1326.0599534,1326.11377997404,0.0001,CC-stretch/CH-ip
140,C44H20,0,44,1382.5889,1330.0505218,1329.77420907638,1.5924,CC-stretch/CH-ip
140,C44H20,0,44,1387.792,1335.055904,1334.52800507317,6.7618,CC-stretch/CH-ip
140,C44H20,0,44,1396.2066,1343.1507492,1342.6184125336,0.4499,CC-stretch/CH-ip
140,C44H20,0,44,1403.3215,1349.995283,1349.22464644395,0.9292,CC-stretch/CH-ip
140,C44H20,0,44,1403.9581,1350.6076922,1350.28762986543,1.4674,CC-stretch/CH-ip
140,C44H20,0,44,1430.199,1375.851438,1375.1630586068,0.3693,CC-stretch/CH-ip
140,C44H20,0,44,1431.1885,1376.803337,1376.61626330761,0.1869,CC-stretch/CH-ip
140,C44H20,0,44,1444.706,1389.807172,1389.08492327443,3.8115,CC-stretch/CH-ip
140,C44H20,0,44,1452.1004,1396.9205848,1395.81742785625,2.1351,CC-stretch/CH-ip
140,C44H20,0,44,1461.6843,1406.1402966,1404.92650790099,1.63,CC-stretch/CH-ip
140,C44H20,0,44,1471.9949,1416.0590938,1411.76200209626,71.461,CC-stretch/CH-ip
140,C44H20,0,44,1478.0769,1421.9099778,1420.79858718911,1.7347,CC-stretch/CH-ip
140,C44H20,0,44,1502.5109,1445.4154858,1443.75498076167,6.6191,CC-stretch/CH-ip
140,C44H20,0,44,1506.4189,1449.1749818,1448.24639518939,0.238,CC-stretch/CH-ip
140,C44H20,0,44,1510.23,1452.84126,1450.69871191436,14.8724,CC-stretch/CH-ip
140,C44H20,0,44,1527.8997,1469.8395114,1468.25230882218,0.0511,CC-stretch/CH-ip
140,C44H20,0,44,1528.8954,1470.7973748,1469.04023514032,2.3835,CC-stretch/CH-ip
140,C44H20,0,44,1531.5502,1473.3512924,1471.37179114528,10.0764,CC-stretch/CH-ip
140,C44H20,0,44,1542.8515,1484.223143,1482.11997610259,9.4026,CC-stretch/CH-ip
140,C44H20,0,44,1550.1635,1491.257287,1489.12004137061,11.4087,CC-stretch/CH-ip
140,C44H20,0,44,1564.2815,1504.838803,1503.21603522592,2.6371,CC-stretch
140,C44H20,0,44,1568.7541,1509.1414442,1507.20330576941,7.5238,CC-stretch
140,C44H20,0,44,1589.5321,1529.1298802,1527.56103021206,0.0676,CC-stretch
140,C44H20,0,44,1598.7912,1538.0371344,1535.89454108379,8.4824,CC-stretch
140,C44H20,0,44,1615.8379,1554.4360598,1553.41386646705,0.4763,CC-stretch
140,C44H20,0,44,1627.8731,1566.0139222,1564.46063026072,0.0363,CC-stretch
140,C44H20,0,44,1630.9554,1568.9790948,1567.57723712494,0.005,CC-stretch
140,C44H20,0,44,1643.0354,1580.6000548,1579.4209654629,1.1411,CC-stretch
140,C44H20,0,44,1643.3813,1580.9328106,1580.05099800381,0.3207,CC-stretch
140,C44H20,0,44,3177.8675,3057.108535,3046.06030892454,0.9363,CH-stretch
140,C44H20,0,44,3187.9399,3066.7981838,3055.73418963698,0.0399,CH-stretch
140,C44H20,0,44,3187.9482,3066.8061684,3055.67026473846,1.7119,CH-stretch
140,C44H20,0,44,3192.4774,3071.1632588,3059.52379444124,12.8789,CH-stretch
140,C44H20,0,44,3192.7291,3071.4053942,3058.76384829631,36.1509,CH-stretch
140,C44H20,0,44,3199.6087,3078.0235694,3065.48022935018,33.1247,CH-stretch
140,C44H20,0,44,3203.7172,3081.9759464,3066.95339635191,90.1985,CH-stretch
140,C44H20,0,44,3203.8868,3082.1391016,3070.12436363149,20.2117,CH-stretch
140,C44H20,0,44,3213.7549,3091.6322138,3080.37875777783,1.2404,CH-stretch
140,C44H20,0,44,3214.8873,3092.7215826,3081.49719415934,0.4587,CH-stretch
140,C44H20,0,44,3222.7226,3100.2591412,3088.93134606695,1.901,CH-stretch
140,C44H20,0,44,3223.8647,3101.3578414,3089.96670415582,3.2403,CH-stretch
140,C44H20,0,44,3227.8414,3105.1834268,3093.88906799265,0.5052,CH-stretch
140,C44H20,0,44,3237.3505,3114.331181,3102.95079254849,1.2339,CH-stretch
140,C44H20,0,44,3237.5731,3114.5453222,3100.54357696736,62.1919,CH-stretch
140,C44H20,0,44,3239.8804,3116.7649448,3105.0574527741,8.519,CH-stretch
140,C44H20,0,44,3243.9126,3120.6439212,3109.27878095223,0.064,CH-stretch
140,C44H20,0,44,3244.8025,3121.500005,3106.01183373523,95.8601,CH-stretch
140,C44H20,0,44,3248.4751,3125.0330462,3110.9510196894,62.7027,CH-stretch
303,C21H13N,0,21,40.1307,38.6057334,45.7330009595701,0.2872,low / skeletal
303,C21H13N,0,21,64.3351,61.8903662,68.6148432370555,0.3083,low / skeletal
303,C21H13N,0,21,118.456,113.954672,120.451871017835,0.018,low / skeletal
303,C21H13N,0,21,128.987,124.085494,130.637450877989,0.4539,low / skeletal
303,C21H13N,0,21,143.8269,138.3614778,144.693465394947,0.8224,low / skeletal
303,C21H13N,0,21,198.9497,191.3896114,197.109940933546,2.2442,low / skeletal
303,C21H13N,0,21,217.6297,209.3597714,215.611354402547,0.2279,low / skeletal
303,C21H13N,0,21,221.7514,213.3248468,219.054321612947,2.1214,low / skeletal
303,C21H13N,0,21,292.9741,281.8410842,287.200540547538,0.4689,low / skeletal
303,C21H13N,0,21,340.193,327.265666,332.560531195857,0.3843,low / skeletal
303,C21H13N,0,21,344.112,331.035744,336.523613672995,0.3301,low / skeletal
303,C21H13N,0,21,413.7809,398.0572258,402.350114816168,6.4996,low / skeletal
303,C21H13N,0,21,417.7183,401.8450046,406.307184180113,1.7043,low / skeletal
303,C21H13N,0,21,448.0834,431.0562308,435.345141198064,0.7616,low / skeletal
303,C21H13N,0,21,456.6806,439.3267372,443.646063265039,1.0502,low / skeletal
303,C21H13N,0,21,479.1144,460.9080528,465.667010196048,0.3508,low / skeletal
303,C21H13N,0,21,504.1454,484.9878748,489.428981221826,3.9065,low / skeletal
303,C21H13N,0,21,532.2662,512.0400844,516.433602945561,0.8565,low / skeletal
303,C21H13N,0,21,537.9581,517.5156922,521.427344332431,0.3081,low / skeletal
303,C21H13N,0,21,544.7823,524.0805726,528.615480008077,0.2378,low / skeletal
303,C21H13N,0,21,562.0689,540.7102818,542.806288804788,14.2838,low / skeletal
303,C21H13N,0,21,573.236,551.453032,555.248719418555,0.1823,low / skeletal
303,C21H13N,0,21,580.8663,558.7933806,563.02683284477,1.3455,low / skeletal
303,C21H13N,0,21,609.7964,586.6241368,589.968781149074,1.7633,low / skeletal
303,C21H13N,0,21,660.0399,634.9583838,639.098784830618,0.7664,low / skeletal
303,C21H13N,0,21,685.5545,659.503429,662.026437148101,11.3313,CH-oop
303,C21H13N,0,21,709.6808,682.7129296,684.799091454704,7.9341,CH-oop
303,C21H13N,0,21,736.9262,708.9230044,712.611240583176,1.0804,CH-oop
303,C21H13N,0,21,757.0811,728.3120182,730.654379932336,2.1514,CH-oop
303,C21H13N,0,21,769.9904,740.7307648,743.987748342753,0.245,CH-oop
303,C21H13N,0,21,783.1135,753.355187,749.163860415464,55.7489,CH-oop
303,C21H13N,0,21,786.1094,756.2372428,759.355611650096,0.5348,CH-oop
303,C21H13N,0,21,789.4309,759.4325258,761.353963092345,1.7669,CH-oop
303,C21H13N,0,21,801.5201,771.0623362,773.50882032789,6.2561,CH-oop
303,C21H13N,0,21,825.3187,793.9565894,795.830225749495,2.5608,CH-oop
303,C21H13N,0,21,847.9793,815.7560866,815.10235664445,22.229,CH-oop
303,C21H13N,0,21,860.7888,828.0788256,825.188383757211,42.2727,CH-oop
303,C21H13N,0,21,881.6007,848.0998734,847.123222254747,24.5233,CH-oop
303,C21H13N,0,21,909.8665,875.291573,876.603455755697,6.2668,CH-oop
303,C21H13N,0,21,911.1837,876.5587194,877.670474050191,3.5414,CH-oop
303,C21H13N,0,21,922.8657,887.7968034,889.720986504225,2.4832,CH-oop
303,C21H13N,0,21,925.751,890.572462,891.962503566288,0.561,CH-oop
303,C21H13N,0,21,953.7988,917.5544456,916.130150159947,23.9315,CH-oop
303,C21H13N,0,21,974.8654,937.8205148,940.157041050719,0.0558,CH-oop
303,C21H13N,0,21,987.8261,950.2887082,950.824652966402,4.374,ring / CH-ip
303,C21H13N,0,21,1004.7669,966.5857578,967.162265383678,3.1786,ring / CH-ip
303,C21H13N,0,21,1021.5587,982.7394694,983.580396897746,0.0644,ring / CH-ip
303,C21H13N,0,21,1027.9448,988.8828976,989.683219060486,0.0117,ring / CH-ip
303,C21H13N,0,21,1036.7291,997.3333942,998.092939280232,0.0021,ring / CH-ip
303,C21H13N,0,21,1045.1899,1005.4726838,1006.15351306785,0.2638,ring / CH-ip
303,C21H13N,0,21,1062.9681,1022.5753122,1022.19786304372,12.7042,ring / CH-ip
303,C21H13N,0,21,1078.7017,1037.7110354,1038.33177979075,1.5207,ring / CH-ip
303,C21H13N,0,21,1096.359,1054.697358,1055.3686617583,0.872,ring / CH-ip
303,C21H13N,0,21,1149.565,1105.88153,1105.8936021163,3.1658,CH-ip-bend
303,C21H13N,0,21,1153.3148,1109.4888376,1109.80572051669,0.1118,CH-ip-bend
303,C21H13N,0,21,1196.4929,1151.0261698,1150.63429436089,2.4143,CH-ip-bend
303,C21H13N,0,21,1200.8262,1155.1948044,1154.95854475323,0.9119,CH-ip-bend
303,C21H13N,0,21,1220.7991,1174.4087342,1173.82964769437,2.7263,CH-ip-bend
303,C21H13N,0,21,1231.6787,1184.8749094,1184.43404824567,0.6426,CH-ip-bend
303,C21H13N,0,21,1249.0811,1201.6160182,1201.02610011993,2.7165,CH-ip-bend
303,C21H13N,0,21,1259.4214,1211.5633868,1211.0364492631,2.0057,CH-ip-bend
303,C21H13N,0,21,1270.9962,1222.6983444,1221.38843197292,8.431,CH-ip-bend
303,C21H13N,0,21,1277.7249,1229.1713538,1228.67231517057,1.0205,CH-ip-bend
303,C21H13N,0,21,1289.0706,1240.0859172,1239.42126612388,1.2585,CH-ip-bend
303,C21H13N,0,21,1323.1151,1272.8367262,1271.75980275551,3.7809,CC-stretch/CH-ip
303,C21H13N,0,21,1348.1742,1296.9435804,1296.27692017667,0.0077,CC-stretch/CH-ip
303,C21H13N,0,21,1358.3848,1306.7661776,1306.15224128146,1.0273,CC-stretch/CH-ip
303,C21H13N,0,21,1376.5669,1324.2573578,1321.82534308484,14.9392,CC-stretch/CH-ip
303,C21H13N,0,21,1385.5302,1332.8800524,1332.62142600058,0.4323,CC-stretch/CH-ip
303,C21H13N,0,21,1391.8026,1338.9141012,1339.06024982849,0.8354,CC-stretch/CH-ip
303,C21H13N,0,21,1429.6034,1375.2784708,1373.27733166048,7.9793,CC-stretch/CH-ip
303,C21H13N,0,21,1444.1129,1389.2366098,1383.36840078937,44.4251,CC-stretch/CH-ip
303,C21H13N,0,21,1468.424,1412.623888,1410.65361651517,8.957,CC-stretch/CH-ip
303,C21H13N,0,21,1487.6455,1431.114971,1429.46803035425,1.1669,CC-stretch/CH-ip
303,C21H13N,0,21,1504.4286,1447.2603132,1444.76563067717,8.1209,CC-stretch/CH-ip
303,C21H13N,0,21,1515.5903,1457.9978686,1453.0092761433,29.5569,CC-stretch/CH-ip
303,C21H13N,0,21,1528.1677,1470.0973274,1468.36901710389,0.5753,CC-stretch/CH-ip
303,C21H13N,0,21,1550.848,1491.915776,1488.79755014095,12.9336,CC-stretch/CH-ip
303,C21H13N,0,21,1565.5689,1506.0772818,1502.27175861695,19.7827,CC-stretch
303,C21H13N,0,21,1597.3567,1536.6571454,1534.84340923366,3.8895,CC-stretch
303,C21H13N,0,21,1610.3651,1549.1712262,1547.79428181701,2.7348,CC-stretch
303,C21H13N,0,21,1638.9934,1576.7116508,1573.50189876301,15.8563,CC-stretch
303,C21H13N,0,21,3176.298,3055.598676,3044.4711386848,1.1271,CH-stretch
303,C21H13N,0,21,3180.515,3059.65543,3048.41954636368,1.8825,CH-stretch
303,C21H13N,0,21,3181.8087,3060.8999694,3049.69706785169,1.5324,CH-stretch
303,C21H13N,0,21,3187.4905,3066.365861,3054.29840885687,8.8772,CH-stretch
303,C21H13N,0,21,3191.7762,3070.4887044,3057.64074869283,15.5434,CH-stretch
303,C21H13N,0,21,3193.4625,3072.110925,3059.7366840078,11.3055,CH-stretch
303,C21H13N,0,21,3198.5516,3077.0066392,3061.0539841598,42.5852,CH-stretch
303,C21H13N,0,21,3200.6788,3079.0530056,3066.88662950872,9.1418,CH-stretch
303,C21H13N,0,21,3210.8167,3088.8056654,3071.11273839345,57.3236,CH-stretch
303,C21H13N,0,21,3211.0402,3089.0206724,3073.79763464621,35.5557,CH-stretch
303,C21H13N,0,21,3222.1814,3099.7385068,3084.12594434698,38.4692,CH-stretch
303,C21H13N,0,21,3228.3472,3105.6700064,3092.92981115418,12.8902,CH-stretch
303,C21H13N,0,21,3236.6697,3113.6762514,3101.17035124024,10.4265,CH-stretch
286,C17H11N+,1,17,66.2118,63.6957516,70.5689144308469,3.2143,low / skeletal
286,C17H11N+,1,17,86.7183,83.4230046,90.0555816599301,0.8393,low / skeletal
286,C17H11N+,1,17,150.0134,144.3128908,150.747191050132,0.2951,low / skeletal
286,C17H11N+,1,17,160.57,154.46834,160.910014754001,1.3026,low / skeletal
286,C17H11N+,1,17,192.8278,185.5003436,191.489421163066,2.4998,low / skeletal
286,C17H11N+,1,17,265.7511,255.6525582,261.294149037058,0.2433,low / skeletal
286,C17H11N+,1,17,302.1915,290.708223,296.078536878063,3.3036,low / skeletal
286,C17H11N+,1,17,308.7376,297.0055712,302.697912188321,0.8135,low / skeletal
286,C17H11N+,1,17,368.7265,354.714893,360.155907594858,1.4273,low / skeletal
286,C17H11N+,1,17,408.4553,392.9339986,397.50402150584,3.0067,low / skeletal
286,C17H11N+,1,17,441.601,424.820162,429.328542084404,0.8034,low / skeletal
286,C17H11N+,1,17,462.3627,444.7929174,448.751506774425,18.8173,low / skeletal
286,C17H11N+,1,17,465.7948,448.0945976,452.866423048043,0.2323,low / skeletal
286,C17H11N+,1,17,515.7674,496.1682388,500.215916439291,0.3134,low / skeletal
286,C17H11N+,1,17,519.0624,499.3380288,503.892289205876,1.0507,low / skeletal
286,C17H11N+,1,17,558.3209,537.1047058,540.875936234372,0.3967,low / skeletal
286,C17H11N+,1,17,559.8051,538.5325062,542.895407197396,13.4889,low / skeletal
286,C17H11N+,1,17,565.848,544.345776,548.053428867377,0.1261,low / skeletal
286,C17H11N+,1,17,600.6789,577.8531018,582.23870384535,0.2875,low / skeletal
286,C17H11N+,1,17,645.6887,621.1525294,625.260519095671,1.9122,low / skeletal
286,C17H11N+,1,17,676.4291,650.7247942,654.527960993765,7.6134,CH-oop
286,C17H11N+,1,17,721.4578,694.0424036,696.968182087684,6.5087,CH-oop
286,C17H11N+,1,17,743.6369,715.3786978,718.918849582562,1.5792,CH-oop
286,C17H11N+,1,17,773.7806,744.3769372,746.975290396985,1.4542,CH-oop
286,C17H11N+,1,17,790.0254,760.0044348,761.474570581903,45.221,CH-oop
286,C17H11N+,1,17,798.0917,767.7642154,770.650648000109,6.5156,CH-oop
286,C17H11N+,1,17,809.2483,778.4968646,780.19944060996,20.6988,CH-oop
286,C17H11N+,1,17,822.2722,791.0258564,793.836371892181,0.0251,CH-oop
286,C17H11N+,1,17,855.8067,823.2860454,824.844614220399,26.102,CH-oop
286,C17H11N+,1,17,894.3079,860.3241998,861.969320927509,7.6063,CH-oop
286,C17H11N+,1,17,913.5197,878.8059514,880.111628483593,10.9899,CH-oop
286,C17H11N+,1,17,915.5413,880.7507306,882.858401859115,3.7352,CH-oop
286,C17H11N+,1,17,948.2282,912.1955284,914.457343802282,0.6116,CH-oop
286,C17H11N+,1,17,958.6959,922.2654558,923.100845833117,29.6489,CH-oop
286,C17H11N+,1,17,994.0779,956.3029398,957.32854650825,0.8465,ring / CH-ip
286,C17H11N+,1,17,1005.0202,966.8294324,967.736883476355,2.9103,ring / CH-ip
286,C17H11N+,1,17,1025.7004,986.7237848,987.460263402423,8.2978,ring / CH-ip
286,C17H11N+,1,17,1034.8288,995.5053056,996.906428208979,11.1318,ring / CH-ip
286,C17H11N+,1,17,1037.2014,997.7877468,998.567787943812,0.1665,ring / CH-ip
286,C17H11N+,1,17,1060.4478,1020.1507836,1020.79674991689,0.2208,ring / CH-ip
286,C17H11N+,1,17,1062.9292,1022.5378904,1023.16997615444,0.1097,ring / CH-ip
286,C17H11N+,1,17,1068.573,1027.967226,1028.70969417726,7.4256,ring / CH-ip
286,C17H11N+,1,17,1080.4542,1039.3969404,1040.06462318674,8.8381,ring / CH-ip
286,C17H11N+,1,17,1138.2902,1095.0351724,1095.37594389383,9.8124,ring / CH-ip
286,C17H11N+,1,17,1172.5506,1127.9936772,1128.07628073389,2.4668,CH-ip-bend
286,C17H11N+,1,17,1206.6788,1160.8250056,1160.26031164876,28.2143,CH-ip-bend
286,C17H11N+,1,17,1238.4712,1191.4092944,1190.99215459158,0.7857,CH-ip-bend
286,C17H11N+,1,17,1242.2304,1195.0256448,1194.33842045799,26.3828,CH-ip-bend
286,C17H11N+,1,17,1252.8232,1205.2159184,1204.70418499672,15.614,CH-ip-bend
286,C17H11N+,1,17,1261.6715,1213.727983,1212.08012926258,90.2123,CH-ip-bend
286,C17H11N+,1,17,1287.4804,1238.5561448,1237.64078205431,37.9916,CH-ip-bend
286,C17H11N+,1,17,1313.9972,1264.0653064,1263.58006833678,0.2419,CC-stretch/CH-ip
286,C17H11N+,1,17,1333.1951,1282.5336862,1281.82731007194,9.4536,CC-stretch/CH-ip
286,C17H11N+,1,17,1343.1117,1292.0734554,1291.4051234176,2.177,CC-stretch/CH-ip
286,C17H11N+,1,17,1366.1622,1314.2480364,1311.88969585319,128.2549,CC-stretch/CH-ip
286,C17H11N+,1,17,1394.9047,1341.8983214,1336.09135109803,394.9843,CC-stretch/CH-ip
286,C17H11N+,1,17,1411.9086,1358.2560732,1356.96592772052,29.2603,CC-stretch/CH-ip
286,C17H11N+,1,17,1430.1177,1375.7732274,1374.03284414363,129.9519,CC-stretch/CH-ip
286,C17H11N+,1,17,1450.5508,1395.4298696,1393.67428693675,67.9971,CC-stretch/CH-ip
286,C17H11N+,1,17,1485.7085,1429.251577,1427.69335586748,2.3774,CC-stretch/CH-ip
286,C17H11N+,1,17,1496.5455,1439.676771,1437.92990144149,12.3536,CC-stretch/CH-ip
286,C17H11N+,1,17,1503.5585,1446.423277,1444.69470087931,7.4264,CC-stretch/CH-ip
286,C17H11N+,1,17,1535.8313,1477.4697106,1474.71325399456,81.8873,CC-stretch/CH-ip
286,C17H11N+,1,17,1551.6355,1492.673351,1490.89363999025,15.43,CC-stretch/CH-ip
286,C17H11N+,1,17,1553.5395,1494.504999,1492.49183767028,31.8594,CC-stretch/CH-ip
286,C17H11N+,1,17,1578.4677,1518.4859274,1516.71804663805,19.1747,CC-stretch
286,C17H11N+,1,17,1597.4692,1536.7653704,1533.97227798267,92.417,CC-stretch
286,C17H11N+,1,17,1611.522,1550.284164,1548.42337721149,31.9766,CC-stretch
286,C17H11N+,1,17,1628.0103,1566.1459086,1564.05131332006,62.8364,CC-stretch
286,C17H11N+,1,17,1642.6641,1580.2428642,1578.11614701922,50.8322,CC-stretch
286,C17H11N+,1,17,3199.3244,3077.7500728,3066.62056958936,0.6193,CH-stretch
286,C17H11N+,1,17,3204.4468,3082.6778216,3071.52637568463,0.1051,CH-stretch
286,C17H11N+,1,17,3209.0612,3087.1168744,3075.92824723299,1.0431,CH-stretch
286,C17H11N+,1,17,3212.625,3090.54525,3079.30352759069,3.5535,CH-stretch
286,C17H11N+,1,17,3212.873,3090.783826,3079.57978785659,0.691,CH-stretch
286,C17H11N+,1,17,3216.988,3094.742456,3083.46002961536,4.8983,CH-stretch
286,C17H11N+,1,17,3221.3654,3098.9535148,3087.63561507655,5.9085,CH-stretch
286,C17H11N+,1,17,3224.8728,3102.3276336,3091.00887660452,4.3991,CH-stretch
286,C17H11N+,1,17,3227.0463,3104.4185406,3093.13982872247,0.651,CH-stretch
286,C17H11N+,1,17,3239.7937,3116.6815394,3105.23752777369,7.9497,CH-stretch
286,C17H11N+,1,17,3242.6709,3119.4494058,3108.00724103203,6.6527,CH-stretch
149,C50H22,0,50,23.2425,22.359285,29.6095466580773,0.0004,low / skeletal
149,C50H22,0,50,27.9943,26.9305166,34.2782311552739,0.0949,low / skeletal
149,C50H22,0,50,53.1898,51.1685876,58.1780657886402,0.0291,low / skeletal
149,C50H22,0,50,60.3756,58.0813272,65.0345309454715,0.0194,low / skeletal
149,C50H22,0,50,80.0474,77.0055988,83.8092291829073,1.8268,low / skeletal
149,C50H22,0,50,91.6774,88.1936588,94.9089322174741,0.6374,low / skeletal
149,C50H22,0,50,99.6773,95.8895626,102.438284974993,0.1019,low / skeletal
149,C50H22,0,50,117.0804,112.6313448,119.113696769561,0.1064,low / skeletal
149,C50H22,0,50,130.2332,125.2843384,131.902412073705,0.431,low / skeletal
149,C50H22,0,50,134.0859,128.9906358,135.4249909608,0.2412,low / skeletal
149,C50H22,0,50,141.2322,135.8653764,142.269007131994,0.3169,low / skeletal
149,C50H22,0,50,165.2592,158.9793504,165.263681193738,0.2972,low / skeletal
149,C50H22,0,50,174.4615,167.831963,174.074352316994,0.0094,low / skeletal
149,C50H22,0,50,214.1497,206.0120114,212.28303350123,0.2219,low / skeletal
149,C50H22,0,50,226.1512,217.5574544,223.631704017271,0.755,low / skeletal
149,C50H22,0,50,237.029,228.021898,233.860359009213,0.3428,low / skeletal
149,C50H22,0,50,238.9861,229.9046282,235.968432037954,0.2441,low / skeletal
149,C50H22,0,50,261.209,251.283058,257.046807788405,0.7209,low / skeletal
149,C50H22,0,50,265.9514,255.8452468,261.919542140394,0.6907,low / skeletal
149,C50H22,0,50,278.013,267.448506,273.319678443298,0.267,low / skeletal
149,C50H22,0,50,300.4858,289.0673396,294.743311902051,0.0585,low / skeletal
149,C50H22,0,50,312.1549,300.2930138,306.002245354999,0.1257,low / skeletal
149,C50H22,0,50,324.0187,311.7059894,317.198416500165,0.3865,low / skeletal
149,C50H22,0,50,331.9951,319.3792862,324.775668799048,2.5521,low / skeletal
149,C50H22,0,50,338.971,326.090102,331.673456192335,0.2885,low / skeletal
149,C50H22,0,50,342.1693,329.1668666,334.527143394962,0.4698,low / skeletal
149,C50H22,0,50,354.522,341.050164,346.837594653769,0.0197,low / skeletal
149,C50H22,0,50,362.4787,348.7045094,354.1251155479,0.8127,low / skeletal
149,C50H22,0,50,380.6517,366.1869354,371.514812289581,0.0119,low / skeletal
149,C50H22,0,50,382.4664,367.9326768,373.429722710885,0.1701,low / skeletal
149,C50H22,0,50,396.958,381.873596,387.196992568863,0.0582,low / skeletal
149,C50H22,0,50,399.4603,384.2808086,389.8275202751,0.015,low / skeletal
149,C50H22,0,50,422.6581,406.5970922,411.664518753948,1.5659,low / skeletal
149,C50H22,0,50,445.9638,429.0171756,433.599180796648,1.5978,low / skeletal
149,C50H22,0,50,460.7874,443.2774788,448.001822512763,2.8871,low / skeletal
149,C50H22,0,50,479.3755,461.159231,465.525077452111,0.4873,low / skeletal
149,C50H22,0,50,480.9113,462.6366706,467.119765313312,1.2556,low / skeletal
149,C50H22,0,50,487.8912,469.3513344,474.137171259001,0.0541,low / skeletal
149,C50H22,0,50,492.5622,473.8448364,478.580316190379,0.5536,low / skeletal
149,C50H22,0,50,501.2284,482.1817208,486.427842839356,0.0648,low / skeletal
149,C50H22,0,50,512.6593,493.1782466,497.967300760356,0.0693,low / skeletal
149,C50H22,0,50,530.3133,510.1613946,514.331707617991,0.0006,low / skeletal
149,C50H22,0,50,534.0219,513.7290678,517.843222008692,1.2619,low / skeletal
149,C50H22,0,50,544.8085,524.105777,528.372063523951,1.6718,low / skeletal
149,C50H22,0,50,553.3826,532.3540612,536.359095819343,1.0575,low / skeletal
149,C50H22,0,50,562.7006,541.3179772,545.464717159566,2.5667,low / skeletal
149,C50H22,0,50,570.1591,548.4930542,552.443694340673,0.2375,low / skeletal
149,C50H22,0,50,582.4666,560.3328692,564.251153072665,0.2641,low / skeletal
149,C50H22,0,50,591.6354,569.1532548,573.099474420481,1.4522,low / skeletal
149,C50H22,0,50,599.6465,576.859933,580.645291383266,0.8352,low / skeletal
149,C50H22,0,50,603.5889,580.6525218,584.68446948279,2.5248,low / skeletal
149,C50H22,0,50,617.1931,593.7397622,597.649561939569,0.0249,low / skeletal
149,C50H22,0,50,625.3898,601.6249876,606.117277797437,0.4936,low / skeletal
149,C50H22,0,50,631.1315,607.148503,611.52381943637,0.5686,low / skeletal
149,C50H22,0,50,643.3235,618.877207,622.562060844981,0.1913,low / skeletal
149,C50H22,0,50,644.4833,619.9929346,623.596934364353,0.5166,low / skeletal
149,C50H22,0,50,646.0886,621.5372332,625.756407538283,0.0118,low / skeletal
149,C50H22,0,50,648.5926,623.9460812,626.788220184317,9.8226,low / skeletal
149,C50H22,0,50,661.1938,636.0684356,639.757808086755,7.0578,low / skeletal
149,C50H22,0,50,675.4861,649.8176282,653.807434793638,1.2872,CH-oop
149,C50H22,0,50,677.6123,651.8630326,655.462451943948,4.6754,CH-oop
149,C50H22,0,50,683.486,657.513532,660.773857103753,1.8832,CH-oop
149,C50H22,0,50,691.8734,665.5822108,669.212003919224,2.0454,CH-oop
149,C50H22,0,50,716.0798,688.8687676,692.004734552871,0.0154,CH-oop
149,C50H22,0,50,717.0546,689.8065252,693.189334837894,0.1909,CH-oop
149,C50H22,0,50,722.4329,694.9804498,698.442315633231,1.2745,CH-oop
149,C50H22,0,50,725.1828,697.6258536,700.575939970422,0.2535,CH-oop
149,C50H22,0,50,732.4502,704.6170924,707.873863107944,0.7547,CH-oop
149,C50H22,0,50,763.3206,734.3144172,737.78561637058,0.0019,CH-oop
149,C50H22,0,50,763.6888,734.6686256,737.972826057654,0.3554,CH-oop
149,C50H22,0,50,770.2824,741.0116688,743.842344880961,1.0003,CH-oop
149,C50H22,0,50,772.8588,743.4901656,745.4082471059,9.2072,CH-oop
149,C50H22,0,50,782.2316,752.5067992,754.967337417627,0.0868,CH-oop
149,C50H22,0,50,787.4856,757.5611472,754.078041603092,84.4208,CH-oop
149,C50H22,0,50,791.219,761.152678,757.051807222567,91.9276,CH-oop
149,C50H22,0,50,792.4702,762.3563324,764.57079132011,0.1381,CH-oop
149,C50H22,0,50,794.601,764.406162,766.381143517694,4.9033,CH-oop
149,C50H22,0,50,802.6097,772.1105314,772.390479522163,26.3546,CH-oop
149,C50H22,0,50,804.5565,773.983353,776.568492495797,0.0022,CH-oop
149,C50H22,0,50,809.3902,778.6333724,780.811374213518,4.1724,CH-oop
149,C50H22,0,50,831.1162,799.5337844,800.869813157927,9.6439,CH-oop
149,C50H22,0,50,840.8521,808.8997202,805.778206515981,73.4518,CH-oop
149,C50H22,0,50,843.0164,810.9817768,813.5266973869,5.1121,CH-oop
149,C50H22,0,50,846.7444,814.5681128,816.700023126029,0.1996,CH-oop
149,C50H22,0,50,852.8635,820.454687,823.338604833106,1.8785,CH-oop
149,C50H22,0,50,859.1567,826.5087454,828.644997659707,0.0761,CH-oop
149,C50H22,0,50,865.1217,832.2470754,833.951717802473,3.5492,CH-oop
149,C50H22,0,50,869.0755,836.050631,838.284193267042,2.311,CH-oop
149,C50H22,0,50,880.5446,847.0839052,849.759577325427,1.3475,CH-oop
149,C50H22,0,50,908.7064,874.1755568,875.640335522728,0.6187,CH-oop
149,C50H22,0,50,908.9948,874.4529976,875.779418176576,2.6936,CH-oop
149,C50H22,0,50,929.151,893.843262,895.984194088033,1.1912,CH-oop
149,C50H22,0,50,931.9458,896.5318596,899.056424606254,0.0389,CH-oop
149,C50H22,0,50,933.1783,897.7175246,899.074498297047,0.144,CH-oop
149,C50H22,0,50,933.4224,897.9523488,899.319149804738,0.0323,CH-oop
149,C50H22,0,50,946.0163,910.0676806,911.300066846568,0.8542,CH-oop
149,C50H22,0,50,954.4313,918.1629106,919.365190982982,17.163,CH-oop
149,C50H22,0,50,956.1675,919.833135,921.024369472723,0.2252,CH-oop
149,C50H22,0,50,972.6449,935.6843938,937.980990101561,1.717,CH-oop
149,C50H22,0,50,988.0221,950.4772602,951.519524836302,0.0039,ring / CH-ip
149,C50H22,0,50,997.2788,959.3822056,960.317409767579,0.6685,ring / CH-ip
149,C50H22,0,50,998.2611,960.3271782,961.17248928996,1.8719,ring / CH-ip
149,C50H22,0,50,1014.7362,976.1762244,976.946338615476,1.5871,ring / CH-ip
149,C50H22,0,50,1015.4016,976.8163392,977.678135689499,0.2095,ring / CH-ip
149,C50H22,0,50,1023.5134,984.6198908,985.353888083873,1.3997,ring / CH-ip
149,C50H22,0,50,1025.2076,986.2497112,987.034919741609,0.4902,ring / CH-ip
149,C50H22,0,50,1032.1632,992.9409984,995.15596270164,0.0003,ring / CH-ip
149,C50H22,0,50,1043.2378,1003.5947636,1005.460018515,0.4847,ring / CH-ip
149,C50H22,0,50,1047.9848,1008.1613776,1008.83048276976,0.2244,ring / CH-ip
149,C50H22,0,50,1048.1919,1008.3606078,1009.03155292049,0.2939,ring / CH-ip
149,C50H22,0,50,1069.9159,1029.2590958,1031.04101078057,0.4119,ring / CH-ip
149,C50H22,0,50,1072.5838,1031.8256156,1033.42792613588,0.0638,ring / CH-ip
149,C50H22,0,50,1095.9522,1054.3060164,1054.0635557684,13.991,ring / CH-ip
149,C50H22,0,50,1099.3243,1057.5499766,1058.0714479044,1.9679,ring / CH-ip
149,C50H22,0,50,1116.9661,1074.5213882,1075.46991420966,0.1835,ring / CH-ip
149,C50H22,0,50,1120.7931,1078.2029622,1078.89840023641,0.0936,ring / CH-ip
149,C50H22,0,50,1138.9113,1095.6326706,1095.82446033905,4.9146,ring / CH-ip
149,C50H22,0,50,1147.4194,1103.8174628,1104.12679934744,0.2223,CH-ip-bend
149,C50H22,0,50,1155.9954,1112.0675748,1112.47034087187,0.1889,CH-ip-bend
149,C50H22,0,50,1165.0728,1120.8000336,1120.81502025138,4.4051,CH-ip-bend
149,C50H22,0,50,1176.122,1131.429364,1131.68783284882,0.0957,CH-ip-bend
149,C50H22,0,50,1186.1221,1141.0494602,1141.12441673089,1.068,CH-ip-bend
149,C50H22,0,50,1199.6509,1154.0641658,1154.16025277887,0.6202,CH-ip-bend
149,C50H22,0,50,1210.0201,1164.0393362,1163.85006764174,1.3365,CH-ip-bend
149,C50H22,0,50,1215.8889,1169.6851218,1169.49051960923,4.2717,CH-ip-bend
149,C50H22,0,50,1218.4058,1172.1063796,1171.9419069917,0.0563,CH-ip-bend
149,C50H22,0,50,1235.7226,1188.7651412,1188.31581430005,1.2276,CH-ip-bend
149,C50H22,0,50,1237.9607,1190.9181934,1190.50230575513,0.2189,CH-ip-bend
149,C50H22,0,50,1243.2932,1196.0480584,1195.60549980832,1.5228,CH-ip-bend
149,C50H22,0,50,1254.8528,1207.1683936,1206.81747988415,0.8282,CH-ip-bend
149,C50H22,0,50,1263.277,1215.272474,1214.58627782547,3.0948,CH-ip-bend
149,C50H22,0,50,1265.4391,1217.3524142,1216.80898348386,0.7472,CH-ip-bend
149,C50H22,0,50,1272.9607,1224.5881934,1223.91869282405,2.3394,CH-ip-bend
149,C50H22,0,50,1281.119,1232.436478,1231.88294506765,0.0131,CH-ip-bend
149,C50H22,0,50,1285.313,1236.471106,1236.40438189097,0.0777,CH-ip-bend
149,C50H22,0,50,1296.0014,1246.7533468,1246.59050102138,0.2696,CH-ip-bend
149,C50H22,0,50,1313.3056,1263.3999872,1262.48279053603,5.6998,CC-stretch/CH-ip
149,C50H22,0,50,1327.4317,1276.9892954,1276.06304978721,5.4186,CC-stretch/CH-ip
149,C50H22,0,50,1337.1334,1286.3223308,1285.4271986191,3.7285,CC-stretch/CH-ip
149,C50H22,0,50,1338.474,1287.611988,1287.64046650348,0.8339,CC-stretch/CH-ip
149,C50H22,0,50,1339.3564,1288.4608568,1287.86959486405,0.0071,CC-stretch/CH-ip
149,C50H22,0,50,1342.4674,1291.4536388,1291.11955203391,3.0438,CC-stretch/CH-ip
149,C50H22,0,50,1346.1463,1294.9927406,1294.07399088626,4.0082,CC-stretch/CH-ip
149,C50H22,0,50,1360.451,1308.753862,1308.16138749272,3.9063,CC-stretch/CH-ip
149,C50H22,0,50,1371.4108,1319.2971896,1319.28631428256,4.2938,CC-stretch/CH-ip
149,C50H22,0,50,1373.4799,1321.2876638,1321.19844757804,0.1579,CC-stretch/CH-ip
149,C50H22,0,50,1375.1564,1322.9004568,1323.54387401554,0.522,CC-stretch/CH-ip
149,C50H22,0,50,1377.0461,1324.7183482,1324.69222175614,4.4168,CC-stretch/CH-ip
149,C50H22,0,50,1380.948,1328.471976,1327.61669530099,5.0049,CC-stretch/CH-ip
149,C50H22,0,50,1384.222,1331.621564,1331.46778778517,0.0989,CC-stretch/CH-ip
149,C50H22,0,50,1384.368,1331.762016,1330.92427365947,11.1055,CC-stretch/CH-ip
149,C50H22,0,50,1389.3108,1336.5169896,1336.63609742612,2.6258,CC-stretch/CH-ip
149,C50H22,0,50,1400.2928,1347.0816736,1346.22813934573,2.2811,CC-stretch/CH-ip
149,C50H22,0,50,1408.6135,1355.086187,1355.02587114156,1.4843,CC-stretch/CH-ip
149,C50H22,0,50,1424.192,1370.072704,1369.87723613422,0.0325,CC-stretch/CH-ip
149,C50H22,0,50,1431.3542,1376.9627404,1375.67236082045,9.1753,CC-stretch/CH-ip
149,C50H22,0,50,1437.8102,1383.1734124,1382.31530971842,2.0082,CC-stretch/CH-ip
149,C50H22,0,50,1453.4385,1398.207837,1396.31794648509,13.7307,CC-stretch/CH-ip
149,C50H22,0,50,1456.7258,1401.3702196,1398.55299307067,24.4457,CC-stretch/CH-ip
149,C50H22,0,50,1465.0634,1409.3909908,1408.22167451086,0.2279,CC-stretch/CH-ip
149,C50H22,0,50,1488.8898,1432.3119876,1431.07008946822,2.7034,CC-stretch/CH-ip
149,C50H22,0,50,1489.2652,1432.6731224,1430.99987622915,3.9222,CC-stretch/CH-ip
149,C50H22,0,50,1504.6583,1447.4812846,1445.8430038397,2.6668,CC-stretch/CH-ip
149,C50H22,0,50,1507.9045,1450.604129,1449.30056762055,1.2804,CC-stretch/CH-ip
149,C50H22,0,50,1516.0355,1458.426151,1456.86692295785,2.1468,CC-stretch/CH-ip
149,C50H22,0,50,1525.5721,1467.6003602,1465.73145138778,3.7102,CC-stretch/CH-ip
149,C50H22,0,50,1527.6305,1469.580541,1467.42634041185,8.4732,CC-stretch/CH-ip
149,C50H22,0,50,1529.0863,1470.9810206,1466.26855669731,44.8809,CC-stretch/CH-ip
149,C50H22,0,50,1541.1832,1482.6182384,1480.27334747936,10.45,CC-stretch/CH-ip
149,C50H22,0,50,1544.3235,1485.639207,1483.90541495891,0.598,CC-stretch/CH-ip
149,C50H22,0,50,1563.3838,1503.9752156,1501.83147327921,7.005,CC-stretch
149,C50H22,0,50,1567.8546,1508.2761252,1506.96448532569,0.139,CC-stretch
149,C50H22,0,50,1575.6242,1515.7504804,1514.06091085058,2.8687,CC-stretch
149,C50H22,0,50,1594.6979,1534.0993798,1531.75858674132,9.8746,CC-stretch
149,C50H22,0,50,1596.9038,1536.2214556,1534.59244186824,0.6096,CC-stretch
149,C50H22,0,50,1625.0048,1563.2546176,1561.66902539357,0.8503,CC-stretch
149,C50H22,0,50,1625.8602,1564.0775124,1563.17472568443,0.449,CC-stretch
149,C50H22,0,50,1628.0694,1566.2027628,1565.16450373799,0.2944,CC-stretch
149,C50H22,0,50,1628.6225,1566.734845,1565.67336044318,0.0255,CC-stretch
149,C50H22,0,50,1633.677,1571.597274,1570.47207834231,3.8439,CC-stretch
149,C50H22,0,50,1644.868,1582.363016,1579.39441671849,17.0503,CC-stretch
149,C50H22,0,50,1645.165,1582.64873,1581.08204131437,2.9808,CC-stretch
149,C50H22,0,50,1648.819,1586.163878,1584.98735344678,0.6132,CC-stretch
149,C50H22,0,50,1651.3585,1588.606877,1587.54783123992,0.4633,CC-stretch
149,C50H22,0,50,1652.0319,1589.2546878,1587.13627872047,7.8324,CC-stretch
149,C50H22,0,50,3188.1513,3067.0015506,3055.93062838188,0.1079,CH-stretch
149,C50H22,0,50,3188.1651,3067.0148262,3055.89414943406,0.8219,CH-stretch
149,C50H22,0,50,3192.0772,3070.7782664,3057.40562495164,32.8924,CH-stretch
149,C50H22,0,50,3192.2784,3070.9718208,3059.26337173078,8.9625,CH-stretch
149,C50H22,0,50,3192.397,3071.085914,3057.81778407534,31.369,CH-stretch
149,C50H22,0,50,3194.2658,3072.8836996,3059.62342188016,31.1179,CH-stretch
149,C50H22,0,50,3204.2337,3082.4728194,3066.48427801554,69.5718,CH-stretch
149,C50H22,0,50,3204.387,3082.620294,3070.09344141698,19.8075,CH-stretch
149,C50H22,0,50,3209.2745,3087.322069,3076.05996482395,1.2364,CH-stretch
149,C50H22,0,50,3217.2705,3095.014221,3083.74182810312,0.8011,CH-stretch
149,C50H22,0,50,3218.6895,3096.379299,3084.30158047906,12.2738,CH-stretch
149,C50H22,0,50,3220.9105,3098.515901,3087.27583720629,0.0536,CH-stretch
149,C50H22,0,50,3223.0715,3100.594783,3089.09540004855,3.6284,CH-stretch
149,C50H22,0,50,3231.2713,3108.4829906,3095.02941976447,31.0225,CH-stretch
149,C50H22,0,50,3233.5993,3110.7225266,3098.49465971998,13.2499,CH-stretch
149,C50H22,0,50,3235.3924,3112.4474888,3096.8134153823,62.0704,CH-stretch
149,C50H22,0,50,3236.8635,3113.862687,3101.3771592643,16.7023,CH-stretch
149,C50H22,0,50,3237.7676,3114.7324312,3102.59554320705,11.6341,CH-stretch
149,C50H22,0,50,3240.123,3116.998326,3104.60589552519,15.1005,CH-stretch
149,C50H22,0,50,3240.6203,3117.4767286,3100.98331282216,74.0101,CH-stretch
149,C50H22,0,50,3249.2068,3125.7369416,3113.18829695019,16.6559,CH-stretch
149,C50H22,0,50,3249.5318,3126.0495916,3113.15649062884,21.5844,CH-stretch
343,C20H12,0,20,51.1529,49.2090898,56.0967151068703,0.0049,low / skeletal
343,C20H12,0,20,130.1263,125.1815006,131.529239125972,2.659,low / skeletal
343,C20H12,0,20,228.8373,220.1414826,225.709589366752,1.7822,low / skeletal
343,C20H12,0,20,262.2616,252.2956592,258.071068192702,0.2982,low / skeletal
343,C20H12,0,20,287.8291,276.8915942,282.389763024124,0.5194,low / skeletal
343,C20H12,0,20,350.8215,337.490283,342.996752727729,0.2762,low / skeletal
343,C20H12,0,20,396.5746,381.5047652,386.717928643587,0.7942,low / skeletal
343,C20H12,0,20,422.2893,406.2423066,411.563070213263,0.002,low / skeletal
343,C20H12,0,20,446.5544,429.5853328,433.937536661142,0.7218,low / skeletal
343,C20H12,0,20,469.9936,452.1338432,457.165268663922,0.4517,low / skeletal
343,C20H12,0,20,511.4742,492.0381804,496.112340735294,0.5726,low / skeletal
343,C20H12,0,20,529.6356,509.5094472,513.718622563655,1.0786,low / skeletal
343,C20H12,0,20,581.6935,559.589147,563.770346355504,4.7835,low / skeletal
343,C20H12,0,20,588.0528,565.7067936,569.704716642856,0.3828,low / skeletal
343,C20H12,0,20,594.0113,571.4388706,574.580810889085,6.4765,low / skeletal
343,C20H12,0,20,648.504,623.860848,628.174025272609,0.0079,low / skeletal
343,C20H12,0,20,679.7919,653.9598078,657.596858910908,3.3555,CH-oop
343,C20H12,0,20,734.5444,706.6317128,708.803226418717,6.6429,CH-oop
343,C20H12,0,20,744.4608,716.1712896,719.650462437616,0.0332,CH-oop
343,C20H12,0,20,783.4778,753.7056436,749.596446466296,92.4956,CH-oop
343,C20H12,0,20,805.6803,775.0644486,776.590118467089,8.4341,CH-oop
343,C20H12,0,20,810.2041,779.4163442,782.29756217128,1.7534,CH-oop
343,C20H12,0,20,814.0509,783.1169658,786.088078846962,0.1262,CH-oop
343,C20H12,0,20,868.3863,835.3876206,832.549394228805,68.5428,CH-oop
343,C20H12,0,20,908.1114,873.6031668,876.181712642959,0.2076,CH-oop
343,C20H12,0,20,937.9642,902.3215604,903.219641117913,6.4538,CH-oop
343,C20H12,0,20,979.8979,942.6617798,943.725553021048,0.2161,CH-oop
343,C20H12,0,20,988.2374,950.6843788,952.629383167198,0.9583,ring / CH-ip
343,C20H12,0,20,1015.8646,977.2617452,978.014387760155,1.7872,ring / CH-ip
343,C20H12,0,20,1042.3734,1002.7632108,1004.88851973567,0.3671,ring / CH-ip
343,C20H12,0,20,1082.3126,1041.1847212,1041.97824121371,3.3824,ring / CH-ip
343,C20H12,0,20,1116.6253,1074.1935386,1074.70921412298,0.6039,ring / CH-ip
343,C20H12,0,20,1124.2549,1081.5332138,1082.31704608876,0.7781,ring / CH-ip
343,C20H12,0,20,1134.4567,1091.3473454,1091.78805777183,0.2233,ring / CH-ip
343,C20H12,0,20,1156.6836,1112.7296232,1112.70891120639,2.9819,CH-ip-bend
343,C20H12,0,20,1210.9596,1164.9431352,1164.62132761974,2.0517,CH-ip-bend
343,C20H12,0,20,1213.7997,1167.6753114,1167.31490811689,2.0533,CH-ip-bend
343,C20H12,0,20,1235.382,1188.437484,1188.03613146807,0.0333,CH-ip-bend
343,C20H12,0,20,1255.8829,1208.1593498,1207.40704719027,4.0832,CH-ip-bend
343,C20H12,0,20,1259.4631,1211.6035022,1211.1285945713,0.9081,CH-ip-bend
343,C20H12,0,20,1267.4136,1219.2518832,1219.15432873993,0.025,CH-ip-bend
343,C20H12,0,20,1302.639,1253.138718,1252.48280714096,0.2333,CC-stretch/CH-ip
343,C20H12,0,20,1306.2195,1256.583159,1256.27185068117,0.585,CC-stretch/CH-ip
343,C20H12,0,20,1331.4256,1280.8314272,1279.95865078217,1.7339,CC-stretch/CH-ip
343,C20H12,0,20,1353.7987,1302.3543494,1302.39746294731,0.1729,CC-stretch/CH-ip
343,C20H12,0,20,1371.7568,1319.6300416,1318.57810448055,4.1075,CC-stretch/CH-ip
343,C20H12,0,20,1374.8712,1322.6260944,1321.86245328907,4.4653,CC-stretch/CH-ip
343,C20H12,0,20,1381.8456,1329.3354672,1329.23019634789,2.5241,CC-stretch/CH-ip
343,C20H12,0,20,1411.6795,1358.035679,1357.90213879304,0.4202,CC-stretch/CH-ip
343,C20H12,0,20,1455.6545,1400.339629,1399.42378764402,1.4752,CC-stretch/CH-ip
343,C20H12,0,20,1467.5389,1411.7724218,1409.44600380787,14.829,CC-stretch/CH-ip
343,C20H12,0,20,1494.0156,1437.2430072,1435.5206257321,0.9206,CC-stretch/CH-ip
343,C20H12,0,20,1502.1849,1445.1018738,1442.90746774429,9.1595,CC-stretch/CH-ip
343,C20H12,0,20,1529.6061,1471.4810682,1468.61249921344,18.9516,CC-stretch/CH-ip
343,C20H12,0,20,1536.6256,1478.2338272,1476.62807693686,0.0292,CC-stretch/CH-ip
343,C20H12,0,20,1564.3581,1504.9124922,1503.10810776477,0.2032,CC-stretch
343,C20H12,0,20,1577.6857,1517.7336434,1515.74877916141,4.0335,CC-stretch
343,C20H12,0,20,1624.2184,1562.4981008,1560.87535314408,0.024,CC-stretch
343,C20H12,0,20,1635.4808,1573.3325296,1572.06958682101,2.3298,CC-stretch
343,C20H12,0,20,1650.0327,1587.3314574,1585.80569214407,0.7374,CC-stretch
343,C20H12,0,20,3176.9782,3056.2530284,3045.10253961207,2.1863,CH-stretch
343,C20H12,0,20,3182.7988,3061.8524456,3050.53564711924,4.1944,CH-stretch
343,C20H12,0,20,3183.1662,3062.2058844,3051.10782690742,0.9162,CH-stretch
343,C20H12,0,20,3187.4505,3066.327381,3055.15299779367,1.7027,CH-stretch
343,C20H12,0,20,3198.8074,3077.2527188,3065.9786282034,2.3462,CH-stretch
343,C20H12,0,20,3201.2834,3079.6346308,3062.11674003216,94.7913,CH-stretch
343,C20H12,0,20,3201.7078,3080.0429036,3065.01455459416,57.8147,CH-stretch
343,C20H12,0,20,3204.9462,3083.1582444,3072.00766213837,0.0012,CH-stretch
343,C20H12,0,20,3218.6642,3096.3549604,3085.04769111405,1.2407,CH-stretch
343,C20H12,0,20,3222.3887,3099.9379294,3088.38616849086,4.5878,CH-stretch
343,C20H12,0,20,3236.9245,3113.921369,3098.91637903056,54.6209,CH-stretch
343,C20H12,0,20,3239.3377,3116.2428674,3103.36458469814,22.8697,CH-stretch
833,C21H13N,0,21,44.9791,43.2698942,50.1036585512522,0.4416,low / skeletal
833,C21H13N,0,21,59.2126,56.9625212,63.7670141129338,0.1332,low / skeletal
833,C21H13N,0,21,89.4877,86.0871674,92.6090679247984,1.66,low / skeletal
833,C21H13N,0,21,109.6676,105.5002312,111.868761635465,0.1853,low / skeletal
833,C21H13N,0,21,155.1874,149.2902788,155.680274294014,0.4582,low / skeletal
833,C21H13N,0,21,175.0949,168.4412938,174.790896811179,0.0027,low / skeletal
833,C21H13N,0,21,234.8092,225.8864504,231.611290708294,1.1163,low / skeletal
833,C21H13N,0,21,244.1454,234.8678748,240.763682576924,0.3908,low / skeletal
833,C21H13N,0,21,303.5244,291.9904728,297.279982160346,0.5197,low / skeletal
833,C21H13N,0,21,330.7924,318.2222888,323.660780510365,0.0126,low / skeletal
833,C21H13N,0,21,332.4596,319.8261352,325.273738911731,1.2428,low / skeletal
833,C21H13N,0,21,348.9691,335.7082742,341.290508481342,0.258,low / skeletal
833,C21H13N,0,21,420.5806,404.5985372,409.759178098959,1.2125,low / skeletal
833,C21H13N,0,21,436.7934,420.1952508,424.738879617177,0.001,low / skeletal
833,C21H13N,0,21,456.244,438.906728,442.951300200788,3.9242,low / skeletal
833,C21H13N,0,21,469.4165,451.578673,455.873808092352,0.0227,low / skeletal
833,C21H13N,0,21,470.0192,452.1584704,456.83045487762,1.3698,low / skeletal
833,C21H13N,0,21,496.0556,477.2054872,480.914756659882,3.3083,low / skeletal
833,C21H13N,0,21,572.9569,551.1845378,554.743998707798,1.7463,low / skeletal
833,C21H13N,0,21,578.1515,556.181743,560.749539171179,0.1801,low / skeletal
833,C21H13N,0,21,581.1283,559.0454246,562.195224315024,5.2033,low / skeletal
833,C21H13N,0,21,595.1738,572.5571956,576.064269286148,1.5845,low / skeletal
833,C21H13N,0,21,605.8011,582.7806582,586.396786232857,8.2322,low / skeletal
833,C21H13N,0,21,633.0633,609.0068946,612.826132177491,0.9991,low / skeletal
833,C21H13N,0,21,656.6449,631.6923938,635.212537255536,5.4617,low / skeletal
833,C21H13N,0,21,659.3461,634.2909482,638.381251316791,0.5135,low / skeletal
833,C21H13N,0,21,716.8163,689.5772806,693.164198286078,1.2803,CH-oop
833,C21H13N,0,21,729.6895,701.961299,705.340730665084,1.3738,CH-oop
833,C21H13N,0,21,736.4826,708.4962612,711.171325274819,0.0029,CH-oop
833,C21H13N,0,21,757.9499,729.1478038,726.504082762173,47.8158,CH-oop
833,C21H13N,0,21,784.4269,754.6186778,756.741974870603,0.0615,CH-oop
833,C21H13N,0,21,786.7017,756.8070354,759.920264159123,0.9798,CH-oop
833,C21H13N,0,21,798.2631,767.9291022,764.333960004787,53.8305,CH-oop
833,C21H13N,0,21,806.7686,776.1113932,771.731253211268,60.4292,CH-oop
833,C21H13N,0,21,821.527,790.308974,792.448982512266,0.0242,CH-oop
833,C21H13N,0,21,845.6298,813.4958676,816.000102925429,2.0871,CH-oop
833,C21H13N,0,21,853.7382,821.2961484,822.739298537974,5.3329,CH-oop
833,C21H13N,0,21,903.6455,869.306971,870.358875538997,4.618,CH-oop
833,C21H13N,0,21,904.7252,870.3456424,871.415172167846,4.1553,CH-oop
833,C21H13N,0,21,922.9089,887.8383618,889.289545483215,0.7546,CH-oop
833,C21H13N,0,21,931.0277,895.6486474,898.105806627434,0.8144,CH-oop
833,C21H13N,0,21,953.9684,917.7176008,917.807976850422,11.5375,CH-oop
833,C21H13N,0,21,980.4031,943.1477822,944.087774559722,1.2691,CH-oop
833,C21H13N,0,21,1001.8924,963.8204888,965.642826680323,2.2441,ring / CH-ip
833,C21H13N,0,21,1003.346,965.218852,966.069920456619,0.8844,ring / CH-ip
833,C21H13N,0,21,1006.1839,967.9489118,968.380629867334,4.6456,ring / CH-ip
833,C21H13N,0,21,1041.1365,1001.573313,1002.30178989493,0.0446,ring / CH-ip
833,C21H13N,0,21,1046.8154,1007.0364148,1007.69782820841,0.3823,ring / CH-ip
833,C21H13N,0,21,1047.4396,1007.6368952,1008.90625169446,1.4602,ring / CH-ip
833,C21H13N,0,21,1048.5941,1008.7475242,1009.71902182652,1.1827,ring / CH-ip
833,C21H13N,0,21,1077.7739,1036.8184918,1036.92526985784,10.6134,ring / CH-ip
833,C21H13N,0,21,1096.5923,1054.9217926,1055.03783254367,4.4803,ring / CH-ip
833,C21H13N,0,21,1107.2912,1065.2141344,1065.80316754094,0.0089,ring / CH-ip
833,C21H13N,0,21,1153.348,1109.520776,1109.8368056004,0.818,CH-ip-bend
833,C21H13N,0,21,1176.2877,1131.5887674,1131.63217840702,0.5491,CH-ip-bend
833,C21H13N,0,21,1183.4492,1138.4781304,1137.9569351267,5.059,CH-ip-bend
833,C21H13N,0,21,1217.2122,1170.9581364,1170.54808446919,1.3039,CH-ip-bend
833,C21H13N,0,21,1231.2484,1184.4609608,1183.81912308012,2.4664,CH-ip-bend
833,C21H13N,0,21,1239.4807,1192.3804334,1191.78009755433,1.6865,CH-ip-bend
833,C21H13N,0,21,1260.9058,1212.9913796,1212.48668186046,1.7694,CH-ip-bend
833,C21H13N,0,21,1269.772,1221.520664,1221.19390684936,0.1566,CH-ip-bend
833,C21H13N,0,21,1290.8188,1241.7676856,1241.11065423644,2.0384,CH-ip-bend
833,C21H13N,0,21,1299.4752,1250.0951424,1249.26183526314,2.4042,CH-ip-bend
833,C21H13N,0,21,1315.694,1265.697628,1264.89262436785,5.1786,CC-stretch/CH-ip
833,C21H13N,0,21,1356.3157,1304.7757034,1303.93581542429,3.9686,CC-stretch/CH-ip
833,C21H13N,0,21,1365.2089,1313.3309618,1312.25783913228,4.4929,CC-stretch/CH-ip
833,C21H13N,0,21,1369.8947,1317.8387014,1316.58538109499,4.1669,CC-stretch/CH-ip
833,C21H13N,0,21,1373.9728,1321.7618336,1320.99221134026,1.1973,CC-stretch/CH-ip
833,C21H13N,0,21,1392.9333,1340.0018346,1337.86283614246,16.4622,CC-stretch/CH-ip
833,C21H13N,0,21,1400.865,1347.63213,1346.39234140165,3.5705,CC-stretch/CH-ip
833,C21H13N,0,21,1431.2174,1376.8311388,1374.80184149747,14.1608,CC-stretch/CH-ip
833,C21H13N,0,21,1458.765,1403.33193,1396.93274897273,49.0311,CC-stretch/CH-ip
833,C21H13N,0,21,1503.7573,1446.6145226,1444.62698677023,3.8058,CC-stretch/CH-ip
833,C21H13N,0,21,1509.2916,1451.9385192,1448.89984138444,13.4171,CC-stretch/CH-ip
833,C21H13N,0,21,1523.761,1465.858082,1463.76871422011,4.3588,CC-stretch/CH-ip
833,C21H13N,0,21,1533.0474,1474.7915988,1472.96548225171,1.1897,CC-stretch/CH-ip
833,C21H13N,0,21,1554.7996,1495.7172152,1491.98383906395,18.2557,CC-stretch/CH-ip
833,C21H13N,0,21,1561.6603,1502.3172086,1496.93393464894,34.2309,CC-stretch/CH-ip
833,C21H13N,0,21,1596.9897,1536.3040914,1534.38837798077,6.5343,CC-stretch
833,C21H13N,0,21,1616.8553,1555.4147986,1553.77734919563,2.7165,CC-stretch
833,C21H13N,0,21,1632.6991,1570.6565342,1569.24414634349,1.0856,CC-stretch
833,C21H13N,0,21,1644.8976,1582.3914912,1579.01751650344,19.3109,CC-stretch
833,C21H13N,0,21,3178.9237,3058.1245994,3046.65861639026,4.2089,CH-stretch
833,C21H13N,0,21,3186.3998,3065.3166076,3053.94064101931,2.9939,CH-stretch
833,C21H13N,0,21,3188.328,3067.171536,3055.91527720211,1.7832,CH-stretch
833,C21H13N,0,21,3193.9624,3072.5918288,3060.35233693328,10.6553,CH-stretch
833,C21H13N,0,21,3200.7559,3079.1271758,3063.97768957368,37.3642,CH-stretch
833,C21H13N,0,21,3204.5094,3082.7380428,3068.26947407786,30.8522,CH-stretch
833,C21H13N,0,21,3208.7407,3086.8085534,3075.41185318212,2.0959,CH-stretch
833,C21H13N,0,21,3210.5642,3088.5627604,3073.26241998473,38.2968,CH-stretch
833,C21H13N,0,21,3220.4048,3098.0294176,3086.78838727015,0.0746,CH-stretch
833,C21H13N,0,21,3226.942,3104.318204,3090.03067405747,28.0667,CH-stretch
833,C21H13N,0,21,3227.5341,3104.8878042,3089.71584244401,36.2371,CH-stretch
833,C21H13N,0,21,3238.4973,3115.4344026,3100.05156377032,37.6419,CH-stretch
833,C21H13N,0,21,3242.0477,3118.8498874,3105.96292602542,14.2773,CH-stretch
154,C36H16,0,36,35.4369,34.0902978,41.3231312311343,0.1471,low / skeletal
154,C36H16,0,36,49.7417,47.8515154,54.9115814740808,0.052,low / skeletal
154,C36H16,0,36,112.3159,108.0478958,114.534097594643,3.0723,low / skeletal
154,C36H16,0,36,160.6616,154.5564592,160.847811583629,0.2526,low / skeletal
154,C36H16,0,36,189.2411,182.0499382,188.148296598235,0.2536,low / skeletal
154,C36H16,0,36,202.2023,194.5186126,200.797928558575,1.6226,low / skeletal
154,C36H16,0,36,262.3143,252.3463566,258.028275263863,3.5196,low / skeletal
154,C36H16,0,36,327.8854,315.4257548,320.739588075478,0.5088,low / skeletal
154,C36H16,0,36,371.3878,357.2750636,362.385473233827,0.326,low / skeletal
154,C36H16,0,36,397.3958,382.2947596,387.752491953441,0.9962,low / skeletal
154,C36H16,0,36,428.2184,411.9461008,417.098411430338,0.9937,low / skeletal
154,C36H16,0,36,466.7426,449.0063812,453.635611940291,3.8594,low / skeletal
154,C36H16,0,36,484.3667,465.9607654,470.294464220711,0.7748,low / skeletal
154,C36H16,0,36,513.3308,493.8242296,498.522882788877,0.3952,low / skeletal
154,C36H16,0,36,550.3004,529.3889848,533.267258934258,1.0569,low / skeletal
154,C36H16,0,36,560.8964,539.5823368,543.340272670788,5.8404,low / skeletal
154,C36H16,0,36,561.9565,540.602153,545.031087150094,2.8287,low / skeletal
154,C36H16,0,36,585.5676,563.3160312,567.126095363788,0.0567,low / skeletal
154,C36H16,0,36,598.3727,575.6345374,579.246113342795,5.039,low / skeletal
154,C36H16,0,36,606.937,583.873394,587.640037692249,6.2276,low / skeletal
154,C36H16,0,36,674.045,648.43129,652.397745166493,1.3403,CH-oop
154,C36H16,0,36,690.6557,664.4107834,668.268617179699,0.0559,CH-oop
154,C36H16,0,36,699.852,673.257624,676.316003078092,0.8895,CH-oop
154,C36H16,0,36,743.3292,715.0826904,717.594423474881,16.5938,CH-oop
154,C36H16,0,36,781.6728,751.9692336,753.299051727735,23.0994,CH-oop
154,C36H16,0,36,783.0073,753.2530226,756.449642324381,3.0132,CH-oop
154,C36H16,0,36,790.0114,759.9909668,763.053897937017,1.3707,CH-oop
154,C36H16,0,36,805.0019,774.4118278,776.779409617604,2.936,CH-oop
154,C36H16,0,36,827.9371,796.4754902,798.234484268984,7.934,CH-oop
154,C36H16,0,36,836.2127,804.4366174,803.149064223147,76.4324,CH-oop
154,C36H16,0,36,853.1938,820.7724356,823.789075764751,1.5038,CH-oop
154,C36H16,0,36,865.2649,832.3848338,833.282933012013,24.1975,CH-oop
154,C36H16,0,36,928.3923,893.1133926,892.392858825452,50.4892,CH-oop
154,C36H16,0,36,936.2311,900.6543182,900.181617352007,43.5914,CH-oop
154,C36H16,0,36,958.6592,922.2301504,924.352801242674,3.9469,CH-oop
154,C36H16,0,36,995.2708,957.4505096,959.581308319175,3.2257,ring / CH-ip
154,C36H16,0,36,1001.3036,963.2540632,964.065823947055,3.5213,ring / CH-ip
154,C36H16,0,36,1012.5216,974.0457792,974.896417344424,0.8134,ring / CH-ip
154,C36H16,0,36,1023.0434,984.1677508,984.999531782577,0.1362,ring / CH-ip
154,C36H16,0,36,1040.5443,1001.0036166,1002.66741680605,5.3994,ring / CH-ip
154,C36H16,0,36,1128.2424,1085.3691888,1085.86441616699,2.552,ring / CH-ip
154,C36H16,0,36,1162.2815,1118.114803,1118.2540467575,3.3023,CH-ip-bend
154,C36H16,0,36,1203.8092,1158.0644504,1157.88899093466,2.6243,CH-ip-bend
154,C36H16,0,36,1218.9302,1172.6108524,1172.21067841116,4.1686,CH-ip-bend
154,C36H16,0,36,1235.6469,1188.6923178,1188.29330124134,3.915,CH-ip-bend
154,C36H16,0,36,1241.0805,1193.919441,1193.69577865035,1.384,CH-ip-bend
154,C36H16,0,36,1265.1446,1217.0691052,1216.20282737931,10.2858,CH-ip-bend
154,C36H16,0,36,1292.0132,1242.9166984,1242.27223821412,2.5761,CH-ip-bend
154,C36H16,0,36,1314.7553,1264.7945986,1264.26568103134,3.3264,CC-stretch/CH-ip
154,C36H16,0,36,1338.042,1287.196404,1286.61052724361,6.1529,CC-stretch/CH-ip
154,C36H16,0,36,1371.5214,1319.4035868,1318.27796397934,16.3724,CC-stretch/CH-ip
154,C36H16,0,36,1386.4452,1333.7602824,1333.42717100348,0.6492,CC-stretch/CH-ip
154,C36H16,0,36,1388.3464,1335.5892368,1334.87989497702,3.4285,CC-stretch/CH-ip
154,C36H16,0,36,1406.6509,1353.1981658,1352.92183444059,2.0144,CC-stretch/CH-ip
154,C36H16,0,36,1430.4652,1376.1075224,1375.50588091076,3.3737,CC-stretch/CH-ip
154,C36H16,0,36,1450.582,1395.459884,1395.04265657405,1.4204,CC-stretch/CH-ip
154,C36H16,0,36,1484.2121,1427.8120402,1426.48996216803,1.1088,CC-stretch/CH-ip
154,C36H16,0,36,1485.4349,1428.9883738,1426.98648209445,18.3913,CC-stretch/CH-ip
154,C36H16,0,36,1500.2192,1443.2108704,1441.65018363773,6.0334,CC-stretch/CH-ip
154,C36H16,0,36,1533.9804,1475.6891448,1473.6944938801,9.4964,CC-stretch/CH-ip
154,C36H16,0,36,1545.7759,1487.0364158,1485.25122043981,4.3992,CC-stretch/CH-ip
154,C36H16,0,36,1580.5877,1520.5253674,1519.10821117707,3.2416,CC-stretch
154,C36H16,0,36,1604.2567,1543.2949454,1542.6642965146,4.4051,CC-stretch
154,C36H16,0,36,1641.0901,1578.7286762,1576.66166887259,10.9469,CC-stretch
154,C36H16,0,36,1652.3597,1589.5700314,1588.25092672755,1.79,CC-stretch
154,C36H16,0,36,3175.3829,3054.7183498,3043.50354547364,5.3002,CH-stretch
154,C36H16,0,36,3177.9632,3057.2005984,3045.66978944343,12.5322,CH-stretch
154,C36H16,0,36,3183.1,3062.1422,3051.08026019311,0.628,CH-stretch
154,C36H16,0,36,3183.9791,3062.9878942,3049.9378667753,48.1417,CH-stretch
154,C36H16,0,36,3198.7978,3077.2434836,3062.99600954926,74.9863,CH-stretch
154,C36H16,0,36,3201.6326,3079.9705612,3062.63093550271,148.6147,CH-stretch
154,C36H16,0,36,3218.1858,3095.8947396,3084.41394588703,6.229,CH-stretch
154,C36H16,0,36,3235.6284,3112.6745208,3097.27539874108,97.7346,CH-stretch
291,C18H12,0,18,50.2987,48.3873494,55.3134268132997,0.1319,low / skeletal
291,C18H12,0,18,78.9219,75.9228678,82.5370962894267,0.2073,low / skeletal
291,C18H12,0,18,192.9053,185.5748986,191.715513469712,0.4874,low / skeletal
291,C18H12,0,18,242.3937,233.1827394,238.513953786206,4.3677,low / skeletal
291,C18H12,0,18,301.3039,289.8543518,295.321521375405,0.1244,low / skeletal
291,C18H12,0,18,449.3325,432.257865,436.092636233698,7.9563,low / skeletal
291,C18H12,0,18,501.1772,482.1324664,486.027766418036,8.4439,low / skeletal
291,C18H12,0,18,562.0723,540.7135526,544.930362843397,2.1132,low / skeletal
291,C18H12,0,18,578.0447,556.0790014,559.609384489734,2.3344,low / skeletal
291,C18H12,0,18,595.7221,573.0846602,577.616079792706,0.7904,low / skeletal
291,C18H12,0,18,604.6431,581.6666622,584.811439182859,4.9177,low / skeletal
291,C18H12,0,18,715.1102,687.9360124,690.732553783196,11.0148,CH-oop
291,C18H12,0,18,764.4178,735.3699236,737.791785942032,0.0188,CH-oop
291,C18H12,0,18,795.524,765.294088,761.056467800282,97.5391,CH-oop
291,C18H12,0,18,851.6388,819.2765256,816.877141535408,64.3184,CH-oop
291,C18H12,0,18,886.9478,853.2437836,855.662867680731,2.2226,CH-oop
291,C18H12,0,18,901.1275,866.884655,867.882417785588,9.1279,CH-oop
291,C18H12,0,18,915.3,880.5186,882.793205882135,3.6037,CH-oop
291,C18H12,0,18,987.8215,950.284283,951.047922589049,4.1186,ring / CH-ip
291,C18H12,0,18,999.7038,961.7150556,962.655077083508,0.3112,ring / CH-ip
291,C18H12,0,18,1031.419,992.225078,992.999790139975,0.1522,ring / CH-ip
291,C18H12,0,18,1077.0443,1036.1166166,1036.44843953625,6.8532,ring / CH-ip
291,C18H12,0,18,1125.7457,1082.9673634,1083.71365374128,0.4244,ring / CH-ip
291,C18H12,0,18,1208.827,1162.891574,1162.68188716818,0.4523,CH-ip-bend
291,C18H12,0,18,1222.1967,1175.7532254,1175.33515032485,2.792,CH-ip-bend
291,C18H12,0,18,1248.1186,1200.6900932,1200.23752418727,2.3141,CH-ip-bend
291,C18H12,0,18,1294.1939,1245.0145318,1244.30334044744,2.9875,CH-ip-bend
291,C18H12,0,18,1318.7139,1268.6027718,1266.87494693714,15.8296,CC-stretch/CH-ip
291,C18H12,0,18,1360.3476,1308.6543912,1307.79977787077,0.0082,CC-stretch/CH-ip
291,C18H12,0,18,1406.579,1353.128998,1353.07043759584,2.6956,CC-stretch/CH-ip
291,C18H12,0,18,1488.2018,1431.6501316,1429.52306095945,10.3046,CC-stretch/CH-ip
291,C18H12,0,18,1497.2994,1440.4020228,1438.4815385101,4.7398,CC-stretch/CH-ip
291,C18H12,0,18,1549.7795,1490.887879,1488.60246287347,8.6297,CC-stretch/CH-ip
291,C18H12,0,18,1580.8086,1520.7378732,1518.3930352671,9.3401,CC-stretch
291,C18H12,0,18,3178.973,3058.172026,3047.08154109701,1.1784,CH-stretch
291,C18H12,0,18,3183.0306,3062.0754372,3049.72358416152,20.1376,CH-stretch
291,C18H12,0,18,3191.2471,3069.9797102,3056.01074169553,44.2066,CH-stretch
291,C18H12,0,18,3208.635,3086.70687,3070.15378312368,82.3326,CH-stretch
291,C18H12,0,18,3220.1338,3097.7687156,3085.27207578291,19.3661,CH-stretch
291,C18H12,0,18,3237.0778,3114.0688436,3098.26716334615,68.4663,CH-stretch
287,C17H11N,0,17,67.484,64.919608,71.7643180998575,0.2341,low / skeletal
287,C17H11N,0,17,71.362,68.650244,75.2670641867355,1.2734,low / skeletal
287,C17H11N,0,17,148.857,143.200434,149.485505493044,0.063,low / skeletal
287,C17H11N,0,17,167.1537,160.8018594,167.20388355608,0.6053,low / skeletal
287,C17H11N,0,17,191.8902,184.5983724,190.708023670555,0.025,low / skeletal
287,C17H11N,0,17,277.2439,266.7086318,272.291548916195,0.0321,low / skeletal
287,C17H11N,0,17,291.6087,280.5275694,285.932117234131,0.1295,low / skeletal
287,C17H11N,0,17,312.9884,301.0948408,306.745788879806,0.5631,low / skeletal
287,C17H11N,0,17,370.7444,356.6561128,362.053339355498,0.1062,low / skeletal
287,C17H11N,0,17,409.9977,394.4177874,399.031513732735,0.5237,low / skeletal
287,C17H11N,0,17,429.4027,413.0853974,417.200002575093,3.6809,low / skeletal
287,C17H11N,0,17,467.2451,449.4897862,454.048615565351,1.1863,low / skeletal
287,C17H11N,0,17,490.264,471.633968,474.598728757266,11.2732,low / skeletal
287,C17H11N,0,17,507.0948,487.8251976,492.53751167104,0.7215,low / skeletal
287,C17H11N,0,17,541.9227,521.3296374,524.712414989568,6.7832,low / skeletal
287,C17H11N,0,17,555.0447,533.9530014,538.418898482944,2.1317,low / skeletal
287,C17H11N,0,17,564.6728,543.2152336,547.0216938839,0.3397,low / skeletal
287,C17H11N,0,17,607.8332,584.7355384,587.389817448986,9.4832,low / skeletal
287,C17H11N,0,17,610.8535,587.641067,591.652862660499,3.051,low / skeletal
287,C17H11N,0,17,659.1869,634.1377978,637.890745301207,2.6592,low / skeletal
287,C17H11N,0,17,700.4958,673.8769596,677.220341481408,4.7507,CH-oop
287,C17H11N,0,17,729.4598,701.7403276,704.593051197519,0.0508,CH-oop
287,C17H11N,0,17,764.4503,735.4011886,738.776044897509,0.4124,CH-oop
287,C17H11N,0,17,777.1659,747.6335958,745.989827624525,40.448,CH-oop
287,C17H11N,0,17,792.4043,762.2929366,764.658163807233,7.918,CH-oop
287,C17H11N,0,17,792.8196,762.6924552,765.150339590846,0.0655,CH-oop
287,C17H11N,0,17,817.63,786.56006,788.707349672951,0.0035,CH-oop
287,C17H11N,0,17,818.3873,787.2885826,789.85660677798,2.3947,CH-oop
287,C17H11N,0,17,835.9643,804.1976566,806.029228850856,1.2429,CH-oop
287,C17H11N,0,17,882.3963,848.8652406,849.240969979152,13.1774,CH-oop
287,C17H11N,0,17,889.6884,855.8802408,856.264361264251,12.8841,CH-oop
287,C17H11N,0,17,912.9676,878.2748312,880.102263372764,2.2809,CH-oop
287,C17H11N,0,17,928.068,892.801416,888.058712977845,65.1423,CH-oop
287,C17H11N,0,17,944.8901,908.9842762,911.009623219933,3.5736,CH-oop
287,C17H11N,0,17,947.1736,911.1810032,912.254257224205,2.8984,CH-oop
287,C17H11N,0,17,968.8444,932.0283128,933.160659166216,0.5062,CH-oop
287,C17H11N,0,17,1000.62,962.59644,963.127938113955,4.5616,ring / CH-ip
287,C17H11N,0,17,1010.6022,972.1993164,973.929872535899,2.45,ring / CH-ip
287,C17H11N,0,17,1016.3997,977.7765114,978.541674018586,1.247,ring / CH-ip
287,C17H11N,0,17,1027.945,988.88309,989.698540484558,0.0031,ring / CH-ip
287,C17H11N,0,17,1035.207,995.869134,996.634429713932,0.0003,ring / CH-ip
287,C17H11N,0,17,1052.7278,1012.7241436,1013.52038777705,1.3817,ring / CH-ip
287,C17H11N,0,17,1093.1924,1051.6510888,1052.14639635128,2.3224,ring / CH-ip
287,C17H11N,0,17,1164.5257,1120.2737234,1120.51144006592,0.5047,CH-ip-bend
287,C17H11N,0,17,1194.6618,1149.2646516,1149.12451642216,1.4492,CH-ip-bend
287,C17H11N,0,17,1214.1074,1167.9713188,1167.43568099799,3.7539,CH-ip-bend
287,C17H11N,0,17,1230.8524,1184.0800088,1183.57849045042,1.8759,CH-ip-bend
287,C17H11N,0,17,1232.8253,1185.9779386,1185.64114449124,0.8215,CH-ip-bend
287,C17H11N,0,17,1260.4705,1212.572621,1212.10435021664,0.8561,CH-ip-bend
287,C17H11N,0,17,1274.7404,1226.3002648,1225.19195294666,8.0002,CH-ip-bend
287,C17H11N,0,17,1293.5034,1244.3502708,1242.47277910427,14.8343,CH-ip-bend
287,C17H11N,0,17,1316.5443,1266.5156166,1265.98771405338,1.3777,CC-stretch/CH-ip
287,C17H11N,0,17,1341.175,1290.21035,1289.076426677,5.4621,CC-stretch/CH-ip
287,C17H11N,0,17,1346.9346,1295.7510852,1294.49451456189,4.7356,CC-stretch/CH-ip
287,C17H11N,0,17,1367.6643,1315.6930566,1314.83752076699,0.6012,CC-stretch/CH-ip
287,C17H11N,0,17,1395.351,1342.327662,1341.04392212807,4.0757,CC-stretch/CH-ip
287,C17H11N,0,17,1412.9482,1359.2561684,1358.14764585257,4.2739,CC-stretch/CH-ip
287,C17H11N,0,17,1440.1655,1385.439211,1384.69757896975,2.0096,CC-stretch/CH-ip
287,C17H11N,0,17,1456.1762,1400.8415044,1399.34751381052,2.9998,CC-stretch/CH-ip
287,C17H11N,0,17,1479.9142,1423.6774604,1422.04480210969,1.141,CC-stretch/CH-ip
287,C17H11N,0,17,1494.0714,1437.2966868,1434.60626677714,12.4424,CC-stretch/CH-ip
287,C17H11N,0,17,1509.6455,1452.278971,1449.89456350875,7.438,CC-stretch/CH-ip
287,C17H11N,0,17,1539.8404,1481.3264648,1479.32641749241,3.03,CC-stretch/CH-ip
287,C17H11N,0,17,1545.5798,1486.8477676,1484.38782854105,7.9268,CC-stretch/CH-ip
287,C17H11N,0,17,1576.0693,1516.1786666,1514.80313074395,3.2575,CC-stretch
287,C17H11N,0,17,1612.2763,1551.0098006,1549.68884152957,1.4827,CC-stretch
287,C17H11N,0,17,1634.2883,1572.1853446,1567.79258433593,31.1831,CC-stretch
287,C17H11N,0,17,3175.2726,3054.6122412,3043.13059278183,5.1914,CH-stretch
287,C17H11N,0,17,3179.5321,3058.7098802,3047.46663684817,2.3995,CH-stretch
287,C17H11N,0,17,3180.519,3059.659278,3047.8189722469,8.6751,CH-stretch
287,C17H11N,0,17,3184.0519,3063.0579278,3051.89299134498,1.3215,CH-stretch
287,C17H11N,0,17,3190.4712,3069.2332944,3057.8435488643,3.3343,CH-stretch
287,C17H11N,0,17,3194.8084,3073.4056808,3061.18213721368,11.9483,CH-stretch
287,C17H11N,0,17,3199.6073,3078.0222226,3064.10210922061,29.6825,CH-stretch
287,C17H11N,0,17,3202.5022,3080.8071164,3066.35247031406,35.1978,CH-stretch
287,C17H11N,0,17,3211.2541,3089.2264442,3074.23728006173,40.3442,CH-stretch
287,C17H11N,0,17,3214.7993,3092.6369266,3074.96071961586,68.6543,CH-stretch
287,C17H11N,0,17,3215.8619,3093.6591478,3081.21498293673,13.1062,CH-stretch
285,C17H11N,0,17,67.953,65.370786,72.0959605337259,1.9533,low / skeletal
285,C17H11N,0,17,87.4565,84.133153,90.7088927410634,0.7779,low / skeletal
285,C17H11N,0,17,153.9287,148.0794094,154.466600403572,0.1842,low / skeletal
285,C17H11N,0,17,162.8568,156.6682416,162.936334555729,1.8652,low / skeletal
285,C17H11N,0,17,198.1392,190.6099104,196.499437553855,1.0931,low / skeletal
285,C17H11N,0,17,278.5234,267.9395108,273.443620548241,0.4309,low / skeletal
285,C17H11N,0,17,306.6696,295.0161552,300.244967734299,2.4912,low / skeletal
285,C17H11N,0,17,314.1498,302.2121076,307.87843965292,0.1063,low / skeletal
285,C17H11N,0,17,370.9715,356.874583,362.239834698402,0.6707,low / skeletal
285,C17H11N,0,17,413.8724,398.1452488,402.734692960107,0.4469,low / skeletal
285,C17H11N,0,17,449.2131,432.1430022,436.665710929135,0.0029,low / skeletal
285,C17H11N,0,17,473.6544,455.6555328,460.17811824483,1.663,low / skeletal
285,C17H11N,0,17,497.6724,478.7608488,481.691790932928,11.6842,low / skeletal
285,C17H11N,0,17,519.8104,500.0576048,504.64877493136,0.1861,low / skeletal
285,C17H11N,0,17,538.1213,517.6726906,521.588887951112,0.4074,low / skeletal
285,C17H11N,0,17,566.6318,545.0997916,549.586807468785,0.2277,low / skeletal
285,C17H11N,0,17,579.7364,557.7064168,561.358414513704,0.381,low / skeletal
285,C17H11N,0,17,605.1682,582.1718084,585.880167960207,7.2416,low / skeletal
285,C17H11N,0,17,606.9812,583.9159144,587.482280529189,0.0213,low / skeletal
285,C17H11N,0,17,657.489,632.504418,636.332037830273,2.1945,low / skeletal
285,C17H11N,0,17,678.623,652.835326,656.366783886855,4.2222,CH-oop
285,C17H11N,0,17,732.3681,704.5381122,706.520056204789,10.1533,CH-oop
285,C17H11N,0,17,749.0437,720.5800394,724.000927178813,1.2969,CH-oop
285,C17H11N,0,17,777.8115,748.254663,747.4350148802,32.5517,CH-oop
285,C17H11N,0,17,795.6783,765.4425246,768.314601163155,0.936,CH-oop
285,C17H11N,0,17,796.6454,766.3728748,768.681756583828,1.538,CH-oop
285,C17H11N,0,17,810.5754,779.7735348,779.915393007978,20.1956,CH-oop
285,C17H11N,0,17,821.6369,790.4146978,793.045781215662,2.2537,CH-oop
285,C17H11N,0,17,852.5233,820.1274146,819.17354688137,30.5074,CH-oop
285,C17H11N,0,17,884.54,850.92748,852.4495697433,3.5214,CH-oop
285,C17H11N,0,17,890.4749,856.6368538,857.848598937568,4.6926,CH-oop
285,C17H11N,0,17,913.3034,878.5978708,880.245007259145,5.7156,CH-oop
285,C17H11N,0,17,933.8862,898.3985244,895.867962501579,42.6563,CH-oop
285,C17H11N,0,17,948.9529,912.8926898,915.172447578303,0.1319,CH-oop
285,C17H11N,0,17,978.3739,941.1956918,942.155997009986,1.5953,CH-oop
285,C17H11N,0,17,984.0851,946.6898662,947.325329609891,4.7447,CH-oop
285,C17H11N,0,17,1004.8044,966.6218328,966.603067160284,10.5905,ring / CH-ip
285,C17H11N,0,17,1020.3599,981.5862238,982.395955189301,0.4589,ring / CH-ip
285,C17H11N,0,17,1032.8237,993.5763994,994.345498539038,0.2519,ring / CH-ip
285,C17H11N,0,17,1034.547,995.234214,995.997630845547,0.0671,ring / CH-ip
285,C17H11N,0,17,1039.7141,1000.2049642,1001.70975736141,0.2378,ring / CH-ip
285,C17H11N,0,17,1051.7726,1011.8052412,1012.61494068577,1.3556,ring / CH-ip
285,C17H11N,0,17,1093.8141,1052.2491642,1052.83951991054,1.2413,ring / CH-ip
285,C17H11N,0,17,1138.7299,1095.4581638,1095.77411627274,1.5912,ring / CH-ip
285,C17H11N,0,17,1183.2109,1138.2488858,1137.97089138621,3.4526,CH-ip-bend
285,C17H11N,0,17,1204.9703,1159.1814286,1158.51736770688,5.3669,CH-ip-bend
285,C17H11N,0,17,1215.2429,1169.0636698,1167.99823729331,10.1691,CH-ip-bend
285,C17H11N,0,17,1228.5244,1181.8404728,1181.44053503586,0.6917,CH-ip-bend
285,C17H11N,0,17,1256.5682,1208.8186084,1208.39758190328,0.5451,CH-ip-bend
285,C17H11N,0,17,1261.6765,1213.732793,1213.19758535976,1.0148,CH-ip-bend
285,C17H11N,0,17,1284.8672,1236.0422464,1235.43344912266,2.0426,CH-ip-bend
285,C17H11N,0,17,1314.1365,1264.199313,1263.75127165524,1.7091,CC-stretch/CH-ip
285,C17H11N,0,17,1329.7327,1279.2028574,1277.87040594185,6.3536,CC-stretch/CH-ip
285,C17H11N,0,17,1340.6885,1289.742337,1288.75533203081,5.3489,CC-stretch/CH-ip
285,C17H11N,0,17,1362.6598,1310.8787276,1309.91205750783,2.306,CC-stretch/CH-ip
285,C17H11N,0,17,1397.0516,1343.9636392,1342.83648366162,3.3066,CC-stretch/CH-ip
285,C17H11N,0,17,1416.0861,1362.2748282,1361.38916201925,0.7402,CC-stretch/CH-ip
285,C17H11N,0,17,1435.4022,1380.8569164,1380.49953997938,2.0816,CC-stretch/CH-ip
285,C17H11N,0,17,1458.0925,1402.684985,1396.91242578289,52.3453,CC-stretch/CH-ip
285,C17H11N,0,17,1476.1914,1420.0961268,1418.46736028307,1.052,CC-stretch/CH-ip
285,C17H11N,0,17,1495.674,1438.838388,1435.72674726346,16.7517,CC-stretch/CH-ip
285,C17H11N,0,17,1507.4908,1450.2061496,1448.5697874423,1.1425,CC-stretch/CH-ip
285,C17H11N,0,17,1541.9767,1483.3815854,1481.45308771103,2.4482,CC-stretch/CH-ip
285,C17H11N,0,17,1546.848,1488.067776,1485.16267195979,14.2606,CC-stretch/CH-ip
285,C17H11N,0,17,1585.1765,1524.939793,1521.57948560133,22.1641,CC-stretch
285,C17H11N,0,17,1610.1787,1548.9919094,1547.97885280168,0.1789,CC-stretch
285,C17H11N,0,17,1636.3767,1574.1943854,1571.96969536738,8.95,CC-stretch
285,C17H11N,0,17,3174.0435,3053.429847,3042.01896189515,4.6372,CH-stretch
285,C17H11N,0,17,3176.6092,3055.8980504,3044.84184341391,0.6043,CH-stretch
285,C17H11N,0,17,3178.5102,3057.7268124,3045.83606180352,9.5972,CH-stretch
285,C17H11N,0,17,3184.2606,3063.2586972,3052.13468574037,0.8988,CH-stretch
285,C17H11N,0,17,3184.8414,3063.8174268,3051.76251550104,11.0235,CH-stretch
285,C17H11N,0,17,3189.4635,3068.263887,3055.25884619787,21.137,CH-stretch
285,C17H11N,0,17,3198.191,3076.659742,3064.57198390104,10.6362,CH-stretch
285,C17H11N,0,17,3198.5267,3076.9826854,3059.40048144236,70.5841,CH-stretch
285,C17H11N,0,17,3213.5828,3091.4666536,3075.47514154822,52.3507,CH-stretch
285,C17H11N,0,17,3220.615,3098.23163,3086.87107070236,1.3562,CH-stretch
285,C17H11N,0,17,3220.8135,3098.422587,3083.47741404405,40.5013,CH-stretch
393,C20H12,0,20,62.2091,59.8451542,66.7963997213392,0.8755,low / skeletal
393,C20H12,0,20,146.0005,140.452481,146.928889850295,0.0676,low / skeletal
393,C20H12,0,20,169.8533,163.3988746,169.638309424217,0.151,low / skeletal
393,C20H12,0,20,174.0763,167.4614006,173.436493082472,2.2787,low / skeletal
393,C20H12,0,20,296.4647,285.1990414,291.114388920531,0.0066,low / skeletal
393,C20H12,0,20,328.1198,315.6512476,321.026008692741,0.454,low / skeletal
393,C20H12,0,20,339.6404,326.7340648,331.946384871974,1.8068,low / skeletal
393,C20H12,0,20,425.9885,409.800937,414.344353262911,0.029,low / skeletal
393,C20H12,0,20,471.8511,453.9207582,458.44458338771,0.5875,low / skeletal
393,C20H12,0,20,482.2381,463.9130522,468.089156171694,0.4927,low / skeletal
393,C20H12,0,20,495.686,476.849932,479.848401629575,10.8943,low / skeletal
393,C20H12,0,20,521.5426,501.7239812,506.503102004337,0.1217,low / skeletal
393,C20H12,0,20,566.4666,544.9408692,549.614367652179,0.0155,low / skeletal
393,C20H12,0,20,579.7804,557.7487448,561.819642938568,4.4922,low / skeletal
393,C20H12,0,20,616.1396,592.7262952,596.581471089228,0.6989,low / skeletal
393,C20H12,0,20,633.0025,608.948405,612.603919549597,5.1016,low / skeletal
393,C20H12,0,20,647.3718,622.7716716,625.997649322512,2.6832,low / skeletal
393,C20H12,0,20,698.0005,671.476481,675.27241843685,0.0001,CH-oop
393,C20H12,0,20,721.4763,694.0602006,697.719931224307,0.8064,CH-oop
393,C20H12,0,20,779.6866,750.0585092,747.482300572661,49.7009,CH-oop
393,C20H12,0,20,785.4853,755.6368586,758.58661921678,0.1155,CH-oop
393,C20H12,0,20,806.0839,775.4527118,774.992758117244,27.1488,CH-oop
393,C20H12,0,20,837.5986,805.7698532,808.414992838454,0.9904,CH-oop
393,C20H12,0,20,862.0271,829.2700702,824.802254636186,67.9705,CH-oop
393,C20H12,0,20,912.5696,877.8919552,880.368049535328,1.0504,CH-oop
393,C20H12,0,20,927.9021,892.6418202,891.331306966724,28.4314,CH-oop
393,C20H12,0,20,952.0314,915.8542068,917.06906299684,0.3916,CH-oop
393,C20H12,0,20,952.9298,916.7184676,918.551048606125,0.6015,CH-oop
393,C20H12,0,20,986.6798,949.1859676,951.143089013374,0.1407,ring / CH-ip
393,C20H12,0,20,994.6737,956.8760994,957.35113783983,5.5002,ring / CH-ip
393,C20H12,0,20,1022.8141,983.9471642,984.666907241089,1.242,ring / CH-ip
393,C20H12,0,20,1054.8547,1014.7702214,1015.84280677459,0.4397,ring / CH-ip
393,C20H12,0,20,1062.4411,1022.0683382,1022.61170233965,3.4416,ring / CH-ip
393,C20H12,0,20,1081.894,1040.782028,1041.27011044941,2.1187,ring / CH-ip
393,C20H12,0,20,1124.1963,1081.4768406,1082.02015066256,0.8275,ring / CH-ip
393,C20H12,0,20,1140.0429,1096.7212698,1097.05333927677,2.816,ring / CH-ip
393,C20H12,0,20,1194.03,1148.65686,1148.62647546933,0.0309,CH-ip-bend
393,C20H12,0,20,1220.752,1174.363424,1174.00565643013,1.4607,CH-ip-bend
393,C20H12,0,20,1221.8733,1175.4421146,1175.15193421246,0.0013,CH-ip-bend
393,C20H12,0,20,1237.9826,1190.9392612,1190.57077856055,0.3753,CH-ip-bend
393,C20H12,0,20,1250.7043,1203.1775366,1202.65586193604,1.6367,CH-ip-bend
393,C20H12,0,20,1257.3827,1209.6021574,1209.00822454208,3.3443,CH-ip-bend
393,C20H12,0,20,1276.8387,1228.3188294,1227.82805527037,0.0001,CH-ip-bend
393,C20H12,0,20,1297.6785,1248.366717,1247.65656862489,0.8332,CH-ip-bend
393,C20H12,0,20,1316.0752,1266.0643424,1264.89358248781,7.0719,CC-stretch/CH-ip
393,C20H12,0,20,1319.6717,1269.5241754,1269.06399041266,0.578,CC-stretch/CH-ip
393,C20H12,0,20,1396.4154,1343.3516148,1342.20668701629,0.6615,CC-stretch/CH-ip
393,C20H12,0,20,1397.5999,1344.4911038,1343.67418450638,0.5269,CC-stretch/CH-ip
393,C20H12,0,20,1409.886,1356.310332,1356.02545272781,0.0239,CC-stretch/CH-ip
393,C20H12,0,20,1421.4162,1367.4023844,1366.66098071163,0.1007,CC-stretch/CH-ip
393,C20H12,0,20,1455.8795,1400.556079,1399.55601496606,1.9205,CC-stretch/CH-ip
393,C20H12,0,20,1471.501,1415.583962,1413.9282918442,2.8568,CC-stretch/CH-ip
393,C20H12,0,20,1489.6646,1433.0573452,1428.5401504656,32.7122,CC-stretch/CH-ip
393,C20H12,0,20,1501.3506,1444.2992772,1442.75274050707,0.9904,CC-stretch/CH-ip
393,C20H12,0,20,1502.1039,1445.0239518,1439.86992734573,38.7187,CC-stretch/CH-ip
393,C20H12,0,20,1528.097,1470.029314,1468.1089406489,4.0927,CC-stretch/CH-ip
393,C20H12,0,20,1545.3509,1486.6275658,1484.18911954299,8.1184,CC-stretch/CH-ip
393,C20H12,0,20,1565.4165,1505.930673,1503.80681534961,4.4376,CC-stretch
393,C20H12,0,20,1635.3091,1573.1673542,1572.11164018238,0.0015,CC-stretch
393,C20H12,0,20,1696.523,1632.055126,1630.99804620086,0.0218,CC-stretch
393,C20H12,0,20,3175.3345,3054.671789,3043.60671397588,0.7464,CH-stretch
393,C20H12,0,20,3178.3968,3057.6177216,3046.57634623667,0.3407,CH-stretch
393,C20H12,0,20,3179.2008,3058.3911696,3044.98479377934,25.1167,CH-stretch
393,C20H12,0,20,3180.731,3059.863222,3048.81336380719,0.2805,CH-stretch
393,C20H12,0,20,3181.0722,3060.1914564,3049.0984833831,0.7116,CH-stretch
393,C20H12,0,20,3182.6512,3061.7104544,3050.65306990395,0.264,CH-stretch
393,C20H12,0,20,3192.5912,3071.2727344,3059.99531267271,2.0219,CH-stretch
393,C20H12,0,20,3193.3604,3072.0127048,3057.31679582396,37.8533,CH-stretch
393,C20H12,0,20,3196.547,3075.078214,3060.48279135923,36.6268,CH-stretch
393,C20H12,0,20,3208.0749,3086.1680538,3069.00523715296,62.9395,CH-stretch
393,C20H12,0,20,3209.2283,3087.2776246,3072.45358086212,38.3299,CH-stretch
393,C20H12,0,20,3213.2124,3091.1103288,3074.98859226847,51.7346,CH-stretch
547,C32H18-,-1,32,3.9688,3.8179856,11.2612333737982,0.1079,low / skeletal
547,C32H18-,-1,32,50.1616,48.2554592,55.0275998576979,0.0003,low / skeletal
547,C32H18-,-1,32,65.4527,62.9654974,69.9995986581982,0.009,low / skeletal
547,C32H18-,-1,32,76.9311,74.0077182,80.8123108018774,0.872,low / skeletal
547,C32H18-,-1,32,109.8481,105.6738722,112.483090863676,0.5663,low / skeletal
547,C32H18-,-1,32,147.5998,141.9910076,148.20940522965,0.0001,low / skeletal
547,C32H18-,-1,32,176.6028,169.8918936,176.361355832859,0.0109,low / skeletal
547,C32H18-,-1,32,219.9251,211.5679462,217.367351178688,0.0026,low / skeletal
547,C32H18-,-1,32,292.1643,281.0620566,286.58432793434,0.1814,low / skeletal
547,C32H18-,-1,32,326.823,314.403726,319.947755846634,3.8081,low / skeletal
547,C32H18-,-1,32,327.8577,315.3991074,321.231150665976,107.9305,low / skeletal
547,C32H18-,-1,32,328.7231,316.2316222,321.519304342337,1.0167,low / skeletal
547,C32H18-,-1,32,352.7193,339.3159666,344.662017048563,0.0138,low / skeletal
547,C32H18-,-1,32,412.7918,397.1057116,401.837589139364,5.5717,low / skeletal
547,C32H18-,-1,32,429.8807,413.5452334,418.051513018694,0.2619,low / skeletal
547,C32H18-,-1,32,431.0438,414.6641356,420.458307299509,523.6873,low / skeletal
547,C32H18-,-1,32,439.57,422.86634,428.285079766039,0.0001,low / skeletal
547,C32H18-,-1,32,473.6726,455.6730412,459.783680659749,0.0035,low / skeletal
547,C32H18-,-1,32,478.2581,460.0842922,464.269797854929,9.4578,low / skeletal
547,C32H18-,-1,32,523.1561,503.2761682,507.420434504882,1.4641,low / skeletal
547,C32H18-,-1,32,569.0287,547.4056094,551.199691476847,0.0155,low / skeletal
547,C32H18-,-1,32,570.518,548.838316,553.33786563778,3.3032,low / skeletal
547,C32H18-,-1,32,580.1166,558.0721692,561.76433001939,0.006,low / skeletal
547,C32H18-,-1,32,590.4144,567.9786528,572.259602994985,17.5119,low / skeletal
547,C32H18-,-1,32,598.3245,575.588169,580.167484036204,34.2807,low / skeletal
547,C32H18-,-1,32,614.4381,591.0894522,595.449338786409,0.0067,low / skeletal
547,C32H18-,-1,32,619.6043,596.0593366,599.585227789391,0.038,low / skeletal
547,C32H18-,-1,32,658.582,633.555884,637.759295961475,98.865,low / skeletal
547,C32H18-,-1,32,675.9232,650.2381184,654.171543712759,0.0001,CH-oop
547,C32H18-,-1,32,690.4855,664.247051,667.252770264673,0.1416,CH-oop
547,C32H18-,-1,32,696.392,669.929104,673.869303834433,6.2218,CH-oop
547,C32H18-,-1,32,700.3645,673.750649,676.504543359561,37.2,CH-oop
547,C32H18-,-1,32,736.9742,708.9691804,711.66002658516,0.4755,CH-oop
547,C32H18-,-1,32,748.1084,719.6802808,722.018442304142,0.0574,CH-oop
547,C32H18-,-1,32,748.6454,720.1968748,722.553924515455,23.3077,CH-oop
547,C32H18-,-1,32,775.969,746.482178,748.922522732421,0.0542,CH-oop
547,C32H18-,-1,32,789.9614,759.9428668,763.065992144181,0.0197,CH-oop
547,C32H18-,-1,32,791.4265,761.352293,764.642076752179,67.841,CH-oop
547,C32H18-,-1,32,798.4461,768.1051482,770.585714147575,71.5838,CH-oop
547,C32H18-,-1,32,806.6995,776.044919,778.206218979345,0.1552,CH-oop
547,C32H18-,-1,32,829.7904,798.2583648,800.257964465334,0.7765,CH-oop
547,C32H18-,-1,32,833.7589,802.0760618,804.071901232766,0.2096,CH-oop
547,C32H18-,-1,32,837.4523,805.6291126,807.794073766208,87.6905,CH-oop
547,C32H18-,-1,32,838.3759,806.5176158,808.767251298749,50.175,CH-oop
547,C32H18-,-1,32,869.2738,836.2413956,837.9366191456,0.9621,CH-oop
547,C32H18-,-1,32,873.4957,840.3028634,842.807372636669,95.6112,CH-oop
547,C32H18-,-1,32,886.1196,852.4470552,854.209625214804,0.1301,CH-oop
547,C32H18-,-1,32,905.753,871.334386,874.165492966433,3.1441,CH-oop
547,C32H18-,-1,32,931.8102,896.4014124,897.768274779406,14.3775,CH-oop
547,C32H18-,-1,32,932.0156,896.5990072,897.943615355551,0.0815,CH-oop
547,C32H18-,-1,32,978.2821,941.1073802,942.179758610907,1.5886,CH-oop
547,C32H18-,-1,32,979.3529,942.1374898,943.203195720917,1.1265,CH-oop
547,C32H18-,-1,32,980.6313,943.3673106,944.424136088421,0.9619,CH-oop
547,C32H18-,-1,32,988.5069,950.9436378,953.370596348553,234.6464,ring / CH-ip
547,C32H18-,-1,32,1006.0089,967.7805618,970.661474484214,446.4737,ring / CH-ip
547,C32H18-,-1,32,1059.3573,1019.1017226,1020.11575635539,0.0016,ring / CH-ip
547,C32H18-,-1,32,1063.0751,1022.6782462,1023.55264512891,18.2537,ring / CH-ip
547,C32H18-,-1,32,1075.1246,1034.2698652,1035.20420621218,0.0006,ring / CH-ip
547,C32H18-,-1,32,1126.5707,1083.7610134,1084.81051046543,280.3436,ring / CH-ip
547,C32H18-,-1,32,1148.0618,1104.4354516,1104.81644373462,0.0038,CH-ip-bend
547,C32H18-,-1,32,1155.921,1111.996002,1112.683307509,268.657,CH-ip-bend
547,C32H18-,-1,32,1170.1638,1125.6975756,1125.79540487652,0.9621,CH-ip-bend
547,C32H18-,-1,32,1204.0898,1158.3343876,1163.24685540837,3414.2545,CH-ip-bend
547,C32H18-,-1,32,1215.9094,1169.7048428,1170.97676016498,777.7011,CH-ip-bend
547,C32H18-,-1,32,1232.5304,1185.6942448,1186.70213312591,897.7694,CH-ip-bend
547,C32H18-,-1,32,1261.8247,1213.8753614,1219.11400863687,3619.7662,CH-ip-bend
547,C32H18-,-1,32,1277.2443,1228.7090166,1228.33082852348,0.0036,CH-ip-bend
547,C32H18-,-1,32,1285.4296,1236.5832752,1237.95765868263,1205.5744,CH-ip-bend
547,C32H18-,-1,32,1286.4007,1237.5174734,1237.66276104052,9.9152,CH-ip-bend
547,C32H18-,-1,32,1308.0916,1258.3841192,1257.97993230827,0.0022,CC-stretch/CH-ip
547,C32H18-,-1,32,1335.6333,1284.8792346,1284.95095841689,434.7867,CC-stretch/CH-ip
547,C32H18-,-1,32,1357.3189,1305.7407818,1308.3486940899,1642.5771,CC-stretch/CH-ip
547,C32H18-,-1,32,1358.0655,1306.459011,1305.60255824913,10.561,CC-stretch/CH-ip
547,C32H18-,-1,32,1364.0629,1312.2285098,1312.68401119531,0.0104,CC-stretch/CH-ip
547,C32H18-,-1,32,1371.5922,1319.4716964,1322.69141899773,2414.9006,CC-stretch/CH-ip
547,C32H18-,-1,32,1397.5654,1344.4579148,1344.6301956568,0.0126,CC-stretch/CH-ip
547,C32H18-,-1,32,1399.4573,1346.2779226,1349.79914453869,2021.4384,CC-stretch/CH-ip
547,C32H18-,-1,32,1418.5018,1364.5987316,1365.45898949799,0.0452,CC-stretch/CH-ip
547,C32H18-,-1,32,1451.0822,1395.9410764,1394.7457857049,98.3216,CC-stretch/CH-ip
547,C32H18-,-1,32,1457.4881,1402.1035522,1400.94880069129,0.0072,CC-stretch/CH-ip
547,C32H18-,-1,32,1485.1102,1428.6760124,1427.56219533872,288.5952,CC-stretch/CH-ip
547,C32H18-,-1,32,1502.8489,1445.7406418,1444.51600596749,133.4472,CC-stretch/CH-ip
547,C32H18-,-1,32,1512.23,1454.76526,1453.52597647874,198.9942,CC-stretch/CH-ip
547,C32H18-,-1,32,1521.0391,1463.2396142,1462.23861203231,379.2277,CC-stretch/CH-ip
547,C32H18-,-1,32,1529.7977,1471.6653874,1469.93883791799,0.0003,CC-stretch/CH-ip
547,C32H18-,-1,32,1541.7744,1483.1869728,1481.6610505594,137.4843,CC-stretch/CH-ip
547,C32H18-,-1,32,1561.4324,1502.0979688,1500.59518071722,0.017,CC-stretch
547,C32H18-,-1,32,1588.1841,1527.8331042,1530.51752770847,2602.5465,CC-stretch
547,C32H18-,-1,32,1601.6763,1540.8126006,1539.83912341204,0.0211,CC-stretch
547,C32H18-,-1,32,1603.4771,1542.5449702,1540.940439404,27.7059,CC-stretch
547,C32H18-,-1,32,1625.9573,1564.1709226,1562.61519526759,1.7026,CC-stretch
547,C32H18-,-1,32,1632.0388,1570.0213256,1568.75710613113,45.8607,CC-stretch
547,C32H18-,-1,32,1635.9079,1573.7433998,1571.98182016374,0.0252,CC-stretch
547,C32H18-,-1,32,3149.0099,3029.3475238,3018.49394128061,0.1706,CH-stretch
547,C32H18-,-1,32,3156.8182,3036.8591084,3025.96497200451,0.003,CH-stretch
547,C32H18-,-1,32,3156.8331,3036.8734422,3025.99741229739,12.1736,CH-stretch
547,C32H18-,-1,32,3161.6136,3041.4722832,3030.79384894484,161.5579,CH-stretch
547,C32H18-,-1,32,3162.2489,3042.0834418,3031.16077019599,0.0333,CH-stretch
547,C32H18-,-1,32,3171.0637,3050.5632794,3039.81906342141,149.9235,CH-stretch
547,C32H18-,-1,32,3188.6807,3067.5108334,3057.64491516848,800.1151,CH-stretch
547,C32H18-,-1,32,3189.3922,3068.1952964,3057.13138473893,0.0297,CH-stretch
547,C32H18-,-1,32,3201.4777,3079.8215474,3068.6986645428,7.1776,CH-stretch
547,C32H18-,-1,32,3202.3906,3080.6997572,3069.58396995002,15.244,CH-stretch
547,C32H18-,-1,32,3204.068,3082.313416,3071.1660145929,0.0065,CH-stretch
547,C32H18-,-1,32,3232.8343,3109.9865966,3098.68859648693,4.3107,CH-stretch
547,C32H18-,-1,32,3236.3964,3113.4133368,3102.15938753355,45.4817,CH-stretch
547,C32H18-,-1,32,3238.2782,3115.2236284,3103.89181375145,0.009,CH-stretch
309,C21H13N,0,21,61.1609,58.8367858,65.664331297774,0.9805,low / skeletal
309,C21H13N,0,21,114.7976,110.4352912,117.132604591403,0.1742,low / skeletal
309,C21H13N,0,21,149.6059,143.9208758,150.020715310204,4.1265,low / skeletal
309,C21H13N,0,21,202.7944,195.0882128,200.972703076229,1.2052,low / skeletal
309,C21H13N,0,21,242.1906,232.9873572,238.818581579104,2.1577,low / skeletal
309,C21H13N,0,21,314.4553,302.5059986,307.970376405335,0.1412,low / skeletal
309,C21H13N,0,21,320.5617,308.3803554,314.192631157737,0.8167,low / skeletal
309,C21H13N,0,21,422.0541,406.0160442,410.889751566521,0.8068,low / skeletal
309,C21H13N,0,21,433.0379,416.5824598,421.073545329124,0.8079,low / skeletal
309,C21H13N,0,21,446.1929,429.2375698,433.716845750942,5.6193,low / skeletal
309,C21H13N,0,21,462.1849,444.6218738,448.554724275342,5.2586,low / skeletal
309,C21H13N,0,21,526.0949,506.1032938,510.847533584727,1.4543,low / skeletal
309,C21H13N,0,21,543.6958,523.0353596,527.543246279482,0.0941,low / skeletal
309,C21H13N,0,21,552.9238,531.9126956,535.666883462876,1.0038,low / skeletal
309,C21H13N,0,21,560.8845,539.570889,543.717755162717,0.0029,low / skeletal
309,C21H13N,0,21,591.1684,568.7040008,573.095577191746,0.0132,low / skeletal
309,C21H13N,0,21,601.8117,578.9428554,581.706644954009,10.3049,low / skeletal
309,C21H13N,0,21,624.0385,600.325037,604.680924105433,2.2335,low / skeletal
309,C21H13N,0,21,686.7451,660.6487862,664.162028100527,5.1483,CH-oop
309,C21H13N,0,21,736.9987,708.9927494,712.643588101413,1.3403,CH-oop
309,C21H13N,0,21,751.5851,723.0248662,726.032262420051,4.3708,CH-oop
309,C21H13N,0,21,758.7898,729.9557876,731.58777313018,11.8801,CH-oop
309,C21H13N,0,21,785.5474,755.6965988,752.765921093766,63.134,CH-oop
309,C21H13N,0,21,798.9584,768.5979808,771.152665431169,5.3882,CH-oop
309,C21H13N,0,21,804.6556,774.0786872,777.280286205531,0.0106,CH-oop
309,C21H13N,0,21,843.2048,811.1630176,806.649517462212,79.6335,CH-oop
309,C21H13N,0,21,875.062,841.809644,843.644219554667,1.343,CH-oop
309,C21H13N,0,21,896.8656,862.7847072,865.003234185966,0.4698,CH-oop
309,C21H13N,0,21,925.404,890.238648,891.630465570867,0.9751,CH-oop
309,C21H13N,0,21,928.2688,892.9945856,894.656434191683,7.3218,CH-oop
309,C21H13N,0,21,962.3797,925.8092714,924.245847357158,34.6756,CH-oop
309,C21H13N,0,21,1004.1879,966.0287598,966.438890934587,6.6474,ring / CH-ip
309,C21H13N,0,21,1023.3892,984.5004104,985.34126082316,0.0014,ring / CH-ip
309,C21H13N,0,21,1025.4112,986.4455744,987.234787142697,12.6443,ring / CH-ip
309,C21H13N,0,21,1043.3307,1003.6841334,1004.38043211428,0.314,ring / CH-ip
309,C21H13N,0,21,1055.5447,1015.4340014,1016.95910910664,1.9415,ring / CH-ip
309,C21H13N,0,21,1073.7991,1032.9947342,1033.54796823018,2.3642,ring / CH-ip
309,C21H13N,0,21,1080.2089,1039.1609618,1039.68910162902,3.2112,ring / CH-ip
309,C21H13N,0,21,1153.0554,1109.2392948,1109.49108929962,1.248,CH-ip-bend
309,C21H13N,0,21,1156.5652,1112.6157224,1112.65809983912,2.9857,CH-ip-bend
309,C21H13N,0,21,1192.9066,1147.5761492,1147.19521842399,3.9095,CH-ip-bend
309,C21H13N,0,21,1205.1713,1159.3747906,1159.19776175577,0.0245,CH-ip-bend
309,C21H13N,0,21,1213.5735,1167.457707,1167.01384285389,3.0821,CH-ip-bend
309,C21H13N,0,21,1228.0432,1181.3775584,1180.97146319328,0.6122,CH-ip-bend
309,C21H13N,0,21,1241.5992,1194.4184304,1193.74254778072,3.7468,CH-ip-bend
309,C21H13N,0,21,1257.2436,1209.4683432,1209.16656045631,0.1717,CH-ip-bend
309,C21H13N,0,21,1267.7852,1219.6093624,1219.23341882556,0.6465,CH-ip-bend
309,C21H13N,0,21,1276.3212,1227.8209944,1226.68949546223,9.149,CH-ip-bend
309,C21H13N,0,21,1300.8879,1251.4541598,1250.78151604242,1.631,CC-stretch/CH-ip
309,C21H13N,0,21,1325.3425,1274.979485,1274.09145937345,3.8912,CC-stretch/CH-ip
309,C21H13N,0,21,1325.9408,1275.5550496,1274.9666755278,0.9111,CC-stretch/CH-ip
309,C21H13N,0,21,1363.7625,1311.939525,1310.98557076074,2.3783,CC-stretch/CH-ip
309,C21H13N,0,21,1372.6786,1320.5168132,1319.64794722316,1.7713,CC-stretch/CH-ip
309,C21H13N,0,21,1386.6336,1333.9415232,1333.40172875573,6.4544,CC-stretch/CH-ip
309,C21H13N,0,21,1391.0958,1338.2341596,1338.81791782407,0.1509,CC-stretch/CH-ip
309,C21H13N,0,21,1441.9587,1387.1642694,1382.46819430331,46.3489,CC-stretch/CH-ip
309,C21H13N,0,21,1452.0325,1396.855265,1395.53271755316,6.0283,CC-stretch/CH-ip
309,C21H13N,0,21,1470.221,1414.352602,1413.40811804029,3.619,CC-stretch/CH-ip
309,C21H13N,0,21,1483.7696,1427.3863552,1425.75972093241,0.2776,CC-stretch/CH-ip
309,C21H13N,0,21,1504.7096,1447.5306352,1445.46018386685,6.7926,CC-stretch/CH-ip
309,C21H13N,0,21,1512.7537,1455.2690594,1452.17424683085,18.5704,CC-stretch/CH-ip
309,C21H13N,0,21,1535.3337,1476.9910194,1474.58905648718,8.8973,CC-stretch/CH-ip
309,C21H13N,0,21,1535.8121,1477.4512402,1473.52865910845,29.385,CC-stretch/CH-ip
309,C21H13N,0,21,1564.9139,1505.4471718,1502.58816811455,16.0279,CC-stretch
309,C21H13N,0,21,1593.3229,1532.7766298,1531.14846549926,3.7049,CC-stretch
309,C21H13N,0,21,1610.3959,1549.2008558,1548.05416669365,1.7089,CC-stretch
309,C21H13N,0,21,1641.8434,1579.4533508,1576.41877992079,20.6801,CC-stretch
309,C21H13N,0,21,3175.2474,3054.5879988,3043.59005723869,0.06,CH-stretch
309,C21H13N,0,21,3176.0899,3055.3984838,3044.39183145435,0.1026,CH-stretch
309,C21H13N,0,21,3178.8386,3058.0427332,3045.67000421591,16.9726,CH-stretch
309,C21H13N,0,21,3179.8204,3058.9872248,3047.72134033343,3.0871,CH-stretch
309,C21H13N,0,21,3180.0148,3059.1742376,3048.10643632867,0.6073,CH-stretch
309,C21H13N,0,21,3192.4339,3071.1214118,3059.01173229933,12.7873,CH-stretch
309,C21H13N,0,21,3192.5209,3071.2051058,3059.23136510927,11.0802,CH-stretch
309,C21H13N,0,21,3198.4813,3076.9390106,3062.94477283846,35.9158,CH-stretch
309,C21H13N,0,21,3199.0936,3077.5280432,3060.85070061374,69.3324,CH-stretch
309,C21H13N,0,21,3209.9265,3087.949293,3070.33793486048,80.247,CH-stretch
309,C21H13N,0,21,3210.196,3088.208552,3075.44240079416,19.8096,CH-stretch
309,C21H13N,0,21,3238.4354,3115.3748548,3103.88181560516,2.0209,CH-stretch
309,C21H13N,0,21,3239.4102,3116.3126124,3103.81138293962,14.5287,CH-stretch
106,C42H18+,1,42,9.7577,9.3869074,16.6800624639211,0.0174,low / skeletal
106,C42H18+,1,42,25.025,24.07405,31.1586768927875,0.0003,low / skeletal
106,C42H18+,1,42,85.2777,82.0371474,89.0096676953758,5.318,low / skeletal
106,C42H18+,1,42,107.6646,103.5733452,110.158363297523,0.0111,low / skeletal
106,C42H18+,1,42,112.8078,108.5211036,115.174735898021,0.2256,low / skeletal
106,C42H18+,1,42,118.476,113.973912,120.447460491421,0.0447,low / skeletal
106,C42H18+,1,42,122.7664,118.1012768,124.945088436046,0.5811,low / skeletal
106,C42H18+,1,42,124.2892,119.5662104,125.995052101021,0.1345,low / skeletal
106,C42H18+,1,42,214.9079,206.7413998,212.668806010295,0.0024,low / skeletal
106,C42H18+,1,42,215.777,207.577474,213.471700191709,0.135,low / skeletal
106,C42H18+,1,42,273.8916,263.4837192,269.301012069076,32.8895,low / skeletal
106,C42H18+,1,42,274.5918,264.1573116,270.091931632852,0.7424,low / skeletal
106,C42H18+,1,42,287.0171,276.1104502,282.068257313855,4.3808,low / skeletal
106,C42H18+,1,42,300.157,288.751034,294.51541584562,0.0262,low / skeletal
106,C42H18+,1,42,336.8013,324.0028506,329.559158092349,0.0796,low / skeletal
106,C42H18+,1,42,363.265,349.46093,354.74050701095,0.0804,low / skeletal
106,C42H18+,1,42,364.3506,350.5052772,355.945351116276,0.0519,low / skeletal
106,C42H18+,1,42,390.8477,375.9954874,381.264062217812,0.003,low / skeletal
106,C42H18+,1,42,399.8237,384.6303994,389.824618304835,0.5066,low / skeletal
106,C42H18+,1,42,409.3622,393.8064364,399.425082475271,1.9994,low / skeletal
106,C42H18+,1,42,457.4103,440.0287086,445.459340300019,0.1957,low / skeletal
106,C42H18+,1,42,471.4841,453.5677042,457.955201497755,0.5221,low / skeletal
106,C42H18+,1,42,484.6378,466.2215636,470.789036704765,0.5086,low / skeletal
106,C42H18+,1,42,500.3355,481.322751,485.974079487405,0.0059,low / skeletal
106,C42H18+,1,42,506.5836,487.3334232,491.351156721359,0.0792,low / skeletal
106,C42H18+,1,42,528.7293,508.6375866,513.13358827102,0.0012,low / skeletal
106,C42H18+,1,42,537.5693,517.1416666,521.182881037941,2.2378,low / skeletal
106,C42H18+,1,42,561.8223,540.4730526,544.386027326483,0.0552,low / skeletal
106,C42H18+,1,42,563.689,542.268818,546.344223201978,0.5905,low / skeletal
106,C42H18+,1,42,571.3908,549.6779496,554.230355367263,0.5577,low / skeletal
106,C42H18+,1,42,571.7683,550.0411046,554.683813195687,0.3199,low / skeletal
106,C42H18+,1,42,575.494,553.625228,557.554928885746,1.0266,low / skeletal
106,C42H18+,1,42,613.6062,590.2891644,593.977318542244,93.5379,low / skeletal
106,C42H18+,1,42,619.2745,595.742069,599.757314547168,10.5021,low / skeletal
106,C42H18+,1,42,643.3425,618.895485,622.547140674929,1.3398,low / skeletal
106,C42H18+,1,42,644.3553,619.8697986,624.299748342096,0.0925,low / skeletal
106,C42H18+,1,42,647.1834,622.5904308,626.927078963156,0.0089,low / skeletal
106,C42H18+,1,42,650.1161,625.4116882,629.086449887216,0.0001,low / skeletal
106,C42H18+,1,42,670.9247,645.4295614,648.615744929089,0.244,low / skeletal
106,C42H18+,1,42,698.4748,671.9327576,675.818385974522,5.3804,CH-oop
106,C42H18+,1,42,705.9987,679.1707494,682.840603219633,82.1447,CH-oop
106,C42H18+,1,42,710.1932,683.2058584,687.078261510642,0.0872,CH-oop
106,C42H18+,1,42,716.6289,689.3970018,692.157494322802,0.0694,CH-oop
106,C42H18+,1,42,760.3574,731.4638188,734.311989612842,20.8581,CH-oop
106,C42H18+,1,42,762.3369,733.3680978,735.8890791663,0.1186,CH-oop
106,C42H18+,1,42,773.9505,744.540381,747.002169262852,0.143,CH-oop
106,C42H18+,1,42,775.4994,746.0304228,748.520408341047,0.1111,CH-oop
106,C42H18+,1,42,791.154,761.090148,765.022675645238,0.0963,CH-oop
106,C42H18+,1,42,799.4526,769.0734012,771.57309993181,0.8898,CH-oop
106,C42H18+,1,42,813.4457,782.5347634,783.378583353906,267.0482,CH-oop
106,C42H18+,1,42,815.9238,784.9186956,788.101034646243,0.3083,CH-oop
106,C42H18+,1,42,826.7076,795.2927112,797.326562208599,0.6382,CH-oop
106,C42H18+,1,42,831.141,799.557642,801.570368345613,1.2529,CH-oop
106,C42H18+,1,42,854.8017,822.3192354,825.105283703098,43.2194,CH-oop
106,C42H18+,1,42,855.3309,822.8283258,824.977631731989,0.5459,CH-oop
106,C42H18+,1,42,856.7312,824.1754144,827.108772369782,2.4011,CH-oop
106,C42H18+,1,42,861.2407,828.5135534,831.62014582654,0.04,CH-oop
106,C42H18+,1,42,875.5295,842.259379,844.466751758263,0.1404,CH-oop
106,C42H18+,1,42,939.5287,903.8266094,905.166398027236,0.0734,CH-oop
106,C42H18+,1,42,940.362,904.628244,905.969848698086,0.0403,CH-oop
106,C42H18+,1,42,947.7768,911.7612816,913.022096904333,0.2101,CH-oop
106,C42H18+,1,42,954.2835,918.020727,919.233893174058,0.3905,CH-oop
106,C42H18+,1,42,966.9253,930.1821386,932.206874265638,9.2009,CH-oop
106,C42H18+,1,42,994.6521,956.8553202,959.052758228402,0.9263,ring / CH-ip
106,C42H18+,1,42,1028.623,989.535326,990.359467865985,0.0017,ring / CH-ip
106,C42H18+,1,42,1029.8938,990.7578356,991.565763734438,0.2457,ring / CH-ip
106,C42H18+,1,42,1030.7592,991.5903504,994.033396857959,1.1051,ring / CH-ip
106,C42H18+,1,42,1037.4271,998.0048702,998.765246802673,0.0006,ring / CH-ip
106,C42H18+,1,42,1038.179,998.728198,999.486056126864,0.0089,ring / CH-ip
106,C42H18+,1,42,1040.4233,1000.8872146,1001.62465551835,0.7452,ring / CH-ip
106,C42H18+,1,42,1056.7933,1016.6351546,1019.04030321698,0.5915,ring / CH-ip
106,C42H18+,1,42,1123.9967,1081.2848254,1080.6658191011,456.8874,ring / CH-ip
106,C42H18+,1,42,1127.0997,1084.2699114,1085.07198557513,0.0568,ring / CH-ip
106,C42H18+,1,42,1133.0131,1089.9586022,1091.39877918937,5.3348,ring / CH-ip
106,C42H18+,1,42,1154.3528,1110.4873936,1110.6515173276,2.7184,CH-ip-bend
106,C42H18+,1,42,1161.8005,1117.652081,1117.84606338322,0.1609,CH-ip-bend
106,C42H18+,1,42,1170.859,1126.366358,1126.67644631028,3.4658,CH-ip-bend
106,C42H18+,1,42,1184.4977,1139.4867874,1139.74694117784,0.0668,CH-ip-bend
106,C42H18+,1,42,1225.9948,1179.4069976,1179.13936013872,9.2314,CH-ip-bend
106,C42H18+,1,42,1227.369,1180.728978,1180.47563733132,0.1983,CH-ip-bend
106,C42H18+,1,42,1233.7267,1186.8450854,1186.49075690028,0.0318,CH-ip-bend
106,C42H18+,1,42,1276.3679,1227.8659198,1223.82736056279,827.9069,CH-ip-bend
106,C42H18+,1,42,1277.3813,1228.8408106,1228.19891182965,16.3705,CH-ip-bend
106,C42H18+,1,42,1281.3609,1232.6691858,1232.09333115982,0.0002,CH-ip-bend
106,C42H18+,1,42,1290.1662,1241.1398844,1240.57869565015,0.8558,CH-ip-bend
106,C42H18+,1,42,1294.7507,1245.5501734,1245.05697513906,0.0171,CH-ip-bend
106,C42H18+,1,42,1313.1851,1263.2840662,1262.85855518829,26.378,CC-stretch/CH-ip
106,C42H18+,1,42,1331.6962,1281.0917444,1281.23416953996,0.1311,CC-stretch/CH-ip
106,C42H18+,1,42,1345.6618,1294.5266516,1291.41754073617,800.3995,CC-stretch/CH-ip
106,C42H18+,1,42,1360.4486,1308.7515532,1307.84952010556,170.0872,CC-stretch/CH-ip
106,C42H18+,1,42,1362.8757,1311.0864234,1310.40519871683,0.1591,CC-stretch/CH-ip
106,C42H18+,1,42,1365.3572,1313.4736264,1312.60218868326,259.7161,CC-stretch/CH-ip
106,C42H18+,1,42,1381.9237,1329.4105994,1329.80201267769,23.586,CC-stretch/CH-ip
106,C42H18+,1,42,1386.4919,1333.8052078,1334.63682956298,19.2115,CC-stretch/CH-ip
106,C42H18+,1,42,1392.342,1339.433004,1340.36293663433,0.0221,CC-stretch/CH-ip
106,C42H18+,1,42,1418.4449,1364.5439938,1363.74084358688,10.6019,CC-stretch/CH-ip
106,C42H18+,1,42,1433.7507,1379.2681734,1378.16856988201,38.3899,CC-stretch/CH-ip
106,C42H18+,1,42,1434.2906,1379.7875572,1378.37945150681,77.2543,CC-stretch/CH-ip
106,C42H18+,1,42,1439.1063,1384.4202606,1383.63092765014,9.0652,CC-stretch/CH-ip
106,C42H18+,1,42,1453.4457,1398.2147634,1398.60796426171,0.0735,CC-stretch/CH-ip
106,C42H18+,1,42,1454.9871,1399.6975902,1398.73224418377,31.9267,CC-stretch/CH-ip
106,C42H18+,1,42,1457.4218,1402.0397716,1401.07810343542,0.3854,CC-stretch/CH-ip
106,C42H18+,1,42,1499.9657,1442.9670034,1441.62234645329,0.0108,CC-stretch/CH-ip
106,C42H18+,1,42,1505.4415,1448.234723,1446.74858308891,0.8397,CC-stretch/CH-ip
106,C42H18+,1,42,1515.6512,1458.0564544,1456.39632592315,0.0232,CC-stretch/CH-ip
106,C42H18+,1,42,1540.0944,1481.5708128,1479.91996185754,5.9445,CC-stretch/CH-ip
106,C42H18+,1,42,1547.3125,1488.514625,1486.39289848135,140.3966,CC-stretch/CH-ip
106,C42H18+,1,42,1555.6745,1496.558869,1494.81781397856,0.457,CC-stretch/CH-ip
106,C42H18+,1,42,1562.7362,1503.3522244,1501.9036343467,28.6798,CC-stretch
106,C42H18+,1,42,1587.4759,1527.1518158,1525.39751365699,0.1332,CC-stretch
106,C42H18+,1,42,1590.2311,1529.8023182,1528.20919518972,14.5631,CC-stretch
106,C42H18+,1,42,1616.5643,1555.1348566,1550.00419060278,878.1312,CC-stretch
106,C42H18+,1,42,1627.2823,1565.4455726,1563.53917071403,188.1819,CC-stretch
106,C42H18+,1,42,1629.399,1567.481838,1566.31540871496,0.4705,CC-stretch
106,C42H18+,1,42,1630.4517,1568.4945354,1566.66637288768,3.2372,CC-stretch
106,C42H18+,1,42,1644.4109,1581.9232858,1580.46874857367,0.2291,CC-stretch
106,C42H18+,1,42,1648.3913,1585.7524306,1583.53405019244,72.219,CC-stretch
106,C42H18+,1,42,1648.6825,1586.032565,1584.77538593781,0.2699,CC-stretch
106,C42H18+,1,42,3212.5403,3090.4637686,3079.23503488527,8.19,CH-stretch
106,C42H18+,1,42,3212.6158,3090.5363996,3079.34162945514,0.2063,CH-stretch
106,C42H18+,1,42,3214.4005,3092.253281,3080.9584191403,21.3706,CH-stretch
106,C42H18+,1,42,3217.0025,3094.756405,3083.36996296587,39.4335,CH-stretch
106,C42H18+,1,42,3236.5331,3113.5448422,3102.2237111739,0.0188,CH-stretch
106,C42H18+,1,42,3237.1414,3114.1300268,3102.79897724826,1.6623,CH-stretch
106,C42H18+,1,42,3241.1037,3117.9417594,3106.59603998699,0.044,CH-stretch
106,C42H18+,1,42,3242.6648,3119.4435376,3108.09046686407,0.0392,CH-stretch
106,C42H18+,1,42,3245.9735,3122.626507,3111.2555101759,0.3243,CH-stretch
106,C42H18+,1,42,3257.421,3133.639002,3122.10187171805,23.7043,CH-stretch
106,C42H18+,1,42,3263.9618,3139.9312516,3128.45961219718,0.1604,CH-stretch
106,C42H18+,1,42,3264.3746,3140.3283652,3128.70860807326,34.2262,CH-stretch
106,C42H18+,1,42,3265.9426,3141.8367812,3129.91445936349,102.9035,CH-stretch
101,C48H20+,1,48,23.5491,22.6542342,30.1302805950195,0.3728,low / skeletal
101,C48H20+,1,48,97.2235,93.52900700000001,100.555537610567,0.4351,low / skeletal
101,C48H20+,1,48,100.022,96.221164,102.989350243282,2.2282,low / skeletal
101,C48H20+,1,48,141.7191,136.3337742,142.911889500541,8.6926,low / skeletal
101,C48H20+,1,48,241.2814,232.1127068,238.089670378742,0.0057,low / skeletal
101,C48H20+,1,48,307.836,296.138232,301.55607535018,0.4965,low / skeletal
101,C48H20+,1,48,323.9343,311.6247966,317.249128262577,0.5157,low / skeletal
101,C48H20+,1,48,380.7751,366.3056462,372.122117683014,32.8269,low / skeletal
101,C48H20+,1,48,384.2351,369.6341662,375.348044836317,0.0293,low / skeletal
101,C48H20+,1,48,415.9614,400.1548668,405.223658384322,0.2469,low / skeletal
101,C48H20+,1,48,431.0725,414.691745,419.931612229703,4.1073,low / skeletal
101,C48H20+,1,48,463.3182,445.7121084,450.186937439545,0.2427,low / skeletal
101,C48H20+,1,48,493.829,475.063498,480.098000704431,0.4076,low / skeletal
101,C48H20+,1,48,520.5101,500.7307162,505.04602684133,1.6835,low / skeletal
101,C48H20+,1,48,550.2714,529.3610868,534.207030364753,4.1982,low / skeletal
101,C48H20+,1,48,552.8473,531.8391026,535.918838724033,4.1915,low / skeletal
101,C48H20+,1,48,560.0256,538.7446272,542.637217535064,16.563,low / skeletal
101,C48H20+,1,48,592.574,570.056188,573.781344270715,27.1457,low / skeletal
101,C48H20+,1,48,637.04,612.83248,617.222348171417,9.534,low / skeletal
101,C48H20+,1,48,660.4061,635.3106682,638.920259396794,0.1406,low / skeletal
101,C48H20+,1,48,673.1557,647.5757834,652.077425407893,0.3795,CH-oop
101,C48H20+,1,48,704.9403,678.1525686,681.83576780197,1.1078,CH-oop
101,C48H20+,1,48,709.3403,682.3853686,685.825591255323,0.8177,CH-oop
101,C48H20+,1,48,767.9942,738.8104204,742.262781623118,5.4975,CH-oop
101,C48H20+,1,48,769.5737,740.3298994,743.32694338019,1.9286,CH-oop
101,C48H20+,1,48,783.3008,753.5353696,756.588507478153,1.6168,CH-oop
101,C48H20+,1,48,814.7094,783.7504428,786.41941105102,0.8323,CH-oop
101,C48H20+,1,48,830.2174,798.6691388,801.915359394244,13.9336,CH-oop
101,C48H20+,1,48,832.8332,801.1855384,804.142848908883,20.3224,CH-oop
101,C48H20+,1,48,841.7324,809.7465688,811.599778277542,8.9533,CH-oop
101,C48H20+,1,48,845.1713,813.0547906,816.129314703527,2.4087,CH-oop
101,C48H20+,1,48,901.3777,867.1253474,868.058863492655,117.4414,CH-oop
101,C48H20+,1,48,940.0099,904.2895238,904.687860232772,178.371,CH-oop
101,C48H20+,1,48,944.5392,908.6467104,911.062077948225,0.4539,CH-oop
101,C48H20+,1,48,1021.347,982.535814,983.380851487233,0.0169,ring / CH-ip
101,C48H20+,1,48,1034.0932,994.7976584,996.468547375068,0.3033,ring / CH-ip
101,C48H20+,1,48,1036.3524,996.9710088,997.747013737537,0.1235,ring / CH-ip
101,C48H20+,1,48,1043.5269,1003.8728778,1005.34890565226,1.105,ring / CH-ip
101,C48H20+,1,48,1085.522,1044.272164,1045.00700987052,63.8192,ring / CH-ip
101,C48H20+,1,48,1094.5072,1052.9159264,1054.45082307501,11.492,ring / CH-ip
101,C48H20+,1,48,1204.3176,1158.5535312,1158.36183536295,11.3304,CH-ip-bend
101,C48H20+,1,48,1204.4169,1158.6490578,1158.53007131456,0.989,CH-ip-bend
101,C48H20+,1,48,1211.8761,1165.8248082,1165.59086761813,3.8483,CH-ip-bend
101,C48H20+,1,48,1220.0998,1173.7360076,1174.00390572718,7.4385,CH-ip-bend
101,C48H20+,1,48,1240.0634,1192.9409908,1191.51720326299,211.7572,CH-ip-bend
101,C48H20+,1,48,1256.9671,1209.2023502,1209.31058217539,45.9914,CH-ip-bend
101,C48H20+,1,48,1271.1752,1222.8705424,1220.98825871831,291.457,CH-ip-bend
101,C48H20+,1,48,1282.7142,1233.9710604,1233.281738215,41.522,CH-ip-bend
101,C48H20+,1,48,1290.3374,1241.3045788,1240.45355110109,61.8641,CH-ip-bend
101,C48H20+,1,48,1294.4433,1245.2544546,1244.73141274351,14.6987,CH-ip-bend
101,C48H20+,1,48,1353.8413,1302.3953306,1302.05505361446,4.5052,CC-stretch/CH-ip
101,C48H20+,1,48,1361.5491,1309.8102342,1309.2239049969,73.7975,CC-stretch/CH-ip
101,C48H20+,1,48,1375.5369,1323.2664978,1322.34774162562,51.8472,CC-stretch/CH-ip
101,C48H20+,1,48,1388.6485,1335.879857,1332.18890025627,783.8034,CC-stretch/CH-ip
101,C48H20+,1,48,1404.3018,1350.9383316,1350.44924060499,17.0156,CC-stretch/CH-ip
101,C48H20+,1,48,1429.4921,1375.1714002,1374.69416918781,13.309,CC-stretch/CH-ip
101,C48H20+,1,48,1431.1602,1376.7761124,1376.15372786795,88.1171,CC-stretch/CH-ip
101,C48H20+,1,48,1440.4187,1385.6827894,1384.77668585191,0.0127,CC-stretch/CH-ip
101,C48H20+,1,48,1452.2489,1397.0634418,1396.54092349565,1.2669,CC-stretch/CH-ip
101,C48H20+,1,48,1473.5951,1417.5984862,1416.3636414958,16.8855,CC-stretch/CH-ip
101,C48H20+,1,48,1482.2091,1425.8851542,1425.69173993914,6.7622,CC-stretch/CH-ip
101,C48H20+,1,48,1494.7426,1437.9423812,1436.35094833894,37.2194,CC-stretch/CH-ip
101,C48H20+,1,48,1501.8962,1444.8241444,1443.32540114248,12.6614,CC-stretch/CH-ip
101,C48H20+,1,48,1511.8274,1454.3779588,1452.73381111019,107.2003,CC-stretch/CH-ip
101,C48H20+,1,48,1523.9756,1466.0645272,1464.80144589941,6.2333,CC-stretch/CH-ip
101,C48H20+,1,48,1540.995,1482.43719,1480.80299025363,2.2304,CC-stretch/CH-ip
101,C48H20+,1,48,1541.8476,1483.2573912,1481.71071807279,0.026,CC-stretch/CH-ip
101,C48H20+,1,48,1582.8421,1522.6941002,1521.05810786826,4.0942,CC-stretch
101,C48H20+,1,48,1585.7152,1525.4580224,1525.64567613143,0.2438,CC-stretch
101,C48H20+,1,48,1627.4366,1565.5940092,1564.08542948651,42.7287,CC-stretch
101,C48H20+,1,48,1635.7065,1573.549653,1568.70024029266,709.9662,CC-stretch
101,C48H20+,1,48,1652.4001,1589.6088962,1584.56167764075,749.7963,CC-stretch
101,C48H20+,1,48,3194.5887,3073.1943294,3062.08755795099,1.7699,CH-stretch
101,C48H20+,1,48,3194.7998,3073.3974076,3062.29465778764,0.7794,CH-stretch
101,C48H20+,1,48,3195.8686,3074.4255932,3063.31725139254,0.7915,CH-stretch
101,C48H20+,1,48,3197.1553,3075.6633986,3064.55215261834,0.0187,CH-stretch
101,C48H20+,1,48,3212.9212,3090.8301944,3079.62660870755,2.3298,CH-stretch
101,C48H20+,1,48,3213.4217,3091.3116754,3080.11531392773,0.4128,CH-stretch
101,C48H20+,1,48,3214.8436,3092.6795432,3081.00585314367,90.5237,CH-stretch
101,C48H20+,1,48,3215.4645,3093.276849,3081.14171784407,178.3726,CH-stretch
101,C48H20+,1,48,3218.3257,3096.0293234,3084.78482524276,4.0108,CH-stretch
101,C48H20+,1,48,3238.8014,3115.7269468,3104.29387327962,18.6179,CH-stretch
281,C18H12+,1,18,64.4901,62.0394762,68.8715666160708,0.9732,low / skeletal
281,C18H12+,1,18,68.957,66.336634,73.0233981831239,0.1415,low / skeletal
281,C18H12+,1,18,142.9193,137.4883666,143.836958002535,0.5184,low / skeletal
281,C18H12+,1,18,166.2195,159.903159,166.25268218733,0.7481,low / skeletal
281,C18H12+,1,18,187.4923,180.3675926,186.410741212288,1.9467,low / skeletal
281,C18H12+,1,18,266.3826,256.2600612,261.849545476632,0.775,low / skeletal
281,C18H12+,1,18,291.0025,279.944405,285.354213643616,0.9643,low / skeletal
281,C18H12+,1,18,308.5052,296.7820024,302.447738553035,3.1899,low / skeletal
281,C18H12+,1,18,365.8061,351.9054682,357.311100543162,0.321,low / skeletal
281,C18H12+,1,18,404.3036,388.9400632,393.55857751299,1.4889,low / skeletal
281,C18H12+,1,18,431.521,415.123202,419.534700624996,6.1204,low / skeletal
281,C18H12+,1,18,458.6126,441.1853212,445.29557270737,13.1136,low / skeletal
281,C18H12+,1,18,462.23,444.66526,449.387528589928,0.5564,low / skeletal
281,C18H12+,1,18,509.1563,489.8083606,494.408603977546,1.5866,low / skeletal
281,C18H12+,1,18,515.9682,496.3614084,500.431256933465,0.7655,low / skeletal
281,C18H12+,1,18,537.4463,517.0233406,520.865229691901,5.3609,low / skeletal
281,C18H12+,1,18,544.962,524.253444,528.670027789173,31.5761,low / skeletal
281,C18H12+,1,18,562.9018,541.5115316,545.21488292226,0.0017,low / skeletal
281,C18H12+,1,18,601.947,579.073014,583.401716178575,0.181,low / skeletal
281,C18H12+,1,18,648.9744,624.3133728,628.407723035306,0.8476,low / skeletal
281,C18H12+,1,18,681.2351,655.3481662,659.102407675262,3.2898,CH-oop
281,C18H12+,1,18,709.4889,682.5283218,685.560526799674,3.8351,CH-oop
281,C18H12+,1,18,742.6256,714.4058272,717.842824883002,2.3639,CH-oop
281,C18H12+,1,18,771.072,741.771264,744.357109326978,2.9641,CH-oop
281,C18H12+,1,18,786.8322,756.9325764,759.024552252417,3.3528,CH-oop
281,C18H12+,1,18,789.0197,759.0369514,760.683716842881,63.4862,CH-oop
281,C18H12+,1,18,792.4405,762.327761,765.336276646497,9.607,CH-oop
281,C18H12+,1,18,803.1403,772.6209686,774.740924852861,24.1291,CH-oop
281,C18H12+,1,18,821.1342,789.9311004,792.690636167389,0.9369,CH-oop
281,C18H12+,1,18,863.6151,830.7977262,832.308588824552,26.5695,CH-oop
281,C18H12+,1,18,904.504,870.132848,871.635768488363,1.1912,CH-oop
281,C18H12+,1,18,910.2197,875.6313514,877.674117554041,2.4683,CH-oop
281,C18H12+,1,18,915.7719,880.9725678,882.42019633666,1.0809,CH-oop
281,C18H12+,1,18,947.3346,911.3358852,913.600605258492,0.3047,CH-oop
281,C18H12+,1,18,948.6449,912.5963938,913.583461981862,40.6584,CH-oop
281,C18H12+,1,18,964.3534,927.7079708,928.910624393152,4.0581,CH-oop
281,C18H12+,1,18,1010.6711,972.2655982,973.161150656108,1.2484,ring / CH-ip
281,C18H12+,1,18,1016.3903,977.7674686,979.544303044445,4.882,ring / CH-ip
281,C18H12+,1,18,1019.4342,980.6957004,981.522423214826,6.1085,ring / CH-ip
281,C18H12+,1,18,1035.3854,996.0407548,996.828079585957,0.3108,ring / CH-ip
281,C18H12+,1,18,1058.8147,1018.5797414,1019.22890471248,0.0051,ring / CH-ip
281,C18H12+,1,18,1060.8866,1020.5729092,1021.21511313841,0.0353,ring / CH-ip
281,C18H12+,1,18,1069.2342,1028.6033004,1029.40755525764,3.8574,ring / CH-ip
281,C18H12+,1,18,1072.1775,1031.434755,1032.23155056574,0.28,ring / CH-ip
281,C18H12+,1,18,1146.3446,1102.7835052,1103.03731972159,21.4164,CH-ip-bend
281,C18H12+,1,18,1177.226,1132.491412,1132.5829415933,1.0534,CH-ip-bend
281,C18H12+,1,18,1204.3857,1158.6190434,1158.16712907942,42.0879,CH-ip-bend
281,C18H12+,1,18,1237.4868,1190.4623016,1190.02677391672,5.7509,CH-ip-bend
281,C18H12+,1,18,1240.2082,1193.0802884,1192.54415455495,18.4343,CH-ip-bend
281,C18H12+,1,18,1244.1691,1196.8906742,1196.50597837853,2.1924,CH-ip-bend
281,C18H12+,1,18,1263.5632,1215.5477984,1215.15652276855,1.7483,CH-ip-bend
281,C18H12+,1,18,1286.6458,1237.7532596,1235.95629308929,178.8319,CH-ip-bend
281,C18H12+,1,18,1296.6836,1247.4096232,1246.37431596732,69.6462,CH-ip-bend
281,C18H12+,1,18,1319.205,1269.07521,1268.56313596719,0.6153,CC-stretch/CH-ip
281,C18H12+,1,18,1342.9355,1291.903951,1290.8140893464,47.8914,CC-stretch/CH-ip
281,C18H12+,1,18,1357.6154,1306.0260148,1304.97337451714,46.8069,CC-stretch/CH-ip
281,C18H12+,1,18,1377.5393,1325.1928066,1324.36719383763,4.1913,CC-stretch/CH-ip
281,C18H12+,1,18,1393.0809,1340.1438258,1335.42175088955,618.1911,CC-stretch/CH-ip
281,C18H12+,1,18,1413.9193,1360.1903666,1359.87760095682,9.2661,CC-stretch/CH-ip
281,C18H12+,1,18,1432.6601,1378.2190162,1376.72428819447,141.0952,CC-stretch/CH-ip
281,C18H12+,1,18,1478.3274,1422.1509588,1421.13096257416,2.1105,CC-stretch/CH-ip
281,C18H12+,1,18,1491.7612,1435.0742744,1433.41652494615,5.0751,CC-stretch/CH-ip
281,C18H12+,1,18,1500.9322,1443.8967764,1442.25701240863,0.5253,CC-stretch/CH-ip
281,C18H12+,1,18,1517.1882,1459.5350484,1457.82366800873,0.7546,CC-stretch/CH-ip
281,C18H12+,1,18,1535.8053,1477.4446986,1474.83925250901,120.7507,CC-stretch/CH-ip
281,C18H12+,1,18,1557.7941,1498.5979242,1496.75947203891,10.5347,CC-stretch/CH-ip
281,C18H12+,1,18,1564.2294,1504.7886828,1502.86376415444,29.3647,CC-stretch
281,C18H12+,1,18,1589.5854,1529.1811548,1526.42721530207,139.1764,CC-stretch
281,C18H12+,1,18,1601.8062,1540.9375644,1539.13559844282,46.1113,CC-stretch
281,C18H12+,1,18,1618.0211,1556.5362982,1555.07624060636,9.7064,CC-stretch
281,C18H12+,1,18,1625.2383,1563.4792446,1561.57214190228,75.2801,CC-stretch
281,C18H12+,1,18,3198.7832,3077.2294384,3066.10451659671,0.9013,CH-stretch
281,C18H12+,1,18,3205.1579,3083.3618998,3072.20720920912,0.1052,CH-stretch
281,C18H12+,1,18,3207.4999,3085.6149038,3074.44221678597,0.8782,CH-stretch
281,C18H12+,1,18,3208.458,3086.536596,3075.35694873828,1.0644,CH-stretch
281,C18H12+,1,18,3210.3424,3088.3493888,3077.15917215519,1.2328,CH-stretch
281,C18H12+,1,18,3213.5705,3091.454821,3080.24751085031,1.1302,CH-stretch
281,C18H12+,1,18,3221.1466,3098.7430292,3087.50465706451,0.0186,CH-stretch
281,C18H12+,1,18,3222.1017,3099.6618354,3088.37138715097,6.5208,CH-stretch
281,C18H12+,1,18,3225.6544,3103.0795328,3091.80084986026,2.1818,CH-stretch
281,C18H12+,1,18,3232.9818,3110.1284916,3098.76697445986,7.9637,CH-stretch
281,C18H12+,1,18,3238.9099,3115.8313238,3104.40812819167,12.3037,CH-stretch
281,C18H12+,1,18,3240.1909,3117.0636458,3105.64997917175,9.9632,CH-stretch
296,C17H11N+,1,17,43.3449,41.6977938,48.6489821285684,0.0419,low / skeletal
296,C17H11N+,1,17,75.3996,72.5344152,79.3222269594658,0.0069,low / skeletal
296,C17H11N+,1,17,134.938,129.810356,136.037649189357,0.3957,low / skeletal
296,C17H11N+,1,17,174.4814,167.8511068,174.234512434795,1.7262,low / skeletal
296,C17H11N+,1,17,188.5622,181.3968364,187.672840381721,0.6364,low / skeletal
296,C17H11N+,1,17,227.1119,218.4816478,224.119173861718,4.8722,low / skeletal
296,C17H11N+,1,17,294.1112,282.9349744,288.95711122125,0.0492,low / skeletal
296,C17H11N+,1,17,301.464,290.008368,295.411052869831,5.6697,low / skeletal
296,C17H11N+,1,17,347.6489,334.4382418,339.260235717178,1.5692,low / skeletal
296,C17H11N+,1,17,388.1281,373.3792322,378.569428775009,0.6427,low / skeletal
296,C17H11N+,1,17,413.4047,397.6953214,402.17011943575,4.4316,low / skeletal
296,C17H11N+,1,17,472.6859,454.7238358,458.94213003609,0.028,low / skeletal
296,C17H11N+,1,17,490.8812,472.2277144,476.85817966588,5.2813,low / skeletal
296,C17H11N+,1,17,496.98,478.09476,482.608203368431,6.4507,low / skeletal
296,C17H11N+,1,17,516.6327,497.0006574,501.049886867156,2.9406,low / skeletal
296,C17H11N+,1,17,532.7758,512.5303196,516.371303135534,2.2479,low / skeletal
296,C17H11N+,1,17,562.1907,540.8274534,545.108994178414,7.1588,low / skeletal
296,C17H11N+,1,17,583.2443,561.0810166,565.696718997845,14.5225,low / skeletal
296,C17H11N+,1,17,584.4021,562.1948202,565.792715636316,8.1252,low / skeletal
296,C17H11N+,1,17,595.8953,573.2512786,577.636542630941,5.4115,low / skeletal
296,C17H11N+,1,17,702.0485,675.370657,678.997610152903,7.1398,CH-oop
296,C17H11N+,1,17,708.8149,681.8799338,684.887220982561,0.065,CH-oop
296,C17H11N+,1,17,723.1349,695.6557738,699.208511127317,0.4614,CH-oop
296,C17H11N+,1,17,765.3439,736.2608318,738.59715482677,16.715,CH-oop
296,C17H11N+,1,17,790.4268,760.3905816,761.911577275445,39.9738,CH-oop
296,C17H11N+,1,17,799.6369,769.2506978,771.33029471251,9.0287,CH-oop
296,C17H11N+,1,17,804.186,773.626932,776.810293176326,1.7177,CH-oop
296,C17H11N+,1,17,856.3855,823.842851,824.99908010109,39.9039,CH-oop
296,C17H11N+,1,17,866.637,833.704794,835.088926169131,22.8477,CH-oop
296,C17H11N+,1,17,883.5454,849.9706748,852.593670670952,4.2909,CH-oop
296,C17H11N+,1,17,884.4699,850.8600438,852.465616381512,7.0623,CH-oop
296,C17H11N+,1,17,903.4867,869.1542054,871.170625715462,7.5953,CH-oop
296,C17H11N+,1,17,917.5504,882.6834848,884.696596696711,28.8302,CH-oop
296,C17H11N+,1,17,925.1199,889.9653438,891.312123566125,5.1465,CH-oop
296,C17H11N+,1,17,972.2737,935.3272994,936.357224415665,9.4015,CH-oop
296,C17H11N+,1,17,1007.7268,969.4331816,970.343917021822,1.575,ring / CH-ip
296,C17H11N+,1,17,1025.7782,986.7986284,987.640648274301,1.5075,ring / CH-ip
296,C17H11N+,1,17,1030.4492,991.2921304,992.116295771494,0.0612,ring / CH-ip
296,C17H11N+,1,17,1036.6163,997.2248806,998.014486258101,0.449,ring / CH-ip
296,C17H11N+,1,17,1060.5288,1020.2287056,1020.87244687456,0.0292,ring / CH-ip
296,C17H11N+,1,17,1062.8052,1022.4186024,1023.86671205928,1.9229,ring / CH-ip
296,C17H11N+,1,17,1083.2435,1042.080247,1042.75640678018,6.3573,ring / CH-ip
296,C17H11N+,1,17,1093.5458,1051.9910596,1052.51341017917,18.3909,ring / CH-ip
296,C17H11N+,1,17,1141.1585,1097.794477,1097.41193531836,62.7752,ring / CH-ip
296,C17H11N+,1,17,1188.8789,1143.7015018,1142.71060236325,64.8517,CH-ip-bend
296,C17H11N+,1,17,1201.1252,1155.4824424,1155.35713967897,3.3913,CH-ip-bend
296,C17H11N+,1,17,1229.9425,1183.204685,1182.39888150141,40.9651,CH-ip-bend
296,C17H11N+,1,17,1242.6245,1195.404769,1194.95243630696,3.4658,CH-ip-bend
296,C17H11N+,1,17,1275.861,1227.378282,1227.03443537812,9.8288,CH-ip-bend
296,C17H11N+,1,17,1283.1875,1234.426375,1229.75472191864,292.2936,CH-ip-bend
296,C17H11N+,1,17,1303.4629,1253.9313098,1252.69863880636,44.4361,CC-stretch/CH-ip
296,C17H11N+,1,17,1318.8938,1268.7758356,1268.07053825889,6.8788,CC-stretch/CH-ip
296,C17H11N+,1,17,1326.1618,1275.7676516,1274.87791325068,11.4492,CC-stretch/CH-ip
296,C17H11N+,1,17,1347.0783,1295.8893246,1292.9532289693,156.9612,CC-stretch/CH-ip
296,C17H11N+,1,17,1362.1506,1310.3888772,1309.28418781226,17.2441,CC-stretch/CH-ip
296,C17H11N+,1,17,1373.5552,1321.3601024,1320.76686452409,21.9863,CC-stretch/CH-ip
296,C17H11N+,1,17,1398.4403,1345.2995686,1341.78574040919,221.0497,CC-stretch/CH-ip
296,C17H11N+,1,17,1420.6705,1366.685021,1365.7795178772,18.523,CC-stretch/CH-ip
296,C17H11N+,1,17,1440.7742,1386.0247804,1384.55195489342,8.2209,CC-stretch/CH-ip
296,C17H11N+,1,17,1487.9621,1431.4195402,1429.09803947277,61.03,CC-stretch/CH-ip
296,C17H11N+,1,17,1496.3698,1439.5077476,1437.70538636509,17.8767,CC-stretch/CH-ip
296,C17H11N+,1,17,1503.3806,1446.2521372,1443.88772185795,49.1652,CC-stretch/CH-ip
296,C17H11N+,1,17,1543.0831,1484.4459422,1482.52535249507,13.9018,CC-stretch/CH-ip
296,C17H11N+,1,17,1558.1841,1498.9731042,1495.73793273741,107.9228,CC-stretch/CH-ip
296,C17H11N+,1,17,1566.0258,1506.5168196,1504.56020000104,9.6856,CC-stretch
296,C17H11N+,1,17,1578.4992,1518.5162304,1513.04564426559,265.7065,CC-stretch
296,C17H11N+,1,17,1595.5122,1534.8827364,1527.68982884752,367.929,CC-stretch
296,C17H11N+,1,17,1607.3668,1546.2868616,1543.93729186316,53.2998,CC-stretch
296,C17H11N+,1,17,1619.1349,1557.6077738,1552.71684729645,222.1953,CC-stretch
296,C17H11N+,1,17,1639.0707,1576.7860134,1575.27680049977,11.252,CC-stretch
296,C17H11N+,1,17,3200.5547,3078.9336214,3067.71905904689,5.8717,CH-stretch
296,C17H11N+,1,17,3208.5789,3086.6529018,3075.46695404755,0.9904,CH-stretch
296,C17H11N+,1,17,3208.731,3086.799222,3075.62081091697,0.4194,CH-stretch
296,C17H11N+,1,17,3211.5094,3089.4720428,3078.26210123677,1.5133,CH-stretch
296,C17H11N+,1,17,3220.077,3097.714074,3086.47461582603,0.3814,CH-stretch
296,C17H11N+,1,17,3225.9689,3103.3820818,3092.09005329973,1.8107,CH-stretch
296,C17H11N+,1,17,3233.8558,3110.9692796,3099.64835990522,0.9839,CH-stretch
296,C17H11N+,1,17,3239.327,3116.232574,3104.85170878581,3.1193,CH-stretch
296,C17H11N+,1,17,3241.536,3118.357632,3106.87086417139,9.5193,CH-stretch
296,C17H11N+,1,17,3252.0556,3128.4774872,3116.97763456696,6.3676,CH-stretch
296,C17H11N+,1,17,3254.2237,3130.5631994,3119.08308388176,4.2251,CH-stretch
131,C40H18,0,40,25.1501,24.1943962,31.4123644940794,0.0037,low / skeletal
131,C40H18,0,40,47.8687,46.0496894,53.1415293520756,0.531,low / skeletal
131,C40H18,0,40,86.3732,83.0910184,89.7980886031285,0.8316,low / skeletal
131,C40H18,0,40,140.5947,135.2521014,141.725570728881,1.184,low / skeletal
131,C40H18,0,40,178.2965,171.521233,177.634799294308,0.2872,low / skeletal
131,C40H18,0,40,192.4672,185.1534464,191.43877963856,0.2748,low / skeletal
131,C40H18,0,40,193.0647,185.7282414,192.125304668325,0.4753,low / skeletal
131,C40H18,0,40,245.1364,235.8212168,241.542035750984,0.143,low / skeletal
131,C40H18,0,40,266.9824,256.8370688,262.611940324257,4.2229,low / skeletal
131,C40H18,0,40,285.6682,274.8128084,281.109601373343,0.5431,low / skeletal
131,C40H18,0,40,297.4336,286.1311232,292.210267811406,0.0518,low / skeletal
131,C40H18,0,40,307.2006,295.5269772,301.60861922196,0.0269,low / skeletal
131,C40H18,0,40,321.2333,309.0264346,314.509726333733,0.0174,low / skeletal
131,C40H18,0,40,349.0354,335.7720548,340.944604804831,0.1004,low / skeletal
131,C40H18,0,40,377.1344,362.8032928,368.076586486572,0.145,low / skeletal
131,C40H18,0,40,448.4118,431.3721516,436.64881319396,0.9618,low / skeletal
131,C40H18,0,40,455.3972,438.0921064,442.560958727028,1.4827,low / skeletal
131,C40H18,0,40,469.2296,451.3988752,456.088051013025,0.6941,low / skeletal
131,C40H18,0,40,475.0774,457.0244588,461.384557379092,0.7642,low / skeletal
131,C40H18,0,40,481.7565,463.449753,468.731442797197,0.2811,low / skeletal
131,C40H18,0,40,513.5034,493.9902708,498.292830936667,1.9407,low / skeletal
131,C40H18,0,40,534.3411,514.0361382,518.917011712935,0.08,low / skeletal
131,C40H18,0,40,543.9994,523.3274228,528.022585832001,5.6012,low / skeletal
131,C40H18,0,40,553.6353,532.5971586,536.330418396325,3.5616,low / skeletal
131,C40H18,0,40,563.3735,541.965307,546.544792471674,0.4379,low / skeletal
131,C40H18,0,40,575.6852,553.8091624,558.229227650804,0.0509,low / skeletal
131,C40H18,0,40,581.905,559.79261,563.641157933073,1.4082,low / skeletal
131,C40H18,0,40,589.8941,567.4781242,571.134683862913,3.4423,low / skeletal
131,C40H18,0,40,604.5458,581.5730596,585.608631293935,0.3634,low / skeletal
131,C40H18,0,40,619.5739,596.0300918,600.042854163433,2.8587,low / skeletal
131,C40H18,0,40,660.7913,635.6812306,639.959520774635,1.8928,low / skeletal
131,C40H18,0,40,668.3749,642.9766538,645.813393554018,11.9333,low / skeletal
131,C40H18,0,40,677.4765,651.732393,655.472997514652,5.9431,CH-oop
131,C40H18,0,40,683.8344,657.8486928,662.049582377339,0.1808,CH-oop
131,C40H18,0,40,695.8243,669.3829766,673.301525887013,0.2906,CH-oop
131,C40H18,0,40,706.4967,679.6498254,682.544976962514,2.1013,CH-oop
131,C40H18,0,40,746.1499,717.7962038,721.334027724008,0.1301,CH-oop
131,C40H18,0,40,747.364,718.964168,721.751296012903,3.0546,CH-oop
131,C40H18,0,40,755.056,726.363872,729.985143815203,0.405,CH-oop
131,C40H18,0,40,785.9467,756.0807254,759.31288545331,0.6227,CH-oop
131,C40H18,0,40,788.8805,758.903041,758.111050064336,76.3649,CH-oop
131,C40H18,0,40,797.2477,766.9522874,769.036583236407,1.7241,CH-oop
131,C40H18,0,40,803.9564,773.4060568,776.44782779104,1.6124,CH-oop
131,C40H18,0,40,820.1537,788.9878594,791.109023622384,0.9693,CH-oop
131,C40H18,0,40,827.9365,796.474913,799.545768404034,0.0143,CH-oop
131,C40H18,0,40,850.3367,818.0239054,816.221816620488,93.8918,CH-oop
131,C40H18,0,40,853.6361,821.1979282,824.382781832171,0.7694,CH-oop
131,C40H18,0,40,864.2334,831.3925308,833.043858896258,8.3755,CH-oop
131,C40H18,0,40,885.3468,851.7036216,854.344686590312,1.302,CH-oop
131,C40H18,0,40,913.3992,878.6900304,877.983234879261,57.3217,CH-oop
131,C40H18,0,40,920.0285,885.067417,887.82229525609,0.0328,CH-oop
131,C40H18,0,40,936.7734,901.1760108,901.929223590039,15.1212,CH-oop
131,C40H18,0,40,958.7472,922.3148064,924.808122210206,0.6809,CH-oop
131,C40H18,0,40,973.5459,936.5511558,938.542875957266,2.0853,CH-oop
131,C40H18,0,40,979.8538,942.6193556,943.569449456807,3.2839,CH-oop
131,C40H18,0,40,1004.6428,966.4663736,968.468887248726,1.8438,ring / CH-ip
131,C40H18,0,40,1010.7457,972.3373634,973.188108502218,1.1841,ring / CH-ip
131,C40H18,0,40,1021.3197,982.5095514,983.336511577401,0.5528,ring / CH-ip
131,C40H18,0,40,1043.155,1003.51511,1005.87660049384,0.0001,ring / CH-ip
131,C40H18,0,40,1077.7096,1036.7566352,1038.10229614658,2.0294,ring / CH-ip
131,C40H18,0,40,1085.6956,1044.4391672,1045.71577592356,2.5008,ring / CH-ip
131,C40H18,0,40,1102.4621,1060.5685402,1061.08456871788,2.2351,ring / CH-ip
131,C40H18,0,40,1117.4588,1074.9953656,1075.87184150124,4.41,ring / CH-ip
131,C40H18,0,40,1139.5319,1096.2296878,1096.5325799289,1.5848,ring / CH-ip
131,C40H18,0,40,1142.4134,1099.0016908,1099.2914610117,2.7677,ring / CH-ip
131,C40H18,0,40,1155.2079,1111.3099998,1111.75931376309,0.0579,CH-ip-bend
131,C40H18,0,40,1169.6977,1125.2491874,1125.58193984193,0.7976,CH-ip-bend
131,C40H18,0,40,1211.0635,1165.043087,1164.79453348606,2.139,CH-ip-bend
131,C40H18,0,40,1214.2542,1168.1125404,1167.81829615176,2.7851,CH-ip-bend
131,C40H18,0,40,1215.8793,1169.6758866,1169.452671449,4.1115,CH-ip-bend
131,C40H18,0,40,1233.0501,1186.1941962,1185.92712614642,0.1867,CH-ip-bend
131,C40H18,0,40,1240.1941,1193.0667242,1192.57852485967,1.9654,CH-ip-bend
131,C40H18,0,40,1249.185,1201.71597,1201.28408972427,1.5698,CH-ip-bend
131,C40H18,0,40,1253.4325,1205.802065,1205.51619059027,0.8353,CH-ip-bend
131,C40H18,0,40,1261.3285,1213.398017,1212.9865093842,1.5782,CH-ip-bend
131,C40H18,0,40,1268.0574,1219.8712188,1219.41631406346,2.0369,CH-ip-bend
131,C40H18,0,40,1278.7941,1230.1999242,1229.76352455191,2.7413,CH-ip-bend
131,C40H18,0,40,1290.3841,1241.3495042,1240.71974562451,2.742,CH-ip-bend
131,C40H18,0,40,1294.1326,1244.9555612,1244.33714753872,1.6386,CH-ip-bend
131,C40H18,0,40,1315.1185,1265.143997,1264.4961168822,2.7369,CC-stretch/CH-ip
131,C40H18,0,40,1317.9615,1267.878963,1267.9273480339,0.2517,CC-stretch/CH-ip
131,C40H18,0,40,1337.9425,1287.100685,1286.67315634333,0.6249,CC-stretch/CH-ip
131,C40H18,0,40,1338.8948,1288.0167976,1287.10999730979,4.6633,CC-stretch/CH-ip
131,C40H18,0,40,1351.2709,1299.9226058,1299.50637466342,0.4757,CC-stretch/CH-ip
131,C40H18,0,40,1354.5505,1303.077581,1303.28975521484,0.1396,CC-stretch/CH-ip
131,C40H18,0,40,1371.0777,1318.9767474,1318.13687914459,7.7433,CC-stretch/CH-ip
131,C40H18,0,40,1374.3231,1322.0988222,1321.31951356701,0.6386,CC-stretch/CH-ip
131,C40H18,0,40,1383.4986,1330.9256532,1330.32958969864,6.7709,CC-stretch/CH-ip
131,C40H18,0,40,1391.9139,1339.0211718,1339.10716116647,2.3436,CC-stretch/CH-ip
131,C40H18,0,40,1397.919,1344.798078,1345.03643091481,2.5424,CC-stretch/CH-ip
131,C40H18,0,40,1401.6729,1348.4093298,1348.44996619129,0.0665,CC-stretch/CH-ip
131,C40H18,0,40,1412.8814,1359.1919068,1358.29759269107,1.1924,CC-stretch/CH-ip
131,C40H18,0,40,1418.701,1364.790362,1364.03544980393,7.9903,CC-stretch/CH-ip
131,C40H18,0,40,1429.7506,1375.4200772,1375.29832914436,0.5622,CC-stretch/CH-ip
131,C40H18,0,40,1438.4426,1383.7817812,1382.45556375032,9.121,CC-stretch/CH-ip
131,C40H18,0,40,1443.7101,1388.8491162,1388.30768876819,3.1806,CC-stretch/CH-ip
131,C40H18,0,40,1462.8695,1407.280459,1405.57631312815,20.0124,CC-stretch/CH-ip
131,C40H18,0,40,1471.5586,1415.6393732,1414.70887701892,0.0386,CC-stretch/CH-ip
131,C40H18,0,40,1487.4416,1430.9188192,1429.49799088197,0.039,CC-stretch/CH-ip
131,C40H18,0,40,1488.7851,1432.2112662,1430.828695899,10.1404,CC-stretch/CH-ip
131,C40H18,0,40,1494.4084,1437.6208808,1435.93974068545,3.9292,CC-stretch/CH-ip
131,C40H18,0,40,1513.9228,1456.3937336,1454.07027973114,21.4995,CC-stretch/CH-ip
131,C40H18,0,40,1518.3001,1460.6046962,1459.18712414071,0.4541,CC-stretch/CH-ip
131,C40H18,0,40,1528.72,1470.62864,1469.02414444142,0.8588,CC-stretch/CH-ip
131,C40H18,0,40,1530.6947,1472.5283014,1471.00378115572,2.1176,CC-stretch/CH-ip
131,C40H18,0,40,1548.7496,1489.8971152,1488.08986956894,6.0089,CC-stretch/CH-ip
131,C40H18,0,40,1553.3581,1494.3304922,1493.03190252306,0.324,CC-stretch/CH-ip
131,C40H18,0,40,1565.0199,1505.5491438,1503.74936268201,3.6234,CC-stretch
131,C40H18,0,40,1580.5303,1520.4701486,1518.91267126228,0.1808,CC-stretch
131,C40H18,0,40,1585.252,1525.012424,1522.97887366467,14.9443,CC-stretch
131,C40H18,0,40,1613.9165,1552.587673,1551.23529514557,1.8329,CC-stretch
131,C40H18,0,40,1629.0939,1567.1883318,1565.74484582795,0.0047,CC-stretch
131,C40H18,0,40,1634.7021,1572.5834202,1571.21046561764,0.3986,CC-stretch
131,C40H18,0,40,1635.9488,1573.7827456,1572.27493273318,3.1094,CC-stretch
131,C40H18,0,40,1647.9871,1585.3635902,1584.00470655493,1.7795,CC-stretch
131,C40H18,0,40,3177.4315,3056.689103,3045.68284252566,0.0164,CH-stretch
131,C40H18,0,40,3177.4567,3056.7133454,3045.56151087449,3.7906,CH-stretch
131,C40H18,0,40,3183.3777,3062.4093474,3051.36166791479,0.2677,CH-stretch
131,C40H18,0,40,3183.4445,3062.473609,3051.28118849902,4.0147,CH-stretch
131,C40H18,0,40,3188.1156,3066.9672072,3055.83471300733,1.797,CH-stretch
131,C40H18,0,40,3199.0656,3077.5011072,3066.03187468551,9.1339,CH-stretch
131,C40H18,0,40,3199.2247,3077.6541614,3065.85536940354,17.6772,CH-stretch
131,C40H18,0,40,3201.2188,3079.5724856,3062.27346114472,160.0884,CH-stretch
131,C40H18,0,40,3202.1754,3080.4927348,3068.76133447426,15.4683,CH-stretch
131,C40H18,0,40,3203.443,3081.712166,3068.83533052094,44.986,CH-stretch
131,C40H18,0,40,3210.6263,3088.6225006,3077.18560637832,6.6027,CH-stretch
131,C40H18,0,40,3213.1793,3091.0784866,3079.86579473978,0.4431,CH-stretch
131,C40H18,0,40,3216.5372,3094.3087864,3083.09481000261,0.0264,CH-stretch
131,C40H18,0,40,3221.5963,3099.1756406,3087.51117162473,11.0422,CH-stretch
131,C40H18,0,40,3232.1618,3109.3396516,3097.75454670615,7.4238,CH-stretch
131,C40H18,0,40,3236.1138,3113.1414756,3100.31152128934,39.1586,CH-stretch
131,C40H18,0,40,3239.4325,3116.334065,3103.1890188099,46.9136,CH-stretch
131,C40H18,0,40,3240.7518,3117.6032316,3104.34041630181,49.7941,CH-stretch
280,C18H12,0,18,67.0232,64.4763184,71.2931912685376,0.5043,low / skeletal
280,C18H12,0,18,70.5104,67.8310048,74.4858890985208,0.0009,low / skeletal
280,C18H12,0,18,149.5603,143.8770086,150.1411364346,0.4318,low / skeletal
280,C18H12,0,18,168.7495,162.337019,168.640663645414,0.2964,low / skeletal
280,C18H12,0,18,191.6788,184.3950056,190.350288558912,0.8384,low / skeletal
280,C18H12,0,18,278.0523,267.4863126,272.916297282139,0.7365,low / skeletal
280,C18H12,0,18,297.9958,286.6719596,292.087518828455,0.3838,low / skeletal
280,C18H12,0,18,314.8244,302.8610728,308.446851115683,0.677,low / skeletal
280,C18H12,0,18,368.0658,354.0792996,359.429474087205,0.2213,low / skeletal
280,C18H12,0,18,408.0774,392.5704588,397.214855036137,0.0026,low / skeletal
280,C18H12,0,18,440.9269,424.1716778,428.329722071744,2.7316,low / skeletal
280,C18H12,0,18,468.5076,450.7043112,455.161413872479,1.9437,low / skeletal
280,C18H12,0,18,489.3127,470.7188174,473.843349884942,9.4832,low / skeletal
280,C18H12,0,18,512.2531,492.7874822,497.414298578889,0.0238,low / skeletal
280,C18H12,0,18,535.4156,515.0698072,518.955396104144,1.0519,low / skeletal
280,C18H12,0,18,557.8981,536.6979722,541.23271604986,0.5721,low / skeletal
280,C18H12,0,18,563.6011,542.1842582,545.51220246422,4.5904,low / skeletal
280,C18H12,0,18,595.3748,572.7505576,576.178596021044,1.6839,low / skeletal
280,C18H12,0,18,606.0245,582.995569,586.898051225321,4.2813,low / skeletal
280,C18H12,0,18,659.1426,634.0951812,637.87675481911,2.3987,low / skeletal
280,C18H12,0,18,684.5584,658.5451808,661.987906243227,3.6408,CH-oop
280,C18H12,0,18,718.5307,691.2265334,693.798393103955,3.8677,CH-oop
280,C18H12,0,18,750.7082,722.1812884,725.568570732608,0.2545,CH-oop
280,C18H12,0,18,771.768,742.440816,744.435890016517,2.0616,CH-oop
280,C18H12,0,18,781.5218,751.8239716,747.52346272071,67.6953,CH-oop
280,C18H12,0,18,790.9231,760.8680222,763.346794542558,0.1033,CH-oop
280,C18H12,0,18,791.5888,761.5084256,764.471019265709,1.174,CH-oop
280,C18H12,0,18,813.4258,782.5156196,783.765430095551,10.2526,CH-oop
280,C18H12,0,18,819.0987,787.9729494,790.678600671016,0.5967,CH-oop
280,C18H12,0,18,843.9479,811.8778798,811.717928008192,20.9683,CH-oop
280,C18H12,0,18,883.4587,849.8872694,851.503494885059,0.0465,CH-oop
280,C18H12,0,18,906.8774,872.4160588,873.921489712955,0.1601,CH-oop
280,C18H12,0,18,909.1142,874.5678604,876.348838613062,2.9106,CH-oop
280,C18H12,0,18,921.5811,886.5610182,882.833238667068,54.1754,CH-oop
280,C18H12,0,18,943.1051,907.2671062,907.964827832918,6.8612,CH-oop
280,C18H12,0,18,948.0659,912.0393958,914.31082890864,0.2644,CH-oop
280,C18H12,0,18,984.3726,946.9664412,947.699987308838,3.3213,CH-oop
280,C18H12,0,18,998.0738,960.1469956,960.597980472193,5.4875,ring / CH-ip
280,C18H12,0,18,1017.367,978.707054,979.563986303874,0.0569,ring / CH-ip
280,C18H12,0,18,1022.856,983.987472,985.756849921838,0.0813,ring / CH-ip
280,C18H12,0,18,1030.1084,990.9642808,991.758745554496,0.0004,ring / CH-ip
280,C18H12,0,18,1032.2238,992.9992956,993.779532908092,0.0033,ring / CH-ip
280,C18H12,0,18,1052.5539,1012.5568518,1013.31003562051,1.7977,ring / CH-ip
280,C18H12,0,18,1083.3621,1042.1943402,1042.62353103956,3.1228,ring / CH-ip
280,C18H12,0,18,1147.5508,1103.9438696,1104.34098055189,0.2813,CH-ip-bend
280,C18H12,0,18,1184.2886,1139.2856332,1139.19820604194,1.4675,CH-ip-bend
280,C18H12,0,18,1208.1571,1162.2471302,1161.9118593243,1.6662,CH-ip-bend
280,C18H12,0,18,1219.2128,1172.8827136,1172.53420707674,1.4251,CH-ip-bend
280,C18H12,0,18,1230.0333,1183.2920346,1182.94140368414,0.0159,CH-ip-bend
280,C18H12,0,18,1235.9181,1188.9532122,1188.30700094484,2.8106,CH-ip-bend
280,C18H12,0,18,1256.9728,1209.2078336,1208.74057756588,0.9324,CH-ip-bend
280,C18H12,0,18,1276.8365,1228.316713,1227.67774547934,2.3084,CH-ip-bend
280,C18H12,0,18,1296.7224,1247.4469488,1246.20709909894,7.5443,CH-ip-bend
280,C18H12,0,18,1321.8707,1271.6396134,1271.09984276166,1.0234,CC-stretch/CH-ip
280,C18H12,0,18,1345.5989,1294.4661418,1293.34107356202,2.4502,CC-stretch/CH-ip
280,C18H12,0,18,1355.6355,1304.121351,1303.27578581431,1.199,CC-stretch/CH-ip
280,C18H12,0,18,1374.5193,1322.2875666,1321.72318404839,1.0608,CC-stretch/CH-ip
280,C18H12,0,18,1397.1273,1344.0364626,1342.81783188401,4.2125,CC-stretch/CH-ip
280,C18H12,0,18,1412.0388,1358.3813256,1357.56129020209,2.3112,CC-stretch/CH-ip
280,C18H12,0,18,1441.8442,1387.0541204,1386.79502558755,0.0213,CC-stretch/CH-ip
280,C18H12,0,18,1477.6211,1421.4714982,1420.01828069647,1.2132,CC-stretch/CH-ip
280,C18H12,0,18,1480.9258,1424.6506196,1423.00909833687,0.8954,CC-stretch/CH-ip
280,C18H12,0,18,1506.2355,1448.998551,1447.3753318975,0.287,CC-stretch/CH-ip
280,C18H12,0,18,1521.1633,1463.3590946,1461.06870774726,5.9701,CC-stretch/CH-ip
280,C18H12,0,18,1544.5246,1485.8326652,1483.74971667307,3.5061,CC-stretch/CH-ip
280,C18H12,0,18,1560.8069,1501.4962378,1498.00886989716,18.8134,CC-stretch/CH-ip
280,C18H12,0,18,1607.736,1546.642032,1544.88579855958,2.1613,CC-stretch
280,C18H12,0,18,1613.3729,1552.0647298,1551.1016083675,0.0355,CC-stretch
280,C18H12,0,18,1652.3796,1589.5891752,1587.96381063096,0.3764,CC-stretch
280,C18H12,0,18,3173.049,3052.473138,3041.05227377076,4.6016,CH-stretch
280,C18H12,0,18,3176.098,3055.406276,3044.24427507047,1.7128,CH-stretch
280,C18H12,0,18,3177.1342,3056.4031004,3044.38882286779,10.561,CH-stretch
280,C18H12,0,18,3179.5195,3058.697759,3047.34014692001,3.5628,CH-stretch
280,C18H12,0,18,3181.625,3060.72325,3049.51697425519,1.8702,CH-stretch
280,C18H12,0,18,3189.7645,3068.553449,3056.61452953587,9.0712,CH-stretch
280,C18H12,0,18,3197.1805,3075.687641,3063.0474390352,16.0119,CH-stretch
280,C18H12,0,18,3198.4198,3076.8798476,3060.10604963191,59.1529,CH-stretch
280,C18H12,0,18,3199.6487,3078.0620494,3065.12138274952,19.0049,CH-stretch
280,C18H12,0,18,3209.9499,3087.9718038,3073.47053889931,34.7416,CH-stretch
280,C18H12,0,18,3213.4314,3091.3210068,3074.82687388725,55.3929,CH-stretch
280,C18H12,0,18,3223.7252,3101.2236424,3087.20421940346,28.9231,CH-stretch
537,C28H16,0,28,-7.1921,-6.9188002,0.478118686841754,0.0009,low / skeletal
537,C28H16,0,28,71.7018,68.9771316,75.8637873113291,0.5145,low / skeletal
537,C28H16,0,28,110.1725,105.985945,112.43749957257,1.7309,low / skeletal
537,C28H16,0,28,139.8757,134.5604234,141.132600275834,0.1697,low / skeletal
537,C28H16,0,28,163.9422,157.7123964,164.030100602929,0.1957,low / skeletal
537,C28H16,0,28,259.5589,249.6956618,256.008351973658,0.0039,low / skeletal
537,C28H16,0,28,264.7609,254.6999858,260.50741792897,0.0216,low / skeletal
537,C28H16,0,28,270.626,260.342212,265.931909362681,0.0607,low / skeletal
537,C28H16,0,28,330.5502,317.9892924,323.336315227771,0.922,low / skeletal
537,C28H16,0,28,343.9205,330.851521,336.289164014281,0.4477,low / skeletal
537,C28H16,0,28,367.5574,353.5902188,358.909944408937,0.2573,low / skeletal
537,C28H16,0,28,428.408,412.128496,416.621289131704,0.3652,low / skeletal
537,C28H16,0,28,429.6655,413.338211,418.527036071188,0.2903,low / skeletal
537,C28H16,0,28,441.3212,424.5509944,428.909399416576,1.4109,low / skeletal
537,C28H16,0,28,442.9834,426.1500308,431.409842684621,0.3895,low / skeletal
537,C28H16,0,28,476.9091,458.7865542,463.688475559952,1.5558,low / skeletal
537,C28H16,0,28,483.6922,465.3118964,469.053598516756,6.8693,low / skeletal
537,C28H16,0,28,531.278,511.089436,515.085517688052,0.2961,low / skeletal
537,C28H16,0,28,553.5207,532.4869134,536.790902451931,0.0517,low / skeletal
537,C28H16,0,28,580.9633,558.8866946,563.511097677985,0.0034,low / skeletal
537,C28H16,0,28,607.6301,584.5401562,587.928540593871,20.6537,low / skeletal
537,C28H16,0,28,626.3001,602.5006962,605.733050485644,5.0781,low / skeletal
537,C28H16,0,28,647.7073,623.0944226,627.308672774014,0.0885,low / skeletal
537,C28H16,0,28,659.4139,634.3561718,637.928131925211,0.1025,low / skeletal
537,C28H16,0,28,663.9351,638.7055662,642.678134580351,1.1118,low / skeletal
537,C28H16,0,28,685.1269,659.0920778,662.736623240854,3.8428,CH-oop
537,C28H16,0,28,720.0821,692.7189802,696.551540588875,0.1256,CH-oop
537,C28H16,0,28,726.6507,699.0379734,700.88834005428,14.6915,CH-oop
537,C28H16,0,28,778.2463,748.6729406,750.289176243461,10.7183,CH-oop
537,C28H16,0,28,787.8022,757.8657164,753.699609869229,122.7069,CH-oop
537,C28H16,0,28,797.3735,767.073307,770.188897126592,0.2133,CH-oop
537,C28H16,0,28,816.3906,785.3677572,788.333808181485,0.3525,CH-oop
537,C28H16,0,28,830.3854,798.8307548,799.077717001529,36.7559,CH-oop
537,C28H16,0,28,831.5245,799.926569,803.067310197373,0.6683,CH-oop
537,C28H16,0,28,858.6845,826.054489,828.482442514649,2.1679,CH-oop
537,C28H16,0,28,907.54,873.05348,872.622153840424,38.4566,CH-oop
537,C28H16,0,28,927.5879,892.3395598,893.335574192632,7.4176,CH-oop
537,C28H16,0,28,954.3676,918.1016312,920.406663493119,0.7452,CH-oop
537,C28H16,0,28,978.1365,940.967313,942.041768290309,0.2693,CH-oop
537,C28H16,0,28,996.8964,959.0143368,959.838713917282,3.0799,ring / CH-ip
537,C28H16,0,28,1011.0371,972.6176902,973.425862550793,1.7515,ring / CH-ip
537,C28H16,0,28,1019.384,980.647408,982.680762836389,0.5788,ring / CH-ip
537,C28H16,0,28,1043.0946,1003.4570052,1005.53417181043,0.4963,ring / CH-ip
537,C28H16,0,28,1050.9277,1010.9924474,1012.08132720561,2.2762,ring / CH-ip
537,C28H16,0,28,1059.4413,1019.1825306,1020.26612129786,0.0282,ring / CH-ip
537,C28H16,0,28,1103.3437,1061.4166394,1061.80165524426,3.9748,ring / CH-ip
537,C28H16,0,28,1118.8905,1076.372661,1077.37383764752,0.1517,ring / CH-ip
537,C28H16,0,28,1136.0481,1092.8782722,1093.43600643103,0.1498,ring / CH-ip
537,C28H16,0,28,1155.397,1111.491914,1111.85028247678,0.1698,CH-ip-bend
537,C28H16,0,28,1170.1517,1125.6859354,1125.5780373894,4.3523,CH-ip-bend
537,C28H16,0,28,1186.5149,1141.4273338,1141.47427870108,0.2097,CH-ip-bend
537,C28H16,0,28,1206.4319,1160.5874878,1160.40970755042,1.5535,CH-ip-bend
537,C28H16,0,28,1224.8845,1178.338889,1177.95217656173,1.0959,CH-ip-bend
537,C28H16,0,28,1239.4582,1192.3587884,1191.78222800563,3.0279,CH-ip-bend
537,C28H16,0,28,1254.9663,1207.2775806,1206.73953293931,2.4574,CH-ip-bend
537,C28H16,0,28,1256.22,1208.48364,1208.01039113072,0.7697,CH-ip-bend
537,C28H16,0,28,1274.2642,1225.8421604,1225.04227063877,5.8239,CH-ip-bend
537,C28H16,0,28,1291.8975,1242.805395,1241.99783235194,4.4533,CH-ip-bend
537,C28H16,0,28,1292.5197,1243.4039514,1243.31338820254,0.2223,CH-ip-bend
537,C28H16,0,28,1317.0427,1266.9950774,1266.01769379999,7.1297,CC-stretch/CH-ip
537,C28H16,0,28,1325.8037,1275.4231594,1274.98308041585,0.6505,CC-stretch/CH-ip
537,C28H16,0,28,1343.6067,1292.5496454,1291.84017455767,0.0178,CC-stretch/CH-ip
537,C28H16,0,28,1349.7098,1298.4208276,1297.73674467626,0.8158,CC-stretch/CH-ip
537,C28H16,0,28,1352.829,1301.421498,1301.4754288634,0.4603,CC-stretch/CH-ip
537,C28H16,0,28,1355.5073,1303.9980226,1304.64531278546,0.3744,CC-stretch/CH-ip
537,C28H16,0,28,1371.4239,1319.3097918,1318.24444739544,2.1187,CC-stretch/CH-ip
537,C28H16,0,28,1383.2212,1330.6587944,1331.20918456017,0.0709,CC-stretch/CH-ip
537,C28H16,0,28,1394.3203,1341.3361286,1340.22729616148,4.7759,CC-stretch/CH-ip
537,C28H16,0,28,1405.8667,1352.4437654,1351.51151830092,1.3866,CC-stretch/CH-ip
537,C28H16,0,28,1406.645,1353.19249,1352.74978154962,2.0618,CC-stretch/CH-ip
537,C28H16,0,28,1447.4198,1392.4178476,1392.29324876807,0.5773,CC-stretch/CH-ip
537,C28H16,0,28,1462.6365,1407.056313,1405.7733731471,1.821,CC-stretch/CH-ip
537,C28H16,0,28,1464.5117,1408.8602554,1406.84662842107,12.1435,CC-stretch/CH-ip
537,C28H16,0,28,1506.187,1448.951894,1444.4658854013,54.9733,CC-stretch/CH-ip
537,C28H16,0,28,1509.746,1452.375652,1450.62526442993,3.6294,CC-stretch/CH-ip
537,C28H16,0,28,1520.9066,1463.1121492,1461.51708032157,0.8606,CC-stretch/CH-ip
537,C28H16,0,28,1537.5598,1479.1325276,1477.48376685203,1.0599,CC-stretch/CH-ip
537,C28H16,0,28,1542.3756,1483.7653272,1481.2322742803,15.3461,CC-stretch/CH-ip
537,C28H16,0,28,1558.9787,1499.7375094,1497.89388939384,0.0067,CC-stretch/CH-ip
537,C28H16,0,28,1562.3903,1503.0194686,1501.19835617239,2.4506,CC-stretch
537,C28H16,0,28,1611.1639,1549.9396718,1547.62032823674,11.1283,CC-stretch
537,C28H16,0,28,1620.8864,1559.2927168,1558.04404437912,0.1535,CC-stretch
537,C28H16,0,28,1638.1378,1575.8885636,1574.49305135157,2.3472,CC-stretch
537,C28H16,0,28,1642.8026,1580.3761012,1579.34723586036,0.5917,CC-stretch
537,C28H16,0,28,1650.9878,1588.2502636,1586.19223433758,5.1646,CC-stretch
537,C28H16,0,28,3176.7525,3056.035905,3044.83726766282,3.8306,CH-stretch
537,C28H16,0,28,3181.4264,3060.5321968,3049.50479030407,0.0234,CH-stretch
537,C28H16,0,28,3186.3444,3065.2633128,3054.15596126965,1.0476,CH-stretch
537,C28H16,0,28,3192.3142,3071.0062604,3057.92129724943,38.9917,CH-stretch
537,C28H16,0,28,3192.3447,3071.0356014,3059.9458003945,0.0929,CH-stretch
537,C28H16,0,28,3196.7271,3075.2514702,3062.41502574568,33.7466,CH-stretch
537,C28H16,0,28,3203.3181,3081.5920122,3068.01596602202,47.4552,CH-stretch
537,C28H16,0,28,3210.903,3088.888686,3077.52979571393,3.4131,CH-stretch
537,C28H16,0,28,3211.7186,3089.6732932,3076.19169236364,44.7677,CH-stretch
537,C28H16,0,28,3213.5957,3091.4790634,3079.44971534349,16.2308,CH-stretch
537,C28H16,0,28,3223.2253,3100.7427386,3089.34453014312,2.9108,CH-stretch
537,C28H16,0,28,3226.5088,3103.9014656,3092.6252698392,0.2073,CH-stretch
537,C28H16,0,28,3239.4758,3116.3757196,3104.37332373011,12.9373,CH-stretch
537,C28H16,0,28,3240.4511,3117.3139582,3104.82129429497,22.3941,CH-stretch
537,C28H16,0,28,3246.0094,3122.6610428,3107.81648178766,67.6745,CH-stretch
537,C28H16,0,28,3247.807,3124.390334,3111.99841540383,19.6714,CH-stretch
274,C13H9N,0,13,105.187,101.189894,107.422764693968,3.0669,low / skeletal
274,C13H9N,0,13,124.9097,120.1631314,126.491488041051,0.5413,low / skeletal
274,C13H9N,0,13,236.7995,227.801119,233.240575476284,1.8792,low / skeletal
274,C13H9N,0,13,241.6132,232.4318984,237.977547217982,2.7887,low / skeletal
274,C13H9N,0,13,258.0584,248.2521808,253.792374172371,1.5622,low / skeletal
274,C13H9N,0,13,423.6627,407.5635174,411.94140874633,1.687,low / skeletal
274,C13H9N,0,13,424.7085,408.569577,413.700246107937,1.0152,low / skeletal
274,C13H9N,0,13,454.4765,437.206393,441.562807117986,0.6545,low / skeletal
274,C13H9N,0,13,475.0713,457.0185906,461.568159004836,1.4619,low / skeletal
274,C13H9N,0,13,521.1106,501.3083972,505.128799362061,1.4548,low / skeletal
274,C13H9N,0,13,526.917,506.894154,511.187450580931,0.7049,low / skeletal
274,C13H9N,0,13,577.1266,555.1957892,559.732790650205,0.4122,low / skeletal
274,C13H9N,0,13,579.3408,557.3258496,560.814502605504,1.0858,low / skeletal
274,C13H9N,0,13,630.2477,606.2982874,609.479306644041,1.8754,low / skeletal
274,C13H9N,0,13,653.5552,628.7201024,632.200795048098,6.1513,low / skeletal
274,C13H9N,0,13,733.4061,705.5366682,708.981086279481,0.5298,CH-oop
274,C13H9N,0,13,753.3227,724.6964374,727.678041675154,3.0069,CH-oop
274,C13H9N,0,13,763.1674,734.1670388,735.682995806826,8.4154,CH-oop
274,C13H9N,0,13,782.2044,752.4806328,748.086930842696,51.0203,CH-oop
274,C13H9N,0,13,823.5152,792.2216224,794.046307950037,0.7982,CH-oop
274,C13H9N,0,13,857.0284,824.4613208,820.913759568527,42.1011,CH-oop
274,C13H9N,0,13,879.6825,846.254565,848.776975879327,1.3084,CH-oop
274,C13H9N,0,13,889.9014,856.0851468,854.544147606137,26.3907,CH-oop
274,C13H9N,0,13,912.1386,877.4773332,879.205356553935,3.8116,CH-oop
274,C13H9N,0,13,926.8463,891.6261406,892.835135095723,1.9304,CH-oop
274,C13H9N,0,13,983.9399,946.5501838,947.486962956002,0.949,CH-oop
274,C13H9N,0,13,1006.0252,967.7962424,968.446879138716,2.1922,ring / CH-ip
274,C13H9N,0,13,1020.0566,981.2944492,982.037254016814,0.8687,ring / CH-ip
274,C13H9N,0,13,1034.0165,994.723873,995.463650896027,0.3586,ring / CH-ip
274,C13H9N,0,13,1046.676,1006.902312,1007.56813188209,0.2857,ring / CH-ip
274,C13H9N,0,13,1058.3869,1018.1681978,1018.938266462,4.5529,ring / CH-ip
274,C13H9N,0,13,1073.4698,1032.6779476,1033.37401276774,1.8581,ring / CH-ip
274,C13H9N,0,13,1094.044,1052.470328,1053.09013073421,0.6146,ring / CH-ip
274,C13H9N,0,13,1131.9059,1088.8934758,1088.85205155819,4.2624,ring / CH-ip
274,C13H9N,0,13,1191.0579,1145.7976998,1145.62614879883,0.6664,CH-ip-bend
274,C13H9N,0,13,1207.8081,1161.9113922,1161.20007056362,3.9912,CH-ip-bend
274,C13H9N,0,13,1220.4331,1174.0566422,1173.40806697492,2.9504,CH-ip-bend
274,C13H9N,0,13,1253.3841,1205.7555042,1205.31460181557,1.205,CH-ip-bend
274,C13H9N,0,13,1261.9784,1214.0232208,1213.65940191369,0.1259,CH-ip-bend
274,C13H9N,0,13,1283.929,1235.139698,1234.22068326066,3.3855,CH-ip-bend
274,C13H9N,0,13,1328.4121,1277.9324402,1277.16525172557,1.1618,CC-stretch/CH-ip
274,C13H9N,0,13,1350.7459,1299.4175558,1298.32423993596,3.3569,CC-stretch/CH-ip
274,C13H9N,0,13,1385.6739,1333.0182918,1332.12432192493,2.5337,CC-stretch/CH-ip
274,C13H9N,0,13,1402.0486,1348.7707532,1347.96634885592,0.7026,CC-stretch/CH-ip
274,C13H9N,0,13,1449.6407,1394.5543534,1389.23791985985,35.1438,CC-stretch/CH-ip
274,C13H9N,0,13,1478.5668,1422.3812616,1420.6053277825,1.6609,CC-stretch/CH-ip
274,C13H9N,0,13,1502.2522,1445.1666164,1441.83194800519,13.4511,CC-stretch/CH-ip
274,C13H9N,0,13,1508.8453,1451.5091786,1448.77811084051,8.8921,CC-stretch/CH-ip
274,C13H9N,0,13,1554.9391,1495.8514142,1493.40073404847,6.2051,CC-stretch/CH-ip
274,C13H9N,0,13,1565.0866,1505.6133092,1502.01264794007,15.2568,CC-stretch
274,C13H9N,0,13,1610.401,1549.205762,1547.50235116212,5.0528,CC-stretch
274,C13H9N,0,13,1644.2806,1581.7979372,1578.81160879616,12.292,CC-stretch
274,C13H9N,0,13,3175.7963,3055.1160406,3043.94674391622,1.3476,CH-stretch
274,C13H9N,0,13,3179.3905,3058.573661,3047.31574799661,1.8895,CH-stretch
274,C13H9N,0,13,3182.3201,3061.3919362,3048.03023479912,18.2039,CH-stretch
274,C13H9N,0,13,3188.3952,3067.2361824,3054.04186337504,16.6454,CH-stretch
274,C13H9N,0,13,3192.3027,3070.9951974,3058.12649475943,13.9392,CH-stretch
274,C13H9N,0,13,3198.3301,3076.7935562,3059.96914981877,44.6012,CH-stretch
274,C13H9N,0,13,3209.7709,3087.7996058,3071.24966384838,41.9739,CH-stretch
274,C13H9N,0,13,3220.9558,3098.5594796,3083.09900439072,32.9975,CH-stretch
274,C13H9N,0,13,3237.1066,3114.0965492,3101.79025854195,7.674,CH-stretch
540,C40H22+,1,40,9.8189,9.4457818,17.0076438711324,0.2181,low / skeletal
540,C40H22+,1,40,41.5995,40.018719,47.3478585595974,0.0169,low / skeletal
540,C40H22+,1,40,42.6906,41.0683572,47.9647071647225,0.0049,low / skeletal
540,C40H22+,1,40,56.5173,54.3696426,61.4181407407473,1.3307,low / skeletal
540,C40H22+,1,40,69.1551,66.5272062,73.6113386971213,0.1547,low / skeletal
540,C40H22+,1,40,110.721,106.513602,113.179994484787,0.095,low / skeletal
540,C40H22+,1,40,122.9003,118.2300886,124.929600288678,0.273,low / skeletal
540,C40H22+,1,40,153.8674,148.0204388,154.20626891879,0.0274,low / skeletal
540,C40H22+,1,40,176.6018,169.8909316,176.679115865451,0.0574,low / skeletal
540,C40H22+,1,40,192.5254,185.2094348,191.303957100211,0.6175,low / skeletal
540,C40H22+,1,40,217.1132,208.8628984,215.151683881928,3.5364,low / skeletal
540,C40H22+,1,40,229.9235,221.186407,227.34132495478,0.7297,low / skeletal
540,C40H22+,1,40,281.159,270.474958,276.565005962663,14.4832,low / skeletal
540,C40H22+,1,40,288.3695,277.411459,282.96119499873,0.0129,low / skeletal
540,C40H22+,1,40,318.825,306.70965,312.229150105908,1.3226,low / skeletal
540,C40H22+,1,40,352.0439,338.6662318,343.925626136348,0.0794,low / skeletal
540,C40H22+,1,40,368.8506,354.8342772,359.961514973165,0.0259,low / skeletal
540,C40H22+,1,40,405.8398,390.4178876,395.469817888361,0.0626,low / skeletal
540,C40H22+,1,40,409.5967,394.0320254,398.852829193767,8.0428,low / skeletal
540,C40H22+,1,40,423.7764,407.6728968,412.237385999469,2.7538,low / skeletal
540,C40H22+,1,40,426.7236,410.5081032,415.322216095739,20.7371,low / skeletal
540,C40H22+,1,40,429.7215,413.392083,418.766211753421,0.0822,low / skeletal
540,C40H22+,1,40,460.1501,442.6643962,446.886913205089,2.3088,low / skeletal
540,C40H22+,1,40,462.8053,445.2186986,449.536989992703,11.9232,low / skeletal
540,C40H22+,1,40,483.318,464.951916,469.101240494613,19.1447,low / skeletal
540,C40H22+,1,40,484.1079,465.7117998,469.811028937523,0.022,low / skeletal
540,C40H22+,1,40,515.9731,496.3661222,500.996483882207,0.0457,low / skeletal
540,C40H22+,1,40,522.9694,503.0965628,507.256444955752,0.1127,low / skeletal
540,C40H22+,1,40,534.3988,514.0916456,518.854918118654,0.1366,low / skeletal
540,C40H22+,1,40,535.5326,515.1823612,520.654209234495,306.6676,low / skeletal
540,C40H22+,1,40,563.3405,541.933561,545.665765807107,0.001,low / skeletal
540,C40H22+,1,40,594.8375,572.233675,576.3813873825,0.2078,low / skeletal
540,C40H22+,1,40,625.9892,602.2016104,605.982655105563,14.1911,low / skeletal
540,C40H22+,1,40,642.6421,618.2217002,622.74836672324,140.3789,low / skeletal
540,C40H22+,1,40,655.4077,630.5022074,634.572415173316,0.0144,low / skeletal
540,C40H22+,1,40,665.1781,639.9013322,644.054741692196,33.9435,low / skeletal
540,C40H22+,1,40,679.0301,653.2269562,657.19497246135,0.0007,CH-oop
540,C40H22+,1,40,681.5942,655.6936204,659.692615317955,0.0358,CH-oop
540,C40H22+,1,40,698.0256,671.5006272,675.155195768679,0.0081,CH-oop
540,C40H22+,1,40,739.2455,711.154171,713.778297765042,19.7271,CH-oop
540,C40H22+,1,40,750.6697,722.1442514,724.846844050826,0.1778,CH-oop
540,C40H22+,1,40,776.1646,746.6703452,750.117346950107,0.3002,CH-oop
540,C40H22+,1,40,782.7026,752.9599012,755.139650432657,11.7415,CH-oop
540,C40H22+,1,40,782.8658,753.1168996,755.48936053752,103.3035,CH-oop
540,C40H22+,1,40,782.9916,753.2379192,756.191459324117,56.1279,CH-oop
540,C40H22+,1,40,783.358,753.590396,756.72825931503,2.2744,CH-oop
540,C40H22+,1,40,786.813,756.914106,759.374196737544,0.1635,CH-oop
540,C40H22+,1,40,797.3824,767.0818688,769.277304416545,1.8928,CH-oop
540,C40H22+,1,40,802.2356,771.7506472,774.714318216633,0.0784,CH-oop
540,C40H22+,1,40,806.9068,776.2443416,779.635148154039,139.921,CH-oop
540,C40H22+,1,40,834.3136,802.6096832,804.741150105013,60.0227,CH-oop
540,C40H22+,1,40,858.9213,826.2822906,828.282637433239,0.0027,CH-oop
540,C40H22+,1,40,874.7024,841.4637088,843.629988391344,0.5006,CH-oop
540,C40H22+,1,40,887.914,854.173268,855.763529611666,0.005,CH-oop
540,C40H22+,1,40,898.7906,864.6365572,866.205886085271,4.5747,CH-oop
540,C40H22+,1,40,900.1928,865.9854736,867.54902049276,4.296,CH-oop
540,C40H22+,1,40,911.0456,876.4258672,878.293440079594,5.4549,CH-oop
540,C40H22+,1,40,924.4815,889.351203,890.819142392489,0.0796,CH-oop
540,C40H22+,1,40,942.5492,906.7323304,908.056121911336,4.9327,CH-oop
540,C40H22+,1,40,956.9421,920.5783002,922.729516752188,1.0235,CH-oop
540,C40H22+,1,40,958.765,922.33193,923.839631716659,114.8326,CH-oop
540,C40H22+,1,40,959.9906,923.5109572,924.758099740923,9.3932,CH-oop
540,C40H22+,1,40,966.139,929.425718,930.676227226221,0.0251,CH-oop
540,C40H22+,1,40,987.9916,950.4479192,952.878950037137,0.2889,ring / CH-ip
540,C40H22+,1,40,1014.0622,975.5278364,976.444747329727,10.6128,ring / CH-ip
540,C40H22+,1,40,1014.069,975.534378,976.427319655684,0.173,ring / CH-ip
540,C40H22+,1,40,1030.0352,990.8938624,991.699030966711,1.5453,ring / CH-ip
540,C40H22+,1,40,1039.176,999.687312,1001.78686560654,0.1814,ring / CH-ip
540,C40H22+,1,40,1050.3701,1010.4560362,1011.14785194379,0.0001,ring / CH-ip
540,C40H22+,1,40,1056.2764,1016.1378968,1017.1363109924,35.9695,ring / CH-ip
540,C40H22+,1,40,1056.4211,1016.2770982,1017.1899290308,0.0003,ring / CH-ip
540,C40H22+,1,40,1073.4067,1032.6172454,1033.77174726978,0.0537,ring / CH-ip
540,C40H22+,1,40,1132.2359,1089.2109358,1089.88430631053,24.7942,ring / CH-ip
540,C40H22+,1,40,1153.8392,1109.9933104,1110.3309193647,0.1134,CH-ip-bend
540,C40H22+,1,40,1169.5097,1125.0683314,1125.21251061634,4.1797,CH-ip-bend
540,C40H22+,1,40,1175.0793,1130.4262866,1130.60351707734,0.804,CH-ip-bend
540,C40H22+,1,40,1223.2988,1176.8134456,1179.45868787852,1267.8285,CH-ip-bend
540,C40H22+,1,40,1231.1828,1184.3978536,1184.04317038173,0.0804,CH-ip-bend
540,C40H22+,1,40,1236.5422,1189.5535964,1189.19058499648,0.4205,CH-ip-bend
540,C40H22+,1,40,1240.4377,1193.3010674,1192.99562393423,1.2126,CH-ip-bend
540,C40H22+,1,40,1252.5581,1204.9608922,1204.58570738464,2.3402,CH-ip-bend
540,C40H22+,1,40,1260.249,1212.359538,1212.05229594317,85.7486,CH-ip-bend
540,C40H22+,1,40,1299.5923,1250.2077926,1259.34092007525,4176.6424,CC-stretch/CH-ip
540,C40H22+,1,40,1303.5232,1253.9893184,1253.63383506014,14.6378,CC-stretch/CH-ip
540,C40H22+,1,40,1312.7121,1262.8290402,1262.41982766212,0.2698,CC-stretch/CH-ip
540,C40H22+,1,40,1316.4111,1266.3874782,1266.29036493497,0.0125,CC-stretch/CH-ip
540,C40H22+,1,40,1331.7883,1281.1803446,1280.68107433195,0.9875,CC-stretch/CH-ip
540,C40H22+,1,40,1337.8448,1287.0066976,1286.97490384164,39.1019,CC-stretch/CH-ip
540,C40H22+,1,40,1339.9064,1288.9899568,1288.3333797561,16.5962,CC-stretch/CH-ip
540,C40H22+,1,40,1356.8704,1305.3093248,1305.28808787033,4.9452,CC-stretch/CH-ip
540,C40H22+,1,40,1366.4489,1314.5238418,1315.5409654191,393.483,CC-stretch/CH-ip
540,C40H22+,1,40,1371.6287,1319.5068094,1318.47816945557,2.0716,CC-stretch/CH-ip
540,C40H22+,1,40,1399.8964,1346.7003368,1346.41396584628,1.9382,CC-stretch/CH-ip
540,C40H22+,1,40,1408.9827,1355.4413574,1369.39339709188,6374.0892,CC-stretch/CH-ip
540,C40H22+,1,40,1415.8784,1362.0750208,1367.43407325343,2266.9314,CC-stretch/CH-ip
540,C40H22+,1,40,1416.7297,1362.8939714,1361.91630425441,2.1755,CC-stretch/CH-ip
540,C40H22+,1,40,1429.7369,1375.4068978,1375.19362264354,2.0135,CC-stretch/CH-ip
540,C40H22+,1,40,1436.6082,1382.0170884,1382.65354377838,221.645,CC-stretch/CH-ip
540,C40H22+,1,40,1445.5702,1390.6385324,1390.68544283259,0.0053,CC-stretch/CH-ip
540,C40H22+,1,40,1464.8619,1409.1971478,1408.22175082644,0.1222,CC-stretch/CH-ip
540,C40H22+,1,40,1465.5688,1409.8771856,1408.53467388832,12.3608,CC-stretch/CH-ip
540,C40H22+,1,40,1502.4177,1445.3258274,1443.70745068125,13.2356,CC-stretch/CH-ip
540,C40H22+,1,40,1516.3229,1458.7026298,1457.3071793168,2.3584,CC-stretch/CH-ip
540,C40H22+,1,40,1517.4902,1459.8255724,1458.45749560341,50.7144,CC-stretch/CH-ip
540,C40H22+,1,40,1528.5744,1470.4885728,1468.71165177008,0.7784,CC-stretch/CH-ip
540,C40H22+,1,40,1536.0856,1477.7143472,1477.32161940337,596.0601,CC-stretch/CH-ip
540,C40H22+,1,40,1550.6788,1491.7530056,1490.19115633075,0.3522,CC-stretch/CH-ip
540,C40H22+,1,40,1566.7769,1507.2393778,1515.58478446441,4293.2768,CC-stretch
540,C40H22+,1,40,1579.9132,1519.8764984,1518.30206682134,0.5076,CC-stretch
540,C40H22+,1,40,1585.3975,1525.152395,1528.79970178658,2172.3281,CC-stretch
540,C40H22+,1,40,1600.0752,1539.2723424,1538.18687073977,1.1909,CC-stretch
540,C40H22+,1,40,1615.9663,1554.5595806,1553.11986845684,38.2779,CC-stretch
540,C40H22+,1,40,1619.9659,1558.4071958,1556.77939061458,2.5939,CC-stretch
540,C40H22+,1,40,1627.5789,1565.7309018,1564.33912936712,2.1383,CC-stretch
540,C40H22+,1,40,1649.6967,1587.0082254,1585.29654264696,2.9479,CC-stretch
540,C40H22+,1,40,1652.1732,1589.3906184,1587.79526033297,18.5842,CC-stretch
540,C40H22+,1,40,3188.2493,3067.0958266,3056.0614969209,11.9126,CH-stretch
540,C40H22+,1,40,3190.3875,3069.152775,3058.15648723893,33.4484,CH-stretch
540,C40H22+,1,40,3190.43,3069.19366,3058.12054188241,0.0145,CH-stretch
540,C40H22+,1,40,3196.62,3075.14844,3064.05882006619,8.1092,CH-stretch
540,C40H22+,1,40,3199.8374,3078.2435788,3067.20881279851,39.3654,CH-stretch
540,C40H22+,1,40,3199.8745,3078.279269,3067.15417826333,0.0457,CH-stretch
540,C40H22+,1,40,3208.0732,3086.1664184,3075.02398287768,11.9181,CH-stretch
540,C40H22+,1,40,3208.3054,3086.3897948,3075.21941320424,0.2717,CH-stretch
540,C40H22+,1,40,3215.7069,3093.5100378,3082.35741609738,24.2761,CH-stretch
540,C40H22+,1,40,3220.5746,3098.1927652,3087.05251429822,41.6856,CH-stretch
540,C40H22+,1,40,3222.4166,3099.9647692,3088.72257526099,1.4112,CH-stretch
540,C40H22+,1,40,3223.9973,3101.4854026,3090.23181183965,0.0492,CH-stretch
540,C40H22+,1,40,3229.4756,3106.7555272,3096.30222059108,360.6734,CH-stretch
540,C40H22+,1,40,3229.6916,3106.9633192,3095.68386423288,0.7723,CH-stretch
540,C40H22+,1,40,3243.1137,3119.8753794,3108.54469983903,12.3445,CH-stretch
540,C40H22+,1,40,3247.3086,3123.9108732,3112.60884609636,33.6195,CH-stretch
540,C40H22+,1,40,3247.932,3124.510584,3113.12939953023,0.6236,CH-stretch
390,C20H12+,1,20,58.3949,56.1758938,62.9163719400933,0.0004,low / skeletal
390,C20H12+,1,20,82.3563,79.2267606,85.8231500897532,2.836,low / skeletal
390,C20H12+,1,20,117.4776,113.0134512,119.375446633388,2.4247,low / skeletal
390,C20H12+,1,20,149.0381,143.3746522,149.609168369795,0.346,low / skeletal
390,C20H12+,1,20,174.0531,167.4390822,173.736158100012,0.7441,low / skeletal
390,C20H12+,1,20,226.8801,218.2586562,224.163922362735,0.1732,low / skeletal
390,C20H12+,1,20,278.0697,267.5030514,273.159025517549,0.1657,low / skeletal
390,C20H12+,1,20,290.4418,279.4050116,284.966251119481,0.1375,low / skeletal
390,C20H12+,1,20,316.3618,304.3400516,309.497570203176,1.2791,low / skeletal
390,C20H12+,1,20,354.8017,341.3192354,346.704503233369,2.3606,low / skeletal
390,C20H12+,1,20,393.3955,378.446471,383.832390539073,0.6936,low / skeletal
390,C20H12+,1,20,411.8614,396.2106668,400.864797279258,0.0002,low / skeletal
390,C20H12+,1,20,425.8142,409.6332604,414.1088476953,0.4254,low / skeletal
390,C20H12+,1,20,463.5901,445.9736762,451.059944645081,0.7727,low / skeletal
390,C20H12+,1,20,484.4076,466.0001112,469.935881767172,7.0798,low / skeletal
390,C20H12+,1,20,499.3209,480.3467058,484.489461465969,0.4348,low / skeletal
390,C20H12+,1,20,532.4314,512.1990068,516.42635958174,3.8294,low / skeletal
390,C20H12+,1,20,547.4037,526.6023594,530.337690687705,1.3117,low / skeletal
390,C20H12+,1,20,603.0958,580.1781596,584.24058615073,2.1025,low / skeletal
390,C20H12+,1,20,609.2672,586.1150464,589.377706752771,6.824,low / skeletal
390,C20H12+,1,20,647.1832,622.5902384,626.834634076973,1.8162,low / skeletal
390,C20H12+,1,20,650.0042,625.3040404,629.403298895847,0.5679,low / skeletal
390,C20H12+,1,20,651.3425,626.591485,629.228206640841,16.7564,low / skeletal
390,C20H12+,1,20,677.3906,651.6497572,655.40152701844,1.0666,CH-oop
390,C20H12+,1,20,712.3464,685.2772368,688.834276245415,0.1507,CH-oop
390,C20H12+,1,20,746.6523,718.2795126,720.77357913224,3.3647,CH-oop
390,C20H12+,1,20,771.0474,741.7475988,742.684310153173,31.9275,CH-oop
390,C20H12+,1,20,774.4086,744.9810732,748.081419803744,3.8661,CH-oop
390,C20H12+,1,20,782.3542,752.6247404,752.708674060133,45.3146,CH-oop
390,C20H12+,1,20,784.8966,755.0705292,757.236477257246,1.1357,CH-oop
390,C20H12+,1,20,820.5065,789.327253,788.741714628032,57.497,CH-oop
390,C20H12+,1,20,837.3695,805.549459,807.603127784891,0.015,CH-oop
390,C20H12+,1,20,862.6088,829.8296656,832.140827934,7.6043,CH-oop
390,C20H12+,1,20,900.7015,866.474843,867.718370463452,6.1292,CH-oop
390,C20H12+,1,20,925.546,890.375252,891.715009629579,1.1538,CH-oop
390,C20H12+,1,20,938.4551,902.7938062,905.168033339799,0.8887,CH-oop
390,C20H12+,1,20,949.8357,913.7419434,914.134455441056,19.0622,CH-oop
390,C20H12+,1,20,973.9754,936.9643348,938.763810244174,10.1476,CH-oop
390,C20H12+,1,20,979.5245,942.302569,943.308128524613,2.1766,CH-oop
390,C20H12+,1,20,993.4947,955.7419014,956.751923881962,0.1312,ring / CH-ip
390,C20H12+,1,20,996.3304,958.4698448,960.492341985415,5.3796,ring / CH-ip
390,C20H12+,1,20,1015.7861,977.1862282,977.955069784197,2.6469,ring / CH-ip
390,C20H12+,1,20,1047.2547,1007.4590214,1008.13548150463,0.7923,ring / CH-ip
390,C20H12+,1,20,1048.0758,1008.2489196,1008.95345819534,0.1244,ring / CH-ip
390,C20H12+,1,20,1059.8747,1019.5994614,1019.8030791683,14.752,ring / CH-ip
390,C20H12+,1,20,1060.8927,1020.5787774,1021.21438015319,0.1488,ring / CH-ip
390,C20H12+,1,20,1074.8628,1034.0180136,1034.74318697697,3.1997,ring / CH-ip
390,C20H12+,1,20,1085.3857,1044.1410434,1044.59610994613,5.2465,ring / CH-ip
390,C20H12+,1,20,1120.7647,1078.1756414,1078.73764181293,5.3983,ring / CH-ip
390,C20H12+,1,20,1138.2697,1095.0154514,1090.92161756376,99.9319,ring / CH-ip
390,C20H12+,1,20,1163.5784,1119.3624208,1119.4351078675,3.6349,CH-ip-bend
390,C20H12+,1,20,1214.6037,1168.4487594,1167.61444631681,13.4326,CH-ip-bend
390,C20H12+,1,20,1217.6682,1171.3968084,1170.73448641009,12.623,CH-ip-bend
390,C20H12+,1,20,1241.4342,1194.2597004,1192.81870042213,22.2642,CH-ip-bend
390,C20H12+,1,20,1242.6543,1195.4334366,1194.77692975506,5.7666,CH-ip-bend
390,C20H12+,1,20,1244.0266,1196.7535892,1194.59705347451,39.119,CH-ip-bend
390,C20H12+,1,20,1286.483,1237.596646,1236.33563532974,18.7613,CH-ip-bend
390,C20H12+,1,20,1297.6017,1248.2928354,1246.9598660503,17.7058,CH-ip-bend
390,C20H12+,1,20,1327.5059,1277.0606758,1274.29254999379,48.3675,CC-stretch/CH-ip
390,C20H12+,1,20,1341.0969,1290.1352178,1289.00489950608,21.2532,CC-stretch/CH-ip
390,C20H12+,1,20,1348.277,1297.042474,1291.02222943067,114.5499,CC-stretch/CH-ip
390,C20H12+,1,20,1374.0101,1321.7977162,1319.93077673358,19.0857,CC-stretch/CH-ip
390,C20H12+,1,20,1394.2887,1341.3057294,1335.45632632291,134.8222,CC-stretch/CH-ip
390,C20H12+,1,20,1430.4205,1376.064521,1371.50299476835,73.3564,CC-stretch/CH-ip
390,C20H12+,1,20,1435.7042,1381.1474404,1375.08836557557,119.4821,CC-stretch/CH-ip
390,C20H12+,1,20,1461.3904,1405.8575648,1399.87714990814,101.7686,CC-stretch/CH-ip
390,C20H12+,1,20,1497.1633,1440.2710946,1436.52223987632,53.4085,CC-stretch/CH-ip
390,C20H12+,1,20,1499.1613,1442.1931706,1438.98721532393,34.9122,CC-stretch/CH-ip
390,C20H12+,1,20,1511.4009,1453.9676658,1452.00895330399,7.8187,CC-stretch/CH-ip
390,C20H12+,1,20,1522.8539,1464.9854518,1463.05244133429,5.4168,CC-stretch/CH-ip
390,C20H12+,1,20,1534.7352,1476.4152624,1473.68577599437,24.056,CC-stretch/CH-ip
390,C20H12+,1,20,1568.9409,1509.3211458,1507.17426842305,13.7971,CC-stretch
390,C20H12+,1,20,1587.5179,1527.1922198,1522.62749991193,63.1818,CC-stretch
390,C20H12+,1,20,1611.8709,1550.6198058,1546.54944747188,54.0154,CC-stretch
390,C20H12+,1,20,1624.4122,1562.6845364,1559.04246140193,44.9631,CC-stretch
390,C20H12+,1,20,1637.81,1575.57322,1574.25773963408,5.8257,CC-stretch
390,C20H12+,1,20,1641.6748,1579.2911576,1573.71671045466,92.0917,CC-stretch
390,C20H12+,1,20,3200.52,3078.90024,3067.76579574854,0.1514,CH-stretch
390,C20H12+,1,20,3208.5093,3086.5859466,3075.34901285231,1.4123,CH-stretch
390,C20H12+,1,20,3209.5299,3087.5677638,3076.36737803527,0.5,CH-stretch
390,C20H12+,1,20,3211.4977,3089.4607874,3078.25460899777,0.3909,CH-stretch
390,C20H12+,1,20,3218.0659,3095.7793958,3084.509075446,1.0427,CH-stretch
390,C20H12+,1,20,3219.4878,3097.1472636,3085.88216447186,0.7517,CH-stretch
390,C20H12+,1,20,3221.3159,3098.9058958,3087.61493355293,1.0976,CH-stretch
390,C20H12+,1,20,3230.9191,3108.1441742,3096.40598816253,9.662,CH-stretch
390,C20H12+,1,20,3233.4528,3110.5815936,3098.88734025743,8.4532,CH-stretch
390,C20H12+,1,20,3236.688,3113.693856,3102.23296320686,3.0414,CH-stretch
390,C20H12+,1,20,3242.3021,3119.0946202,3107.28685532107,9.8699,CH-stretch
390,C20H12+,1,20,3267.2696,3143.1133552,3131.28843070004,7.2739,CH-stretch
550,C24H14-,-1,24,13.5857,13.0694434,20.2607843541473,0.0311,low / skeletal
550,C24H14-,-1,24,126.6777,121.8639474,128.384541966298,0.7847,low / skeletal
550,C24H14-,-1,24,222.753,214.288386,220.34437217291,1.6469,low / skeletal
550,C24H14-,-1,24,312.003,300.146886,305.685167026465,0.3917,low / skeletal
550,C24H14-,-1,24,372.8157,358.6487034,363.692804287575,30.6008,low / skeletal
550,C24H14-,-1,24,443.8391,426.9732142,431.266092053105,6.7712,low / skeletal
550,C24H14-,-1,24,497.3102,478.4124124,483.251570146158,0.0496,low / skeletal
550,C24H14-,-1,24,504.953,485.764786,490.272854460573,15.3218,low / skeletal
550,C24H14-,-1,24,511.9197,492.4667514,496.635548713204,0.213,low / skeletal
550,C24H14-,-1,24,636.9028,612.7004936,617.083204458352,2.175,low / skeletal
550,C24H14-,-1,24,647.4052,622.8038024,626.96274952809,0.0978,low / skeletal
550,C24H14-,-1,24,686.1325,660.059465,662.617778665768,26.096,CH-oop
550,C24H14-,-1,24,749.6339,721.1478118,722.408059785156,176.4059,CH-oop
550,C24H14-,-1,24,774.5173,745.0856426,748.49243548191,3.0278,CH-oop
550,C24H14-,-1,24,793.4095,763.259939,766.072285070068,0.0813,CH-oop
550,C24H14-,-1,24,809.744,778.973728,782.000719792406,6.0526,CH-oop
550,C24H14-,-1,24,936.962,901.357444,902.658912048579,1.8302,CH-oop
550,C24H14-,-1,24,964.6691,928.0116742,929.147113273778,0.5967,CH-oop
550,C24H14-,-1,24,975.8141,938.7331642,938.017017391975,501.6364,CH-oop
550,C24H14-,-1,24,1050.1519,1010.2461278,1012.49883072795,2.1395,ring / CH-ip
550,C24H14-,-1,24,1071.4624,1030.7468288,1030.59065372939,167.4041,ring / CH-ip
550,C24H14-,-1,24,1105.1993,1063.2017266,1063.89182167126,19.3858,ring / CH-ip
550,C24H14-,-1,24,1148.9578,1105.2974036,1104.82511989375,169.4789,CH-ip-bend
550,C24H14-,-1,24,1165.1048,1120.8308176,1120.91351420204,3.9593,CH-ip-bend
550,C24H14-,-1,24,1219.1084,1172.7822808,1171.96187999559,84.0154,CH-ip-bend
550,C24H14-,-1,24,1243.2173,1195.9750426,1195.01953364792,95.3182,CH-ip-bend
550,C24H14-,-1,24,1269.4614,1221.2218668,1218.79730231303,329.8482,CH-ip-bend
550,C24H14-,-1,24,1282.7946,1234.0484052,1233.39968863696,99.9557,CH-ip-bend
550,C24H14-,-1,24,1335.4643,1284.7166566,1280.43850560709,709.7616,CC-stretch/CH-ip
550,C24H14-,-1,24,1358.888,1307.250256,1304.99564489137,335.1864,CC-stretch/CH-ip
550,C24H14-,-1,24,1396.1454,1343.0918748,1342.17763188645,188.9752,CC-stretch/CH-ip
550,C24H14-,-1,24,1432.9106,1378.4599972,1377.14631975016,4.3964,CC-stretch/CH-ip
550,C24H14-,-1,24,1464.8638,1409.1989756,1407.33214755171,75.2741,CC-stretch/CH-ip
550,C24H14-,-1,24,1510.1571,1452.7711302,1450.84143413656,60.8414,CC-stretch/CH-ip
550,C24H14-,-1,24,1520.6326,1462.8485612,1459.96068901665,206.413,CC-stretch/CH-ip
550,C24H14-,-1,24,1563.7443,1504.3220166,1500.65701887753,331.1863,CC-stretch
550,C24H14-,-1,24,1574.3958,1514.5687596,1512.62850157938,16.7974,CC-stretch
550,C24H14-,-1,24,1610.3488,1549.1555456,1547.17394827107,138.7411,CC-stretch
550,C24H14-,-1,24,1631.5803,1569.5802486,1568.08432014403,3.021,CC-stretch
550,C24H14-,-1,24,3139.9512,3020.6330544,3008.69584093695,185.8564,CH-stretch
550,C24H14-,-1,24,3150.1735,3030.466907,3019.17150100857,71.4102,CH-stretch
550,C24H14-,-1,24,3171.0031,3050.5049822,3038.66194368477,143.3338,CH-stretch
550,C24H14-,-1,24,3199.1416,3077.5742192,3066.42005997131,5.7349,CH-stretch
550,C24H14-,-1,24,3199.5639,3077.9804718,3066.7303371063,21.106,CH-stretch
550,C24H14-,-1,24,3221.7411,3099.3149382,3086.87326465323,196.3446,CH-stretch
550,C24H14-,-1,24,3223.554,3101.058948,3089.02165745904,128.5357,CH-stretch
305,C22H14,0,22,55.2218,53.1233716,59.9832445531999,0.3183,low / skeletal
305,C22H14,0,22,118.9526,114.4324012,121.116127143842,0.1371,low / skeletal
305,C22H14,0,22,129.9882,125.0486484,131.327874236955,1.199,low / skeletal
305,C22H14,0,22,191.465,184.18933,190.218458854666,0.1854,low / skeletal
305,C22H14,0,22,258.19,248.37878,254.298506026799,0.113,low / skeletal
305,C22H14,0,22,290.2988,279.2674456,284.410458719168,3.1267,low / skeletal
305,C22H14,0,22,311.8582,300.0075884,305.875402766079,0.5082,low / skeletal
305,C22H14,0,22,419.4846,403.5441852,408.462549192496,0.1093,low / skeletal
305,C22H14,0,22,423.0905,407.013061,411.564763633762,0.0007,low / skeletal
305,C22H14,0,22,445.7498,428.8113076,433.459032713117,3.8525,low / skeletal
305,C22H14,0,22,453.3945,436.165509,439.750618994022,11.0418,low / skeletal
305,C22H14,0,22,515.9344,496.3288928,500.821264883639,2.2854,low / skeletal
305,C22H14,0,22,536.949,516.544938,520.273313263504,1.5761,low / skeletal
305,C22H14,0,22,545.1338,524.4187156,528.9310594031911,0.37,low / skeletal
305,C22H14,0,22,552.2607,531.2747934,535.592623290409,0.0698,low / skeletal
305,C22H14,0,22,583.9779,561.7867398,565.180934762984,3.8185,low / skeletal
305,C22H14,0,22,597.1081,574.4179922,578.759371346743,0.0513,low / skeletal
305,C22H14,0,22,626.7253,602.9097386,606.733495772385,8.5067,low / skeletal
305,C22H14,0,22,685.7077,659.6508074,663.315767774664,2.2792,CH-oop
305,C22H14,0,22,741.5563,713.3771606,715.492917859515,9.169,CH-oop
305,C22H14,0,22,748.0084,719.5840808,722.800676856481,1.2664,CH-oop
305,C22H14,0,22,749.0708,720.6061096,724.088114846167,0.4159,CH-oop
305,C22H14,0,22,774.3584,744.9327808,743.58504990374,53.8804,CH-oop
305,C22H14,0,22,802.247,771.761614,774.542662898698,3.1488,CH-oop
305,C22H14,0,22,803.7907,773.2466534,774.977945336332,7.3018,CH-oop
305,C22H14,0,22,809.0583,778.3140846,781.399982002797,0.0256,CH-oop
305,C22H14,0,22,837.8304,805.9928448,803.39458721852,67.9306,CH-oop
305,C22H14,0,22,896.2744,862.2159728,864.40066739671,1.0834,CH-oop
305,C22H14,0,22,905.1311,870.7361182,872.166595121862,1.0655,CH-oop
305,C22H14,0,22,908.8394,874.3035028,874.224473245975,26.1224,CH-oop
305,C22H14,0,22,923.6319,888.5338878,890.430187024903,3.2218,CH-oop
305,C22H14,0,22,939.7033,903.9945746,903.193041276082,32.5799,CH-oop
305,C22H14,0,22,985.3749,947.9306538,948.445089716846,8.0603,CH-oop
305,C22H14,0,22,995.6189,957.7853818,959.366610957191,0.879,ring / CH-ip
305,C22H14,0,22,1017.8732,979.1940184,980.050825543228,0.0802,ring / CH-ip
305,C22H14,0,22,1030.5389,991.3784218,992.169905888435,0.017,ring / CH-ip
305,C22H14,0,22,1043.8242,1004.1588804,1006.3369889321,0.4043,ring / CH-ip
305,C22H14,0,22,1079.9907,1038.9510534,1039.478206129,3.4758,ring / CH-ip
305,C22H14,0,22,1089.1492,1047.7615304,1048.28379999752,2.7808,ring / CH-ip
305,C22H14,0,22,1152.5226,1108.7267412,1109.02186219048,0.6871,CH-ip-bend
305,C22H14,0,22,1159.6524,1115.5856088,1115.87599016894,0.2701,CH-ip-bend
305,C22H14,0,22,1201.4344,1155.7798928,1155.61661251871,0.8087,CH-ip-bend
305,C22H14,0,22,1213.7557,1167.6329834,1167.37713840565,0.5606,CH-ip-bend
305,C22H14,0,22,1223.8503,1177.3439886,1177.10462051417,0.0299,CH-ip-bend
305,C22H14,0,22,1233.4095,1186.539939,1186.15667122102,0.0063,CH-ip-bend
305,C22H14,0,22,1239.5286,1192.4265132,1191.71752966519,4.9425,CH-ip-bend
305,C22H14,0,22,1256.0919,1208.3604078,1208.05497672866,0.2424,CH-ip-bend
305,C22H14,0,22,1272.3229,1223.9746298,1223.51807099132,2.5142,CH-ip-bend
305,C22H14,0,22,1281.6003,1232.8994886,1231.63585889927,12.1725,CH-ip-bend
305,C22H14,0,22,1290.8892,1241.8354104,1241.38093117072,0.4898,CH-ip-bend
305,C22H14,0,22,1322.8786,1272.6092132,1272.15411257484,0.0002,CC-stretch/CH-ip
305,C22H14,0,22,1331.2367,1280.6497054,1279.87683012668,0.6397,CC-stretch/CH-ip
305,C22H14,0,22,1353.5153,1302.0817186,1301.04074607707,1.7229,CC-stretch/CH-ip
305,C22H14,0,22,1364.9119,1313.0452478,1312.23965755858,0.0002,CC-stretch/CH-ip
305,C22H14,0,22,1379.9237,1327.4865994,1327.22792023332,2.6081,CC-stretch/CH-ip
305,C22H14,0,22,1390.4348,1337.5982776,1336.96238652463,3.0627,CC-stretch/CH-ip
305,C22H14,0,22,1403.5571,1350.2219302,1349.61966488194,2.517,CC-stretch/CH-ip
305,C22H14,0,22,1432.935,1378.48347,1378.1034175891,1.6518,CC-stretch/CH-ip
305,C22H14,0,22,1479.9255,1423.688331,1422.69628377896,0.6725,CC-stretch/CH-ip
305,C22H14,0,22,1484.4152,1428.0074224,1426.38518726084,0.0133,CC-stretch/CH-ip
305,C22H14,0,22,1488.6745,1432.104869,1430.42741908688,2.7106,CC-stretch/CH-ip
305,C22H14,0,22,1498.296,1441.360752,1439.68941611164,1.2844,CC-stretch/CH-ip
305,C22H14,0,22,1518.2154,1460.5232148,1457.5709505851,19.2546,CC-stretch/CH-ip
305,C22H14,0,22,1539.8206,1481.3074172,1479.52944991331,0.8287,CC-stretch/CH-ip
305,C22H14,0,22,1552.5571,1493.5599302,1490.65083394367,18.2645,CC-stretch/CH-ip
305,C22H14,0,22,1573.2243,1513.4417766,1510.88791946347,13.2395,CC-stretch
305,C22H14,0,22,1609.3192,1548.1650704,1546.44606797455,1.6441,CC-stretch
305,C22H14,0,22,1613.5552,1552.2401024,1551.28757175659,0.0139,CC-stretch
305,C22H14,0,22,3173.2039,3052.6221518,3041.29511714205,5.2466,CH-stretch
305,C22H14,0,22,3175.9137,3055.2289794,3044.23139634481,0.0015,CH-stretch
305,C22H14,0,22,3177.3292,3056.5906904,3044.81053726071,11.7717,CH-stretch
305,C22H14,0,22,3179.7236,3058.8941032,3047.35233781832,7.9515,CH-stretch
305,C22H14,0,22,3179.8211,3058.9878982,3047.9656879735,0.0589,CH-stretch
305,C22H14,0,22,3190.019,3068.798278,3056.89848555072,12.561,CH-stretch
305,C22H14,0,22,3190.3656,3069.1317072,3057.87335138265,2.7961,CH-stretch
305,C22H14,0,22,3198.7087,3077.1577694,3064.27123758481,26.8908,CH-stretch
305,C22H14,0,22,3199.3725,3077.796345,3062.11934879827,69.1859,CH-stretch
305,C22H14,0,22,3206.5734,3084.7236108,3073.55990350482,0.0682,CH-stretch
305,C22H14,0,22,3208.0136,3086.1090832,3068.56212368247,96.8302,CH-stretch
305,C22H14,0,22,3217.7391,3095.4650142,3082.27634036459,29.9192,CH-stretch
305,C22H14,0,22,3221.0528,3098.6527936,3087.05874212025,5.4361,CH-stretch
305,C22H14,0,22,3244.7711,3121.4697982,3108.91707166399,17.97,CH-stretch
487,C13H9N,0,13,95.9038,92.2594556,98.8868471841595,1.9558,low / skeletal
487,C13H9N,0,13,245.9,236.5558,242.190912936579,2.7093,low / skeletal
487,C13H9N,0,13,285.6402,274.7858724,280.162241675312,1.923,low / skeletal
487,C13H9N,0,13,406.8398,391.3798876,395.974141968536,2.3273,low / skeletal
487,C13H9N,0,13,416.0781,400.2671322,405.577396943347,0.0003,low / skeletal
487,C13H9N,0,13,431.9315,415.518103,420.313161312709,0.4041,low / skeletal
487,C13H9N,0,13,497.1785,478.285717,482.028453314899,4.9831,low / skeletal
487,C13H9N,0,13,553.1165,532.098073,536.636765030365,1.9372,low / skeletal
487,C13H9N,0,13,619.1109,595.5846858,599.106785168142,0.0314,low / skeletal
487,C13H9N,0,13,637.1665,612.954173,616.652540893341,8.0448,low / skeletal
487,C13H9N,0,13,653.9068,629.0583416,633.069786040671,3.4737,low / skeletal
487,C13H9N,0,13,681.0979,655.2161798,658.841707452268,2.8856,CH-oop
487,C13H9N,0,13,762.2745,733.308069,736.653653240095,0.3074,CH-oop
487,C13H9N,0,13,773.9973,744.5854026,740.390628578879,97.9666,CH-oop
487,C13H9N,0,13,835.5771,803.8251702,805.443812256695,7.4098,CH-oop
487,C13H9N,0,13,836.9419,805.1381078,807.455369087148,3.5182,CH-oop
487,C13H9N,0,13,903.54,869.20548,869.48124416887,19.7433,CH-oop
487,C13H9N,0,13,939.1461,903.4585482,905.764028183669,0.0849,CH-oop
487,C13H9N,0,13,960.1395,923.654199,923.69752994706,18.5149,CH-oop
487,C13H9N,0,13,962.9558,926.3634796,928.553721209508,1.0034,CH-oop
487,C13H9N,0,13,1012.1055,973.645491,974.033025281522,7.8943,ring / CH-ip
487,C13H9N,0,13,1038.8848,999.4071776,1000.07768608142,4.7555,ring / CH-ip
487,C13H9N,0,13,1043.4997,1003.8467114,1004.56024033591,0.1196,ring / CH-ip
487,C13H9N,0,13,1043.5886,1003.9322332,1004.90752239009,0.0029,ring / CH-ip
487,C13H9N,0,13,1157.2823,1113.3055726,1113.55124809022,0.6134,CH-ip-bend
487,C13H9N,0,13,1193.9735,1148.602507,1147.89020299681,9.5886,CH-ip-bend
487,C13H9N,0,13,1200.5631,1154.9417022,1154.70939941559,1.626,CH-ip-bend
487,C13H9N,0,13,1230.066,1183.323492,1183.02543623318,0.3986,CH-ip-bend
487,C13H9N,0,13,1271.6891,1223.3649142,1222.82363472266,1.176,CH-ip-bend
487,C13H9N,0,13,1308.2109,1258.4988858,1258.11312143366,0.9602,CC-stretch/CH-ip
487,C13H9N,0,13,1337.0849,1286.2756738,1285.61687915007,1.7452,CC-stretch/CH-ip
487,C13H9N,0,13,1353.6005,1302.163681,1300.97483272057,6.853,CC-stretch/CH-ip
487,C13H9N,0,13,1363.4397,1311.6289914,1310.80924398815,0.0288,CC-stretch/CH-ip
487,C13H9N,0,13,1418.916,1364.997192,1363.90599641437,4.5252,CC-stretch/CH-ip
487,C13H9N,0,13,1437.1156,1382.5052072,1382.8750846782,6.7918,CC-stretch/CH-ip
487,C13H9N,0,13,1457.8677,1402.4687274,1400.98070001354,0.6463,CC-stretch/CH-ip
487,C13H9N,0,13,1506.1835,1448.948527,1447.09190451186,3.185,CC-stretch/CH-ip
487,C13H9N,0,13,1530.1745,1472.027869,1470.13230674961,4.7791,CC-stretch/CH-ip
487,C13H9N,0,13,1542.3745,1483.764269,1481.9861497468,1.0292,CC-stretch/CH-ip
487,C13H9N,0,13,1573.155,1513.37511,1510.26521125497,33.0511,CC-stretch
487,C13H9N,0,13,1598.8084,1538.0536808,1536.93076819418,5.1908,CC-stretch
487,C13H9N,0,13,1636.1736,1573.9990032,1572.15170904325,6.1295,CC-stretch
487,C13H9N,0,13,1694.8988,1630.4926456,1628.44021202041,7.4638,CC-stretch
487,C13H9N,0,13,3176.0286,3055.3395132,3044.14007204794,3.1286,CH-stretch
487,C13H9N,0,13,3179.7316,3058.9017992,3047.84455487611,0.6095,CH-stretch
487,C13H9N,0,13,3180.8733,3060.0001146,3048.11517894331,13.234,CH-stretch
487,C13H9N,0,13,3194.89,3073.48418,3062.33587102927,0.7697,CH-stretch
487,C13H9N,0,13,3194.9956,3073.5857672,3060.49948755687,30.5319,CH-stretch
487,C13H9N,0,13,3211.4111,3089.3774782,3074.6706178287,54.118,CH-stretch
487,C13H9N,0,13,3211.7159,3089.6706958,3077.45981404,15.7444,CH-stretch
487,C13H9N,0,13,3228.4815,3105.799203,3092.42573780021,32.2307,CH-stretch
487,C13H9N,0,13,3229.0358,3106.3324396,3094.45901606055,9.1401,CH-stretch
282,C18H12,0,18,56.9262,54.7630044,61.7981335544848,0.5608,low / skeletal
282,C18H12,0,18,167.3238,160.9654956,167.244649872315,1.125,low / skeletal
282,C18H12,0,18,278.007,267.442734,273.148733543493,0.6285,low / skeletal
282,C18H12,0,18,461.6551,444.1122062,448.669255721068,0.0468,low / skeletal
282,C18H12,0,18,484.1114,465.7151668,468.59284747809,22.1515,low / skeletal
282,C18H12,0,18,493.154,474.414148,478.491687795817,1.4544,low / skeletal
282,C18H12,0,18,579.9753,557.9362386,561.970547926625,8.6694,low / skeletal
282,C18H12,0,18,637.3996,613.1784152,617.124223753543,1.8071,low / skeletal
282,C18H12,0,18,668.0937,642.7061394,646.646614814187,1.3627,low / skeletal
282,C18H12,0,18,767.3303,738.1717486,741.093549469059,2.0629,CH-oop
282,C18H12,0,18,779.0843,749.4790966,747.222853239009,84.2702,CH-oop
282,C18H12,0,18,944.4929,908.6021698,905.621431682537,81.6546,CH-oop
282,C18H12,0,18,976.5405,939.431961,941.302742468907,1.8885,CH-oop
282,C18H12,0,18,1002.6987,964.5961494,965.017620826462,10.0663,ring / CH-ip
282,C18H12,0,18,1039.5825,1000.078365,1000.91060048547,3.6124,ring / CH-ip
282,C18H12,0,18,1172.0246,1127.4876652,1127.47951471093,4.673,CH-ip-bend
282,C18H12,0,18,1195.1259,1149.7111158,1149.50833802841,3.5135,CH-ip-bend
282,C18H12,0,18,1225.2968,1178.7355216,1178.39131332807,0.3134,CH-ip-bend
282,C18H12,0,18,1259.6659,1211.7985958,1211.28894047272,1.9387,CH-ip-bend
282,C18H12,0,18,1338.8118,1287.9369516,1286.82613861813,11.8693,CC-stretch/CH-ip
282,C18H12,0,18,1349.0702,1297.8055324,1297.34654447176,0.7732,CC-stretch/CH-ip
282,C18H12,0,18,1349.1415,1297.874123,1296.74872265562,4.6411,CC-stretch/CH-ip
282,C18H12,0,18,1395.8684,1342.8254008,1341.49267197279,8.1975,CC-stretch/CH-ip
282,C18H12,0,18,1452.1661,1396.9837882,1396.58068027371,0.4987,CC-stretch/CH-ip
282,C18H12,0,18,1460.1769,1404.6901778,1403.08635680776,1.5813,CC-stretch/CH-ip
282,C18H12,0,18,1534.0135,1475.720987,1473.76836196368,3.8332,CC-stretch/CH-ip
282,C18H12,0,18,1603.0095,1542.095139,1540.73601225334,2.8449,CC-stretch
282,C18H12,0,18,1630.9513,1568.9751506,1567.40658222534,1.1299,CC-stretch
282,C18H12,0,18,1696.8412,1632.3612344,1630.31363371641,9.4104,CC-stretch
282,C18H12,0,18,3172.9358,3052.3642396,3041.28677560296,1.8769,CH-stretch
282,C18H12,0,18,3174.1445,3053.527009,3041.54417817595,18.9739,CH-stretch
282,C18H12,0,18,3177.516,3056.770392,3044.16385809564,30.4742,CH-stretch
282,C18H12,0,18,3181.3217,3060.4314754,3049.32935890284,1.4515,CH-stretch
282,C18H12,0,18,3197.7712,3076.2558944,3060.90361081597,80.742,CH-stretch
282,C18H12,0,18,3213.2145,3091.112349,3073.61735383331,119.9993,CH-stretch
267,C12H8N2,0,12,99.1984,95.4288608,102.06513977143,3.3413,low / skeletal
267,C12H8N2,0,12,249.931,240.433622,246.043833339711,4.8799,low / skeletal
267,C12H8N2,0,12,418.9776,403.0564512,407.501130886267,7.787,low / skeletal
267,C12H8N2,0,12,515.6011,496.0082582,500.337809947918,0.1247,low / skeletal
267,C12H8N2,0,12,632.7952,608.7489824,612.55652334533,11.3632,low / skeletal
267,C12H8N2,0,12,683.1148,657.1564376,660.733489063508,5.8947,CH-oop
267,C12H8N2,0,12,794.4857,764.2952434,760.184436068951,153.3352,CH-oop
267,C12H8N2,0,12,846.2222,814.0657564,816.142928222625,17.3818,CH-oop
267,C12H8N2,0,12,931.4965,896.099633,898.414175851729,3.2448,CH-oop
267,C12H8N2,0,12,1017.7985,979.122157,979.874234281944,2.6073,ring / CH-ip
267,C12H8N2,0,12,1033.8177,994.5326274,995.2330390175659,7.0132,ring / CH-ip
267,C12H8N2,0,12,1183.2087,1138.2467694,1138.03985427947,6.7904,CH-ip-bend
267,C12H8N2,0,12,1188.4377,1143.2770674,1142.75729171711,11.4057,CH-ip-bend
267,C12H8N2,0,12,1262.1441,1214.1826242,1213.81480970421,2.7687,CH-ip-bend
267,C12H8N2,0,12,1302.3632,1252.8733984,1252.67408658122,0.096,CC-stretch/CH-ip
267,C12H8N2,0,12,1360.7615,1309.052563,1308.16091752324,0.0459,CC-stretch/CH-ip
267,C12H8N2,0,12,1399.843,1346.648966,1345.36750960145,21.0003,CC-stretch/CH-ip
267,C12H8N2,0,12,1495.6194,1438.7858628,1436.81675449242,11.8356,CC-stretch/CH-ip
267,C12H8N2,0,12,1540.3106,1481.7787972,1479.93446750175,6.1336,CC-stretch/CH-ip
267,C12H8N2,0,12,1570.4212,1510.7451944,1508.51178454238,29.6186,CC-stretch
267,C12H8N2,0,12,3193.58,3072.22396,3060.73680223578,9.7772,CH-stretch
267,C12H8N2,0,12,3207.1955,3085.322071,3073.12915462027,25.4722,CH-stretch
267,C12H8N2,0,12,3224.6742,3102.1365804,3089.81937083593,26.278,CH-stretch
267,C12H8N2,0,12,3229.6381,3106.9118522,3093.5282398598,52.0655,CH-stretch
273,C14H10,0,14,104.1999,100.2403038,106.741248569109,0.6521,low / skeletal
273,C14H10,0,14,235.7801,226.8204562,232.250882299241,2.906,low / skeletal
273,C14H10,0,14,254.0849,244.4296738,250.171328327984,0.3897,low / skeletal
273,C14H10,0,14,422.2577,406.2119074,411.424179432044,0.4024,low / skeletal
273,C14H10,0,14,449.0045,431.942329,435.842997117765,5.4838,low / skeletal
273,C14H10,0,14,458.8573,441.4207226,445.955694784747,1.7282,low / skeletal
273,C14H10,0,14,520.0007,500.2406734,503.924079404903,3.9364,low / skeletal
273,C14H10,0,14,522.3302,502.4816524,506.884898737208,0.7901,low / skeletal
273,C14H10,0,14,573.9772,552.1660664,556.710812317402,0.348,low / skeletal
273,C14H10,0,14,654.9375,630.049875,633.752787272538,4.5581,low / skeletal
273,C14H10,0,14,739.1472,711.0596064,714.392065401881,0.0621,CH-oop
273,C14H10,0,14,746.4891,718.1225142,720.677881521396,1.2691,CH-oop
273,C14H10,0,14,748.2825,719.847765,722.995690286356,2.3725,CH-oop
273,C14H10,0,14,768.5453,739.3405786,735.102911268109,75.2126,CH-oop
273,C14H10,0,14,852.889,820.479218,817.188648537367,59.1666,CH-oop
273,C14H10,0,14,866.4419,833.5171078,836.222890169426,0.0699,CH-oop
273,C14H10,0,14,908.1485,873.638857,875.614449912978,1.4647,CH-oop
273,C14H10,0,14,909.3451,874.7899862,875.331817933842,11.0975,CH-oop
273,C14H10,0,14,991.558,953.878796,954.517240797317,4.3424,ring / CH-ip
273,C14H10,0,14,1031.0776,991.8966512,992.676898331657,0.0366,ring / CH-ip
273,C14H10,0,14,1042.6558,1003.0348796,1004.9457888287,1.4067,ring / CH-ip
273,C14H10,0,14,1080.8271,1039.7556702,1040.52466783283,0.6071,ring / CH-ip
273,C14H10,0,14,1084.0323,1042.8390726,1043.21517157269,3.6086,ring / CH-ip
273,C14H10,0,14,1140.6131,1097.2698022,1097.67305941665,0.8379,ring / CH-ip
273,C14H10,0,14,1198.6155,1153.068111,1152.84345711398,1.259,CH-ip-bend
273,C14H10,0,14,1214.2199,1168.0795438,1167.8475314342,0.2132,CH-ip-bend
273,C14H10,0,14,1224.5826,1178.0484612,1177.76836354509,0.0188,CH-ip-bend
273,C14H10,0,14,1233.6281,1186.7502322,1186.29427093989,0.6799,CH-ip-bend
273,C14H10,0,14,1255.4879,1207.7793598,1207.36536887312,2.0043,CH-ip-bend
273,C14H10,0,14,1278.4129,1229.8332098,1229.33972361162,0.8666,CH-ip-bend
273,C14H10,0,14,1304.2811,1254.7184182,1253.24434275436,9.3586,CC-stretch/CH-ip
273,C14H10,0,14,1344.7683,1293.6671046,1292.84437246975,0.0546,CC-stretch/CH-ip
273,C14H10,0,14,1355.1308,1303.6358296,1302.87962274345,1.6024,CC-stretch/CH-ip
273,C14H10,0,14,1393.3195,1340.373359,1340.68834060198,0.0492,CC-stretch/CH-ip
273,C14H10,0,14,1401.1602,1347.9161124,1347.21947841365,2.2487,CC-stretch/CH-ip
273,C14H10,0,14,1479.2723,1423.0599526,1421.70591672888,0.9196,CC-stretch/CH-ip
273,C14H10,0,14,1483.676,1427.296312,1425.63732231912,0.6751,CC-stretch/CH-ip
273,C14H10,0,14,1506.7877,1449.5297674,1447.56787066712,3.6291,CC-stretch/CH-ip
273,C14H10,0,14,1525.8038,1467.8232556,1464.84957391155,14.1782,CC-stretch/CH-ip
273,C14H10,0,14,1563.0544,1503.6583328,1501.30657409959,7.093,CC-stretch
273,C14H10,0,14,1587.9271,1527.5858702,1525.60485756687,1.7785,CC-stretch
273,C14H10,0,14,1622.5914,1560.9329268,1559.97707499759,0.0104,CC-stretch
273,C14H10,0,14,3174.6201,3053.9845362,3042.94544534758,0.5671,CH-stretch
273,C14H10,0,14,3178.5047,3057.7215214,3046.26681142697,5.1705,CH-stretch
273,C14H10,0,14,3179.0732,3058.2684184,3047.01753239276,2.756,CH-stretch
273,C14H10,0,14,3188.7733,3067.5999146,3056.52858662537,0.0649,CH-stretch
273,C14H10,0,14,3190.5048,3069.2656176,3056.47673491253,19.9857,CH-stretch
273,C14H10,0,14,3197.9819,3076.4585878,3061.43092880845,45.6507,CH-stretch
273,C14H10,0,14,3204.6088,3082.8336656,3067.26973564282,51.4698,CH-stretch
273,C14H10,0,14,3209.4828,3087.5224536,3076.09862176119,2.9129,CH-stretch
273,C14H10,0,14,3216.8594,3094.6187428,3080.17789387314,37.6354,CH-stretch
273,C14H10,0,14,3228.4161,3105.7362882,3091.64369420334,32.8155,CH-stretch
295,C17H11N,0,17,51.97,49.99514,57.0043277720695,0.0568,low / skeletal
295,C17H11N,0,17,80.9782,77.9010284,84.5487930862055,0.0919,low / skeletal
295,C17H11N,0,17,143.0105,137.576101,143.710423880281,0.659,low / skeletal
295,C17H11N,0,17,181.4684,174.5726008,180.760723474392,1.2217,low / skeletal
295,C17H11N,0,17,191.2068,183.9409416,190.210308205534,0.0135,low / skeletal
295,C17H11N,0,17,243.34,234.09308,239.454479481326,2.4619,low / skeletal
295,C17H11N,0,17,298.8886,287.5308332,293.502872638891,0.1601,low / skeletal
295,C17H11N,0,17,301.8433,290.3732546,295.745604011061,2.2095,low / skeletal
295,C17H11N,0,17,392.7693,377.8440666,382.473956908367,0.2492,low / skeletal
295,C17H11N,0,17,393.8262,378.8608044,383.970443618246,0.4729,low / skeletal
295,C17H11N,0,17,441.6135,424.832187,428.596755333912,6.0808,low / skeletal
295,C17H11N,0,17,499.6849,480.6968738,484.95154638422,3.3684,low / skeletal
295,C17H11N,0,17,502.7478,483.6433836,487.764349034858,0.3855,low / skeletal
295,C17H11N,0,17,504.7245,485.544969,489.534830498201,5.4893,low / skeletal
295,C17H11N,0,17,534.2655,513.963411,517.652581030575,2.4748,low / skeletal
295,C17H11N,0,17,566.3492,544.8279304,549.14161862685,0.4637,low / skeletal
295,C17H11N,0,17,588.3684,566.0104008,568.952375441613,6.4512,low / skeletal
295,C17H11N,0,17,590.0761,567.6532082,572.133002817167,3.2527,low / skeletal
295,C17H11N,0,17,607.6403,584.5499686,588.935191417094,0.2156,low / skeletal
295,C17H11N,0,17,615.8267,592.4252854,595.956758670331,0.0364,low / skeletal
295,C17H11N,0,17,708.3326,681.4159612,685.082551673674,0.1492,CH-oop
295,C17H11N,0,17,713.258,686.154196,688.989417303342,1.3008,CH-oop
295,C17H11N,0,17,730.625,702.86125,704.49189510196,18.6697,CH-oop
295,C17H11N,0,17,770.1587,740.8926694,743.21392718741,0.1181,CH-oop
295,C17H11N,0,17,787.1795,757.266679,753.838464592744,55.2159,CH-oop
295,C17H11N,0,17,806.6887,776.0345294,779.128836237853,1.0489,CH-oop
295,C17H11N,0,17,820.0135,788.852987,790.297935141459,6.3499,CH-oop
295,C17H11N,0,17,841.5029,809.5257898,810.826307097556,5.8803,CH-oop
295,C17H11N,0,17,861.4473,828.7123026,824.006558265202,63.9455,CH-oop
295,C17H11N,0,17,877.4659,844.1221958,845.252523104446,6.807,CH-oop
295,C17H11N,0,17,885.9481,852.2820722,854.024054843692,9.1755,CH-oop
295,C17H11N,0,17,905.9593,871.5328466,872.459813797702,6.2755,CH-oop
295,C17H11N,0,17,910.8625,876.249725,878.164297258048,1.2515,CH-oop
295,C17H11N,0,17,919.3544,884.4189328,886.752966492774,0.7317,CH-oop
295,C17H11N,0,17,973.0322,936.0569764,936.944250519779,2.4154,CH-oop
295,C17H11N,0,17,986.9956,949.4897672,950.284383478807,2.4047,ring / CH-ip
295,C17H11N,0,17,1005.9717,967.7447754,968.544691065271,1.3537,ring / CH-ip
295,C17H11N,0,17,1012.58,974.10196,975.00058494958,0.0278,ring / CH-ip
295,C17H11N,0,17,1020.0034,981.2432708,982.096246854722,0.096,ring / CH-ip
295,C17H11N,0,17,1034.0022,994.7101164,995.47084064075,0.1122,ring / CH-ip
295,C17H11N,0,17,1064.7606,1024.2996972,1024.40638178074,10.5414,ring / CH-ip
295,C17H11N,0,17,1075.3481,1034.4848722,1035.16686024862,1.9183,ring / CH-ip
295,C17H11N,0,17,1089.0659,1047.6813958,1048.59675245786,0.6021,ring / CH-ip
295,C17H11N,0,17,1136.4835,1093.297127,1093.88489444959,0.632,ring / CH-ip
295,C17H11N,0,17,1200.389,1154.774218,1154.5765234629,0.8723,CH-ip-bend
295,C17H11N,0,17,1220.9053,1174.5108986,1174.07954954508,3.2341,CH-ip-bend
295,C17H11N,0,17,1229.2682,1182.5560084,1182.18539248992,0.3784,CH-ip-bend
295,C17H11N,0,17,1242.478,1195.263836,1194.86996288552,0.4352,CH-ip-bend
295,C17H11N,0,17,1247.0451,1199.6573862,1198.91404824461,4.2978,CH-ip-bend
295,C17H11N,0,17,1280.6557,1231.9907834,1231.66909117371,0.0479,CH-ip-bend
295,C17H11N,0,17,1294.9891,1245.7795142,1245.06665476525,2.0271,CH-ip-bend
295,C17H11N,0,17,1316.5542,1266.5251404,1265.63702481803,1.7324,CC-stretch/CH-ip
295,C17H11N,0,17,1320.0554,1269.8932948,1267.17627576317,19.7938,CC-stretch/CH-ip
295,C17H11N,0,17,1356.609,1305.057858,1304.34063864124,0.7852,CC-stretch/CH-ip
295,C17H11N,0,17,1371.0035,1318.905367,1318.1832236181,0.7279,CC-stretch/CH-ip
295,C17H11N,0,17,1395.9025,1342.858205,1342.35544070856,0.8923,CC-stretch/CH-ip
295,C17H11N,0,17,1412.6071,1358.9280302,1358.0323438838,2.6905,CC-stretch/CH-ip
295,C17H11N,0,17,1425.5524,1371.3814088,1370.26821966913,5.2481,CC-stretch/CH-ip
295,C17H11N,0,17,1445.1623,1390.2461326,1388.13155519004,8.1933,CC-stretch/CH-ip
295,C17H11N,0,17,1491.33,1434.65946,1432.15582577573,9.849,CC-stretch/CH-ip
295,C17H11N,0,17,1497.439,1440.536318,1438.58331503555,3.2197,CC-stretch/CH-ip
295,C17H11N,0,17,1515.3102,1457.7284124,1455.98450648448,0.0983,CC-stretch/CH-ip
295,C17H11N,0,17,1535.8478,1477.4855836,1473.40629221986,23.9132,CC-stretch/CH-ip
295,C17H11N,0,17,1556.1948,1497.0593976,1495.23433305701,1.4008,CC-stretch/CH-ip
295,C17H11N,0,17,1582.0959,1521.9762558,1520.09717397065,0.7441,CC-stretch
295,C17H11N,0,17,1615.4886,1554.1000332,1552.5966632647,6.1666,CC-stretch
295,C17H11N,0,17,1631.1456,1569.1620672,1565.04474453945,27.5225,CC-stretch
295,C17H11N,0,17,3168.8408,3048.4248496,3034.50389557002,29.2063,CH-stretch
295,C17H11N,0,17,3180.8182,3059.9471084,3048.83468296751,0.8772,CH-stretch
295,C17H11N,0,17,3185.8189,3064.7577818,3052.43725214838,12.5226,CH-stretch
295,C17H11N,0,17,3187.6104,3066.4812048,3054.72180317545,6.9027,CH-stretch
295,C17H11N,0,17,3193.0197,3071.6849514,3058.5043879986,20.614,CH-stretch
295,C17H11N,0,17,3201.8148,3080.1458376,3066.36881763392,26.0284,CH-stretch
295,C17H11N,0,17,3210.3225,3088.330245,3073.56701585111,35.319,CH-stretch
295,C17H11N,0,17,3221.0654,3098.6649148,3087.3591430501,0.6883,CH-stretch
295,C17H11N,0,17,3221.4966,3099.0797292,3086.71821676519,11.0674,CH-stretch
295,C17H11N,0,17,3237.4369,3114.4142978,3098.30528129305,47.119,CH-stretch
295,C17H11N,0,17,3239.1095,3116.023339,3102.78111265612,18.7818,CH-stretch
830,C17H11N,0,17,68.974,66.352988,73.1257861601853,1.5646,low / skeletal
830,C17H11N,0,17,160.1019,154.0180278,160.206032523844,1.0035,low / skeletal
830,C17H11N,0,17,163.2561,157.0523682,163.364150246857,0.719,low / skeletal
830,C17H11N,0,17,191.727,184.441374,190.288608125665,2.5701,low / skeletal
830,C17H11N,0,17,283.3452,272.5780824,278.081434886112,0.0412,low / skeletal
830,C17H11N,0,17,312.165,300.30273,305.806609529779,0.3013,low / skeletal
830,C17H11N,0,17,317.0587,305.0104694,310.471642274254,2.0484,low / skeletal
830,C17H11N,0,17,376.1878,361.8926636,367.110139376144,1.1785,low / skeletal
830,C17H11N,0,17,417.7884,401.9124408,406.492472847317,0.8767,low / skeletal
830,C17H11N,0,17,448.7457,431.6933634,436.035828712939,0.7947,low / skeletal
830,C17H11N,0,17,478.5536,460.3685632,464.815251381709,2.3605,low / skeletal
830,C17H11N,0,17,501.4117,482.3580554,486.140329020309,2.8597,low / skeletal
830,C17H11N,0,17,521.2469,501.4395178,506.037256846886,0.2251,low / skeletal
830,C17H11N,0,17,536.1119,515.7396478,519.642089032634,0.8086,low / skeletal
830,C17H11N,0,17,556.1806,535.0457372,539.461523782439,1.5639,low / skeletal
830,C17H11N,0,17,578.2767,556.3021854,559.568179483955,4.7874,low / skeletal
830,C17H11N,0,17,604.4998,581.5288076,585.885639415836,0.9005,low / skeletal
830,C17H11N,0,17,610.1638,586.9775756,590.043874482707,5.4989,low / skeletal
830,C17H11N,0,17,650.8047,626.0741214,629.840683206738,4.2087,low / skeletal
830,C17H11N,0,17,685.0952,659.0615824,662.402749122445,5.9098,CH-oop
830,C17H11N,0,17,734.8465,706.922333,709.026452050871,7.9419,CH-oop
830,C17H11N,0,17,741.7436,713.5573432,717.108235931237,1.0362,CH-oop
830,C17H11N,0,17,781.5372,751.8387864,753.74653421521,2.5859,CH-oop
830,C17H11N,0,17,793.8952,763.7271824,759.364586535454,71.4994,CH-oop
830,C17H11N,0,17,794.0559,763.8817758,766.577002987629,5.0632,CH-oop
830,C17H11N,0,17,812.8131,781.9262022,784.767049827143,0.0591,CH-oop
830,C17H11N,0,17,814.9373,783.9696826,784.586994321874,18.4789,CH-oop
830,C17H11N,0,17,847.0881,814.8987522,814.408266100051,26.1225,CH-oop
830,C17H11N,0,17,871.4644,838.3487528,840.230381289278,0.8837,CH-oop
830,C17H11N,0,17,905.2577,870.8579074,871.542973079853,9.3735,CH-oop
830,C17H11N,0,17,913.0245,878.329569,880.016460601487,5.04,CH-oop
830,C17H11N,0,17,926.9997,891.7737114,893.115410098918,1.1228,CH-oop
830,C17H11N,0,17,947.8618,911.8430516,914.097938808715,0.7901,CH-oop
830,C17H11N,0,17,961.2715,924.743183,923.661128619925,25.6,CH-oop
830,C17H11N,0,17,1004.9913,966.8016306,967.685981918338,0.5524,ring / CH-ip
830,C17H11N,0,17,1007.8388,969.5409256,969.795230262097,7.401,ring / CH-ip
830,C17H11N,0,17,1023.7087,984.8077694,985.643895422447,0.0031,ring / CH-ip
830,C17H11N,0,17,1041.0354,1001.4760548,1002.71885418945,1.6615,ring / CH-ip
830,C17H11N,0,17,1041.6257,1002.0439234,1002.77120605538,0.0362,ring / CH-ip
830,C17H11N,0,17,1045.5697,1005.8380514,1006.52222842536,0.2744,ring / CH-ip
830,C17H11N,0,17,1050.5549,1010.6338138,1010.90307762423,8.6174,ring / CH-ip
830,C17H11N,0,17,1078.1465,1037.176933,1037.75860408017,1.6786,ring / CH-ip
830,C17H11N,0,17,1147.9149,1104.2941338,1104.53405695943,1.5867,CH-ip-bend
830,C17H11N,0,17,1180.6173,1135.7538426,1135.50537887909,3.379,CH-ip-bend
830,C17H11N,0,17,1196.4048,1150.9414176,1150.63852689382,2.0858,CH-ip-bend
830,C17H11N,0,17,1210.3638,1164.3699756,1164.17179169114,0.2177,CH-ip-bend
830,C17H11N,0,17,1226.7762,1180.1587044,1179.67001611946,1.5734,CH-ip-bend
830,C17H11N,0,17,1238.0363,1190.9909206,1190.3250252482,3.4449,CH-ip-bend
830,C17H11N,0,17,1261.33,1213.39946,1212.83428076386,2.7089,CH-ip-bend
830,C17H11N,0,17,1281.176,1232.491312,1231.74961405411,3.5632,CH-ip-bend
830,C17H11N,0,17,1295.9942,1246.7464204,1246.23260429541,0.3659,CH-ip-bend
830,C17H11N,0,17,1318.0955,1268.007871,1267.49838885446,0.1442,CC-stretch/CH-ip
830,C17H11N,0,17,1358.0091,1306.4047542,1305.02553265748,8.1242,CC-stretch/CH-ip
830,C17H11N,0,17,1367.958,1315.975596,1314.24968314137,10.7843,CC-stretch/CH-ip
830,C17H11N,0,17,1379.5331,1327.1108422,1326.37877072559,0.8392,CC-stretch/CH-ip
830,C17H11N,0,17,1402.7212,1349.4177944,1348.63076661097,1.1728,CC-stretch/CH-ip
830,C17H11N,0,17,1423.7982,1369.6938684,1368.37398667652,10.7239,CC-stretch/CH-ip
830,C17H11N,0,17,1452.8644,1397.6555528,1394.5898810048,26.5634,CC-stretch/CH-ip
830,C17H11N,0,17,1481.6144,1425.3130528,1423.47206694816,2.8984,CC-stretch/CH-ip
830,C17H11N,0,17,1512.7924,1455.3062888,1453.67925665447,0.4233,CC-stretch/CH-ip
830,C17H11N,0,17,1515.8969,1458.2928178,1456.02187653309,7.7166,CC-stretch/CH-ip
830,C17H11N,0,17,1540.6155,1482.072111,1479.88444559954,5.453,CC-stretch/CH-ip
830,C17H11N,0,17,1549.8258,1490.9324196,1486.53795544548,30.9939,CC-stretch/CH-ip
830,C17H11N,0,17,1585.6038,1525.3508556,1522.89739890001,14.5348,CC-stretch
830,C17H11N,0,17,1608.1097,1547.0015314,1545.73705053967,2.4444,CC-stretch
830,C17H11N,0,17,1641.0915,1578.730023,1575.95669624376,15.1744,CC-stretch
830,C17H11N,0,17,3174.9886,3054.3390332,3043.32275547537,0.271,CH-stretch
830,C17H11N,0,17,3177.3206,3056.5824172,3045.11646554084,5.114,CH-stretch
830,C17H11N,0,17,3179.6212,3058.7955944,3047.53713584758,2.6685,CH-stretch
830,C17H11N,0,17,3180.2324,3059.3835688,3047.38803824866,10.7889,CH-stretch
830,C17H11N,0,17,3192.6002,3071.2813924,3059.05174674676,12.6573,CH-stretch
830,C17H11N,0,17,3193.9406,3072.5708572,3060.26302220852,13.4337,CH-stretch
830,C17H11N,0,17,3198.4719,3076.9299678,3061.32069347673,49.721,CH-stretch
830,C17H11N,0,17,3209.8574,3087.8828188,3070.89414458208,64.2935,CH-stretch
830,C17H11N,0,17,3210.4513,3088.4541506,3075.21115632304,22.8238,CH-stretch
830,C17H11N,0,17,3226.9604,3104.3359048,3091.067648566,22.1298,CH-stretch
830,C17H11N,0,17,3236.2829,3113.3041498,3101.16123580256,9.1056,CH-stretch
387,C16H10,0,16,104.7219,100.7424678,107.280976694879,2.0746,low / skeletal
387,C16H10,0,16,172.1105,165.570301,171.51398324412,2.3067,low / skeletal
387,C16H10,0,16,210.8123,202.8014326,208.806128869876,0.1132,low / skeletal
387,C16H10,0,16,306.3397,294.6987914,300.176546592572,0.3537,low / skeletal
387,C16H10,0,16,363.6591,349.8400542,355.198539231322,0.1274,low / skeletal
387,C16H10,0,16,448.5691,431.5234742,435.850494888754,0.6913,low / skeletal
387,C16H10,0,16,481.4778,463.1816436,467.409722865852,0.0695,low / skeletal
387,C16H10,0,16,490.9248,472.2696576,477.13165783408,0.6069,low / skeletal
387,C16H10,0,16,504.004,484.851848,489.194609898074,1.6375,low / skeletal
387,C16H10,0,16,586.7007,564.4060734,568.739025034409,2.4043,low / skeletal
387,C16H10,0,16,587.3521,565.0327202,569.202549301786,0.2189,low / skeletal
387,C16H10,0,16,644.9019,620.3956278,623.008134141366,12.2588,low / skeletal
387,C16H10,0,16,651.1896,626.4443952,630.715021085013,0.0175,low / skeletal
387,C16H10,0,16,702.1216,675.4409792,679.047171229523,1.3313,CH-oop
387,C16H10,0,16,779.1272,749.5203664,750.217842235994,22.4484,CH-oop
387,C16H10,0,16,798.094,767.766428,770.787080479214,1.5044,CH-oop
387,C16H10,0,16,808.8518,778.1154316,773.806782507947,96.1158,CH-oop
387,C16H10,0,16,838.5061,806.6428682,809.327690514197,0.6702,CH-oop
387,C16H10,0,16,864.3277,831.4832474,831.73217970532,26.991,CH-oop
387,C16H10,0,16,921.1155,886.113111,888.565093388665,0.4953,CH-oop
387,C16H10,0,16,953.3095,917.083739,918.322667242414,0.0259,CH-oop
387,C16H10,0,16,978.1895,941.018299,942.026644829251,1.3353,CH-oop
387,C16H10,0,16,1021.6296,982.8076752,984.850248459873,0.2601,ring / CH-ip
387,C16H10,0,16,1022.5458,983.6890596,984.444210460101,1.274,ring / CH-ip
387,C16H10,0,16,1058.5809,1018.3548258,1019.38169629489,0.4303,ring / CH-ip
387,C16H10,0,16,1062.5556,1022.1784872,1022.92591747049,1.2852,ring / CH-ip
387,C16H10,0,16,1081.7524,1040.6458088,1041.01943953988,4.5459,ring / CH-ip
387,C16H10,0,16,1132.7649,1089.7198338,1090.20414307015,0.0952,ring / CH-ip
387,C16H10,0,16,1141.3102,1097.9404124,1098.30313958011,3.0691,ring / CH-ip
387,C16H10,0,16,1195.8992,1150.4550304,1149.88552010033,7.9381,CH-ip-bend
387,C16H10,0,16,1226.0306,1179.4414372,1179.18578754038,0.05,CH-ip-bend
387,C16H10,0,16,1227.2067,1180.5728454,1180.17244190986,0.739,CH-ip-bend
387,C16H10,0,16,1245.1996,1197.8820152,1197.34576685746,2.213,CH-ip-bend
387,C16H10,0,16,1259.0896,1211.2441952,1210.89553059836,1.1106,CH-ip-bend
387,C16H10,0,16,1285.5514,1236.7004468,1236.11490743669,1.633,CH-ip-bend
387,C16H10,0,16,1317.8316,1267.7539992,1267.42547119862,0.0083,CC-stretch/CH-ip
387,C16H10,0,16,1356.9153,1305.3525186,1304.36701795451,0.6751,CC-stretch/CH-ip
387,C16H10,0,16,1372.2258,1320.0812196,1319.45500853685,0.2255,CC-stretch/CH-ip
387,C16H10,0,16,1423.3824,1369.2938688,1368.50192235011,0.4049,CC-stretch/CH-ip
387,C16H10,0,16,1428.6461,1374.3575482,1373.54919316448,0.0207,CC-stretch/CH-ip
387,C16H10,0,16,1472.0165,1416.079873,1414.8970844467,2.2905,CC-stretch/CH-ip
387,C16H10,0,16,1487.8988,1431.3586456,1428.34874164934,21.7642,CC-stretch/CH-ip
387,C16H10,0,16,1500.4333,1443.4168346,1440.9580385929,15.4445,CC-stretch/CH-ip
387,C16H10,0,16,1511.5911,1454.1506382,1449.02032142414,54.5007,CC-stretch/CH-ip
387,C16H10,0,16,1534.5953,1476.2806786,1474.51191655204,1.1662,CC-stretch/CH-ip
387,C16H10,0,16,1545.9447,1487.1988014,1485.27684845049,4.1981,CC-stretch/CH-ip
387,C16H10,0,16,1634.9372,1572.8095864,1571.32893414713,0.2611,CC-stretch
387,C16H10,0,16,3180.2579,3059.4080998,3048.18481671367,3.0459,CH-stretch
387,C16H10,0,16,3181.2666,3060.3784692,3049.34675611641,0.0821,CH-stretch
387,C16H10,0,16,3181.5825,3060.682365,3049.62069620147,0.5074,CH-stretch
387,C16H10,0,16,3186.8275,3065.728055,3054.33279701395,5.1254,CH-stretch
387,C16H10,0,16,3192.6493,3071.3286266,3060.19649251959,0.709,CH-stretch
387,C16H10,0,16,3193.61,3072.25282,3059.04405596269,31.9007,CH-stretch
387,C16H10,0,16,3198.5824,3077.0362688,3063.93771740512,29.8501,CH-stretch
387,C16H10,0,16,3208.5433,3086.6186546,3070.95289814701,67.7301,CH-stretch
387,C16H10,0,16,3209.6183,3087.6528046,3074.11479161598,35.6046,CH-stretch
387,C16H10,0,16,3213.8167,3091.6916654,3078.08400557114,36.3212,CH-stretch
542,C36H20+,1,36,10.9495,10.533419,18.0229067484927,0.1863,low / skeletal
542,C36H20+,1,36,33.9249,32.6357538,39.5276388152745,0.0035,low / skeletal
542,C36H20+,1,36,46.6072,44.8361264,52.050774258556,0.2325,low / skeletal
542,C36H20+,1,36,50.5754,48.6535348,55.4604732759258,0.0009,low / skeletal
542,C36H20+,1,36,75.4304,72.5640448,79.4470968246267,2.0321,low / skeletal
542,C36H20+,1,36,82.9429,79.7910698,86.7847250751795,0.1517,low / skeletal
542,C36H20+,1,36,114.9561,110.5877682,117.242144724044,0.4276,low / skeletal
542,C36H20+,1,36,138.4921,133.2294002,139.578829934309,0.0061,low / skeletal
542,C36H20+,1,36,154.388,148.521256,154.877542073072,0.0225,low / skeletal
542,C36H20+,1,36,161.4705,155.334621,161.639143165374,0.4168,low / skeletal
542,C36H20+,1,36,172.642,166.081604,172.162655800558,0.0074,low / skeletal
542,C36H20+,1,36,193.3937,186.0447394,192.539454310824,2.8031,low / skeletal
542,C36H20+,1,36,207.1956,199.3221672,205.668928519494,4.672,low / skeletal
542,C36H20+,1,36,234.0329,225.1396498,230.845681315072,0.0052,low / skeletal
542,C36H20+,1,36,248.3591,238.9214542,244.900068847208,0.0296,low / skeletal
542,C36H20+,1,36,301.147,289.703414,295.304926222274,0.796,low / skeletal
542,C36H20+,1,36,302.8101,291.3033162,296.686047152789,0.025,low / skeletal
542,C36H20+,1,36,314.0932,302.1576584,307.903274706347,4.5742,low / skeletal
542,C36H20+,1,36,330.8824,318.3088688,323.876936779985,2.6631,low / skeletal
542,C36H20+,1,36,345.5619,332.4305478,337.75330634989,0.5769,low / skeletal
542,C36H20+,1,36,402.9873,387.6737826,392.801777371954,1.8263,low / skeletal
542,C36H20+,1,36,414.4083,398.6607846,403.43704564187,12.2173,low / skeletal
542,C36H20+,1,36,423.1814,407.1005068,411.656140582635,6.2257,low / skeletal
542,C36H20+,1,36,427.401,411.159762,415.989471214655,36.1665,low / skeletal
542,C36H20+,1,36,444.9984,428.0884608,433.132435924396,4.5424,low / skeletal
542,C36H20+,1,36,450.5601,433.4388162,437.767271278831,7.5801,low / skeletal
542,C36H20+,1,36,458.1911,440.7798382,445.705541320679,1.3165,low / skeletal
542,C36H20+,1,36,479.3429,461.1278698,465.269247174575,0.6398,low / skeletal
542,C36H20+,1,36,480.8889,462.6151218,466.735015102833,19.2391,low / skeletal
542,C36H20+,1,36,516.5555,496.926391,501.239714168355,0.0412,low / skeletal
542,C36H20+,1,36,519.7306,499.9808372,504.086692233107,5.2244,low / skeletal
542,C36H20+,1,36,527.3043,507.2667366,512.099209274428,160.9294,low / skeletal
542,C36H20+,1,36,549.669,528.781578,532.940460856395,0.1152,low / skeletal
542,C36H20+,1,36,550.9766,530.0394892,534.068443879408,0.0394,low / skeletal
542,C36H20+,1,36,559.6318,538.3657916,542.150103514973,0.0036,low / skeletal
542,C36H20+,1,36,575.5951,553.7224862,558.285208985587,0.0514,low / skeletal
542,C36H20+,1,36,587.7342,565.4003004,569.189852658251,0.0714,low / skeletal
542,C36H20+,1,36,595.753,573.114386,577.296176714872,0.0142,low / skeletal
542,C36H20+,1,36,598.6809,575.9310258,580.516189433052,195.5483,low / skeletal
542,C36H20+,1,36,625.5759,601.8040158,605.514544025368,0.238,low / skeletal
542,C36H20+,1,36,649.3685,624.692497,628.844993477646,39.8971,low / skeletal
542,C36H20+,1,36,658.8214,633.7861868,637.423262617443,0.2367,low / skeletal
542,C36H20+,1,36,662.492,637.317304,641.402397689503,20.1633,low / skeletal
542,C36H20+,1,36,678.8393,653.0434066,657.003446654555,1.4955,CH-oop
542,C36H20+,1,36,686.4534,660.3681708,664.173328777447,0.4424,CH-oop
542,C36H20+,1,36,704.7536,677.9729632,681.467460680715,0.0056,CH-oop
542,C36H20+,1,36,724.7401,697.1999762,701.027859261528,0.3848,CH-oop
542,C36H20+,1,36,736.7627,708.7657174,711.372635829901,33.0943,CH-oop
542,C36H20+,1,36,740.4416,712.3048192,715.233546763422,0.1066,CH-oop
542,C36H20+,1,36,758.7001,729.8694962,732.655390853457,0.0877,CH-oop
542,C36H20+,1,36,781.0451,751.3653862,753.784907927162,0.298,CH-oop
542,C36H20+,1,36,783.5296,753.7554752,755.925465212305,22.7113,CH-oop
542,C36H20+,1,36,783.5591,753.7838542,756.299647369533,0.0002,CH-oop
542,C36H20+,1,36,784.1736,754.3750032,757.198948256042,1.9129,CH-oop
542,C36H20+,1,36,786.5019,756.6148278,758.749195656633,51.4108,CH-oop
542,C36H20+,1,36,793.7183,763.5570046,766.683034374503,100.0255,CH-oop
542,C36H20+,1,36,797.4848,767.1803776,769.400719765324,1.012,CH-oop
542,C36H20+,1,36,804.279,773.716398,776.835138358186,155.6042,CH-oop
542,C36H20+,1,36,815.9214,784.9163868,788.168875797929,0.2031,CH-oop
542,C36H20+,1,36,833.4323,801.7618726,803.819043675248,78.3262,CH-oop
542,C36H20+,1,36,850.2858,817.9749396,820.44248093413,7.389,CH-oop
542,C36H20+,1,36,856.4832,823.9368384,825.947108107177,0.0053,CH-oop
542,C36H20+,1,36,889.1318,855.3447916,856.921017528224,0.0012,CH-oop
542,C36H20+,1,36,891.6947,857.8103014,859.395142768033,0.0196,CH-oop
542,C36H20+,1,36,901.1928,866.9474736,868.817539628114,14.9829,CH-oop
542,C36H20+,1,36,906.5501,872.1011962,873.648640675888,1.5561,CH-oop
542,C36H20+,1,36,924.1554,889.0374948,890.496291096642,0.0069,CH-oop
542,C36H20+,1,36,924.7032,889.5644784,891.017557628907,36.3327,CH-oop
542,C36H20+,1,36,937.1058,901.4957796,903.391619730606,0.0049,CH-oop
542,C36H20+,1,36,943.248,907.404576,908.830416356695,0.0366,CH-oop
542,C36H20+,1,36,943.7595,907.896639,909.194924199478,15.1353,CH-oop
542,C36H20+,1,36,948.5341,912.4898042,913.797717826412,0.0327,CH-oop
542,C36H20+,1,36,956.2016,919.8659392,921.995271108899,0.1725,CH-oop
542,C36H20+,1,36,964.3037,927.6601594,928.892362532066,50.4872,CH-oop
542,C36H20+,1,36,970.6875,933.801375,935.008536993174,0.0023,CH-oop
542,C36H20+,1,36,996.6245,958.752769,960.843607021587,0.373,ring / CH-ip
542,C36H20+,1,36,1008.517,970.193354,971.116124875572,3.3317,ring / CH-ip
542,C36H20+,1,36,1017.6102,978.9410124,979.820326262847,5.6785,ring / CH-ip
542,C36H20+,1,36,1031.4695,992.273659,993.069628941388,1.5749,ring / CH-ip
542,C36H20+,1,36,1032.9665,993.713773,994.50421723339,0.0001,ring / CH-ip
542,C36H20+,1,36,1036.7907,997.3926534,999.495035203998,1.5312,ring / CH-ip
542,C36H20+,1,36,1046.9227,1007.1396374,1007.84676457619,0.002,ring / CH-ip
542,C36H20+,1,36,1057.6825,1017.490565,1018.4334233086,0.9147,ring / CH-ip
542,C36H20+,1,36,1062.088,1021.728656,1022.60794133828,2.5416,ring / CH-ip
542,C36H20+,1,36,1073.9091,1033.1005542,1034.19596031975,39.5839,ring / CH-ip
542,C36H20+,1,36,1112.6282,1070.3483284,1071.52074835541,1.3293,ring / CH-ip
542,C36H20+,1,36,1132.9289,1089.8776018,1090.50865883245,41.7193,ring / CH-ip
542,C36H20+,1,36,1152.9227,1109.1116374,1109.47633403339,38.5793,CH-ip-bend
542,C36H20+,1,36,1167.7131,1123.3400022,1123.49936470952,1.3839,CH-ip-bend
542,C36H20+,1,36,1172.8075,1128.240815,1128.41057229185,1.8927,CH-ip-bend
542,C36H20+,1,36,1192.9585,1147.626077,1147.61742090185,0.5468,CH-ip-bend
542,C36H20+,1,36,1226.3902,1179.7873724,1179.93514002678,963.9968,CH-ip-bend
542,C36H20+,1,36,1233.2568,1186.3930416,1186.06961887457,108.8516,CH-ip-bend
542,C36H20+,1,36,1240.6794,1193.5335828,1193.19625715062,85.4886,CH-ip-bend
542,C36H20+,1,36,1249.5986,1202.1138532,1201.69262017466,1.3106,CH-ip-bend
542,C36H20+,1,36,1255.3937,1207.6887394,1207.45918915049,46.2724,CH-ip-bend
542,C36H20+,1,36,1256.3056,1208.5659872,1208.14707270337,24.7813,CH-ip-bend
542,C36H20+,1,36,1259.7531,1211.8824822,1211.4780258172,2.1672,CH-ip-bend
542,C36H20+,1,36,1277.1378,1228.6065636,1228.27423374746,245.4246,CH-ip-bend
542,C36H20+,1,36,1295.1106,1245.8963972,1245.40048248768,17.1331,CH-ip-bend
542,C36H20+,1,36,1307.9853,1258.2818586,1258.80283272571,1998.1314,CC-stretch/CH-ip
542,C36H20+,1,36,1308.3243,1258.6079766,1258.63227141405,1.7378,CC-stretch/CH-ip
542,C36H20+,1,36,1326.1523,1275.7585126,1275.74626597662,539.4653,CC-stretch/CH-ip
542,C36H20+,1,36,1334.984,1284.254608,1283.87765498682,240.2367,CC-stretch/CH-ip
542,C36H20+,1,36,1337.2797,1286.4630714,1285.78353512522,8.7727,CC-stretch/CH-ip
542,C36H20+,1,36,1348.0825,1296.855365,1297.88771237058,1476.3092,CC-stretch/CH-ip
542,C36H20+,1,36,1350.9474,1299.6113988,1298.72003029456,1.2176,CC-stretch/CH-ip
542,C36H20+,1,36,1358.1306,1306.5216372,1306.19608315985,0.8678,CC-stretch/CH-ip
542,C36H20+,1,36,1368.5499,1316.5450038,1315.58062910183,5.571,CC-stretch/CH-ip
542,C36H20+,1,36,1369.3365,1317.301713,1317.62699866021,272.46,CC-stretch/CH-ip
542,C36H20+,1,36,1376.795,1324.47679,1323.58965910344,1.6645,CC-stretch/CH-ip
542,C36H20+,1,36,1403.5153,1350.1817186,1351.39900969638,1973.7056,CC-stretch/CH-ip
542,C36H20+,1,36,1405.22,1351.82164,1350.8496479065,6.3084,CC-stretch/CH-ip
542,C36H20+,1,36,1409.4761,1355.9160082,1356.69574828556,2341.5265,CC-stretch/CH-ip
542,C36H20+,1,36,1418.2444,1364.3511128,1363.8155452966,57.8702,CC-stretch/CH-ip
542,C36H20+,1,36,1422.469,1368.415178,1367.45671164776,5.3609,CC-stretch/CH-ip
542,C36H20+,1,36,1424.6547,1370.5178214,1371.46128642175,799.4943,CC-stretch/CH-ip
542,C36H20+,1,36,1443.0525,1388.216505,1388.16841545393,33.2348,CC-stretch/CH-ip
542,C36H20+,1,36,1463.7426,1408.1203812,1406.77990067168,8.4534,CC-stretch/CH-ip
542,C36H20+,1,36,1466.8651,1411.1242262,1410.14325178274,17.4391,CC-stretch/CH-ip
542,C36H20+,1,36,1502.3938,1445.3028356,1443.65197691737,2.0256,CC-stretch/CH-ip
542,C36H20+,1,36,1505.6528,1448.4379936,1446.90418432507,11.8121,CC-stretch/CH-ip
542,C36H20+,1,36,1517.7293,1460.0555866,1458.56338026764,2.2857,CC-stretch/CH-ip
542,C36H20+,1,36,1519.5702,1461.8265324,1460.33763326198,89.5761,CC-stretch/CH-ip
542,C36H20+,1,36,1530.7151,1472.5479262,1470.78293370866,28.7539,CC-stretch/CH-ip
542,C36H20+,1,36,1534.6983,1476.3797646,1474.77628312722,54.6387,CC-stretch/CH-ip
542,C36H20+,1,36,1543.1517,1484.5119354,1482.87402328795,122.6447,CC-stretch/CH-ip
542,C36H20+,1,36,1556.3071,1497.1674302,1496.3616627385,1643.7503,CC-stretch/CH-ip
542,C36H20+,1,36,1570.1303,1510.4653486,1508.77034490698,13.2612,CC-stretch
542,C36H20+,1,36,1574.891,1515.045142,1513.67754420452,460.0245,CC-stretch
542,C36H20+,1,36,1590.2952,1529.8639824,1529.51092580502,2034.1901,CC-stretch
542,C36H20+,1,36,1606.9043,1545.8419366,1544.77355505904,357.3026,CC-stretch
542,C36H20+,1,36,1608.5112,1547.3877744,1545.91810112889,0.6815,CC-stretch
542,C36H20+,1,36,1614.561,1553.207682,1551.67087624054,1.4525,CC-stretch
542,C36H20+,1,36,1620.279,1558.708398,1557.35393994039,20.0365,CC-stretch
542,C36H20+,1,36,1643.8883,1581.4205446,1579.74015894108,0.4432,CC-stretch
542,C36H20+,1,36,1646.0177,1583.4690274,1581.78689800561,134.1453,CC-stretch
542,C36H20+,1,36,1648.8062,1586.1515644,1584.58893067797,5.2679,CC-stretch
542,C36H20+,1,36,3191.4357,3070.1611434,3059.08287075432,4.3975,CH-stretch
542,C36H20+,1,36,3192.0944,3070.7948128,3059.71428077028,3.6278,CH-stretch
542,C36H20+,1,36,3194.2814,3072.8987068,3061.8071918352,4.7853,CH-stretch
542,C36H20+,1,36,3194.5716,3073.1778792,3062.08702816854,11.9296,CH-stretch
542,C36H20+,1,36,3201.7252,3080.0596424,3068.92535759002,2.3936,CH-stretch
542,C36H20+,1,36,3204.7063,3082.9274606,3071.78040171788,8.1496,CH-stretch
542,C36H20+,1,36,3209.3392,3087.3843104,3076.21285679359,10.4306,CH-stretch
542,C36H20+,1,36,3209.6553,3087.6883986,3076.51030995543,0.2069,CH-stretch
542,C36H20+,1,36,3211.6325,3089.590465,3078.41117087454,14.8532,CH-stretch
542,C36H20+,1,36,3216.9756,3094.7305272,3083.51555012934,3.5361,CH-stretch
542,C36H20+,1,36,3218.5244,3096.2204728,3085.0086910921,27.3121,CH-stretch
542,C36H20+,1,36,3220.283,3097.912246,3086.6825855294,7.1209,CH-stretch
542,C36H20+,1,36,3225.6789,3103.1031018,3091.84038671573,0.0009,CH-stretch
542,C36H20+,1,36,3226.1878,3103.5926636,3092.43578225207,219.7208,CH-stretch
542,C36H20+,1,36,3226.9465,3104.322533,3093.05535375251,4.2818,CH-stretch
542,C36H20+,1,36,3233.7759,3110.8924158,3099.62558858403,75.7863,CH-stretch
542,C36H20+,1,36,3244.6416,3121.3452192,3109.98012223837,4.4563,CH-stretch
542,C36H20+,1,36,3245.6652,3122.3299224,3110.96185254314,9.6236,CH-stretch
542,C36H20+,1,36,3250.2296,3126.7208752,3115.33929065609,27.9423,CH-stretch
542,C36H20+,1,36,3250.7467,3127.2183254,3115.82734655747,14.4686,CH-stretch
