
  Memory set to   7.451 GiB by Python driver.
  Threads set to 8 by Python driver.

Scratch directory: C:\Users\thebr\AppData\Local\Temp/
   => Libint2 <=

    Primary   basis highest AM E, G, H:  7, 6, -
    Auxiliary basis highest AM E, G, H:  7, 7, -
    Onebody   basis highest AM E, G, H:  -, -, -
    Solid Harmonics ordering:            Gaussian

*** tstart() called on Asus18
*** at Tue Sep 15 16:26:26 2026

   => Loading Basis Set <=

    Name: 6-31G*
    Role: ORBITAL
    Keyword: BASIS
    atoms 1-10  entry C          line   111 file C:\Users\thebr\.conda\envs\qc\Library\share\psi4\basis\6-31gs.gbs 
    atoms 11-18 entry H          line    44 file C:\Users\thebr\.conda\envs\qc\Library\share\psi4\basis\6-31gs.gbs 


         ---------------------------------------------------------
                                   SCF
               by Justin Turney, Rob Parrish, Andy Simmonett
                          and Daniel G. A. Smith
                              RKS Reference
                        8 Threads,   -562 MiB Core
         ---------------------------------------------------------

  ==> Geometry <==

    Molecular point group: c1
    Full point group: C1

    Geometry (in Bohr), charge = 0, multiplicity = 1:

       Center              X                  Y                   Z               Mass       
    ------------   -----------------  -----------------  -----------------  -----------------
         C            4.355875621085     1.873389810342     0.676954991179    12.000000000000
         C            4.710441360148    -0.766777049035     0.406574042950    12.000000000000
         C            2.669633950375    -2.330320836459     0.009447036896    12.000000000000
         C            0.179407819166    -1.335897876304    -0.136815843731    12.000000000000
         C           -1.967706311202    -2.896347547477    -0.544733459852    12.000000000000
         C           -4.355874577849    -1.873389012483    -0.676964147361    12.000000000000
         C           -4.710442522962     0.766775249789    -0.406564559083    12.000000000000
         C           -2.669630810900     2.330324845932    -0.009480570911    12.000000000000
         C           -0.179407715361     1.335899207128     0.136815683212    12.000000000000
         C            1.967703218871     2.896343730493     0.544768862750    12.000000000000
         H            5.981162449921     3.089008209519     0.989755289129     1.007825032230
         H            6.604545078924    -1.552828079545     0.514388645570     1.007825032230
         H            2.936753920220    -4.357666180586    -0.198740821756     1.007825032230
         H           -1.690452472249    -4.922454308359    -0.751730213995     1.007825032230
         H           -5.981158595812    -3.089004411590    -0.989789980192     1.007825032230
         H           -6.604549462031     1.552822364662    -0.514348519386     1.007825032230
         H           -2.936752367085     4.357669886942     0.198710000568     1.007825032230
         H            1.690451416743     4.922451997032     0.751753582910     1.007825032230

  Running in c1 symmetry.

  Rotational constants: A =      0.10400  B =      0.04103  C =      0.02942 [cm^-1]
  Rotational constants: A =   3117.76689  B =   1230.01093  C =    882.03389 [MHz]
  Nuclear repulsion =  457.199124400061237

  Charge       = 0
  Multiplicity = 1
  Electrons    = 68
  Nalpha       = 34
  Nbeta        = 34

  ==> Algorithm <==

  SCF Algorithm Type is DF.
  DIIS enabled.
  MOM disabled.
  Fractional occupation disabled.
  Guess Type is SAD.
  Energy threshold   = 1.00e-10
  Density threshold  = 1.00e-08
  Integral threshold = 1.00e-12

  ==> Primary Basis <==

  Basis Set: 6-31G*
    Blend: 6-31G*
    Number of shells: 76
    Number of basis functions: 166
    Number of Cartesian functions: 166
    Spherical Harmonics?: false
    Max angular momentum: 2

  ==> DFT Potential <==

   => LibXC <=

    Version 7.1.2
    S. Lehtola, C. Steigemann, M. J. T. Oliveira, and M. A. L. Marques,  SoftwareX 7, 1–5 (2018) (10.1016/j.softx.2017.11.002)

   => Composite Functional: B3LYP <= 

    B3LYP Hyb-GGA Exchange-Correlation Functional

    P. J. Stephens, F. J. Devlin, C. F. Chabalowski, and M. J. Frisch,  J. Phys. Chem. 98, 11623 (1994) (10.1021/j100096a001)

    Deriv               =              1
    GGA                 =           TRUE
    Meta                =          FALSE

    Exchange Hybrid     =           TRUE
    MP2 Hybrid          =          FALSE

   => Exchange Functionals <=

    0.0800   Slater exchange
    0.7200         Becke 88

   => Exact (HF) Exchange <=

    0.2000               HF 

   => Correlation Functionals <=

    0.1900   Vosko, Wilk & Nusair (VWN5_RPA)
    0.8100   Lee, Yang & Parr

   => LibXC Density Thresholds  <==

    XC_HYB_GGA_XC_B3LYP:  1.00E-15 

   => Molecular Quadrature <=

    Radial Scheme          =       TREUTLER
    Pruning Scheme         =           NONE
    Nuclear Scheme         =       TREUTLER

    Blocking Scheme        =         OCTREE
    BS radius alpha        =              1
    Pruning alpha          =              1
    Radial Points          =             99
    Spherical Points       =            590
    Total Points           =         959995
    Total Blocks           =           6606
    Max Points             =            256
    Max Functions          =            160
    Weights Tolerance      =       1.00E-15

   => Loading Basis Set <=

    Name: (6-31G* AUX)
    Role: JKFIT
    Keyword: DF_BASIS_SCF
    atoms 1-10  entry C          line   121 file C:\Users\thebr\.conda\envs\qc\Library\share\psi4\basis\cc-pvdz-jkfit.gbs 
    atoms 11-18 entry H          line    51 file C:\Users\thebr\.conda\envs\qc\Library\share\psi4\basis\cc-pvdz-jkfit.gbs 

  ==> Integral Setup <==

  DFHelper Memory: AOs need 0.213 GiB; user supplied 2.423 GiB. 
  SCF_SUBTYPE=INCORE selected. In-core MEM_DF algorithm will be used.
  Using in-core AOs.

  ==> MemDFJK: Density-Fitted J/K Matrices <==

    J tasked:                   Yes
    K tasked:                   Yes
    wK tasked:                   No
    OpenMP threads:               8
    Memory [MiB]:              2481
    Algorithm:                 Core
    Schwarz Cutoff:           1E-12
    Mask sparsity (%):       4.7322
    Fitting Condition:        1E-10

   => Auxiliary Basis Set <=

  Basis Set: (6-31G* AUX)
    Blend: CC-PVDZ-JKFIT
    Number of shells: 312
    Number of basis functions: 1010
    Number of Cartesian functions: 1010
    Spherical Harmonics?: false
    Max angular momentum: 3

  Cached 100.0% of DFT collocation blocks in 3.165 [GiB].

  Minimum eigenvalue in the overlap matrix is 3.0952509329E-04.
  Reciprocal condition number of the overlap matrix is 3.9247617466E-05.
    Using symmetric orthogonalization.

  ==> Pre-Iterations <==

  SCF Guess: Superposition of Atomic Densities via on-the-fly atomic UHF (no occupation information).

   -------------------------
    Irrep   Nso     Nmo    
   -------------------------
     A        166     166 
   -------------------------
    Total     166     166
   -------------------------

  ==> Iterations <==

                           Total Energy        Delta E     RMS |[F,P]|

   @DF-RKS iter SAD:  -385.34445078898136   -3.85344e+02   0.00000e+00 
   @DF-RKS iter   1:  -385.43331192001767   -8.88611e-02   5.35892e-03 ADIIS/DIIS
   @DF-RKS iter   2:  -385.42273111159363    1.05808e-02   5.54238e-03 ADIIS/DIIS
   @DF-RKS iter   3:  -385.88691458277765   -4.64183e-01   6.36490e-04 ADIIS/DIIS
   @DF-RKS iter   4:  -385.89051083481525   -3.59625e-03   3.82901e-04 ADIIS/DIIS
   @DF-RKS iter   5:  -385.89250438372630   -1.99355e-03   9.74182e-05 DIIS
   @DF-RKS iter   6:  -385.89261467006509   -1.10286e-04   4.61422e-05 DIIS
   @DF-RKS iter   7:  -385.89264419394260   -2.95239e-05   1.79494e-06 DIIS
   @DF-RKS iter   8:  -385.89264424477858   -5.08360e-08   2.44375e-07 DIIS
   @DF-RKS iter   9:  -385.89264424569046   -9.11882e-10   5.03810e-08 DIIS
   @DF-RKS iter  10:  -385.89264424572752   -3.70619e-11   5.65608e-09 DIIS
  Energy and wave function converged.


  ==> Post-Iterations <==

   Electrons on quadrature grid:
      Ntotal   =   68.0000016751 ; deviation = 1.675e-06 

    Orbital Energies [Eh]
    ---------------------

    Doubly Occupied:                                                      

       1A    -10.195539     2A    -10.195122     3A    -10.189592  
       4A    -10.189590     5A    -10.189221     6A    -10.189213  
       7A    -10.188626     8A    -10.188611     9A    -10.188537  
      10A    -10.188525    11A     -0.868568    12A     -0.816132  
      13A     -0.769076    14A     -0.736490    15A     -0.715022  
      16A     -0.621930    17A     -0.607328    18A     -0.592262  
      19A     -0.510883    20A     -0.508144    21A     -0.489589  
      22A     -0.445994    23A     -0.436241    24A     -0.414811  
      25A     -0.411823    26A     -0.398204    27A     -0.385410  
      28A     -0.366633    29A     -0.335600    30A     -0.327960  
      31A     -0.323048    32A     -0.281177    33A     -0.240212  
      34A     -0.212680  

    Virtual:                                                              

      35A     -0.035231    36A     -0.005392    37A      0.035920  
      38A      0.095077    39A      0.103019    40A      0.112984  
      41A      0.121756    42A      0.166089    43A      0.167748  
      44A      0.174551    45A      0.182835    46A      0.204008  
      47A      0.205995    48A      0.246938    49A      0.284263  
      50A      0.308189    51A      0.311706    52A      0.325879  
      53A      0.329095    54A      0.361517    55A      0.471960  
      56A      0.494477    57A      0.513876    58A      0.521940  
      59A      0.527500    60A      0.527913    61A      0.548284  
      62A      0.563109    63A      0.570900    64A      0.584249  
      65A      0.591975    66A      0.609165    67A      0.611698  
      68A      0.613533    69A      0.616175    70A      0.618055  
      71A      0.626844    72A      0.629090    73A      0.638397  
      74A      0.673940    75A      0.690966    76A      0.692947  
      77A      0.757365    78A      0.826395    79A      0.827933  
      80A      0.835591    81A      0.837537    82A      0.837940  
      83A      0.854103    84A      0.856805    85A      0.899828  
      86A      0.901428    87A      0.925980    88A      0.943952  
      89A      0.945451    90A      0.986279    91A      1.001177  
      92A      1.052542    93A      1.058006    94A      1.068756  
      95A      1.087217    96A      1.152993    97A      1.195118  
      98A      1.198368    99A      1.244056   100A      1.257065  
     101A      1.276807   102A      1.315117   103A      1.391909  
     104A      1.414288   105A      1.444709   106A      1.457805  
     107A      1.460015   108A      1.490188   109A      1.490416  
     110A      1.495150   111A      1.500769   112A      1.510113  
     113A      1.531161   114A      1.725047   115A      1.771303  
     116A      1.777542   117A      1.857823   118A      1.894378  
     119A      1.898618   120A      1.909954   121A      1.930558  
     122A      1.947919   123A      1.949024   124A      1.953883  
     125A      1.995629   126A      2.030816   127A      2.048727  
     128A      2.124314   129A      2.146808   130A      2.161057  
     131A      2.199300   132A      2.203063   133A      2.207744  
     134A      2.280125   135A      2.281626   136A      2.301881  
     137A      2.329891   138A      2.337765   139A      2.378881  
     140A      2.419142   141A      2.609620   142A      2.614737  
     143A      2.617218   144A      2.619156   145A      2.641564  
     146A      2.673631   147A      2.720448   148A      2.752181  
     149A      2.782158   150A      2.833430   151A      2.856870  
     152A      2.877178   153A      2.940549   154A      3.097681  
     155A      3.352599   156A      3.475028   157A      4.081252  
     158A      4.093881   159A      4.118693   160A      4.121297  
     161A      4.150749   162A      4.261846   163A      4.349956  
     164A      4.400069   165A      4.516443   166A      4.800585  

    Final Occupation by Irrep:
              A 
    DOCC [    34 ]
    NA   [    34 ]
    NB   [    34 ]

  @DF-RKS Final Energy:  -385.89264424572752

   => Energetics <=

    Nuclear Repulsion Energy =            457.1991244000612369
    One-Electron Energy =               -1425.4474413919169820
    Two-Electron Energy =                 628.6627657384384520
    DFT Exchange-Correlation Energy =     -46.3070929923102739
    Empirical Dispersion Energy =           0.0000000000000000
    VV10 Nonlocal Energy =                  0.0000000000000000
    Total Energy =                       -385.8926442457275812

Computation Completed


Properties will be evaluated at   0.000000,   0.000000,   0.000000 [a0]

Properties computed using the SCF density matrix


 Multipole Moments:

 ------------------------------------------------------------------------------------
     Multipole            Electronic (a.u.)      Nuclear  (a.u.)        Total (a.u.)
 ------------------------------------------------------------------------------------

 L = 1.  Multiply by 2.5417464519 to convert [e a0] to [Debye]
 Dipole X            :         -0.0000001            0.0000002            0.0000001
 Dipole Y            :         -0.0000028            0.0000026           -0.0000001
 Dipole Z            :         -0.0000107            0.0000102           -0.0000005
 Magnitude           :                                                    0.0000005

 ------------------------------------------------------------------------------------

*** tstop() called on Asus18 at Tue Sep 15 16:26:37 2026
Module time:
	user time   =        nan seconds =        nan minutes
	system time =        nan seconds =        nan minutes
	total time  =         11 seconds =       0.18 minutes
Total time:
	user time   =        nan seconds =        nan minutes
	system time =        nan seconds =        nan minutes
	total time  =         11 seconds =       0.18 minutes

Scratch directory: C:\Users\thebr\AppData\Local\Temp/
   => Libint2 <=

    Primary   basis highest AM E, G, H:  7, 6, -
    Auxiliary basis highest AM E, G, H:  7, 7, -
    Onebody   basis highest AM E, G, H:  -, -, -
    Solid Harmonics ordering:            Gaussian

*** tstart() called on Asus18
*** at Tue Sep 15 16:26:37 2026

   => Loading Basis Set <=

    Name: 6-31G*
    Role: ORBITAL
    Keyword: BASIS
    atoms 1-10  entry C          line   111 file C:\Users\thebr\.conda\envs\qc\Library\share\psi4\basis\6-31gs.gbs 
    atoms 11-18 entry H          line    44 file C:\Users\thebr\.conda\envs\qc\Library\share\psi4\basis\6-31gs.gbs 


         ---------------------------------------------------------
                                   SCF
               by Justin Turney, Rob Parrish, Andy Simmonett
                          and Daniel G. A. Smith
                              RKS Reference
                        8 Threads,   -562 MiB Core
         ---------------------------------------------------------

  ==> Geometry <==

    Molecular point group: c1
    Full point group: C1

    Geometry (in Bohr), charge = 0, multiplicity = 1:

       Center              X                  Y                   Z               Mass       
    ------------   -----------------  -----------------  -----------------  -----------------
         C            4.355875621085     1.873389810342     0.676954991179    12.000000000000
         C            4.710441360148    -0.766777049035     0.406574042950    12.000000000000
         C            2.669633950375    -2.330320836459     0.009447036896    12.000000000000
         C            0.179407819166    -1.335897876304    -0.136815843731    12.000000000000
         C           -1.967706311202    -2.896347547477    -0.544733459852    12.000000000000
         C           -4.355874577849    -1.873389012483    -0.676964147361    12.000000000000
         C           -4.710442522962     0.766775249789    -0.406564559083    12.000000000000
         C           -2.669630810900     2.330324845932    -0.009480570911    12.000000000000
         C           -0.179407715361     1.335899207128     0.136815683212    12.000000000000
         C            1.967703218871     2.896343730493     0.544768862750    12.000000000000
         H            5.981162449921     3.089008209519     0.989755289129     1.007825032230
         H            6.604545078924    -1.552828079545     0.514388645570     1.007825032230
         H            2.936753920220    -4.357666180586    -0.198740821756     1.007825032230
         H           -1.690452472249    -4.922454308359    -0.751730213995     1.007825032230
         H           -5.981158595812    -3.089004411590    -0.989789980192     1.007825032230
         H           -6.604549462031     1.552822364662    -0.514348519386     1.007825032230
         H           -2.936752367085     4.357669886942     0.198710000568     1.007825032230
         H            1.690451416743     4.922451997032     0.751753582910     1.007825032230

  Running in c1 symmetry.

  Rotational constants: A =      0.10400  B =      0.04103  C =      0.02942 [cm^-1]
  Rotational constants: A =   3117.76689  B =   1230.01093  C =    882.03389 [MHz]
  Nuclear repulsion =  457.199124400061237

  Charge       = 0
  Multiplicity = 1
  Electrons    = 68
  Nalpha       = 34
  Nbeta        = 34

  ==> Algorithm <==

  SCF Algorithm Type is DF.
  DIIS enabled.
  MOM disabled.
  Fractional occupation disabled.
  Guess Type is SAD.
  Energy threshold   = 1.00e-10
  Density threshold  = 1.00e-08
  Integral threshold = 1.00e-12

  ==> Primary Basis <==

  Basis Set: 6-31G*
    Blend: 6-31G*
    Number of shells: 76
    Number of basis functions: 166
    Number of Cartesian functions: 166
    Spherical Harmonics?: false
    Max angular momentum: 2

  ==> DFT Potential <==

   => LibXC <=

    Version 7.1.2
    S. Lehtola, C. Steigemann, M. J. T. Oliveira, and M. A. L. Marques,  SoftwareX 7, 1–5 (2018) (10.1016/j.softx.2017.11.002)

   => Composite Functional: BHANDHLYP <= 

    BHandHLYP Hyb-GGA Exchange-Correlation Functional

    A. D. Becke,  J. Chem. Phys. 98, 1372 (1993) (10.1063/1.464304)
    Defined through Gaussian implementation.

    Deriv               =              1
    GGA                 =           TRUE
    Meta                =          FALSE

    Exchange Hybrid     =           TRUE
    MP2 Hybrid          =          FALSE

   => Exchange Functionals <=

    0.5000         Becke 88

   => Exact (HF) Exchange <=

    0.5000               HF 

   => Correlation Functionals <=

    1.0000   Lee, Yang & Parr

   => LibXC Density Thresholds  <==

    XC_HYB_GGA_XC_BHANDHLYP:  1.00E-15 

   => Molecular Quadrature <=

    Radial Scheme          =       TREUTLER
    Pruning Scheme         =           NONE
    Nuclear Scheme         =       TREUTLER

    Blocking Scheme        =         OCTREE
    BS radius alpha        =              1
    Pruning alpha          =              1
    Radial Points          =             99
    Spherical Points       =            590
    Total Points           =         959995
    Total Blocks           =           6606
    Max Points             =            256
    Max Functions          =            160
    Weights Tolerance      =       1.00E-15

   => Loading Basis Set <=

    Name: (6-31G* AUX)
    Role: JKFIT
    Keyword: DF_BASIS_SCF
    atoms 1-10  entry C          line   121 file C:\Users\thebr\.conda\envs\qc\Library\share\psi4\basis\cc-pvdz-jkfit.gbs 
    atoms 11-18 entry H          line    51 file C:\Users\thebr\.conda\envs\qc\Library\share\psi4\basis\cc-pvdz-jkfit.gbs 

  ==> Integral Setup <==

  DFHelper Memory: AOs need 0.213 GiB; user supplied 2.423 GiB. 
  SCF_SUBTYPE=INCORE selected. In-core MEM_DF algorithm will be used.
  Using in-core AOs.

  ==> MemDFJK: Density-Fitted J/K Matrices <==

    J tasked:                   Yes
    K tasked:                   Yes
    wK tasked:                   No
    OpenMP threads:               8
    Memory [MiB]:              2481
    Algorithm:                 Core
    Schwarz Cutoff:           1E-12
    Mask sparsity (%):       4.7322
    Fitting Condition:        1E-10

   => Auxiliary Basis Set <=

  Basis Set: (6-31G* AUX)
    Blend: CC-PVDZ-JKFIT
    Number of shells: 312
    Number of basis functions: 1010
    Number of Cartesian functions: 1010
    Spherical Harmonics?: false
    Max angular momentum: 3

  Cached 100.0% of DFT collocation blocks in 3.165 [GiB].

  Minimum eigenvalue in the overlap matrix is 3.0952509329E-04.
  Reciprocal condition number of the overlap matrix is 3.9247617466E-05.
    Using symmetric orthogonalization.

  ==> Pre-Iterations <==

  SCF Guess: Superposition of Atomic Densities via on-the-fly atomic UHF (no occupation information).

   -------------------------
    Irrep   Nso     Nmo    
   -------------------------
     A        166     166 
   -------------------------
    Total     166     166
   -------------------------

  ==> Iterations <==

                           Total Energy        Delta E     RMS |[F,P]|

   @DF-RKS iter SAD:  -384.99050809560714   -3.84991e+02   0.00000e+00 
   @DF-RKS iter   1:  -385.39647367483906   -4.05966e-01   3.95186e-03 ADIIS/DIIS
   @DF-RKS iter   2:  -385.53105789037556   -1.34584e-01   2.84381e-03 ADIIS/DIIS
   @DF-RKS iter   3:  -385.64910238869516   -1.18044e-01   2.96479e-04 ADIIS/DIIS
   @DF-RKS iter   4:  -385.64991334952521   -8.10961e-04   1.75242e-04 ADIIS/DIIS
   @DF-RKS iter   5:  -385.65033623399847   -4.22884e-04   4.23440e-05 DIIS
   @DF-RKS iter   6:  -385.65036006140076   -2.38274e-05   1.53091e-05 DIIS
   @DF-RKS iter   7:  -385.65036338177498   -3.32037e-06   1.21856e-06 DIIS
   @DF-RKS iter   8:  -385.65036345931719   -7.75422e-08   2.49002e-07 DIIS
   @DF-RKS iter   9:  -385.65036346467622   -5.35903e-09   7.61413e-08 DIIS
   @DF-RKS iter  10:  -385.65036346497385   -2.97632e-10   5.45136e-09 DIIS
   @DF-RKS iter  11:  -385.65036346497561   -1.76215e-12   9.58016e-10 DIIS
  Energy and wave function converged.


  ==> Post-Iterations <==

   Electrons on quadrature grid:
      Ntotal   =   68.0000016175 ; deviation = 1.618e-06 

    Orbital Energies [Eh]
    ---------------------

    Doubly Occupied:                                                      

       1A    -10.602928     2A    -10.602297     3A    -10.596478  
       4A    -10.596469     5A    -10.596087     6A    -10.596060  
       7A    -10.595451     8A    -10.595424     9A    -10.595169  
      10A    -10.595153    11A     -0.989463    12A     -0.931848  
      13A     -0.880516    14A     -0.844344    15A     -0.820797  
      16A     -0.715089    17A     -0.699182    18A     -0.680353  
      19A     -0.588857    20A     -0.587474    21A     -0.565995  
      22A     -0.518641    23A     -0.507505    24A     -0.483773  
      25A     -0.482150    26A     -0.466454    27A     -0.446351  
      28A     -0.431514    29A     -0.398666    30A     -0.389206  
      31A     -0.375645    32A     -0.326311    33A     -0.275411  
      34A     -0.246502  

    Virtual:                                                              

      35A      0.006598    36A      0.037636    37A      0.087165  
      38A      0.141238    39A      0.160168    40A      0.165080  
      41A      0.168212    42A      0.212996    43A      0.216619  
      44A      0.222591    45A      0.233865    46A      0.256090  
      47A      0.276795    48A      0.302226    49A      0.343060  
      50A      0.368617    51A      0.370659    52A      0.380809  
      53A      0.389404    54A      0.422227    55A      0.535910  
      56A      0.573883    57A      0.589658    58A      0.592033  
      59A      0.596133    60A      0.605775    61A      0.623942  
      62A      0.624946    63A      0.648321    64A      0.660265  
      65A      0.662407    66A      0.683605    67A      0.691917  
      68A      0.692557    69A      0.695976    70A      0.696834  
      71A      0.705068    72A      0.705156    73A      0.715826  
      74A      0.756566    75A      0.772809    76A      0.773992  
      77A      0.839941    78A      0.917400    79A      0.918232  
      80A      0.920854    81A      0.928902    82A      0.929747  
      83A      0.947589    84A      0.947973    85A      0.985460  
      86A      0.986476    87A      1.019040    88A      1.024238  
      89A      1.030517    90A      1.072526    91A      1.085093  
      92A      1.129011    93A      1.133662    94A      1.146761  
      95A      1.173135    96A      1.236645    97A      1.282248  
      98A      1.286788    99A      1.332093   100A      1.345330  
     101A      1.363927   102A      1.401040   103A      1.485440  
     104A      1.507990   105A      1.532877   106A      1.549180  
     107A      1.552847   108A      1.581277   109A      1.587315  
     110A      1.592150   111A      1.598236   112A      1.607990  
     113A      1.621891   114A      1.825465   115A      1.875263  
     116A      1.881327   117A      1.960939   118A      1.995782  
     119A      2.001746   120A      2.005258   121A      2.040871  
     122A      2.058744   123A      2.059732   124A      2.066135  
     125A      2.102901   126A      2.144107   127A      2.163591  
     128A      2.236003   129A      2.258121   130A      2.273295  
     131A      2.311355   132A      2.315623   133A      2.319743  
     134A      2.392434   135A      2.395996   136A      2.415357  
     137A      2.445866   138A      2.453130   139A      2.495188  
     140A      2.534106   141A      2.731757   142A      2.733575  
     143A      2.739693   144A      2.740008   145A      2.763284  
     146A      2.795103   147A      2.839427   148A      2.872532  
     149A      2.904882   150A      2.961497   151A      2.978201  
     152A      3.007126   153A      3.069880   154A      3.223732  
     155A      3.486434   156A      3.610692   157A      4.230254  
     158A      4.242556   159A      4.266942   160A      4.269508  
     161A      4.298867   162A      4.410068   163A      4.498774  
     164A      4.548820   165A      4.666091   166A      4.951609  

    Final Occupation by Irrep:
              A 
    DOCC [    34 ]
    NA   [    34 ]
    NB   [    34 ]

  @DF-RKS Final Energy:  -385.65036346497561

   => Energetics <=

    Nuclear Repulsion Energy =            457.1991244000612369
    One-Electron Energy =               -1425.0966087505648829
    Two-Electron Energy =                 611.9110417816402787
    DFT Exchange-Correlation Energy =     -29.6639208961122449
    Empirical Dispersion Energy =           0.0000000000000000
    VV10 Nonlocal Energy =                  0.0000000000000000
    Total Energy =                       -385.6503634649756123

Computation Completed


Properties will be evaluated at   0.000000,   0.000000,   0.000000 [a0]

Properties computed using the SCF density matrix


 Multipole Moments:

 ------------------------------------------------------------------------------------
     Multipole            Electronic (a.u.)      Nuclear  (a.u.)        Total (a.u.)
 ------------------------------------------------------------------------------------

 L = 1.  Multiply by 2.5417464519 to convert [e a0] to [Debye]
 Dipole X            :         -0.0000001            0.0000002            0.0000001
 Dipole Y            :         -0.0000027            0.0000026           -0.0000001
 Dipole Z            :         -0.0000107            0.0000102           -0.0000005
 Magnitude           :                                                    0.0000006

 ------------------------------------------------------------------------------------

*** tstop() called on Asus18 at Tue Sep 15 16:26:50 2026
Module time:
	user time   =        nan seconds =        nan minutes
	system time =        nan seconds =        nan minutes
	total time  =         13 seconds =       0.22 minutes
Total time:
	user time   =        nan seconds =        nan minutes
	system time =        nan seconds =        nan minutes
	total time  =         24 seconds =       0.40 minutes

Scratch directory: C:\Users\thebr\AppData\Local\Temp/
   => Libint2 <=

    Primary   basis highest AM E, G, H:  7, 6, -
    Auxiliary basis highest AM E, G, H:  7, 7, -
    Onebody   basis highest AM E, G, H:  -, -, -
    Solid Harmonics ordering:            Gaussian

*** tstart() called on Asus18
*** at Tue Sep 15 16:26:50 2026

   => Loading Basis Set <=

    Name: 6-31G*
    Role: ORBITAL
    Keyword: BASIS
    atoms 1-10  entry C          line   111 file C:\Users\thebr\.conda\envs\qc\Library\share\psi4\basis\6-31gs.gbs 
    atoms 11-18 entry H          line    44 file C:\Users\thebr\.conda\envs\qc\Library\share\psi4\basis\6-31gs.gbs 


         ---------------------------------------------------------
                                   SCF
               by Justin Turney, Rob Parrish, Andy Simmonett
                          and Daniel G. A. Smith
                              RKS Reference
                        8 Threads,   -562 MiB Core
         ---------------------------------------------------------

  ==> Geometry <==

    Molecular point group: c1
    Full point group: C1

    Geometry (in Bohr), charge = 0, multiplicity = 1:

       Center              X                  Y                   Z               Mass       
    ------------   -----------------  -----------------  -----------------  -----------------
         C            4.357226551914     1.874881282231     0.664401376981    12.000000000000
         C            4.709177676384    -0.768261905971     0.419125697172    12.000000000000
         C            2.670433925006    -2.329973765742     0.003823755828    12.000000000000
         C            0.176523806220    -1.339318263120    -0.109218490443    12.000000000000
         C           -1.967238028866    -2.896043348851    -0.550393329103    12.000000000000
         C           -4.357247066545    -1.874895660297    -0.664423042765    12.000000000000
         C           -4.709154442750     0.768259137360    -0.419123968656    12.000000000000
         C           -2.670418240787     2.329988729775    -0.003866261776    12.000000000000
         C           -0.176525637953     1.339330993872     0.109233915934    12.000000000000
         C            1.967224297392     2.896034275226     0.550418384773    12.000000000000
         H            5.980784945462     3.088179130376     0.995204702354     1.007825032230
         H            6.605282190173    -1.551951046474     0.509088485194     1.007825032230
         H            2.942396700216    -4.352177954993    -0.248282382474     1.007825032230
         H           -1.685565323307    -4.917055089875    -0.801377734668     1.007825032230
         H           -5.980830728604    -3.088182445431    -0.995154997109     1.007825032230
         H           -6.605266686689     1.551951811331    -0.508952415618     1.007825032230
         H           -2.942403636003     4.352180872711     0.248308862575     1.007825032230
         H            1.685569065303     4.917042858504     0.801449203901     1.007825032230

  Running in c1 symmetry.

  Rotational constants: A =      0.10397  B =      0.04103  C =      0.02942 [cm^-1]
  Rotational constants: A =   3116.96383  B =   1229.91761  C =    881.95466 [MHz]
  Nuclear repulsion =  457.159464876619609

  Charge       = 0
  Multiplicity = 1
  Electrons    = 68
  Nalpha       = 34
  Nbeta        = 34

  ==> Algorithm <==

  SCF Algorithm Type is DF.
  DIIS enabled.
  MOM disabled.
  Fractional occupation disabled.
  Guess Type is SAD.
  Energy threshold   = 1.00e-10
  Density threshold  = 1.00e-08
  Integral threshold = 1.00e-12

  ==> Primary Basis <==

  Basis Set: 6-31G*
    Blend: 6-31G*
    Number of shells: 76
    Number of basis functions: 166
    Number of Cartesian functions: 166
    Spherical Harmonics?: false
    Max angular momentum: 2

  ==> DFT Potential <==

   => LibXC <=

    Version 7.1.2
    S. Lehtola, C. Steigemann, M. J. T. Oliveira, and M. A. L. Marques,  SoftwareX 7, 1–5 (2018) (10.1016/j.softx.2017.11.002)

   => Composite Functional: B3LYP <= 

    B3LYP Hyb-GGA Exchange-Correlation Functional

    P. J. Stephens, F. J. Devlin, C. F. Chabalowski, and M. J. Frisch,  J. Phys. Chem. 98, 11623 (1994) (10.1021/j100096a001)

    Deriv               =              1
    GGA                 =           TRUE
    Meta                =          FALSE

    Exchange Hybrid     =           TRUE
    MP2 Hybrid          =          FALSE

   => Exchange Functionals <=

    0.0800   Slater exchange
    0.7200         Becke 88

   => Exact (HF) Exchange <=

    0.2000               HF 

   => Correlation Functionals <=

    0.1900   Vosko, Wilk & Nusair (VWN5_RPA)
    0.8100   Lee, Yang & Parr

   => LibXC Density Thresholds  <==

    XC_HYB_GGA_XC_B3LYP:  1.00E-15 

   => Molecular Quadrature <=

    Radial Scheme          =       TREUTLER
    Pruning Scheme         =           NONE
    Nuclear Scheme         =       TREUTLER

    Blocking Scheme        =         OCTREE
    BS radius alpha        =              1
    Pruning alpha          =              1
    Radial Points          =             99
    Spherical Points       =            590
    Total Points           =         960021
    Total Blocks           =           6561
    Max Points             =            256
    Max Functions          =            160
    Weights Tolerance      =       1.00E-15

   => Loading Basis Set <=

    Name: (6-31G* AUX)
    Role: JKFIT
    Keyword: DF_BASIS_SCF
    atoms 1-10  entry C          line   121 file C:\Users\thebr\.conda\envs\qc\Library\share\psi4\basis\cc-pvdz-jkfit.gbs 
    atoms 11-18 entry H          line    51 file C:\Users\thebr\.conda\envs\qc\Library\share\psi4\basis\cc-pvdz-jkfit.gbs 

  ==> Integral Setup <==

  DFHelper Memory: AOs need 0.213 GiB; user supplied 2.424 GiB. 
  SCF_SUBTYPE=INCORE selected. In-core MEM_DF algorithm will be used.
  Using in-core AOs.

  ==> MemDFJK: Density-Fitted J/K Matrices <==

    J tasked:                   Yes
    K tasked:                   Yes
    wK tasked:                   No
    OpenMP threads:               8
    Memory [MiB]:              2481
    Algorithm:                 Core
    Schwarz Cutoff:           1E-12
    Mask sparsity (%):       4.7467
    Fitting Condition:        1E-10

   => Auxiliary Basis Set <=

  Basis Set: (6-31G* AUX)
    Blend: CC-PVDZ-JKFIT
    Number of shells: 312
    Number of basis functions: 1010
    Number of Cartesian functions: 1010
    Spherical Harmonics?: false
    Max angular momentum: 3

  Cached 100.0% of DFT collocation blocks in 3.164 [GiB].

  Minimum eigenvalue in the overlap matrix is 3.2827622898E-04.
  Reciprocal condition number of the overlap matrix is 4.1632288341E-05.
    Using symmetric orthogonalization.

  ==> Pre-Iterations <==

  SCF Guess: Superposition of Atomic Densities via on-the-fly atomic UHF (no occupation information).

   -------------------------
    Irrep   Nso     Nmo    
   -------------------------
     A        166     166 
   -------------------------
    Total     166     166
   -------------------------

  ==> Iterations <==

                           Total Energy        Delta E     RMS |[F,P]|

   @DF-RKS iter SAD:  -385.34210632268798   -3.85342e+02   0.00000e+00 
   @DF-RKS iter   1:  -385.43295748582864   -9.08512e-02   5.35812e-03 ADIIS/DIIS
   @DF-RKS iter   2:  -385.42216700518111    1.07905e-02   5.54312e-03 ADIIS/DIIS
   @DF-RKS iter   3:  -385.88647581050060   -4.64309e-01   6.36018e-04 ADIIS/DIIS
   @DF-RKS iter   4:  -385.89006613568654   -3.59033e-03   3.82648e-04 ADIIS/DIIS
   @DF-RKS iter   5:  -385.89205681486811   -1.99068e-03   9.74225e-05 DIIS
   @DF-RKS iter   6:  -385.89216707285152   -1.10258e-04   4.61970e-05 DIIS
   @DF-RKS iter   7:  -385.89219667889915   -2.96060e-05   1.79690e-06 DIIS
   @DF-RKS iter   8:  -385.89219672983415   -5.09350e-08   2.45128e-07 DIIS
   @DF-RKS iter   9:  -385.89219673075183   -9.17680e-10   5.11256e-08 DIIS
   @DF-RKS iter  10:  -385.89219673078691   -3.50724e-11   1.41263e-08 DIIS
   @DF-RKS iter  11:  -385.89219673078787   -9.66338e-13   1.36796e-08 DIIS
   @DF-RKS iter  12:  -385.89219673079066   -2.78533e-12   5.65961e-10 DIIS
  Energy and wave function converged.


  ==> Post-Iterations <==

   Electrons on quadrature grid:
      Ntotal   =   68.0000016966 ; deviation = 1.697e-06 

    Orbital Energies [Eh]
    ---------------------

    Doubly Occupied:                                                      

       1A    -10.195643     2A    -10.195227     3A    -10.189618  
       4A    -10.189615     5A    -10.189257     6A    -10.189249  
       7A    -10.188689     8A    -10.188675     9A    -10.188590  
      10A    -10.188579    11A     -0.868480    12A     -0.816089  
      13A     -0.769024    14A     -0.736428    15A     -0.714999  
      16A     -0.621874    17A     -0.607290    18A     -0.592144  
      19A     -0.510814    20A     -0.508098    21A     -0.489544  
      22A     -0.446048    23A     -0.436141    24A     -0.414830  
      25A     -0.411737    26A     -0.398188    27A     -0.385256  
      28A     -0.366624    29A     -0.335579    30A     -0.328195  
      31A     -0.322956    32A     -0.280859    33A     -0.240188  
      34A     -0.212655  

    Virtual:                                                              

      35A     -0.035283    36A     -0.005518    37A      0.035705  
      38A      0.095050    39A      0.102881    40A      0.112961  
      41A      0.121761    42A      0.166014    43A      0.167702  
      44A      0.174552    45A      0.182768    46A      0.203353  
      47A      0.206001    48A      0.246899    49A      0.284273  
      50A      0.308218    51A      0.311723    52A      0.325889  
      53A      0.329087    54A      0.361439    55A      0.471990  
      56A      0.494042    57A      0.513868    58A      0.521288  
      59A      0.527199    60A      0.527963    61A      0.548053  
      62A      0.563051    63A      0.570946    64A      0.582351  
      65A      0.591969    66A      0.608758    67A      0.611963  
      68A      0.613168    69A      0.616239    70A      0.618119  
      71A      0.626934    72A      0.629248    73A      0.637031  
      74A      0.673912    75A      0.690843    76A      0.692997  
      77A      0.757293    78A      0.826132    79A      0.827483  
      80A      0.835676    81A      0.836731    82A      0.837904  
      83A      0.853987    84A      0.855805    85A      0.899867  
      86A      0.901373    87A      0.924734    88A      0.943639  
      89A      0.945691    90A      0.984751    91A      1.001240  
      92A      1.052615    93A      1.056426    94A      1.068560  
      95A      1.084843    96A      1.150760    97A      1.191350  
      98A      1.194995    99A      1.234122   100A      1.253075  
     101A      1.280981   102A      1.315554   103A      1.391358  
     104A      1.402948   105A      1.443610   106A      1.457162  
     107A      1.458611   108A      1.480128   109A      1.495609  
     110A      1.496484   111A      1.504237   112A      1.511612  
     113A      1.536094   114A      1.725174   115A      1.771257  
     116A      1.777343   117A      1.857735   118A      1.884078  
     119A      1.894334   120A      1.904435   121A      1.930586  
     122A      1.944387   123A      1.948643   124A      1.953716  
     125A      1.996165   126A      2.030648   127A      2.047870  
     128A      2.124266   129A      2.146830   130A      2.159870  
     131A      2.199476   132A      2.203816   133A      2.207731  
     134A      2.278442   135A      2.281198   136A      2.296345  
     137A      2.329875   138A      2.339742   139A      2.378171  
     140A      2.418971   141A      2.609811   142A      2.613581  
     143A      2.617074   144A      2.618332   145A      2.638693  
     146A      2.672183   147A      2.721102   148A      2.742238  
     149A      2.778894   150A      2.834147   151A      2.853328  
     152A      2.877205   153A      2.939629   154A      3.095604  
     155A      3.349607   156A      3.469951   157A      4.081499  
     158A      4.093884   159A      4.117818   160A      4.121235  
     161A      4.150688   162A      4.261911   163A      4.350017  
     164A      4.400221   165A      4.513499   166A      4.798215  

    Final Occupation by Irrep:
              A 
    DOCC [    34 ]
    NA   [    34 ]
    NB   [    34 ]

  @DF-RKS Final Energy:  -385.89219673079066

   => Energetics <=

    Nuclear Repulsion Energy =            457.1594648766196087
    One-Electron Energy =               -1425.3692273335718710
    Two-Electron Energy =                 628.6235368425543584
    DFT Exchange-Correlation Energy =     -46.3059711163927687
    Empirical Dispersion Energy =           0.0000000000000000
    VV10 Nonlocal Energy =                  0.0000000000000000
    Total Energy =                       -385.8921967307906584

Computation Completed


Properties will be evaluated at   0.000000,   0.000000,   0.000000 [a0]

Properties computed using the SCF density matrix


 Multipole Moments:

 ------------------------------------------------------------------------------------
     Multipole            Electronic (a.u.)      Nuclear  (a.u.)        Total (a.u.)
 ------------------------------------------------------------------------------------

 L = 1.  Multiply by 2.5417464519 to convert [e a0] to [Debye]
 Dipole X            :          0.0000132           -0.0000164           -0.0000032
 Dipole Y            :         -0.0000043           -0.0000030           -0.0000073
 Dipole Z            :         -0.0001155            0.0001520            0.0000365
 Magnitude           :                                                    0.0000374

 ------------------------------------------------------------------------------------

*** tstop() called on Asus18 at Tue Sep 15 16:27:04 2026
Module time:
	user time   =        nan seconds =        nan minutes
	system time =        nan seconds =        nan minutes
	total time  =         14 seconds =       0.23 minutes
Total time:
	user time   =        nan seconds =        nan minutes
	system time =        nan seconds =        nan minutes
	total time  =         38 seconds =       0.63 minutes

Scratch directory: C:\Users\thebr\AppData\Local\Temp/
   => Libint2 <=

    Primary   basis highest AM E, G, H:  7, 6, -
    Auxiliary basis highest AM E, G, H:  7, 7, -
    Onebody   basis highest AM E, G, H:  -, -, -
    Solid Harmonics ordering:            Gaussian

*** tstart() called on Asus18
*** at Tue Sep 15 16:27:04 2026

   => Loading Basis Set <=

    Name: 6-31G*
    Role: ORBITAL
    Keyword: BASIS
    atoms 1-10  entry C          line   111 file C:\Users\thebr\.conda\envs\qc\Library\share\psi4\basis\6-31gs.gbs 
    atoms 11-18 entry H          line    44 file C:\Users\thebr\.conda\envs\qc\Library\share\psi4\basis\6-31gs.gbs 


         ---------------------------------------------------------
                                   SCF
               by Justin Turney, Rob Parrish, Andy Simmonett
                          and Daniel G. A. Smith
                              RKS Reference
                        8 Threads,   -562 MiB Core
         ---------------------------------------------------------

  ==> Geometry <==

    Molecular point group: c1
    Full point group: C1

    Geometry (in Bohr), charge = 0, multiplicity = 1:

       Center              X                  Y                   Z               Mass       
    ------------   -----------------  -----------------  -----------------  -----------------
         C            4.354524690256     1.871898338453     0.689508605376    12.000000000000
         C            4.711705043911    -0.765292192100     0.394022388727    12.000000000000
         C            2.668833975743    -2.330667907175     0.015070317965    12.000000000000
         C            0.182291832111    -1.332477489488    -0.164413197019    12.000000000000
         C           -1.968174593538    -2.896651746103    -0.539073590602    12.000000000000
         C           -4.354502089153    -1.871882364669    -0.689505251957    12.000000000000
         C           -4.711730603175     0.765291362218    -0.394005149510    12.000000000000
         C           -2.668843381014     2.330660962089    -0.015094880047    12.000000000000
         C           -0.182289792770     1.332467420385     0.164397450491    12.000000000000
         C            1.968182140349     2.896653185761     0.539119340727    12.000000000000
         H            5.981539954381     3.089837288661     0.984305875904     1.007825032230
         H            6.603807967674    -1.553705112615     0.519688805947     1.007825032230
         H            2.931111140223    -4.363154406179    -0.149199261038     1.007825032230
         H           -1.695339621190    -4.927853526843    -0.702082693322     1.007825032230
         H           -5.981486463020    -3.089826377750    -0.984424963275     1.007825032230
         H           -6.603832237372     1.553692917993    -0.519744623154     1.007825032230
         H           -2.931101098166     4.363158901173     0.149111138562     1.007825032230
         H            1.695333768183     4.927861135560     0.702057961919     1.007825032230

  Running in c1 symmetry.

  Rotational constants: A =      0.10401  B =      0.04103  C =      0.02942 [cm^-1]
  Rotational constants: A =   3118.15733  B =   1230.04001  C =    882.11312 [MHz]
  Nuclear repulsion =  457.205180806126805

  Charge       = 0
  Multiplicity = 1
  Electrons    = 68
  Nalpha       = 34
  Nbeta        = 34

  ==> Algorithm <==

  SCF Algorithm Type is DF.
  DIIS enabled.
  MOM disabled.
  Fractional occupation disabled.
  Guess Type is SAD.
  Energy threshold   = 1.00e-10
  Density threshold  = 1.00e-08
  Integral threshold = 1.00e-12

  ==> Primary Basis <==

  Basis Set: 6-31G*
    Blend: 6-31G*
    Number of shells: 76
    Number of basis functions: 166
    Number of Cartesian functions: 166
    Spherical Harmonics?: false
    Max angular momentum: 2

  ==> DFT Potential <==

   => LibXC <=

    Version 7.1.2
    S. Lehtola, C. Steigemann, M. J. T. Oliveira, and M. A. L. Marques,  SoftwareX 7, 1–5 (2018) (10.1016/j.softx.2017.11.002)

   => Composite Functional: B3LYP <= 

    B3LYP Hyb-GGA Exchange-Correlation Functional

    P. J. Stephens, F. J. Devlin, C. F. Chabalowski, and M. J. Frisch,  J. Phys. Chem. 98, 11623 (1994) (10.1021/j100096a001)

    Deriv               =              1
    GGA                 =           TRUE
    Meta                =          FALSE

    Exchange Hybrid     =           TRUE
    MP2 Hybrid          =          FALSE

   => Exchange Functionals <=

    0.0800   Slater exchange
    0.7200         Becke 88

   => Exact (HF) Exchange <=

    0.2000               HF 

   => Correlation Functionals <=

    0.1900   Vosko, Wilk & Nusair (VWN5_RPA)
    0.8100   Lee, Yang & Parr

   => LibXC Density Thresholds  <==

    XC_HYB_GGA_XC_B3LYP:  1.00E-15 

   => Molecular Quadrature <=

    Radial Scheme          =       TREUTLER
    Pruning Scheme         =           NONE
    Nuclear Scheme         =       TREUTLER

    Blocking Scheme        =         OCTREE
    BS radius alpha        =              1
    Pruning alpha          =              1
    Radial Points          =             99
    Spherical Points       =            590
    Total Points           =         960030
    Total Blocks           =           6583
    Max Points             =            256
    Max Functions          =            160
    Weights Tolerance      =       1.00E-15

   => Loading Basis Set <=

    Name: (6-31G* AUX)
    Role: JKFIT
    Keyword: DF_BASIS_SCF
    atoms 1-10  entry C          line   121 file C:\Users\thebr\.conda\envs\qc\Library\share\psi4\basis\cc-pvdz-jkfit.gbs 
    atoms 11-18 entry H          line    51 file C:\Users\thebr\.conda\envs\qc\Library\share\psi4\basis\cc-pvdz-jkfit.gbs 

  ==> Integral Setup <==

  DFHelper Memory: AOs need 0.213 GiB; user supplied 2.423 GiB. 
  SCF_SUBTYPE=INCORE selected. In-core MEM_DF algorithm will be used.
  Using in-core AOs.

  ==> MemDFJK: Density-Fitted J/K Matrices <==

    J tasked:                   Yes
    K tasked:                   Yes
    wK tasked:                   No
    OpenMP threads:               8
    Memory [MiB]:              2480
    Algorithm:                 Core
    Schwarz Cutoff:           1E-12
    Mask sparsity (%):       4.7322
    Fitting Condition:        1E-10

   => Auxiliary Basis Set <=

  Basis Set: (6-31G* AUX)
    Blend: CC-PVDZ-JKFIT
    Number of shells: 312
    Number of basis functions: 1010
    Number of Cartesian functions: 1010
    Spherical Harmonics?: false
    Max angular momentum: 3

  Cached 100.0% of DFT collocation blocks in 3.165 [GiB].

  Minimum eigenvalue in the overlap matrix is 3.2786214705E-04.
  Reciprocal condition number of the overlap matrix is 4.1570609670E-05.
    Using symmetric orthogonalization.

  ==> Pre-Iterations <==

  SCF Guess: Superposition of Atomic Densities via on-the-fly atomic UHF (no occupation information).

   -------------------------
    Irrep   Nso     Nmo    
   -------------------------
     A        166     166 
   -------------------------
    Total     166     166
   -------------------------

  ==> Iterations <==

                           Total Energy        Delta E     RMS |[F,P]|

   @DF-RKS iter SAD:  -385.34417412908681   -3.85344e+02   0.00000e+00 
   @DF-RKS iter   1:  -385.43276188954155   -8.85878e-02   5.35931e-03 ADIIS/DIIS
   @DF-RKS iter   2:  -385.42171528506537    1.10466e-02   5.54588e-03 ADIIS/DIIS
   @DF-RKS iter   3:  -385.88644268180724   -4.64727e-01   6.37753e-04 ADIIS/DIIS
   @DF-RKS iter   4:  -385.89005400659534   -3.61132e-03   3.83714e-04 ADIIS/DIIS
   @DF-RKS iter   5:  -385.89205676321080   -2.00276e-03   9.75859e-05 DIIS
   @DF-RKS iter   6:  -385.89216746907016   -1.10706e-04   4.61819e-05 DIIS
   @DF-RKS iter   7:  -385.89219703651372   -2.95674e-05   1.79748e-06 DIIS
   @DF-RKS iter   8:  -385.89219708749448   -5.09808e-08   2.45182e-07 DIIS
   @DF-RKS iter   9:  -385.89219708841210   -9.17623e-10   5.10960e-08 DIIS
   @DF-RKS iter  10:  -385.89219708844735   -3.52429e-11   1.37403e-08 DIIS
   @DF-RKS iter  11:  -385.89219708844752   -1.70530e-13   1.36820e-08 DIIS
   @DF-RKS iter  12:  -385.89219708845127   -3.75167e-12   5.76723e-10 DIIS
  Energy and wave function converged.


  ==> Post-Iterations <==

   Electrons on quadrature grid:
      Ntotal   =   68.0000017127 ; deviation = 1.713e-06 

    Orbital Energies [Eh]
    ---------------------

    Doubly Occupied:                                                      

       1A    -10.195550     2A    -10.195133     3A    -10.189603  
       4A    -10.189601     5A    -10.189236     6A    -10.189228  
       7A    -10.188651     8A    -10.188636     9A    -10.188558  
      10A    -10.188546    11A     -0.868581    12A     -0.816136  
      13A     -0.769058    14A     -0.736492    15A     -0.714997  
      16A     -0.621893    17A     -0.607326    18A     -0.592184  
      19A     -0.510835    20A     -0.508111    21A     -0.489570  
      22A     -0.446005    23A     -0.436188    24A     -0.414782  
      25A     -0.411793    26A     -0.398203    27A     -0.385328  
      28A     -0.366623    29A     -0.335607    30A     -0.328176  
      31A     -0.322979    32A     -0.280870    33A     -0.240230  
      34A     -0.212647  

    Virtual:                                                              

      35A     -0.035272    36A     -0.005492    37A      0.035750  
      38A      0.095040    39A      0.102898    40A      0.112982  
      41A      0.121771    42A      0.166040    43A      0.167706  
      44A      0.174546    45A      0.182826    46A      0.203472  
      47A      0.206047    48A      0.247046    49A      0.284272  
      50A      0.308340    51A      0.311775    52A      0.325987  
      53A      0.329099    54A      0.361560    55A      0.471985  
      56A      0.494279    57A      0.513856    58A      0.521458  
      59A      0.527309    60A      0.528036    61A      0.548054  
      62A      0.563029    63A      0.570937    64A      0.582471  
      65A      0.591962    66A      0.608818    67A      0.611956  
      68A      0.613246    69A      0.616211    70A      0.618264  
      71A      0.626926    72A      0.629234    73A      0.637043  
      74A      0.673906    75A      0.690850    76A      0.693041  
      77A      0.757324    78A      0.826208    79A      0.827465  
      80A      0.835749    81A      0.836728    82A      0.837877  
      83A      0.853999    84A      0.855855    85A      0.899879  
      86A      0.901427    87A      0.924789    88A      0.943722  
      89A      0.945788    90A      0.984741    91A      1.001343  
      92A      1.052665    93A      1.056459    94A      1.068608  
      95A      1.084964    96A      1.150829    97A      1.191546  
      98A      1.195102    99A      1.234093   100A      1.253048  
     101A      1.281036   102A      1.315649   103A      1.391403  
     104A      1.402956   105A      1.443751   106A      1.457109  
     107A      1.458815   108A      1.480113   109A      1.495625  
     110A      1.496604   111A      1.504257   112A      1.511645  
     113A      1.536240   114A      1.725237   115A      1.771467  
     116A      1.777551   117A      1.857888   118A      1.884308  
     119A      1.894361   120A      1.904694   121A      1.930695  
     122A      1.944524   123A      1.948922   124A      1.953727  
     125A      1.996177   126A      2.030910   127A      2.048006  
     128A      2.124333   129A      2.147071   130A      2.159919  
     131A      2.199650   132A      2.203823   133A      2.207790  
     134A      2.278610   135A      2.281433   136A      2.296407  
     137A      2.330074   138A      2.339909   139A      2.378237  
     140A      2.419057   141A      2.609864   142A      2.613743  
     143A      2.617155   144A      2.618667   145A      2.638946  
     146A      2.672514   147A      2.721220   148A      2.742535  
     149A      2.779014   150A      2.834289   151A      2.853410  
     152A      2.877640   153A      2.939589   154A      3.095949  
     155A      3.349968   156A      3.470625   157A      4.081748  
     158A      4.093941   159A      4.117864   160A      4.121304  
     161A      4.150675   162A      4.261947   163A      4.350051  
     164A      4.400297   165A      4.513516   166A      4.798537  

    Final Occupation by Irrep:
              A 
    DOCC [    34 ]
    NA   [    34 ]
    NB   [    34 ]

  @DF-RKS Final Energy:  -385.89219708845127

   => Energetics <=

    Nuclear Repulsion Energy =            457.2051808061268048
    One-Electron Energy =               -1425.4598174896341334
    Two-Electron Energy =                 628.6691357175124040
    DFT Exchange-Correlation Energy =     -46.3066961224563869
    Empirical Dispersion Energy =           0.0000000000000000
    VV10 Nonlocal Energy =                  0.0000000000000000
    Total Energy =                       -385.8921970884513257

Computation Completed


Properties will be evaluated at   0.000000,   0.000000,   0.000000 [a0]

Properties computed using the SCF density matrix


 Multipole Moments:

 ------------------------------------------------------------------------------------
     Multipole            Electronic (a.u.)      Nuclear  (a.u.)        Total (a.u.)
 ------------------------------------------------------------------------------------

 L = 1.  Multiply by 2.5417464519 to convert [e a0] to [Debye]
 Dipole X            :         -0.0000131            0.0000167            0.0000037
 Dipole Y            :         -0.0000025            0.0000082            0.0000058
 Dipole Z            :          0.0000935           -0.0001316           -0.0000380
 Magnitude           :                                                    0.0000387

 ------------------------------------------------------------------------------------

*** tstop() called on Asus18 at Tue Sep 15 16:27:19 2026
Module time:
	user time   =        nan seconds =        nan minutes
	system time =        nan seconds =        nan minutes
	total time  =         15 seconds =       0.25 minutes
Total time:
	user time   =        nan seconds =        nan minutes
	system time =        nan seconds =        nan minutes
	total time  =         53 seconds =       0.88 minutes

Scratch directory: C:\Users\thebr\AppData\Local\Temp/
   => Libint2 <=

    Primary   basis highest AM E, G, H:  7, 6, -
    Auxiliary basis highest AM E, G, H:  7, 7, -
    Onebody   basis highest AM E, G, H:  -, -, -
    Solid Harmonics ordering:            Gaussian

*** tstart() called on Asus18
*** at Tue Sep 15 16:27:19 2026

   => Loading Basis Set <=

    Name: 6-31G*
    Role: ORBITAL
    Keyword: BASIS
    atoms 1-10  entry C          line   111 file C:\Users\thebr\.conda\envs\qc\Library\share\psi4\basis\6-31gs.gbs 
    atoms 11-18 entry H          line    44 file C:\Users\thebr\.conda\envs\qc\Library\share\psi4\basis\6-31gs.gbs 


         ---------------------------------------------------------
                                   SCF
               by Justin Turney, Rob Parrish, Andy Simmonett
                          and Daniel G. A. Smith
                              RKS Reference
                        8 Threads,   -562 MiB Core
         ---------------------------------------------------------

  ==> Geometry <==

    Molecular point group: c1
    Full point group: C1

    Geometry (in Bohr), charge = 0, multiplicity = 1:

       Center              X                  Y                   Z               Mass       
    ------------   -----------------  -----------------  -----------------  -----------------
         C            4.358577482743     1.876372754119     0.651847762783    12.000000000000
         C            4.707913992621    -0.769746762906     0.431677351395    12.000000000000
         C            2.671233899638    -2.329626695025    -0.001799525241    12.000000000000
         C            0.173639793274    -1.342738649936    -0.081621137155    12.000000000000
         C           -1.966769746530    -2.895739150226    -0.556053198353    12.000000000000
         C           -4.358619555240    -1.876402308111    -0.651881938168    12.000000000000
         C           -4.707866362538     0.769743024931    -0.431683378229    12.000000000000
         C           -2.671205670673     2.329652613618     0.001748047360    12.000000000000
         C           -0.173643560544     1.342762780616     0.081652148655    12.000000000000
         C            1.966745375913     2.895724819958     0.556067906796    12.000000000000
         H            5.980407441002     3.087350051234     1.000654115580     1.007825032230
         H            6.606019301423    -1.551074013403     0.503788324817     1.007825032230
         H            2.948039480213    -4.346689729400    -0.297823943193     1.007825032230
         H           -1.680678174365    -4.911655871392    -0.851025255341     1.007825032230
         H           -5.980502861395    -3.087360479271    -1.000520014025     1.007825032230
         H           -6.605983911348     1.551081258000    -0.503556311851     1.007825032230
         H           -2.948054904922     4.346691858480     0.297907724581     1.007825032230
         H            1.680686713863     4.911633719976     0.851144824892     1.007825032230

  Running in c1 symmetry.

  Rotational constants: A =      0.10393  B =      0.04102  C =      0.02942 [cm^-1]
  Rotational constants: A =   3115.74877  B =   1229.76006  C =    881.87543 [MHz]
  Nuclear repulsion =  457.086256992217159

  Charge       = 0
  Multiplicity = 1
  Electrons    = 68
  Nalpha       = 34
  Nbeta        = 34

  ==> Algorithm <==

  SCF Algorithm Type is DF.
  DIIS enabled.
  MOM disabled.
  Fractional occupation disabled.
  Guess Type is SAD.
  Energy threshold   = 1.00e-10
  Density threshold  = 1.00e-08
  Integral threshold = 1.00e-12

  ==> Primary Basis <==

  Basis Set: 6-31G*
    Blend: 6-31G*
    Number of shells: 76
    Number of basis functions: 166
    Number of Cartesian functions: 166
    Spherical Harmonics?: false
    Max angular momentum: 2

  ==> DFT Potential <==

   => LibXC <=

    Version 7.1.2
    S. Lehtola, C. Steigemann, M. J. T. Oliveira, and M. A. L. Marques,  SoftwareX 7, 1–5 (2018) (10.1016/j.softx.2017.11.002)

   => Composite Functional: B3LYP <= 

    B3LYP Hyb-GGA Exchange-Correlation Functional

    P. J. Stephens, F. J. Devlin, C. F. Chabalowski, and M. J. Frisch,  J. Phys. Chem. 98, 11623 (1994) (10.1021/j100096a001)

    Deriv               =              1
    GGA                 =           TRUE
    Meta                =          FALSE

    Exchange Hybrid     =           TRUE
    MP2 Hybrid          =          FALSE

   => Exchange Functionals <=

    0.0800   Slater exchange
    0.7200         Becke 88

   => Exact (HF) Exchange <=

    0.2000               HF 

   => Correlation Functionals <=

    0.1900   Vosko, Wilk & Nusair (VWN5_RPA)
    0.8100   Lee, Yang & Parr

   => LibXC Density Thresholds  <==

    XC_HYB_GGA_XC_B3LYP:  1.00E-15 

   => Molecular Quadrature <=

    Radial Scheme          =       TREUTLER
    Pruning Scheme         =           NONE
    Nuclear Scheme         =       TREUTLER

    Blocking Scheme        =         OCTREE
    BS radius alpha        =              1
    Pruning alpha          =              1
    Radial Points          =             99
    Spherical Points       =            590
    Total Points           =         960176
    Total Blocks           =           6596
    Max Points             =            256
    Max Functions          =            160
    Weights Tolerance      =       1.00E-15

   => Loading Basis Set <=

    Name: (6-31G* AUX)
    Role: JKFIT
    Keyword: DF_BASIS_SCF
    atoms 1-10  entry C          line   121 file C:\Users\thebr\.conda\envs\qc\Library\share\psi4\basis\cc-pvdz-jkfit.gbs 
    atoms 11-18 entry H          line    51 file C:\Users\thebr\.conda\envs\qc\Library\share\psi4\basis\cc-pvdz-jkfit.gbs 

  ==> Integral Setup <==

  DFHelper Memory: AOs need 0.213 GiB; user supplied 2.423 GiB. 
  SCF_SUBTYPE=INCORE selected. In-core MEM_DF algorithm will be used.
  Using in-core AOs.

  ==> MemDFJK: Density-Fitted J/K Matrices <==

    J tasked:                   Yes
    K tasked:                   Yes
    wK tasked:                   No
    OpenMP threads:               8
    Memory [MiB]:              2481
    Algorithm:                 Core
    Schwarz Cutoff:           1E-12
    Mask sparsity (%):       4.7467
    Fitting Condition:        1E-10

   => Auxiliary Basis Set <=

  Basis Set: (6-31G* AUX)
    Blend: CC-PVDZ-JKFIT
    Number of shells: 312
    Number of basis functions: 1010
    Number of Cartesian functions: 1010
    Spherical Harmonics?: false
    Max angular momentum: 3

  Cached 100.0% of DFT collocation blocks in 3.165 [GiB].

  Minimum eigenvalue in the overlap matrix is 3.8331466938E-04.
  Reciprocal condition number of the overlap matrix is 4.8626242265E-05.
    Using symmetric orthogonalization.

  ==> Pre-Iterations <==

  SCF Guess: Superposition of Atomic Densities via on-the-fly atomic UHF (no occupation information).

   -------------------------
    Irrep   Nso     Nmo    
   -------------------------
     A        166     166 
   -------------------------
    Total     166     166
   -------------------------

  ==> Iterations <==

                           Total Energy        Delta E     RMS |[F,P]|

   @DF-RKS iter SAD:  -385.33714263688785   -3.85337e+02   0.00000e+00 
   @DF-RKS iter   1:  -385.43170577756985   -9.45631e-02   5.35694e-03 ADIIS/DIIS
   @DF-RKS iter   2:  -385.42009466935940    1.16111e-02   5.54747e-03 ADIIS/DIIS
   @DF-RKS iter   3:  -385.88512988423793   -4.65035e-01   6.36040e-04 ADIIS/DIIS
   @DF-RKS iter   4:  -385.88871951737161   -3.58963e-03   3.82855e-04 ADIIS/DIIS
   @DF-RKS iter   5:  -385.89071260595517   -1.99309e-03   9.75706e-05 DIIS
   @DF-RKS iter   6:  -385.89082315469551   -1.10549e-04   4.63397e-05 DIIS
   @DF-RKS iter   7:  -385.89085296192900   -2.98072e-05   1.80353e-06 DIIS
   @DF-RKS iter   8:  -385.89085301322655   -5.12975e-08   2.47398e-07 DIIS
   @DF-RKS iter   9:  -385.89085301415878   -9.32232e-10   5.33838e-08 DIIS
   @DF-RKS iter  10:  -385.89085301418970   -3.09228e-11   2.66165e-08 DIIS
   @DF-RKS iter  11:  -385.89085301420079   -1.10845e-11   1.09271e-08 DIIS
   @DF-RKS iter  12:  -385.89085301420187   -1.08002e-12   6.53174e-10 DIIS
  Energy and wave function converged.


  ==> Post-Iterations <==

   Electrons on quadrature grid:
      Ntotal   =   68.0000017754 ; deviation = 1.775e-06 

    Orbital Energies [Eh]
    ---------------------

    Doubly Occupied:                                                      

       1A    -10.195859     2A    -10.195447     3A    -10.189685  
       4A    -10.189682     5A    -10.189352     6A    -10.189343  
       7A    -10.188839     8A    -10.188825     9A    -10.188712  
      10A    -10.188702    11A     -0.868322    12A     -0.816010  
      13A     -0.768907    14A     -0.736308    15A     -0.714928  
      16A     -0.621728    17A     -0.607214    18A     -0.591831  
      19A     -0.510632    20A     -0.507973    21A     -0.489437  
      22A     -0.446166    23A     -0.435889    24A     -0.414842  
      25A     -0.411539    26A     -0.398152    27A     -0.384875  
      28A     -0.366597    29A     -0.335545    30A     -0.328861  
      31A     -0.322706    32A     -0.279941    33A     -0.240162  
      34A     -0.212573  

    Virtual:                                                              

      35A     -0.035430    36A     -0.005874    37A      0.035105  
      38A      0.094958    39A      0.102482    40A      0.112913  
      41A      0.121779    42A      0.165812    43A      0.167564  
      44A      0.174550    45A      0.182626    46A      0.201537  
      47A      0.206054    48A      0.246920    49A      0.284297  
      50A      0.308423    51A      0.311823    52A      0.325999  
      53A      0.329074    54A      0.361322    55A      0.472073  
      56A      0.492993    57A      0.513480    58A      0.519780  
      59A      0.526393    60A      0.528182    61A      0.547142  
      62A      0.562844    63A      0.571054    64A      0.576730  
      65A      0.591940    66A      0.607794    67A      0.612357  
      68A      0.612484    69A      0.616404    70A      0.618454  
      71A      0.627192    72A      0.629710    73A      0.633200  
      74A      0.673819    75A      0.690482    76A      0.693159  
      77A      0.757105    78A      0.825421    79A      0.826229  
      80A      0.833613    81A      0.835901    82A      0.837770  
      83A      0.853231    84A      0.853649    85A      0.899984  
      86A      0.901259    87A      0.920906    88A      0.942603  
      89A      0.946499    90A      0.979996    91A      1.001531  
      92A      1.051148    93A      1.052883    94A      1.068016  
      95A      1.079136    96A      1.138551    97A      1.172161  
      98A      1.194732    99A      1.213529   100A      1.245026  
     101A      1.286035   102A      1.316935   103A      1.382726  
     104A      1.389743   105A      1.440588   106A      1.455064  
     107A      1.455105   108A      1.469247   109A      1.489497  
     110A      1.496856   111A      1.515634   112A      1.520563  
     113A      1.545757   114A      1.725611   115A      1.771324  
     116A      1.776944   117A      1.847404   118A      1.857629  
     119A      1.889777   120A      1.894227   121A      1.930774  
     122A      1.939528   123A      1.947825   124A      1.953230  
     125A      1.997271   126A      2.030397   127A      2.045774  
     128A      2.124190   129A      2.147104   130A      2.157175  
     131A      2.200163   132A      2.205924   133A      2.207759  
     134A      2.274622   135A      2.280179   136A      2.285738  
     137A      2.329592   138A      2.342834   139A      2.376133  
     140A      2.418540   141A      2.610403   142A      2.610563  
     143A      2.616240   144A      2.616721   145A      2.630641  
     146A      2.668370   147A      2.722966   148A      2.723747  
     149A      2.769695   150A      2.836395   151A      2.845410  
     152A      2.877712   153A      2.937650   154A      3.089965  
     155A      3.341951   156A      3.458383   157A      4.082480  
     158A      4.093953   159A      4.115711   160A      4.121122  
     161A      4.150511   162A      4.262139   163A      4.350249  
     164A      4.400751   165A      4.506924   166A      4.792056  

    Final Occupation by Irrep:
              A 
    DOCC [    34 ]
    NA   [    34 ]
    NB   [    34 ]

  @DF-RKS Final Energy:  -385.89085301420187

   => Energetics <=

    Nuclear Repulsion Energy =            457.0862569922171588
    One-Electron Energy =               -1425.2251345310855868
    Two-Electron Energy =                 628.5513757403109594
    DFT Exchange-Correlation Energy =     -46.3033512156443336
    Empirical Dispersion Energy =           0.0000000000000000
    VV10 Nonlocal Energy =                  0.0000000000000000
    Total Energy =                       -385.8908530142018094

Computation Completed


Properties will be evaluated at   0.000000,   0.000000,   0.000000 [a0]

Properties computed using the SCF density matrix


 Multipole Moments:

 ------------------------------------------------------------------------------------
     Multipole            Electronic (a.u.)      Nuclear  (a.u.)        Total (a.u.)
 ------------------------------------------------------------------------------------

 L = 1.  Multiply by 2.5417464519 to convert [e a0] to [Debye]
 Dipole X            :          0.0000269           -0.0000330           -0.0000061
 Dipole Y            :         -0.0000072           -0.0000086           -0.0000159
 Dipole Z            :         -0.0002210            0.0002937            0.0000727
 Magnitude           :                                                    0.0000747

 ------------------------------------------------------------------------------------

*** tstop() called on Asus18 at Tue Sep 15 16:27:33 2026
Module time:
	user time   =        nan seconds =        nan minutes
	system time =        nan seconds =        nan minutes
	total time  =         14 seconds =       0.23 minutes
Total time:
	user time   =        nan seconds =        nan minutes
	system time =        nan seconds =        nan minutes
	total time  =         67 seconds =       1.12 minutes

Scratch directory: C:\Users\thebr\AppData\Local\Temp/
   => Libint2 <=

    Primary   basis highest AM E, G, H:  7, 6, -
    Auxiliary basis highest AM E, G, H:  7, 7, -
    Onebody   basis highest AM E, G, H:  -, -, -
    Solid Harmonics ordering:            Gaussian

*** tstart() called on Asus18
*** at Tue Sep 15 16:27:33 2026

   => Loading Basis Set <=

    Name: 6-31G*
    Role: ORBITAL
    Keyword: BASIS
    atoms 1-10  entry C          line   111 file C:\Users\thebr\.conda\envs\qc\Library\share\psi4\basis\6-31gs.gbs 
    atoms 11-18 entry H          line    44 file C:\Users\thebr\.conda\envs\qc\Library\share\psi4\basis\6-31gs.gbs 


         ---------------------------------------------------------
                                   SCF
               by Justin Turney, Rob Parrish, Andy Simmonett
                          and Daniel G. A. Smith
                              RKS Reference
                        8 Threads,   -562 MiB Core
         ---------------------------------------------------------

  ==> Geometry <==

    Molecular point group: c1
    Full point group: C1

    Geometry (in Bohr), charge = 0, multiplicity = 1:

       Center              X                  Y                   Z               Mass       
    ------------   -----------------  -----------------  -----------------  -----------------
         C            4.353173759427     1.870406866565     0.702062219574    12.000000000000
         C            4.712968727675    -0.763807335165     0.381470734504    12.000000000000
         C            2.668034001112    -2.331014977892     0.020693599034    12.000000000000
         C            0.185175845057    -1.329057102672    -0.192010550307    12.000000000000
         C           -1.968642875873    -2.896955944729    -0.533413721351    12.000000000000
         C           -4.353129600458    -1.870375716855    -0.702046356553    12.000000000000
         C           -4.713018683387     0.763807474647    -0.381445739937    12.000000000000
         C           -2.668055951128     2.330997078245    -0.020709189182    12.000000000000
         C           -0.185171870179     1.329035633641     0.191979217769    12.000000000000
         C            1.968661061828     2.896962641028     0.533469818705    12.000000000000
         H            5.981917458840     3.090666367803     0.978856462678     1.007825032230
         H            6.603070856425    -1.554582145686     0.524988966324     1.007825032230
         H            2.925468360227    -4.368642631773    -0.099657700319     1.007825032230
         H           -1.700226770132    -4.933252745326    -0.652435172650     1.007825032230
         H           -5.981814330229    -3.090648343910    -0.979059946359     1.007825032230
         H           -6.603115012714     1.554563471324    -0.525140726921     1.007825032230
         H           -2.925449829248     4.368647915404     0.099512276556     1.007825032230
         H            1.700216119623     4.933270274087     0.652362340928     1.007825032230

  Running in c1 symmetry.

  Rotational constants: A =      0.10401  B =      0.04103  C =      0.02943 [cm^-1]
  Rotational constants: A =   3118.13481  B =   1230.00484  C =    882.19236 [MHz]
  Nuclear repulsion =  457.177651568933868

  Charge       = 0
  Multiplicity = 1
  Electrons    = 68
  Nalpha       = 34
  Nbeta        = 34

  ==> Algorithm <==

  SCF Algorithm Type is DF.
  DIIS enabled.
  MOM disabled.
  Fractional occupation disabled.
  Guess Type is SAD.
  Energy threshold   = 1.00e-10
  Density threshold  = 1.00e-08
  Integral threshold = 1.00e-12

  ==> Primary Basis <==

  Basis Set: 6-31G*
    Blend: 6-31G*
    Number of shells: 76
    Number of basis functions: 166
    Number of Cartesian functions: 166
    Spherical Harmonics?: false
    Max angular momentum: 2

  ==> DFT Potential <==

   => LibXC <=

    Version 7.1.2
    S. Lehtola, C. Steigemann, M. J. T. Oliveira, and M. A. L. Marques,  SoftwareX 7, 1–5 (2018) (10.1016/j.softx.2017.11.002)

   => Composite Functional: B3LYP <= 

    B3LYP Hyb-GGA Exchange-Correlation Functional

    P. J. Stephens, F. J. Devlin, C. F. Chabalowski, and M. J. Frisch,  J. Phys. Chem. 98, 11623 (1994) (10.1021/j100096a001)

    Deriv               =              1
    GGA                 =           TRUE
    Meta                =          FALSE

    Exchange Hybrid     =           TRUE
    MP2 Hybrid          =          FALSE

   => Exchange Functionals <=

    0.0800   Slater exchange
    0.7200         Becke 88

   => Exact (HF) Exchange <=

    0.2000               HF 

   => Correlation Functionals <=

    0.1900   Vosko, Wilk & Nusair (VWN5_RPA)
    0.8100   Lee, Yang & Parr

   => LibXC Density Thresholds  <==

    XC_HYB_GGA_XC_B3LYP:  1.00E-15 

   => Molecular Quadrature <=

    Radial Scheme          =       TREUTLER
    Pruning Scheme         =           NONE
    Nuclear Scheme         =       TREUTLER

    Blocking Scheme        =         OCTREE
    BS radius alpha        =              1
    Pruning alpha          =              1
    Radial Points          =             99
    Spherical Points       =            590
    Total Points           =         960176
    Total Blocks           =           6581
    Max Points             =            256
    Max Functions          =            160
    Weights Tolerance      =       1.00E-15

   => Loading Basis Set <=

    Name: (6-31G* AUX)
    Role: JKFIT
    Keyword: DF_BASIS_SCF
    atoms 1-10  entry C          line   121 file C:\Users\thebr\.conda\envs\qc\Library\share\psi4\basis\cc-pvdz-jkfit.gbs 
    atoms 11-18 entry H          line    51 file C:\Users\thebr\.conda\envs\qc\Library\share\psi4\basis\cc-pvdz-jkfit.gbs 

  ==> Integral Setup <==

  DFHelper Memory: AOs need 0.213 GiB; user supplied 2.422 GiB. 
  SCF_SUBTYPE=INCORE selected. In-core MEM_DF algorithm will be used.
  Using in-core AOs.

  ==> MemDFJK: Density-Fitted J/K Matrices <==

    J tasked:                   Yes
    K tasked:                   Yes
    wK tasked:                   No
    OpenMP threads:               8
    Memory [MiB]:              2480
    Algorithm:                 Core
    Schwarz Cutoff:           1E-12
    Mask sparsity (%):       4.7177
    Fitting Condition:        1E-10

   => Auxiliary Basis Set <=

  Basis Set: (6-31G* AUX)
    Blend: CC-PVDZ-JKFIT
    Number of shells: 312
    Number of basis functions: 1010
    Number of Cartesian functions: 1010
    Spherical Harmonics?: false
    Max angular momentum: 3

  Cached 100.0% of DFT collocation blocks in 3.166 [GiB].

  Minimum eigenvalue in the overlap matrix is 3.8248230729E-04.
  Reciprocal condition number of the overlap matrix is 4.8499275562E-05.
    Using symmetric orthogonalization.

  ==> Pre-Iterations <==

  SCF Guess: Superposition of Atomic Densities via on-the-fly atomic UHF (no occupation information).

   -------------------------
    Irrep   Nso     Nmo    
   -------------------------
     A        166     166 
   -------------------------
    Total     166     166
   -------------------------

  ==> Iterations <==

                           Total Energy        Delta E     RMS |[F,P]|

   @DF-RKS iter SAD:  -385.34127540126684   -3.85341e+02   0.00000e+00 
   @DF-RKS iter   1:  -385.43131592364432   -9.00405e-02   5.35930e-03 ADIIS/DIIS
   @DF-RKS iter   2:  -385.41919007091843    1.21259e-02   5.55299e-03 ADIIS/DIIS
   @DF-RKS iter   3:  -385.88506416276124   -4.65874e-01   6.39513e-04 ADIIS/DIIS
   @DF-RKS iter   4:  -385.88869588871978   -3.63173e-03   3.84989e-04 ADIIS/DIIS
   @DF-RKS iter   5:  -385.89071319627192   -2.01731e-03   9.78973e-05 DIIS
   @DF-RKS iter   6:  -385.89082464250913   -1.11446e-04   4.63098e-05 DIIS
   @DF-RKS iter   7:  -385.89085437274179   -2.97302e-05   1.80466e-06 DIIS
   @DF-RKS iter   8:  -385.89085442412778   -5.13860e-08   2.47491e-07 DIIS
   @DF-RKS iter   9:  -385.89085442506178   -9.33994e-10   5.31005e-08 DIIS
   @DF-RKS iter  10:  -385.89085442509304   -3.12639e-11   2.50759e-08 DIIS
   @DF-RKS iter  11:  -385.89085442510128   -8.24230e-12   1.13049e-08 DIIS
   @DF-RKS iter  12:  -385.89085442510384   -2.55795e-12   6.58697e-10 DIIS
  Energy and wave function converged.


  ==> Post-Iterations <==

   Electrons on quadrature grid:
      Ntotal   =   68.0000018102 ; deviation = 1.810e-06 

    Orbital Energies [Eh]
    ---------------------

    Doubly Occupied:                                                      

       1A    -10.195674     2A    -10.195259     3A    -10.189654  
       4A    -10.189651     5A    -10.189305     6A    -10.189296  
       7A    -10.188764     8A    -10.188749     9A    -10.188652  
      10A    -10.188642    11A     -0.868524    12A     -0.816103  
      13A     -0.768974    14A     -0.736436    15A     -0.714924  
      16A     -0.621766    17A     -0.607285    18A     -0.591913  
      19A     -0.510673    20A     -0.508001    21A     -0.489490  
      22A     -0.446080    23A     -0.435984    24A     -0.414745  
      25A     -0.411652    26A     -0.398184    27A     -0.385018  
      28A     -0.366596    29A     -0.335601    30A     -0.328825  
      31A     -0.322751    32A     -0.279962    33A     -0.240245  
      34A     -0.212556  

    Virtual:                                                              

      35A     -0.035407    36A     -0.005822    37A      0.035195  
      38A      0.094939    39A      0.102517    40A      0.112955  
      41A      0.121799    42A      0.165865    43A      0.167574  
      44A      0.174538    45A      0.182741    46A      0.201769  
      47A      0.206145    48A      0.247214    49A      0.284297  
      50A      0.308666    51A      0.311927    52A      0.326195  
      53A      0.329098    54A      0.361566    55A      0.472061  
      56A      0.493455    57A      0.513500    58A      0.520081  
      59A      0.526612    60A      0.528328    61A      0.547153  
      62A      0.562805    63A      0.571032    64A      0.576954  
      65A      0.591927    66A      0.607900    67A      0.612485  
      68A      0.612488    69A      0.616347    70A      0.618743  
      71A      0.627176    72A      0.629687    73A      0.633204  
      74A      0.673809    75A      0.690497    76A      0.693247  
      77A      0.757168    78A      0.825578    79A      0.826204  
      80A      0.833628    81A      0.836036    82A      0.837718  
      83A      0.853307    84A      0.853674    85A      0.900008  
      86A      0.901367    87A      0.921012    88A      0.942772  
      89A      0.946695    90A      0.979935    91A      1.001738  
      92A      1.051208    93A      1.052983    94A      1.068108  
      95A      1.079328    96A      1.138531    97A      1.172464  
      98A      1.194944    99A      1.213441   100A      1.245105  
     101A      1.286123   102A      1.317128   103A      1.382728  
     104A      1.389842   105A      1.440862   106A      1.454956  
     107A      1.455475   108A      1.469206   109A      1.489799  
     110A      1.496892   111A      1.515725   112A      1.520649  
     113A      1.545997   114A      1.725741   115A      1.771744  
     116A      1.777360   117A      1.847731   118A      1.857932  
     119A      1.890245   120A      1.894286   121A      1.930992  
     122A      1.939823   123A      1.948384   124A      1.953253  
     125A      1.997291   126A      2.030923   127A      2.046015  
     128A      2.124331   129A      2.147575   130A      2.157299  
     131A      2.200507   132A      2.205940   133A      2.207890  
     134A      2.274934   135A      2.280648   136A      2.285944  
     137A      2.329986   138A      2.343128   139A      2.376267  
     140A      2.418711   141A      2.610509   142A      2.610869  
     143A      2.616880   144A      2.616899   145A      2.631091  
     146A      2.669008   147A      2.723221   148A      2.724356  
     149A      2.769935   150A      2.836688   151A      2.845556  
     152A      2.878587   153A      2.937579   154A      3.090645  
     155A      3.342647   156A      3.459739   157A      4.082982  
     158A      4.094067   159A      4.115792   160A      4.121266  
     161A      4.150483   162A      4.262212   163A      4.350316  
     164A      4.400903   165A      4.506946   166A      4.792679  

    Final Occupation by Irrep:
              A 
    DOCC [    34 ]
    NA   [    34 ]
    NB   [    34 ]

  @DF-RKS Final Energy:  -385.89085442510384

   => Energetics <=

    Nuclear Repulsion Energy =            457.1776515689338680
    One-Electron Energy =               -1425.4062436558863283
    Two-Electron Energy =                 628.6425369119353945
    DFT Exchange-Correlation Energy =     -46.3047992500869015
    Empirical Dispersion Energy =           0.0000000000000000
    VV10 Nonlocal Energy =                  0.0000000000000000
    Total Energy =                       -385.8908544251038961

Computation Completed


Properties will be evaluated at   0.000000,   0.000000,   0.000000 [a0]

Properties computed using the SCF density matrix


 Multipole Moments:

 ------------------------------------------------------------------------------------
     Multipole            Electronic (a.u.)      Nuclear  (a.u.)        Total (a.u.)
 ------------------------------------------------------------------------------------

 L = 1.  Multiply by 2.5417464519 to convert [e a0] to [Debye]
 Dipole X            :         -0.0000257            0.0000333            0.0000076
 Dipole Y            :         -0.0000036            0.0000139            0.0000102
 Dipole Z            :          0.0001974           -0.0002733           -0.0000759
 Magnitude           :                                                    0.0000770

 ------------------------------------------------------------------------------------

*** tstop() called on Asus18 at Tue Sep 15 16:27:47 2026
Module time:
	user time   =        nan seconds =        nan minutes
	system time =        nan seconds =        nan minutes
	total time  =         14 seconds =       0.23 minutes
Total time:
	user time   =        nan seconds =        nan minutes
	system time =        nan seconds =        nan minutes
	total time  =         81 seconds =       1.35 minutes

Scratch directory: C:\Users\thebr\AppData\Local\Temp/
   => Libint2 <=

    Primary   basis highest AM E, G, H:  7, 6, -
    Auxiliary basis highest AM E, G, H:  7, 7, -
    Onebody   basis highest AM E, G, H:  -, -, -
    Solid Harmonics ordering:            Gaussian

*** tstart() called on Asus18
*** at Tue Sep 15 16:27:47 2026

   => Loading Basis Set <=

    Name: 6-31G*
    Role: ORBITAL
    Keyword: BASIS
    atoms 1-10  entry C          line   111 file C:\Users\thebr\.conda\envs\qc\Library\share\psi4\basis\6-31gs.gbs 
    atoms 11-18 entry H          line    44 file C:\Users\thebr\.conda\envs\qc\Library\share\psi4\basis\6-31gs.gbs 


         ---------------------------------------------------------
                                   SCF
               by Justin Turney, Rob Parrish, Andy Simmonett
                          and Daniel G. A. Smith
                              RKS Reference
                        8 Threads,   -562 MiB Core
         ---------------------------------------------------------

  ==> Geometry <==

    Molecular point group: c1
    Full point group: C1

    Geometry (in Bohr), charge = 0, multiplicity = 1:

       Center              X                  Y                   Z               Mass       
    ------------   -----------------  -----------------  -----------------  -----------------
         C            4.357226551914     1.874881282231     0.664401376981    12.000000000000
         C            4.709177676384    -0.768261905971     0.419125697172    12.000000000000
         C            2.670433925006    -2.329973765742     0.003823755828    12.000000000000
         C            0.176523806220    -1.339318263120    -0.109218490443    12.000000000000
         C           -1.967238028866    -2.896043348851    -0.550393329103    12.000000000000
         C           -4.357247066545    -1.874895660297    -0.664423042765    12.000000000000
         C           -4.709154442750     0.768259137360    -0.419123968656    12.000000000000
         C           -2.670418240787     2.329988729775    -0.003866261776    12.000000000000
         C           -0.176525637953     1.339330993872     0.109233915934    12.000000000000
         C            1.967224297392     2.896034275226     0.550418384773    12.000000000000
         H            5.980784945462     3.088179130376     0.995204702354     1.007825032230
         H            6.605282190173    -1.551951046474     0.509088485194     1.007825032230
         H            2.942396700216    -4.352177954993    -0.248282382474     1.007825032230
         H           -1.685565323307    -4.917055089875    -0.801377734668     1.007825032230
         H           -5.980830728604    -3.088182445431    -0.995154997109     1.007825032230
         H           -6.605266686689     1.551951811331    -0.508952415618     1.007825032230
         H           -2.942403636003     4.352180872711     0.248308862575     1.007825032230
         H            1.685569065303     4.917042858504     0.801449203901     1.007825032230

  Running in c1 symmetry.

  Rotational constants: A =      0.10397  B =      0.04103  C =      0.02942 [cm^-1]
  Rotational constants: A =   3116.96383  B =   1229.91761  C =    881.95466 [MHz]
  Nuclear repulsion =  457.159464876619609

  Charge       = 0
  Multiplicity = 1
  Electrons    = 68
  Nalpha       = 34
  Nbeta        = 34

  ==> Algorithm <==

  SCF Algorithm Type is DF.
  DIIS enabled.
  MOM disabled.
  Fractional occupation disabled.
  Guess Type is SAD.
  Energy threshold   = 1.00e-10
  Density threshold  = 1.00e-08
  Integral threshold = 1.00e-12

  ==> Primary Basis <==

  Basis Set: 6-31G*
    Blend: 6-31G*
    Number of shells: 76
    Number of basis functions: 166
    Number of Cartesian functions: 166
    Spherical Harmonics?: false
    Max angular momentum: 2

  ==> DFT Potential <==

   => LibXC <=

    Version 7.1.2
    S. Lehtola, C. Steigemann, M. J. T. Oliveira, and M. A. L. Marques,  SoftwareX 7, 1–5 (2018) (10.1016/j.softx.2017.11.002)

   => Composite Functional: BHANDHLYP <= 

    BHandHLYP Hyb-GGA Exchange-Correlation Functional

    A. D. Becke,  J. Chem. Phys. 98, 1372 (1993) (10.1063/1.464304)
    Defined through Gaussian implementation.

    Deriv               =              1
    GGA                 =           TRUE
    Meta                =          FALSE

    Exchange Hybrid     =           TRUE
    MP2 Hybrid          =          FALSE

   => Exchange Functionals <=

    0.5000         Becke 88

   => Exact (HF) Exchange <=

    0.5000               HF 

   => Correlation Functionals <=

    1.0000   Lee, Yang & Parr

   => LibXC Density Thresholds  <==

    XC_HYB_GGA_XC_BHANDHLYP:  1.00E-15 

   => Molecular Quadrature <=

    Radial Scheme          =       TREUTLER
    Pruning Scheme         =           NONE
    Nuclear Scheme         =       TREUTLER

    Blocking Scheme        =         OCTREE
    BS radius alpha        =              1
    Pruning alpha          =              1
    Radial Points          =             99
    Spherical Points       =            590
    Total Points           =         960021
    Total Blocks           =           6561
    Max Points             =            256
    Max Functions          =            160
    Weights Tolerance      =       1.00E-15

   => Loading Basis Set <=

    Name: (6-31G* AUX)
    Role: JKFIT
    Keyword: DF_BASIS_SCF
    atoms 1-10  entry C          line   121 file C:\Users\thebr\.conda\envs\qc\Library\share\psi4\basis\cc-pvdz-jkfit.gbs 
    atoms 11-18 entry H          line    51 file C:\Users\thebr\.conda\envs\qc\Library\share\psi4\basis\cc-pvdz-jkfit.gbs 

  ==> Integral Setup <==

  DFHelper Memory: AOs need 0.213 GiB; user supplied 2.424 GiB. 
  SCF_SUBTYPE=INCORE selected. In-core MEM_DF algorithm will be used.
  Using in-core AOs.

  ==> MemDFJK: Density-Fitted J/K Matrices <==

    J tasked:                   Yes
    K tasked:                   Yes
    wK tasked:                   No
    OpenMP threads:               8
    Memory [MiB]:              2481
    Algorithm:                 Core
    Schwarz Cutoff:           1E-12
    Mask sparsity (%):       4.7467
    Fitting Condition:        1E-10

   => Auxiliary Basis Set <=

  Basis Set: (6-31G* AUX)
    Blend: CC-PVDZ-JKFIT
    Number of shells: 312
    Number of basis functions: 1010
    Number of Cartesian functions: 1010
    Spherical Harmonics?: false
    Max angular momentum: 3

  Cached 100.0% of DFT collocation blocks in 3.164 [GiB].

  Minimum eigenvalue in the overlap matrix is 3.2827622898E-04.
  Reciprocal condition number of the overlap matrix is 4.1632288341E-05.
    Using symmetric orthogonalization.

  ==> Pre-Iterations <==

  SCF Guess: Superposition of Atomic Densities via on-the-fly atomic UHF (no occupation information).

   -------------------------
    Irrep   Nso     Nmo    
   -------------------------
     A        166     166 
   -------------------------
    Total     166     166
   -------------------------

  ==> Iterations <==

                           Total Energy        Delta E     RMS |[F,P]|

   @DF-RKS iter SAD:  -384.98770469854657   -3.84988e+02   0.00000e+00 
   @DF-RKS iter   1:  -385.39599745956400   -4.08293e-01   3.95137e-03 ADIIS/DIIS
   @DF-RKS iter   2:  -385.53050292097606   -1.34505e-01   2.84435e-03 ADIIS/DIIS
   @DF-RKS iter   3:  -385.64859176393190   -1.18089e-01   2.96272e-04 ADIIS/DIIS
   @DF-RKS iter   4:  -385.64940192942174   -8.10165e-04   1.75047e-04 ADIIS/DIIS
   @DF-RKS iter   5:  -385.64982378445791   -4.21855e-04   4.23538e-05 DIIS
   @DF-RKS iter   6:  -385.64984762347115   -2.38390e-05   1.53243e-05 DIIS
   @DF-RKS iter   7:  -385.64985095193475   -3.32846e-06   1.22164e-06 DIIS
   @DF-RKS iter   8:  -385.64985102988408   -7.79493e-08   2.49724e-07 DIIS
   @DF-RKS iter   9:  -385.64985103527755   -5.39347e-09   7.63710e-08 DIIS
   @DF-RKS iter  10:  -385.64985103557632   -2.98769e-10   5.62620e-09 DIIS
   @DF-RKS iter  11:  -385.64985103557814   -1.81899e-12   2.15681e-09 DIIS
  Energy and wave function converged.


  ==> Post-Iterations <==

   Electrons on quadrature grid:
      Ntotal   =   68.0000016404 ; deviation = 1.640e-06 

    Orbital Energies [Eh]
    ---------------------

    Doubly Occupied:                                                      

       1A    -10.603036     2A    -10.602406     3A    -10.596511  
       4A    -10.596502     5A    -10.596138     6A    -10.596110  
       7A    -10.595509     8A    -10.595482     9A    -10.595208  
      10A    -10.595193    11A     -0.989368    12A     -0.931801  
      13A     -0.880459    14A     -0.844274    15A     -0.820769  
      16A     -0.715027    17A     -0.699140    18A     -0.680220  
      19A     -0.588806    20A     -0.587397    21A     -0.565945  
      22A     -0.518684    23A     -0.507394    24A     -0.483785  
      25A     -0.482057    26A     -0.466432    27A     -0.446197  
      28A     -0.431497    29A     -0.398626    30A     -0.389386  
      31A     -0.375566    32A     -0.326030    33A     -0.275380  
      34A     -0.246474  

    Virtual:                                                              

      35A      0.006543    36A      0.037503    37A      0.086941  
      38A      0.141214    39A      0.160132    40A      0.164945  
      41A      0.168233    42A      0.212938    43A      0.216585  
      44A      0.222596    45A      0.233802    46A      0.256119  
      47A      0.276014    48A      0.302197    49A      0.343077  
      50A      0.368657    51A      0.370687    52A      0.380817  
      53A      0.389406    54A      0.422141    55A      0.535945  
      56A      0.573336    57A      0.589634    58A      0.592093  
      59A      0.595412    60A      0.605400    61A      0.624088  
      62A      0.624744    63A      0.648298    64A      0.660131  
      65A      0.660301    66A      0.683424    67A      0.692040  
      68A      0.692108    69A      0.696077    70A      0.696852  
      71A      0.705247    72A      0.705273    73A      0.714132  
      74A      0.756523    75A      0.772717    76A      0.774049  
      77A      0.839858    78A      0.915519    79A      0.919695  
      80A      0.920611    81A      0.928839    82A      0.929298  
      83A      0.946198    84A      0.947852    85A      0.985412  
      86A      0.986531    87A      1.017895    88A      1.023844  
      89A      1.030717    90A      1.070942    91A      1.085145  
      92A      1.129089    93A      1.132521    94A      1.146555  
      95A      1.170207    96A      1.234879    97A      1.279519  
      98A      1.282119    99A      1.321950   100A      1.340832  
     101A      1.368157   102A      1.401458   103A      1.484838  
     104A      1.495956   105A      1.531825   106A      1.547976  
     107A      1.551951   108A      1.573849   109A      1.592545  
     110A      1.592630   111A      1.598612   112A      1.609308  
     113A      1.628143   114A      1.825598   115A      1.875219  
     116A      1.881117   117A      1.960844   118A      1.979759  
     119A      1.996141   120A      2.005209   121A      2.040910  
     122A      2.057103   123A      2.058387   124A      2.065933  
     125A      2.103346   126A      2.143935   127A      2.162710  
     128A      2.235974   129A      2.258140   130A      2.272003  
     131A      2.311514   132A      2.316397   133A      2.319737  
     134A      2.390838   135A      2.395555   136A      2.410170  
     137A      2.445763   138A      2.455059   139A      2.494471  
     140A      2.533944   141A      2.730562   142A      2.733752  
     143A      2.738864   144A      2.739853   145A      2.759816  
     146A      2.793623   147A      2.840102   148A      2.863641  
     149A      2.901462   150A      2.962193   151A      2.974942  
     152A      3.007137   153A      3.069042   154A      3.221708  
     155A      3.483495   156A      3.605641   157A      4.230499  
     158A      4.242558   159A      4.266079   160A      4.269441  
     161A      4.298807   162A      4.410127   163A      4.498831  
     164A      4.548965   165A      4.663049   166A      4.949192  

    Final Occupation by Irrep:
              A 
    DOCC [    34 ]
    NA   [    34 ]
    NB   [    34 ]

  @DF-RKS Final Energy:  -385.64985103557814

   => Energetics <=

    Nuclear Repulsion Energy =            457.1594648766196087
    One-Electron Energy =               -1425.0182845494766752
    Two-Electron Energy =                 611.8721599917511185
    DFT Exchange-Correlation Energy =     -29.6631913544722536
    Empirical Dispersion Energy =           0.0000000000000000
    VV10 Nonlocal Energy =                  0.0000000000000000
    Total Energy =                       -385.6498510355781946

Computation Completed


Properties will be evaluated at   0.000000,   0.000000,   0.000000 [a0]

Properties computed using the SCF density matrix


 Multipole Moments:

 ------------------------------------------------------------------------------------
     Multipole            Electronic (a.u.)      Nuclear  (a.u.)        Total (a.u.)
 ------------------------------------------------------------------------------------

 L = 1.  Multiply by 2.5417464519 to convert [e a0] to [Debye]
 Dipole X            :          0.0000126           -0.0000164           -0.0000038
 Dipole Y            :         -0.0000043           -0.0000030           -0.0000073
 Dipole Z            :         -0.0001127            0.0001520            0.0000393
 Magnitude           :                                                    0.0000401

 ------------------------------------------------------------------------------------

*** tstop() called on Asus18 at Tue Sep 15 16:28:00 2026
Module time:
	user time   =        nan seconds =        nan minutes
	system time =        nan seconds =        nan minutes
	total time  =         13 seconds =       0.22 minutes
Total time:
	user time   =        nan seconds =        nan minutes
	system time =        nan seconds =        nan minutes
	total time  =         94 seconds =       1.57 minutes

Scratch directory: C:\Users\thebr\AppData\Local\Temp/
   => Libint2 <=

    Primary   basis highest AM E, G, H:  7, 6, -
    Auxiliary basis highest AM E, G, H:  7, 7, -
    Onebody   basis highest AM E, G, H:  -, -, -
    Solid Harmonics ordering:            Gaussian

*** tstart() called on Asus18
*** at Tue Sep 15 16:28:00 2026

   => Loading Basis Set <=

    Name: 6-31G*
    Role: ORBITAL
    Keyword: BASIS
    atoms 1-10  entry C          line   111 file C:\Users\thebr\.conda\envs\qc\Library\share\psi4\basis\6-31gs.gbs 
    atoms 11-18 entry H          line    44 file C:\Users\thebr\.conda\envs\qc\Library\share\psi4\basis\6-31gs.gbs 


         ---------------------------------------------------------
                                   SCF
               by Justin Turney, Rob Parrish, Andy Simmonett
                          and Daniel G. A. Smith
                              RKS Reference
                        8 Threads,   -562 MiB Core
         ---------------------------------------------------------

  ==> Geometry <==

    Molecular point group: c1
    Full point group: C1

    Geometry (in Bohr), charge = 0, multiplicity = 1:

       Center              X                  Y                   Z               Mass       
    ------------   -----------------  -----------------  -----------------  -----------------
         C            4.354524690256     1.871898338453     0.689508605376    12.000000000000
         C            4.711705043911    -0.765292192100     0.394022388727    12.000000000000
         C            2.668833975743    -2.330667907175     0.015070317965    12.000000000000
         C            0.182291832111    -1.332477489488    -0.164413197019    12.000000000000
         C           -1.968174593538    -2.896651746103    -0.539073590602    12.000000000000
         C           -4.354502089153    -1.871882364669    -0.689505251957    12.000000000000
         C           -4.711730603175     0.765291362218    -0.394005149510    12.000000000000
         C           -2.668843381014     2.330660962089    -0.015094880047    12.000000000000
         C           -0.182289792770     1.332467420385     0.164397450491    12.000000000000
         C            1.968182140349     2.896653185761     0.539119340727    12.000000000000
         H            5.981539954381     3.089837288661     0.984305875904     1.007825032230
         H            6.603807967674    -1.553705112615     0.519688805947     1.007825032230
         H            2.931111140223    -4.363154406179    -0.149199261038     1.007825032230
         H           -1.695339621190    -4.927853526843    -0.702082693322     1.007825032230
         H           -5.981486463020    -3.089826377750    -0.984424963275     1.007825032230
         H           -6.603832237372     1.553692917993    -0.519744623154     1.007825032230
         H           -2.931101098166     4.363158901173     0.149111138562     1.007825032230
         H            1.695333768183     4.927861135560     0.702057961919     1.007825032230

  Running in c1 symmetry.

  Rotational constants: A =      0.10401  B =      0.04103  C =      0.02942 [cm^-1]
  Rotational constants: A =   3118.15733  B =   1230.04001  C =    882.11312 [MHz]
  Nuclear repulsion =  457.205180806126805

  Charge       = 0
  Multiplicity = 1
  Electrons    = 68
  Nalpha       = 34
  Nbeta        = 34

  ==> Algorithm <==

  SCF Algorithm Type is DF.
  DIIS enabled.
  MOM disabled.
  Fractional occupation disabled.
  Guess Type is SAD.
  Energy threshold   = 1.00e-10
  Density threshold  = 1.00e-08
  Integral threshold = 1.00e-12

  ==> Primary Basis <==

  Basis Set: 6-31G*
    Blend: 6-31G*
    Number of shells: 76
    Number of basis functions: 166
    Number of Cartesian functions: 166
    Spherical Harmonics?: false
    Max angular momentum: 2

  ==> DFT Potential <==

   => LibXC <=

    Version 7.1.2
    S. Lehtola, C. Steigemann, M. J. T. Oliveira, and M. A. L. Marques,  SoftwareX 7, 1–5 (2018) (10.1016/j.softx.2017.11.002)

   => Composite Functional: BHANDHLYP <= 

    BHandHLYP Hyb-GGA Exchange-Correlation Functional

    A. D. Becke,  J. Chem. Phys. 98, 1372 (1993) (10.1063/1.464304)
    Defined through Gaussian implementation.

    Deriv               =              1
    GGA                 =           TRUE
    Meta                =          FALSE

    Exchange Hybrid     =           TRUE
    MP2 Hybrid          =          FALSE

   => Exchange Functionals <=

    0.5000         Becke 88

   => Exact (HF) Exchange <=

    0.5000               HF 

   => Correlation Functionals <=

    1.0000   Lee, Yang & Parr

   => LibXC Density Thresholds  <==

    XC_HYB_GGA_XC_BHANDHLYP:  1.00E-15 

   => Molecular Quadrature <=

    Radial Scheme          =       TREUTLER
    Pruning Scheme         =           NONE
    Nuclear Scheme         =       TREUTLER

    Blocking Scheme        =         OCTREE
    BS radius alpha        =              1
    Pruning alpha          =              1
    Radial Points          =             99
    Spherical Points       =            590
    Total Points           =         960030
    Total Blocks           =           6583
    Max Points             =            256
    Max Functions          =            160
    Weights Tolerance      =       1.00E-15

   => Loading Basis Set <=

    Name: (6-31G* AUX)
    Role: JKFIT
    Keyword: DF_BASIS_SCF
    atoms 1-10  entry C          line   121 file C:\Users\thebr\.conda\envs\qc\Library\share\psi4\basis\cc-pvdz-jkfit.gbs 
    atoms 11-18 entry H          line    51 file C:\Users\thebr\.conda\envs\qc\Library\share\psi4\basis\cc-pvdz-jkfit.gbs 

  ==> Integral Setup <==

  DFHelper Memory: AOs need 0.213 GiB; user supplied 2.423 GiB. 
  SCF_SUBTYPE=INCORE selected. In-core MEM_DF algorithm will be used.
  Using in-core AOs.

  ==> MemDFJK: Density-Fitted J/K Matrices <==

    J tasked:                   Yes
    K tasked:                   Yes
    wK tasked:                   No
    OpenMP threads:               8
    Memory [MiB]:              2480
    Algorithm:                 Core
    Schwarz Cutoff:           1E-12
    Mask sparsity (%):       4.7322
    Fitting Condition:        1E-10

   => Auxiliary Basis Set <=

  Basis Set: (6-31G* AUX)
    Blend: CC-PVDZ-JKFIT
    Number of shells: 312
    Number of basis functions: 1010
    Number of Cartesian functions: 1010
    Spherical Harmonics?: false
    Max angular momentum: 3

  Cached 100.0% of DFT collocation blocks in 3.165 [GiB].

  Minimum eigenvalue in the overlap matrix is 3.2786214705E-04.
  Reciprocal condition number of the overlap matrix is 4.1570609670E-05.
    Using symmetric orthogonalization.

  ==> Pre-Iterations <==

  SCF Guess: Superposition of Atomic Densities via on-the-fly atomic UHF (no occupation information).

   -------------------------
    Irrep   Nso     Nmo    
   -------------------------
     A        166     166 
   -------------------------
    Total     166     166
   -------------------------

  ==> Iterations <==

                           Total Energy        Delta E     RMS |[F,P]|

   @DF-RKS iter SAD:  -384.99016381153308   -3.84990e+02   0.00000e+00 
   @DF-RKS iter   1:  -385.39590305067156   -4.05739e-01   3.95242e-03 ADIIS/DIIS
   @DF-RKS iter   2:  -385.53040212581038   -1.34499e-01   2.84591e-03 ADIIS/DIIS
   @DF-RKS iter   3:  -385.64861483021667   -1.18213e-01   2.97144e-04 ADIIS/DIIS
   @DF-RKS iter   4:  -385.64942956101441   -8.14731e-04   1.75591e-04 ADIIS/DIIS
   @DF-RKS iter   5:  -385.64985425967268   -4.24699e-04   4.24285e-05 DIIS
   @DF-RKS iter   6:  -385.64987818769873   -2.39280e-05   1.53273e-05 DIIS
   @DF-RKS iter   7:  -385.64988151544662   -3.32775e-06   1.22060e-06 DIIS
   @DF-RKS iter   8:  -385.64988159331239   -7.78658e-08   2.49681e-07 DIIS
   @DF-RKS iter   9:  -385.64988159870137   -5.38898e-09   7.63693e-08 DIIS
   @DF-RKS iter  10:  -385.64988159900099   -2.99622e-10   5.61760e-09 DIIS
   @DF-RKS iter  11:  -385.64988159900179   -7.95808e-13   2.08575e-09 DIIS
  Energy and wave function converged.


  ==> Post-Iterations <==

   Electrons on quadrature grid:
      Ntotal   =   68.0000016560 ; deviation = 1.656e-06 

    Orbital Energies [Eh]
    ---------------------

    Doubly Occupied:                                                      

       1A    -10.602936     2A    -10.602305     3A    -10.596491  
       4A    -10.596482     5A    -10.596106     6A    -10.596078  
       7A    -10.595472     8A    -10.595445     9A    -10.595184  
      10A    -10.595168    11A     -0.989478    12A     -0.931852  
      13A     -0.880496    14A     -0.844346    15A     -0.820768  
      16A     -0.715049    17A     -0.699180    18A     -0.680266  
      19A     -0.588822    20A     -0.587421    21A     -0.565975  
      22A     -0.518640    23A     -0.507448    24A     -0.483734  
      25A     -0.482119    26A     -0.466449    27A     -0.446275  
      28A     -0.431497    29A     -0.398659    30A     -0.389369  
      31A     -0.375592    32A     -0.326044    33A     -0.275428  
      34A     -0.246466  

    Virtual:                                                              

      35A      0.006557    36A      0.037531    37A      0.086988  
      38A      0.141204    39A      0.160155    40A      0.164963  
      41A      0.168243    42A      0.212965    43A      0.216585  
      44A      0.222588    45A      0.233860    46A      0.256169  
      47A      0.276136    48A      0.302336    49A      0.343074  
      50A      0.368780    51A      0.370734    52A      0.380911  
      53A      0.389398    54A      0.422278    55A      0.535938  
      56A      0.573598    57A      0.589624    58A      0.592167  
      59A      0.595571    60A      0.605516    61A      0.624064  
      62A      0.624744    63A      0.648288    64A      0.660238  
      65A      0.660298    66A      0.683472    67A      0.692094  
      68A      0.692122    69A      0.696231    70A      0.696826  
      71A      0.705226    72A      0.705264    73A      0.714140  
      74A      0.756518    75A      0.772723    76A      0.774091  
      77A      0.839888    78A      0.915539    79A      0.919734  
      80A      0.920698    81A      0.928814    82A      0.929280  
      83A      0.946252    84A      0.947863    85A      0.985468  
      86A      0.986546    87A      1.017959    88A      1.023937  
      89A      1.030822    90A      1.070949    91A      1.085250  
      92A      1.129139    93A      1.132540    94A      1.146609  
      95A      1.170358    96A      1.234962    97A      1.279712  
      98A      1.282228    99A      1.321923   100A      1.340808  
     101A      1.368213   102A      1.401552   103A      1.484890  
     104A      1.495965   105A      1.531973   106A      1.548186  
     107A      1.551896   108A      1.573842   109A      1.592564  
     110A      1.592762   111A      1.598622   112A      1.609342  
     113A      1.628285   114A      1.825661   115A      1.875433  
     116A      1.881328   117A      1.961003   118A      1.979979  
     119A      1.996400   120A      2.005239   121A      2.041025  
     122A      2.057253   123A      2.058677   124A      2.065944  
     125A      2.103360   126A      2.144194   127A      2.162847  
     128A      2.236044   129A      2.258390   130A      2.272056  
     131A      2.311693   132A      2.316405   133A      2.319799  
     134A      2.391010   135A      2.395796   136A      2.410245  
     137A      2.445968   138A      2.455233   139A      2.494540  
     140A      2.534027   141A      2.730724   142A      2.733813  
     143A      2.739205   144A      2.739934   145A      2.760056  
     146A      2.793959   147A      2.840230   148A      2.863961  
     149A      2.901603   150A      2.962351   151A      2.975026  
     152A      3.007582   153A      3.069007   154A      3.222066  
     155A      3.483865   156A      3.606329   157A      4.230753  
     158A      4.242616   159A      4.266130   160A      4.269515  
     161A      4.298796   162A      4.410167   163A      4.498869  
     164A      4.549047   165A      4.663069   166A      4.949521  

    Final Occupation by Irrep:
              A 
    DOCC [    34 ]
    NA   [    34 ]
    NB   [    34 ]

  @DF-RKS Final Energy:  -385.64988159900179

   => Energetics <=

    Nuclear Repulsion Energy =            457.2051808061268048
    One-Electron Energy =               -1425.1089777735803636
    Two-Electron Energy =                 611.9175860954413793
    DFT Exchange-Correlation Energy =     -29.6636707269896611
    Empirical Dispersion Energy =           0.0000000000000000
    VV10 Nonlocal Energy =                  0.0000000000000000
    Total Energy =                       -385.6498815990018443

Computation Completed


Properties will be evaluated at   0.000000,   0.000000,   0.000000 [a0]

Properties computed using the SCF density matrix


 Multipole Moments:

 ------------------------------------------------------------------------------------
     Multipole            Electronic (a.u.)      Nuclear  (a.u.)        Total (a.u.)
 ------------------------------------------------------------------------------------

 L = 1.  Multiply by 2.5417464519 to convert [e a0] to [Debye]
 Dipole X            :         -0.0000124            0.0000167            0.0000043
 Dipole Y            :         -0.0000025            0.0000082            0.0000057
 Dipole Z            :          0.0000905           -0.0001316           -0.0000410
 Magnitude           :                                                    0.0000416

 ------------------------------------------------------------------------------------

*** tstop() called on Asus18 at Tue Sep 15 16:28:13 2026
Module time:
	user time   =        nan seconds =        nan minutes
	system time =        nan seconds =        nan minutes
	total time  =         13 seconds =       0.22 minutes
Total time:
	user time   =        nan seconds =        nan minutes
	system time =        nan seconds =        nan minutes
	total time  =        107 seconds =       1.78 minutes

Scratch directory: C:\Users\thebr\AppData\Local\Temp/
   => Libint2 <=

    Primary   basis highest AM E, G, H:  7, 6, -
    Auxiliary basis highest AM E, G, H:  7, 7, -
    Onebody   basis highest AM E, G, H:  -, -, -
    Solid Harmonics ordering:            Gaussian

*** tstart() called on Asus18
*** at Tue Sep 15 16:28:13 2026

   => Loading Basis Set <=

    Name: 6-31G*
    Role: ORBITAL
    Keyword: BASIS
    atoms 1-10  entry C          line   111 file C:\Users\thebr\.conda\envs\qc\Library\share\psi4\basis\6-31gs.gbs 
    atoms 11-18 entry H          line    44 file C:\Users\thebr\.conda\envs\qc\Library\share\psi4\basis\6-31gs.gbs 


         ---------------------------------------------------------
                                   SCF
               by Justin Turney, Rob Parrish, Andy Simmonett
                          and Daniel G. A. Smith
                              RKS Reference
                        8 Threads,   -562 MiB Core
         ---------------------------------------------------------

  ==> Geometry <==

    Molecular point group: c1
    Full point group: C1

    Geometry (in Bohr), charge = 0, multiplicity = 1:

       Center              X                  Y                   Z               Mass       
    ------------   -----------------  -----------------  -----------------  -----------------
         C            4.358577482743     1.876372754119     0.651847762783    12.000000000000
         C            4.707913992621    -0.769746762906     0.431677351395    12.000000000000
         C            2.671233899638    -2.329626695025    -0.001799525241    12.000000000000
         C            0.173639793274    -1.342738649936    -0.081621137155    12.000000000000
         C           -1.966769746530    -2.895739150226    -0.556053198353    12.000000000000
         C           -4.358619555240    -1.876402308111    -0.651881938168    12.000000000000
         C           -4.707866362538     0.769743024931    -0.431683378229    12.000000000000
         C           -2.671205670673     2.329652613618     0.001748047360    12.000000000000
         C           -0.173643560544     1.342762780616     0.081652148655    12.000000000000
         C            1.966745375913     2.895724819958     0.556067906796    12.000000000000
         H            5.980407441002     3.087350051234     1.000654115580     1.007825032230
         H            6.606019301423    -1.551074013403     0.503788324817     1.007825032230
         H            2.948039480213    -4.346689729400    -0.297823943193     1.007825032230
         H           -1.680678174365    -4.911655871392    -0.851025255341     1.007825032230
         H           -5.980502861395    -3.087360479271    -1.000520014025     1.007825032230
         H           -6.605983911348     1.551081258000    -0.503556311851     1.007825032230
         H           -2.948054904922     4.346691858480     0.297907724581     1.007825032230
         H            1.680686713863     4.911633719976     0.851144824892     1.007825032230

  Running in c1 symmetry.

  Rotational constants: A =      0.10393  B =      0.04102  C =      0.02942 [cm^-1]
  Rotational constants: A =   3115.74877  B =   1229.76006  C =    881.87543 [MHz]
  Nuclear repulsion =  457.086256992217159

  Charge       = 0
  Multiplicity = 1
  Electrons    = 68
  Nalpha       = 34
  Nbeta        = 34

  ==> Algorithm <==

  SCF Algorithm Type is DF.
  DIIS enabled.
  MOM disabled.
  Fractional occupation disabled.
  Guess Type is SAD.
  Energy threshold   = 1.00e-10
  Density threshold  = 1.00e-08
  Integral threshold = 1.00e-12

  ==> Primary Basis <==

  Basis Set: 6-31G*
    Blend: 6-31G*
    Number of shells: 76
    Number of basis functions: 166
    Number of Cartesian functions: 166
    Spherical Harmonics?: false
    Max angular momentum: 2

  ==> DFT Potential <==

   => LibXC <=

    Version 7.1.2
    S. Lehtola, C. Steigemann, M. J. T. Oliveira, and M. A. L. Marques,  SoftwareX 7, 1–5 (2018) (10.1016/j.softx.2017.11.002)

   => Composite Functional: BHANDHLYP <= 

    BHandHLYP Hyb-GGA Exchange-Correlation Functional

    A. D. Becke,  J. Chem. Phys. 98, 1372 (1993) (10.1063/1.464304)
    Defined through Gaussian implementation.

    Deriv               =              1
    GGA                 =           TRUE
    Meta                =          FALSE

    Exchange Hybrid     =           TRUE
    MP2 Hybrid          =          FALSE

   => Exchange Functionals <=

    0.5000         Becke 88

   => Exact (HF) Exchange <=

    0.5000               HF 

   => Correlation Functionals <=

    1.0000   Lee, Yang & Parr

   => LibXC Density Thresholds  <==

    XC_HYB_GGA_XC_BHANDHLYP:  1.00E-15 

   => Molecular Quadrature <=

    Radial Scheme          =       TREUTLER
    Pruning Scheme         =           NONE
    Nuclear Scheme         =       TREUTLER

    Blocking Scheme        =         OCTREE
    BS radius alpha        =              1
    Pruning alpha          =              1
    Radial Points          =             99
    Spherical Points       =            590
    Total Points           =         960176
    Total Blocks           =           6596
    Max Points             =            256
    Max Functions          =            160
    Weights Tolerance      =       1.00E-15

   => Loading Basis Set <=

    Name: (6-31G* AUX)
    Role: JKFIT
    Keyword: DF_BASIS_SCF
    atoms 1-10  entry C          line   121 file C:\Users\thebr\.conda\envs\qc\Library\share\psi4\basis\cc-pvdz-jkfit.gbs 
    atoms 11-18 entry H          line    51 file C:\Users\thebr\.conda\envs\qc\Library\share\psi4\basis\cc-pvdz-jkfit.gbs 

  ==> Integral Setup <==

  DFHelper Memory: AOs need 0.213 GiB; user supplied 2.423 GiB. 
  SCF_SUBTYPE=INCORE selected. In-core MEM_DF algorithm will be used.
  Using in-core AOs.

  ==> MemDFJK: Density-Fitted J/K Matrices <==

    J tasked:                   Yes
    K tasked:                   Yes
    wK tasked:                   No
    OpenMP threads:               8
    Memory [MiB]:              2481
    Algorithm:                 Core
    Schwarz Cutoff:           1E-12
    Mask sparsity (%):       4.7467
    Fitting Condition:        1E-10

   => Auxiliary Basis Set <=

  Basis Set: (6-31G* AUX)
    Blend: CC-PVDZ-JKFIT
    Number of shells: 312
    Number of basis functions: 1010
    Number of Cartesian functions: 1010
    Spherical Harmonics?: false
    Max angular momentum: 3

  Cached 100.0% of DFT collocation blocks in 3.165 [GiB].

  Minimum eigenvalue in the overlap matrix is 3.8331466938E-04.
  Reciprocal condition number of the overlap matrix is 4.8626242265E-05.
    Using symmetric orthogonalization.

  ==> Pre-Iterations <==

  SCF Guess: Superposition of Atomic Densities via on-the-fly atomic UHF (no occupation information).

   -------------------------
    Irrep   Nso     Nmo    
   -------------------------
     A        166     166 
   -------------------------
    Total     166     166
   -------------------------

  ==> Iterations <==

                           Total Energy        Delta E     RMS |[F,P]|

   @DF-RKS iter SAD:  -384.98175560702731   -3.84982e+02   0.00000e+00 
   @DF-RKS iter   1:  -385.39448145699441   -4.12726e-01   3.95090e-03 ADIIS/DIIS
   @DF-RKS iter   2:  -385.52876397441310   -1.34283e-01   2.84705e-03 ADIIS/DIIS
   @DF-RKS iter   3:  -385.64708107290448   -1.18317e-01   2.96338e-04 ADIIS/DIIS
   @DF-RKS iter   4:  -385.64789230490908   -8.11232e-04   1.74942e-04 ADIIS/DIIS
   @DF-RKS iter   5:  -385.64831359628369   -4.21291e-04   4.24393e-05 DIIS
   @DF-RKS iter   6:  -385.64833753741721   -2.39411e-05   1.53681e-05 DIIS
   @DF-RKS iter   7:  -385.64834088770016   -3.35028e-06   1.22989e-06 DIIS
   @DF-RKS iter   8:  -385.64834096678806   -7.90879e-08   2.51832e-07 DIIS
   @DF-RKS iter   9:  -385.64834097227953   -5.49147e-09   7.70397e-08 DIIS
   @DF-RKS iter  10:  -385.64834097258517   -3.05647e-10   6.15235e-09 DIIS
   @DF-RKS iter  11:  -385.64834097258677   -1.59162e-12   4.02627e-09 DIIS
  Energy and wave function converged.


  ==> Post-Iterations <==

   Electrons on quadrature grid:
      Ntotal   =   68.0000017232 ; deviation = 1.723e-06 

    Orbital Energies [Eh]
    ---------------------

    Doubly Occupied:                                                      

       1A    -10.603258     2A    -10.602632     3A    -10.596595  
       4A    -10.596584     5A    -10.596266     6A    -10.596236  
       7A    -10.595643     8A    -10.595618     9A    -10.595298  
      10A    -10.595286    11A     -0.989197    12A     -0.931716  
      13A     -0.880328    14A     -0.844141    15A     -0.820687  
      16A     -0.714865    17A     -0.699056    18A     -0.679871  
      19A     -0.588672    20A     -0.587190    21A     -0.565824  
      22A     -0.518770    23A     -0.507116    24A     -0.483771  
      25A     -0.481843    26A     -0.466383    27A     -0.445820  
      28A     -0.431445    29A     -0.398542    30A     -0.389900  
      31A     -0.375355    32A     -0.325218    33A     -0.275342  
      34A     -0.246384  

    Virtual:                                                              

      35A      0.006393    36A      0.037130    37A      0.086316  
      38A      0.141129    39A      0.160042    40A      0.164564  
      41A      0.168299    42A      0.212791    43A      0.216479  
      44A      0.222605    45A      0.233672    46A      0.256239  
      47A      0.273832    48A      0.302242    49A      0.343120  
      50A      0.368896    51A      0.370816    52A      0.380917  
      53A      0.389402    54A      0.422016    55A      0.536043  
      56A      0.571987    57A      0.588881    58A      0.592342  
      59A      0.593985    60A      0.604363    61A      0.623868  
      62A      0.624464    63A      0.648216    64A      0.653279  
      65A      0.660404    66A      0.682935    67A      0.690918  
      68A      0.692631    69A      0.696522    70A      0.696887  
      71A      0.705605    72A      0.705776    73A      0.709346  
      74A      0.756390    75A      0.772449    76A      0.774220  
      77A      0.839636    78A      0.912933    79A      0.919969  
      80A      0.921100    81A      0.927251    82A      0.928629  
      83A      0.942364    84A      0.947499    85A      0.985324  
      86A      0.986698    87A      1.014349    88A      1.022596  
      89A      1.031417    90A      1.066067    91A      1.085404  
      92A      1.128745    93A      1.129374    94A      1.145985  
      95A      1.162669    96A      1.225314    97A      1.257657  
      98A      1.281841    99A      1.301019   100A      1.331882  
     101A      1.373168   102A      1.402782   103A      1.474723  
     104A      1.483080   105A      1.528918   106A      1.544939  
     107A      1.549076   108A      1.562630   109A      1.584432  
     110A      1.593637   111A      1.612926   112A      1.615132  
     113A      1.639106   114A      1.826053   115A      1.875298  
     116A      1.880688   117A      1.941585   118A      1.960722  
     119A      1.981310   120A      2.005090   121A      2.041136  
     122A      2.052955   123A      2.057620   124A      2.065342  
     125A      2.104257   126A      2.143671   127A      2.160548  
     128A      2.235953   129A      2.258415   130A      2.269100  
     131A      2.312160   132A      2.318558   133A      2.319790  
     134A      2.387238   135A      2.394504   136A      2.400224  
     137A      2.445267   138A      2.458185   139A      2.492414  
     140A      2.533538   141A      2.727463   142A      2.734253  
     143A      2.736824   144A      2.739469   145A      2.750438  
     146A      2.789740   147A      2.842020   148A      2.847469  
     149A      2.891935   150A      2.964400   151A      2.967701  
     152A      3.007608   153A      3.067192   154A      3.216223  
     155A      3.475962   156A      3.594088   157A      4.231480  
     158A      4.242623   159A      4.264002   160A      4.269322  
     161A      4.298631   162A      4.410343   163A      4.499055  
     164A      4.549479   165A      4.656255   166A      4.942914  

    Final Occupation by Irrep:
              A 
    DOCC [    34 ]
    NA   [    34 ]
    NB   [    34 ]

  @DF-RKS Final Energy:  -385.64834097258677

   => Energetics <=

    Nuclear Repulsion Energy =            457.0862569922171588
    One-Electron Energy =               -1424.8739571334006087
    Two-Electron Energy =                 611.8008513306413079
    DFT Exchange-Correlation Energy =     -29.6614921620446097
    Empirical Dispersion Energy =           0.0000000000000000
    VV10 Nonlocal Energy =                  0.0000000000000000
    Total Energy =                       -385.6483409725867659

Computation Completed


Properties will be evaluated at   0.000000,   0.000000,   0.000000 [a0]

Properties computed using the SCF density matrix


 Multipole Moments:

 ------------------------------------------------------------------------------------
     Multipole            Electronic (a.u.)      Nuclear  (a.u.)        Total (a.u.)
 ------------------------------------------------------------------------------------

 L = 1.  Multiply by 2.5417464519 to convert [e a0] to [Debye]
 Dipole X            :          0.0000260           -0.0000330           -0.0000070
 Dipole Y            :         -0.0000087           -0.0000086           -0.0000173
 Dipole Z            :         -0.0002156            0.0002937            0.0000781
 Magnitude           :                                                    0.0000803

 ------------------------------------------------------------------------------------

*** tstop() called on Asus18 at Tue Sep 15 16:28:25 2026
Module time:
	user time   =        nan seconds =        nan minutes
	system time =        nan seconds =        nan minutes
	total time  =         12 seconds =       0.20 minutes
Total time:
	user time   =        nan seconds =        nan minutes
	system time =        nan seconds =        nan minutes
	total time  =        119 seconds =       1.98 minutes

Scratch directory: C:\Users\thebr\AppData\Local\Temp/
   => Libint2 <=

    Primary   basis highest AM E, G, H:  7, 6, -
    Auxiliary basis highest AM E, G, H:  7, 7, -
    Onebody   basis highest AM E, G, H:  -, -, -
    Solid Harmonics ordering:            Gaussian

*** tstart() called on Asus18
*** at Tue Sep 15 16:28:26 2026

   => Loading Basis Set <=

    Name: 6-31G*
    Role: ORBITAL
    Keyword: BASIS
    atoms 1-10  entry C          line   111 file C:\Users\thebr\.conda\envs\qc\Library\share\psi4\basis\6-31gs.gbs 
    atoms 11-18 entry H          line    44 file C:\Users\thebr\.conda\envs\qc\Library\share\psi4\basis\6-31gs.gbs 


         ---------------------------------------------------------
                                   SCF
               by Justin Turney, Rob Parrish, Andy Simmonett
                          and Daniel G. A. Smith
                              RKS Reference
                        8 Threads,   -562 MiB Core
         ---------------------------------------------------------

  ==> Geometry <==

    Molecular point group: c1
    Full point group: C1

    Geometry (in Bohr), charge = 0, multiplicity = 1:

       Center              X                  Y                   Z               Mass       
    ------------   -----------------  -----------------  -----------------  -----------------
         C            4.353173759427     1.870406866565     0.702062219574    12.000000000000
         C            4.712968727675    -0.763807335165     0.381470734504    12.000000000000
         C            2.668034001112    -2.331014977892     0.020693599034    12.000000000000
         C            0.185175845057    -1.329057102672    -0.192010550307    12.000000000000
         C           -1.968642875873    -2.896955944729    -0.533413721351    12.000000000000
         C           -4.353129600458    -1.870375716855    -0.702046356553    12.000000000000
         C           -4.713018683387     0.763807474647    -0.381445739937    12.000000000000
         C           -2.668055951128     2.330997078245    -0.020709189182    12.000000000000
         C           -0.185171870179     1.329035633641     0.191979217769    12.000000000000
         C            1.968661061828     2.896962641028     0.533469818705    12.000000000000
         H            5.981917458840     3.090666367803     0.978856462678     1.007825032230
         H            6.603070856425    -1.554582145686     0.524988966324     1.007825032230
         H            2.925468360227    -4.368642631773    -0.099657700319     1.007825032230
         H           -1.700226770132    -4.933252745326    -0.652435172650     1.007825032230
         H           -5.981814330229    -3.090648343910    -0.979059946359     1.007825032230
         H           -6.603115012714     1.554563471324    -0.525140726921     1.007825032230
         H           -2.925449829248     4.368647915404     0.099512276556     1.007825032230
         H            1.700216119623     4.933270274087     0.652362340928     1.007825032230

  Running in c1 symmetry.

  Rotational constants: A =      0.10401  B =      0.04103  C =      0.02943 [cm^-1]
  Rotational constants: A =   3118.13481  B =   1230.00484  C =    882.19236 [MHz]
  Nuclear repulsion =  457.177651568933868

  Charge       = 0
  Multiplicity = 1
  Electrons    = 68
  Nalpha       = 34
  Nbeta        = 34

  ==> Algorithm <==

  SCF Algorithm Type is DF.
  DIIS enabled.
  MOM disabled.
  Fractional occupation disabled.
  Guess Type is SAD.
  Energy threshold   = 1.00e-10
  Density threshold  = 1.00e-08
  Integral threshold = 1.00e-12

  ==> Primary Basis <==

  Basis Set: 6-31G*
    Blend: 6-31G*
    Number of shells: 76
    Number of basis functions: 166
    Number of Cartesian functions: 166
    Spherical Harmonics?: false
    Max angular momentum: 2

  ==> DFT Potential <==

   => LibXC <=

    Version 7.1.2
    S. Lehtola, C. Steigemann, M. J. T. Oliveira, and M. A. L. Marques,  SoftwareX 7, 1–5 (2018) (10.1016/j.softx.2017.11.002)

   => Composite Functional: BHANDHLYP <= 

    BHandHLYP Hyb-GGA Exchange-Correlation Functional

    A. D. Becke,  J. Chem. Phys. 98, 1372 (1993) (10.1063/1.464304)
    Defined through Gaussian implementation.

    Deriv               =              1
    GGA                 =           TRUE
    Meta                =          FALSE

    Exchange Hybrid     =           TRUE
    MP2 Hybrid          =          FALSE

   => Exchange Functionals <=

    0.5000         Becke 88

   => Exact (HF) Exchange <=

    0.5000               HF 

   => Correlation Functionals <=

    1.0000   Lee, Yang & Parr

   => LibXC Density Thresholds  <==

    XC_HYB_GGA_XC_BHANDHLYP:  1.00E-15 

   => Molecular Quadrature <=

    Radial Scheme          =       TREUTLER
    Pruning Scheme         =           NONE
    Nuclear Scheme         =       TREUTLER

    Blocking Scheme        =         OCTREE
    BS radius alpha        =              1
    Pruning alpha          =              1
    Radial Points          =             99
    Spherical Points       =            590
    Total Points           =         960176
    Total Blocks           =           6581
    Max Points             =            256
    Max Functions          =            160
    Weights Tolerance      =       1.00E-15

   => Loading Basis Set <=

    Name: (6-31G* AUX)
    Role: JKFIT
    Keyword: DF_BASIS_SCF
    atoms 1-10  entry C          line   121 file C:\Users\thebr\.conda\envs\qc\Library\share\psi4\basis\cc-pvdz-jkfit.gbs 
    atoms 11-18 entry H          line    51 file C:\Users\thebr\.conda\envs\qc\Library\share\psi4\basis\cc-pvdz-jkfit.gbs 

  ==> Integral Setup <==

  DFHelper Memory: AOs need 0.213 GiB; user supplied 2.422 GiB. 
  SCF_SUBTYPE=INCORE selected. In-core MEM_DF algorithm will be used.
  Using in-core AOs.

  ==> MemDFJK: Density-Fitted J/K Matrices <==

    J tasked:                   Yes
    K tasked:                   Yes
    wK tasked:                   No
    OpenMP threads:               8
    Memory [MiB]:              2480
    Algorithm:                 Core
    Schwarz Cutoff:           1E-12
    Mask sparsity (%):       4.7177
    Fitting Condition:        1E-10

   => Auxiliary Basis Set <=

  Basis Set: (6-31G* AUX)
    Blend: CC-PVDZ-JKFIT
    Number of shells: 312
    Number of basis functions: 1010
    Number of Cartesian functions: 1010
    Spherical Harmonics?: false
    Max angular momentum: 3

  Cached 100.0% of DFT collocation blocks in 3.166 [GiB].

  Minimum eigenvalue in the overlap matrix is 3.8248230729E-04.
  Reciprocal condition number of the overlap matrix is 4.8499275562E-05.
    Using symmetric orthogonalization.

  ==> Pre-Iterations <==

  SCF Guess: Superposition of Atomic Densities via on-the-fly atomic UHF (no occupation information).

   -------------------------
    Irrep   Nso     Nmo    
   -------------------------
     A        166     166 
   -------------------------
    Total     166     166
   -------------------------

  ==> Iterations <==

                           Total Energy        Delta E     RMS |[F,P]|

   @DF-RKS iter SAD:  -384.98667034179289   -3.84987e+02   0.00000e+00 
   @DF-RKS iter   1:  -385.39429373342023   -4.07623e-01   3.95298e-03 ADIIS/DIIS
   @DF-RKS iter   2:  -385.52856250438123   -1.34269e-01   2.85017e-03 ADIIS/DIIS
   @DF-RKS iter   3:  -385.64712794948207   -1.18565e-01   2.98079e-04 ADIIS/DIIS
   @DF-RKS iter   4:  -385.64794832837526   -8.20379e-04   1.76029e-04 ADIIS/DIIS
   @DF-RKS iter   5:  -385.64837530327947   -4.26975e-04   4.25892e-05 DIIS
   @DF-RKS iter   6:  -385.64839942388210   -2.41206e-05   1.53745e-05 DIIS
   @DF-RKS iter   7:  -385.64840277282872   -3.34895e-06   1.22775e-06 DIIS
   @DF-RKS iter   8:  -385.64840285174546   -7.89167e-08   2.51745e-07 DIIS
   @DF-RKS iter   9:  -385.64840285722835   -5.48289e-09   7.70344e-08 DIIS
   @DF-RKS iter  10:  -385.64840285753507   -3.06727e-10   6.07241e-09 DIIS
   @DF-RKS iter  11:  -385.64840285753519   -1.13687e-13   3.74234e-09 DIIS
  Energy and wave function converged.


  ==> Post-Iterations <==

   Electrons on quadrature grid:
      Ntotal   =   68.0000017570 ; deviation = 1.757e-06 

    Orbital Energies [Eh]
    ---------------------

    Doubly Occupied:                                                      

       1A    -10.603059     2A    -10.602431     3A    -10.596552  
       4A    -10.596542     5A    -10.596198     6A    -10.596169  
       7A    -10.595572     8A    -10.595547     9A    -10.595253  
      10A    -10.595239    11A     -0.989418    12A     -0.931816  
      13A     -0.880403    14A     -0.844284    15A     -0.820684  
      16A     -0.714909    17A     -0.699137    18A     -0.679964  
      19A     -0.588704    20A     -0.587239    21A     -0.565884  
      22A     -0.518682    23A     -0.507225    24A     -0.483671  
      25A     -0.481967    26A     -0.466418    27A     -0.445975  
      28A     -0.431446    29A     -0.398607    30A     -0.389869  
      31A     -0.375405    32A     -0.325243    33A     -0.275437  
      34A     -0.246369  

    Virtual:                                                              

      35A      0.006420    36A      0.037185    37A      0.086412  
      38A      0.141110    39A      0.160087    40A      0.164599  
      41A      0.168319    42A      0.212845    43A      0.216481  
      44A      0.222588    45A      0.233787    46A      0.256339  
      47A      0.274069    48A      0.302521    49A      0.343115  
      50A      0.369143    51A      0.370910    52A      0.381106  
      53A      0.389385    54A      0.422292    55A      0.536029  
      56A      0.572495    57A      0.588937    58A      0.592490  
      59A      0.594231    60A      0.604593    61A      0.623880  
      62A      0.624419    63A      0.648196    64A      0.653475  
      65A      0.660397    66A      0.683027    67A      0.691051  
      68A      0.692611    69A      0.696830    70A      0.696835  
      71A      0.705587    72A      0.705738    73A      0.709342  
      74A      0.756380    75A      0.772462    76A      0.774306  
      77A      0.839697    78A      0.912979    79A      0.920149  
      80A      0.921170    81A      0.927232    82A      0.928579  
      83A      0.942455    84A      0.947521    85A      0.985434  
      86A      0.986727    87A      1.014477    88A      1.022785  
      89A      1.031629    90A      1.066036    91A      1.085615  
      92A      1.128769    93A      1.129472    94A      1.146091  
      95A      1.162927    96A      1.225341    97A      1.257921  
      98A      1.282058    99A      1.300937   100A      1.331979  
     101A      1.373258   102A      1.402973   103A      1.474725  
     104A      1.483193   105A      1.529205   106A      1.545323  
     107A      1.548963   108A      1.562597   109A      1.584756  
     110A      1.593675   111A      1.613016   112A      1.615209  
     113A      1.639340   114A      1.826185   115A      1.875726  
     116A      1.881110   117A      1.941900   118A      1.961037  
     119A      1.981776   120A      2.005152   121A      2.041367  
     122A      2.053271   123A      2.058199   124A      2.065366  
     125A      2.104279   126A      2.144193   127A      2.160793  
     128A      2.236100   129A      2.258904   130A      2.269235  
     131A      2.312512   132A      2.318578   133A      2.319925  
     134A      2.387559   135A      2.394985   136A      2.400449  
     137A      2.445673   138A      2.458493   139A      2.492554  
     140A      2.533703   141A      2.727768   142A      2.734395  
     143A      2.737477   144A      2.739629   145A      2.750864  
     146A      2.790387   147A      2.842298   148A      2.848121  
     149A      2.892216   150A      2.964723   151A      2.967850  
     152A      3.008502   153A      3.067131   154A      3.216928  
     155A      3.476676   156A      3.595472   157A      4.231991  
     158A      4.242740   159A      4.264094   160A      4.269476  
     161A      4.298609   162A      4.410424   163A      4.499129  
     164A      4.549644   165A      4.656281   166A      4.943550  

    Final Occupation by Irrep:
              A 
    DOCC [    34 ]
    NA   [    34 ]
    NB   [    34 ]

  @DF-RKS Final Energy:  -385.64840285753519

   => Energetics <=

    Nuclear Repulsion Energy =            457.1776515689338680
    One-Electron Energy =               -1425.0552723682915257
    Two-Electron Energy =                 611.8916676425666310
    DFT Exchange-Correlation Energy =     -29.6624497007441441
    Empirical Dispersion Energy =           0.0000000000000000
    VV10 Nonlocal Energy =                  0.0000000000000000
    Total Energy =                       -385.6484028575351317

Computation Completed


Properties will be evaluated at   0.000000,   0.000000,   0.000000 [a0]

Properties computed using the SCF density matrix


 Multipole Moments:

 ------------------------------------------------------------------------------------
     Multipole            Electronic (a.u.)      Nuclear  (a.u.)        Total (a.u.)
 ------------------------------------------------------------------------------------

 L = 1.  Multiply by 2.5417464519 to convert [e a0] to [Debye]
 Dipole X            :         -0.0000247            0.0000333            0.0000086
 Dipole Y            :         -0.0000022            0.0000139            0.0000116
 Dipole Z            :          0.0001916           -0.0002733           -0.0000817
 Magnitude           :                                                    0.0000830

 ------------------------------------------------------------------------------------

*** tstop() called on Asus18 at Tue Sep 15 16:28:38 2026
Module time:
	user time   =        nan seconds =        nan minutes
	system time =        nan seconds =        nan minutes
	total time  =         12 seconds =       0.20 minutes
Total time:
	user time   =        nan seconds =        nan minutes
	system time =        nan seconds =        nan minutes
	total time  =        132 seconds =       2.20 minutes

Scratch directory: C:\Users\thebr\AppData\Local\Temp/
   => Libint2 <=

    Primary   basis highest AM E, G, H:  7, 6, -
    Auxiliary basis highest AM E, G, H:  7, 7, -
    Onebody   basis highest AM E, G, H:  -, -, -
    Solid Harmonics ordering:            Gaussian

*** tstart() called on Asus18
*** at Tue Sep 15 16:28:38 2026

   => Loading Basis Set <=

    Name: 6-31G*
    Role: ORBITAL
    Keyword: BASIS
    atoms 1-10  entry C          line   111 file C:\Users\thebr\.conda\envs\qc\Library\share\psi4\basis\6-31gs.gbs 
    atoms 11-18 entry H          line    44 file C:\Users\thebr\.conda\envs\qc\Library\share\psi4\basis\6-31gs.gbs 


         ---------------------------------------------------------
                                   SCF
               by Justin Turney, Rob Parrish, Andy Simmonett
                          and Daniel G. A. Smith
                              RKS Reference
                        8 Threads,   -562 MiB Core
         ---------------------------------------------------------

  ==> Geometry <==

    Molecular point group: c1
    Full point group: C1

    Geometry (in Bohr), charge = 0, multiplicity = 1:

       Center              X                  Y                   Z               Mass       
    ------------   -----------------  -----------------  -----------------  -----------------
         C            4.347309815100     1.858329748773     0.674287662794    12.000000000000
         C            4.698175090659    -0.754270289142     0.406740035335    12.000000000000
         C            2.673156408096    -2.322426371049     0.010751926745    12.000000000000
         C            0.185828961559    -1.335114863745    -0.136054874743    12.000000000000
         C           -1.962209055753    -2.903158134625    -0.544948592458    12.000000000000
         C           -4.364449391229    -1.888466578582    -0.679623867007    12.000000000000
         C           -4.722730864406     0.779312874400    -0.406385095281    12.000000000000
         C           -2.666111289503     2.338225852506    -0.008195768589    12.000000000000
         C           -0.172990970430     1.336681971580     0.137590842814    12.000000000000
         C            1.973198387736     2.889565388815     0.544556541804    12.000000000000
         H            5.984597212780     3.055942640230     0.986279359633     1.007825032230
         H            6.599127924107    -1.520045968271     0.517632983500     1.007825032230
         H            2.968869486794    -4.345513852262    -0.194022539378     1.007825032230
         H           -1.656125416217    -4.926500925012    -0.748572128195     1.007825032230
         H           -5.977745034542    -3.122056820524    -0.993314991178     1.007825032230
         H           -6.609977492629     1.585649339464    -0.511122667614     1.007825032230
         H           -2.904580345330     4.369821080469     0.203513094945     1.007825032230
         H            1.724700520599     4.918431987795     0.754884007018     1.007825032230

  Running in c1 symmetry.

  Rotational constants: A =      0.10399  B =      0.04103  C =      0.02942 [cm^-1]
  Rotational constants: A =   3117.65199  B =   1229.99834  C =    882.01821 [MHz]
  Nuclear repulsion =  457.201436977474202

  Charge       = 0
  Multiplicity = 1
  Electrons    = 68
  Nalpha       = 34
  Nbeta        = 34

  ==> Algorithm <==

  SCF Algorithm Type is DF.
  DIIS enabled.
  MOM disabled.
  Fractional occupation disabled.
  Guess Type is SAD.
  Energy threshold   = 1.00e-10
  Density threshold  = 1.00e-08
  Integral threshold = 1.00e-12

  ==> Primary Basis <==

  Basis Set: 6-31G*
    Blend: 6-31G*
    Number of shells: 76
    Number of basis functions: 166
    Number of Cartesian functions: 166
    Spherical Harmonics?: false
    Max angular momentum: 2

  ==> DFT Potential <==

   => LibXC <=

    Version 7.1.2
    S. Lehtola, C. Steigemann, M. J. T. Oliveira, and M. A. L. Marques,  SoftwareX 7, 1–5 (2018) (10.1016/j.softx.2017.11.002)

   => Composite Functional: B3LYP <= 

    B3LYP Hyb-GGA Exchange-Correlation Functional

    P. J. Stephens, F. J. Devlin, C. F. Chabalowski, and M. J. Frisch,  J. Phys. Chem. 98, 11623 (1994) (10.1021/j100096a001)

    Deriv               =              1
    GGA                 =           TRUE
    Meta                =          FALSE

    Exchange Hybrid     =           TRUE
    MP2 Hybrid          =          FALSE

   => Exchange Functionals <=

    0.0800   Slater exchange
    0.7200         Becke 88

   => Exact (HF) Exchange <=

    0.2000               HF 

   => Correlation Functionals <=

    0.1900   Vosko, Wilk & Nusair (VWN5_RPA)
    0.8100   Lee, Yang & Parr

   => LibXC Density Thresholds  <==

    XC_HYB_GGA_XC_B3LYP:  1.00E-15 

   => Molecular Quadrature <=

    Radial Scheme          =       TREUTLER
    Pruning Scheme         =           NONE
    Nuclear Scheme         =       TREUTLER

    Blocking Scheme        =         OCTREE
    BS radius alpha        =              1
    Pruning alpha          =              1
    Radial Points          =             99
    Spherical Points       =            590
    Total Points           =         959969
    Total Blocks           =           6586
    Max Points             =            256
    Max Functions          =            160
    Weights Tolerance      =       1.00E-15

   => Loading Basis Set <=

    Name: (6-31G* AUX)
    Role: JKFIT
    Keyword: DF_BASIS_SCF
    atoms 1-10  entry C          line   121 file C:\Users\thebr\.conda\envs\qc\Library\share\psi4\basis\cc-pvdz-jkfit.gbs 
    atoms 11-18 entry H          line    51 file C:\Users\thebr\.conda\envs\qc\Library\share\psi4\basis\cc-pvdz-jkfit.gbs 

  ==> Integral Setup <==

  DFHelper Memory: AOs need 0.213 GiB; user supplied 2.424 GiB. 
  SCF_SUBTYPE=INCORE selected. In-core MEM_DF algorithm will be used.
  Using in-core AOs.

  ==> MemDFJK: Density-Fitted J/K Matrices <==

    J tasked:                   Yes
    K tasked:                   Yes
    wK tasked:                   No
    OpenMP threads:               8
    Memory [MiB]:              2482
    Algorithm:                 Core
    Schwarz Cutoff:           1E-12
    Mask sparsity (%):       4.7394
    Fitting Condition:        1E-10

   => Auxiliary Basis Set <=

  Basis Set: (6-31G* AUX)
    Blend: CC-PVDZ-JKFIT
    Number of shells: 312
    Number of basis functions: 1010
    Number of Cartesian functions: 1010
    Spherical Harmonics?: false
    Max angular momentum: 3

  Cached 100.0% of DFT collocation blocks in 3.164 [GiB].

  Minimum eigenvalue in the overlap matrix is 3.0910284400E-04.
  Reciprocal condition number of the overlap matrix is 3.9180781871E-05.
    Using symmetric orthogonalization.

  ==> Pre-Iterations <==

  SCF Guess: Superposition of Atomic Densities via on-the-fly atomic UHF (no occupation information).

   -------------------------
    Irrep   Nso     Nmo    
   -------------------------
     A        166     166 
   -------------------------
    Total     166     166
   -------------------------

  ==> Iterations <==

                           Total Energy        Delta E     RMS |[F,P]|

   @DF-RKS iter SAD:  -385.34471905789360   -3.85345e+02   0.00000e+00 
   @DF-RKS iter   1:  -385.43226707994722   -8.75480e-02   5.36183e-03 ADIIS/DIIS
   @DF-RKS iter   2:  -385.42038760626622    1.18795e-02   5.55206e-03 ADIIS/DIIS
   @DF-RKS iter   3:  -385.88600325655545   -4.65616e-01   6.50404e-04 ADIIS/DIIS
   @DF-RKS iter   4:  -385.88977764964625   -3.77439e-03   3.92262e-04 ADIIS/DIIS
   @DF-RKS iter   5:  -385.89190380846469   -2.12616e-03   9.88818e-05 DIIS
   @DF-RKS iter   6:  -385.89201934961386   -1.15541e-04   4.62822e-05 DIIS
   @DF-RKS iter   7:  -385.89204903139137   -2.96818e-05   1.81427e-06 DIIS
   @DF-RKS iter   8:  -385.89204908258711   -5.11957e-08   3.72173e-07 DIIS
   @DF-RKS iter   9:  -385.89204908367890   -1.09179e-09   2.61110e-07 DIIS
   @DF-RKS iter  10:  -385.89204908457504   -8.96136e-10   5.55701e-08 DIIS
   @DF-RKS iter  11:  -385.89204908461051   -3.54703e-11   2.76657e-08 DIIS
   @DF-RKS iter  12:  -385.89204908462403   -1.35287e-11   3.53868e-09 DIIS
  Energy and wave function converged.


  ==> Post-Iterations <==

   Electrons on quadrature grid:
      Ntotal   =   68.0000016092 ; deviation = 1.609e-06 

    Orbital Energies [Eh]
    ---------------------

    Doubly Occupied:                                                      

       1A    -10.195546     2A    -10.195129     3A    -10.192017  
       4A    -10.191604     5A    -10.189677     6A    -10.189674  
       7A    -10.187901     8A    -10.187868     9A    -10.186857  
      10A    -10.186377    11A     -0.868726    12A     -0.816073  
      13A     -0.769091    14A     -0.736478    15A     -0.715005  
      16A     -0.621986    17A     -0.607333    18A     -0.592252  
      19A     -0.510893    20A     -0.508139    21A     -0.489612  
      22A     -0.445954    23A     -0.436219    24A     -0.414776  
      25A     -0.411787    26A     -0.398162    27A     -0.385484  
      28A     -0.366613    29A     -0.335560    30A     -0.327944  
      31A     -0.323043    32A     -0.281182    33A     -0.240210  
      34A     -0.212681  

    Virtual:                                                              

      35A     -0.035243    36A     -0.005424    37A      0.035917  
      38A      0.095006    39A      0.103023    40A      0.112963  
      41A      0.121727    42A      0.166065    43A      0.167440  
      44A      0.174454    45A      0.182769    46A      0.204093  
      47A      0.206136    48A      0.246899    49A      0.284074  
      50A      0.306748    51A      0.313161    52A      0.324656  
      53A      0.330401    54A      0.361588    55A      0.471939  
      56A      0.494021    57A      0.513843    58A      0.521272  
      59A      0.527318    60A      0.527985    61A      0.548247  
      62A      0.563117    63A      0.570885    64A      0.584181  
      65A      0.591932    66A      0.610189    67A      0.611653  
      68A      0.613654    69A      0.615881    70A      0.618347  
      71A      0.626836    72A      0.629233    73A      0.638814  
      74A      0.673958    75A      0.690912    76A      0.692963  
      77A      0.757394    78A      0.825992    79A      0.827831  
      80A      0.835588    81A      0.837008    82A      0.838816  
      83A      0.854044    84A      0.856759    85A      0.898128  
      86A      0.902890    87A      0.925071    88A      0.944750  
      89A      0.945468    90A      0.986448    91A      1.001220  
      92A      1.052497    93A      1.057807    94A      1.068852  
      95A      1.087481    96A      1.153385    97A      1.195160  
      98A      1.198114    99A      1.244100   100A      1.257127  
     101A      1.277333   102A      1.315070   103A      1.391905  
     104A      1.414188   105A      1.443993   106A      1.457938  
     107A      1.460892   108A      1.490112   109A      1.490161  
     110A      1.494845   111A      1.501120   112A      1.510549  
     113A      1.531386   114A      1.724858   115A      1.768187  
     116A      1.780379   117A      1.857805   118A      1.894268  
     119A      1.896339   120A      1.911330   121A      1.930613  
     122A      1.947211   123A      1.949876   124A      1.953855  
     125A      1.995593   126A      2.029816   127A      2.048525  
     128A      2.122603   129A      2.149891   130A      2.160729  
     131A      2.196609   132A      2.203046   133A      2.209323  
     134A      2.280924   135A      2.282348   136A      2.302023  
     137A      2.329611   138A      2.338088   139A      2.379021  
     140A      2.418961   141A      2.609118   142A      2.614627  
     143A      2.617412   144A      2.617707   145A      2.641524  
     146A      2.675579   147A      2.720488   148A      2.752052  
     149A      2.781940   150A      2.833835   151A      2.856896  
     152A      2.877610   153A      2.941219   154A      3.097684  
     155A      3.351106   156A      3.476532   157A      4.078121  
     158A      4.096371   159A      4.118667   160A      4.121696  
     161A      4.150778   162A      4.261922   163A      4.349969  
     164A      4.400132   165A      4.516448   166A      4.800635  

    Final Occupation by Irrep:
              A 
    DOCC [    34 ]
    NA   [    34 ]
    NB   [    34 ]

  @DF-RKS Final Energy:  -385.89204908462403

   => Energetics <=

    Nuclear Repulsion Energy =            457.2014369774742022
    One-Electron Energy =               -1425.4507672199993067
    Two-Electron Energy =                 628.6643686306405243
    DFT Exchange-Correlation Energy =     -46.3070874727395037
    Empirical Dispersion Energy =           0.0000000000000000
    VV10 Nonlocal Energy =                  0.0000000000000000
    Total Energy =                       -385.8920490846240341

Computation Completed


Properties will be evaluated at   0.000000,   0.000000,   0.000000 [a0]

Properties computed using the SCF density matrix


 Multipole Moments:

 ------------------------------------------------------------------------------------
     Multipole            Electronic (a.u.)      Nuclear  (a.u.)        Total (a.u.)
 ------------------------------------------------------------------------------------

 L = 1.  Multiply by 2.5417464519 to convert [e a0] to [Debye]
 Dipole X            :         -0.0524547            0.0639294            0.0114747
 Dipole Y            :         -0.0064057            0.0078051            0.0013993
 Dipole Z            :         -0.0062340            0.0075900            0.0013560
 Magnitude           :                                                    0.0116389

 ------------------------------------------------------------------------------------

*** tstop() called on Asus18 at Tue Sep 15 16:28:53 2026
Module time:
	user time   =        nan seconds =        nan minutes
	system time =        nan seconds =        nan minutes
	total time  =         15 seconds =       0.25 minutes
Total time:
	user time   =        nan seconds =        nan minutes
	system time =        nan seconds =        nan minutes
	total time  =        147 seconds =       2.45 minutes

Scratch directory: C:\Users\thebr\AppData\Local\Temp/
   => Libint2 <=

    Primary   basis highest AM E, G, H:  7, 6, -
    Auxiliary basis highest AM E, G, H:  7, 7, -
    Onebody   basis highest AM E, G, H:  -, -, -
    Solid Harmonics ordering:            Gaussian

*** tstart() called on Asus18
*** at Tue Sep 15 16:28:53 2026

   => Loading Basis Set <=

    Name: 6-31G*
    Role: ORBITAL
    Keyword: BASIS
    atoms 1-10  entry C          line   111 file C:\Users\thebr\.conda\envs\qc\Library\share\psi4\basis\6-31gs.gbs 
    atoms 11-18 entry H          line    44 file C:\Users\thebr\.conda\envs\qc\Library\share\psi4\basis\6-31gs.gbs 


         ---------------------------------------------------------
                                   SCF
               by Justin Turney, Rob Parrish, Andy Simmonett
                          and Daniel G. A. Smith
                              RKS Reference
                        8 Threads,   -562 MiB Core
         ---------------------------------------------------------

  ==> Geometry <==

    Molecular point group: c1
    Full point group: C1

    Geometry (in Bohr), charge = 0, multiplicity = 1:

       Center              X                  Y                   Z               Mass       
    ------------   -----------------  -----------------  -----------------  -----------------
         C            4.364441427070     1.888449871911     0.679622319563    12.000000000000
         C            4.722707629636    -0.779283808929     0.406408050564    12.000000000000
         C            2.666111492653    -2.338215301868     0.008142147048    12.000000000000
         C            0.172986676772    -1.336680888863    -0.137576812719    12.000000000000
         C           -1.973203566650    -2.889536960329    -0.544518327247    12.000000000000
         C           -4.347299764469    -1.858311446384    -0.674304427715    12.000000000000
         C           -4.698154181518     0.754237625178    -0.406744022885    12.000000000000
         C           -2.673150332298     2.322423839357    -0.010765373233    12.000000000000
         C           -0.185824460293     1.335116442677     0.136040523611    12.000000000000
         C            1.962208050005     2.903122072172     0.544981183696    12.000000000000
         H            5.977727687062     3.122073778808     0.993231218625     1.007825032230
         H            6.609962233741    -1.585610190818     0.511144307641     1.007825032230
         H            2.904638353645    -4.369818508910    -0.203459104133     1.007825032230
         H           -1.724779528280    -4.918407691706    -0.754888299795     1.007825032230
         H           -5.984572157082    -3.055952002657    -0.986264969206     1.007825032230
         H           -6.599121431433     1.519995389860    -0.517574371158     1.007825032230
         H           -2.968924388839     4.345518693415     0.193906906192     1.007825032230
         H            1.656202312887     4.926472006268     0.748623158802     1.007825032230

  Running in c1 symmetry.

  Rotational constants: A =      0.10400  B =      0.04103  C =      0.02942 [cm^-1]
  Rotational constants: A =   3117.70052  B =   1230.00346  C =    882.02473 [MHz]
  Nuclear repulsion =  457.203384717840777

  Charge       = 0
  Multiplicity = 1
  Electrons    = 68
  Nalpha       = 34
  Nbeta        = 34

  ==> Algorithm <==

  SCF Algorithm Type is DF.
  DIIS enabled.
  MOM disabled.
  Fractional occupation disabled.
  Guess Type is SAD.
  Energy threshold   = 1.00e-10
  Density threshold  = 1.00e-08
  Integral threshold = 1.00e-12

  ==> Primary Basis <==

  Basis Set: 6-31G*
    Blend: 6-31G*
    Number of shells: 76
    Number of basis functions: 166
    Number of Cartesian functions: 166
    Spherical Harmonics?: false
    Max angular momentum: 2

  ==> DFT Potential <==

   => LibXC <=

    Version 7.1.2
    S. Lehtola, C. Steigemann, M. J. T. Oliveira, and M. A. L. Marques,  SoftwareX 7, 1–5 (2018) (10.1016/j.softx.2017.11.002)

   => Composite Functional: B3LYP <= 

    B3LYP Hyb-GGA Exchange-Correlation Functional

    P. J. Stephens, F. J. Devlin, C. F. Chabalowski, and M. J. Frisch,  J. Phys. Chem. 98, 11623 (1994) (10.1021/j100096a001)

    Deriv               =              1
    GGA                 =           TRUE
    Meta                =          FALSE

    Exchange Hybrid     =           TRUE
    MP2 Hybrid          =          FALSE

   => Exchange Functionals <=

    0.0800   Slater exchange
    0.7200         Becke 88

   => Exact (HF) Exchange <=

    0.2000               HF 

   => Correlation Functionals <=

    0.1900   Vosko, Wilk & Nusair (VWN5_RPA)
    0.8100   Lee, Yang & Parr

   => LibXC Density Thresholds  <==

    XC_HYB_GGA_XC_B3LYP:  1.00E-15 

   => Molecular Quadrature <=

    Radial Scheme          =       TREUTLER
    Pruning Scheme         =           NONE
    Nuclear Scheme         =       TREUTLER

    Blocking Scheme        =         OCTREE
    BS radius alpha        =              1
    Pruning alpha          =              1
    Radial Points          =             99
    Spherical Points       =            590
    Total Points           =         959966
    Total Blocks           =           6582
    Max Points             =            256
    Max Functions          =            160
    Weights Tolerance      =       1.00E-15

   => Loading Basis Set <=

    Name: (6-31G* AUX)
    Role: JKFIT
    Keyword: DF_BASIS_SCF
    atoms 1-10  entry C          line   121 file C:\Users\thebr\.conda\envs\qc\Library\share\psi4\basis\cc-pvdz-jkfit.gbs 
    atoms 11-18 entry H          line    51 file C:\Users\thebr\.conda\envs\qc\Library\share\psi4\basis\cc-pvdz-jkfit.gbs 

  ==> Integral Setup <==

  DFHelper Memory: AOs need 0.213 GiB; user supplied 2.424 GiB. 
  SCF_SUBTYPE=INCORE selected. In-core MEM_DF algorithm will be used.
  Using in-core AOs.

  ==> MemDFJK: Density-Fitted J/K Matrices <==

    J tasked:                   Yes
    K tasked:                   Yes
    wK tasked:                   No
    OpenMP threads:               8
    Memory [MiB]:              2482
    Algorithm:                 Core
    Schwarz Cutoff:           1E-12
    Mask sparsity (%):       4.7394
    Fitting Condition:        1E-10

   => Auxiliary Basis Set <=

  Basis Set: (6-31G* AUX)
    Blend: CC-PVDZ-JKFIT
    Number of shells: 312
    Number of basis functions: 1010
    Number of Cartesian functions: 1010
    Spherical Harmonics?: false
    Max angular momentum: 3

  Cached 100.0% of DFT collocation blocks in 3.164 [GiB].

  Minimum eigenvalue in the overlap matrix is 3.0907904888E-04.
  Reciprocal condition number of the overlap matrix is 3.9177506112E-05.
    Using symmetric orthogonalization.

  ==> Pre-Iterations <==

  SCF Guess: Superposition of Atomic Densities via on-the-fly atomic UHF (no occupation information).

   -------------------------
    Irrep   Nso     Nmo    
   -------------------------
     A        166     166 
   -------------------------
    Total     166     166
   -------------------------

  ==> Iterations <==

                           Total Energy        Delta E     RMS |[F,P]|

   @DF-RKS iter SAD:  -385.34482404223735   -3.85345e+02   0.00000e+00 
   @DF-RKS iter   1:  -385.43225291794880   -8.74289e-02   5.36192e-03 ADIIS/DIIS
   @DF-RKS iter   2:  -385.42036655875660    1.18864e-02   5.55220e-03 ADIIS/DIIS
   @DF-RKS iter   3:  -385.88600389376364   -4.65637e-01   6.50374e-04 ADIIS/DIIS
   @DF-RKS iter   4:  -385.88977787584253   -3.77398e-03   3.92241e-04 ADIIS/DIIS
   @DF-RKS iter   5:  -385.89190375024577   -2.12587e-03   9.88831e-05 DIIS
   @DF-RKS iter   6:  -385.89201929533948   -1.15545e-04   4.62832e-05 DIIS
   @DF-RKS iter   7:  -385.89204897885980   -2.96835e-05   1.81433e-06 DIIS
   @DF-RKS iter   8:  -385.89204903005822   -5.11984e-08   3.72140e-07 DIIS
   @DF-RKS iter   9:  -385.89204903115035   -1.09213e-09   2.61032e-07 DIIS
   @DF-RKS iter  10:  -385.89204903204609   -8.95739e-10   5.55425e-08 DIIS
   @DF-RKS iter  11:  -385.89204903208184   -3.57545e-11   2.76441e-08 DIIS
   @DF-RKS iter  12:  -385.89204903209486   -1.30171e-11   3.54001e-09 DIIS
  Energy and wave function converged.


  ==> Post-Iterations <==

   Electrons on quadrature grid:
      Ntotal   =   68.0000016079 ; deviation = 1.608e-06 

    Orbital Energies [Eh]
    ---------------------

    Doubly Occupied:                                                      

       1A    -10.195545     2A    -10.195128     3A    -10.192013  
       4A    -10.191601     5A    -10.189676     6A    -10.189672  
       7A    -10.187899     8A    -10.187866     9A    -10.186853  
      10A    -10.186374    11A     -0.868729    12A     -0.816078  
      13A     -0.769091    14A     -0.736482    15A     -0.715005  
      16A     -0.621989    17A     -0.607333    18A     -0.592252  
      19A     -0.510897    20A     -0.508137    21A     -0.489613  
      22A     -0.445953    23A     -0.436222    24A     -0.414776  
      25A     -0.411788    26A     -0.398158    27A     -0.385486  
      28A     -0.366615    29A     -0.335558    30A     -0.327944  
      31A     -0.323046    32A     -0.281182    33A     -0.240212  
      34A     -0.212679  

    Virtual:                                                              

      35A     -0.035244    36A     -0.005421    37A      0.035918  
      38A      0.095006    39A      0.103028    40A      0.112960  
      41A      0.121729    42A      0.166067    43A      0.167439  
      44A      0.174458    45A      0.182768    46A      0.204097  
      47A      0.206137    48A      0.246904    49A      0.284075  
      50A      0.306752    51A      0.313171    52A      0.324658  
      53A      0.330403    54A      0.361591    55A      0.471940  
      56A      0.494029    57A      0.513843    58A      0.521277  
      59A      0.527324    60A      0.527988    61A      0.548246  
      62A      0.563116    63A      0.570885    64A      0.584191  
      65A      0.591934    66A      0.610196    67A      0.611652  
      68A      0.613659    69A      0.615881    70A      0.618345  
      71A      0.626837    72A      0.629233    73A      0.638821  
      74A      0.673960    75A      0.690912    76A      0.692964  
      77A      0.757395    78A      0.825995    79A      0.827830  
      80A      0.835589    81A      0.837008    82A      0.838818  
      83A      0.854040    84A      0.856757    85A      0.898124  
      86A      0.902885    87A      0.925079    88A      0.944756  
      89A      0.945471    90A      0.986456    91A      1.001223  
      92A      1.052496    93A      1.057812    94A      1.068858  
      95A      1.087485    96A      1.153394    97A      1.195166  
      98A      1.198115    99A      1.244099   100A      1.257125  
     101A      1.277337   102A      1.315065   103A      1.391906  
     104A      1.414186   105A      1.444004   106A      1.457936  
     107A      1.460894   108A      1.490113   109A      1.490165  
     110A      1.494849   111A      1.501122   112A      1.510554  
     113A      1.531384   114A      1.724857   115A      1.768198  
     116A      1.780388   117A      1.857808   118A      1.894271  
     119A      1.896348   120A      1.911339   121A      1.930618  
     122A      1.947214   123A      1.949885   124A      1.953851  
     125A      1.995592   126A      2.029833   127A      2.048530  
     128A      2.122623   129A      2.149899   130A      2.160742  
     131A      2.196627   132A      2.203045   133A      2.209330  
     134A      2.280934   135A      2.282367   136A      2.302033  
     137A      2.329613   138A      2.338095   139A      2.379031  
     140A      2.418964   141A      2.609122   142A      2.614637  
     143A      2.617411   144A      2.617725   145A      2.641539  
     146A      2.675594   147A      2.720500   148A      2.752058  
     149A      2.781953   150A      2.833843   151A      2.856905  
     152A      2.877627   153A      2.941234   154A      3.097698  
     155A      3.351129   156A      3.476555   157A      4.078131  
     158A      4.096380   159A      4.118666   160A      4.121702  
     161A      4.150776   162A      4.261925   163A      4.349971  
     164A      4.400135   165A      4.516454   166A      4.800644  

    Final Occupation by Irrep:
              A 
    DOCC [    34 ]
    NA   [    34 ]
    NB   [    34 ]

  @DF-RKS Final Energy:  -385.89204903209486

   => Energetics <=

    Nuclear Repulsion Energy =            457.2033847178407768
    One-Electron Energy =               -1425.4546315246013819
    Two-Electron Energy =                 628.6663223718455811
    DFT Exchange-Correlation Energy =     -46.3071245971797794
    Empirical Dispersion Energy =           0.0000000000000000
    VV10 Nonlocal Energy =                  0.0000000000000000
    Total Energy =                       -385.8920490320948034

Computation Completed


Properties will be evaluated at   0.000000,   0.000000,   0.000000 [a0]

Properties computed using the SCF density matrix


 Multipole Moments:

 ------------------------------------------------------------------------------------
     Multipole            Electronic (a.u.)      Nuclear  (a.u.)        Total (a.u.)
 ------------------------------------------------------------------------------------

 L = 1.  Multiply by 2.5417464519 to convert [e a0] to [Debye]
 Dipole X            :          0.0524550           -0.0639291           -0.0114741
 Dipole Y            :          0.0064005           -0.0077999           -0.0013993
 Dipole Z            :          0.0062124           -0.0075696           -0.0013572
 Magnitude           :                                                    0.0116385

 ------------------------------------------------------------------------------------

*** tstop() called on Asus18 at Tue Sep 15 16:29:07 2026
Module time:
	user time   =        nan seconds =        nan minutes
	system time =        nan seconds =        nan minutes
	total time  =         14 seconds =       0.23 minutes
Total time:
	user time   =        nan seconds =        nan minutes
	system time =        nan seconds =        nan minutes
	total time  =        161 seconds =       2.68 minutes

Scratch directory: C:\Users\thebr\AppData\Local\Temp/
   => Libint2 <=

    Primary   basis highest AM E, G, H:  7, 6, -
    Auxiliary basis highest AM E, G, H:  7, 7, -
    Onebody   basis highest AM E, G, H:  -, -, -
    Solid Harmonics ordering:            Gaussian

*** tstart() called on Asus18
*** at Tue Sep 15 16:29:07 2026

   => Loading Basis Set <=

    Name: 6-31G*
    Role: ORBITAL
    Keyword: BASIS
    atoms 1-10  entry C          line   111 file C:\Users\thebr\.conda\envs\qc\Library\share\psi4\basis\6-31gs.gbs 
    atoms 11-18 entry H          line    44 file C:\Users\thebr\.conda\envs\qc\Library\share\psi4\basis\6-31gs.gbs 


         ---------------------------------------------------------
                                   SCF
               by Justin Turney, Rob Parrish, Andy Simmonett
                          and Daniel G. A. Smith
                              RKS Reference
                        8 Threads,   -562 MiB Core
         ---------------------------------------------------------

  ==> Geometry <==

    Molecular point group: c1
    Full point group: C1

    Geometry (in Bohr), charge = 0, multiplicity = 1:

       Center              X                  Y                   Z               Mass       
    ------------   -----------------  -----------------  -----------------  -----------------
         C            4.338744009115     1.843269687204     0.671620334409    12.000000000000
         C            4.685908821171    -0.741763529248     0.406906027720    12.000000000000
         C            2.676678865818    -2.314531905640     0.012056816593    12.000000000000
         C            0.192250103952    -1.334331851186    -0.135293905755    12.000000000000
         C           -1.956711800305    -2.909968721773    -0.545163725064    12.000000000000
         C           -4.373024204609    -1.903544144681    -0.682283586652    12.000000000000
         C           -4.735019205850     0.791850499011    -0.406205631479    12.000000000000
         C           -2.662591768106     2.346126859081    -0.006910966267    12.000000000000
         C           -0.166574225499     1.337464736032     0.138366002415    12.000000000000
         C            1.978693556601     2.882787047136     0.544344220858    12.000000000000
         H            5.988031975640     3.022877070941     0.982803430137     1.007825032230
         H            6.593710769290    -1.487263856998     0.520877321430     1.007825032230
         H            3.000985053369    -4.333361523939    -0.189304257001     1.007825032230
         H           -1.621798360186    -4.930547541666    -0.745414042395     1.007825032230
         H           -5.974331473273    -3.155109229457    -0.996840002165     1.007825032230
         H           -6.615405523226     1.618476314266    -0.507896815842     1.007825032230
         H           -2.872408323576     4.381972273996     0.208316189322     1.007825032230
         H            1.758949624455     4.914411978559     0.758014431126     1.007825032230

  Running in c1 symmetry.

  Rotational constants: A =      0.10398  B =      0.04103  C =      0.02942 [cm^-1]
  Rotational constants: A =   3117.35585  B =   1229.96568  C =    881.97772 [MHz]
  Nuclear repulsion =  457.210328074913605

  Charge       = 0
  Multiplicity = 1
  Electrons    = 68
  Nalpha       = 34
  Nbeta        = 34

  ==> Algorithm <==

  SCF Algorithm Type is DF.
  DIIS enabled.
  MOM disabled.
  Fractional occupation disabled.
  Guess Type is SAD.
  Energy threshold   = 1.00e-10
  Density threshold  = 1.00e-08
  Integral threshold = 1.00e-12

  ==> Primary Basis <==

  Basis Set: 6-31G*
    Blend: 6-31G*
    Number of shells: 76
    Number of basis functions: 166
    Number of Cartesian functions: 166
    Spherical Harmonics?: false
    Max angular momentum: 2

  ==> DFT Potential <==

   => LibXC <=

    Version 7.1.2
    S. Lehtola, C. Steigemann, M. J. T. Oliveira, and M. A. L. Marques,  SoftwareX 7, 1–5 (2018) (10.1016/j.softx.2017.11.002)

   => Composite Functional: B3LYP <= 

    B3LYP Hyb-GGA Exchange-Correlation Functional

    P. J. Stephens, F. J. Devlin, C. F. Chabalowski, and M. J. Frisch,  J. Phys. Chem. 98, 11623 (1994) (10.1021/j100096a001)

    Deriv               =              1
    GGA                 =           TRUE
    Meta                =          FALSE

    Exchange Hybrid     =           TRUE
    MP2 Hybrid          =          FALSE

   => Exchange Functionals <=

    0.0800   Slater exchange
    0.7200         Becke 88

   => Exact (HF) Exchange <=

    0.2000               HF 

   => Correlation Functionals <=

    0.1900   Vosko, Wilk & Nusair (VWN5_RPA)
    0.8100   Lee, Yang & Parr

   => LibXC Density Thresholds  <==

    XC_HYB_GGA_XC_B3LYP:  1.00E-15 

   => Molecular Quadrature <=

    Radial Scheme          =       TREUTLER
    Pruning Scheme         =           NONE
    Nuclear Scheme         =       TREUTLER

    Blocking Scheme        =         OCTREE
    BS radius alpha        =              1
    Pruning alpha          =              1
    Radial Points          =             99
    Spherical Points       =            590
    Total Points           =         959999
    Total Blocks           =           6583
    Max Points             =            256
    Max Functions          =            160
    Weights Tolerance      =       1.00E-15

   => Loading Basis Set <=

    Name: (6-31G* AUX)
    Role: JKFIT
    Keyword: DF_BASIS_SCF
    atoms 1-10  entry C          line   121 file C:\Users\thebr\.conda\envs\qc\Library\share\psi4\basis\cc-pvdz-jkfit.gbs 
    atoms 11-18 entry H          line    51 file C:\Users\thebr\.conda\envs\qc\Library\share\psi4\basis\cc-pvdz-jkfit.gbs 

  ==> Integral Setup <==

  DFHelper Memory: AOs need 0.213 GiB; user supplied 2.424 GiB. 
  SCF_SUBTYPE=INCORE selected. In-core MEM_DF algorithm will be used.
  Using in-core AOs.

  ==> MemDFJK: Density-Fitted J/K Matrices <==

    J tasked:                   Yes
    K tasked:                   Yes
    wK tasked:                   No
    OpenMP threads:               8
    Memory [MiB]:              2482
    Algorithm:                 Core
    Schwarz Cutoff:           1E-12
    Mask sparsity (%):       4.7322
    Fitting Condition:        1E-10

   => Auxiliary Basis Set <=

  Basis Set: (6-31G* AUX)
    Blend: CC-PVDZ-JKFIT
    Number of shells: 312
    Number of basis functions: 1010
    Number of Cartesian functions: 1010
    Spherical Harmonics?: false
    Max angular momentum: 3

  Cached 100.0% of DFT collocation blocks in 3.164 [GiB].

  Minimum eigenvalue in the overlap matrix is 3.0783569846E-04.
  Reciprocal condition number of the overlap matrix is 3.8980869155E-05.
    Using symmetric orthogonalization.

  ==> Pre-Iterations <==

  SCF Guess: Superposition of Atomic Densities via on-the-fly atomic UHF (no occupation information).

   -------------------------
    Irrep   Nso     Nmo    
   -------------------------
     A        166     166 
   -------------------------
    Total     166     166
   -------------------------

  ==> Iterations <==

                           Total Energy        Delta E     RMS |[F,P]|

   @DF-RKS iter SAD:  -385.34562707672899   -3.85346e+02   0.00000e+00 
   @DF-RKS iter   1:  -385.42911561772041   -8.34885e-02   5.37063e-03 ADIIS/DIIS
   @DF-RKS iter   2:  -385.41331886283353    1.57968e-02   5.58123e-03 ADIIS/DIIS
   @DF-RKS iter   3:  -385.88327209751776   -4.69953e-01   6.90213e-04 ADIIS/DIIS
   @DF-RKS iter   4:  -385.88763388430721   -4.36179e-03   4.15451e-04 ADIIS/DIIS
   @DF-RKS iter   5:  -385.89010552428334   -2.47164e-03   1.01989e-04 ADIIS/DIIS
   @DF-RKS iter   6:  -385.89023140579963   -1.25882e-04   4.65711e-05 DIIS
   @DF-RKS iter   7:  -385.89026123427789   -2.98285e-05   1.92224e-06 DIIS
   @DF-RKS iter   8:  -385.89026128373627   -4.94584e-08   8.22179e-07 DIIS
   @DF-RKS iter   9:  -385.89026129155826   -7.82200e-09   4.29350e-07 DIIS
   @DF-RKS iter  10:  -385.89026129453123   -2.97297e-09   1.00173e-07 DIIS
   @DF-RKS iter  11:  -385.89026129466561   -1.34378e-10   3.38106e-08 DIIS
   @DF-RKS iter  12:  -385.89026129468243   -1.68257e-11   2.98839e-09 DIIS
  Energy and wave function converged.


  ==> Post-Iterations <==

   Electrons on quadrature grid:
      Ntotal   =   68.0000014270 ; deviation = 1.427e-06 

    Orbital Energies [Eh]
    ---------------------

    Doubly Occupied:                                                      

       1A    -10.195564     2A    -10.195147     3A    -10.194498  
       4A    -10.194120     5A    -10.190709     6A    -10.190706  
       7A    -10.186914     8A    -10.186909     9A    -10.184425  
      10A    -10.183856    11A     -0.869200    12A     -0.815903  
      13A     -0.769138    14A     -0.736445    15A     -0.714954  
      16A     -0.622155    17A     -0.607348    18A     -0.592222  
      19A     -0.510929    20A     -0.508122    21A     -0.489682  
      22A     -0.445834    23A     -0.436156    24A     -0.414669  
      25A     -0.411681    26A     -0.398031    27A     -0.385707  
      28A     -0.366555    29A     -0.335436    30A     -0.327896  
      31A     -0.323029    32A     -0.281198    33A     -0.240206  
      34A     -0.212680  

    Virtual:                                                              

      35A     -0.035282    36A     -0.005519    37A      0.035909  
      38A      0.094796    39A      0.103038    40A      0.112897  
      41A      0.121642    42A      0.165995    43A      0.166519  
      44A      0.174179    45A      0.182572    46A      0.204351  
      47A      0.206551    48A      0.246783    49A      0.283515  
      50A      0.304365    51A      0.315599    52A      0.322628  
      53A      0.332679    54A      0.361801    55A      0.471876  
      56A      0.492654    57A      0.513745    58A      0.519425  
      59A      0.526785    60A      0.528201    61A      0.548136  
      62A      0.563142    63A      0.570838    64A      0.584026  
      65A      0.591805    66A      0.611518    67A      0.612022  
      68A      0.615088    69A      0.615280    70A      0.618949  
      71A      0.626811    72A      0.629657    73A      0.640057  
      74A      0.674015    75A      0.690757    76A      0.693006  
      77A      0.757480    78A      0.824920    79A      0.827523  
      80A      0.835580    81A      0.836436    82A      0.840302  
      83A      0.853865    84A      0.856617    85A      0.895607  
      86A      0.904690    87A      0.922755    88A      0.945520  
      89A      0.946718    90A      0.986998    91A      1.001352  
      92A      1.052369    93A      1.057230    94A      1.069139  
      95A      1.088267    96A      1.154549    97A      1.195294  
      98A      1.197398    99A      1.244229   100A      1.257311  
     101A      1.278883   102A      1.314924   103A      1.391895  
     104A      1.413892   105A      1.442203   106A      1.458330  
     107A      1.463173   108A      1.489415   109A      1.489925  
     110A      1.494028   111A      1.502135   112A      1.511770  
     113A      1.532044   114A      1.724263   115A      1.762990  
     116A      1.784786   117A      1.857754   118A      1.891171  
     119A      1.893929   120A      1.913833   121A      1.930784  
     122A      1.946265   123A      1.951246   124A      1.953770  
     125A      1.995483   126A      2.026955   127A      2.047921  
     128A      2.119303   129A      2.157224   130A      2.159811  
     131A      2.191048   132A      2.202992   133A      2.211628  
     134A      2.283272   135A      2.284483   136A      2.302458  
     137A      2.328877   138A      2.338960   139A      2.379447  
     140A      2.418423   141A      2.607734   142A      2.613893  
     143A      2.614289   144A      2.617880   145A      2.641444  
     146A      2.680923   147A      2.720622   148A      2.751670  
     149A      2.781290   150A      2.835034   151A      2.857019  
     152A      2.878931   153A      2.943217   154A      3.097709  
     155A      3.346867   156A      3.480860   157A      4.071845  
     158A      4.100672   159A      4.118587   160A      4.122973  
     161A      4.150865   162A      4.262151   163A      4.350009  
     164A      4.400325   165A      4.516473   166A      4.800796  

    Final Occupation by Irrep:
              A 
    DOCC [    34 ]
    NA   [    34 ]
    NB   [    34 ]

  @DF-RKS Final Energy:  -385.89026129468243

   => Energetics <=

    Nuclear Repulsion Energy =            457.2103280749136047
    One-Electron Energy =               -1425.4646145250760583
    Two-Electron Energy =                 628.6711342661726576
    DFT Exchange-Correlation Energy =     -46.3071091106926573
    Empirical Dispersion Energy =           0.0000000000000000
    VV10 Nonlocal Energy =                  0.0000000000000000
    Total Energy =                       -385.8902612946824320

Computation Completed


Properties will be evaluated at   0.000000,   0.000000,   0.000000 [a0]

Properties computed using the SCF density matrix


 Multipole Moments:

 ------------------------------------------------------------------------------------
     Multipole            Electronic (a.u.)      Nuclear  (a.u.)        Total (a.u.)
 ------------------------------------------------------------------------------------

 L = 1.  Multiply by 2.5417464519 to convert [e a0] to [Debye]
 Dipole X            :         -0.1049237            0.1278587            0.0229349
 Dipole Y            :         -0.0128102            0.0156075            0.0027973
 Dipole Z            :         -0.0124592            0.0151698            0.0027106
 Magnitude           :                                                    0.0232633

 ------------------------------------------------------------------------------------

*** tstop() called on Asus18 at Tue Sep 15 16:29:22 2026
Module time:
	user time   =        nan seconds =        nan minutes
	system time =        nan seconds =        nan minutes
	total time  =         15 seconds =       0.25 minutes
Total time:
	user time   =        nan seconds =        nan minutes
	system time =        nan seconds =        nan minutes
	total time  =        176 seconds =       2.93 minutes

Scratch directory: C:\Users\thebr\AppData\Local\Temp/
   => Libint2 <=

    Primary   basis highest AM E, G, H:  7, 6, -
    Auxiliary basis highest AM E, G, H:  7, 7, -
    Onebody   basis highest AM E, G, H:  -, -, -
    Solid Harmonics ordering:            Gaussian

*** tstart() called on Asus18
*** at Tue Sep 15 16:29:22 2026

   => Loading Basis Set <=

    Name: 6-31G*
    Role: ORBITAL
    Keyword: BASIS
    atoms 1-10  entry C          line   111 file C:\Users\thebr\.conda\envs\qc\Library\share\psi4\basis\6-31gs.gbs 
    atoms 11-18 entry H          line    44 file C:\Users\thebr\.conda\envs\qc\Library\share\psi4\basis\6-31gs.gbs 


         ---------------------------------------------------------
                                   SCF
               by Justin Turney, Rob Parrish, Andy Simmonett
                          and Daniel G. A. Smith
                              RKS Reference
                        8 Threads,   -562 MiB Core
         ---------------------------------------------------------

  ==> Geometry <==

    Molecular point group: c1
    Full point group: C1

    Geometry (in Bohr), charge = 0, multiplicity = 1:

       Center              X                  Y                   Z               Mass       
    ------------   -----------------  -----------------  -----------------  -----------------
         C            4.373007233055     1.903509933480     0.682289647948    12.000000000000
         C            4.734973899124    -0.791790568822     0.406242058179    12.000000000000
         C            2.662589034931    -2.346109767277     0.006837257199    12.000000000000
         C            0.166565534379    -1.337463901422    -0.138337781707    12.000000000000
         C           -1.978700822098    -2.882726373181    -0.544303194641    12.000000000000
         C           -4.338724951089    -1.843233880285    -0.671644708070    12.000000000000
         C           -4.685865840074     0.741700000567    -0.406923486687    12.000000000000
         C           -2.676669853695     2.314522832783    -0.012050175555    12.000000000000
         C           -0.192241205224     1.334333678225     0.135265364009    12.000000000000
         C            1.956712881140     2.909900413850     0.545193504642    12.000000000000
         H            5.974292924203     3.155139348097     0.996707148121     1.007825032230
         H            6.615379388558    -1.618392302091     0.507899969711     1.007825032230
         H            2.872522787070    -4.381970837234    -0.208177386511     1.007825032230
         H           -1.759106584312    -4.914361075052    -0.758046385595     1.007825032230
         H           -5.987985718351    -3.022899593724    -0.982739958219     1.007825032230
         H           -6.593693400835     1.487168415058    -0.520800222930     1.007825032230
         H           -3.001096410594     4.333367499888     0.189103811815     1.007825032230
         H            1.621953209032     4.930492015505     0.745492734694     1.007825032230

  Running in c1 symmetry.

  Rotational constants: A =      0.10399  B =      0.04103  C =      0.02942 [cm^-1]
  Rotational constants: A =   3117.45289  B =   1229.97591  C =    881.99074 [MHz]
  Nuclear repulsion =  457.214224605967729

  Charge       = 0
  Multiplicity = 1
  Electrons    = 68
  Nalpha       = 34
  Nbeta        = 34

  ==> Algorithm <==

  SCF Algorithm Type is DF.
  DIIS enabled.
  MOM disabled.
  Fractional occupation disabled.
  Guess Type is SAD.
  Energy threshold   = 1.00e-10
  Density threshold  = 1.00e-08
  Integral threshold = 1.00e-12

  ==> Primary Basis <==

  Basis Set: 6-31G*
    Blend: 6-31G*
    Number of shells: 76
    Number of basis functions: 166
    Number of Cartesian functions: 166
    Spherical Harmonics?: false
    Max angular momentum: 2

  ==> DFT Potential <==

   => LibXC <=

    Version 7.1.2
    S. Lehtola, C. Steigemann, M. J. T. Oliveira, and M. A. L. Marques,  SoftwareX 7, 1–5 (2018) (10.1016/j.softx.2017.11.002)

   => Composite Functional: B3LYP <= 

    B3LYP Hyb-GGA Exchange-Correlation Functional

    P. J. Stephens, F. J. Devlin, C. F. Chabalowski, and M. J. Frisch,  J. Phys. Chem. 98, 11623 (1994) (10.1021/j100096a001)

    Deriv               =              1
    GGA                 =           TRUE
    Meta                =          FALSE

    Exchange Hybrid     =           TRUE
    MP2 Hybrid          =          FALSE

   => Exchange Functionals <=

    0.0800   Slater exchange
    0.7200         Becke 88

   => Exact (HF) Exchange <=

    0.2000               HF 

   => Correlation Functionals <=

    0.1900   Vosko, Wilk & Nusair (VWN5_RPA)
    0.8100   Lee, Yang & Parr

   => LibXC Density Thresholds  <==

    XC_HYB_GGA_XC_B3LYP:  1.00E-15 

   => Molecular Quadrature <=

    Radial Scheme          =       TREUTLER
    Pruning Scheme         =           NONE
    Nuclear Scheme         =       TREUTLER

    Blocking Scheme        =         OCTREE
    BS radius alpha        =              1
    Pruning alpha          =              1
    Radial Points          =             99
    Spherical Points       =            590
    Total Points           =         959999
    Total Blocks           =           6578
    Max Points             =            256
    Max Functions          =            160
    Weights Tolerance      =       1.00E-15

   => Loading Basis Set <=

    Name: (6-31G* AUX)
    Role: JKFIT
    Keyword: DF_BASIS_SCF
    atoms 1-10  entry C          line   121 file C:\Users\thebr\.conda\envs\qc\Library\share\psi4\basis\cc-pvdz-jkfit.gbs 
    atoms 11-18 entry H          line    51 file C:\Users\thebr\.conda\envs\qc\Library\share\psi4\basis\cc-pvdz-jkfit.gbs 

  ==> Integral Setup <==

  DFHelper Memory: AOs need 0.213 GiB; user supplied 2.424 GiB. 
  SCF_SUBTYPE=INCORE selected. In-core MEM_DF algorithm will be used.
  Using in-core AOs.

  ==> MemDFJK: Density-Fitted J/K Matrices <==

    J tasked:                   Yes
    K tasked:                   Yes
    wK tasked:                   No
    OpenMP threads:               8
    Memory [MiB]:              2482
    Algorithm:                 Core
    Schwarz Cutoff:           1E-12
    Mask sparsity (%):       4.7322
    Fitting Condition:        1E-10

   => Auxiliary Basis Set <=

  Basis Set: (6-31G* AUX)
    Blend: CC-PVDZ-JKFIT
    Number of shells: 312
    Number of basis functions: 1010
    Number of Cartesian functions: 1010
    Spherical Harmonics?: false
    Max angular momentum: 3

  Cached 100.0% of DFT collocation blocks in 3.164 [GiB].

  Minimum eigenvalue in the overlap matrix is 3.0778873555E-04.
  Reciprocal condition number of the overlap matrix is 3.8974401910E-05.
    Using symmetric orthogonalization.

  ==> Pre-Iterations <==

  SCF Guess: Superposition of Atomic Densities via on-the-fly atomic UHF (no occupation information).

   -------------------------
    Irrep   Nso     Nmo    
   -------------------------
     A        166     166 
   -------------------------
    Total     166     166
   -------------------------

  ==> Iterations <==

                           Total Energy        Delta E     RMS |[F,P]|

   @DF-RKS iter SAD:  -385.34583695171119   -3.85346e+02   0.00000e+00 
   @DF-RKS iter   1:  -385.42908676779865   -8.32498e-02   5.37081e-03 ADIIS/DIIS
   @DF-RKS iter   2:  -385.41327573134390    1.58110e-02   5.58151e-03 ADIIS/DIIS
   @DF-RKS iter   3:  -385.88327308245732   -4.69997e-01   6.90158e-04 ADIIS/DIIS
   @DF-RKS iter   4:  -385.88763389227614   -4.36081e-03   4.15421e-04 ADIIS/DIIS
   @DF-RKS iter   5:  -385.89010509434098   -2.47120e-03   1.01994e-04 ADIIS/DIIS
   @DF-RKS iter   6:  -385.89023099508501   -1.25901e-04   4.65727e-05 DIIS
   @DF-RKS iter   7:  -385.89026082648707   -2.98314e-05   1.92246e-06 DIIS
   @DF-RKS iter   8:  -385.89026087594533   -4.94583e-08   8.22664e-07 DIIS
   @DF-RKS iter   9:  -385.89026088377949   -7.83416e-09   4.29413e-07 DIIS
   @DF-RKS iter  10:  -385.89026088675382   -2.97433e-09   1.00182e-07 DIIS
   @DF-RKS iter  11:  -385.89026088688831   -1.34492e-10   3.38079e-08 DIIS
   @DF-RKS iter  12:  -385.89026088690406   -1.57456e-11   2.97850e-09 DIIS
  Energy and wave function converged.


  ==> Post-Iterations <==

   Electrons on quadrature grid:
      Ntotal   =   68.0000014259 ; deviation = 1.426e-06 

    Orbital Energies [Eh]
    ---------------------

    Doubly Occupied:                                                      

       1A    -10.195562     2A    -10.195146     3A    -10.194491  
       4A    -10.194113     5A    -10.190707     6A    -10.190702  
       7A    -10.186910     8A    -10.186907     9A    -10.184418  
      10A    -10.183848    11A     -0.869207    12A     -0.815913  
      13A     -0.769138    14A     -0.736453    15A     -0.714955  
      16A     -0.622162    17A     -0.607348    18A     -0.592222  
      19A     -0.510936    20A     -0.508118    21A     -0.489684  
      22A     -0.445831    23A     -0.436162    24A     -0.414669  
      25A     -0.411683    26A     -0.398024    27A     -0.385711  
      28A     -0.366558    29A     -0.335433    30A     -0.327897  
      31A     -0.323036    32A     -0.281199    33A     -0.240211  
      34A     -0.212677  

    Virtual:                                                              

      35A     -0.035283    36A     -0.005512    37A      0.035912  
      38A      0.094796    39A      0.103048    40A      0.112892  
      41A      0.121647    42A      0.166001    43A      0.166518  
      44A      0.174184    45A      0.182569    46A      0.204359  
      47A      0.206553    48A      0.246792    49A      0.283517  
      50A      0.304375    51A      0.315618    52A      0.322632  
      53A      0.332682    54A      0.361809    55A      0.471878  
      56A      0.492672    57A      0.513743    58A      0.519434  
      59A      0.526797    60A      0.528207    61A      0.548133  
      62A      0.563140    63A      0.570838    64A      0.584043  
      65A      0.591810    66A      0.611516    67A      0.612028  
      68A      0.615109    69A      0.615280    70A      0.618947  
      71A      0.626812    72A      0.629656    73A      0.640070  
      74A      0.674019    75A      0.690757    76A      0.693007  
      77A      0.757484    78A      0.824925    79A      0.827522  
      80A      0.835582    81A      0.836436    82A      0.840306  
      83A      0.853857    84A      0.856612    85A      0.895599  
      86A      0.904681    87A      0.922770    88A      0.945525  
      89A      0.946732    90A      0.987015    91A      1.001357  
      92A      1.052367    93A      1.057242    94A      1.069151  
      95A      1.088275    96A      1.154567    97A      1.195306  
      98A      1.197401    99A      1.244229   100A      1.257308  
     101A      1.278890   102A      1.314914   103A      1.391895  
     104A      1.413886   105A      1.442222   106A      1.458327  
     107A      1.463181   108A      1.489423   109A      1.489926  
     110A      1.494037   111A      1.502139   112A      1.511780  
     113A      1.532040   114A      1.724262   115A      1.763013  
     116A      1.784804   117A      1.857762   118A      1.891193  
     119A      1.893935   120A      1.913847   121A      1.930794  
     122A      1.946273   123A      1.951263   124A      1.953762  
     125A      1.995482   126A      2.026990   127A      2.047930  
     128A      2.119333   129A      2.157248   130A      2.159836  
     131A      2.191081   132A      2.202992   133A      2.211644  
     134A      2.283292   135A      2.284521   136A      2.302480  
     137A      2.328881   138A      2.338973   139A      2.379468  
     140A      2.418428   141A      2.607742   142A      2.613928  
     143A      2.614310   144A      2.617880   145A      2.641473  
     146A      2.680954   147A      2.720645   148A      2.751683  
     149A      2.781316   150A      2.835051   151A      2.857038  
     152A      2.878964   153A      2.943248   154A      3.097736  
     155A      3.346913   156A      3.480906   157A      4.071866  
     158A      4.100688   159A      4.118586   160A      4.122984  
     161A      4.150862   162A      4.262158   163A      4.350013  
     164A      4.400330   165A      4.516487   166A      4.800814  

    Final Occupation by Irrep:
              A 
    DOCC [    34 ]
    NA   [    34 ]
    NB   [    34 ]

  @DF-RKS Final Energy:  -385.89026088690406

   => Energetics <=

    Nuclear Repulsion Energy =            457.2142246059677291
    One-Electron Energy =               -1425.4723445347010511
    Two-Electron Energy =                 628.6750424573917826
    DFT Exchange-Correlation Energy =     -46.3071834155625055
    Empirical Dispersion Energy =           0.0000000000000000
    VV10 Nonlocal Energy =                  0.0000000000000000
    Total Energy =                       -385.8902608869040591

Computation Completed


Properties will be evaluated at   0.000000,   0.000000,   0.000000 [a0]

Properties computed using the SCF density matrix


 Multipole Moments:

 ------------------------------------------------------------------------------------
     Multipole            Electronic (a.u.)      Nuclear  (a.u.)        Total (a.u.)
 ------------------------------------------------------------------------------------

 L = 1.  Multiply by 2.5417464519 to convert [e a0] to [Debye]
 Dipole X            :          0.1049253           -0.1278583           -0.0229331
 Dipole Y            :          0.0128059           -0.0156023           -0.0027964
 Dipole Z            :          0.0124370           -0.0151494           -0.0027123
 Magnitude           :                                                    0.0232616

 ------------------------------------------------------------------------------------

*** tstop() called on Asus18 at Tue Sep 15 16:29:36 2026
Module time:
	user time   =        nan seconds =        nan minutes
	system time =        nan seconds =        nan minutes
	total time  =         14 seconds =       0.23 minutes
Total time:
	user time   =        nan seconds =        nan minutes
	system time =        nan seconds =        nan minutes
	total time  =        190 seconds =       3.17 minutes

Scratch directory: C:\Users\thebr\AppData\Local\Temp/
   => Libint2 <=

    Primary   basis highest AM E, G, H:  7, 6, -
    Auxiliary basis highest AM E, G, H:  7, 7, -
    Onebody   basis highest AM E, G, H:  -, -, -
    Solid Harmonics ordering:            Gaussian

*** tstart() called on Asus18
*** at Tue Sep 15 16:29:36 2026

   => Loading Basis Set <=

    Name: 6-31G*
    Role: ORBITAL
    Keyword: BASIS
    atoms 1-10  entry C          line   111 file C:\Users\thebr\.conda\envs\qc\Library\share\psi4\basis\6-31gs.gbs 
    atoms 11-18 entry H          line    44 file C:\Users\thebr\.conda\envs\qc\Library\share\psi4\basis\6-31gs.gbs 


         ---------------------------------------------------------
                                   SCF
               by Justin Turney, Rob Parrish, Andy Simmonett
                          and Daniel G. A. Smith
                              RKS Reference
                        8 Threads,   -562 MiB Core
         ---------------------------------------------------------

  ==> Geometry <==

    Molecular point group: c1
    Full point group: C1

    Geometry (in Bohr), charge = 0, multiplicity = 1:

       Center              X                  Y                   Z               Mass       
    ------------   -----------------  -----------------  -----------------  -----------------
         C            4.347309815100     1.858329748773     0.674287662794    12.000000000000
         C            4.698175090659    -0.754270289142     0.406740035335    12.000000000000
         C            2.673156408096    -2.322426371049     0.010751926745    12.000000000000
         C            0.185828961559    -1.335114863745    -0.136054874743    12.000000000000
         C           -1.962209055753    -2.903158134625    -0.544948592458    12.000000000000
         C           -4.364449391229    -1.888466578582    -0.679623867007    12.000000000000
         C           -4.722730864406     0.779312874400    -0.406385095281    12.000000000000
         C           -2.666111289503     2.338225852506    -0.008195768589    12.000000000000
         C           -0.172990970430     1.336681971580     0.137590842814    12.000000000000
         C            1.973198387736     2.889565388815     0.544556541804    12.000000000000
         H            5.984597212780     3.055942640230     0.986279359633     1.007825032230
         H            6.599127924107    -1.520045968271     0.517632983500     1.007825032230
         H            2.968869486794    -4.345513852262    -0.194022539378     1.007825032230
         H           -1.656125416217    -4.926500925012    -0.748572128195     1.007825032230
         H           -5.977745034542    -3.122056820524    -0.993314991178     1.007825032230
         H           -6.609977492629     1.585649339464    -0.511122667614     1.007825032230
         H           -2.904580345330     4.369821080469     0.203513094945     1.007825032230
         H            1.724700520599     4.918431987795     0.754884007018     1.007825032230

  Running in c1 symmetry.

  Rotational constants: A =      0.10399  B =      0.04103  C =      0.02942 [cm^-1]
  Rotational constants: A =   3117.65199  B =   1229.99834  C =    882.01821 [MHz]
  Nuclear repulsion =  457.201436977474202

  Charge       = 0
  Multiplicity = 1
  Electrons    = 68
  Nalpha       = 34
  Nbeta        = 34

  ==> Algorithm <==

  SCF Algorithm Type is DF.
  DIIS enabled.
  MOM disabled.
  Fractional occupation disabled.
  Guess Type is SAD.
  Energy threshold   = 1.00e-10
  Density threshold  = 1.00e-08
  Integral threshold = 1.00e-12

  ==> Primary Basis <==

  Basis Set: 6-31G*
    Blend: 6-31G*
    Number of shells: 76
    Number of basis functions: 166
    Number of Cartesian functions: 166
    Spherical Harmonics?: false
    Max angular momentum: 2

  ==> DFT Potential <==

   => LibXC <=

    Version 7.1.2
    S. Lehtola, C. Steigemann, M. J. T. Oliveira, and M. A. L. Marques,  SoftwareX 7, 1–5 (2018) (10.1016/j.softx.2017.11.002)

   => Composite Functional: BHANDHLYP <= 

    BHandHLYP Hyb-GGA Exchange-Correlation Functional

    A. D. Becke,  J. Chem. Phys. 98, 1372 (1993) (10.1063/1.464304)
    Defined through Gaussian implementation.

    Deriv               =              1
    GGA                 =           TRUE
    Meta                =          FALSE

    Exchange Hybrid     =           TRUE
    MP2 Hybrid          =          FALSE

   => Exchange Functionals <=

    0.5000         Becke 88

   => Exact (HF) Exchange <=

    0.5000               HF 

   => Correlation Functionals <=

    1.0000   Lee, Yang & Parr

   => LibXC Density Thresholds  <==

    XC_HYB_GGA_XC_BHANDHLYP:  1.00E-15 

   => Molecular Quadrature <=

    Radial Scheme          =       TREUTLER
    Pruning Scheme         =           NONE
    Nuclear Scheme         =       TREUTLER

    Blocking Scheme        =         OCTREE
    BS radius alpha        =              1
    Pruning alpha          =              1
    Radial Points          =             99
    Spherical Points       =            590
    Total Points           =         959969
    Total Blocks           =           6586
    Max Points             =            256
    Max Functions          =            160
    Weights Tolerance      =       1.00E-15

   => Loading Basis Set <=

    Name: (6-31G* AUX)
    Role: JKFIT
    Keyword: DF_BASIS_SCF
    atoms 1-10  entry C          line   121 file C:\Users\thebr\.conda\envs\qc\Library\share\psi4\basis\cc-pvdz-jkfit.gbs 
    atoms 11-18 entry H          line    51 file C:\Users\thebr\.conda\envs\qc\Library\share\psi4\basis\cc-pvdz-jkfit.gbs 

  ==> Integral Setup <==

  DFHelper Memory: AOs need 0.213 GiB; user supplied 2.424 GiB. 
  SCF_SUBTYPE=INCORE selected. In-core MEM_DF algorithm will be used.
  Using in-core AOs.

  ==> MemDFJK: Density-Fitted J/K Matrices <==

    J tasked:                   Yes
    K tasked:                   Yes
    wK tasked:                   No
    OpenMP threads:               8
    Memory [MiB]:              2482
    Algorithm:                 Core
    Schwarz Cutoff:           1E-12
    Mask sparsity (%):       4.7394
    Fitting Condition:        1E-10

   => Auxiliary Basis Set <=

  Basis Set: (6-31G* AUX)
    Blend: CC-PVDZ-JKFIT
    Number of shells: 312
    Number of basis functions: 1010
    Number of Cartesian functions: 1010
    Spherical Harmonics?: false
    Max angular momentum: 3

  Cached 100.0% of DFT collocation blocks in 3.164 [GiB].

  Minimum eigenvalue in the overlap matrix is 3.0910284400E-04.
  Reciprocal condition number of the overlap matrix is 3.9180781871E-05.
    Using symmetric orthogonalization.

  ==> Pre-Iterations <==

  SCF Guess: Superposition of Atomic Densities via on-the-fly atomic UHF (no occupation information).

   -------------------------
    Irrep   Nso     Nmo    
   -------------------------
     A        166     166 
   -------------------------
    Total     166     166
   -------------------------

  ==> Iterations <==

                           Total Energy        Delta E     RMS |[F,P]|

   @DF-RKS iter SAD:  -384.99084290804922   -3.84991e+02   0.00000e+00 
   @DF-RKS iter   1:  -385.39554263246850   -4.04700e-01   3.95460e-03 ADIIS/DIIS
   @DF-RKS iter   2:  -385.52990140184784   -1.34359e-01   2.85003e-03 ADIIS/DIIS
   @DF-RKS iter   3:  -385.64842497427082   -1.18524e-01   3.02482e-04 ADIIS/DIIS
   @DF-RKS iter   4:  -385.64927305510827   -8.48081e-04   1.78729e-04 ADIIS/DIIS
   @DF-RKS iter   5:  -385.64971831036513   -4.45255e-04   4.24156e-05 DIIS
   @DF-RKS iter   6:  -385.64974237266290   -2.40623e-05   1.53499e-05 DIIS
   @DF-RKS iter   7:  -385.64974570383714   -3.33117e-06   1.26707e-06 DIIS
   @DF-RKS iter   8:  -385.64974578106592   -7.72288e-08   5.33409e-07 DIIS
   @DF-RKS iter   9:  -385.64974578806050   -6.99458e-09   3.39348e-07 DIIS
   @DF-RKS iter  10:  -385.64974579082349   -2.76299e-09   4.93361e-08 DIIS
   @DF-RKS iter  11:  -385.64974579091393   -9.04379e-11   1.18944e-08 DIIS
   @DF-RKS iter  12:  -385.64974579091563   -1.70530e-12   7.05927e-09 DIIS
  Energy and wave function converged.


  ==> Post-Iterations <==

   Electrons on quadrature grid:
      Ntotal   =   68.0000015553 ; deviation = 1.555e-06 

    Orbital Energies [Eh]
    ---------------------

    Doubly Occupied:                                                      

       1A    -10.602935     2A    -10.602303     3A    -10.598987  
       4A    -10.598387     5A    -10.596668     6A    -10.596645  
       7A    -10.594828     8A    -10.594783     9A    -10.593377  
      10A    -10.592684    11A     -0.989635    12A     -0.931785  
      13A     -0.880533    14A     -0.844328    15A     -0.820776  
      16A     -0.715150    17A     -0.699185    18A     -0.680337  
      19A     -0.588850    20A     -0.587487    21A     -0.566022  
      22A     -0.518596    23A     -0.507478    24A     -0.483732  
      25A     -0.482104    26A     -0.466407    27A     -0.446431  
      28A     -0.431489    29A     -0.398621    30A     -0.389185  
      31A     -0.375636    32A     -0.326316    33A     -0.275413  
      34A     -0.246503  

    Virtual:                                                              

      35A      0.006586    36A      0.037608    37A      0.087162  
      38A      0.141170    39A      0.160149    40A      0.165079  
      41A      0.168186    42A      0.212976    43A      0.216222  
      44A      0.222642    45A      0.233801    46A      0.256211  
      47A      0.276876    48A      0.302186    49A      0.342851  
      50A      0.366730    51A      0.372557    52A      0.380304  
      53A      0.390015    54A      0.422294    55A      0.535882  
      56A      0.573442    57A      0.589620    58A      0.592118  
      59A      0.595427    60A      0.605595    61A      0.623966  
      62A      0.624907    63A      0.648304    64A      0.660252  
      65A      0.661779    66A      0.685266    67A      0.691870  
      68A      0.692627    69A      0.695475    70A      0.697256  
      71A      0.705148    72A      0.705249    73A      0.716146  
      74A      0.756582    75A      0.772726    76A      0.774035  
      77A      0.839975    78A      0.917297    79A      0.918230  
      80A      0.920334    81A      0.928384    82A      0.930732  
      83A      0.947527    84A      0.947902    85A      0.983387  
      86A      0.988302    87A      1.016368    88A      1.026702  
      89A      1.030544    90A      1.072806    91A      1.085130  
      92A      1.128968    93A      1.133513    94A      1.146862  
      95A      1.173415    96A      1.236991    97A      1.282294  
      98A      1.286517    99A      1.332137   100A      1.345397  
     101A      1.364498   102A      1.400996   103A      1.485436  
     104A      1.507894   105A      1.532221   106A      1.550005  
     107A      1.552972   108A      1.581020   109A      1.587213  
     110A      1.591816   111A      1.598626   112A      1.608459  
     113A      1.622117   114A      1.825271   115A      1.872160  
     116A      1.884155   117A      1.960920   118A      1.992319  
     119A      2.004400   120A      2.005122   121A      2.040921  
     122A      2.058017   123A      2.060496   124A      2.066122  
     125A      2.102862   126A      2.143019   127A      2.163358  
     128A      2.234380   129A      2.261208   130A      2.272975  
     131A      2.308508   132A      2.315606   133A      2.321467  
     134A      2.393241   135A      2.396721   136A      2.415499  
     137A      2.445530   138A      2.453514   139A      2.495334  
     140A      2.533920   141A      2.731693   142A      2.733054  
     143A      2.738214   144A      2.740205   145A      2.763208  
     146A      2.797090   147A      2.839476   148A      2.872380  
     149A      2.904689   150A      2.961896   151A      2.978212  
     152A      3.007576   153A      3.070575   154A      3.223750  
     155A      3.484928   156A      3.612225   157A      4.226953  
     158A      4.245160   159A      4.266911   160A      4.269952  
     161A      4.298903   162A      4.410145   163A      4.498787  
     164A      4.548887   165A      4.666103   166A      4.951664  

    Final Occupation by Irrep:
              A 
    DOCC [    34 ]
    NA   [    34 ]
    NB   [    34 ]

  @DF-RKS Final Energy:  -385.64974579091563

   => Energetics <=

    Nuclear Repulsion Energy =            457.2014369774742022
    One-Electron Energy =               -1425.0999351591751747
    Two-Electron Energy =                 611.9126659917990310
    DFT Exchange-Correlation Energy =     -29.6639136010137676
    Empirical Dispersion Energy =           0.0000000000000000
    VV10 Nonlocal Energy =                  0.0000000000000000
    Total Energy =                       -385.6497457909156310

Computation Completed


Properties will be evaluated at   0.000000,   0.000000,   0.000000 [a0]

Properties computed using the SCF density matrix


 Multipole Moments:

 ------------------------------------------------------------------------------------
     Multipole            Electronic (a.u.)      Nuclear  (a.u.)        Total (a.u.)
 ------------------------------------------------------------------------------------

 L = 1.  Multiply by 2.5417464519 to convert [e a0] to [Debye]
 Dipole X            :         -0.0530382            0.0639294            0.0108912
 Dipole Y            :         -0.0064770            0.0078051            0.0013280
 Dipole Z            :         -0.0063049            0.0075900            0.0012850
 Magnitude           :                                                    0.0110468

 ------------------------------------------------------------------------------------

*** tstop() called on Asus18 at Tue Sep 15 16:29:50 2026
Module time:
	user time   =        nan seconds =        nan minutes
	system time =        nan seconds =        nan minutes
	total time  =         14 seconds =       0.23 minutes
Total time:
	user time   =        nan seconds =        nan minutes
	system time =        nan seconds =        nan minutes
	total time  =        204 seconds =       3.40 minutes

Scratch directory: C:\Users\thebr\AppData\Local\Temp/
   => Libint2 <=

    Primary   basis highest AM E, G, H:  7, 6, -
    Auxiliary basis highest AM E, G, H:  7, 7, -
    Onebody   basis highest AM E, G, H:  -, -, -
    Solid Harmonics ordering:            Gaussian

*** tstart() called on Asus18
*** at Tue Sep 15 16:29:50 2026

   => Loading Basis Set <=

    Name: 6-31G*
    Role: ORBITAL
    Keyword: BASIS
    atoms 1-10  entry C          line   111 file C:\Users\thebr\.conda\envs\qc\Library\share\psi4\basis\6-31gs.gbs 
    atoms 11-18 entry H          line    44 file C:\Users\thebr\.conda\envs\qc\Library\share\psi4\basis\6-31gs.gbs 


         ---------------------------------------------------------
                                   SCF
               by Justin Turney, Rob Parrish, Andy Simmonett
                          and Daniel G. A. Smith
                              RKS Reference
                        8 Threads,   -562 MiB Core
         ---------------------------------------------------------

  ==> Geometry <==

    Molecular point group: c1
    Full point group: C1

    Geometry (in Bohr), charge = 0, multiplicity = 1:

       Center              X                  Y                   Z               Mass       
    ------------   -----------------  -----------------  -----------------  -----------------
         C            4.364441427070     1.888449871911     0.679622319563    12.000000000000
         C            4.722707629636    -0.779283808929     0.406408050564    12.000000000000
         C            2.666111492653    -2.338215301868     0.008142147048    12.000000000000
         C            0.172986676772    -1.336680888863    -0.137576812719    12.000000000000
         C           -1.973203566650    -2.889536960329    -0.544518327247    12.000000000000
         C           -4.347299764469    -1.858311446384    -0.674304427715    12.000000000000
         C           -4.698154181518     0.754237625178    -0.406744022885    12.000000000000
         C           -2.673150332298     2.322423839357    -0.010765373233    12.000000000000
         C           -0.185824460293     1.335116442677     0.136040523611    12.000000000000
         C            1.962208050005     2.903122072172     0.544981183696    12.000000000000
         H            5.977727687062     3.122073778808     0.993231218625     1.007825032230
         H            6.609962233741    -1.585610190818     0.511144307641     1.007825032230
         H            2.904638353645    -4.369818508910    -0.203459104133     1.007825032230
         H           -1.724779528280    -4.918407691706    -0.754888299795     1.007825032230
         H           -5.984572157082    -3.055952002657    -0.986264969206     1.007825032230
         H           -6.599121431433     1.519995389860    -0.517574371158     1.007825032230
         H           -2.968924388839     4.345518693415     0.193906906192     1.007825032230
         H            1.656202312887     4.926472006268     0.748623158802     1.007825032230

  Running in c1 symmetry.

  Rotational constants: A =      0.10400  B =      0.04103  C =      0.02942 [cm^-1]
  Rotational constants: A =   3117.70052  B =   1230.00346  C =    882.02473 [MHz]
  Nuclear repulsion =  457.203384717840777

  Charge       = 0
  Multiplicity = 1
  Electrons    = 68
  Nalpha       = 34
  Nbeta        = 34

  ==> Algorithm <==

  SCF Algorithm Type is DF.
  DIIS enabled.
  MOM disabled.
  Fractional occupation disabled.
  Guess Type is SAD.
  Energy threshold   = 1.00e-10
  Density threshold  = 1.00e-08
  Integral threshold = 1.00e-12

  ==> Primary Basis <==

  Basis Set: 6-31G*
    Blend: 6-31G*
    Number of shells: 76
    Number of basis functions: 166
    Number of Cartesian functions: 166
    Spherical Harmonics?: false
    Max angular momentum: 2

  ==> DFT Potential <==

   => LibXC <=

    Version 7.1.2
    S. Lehtola, C. Steigemann, M. J. T. Oliveira, and M. A. L. Marques,  SoftwareX 7, 1–5 (2018) (10.1016/j.softx.2017.11.002)

   => Composite Functional: BHANDHLYP <= 

    BHandHLYP Hyb-GGA Exchange-Correlation Functional

    A. D. Becke,  J. Chem. Phys. 98, 1372 (1993) (10.1063/1.464304)
    Defined through Gaussian implementation.

    Deriv               =              1
    GGA                 =           TRUE
    Meta                =          FALSE

    Exchange Hybrid     =           TRUE
    MP2 Hybrid          =          FALSE

   => Exchange Functionals <=

    0.5000         Becke 88

   => Exact (HF) Exchange <=

    0.5000               HF 

   => Correlation Functionals <=

    1.0000   Lee, Yang & Parr

   => LibXC Density Thresholds  <==

    XC_HYB_GGA_XC_BHANDHLYP:  1.00E-15 

   => Molecular Quadrature <=

    Radial Scheme          =       TREUTLER
    Pruning Scheme         =           NONE
    Nuclear Scheme         =       TREUTLER

    Blocking Scheme        =         OCTREE
    BS radius alpha        =              1
    Pruning alpha          =              1
    Radial Points          =             99
    Spherical Points       =            590
    Total Points           =         959966
    Total Blocks           =           6582
    Max Points             =            256
    Max Functions          =            160
    Weights Tolerance      =       1.00E-15

   => Loading Basis Set <=

    Name: (6-31G* AUX)
    Role: JKFIT
    Keyword: DF_BASIS_SCF
    atoms 1-10  entry C          line   121 file C:\Users\thebr\.conda\envs\qc\Library\share\psi4\basis\cc-pvdz-jkfit.gbs 
    atoms 11-18 entry H          line    51 file C:\Users\thebr\.conda\envs\qc\Library\share\psi4\basis\cc-pvdz-jkfit.gbs 

  ==> Integral Setup <==

  DFHelper Memory: AOs need 0.213 GiB; user supplied 2.424 GiB. 
  SCF_SUBTYPE=INCORE selected. In-core MEM_DF algorithm will be used.
  Using in-core AOs.

  ==> MemDFJK: Density-Fitted J/K Matrices <==

    J tasked:                   Yes
    K tasked:                   Yes
    wK tasked:                   No
    OpenMP threads:               8
    Memory [MiB]:              2482
    Algorithm:                 Core
    Schwarz Cutoff:           1E-12
    Mask sparsity (%):       4.7394
    Fitting Condition:        1E-10

   => Auxiliary Basis Set <=

  Basis Set: (6-31G* AUX)
    Blend: CC-PVDZ-JKFIT
    Number of shells: 312
    Number of basis functions: 1010
    Number of Cartesian functions: 1010
    Spherical Harmonics?: false
    Max angular momentum: 3

  Cached 100.0% of DFT collocation blocks in 3.164 [GiB].

  Minimum eigenvalue in the overlap matrix is 3.0907904888E-04.
  Reciprocal condition number of the overlap matrix is 3.9177506112E-05.
    Using symmetric orthogonalization.

  ==> Pre-Iterations <==

  SCF Guess: Superposition of Atomic Densities via on-the-fly atomic UHF (no occupation information).

   -------------------------
    Irrep   Nso     Nmo    
   -------------------------
     A        166     166 
   -------------------------
    Total     166     166
   -------------------------

  ==> Iterations <==

                           Total Energy        Delta E     RMS |[F,P]|

   @DF-RKS iter SAD:  -384.99096681181334   -3.84991e+02   0.00000e+00 
   @DF-RKS iter   1:  -385.39553498825455   -4.04568e-01   3.95468e-03 ADIIS/DIIS
   @DF-RKS iter   2:  -385.52989658800698   -1.34362e-01   2.85011e-03 ADIIS/DIIS
   @DF-RKS iter   3:  -385.64842645789099   -1.18530e-01   3.02470e-04 ADIIS/DIIS
   @DF-RKS iter   4:  -385.64927448228423   -8.48024e-04   1.78715e-04 ADIIS/DIIS
   @DF-RKS iter   5:  -385.64971965671515   -4.45174e-04   4.24151e-05 DIIS
   @DF-RKS iter   6:  -385.64974371825599   -2.40615e-05   1.53501e-05 DIIS
   @DF-RKS iter   7:  -385.64974704953755   -3.33128e-06   1.26708e-06 DIIS
   @DF-RKS iter   8:  -385.64974712676064   -7.72231e-08   5.33405e-07 DIIS
   @DF-RKS iter   9:  -385.64974713375386   -6.99322e-09   3.39338e-07 DIIS
   @DF-RKS iter  10:  -385.64974713651759   -2.76373e-09   4.93369e-08 DIIS
   @DF-RKS iter  11:  -385.64974713660797   -9.03810e-11   1.18947e-08 DIIS
   @DF-RKS iter  12:  -385.64974713660990   -1.93268e-12   7.05941e-09 DIIS
  Energy and wave function converged.


  ==> Post-Iterations <==

   Electrons on quadrature grid:
      Ntotal   =   68.0000015540 ; deviation = 1.554e-06 

    Orbital Energies [Eh]
    ---------------------

    Doubly Occupied:                                                      

       1A    -10.602934     2A    -10.602303     3A    -10.598983  
       4A    -10.598383     5A    -10.596666     6A    -10.596643  
       7A    -10.594826     8A    -10.594782     9A    -10.593373  
      10A    -10.592680    11A     -0.989638    12A     -0.931791  
      13A     -0.880533    14A     -0.844332    15A     -0.820776  
      16A     -0.715154    17A     -0.699185    18A     -0.680338  
      19A     -0.588848    20A     -0.587491    21A     -0.566024  
      22A     -0.518595    23A     -0.507482    24A     -0.483732  
      25A     -0.482105    26A     -0.466403    27A     -0.446433  
      28A     -0.431491    29A     -0.398620    30A     -0.389185  
      31A     -0.375639    32A     -0.326317    33A     -0.275416  
      34A     -0.246501  

    Virtual:                                                              

      35A      0.006585    36A      0.037612    37A      0.087164  
      38A      0.141170    39A      0.160146    40A      0.165084  
      41A      0.168188    42A      0.212979    43A      0.216222  
      44A      0.222646    45A      0.233799    46A      0.256211  
      47A      0.276880    48A      0.302191    49A      0.342852  
      50A      0.366735    51A      0.372566    52A      0.380305  
      53A      0.390017    54A      0.422298    55A      0.535883  
      56A      0.573450    57A      0.589619    58A      0.592121  
      59A      0.595432    60A      0.605601    61A      0.623965  
      62A      0.624905    63A      0.648304    64A      0.660254  
      65A      0.661790    66A      0.685274    67A      0.691868  
      68A      0.692631    69A      0.695474    70A      0.697256  
      71A      0.705149    72A      0.705248    73A      0.716153  
      74A      0.756584    75A      0.772726    76A      0.774035  
      77A      0.839977    78A      0.917296    79A      0.918231  
      80A      0.920336    81A      0.928385    82A      0.930734  
      83A      0.947526    84A      0.947898    85A      0.983382  
      86A      0.988298    87A      1.016377    88A      1.026710  
      89A      1.030547    90A      1.072815    91A      1.085133  
      92A      1.128966    93A      1.133518    94A      1.146869  
      95A      1.173419    96A      1.237001    97A      1.282300  
      98A      1.286519    99A      1.332137   100A      1.345395  
     101A      1.364502   102A      1.400991   103A      1.485436  
     104A      1.507891   105A      1.532231   106A      1.550008  
     107A      1.552970   108A      1.581024   109A      1.587214  
     110A      1.591821   111A      1.598628   112A      1.608464  
     113A      1.622115   114A      1.825270   115A      1.872172  
     116A      1.884164   117A      1.960924   118A      1.992329  
     119A      2.004409   120A      2.005125   121A      2.040927  
     122A      2.058025   123A      2.060499   124A      2.066117  
     125A      2.102862   126A      2.143037   127A      2.163362  
     128A      2.234400   129A      2.261216   130A      2.272987  
     131A      2.308525   132A      2.315606   133A      2.321475  
     134A      2.393251   135A      2.396740   136A      2.415510  
     137A      2.445532   138A      2.453521   139A      2.495345  
     140A      2.533923   141A      2.731703   142A      2.733059  
     143A      2.738233   144A      2.740205   145A      2.763222  
     146A      2.797105   147A      2.839487   148A      2.872388  
     149A      2.904704   150A      2.961904   151A      2.978221  
     152A      3.007593   153A      3.070590   154A      3.223764  
     155A      3.484952   156A      3.612248   157A      4.226963  
     158A      4.245169   159A      4.266910   160A      4.269958  
     161A      4.298901   162A      4.410148   163A      4.498789  
     164A      4.548890   165A      4.666109   166A      4.951674  

    Final Occupation by Irrep:
              A 
    DOCC [    34 ]
    NA   [    34 ]
    NB   [    34 ]

  @DF-RKS Final Energy:  -385.64974713660990

   => Energetics <=

    Nuclear Repulsion Energy =            457.2033847178407768
    One-Electron Energy =               -1425.1038040326445753
    Two-Electron Energy =                 611.9146102311642608
    DFT Exchange-Correlation Energy =     -29.6639380529704333
    Empirical Dispersion Energy =           0.0000000000000000
    VV10 Nonlocal Energy =                  0.0000000000000000
    Total Energy =                       -385.6497471366099603

Computation Completed


Properties will be evaluated at   0.000000,   0.000000,   0.000000 [a0]

Properties computed using the SCF density matrix


 Multipole Moments:

 ------------------------------------------------------------------------------------
     Multipole            Electronic (a.u.)      Nuclear  (a.u.)        Total (a.u.)
 ------------------------------------------------------------------------------------

 L = 1.  Multiply by 2.5417464519 to convert [e a0] to [Debye]
 Dipole X            :          0.0530385           -0.0639291           -0.0108906
 Dipole Y            :          0.0064717           -0.0077999           -0.0013281
 Dipole Z            :          0.0062833           -0.0075696           -0.0012863
 Magnitude           :                                                    0.0110464

 ------------------------------------------------------------------------------------

*** tstop() called on Asus18 at Tue Sep 15 16:30:03 2026
Module time:
	user time   =        nan seconds =        nan minutes
	system time =        nan seconds =        nan minutes
	total time  =         13 seconds =       0.22 minutes
Total time:
	user time   =        nan seconds =        nan minutes
	system time =        nan seconds =        nan minutes
	total time  =        217 seconds =       3.62 minutes

Scratch directory: C:\Users\thebr\AppData\Local\Temp/
   => Libint2 <=

    Primary   basis highest AM E, G, H:  7, 6, -
    Auxiliary basis highest AM E, G, H:  7, 7, -
    Onebody   basis highest AM E, G, H:  -, -, -
    Solid Harmonics ordering:            Gaussian

*** tstart() called on Asus18
*** at Tue Sep 15 16:30:03 2026

   => Loading Basis Set <=

    Name: 6-31G*
    Role: ORBITAL
    Keyword: BASIS
    atoms 1-10  entry C          line   111 file C:\Users\thebr\.conda\envs\qc\Library\share\psi4\basis\6-31gs.gbs 
    atoms 11-18 entry H          line    44 file C:\Users\thebr\.conda\envs\qc\Library\share\psi4\basis\6-31gs.gbs 


         ---------------------------------------------------------
                                   SCF
               by Justin Turney, Rob Parrish, Andy Simmonett
                          and Daniel G. A. Smith
                              RKS Reference
                        8 Threads,   -562 MiB Core
         ---------------------------------------------------------

  ==> Geometry <==

    Molecular point group: c1
    Full point group: C1

    Geometry (in Bohr), charge = 0, multiplicity = 1:

       Center              X                  Y                   Z               Mass       
    ------------   -----------------  -----------------  -----------------  -----------------
         C            4.338744009115     1.843269687204     0.671620334409    12.000000000000
         C            4.685908821171    -0.741763529248     0.406906027720    12.000000000000
         C            2.676678865818    -2.314531905640     0.012056816593    12.000000000000
         C            0.192250103952    -1.334331851186    -0.135293905755    12.000000000000
         C           -1.956711800305    -2.909968721773    -0.545163725064    12.000000000000
         C           -4.373024204609    -1.903544144681    -0.682283586652    12.000000000000
         C           -4.735019205850     0.791850499011    -0.406205631479    12.000000000000
         C           -2.662591768106     2.346126859081    -0.006910966267    12.000000000000
         C           -0.166574225499     1.337464736032     0.138366002415    12.000000000000
         C            1.978693556601     2.882787047136     0.544344220858    12.000000000000
         H            5.988031975640     3.022877070941     0.982803430137     1.007825032230
         H            6.593710769290    -1.487263856998     0.520877321430     1.007825032230
         H            3.000985053369    -4.333361523939    -0.189304257001     1.007825032230
         H           -1.621798360186    -4.930547541666    -0.745414042395     1.007825032230
         H           -5.974331473273    -3.155109229457    -0.996840002165     1.007825032230
         H           -6.615405523226     1.618476314266    -0.507896815842     1.007825032230
         H           -2.872408323576     4.381972273996     0.208316189322     1.007825032230
         H            1.758949624455     4.914411978559     0.758014431126     1.007825032230

  Running in c1 symmetry.

  Rotational constants: A =      0.10398  B =      0.04103  C =      0.02942 [cm^-1]
  Rotational constants: A =   3117.35585  B =   1229.96568  C =    881.97772 [MHz]
  Nuclear repulsion =  457.210328074913605

  Charge       = 0
  Multiplicity = 1
  Electrons    = 68
  Nalpha       = 34
  Nbeta        = 34

  ==> Algorithm <==

  SCF Algorithm Type is DF.
  DIIS enabled.
  MOM disabled.
  Fractional occupation disabled.
  Guess Type is SAD.
  Energy threshold   = 1.00e-10
  Density threshold  = 1.00e-08
  Integral threshold = 1.00e-12

  ==> Primary Basis <==

  Basis Set: 6-31G*
    Blend: 6-31G*
    Number of shells: 76
    Number of basis functions: 166
    Number of Cartesian functions: 166
    Spherical Harmonics?: false
    Max angular momentum: 2

  ==> DFT Potential <==

   => LibXC <=

    Version 7.1.2
    S. Lehtola, C. Steigemann, M. J. T. Oliveira, and M. A. L. Marques,  SoftwareX 7, 1–5 (2018) (10.1016/j.softx.2017.11.002)

   => Composite Functional: BHANDHLYP <= 

    BHandHLYP Hyb-GGA Exchange-Correlation Functional

    A. D. Becke,  J. Chem. Phys. 98, 1372 (1993) (10.1063/1.464304)
    Defined through Gaussian implementation.

    Deriv               =              1
    GGA                 =           TRUE
    Meta                =          FALSE

    Exchange Hybrid     =           TRUE
    MP2 Hybrid          =          FALSE

   => Exchange Functionals <=

    0.5000         Becke 88

   => Exact (HF) Exchange <=

    0.5000               HF 

   => Correlation Functionals <=

    1.0000   Lee, Yang & Parr

   => LibXC Density Thresholds  <==

    XC_HYB_GGA_XC_BHANDHLYP:  1.00E-15 

   => Molecular Quadrature <=

    Radial Scheme          =       TREUTLER
    Pruning Scheme         =           NONE
    Nuclear Scheme         =       TREUTLER

    Blocking Scheme        =         OCTREE
    BS radius alpha        =              1
    Pruning alpha          =              1
    Radial Points          =             99
    Spherical Points       =            590
    Total Points           =         959999
    Total Blocks           =           6583
    Max Points             =            256
    Max Functions          =            160
    Weights Tolerance      =       1.00E-15

   => Loading Basis Set <=

    Name: (6-31G* AUX)
    Role: JKFIT
    Keyword: DF_BASIS_SCF
    atoms 1-10  entry C          line   121 file C:\Users\thebr\.conda\envs\qc\Library\share\psi4\basis\cc-pvdz-jkfit.gbs 
    atoms 11-18 entry H          line    51 file C:\Users\thebr\.conda\envs\qc\Library\share\psi4\basis\cc-pvdz-jkfit.gbs 

  ==> Integral Setup <==

  DFHelper Memory: AOs need 0.213 GiB; user supplied 2.424 GiB. 
  SCF_SUBTYPE=INCORE selected. In-core MEM_DF algorithm will be used.
  Using in-core AOs.

  ==> MemDFJK: Density-Fitted J/K Matrices <==

    J tasked:                   Yes
    K tasked:                   Yes
    wK tasked:                   No
    OpenMP threads:               8
    Memory [MiB]:              2482
    Algorithm:                 Core
    Schwarz Cutoff:           1E-12
    Mask sparsity (%):       4.7322
    Fitting Condition:        1E-10

   => Auxiliary Basis Set <=

  Basis Set: (6-31G* AUX)
    Blend: CC-PVDZ-JKFIT
    Number of shells: 312
    Number of basis functions: 1010
    Number of Cartesian functions: 1010
    Spherical Harmonics?: false
    Max angular momentum: 3

  Cached 100.0% of DFT collocation blocks in 3.164 [GiB].

  Minimum eigenvalue in the overlap matrix is 3.0783569846E-04.
  Reciprocal condition number of the overlap matrix is 3.8980869155E-05.
    Using symmetric orthogonalization.

  ==> Pre-Iterations <==

  SCF Guess: Superposition of Atomic Densities via on-the-fly atomic UHF (no occupation information).

   -------------------------
    Irrep   Nso     Nmo    
   -------------------------
     A        166     166 
   -------------------------
    Total     166     166
   -------------------------

  ==> Iterations <==

                           Total Energy        Delta E     RMS |[F,P]|

   @DF-RKS iter SAD:  -384.99196952466804   -3.84992e+02   0.00000e+00 
   @DF-RKS iter   1:  -385.39273919366576   -4.00770e-01   3.96290e-03 ADIIS/DIIS
   @DF-RKS iter   2:  -385.52642192830996   -1.33683e-01   2.86869e-03 ADIIS/DIIS
   @DF-RKS iter   3:  -385.64639378986442   -1.19972e-01   3.19619e-04 ADIIS/DIIS
   @DF-RKS iter   4:  -385.64736062501822   -9.66835e-04   1.87417e-04 ADIIS/DIIS
   @DF-RKS iter   5:  -385.64786395750616   -5.03332e-04   4.25290e-05 DIIS
   @DF-RKS iter   6:  -385.64788837079630   -2.44133e-05   1.55016e-05 DIIS
   @DF-RKS iter   7:  -385.64789175161525   -3.38082e-06   1.40332e-06 DIIS
   @DF-RKS iter   8:  -385.64789182983230   -7.82171e-08   9.14084e-07 DIIS
   @DF-RKS iter   9:  -385.64789184704892   -1.72166e-08   2.90909e-07 DIIS
   @DF-RKS iter  10:  -385.64789185008465   -3.03572e-09   5.36367e-08 DIIS
   @DF-RKS iter  11:  -385.64789185020413   -1.19485e-10   2.15141e-08 DIIS
   @DF-RKS iter  12:  -385.64789185021368   -9.54969e-12   8.32700e-09 DIIS
  Energy and wave function converged.


  ==> Post-Iterations <==

   Electrons on quadrature grid:
      Ntotal   =   68.0000013834 ; deviation = 1.383e-06 

    Orbital Energies [Eh]
    ---------------------

    Doubly Occupied:                                                      

       1A    -10.602953     2A    -10.602323     3A    -10.601630  
       4A    -10.601055     5A    -10.597797     6A    -10.597795  
       7A    -10.593750     8A    -10.593744     9A    -10.590785  
      10A    -10.589984    11A     -0.990150    12A     -0.931606  
      13A     -0.880585    14A     -0.844284    15A     -0.820714  
      16A     -0.715337    17A     -0.699195    18A     -0.680292  
      19A     -0.588829    20A     -0.587530    21A     -0.566104  
      22A     -0.518459    23A     -0.507402    24A     -0.483608  
      25A     -0.481969    26A     -0.466261    27A     -0.446672  
      28A     -0.431416    29A     -0.398484    30A     -0.389123  
      31A     -0.375611    32A     -0.326332    33A     -0.275425  
      34A     -0.246502  

    Virtual:                                                              

      35A      0.006551    36A      0.037530    37A      0.087156  
      38A      0.140966    39A      0.160087    40A      0.165082  
      41A      0.168110    42A      0.212921    43A      0.215107  
      44A      0.222731    45A      0.233607    46A      0.256569  
      47A      0.277125    48A      0.302072    49A      0.342233  
      50A      0.364140    51A      0.375198    52A      0.379078  
      53A      0.391555    54A      0.422499    55A      0.535799  
      56A      0.572088    57A      0.589507    58A      0.592372  
      59A      0.593503    60A      0.605039    61A      0.624039  
      62A      0.624787    63A      0.648252    64A      0.660215  
      65A      0.660420    66A      0.689084    67A      0.691726  
      68A      0.693387    69A      0.694653    70A      0.697863  
      71A      0.705124    72A      0.705769    73A      0.717092  
      74A      0.756633    75A      0.772506    76A      0.774135  
      77A      0.840079    78A      0.916988    79A      0.918224  
      80A      0.919014    81A      0.927809    82A      0.932475  
      83A      0.947340    84A      0.947686    85A      0.980652  
      86A      0.990289    87A      1.012031    88A      1.030396  
      89A      1.030623    90A      1.073696    91A      1.085242  
      92A      1.128844    93A      1.133089    94A      1.147164  
      95A      1.174247    96A      1.238019    97A      1.282440  
      98A      1.285760    99A      1.332269   100A      1.345595  
     101A      1.366175   102A      1.400860   103A      1.485425  
     104A      1.507607   105A      1.530552   106A      1.552188  
     107A      1.553342   108A      1.580268   109A      1.586957  
     110A      1.590920   111A      1.599747   112A      1.609769  
     113A      1.622778   114A      1.824664   115A      1.867015  
     116A      1.888523   117A      1.960867   118A      1.986237  
     119A      2.004702   120A      2.008088   121A      2.041077  
     122A      2.056982   123A      2.061646   124A      2.066081  
     125A      2.102747   126A      2.139921   127A      2.162660  
     128A      2.231299   129A      2.268574   130A      2.272079  
     131A      2.302727   132A      2.315553   133A      2.323956  
     134A      2.395614   135A      2.398869   136A      2.415935  
     137A      2.444675   138A      2.454519   139A      2.495777  
     140A      2.533368   141A      2.731490   142A      2.731638  
     143A      2.734323   144A      2.740663   145A      2.763018  
     146A      2.802540   147A      2.839635   148A      2.871933  
     149A      2.904112   150A      2.963078   151A      2.978295  
     152A      3.008949   153A      3.072644   154A      3.223818  
     155A      3.480659   156A      3.616639   157A      4.220438  
     158A      4.249518   159A      4.266816   160A      4.271377  
     161A      4.299010   162A      4.410380   163A      4.498827  
     164A      4.549091   165A      4.666149   166A      4.951841  

    Final Occupation by Irrep:
              A 
    DOCC [    34 ]
    NA   [    34 ]
    NB   [    34 ]

  @DF-RKS Final Energy:  -385.64789185021368

   => Energetics <=

    Nuclear Repulsion Energy =            457.2103280749136047
    One-Electron Energy =               -1425.1137914416535750
    Two-Electron Energy =                 611.9194880754635051
    DFT Exchange-Correlation Energy =     -29.6639165589372880
    Empirical Dispersion Energy =           0.0000000000000000
    VV10 Nonlocal Energy =                  0.0000000000000000
    Total Energy =                       -385.6478918502137390

Computation Completed


Properties will be evaluated at   0.000000,   0.000000,   0.000000 [a0]

Properties computed using the SCF density matrix


 Multipole Moments:

 ------------------------------------------------------------------------------------
     Multipole            Electronic (a.u.)      Nuclear  (a.u.)        Total (a.u.)
 ------------------------------------------------------------------------------------

 L = 1.  Multiply by 2.5417464519 to convert [e a0] to [Debye]
 Dipole X            :         -0.1060849            0.1278587            0.0217738
 Dipole Y            :         -0.0129522            0.0156075            0.0026553
 Dipole Z            :         -0.0126004            0.0151698            0.0025694
 Magnitude           :                                                    0.0220850

 ------------------------------------------------------------------------------------

*** tstop() called on Asus18 at Tue Sep 15 16:30:17 2026
Module time:
	user time   =        nan seconds =        nan minutes
	system time =        nan seconds =        nan minutes
	total time  =         14 seconds =       0.23 minutes
Total time:
	user time   =        nan seconds =        nan minutes
	system time =        nan seconds =        nan minutes
	total time  =        231 seconds =       3.85 minutes

Scratch directory: C:\Users\thebr\AppData\Local\Temp/
   => Libint2 <=

    Primary   basis highest AM E, G, H:  7, 6, -
    Auxiliary basis highest AM E, G, H:  7, 7, -
    Onebody   basis highest AM E, G, H:  -, -, -
    Solid Harmonics ordering:            Gaussian

*** tstart() called on Asus18
*** at Tue Sep 15 16:30:17 2026

   => Loading Basis Set <=

    Name: 6-31G*
    Role: ORBITAL
    Keyword: BASIS
    atoms 1-10  entry C          line   111 file C:\Users\thebr\.conda\envs\qc\Library\share\psi4\basis\6-31gs.gbs 
    atoms 11-18 entry H          line    44 file C:\Users\thebr\.conda\envs\qc\Library\share\psi4\basis\6-31gs.gbs 


         ---------------------------------------------------------
                                   SCF
               by Justin Turney, Rob Parrish, Andy Simmonett
                          and Daniel G. A. Smith
                              RKS Reference
                        8 Threads,   -562 MiB Core
         ---------------------------------------------------------

  ==> Geometry <==

    Molecular point group: c1
    Full point group: C1

    Geometry (in Bohr), charge = 0, multiplicity = 1:

       Center              X                  Y                   Z               Mass       
    ------------   -----------------  -----------------  -----------------  -----------------
         C            4.373007233055     1.903509933480     0.682289647948    12.000000000000
         C            4.734973899124    -0.791790568822     0.406242058179    12.000000000000
         C            2.662589034931    -2.346109767277     0.006837257199    12.000000000000
         C            0.166565534379    -1.337463901422    -0.138337781707    12.000000000000
         C           -1.978700822098    -2.882726373181    -0.544303194641    12.000000000000
         C           -4.338724951089    -1.843233880285    -0.671644708070    12.000000000000
         C           -4.685865840074     0.741700000567    -0.406923486687    12.000000000000
         C           -2.676669853695     2.314522832783    -0.012050175555    12.000000000000
         C           -0.192241205224     1.334333678225     0.135265364009    12.000000000000
         C            1.956712881140     2.909900413850     0.545193504642    12.000000000000
         H            5.974292924203     3.155139348097     0.996707148121     1.007825032230
         H            6.615379388558    -1.618392302091     0.507899969711     1.007825032230
         H            2.872522787070    -4.381970837234    -0.208177386511     1.007825032230
         H           -1.759106584312    -4.914361075052    -0.758046385595     1.007825032230
         H           -5.987985718351    -3.022899593724    -0.982739958219     1.007825032230
         H           -6.593693400835     1.487168415058    -0.520800222930     1.007825032230
         H           -3.001096410594     4.333367499888     0.189103811815     1.007825032230
         H            1.621953209032     4.930492015505     0.745492734694     1.007825032230

  Running in c1 symmetry.

  Rotational constants: A =      0.10399  B =      0.04103  C =      0.02942 [cm^-1]
  Rotational constants: A =   3117.45289  B =   1229.97591  C =    881.99074 [MHz]
  Nuclear repulsion =  457.214224605967729

  Charge       = 0
  Multiplicity = 1
  Electrons    = 68
  Nalpha       = 34
  Nbeta        = 34

  ==> Algorithm <==

  SCF Algorithm Type is DF.
  DIIS enabled.
  MOM disabled.
  Fractional occupation disabled.
  Guess Type is SAD.
  Energy threshold   = 1.00e-10
  Density threshold  = 1.00e-08
  Integral threshold = 1.00e-12

  ==> Primary Basis <==

  Basis Set: 6-31G*
    Blend: 6-31G*
    Number of shells: 76
    Number of basis functions: 166
    Number of Cartesian functions: 166
    Spherical Harmonics?: false
    Max angular momentum: 2

  ==> DFT Potential <==

   => LibXC <=

    Version 7.1.2
    S. Lehtola, C. Steigemann, M. J. T. Oliveira, and M. A. L. Marques,  SoftwareX 7, 1–5 (2018) (10.1016/j.softx.2017.11.002)

   => Composite Functional: BHANDHLYP <= 

    BHandHLYP Hyb-GGA Exchange-Correlation Functional

    A. D. Becke,  J. Chem. Phys. 98, 1372 (1993) (10.1063/1.464304)
    Defined through Gaussian implementation.

    Deriv               =              1
    GGA                 =           TRUE
    Meta                =          FALSE

    Exchange Hybrid     =           TRUE
    MP2 Hybrid          =          FALSE

   => Exchange Functionals <=

    0.5000         Becke 88

   => Exact (HF) Exchange <=

    0.5000               HF 

   => Correlation Functionals <=

    1.0000   Lee, Yang & Parr

   => LibXC Density Thresholds  <==

    XC_HYB_GGA_XC_BHANDHLYP:  1.00E-15 

   => Molecular Quadrature <=

    Radial Scheme          =       TREUTLER
    Pruning Scheme         =           NONE
    Nuclear Scheme         =       TREUTLER

    Blocking Scheme        =         OCTREE
    BS radius alpha        =              1
    Pruning alpha          =              1
    Radial Points          =             99
    Spherical Points       =            590
    Total Points           =         959999
    Total Blocks           =           6578
    Max Points             =            256
    Max Functions          =            160
    Weights Tolerance      =       1.00E-15

   => Loading Basis Set <=

    Name: (6-31G* AUX)
    Role: JKFIT
    Keyword: DF_BASIS_SCF
    atoms 1-10  entry C          line   121 file C:\Users\thebr\.conda\envs\qc\Library\share\psi4\basis\cc-pvdz-jkfit.gbs 
    atoms 11-18 entry H          line    51 file C:\Users\thebr\.conda\envs\qc\Library\share\psi4\basis\cc-pvdz-jkfit.gbs 

  ==> Integral Setup <==

  DFHelper Memory: AOs need 0.213 GiB; user supplied 2.424 GiB. 
  SCF_SUBTYPE=INCORE selected. In-core MEM_DF algorithm will be used.
  Using in-core AOs.

  ==> MemDFJK: Density-Fitted J/K Matrices <==

    J tasked:                   Yes
    K tasked:                   Yes
    wK tasked:                   No
    OpenMP threads:               8
    Memory [MiB]:              2482
    Algorithm:                 Core
    Schwarz Cutoff:           1E-12
    Mask sparsity (%):       4.7322
    Fitting Condition:        1E-10

   => Auxiliary Basis Set <=

  Basis Set: (6-31G* AUX)
    Blend: CC-PVDZ-JKFIT
    Number of shells: 312
    Number of basis functions: 1010
    Number of Cartesian functions: 1010
    Spherical Harmonics?: false
    Max angular momentum: 3

  Cached 100.0% of DFT collocation blocks in 3.164 [GiB].

  Minimum eigenvalue in the overlap matrix is 3.0778873555E-04.
  Reciprocal condition number of the overlap matrix is 3.8974401910E-05.
    Using symmetric orthogonalization.

  ==> Pre-Iterations <==

  SCF Guess: Superposition of Atomic Densities via on-the-fly atomic UHF (no occupation information).

   -------------------------
    Irrep   Nso     Nmo    
   -------------------------
     A        166     166 
   -------------------------
    Total     166     166
   -------------------------

  ==> Iterations <==

                           Total Energy        Delta E     RMS |[F,P]|

   @DF-RKS iter SAD:  -384.99221725278966   -3.84992e+02   0.00000e+00 
   @DF-RKS iter   1:  -385.39272344404054   -4.00506e-01   3.96306e-03 ADIIS/DIIS
   @DF-RKS iter   2:  -385.52641174537376   -1.33688e-01   2.86886e-03 ADIIS/DIIS
   @DF-RKS iter   3:  -385.64639644567768   -1.19985e-01   3.19596e-04 ADIIS/DIIS
   @DF-RKS iter   4:  -385.64736314747699   -9.66702e-04   1.87395e-04 ADIIS/DIIS
   @DF-RKS iter   5:  -385.64786634324338   -5.03196e-04   4.25291e-05 DIIS
   @DF-RKS iter   6:  -385.64789075678397   -2.44135e-05   1.55018e-05 DIIS
   @DF-RKS iter   7:  -385.64789413774110   -3.38096e-06   1.40333e-06 DIIS
   @DF-RKS iter   8:  -385.64789421594634   -7.82052e-08   9.14060e-07 DIIS
   @DF-RKS iter   9:  -385.64789423316125   -1.72149e-08   2.90898e-07 DIIS
   @DF-RKS iter  10:  -385.64789423619601   -3.03476e-09   5.36403e-08 DIIS
   @DF-RKS iter  11:  -385.64789423631584   -1.19826e-10   2.15163e-08 DIIS
   @DF-RKS iter  12:  -385.64789423632567   -9.83391e-12   8.32769e-09 DIIS
  Energy and wave function converged.


  ==> Post-Iterations <==

   Electrons on quadrature grid:
      Ntotal   =   68.0000013823 ; deviation = 1.382e-06 

    Orbital Energies [Eh]
    ---------------------

    Doubly Occupied:                                                      

       1A    -10.602952     2A    -10.602322     3A    -10.601622  
       4A    -10.601048     5A    -10.597795     6A    -10.597791  
       7A    -10.593746     8A    -10.593742     9A    -10.590777  
      10A    -10.589976    11A     -0.990158    12A     -0.931616  
      13A     -0.880585    14A     -0.844293    15A     -0.820715  
      16A     -0.715344    17A     -0.699195    18A     -0.680293  
      19A     -0.588824    20A     -0.587537    21A     -0.566107  
      22A     -0.518456    23A     -0.507409    24A     -0.483608  
      25A     -0.481971    26A     -0.466254    27A     -0.446678  
      28A     -0.431420    29A     -0.398481    30A     -0.389124  
      31A     -0.375618    32A     -0.326332    33A     -0.275431  
      34A     -0.246499  

    Virtual:                                                              

      35A      0.006548    36A      0.037538    37A      0.087159  
      38A      0.140965    39A      0.160081    40A      0.165092  
      41A      0.168114    42A      0.212926    43A      0.215107  
      44A      0.222736    45A      0.233604    46A      0.256570  
      47A      0.277133    48A      0.302081    49A      0.342234  
      50A      0.364151    51A      0.375215    52A      0.379080  
      53A      0.391559    54A      0.422507    55A      0.535802  
      56A      0.572104    57A      0.589505    58A      0.592378  
      59A      0.593512    60A      0.605052    61A      0.624036  
      62A      0.624785    63A      0.648252    64A      0.660218  
      65A      0.660438    66A      0.689094    67A      0.691723  
      68A      0.693403    69A      0.694651    70A      0.697864  
      71A      0.705125    72A      0.705767    73A      0.717106  
      74A      0.756637    75A      0.772506    76A      0.774136  
      77A      0.840083    78A      0.916986    79A      0.918227  
      80A      0.919018    81A      0.927809    82A      0.932479  
      83A      0.947339    84A      0.947678    85A      0.980642  
      86A      0.990281    87A      1.012046    88A      1.030413  
      89A      1.030629    90A      1.073713    91A      1.085247  
      92A      1.128842    93A      1.133098    94A      1.147177  
      95A      1.174256    96A      1.238039    97A      1.282452  
      98A      1.285763    99A      1.332268   100A      1.345593  
     101A      1.366184   102A      1.400850   103A      1.485426  
     104A      1.507601   105A      1.530571   106A      1.552196  
     107A      1.553339   108A      1.580276   109A      1.586960  
     110A      1.590929   111A      1.599752   112A      1.609779  
     113A      1.622774   114A      1.824662   115A      1.867037  
     116A      1.888541   117A      1.960875   118A      1.986261  
     119A      2.004708   120A      2.008103   121A      2.041088  
     122A      2.056995   123A      2.061656   124A      2.066071  
     125A      2.102747   126A      2.139957   127A      2.162668  
     128A      2.231329   129A      2.268598   130A      2.272104  
     131A      2.302761   132A      2.315553   133A      2.323972  
     134A      2.395635   135A      2.398908   136A      2.415958  
     137A      2.444680   138A      2.454532   139A      2.495799  
     140A      2.533373   141A      2.731511   142A      2.731647  
     143A      2.734359   144A      2.740663   145A      2.763046  
     146A      2.802572   147A      2.839658   148A      2.871949  
     149A      2.904140   150A      2.963095   151A      2.978314  
     152A      3.008983   153A      3.072677   154A      3.223846  
     155A      3.480706   156A      3.616686   157A      4.220459  
     158A      4.249534   159A      4.266815   160A      4.271390  
     161A      4.299008   162A      4.410387   163A      4.498832  
     164A      4.549096   165A      4.666163   166A      4.951860  

    Final Occupation by Irrep:
              A 
    DOCC [    34 ]
    NA   [    34 ]
    NB   [    34 ]

  @DF-RKS Final Energy:  -385.64789423632567

   => Energetics <=

    Nuclear Repulsion Energy =            457.2142246059677291
    One-Electron Energy =               -1425.1215306115959720
    Two-Electron Energy =                 611.9233772680233869
    DFT Exchange-Correlation Energy =     -29.6639654987208807
    Empirical Dispersion Energy =           0.0000000000000000
    VV10 Nonlocal Energy =                  0.0000000000000000
    Total Energy =                       -385.6478942363257261

Computation Completed


Properties will be evaluated at   0.000000,   0.000000,   0.000000 [a0]

Properties computed using the SCF density matrix


 Multipole Moments:

 ------------------------------------------------------------------------------------
     Multipole            Electronic (a.u.)      Nuclear  (a.u.)        Total (a.u.)
 ------------------------------------------------------------------------------------

 L = 1.  Multiply by 2.5417464519 to convert [e a0] to [Debye]
 Dipole X            :          0.1060865           -0.1278583           -0.0217718
 Dipole Y            :          0.0129475           -0.0156023           -0.0026549
 Dipole Z            :          0.0125782           -0.0151494           -0.0025712
 Magnitude           :                                                    0.0220833

 ------------------------------------------------------------------------------------

*** tstop() called on Asus18 at Tue Sep 15 16:30:31 2026
Module time:
	user time   =        nan seconds =        nan minutes
	system time =        nan seconds =        nan minutes
	total time  =         14 seconds =       0.23 minutes
Total time:
	user time   =        nan seconds =        nan minutes
	system time =        nan seconds =        nan minutes
	total time  =        245 seconds =       4.08 minutes

Scratch directory: C:\Users\thebr\AppData\Local\Temp/
   => Libint2 <=

    Primary   basis highest AM E, G, H:  7, 6, -
    Auxiliary basis highest AM E, G, H:  7, 7, -
    Onebody   basis highest AM E, G, H:  -, -, -
    Solid Harmonics ordering:            Gaussian

*** tstart() called on Asus18
*** at Tue Sep 15 16:30:31 2026

   => Loading Basis Set <=

    Name: 6-31G*
    Role: ORBITAL
    Keyword: BASIS
    atoms 1-10  entry C          line   111 file C:\Users\thebr\.conda\envs\qc\Library\share\psi4\basis\6-31gs.gbs 
    atoms 11-18 entry H          line    44 file C:\Users\thebr\.conda\envs\qc\Library\share\psi4\basis\6-31gs.gbs 


         ---------------------------------------------------------
                                   SCF
               by Justin Turney, Rob Parrish, Andy Simmonett
                          and Daniel G. A. Smith
                              RKS Reference
                        8 Threads,   -562 MiB Core
         ---------------------------------------------------------

  ==> Geometry <==

    Molecular point group: c1
    Full point group: C1

    Geometry (in Bohr), charge = 0, multiplicity = 1:

       Center              X                  Y                   Z               Mass       
    ------------   -----------------  -----------------  -----------------  -----------------
         C            4.346366546549     1.880261181143     0.676756705407    12.000000000000
         C            4.703043654828    -0.775729183204     0.404750920806    12.000000000000
         C            2.681897870521    -2.323679247355     0.011511370895    12.000000000000
         C            0.175742529208    -1.336663904323    -0.137290475135    12.000000000000
         C           -1.953812028809    -2.899748705265    -0.543666683165    12.000000000000
         C           -4.365593416110    -1.866315971830    -0.677163260577    12.000000000000
         C           -4.717972022077     0.757605358837    -0.408427901966    12.000000000000
         C           -2.657076260332     2.336951640933    -0.007386038060    12.000000000000
         C           -0.183162915242     1.335756239452     0.136402975402    12.000000000000
         C            1.981334427751     2.892873063094     0.545798209723    12.000000000000
         H            5.981656947190     3.081300017734     0.988907601834     1.007825032230
         H            6.603022642339    -1.545140495085     0.515130061010     1.007825032230
         H            2.904268468920    -4.355589880931    -0.201912808037     1.007825032230
         H           -1.720970706112    -4.932189641657    -0.756074336138     1.007825032230
         H           -5.980642053851    -3.096839134008    -0.990646489062     1.007825032230
         H           -6.606142504150     1.560466515604    -0.513619547164     1.007825032230
         H           -2.968908824896     4.359752795172     0.195569572782     1.007825032230
         H            1.659499042004     4.912641956311     0.747358092402     1.007825032230

  Running in c1 symmetry.

  Rotational constants: A =      0.10400  B =      0.04103  C =      0.02942 [cm^-1]
  Rotational constants: A =   3117.73461  B =   1229.99412  C =    882.02265 [MHz]
  Nuclear repulsion =  457.201619601004552

  Charge       = 0
  Multiplicity = 1
  Electrons    = 68
  Nalpha       = 34
  Nbeta        = 34

  ==> Algorithm <==

  SCF Algorithm Type is DF.
  DIIS enabled.
  MOM disabled.
  Fractional occupation disabled.
  Guess Type is SAD.
  Energy threshold   = 1.00e-10
  Density threshold  = 1.00e-08
  Integral threshold = 1.00e-12

  ==> Primary Basis <==

  Basis Set: 6-31G*
    Blend: 6-31G*
    Number of shells: 76
    Number of basis functions: 166
    Number of Cartesian functions: 166
    Spherical Harmonics?: false
    Max angular momentum: 2

  ==> DFT Potential <==

   => LibXC <=

    Version 7.1.2
    S. Lehtola, C. Steigemann, M. J. T. Oliveira, and M. A. L. Marques,  SoftwareX 7, 1–5 (2018) (10.1016/j.softx.2017.11.002)

   => Composite Functional: B3LYP <= 

    B3LYP Hyb-GGA Exchange-Correlation Functional

    P. J. Stephens, F. J. Devlin, C. F. Chabalowski, and M. J. Frisch,  J. Phys. Chem. 98, 11623 (1994) (10.1021/j100096a001)

    Deriv               =              1
    GGA                 =           TRUE
    Meta                =          FALSE

    Exchange Hybrid     =           TRUE
    MP2 Hybrid          =          FALSE

   => Exchange Functionals <=

    0.0800   Slater exchange
    0.7200         Becke 88

   => Exact (HF) Exchange <=

    0.2000               HF 

   => Correlation Functionals <=

    0.1900   Vosko, Wilk & Nusair (VWN5_RPA)
    0.8100   Lee, Yang & Parr

   => LibXC Density Thresholds  <==

    XC_HYB_GGA_XC_B3LYP:  1.00E-15 

   => Molecular Quadrature <=

    Radial Scheme          =       TREUTLER
    Pruning Scheme         =           NONE
    Nuclear Scheme         =       TREUTLER

    Blocking Scheme        =         OCTREE
    BS radius alpha        =              1
    Pruning alpha          =              1
    Radial Points          =             99
    Spherical Points       =            590
    Total Points           =         960054
    Total Blocks           =           6577
    Max Points             =            256
    Max Functions          =            160
    Weights Tolerance      =       1.00E-15

   => Loading Basis Set <=

    Name: (6-31G* AUX)
    Role: JKFIT
    Keyword: DF_BASIS_SCF
    atoms 1-10  entry C          line   121 file C:\Users\thebr\.conda\envs\qc\Library\share\psi4\basis\cc-pvdz-jkfit.gbs 
    atoms 11-18 entry H          line    51 file C:\Users\thebr\.conda\envs\qc\Library\share\psi4\basis\cc-pvdz-jkfit.gbs 

  ==> Integral Setup <==

  DFHelper Memory: AOs need 0.213 GiB; user supplied 2.423 GiB. 
  SCF_SUBTYPE=INCORE selected. In-core MEM_DF algorithm will be used.
  Using in-core AOs.

  ==> MemDFJK: Density-Fitted J/K Matrices <==

    J tasked:                   Yes
    K tasked:                   Yes
    wK tasked:                   No
    OpenMP threads:               8
    Memory [MiB]:              2481
    Algorithm:                 Core
    Schwarz Cutoff:           1E-12
    Mask sparsity (%):       4.7249
    Fitting Condition:        1E-10

   => Auxiliary Basis Set <=

  Basis Set: (6-31G* AUX)
    Blend: CC-PVDZ-JKFIT
    Number of shells: 312
    Number of basis functions: 1010
    Number of Cartesian functions: 1010
    Spherical Harmonics?: false
    Max angular momentum: 3

  Cached 100.0% of DFT collocation blocks in 3.165 [GiB].

  Minimum eigenvalue in the overlap matrix is 3.0901044475E-04.
  Reciprocal condition number of the overlap matrix is 3.9181620976E-05.
    Using symmetric orthogonalization.

  ==> Pre-Iterations <==

  SCF Guess: Superposition of Atomic Densities via on-the-fly atomic UHF (no occupation information).

   -------------------------
    Irrep   Nso     Nmo    
   -------------------------
     A        166     166 
   -------------------------
    Total     166     166
   -------------------------

  ==> Iterations <==

                           Total Energy        Delta E     RMS |[F,P]|

   @DF-RKS iter SAD:  -385.34456952604785   -3.85345e+02   0.00000e+00 
   @DF-RKS iter   1:  -385.43204989766815   -8.74804e-02   5.36180e-03 ADIIS/DIIS
   @DF-RKS iter   2:  -385.42088474369757    1.11652e-02   5.54838e-03 ADIIS/DIIS
   @DF-RKS iter   3:  -385.88600744818774   -4.65123e-01   6.41565e-04 ADIIS/DIIS
   @DF-RKS iter   4:  -385.88966476274499   -3.65731e-03   3.86084e-04 ADIIS/DIIS
   @DF-RKS iter   5:  -385.89170023775432   -2.03548e-03   9.75376e-05 DIIS
   @DF-RKS iter   6:  -385.89181133649782   -1.11099e-04   4.61885e-05 DIIS
   @DF-RKS iter   7:  -385.89184098486174   -2.96484e-05   1.87008e-06 DIIS
   @DF-RKS iter   8:  -385.89184103573785   -5.08761e-08   5.85842e-07 DIIS
   @DF-RKS iter   9:  -385.89184103926203   -3.52418e-09   3.10657e-07 DIIS
   @DF-RKS iter  10:  -385.89184104058194   -1.31990e-09   3.34434e-08 DIIS
   @DF-RKS iter  11:  -385.89184104059774   -1.58025e-11   5.70927e-09 DIIS
  Energy and wave function converged.


  ==> Post-Iterations <==

   Electrons on quadrature grid:
      Ntotal   =   68.0000016048 ; deviation = 1.605e-06 

    Orbital Energies [Eh]
    ---------------------

    Doubly Occupied:                                                      

       1A    -10.195535     2A    -10.195119     3A    -10.190137  
       4A    -10.189849     5A    -10.189460     6A    -10.189257  
       7A    -10.189020     8A    -10.188634     9A    -10.187751  
      10A    -10.187704    11A     -0.868587    12A     -0.816149  
      13A     -0.769151    14A     -0.736533    15A     -0.715039  
      16A     -0.621925    17A     -0.607327    18A     -0.592188  
      19A     -0.510875    20A     -0.508164    21A     -0.489628  
      22A     -0.446011    23A     -0.436246    24A     -0.415081  
      25A     -0.411890    26A     -0.397819    27A     -0.385429  
      28A     -0.366670    29A     -0.335441    30A     -0.327652  
      31A     -0.323075    32A     -0.281263    33A     -0.240272  
      34A     -0.212718  

    Virtual:                                                              

      35A     -0.035213    36A     -0.005327    37A      0.036033  
      38A      0.095024    39A      0.103059    40A      0.112930  
      41A      0.121655    42A      0.166053    43A      0.167321  
      44A      0.174744    45A      0.182757    46A      0.204038  
      47A      0.205706    48A      0.247094    49A      0.283196  
      50A      0.306650    51A      0.313299    52A      0.325462  
      53A      0.330098    54A      0.361982    55A      0.471880  
      56A      0.494330    57A      0.513784    58A      0.521420  
      59A      0.527747    60A      0.527841    61A      0.548234  
      62A      0.563300    63A      0.570844    64A      0.583790  
      65A      0.592096    66A      0.607039    67A      0.611678  
      68A      0.612911    69A      0.616136    70A      0.619736  
      71A      0.626823    72A      0.630969    73A      0.638712  
      74A      0.673970    75A      0.690993    76A      0.692968  
      77A      0.757397    78A      0.826240    79A      0.827726  
      80A      0.835606    81A      0.837071    82A      0.838366  
      83A      0.853993    84A      0.856883    85A      0.899080  
      86A      0.902013    87A      0.926096    88A      0.943912  
      89A      0.945539    90A      0.986461    91A      1.001280  
      92A      1.052309    93A      1.058029    94A      1.069015  
      95A      1.087184    96A      1.153290    97A      1.195117  
      98A      1.198754    99A      1.244162   100A      1.257207  
     101A      1.277026   102A      1.315392   103A      1.391974  
     104A      1.414431   105A      1.444797   106A      1.457838  
     107A      1.460185   108A      1.489971   109A      1.490388  
     110A      1.495280   111A      1.501236   112A      1.510329  
     113A      1.531113   114A      1.724088   115A      1.766023  
     116A      1.783297   117A      1.857729   118A      1.894253  
     119A      1.898182   120A      1.910072   121A      1.930786  
     122A      1.943441   123A      1.953544   124A      1.953780  
     125A      1.995552   126A      2.030228   127A      2.048192  
     128A      2.125444   129A      2.147116   130A      2.160431  
     131A      2.197390   132A      2.202153   133A      2.209088  
     134A      2.281034   135A      2.282102   136A      2.302167  
     137A      2.328296   138A      2.340658   139A      2.379017  
     140A      2.418556   141A      2.606139   142A      2.614583  
     143A      2.619274   144A      2.620576   145A      2.641830  
     146A      2.673841   147A      2.720995   148A      2.752055  
     149A      2.782346   150A      2.833979   151A      2.857038  
     152A      2.877608   153A      2.940807   154A      3.097863  
     155A      3.352528   156A      3.475115   157A      4.080800  
     158A      4.094267   159A      4.118530   160A      4.121183  
     161A      4.150897   162A      4.262053   163A      4.350052  
     164A      4.400126   165A      4.516463   166A      4.800587  

    Final Occupation by Irrep:
              A 
    DOCC [    34 ]
    NA   [    34 ]
    NB   [    34 ]

  @DF-RKS Final Energy:  -385.89184104059774

   => Energetics <=

    Nuclear Repulsion Energy =            457.2016196010045519
    One-Electron Energy =               -1425.4511118198356598
    Two-Electron Energy =                 628.6648864823137046
    DFT Exchange-Correlation Energy =     -46.3072353040802724
    Empirical Dispersion Energy =           0.0000000000000000
    VV10 Nonlocal Energy =                  0.0000000000000000
    Total Energy =                       -385.8918410405977397

Computation Completed


Properties will be evaluated at   0.000000,   0.000000,   0.000000 [a0]

Properties computed using the SCF density matrix


 Multipole Moments:

 ------------------------------------------------------------------------------------
     Multipole            Electronic (a.u.)      Nuclear  (a.u.)        Total (a.u.)
 ------------------------------------------------------------------------------------

 L = 1.  Multiply by 2.5417464519 to convert [e a0] to [Debye]
 Dipole X            :          0.0585651           -0.0636067           -0.0050416
 Dipole Y            :          0.0071196           -0.0077350           -0.0006154
 Dipole Z            :          0.0069737           -0.0075729           -0.0005993
 Magnitude           :                                                    0.0051142

 ------------------------------------------------------------------------------------

*** tstop() called on Asus18 at Tue Sep 15 16:30:44 2026
Module time:
	user time   =        nan seconds =        nan minutes
	system time =        nan seconds =        nan minutes
	total time  =         13 seconds =       0.22 minutes
Total time:
	user time   =        nan seconds =        nan minutes
	system time =        nan seconds =        nan minutes
	total time  =        258 seconds =       4.30 minutes

Scratch directory: C:\Users\thebr\AppData\Local\Temp/
   => Libint2 <=

    Primary   basis highest AM E, G, H:  7, 6, -
    Auxiliary basis highest AM E, G, H:  7, 7, -
    Onebody   basis highest AM E, G, H:  -, -, -
    Solid Harmonics ordering:            Gaussian

*** tstart() called on Asus18
*** at Tue Sep 15 16:30:44 2026

   => Loading Basis Set <=

    Name: 6-31G*
    Role: ORBITAL
    Keyword: BASIS
    atoms 1-10  entry C          line   111 file C:\Users\thebr\.conda\envs\qc\Library\share\psi4\basis\6-31gs.gbs 
    atoms 11-18 entry H          line    44 file C:\Users\thebr\.conda\envs\qc\Library\share\psi4\basis\6-31gs.gbs 


         ---------------------------------------------------------
                                   SCF
               by Justin Turney, Rob Parrish, Andy Simmonett
                          and Daniel G. A. Smith
                              RKS Reference
                        8 Threads,   -562 MiB Core
         ---------------------------------------------------------

  ==> Geometry <==

    Molecular point group: c1
    Full point group: C1

    Geometry (in Bohr), charge = 0, multiplicity = 1:

       Center              X                  Y                   Z               Mass       
    ------------   -----------------  -----------------  -----------------  -----------------
         C            4.365384695621     1.866518439541     0.677153276950    12.000000000000
         C            4.717839065467    -0.757824914866     0.408397165093    12.000000000000
         C            2.657370030228    -2.336962425563     0.007382702898    12.000000000000
         C            0.183073109123    -1.335131848285    -0.136341212327    12.000000000000
         C           -1.981600593594    -2.892946389689    -0.545800236539    12.000000000000
         C           -4.346155739588    -1.880462053136    -0.676765034145    12.000000000000
         C           -4.702913023847     0.775945140741    -0.404701216200    12.000000000000
         C           -2.682185361469     2.323698050931    -0.011575103762    12.000000000000
         C           -0.175652515481     1.336042174805     0.137228391022    12.000000000000
         C            1.954072009990     2.899814397893     0.543739515777    12.000000000000
         H            5.980667952652     3.096716401303     0.990602976424     1.007825032230
         H            6.606067515509    -1.560515664004     0.513647230131     1.007825032230
         H            2.969239371519    -4.359742480242    -0.195568835475     1.007825032230
         H           -1.659934238385    -4.912718975061    -0.747386091853     1.007825032230
         H           -5.981675137773    -3.081169689173    -0.988933471322     1.007825032230
         H           -6.602956419912     1.545178213720    -0.515077491608     1.007825032230
         H           -2.904595909274     4.355586978711     0.201850428354     1.007825032230
         H            1.721403791483     4.932262037752     0.756149073418     1.007825032230

  Running in c1 symmetry.

  Rotational constants: A =      0.10400  B =      0.04103  C =      0.02942 [cm^-1]
  Rotational constants: A =   3117.74726  B =   1230.00004  C =    882.02671 [MHz]
  Nuclear repulsion =  457.204183147238098

  Charge       = 0
  Multiplicity = 1
  Electrons    = 68
  Nalpha       = 34
  Nbeta        = 34

  ==> Algorithm <==

  SCF Algorithm Type is DF.
  DIIS enabled.
  MOM disabled.
  Fractional occupation disabled.
  Guess Type is SAD.
  Energy threshold   = 1.00e-10
  Density threshold  = 1.00e-08
  Integral threshold = 1.00e-12

  ==> Primary Basis <==

  Basis Set: 6-31G*
    Blend: 6-31G*
    Number of shells: 76
    Number of basis functions: 166
    Number of Cartesian functions: 166
    Spherical Harmonics?: false
    Max angular momentum: 2

  ==> DFT Potential <==

   => LibXC <=

    Version 7.1.2
    S. Lehtola, C. Steigemann, M. J. T. Oliveira, and M. A. L. Marques,  SoftwareX 7, 1–5 (2018) (10.1016/j.softx.2017.11.002)

   => Composite Functional: B3LYP <= 

    B3LYP Hyb-GGA Exchange-Correlation Functional

    P. J. Stephens, F. J. Devlin, C. F. Chabalowski, and M. J. Frisch,  J. Phys. Chem. 98, 11623 (1994) (10.1021/j100096a001)

    Deriv               =              1
    GGA                 =           TRUE
    Meta                =          FALSE

    Exchange Hybrid     =           TRUE
    MP2 Hybrid          =          FALSE

   => Exchange Functionals <=

    0.0800   Slater exchange
    0.7200         Becke 88

   => Exact (HF) Exchange <=

    0.2000               HF 

   => Correlation Functionals <=

    0.1900   Vosko, Wilk & Nusair (VWN5_RPA)
    0.8100   Lee, Yang & Parr

   => LibXC Density Thresholds  <==

    XC_HYB_GGA_XC_B3LYP:  1.00E-15 

   => Molecular Quadrature <=

    Radial Scheme          =       TREUTLER
    Pruning Scheme         =           NONE
    Nuclear Scheme         =       TREUTLER

    Blocking Scheme        =         OCTREE
    BS radius alpha        =              1
    Pruning alpha          =              1
    Radial Points          =             99
    Spherical Points       =            590
    Total Points           =         960050
    Total Blocks           =           6581
    Max Points             =            256
    Max Functions          =            160
    Weights Tolerance      =       1.00E-15

   => Loading Basis Set <=

    Name: (6-31G* AUX)
    Role: JKFIT
    Keyword: DF_BASIS_SCF
    atoms 1-10  entry C          line   121 file C:\Users\thebr\.conda\envs\qc\Library\share\psi4\basis\cc-pvdz-jkfit.gbs 
    atoms 11-18 entry H          line    51 file C:\Users\thebr\.conda\envs\qc\Library\share\psi4\basis\cc-pvdz-jkfit.gbs 

  ==> Integral Setup <==

  DFHelper Memory: AOs need 0.213 GiB; user supplied 2.423 GiB. 
  SCF_SUBTYPE=INCORE selected. In-core MEM_DF algorithm will be used.
  Using in-core AOs.

  ==> MemDFJK: Density-Fitted J/K Matrices <==

    J tasked:                   Yes
    K tasked:                   Yes
    wK tasked:                   No
    OpenMP threads:               8
    Memory [MiB]:              2481
    Algorithm:                 Core
    Schwarz Cutoff:           1E-12
    Mask sparsity (%):       4.7249
    Fitting Condition:        1E-10

   => Auxiliary Basis Set <=

  Basis Set: (6-31G* AUX)
    Blend: CC-PVDZ-JKFIT
    Number of shells: 312
    Number of basis functions: 1010
    Number of Cartesian functions: 1010
    Spherical Harmonics?: false
    Max angular momentum: 3

  Cached 100.0% of DFT collocation blocks in 3.165 [GiB].

  Minimum eigenvalue in the overlap matrix is 3.0907710113E-04.
  Reciprocal condition number of the overlap matrix is 3.9189006129E-05.
    Using symmetric orthogonalization.

  ==> Pre-Iterations <==

  SCF Guess: Superposition of Atomic Densities via on-the-fly atomic UHF (no occupation information).

   -------------------------
    Irrep   Nso     Nmo    
   -------------------------
     A        166     166 
   -------------------------
    Total     166     166
   -------------------------

  ==> Iterations <==

                           Total Energy        Delta E     RMS |[F,P]|

   @DF-RKS iter SAD:  -385.34466422591726   -3.85345e+02   0.00000e+00 
   @DF-RKS iter   1:  -385.43199922067402   -8.73350e-02   5.36218e-03 ADIIS/DIIS
   @DF-RKS iter   2:  -385.42082687493445    1.11723e-02   5.54881e-03 ADIIS/DIIS
   @DF-RKS iter   3:  -385.88601301493162   -4.65186e-01   6.41265e-04 ADIIS/DIIS
   @DF-RKS iter   4:  -385.88966562874771   -3.65261e-03   3.85967e-04 ADIIS/DIIS
   @DF-RKS iter   5:  -385.89169963920381   -2.03401e-03   9.75348e-05 DIIS
   @DF-RKS iter   6:  -385.89181070996989   -1.11071e-04   4.62072e-05 DIIS
   @DF-RKS iter   7:  -385.89184038500571   -2.96750e-05   1.86697e-06 DIIS
   @DF-RKS iter   8:  -385.89184043573738   -5.07317e-08   5.85084e-07 DIIS
   @DF-RKS iter   9:  -385.89184043925871   -3.52134e-09   3.10214e-07 DIIS
   @DF-RKS iter  10:  -385.89184044058112   -1.32241e-09   3.40168e-08 DIIS
   @DF-RKS iter  11:  -385.89184044059624   -1.51203e-11   9.66962e-09 DIIS
  Energy and wave function converged.


  ==> Post-Iterations <==

   Electrons on quadrature grid:
      Ntotal   =   68.0000016018 ; deviation = 1.602e-06 

    Orbital Energies [Eh]
    ---------------------

    Doubly Occupied:                                                      

       1A    -10.195534     2A    -10.195116     3A    -10.190123  
       4A    -10.189841     5A    -10.189454     6A    -10.189245  
       7A    -10.189001     8A    -10.188616     9A    -10.187744  
      10A    -10.187696    11A     -0.868600    12A     -0.816158  
      13A     -0.769104    14A     -0.736523    15A     -0.715083  
      16A     -0.621862    17A     -0.607308    18A     -0.592248  
      19A     -0.510898    20A     -0.508110    21A     -0.489614  
      22A     -0.446009    23A     -0.436276    24A     -0.415093  
      25A     -0.411864    26A     -0.397844    27A     -0.385435  
      28A     -0.366623    29A     -0.335388    30A     -0.327704  
      31A     -0.323081    32A     -0.281212    33A     -0.240276  
      34A     -0.212771  

    Virtual:                                                              

      35A     -0.035139    36A     -0.005298    37A      0.035953  
      38A      0.095019    39A      0.103092    40A      0.112932  
      41A      0.121677    42A      0.166066    43A      0.167314  
      44A      0.174769    45A      0.182690    46A      0.204052  
      47A      0.205695    48A      0.247021    49A      0.283314  
      50A      0.306759    51A      0.313267    52A      0.325381  
      53A      0.330174    54A      0.361811    55A      0.471789  
      56A      0.494313    57A      0.513791    58A      0.521544  
      59A      0.527856    60A      0.527989    61A      0.548224  
      62A      0.563301    63A      0.570843    64A      0.583691  
      65A      0.592067    66A      0.606971    67A      0.611716  
      68A      0.613022    69A      0.616058    70A      0.619665  
      71A      0.626798    72A      0.631031    73A      0.638833  
      74A      0.673974    75A      0.691020    76A      0.692930  
      77A      0.757407    78A      0.826315    79A      0.827757  
      80A      0.835589    81A      0.837059    82A      0.838354  
      83A      0.853997    84A      0.856816    85A      0.899073  
      86A      0.901976    87A      0.926112    88A      0.943848  
      89A      0.945533    90A      0.986492    91A      1.001239  
      92A      1.052382    93A      1.057938    94A      1.068952  
      95A      1.087351    96A      1.153293    97A      1.195188  
      98A      1.198744    99A      1.244189   100A      1.257178  
     101A      1.276994   102A      1.315254   103A      1.392041  
     104A      1.414435   105A      1.444792   106A      1.457853  
     107A      1.460177   108A      1.489978   109A      1.490459  
     110A      1.495336   111A      1.501173   112A      1.510332  
     113A      1.531167   114A      1.724353   115A      1.765771  
     116A      1.783139   117A      1.857663   118A      1.894253  
     119A      1.898192   120A      1.910093   121A      1.930986  
     122A      1.943329   123A      1.953440   124A      1.953933  
     125A      1.995616   126A      2.030139   127A      2.048156  
     128A      2.125151   129A      2.147431   130A      2.160769  
     131A      2.197308   132A      2.202355   133A      2.209349  
     134A      2.281136   135A      2.282135   136A      2.302029  
     137A      2.328246   138A      2.340341   139A      2.379112  
     140A      2.418703   141A      2.606287   142A      2.614550  
     143A      2.619124   144A      2.620734   145A      2.641932  
     146A      2.674025   147A      2.720723   148A      2.752026  
     149A      2.782621   150A      2.833887   151A      2.857016  
     152A      2.877513   153A      2.940905   154A      3.097775  
     155A      3.352537   156A      3.475242   157A      4.080810  
     158A      4.094296   159A      4.118433   160A      4.121134  
     161A      4.150995   162A      4.261986   163A      4.350060  
     164A      4.400145   165A      4.516485   166A      4.800609  

    Final Occupation by Irrep:
              A 
    DOCC [    34 ]
    NA   [    34 ]
    NB   [    34 ]

  @DF-RKS Final Energy:  -385.89184044059624

   => Energetics <=

    Nuclear Repulsion Energy =            457.2041831472380977
    One-Electron Energy =               -1425.4564825040483811
    Two-Electron Energy =                 628.6677743367296216
    DFT Exchange-Correlation Energy =     -46.3073154205157067
    Empirical Dispersion Energy =           0.0000000000000000
    VV10 Nonlocal Energy =                  0.0000000000000000
    Total Energy =                       -385.8918404405962974

Computation Completed


Properties will be evaluated at   0.000000,   0.000000,   0.000000 [a0]

Properties computed using the SCF density matrix


 Multipole Moments:

 ------------------------------------------------------------------------------------
     Multipole            Electronic (a.u.)      Nuclear  (a.u.)        Total (a.u.)
 ------------------------------------------------------------------------------------

 L = 1.  Multiply by 2.5417464519 to convert [e a0] to [Debye]
 Dipole X            :         -0.0585733            0.0636070            0.0050337
 Dipole Y            :         -0.0071280            0.0077403            0.0006123
 Dipole Z            :         -0.0069963            0.0075933            0.0005970
 Magnitude           :                                                    0.0051058

 ------------------------------------------------------------------------------------

*** tstop() called on Asus18 at Tue Sep 15 16:30:58 2026
Module time:
	user time   =        nan seconds =        nan minutes
	system time =        nan seconds =        nan minutes
	total time  =         14 seconds =       0.23 minutes
Total time:
	user time   =        nan seconds =        nan minutes
	system time =        nan seconds =        nan minutes
	total time  =        272 seconds =       4.53 minutes

Scratch directory: C:\Users\thebr\AppData\Local\Temp/
   => Libint2 <=

    Primary   basis highest AM E, G, H:  7, 6, -
    Auxiliary basis highest AM E, G, H:  7, 7, -
    Onebody   basis highest AM E, G, H:  -, -, -
    Solid Harmonics ordering:            Gaussian

*** tstart() called on Asus18
*** at Tue Sep 15 16:30:58 2026

   => Loading Basis Set <=

    Name: 6-31G*
    Role: ORBITAL
    Keyword: BASIS
    atoms 1-10  entry C          line   111 file C:\Users\thebr\.conda\envs\qc\Library\share\psi4\basis\6-31gs.gbs 
    atoms 11-18 entry H          line    44 file C:\Users\thebr\.conda\envs\qc\Library\share\psi4\basis\6-31gs.gbs 


         ---------------------------------------------------------
                                   SCF
               by Justin Turney, Rob Parrish, Andy Simmonett
                          and Daniel G. A. Smith
                              RKS Reference
                        8 Threads,   -562 MiB Core
         ---------------------------------------------------------

  ==> Geometry <==

    Molecular point group: c1
    Full point group: C1

    Geometry (in Bohr), charge = 0, multiplicity = 1:

       Center              X                  Y                   Z               Mass       
    ------------   -----------------  -----------------  -----------------  -----------------
         C            4.336857472013     1.887132551944     0.676558419636    12.000000000000
         C            4.695645949508    -0.784681317373     0.402927798662    12.000000000000
         C            2.694161790667    -2.317037658251     0.013575704894    12.000000000000
         C            0.172077239250    -1.337429932342    -0.137765106539    12.000000000000
         C           -1.939917746416    -2.903149863053    -0.542599906478    12.000000000000
         C           -4.375312254372    -1.859242931177    -0.677362373793    12.000000000000
         C           -4.725501521192     0.748435467885    -0.410291244849    12.000000000000
         C           -2.644521709764     2.343578435933    -0.005291505210    12.000000000000
         C           -0.186918115122     1.335613271776     0.135990267593    12.000000000000
         C            1.994965636632     2.889402395694     0.546827556696    12.000000000000
         H            5.982151444459     3.073591825949     0.988059914538     1.007825032230
         H            6.601500205754    -1.537452910626     0.515871476449     1.007825032230
         H            2.871783017621    -4.353513581275    -0.205084794319     1.007825032230
         H           -1.751488939976    -4.941924974955    -0.760418458280     1.007825032230
         H           -5.980125511891    -3.104673856425    -0.991502997933     1.007825032230
         H           -6.607735546269     1.568110666546    -0.512890574942     1.007825032230
         H           -3.001065282707     4.361835703403     0.192429144996     1.007825032230
         H            1.628546667264     4.902831915590     0.742962601894     1.007825032230

  Running in c1 symmetry.

  Rotational constants: A =      0.10399  B =      0.04103  C =      0.02942 [cm^-1]
  Rotational constants: A =   3117.65041  B =   1229.94959  C =    881.99302 [MHz]
  Nuclear repulsion =  457.211684530323680

  Charge       = 0
  Multiplicity = 1
  Electrons    = 68
  Nalpha       = 34
  Nbeta        = 34

  ==> Algorithm <==

  SCF Algorithm Type is DF.
  DIIS enabled.
  MOM disabled.
  Fractional occupation disabled.
  Guess Type is SAD.
  Energy threshold   = 1.00e-10
  Density threshold  = 1.00e-08
  Integral threshold = 1.00e-12

  ==> Primary Basis <==

  Basis Set: 6-31G*
    Blend: 6-31G*
    Number of shells: 76
    Number of basis functions: 166
    Number of Cartesian functions: 166
    Spherical Harmonics?: false
    Max angular momentum: 2

  ==> DFT Potential <==

   => LibXC <=

    Version 7.1.2
    S. Lehtola, C. Steigemann, M. J. T. Oliveira, and M. A. L. Marques,  SoftwareX 7, 1–5 (2018) (10.1016/j.softx.2017.11.002)

   => Composite Functional: B3LYP <= 

    B3LYP Hyb-GGA Exchange-Correlation Functional

    P. J. Stephens, F. J. Devlin, C. F. Chabalowski, and M. J. Frisch,  J. Phys. Chem. 98, 11623 (1994) (10.1021/j100096a001)

    Deriv               =              1
    GGA                 =           TRUE
    Meta                =          FALSE

    Exchange Hybrid     =           TRUE
    MP2 Hybrid          =          FALSE

   => Exchange Functionals <=

    0.0800   Slater exchange
    0.7200         Becke 88

   => Exact (HF) Exchange <=

    0.2000               HF 

   => Correlation Functionals <=

    0.1900   Vosko, Wilk & Nusair (VWN5_RPA)
    0.8100   Lee, Yang & Parr

   => LibXC Density Thresholds  <==

    XC_HYB_GGA_XC_B3LYP:  1.00E-15 

   => Molecular Quadrature <=

    Radial Scheme          =       TREUTLER
    Pruning Scheme         =           NONE
    Nuclear Scheme         =       TREUTLER

    Blocking Scheme        =         OCTREE
    BS radius alpha        =              1
    Pruning alpha          =              1
    Radial Points          =             99
    Spherical Points       =            590
    Total Points           =         960162
    Total Blocks           =           6593
    Max Points             =            256
    Max Functions          =            160
    Weights Tolerance      =       1.00E-15

   => Loading Basis Set <=

    Name: (6-31G* AUX)
    Role: JKFIT
    Keyword: DF_BASIS_SCF
    atoms 1-10  entry C          line   121 file C:\Users\thebr\.conda\envs\qc\Library\share\psi4\basis\cc-pvdz-jkfit.gbs 
    atoms 11-18 entry H          line    51 file C:\Users\thebr\.conda\envs\qc\Library\share\psi4\basis\cc-pvdz-jkfit.gbs 

  ==> Integral Setup <==

  DFHelper Memory: AOs need 0.213 GiB; user supplied 2.423 GiB. 
  SCF_SUBTYPE=INCORE selected. In-core MEM_DF algorithm will be used.
  Using in-core AOs.

  ==> MemDFJK: Density-Fitted J/K Matrices <==

    J tasked:                   Yes
    K tasked:                   Yes
    wK tasked:                   No
    OpenMP threads:               8
    Memory [MiB]:              2481
    Algorithm:                 Core
    Schwarz Cutoff:           1E-12
    Mask sparsity (%):       4.7249
    Fitting Condition:        1E-10

   => Auxiliary Basis Set <=

  Basis Set: (6-31G* AUX)
    Blend: CC-PVDZ-JKFIT
    Number of shells: 312
    Number of basis functions: 1010
    Number of Cartesian functions: 1010
    Spherical Harmonics?: false
    Max angular momentum: 3

  Cached 100.0% of DFT collocation blocks in 3.164 [GiB].

  Minimum eigenvalue in the overlap matrix is 3.0754204454E-04.
  Reciprocal condition number of the overlap matrix is 3.8992171694E-05.
    Using symmetric orthogonalization.

  ==> Pre-Iterations <==

  SCF Guess: Superposition of Atomic Densities via on-the-fly atomic UHF (no occupation information).

   -------------------------
    Irrep   Nso     Nmo    
   -------------------------
     A        166     166 
   -------------------------
    Total     166     166
   -------------------------

  ==> Iterations <==

                           Total Energy        Delta E     RMS |[F,P]|

   @DF-RKS iter SAD:  -385.34501748929131   -3.85345e+02   0.00000e+00 
   @DF-RKS iter   1:  -385.42820872564317   -8.31912e-02   5.37080e-03 ADIIS/DIIS
   @DF-RKS iter   2:  -385.41528089684294    1.29278e-02   5.56680e-03 ADIIS/DIIS
   @DF-RKS iter   3:  -385.88328972464780   -4.68009e-01   6.56203e-04 ADIIS/DIIS
   @DF-RKS iter   4:  -385.88713129492061   -3.84157e-03   3.94852e-04 ADIIS/DIIS
   @DF-RKS iter   5:  -385.88928426488201   -2.15297e-03   9.77699e-05 DIIS
   @DF-RKS iter   6:  -385.88939713373873   -1.12869e-04   4.63446e-05 DIIS
   @DF-RKS iter   7:  -385.88942713654103   -3.00028e-05   2.06294e-06 DIIS
   @DF-RKS iter   8:  -385.88942718871260   -5.21716e-08   1.01528e-06 DIIS
   @DF-RKS iter   9:  -385.88942720213618   -1.34236e-08   2.86726e-07 DIIS
   @DF-RKS iter  10:  -385.88942720329027   -1.15409e-09   5.83401e-08 DIIS
   @DF-RKS iter  11:  -385.88942720331994   -2.96723e-11   3.90486e-08 DIIS
   @DF-RKS iter  12:  -385.88942720334597   -2.60343e-11   3.63647e-09 DIIS
  Energy and wave function converged.


  ==> Post-Iterations <==

   Electrons on quadrature grid:
      Ntotal   =   68.0000014403 ; deviation = 1.440e-06 

    Orbital Energies [Eh]
    ---------------------

    Doubly Occupied:                                                      

       1A    -10.195521     2A    -10.195107     3A    -10.190718  
       4A    -10.190599     5A    -10.190190     6A    -10.189784  
       7A    -10.188393     8A    -10.188018     9A    -10.186873  
      10A    -10.186841    11A     -0.868658    12A     -0.816208  
      13A     -0.769329    14A     -0.736651    15A     -0.715135  
      16A     -0.621847    17A     -0.607303    18A     -0.592025  
      19A     -0.510875    20A     -0.508171    21A     -0.489732  
      22A     -0.446059    23A     -0.436291    24A     -0.415838  
      25A     -0.412066    26A     -0.396753    27A     -0.385494  
      28A     -0.366721    29A     -0.334914    30A     -0.326792  
      31A     -0.323161    32A     -0.281470    33A     -0.240455  
      34A     -0.212884  

    Virtual:                                                              

      35A     -0.035087    36A     -0.005102    37A      0.036292  
      38A      0.094860    39A      0.103211    40A      0.112772  
      41A      0.121372    42A      0.165957    43A      0.166138  
      44A      0.175242    45A      0.182455    46A      0.204139  
      47A      0.204861    48A      0.247458    49A      0.280348  
      50A      0.304216    51A      0.315975    52A      0.324353  
      53A      0.332779    54A      0.363157    55A      0.471550  
      56A      0.493883    57A      0.513517    58A      0.520229  
      59A      0.527366    60A      0.528755    61A      0.548073  
      62A      0.563867    63A      0.570673    64A      0.582400  
      65A      0.592353    66A      0.603950    67A      0.608351  
      68A      0.611656    69A      0.620459    70A      0.620915  
      71A      0.626734    72A      0.635413    73A      0.639746  
      74A      0.674063    75A      0.691098    76A      0.692994  
      77A      0.757501    78A      0.825871    79A      0.827142  
      80A      0.835636    81A      0.836365    82A      0.838914  
      83A      0.853670    84A      0.857044    85A      0.897743  
      86A      0.902803    87A      0.926465    88A      0.943730  
      89A      0.945802    90A      0.987038    91A      1.001533  
      92A      1.051741    93A      1.058005    94A      1.069696  
      95A      1.087263    96A      1.154183    97A      1.195190  
      98A      1.199894    99A      1.244507   100A      1.257603  
     101A      1.277644   102A      1.316072   103A      1.392235  
     104A      1.414865   105A      1.445052   106A      1.457949  
     107A      1.460680   108A      1.489436   109A      1.490376  
     110A      1.495729   111A      1.502468   112A      1.510979  
     113A      1.531018   114A      1.721558   115A      1.758664  
     116A      1.791611   117A      1.857383   118A      1.893905  
     119A      1.896902   120A      1.910416   121A      1.931625  
     122A      1.938467   123A      1.953635   124A      1.958435  
     125A      1.995382   126A      2.028459   127A      2.046537  
     128A      2.128450   129A      2.148346   130A      2.158998  
     131A      2.193292   132A      2.199694   133A      2.211686  
     134A      2.283543   135A      2.283686   136A      2.302973  
     137A      2.326013   138A      2.346402   139A      2.379524  
     140A      2.416972   141A      2.600549   142A      2.614089  
     143A      2.619477   144A      2.626083   145A      2.642721  
     146A      2.674655   147A      2.722366   148A      2.751687  
     149A      2.783138   150A      2.835507   151A      2.857524  
     152A      2.878826   153A      2.941690   154A      3.098323  
     155A      3.352328   156A      3.475499   157A      4.079601  
     158A      4.095311   159A      4.117955   160A      4.120798  
     161A      4.151433   162A      4.262598   163A      4.350342  
     164A      4.400313   165A      4.516543   166A      4.800613  

    Final Occupation by Irrep:
              A 
    DOCC [    34 ]
    NA   [    34 ]
    NB   [    34 ]

  @DF-RKS Final Energy:  -385.88942720334597

   => Energetics <=

    Nuclear Repulsion Energy =            457.2116845303236801
    One-Electron Energy =               -1425.4675109244683426
    Two-Electron Energy =                 628.6741425641084788
    DFT Exchange-Correlation Energy =     -46.3077433733098900
    Empirical Dispersion Energy =           0.0000000000000000
    VV10 Nonlocal Energy =                  0.0000000000000000
    Total Energy =                       -385.8894272033460311

Computation Completed


Properties will be evaluated at   0.000000,   0.000000,   0.000000 [a0]

Properties computed using the SCF density matrix


 Multipole Moments:

 ------------------------------------------------------------------------------------
     Multipole            Electronic (a.u.)      Nuclear  (a.u.)        Total (a.u.)
 ------------------------------------------------------------------------------------

 L = 1.  Multiply by 2.5417464519 to convert [e a0] to [Debye]
 Dipole X            :          0.1171441           -0.1272135           -0.0100694
 Dipole Y            :          0.0142467           -0.0154727           -0.0012260
 Dipole Z            :          0.0139600           -0.0151560           -0.0011960
 Magnitude           :                                                    0.0102140

 ------------------------------------------------------------------------------------

*** tstop() called on Asus18 at Tue Sep 15 16:31:12 2026
Module time:
	user time   =        nan seconds =        nan minutes
	system time =        nan seconds =        nan minutes
	total time  =         14 seconds =       0.23 minutes
Total time:
	user time   =        nan seconds =        nan minutes
	system time =        nan seconds =        nan minutes
	total time  =        286 seconds =       4.77 minutes

Scratch directory: C:\Users\thebr\AppData\Local\Temp/
   => Libint2 <=

    Primary   basis highest AM E, G, H:  7, 6, -
    Auxiliary basis highest AM E, G, H:  7, 7, -
    Onebody   basis highest AM E, G, H:  -, -, -
    Solid Harmonics ordering:            Gaussian

*** tstart() called on Asus18
*** at Tue Sep 15 16:31:12 2026

   => Loading Basis Set <=

    Name: 6-31G*
    Role: ORBITAL
    Keyword: BASIS
    atoms 1-10  entry C          line   111 file C:\Users\thebr\.conda\envs\qc\Library\share\psi4\basis\6-31gs.gbs 
    atoms 11-18 entry H          line    44 file C:\Users\thebr\.conda\envs\qc\Library\share\psi4\basis\6-31gs.gbs 


         ---------------------------------------------------------
                                   SCF
               by Justin Turney, Rob Parrish, Andy Simmonett
                          and Daniel G. A. Smith
                              RKS Reference
                        8 Threads,   -562 MiB Core
         ---------------------------------------------------------

  ==> Geometry <==

    Molecular point group: c1
    Full point group: C1

    Geometry (in Bohr), charge = 0, multiplicity = 1:

       Center              X                  Y                   Z               Mass       
    ------------   -----------------  -----------------  -----------------  -----------------
         C            4.374893770157     1.859647068740     0.677351562721    12.000000000000
         C            4.725236770787    -0.748872780697     0.410220287237    12.000000000000
         C            2.645106110082    -2.343604014667     0.005318368899    12.000000000000
         C            0.186738399081    -1.334365820266    -0.135866580922    12.000000000000
         C           -1.995494875987    -2.889545231901    -0.546867013227    12.000000000000
         C           -4.336436901326    -1.887535093789    -0.676565920929    12.000000000000
         C           -4.695383524732     0.785115031693    -0.402837873317    12.000000000000
         C           -2.694739912037     2.317071255930    -0.013669636612    12.000000000000
         C           -0.171897315601     1.336185142481     0.137641098832    12.000000000000
         C            1.940440801109     2.903285065292     0.542710168804    12.000000000000
         H            5.980173455384     3.104424593088     0.991450663720     1.007825032230
         H            6.607589952093    -1.568203248463     0.512905814692     1.007825032230
         H            3.001724822819    -4.361818779898    -0.192396849193     1.007825032230
         H           -1.629416004522    -4.902983641762    -0.743041969710     1.007825032230
         H           -5.982191679733    -3.073334966755    -0.988076962451     1.007825032230
         H           -6.601363377793     1.537534062778    -0.515806463830     1.007825032230
         H           -2.872439451463     4.353504070481     0.204990856140     1.007825032230
         H            1.752356166223     4.942072078473     0.760544563926     1.007825032230

  Running in c1 symmetry.

  Rotational constants: A =      0.10399  B =      0.04103  C =      0.02942 [cm^-1]
  Rotational constants: A =   3117.67570  B =   1229.96144  C =    882.00113 [MHz]
  Nuclear repulsion =  457.216818328762713

  Charge       = 0
  Multiplicity = 1
  Electrons    = 68
  Nalpha       = 34
  Nbeta        = 34

  ==> Algorithm <==

  SCF Algorithm Type is DF.
  DIIS enabled.
  MOM disabled.
  Fractional occupation disabled.
  Guess Type is SAD.
  Energy threshold   = 1.00e-10
  Density threshold  = 1.00e-08
  Integral threshold = 1.00e-12

  ==> Primary Basis <==

  Basis Set: 6-31G*
    Blend: 6-31G*
    Number of shells: 76
    Number of basis functions: 166
    Number of Cartesian functions: 166
    Spherical Harmonics?: false
    Max angular momentum: 2

  ==> DFT Potential <==

   => LibXC <=

    Version 7.1.2
    S. Lehtola, C. Steigemann, M. J. T. Oliveira, and M. A. L. Marques,  SoftwareX 7, 1–5 (2018) (10.1016/j.softx.2017.11.002)

   => Composite Functional: B3LYP <= 

    B3LYP Hyb-GGA Exchange-Correlation Functional

    P. J. Stephens, F. J. Devlin, C. F. Chabalowski, and M. J. Frisch,  J. Phys. Chem. 98, 11623 (1994) (10.1021/j100096a001)

    Deriv               =              1
    GGA                 =           TRUE
    Meta                =          FALSE

    Exchange Hybrid     =           TRUE
    MP2 Hybrid          =          FALSE

   => Exchange Functionals <=

    0.0800   Slater exchange
    0.7200         Becke 88

   => Exact (HF) Exchange <=

    0.2000               HF 

   => Correlation Functionals <=

    0.1900   Vosko, Wilk & Nusair (VWN5_RPA)
    0.8100   Lee, Yang & Parr

   => LibXC Density Thresholds  <==

    XC_HYB_GGA_XC_B3LYP:  1.00E-15 

   => Molecular Quadrature <=

    Radial Scheme          =       TREUTLER
    Pruning Scheme         =           NONE
    Nuclear Scheme         =       TREUTLER

    Blocking Scheme        =         OCTREE
    BS radius alpha        =              1
    Pruning alpha          =              1
    Radial Points          =             99
    Spherical Points       =            590
    Total Points           =         960167
    Total Blocks           =           6585
    Max Points             =            256
    Max Functions          =            160
    Weights Tolerance      =       1.00E-15

   => Loading Basis Set <=

    Name: (6-31G* AUX)
    Role: JKFIT
    Keyword: DF_BASIS_SCF
    atoms 1-10  entry C          line   121 file C:\Users\thebr\.conda\envs\qc\Library\share\psi4\basis\cc-pvdz-jkfit.gbs 
    atoms 11-18 entry H          line    51 file C:\Users\thebr\.conda\envs\qc\Library\share\psi4\basis\cc-pvdz-jkfit.gbs 

  ==> Integral Setup <==

  DFHelper Memory: AOs need 0.213 GiB; user supplied 2.423 GiB. 
  SCF_SUBTYPE=INCORE selected. In-core MEM_DF algorithm will be used.
  Using in-core AOs.

  ==> MemDFJK: Density-Fitted J/K Matrices <==

    J tasked:                   Yes
    K tasked:                   Yes
    wK tasked:                   No
    OpenMP threads:               8
    Memory [MiB]:              2481
    Algorithm:                 Core
    Schwarz Cutoff:           1E-12
    Mask sparsity (%):       4.7249
    Fitting Condition:        1E-10

   => Auxiliary Basis Set <=

  Basis Set: (6-31G* AUX)
    Blend: CC-PVDZ-JKFIT
    Number of shells: 312
    Number of basis functions: 1010
    Number of Cartesian functions: 1010
    Spherical Harmonics?: false
    Max angular momentum: 3

  Cached 100.0% of DFT collocation blocks in 3.165 [GiB].

  Minimum eigenvalue in the overlap matrix is 3.0766914520E-04.
  Reciprocal condition number of the overlap matrix is 3.9006163313E-05.
    Using symmetric orthogonalization.

  ==> Pre-Iterations <==

  SCF Guess: Superposition of Atomic Densities via on-the-fly atomic UHF (no occupation information).

   -------------------------
    Irrep   Nso     Nmo    
   -------------------------
     A        166     166 
   -------------------------
    Total     166     166
   -------------------------

  ==> Iterations <==

                           Total Energy        Delta E     RMS |[F,P]|

   @DF-RKS iter SAD:  -385.34520437610030   -3.85345e+02   0.00000e+00 
   @DF-RKS iter   1:  -385.42810189286689   -8.28975e-02   5.37157e-03 ADIIS/DIIS
   @DF-RKS iter   2:  -385.41515743195862    1.29445e-02   5.56769e-03 ADIIS/DIIS
   @DF-RKS iter   3:  -385.88329651437601   -4.68139e-01   6.55608e-04 ADIIS/DIIS
   @DF-RKS iter   4:  -385.88712844541351   -3.83193e-03   3.94631e-04 ADIIS/DIIS
   @DF-RKS iter   5:  -385.88927851614102   -2.15007e-03   9.77709e-05 DIIS
   @DF-RKS iter   6:  -385.88939133570773   -1.12820e-04   4.63833e-05 DIIS
   @DF-RKS iter   7:  -385.88942139016268   -3.00545e-05   2.05736e-06 DIIS
   @DF-RKS iter   8:  -385.88942144192106   -5.17584e-08   1.01761e-06 DIIS
   @DF-RKS iter   9:  -385.88942145548879   -1.35677e-08   2.88429e-07 DIIS
   @DF-RKS iter  10:  -385.88942145665504   -1.16626e-09   6.86075e-08 DIIS
   @DF-RKS iter  11:  -385.88942145670410   -4.90559e-11   3.99705e-08 DIIS
   @DF-RKS iter  12:  -385.88942145673064   -2.65459e-11   3.35248e-09 DIIS
  Energy and wave function converged.


  ==> Post-Iterations <==

   Electrons on quadrature grid:
      Ntotal   =   68.0000014329 ; deviation = 1.433e-06 

    Orbital Energies [Eh]
    ---------------------

    Doubly Occupied:                                                      

       1A    -10.195519     2A    -10.195100     3A    -10.190705  
       4A    -10.190596     5A    -10.190169     6A    -10.189755  
       7A    -10.188350     8A    -10.187978     9A    -10.186855  
      10A    -10.186821    11A     -0.868685    12A     -0.816225  
      13A     -0.769236    14A     -0.736630    15A     -0.715220  
      16A     -0.621721    17A     -0.607266    18A     -0.592145  
      19A     -0.510920    20A     -0.508062    21A     -0.489705  
      22A     -0.446054    23A     -0.436351    24A     -0.415868  
      25A     -0.412013    26A     -0.396797    27A     -0.385505  
      28A     -0.366632    29A     -0.334809    30A     -0.326894  
      31A     -0.323174    32A     -0.281368    33A     -0.240463  
      34A     -0.212988  

    Virtual:                                                              

      35A     -0.034941    36A     -0.005045    37A      0.036133  
      38A      0.094852    39A      0.103276    40A      0.112775  
      41A      0.121416    42A      0.165983    43A      0.166130  
      44A      0.175285    45A      0.182322    46A      0.204168  
      47A      0.204839    48A      0.247314    49A      0.280585  
      50A      0.304403    51A      0.315943    52A      0.324188  
      53A      0.332927    54A      0.362819    55A      0.471371  
      56A      0.493854    57A      0.513529    58A      0.520477  
      59A      0.527576    60A      0.529042    61A      0.548054  
      62A      0.563875    63A      0.570671    64A      0.582214  
      65A      0.592306    66A      0.603815    67A      0.608571  
      68A      0.611731    69A      0.620303    70A      0.620684  
      71A      0.626686    72A      0.635614    73A      0.639977  
      74A      0.674071    75A      0.691152    76A      0.692917  
      77A      0.757521    78A      0.826011    79A      0.827201  
      80A      0.835601    81A      0.836331    82A      0.838902  
      83A      0.853681    84A      0.856917    85A      0.897729  
      86A      0.902733    87A      0.926493    88A      0.943600  
      89A      0.945784    90A      0.987103    91A      1.001449  
      92A      1.051881    93A      1.057819    94A      1.069579  
      95A      1.087595    96A      1.154190    97A      1.195329  
      98A      1.199881    99A      1.244559   100A      1.257545  
     101A      1.277581   102A      1.315804   103A      1.392370  
     104A      1.414872   105A      1.445045   106A      1.457981  
     107A      1.460661   108A      1.489436   109A      1.490518  
     110A      1.495836   111A      1.502356   112A      1.510990  
     113A      1.531126   114A      1.722030   115A      1.758349  
     116A      1.791163   117A      1.857249   118A      1.893903  
     119A      1.896913   120A      1.910450   121A      1.932040  
     122A      1.938250   123A      1.953939   124A      1.958239  
     125A      1.995512   126A      2.028264   127A      2.046492  
     128A      2.127877   129A      2.148973   130A      2.159640  
     131A      2.193288   132A      2.200094   133A      2.212041  
     134A      2.283619   135A      2.283878   136A      2.302715  
     137A      2.325660   138A      2.346023   139A      2.379707  
     140A      2.417265   141A      2.600870   142A      2.614037  
     143A      2.619183   144A      2.626365   145A      2.642914  
     146A      2.675020   147A      2.721827   148A      2.751626  
     149A      2.783687   150A      2.835335   151A      2.857480  
     152A      2.878639   153A      2.941891   154A      3.098150  
     155A      3.352341   156A      3.475755   157A      4.079624  
     158A      4.095364   159A      4.117772   160A      4.120701  
     161A      4.151616   162A      4.262467   163A      4.350360  
     164A      4.400352   165A      4.516591   166A      4.800657  

    Final Occupation by Irrep:
              A 
    DOCC [    34 ]
    NA   [    34 ]
    NB   [    34 ]

  @DF-RKS Final Energy:  -385.88942145673064

   => Energetics <=

    Nuclear Repulsion Energy =            457.2168183287627130
    One-Electron Energy =               -1425.4782499646948963
    Two-Electron Energy =                 628.6799130474540789
    DFT Exchange-Correlation Energy =     -46.3079028682524338
    Empirical Dispersion Energy =           0.0000000000000000
    VV10 Nonlocal Energy =                  0.0000000000000000
    Total Energy =                       -385.8894214567305880

Computation Completed


Properties will be evaluated at   0.000000,   0.000000,   0.000000 [a0]

Properties computed using the SCF density matrix


 Multipole Moments:

 ------------------------------------------------------------------------------------
     Multipole            Electronic (a.u.)      Nuclear  (a.u.)        Total (a.u.)
 ------------------------------------------------------------------------------------

 L = 1.  Multiply by 2.5417464519 to convert [e a0] to [Debye]
 Dipole X            :         -0.1171800            0.1272138            0.0100338
 Dipole Y            :         -0.0142618            0.0154779            0.0012161
 Dipole Z            :         -0.0139864            0.0151764            0.0011900
 Magnitude           :                                                    0.0101770

 ------------------------------------------------------------------------------------

*** tstop() called on Asus18 at Tue Sep 15 16:31:27 2026
Module time:
	user time   =        nan seconds =        nan minutes
	system time =        nan seconds =        nan minutes
	total time  =         15 seconds =       0.25 minutes
Total time:
	user time   =        nan seconds =        nan minutes
	system time =        nan seconds =        nan minutes
	total time  =        301 seconds =       5.02 minutes

Scratch directory: C:\Users\thebr\AppData\Local\Temp/
   => Libint2 <=

    Primary   basis highest AM E, G, H:  7, 6, -
    Auxiliary basis highest AM E, G, H:  7, 7, -
    Onebody   basis highest AM E, G, H:  -, -, -
    Solid Harmonics ordering:            Gaussian

*** tstart() called on Asus18
*** at Tue Sep 15 16:31:27 2026

   => Loading Basis Set <=

    Name: 6-31G*
    Role: ORBITAL
    Keyword: BASIS
    atoms 1-10  entry C          line   111 file C:\Users\thebr\.conda\envs\qc\Library\share\psi4\basis\6-31gs.gbs 
    atoms 11-18 entry H          line    44 file C:\Users\thebr\.conda\envs\qc\Library\share\psi4\basis\6-31gs.gbs 


         ---------------------------------------------------------
                                   SCF
               by Justin Turney, Rob Parrish, Andy Simmonett
                          and Daniel G. A. Smith
                              RKS Reference
                        8 Threads,   -562 MiB Core
         ---------------------------------------------------------

  ==> Geometry <==

    Molecular point group: c1
    Full point group: C1

    Geometry (in Bohr), charge = 0, multiplicity = 1:

       Center              X                  Y                   Z               Mass       
    ------------   -----------------  -----------------  -----------------  -----------------
         C            4.346366546549     1.880261181143     0.676756705407    12.000000000000
         C            4.703043654828    -0.775729183204     0.404750920806    12.000000000000
         C            2.681897870521    -2.323679247355     0.011511370895    12.000000000000
         C            0.175742529208    -1.336663904323    -0.137290475135    12.000000000000
         C           -1.953812028809    -2.899748705265    -0.543666683165    12.000000000000
         C           -4.365593416110    -1.866315971830    -0.677163260577    12.000000000000
         C           -4.717972022077     0.757605358837    -0.408427901966    12.000000000000
         C           -2.657076260332     2.336951640933    -0.007386038060    12.000000000000
         C           -0.183162915242     1.335756239452     0.136402975402    12.000000000000
         C            1.981334427751     2.892873063094     0.545798209723    12.000000000000
         H            5.981656947190     3.081300017734     0.988907601834     1.007825032230
         H            6.603022642339    -1.545140495085     0.515130061010     1.007825032230
         H            2.904268468920    -4.355589880931    -0.201912808037     1.007825032230
         H           -1.720970706112    -4.932189641657    -0.756074336138     1.007825032230
         H           -5.980642053851    -3.096839134008    -0.990646489062     1.007825032230
         H           -6.606142504150     1.560466515604    -0.513619547164     1.007825032230
         H           -2.968908824896     4.359752795172     0.195569572782     1.007825032230
         H            1.659499042004     4.912641956311     0.747358092402     1.007825032230

  Running in c1 symmetry.

  Rotational constants: A =      0.10400  B =      0.04103  C =      0.02942 [cm^-1]
  Rotational constants: A =   3117.73461  B =   1229.99412  C =    882.02265 [MHz]
  Nuclear repulsion =  457.201619601004552

  Charge       = 0
  Multiplicity = 1
  Electrons    = 68
  Nalpha       = 34
  Nbeta        = 34

  ==> Algorithm <==

  SCF Algorithm Type is DF.
  DIIS enabled.
  MOM disabled.
  Fractional occupation disabled.
  Guess Type is SAD.
  Energy threshold   = 1.00e-10
  Density threshold  = 1.00e-08
  Integral threshold = 1.00e-12

  ==> Primary Basis <==

  Basis Set: 6-31G*
    Blend: 6-31G*
    Number of shells: 76
    Number of basis functions: 166
    Number of Cartesian functions: 166
    Spherical Harmonics?: false
    Max angular momentum: 2

  ==> DFT Potential <==

   => LibXC <=

    Version 7.1.2
    S. Lehtola, C. Steigemann, M. J. T. Oliveira, and M. A. L. Marques,  SoftwareX 7, 1–5 (2018) (10.1016/j.softx.2017.11.002)

   => Composite Functional: BHANDHLYP <= 

    BHandHLYP Hyb-GGA Exchange-Correlation Functional

    A. D. Becke,  J. Chem. Phys. 98, 1372 (1993) (10.1063/1.464304)
    Defined through Gaussian implementation.

    Deriv               =              1
    GGA                 =           TRUE
    Meta                =          FALSE

    Exchange Hybrid     =           TRUE
    MP2 Hybrid          =          FALSE

   => Exchange Functionals <=

    0.5000         Becke 88

   => Exact (HF) Exchange <=

    0.5000               HF 

   => Correlation Functionals <=

    1.0000   Lee, Yang & Parr

   => LibXC Density Thresholds  <==

    XC_HYB_GGA_XC_BHANDHLYP:  1.00E-15 

   => Molecular Quadrature <=

    Radial Scheme          =       TREUTLER
    Pruning Scheme         =           NONE
    Nuclear Scheme         =       TREUTLER

    Blocking Scheme        =         OCTREE
    BS radius alpha        =              1
    Pruning alpha          =              1
    Radial Points          =             99
    Spherical Points       =            590
    Total Points           =         960054
    Total Blocks           =           6577
    Max Points             =            256
    Max Functions          =            160
    Weights Tolerance      =       1.00E-15

   => Loading Basis Set <=

    Name: (6-31G* AUX)
    Role: JKFIT
    Keyword: DF_BASIS_SCF
    atoms 1-10  entry C          line   121 file C:\Users\thebr\.conda\envs\qc\Library\share\psi4\basis\cc-pvdz-jkfit.gbs 
    atoms 11-18 entry H          line    51 file C:\Users\thebr\.conda\envs\qc\Library\share\psi4\basis\cc-pvdz-jkfit.gbs 

  ==> Integral Setup <==

  DFHelper Memory: AOs need 0.213 GiB; user supplied 2.423 GiB. 
  SCF_SUBTYPE=INCORE selected. In-core MEM_DF algorithm will be used.
  Using in-core AOs.

  ==> MemDFJK: Density-Fitted J/K Matrices <==

    J tasked:                   Yes
    K tasked:                   Yes
    wK tasked:                   No
    OpenMP threads:               8
    Memory [MiB]:              2481
    Algorithm:                 Core
    Schwarz Cutoff:           1E-12
    Mask sparsity (%):       4.7249
    Fitting Condition:        1E-10

   => Auxiliary Basis Set <=

  Basis Set: (6-31G* AUX)
    Blend: CC-PVDZ-JKFIT
    Number of shells: 312
    Number of basis functions: 1010
    Number of Cartesian functions: 1010
    Spherical Harmonics?: false
    Max angular momentum: 3

  Cached 100.0% of DFT collocation blocks in 3.165 [GiB].

  Minimum eigenvalue in the overlap matrix is 3.0901044475E-04.
  Reciprocal condition number of the overlap matrix is 3.9181620976E-05.
    Using symmetric orthogonalization.

  ==> Pre-Iterations <==

  SCF Guess: Superposition of Atomic Densities via on-the-fly atomic UHF (no occupation information).

   -------------------------
    Irrep   Nso     Nmo    
   -------------------------
     A        166     166 
   -------------------------
    Total     166     166
   -------------------------

  ==> Iterations <==

                           Total Energy        Delta E     RMS |[F,P]|

   @DF-RKS iter SAD:  -384.99064451841866   -3.84991e+02   0.00000e+00 
   @DF-RKS iter   1:  -385.39537500411478   -4.04730e-01   3.95439e-03 ADIIS/DIIS
   @DF-RKS iter   2:  -385.52995980548576   -1.34585e-01   2.84723e-03 ADIIS/DIIS
   @DF-RKS iter   3:  -385.64827761847602   -1.18318e-01   2.98952e-04 ADIIS/DIIS
   @DF-RKS iter   4:  -385.64910235070505   -8.24732e-04   1.76700e-04 ADIIS/DIIS
   @DF-RKS iter   5:  -385.64953362692069   -4.31276e-04   4.23342e-05 DIIS
   @DF-RKS iter   6:  -385.64955752582659   -2.38989e-05   1.53084e-05 DIIS
   @DF-RKS iter   7:  -385.64956085244478   -3.32662e-06   1.24463e-06 DIIS
   @DF-RKS iter   8:  -385.64956093207161   -7.96268e-08   3.64923e-07 DIIS
   @DF-RKS iter   9:  -385.64956093754051   -5.46891e-09   2.83700e-07 DIIS
   @DF-RKS iter  10:  -385.64956093930078   -1.76027e-09   6.09552e-08 DIIS
   @DF-RKS iter  11:  -385.64956093940975   -1.08969e-10   2.09194e-08 DIIS
   @DF-RKS iter  12:  -385.64956093941765   -7.90124e-12   7.45498e-09 DIIS
  Energy and wave function converged.


  ==> Post-Iterations <==

   Electrons on quadrature grid:
      Ntotal   =   68.0000015533 ; deviation = 1.553e-06 

    Orbital Energies [Eh]
    ---------------------

    Doubly Occupied:                                                      

       1A    -10.602921     2A    -10.602291     3A    -10.597133  
       4A    -10.596871     5A    -10.596301     6A    -10.595848  
       7A    -10.595809     8A    -10.595336     9A    -10.594513  
      10A    -10.594343    11A     -0.989484    12A     -0.931867  
      13A     -0.880600    14A     -0.844391    15A     -0.820817  
      16A     -0.715077    17A     -0.699171    18A     -0.680264  
      19A     -0.588874    20A     -0.587467    21A     -0.566035  
      22A     -0.518654    23A     -0.507504    24A     -0.484089  
      25A     -0.482211    26A     -0.466002    27A     -0.446371  
      28A     -0.431555    29A     -0.398476    30A     -0.388850  
      31A     -0.375679    32A     -0.326427    33A     -0.275499  
      34A     -0.246555  

    Virtual:                                                              

      35A      0.006623    36A      0.037726    37A      0.087299  
      38A      0.141189    39A      0.160119    40A      0.165120  
      41A      0.168124    42A      0.212970    43A      0.216205  
      44A      0.222797    45A      0.233795    46A      0.255827  
      47A      0.276817    48A      0.302367    49A      0.342074  
      50A      0.366757    51A      0.372561    52A      0.380522  
      53A      0.390205    54A      0.422670    55A      0.535850  
      56A      0.573755    57A      0.589549    58A      0.591856  
      59A      0.595650    60A      0.606084    61A      0.624162  
      62A      0.624892    63A      0.648251    64A      0.660502  
      65A      0.661655    66A      0.682891    67A      0.691888  
      68A      0.692304    69A      0.693898    70A      0.697654  
      71A      0.705138    72A      0.708069    73A      0.716221  
      74A      0.756606    75A      0.772835    76A      0.774026  
      77A      0.839977    78A      0.917167    79A      0.918246  
      80A      0.920702    81A      0.928156    82A      0.930364  
      83A      0.947645    84A      0.947809    85A      0.984530  
      86A      0.987253    87A      1.019156    88A      1.024227  
      89A      1.030637    90A      1.072725    91A      1.085198  
      92A      1.128813    93A      1.133708    94A      1.147041  
      95A      1.173156    96A      1.236965    97A      1.282244  
      98A      1.287204    99A      1.332201   100A      1.345482  
     101A      1.364137   102A      1.401332   103A      1.485512  
     104A      1.508142   105A      1.532964   106A      1.549354  
     107A      1.552886   108A      1.581247   109A      1.587118  
     110A      1.592268   111A      1.598700   112A      1.608230  
     113A      1.621844   114A      1.824511   115A      1.869899  
     116A      1.887162   117A      1.960850   118A      1.995215  
     119A      2.002017   120A      2.005144   121A      2.041053  
     122A      2.054645   123A      2.063800   124A      2.066060  
     125A      2.102822   126A      2.143500   127A      2.162991  
     128A      2.237164   129A      2.258432   130A      2.272766  
     131A      2.309417   132A      2.314706   133A      2.321116  
     134A      2.393276   135A      2.396478   136A      2.415698  
     137A      2.444064   138A      2.456253   139A      2.495330  
     140A      2.533510   141A      2.729501   142A      2.731644  
     143A      2.739814   144A      2.743931   145A      2.763486  
     146A      2.795322   147A      2.840026   148A      2.872460  
     149A      2.905039   150A      2.962070   151A      2.978390  
     152A      3.007570   153A      3.070179   154A      3.223932  
     155A      3.486372   156A      3.610783   157A      4.229775  
     158A      4.242972   159A      4.266765   160A      4.269399  
     161A      4.299032   162A      4.410284   163A      4.498878  
     164A      4.548884   165A      4.666122   166A      4.951621  

    Final Occupation by Irrep:
              A 
    DOCC [    34 ]
    NA   [    34 ]
    NB   [    34 ]

  @DF-RKS Final Energy:  -385.64956093941765

   => Energetics <=

    Nuclear Repulsion Energy =            457.2016196010045519
    One-Electron Energy =               -1425.1004799413967703
    Two-Electron Energy =                 611.9133253170192575
    DFT Exchange-Correlation Energy =     -29.6640259160447037
    Empirical Dispersion Energy =           0.0000000000000000
    VV10 Nonlocal Energy =                  0.0000000000000000
    Total Energy =                       -385.6495609394177109

Computation Completed


Properties will be evaluated at   0.000000,   0.000000,   0.000000 [a0]

Properties computed using the SCF density matrix


 Multipole Moments:

 ------------------------------------------------------------------------------------
     Multipole            Electronic (a.u.)      Nuclear  (a.u.)        Total (a.u.)
 ------------------------------------------------------------------------------------

 L = 1.  Multiply by 2.5417464519 to convert [e a0] to [Debye]
 Dipole X            :          0.0580748           -0.0636067           -0.0055319
 Dipole Y            :          0.0070621           -0.0077350           -0.0006729
 Dipole Z            :          0.0069156           -0.0075729           -0.0006573
 Magnitude           :                                                    0.0056113

 ------------------------------------------------------------------------------------

*** tstop() called on Asus18 at Tue Sep 15 16:31:40 2026
Module time:
	user time   =        nan seconds =        nan minutes
	system time =        nan seconds =        nan minutes
	total time  =         13 seconds =       0.22 minutes
Total time:
	user time   =        nan seconds =        nan minutes
	system time =        nan seconds =        nan minutes
	total time  =        314 seconds =       5.23 minutes

Scratch directory: C:\Users\thebr\AppData\Local\Temp/
   => Libint2 <=

    Primary   basis highest AM E, G, H:  7, 6, -
    Auxiliary basis highest AM E, G, H:  7, 7, -
    Onebody   basis highest AM E, G, H:  -, -, -
    Solid Harmonics ordering:            Gaussian

*** tstart() called on Asus18
*** at Tue Sep 15 16:31:41 2026

   => Loading Basis Set <=

    Name: 6-31G*
    Role: ORBITAL
    Keyword: BASIS
    atoms 1-10  entry C          line   111 file C:\Users\thebr\.conda\envs\qc\Library\share\psi4\basis\6-31gs.gbs 
    atoms 11-18 entry H          line    44 file C:\Users\thebr\.conda\envs\qc\Library\share\psi4\basis\6-31gs.gbs 


         ---------------------------------------------------------
                                   SCF
               by Justin Turney, Rob Parrish, Andy Simmonett
                          and Daniel G. A. Smith
                              RKS Reference
                        8 Threads,   -562 MiB Core
         ---------------------------------------------------------

  ==> Geometry <==

    Molecular point group: c1
    Full point group: C1

    Geometry (in Bohr), charge = 0, multiplicity = 1:

       Center              X                  Y                   Z               Mass       
    ------------   -----------------  -----------------  -----------------  -----------------
         C            4.365384695621     1.866518439541     0.677153276950    12.000000000000
         C            4.717839065467    -0.757824914866     0.408397165093    12.000000000000
         C            2.657370030228    -2.336962425563     0.007382702898    12.000000000000
         C            0.183073109123    -1.335131848285    -0.136341212327    12.000000000000
         C           -1.981600593594    -2.892946389689    -0.545800236539    12.000000000000
         C           -4.346155739588    -1.880462053136    -0.676765034145    12.000000000000
         C           -4.702913023847     0.775945140741    -0.404701216200    12.000000000000
         C           -2.682185361469     2.323698050931    -0.011575103762    12.000000000000
         C           -0.175652515481     1.336042174805     0.137228391022    12.000000000000
         C            1.954072009990     2.899814397893     0.543739515777    12.000000000000
         H            5.980667952652     3.096716401303     0.990602976424     1.007825032230
         H            6.606067515509    -1.560515664004     0.513647230131     1.007825032230
         H            2.969239371519    -4.359742480242    -0.195568835475     1.007825032230
         H           -1.659934238385    -4.912718975061    -0.747386091853     1.007825032230
         H           -5.981675137773    -3.081169689173    -0.988933471322     1.007825032230
         H           -6.602956419912     1.545178213720    -0.515077491608     1.007825032230
         H           -2.904595909274     4.355586978711     0.201850428354     1.007825032230
         H            1.721403791483     4.932262037752     0.756149073418     1.007825032230

  Running in c1 symmetry.

  Rotational constants: A =      0.10400  B =      0.04103  C =      0.02942 [cm^-1]
  Rotational constants: A =   3117.74726  B =   1230.00004  C =    882.02671 [MHz]
  Nuclear repulsion =  457.204183147238098

  Charge       = 0
  Multiplicity = 1
  Electrons    = 68
  Nalpha       = 34
  Nbeta        = 34

  ==> Algorithm <==

  SCF Algorithm Type is DF.
  DIIS enabled.
  MOM disabled.
  Fractional occupation disabled.
  Guess Type is SAD.
  Energy threshold   = 1.00e-10
  Density threshold  = 1.00e-08
  Integral threshold = 1.00e-12

  ==> Primary Basis <==

  Basis Set: 6-31G*
    Blend: 6-31G*
    Number of shells: 76
    Number of basis functions: 166
    Number of Cartesian functions: 166
    Spherical Harmonics?: false
    Max angular momentum: 2

  ==> DFT Potential <==

   => LibXC <=

    Version 7.1.2
    S. Lehtola, C. Steigemann, M. J. T. Oliveira, and M. A. L. Marques,  SoftwareX 7, 1–5 (2018) (10.1016/j.softx.2017.11.002)

   => Composite Functional: BHANDHLYP <= 

    BHandHLYP Hyb-GGA Exchange-Correlation Functional

    A. D. Becke,  J. Chem. Phys. 98, 1372 (1993) (10.1063/1.464304)
    Defined through Gaussian implementation.

    Deriv               =              1
    GGA                 =           TRUE
    Meta                =          FALSE

    Exchange Hybrid     =           TRUE
    MP2 Hybrid          =          FALSE

   => Exchange Functionals <=

    0.5000         Becke 88

   => Exact (HF) Exchange <=

    0.5000               HF 

   => Correlation Functionals <=

    1.0000   Lee, Yang & Parr

   => LibXC Density Thresholds  <==

    XC_HYB_GGA_XC_BHANDHLYP:  1.00E-15 

   => Molecular Quadrature <=

    Radial Scheme          =       TREUTLER
    Pruning Scheme         =           NONE
    Nuclear Scheme         =       TREUTLER

    Blocking Scheme        =         OCTREE
    BS radius alpha        =              1
    Pruning alpha          =              1
    Radial Points          =             99
    Spherical Points       =            590
    Total Points           =         960050
    Total Blocks           =           6581
    Max Points             =            256
    Max Functions          =            160
    Weights Tolerance      =       1.00E-15

   => Loading Basis Set <=

    Name: (6-31G* AUX)
    Role: JKFIT
    Keyword: DF_BASIS_SCF
    atoms 1-10  entry C          line   121 file C:\Users\thebr\.conda\envs\qc\Library\share\psi4\basis\cc-pvdz-jkfit.gbs 
    atoms 11-18 entry H          line    51 file C:\Users\thebr\.conda\envs\qc\Library\share\psi4\basis\cc-pvdz-jkfit.gbs 

  ==> Integral Setup <==

  DFHelper Memory: AOs need 0.213 GiB; user supplied 2.423 GiB. 
  SCF_SUBTYPE=INCORE selected. In-core MEM_DF algorithm will be used.
  Using in-core AOs.

  ==> MemDFJK: Density-Fitted J/K Matrices <==

    J tasked:                   Yes
    K tasked:                   Yes
    wK tasked:                   No
    OpenMP threads:               8
    Memory [MiB]:              2481
    Algorithm:                 Core
    Schwarz Cutoff:           1E-12
    Mask sparsity (%):       4.7249
    Fitting Condition:        1E-10

   => Auxiliary Basis Set <=

  Basis Set: (6-31G* AUX)
    Blend: CC-PVDZ-JKFIT
    Number of shells: 312
    Number of basis functions: 1010
    Number of Cartesian functions: 1010
    Spherical Harmonics?: false
    Max angular momentum: 3

  Cached 100.0% of DFT collocation blocks in 3.165 [GiB].

  Minimum eigenvalue in the overlap matrix is 3.0907710113E-04.
  Reciprocal condition number of the overlap matrix is 3.9189006129E-05.
    Using symmetric orthogonalization.

  ==> Pre-Iterations <==

  SCF Guess: Superposition of Atomic Densities via on-the-fly atomic UHF (no occupation information).

   -------------------------
    Irrep   Nso     Nmo    
   -------------------------
     A        166     166 
   -------------------------
    Total     166     166
   -------------------------

  ==> Iterations <==

                           Total Energy        Delta E     RMS |[F,P]|

   @DF-RKS iter SAD:  -384.99076296822841   -3.84991e+02   0.00000e+00 
   @DF-RKS iter   1:  -385.39536082508295   -4.04598e-01   3.95473e-03 ADIIS/DIIS
   @DF-RKS iter   2:  -385.52995922704076   -1.34598e-01   2.84749e-03 ADIIS/DIIS
   @DF-RKS iter   3:  -385.64829560126265   -1.18336e-01   2.98781e-04 ADIIS/DIIS
   @DF-RKS iter   4:  -385.64911935319338   -8.23752e-04   1.76603e-04 ADIIS/DIIS
   @DF-RKS iter   5:  -385.64955010946431   -4.30756e-04   4.23191e-05 DIIS
   @DF-RKS iter   6:  -385.64957398773174   -2.38783e-05   1.53145e-05 DIIS
   @DF-RKS iter   7:  -385.64957731755896   -3.32983e-06   1.24498e-06 DIIS
   @DF-RKS iter   8:  -385.64957739734535   -7.97864e-08   3.65317e-07 DIIS
   @DF-RKS iter   9:  -385.64957740281216   -5.46680e-09   2.84154e-07 DIIS
   @DF-RKS iter  10:  -385.64957740457663   -1.76448e-09   6.07597e-08 DIIS
   @DF-RKS iter  11:  -385.64957740468560   -1.08969e-10   2.08626e-08 DIIS
   @DF-RKS iter  12:  -385.64957740469333   -7.73070e-12   7.41063e-09 DIIS
  Energy and wave function converged.


  ==> Post-Iterations <==

   Electrons on quadrature grid:
      Ntotal   =   68.0000015500 ; deviation = 1.550e-06 

    Orbital Energies [Eh]
    ---------------------

    Doubly Occupied:                                                      

       1A    -10.602918     2A    -10.602285     3A    -10.597120  
       4A    -10.596865     5A    -10.596290     6A    -10.595831  
       7A    -10.595788     8A    -10.595320     9A    -10.594503  
      10A    -10.594329    11A     -0.989498    12A     -0.931877  
      13A     -0.880548    14A     -0.844380    15A     -0.820867  
      16A     -0.715005    17A     -0.699150    18A     -0.680334  
      19A     -0.588813    20A     -0.587490    21A     -0.566020  
      22A     -0.518650    23A     -0.507537    24A     -0.484100  
      25A     -0.482183    26A     -0.466032    27A     -0.446377  
      28A     -0.431502    29A     -0.398416    30A     -0.388908  
      31A     -0.375688    32A     -0.326367    33A     -0.275509  
      34A     -0.246625  

    Virtual:                                                              

      35A      0.006714    36A      0.037761    37A      0.087209  
      38A      0.141185    39A      0.160121    40A      0.165156  
      41A      0.168145    42A      0.212982    43A      0.216201  
      44A      0.222822    45A      0.233732    46A      0.255815  
      47A      0.276832    48A      0.302297    49A      0.342193  
      50A      0.366839    51A      0.372552    52A      0.380441  
      53A      0.390296    54A      0.422481    55A      0.535749  
      56A      0.573754    57A      0.589556    58A      0.591978  
      59A      0.595781    60A      0.606225    61A      0.624169  
      62A      0.624881    63A      0.648248    64A      0.660450  
      65A      0.661562    66A      0.682806    67A      0.691933  
      68A      0.692423    69A      0.693821    70A      0.697553  
      71A      0.705109    72A      0.708168    73A      0.716343  
      74A      0.756611    75A      0.772867    76A      0.773977  
      77A      0.839991    78A      0.917195    79A      0.918231  
      80A      0.920776    81A      0.928129    82A      0.930343  
      83A      0.947603    84A      0.947814    85A      0.984501  
      86A      0.987232    87A      1.019175    88A      1.024158  
      89A      1.030634    90A      1.072750    91A      1.085152  
      92A      1.128896    93A      1.133622    94A      1.146972  
      95A      1.173329    96A      1.236964    97A      1.282314  
      98A      1.287197    99A      1.332231   100A      1.345450  
     101A      1.364112   102A      1.401198   103A      1.485579  
     104A      1.508148   105A      1.532958   106A      1.549347  
     107A      1.552902   108A      1.581323   109A      1.587122  
     110A      1.592329   111A      1.598639   112A      1.608236  
     113A      1.621896   114A      1.824764   115A      1.869657  
     116A      1.887014   117A      1.960780   118A      1.995230  
     119A      2.002031   120A      2.005143   121A      2.041272  
     122A      2.054540   123A      2.063698   124A      2.066200  
     125A      2.102891   126A      2.143396   127A      2.162965  
     128A      2.236866   129A      2.258765   130A      2.273102  
     131A      2.309336   132A      2.314910   133A      2.321377  
     134A      2.393375   135A      2.396516   136A      2.415551  
     137A      2.444001   138A      2.455945   139A      2.495425  
     140A      2.533660   141A      2.729661   142A      2.731620  
     143A      2.739663   144A      2.744096   145A      2.763581  
     146A      2.795508   147A      2.839739   148A      2.872437  
     149A      2.905316   150A      2.961972   151A      2.978373  
     152A      3.007480   153A      3.070284   154A      3.223838  
     155A      3.486384   156A      3.610911   157A      4.229786  
     158A      4.243001   159A      4.266668   160A      4.269350  
     161A      4.299131   162A      4.410217   163A      4.498888  
     164A      4.548906   165A      4.666146   166A      4.951644  

    Final Occupation by Irrep:
              A 
    DOCC [    34 ]
    NA   [    34 ]
    NB   [    34 ]

  @DF-RKS Final Energy:  -385.64957740469333

   => Energetics <=

    Nuclear Repulsion Energy =            457.2041831472380977
    One-Electron Energy =               -1425.1059133461153579
    Two-Electron Energy =                 611.9162340416022516
    DFT Exchange-Correlation Energy =     -29.6640812474183413
    Empirical Dispersion Energy =           0.0000000000000000
    VV10 Nonlocal Energy =                  0.0000000000000000
    Total Energy =                       -385.6495774046932752

Computation Completed


Properties will be evaluated at   0.000000,   0.000000,   0.000000 [a0]

Properties computed using the SCF density matrix


 Multipole Moments:

 ------------------------------------------------------------------------------------
     Multipole            Electronic (a.u.)      Nuclear  (a.u.)        Total (a.u.)
 ------------------------------------------------------------------------------------

 L = 1.  Multiply by 2.5417464519 to convert [e a0] to [Debye]
 Dipole X            :         -0.0580821            0.0636070            0.0055249
 Dipole Y            :         -0.0070699            0.0077403            0.0006703
 Dipole Z            :         -0.0069381            0.0075933            0.0006552
 Magnitude           :                                                    0.0056039

 ------------------------------------------------------------------------------------

*** tstop() called on Asus18 at Tue Sep 15 16:31:54 2026
Module time:
	user time   =        nan seconds =        nan minutes
	system time =        nan seconds =        nan minutes
	total time  =         13 seconds =       0.22 minutes
Total time:
	user time   =        nan seconds =        nan minutes
	system time =        nan seconds =        nan minutes
	total time  =        328 seconds =       5.47 minutes

Scratch directory: C:\Users\thebr\AppData\Local\Temp/
   => Libint2 <=

    Primary   basis highest AM E, G, H:  7, 6, -
    Auxiliary basis highest AM E, G, H:  7, 7, -
    Onebody   basis highest AM E, G, H:  -, -, -
    Solid Harmonics ordering:            Gaussian

*** tstart() called on Asus18
*** at Tue Sep 15 16:31:54 2026

   => Loading Basis Set <=

    Name: 6-31G*
    Role: ORBITAL
    Keyword: BASIS
    atoms 1-10  entry C          line   111 file C:\Users\thebr\.conda\envs\qc\Library\share\psi4\basis\6-31gs.gbs 
    atoms 11-18 entry H          line    44 file C:\Users\thebr\.conda\envs\qc\Library\share\psi4\basis\6-31gs.gbs 


         ---------------------------------------------------------
                                   SCF
               by Justin Turney, Rob Parrish, Andy Simmonett
                          and Daniel G. A. Smith
                              RKS Reference
                        8 Threads,   -562 MiB Core
         ---------------------------------------------------------

  ==> Geometry <==

    Molecular point group: c1
    Full point group: C1

    Geometry (in Bohr), charge = 0, multiplicity = 1:

       Center              X                  Y                   Z               Mass       
    ------------   -----------------  -----------------  -----------------  -----------------
         C            4.336857472013     1.887132551944     0.676558419636    12.000000000000
         C            4.695645949508    -0.784681317373     0.402927798662    12.000000000000
         C            2.694161790667    -2.317037658251     0.013575704894    12.000000000000
         C            0.172077239250    -1.337429932342    -0.137765106539    12.000000000000
         C           -1.939917746416    -2.903149863053    -0.542599906478    12.000000000000
         C           -4.375312254372    -1.859242931177    -0.677362373793    12.000000000000
         C           -4.725501521192     0.748435467885    -0.410291244849    12.000000000000
         C           -2.644521709764     2.343578435933    -0.005291505210    12.000000000000
         C           -0.186918115122     1.335613271776     0.135990267593    12.000000000000
         C            1.994965636632     2.889402395694     0.546827556696    12.000000000000
         H            5.982151444459     3.073591825949     0.988059914538     1.007825032230
         H            6.601500205754    -1.537452910626     0.515871476449     1.007825032230
         H            2.871783017621    -4.353513581275    -0.205084794319     1.007825032230
         H           -1.751488939976    -4.941924974955    -0.760418458280     1.007825032230
         H           -5.980125511891    -3.104673856425    -0.991502997933     1.007825032230
         H           -6.607735546269     1.568110666546    -0.512890574942     1.007825032230
         H           -3.001065282707     4.361835703403     0.192429144996     1.007825032230
         H            1.628546667264     4.902831915590     0.742962601894     1.007825032230

  Running in c1 symmetry.

  Rotational constants: A =      0.10399  B =      0.04103  C =      0.02942 [cm^-1]
  Rotational constants: A =   3117.65041  B =   1229.94959  C =    881.99302 [MHz]
  Nuclear repulsion =  457.211684530323680

  Charge       = 0
  Multiplicity = 1
  Electrons    = 68
  Nalpha       = 34
  Nbeta        = 34

  ==> Algorithm <==

  SCF Algorithm Type is DF.
  DIIS enabled.
  MOM disabled.
  Fractional occupation disabled.
  Guess Type is SAD.
  Energy threshold   = 1.00e-10
  Density threshold  = 1.00e-08
  Integral threshold = 1.00e-12

  ==> Primary Basis <==

  Basis Set: 6-31G*
    Blend: 6-31G*
    Number of shells: 76
    Number of basis functions: 166
    Number of Cartesian functions: 166
    Spherical Harmonics?: false
    Max angular momentum: 2

  ==> DFT Potential <==

   => LibXC <=

    Version 7.1.2
    S. Lehtola, C. Steigemann, M. J. T. Oliveira, and M. A. L. Marques,  SoftwareX 7, 1–5 (2018) (10.1016/j.softx.2017.11.002)

   => Composite Functional: BHANDHLYP <= 

    BHandHLYP Hyb-GGA Exchange-Correlation Functional

    A. D. Becke,  J. Chem. Phys. 98, 1372 (1993) (10.1063/1.464304)
    Defined through Gaussian implementation.

    Deriv               =              1
    GGA                 =           TRUE
    Meta                =          FALSE

    Exchange Hybrid     =           TRUE
    MP2 Hybrid          =          FALSE

   => Exchange Functionals <=

    0.5000         Becke 88

   => Exact (HF) Exchange <=

    0.5000               HF 

   => Correlation Functionals <=

    1.0000   Lee, Yang & Parr

   => LibXC Density Thresholds  <==

    XC_HYB_GGA_XC_BHANDHLYP:  1.00E-15 

   => Molecular Quadrature <=

    Radial Scheme          =       TREUTLER
    Pruning Scheme         =           NONE
    Nuclear Scheme         =       TREUTLER

    Blocking Scheme        =         OCTREE
    BS radius alpha        =              1
    Pruning alpha          =              1
    Radial Points          =             99
    Spherical Points       =            590
    Total Points           =         960162
    Total Blocks           =           6593
    Max Points             =            256
    Max Functions          =            160
    Weights Tolerance      =       1.00E-15

   => Loading Basis Set <=

    Name: (6-31G* AUX)
    Role: JKFIT
    Keyword: DF_BASIS_SCF
    atoms 1-10  entry C          line   121 file C:\Users\thebr\.conda\envs\qc\Library\share\psi4\basis\cc-pvdz-jkfit.gbs 
    atoms 11-18 entry H          line    51 file C:\Users\thebr\.conda\envs\qc\Library\share\psi4\basis\cc-pvdz-jkfit.gbs 

  ==> Integral Setup <==

  DFHelper Memory: AOs need 0.213 GiB; user supplied 2.423 GiB. 
  SCF_SUBTYPE=INCORE selected. In-core MEM_DF algorithm will be used.
  Using in-core AOs.

  ==> MemDFJK: Density-Fitted J/K Matrices <==

    J tasked:                   Yes
    K tasked:                   Yes
    wK tasked:                   No
    OpenMP threads:               8
    Memory [MiB]:              2481
    Algorithm:                 Core
    Schwarz Cutoff:           1E-12
    Mask sparsity (%):       4.7249
    Fitting Condition:        1E-10

   => Auxiliary Basis Set <=

  Basis Set: (6-31G* AUX)
    Blend: CC-PVDZ-JKFIT
    Number of shells: 312
    Number of basis functions: 1010
    Number of Cartesian functions: 1010
    Spherical Harmonics?: false
    Max angular momentum: 3

  Cached 100.0% of DFT collocation blocks in 3.164 [GiB].

  Minimum eigenvalue in the overlap matrix is 3.0754204454E-04.
  Reciprocal condition number of the overlap matrix is 3.8992171694E-05.
    Using symmetric orthogonalization.

  ==> Pre-Iterations <==

  SCF Guess: Superposition of Atomic Densities via on-the-fly atomic UHF (no occupation information).

   -------------------------
    Irrep   Nso     Nmo    
   -------------------------
     A        166     166 
   -------------------------
    Total     166     166
   -------------------------

  ==> Iterations <==

                           Total Energy        Delta E     RMS |[F,P]|

   @DF-RKS iter SAD:  -384.99116950752182   -3.84991e+02   0.00000e+00 
   @DF-RKS iter   1:  -385.39205991688760   -4.00890e-01   3.96232e-03 ADIIS/DIIS
   @DF-RKS iter   2:  -385.52665989862311   -1.34600e-01   2.85775e-03 ADIIS/DIIS
   @DF-RKS iter   3:  -385.64581750247635   -1.19158e-01   3.06056e-04 ADIIS/DIIS
   @DF-RKS iter   4:  -385.64668371767942   -8.66215e-04   1.80656e-04 ADIIS/DIIS
   @DF-RKS iter   5:  -385.64713819694964   -4.54479e-04   4.22579e-05 DIIS
   @DF-RKS iter   6:  -385.64716221218998   -2.40152e-05   1.53179e-05 DIIS
   @DF-RKS iter   7:  -385.64716556151728   -3.34933e-06   1.31837e-06 DIIS
   @DF-RKS iter   8:  -385.64716564777780   -8.62605e-08   5.70697e-07 DIIS
   @DF-RKS iter   9:  -385.64716565666430   -8.88650e-09   3.29589e-07 DIIS
   @DF-RKS iter  10:  -385.64716565964005   -2.97575e-09   7.08056e-08 DIIS
   @DF-RKS iter  11:  -385.64716565981365   -1.73600e-10   3.38182e-08 DIIS
   @DF-RKS iter  12:  -385.64716565983957   -2.59206e-11   8.75890e-09 DIIS
  Energy and wave function converged.


  ==> Post-Iterations <==

   Electrons on quadrature grid:
      Ntotal   =   68.0000014044 ; deviation = 1.404e-06 

    Orbital Energies [Eh]
    ---------------------

    Doubly Occupied:                                                      

       1A    -10.602895     2A    -10.602267     3A    -10.597844  
       4A    -10.597727     5A    -10.597010     6A    -10.596371  
       7A    -10.595090     8A    -10.594600     9A    -10.593558  
      10A    -10.593439    11A     -0.989560    12A     -0.931933  
      13A     -0.880800    14A     -0.844521    15A     -0.820929  
      16A     -0.714971    17A     -0.699115    18A     -0.680068  
      19A     -0.588865    20A     -0.587469    21A     -0.566137  
      22A     -0.518686    23A     -0.507533    24A     -0.484963  
      25A     -0.482366    26A     -0.464762    27A     -0.446436  
      28A     -0.431609    29A     -0.397850    30A     -0.387856  
      31A     -0.375789    32A     -0.326713    33A     -0.275775  
      34A     -0.246783  

    Virtual:                                                              

      35A      0.006791    36A      0.038032    37A      0.087610  
      38A      0.141038    39A      0.159973    40A      0.165277  
      41A      0.167883    42A      0.212903    43A      0.215078  
      44A      0.223319    45A      0.233522    46A      0.255051  
      47A      0.276898    48A      0.302698    49A      0.339427  
      50A      0.364247    51A      0.375273    52A      0.379629  
      53A      0.392489    54A      0.423779    55A      0.535572  
      56A      0.573376    57A      0.589232    58A      0.591458  
      59A      0.594474    60A      0.606996    61A      0.624719  
      62A      0.624816    63A      0.648038    64A      0.659541  
      65A      0.661155    66A      0.681243    67A      0.686845  
      68A      0.691847    69A      0.697072    70A      0.698128  
      71A      0.705054    72A      0.713619    73A      0.717487  
      74A      0.756730    75A      0.772942    76A      0.774082  
      77A      0.840097    78A      0.916503    79A      0.918271  
      80A      0.920334    81A      0.926955    82A      0.931123  
      83A      0.947329    84A      0.947764    85A      0.983110  
      86A      0.988152    87A      1.019514    88A      1.024136  
      89A      1.030994    90A      1.073349    91A      1.085441  
      92A      1.128360    93A      1.133759    94A      1.147785  
      95A      1.173400    96A      1.237926    97A      1.282306  
      98A      1.288435    99A      1.332556   100A      1.345905  
     101A      1.364737   102A      1.402065   103A      1.485794  
     104A      1.508604   105A      1.533214   106A      1.549865  
     107A      1.553019   108A      1.581234   109A      1.586629  
     110A      1.592685   111A      1.599933   112A      1.608950  
     113A      1.621752   114A      1.821983   115A      1.862493  
     116A      1.895531   117A      1.960513   118A      1.993682  
     119A      2.002698   120A      2.004821   121A      2.041777  
     122A      2.049982   123A      2.065986   124A      2.068159  
     125A      2.102652   126A      2.141665   127A      2.161157  
     128A      2.240250   129A      2.259691   130A      2.271612  
     131A      2.305282   132A      2.312225   133A      2.323754  
     134A      2.395734   135A      2.397941   136A      2.416661  
     137A      2.441593   138A      2.462251   139A      2.495853  
     140A      2.531900   141A      2.723427   142A      2.731275  
     143A      2.740026   144A      2.749858   145A      2.764186  
     146A      2.796163   147A      2.841540   148A      2.872251  
     149A      2.905750   150A      2.963667   151A      2.978943  
     152A      3.008836   153A      3.071191   154A      3.224442  
     155A      3.486204   156A      3.611181   157A      4.228515  
     158A      4.244081   159A      4.266152   160A      4.269032  
     161A      4.299618   162A      4.410857   163A      4.499194  
     164A      4.549097   165A      4.666239   166A      4.951679  

    Final Occupation by Irrep:
              A 
    DOCC [    34 ]
    NA   [    34 ]
    NB   [    34 ]

  @DF-RKS Final Energy:  -385.64716565983957

   => Energetics <=

    Nuclear Repulsion Energy =            457.2116845303236801
    One-Electron Energy =               -1425.1175426228503511
    Two-Electron Energy =                 611.9230888829132482
    DFT Exchange-Correlation Energy =     -29.6643964502261426
    Empirical Dispersion Energy =           0.0000000000000000
    VV10 Nonlocal Energy =                  0.0000000000000000
    Total Energy =                       -385.6471656598395157

Computation Completed


Properties will be evaluated at   0.000000,   0.000000,   0.000000 [a0]

Properties computed using the SCF density matrix


 Multipole Moments:

 ------------------------------------------------------------------------------------
     Multipole            Electronic (a.u.)      Nuclear  (a.u.)        Total (a.u.)
 ------------------------------------------------------------------------------------

 L = 1.  Multiply by 2.5417464519 to convert [e a0] to [Debye]
 Dipole X            :          0.1161638           -0.1272135           -0.0110497
 Dipole Y            :          0.0141272           -0.0154727           -0.0013455
 Dipole Z            :          0.0138434           -0.0151560           -0.0013126
 Magnitude           :                                                    0.0112085

 ------------------------------------------------------------------------------------

*** tstop() called on Asus18 at Tue Sep 15 16:32:08 2026
Module time:
	user time   =        nan seconds =        nan minutes
	system time =        nan seconds =        nan minutes
	total time  =         14 seconds =       0.23 minutes
Total time:
	user time   =        nan seconds =        nan minutes
	system time =        nan seconds =        nan minutes
	total time  =        342 seconds =       5.70 minutes

Scratch directory: C:\Users\thebr\AppData\Local\Temp/
   => Libint2 <=

    Primary   basis highest AM E, G, H:  7, 6, -
    Auxiliary basis highest AM E, G, H:  7, 7, -
    Onebody   basis highest AM E, G, H:  -, -, -
    Solid Harmonics ordering:            Gaussian

*** tstart() called on Asus18
*** at Tue Sep 15 16:32:08 2026

   => Loading Basis Set <=

    Name: 6-31G*
    Role: ORBITAL
    Keyword: BASIS
    atoms 1-10  entry C          line   111 file C:\Users\thebr\.conda\envs\qc\Library\share\psi4\basis\6-31gs.gbs 
    atoms 11-18 entry H          line    44 file C:\Users\thebr\.conda\envs\qc\Library\share\psi4\basis\6-31gs.gbs 


         ---------------------------------------------------------
                                   SCF
               by Justin Turney, Rob Parrish, Andy Simmonett
                          and Daniel G. A. Smith
                              RKS Reference
                        8 Threads,   -562 MiB Core
         ---------------------------------------------------------

  ==> Geometry <==

    Molecular point group: c1
    Full point group: C1

    Geometry (in Bohr), charge = 0, multiplicity = 1:

       Center              X                  Y                   Z               Mass       
    ------------   -----------------  -----------------  -----------------  -----------------
         C            4.374893770157     1.859647068740     0.677351562721    12.000000000000
         C            4.725236770787    -0.748872780697     0.410220287237    12.000000000000
         C            2.645106110082    -2.343604014667     0.005318368899    12.000000000000
         C            0.186738399081    -1.334365820266    -0.135866580922    12.000000000000
         C           -1.995494875987    -2.889545231901    -0.546867013227    12.000000000000
         C           -4.336436901326    -1.887535093789    -0.676565920929    12.000000000000
         C           -4.695383524732     0.785115031693    -0.402837873317    12.000000000000
         C           -2.694739912037     2.317071255930    -0.013669636612    12.000000000000
         C           -0.171897315601     1.336185142481     0.137641098832    12.000000000000
         C            1.940440801109     2.903285065292     0.542710168804    12.000000000000
         H            5.980173455384     3.104424593088     0.991450663720     1.007825032230
         H            6.607589952093    -1.568203248463     0.512905814692     1.007825032230
         H            3.001724822819    -4.361818779898    -0.192396849193     1.007825032230
         H           -1.629416004522    -4.902983641762    -0.743041969710     1.007825032230
         H           -5.982191679733    -3.073334966755    -0.988076962451     1.007825032230
         H           -6.601363377793     1.537534062778    -0.515806463830     1.007825032230
         H           -2.872439451463     4.353504070481     0.204990856140     1.007825032230
         H            1.752356166223     4.942072078473     0.760544563926     1.007825032230

  Running in c1 symmetry.

  Rotational constants: A =      0.10399  B =      0.04103  C =      0.02942 [cm^-1]
  Rotational constants: A =   3117.67570  B =   1229.96144  C =    882.00113 [MHz]
  Nuclear repulsion =  457.216818328762713

  Charge       = 0
  Multiplicity = 1
  Electrons    = 68
  Nalpha       = 34
  Nbeta        = 34

  ==> Algorithm <==

  SCF Algorithm Type is DF.
  DIIS enabled.
  MOM disabled.
  Fractional occupation disabled.
  Guess Type is SAD.
  Energy threshold   = 1.00e-10
  Density threshold  = 1.00e-08
  Integral threshold = 1.00e-12

  ==> Primary Basis <==

  Basis Set: 6-31G*
    Blend: 6-31G*
    Number of shells: 76
    Number of basis functions: 166
    Number of Cartesian functions: 166
    Spherical Harmonics?: false
    Max angular momentum: 2

  ==> DFT Potential <==

   => LibXC <=

    Version 7.1.2
    S. Lehtola, C. Steigemann, M. J. T. Oliveira, and M. A. L. Marques,  SoftwareX 7, 1–5 (2018) (10.1016/j.softx.2017.11.002)

   => Composite Functional: BHANDHLYP <= 

    BHandHLYP Hyb-GGA Exchange-Correlation Functional

    A. D. Becke,  J. Chem. Phys. 98, 1372 (1993) (10.1063/1.464304)
    Defined through Gaussian implementation.

    Deriv               =              1
    GGA                 =           TRUE
    Meta                =          FALSE

    Exchange Hybrid     =           TRUE
    MP2 Hybrid          =          FALSE

   => Exchange Functionals <=

    0.5000         Becke 88

   => Exact (HF) Exchange <=

    0.5000               HF 

   => Correlation Functionals <=

    1.0000   Lee, Yang & Parr

   => LibXC Density Thresholds  <==

    XC_HYB_GGA_XC_BHANDHLYP:  1.00E-15 

   => Molecular Quadrature <=

    Radial Scheme          =       TREUTLER
    Pruning Scheme         =           NONE
    Nuclear Scheme         =       TREUTLER

    Blocking Scheme        =         OCTREE
    BS radius alpha        =              1
    Pruning alpha          =              1
    Radial Points          =             99
    Spherical Points       =            590
    Total Points           =         960167
    Total Blocks           =           6585
    Max Points             =            256
    Max Functions          =            160
    Weights Tolerance      =       1.00E-15

   => Loading Basis Set <=

    Name: (6-31G* AUX)
    Role: JKFIT
    Keyword: DF_BASIS_SCF
    atoms 1-10  entry C          line   121 file C:\Users\thebr\.conda\envs\qc\Library\share\psi4\basis\cc-pvdz-jkfit.gbs 
    atoms 11-18 entry H          line    51 file C:\Users\thebr\.conda\envs\qc\Library\share\psi4\basis\cc-pvdz-jkfit.gbs 

  ==> Integral Setup <==

  DFHelper Memory: AOs need 0.213 GiB; user supplied 2.423 GiB. 
  SCF_SUBTYPE=INCORE selected. In-core MEM_DF algorithm will be used.
  Using in-core AOs.

  ==> MemDFJK: Density-Fitted J/K Matrices <==

    J tasked:                   Yes
    K tasked:                   Yes
    wK tasked:                   No
    OpenMP threads:               8
    Memory [MiB]:              2481
    Algorithm:                 Core
    Schwarz Cutoff:           1E-12
    Mask sparsity (%):       4.7249
    Fitting Condition:        1E-10

   => Auxiliary Basis Set <=

  Basis Set: (6-31G* AUX)
    Blend: CC-PVDZ-JKFIT
    Number of shells: 312
    Number of basis functions: 1010
    Number of Cartesian functions: 1010
    Spherical Harmonics?: false
    Max angular momentum: 3

  Cached 100.0% of DFT collocation blocks in 3.165 [GiB].

  Minimum eigenvalue in the overlap matrix is 3.0766914520E-04.
  Reciprocal condition number of the overlap matrix is 3.9006163313E-05.
    Using symmetric orthogonalization.

  ==> Pre-Iterations <==

  SCF Guess: Superposition of Atomic Densities via on-the-fly atomic UHF (no occupation information).

   -------------------------
    Irrep   Nso     Nmo    
   -------------------------
     A        166     166 
   -------------------------
    Total     166     166
   -------------------------

  ==> Iterations <==

                           Total Energy        Delta E     RMS |[F,P]|

   @DF-RKS iter SAD:  -384.99140384303502   -3.84991e+02   0.00000e+00 
   @DF-RKS iter   1:  -385.39202521817469   -4.00621e-01   3.96301e-03 ADIIS/DIIS
   @DF-RKS iter   2:  -385.52665206458664   -1.34627e-01   2.85828e-03 ADIIS/DIIS
   @DF-RKS iter   3:  -385.64584795557033   -1.19196e-01   3.05714e-04 ADIIS/DIIS
   @DF-RKS iter   4:  -385.64671210987245   -8.64154e-04   1.80470e-04 ADIIS/DIIS
   @DF-RKS iter   5:  -385.64716555511097   -4.53445e-04   4.22330e-05 DIIS
   @DF-RKS iter   6:  -385.64718953223803   -2.39771e-05   1.53318e-05 DIIS
   @DF-RKS iter   7:  -385.64719288813740   -3.35590e-06   1.31807e-06 DIIS
   @DF-RKS iter   8:  -385.64719297434181   -8.62044e-08   5.71975e-07 DIIS
   @DF-RKS iter   9:  -385.64719298321143   -8.86962e-09   3.28839e-07 DIIS
   @DF-RKS iter  10:  -385.64719298616910   -2.95768e-09   7.03663e-08 DIIS
   @DF-RKS iter  11:  -385.64719298633906   -1.69962e-10   3.34878e-08 DIIS
   @DF-RKS iter  12:  -385.64719298636453   -2.54659e-11   8.60781e-09 DIIS
  Energy and wave function converged.


  ==> Post-Iterations <==

   Electrons on quadrature grid:
      Ntotal   =   68.0000013962 ; deviation = 1.396e-06 

    Orbital Energies [Eh]
    ---------------------

    Doubly Occupied:                                                      

       1A    -10.602889     2A    -10.602257     3A    -10.597833  
       4A    -10.597723     5A    -10.596982     6A    -10.596338  
       7A    -10.595046     8A    -10.594562     9A    -10.593534  
      10A    -10.593410    11A     -0.989588    12A     -0.931953  
      13A     -0.880697    14A     -0.844500    15A     -0.821026  
      16A     -0.714826    17A     -0.699075    18A     -0.680207  
      19A     -0.588742    20A     -0.587513    21A     -0.566110  
      22A     -0.518678    23A     -0.507600    24A     -0.484994  
      25A     -0.482310    26A     -0.464813    27A     -0.446449  
      28A     -0.431507    29A     -0.397733    30A     -0.387969  
      31A     -0.375808    32A     -0.326594    33A     -0.275794  
      34A     -0.246920  

    Virtual:                                                              

      35A      0.006970    36A      0.038101    37A      0.087432  
      38A      0.141029    39A      0.159977    40A      0.165349  
      41A      0.167924    42A      0.212927    43A      0.215074  
      44A      0.223362    45A      0.233397    46A      0.255027  
      47A      0.276929    48A      0.302559    49A      0.339664  
      50A      0.364395    51A      0.375273    52A      0.379465  
      53A      0.392672    54A      0.423405    55A      0.535373  
      56A      0.573376    57A      0.589243    58A      0.591691  
      59A      0.594737    60A      0.607270    61A      0.624698  
      62A      0.624838    63A      0.648030    64A      0.659367  
      65A      0.661048    66A      0.681080    67A      0.687122  
      68A      0.691936    69A      0.696922    70A      0.697833  
      71A      0.704996    72A      0.713869    73A      0.717709  
      74A      0.756739    75A      0.773003    76A      0.773987  
      77A      0.840125    78A      0.916557    79A      0.918242  
      80A      0.920472    81A      0.926898    82A      0.931088  
      83A      0.947340    84A      0.947686    85A      0.983072  
      86A      0.988095    87A      1.019543    88A      1.024000  
      89A      1.030981    90A      1.073403    91A      1.085346  
      92A      1.128521    93A      1.133585    94A      1.147659  
      95A      1.173744    96A      1.237923    97A      1.282444  
      98A      1.288429    99A      1.332615   100A      1.345841  
     101A      1.364686   102A      1.401805   103A      1.485928  
     104A      1.508617   105A      1.533204   106A      1.549846  
     107A      1.553052   108A      1.581384   109A      1.586626  
     110A      1.592801   111A      1.599823   112A      1.608968  
     113A      1.621856   114A      1.822433   115A      1.862200  
     116A      1.895096   117A      1.960371   118A      1.993696  
     119A      2.002730   120A      2.004816   121A      2.042229  
     122A      2.049771   123A      2.066263   124A      2.067967  
     125A      2.102793   126A      2.141443   127A      2.161133  
     128A      2.239664   129A      2.260353   130A      2.272246  
     131A      2.305281   132A      2.312632   133A      2.324110  
     134A      2.395915   135A      2.398028   136A      2.416390  
     137A      2.441214   138A      2.461887   139A      2.496037  
     140A      2.532197   141A      2.723769   142A      2.731238  
     143A      2.739728   144A      2.750155   145A      2.764367  
     146A      2.796533   147A      2.840973   148A      2.872203  
     149A      2.906302   150A      2.963483   151A      2.978909  
     152A      3.008657   153A      3.071407   154A      3.224255  
     155A      3.486223   156A      3.611439   157A      4.228540  
     158A      4.244136   159A      4.265969   160A      4.268937  
     161A      4.299801   162A      4.410726   163A      4.499215  
     164A      4.549140   165A      4.666289   166A      4.951725  

    Final Occupation by Irrep:
              A 
    DOCC [    34 ]
    NA   [    34 ]
    NB   [    34 ]

  @DF-RKS Final Energy:  -385.64719298636453

   => Energetics <=

    Nuclear Repulsion Energy =            457.2168183287627130
    One-Electron Energy =               -1425.1284023477533083
    Two-Electron Energy =                 611.9288971169522711
    DFT Exchange-Correlation Energy =     -29.6645060843261490
    Empirical Dispersion Energy =           0.0000000000000000
    VV10 Nonlocal Energy =                  0.0000000000000000
    Total Energy =                       -385.6471929863645300

Computation Completed


Properties will be evaluated at   0.000000,   0.000000,   0.000000 [a0]

Properties computed using the SCF density matrix


 Multipole Moments:

 ------------------------------------------------------------------------------------
     Multipole            Electronic (a.u.)      Nuclear  (a.u.)        Total (a.u.)
 ------------------------------------------------------------------------------------

 L = 1.  Multiply by 2.5417464519 to convert [e a0] to [Debye]
 Dipole X            :         -0.1161921            0.1272138            0.0110217
 Dipole Y            :         -0.0141419            0.0154779            0.0013360
 Dipole Z            :         -0.0138691            0.0151764            0.0013073
 Magnitude           :                                                    0.0111791

 ------------------------------------------------------------------------------------

*** tstop() called on Asus18 at Tue Sep 15 16:32:21 2026
Module time:
	user time   =        nan seconds =        nan minutes
	system time =        nan seconds =        nan minutes
	total time  =         13 seconds =       0.22 minutes
Total time:
	user time   =        nan seconds =        nan minutes
	system time =        nan seconds =        nan minutes
	total time  =        355 seconds =       5.92 minutes

Scratch directory: C:\Users\thebr\AppData\Local\Temp/
   => Libint2 <=

    Primary   basis highest AM E, G, H:  7, 6, -
    Auxiliary basis highest AM E, G, H:  7, 7, -
    Onebody   basis highest AM E, G, H:  -, -, -
    Solid Harmonics ordering:            Gaussian

*** tstart() called on Asus18
*** at Tue Sep 15 16:32:21 2026

   => Loading Basis Set <=

    Name: 6-31G*
    Role: ORBITAL
    Keyword: BASIS
    atoms 1-10  entry C          line   111 file C:\Users\thebr\.conda\envs\qc\Library\share\psi4\basis\6-31gs.gbs 
    atoms 11-18 entry H          line    44 file C:\Users\thebr\.conda\envs\qc\Library\share\psi4\basis\6-31gs.gbs 


         ---------------------------------------------------------
                                   SCF
               by Justin Turney, Rob Parrish, Andy Simmonett
                          and Daniel G. A. Smith
                              RKS Reference
                        8 Threads,   -562 MiB Core
         ---------------------------------------------------------

  ==> Geometry <==

    Molecular point group: c1
    Full point group: D2h

    Geometry (in Bohr), charge = 0, multiplicity = 1:

       Center              X                  Y                   Z               Mass       
    ------------   -----------------  -----------------  -----------------  -----------------
         C            4.598824100047     1.338777682368     0.000000000000    12.000000000000
         C            4.598824100047    -1.338777682368     0.000000000000    12.000000000000
         C            2.352255929843    -2.650344238690     0.000000000000    12.000000000000
         C            0.000000000000    -1.354817557403     0.000000000000    12.000000000000
         C           -2.352255929843    -2.650344238690     0.000000000000    12.000000000000
         C           -4.598824100047    -1.338777682368     0.000000000000    12.000000000000
         C           -4.598824100047     1.338777682368     0.000000000000    12.000000000000
         C           -2.352255929843     2.650344238690     0.000000000000    12.000000000000
         C            0.000000000000     1.354817557403     0.000000000000    12.000000000000
         C            2.352255929843     2.650344238690     0.000000000000    12.000000000000
         H            6.384009981920     2.353785250794     0.000000000000     1.007825032230
         H            6.384009981920    -2.353785250794     0.000000000000     1.007825032230
         H            2.347117188884    -4.705775813282     0.000000000000     1.007825032230
         H           -2.347117188884    -4.705775813282     0.000000000000     1.007825032230
         H           -6.384009981920    -2.353785250794     0.000000000000     1.007825032230
         H           -6.384009981920     2.353785250794     0.000000000000     1.007825032230
         H           -2.347117188884     4.705775813282     0.000000000000     1.007825032230
         H            2.347117188884     4.705775813282     0.000000000000     1.007825032230

  Running in c1 symmetry.

  Rotational constants: A =      0.10400  B =      0.04103  C =      0.02942 [cm^-1]
  Rotational constants: A =   3117.76689  B =   1230.01093  C =    882.03389 [MHz]
  Nuclear repulsion =  457.199124406686394

  Charge       = 0
  Multiplicity = 1
  Electrons    = 68
  Nalpha       = 34
  Nbeta        = 34

  ==> Algorithm <==

  SCF Algorithm Type is DF.
  DIIS enabled.
  MOM disabled.
  Fractional occupation disabled.
  Guess Type is SAD.
  Energy threshold   = 1.00e-10
  Density threshold  = 1.00e-08
  Integral threshold = 1.00e-12

  ==> Primary Basis <==

  Basis Set: 6-31G*
    Blend: 6-31G*
    Number of shells: 76
    Number of basis functions: 166
    Number of Cartesian functions: 166
    Spherical Harmonics?: false
    Max angular momentum: 2

  ==> DFT Potential <==

   => LibXC <=

    Version 7.1.2
    S. Lehtola, C. Steigemann, M. J. T. Oliveira, and M. A. L. Marques,  SoftwareX 7, 1–5 (2018) (10.1016/j.softx.2017.11.002)

   => Composite Functional: B3LYP <= 

    B3LYP Hyb-GGA Exchange-Correlation Functional

    P. J. Stephens, F. J. Devlin, C. F. Chabalowski, and M. J. Frisch,  J. Phys. Chem. 98, 11623 (1994) (10.1021/j100096a001)

    Deriv               =              1
    GGA                 =           TRUE
    Meta                =          FALSE

    Exchange Hybrid     =           TRUE
    MP2 Hybrid          =          FALSE

   => Exchange Functionals <=

    0.0800   Slater exchange
    0.7200         Becke 88

   => Exact (HF) Exchange <=

    0.2000               HF 

   => Correlation Functionals <=

    0.1900   Vosko, Wilk & Nusair (VWN5_RPA)
    0.8100   Lee, Yang & Parr

   => LibXC Density Thresholds  <==

    XC_HYB_GGA_XC_B3LYP:  1.00E-15 

   => Molecular Quadrature <=

    Radial Scheme          =       TREUTLER
    Pruning Scheme         =           NONE
    Nuclear Scheme         =       TREUTLER

    Blocking Scheme        =         OCTREE
    BS radius alpha        =              1
    Pruning alpha          =              1
    Radial Points          =             99
    Spherical Points       =            590
    Total Points           =         959996
    Total Blocks           =           6528
    Max Points             =            256
    Max Functions          =            160
    Weights Tolerance      =       1.00E-15

   => Loading Basis Set <=

    Name: (6-31G* AUX)
    Role: JKFIT
    Keyword: DF_BASIS_SCF
    atoms 1-10  entry C          line   121 file C:\Users\thebr\.conda\envs\qc\Library\share\psi4\basis\cc-pvdz-jkfit.gbs 
    atoms 11-18 entry H          line    51 file C:\Users\thebr\.conda\envs\qc\Library\share\psi4\basis\cc-pvdz-jkfit.gbs 

  ==> Integral Setup <==

  DFHelper Memory: AOs need 0.213 GiB; user supplied 2.424 GiB. 
  SCF_SUBTYPE=INCORE selected. In-core MEM_DF algorithm will be used.
  Using in-core AOs.

  ==> MemDFJK: Density-Fitted J/K Matrices <==

    J tasked:                   Yes
    K tasked:                   Yes
    wK tasked:                   No
    OpenMP threads:               8
    Memory [MiB]:              2482
    Algorithm:                 Core
    Schwarz Cutoff:           1E-12
    Mask sparsity (%):       4.9354
    Fitting Condition:        1E-10

   => Auxiliary Basis Set <=

  Basis Set: (6-31G* AUX)
    Blend: CC-PVDZ-JKFIT
    Number of shells: 312
    Number of basis functions: 1010
    Number of Cartesian functions: 1010
    Spherical Harmonics?: false
    Max angular momentum: 3

  Cached 100.0% of DFT collocation blocks in 3.164 [GiB].

  Minimum eigenvalue in the overlap matrix is 3.0952372731E-04.
  Reciprocal condition number of the overlap matrix is 3.9252208714E-05.
    Using symmetric orthogonalization.

  ==> Pre-Iterations <==

  SCF Guess: Superposition of Atomic Densities via on-the-fly atomic UHF (no occupation information).

   -------------------------
    Irrep   Nso     Nmo    
   -------------------------
     A        166     166 
   -------------------------
    Total     166     166
   -------------------------

  ==> Iterations <==

                           Total Energy        Delta E     RMS |[F,P]|

   @DF-RKS iter SAD:  -385.34445079076227   -3.85344e+02   0.00000e+00 
   @DF-RKS iter   1:  -385.43331192149003   -8.88611e-02   5.35892e-03 ADIIS/DIIS
   @DF-RKS iter   2:  -385.42273111318156    1.05808e-02   5.54238e-03 ADIIS/DIIS
   @DF-RKS iter   3:  -385.88691458430418   -4.64183e-01   6.36490e-04 ADIIS/DIIS
   @DF-RKS iter   4:  -385.89051083633450   -3.59625e-03   3.82901e-04 ADIIS/DIIS
   @DF-RKS iter   5:  -385.89250438524397   -1.99355e-03   9.74182e-05 DIIS
   @DF-RKS iter   6:  -385.89261467158292   -1.10286e-04   4.61422e-05 DIIS
   @DF-RKS iter   7:  -385.89264419546089   -2.95239e-05   1.79494e-06 DIIS
   @DF-RKS iter   8:  -385.89264424629658   -5.08357e-08   2.44375e-07 DIIS
   @DF-RKS iter   9:  -385.89264424720875   -9.12166e-10   5.03810e-08 DIIS
   @DF-RKS iter  10:  -385.89264424724524   -3.64935e-11   5.65584e-09 DIIS
  Energy and wave function converged.


  ==> Post-Iterations <==

   Electrons on quadrature grid:
      Ntotal   =   68.0000016751 ; deviation = 1.675e-06 

    Orbital Energies [Eh]
    ---------------------

    Doubly Occupied:                                                      

       1A    -10.195539     2A    -10.195122     3A    -10.189592  
       4A    -10.189590     5A    -10.189221     6A    -10.189213  
       7A    -10.188626     8A    -10.188611     9A    -10.188537  
      10A    -10.188525    11A     -0.868568    12A     -0.816132  
      13A     -0.769076    14A     -0.736490    15A     -0.715022  
      16A     -0.621930    17A     -0.607328    18A     -0.592262  
      19A     -0.510883    20A     -0.508144    21A     -0.489589  
      22A     -0.445994    23A     -0.436241    24A     -0.414811  
      25A     -0.411823    26A     -0.398204    27A     -0.385410  
      28A     -0.366633    29A     -0.335600    30A     -0.327960  
      31A     -0.323048    32A     -0.281177    33A     -0.240212  
      34A     -0.212680  

    Virtual:                                                              

      35A     -0.035231    36A     -0.005392    37A      0.035920  
      38A      0.095077    39A      0.103019    40A      0.112984  
      41A      0.121756    42A      0.166089    43A      0.167748  
      44A      0.174551    45A      0.182835    46A      0.204008  
      47A      0.205995    48A      0.246938    49A      0.284263  
      50A      0.308189    51A      0.311706    52A      0.325879  
      53A      0.329095    54A      0.361517    55A      0.471960  
      56A      0.494477    57A      0.513876    58A      0.521940  
      59A      0.527500    60A      0.527913    61A      0.548284  
      62A      0.563109    63A      0.570900    64A      0.584249  
      65A      0.591975    66A      0.609165    67A      0.611698  
      68A      0.613533    69A      0.616175    70A      0.618055  
      71A      0.626844    72A      0.629090    73A      0.638397  
      74A      0.673940    75A      0.690966    76A      0.692947  
      77A      0.757365    78A      0.826395    79A      0.827933  
      80A      0.835591    81A      0.837537    82A      0.837940  
      83A      0.854103    84A      0.856805    85A      0.899828  
      86A      0.901428    87A      0.925980    88A      0.943952  
      89A      0.945451    90A      0.986279    91A      1.001177  
      92A      1.052542    93A      1.058006    94A      1.068756  
      95A      1.087217    96A      1.152993    97A      1.195118  
      98A      1.198368    99A      1.244056   100A      1.257065  
     101A      1.276807   102A      1.315117   103A      1.391909  
     104A      1.414288   105A      1.444709   106A      1.457805  
     107A      1.460015   108A      1.490188   109A      1.490416  
     110A      1.495150   111A      1.500769   112A      1.510113  
     113A      1.531161   114A      1.725047   115A      1.771303  
     116A      1.777542   117A      1.857823   118A      1.894378  
     119A      1.898618   120A      1.909954   121A      1.930558  
     122A      1.947919   123A      1.949024   124A      1.953883  
     125A      1.995629   126A      2.030816   127A      2.048727  
     128A      2.124314   129A      2.146808   130A      2.161057  
     131A      2.199300   132A      2.203063   133A      2.207744  
     134A      2.280125   135A      2.281626   136A      2.301881  
     137A      2.329891   138A      2.337765   139A      2.378881  
     140A      2.419142   141A      2.609620   142A      2.614737  
     143A      2.617218   144A      2.619156   145A      2.641564  
     146A      2.673631   147A      2.720448   148A      2.752181  
     149A      2.782158   150A      2.833430   151A      2.856870  
     152A      2.877178   153A      2.940549   154A      3.097681  
     155A      3.352599   156A      3.475028   157A      4.081252  
     158A      4.093881   159A      4.118693   160A      4.121297  
     161A      4.150749   162A      4.261846   163A      4.349956  
     164A      4.400069   165A      4.516443   166A      4.800585  

    Final Occupation by Irrep:
              A 
    DOCC [    34 ]
    NA   [    34 ]
    NB   [    34 ]

  @DF-RKS Final Energy:  -385.89264424724524

   => Energetics <=

    Nuclear Repulsion Energy =            457.1991244066863942
    One-Electron Energy =               -1425.4474414056633123
    Two-Electron Energy =                 628.6627657443494854
    DFT Exchange-Correlation Energy =     -46.3070929926178962
    Empirical Dispersion Energy =           0.0000000000000000
    VV10 Nonlocal Energy =                  0.0000000000000000
    Total Energy =                       -385.8926442472452436

Computation Completed


Properties will be evaluated at   0.000000,   0.000000,   0.000000 [a0]

Properties computed using the SCF density matrix


 Multipole Moments:

 ------------------------------------------------------------------------------------
     Multipole            Electronic (a.u.)      Nuclear  (a.u.)        Total (a.u.)
 ------------------------------------------------------------------------------------

 L = 1.  Multiply by 2.5417464519 to convert [e a0] to [Debye]
 Dipole X            :          0.0000000            0.0000000            0.0000000
 Dipole Y            :         -0.0000000           -0.0000000           -0.0000000
 Dipole Z            :         -0.0000000            0.0000000           -0.0000000
 Magnitude           :                                                    0.0000000

 ------------------------------------------------------------------------------------

*** tstop() called on Asus18 at Tue Sep 15 16:32:34 2026
Module time:
	user time   =        nan seconds =        nan minutes
	system time =        nan seconds =        nan minutes
	total time  =         13 seconds =       0.22 minutes
Total time:
	user time   =        nan seconds =        nan minutes
	system time =        nan seconds =        nan minutes
	total time  =        368 seconds =       6.13 minutes

Scratch directory: C:\Users\thebr\AppData\Local\Temp/
   => Libint2 <=

    Primary   basis highest AM E, G, H:  7, 6, -
    Auxiliary basis highest AM E, G, H:  7, 7, -
    Onebody   basis highest AM E, G, H:  -, -, -
    Solid Harmonics ordering:            Gaussian

*** tstart() called on Asus18
*** at Tue Sep 15 16:32:34 2026

   => Loading Basis Set <=

    Name: 6-31G*
    Role: ORBITAL
    Keyword: BASIS
    atoms 1-10  entry C          line   111 file C:\Users\thebr\.conda\envs\qc\Library\share\psi4\basis\6-31gs.gbs 
    atoms 11-18 entry H          line    44 file C:\Users\thebr\.conda\envs\qc\Library\share\psi4\basis\6-31gs.gbs 


         ---------------------------------------------------------
                                   SCF
               by Justin Turney, Rob Parrish, Andy Simmonett
                          and Daniel G. A. Smith
                              RKS Reference
                        8 Threads,   -562 MiB Core
         ---------------------------------------------------------

  ==> Geometry <==

    Molecular point group: c1
    Full point group: D2h

    Geometry (in Bohr), charge = 0, multiplicity = 1:

       Center              X                  Y                   Z               Mass       
    ------------   -----------------  -----------------  -----------------  -----------------
         C            4.598824100047     1.338777682368     0.000000000000    12.000000000000
         C            4.598824100047    -1.338777682368     0.000000000000    12.000000000000
         C            2.352255929843    -2.650344238690     0.000000000000    12.000000000000
         C            0.000000000000    -1.354817557403     0.000000000000    12.000000000000
         C           -2.352255929843    -2.650344238690     0.000000000000    12.000000000000
         C           -4.598824100047    -1.338777682368     0.000000000000    12.000000000000
         C           -4.598824100047     1.338777682368     0.000000000000    12.000000000000
         C           -2.352255929843     2.650344238690     0.000000000000    12.000000000000
         C            0.000000000000     1.354817557403     0.000000000000    12.000000000000
         C            2.352255929843     2.650344238690     0.000000000000    12.000000000000
         H            6.384009981920     2.353785250794     0.000000000000     1.007825032230
         H            6.384009981920    -2.353785250794     0.000000000000     1.007825032230
         H            2.347117188884    -4.705775813282     0.000000000000     1.007825032230
         H           -2.347117188884    -4.705775813282     0.000000000000     1.007825032230
         H           -6.384009981920    -2.353785250794     0.000000000000     1.007825032230
         H           -6.384009981920     2.353785250794     0.000000000000     1.007825032230
         H           -2.347117188884     4.705775813282     0.000000000000     1.007825032230
         H            2.347117188884     4.705775813282     0.000000000000     1.007825032230

  Running in c1 symmetry.

  Rotational constants: A =      0.10400  B =      0.04103  C =      0.02942 [cm^-1]
  Rotational constants: A =   3117.76689  B =   1230.01093  C =    882.03389 [MHz]
  Nuclear repulsion =  457.199124406686394

  Charge       = 0
  Multiplicity = 1
  Electrons    = 68
  Nalpha       = 34
  Nbeta        = 34

  ==> Algorithm <==

  SCF Algorithm Type is DF.
  DIIS enabled.
  MOM disabled.
  Fractional occupation disabled.
  Guess Type is SAD.
  Energy threshold   = 1.00e-10
  Density threshold  = 1.00e-08
  Integral threshold = 1.00e-12

  ==> Primary Basis <==

  Basis Set: 6-31G*
    Blend: 6-31G*
    Number of shells: 76
    Number of basis functions: 166
    Number of Cartesian functions: 166
    Spherical Harmonics?: false
    Max angular momentum: 2

  ==> DFT Potential <==

   => LibXC <=

    Version 7.1.2
    S. Lehtola, C. Steigemann, M. J. T. Oliveira, and M. A. L. Marques,  SoftwareX 7, 1–5 (2018) (10.1016/j.softx.2017.11.002)

   => Composite Functional: BHANDHLYP <= 

    BHandHLYP Hyb-GGA Exchange-Correlation Functional

    A. D. Becke,  J. Chem. Phys. 98, 1372 (1993) (10.1063/1.464304)
    Defined through Gaussian implementation.

    Deriv               =              1
    GGA                 =           TRUE
    Meta                =          FALSE

    Exchange Hybrid     =           TRUE
    MP2 Hybrid          =          FALSE

   => Exchange Functionals <=

    0.5000         Becke 88

   => Exact (HF) Exchange <=

    0.5000               HF 

   => Correlation Functionals <=

    1.0000   Lee, Yang & Parr

   => LibXC Density Thresholds  <==

    XC_HYB_GGA_XC_BHANDHLYP:  1.00E-15 

   => Molecular Quadrature <=

    Radial Scheme          =       TREUTLER
    Pruning Scheme         =           NONE
    Nuclear Scheme         =       TREUTLER

    Blocking Scheme        =         OCTREE
    BS radius alpha        =              1
    Pruning alpha          =              1
    Radial Points          =             99
    Spherical Points       =            590
    Total Points           =         959996
    Total Blocks           =           6528
    Max Points             =            256
    Max Functions          =            160
    Weights Tolerance      =       1.00E-15

   => Loading Basis Set <=

    Name: (6-31G* AUX)
    Role: JKFIT
    Keyword: DF_BASIS_SCF
    atoms 1-10  entry C          line   121 file C:\Users\thebr\.conda\envs\qc\Library\share\psi4\basis\cc-pvdz-jkfit.gbs 
    atoms 11-18 entry H          line    51 file C:\Users\thebr\.conda\envs\qc\Library\share\psi4\basis\cc-pvdz-jkfit.gbs 

  ==> Integral Setup <==

  DFHelper Memory: AOs need 0.213 GiB; user supplied 2.424 GiB. 
  SCF_SUBTYPE=INCORE selected. In-core MEM_DF algorithm will be used.
  Using in-core AOs.

  ==> MemDFJK: Density-Fitted J/K Matrices <==

    J tasked:                   Yes
    K tasked:                   Yes
    wK tasked:                   No
    OpenMP threads:               8
    Memory [MiB]:              2482
    Algorithm:                 Core
    Schwarz Cutoff:           1E-12
    Mask sparsity (%):       4.9354
    Fitting Condition:        1E-10

   => Auxiliary Basis Set <=

  Basis Set: (6-31G* AUX)
    Blend: CC-PVDZ-JKFIT
    Number of shells: 312
    Number of basis functions: 1010
    Number of Cartesian functions: 1010
    Spherical Harmonics?: false
    Max angular momentum: 3

  Cached 100.0% of DFT collocation blocks in 3.164 [GiB].

  Minimum eigenvalue in the overlap matrix is 3.0952372731E-04.
  Reciprocal condition number of the overlap matrix is 3.9252208714E-05.
    Using symmetric orthogonalization.

  ==> Pre-Iterations <==

  SCF Guess: Superposition of Atomic Densities via on-the-fly atomic UHF (no occupation information).

   -------------------------
    Irrep   Nso     Nmo    
   -------------------------
     A        166     166 
   -------------------------
    Total     166     166
   -------------------------

  ==> Iterations <==

                           Total Energy        Delta E     RMS |[F,P]|

   @DF-RKS iter SAD:  -384.99050809747246   -3.84991e+02   0.00000e+00 
   @DF-RKS iter   1:  -385.39647367633677   -4.05966e-01   3.95186e-03 ADIIS/DIIS
   @DF-RKS iter   2:  -385.53105789191682   -1.34584e-01   2.84381e-03 ADIIS/DIIS
   @DF-RKS iter   3:  -385.64910239021862   -1.18044e-01   2.96479e-04 ADIIS/DIIS
   @DF-RKS iter   4:  -385.64991335104628   -8.10961e-04   1.75242e-04 ADIIS/DIIS
   @DF-RKS iter   5:  -385.65033623552034   -4.22884e-04   4.23440e-05 DIIS
   @DF-RKS iter   6:  -385.65036006292212   -2.38274e-05   1.53091e-05 DIIS
   @DF-RKS iter   7:  -385.65036338329571   -3.32037e-06   1.21856e-06 DIIS
   @DF-RKS iter   8:  -385.65036346083826   -7.75426e-08   2.49002e-07 DIIS
   @DF-RKS iter   9:  -385.65036346619684   -5.35857e-09   7.61413e-08 DIIS
   @DF-RKS iter  10:  -385.65036346649549   -2.98655e-10   5.45135e-09 DIIS
   @DF-RKS iter  11:  -385.65036346649657   -1.08002e-12   9.57928e-10 DIIS
  Energy and wave function converged.


  ==> Post-Iterations <==

   Electrons on quadrature grid:
      Ntotal   =   68.0000016175 ; deviation = 1.618e-06 

    Orbital Energies [Eh]
    ---------------------

    Doubly Occupied:                                                      

       1A    -10.602928     2A    -10.602297     3A    -10.596478  
       4A    -10.596469     5A    -10.596087     6A    -10.596060  
       7A    -10.595451     8A    -10.595424     9A    -10.595169  
      10A    -10.595153    11A     -0.989463    12A     -0.931848  
      13A     -0.880516    14A     -0.844344    15A     -0.820797  
      16A     -0.715089    17A     -0.699182    18A     -0.680353  
      19A     -0.588857    20A     -0.587474    21A     -0.565995  
      22A     -0.518641    23A     -0.507505    24A     -0.483773  
      25A     -0.482150    26A     -0.466454    27A     -0.446351  
      28A     -0.431514    29A     -0.398666    30A     -0.389206  
      31A     -0.375645    32A     -0.326311    33A     -0.275411  
      34A     -0.246502  

    Virtual:                                                              

      35A      0.006598    36A      0.037636    37A      0.087165  
      38A      0.141238    39A      0.160168    40A      0.165080  
      41A      0.168212    42A      0.212996    43A      0.216619  
      44A      0.222591    45A      0.233865    46A      0.256090  
      47A      0.276795    48A      0.302226    49A      0.343060  
      50A      0.368617    51A      0.370659    52A      0.380809  
      53A      0.389404    54A      0.422227    55A      0.535910  
      56A      0.573883    57A      0.589658    58A      0.592033  
      59A      0.596133    60A      0.605775    61A      0.623942  
      62A      0.624946    63A      0.648321    64A      0.660265  
      65A      0.662407    66A      0.683605    67A      0.691917  
      68A      0.692557    69A      0.695976    70A      0.696834  
      71A      0.705068    72A      0.705156    73A      0.715826  
      74A      0.756566    75A      0.772809    76A      0.773992  
      77A      0.839941    78A      0.917400    79A      0.918232  
      80A      0.920854    81A      0.928902    82A      0.929747  
      83A      0.947589    84A      0.947973    85A      0.985460  
      86A      0.986476    87A      1.019040    88A      1.024238  
      89A      1.030517    90A      1.072526    91A      1.085093  
      92A      1.129011    93A      1.133662    94A      1.146761  
      95A      1.173135    96A      1.236645    97A      1.282248  
      98A      1.286788    99A      1.332093   100A      1.345330  
     101A      1.363927   102A      1.401040   103A      1.485440  
     104A      1.507990   105A      1.532877   106A      1.549180  
     107A      1.552847   108A      1.581277   109A      1.587315  
     110A      1.592150   111A      1.598236   112A      1.607990  
     113A      1.621891   114A      1.825465   115A      1.875263  
     116A      1.881327   117A      1.960939   118A      1.995782  
     119A      2.001746   120A      2.005258   121A      2.040871  
     122A      2.058744   123A      2.059732   124A      2.066135  
     125A      2.102901   126A      2.144107   127A      2.163591  
     128A      2.236003   129A      2.258121   130A      2.273295  
     131A      2.311355   132A      2.315623   133A      2.319743  
     134A      2.392434   135A      2.395996   136A      2.415357  
     137A      2.445866   138A      2.453130   139A      2.495188  
     140A      2.534106   141A      2.731757   142A      2.733575  
     143A      2.739693   144A      2.740008   145A      2.763284  
     146A      2.795103   147A      2.839427   148A      2.872532  
     149A      2.904882   150A      2.961497   151A      2.978201  
     152A      3.007126   153A      3.069880   154A      3.223732  
     155A      3.486434   156A      3.610692   157A      4.230254  
     158A      4.242556   159A      4.266942   160A      4.269508  
     161A      4.298867   162A      4.410068   163A      4.498774  
     164A      4.548820   165A      4.666091   166A      4.951609  

    Final Occupation by Irrep:
              A 
    DOCC [    34 ]
    NA   [    34 ]
    NB   [    34 ]

  @DF-RKS Final Energy:  -385.65036346649657

   => Energetics <=

    Nuclear Repulsion Energy =            457.1991244066863942
    One-Electron Energy =               -1425.0966087643419087
    Two-Electron Energy =                 611.9110417874725272
    DFT Exchange-Correlation Energy =     -29.6639208963136269
    Empirical Dispersion Energy =           0.0000000000000000
    VV10 Nonlocal Energy =                  0.0000000000000000
    Total Energy =                       -385.6503634664965716

Computation Completed


Properties will be evaluated at   0.000000,   0.000000,   0.000000 [a0]

Properties computed using the SCF density matrix


 Multipole Moments:

 ------------------------------------------------------------------------------------
     Multipole            Electronic (a.u.)      Nuclear  (a.u.)        Total (a.u.)
 ------------------------------------------------------------------------------------

 L = 1.  Multiply by 2.5417464519 to convert [e a0] to [Debye]
 Dipole X            :          0.0000000            0.0000000            0.0000000
 Dipole Y            :          0.0000000           -0.0000000            0.0000000
 Dipole Z            :         -0.0000000            0.0000000           -0.0000000
 Magnitude           :                                                    0.0000000

 ------------------------------------------------------------------------------------

*** tstop() called on Asus18 at Tue Sep 15 16:32:47 2026
Module time:
	user time   =        nan seconds =        nan minutes
	system time =        nan seconds =        nan minutes
	total time  =         13 seconds =       0.22 minutes
Total time:
	user time   =        nan seconds =        nan minutes
	system time =        nan seconds =        nan minutes
	total time  =        381 seconds =       6.35 minutes

Scratch directory: C:\Users\thebr\AppData\Local\Temp/
   => Libint2 <=

    Primary   basis highest AM E, G, H:  7, 6, -
    Auxiliary basis highest AM E, G, H:  7, 7, -
    Onebody   basis highest AM E, G, H:  -, -, -
    Solid Harmonics ordering:            Gaussian

*** tstart() called on Asus18
*** at Tue Sep 15 16:32:47 2026

   => Loading Basis Set <=

    Name: 6-31G*
    Role: ORBITAL
    Keyword: BASIS
    atoms 1-10  entry C          line   111 file C:\Users\thebr\.conda\envs\qc\Library\share\psi4\basis\6-31gs.gbs 
    atoms 11-18 entry H          line    44 file C:\Users\thebr\.conda\envs\qc\Library\share\psi4\basis\6-31gs.gbs 


         ---------------------------------------------------------
                                   SCF
               by Justin Turney, Rob Parrish, Andy Simmonett
                          and Daniel G. A. Smith
                              RKS Reference
                        8 Threads,   -562 MiB Core
         ---------------------------------------------------------

  ==> Geometry <==

    Molecular point group: c1
    Full point group: C2h

    Geometry (in Bohr), charge = 0, multiplicity = 1:

       Center              X                  Y                   Z               Mass       
    ------------   -----------------  -----------------  -----------------  -----------------
         C            4.598824100047     1.338777682368    -0.012709213975    12.000000000000
         C            4.598824100047    -1.338777682368     0.012709213975    12.000000000000
         C            2.352255929843    -2.650344238690    -0.005662282549    12.000000000000
         C            0.000000000000    -1.354817557403     0.027948958438    12.000000000000
         C           -2.352255929843    -2.650344238690    -0.005662282549    12.000000000000
         C           -4.598824100047    -1.338777682368     0.012709213975    12.000000000000
         C           -4.598824100047     1.338777682368    -0.012709213975    12.000000000000
         C           -2.352255929843     2.650344238690     0.005662282549    12.000000000000
         C            0.000000000000     1.354817557403    -0.027948958438    12.000000000000
         C            2.352255929843     2.650344238690     0.005662282549    12.000000000000
         H            6.384009981920     2.353785250794     0.005491608793     1.007825032230
         H            6.384009981920    -2.353785250794    -0.005491608793     1.007825032230
         H            2.347117188884    -4.705775813282    -0.050229023607     1.007825032230
         H           -2.347117188884    -4.705775813282    -0.050229023607     1.007825032230
         H           -6.384009981920    -2.353785250794    -0.005491608793     1.007825032230
         H           -6.384009981920     2.353785250794     0.005491608793     1.007825032230
         H           -2.347117188884     4.705775813282     0.050229023607     1.007825032230
         H            2.347117188884     4.705775813282     0.050229023607     1.007825032230

  Running in c1 symmetry.

  Rotational constants: A =      0.10399  B =      0.04103  C =      0.02942 [cm^-1]
  Rotational constants: A =   3117.56045  B =   1229.97880  C =    882.03389 [MHz]
  Nuclear repulsion =  457.182316225783325

  Charge       = 0
  Multiplicity = 1
  Electrons    = 68
  Nalpha       = 34
  Nbeta        = 34

  ==> Algorithm <==

  SCF Algorithm Type is DF.
  DIIS enabled.
  MOM disabled.
  Fractional occupation disabled.
  Guess Type is SAD.
  Energy threshold   = 1.00e-10
  Density threshold  = 1.00e-08
  Integral threshold = 1.00e-12

  ==> Primary Basis <==

  Basis Set: 6-31G*
    Blend: 6-31G*
    Number of shells: 76
    Number of basis functions: 166
    Number of Cartesian functions: 166
    Spherical Harmonics?: false
    Max angular momentum: 2

  ==> DFT Potential <==

   => LibXC <=

    Version 7.1.2
    S. Lehtola, C. Steigemann, M. J. T. Oliveira, and M. A. L. Marques,  SoftwareX 7, 1–5 (2018) (10.1016/j.softx.2017.11.002)

   => Composite Functional: B3LYP <= 

    B3LYP Hyb-GGA Exchange-Correlation Functional

    P. J. Stephens, F. J. Devlin, C. F. Chabalowski, and M. J. Frisch,  J. Phys. Chem. 98, 11623 (1994) (10.1021/j100096a001)

    Deriv               =              1
    GGA                 =           TRUE
    Meta                =          FALSE

    Exchange Hybrid     =           TRUE
    MP2 Hybrid          =          FALSE

   => Exchange Functionals <=

    0.0800   Slater exchange
    0.7200         Becke 88

   => Exact (HF) Exchange <=

    0.2000               HF 

   => Correlation Functionals <=

    0.1900   Vosko, Wilk & Nusair (VWN5_RPA)
    0.8100   Lee, Yang & Parr

   => LibXC Density Thresholds  <==

    XC_HYB_GGA_XC_B3LYP:  1.00E-15 

   => Molecular Quadrature <=

    Radial Scheme          =       TREUTLER
    Pruning Scheme         =           NONE
    Nuclear Scheme         =       TREUTLER

    Blocking Scheme        =         OCTREE
    BS radius alpha        =              1
    Pruning alpha          =              1
    Radial Points          =             99
    Spherical Points       =            590
    Total Points           =         960024
    Total Blocks           =           6478
    Max Points             =            256
    Max Functions          =            159
    Weights Tolerance      =       1.00E-15

   => Loading Basis Set <=

    Name: (6-31G* AUX)
    Role: JKFIT
    Keyword: DF_BASIS_SCF
    atoms 1-10  entry C          line   121 file C:\Users\thebr\.conda\envs\qc\Library\share\psi4\basis\cc-pvdz-jkfit.gbs 
    atoms 11-18 entry H          line    51 file C:\Users\thebr\.conda\envs\qc\Library\share\psi4\basis\cc-pvdz-jkfit.gbs 

  ==> Integral Setup <==

  DFHelper Memory: AOs need 0.213 GiB; user supplied 2.424 GiB. 
  SCF_SUBTYPE=INCORE selected. In-core MEM_DF algorithm will be used.
  Using in-core AOs.

  ==> MemDFJK: Density-Fitted J/K Matrices <==

    J tasked:                   Yes
    K tasked:                   Yes
    wK tasked:                   No
    OpenMP threads:               8
    Memory [MiB]:              2481
    Algorithm:                 Core
    Schwarz Cutoff:           1E-12
    Mask sparsity (%):       4.9354
    Fitting Condition:        1E-10

   => Auxiliary Basis Set <=

  Basis Set: (6-31G* AUX)
    Blend: CC-PVDZ-JKFIT
    Number of shells: 312
    Number of basis functions: 1010
    Number of Cartesian functions: 1010
    Spherical Harmonics?: false
    Max angular momentum: 3

  Cached 100.0% of DFT collocation blocks in 3.164 [GiB].

  Minimum eigenvalue in the overlap matrix is 3.2805816131E-04.
  Reciprocal condition number of the overlap matrix is 4.1605093395E-05.
    Using symmetric orthogonalization.

  ==> Pre-Iterations <==

  SCF Guess: Superposition of Atomic Densities via on-the-fly atomic UHF (no occupation information).

   -------------------------
    Irrep   Nso     Nmo    
   -------------------------
     A        166     166 
   -------------------------
    Total     166     166
   -------------------------

  ==> Iterations <==

                           Total Energy        Delta E     RMS |[F,P]|

   @DF-RKS iter SAD:  -385.34313987664075   -3.85343e+02   0.00000e+00 
   @DF-RKS iter   1:  -385.43285958682043   -8.97197e-02   5.35872e-03 ADIIS/DIIS
   @DF-RKS iter   2:  -385.42194089009899    1.09187e-02   5.54450e-03 ADIIS/DIIS
   @DF-RKS iter   3:  -385.88645925728878   -4.64518e-01   6.36885e-04 ADIIS/DIIS
   @DF-RKS iter   4:  -385.89006005432520   -3.60080e-03   3.83182e-04 ADIIS/DIIS
   @DF-RKS iter   5:  -385.89205677722725   -1.99672e-03   9.75046e-05 DIIS
   @DF-RKS iter   6:  -385.89216726022130   -1.10483e-04   4.61895e-05 DIIS
   @DF-RKS iter   7:  -385.89219684694530   -2.95867e-05   1.79718e-06 DIIS
   @DF-RKS iter   8:  -385.89219689790355   -5.09582e-08   2.45105e-07 DIIS
   @DF-RKS iter   9:  -385.89219689882174   -9.18192e-10   5.04917e-08 DIIS
   @DF-RKS iter  10:  -385.89219689885920   -3.74598e-11   5.67747e-09 DIIS
  Energy and wave function converged.


  ==> Post-Iterations <==

   Electrons on quadrature grid:
      Ntotal   =   68.0000017047 ; deviation = 1.705e-06 

    Orbital Energies [Eh]
    ---------------------

    Doubly Occupied:                                                      

       1A    -10.195596     2A    -10.195180     3A    -10.189611  
       4A    -10.189608     5A    -10.189246     6A    -10.189239  
       7A    -10.188670     8A    -10.188655     9A    -10.188574  
      10A    -10.188563    11A     -0.868531    12A     -0.816112  
      13A     -0.769041    14A     -0.736460    15A     -0.714998  
      16A     -0.621883    17A     -0.607308    18A     -0.592164  
      19A     -0.510825    20A     -0.508104    21A     -0.489557  
      22A     -0.446026    23A     -0.436165    24A     -0.414806  
      25A     -0.411765    26A     -0.398195    27A     -0.385292  
      28A     -0.366624    29A     -0.335593    30A     -0.328185  
      31A     -0.322968    32A     -0.280864    33A     -0.240209  
      34A     -0.212651  

    Virtual:                                                              

      35A     -0.035278    36A     -0.005505    37A      0.035727  
      38A      0.095045    39A      0.102890    40A      0.112972  
      41A      0.121766    42A      0.166027    43A      0.167704  
      44A      0.174549    45A      0.182797    46A      0.203413  
      47A      0.206024    48A      0.246972    49A      0.284273  
      50A      0.308279    51A      0.311749    52A      0.325938  
      53A      0.329093    54A      0.361500    55A      0.471987  
      56A      0.494160    57A      0.513862    58A      0.521373  
      59A      0.527254    60A      0.528000    61A      0.548053  
      62A      0.563040    63A      0.570941    64A      0.582412  
      65A      0.591965    66A      0.608788    67A      0.611960  
      68A      0.613207    69A      0.616225    70A      0.618191  
      71A      0.626930    72A      0.629241    73A      0.637038  
      74A      0.673909    75A      0.690846    76A      0.693019  
      77A      0.757308    78A      0.826170    79A      0.827473  
      80A      0.835713    81A      0.836730    82A      0.837890  
      83A      0.853992    84A      0.855831    85A      0.899873  
      86A      0.901400    87A      0.924762    88A      0.943681  
      89A      0.945739    90A      0.984747    91A      1.001292  
      92A      1.052640    93A      1.056443    94A      1.068584  
      95A      1.084903    96A      1.150797    97A      1.191445  
      98A      1.195049    99A      1.234111   100A      1.253066  
     101A      1.281004   102A      1.315601   103A      1.391378  
     104A      1.402965   105A      1.443678   106A      1.457138  
     107A      1.458708   108A      1.480111   109A      1.495618  
     110A      1.496539   111A      1.504253   112A      1.511634  
     113A      1.536170   114A      1.725205   115A      1.771362  
     116A      1.777447   117A      1.857812   118A      1.884195  
     119A      1.894347   120A      1.904562   121A      1.930641  
     122A      1.944457   123A      1.948782   124A      1.953721  
     125A      1.996173   126A      2.030778   127A      2.047938  
     128A      2.124300   129A      2.146950   130A      2.159895  
     131A      2.199563   132A      2.203821   133A      2.207761  
     134A      2.278527   135A      2.281316   136A      2.296379  
     137A      2.329975   138A      2.339825   139A      2.378204  
     140A      2.419013   141A      2.609837   142A      2.613662  
     143A      2.617114   144A      2.618499   145A      2.638821  
     146A      2.672349   147A      2.721161   148A      2.742391  
     149A      2.778955   150A      2.834218   151A      2.853370  
     152A      2.877422   153A      2.939609   154A      3.095776  
     155A      3.349788   156A      3.470290   157A      4.081624  
     158A      4.093913   159A      4.117841   160A      4.121269  
     161A      4.150681   162A      4.261929   163A      4.350034  
     164A      4.400259   165A      4.513509   166A      4.798376  

    Final Occupation by Irrep:
              A 
    DOCC [    34 ]
    NA   [    34 ]
    NB   [    34 ]

  @DF-RKS Final Energy:  -385.89219689885920

   => Energetics <=

    Nuclear Repulsion Energy =            457.1823162257833246
    One-Electron Energy =               -1425.4145097563839499
    Two-Electron Energy =                 628.6463299703061693
    DFT Exchange-Correlation Energy =     -46.3063333385646629
    Empirical Dispersion Energy =           0.0000000000000000
    VV10 Nonlocal Energy =                  0.0000000000000000
    Total Energy =                       -385.8921968988591402

Computation Completed


Properties will be evaluated at   0.000000,   0.000000,   0.000000 [a0]

Properties computed using the SCF density matrix


 Multipole Moments:

 ------------------------------------------------------------------------------------
     Multipole            Electronic (a.u.)      Nuclear  (a.u.)        Total (a.u.)
 ------------------------------------------------------------------------------------

 L = 1.  Multiply by 2.5417464519 to convert [e a0] to [Debye]
 Dipole X            :          0.0000000            0.0000000            0.0000000
 Dipole Y            :          0.0000000           -0.0000000            0.0000000
 Dipole Z            :          0.0000000           -0.0000000            0.0000000
 Magnitude           :                                                    0.0000000

 ------------------------------------------------------------------------------------

*** tstop() called on Asus18 at Tue Sep 15 16:33:00 2026
Module time:
	user time   =        nan seconds =        nan minutes
	system time =        nan seconds =        nan minutes
	total time  =         13 seconds =       0.22 minutes
Total time:
	user time   =        nan seconds =        nan minutes
	system time =        nan seconds =        nan minutes
	total time  =        394 seconds =       6.57 minutes

Scratch directory: C:\Users\thebr\AppData\Local\Temp/
   => Libint2 <=

    Primary   basis highest AM E, G, H:  7, 6, -
    Auxiliary basis highest AM E, G, H:  7, 7, -
    Onebody   basis highest AM E, G, H:  -, -, -
    Solid Harmonics ordering:            Gaussian

*** tstart() called on Asus18
*** at Tue Sep 15 16:33:00 2026

   => Loading Basis Set <=

    Name: 6-31G*
    Role: ORBITAL
    Keyword: BASIS
    atoms 1-10  entry C          line   111 file C:\Users\thebr\.conda\envs\qc\Library\share\psi4\basis\6-31gs.gbs 
    atoms 11-18 entry H          line    44 file C:\Users\thebr\.conda\envs\qc\Library\share\psi4\basis\6-31gs.gbs 


         ---------------------------------------------------------
                                   SCF
               by Justin Turney, Rob Parrish, Andy Simmonett
                          and Daniel G. A. Smith
                              RKS Reference
                        8 Threads,   -562 MiB Core
         ---------------------------------------------------------

  ==> Geometry <==

    Molecular point group: c1
    Full point group: C2h

    Geometry (in Bohr), charge = 0, multiplicity = 1:

       Center              X                  Y                   Z               Mass       
    ------------   -----------------  -----------------  -----------------  -----------------
         C            4.598824100047     1.338777682368     0.012709213975    12.000000000000
         C            4.598824100047    -1.338777682368    -0.012709213975    12.000000000000
         C            2.352255929843    -2.650344238690     0.005662282549    12.000000000000
         C            0.000000000000    -1.354817557403    -0.027948958438    12.000000000000
         C           -2.352255929843    -2.650344238690     0.005662282549    12.000000000000
         C           -4.598824100047    -1.338777682368    -0.012709213975    12.000000000000
         C           -4.598824100047     1.338777682368     0.012709213975    12.000000000000
         C           -2.352255929843     2.650344238690    -0.005662282549    12.000000000000
         C            0.000000000000     1.354817557403     0.027948958438    12.000000000000
         C            2.352255929843     2.650344238690    -0.005662282549    12.000000000000
         H            6.384009981920     2.353785250794    -0.005491608793     1.007825032230
         H            6.384009981920    -2.353785250794     0.005491608793     1.007825032230
         H            2.347117188884    -4.705775813282     0.050229023607     1.007825032230
         H           -2.347117188884    -4.705775813282     0.050229023607     1.007825032230
         H           -6.384009981920    -2.353785250794     0.005491608793     1.007825032230
         H           -6.384009981920     2.353785250794    -0.005491608793     1.007825032230
         H           -2.347117188884     4.705775813282    -0.050229023607     1.007825032230
         H            2.347117188884     4.705775813282    -0.050229023607     1.007825032230

  Running in c1 symmetry.

  Rotational constants: A =      0.10399  B =      0.04103  C =      0.02942 [cm^-1]
  Rotational constants: A =   3117.56045  B =   1229.97880  C =    882.03389 [MHz]
  Nuclear repulsion =  457.182316225783325

  Charge       = 0
  Multiplicity = 1
  Electrons    = 68
  Nalpha       = 34
  Nbeta        = 34

  ==> Algorithm <==

  SCF Algorithm Type is DF.
  DIIS enabled.
  MOM disabled.
  Fractional occupation disabled.
  Guess Type is SAD.
  Energy threshold   = 1.00e-10
  Density threshold  = 1.00e-08
  Integral threshold = 1.00e-12

  ==> Primary Basis <==

  Basis Set: 6-31G*
    Blend: 6-31G*
    Number of shells: 76
    Number of basis functions: 166
    Number of Cartesian functions: 166
    Spherical Harmonics?: false
    Max angular momentum: 2

  ==> DFT Potential <==

   => LibXC <=

    Version 7.1.2
    S. Lehtola, C. Steigemann, M. J. T. Oliveira, and M. A. L. Marques,  SoftwareX 7, 1–5 (2018) (10.1016/j.softx.2017.11.002)

   => Composite Functional: B3LYP <= 

    B3LYP Hyb-GGA Exchange-Correlation Functional

    P. J. Stephens, F. J. Devlin, C. F. Chabalowski, and M. J. Frisch,  J. Phys. Chem. 98, 11623 (1994) (10.1021/j100096a001)

    Deriv               =              1
    GGA                 =           TRUE
    Meta                =          FALSE

    Exchange Hybrid     =           TRUE
    MP2 Hybrid          =          FALSE

   => Exchange Functionals <=

    0.0800   Slater exchange
    0.7200         Becke 88

   => Exact (HF) Exchange <=

    0.2000               HF 

   => Correlation Functionals <=

    0.1900   Vosko, Wilk & Nusair (VWN5_RPA)
    0.8100   Lee, Yang & Parr

   => LibXC Density Thresholds  <==

    XC_HYB_GGA_XC_B3LYP:  1.00E-15 

   => Molecular Quadrature <=

    Radial Scheme          =       TREUTLER
    Pruning Scheme         =           NONE
    Nuclear Scheme         =       TREUTLER

    Blocking Scheme        =         OCTREE
    BS radius alpha        =              1
    Pruning alpha          =              1
    Radial Points          =             99
    Spherical Points       =            590
    Total Points           =         960024
    Total Blocks           =           6478
    Max Points             =            256
    Max Functions          =            159
    Weights Tolerance      =       1.00E-15

   => Loading Basis Set <=

    Name: (6-31G* AUX)
    Role: JKFIT
    Keyword: DF_BASIS_SCF
    atoms 1-10  entry C          line   121 file C:\Users\thebr\.conda\envs\qc\Library\share\psi4\basis\cc-pvdz-jkfit.gbs 
    atoms 11-18 entry H          line    51 file C:\Users\thebr\.conda\envs\qc\Library\share\psi4\basis\cc-pvdz-jkfit.gbs 

  ==> Integral Setup <==

  DFHelper Memory: AOs need 0.213 GiB; user supplied 2.424 GiB. 
  SCF_SUBTYPE=INCORE selected. In-core MEM_DF algorithm will be used.
  Using in-core AOs.

  ==> MemDFJK: Density-Fitted J/K Matrices <==

    J tasked:                   Yes
    K tasked:                   Yes
    wK tasked:                   No
    OpenMP threads:               8
    Memory [MiB]:              2481
    Algorithm:                 Core
    Schwarz Cutoff:           1E-12
    Mask sparsity (%):       4.9354
    Fitting Condition:        1E-10

   => Auxiliary Basis Set <=

  Basis Set: (6-31G* AUX)
    Blend: CC-PVDZ-JKFIT
    Number of shells: 312
    Number of basis functions: 1010
    Number of Cartesian functions: 1010
    Spherical Harmonics?: false
    Max angular momentum: 3

  Cached 100.0% of DFT collocation blocks in 3.164 [GiB].

  Minimum eigenvalue in the overlap matrix is 3.2805816131E-04.
  Reciprocal condition number of the overlap matrix is 4.1605093395E-05.
    Using symmetric orthogonalization.

  ==> Pre-Iterations <==

  SCF Guess: Superposition of Atomic Densities via on-the-fly atomic UHF (no occupation information).

   -------------------------
    Irrep   Nso     Nmo    
   -------------------------
     A        166     166 
   -------------------------
    Total     166     166
   -------------------------

  ==> Iterations <==

                           Total Energy        Delta E     RMS |[F,P]|

   @DF-RKS iter SAD:  -385.34313987939606   -3.85343e+02   0.00000e+00 
   @DF-RKS iter   1:  -385.43285958961104   -8.97197e-02   5.35872e-03 ADIIS/DIIS
   @DF-RKS iter   2:  -385.42194089289137    1.09187e-02   5.54450e-03 ADIIS/DIIS
   @DF-RKS iter   3:  -385.88645926012856   -4.64518e-01   6.36885e-04 ADIIS/DIIS
   @DF-RKS iter   4:  -385.89006005716533   -3.60080e-03   3.83182e-04 ADIIS/DIIS
   @DF-RKS iter   5:  -385.89205678006732   -1.99672e-03   9.75046e-05 DIIS
   @DF-RKS iter   6:  -385.89216726306120   -1.10483e-04   4.61895e-05 DIIS
   @DF-RKS iter   7:  -385.89219684978531   -2.95867e-05   1.79718e-06 DIIS
   @DF-RKS iter   8:  -385.89219690074384   -5.09585e-08   2.45105e-07 DIIS
   @DF-RKS iter   9:  -385.89219690166175   -9.17908e-10   5.04917e-08 DIIS
   @DF-RKS iter  10:  -385.89219690169887   -3.71188e-11   5.67747e-09 DIIS
  Energy and wave function converged.


  ==> Post-Iterations <==

   Electrons on quadrature grid:
      Ntotal   =   68.0000017047 ; deviation = 1.705e-06 

    Orbital Energies [Eh]
    ---------------------

    Doubly Occupied:                                                      

       1A    -10.195596     2A    -10.195180     3A    -10.189611  
       4A    -10.189608     5A    -10.189246     6A    -10.189239  
       7A    -10.188670     8A    -10.188655     9A    -10.188574  
      10A    -10.188563    11A     -0.868531    12A     -0.816112  
      13A     -0.769041    14A     -0.736460    15A     -0.714998  
      16A     -0.621883    17A     -0.607308    18A     -0.592164  
      19A     -0.510825    20A     -0.508104    21A     -0.489557  
      22A     -0.446026    23A     -0.436165    24A     -0.414806  
      25A     -0.411765    26A     -0.398195    27A     -0.385292  
      28A     -0.366624    29A     -0.335593    30A     -0.328185  
      31A     -0.322968    32A     -0.280864    33A     -0.240209  
      34A     -0.212651  

    Virtual:                                                              

      35A     -0.035278    36A     -0.005505    37A      0.035727  
      38A      0.095045    39A      0.102890    40A      0.112972  
      41A      0.121766    42A      0.166027    43A      0.167704  
      44A      0.174549    45A      0.182797    46A      0.203413  
      47A      0.206024    48A      0.246972    49A      0.284273  
      50A      0.308279    51A      0.311749    52A      0.325938  
      53A      0.329093    54A      0.361500    55A      0.471987  
      56A      0.494160    57A      0.513862    58A      0.521373  
      59A      0.527254    60A      0.528000    61A      0.548053  
      62A      0.563040    63A      0.570941    64A      0.582412  
      65A      0.591965    66A      0.608788    67A      0.611960  
      68A      0.613207    69A      0.616225    70A      0.618191  
      71A      0.626930    72A      0.629241    73A      0.637038  
      74A      0.673909    75A      0.690846    76A      0.693019  
      77A      0.757308    78A      0.826170    79A      0.827473  
      80A      0.835713    81A      0.836730    82A      0.837890  
      83A      0.853992    84A      0.855831    85A      0.899873  
      86A      0.901400    87A      0.924762    88A      0.943681  
      89A      0.945739    90A      0.984747    91A      1.001292  
      92A      1.052640    93A      1.056443    94A      1.068584  
      95A      1.084903    96A      1.150797    97A      1.191445  
      98A      1.195049    99A      1.234111   100A      1.253066  
     101A      1.281004   102A      1.315601   103A      1.391378  
     104A      1.402965   105A      1.443678   106A      1.457138  
     107A      1.458708   108A      1.480111   109A      1.495618  
     110A      1.496539   111A      1.504253   112A      1.511634  
     113A      1.536170   114A      1.725205   115A      1.771362  
     116A      1.777447   117A      1.857812   118A      1.884195  
     119A      1.894347   120A      1.904562   121A      1.930641  
     122A      1.944457   123A      1.948782   124A      1.953721  
     125A      1.996173   126A      2.030778   127A      2.047938  
     128A      2.124300   129A      2.146950   130A      2.159895  
     131A      2.199563   132A      2.203821   133A      2.207761  
     134A      2.278527   135A      2.281316   136A      2.296379  
     137A      2.329975   138A      2.339825   139A      2.378204  
     140A      2.419013   141A      2.609837   142A      2.613662  
     143A      2.617114   144A      2.618499   145A      2.638821  
     146A      2.672349   147A      2.721161   148A      2.742391  
     149A      2.778955   150A      2.834218   151A      2.853370  
     152A      2.877422   153A      2.939609   154A      3.095776  
     155A      3.349788   156A      3.470290   157A      4.081624  
     158A      4.093913   159A      4.117841   160A      4.121269  
     161A      4.150681   162A      4.261929   163A      4.350034  
     164A      4.400259   165A      4.513509   166A      4.798376  

    Final Occupation by Irrep:
              A 
    DOCC [    34 ]
    NA   [    34 ]
    NB   [    34 ]

  @DF-RKS Final Energy:  -385.89219690169887

   => Energetics <=

    Nuclear Repulsion Energy =            457.1823162257833246
    One-Electron Energy =               -1425.4145097575449199
    Two-Electron Energy =                 628.6463299686764685
    DFT Exchange-Correlation Energy =     -46.3063333386137188
    Empirical Dispersion Energy =           0.0000000000000000
    VV10 Nonlocal Energy =                  0.0000000000000000
    Total Energy =                       -385.8921969016988669

Computation Completed


Properties will be evaluated at   0.000000,   0.000000,   0.000000 [a0]

Properties computed using the SCF density matrix


 Multipole Moments:

 ------------------------------------------------------------------------------------
     Multipole            Electronic (a.u.)      Nuclear  (a.u.)        Total (a.u.)
 ------------------------------------------------------------------------------------

 L = 1.  Multiply by 2.5417464519 to convert [e a0] to [Debye]
 Dipole X            :         -0.0000000            0.0000000           -0.0000000
 Dipole Y            :          0.0000000           -0.0000000            0.0000000
 Dipole Z            :         -0.0000000            0.0000000           -0.0000000
 Magnitude           :                                                    0.0000000

 ------------------------------------------------------------------------------------

*** tstop() called on Asus18 at Tue Sep 15 16:33:12 2026
Module time:
	user time   =        nan seconds =        nan minutes
	system time =        nan seconds =        nan minutes
	total time  =         12 seconds =       0.20 minutes
Total time:
	user time   =        nan seconds =        nan minutes
	system time =        nan seconds =        nan minutes
	total time  =        406 seconds =       6.77 minutes

Scratch directory: C:\Users\thebr\AppData\Local\Temp/
   => Libint2 <=

    Primary   basis highest AM E, G, H:  7, 6, -
    Auxiliary basis highest AM E, G, H:  7, 7, -
    Onebody   basis highest AM E, G, H:  -, -, -
    Solid Harmonics ordering:            Gaussian

*** tstart() called on Asus18
*** at Tue Sep 15 16:33:13 2026

   => Loading Basis Set <=

    Name: 6-31G*
    Role: ORBITAL
    Keyword: BASIS
    atoms 1-10  entry C          line   111 file C:\Users\thebr\.conda\envs\qc\Library\share\psi4\basis\6-31gs.gbs 
    atoms 11-18 entry H          line    44 file C:\Users\thebr\.conda\envs\qc\Library\share\psi4\basis\6-31gs.gbs 


         ---------------------------------------------------------
                                   SCF
               by Justin Turney, Rob Parrish, Andy Simmonett
                          and Daniel G. A. Smith
                              RKS Reference
                        8 Threads,   -562 MiB Core
         ---------------------------------------------------------

  ==> Geometry <==

    Molecular point group: c1
    Full point group: C2h

    Geometry (in Bohr), charge = 0, multiplicity = 1:

       Center              X                  Y                   Z               Mass       
    ------------   -----------------  -----------------  -----------------  -----------------
         C            4.598824100047     1.338777682368    -0.025418427951    12.000000000000
         C            4.598824100047    -1.338777682368     0.025418427951    12.000000000000
         C            2.352255929843    -2.650344238690    -0.011324565098    12.000000000000
         C            0.000000000000    -1.354817557403     0.055897916876    12.000000000000
         C           -2.352255929843    -2.650344238690    -0.011324565098    12.000000000000
         C           -4.598824100047    -1.338777682368     0.025418427951    12.000000000000
         C           -4.598824100047     1.338777682368    -0.025418427951    12.000000000000
         C           -2.352255929843     2.650344238690     0.011324565098    12.000000000000
         C            0.000000000000     1.354817557403    -0.055897916876    12.000000000000
         C            2.352255929843     2.650344238690     0.011324565098    12.000000000000
         H            6.384009981920     2.353785250794     0.010983217587     1.007825032230
         H            6.384009981920    -2.353785250794    -0.010983217587     1.007825032230
         H            2.347117188884    -4.705775813282    -0.100458047214     1.007825032230
         H           -2.347117188884    -4.705775813282    -0.100458047214     1.007825032230
         H           -6.384009981920    -2.353785250794    -0.010983217587     1.007825032230
         H           -6.384009981920     2.353785250794     0.010983217587     1.007825032230
         H           -2.347117188884     4.705775813282     0.100458047214     1.007825032230
         H            2.347117188884     4.705775813282     0.100458047214     1.007825032230

  Running in c1 symmetry.

  Rotational constants: A =      0.10397  B =      0.04102  C =      0.02942 [cm^-1]
  Rotational constants: A =   3116.94128  B =   1229.88241  C =    882.03389 [MHz]
  Nuclear repulsion =  457.131927853167156

  Charge       = 0
  Multiplicity = 1
  Electrons    = 68
  Nalpha       = 34
  Nbeta        = 34

  ==> Algorithm <==

  SCF Algorithm Type is DF.
  DIIS enabled.
  MOM disabled.
  Fractional occupation disabled.
  Guess Type is SAD.
  Energy threshold   = 1.00e-10
  Density threshold  = 1.00e-08
  Integral threshold = 1.00e-12

  ==> Primary Basis <==

  Basis Set: 6-31G*
    Blend: 6-31G*
    Number of shells: 76
    Number of basis functions: 166
    Number of Cartesian functions: 166
    Spherical Harmonics?: false
    Max angular momentum: 2

  ==> DFT Potential <==

   => LibXC <=

    Version 7.1.2
    S. Lehtola, C. Steigemann, M. J. T. Oliveira, and M. A. L. Marques,  SoftwareX 7, 1–5 (2018) (10.1016/j.softx.2017.11.002)

   => Composite Functional: B3LYP <= 

    B3LYP Hyb-GGA Exchange-Correlation Functional

    P. J. Stephens, F. J. Devlin, C. F. Chabalowski, and M. J. Frisch,  J. Phys. Chem. 98, 11623 (1994) (10.1021/j100096a001)

    Deriv               =              1
    GGA                 =           TRUE
    Meta                =          FALSE

    Exchange Hybrid     =           TRUE
    MP2 Hybrid          =          FALSE

   => Exchange Functionals <=

    0.0800   Slater exchange
    0.7200         Becke 88

   => Exact (HF) Exchange <=

    0.2000               HF 

   => Correlation Functionals <=

    0.1900   Vosko, Wilk & Nusair (VWN5_RPA)
    0.8100   Lee, Yang & Parr

   => LibXC Density Thresholds  <==

    XC_HYB_GGA_XC_B3LYP:  1.00E-15 

   => Molecular Quadrature <=

    Radial Scheme          =       TREUTLER
    Pruning Scheme         =           NONE
    Nuclear Scheme         =       TREUTLER

    Blocking Scheme        =         OCTREE
    BS radius alpha        =              1
    Pruning alpha          =              1
    Radial Points          =             99
    Spherical Points       =            590
    Total Points           =         960160
    Total Blocks           =           6494
    Max Points             =            256
    Max Functions          =            159
    Weights Tolerance      =       1.00E-15

   => Loading Basis Set <=

    Name: (6-31G* AUX)
    Role: JKFIT
    Keyword: DF_BASIS_SCF
    atoms 1-10  entry C          line   121 file C:\Users\thebr\.conda\envs\qc\Library\share\psi4\basis\cc-pvdz-jkfit.gbs 
    atoms 11-18 entry H          line    51 file C:\Users\thebr\.conda\envs\qc\Library\share\psi4\basis\cc-pvdz-jkfit.gbs 

  ==> Integral Setup <==

  DFHelper Memory: AOs need 0.213 GiB; user supplied 2.422 GiB. 
  SCF_SUBTYPE=INCORE selected. In-core MEM_DF algorithm will be used.
  Using in-core AOs.

  ==> MemDFJK: Density-Fitted J/K Matrices <==

    J tasked:                   Yes
    K tasked:                   Yes
    wK tasked:                   No
    OpenMP threads:               8
    Memory [MiB]:              2480
    Algorithm:                 Core
    Schwarz Cutoff:           1E-12
    Mask sparsity (%):       4.9354
    Fitting Condition:        1E-10

   => Auxiliary Basis Set <=

  Basis Set: (6-31G* AUX)
    Blend: CC-PVDZ-JKFIT
    Number of shells: 312
    Number of basis functions: 1010
    Number of Cartesian functions: 1010
    Spherical Harmonics?: false
    Max angular momentum: 3

  Cached 100.0% of DFT collocation blocks in 3.166 [GiB].

  Minimum eigenvalue in the overlap matrix is 3.8285928691E-04.
  Reciprocal condition number of the overlap matrix is 4.8563649100E-05.
    Using symmetric orthogonalization.

  ==> Pre-Iterations <==

  SCF Guess: Superposition of Atomic Densities via on-the-fly atomic UHF (no occupation information).

   -------------------------
    Irrep   Nso     Nmo    
   -------------------------
     A        166     166 
   -------------------------
    Total     166     166
   -------------------------

  ==> Iterations <==

                           Total Energy        Delta E     RMS |[F,P]|

   @DF-RKS iter SAD:  -385.33920762251620   -3.85339e+02   0.00000e+00 
   @DF-RKS iter   1:  -385.43151043363571   -9.23028e-02   5.35812e-03 ADIIS/DIIS
   @DF-RKS iter   2:  -385.41964127169524    1.18692e-02   5.55024e-03 ADIIS/DIIS
   @DF-RKS iter   3:  -385.88509706031982   -4.65456e-01   6.37774e-04 ADIIS/DIIS
   @DF-RKS iter   4:  -385.88870763184360   -3.61057e-03   3.83925e-04 ADIIS/DIIS
   @DF-RKS iter   5:  -385.89071285113505   -2.00522e-03   9.77355e-05 DIIS
   @DF-RKS iter   6:  -385.89082385298667   -1.11002e-04   4.63248e-05 DIIS
   @DF-RKS iter   7:  -385.89085362164445   -2.97687e-05   1.80407e-06 DIIS
   @DF-RKS iter   8:  -385.89085367298668   -5.13422e-08   2.47247e-07 DIIS
   @DF-RKS iter   9:  -385.89085367392289   -9.36211e-10   5.08141e-08 DIIS
   @DF-RKS iter  10:  -385.89085367396007   -3.71756e-11   5.74258e-09 DIIS
  Energy and wave function converged.


  ==> Post-Iterations <==

   Electrons on quadrature grid:
      Ntotal   =   68.0000017930 ; deviation = 1.793e-06 

    Orbital Energies [Eh]
    ---------------------

    Doubly Occupied:                                                      

       1A    -10.195767     2A    -10.195353     3A    -10.189669  
       4A    -10.189666     5A    -10.189328     6A    -10.189319  
       7A    -10.188802     8A    -10.188787     9A    -10.188683  
      10A    -10.188673    11A     -0.868423    12A     -0.816056  
      13A     -0.768940    14A     -0.736372    15A     -0.714926  
      16A     -0.621747    17A     -0.607250    18A     -0.591872  
      19A     -0.510653    20A     -0.507987    21A     -0.489463  
      22A     -0.446123    23A     -0.435937    24A     -0.414794  
      25A     -0.411595    26A     -0.398168    27A     -0.384946  
      28A     -0.366596    29A     -0.335573    30A     -0.328844  
      31A     -0.322729    32A     -0.279950    33A     -0.240204  
      34A     -0.212564  

    Virtual:                                                              

      35A     -0.035419    36A     -0.005848    37A      0.035150  
      38A      0.094948    39A      0.102500    40A      0.112934  
      41A      0.121789    42A      0.165838    43A      0.167568  
      44A      0.174544    45A      0.182683    46A      0.201654  
      47A      0.206099    48A      0.247067    49A      0.284297  
      50A      0.308545    51A      0.311875    52A      0.326097  
      53A      0.329086    54A      0.361443    55A      0.472067  
      56A      0.493224    57A      0.513489    58A      0.519933  
      59A      0.526503    60A      0.528255    61A      0.547148  
      62A      0.562825    63A      0.571042    64A      0.576847  
      65A      0.591933    66A      0.607846    67A      0.612422  
      68A      0.612487    69A      0.616376    70A      0.618600  
      71A      0.627184    72A      0.629699    73A      0.633204  
      74A      0.673813    75A      0.690489    76A      0.693203  
      77A      0.757136    78A      0.825499    79A      0.826214  
      80A      0.833625    81A      0.835968    82A      0.837744  
      83A      0.853272    84A      0.853661    85A      0.899996  
      86A      0.901313    87A      0.920961    88A      0.942687  
      89A      0.946597    90A      0.979971    91A      1.001635  
      92A      1.051182    93A      1.052933    94A      1.068064  
      95A      1.079229    96A      1.138557    97A      1.172299  
      98A      1.194839    99A      1.213492   100A      1.245077  
     101A      1.286070   102A      1.317031   103A      1.382758  
     104A      1.389783   105A      1.440717   106A      1.455019  
     107A      1.455276   108A      1.469207   109A      1.489633  
     110A      1.496880   111A      1.515698   112A      1.520615  
     113A      1.545884   114A      1.725676   115A      1.771534  
     116A      1.777152   117A      1.847572   118A      1.857782  
     119A      1.890001   120A      1.894256   121A      1.930883  
     122A      1.939677   123A      1.948103   124A      1.953241  
     125A      1.997285   126A      2.030658   127A      2.045894  
     128A      2.124261   129A      2.147339   130A      2.157237  
     131A      2.200336   132A      2.205935   133A      2.207825  
     134A      2.274779   135A      2.280416   136A      2.285848  
     137A      2.329790   138A      2.342980   139A      2.376200  
     140A      2.418624   141A      2.610456   142A      2.610716  
     143A      2.616570   144A      2.616800   145A      2.630870  
     146A      2.668690   147A      2.723093   148A      2.724059  
     149A      2.769818   150A      2.836540   151A      2.845485  
     152A      2.878149   153A      2.937615   154A      3.090304  
     155A      3.342299   156A      3.459065   157A      4.082731  
     158A      4.094010   159A      4.115751   160A      4.121194  
     161A      4.150497   162A      4.262175   163A      4.350282  
     164A      4.400826   165A      4.506938   166A      4.792369  

    Final Occupation by Irrep:
              A 
    DOCC [    34 ]
    NA   [    34 ]
    NB   [    34 ]

  @DF-RKS Final Energy:  -385.89085367396007

   => Energetics <=

    Nuclear Repulsion Energy =            457.1319278531671557
    One-Electron Energy =               -1425.3156364825426863
    Two-Electron Energy =                 628.5969281706571792
    DFT Exchange-Correlation Energy =     -46.3040732152416226
    Empirical Dispersion Energy =           0.0000000000000000
    VV10 Nonlocal Energy =                  0.0000000000000000
    Total Energy =                       -385.8908536739600095

Computation Completed


Properties will be evaluated at   0.000000,   0.000000,   0.000000 [a0]

Properties computed using the SCF density matrix


 Multipole Moments:

 ------------------------------------------------------------------------------------
     Multipole            Electronic (a.u.)      Nuclear  (a.u.)        Total (a.u.)
 ------------------------------------------------------------------------------------

 L = 1.  Multiply by 2.5417464519 to convert [e a0] to [Debye]
 Dipole X            :         -0.0000000            0.0000000           -0.0000000
 Dipole Y            :          0.0000000           -0.0000000            0.0000000
 Dipole Z            :          0.0000000           -0.0000000            0.0000000
 Magnitude           :                                                    0.0000000

 ------------------------------------------------------------------------------------

*** tstop() called on Asus18 at Tue Sep 15 16:33:25 2026
Module time:
	user time   =        nan seconds =        nan minutes
	system time =        nan seconds =        nan minutes
	total time  =         12 seconds =       0.20 minutes
Total time:
	user time   =        nan seconds =        nan minutes
	system time =        nan seconds =        nan minutes
	total time  =        419 seconds =       6.98 minutes

Scratch directory: C:\Users\thebr\AppData\Local\Temp/
   => Libint2 <=

    Primary   basis highest AM E, G, H:  7, 6, -
    Auxiliary basis highest AM E, G, H:  7, 7, -
    Onebody   basis highest AM E, G, H:  -, -, -
    Solid Harmonics ordering:            Gaussian

*** tstart() called on Asus18
*** at Tue Sep 15 16:33:25 2026

   => Loading Basis Set <=

    Name: 6-31G*
    Role: ORBITAL
    Keyword: BASIS
    atoms 1-10  entry C          line   111 file C:\Users\thebr\.conda\envs\qc\Library\share\psi4\basis\6-31gs.gbs 
    atoms 11-18 entry H          line    44 file C:\Users\thebr\.conda\envs\qc\Library\share\psi4\basis\6-31gs.gbs 


         ---------------------------------------------------------
                                   SCF
               by Justin Turney, Rob Parrish, Andy Simmonett
                          and Daniel G. A. Smith
                              RKS Reference
                        8 Threads,   -562 MiB Core
         ---------------------------------------------------------

  ==> Geometry <==

    Molecular point group: c1
    Full point group: C2h

    Geometry (in Bohr), charge = 0, multiplicity = 1:

       Center              X                  Y                   Z               Mass       
    ------------   -----------------  -----------------  -----------------  -----------------
         C            4.598824100047     1.338777682368     0.025418427951    12.000000000000
         C            4.598824100047    -1.338777682368    -0.025418427951    12.000000000000
         C            2.352255929843    -2.650344238690     0.011324565098    12.000000000000
         C            0.000000000000    -1.354817557403    -0.055897916876    12.000000000000
         C           -2.352255929843    -2.650344238690     0.011324565098    12.000000000000
         C           -4.598824100047    -1.338777682368    -0.025418427951    12.000000000000
         C           -4.598824100047     1.338777682368     0.025418427951    12.000000000000
         C           -2.352255929843     2.650344238690    -0.011324565098    12.000000000000
         C            0.000000000000     1.354817557403     0.055897916876    12.000000000000
         C            2.352255929843     2.650344238690    -0.011324565098    12.000000000000
         H            6.384009981920     2.353785250794    -0.010983217587     1.007825032230
         H            6.384009981920    -2.353785250794     0.010983217587     1.007825032230
         H            2.347117188884    -4.705775813282     0.100458047214     1.007825032230
         H           -2.347117188884    -4.705775813282     0.100458047214     1.007825032230
         H           -6.384009981920    -2.353785250794     0.010983217587     1.007825032230
         H           -6.384009981920     2.353785250794    -0.010983217587     1.007825032230
         H           -2.347117188884     4.705775813282    -0.100458047214     1.007825032230
         H            2.347117188884     4.705775813282    -0.100458047214     1.007825032230

  Running in c1 symmetry.

  Rotational constants: A =      0.10397  B =      0.04102  C =      0.02942 [cm^-1]
  Rotational constants: A =   3116.94128  B =   1229.88241  C =    882.03389 [MHz]
  Nuclear repulsion =  457.131927853167156

  Charge       = 0
  Multiplicity = 1
  Electrons    = 68
  Nalpha       = 34
  Nbeta        = 34

  ==> Algorithm <==

  SCF Algorithm Type is DF.
  DIIS enabled.
  MOM disabled.
  Fractional occupation disabled.
  Guess Type is SAD.
  Energy threshold   = 1.00e-10
  Density threshold  = 1.00e-08
  Integral threshold = 1.00e-12

  ==> Primary Basis <==

  Basis Set: 6-31G*
    Blend: 6-31G*
    Number of shells: 76
    Number of basis functions: 166
    Number of Cartesian functions: 166
    Spherical Harmonics?: false
    Max angular momentum: 2

  ==> DFT Potential <==

   => LibXC <=

    Version 7.1.2
    S. Lehtola, C. Steigemann, M. J. T. Oliveira, and M. A. L. Marques,  SoftwareX 7, 1–5 (2018) (10.1016/j.softx.2017.11.002)

   => Composite Functional: B3LYP <= 

    B3LYP Hyb-GGA Exchange-Correlation Functional

    P. J. Stephens, F. J. Devlin, C. F. Chabalowski, and M. J. Frisch,  J. Phys. Chem. 98, 11623 (1994) (10.1021/j100096a001)

    Deriv               =              1
    GGA                 =           TRUE
    Meta                =          FALSE

    Exchange Hybrid     =           TRUE
    MP2 Hybrid          =          FALSE

   => Exchange Functionals <=

    0.0800   Slater exchange
    0.7200         Becke 88

   => Exact (HF) Exchange <=

    0.2000               HF 

   => Correlation Functionals <=

    0.1900   Vosko, Wilk & Nusair (VWN5_RPA)
    0.8100   Lee, Yang & Parr

   => LibXC Density Thresholds  <==

    XC_HYB_GGA_XC_B3LYP:  1.00E-15 

   => Molecular Quadrature <=

    Radial Scheme          =       TREUTLER
    Pruning Scheme         =           NONE
    Nuclear Scheme         =       TREUTLER

    Blocking Scheme        =         OCTREE
    BS radius alpha        =              1
    Pruning alpha          =              1
    Radial Points          =             99
    Spherical Points       =            590
    Total Points           =         960160
    Total Blocks           =           6494
    Max Points             =            256
    Max Functions          =            159
    Weights Tolerance      =       1.00E-15

   => Loading Basis Set <=

    Name: (6-31G* AUX)
    Role: JKFIT
    Keyword: DF_BASIS_SCF
    atoms 1-10  entry C          line   121 file C:\Users\thebr\.conda\envs\qc\Library\share\psi4\basis\cc-pvdz-jkfit.gbs 
    atoms 11-18 entry H          line    51 file C:\Users\thebr\.conda\envs\qc\Library\share\psi4\basis\cc-pvdz-jkfit.gbs 

  ==> Integral Setup <==

  DFHelper Memory: AOs need 0.213 GiB; user supplied 2.422 GiB. 
  SCF_SUBTYPE=INCORE selected. In-core MEM_DF algorithm will be used.
  Using in-core AOs.

  ==> MemDFJK: Density-Fitted J/K Matrices <==

    J tasked:                   Yes
    K tasked:                   Yes
    wK tasked:                   No
    OpenMP threads:               8
    Memory [MiB]:              2480
    Algorithm:                 Core
    Schwarz Cutoff:           1E-12
    Mask sparsity (%):       4.9354
    Fitting Condition:        1E-10

   => Auxiliary Basis Set <=

  Basis Set: (6-31G* AUX)
    Blend: CC-PVDZ-JKFIT
    Number of shells: 312
    Number of basis functions: 1010
    Number of Cartesian functions: 1010
    Spherical Harmonics?: false
    Max angular momentum: 3

  Cached 100.0% of DFT collocation blocks in 3.166 [GiB].

  Minimum eigenvalue in the overlap matrix is 3.8285928691E-04.
  Reciprocal condition number of the overlap matrix is 4.8563649100E-05.
    Using symmetric orthogonalization.

  ==> Pre-Iterations <==

  SCF Guess: Superposition of Atomic Densities via on-the-fly atomic UHF (no occupation information).

   -------------------------
    Irrep   Nso     Nmo    
   -------------------------
     A        166     166 
   -------------------------
    Total     166     166
   -------------------------

  ==> Iterations <==

                           Total Energy        Delta E     RMS |[F,P]|

   @DF-RKS iter SAD:  -385.33920762339261   -3.85339e+02   0.00000e+00 
   @DF-RKS iter   1:  -385.43151043451201   -9.23028e-02   5.35812e-03 ADIIS/DIIS
   @DF-RKS iter   2:  -385.41964127257961    1.18692e-02   5.55024e-03 ADIIS/DIIS
   @DF-RKS iter   3:  -385.88509706119612   -4.65456e-01   6.37774e-04 ADIIS/DIIS
   @DF-RKS iter   4:  -385.88870763271871   -3.61057e-03   3.83925e-04 ADIIS/DIIS
   @DF-RKS iter   5:  -385.89071285200970   -2.00522e-03   9.77355e-05 DIIS
   @DF-RKS iter   6:  -385.89082385386087   -1.11002e-04   4.63248e-05 DIIS
   @DF-RKS iter   7:  -385.89085362251910   -2.97687e-05   1.80407e-06 DIIS
   @DF-RKS iter   8:  -385.89085367386144   -5.13423e-08   2.47247e-07 DIIS
   @DF-RKS iter   9:  -385.89085367479765   -9.36211e-10   5.08141e-08 DIIS
   @DF-RKS iter  10:  -385.89085367483477   -3.71188e-11   5.74258e-09 DIIS
  Energy and wave function converged.


  ==> Post-Iterations <==

   Electrons on quadrature grid:
      Ntotal   =   68.0000017930 ; deviation = 1.793e-06 

    Orbital Energies [Eh]
    ---------------------

    Doubly Occupied:                                                      

       1A    -10.195767     2A    -10.195353     3A    -10.189669  
       4A    -10.189666     5A    -10.189328     6A    -10.189319  
       7A    -10.188802     8A    -10.188787     9A    -10.188683  
      10A    -10.188673    11A     -0.868423    12A     -0.816056  
      13A     -0.768940    14A     -0.736372    15A     -0.714926  
      16A     -0.621747    17A     -0.607250    18A     -0.591872  
      19A     -0.510653    20A     -0.507987    21A     -0.489463  
      22A     -0.446123    23A     -0.435937    24A     -0.414794  
      25A     -0.411595    26A     -0.398168    27A     -0.384946  
      28A     -0.366596    29A     -0.335573    30A     -0.328844  
      31A     -0.322729    32A     -0.279950    33A     -0.240204  
      34A     -0.212564  

    Virtual:                                                              

      35A     -0.035419    36A     -0.005848    37A      0.035150  
      38A      0.094948    39A      0.102500    40A      0.112934  
      41A      0.121789    42A      0.165838    43A      0.167568  
      44A      0.174544    45A      0.182683    46A      0.201654  
      47A      0.206099    48A      0.247067    49A      0.284297  
      50A      0.308545    51A      0.311875    52A      0.326097  
      53A      0.329086    54A      0.361443    55A      0.472067  
      56A      0.493224    57A      0.513489    58A      0.519933  
      59A      0.526503    60A      0.528255    61A      0.547148  
      62A      0.562825    63A      0.571042    64A      0.576847  
      65A      0.591933    66A      0.607846    67A      0.612422  
      68A      0.612487    69A      0.616376    70A      0.618600  
      71A      0.627184    72A      0.629699    73A      0.633204  
      74A      0.673813    75A      0.690489    76A      0.693203  
      77A      0.757136    78A      0.825499    79A      0.826214  
      80A      0.833625    81A      0.835968    82A      0.837744  
      83A      0.853272    84A      0.853661    85A      0.899996  
      86A      0.901313    87A      0.920961    88A      0.942687  
      89A      0.946597    90A      0.979971    91A      1.001635  
      92A      1.051182    93A      1.052933    94A      1.068064  
      95A      1.079229    96A      1.138557    97A      1.172299  
      98A      1.194839    99A      1.213492   100A      1.245077  
     101A      1.286070   102A      1.317031   103A      1.382758  
     104A      1.389783   105A      1.440717   106A      1.455019  
     107A      1.455276   108A      1.469207   109A      1.489633  
     110A      1.496880   111A      1.515698   112A      1.520615  
     113A      1.545884   114A      1.725676   115A      1.771534  
     116A      1.777152   117A      1.847572   118A      1.857782  
     119A      1.890001   120A      1.894256   121A      1.930883  
     122A      1.939677   123A      1.948103   124A      1.953241  
     125A      1.997285   126A      2.030658   127A      2.045894  
     128A      2.124261   129A      2.147339   130A      2.157237  
     131A      2.200336   132A      2.205935   133A      2.207825  
     134A      2.274779   135A      2.280416   136A      2.285848  
     137A      2.329790   138A      2.342980   139A      2.376200  
     140A      2.418624   141A      2.610456   142A      2.610716  
     143A      2.616570   144A      2.616800   145A      2.630870  
     146A      2.668690   147A      2.723093   148A      2.724059  
     149A      2.769818   150A      2.836540   151A      2.845485  
     152A      2.878149   153A      2.937615   154A      3.090304  
     155A      3.342299   156A      3.459065   157A      4.082731  
     158A      4.094010   159A      4.115751   160A      4.121194  
     161A      4.150497   162A      4.262175   163A      4.350282  
     164A      4.400826   165A      4.506938   166A      4.792369  

    Final Occupation by Irrep:
              A 
    DOCC [    34 ]
    NA   [    34 ]
    NB   [    34 ]

  @DF-RKS Final Energy:  -385.89085367483477

   => Energetics <=

    Nuclear Repulsion Energy =            457.1319278531671557
    One-Electron Energy =               -1425.3156364826900244
    Two-Electron Energy =                 628.5969281699387921
    DFT Exchange-Correlation Energy =     -46.3040732152506607
    Empirical Dispersion Energy =           0.0000000000000000
    VV10 Nonlocal Energy =                  0.0000000000000000
    Total Energy =                       -385.8908536748347728

Computation Completed


Properties will be evaluated at   0.000000,   0.000000,   0.000000 [a0]

Properties computed using the SCF density matrix


 Multipole Moments:

 ------------------------------------------------------------------------------------
     Multipole            Electronic (a.u.)      Nuclear  (a.u.)        Total (a.u.)
 ------------------------------------------------------------------------------------

 L = 1.  Multiply by 2.5417464519 to convert [e a0] to [Debye]
 Dipole X            :          0.0000000            0.0000000            0.0000000
 Dipole Y            :         -0.0000000           -0.0000000           -0.0000000
 Dipole Z            :         -0.0000000            0.0000000           -0.0000000
 Magnitude           :                                                    0.0000000

 ------------------------------------------------------------------------------------

*** tstop() called on Asus18 at Tue Sep 15 16:33:38 2026
Module time:
	user time   =        nan seconds =        nan minutes
	system time =        nan seconds =        nan minutes
	total time  =         13 seconds =       0.22 minutes
Total time:
	user time   =        nan seconds =        nan minutes
	system time =        nan seconds =        nan minutes
	total time  =        432 seconds =       7.20 minutes

Scratch directory: C:\Users\thebr\AppData\Local\Temp/
   => Libint2 <=

    Primary   basis highest AM E, G, H:  7, 6, -
    Auxiliary basis highest AM E, G, H:  7, 7, -
    Onebody   basis highest AM E, G, H:  -, -, -
    Solid Harmonics ordering:            Gaussian

*** tstart() called on Asus18
*** at Tue Sep 15 16:33:38 2026

   => Loading Basis Set <=

    Name: 6-31G*
    Role: ORBITAL
    Keyword: BASIS
    atoms 1-10  entry C          line   111 file C:\Users\thebr\.conda\envs\qc\Library\share\psi4\basis\6-31gs.gbs 
    atoms 11-18 entry H          line    44 file C:\Users\thebr\.conda\envs\qc\Library\share\psi4\basis\6-31gs.gbs 


         ---------------------------------------------------------
                                   SCF
               by Justin Turney, Rob Parrish, Andy Simmonett
                          and Daniel G. A. Smith
                              RKS Reference
                        8 Threads,   -562 MiB Core
         ---------------------------------------------------------

  ==> Geometry <==

    Molecular point group: c1
    Full point group: C2h

    Geometry (in Bohr), charge = 0, multiplicity = 1:

       Center              X                  Y                   Z               Mass       
    ------------   -----------------  -----------------  -----------------  -----------------
         C            4.598824100047     1.338777682368    -0.012709213975    12.000000000000
         C            4.598824100047    -1.338777682368     0.012709213975    12.000000000000
         C            2.352255929843    -2.650344238690    -0.005662282549    12.000000000000
         C            0.000000000000    -1.354817557403     0.027948958438    12.000000000000
         C           -2.352255929843    -2.650344238690    -0.005662282549    12.000000000000
         C           -4.598824100047    -1.338777682368     0.012709213975    12.000000000000
         C           -4.598824100047     1.338777682368    -0.012709213975    12.000000000000
         C           -2.352255929843     2.650344238690     0.005662282549    12.000000000000
         C            0.000000000000     1.354817557403    -0.027948958438    12.000000000000
         C            2.352255929843     2.650344238690     0.005662282549    12.000000000000
         H            6.384009981920     2.353785250794     0.005491608793     1.007825032230
         H            6.384009981920    -2.353785250794    -0.005491608793     1.007825032230
         H            2.347117188884    -4.705775813282    -0.050229023607     1.007825032230
         H           -2.347117188884    -4.705775813282    -0.050229023607     1.007825032230
         H           -6.384009981920    -2.353785250794    -0.005491608793     1.007825032230
         H           -6.384009981920     2.353785250794     0.005491608793     1.007825032230
         H           -2.347117188884     4.705775813282     0.050229023607     1.007825032230
         H            2.347117188884     4.705775813282     0.050229023607     1.007825032230

  Running in c1 symmetry.

  Rotational constants: A =      0.10399  B =      0.04103  C =      0.02942 [cm^-1]
  Rotational constants: A =   3117.56045  B =   1229.97880  C =    882.03389 [MHz]
  Nuclear repulsion =  457.182316225783325

  Charge       = 0
  Multiplicity = 1
  Electrons    = 68
  Nalpha       = 34
  Nbeta        = 34

  ==> Algorithm <==

  SCF Algorithm Type is DF.
  DIIS enabled.
  MOM disabled.
  Fractional occupation disabled.
  Guess Type is SAD.
  Energy threshold   = 1.00e-10
  Density threshold  = 1.00e-08
  Integral threshold = 1.00e-12

  ==> Primary Basis <==

  Basis Set: 6-31G*
    Blend: 6-31G*
    Number of shells: 76
    Number of basis functions: 166
    Number of Cartesian functions: 166
    Spherical Harmonics?: false
    Max angular momentum: 2

  ==> DFT Potential <==

   => LibXC <=

    Version 7.1.2
    S. Lehtola, C. Steigemann, M. J. T. Oliveira, and M. A. L. Marques,  SoftwareX 7, 1–5 (2018) (10.1016/j.softx.2017.11.002)

   => Composite Functional: BHANDHLYP <= 

    BHandHLYP Hyb-GGA Exchange-Correlation Functional

    A. D. Becke,  J. Chem. Phys. 98, 1372 (1993) (10.1063/1.464304)
    Defined through Gaussian implementation.

    Deriv               =              1
    GGA                 =           TRUE
    Meta                =          FALSE

    Exchange Hybrid     =           TRUE
    MP2 Hybrid          =          FALSE

   => Exchange Functionals <=

    0.5000         Becke 88

   => Exact (HF) Exchange <=

    0.5000               HF 

   => Correlation Functionals <=

    1.0000   Lee, Yang & Parr

   => LibXC Density Thresholds  <==

    XC_HYB_GGA_XC_BHANDHLYP:  1.00E-15 

   => Molecular Quadrature <=

    Radial Scheme          =       TREUTLER
    Pruning Scheme         =           NONE
    Nuclear Scheme         =       TREUTLER

    Blocking Scheme        =         OCTREE
    BS radius alpha        =              1
    Pruning alpha          =              1
    Radial Points          =             99
    Spherical Points       =            590
    Total Points           =         960024
    Total Blocks           =           6478
    Max Points             =            256
    Max Functions          =            159
    Weights Tolerance      =       1.00E-15

   => Loading Basis Set <=

    Name: (6-31G* AUX)
    Role: JKFIT
    Keyword: DF_BASIS_SCF
    atoms 1-10  entry C          line   121 file C:\Users\thebr\.conda\envs\qc\Library\share\psi4\basis\cc-pvdz-jkfit.gbs 
    atoms 11-18 entry H          line    51 file C:\Users\thebr\.conda\envs\qc\Library\share\psi4\basis\cc-pvdz-jkfit.gbs 

  ==> Integral Setup <==

  DFHelper Memory: AOs need 0.213 GiB; user supplied 2.424 GiB. 
  SCF_SUBTYPE=INCORE selected. In-core MEM_DF algorithm will be used.
  Using in-core AOs.

  ==> MemDFJK: Density-Fitted J/K Matrices <==

    J tasked:                   Yes
    K tasked:                   Yes
    wK tasked:                   No
    OpenMP threads:               8
    Memory [MiB]:              2481
    Algorithm:                 Core
    Schwarz Cutoff:           1E-12
    Mask sparsity (%):       4.9354
    Fitting Condition:        1E-10

   => Auxiliary Basis Set <=

  Basis Set: (6-31G* AUX)
    Blend: CC-PVDZ-JKFIT
    Number of shells: 312
    Number of basis functions: 1010
    Number of Cartesian functions: 1010
    Spherical Harmonics?: false
    Max angular momentum: 3

  Cached 100.0% of DFT collocation blocks in 3.164 [GiB].

  Minimum eigenvalue in the overlap matrix is 3.2805816131E-04.
  Reciprocal condition number of the overlap matrix is 4.1605093395E-05.
    Using symmetric orthogonalization.

  ==> Pre-Iterations <==

  SCF Guess: Superposition of Atomic Densities via on-the-fly atomic UHF (no occupation information).

   -------------------------
    Irrep   Nso     Nmo    
   -------------------------
     A        166     166 
   -------------------------
    Total     166     166
   -------------------------

  ==> Iterations <==

                           Total Energy        Delta E     RMS |[F,P]|

   @DF-RKS iter SAD:  -384.98893373640232   -3.84989e+02   0.00000e+00 
   @DF-RKS iter   1:  -385.39595016307567   -4.07016e-01   3.95189e-03 ADIIS/DIIS
   @DF-RKS iter   2:  -385.53045244665316   -1.34502e-01   2.84513e-03 ADIIS/DIIS
   @DF-RKS iter   3:  -385.64860326553634   -1.18151e-01   2.96708e-04 ADIIS/DIIS
   @DF-RKS iter   4:  -385.64941570601724   -8.12440e-04   1.75319e-04 ADIIS/DIIS
   @DF-RKS iter   5:  -385.64983898321373   -4.23277e-04   4.23914e-05 DIIS
   @DF-RKS iter   6:  -385.64986286699065   -2.38838e-05   1.53258e-05 DIIS
   @DF-RKS iter   7:  -385.64986619510933   -3.32812e-06   1.22112e-06 DIIS
   @DF-RKS iter   8:  -385.64986627301653   -7.79072e-08   2.49702e-07 DIIS
   @DF-RKS iter   9:  -385.64986627840773   -5.39120e-09   7.63645e-08 DIIS
   @DF-RKS iter  10:  -385.64986627870724   -2.99508e-10   5.47421e-09 DIIS
   @DF-RKS iter  11:  -385.64986627870883   -1.59162e-12   9.59966e-10 DIIS
  Energy and wave function converged.


  ==> Post-Iterations <==

   Electrons on quadrature grid:
      Ntotal   =   68.0000016482 ; deviation = 1.648e-06 

    Orbital Energies [Eh]
    ---------------------

    Doubly Occupied:                                                      

       1A    -10.602986     2A    -10.602355     3A    -10.596501  
       4A    -10.596492     5A    -10.596122     6A    -10.596094  
       7A    -10.595491     8A    -10.595464     9A    -10.595196  
      10A    -10.595181    11A     -0.989423    12A     -0.931827  
      13A     -0.880477    14A     -0.844310    15A     -0.820768  
      16A     -0.715038    17A     -0.699160    18A     -0.680243  
      19A     -0.588814    20A     -0.587409    21A     -0.565960  
      22A     -0.518662    23A     -0.507421    24A     -0.483760  
      25A     -0.482088    26A     -0.466440    27A     -0.446236  
      28A     -0.431497    29A     -0.398642    30A     -0.389378  
      31A     -0.375579    32A     -0.326037    33A     -0.275404  
      34A     -0.246470  

    Virtual:                                                              

      35A      0.006550    36A      0.037517    37A      0.086964  
      38A      0.141209    39A      0.160143    40A      0.164954  
      41A      0.168238    42A      0.212951    43A      0.216585  
      44A      0.222592    45A      0.233831    46A      0.256144  
      47A      0.276075    48A      0.302267    49A      0.343076  
      50A      0.368719    51A      0.370711    52A      0.380864  
      53A      0.389402    54A      0.422209    55A      0.535942  
      56A      0.573467    57A      0.589629    58A      0.592130  
      59A      0.595493    60A      0.605458    61A      0.624076  
      62A      0.624744    63A      0.648293    64A      0.660186  
      65A      0.660299    66A      0.683448    67A      0.692080  
      68A      0.692101    69A      0.696155    70A      0.696839  
      71A      0.705237    72A      0.705269    73A      0.714137  
      74A      0.756521    75A      0.772720    76A      0.774070  
      77A      0.839873    78A      0.915527    79A      0.919715  
      80A      0.920655    81A      0.928826    82A      0.929289  
      83A      0.946226    84A      0.947857    85A      0.985440  
      86A      0.986539    87A      1.017927    88A      1.023891  
      89A      1.030769    90A      1.070947    91A      1.085198  
      92A      1.129114    93A      1.132531    94A      1.146583  
      95A      1.170282    96A      1.234923    97A      1.279612  
      98A      1.282174    99A      1.321941   100A      1.340825  
     101A      1.368181   102A      1.401505   103A      1.484862  
     104A      1.495974   105A      1.531897   106A      1.548077  
     107A      1.551926   108A      1.573835   109A      1.592556  
     110A      1.592689   111A      1.598623   112A      1.609330  
     113A      1.628218   114A      1.825630   115A      1.875326  
     116A      1.881223   117A      1.960924   118A      1.979872  
     119A      1.996268   120A      2.005224   121A      2.040967  
     122A      2.057180   123A      2.058532   124A      2.065938  
     125A      2.103354   126A      2.144064   127A      2.162779  
     128A      2.236009   129A      2.258265   130A      2.272030  
     131A      2.311604   132A      2.316402   133A      2.319768  
     134A      2.390925   135A      2.395676   136A      2.410210  
     137A      2.445865   138A      2.455146   139A      2.494506  
     140A      2.533985   141A      2.730643   142A      2.733783  
     143A      2.739035   144A      2.739893   145A      2.759937  
     146A      2.793792   147A      2.840166   148A      2.863805  
     149A      2.901533   150A      2.962272   151A      2.974985  
     152A      3.007360   153A      3.069025   154A      3.221887  
     155A      3.483680   156A      3.605987   157A      4.230626  
     158A      4.242587   159A      4.266105   160A      4.269478  
     161A      4.298802   162A      4.410147   163A      4.498850  
     164A      4.549006   165A      4.663060   166A      4.949357  

    Final Occupation by Irrep:
              A 
    DOCC [    34 ]
    NA   [    34 ]
    NB   [    34 ]

  @DF-RKS Final Energy:  -385.64986627870883

   => Energetics <=

    Nuclear Repulsion Energy =            457.1823162257833246
    One-Electron Energy =               -1425.0636177257938471
    Two-Electron Energy =                 611.8948658825252096
    DFT Exchange-Correlation Energy =     -29.6634306612234973
    Empirical Dispersion Energy =           0.0000000000000000
    VV10 Nonlocal Energy =                  0.0000000000000000
    Total Energy =                       -385.6498662787088278

Computation Completed


Properties will be evaluated at   0.000000,   0.000000,   0.000000 [a0]

Properties computed using the SCF density matrix


 Multipole Moments:

 ------------------------------------------------------------------------------------
     Multipole            Electronic (a.u.)      Nuclear  (a.u.)        Total (a.u.)
 ------------------------------------------------------------------------------------

 L = 1.  Multiply by 2.5417464519 to convert [e a0] to [Debye]
 Dipole X            :          0.0000000            0.0000000            0.0000000
 Dipole Y            :          0.0000000           -0.0000000            0.0000000
 Dipole Z            :          0.0000000           -0.0000000            0.0000000
 Magnitude           :                                                    0.0000000

 ------------------------------------------------------------------------------------

*** tstop() called on Asus18 at Tue Sep 15 16:33:51 2026
Module time:
	user time   =        nan seconds =        nan minutes
	system time =        nan seconds =        nan minutes
	total time  =         13 seconds =       0.22 minutes
Total time:
	user time   =        nan seconds =        nan minutes
	system time =        nan seconds =        nan minutes
	total time  =        445 seconds =       7.42 minutes

Scratch directory: C:\Users\thebr\AppData\Local\Temp/
   => Libint2 <=

    Primary   basis highest AM E, G, H:  7, 6, -
    Auxiliary basis highest AM E, G, H:  7, 7, -
    Onebody   basis highest AM E, G, H:  -, -, -
    Solid Harmonics ordering:            Gaussian

*** tstart() called on Asus18
*** at Tue Sep 15 16:33:51 2026

   => Loading Basis Set <=

    Name: 6-31G*
    Role: ORBITAL
    Keyword: BASIS
    atoms 1-10  entry C          line   111 file C:\Users\thebr\.conda\envs\qc\Library\share\psi4\basis\6-31gs.gbs 
    atoms 11-18 entry H          line    44 file C:\Users\thebr\.conda\envs\qc\Library\share\psi4\basis\6-31gs.gbs 


         ---------------------------------------------------------
                                   SCF
               by Justin Turney, Rob Parrish, Andy Simmonett
                          and Daniel G. A. Smith
                              RKS Reference
                        8 Threads,   -562 MiB Core
         ---------------------------------------------------------

  ==> Geometry <==

    Molecular point group: c1
    Full point group: C2h

    Geometry (in Bohr), charge = 0, multiplicity = 1:

       Center              X                  Y                   Z               Mass       
    ------------   -----------------  -----------------  -----------------  -----------------
         C            4.598824100047     1.338777682368     0.012709213975    12.000000000000
         C            4.598824100047    -1.338777682368    -0.012709213975    12.000000000000
         C            2.352255929843    -2.650344238690     0.005662282549    12.000000000000
         C            0.000000000000    -1.354817557403    -0.027948958438    12.000000000000
         C           -2.352255929843    -2.650344238690     0.005662282549    12.000000000000
         C           -4.598824100047    -1.338777682368    -0.012709213975    12.000000000000
         C           -4.598824100047     1.338777682368     0.012709213975    12.000000000000
         C           -2.352255929843     2.650344238690    -0.005662282549    12.000000000000
         C            0.000000000000     1.354817557403     0.027948958438    12.000000000000
         C            2.352255929843     2.650344238690    -0.005662282549    12.000000000000
         H            6.384009981920     2.353785250794    -0.005491608793     1.007825032230
         H            6.384009981920    -2.353785250794     0.005491608793     1.007825032230
         H            2.347117188884    -4.705775813282     0.050229023607     1.007825032230
         H           -2.347117188884    -4.705775813282     0.050229023607     1.007825032230
         H           -6.384009981920    -2.353785250794     0.005491608793     1.007825032230
         H           -6.384009981920     2.353785250794    -0.005491608793     1.007825032230
         H           -2.347117188884     4.705775813282    -0.050229023607     1.007825032230
         H            2.347117188884     4.705775813282    -0.050229023607     1.007825032230

  Running in c1 symmetry.

  Rotational constants: A =      0.10399  B =      0.04103  C =      0.02942 [cm^-1]
  Rotational constants: A =   3117.56045  B =   1229.97880  C =    882.03389 [MHz]
  Nuclear repulsion =  457.182316225783325

  Charge       = 0
  Multiplicity = 1
  Electrons    = 68
  Nalpha       = 34
  Nbeta        = 34

  ==> Algorithm <==

  SCF Algorithm Type is DF.
  DIIS enabled.
  MOM disabled.
  Fractional occupation disabled.
  Guess Type is SAD.
  Energy threshold   = 1.00e-10
  Density threshold  = 1.00e-08
  Integral threshold = 1.00e-12

  ==> Primary Basis <==

  Basis Set: 6-31G*
    Blend: 6-31G*
    Number of shells: 76
    Number of basis functions: 166
    Number of Cartesian functions: 166
    Spherical Harmonics?: false
    Max angular momentum: 2

  ==> DFT Potential <==

   => LibXC <=

    Version 7.1.2
    S. Lehtola, C. Steigemann, M. J. T. Oliveira, and M. A. L. Marques,  SoftwareX 7, 1–5 (2018) (10.1016/j.softx.2017.11.002)

   => Composite Functional: BHANDHLYP <= 

    BHandHLYP Hyb-GGA Exchange-Correlation Functional

    A. D. Becke,  J. Chem. Phys. 98, 1372 (1993) (10.1063/1.464304)
    Defined through Gaussian implementation.

    Deriv               =              1
    GGA                 =           TRUE
    Meta                =          FALSE

    Exchange Hybrid     =           TRUE
    MP2 Hybrid          =          FALSE

   => Exchange Functionals <=

    0.5000         Becke 88

   => Exact (HF) Exchange <=

    0.5000               HF 

   => Correlation Functionals <=

    1.0000   Lee, Yang & Parr

   => LibXC Density Thresholds  <==

    XC_HYB_GGA_XC_BHANDHLYP:  1.00E-15 

   => Molecular Quadrature <=

    Radial Scheme          =       TREUTLER
    Pruning Scheme         =           NONE
    Nuclear Scheme         =       TREUTLER

    Blocking Scheme        =         OCTREE
    BS radius alpha        =              1
    Pruning alpha          =              1
    Radial Points          =             99
    Spherical Points       =            590
    Total Points           =         960024
    Total Blocks           =           6478
    Max Points             =            256
    Max Functions          =            159
    Weights Tolerance      =       1.00E-15

   => Loading Basis Set <=

    Name: (6-31G* AUX)
    Role: JKFIT
    Keyword: DF_BASIS_SCF
    atoms 1-10  entry C          line   121 file C:\Users\thebr\.conda\envs\qc\Library\share\psi4\basis\cc-pvdz-jkfit.gbs 
    atoms 11-18 entry H          line    51 file C:\Users\thebr\.conda\envs\qc\Library\share\psi4\basis\cc-pvdz-jkfit.gbs 

  ==> Integral Setup <==

  DFHelper Memory: AOs need 0.213 GiB; user supplied 2.424 GiB. 
  SCF_SUBTYPE=INCORE selected. In-core MEM_DF algorithm will be used.
  Using in-core AOs.

  ==> MemDFJK: Density-Fitted J/K Matrices <==

    J tasked:                   Yes
    K tasked:                   Yes
    wK tasked:                   No
    OpenMP threads:               8
    Memory [MiB]:              2481
    Algorithm:                 Core
    Schwarz Cutoff:           1E-12
    Mask sparsity (%):       4.9354
    Fitting Condition:        1E-10

   => Auxiliary Basis Set <=

  Basis Set: (6-31G* AUX)
    Blend: CC-PVDZ-JKFIT
    Number of shells: 312
    Number of basis functions: 1010
    Number of Cartesian functions: 1010
    Spherical Harmonics?: false
    Max angular momentum: 3

  Cached 100.0% of DFT collocation blocks in 3.164 [GiB].

  Minimum eigenvalue in the overlap matrix is 3.2805816131E-04.
  Reciprocal condition number of the overlap matrix is 4.1605093395E-05.
    Using symmetric orthogonalization.

  ==> Pre-Iterations <==

  SCF Guess: Superposition of Atomic Densities via on-the-fly atomic UHF (no occupation information).

   -------------------------
    Irrep   Nso     Nmo    
   -------------------------
     A        166     166 
   -------------------------
    Total     166     166
   -------------------------

  ==> Iterations <==

                           Total Energy        Delta E     RMS |[F,P]|

   @DF-RKS iter SAD:  -384.98893373913734   -3.84989e+02   0.00000e+00 
   @DF-RKS iter   1:  -385.39595016586549   -4.07016e-01   3.95189e-03 ADIIS/DIIS
   @DF-RKS iter   2:  -385.53045244945957   -1.34502e-01   2.84513e-03 ADIIS/DIIS
   @DF-RKS iter   3:  -385.64860326835731   -1.18151e-01   2.96708e-04 ADIIS/DIIS
   @DF-RKS iter   4:  -385.64941570883752   -8.12440e-04   1.75319e-04 ADIIS/DIIS
   @DF-RKS iter   5:  -385.64983898603452   -4.23277e-04   4.23914e-05 DIIS
   @DF-RKS iter   6:  -385.64986286981144   -2.38838e-05   1.53258e-05 DIIS
   @DF-RKS iter   7:  -385.64986619793012   -3.32812e-06   1.22112e-06 DIIS
   @DF-RKS iter   8:  -385.64986627583772   -7.79076e-08   2.49702e-07 DIIS
   @DF-RKS iter   9:  -385.64986628122927   -5.39154e-09   7.63645e-08 DIIS
   @DF-RKS iter  10:  -385.64986628152889   -2.99622e-10   5.47421e-09 DIIS
   @DF-RKS iter  11:  -385.64986628152991   -1.02318e-12   9.59966e-10 DIIS
  Energy and wave function converged.


  ==> Post-Iterations <==

   Electrons on quadrature grid:
      Ntotal   =   68.0000016482 ; deviation = 1.648e-06 

    Orbital Energies [Eh]
    ---------------------

    Doubly Occupied:                                                      

       1A    -10.602986     2A    -10.602355     3A    -10.596501  
       4A    -10.596492     5A    -10.596122     6A    -10.596094  
       7A    -10.595491     8A    -10.595464     9A    -10.595196  
      10A    -10.595181    11A     -0.989423    12A     -0.931827  
      13A     -0.880477    14A     -0.844310    15A     -0.820768  
      16A     -0.715038    17A     -0.699160    18A     -0.680243  
      19A     -0.588814    20A     -0.587409    21A     -0.565960  
      22A     -0.518662    23A     -0.507421    24A     -0.483760  
      25A     -0.482088    26A     -0.466440    27A     -0.446236  
      28A     -0.431497    29A     -0.398642    30A     -0.389378  
      31A     -0.375579    32A     -0.326037    33A     -0.275404  
      34A     -0.246470  

    Virtual:                                                              

      35A      0.006550    36A      0.037517    37A      0.086964  
      38A      0.141209    39A      0.160143    40A      0.164954  
      41A      0.168238    42A      0.212951    43A      0.216585  
      44A      0.222592    45A      0.233831    46A      0.256144  
      47A      0.276075    48A      0.302267    49A      0.343076  
      50A      0.368719    51A      0.370711    52A      0.380864  
      53A      0.389402    54A      0.422209    55A      0.535942  
      56A      0.573467    57A      0.589629    58A      0.592130  
      59A      0.595493    60A      0.605458    61A      0.624076  
      62A      0.624744    63A      0.648293    64A      0.660186  
      65A      0.660299    66A      0.683448    67A      0.692080  
      68A      0.692101    69A      0.696155    70A      0.696839  
      71A      0.705237    72A      0.705269    73A      0.714137  
      74A      0.756521    75A      0.772720    76A      0.774070  
      77A      0.839873    78A      0.915527    79A      0.919715  
      80A      0.920655    81A      0.928826    82A      0.929289  
      83A      0.946226    84A      0.947857    85A      0.985440  
      86A      0.986539    87A      1.017927    88A      1.023891  
      89A      1.030769    90A      1.070947    91A      1.085198  
      92A      1.129114    93A      1.132531    94A      1.146583  
      95A      1.170282    96A      1.234923    97A      1.279612  
      98A      1.282174    99A      1.321941   100A      1.340825  
     101A      1.368181   102A      1.401505   103A      1.484862  
     104A      1.495974   105A      1.531897   106A      1.548077  
     107A      1.551926   108A      1.573835   109A      1.592556  
     110A      1.592689   111A      1.598623   112A      1.609330  
     113A      1.628218   114A      1.825630   115A      1.875326  
     116A      1.881223   117A      1.960924   118A      1.979872  
     119A      1.996268   120A      2.005224   121A      2.040967  
     122A      2.057180   123A      2.058532   124A      2.065938  
     125A      2.103354   126A      2.144064   127A      2.162779  
     128A      2.236009   129A      2.258265   130A      2.272030  
     131A      2.311604   132A      2.316402   133A      2.319768  
     134A      2.390925   135A      2.395676   136A      2.410210  
     137A      2.445865   138A      2.455146   139A      2.494506  
     140A      2.533985   141A      2.730643   142A      2.733783  
     143A      2.739035   144A      2.739893   145A      2.759937  
     146A      2.793792   147A      2.840166   148A      2.863805  
     149A      2.901533   150A      2.962272   151A      2.974985  
     152A      3.007360   153A      3.069025   154A      3.221887  
     155A      3.483680   156A      3.605987   157A      4.230626  
     158A      4.242587   159A      4.266105   160A      4.269478  
     161A      4.298802   162A      4.410147   163A      4.498850  
     164A      4.549006   165A      4.663060   166A      4.949357  

    Final Occupation by Irrep:
              A 
    DOCC [    34 ]
    NA   [    34 ]
    NB   [    34 ]

  @DF-RKS Final Energy:  -385.64986628152991

   => Energetics <=

    Nuclear Repulsion Energy =            457.1823162257833246
    One-Electron Energy =               -1425.0636177269659584
    Two-Electron Energy =                 611.8948658809091512
    DFT Exchange-Correlation Energy =     -29.6634306612564238
    Empirical Dispersion Energy =           0.0000000000000000
    VV10 Nonlocal Energy =                  0.0000000000000000
    Total Energy =                       -385.6498662815299099

Computation Completed


Properties will be evaluated at   0.000000,   0.000000,   0.000000 [a0]

Properties computed using the SCF density matrix


 Multipole Moments:

 ------------------------------------------------------------------------------------
     Multipole            Electronic (a.u.)      Nuclear  (a.u.)        Total (a.u.)
 ------------------------------------------------------------------------------------

 L = 1.  Multiply by 2.5417464519 to convert [e a0] to [Debye]
 Dipole X            :         -0.0000000            0.0000000           -0.0000000
 Dipole Y            :          0.0000000           -0.0000000            0.0000000
 Dipole Z            :         -0.0000000            0.0000000           -0.0000000
 Magnitude           :                                                    0.0000000

 ------------------------------------------------------------------------------------

*** tstop() called on Asus18 at Tue Sep 15 16:34:04 2026
Module time:
	user time   =        nan seconds =        nan minutes
	system time =        nan seconds =        nan minutes
	total time  =         13 seconds =       0.22 minutes
Total time:
	user time   =        nan seconds =        nan minutes
	system time =        nan seconds =        nan minutes
	total time  =        458 seconds =       7.63 minutes

Scratch directory: C:\Users\thebr\AppData\Local\Temp/
   => Libint2 <=

    Primary   basis highest AM E, G, H:  7, 6, -
    Auxiliary basis highest AM E, G, H:  7, 7, -
    Onebody   basis highest AM E, G, H:  -, -, -
    Solid Harmonics ordering:            Gaussian

*** tstart() called on Asus18
*** at Tue Sep 15 16:34:04 2026

   => Loading Basis Set <=

    Name: 6-31G*
    Role: ORBITAL
    Keyword: BASIS
    atoms 1-10  entry C          line   111 file C:\Users\thebr\.conda\envs\qc\Library\share\psi4\basis\6-31gs.gbs 
    atoms 11-18 entry H          line    44 file C:\Users\thebr\.conda\envs\qc\Library\share\psi4\basis\6-31gs.gbs 


         ---------------------------------------------------------
                                   SCF
               by Justin Turney, Rob Parrish, Andy Simmonett
                          and Daniel G. A. Smith
                              RKS Reference
                        8 Threads,   -562 MiB Core
         ---------------------------------------------------------

  ==> Geometry <==

    Molecular point group: c1
    Full point group: C2h

    Geometry (in Bohr), charge = 0, multiplicity = 1:

       Center              X                  Y                   Z               Mass       
    ------------   -----------------  -----------------  -----------------  -----------------
         C            4.598824100047     1.338777682368    -0.025418427951    12.000000000000
         C            4.598824100047    -1.338777682368     0.025418427951    12.000000000000
         C            2.352255929843    -2.650344238690    -0.011324565098    12.000000000000
         C            0.000000000000    -1.354817557403     0.055897916876    12.000000000000
         C           -2.352255929843    -2.650344238690    -0.011324565098    12.000000000000
         C           -4.598824100047    -1.338777682368     0.025418427951    12.000000000000
         C           -4.598824100047     1.338777682368    -0.025418427951    12.000000000000
         C           -2.352255929843     2.650344238690     0.011324565098    12.000000000000
         C            0.000000000000     1.354817557403    -0.055897916876    12.000000000000
         C            2.352255929843     2.650344238690     0.011324565098    12.000000000000
         H            6.384009981920     2.353785250794     0.010983217587     1.007825032230
         H            6.384009981920    -2.353785250794    -0.010983217587     1.007825032230
         H            2.347117188884    -4.705775813282    -0.100458047214     1.007825032230
         H           -2.347117188884    -4.705775813282    -0.100458047214     1.007825032230
         H           -6.384009981920    -2.353785250794    -0.010983217587     1.007825032230
         H           -6.384009981920     2.353785250794     0.010983217587     1.007825032230
         H           -2.347117188884     4.705775813282     0.100458047214     1.007825032230
         H            2.347117188884     4.705775813282     0.100458047214     1.007825032230

  Running in c1 symmetry.

  Rotational constants: A =      0.10397  B =      0.04102  C =      0.02942 [cm^-1]
  Rotational constants: A =   3116.94128  B =   1229.88241  C =    882.03389 [MHz]
  Nuclear repulsion =  457.131927853167156

  Charge       = 0
  Multiplicity = 1
  Electrons    = 68
  Nalpha       = 34
  Nbeta        = 34

  ==> Algorithm <==

  SCF Algorithm Type is DF.
  DIIS enabled.
  MOM disabled.
  Fractional occupation disabled.
  Guess Type is SAD.
  Energy threshold   = 1.00e-10
  Density threshold  = 1.00e-08
  Integral threshold = 1.00e-12

  ==> Primary Basis <==

  Basis Set: 6-31G*
    Blend: 6-31G*
    Number of shells: 76
    Number of basis functions: 166
    Number of Cartesian functions: 166
    Spherical Harmonics?: false
    Max angular momentum: 2

  ==> DFT Potential <==

   => LibXC <=

    Version 7.1.2
    S. Lehtola, C. Steigemann, M. J. T. Oliveira, and M. A. L. Marques,  SoftwareX 7, 1–5 (2018) (10.1016/j.softx.2017.11.002)

   => Composite Functional: BHANDHLYP <= 

    BHandHLYP Hyb-GGA Exchange-Correlation Functional

    A. D. Becke,  J. Chem. Phys. 98, 1372 (1993) (10.1063/1.464304)
    Defined through Gaussian implementation.

    Deriv               =              1
    GGA                 =           TRUE
    Meta                =          FALSE

    Exchange Hybrid     =           TRUE
    MP2 Hybrid          =          FALSE

   => Exchange Functionals <=

    0.5000         Becke 88

   => Exact (HF) Exchange <=

    0.5000               HF 

   => Correlation Functionals <=

    1.0000   Lee, Yang & Parr

   => LibXC Density Thresholds  <==

    XC_HYB_GGA_XC_BHANDHLYP:  1.00E-15 

   => Molecular Quadrature <=

    Radial Scheme          =       TREUTLER
    Pruning Scheme         =           NONE
    Nuclear Scheme         =       TREUTLER

    Blocking Scheme        =         OCTREE
    BS radius alpha        =              1
    Pruning alpha          =              1
    Radial Points          =             99
    Spherical Points       =            590
    Total Points           =         960160
    Total Blocks           =           6494
    Max Points             =            256
    Max Functions          =            159
    Weights Tolerance      =       1.00E-15

   => Loading Basis Set <=

    Name: (6-31G* AUX)
    Role: JKFIT
    Keyword: DF_BASIS_SCF
    atoms 1-10  entry C          line   121 file C:\Users\thebr\.conda\envs\qc\Library\share\psi4\basis\cc-pvdz-jkfit.gbs 
    atoms 11-18 entry H          line    51 file C:\Users\thebr\.conda\envs\qc\Library\share\psi4\basis\cc-pvdz-jkfit.gbs 

  ==> Integral Setup <==

  DFHelper Memory: AOs need 0.213 GiB; user supplied 2.422 GiB. 
  SCF_SUBTYPE=INCORE selected. In-core MEM_DF algorithm will be used.
  Using in-core AOs.

  ==> MemDFJK: Density-Fitted J/K Matrices <==

    J tasked:                   Yes
    K tasked:                   Yes
    wK tasked:                   No
    OpenMP threads:               8
    Memory [MiB]:              2480
    Algorithm:                 Core
    Schwarz Cutoff:           1E-12
    Mask sparsity (%):       4.9354
    Fitting Condition:        1E-10

   => Auxiliary Basis Set <=

  Basis Set: (6-31G* AUX)
    Blend: CC-PVDZ-JKFIT
    Number of shells: 312
    Number of basis functions: 1010
    Number of Cartesian functions: 1010
    Spherical Harmonics?: false
    Max angular momentum: 3

  Cached 100.0% of DFT collocation blocks in 3.166 [GiB].

  Minimum eigenvalue in the overlap matrix is 3.8285928691E-04.
  Reciprocal condition number of the overlap matrix is 4.8563649100E-05.
    Using symmetric orthogonalization.

  ==> Pre-Iterations <==

  SCF Guess: Superposition of Atomic Densities via on-the-fly atomic UHF (no occupation information).

   -------------------------
    Irrep   Nso     Nmo    
   -------------------------
     A        166     166 
   -------------------------
    Total     166     166
   -------------------------

  ==> Iterations <==

                           Total Energy        Delta E     RMS |[F,P]|

   @DF-RKS iter SAD:  -384.98421090160105   -3.84984e+02   0.00000e+00 
   @DF-RKS iter   1:  -385.39438721448965   -4.10176e-01   3.95194e-03 ADIIS/DIIS
   @DF-RKS iter   2:  -385.52866290100258   -1.34276e-01   2.84861e-03 ADIIS/DIIS
   @DF-RKS iter   3:  -385.64710438211523   -1.18441e-01   2.97207e-04 ADIIS/DIIS
   @DF-RKS iter   4:  -385.64792015808132   -8.15776e-04   1.75486e-04 ADIIS/DIIS
   @DF-RKS iter   5:  -385.64834429294757   -4.24135e-04   4.25151e-05 DIIS
   @DF-RKS iter   6:  -385.64836832486799   -2.40319e-05   1.53714e-05 DIIS
   @DF-RKS iter   7:  -385.64837167453891   -3.34967e-06   1.22881e-06 DIIS
   @DF-RKS iter   8:  -385.64837175354108   -7.90022e-08   2.51786e-07 DIIS
   @DF-RKS iter   9:  -385.64837175902920   -5.48812e-09   7.70143e-08 DIIS
   @DF-RKS iter  10:  -385.64837175933445   -3.05249e-10   5.54310e-09 DIIS
   @DF-RKS iter  11:  -385.64837175933610   -1.64846e-12   9.66079e-10 DIIS
  Energy and wave function converged.


  ==> Post-Iterations <==

   Electrons on quadrature grid:
      Ntotal   =   68.0000017402 ; deviation = 1.740e-06 

    Orbital Energies [Eh]
    ---------------------

    Doubly Occupied:                                                      

       1A    -10.603159     2A    -10.602532     3A    -10.596573  
       4A    -10.596563     5A    -10.596232     6A    -10.596202  
       7A    -10.595608     8A    -10.595583     9A    -10.595276  
      10A    -10.595263    11A     -0.989308    12A     -0.931766  
      13A     -0.880365    14A     -0.844213    15A     -0.820685  
      16A     -0.714887    17A     -0.699097    18A     -0.679917  
      19A     -0.588688    20A     -0.587214    21A     -0.565854  
      22A     -0.518726    23A     -0.507170    24A     -0.483721  
      25A     -0.481905    26A     -0.466401    27A     -0.445897  
      28A     -0.431446    29A     -0.398574    30A     -0.389885  
      31A     -0.375380    32A     -0.325230    33A     -0.275390  
      34A     -0.246377  

    Virtual:                                                              

      35A      0.006406    36A      0.037158    37A      0.086363  
      38A      0.141119    39A      0.160065    40A      0.164581  
      41A      0.168309    42A      0.212818    43A      0.216480  
      44A      0.222596    45A      0.233729    46A      0.256289  
      47A      0.273951    48A      0.302381    49A      0.343117  
      50A      0.369020    51A      0.370863    52A      0.381011  
      53A      0.389394    54A      0.422154    55A      0.536036  
      56A      0.572241    57A      0.588908    58A      0.592416  
      59A      0.594111    60A      0.604479    61A      0.623874  
      62A      0.624441    63A      0.648206    64A      0.653383  
      65A      0.660400    66A      0.682981    67A      0.690984  
      68A      0.692621    69A      0.696677    70A      0.696861  
      71A      0.705596    72A      0.705757    73A      0.709347  
      74A      0.756385    75A      0.772455    76A      0.774263  
      77A      0.839666    78A      0.912952    79A      0.920058  
      80A      0.921136    81A      0.927244    82A      0.928603  
      83A      0.942414    84A      0.947509    85A      0.985378  
      86A      0.986712    87A      1.014415    88A      1.022690  
      89A      1.031523    90A      1.066058    91A      1.085509  
      92A      1.128760    93A      1.129423    94A      1.146040  
      95A      1.162797    96A      1.225342    97A      1.257776  
      98A      1.281950    99A      1.300985   100A      1.331943  
     101A      1.373204   102A      1.402877   103A      1.474756  
     104A      1.483126   105A      1.529054   106A      1.545119  
     107A      1.549029   108A      1.562592   109A      1.584576  
     110A      1.593662   111A      1.612988   112A      1.615181  
     113A      1.639231   114A      1.826119   115A      1.875512  
     116A      1.880899   117A      1.941747   118A      1.960880  
     119A      1.981533   120A      2.005120   121A      2.041252  
     122A      2.053114   123A      2.057907   124A      2.065353  
     125A      2.104273   126A      2.143930   127A      2.160670  
     128A      2.236027   129A      2.258659   130A      2.269168  
     131A      2.312337   132A      2.318571   133A      2.319858  
     134A      2.387400   135A      2.394747   136A      2.400343  
     137A      2.445471   138A      2.458338   139A      2.492484  
     140A      2.533619   141A      2.727615   142A      2.734324  
     143A      2.737150   144A      2.739548   145A      2.750655  
     146A      2.790065   147A      2.842158   148A      2.847801  
     149A      2.892078   150A      2.964560   151A      2.967777  
     152A      3.008055   153A      3.067162   154A      3.216575  
     155A      3.476319   156A      3.594784   157A      4.231735  
     158A      4.242681   159A      4.264049   160A      4.269399  
     161A      4.298620   162A      4.410383   163A      4.499092  
     164A      4.549561   165A      4.656271   166A      4.943233  

    Final Occupation by Irrep:
              A 
    DOCC [    34 ]
    NA   [    34 ]
    NB   [    34 ]

  @DF-RKS Final Energy:  -385.64837175933610

   => Energetics <=

    Nuclear Repulsion Energy =            457.1319278531671557
    One-Electron Energy =               -1424.9645611929679490
    Two-Electron Energy =                 611.8462309897305431
    DFT Exchange-Correlation Energy =     -29.6619694092657653
    Empirical Dispersion Energy =           0.0000000000000000
    VV10 Nonlocal Energy =                  0.0000000000000000
    Total Energy =                       -385.6483717593361007

Computation Completed


Properties will be evaluated at   0.000000,   0.000000,   0.000000 [a0]

Properties computed using the SCF density matrix


 Multipole Moments:

 ------------------------------------------------------------------------------------
     Multipole            Electronic (a.u.)      Nuclear  (a.u.)        Total (a.u.)
 ------------------------------------------------------------------------------------

 L = 1.  Multiply by 2.5417464519 to convert [e a0] to [Debye]
 Dipole X            :         -0.0000000            0.0000000           -0.0000000
 Dipole Y            :          0.0000000           -0.0000000            0.0000000
 Dipole Z            :          0.0000000           -0.0000000            0.0000000
 Magnitude           :                                                    0.0000000

 ------------------------------------------------------------------------------------

*** tstop() called on Asus18 at Tue Sep 15 16:34:17 2026
Module time:
	user time   =        nan seconds =        nan minutes
	system time =        nan seconds =        nan minutes
	total time  =         13 seconds =       0.22 minutes
Total time:
	user time   =        nan seconds =        nan minutes
	system time =        nan seconds =        nan minutes
	total time  =        471 seconds =       7.85 minutes

Scratch directory: C:\Users\thebr\AppData\Local\Temp/
   => Libint2 <=

    Primary   basis highest AM E, G, H:  7, 6, -
    Auxiliary basis highest AM E, G, H:  7, 7, -
    Onebody   basis highest AM E, G, H:  -, -, -
    Solid Harmonics ordering:            Gaussian

*** tstart() called on Asus18
*** at Tue Sep 15 16:34:17 2026

   => Loading Basis Set <=

    Name: 6-31G*
    Role: ORBITAL
    Keyword: BASIS
    atoms 1-10  entry C          line   111 file C:\Users\thebr\.conda\envs\qc\Library\share\psi4\basis\6-31gs.gbs 
    atoms 11-18 entry H          line    44 file C:\Users\thebr\.conda\envs\qc\Library\share\psi4\basis\6-31gs.gbs 


         ---------------------------------------------------------
                                   SCF
               by Justin Turney, Rob Parrish, Andy Simmonett
                          and Daniel G. A. Smith
                              RKS Reference
                        8 Threads,   -562 MiB Core
         ---------------------------------------------------------

  ==> Geometry <==

    Molecular point group: c1
    Full point group: C2h

    Geometry (in Bohr), charge = 0, multiplicity = 1:

       Center              X                  Y                   Z               Mass       
    ------------   -----------------  -----------------  -----------------  -----------------
         C            4.598824100047     1.338777682368     0.025418427951    12.000000000000
         C            4.598824100047    -1.338777682368    -0.025418427951    12.000000000000
         C            2.352255929843    -2.650344238690     0.011324565098    12.000000000000
         C            0.000000000000    -1.354817557403    -0.055897916876    12.000000000000
         C           -2.352255929843    -2.650344238690     0.011324565098    12.000000000000
         C           -4.598824100047    -1.338777682368    -0.025418427951    12.000000000000
         C           -4.598824100047     1.338777682368     0.025418427951    12.000000000000
         C           -2.352255929843     2.650344238690    -0.011324565098    12.000000000000
         C            0.000000000000     1.354817557403     0.055897916876    12.000000000000
         C            2.352255929843     2.650344238690    -0.011324565098    12.000000000000
         H            6.384009981920     2.353785250794    -0.010983217587     1.007825032230
         H            6.384009981920    -2.353785250794     0.010983217587     1.007825032230
         H            2.347117188884    -4.705775813282     0.100458047214     1.007825032230
         H           -2.347117188884    -4.705775813282     0.100458047214     1.007825032230
         H           -6.384009981920    -2.353785250794     0.010983217587     1.007825032230
         H           -6.384009981920     2.353785250794    -0.010983217587     1.007825032230
         H           -2.347117188884     4.705775813282    -0.100458047214     1.007825032230
         H            2.347117188884     4.705775813282    -0.100458047214     1.007825032230

  Running in c1 symmetry.

  Rotational constants: A =      0.10397  B =      0.04102  C =      0.02942 [cm^-1]
  Rotational constants: A =   3116.94128  B =   1229.88241  C =    882.03389 [MHz]
  Nuclear repulsion =  457.131927853167156

  Charge       = 0
  Multiplicity = 1
  Electrons    = 68
  Nalpha       = 34
  Nbeta        = 34

  ==> Algorithm <==

  SCF Algorithm Type is DF.
  DIIS enabled.
  MOM disabled.
  Fractional occupation disabled.
  Guess Type is SAD.
  Energy threshold   = 1.00e-10
  Density threshold  = 1.00e-08
  Integral threshold = 1.00e-12

  ==> Primary Basis <==

  Basis Set: 6-31G*
    Blend: 6-31G*
    Number of shells: 76
    Number of basis functions: 166
    Number of Cartesian functions: 166
    Spherical Harmonics?: false
    Max angular momentum: 2

  ==> DFT Potential <==

   => LibXC <=

    Version 7.1.2
    S. Lehtola, C. Steigemann, M. J. T. Oliveira, and M. A. L. Marques,  SoftwareX 7, 1–5 (2018) (10.1016/j.softx.2017.11.002)

   => Composite Functional: BHANDHLYP <= 

    BHandHLYP Hyb-GGA Exchange-Correlation Functional

    A. D. Becke,  J. Chem. Phys. 98, 1372 (1993) (10.1063/1.464304)
    Defined through Gaussian implementation.

    Deriv               =              1
    GGA                 =           TRUE
    Meta                =          FALSE

    Exchange Hybrid     =           TRUE
    MP2 Hybrid          =          FALSE

   => Exchange Functionals <=

    0.5000         Becke 88

   => Exact (HF) Exchange <=

    0.5000               HF 

   => Correlation Functionals <=

    1.0000   Lee, Yang & Parr

   => LibXC Density Thresholds  <==

    XC_HYB_GGA_XC_BHANDHLYP:  1.00E-15 

   => Molecular Quadrature <=

    Radial Scheme          =       TREUTLER
    Pruning Scheme         =           NONE
    Nuclear Scheme         =       TREUTLER

    Blocking Scheme        =         OCTREE
    BS radius alpha        =              1
    Pruning alpha          =              1
    Radial Points          =             99
    Spherical Points       =            590
    Total Points           =         960160
    Total Blocks           =           6494
    Max Points             =            256
    Max Functions          =            159
    Weights Tolerance      =       1.00E-15

   => Loading Basis Set <=

    Name: (6-31G* AUX)
    Role: JKFIT
    Keyword: DF_BASIS_SCF
    atoms 1-10  entry C          line   121 file C:\Users\thebr\.conda\envs\qc\Library\share\psi4\basis\cc-pvdz-jkfit.gbs 
    atoms 11-18 entry H          line    51 file C:\Users\thebr\.conda\envs\qc\Library\share\psi4\basis\cc-pvdz-jkfit.gbs 

  ==> Integral Setup <==

  DFHelper Memory: AOs need 0.213 GiB; user supplied 2.422 GiB. 
  SCF_SUBTYPE=INCORE selected. In-core MEM_DF algorithm will be used.
  Using in-core AOs.

  ==> MemDFJK: Density-Fitted J/K Matrices <==

    J tasked:                   Yes
    K tasked:                   Yes
    wK tasked:                   No
    OpenMP threads:               8
    Memory [MiB]:              2480
    Algorithm:                 Core
    Schwarz Cutoff:           1E-12
    Mask sparsity (%):       4.9354
    Fitting Condition:        1E-10

   => Auxiliary Basis Set <=

  Basis Set: (6-31G* AUX)
    Blend: CC-PVDZ-JKFIT
    Number of shells: 312
    Number of basis functions: 1010
    Number of Cartesian functions: 1010
    Spherical Harmonics?: false
    Max angular momentum: 3

  Cached 100.0% of DFT collocation blocks in 3.166 [GiB].

  Minimum eigenvalue in the overlap matrix is 3.8285928691E-04.
  Reciprocal condition number of the overlap matrix is 4.8563649100E-05.
    Using symmetric orthogonalization.

  ==> Pre-Iterations <==

  SCF Guess: Superposition of Atomic Densities via on-the-fly atomic UHF (no occupation information).

   -------------------------
    Irrep   Nso     Nmo    
   -------------------------
     A        166     166 
   -------------------------
    Total     166     166
   -------------------------

  ==> Iterations <==

                           Total Energy        Delta E     RMS |[F,P]|

   @DF-RKS iter SAD:  -384.98421090247530   -3.84984e+02   0.00000e+00 
   @DF-RKS iter   1:  -385.39438721536612   -4.10176e-01   3.95194e-03 ADIIS/DIIS
   @DF-RKS iter   2:  -385.52866290188132   -1.34276e-01   2.84861e-03 ADIIS/DIIS
   @DF-RKS iter   3:  -385.64710438299102   -1.18441e-01   2.97207e-04 ADIIS/DIIS
   @DF-RKS iter   4:  -385.64792015895705   -8.15776e-04   1.75486e-04 ADIIS/DIIS
   @DF-RKS iter   5:  -385.64834429382267   -4.24135e-04   4.25151e-05 DIIS
   @DF-RKS iter   6:  -385.64836832574395   -2.40319e-05   1.53714e-05 DIIS
   @DF-RKS iter   7:  -385.64837167541396   -3.34967e-06   1.22881e-06 DIIS
   @DF-RKS iter   8:  -385.64837175441676   -7.90028e-08   2.51786e-07 DIIS
   @DF-RKS iter   9:  -385.64837175990408   -5.48732e-09   7.70143e-08 DIIS
   @DF-RKS iter  10:  -385.64837176020956   -3.05477e-10   5.54310e-09 DIIS
   @DF-RKS iter  11:  -385.64837176021166   -2.10321e-12   9.66079e-10 DIIS
  Energy and wave function converged.


  ==> Post-Iterations <==

   Electrons on quadrature grid:
      Ntotal   =   68.0000017402 ; deviation = 1.740e-06 

    Orbital Energies [Eh]
    ---------------------

    Doubly Occupied:                                                      

       1A    -10.603159     2A    -10.602532     3A    -10.596573  
       4A    -10.596563     5A    -10.596232     6A    -10.596202  
       7A    -10.595608     8A    -10.595583     9A    -10.595276  
      10A    -10.595263    11A     -0.989308    12A     -0.931766  
      13A     -0.880365    14A     -0.844213    15A     -0.820685  
      16A     -0.714887    17A     -0.699097    18A     -0.679917  
      19A     -0.588688    20A     -0.587214    21A     -0.565854  
      22A     -0.518726    23A     -0.507170    24A     -0.483721  
      25A     -0.481905    26A     -0.466401    27A     -0.445897  
      28A     -0.431446    29A     -0.398574    30A     -0.389885  
      31A     -0.375380    32A     -0.325230    33A     -0.275390  
      34A     -0.246377  

    Virtual:                                                              

      35A      0.006406    36A      0.037158    37A      0.086363  
      38A      0.141119    39A      0.160065    40A      0.164581  
      41A      0.168309    42A      0.212818    43A      0.216480  
      44A      0.222596    45A      0.233729    46A      0.256289  
      47A      0.273951    48A      0.302381    49A      0.343117  
      50A      0.369020    51A      0.370863    52A      0.381011  
      53A      0.389394    54A      0.422154    55A      0.536036  
      56A      0.572241    57A      0.588908    58A      0.592416  
      59A      0.594111    60A      0.604479    61A      0.623874  
      62A      0.624441    63A      0.648206    64A      0.653383  
      65A      0.660400    66A      0.682981    67A      0.690984  
      68A      0.692621    69A      0.696677    70A      0.696861  
      71A      0.705596    72A      0.705757    73A      0.709347  
      74A      0.756385    75A      0.772455    76A      0.774263  
      77A      0.839666    78A      0.912952    79A      0.920058  
      80A      0.921136    81A      0.927244    82A      0.928603  
      83A      0.942414    84A      0.947509    85A      0.985378  
      86A      0.986712    87A      1.014415    88A      1.022690  
      89A      1.031523    90A      1.066058    91A      1.085509  
      92A      1.128760    93A      1.129423    94A      1.146040  
      95A      1.162797    96A      1.225342    97A      1.257776  
      98A      1.281950    99A      1.300985   100A      1.331943  
     101A      1.373204   102A      1.402877   103A      1.474756  
     104A      1.483126   105A      1.529054   106A      1.545119  
     107A      1.549029   108A      1.562592   109A      1.584576  
     110A      1.593662   111A      1.612988   112A      1.615181  
     113A      1.639231   114A      1.826119   115A      1.875512  
     116A      1.880899   117A      1.941747   118A      1.960880  
     119A      1.981533   120A      2.005120   121A      2.041252  
     122A      2.053114   123A      2.057907   124A      2.065353  
     125A      2.104273   126A      2.143930   127A      2.160670  
     128A      2.236027   129A      2.258659   130A      2.269168  
     131A      2.312337   132A      2.318571   133A      2.319858  
     134A      2.387400   135A      2.394747   136A      2.400343  
     137A      2.445471   138A      2.458338   139A      2.492484  
     140A      2.533619   141A      2.727615   142A      2.734324  
     143A      2.737150   144A      2.739548   145A      2.750655  
     146A      2.790065   147A      2.842158   148A      2.847801  
     149A      2.892078   150A      2.964560   151A      2.967777  
     152A      3.008055   153A      3.067162   154A      3.216575  
     155A      3.476319   156A      3.594784   157A      4.231735  
     158A      4.242681   159A      4.264049   160A      4.269399  
     161A      4.298620   162A      4.410383   163A      4.499092  
     164A      4.549561   165A      4.656271   166A      4.943233  

    Final Occupation by Irrep:
              A 
    DOCC [    34 ]
    NA   [    34 ]
    NB   [    34 ]

  @DF-RKS Final Energy:  -385.64837176021166

   => Energetics <=

    Nuclear Repulsion Energy =            457.1319278531671557
    One-Electron Energy =               -1424.9645611931161966
    Two-Electron Energy =                 611.8462309890094275
    DFT Exchange-Correlation Energy =     -29.6619694092719932
    Empirical Dispersion Energy =           0.0000000000000000
    VV10 Nonlocal Energy =                  0.0000000000000000
    Total Energy =                       -385.6483717602116599

Computation Completed


Properties will be evaluated at   0.000000,   0.000000,   0.000000 [a0]

Properties computed using the SCF density matrix


 Multipole Moments:

 ------------------------------------------------------------------------------------
     Multipole            Electronic (a.u.)      Nuclear  (a.u.)        Total (a.u.)
 ------------------------------------------------------------------------------------

 L = 1.  Multiply by 2.5417464519 to convert [e a0] to [Debye]
 Dipole X            :          0.0000000            0.0000000            0.0000000
 Dipole Y            :         -0.0000000           -0.0000000           -0.0000000
 Dipole Z            :         -0.0000000            0.0000000           -0.0000000
 Magnitude           :                                                    0.0000000

 ------------------------------------------------------------------------------------

*** tstop() called on Asus18 at Tue Sep 15 16:34:30 2026
Module time:
	user time   =        nan seconds =        nan minutes
	system time =        nan seconds =        nan minutes
	total time  =         13 seconds =       0.22 minutes
Total time:
	user time   =        nan seconds =        nan minutes
	system time =        nan seconds =        nan minutes
	total time  =        484 seconds =       8.07 minutes

Scratch directory: C:\Users\thebr\AppData\Local\Temp/
   => Libint2 <=

    Primary   basis highest AM E, G, H:  7, 6, -
    Auxiliary basis highest AM E, G, H:  7, 7, -
    Onebody   basis highest AM E, G, H:  -, -, -
    Solid Harmonics ordering:            Gaussian

*** tstart() called on Asus18
*** at Tue Sep 15 16:34:30 2026

   => Loading Basis Set <=

    Name: 6-31G*
    Role: ORBITAL
    Keyword: BASIS
    atoms 1-10  entry C          line   111 file C:\Users\thebr\.conda\envs\qc\Library\share\psi4\basis\6-31gs.gbs 
    atoms 11-18 entry H          line    44 file C:\Users\thebr\.conda\envs\qc\Library\share\psi4\basis\6-31gs.gbs 


         ---------------------------------------------------------
                                   SCF
               by Justin Turney, Rob Parrish, Andy Simmonett
                          and Daniel G. A. Smith
                              RKS Reference
                        8 Threads,   -562 MiB Core
         ---------------------------------------------------------

  ==> Geometry <==

    Molecular point group: c1
    Full point group: C2v

    Geometry (in Bohr), charge = 0, multiplicity = 1:

       Center              X                  Y                   Z               Mass       
    ------------   -----------------  -----------------  -----------------  -----------------
         C            4.588248304617     1.324777718643     0.000000000000    12.000000000000
         C            4.588248304617    -1.324777718643     0.000000000000    12.000000000000
         C            2.356814997700    -2.642891173202     0.000000000000    12.000000000000
         C            0.006551962199    -1.354817557403     0.000000000000    12.000000000000
         C           -2.347696861986    -2.657797304178     0.000000000000    12.000000000000
         C           -4.609399895477    -1.352777646093     0.000000000000    12.000000000000
         C           -4.609399895477     1.352777646093     0.000000000000    12.000000000000
         C           -2.347696861986     2.657797304178     0.000000000000    12.000000000000
         C            0.006551962199     1.354817557403     0.000000000000    12.000000000000
         C            2.356814997700     2.642891173202     0.000000000000    12.000000000000
         H            6.382976556993     2.320397753328     0.000000000000     1.007825032230
         H            6.382976556993    -2.320397753328     0.000000000000     1.007825032230
         H            2.380784212525    -4.697567114259     0.000000000000     1.007825032230
         H           -2.313450165243    -4.713984512305     0.000000000000     1.007825032230
         H           -6.385043406847    -2.387172748260     0.000000000000     1.007825032230
         H           -6.385043406847     2.387172748260     0.000000000000     1.007825032230
         H           -2.313450165243     4.713984512305     0.000000000000     1.007825032230
         H            2.380784212525     4.697567114259     0.000000000000     1.007825032230

  Running in c1 symmetry.

  Rotational constants: A =      0.10399  B =      0.04103  C =      0.02942 [cm^-1]
  Rotational constants: A =   3117.67620  B =   1230.00090  C =    882.02147 [MHz]
  Nuclear repulsion =  457.202425125680179

  Charge       = 0
  Multiplicity = 1
  Electrons    = 68
  Nalpha       = 34
  Nbeta        = 34

  ==> Algorithm <==

  SCF Algorithm Type is DF.
  DIIS enabled.
  MOM disabled.
  Fractional occupation disabled.
  Guess Type is SAD.
  Energy threshold   = 1.00e-10
  Density threshold  = 1.00e-08
  Integral threshold = 1.00e-12

  ==> Primary Basis <==

  Basis Set: 6-31G*
    Blend: 6-31G*
    Number of shells: 76
    Number of basis functions: 166
    Number of Cartesian functions: 166
    Spherical Harmonics?: false
    Max angular momentum: 2

  ==> DFT Potential <==

   => LibXC <=

    Version 7.1.2
    S. Lehtola, C. Steigemann, M. J. T. Oliveira, and M. A. L. Marques,  SoftwareX 7, 1–5 (2018) (10.1016/j.softx.2017.11.002)

   => Composite Functional: B3LYP <= 

    B3LYP Hyb-GGA Exchange-Correlation Functional

    P. J. Stephens, F. J. Devlin, C. F. Chabalowski, and M. J. Frisch,  J. Phys. Chem. 98, 11623 (1994) (10.1021/j100096a001)

    Deriv               =              1
    GGA                 =           TRUE
    Meta                =          FALSE

    Exchange Hybrid     =           TRUE
    MP2 Hybrid          =          FALSE

   => Exchange Functionals <=

    0.0800   Slater exchange
    0.7200         Becke 88

   => Exact (HF) Exchange <=

    0.2000               HF 

   => Correlation Functionals <=

    0.1900   Vosko, Wilk & Nusair (VWN5_RPA)
    0.8100   Lee, Yang & Parr

   => LibXC Density Thresholds  <==

    XC_HYB_GGA_XC_B3LYP:  1.00E-15 

   => Molecular Quadrature <=

    Radial Scheme          =       TREUTLER
    Pruning Scheme         =           NONE
    Nuclear Scheme         =       TREUTLER

    Blocking Scheme        =         OCTREE
    BS radius alpha        =              1
    Pruning alpha          =              1
    Radial Points          =             99
    Spherical Points       =            590
    Total Points           =         959962
    Total Blocks           =           6508
    Max Points             =            256
    Max Functions          =            159
    Weights Tolerance      =       1.00E-15

   => Loading Basis Set <=

    Name: (6-31G* AUX)
    Role: JKFIT
    Keyword: DF_BASIS_SCF
    atoms 1-10  entry C          line   121 file C:\Users\thebr\.conda\envs\qc\Library\share\psi4\basis\cc-pvdz-jkfit.gbs 
    atoms 11-18 entry H          line    51 file C:\Users\thebr\.conda\envs\qc\Library\share\psi4\basis\cc-pvdz-jkfit.gbs 

  ==> Integral Setup <==

  DFHelper Memory: AOs need 0.213 GiB; user supplied 2.425 GiB. 
  SCF_SUBTYPE=INCORE selected. In-core MEM_DF algorithm will be used.
  Using in-core AOs.

  ==> MemDFJK: Density-Fitted J/K Matrices <==

    J tasked:                   Yes
    K tasked:                   Yes
    wK tasked:                   No
    OpenMP threads:               8
    Memory [MiB]:              2483
    Algorithm:                 Core
    Schwarz Cutoff:           1E-12
    Mask sparsity (%):       4.9354
    Fitting Condition:        1E-10

   => Auxiliary Basis Set <=

  Basis Set: (6-31G* AUX)
    Blend: CC-PVDZ-JKFIT
    Number of shells: 312
    Number of basis functions: 1010
    Number of Cartesian functions: 1010
    Spherical Harmonics?: false
    Max angular momentum: 3

  Cached 100.0% of DFT collocation blocks in 3.163 [GiB].

  Minimum eigenvalue in the overlap matrix is 3.0908732722E-04.
  Reciprocal condition number of the overlap matrix is 3.9183400921E-05.
    Using symmetric orthogonalization.

  ==> Pre-Iterations <==

  SCF Guess: Superposition of Atomic Densities via on-the-fly atomic UHF (no occupation information).

   -------------------------
    Irrep   Nso     Nmo    
   -------------------------
     A        166     166 
   -------------------------
    Total     166     166
   -------------------------

  ==> Iterations <==

                           Total Energy        Delta E     RMS |[F,P]|

   @DF-RKS iter SAD:  -385.34477256025264   -3.85345e+02   0.00000e+00 
   @DF-RKS iter   1:  -385.43225965672127   -8.74871e-02   5.36187e-03 ADIIS/DIIS
   @DF-RKS iter   2:  -385.42037700746607    1.18826e-02   5.55213e-03 ADIIS/DIIS
   @DF-RKS iter   3:  -385.88600350421780   -4.65626e-01   6.50382e-04 ADIIS/DIIS
   @DF-RKS iter   4:  -385.88977762304614   -3.77412e-03   3.92246e-04 ADIIS/DIIS
   @DF-RKS iter   5:  -385.89190356794626   -2.12594e-03   9.88833e-05 DIIS
   @DF-RKS iter   6:  -385.89201911223586   -1.15544e-04   4.62831e-05 DIIS
   @DF-RKS iter   7:  -385.89204879528484   -2.96830e-05   1.81433e-06 DIIS
   @DF-RKS iter   8:  -385.89204884647984   -5.11950e-08   3.72493e-07 DIIS
   @DF-RKS iter   9:  -385.89204884757174   -1.09191e-09   2.61483e-07 DIIS
   @DF-RKS iter  10:  -385.89204884847135   -8.99604e-10   5.56343e-08 DIIS
   @DF-RKS iter  11:  -385.89204884850699   -3.56408e-11   2.77203e-08 DIIS
   @DF-RKS iter  12:  -385.89204884851938   -1.23919e-11   3.52780e-09 DIIS
  Energy and wave function converged.


  ==> Post-Iterations <==

   Electrons on quadrature grid:
      Ntotal   =   68.0000016087 ; deviation = 1.609e-06 

    Orbital Energies [Eh]
    ---------------------

    Doubly Occupied:                                                      

       1A    -10.195545     2A    -10.195128     3A    -10.192015  
       4A    -10.191602     5A    -10.189677     6A    -10.189675  
       7A    -10.187899     8A    -10.187866     9A    -10.186855  
      10A    -10.186375    11A     -0.868728    12A     -0.816075  
      13A     -0.769091    14A     -0.736480    15A     -0.715005  
      16A     -0.621987    17A     -0.607333    18A     -0.592252  
      19A     -0.510895    20A     -0.508138    21A     -0.489612  
      22A     -0.445954    23A     -0.436221    24A     -0.414775  
      25A     -0.411787    26A     -0.398160    27A     -0.385485  
      28A     -0.366614    29A     -0.335559    30A     -0.327944  
      31A     -0.323044    32A     -0.281182    33A     -0.240211  
      34A     -0.212680  

    Virtual:                                                              

      35A     -0.035244    36A     -0.005423    37A      0.035918  
      38A      0.095006    39A      0.103025    40A      0.112962  
      41A      0.121728    42A      0.166066    43A      0.167440  
      44A      0.174456    45A      0.182769    46A      0.204095  
      47A      0.206137    48A      0.246900    49A      0.284075  
      50A      0.306747    51A      0.313170    52A      0.324654  
      53A      0.330404    54A      0.361590    55A      0.471939  
      56A      0.494024    57A      0.513843    58A      0.521274  
      59A      0.527321    60A      0.527987    61A      0.548247  
      62A      0.563117    63A      0.570885    64A      0.584188  
      65A      0.591934    66A      0.610189    67A      0.611653  
      68A      0.613660    69A      0.615884    70A      0.618344  
      71A      0.626836    72A      0.629232    73A      0.638817  
      74A      0.673959    75A      0.690912    76A      0.692964  
      77A      0.757394    78A      0.825994    79A      0.827830  
      80A      0.835588    81A      0.837005    82A      0.838820  
      83A      0.854042    84A      0.856758    85A      0.898127  
      86A      0.902887    87A      0.925076    88A      0.944752  
      89A      0.945470    90A      0.986452    91A      1.001222  
      92A      1.052496    93A      1.057810    94A      1.068855  
      95A      1.087483    96A      1.153389    97A      1.195163  
      98A      1.198115    99A      1.244100   100A      1.257126  
     101A      1.277335   102A      1.315068   103A      1.391906  
     104A      1.414187   105A      1.443999   106A      1.457937  
     107A      1.460892   108A      1.490113   109A      1.490162  
     110A      1.494848   111A      1.501121   112A      1.510551  
     113A      1.531386   114A      1.724856   115A      1.768174  
     116A      1.780404   117A      1.857806   118A      1.894270  
     119A      1.896341   120A      1.911338   121A      1.930616  
     122A      1.947193   123A      1.949900   124A      1.953854  
     125A      1.995592   126A      2.029821   127A      2.048528  
     128A      2.122610   129A      2.149901   130A      2.160737  
     131A      2.196621   132A      2.203046   133A      2.209321  
     134A      2.280927   135A      2.282360   136A      2.302029  
     137A      2.329610   138A      2.338093   139A      2.379027  
     140A      2.418962   141A      2.609117   142A      2.614632  
     143A      2.617414   144A      2.617712   145A      2.641532  
     146A      2.675590   147A      2.720494   148A      2.752055  
     149A      2.781947   150A      2.833840   151A      2.856900  
     152A      2.877619   153A      2.941227   154A      3.097691  
     155A      3.351114   156A      3.476547   157A      4.078123  
     158A      4.096380   159A      4.118666   160A      4.121698  
     161A      4.150777   162A      4.261924   163A      4.349970  
     164A      4.400134   165A      4.516451   166A      4.800640  

    Final Occupation by Irrep:
              A 
    DOCC [    34 ]
    NA   [    34 ]
    NB   [    34 ]

  @DF-RKS Final Energy:  -385.89204884851938

   => Energetics <=

    Nuclear Repulsion Energy =            457.2024251256801790
    One-Electron Energy =               -1425.4527275521077172
    Two-Electron Energy =                 628.6653603326673192
    DFT Exchange-Correlation Energy =     -46.3071067547592392
    Empirical Dispersion Energy =           0.0000000000000000
    VV10 Nonlocal Energy =                  0.0000000000000000
    Total Energy =                       -385.8920488485194369

Computation Completed


Properties will be evaluated at   0.000000,   0.000000,   0.000000 [a0]

Properties computed using the SCF density matrix


 Multipole Moments:

 ------------------------------------------------------------------------------------
     Multipole            Electronic (a.u.)      Nuclear  (a.u.)        Total (a.u.)
 ------------------------------------------------------------------------------------

 L = 1.  Multiply by 2.5417464519 to convert [e a0] to [Debye]
 Dipole X            :         -0.0531140            0.0647565            0.0116425
 Dipole Y            :         -0.0000000            0.0000000           -0.0000000
 Dipole Z            :          0.0000000            0.0000000            0.0000000
 Magnitude           :                                                    0.0116425

 ------------------------------------------------------------------------------------

*** tstop() called on Asus18 at Tue Sep 15 16:34:44 2026
Module time:
	user time   =        nan seconds =        nan minutes
	system time =        nan seconds =        nan minutes
	total time  =         14 seconds =       0.23 minutes
Total time:
	user time   =        nan seconds =        nan minutes
	system time =        nan seconds =        nan minutes
	total time  =        498 seconds =       8.30 minutes

Scratch directory: C:\Users\thebr\AppData\Local\Temp/
   => Libint2 <=

    Primary   basis highest AM E, G, H:  7, 6, -
    Auxiliary basis highest AM E, G, H:  7, 7, -
    Onebody   basis highest AM E, G, H:  -, -, -
    Solid Harmonics ordering:            Gaussian

*** tstart() called on Asus18
*** at Tue Sep 15 16:34:44 2026

   => Loading Basis Set <=

    Name: 6-31G*
    Role: ORBITAL
    Keyword: BASIS
    atoms 1-10  entry C          line   111 file C:\Users\thebr\.conda\envs\qc\Library\share\psi4\basis\6-31gs.gbs 
    atoms 11-18 entry H          line    44 file C:\Users\thebr\.conda\envs\qc\Library\share\psi4\basis\6-31gs.gbs 


         ---------------------------------------------------------
                                   SCF
               by Justin Turney, Rob Parrish, Andy Simmonett
                          and Daniel G. A. Smith
                              RKS Reference
                        8 Threads,   -562 MiB Core
         ---------------------------------------------------------

  ==> Geometry <==

    Molecular point group: c1
    Full point group: C2v

    Geometry (in Bohr), charge = 0, multiplicity = 1:

       Center              X                  Y                   Z               Mass       
    ------------   -----------------  -----------------  -----------------  -----------------
         C            4.609399895477     1.352777646093     0.000000000000    12.000000000000
         C            4.609399895477    -1.352777646093     0.000000000000    12.000000000000
         C            2.347696861986    -2.657797304178     0.000000000000    12.000000000000
         C           -0.006551962199    -1.354817557403     0.000000000000    12.000000000000
         C           -2.356814997700    -2.642891173202     0.000000000000    12.000000000000
         C           -4.588248304617    -1.324777718643     0.000000000000    12.000000000000
         C           -4.588248304617     1.324777718643     0.000000000000    12.000000000000
         C           -2.356814997700     2.642891173202     0.000000000000    12.000000000000
         C           -0.006551962199     1.354817557403     0.000000000000    12.000000000000
         C            2.347696861986     2.657797304178     0.000000000000    12.000000000000
         H            6.385043406847     2.387172748260     0.000000000000     1.007825032230
         H            6.385043406847    -2.387172748260     0.000000000000     1.007825032230
         H            2.313450165243    -4.713984512305     0.000000000000     1.007825032230
         H           -2.380784212525    -4.697567114259     0.000000000000     1.007825032230
         H           -6.382976556993    -2.320397753328     0.000000000000     1.007825032230
         H           -6.382976556993     2.320397753328     0.000000000000     1.007825032230
         H           -2.380784212525     4.697567114259     0.000000000000     1.007825032230
         H            2.313450165243     4.713984512305     0.000000000000     1.007825032230

  Running in c1 symmetry.

  Rotational constants: A =      0.10399  B =      0.04103  C =      0.02942 [cm^-1]
  Rotational constants: A =   3117.67620  B =   1230.00090  C =    882.02147 [MHz]
  Nuclear repulsion =  457.202425125680179

  Charge       = 0
  Multiplicity = 1
  Electrons    = 68
  Nalpha       = 34
  Nbeta        = 34

  ==> Algorithm <==

  SCF Algorithm Type is DF.
  DIIS enabled.
  MOM disabled.
  Fractional occupation disabled.
  Guess Type is SAD.
  Energy threshold   = 1.00e-10
  Density threshold  = 1.00e-08
  Integral threshold = 1.00e-12

  ==> Primary Basis <==

  Basis Set: 6-31G*
    Blend: 6-31G*
    Number of shells: 76
    Number of basis functions: 166
    Number of Cartesian functions: 166
    Spherical Harmonics?: false
    Max angular momentum: 2

  ==> DFT Potential <==

   => LibXC <=

    Version 7.1.2
    S. Lehtola, C. Steigemann, M. J. T. Oliveira, and M. A. L. Marques,  SoftwareX 7, 1–5 (2018) (10.1016/j.softx.2017.11.002)

   => Composite Functional: B3LYP <= 

    B3LYP Hyb-GGA Exchange-Correlation Functional

    P. J. Stephens, F. J. Devlin, C. F. Chabalowski, and M. J. Frisch,  J. Phys. Chem. 98, 11623 (1994) (10.1021/j100096a001)

    Deriv               =              1
    GGA                 =           TRUE
    Meta                =          FALSE

    Exchange Hybrid     =           TRUE
    MP2 Hybrid          =          FALSE

   => Exchange Functionals <=

    0.0800   Slater exchange
    0.7200         Becke 88

   => Exact (HF) Exchange <=

    0.2000               HF 

   => Correlation Functionals <=

    0.1900   Vosko, Wilk & Nusair (VWN5_RPA)
    0.8100   Lee, Yang & Parr

   => LibXC Density Thresholds  <==

    XC_HYB_GGA_XC_B3LYP:  1.00E-15 

   => Molecular Quadrature <=

    Radial Scheme          =       TREUTLER
    Pruning Scheme         =           NONE
    Nuclear Scheme         =       TREUTLER

    Blocking Scheme        =         OCTREE
    BS radius alpha        =              1
    Pruning alpha          =              1
    Radial Points          =             99
    Spherical Points       =            590
    Total Points           =         959962
    Total Blocks           =           6508
    Max Points             =            256
    Max Functions          =            159
    Weights Tolerance      =       1.00E-15

   => Loading Basis Set <=

    Name: (6-31G* AUX)
    Role: JKFIT
    Keyword: DF_BASIS_SCF
    atoms 1-10  entry C          line   121 file C:\Users\thebr\.conda\envs\qc\Library\share\psi4\basis\cc-pvdz-jkfit.gbs 
    atoms 11-18 entry H          line    51 file C:\Users\thebr\.conda\envs\qc\Library\share\psi4\basis\cc-pvdz-jkfit.gbs 

  ==> Integral Setup <==

  DFHelper Memory: AOs need 0.213 GiB; user supplied 2.425 GiB. 
  SCF_SUBTYPE=INCORE selected. In-core MEM_DF algorithm will be used.
  Using in-core AOs.

  ==> MemDFJK: Density-Fitted J/K Matrices <==

    J tasked:                   Yes
    K tasked:                   Yes
    wK tasked:                   No
    OpenMP threads:               8
    Memory [MiB]:              2483
    Algorithm:                 Core
    Schwarz Cutoff:           1E-12
    Mask sparsity (%):       4.9354
    Fitting Condition:        1E-10

   => Auxiliary Basis Set <=

  Basis Set: (6-31G* AUX)
    Blend: CC-PVDZ-JKFIT
    Number of shells: 312
    Number of basis functions: 1010
    Number of Cartesian functions: 1010
    Spherical Harmonics?: false
    Max angular momentum: 3

  Cached 100.0% of DFT collocation blocks in 3.163 [GiB].

  Minimum eigenvalue in the overlap matrix is 3.0908732722E-04.
  Reciprocal condition number of the overlap matrix is 3.9183400921E-05.
    Using symmetric orthogonalization.

  ==> Pre-Iterations <==

  SCF Guess: Superposition of Atomic Densities via on-the-fly atomic UHF (no occupation information).

   -------------------------
    Irrep   Nso     Nmo    
   -------------------------
     A        166     166 
   -------------------------
    Total     166     166
   -------------------------

  ==> Iterations <==

                           Total Energy        Delta E     RMS |[F,P]|

   @DF-RKS iter SAD:  -385.34477256153343   -3.85345e+02   0.00000e+00 
   @DF-RKS iter   1:  -385.43225965803867   -8.74871e-02   5.36187e-03 ADIIS/DIIS
   @DF-RKS iter   2:  -385.42037700875642    1.18826e-02   5.55213e-03 ADIIS/DIIS
   @DF-RKS iter   3:  -385.88600350556135   -4.65626e-01   6.50382e-04 ADIIS/DIIS
   @DF-RKS iter   4:  -385.88977762439458   -3.77412e-03   3.92246e-04 ADIIS/DIIS
   @DF-RKS iter   5:  -385.89190356929635   -2.12594e-03   9.88833e-05 DIIS
   @DF-RKS iter   6:  -385.89201911358691   -1.15544e-04   4.62831e-05 DIIS
   @DF-RKS iter   7:  -385.89204879663498   -2.96830e-05   1.81433e-06 DIIS
   @DF-RKS iter   8:  -385.89204884782993   -5.11949e-08   3.72493e-07 DIIS
   @DF-RKS iter   9:  -385.89204884892172   -1.09179e-09   2.61483e-07 DIIS
   @DF-RKS iter  10:  -385.89204884982132   -8.99604e-10   5.56343e-08 DIIS
   @DF-RKS iter  11:  -385.89204884985764   -3.63229e-11   2.77203e-08 DIIS
   @DF-RKS iter  12:  -385.89204884986998   -1.23350e-11   3.52780e-09 DIIS
  Energy and wave function converged.


  ==> Post-Iterations <==

   Electrons on quadrature grid:
      Ntotal   =   68.0000016087 ; deviation = 1.609e-06 

    Orbital Energies [Eh]
    ---------------------

    Doubly Occupied:                                                      

       1A    -10.195545     2A    -10.195128     3A    -10.192015  
       4A    -10.191602     5A    -10.189677     6A    -10.189675  
       7A    -10.187899     8A    -10.187866     9A    -10.186855  
      10A    -10.186375    11A     -0.868728    12A     -0.816075  
      13A     -0.769091    14A     -0.736480    15A     -0.715005  
      16A     -0.621987    17A     -0.607333    18A     -0.592252  
      19A     -0.510895    20A     -0.508138    21A     -0.489612  
      22A     -0.445954    23A     -0.436221    24A     -0.414775  
      25A     -0.411787    26A     -0.398160    27A     -0.385485  
      28A     -0.366614    29A     -0.335559    30A     -0.327944  
      31A     -0.323044    32A     -0.281182    33A     -0.240211  
      34A     -0.212680  

    Virtual:                                                              

      35A     -0.035244    36A     -0.005423    37A      0.035918  
      38A      0.095006    39A      0.103025    40A      0.112962  
      41A      0.121728    42A      0.166066    43A      0.167440  
      44A      0.174456    45A      0.182769    46A      0.204095  
      47A      0.206137    48A      0.246900    49A      0.284075  
      50A      0.306747    51A      0.313170    52A      0.324654  
      53A      0.330404    54A      0.361590    55A      0.471939  
      56A      0.494024    57A      0.513843    58A      0.521274  
      59A      0.527321    60A      0.527987    61A      0.548247  
      62A      0.563117    63A      0.570885    64A      0.584188  
      65A      0.591934    66A      0.610189    67A      0.611653  
      68A      0.613660    69A      0.615884    70A      0.618344  
      71A      0.626836    72A      0.629232    73A      0.638817  
      74A      0.673959    75A      0.690912    76A      0.692964  
      77A      0.757394    78A      0.825994    79A      0.827830  
      80A      0.835588    81A      0.837005    82A      0.838820  
      83A      0.854042    84A      0.856758    85A      0.898127  
      86A      0.902887    87A      0.925076    88A      0.944752  
      89A      0.945470    90A      0.986452    91A      1.001222  
      92A      1.052496    93A      1.057810    94A      1.068855  
      95A      1.087483    96A      1.153389    97A      1.195163  
      98A      1.198115    99A      1.244100   100A      1.257126  
     101A      1.277335   102A      1.315068   103A      1.391906  
     104A      1.414187   105A      1.443999   106A      1.457937  
     107A      1.460892   108A      1.490113   109A      1.490162  
     110A      1.494848   111A      1.501121   112A      1.510551  
     113A      1.531386   114A      1.724856   115A      1.768174  
     116A      1.780404   117A      1.857806   118A      1.894270  
     119A      1.896341   120A      1.911338   121A      1.930616  
     122A      1.947193   123A      1.949900   124A      1.953854  
     125A      1.995592   126A      2.029821   127A      2.048528  
     128A      2.122610   129A      2.149901   130A      2.160737  
     131A      2.196621   132A      2.203046   133A      2.209321  
     134A      2.280927   135A      2.282360   136A      2.302029  
     137A      2.329610   138A      2.338093   139A      2.379027  
     140A      2.418962   141A      2.609117   142A      2.614632  
     143A      2.617414   144A      2.617712   145A      2.641532  
     146A      2.675590   147A      2.720494   148A      2.752055  
     149A      2.781947   150A      2.833840   151A      2.856900  
     152A      2.877619   153A      2.941227   154A      3.097691  
     155A      3.351114   156A      3.476547   157A      4.078123  
     158A      4.096380   159A      4.118666   160A      4.121698  
     161A      4.150777   162A      4.261924   163A      4.349970  
     164A      4.400134   165A      4.516451   166A      4.800640  

    Final Occupation by Irrep:
              A 
    DOCC [    34 ]
    NA   [    34 ]
    NB   [    34 ]

  @DF-RKS Final Energy:  -385.89204884986998

   => Energetics <=

    Nuclear Repulsion Energy =            457.2024251256801790
    One-Electron Energy =               -1425.4527275529553663
    Two-Electron Energy =                 628.6653603322115487
    DFT Exchange-Correlation Energy =     -46.3071067548064121
    Empirical Dispersion Energy =           0.0000000000000000
    VV10 Nonlocal Energy =                  0.0000000000000000
    Total Energy =                       -385.8920488498700365

Computation Completed


Properties will be evaluated at   0.000000,   0.000000,   0.000000 [a0]

Properties computed using the SCF density matrix


 Multipole Moments:

 ------------------------------------------------------------------------------------
     Multipole            Electronic (a.u.)      Nuclear  (a.u.)        Total (a.u.)
 ------------------------------------------------------------------------------------

 L = 1.  Multiply by 2.5417464519 to convert [e a0] to [Debye]
 Dipole X            :          0.0531140           -0.0647565           -0.0116425
 Dipole Y            :         -0.0000000            0.0000000           -0.0000000
 Dipole Z            :          0.0000000            0.0000000            0.0000000
 Magnitude           :                                                    0.0116425

 ------------------------------------------------------------------------------------

*** tstop() called on Asus18 at Tue Sep 15 16:34:59 2026
Module time:
	user time   =        nan seconds =        nan minutes
	system time =        nan seconds =        nan minutes
	total time  =         15 seconds =       0.25 minutes
Total time:
	user time   =        nan seconds =        nan minutes
	system time =        nan seconds =        nan minutes
	total time  =        513 seconds =       8.55 minutes

Scratch directory: C:\Users\thebr\AppData\Local\Temp/
   => Libint2 <=

    Primary   basis highest AM E, G, H:  7, 6, -
    Auxiliary basis highest AM E, G, H:  7, 7, -
    Onebody   basis highest AM E, G, H:  -, -, -
    Solid Harmonics ordering:            Gaussian

*** tstart() called on Asus18
*** at Tue Sep 15 16:34:59 2026

   => Loading Basis Set <=

    Name: 6-31G*
    Role: ORBITAL
    Keyword: BASIS
    atoms 1-10  entry C          line   111 file C:\Users\thebr\.conda\envs\qc\Library\share\psi4\basis\6-31gs.gbs 
    atoms 11-18 entry H          line    44 file C:\Users\thebr\.conda\envs\qc\Library\share\psi4\basis\6-31gs.gbs 


         ---------------------------------------------------------
                                   SCF
               by Justin Turney, Rob Parrish, Andy Simmonett
                          and Daniel G. A. Smith
                              RKS Reference
                        8 Threads,   -562 MiB Core
         ---------------------------------------------------------

  ==> Geometry <==

    Molecular point group: c1
    Full point group: C2v

    Geometry (in Bohr), charge = 0, multiplicity = 1:

       Center              X                  Y                   Z               Mass       
    ------------   -----------------  -----------------  -----------------  -----------------
         C            4.577672509188     1.310777754917     0.000000000000    12.000000000000
         C            4.577672509188    -1.310777754917     0.000000000000    12.000000000000
         C            2.361374065557    -2.635438107714     0.000000000000    12.000000000000
         C            0.013103924398    -1.354817557403     0.000000000000    12.000000000000
         C           -2.343137794129    -2.665250369666     0.000000000000    12.000000000000
         C           -4.619975690906    -1.366777609819     0.000000000000    12.000000000000
         C           -4.619975690906     1.366777609819     0.000000000000    12.000000000000
         C           -2.343137794129     2.665250369666     0.000000000000    12.000000000000
         C            0.013103924398     1.354817557403     0.000000000000    12.000000000000
         C            2.361374065557     2.635438107714     0.000000000000    12.000000000000
         H            6.381943132067     2.287010255862     0.000000000000     1.007825032230
         H            6.381943132067    -2.287010255862     0.000000000000     1.007825032230
         H            2.414451236166    -4.689358415237     0.000000000000     1.007825032230
         H           -2.279783141602    -4.722193211327     0.000000000000     1.007825032230
         H           -6.386076831773    -2.420560245726     0.000000000000     1.007825032230
         H           -6.386076831773     2.420560245726     0.000000000000     1.007825032230
         H           -2.279783141602     4.722193211327     0.000000000000     1.007825032230
         H            2.414451236166     4.689358415237     0.000000000000     1.007825032230

  Running in c1 symmetry.

  Rotational constants: A =      0.10399  B =      0.04103  C =      0.02942 [cm^-1]
  Rotational constants: A =   3117.40414  B =   1229.97080  C =    881.98421 [MHz]
  Nuclear repulsion =  457.212333439115980

  Charge       = 0
  Multiplicity = 1
  Electrons    = 68
  Nalpha       = 34
  Nbeta        = 34

  ==> Algorithm <==

  SCF Algorithm Type is DF.
  DIIS enabled.
  MOM disabled.
  Fractional occupation disabled.
  Guess Type is SAD.
  Energy threshold   = 1.00e-10
  Density threshold  = 1.00e-08
  Integral threshold = 1.00e-12

  ==> Primary Basis <==

  Basis Set: 6-31G*
    Blend: 6-31G*
    Number of shells: 76
    Number of basis functions: 166
    Number of Cartesian functions: 166
    Spherical Harmonics?: false
    Max angular momentum: 2

  ==> DFT Potential <==

   => LibXC <=

    Version 7.1.2
    S. Lehtola, C. Steigemann, M. J. T. Oliveira, and M. A. L. Marques,  SoftwareX 7, 1–5 (2018) (10.1016/j.softx.2017.11.002)

   => Composite Functional: B3LYP <= 

    B3LYP Hyb-GGA Exchange-Correlation Functional

    P. J. Stephens, F. J. Devlin, C. F. Chabalowski, and M. J. Frisch,  J. Phys. Chem. 98, 11623 (1994) (10.1021/j100096a001)

    Deriv               =              1
    GGA                 =           TRUE
    Meta                =          FALSE

    Exchange Hybrid     =           TRUE
    MP2 Hybrid          =          FALSE

   => Exchange Functionals <=

    0.0800   Slater exchange
    0.7200         Becke 88

   => Exact (HF) Exchange <=

    0.2000               HF 

   => Correlation Functionals <=

    0.1900   Vosko, Wilk & Nusair (VWN5_RPA)
    0.8100   Lee, Yang & Parr

   => LibXC Density Thresholds  <==

    XC_HYB_GGA_XC_B3LYP:  1.00E-15 

   => Molecular Quadrature <=

    Radial Scheme          =       TREUTLER
    Pruning Scheme         =           NONE
    Nuclear Scheme         =       TREUTLER

    Blocking Scheme        =         OCTREE
    BS radius alpha        =              1
    Pruning alpha          =              1
    Radial Points          =             99
    Spherical Points       =            590
    Total Points           =         960000
    Total Blocks           =           6498
    Max Points             =            256
    Max Functions          =            160
    Weights Tolerance      =       1.00E-15

   => Loading Basis Set <=

    Name: (6-31G* AUX)
    Role: JKFIT
    Keyword: DF_BASIS_SCF
    atoms 1-10  entry C          line   121 file C:\Users\thebr\.conda\envs\qc\Library\share\psi4\basis\cc-pvdz-jkfit.gbs 
    atoms 11-18 entry H          line    51 file C:\Users\thebr\.conda\envs\qc\Library\share\psi4\basis\cc-pvdz-jkfit.gbs 

  ==> Integral Setup <==

  DFHelper Memory: AOs need 0.213 GiB; user supplied 2.425 GiB. 
  SCF_SUBTYPE=INCORE selected. In-core MEM_DF algorithm will be used.
  Using in-core AOs.

  ==> MemDFJK: Density-Fitted J/K Matrices <==

    J tasked:                   Yes
    K tasked:                   Yes
    wK tasked:                   No
    OpenMP threads:               8
    Memory [MiB]:              2483
    Algorithm:                 Core
    Schwarz Cutoff:           1E-12
    Mask sparsity (%):       4.9209
    Fitting Condition:        1E-10

   => Auxiliary Basis Set <=

  Basis Set: (6-31G* AUX)
    Blend: CC-PVDZ-JKFIT
    Number of shells: 312
    Number of basis functions: 1010
    Number of Cartesian functions: 1010
    Spherical Harmonics?: false
    Max angular momentum: 3

  Cached 100.0% of DFT collocation blocks in 3.163 [GiB].

  Minimum eigenvalue in the overlap matrix is 3.0780200862E-04.
  Reciprocal condition number of the overlap matrix is 3.8980918367E-05.
    Using symmetric orthogonalization.

  ==> Pre-Iterations <==

  SCF Guess: Superposition of Atomic Densities via on-the-fly atomic UHF (no occupation information).

   -------------------------
    Irrep   Nso     Nmo    
   -------------------------
     A        166     166 
   -------------------------
    Total     166     166
   -------------------------

  ==> Iterations <==

                           Total Energy        Delta E     RMS |[F,P]|

   @DF-RKS iter SAD:  -385.34573607030285   -3.85346e+02   0.00000e+00 
   @DF-RKS iter   1:  -385.42909984273155   -8.33638e-02   5.37072e-03 ADIIS/DIIS
   @DF-RKS iter   2:  -385.41329703339562    1.58028e-02   5.58137e-03 ADIIS/DIIS
   @DF-RKS iter   3:  -385.88327232586261   -4.69975e-01   6.90160e-04 ADIIS/DIIS
   @DF-RKS iter   4:  -385.88763328724241   -4.36096e-03   4.15420e-04 ADIIS/DIIS
   @DF-RKS iter   5:  -385.89010447398226   -2.47119e-03   1.01996e-04 ADIIS/DIIS
   @DF-RKS iter   6:  -385.89023037534452   -1.25901e-04   4.65731e-05 DIIS
   @DF-RKS iter   7:  -385.89026020660987   -2.98313e-05   1.92225e-06 DIIS
   @DF-RKS iter   8:  -385.89026025607910   -4.94692e-08   8.21807e-07 DIIS
   @DF-RKS iter   9:  -385.89026026389212   -7.81301e-09   4.29183e-07 DIIS
   @DF-RKS iter  10:  -385.89026026686258   -2.97047e-09   1.00221e-07 DIIS
   @DF-RKS iter  11:  -385.89026026699651   -1.33923e-10   3.38151e-08 DIIS
   @DF-RKS iter  12:  -385.89026026701299   -1.64846e-11   2.97762e-09 DIIS
  Energy and wave function converged.


  ==> Post-Iterations <==

   Electrons on quadrature grid:
      Ntotal   =   68.0000014268 ; deviation = 1.427e-06 

    Orbital Energies [Eh]
    ---------------------

    Doubly Occupied:                                                      

       1A    -10.195563     2A    -10.195146     3A    -10.194494  
       4A    -10.194116     5A    -10.190710     6A    -10.190707  
       7A    -10.186909     8A    -10.186906     9A    -10.184421  
      10A    -10.183852    11A     -0.869205    12A     -0.815906  
      13A     -0.769139    14A     -0.736450    15A     -0.714954  
      16A     -0.622158    17A     -0.607348    18A     -0.592222  
      19A     -0.510932    20A     -0.508121    21A     -0.489683  
      22A     -0.445833    23A     -0.436159    24A     -0.414668  
      25A     -0.411682    26A     -0.398028    27A     -0.385710  
      28A     -0.366556    29A     -0.335434    30A     -0.327896  
      31A     -0.323032    32A     -0.281199    33A     -0.240209  
      34A     -0.212679  

    Virtual:                                                              

      35A     -0.035282    36A     -0.005514    37A      0.035911  
      38A      0.094796    39A      0.103043    40A      0.112895  
      41A      0.121644    42A      0.165999    43A      0.166519  
      44A      0.174181    45A      0.182571    46A      0.204356  
      47A      0.206552    48A      0.246784    49A      0.283518  
      50A      0.304364    51A      0.315619    52A      0.322623  
      53A      0.332683    54A      0.361808    55A      0.471876  
      56A      0.492660    57A      0.513744    58A      0.519429  
      59A      0.526791    60A      0.528204    61A      0.548134  
      62A      0.563141    63A      0.570838    64A      0.584042  
      65A      0.591809    66A      0.611517    67A      0.612015  
      68A      0.615109    69A      0.615287    70A      0.618944  
      71A      0.626812    72A      0.629653    73A      0.640061  
      74A      0.674017    75A      0.690756    76A      0.693007  
      77A      0.757482    78A      0.824923    79A      0.827522  
      80A      0.835581    81A      0.836431    82A      0.840310  
      83A      0.853861    84A      0.856616    85A      0.895605  
      86A      0.904684    87A      0.922764    88A      0.945523  
      89A      0.946723    90A      0.987008    91A      1.001355  
      92A      1.052367    93A      1.057239    94A      1.069144  
      95A      1.088271    96A      1.154555    97A      1.195301  
      98A      1.197401    99A      1.244229   100A      1.257310  
     101A      1.278886   102A      1.314921   103A      1.391896  
     104A      1.413888   105A      1.442213   106A      1.458330  
     107A      1.463175   108A      1.489417   109A      1.489928  
     110A      1.494035   111A      1.502137   112A      1.511773  
     113A      1.532044   114A      1.724257   115A      1.762963  
     116A      1.784841   117A      1.857757   118A      1.891177  
     119A      1.893934   120A      1.913849   121A      1.930788  
     122A      1.946227   123A      1.951297   124A      1.953769  
     125A      1.995481   126A      2.026960   127A      2.047927  
     128A      2.119311   129A      2.157254   130A      2.159829  
     131A      2.191071   132A      2.202994   133A      2.211623  
     134A      2.283274   135A      2.284510   136A      2.302471  
     137A      2.328874   138A      2.338973   139A      2.379460  
     140A      2.418424   141A      2.607728   142A      2.613897  
     143A      2.614300   144A      2.617889   145A      2.641460  
     146A      2.680950   147A      2.720633   148A      2.751676  
     149A      2.781306   150A      2.835044   151A      2.857029  
     152A      2.878951   153A      2.943233   154A      3.097724  
     155A      3.346879   156A      3.480899   157A      4.071847  
     158A      4.100693   159A      4.118587   160A      4.122975  
     161A      4.150863   162A      4.262155   163A      4.350011  
     164A      4.400328   165A      4.516480   166A      4.800805  

    Final Occupation by Irrep:
              A 
    DOCC [    34 ]
    NA   [    34 ]
    NB   [    34 ]

  @DF-RKS Final Energy:  -385.89026026701299

   => Energetics <=

    Nuclear Repulsion Energy =            457.2123334391159801
    One-Electron Energy =               -1425.4685922340331672
    Two-Electron Energy =                 628.6731476695290439
    DFT Exchange-Correlation Energy =     -46.3071491416249117
    Empirical Dispersion Energy =           0.0000000000000000
    VV10 Nonlocal Energy =                  0.0000000000000000
    Total Energy =                       -385.8902602670129909

Computation Completed


Properties will be evaluated at   0.000000,   0.000000,   0.000000 [a0]

Properties computed using the SCF density matrix


 Multipole Moments:

 ------------------------------------------------------------------------------------
     Multipole            Electronic (a.u.)      Nuclear  (a.u.)        Total (a.u.)
 ------------------------------------------------------------------------------------

 L = 1.  Multiply by 2.5417464519 to convert [e a0] to [Debye]
 Dipole X            :         -0.1062429            0.1295130            0.0232700
 Dipole Y            :         -0.0000000            0.0000000           -0.0000000
 Dipole Z            :          0.0000000            0.0000000            0.0000000
 Magnitude           :                                                    0.0232700

 ------------------------------------------------------------------------------------

*** tstop() called on Asus18 at Tue Sep 15 16:35:13 2026
Module time:
	user time   =        nan seconds =        nan minutes
	system time =        nan seconds =        nan minutes
	total time  =         14 seconds =       0.23 minutes
Total time:
	user time   =        nan seconds =        nan minutes
	system time =        nan seconds =        nan minutes
	total time  =        527 seconds =       8.78 minutes

Scratch directory: C:\Users\thebr\AppData\Local\Temp/
   => Libint2 <=

    Primary   basis highest AM E, G, H:  7, 6, -
    Auxiliary basis highest AM E, G, H:  7, 7, -
    Onebody   basis highest AM E, G, H:  -, -, -
    Solid Harmonics ordering:            Gaussian

*** tstart() called on Asus18
*** at Tue Sep 15 16:35:13 2026

   => Loading Basis Set <=

    Name: 6-31G*
    Role: ORBITAL
    Keyword: BASIS
    atoms 1-10  entry C          line   111 file C:\Users\thebr\.conda\envs\qc\Library\share\psi4\basis\6-31gs.gbs 
    atoms 11-18 entry H          line    44 file C:\Users\thebr\.conda\envs\qc\Library\share\psi4\basis\6-31gs.gbs 


         ---------------------------------------------------------
                                   SCF
               by Justin Turney, Rob Parrish, Andy Simmonett
                          and Daniel G. A. Smith
                              RKS Reference
                        8 Threads,   -562 MiB Core
         ---------------------------------------------------------

  ==> Geometry <==

    Molecular point group: c1
    Full point group: C2v

    Geometry (in Bohr), charge = 0, multiplicity = 1:

       Center              X                  Y                   Z               Mass       
    ------------   -----------------  -----------------  -----------------  -----------------
         C            4.619975690906     1.366777609819     0.000000000000    12.000000000000
         C            4.619975690906    -1.366777609819     0.000000000000    12.000000000000
         C            2.343137794129    -2.665250369666     0.000000000000    12.000000000000
         C           -0.013103924398    -1.354817557403     0.000000000000    12.000000000000
         C           -2.361374065557    -2.635438107714     0.000000000000    12.000000000000
         C           -4.577672509188    -1.310777754917     0.000000000000    12.000000000000
         C           -4.577672509188     1.310777754917     0.000000000000    12.000000000000
         C           -2.361374065557     2.635438107714     0.000000000000    12.000000000000
         C           -0.013103924398     1.354817557403     0.000000000000    12.000000000000
         C            2.343137794129     2.665250369666     0.000000000000    12.000000000000
         H            6.386076831773     2.420560245726     0.000000000000     1.007825032230
         H            6.386076831773    -2.420560245726     0.000000000000     1.007825032230
         H            2.279783141602    -4.722193211327     0.000000000000     1.007825032230
         H           -2.414451236166    -4.689358415237     0.000000000000     1.007825032230
         H           -6.381943132067    -2.287010255862     0.000000000000     1.007825032230
         H           -6.381943132067     2.287010255862     0.000000000000     1.007825032230
         H           -2.414451236166     4.689358415237     0.000000000000     1.007825032230
         H            2.279783141602     4.722193211327     0.000000000000     1.007825032230

  Running in c1 symmetry.

  Rotational constants: A =      0.10399  B =      0.04103  C =      0.02942 [cm^-1]
  Rotational constants: A =   3117.40414  B =   1229.97080  C =    881.98421 [MHz]
  Nuclear repulsion =  457.212333439115980

  Charge       = 0
  Multiplicity = 1
  Electrons    = 68
  Nalpha       = 34
  Nbeta        = 34

  ==> Algorithm <==

  SCF Algorithm Type is DF.
  DIIS enabled.
  MOM disabled.
  Fractional occupation disabled.
  Guess Type is SAD.
  Energy threshold   = 1.00e-10
  Density threshold  = 1.00e-08
  Integral threshold = 1.00e-12

  ==> Primary Basis <==

  Basis Set: 6-31G*
    Blend: 6-31G*
    Number of shells: 76
    Number of basis functions: 166
    Number of Cartesian functions: 166
    Spherical Harmonics?: false
    Max angular momentum: 2

  ==> DFT Potential <==

   => LibXC <=

    Version 7.1.2
    S. Lehtola, C. Steigemann, M. J. T. Oliveira, and M. A. L. Marques,  SoftwareX 7, 1–5 (2018) (10.1016/j.softx.2017.11.002)

   => Composite Functional: B3LYP <= 

    B3LYP Hyb-GGA Exchange-Correlation Functional

    P. J. Stephens, F. J. Devlin, C. F. Chabalowski, and M. J. Frisch,  J. Phys. Chem. 98, 11623 (1994) (10.1021/j100096a001)

    Deriv               =              1
    GGA                 =           TRUE
    Meta                =          FALSE

    Exchange Hybrid     =           TRUE
    MP2 Hybrid          =          FALSE

   => Exchange Functionals <=

    0.0800   Slater exchange
    0.7200         Becke 88

   => Exact (HF) Exchange <=

    0.2000               HF 

   => Correlation Functionals <=

    0.1900   Vosko, Wilk & Nusair (VWN5_RPA)
    0.8100   Lee, Yang & Parr

   => LibXC Density Thresholds  <==

    XC_HYB_GGA_XC_B3LYP:  1.00E-15 

   => Molecular Quadrature <=

    Radial Scheme          =       TREUTLER
    Pruning Scheme         =           NONE
    Nuclear Scheme         =       TREUTLER

    Blocking Scheme        =         OCTREE
    BS radius alpha        =              1
    Pruning alpha          =              1
    Radial Points          =             99
    Spherical Points       =            590
    Total Points           =         960000
    Total Blocks           =           6498
    Max Points             =            256
    Max Functions          =            160
    Weights Tolerance      =       1.00E-15

   => Loading Basis Set <=

    Name: (6-31G* AUX)
    Role: JKFIT
    Keyword: DF_BASIS_SCF
    atoms 1-10  entry C          line   121 file C:\Users\thebr\.conda\envs\qc\Library\share\psi4\basis\cc-pvdz-jkfit.gbs 
    atoms 11-18 entry H          line    51 file C:\Users\thebr\.conda\envs\qc\Library\share\psi4\basis\cc-pvdz-jkfit.gbs 

  ==> Integral Setup <==

  DFHelper Memory: AOs need 0.213 GiB; user supplied 2.425 GiB. 
  SCF_SUBTYPE=INCORE selected. In-core MEM_DF algorithm will be used.
  Using in-core AOs.

  ==> MemDFJK: Density-Fitted J/K Matrices <==

    J tasked:                   Yes
    K tasked:                   Yes
    wK tasked:                   No
    OpenMP threads:               8
    Memory [MiB]:              2483
    Algorithm:                 Core
    Schwarz Cutoff:           1E-12
    Mask sparsity (%):       4.9209
    Fitting Condition:        1E-10

   => Auxiliary Basis Set <=

  Basis Set: (6-31G* AUX)
    Blend: CC-PVDZ-JKFIT
    Number of shells: 312
    Number of basis functions: 1010
    Number of Cartesian functions: 1010
    Spherical Harmonics?: false
    Max angular momentum: 3

  Cached 100.0% of DFT collocation blocks in 3.163 [GiB].

  Minimum eigenvalue in the overlap matrix is 3.0780200862E-04.
  Reciprocal condition number of the overlap matrix is 3.8980918367E-05.
    Using symmetric orthogonalization.

  ==> Pre-Iterations <==

  SCF Guess: Superposition of Atomic Densities via on-the-fly atomic UHF (no occupation information).

   -------------------------
    Irrep   Nso     Nmo    
   -------------------------
     A        166     166 
   -------------------------
    Total     166     166
   -------------------------

  ==> Iterations <==

                           Total Energy        Delta E     RMS |[F,P]|

   @DF-RKS iter SAD:  -385.34573606757260   -3.85346e+02   0.00000e+00 
   @DF-RKS iter   1:  -385.42909983997959   -8.33638e-02   5.37072e-03 ADIIS/DIIS
   @DF-RKS iter   2:  -385.41329703071648    1.58028e-02   5.58137e-03 ADIIS/DIIS
   @DF-RKS iter   3:  -385.88327232308939   -4.69975e-01   6.90160e-04 ADIIS/DIIS
   @DF-RKS iter   4:  -385.88763328445441   -4.36096e-03   4.15420e-04 ADIIS/DIIS
   @DF-RKS iter   5:  -385.89010447119006   -2.47119e-03   1.01996e-04 ADIIS/DIIS
   @DF-RKS iter   6:  -385.89023037255185   -1.25901e-04   4.65731e-05 DIIS
   @DF-RKS iter   7:  -385.89026020381618   -2.98313e-05   1.92225e-06 DIIS
   @DF-RKS iter   8:  -385.89026025328684   -4.94707e-08   8.21807e-07 DIIS
   @DF-RKS iter   9:  -385.89026026109957   -7.81273e-09   4.29183e-07 DIIS
   @DF-RKS iter  10:  -385.89026026406975   -2.97018e-09   1.00221e-07 DIIS
   @DF-RKS iter  11:  -385.89026026420419   -1.34435e-10   3.38151e-08 DIIS
   @DF-RKS iter  12:  -385.89026026422044   -1.62572e-11   2.97762e-09 DIIS
  Energy and wave function converged.


  ==> Post-Iterations <==

   Electrons on quadrature grid:
      Ntotal   =   68.0000014268 ; deviation = 1.427e-06 

    Orbital Energies [Eh]
    ---------------------

    Doubly Occupied:                                                      

       1A    -10.195563     2A    -10.195146     3A    -10.194494  
       4A    -10.194116     5A    -10.190710     6A    -10.190707  
       7A    -10.186909     8A    -10.186906     9A    -10.184421  
      10A    -10.183852    11A     -0.869205    12A     -0.815906  
      13A     -0.769139    14A     -0.736450    15A     -0.714954  
      16A     -0.622158    17A     -0.607348    18A     -0.592222  
      19A     -0.510932    20A     -0.508121    21A     -0.489683  
      22A     -0.445833    23A     -0.436159    24A     -0.414668  
      25A     -0.411682    26A     -0.398028    27A     -0.385710  
      28A     -0.366556    29A     -0.335434    30A     -0.327896  
      31A     -0.323032    32A     -0.281199    33A     -0.240209  
      34A     -0.212679  

    Virtual:                                                              

      35A     -0.035282    36A     -0.005514    37A      0.035911  
      38A      0.094796    39A      0.103043    40A      0.112895  
      41A      0.121644    42A      0.165999    43A      0.166519  
      44A      0.174181    45A      0.182571    46A      0.204356  
      47A      0.206552    48A      0.246784    49A      0.283518  
      50A      0.304364    51A      0.315619    52A      0.322623  
      53A      0.332683    54A      0.361808    55A      0.471876  
      56A      0.492660    57A      0.513744    58A      0.519429  
      59A      0.526791    60A      0.528204    61A      0.548134  
      62A      0.563141    63A      0.570838    64A      0.584042  
      65A      0.591809    66A      0.611517    67A      0.612015  
      68A      0.615109    69A      0.615287    70A      0.618944  
      71A      0.626812    72A      0.629653    73A      0.640061  
      74A      0.674017    75A      0.690756    76A      0.693007  
      77A      0.757482    78A      0.824923    79A      0.827522  
      80A      0.835581    81A      0.836431    82A      0.840310  
      83A      0.853861    84A      0.856616    85A      0.895605  
      86A      0.904684    87A      0.922764    88A      0.945523  
      89A      0.946723    90A      0.987008    91A      1.001355  
      92A      1.052367    93A      1.057239    94A      1.069144  
      95A      1.088271    96A      1.154555    97A      1.195301  
      98A      1.197401    99A      1.244229   100A      1.257310  
     101A      1.278886   102A      1.314921   103A      1.391896  
     104A      1.413888   105A      1.442213   106A      1.458330  
     107A      1.463175   108A      1.489417   109A      1.489928  
     110A      1.494035   111A      1.502137   112A      1.511773  
     113A      1.532044   114A      1.724257   115A      1.762963  
     116A      1.784841   117A      1.857757   118A      1.891177  
     119A      1.893934   120A      1.913849   121A      1.930788  
     122A      1.946227   123A      1.951297   124A      1.953769  
     125A      1.995481   126A      2.026960   127A      2.047927  
     128A      2.119311   129A      2.157254   130A      2.159829  
     131A      2.191071   132A      2.202994   133A      2.211623  
     134A      2.283274   135A      2.284510   136A      2.302471  
     137A      2.328874   138A      2.338973   139A      2.379460  
     140A      2.418424   141A      2.607728   142A      2.613897  
     143A      2.614300   144A      2.617889   145A      2.641460  
     146A      2.680950   147A      2.720633   148A      2.751676  
     149A      2.781306   150A      2.835044   151A      2.857029  
     152A      2.878951   153A      2.943233   154A      3.097724  
     155A      3.346879   156A      3.480899   157A      4.071847  
     158A      4.100693   159A      4.118587   160A      4.122975  
     161A      4.150863   162A      4.262155   163A      4.350011  
     164A      4.400328   165A      4.516480   166A      4.800805  

    Final Occupation by Irrep:
              A 
    DOCC [    34 ]
    NA   [    34 ]
    NB   [    34 ]

  @DF-RKS Final Energy:  -385.89026026422044

   => Energetics <=

    Nuclear Repulsion Energy =            457.2123334391159801
    One-Electron Energy =               -1425.4685922327735170
    Two-Electron Energy =                 628.6731476710273228
    DFT Exchange-Correlation Energy =     -46.3071491415903083
    Empirical Dispersion Energy =           0.0000000000000000
    VV10 Nonlocal Energy =                  0.0000000000000000
    Total Energy =                       -385.8902602642204442

Computation Completed


Properties will be evaluated at   0.000000,   0.000000,   0.000000 [a0]

Properties computed using the SCF density matrix


 Multipole Moments:

 ------------------------------------------------------------------------------------
     Multipole            Electronic (a.u.)      Nuclear  (a.u.)        Total (a.u.)
 ------------------------------------------------------------------------------------

 L = 1.  Multiply by 2.5417464519 to convert [e a0] to [Debye]
 Dipole X            :          0.1062429           -0.1295130           -0.0232700
 Dipole Y            :          0.0000000            0.0000000            0.0000000
 Dipole Z            :         -0.0000000            0.0000000           -0.0000000
 Magnitude           :                                                    0.0232700

 ------------------------------------------------------------------------------------

*** tstop() called on Asus18 at Tue Sep 15 16:35:27 2026
Module time:
	user time   =        nan seconds =        nan minutes
	system time =        nan seconds =        nan minutes
	total time  =         14 seconds =       0.23 minutes
Total time:
	user time   =        nan seconds =        nan minutes
	system time =        nan seconds =        nan minutes
	total time  =        541 seconds =       9.02 minutes

Scratch directory: C:\Users\thebr\AppData\Local\Temp/
   => Libint2 <=

    Primary   basis highest AM E, G, H:  7, 6, -
    Auxiliary basis highest AM E, G, H:  7, 7, -
    Onebody   basis highest AM E, G, H:  -, -, -
    Solid Harmonics ordering:            Gaussian

*** tstart() called on Asus18
*** at Tue Sep 15 16:35:28 2026

   => Loading Basis Set <=

    Name: 6-31G*
    Role: ORBITAL
    Keyword: BASIS
    atoms 1-10  entry C          line   111 file C:\Users\thebr\.conda\envs\qc\Library\share\psi4\basis\6-31gs.gbs 
    atoms 11-18 entry H          line    44 file C:\Users\thebr\.conda\envs\qc\Library\share\psi4\basis\6-31gs.gbs 


         ---------------------------------------------------------
                                   SCF
               by Justin Turney, Rob Parrish, Andy Simmonett
                          and Daniel G. A. Smith
                              RKS Reference
                        8 Threads,   -562 MiB Core
         ---------------------------------------------------------

  ==> Geometry <==

    Molecular point group: c1
    Full point group: C2v

    Geometry (in Bohr), charge = 0, multiplicity = 1:

       Center              X                  Y                   Z               Mass       
    ------------   -----------------  -----------------  -----------------  -----------------
         C            4.588248304617     1.324777718643     0.000000000000    12.000000000000
         C            4.588248304617    -1.324777718643     0.000000000000    12.000000000000
         C            2.356814997700    -2.642891173202     0.000000000000    12.000000000000
         C            0.006551962199    -1.354817557403     0.000000000000    12.000000000000
         C           -2.347696861986    -2.657797304178     0.000000000000    12.000000000000
         C           -4.609399895477    -1.352777646093     0.000000000000    12.000000000000
         C           -4.609399895477     1.352777646093     0.000000000000    12.000000000000
         C           -2.347696861986     2.657797304178     0.000000000000    12.000000000000
         C            0.006551962199     1.354817557403     0.000000000000    12.000000000000
         C            2.356814997700     2.642891173202     0.000000000000    12.000000000000
         H            6.382976556993     2.320397753328     0.000000000000     1.007825032230
         H            6.382976556993    -2.320397753328     0.000000000000     1.007825032230
         H            2.380784212525    -4.697567114259     0.000000000000     1.007825032230
         H           -2.313450165243    -4.713984512305     0.000000000000     1.007825032230
         H           -6.385043406847    -2.387172748260     0.000000000000     1.007825032230
         H           -6.385043406847     2.387172748260     0.000000000000     1.007825032230
         H           -2.313450165243     4.713984512305     0.000000000000     1.007825032230
         H            2.380784212525     4.697567114259     0.000000000000     1.007825032230

  Running in c1 symmetry.

  Rotational constants: A =      0.10399  B =      0.04103  C =      0.02942 [cm^-1]
  Rotational constants: A =   3117.67620  B =   1230.00090  C =    882.02147 [MHz]
  Nuclear repulsion =  457.202425125680179

  Charge       = 0
  Multiplicity = 1
  Electrons    = 68
  Nalpha       = 34
  Nbeta        = 34

  ==> Algorithm <==

  SCF Algorithm Type is DF.
  DIIS enabled.
  MOM disabled.
  Fractional occupation disabled.
  Guess Type is SAD.
  Energy threshold   = 1.00e-10
  Density threshold  = 1.00e-08
  Integral threshold = 1.00e-12

  ==> Primary Basis <==

  Basis Set: 6-31G*
    Blend: 6-31G*
    Number of shells: 76
    Number of basis functions: 166
    Number of Cartesian functions: 166
    Spherical Harmonics?: false
    Max angular momentum: 2

  ==> DFT Potential <==

   => LibXC <=

    Version 7.1.2
    S. Lehtola, C. Steigemann, M. J. T. Oliveira, and M. A. L. Marques,  SoftwareX 7, 1–5 (2018) (10.1016/j.softx.2017.11.002)

   => Composite Functional: BHANDHLYP <= 

    BHandHLYP Hyb-GGA Exchange-Correlation Functional

    A. D. Becke,  J. Chem. Phys. 98, 1372 (1993) (10.1063/1.464304)
    Defined through Gaussian implementation.

    Deriv               =              1
    GGA                 =           TRUE
    Meta                =          FALSE

    Exchange Hybrid     =           TRUE
    MP2 Hybrid          =          FALSE

   => Exchange Functionals <=

    0.5000         Becke 88

   => Exact (HF) Exchange <=

    0.5000               HF 

   => Correlation Functionals <=

    1.0000   Lee, Yang & Parr

   => LibXC Density Thresholds  <==

    XC_HYB_GGA_XC_BHANDHLYP:  1.00E-15 

   => Molecular Quadrature <=

    Radial Scheme          =       TREUTLER
    Pruning Scheme         =           NONE
    Nuclear Scheme         =       TREUTLER

    Blocking Scheme        =         OCTREE
    BS radius alpha        =              1
    Pruning alpha          =              1
    Radial Points          =             99
    Spherical Points       =            590
    Total Points           =         959962
    Total Blocks           =           6508
    Max Points             =            256
    Max Functions          =            159
    Weights Tolerance      =       1.00E-15

   => Loading Basis Set <=

    Name: (6-31G* AUX)
    Role: JKFIT
    Keyword: DF_BASIS_SCF
    atoms 1-10  entry C          line   121 file C:\Users\thebr\.conda\envs\qc\Library\share\psi4\basis\cc-pvdz-jkfit.gbs 
    atoms 11-18 entry H          line    51 file C:\Users\thebr\.conda\envs\qc\Library\share\psi4\basis\cc-pvdz-jkfit.gbs 

  ==> Integral Setup <==

  DFHelper Memory: AOs need 0.213 GiB; user supplied 2.425 GiB. 
  SCF_SUBTYPE=INCORE selected. In-core MEM_DF algorithm will be used.
  Using in-core AOs.

  ==> MemDFJK: Density-Fitted J/K Matrices <==

    J tasked:                   Yes
    K tasked:                   Yes
    wK tasked:                   No
    OpenMP threads:               8
    Memory [MiB]:              2483
    Algorithm:                 Core
    Schwarz Cutoff:           1E-12
    Mask sparsity (%):       4.9354
    Fitting Condition:        1E-10

   => Auxiliary Basis Set <=

  Basis Set: (6-31G* AUX)
    Blend: CC-PVDZ-JKFIT
    Number of shells: 312
    Number of basis functions: 1010
    Number of Cartesian functions: 1010
    Spherical Harmonics?: false
    Max angular momentum: 3

  Cached 100.0% of DFT collocation blocks in 3.163 [GiB].

  Minimum eigenvalue in the overlap matrix is 3.0908732722E-04.
  Reciprocal condition number of the overlap matrix is 3.9183400921E-05.
    Using symmetric orthogonalization.

  ==> Pre-Iterations <==

  SCF Guess: Superposition of Atomic Densities via on-the-fly atomic UHF (no occupation information).

   -------------------------
    Irrep   Nso     Nmo    
   -------------------------
     A        166     166 
   -------------------------
    Total     166     166
   -------------------------

  ==> Iterations <==

                           Total Energy        Delta E     RMS |[F,P]|

   @DF-RKS iter SAD:  -384.99090611256702   -3.84991e+02   0.00000e+00 
   @DF-RKS iter   1:  -385.39553857045752   -4.04632e-01   3.95464e-03 ADIIS/DIIS
   @DF-RKS iter   2:  -385.52989888018845   -1.34360e-01   2.85007e-03 ADIIS/DIIS
   @DF-RKS iter   3:  -385.64842558932310   -1.18527e-01   3.02472e-04 ADIIS/DIIS
   @DF-RKS iter   4:  -385.64927362686171   -8.48038e-04   1.78719e-04 ADIIS/DIIS
   @DF-RKS iter   5:  -385.64971882483241   -4.45198e-04   4.24157e-05 DIIS
   @DF-RKS iter   6:  -385.64974288698750   -2.40622e-05   1.53501e-05 DIIS
   @DF-RKS iter   7:  -385.64974621828702   -3.33130e-06   1.26705e-06 DIIS
   @DF-RKS iter   8:  -385.64974629552353   -7.72365e-08   5.33244e-07 DIIS
   @DF-RKS iter   9:  -385.64974630251504   -6.99151e-09   3.39355e-07 DIIS
   @DF-RKS iter  10:  -385.64974630527888   -2.76384e-09   4.93512e-08 DIIS
   @DF-RKS iter  11:  -385.64974630536881   -8.99263e-11   1.19063e-08 DIIS
   @DF-RKS iter  12:  -385.64974630537131   -2.50111e-12   7.06351e-09 DIIS
  Energy and wave function converged.


  ==> Post-Iterations <==

   Electrons on quadrature grid:
      Ntotal   =   68.0000015548 ; deviation = 1.555e-06 

    Orbital Energies [Eh]
    ---------------------

    Doubly Occupied:                                                      

       1A    -10.602934     2A    -10.602303     3A    -10.598985  
       4A    -10.598385     5A    -10.596668     6A    -10.596645  
       7A    -10.594826     8A    -10.594781     9A    -10.593375  
      10A    -10.592682    11A     -0.989637    12A     -0.931788  
      13A     -0.880533    14A     -0.844330    15A     -0.820776  
      16A     -0.715152    17A     -0.699185    18A     -0.680338  
      19A     -0.588849    20A     -0.587489    21A     -0.566023  
      22A     -0.518595    23A     -0.507480    24A     -0.483732  
      25A     -0.482105    26A     -0.466405    27A     -0.446432  
      28A     -0.431490    29A     -0.398620    30A     -0.389185  
      31A     -0.375637    32A     -0.326317    33A     -0.275415  
      34A     -0.246502  

    Virtual:                                                              

      35A      0.006586    36A      0.037610    37A      0.087163  
      38A      0.141170    39A      0.160147    40A      0.165081  
      41A      0.168187    42A      0.212978    43A      0.216222  
      44A      0.222644    45A      0.233800    46A      0.256211  
      47A      0.276879    48A      0.302188    49A      0.342852  
      50A      0.366729    51A      0.372566    52A      0.380303  
      53A      0.390016    54A      0.422297    55A      0.535882  
      56A      0.573445    57A      0.589620    58A      0.592120  
      59A      0.595430    60A      0.605598    61A      0.623966  
      62A      0.624906    63A      0.648304    64A      0.660253  
      65A      0.661787    66A      0.685269    67A      0.691869  
      68A      0.692630    69A      0.695477    70A      0.697255  
      71A      0.705148    72A      0.705247    73A      0.716149  
      74A      0.756583    75A      0.772726    76A      0.774036  
      77A      0.839976    78A      0.917296    79A      0.918231  
      80A      0.920335    81A      0.928382    82A      0.930735  
      83A      0.947527    84A      0.947900    85A      0.983385  
      86A      0.988299    87A      1.016374    88A      1.026705  
      89A      1.030545    90A      1.072811    91A      1.085132  
      92A      1.128967    93A      1.133517    94A      1.146865  
      95A      1.173417    96A      1.236995    97A      1.282298  
      98A      1.286518    99A      1.332137   100A      1.345396  
     101A      1.364500   102A      1.400994   103A      1.485436  
     104A      1.507892   105A      1.532226   106A      1.550006  
     107A      1.552971   108A      1.581021   109A      1.587214  
     110A      1.591819   111A      1.598626   112A      1.608461  
     113A      1.622117   114A      1.825269   115A      1.872147  
     116A      1.884180   117A      1.960922   118A      1.992321  
     119A      2.004409   120A      2.005124   121A      2.040924  
     122A      2.058001   123A      2.060518   124A      2.066120  
     125A      2.102862   126A      2.143025   127A      2.163360  
     128A      2.234387   129A      2.261218   130A      2.272983  
     131A      2.308520   132A      2.315606   133A      2.321465  
     134A      2.393244   135A      2.396733   136A      2.415505  
     137A      2.445529   138A      2.453519   139A      2.495340  
     140A      2.533921   141A      2.731698   142A      2.733053  
     143A      2.738219   144A      2.740208   145A      2.763215  
     146A      2.797101   147A      2.839481   148A      2.872384  
     149A      2.904697   150A      2.961900   151A      2.978217  
     152A      3.007585   153A      3.070583   154A      3.223757  
     155A      3.484937   156A      3.612241   157A      4.226954  
     158A      4.245169   159A      4.266910   160A      4.269954  
     161A      4.298902   162A      4.410147   163A      4.498788  
     164A      4.548889   165A      4.666106   166A      4.951669  

    Final Occupation by Irrep:
              A 
    DOCC [    34 ]
    NA   [    34 ]
    NB   [    34 ]

  @DF-RKS Final Energy:  -385.64974630537131

   => Energetics <=

    Nuclear Repulsion Energy =            457.2024251256801790
    One-Electron Energy =               -1425.1018980153728535
    Two-Electron Energy =                 611.9136528903640055
    DFT Exchange-Correlation Energy =     -29.6639263060426401
    Empirical Dispersion Energy =           0.0000000000000000
    VV10 Nonlocal Energy =                  0.0000000000000000
    Total Energy =                       -385.6497463053713091

Computation Completed


Properties will be evaluated at   0.000000,   0.000000,   0.000000 [a0]

Properties computed using the SCF density matrix


 Multipole Moments:

 ------------------------------------------------------------------------------------
     Multipole            Electronic (a.u.)      Nuclear  (a.u.)        Total (a.u.)
 ------------------------------------------------------------------------------------

 L = 1.  Multiply by 2.5417464519 to convert [e a0] to [Debye]
 Dipole X            :         -0.0537065            0.0647565            0.0110499
 Dipole Y            :         -0.0000000            0.0000000           -0.0000000
 Dipole Z            :          0.0000000            0.0000000            0.0000000
 Magnitude           :                                                    0.0110499

 ------------------------------------------------------------------------------------

*** tstop() called on Asus18 at Tue Sep 15 16:35:41 2026
Module time:
	user time   =        nan seconds =        nan minutes
	system time =        nan seconds =        nan minutes
	total time  =         13 seconds =       0.22 minutes
Total time:
	user time   =        nan seconds =        nan minutes
	system time =        nan seconds =        nan minutes
	total time  =        555 seconds =       9.25 minutes

Scratch directory: C:\Users\thebr\AppData\Local\Temp/
   => Libint2 <=

    Primary   basis highest AM E, G, H:  7, 6, -
    Auxiliary basis highest AM E, G, H:  7, 7, -
    Onebody   basis highest AM E, G, H:  -, -, -
    Solid Harmonics ordering:            Gaussian

*** tstart() called on Asus18
*** at Tue Sep 15 16:35:41 2026

   => Loading Basis Set <=

    Name: 6-31G*
    Role: ORBITAL
    Keyword: BASIS
    atoms 1-10  entry C          line   111 file C:\Users\thebr\.conda\envs\qc\Library\share\psi4\basis\6-31gs.gbs 
    atoms 11-18 entry H          line    44 file C:\Users\thebr\.conda\envs\qc\Library\share\psi4\basis\6-31gs.gbs 


         ---------------------------------------------------------
                                   SCF
               by Justin Turney, Rob Parrish, Andy Simmonett
                          and Daniel G. A. Smith
                              RKS Reference
                        8 Threads,   -562 MiB Core
         ---------------------------------------------------------

  ==> Geometry <==

    Molecular point group: c1
    Full point group: C2v

    Geometry (in Bohr), charge = 0, multiplicity = 1:

       Center              X                  Y                   Z               Mass       
    ------------   -----------------  -----------------  -----------------  -----------------
         C            4.609399895477     1.352777646093     0.000000000000    12.000000000000
         C            4.609399895477    -1.352777646093     0.000000000000    12.000000000000
         C            2.347696861986    -2.657797304178     0.000000000000    12.000000000000
         C           -0.006551962199    -1.354817557403     0.000000000000    12.000000000000
         C           -2.356814997700    -2.642891173202     0.000000000000    12.000000000000
         C           -4.588248304617    -1.324777718643     0.000000000000    12.000000000000
         C           -4.588248304617     1.324777718643     0.000000000000    12.000000000000
         C           -2.356814997700     2.642891173202     0.000000000000    12.000000000000
         C           -0.006551962199     1.354817557403     0.000000000000    12.000000000000
         C            2.347696861986     2.657797304178     0.000000000000    12.000000000000
         H            6.385043406847     2.387172748260     0.000000000000     1.007825032230
         H            6.385043406847    -2.387172748260     0.000000000000     1.007825032230
         H            2.313450165243    -4.713984512305     0.000000000000     1.007825032230
         H           -2.380784212525    -4.697567114259     0.000000000000     1.007825032230
         H           -6.382976556993    -2.320397753328     0.000000000000     1.007825032230
         H           -6.382976556993     2.320397753328     0.000000000000     1.007825032230
         H           -2.380784212525     4.697567114259     0.000000000000     1.007825032230
         H            2.313450165243     4.713984512305     0.000000000000     1.007825032230

  Running in c1 symmetry.

  Rotational constants: A =      0.10399  B =      0.04103  C =      0.02942 [cm^-1]
  Rotational constants: A =   3117.67620  B =   1230.00090  C =    882.02147 [MHz]
  Nuclear repulsion =  457.202425125680179

  Charge       = 0
  Multiplicity = 1
  Electrons    = 68
  Nalpha       = 34
  Nbeta        = 34

  ==> Algorithm <==

  SCF Algorithm Type is DF.
  DIIS enabled.
  MOM disabled.
  Fractional occupation disabled.
  Guess Type is SAD.
  Energy threshold   = 1.00e-10
  Density threshold  = 1.00e-08
  Integral threshold = 1.00e-12

  ==> Primary Basis <==

  Basis Set: 6-31G*
    Blend: 6-31G*
    Number of shells: 76
    Number of basis functions: 166
    Number of Cartesian functions: 166
    Spherical Harmonics?: false
    Max angular momentum: 2

  ==> DFT Potential <==

   => LibXC <=

    Version 7.1.2
    S. Lehtola, C. Steigemann, M. J. T. Oliveira, and M. A. L. Marques,  SoftwareX 7, 1–5 (2018) (10.1016/j.softx.2017.11.002)

   => Composite Functional: BHANDHLYP <= 

    BHandHLYP Hyb-GGA Exchange-Correlation Functional

    A. D. Becke,  J. Chem. Phys. 98, 1372 (1993) (10.1063/1.464304)
    Defined through Gaussian implementation.

    Deriv               =              1
    GGA                 =           TRUE
    Meta                =          FALSE

    Exchange Hybrid     =           TRUE
    MP2 Hybrid          =          FALSE

   => Exchange Functionals <=

    0.5000         Becke 88

   => Exact (HF) Exchange <=

    0.5000               HF 

   => Correlation Functionals <=

    1.0000   Lee, Yang & Parr

   => LibXC Density Thresholds  <==

    XC_HYB_GGA_XC_BHANDHLYP:  1.00E-15 

   => Molecular Quadrature <=

    Radial Scheme          =       TREUTLER
    Pruning Scheme         =           NONE
    Nuclear Scheme         =       TREUTLER

    Blocking Scheme        =         OCTREE
    BS radius alpha        =              1
    Pruning alpha          =              1
    Radial Points          =             99
    Spherical Points       =            590
    Total Points           =         959962
    Total Blocks           =           6508
    Max Points             =            256
    Max Functions          =            159
    Weights Tolerance      =       1.00E-15

   => Loading Basis Set <=

    Name: (6-31G* AUX)
    Role: JKFIT
    Keyword: DF_BASIS_SCF
    atoms 1-10  entry C          line   121 file C:\Users\thebr\.conda\envs\qc\Library\share\psi4\basis\cc-pvdz-jkfit.gbs 
    atoms 11-18 entry H          line    51 file C:\Users\thebr\.conda\envs\qc\Library\share\psi4\basis\cc-pvdz-jkfit.gbs 

  ==> Integral Setup <==

  DFHelper Memory: AOs need 0.213 GiB; user supplied 2.425 GiB. 
  SCF_SUBTYPE=INCORE selected. In-core MEM_DF algorithm will be used.
  Using in-core AOs.

  ==> MemDFJK: Density-Fitted J/K Matrices <==

    J tasked:                   Yes
    K tasked:                   Yes
    wK tasked:                   No
    OpenMP threads:               8
    Memory [MiB]:              2483
    Algorithm:                 Core
    Schwarz Cutoff:           1E-12
    Mask sparsity (%):       4.9354
    Fitting Condition:        1E-10

   => Auxiliary Basis Set <=

  Basis Set: (6-31G* AUX)
    Blend: CC-PVDZ-JKFIT
    Number of shells: 312
    Number of basis functions: 1010
    Number of Cartesian functions: 1010
    Spherical Harmonics?: false
    Max angular momentum: 3

  Cached 100.0% of DFT collocation blocks in 3.163 [GiB].

  Minimum eigenvalue in the overlap matrix is 3.0908732722E-04.
  Reciprocal condition number of the overlap matrix is 3.9183400921E-05.
    Using symmetric orthogonalization.

  ==> Pre-Iterations <==

  SCF Guess: Superposition of Atomic Densities via on-the-fly atomic UHF (no occupation information).

   -------------------------
    Irrep   Nso     Nmo    
   -------------------------
     A        166     166 
   -------------------------
    Total     166     166
   -------------------------

  ==> Iterations <==

                           Total Energy        Delta E     RMS |[F,P]|

   @DF-RKS iter SAD:  -384.99090611383451   -3.84991e+02   0.00000e+00 
   @DF-RKS iter   1:  -385.39553857176787   -4.04632e-01   3.95464e-03 ADIIS/DIIS
   @DF-RKS iter   2:  -385.52989888150125   -1.34360e-01   2.85007e-03 ADIIS/DIIS
   @DF-RKS iter   3:  -385.64842559065482   -1.18527e-01   3.02472e-04 ADIIS/DIIS
   @DF-RKS iter   4:  -385.64927362819515   -8.48038e-04   1.78719e-04 ADIIS/DIIS
   @DF-RKS iter   5:  -385.64971882616578   -4.45198e-04   4.24157e-05 DIIS
   @DF-RKS iter   6:  -385.64974288832059   -2.40622e-05   1.53501e-05 DIIS
   @DF-RKS iter   7:  -385.64974621962023   -3.33130e-06   1.26705e-06 DIIS
   @DF-RKS iter   8:  -385.64974629685634   -7.72361e-08   5.33244e-07 DIIS
   @DF-RKS iter   9:  -385.64974630384836   -6.99202e-09   3.39355e-07 DIIS
   @DF-RKS iter  10:  -385.64974630661152   -2.76316e-09   4.93512e-08 DIIS
   @DF-RKS iter  11:  -385.64974630670264   -9.11200e-11   1.19063e-08 DIIS
   @DF-RKS iter  12:  -385.64974630670480   -2.16005e-12   7.06351e-09 DIIS
  Energy and wave function converged.


  ==> Post-Iterations <==

   Electrons on quadrature grid:
      Ntotal   =   68.0000015548 ; deviation = 1.555e-06 

    Orbital Energies [Eh]
    ---------------------

    Doubly Occupied:                                                      

       1A    -10.602934     2A    -10.602303     3A    -10.598985  
       4A    -10.598385     5A    -10.596668     6A    -10.596645  
       7A    -10.594826     8A    -10.594781     9A    -10.593375  
      10A    -10.592682    11A     -0.989637    12A     -0.931788  
      13A     -0.880533    14A     -0.844330    15A     -0.820776  
      16A     -0.715152    17A     -0.699185    18A     -0.680338  
      19A     -0.588849    20A     -0.587489    21A     -0.566023  
      22A     -0.518595    23A     -0.507480    24A     -0.483732  
      25A     -0.482105    26A     -0.466405    27A     -0.446432  
      28A     -0.431490    29A     -0.398620    30A     -0.389185  
      31A     -0.375637    32A     -0.326317    33A     -0.275415  
      34A     -0.246502  

    Virtual:                                                              

      35A      0.006586    36A      0.037610    37A      0.087163  
      38A      0.141170    39A      0.160147    40A      0.165081  
      41A      0.168187    42A      0.212978    43A      0.216222  
      44A      0.222644    45A      0.233800    46A      0.256211  
      47A      0.276879    48A      0.302188    49A      0.342852  
      50A      0.366729    51A      0.372566    52A      0.380303  
      53A      0.390016    54A      0.422297    55A      0.535882  
      56A      0.573445    57A      0.589620    58A      0.592120  
      59A      0.595430    60A      0.605598    61A      0.623966  
      62A      0.624906    63A      0.648304    64A      0.660253  
      65A      0.661787    66A      0.685269    67A      0.691869  
      68A      0.692630    69A      0.695477    70A      0.697255  
      71A      0.705148    72A      0.705247    73A      0.716149  
      74A      0.756583    75A      0.772726    76A      0.774036  
      77A      0.839976    78A      0.917296    79A      0.918231  
      80A      0.920335    81A      0.928382    82A      0.930735  
      83A      0.947527    84A      0.947900    85A      0.983385  
      86A      0.988299    87A      1.016374    88A      1.026705  
      89A      1.030545    90A      1.072811    91A      1.085132  
      92A      1.128967    93A      1.133517    94A      1.146865  
      95A      1.173417    96A      1.236995    97A      1.282298  
      98A      1.286518    99A      1.332137   100A      1.345396  
     101A      1.364500   102A      1.400994   103A      1.485436  
     104A      1.507892   105A      1.532226   106A      1.550006  
     107A      1.552971   108A      1.581021   109A      1.587214  
     110A      1.591819   111A      1.598626   112A      1.608461  
     113A      1.622117   114A      1.825269   115A      1.872147  
     116A      1.884180   117A      1.960922   118A      1.992321  
     119A      2.004409   120A      2.005124   121A      2.040924  
     122A      2.058001   123A      2.060518   124A      2.066120  
     125A      2.102862   126A      2.143025   127A      2.163360  
     128A      2.234387   129A      2.261218   130A      2.272983  
     131A      2.308520   132A      2.315606   133A      2.321465  
     134A      2.393244   135A      2.396733   136A      2.415505  
     137A      2.445529   138A      2.453519   139A      2.495340  
     140A      2.533921   141A      2.731698   142A      2.733053  
     143A      2.738219   144A      2.740208   145A      2.763215  
     146A      2.797101   147A      2.839481   148A      2.872384  
     149A      2.904697   150A      2.961900   151A      2.978217  
     152A      3.007585   153A      3.070583   154A      3.223757  
     155A      3.484937   156A      3.612241   157A      4.226954  
     158A      4.245169   159A      4.266910   160A      4.269954  
     161A      4.298902   162A      4.410147   163A      4.498788  
     164A      4.548889   165A      4.666106   166A      4.951669  

    Final Occupation by Irrep:
              A 
    DOCC [    34 ]
    NA   [    34 ]
    NB   [    34 ]

  @DF-RKS Final Energy:  -385.64974630670480

   => Energetics <=

    Nuclear Repulsion Energy =            457.2024251256801790
    One-Electron Energy =               -1425.1018980162066327
    Two-Electron Energy =                 611.9136528898937968
    DFT Exchange-Correlation Energy =     -29.6639263060721774
    Empirical Dispersion Energy =           0.0000000000000000
    VV10 Nonlocal Energy =                  0.0000000000000000
    Total Energy =                       -385.6497463067048557

Computation Completed


Properties will be evaluated at   0.000000,   0.000000,   0.000000 [a0]

Properties computed using the SCF density matrix


 Multipole Moments:

 ------------------------------------------------------------------------------------
     Multipole            Electronic (a.u.)      Nuclear  (a.u.)        Total (a.u.)
 ------------------------------------------------------------------------------------

 L = 1.  Multiply by 2.5417464519 to convert [e a0] to [Debye]
 Dipole X            :          0.0537065           -0.0647565           -0.0110499
 Dipole Y            :         -0.0000000            0.0000000           -0.0000000
 Dipole Z            :          0.0000000            0.0000000            0.0000000
 Magnitude           :                                                    0.0110499

 ------------------------------------------------------------------------------------

*** tstop() called on Asus18 at Tue Sep 15 16:35:55 2026
Module time:
	user time   =        nan seconds =        nan minutes
	system time =        nan seconds =        nan minutes
	total time  =         14 seconds =       0.23 minutes
Total time:
	user time   =        nan seconds =        nan minutes
	system time =        nan seconds =        nan minutes
	total time  =        569 seconds =       9.48 minutes

Scratch directory: C:\Users\thebr\AppData\Local\Temp/
   => Libint2 <=

    Primary   basis highest AM E, G, H:  7, 6, -
    Auxiliary basis highest AM E, G, H:  7, 7, -
    Onebody   basis highest AM E, G, H:  -, -, -
    Solid Harmonics ordering:            Gaussian

*** tstart() called on Asus18
*** at Tue Sep 15 16:35:55 2026

   => Loading Basis Set <=

    Name: 6-31G*
    Role: ORBITAL
    Keyword: BASIS
    atoms 1-10  entry C          line   111 file C:\Users\thebr\.conda\envs\qc\Library\share\psi4\basis\6-31gs.gbs 
    atoms 11-18 entry H          line    44 file C:\Users\thebr\.conda\envs\qc\Library\share\psi4\basis\6-31gs.gbs 


         ---------------------------------------------------------
                                   SCF
               by Justin Turney, Rob Parrish, Andy Simmonett
                          and Daniel G. A. Smith
                              RKS Reference
                        8 Threads,   -562 MiB Core
         ---------------------------------------------------------

  ==> Geometry <==

    Molecular point group: c1
    Full point group: C2v

    Geometry (in Bohr), charge = 0, multiplicity = 1:

       Center              X                  Y                   Z               Mass       
    ------------   -----------------  -----------------  -----------------  -----------------
         C            4.577672509188     1.310777754917     0.000000000000    12.000000000000
         C            4.577672509188    -1.310777754917     0.000000000000    12.000000000000
         C            2.361374065557    -2.635438107714     0.000000000000    12.000000000000
         C            0.013103924398    -1.354817557403     0.000000000000    12.000000000000
         C           -2.343137794129    -2.665250369666     0.000000000000    12.000000000000
         C           -4.619975690906    -1.366777609819     0.000000000000    12.000000000000
         C           -4.619975690906     1.366777609819     0.000000000000    12.000000000000
         C           -2.343137794129     2.665250369666     0.000000000000    12.000000000000
         C            0.013103924398     1.354817557403     0.000000000000    12.000000000000
         C            2.361374065557     2.635438107714     0.000000000000    12.000000000000
         H            6.381943132067     2.287010255862     0.000000000000     1.007825032230
         H            6.381943132067    -2.287010255862     0.000000000000     1.007825032230
         H            2.414451236166    -4.689358415237     0.000000000000     1.007825032230
         H           -2.279783141602    -4.722193211327     0.000000000000     1.007825032230
         H           -6.386076831773    -2.420560245726     0.000000000000     1.007825032230
         H           -6.386076831773     2.420560245726     0.000000000000     1.007825032230
         H           -2.279783141602     4.722193211327     0.000000000000     1.007825032230
         H            2.414451236166     4.689358415237     0.000000000000     1.007825032230

  Running in c1 symmetry.

  Rotational constants: A =      0.10399  B =      0.04103  C =      0.02942 [cm^-1]
  Rotational constants: A =   3117.40414  B =   1229.97080  C =    881.98421 [MHz]
  Nuclear repulsion =  457.212333439115980

  Charge       = 0
  Multiplicity = 1
  Electrons    = 68
  Nalpha       = 34
  Nbeta        = 34

  ==> Algorithm <==

  SCF Algorithm Type is DF.
  DIIS enabled.
  MOM disabled.
  Fractional occupation disabled.
  Guess Type is SAD.
  Energy threshold   = 1.00e-10
  Density threshold  = 1.00e-08
  Integral threshold = 1.00e-12

  ==> Primary Basis <==

  Basis Set: 6-31G*
    Blend: 6-31G*
    Number of shells: 76
    Number of basis functions: 166
    Number of Cartesian functions: 166
    Spherical Harmonics?: false
    Max angular momentum: 2

  ==> DFT Potential <==

   => LibXC <=

    Version 7.1.2
    S. Lehtola, C. Steigemann, M. J. T. Oliveira, and M. A. L. Marques,  SoftwareX 7, 1–5 (2018) (10.1016/j.softx.2017.11.002)

   => Composite Functional: BHANDHLYP <= 

    BHandHLYP Hyb-GGA Exchange-Correlation Functional

    A. D. Becke,  J. Chem. Phys. 98, 1372 (1993) (10.1063/1.464304)
    Defined through Gaussian implementation.

    Deriv               =              1
    GGA                 =           TRUE
    Meta                =          FALSE

    Exchange Hybrid     =           TRUE
    MP2 Hybrid          =          FALSE

   => Exchange Functionals <=

    0.5000         Becke 88

   => Exact (HF) Exchange <=

    0.5000               HF 

   => Correlation Functionals <=

    1.0000   Lee, Yang & Parr

   => LibXC Density Thresholds  <==

    XC_HYB_GGA_XC_BHANDHLYP:  1.00E-15 

   => Molecular Quadrature <=

    Radial Scheme          =       TREUTLER
    Pruning Scheme         =           NONE
    Nuclear Scheme         =       TREUTLER

    Blocking Scheme        =         OCTREE
    BS radius alpha        =              1
    Pruning alpha          =              1
    Radial Points          =             99
    Spherical Points       =            590
    Total Points           =         960000
    Total Blocks           =           6498
    Max Points             =            256
    Max Functions          =            160
    Weights Tolerance      =       1.00E-15

   => Loading Basis Set <=

    Name: (6-31G* AUX)
    Role: JKFIT
    Keyword: DF_BASIS_SCF
    atoms 1-10  entry C          line   121 file C:\Users\thebr\.conda\envs\qc\Library\share\psi4\basis\cc-pvdz-jkfit.gbs 
    atoms 11-18 entry H          line    51 file C:\Users\thebr\.conda\envs\qc\Library\share\psi4\basis\cc-pvdz-jkfit.gbs 

  ==> Integral Setup <==

  DFHelper Memory: AOs need 0.213 GiB; user supplied 2.425 GiB. 
  SCF_SUBTYPE=INCORE selected. In-core MEM_DF algorithm will be used.
  Using in-core AOs.

  ==> MemDFJK: Density-Fitted J/K Matrices <==

    J tasked:                   Yes
    K tasked:                   Yes
    wK tasked:                   No
    OpenMP threads:               8
    Memory [MiB]:              2483
    Algorithm:                 Core
    Schwarz Cutoff:           1E-12
    Mask sparsity (%):       4.9209
    Fitting Condition:        1E-10

   => Auxiliary Basis Set <=

  Basis Set: (6-31G* AUX)
    Blend: CC-PVDZ-JKFIT
    Number of shells: 312
    Number of basis functions: 1010
    Number of Cartesian functions: 1010
    Spherical Harmonics?: false
    Max angular momentum: 3

  Cached 100.0% of DFT collocation blocks in 3.163 [GiB].

  Minimum eigenvalue in the overlap matrix is 3.0780200862E-04.
  Reciprocal condition number of the overlap matrix is 3.8980918367E-05.
    Using symmetric orthogonalization.

  ==> Pre-Iterations <==

  SCF Guess: Superposition of Atomic Densities via on-the-fly atomic UHF (no occupation information).

   -------------------------
    Irrep   Nso     Nmo    
   -------------------------
     A        166     166 
   -------------------------
    Total     166     166
   -------------------------

  ==> Iterations <==

                           Total Energy        Delta E     RMS |[F,P]|

   @DF-RKS iter SAD:  -384.99209841427057   -3.84992e+02   0.00000e+00 
   @DF-RKS iter   1:  -385.39273037624292   -4.00632e-01   3.96298e-03 ADIIS/DIIS
   @DF-RKS iter   2:  -385.52641640194230   -1.33686e-01   2.86878e-03 ADIIS/DIIS
   @DF-RKS iter   3:  -385.64639462718753   -1.19978e-01   3.19595e-04 ADIIS/DIIS
   @DF-RKS iter   4:  -385.64736132343990   -9.66696e-04   1.87397e-04 ADIIS/DIIS
   @DF-RKS iter   5:  -385.64786453023930   -5.03207e-04   4.25306e-05 DIIS
   @DF-RKS iter   6:  -385.64788894524060   -2.44150e-05   1.55021e-05 DIIS
   @DF-RKS iter   7:  -385.64789232637514   -3.38113e-06   1.40326e-06 DIIS
   @DF-RKS iter   8:  -385.64789240462318   -7.82480e-08   9.13854e-07 DIIS
   @DF-RKS iter   9:  -385.64789242183514   -1.72120e-08   2.90994e-07 DIIS
   @DF-RKS iter  10:  -385.64789242487200   -3.03686e-09   5.36704e-08 DIIS
   @DF-RKS iter  11:  -385.64789242499114   -1.19144e-10   2.15394e-08 DIIS
   @DF-RKS iter  12:  -385.64789242500228   -1.11413e-11   8.33619e-09 DIIS
  Energy and wave function converged.


  ==> Post-Iterations <==

   Electrons on quadrature grid:
      Ntotal   =   68.0000013832 ; deviation = 1.383e-06 

    Orbital Energies [Eh]
    ---------------------

    Doubly Occupied:                                                      

       1A    -10.602952     2A    -10.602322     3A    -10.601626  
       4A    -10.601051     5A    -10.597797     6A    -10.597797  
       7A    -10.593745     8A    -10.593741     9A    -10.590781  
      10A    -10.589979    11A     -0.990156    12A     -0.931609  
      13A     -0.880586    14A     -0.844289    15A     -0.820714  
      16A     -0.715340    17A     -0.699195    18A     -0.680293  
      19A     -0.588827    20A     -0.587533    21A     -0.566105  
      22A     -0.518458    23A     -0.507406    24A     -0.483608  
      25A     -0.481970    26A     -0.466258    27A     -0.446676  
      28A     -0.431418    29A     -0.398482    30A     -0.389123  
      31A     -0.375613    32A     -0.326332    33A     -0.275428  
      34A     -0.246501  

    Virtual:                                                              

      35A      0.006550    36A      0.037535    37A      0.087158  
      38A      0.140966    39A      0.160084    40A      0.165086  
      41A      0.168112    42A      0.212924    43A      0.215108  
      44A      0.222733    45A      0.233606    46A      0.256570  
      47A      0.277129    48A      0.302074    49A      0.342236  
      50A      0.364138    51A      0.375216    52A      0.379073  
      53A      0.391557    54A      0.422506    55A      0.535799  
      56A      0.572094    57A      0.589506    58A      0.592375  
      59A      0.593507    60A      0.605045    61A      0.624038  
      62A      0.624786    63A      0.648252    64A      0.660217  
      65A      0.660436    66A      0.689082    67A      0.691725  
      68A      0.693404    69A      0.694658    70A      0.697863  
      71A      0.705124    72A      0.705762    73A      0.717096  
      74A      0.756635    75A      0.772505    76A      0.774137  
      77A      0.840081    78A      0.916987    79A      0.918226  
      80A      0.919016    81A      0.927805    82A      0.932481  
      83A      0.947341    84A      0.947682    85A      0.980649  
      86A      0.990284    87A      1.012042    88A      1.030401  
      89A      1.030627    90A      1.073706    91A      1.085246  
      92A      1.128842    93A      1.133097    94A      1.147169  
      95A      1.174251    96A      1.238027    97A      1.282447  
      98A      1.285763    99A      1.332268   100A      1.345595  
     101A      1.366179   102A      1.400857   103A      1.485426  
     104A      1.507603   105A      1.530561   106A      1.552190  
     107A      1.553341   108A      1.580270   109A      1.586961  
     110A      1.590927   111A      1.599749   112A      1.609771  
     113A      1.622779   114A      1.824657   115A      1.866987  
     116A      1.888578   117A      1.960871   118A      1.986243  
     119A      2.004708   120A      2.008106   121A      2.041082  
     122A      2.056945   123A      2.061694   124A      2.066079  
     125A      2.102746   126A      2.139926   127A      2.162666  
     128A      2.231308   129A      2.268605   130A      2.272097  
     131A      2.302751   132A      2.315555   133A      2.323950  
     134A      2.395616   135A      2.398896   136A      2.415948  
     137A      2.444672   138A      2.454532   139A      2.495791  
     140A      2.533369   141A      2.731501   142A      2.731631  
     143A      2.734328   144A      2.740673   145A      2.763034  
     146A      2.802568   147A      2.839646   148A      2.871941  
     149A      2.904129   150A      2.963088   151A      2.978304  
     152A      3.008969   153A      3.072661   154A      3.223833  
     155A      3.480671   156A      3.616678   157A      4.220439  
     158A      4.249539   159A      4.266816   160A      4.271380  
     161A      4.299009   162A      4.410384   163A      4.498830  
     164A      4.549094   165A      4.666156   166A      4.951851  

    Final Occupation by Irrep:
              A 
    DOCC [    34 ]
    NA   [    34 ]
    NB   [    34 ]

  @DF-RKS Final Energy:  -385.64789242500228

   => Energetics <=

    Nuclear Repulsion Energy =            457.2123334391159801
    One-Electron Energy =               -1425.1177746783414477
    Two-Electron Energy =                 611.9214917587860327
    DFT Exchange-Correlation Energy =     -29.6639429445628977
    Empirical Dispersion Energy =           0.0000000000000000
    VV10 Nonlocal Energy =                  0.0000000000000000
    Total Energy =                       -385.6478924250022828

Computation Completed


Properties will be evaluated at   0.000000,   0.000000,   0.000000 [a0]

Properties computed using the SCF density matrix


 Multipole Moments:

 ------------------------------------------------------------------------------------
     Multipole            Electronic (a.u.)      Nuclear  (a.u.)        Total (a.u.)
 ------------------------------------------------------------------------------------

 L = 1.  Multiply by 2.5417464519 to convert [e a0] to [Debye]
 Dipole X            :         -0.1074221            0.1295130            0.0220908
 Dipole Y            :         -0.0000000            0.0000000           -0.0000000
 Dipole Z            :          0.0000000            0.0000000            0.0000000
 Magnitude           :                                                    0.0220908

 ------------------------------------------------------------------------------------

*** tstop() called on Asus18 at Tue Sep 15 16:36:08 2026
Module time:
	user time   =        nan seconds =        nan minutes
	system time =        nan seconds =        nan minutes
	total time  =         13 seconds =       0.22 minutes
Total time:
	user time   =        nan seconds =        nan minutes
	system time =        nan seconds =        nan minutes
	total time  =        582 seconds =       9.70 minutes

Scratch directory: C:\Users\thebr\AppData\Local\Temp/
   => Libint2 <=

    Primary   basis highest AM E, G, H:  7, 6, -
    Auxiliary basis highest AM E, G, H:  7, 7, -
    Onebody   basis highest AM E, G, H:  -, -, -
    Solid Harmonics ordering:            Gaussian

*** tstart() called on Asus18
*** at Tue Sep 15 16:36:09 2026

   => Loading Basis Set <=

    Name: 6-31G*
    Role: ORBITAL
    Keyword: BASIS
    atoms 1-10  entry C          line   111 file C:\Users\thebr\.conda\envs\qc\Library\share\psi4\basis\6-31gs.gbs 
    atoms 11-18 entry H          line    44 file C:\Users\thebr\.conda\envs\qc\Library\share\psi4\basis\6-31gs.gbs 


         ---------------------------------------------------------
                                   SCF
               by Justin Turney, Rob Parrish, Andy Simmonett
                          and Daniel G. A. Smith
                              RKS Reference
                        8 Threads,   -562 MiB Core
         ---------------------------------------------------------

  ==> Geometry <==

    Molecular point group: c1
    Full point group: C2v

    Geometry (in Bohr), charge = 0, multiplicity = 1:

       Center              X                  Y                   Z               Mass       
    ------------   -----------------  -----------------  -----------------  -----------------
         C            4.619975690906     1.366777609819     0.000000000000    12.000000000000
         C            4.619975690906    -1.366777609819     0.000000000000    12.000000000000
         C            2.343137794129    -2.665250369666     0.000000000000    12.000000000000
         C           -0.013103924398    -1.354817557403     0.000000000000    12.000000000000
         C           -2.361374065557    -2.635438107714     0.000000000000    12.000000000000
         C           -4.577672509188    -1.310777754917     0.000000000000    12.000000000000
         C           -4.577672509188     1.310777754917     0.000000000000    12.000000000000
         C           -2.361374065557     2.635438107714     0.000000000000    12.000000000000
         C           -0.013103924398     1.354817557403     0.000000000000    12.000000000000
         C            2.343137794129     2.665250369666     0.000000000000    12.000000000000
         H            6.386076831773     2.420560245726     0.000000000000     1.007825032230
         H            6.386076831773    -2.420560245726     0.000000000000     1.007825032230
         H            2.279783141602    -4.722193211327     0.000000000000     1.007825032230
         H           -2.414451236166    -4.689358415237     0.000000000000     1.007825032230
         H           -6.381943132067    -2.287010255862     0.000000000000     1.007825032230
         H           -6.381943132067     2.287010255862     0.000000000000     1.007825032230
         H           -2.414451236166     4.689358415237     0.000000000000     1.007825032230
         H            2.279783141602     4.722193211327     0.000000000000     1.007825032230

  Running in c1 symmetry.

  Rotational constants: A =      0.10399  B =      0.04103  C =      0.02942 [cm^-1]
  Rotational constants: A =   3117.40414  B =   1229.97080  C =    881.98421 [MHz]
  Nuclear repulsion =  457.212333439115980

  Charge       = 0
  Multiplicity = 1
  Electrons    = 68
  Nalpha       = 34
  Nbeta        = 34

  ==> Algorithm <==

  SCF Algorithm Type is DF.
  DIIS enabled.
  MOM disabled.
  Fractional occupation disabled.
  Guess Type is SAD.
  Energy threshold   = 1.00e-10
  Density threshold  = 1.00e-08
  Integral threshold = 1.00e-12

  ==> Primary Basis <==

  Basis Set: 6-31G*
    Blend: 6-31G*
    Number of shells: 76
    Number of basis functions: 166
    Number of Cartesian functions: 166
    Spherical Harmonics?: false
    Max angular momentum: 2

  ==> DFT Potential <==

   => LibXC <=

    Version 7.1.2
    S. Lehtola, C. Steigemann, M. J. T. Oliveira, and M. A. L. Marques,  SoftwareX 7, 1–5 (2018) (10.1016/j.softx.2017.11.002)

   => Composite Functional: BHANDHLYP <= 

    BHandHLYP Hyb-GGA Exchange-Correlation Functional

    A. D. Becke,  J. Chem. Phys. 98, 1372 (1993) (10.1063/1.464304)
    Defined through Gaussian implementation.

    Deriv               =              1
    GGA                 =           TRUE
    Meta                =          FALSE

    Exchange Hybrid     =           TRUE
    MP2 Hybrid          =          FALSE

   => Exchange Functionals <=

    0.5000         Becke 88

   => Exact (HF) Exchange <=

    0.5000               HF 

   => Correlation Functionals <=

    1.0000   Lee, Yang & Parr

   => LibXC Density Thresholds  <==

    XC_HYB_GGA_XC_BHANDHLYP:  1.00E-15 

   => Molecular Quadrature <=

    Radial Scheme          =       TREUTLER
    Pruning Scheme         =           NONE
    Nuclear Scheme         =       TREUTLER

    Blocking Scheme        =         OCTREE
    BS radius alpha        =              1
    Pruning alpha          =              1
    Radial Points          =             99
    Spherical Points       =            590
    Total Points           =         960000
    Total Blocks           =           6498
    Max Points             =            256
    Max Functions          =            160
    Weights Tolerance      =       1.00E-15

   => Loading Basis Set <=

    Name: (6-31G* AUX)
    Role: JKFIT
    Keyword: DF_BASIS_SCF
    atoms 1-10  entry C          line   121 file C:\Users\thebr\.conda\envs\qc\Library\share\psi4\basis\cc-pvdz-jkfit.gbs 
    atoms 11-18 entry H          line    51 file C:\Users\thebr\.conda\envs\qc\Library\share\psi4\basis\cc-pvdz-jkfit.gbs 

  ==> Integral Setup <==

  DFHelper Memory: AOs need 0.213 GiB; user supplied 2.425 GiB. 
  SCF_SUBTYPE=INCORE selected. In-core MEM_DF algorithm will be used.
  Using in-core AOs.

  ==> MemDFJK: Density-Fitted J/K Matrices <==

    J tasked:                   Yes
    K tasked:                   Yes
    wK tasked:                   No
    OpenMP threads:               8
    Memory [MiB]:              2483
    Algorithm:                 Core
    Schwarz Cutoff:           1E-12
    Mask sparsity (%):       4.9209
    Fitting Condition:        1E-10

   => Auxiliary Basis Set <=

  Basis Set: (6-31G* AUX)
    Blend: CC-PVDZ-JKFIT
    Number of shells: 312
    Number of basis functions: 1010
    Number of Cartesian functions: 1010
    Spherical Harmonics?: false
    Max angular momentum: 3

  Cached 100.0% of DFT collocation blocks in 3.163 [GiB].

  Minimum eigenvalue in the overlap matrix is 3.0780200862E-04.
  Reciprocal condition number of the overlap matrix is 3.8980918367E-05.
    Using symmetric orthogonalization.

  ==> Pre-Iterations <==

  SCF Guess: Superposition of Atomic Densities via on-the-fly atomic UHF (no occupation information).

   -------------------------
    Irrep   Nso     Nmo    
   -------------------------
     A        166     166 
   -------------------------
    Total     166     166
   -------------------------

  ==> Iterations <==

                           Total Energy        Delta E     RMS |[F,P]|

   @DF-RKS iter SAD:  -384.99209841155323   -3.84992e+02   0.00000e+00 
   @DF-RKS iter   1:  -385.39273037349375   -4.00632e-01   3.96298e-03 ADIIS/DIIS
   @DF-RKS iter   2:  -385.52641639920034   -1.33686e-01   2.86878e-03 ADIIS/DIIS
   @DF-RKS iter   3:  -385.64639462441340   -1.19978e-01   3.19595e-04 ADIIS/DIIS
   @DF-RKS iter   4:  -385.64736132066264   -9.66696e-04   1.87397e-04 ADIIS/DIIS
   @DF-RKS iter   5:  -385.64786452746085   -5.03207e-04   4.25306e-05 DIIS
   @DF-RKS iter   6:  -385.64788894246288   -2.44150e-05   1.55021e-05 DIIS
   @DF-RKS iter   7:  -385.64789232359692   -3.38113e-06   1.40326e-06 DIIS
   @DF-RKS iter   8:  -385.64789240184535   -7.82484e-08   9.13854e-07 DIIS
   @DF-RKS iter   9:  -385.64789241905714   -1.72118e-08   2.90994e-07 DIIS
   @DF-RKS iter  10:  -385.64789242209406   -3.03692e-09   5.36704e-08 DIIS
   @DF-RKS iter  11:  -385.64789242221394   -1.19883e-10   2.15394e-08 DIIS
   @DF-RKS iter  12:  -385.64789242222372   -9.77707e-12   8.33619e-09 DIIS
  Energy and wave function converged.


  ==> Post-Iterations <==

   Electrons on quadrature grid:
      Ntotal   =   68.0000013832 ; deviation = 1.383e-06 

    Orbital Energies [Eh]
    ---------------------

    Doubly Occupied:                                                      

       1A    -10.602952     2A    -10.602322     3A    -10.601626  
       4A    -10.601051     5A    -10.597797     6A    -10.597797  
       7A    -10.593745     8A    -10.593741     9A    -10.590781  
      10A    -10.589979    11A     -0.990156    12A     -0.931609  
      13A     -0.880586    14A     -0.844289    15A     -0.820714  
      16A     -0.715340    17A     -0.699195    18A     -0.680293  
      19A     -0.588827    20A     -0.587533    21A     -0.566105  
      22A     -0.518458    23A     -0.507406    24A     -0.483608  
      25A     -0.481970    26A     -0.466258    27A     -0.446676  
      28A     -0.431418    29A     -0.398482    30A     -0.389123  
      31A     -0.375613    32A     -0.326332    33A     -0.275428  
      34A     -0.246501  

    Virtual:                                                              

      35A      0.006550    36A      0.037535    37A      0.087158  
      38A      0.140966    39A      0.160084    40A      0.165086  
      41A      0.168112    42A      0.212924    43A      0.215108  
      44A      0.222733    45A      0.233606    46A      0.256570  
      47A      0.277129    48A      0.302074    49A      0.342236  
      50A      0.364138    51A      0.375216    52A      0.379073  
      53A      0.391557    54A      0.422506    55A      0.535799  
      56A      0.572094    57A      0.589506    58A      0.592375  
      59A      0.593507    60A      0.605045    61A      0.624038  
      62A      0.624786    63A      0.648252    64A      0.660217  
      65A      0.660436    66A      0.689082    67A      0.691725  
      68A      0.693404    69A      0.694658    70A      0.697863  
      71A      0.705124    72A      0.705762    73A      0.717096  
      74A      0.756635    75A      0.772505    76A      0.774137  
      77A      0.840081    78A      0.916987    79A      0.918226  
      80A      0.919016    81A      0.927805    82A      0.932481  
      83A      0.947341    84A      0.947682    85A      0.980649  
      86A      0.990284    87A      1.012042    88A      1.030401  
      89A      1.030627    90A      1.073706    91A      1.085246  
      92A      1.128842    93A      1.133097    94A      1.147169  
      95A      1.174251    96A      1.238027    97A      1.282447  
      98A      1.285763    99A      1.332268   100A      1.345595  
     101A      1.366179   102A      1.400857   103A      1.485426  
     104A      1.507603   105A      1.530561   106A      1.552190  
     107A      1.553341   108A      1.580270   109A      1.586961  
     110A      1.590927   111A      1.599749   112A      1.609771  
     113A      1.622779   114A      1.824657   115A      1.866987  
     116A      1.888578   117A      1.960871   118A      1.986243  
     119A      2.004708   120A      2.008106   121A      2.041082  
     122A      2.056945   123A      2.061694   124A      2.066079  
     125A      2.102746   126A      2.139926   127A      2.162666  
     128A      2.231308   129A      2.268605   130A      2.272097  
     131A      2.302751   132A      2.315555   133A      2.323950  
     134A      2.395616   135A      2.398896   136A      2.415948  
     137A      2.444672   138A      2.454532   139A      2.495791  
     140A      2.533369   141A      2.731501   142A      2.731631  
     143A      2.734328   144A      2.740673   145A      2.763034  
     146A      2.802568   147A      2.839646   148A      2.871941  
     149A      2.904129   150A      2.963088   151A      2.978304  
     152A      3.008969   153A      3.072661   154A      3.223833  
     155A      3.480671   156A      3.616678   157A      4.220439  
     158A      4.249539   159A      4.266816   160A      4.271380  
     161A      4.299009   162A      4.410384   163A      4.498830  
     164A      4.549094   165A      4.666156   166A      4.951851  

    Final Occupation by Irrep:
              A 
    DOCC [    34 ]
    NA   [    34 ]
    NB   [    34 ]

  @DF-RKS Final Energy:  -385.64789242222372

   => Energetics <=

    Nuclear Repulsion Energy =            457.2123334391159801
    One-Electron Energy =               -1425.1177746770958947
    Two-Electron Energy =                 611.9214917602972719
    DFT Exchange-Correlation Energy =     -29.6639429445410947
    Empirical Dispersion Energy =           0.0000000000000000
    VV10 Nonlocal Energy =                  0.0000000000000000
    Total Energy =                       -385.6478924222236628

Computation Completed


Properties will be evaluated at   0.000000,   0.000000,   0.000000 [a0]

Properties computed using the SCF density matrix


 Multipole Moments:

 ------------------------------------------------------------------------------------
     Multipole            Electronic (a.u.)      Nuclear  (a.u.)        Total (a.u.)
 ------------------------------------------------------------------------------------

 L = 1.  Multiply by 2.5417464519 to convert [e a0] to [Debye]
 Dipole X            :          0.1074221           -0.1295130           -0.0220908
 Dipole Y            :          0.0000000            0.0000000            0.0000000
 Dipole Z            :         -0.0000000            0.0000000           -0.0000000
 Magnitude           :                                                    0.0220908

 ------------------------------------------------------------------------------------

*** tstop() called on Asus18 at Tue Sep 15 16:36:22 2026
Module time:
	user time   =        nan seconds =        nan minutes
	system time =        nan seconds =        nan minutes
	total time  =         13 seconds =       0.22 minutes
Total time:
	user time   =        nan seconds =        nan minutes
	system time =        nan seconds =        nan minutes
	total time  =        596 seconds =       9.93 minutes

Scratch directory: C:\Users\thebr\AppData\Local\Temp/
   => Libint2 <=

    Primary   basis highest AM E, G, H:  7, 6, -
    Auxiliary basis highest AM E, G, H:  7, 7, -
    Onebody   basis highest AM E, G, H:  -, -, -
    Solid Harmonics ordering:            Gaussian

*** tstart() called on Asus18
*** at Tue Sep 15 16:36:22 2026

   => Loading Basis Set <=

    Name: 6-31G*
    Role: ORBITAL
    Keyword: BASIS
    atoms 1-10  entry C          line   111 file C:\Users\thebr\.conda\envs\qc\Library\share\psi4\basis\6-31gs.gbs 
    atoms 11-18 entry H          line    44 file C:\Users\thebr\.conda\envs\qc\Library\share\psi4\basis\6-31gs.gbs 


         ---------------------------------------------------------
                                   SCF
               by Justin Turney, Rob Parrish, Andy Simmonett
                          and Daniel G. A. Smith
                              RKS Reference
                        8 Threads,   -562 MiB Core
         ---------------------------------------------------------

  ==> Geometry <==

    Molecular point group: c1
    Full point group: C2v

    Geometry (in Bohr), charge = 0, multiplicity = 1:

       Center              X                  Y                   Z               Mass       
    ------------   -----------------  -----------------  -----------------  -----------------
         C            4.607494285441     1.330651237102     0.000000000000    12.000000000000
         C            4.607494285441    -1.330651237102     0.000000000000    12.000000000000
         C            2.338974023298    -2.655453340431     0.000000000000    12.000000000000
         C            0.003764517023    -1.354817557403     0.000000000000    12.000000000000
         C           -2.365537836388    -2.645235136949     0.000000000000    12.000000000000
         C           -4.590153914653    -1.346904127634     0.000000000000    12.000000000000
         C           -4.590153914653     1.346904127634     0.000000000000    12.000000000000
         C           -2.365537836388     2.645235136949     0.000000000000    12.000000000000
         C            0.003764517023     1.354817557403     0.000000000000    12.000000000000
         C            2.338974023298     2.655453340431     0.000000000000    12.000000000000
         H            6.384555295904     2.361607860499     0.000000000000     1.007825032230
         H            6.384555295904    -2.361607860499     0.000000000000     1.007825032230
         H            2.379071118943    -4.711788630545     0.000000000000     1.007825032230
         H           -2.315163258825    -4.699762996019     0.000000000000     1.007825032230
         H           -6.383464667936    -2.345962641089     0.000000000000     1.007825032230
         H           -6.383464667936     2.345962641089     0.000000000000     1.007825032230
         H           -2.315163258825     4.699762996019     0.000000000000     1.007825032230
         H            2.379071118943     4.711788630545     0.000000000000     1.007825032230

  Running in c1 symmetry.

  Rotational constants: A =      0.10400  B =      0.04103  C =      0.02942 [cm^-1]
  Rotational constants: A =   3117.74096  B =   1229.99708  C =    882.02468 [MHz]
  Nuclear repulsion =  457.202907806208827

  Charge       = 0
  Multiplicity = 1
  Electrons    = 68
  Nalpha       = 34
  Nbeta        = 34

  ==> Algorithm <==

  SCF Algorithm Type is DF.
  DIIS enabled.
  MOM disabled.
  Fractional occupation disabled.
  Guess Type is SAD.
  Energy threshold   = 1.00e-10
  Density threshold  = 1.00e-08
  Integral threshold = 1.00e-12

  ==> Primary Basis <==

  Basis Set: 6-31G*
    Blend: 6-31G*
    Number of shells: 76
    Number of basis functions: 166
    Number of Cartesian functions: 166
    Spherical Harmonics?: false
    Max angular momentum: 2

  ==> DFT Potential <==

   => LibXC <=

    Version 7.1.2
    S. Lehtola, C. Steigemann, M. J. T. Oliveira, and M. A. L. Marques,  SoftwareX 7, 1–5 (2018) (10.1016/j.softx.2017.11.002)

   => Composite Functional: B3LYP <= 

    B3LYP Hyb-GGA Exchange-Correlation Functional

    P. J. Stephens, F. J. Devlin, C. F. Chabalowski, and M. J. Frisch,  J. Phys. Chem. 98, 11623 (1994) (10.1021/j100096a001)

    Deriv               =              1
    GGA                 =           TRUE
    Meta                =          FALSE

    Exchange Hybrid     =           TRUE
    MP2 Hybrid          =          FALSE

   => Exchange Functionals <=

    0.0800   Slater exchange
    0.7200         Becke 88

   => Exact (HF) Exchange <=

    0.2000               HF 

   => Correlation Functionals <=

    0.1900   Vosko, Wilk & Nusair (VWN5_RPA)
    0.8100   Lee, Yang & Parr

   => LibXC Density Thresholds  <==

    XC_HYB_GGA_XC_B3LYP:  1.00E-15 

   => Molecular Quadrature <=

    Radial Scheme          =       TREUTLER
    Pruning Scheme         =           NONE
    Nuclear Scheme         =       TREUTLER

    Blocking Scheme        =         OCTREE
    BS radius alpha        =              1
    Pruning alpha          =              1
    Radial Points          =             99
    Spherical Points       =            590
    Total Points           =         960054
    Total Blocks           =           6480
    Max Points             =            256
    Max Functions          =            159
    Weights Tolerance      =       1.00E-15

   => Loading Basis Set <=

    Name: (6-31G* AUX)
    Role: JKFIT
    Keyword: DF_BASIS_SCF
    atoms 1-10  entry C          line   121 file C:\Users\thebr\.conda\envs\qc\Library\share\psi4\basis\cc-pvdz-jkfit.gbs 
    atoms 11-18 entry H          line    51 file C:\Users\thebr\.conda\envs\qc\Library\share\psi4\basis\cc-pvdz-jkfit.gbs 

  ==> Integral Setup <==

  DFHelper Memory: AOs need 0.213 GiB; user supplied 2.424 GiB. 
  SCF_SUBTYPE=INCORE selected. In-core MEM_DF algorithm will be used.
  Using in-core AOs.

  ==> MemDFJK: Density-Fitted J/K Matrices <==

    J tasked:                   Yes
    K tasked:                   Yes
    wK tasked:                   No
    OpenMP threads:               8
    Memory [MiB]:              2482
    Algorithm:                 Core
    Schwarz Cutoff:           1E-12
    Mask sparsity (%):       4.9354
    Fitting Condition:        1E-10

   => Auxiliary Basis Set <=

  Basis Set: (6-31G* AUX)
    Blend: CC-PVDZ-JKFIT
    Number of shells: 312
    Number of basis functions: 1010
    Number of Cartesian functions: 1010
    Spherical Harmonics?: false
    Max angular momentum: 3

  Cached 100.0% of DFT collocation blocks in 3.164 [GiB].

  Minimum eigenvalue in the overlap matrix is 3.0904222549E-04.
  Reciprocal condition number of the overlap matrix is 3.9189868361E-05.
    Using symmetric orthogonalization.

  ==> Pre-Iterations <==

  SCF Guess: Superposition of Atomic Densities via on-the-fly atomic UHF (no occupation information).

   -------------------------
    Irrep   Nso     Nmo    
   -------------------------
     A        166     166 
   -------------------------
    Total     166     166
   -------------------------

  ==> Iterations <==

                           Total Energy        Delta E     RMS |[F,P]|

   @DF-RKS iter SAD:  -385.34461715120875   -3.85345e+02   0.00000e+00 
   @DF-RKS iter   1:  -385.43202436951515   -8.74072e-02   5.36199e-03 ADIIS/DIIS
   @DF-RKS iter   2:  -385.42085541547681    1.11690e-02   5.54860e-03 ADIIS/DIIS
   @DF-RKS iter   3:  -385.88601005114748   -4.65155e-01   6.41423e-04 ADIIS/DIIS
   @DF-RKS iter   4:  -385.88966510566422   -3.65505e-03   3.86031e-04 ADIIS/DIIS
   @DF-RKS iter   5:  -385.89169992696526   -2.03482e-03   9.75365e-05 DIIS
   @DF-RKS iter   6:  -385.89181101361481   -1.11087e-04   4.61979e-05 DIIS
   @DF-RKS iter   7:  -385.89184067537178   -2.96618e-05   1.86858e-06 DIIS
   @DF-RKS iter   8:  -385.89184072617661   -5.08048e-08   5.85616e-07 DIIS
   @DF-RKS iter   9:  -385.89184072970215   -3.52554e-09   3.10422e-07 DIIS
   @DF-RKS iter  10:  -385.89184073102342   -1.32127e-09   3.36647e-08 DIIS
   @DF-RKS iter  11:  -385.89184073103877   -1.53477e-11   7.50840e-09 DIIS
  Energy and wave function converged.


  ==> Post-Iterations <==

   Electrons on quadrature grid:
      Ntotal   =   68.0000016033 ; deviation = 1.603e-06 

    Orbital Energies [Eh]
    ---------------------

    Doubly Occupied:                                                      

       1A    -10.195534     2A    -10.195117     3A    -10.190131  
       4A    -10.189846     5A    -10.189458     6A    -10.189252  
       7A    -10.189009     8A    -10.188624     9A    -10.187747  
      10A    -10.187699    11A     -0.868594    12A     -0.816153  
      13A     -0.769127    14A     -0.736528    15A     -0.715061  
      16A     -0.621893    17A     -0.607317    18A     -0.592218  
      19A     -0.510886    20A     -0.508137    21A     -0.489621  
      22A     -0.446010    23A     -0.436261    24A     -0.415087  
      25A     -0.411877    26A     -0.397831    27A     -0.385432  
      28A     -0.366647    29A     -0.335415    30A     -0.327678  
      31A     -0.323078    32A     -0.281238    33A     -0.240274  
      34A     -0.212745  

    Virtual:                                                              

      35A     -0.035176    36A     -0.005312    37A      0.035993  
      38A      0.095022    39A      0.103075    40A      0.112931  
      41A      0.121666    42A      0.166059    43A      0.167318  
      44A      0.174757    45A      0.182723    46A      0.204045  
      47A      0.205701    48A      0.247058    49A      0.283254  
      50A      0.306705    51A      0.313282    52A      0.325422  
      53A      0.330137    54A      0.361896    55A      0.471834  
      56A      0.494322    57A      0.513788    58A      0.521482  
      59A      0.527801    60A      0.527915    61A      0.548229  
      62A      0.563301    63A      0.570843    64A      0.583741  
      65A      0.592081    66A      0.607004    67A      0.611697  
      68A      0.612965    69A      0.616097    70A      0.619701  
      71A      0.626811    72A      0.631001    73A      0.638773  
      74A      0.673972    75A      0.691006    76A      0.692949  
      77A      0.757402    78A      0.826277    79A      0.827741  
      80A      0.835598    81A      0.837065    82A      0.838360  
      83A      0.853996    84A      0.856850    85A      0.899077  
      86A      0.901993    87A      0.926104    88A      0.943880  
      89A      0.945536    90A      0.986476    91A      1.001260  
      92A      1.052346    93A      1.057983    94A      1.068983  
      95A      1.087267    96A      1.153291    97A      1.195153  
      98A      1.198749    99A      1.244176   100A      1.257192  
     101A      1.277010   102A      1.315323   103A      1.392008  
     104A      1.414433   105A      1.444794   106A      1.457845  
     107A      1.460181   108A      1.489974   109A      1.490424  
     110A      1.495308   111A      1.501205   112A      1.510331  
     113A      1.531140   114A      1.724221   115A      1.765895  
     116A      1.783219   117A      1.857696   118A      1.894253  
     119A      1.898187   120A      1.910083   121A      1.930886  
     122A      1.943383   123A      1.953494   124A      1.953857  
     125A      1.995584   126A      2.030184   127A      2.048174  
     128A      2.125297   129A      2.147273   130A      2.160599  
     131A      2.197348   132A      2.202254   133A      2.209220  
     134A      2.281086   135A      2.282118   136A      2.302098  
     137A      2.328272   138A      2.340499   139A      2.379064  
     140A      2.418630   141A      2.606213   142A      2.614566  
     143A      2.619199   144A      2.620656   145A      2.641881  
     146A      2.673934   147A      2.720859   148A      2.752041  
     149A      2.782483   150A      2.833933   151A      2.857027  
     152A      2.877561   153A      2.940856   154A      3.097819  
     155A      3.352533   156A      3.475179   157A      4.080804  
     158A      4.094283   159A      4.118482   160A      4.121158  
     161A      4.150946   162A      4.262020   163A      4.350056  
     164A      4.400135   165A      4.516474   166A      4.800598  

    Final Occupation by Irrep:
              A 
    DOCC [    34 ]
    NA   [    34 ]
    NB   [    34 ]

  @DF-RKS Final Energy:  -385.89184073103877

   => Energetics <=

    Nuclear Repulsion Energy =            457.2029078062088274
    One-Electron Energy =               -1425.4538100905217561
    Two-Electron Energy =                 628.6663375043847282
    DFT Exchange-Correlation Energy =     -46.3072759511105687
    Empirical Dispersion Energy =           0.0000000000000000
    VV10 Nonlocal Energy =                  0.0000000000000000
    Total Energy =                       -385.8918407310387693

Computation Completed


Properties will be evaluated at   0.000000,   0.000000,   0.000000 [a0]

Properties computed using the SCF density matrix


 Multipole Moments:

 ------------------------------------------------------------------------------------
     Multipole            Electronic (a.u.)      Nuclear  (a.u.)        Total (a.u.)
 ------------------------------------------------------------------------------------

 L = 1.  Multiply by 2.5417464519 to convert [e a0] to [Debye]
 Dipole X            :         -0.0593847            0.0644899            0.0051052
 Dipole Y            :          0.0000000           -0.0000000            0.0000000
 Dipole Z            :         -0.0000000            0.0000000           -0.0000000
 Magnitude           :                                                    0.0051052

 ------------------------------------------------------------------------------------

*** tstop() called on Asus18 at Tue Sep 15 16:36:36 2026
Module time:
	user time   =        nan seconds =        nan minutes
	system time =        nan seconds =        nan minutes
	total time  =         14 seconds =       0.23 minutes
Total time:
	user time   =        nan seconds =        nan minutes
	system time =        nan seconds =        nan minutes
	total time  =        610 seconds =      10.17 minutes

Scratch directory: C:\Users\thebr\AppData\Local\Temp/
   => Libint2 <=

    Primary   basis highest AM E, G, H:  7, 6, -
    Auxiliary basis highest AM E, G, H:  7, 7, -
    Onebody   basis highest AM E, G, H:  -, -, -
    Solid Harmonics ordering:            Gaussian

*** tstart() called on Asus18
*** at Tue Sep 15 16:36:36 2026

   => Loading Basis Set <=

    Name: 6-31G*
    Role: ORBITAL
    Keyword: BASIS
    atoms 1-10  entry C          line   111 file C:\Users\thebr\.conda\envs\qc\Library\share\psi4\basis\6-31gs.gbs 
    atoms 11-18 entry H          line    44 file C:\Users\thebr\.conda\envs\qc\Library\share\psi4\basis\6-31gs.gbs 


         ---------------------------------------------------------
                                   SCF
               by Justin Turney, Rob Parrish, Andy Simmonett
                          and Daniel G. A. Smith
                              RKS Reference
                        8 Threads,   -562 MiB Core
         ---------------------------------------------------------

  ==> Geometry <==

    Molecular point group: c1
    Full point group: C2v

    Geometry (in Bohr), charge = 0, multiplicity = 1:

       Center              X                  Y                   Z               Mass       
    ------------   -----------------  -----------------  -----------------  -----------------
         C            4.590153914653     1.346904127634     0.000000000000    12.000000000000
         C            4.590153914653    -1.346904127634     0.000000000000    12.000000000000
         C            2.365537836388    -2.645235136949     0.000000000000    12.000000000000
         C           -0.003764517023    -1.354817557403     0.000000000000    12.000000000000
         C           -2.338974023298    -2.655453340431     0.000000000000    12.000000000000
         C           -4.607494285441    -1.330651237102     0.000000000000    12.000000000000
         C           -4.607494285441     1.330651237102     0.000000000000    12.000000000000
         C           -2.338974023298     2.655453340431     0.000000000000    12.000000000000
         C           -0.003764517023     1.354817557403     0.000000000000    12.000000000000
         C            2.365537836388     2.645235136949     0.000000000000    12.000000000000
         H            6.383464667936     2.345962641089     0.000000000000     1.007825032230
         H            6.383464667936    -2.345962641089     0.000000000000     1.007825032230
         H            2.315163258825    -4.699762996019     0.000000000000     1.007825032230
         H           -2.379071118943    -4.711788630545     0.000000000000     1.007825032230
         H           -6.384555295904    -2.361607860499     0.000000000000     1.007825032230
         H           -6.384555295904     2.361607860499     0.000000000000     1.007825032230
         H           -2.379071118943     4.711788630545     0.000000000000     1.007825032230
         H            2.315163258825     4.699762996019     0.000000000000     1.007825032230

  Running in c1 symmetry.

  Rotational constants: A =      0.10400  B =      0.04103  C =      0.02942 [cm^-1]
  Rotational constants: A =   3117.74096  B =   1229.99708  C =    882.02468 [MHz]
  Nuclear repulsion =  457.202907806208827

  Charge       = 0
  Multiplicity = 1
  Electrons    = 68
  Nalpha       = 34
  Nbeta        = 34

  ==> Algorithm <==

  SCF Algorithm Type is DF.
  DIIS enabled.
  MOM disabled.
  Fractional occupation disabled.
  Guess Type is SAD.
  Energy threshold   = 1.00e-10
  Density threshold  = 1.00e-08
  Integral threshold = 1.00e-12

  ==> Primary Basis <==

  Basis Set: 6-31G*
    Blend: 6-31G*
    Number of shells: 76
    Number of basis functions: 166
    Number of Cartesian functions: 166
    Spherical Harmonics?: false
    Max angular momentum: 2

  ==> DFT Potential <==

   => LibXC <=

    Version 7.1.2
    S. Lehtola, C. Steigemann, M. J. T. Oliveira, and M. A. L. Marques,  SoftwareX 7, 1–5 (2018) (10.1016/j.softx.2017.11.002)

   => Composite Functional: B3LYP <= 

    B3LYP Hyb-GGA Exchange-Correlation Functional

    P. J. Stephens, F. J. Devlin, C. F. Chabalowski, and M. J. Frisch,  J. Phys. Chem. 98, 11623 (1994) (10.1021/j100096a001)

    Deriv               =              1
    GGA                 =           TRUE
    Meta                =          FALSE

    Exchange Hybrid     =           TRUE
    MP2 Hybrid          =          FALSE

   => Exchange Functionals <=

    0.0800   Slater exchange
    0.7200         Becke 88

   => Exact (HF) Exchange <=

    0.2000               HF 

   => Correlation Functionals <=

    0.1900   Vosko, Wilk & Nusair (VWN5_RPA)
    0.8100   Lee, Yang & Parr

   => LibXC Density Thresholds  <==

    XC_HYB_GGA_XC_B3LYP:  1.00E-15 

   => Molecular Quadrature <=

    Radial Scheme          =       TREUTLER
    Pruning Scheme         =           NONE
    Nuclear Scheme         =       TREUTLER

    Blocking Scheme        =         OCTREE
    BS radius alpha        =              1
    Pruning alpha          =              1
    Radial Points          =             99
    Spherical Points       =            590
    Total Points           =         960054
    Total Blocks           =           6480
    Max Points             =            256
    Max Functions          =            159
    Weights Tolerance      =       1.00E-15

   => Loading Basis Set <=

    Name: (6-31G* AUX)
    Role: JKFIT
    Keyword: DF_BASIS_SCF
    atoms 1-10  entry C          line   121 file C:\Users\thebr\.conda\envs\qc\Library\share\psi4\basis\cc-pvdz-jkfit.gbs 
    atoms 11-18 entry H          line    51 file C:\Users\thebr\.conda\envs\qc\Library\share\psi4\basis\cc-pvdz-jkfit.gbs 

  ==> Integral Setup <==

  DFHelper Memory: AOs need 0.213 GiB; user supplied 2.424 GiB. 
  SCF_SUBTYPE=INCORE selected. In-core MEM_DF algorithm will be used.
  Using in-core AOs.

  ==> MemDFJK: Density-Fitted J/K Matrices <==

    J tasked:                   Yes
    K tasked:                   Yes
    wK tasked:                   No
    OpenMP threads:               8
    Memory [MiB]:              2482
    Algorithm:                 Core
    Schwarz Cutoff:           1E-12
    Mask sparsity (%):       4.9354
    Fitting Condition:        1E-10

   => Auxiliary Basis Set <=

  Basis Set: (6-31G* AUX)
    Blend: CC-PVDZ-JKFIT
    Number of shells: 312
    Number of basis functions: 1010
    Number of Cartesian functions: 1010
    Spherical Harmonics?: false
    Max angular momentum: 3

  Cached 100.0% of DFT collocation blocks in 3.164 [GiB].

  Minimum eigenvalue in the overlap matrix is 3.0904222549E-04.
  Reciprocal condition number of the overlap matrix is 3.9189868361E-05.
    Using symmetric orthogonalization.

  ==> Pre-Iterations <==

  SCF Guess: Superposition of Atomic Densities via on-the-fly atomic UHF (no occupation information).

   -------------------------
    Irrep   Nso     Nmo    
   -------------------------
     A        166     166 
   -------------------------
    Total     166     166
   -------------------------

  ==> Iterations <==

                           Total Energy        Delta E     RMS |[F,P]|

   @DF-RKS iter SAD:  -385.34461715124996   -3.85345e+02   0.00000e+00 
   @DF-RKS iter   1:  -385.43202436953720   -8.74072e-02   5.36199e-03 ADIIS/DIIS
   @DF-RKS iter   2:  -385.42085541550182    1.11690e-02   5.54860e-03 ADIIS/DIIS
   @DF-RKS iter   3:  -385.88601005117079   -4.65155e-01   6.41423e-04 ADIIS/DIIS
   @DF-RKS iter   4:  -385.88966510568719   -3.65505e-03   3.86031e-04 ADIIS/DIIS
   @DF-RKS iter   5:  -385.89169992698959   -2.03482e-03   9.75365e-05 DIIS
   @DF-RKS iter   6:  -385.89181101363846   -1.11087e-04   4.61979e-05 DIIS
   @DF-RKS iter   7:  -385.89184067539639   -2.96618e-05   1.86858e-06 DIIS
   @DF-RKS iter   8:  -385.89184072620094   -5.08045e-08   5.85616e-07 DIIS
   @DF-RKS iter   9:  -385.89184072972608   -3.52514e-09   3.10422e-07 DIIS
   @DF-RKS iter  10:  -385.89184073104684   -1.32076e-09   3.36647e-08 DIIS
   @DF-RKS iter  11:  -385.89184073106287   -1.60298e-11   7.50840e-09 DIIS
  Energy and wave function converged.


  ==> Post-Iterations <==

   Electrons on quadrature grid:
      Ntotal   =   68.0000016033 ; deviation = 1.603e-06 

    Orbital Energies [Eh]
    ---------------------

    Doubly Occupied:                                                      

       1A    -10.195534     2A    -10.195117     3A    -10.190131  
       4A    -10.189846     5A    -10.189458     6A    -10.189252  
       7A    -10.189009     8A    -10.188624     9A    -10.187747  
      10A    -10.187699    11A     -0.868594    12A     -0.816153  
      13A     -0.769127    14A     -0.736528    15A     -0.715061  
      16A     -0.621893    17A     -0.607317    18A     -0.592218  
      19A     -0.510886    20A     -0.508137    21A     -0.489621  
      22A     -0.446010    23A     -0.436261    24A     -0.415087  
      25A     -0.411877    26A     -0.397831    27A     -0.385432  
      28A     -0.366647    29A     -0.335415    30A     -0.327678  
      31A     -0.323078    32A     -0.281238    33A     -0.240274  
      34A     -0.212745  

    Virtual:                                                              

      35A     -0.035176    36A     -0.005312    37A      0.035993  
      38A      0.095022    39A      0.103075    40A      0.112931  
      41A      0.121666    42A      0.166059    43A      0.167318  
      44A      0.174757    45A      0.182723    46A      0.204045  
      47A      0.205701    48A      0.247058    49A      0.283254  
      50A      0.306705    51A      0.313282    52A      0.325422  
      53A      0.330137    54A      0.361896    55A      0.471834  
      56A      0.494322    57A      0.513788    58A      0.521482  
      59A      0.527801    60A      0.527915    61A      0.548229  
      62A      0.563301    63A      0.570843    64A      0.583741  
      65A      0.592081    66A      0.607004    67A      0.611697  
      68A      0.612965    69A      0.616097    70A      0.619701  
      71A      0.626811    72A      0.631001    73A      0.638773  
      74A      0.673972    75A      0.691006    76A      0.692949  
      77A      0.757402    78A      0.826277    79A      0.827741  
      80A      0.835598    81A      0.837065    82A      0.838360  
      83A      0.853996    84A      0.856850    85A      0.899077  
      86A      0.901993    87A      0.926104    88A      0.943880  
      89A      0.945536    90A      0.986476    91A      1.001260  
      92A      1.052346    93A      1.057983    94A      1.068983  
      95A      1.087267    96A      1.153291    97A      1.195153  
      98A      1.198749    99A      1.244176   100A      1.257192  
     101A      1.277010   102A      1.315323   103A      1.392008  
     104A      1.414433   105A      1.444794   106A      1.457845  
     107A      1.460181   108A      1.489974   109A      1.490424  
     110A      1.495308   111A      1.501205   112A      1.510331  
     113A      1.531140   114A      1.724221   115A      1.765895  
     116A      1.783219   117A      1.857696   118A      1.894253  
     119A      1.898187   120A      1.910083   121A      1.930886  
     122A      1.943383   123A      1.953494   124A      1.953857  
     125A      1.995584   126A      2.030184   127A      2.048174  
     128A      2.125297   129A      2.147273   130A      2.160599  
     131A      2.197348   132A      2.202254   133A      2.209220  
     134A      2.281086   135A      2.282118   136A      2.302098  
     137A      2.328272   138A      2.340499   139A      2.379064  
     140A      2.418630   141A      2.606213   142A      2.614566  
     143A      2.619199   144A      2.620656   145A      2.641881  
     146A      2.673934   147A      2.720859   148A      2.752041  
     149A      2.782483   150A      2.833933   151A      2.857027  
     152A      2.877561   153A      2.940856   154A      3.097819  
     155A      3.352533   156A      3.475179   157A      4.080804  
     158A      4.094283   159A      4.118482   160A      4.121158  
     161A      4.150946   162A      4.262020   163A      4.350056  
     164A      4.400135   165A      4.516474   166A      4.800598  

    Final Occupation by Irrep:
              A 
    DOCC [    34 ]
    NA   [    34 ]
    NB   [    34 ]

  @DF-RKS Final Energy:  -385.89184073106287

   => Energetics <=

    Nuclear Repulsion Energy =            457.2029078062088274
    One-Electron Energy =               -1425.4538100904630937
    Two-Electron Energy =                 628.6663375042862754
    DFT Exchange-Correlation Energy =     -46.3072759510948515
    Empirical Dispersion Energy =           0.0000000000000000
    VV10 Nonlocal Energy =                  0.0000000000000000
    Total Energy =                       -385.8918407310628709

Computation Completed


Properties will be evaluated at   0.000000,   0.000000,   0.000000 [a0]

Properties computed using the SCF density matrix


 Multipole Moments:

 ------------------------------------------------------------------------------------
     Multipole            Electronic (a.u.)      Nuclear  (a.u.)        Total (a.u.)
 ------------------------------------------------------------------------------------

 L = 1.  Multiply by 2.5417464519 to convert [e a0] to [Debye]
 Dipole X            :          0.0593847           -0.0644899           -0.0051052
 Dipole Y            :          0.0000000            0.0000000            0.0000000
 Dipole Z            :         -0.0000000            0.0000000           -0.0000000
 Magnitude           :                                                    0.0051052

 ------------------------------------------------------------------------------------

*** tstop() called on Asus18 at Tue Sep 15 16:36:49 2026
Module time:
	user time   =        nan seconds =        nan minutes
	system time =        nan seconds =        nan minutes
	total time  =         13 seconds =       0.22 minutes
Total time:
	user time   =        nan seconds =        nan minutes
	system time =        nan seconds =        nan minutes
	total time  =        623 seconds =      10.38 minutes

Scratch directory: C:\Users\thebr\AppData\Local\Temp/
   => Libint2 <=

    Primary   basis highest AM E, G, H:  7, 6, -
    Auxiliary basis highest AM E, G, H:  7, 7, -
    Onebody   basis highest AM E, G, H:  -, -, -
    Solid Harmonics ordering:            Gaussian

*** tstart() called on Asus18
*** at Tue Sep 15 16:36:49 2026

   => Loading Basis Set <=

    Name: 6-31G*
    Role: ORBITAL
    Keyword: BASIS
    atoms 1-10  entry C          line   111 file C:\Users\thebr\.conda\envs\qc\Library\share\psi4\basis\6-31gs.gbs 
    atoms 11-18 entry H          line    44 file C:\Users\thebr\.conda\envs\qc\Library\share\psi4\basis\6-31gs.gbs 


         ---------------------------------------------------------
                                   SCF
               by Justin Turney, Rob Parrish, Andy Simmonett
                          and Daniel G. A. Smith
                              RKS Reference
                        8 Threads,   -562 MiB Core
         ---------------------------------------------------------

  ==> Geometry <==

    Molecular point group: c1
    Full point group: C2v

    Geometry (in Bohr), charge = 0, multiplicity = 1:

       Center              X                  Y                   Z               Mass       
    ------------   -----------------  -----------------  -----------------  -----------------
         C            4.616164470836     1.322524791836     0.000000000000    12.000000000000
         C            4.616164470836    -1.322524791836     0.000000000000    12.000000000000
         C            2.325692116752    -2.660562442172     0.000000000000    12.000000000000
         C            0.007529034046    -1.354817557403     0.000000000000    12.000000000000
         C           -2.378819742934    -2.640126035208     0.000000000000    12.000000000000
         C           -4.581483729258    -1.355030572900     0.000000000000    12.000000000000
         C           -4.581483729258     1.355030572900     0.000000000000    12.000000000000
         C           -2.378819742934     2.640126035208     0.000000000000    12.000000000000
         C            0.007529034046     1.354817557403     0.000000000000    12.000000000000
         C            2.325692116752     2.660562442172     0.000000000000    12.000000000000
         H            6.385100609888     2.369430470204     0.000000000000     1.007825032230
         H            6.385100609888    -2.369430470204     0.000000000000     1.007825032230
         H            2.411025049003    -4.717801447808     0.000000000000     1.007825032230
         H           -2.283209328765    -4.693750178756     0.000000000000     1.007825032230
         H           -6.382919353952    -2.338140031384     0.000000000000     1.007825032230
         H           -6.382919353952     2.338140031384     0.000000000000     1.007825032230
         H           -2.283209328765     4.693750178756     0.000000000000     1.007825032230
         H            2.411025049003     4.717801447808     0.000000000000     1.007825032230

  Running in c1 symmetry.

  Rotational constants: A =      0.10399  B =      0.04103  C =      0.02942 [cm^-1]
  Rotational constants: A =   3117.66316  B =   1229.95550  C =    881.99708 [MHz]
  Nuclear repulsion =  457.214277114211029

  Charge       = 0
  Multiplicity = 1
  Electrons    = 68
  Nalpha       = 34
  Nbeta        = 34

  ==> Algorithm <==

  SCF Algorithm Type is DF.
  DIIS enabled.
  MOM disabled.
  Fractional occupation disabled.
  Guess Type is SAD.
  Energy threshold   = 1.00e-10
  Density threshold  = 1.00e-08
  Integral threshold = 1.00e-12

  ==> Primary Basis <==

  Basis Set: 6-31G*
    Blend: 6-31G*
    Number of shells: 76
    Number of basis functions: 166
    Number of Cartesian functions: 166
    Spherical Harmonics?: false
    Max angular momentum: 2

  ==> DFT Potential <==

   => LibXC <=

    Version 7.1.2
    S. Lehtola, C. Steigemann, M. J. T. Oliveira, and M. A. L. Marques,  SoftwareX 7, 1–5 (2018) (10.1016/j.softx.2017.11.002)

   => Composite Functional: B3LYP <= 

    B3LYP Hyb-GGA Exchange-Correlation Functional

    P. J. Stephens, F. J. Devlin, C. F. Chabalowski, and M. J. Frisch,  J. Phys. Chem. 98, 11623 (1994) (10.1021/j100096a001)

    Deriv               =              1
    GGA                 =           TRUE
    Meta                =          FALSE

    Exchange Hybrid     =           TRUE
    MP2 Hybrid          =          FALSE

   => Exchange Functionals <=

    0.0800   Slater exchange
    0.7200         Becke 88

   => Exact (HF) Exchange <=

    0.2000               HF 

   => Correlation Functionals <=

    0.1900   Vosko, Wilk & Nusair (VWN5_RPA)
    0.8100   Lee, Yang & Parr

   => LibXC Density Thresholds  <==

    XC_HYB_GGA_XC_B3LYP:  1.00E-15 

   => Molecular Quadrature <=

    Radial Scheme          =       TREUTLER
    Pruning Scheme         =           NONE
    Nuclear Scheme         =       TREUTLER

    Blocking Scheme        =         OCTREE
    BS radius alpha        =              1
    Pruning alpha          =              1
    Radial Points          =             99
    Spherical Points       =            590
    Total Points           =         960164
    Total Blocks           =           6492
    Max Points             =            256
    Max Functions          =            159
    Weights Tolerance      =       1.00E-15

   => Loading Basis Set <=

    Name: (6-31G* AUX)
    Role: JKFIT
    Keyword: DF_BASIS_SCF
    atoms 1-10  entry C          line   121 file C:\Users\thebr\.conda\envs\qc\Library\share\psi4\basis\cc-pvdz-jkfit.gbs 
    atoms 11-18 entry H          line    51 file C:\Users\thebr\.conda\envs\qc\Library\share\psi4\basis\cc-pvdz-jkfit.gbs 

  ==> Integral Setup <==

  DFHelper Memory: AOs need 0.213 GiB; user supplied 2.422 GiB. 
  SCF_SUBTYPE=INCORE selected. In-core MEM_DF algorithm will be used.
  Using in-core AOs.

  ==> MemDFJK: Density-Fitted J/K Matrices <==

    J tasked:                   Yes
    K tasked:                   Yes
    wK tasked:                   No
    OpenMP threads:               8
    Memory [MiB]:              2480
    Algorithm:                 Core
    Schwarz Cutoff:           1E-12
    Mask sparsity (%):       4.9354
    Fitting Condition:        1E-10

   => Auxiliary Basis Set <=

  Basis Set: (6-31G* AUX)
    Blend: CC-PVDZ-JKFIT
    Number of shells: 312
    Number of basis functions: 1010
    Number of Cartesian functions: 1010
    Spherical Harmonics?: false
    Max angular momentum: 3

  Cached 100.0% of DFT collocation blocks in 3.165 [GiB].

  Minimum eigenvalue in the overlap matrix is 3.0760351224E-04.
  Reciprocal condition number of the overlap matrix is 3.9003614425E-05.
    Using symmetric orthogonalization.

  ==> Pre-Iterations <==

  SCF Guess: Superposition of Atomic Densities via on-the-fly atomic UHF (no occupation information).

   -------------------------
    Irrep   Nso     Nmo    
   -------------------------
     A        166     166 
   -------------------------
    Total     166     166
   -------------------------

  ==> Iterations <==

                           Total Energy        Delta E     RMS |[F,P]|

   @DF-RKS iter SAD:  -385.34511204350832   -3.85345e+02   0.00000e+00 
   @DF-RKS iter   1:  -385.42815456620519   -8.30425e-02   5.37119e-03 ADIIS/DIIS
   @DF-RKS iter   2:  -385.41521762525440    1.29369e-02   5.56725e-03 ADIIS/DIIS
   @DF-RKS iter   3:  -385.88329242021513   -4.68075e-01   6.55935e-04 ADIIS/DIIS
   @DF-RKS iter   4:  -385.88712955076420   -3.83713e-03   3.94761e-04 ADIIS/DIIS
   @DF-RKS iter   5:  -385.88928135786210   -2.15181e-03   9.77709e-05 DIIS
   @DF-RKS iter   6:  -385.88939420686074   -1.12849e-04   4.63639e-05 DIIS
   @DF-RKS iter   7:  -385.88942423554539   -3.00287e-05   2.06029e-06 DIIS
   @DF-RKS iter   8:  -385.88942428751409   -5.19687e-08   1.01663e-06 DIIS
   @DF-RKS iter   9:  -385.88942430101559   -1.35015e-08   2.87497e-07 DIIS
   @DF-RKS iter  10:  -385.88942430217514   -1.15955e-09   6.35869e-08 DIIS
   @DF-RKS iter  11:  -385.88942430221482   -3.96767e-11   3.97844e-08 DIIS
   @DF-RKS iter  12:  -385.88942430224176   -2.69438e-11   3.46612e-09 DIIS
  Energy and wave function converged.


  ==> Post-Iterations <==

   Electrons on quadrature grid:
      Ntotal   =   68.0000014367 ; deviation = 1.437e-06 

    Orbital Energies [Eh]
    ---------------------

    Doubly Occupied:                                                      

       1A    -10.195520     2A    -10.195103     3A    -10.190713  
       4A    -10.190599     5A    -10.190181     6A    -10.189772  
       7A    -10.188369     8A    -10.187996     9A    -10.186863  
      10A    -10.186830    11A     -0.868672    12A     -0.816216  
      13A     -0.769282    14A     -0.736640    15A     -0.715178  
      16A     -0.621784    17A     -0.607284    18A     -0.592085  
      19A     -0.510898    20A     -0.508116    21A     -0.489718  
      22A     -0.446057    23A     -0.436321    24A     -0.415853  
      25A     -0.412039    26A     -0.396775    27A     -0.385499  
      28A     -0.366677    29A     -0.334861    30A     -0.326844  
      31A     -0.323167    32A     -0.281419    33A     -0.240459  
      34A     -0.212936  

    Virtual:                                                              

      35A     -0.035014    36A     -0.005074    37A      0.036213  
      38A      0.094856    39A      0.103244    40A      0.112774  
      41A      0.121394    42A      0.165970    43A      0.166134  
      44A      0.175264    45A      0.182389    46A      0.204154  
      47A      0.204851    48A      0.247386    49A      0.280464  
      50A      0.304311    51A      0.315956    52A      0.324270  
      53A      0.332856    54A      0.362987    55A      0.471460  
      56A      0.493868    57A      0.513523    58A      0.520352  
      59A      0.527470    60A      0.528900    61A      0.548064  
      62A      0.563871    63A      0.570672    64A      0.582308  
      65A      0.592329    66A      0.603880    67A      0.608458  
      68A      0.611694    69A      0.620381    70A      0.620800  
      71A      0.626710    72A      0.635517    73A      0.639864  
      74A      0.674067    75A      0.691125    76A      0.692955  
      77A      0.757511    78A      0.825940    79A      0.827171  
      80A      0.835619    81A      0.836349    82A      0.838909  
      83A      0.853676    84A      0.856981    85A      0.897738  
      86A      0.902767    87A      0.926478    88A      0.943666  
      89A      0.945793    90A      0.987072    91A      1.001492  
      92A      1.051814    93A      1.057913    94A      1.069637  
      95A      1.087428    96A      1.154185    97A      1.195259  
      98A      1.199887    99A      1.244533   100A      1.257574  
     101A      1.277612   102A      1.315938   103A      1.392303  
     104A      1.414869   105A      1.445048   106A      1.457965  
     107A      1.460669   108A      1.489435   109A      1.490447  
     110A      1.495783   111A      1.502412   112A      1.510986  
     113A      1.531073   114A      1.721797   115A      1.758500  
     116A      1.791390   117A      1.857316   118A      1.893904  
     119A      1.896907   120A      1.910433   121A      1.931834  
     122A      1.938355   123A      1.953786   124A      1.958342  
     125A      1.995447   126A      2.028365   127A      2.046515  
     128A      2.128162   129A      2.148659   130A      2.159315  
     131A      2.193288   132A      2.199892   133A      2.211866  
     134A      2.283580   135A      2.283785   136A      2.302845  
     137A      2.325840   138A      2.346212   139A      2.379615  
     140A      2.417120   141A      2.600709   142A      2.614062  
     143A      2.619329   144A      2.626226   145A      2.642820  
     146A      2.674840   147A      2.722097   148A      2.751657  
     149A      2.783411   150A      2.835423   151A      2.857502  
     152A      2.878732   153A      2.941792   154A      3.098236  
     155A      3.352334   156A      3.475631   157A      4.079609  
     158A      4.095341   159A      4.117864   160A      4.120749  
     161A      4.151525   162A      4.262533   163A      4.350351  
     164A      4.400333   165A      4.516568   166A      4.800635  

    Final Occupation by Irrep:
              A 
    DOCC [    34 ]
    NA   [    34 ]
    NB   [    34 ]

  @DF-RKS Final Energy:  -385.88942430224176

   => Energetics <=

    Nuclear Repulsion Energy =            457.2142771142110291
    One-Electron Energy =               -1425.4729320871840628
    Two-Electron Energy =                 628.6770561438880804
    DFT Exchange-Correlation Energy =     -46.3078254731567398
    Empirical Dispersion Energy =           0.0000000000000000
    VV10 Nonlocal Energy =                  0.0000000000000000
    Total Energy =                       -385.8894243022417641

Computation Completed


Properties will be evaluated at   0.000000,   0.000000,   0.000000 [a0]

Properties computed using the SCF density matrix


 Multipole Moments:

 ------------------------------------------------------------------------------------
     Multipole            Electronic (a.u.)      Nuclear  (a.u.)        Total (a.u.)
 ------------------------------------------------------------------------------------

 L = 1.  Multiply by 2.5417464519 to convert [e a0] to [Debye]
 Dipole X            :         -0.1187955            0.1289797            0.0101843
 Dipole Y            :          0.0000000            0.0000000            0.0000000
 Dipole Z            :          0.0000000            0.0000000            0.0000000
 Magnitude           :                                                    0.0101843

 ------------------------------------------------------------------------------------

*** tstop() called on Asus18 at Tue Sep 15 16:37:04 2026
Module time:
	user time   =        nan seconds =        nan minutes
	system time =        nan seconds =        nan minutes
	total time  =         15 seconds =       0.25 minutes
Total time:
	user time   =        nan seconds =        nan minutes
	system time =        nan seconds =        nan minutes
	total time  =        638 seconds =      10.63 minutes

Scratch directory: C:\Users\thebr\AppData\Local\Temp/
   => Libint2 <=

    Primary   basis highest AM E, G, H:  7, 6, -
    Auxiliary basis highest AM E, G, H:  7, 7, -
    Onebody   basis highest AM E, G, H:  -, -, -
    Solid Harmonics ordering:            Gaussian

*** tstart() called on Asus18
*** at Tue Sep 15 16:37:04 2026

   => Loading Basis Set <=

    Name: 6-31G*
    Role: ORBITAL
    Keyword: BASIS
    atoms 1-10  entry C          line   111 file C:\Users\thebr\.conda\envs\qc\Library\share\psi4\basis\6-31gs.gbs 
    atoms 11-18 entry H          line    44 file C:\Users\thebr\.conda\envs\qc\Library\share\psi4\basis\6-31gs.gbs 


         ---------------------------------------------------------
                                   SCF
               by Justin Turney, Rob Parrish, Andy Simmonett
                          and Daniel G. A. Smith
                              RKS Reference
                        8 Threads,   -562 MiB Core
         ---------------------------------------------------------

  ==> Geometry <==

    Molecular point group: c1
    Full point group: C2v

    Geometry (in Bohr), charge = 0, multiplicity = 1:

       Center              X                  Y                   Z               Mass       
    ------------   -----------------  -----------------  -----------------  -----------------
         C            4.581483729258     1.355030572900     0.000000000000    12.000000000000
         C            4.581483729258    -1.355030572900     0.000000000000    12.000000000000
         C            2.378819742934    -2.640126035208     0.000000000000    12.000000000000
         C           -0.007529034046    -1.354817557403     0.000000000000    12.000000000000
         C           -2.325692116752    -2.660562442172     0.000000000000    12.000000000000
         C           -4.616164470836    -1.322524791836     0.000000000000    12.000000000000
         C           -4.616164470836     1.322524791836     0.000000000000    12.000000000000
         C           -2.325692116752     2.660562442172     0.000000000000    12.000000000000
         C           -0.007529034046     1.354817557403     0.000000000000    12.000000000000
         C            2.378819742934     2.640126035208     0.000000000000    12.000000000000
         H            6.382919353952     2.338140031384     0.000000000000     1.007825032230
         H            6.382919353952    -2.338140031384     0.000000000000     1.007825032230
         H            2.283209328765    -4.693750178756     0.000000000000     1.007825032230
         H           -2.411025049003    -4.717801447808     0.000000000000     1.007825032230
         H           -6.385100609888    -2.369430470204     0.000000000000     1.007825032230
         H           -6.385100609888     2.369430470204     0.000000000000     1.007825032230
         H           -2.411025049003     4.717801447808     0.000000000000     1.007825032230
         H            2.283209328765     4.693750178756     0.000000000000     1.007825032230

  Running in c1 symmetry.

  Rotational constants: A =      0.10399  B =      0.04103  C =      0.02942 [cm^-1]
  Rotational constants: A =   3117.66316  B =   1229.95550  C =    881.99708 [MHz]
  Nuclear repulsion =  457.214277114210972

  Charge       = 0
  Multiplicity = 1
  Electrons    = 68
  Nalpha       = 34
  Nbeta        = 34

  ==> Algorithm <==

  SCF Algorithm Type is DF.
  DIIS enabled.
  MOM disabled.
  Fractional occupation disabled.
  Guess Type is SAD.
  Energy threshold   = 1.00e-10
  Density threshold  = 1.00e-08
  Integral threshold = 1.00e-12

  ==> Primary Basis <==

  Basis Set: 6-31G*
    Blend: 6-31G*
    Number of shells: 76
    Number of basis functions: 166
    Number of Cartesian functions: 166
    Spherical Harmonics?: false
    Max angular momentum: 2

  ==> DFT Potential <==

   => LibXC <=

    Version 7.1.2
    S. Lehtola, C. Steigemann, M. J. T. Oliveira, and M. A. L. Marques,  SoftwareX 7, 1–5 (2018) (10.1016/j.softx.2017.11.002)

   => Composite Functional: B3LYP <= 

    B3LYP Hyb-GGA Exchange-Correlation Functional

    P. J. Stephens, F. J. Devlin, C. F. Chabalowski, and M. J. Frisch,  J. Phys. Chem. 98, 11623 (1994) (10.1021/j100096a001)

    Deriv               =              1
    GGA                 =           TRUE
    Meta                =          FALSE

    Exchange Hybrid     =           TRUE
    MP2 Hybrid          =          FALSE

   => Exchange Functionals <=

    0.0800   Slater exchange
    0.7200         Becke 88

   => Exact (HF) Exchange <=

    0.2000               HF 

   => Correlation Functionals <=

    0.1900   Vosko, Wilk & Nusair (VWN5_RPA)
    0.8100   Lee, Yang & Parr

   => LibXC Density Thresholds  <==

    XC_HYB_GGA_XC_B3LYP:  1.00E-15 

   => Molecular Quadrature <=

    Radial Scheme          =       TREUTLER
    Pruning Scheme         =           NONE
    Nuclear Scheme         =       TREUTLER

    Blocking Scheme        =         OCTREE
    BS radius alpha        =              1
    Pruning alpha          =              1
    Radial Points          =             99
    Spherical Points       =            590
    Total Points           =         960164
    Total Blocks           =           6492
    Max Points             =            256
    Max Functions          =            159
    Weights Tolerance      =       1.00E-15

   => Loading Basis Set <=

    Name: (6-31G* AUX)
    Role: JKFIT
    Keyword: DF_BASIS_SCF
    atoms 1-10  entry C          line   121 file C:\Users\thebr\.conda\envs\qc\Library\share\psi4\basis\cc-pvdz-jkfit.gbs 
    atoms 11-18 entry H          line    51 file C:\Users\thebr\.conda\envs\qc\Library\share\psi4\basis\cc-pvdz-jkfit.gbs 

  ==> Integral Setup <==

  DFHelper Memory: AOs need 0.213 GiB; user supplied 2.422 GiB. 
  SCF_SUBTYPE=INCORE selected. In-core MEM_DF algorithm will be used.
  Using in-core AOs.

  ==> MemDFJK: Density-Fitted J/K Matrices <==

    J tasked:                   Yes
    K tasked:                   Yes
    wK tasked:                   No
    OpenMP threads:               8
    Memory [MiB]:              2480
    Algorithm:                 Core
    Schwarz Cutoff:           1E-12
    Mask sparsity (%):       4.9354
    Fitting Condition:        1E-10

   => Auxiliary Basis Set <=

  Basis Set: (6-31G* AUX)
    Blend: CC-PVDZ-JKFIT
    Number of shells: 312
    Number of basis functions: 1010
    Number of Cartesian functions: 1010
    Spherical Harmonics?: false
    Max angular momentum: 3

  Cached 100.0% of DFT collocation blocks in 3.165 [GiB].

  Minimum eigenvalue in the overlap matrix is 3.0760351224E-04.
  Reciprocal condition number of the overlap matrix is 3.9003614425E-05.
    Using symmetric orthogonalization.

  ==> Pre-Iterations <==

  SCF Guess: Superposition of Atomic Densities via on-the-fly atomic UHF (no occupation information).

   -------------------------
    Irrep   Nso     Nmo    
   -------------------------
     A        166     166 
   -------------------------
    Total     166     166
   -------------------------

  ==> Iterations <==

                           Total Energy        Delta E     RMS |[F,P]|

   @DF-RKS iter SAD:  -385.34511204202556   -3.85345e+02   0.00000e+00 
   @DF-RKS iter   1:  -385.42815456472124   -8.30425e-02   5.37119e-03 ADIIS/DIIS
   @DF-RKS iter   2:  -385.41521762378545    1.29369e-02   5.56725e-03 ADIIS/DIIS
   @DF-RKS iter   3:  -385.88329241871276   -4.68075e-01   6.55935e-04 ADIIS/DIIS
   @DF-RKS iter   4:  -385.88712954925711   -3.83713e-03   3.94761e-04 ADIIS/DIIS
   @DF-RKS iter   5:  -385.88928135635285   -2.15181e-03   9.77709e-05 DIIS
   @DF-RKS iter   6:  -385.88939420535115   -1.12849e-04   4.63639e-05 DIIS
   @DF-RKS iter   7:  -385.88942423403631   -3.00287e-05   2.06029e-06 DIIS
   @DF-RKS iter   8:  -385.88942428600512   -5.19688e-08   1.01663e-06 DIIS
   @DF-RKS iter   9:  -385.88942429950708   -1.35020e-08   2.87497e-07 DIIS
   @DF-RKS iter  10:  -385.88942430066680   -1.15972e-09   6.35869e-08 DIIS
   @DF-RKS iter  11:  -385.88942430070563   -3.88241e-11   3.97844e-08 DIIS
   @DF-RKS iter  12:  -385.88942430073206   -2.64322e-11   3.46612e-09 DIIS
  Energy and wave function converged.


  ==> Post-Iterations <==

   Electrons on quadrature grid:
      Ntotal   =   68.0000014367 ; deviation = 1.437e-06 

    Orbital Energies [Eh]
    ---------------------

    Doubly Occupied:                                                      

       1A    -10.195520     2A    -10.195103     3A    -10.190713  
       4A    -10.190599     5A    -10.190181     6A    -10.189772  
       7A    -10.188369     8A    -10.187996     9A    -10.186863  
      10A    -10.186830    11A     -0.868672    12A     -0.816216  
      13A     -0.769282    14A     -0.736640    15A     -0.715178  
      16A     -0.621784    17A     -0.607284    18A     -0.592085  
      19A     -0.510898    20A     -0.508116    21A     -0.489718  
      22A     -0.446057    23A     -0.436321    24A     -0.415853  
      25A     -0.412039    26A     -0.396775    27A     -0.385499  
      28A     -0.366677    29A     -0.334861    30A     -0.326844  
      31A     -0.323167    32A     -0.281419    33A     -0.240459  
      34A     -0.212936  

    Virtual:                                                              

      35A     -0.035014    36A     -0.005074    37A      0.036213  
      38A      0.094856    39A      0.103244    40A      0.112774  
      41A      0.121394    42A      0.165970    43A      0.166134  
      44A      0.175264    45A      0.182389    46A      0.204154  
      47A      0.204851    48A      0.247386    49A      0.280464  
      50A      0.304311    51A      0.315956    52A      0.324270  
      53A      0.332856    54A      0.362987    55A      0.471460  
      56A      0.493868    57A      0.513523    58A      0.520352  
      59A      0.527470    60A      0.528900    61A      0.548064  
      62A      0.563871    63A      0.570672    64A      0.582308  
      65A      0.592329    66A      0.603880    67A      0.608458  
      68A      0.611694    69A      0.620381    70A      0.620800  
      71A      0.626710    72A      0.635517    73A      0.639864  
      74A      0.674067    75A      0.691125    76A      0.692955  
      77A      0.757511    78A      0.825940    79A      0.827171  
      80A      0.835619    81A      0.836349    82A      0.838909  
      83A      0.853676    84A      0.856981    85A      0.897738  
      86A      0.902767    87A      0.926478    88A      0.943666  
      89A      0.945793    90A      0.987072    91A      1.001492  
      92A      1.051814    93A      1.057913    94A      1.069637  
      95A      1.087428    96A      1.154185    97A      1.195259  
      98A      1.199887    99A      1.244533   100A      1.257574  
     101A      1.277612   102A      1.315938   103A      1.392303  
     104A      1.414869   105A      1.445048   106A      1.457965  
     107A      1.460669   108A      1.489435   109A      1.490447  
     110A      1.495783   111A      1.502412   112A      1.510986  
     113A      1.531073   114A      1.721797   115A      1.758500  
     116A      1.791390   117A      1.857316   118A      1.893904  
     119A      1.896907   120A      1.910433   121A      1.931834  
     122A      1.938355   123A      1.953786   124A      1.958342  
     125A      1.995447   126A      2.028365   127A      2.046515  
     128A      2.128162   129A      2.148659   130A      2.159315  
     131A      2.193288   132A      2.199892   133A      2.211866  
     134A      2.283580   135A      2.283785   136A      2.302845  
     137A      2.325840   138A      2.346212   139A      2.379615  
     140A      2.417120   141A      2.600709   142A      2.614062  
     143A      2.619329   144A      2.626226   145A      2.642820  
     146A      2.674840   147A      2.722097   148A      2.751657  
     149A      2.783411   150A      2.835423   151A      2.857502  
     152A      2.878732   153A      2.941792   154A      3.098236  
     155A      3.352334   156A      3.475631   157A      4.079609  
     158A      4.095341   159A      4.117864   160A      4.120749  
     161A      4.151525   162A      4.262533   163A      4.350351  
     164A      4.400333   165A      4.516568   166A      4.800635  

    Final Occupation by Irrep:
              A 
    DOCC [    34 ]
    NA   [    34 ]
    NB   [    34 ]

  @DF-RKS Final Energy:  -385.88942430073206

   => Energetics <=

    Nuclear Repulsion Energy =            457.2142771142109723
    One-Electron Energy =               -1425.4729320861727047
    Two-Electron Energy =                 628.6770561443602219
    DFT Exchange-Correlation Energy =     -46.3078254731305705
    Empirical Dispersion Energy =           0.0000000000000000
    VV10 Nonlocal Energy =                  0.0000000000000000
    Total Energy =                       -385.8894243007320597

Computation Completed


Properties will be evaluated at   0.000000,   0.000000,   0.000000 [a0]

Properties computed using the SCF density matrix


 Multipole Moments:

 ------------------------------------------------------------------------------------
     Multipole            Electronic (a.u.)      Nuclear  (a.u.)        Total (a.u.)
 ------------------------------------------------------------------------------------

 L = 1.  Multiply by 2.5417464519 to convert [e a0] to [Debye]
 Dipole X            :          0.1187955           -0.1289797           -0.0101843
 Dipole Y            :          0.0000000           -0.0000000            0.0000000
 Dipole Z            :         -0.0000000            0.0000000           -0.0000000
 Magnitude           :                                                    0.0101843

 ------------------------------------------------------------------------------------

*** tstop() called on Asus18 at Tue Sep 15 16:37:18 2026
Module time:
	user time   =        nan seconds =        nan minutes
	system time =        nan seconds =        nan minutes
	total time  =         14 seconds =       0.23 minutes
Total time:
	user time   =        nan seconds =        nan minutes
	system time =        nan seconds =        nan minutes
	total time  =        652 seconds =      10.87 minutes

Scratch directory: C:\Users\thebr\AppData\Local\Temp/
   => Libint2 <=

    Primary   basis highest AM E, G, H:  7, 6, -
    Auxiliary basis highest AM E, G, H:  7, 7, -
    Onebody   basis highest AM E, G, H:  -, -, -
    Solid Harmonics ordering:            Gaussian

*** tstart() called on Asus18
*** at Tue Sep 15 16:37:18 2026

   => Loading Basis Set <=

    Name: 6-31G*
    Role: ORBITAL
    Keyword: BASIS
    atoms 1-10  entry C          line   111 file C:\Users\thebr\.conda\envs\qc\Library\share\psi4\basis\6-31gs.gbs 
    atoms 11-18 entry H          line    44 file C:\Users\thebr\.conda\envs\qc\Library\share\psi4\basis\6-31gs.gbs 


         ---------------------------------------------------------
                                   SCF
               by Justin Turney, Rob Parrish, Andy Simmonett
                          and Daniel G. A. Smith
                              RKS Reference
                        8 Threads,   -562 MiB Core
         ---------------------------------------------------------

  ==> Geometry <==

    Molecular point group: c1
    Full point group: C2v

    Geometry (in Bohr), charge = 0, multiplicity = 1:

       Center              X                  Y                   Z               Mass       
    ------------   -----------------  -----------------  -----------------  -----------------
         C            4.607494285441     1.330651237102     0.000000000000    12.000000000000
         C            4.607494285441    -1.330651237102     0.000000000000    12.000000000000
         C            2.338974023298    -2.655453340431     0.000000000000    12.000000000000
         C            0.003764517023    -1.354817557403     0.000000000000    12.000000000000
         C           -2.365537836388    -2.645235136949     0.000000000000    12.000000000000
         C           -4.590153914653    -1.346904127634     0.000000000000    12.000000000000
         C           -4.590153914653     1.346904127634     0.000000000000    12.000000000000
         C           -2.365537836388     2.645235136949     0.000000000000    12.000000000000
         C            0.003764517023     1.354817557403     0.000000000000    12.000000000000
         C            2.338974023298     2.655453340431     0.000000000000    12.000000000000
         H            6.384555295904     2.361607860499     0.000000000000     1.007825032230
         H            6.384555295904    -2.361607860499     0.000000000000     1.007825032230
         H            2.379071118943    -4.711788630545     0.000000000000     1.007825032230
         H           -2.315163258825    -4.699762996019     0.000000000000     1.007825032230
         H           -6.383464667936    -2.345962641089     0.000000000000     1.007825032230
         H           -6.383464667936     2.345962641089     0.000000000000     1.007825032230
         H           -2.315163258825     4.699762996019     0.000000000000     1.007825032230
         H            2.379071118943     4.711788630545     0.000000000000     1.007825032230

  Running in c1 symmetry.

  Rotational constants: A =      0.10400  B =      0.04103  C =      0.02942 [cm^-1]
  Rotational constants: A =   3117.74096  B =   1229.99708  C =    882.02468 [MHz]
  Nuclear repulsion =  457.202907806208827

  Charge       = 0
  Multiplicity = 1
  Electrons    = 68
  Nalpha       = 34
  Nbeta        = 34

  ==> Algorithm <==

  SCF Algorithm Type is DF.
  DIIS enabled.
  MOM disabled.
  Fractional occupation disabled.
  Guess Type is SAD.
  Energy threshold   = 1.00e-10
  Density threshold  = 1.00e-08
  Integral threshold = 1.00e-12

  ==> Primary Basis <==

  Basis Set: 6-31G*
    Blend: 6-31G*
    Number of shells: 76
    Number of basis functions: 166
    Number of Cartesian functions: 166
    Spherical Harmonics?: false
    Max angular momentum: 2

  ==> DFT Potential <==

   => LibXC <=

    Version 7.1.2
    S. Lehtola, C. Steigemann, M. J. T. Oliveira, and M. A. L. Marques,  SoftwareX 7, 1–5 (2018) (10.1016/j.softx.2017.11.002)

   => Composite Functional: BHANDHLYP <= 

    BHandHLYP Hyb-GGA Exchange-Correlation Functional

    A. D. Becke,  J. Chem. Phys. 98, 1372 (1993) (10.1063/1.464304)
    Defined through Gaussian implementation.

    Deriv               =              1
    GGA                 =           TRUE
    Meta                =          FALSE

    Exchange Hybrid     =           TRUE
    MP2 Hybrid          =          FALSE

   => Exchange Functionals <=

    0.5000         Becke 88

   => Exact (HF) Exchange <=

    0.5000               HF 

   => Correlation Functionals <=

    1.0000   Lee, Yang & Parr

   => LibXC Density Thresholds  <==

    XC_HYB_GGA_XC_BHANDHLYP:  1.00E-15 

   => Molecular Quadrature <=

    Radial Scheme          =       TREUTLER
    Pruning Scheme         =           NONE
    Nuclear Scheme         =       TREUTLER

    Blocking Scheme        =         OCTREE
    BS radius alpha        =              1
    Pruning alpha          =              1
    Radial Points          =             99
    Spherical Points       =            590
    Total Points           =         960054
    Total Blocks           =           6480
    Max Points             =            256
    Max Functions          =            159
    Weights Tolerance      =       1.00E-15

   => Loading Basis Set <=

    Name: (6-31G* AUX)
    Role: JKFIT
    Keyword: DF_BASIS_SCF
    atoms 1-10  entry C          line   121 file C:\Users\thebr\.conda\envs\qc\Library\share\psi4\basis\cc-pvdz-jkfit.gbs 
    atoms 11-18 entry H          line    51 file C:\Users\thebr\.conda\envs\qc\Library\share\psi4\basis\cc-pvdz-jkfit.gbs 

  ==> Integral Setup <==

  DFHelper Memory: AOs need 0.213 GiB; user supplied 2.424 GiB. 
  SCF_SUBTYPE=INCORE selected. In-core MEM_DF algorithm will be used.
  Using in-core AOs.

  ==> MemDFJK: Density-Fitted J/K Matrices <==

    J tasked:                   Yes
    K tasked:                   Yes
    wK tasked:                   No
    OpenMP threads:               8
    Memory [MiB]:              2482
    Algorithm:                 Core
    Schwarz Cutoff:           1E-12
    Mask sparsity (%):       4.9354
    Fitting Condition:        1E-10

   => Auxiliary Basis Set <=

  Basis Set: (6-31G* AUX)
    Blend: CC-PVDZ-JKFIT
    Number of shells: 312
    Number of basis functions: 1010
    Number of Cartesian functions: 1010
    Spherical Harmonics?: false
    Max angular momentum: 3

  Cached 100.0% of DFT collocation blocks in 3.164 [GiB].

  Minimum eigenvalue in the overlap matrix is 3.0904222549E-04.
  Reciprocal condition number of the overlap matrix is 3.9189868361E-05.
    Using symmetric orthogonalization.

  ==> Pre-Iterations <==

  SCF Guess: Superposition of Atomic Densities via on-the-fly atomic UHF (no occupation information).

   -------------------------
    Irrep   Nso     Nmo    
   -------------------------
     A        166     166 
   -------------------------
    Total     166     166
   -------------------------

  ==> Iterations <==

                           Total Energy        Delta E     RMS |[F,P]|

   @DF-RKS iter SAD:  -384.99070412316848   -3.84991e+02   0.00000e+00 
   @DF-RKS iter   1:  -385.39536784029860   -4.04664e-01   3.95456e-03 ADIIS/DIIS
   @DF-RKS iter   2:  -385.52995942159646   -1.34592e-01   2.84737e-03 ADIIS/DIIS
   @DF-RKS iter   3:  -385.64828661184339   -1.18327e-01   2.98870e-04 ADIIS/DIIS
   @DF-RKS iter   4:  -385.64911087253608   -8.24261e-04   1.76653e-04 ADIIS/DIIS
   @DF-RKS iter   5:  -385.64954190359640   -4.31031e-04   4.23266e-05 DIIS
   @DF-RKS iter   6:  -385.64956579230306   -2.38887e-05   1.53114e-05 DIIS
   @DF-RKS iter   7:  -385.64956912050843   -3.32821e-06   1.24483e-06 DIIS
   @DF-RKS iter   8:  -385.64956920021262   -7.97042e-08   3.65305e-07 DIIS
   @DF-RKS iter   9:  -385.64956920568056   -5.46794e-09   2.84075e-07 DIIS
   @DF-RKS iter  10:  -385.64956920744504   -1.76448e-09   6.08474e-08 DIIS
   @DF-RKS iter  11:  -385.64956920755435   -1.09310e-10   2.08961e-08 DIIS
   @DF-RKS iter  12:  -385.64956920756174   -7.38964e-12   7.43131e-09 DIIS
  Energy and wave function converged.


  ==> Post-Iterations <==

   Electrons on quadrature grid:
      Ntotal   =   68.0000015517 ; deviation = 1.552e-06 

    Orbital Energies [Eh]
    ---------------------

    Doubly Occupied:                                                      

       1A    -10.602919     2A    -10.602288     3A    -10.597127  
       4A    -10.596869     5A    -10.596296     6A    -10.595841  
       7A    -10.595797     8A    -10.595327     9A    -10.594507  
      10A    -10.594335    11A     -0.989491    12A     -0.931872  
      13A     -0.880574    14A     -0.844385    15A     -0.820842  
      16A     -0.715041    17A     -0.699160    18A     -0.680299  
      19A     -0.588844    20A     -0.587479    21A     -0.566028  
      22A     -0.518652    23A     -0.507520    24A     -0.484095  
      25A     -0.482197    26A     -0.466017    27A     -0.446374  
      28A     -0.431528    29A     -0.398446    30A     -0.388879  
      31A     -0.375684    32A     -0.326397    33A     -0.275504  
      34A     -0.246590  

    Virtual:                                                              

      35A      0.006669    36A      0.037744    37A      0.087254  
      38A      0.141187    39A      0.160120    40A      0.165138  
      41A      0.168135    42A      0.212976    43A      0.216203  
      44A      0.222809    45A      0.233764    46A      0.255821  
      47A      0.276825    48A      0.302332    49A      0.342133  
      50A      0.366799    51A      0.372555    52A      0.380481  
      53A      0.390251    54A      0.422576    55A      0.535799  
      56A      0.573755    57A      0.589552    58A      0.591917  
      59A      0.595715    60A      0.606155    61A      0.624166  
      62A      0.624887    63A      0.648249    64A      0.660476  
      65A      0.661609    66A      0.682847    67A      0.691911  
      68A      0.692362    69A      0.693859    70A      0.697603  
      71A      0.705123    72A      0.708120    73A      0.716282  
      74A      0.756608    75A      0.772851    76A      0.774002  
      77A      0.839984    78A      0.917181    79A      0.918238  
      80A      0.920739    81A      0.928143    82A      0.930354  
      83A      0.947624    84A      0.947812    85A      0.984516  
      86A      0.987242    87A      1.019165    88A      1.024193  
      89A      1.030635    90A      1.072738    91A      1.085175  
      92A      1.128855    93A      1.133665    94A      1.147006  
      95A      1.173242    96A      1.236964    97A      1.282279  
      98A      1.287200    99A      1.332216   100A      1.345466  
     101A      1.364124   102A      1.401265   103A      1.485545  
     104A      1.508145   105A      1.532961   106A      1.549350  
     107A      1.552894   108A      1.581285   109A      1.587119  
     110A      1.592298   111A      1.598670   112A      1.608233  
     113A      1.621870   114A      1.824638   115A      1.869776  
     116A      1.887089   117A      1.960815   118A      1.995222  
     119A      2.002024   120A      2.005144   121A      2.041163  
     122A      2.054591   123A      2.063752   124A      2.066130  
     125A      2.102857   126A      2.143449   127A      2.162978  
     128A      2.237015   129A      2.258598   130A      2.272933  
     131A      2.309376   132A      2.314807   133A      2.321248  
     134A      2.393327   135A      2.396497   136A      2.415625  
     137A      2.444034   138A      2.456099   139A      2.495377  
     140A      2.533585   141A      2.729581   142A      2.731632  
     143A      2.739738   144A      2.744015   145A      2.763534  
     146A      2.795416   147A      2.839883   148A      2.872449  
     149A      2.905177   150A      2.962022   151A      2.978382  
     152A      3.007525   153A      3.070232   154A      3.223885  
     155A      3.486378   156A      3.610848   157A      4.229779  
     158A      4.242987   159A      4.266717   160A      4.269375  
     161A      4.299082   162A      4.410251   163A      4.498883  
     164A      4.548895   165A      4.666134   166A      4.951632  

    Final Occupation by Irrep:
              A 
    DOCC [    34 ]
    NA   [    34 ]
    NB   [    34 ]

  @DF-RKS Final Energy:  -385.64956920756174

   => Energetics <=

    Nuclear Repulsion Energy =            457.2029078062088274
    One-Electron Energy =               -1425.1032096996345899
    Two-Electron Energy =                 611.9147866556361350
    DFT Exchange-Correlation Energy =     -29.6640539697721550
    Empirical Dispersion Energy =           0.0000000000000000
    VV10 Nonlocal Energy =                  0.0000000000000000
    Total Energy =                       -385.6495692075617967

Computation Completed


Properties will be evaluated at   0.000000,   0.000000,   0.000000 [a0]

Properties computed using the SCF density matrix


 Multipole Moments:

 ------------------------------------------------------------------------------------
     Multipole            Electronic (a.u.)      Nuclear  (a.u.)        Total (a.u.)
 ------------------------------------------------------------------------------------

 L = 1.  Multiply by 2.5417464519 to convert [e a0] to [Debye]
 Dipole X            :         -0.0588876            0.0644899            0.0056023
 Dipole Y            :          0.0000000           -0.0000000            0.0000000
 Dipole Z            :         -0.0000000            0.0000000           -0.0000000
 Magnitude           :                                                    0.0056023

 ------------------------------------------------------------------------------------

*** tstop() called on Asus18 at Tue Sep 15 16:37:32 2026
Module time:
	user time   =        nan seconds =        nan minutes
	system time =        nan seconds =        nan minutes
	total time  =         14 seconds =       0.23 minutes
Total time:
	user time   =        nan seconds =        nan minutes
	system time =        nan seconds =        nan minutes
	total time  =        666 seconds =      11.10 minutes

Scratch directory: C:\Users\thebr\AppData\Local\Temp/
   => Libint2 <=

    Primary   basis highest AM E, G, H:  7, 6, -
    Auxiliary basis highest AM E, G, H:  7, 7, -
    Onebody   basis highest AM E, G, H:  -, -, -
    Solid Harmonics ordering:            Gaussian

*** tstart() called on Asus18
*** at Tue Sep 15 16:37:32 2026

   => Loading Basis Set <=

    Name: 6-31G*
    Role: ORBITAL
    Keyword: BASIS
    atoms 1-10  entry C          line   111 file C:\Users\thebr\.conda\envs\qc\Library\share\psi4\basis\6-31gs.gbs 
    atoms 11-18 entry H          line    44 file C:\Users\thebr\.conda\envs\qc\Library\share\psi4\basis\6-31gs.gbs 


         ---------------------------------------------------------
                                   SCF
               by Justin Turney, Rob Parrish, Andy Simmonett
                          and Daniel G. A. Smith
                              RKS Reference
                        8 Threads,   -562 MiB Core
         ---------------------------------------------------------

  ==> Geometry <==

    Molecular point group: c1
    Full point group: C2v

    Geometry (in Bohr), charge = 0, multiplicity = 1:

       Center              X                  Y                   Z               Mass       
    ------------   -----------------  -----------------  -----------------  -----------------
         C            4.590153914653     1.346904127634     0.000000000000    12.000000000000
         C            4.590153914653    -1.346904127634     0.000000000000    12.000000000000
         C            2.365537836388    -2.645235136949     0.000000000000    12.000000000000
         C           -0.003764517023    -1.354817557403     0.000000000000    12.000000000000
         C           -2.338974023298    -2.655453340431     0.000000000000    12.000000000000
         C           -4.607494285441    -1.330651237102     0.000000000000    12.000000000000
         C           -4.607494285441     1.330651237102     0.000000000000    12.000000000000
         C           -2.338974023298     2.655453340431     0.000000000000    12.000000000000
         C           -0.003764517023     1.354817557403     0.000000000000    12.000000000000
         C            2.365537836388     2.645235136949     0.000000000000    12.000000000000
         H            6.383464667936     2.345962641089     0.000000000000     1.007825032230
         H            6.383464667936    -2.345962641089     0.000000000000     1.007825032230
         H            2.315163258825    -4.699762996019     0.000000000000     1.007825032230
         H           -2.379071118943    -4.711788630545     0.000000000000     1.007825032230
         H           -6.384555295904    -2.361607860499     0.000000000000     1.007825032230
         H           -6.384555295904     2.361607860499     0.000000000000     1.007825032230
         H           -2.379071118943     4.711788630545     0.000000000000     1.007825032230
         H            2.315163258825     4.699762996019     0.000000000000     1.007825032230

  Running in c1 symmetry.

  Rotational constants: A =      0.10400  B =      0.04103  C =      0.02942 [cm^-1]
  Rotational constants: A =   3117.74096  B =   1229.99708  C =    882.02468 [MHz]
  Nuclear repulsion =  457.202907806208827

  Charge       = 0
  Multiplicity = 1
  Electrons    = 68
  Nalpha       = 34
  Nbeta        = 34

  ==> Algorithm <==

  SCF Algorithm Type is DF.
  DIIS enabled.
  MOM disabled.
  Fractional occupation disabled.
  Guess Type is SAD.
  Energy threshold   = 1.00e-10
  Density threshold  = 1.00e-08
  Integral threshold = 1.00e-12

  ==> Primary Basis <==

  Basis Set: 6-31G*
    Blend: 6-31G*
    Number of shells: 76
    Number of basis functions: 166
    Number of Cartesian functions: 166
    Spherical Harmonics?: false
    Max angular momentum: 2

  ==> DFT Potential <==

   => LibXC <=

    Version 7.1.2
    S. Lehtola, C. Steigemann, M. J. T. Oliveira, and M. A. L. Marques,  SoftwareX 7, 1–5 (2018) (10.1016/j.softx.2017.11.002)

   => Composite Functional: BHANDHLYP <= 

    BHandHLYP Hyb-GGA Exchange-Correlation Functional

    A. D. Becke,  J. Chem. Phys. 98, 1372 (1993) (10.1063/1.464304)
    Defined through Gaussian implementation.

    Deriv               =              1
    GGA                 =           TRUE
    Meta                =          FALSE

    Exchange Hybrid     =           TRUE
    MP2 Hybrid          =          FALSE

   => Exchange Functionals <=

    0.5000         Becke 88

   => Exact (HF) Exchange <=

    0.5000               HF 

   => Correlation Functionals <=

    1.0000   Lee, Yang & Parr

   => LibXC Density Thresholds  <==

    XC_HYB_GGA_XC_BHANDHLYP:  1.00E-15 

   => Molecular Quadrature <=

    Radial Scheme          =       TREUTLER
    Pruning Scheme         =           NONE
    Nuclear Scheme         =       TREUTLER

    Blocking Scheme        =         OCTREE
    BS radius alpha        =              1
    Pruning alpha          =              1
    Radial Points          =             99
    Spherical Points       =            590
    Total Points           =         960054
    Total Blocks           =           6480
    Max Points             =            256
    Max Functions          =            159
    Weights Tolerance      =       1.00E-15

   => Loading Basis Set <=

    Name: (6-31G* AUX)
    Role: JKFIT
    Keyword: DF_BASIS_SCF
    atoms 1-10  entry C          line   121 file C:\Users\thebr\.conda\envs\qc\Library\share\psi4\basis\cc-pvdz-jkfit.gbs 
    atoms 11-18 entry H          line    51 file C:\Users\thebr\.conda\envs\qc\Library\share\psi4\basis\cc-pvdz-jkfit.gbs 

  ==> Integral Setup <==

  DFHelper Memory: AOs need 0.213 GiB; user supplied 2.424 GiB. 
  SCF_SUBTYPE=INCORE selected. In-core MEM_DF algorithm will be used.
  Using in-core AOs.

  ==> MemDFJK: Density-Fitted J/K Matrices <==

    J tasked:                   Yes
    K tasked:                   Yes
    wK tasked:                   No
    OpenMP threads:               8
    Memory [MiB]:              2482
    Algorithm:                 Core
    Schwarz Cutoff:           1E-12
    Mask sparsity (%):       4.9354
    Fitting Condition:        1E-10

   => Auxiliary Basis Set <=

  Basis Set: (6-31G* AUX)
    Blend: CC-PVDZ-JKFIT
    Number of shells: 312
    Number of basis functions: 1010
    Number of Cartesian functions: 1010
    Spherical Harmonics?: false
    Max angular momentum: 3

  Cached 100.0% of DFT collocation blocks in 3.164 [GiB].

  Minimum eigenvalue in the overlap matrix is 3.0904222549E-04.
  Reciprocal condition number of the overlap matrix is 3.9189868361E-05.
    Using symmetric orthogonalization.

  ==> Pre-Iterations <==

  SCF Guess: Superposition of Atomic Densities via on-the-fly atomic UHF (no occupation information).

   -------------------------
    Irrep   Nso     Nmo    
   -------------------------
     A        166     166 
   -------------------------
    Total     166     166
   -------------------------

  ==> Iterations <==

                           Total Energy        Delta E     RMS |[F,P]|

   @DF-RKS iter SAD:  -384.99070412321203   -3.84991e+02   0.00000e+00 
   @DF-RKS iter   1:  -385.39536784032521   -4.04664e-01   3.95456e-03 ADIIS/DIIS
   @DF-RKS iter   2:  -385.52995942162318   -1.34592e-01   2.84737e-03 ADIIS/DIIS
   @DF-RKS iter   3:  -385.64828661187039   -1.18327e-01   2.98870e-04 ADIIS/DIIS
   @DF-RKS iter   4:  -385.64911087256434   -8.24261e-04   1.76653e-04 ADIIS/DIIS
   @DF-RKS iter   5:  -385.64954190362329   -4.31031e-04   4.23266e-05 DIIS
   @DF-RKS iter   6:  -385.64956579233080   -2.38887e-05   1.53114e-05 DIIS
   @DF-RKS iter   7:  -385.64956912053577   -3.32820e-06   1.24483e-06 DIIS
   @DF-RKS iter   8:  -385.64956920023963   -7.97039e-08   3.65305e-07 DIIS
   @DF-RKS iter   9:  -385.64956920570808   -5.46845e-09   2.84075e-07 DIIS
   @DF-RKS iter  10:  -385.64956920747295   -1.76487e-09   6.08474e-08 DIIS
   @DF-RKS iter  11:  -385.64956920758169   -1.08741e-10   2.08961e-08 DIIS
   @DF-RKS iter  12:  -385.64956920758914   -7.44649e-12   7.43131e-09 DIIS
  Energy and wave function converged.


  ==> Post-Iterations <==

   Electrons on quadrature grid:
      Ntotal   =   68.0000015517 ; deviation = 1.552e-06 

    Orbital Energies [Eh]
    ---------------------

    Doubly Occupied:                                                      

       1A    -10.602919     2A    -10.602288     3A    -10.597127  
       4A    -10.596869     5A    -10.596296     6A    -10.595841  
       7A    -10.595797     8A    -10.595327     9A    -10.594507  
      10A    -10.594335    11A     -0.989491    12A     -0.931872  
      13A     -0.880574    14A     -0.844385    15A     -0.820842  
      16A     -0.715041    17A     -0.699160    18A     -0.680299  
      19A     -0.588844    20A     -0.587479    21A     -0.566028  
      22A     -0.518652    23A     -0.507520    24A     -0.484095  
      25A     -0.482197    26A     -0.466017    27A     -0.446374  
      28A     -0.431528    29A     -0.398446    30A     -0.388879  
      31A     -0.375684    32A     -0.326397    33A     -0.275504  
      34A     -0.246590  

    Virtual:                                                              

      35A      0.006669    36A      0.037744    37A      0.087254  
      38A      0.141187    39A      0.160120    40A      0.165138  
      41A      0.168135    42A      0.212976    43A      0.216203  
      44A      0.222809    45A      0.233764    46A      0.255821  
      47A      0.276825    48A      0.302332    49A      0.342133  
      50A      0.366799    51A      0.372555    52A      0.380481  
      53A      0.390251    54A      0.422576    55A      0.535799  
      56A      0.573755    57A      0.589552    58A      0.591917  
      59A      0.595715    60A      0.606155    61A      0.624166  
      62A      0.624887    63A      0.648249    64A      0.660476  
      65A      0.661609    66A      0.682847    67A      0.691911  
      68A      0.692362    69A      0.693859    70A      0.697603  
      71A      0.705123    72A      0.708120    73A      0.716282  
      74A      0.756608    75A      0.772851    76A      0.774002  
      77A      0.839984    78A      0.917181    79A      0.918238  
      80A      0.920739    81A      0.928143    82A      0.930354  
      83A      0.947624    84A      0.947812    85A      0.984516  
      86A      0.987242    87A      1.019165    88A      1.024193  
      89A      1.030635    90A      1.072738    91A      1.085175  
      92A      1.128855    93A      1.133665    94A      1.147006  
      95A      1.173242    96A      1.236964    97A      1.282279  
      98A      1.287200    99A      1.332216   100A      1.345466  
     101A      1.364124   102A      1.401265   103A      1.485545  
     104A      1.508145   105A      1.532961   106A      1.549350  
     107A      1.552894   108A      1.581285   109A      1.587119  
     110A      1.592298   111A      1.598670   112A      1.608233  
     113A      1.621870   114A      1.824638   115A      1.869776  
     116A      1.887089   117A      1.960815   118A      1.995222  
     119A      2.002024   120A      2.005144   121A      2.041163  
     122A      2.054591   123A      2.063752   124A      2.066130  
     125A      2.102857   126A      2.143449   127A      2.162978  
     128A      2.237015   129A      2.258598   130A      2.272933  
     131A      2.309376   132A      2.314807   133A      2.321248  
     134A      2.393327   135A      2.396497   136A      2.415625  
     137A      2.444034   138A      2.456099   139A      2.495377  
     140A      2.533585   141A      2.729581   142A      2.731632  
     143A      2.739738   144A      2.744015   145A      2.763534  
     146A      2.795416   147A      2.839883   148A      2.872449  
     149A      2.905177   150A      2.962022   151A      2.978382  
     152A      3.007525   153A      3.070232   154A      3.223885  
     155A      3.486378   156A      3.610848   157A      4.229779  
     158A      4.242987   159A      4.266717   160A      4.269375  
     161A      4.299082   162A      4.410251   163A      4.498883  
     164A      4.548895   165A      4.666134   166A      4.951632  

    Final Occupation by Irrep:
              A 
    DOCC [    34 ]
    NA   [    34 ]
    NB   [    34 ]

  @DF-RKS Final Energy:  -385.64956920758914

   => Energetics <=

    Nuclear Repulsion Energy =            457.2029078062088274
    One-Electron Energy =               -1425.1032096995709253
    Two-Electron Energy =                 611.9147866555349538
    DFT Exchange-Correlation Energy =     -29.6640539697619161
    Empirical Dispersion Energy =           0.0000000000000000
    VV10 Nonlocal Energy =                  0.0000000000000000
    Total Energy =                       -385.6495692075890815

Computation Completed


Properties will be evaluated at   0.000000,   0.000000,   0.000000 [a0]

Properties computed using the SCF density matrix


 Multipole Moments:

 ------------------------------------------------------------------------------------
     Multipole            Electronic (a.u.)      Nuclear  (a.u.)        Total (a.u.)
 ------------------------------------------------------------------------------------

 L = 1.  Multiply by 2.5417464519 to convert [e a0] to [Debye]
 Dipole X            :          0.0588876           -0.0644899           -0.0056023
 Dipole Y            :          0.0000000            0.0000000            0.0000000
 Dipole Z            :         -0.0000000            0.0000000           -0.0000000
 Magnitude           :                                                    0.0056023

 ------------------------------------------------------------------------------------

*** tstop() called on Asus18 at Tue Sep 15 16:37:46 2026
Module time:
	user time   =        nan seconds =        nan minutes
	system time =        nan seconds =        nan minutes
	total time  =         14 seconds =       0.23 minutes
Total time:
	user time   =        nan seconds =        nan minutes
	system time =        nan seconds =        nan minutes
	total time  =        680 seconds =      11.33 minutes

Scratch directory: C:\Users\thebr\AppData\Local\Temp/
   => Libint2 <=

    Primary   basis highest AM E, G, H:  7, 6, -
    Auxiliary basis highest AM E, G, H:  7, 7, -
    Onebody   basis highest AM E, G, H:  -, -, -
    Solid Harmonics ordering:            Gaussian

*** tstart() called on Asus18
*** at Tue Sep 15 16:37:46 2026

   => Loading Basis Set <=

    Name: 6-31G*
    Role: ORBITAL
    Keyword: BASIS
    atoms 1-10  entry C          line   111 file C:\Users\thebr\.conda\envs\qc\Library\share\psi4\basis\6-31gs.gbs 
    atoms 11-18 entry H          line    44 file C:\Users\thebr\.conda\envs\qc\Library\share\psi4\basis\6-31gs.gbs 


         ---------------------------------------------------------
                                   SCF
               by Justin Turney, Rob Parrish, Andy Simmonett
                          and Daniel G. A. Smith
                              RKS Reference
                        8 Threads,   -562 MiB Core
         ---------------------------------------------------------

  ==> Geometry <==

    Molecular point group: c1
    Full point group: C2v

    Geometry (in Bohr), charge = 0, multiplicity = 1:

       Center              X                  Y                   Z               Mass       
    ------------   -----------------  -----------------  -----------------  -----------------
         C            4.616164470836     1.322524791836     0.000000000000    12.000000000000
         C            4.616164470836    -1.322524791836     0.000000000000    12.000000000000
         C            2.325692116752    -2.660562442172     0.000000000000    12.000000000000
         C            0.007529034046    -1.354817557403     0.000000000000    12.000000000000
         C           -2.378819742934    -2.640126035208     0.000000000000    12.000000000000
         C           -4.581483729258    -1.355030572900     0.000000000000    12.000000000000
         C           -4.581483729258     1.355030572900     0.000000000000    12.000000000000
         C           -2.378819742934     2.640126035208     0.000000000000    12.000000000000
         C            0.007529034046     1.354817557403     0.000000000000    12.000000000000
         C            2.325692116752     2.660562442172     0.000000000000    12.000000000000
         H            6.385100609888     2.369430470204     0.000000000000     1.007825032230
         H            6.385100609888    -2.369430470204     0.000000000000     1.007825032230
         H            2.411025049003    -4.717801447808     0.000000000000     1.007825032230
         H           -2.283209328765    -4.693750178756     0.000000000000     1.007825032230
         H           -6.382919353952    -2.338140031384     0.000000000000     1.007825032230
         H           -6.382919353952     2.338140031384     0.000000000000     1.007825032230
         H           -2.283209328765     4.693750178756     0.000000000000     1.007825032230
         H            2.411025049003     4.717801447808     0.000000000000     1.007825032230

  Running in c1 symmetry.

  Rotational constants: A =      0.10399  B =      0.04103  C =      0.02942 [cm^-1]
  Rotational constants: A =   3117.66316  B =   1229.95550  C =    881.99708 [MHz]
  Nuclear repulsion =  457.214277114211029

  Charge       = 0
  Multiplicity = 1
  Electrons    = 68
  Nalpha       = 34
  Nbeta        = 34

  ==> Algorithm <==

  SCF Algorithm Type is DF.
  DIIS enabled.
  MOM disabled.
  Fractional occupation disabled.
  Guess Type is SAD.
  Energy threshold   = 1.00e-10
  Density threshold  = 1.00e-08
  Integral threshold = 1.00e-12

  ==> Primary Basis <==

  Basis Set: 6-31G*
    Blend: 6-31G*
    Number of shells: 76
    Number of basis functions: 166
    Number of Cartesian functions: 166
    Spherical Harmonics?: false
    Max angular momentum: 2

  ==> DFT Potential <==

   => LibXC <=

    Version 7.1.2
    S. Lehtola, C. Steigemann, M. J. T. Oliveira, and M. A. L. Marques,  SoftwareX 7, 1–5 (2018) (10.1016/j.softx.2017.11.002)

   => Composite Functional: BHANDHLYP <= 

    BHandHLYP Hyb-GGA Exchange-Correlation Functional

    A. D. Becke,  J. Chem. Phys. 98, 1372 (1993) (10.1063/1.464304)
    Defined through Gaussian implementation.

    Deriv               =              1
    GGA                 =           TRUE
    Meta                =          FALSE

    Exchange Hybrid     =           TRUE
    MP2 Hybrid          =          FALSE

   => Exchange Functionals <=

    0.5000         Becke 88

   => Exact (HF) Exchange <=

    0.5000               HF 

   => Correlation Functionals <=

    1.0000   Lee, Yang & Parr

   => LibXC Density Thresholds  <==

    XC_HYB_GGA_XC_BHANDHLYP:  1.00E-15 

   => Molecular Quadrature <=

    Radial Scheme          =       TREUTLER
    Pruning Scheme         =           NONE
    Nuclear Scheme         =       TREUTLER

    Blocking Scheme        =         OCTREE
    BS radius alpha        =              1
    Pruning alpha          =              1
    Radial Points          =             99
    Spherical Points       =            590
    Total Points           =         960164
    Total Blocks           =           6492
    Max Points             =            256
    Max Functions          =            159
    Weights Tolerance      =       1.00E-15

   => Loading Basis Set <=

    Name: (6-31G* AUX)
    Role: JKFIT
    Keyword: DF_BASIS_SCF
    atoms 1-10  entry C          line   121 file C:\Users\thebr\.conda\envs\qc\Library\share\psi4\basis\cc-pvdz-jkfit.gbs 
    atoms 11-18 entry H          line    51 file C:\Users\thebr\.conda\envs\qc\Library\share\psi4\basis\cc-pvdz-jkfit.gbs 

  ==> Integral Setup <==

  DFHelper Memory: AOs need 0.213 GiB; user supplied 2.422 GiB. 
  SCF_SUBTYPE=INCORE selected. In-core MEM_DF algorithm will be used.
  Using in-core AOs.

  ==> MemDFJK: Density-Fitted J/K Matrices <==

    J tasked:                   Yes
    K tasked:                   Yes
    wK tasked:                   No
    OpenMP threads:               8
    Memory [MiB]:              2480
    Algorithm:                 Core
    Schwarz Cutoff:           1E-12
    Mask sparsity (%):       4.9354
    Fitting Condition:        1E-10

   => Auxiliary Basis Set <=

  Basis Set: (6-31G* AUX)
    Blend: CC-PVDZ-JKFIT
    Number of shells: 312
    Number of basis functions: 1010
    Number of Cartesian functions: 1010
    Spherical Harmonics?: false
    Max angular momentum: 3

  Cached 100.0% of DFT collocation blocks in 3.165 [GiB].

  Minimum eigenvalue in the overlap matrix is 3.0760351224E-04.
  Reciprocal condition number of the overlap matrix is 3.9003614425E-05.
    Using symmetric orthogonalization.

  ==> Pre-Iterations <==

  SCF Guess: Superposition of Atomic Densities via on-the-fly atomic UHF (no occupation information).

   -------------------------
    Irrep   Nso     Nmo    
   -------------------------
     A        166     166 
   -------------------------
    Total     166     166
   -------------------------

  ==> Iterations <==

                           Total Energy        Delta E     RMS |[F,P]|

   @DF-RKS iter SAD:  -384.99128820388864   -3.84991e+02   0.00000e+00 
   @DF-RKS iter   1:  -385.39204228241158   -4.00754e-01   3.96267e-03 ADIIS/DIIS
   @DF-RKS iter   2:  -385.52665561927813   -1.34613e-01   2.85802e-03 ADIIS/DIIS
   @DF-RKS iter   3:  -385.64583274851242   -1.19177e-01   3.05899e-04 ADIIS/DIIS
   @DF-RKS iter   4:  -385.64669801090923   -8.65262e-04   1.80572e-04 ADIIS/DIIS
   @DF-RKS iter   5:  -385.64715202716593   -4.54016e-04   4.22452e-05 DIIS
   @DF-RKS iter   6:  -385.64717602350703   -2.39963e-05   1.53248e-05 DIIS
   @DF-RKS iter   7:  -385.64717937605940   -3.35255e-06   1.31831e-06 DIIS
   @DF-RKS iter   8:  -385.64717946228200   -8.62226e-08   5.71747e-07 DIIS
   @DF-RKS iter   9:  -385.64717947116714   -8.88514e-09   3.29214e-07 DIIS
   @DF-RKS iter  10:  -385.64717947413510   -2.96797e-09   7.05913e-08 DIIS
   @DF-RKS iter  11:  -385.64717947430688   -1.71781e-10   3.36543e-08 DIIS
   @DF-RKS iter  12:  -385.64717947433257   -2.56932e-11   8.68192e-09 DIIS
  Energy and wave function converged.


  ==> Post-Iterations <==

   Electrons on quadrature grid:
      Ntotal   =   68.0000014004 ; deviation = 1.400e-06 

    Orbital Energies [Eh]
    ---------------------

    Doubly Occupied:                                                      

       1A    -10.602892     2A    -10.602262     3A    -10.597840  
       4A    -10.597726     5A    -10.596998     6A    -10.596357  
       7A    -10.595065     8A    -10.594578     9A    -10.593545  
      10A    -10.593422    11A     -0.989574    12A     -0.931943  
      13A     -0.880749    14A     -0.844510    15A     -0.820978  
      16A     -0.714898    17A     -0.699095    18A     -0.680137  
      19A     -0.588804    20A     -0.587491    21A     -0.566124  
      22A     -0.518683    23A     -0.507566    24A     -0.484979  
      25A     -0.482338    26A     -0.464787    27A     -0.446443  
      28A     -0.431558    29A     -0.397792    30A     -0.387913  
      31A     -0.375799    32A     -0.326654    33A     -0.275784  
      34A     -0.246852  

    Virtual:                                                              

      35A      0.006881    36A      0.038066    37A      0.087521  
      38A      0.141034    39A      0.159975    40A      0.165313  
      41A      0.167904    42A      0.212915    43A      0.215077  
      44A      0.223341    45A      0.233460    46A      0.255039  
      47A      0.276914    48A      0.302628    49A      0.339543  
      50A      0.364323    51A      0.375270    52A      0.379547  
      53A      0.392583    54A      0.423592    55A      0.535472  
      56A      0.573376    57A      0.589237    58A      0.591574  
      59A      0.594604    60A      0.607135    61A      0.624709  
      62A      0.624827    63A      0.648034    64A      0.659457  
      65A      0.661101    66A      0.681158    67A      0.686979  
      68A      0.691892    69A      0.696996    70A      0.697981  
      71A      0.705025    72A      0.713749    73A      0.717601  
      74A      0.756734    75A      0.772973    76A      0.774035  
      77A      0.840111    78A      0.916530    79A      0.918257  
      80A      0.920403    81A      0.926926    82A      0.931106  
      83A      0.947336    84A      0.947726    85A      0.983093  
      86A      0.988122    87A      1.019527    88A      1.024070  
      89A      1.030988    90A      1.073377    91A      1.085394  
      92A      1.128443    93A      1.133673    94A      1.147722  
      95A      1.173571    96A      1.237923    97A      1.282374  
      98A      1.288432    99A      1.332585   100A      1.345873  
     101A      1.364711   102A      1.401936   103A      1.485861  
     104A      1.508611   105A      1.533208   106A      1.549854  
     107A      1.553035   108A      1.581309   109A      1.586626  
     110A      1.592743   111A      1.599879   112A      1.608960  
     113A      1.621805   114A      1.822211   115A      1.862340  
     116A      1.895316   117A      1.960442   118A      1.993687  
     119A      2.002716   120A      2.004818   121A      2.042005  
     122A      2.049873   123A      2.066124   124A      2.068068  
     125A      2.102723   126A      2.141557   127A      2.161145  
     128A      2.239954   129A      2.260022   130A      2.271925  
     131A      2.305280   132A      2.312427   133A      2.323934  
     134A      2.395828   135A      2.397983   136A      2.416527  
     137A      2.441407   138A      2.462068   139A      2.495945  
     140A      2.532050   141A      2.723597   142A      2.731255  
     143A      2.739876   144A      2.750008   145A      2.764279  
     146A      2.796351   147A      2.841257   148A      2.872228  
     149A      2.906024   150A      2.963576   151A      2.978926  
     152A      3.008747   153A      3.071301   154A      3.224348  
     155A      3.486214   156A      3.611313   157A      4.228524  
     158A      4.244112   159A      4.266060   160A      4.268984  
     161A      4.299710   162A      4.410792   163A      4.499205  
     164A      4.549118   165A      4.666264   166A      4.951702  

    Final Occupation by Irrep:
              A 
    DOCC [    34 ]
    NA   [    34 ]
    NB   [    34 ]

  @DF-RKS Final Energy:  -385.64717947433257

   => Energetics <=

    Nuclear Repulsion Energy =            457.2142771142110291
    One-Electron Energy =               -1425.1230246144586999
    Two-Electron Energy =                 611.9260208416385467
    DFT Exchange-Correlation Energy =     -29.6644528157234042
    Empirical Dispersion Energy =           0.0000000000000000
    VV10 Nonlocal Energy =                  0.0000000000000000
    Total Energy =                       -385.6471794743325745

Computation Completed


Properties will be evaluated at   0.000000,   0.000000,   0.000000 [a0]

Properties computed using the SCF density matrix


 Multipole Moments:

 ------------------------------------------------------------------------------------
     Multipole            Electronic (a.u.)      Nuclear  (a.u.)        Total (a.u.)
 ------------------------------------------------------------------------------------

 L = 1.  Multiply by 2.5417464519 to convert [e a0] to [Debye]
 Dipole X            :         -0.1177967            0.1289797            0.0111831
 Dipole Y            :          0.0000000            0.0000000            0.0000000
 Dipole Z            :          0.0000000            0.0000000            0.0000000
 Magnitude           :                                                    0.0111831

 ------------------------------------------------------------------------------------

*** tstop() called on Asus18 at Tue Sep 15 16:37:59 2026
Module time:
	user time   =        nan seconds =        nan minutes
	system time =        nan seconds =        nan minutes
	total time  =         13 seconds =       0.22 minutes
Total time:
	user time   =        nan seconds =        nan minutes
	system time =        nan seconds =        nan minutes
	total time  =        693 seconds =      11.55 minutes

Scratch directory: C:\Users\thebr\AppData\Local\Temp/
   => Libint2 <=

    Primary   basis highest AM E, G, H:  7, 6, -
    Auxiliary basis highest AM E, G, H:  7, 7, -
    Onebody   basis highest AM E, G, H:  -, -, -
    Solid Harmonics ordering:            Gaussian

*** tstart() called on Asus18
*** at Tue Sep 15 16:38:00 2026

   => Loading Basis Set <=

    Name: 6-31G*
    Role: ORBITAL
    Keyword: BASIS
    atoms 1-10  entry C          line   111 file C:\Users\thebr\.conda\envs\qc\Library\share\psi4\basis\6-31gs.gbs 
    atoms 11-18 entry H          line    44 file C:\Users\thebr\.conda\envs\qc\Library\share\psi4\basis\6-31gs.gbs 


         ---------------------------------------------------------
                                   SCF
               by Justin Turney, Rob Parrish, Andy Simmonett
                          and Daniel G. A. Smith
                              RKS Reference
                        8 Threads,   -562 MiB Core
         ---------------------------------------------------------

  ==> Geometry <==

    Molecular point group: c1
    Full point group: C2v

    Geometry (in Bohr), charge = 0, multiplicity = 1:

       Center              X                  Y                   Z               Mass       
    ------------   -----------------  -----------------  -----------------  -----------------
         C            4.581483729258     1.355030572900     0.000000000000    12.000000000000
         C            4.581483729258    -1.355030572900     0.000000000000    12.000000000000
         C            2.378819742934    -2.640126035208     0.000000000000    12.000000000000
         C           -0.007529034046    -1.354817557403     0.000000000000    12.000000000000
         C           -2.325692116752    -2.660562442172     0.000000000000    12.000000000000
         C           -4.616164470836    -1.322524791836     0.000000000000    12.000000000000
         C           -4.616164470836     1.322524791836     0.000000000000    12.000000000000
         C           -2.325692116752     2.660562442172     0.000000000000    12.000000000000
         C           -0.007529034046     1.354817557403     0.000000000000    12.000000000000
         C            2.378819742934     2.640126035208     0.000000000000    12.000000000000
         H            6.382919353952     2.338140031384     0.000000000000     1.007825032230
         H            6.382919353952    -2.338140031384     0.000000000000     1.007825032230
         H            2.283209328765    -4.693750178756     0.000000000000     1.007825032230
         H           -2.411025049003    -4.717801447808     0.000000000000     1.007825032230
         H           -6.385100609888    -2.369430470204     0.000000000000     1.007825032230
         H           -6.385100609888     2.369430470204     0.000000000000     1.007825032230
         H           -2.411025049003     4.717801447808     0.000000000000     1.007825032230
         H            2.283209328765     4.693750178756     0.000000000000     1.007825032230

  Running in c1 symmetry.

  Rotational constants: A =      0.10399  B =      0.04103  C =      0.02942 [cm^-1]
  Rotational constants: A =   3117.66316  B =   1229.95550  C =    881.99708 [MHz]
  Nuclear repulsion =  457.214277114210972

  Charge       = 0
  Multiplicity = 1
  Electrons    = 68
  Nalpha       = 34
  Nbeta        = 34

  ==> Algorithm <==

  SCF Algorithm Type is DF.
  DIIS enabled.
  MOM disabled.
  Fractional occupation disabled.
  Guess Type is SAD.
  Energy threshold   = 1.00e-10
  Density threshold  = 1.00e-08
  Integral threshold = 1.00e-12

  ==> Primary Basis <==

  Basis Set: 6-31G*
    Blend: 6-31G*
    Number of shells: 76
    Number of basis functions: 166
    Number of Cartesian functions: 166
    Spherical Harmonics?: false
    Max angular momentum: 2

  ==> DFT Potential <==

   => LibXC <=

    Version 7.1.2
    S. Lehtola, C. Steigemann, M. J. T. Oliveira, and M. A. L. Marques,  SoftwareX 7, 1–5 (2018) (10.1016/j.softx.2017.11.002)

   => Composite Functional: BHANDHLYP <= 

    BHandHLYP Hyb-GGA Exchange-Correlation Functional

    A. D. Becke,  J. Chem. Phys. 98, 1372 (1993) (10.1063/1.464304)
    Defined through Gaussian implementation.

    Deriv               =              1
    GGA                 =           TRUE
    Meta                =          FALSE

    Exchange Hybrid     =           TRUE
    MP2 Hybrid          =          FALSE

   => Exchange Functionals <=

    0.5000         Becke 88

   => Exact (HF) Exchange <=

    0.5000               HF 

   => Correlation Functionals <=

    1.0000   Lee, Yang & Parr

   => LibXC Density Thresholds  <==

    XC_HYB_GGA_XC_BHANDHLYP:  1.00E-15 

   => Molecular Quadrature <=

    Radial Scheme          =       TREUTLER
    Pruning Scheme         =           NONE
    Nuclear Scheme         =       TREUTLER

    Blocking Scheme        =         OCTREE
    BS radius alpha        =              1
    Pruning alpha          =              1
    Radial Points          =             99
    Spherical Points       =            590
    Total Points           =         960164
    Total Blocks           =           6492
    Max Points             =            256
    Max Functions          =            159
    Weights Tolerance      =       1.00E-15

   => Loading Basis Set <=

    Name: (6-31G* AUX)
    Role: JKFIT
    Keyword: DF_BASIS_SCF
    atoms 1-10  entry C          line   121 file C:\Users\thebr\.conda\envs\qc\Library\share\psi4\basis\cc-pvdz-jkfit.gbs 
    atoms 11-18 entry H          line    51 file C:\Users\thebr\.conda\envs\qc\Library\share\psi4\basis\cc-pvdz-jkfit.gbs 

  ==> Integral Setup <==

  DFHelper Memory: AOs need 0.213 GiB; user supplied 2.422 GiB. 
  SCF_SUBTYPE=INCORE selected. In-core MEM_DF algorithm will be used.
  Using in-core AOs.

  ==> MemDFJK: Density-Fitted J/K Matrices <==

    J tasked:                   Yes
    K tasked:                   Yes
    wK tasked:                   No
    OpenMP threads:               8
    Memory [MiB]:              2480
    Algorithm:                 Core
    Schwarz Cutoff:           1E-12
    Mask sparsity (%):       4.9354
    Fitting Condition:        1E-10

   => Auxiliary Basis Set <=

  Basis Set: (6-31G* AUX)
    Blend: CC-PVDZ-JKFIT
    Number of shells: 312
    Number of basis functions: 1010
    Number of Cartesian functions: 1010
    Spherical Harmonics?: false
    Max angular momentum: 3

  Cached 100.0% of DFT collocation blocks in 3.165 [GiB].

  Minimum eigenvalue in the overlap matrix is 3.0760351224E-04.
  Reciprocal condition number of the overlap matrix is 3.9003614425E-05.
    Using symmetric orthogonalization.

  ==> Pre-Iterations <==

  SCF Guess: Superposition of Atomic Densities via on-the-fly atomic UHF (no occupation information).

   -------------------------
    Irrep   Nso     Nmo    
   -------------------------
     A        166     166 
   -------------------------
    Total     166     166
   -------------------------

  ==> Iterations <==

                           Total Energy        Delta E     RMS |[F,P]|

   @DF-RKS iter SAD:  -384.99128820241623   -3.84991e+02   0.00000e+00 
   @DF-RKS iter   1:  -385.39204228092871   -4.00754e-01   3.96267e-03 ADIIS/DIIS
   @DF-RKS iter   2:  -385.52665561779099   -1.34613e-01   2.85802e-03 ADIIS/DIIS
   @DF-RKS iter   3:  -385.64583274701323   -1.19177e-01   3.05899e-04 ADIIS/DIIS
   @DF-RKS iter   4:  -385.64669800940931   -8.65262e-04   1.80572e-04 ADIIS/DIIS
   @DF-RKS iter   5:  -385.64715202566543   -4.54016e-04   4.22452e-05 DIIS
   @DF-RKS iter   6:  -385.64717602200665   -2.39963e-05   1.53248e-05 DIIS
   @DF-RKS iter   7:  -385.64717937455953   -3.35255e-06   1.31831e-06 DIIS
   @DF-RKS iter   8:  -385.64717946078218   -8.62227e-08   5.71747e-07 DIIS
   @DF-RKS iter   9:  -385.64717946966721   -8.88502e-09   3.29214e-07 DIIS
   @DF-RKS iter  10:  -385.64717947263483   -2.96762e-09   7.05913e-08 DIIS
   @DF-RKS iter  11:  -385.64717947280667   -1.71838e-10   3.36543e-08 DIIS
   @DF-RKS iter  12:  -385.64717947283248   -2.58069e-11   8.68192e-09 DIIS
  Energy and wave function converged.


  ==> Post-Iterations <==

   Electrons on quadrature grid:
      Ntotal   =   68.0000014004 ; deviation = 1.400e-06 

    Orbital Energies [Eh]
    ---------------------

    Doubly Occupied:                                                      

       1A    -10.602892     2A    -10.602262     3A    -10.597840  
       4A    -10.597726     5A    -10.596998     6A    -10.596357  
       7A    -10.595065     8A    -10.594578     9A    -10.593545  
      10A    -10.593422    11A     -0.989574    12A     -0.931943  
      13A     -0.880749    14A     -0.844510    15A     -0.820978  
      16A     -0.714898    17A     -0.699095    18A     -0.680137  
      19A     -0.588804    20A     -0.587491    21A     -0.566124  
      22A     -0.518683    23A     -0.507566    24A     -0.484979  
      25A     -0.482338    26A     -0.464787    27A     -0.446443  
      28A     -0.431558    29A     -0.397792    30A     -0.387913  
      31A     -0.375799    32A     -0.326654    33A     -0.275784  
      34A     -0.246852  

    Virtual:                                                              

      35A      0.006881    36A      0.038066    37A      0.087521  
      38A      0.141034    39A      0.159975    40A      0.165313  
      41A      0.167904    42A      0.212915    43A      0.215077  
      44A      0.223341    45A      0.233460    46A      0.255039  
      47A      0.276914    48A      0.302628    49A      0.339543  
      50A      0.364323    51A      0.375270    52A      0.379547  
      53A      0.392583    54A      0.423592    55A      0.535472  
      56A      0.573376    57A      0.589237    58A      0.591574  
      59A      0.594604    60A      0.607135    61A      0.624709  
      62A      0.624827    63A      0.648034    64A      0.659457  
      65A      0.661101    66A      0.681158    67A      0.686979  
      68A      0.691892    69A      0.696996    70A      0.697981  
      71A      0.705025    72A      0.713749    73A      0.717601  
      74A      0.756734    75A      0.772973    76A      0.774035  
      77A      0.840111    78A      0.916530    79A      0.918257  
      80A      0.920403    81A      0.926926    82A      0.931106  
      83A      0.947336    84A      0.947726    85A      0.983093  
      86A      0.988122    87A      1.019527    88A      1.024070  
      89A      1.030988    90A      1.073377    91A      1.085394  
      92A      1.128443    93A      1.133673    94A      1.147722  
      95A      1.173571    96A      1.237923    97A      1.282374  
      98A      1.288432    99A      1.332585   100A      1.345873  
     101A      1.364711   102A      1.401936   103A      1.485861  
     104A      1.508611   105A      1.533208   106A      1.549854  
     107A      1.553035   108A      1.581309   109A      1.586626  
     110A      1.592743   111A      1.599879   112A      1.608960  
     113A      1.621805   114A      1.822211   115A      1.862340  
     116A      1.895316   117A      1.960442   118A      1.993687  
     119A      2.002716   120A      2.004818   121A      2.042005  
     122A      2.049873   123A      2.066124   124A      2.068068  
     125A      2.102723   126A      2.141557   127A      2.161145  
     128A      2.239954   129A      2.260022   130A      2.271925  
     131A      2.305280   132A      2.312427   133A      2.323934  
     134A      2.395828   135A      2.397983   136A      2.416527  
     137A      2.441407   138A      2.462068   139A      2.495945  
     140A      2.532050   141A      2.723597   142A      2.731255  
     143A      2.739876   144A      2.750008   145A      2.764279  
     146A      2.796351   147A      2.841257   148A      2.872228  
     149A      2.906024   150A      2.963576   151A      2.978926  
     152A      3.008747   153A      3.071301   154A      3.224348  
     155A      3.486214   156A      3.611313   157A      4.228524  
     158A      4.244112   159A      4.266060   160A      4.268984  
     161A      4.299710   162A      4.410792   163A      4.499205  
     164A      4.549118   165A      4.666264   166A      4.951702  

    Final Occupation by Irrep:
              A 
    DOCC [    34 ]
    NA   [    34 ]
    NB   [    34 ]

  @DF-RKS Final Energy:  -385.64717947283248

   => Energetics <=

    Nuclear Repulsion Energy =            457.2142771142109723
    One-Electron Energy =               -1425.1230246134657591
    Two-Electron Energy =                 611.9260208421288780
    DFT Exchange-Correlation Energy =     -29.6644528157066105
    Empirical Dispersion Energy =           0.0000000000000000
    VV10 Nonlocal Energy =                  0.0000000000000000
    Total Energy =                       -385.6471794728325335

Computation Completed


Properties will be evaluated at   0.000000,   0.000000,   0.000000 [a0]

Properties computed using the SCF density matrix


 Multipole Moments:

 ------------------------------------------------------------------------------------
     Multipole            Electronic (a.u.)      Nuclear  (a.u.)        Total (a.u.)
 ------------------------------------------------------------------------------------

 L = 1.  Multiply by 2.5417464519 to convert [e a0] to [Debye]
 Dipole X            :          0.1177967           -0.1289797           -0.0111831
 Dipole Y            :          0.0000000           -0.0000000            0.0000000
 Dipole Z            :         -0.0000000            0.0000000           -0.0000000
 Magnitude           :                                                    0.0111831

 ------------------------------------------------------------------------------------

*** tstop() called on Asus18 at Tue Sep 15 16:38:13 2026
Module time:
	user time   =        nan seconds =        nan minutes
	system time =        nan seconds =        nan minutes
	total time  =         13 seconds =       0.22 minutes
Total time:
	user time   =        nan seconds =        nan minutes
	system time =        nan seconds =        nan minutes
	total time  =        707 seconds =      11.78 minutes
