
  Memory set to   7.451 GiB by Python driver.
  Threads set to 8 by Python driver.

Scratch directory: C:\Users\thebr\AppData\Local\Temp/
gradient() will perform analytic gradient computation.
   => Libint2 <=

    Primary   basis highest AM E, G, H:  7, 6, -
    Auxiliary basis highest AM E, G, H:  7, 7, -
    Onebody   basis highest AM E, G, H:  -, -, -
    Solid Harmonics ordering:            Gaussian

*** tstart() called on Asus18
*** at Thu Sep 10 13:03:46 2026

   => Loading Basis Set <=

    Name: 6-31G*
    Role: ORBITAL
    Keyword: BASIS
    atoms 1-10  entry C          line   111 file C:\Users\thebr\.conda\envs\qc\Library\share\psi4\basis\6-31gs.gbs 
    atoms 11-18 entry H          line    44 file C:\Users\thebr\.conda\envs\qc\Library\share\psi4\basis\6-31gs.gbs 


         ---------------------------------------------------------
                                   SCF
               by Justin Turney, Rob Parrish, Andy Simmonett
                          and Daniel G. A. Smith
                              RKS Reference
                        8 Threads,   -562 MiB Core
         ---------------------------------------------------------

  ==> Geometry <==

    Molecular point group: c1
    Full point group: D2h

    Geometry (in Angstrom), charge = 0, multiplicity = 1:

       Center              X                  Y                   Z               Mass       
    ------------   -----------------  -----------------  -----------------  -----------------
         C            0.000000000000     0.700000000000     0.000000000000    12.000000000000
         C            0.000000000000    -0.700000000000     0.000000000000    12.000000000000
         C            1.212400000000     1.400000000000     0.000000000000    12.000000000000
         C            1.212400000000    -1.400000000000     0.000000000000    12.000000000000
         C            2.424900000000     0.700000000000     0.000000000000    12.000000000000
         C            2.424900000000    -0.700000000000     0.000000000000    12.000000000000
         C           -1.212400000000     1.400000000000     0.000000000000    12.000000000000
         C           -1.212400000000    -1.400000000000     0.000000000000    12.000000000000
         C           -2.424900000000     0.700000000000     0.000000000000    12.000000000000
         C           -2.424900000000    -0.700000000000     0.000000000000    12.000000000000
         H            1.212400000000     2.480000000000     0.000000000000     1.007825032230
         H            1.212400000000    -2.480000000000     0.000000000000     1.007825032230
         H            3.360200000000     1.240000000000     0.000000000000     1.007825032230
         H            3.360200000000    -1.240000000000     0.000000000000     1.007825032230
         H           -1.212400000000     2.480000000000     0.000000000000     1.007825032230
         H           -1.212400000000    -2.480000000000     0.000000000000     1.007825032230
         H           -3.360200000000     1.240000000000     0.000000000000     1.007825032230
         H           -3.360200000000    -1.240000000000     0.000000000000     1.007825032230

  Running in c1 symmetry.

  Rotational constants: A =      0.10513  B =      0.04170  C =      0.02986 [cm^-1]
  Rotational constants: A =   3151.67261  B =   1250.17866  C =    895.11290 [MHz]
  Nuclear repulsion =  459.975604347082367

  Charge       = 0
  Multiplicity = 1
  Electrons    = 68
  Nalpha       = 34
  Nbeta        = 34

  ==> Algorithm <==

  SCF Algorithm Type is DF.
  DIIS enabled.
  MOM disabled.
  Fractional occupation disabled.
  Guess Type is SAD.
  Energy threshold   = 1.00e-10
  Density threshold  = 1.00e-08
  Integral threshold = 1.00e-12

  ==> Primary Basis <==

  Basis Set: 6-31G*
    Blend: 6-31G*
    Number of shells: 76
    Number of basis functions: 166
    Number of Cartesian functions: 166
    Spherical Harmonics?: false
    Max angular momentum: 2

  ==> DFT Potential <==

   => LibXC <=

    Version 7.1.2
    S. Lehtola, C. Steigemann, M. J. T. Oliveira, and M. A. L. Marques,  SoftwareX 7, 1–5 (2018) (10.1016/j.softx.2017.11.002)

   => Composite Functional: B3LYP <= 

    B3LYP Hyb-GGA Exchange-Correlation Functional

    P. J. Stephens, F. J. Devlin, C. F. Chabalowski, and M. J. Frisch,  J. Phys. Chem. 98, 11623 (1994) (10.1021/j100096a001)

    Deriv               =              1
    GGA                 =           TRUE
    Meta                =          FALSE

    Exchange Hybrid     =           TRUE
    MP2 Hybrid          =          FALSE

   => Exchange Functionals <=

    0.0800   Slater exchange
    0.7200         Becke 88

   => Exact (HF) Exchange <=

    0.2000               HF 

   => Correlation Functionals <=

    0.1900   Vosko, Wilk & Nusair (VWN5_RPA)
    0.8100   Lee, Yang & Parr

   => LibXC Density Thresholds  <==

    XC_HYB_GGA_XC_B3LYP:  1.00E-15 

   => Molecular Quadrature <=

    Radial Scheme          =       TREUTLER
    Pruning Scheme         =           NONE
    Nuclear Scheme         =       TREUTLER

    Blocking Scheme        =         OCTREE
    BS radius alpha        =              1
    Pruning alpha          =              1
    Radial Points          =             99
    Spherical Points       =            590
    Total Points           =         959526
    Total Blocks           =           6490
    Max Points             =            256
    Max Functions          =            160
    Weights Tolerance      =       1.00E-15

   => Loading Basis Set <=

    Name: (6-31G* AUX)
    Role: JKFIT
    Keyword: DF_BASIS_SCF
    atoms 1-10  entry C          line   121 file C:\Users\thebr\.conda\envs\qc\Library\share\psi4\basis\cc-pvdz-jkfit.gbs 
    atoms 11-18 entry H          line    51 file C:\Users\thebr\.conda\envs\qc\Library\share\psi4\basis\cc-pvdz-jkfit.gbs 

  ==> Integral Setup <==

  DFHelper Memory: AOs need 0.213 GiB; user supplied 2.406 GiB. 
  SCF_SUBTYPE=INCORE selected. In-core MEM_DF algorithm will be used.
  Using in-core AOs.

  ==> MemDFJK: Density-Fitted J/K Matrices <==

    J tasked:                   Yes
    K tasked:                   Yes
    wK tasked:                   No
    OpenMP threads:               8
    Memory [MiB]:              2464
    Algorithm:                 Core
    Schwarz Cutoff:           1E-12
    Mask sparsity (%):       4.8193
    Fitting Condition:        1E-10

   => Auxiliary Basis Set <=

  Basis Set: (6-31G* AUX)
    Blend: CC-PVDZ-JKFIT
    Number of shells: 312
    Number of basis functions: 1010
    Number of Cartesian functions: 1010
    Spherical Harmonics?: false
    Max angular momentum: 3

  Cached 100.0% of DFT collocation blocks in 3.182 [GiB].

  Minimum eigenvalue in the overlap matrix is 2.9549824857E-04.
  Reciprocal condition number of the overlap matrix is 3.6950441721E-05.
    Using symmetric orthogonalization.

  ==> Pre-Iterations <==

  SCF Guess: Superposition of Atomic Densities via on-the-fly atomic UHF (no occupation information).

   -------------------------
    Irrep   Nso     Nmo    
   -------------------------
     A        166     166 
   -------------------------
    Total     166     166
   -------------------------

  ==> Iterations <==

                           Total Energy        Delta E     RMS |[F,P]|

   @DF-RKS iter SAD:  -385.44202098815521   -3.85442e+02   0.00000e+00 
   @DF-RKS iter   1:  -385.42621207378085    1.58089e-02   5.36950e-03 ADIIS/DIIS
   @DF-RKS iter   2:  -385.40303437781608    2.31777e-02   5.63621e-03 ADIIS/DIIS
   @DF-RKS iter   3:  -385.87796454267772   -4.74930e-01   8.15833e-04 ADIIS/DIIS
   @DF-RKS iter   4:  -385.88490003174030   -6.93549e-03   4.21500e-04 ADIIS/DIIS
   @DF-RKS iter   5:  -385.88731114751340   -2.41112e-03   1.11304e-04 ADIIS/DIIS
   @DF-RKS iter   6:  -385.88745971842928   -1.48571e-04   4.67639e-05 DIIS
   @DF-RKS iter   7:  -385.88748948800111   -2.97696e-05   1.88959e-06 DIIS
   @DF-RKS iter   8:  -385.88748954317384   -5.51727e-08   2.65410e-07 DIIS
   @DF-RKS iter   9:  -385.88748954422931   -1.05547e-09   5.12046e-08 DIIS
   @DF-RKS iter  10:  -385.88748954426813   -3.88241e-11   5.49138e-09 DIIS
  Energy and wave function converged.


  ==> Post-Iterations <==

   Electrons on quadrature grid:
      Ntotal   =   68.0000014138 ; deviation = 1.414e-06 

    Orbital Energies [Eh]
    ---------------------

    Doubly Occupied:                                                      

       1A    -10.189149     2A    -10.188645     3A    -10.188466  
       4A    -10.188460     5A    -10.187967     6A    -10.187949  
       7A    -10.186987     8A    -10.186966     9A    -10.186922  
      10A    -10.186887    11A     -0.874992    12A     -0.814721  
      13A     -0.772768    14A     -0.740681    15A     -0.708935  
      16A     -0.625917    17A     -0.605665    18A     -0.599350  
      19A     -0.512261    20A     -0.507684    21A     -0.488480  
      22A     -0.450552    23A     -0.441094    24A     -0.415091  
      25A     -0.408381    26A     -0.394579    27A     -0.389922  
      28A     -0.370248    29A     -0.336050    30A     -0.330257  
      31A     -0.320780    32A     -0.281865    33A     -0.243572  
      34A     -0.206377  

    Virtual:                                                              

      35A     -0.038924    36A     -0.000296    37A      0.033639  
      38A      0.098398    39A      0.102123    40A      0.116310  
      41A      0.123432    42A      0.166413    43A      0.170901  
      44A      0.175926    45A      0.184720    46A      0.209166  
      47A      0.209620    48A      0.256759    49A      0.279959  
      50A      0.318375    51A      0.321307    52A      0.321472  
      53A      0.325399    54A      0.368080    55A      0.489087  
      56A      0.513508    57A      0.513751    58A      0.514583  
      59A      0.520897    60A      0.530777    61A      0.550361  
      62A      0.561217    63A      0.570524    64A      0.595983  
      65A      0.598680    66A      0.608799    67A      0.608921  
      68A      0.613354    69A      0.618569    70A      0.621985  
      71A      0.627152    72A      0.630227    73A      0.638327  
      74A      0.674826    75A      0.691029    76A      0.691806  
      77A      0.759581    78A      0.827169    79A      0.828483  
      80A      0.838344    81A      0.843186    82A      0.847346  
      83A      0.858045    84A      0.866685    85A      0.904301  
      86A      0.906748    87A      0.923505    88A      0.944085  
      89A      0.951528    90A      0.985408    91A      1.005197  
      92A      1.051288    93A      1.058955    94A      1.071586  
      95A      1.100503    96A      1.157255    97A      1.200014  
      98A      1.212530    99A      1.238477   100A      1.260742  
     101A      1.279692   102A      1.306468   103A      1.399278  
     104A      1.408677   105A      1.447107   106A      1.460252  
     107A      1.468827   108A      1.488124   109A      1.492398  
     110A      1.496892   111A      1.497701   112A      1.509210  
     113A      1.544671   114A      1.720208   115A      1.796143  
     116A      1.804796   117A      1.873292   118A      1.900979  
     119A      1.906218   120A      1.914596   121A      1.927592  
     122A      1.967867   123A      1.968443   124A      1.972267  
     125A      2.005784   126A      2.035327   127A      2.062323  
     128A      2.134611   129A      2.142307   130A      2.160200  
     131A      2.189796   132A      2.209127   133A      2.210538  
     134A      2.268513   135A      2.302657   136A      2.321083  
     137A      2.327901   138A      2.331556   139A      2.388810  
     140A      2.430993   141A      2.586334   142A      2.615227  
     143A      2.623927   144A      2.632873   145A      2.653607  
     146A      2.695304   147A      2.709391   148A      2.770939  
     149A      2.785797   150A      2.835920   151A      2.864104  
     152A      2.907716   153A      2.947461   154A      3.083900  
     155A      3.402089   156A      3.498665   157A      4.092005  
     158A      4.092851   159A      4.122230   160A      4.131346  
     161A      4.139313   162A      4.263723   163A      4.351366  
     164A      4.407420   165A      4.513444   166A      4.825010  

    Final Occupation by Irrep:
              A 
    DOCC [    34 ]
    NA   [    34 ]
    NB   [    34 ]

  @DF-RKS Final Energy:  -385.88748954426813

   => Energetics <=

    Nuclear Repulsion Energy =            459.9756043470823670
    One-Electron Energy =               -1430.9598428348444941
    Two-Electron Energy =                 631.4455612022049991
    DFT Exchange-Correlation Energy =     -46.3488122587109643
    Empirical Dispersion Energy =           0.0000000000000000
    VV10 Nonlocal Energy =                  0.0000000000000000
    Total Energy =                       -385.8874895442680781

Computation Completed


Properties will be evaluated at   0.000000,   0.000000,   0.000000 [a0]

Properties computed using the SCF density matrix


 Multipole Moments:

 ------------------------------------------------------------------------------------
     Multipole            Electronic (a.u.)      Nuclear  (a.u.)        Total (a.u.)
 ------------------------------------------------------------------------------------

 L = 1.  Multiply by 2.5417464519 to convert [e a0] to [Debye]
 Dipole X            :         -0.0000000            0.0000000           -0.0000000
 Dipole Y            :         -0.0000000            0.0000000           -0.0000000
 Dipole Z            :         -0.0000000            0.0000000           -0.0000000
 Magnitude           :                                                    0.0000000

 ------------------------------------------------------------------------------------

*** tstop() called on Asus18 at Thu Sep 10 13:03:58 2026
Module time:
	user time   =        nan seconds =        nan minutes
	system time =        nan seconds =        nan minutes
	total time  =         12 seconds =       0.20 minutes
Total time:
	user time   =        nan seconds =        nan minutes
	system time =        nan seconds =        nan minutes
	total time  =         12 seconds =       0.20 minutes

*** tstart() called on Asus18
*** at Thu Sep 10 13:03:58 2026


         ------------------------------------------------------------
                                   SCF GRAD                          
                          Rob Parrish, Justin Turney,                
                       Andy Simmonett, and Alex Sokolov              
         ------------------------------------------------------------

  ==> Geometry <==

    Molecular point group: c1
    Full point group: D2h

    Geometry (in Angstrom), charge = 0, multiplicity = 1:

       Center              X                  Y                   Z               Mass       
    ------------   -----------------  -----------------  -----------------  -----------------
         C            0.000000000000     0.700000000000     0.000000000000    12.000000000000
         C            0.000000000000    -0.700000000000     0.000000000000    12.000000000000
         C            1.212400000000     1.400000000000     0.000000000000    12.000000000000
         C            1.212400000000    -1.400000000000     0.000000000000    12.000000000000
         C            2.424900000000     0.700000000000     0.000000000000    12.000000000000
         C            2.424900000000    -0.700000000000     0.000000000000    12.000000000000
         C           -1.212400000000     1.400000000000     0.000000000000    12.000000000000
         C           -1.212400000000    -1.400000000000     0.000000000000    12.000000000000
         C           -2.424900000000     0.700000000000     0.000000000000    12.000000000000
         C           -2.424900000000    -0.700000000000     0.000000000000    12.000000000000
         H            1.212400000000     2.480000000000     0.000000000000     1.007825032230
         H            1.212400000000    -2.480000000000     0.000000000000     1.007825032230
         H            3.360200000000     1.240000000000     0.000000000000     1.007825032230
         H            3.360200000000    -1.240000000000     0.000000000000     1.007825032230
         H           -1.212400000000     2.480000000000     0.000000000000     1.007825032230
         H           -1.212400000000    -2.480000000000     0.000000000000     1.007825032230
         H           -3.360200000000     1.240000000000     0.000000000000     1.007825032230
         H           -3.360200000000    -1.240000000000     0.000000000000     1.007825032230

  Nuclear repulsion =  459.975604347082367

  ==> Basis Set <==

  Basis Set: 6-31G*
    Blend: 6-31G*
    Number of shells: 76
    Number of basis functions: 166
    Number of Cartesian functions: 166
    Spherical Harmonics?: false
    Max angular momentum: 2

  ==> DFJKGrad: Density-Fitted SCF Gradients <==

    Gradient:                    1
    J tasked:                  Yes
    K tasked:                  Yes
    wK tasked:                  No
    OpenMP threads:              8
    Integrals threads:           8
    Memory [MiB]:             -422
    Schwarz Cutoff:          1E-12
    Fitting Condition:       1E-10

   => Auxiliary Basis Set <=

  Basis Set: (6-31G* AUX)
    Blend: CC-PVDZ-JKFIT
    Number of shells: 312
    Number of basis functions: 1010
    Number of Cartesian functions: 1010
    Spherical Harmonics?: false
    Max angular momentum: 3

  ==> DFT Potential <==

   => LibXC <=

    Version 7.1.2
    S. Lehtola, C. Steigemann, M. J. T. Oliveira, and M. A. L. Marques,  SoftwareX 7, 1–5 (2018) (10.1016/j.softx.2017.11.002)

   => Composite Functional: B3LYP <= 

    B3LYP Hyb-GGA Exchange-Correlation Functional

    P. J. Stephens, F. J. Devlin, C. F. Chabalowski, and M. J. Frisch,  J. Phys. Chem. 98, 11623 (1994) (10.1021/j100096a001)

    Deriv               =              1
    GGA                 =           TRUE
    Meta                =          FALSE

    Exchange Hybrid     =           TRUE
    MP2 Hybrid          =          FALSE

   => Exchange Functionals <=

    0.0800   Slater exchange
    0.7200         Becke 88

   => Exact (HF) Exchange <=

    0.2000               HF 

   => Correlation Functionals <=

    0.1900   Vosko, Wilk & Nusair (VWN5_RPA)
    0.8100   Lee, Yang & Parr

   => LibXC Density Thresholds  <==

    XC_HYB_GGA_XC_B3LYP:  1.00E-15 

   => Molecular Quadrature <=

    Radial Scheme          =       TREUTLER
    Pruning Scheme         =           NONE
    Nuclear Scheme         =       TREUTLER

    Blocking Scheme        =         OCTREE
    BS radius alpha        =              1
    Pruning alpha          =              1
    Radial Points          =             99
    Spherical Points       =            590
    Total Points           =         959526
    Total Blocks           =           6490
    Max Points             =            256
    Max Functions          =            160
    Weights Tolerance      =       1.00E-15


  -Total Gradient:
     Atom            X                  Y                   Z
    ------   -----------------  -----------------  -----------------
       1       -0.000000282269    -0.023718737058     0.000000000000
       2       -0.000000035633     0.023718797424     0.000000000000
       3       -0.034097066081     0.010327180176    -0.000000000000
       4       -0.034097135029    -0.010327140629     0.000000000000
       5        0.017911211039    -0.016802457361     0.000000000000
       6        0.017911170994     0.016802393564     0.000000000000
       7        0.034097227022     0.010327109428     0.000000000000
       8        0.034097150435    -0.010327169765    -0.000000000000
       9       -0.017911148644    -0.016802432746     0.000000000000
      10       -0.017911179037     0.016802456612     0.000000000000
      11        0.000844421064    -0.004647327686    -0.000000000000
      12        0.000844429325     0.004647360824    -0.000000000000
      13       -0.003931811748    -0.002566605933     0.000000000000
      14       -0.003931843737     0.002566626116    -0.000000000000
      15       -0.000844426985    -0.004647384266     0.000000000000
      16       -0.000844427964     0.004647334831    -0.000000000000
      17        0.003931875272    -0.002566642682    -0.000000000000
      18        0.003931871975     0.002566639151     0.000000000000


*** tstop() called on Asus18 at Thu Sep 10 13:04:00 2026
Module time:
	user time   =        nan seconds =        nan minutes
	system time =        nan seconds =        nan minutes
	total time  =          2 seconds =       0.03 minutes
Total time:
	user time   =        nan seconds =        nan minutes
	system time =        nan seconds =        nan minutes
	total time  =         14 seconds =       0.23 minutes

    			-----------------------------------------

    			 OPTKING 3.0: for geometry optimizations 

    			     By R.A. King, Bethel University     

    			        with contributions from          

    			    A.V. Copan, J. Cayton, A. Heide      

    			-----------------------------------------

    
	                            ===> Fragment 1 <== 

	 Z (Atomic Numbers)          Masses                          Geom                  
	       6.000000            12.000000          0.00000000  1.32280829  0.00000000   
	       6.000000            12.000000          0.00000000 -1.32280829  0.00000000   
	       6.000000            12.000000          2.29110395  2.64561658  0.00000000   
	       6.000000            12.000000          2.29110395 -2.64561658  0.00000000   
	       6.000000            12.000000          4.58239688  1.32280829  0.00000000   
	       6.000000            12.000000          4.58239688 -1.32280829  0.00000000   
	       6.000000            12.000000         -2.29110395  2.64561658  0.00000000   
	       6.000000            12.000000         -2.29110395 -2.64561658  0.00000000   
	       6.000000            12.000000         -4.58239688  1.32280829  0.00000000   
	       6.000000            12.000000         -4.58239688 -1.32280829  0.00000000   
	       1.000000             1.007825          2.29110395  4.68652079  0.00000000   
	       1.000000             1.007825          2.29110395 -4.68652079  0.00000000   
	       1.000000             1.007825          6.34985773  2.34326040  0.00000000   
	       1.000000             1.007825          6.34985773 -2.34326040  0.00000000   
	       1.000000             1.007825         -2.29110395  4.68652079  0.00000000   
	       1.000000             1.007825         -2.29110395 -4.68652079  0.00000000   
	       1.000000             1.007825         -6.34985773  2.34326040  0.00000000   
	       1.000000             1.007825         -6.34985773 -2.34326040  0.00000000   

	 - Coordinate -           - BOHR/RAD -       - ANG/DEG -
	 R(1,2)           =         2.645617           1.400000
	 R(1,3)           =         2.645558           1.399969
	 R(1,7)           =         2.645558           1.399969
	 R(2,4)           =         2.645558           1.399969
	 R(2,8)           =         2.645558           1.399969
	 R(3,5)           =         2.645722           1.400056
	 R(3,11)          =         2.040904           1.080000
	 R(4,6)           =         2.645722           1.400056
	 R(4,12)          =         2.040904           1.080000
	 R(5,6)           =         2.645617           1.400000
	 R(5,13)          =         2.040892           1.079994
	 R(6,14)          =         2.040892           1.079994
	 R(7,9)           =         2.645722           1.400056
	 R(7,15)          =         2.040904           1.080000
	 R(8,10)          =         2.645722           1.400056
	 R(8,16)          =         2.040904           1.080000
	 R(9,10)          =         2.645617           1.400000
	 R(9,17)          =         2.040892           1.079994
	 R(10,18)         =         2.040892           1.079994
	 B(1,2,4)         =         2.094408         120.000728
	 B(1,2,8)         =         2.094408         120.000728
	 B(1,3,5)         =         2.094405         120.000591
	 B(1,3,11)        =         2.094408         120.000728
	 B(1,7,9)         =         2.094405         120.000591
	 B(1,7,15)        =         2.094408         120.000728
	 B(2,1,3)         =         2.094408         120.000728
	 B(2,1,7)         =         2.094408         120.000728
	 B(2,4,6)         =         2.094405         120.000591
	 B(2,4,12)        =         2.094408         120.000728
	 B(2,8,10)        =         2.094405         120.000591
	 B(2,8,16)        =         2.094408         120.000728
	 B(3,1,7)         =         2.094370         119.998544
	 B(3,5,6)         =         2.094372         119.998682
	 B(3,5,13)        =         2.094415         120.001121
	 B(4,2,8)         =         2.094370         119.998544
	 B(4,6,5)         =         2.094372         119.998682
	 B(4,6,14)        =         2.094415         120.001121
	 B(5,3,11)        =         2.094372         119.998682
	 B(5,6,14)        =         2.094399         120.000197
	 B(6,4,12)        =         2.094372         119.998682
	 B(6,5,13)        =         2.094399         120.000197
	 B(7,9,10)        =         2.094372         119.998682
	 B(7,9,17)        =         2.094415         120.001121
	 B(8,10,9)        =         2.094372         119.998682
	 B(8,10,18)       =         2.094415         120.001121
	 B(9,7,15)        =         2.094372         119.998682
	 B(9,10,18)       =         2.094399         120.000197
	 B(10,8,16)       =         2.094372         119.998682
	 B(10,9,17)       =         2.094399         120.000197
	 D(1,2,4,6)       =         0.000000           0.000000
	 D(1,2,4,12)      =         3.141593         180.000000
	 D(1,2,8,10)      =         0.000000           0.000000
	 D(1,2,8,16)      =         3.141593         180.000000
	 D(1,3,5,6)       =         0.000000           0.000000
	 D(1,3,5,13)      =         3.141593         180.000000
	 D(1,7,9,10)      =         0.000000           0.000000
	 D(1,7,9,17)      =         3.141593         180.000000
	 D(2,1,3,5)       =         0.000000           0.000000
	 D(2,1,3,11)      =         3.141593         180.000000
	 D(2,1,7,9)       =         0.000000           0.000000
	 D(2,1,7,15)      =         3.141593         180.000000
	 D(2,4,6,5)       =         0.000000           0.000000
	 D(2,4,6,14)      =         3.141593         180.000000
	 D(2,8,10,9)      =         0.000000           0.000000
	 D(2,8,10,18)     =         3.141593         180.000000
	 D(3,1,2,4)       =         0.000000           0.000000
	 D(3,1,2,8)       =         3.141593         180.000000
	 D(3,1,7,9)       =         3.141593         180.000000
	 D(3,1,7,15)      =         0.000000           0.000000
	 D(3,5,6,4)       =         0.000000           0.000000
	 D(3,5,6,14)      =         3.141593         180.000000
	 D(4,2,1,7)       =         3.141593         180.000000
	 D(4,2,8,10)      =         3.141593         180.000000
	 D(4,2,8,16)      =         0.000000           0.000000
	 D(4,6,5,13)      =         3.141593         180.000000
	 D(5,3,1,7)       =         3.141593         180.000000
	 D(5,6,4,12)      =         3.141593         180.000000
	 D(6,4,2,8)       =         3.141593         180.000000
	 D(6,5,3,11)      =         3.141593         180.000000
	 D(7,1,2,8)       =         0.000000           0.000000
	 D(7,1,3,11)      =         0.000000           0.000000
	 D(7,9,10,8)      =         0.000000           0.000000
	 D(7,9,10,18)     =         3.141593         180.000000
	 D(8,2,4,12)      =         0.000000           0.000000
	 D(8,10,9,17)     =         3.141593         180.000000
	 D(9,10,8,16)     =         3.141593         180.000000
	 D(10,9,7,15)     =         3.141593         180.000000
	 D(11,3,5,13)     =         0.000000           0.000000
	 D(12,4,6,14)     =         0.000000           0.000000
	 D(13,5,6,14)     =         0.000000           0.000000
	 D(15,7,9,17)     =         0.000000           0.000000
	 D(16,8,10,18)    =         0.000000           0.000000
	 D(17,9,10,18)    =         0.000000           0.000000


	        --- Internal Coordinate Step in ANG or DEG, aJ/ANG or AJ/DEG ---
	-------------------------------------------------------------------------------
	           Coordinate      Previous         Force          Change          New 
	           ----------      --------        ------          ------        ------
	               R(1,2)       1.40000        0.21228        0.03329       1.43329
	               R(1,3)       1.39997        0.14173        0.02055       1.42052
	               R(1,7)       1.39997        0.14173        0.02055       1.42052
	               R(2,4)       1.39997        0.14173        0.02055       1.42052
	               R(2,8)       1.39997        0.14173        0.02055       1.42052
	               R(3,5)       1.40006       -0.12736       -0.01858       1.38148
	              R(3,11)       1.08000        0.03829        0.00666       1.08666
	               R(4,6)       1.40006       -0.12736       -0.01858       1.38148
	              R(4,12)       1.08000        0.03829        0.00666       1.08666
	               R(5,6)       1.40000        0.10435        0.01240       1.41240
	              R(5,13)       1.07999        0.03863        0.00672       1.08671
	              R(6,14)       1.07999        0.03863        0.00672       1.08671
	               R(7,9)       1.40006       -0.12736       -0.01858       1.38148
	              R(7,15)       1.08000        0.03829        0.00666       1.08666
	              R(8,10)       1.40006       -0.12736       -0.01858       1.38148
	              R(8,16)       1.08000        0.03829        0.00666       1.08666
	              R(9,10)       1.40000        0.10435        0.01240       1.41240
	              R(9,17)       1.07999        0.03863        0.00672       1.08671
	             R(10,18)       1.07999        0.03863        0.00672       1.08671
	             B(1,2,4)     120.00073       -0.00047       -1.04464     118.95609
	             B(1,2,8)     120.00073       -0.00047       -1.04464     118.95609
	             B(1,3,5)     120.00059        0.00019        0.68647     120.68706
	            B(1,3,11)     120.00073       -0.00016       -0.63495     119.36578
	             B(1,7,9)     120.00059        0.00019        0.68648     120.68707
	            B(1,7,15)     120.00073       -0.00016       -0.63496     119.36577
	             B(2,1,3)     120.00073       -0.00047       -1.04463     118.95610
	             B(2,1,7)     120.00073       -0.00047       -1.04464     118.95609
	             B(2,4,6)     120.00059        0.00019        0.68647     120.68706
	            B(2,4,12)     120.00073       -0.00016       -0.63495     119.36578
	            B(2,8,10)     120.00059        0.00019        0.68648     120.68707
	            B(2,8,16)     120.00073       -0.00016       -0.63496     119.36577
	             B(3,1,7)     119.99854        0.00095        2.08926     122.08781
	             B(3,5,6)     119.99868        0.00029        0.35816     120.35684
	            B(3,5,13)     120.00112       -0.00016       -0.26780     119.73332
	             B(4,2,8)     119.99854        0.00095        2.08927     122.08782
	             B(4,6,5)     119.99868        0.00029        0.35816     120.35684
	            B(4,6,14)     120.00112       -0.00016       -0.26780     119.73332
	            B(5,3,11)     119.99868       -0.00003       -0.05152     119.94716
	            B(5,6,14)     120.00020       -0.00012       -0.09036     119.90984
	            B(6,4,12)     119.99868       -0.00003       -0.05152     119.94717
	            B(6,5,13)     120.00020       -0.00012       -0.09036     119.90984
	            B(7,9,10)     119.99868        0.00029        0.35816     120.35684
	            B(7,9,17)     120.00112       -0.00016       -0.26780     119.73332
	            B(8,10,9)     119.99868        0.00029        0.35816     120.35684
	           B(8,10,18)     120.00112       -0.00016       -0.26780     119.73332
	            B(9,7,15)     119.99868       -0.00003       -0.05152     119.94716
	           B(9,10,18)     120.00020       -0.00012       -0.09036     119.90984
	           B(10,8,16)     119.99868       -0.00003       -0.05152     119.94716
	           B(10,9,17)     120.00020       -0.00012       -0.09035     119.90984
	           D(1,2,4,6)       0.00000       -0.00000       -0.00000      -0.00000
	          D(1,2,4,12)     180.00000       -0.00000        0.00000     180.00000
	          D(1,2,8,10)       0.00000        0.00000        0.00000       0.00000
	          D(1,2,8,16)     180.00000        0.00000        0.00000     180.00000
	           D(1,3,5,6)       0.00000       -0.00000       -0.00000      -0.00000
	          D(1,3,5,13)     180.00000       -0.00000        0.00000     180.00000
	          D(1,7,9,10)       0.00000        0.00000        0.00000       0.00000
	          D(1,7,9,17)     180.00000       -0.00000        0.00000     180.00000
	           D(2,1,3,5)       0.00000        0.00000        0.00000       0.00000
	          D(2,1,3,11)     180.00000        0.00000        0.00000     180.00000
	           D(2,1,7,9)       0.00000       -0.00000       -0.00000      -0.00000
	          D(2,1,7,15)     180.00000       -0.00000        0.00000     180.00000
	           D(2,4,6,5)       0.00000        0.00000        0.00000       0.00000
	          D(2,4,6,14)     180.00000       -0.00000        0.00000     180.00000
	          D(2,8,10,9)       0.00000       -0.00000       -0.00000      -0.00000
	         D(2,8,10,18)     180.00000        0.00000        0.00000     180.00000
	           D(3,1,2,4)       0.00000       -0.00000       -0.00000      -0.00000
	           D(3,1,2,8)     180.00000       -0.00000        0.00000     180.00000
	           D(3,1,7,9)     180.00000        0.00000        0.00000     180.00000
	          D(3,1,7,15)       0.00000       -0.00000       -0.00000      -0.00000
	           D(3,5,6,4)       0.00000        0.00000        0.00000       0.00000
	          D(3,5,6,14)     180.00000        0.00000        0.00000     180.00000
	           D(4,2,1,7)     180.00000        0.00000        0.00000     180.00000
	          D(4,2,8,10)     180.00000        0.00000        0.00000     180.00000
	          D(4,2,8,16)       0.00000        0.00000        0.00000       0.00000
	          D(4,6,5,13)     180.00000       -0.00000        0.00000     180.00000
	           D(5,3,1,7)     180.00000        0.00000        0.00000     180.00000
	          D(5,6,4,12)     180.00000        0.00000        0.00000     180.00000
	           D(6,4,2,8)     180.00000        0.00000        0.00000     180.00000
	          D(6,5,3,11)     180.00000       -0.00000        0.00000     180.00000
	           D(7,1,2,8)       0.00000       -0.00000       -0.00000      -0.00000
	          D(7,1,3,11)       0.00000        0.00000        0.00000       0.00000
	          D(7,9,10,8)       0.00000        0.00000        0.00000       0.00000
	         D(7,9,10,18)     180.00000       -0.00000        0.00000     180.00000
	          D(8,2,4,12)       0.00000        0.00000        0.00000       0.00000
	         D(8,10,9,17)     180.00000        0.00000        0.00000     180.00000
	         D(9,10,8,16)     180.00000       -0.00000        0.00000     180.00000
	         D(10,9,7,15)     180.00000        0.00000        0.00000     180.00000
	         D(11,3,5,13)       0.00000       -0.00000       -0.00000      -0.00000
	         D(12,4,6,14)       0.00000        0.00000        0.00000       0.00000
	         D(13,5,6,14)       0.00000       -0.00000       -0.00000      -0.00000
	         D(15,7,9,17)       0.00000       -0.00000       -0.00000      -0.00000
	        D(16,8,10,18)       0.00000        0.00000        0.00000       0.00000
	        D(17,9,10,18)       0.00000        0.00000        0.00000       0.00000
	-------------------------------------------------------------------------------

	                                 ==> Convergence Check <==                                  
    
	Measures of convergence in internal coordinates in au.
    
	Criteria marked as inactive (o), active & met (*), and active & unmet ( ).

	----------------------------------------------------------------------------------------------~
	   Step    Total Energy     Delta E     Max Force     RMS Force      Max Disp      RMS Disp   ~
	----------------------------------------------------------------------------------------------~
	  Convergence Criteria     1.00e-06 *    3.00e-04 *             o    1.20e-03 *             o~
	----------------------------------------------------------------------------------------------~
	     1    -385.88748954   -3.86e+02      2.58e-02      6.47e-03 o    6.29e-02      1.56e-02 o  ~
	----------------------------------------------------------------------------------------------

Next Geometry in Ang 
	Fragment 1 (Ang)

	    C   0.0000001763   0.7166456653  -0.0000000000
	    C   0.0000001065  -0.7166458224  -0.0000000000
	    C   1.2429455862   1.4043770935   0.0000000000
	    C   1.2429456863  -1.4043772277  -0.0000000000
	    C   2.4350152758   0.7062004618  -0.0000000000
	    C   2.4350153733  -0.7062004235  -0.0000000000
	    C  -1.2429455870   1.4043771214  -0.0000000000
	    C  -1.2429456069  -1.4043770671   0.0000000000
	    C  -2.4350154248   0.7062004956  -0.0000000000
	    C  -2.4350154055  -0.7062004319  -0.0000000000
	    H   1.2507154106   2.4910105857   0.0000000000
	    H   1.2507155504  -2.4910107676   0.0000000000
	    H   3.3769906044   1.2480756274   0.0000000000
	    H   3.3769908077  -1.2480755143  -0.0000000000
	    H  -1.2507153932   2.4910106953   0.0000000000
	    H  -1.2507154834  -2.4910105692   0.0000000000
	    H  -3.3769908480   1.2480757082   0.0000000000
	    H  -3.3769908287  -1.2480756306   0.0000000000


    Structure for next step:
    Molecular point group: c1
    Full point group: Cs

    Geometry (in Angstrom), charge = 0, multiplicity = 1:

    C            0.000000176315     0.716645665270    -0.000000000001
    C            0.000000106535    -0.716645822369    -0.000000000001
    C            1.242945586184     1.404377093508     0.000000000000
    C            1.242945686313    -1.404377227654    -0.000000000000
    C            2.435015275770     0.706200461821    -0.000000000001
    C            2.435015373285    -0.706200423529    -0.000000000001
    C           -1.242945587016     1.404377121377    -0.000000000001
    C           -1.242945606935    -1.404377067112     0.000000000000
    C           -2.435015424819     0.706200495573    -0.000000000001
    C           -2.435015405462    -0.706200431866    -0.000000000001
    H            1.250715410627     2.491010585731     0.000000000002
    H            1.250715550424    -2.491010767600     0.000000000001
    H            3.376990604366     1.248075627405     0.000000000000
    H            3.376990807698    -1.248075514313    -0.000000000000
    H           -1.250715393186     2.491010695339     0.000000000001
    H           -1.250715483431    -2.491010569204     0.000000000002
    H           -3.376990847976     1.248075708235     0.000000000001
    H           -3.376990828692    -1.248075630611     0.000000000000


Scratch directory: C:\Users\thebr\AppData\Local\Temp/
gradient() will perform analytic gradient computation.
   => Libint2 <=

    Primary   basis highest AM E, G, H:  7, 6, -
    Auxiliary basis highest AM E, G, H:  7, 7, -
    Onebody   basis highest AM E, G, H:  -, -, -
    Solid Harmonics ordering:            Gaussian

*** tstart() called on Asus18
*** at Thu Sep 10 13:04:00 2026

   => Loading Basis Set <=

    Name: 6-31G*
    Role: ORBITAL
    Keyword: BASIS
    atoms 1-10  entry C          line   111 file C:\Users\thebr\.conda\envs\qc\Library\share\psi4\basis\6-31gs.gbs 
    atoms 11-18 entry H          line    44 file C:\Users\thebr\.conda\envs\qc\Library\share\psi4\basis\6-31gs.gbs 


         ---------------------------------------------------------
                                   SCF
               by Justin Turney, Rob Parrish, Andy Simmonett
                          and Daniel G. A. Smith
                              RKS Reference
                        8 Threads,   -562 MiB Core
         ---------------------------------------------------------

  ==> Geometry <==

    Molecular point group: c1
    Full point group: Cs

    Geometry (in Angstrom), charge = 0, multiplicity = 1:

       Center              X                  Y                   Z               Mass       
    ------------   -----------------  -----------------  -----------------  -----------------
         C            0.000000176315     0.716645665270    -0.000000000001    12.000000000000
         C            0.000000106535    -0.716645822369    -0.000000000001    12.000000000000
         C            1.242945586184     1.404377093508     0.000000000000    12.000000000000
         C            1.242945686313    -1.404377227654    -0.000000000000    12.000000000000
         C            2.435015275770     0.706200461821    -0.000000000001    12.000000000000
         C            2.435015373285    -0.706200423529    -0.000000000001    12.000000000000
         C           -1.242945587016     1.404377121377    -0.000000000001    12.000000000000
         C           -1.242945606935    -1.404377067112     0.000000000000    12.000000000000
         C           -2.435015424819     0.706200495573    -0.000000000001    12.000000000000
         C           -2.435015405462    -0.706200431866    -0.000000000001    12.000000000000
         H            1.250715410627     2.491010585731     0.000000000002     1.007825032230
         H            1.250715550424    -2.491010767600     0.000000000001     1.007825032230
         H            3.376990604366     1.248075627405     0.000000000000     1.007825032230
         H            3.376990807698    -1.248075514313    -0.000000000000     1.007825032230
         H           -1.250715393186     2.491010695339     0.000000000001     1.007825032230
         H           -1.250715483431    -2.491010569204     0.000000000002     1.007825032230
         H           -3.376990847976     1.248075708235     0.000000000001     1.007825032230
         H           -3.376990828692    -1.248075630611     0.000000000000     1.007825032230

  Running in c1 symmetry.

  Rotational constants: A =      0.10391  B =      0.04101  C =      0.02941 [cm^-1]
  Rotational constants: A =   3115.24000  B =   1229.50821  C =    881.57310 [MHz]
  Nuclear repulsion =  457.041918385758834

  Charge       = 0
  Multiplicity = 1
  Electrons    = 68
  Nalpha       = 34
  Nbeta        = 34

  ==> Algorithm <==

  SCF Algorithm Type is DF.
  DIIS enabled.
  MOM disabled.
  Fractional occupation disabled.
  Guess Type is READ.
  Energy threshold   = 1.00e-10
  Density threshold  = 1.00e-08
  Integral threshold = 1.00e-12

  ==> Primary Basis <==

  Basis Set: 6-31G*
    Blend: 6-31G*
    Number of shells: 76
    Number of basis functions: 166
    Number of Cartesian functions: 166
    Spherical Harmonics?: false
    Max angular momentum: 2

  ==> DFT Potential <==

   => LibXC <=

    Version 7.1.2
    S. Lehtola, C. Steigemann, M. J. T. Oliveira, and M. A. L. Marques,  SoftwareX 7, 1–5 (2018) (10.1016/j.softx.2017.11.002)

   => Composite Functional: B3LYP <= 

    B3LYP Hyb-GGA Exchange-Correlation Functional

    P. J. Stephens, F. J. Devlin, C. F. Chabalowski, and M. J. Frisch,  J. Phys. Chem. 98, 11623 (1994) (10.1021/j100096a001)

    Deriv               =              1
    GGA                 =           TRUE
    Meta                =          FALSE

    Exchange Hybrid     =           TRUE
    MP2 Hybrid          =          FALSE

   => Exchange Functionals <=

    0.0800   Slater exchange
    0.7200         Becke 88

   => Exact (HF) Exchange <=

    0.2000               HF 

   => Correlation Functionals <=

    0.1900   Vosko, Wilk & Nusair (VWN5_RPA)
    0.8100   Lee, Yang & Parr

   => LibXC Density Thresholds  <==

    XC_HYB_GGA_XC_B3LYP:  1.00E-15 

   => Molecular Quadrature <=

    Radial Scheme          =       TREUTLER
    Pruning Scheme         =           NONE
    Nuclear Scheme         =       TREUTLER

    Blocking Scheme        =         OCTREE
    BS radius alpha        =              1
    Pruning alpha          =              1
    Radial Points          =             99
    Spherical Points       =            590
    Total Points           =         960056
    Total Blocks           =           6535
    Max Points             =            256
    Max Functions          =            160
    Weights Tolerance      =       1.00E-15

   => Loading Basis Set <=

    Name: (6-31G* AUX)
    Role: JKFIT
    Keyword: DF_BASIS_SCF
    atoms 1-10  entry C          line   121 file C:\Users\thebr\.conda\envs\qc\Library\share\psi4\basis\cc-pvdz-jkfit.gbs 
    atoms 11-18 entry H          line    51 file C:\Users\thebr\.conda\envs\qc\Library\share\psi4\basis\cc-pvdz-jkfit.gbs 

   => Loading Basis Set <=

    Name: 6-31G*
    Role: ORBITAL
    Keyword: BASIS
    atoms 1-10  entry C          line   111 file C:\Users\thebr\.conda\envs\qc\Library\share\psi4\basis\6-31gs.gbs 
    atoms 11-18 entry H          line    44 file C:\Users\thebr\.conda\envs\qc\Library\share\psi4\basis\6-31gs.gbs 

  Reading orbitals from file C:\Users\thebr\AppData\Local\Temp/geometry_psi4.default.14344.180.npy, no projection.

  ==> Integral Setup <==

  DFHelper Memory: AOs need 0.213 GiB; user supplied 2.425 GiB. 
  SCF_SUBTYPE=INCORE selected. In-core MEM_DF algorithm will be used.
  Using in-core AOs.

  ==> MemDFJK: Density-Fitted J/K Matrices <==

    J tasked:                   Yes
    K tasked:                   Yes
    wK tasked:                   No
    OpenMP threads:               8
    Memory [MiB]:              2482
    Algorithm:                 Core
    Schwarz Cutoff:           1E-12
    Mask sparsity (%):       4.9354
    Fitting Condition:        1E-10

   => Auxiliary Basis Set <=

  Basis Set: (6-31G* AUX)
    Blend: CC-PVDZ-JKFIT
    Number of shells: 312
    Number of basis functions: 1010
    Number of Cartesian functions: 1010
    Spherical Harmonics?: false
    Max angular momentum: 3

  Cached 100.0% of DFT collocation blocks in 3.163 [GiB].

  Minimum eigenvalue in the overlap matrix is 3.1074707542E-04.
  Reciprocal condition number of the overlap matrix is 3.9425542746E-05.
    Using symmetric orthogonalization.

  ==> Pre-Iterations <==

  SCF Guess: Orbitals guess was supplied from a previous computation.

   -------------------------------------------------------
    Irrep   Nso     Nmo     Nalpha   Nbeta   Ndocc  Nsocc
   -------------------------------------------------------
     A        166     166      34      34      34       0
   -------------------------------------------------------
    Total     166     166      34      34      34       0
   -------------------------------------------------------

  ==> Iterations <==

                           Total Energy        Delta E     RMS |[F,P]|

   @DF-RKS iter   0:  -385.84618853902788   -3.85846e+02   8.17118e-04 
   @DF-RKS iter   1:  -385.89054795809579   -4.43594e-02   3.48039e-04 ADIIS/DIIS
   @DF-RKS iter   2:  -385.88577079509531    4.77716e-03   6.63830e-04 ADIIS/DIIS
   @DF-RKS iter   3:  -385.89245756396207   -6.68677e-03   4.85224e-05 DIIS
   @DF-RKS iter   4:  -385.89248619835269   -2.86344e-05   1.34546e-05 DIIS
   @DF-RKS iter   5:  -385.89248882054596   -2.62219e-06   1.43497e-06 DIIS
   @DF-RKS iter   6:  -385.89248885354897   -3.30030e-08   3.86316e-07 DIIS
   @DF-RKS iter   7:  -385.89248885591854   -2.36957e-09   1.39847e-07 DIIS
   @DF-RKS iter   8:  -385.89248885622385   -3.05306e-10   9.91173e-09 DIIS
   @DF-RKS iter   9:  -385.89248885622766   -3.80851e-12   1.32600e-09 DIIS
  Energy and wave function converged.


  ==> Post-Iterations <==

   Electrons on quadrature grid:
      Ntotal   =   68.0000011785 ; deviation = 1.178e-06 

    Orbital Energies [Eh]
    ---------------------

    Doubly Occupied:                                                      

       1A    -10.195835     2A    -10.195417     3A    -10.189581  
       4A    -10.189577     5A    -10.189278     6A    -10.189266  
       7A    -10.188834     8A    -10.188821     9A    -10.188663  
      10A    -10.188655    11A     -0.868364    12A     -0.815654  
      13A     -0.768727    14A     -0.736815    15A     -0.714073  
      16A     -0.622294    17A     -0.606721    18A     -0.592663  
      19A     -0.511420    20A     -0.507778    21A     -0.488516  
      22A     -0.446716    23A     -0.437189    24A     -0.415117  
      25A     -0.410488    26A     -0.396756    27A     -0.385256  
      28A     -0.367850    29A     -0.334328    30A     -0.329459  
      31A     -0.322669    32A     -0.280802    33A     -0.240694  
      34A     -0.211553  

    Virtual:                                                              

      35A     -0.036281    36A     -0.004696    37A      0.035120  
      38A      0.095613    39A      0.102818    40A      0.112550  
      41A      0.122381    42A      0.166599    43A      0.167197  
      44A      0.174611    45A      0.182316    46A      0.203532  
      47A      0.205839    48A      0.247516    49A      0.282495  
      50A      0.308326    51A      0.314197    52A      0.324406  
      53A      0.326876    54A      0.361276    55A      0.473727  
      56A      0.494562    57A      0.514092    58A      0.521261  
      59A      0.524653    60A      0.527071    61A      0.548546  
      62A      0.562886    63A      0.571162    64A      0.584560  
      65A      0.593193    66A      0.610988    67A      0.611254  
      68A      0.614403    69A      0.614603    70A      0.615394  
      71A      0.627499    72A      0.628099    73A      0.638604  
      74A      0.674151    75A      0.690697    76A      0.692603  
      77A      0.757277    78A      0.826015    79A      0.828303  
      80A      0.835237    81A      0.838001    82A      0.838752  
      83A      0.853722    84A      0.856750    85A      0.899955  
      86A      0.900672    87A      0.925160    88A      0.944037  
      89A      0.944416    90A      0.986336    91A      1.001200  
      92A      1.050538    93A      1.057872    94A      1.070188  
      95A      1.086952    96A      1.153628    97A      1.195904  
      98A      1.196281    99A      1.243502   100A      1.257585  
     101A      1.276010   102A      1.310710   103A      1.392223  
     104A      1.413231   105A      1.445428   106A      1.458272  
     107A      1.459017   108A      1.489858   109A      1.490515  
     110A      1.495173   111A      1.499191   112A      1.510170  
     113A      1.529122   114A      1.723605   115A      1.772979  
     116A      1.779473   117A      1.858756   118A      1.894790  
     119A      1.896621   120A      1.910215   121A      1.928203  
     122A      1.947611   123A      1.950925   124A      1.952183  
     125A      1.995745   126A      2.031057   127A      2.047364  
     128A      2.125946   129A      2.145222   130A      2.156883  
     131A      2.199761   132A      2.201325   133A      2.207263  
     134A      2.276941   135A      2.284022   136A      2.306299  
     137A      2.325427   138A      2.334983   139A      2.378893  
     140A      2.419286   141A      2.605537   142A      2.612099  
     143A      2.616671   144A      2.617004   145A      2.641612  
     146A      2.672575   147A      2.718178   148A      2.751961  
     149A      2.782986   150A      2.830146   151A      2.855802  
     152A      2.877087   153A      2.941938   154A      3.093538  
     155A      3.355172   156A      3.470985   157A      4.080436  
     158A      4.093404   159A      4.117780   160A      4.122463  
     161A      4.148741   162A      4.262220   163A      4.349480  
     164A      4.400178   165A      4.515960   166A      4.800346  

    Final Occupation by Irrep:
              A 
    DOCC [    34 ]
    NA   [    34 ]
    NB   [    34 ]

  @DF-RKS Final Energy:  -385.89248885622766

   => Energetics <=

    Nuclear Repulsion Energy =            457.0419183857588337
    One-Electron Energy =               -1425.1386064177156641
    Two-Electron Energy =                 628.5084121926796570
    DFT Exchange-Correlation Energy =     -46.3042130169505555
    Empirical Dispersion Energy =           0.0000000000000000
    VV10 Nonlocal Energy =                  0.0000000000000000
    Total Energy =                       -385.8924888562276578

Computation Completed


Properties will be evaluated at   0.000000,   0.000000,   0.000000 [a0]

Properties computed using the SCF density matrix


 Multipole Moments:

 ------------------------------------------------------------------------------------
     Multipole            Electronic (a.u.)      Nuclear  (a.u.)        Total (a.u.)
 ------------------------------------------------------------------------------------

 L = 1.  Multiply by 2.5417464519 to convert [e a0] to [Debye]
 Dipole X            :         -0.0000015            0.0000017            0.0000002
 Dipole Y            :          0.0000013           -0.0000013           -0.0000000
 Dipole Z            :          0.0000000           -0.0000000            0.0000000
 Magnitude           :                                                    0.0000002

 ------------------------------------------------------------------------------------

*** tstop() called on Asus18 at Thu Sep 10 13:04:10 2026
Module time:
	user time   =        nan seconds =        nan minutes
	system time =        nan seconds =        nan minutes
	total time  =         10 seconds =       0.17 minutes
Total time:
	user time   =        nan seconds =        nan minutes
	system time =        nan seconds =        nan minutes
	total time  =         24 seconds =       0.40 minutes

*** tstart() called on Asus18
*** at Thu Sep 10 13:04:10 2026


         ------------------------------------------------------------
                                   SCF GRAD                          
                          Rob Parrish, Justin Turney,                
                       Andy Simmonett, and Alex Sokolov              
         ------------------------------------------------------------

  ==> Geometry <==

    Molecular point group: c1
    Full point group: Cs

    Geometry (in Angstrom), charge = 0, multiplicity = 1:

       Center              X                  Y                   Z               Mass       
    ------------   -----------------  -----------------  -----------------  -----------------
         C            0.000000176315     0.716645665270    -0.000000000001    12.000000000000
         C            0.000000106535    -0.716645822369    -0.000000000001    12.000000000000
         C            1.242945586184     1.404377093508     0.000000000000    12.000000000000
         C            1.242945686313    -1.404377227654    -0.000000000000    12.000000000000
         C            2.435015275770     0.706200461821    -0.000000000001    12.000000000000
         C            2.435015373285    -0.706200423529    -0.000000000001    12.000000000000
         C           -1.242945587016     1.404377121377    -0.000000000001    12.000000000000
         C           -1.242945606935    -1.404377067112     0.000000000000    12.000000000000
         C           -2.435015424819     0.706200495573    -0.000000000001    12.000000000000
         C           -2.435015405462    -0.706200431866    -0.000000000001    12.000000000000
         H            1.250715410627     2.491010585731     0.000000000002     1.007825032230
         H            1.250715550424    -2.491010767600     0.000000000001     1.007825032230
         H            3.376990604366     1.248075627405     0.000000000000     1.007825032230
         H            3.376990807698    -1.248075514313    -0.000000000000     1.007825032230
         H           -1.250715393186     2.491010695339     0.000000000001     1.007825032230
         H           -1.250715483431    -2.491010569204     0.000000000002     1.007825032230
         H           -3.376990847976     1.248075708235     0.000000000001     1.007825032230
         H           -3.376990828692    -1.248075630611     0.000000000000     1.007825032230

  Nuclear repulsion =  457.041918385758834

  ==> Basis Set <==

  Basis Set: 6-31G*
    Blend: 6-31G*
    Number of shells: 76
    Number of basis functions: 166
    Number of Cartesian functions: 166
    Spherical Harmonics?: false
    Max angular momentum: 2

  ==> DFJKGrad: Density-Fitted SCF Gradients <==

    Gradient:                    1
    J tasked:                  Yes
    K tasked:                  Yes
    wK tasked:                  No
    OpenMP threads:              8
    Integrals threads:           8
    Memory [MiB]:             -422
    Schwarz Cutoff:          1E-12
    Fitting Condition:       1E-10

   => Auxiliary Basis Set <=

  Basis Set: (6-31G* AUX)
    Blend: CC-PVDZ-JKFIT
    Number of shells: 312
    Number of basis functions: 1010
    Number of Cartesian functions: 1010
    Spherical Harmonics?: false
    Max angular momentum: 3

  ==> DFT Potential <==

   => LibXC <=

    Version 7.1.2
    S. Lehtola, C. Steigemann, M. J. T. Oliveira, and M. A. L. Marques,  SoftwareX 7, 1–5 (2018) (10.1016/j.softx.2017.11.002)

   => Composite Functional: B3LYP <= 

    B3LYP Hyb-GGA Exchange-Correlation Functional

    P. J. Stephens, F. J. Devlin, C. F. Chabalowski, and M. J. Frisch,  J. Phys. Chem. 98, 11623 (1994) (10.1021/j100096a001)

    Deriv               =              1
    GGA                 =           TRUE
    Meta                =          FALSE

    Exchange Hybrid     =           TRUE
    MP2 Hybrid          =          FALSE

   => Exchange Functionals <=

    0.0800   Slater exchange
    0.7200         Becke 88

   => Exact (HF) Exchange <=

    0.2000               HF 

   => Correlation Functionals <=

    0.1900   Vosko, Wilk & Nusair (VWN5_RPA)
    0.8100   Lee, Yang & Parr

   => LibXC Density Thresholds  <==

    XC_HYB_GGA_XC_B3LYP:  1.00E-15 

   => Molecular Quadrature <=

    Radial Scheme          =       TREUTLER
    Pruning Scheme         =           NONE
    Nuclear Scheme         =       TREUTLER

    Blocking Scheme        =         OCTREE
    BS radius alpha        =              1
    Pruning alpha          =              1
    Radial Points          =             99
    Spherical Points       =            590
    Total Points           =         960056
    Total Blocks           =           6535
    Max Points             =            256
    Max Functions          =            160
    Weights Tolerance      =       1.00E-15


  -Total Gradient:
     Atom            X                  Y                   Z
    ------   -----------------  -----------------  -----------------
       1        0.000000211517    -0.002937761983    -0.000000000000
       2       -0.000000136840     0.002937645487     0.000000000000
       3       -0.004586195586     0.003624243602     0.000000000000
       4       -0.004586118111    -0.003624304173     0.000000000000
       5        0.003183946291    -0.004801450865    -0.000000000000
       6        0.003184026312     0.004801553079    -0.000000000000
       7        0.004586101575     0.003624326479     0.000000000000
       8        0.004586197852    -0.003624222477     0.000000000000
       9       -0.003184049094    -0.004801587029    -0.000000000000
      10       -0.003183984875     0.004801553946    -0.000000000000
      11        0.001072413900    -0.000501689209     0.000000000000
      12        0.001072403147     0.000501643919     0.000000000000
      13       -0.000261632394     0.000386186818     0.000000000000
      14       -0.000261584068    -0.000386214374     0.000000000000
      15       -0.001072414862    -0.000501607412     0.000000000000
      16       -0.001072405630     0.000501685788     0.000000000000
      17        0.000261614587     0.000386194651     0.000000000000
      18        0.000261606286    -0.000386196243     0.000000000000


*** tstop() called on Asus18 at Thu Sep 10 13:04:12 2026
Module time:
	user time   =        nan seconds =        nan minutes
	system time =        nan seconds =        nan minutes
	total time  =          2 seconds =       0.03 minutes
Total time:
	user time   =        nan seconds =        nan minutes
	system time =        nan seconds =        nan minutes
	total time  =         26 seconds =       0.43 minutes

    			-----------------------------------------

    			 OPTKING 3.0: for geometry optimizations 

    			     By R.A. King, Bethel University     

    			        with contributions from          

    			    A.V. Copan, J. Cayton, A. Heide      

    			-----------------------------------------

    
	                            ===> Fragment 1 <== 

	 Z (Atomic Numbers)          Masses                          Geom                  
	       6.000000            12.000000          0.00000033  1.35426404 -0.00000000   
	       6.000000            12.000000          0.00000020 -1.35426433 -0.00000000   
	       6.000000            12.000000          2.34882675  2.65388808  0.00000000   
	       6.000000            12.000000          2.34882694 -2.65388834 -0.00000000   
	       6.000000            12.000000          4.60151198  1.33452546 -0.00000000   
	       6.000000            12.000000          4.60151217 -1.33452539 -0.00000000   
	       6.000000            12.000000         -2.34882675  2.65388814 -0.00000000   
	       6.000000            12.000000         -2.34882679 -2.65388803  0.00000000   
	       6.000000            12.000000         -4.60151226  1.33452553 -0.00000000   
	       6.000000            12.000000         -4.60151223 -1.33452541 -0.00000000   
	       1.000000             1.007825          2.36350959  4.70732778  0.00000000   
	       1.000000             1.007825          2.36350985 -4.70732813  0.00000000   
	       1.000000             1.007825          6.38158737  2.35852112  0.00000000   
	       1.000000             1.007825          6.38158775 -2.35852091 -0.00000000   
	       1.000000             1.007825         -2.36350955  4.70732799  0.00000000   
	       1.000000             1.007825         -2.36350972 -4.70732775  0.00000000   
	       1.000000             1.007825         -6.38158783  2.35852127  0.00000000   
	       1.000000             1.007825         -6.38158779 -2.35852113  0.00000000   

	 - Coordinate -           - BOHR/RAD -       - ANG/DEG -
	 R(1,2)           =         2.708528           1.433291
	 R(1,3)           =         2.684401           1.420524
	 R(1,7)           =         2.684402           1.420524
	 R(2,4)           =         2.684401           1.420524
	 R(2,8)           =         2.684401           1.420524
	 R(3,5)           =         2.610615           1.381478
	 R(3,11)          =         2.053492           1.086661
	 R(4,6)           =         2.610615           1.381478
	 R(4,12)          =         2.053492           1.086661
	 R(5,6)           =         2.669051           1.412401
	 R(5,13)          =         2.053591           1.086713
	 R(6,14)          =         2.053591           1.086714
	 R(7,9)           =         2.610615           1.381478
	 R(7,15)          =         2.053492           1.086661
	 R(8,10)          =         2.610615           1.381478
	 R(8,16)          =         2.053492           1.086661
	 R(9,10)          =         2.669051           1.412401
	 R(9,17)          =         2.053591           1.086714
	 R(10,18)         =         2.053591           1.086714
	 B(1,2,4)         =         2.076175         118.956092
	 B(1,2,8)         =         2.076175         118.956089
	 B(1,3,5)         =         2.106387         120.687060
	 B(1,3,11)        =         2.083326         119.365778
	 B(1,7,9)         =         2.106387         120.687069
	 B(1,7,15)        =         2.083326         119.365771
	 B(2,1,3)         =         2.076176         118.956102
	 B(2,1,7)         =         2.076175         118.956090
	 B(2,4,6)         =         2.106387         120.687058
	 B(2,4,12)        =         2.083326         119.365776
	 B(2,8,10)        =         2.106387         120.687075
	 B(2,8,16)        =         2.083326         119.365768
	 B(3,1,7)         =         2.130834         122.087808
	 B(3,5,6)         =         2.100623         120.356845
	 B(3,5,13)        =         2.089741         119.733317
	 B(4,2,8)         =         2.130834         122.087819
	 B(4,6,5)         =         2.100623         120.356843
	 B(4,6,14)        =         2.089741         119.733317
	 B(5,3,11)        =         2.093473         119.947162
	 B(5,6,14)        =         2.092822         119.909840
	 B(6,4,12)        =         2.093473         119.947166
	 B(6,5,13)        =         2.092821         119.909838
	 B(7,9,10)        =         2.100623         120.356837
	 B(7,9,17)        =         2.089741         119.733321
	 B(8,10,9)        =         2.100623         120.356840
	 B(8,10,18)       =         2.089741         119.733320
	 B(9,7,15)        =         2.093473         119.947160
	 B(9,10,18)       =         2.092822         119.909840
	 B(10,8,16)       =         2.093473         119.947157
	 B(10,9,17)       =         2.092822         119.909842
	 D(1,2,4,6)       =        -0.000000          -0.000000
	 D(1,2,4,12)      =         3.141593         180.000000
	 D(1,2,8,10)      =         0.000000           0.000000
	 D(1,2,8,16)      =         3.141593         180.000000
	 D(1,3,5,6)       =        -0.000000          -0.000000
	 D(1,3,5,13)      =         3.141593         180.000000
	 D(1,7,9,10)      =         0.000000           0.000000
	 D(1,7,9,17)      =         3.141593         180.000000
	 D(2,1,3,5)       =         0.000000           0.000000
	 D(2,1,3,11)      =         3.141593         180.000000
	 D(2,1,7,9)       =        -0.000000          -0.000000
	 D(2,1,7,15)      =         3.141593         180.000000
	 D(2,4,6,5)       =         0.000000           0.000000
	 D(2,4,6,14)      =         3.141593         180.000000
	 D(2,8,10,9)      =        -0.000000          -0.000000
	 D(2,8,10,18)     =         3.141593         180.000000
	 D(3,1,2,4)       =        -0.000000          -0.000000
	 D(3,1,2,8)       =         3.141593         180.000000
	 D(3,1,7,9)       =         3.141593         180.000000
	 D(3,1,7,15)      =        -0.000000          -0.000000
	 D(3,5,6,4)       =         0.000000           0.000000
	 D(3,5,6,14)      =         3.141593         180.000000
	 D(4,2,1,7)       =         3.141593         180.000000
	 D(4,2,8,10)      =         3.141593         180.000000
	 D(4,2,8,16)      =         0.000000           0.000000
	 D(4,6,5,13)      =         3.141593         180.000000
	 D(5,3,1,7)       =         3.141593         180.000000
	 D(5,6,4,12)      =         3.141593         180.000000
	 D(6,4,2,8)       =         3.141593         180.000000
	 D(6,5,3,11)      =         3.141593         180.000000
	 D(7,1,2,8)       =        -0.000000          -0.000000
	 D(7,1,3,11)      =         0.000000           0.000000
	 D(7,9,10,8)      =         0.000000           0.000000
	 D(7,9,10,18)     =         3.141593         180.000000
	 D(8,2,4,12)      =         0.000000           0.000000
	 D(8,10,9,17)     =         3.141593         180.000000
	 D(9,10,8,16)     =         3.141593         180.000000
	 D(10,9,7,15)     =         3.141593         180.000000
	 D(11,3,5,13)     =        -0.000000          -0.000000
	 D(12,4,6,14)     =         0.000000           0.000000
	 D(13,5,6,14)     =        -0.000000          -0.000000
	 D(15,7,9,17)     =        -0.000000          -0.000000
	 D(16,8,10,18)    =         0.000000           0.000000
	 D(17,9,10,18)    =         0.000000           0.000000


	        --- Internal Coordinate Step in ANG or DEG, aJ/ANG or AJ/DEG ---
	-------------------------------------------------------------------------------
	           Coordinate      Previous         Force          Change          New 
	           ----------      --------        ------          ------        ------
	               R(1,2)       1.43329        0.00492        0.00147       1.43476
	               R(1,3)       1.42052       -0.00040        0.00033       1.42086
	               R(1,7)       1.42052       -0.00041        0.00033       1.42086
	               R(2,4)       1.42052       -0.00041        0.00033       1.42086
	               R(2,8)       1.42052       -0.00040        0.00033       1.42086
	               R(3,5)       1.38148       -0.02890       -0.00484       1.37664
	              R(3,11)       1.08666        0.00407        0.00091       1.08758
	               R(4,6)       1.38148       -0.02890       -0.00484       1.37664
	              R(4,12)       1.08666        0.00407        0.00091       1.08758
	               R(5,6)       1.41240        0.02029        0.00331       1.41571
	              R(5,13)       1.08671        0.00028        0.00017       1.08688
	              R(6,14)       1.08671        0.00028        0.00017       1.08688
	               R(7,9)       1.38148       -0.02890       -0.00484       1.37664
	              R(7,15)       1.08666        0.00407        0.00091       1.08758
	              R(8,10)       1.38148       -0.02890       -0.00484       1.37664
	              R(8,16)       1.08666        0.00407        0.00091       1.08758
	              R(9,10)       1.41240        0.02029        0.00331       1.41571
	              R(9,17)       1.08671        0.00028        0.00017       1.08688
	             R(10,18)       1.08671        0.00028        0.00017       1.08688
	             B(1,2,4)     118.95609       -0.00004       -0.13249     118.82360
	             B(1,2,8)     118.95609       -0.00004       -0.13249     118.82360
	             B(1,3,5)     120.68706        0.00005        0.18971     120.87677
	            B(1,3,11)     119.36578       -0.00011       -0.53385     118.83193
	             B(1,7,9)     120.68707        0.00005        0.18971     120.87678
	            B(1,7,15)     119.36577       -0.00011       -0.53385     118.83192
	             B(2,1,3)     118.95610       -0.00004       -0.13250     118.82360
	             B(2,1,7)     118.95609       -0.00004       -0.13250     118.82359
	             B(2,4,6)     120.68706        0.00005        0.18971     120.87677
	            B(2,4,12)     119.36578       -0.00011       -0.53384     118.83193
	            B(2,8,10)     120.68707        0.00005        0.18970     120.87678
	            B(2,8,16)     119.36577       -0.00011       -0.53384     118.83193
	             B(3,1,7)     122.08781        0.00007        0.26500     122.35281
	             B(3,5,6)     120.35684       -0.00001       -0.05721     120.29963
	            B(3,5,13)     119.73332        0.00004        0.21542     119.94874
	             B(4,2,8)     122.08782        0.00007        0.26498     122.35280
	             B(4,6,5)     120.35684       -0.00001       -0.05721     120.29963
	            B(4,6,14)     119.73332        0.00004        0.21542     119.94873
	            B(5,3,11)     119.94716        0.00006        0.34414     120.29130
	            B(5,6,14)     119.90984       -0.00003       -0.15821     119.75163
	            B(6,4,12)     119.94717        0.00006        0.34413     120.29130
	            B(6,5,13)     119.90984       -0.00003       -0.15820     119.75163
	            B(7,9,10)     120.35684       -0.00001       -0.05721     120.29963
	            B(7,9,17)     119.73332        0.00004        0.21542     119.94874
	            B(8,10,9)     120.35684       -0.00001       -0.05721     120.29963
	           B(8,10,18)     119.73332        0.00004        0.21542     119.94874
	            B(9,7,15)     119.94716        0.00006        0.34414     120.29130
	           B(9,10,18)     119.90984       -0.00003       -0.15820     119.75164
	           B(10,8,16)     119.94716        0.00006        0.34414     120.29130
	           B(10,9,17)     119.90984       -0.00003       -0.15821     119.75164
	           D(1,2,4,6)      -0.00000        0.00000        0.00000       0.00000
	          D(1,2,4,12)     180.00000        0.00000        0.00000     180.00000
	          D(1,2,8,10)       0.00000       -0.00000       -0.00000      -0.00000
	          D(1,2,8,16)     180.00000       -0.00000        0.00000     180.00000
	           D(1,3,5,6)      -0.00000        0.00000        0.00000       0.00000
	          D(1,3,5,13)     180.00000        0.00000        0.00000     180.00000
	          D(1,7,9,10)       0.00000       -0.00000       -0.00000      -0.00000
	          D(1,7,9,17)     180.00000        0.00000        0.00000     180.00000
	           D(2,1,3,5)       0.00000       -0.00000       -0.00000      -0.00000
	          D(2,1,3,11)     180.00000       -0.00000        0.00000     180.00000
	           D(2,1,7,9)      -0.00000        0.00000        0.00000       0.00000
	          D(2,1,7,15)     180.00000        0.00000        0.00000     180.00000
	           D(2,4,6,5)       0.00000       -0.00000       -0.00000      -0.00000
	          D(2,4,6,14)     180.00000       -0.00000        0.00000     180.00000
	          D(2,8,10,9)      -0.00000        0.00000        0.00000       0.00000
	         D(2,8,10,18)     180.00000       -0.00000        0.00000     180.00000
	           D(3,1,2,4)      -0.00000        0.00000        0.00000       0.00000
	           D(3,1,2,8)     180.00000        0.00000        0.00000     180.00000
	           D(3,1,7,9)     180.00000        0.00000        0.00000     180.00000
	          D(3,1,7,15)      -0.00000        0.00000        0.00000       0.00000
	           D(3,5,6,4)       0.00000       -0.00000       -0.00000      -0.00000
	          D(3,5,6,14)     180.00000       -0.00000        0.00000     180.00000
	           D(4,2,1,7)     180.00000       -0.00000        0.00000     180.00000
	          D(4,2,8,10)     180.00000       -0.00000        0.00000     180.00000
	          D(4,2,8,16)       0.00000       -0.00000       -0.00000      -0.00000
	          D(4,6,5,13)     180.00000        0.00000        0.00000     180.00000
	           D(5,3,1,7)     180.00000       -0.00000        0.00000     180.00000
	          D(5,6,4,12)     180.00000       -0.00000        0.00000     180.00000
	           D(6,4,2,8)     180.00000        0.00000        0.00000     180.00000
	          D(6,5,3,11)     180.00000        0.00000        0.00000     180.00000
	           D(7,1,2,8)      -0.00000       -0.00000        0.00000      -0.00000
	          D(7,1,3,11)       0.00000       -0.00000       -0.00000      -0.00000
	          D(7,9,10,8)       0.00000       -0.00000       -0.00000      -0.00000
	         D(7,9,10,18)     180.00000        0.00000        0.00000     180.00000
	          D(8,2,4,12)       0.00000        0.00000        0.00000       0.00000
	         D(8,10,9,17)     180.00000       -0.00000        0.00000     180.00000
	         D(9,10,8,16)     180.00000        0.00000        0.00000     180.00000
	         D(10,9,7,15)     180.00000       -0.00000        0.00000     180.00000
	         D(11,3,5,13)      -0.00000        0.00000        0.00000      -0.00000
	         D(12,4,6,14)       0.00000        0.00000        0.00000       0.00000
	         D(13,5,6,14)      -0.00000        0.00000        0.00000       0.00000
	         D(15,7,9,17)      -0.00000        0.00000        0.00000       0.00000
	        D(16,8,10,18)       0.00000       -0.00000       -0.00000      -0.00000
	        D(17,9,10,18)       0.00000       -0.00000       -0.00000      -0.00000
	-------------------------------------------------------------------------------

	                                 ==> Convergence Check <==                                  
    
	Measures of convergence in internal coordinates in au.
    
	Criteria marked as inactive (o), active & met (*), and active & unmet ( ).

	----------------------------------------------------------------------------------------------
	   Step    Total Energy     Delta E     Max Force     RMS Force      Max Disp      RMS Disp   
	----------------------------------------------------------------------------------------------
	  Convergence Criteria     1.00e-06 *    3.00e-04 *             o    1.20e-03 *             o
	----------------------------------------------------------------------------------------------
	     2    -385.89248886   -5.00e-03      3.51e-03      9.26e-04 o    9.32e-03      3.48e-03 o  ~
	----------------------------------------------------------------------------------------------

Next Geometry in Ang 
	Fragment 1 (Ang)

	    C   0.0000000818   0.7173821447  -0.0000000000
	    C   0.0000001201  -0.7173819738  -0.0000000000
	    C   1.2448237931   1.4023975806  -0.0000000000
	    C   1.2448237124  -1.4023974593  -0.0000000000
	    C   2.4334115057   0.7078531635   0.0000000000
	    C   2.4334114165  -0.7078531964   0.0000000000
	    C  -1.2448237498   1.4023974577  -0.0000000000
	    C  -1.2448237070  -1.4023974979  -0.0000000000
	    C  -2.4334115342   0.7078532111   0.0000000000
	    C  -2.4334115372  -0.7078532750   0.0000000000
	    H   1.2449819847   2.4899727814  -0.0000000000
	    H   1.2449818469  -2.4899726349  -0.0000000000
	    H   3.3770280981   1.2472100855   0.0000000000
	    H   3.3770279156  -1.2472102112   0.0000000000
	    H  -1.2449818923   2.4899726083  -0.0000000000
	    H  -1.2449818181  -2.4899727035  -0.0000000000
	    H  -3.3770281326   1.2472102749   0.0000000000
	    H  -3.3770281035  -1.2472103557   0.0000000000


    Structure for next step:
    Molecular point group: c1
    Full point group: Cs

    Geometry (in Angstrom), charge = 0, multiplicity = 1:

    C            0.000000081769     0.717382144676    -0.000000000000
    C            0.000000120101    -0.717381973818    -0.000000000002
    C            1.244823793096     1.402397580624    -0.000000000002
    C            1.244823712429    -1.402397459345    -0.000000000004
    C            2.433411505703     0.707853163473     0.000000000005
    C            2.433411416461    -0.707853196384     0.000000000004
    C           -1.244823749802     1.402397457686    -0.000000000001
    C           -1.244823706953    -1.402397497881    -0.000000000002
    C           -2.433411534214     0.707853211100     0.000000000005
    C           -2.433411537246    -0.707853274979     0.000000000005
    H            1.244981984686     2.489972781362    -0.000000000007
    H            1.244981846902    -2.489972634930    -0.000000000007
    H            3.377028098054     1.247210085544     0.000000000006
    H            3.377027915579    -1.247210211165     0.000000000004
    H           -1.244981892276     2.489972608348    -0.000000000007
    H           -1.244981818148    -2.489972703527    -0.000000000005
    H           -3.377028132630     1.247210274878     0.000000000002
    H           -3.377028103508    -1.247210355663     0.000000000006


Scratch directory: C:\Users\thebr\AppData\Local\Temp/
gradient() will perform analytic gradient computation.
   => Libint2 <=

    Primary   basis highest AM E, G, H:  7, 6, -
    Auxiliary basis highest AM E, G, H:  7, 7, -
    Onebody   basis highest AM E, G, H:  -, -, -
    Solid Harmonics ordering:            Gaussian

*** tstart() called on Asus18
*** at Thu Sep 10 13:04:12 2026

   => Loading Basis Set <=

    Name: 6-31G*
    Role: ORBITAL
    Keyword: BASIS
    atoms 1-10  entry C          line   111 file C:\Users\thebr\.conda\envs\qc\Library\share\psi4\basis\6-31gs.gbs 
    atoms 11-18 entry H          line    44 file C:\Users\thebr\.conda\envs\qc\Library\share\psi4\basis\6-31gs.gbs 


         ---------------------------------------------------------
                                   SCF
               by Justin Turney, Rob Parrish, Andy Simmonett
                          and Daniel G. A. Smith
                              RKS Reference
                        8 Threads,   -562 MiB Core
         ---------------------------------------------------------

  ==> Geometry <==

    Molecular point group: c1
    Full point group: Cs

    Geometry (in Angstrom), charge = 0, multiplicity = 1:

       Center              X                  Y                   Z               Mass       
    ------------   -----------------  -----------------  -----------------  -----------------
         C            0.000000081769     0.717382144676    -0.000000000000    12.000000000000
         C            0.000000120101    -0.717381973818    -0.000000000002    12.000000000000
         C            1.244823793096     1.402397580624    -0.000000000002    12.000000000000
         C            1.244823712429    -1.402397459345    -0.000000000004    12.000000000000
         C            2.433411505703     0.707853163473     0.000000000005    12.000000000000
         C            2.433411416461    -0.707853196384     0.000000000004    12.000000000000
         C           -1.244823749802     1.402397457686    -0.000000000001    12.000000000000
         C           -1.244823706953    -1.402397497881    -0.000000000002    12.000000000000
         C           -2.433411534214     0.707853211100     0.000000000005    12.000000000000
         C           -2.433411537246    -0.707853274979     0.000000000005    12.000000000000
         H            1.244981984686     2.489972781362    -0.000000000007     1.007825032230
         H            1.244981846902    -2.489972634930    -0.000000000007     1.007825032230
         H            3.377028098054     1.247210085544     0.000000000006     1.007825032230
         H            3.377027915579    -1.247210211165     0.000000000004     1.007825032230
         H           -1.244981892276     2.489972608348    -0.000000000007     1.007825032230
         H           -1.244981818148    -2.489972703527    -0.000000000005     1.007825032230
         H           -3.377028132630     1.247210274878     0.000000000002     1.007825032230
         H           -3.377028103508    -1.247210355663     0.000000000006     1.007825032230

  Running in c1 symmetry.

  Rotational constants: A =      0.10401  B =      0.04103  C =      0.02942 [cm^-1]
  Rotational constants: A =   3118.29108  B =   1230.12829  C =    882.13618 [MHz]
  Nuclear repulsion =  457.231636842299736

  Charge       = 0
  Multiplicity = 1
  Electrons    = 68
  Nalpha       = 34
  Nbeta        = 34

  ==> Algorithm <==

  SCF Algorithm Type is DF.
  DIIS enabled.
  MOM disabled.
  Fractional occupation disabled.
  Guess Type is READ.
  Energy threshold   = 1.00e-10
  Density threshold  = 1.00e-08
  Integral threshold = 1.00e-12

  ==> Primary Basis <==

  Basis Set: 6-31G*
    Blend: 6-31G*
    Number of shells: 76
    Number of basis functions: 166
    Number of Cartesian functions: 166
    Spherical Harmonics?: false
    Max angular momentum: 2

  ==> DFT Potential <==

   => LibXC <=

    Version 7.1.2
    S. Lehtola, C. Steigemann, M. J. T. Oliveira, and M. A. L. Marques,  SoftwareX 7, 1–5 (2018) (10.1016/j.softx.2017.11.002)

   => Composite Functional: B3LYP <= 

    B3LYP Hyb-GGA Exchange-Correlation Functional

    P. J. Stephens, F. J. Devlin, C. F. Chabalowski, and M. J. Frisch,  J. Phys. Chem. 98, 11623 (1994) (10.1021/j100096a001)

    Deriv               =              1
    GGA                 =           TRUE
    Meta                =          FALSE

    Exchange Hybrid     =           TRUE
    MP2 Hybrid          =          FALSE

   => Exchange Functionals <=

    0.0800   Slater exchange
    0.7200         Becke 88

   => Exact (HF) Exchange <=

    0.2000               HF 

   => Correlation Functionals <=

    0.1900   Vosko, Wilk & Nusair (VWN5_RPA)
    0.8100   Lee, Yang & Parr

   => LibXC Density Thresholds  <==

    XC_HYB_GGA_XC_B3LYP:  1.00E-15 

   => Molecular Quadrature <=

    Radial Scheme          =       TREUTLER
    Pruning Scheme         =           NONE
    Nuclear Scheme         =       TREUTLER

    Blocking Scheme        =         OCTREE
    BS radius alpha        =              1
    Pruning alpha          =              1
    Radial Points          =             99
    Spherical Points       =            590
    Total Points           =         960068
    Total Blocks           =           6505
    Max Points             =            256
    Max Functions          =            160
    Weights Tolerance      =       1.00E-15

   => Loading Basis Set <=

    Name: (6-31G* AUX)
    Role: JKFIT
    Keyword: DF_BASIS_SCF
    atoms 1-10  entry C          line   121 file C:\Users\thebr\.conda\envs\qc\Library\share\psi4\basis\cc-pvdz-jkfit.gbs 
    atoms 11-18 entry H          line    51 file C:\Users\thebr\.conda\envs\qc\Library\share\psi4\basis\cc-pvdz-jkfit.gbs 

   => Loading Basis Set <=

    Name: 6-31G*
    Role: ORBITAL
    Keyword: BASIS
    atoms 1-10  entry C          line   111 file C:\Users\thebr\.conda\envs\qc\Library\share\psi4\basis\6-31gs.gbs 
    atoms 11-18 entry H          line    44 file C:\Users\thebr\.conda\envs\qc\Library\share\psi4\basis\6-31gs.gbs 

  Reading orbitals from file C:\Users\thebr\AppData\Local\Temp/geometry_psi4.default.14344.180.npy, no projection.

  ==> Integral Setup <==

  DFHelper Memory: AOs need 0.213 GiB; user supplied 2.425 GiB. 
  SCF_SUBTYPE=INCORE selected. In-core MEM_DF algorithm will be used.
  Using in-core AOs.

  ==> MemDFJK: Density-Fitted J/K Matrices <==

    J tasked:                   Yes
    K tasked:                   Yes
    wK tasked:                   No
    OpenMP threads:               8
    Memory [MiB]:              2482
    Algorithm:                 Core
    Schwarz Cutoff:           1E-12
    Mask sparsity (%):       4.9354
    Fitting Condition:        1E-10

   => Auxiliary Basis Set <=

  Basis Set: (6-31G* AUX)
    Blend: CC-PVDZ-JKFIT
    Number of shells: 312
    Number of basis functions: 1010
    Number of Cartesian functions: 1010
    Spherical Harmonics?: false
    Max angular momentum: 3

  Cached 100.0% of DFT collocation blocks in 3.163 [GiB].

  Minimum eigenvalue in the overlap matrix is 3.0890990121E-04.
  Reciprocal condition number of the overlap matrix is 3.9173338469E-05.
    Using symmetric orthogonalization.

  ==> Pre-Iterations <==

  SCF Guess: Orbitals guess was supplied from a previous computation.

   -------------------------------------------------------
    Irrep   Nso     Nmo     Nalpha   Nbeta   Ndocc  Nsocc
   -------------------------------------------------------
     A        166     166      34      34      34       0
   -------------------------------------------------------
    Total     166     166      34      34      34       0
   -------------------------------------------------------

  ==> Iterations <==

                           Total Energy        Delta E     RMS |[F,P]|

   @DF-RKS iter   0:  -385.89742278137129   -3.85897e+02   1.58652e-04 
   @DF-RKS iter   1:  -385.89261833099869    4.80445e-03   3.53652e-05 DIIS
   @DF-RKS iter   2:  -385.89260237467585    1.59563e-05   4.93092e-05 DIIS
   @DF-RKS iter   3:  -385.89263547653468   -3.31019e-05   9.81268e-06 DIIS
   @DF-RKS iter   4:  -385.89263686705459   -1.39052e-06   2.04298e-06 DIIS
   @DF-RKS iter   5:  -385.89263692330803   -5.62534e-08   6.13032e-07 DIIS
   @DF-RKS iter   6:  -385.89263692817769   -4.86966e-09   1.70810e-07 DIIS
   @DF-RKS iter   7:  -385.89263692867257   -4.94879e-10   2.04767e-08 DIIS
   @DF-RKS iter   8:  -385.89263692868087   -8.29914e-12   1.92004e-09 DIIS
  Energy and wave function converged.


  ==> Post-Iterations <==

   Electrons on quadrature grid:
      Ntotal   =   68.0000015484 ; deviation = 1.548e-06 

    Orbital Energies [Eh]
    ---------------------

    Doubly Occupied:                                                      

       1A    -10.195617     2A    -10.195203     3A    -10.189486  
       4A    -10.189483     5A    -10.189122     6A    -10.189114  
       7A    -10.188556     8A    -10.188542     9A    -10.188456  
      10A    -10.188445    11A     -0.868589    12A     -0.816286  
      13A     -0.769075    14A     -0.736546    15A     -0.715103  
      16A     -0.621934    17A     -0.607378    18A     -0.592182  
      19A     -0.511146    20A     -0.508077    21A     -0.489382  
      22A     -0.445993    23A     -0.436481    24A     -0.414900  
      25A     -0.411655    26A     -0.397888    27A     -0.385427  
      28A     -0.366882    29A     -0.335440    30A     -0.328020  
      31A     -0.323161    32A     -0.281197    33A     -0.240270  
      34A     -0.212611  

    Virtual:                                                              

      35A     -0.035300    36A     -0.005305    37A      0.036015  
      38A      0.095116    39A      0.103207    40A      0.112758  
      41A      0.121874    42A      0.166397    43A      0.167459  
      44A      0.174554    45A      0.182887    46A      0.204049  
      47A      0.205974    48A      0.247155    49A      0.284089  
      50A      0.308099    51A      0.312425    52A      0.325794  
      53A      0.328942    54A      0.361640    55A      0.471885  
      56A      0.494558    57A      0.513867    58A      0.521640  
      59A      0.527832    60A      0.528103    61A      0.548245  
      62A      0.563070    63A      0.570917    64A      0.584407  
      65A      0.592201    66A      0.609616    67A      0.611675  
      68A      0.613782    69A      0.616088    70A      0.617860  
      71A      0.626876    72A      0.629105    73A      0.638753  
      74A      0.674019    75A      0.690970    76A      0.692960  
      77A      0.757409    78A      0.826430    79A      0.828076  
      80A      0.835584    81A      0.837594    82A      0.837801  
      83A      0.853966    84A      0.856453    85A      0.899786  
      86A      0.901026    87A      0.926297    88A      0.944113  
      89A      0.945537    90A      0.986536    91A      1.001266  
      92A      1.052413    93A      1.058058    94A      1.069690  
      95A      1.086807    96A      1.153416    97A      1.195873  
      98A      1.197724    99A      1.244077   100A      1.257044  
     101A      1.276887   102A      1.314545   103A      1.391812  
     104A      1.414198   105A      1.445335   106A      1.457754  
     107A      1.459754   108A      1.490237   109A      1.490401  
     110A      1.495353   111A      1.500796   112A      1.510340  
     113A      1.530615   114A      1.724765   115A      1.771797  
     116A      1.777593   117A      1.857827   118A      1.894290  
     119A      1.898563   120A      1.910338   121A      1.931135  
     122A      1.947731   123A      1.949501   124A      1.953207  
     125A      1.995535   126A      2.031796   127A      2.048450  
     128A      2.125394   129A      2.146523   130A      2.161229  
     131A      2.199982   132A      2.202990   133A      2.207726  
     134A      2.280459   135A      2.282100   136A      2.302477  
     137A      2.329791   138A      2.338213   139A      2.379242  
     140A      2.419138   141A      2.609725   142A      2.615246  
     143A      2.616433   144A      2.619725   145A      2.641973  
     146A      2.673805   147A      2.720773   148A      2.752319  
     149A      2.782905   150A      2.833331   151A      2.856800  
     152A      2.877671   153A      2.941299   154A      3.098034  
     155A      3.353340   156A      3.475133   157A      4.081386  
     158A      4.094214   159A      4.118694   160A      4.121457  
     161A      4.150651   162A      4.262027   163A      4.349986  
     164A      4.400108   165A      4.516704   166A      4.800627  

    Final Occupation by Irrep:
              A 
    DOCC [    34 ]
    NA   [    34 ]
    NB   [    34 ]

  @DF-RKS Final Energy:  -385.89263692868087

   => Energetics <=

    Nuclear Repulsion Energy =            457.2316368422997357
    One-Electron Energy =               -1425.5121610453197718
    Two-Electron Energy =                 628.6958324799543334
    DFT Exchange-Correlation Energy =     -46.3079452056151410
    Empirical Dispersion Energy =           0.0000000000000000
    VV10 Nonlocal Energy =                  0.0000000000000000
    Total Energy =                       -385.8926369286808722

Computation Completed


Properties will be evaluated at   0.000000,   0.000000,   0.000000 [a0]

Properties computed using the SCF density matrix


 Multipole Moments:

 ------------------------------------------------------------------------------------
     Multipole            Electronic (a.u.)      Nuclear  (a.u.)        Total (a.u.)
 ------------------------------------------------------------------------------------

 L = 1.  Multiply by 2.5417464519 to convert [e a0] to [Debye]
 Dipole X            :         -0.0000008            0.0000010            0.0000001
 Dipole Y            :         -0.0000015            0.0000015           -0.0000000
 Dipole Z            :         -0.0000000            0.0000000           -0.0000000
 Magnitude           :                                                    0.0000001

 ------------------------------------------------------------------------------------

*** tstop() called on Asus18 at Thu Sep 10 13:04:20 2026
Module time:
	user time   =        nan seconds =        nan minutes
	system time =        nan seconds =        nan minutes
	total time  =          8 seconds =       0.13 minutes
Total time:
	user time   =        nan seconds =        nan minutes
	system time =        nan seconds =        nan minutes
	total time  =         34 seconds =       0.57 minutes

*** tstart() called on Asus18
*** at Thu Sep 10 13:04:20 2026


         ------------------------------------------------------------
                                   SCF GRAD                          
                          Rob Parrish, Justin Turney,                
                       Andy Simmonett, and Alex Sokolov              
         ------------------------------------------------------------

  ==> Geometry <==

    Molecular point group: c1
    Full point group: Cs

    Geometry (in Angstrom), charge = 0, multiplicity = 1:

       Center              X                  Y                   Z               Mass       
    ------------   -----------------  -----------------  -----------------  -----------------
         C            0.000000081769     0.717382144676    -0.000000000000    12.000000000000
         C            0.000000120101    -0.717381973818    -0.000000000002    12.000000000000
         C            1.244823793096     1.402397580624    -0.000000000002    12.000000000000
         C            1.244823712429    -1.402397459345    -0.000000000004    12.000000000000
         C            2.433411505703     0.707853163473     0.000000000005    12.000000000000
         C            2.433411416461    -0.707853196384     0.000000000004    12.000000000000
         C           -1.244823749802     1.402397457686    -0.000000000001    12.000000000000
         C           -1.244823706953    -1.402397497881    -0.000000000002    12.000000000000
         C           -2.433411534214     0.707853211100     0.000000000005    12.000000000000
         C           -2.433411537246    -0.707853274979     0.000000000005    12.000000000000
         H            1.244981984686     2.489972781362    -0.000000000007     1.007825032230
         H            1.244981846902    -2.489972634930    -0.000000000007     1.007825032230
         H            3.377028098054     1.247210085544     0.000000000006     1.007825032230
         H            3.377027915579    -1.247210211165     0.000000000004     1.007825032230
         H           -1.244981892276     2.489972608348    -0.000000000007     1.007825032230
         H           -1.244981818148    -2.489972703527    -0.000000000005     1.007825032230
         H           -3.377028132630     1.247210274878     0.000000000002     1.007825032230
         H           -3.377028103508    -1.247210355663     0.000000000006     1.007825032230

  Nuclear repulsion =  457.231636842299736

  ==> Basis Set <==

  Basis Set: 6-31G*
    Blend: 6-31G*
    Number of shells: 76
    Number of basis functions: 166
    Number of Cartesian functions: 166
    Spherical Harmonics?: false
    Max angular momentum: 2

  ==> DFJKGrad: Density-Fitted SCF Gradients <==

    Gradient:                    1
    J tasked:                  Yes
    K tasked:                  Yes
    wK tasked:                  No
    OpenMP threads:              8
    Integrals threads:           8
    Memory [MiB]:             -422
    Schwarz Cutoff:          1E-12
    Fitting Condition:       1E-10

   => Auxiliary Basis Set <=

  Basis Set: (6-31G* AUX)
    Blend: CC-PVDZ-JKFIT
    Number of shells: 312
    Number of basis functions: 1010
    Number of Cartesian functions: 1010
    Spherical Harmonics?: false
    Max angular momentum: 3

  ==> DFT Potential <==

   => LibXC <=

    Version 7.1.2
    S. Lehtola, C. Steigemann, M. J. T. Oliveira, and M. A. L. Marques,  SoftwareX 7, 1–5 (2018) (10.1016/j.softx.2017.11.002)

   => Composite Functional: B3LYP <= 

    B3LYP Hyb-GGA Exchange-Correlation Functional

    P. J. Stephens, F. J. Devlin, C. F. Chabalowski, and M. J. Frisch,  J. Phys. Chem. 98, 11623 (1994) (10.1021/j100096a001)

    Deriv               =              1
    GGA                 =           TRUE
    Meta                =          FALSE

    Exchange Hybrid     =           TRUE
    MP2 Hybrid          =          FALSE

   => Exchange Functionals <=

    0.0800   Slater exchange
    0.7200         Becke 88

   => Exact (HF) Exchange <=

    0.2000               HF 

   => Correlation Functionals <=

    0.1900   Vosko, Wilk & Nusair (VWN5_RPA)
    0.8100   Lee, Yang & Parr

   => LibXC Density Thresholds  <==

    XC_HYB_GGA_XC_B3LYP:  1.00E-15 

   => Molecular Quadrature <=

    Radial Scheme          =       TREUTLER
    Pruning Scheme         =           NONE
    Nuclear Scheme         =       TREUTLER

    Blocking Scheme        =         OCTREE
    BS radius alpha        =              1
    Pruning alpha          =              1
    Radial Points          =             99
    Spherical Points       =            590
    Total Points           =         960068
    Total Blocks           =           6505
    Max Points             =            256
    Max Functions          =            160
    Weights Tolerance      =       1.00E-15


  -Total Gradient:
     Atom            X                  Y                   Z
    ------   -----------------  -----------------  -----------------
       1       -0.000000262044     0.000437729453     0.000000000000
       2       -0.000000271592    -0.000437289798     0.000000000000
       3       -0.000142097744     0.000052552308    -0.000000000000
       4       -0.000142043629    -0.000052701100    -0.000000000000
       5       -0.000171148072    -0.000957422032     0.000000000001
       6       -0.000171161542     0.000957436582     0.000000000000
       7        0.000142218839     0.000052522781    -0.000000000000
       8        0.000142214033    -0.000052695332    -0.000000000000
       9        0.000171244508    -0.000957430192     0.000000000000
      10        0.000171201363     0.000957453116     0.000000000000
      11        0.000255096835    -0.000055820123    -0.000000000000
      12        0.000255107675     0.000055755063     0.000000000000
      13       -0.000036725035     0.000272671444    -0.000000000000
      14       -0.000036725287    -0.000272680617    -0.000000000000
      15       -0.000255099027    -0.000055897132    -0.000000000000
      16       -0.000255119412     0.000055813798    -0.000000000000
      17        0.000036779323     0.000272647829    -0.000000000000
      18        0.000036790815    -0.000272646053    -0.000000000000


*** tstop() called on Asus18 at Thu Sep 10 13:04:23 2026
Module time:
	user time   =        nan seconds =        nan minutes
	system time =        nan seconds =        nan minutes
	total time  =          3 seconds =       0.05 minutes
Total time:
	user time   =        nan seconds =        nan minutes
	system time =        nan seconds =        nan minutes
	total time  =         37 seconds =       0.62 minutes

    			-----------------------------------------

    			 OPTKING 3.0: for geometry optimizations 

    			     By R.A. King, Bethel University     

    			        with contributions from          

    			    A.V. Copan, J. Cayton, A. Heide      

    			-----------------------------------------

    
	                            ===> Fragment 1 <== 

	 Z (Atomic Numbers)          Masses                          Geom                  
	       6.000000            12.000000          0.00000015  1.35565578 -0.00000000   
	       6.000000            12.000000          0.00000023 -1.35565546 -0.00000000   
	       6.000000            12.000000          2.35237604  2.65014735 -0.00000000   
	       6.000000            12.000000          2.35237589 -2.65014712 -0.00000000   
	       6.000000            12.000000          4.59848130  1.33764862  0.00000000   
	       6.000000            12.000000          4.59848113 -1.33764868  0.00000000   
	       6.000000            12.000000         -2.35237596  2.65014711 -0.00000000   
	       6.000000            12.000000         -2.35237588 -2.65014719 -0.00000000   
	       6.000000            12.000000         -4.59848135  1.33764871  0.00000000   
	       6.000000            12.000000         -4.59848136 -1.33764883  0.00000000   
	       1.000000             1.007825          2.35267498  4.70536662 -0.00000000   
	       1.000000             1.007825          2.35267472 -4.70536634 -0.00000000   
	       1.000000             1.007825          6.38165822  2.35688548  0.00000000   
	       1.000000             1.007825          6.38165788 -2.35688572  0.00000000   
	       1.000000             1.007825         -2.35267481  4.70536629 -0.00000000   
	       1.000000             1.007825         -2.35267467 -4.70536647 -0.00000000   
	       1.000000             1.007825         -6.38165829  2.35688584  0.00000000   
	       1.000000             1.007825         -6.38165823 -2.35688599  0.00000000   

	 - Coordinate -           - BOHR/RAD -       - ANG/DEG -
	 R(1,2)           =         2.711311           1.434764
	 R(1,3)           =         2.685029           1.420856
	 R(1,7)           =         2.685029           1.420856
	 R(2,4)           =         2.685029           1.420856
	 R(2,8)           =         2.685029           1.420856
	 R(3,5)           =         2.601469           1.376638
	 R(3,11)          =         2.055219           1.087575
	 R(4,6)           =         2.601469           1.376638
	 R(4,12)          =         2.055219           1.087575
	 R(5,6)           =         2.675297           1.415706
	 R(5,13)          =         2.053914           1.086885
	 R(6,14)          =         2.053914           1.086885
	 R(7,9)           =         2.601469           1.376638
	 R(7,15)          =         2.055219           1.087575
	 R(8,10)          =         2.601469           1.376638
	 R(8,16)          =         2.055219           1.087575
	 R(9,10)          =         2.675298           1.415706
	 R(9,17)          =         2.053914           1.086885
	 R(10,18)         =         2.053914           1.086885
	 B(1,2,4)         =         2.073863         118.823604
	 B(1,2,8)         =         2.073863         118.823598
	 B(1,3,5)         =         2.109698         120.876767
	 B(1,3,11)        =         2.074008         118.831932
	 B(1,7,9)         =         2.109698         120.876781
	 B(1,7,15)        =         2.074008         118.831923
	 B(2,1,3)         =         2.073863         118.823597
	 B(2,1,7)         =         2.073863         118.823593
	 B(2,4,6)         =         2.109698         120.876768
	 B(2,4,12)        =         2.074008         118.831933
	 B(2,8,10)        =         2.109698         120.876775
	 B(2,8,16)        =         2.074008         118.831929
	 B(3,1,7)         =         2.135459         122.352810
	 B(3,5,6)         =         2.099625         120.299631
	 B(3,5,13)        =         2.093500         119.948736
	 B(4,2,8)         =         2.135459         122.352798
	 B(4,6,5)         =         2.099625         120.299633
	 B(4,6,14)        =         2.093500         119.948734
	 B(5,3,11)        =         2.099479         120.291301
	 B(5,6,14)        =         2.090060         119.751633
	 B(6,4,12)        =         2.099479         120.291299
	 B(6,5,13)        =         2.090060         119.751633
	 B(7,9,10)        =         2.099625         120.299627
	 B(7,9,17)        =         2.093500         119.948737
	 B(8,10,9)        =         2.099625         120.299625
	 B(8,10,18)       =         2.093500         119.948737
	 B(9,7,15)        =         2.099479         120.291296
	 B(9,10,18)       =         2.090060         119.751638
	 B(10,8,16)       =         2.099479         120.291296
	 B(10,9,17)       =         2.090060         119.751636
	 D(1,2,4,6)       =         0.000000           0.000000
	 D(1,2,4,12)      =         3.141593         180.000000
	 D(1,2,8,10)      =        -0.000000          -0.000000
	 D(1,2,8,16)      =         3.141593         180.000000
	 D(1,3,5,6)       =         0.000000           0.000000
	 D(1,3,5,13)      =         3.141593         180.000000
	 D(1,7,9,10)      =        -0.000000          -0.000000
	 D(1,7,9,17)      =         3.141593         180.000000
	 D(2,1,3,5)       =        -0.000000          -0.000000
	 D(2,1,3,11)      =         3.141593         180.000000
	 D(2,1,7,9)       =         0.000000           0.000000
	 D(2,1,7,15)      =         3.141593         180.000000
	 D(2,4,6,5)       =        -0.000000          -0.000000
	 D(2,4,6,14)      =         3.141593         180.000000
	 D(2,8,10,9)      =         0.000000           0.000000
	 D(2,8,10,18)     =         3.141593         180.000000
	 D(3,1,2,4)       =         0.000000           0.000000
	 D(3,1,2,8)       =         3.141593         180.000000
	 D(3,1,7,9)       =         3.141593         180.000000
	 D(3,1,7,15)      =         0.000000           0.000000
	 D(3,5,6,4)       =        -0.000000          -0.000000
	 D(3,5,6,14)      =         3.141593         180.000000
	 D(4,2,1,7)       =         3.141593         180.000000
	 D(4,2,8,10)      =         3.141593         180.000000
	 D(4,2,8,16)      =        -0.000000          -0.000000
	 D(4,6,5,13)      =         3.141593         180.000000
	 D(5,3,1,7)       =         3.141593         180.000000
	 D(5,6,4,12)      =         3.141593         180.000000
	 D(6,4,2,8)       =         3.141593         180.000000
	 D(6,5,3,11)      =         3.141593         180.000000
	 D(7,1,2,8)       =        -0.000000          -0.000000
	 D(7,1,3,11)      =        -0.000000          -0.000000
	 D(7,9,10,8)      =        -0.000000          -0.000000
	 D(7,9,10,18)     =         3.141593         180.000000
	 D(8,2,4,12)      =         0.000000           0.000000
	 D(8,10,9,17)     =         3.141593         180.000000
	 D(9,10,8,16)     =         3.141593         180.000000
	 D(10,9,7,15)     =         3.141593         180.000000
	 D(11,3,5,13)     =        -0.000000          -0.000000
	 D(12,4,6,14)     =         0.000000           0.000000
	 D(13,5,6,14)     =         0.000000           0.000000
	 D(15,7,9,17)     =         0.000000           0.000000
	 D(16,8,10,18)    =        -0.000000          -0.000000
	 D(17,9,10,18)    =        -0.000000          -0.000000


	        --- Internal Coordinate Step in ANG or DEG, aJ/ANG or AJ/DEG ---
	-------------------------------------------------------------------------------
	           Coordinate      Previous         Force          Change          New 
	           ----------      --------        ------          ------        ------
	               R(1,2)       1.43476       -0.00322       -0.00056       1.43421
	               R(1,3)       1.42086        0.00078        0.00011       1.42096
	               R(1,7)       1.42086        0.00078        0.00011       1.42096
	               R(2,4)       1.42086        0.00078        0.00011       1.42096
	               R(2,8)       1.42086        0.00078        0.00011       1.42096
	               R(3,5)       1.37664        0.00139        0.00009       1.37672
	              R(3,11)       1.08758        0.00046        0.00012       1.08770
	               R(4,6)       1.37664        0.00139        0.00009       1.37672
	              R(4,12)       1.08758        0.00046        0.00012       1.08770
	               R(5,6)       1.41571        0.00547        0.00101       1.41672
	              R(5,13)       1.08688       -0.00085       -0.00016       1.08673
	              R(6,14)       1.08688       -0.00085       -0.00016       1.08673
	               R(7,9)       1.37664        0.00139        0.00009       1.37672
	              R(7,15)       1.08758        0.00046        0.00012       1.08770
	              R(8,10)       1.37664        0.00139        0.00009       1.37672
	              R(8,16)       1.08758        0.00046        0.00012       1.08770
	              R(9,10)       1.41571        0.00547        0.00101       1.41672
	              R(9,17)       1.08688       -0.00085       -0.00016       1.08673
	             R(10,18)       1.08688       -0.00085       -0.00016       1.08673
	             B(1,2,4)     118.82360        0.00001        0.00863     118.83224
	             B(1,2,8)     118.82360        0.00001        0.00862     118.83222
	             B(1,3,5)     120.87677        0.00000        0.01970     120.89647
	            B(1,3,11)     118.83193       -0.00002       -0.12666     118.70527
	             B(1,7,9)     120.87678        0.00000        0.01972     120.89650
	            B(1,7,15)     118.83192       -0.00002       -0.12667     118.70525
	             B(2,1,3)     118.82360        0.00001        0.00866     118.83226
	             B(2,1,7)     118.82359        0.00001        0.00865     118.83225
	             B(2,4,6)     120.87677        0.00000        0.01972     120.89649
	            B(2,4,12)     118.83193       -0.00002       -0.12667     118.70526
	            B(2,8,10)     120.87678        0.00000        0.01974     120.89652
	            B(2,8,16)     118.83193       -0.00002       -0.12669     118.70524
	             B(3,1,7)     122.35281       -0.00001       -0.01731     122.33550
	             B(3,5,6)     120.29963       -0.00001       -0.02836     120.27127
	            B(3,5,13)     119.94874        0.00003        0.12273     120.07147
	             B(4,2,8)     122.35280       -0.00001       -0.01725     122.33555
	             B(4,6,5)     120.29963       -0.00001       -0.02836     120.27128
	            B(4,6,14)     119.94873        0.00003        0.12273     120.07147
	            B(5,3,11)     120.29130        0.00002        0.10695     120.39825
	            B(5,6,14)     119.75163       -0.00001       -0.09437     119.65726
	            B(6,4,12)     120.29130        0.00002        0.10695     120.39825
	            B(6,5,13)     119.75163       -0.00001       -0.09437     119.65726
	            B(7,9,10)     120.29963       -0.00001       -0.02837     120.27125
	            B(7,9,17)     119.94874        0.00003        0.12274     120.07148
	            B(8,10,9)     120.29963       -0.00001       -0.02837     120.27126
	           B(8,10,18)     119.94874        0.00003        0.12274     120.07147
	            B(9,7,15)     120.29130        0.00002        0.10695     120.39824
	           B(9,10,18)     119.75164       -0.00001       -0.09437     119.65727
	           B(10,8,16)     120.29130        0.00002        0.10694     120.39824
	           B(10,9,17)     119.75164       -0.00001       -0.09437     119.65727
	           D(1,2,4,6)       0.00000       -0.00000       -0.00000      -0.00000
	          D(1,2,4,12)     180.00000       -0.00000        0.00000     180.00000
	          D(1,2,8,10)      -0.00000        0.00000        0.00000       0.00000
	          D(1,2,8,16)     180.00000        0.00000        0.00000     180.00000
	           D(1,3,5,6)       0.00000       -0.00000       -0.00000      -0.00000
	          D(1,3,5,13)     180.00000       -0.00000        0.00000     180.00000
	          D(1,7,9,10)      -0.00000        0.00000        0.00000       0.00000
	          D(1,7,9,17)     180.00000       -0.00000        0.00000     180.00000
	           D(2,1,3,5)      -0.00000        0.00000        0.00000       0.00000
	          D(2,1,3,11)     180.00000        0.00000        0.00000     180.00000
	           D(2,1,7,9)       0.00000       -0.00000       -0.00000      -0.00000
	          D(2,1,7,15)     180.00000       -0.00000        0.00000     180.00000
	           D(2,4,6,5)      -0.00000        0.00000        0.00000       0.00000
	          D(2,4,6,14)     180.00000        0.00000        0.00000     180.00000
	          D(2,8,10,9)       0.00000       -0.00000       -0.00000      -0.00000
	         D(2,8,10,18)     180.00000        0.00000        0.00000     180.00000
	           D(3,1,2,4)       0.00000       -0.00000       -0.00000      -0.00000
	           D(3,1,2,8)     180.00000       -0.00000        0.00000     180.00000
	           D(3,1,7,9)     180.00000       -0.00000        0.00000     180.00000
	          D(3,1,7,15)       0.00000       -0.00000       -0.00000      -0.00000
	           D(3,5,6,4)      -0.00000        0.00000        0.00000       0.00000
	          D(3,5,6,14)     180.00000        0.00000        0.00000     180.00000
	           D(4,2,1,7)     180.00000        0.00000        0.00000     180.00000
	          D(4,2,8,10)     180.00000        0.00000        0.00000     180.00000
	          D(4,2,8,16)      -0.00000       -0.00000        0.00000      -0.00000
	          D(4,6,5,13)     180.00000       -0.00000        0.00000     180.00000
	           D(5,3,1,7)     180.00000        0.00000        0.00000     180.00000
	          D(5,6,4,12)     180.00000        0.00000        0.00000     180.00000
	           D(6,4,2,8)     180.00000       -0.00000        0.00000     180.00000
	          D(6,5,3,11)     180.00000       -0.00000        0.00000     180.00000
	           D(7,1,2,8)      -0.00000        0.00000        0.00000       0.00000
	          D(7,1,3,11)      -0.00000        0.00000        0.00000       0.00000
	          D(7,9,10,8)      -0.00000        0.00000        0.00000       0.00000
	         D(7,9,10,18)     180.00000       -0.00000        0.00000     180.00000
	          D(8,2,4,12)       0.00000        0.00000        0.00000       0.00000
	         D(8,10,9,17)     180.00000        0.00000        0.00000     180.00000
	         D(9,10,8,16)     180.00000       -0.00000        0.00000     180.00000
	         D(10,9,7,15)     180.00000        0.00000        0.00000     180.00000
	         D(11,3,5,13)      -0.00000        0.00000        0.00000       0.00000
	         D(12,4,6,14)       0.00000       -0.00000       -0.00000      -0.00000
	         D(13,5,6,14)       0.00000       -0.00000       -0.00000      -0.00000
	         D(15,7,9,17)       0.00000       -0.00000       -0.00000      -0.00000
	        D(16,8,10,18)      -0.00000        0.00000        0.00000       0.00000
	        D(17,9,10,18)      -0.00000        0.00000        0.00000       0.00000
	-------------------------------------------------------------------------------

	                                 ==> Convergence Check <==                                  
    
	Measures of convergence in internal coordinates in au.
    
	Criteria marked as inactive (o), active & met (*), and active & unmet ( ).

	----------------------------------------------------------------------------------------------
	   Step    Total Energy     Delta E     Max Force     RMS Force      Max Disp      RMS Disp   
	----------------------------------------------------------------------------------------------
	  Convergence Criteria     1.00e-06 *    3.00e-04 *             o    1.20e-03 *             o
	----------------------------------------------------------------------------------------------
	     3    -385.89263693   -1.48e-04      6.64e-04      1.67e-04 o    2.21e-03      8.90e-04 o  ~
	----------------------------------------------------------------------------------------------

Next Geometry in Ang 
	Fragment 1 (Ang)

	    C   0.0000003275   0.7171028476  -0.0000000000
	    C   0.0000003755  -0.7171035198   0.0000000000
	    C   1.2448142909   1.4023581089   0.0000000000
	    C   1.2448144244  -1.4023581205   0.0000000000
	    C   2.4338194333   0.7083592093  -0.0000000000
	    C   2.4338194383  -0.7083591014  -0.0000000000
	    C  -1.2448141774   1.4023579350   0.0000000000
	    C  -1.2448143633  -1.4023580451   0.0000000000
	    C  -2.4338196447   0.7083593043  -0.0000000000
	    C  -2.4338197155  -0.7083591959  -0.0000000000
	    H   1.2424035947   2.4900515507   0.0000000000
	    H   1.2424039867  -2.4900514303   0.0000000000
	    H   3.3781849023   1.2460826098  -0.0000000000
	    H   3.3781849316  -1.2460823686  -0.0000000000
	    H  -1.2424034284   2.4900514462   0.0000000000
	    H  -1.2424038447  -2.4900514818   0.0000000000
	    H  -3.3781851908   1.2460829115  -0.0000000000
	    H  -3.3781853405  -1.2460826599  -0.0000000000


    Structure for next step:
    Molecular point group: c1
    Full point group: Cs

    Geometry (in Angstrom), charge = 0, multiplicity = 1:

    C            0.000000327501     0.717102847638    -0.000000000005
    C            0.000000375484    -0.717103519849     0.000000000001
    C            1.244814290930     1.402358108925     0.000000000006
    C            1.244814424407    -1.402358120452     0.000000000011
    C            2.433819433312     0.708359209305    -0.000000000015
    C            2.433819438327    -0.708359101408    -0.000000000011
    C           -1.244814177434     1.402357935017     0.000000000001
    C           -1.244814363273    -1.402358045069     0.000000000005
    C           -2.433819644679     0.708359304317    -0.000000000015
    C           -2.433819715542    -0.708359195935    -0.000000000016
    H            1.242403594651     2.490051550675     0.000000000022
    H            1.242403986739    -2.490051430341     0.000000000018
    H            3.378184902292     1.246082609789    -0.000000000013
    H            3.378184931557    -1.246082368574    -0.000000000009
    H           -1.242403428385     2.490051446174     0.000000000017
    H           -1.242403844667    -2.490051481784     0.000000000015
    H           -3.378185190763     1.246082911453    -0.000000000002
    H           -3.378185340459    -1.246082659884    -0.000000000011


Scratch directory: C:\Users\thebr\AppData\Local\Temp/
gradient() will perform analytic gradient computation.
   => Libint2 <=

    Primary   basis highest AM E, G, H:  7, 6, -
    Auxiliary basis highest AM E, G, H:  7, 7, -
    Onebody   basis highest AM E, G, H:  -, -, -
    Solid Harmonics ordering:            Gaussian

*** tstart() called on Asus18
*** at Thu Sep 10 13:04:23 2026

   => Loading Basis Set <=

    Name: 6-31G*
    Role: ORBITAL
    Keyword: BASIS
    atoms 1-10  entry C          line   111 file C:\Users\thebr\.conda\envs\qc\Library\share\psi4\basis\6-31gs.gbs 
    atoms 11-18 entry H          line    44 file C:\Users\thebr\.conda\envs\qc\Library\share\psi4\basis\6-31gs.gbs 


         ---------------------------------------------------------
                                   SCF
               by Justin Turney, Rob Parrish, Andy Simmonett
                          and Daniel G. A. Smith
                              RKS Reference
                        8 Threads,   -562 MiB Core
         ---------------------------------------------------------

  ==> Geometry <==

    Molecular point group: c1
    Full point group: Cs

    Geometry (in Angstrom), charge = 0, multiplicity = 1:

       Center              X                  Y                   Z               Mass       
    ------------   -----------------  -----------------  -----------------  -----------------
         C            0.000000327501     0.717102847638    -0.000000000005    12.000000000000
         C            0.000000375484    -0.717103519849     0.000000000001    12.000000000000
         C            1.244814290930     1.402358108925     0.000000000006    12.000000000000
         C            1.244814424407    -1.402358120452     0.000000000011    12.000000000000
         C            2.433819433312     0.708359209305    -0.000000000015    12.000000000000
         C            2.433819438327    -0.708359101408    -0.000000000011    12.000000000000
         C           -1.244814177434     1.402357935017     0.000000000001    12.000000000000
         C           -1.244814363273    -1.402358045069     0.000000000005    12.000000000000
         C           -2.433819644679     0.708359304317    -0.000000000015    12.000000000000
         C           -2.433819715542    -0.708359195935    -0.000000000016    12.000000000000
         H            1.242403594651     2.490051550675     0.000000000022     1.007825032230
         H            1.242403986739    -2.490051430341     0.000000000018     1.007825032230
         H            3.378184902292     1.246082609789    -0.000000000013     1.007825032230
         H            3.378184931557    -1.246082368574    -0.000000000009     1.007825032230
         H           -1.242403428385     2.490051446174     0.000000000017     1.007825032230
         H           -1.242403844667    -2.490051481784     0.000000000015     1.007825032230
         H           -3.378185190763     1.246082911453    -0.000000000002     1.007825032230
         H           -3.378185340459    -1.246082659884    -0.000000000011     1.007825032230

  Running in c1 symmetry.

  Rotational constants: A =      0.10401  B =      0.04102  C =      0.02942 [cm^-1]
  Rotational constants: A =   3118.10383  B =   1229.82935  C =    881.96746 [MHz]
  Nuclear repulsion =  457.190526074845536

  Charge       = 0
  Multiplicity = 1
  Electrons    = 68
  Nalpha       = 34
  Nbeta        = 34

  ==> Algorithm <==

  SCF Algorithm Type is DF.
  DIIS enabled.
  MOM disabled.
  Fractional occupation disabled.
  Guess Type is READ.
  Energy threshold   = 1.00e-10
  Density threshold  = 1.00e-08
  Integral threshold = 1.00e-12

  ==> Primary Basis <==

  Basis Set: 6-31G*
    Blend: 6-31G*
    Number of shells: 76
    Number of basis functions: 166
    Number of Cartesian functions: 166
    Spherical Harmonics?: false
    Max angular momentum: 2

  ==> DFT Potential <==

   => LibXC <=

    Version 7.1.2
    S. Lehtola, C. Steigemann, M. J. T. Oliveira, and M. A. L. Marques,  SoftwareX 7, 1–5 (2018) (10.1016/j.softx.2017.11.002)

   => Composite Functional: B3LYP <= 

    B3LYP Hyb-GGA Exchange-Correlation Functional

    P. J. Stephens, F. J. Devlin, C. F. Chabalowski, and M. J. Frisch,  J. Phys. Chem. 98, 11623 (1994) (10.1021/j100096a001)

    Deriv               =              1
    GGA                 =           TRUE
    Meta                =          FALSE

    Exchange Hybrid     =           TRUE
    MP2 Hybrid          =          FALSE

   => Exchange Functionals <=

    0.0800   Slater exchange
    0.7200         Becke 88

   => Exact (HF) Exchange <=

    0.2000               HF 

   => Correlation Functionals <=

    0.1900   Vosko, Wilk & Nusair (VWN5_RPA)
    0.8100   Lee, Yang & Parr

   => LibXC Density Thresholds  <==

    XC_HYB_GGA_XC_B3LYP:  1.00E-15 

   => Molecular Quadrature <=

    Radial Scheme          =       TREUTLER
    Pruning Scheme         =           NONE
    Nuclear Scheme         =       TREUTLER

    Blocking Scheme        =         OCTREE
    BS radius alpha        =              1
    Pruning alpha          =              1
    Radial Points          =             99
    Spherical Points       =            590
    Total Points           =         960025
    Total Blocks           =           6524
    Max Points             =            256
    Max Functions          =            160
    Weights Tolerance      =       1.00E-15

   => Loading Basis Set <=

    Name: (6-31G* AUX)
    Role: JKFIT
    Keyword: DF_BASIS_SCF
    atoms 1-10  entry C          line   121 file C:\Users\thebr\.conda\envs\qc\Library\share\psi4\basis\cc-pvdz-jkfit.gbs 
    atoms 11-18 entry H          line    51 file C:\Users\thebr\.conda\envs\qc\Library\share\psi4\basis\cc-pvdz-jkfit.gbs 

   => Loading Basis Set <=

    Name: 6-31G*
    Role: ORBITAL
    Keyword: BASIS
    atoms 1-10  entry C          line   111 file C:\Users\thebr\.conda\envs\qc\Library\share\psi4\basis\6-31gs.gbs 
    atoms 11-18 entry H          line    44 file C:\Users\thebr\.conda\envs\qc\Library\share\psi4\basis\6-31gs.gbs 

  Reading orbitals from file C:\Users\thebr\AppData\Local\Temp/geometry_psi4.default.14344.180.npy, no projection.

  ==> Integral Setup <==

  DFHelper Memory: AOs need 0.213 GiB; user supplied 2.425 GiB. 
  SCF_SUBTYPE=INCORE selected. In-core MEM_DF algorithm will be used.
  Using in-core AOs.

  ==> MemDFJK: Density-Fitted J/K Matrices <==

    J tasked:                   Yes
    K tasked:                   Yes
    wK tasked:                   No
    OpenMP threads:               8
    Memory [MiB]:              2483
    Algorithm:                 Core
    Schwarz Cutoff:           1E-12
    Mask sparsity (%):       4.9354
    Fitting Condition:        1E-10

   => Auxiliary Basis Set <=

  Basis Set: (6-31G* AUX)
    Blend: CC-PVDZ-JKFIT
    Number of shells: 312
    Number of basis functions: 1010
    Number of Cartesian functions: 1010
    Spherical Harmonics?: false
    Max angular momentum: 3

  Cached 100.0% of DFT collocation blocks in 3.162 [GiB].

  Minimum eigenvalue in the overlap matrix is 3.0944279685E-04.
  Reciprocal condition number of the overlap matrix is 3.9243410244E-05.
    Using symmetric orthogonalization.

  ==> Pre-Iterations <==

  SCF Guess: Orbitals guess was supplied from a previous computation.

   -------------------------------------------------------
    Irrep   Nso     Nmo     Nalpha   Nbeta   Ndocc  Nsocc
   -------------------------------------------------------
     A        166     166      34      34      34       0
   -------------------------------------------------------
    Total     166     166      34      34      34       0
   -------------------------------------------------------

  ==> Iterations <==

                           Total Energy        Delta E     RMS |[F,P]|

   @DF-RKS iter   0:  -385.89163786379191   -3.85892e+02   2.43978e-05 
   @DF-RKS iter   1:  -385.89264346793044   -1.00560e-03   4.93554e-06 DIIS
   @DF-RKS iter   2:  -385.89264322749455    2.40436e-07   6.55000e-06 DIIS
   @DF-RKS iter   3:  -385.89264380291030   -5.75416e-07   1.41360e-06 DIIS
   @DF-RKS iter   4:  -385.89264383114329   -2.82330e-08   3.99695e-07 DIIS
   @DF-RKS iter   5:  -385.89264383340674   -2.26345e-09   1.03708e-07 DIIS
   @DF-RKS iter   6:  -385.89264383353782   -1.31081e-10   3.58544e-08 DIIS
   @DF-RKS iter   7:  -385.89264383355663   -1.88152e-11   3.26286e-09 DIIS
  Energy and wave function converged.


  ==> Post-Iterations <==

   Electrons on quadrature grid:
      Ntotal   =   68.0000016630 ; deviation = 1.663e-06 

    Orbital Energies [Eh]
    ---------------------

    Doubly Occupied:                                                      

       1A    -10.195554     2A    -10.195138     3A    -10.189603  
       4A    -10.189601     5A    -10.189229     6A    -10.189222  
       7A    -10.188629     8A    -10.188614     9A    -10.188542  
      10A    -10.188530    11A     -0.868553    12A     -0.816142  
      13A     -0.769068    14A     -0.736509    15A     -0.715012  
      16A     -0.621945    17A     -0.607353    18A     -0.592213  
      19A     -0.510905    20A     -0.508181    21A     -0.489557  
      22A     -0.445958    23A     -0.436268    24A     -0.414784  
      25A     -0.411837    26A     -0.398166    27A     -0.385401  
      28A     -0.366688    29A     -0.335629    30A     -0.327917  
      31A     -0.323058    32A     -0.281182    33A     -0.240227  
      34A     -0.212652  

    Virtual:                                                              

      35A     -0.035277    36A     -0.005409    37A      0.035972  
      38A      0.095078    39A      0.103004    40A      0.112954  
      41A      0.121774    42A      0.166135    43A      0.167690  
      44A      0.174512    45A      0.182881    46A      0.204006  
      47A      0.205991    48A      0.247011    49A      0.284111  
      50A      0.308081    51A      0.311809    52A      0.325924  
      53A      0.328996    54A      0.361609    55A      0.471912  
      56A      0.494441    57A      0.513875    58A      0.521872  
      59A      0.527478    60A      0.527944    61A      0.548283  
      62A      0.563100    63A      0.570916    64A      0.584265  
      65A      0.591979    66A      0.609252    67A      0.611680  
      68A      0.613595    69A      0.616060    70A      0.618079  
      71A      0.626849    72A      0.629058    73A      0.638377  
      74A      0.673934    75A      0.690941    76A      0.692994  
      77A      0.757351    78A      0.826374    79A      0.827953  
      80A      0.835610    81A      0.837517    82A      0.837902  
      83A      0.854071    84A      0.856775    85A      0.899828  
      86A      0.901432    87A      0.925987    88A      0.943980  
      89A      0.945464    90A      0.986252    91A      1.001202  
      92A      1.052473    93A      1.058040    94A      1.068898  
      95A      1.087059    96A      1.153007    97A      1.195192  
      98A      1.198258    99A      1.244064   100A      1.257044  
     101A      1.276792   102A      1.315102   103A      1.391855  
     104A      1.414321   105A      1.444840   106A      1.457756  
     107A      1.460033   108A      1.490152   109A      1.490321  
     110A      1.495160   111A      1.500831   112A      1.510147  
     113A      1.531002   114A      1.724899   115A      1.771499  
     116A      1.777480   117A      1.857854   118A      1.894322  
     119A      1.898673   120A      1.909977   121A      1.930589  
     122A      1.947872   123A      1.949122   124A      1.953579  
     125A      1.995491   126A      2.031034   127A      2.048616  
     128A      2.124461   129A      2.146584   130A      2.160834  
     131A      2.199466   132A      2.202895   133A      2.207532  
     134A      2.280141   135A      2.281670   136A      2.301942  
     137A      2.329847   138A      2.338045   139A      2.378739  
     140A      2.419022   141A      2.609628   142A      2.614804  
     143A      2.616887   144A      2.619302   145A      2.641578  
     146A      2.673493   147A      2.720630   148A      2.752221  
     149A      2.782113   150A      2.833345   151A      2.856773  
     152A      2.877209   153A      2.940460   154A      3.097902  
     155A      3.352454   156A      3.474990   157A      4.081215  
     158A      4.093886   159A      4.118684   160A      4.121355  
     161A      4.150709   162A      4.261920   163A      4.349940  
     164A      4.400053   165A      4.516448   166A      4.800541  

    Final Occupation by Irrep:
              A 
    DOCC [    34 ]
    NA   [    34 ]
    NB   [    34 ]

  @DF-RKS Final Energy:  -385.89264383355663

   => Energetics <=

    Nuclear Repulsion Energy =            457.1905260748455362
    One-Electron Energy =               -1425.4301595945596546
    Two-Electron Energy =                 628.6539903184927880
    DFT Exchange-Correlation Energy =     -46.3070006323353951
    Empirical Dispersion Energy =           0.0000000000000000
    VV10 Nonlocal Energy =                  0.0000000000000000
    Total Energy =                       -385.8926438335566900

Computation Completed


Properties will be evaluated at   0.000000,   0.000000,   0.000000 [a0]

Properties computed using the SCF density matrix


 Multipole Moments:

 ------------------------------------------------------------------------------------
     Multipole            Electronic (a.u.)      Nuclear  (a.u.)        Total (a.u.)
 ------------------------------------------------------------------------------------

 L = 1.  Multiply by 2.5417464519 to convert [e a0] to [Debye]
 Dipole X            :         -0.0000033            0.0000037            0.0000003
 Dipole Y            :          0.0000058           -0.0000055            0.0000003
 Dipole Z            :          0.0000000           -0.0000000            0.0000000
 Magnitude           :                                                    0.0000005

 ------------------------------------------------------------------------------------

*** tstop() called on Asus18 at Thu Sep 10 13:04:30 2026
Module time:
	user time   =        nan seconds =        nan minutes
	system time =        nan seconds =        nan minutes
	total time  =          7 seconds =       0.12 minutes
Total time:
	user time   =        nan seconds =        nan minutes
	system time =        nan seconds =        nan minutes
	total time  =         44 seconds =       0.73 minutes

*** tstart() called on Asus18
*** at Thu Sep 10 13:04:30 2026


         ------------------------------------------------------------
                                   SCF GRAD                          
                          Rob Parrish, Justin Turney,                
                       Andy Simmonett, and Alex Sokolov              
         ------------------------------------------------------------

  ==> Geometry <==

    Molecular point group: c1
    Full point group: Cs

    Geometry (in Angstrom), charge = 0, multiplicity = 1:

       Center              X                  Y                   Z               Mass       
    ------------   -----------------  -----------------  -----------------  -----------------
         C            0.000000327501     0.717102847638    -0.000000000005    12.000000000000
         C            0.000000375484    -0.717103519849     0.000000000001    12.000000000000
         C            1.244814290930     1.402358108925     0.000000000006    12.000000000000
         C            1.244814424407    -1.402358120452     0.000000000011    12.000000000000
         C            2.433819433312     0.708359209305    -0.000000000015    12.000000000000
         C            2.433819438327    -0.708359101408    -0.000000000011    12.000000000000
         C           -1.244814177434     1.402357935017     0.000000000001    12.000000000000
         C           -1.244814363273    -1.402358045069     0.000000000005    12.000000000000
         C           -2.433819644679     0.708359304317    -0.000000000015    12.000000000000
         C           -2.433819715542    -0.708359195935    -0.000000000016    12.000000000000
         H            1.242403594651     2.490051550675     0.000000000022     1.007825032230
         H            1.242403986739    -2.490051430341     0.000000000018     1.007825032230
         H            3.378184902292     1.246082609789    -0.000000000013     1.007825032230
         H            3.378184931557    -1.246082368574    -0.000000000009     1.007825032230
         H           -1.242403428385     2.490051446174     0.000000000017     1.007825032230
         H           -1.242403844667    -2.490051481784     0.000000000015     1.007825032230
         H           -3.378185190763     1.246082911453    -0.000000000002     1.007825032230
         H           -3.378185340459    -1.246082659884    -0.000000000011     1.007825032230

  Nuclear repulsion =  457.190526074845536

  ==> Basis Set <==

  Basis Set: 6-31G*
    Blend: 6-31G*
    Number of shells: 76
    Number of basis functions: 166
    Number of Cartesian functions: 166
    Spherical Harmonics?: false
    Max angular momentum: 2

  ==> DFJKGrad: Density-Fitted SCF Gradients <==

    Gradient:                    1
    J tasked:                  Yes
    K tasked:                  Yes
    wK tasked:                  No
    OpenMP threads:              8
    Integrals threads:           8
    Memory [MiB]:             -422
    Schwarz Cutoff:          1E-12
    Fitting Condition:       1E-10

   => Auxiliary Basis Set <=

  Basis Set: (6-31G* AUX)
    Blend: CC-PVDZ-JKFIT
    Number of shells: 312
    Number of basis functions: 1010
    Number of Cartesian functions: 1010
    Spherical Harmonics?: false
    Max angular momentum: 3

  ==> DFT Potential <==

   => LibXC <=

    Version 7.1.2
    S. Lehtola, C. Steigemann, M. J. T. Oliveira, and M. A. L. Marques,  SoftwareX 7, 1–5 (2018) (10.1016/j.softx.2017.11.002)

   => Composite Functional: B3LYP <= 

    B3LYP Hyb-GGA Exchange-Correlation Functional

    P. J. Stephens, F. J. Devlin, C. F. Chabalowski, and M. J. Frisch,  J. Phys. Chem. 98, 11623 (1994) (10.1021/j100096a001)

    Deriv               =              1
    GGA                 =           TRUE
    Meta                =          FALSE

    Exchange Hybrid     =           TRUE
    MP2 Hybrid          =          FALSE

   => Exchange Functionals <=

    0.0800   Slater exchange
    0.7200         Becke 88

   => Exact (HF) Exchange <=

    0.2000               HF 

   => Correlation Functionals <=

    0.1900   Vosko, Wilk & Nusair (VWN5_RPA)
    0.8100   Lee, Yang & Parr

   => LibXC Density Thresholds  <==

    XC_HYB_GGA_XC_B3LYP:  1.00E-15 

   => Molecular Quadrature <=

    Radial Scheme          =       TREUTLER
    Pruning Scheme         =           NONE
    Nuclear Scheme         =       TREUTLER

    Blocking Scheme        =         OCTREE
    BS radius alpha        =              1
    Pruning alpha          =              1
    Radial Points          =             99
    Spherical Points       =            590
    Total Points           =         960025
    Total Blocks           =           6524
    Max Points             =            256
    Max Functions          =            160
    Weights Tolerance      =       1.00E-15


  -Total Gradient:
     Atom            X                  Y                   Z
    ------   -----------------  -----------------  -----------------
       1        0.000000081530     0.000368521073    -0.000000000002
       2        0.000000180336    -0.000368449973    -0.000000000001
       3       -0.000097825322    -0.000076767166     0.000000000002
       4       -0.000097848345     0.000076760203     0.000000000002
       5        0.000092323983    -0.000167078103    -0.000000000002
       6        0.000092301934     0.000167026045    -0.000000000001
       7        0.000097911802    -0.000076730942     0.000000000001
       8        0.000097884637     0.000076680505     0.000000000001
       9       -0.000092403013    -0.000167071704    -0.000000000001
      10       -0.000092438028     0.000167048565    -0.000000000001
      11        0.000009569387     0.000009537609     0.000000000000
      12        0.000009563360    -0.000009510288    -0.000000000000
      13       -0.000012812423     0.000054614559     0.000000000000
      14       -0.000012831010    -0.000054593147     0.000000000000
      15       -0.000009572655     0.000009539097     0.000000000000
      16       -0.000009565750    -0.000009547335     0.000000000000
      17        0.000012728272     0.000054647186     0.000000000001
      18        0.000012751325    -0.000054626211     0.000000000000


*** tstop() called on Asus18 at Thu Sep 10 13:04:32 2026
Module time:
	user time   =        nan seconds =        nan minutes
	system time =        nan seconds =        nan minutes
	total time  =          2 seconds =       0.03 minutes
Total time:
	user time   =        nan seconds =        nan minutes
	system time =        nan seconds =        nan minutes
	total time  =         46 seconds =       0.77 minutes

    			-----------------------------------------

    			 OPTKING 3.0: for geometry optimizations 

    			     By R.A. King, Bethel University     

    			        with contributions from          

    			    A.V. Copan, J. Cayton, A. Heide      

    			-----------------------------------------

    
	                            ===> Fragment 1 <== 

	 Z (Atomic Numbers)          Masses                          Geom                  
	       6.000000            12.000000          0.00000062  1.35512799 -0.00000000   
	       6.000000            12.000000          0.00000071 -1.35512926  0.00000000   
	       6.000000            12.000000          2.35235809  2.65007276  0.00000000   
	       6.000000            12.000000          2.35235834 -2.65007278  0.00000000   
	       6.000000            12.000000          4.59925217  1.33860490 -0.00000000   
	       6.000000            12.000000          4.59925218 -1.33860470 -0.00000000   
	       6.000000            12.000000         -2.35235787  2.65007243  0.00000000   
	       6.000000            12.000000         -2.35235822 -2.65007264  0.00000000   
	       6.000000            12.000000         -4.59925257  1.33860508 -0.00000000   
	       6.000000            12.000000         -4.59925270 -1.33860488 -0.00000000   
	       1.000000             1.007825          2.34780253  4.70551547  0.00000000   
	       1.000000             1.007825          2.34780327 -4.70551524  0.00000000   
	       1.000000             1.007825          6.38384427  2.35475486 -0.00000000   
	       1.000000             1.007825          6.38384432 -2.35475441 -0.00000000   
	       1.000000             1.007825         -2.34780222  4.70551527  0.00000000   
	       1.000000             1.007825         -2.34780300 -4.70551534  0.00000000   
	       1.000000             1.007825         -6.38384481  2.35475543 -0.00000000   
	       1.000000             1.007825         -6.38384509 -2.35475496 -0.00000000   

	 - Coordinate -           - BOHR/RAD -       - ANG/DEG -
	 R(1,2)           =         2.710257           1.434206
	 R(1,3)           =         2.685231           1.420963
	 R(1,7)           =         2.685232           1.420964
	 R(2,4)           =         2.685231           1.420963
	 R(2,8)           =         2.685232           1.420964
	 R(3,5)           =         2.601630           1.376724
	 R(3,11)          =         2.055448           1.087696
	 R(4,6)           =         2.601630           1.376723
	 R(4,12)          =         2.055448           1.087696
	 R(5,6)           =         2.677210           1.416718
	 R(5,13)          =         2.053614           1.086726
	 R(6,14)          =         2.053614           1.086726
	 R(7,9)           =         2.601631           1.376724
	 R(7,15)          =         2.055448           1.087696
	 R(8,10)          =         2.601631           1.376724
	 R(8,16)          =         2.055448           1.087696
	 R(9,10)          =         2.677210           1.416719
	 R(9,17)          =         2.053614           1.086726
	 R(10,18)         =         2.053614           1.086726
	 B(1,2,4)         =         2.074014         118.832237
	 B(1,2,8)         =         2.074013         118.832217
	 B(1,3,5)         =         2.110041         120.896472
	 B(1,3,11)        =         2.071798         118.705273
	 B(1,7,9)         =         2.110042         120.896505
	 B(1,7,15)        =         2.071798         118.705254
	 B(2,1,3)         =         2.074014         118.832258
	 B(2,1,7)         =         2.074014         118.832245
	 B(2,4,6)         =         2.110042         120.896490
	 B(2,4,12)        =         2.071798         118.705262
	 B(2,8,10)        =         2.110042         120.896519
	 B(2,8,16)        =         2.071797         118.705242
	 B(3,1,7)         =         2.135157         122.335497
	 B(3,5,6)         =         2.099130         120.271268
	 B(3,5,13)        =         2.095642         120.071468
	 B(4,2,8)         =         2.135158         122.335546
	 B(4,6,5)         =         2.099130         120.271275
	 B(4,6,14)        =         2.095642         120.071467
	 B(5,3,11)        =         2.101346         120.398255
	 B(5,6,14)        =         2.088413         119.657258
	 B(6,4,12)        =         2.101346         120.398248
	 B(6,5,13)        =         2.088413         119.657264
	 B(7,9,10)        =         2.099129         120.271255
	 B(7,9,17)        =         2.095643         120.071477
	 B(8,10,9)        =         2.099129         120.271259
	 B(8,10,18)       =         2.095643         120.071475
	 B(9,7,15)        =         2.101346         120.398241
	 B(9,10,18)       =         2.088413         119.657266
	 B(10,8,16)       =         2.101346         120.398239
	 B(10,9,17)       =         2.088413         119.657269
	 D(1,2,4,6)       =        -0.000000          -0.000000
	 D(1,2,4,12)      =         3.141593         180.000000
	 D(1,2,8,10)      =         0.000000           0.000000
	 D(1,2,8,16)      =         3.141593         180.000000
	 D(1,3,5,6)       =        -0.000000          -0.000000
	 D(1,3,5,13)      =         3.141593         180.000000
	 D(1,7,9,10)      =         0.000000           0.000000
	 D(1,7,9,17)      =         3.141593         180.000000
	 D(2,1,3,5)       =         0.000000           0.000000
	 D(2,1,3,11)      =         3.141593         180.000000
	 D(2,1,7,9)       =        -0.000000          -0.000000
	 D(2,1,7,15)      =         3.141593         180.000000
	 D(2,4,6,5)       =         0.000000           0.000000
	 D(2,4,6,14)      =         3.141593         180.000000
	 D(2,8,10,9)      =        -0.000000          -0.000000
	 D(2,8,10,18)     =         3.141593         180.000000
	 D(3,1,2,4)       =        -0.000000          -0.000000
	 D(3,1,2,8)       =         3.141593         180.000000
	 D(3,1,7,9)       =         3.141593         180.000000
	 D(3,1,7,15)      =        -0.000000          -0.000000
	 D(3,5,6,4)       =         0.000000           0.000000
	 D(3,5,6,14)      =         3.141593         180.000000
	 D(4,2,1,7)       =         3.141593         180.000000
	 D(4,2,8,10)      =         3.141593         180.000000
	 D(4,2,8,16)      =        -0.000000          -0.000000
	 D(4,6,5,13)      =         3.141593         180.000000
	 D(5,3,1,7)       =         3.141593         180.000000
	 D(5,6,4,12)      =         3.141593         180.000000
	 D(6,4,2,8)       =         3.141593         180.000000
	 D(6,5,3,11)      =         3.141593         180.000000
	 D(7,1,2,8)       =         0.000000           0.000000
	 D(7,1,3,11)      =         0.000000           0.000000
	 D(7,9,10,8)      =         0.000000           0.000000
	 D(7,9,10,18)     =         3.141593         180.000000
	 D(8,2,4,12)      =         0.000000           0.000000
	 D(8,10,9,17)     =         3.141593         180.000000
	 D(9,10,8,16)     =         3.141593         180.000000
	 D(10,9,7,15)     =         3.141593         180.000000
	 D(11,3,5,13)     =         0.000000           0.000000
	 D(12,4,6,14)     =        -0.000000          -0.000000
	 D(13,5,6,14)     =        -0.000000          -0.000000
	 D(15,7,9,17)     =        -0.000000          -0.000000
	 D(16,8,10,18)    =         0.000000           0.000000
	 D(17,9,10,18)    =         0.000000           0.000000


	        --- Internal Coordinate Step in ANG or DEG, aJ/ANG or AJ/DEG ---
	-------------------------------------------------------------------------------
	           Coordinate      Previous         Force          Change          New 
	           ----------      --------        ------          ------        ------
	               R(1,2)       1.43421       -0.00156       -0.00027       1.43394
	               R(1,3)       1.42096        0.00042        0.00008       1.42104
	               R(1,7)       1.42096        0.00042        0.00008       1.42104
	               R(2,4)       1.42096        0.00042        0.00008       1.42104
	               R(2,8)       1.42096        0.00042        0.00008       1.42104
	               R(3,5)       1.37672       -0.00066       -0.00011       1.37662
	              R(3,11)       1.08770       -0.00008       -0.00001       1.08769
	               R(4,6)       1.37672       -0.00066       -0.00011       1.37662
	              R(4,12)       1.08770       -0.00008       -0.00001       1.08769
	               R(5,6)       1.41672        0.00074        0.00018       1.41690
	              R(5,13)       1.08673       -0.00013       -0.00003       1.08669
	              R(6,14)       1.08673       -0.00013       -0.00003       1.08669
	               R(7,9)       1.37672       -0.00066       -0.00011       1.37662
	              R(7,15)       1.08770       -0.00008       -0.00001       1.08769
	              R(8,10)       1.37672       -0.00066       -0.00011       1.37662
	              R(8,16)       1.08770       -0.00008       -0.00001       1.08769
	              R(9,10)       1.41672        0.00074        0.00018       1.41690
	              R(9,17)       1.08673       -0.00013       -0.00003       1.08669
	             R(10,18)       1.08673       -0.00013       -0.00003       1.08669
	             B(1,2,4)     118.83224        0.00000        0.00997     118.84220
	             B(1,2,8)     118.83222        0.00000        0.00997     118.84219
	             B(1,3,5)     120.89647       -0.00000       -0.01394     120.88253
	            B(1,3,11)     118.70527        0.00000       -0.00375     118.70152
	             B(1,7,9)     120.89650       -0.00000       -0.01395     120.88255
	            B(1,7,15)     118.70525        0.00000       -0.00375     118.70151
	             B(2,1,3)     118.83226        0.00000        0.00998     118.84224
	             B(2,1,7)     118.83225        0.00000        0.00998     118.84223
	             B(2,4,6)     120.89649       -0.00000       -0.01394     120.88255
	            B(2,4,12)     118.70526        0.00000       -0.00375     118.70151
	            B(2,8,10)     120.89652       -0.00000       -0.01395     120.88257
	            B(2,8,16)     118.70524        0.00000       -0.00375     118.70149
	             B(3,1,7)     122.33550       -0.00001       -0.01996     122.31554
	             B(3,5,6)     120.27127        0.00000        0.00396     120.27523
	            B(3,5,13)     120.07147        0.00000        0.02589     120.09736
	             B(4,2,8)     122.33555       -0.00001       -0.01994     122.31561
	             B(4,6,5)     120.27128        0.00000        0.00396     120.27524
	            B(4,6,14)     120.07147        0.00000        0.02589     120.09736
	            B(5,3,11)     120.39825        0.00000        0.01769     120.41595
	            B(5,6,14)     119.65726       -0.00000       -0.02985     119.62740
	            B(6,4,12)     120.39825        0.00000        0.01769     120.41594
	            B(6,5,13)     119.65726       -0.00000       -0.02986     119.62741
	            B(7,9,10)     120.27125        0.00000        0.00397     120.27523
	            B(7,9,17)     120.07148        0.00000        0.02588     120.09736
	            B(8,10,9)     120.27126        0.00000        0.00398     120.27523
	           B(8,10,18)     120.07147        0.00000        0.02588     120.09735
	            B(9,7,15)     120.39824        0.00000        0.01770     120.41594
	           B(9,10,18)     119.65727       -0.00000       -0.02985     119.62741
	           B(10,8,16)     120.39824        0.00000        0.01770     120.41594
	           B(10,9,17)     119.65727       -0.00000       -0.02986     119.62741
	           D(1,2,4,6)      -0.00000        0.00000        0.00000       0.00000
	          D(1,2,4,12)     180.00000        0.00000        0.00000     180.00000
	          D(1,2,8,10)       0.00000       -0.00000       -0.00000      -0.00000
	          D(1,2,8,16)     180.00000       -0.00000        0.00000     180.00000
	           D(1,3,5,6)      -0.00000        0.00000        0.00000       0.00000
	          D(1,3,5,13)     180.00000        0.00000        0.00000     180.00000
	          D(1,7,9,10)       0.00000       -0.00000       -0.00000      -0.00000
	          D(1,7,9,17)     180.00000        0.00000        0.00000     180.00000
	           D(2,1,3,5)       0.00000       -0.00000       -0.00000      -0.00000
	          D(2,1,3,11)     180.00000       -0.00000        0.00000     180.00000
	           D(2,1,7,9)      -0.00000        0.00000        0.00000       0.00000
	          D(2,1,7,15)     180.00000        0.00000        0.00000     180.00000
	           D(2,4,6,5)       0.00000       -0.00000       -0.00000      -0.00000
	          D(2,4,6,14)     180.00000       -0.00000        0.00000     180.00000
	          D(2,8,10,9)      -0.00000        0.00000        0.00000       0.00000
	         D(2,8,10,18)     180.00000       -0.00000        0.00000     180.00000
	           D(3,1,2,4)      -0.00000        0.00000        0.00000       0.00000
	           D(3,1,2,8)     180.00000        0.00000        0.00000     180.00000
	           D(3,1,7,9)     180.00000        0.00000        0.00000     180.00000
	          D(3,1,7,15)      -0.00000        0.00000        0.00000      -0.00000
	           D(3,5,6,4)       0.00000       -0.00000       -0.00000      -0.00000
	          D(3,5,6,14)     180.00000       -0.00000        0.00000     180.00000
	           D(4,2,1,7)     180.00000       -0.00000        0.00000     180.00000
	          D(4,2,8,10)     180.00000       -0.00000        0.00000     180.00000
	          D(4,2,8,16)      -0.00000        0.00000        0.00000       0.00000
	          D(4,6,5,13)     180.00000        0.00000        0.00000     180.00000
	           D(5,3,1,7)     180.00000       -0.00000        0.00000     180.00000
	          D(5,6,4,12)     180.00000       -0.00000        0.00000     180.00000
	           D(6,4,2,8)     180.00000        0.00000        0.00000     180.00000
	          D(6,5,3,11)     180.00000        0.00000        0.00000     180.00000
	           D(7,1,2,8)       0.00000       -0.00000       -0.00000      -0.00000
	          D(7,1,3,11)       0.00000        0.00000        0.00000       0.00000
	          D(7,9,10,8)       0.00000       -0.00000       -0.00000      -0.00000
	         D(7,9,10,18)     180.00000        0.00000        0.00000     180.00000
	          D(8,2,4,12)       0.00000       -0.00000       -0.00000      -0.00000
	         D(8,10,9,17)     180.00000       -0.00000        0.00000     180.00000
	         D(9,10,8,16)     180.00000        0.00000        0.00000     180.00000
	         D(10,9,7,15)     180.00000       -0.00000        0.00000     180.00000
	         D(11,3,5,13)       0.00000       -0.00000       -0.00000      -0.00000
	         D(12,4,6,14)      -0.00000        0.00000        0.00000       0.00000
	         D(13,5,6,14)      -0.00000        0.00000        0.00000       0.00000
	         D(15,7,9,17)      -0.00000        0.00000        0.00000       0.00000
	        D(16,8,10,18)       0.00000       -0.00000       -0.00000      -0.00000
	        D(17,9,10,18)       0.00000       -0.00000       -0.00000      -0.00000
	-------------------------------------------------------------------------------

	                                 ==> Convergence Check <==                                  
    
	Measures of convergence in internal coordinates in au.
    
	Criteria marked as inactive (o), active & met (*), and active & unmet ( ).

	----------------------------------------------------------------------------------------------
	   Step    Total Energy     Delta E     Max Force     RMS Force      Max Disp      RMS Disp   
	----------------------------------------------------------------------------------------------
	  Convergence Criteria     1.00e-06 *    3.00e-04 *             o    1.20e-03 *             o
	----------------------------------------------------------------------------------------------
	     4    -385.89264383   -6.90e-06      1.89e-04 *    4.08e-05 o    5.21e-04 *    1.99e-04 o  ~
	----------------------------------------------------------------------------------------------

Next Geometry in Ang 
	Fragment 1 (Ang)

	    C   0.0000001792   0.7169686249   0.0000000000
	    C   0.0000001969  -0.7169696066   0.0000000000
	    C   1.2447629797   1.4024782164  -0.0000000000
	    C   1.2447632633  -1.4024783414  -0.0000000000
	    C   2.4336271008   0.7084514944   0.0000000001
	    C   2.4336271971  -0.7084512665   0.0000000000
	    C  -1.2447630244   1.4024781233   0.0000000000
	    C  -1.2447633256  -1.4024782476  -0.0000000000
	    C  -2.4336271720   0.7084515548   0.0000000000
	    C  -2.4336272716  -0.7084513085   0.0000000001
	    H   1.2420916041   2.4901659115  -0.0000000001
	    H   1.2420923787  -2.4901659440  -0.0000000001
	    H   3.3782454513   1.2456673346   0.0000000000
	    H   3.3782456542  -1.2456669156   0.0000000000
	    H  -1.2420916152   2.4901658920  -0.0000000001
	    H  -1.2420923765  -2.4901659220  -0.0000000000
	    H  -3.3782454887   1.2456675134  -0.0000000000
	    H  -3.3782457312  -1.2456671130   0.0000000000


    Final optimized geometry and variables:
    Molecular point group: c1
    Full point group: Cs

    Geometry (in Angstrom), charge = 0, multiplicity = 1:

    C            0.000000327501     0.717102847638    -0.000000000005
    C            0.000000375484    -0.717103519849     0.000000000001
    C            1.244814290930     1.402358108925     0.000000000006
    C            1.244814424407    -1.402358120452     0.000000000011
    C            2.433819433312     0.708359209305    -0.000000000015
    C            2.433819438327    -0.708359101408    -0.000000000011
    C           -1.244814177434     1.402357935017     0.000000000001
    C           -1.244814363273    -1.402358045069     0.000000000005
    C           -2.433819644679     0.708359304317    -0.000000000015
    C           -2.433819715542    -0.708359195935    -0.000000000016
    H            1.242403594651     2.490051550675     0.000000000022
    H            1.242403986739    -2.490051430341     0.000000000018
    H            3.378184902292     1.246082609789    -0.000000000013
    H            3.378184931557    -1.246082368574    -0.000000000009
    H           -1.242403428385     2.490051446174     0.000000000017
    H           -1.242403844667    -2.490051481784     0.000000000015
    H           -3.378185190763     1.246082911453    -0.000000000002
    H           -3.378185340459    -1.246082659884    -0.000000000011

