molecule,frequency_cm,intensity,uid,source
tetracene,48.413,0.698519,282,"PAHdb Anharmonic v1.00 (Module 02 out/anharmonic_1.00/bands.csv.gz), all transitions incl. overtones/combinations"
tetracene,80.411,0.0,282,"PAHdb Anharmonic v1.00 (Module 02 out/anharmonic_1.00/bands.csv.gz), all transitions incl. overtones/combinations"
tetracene,96.813,0.0,282,"PAHdb Anharmonic v1.00 (Module 02 out/anharmonic_1.00/bands.csv.gz), all transitions incl. overtones/combinations"
tetracene,124.51,0.0,282,"PAHdb Anharmonic v1.00 (Module 02 out/anharmonic_1.00/bands.csv.gz), all transitions incl. overtones/combinations"
tetracene,147.23,0.0,282,"PAHdb Anharmonic v1.00 (Module 02 out/anharmonic_1.00/bands.csv.gz), all transitions incl. overtones/combinations"
tetracene,156.613,1.2682,282,"PAHdb Anharmonic v1.00 (Module 02 out/anharmonic_1.00/bands.csv.gz), all transitions incl. overtones/combinations"
tetracene,161.3,0.0,282,"PAHdb Anharmonic v1.00 (Module 02 out/anharmonic_1.00/bands.csv.gz), all transitions incl. overtones/combinations"
tetracene,183.343,0.0,282,"PAHdb Anharmonic v1.00 (Module 02 out/anharmonic_1.00/bands.csv.gz), all transitions incl. overtones/combinations"
tetracene,196.057,0.00024181,282,"PAHdb Anharmonic v1.00 (Module 02 out/anharmonic_1.00/bands.csv.gz), all transitions incl. overtones/combinations"
tetracene,204.738,0.0,282,"PAHdb Anharmonic v1.00 (Module 02 out/anharmonic_1.00/bands.csv.gz), all transitions incl. overtones/combinations"
tetracene,226.54,0.00251092,282,"PAHdb Anharmonic v1.00 (Module 02 out/anharmonic_1.00/bands.csv.gz), all transitions incl. overtones/combinations"
tetracene,231.193,0.0019643,282,"PAHdb Anharmonic v1.00 (Module 02 out/anharmonic_1.00/bands.csv.gz), all transitions incl. overtones/combinations"
tetracene,236.343,0.0,282,"PAHdb Anharmonic v1.00 (Module 02 out/anharmonic_1.00/bands.csv.gz), all transitions incl. overtones/combinations"
tetracene,263.681,0.00045988,282,"PAHdb Anharmonic v1.00 (Module 02 out/anharmonic_1.00/bands.csv.gz), all transitions incl. overtones/combinations"
tetracene,265.265,0.987243,282,"PAHdb Anharmonic v1.00 (Module 02 out/anharmonic_1.00/bands.csv.gz), all transitions incl. overtones/combinations"
tetracene,293.609,0.0,282,"PAHdb Anharmonic v1.00 (Module 02 out/anharmonic_1.00/bands.csv.gz), all transitions incl. overtones/combinations"
tetracene,300.25,0.0,282,"PAHdb Anharmonic v1.00 (Module 02 out/anharmonic_1.00/bands.csv.gz), all transitions incl. overtones/combinations"
tetracene,300.632,0.0,282,"PAHdb Anharmonic v1.00 (Module 02 out/anharmonic_1.00/bands.csv.gz), all transitions incl. overtones/combinations"
tetracene,305.277,0.0,282,"PAHdb Anharmonic v1.00 (Module 02 out/anharmonic_1.00/bands.csv.gz), all transitions incl. overtones/combinations"
tetracene,312.986,0.0,282,"PAHdb Anharmonic v1.00 (Module 02 out/anharmonic_1.00/bands.csv.gz), all transitions incl. overtones/combinations"
tetracene,313.793,0.0,282,"PAHdb Anharmonic v1.00 (Module 02 out/anharmonic_1.00/bands.csv.gz), all transitions incl. overtones/combinations"
tetracene,315.69,0.0,282,"PAHdb Anharmonic v1.00 (Module 02 out/anharmonic_1.00/bands.csv.gz), all transitions incl. overtones/combinations"
tetracene,330.812,0.0,282,"PAHdb Anharmonic v1.00 (Module 02 out/anharmonic_1.00/bands.csv.gz), all transitions incl. overtones/combinations"
tetracene,340.012,0.00369277,282,"PAHdb Anharmonic v1.00 (Module 02 out/anharmonic_1.00/bands.csv.gz), all transitions incl. overtones/combinations"
tetracene,346.395,0.0,282,"PAHdb Anharmonic v1.00 (Module 02 out/anharmonic_1.00/bands.csv.gz), all transitions incl. overtones/combinations"
tetracene,348.607,0.0,282,"PAHdb Anharmonic v1.00 (Module 02 out/anharmonic_1.00/bands.csv.gz), all transitions incl. overtones/combinations"
tetracene,348.752,0.0,282,"PAHdb Anharmonic v1.00 (Module 02 out/anharmonic_1.00/bands.csv.gz), all transitions incl. overtones/combinations"
tetracene,363.209,0.00452953,282,"PAHdb Anharmonic v1.00 (Module 02 out/anharmonic_1.00/bands.csv.gz), all transitions incl. overtones/combinations"
tetracene,367.086,0.0,282,"PAHdb Anharmonic v1.00 (Module 02 out/anharmonic_1.00/bands.csv.gz), all transitions incl. overtones/combinations"
tetracene,373.573,0.0,282,"PAHdb Anharmonic v1.00 (Module 02 out/anharmonic_1.00/bands.csv.gz), all transitions incl. overtones/combinations"
tetracene,380.152,0.0141505,282,"PAHdb Anharmonic v1.00 (Module 02 out/anharmonic_1.00/bands.csv.gz), all transitions incl. overtones/combinations"
tetracene,382.238,0.0,282,"PAHdb Anharmonic v1.00 (Module 02 out/anharmonic_1.00/bands.csv.gz), all transitions incl. overtones/combinations"
tetracene,394.81,0.0,282,"PAHdb Anharmonic v1.00 (Module 02 out/anharmonic_1.00/bands.csv.gz), all transitions incl. overtones/combinations"
tetracene,412.203,0.0421456,282,"PAHdb Anharmonic v1.00 (Module 02 out/anharmonic_1.00/bands.csv.gz), all transitions incl. overtones/combinations"
tetracene,422.124,0.0,282,"PAHdb Anharmonic v1.00 (Module 02 out/anharmonic_1.00/bands.csv.gz), all transitions incl. overtones/combinations"
tetracene,422.591,0.00334045,282,"PAHdb Anharmonic v1.00 (Module 02 out/anharmonic_1.00/bands.csv.gz), all transitions incl. overtones/combinations"
tetracene,442.712,0.0821611,282,"PAHdb Anharmonic v1.00 (Module 02 out/anharmonic_1.00/bands.csv.gz), all transitions incl. overtones/combinations"
tetracene,447.754,0.0,282,"PAHdb Anharmonic v1.00 (Module 02 out/anharmonic_1.00/bands.csv.gz), all transitions incl. overtones/combinations"
tetracene,448.218,0.00790282,282,"PAHdb Anharmonic v1.00 (Module 02 out/anharmonic_1.00/bands.csv.gz), all transitions incl. overtones/combinations"
tetracene,450.437,0.00916918,282,"PAHdb Anharmonic v1.00 (Module 02 out/anharmonic_1.00/bands.csv.gz), all transitions incl. overtones/combinations"
tetracene,454.729,0.00567421,282,"PAHdb Anharmonic v1.00 (Module 02 out/anharmonic_1.00/bands.csv.gz), all transitions incl. overtones/combinations"
tetracene,457.366,0.00404163,282,"PAHdb Anharmonic v1.00 (Module 02 out/anharmonic_1.00/bands.csv.gz), all transitions incl. overtones/combinations"
tetracene,458.975,0.0,282,"PAHdb Anharmonic v1.00 (Module 02 out/anharmonic_1.00/bands.csv.gz), all transitions incl. overtones/combinations"
tetracene,461.156,30.0962,282,"PAHdb Anharmonic v1.00 (Module 02 out/anharmonic_1.00/bands.csv.gz), all transitions incl. overtones/combinations"
tetracene,461.85,0.0,282,"PAHdb Anharmonic v1.00 (Module 02 out/anharmonic_1.00/bands.csv.gz), all transitions incl. overtones/combinations"
tetracene,467.995,0.0,282,"PAHdb Anharmonic v1.00 (Module 02 out/anharmonic_1.00/bands.csv.gz), all transitions incl. overtones/combinations"
tetracene,471.009,0.00012024,282,"PAHdb Anharmonic v1.00 (Module 02 out/anharmonic_1.00/bands.csv.gz), all transitions incl. overtones/combinations"
tetracene,472.284,2.35662,282,"PAHdb Anharmonic v1.00 (Module 02 out/anharmonic_1.00/bands.csv.gz), all transitions incl. overtones/combinations"
tetracene,483.93,0.0,282,"PAHdb Anharmonic v1.00 (Module 02 out/anharmonic_1.00/bands.csv.gz), all transitions incl. overtones/combinations"
tetracene,485.102,0.0261479,282,"PAHdb Anharmonic v1.00 (Module 02 out/anharmonic_1.00/bands.csv.gz), all transitions incl. overtones/combinations"
tetracene,492.159,0.0,282,"PAHdb Anharmonic v1.00 (Module 02 out/anharmonic_1.00/bands.csv.gz), all transitions incl. overtones/combinations"
tetracene,497.483,0.0,282,"PAHdb Anharmonic v1.00 (Module 02 out/anharmonic_1.00/bands.csv.gz), all transitions incl. overtones/combinations"
tetracene,497.799,0.0,282,"PAHdb Anharmonic v1.00 (Module 02 out/anharmonic_1.00/bands.csv.gz), all transitions incl. overtones/combinations"
tetracene,507.663,0.0,282,"PAHdb Anharmonic v1.00 (Module 02 out/anharmonic_1.00/bands.csv.gz), all transitions incl. overtones/combinations"
tetracene,507.756,0.0,282,"PAHdb Anharmonic v1.00 (Module 02 out/anharmonic_1.00/bands.csv.gz), all transitions incl. overtones/combinations"
tetracene,516.598,0.0608248,282,"PAHdb Anharmonic v1.00 (Module 02 out/anharmonic_1.00/bands.csv.gz), all transitions incl. overtones/combinations"
tetracene,519.738,0.0,282,"PAHdb Anharmonic v1.00 (Module 02 out/anharmonic_1.00/bands.csv.gz), all transitions incl. overtones/combinations"
tetracene,521.806,0.0,282,"PAHdb Anharmonic v1.00 (Module 02 out/anharmonic_1.00/bands.csv.gz), all transitions incl. overtones/combinations"
tetracene,523.798,0.0,282,"PAHdb Anharmonic v1.00 (Module 02 out/anharmonic_1.00/bands.csv.gz), all transitions incl. overtones/combinations"
tetracene,530.306,0.0,282,"PAHdb Anharmonic v1.00 (Module 02 out/anharmonic_1.00/bands.csv.gz), all transitions incl. overtones/combinations"
tetracene,531.324,0.0,282,"PAHdb Anharmonic v1.00 (Module 02 out/anharmonic_1.00/bands.csv.gz), all transitions incl. overtones/combinations"
tetracene,541.144,0.0,282,"PAHdb Anharmonic v1.00 (Module 02 out/anharmonic_1.00/bands.csv.gz), all transitions incl. overtones/combinations"
tetracene,546.432,1e-08,282,"PAHdb Anharmonic v1.00 (Module 02 out/anharmonic_1.00/bands.csv.gz), all transitions incl. overtones/combinations"
tetracene,546.592,4e-08,282,"PAHdb Anharmonic v1.00 (Module 02 out/anharmonic_1.00/bands.csv.gz), all transitions incl. overtones/combinations"
tetracene,547.93,0.0642267,282,"PAHdb Anharmonic v1.00 (Module 02 out/anharmonic_1.00/bands.csv.gz), all transitions incl. overtones/combinations"
tetracene,552.326,0.0,282,"PAHdb Anharmonic v1.00 (Module 02 out/anharmonic_1.00/bands.csv.gz), all transitions incl. overtones/combinations"
tetracene,556.145,0.00153323,282,"PAHdb Anharmonic v1.00 (Module 02 out/anharmonic_1.00/bands.csv.gz), all transitions incl. overtones/combinations"
tetracene,556.154,10.5909,282,"PAHdb Anharmonic v1.00 (Module 02 out/anharmonic_1.00/bands.csv.gz), all transitions incl. overtones/combinations"
tetracene,557.491,0.0,282,"PAHdb Anharmonic v1.00 (Module 02 out/anharmonic_1.00/bands.csv.gz), all transitions incl. overtones/combinations"
tetracene,565.991,0.0,282,"PAHdb Anharmonic v1.00 (Module 02 out/anharmonic_1.00/bands.csv.gz), all transitions incl. overtones/combinations"
tetracene,567.562,0.0,282,"PAHdb Anharmonic v1.00 (Module 02 out/anharmonic_1.00/bands.csv.gz), all transitions incl. overtones/combinations"
tetracene,578.229,0.0522986,282,"PAHdb Anharmonic v1.00 (Module 02 out/anharmonic_1.00/bands.csv.gz), all transitions incl. overtones/combinations"
tetracene,579.867,0.00150396,282,"PAHdb Anharmonic v1.00 (Module 02 out/anharmonic_1.00/bands.csv.gz), all transitions incl. overtones/combinations"
tetracene,588.106,0.0036092,282,"PAHdb Anharmonic v1.00 (Module 02 out/anharmonic_1.00/bands.csv.gz), all transitions incl. overtones/combinations"
tetracene,591.361,0.0,282,"PAHdb Anharmonic v1.00 (Module 02 out/anharmonic_1.00/bands.csv.gz), all transitions incl. overtones/combinations"
tetracene,594.828,0.0,282,"PAHdb Anharmonic v1.00 (Module 02 out/anharmonic_1.00/bands.csv.gz), all transitions incl. overtones/combinations"
tetracene,600.641,0.0,282,"PAHdb Anharmonic v1.00 (Module 02 out/anharmonic_1.00/bands.csv.gz), all transitions incl. overtones/combinations"
tetracene,601.346,0.0,282,"PAHdb Anharmonic v1.00 (Module 02 out/anharmonic_1.00/bands.csv.gz), all transitions incl. overtones/combinations"
tetracene,602.78,0.0171772,282,"PAHdb Anharmonic v1.00 (Module 02 out/anharmonic_1.00/bands.csv.gz), all transitions incl. overtones/combinations"
tetracene,603.62,0.0,282,"PAHdb Anharmonic v1.00 (Module 02 out/anharmonic_1.00/bands.csv.gz), all transitions incl. overtones/combinations"
tetracene,605.157,0.0,282,"PAHdb Anharmonic v1.00 (Module 02 out/anharmonic_1.00/bands.csv.gz), all transitions incl. overtones/combinations"
tetracene,608.845,0.109694,282,"PAHdb Anharmonic v1.00 (Module 02 out/anharmonic_1.00/bands.csv.gz), all transitions incl. overtones/combinations"
tetracene,609.377,1.94079,282,"PAHdb Anharmonic v1.00 (Module 02 out/anharmonic_1.00/bands.csv.gz), all transitions incl. overtones/combinations"
tetracene,614.817,0.0,282,"PAHdb Anharmonic v1.00 (Module 02 out/anharmonic_1.00/bands.csv.gz), all transitions incl. overtones/combinations"
tetracene,615.811,0.0,282,"PAHdb Anharmonic v1.00 (Module 02 out/anharmonic_1.00/bands.csv.gz), all transitions incl. overtones/combinations"
tetracene,616.638,0.0,282,"PAHdb Anharmonic v1.00 (Module 02 out/anharmonic_1.00/bands.csv.gz), all transitions incl. overtones/combinations"
tetracene,617.782,0.0,282,"PAHdb Anharmonic v1.00 (Module 02 out/anharmonic_1.00/bands.csv.gz), all transitions incl. overtones/combinations"
tetracene,619.72,0.114659,282,"PAHdb Anharmonic v1.00 (Module 02 out/anharmonic_1.00/bands.csv.gz), all transitions incl. overtones/combinations"
tetracene,625.081,0.0,282,"PAHdb Anharmonic v1.00 (Module 02 out/anharmonic_1.00/bands.csv.gz), all transitions incl. overtones/combinations"
tetracene,625.757,0.0,282,"PAHdb Anharmonic v1.00 (Module 02 out/anharmonic_1.00/bands.csv.gz), all transitions incl. overtones/combinations"
tetracene,627.187,0.0590576,282,"PAHdb Anharmonic v1.00 (Module 02 out/anharmonic_1.00/bands.csv.gz), all transitions incl. overtones/combinations"
tetracene,627.599,0.0,282,"PAHdb Anharmonic v1.00 (Module 02 out/anharmonic_1.00/bands.csv.gz), all transitions incl. overtones/combinations"
tetracene,628.471,0.0,282,"PAHdb Anharmonic v1.00 (Module 02 out/anharmonic_1.00/bands.csv.gz), all transitions incl. overtones/combinations"
tetracene,629.127,0.0,282,"PAHdb Anharmonic v1.00 (Module 02 out/anharmonic_1.00/bands.csv.gz), all transitions incl. overtones/combinations"
tetracene,635.731,1.23627,282,"PAHdb Anharmonic v1.00 (Module 02 out/anharmonic_1.00/bands.csv.gz), all transitions incl. overtones/combinations"
tetracene,636.835,0.0,282,"PAHdb Anharmonic v1.00 (Module 02 out/anharmonic_1.00/bands.csv.gz), all transitions incl. overtones/combinations"
tetracene,639.255,0.0868625,282,"PAHdb Anharmonic v1.00 (Module 02 out/anharmonic_1.00/bands.csv.gz), all transitions incl. overtones/combinations"
tetracene,644.785,0.0192078,282,"PAHdb Anharmonic v1.00 (Module 02 out/anharmonic_1.00/bands.csv.gz), all transitions incl. overtones/combinations"
tetracene,645.388,0.0,282,"PAHdb Anharmonic v1.00 (Module 02 out/anharmonic_1.00/bands.csv.gz), all transitions incl. overtones/combinations"
tetracene,651.269,0.0,282,"PAHdb Anharmonic v1.00 (Module 02 out/anharmonic_1.00/bands.csv.gz), all transitions incl. overtones/combinations"
tetracene,654.369,0.00360373,282,"PAHdb Anharmonic v1.00 (Module 02 out/anharmonic_1.00/bands.csv.gz), all transitions incl. overtones/combinations"
tetracene,655.145,0.0,282,"PAHdb Anharmonic v1.00 (Module 02 out/anharmonic_1.00/bands.csv.gz), all transitions incl. overtones/combinations"
tetracene,655.865,0.026192,282,"PAHdb Anharmonic v1.00 (Module 02 out/anharmonic_1.00/bands.csv.gz), all transitions incl. overtones/combinations"
tetracene,658.329,0.0,282,"PAHdb Anharmonic v1.00 (Module 02 out/anharmonic_1.00/bands.csv.gz), all transitions incl. overtones/combinations"
tetracene,664.294,0.0268923,282,"PAHdb Anharmonic v1.00 (Module 02 out/anharmonic_1.00/bands.csv.gz), all transitions incl. overtones/combinations"
tetracene,674.192,0.0,282,"PAHdb Anharmonic v1.00 (Module 02 out/anharmonic_1.00/bands.csv.gz), all transitions incl. overtones/combinations"
tetracene,674.367,0.0245118,282,"PAHdb Anharmonic v1.00 (Module 02 out/anharmonic_1.00/bands.csv.gz), all transitions incl. overtones/combinations"
tetracene,675.362,0.0461157,282,"PAHdb Anharmonic v1.00 (Module 02 out/anharmonic_1.00/bands.csv.gz), all transitions incl. overtones/combinations"
tetracene,681.417,0.0,282,"PAHdb Anharmonic v1.00 (Module 02 out/anharmonic_1.00/bands.csv.gz), all transitions incl. overtones/combinations"
tetracene,684.079,0.0,282,"PAHdb Anharmonic v1.00 (Module 02 out/anharmonic_1.00/bands.csv.gz), all transitions incl. overtones/combinations"
tetracene,688.057,0.0,282,"PAHdb Anharmonic v1.00 (Module 02 out/anharmonic_1.00/bands.csv.gz), all transitions incl. overtones/combinations"
tetracene,690.015,0.0,282,"PAHdb Anharmonic v1.00 (Module 02 out/anharmonic_1.00/bands.csv.gz), all transitions incl. overtones/combinations"
tetracene,690.917,0.0,282,"PAHdb Anharmonic v1.00 (Module 02 out/anharmonic_1.00/bands.csv.gz), all transitions incl. overtones/combinations"
tetracene,693.927,0.00342831,282,"PAHdb Anharmonic v1.00 (Module 02 out/anharmonic_1.00/bands.csv.gz), all transitions incl. overtones/combinations"
tetracene,703.61,0.0,282,"PAHdb Anharmonic v1.00 (Module 02 out/anharmonic_1.00/bands.csv.gz), all transitions incl. overtones/combinations"
tetracene,703.972,0.0429087,282,"PAHdb Anharmonic v1.00 (Module 02 out/anharmonic_1.00/bands.csv.gz), all transitions incl. overtones/combinations"
tetracene,706.993,0.0,282,"PAHdb Anharmonic v1.00 (Module 02 out/anharmonic_1.00/bands.csv.gz), all transitions incl. overtones/combinations"
tetracene,709.447,0.0,282,"PAHdb Anharmonic v1.00 (Module 02 out/anharmonic_1.00/bands.csv.gz), all transitions incl. overtones/combinations"
tetracene,712.817,0.0,282,"PAHdb Anharmonic v1.00 (Module 02 out/anharmonic_1.00/bands.csv.gz), all transitions incl. overtones/combinations"
tetracene,714.991,0.0,282,"PAHdb Anharmonic v1.00 (Module 02 out/anharmonic_1.00/bands.csv.gz), all transitions incl. overtones/combinations"
tetracene,716.561,0.0,282,"PAHdb Anharmonic v1.00 (Module 02 out/anharmonic_1.00/bands.csv.gz), all transitions incl. overtones/combinations"
tetracene,726.874,0.0,282,"PAHdb Anharmonic v1.00 (Module 02 out/anharmonic_1.00/bands.csv.gz), all transitions incl. overtones/combinations"
tetracene,729.635,0.0221059,282,"PAHdb Anharmonic v1.00 (Module 02 out/anharmonic_1.00/bands.csv.gz), all transitions incl. overtones/combinations"
tetracene,729.718,0.0,282,"PAHdb Anharmonic v1.00 (Module 02 out/anharmonic_1.00/bands.csv.gz), all transitions incl. overtones/combinations"
tetracene,733.467,0.262798,282,"PAHdb Anharmonic v1.00 (Module 02 out/anharmonic_1.00/bands.csv.gz), all transitions incl. overtones/combinations"
tetracene,737.901,0.0,282,"PAHdb Anharmonic v1.00 (Module 02 out/anharmonic_1.00/bands.csv.gz), all transitions incl. overtones/combinations"
tetracene,739.807,0.0,282,"PAHdb Anharmonic v1.00 (Module 02 out/anharmonic_1.00/bands.csv.gz), all transitions incl. overtones/combinations"
tetracene,742.62,93.2517,282,"PAHdb Anharmonic v1.00 (Module 02 out/anharmonic_1.00/bands.csv.gz), all transitions incl. overtones/combinations"
tetracene,744.61,0.0531064,282,"PAHdb Anharmonic v1.00 (Module 02 out/anharmonic_1.00/bands.csv.gz), all transitions incl. overtones/combinations"
tetracene,745.943,0.0,282,"PAHdb Anharmonic v1.00 (Module 02 out/anharmonic_1.00/bands.csv.gz), all transitions incl. overtones/combinations"
tetracene,746.591,0.0,282,"PAHdb Anharmonic v1.00 (Module 02 out/anharmonic_1.00/bands.csv.gz), all transitions incl. overtones/combinations"
tetracene,748.298,3.635e-05,282,"PAHdb Anharmonic v1.00 (Module 02 out/anharmonic_1.00/bands.csv.gz), all transitions incl. overtones/combinations"
tetracene,748.507,0.876517,282,"PAHdb Anharmonic v1.00 (Module 02 out/anharmonic_1.00/bands.csv.gz), all transitions incl. overtones/combinations"
tetracene,753.205,0.0,282,"PAHdb Anharmonic v1.00 (Module 02 out/anharmonic_1.00/bands.csv.gz), all transitions incl. overtones/combinations"
tetracene,757.658,4e-08,282,"PAHdb Anharmonic v1.00 (Module 02 out/anharmonic_1.00/bands.csv.gz), all transitions incl. overtones/combinations"
tetracene,758.075,0.0004208,282,"PAHdb Anharmonic v1.00 (Module 02 out/anharmonic_1.00/bands.csv.gz), all transitions incl. overtones/combinations"
tetracene,760.789,0.0,282,"PAHdb Anharmonic v1.00 (Module 02 out/anharmonic_1.00/bands.csv.gz), all transitions incl. overtones/combinations"
tetracene,760.858,0.0,282,"PAHdb Anharmonic v1.00 (Module 02 out/anharmonic_1.00/bands.csv.gz), all transitions incl. overtones/combinations"
tetracene,761.958,0.0,282,"PAHdb Anharmonic v1.00 (Module 02 out/anharmonic_1.00/bands.csv.gz), all transitions incl. overtones/combinations"
tetracene,762.018,0.00080868,282,"PAHdb Anharmonic v1.00 (Module 02 out/anharmonic_1.00/bands.csv.gz), all transitions incl. overtones/combinations"
tetracene,763.548,0.0,282,"PAHdb Anharmonic v1.00 (Module 02 out/anharmonic_1.00/bands.csv.gz), all transitions incl. overtones/combinations"
tetracene,766.191,0.0,282,"PAHdb Anharmonic v1.00 (Module 02 out/anharmonic_1.00/bands.csv.gz), all transitions incl. overtones/combinations"
tetracene,769.066,0.0,282,"PAHdb Anharmonic v1.00 (Module 02 out/anharmonic_1.00/bands.csv.gz), all transitions incl. overtones/combinations"
tetracene,770.065,0.00219074,282,"PAHdb Anharmonic v1.00 (Module 02 out/anharmonic_1.00/bands.csv.gz), all transitions incl. overtones/combinations"
tetracene,772.935,0.0,282,"PAHdb Anharmonic v1.00 (Module 02 out/anharmonic_1.00/bands.csv.gz), all transitions incl. overtones/combinations"
tetracene,773.0,0.0152007,282,"PAHdb Anharmonic v1.00 (Module 02 out/anharmonic_1.00/bands.csv.gz), all transitions incl. overtones/combinations"
tetracene,773.383,0.0,282,"PAHdb Anharmonic v1.00 (Module 02 out/anharmonic_1.00/bands.csv.gz), all transitions incl. overtones/combinations"
tetracene,773.517,0.0,282,"PAHdb Anharmonic v1.00 (Module 02 out/anharmonic_1.00/bands.csv.gz), all transitions incl. overtones/combinations"
tetracene,775.871,0.0154547,282,"PAHdb Anharmonic v1.00 (Module 02 out/anharmonic_1.00/bands.csv.gz), all transitions incl. overtones/combinations"
tetracene,776.859,0.0586912,282,"PAHdb Anharmonic v1.00 (Module 02 out/anharmonic_1.00/bands.csv.gz), all transitions incl. overtones/combinations"
tetracene,779.403,0.0,282,"PAHdb Anharmonic v1.00 (Module 02 out/anharmonic_1.00/bands.csv.gz), all transitions incl. overtones/combinations"
tetracene,782.614,0.0,282,"PAHdb Anharmonic v1.00 (Module 02 out/anharmonic_1.00/bands.csv.gz), all transitions incl. overtones/combinations"
tetracene,782.968,0.00014802,282,"PAHdb Anharmonic v1.00 (Module 02 out/anharmonic_1.00/bands.csv.gz), all transitions incl. overtones/combinations"
tetracene,783.226,0.0455127,282,"PAHdb Anharmonic v1.00 (Module 02 out/anharmonic_1.00/bands.csv.gz), all transitions incl. overtones/combinations"
tetracene,786.887,0.102965,282,"PAHdb Anharmonic v1.00 (Module 02 out/anharmonic_1.00/bands.csv.gz), all transitions incl. overtones/combinations"
tetracene,789.612,0.0,282,"PAHdb Anharmonic v1.00 (Module 02 out/anharmonic_1.00/bands.csv.gz), all transitions incl. overtones/combinations"
tetracene,792.554,0.0,282,"PAHdb Anharmonic v1.00 (Module 02 out/anharmonic_1.00/bands.csv.gz), all transitions incl. overtones/combinations"
tetracene,793.107,0.0184751,282,"PAHdb Anharmonic v1.00 (Module 02 out/anharmonic_1.00/bands.csv.gz), all transitions incl. overtones/combinations"
tetracene,794.602,0.0555615,282,"PAHdb Anharmonic v1.00 (Module 02 out/anharmonic_1.00/bands.csv.gz), all transitions incl. overtones/combinations"
tetracene,797.192,0.0,282,"PAHdb Anharmonic v1.00 (Module 02 out/anharmonic_1.00/bands.csv.gz), all transitions incl. overtones/combinations"
tetracene,797.637,0.0,282,"PAHdb Anharmonic v1.00 (Module 02 out/anharmonic_1.00/bands.csv.gz), all transitions incl. overtones/combinations"
tetracene,798.473,0.0,282,"PAHdb Anharmonic v1.00 (Module 02 out/anharmonic_1.00/bands.csv.gz), all transitions incl. overtones/combinations"
tetracene,800.137,0.0221708,282,"PAHdb Anharmonic v1.00 (Module 02 out/anharmonic_1.00/bands.csv.gz), all transitions incl. overtones/combinations"
tetracene,800.931,0.00013763,282,"PAHdb Anharmonic v1.00 (Module 02 out/anharmonic_1.00/bands.csv.gz), all transitions incl. overtones/combinations"
tetracene,808.222,0.0819982,282,"PAHdb Anharmonic v1.00 (Module 02 out/anharmonic_1.00/bands.csv.gz), all transitions incl. overtones/combinations"
tetracene,808.439,0.0,282,"PAHdb Anharmonic v1.00 (Module 02 out/anharmonic_1.00/bands.csv.gz), all transitions incl. overtones/combinations"
tetracene,809.623,0.0223105,282,"PAHdb Anharmonic v1.00 (Module 02 out/anharmonic_1.00/bands.csv.gz), all transitions incl. overtones/combinations"
tetracene,809.737,0.0450684,282,"PAHdb Anharmonic v1.00 (Module 02 out/anharmonic_1.00/bands.csv.gz), all transitions incl. overtones/combinations"
tetracene,809.806,0.0,282,"PAHdb Anharmonic v1.00 (Module 02 out/anharmonic_1.00/bands.csv.gz), all transitions incl. overtones/combinations"
tetracene,811.984,0.0,282,"PAHdb Anharmonic v1.00 (Module 02 out/anharmonic_1.00/bands.csv.gz), all transitions incl. overtones/combinations"
tetracene,812.049,0.0,282,"PAHdb Anharmonic v1.00 (Module 02 out/anharmonic_1.00/bands.csv.gz), all transitions incl. overtones/combinations"
tetracene,817.181,0.0,282,"PAHdb Anharmonic v1.00 (Module 02 out/anharmonic_1.00/bands.csv.gz), all transitions incl. overtones/combinations"
tetracene,819.465,0.0,282,"PAHdb Anharmonic v1.00 (Module 02 out/anharmonic_1.00/bands.csv.gz), all transitions incl. overtones/combinations"
tetracene,821.672,0.0,282,"PAHdb Anharmonic v1.00 (Module 02 out/anharmonic_1.00/bands.csv.gz), all transitions incl. overtones/combinations"
tetracene,821.828,0.0,282,"PAHdb Anharmonic v1.00 (Module 02 out/anharmonic_1.00/bands.csv.gz), all transitions incl. overtones/combinations"
tetracene,821.991,0.0,282,"PAHdb Anharmonic v1.00 (Module 02 out/anharmonic_1.00/bands.csv.gz), all transitions incl. overtones/combinations"
tetracene,825.001,0.0,282,"PAHdb Anharmonic v1.00 (Module 02 out/anharmonic_1.00/bands.csv.gz), all transitions incl. overtones/combinations"
tetracene,825.663,0.0,282,"PAHdb Anharmonic v1.00 (Module 02 out/anharmonic_1.00/bands.csv.gz), all transitions incl. overtones/combinations"
tetracene,828.844,0.0,282,"PAHdb Anharmonic v1.00 (Module 02 out/anharmonic_1.00/bands.csv.gz), all transitions incl. overtones/combinations"
tetracene,829.012,0.0,282,"PAHdb Anharmonic v1.00 (Module 02 out/anharmonic_1.00/bands.csv.gz), all transitions incl. overtones/combinations"
tetracene,832.958,0.0,282,"PAHdb Anharmonic v1.00 (Module 02 out/anharmonic_1.00/bands.csv.gz), all transitions incl. overtones/combinations"
tetracene,834.788,0.01614,282,"PAHdb Anharmonic v1.00 (Module 02 out/anharmonic_1.00/bands.csv.gz), all transitions incl. overtones/combinations"
tetracene,836.06,0.0,282,"PAHdb Anharmonic v1.00 (Module 02 out/anharmonic_1.00/bands.csv.gz), all transitions incl. overtones/combinations"
tetracene,839.665,0.354211,282,"PAHdb Anharmonic v1.00 (Module 02 out/anharmonic_1.00/bands.csv.gz), all transitions incl. overtones/combinations"
tetracene,841.407,0.0,282,"PAHdb Anharmonic v1.00 (Module 02 out/anharmonic_1.00/bands.csv.gz), all transitions incl. overtones/combinations"
tetracene,846.075,0.0,282,"PAHdb Anharmonic v1.00 (Module 02 out/anharmonic_1.00/bands.csv.gz), all transitions incl. overtones/combinations"
tetracene,846.536,0.0898704,282,"PAHdb Anharmonic v1.00 (Module 02 out/anharmonic_1.00/bands.csv.gz), all transitions incl. overtones/combinations"
tetracene,846.734,0.0,282,"PAHdb Anharmonic v1.00 (Module 02 out/anharmonic_1.00/bands.csv.gz), all transitions incl. overtones/combinations"
tetracene,847.411,0.0048947,282,"PAHdb Anharmonic v1.00 (Module 02 out/anharmonic_1.00/bands.csv.gz), all transitions incl. overtones/combinations"
tetracene,856.85,0.00147609,282,"PAHdb Anharmonic v1.00 (Module 02 out/anharmonic_1.00/bands.csv.gz), all transitions incl. overtones/combinations"
tetracene,857.382,0.0122809,282,"PAHdb Anharmonic v1.00 (Module 02 out/anharmonic_1.00/bands.csv.gz), all transitions incl. overtones/combinations"
tetracene,858.43,0.0,282,"PAHdb Anharmonic v1.00 (Module 02 out/anharmonic_1.00/bands.csv.gz), all transitions incl. overtones/combinations"
tetracene,858.483,0.0,282,"PAHdb Anharmonic v1.00 (Module 02 out/anharmonic_1.00/bands.csv.gz), all transitions incl. overtones/combinations"
tetracene,861.129,0.0,282,"PAHdb Anharmonic v1.00 (Module 02 out/anharmonic_1.00/bands.csv.gz), all transitions incl. overtones/combinations"
tetracene,862.113,0.0,282,"PAHdb Anharmonic v1.00 (Module 02 out/anharmonic_1.00/bands.csv.gz), all transitions incl. overtones/combinations"
tetracene,866.544,0.0,282,"PAHdb Anharmonic v1.00 (Module 02 out/anharmonic_1.00/bands.csv.gz), all transitions incl. overtones/combinations"
tetracene,870.345,0.00126896,282,"PAHdb Anharmonic v1.00 (Module 02 out/anharmonic_1.00/bands.csv.gz), all transitions incl. overtones/combinations"
tetracene,871.482,0.0,282,"PAHdb Anharmonic v1.00 (Module 02 out/anharmonic_1.00/bands.csv.gz), all transitions incl. overtones/combinations"
tetracene,871.725,0.0001958,282,"PAHdb Anharmonic v1.00 (Module 02 out/anharmonic_1.00/bands.csv.gz), all transitions incl. overtones/combinations"
tetracene,872.972,0.0,282,"PAHdb Anharmonic v1.00 (Module 02 out/anharmonic_1.00/bands.csv.gz), all transitions incl. overtones/combinations"
tetracene,875.25,0.0,282,"PAHdb Anharmonic v1.00 (Module 02 out/anharmonic_1.00/bands.csv.gz), all transitions incl. overtones/combinations"
tetracene,876.805,0.0,282,"PAHdb Anharmonic v1.00 (Module 02 out/anharmonic_1.00/bands.csv.gz), all transitions incl. overtones/combinations"
tetracene,881.2,0.0,282,"PAHdb Anharmonic v1.00 (Module 02 out/anharmonic_1.00/bands.csv.gz), all transitions incl. overtones/combinations"
tetracene,883.813,0.001247,282,"PAHdb Anharmonic v1.00 (Module 02 out/anharmonic_1.00/bands.csv.gz), all transitions incl. overtones/combinations"
tetracene,886.748,0.0,282,"PAHdb Anharmonic v1.00 (Module 02 out/anharmonic_1.00/bands.csv.gz), all transitions incl. overtones/combinations"
tetracene,887.309,0.0324848,282,"PAHdb Anharmonic v1.00 (Module 02 out/anharmonic_1.00/bands.csv.gz), all transitions incl. overtones/combinations"
tetracene,888.121,0.0,282,"PAHdb Anharmonic v1.00 (Module 02 out/anharmonic_1.00/bands.csv.gz), all transitions incl. overtones/combinations"
tetracene,891.664,0.0353282,282,"PAHdb Anharmonic v1.00 (Module 02 out/anharmonic_1.00/bands.csv.gz), all transitions incl. overtones/combinations"
tetracene,893.175,0.0,282,"PAHdb Anharmonic v1.00 (Module 02 out/anharmonic_1.00/bands.csv.gz), all transitions incl. overtones/combinations"
tetracene,894.64,0.0,282,"PAHdb Anharmonic v1.00 (Module 02 out/anharmonic_1.00/bands.csv.gz), all transitions incl. overtones/combinations"
tetracene,895.967,0.00300068,282,"PAHdb Anharmonic v1.00 (Module 02 out/anharmonic_1.00/bands.csv.gz), all transitions incl. overtones/combinations"
tetracene,896.102,0.00529747,282,"PAHdb Anharmonic v1.00 (Module 02 out/anharmonic_1.00/bands.csv.gz), all transitions incl. overtones/combinations"
tetracene,896.166,0.0223443,282,"PAHdb Anharmonic v1.00 (Module 02 out/anharmonic_1.00/bands.csv.gz), all transitions incl. overtones/combinations"
tetracene,898.27,76.0424,282,"PAHdb Anharmonic v1.00 (Module 02 out/anharmonic_1.00/bands.csv.gz), all transitions incl. overtones/combinations"
tetracene,898.489,0.0,282,"PAHdb Anharmonic v1.00 (Module 02 out/anharmonic_1.00/bands.csv.gz), all transitions incl. overtones/combinations"
tetracene,899.56,0.0,282,"PAHdb Anharmonic v1.00 (Module 02 out/anharmonic_1.00/bands.csv.gz), all transitions incl. overtones/combinations"
tetracene,900.069,0.0,282,"PAHdb Anharmonic v1.00 (Module 02 out/anharmonic_1.00/bands.csv.gz), all transitions incl. overtones/combinations"
tetracene,901.393,0.0,282,"PAHdb Anharmonic v1.00 (Module 02 out/anharmonic_1.00/bands.csv.gz), all transitions incl. overtones/combinations"
tetracene,903.472,0.0,282,"PAHdb Anharmonic v1.00 (Module 02 out/anharmonic_1.00/bands.csv.gz), all transitions incl. overtones/combinations"
tetracene,905.312,0.0,282,"PAHdb Anharmonic v1.00 (Module 02 out/anharmonic_1.00/bands.csv.gz), all transitions incl. overtones/combinations"
tetracene,905.326,0.0,282,"PAHdb Anharmonic v1.00 (Module 02 out/anharmonic_1.00/bands.csv.gz), all transitions incl. overtones/combinations"
tetracene,905.917,0.0,282,"PAHdb Anharmonic v1.00 (Module 02 out/anharmonic_1.00/bands.csv.gz), all transitions incl. overtones/combinations"
tetracene,907.672,1.013e-05,282,"PAHdb Anharmonic v1.00 (Module 02 out/anharmonic_1.00/bands.csv.gz), all transitions incl. overtones/combinations"
tetracene,908.633,0.0,282,"PAHdb Anharmonic v1.00 (Module 02 out/anharmonic_1.00/bands.csv.gz), all transitions incl. overtones/combinations"
tetracene,909.343,0.00217406,282,"PAHdb Anharmonic v1.00 (Module 02 out/anharmonic_1.00/bands.csv.gz), all transitions incl. overtones/combinations"
tetracene,909.8,0.017427,282,"PAHdb Anharmonic v1.00 (Module 02 out/anharmonic_1.00/bands.csv.gz), all transitions incl. overtones/combinations"
tetracene,911.527,0.0,282,"PAHdb Anharmonic v1.00 (Module 02 out/anharmonic_1.00/bands.csv.gz), all transitions incl. overtones/combinations"
tetracene,911.953,0.0,282,"PAHdb Anharmonic v1.00 (Module 02 out/anharmonic_1.00/bands.csv.gz), all transitions incl. overtones/combinations"
tetracene,912.171,0.0,282,"PAHdb Anharmonic v1.00 (Module 02 out/anharmonic_1.00/bands.csv.gz), all transitions incl. overtones/combinations"
tetracene,913.124,0.0345616,282,"PAHdb Anharmonic v1.00 (Module 02 out/anharmonic_1.00/bands.csv.gz), all transitions incl. overtones/combinations"
tetracene,916.227,0.0,282,"PAHdb Anharmonic v1.00 (Module 02 out/anharmonic_1.00/bands.csv.gz), all transitions incl. overtones/combinations"
tetracene,916.429,0.0,282,"PAHdb Anharmonic v1.00 (Module 02 out/anharmonic_1.00/bands.csv.gz), all transitions incl. overtones/combinations"
tetracene,918.234,0.00066343,282,"PAHdb Anharmonic v1.00 (Module 02 out/anharmonic_1.00/bands.csv.gz), all transitions incl. overtones/combinations"
tetracene,919.165,0.140286,282,"PAHdb Anharmonic v1.00 (Module 02 out/anharmonic_1.00/bands.csv.gz), all transitions incl. overtones/combinations"
tetracene,922.529,0.14769,282,"PAHdb Anharmonic v1.00 (Module 02 out/anharmonic_1.00/bands.csv.gz), all transitions incl. overtones/combinations"
tetracene,923.378,0.0,282,"PAHdb Anharmonic v1.00 (Module 02 out/anharmonic_1.00/bands.csv.gz), all transitions incl. overtones/combinations"
tetracene,923.656,0.0045454,282,"PAHdb Anharmonic v1.00 (Module 02 out/anharmonic_1.00/bands.csv.gz), all transitions incl. overtones/combinations"
tetracene,924.127,0.0,282,"PAHdb Anharmonic v1.00 (Module 02 out/anharmonic_1.00/bands.csv.gz), all transitions incl. overtones/combinations"
tetracene,926.769,0.0,282,"PAHdb Anharmonic v1.00 (Module 02 out/anharmonic_1.00/bands.csv.gz), all transitions incl. overtones/combinations"
tetracene,928.374,1e-08,282,"PAHdb Anharmonic v1.00 (Module 02 out/anharmonic_1.00/bands.csv.gz), all transitions incl. overtones/combinations"
tetracene,928.41,0.156179,282,"PAHdb Anharmonic v1.00 (Module 02 out/anharmonic_1.00/bands.csv.gz), all transitions incl. overtones/combinations"
tetracene,929.237,0.074928,282,"PAHdb Anharmonic v1.00 (Module 02 out/anharmonic_1.00/bands.csv.gz), all transitions incl. overtones/combinations"
tetracene,930.097,0.0213309,282,"PAHdb Anharmonic v1.00 (Module 02 out/anharmonic_1.00/bands.csv.gz), all transitions incl. overtones/combinations"
tetracene,930.39,1.69889,282,"PAHdb Anharmonic v1.00 (Module 02 out/anharmonic_1.00/bands.csv.gz), all transitions incl. overtones/combinations"
tetracene,931.937,6e-07,282,"PAHdb Anharmonic v1.00 (Module 02 out/anharmonic_1.00/bands.csv.gz), all transitions incl. overtones/combinations"
tetracene,932.49,0.703144,282,"PAHdb Anharmonic v1.00 (Module 02 out/anharmonic_1.00/bands.csv.gz), all transitions incl. overtones/combinations"
tetracene,933.459,0.0126043,282,"PAHdb Anharmonic v1.00 (Module 02 out/anharmonic_1.00/bands.csv.gz), all transitions incl. overtones/combinations"
tetracene,934.548,0.0,282,"PAHdb Anharmonic v1.00 (Module 02 out/anharmonic_1.00/bands.csv.gz), all transitions incl. overtones/combinations"
tetracene,936.022,0.0,282,"PAHdb Anharmonic v1.00 (Module 02 out/anharmonic_1.00/bands.csv.gz), all transitions incl. overtones/combinations"
tetracene,936.584,0.0826349,282,"PAHdb Anharmonic v1.00 (Module 02 out/anharmonic_1.00/bands.csv.gz), all transitions incl. overtones/combinations"
tetracene,937.061,0.0,282,"PAHdb Anharmonic v1.00 (Module 02 out/anharmonic_1.00/bands.csv.gz), all transitions incl. overtones/combinations"
tetracene,938.243,0.0,282,"PAHdb Anharmonic v1.00 (Module 02 out/anharmonic_1.00/bands.csv.gz), all transitions incl. overtones/combinations"
tetracene,938.992,0.0,282,"PAHdb Anharmonic v1.00 (Module 02 out/anharmonic_1.00/bands.csv.gz), all transitions incl. overtones/combinations"
tetracene,940.375,0.0,282,"PAHdb Anharmonic v1.00 (Module 02 out/anharmonic_1.00/bands.csv.gz), all transitions incl. overtones/combinations"
tetracene,941.253,0.0668305,282,"PAHdb Anharmonic v1.00 (Module 02 out/anharmonic_1.00/bands.csv.gz), all transitions incl. overtones/combinations"
tetracene,941.59,0.0337231,282,"PAHdb Anharmonic v1.00 (Module 02 out/anharmonic_1.00/bands.csv.gz), all transitions incl. overtones/combinations"
tetracene,941.702,0.014196,282,"PAHdb Anharmonic v1.00 (Module 02 out/anharmonic_1.00/bands.csv.gz), all transitions incl. overtones/combinations"
tetracene,943.554,0.0,282,"PAHdb Anharmonic v1.00 (Module 02 out/anharmonic_1.00/bands.csv.gz), all transitions incl. overtones/combinations"
tetracene,944.162,0.0,282,"PAHdb Anharmonic v1.00 (Module 02 out/anharmonic_1.00/bands.csv.gz), all transitions incl. overtones/combinations"
tetracene,944.941,0.0,282,"PAHdb Anharmonic v1.00 (Module 02 out/anharmonic_1.00/bands.csv.gz), all transitions incl. overtones/combinations"
tetracene,945.738,0.0,282,"PAHdb Anharmonic v1.00 (Module 02 out/anharmonic_1.00/bands.csv.gz), all transitions incl. overtones/combinations"
tetracene,947.693,0.0,282,"PAHdb Anharmonic v1.00 (Module 02 out/anharmonic_1.00/bands.csv.gz), all transitions incl. overtones/combinations"
tetracene,950.034,0.00406183,282,"PAHdb Anharmonic v1.00 (Module 02 out/anharmonic_1.00/bands.csv.gz), all transitions incl. overtones/combinations"
tetracene,951.537,0.226402,282,"PAHdb Anharmonic v1.00 (Module 02 out/anharmonic_1.00/bands.csv.gz), all transitions incl. overtones/combinations"
tetracene,951.773,0.0,282,"PAHdb Anharmonic v1.00 (Module 02 out/anharmonic_1.00/bands.csv.gz), all transitions incl. overtones/combinations"
tetracene,953.39,8.54403,282,"PAHdb Anharmonic v1.00 (Module 02 out/anharmonic_1.00/bands.csv.gz), all transitions incl. overtones/combinations"
tetracene,958.979,0.0,282,"PAHdb Anharmonic v1.00 (Module 02 out/anharmonic_1.00/bands.csv.gz), all transitions incl. overtones/combinations"
tetracene,960.055,0.0,282,"PAHdb Anharmonic v1.00 (Module 02 out/anharmonic_1.00/bands.csv.gz), all transitions incl. overtones/combinations"
tetracene,965.845,0.0,282,"PAHdb Anharmonic v1.00 (Module 02 out/anharmonic_1.00/bands.csv.gz), all transitions incl. overtones/combinations"
tetracene,967.558,0.0,282,"PAHdb Anharmonic v1.00 (Module 02 out/anharmonic_1.00/bands.csv.gz), all transitions incl. overtones/combinations"
tetracene,967.625,0.0,282,"PAHdb Anharmonic v1.00 (Module 02 out/anharmonic_1.00/bands.csv.gz), all transitions incl. overtones/combinations"
tetracene,969.168,0.0205759,282,"PAHdb Anharmonic v1.00 (Module 02 out/anharmonic_1.00/bands.csv.gz), all transitions incl. overtones/combinations"
tetracene,970.086,0.0,282,"PAHdb Anharmonic v1.00 (Module 02 out/anharmonic_1.00/bands.csv.gz), all transitions incl. overtones/combinations"
tetracene,972.021,0.00105363,282,"PAHdb Anharmonic v1.00 (Module 02 out/anharmonic_1.00/bands.csv.gz), all transitions incl. overtones/combinations"
tetracene,972.696,0.0612919,282,"PAHdb Anharmonic v1.00 (Module 02 out/anharmonic_1.00/bands.csv.gz), all transitions incl. overtones/combinations"
tetracene,975.293,0.00840119,282,"PAHdb Anharmonic v1.00 (Module 02 out/anharmonic_1.00/bands.csv.gz), all transitions incl. overtones/combinations"
tetracene,975.527,0.0,282,"PAHdb Anharmonic v1.00 (Module 02 out/anharmonic_1.00/bands.csv.gz), all transitions incl. overtones/combinations"
tetracene,977.611,0.0,282,"PAHdb Anharmonic v1.00 (Module 02 out/anharmonic_1.00/bands.csv.gz), all transitions incl. overtones/combinations"
tetracene,978.584,0.0,282,"PAHdb Anharmonic v1.00 (Module 02 out/anharmonic_1.00/bands.csv.gz), all transitions incl. overtones/combinations"
tetracene,979.733,0.0180124,282,"PAHdb Anharmonic v1.00 (Module 02 out/anharmonic_1.00/bands.csv.gz), all transitions incl. overtones/combinations"
tetracene,980.271,0.00430339,282,"PAHdb Anharmonic v1.00 (Module 02 out/anharmonic_1.00/bands.csv.gz), all transitions incl. overtones/combinations"
tetracene,981.805,0.0,282,"PAHdb Anharmonic v1.00 (Module 02 out/anharmonic_1.00/bands.csv.gz), all transitions incl. overtones/combinations"
tetracene,983.131,0.0,282,"PAHdb Anharmonic v1.00 (Module 02 out/anharmonic_1.00/bands.csv.gz), all transitions incl. overtones/combinations"
tetracene,983.207,0.0,282,"PAHdb Anharmonic v1.00 (Module 02 out/anharmonic_1.00/bands.csv.gz), all transitions incl. overtones/combinations"
tetracene,990.706,0.0,282,"PAHdb Anharmonic v1.00 (Module 02 out/anharmonic_1.00/bands.csv.gz), all transitions incl. overtones/combinations"
tetracene,992.308,0.0,282,"PAHdb Anharmonic v1.00 (Module 02 out/anharmonic_1.00/bands.csv.gz), all transitions incl. overtones/combinations"
tetracene,992.421,0.0562966,282,"PAHdb Anharmonic v1.00 (Module 02 out/anharmonic_1.00/bands.csv.gz), all transitions incl. overtones/combinations"
tetracene,993.11,0.00159595,282,"PAHdb Anharmonic v1.00 (Module 02 out/anharmonic_1.00/bands.csv.gz), all transitions incl. overtones/combinations"
tetracene,995.628,0.0,282,"PAHdb Anharmonic v1.00 (Module 02 out/anharmonic_1.00/bands.csv.gz), all transitions incl. overtones/combinations"
tetracene,999.887,0.0,282,"PAHdb Anharmonic v1.00 (Module 02 out/anharmonic_1.00/bands.csv.gz), all transitions incl. overtones/combinations"
tetracene,1000.1,0.0,282,"PAHdb Anharmonic v1.00 (Module 02 out/anharmonic_1.00/bands.csv.gz), all transitions incl. overtones/combinations"
tetracene,1000.67,0.0,282,"PAHdb Anharmonic v1.00 (Module 02 out/anharmonic_1.00/bands.csv.gz), all transitions incl. overtones/combinations"
tetracene,1001.37,0.0277502,282,"PAHdb Anharmonic v1.00 (Module 02 out/anharmonic_1.00/bands.csv.gz), all transitions incl. overtones/combinations"
tetracene,1003.13,0.0,282,"PAHdb Anharmonic v1.00 (Module 02 out/anharmonic_1.00/bands.csv.gz), all transitions incl. overtones/combinations"
tetracene,1005.09,0.0,282,"PAHdb Anharmonic v1.00 (Module 02 out/anharmonic_1.00/bands.csv.gz), all transitions incl. overtones/combinations"
tetracene,1005.21,7.49402,282,"PAHdb Anharmonic v1.00 (Module 02 out/anharmonic_1.00/bands.csv.gz), all transitions incl. overtones/combinations"
tetracene,1005.47,0.0,282,"PAHdb Anharmonic v1.00 (Module 02 out/anharmonic_1.00/bands.csv.gz), all transitions incl. overtones/combinations"
tetracene,1006.2,0.0,282,"PAHdb Anharmonic v1.00 (Module 02 out/anharmonic_1.00/bands.csv.gz), all transitions incl. overtones/combinations"
tetracene,1008.22,0.0,282,"PAHdb Anharmonic v1.00 (Module 02 out/anharmonic_1.00/bands.csv.gz), all transitions incl. overtones/combinations"
tetracene,1009.2,0.0,282,"PAHdb Anharmonic v1.00 (Module 02 out/anharmonic_1.00/bands.csv.gz), all transitions incl. overtones/combinations"
tetracene,1009.28,2.31141,282,"PAHdb Anharmonic v1.00 (Module 02 out/anharmonic_1.00/bands.csv.gz), all transitions incl. overtones/combinations"
tetracene,1009.62,0.0687125,282,"PAHdb Anharmonic v1.00 (Module 02 out/anharmonic_1.00/bands.csv.gz), all transitions incl. overtones/combinations"
tetracene,1009.76,0.00914311,282,"PAHdb Anharmonic v1.00 (Module 02 out/anharmonic_1.00/bands.csv.gz), all transitions incl. overtones/combinations"
tetracene,1009.95,0.0,282,"PAHdb Anharmonic v1.00 (Module 02 out/anharmonic_1.00/bands.csv.gz), all transitions incl. overtones/combinations"
tetracene,1012.68,0.0,282,"PAHdb Anharmonic v1.00 (Module 02 out/anharmonic_1.00/bands.csv.gz), all transitions incl. overtones/combinations"
tetracene,1014.06,0.0,282,"PAHdb Anharmonic v1.00 (Module 02 out/anharmonic_1.00/bands.csv.gz), all transitions incl. overtones/combinations"
tetracene,1015.06,0.095926,282,"PAHdb Anharmonic v1.00 (Module 02 out/anharmonic_1.00/bands.csv.gz), all transitions incl. overtones/combinations"
tetracene,1015.23,0.0,282,"PAHdb Anharmonic v1.00 (Module 02 out/anharmonic_1.00/bands.csv.gz), all transitions incl. overtones/combinations"
tetracene,1015.41,0.00298197,282,"PAHdb Anharmonic v1.00 (Module 02 out/anharmonic_1.00/bands.csv.gz), all transitions incl. overtones/combinations"
tetracene,1015.65,0.0,282,"PAHdb Anharmonic v1.00 (Module 02 out/anharmonic_1.00/bands.csv.gz), all transitions incl. overtones/combinations"
tetracene,1016.84,0.716349,282,"PAHdb Anharmonic v1.00 (Module 02 out/anharmonic_1.00/bands.csv.gz), all transitions incl. overtones/combinations"
tetracene,1017.02,0.0630016,282,"PAHdb Anharmonic v1.00 (Module 02 out/anharmonic_1.00/bands.csv.gz), all transitions incl. overtones/combinations"
tetracene,1017.42,0.0,282,"PAHdb Anharmonic v1.00 (Module 02 out/anharmonic_1.00/bands.csv.gz), all transitions incl. overtones/combinations"
tetracene,1017.76,0.0,282,"PAHdb Anharmonic v1.00 (Module 02 out/anharmonic_1.00/bands.csv.gz), all transitions incl. overtones/combinations"
tetracene,1018.24,0.00197321,282,"PAHdb Anharmonic v1.00 (Module 02 out/anharmonic_1.00/bands.csv.gz), all transitions incl. overtones/combinations"
tetracene,1019.12,0.0,282,"PAHdb Anharmonic v1.00 (Module 02 out/anharmonic_1.00/bands.csv.gz), all transitions incl. overtones/combinations"
tetracene,1020.21,0.0,282,"PAHdb Anharmonic v1.00 (Module 02 out/anharmonic_1.00/bands.csv.gz), all transitions incl. overtones/combinations"
tetracene,1023.45,0.0,282,"PAHdb Anharmonic v1.00 (Module 02 out/anharmonic_1.00/bands.csv.gz), all transitions incl. overtones/combinations"
tetracene,1024.6,0.00161536,282,"PAHdb Anharmonic v1.00 (Module 02 out/anharmonic_1.00/bands.csv.gz), all transitions incl. overtones/combinations"
tetracene,1026.52,0.00310583,282,"PAHdb Anharmonic v1.00 (Module 02 out/anharmonic_1.00/bands.csv.gz), all transitions incl. overtones/combinations"
tetracene,1028.73,0.0,282,"PAHdb Anharmonic v1.00 (Module 02 out/anharmonic_1.00/bands.csv.gz), all transitions incl. overtones/combinations"
tetracene,1029.02,0.0,282,"PAHdb Anharmonic v1.00 (Module 02 out/anharmonic_1.00/bands.csv.gz), all transitions incl. overtones/combinations"
tetracene,1029.43,0.0,282,"PAHdb Anharmonic v1.00 (Module 02 out/anharmonic_1.00/bands.csv.gz), all transitions incl. overtones/combinations"
tetracene,1030.46,0.0232707,282,"PAHdb Anharmonic v1.00 (Module 02 out/anharmonic_1.00/bands.csv.gz), all transitions incl. overtones/combinations"
tetracene,1030.6,0.0,282,"PAHdb Anharmonic v1.00 (Module 02 out/anharmonic_1.00/bands.csv.gz), all transitions incl. overtones/combinations"
tetracene,1032.31,0.0,282,"PAHdb Anharmonic v1.00 (Module 02 out/anharmonic_1.00/bands.csv.gz), all transitions incl. overtones/combinations"
tetracene,1032.99,0.0984472,282,"PAHdb Anharmonic v1.00 (Module 02 out/anharmonic_1.00/bands.csv.gz), all transitions incl. overtones/combinations"
tetracene,1040.4,0.0,282,"PAHdb Anharmonic v1.00 (Module 02 out/anharmonic_1.00/bands.csv.gz), all transitions incl. overtones/combinations"
tetracene,1042.03,0.0,282,"PAHdb Anharmonic v1.00 (Module 02 out/anharmonic_1.00/bands.csv.gz), all transitions incl. overtones/combinations"
tetracene,1042.26,0.0,282,"PAHdb Anharmonic v1.00 (Module 02 out/anharmonic_1.00/bands.csv.gz), all transitions incl. overtones/combinations"
tetracene,1042.56,0.0,282,"PAHdb Anharmonic v1.00 (Module 02 out/anharmonic_1.00/bands.csv.gz), all transitions incl. overtones/combinations"
tetracene,1043.44,0.0,282,"PAHdb Anharmonic v1.00 (Module 02 out/anharmonic_1.00/bands.csv.gz), all transitions incl. overtones/combinations"
tetracene,1044.19,0.0,282,"PAHdb Anharmonic v1.00 (Module 02 out/anharmonic_1.00/bands.csv.gz), all transitions incl. overtones/combinations"
tetracene,1044.57,0.0561446,282,"PAHdb Anharmonic v1.00 (Module 02 out/anharmonic_1.00/bands.csv.gz), all transitions incl. overtones/combinations"
tetracene,1044.69,0.00668361,282,"PAHdb Anharmonic v1.00 (Module 02 out/anharmonic_1.00/bands.csv.gz), all transitions incl. overtones/combinations"
tetracene,1045.37,0.0,282,"PAHdb Anharmonic v1.00 (Module 02 out/anharmonic_1.00/bands.csv.gz), all transitions incl. overtones/combinations"
tetracene,1047.05,0.0,282,"PAHdb Anharmonic v1.00 (Module 02 out/anharmonic_1.00/bands.csv.gz), all transitions incl. overtones/combinations"
tetracene,1047.4,0.0264642,282,"PAHdb Anharmonic v1.00 (Module 02 out/anharmonic_1.00/bands.csv.gz), all transitions incl. overtones/combinations"
tetracene,1048.96,0.00302562,282,"PAHdb Anharmonic v1.00 (Module 02 out/anharmonic_1.00/bands.csv.gz), all transitions incl. overtones/combinations"
tetracene,1049.27,0.0669844,282,"PAHdb Anharmonic v1.00 (Module 02 out/anharmonic_1.00/bands.csv.gz), all transitions incl. overtones/combinations"
tetracene,1049.86,0.00049335,282,"PAHdb Anharmonic v1.00 (Module 02 out/anharmonic_1.00/bands.csv.gz), all transitions incl. overtones/combinations"
tetracene,1049.95,0.0113273,282,"PAHdb Anharmonic v1.00 (Module 02 out/anharmonic_1.00/bands.csv.gz), all transitions incl. overtones/combinations"
tetracene,1050.37,0.0,282,"PAHdb Anharmonic v1.00 (Module 02 out/anharmonic_1.00/bands.csv.gz), all transitions incl. overtones/combinations"
tetracene,1050.64,0.0,282,"PAHdb Anharmonic v1.00 (Module 02 out/anharmonic_1.00/bands.csv.gz), all transitions incl. overtones/combinations"
tetracene,1051.41,0.00325692,282,"PAHdb Anharmonic v1.00 (Module 02 out/anharmonic_1.00/bands.csv.gz), all transitions incl. overtones/combinations"
tetracene,1053.04,0.0,282,"PAHdb Anharmonic v1.00 (Module 02 out/anharmonic_1.00/bands.csv.gz), all transitions incl. overtones/combinations"
tetracene,1053.54,0.0,282,"PAHdb Anharmonic v1.00 (Module 02 out/anharmonic_1.00/bands.csv.gz), all transitions incl. overtones/combinations"
tetracene,1053.87,0.00044398,282,"PAHdb Anharmonic v1.00 (Module 02 out/anharmonic_1.00/bands.csv.gz), all transitions incl. overtones/combinations"
tetracene,1054.1,0.714106,282,"PAHdb Anharmonic v1.00 (Module 02 out/anharmonic_1.00/bands.csv.gz), all transitions incl. overtones/combinations"
tetracene,1054.58,0.0,282,"PAHdb Anharmonic v1.00 (Module 02 out/anharmonic_1.00/bands.csv.gz), all transitions incl. overtones/combinations"
tetracene,1055.23,0.0,282,"PAHdb Anharmonic v1.00 (Module 02 out/anharmonic_1.00/bands.csv.gz), all transitions incl. overtones/combinations"
tetracene,1055.93,0.0,282,"PAHdb Anharmonic v1.00 (Module 02 out/anharmonic_1.00/bands.csv.gz), all transitions incl. overtones/combinations"
tetracene,1057.05,0.00027744,282,"PAHdb Anharmonic v1.00 (Module 02 out/anharmonic_1.00/bands.csv.gz), all transitions incl. overtones/combinations"
tetracene,1057.34,0.00224065,282,"PAHdb Anharmonic v1.00 (Module 02 out/anharmonic_1.00/bands.csv.gz), all transitions incl. overtones/combinations"
tetracene,1061.91,0.0,282,"PAHdb Anharmonic v1.00 (Module 02 out/anharmonic_1.00/bands.csv.gz), all transitions incl. overtones/combinations"
tetracene,1062.42,0.0170442,282,"PAHdb Anharmonic v1.00 (Module 02 out/anharmonic_1.00/bands.csv.gz), all transitions incl. overtones/combinations"
tetracene,1062.99,0.0494157,282,"PAHdb Anharmonic v1.00 (Module 02 out/anharmonic_1.00/bands.csv.gz), all transitions incl. overtones/combinations"
tetracene,1063.35,1e-08,282,"PAHdb Anharmonic v1.00 (Module 02 out/anharmonic_1.00/bands.csv.gz), all transitions incl. overtones/combinations"
tetracene,1063.7,0.0,282,"PAHdb Anharmonic v1.00 (Module 02 out/anharmonic_1.00/bands.csv.gz), all transitions incl. overtones/combinations"
tetracene,1066.69,0.0,282,"PAHdb Anharmonic v1.00 (Module 02 out/anharmonic_1.00/bands.csv.gz), all transitions incl. overtones/combinations"
tetracene,1069.9,0.0326313,282,"PAHdb Anharmonic v1.00 (Module 02 out/anharmonic_1.00/bands.csv.gz), all transitions incl. overtones/combinations"
tetracene,1070.82,0.0,282,"PAHdb Anharmonic v1.00 (Module 02 out/anharmonic_1.00/bands.csv.gz), all transitions incl. overtones/combinations"
tetracene,1075.52,0.0,282,"PAHdb Anharmonic v1.00 (Module 02 out/anharmonic_1.00/bands.csv.gz), all transitions incl. overtones/combinations"
tetracene,1076.06,0.0,282,"PAHdb Anharmonic v1.00 (Module 02 out/anharmonic_1.00/bands.csv.gz), all transitions incl. overtones/combinations"
tetracene,1077.21,0.0,282,"PAHdb Anharmonic v1.00 (Module 02 out/anharmonic_1.00/bands.csv.gz), all transitions incl. overtones/combinations"
tetracene,1077.28,0.0,282,"PAHdb Anharmonic v1.00 (Module 02 out/anharmonic_1.00/bands.csv.gz), all transitions incl. overtones/combinations"
tetracene,1077.55,0.0,282,"PAHdb Anharmonic v1.00 (Module 02 out/anharmonic_1.00/bands.csv.gz), all transitions incl. overtones/combinations"
tetracene,1078.39,0.0,282,"PAHdb Anharmonic v1.00 (Module 02 out/anharmonic_1.00/bands.csv.gz), all transitions incl. overtones/combinations"
tetracene,1078.9,0.0366124,282,"PAHdb Anharmonic v1.00 (Module 02 out/anharmonic_1.00/bands.csv.gz), all transitions incl. overtones/combinations"
tetracene,1079.62,0.0,282,"PAHdb Anharmonic v1.00 (Module 02 out/anharmonic_1.00/bands.csv.gz), all transitions incl. overtones/combinations"
tetracene,1080.99,0.151482,282,"PAHdb Anharmonic v1.00 (Module 02 out/anharmonic_1.00/bands.csv.gz), all transitions incl. overtones/combinations"
tetracene,1081.93,0.0,282,"PAHdb Anharmonic v1.00 (Module 02 out/anharmonic_1.00/bands.csv.gz), all transitions incl. overtones/combinations"
tetracene,1086.43,0.0,282,"PAHdb Anharmonic v1.00 (Module 02 out/anharmonic_1.00/bands.csv.gz), all transitions incl. overtones/combinations"
tetracene,1087.54,0.0,282,"PAHdb Anharmonic v1.00 (Module 02 out/anharmonic_1.00/bands.csv.gz), all transitions incl. overtones/combinations"
tetracene,1087.67,0.00475983,282,"PAHdb Anharmonic v1.00 (Module 02 out/anharmonic_1.00/bands.csv.gz), all transitions incl. overtones/combinations"
tetracene,1087.77,0.0,282,"PAHdb Anharmonic v1.00 (Module 02 out/anharmonic_1.00/bands.csv.gz), all transitions incl. overtones/combinations"
tetracene,1089.04,0.0,282,"PAHdb Anharmonic v1.00 (Module 02 out/anharmonic_1.00/bands.csv.gz), all transitions incl. overtones/combinations"
tetracene,1090.1,0.0,282,"PAHdb Anharmonic v1.00 (Module 02 out/anharmonic_1.00/bands.csv.gz), all transitions incl. overtones/combinations"
tetracene,1090.7,0.0,282,"PAHdb Anharmonic v1.00 (Module 02 out/anharmonic_1.00/bands.csv.gz), all transitions incl. overtones/combinations"
tetracene,1092.16,0.0,282,"PAHdb Anharmonic v1.00 (Module 02 out/anharmonic_1.00/bands.csv.gz), all transitions incl. overtones/combinations"
tetracene,1094.55,0.0,282,"PAHdb Anharmonic v1.00 (Module 02 out/anharmonic_1.00/bands.csv.gz), all transitions incl. overtones/combinations"
tetracene,1097.44,0.0,282,"PAHdb Anharmonic v1.00 (Module 02 out/anharmonic_1.00/bands.csv.gz), all transitions incl. overtones/combinations"
tetracene,1098.71,0.00668905,282,"PAHdb Anharmonic v1.00 (Module 02 out/anharmonic_1.00/bands.csv.gz), all transitions incl. overtones/combinations"
tetracene,1099.07,0.0,282,"PAHdb Anharmonic v1.00 (Module 02 out/anharmonic_1.00/bands.csv.gz), all transitions incl. overtones/combinations"
tetracene,1100.38,0.00696755,282,"PAHdb Anharmonic v1.00 (Module 02 out/anharmonic_1.00/bands.csv.gz), all transitions incl. overtones/combinations"
tetracene,1100.79,0.0582253,282,"PAHdb Anharmonic v1.00 (Module 02 out/anharmonic_1.00/bands.csv.gz), all transitions incl. overtones/combinations"
tetracene,1102.92,0.0,282,"PAHdb Anharmonic v1.00 (Module 02 out/anharmonic_1.00/bands.csv.gz), all transitions incl. overtones/combinations"
tetracene,1103.49,0.0,282,"PAHdb Anharmonic v1.00 (Module 02 out/anharmonic_1.00/bands.csv.gz), all transitions incl. overtones/combinations"
tetracene,1104.23,0.00054783,282,"PAHdb Anharmonic v1.00 (Module 02 out/anharmonic_1.00/bands.csv.gz), all transitions incl. overtones/combinations"
tetracene,1107.1,0.0498202,282,"PAHdb Anharmonic v1.00 (Module 02 out/anharmonic_1.00/bands.csv.gz), all transitions incl. overtones/combinations"
tetracene,1108.29,0.0,282,"PAHdb Anharmonic v1.00 (Module 02 out/anharmonic_1.00/bands.csv.gz), all transitions incl. overtones/combinations"
tetracene,1108.71,0.0,282,"PAHdb Anharmonic v1.00 (Module 02 out/anharmonic_1.00/bands.csv.gz), all transitions incl. overtones/combinations"
tetracene,1110.24,0.0,282,"PAHdb Anharmonic v1.00 (Module 02 out/anharmonic_1.00/bands.csv.gz), all transitions incl. overtones/combinations"
tetracene,1111.66,0.171116,282,"PAHdb Anharmonic v1.00 (Module 02 out/anharmonic_1.00/bands.csv.gz), all transitions incl. overtones/combinations"
tetracene,1112.31,0.0,282,"PAHdb Anharmonic v1.00 (Module 02 out/anharmonic_1.00/bands.csv.gz), all transitions incl. overtones/combinations"
tetracene,1113.24,0.00697797,282,"PAHdb Anharmonic v1.00 (Module 02 out/anharmonic_1.00/bands.csv.gz), all transitions incl. overtones/combinations"
tetracene,1114.32,0.171913,282,"PAHdb Anharmonic v1.00 (Module 02 out/anharmonic_1.00/bands.csv.gz), all transitions incl. overtones/combinations"
tetracene,1114.41,0.0,282,"PAHdb Anharmonic v1.00 (Module 02 out/anharmonic_1.00/bands.csv.gz), all transitions incl. overtones/combinations"
tetracene,1114.96,0.267726,282,"PAHdb Anharmonic v1.00 (Module 02 out/anharmonic_1.00/bands.csv.gz), all transitions incl. overtones/combinations"
tetracene,1117.16,0.0289592,282,"PAHdb Anharmonic v1.00 (Module 02 out/anharmonic_1.00/bands.csv.gz), all transitions incl. overtones/combinations"
tetracene,1121.1,2.82114,282,"PAHdb Anharmonic v1.00 (Module 02 out/anharmonic_1.00/bands.csv.gz), all transitions incl. overtones/combinations"
tetracene,1122.2,0.00031724,282,"PAHdb Anharmonic v1.00 (Module 02 out/anharmonic_1.00/bands.csv.gz), all transitions incl. overtones/combinations"
tetracene,1123.83,0.0,282,"PAHdb Anharmonic v1.00 (Module 02 out/anharmonic_1.00/bands.csv.gz), all transitions incl. overtones/combinations"
tetracene,1124.25,0.00739641,282,"PAHdb Anharmonic v1.00 (Module 02 out/anharmonic_1.00/bands.csv.gz), all transitions incl. overtones/combinations"
tetracene,1124.41,0.00932732,282,"PAHdb Anharmonic v1.00 (Module 02 out/anharmonic_1.00/bands.csv.gz), all transitions incl. overtones/combinations"
tetracene,1124.5,0.0,282,"PAHdb Anharmonic v1.00 (Module 02 out/anharmonic_1.00/bands.csv.gz), all transitions incl. overtones/combinations"
tetracene,1125.7,0.00021619,282,"PAHdb Anharmonic v1.00 (Module 02 out/anharmonic_1.00/bands.csv.gz), all transitions incl. overtones/combinations"
tetracene,1126.35,0.0,282,"PAHdb Anharmonic v1.00 (Module 02 out/anharmonic_1.00/bands.csv.gz), all transitions incl. overtones/combinations"
tetracene,1127.05,0.0,282,"PAHdb Anharmonic v1.00 (Module 02 out/anharmonic_1.00/bands.csv.gz), all transitions incl. overtones/combinations"
tetracene,1130.03,6.98925,282,"PAHdb Anharmonic v1.00 (Module 02 out/anharmonic_1.00/bands.csv.gz), all transitions incl. overtones/combinations"
tetracene,1130.68,0.0,282,"PAHdb Anharmonic v1.00 (Module 02 out/anharmonic_1.00/bands.csv.gz), all transitions incl. overtones/combinations"
tetracene,1132.22,0.0,282,"PAHdb Anharmonic v1.00 (Module 02 out/anharmonic_1.00/bands.csv.gz), all transitions incl. overtones/combinations"
tetracene,1133.59,0.314763,282,"PAHdb Anharmonic v1.00 (Module 02 out/anharmonic_1.00/bands.csv.gz), all transitions incl. overtones/combinations"
tetracene,1133.74,0.0,282,"PAHdb Anharmonic v1.00 (Module 02 out/anharmonic_1.00/bands.csv.gz), all transitions incl. overtones/combinations"
tetracene,1133.95,1.05355,282,"PAHdb Anharmonic v1.00 (Module 02 out/anharmonic_1.00/bands.csv.gz), all transitions incl. overtones/combinations"
tetracene,1134.45,0.0,282,"PAHdb Anharmonic v1.00 (Module 02 out/anharmonic_1.00/bands.csv.gz), all transitions incl. overtones/combinations"
tetracene,1136.27,0.0,282,"PAHdb Anharmonic v1.00 (Module 02 out/anharmonic_1.00/bands.csv.gz), all transitions incl. overtones/combinations"
tetracene,1136.72,0.0954657,282,"PAHdb Anharmonic v1.00 (Module 02 out/anharmonic_1.00/bands.csv.gz), all transitions incl. overtones/combinations"
tetracene,1136.88,0.0,282,"PAHdb Anharmonic v1.00 (Module 02 out/anharmonic_1.00/bands.csv.gz), all transitions incl. overtones/combinations"
tetracene,1139.01,0.369287,282,"PAHdb Anharmonic v1.00 (Module 02 out/anharmonic_1.00/bands.csv.gz), all transitions incl. overtones/combinations"
tetracene,1139.21,0.0,282,"PAHdb Anharmonic v1.00 (Module 02 out/anharmonic_1.00/bands.csv.gz), all transitions incl. overtones/combinations"
tetracene,1143.49,0.0,282,"PAHdb Anharmonic v1.00 (Module 02 out/anharmonic_1.00/bands.csv.gz), all transitions incl. overtones/combinations"
tetracene,1146.92,0.0,282,"PAHdb Anharmonic v1.00 (Module 02 out/anharmonic_1.00/bands.csv.gz), all transitions incl. overtones/combinations"
tetracene,1147.86,0.195188,282,"PAHdb Anharmonic v1.00 (Module 02 out/anharmonic_1.00/bands.csv.gz), all transitions incl. overtones/combinations"
tetracene,1150.34,0.0,282,"PAHdb Anharmonic v1.00 (Module 02 out/anharmonic_1.00/bands.csv.gz), all transitions incl. overtones/combinations"
tetracene,1150.49,0.0,282,"PAHdb Anharmonic v1.00 (Module 02 out/anharmonic_1.00/bands.csv.gz), all transitions incl. overtones/combinations"
tetracene,1150.72,0.0,282,"PAHdb Anharmonic v1.00 (Module 02 out/anharmonic_1.00/bands.csv.gz), all transitions incl. overtones/combinations"
tetracene,1151.03,0.139843,282,"PAHdb Anharmonic v1.00 (Module 02 out/anharmonic_1.00/bands.csv.gz), all transitions incl. overtones/combinations"
tetracene,1154.91,0.0006219,282,"PAHdb Anharmonic v1.00 (Module 02 out/anharmonic_1.00/bands.csv.gz), all transitions incl. overtones/combinations"
tetracene,1156.08,0.0,282,"PAHdb Anharmonic v1.00 (Module 02 out/anharmonic_1.00/bands.csv.gz), all transitions incl. overtones/combinations"
tetracene,1156.46,0.0,282,"PAHdb Anharmonic v1.00 (Module 02 out/anharmonic_1.00/bands.csv.gz), all transitions incl. overtones/combinations"
tetracene,1158.38,0.00688339,282,"PAHdb Anharmonic v1.00 (Module 02 out/anharmonic_1.00/bands.csv.gz), all transitions incl. overtones/combinations"
tetracene,1159.21,0.00014087,282,"PAHdb Anharmonic v1.00 (Module 02 out/anharmonic_1.00/bands.csv.gz), all transitions incl. overtones/combinations"
tetracene,1159.34,0.0,282,"PAHdb Anharmonic v1.00 (Module 02 out/anharmonic_1.00/bands.csv.gz), all transitions incl. overtones/combinations"
tetracene,1160.41,0.0,282,"PAHdb Anharmonic v1.00 (Module 02 out/anharmonic_1.00/bands.csv.gz), all transitions incl. overtones/combinations"
tetracene,1160.49,0.0,282,"PAHdb Anharmonic v1.00 (Module 02 out/anharmonic_1.00/bands.csv.gz), all transitions incl. overtones/combinations"
tetracene,1160.7,0.0,282,"PAHdb Anharmonic v1.00 (Module 02 out/anharmonic_1.00/bands.csv.gz), all transitions incl. overtones/combinations"
tetracene,1163.76,0.0,282,"PAHdb Anharmonic v1.00 (Module 02 out/anharmonic_1.00/bands.csv.gz), all transitions incl. overtones/combinations"
tetracene,1164.19,0.0,282,"PAHdb Anharmonic v1.00 (Module 02 out/anharmonic_1.00/bands.csv.gz), all transitions incl. overtones/combinations"
tetracene,1165.52,0.111986,282,"PAHdb Anharmonic v1.00 (Module 02 out/anharmonic_1.00/bands.csv.gz), all transitions incl. overtones/combinations"
tetracene,1165.54,0.0,282,"PAHdb Anharmonic v1.00 (Module 02 out/anharmonic_1.00/bands.csv.gz), all transitions incl. overtones/combinations"
tetracene,1165.99,0.0,282,"PAHdb Anharmonic v1.00 (Module 02 out/anharmonic_1.00/bands.csv.gz), all transitions incl. overtones/combinations"
tetracene,1167.23,0.00050933,282,"PAHdb Anharmonic v1.00 (Module 02 out/anharmonic_1.00/bands.csv.gz), all transitions incl. overtones/combinations"
tetracene,1169.01,0.0,282,"PAHdb Anharmonic v1.00 (Module 02 out/anharmonic_1.00/bands.csv.gz), all transitions incl. overtones/combinations"
tetracene,1172.02,0.554102,282,"PAHdb Anharmonic v1.00 (Module 02 out/anharmonic_1.00/bands.csv.gz), all transitions incl. overtones/combinations"
tetracene,1172.76,0.0,282,"PAHdb Anharmonic v1.00 (Module 02 out/anharmonic_1.00/bands.csv.gz), all transitions incl. overtones/combinations"
tetracene,1172.85,0.0,282,"PAHdb Anharmonic v1.00 (Module 02 out/anharmonic_1.00/bands.csv.gz), all transitions incl. overtones/combinations"
tetracene,1173.88,0.0,282,"PAHdb Anharmonic v1.00 (Module 02 out/anharmonic_1.00/bands.csv.gz), all transitions incl. overtones/combinations"
tetracene,1174.38,0.284802,282,"PAHdb Anharmonic v1.00 (Module 02 out/anharmonic_1.00/bands.csv.gz), all transitions incl. overtones/combinations"
tetracene,1178.25,0.0,282,"PAHdb Anharmonic v1.00 (Module 02 out/anharmonic_1.00/bands.csv.gz), all transitions incl. overtones/combinations"
tetracene,1180.85,0.0,282,"PAHdb Anharmonic v1.00 (Module 02 out/anharmonic_1.00/bands.csv.gz), all transitions incl. overtones/combinations"
tetracene,1181.11,0.0,282,"PAHdb Anharmonic v1.00 (Module 02 out/anharmonic_1.00/bands.csv.gz), all transitions incl. overtones/combinations"
tetracene,1181.59,0.0,282,"PAHdb Anharmonic v1.00 (Module 02 out/anharmonic_1.00/bands.csv.gz), all transitions incl. overtones/combinations"
tetracene,1182.46,0.0141137,282,"PAHdb Anharmonic v1.00 (Module 02 out/anharmonic_1.00/bands.csv.gz), all transitions incl. overtones/combinations"
tetracene,1182.57,0.0,282,"PAHdb Anharmonic v1.00 (Module 02 out/anharmonic_1.00/bands.csv.gz), all transitions incl. overtones/combinations"
tetracene,1182.72,0.0,282,"PAHdb Anharmonic v1.00 (Module 02 out/anharmonic_1.00/bands.csv.gz), all transitions incl. overtones/combinations"
tetracene,1184.77,0.0,282,"PAHdb Anharmonic v1.00 (Module 02 out/anharmonic_1.00/bands.csv.gz), all transitions incl. overtones/combinations"
tetracene,1185.86,0.103206,282,"PAHdb Anharmonic v1.00 (Module 02 out/anharmonic_1.00/bands.csv.gz), all transitions incl. overtones/combinations"
tetracene,1186.66,0.0,282,"PAHdb Anharmonic v1.00 (Module 02 out/anharmonic_1.00/bands.csv.gz), all transitions incl. overtones/combinations"
tetracene,1186.92,0.152352,282,"PAHdb Anharmonic v1.00 (Module 02 out/anharmonic_1.00/bands.csv.gz), all transitions incl. overtones/combinations"
tetracene,1190.71,0.0,282,"PAHdb Anharmonic v1.00 (Module 02 out/anharmonic_1.00/bands.csv.gz), all transitions incl. overtones/combinations"
tetracene,1191.92,0.0,282,"PAHdb Anharmonic v1.00 (Module 02 out/anharmonic_1.00/bands.csv.gz), all transitions incl. overtones/combinations"
tetracene,1192.01,0.0,282,"PAHdb Anharmonic v1.00 (Module 02 out/anharmonic_1.00/bands.csv.gz), all transitions incl. overtones/combinations"
tetracene,1192.55,0.0,282,"PAHdb Anharmonic v1.00 (Module 02 out/anharmonic_1.00/bands.csv.gz), all transitions incl. overtones/combinations"
tetracene,1192.96,0.0,282,"PAHdb Anharmonic v1.00 (Module 02 out/anharmonic_1.00/bands.csv.gz), all transitions incl. overtones/combinations"
tetracene,1193.78,0.0,282,"PAHdb Anharmonic v1.00 (Module 02 out/anharmonic_1.00/bands.csv.gz), all transitions incl. overtones/combinations"
tetracene,1194.09,0.0,282,"PAHdb Anharmonic v1.00 (Module 02 out/anharmonic_1.00/bands.csv.gz), all transitions incl. overtones/combinations"
tetracene,1195.38,0.0,282,"PAHdb Anharmonic v1.00 (Module 02 out/anharmonic_1.00/bands.csv.gz), all transitions incl. overtones/combinations"
tetracene,1195.62,0.0,282,"PAHdb Anharmonic v1.00 (Module 02 out/anharmonic_1.00/bands.csv.gz), all transitions incl. overtones/combinations"
tetracene,1195.94,0.0467693,282,"PAHdb Anharmonic v1.00 (Module 02 out/anharmonic_1.00/bands.csv.gz), all transitions incl. overtones/combinations"
tetracene,1196.25,0.00976671,282,"PAHdb Anharmonic v1.00 (Module 02 out/anharmonic_1.00/bands.csv.gz), all transitions incl. overtones/combinations"
tetracene,1196.97,0.176525,282,"PAHdb Anharmonic v1.00 (Module 02 out/anharmonic_1.00/bands.csv.gz), all transitions incl. overtones/combinations"
tetracene,1196.99,0.0102779,282,"PAHdb Anharmonic v1.00 (Module 02 out/anharmonic_1.00/bands.csv.gz), all transitions incl. overtones/combinations"
tetracene,1198.52,0.0,282,"PAHdb Anharmonic v1.00 (Module 02 out/anharmonic_1.00/bands.csv.gz), all transitions incl. overtones/combinations"
tetracene,1199.04,0.0,282,"PAHdb Anharmonic v1.00 (Module 02 out/anharmonic_1.00/bands.csv.gz), all transitions incl. overtones/combinations"
tetracene,1199.45,0.247051,282,"PAHdb Anharmonic v1.00 (Module 02 out/anharmonic_1.00/bands.csv.gz), all transitions incl. overtones/combinations"
tetracene,1203.38,2.16911,282,"PAHdb Anharmonic v1.00 (Module 02 out/anharmonic_1.00/bands.csv.gz), all transitions incl. overtones/combinations"
tetracene,1204.93,0.0,282,"PAHdb Anharmonic v1.00 (Module 02 out/anharmonic_1.00/bands.csv.gz), all transitions incl. overtones/combinations"
tetracene,1205.26,0.00058929,282,"PAHdb Anharmonic v1.00 (Module 02 out/anharmonic_1.00/bands.csv.gz), all transitions incl. overtones/combinations"
tetracene,1206.26,0.0,282,"PAHdb Anharmonic v1.00 (Module 02 out/anharmonic_1.00/bands.csv.gz), all transitions incl. overtones/combinations"
tetracene,1206.29,0.0,282,"PAHdb Anharmonic v1.00 (Module 02 out/anharmonic_1.00/bands.csv.gz), all transitions incl. overtones/combinations"
tetracene,1207.46,0.0,282,"PAHdb Anharmonic v1.00 (Module 02 out/anharmonic_1.00/bands.csv.gz), all transitions incl. overtones/combinations"
tetracene,1208.97,0.0,282,"PAHdb Anharmonic v1.00 (Module 02 out/anharmonic_1.00/bands.csv.gz), all transitions incl. overtones/combinations"
tetracene,1209.73,0.0,282,"PAHdb Anharmonic v1.00 (Module 02 out/anharmonic_1.00/bands.csv.gz), all transitions incl. overtones/combinations"
tetracene,1210.34,0.0,282,"PAHdb Anharmonic v1.00 (Module 02 out/anharmonic_1.00/bands.csv.gz), all transitions incl. overtones/combinations"
tetracene,1212.13,0.0,282,"PAHdb Anharmonic v1.00 (Module 02 out/anharmonic_1.00/bands.csv.gz), all transitions incl. overtones/combinations"
tetracene,1212.62,0.00022103,282,"PAHdb Anharmonic v1.00 (Module 02 out/anharmonic_1.00/bands.csv.gz), all transitions incl. overtones/combinations"
tetracene,1212.97,0.00903278,282,"PAHdb Anharmonic v1.00 (Module 02 out/anharmonic_1.00/bands.csv.gz), all transitions incl. overtones/combinations"
tetracene,1213.0,0.0,282,"PAHdb Anharmonic v1.00 (Module 02 out/anharmonic_1.00/bands.csv.gz), all transitions incl. overtones/combinations"
tetracene,1213.68,0.0,282,"PAHdb Anharmonic v1.00 (Module 02 out/anharmonic_1.00/bands.csv.gz), all transitions incl. overtones/combinations"
tetracene,1213.82,0.0164074,282,"PAHdb Anharmonic v1.00 (Module 02 out/anharmonic_1.00/bands.csv.gz), all transitions incl. overtones/combinations"
tetracene,1213.83,0.179131,282,"PAHdb Anharmonic v1.00 (Module 02 out/anharmonic_1.00/bands.csv.gz), all transitions incl. overtones/combinations"
tetracene,1215.05,0.5147,282,"PAHdb Anharmonic v1.00 (Module 02 out/anharmonic_1.00/bands.csv.gz), all transitions incl. overtones/combinations"
tetracene,1215.71,0.0,282,"PAHdb Anharmonic v1.00 (Module 02 out/anharmonic_1.00/bands.csv.gz), all transitions incl. overtones/combinations"
tetracene,1216.53,0.0212504,282,"PAHdb Anharmonic v1.00 (Module 02 out/anharmonic_1.00/bands.csv.gz), all transitions incl. overtones/combinations"
tetracene,1217.47,0.00208206,282,"PAHdb Anharmonic v1.00 (Module 02 out/anharmonic_1.00/bands.csv.gz), all transitions incl. overtones/combinations"
tetracene,1218.27,0.0411978,282,"PAHdb Anharmonic v1.00 (Module 02 out/anharmonic_1.00/bands.csv.gz), all transitions incl. overtones/combinations"
tetracene,1219.25,0.0,282,"PAHdb Anharmonic v1.00 (Module 02 out/anharmonic_1.00/bands.csv.gz), all transitions incl. overtones/combinations"
tetracene,1220.08,0.0,282,"PAHdb Anharmonic v1.00 (Module 02 out/anharmonic_1.00/bands.csv.gz), all transitions incl. overtones/combinations"
tetracene,1220.1,0.0,282,"PAHdb Anharmonic v1.00 (Module 02 out/anharmonic_1.00/bands.csv.gz), all transitions incl. overtones/combinations"
tetracene,1220.33,0.0,282,"PAHdb Anharmonic v1.00 (Module 02 out/anharmonic_1.00/bands.csv.gz), all transitions incl. overtones/combinations"
tetracene,1220.45,0.00335519,282,"PAHdb Anharmonic v1.00 (Module 02 out/anharmonic_1.00/bands.csv.gz), all transitions incl. overtones/combinations"
tetracene,1220.56,0.0,282,"PAHdb Anharmonic v1.00 (Module 02 out/anharmonic_1.00/bands.csv.gz), all transitions incl. overtones/combinations"
tetracene,1221.12,0.0,282,"PAHdb Anharmonic v1.00 (Module 02 out/anharmonic_1.00/bands.csv.gz), all transitions incl. overtones/combinations"
tetracene,1221.15,0.0,282,"PAHdb Anharmonic v1.00 (Module 02 out/anharmonic_1.00/bands.csv.gz), all transitions incl. overtones/combinations"
tetracene,1222.8,0.0,282,"PAHdb Anharmonic v1.00 (Module 02 out/anharmonic_1.00/bands.csv.gz), all transitions incl. overtones/combinations"
tetracene,1222.85,0.368913,282,"PAHdb Anharmonic v1.00 (Module 02 out/anharmonic_1.00/bands.csv.gz), all transitions incl. overtones/combinations"
tetracene,1224.78,0.00287743,282,"PAHdb Anharmonic v1.00 (Module 02 out/anharmonic_1.00/bands.csv.gz), all transitions incl. overtones/combinations"
tetracene,1227.73,0.0,282,"PAHdb Anharmonic v1.00 (Module 02 out/anharmonic_1.00/bands.csv.gz), all transitions incl. overtones/combinations"
tetracene,1228.46,0.0,282,"PAHdb Anharmonic v1.00 (Module 02 out/anharmonic_1.00/bands.csv.gz), all transitions incl. overtones/combinations"
tetracene,1230.28,0.1685,282,"PAHdb Anharmonic v1.00 (Module 02 out/anharmonic_1.00/bands.csv.gz), all transitions incl. overtones/combinations"
tetracene,1230.47,0.00742205,282,"PAHdb Anharmonic v1.00 (Module 02 out/anharmonic_1.00/bands.csv.gz), all transitions incl. overtones/combinations"
tetracene,1230.5,0.0,282,"PAHdb Anharmonic v1.00 (Module 02 out/anharmonic_1.00/bands.csv.gz), all transitions incl. overtones/combinations"
tetracene,1231.94,0.0,282,"PAHdb Anharmonic v1.00 (Module 02 out/anharmonic_1.00/bands.csv.gz), all transitions incl. overtones/combinations"
tetracene,1232.25,0.0,282,"PAHdb Anharmonic v1.00 (Module 02 out/anharmonic_1.00/bands.csv.gz), all transitions incl. overtones/combinations"
tetracene,1232.34,0.167258,282,"PAHdb Anharmonic v1.00 (Module 02 out/anharmonic_1.00/bands.csv.gz), all transitions incl. overtones/combinations"
tetracene,1234.03,0.0,282,"PAHdb Anharmonic v1.00 (Module 02 out/anharmonic_1.00/bands.csv.gz), all transitions incl. overtones/combinations"
tetracene,1235.62,0.00408673,282,"PAHdb Anharmonic v1.00 (Module 02 out/anharmonic_1.00/bands.csv.gz), all transitions incl. overtones/combinations"
tetracene,1237.89,1e-08,282,"PAHdb Anharmonic v1.00 (Module 02 out/anharmonic_1.00/bands.csv.gz), all transitions incl. overtones/combinations"
tetracene,1239.58,0.0,282,"PAHdb Anharmonic v1.00 (Module 02 out/anharmonic_1.00/bands.csv.gz), all transitions incl. overtones/combinations"
tetracene,1240.1,0.173423,282,"PAHdb Anharmonic v1.00 (Module 02 out/anharmonic_1.00/bands.csv.gz), all transitions incl. overtones/combinations"
tetracene,1240.49,1e-08,282,"PAHdb Anharmonic v1.00 (Module 02 out/anharmonic_1.00/bands.csv.gz), all transitions incl. overtones/combinations"
tetracene,1243.93,0.00290524,282,"PAHdb Anharmonic v1.00 (Module 02 out/anharmonic_1.00/bands.csv.gz), all transitions incl. overtones/combinations"
tetracene,1244.86,0.0,282,"PAHdb Anharmonic v1.00 (Module 02 out/anharmonic_1.00/bands.csv.gz), all transitions incl. overtones/combinations"
tetracene,1245.27,0.0,282,"PAHdb Anharmonic v1.00 (Module 02 out/anharmonic_1.00/bands.csv.gz), all transitions incl. overtones/combinations"
tetracene,1245.82,0.0134812,282,"PAHdb Anharmonic v1.00 (Module 02 out/anharmonic_1.00/bands.csv.gz), all transitions incl. overtones/combinations"
tetracene,1246.85,0.0005183,282,"PAHdb Anharmonic v1.00 (Module 02 out/anharmonic_1.00/bands.csv.gz), all transitions incl. overtones/combinations"
tetracene,1248.83,0.0,282,"PAHdb Anharmonic v1.00 (Module 02 out/anharmonic_1.00/bands.csv.gz), all transitions incl. overtones/combinations"
tetracene,1249.34,0.0,282,"PAHdb Anharmonic v1.00 (Module 02 out/anharmonic_1.00/bands.csv.gz), all transitions incl. overtones/combinations"
tetracene,1249.78,0.186057,282,"PAHdb Anharmonic v1.00 (Module 02 out/anharmonic_1.00/bands.csv.gz), all transitions incl. overtones/combinations"
tetracene,1250.11,0.0,282,"PAHdb Anharmonic v1.00 (Module 02 out/anharmonic_1.00/bands.csv.gz), all transitions incl. overtones/combinations"
tetracene,1251.52,0.0,282,"PAHdb Anharmonic v1.00 (Module 02 out/anharmonic_1.00/bands.csv.gz), all transitions incl. overtones/combinations"
tetracene,1252.37,0.0,282,"PAHdb Anharmonic v1.00 (Module 02 out/anharmonic_1.00/bands.csv.gz), all transitions incl. overtones/combinations"
tetracene,1252.67,0.0,282,"PAHdb Anharmonic v1.00 (Module 02 out/anharmonic_1.00/bands.csv.gz), all transitions incl. overtones/combinations"
tetracene,1253.35,0.0,282,"PAHdb Anharmonic v1.00 (Module 02 out/anharmonic_1.00/bands.csv.gz), all transitions incl. overtones/combinations"
tetracene,1254.24,0.0,282,"PAHdb Anharmonic v1.00 (Module 02 out/anharmonic_1.00/bands.csv.gz), all transitions incl. overtones/combinations"
tetracene,1254.31,0.00062543,282,"PAHdb Anharmonic v1.00 (Module 02 out/anharmonic_1.00/bands.csv.gz), all transitions incl. overtones/combinations"
tetracene,1254.69,0.0860689,282,"PAHdb Anharmonic v1.00 (Module 02 out/anharmonic_1.00/bands.csv.gz), all transitions incl. overtones/combinations"
tetracene,1254.79,0.0,282,"PAHdb Anharmonic v1.00 (Module 02 out/anharmonic_1.00/bands.csv.gz), all transitions incl. overtones/combinations"
tetracene,1255.87,7.174e-05,282,"PAHdb Anharmonic v1.00 (Module 02 out/anharmonic_1.00/bands.csv.gz), all transitions incl. overtones/combinations"
tetracene,1255.88,0.00660934,282,"PAHdb Anharmonic v1.00 (Module 02 out/anharmonic_1.00/bands.csv.gz), all transitions incl. overtones/combinations"
tetracene,1259.06,0.0,282,"PAHdb Anharmonic v1.00 (Module 02 out/anharmonic_1.00/bands.csv.gz), all transitions incl. overtones/combinations"
tetracene,1260.11,0.0,282,"PAHdb Anharmonic v1.00 (Module 02 out/anharmonic_1.00/bands.csv.gz), all transitions incl. overtones/combinations"
tetracene,1260.83,0.0311856,282,"PAHdb Anharmonic v1.00 (Module 02 out/anharmonic_1.00/bands.csv.gz), all transitions incl. overtones/combinations"
tetracene,1262.07,0.00595796,282,"PAHdb Anharmonic v1.00 (Module 02 out/anharmonic_1.00/bands.csv.gz), all transitions incl. overtones/combinations"
tetracene,1263.29,0.0,282,"PAHdb Anharmonic v1.00 (Module 02 out/anharmonic_1.00/bands.csv.gz), all transitions incl. overtones/combinations"
tetracene,1265.57,0.00031995,282,"PAHdb Anharmonic v1.00 (Module 02 out/anharmonic_1.00/bands.csv.gz), all transitions incl. overtones/combinations"
tetracene,1266.17,0.0,282,"PAHdb Anharmonic v1.00 (Module 02 out/anharmonic_1.00/bands.csv.gz), all transitions incl. overtones/combinations"
tetracene,1267.73,6.915e-05,282,"PAHdb Anharmonic v1.00 (Module 02 out/anharmonic_1.00/bands.csv.gz), all transitions incl. overtones/combinations"
tetracene,1268.14,0.0,282,"PAHdb Anharmonic v1.00 (Module 02 out/anharmonic_1.00/bands.csv.gz), all transitions incl. overtones/combinations"
tetracene,1268.15,0.0,282,"PAHdb Anharmonic v1.00 (Module 02 out/anharmonic_1.00/bands.csv.gz), all transitions incl. overtones/combinations"
tetracene,1268.54,0.00292126,282,"PAHdb Anharmonic v1.00 (Module 02 out/anharmonic_1.00/bands.csv.gz), all transitions incl. overtones/combinations"
tetracene,1268.56,0.0,282,"PAHdb Anharmonic v1.00 (Module 02 out/anharmonic_1.00/bands.csv.gz), all transitions incl. overtones/combinations"
tetracene,1268.81,0.0482323,282,"PAHdb Anharmonic v1.00 (Module 02 out/anharmonic_1.00/bands.csv.gz), all transitions incl. overtones/combinations"
tetracene,1268.89,0.0,282,"PAHdb Anharmonic v1.00 (Module 02 out/anharmonic_1.00/bands.csv.gz), all transitions incl. overtones/combinations"
tetracene,1269.38,0.0556756,282,"PAHdb Anharmonic v1.00 (Module 02 out/anharmonic_1.00/bands.csv.gz), all transitions incl. overtones/combinations"
tetracene,1269.54,0.0,282,"PAHdb Anharmonic v1.00 (Module 02 out/anharmonic_1.00/bands.csv.gz), all transitions incl. overtones/combinations"
tetracene,1270.29,0.0,282,"PAHdb Anharmonic v1.00 (Module 02 out/anharmonic_1.00/bands.csv.gz), all transitions incl. overtones/combinations"
tetracene,1271.31,0.0,282,"PAHdb Anharmonic v1.00 (Module 02 out/anharmonic_1.00/bands.csv.gz), all transitions incl. overtones/combinations"
tetracene,1271.72,0.0,282,"PAHdb Anharmonic v1.00 (Module 02 out/anharmonic_1.00/bands.csv.gz), all transitions incl. overtones/combinations"
tetracene,1272.84,0.0,282,"PAHdb Anharmonic v1.00 (Module 02 out/anharmonic_1.00/bands.csv.gz), all transitions incl. overtones/combinations"
tetracene,1274.18,0.00037232,282,"PAHdb Anharmonic v1.00 (Module 02 out/anharmonic_1.00/bands.csv.gz), all transitions incl. overtones/combinations"
tetracene,1274.41,0.0,282,"PAHdb Anharmonic v1.00 (Module 02 out/anharmonic_1.00/bands.csv.gz), all transitions incl. overtones/combinations"
tetracene,1276.3,0.42571,282,"PAHdb Anharmonic v1.00 (Module 02 out/anharmonic_1.00/bands.csv.gz), all transitions incl. overtones/combinations"
tetracene,1277.57,0.0,282,"PAHdb Anharmonic v1.00 (Module 02 out/anharmonic_1.00/bands.csv.gz), all transitions incl. overtones/combinations"
tetracene,1279.14,0.840362,282,"PAHdb Anharmonic v1.00 (Module 02 out/anharmonic_1.00/bands.csv.gz), all transitions incl. overtones/combinations"
tetracene,1280.11,0.0015986,282,"PAHdb Anharmonic v1.00 (Module 02 out/anharmonic_1.00/bands.csv.gz), all transitions incl. overtones/combinations"
tetracene,1280.38,0.0,282,"PAHdb Anharmonic v1.00 (Module 02 out/anharmonic_1.00/bands.csv.gz), all transitions incl. overtones/combinations"
tetracene,1280.94,0.0009464,282,"PAHdb Anharmonic v1.00 (Module 02 out/anharmonic_1.00/bands.csv.gz), all transitions incl. overtones/combinations"
tetracene,1281.95,0.0,282,"PAHdb Anharmonic v1.00 (Module 02 out/anharmonic_1.00/bands.csv.gz), all transitions incl. overtones/combinations"
tetracene,1282.06,0.0,282,"PAHdb Anharmonic v1.00 (Module 02 out/anharmonic_1.00/bands.csv.gz), all transitions incl. overtones/combinations"
tetracene,1282.07,0.0,282,"PAHdb Anharmonic v1.00 (Module 02 out/anharmonic_1.00/bands.csv.gz), all transitions incl. overtones/combinations"
tetracene,1284.32,0.0,282,"PAHdb Anharmonic v1.00 (Module 02 out/anharmonic_1.00/bands.csv.gz), all transitions incl. overtones/combinations"
tetracene,1284.45,0.0,282,"PAHdb Anharmonic v1.00 (Module 02 out/anharmonic_1.00/bands.csv.gz), all transitions incl. overtones/combinations"
tetracene,1286.09,0.00058306,282,"PAHdb Anharmonic v1.00 (Module 02 out/anharmonic_1.00/bands.csv.gz), all transitions incl. overtones/combinations"
tetracene,1286.26,7e-08,282,"PAHdb Anharmonic v1.00 (Module 02 out/anharmonic_1.00/bands.csv.gz), all transitions incl. overtones/combinations"
tetracene,1286.55,0.0,282,"PAHdb Anharmonic v1.00 (Module 02 out/anharmonic_1.00/bands.csv.gz), all transitions incl. overtones/combinations"
tetracene,1287.08,1.47541,282,"PAHdb Anharmonic v1.00 (Module 02 out/anharmonic_1.00/bands.csv.gz), all transitions incl. overtones/combinations"
tetracene,1289.35,0.0118149,282,"PAHdb Anharmonic v1.00 (Module 02 out/anharmonic_1.00/bands.csv.gz), all transitions incl. overtones/combinations"
tetracene,1289.71,0.0,282,"PAHdb Anharmonic v1.00 (Module 02 out/anharmonic_1.00/bands.csv.gz), all transitions incl. overtones/combinations"
tetracene,1290.03,0.0,282,"PAHdb Anharmonic v1.00 (Module 02 out/anharmonic_1.00/bands.csv.gz), all transitions incl. overtones/combinations"
tetracene,1290.26,1e-08,282,"PAHdb Anharmonic v1.00 (Module 02 out/anharmonic_1.00/bands.csv.gz), all transitions incl. overtones/combinations"
tetracene,1293.2,0.0,282,"PAHdb Anharmonic v1.00 (Module 02 out/anharmonic_1.00/bands.csv.gz), all transitions incl. overtones/combinations"
tetracene,1293.3,9.76058,282,"PAHdb Anharmonic v1.00 (Module 02 out/anharmonic_1.00/bands.csv.gz), all transitions incl. overtones/combinations"
tetracene,1295.06,0.0,282,"PAHdb Anharmonic v1.00 (Module 02 out/anharmonic_1.00/bands.csv.gz), all transitions incl. overtones/combinations"
tetracene,1295.38,0.0,282,"PAHdb Anharmonic v1.00 (Module 02 out/anharmonic_1.00/bands.csv.gz), all transitions incl. overtones/combinations"
tetracene,1296.8,0.5443,282,"PAHdb Anharmonic v1.00 (Module 02 out/anharmonic_1.00/bands.csv.gz), all transitions incl. overtones/combinations"
tetracene,1298.94,0.0,282,"PAHdb Anharmonic v1.00 (Module 02 out/anharmonic_1.00/bands.csv.gz), all transitions incl. overtones/combinations"
tetracene,1299.31,0.0,282,"PAHdb Anharmonic v1.00 (Module 02 out/anharmonic_1.00/bands.csv.gz), all transitions incl. overtones/combinations"
tetracene,1301.06,0.738211,282,"PAHdb Anharmonic v1.00 (Module 02 out/anharmonic_1.00/bands.csv.gz), all transitions incl. overtones/combinations"
tetracene,1303.44,1e-08,282,"PAHdb Anharmonic v1.00 (Module 02 out/anharmonic_1.00/bands.csv.gz), all transitions incl. overtones/combinations"
tetracene,1303.92,1.07403,282,"PAHdb Anharmonic v1.00 (Module 02 out/anharmonic_1.00/bands.csv.gz), all transitions incl. overtones/combinations"
tetracene,1304.1,0.0503436,282,"PAHdb Anharmonic v1.00 (Module 02 out/anharmonic_1.00/bands.csv.gz), all transitions incl. overtones/combinations"
tetracene,1304.15,0.0,282,"PAHdb Anharmonic v1.00 (Module 02 out/anharmonic_1.00/bands.csv.gz), all transitions incl. overtones/combinations"
tetracene,1305.23,0.0,282,"PAHdb Anharmonic v1.00 (Module 02 out/anharmonic_1.00/bands.csv.gz), all transitions incl. overtones/combinations"
tetracene,1307.59,0.0,282,"PAHdb Anharmonic v1.00 (Module 02 out/anharmonic_1.00/bands.csv.gz), all transitions incl. overtones/combinations"
tetracene,1307.81,0.0772207,282,"PAHdb Anharmonic v1.00 (Module 02 out/anharmonic_1.00/bands.csv.gz), all transitions incl. overtones/combinations"
tetracene,1307.87,0.390685,282,"PAHdb Anharmonic v1.00 (Module 02 out/anharmonic_1.00/bands.csv.gz), all transitions incl. overtones/combinations"
tetracene,1308.44,0.0340098,282,"PAHdb Anharmonic v1.00 (Module 02 out/anharmonic_1.00/bands.csv.gz), all transitions incl. overtones/combinations"
tetracene,1309.02,0.609856,282,"PAHdb Anharmonic v1.00 (Module 02 out/anharmonic_1.00/bands.csv.gz), all transitions incl. overtones/combinations"
tetracene,1309.48,0.0,282,"PAHdb Anharmonic v1.00 (Module 02 out/anharmonic_1.00/bands.csv.gz), all transitions incl. overtones/combinations"
tetracene,1309.54,0.0,282,"PAHdb Anharmonic v1.00 (Module 02 out/anharmonic_1.00/bands.csv.gz), all transitions incl. overtones/combinations"
tetracene,1310.48,0.0,282,"PAHdb Anharmonic v1.00 (Module 02 out/anharmonic_1.00/bands.csv.gz), all transitions incl. overtones/combinations"
tetracene,1310.92,0.0,282,"PAHdb Anharmonic v1.00 (Module 02 out/anharmonic_1.00/bands.csv.gz), all transitions incl. overtones/combinations"
tetracene,1311.11,0.0,282,"PAHdb Anharmonic v1.00 (Module 02 out/anharmonic_1.00/bands.csv.gz), all transitions incl. overtones/combinations"
tetracene,1313.58,0.00555616,282,"PAHdb Anharmonic v1.00 (Module 02 out/anharmonic_1.00/bands.csv.gz), all transitions incl. overtones/combinations"
tetracene,1315.57,0.0,282,"PAHdb Anharmonic v1.00 (Module 02 out/anharmonic_1.00/bands.csv.gz), all transitions incl. overtones/combinations"
tetracene,1316.86,0.0,282,"PAHdb Anharmonic v1.00 (Module 02 out/anharmonic_1.00/bands.csv.gz), all transitions incl. overtones/combinations"
tetracene,1317.1,0.0,282,"PAHdb Anharmonic v1.00 (Module 02 out/anharmonic_1.00/bands.csv.gz), all transitions incl. overtones/combinations"
tetracene,1317.36,0.0,282,"PAHdb Anharmonic v1.00 (Module 02 out/anharmonic_1.00/bands.csv.gz), all transitions incl. overtones/combinations"
tetracene,1317.53,0.0,282,"PAHdb Anharmonic v1.00 (Module 02 out/anharmonic_1.00/bands.csv.gz), all transitions incl. overtones/combinations"
tetracene,1318.39,0.10636,282,"PAHdb Anharmonic v1.00 (Module 02 out/anharmonic_1.00/bands.csv.gz), all transitions incl. overtones/combinations"
tetracene,1319.31,0.00067217,282,"PAHdb Anharmonic v1.00 (Module 02 out/anharmonic_1.00/bands.csv.gz), all transitions incl. overtones/combinations"
tetracene,1320.06,0.00259547,282,"PAHdb Anharmonic v1.00 (Module 02 out/anharmonic_1.00/bands.csv.gz), all transitions incl. overtones/combinations"
tetracene,1321.43,0.0237865,282,"PAHdb Anharmonic v1.00 (Module 02 out/anharmonic_1.00/bands.csv.gz), all transitions incl. overtones/combinations"
tetracene,1322.78,0.0,282,"PAHdb Anharmonic v1.00 (Module 02 out/anharmonic_1.00/bands.csv.gz), all transitions incl. overtones/combinations"
tetracene,1322.85,0.00258332,282,"PAHdb Anharmonic v1.00 (Module 02 out/anharmonic_1.00/bands.csv.gz), all transitions incl. overtones/combinations"
tetracene,1323.51,0.00492666,282,"PAHdb Anharmonic v1.00 (Module 02 out/anharmonic_1.00/bands.csv.gz), all transitions incl. overtones/combinations"
tetracene,1324.87,0.00023613,282,"PAHdb Anharmonic v1.00 (Module 02 out/anharmonic_1.00/bands.csv.gz), all transitions incl. overtones/combinations"
tetracene,1325.54,0.0,282,"PAHdb Anharmonic v1.00 (Module 02 out/anharmonic_1.00/bands.csv.gz), all transitions incl. overtones/combinations"
tetracene,1325.63,0.00242618,282,"PAHdb Anharmonic v1.00 (Module 02 out/anharmonic_1.00/bands.csv.gz), all transitions incl. overtones/combinations"
tetracene,1325.93,0.0,282,"PAHdb Anharmonic v1.00 (Module 02 out/anharmonic_1.00/bands.csv.gz), all transitions incl. overtones/combinations"
tetracene,1325.96,0.0,282,"PAHdb Anharmonic v1.00 (Module 02 out/anharmonic_1.00/bands.csv.gz), all transitions incl. overtones/combinations"
tetracene,1326.93,0.156745,282,"PAHdb Anharmonic v1.00 (Module 02 out/anharmonic_1.00/bands.csv.gz), all transitions incl. overtones/combinations"
tetracene,1326.94,0.0,282,"PAHdb Anharmonic v1.00 (Module 02 out/anharmonic_1.00/bands.csv.gz), all transitions incl. overtones/combinations"
tetracene,1328.58,0.0,282,"PAHdb Anharmonic v1.00 (Module 02 out/anharmonic_1.00/bands.csv.gz), all transitions incl. overtones/combinations"
tetracene,1329.95,1.27918,282,"PAHdb Anharmonic v1.00 (Module 02 out/anharmonic_1.00/bands.csv.gz), all transitions incl. overtones/combinations"
tetracene,1331.16,0.0129247,282,"PAHdb Anharmonic v1.00 (Module 02 out/anharmonic_1.00/bands.csv.gz), all transitions incl. overtones/combinations"
tetracene,1331.9,0.316209,282,"PAHdb Anharmonic v1.00 (Module 02 out/anharmonic_1.00/bands.csv.gz), all transitions incl. overtones/combinations"
tetracene,1332.61,0.0154762,282,"PAHdb Anharmonic v1.00 (Module 02 out/anharmonic_1.00/bands.csv.gz), all transitions incl. overtones/combinations"
tetracene,1333.16,0.0,282,"PAHdb Anharmonic v1.00 (Module 02 out/anharmonic_1.00/bands.csv.gz), all transitions incl. overtones/combinations"
tetracene,1334.08,0.0,282,"PAHdb Anharmonic v1.00 (Module 02 out/anharmonic_1.00/bands.csv.gz), all transitions incl. overtones/combinations"
tetracene,1334.14,0.0,282,"PAHdb Anharmonic v1.00 (Module 02 out/anharmonic_1.00/bands.csv.gz), all transitions incl. overtones/combinations"
tetracene,1337.36,0.00060032,282,"PAHdb Anharmonic v1.00 (Module 02 out/anharmonic_1.00/bands.csv.gz), all transitions incl. overtones/combinations"
tetracene,1338.67,0.00764409,282,"PAHdb Anharmonic v1.00 (Module 02 out/anharmonic_1.00/bands.csv.gz), all transitions incl. overtones/combinations"
tetracene,1339.14,0.0,282,"PAHdb Anharmonic v1.00 (Module 02 out/anharmonic_1.00/bands.csv.gz), all transitions incl. overtones/combinations"
tetracene,1339.44,0.0,282,"PAHdb Anharmonic v1.00 (Module 02 out/anharmonic_1.00/bands.csv.gz), all transitions incl. overtones/combinations"
tetracene,1340.89,0.0,282,"PAHdb Anharmonic v1.00 (Module 02 out/anharmonic_1.00/bands.csv.gz), all transitions incl. overtones/combinations"
tetracene,1341.23,0.0,282,"PAHdb Anharmonic v1.00 (Module 02 out/anharmonic_1.00/bands.csv.gz), all transitions incl. overtones/combinations"
tetracene,1341.74,0.084407,282,"PAHdb Anharmonic v1.00 (Module 02 out/anharmonic_1.00/bands.csv.gz), all transitions incl. overtones/combinations"
tetracene,1342.29,0.0,282,"PAHdb Anharmonic v1.00 (Module 02 out/anharmonic_1.00/bands.csv.gz), all transitions incl. overtones/combinations"
tetracene,1342.41,0.0,282,"PAHdb Anharmonic v1.00 (Module 02 out/anharmonic_1.00/bands.csv.gz), all transitions incl. overtones/combinations"
tetracene,1342.54,0.172673,282,"PAHdb Anharmonic v1.00 (Module 02 out/anharmonic_1.00/bands.csv.gz), all transitions incl. overtones/combinations"
tetracene,1343.32,0.0,282,"PAHdb Anharmonic v1.00 (Module 02 out/anharmonic_1.00/bands.csv.gz), all transitions incl. overtones/combinations"
tetracene,1344.06,0.0,282,"PAHdb Anharmonic v1.00 (Module 02 out/anharmonic_1.00/bands.csv.gz), all transitions incl. overtones/combinations"
tetracene,1345.06,0.0,282,"PAHdb Anharmonic v1.00 (Module 02 out/anharmonic_1.00/bands.csv.gz), all transitions incl. overtones/combinations"
tetracene,1349.75,0.00804981,282,"PAHdb Anharmonic v1.00 (Module 02 out/anharmonic_1.00/bands.csv.gz), all transitions incl. overtones/combinations"
tetracene,1350.81,0.0,282,"PAHdb Anharmonic v1.00 (Module 02 out/anharmonic_1.00/bands.csv.gz), all transitions incl. overtones/combinations"
tetracene,1351.58,0.0,282,"PAHdb Anharmonic v1.00 (Module 02 out/anharmonic_1.00/bands.csv.gz), all transitions incl. overtones/combinations"
tetracene,1351.66,4e-08,282,"PAHdb Anharmonic v1.00 (Module 02 out/anharmonic_1.00/bands.csv.gz), all transitions incl. overtones/combinations"
tetracene,1352.05,5.97917,282,"PAHdb Anharmonic v1.00 (Module 02 out/anharmonic_1.00/bands.csv.gz), all transitions incl. overtones/combinations"
tetracene,1353.02,0.0,282,"PAHdb Anharmonic v1.00 (Module 02 out/anharmonic_1.00/bands.csv.gz), all transitions incl. overtones/combinations"
tetracene,1353.45,0.0,282,"PAHdb Anharmonic v1.00 (Module 02 out/anharmonic_1.00/bands.csv.gz), all transitions incl. overtones/combinations"
tetracene,1353.73,0.0,282,"PAHdb Anharmonic v1.00 (Module 02 out/anharmonic_1.00/bands.csv.gz), all transitions incl. overtones/combinations"
tetracene,1355.27,0.0,282,"PAHdb Anharmonic v1.00 (Module 02 out/anharmonic_1.00/bands.csv.gz), all transitions incl. overtones/combinations"
tetracene,1356.05,5e-08,282,"PAHdb Anharmonic v1.00 (Module 02 out/anharmonic_1.00/bands.csv.gz), all transitions incl. overtones/combinations"
tetracene,1356.07,0.0,282,"PAHdb Anharmonic v1.00 (Module 02 out/anharmonic_1.00/bands.csv.gz), all transitions incl. overtones/combinations"
tetracene,1356.26,0.0,282,"PAHdb Anharmonic v1.00 (Module 02 out/anharmonic_1.00/bands.csv.gz), all transitions incl. overtones/combinations"
tetracene,1356.91,0.245339,282,"PAHdb Anharmonic v1.00 (Module 02 out/anharmonic_1.00/bands.csv.gz), all transitions incl. overtones/combinations"
tetracene,1357.84,0.0,282,"PAHdb Anharmonic v1.00 (Module 02 out/anharmonic_1.00/bands.csv.gz), all transitions incl. overtones/combinations"
tetracene,1357.88,0.0,282,"PAHdb Anharmonic v1.00 (Module 02 out/anharmonic_1.00/bands.csv.gz), all transitions incl. overtones/combinations"
tetracene,1358.65,0.0,282,"PAHdb Anharmonic v1.00 (Module 02 out/anharmonic_1.00/bands.csv.gz), all transitions incl. overtones/combinations"
tetracene,1359.71,0.0,282,"PAHdb Anharmonic v1.00 (Module 02 out/anharmonic_1.00/bands.csv.gz), all transitions incl. overtones/combinations"
tetracene,1360.5,0.0,282,"PAHdb Anharmonic v1.00 (Module 02 out/anharmonic_1.00/bands.csv.gz), all transitions incl. overtones/combinations"
tetracene,1361.95,0.0419079,282,"PAHdb Anharmonic v1.00 (Module 02 out/anharmonic_1.00/bands.csv.gz), all transitions incl. overtones/combinations"
tetracene,1362.92,0.0486045,282,"PAHdb Anharmonic v1.00 (Module 02 out/anharmonic_1.00/bands.csv.gz), all transitions incl. overtones/combinations"
tetracene,1362.95,0.0,282,"PAHdb Anharmonic v1.00 (Module 02 out/anharmonic_1.00/bands.csv.gz), all transitions incl. overtones/combinations"
tetracene,1363.49,0.0,282,"PAHdb Anharmonic v1.00 (Module 02 out/anharmonic_1.00/bands.csv.gz), all transitions incl. overtones/combinations"
tetracene,1364.45,2.786e-05,282,"PAHdb Anharmonic v1.00 (Module 02 out/anharmonic_1.00/bands.csv.gz), all transitions incl. overtones/combinations"
tetracene,1365.72,0.00050801,282,"PAHdb Anharmonic v1.00 (Module 02 out/anharmonic_1.00/bands.csv.gz), all transitions incl. overtones/combinations"
tetracene,1365.94,0.146718,282,"PAHdb Anharmonic v1.00 (Module 02 out/anharmonic_1.00/bands.csv.gz), all transitions incl. overtones/combinations"
tetracene,1366.35,0.0,282,"PAHdb Anharmonic v1.00 (Module 02 out/anharmonic_1.00/bands.csv.gz), all transitions incl. overtones/combinations"
tetracene,1367.17,1e-08,282,"PAHdb Anharmonic v1.00 (Module 02 out/anharmonic_1.00/bands.csv.gz), all transitions incl. overtones/combinations"
tetracene,1367.52,0.221241,282,"PAHdb Anharmonic v1.00 (Module 02 out/anharmonic_1.00/bands.csv.gz), all transitions incl. overtones/combinations"
tetracene,1369.0,0.00038773,282,"PAHdb Anharmonic v1.00 (Module 02 out/anharmonic_1.00/bands.csv.gz), all transitions incl. overtones/combinations"
tetracene,1369.04,0.0,282,"PAHdb Anharmonic v1.00 (Module 02 out/anharmonic_1.00/bands.csv.gz), all transitions incl. overtones/combinations"
tetracene,1369.33,0.0,282,"PAHdb Anharmonic v1.00 (Module 02 out/anharmonic_1.00/bands.csv.gz), all transitions incl. overtones/combinations"
tetracene,1370.92,0.00029812,282,"PAHdb Anharmonic v1.00 (Module 02 out/anharmonic_1.00/bands.csv.gz), all transitions incl. overtones/combinations"
tetracene,1372.16,0.0,282,"PAHdb Anharmonic v1.00 (Module 02 out/anharmonic_1.00/bands.csv.gz), all transitions incl. overtones/combinations"
tetracene,1373.04,0.0,282,"PAHdb Anharmonic v1.00 (Module 02 out/anharmonic_1.00/bands.csv.gz), all transitions incl. overtones/combinations"
tetracene,1373.16,0.0758635,282,"PAHdb Anharmonic v1.00 (Module 02 out/anharmonic_1.00/bands.csv.gz), all transitions incl. overtones/combinations"
tetracene,1373.45,0.0,282,"PAHdb Anharmonic v1.00 (Module 02 out/anharmonic_1.00/bands.csv.gz), all transitions incl. overtones/combinations"
tetracene,1374.67,0.303687,282,"PAHdb Anharmonic v1.00 (Module 02 out/anharmonic_1.00/bands.csv.gz), all transitions incl. overtones/combinations"
tetracene,1375.11,1.17e-06,282,"PAHdb Anharmonic v1.00 (Module 02 out/anharmonic_1.00/bands.csv.gz), all transitions incl. overtones/combinations"
tetracene,1375.2,0.0,282,"PAHdb Anharmonic v1.00 (Module 02 out/anharmonic_1.00/bands.csv.gz), all transitions incl. overtones/combinations"
tetracene,1377.24,0.0,282,"PAHdb Anharmonic v1.00 (Module 02 out/anharmonic_1.00/bands.csv.gz), all transitions incl. overtones/combinations"
tetracene,1378.59,0.0,282,"PAHdb Anharmonic v1.00 (Module 02 out/anharmonic_1.00/bands.csv.gz), all transitions incl. overtones/combinations"
tetracene,1381.03,0.0005923,282,"PAHdb Anharmonic v1.00 (Module 02 out/anharmonic_1.00/bands.csv.gz), all transitions incl. overtones/combinations"
tetracene,1381.08,0.0,282,"PAHdb Anharmonic v1.00 (Module 02 out/anharmonic_1.00/bands.csv.gz), all transitions incl. overtones/combinations"
tetracene,1381.15,0.0,282,"PAHdb Anharmonic v1.00 (Module 02 out/anharmonic_1.00/bands.csv.gz), all transitions incl. overtones/combinations"
tetracene,1382.41,0.0,282,"PAHdb Anharmonic v1.00 (Module 02 out/anharmonic_1.00/bands.csv.gz), all transitions incl. overtones/combinations"
tetracene,1382.72,0.37632,282,"PAHdb Anharmonic v1.00 (Module 02 out/anharmonic_1.00/bands.csv.gz), all transitions incl. overtones/combinations"
tetracene,1382.98,0.0,282,"PAHdb Anharmonic v1.00 (Module 02 out/anharmonic_1.00/bands.csv.gz), all transitions incl. overtones/combinations"
tetracene,1384.76,0.0,282,"PAHdb Anharmonic v1.00 (Module 02 out/anharmonic_1.00/bands.csv.gz), all transitions incl. overtones/combinations"
tetracene,1385.86,0.0548046,282,"PAHdb Anharmonic v1.00 (Module 02 out/anharmonic_1.00/bands.csv.gz), all transitions incl. overtones/combinations"
tetracene,1387.14,1.58043,282,"PAHdb Anharmonic v1.00 (Module 02 out/anharmonic_1.00/bands.csv.gz), all transitions incl. overtones/combinations"
tetracene,1387.27,0.0,282,"PAHdb Anharmonic v1.00 (Module 02 out/anharmonic_1.00/bands.csv.gz), all transitions incl. overtones/combinations"
tetracene,1387.62,0.00190807,282,"PAHdb Anharmonic v1.00 (Module 02 out/anharmonic_1.00/bands.csv.gz), all transitions incl. overtones/combinations"
tetracene,1387.73,0.145151,282,"PAHdb Anharmonic v1.00 (Module 02 out/anharmonic_1.00/bands.csv.gz), all transitions incl. overtones/combinations"
tetracene,1389.39,0.0,282,"PAHdb Anharmonic v1.00 (Module 02 out/anharmonic_1.00/bands.csv.gz), all transitions incl. overtones/combinations"
tetracene,1389.78,0.0,282,"PAHdb Anharmonic v1.00 (Module 02 out/anharmonic_1.00/bands.csv.gz), all transitions incl. overtones/combinations"
tetracene,1391.17,0.0,282,"PAHdb Anharmonic v1.00 (Module 02 out/anharmonic_1.00/bands.csv.gz), all transitions incl. overtones/combinations"
tetracene,1391.19,0.0,282,"PAHdb Anharmonic v1.00 (Module 02 out/anharmonic_1.00/bands.csv.gz), all transitions incl. overtones/combinations"
tetracene,1392.31,0.0,282,"PAHdb Anharmonic v1.00 (Module 02 out/anharmonic_1.00/bands.csv.gz), all transitions incl. overtones/combinations"
tetracene,1392.78,0.0102681,282,"PAHdb Anharmonic v1.00 (Module 02 out/anharmonic_1.00/bands.csv.gz), all transitions incl. overtones/combinations"
tetracene,1393.41,0.0,282,"PAHdb Anharmonic v1.00 (Module 02 out/anharmonic_1.00/bands.csv.gz), all transitions incl. overtones/combinations"
tetracene,1395.68,0.0,282,"PAHdb Anharmonic v1.00 (Module 02 out/anharmonic_1.00/bands.csv.gz), all transitions incl. overtones/combinations"
tetracene,1395.82,0.0,282,"PAHdb Anharmonic v1.00 (Module 02 out/anharmonic_1.00/bands.csv.gz), all transitions incl. overtones/combinations"
tetracene,1396.2,0.0,282,"PAHdb Anharmonic v1.00 (Module 02 out/anharmonic_1.00/bands.csv.gz), all transitions incl. overtones/combinations"
tetracene,1396.85,0.0,282,"PAHdb Anharmonic v1.00 (Module 02 out/anharmonic_1.00/bands.csv.gz), all transitions incl. overtones/combinations"
tetracene,1397.4,0.0,282,"PAHdb Anharmonic v1.00 (Module 02 out/anharmonic_1.00/bands.csv.gz), all transitions incl. overtones/combinations"
tetracene,1397.63,0.0,282,"PAHdb Anharmonic v1.00 (Module 02 out/anharmonic_1.00/bands.csv.gz), all transitions incl. overtones/combinations"
tetracene,1397.81,1e-08,282,"PAHdb Anharmonic v1.00 (Module 02 out/anharmonic_1.00/bands.csv.gz), all transitions incl. overtones/combinations"
tetracene,1398.59,0.0,282,"PAHdb Anharmonic v1.00 (Module 02 out/anharmonic_1.00/bands.csv.gz), all transitions incl. overtones/combinations"
tetracene,1399.19,0.0,282,"PAHdb Anharmonic v1.00 (Module 02 out/anharmonic_1.00/bands.csv.gz), all transitions incl. overtones/combinations"
tetracene,1399.92,0.0,282,"PAHdb Anharmonic v1.00 (Module 02 out/anharmonic_1.00/bands.csv.gz), all transitions incl. overtones/combinations"
tetracene,1401.59,0.0,282,"PAHdb Anharmonic v1.00 (Module 02 out/anharmonic_1.00/bands.csv.gz), all transitions incl. overtones/combinations"
tetracene,1402.17,0.0,282,"PAHdb Anharmonic v1.00 (Module 02 out/anharmonic_1.00/bands.csv.gz), all transitions incl. overtones/combinations"
tetracene,1402.39,0.00039592,282,"PAHdb Anharmonic v1.00 (Module 02 out/anharmonic_1.00/bands.csv.gz), all transitions incl. overtones/combinations"
tetracene,1402.57,0.0,282,"PAHdb Anharmonic v1.00 (Module 02 out/anharmonic_1.00/bands.csv.gz), all transitions incl. overtones/combinations"
tetracene,1402.75,0.0,282,"PAHdb Anharmonic v1.00 (Module 02 out/anharmonic_1.00/bands.csv.gz), all transitions incl. overtones/combinations"
tetracene,1404.12,3.01547,282,"PAHdb Anharmonic v1.00 (Module 02 out/anharmonic_1.00/bands.csv.gz), all transitions incl. overtones/combinations"
tetracene,1405.52,1e-08,282,"PAHdb Anharmonic v1.00 (Module 02 out/anharmonic_1.00/bands.csv.gz), all transitions incl. overtones/combinations"
tetracene,1405.81,0.0138542,282,"PAHdb Anharmonic v1.00 (Module 02 out/anharmonic_1.00/bands.csv.gz), all transitions incl. overtones/combinations"
tetracene,1408.13,0.556667,282,"PAHdb Anharmonic v1.00 (Module 02 out/anharmonic_1.00/bands.csv.gz), all transitions incl. overtones/combinations"
tetracene,1410.39,0.0,282,"PAHdb Anharmonic v1.00 (Module 02 out/anharmonic_1.00/bands.csv.gz), all transitions incl. overtones/combinations"
tetracene,1411.51,0.0,282,"PAHdb Anharmonic v1.00 (Module 02 out/anharmonic_1.00/bands.csv.gz), all transitions incl. overtones/combinations"
tetracene,1411.54,0.00348217,282,"PAHdb Anharmonic v1.00 (Module 02 out/anharmonic_1.00/bands.csv.gz), all transitions incl. overtones/combinations"
tetracene,1411.67,0.0,282,"PAHdb Anharmonic v1.00 (Module 02 out/anharmonic_1.00/bands.csv.gz), all transitions incl. overtones/combinations"
tetracene,1412.46,0.00409785,282,"PAHdb Anharmonic v1.00 (Module 02 out/anharmonic_1.00/bands.csv.gz), all transitions incl. overtones/combinations"
tetracene,1413.06,0.00053052,282,"PAHdb Anharmonic v1.00 (Module 02 out/anharmonic_1.00/bands.csv.gz), all transitions incl. overtones/combinations"
tetracene,1415.78,0.672128,282,"PAHdb Anharmonic v1.00 (Module 02 out/anharmonic_1.00/bands.csv.gz), all transitions incl. overtones/combinations"
tetracene,1416.6,0.0,282,"PAHdb Anharmonic v1.00 (Module 02 out/anharmonic_1.00/bands.csv.gz), all transitions incl. overtones/combinations"
tetracene,1418.33,0.288219,282,"PAHdb Anharmonic v1.00 (Module 02 out/anharmonic_1.00/bands.csv.gz), all transitions incl. overtones/combinations"
tetracene,1419.32,0.0,282,"PAHdb Anharmonic v1.00 (Module 02 out/anharmonic_1.00/bands.csv.gz), all transitions incl. overtones/combinations"
tetracene,1422.74,0.0,282,"PAHdb Anharmonic v1.00 (Module 02 out/anharmonic_1.00/bands.csv.gz), all transitions incl. overtones/combinations"
tetracene,1424.95,0.0,282,"PAHdb Anharmonic v1.00 (Module 02 out/anharmonic_1.00/bands.csv.gz), all transitions incl. overtones/combinations"
tetracene,1425.48,0.0,282,"PAHdb Anharmonic v1.00 (Module 02 out/anharmonic_1.00/bands.csv.gz), all transitions incl. overtones/combinations"
tetracene,1426.31,0.163185,282,"PAHdb Anharmonic v1.00 (Module 02 out/anharmonic_1.00/bands.csv.gz), all transitions incl. overtones/combinations"
tetracene,1426.64,0.0332236,282,"PAHdb Anharmonic v1.00 (Module 02 out/anharmonic_1.00/bands.csv.gz), all transitions incl. overtones/combinations"
tetracene,1427.55,0.271355,282,"PAHdb Anharmonic v1.00 (Module 02 out/anharmonic_1.00/bands.csv.gz), all transitions incl. overtones/combinations"
tetracene,1429.47,0.181604,282,"PAHdb Anharmonic v1.00 (Module 02 out/anharmonic_1.00/bands.csv.gz), all transitions incl. overtones/combinations"
tetracene,1429.9,0.0,282,"PAHdb Anharmonic v1.00 (Module 02 out/anharmonic_1.00/bands.csv.gz), all transitions incl. overtones/combinations"
tetracene,1430.63,0.292397,282,"PAHdb Anharmonic v1.00 (Module 02 out/anharmonic_1.00/bands.csv.gz), all transitions incl. overtones/combinations"
tetracene,1431.78,0.0,282,"PAHdb Anharmonic v1.00 (Module 02 out/anharmonic_1.00/bands.csv.gz), all transitions incl. overtones/combinations"
tetracene,1432.39,0.0,282,"PAHdb Anharmonic v1.00 (Module 02 out/anharmonic_1.00/bands.csv.gz), all transitions incl. overtones/combinations"
tetracene,1432.48,0.0,282,"PAHdb Anharmonic v1.00 (Module 02 out/anharmonic_1.00/bands.csv.gz), all transitions incl. overtones/combinations"
tetracene,1433.28,0.0,282,"PAHdb Anharmonic v1.00 (Module 02 out/anharmonic_1.00/bands.csv.gz), all transitions incl. overtones/combinations"
tetracene,1433.31,0.0,282,"PAHdb Anharmonic v1.00 (Module 02 out/anharmonic_1.00/bands.csv.gz), all transitions incl. overtones/combinations"
tetracene,1433.49,0.00882287,282,"PAHdb Anharmonic v1.00 (Module 02 out/anharmonic_1.00/bands.csv.gz), all transitions incl. overtones/combinations"
tetracene,1434.16,0.00023859,282,"PAHdb Anharmonic v1.00 (Module 02 out/anharmonic_1.00/bands.csv.gz), all transitions incl. overtones/combinations"
tetracene,1434.57,0.0,282,"PAHdb Anharmonic v1.00 (Module 02 out/anharmonic_1.00/bands.csv.gz), all transitions incl. overtones/combinations"
tetracene,1434.59,0.00988381,282,"PAHdb Anharmonic v1.00 (Module 02 out/anharmonic_1.00/bands.csv.gz), all transitions incl. overtones/combinations"
tetracene,1434.91,0.0,282,"PAHdb Anharmonic v1.00 (Module 02 out/anharmonic_1.00/bands.csv.gz), all transitions incl. overtones/combinations"
tetracene,1435.28,0.00101874,282,"PAHdb Anharmonic v1.00 (Module 02 out/anharmonic_1.00/bands.csv.gz), all transitions incl. overtones/combinations"
tetracene,1435.58,0.00295751,282,"PAHdb Anharmonic v1.00 (Module 02 out/anharmonic_1.00/bands.csv.gz), all transitions incl. overtones/combinations"
tetracene,1435.6,0.0,282,"PAHdb Anharmonic v1.00 (Module 02 out/anharmonic_1.00/bands.csv.gz), all transitions incl. overtones/combinations"
tetracene,1435.86,0.0,282,"PAHdb Anharmonic v1.00 (Module 02 out/anharmonic_1.00/bands.csv.gz), all transitions incl. overtones/combinations"
tetracene,1437.39,0.0,282,"PAHdb Anharmonic v1.00 (Module 02 out/anharmonic_1.00/bands.csv.gz), all transitions incl. overtones/combinations"
tetracene,1437.44,0.0390714,282,"PAHdb Anharmonic v1.00 (Module 02 out/anharmonic_1.00/bands.csv.gz), all transitions incl. overtones/combinations"
tetracene,1438.93,0.0232609,282,"PAHdb Anharmonic v1.00 (Module 02 out/anharmonic_1.00/bands.csv.gz), all transitions incl. overtones/combinations"
tetracene,1440.07,0.0,282,"PAHdb Anharmonic v1.00 (Module 02 out/anharmonic_1.00/bands.csv.gz), all transitions incl. overtones/combinations"
tetracene,1441.71,0.047051,282,"PAHdb Anharmonic v1.00 (Module 02 out/anharmonic_1.00/bands.csv.gz), all transitions incl. overtones/combinations"
tetracene,1442.59,0.0,282,"PAHdb Anharmonic v1.00 (Module 02 out/anharmonic_1.00/bands.csv.gz), all transitions incl. overtones/combinations"
tetracene,1442.83,0.00413101,282,"PAHdb Anharmonic v1.00 (Module 02 out/anharmonic_1.00/bands.csv.gz), all transitions incl. overtones/combinations"
tetracene,1444.05,0.0,282,"PAHdb Anharmonic v1.00 (Module 02 out/anharmonic_1.00/bands.csv.gz), all transitions incl. overtones/combinations"
tetracene,1444.18,0.000319,282,"PAHdb Anharmonic v1.00 (Module 02 out/anharmonic_1.00/bands.csv.gz), all transitions incl. overtones/combinations"
tetracene,1444.36,0.00954211,282,"PAHdb Anharmonic v1.00 (Module 02 out/anharmonic_1.00/bands.csv.gz), all transitions incl. overtones/combinations"
tetracene,1445.79,0.00291819,282,"PAHdb Anharmonic v1.00 (Module 02 out/anharmonic_1.00/bands.csv.gz), all transitions incl. overtones/combinations"
tetracene,1446.1,0.0,282,"PAHdb Anharmonic v1.00 (Module 02 out/anharmonic_1.00/bands.csv.gz), all transitions incl. overtones/combinations"
tetracene,1446.99,0.0,282,"PAHdb Anharmonic v1.00 (Module 02 out/anharmonic_1.00/bands.csv.gz), all transitions incl. overtones/combinations"
tetracene,1447.81,0.0676239,282,"PAHdb Anharmonic v1.00 (Module 02 out/anharmonic_1.00/bands.csv.gz), all transitions incl. overtones/combinations"
tetracene,1447.84,7.076e-05,282,"PAHdb Anharmonic v1.00 (Module 02 out/anharmonic_1.00/bands.csv.gz), all transitions incl. overtones/combinations"
tetracene,1449.05,0.0,282,"PAHdb Anharmonic v1.00 (Module 02 out/anharmonic_1.00/bands.csv.gz), all transitions incl. overtones/combinations"
tetracene,1449.19,0.0,282,"PAHdb Anharmonic v1.00 (Module 02 out/anharmonic_1.00/bands.csv.gz), all transitions incl. overtones/combinations"
tetracene,1449.45,0.0,282,"PAHdb Anharmonic v1.00 (Module 02 out/anharmonic_1.00/bands.csv.gz), all transitions incl. overtones/combinations"
tetracene,1449.65,0.0,282,"PAHdb Anharmonic v1.00 (Module 02 out/anharmonic_1.00/bands.csv.gz), all transitions incl. overtones/combinations"
tetracene,1450.7,0.0,282,"PAHdb Anharmonic v1.00 (Module 02 out/anharmonic_1.00/bands.csv.gz), all transitions incl. overtones/combinations"
tetracene,1450.82,1e-08,282,"PAHdb Anharmonic v1.00 (Module 02 out/anharmonic_1.00/bands.csv.gz), all transitions incl. overtones/combinations"
tetracene,1450.83,0.00325349,282,"PAHdb Anharmonic v1.00 (Module 02 out/anharmonic_1.00/bands.csv.gz), all transitions incl. overtones/combinations"
tetracene,1451.2,0.0,282,"PAHdb Anharmonic v1.00 (Module 02 out/anharmonic_1.00/bands.csv.gz), all transitions incl. overtones/combinations"
tetracene,1451.37,0.0,282,"PAHdb Anharmonic v1.00 (Module 02 out/anharmonic_1.00/bands.csv.gz), all transitions incl. overtones/combinations"
tetracene,1451.4,0.0,282,"PAHdb Anharmonic v1.00 (Module 02 out/anharmonic_1.00/bands.csv.gz), all transitions incl. overtones/combinations"
tetracene,1452.35,0.0,282,"PAHdb Anharmonic v1.00 (Module 02 out/anharmonic_1.00/bands.csv.gz), all transitions incl. overtones/combinations"
tetracene,1452.72,0.0251001,282,"PAHdb Anharmonic v1.00 (Module 02 out/anharmonic_1.00/bands.csv.gz), all transitions incl. overtones/combinations"
tetracene,1454.43,0.0,282,"PAHdb Anharmonic v1.00 (Module 02 out/anharmonic_1.00/bands.csv.gz), all transitions incl. overtones/combinations"
tetracene,1454.61,0.0,282,"PAHdb Anharmonic v1.00 (Module 02 out/anharmonic_1.00/bands.csv.gz), all transitions incl. overtones/combinations"
tetracene,1455.83,0.0,282,"PAHdb Anharmonic v1.00 (Module 02 out/anharmonic_1.00/bands.csv.gz), all transitions incl. overtones/combinations"
tetracene,1457.16,0.0,282,"PAHdb Anharmonic v1.00 (Module 02 out/anharmonic_1.00/bands.csv.gz), all transitions incl. overtones/combinations"
tetracene,1458.17,0.00570999,282,"PAHdb Anharmonic v1.00 (Module 02 out/anharmonic_1.00/bands.csv.gz), all transitions incl. overtones/combinations"
tetracene,1459.22,0.0,282,"PAHdb Anharmonic v1.00 (Module 02 out/anharmonic_1.00/bands.csv.gz), all transitions incl. overtones/combinations"
tetracene,1459.76,0.0,282,"PAHdb Anharmonic v1.00 (Module 02 out/anharmonic_1.00/bands.csv.gz), all transitions incl. overtones/combinations"
tetracene,1460.56,0.181259,282,"PAHdb Anharmonic v1.00 (Module 02 out/anharmonic_1.00/bands.csv.gz), all transitions incl. overtones/combinations"
tetracene,1460.61,0.0,282,"PAHdb Anharmonic v1.00 (Module 02 out/anharmonic_1.00/bands.csv.gz), all transitions incl. overtones/combinations"
tetracene,1460.76,0.00463139,282,"PAHdb Anharmonic v1.00 (Module 02 out/anharmonic_1.00/bands.csv.gz), all transitions incl. overtones/combinations"
tetracene,1461.96,0.675073,282,"PAHdb Anharmonic v1.00 (Module 02 out/anharmonic_1.00/bands.csv.gz), all transitions incl. overtones/combinations"
tetracene,1462.23,0.0,282,"PAHdb Anharmonic v1.00 (Module 02 out/anharmonic_1.00/bands.csv.gz), all transitions incl. overtones/combinations"
tetracene,1463.49,2.2e-07,282,"PAHdb Anharmonic v1.00 (Module 02 out/anharmonic_1.00/bands.csv.gz), all transitions incl. overtones/combinations"
tetracene,1464.48,0.0934498,282,"PAHdb Anharmonic v1.00 (Module 02 out/anharmonic_1.00/bands.csv.gz), all transitions incl. overtones/combinations"
tetracene,1465.14,0.0,282,"PAHdb Anharmonic v1.00 (Module 02 out/anharmonic_1.00/bands.csv.gz), all transitions incl. overtones/combinations"
tetracene,1465.52,7.29e-06,282,"PAHdb Anharmonic v1.00 (Module 02 out/anharmonic_1.00/bands.csv.gz), all transitions incl. overtones/combinations"
tetracene,1467.15,0.0,282,"PAHdb Anharmonic v1.00 (Module 02 out/anharmonic_1.00/bands.csv.gz), all transitions incl. overtones/combinations"
tetracene,1467.48,0.0,282,"PAHdb Anharmonic v1.00 (Module 02 out/anharmonic_1.00/bands.csv.gz), all transitions incl. overtones/combinations"
tetracene,1467.61,0.0,282,"PAHdb Anharmonic v1.00 (Module 02 out/anharmonic_1.00/bands.csv.gz), all transitions incl. overtones/combinations"
tetracene,1468.46,0.0289094,282,"PAHdb Anharmonic v1.00 (Module 02 out/anharmonic_1.00/bands.csv.gz), all transitions incl. overtones/combinations"
tetracene,1469.02,0.0,282,"PAHdb Anharmonic v1.00 (Module 02 out/anharmonic_1.00/bands.csv.gz), all transitions incl. overtones/combinations"
tetracene,1469.68,0.0,282,"PAHdb Anharmonic v1.00 (Module 02 out/anharmonic_1.00/bands.csv.gz), all transitions incl. overtones/combinations"
tetracene,1469.81,0.0,282,"PAHdb Anharmonic v1.00 (Module 02 out/anharmonic_1.00/bands.csv.gz), all transitions incl. overtones/combinations"
tetracene,1470.09,0.00041915,282,"PAHdb Anharmonic v1.00 (Module 02 out/anharmonic_1.00/bands.csv.gz), all transitions incl. overtones/combinations"
tetracene,1471.27,1e-08,282,"PAHdb Anharmonic v1.00 (Module 02 out/anharmonic_1.00/bands.csv.gz), all transitions incl. overtones/combinations"
tetracene,1471.47,0.00866979,282,"PAHdb Anharmonic v1.00 (Module 02 out/anharmonic_1.00/bands.csv.gz), all transitions incl. overtones/combinations"
tetracene,1471.49,1.21996,282,"PAHdb Anharmonic v1.00 (Module 02 out/anharmonic_1.00/bands.csv.gz), all transitions incl. overtones/combinations"
tetracene,1472.05,0.0,282,"PAHdb Anharmonic v1.00 (Module 02 out/anharmonic_1.00/bands.csv.gz), all transitions incl. overtones/combinations"
tetracene,1472.35,0.0,282,"PAHdb Anharmonic v1.00 (Module 02 out/anharmonic_1.00/bands.csv.gz), all transitions incl. overtones/combinations"
tetracene,1472.7,0.00462008,282,"PAHdb Anharmonic v1.00 (Module 02 out/anharmonic_1.00/bands.csv.gz), all transitions incl. overtones/combinations"
tetracene,1474.12,0.0,282,"PAHdb Anharmonic v1.00 (Module 02 out/anharmonic_1.00/bands.csv.gz), all transitions incl. overtones/combinations"
tetracene,1475.42,0.00012351,282,"PAHdb Anharmonic v1.00 (Module 02 out/anharmonic_1.00/bands.csv.gz), all transitions incl. overtones/combinations"
tetracene,1475.46,0.0,282,"PAHdb Anharmonic v1.00 (Module 02 out/anharmonic_1.00/bands.csv.gz), all transitions incl. overtones/combinations"
tetracene,1476.18,0.00011583,282,"PAHdb Anharmonic v1.00 (Module 02 out/anharmonic_1.00/bands.csv.gz), all transitions incl. overtones/combinations"
tetracene,1476.18,0.0,282,"PAHdb Anharmonic v1.00 (Module 02 out/anharmonic_1.00/bands.csv.gz), all transitions incl. overtones/combinations"
tetracene,1476.66,0.0,282,"PAHdb Anharmonic v1.00 (Module 02 out/anharmonic_1.00/bands.csv.gz), all transitions incl. overtones/combinations"
tetracene,1477.08,0.0,282,"PAHdb Anharmonic v1.00 (Module 02 out/anharmonic_1.00/bands.csv.gz), all transitions incl. overtones/combinations"
tetracene,1478.31,4.447e-05,282,"PAHdb Anharmonic v1.00 (Module 02 out/anharmonic_1.00/bands.csv.gz), all transitions incl. overtones/combinations"
tetracene,1478.69,0.0214097,282,"PAHdb Anharmonic v1.00 (Module 02 out/anharmonic_1.00/bands.csv.gz), all transitions incl. overtones/combinations"
tetracene,1479.59,0.0,282,"PAHdb Anharmonic v1.00 (Module 02 out/anharmonic_1.00/bands.csv.gz), all transitions incl. overtones/combinations"
tetracene,1479.84,0.0,282,"PAHdb Anharmonic v1.00 (Module 02 out/anharmonic_1.00/bands.csv.gz), all transitions incl. overtones/combinations"
tetracene,1479.87,0.0,282,"PAHdb Anharmonic v1.00 (Module 02 out/anharmonic_1.00/bands.csv.gz), all transitions incl. overtones/combinations"
tetracene,1480.32,0.0,282,"PAHdb Anharmonic v1.00 (Module 02 out/anharmonic_1.00/bands.csv.gz), all transitions incl. overtones/combinations"
tetracene,1480.39,0.0,282,"PAHdb Anharmonic v1.00 (Module 02 out/anharmonic_1.00/bands.csv.gz), all transitions incl. overtones/combinations"
tetracene,1481.19,0.00051208,282,"PAHdb Anharmonic v1.00 (Module 02 out/anharmonic_1.00/bands.csv.gz), all transitions incl. overtones/combinations"
tetracene,1482.0,0.00137225,282,"PAHdb Anharmonic v1.00 (Module 02 out/anharmonic_1.00/bands.csv.gz), all transitions incl. overtones/combinations"
tetracene,1482.45,0.0,282,"PAHdb Anharmonic v1.00 (Module 02 out/anharmonic_1.00/bands.csv.gz), all transitions incl. overtones/combinations"
tetracene,1483.14,0.0,282,"PAHdb Anharmonic v1.00 (Module 02 out/anharmonic_1.00/bands.csv.gz), all transitions incl. overtones/combinations"
tetracene,1483.39,0.524879,282,"PAHdb Anharmonic v1.00 (Module 02 out/anharmonic_1.00/bands.csv.gz), all transitions incl. overtones/combinations"
tetracene,1483.98,0.0,282,"PAHdb Anharmonic v1.00 (Module 02 out/anharmonic_1.00/bands.csv.gz), all transitions incl. overtones/combinations"
tetracene,1485.42,0.0,282,"PAHdb Anharmonic v1.00 (Module 02 out/anharmonic_1.00/bands.csv.gz), all transitions incl. overtones/combinations"
tetracene,1485.96,0.0,282,"PAHdb Anharmonic v1.00 (Module 02 out/anharmonic_1.00/bands.csv.gz), all transitions incl. overtones/combinations"
tetracene,1485.99,0.0362976,282,"PAHdb Anharmonic v1.00 (Module 02 out/anharmonic_1.00/bands.csv.gz), all transitions incl. overtones/combinations"
tetracene,1486.51,0.0,282,"PAHdb Anharmonic v1.00 (Module 02 out/anharmonic_1.00/bands.csv.gz), all transitions incl. overtones/combinations"
tetracene,1486.52,0.0,282,"PAHdb Anharmonic v1.00 (Module 02 out/anharmonic_1.00/bands.csv.gz), all transitions incl. overtones/combinations"
tetracene,1487.98,0.0,282,"PAHdb Anharmonic v1.00 (Module 02 out/anharmonic_1.00/bands.csv.gz), all transitions incl. overtones/combinations"
tetracene,1488.16,0.00078956,282,"PAHdb Anharmonic v1.00 (Module 02 out/anharmonic_1.00/bands.csv.gz), all transitions incl. overtones/combinations"
tetracene,1489.69,0.050741,282,"PAHdb Anharmonic v1.00 (Module 02 out/anharmonic_1.00/bands.csv.gz), all transitions incl. overtones/combinations"
tetracene,1491.16,0.0,282,"PAHdb Anharmonic v1.00 (Module 02 out/anharmonic_1.00/bands.csv.gz), all transitions incl. overtones/combinations"
tetracene,1492.13,0.0,282,"PAHdb Anharmonic v1.00 (Module 02 out/anharmonic_1.00/bands.csv.gz), all transitions incl. overtones/combinations"
tetracene,1492.69,0.0,282,"PAHdb Anharmonic v1.00 (Module 02 out/anharmonic_1.00/bands.csv.gz), all transitions incl. overtones/combinations"
tetracene,1494.43,0.0,282,"PAHdb Anharmonic v1.00 (Module 02 out/anharmonic_1.00/bands.csv.gz), all transitions incl. overtones/combinations"
tetracene,1494.55,0.0036227,282,"PAHdb Anharmonic v1.00 (Module 02 out/anharmonic_1.00/bands.csv.gz), all transitions incl. overtones/combinations"
tetracene,1494.68,0.0,282,"PAHdb Anharmonic v1.00 (Module 02 out/anharmonic_1.00/bands.csv.gz), all transitions incl. overtones/combinations"
tetracene,1495.29,0.00017258,282,"PAHdb Anharmonic v1.00 (Module 02 out/anharmonic_1.00/bands.csv.gz), all transitions incl. overtones/combinations"
tetracene,1497.01,0.0,282,"PAHdb Anharmonic v1.00 (Module 02 out/anharmonic_1.00/bands.csv.gz), all transitions incl. overtones/combinations"
tetracene,1498.02,0.180115,282,"PAHdb Anharmonic v1.00 (Module 02 out/anharmonic_1.00/bands.csv.gz), all transitions incl. overtones/combinations"
tetracene,1498.37,0.0,282,"PAHdb Anharmonic v1.00 (Module 02 out/anharmonic_1.00/bands.csv.gz), all transitions incl. overtones/combinations"
tetracene,1498.42,0.00128867,282,"PAHdb Anharmonic v1.00 (Module 02 out/anharmonic_1.00/bands.csv.gz), all transitions incl. overtones/combinations"
tetracene,1499.65,0.0,282,"PAHdb Anharmonic v1.00 (Module 02 out/anharmonic_1.00/bands.csv.gz), all transitions incl. overtones/combinations"
tetracene,1499.91,0.00150641,282,"PAHdb Anharmonic v1.00 (Module 02 out/anharmonic_1.00/bands.csv.gz), all transitions incl. overtones/combinations"
tetracene,1499.95,1.8e-07,282,"PAHdb Anharmonic v1.00 (Module 02 out/anharmonic_1.00/bands.csv.gz), all transitions incl. overtones/combinations"
tetracene,1499.99,0.0,282,"PAHdb Anharmonic v1.00 (Module 02 out/anharmonic_1.00/bands.csv.gz), all transitions incl. overtones/combinations"
tetracene,1500.49,0.590598,282,"PAHdb Anharmonic v1.00 (Module 02 out/anharmonic_1.00/bands.csv.gz), all transitions incl. overtones/combinations"
tetracene,1501.34,3.1e-07,282,"PAHdb Anharmonic v1.00 (Module 02 out/anharmonic_1.00/bands.csv.gz), all transitions incl. overtones/combinations"
tetracene,1502.26,0.0,282,"PAHdb Anharmonic v1.00 (Module 02 out/anharmonic_1.00/bands.csv.gz), all transitions incl. overtones/combinations"
tetracene,1502.71,0.0,282,"PAHdb Anharmonic v1.00 (Module 02 out/anharmonic_1.00/bands.csv.gz), all transitions incl. overtones/combinations"
tetracene,1503.04,0.00042505,282,"PAHdb Anharmonic v1.00 (Module 02 out/anharmonic_1.00/bands.csv.gz), all transitions incl. overtones/combinations"
tetracene,1503.71,0.0,282,"PAHdb Anharmonic v1.00 (Module 02 out/anharmonic_1.00/bands.csv.gz), all transitions incl. overtones/combinations"
tetracene,1504.33,0.0393175,282,"PAHdb Anharmonic v1.00 (Module 02 out/anharmonic_1.00/bands.csv.gz), all transitions incl. overtones/combinations"
tetracene,1504.35,0.0186207,282,"PAHdb Anharmonic v1.00 (Module 02 out/anharmonic_1.00/bands.csv.gz), all transitions incl. overtones/combinations"
tetracene,1504.78,0.0110329,282,"PAHdb Anharmonic v1.00 (Module 02 out/anharmonic_1.00/bands.csv.gz), all transitions incl. overtones/combinations"
tetracene,1505.0,0.0617262,282,"PAHdb Anharmonic v1.00 (Module 02 out/anharmonic_1.00/bands.csv.gz), all transitions incl. overtones/combinations"
tetracene,1505.95,0.0,282,"PAHdb Anharmonic v1.00 (Module 02 out/anharmonic_1.00/bands.csv.gz), all transitions incl. overtones/combinations"
tetracene,1506.45,0.0,282,"PAHdb Anharmonic v1.00 (Module 02 out/anharmonic_1.00/bands.csv.gz), all transitions incl. overtones/combinations"
tetracene,1506.61,0.0,282,"PAHdb Anharmonic v1.00 (Module 02 out/anharmonic_1.00/bands.csv.gz), all transitions incl. overtones/combinations"
tetracene,1506.67,0.0,282,"PAHdb Anharmonic v1.00 (Module 02 out/anharmonic_1.00/bands.csv.gz), all transitions incl. overtones/combinations"
tetracene,1506.72,0.0,282,"PAHdb Anharmonic v1.00 (Module 02 out/anharmonic_1.00/bands.csv.gz), all transitions incl. overtones/combinations"
tetracene,1507.46,0.00826965,282,"PAHdb Anharmonic v1.00 (Module 02 out/anharmonic_1.00/bands.csv.gz), all transitions incl. overtones/combinations"
tetracene,1507.59,0.0,282,"PAHdb Anharmonic v1.00 (Module 02 out/anharmonic_1.00/bands.csv.gz), all transitions incl. overtones/combinations"
tetracene,1507.98,0.0,282,"PAHdb Anharmonic v1.00 (Module 02 out/anharmonic_1.00/bands.csv.gz), all transitions incl. overtones/combinations"
tetracene,1508.01,0.00018597,282,"PAHdb Anharmonic v1.00 (Module 02 out/anharmonic_1.00/bands.csv.gz), all transitions incl. overtones/combinations"
tetracene,1508.24,0.0,282,"PAHdb Anharmonic v1.00 (Module 02 out/anharmonic_1.00/bands.csv.gz), all transitions incl. overtones/combinations"
tetracene,1509.24,6e-08,282,"PAHdb Anharmonic v1.00 (Module 02 out/anharmonic_1.00/bands.csv.gz), all transitions incl. overtones/combinations"
tetracene,1509.55,0.0,282,"PAHdb Anharmonic v1.00 (Module 02 out/anharmonic_1.00/bands.csv.gz), all transitions incl. overtones/combinations"
tetracene,1512.4,0.0988259,282,"PAHdb Anharmonic v1.00 (Module 02 out/anharmonic_1.00/bands.csv.gz), all transitions incl. overtones/combinations"
tetracene,1513.4,0.0,282,"PAHdb Anharmonic v1.00 (Module 02 out/anharmonic_1.00/bands.csv.gz), all transitions incl. overtones/combinations"
tetracene,1514.21,0.0,282,"PAHdb Anharmonic v1.00 (Module 02 out/anharmonic_1.00/bands.csv.gz), all transitions incl. overtones/combinations"
tetracene,1514.62,0.0,282,"PAHdb Anharmonic v1.00 (Module 02 out/anharmonic_1.00/bands.csv.gz), all transitions incl. overtones/combinations"
tetracene,1515.54,0.0,282,"PAHdb Anharmonic v1.00 (Module 02 out/anharmonic_1.00/bands.csv.gz), all transitions incl. overtones/combinations"
tetracene,1516.05,0.138834,282,"PAHdb Anharmonic v1.00 (Module 02 out/anharmonic_1.00/bands.csv.gz), all transitions incl. overtones/combinations"
tetracene,1516.15,0.0,282,"PAHdb Anharmonic v1.00 (Module 02 out/anharmonic_1.00/bands.csv.gz), all transitions incl. overtones/combinations"
tetracene,1518.1,0.0,282,"PAHdb Anharmonic v1.00 (Module 02 out/anharmonic_1.00/bands.csv.gz), all transitions incl. overtones/combinations"
tetracene,1518.27,0.00887056,282,"PAHdb Anharmonic v1.00 (Module 02 out/anharmonic_1.00/bands.csv.gz), all transitions incl. overtones/combinations"
tetracene,1519.4,0.0,282,"PAHdb Anharmonic v1.00 (Module 02 out/anharmonic_1.00/bands.csv.gz), all transitions incl. overtones/combinations"
tetracene,1519.42,0.0,282,"PAHdb Anharmonic v1.00 (Module 02 out/anharmonic_1.00/bands.csv.gz), all transitions incl. overtones/combinations"
tetracene,1520.05,0.0,282,"PAHdb Anharmonic v1.00 (Module 02 out/anharmonic_1.00/bands.csv.gz), all transitions incl. overtones/combinations"
tetracene,1520.83,0.0,282,"PAHdb Anharmonic v1.00 (Module 02 out/anharmonic_1.00/bands.csv.gz), all transitions incl. overtones/combinations"
tetracene,1523.76,0.0,282,"PAHdb Anharmonic v1.00 (Module 02 out/anharmonic_1.00/bands.csv.gz), all transitions incl. overtones/combinations"
tetracene,1523.89,0.0,282,"PAHdb Anharmonic v1.00 (Module 02 out/anharmonic_1.00/bands.csv.gz), all transitions incl. overtones/combinations"
tetracene,1524.1,0.0,282,"PAHdb Anharmonic v1.00 (Module 02 out/anharmonic_1.00/bands.csv.gz), all transitions incl. overtones/combinations"
tetracene,1524.51,0.00047671,282,"PAHdb Anharmonic v1.00 (Module 02 out/anharmonic_1.00/bands.csv.gz), all transitions incl. overtones/combinations"
tetracene,1524.95,0.0422816,282,"PAHdb Anharmonic v1.00 (Module 02 out/anharmonic_1.00/bands.csv.gz), all transitions incl. overtones/combinations"
tetracene,1525.78,5.541e-05,282,"PAHdb Anharmonic v1.00 (Module 02 out/anharmonic_1.00/bands.csv.gz), all transitions incl. overtones/combinations"
tetracene,1528.07,0.0,282,"PAHdb Anharmonic v1.00 (Module 02 out/anharmonic_1.00/bands.csv.gz), all transitions incl. overtones/combinations"
tetracene,1528.83,0.0,282,"PAHdb Anharmonic v1.00 (Module 02 out/anharmonic_1.00/bands.csv.gz), all transitions incl. overtones/combinations"
tetracene,1528.9,0.0,282,"PAHdb Anharmonic v1.00 (Module 02 out/anharmonic_1.00/bands.csv.gz), all transitions incl. overtones/combinations"
tetracene,1530.6,0.0104702,282,"PAHdb Anharmonic v1.00 (Module 02 out/anharmonic_1.00/bands.csv.gz), all transitions incl. overtones/combinations"
tetracene,1531.02,0.0,282,"PAHdb Anharmonic v1.00 (Module 02 out/anharmonic_1.00/bands.csv.gz), all transitions incl. overtones/combinations"
tetracene,1532.22,1.856e-05,282,"PAHdb Anharmonic v1.00 (Module 02 out/anharmonic_1.00/bands.csv.gz), all transitions incl. overtones/combinations"
tetracene,1534.07,0.0,282,"PAHdb Anharmonic v1.00 (Module 02 out/anharmonic_1.00/bands.csv.gz), all transitions incl. overtones/combinations"
tetracene,1534.33,0.0,282,"PAHdb Anharmonic v1.00 (Module 02 out/anharmonic_1.00/bands.csv.gz), all transitions incl. overtones/combinations"
tetracene,1534.63,0.0,282,"PAHdb Anharmonic v1.00 (Module 02 out/anharmonic_1.00/bands.csv.gz), all transitions incl. overtones/combinations"
tetracene,1534.71,0.0,282,"PAHdb Anharmonic v1.00 (Module 02 out/anharmonic_1.00/bands.csv.gz), all transitions incl. overtones/combinations"
tetracene,1535.84,0.0,282,"PAHdb Anharmonic v1.00 (Module 02 out/anharmonic_1.00/bands.csv.gz), all transitions incl. overtones/combinations"
tetracene,1538.17,0.0,282,"PAHdb Anharmonic v1.00 (Module 02 out/anharmonic_1.00/bands.csv.gz), all transitions incl. overtones/combinations"
tetracene,1539.32,0.0,282,"PAHdb Anharmonic v1.00 (Module 02 out/anharmonic_1.00/bands.csv.gz), all transitions incl. overtones/combinations"
tetracene,1539.4,0.418603,282,"PAHdb Anharmonic v1.00 (Module 02 out/anharmonic_1.00/bands.csv.gz), all transitions incl. overtones/combinations"
tetracene,1542.58,0.0719777,282,"PAHdb Anharmonic v1.00 (Module 02 out/anharmonic_1.00/bands.csv.gz), all transitions incl. overtones/combinations"
tetracene,1542.6,0.0,282,"PAHdb Anharmonic v1.00 (Module 02 out/anharmonic_1.00/bands.csv.gz), all transitions incl. overtones/combinations"
tetracene,1542.98,0.0,282,"PAHdb Anharmonic v1.00 (Module 02 out/anharmonic_1.00/bands.csv.gz), all transitions incl. overtones/combinations"
tetracene,1544.23,0.0,282,"PAHdb Anharmonic v1.00 (Module 02 out/anharmonic_1.00/bands.csv.gz), all transitions incl. overtones/combinations"
tetracene,1545.43,1.40643,282,"PAHdb Anharmonic v1.00 (Module 02 out/anharmonic_1.00/bands.csv.gz), all transitions incl. overtones/combinations"
tetracene,1545.48,0.00214013,282,"PAHdb Anharmonic v1.00 (Module 02 out/anharmonic_1.00/bands.csv.gz), all transitions incl. overtones/combinations"
tetracene,1547.04,0.0,282,"PAHdb Anharmonic v1.00 (Module 02 out/anharmonic_1.00/bands.csv.gz), all transitions incl. overtones/combinations"
tetracene,1549.19,0.0,282,"PAHdb Anharmonic v1.00 (Module 02 out/anharmonic_1.00/bands.csv.gz), all transitions incl. overtones/combinations"
tetracene,1550.52,0.0,282,"PAHdb Anharmonic v1.00 (Module 02 out/anharmonic_1.00/bands.csv.gz), all transitions incl. overtones/combinations"
tetracene,1551.2,4.70959,282,"PAHdb Anharmonic v1.00 (Module 02 out/anharmonic_1.00/bands.csv.gz), all transitions incl. overtones/combinations"
tetracene,1551.56,0.0,282,"PAHdb Anharmonic v1.00 (Module 02 out/anharmonic_1.00/bands.csv.gz), all transitions incl. overtones/combinations"
tetracene,1551.67,0.0,282,"PAHdb Anharmonic v1.00 (Module 02 out/anharmonic_1.00/bands.csv.gz), all transitions incl. overtones/combinations"
tetracene,1553.66,2.555e-05,282,"PAHdb Anharmonic v1.00 (Module 02 out/anharmonic_1.00/bands.csv.gz), all transitions incl. overtones/combinations"
tetracene,1553.76,0.0,282,"PAHdb Anharmonic v1.00 (Module 02 out/anharmonic_1.00/bands.csv.gz), all transitions incl. overtones/combinations"
tetracene,1554.05,0.0,282,"PAHdb Anharmonic v1.00 (Module 02 out/anharmonic_1.00/bands.csv.gz), all transitions incl. overtones/combinations"
tetracene,1554.99,0.0,282,"PAHdb Anharmonic v1.00 (Module 02 out/anharmonic_1.00/bands.csv.gz), all transitions incl. overtones/combinations"
tetracene,1555.65,0.0113291,282,"PAHdb Anharmonic v1.00 (Module 02 out/anharmonic_1.00/bands.csv.gz), all transitions incl. overtones/combinations"
tetracene,1556.2,0.00547162,282,"PAHdb Anharmonic v1.00 (Module 02 out/anharmonic_1.00/bands.csv.gz), all transitions incl. overtones/combinations"
tetracene,1558.17,0.0,282,"PAHdb Anharmonic v1.00 (Module 02 out/anharmonic_1.00/bands.csv.gz), all transitions incl. overtones/combinations"
tetracene,1559.39,0.0,282,"PAHdb Anharmonic v1.00 (Module 02 out/anharmonic_1.00/bands.csv.gz), all transitions incl. overtones/combinations"
tetracene,1560.68,0.0,282,"PAHdb Anharmonic v1.00 (Module 02 out/anharmonic_1.00/bands.csv.gz), all transitions incl. overtones/combinations"
tetracene,1561.45,0.0,282,"PAHdb Anharmonic v1.00 (Module 02 out/anharmonic_1.00/bands.csv.gz), all transitions incl. overtones/combinations"
tetracene,1562.14,0.0,282,"PAHdb Anharmonic v1.00 (Module 02 out/anharmonic_1.00/bands.csv.gz), all transitions incl. overtones/combinations"
tetracene,1562.77,0.0,282,"PAHdb Anharmonic v1.00 (Module 02 out/anharmonic_1.00/bands.csv.gz), all transitions incl. overtones/combinations"
tetracene,1563.05,0.0,282,"PAHdb Anharmonic v1.00 (Module 02 out/anharmonic_1.00/bands.csv.gz), all transitions incl. overtones/combinations"
tetracene,1563.81,0.0,282,"PAHdb Anharmonic v1.00 (Module 02 out/anharmonic_1.00/bands.csv.gz), all transitions incl. overtones/combinations"
tetracene,1565.03,0.171254,282,"PAHdb Anharmonic v1.00 (Module 02 out/anharmonic_1.00/bands.csv.gz), all transitions incl. overtones/combinations"
tetracene,1565.5,0.0,282,"PAHdb Anharmonic v1.00 (Module 02 out/anharmonic_1.00/bands.csv.gz), all transitions incl. overtones/combinations"
tetracene,1567.69,0.0,282,"PAHdb Anharmonic v1.00 (Module 02 out/anharmonic_1.00/bands.csv.gz), all transitions incl. overtones/combinations"
tetracene,1570.1,0.0,282,"PAHdb Anharmonic v1.00 (Module 02 out/anharmonic_1.00/bands.csv.gz), all transitions incl. overtones/combinations"
tetracene,1570.45,0.0,282,"PAHdb Anharmonic v1.00 (Module 02 out/anharmonic_1.00/bands.csv.gz), all transitions incl. overtones/combinations"
tetracene,1570.57,0.00072308,282,"PAHdb Anharmonic v1.00 (Module 02 out/anharmonic_1.00/bands.csv.gz), all transitions incl. overtones/combinations"
tetracene,1571.6,0.0017431,282,"PAHdb Anharmonic v1.00 (Module 02 out/anharmonic_1.00/bands.csv.gz), all transitions incl. overtones/combinations"
tetracene,1572.95,0.377268,282,"PAHdb Anharmonic v1.00 (Module 02 out/anharmonic_1.00/bands.csv.gz), all transitions incl. overtones/combinations"
tetracene,1573.14,0.0,282,"PAHdb Anharmonic v1.00 (Module 02 out/anharmonic_1.00/bands.csv.gz), all transitions incl. overtones/combinations"
tetracene,1573.48,0.0,282,"PAHdb Anharmonic v1.00 (Module 02 out/anharmonic_1.00/bands.csv.gz), all transitions incl. overtones/combinations"
tetracene,1574.15,0.0,282,"PAHdb Anharmonic v1.00 (Module 02 out/anharmonic_1.00/bands.csv.gz), all transitions incl. overtones/combinations"
tetracene,1575.45,0.00354793,282,"PAHdb Anharmonic v1.00 (Module 02 out/anharmonic_1.00/bands.csv.gz), all transitions incl. overtones/combinations"
tetracene,1575.46,0.318156,282,"PAHdb Anharmonic v1.00 (Module 02 out/anharmonic_1.00/bands.csv.gz), all transitions incl. overtones/combinations"
tetracene,1577.2,0.0,282,"PAHdb Anharmonic v1.00 (Module 02 out/anharmonic_1.00/bands.csv.gz), all transitions incl. overtones/combinations"
tetracene,1577.25,0.0,282,"PAHdb Anharmonic v1.00 (Module 02 out/anharmonic_1.00/bands.csv.gz), all transitions incl. overtones/combinations"
tetracene,1577.25,0.00061015,282,"PAHdb Anharmonic v1.00 (Module 02 out/anharmonic_1.00/bands.csv.gz), all transitions incl. overtones/combinations"
tetracene,1577.29,0.315659,282,"PAHdb Anharmonic v1.00 (Module 02 out/anharmonic_1.00/bands.csv.gz), all transitions incl. overtones/combinations"
tetracene,1577.42,1e-08,282,"PAHdb Anharmonic v1.00 (Module 02 out/anharmonic_1.00/bands.csv.gz), all transitions incl. overtones/combinations"
tetracene,1577.84,1e-08,282,"PAHdb Anharmonic v1.00 (Module 02 out/anharmonic_1.00/bands.csv.gz), all transitions incl. overtones/combinations"
tetracene,1578.1,0.0,282,"PAHdb Anharmonic v1.00 (Module 02 out/anharmonic_1.00/bands.csv.gz), all transitions incl. overtones/combinations"
tetracene,1578.73,0.0773709,282,"PAHdb Anharmonic v1.00 (Module 02 out/anharmonic_1.00/bands.csv.gz), all transitions incl. overtones/combinations"
tetracene,1579.1,0.0,282,"PAHdb Anharmonic v1.00 (Module 02 out/anharmonic_1.00/bands.csv.gz), all transitions incl. overtones/combinations"
tetracene,1579.21,0.0,282,"PAHdb Anharmonic v1.00 (Module 02 out/anharmonic_1.00/bands.csv.gz), all transitions incl. overtones/combinations"
tetracene,1579.6,0.00069539,282,"PAHdb Anharmonic v1.00 (Module 02 out/anharmonic_1.00/bands.csv.gz), all transitions incl. overtones/combinations"
tetracene,1579.98,0.0,282,"PAHdb Anharmonic v1.00 (Module 02 out/anharmonic_1.00/bands.csv.gz), all transitions incl. overtones/combinations"
tetracene,1580.12,0.713041,282,"PAHdb Anharmonic v1.00 (Module 02 out/anharmonic_1.00/bands.csv.gz), all transitions incl. overtones/combinations"
tetracene,1582.88,0.0,282,"PAHdb Anharmonic v1.00 (Module 02 out/anharmonic_1.00/bands.csv.gz), all transitions incl. overtones/combinations"
tetracene,1582.94,0.0,282,"PAHdb Anharmonic v1.00 (Module 02 out/anharmonic_1.00/bands.csv.gz), all transitions incl. overtones/combinations"
tetracene,1583.77,0.0,282,"PAHdb Anharmonic v1.00 (Module 02 out/anharmonic_1.00/bands.csv.gz), all transitions incl. overtones/combinations"
tetracene,1584.55,3.9e-07,282,"PAHdb Anharmonic v1.00 (Module 02 out/anharmonic_1.00/bands.csv.gz), all transitions incl. overtones/combinations"
tetracene,1585.19,0.460423,282,"PAHdb Anharmonic v1.00 (Module 02 out/anharmonic_1.00/bands.csv.gz), all transitions incl. overtones/combinations"
tetracene,1587.66,0.00030988,282,"PAHdb Anharmonic v1.00 (Module 02 out/anharmonic_1.00/bands.csv.gz), all transitions incl. overtones/combinations"
tetracene,1588.5,0.483285,282,"PAHdb Anharmonic v1.00 (Module 02 out/anharmonic_1.00/bands.csv.gz), all transitions incl. overtones/combinations"
tetracene,1588.54,0.0,282,"PAHdb Anharmonic v1.00 (Module 02 out/anharmonic_1.00/bands.csv.gz), all transitions incl. overtones/combinations"
tetracene,1588.76,0.0,282,"PAHdb Anharmonic v1.00 (Module 02 out/anharmonic_1.00/bands.csv.gz), all transitions incl. overtones/combinations"
tetracene,1589.21,0.0,282,"PAHdb Anharmonic v1.00 (Module 02 out/anharmonic_1.00/bands.csv.gz), all transitions incl. overtones/combinations"
tetracene,1589.62,0.0,282,"PAHdb Anharmonic v1.00 (Module 02 out/anharmonic_1.00/bands.csv.gz), all transitions incl. overtones/combinations"
tetracene,1590.77,0.432045,282,"PAHdb Anharmonic v1.00 (Module 02 out/anharmonic_1.00/bands.csv.gz), all transitions incl. overtones/combinations"
tetracene,1591.38,0.0,282,"PAHdb Anharmonic v1.00 (Module 02 out/anharmonic_1.00/bands.csv.gz), all transitions incl. overtones/combinations"
tetracene,1592.39,0.0559774,282,"PAHdb Anharmonic v1.00 (Module 02 out/anharmonic_1.00/bands.csv.gz), all transitions incl. overtones/combinations"
tetracene,1593.25,0.0198902,282,"PAHdb Anharmonic v1.00 (Module 02 out/anharmonic_1.00/bands.csv.gz), all transitions incl. overtones/combinations"
tetracene,1593.63,0.0,282,"PAHdb Anharmonic v1.00 (Module 02 out/anharmonic_1.00/bands.csv.gz), all transitions incl. overtones/combinations"
tetracene,1593.67,0.0,282,"PAHdb Anharmonic v1.00 (Module 02 out/anharmonic_1.00/bands.csv.gz), all transitions incl. overtones/combinations"
tetracene,1594.31,1e-08,282,"PAHdb Anharmonic v1.00 (Module 02 out/anharmonic_1.00/bands.csv.gz), all transitions incl. overtones/combinations"
tetracene,1594.48,0.421769,282,"PAHdb Anharmonic v1.00 (Module 02 out/anharmonic_1.00/bands.csv.gz), all transitions incl. overtones/combinations"
tetracene,1594.54,0.0,282,"PAHdb Anharmonic v1.00 (Module 02 out/anharmonic_1.00/bands.csv.gz), all transitions incl. overtones/combinations"
tetracene,1594.67,4.363e-05,282,"PAHdb Anharmonic v1.00 (Module 02 out/anharmonic_1.00/bands.csv.gz), all transitions incl. overtones/combinations"
tetracene,1595.68,0.00424209,282,"PAHdb Anharmonic v1.00 (Module 02 out/anharmonic_1.00/bands.csv.gz), all transitions incl. overtones/combinations"
tetracene,1595.77,0.0,282,"PAHdb Anharmonic v1.00 (Module 02 out/anharmonic_1.00/bands.csv.gz), all transitions incl. overtones/combinations"
tetracene,1597.33,0.020363,282,"PAHdb Anharmonic v1.00 (Module 02 out/anharmonic_1.00/bands.csv.gz), all transitions incl. overtones/combinations"
tetracene,1597.81,0.0,282,"PAHdb Anharmonic v1.00 (Module 02 out/anharmonic_1.00/bands.csv.gz), all transitions incl. overtones/combinations"
tetracene,1598.12,0.0,282,"PAHdb Anharmonic v1.00 (Module 02 out/anharmonic_1.00/bands.csv.gz), all transitions incl. overtones/combinations"
tetracene,1598.38,0.0,282,"PAHdb Anharmonic v1.00 (Module 02 out/anharmonic_1.00/bands.csv.gz), all transitions incl. overtones/combinations"
tetracene,1598.63,0.0,282,"PAHdb Anharmonic v1.00 (Module 02 out/anharmonic_1.00/bands.csv.gz), all transitions incl. overtones/combinations"
tetracene,1598.76,0.0,282,"PAHdb Anharmonic v1.00 (Module 02 out/anharmonic_1.00/bands.csv.gz), all transitions incl. overtones/combinations"
tetracene,1598.91,0.0,282,"PAHdb Anharmonic v1.00 (Module 02 out/anharmonic_1.00/bands.csv.gz), all transitions incl. overtones/combinations"
tetracene,1599.92,0.0,282,"PAHdb Anharmonic v1.00 (Module 02 out/anharmonic_1.00/bands.csv.gz), all transitions incl. overtones/combinations"
tetracene,1599.93,0.0,282,"PAHdb Anharmonic v1.00 (Module 02 out/anharmonic_1.00/bands.csv.gz), all transitions incl. overtones/combinations"
tetracene,1600.29,0.0,282,"PAHdb Anharmonic v1.00 (Module 02 out/anharmonic_1.00/bands.csv.gz), all transitions incl. overtones/combinations"
tetracene,1601.06,0.00371019,282,"PAHdb Anharmonic v1.00 (Module 02 out/anharmonic_1.00/bands.csv.gz), all transitions incl. overtones/combinations"
tetracene,1601.1,0.0,282,"PAHdb Anharmonic v1.00 (Module 02 out/anharmonic_1.00/bands.csv.gz), all transitions incl. overtones/combinations"
tetracene,1601.62,0.0177473,282,"PAHdb Anharmonic v1.00 (Module 02 out/anharmonic_1.00/bands.csv.gz), all transitions incl. overtones/combinations"
tetracene,1602.04,0.00372095,282,"PAHdb Anharmonic v1.00 (Module 02 out/anharmonic_1.00/bands.csv.gz), all transitions incl. overtones/combinations"
tetracene,1602.22,0.445503,282,"PAHdb Anharmonic v1.00 (Module 02 out/anharmonic_1.00/bands.csv.gz), all transitions incl. overtones/combinations"
tetracene,1602.48,0.0,282,"PAHdb Anharmonic v1.00 (Module 02 out/anharmonic_1.00/bands.csv.gz), all transitions incl. overtones/combinations"
tetracene,1603.42,0.0,282,"PAHdb Anharmonic v1.00 (Module 02 out/anharmonic_1.00/bands.csv.gz), all transitions incl. overtones/combinations"
tetracene,1603.58,0.0,282,"PAHdb Anharmonic v1.00 (Module 02 out/anharmonic_1.00/bands.csv.gz), all transitions incl. overtones/combinations"
tetracene,1605.19,0.0,282,"PAHdb Anharmonic v1.00 (Module 02 out/anharmonic_1.00/bands.csv.gz), all transitions incl. overtones/combinations"
tetracene,1605.91,0.0,282,"PAHdb Anharmonic v1.00 (Module 02 out/anharmonic_1.00/bands.csv.gz), all transitions incl. overtones/combinations"
tetracene,1606.85,0.015867,282,"PAHdb Anharmonic v1.00 (Module 02 out/anharmonic_1.00/bands.csv.gz), all transitions incl. overtones/combinations"
tetracene,1607.49,1.7e-07,282,"PAHdb Anharmonic v1.00 (Module 02 out/anharmonic_1.00/bands.csv.gz), all transitions incl. overtones/combinations"
tetracene,1607.61,2.08e-06,282,"PAHdb Anharmonic v1.00 (Module 02 out/anharmonic_1.00/bands.csv.gz), all transitions incl. overtones/combinations"
tetracene,1607.83,0.0142933,282,"PAHdb Anharmonic v1.00 (Module 02 out/anharmonic_1.00/bands.csv.gz), all transitions incl. overtones/combinations"
tetracene,1608.04,0.160954,282,"PAHdb Anharmonic v1.00 (Module 02 out/anharmonic_1.00/bands.csv.gz), all transitions incl. overtones/combinations"
tetracene,1608.56,0.0831703,282,"PAHdb Anharmonic v1.00 (Module 02 out/anharmonic_1.00/bands.csv.gz), all transitions incl. overtones/combinations"
tetracene,1610.2,0.0,282,"PAHdb Anharmonic v1.00 (Module 02 out/anharmonic_1.00/bands.csv.gz), all transitions incl. overtones/combinations"
tetracene,1611.14,0.0593983,282,"PAHdb Anharmonic v1.00 (Module 02 out/anharmonic_1.00/bands.csv.gz), all transitions incl. overtones/combinations"
tetracene,1611.47,0.0,282,"PAHdb Anharmonic v1.00 (Module 02 out/anharmonic_1.00/bands.csv.gz), all transitions incl. overtones/combinations"
tetracene,1611.81,0.0,282,"PAHdb Anharmonic v1.00 (Module 02 out/anharmonic_1.00/bands.csv.gz), all transitions incl. overtones/combinations"
tetracene,1612.6,0.0,282,"PAHdb Anharmonic v1.00 (Module 02 out/anharmonic_1.00/bands.csv.gz), all transitions incl. overtones/combinations"
tetracene,1612.83,0.00283414,282,"PAHdb Anharmonic v1.00 (Module 02 out/anharmonic_1.00/bands.csv.gz), all transitions incl. overtones/combinations"
tetracene,1612.87,0.0,282,"PAHdb Anharmonic v1.00 (Module 02 out/anharmonic_1.00/bands.csv.gz), all transitions incl. overtones/combinations"
tetracene,1614.89,0.0,282,"PAHdb Anharmonic v1.00 (Module 02 out/anharmonic_1.00/bands.csv.gz), all transitions incl. overtones/combinations"
tetracene,1615.02,0.180903,282,"PAHdb Anharmonic v1.00 (Module 02 out/anharmonic_1.00/bands.csv.gz), all transitions incl. overtones/combinations"
tetracene,1615.5,0.0,282,"PAHdb Anharmonic v1.00 (Module 02 out/anharmonic_1.00/bands.csv.gz), all transitions incl. overtones/combinations"
tetracene,1615.92,0.0,282,"PAHdb Anharmonic v1.00 (Module 02 out/anharmonic_1.00/bands.csv.gz), all transitions incl. overtones/combinations"
tetracene,1615.95,0.0,282,"PAHdb Anharmonic v1.00 (Module 02 out/anharmonic_1.00/bands.csv.gz), all transitions incl. overtones/combinations"
tetracene,1617.36,0.0,282,"PAHdb Anharmonic v1.00 (Module 02 out/anharmonic_1.00/bands.csv.gz), all transitions incl. overtones/combinations"
tetracene,1617.53,0.0,282,"PAHdb Anharmonic v1.00 (Module 02 out/anharmonic_1.00/bands.csv.gz), all transitions incl. overtones/combinations"
tetracene,1617.57,0.0958065,282,"PAHdb Anharmonic v1.00 (Module 02 out/anharmonic_1.00/bands.csv.gz), all transitions incl. overtones/combinations"
tetracene,1618.95,0.00578008,282,"PAHdb Anharmonic v1.00 (Module 02 out/anharmonic_1.00/bands.csv.gz), all transitions incl. overtones/combinations"
tetracene,1619.05,0.0,282,"PAHdb Anharmonic v1.00 (Module 02 out/anharmonic_1.00/bands.csv.gz), all transitions incl. overtones/combinations"
tetracene,1619.06,0.389437,282,"PAHdb Anharmonic v1.00 (Module 02 out/anharmonic_1.00/bands.csv.gz), all transitions incl. overtones/combinations"
tetracene,1619.68,0.0,282,"PAHdb Anharmonic v1.00 (Module 02 out/anharmonic_1.00/bands.csv.gz), all transitions incl. overtones/combinations"
tetracene,1622.89,0.0,282,"PAHdb Anharmonic v1.00 (Module 02 out/anharmonic_1.00/bands.csv.gz), all transitions incl. overtones/combinations"
tetracene,1624.34,0.0,282,"PAHdb Anharmonic v1.00 (Module 02 out/anharmonic_1.00/bands.csv.gz), all transitions incl. overtones/combinations"
tetracene,1624.6,0.0,282,"PAHdb Anharmonic v1.00 (Module 02 out/anharmonic_1.00/bands.csv.gz), all transitions incl. overtones/combinations"
tetracene,1625.09,0.0,282,"PAHdb Anharmonic v1.00 (Module 02 out/anharmonic_1.00/bands.csv.gz), all transitions incl. overtones/combinations"
tetracene,1627.3,0.0,282,"PAHdb Anharmonic v1.00 (Module 02 out/anharmonic_1.00/bands.csv.gz), all transitions incl. overtones/combinations"
tetracene,1627.75,0.0,282,"PAHdb Anharmonic v1.00 (Module 02 out/anharmonic_1.00/bands.csv.gz), all transitions incl. overtones/combinations"
tetracene,1627.97,0.0422857,282,"PAHdb Anharmonic v1.00 (Module 02 out/anharmonic_1.00/bands.csv.gz), all transitions incl. overtones/combinations"
tetracene,1629.92,0.0218658,282,"PAHdb Anharmonic v1.00 (Module 02 out/anharmonic_1.00/bands.csv.gz), all transitions incl. overtones/combinations"
tetracene,1629.97,0.0,282,"PAHdb Anharmonic v1.00 (Module 02 out/anharmonic_1.00/bands.csv.gz), all transitions incl. overtones/combinations"
tetracene,1630.33,0.00070339,282,"PAHdb Anharmonic v1.00 (Module 02 out/anharmonic_1.00/bands.csv.gz), all transitions incl. overtones/combinations"
tetracene,1630.81,0.0,282,"PAHdb Anharmonic v1.00 (Module 02 out/anharmonic_1.00/bands.csv.gz), all transitions incl. overtones/combinations"
tetracene,1631.0,0.365546,282,"PAHdb Anharmonic v1.00 (Module 02 out/anharmonic_1.00/bands.csv.gz), all transitions incl. overtones/combinations"
tetracene,1632.19,0.0,282,"PAHdb Anharmonic v1.00 (Module 02 out/anharmonic_1.00/bands.csv.gz), all transitions incl. overtones/combinations"
tetracene,1633.16,0.0,282,"PAHdb Anharmonic v1.00 (Module 02 out/anharmonic_1.00/bands.csv.gz), all transitions incl. overtones/combinations"
tetracene,1633.23,0.266373,282,"PAHdb Anharmonic v1.00 (Module 02 out/anharmonic_1.00/bands.csv.gz), all transitions incl. overtones/combinations"
tetracene,1633.37,0.0,282,"PAHdb Anharmonic v1.00 (Module 02 out/anharmonic_1.00/bands.csv.gz), all transitions incl. overtones/combinations"
tetracene,1633.49,0.111825,282,"PAHdb Anharmonic v1.00 (Module 02 out/anharmonic_1.00/bands.csv.gz), all transitions incl. overtones/combinations"
tetracene,1634.19,0.0,282,"PAHdb Anharmonic v1.00 (Module 02 out/anharmonic_1.00/bands.csv.gz), all transitions incl. overtones/combinations"
tetracene,1634.78,0.0,282,"PAHdb Anharmonic v1.00 (Module 02 out/anharmonic_1.00/bands.csv.gz), all transitions incl. overtones/combinations"
tetracene,1635.25,0.0,282,"PAHdb Anharmonic v1.00 (Module 02 out/anharmonic_1.00/bands.csv.gz), all transitions incl. overtones/combinations"
tetracene,1635.83,0.00696326,282,"PAHdb Anharmonic v1.00 (Module 02 out/anharmonic_1.00/bands.csv.gz), all transitions incl. overtones/combinations"
tetracene,1636.41,0.133249,282,"PAHdb Anharmonic v1.00 (Module 02 out/anharmonic_1.00/bands.csv.gz), all transitions incl. overtones/combinations"
tetracene,1637.2,0.0,282,"PAHdb Anharmonic v1.00 (Module 02 out/anharmonic_1.00/bands.csv.gz), all transitions incl. overtones/combinations"
tetracene,1637.25,2.7e-07,282,"PAHdb Anharmonic v1.00 (Module 02 out/anharmonic_1.00/bands.csv.gz), all transitions incl. overtones/combinations"
tetracene,1637.56,0.00388866,282,"PAHdb Anharmonic v1.00 (Module 02 out/anharmonic_1.00/bands.csv.gz), all transitions incl. overtones/combinations"
tetracene,1637.59,0.0,282,"PAHdb Anharmonic v1.00 (Module 02 out/anharmonic_1.00/bands.csv.gz), all transitions incl. overtones/combinations"
tetracene,1638.78,3.28734,282,"PAHdb Anharmonic v1.00 (Module 02 out/anharmonic_1.00/bands.csv.gz), all transitions incl. overtones/combinations"
tetracene,1638.98,0.0,282,"PAHdb Anharmonic v1.00 (Module 02 out/anharmonic_1.00/bands.csv.gz), all transitions incl. overtones/combinations"
tetracene,1640.04,0.00069067,282,"PAHdb Anharmonic v1.00 (Module 02 out/anharmonic_1.00/bands.csv.gz), all transitions incl. overtones/combinations"
tetracene,1640.72,0.0,282,"PAHdb Anharmonic v1.00 (Module 02 out/anharmonic_1.00/bands.csv.gz), all transitions incl. overtones/combinations"
tetracene,1641.34,1e-08,282,"PAHdb Anharmonic v1.00 (Module 02 out/anharmonic_1.00/bands.csv.gz), all transitions incl. overtones/combinations"
tetracene,1641.65,1.4e-07,282,"PAHdb Anharmonic v1.00 (Module 02 out/anharmonic_1.00/bands.csv.gz), all transitions incl. overtones/combinations"
tetracene,1641.87,0.00090778,282,"PAHdb Anharmonic v1.00 (Module 02 out/anharmonic_1.00/bands.csv.gz), all transitions incl. overtones/combinations"
tetracene,1642.58,0.0,282,"PAHdb Anharmonic v1.00 (Module 02 out/anharmonic_1.00/bands.csv.gz), all transitions incl. overtones/combinations"
tetracene,1643.14,0.0,282,"PAHdb Anharmonic v1.00 (Module 02 out/anharmonic_1.00/bands.csv.gz), all transitions incl. overtones/combinations"
tetracene,1643.34,0.00550027,282,"PAHdb Anharmonic v1.00 (Module 02 out/anharmonic_1.00/bands.csv.gz), all transitions incl. overtones/combinations"
tetracene,1644.2,0.00062027,282,"PAHdb Anharmonic v1.00 (Module 02 out/anharmonic_1.00/bands.csv.gz), all transitions incl. overtones/combinations"
tetracene,1644.21,0.145735,282,"PAHdb Anharmonic v1.00 (Module 02 out/anharmonic_1.00/bands.csv.gz), all transitions incl. overtones/combinations"
tetracene,1644.29,0.0,282,"PAHdb Anharmonic v1.00 (Module 02 out/anharmonic_1.00/bands.csv.gz), all transitions incl. overtones/combinations"
tetracene,1644.48,0.0126194,282,"PAHdb Anharmonic v1.00 (Module 02 out/anharmonic_1.00/bands.csv.gz), all transitions incl. overtones/combinations"
tetracene,1645.15,1.72141,282,"PAHdb Anharmonic v1.00 (Module 02 out/anharmonic_1.00/bands.csv.gz), all transitions incl. overtones/combinations"
tetracene,1645.23,0.0124567,282,"PAHdb Anharmonic v1.00 (Module 02 out/anharmonic_1.00/bands.csv.gz), all transitions incl. overtones/combinations"
tetracene,1645.68,0.0,282,"PAHdb Anharmonic v1.00 (Module 02 out/anharmonic_1.00/bands.csv.gz), all transitions incl. overtones/combinations"
tetracene,1646.66,1e-08,282,"PAHdb Anharmonic v1.00 (Module 02 out/anharmonic_1.00/bands.csv.gz), all transitions incl. overtones/combinations"
tetracene,1646.81,0.0,282,"PAHdb Anharmonic v1.00 (Module 02 out/anharmonic_1.00/bands.csv.gz), all transitions incl. overtones/combinations"
tetracene,1646.9,0.0,282,"PAHdb Anharmonic v1.00 (Module 02 out/anharmonic_1.00/bands.csv.gz), all transitions incl. overtones/combinations"
tetracene,1647.13,0.0,282,"PAHdb Anharmonic v1.00 (Module 02 out/anharmonic_1.00/bands.csv.gz), all transitions incl. overtones/combinations"
tetracene,1647.47,0.0,282,"PAHdb Anharmonic v1.00 (Module 02 out/anharmonic_1.00/bands.csv.gz), all transitions incl. overtones/combinations"
tetracene,1648.07,0.0,282,"PAHdb Anharmonic v1.00 (Module 02 out/anharmonic_1.00/bands.csv.gz), all transitions incl. overtones/combinations"
tetracene,1649.19,0.420335,282,"PAHdb Anharmonic v1.00 (Module 02 out/anharmonic_1.00/bands.csv.gz), all transitions incl. overtones/combinations"
tetracene,1649.87,0.0,282,"PAHdb Anharmonic v1.00 (Module 02 out/anharmonic_1.00/bands.csv.gz), all transitions incl. overtones/combinations"
tetracene,1650.78,4.178e-05,282,"PAHdb Anharmonic v1.00 (Module 02 out/anharmonic_1.00/bands.csv.gz), all transitions incl. overtones/combinations"
tetracene,1651.08,0.0,282,"PAHdb Anharmonic v1.00 (Module 02 out/anharmonic_1.00/bands.csv.gz), all transitions incl. overtones/combinations"
tetracene,1652.73,0.0,282,"PAHdb Anharmonic v1.00 (Module 02 out/anharmonic_1.00/bands.csv.gz), all transitions incl. overtones/combinations"
tetracene,1652.82,0.00092123,282,"PAHdb Anharmonic v1.00 (Module 02 out/anharmonic_1.00/bands.csv.gz), all transitions incl. overtones/combinations"
tetracene,1653.11,0.561784,282,"PAHdb Anharmonic v1.00 (Module 02 out/anharmonic_1.00/bands.csv.gz), all transitions incl. overtones/combinations"
tetracene,1653.68,0.0,282,"PAHdb Anharmonic v1.00 (Module 02 out/anharmonic_1.00/bands.csv.gz), all transitions incl. overtones/combinations"
tetracene,1654.69,1.54606,282,"PAHdb Anharmonic v1.00 (Module 02 out/anharmonic_1.00/bands.csv.gz), all transitions incl. overtones/combinations"
tetracene,1654.89,2.2e-07,282,"PAHdb Anharmonic v1.00 (Module 02 out/anharmonic_1.00/bands.csv.gz), all transitions incl. overtones/combinations"
tetracene,1654.96,0.0,282,"PAHdb Anharmonic v1.00 (Module 02 out/anharmonic_1.00/bands.csv.gz), all transitions incl. overtones/combinations"
tetracene,1655.06,0.89687,282,"PAHdb Anharmonic v1.00 (Module 02 out/anharmonic_1.00/bands.csv.gz), all transitions incl. overtones/combinations"
tetracene,1655.81,0.0,282,"PAHdb Anharmonic v1.00 (Module 02 out/anharmonic_1.00/bands.csv.gz), all transitions incl. overtones/combinations"
tetracene,1656.32,0.0,282,"PAHdb Anharmonic v1.00 (Module 02 out/anharmonic_1.00/bands.csv.gz), all transitions incl. overtones/combinations"
tetracene,1656.79,0.0,282,"PAHdb Anharmonic v1.00 (Module 02 out/anharmonic_1.00/bands.csv.gz), all transitions incl. overtones/combinations"
tetracene,1657.98,2e-08,282,"PAHdb Anharmonic v1.00 (Module 02 out/anharmonic_1.00/bands.csv.gz), all transitions incl. overtones/combinations"
tetracene,1658.92,0.0,282,"PAHdb Anharmonic v1.00 (Module 02 out/anharmonic_1.00/bands.csv.gz), all transitions incl. overtones/combinations"
tetracene,1659.34,0.478048,282,"PAHdb Anharmonic v1.00 (Module 02 out/anharmonic_1.00/bands.csv.gz), all transitions incl. overtones/combinations"
tetracene,1659.54,1.091e-05,282,"PAHdb Anharmonic v1.00 (Module 02 out/anharmonic_1.00/bands.csv.gz), all transitions incl. overtones/combinations"
tetracene,1660.52,0.0,282,"PAHdb Anharmonic v1.00 (Module 02 out/anharmonic_1.00/bands.csv.gz), all transitions incl. overtones/combinations"
tetracene,1664.98,0.00056898,282,"PAHdb Anharmonic v1.00 (Module 02 out/anharmonic_1.00/bands.csv.gz), all transitions incl. overtones/combinations"
tetracene,1665.78,0.0,282,"PAHdb Anharmonic v1.00 (Module 02 out/anharmonic_1.00/bands.csv.gz), all transitions incl. overtones/combinations"
tetracene,1665.85,0.0894671,282,"PAHdb Anharmonic v1.00 (Module 02 out/anharmonic_1.00/bands.csv.gz), all transitions incl. overtones/combinations"
tetracene,1666.11,0.0,282,"PAHdb Anharmonic v1.00 (Module 02 out/anharmonic_1.00/bands.csv.gz), all transitions incl. overtones/combinations"
tetracene,1666.41,1.06148,282,"PAHdb Anharmonic v1.00 (Module 02 out/anharmonic_1.00/bands.csv.gz), all transitions incl. overtones/combinations"
tetracene,1666.57,0.0,282,"PAHdb Anharmonic v1.00 (Module 02 out/anharmonic_1.00/bands.csv.gz), all transitions incl. overtones/combinations"
tetracene,1667.03,0.0,282,"PAHdb Anharmonic v1.00 (Module 02 out/anharmonic_1.00/bands.csv.gz), all transitions incl. overtones/combinations"
tetracene,1667.25,0.00072674,282,"PAHdb Anharmonic v1.00 (Module 02 out/anharmonic_1.00/bands.csv.gz), all transitions incl. overtones/combinations"
tetracene,1669.5,0.0,282,"PAHdb Anharmonic v1.00 (Module 02 out/anharmonic_1.00/bands.csv.gz), all transitions incl. overtones/combinations"
tetracene,1669.68,0.151897,282,"PAHdb Anharmonic v1.00 (Module 02 out/anharmonic_1.00/bands.csv.gz), all transitions incl. overtones/combinations"
tetracene,1670.26,0.237405,282,"PAHdb Anharmonic v1.00 (Module 02 out/anharmonic_1.00/bands.csv.gz), all transitions incl. overtones/combinations"
tetracene,1670.31,0.0,282,"PAHdb Anharmonic v1.00 (Module 02 out/anharmonic_1.00/bands.csv.gz), all transitions incl. overtones/combinations"
tetracene,1670.56,0.00646765,282,"PAHdb Anharmonic v1.00 (Module 02 out/anharmonic_1.00/bands.csv.gz), all transitions incl. overtones/combinations"
tetracene,1671.52,0.0,282,"PAHdb Anharmonic v1.00 (Module 02 out/anharmonic_1.00/bands.csv.gz), all transitions incl. overtones/combinations"
tetracene,1671.64,0.0,282,"PAHdb Anharmonic v1.00 (Module 02 out/anharmonic_1.00/bands.csv.gz), all transitions incl. overtones/combinations"
tetracene,1672.18,0.0,282,"PAHdb Anharmonic v1.00 (Module 02 out/anharmonic_1.00/bands.csv.gz), all transitions incl. overtones/combinations"
tetracene,1672.45,0.0,282,"PAHdb Anharmonic v1.00 (Module 02 out/anharmonic_1.00/bands.csv.gz), all transitions incl. overtones/combinations"
tetracene,1672.76,0.0,282,"PAHdb Anharmonic v1.00 (Module 02 out/anharmonic_1.00/bands.csv.gz), all transitions incl. overtones/combinations"
tetracene,1673.86,0.0,282,"PAHdb Anharmonic v1.00 (Module 02 out/anharmonic_1.00/bands.csv.gz), all transitions incl. overtones/combinations"
tetracene,1674.47,0.0,282,"PAHdb Anharmonic v1.00 (Module 02 out/anharmonic_1.00/bands.csv.gz), all transitions incl. overtones/combinations"
tetracene,1675.09,1e-07,282,"PAHdb Anharmonic v1.00 (Module 02 out/anharmonic_1.00/bands.csv.gz), all transitions incl. overtones/combinations"
tetracene,1676.25,0.0,282,"PAHdb Anharmonic v1.00 (Module 02 out/anharmonic_1.00/bands.csv.gz), all transitions incl. overtones/combinations"
tetracene,1676.48,0.0,282,"PAHdb Anharmonic v1.00 (Module 02 out/anharmonic_1.00/bands.csv.gz), all transitions incl. overtones/combinations"
tetracene,1676.81,0.0,282,"PAHdb Anharmonic v1.00 (Module 02 out/anharmonic_1.00/bands.csv.gz), all transitions incl. overtones/combinations"
tetracene,1677.43,0.0,282,"PAHdb Anharmonic v1.00 (Module 02 out/anharmonic_1.00/bands.csv.gz), all transitions incl. overtones/combinations"
tetracene,1678.22,0.0,282,"PAHdb Anharmonic v1.00 (Module 02 out/anharmonic_1.00/bands.csv.gz), all transitions incl. overtones/combinations"
tetracene,1678.41,0.00402402,282,"PAHdb Anharmonic v1.00 (Module 02 out/anharmonic_1.00/bands.csv.gz), all transitions incl. overtones/combinations"
tetracene,1679.21,0.0,282,"PAHdb Anharmonic v1.00 (Module 02 out/anharmonic_1.00/bands.csv.gz), all transitions incl. overtones/combinations"
tetracene,1679.53,0.808381,282,"PAHdb Anharmonic v1.00 (Module 02 out/anharmonic_1.00/bands.csv.gz), all transitions incl. overtones/combinations"
tetracene,1679.71,1.3e-07,282,"PAHdb Anharmonic v1.00 (Module 02 out/anharmonic_1.00/bands.csv.gz), all transitions incl. overtones/combinations"
tetracene,1680.22,0.0007556,282,"PAHdb Anharmonic v1.00 (Module 02 out/anharmonic_1.00/bands.csv.gz), all transitions incl. overtones/combinations"
tetracene,1680.98,0.0,282,"PAHdb Anharmonic v1.00 (Module 02 out/anharmonic_1.00/bands.csv.gz), all transitions incl. overtones/combinations"
tetracene,1682.36,0.104259,282,"PAHdb Anharmonic v1.00 (Module 02 out/anharmonic_1.00/bands.csv.gz), all transitions incl. overtones/combinations"
tetracene,1683.52,0.0,282,"PAHdb Anharmonic v1.00 (Module 02 out/anharmonic_1.00/bands.csv.gz), all transitions incl. overtones/combinations"
tetracene,1683.66,0.0,282,"PAHdb Anharmonic v1.00 (Module 02 out/anharmonic_1.00/bands.csv.gz), all transitions incl. overtones/combinations"
tetracene,1683.8,0.0,282,"PAHdb Anharmonic v1.00 (Module 02 out/anharmonic_1.00/bands.csv.gz), all transitions incl. overtones/combinations"
tetracene,1683.92,0.392077,282,"PAHdb Anharmonic v1.00 (Module 02 out/anharmonic_1.00/bands.csv.gz), all transitions incl. overtones/combinations"
tetracene,1683.94,2e-08,282,"PAHdb Anharmonic v1.00 (Module 02 out/anharmonic_1.00/bands.csv.gz), all transitions incl. overtones/combinations"
tetracene,1684.24,0.168162,282,"PAHdb Anharmonic v1.00 (Module 02 out/anharmonic_1.00/bands.csv.gz), all transitions incl. overtones/combinations"
tetracene,1686.34,0.0,282,"PAHdb Anharmonic v1.00 (Module 02 out/anharmonic_1.00/bands.csv.gz), all transitions incl. overtones/combinations"
tetracene,1687.97,0.0,282,"PAHdb Anharmonic v1.00 (Module 02 out/anharmonic_1.00/bands.csv.gz), all transitions incl. overtones/combinations"
tetracene,1688.05,0.0151937,282,"PAHdb Anharmonic v1.00 (Module 02 out/anharmonic_1.00/bands.csv.gz), all transitions incl. overtones/combinations"
tetracene,1689.2,0.0214113,282,"PAHdb Anharmonic v1.00 (Module 02 out/anharmonic_1.00/bands.csv.gz), all transitions incl. overtones/combinations"
tetracene,1689.81,0.0,282,"PAHdb Anharmonic v1.00 (Module 02 out/anharmonic_1.00/bands.csv.gz), all transitions incl. overtones/combinations"
tetracene,1690.24,0.0,282,"PAHdb Anharmonic v1.00 (Module 02 out/anharmonic_1.00/bands.csv.gz), all transitions incl. overtones/combinations"
tetracene,1690.52,0.0,282,"PAHdb Anharmonic v1.00 (Module 02 out/anharmonic_1.00/bands.csv.gz), all transitions incl. overtones/combinations"
tetracene,1690.69,0.0,282,"PAHdb Anharmonic v1.00 (Module 02 out/anharmonic_1.00/bands.csv.gz), all transitions incl. overtones/combinations"
tetracene,1691.38,0.00048001,282,"PAHdb Anharmonic v1.00 (Module 02 out/anharmonic_1.00/bands.csv.gz), all transitions incl. overtones/combinations"
tetracene,1692.01,0.0,282,"PAHdb Anharmonic v1.00 (Module 02 out/anharmonic_1.00/bands.csv.gz), all transitions incl. overtones/combinations"
tetracene,1693.35,0.0,282,"PAHdb Anharmonic v1.00 (Module 02 out/anharmonic_1.00/bands.csv.gz), all transitions incl. overtones/combinations"
tetracene,1694.93,0.0,282,"PAHdb Anharmonic v1.00 (Module 02 out/anharmonic_1.00/bands.csv.gz), all transitions incl. overtones/combinations"
tetracene,1694.95,0.0,282,"PAHdb Anharmonic v1.00 (Module 02 out/anharmonic_1.00/bands.csv.gz), all transitions incl. overtones/combinations"
tetracene,1695.35,0.0,282,"PAHdb Anharmonic v1.00 (Module 02 out/anharmonic_1.00/bands.csv.gz), all transitions incl. overtones/combinations"
tetracene,1698.4,0.00641945,282,"PAHdb Anharmonic v1.00 (Module 02 out/anharmonic_1.00/bands.csv.gz), all transitions incl. overtones/combinations"
tetracene,1699.4,0.00421946,282,"PAHdb Anharmonic v1.00 (Module 02 out/anharmonic_1.00/bands.csv.gz), all transitions incl. overtones/combinations"
tetracene,1699.68,0.655623,282,"PAHdb Anharmonic v1.00 (Module 02 out/anharmonic_1.00/bands.csv.gz), all transitions incl. overtones/combinations"
tetracene,1700.18,0.0,282,"PAHdb Anharmonic v1.00 (Module 02 out/anharmonic_1.00/bands.csv.gz), all transitions incl. overtones/combinations"
tetracene,1700.22,0.00139155,282,"PAHdb Anharmonic v1.00 (Module 02 out/anharmonic_1.00/bands.csv.gz), all transitions incl. overtones/combinations"
tetracene,1701.44,0.0,282,"PAHdb Anharmonic v1.00 (Module 02 out/anharmonic_1.00/bands.csv.gz), all transitions incl. overtones/combinations"
tetracene,1701.69,0.0040301,282,"PAHdb Anharmonic v1.00 (Module 02 out/anharmonic_1.00/bands.csv.gz), all transitions incl. overtones/combinations"
tetracene,1701.77,0.0,282,"PAHdb Anharmonic v1.00 (Module 02 out/anharmonic_1.00/bands.csv.gz), all transitions incl. overtones/combinations"
tetracene,1702.15,0.00882605,282,"PAHdb Anharmonic v1.00 (Module 02 out/anharmonic_1.00/bands.csv.gz), all transitions incl. overtones/combinations"
tetracene,1702.39,0.0,282,"PAHdb Anharmonic v1.00 (Module 02 out/anharmonic_1.00/bands.csv.gz), all transitions incl. overtones/combinations"
tetracene,1703.75,0.0,282,"PAHdb Anharmonic v1.00 (Module 02 out/anharmonic_1.00/bands.csv.gz), all transitions incl. overtones/combinations"
tetracene,1704.01,0.349228,282,"PAHdb Anharmonic v1.00 (Module 02 out/anharmonic_1.00/bands.csv.gz), all transitions incl. overtones/combinations"
tetracene,1704.06,0.188946,282,"PAHdb Anharmonic v1.00 (Module 02 out/anharmonic_1.00/bands.csv.gz), all transitions incl. overtones/combinations"
tetracene,1704.41,0.0,282,"PAHdb Anharmonic v1.00 (Module 02 out/anharmonic_1.00/bands.csv.gz), all transitions incl. overtones/combinations"
tetracene,1704.56,0.0,282,"PAHdb Anharmonic v1.00 (Module 02 out/anharmonic_1.00/bands.csv.gz), all transitions incl. overtones/combinations"
tetracene,1705.14,0.0,282,"PAHdb Anharmonic v1.00 (Module 02 out/anharmonic_1.00/bands.csv.gz), all transitions incl. overtones/combinations"
tetracene,1705.9,0.00069663,282,"PAHdb Anharmonic v1.00 (Module 02 out/anharmonic_1.00/bands.csv.gz), all transitions incl. overtones/combinations"
tetracene,1706.45,0.0,282,"PAHdb Anharmonic v1.00 (Module 02 out/anharmonic_1.00/bands.csv.gz), all transitions incl. overtones/combinations"
tetracene,1706.47,0.00925932,282,"PAHdb Anharmonic v1.00 (Module 02 out/anharmonic_1.00/bands.csv.gz), all transitions incl. overtones/combinations"
tetracene,1706.95,0.127058,282,"PAHdb Anharmonic v1.00 (Module 02 out/anharmonic_1.00/bands.csv.gz), all transitions incl. overtones/combinations"
tetracene,1708.53,0.0,282,"PAHdb Anharmonic v1.00 (Module 02 out/anharmonic_1.00/bands.csv.gz), all transitions incl. overtones/combinations"
tetracene,1709.02,0.0101221,282,"PAHdb Anharmonic v1.00 (Module 02 out/anharmonic_1.00/bands.csv.gz), all transitions incl. overtones/combinations"
tetracene,1709.08,0.0,282,"PAHdb Anharmonic v1.00 (Module 02 out/anharmonic_1.00/bands.csv.gz), all transitions incl. overtones/combinations"
tetracene,1709.54,1.91768,282,"PAHdb Anharmonic v1.00 (Module 02 out/anharmonic_1.00/bands.csv.gz), all transitions incl. overtones/combinations"
tetracene,1710.52,0.0,282,"PAHdb Anharmonic v1.00 (Module 02 out/anharmonic_1.00/bands.csv.gz), all transitions incl. overtones/combinations"
tetracene,1711.22,1.89936,282,"PAHdb Anharmonic v1.00 (Module 02 out/anharmonic_1.00/bands.csv.gz), all transitions incl. overtones/combinations"
tetracene,1711.56,0.0,282,"PAHdb Anharmonic v1.00 (Module 02 out/anharmonic_1.00/bands.csv.gz), all transitions incl. overtones/combinations"
tetracene,1711.93,0.00487039,282,"PAHdb Anharmonic v1.00 (Module 02 out/anharmonic_1.00/bands.csv.gz), all transitions incl. overtones/combinations"
tetracene,1712.11,0.0,282,"PAHdb Anharmonic v1.00 (Module 02 out/anharmonic_1.00/bands.csv.gz), all transitions incl. overtones/combinations"
tetracene,1713.23,0.218518,282,"PAHdb Anharmonic v1.00 (Module 02 out/anharmonic_1.00/bands.csv.gz), all transitions incl. overtones/combinations"
tetracene,1713.7,0.0,282,"PAHdb Anharmonic v1.00 (Module 02 out/anharmonic_1.00/bands.csv.gz), all transitions incl. overtones/combinations"
tetracene,1713.74,0.0,282,"PAHdb Anharmonic v1.00 (Module 02 out/anharmonic_1.00/bands.csv.gz), all transitions incl. overtones/combinations"
tetracene,1715.56,1.9e-07,282,"PAHdb Anharmonic v1.00 (Module 02 out/anharmonic_1.00/bands.csv.gz), all transitions incl. overtones/combinations"
tetracene,1716.14,0.0,282,"PAHdb Anharmonic v1.00 (Module 02 out/anharmonic_1.00/bands.csv.gz), all transitions incl. overtones/combinations"
tetracene,1716.31,2.8e-07,282,"PAHdb Anharmonic v1.00 (Module 02 out/anharmonic_1.00/bands.csv.gz), all transitions incl. overtones/combinations"
tetracene,1716.4,0.00142495,282,"PAHdb Anharmonic v1.00 (Module 02 out/anharmonic_1.00/bands.csv.gz), all transitions incl. overtones/combinations"
tetracene,1717.13,0.0,282,"PAHdb Anharmonic v1.00 (Module 02 out/anharmonic_1.00/bands.csv.gz), all transitions incl. overtones/combinations"
tetracene,1717.64,0.0,282,"PAHdb Anharmonic v1.00 (Module 02 out/anharmonic_1.00/bands.csv.gz), all transitions incl. overtones/combinations"
tetracene,1717.9,0.0,282,"PAHdb Anharmonic v1.00 (Module 02 out/anharmonic_1.00/bands.csv.gz), all transitions incl. overtones/combinations"
tetracene,1718.51,0.587198,282,"PAHdb Anharmonic v1.00 (Module 02 out/anharmonic_1.00/bands.csv.gz), all transitions incl. overtones/combinations"
tetracene,1718.83,0.477355,282,"PAHdb Anharmonic v1.00 (Module 02 out/anharmonic_1.00/bands.csv.gz), all transitions incl. overtones/combinations"
tetracene,1719.18,0.0,282,"PAHdb Anharmonic v1.00 (Module 02 out/anharmonic_1.00/bands.csv.gz), all transitions incl. overtones/combinations"
tetracene,1719.3,0.0,282,"PAHdb Anharmonic v1.00 (Module 02 out/anharmonic_1.00/bands.csv.gz), all transitions incl. overtones/combinations"
tetracene,1719.79,0.0222336,282,"PAHdb Anharmonic v1.00 (Module 02 out/anharmonic_1.00/bands.csv.gz), all transitions incl. overtones/combinations"
tetracene,1719.81,0.561622,282,"PAHdb Anharmonic v1.00 (Module 02 out/anharmonic_1.00/bands.csv.gz), all transitions incl. overtones/combinations"
tetracene,1720.22,0.0,282,"PAHdb Anharmonic v1.00 (Module 02 out/anharmonic_1.00/bands.csv.gz), all transitions incl. overtones/combinations"
tetracene,1720.32,2e-08,282,"PAHdb Anharmonic v1.00 (Module 02 out/anharmonic_1.00/bands.csv.gz), all transitions incl. overtones/combinations"
tetracene,1720.39,0.00875761,282,"PAHdb Anharmonic v1.00 (Module 02 out/anharmonic_1.00/bands.csv.gz), all transitions incl. overtones/combinations"
tetracene,1721.85,0.0,282,"PAHdb Anharmonic v1.00 (Module 02 out/anharmonic_1.00/bands.csv.gz), all transitions incl. overtones/combinations"
tetracene,1722.33,0.0,282,"PAHdb Anharmonic v1.00 (Module 02 out/anharmonic_1.00/bands.csv.gz), all transitions incl. overtones/combinations"
tetracene,1722.77,0.0,282,"PAHdb Anharmonic v1.00 (Module 02 out/anharmonic_1.00/bands.csv.gz), all transitions incl. overtones/combinations"
tetracene,1723.67,0.0,282,"PAHdb Anharmonic v1.00 (Module 02 out/anharmonic_1.00/bands.csv.gz), all transitions incl. overtones/combinations"
tetracene,1723.83,0.0,282,"PAHdb Anharmonic v1.00 (Module 02 out/anharmonic_1.00/bands.csv.gz), all transitions incl. overtones/combinations"
tetracene,1725.18,0.00394404,282,"PAHdb Anharmonic v1.00 (Module 02 out/anharmonic_1.00/bands.csv.gz), all transitions incl. overtones/combinations"
tetracene,1725.2,2e-08,282,"PAHdb Anharmonic v1.00 (Module 02 out/anharmonic_1.00/bands.csv.gz), all transitions incl. overtones/combinations"
tetracene,1725.31,0.0530694,282,"PAHdb Anharmonic v1.00 (Module 02 out/anharmonic_1.00/bands.csv.gz), all transitions incl. overtones/combinations"
tetracene,1728.14,0.0,282,"PAHdb Anharmonic v1.00 (Module 02 out/anharmonic_1.00/bands.csv.gz), all transitions incl. overtones/combinations"
tetracene,1728.61,0.0,282,"PAHdb Anharmonic v1.00 (Module 02 out/anharmonic_1.00/bands.csv.gz), all transitions incl. overtones/combinations"
tetracene,1729.33,0.138877,282,"PAHdb Anharmonic v1.00 (Module 02 out/anharmonic_1.00/bands.csv.gz), all transitions incl. overtones/combinations"
tetracene,1729.34,0.0,282,"PAHdb Anharmonic v1.00 (Module 02 out/anharmonic_1.00/bands.csv.gz), all transitions incl. overtones/combinations"
tetracene,1730.16,3e-08,282,"PAHdb Anharmonic v1.00 (Module 02 out/anharmonic_1.00/bands.csv.gz), all transitions incl. overtones/combinations"
tetracene,1730.45,0.0,282,"PAHdb Anharmonic v1.00 (Module 02 out/anharmonic_1.00/bands.csv.gz), all transitions incl. overtones/combinations"
tetracene,1730.53,0.0,282,"PAHdb Anharmonic v1.00 (Module 02 out/anharmonic_1.00/bands.csv.gz), all transitions incl. overtones/combinations"
tetracene,1730.71,0.0,282,"PAHdb Anharmonic v1.00 (Module 02 out/anharmonic_1.00/bands.csv.gz), all transitions incl. overtones/combinations"
tetracene,1730.85,0.398959,282,"PAHdb Anharmonic v1.00 (Module 02 out/anharmonic_1.00/bands.csv.gz), all transitions incl. overtones/combinations"
tetracene,1731.02,0.0,282,"PAHdb Anharmonic v1.00 (Module 02 out/anharmonic_1.00/bands.csv.gz), all transitions incl. overtones/combinations"
tetracene,1732.59,0.0,282,"PAHdb Anharmonic v1.00 (Module 02 out/anharmonic_1.00/bands.csv.gz), all transitions incl. overtones/combinations"
tetracene,1732.85,0.0,282,"PAHdb Anharmonic v1.00 (Module 02 out/anharmonic_1.00/bands.csv.gz), all transitions incl. overtones/combinations"
tetracene,1732.93,0.00101339,282,"PAHdb Anharmonic v1.00 (Module 02 out/anharmonic_1.00/bands.csv.gz), all transitions incl. overtones/combinations"
tetracene,1733.48,0.0,282,"PAHdb Anharmonic v1.00 (Module 02 out/anharmonic_1.00/bands.csv.gz), all transitions incl. overtones/combinations"
tetracene,1735.19,0.0,282,"PAHdb Anharmonic v1.00 (Module 02 out/anharmonic_1.00/bands.csv.gz), all transitions incl. overtones/combinations"
tetracene,1736.39,0.0,282,"PAHdb Anharmonic v1.00 (Module 02 out/anharmonic_1.00/bands.csv.gz), all transitions incl. overtones/combinations"
tetracene,1736.6,0.0,282,"PAHdb Anharmonic v1.00 (Module 02 out/anharmonic_1.00/bands.csv.gz), all transitions incl. overtones/combinations"
tetracene,1737.02,0.0,282,"PAHdb Anharmonic v1.00 (Module 02 out/anharmonic_1.00/bands.csv.gz), all transitions incl. overtones/combinations"
tetracene,1737.1,0.0344564,282,"PAHdb Anharmonic v1.00 (Module 02 out/anharmonic_1.00/bands.csv.gz), all transitions incl. overtones/combinations"
tetracene,1738.44,0.0,282,"PAHdb Anharmonic v1.00 (Module 02 out/anharmonic_1.00/bands.csv.gz), all transitions incl. overtones/combinations"
tetracene,1739.36,0.0,282,"PAHdb Anharmonic v1.00 (Module 02 out/anharmonic_1.00/bands.csv.gz), all transitions incl. overtones/combinations"
tetracene,1739.62,0.0,282,"PAHdb Anharmonic v1.00 (Module 02 out/anharmonic_1.00/bands.csv.gz), all transitions incl. overtones/combinations"
tetracene,1740.18,0.95562,282,"PAHdb Anharmonic v1.00 (Module 02 out/anharmonic_1.00/bands.csv.gz), all transitions incl. overtones/combinations"
tetracene,1740.49,0.0,282,"PAHdb Anharmonic v1.00 (Module 02 out/anharmonic_1.00/bands.csv.gz), all transitions incl. overtones/combinations"
tetracene,1741.0,0.0,282,"PAHdb Anharmonic v1.00 (Module 02 out/anharmonic_1.00/bands.csv.gz), all transitions incl. overtones/combinations"
tetracene,1741.34,0.0,282,"PAHdb Anharmonic v1.00 (Module 02 out/anharmonic_1.00/bands.csv.gz), all transitions incl. overtones/combinations"
tetracene,1741.88,0.0222601,282,"PAHdb Anharmonic v1.00 (Module 02 out/anharmonic_1.00/bands.csv.gz), all transitions incl. overtones/combinations"
tetracene,1742.34,0.0201993,282,"PAHdb Anharmonic v1.00 (Module 02 out/anharmonic_1.00/bands.csv.gz), all transitions incl. overtones/combinations"
tetracene,1743.18,0.139256,282,"PAHdb Anharmonic v1.00 (Module 02 out/anharmonic_1.00/bands.csv.gz), all transitions incl. overtones/combinations"
tetracene,1743.34,0.0,282,"PAHdb Anharmonic v1.00 (Module 02 out/anharmonic_1.00/bands.csv.gz), all transitions incl. overtones/combinations"
tetracene,1744.09,0.0,282,"PAHdb Anharmonic v1.00 (Module 02 out/anharmonic_1.00/bands.csv.gz), all transitions incl. overtones/combinations"
tetracene,1744.42,0.0,282,"PAHdb Anharmonic v1.00 (Module 02 out/anharmonic_1.00/bands.csv.gz), all transitions incl. overtones/combinations"
tetracene,1744.53,0.00036791,282,"PAHdb Anharmonic v1.00 (Module 02 out/anharmonic_1.00/bands.csv.gz), all transitions incl. overtones/combinations"
tetracene,1745.84,0.0,282,"PAHdb Anharmonic v1.00 (Module 02 out/anharmonic_1.00/bands.csv.gz), all transitions incl. overtones/combinations"
tetracene,1749.42,0.0,282,"PAHdb Anharmonic v1.00 (Module 02 out/anharmonic_1.00/bands.csv.gz), all transitions incl. overtones/combinations"
tetracene,1750.59,0.0,282,"PAHdb Anharmonic v1.00 (Module 02 out/anharmonic_1.00/bands.csv.gz), all transitions incl. overtones/combinations"
tetracene,1751.46,0.0,282,"PAHdb Anharmonic v1.00 (Module 02 out/anharmonic_1.00/bands.csv.gz), all transitions incl. overtones/combinations"
tetracene,1751.7,0.0,282,"PAHdb Anharmonic v1.00 (Module 02 out/anharmonic_1.00/bands.csv.gz), all transitions incl. overtones/combinations"
tetracene,1751.82,0.0360329,282,"PAHdb Anharmonic v1.00 (Module 02 out/anharmonic_1.00/bands.csv.gz), all transitions incl. overtones/combinations"
tetracene,1752.14,0.0,282,"PAHdb Anharmonic v1.00 (Module 02 out/anharmonic_1.00/bands.csv.gz), all transitions incl. overtones/combinations"
tetracene,1752.2,0.0,282,"PAHdb Anharmonic v1.00 (Module 02 out/anharmonic_1.00/bands.csv.gz), all transitions incl. overtones/combinations"
tetracene,1753.32,0.0,282,"PAHdb Anharmonic v1.00 (Module 02 out/anharmonic_1.00/bands.csv.gz), all transitions incl. overtones/combinations"
tetracene,1753.74,0.0,282,"PAHdb Anharmonic v1.00 (Module 02 out/anharmonic_1.00/bands.csv.gz), all transitions incl. overtones/combinations"
tetracene,1753.87,0.0,282,"PAHdb Anharmonic v1.00 (Module 02 out/anharmonic_1.00/bands.csv.gz), all transitions incl. overtones/combinations"
tetracene,1753.98,0.0,282,"PAHdb Anharmonic v1.00 (Module 02 out/anharmonic_1.00/bands.csv.gz), all transitions incl. overtones/combinations"
tetracene,1754.69,0.0,282,"PAHdb Anharmonic v1.00 (Module 02 out/anharmonic_1.00/bands.csv.gz), all transitions incl. overtones/combinations"
tetracene,1754.92,0.0122079,282,"PAHdb Anharmonic v1.00 (Module 02 out/anharmonic_1.00/bands.csv.gz), all transitions incl. overtones/combinations"
tetracene,1755.44,0.0,282,"PAHdb Anharmonic v1.00 (Module 02 out/anharmonic_1.00/bands.csv.gz), all transitions incl. overtones/combinations"
tetracene,1756.03,0.0,282,"PAHdb Anharmonic v1.00 (Module 02 out/anharmonic_1.00/bands.csv.gz), all transitions incl. overtones/combinations"
tetracene,1756.13,0.00542234,282,"PAHdb Anharmonic v1.00 (Module 02 out/anharmonic_1.00/bands.csv.gz), all transitions incl. overtones/combinations"
tetracene,1756.71,0.0221987,282,"PAHdb Anharmonic v1.00 (Module 02 out/anharmonic_1.00/bands.csv.gz), all transitions incl. overtones/combinations"
tetracene,1757.17,0.00063434,282,"PAHdb Anharmonic v1.00 (Module 02 out/anharmonic_1.00/bands.csv.gz), all transitions incl. overtones/combinations"
tetracene,1757.34,1e-08,282,"PAHdb Anharmonic v1.00 (Module 02 out/anharmonic_1.00/bands.csv.gz), all transitions incl. overtones/combinations"
tetracene,1758.04,0.0,282,"PAHdb Anharmonic v1.00 (Module 02 out/anharmonic_1.00/bands.csv.gz), all transitions incl. overtones/combinations"
tetracene,1758.98,0.0,282,"PAHdb Anharmonic v1.00 (Module 02 out/anharmonic_1.00/bands.csv.gz), all transitions incl. overtones/combinations"
tetracene,1759.52,0.00743853,282,"PAHdb Anharmonic v1.00 (Module 02 out/anharmonic_1.00/bands.csv.gz), all transitions incl. overtones/combinations"
tetracene,1759.73,0.00407636,282,"PAHdb Anharmonic v1.00 (Module 02 out/anharmonic_1.00/bands.csv.gz), all transitions incl. overtones/combinations"
tetracene,1759.8,0.0168494,282,"PAHdb Anharmonic v1.00 (Module 02 out/anharmonic_1.00/bands.csv.gz), all transitions incl. overtones/combinations"
tetracene,1760.15,0.0,282,"PAHdb Anharmonic v1.00 (Module 02 out/anharmonic_1.00/bands.csv.gz), all transitions incl. overtones/combinations"
tetracene,1760.36,0.0,282,"PAHdb Anharmonic v1.00 (Module 02 out/anharmonic_1.00/bands.csv.gz), all transitions incl. overtones/combinations"
tetracene,1760.69,0.0,282,"PAHdb Anharmonic v1.00 (Module 02 out/anharmonic_1.00/bands.csv.gz), all transitions incl. overtones/combinations"
tetracene,1761.09,0.0,282,"PAHdb Anharmonic v1.00 (Module 02 out/anharmonic_1.00/bands.csv.gz), all transitions incl. overtones/combinations"
tetracene,1761.2,0.0,282,"PAHdb Anharmonic v1.00 (Module 02 out/anharmonic_1.00/bands.csv.gz), all transitions incl. overtones/combinations"
tetracene,1761.52,0.00514171,282,"PAHdb Anharmonic v1.00 (Module 02 out/anharmonic_1.00/bands.csv.gz), all transitions incl. overtones/combinations"
tetracene,1762.01,0.00040029,282,"PAHdb Anharmonic v1.00 (Module 02 out/anharmonic_1.00/bands.csv.gz), all transitions incl. overtones/combinations"
tetracene,1764.76,0.0,282,"PAHdb Anharmonic v1.00 (Module 02 out/anharmonic_1.00/bands.csv.gz), all transitions incl. overtones/combinations"
tetracene,1764.91,0.0,282,"PAHdb Anharmonic v1.00 (Module 02 out/anharmonic_1.00/bands.csv.gz), all transitions incl. overtones/combinations"
tetracene,1764.93,0.00195196,282,"PAHdb Anharmonic v1.00 (Module 02 out/anharmonic_1.00/bands.csv.gz), all transitions incl. overtones/combinations"
tetracene,1765.79,0.0,282,"PAHdb Anharmonic v1.00 (Module 02 out/anharmonic_1.00/bands.csv.gz), all transitions incl. overtones/combinations"
tetracene,1765.88,0.0,282,"PAHdb Anharmonic v1.00 (Module 02 out/anharmonic_1.00/bands.csv.gz), all transitions incl. overtones/combinations"
tetracene,1765.95,0.0,282,"PAHdb Anharmonic v1.00 (Module 02 out/anharmonic_1.00/bands.csv.gz), all transitions incl. overtones/combinations"
tetracene,1766.15,0.00582797,282,"PAHdb Anharmonic v1.00 (Module 02 out/anharmonic_1.00/bands.csv.gz), all transitions incl. overtones/combinations"
tetracene,1766.84,0.0,282,"PAHdb Anharmonic v1.00 (Module 02 out/anharmonic_1.00/bands.csv.gz), all transitions incl. overtones/combinations"
tetracene,1768.46,0.0,282,"PAHdb Anharmonic v1.00 (Module 02 out/anharmonic_1.00/bands.csv.gz), all transitions incl. overtones/combinations"
tetracene,1768.61,0.00060358,282,"PAHdb Anharmonic v1.00 (Module 02 out/anharmonic_1.00/bands.csv.gz), all transitions incl. overtones/combinations"
tetracene,1768.87,0.0,282,"PAHdb Anharmonic v1.00 (Module 02 out/anharmonic_1.00/bands.csv.gz), all transitions incl. overtones/combinations"
tetracene,1768.97,0.0,282,"PAHdb Anharmonic v1.00 (Module 02 out/anharmonic_1.00/bands.csv.gz), all transitions incl. overtones/combinations"
tetracene,1769.75,0.0,282,"PAHdb Anharmonic v1.00 (Module 02 out/anharmonic_1.00/bands.csv.gz), all transitions incl. overtones/combinations"
tetracene,1772.12,0.0661995,282,"PAHdb Anharmonic v1.00 (Module 02 out/anharmonic_1.00/bands.csv.gz), all transitions incl. overtones/combinations"
tetracene,1772.78,0.0,282,"PAHdb Anharmonic v1.00 (Module 02 out/anharmonic_1.00/bands.csv.gz), all transitions incl. overtones/combinations"
tetracene,1774.64,0.0,282,"PAHdb Anharmonic v1.00 (Module 02 out/anharmonic_1.00/bands.csv.gz), all transitions incl. overtones/combinations"
tetracene,1775.15,0.117892,282,"PAHdb Anharmonic v1.00 (Module 02 out/anharmonic_1.00/bands.csv.gz), all transitions incl. overtones/combinations"
tetracene,1775.29,0.24886,282,"PAHdb Anharmonic v1.00 (Module 02 out/anharmonic_1.00/bands.csv.gz), all transitions incl. overtones/combinations"
tetracene,1775.88,0.0,282,"PAHdb Anharmonic v1.00 (Module 02 out/anharmonic_1.00/bands.csv.gz), all transitions incl. overtones/combinations"
tetracene,1775.96,1e-08,282,"PAHdb Anharmonic v1.00 (Module 02 out/anharmonic_1.00/bands.csv.gz), all transitions incl. overtones/combinations"
tetracene,1776.49,0.0373851,282,"PAHdb Anharmonic v1.00 (Module 02 out/anharmonic_1.00/bands.csv.gz), all transitions incl. overtones/combinations"
tetracene,1776.9,0.0,282,"PAHdb Anharmonic v1.00 (Module 02 out/anharmonic_1.00/bands.csv.gz), all transitions incl. overtones/combinations"
tetracene,1777.3,0.885065,282,"PAHdb Anharmonic v1.00 (Module 02 out/anharmonic_1.00/bands.csv.gz), all transitions incl. overtones/combinations"
tetracene,1778.74,0.0,282,"PAHdb Anharmonic v1.00 (Module 02 out/anharmonic_1.00/bands.csv.gz), all transitions incl. overtones/combinations"
tetracene,1778.82,0.0342757,282,"PAHdb Anharmonic v1.00 (Module 02 out/anharmonic_1.00/bands.csv.gz), all transitions incl. overtones/combinations"
tetracene,1779.35,0.00115045,282,"PAHdb Anharmonic v1.00 (Module 02 out/anharmonic_1.00/bands.csv.gz), all transitions incl. overtones/combinations"
tetracene,1780.21,0.206201,282,"PAHdb Anharmonic v1.00 (Module 02 out/anharmonic_1.00/bands.csv.gz), all transitions incl. overtones/combinations"
tetracene,1781.56,0.0,282,"PAHdb Anharmonic v1.00 (Module 02 out/anharmonic_1.00/bands.csv.gz), all transitions incl. overtones/combinations"
tetracene,1783.49,0.0,282,"PAHdb Anharmonic v1.00 (Module 02 out/anharmonic_1.00/bands.csv.gz), all transitions incl. overtones/combinations"
tetracene,1783.84,0.00229212,282,"PAHdb Anharmonic v1.00 (Module 02 out/anharmonic_1.00/bands.csv.gz), all transitions incl. overtones/combinations"
tetracene,1784.97,0.263355,282,"PAHdb Anharmonic v1.00 (Module 02 out/anharmonic_1.00/bands.csv.gz), all transitions incl. overtones/combinations"
tetracene,1785.19,0.0,282,"PAHdb Anharmonic v1.00 (Module 02 out/anharmonic_1.00/bands.csv.gz), all transitions incl. overtones/combinations"
tetracene,1785.27,0.00077562,282,"PAHdb Anharmonic v1.00 (Module 02 out/anharmonic_1.00/bands.csv.gz), all transitions incl. overtones/combinations"
tetracene,1785.89,0.00579269,282,"PAHdb Anharmonic v1.00 (Module 02 out/anharmonic_1.00/bands.csv.gz), all transitions incl. overtones/combinations"
tetracene,1787.3,0.0,282,"PAHdb Anharmonic v1.00 (Module 02 out/anharmonic_1.00/bands.csv.gz), all transitions incl. overtones/combinations"
tetracene,1788.3,0.0,282,"PAHdb Anharmonic v1.00 (Module 02 out/anharmonic_1.00/bands.csv.gz), all transitions incl. overtones/combinations"
tetracene,1788.61,0.00093785,282,"PAHdb Anharmonic v1.00 (Module 02 out/anharmonic_1.00/bands.csv.gz), all transitions incl. overtones/combinations"
tetracene,1789.63,0.0,282,"PAHdb Anharmonic v1.00 (Module 02 out/anharmonic_1.00/bands.csv.gz), all transitions incl. overtones/combinations"
tetracene,1789.81,0.0,282,"PAHdb Anharmonic v1.00 (Module 02 out/anharmonic_1.00/bands.csv.gz), all transitions incl. overtones/combinations"
tetracene,1790.25,0.0307407,282,"PAHdb Anharmonic v1.00 (Module 02 out/anharmonic_1.00/bands.csv.gz), all transitions incl. overtones/combinations"
tetracene,1790.71,0.0,282,"PAHdb Anharmonic v1.00 (Module 02 out/anharmonic_1.00/bands.csv.gz), all transitions incl. overtones/combinations"
tetracene,1792.43,2.24386,282,"PAHdb Anharmonic v1.00 (Module 02 out/anharmonic_1.00/bands.csv.gz), all transitions incl. overtones/combinations"
tetracene,1792.66,0.00272503,282,"PAHdb Anharmonic v1.00 (Module 02 out/anharmonic_1.00/bands.csv.gz), all transitions incl. overtones/combinations"
tetracene,1793.16,2e-08,282,"PAHdb Anharmonic v1.00 (Module 02 out/anharmonic_1.00/bands.csv.gz), all transitions incl. overtones/combinations"
tetracene,1794.27,0.0,282,"PAHdb Anharmonic v1.00 (Module 02 out/anharmonic_1.00/bands.csv.gz), all transitions incl. overtones/combinations"
tetracene,1794.49,0.00325048,282,"PAHdb Anharmonic v1.00 (Module 02 out/anharmonic_1.00/bands.csv.gz), all transitions incl. overtones/combinations"
tetracene,1795.31,0.121365,282,"PAHdb Anharmonic v1.00 (Module 02 out/anharmonic_1.00/bands.csv.gz), all transitions incl. overtones/combinations"
tetracene,1795.34,0.0,282,"PAHdb Anharmonic v1.00 (Module 02 out/anharmonic_1.00/bands.csv.gz), all transitions incl. overtones/combinations"
tetracene,1795.42,0.0,282,"PAHdb Anharmonic v1.00 (Module 02 out/anharmonic_1.00/bands.csv.gz), all transitions incl. overtones/combinations"
tetracene,1796.06,0.0,282,"PAHdb Anharmonic v1.00 (Module 02 out/anharmonic_1.00/bands.csv.gz), all transitions incl. overtones/combinations"
tetracene,1796.53,0.0,282,"PAHdb Anharmonic v1.00 (Module 02 out/anharmonic_1.00/bands.csv.gz), all transitions incl. overtones/combinations"
tetracene,1798.22,0.0975099,282,"PAHdb Anharmonic v1.00 (Module 02 out/anharmonic_1.00/bands.csv.gz), all transitions incl. overtones/combinations"
tetracene,1799.1,0.0,282,"PAHdb Anharmonic v1.00 (Module 02 out/anharmonic_1.00/bands.csv.gz), all transitions incl. overtones/combinations"
tetracene,1799.19,0.0,282,"PAHdb Anharmonic v1.00 (Module 02 out/anharmonic_1.00/bands.csv.gz), all transitions incl. overtones/combinations"
tetracene,1799.22,1.16743,282,"PAHdb Anharmonic v1.00 (Module 02 out/anharmonic_1.00/bands.csv.gz), all transitions incl. overtones/combinations"
tetracene,1800.46,0.00229663,282,"PAHdb Anharmonic v1.00 (Module 02 out/anharmonic_1.00/bands.csv.gz), all transitions incl. overtones/combinations"
tetracene,1800.59,0.0,282,"PAHdb Anharmonic v1.00 (Module 02 out/anharmonic_1.00/bands.csv.gz), all transitions incl. overtones/combinations"
tetracene,1801.08,0.0,282,"PAHdb Anharmonic v1.00 (Module 02 out/anharmonic_1.00/bands.csv.gz), all transitions incl. overtones/combinations"
tetracene,1801.56,0.0,282,"PAHdb Anharmonic v1.00 (Module 02 out/anharmonic_1.00/bands.csv.gz), all transitions incl. overtones/combinations"
tetracene,1802.29,3.59391,282,"PAHdb Anharmonic v1.00 (Module 02 out/anharmonic_1.00/bands.csv.gz), all transitions incl. overtones/combinations"
tetracene,1802.85,0.842612,282,"PAHdb Anharmonic v1.00 (Module 02 out/anharmonic_1.00/bands.csv.gz), all transitions incl. overtones/combinations"
tetracene,1804.39,0.0,282,"PAHdb Anharmonic v1.00 (Module 02 out/anharmonic_1.00/bands.csv.gz), all transitions incl. overtones/combinations"
tetracene,1804.94,0.0146339,282,"PAHdb Anharmonic v1.00 (Module 02 out/anharmonic_1.00/bands.csv.gz), all transitions incl. overtones/combinations"
tetracene,1805.3,0.0,282,"PAHdb Anharmonic v1.00 (Module 02 out/anharmonic_1.00/bands.csv.gz), all transitions incl. overtones/combinations"
tetracene,1807.74,0.0,282,"PAHdb Anharmonic v1.00 (Module 02 out/anharmonic_1.00/bands.csv.gz), all transitions incl. overtones/combinations"
tetracene,1810.56,0.0,282,"PAHdb Anharmonic v1.00 (Module 02 out/anharmonic_1.00/bands.csv.gz), all transitions incl. overtones/combinations"
tetracene,1811.73,0.0,282,"PAHdb Anharmonic v1.00 (Module 02 out/anharmonic_1.00/bands.csv.gz), all transitions incl. overtones/combinations"
tetracene,1811.75,0.0,282,"PAHdb Anharmonic v1.00 (Module 02 out/anharmonic_1.00/bands.csv.gz), all transitions incl. overtones/combinations"
tetracene,1812.16,0.00025498,282,"PAHdb Anharmonic v1.00 (Module 02 out/anharmonic_1.00/bands.csv.gz), all transitions incl. overtones/combinations"
tetracene,1812.58,0.0,282,"PAHdb Anharmonic v1.00 (Module 02 out/anharmonic_1.00/bands.csv.gz), all transitions incl. overtones/combinations"
tetracene,1812.74,0.0,282,"PAHdb Anharmonic v1.00 (Module 02 out/anharmonic_1.00/bands.csv.gz), all transitions incl. overtones/combinations"
tetracene,1812.79,3.02651,282,"PAHdb Anharmonic v1.00 (Module 02 out/anharmonic_1.00/bands.csv.gz), all transitions incl. overtones/combinations"
tetracene,1812.91,0.00300079,282,"PAHdb Anharmonic v1.00 (Module 02 out/anharmonic_1.00/bands.csv.gz), all transitions incl. overtones/combinations"
tetracene,1813.77,0.0,282,"PAHdb Anharmonic v1.00 (Module 02 out/anharmonic_1.00/bands.csv.gz), all transitions incl. overtones/combinations"
tetracene,1815.49,0.0,282,"PAHdb Anharmonic v1.00 (Module 02 out/anharmonic_1.00/bands.csv.gz), all transitions incl. overtones/combinations"
tetracene,1815.62,0.0178756,282,"PAHdb Anharmonic v1.00 (Module 02 out/anharmonic_1.00/bands.csv.gz), all transitions incl. overtones/combinations"
tetracene,1815.72,0.108172,282,"PAHdb Anharmonic v1.00 (Module 02 out/anharmonic_1.00/bands.csv.gz), all transitions incl. overtones/combinations"
tetracene,1816.37,0.00034881,282,"PAHdb Anharmonic v1.00 (Module 02 out/anharmonic_1.00/bands.csv.gz), all transitions incl. overtones/combinations"
tetracene,1817.22,0.0,282,"PAHdb Anharmonic v1.00 (Module 02 out/anharmonic_1.00/bands.csv.gz), all transitions incl. overtones/combinations"
tetracene,1820.04,0.0156288,282,"PAHdb Anharmonic v1.00 (Module 02 out/anharmonic_1.00/bands.csv.gz), all transitions incl. overtones/combinations"
tetracene,1821.42,0.00245544,282,"PAHdb Anharmonic v1.00 (Module 02 out/anharmonic_1.00/bands.csv.gz), all transitions incl. overtones/combinations"
tetracene,1823.45,0.0009475,282,"PAHdb Anharmonic v1.00 (Module 02 out/anharmonic_1.00/bands.csv.gz), all transitions incl. overtones/combinations"
tetracene,1824.03,0.0,282,"PAHdb Anharmonic v1.00 (Module 02 out/anharmonic_1.00/bands.csv.gz), all transitions incl. overtones/combinations"
tetracene,1824.52,1.16503,282,"PAHdb Anharmonic v1.00 (Module 02 out/anharmonic_1.00/bands.csv.gz), all transitions incl. overtones/combinations"
tetracene,1824.58,0.0,282,"PAHdb Anharmonic v1.00 (Module 02 out/anharmonic_1.00/bands.csv.gz), all transitions incl. overtones/combinations"
tetracene,1824.97,0.00024633,282,"PAHdb Anharmonic v1.00 (Module 02 out/anharmonic_1.00/bands.csv.gz), all transitions incl. overtones/combinations"
tetracene,1825.01,0.0,282,"PAHdb Anharmonic v1.00 (Module 02 out/anharmonic_1.00/bands.csv.gz), all transitions incl. overtones/combinations"
tetracene,1825.25,0.00946996,282,"PAHdb Anharmonic v1.00 (Module 02 out/anharmonic_1.00/bands.csv.gz), all transitions incl. overtones/combinations"
tetracene,1825.56,0.0,282,"PAHdb Anharmonic v1.00 (Module 02 out/anharmonic_1.00/bands.csv.gz), all transitions incl. overtones/combinations"
tetracene,1825.61,0.0119213,282,"PAHdb Anharmonic v1.00 (Module 02 out/anharmonic_1.00/bands.csv.gz), all transitions incl. overtones/combinations"
tetracene,1825.77,0.0,282,"PAHdb Anharmonic v1.00 (Module 02 out/anharmonic_1.00/bands.csv.gz), all transitions incl. overtones/combinations"
tetracene,1826.4,0.0,282,"PAHdb Anharmonic v1.00 (Module 02 out/anharmonic_1.00/bands.csv.gz), all transitions incl. overtones/combinations"
tetracene,1826.52,3e-08,282,"PAHdb Anharmonic v1.00 (Module 02 out/anharmonic_1.00/bands.csv.gz), all transitions incl. overtones/combinations"
tetracene,1827.53,0.0,282,"PAHdb Anharmonic v1.00 (Module 02 out/anharmonic_1.00/bands.csv.gz), all transitions incl. overtones/combinations"
tetracene,1828.22,0.0,282,"PAHdb Anharmonic v1.00 (Module 02 out/anharmonic_1.00/bands.csv.gz), all transitions incl. overtones/combinations"
tetracene,1830.15,0.0109228,282,"PAHdb Anharmonic v1.00 (Module 02 out/anharmonic_1.00/bands.csv.gz), all transitions incl. overtones/combinations"
tetracene,1830.19,0.0,282,"PAHdb Anharmonic v1.00 (Module 02 out/anharmonic_1.00/bands.csv.gz), all transitions incl. overtones/combinations"
tetracene,1830.51,0.0206127,282,"PAHdb Anharmonic v1.00 (Module 02 out/anharmonic_1.00/bands.csv.gz), all transitions incl. overtones/combinations"
tetracene,1830.72,0.0,282,"PAHdb Anharmonic v1.00 (Module 02 out/anharmonic_1.00/bands.csv.gz), all transitions incl. overtones/combinations"
tetracene,1831.37,0.0,282,"PAHdb Anharmonic v1.00 (Module 02 out/anharmonic_1.00/bands.csv.gz), all transitions incl. overtones/combinations"
tetracene,1831.92,0.0,282,"PAHdb Anharmonic v1.00 (Module 02 out/anharmonic_1.00/bands.csv.gz), all transitions incl. overtones/combinations"
tetracene,1832.08,0.0,282,"PAHdb Anharmonic v1.00 (Module 02 out/anharmonic_1.00/bands.csv.gz), all transitions incl. overtones/combinations"
tetracene,1833.4,0.0,282,"PAHdb Anharmonic v1.00 (Module 02 out/anharmonic_1.00/bands.csv.gz), all transitions incl. overtones/combinations"
tetracene,1833.66,0.0,282,"PAHdb Anharmonic v1.00 (Module 02 out/anharmonic_1.00/bands.csv.gz), all transitions incl. overtones/combinations"
tetracene,1838.52,1.81171,282,"PAHdb Anharmonic v1.00 (Module 02 out/anharmonic_1.00/bands.csv.gz), all transitions incl. overtones/combinations"
tetracene,1838.67,0.0,282,"PAHdb Anharmonic v1.00 (Module 02 out/anharmonic_1.00/bands.csv.gz), all transitions incl. overtones/combinations"
tetracene,1839.08,0.0,282,"PAHdb Anharmonic v1.00 (Module 02 out/anharmonic_1.00/bands.csv.gz), all transitions incl. overtones/combinations"
tetracene,1839.89,0.0,282,"PAHdb Anharmonic v1.00 (Module 02 out/anharmonic_1.00/bands.csv.gz), all transitions incl. overtones/combinations"
tetracene,1840.76,0.0,282,"PAHdb Anharmonic v1.00 (Module 02 out/anharmonic_1.00/bands.csv.gz), all transitions incl. overtones/combinations"
tetracene,1841.3,0.0,282,"PAHdb Anharmonic v1.00 (Module 02 out/anharmonic_1.00/bands.csv.gz), all transitions incl. overtones/combinations"
tetracene,1841.65,0.00203418,282,"PAHdb Anharmonic v1.00 (Module 02 out/anharmonic_1.00/bands.csv.gz), all transitions incl. overtones/combinations"
tetracene,1841.74,0.0,282,"PAHdb Anharmonic v1.00 (Module 02 out/anharmonic_1.00/bands.csv.gz), all transitions incl. overtones/combinations"
tetracene,1843.2,0.0,282,"PAHdb Anharmonic v1.00 (Module 02 out/anharmonic_1.00/bands.csv.gz), all transitions incl. overtones/combinations"
tetracene,1843.58,0.00672494,282,"PAHdb Anharmonic v1.00 (Module 02 out/anharmonic_1.00/bands.csv.gz), all transitions incl. overtones/combinations"
tetracene,1843.74,0.0,282,"PAHdb Anharmonic v1.00 (Module 02 out/anharmonic_1.00/bands.csv.gz), all transitions incl. overtones/combinations"
tetracene,1844.87,0.0,282,"PAHdb Anharmonic v1.00 (Module 02 out/anharmonic_1.00/bands.csv.gz), all transitions incl. overtones/combinations"
tetracene,1844.96,0.0,282,"PAHdb Anharmonic v1.00 (Module 02 out/anharmonic_1.00/bands.csv.gz), all transitions incl. overtones/combinations"
tetracene,1845.29,0.00093957,282,"PAHdb Anharmonic v1.00 (Module 02 out/anharmonic_1.00/bands.csv.gz), all transitions incl. overtones/combinations"
tetracene,1846.27,0.940759,282,"PAHdb Anharmonic v1.00 (Module 02 out/anharmonic_1.00/bands.csv.gz), all transitions incl. overtones/combinations"
tetracene,1846.9,0.0,282,"PAHdb Anharmonic v1.00 (Module 02 out/anharmonic_1.00/bands.csv.gz), all transitions incl. overtones/combinations"
tetracene,1846.99,0.0095998,282,"PAHdb Anharmonic v1.00 (Module 02 out/anharmonic_1.00/bands.csv.gz), all transitions incl. overtones/combinations"
tetracene,1847.5,0.0,282,"PAHdb Anharmonic v1.00 (Module 02 out/anharmonic_1.00/bands.csv.gz), all transitions incl. overtones/combinations"
tetracene,1848.35,0.0,282,"PAHdb Anharmonic v1.00 (Module 02 out/anharmonic_1.00/bands.csv.gz), all transitions incl. overtones/combinations"
tetracene,1848.75,0.0,282,"PAHdb Anharmonic v1.00 (Module 02 out/anharmonic_1.00/bands.csv.gz), all transitions incl. overtones/combinations"
tetracene,1848.81,3.78e-06,282,"PAHdb Anharmonic v1.00 (Module 02 out/anharmonic_1.00/bands.csv.gz), all transitions incl. overtones/combinations"
tetracene,1849.26,0.049144,282,"PAHdb Anharmonic v1.00 (Module 02 out/anharmonic_1.00/bands.csv.gz), all transitions incl. overtones/combinations"
tetracene,1849.46,0.0,282,"PAHdb Anharmonic v1.00 (Module 02 out/anharmonic_1.00/bands.csv.gz), all transitions incl. overtones/combinations"
tetracene,1849.53,0.0,282,"PAHdb Anharmonic v1.00 (Module 02 out/anharmonic_1.00/bands.csv.gz), all transitions incl. overtones/combinations"
tetracene,1849.89,0.0,282,"PAHdb Anharmonic v1.00 (Module 02 out/anharmonic_1.00/bands.csv.gz), all transitions incl. overtones/combinations"
tetracene,1850.07,0.0,282,"PAHdb Anharmonic v1.00 (Module 02 out/anharmonic_1.00/bands.csv.gz), all transitions incl. overtones/combinations"
tetracene,1850.15,0.578687,282,"PAHdb Anharmonic v1.00 (Module 02 out/anharmonic_1.00/bands.csv.gz), all transitions incl. overtones/combinations"
tetracene,1850.59,0.0,282,"PAHdb Anharmonic v1.00 (Module 02 out/anharmonic_1.00/bands.csv.gz), all transitions incl. overtones/combinations"
tetracene,1851.53,0.0,282,"PAHdb Anharmonic v1.00 (Module 02 out/anharmonic_1.00/bands.csv.gz), all transitions incl. overtones/combinations"
tetracene,1852.1,0.128446,282,"PAHdb Anharmonic v1.00 (Module 02 out/anharmonic_1.00/bands.csv.gz), all transitions incl. overtones/combinations"
tetracene,1852.68,0.0,282,"PAHdb Anharmonic v1.00 (Module 02 out/anharmonic_1.00/bands.csv.gz), all transitions incl. overtones/combinations"
tetracene,1853.63,0.00684772,282,"PAHdb Anharmonic v1.00 (Module 02 out/anharmonic_1.00/bands.csv.gz), all transitions incl. overtones/combinations"
tetracene,1854.5,0.0,282,"PAHdb Anharmonic v1.00 (Module 02 out/anharmonic_1.00/bands.csv.gz), all transitions incl. overtones/combinations"
tetracene,1854.53,0.0,282,"PAHdb Anharmonic v1.00 (Module 02 out/anharmonic_1.00/bands.csv.gz), all transitions incl. overtones/combinations"
tetracene,1854.97,0.0,282,"PAHdb Anharmonic v1.00 (Module 02 out/anharmonic_1.00/bands.csv.gz), all transitions incl. overtones/combinations"
tetracene,1855.51,0.0,282,"PAHdb Anharmonic v1.00 (Module 02 out/anharmonic_1.00/bands.csv.gz), all transitions incl. overtones/combinations"
tetracene,1858.43,0.0200983,282,"PAHdb Anharmonic v1.00 (Module 02 out/anharmonic_1.00/bands.csv.gz), all transitions incl. overtones/combinations"
tetracene,1859.18,0.0,282,"PAHdb Anharmonic v1.00 (Module 02 out/anharmonic_1.00/bands.csv.gz), all transitions incl. overtones/combinations"
tetracene,1859.25,0.0,282,"PAHdb Anharmonic v1.00 (Module 02 out/anharmonic_1.00/bands.csv.gz), all transitions incl. overtones/combinations"
tetracene,1859.78,0.0,282,"PAHdb Anharmonic v1.00 (Module 02 out/anharmonic_1.00/bands.csv.gz), all transitions incl. overtones/combinations"
tetracene,1860.42,0.0,282,"PAHdb Anharmonic v1.00 (Module 02 out/anharmonic_1.00/bands.csv.gz), all transitions incl. overtones/combinations"
tetracene,1860.46,0.0,282,"PAHdb Anharmonic v1.00 (Module 02 out/anharmonic_1.00/bands.csv.gz), all transitions incl. overtones/combinations"
tetracene,1860.61,0.612628,282,"PAHdb Anharmonic v1.00 (Module 02 out/anharmonic_1.00/bands.csv.gz), all transitions incl. overtones/combinations"
tetracene,1861.16,0.00086548,282,"PAHdb Anharmonic v1.00 (Module 02 out/anharmonic_1.00/bands.csv.gz), all transitions incl. overtones/combinations"
tetracene,1861.38,0.0,282,"PAHdb Anharmonic v1.00 (Module 02 out/anharmonic_1.00/bands.csv.gz), all transitions incl. overtones/combinations"
tetracene,1862.42,0.0,282,"PAHdb Anharmonic v1.00 (Module 02 out/anharmonic_1.00/bands.csv.gz), all transitions incl. overtones/combinations"
tetracene,1862.54,0.0309558,282,"PAHdb Anharmonic v1.00 (Module 02 out/anharmonic_1.00/bands.csv.gz), all transitions incl. overtones/combinations"
tetracene,1863.19,0.0,282,"PAHdb Anharmonic v1.00 (Module 02 out/anharmonic_1.00/bands.csv.gz), all transitions incl. overtones/combinations"
tetracene,1863.99,1.232e-05,282,"PAHdb Anharmonic v1.00 (Module 02 out/anharmonic_1.00/bands.csv.gz), all transitions incl. overtones/combinations"
tetracene,1865.71,0.0100778,282,"PAHdb Anharmonic v1.00 (Module 02 out/anharmonic_1.00/bands.csv.gz), all transitions incl. overtones/combinations"
tetracene,1865.76,0.0179264,282,"PAHdb Anharmonic v1.00 (Module 02 out/anharmonic_1.00/bands.csv.gz), all transitions incl. overtones/combinations"
tetracene,1865.89,0.0,282,"PAHdb Anharmonic v1.00 (Module 02 out/anharmonic_1.00/bands.csv.gz), all transitions incl. overtones/combinations"
tetracene,1866.04,0.013244,282,"PAHdb Anharmonic v1.00 (Module 02 out/anharmonic_1.00/bands.csv.gz), all transitions incl. overtones/combinations"
tetracene,1867.22,0.0,282,"PAHdb Anharmonic v1.00 (Module 02 out/anharmonic_1.00/bands.csv.gz), all transitions incl. overtones/combinations"
tetracene,1867.41,0.0,282,"PAHdb Anharmonic v1.00 (Module 02 out/anharmonic_1.00/bands.csv.gz), all transitions incl. overtones/combinations"
tetracene,1867.66,0.0,282,"PAHdb Anharmonic v1.00 (Module 02 out/anharmonic_1.00/bands.csv.gz), all transitions incl. overtones/combinations"
tetracene,1870.69,0.00140449,282,"PAHdb Anharmonic v1.00 (Module 02 out/anharmonic_1.00/bands.csv.gz), all transitions incl. overtones/combinations"
tetracene,1873.34,0.0,282,"PAHdb Anharmonic v1.00 (Module 02 out/anharmonic_1.00/bands.csv.gz), all transitions incl. overtones/combinations"
tetracene,1873.46,0.0,282,"PAHdb Anharmonic v1.00 (Module 02 out/anharmonic_1.00/bands.csv.gz), all transitions incl. overtones/combinations"
tetracene,1873.78,0.00326402,282,"PAHdb Anharmonic v1.00 (Module 02 out/anharmonic_1.00/bands.csv.gz), all transitions incl. overtones/combinations"
tetracene,1874.8,0.0,282,"PAHdb Anharmonic v1.00 (Module 02 out/anharmonic_1.00/bands.csv.gz), all transitions incl. overtones/combinations"
tetracene,1876.01,0.0,282,"PAHdb Anharmonic v1.00 (Module 02 out/anharmonic_1.00/bands.csv.gz), all transitions incl. overtones/combinations"
tetracene,1876.57,0.0354972,282,"PAHdb Anharmonic v1.00 (Module 02 out/anharmonic_1.00/bands.csv.gz), all transitions incl. overtones/combinations"
tetracene,1876.75,0.0,282,"PAHdb Anharmonic v1.00 (Module 02 out/anharmonic_1.00/bands.csv.gz), all transitions incl. overtones/combinations"
tetracene,1877.08,0.0,282,"PAHdb Anharmonic v1.00 (Module 02 out/anharmonic_1.00/bands.csv.gz), all transitions incl. overtones/combinations"
tetracene,1878.42,0.0,282,"PAHdb Anharmonic v1.00 (Module 02 out/anharmonic_1.00/bands.csv.gz), all transitions incl. overtones/combinations"
tetracene,1878.51,0.0096551,282,"PAHdb Anharmonic v1.00 (Module 02 out/anharmonic_1.00/bands.csv.gz), all transitions incl. overtones/combinations"
tetracene,1878.85,0.0,282,"PAHdb Anharmonic v1.00 (Module 02 out/anharmonic_1.00/bands.csv.gz), all transitions incl. overtones/combinations"
tetracene,1879.12,0.0,282,"PAHdb Anharmonic v1.00 (Module 02 out/anharmonic_1.00/bands.csv.gz), all transitions incl. overtones/combinations"
tetracene,1879.43,0.00697011,282,"PAHdb Anharmonic v1.00 (Module 02 out/anharmonic_1.00/bands.csv.gz), all transitions incl. overtones/combinations"
tetracene,1881.17,1.205e-05,282,"PAHdb Anharmonic v1.00 (Module 02 out/anharmonic_1.00/bands.csv.gz), all transitions incl. overtones/combinations"
tetracene,1881.59,0.0,282,"PAHdb Anharmonic v1.00 (Module 02 out/anharmonic_1.00/bands.csv.gz), all transitions incl. overtones/combinations"
tetracene,1881.61,0.0165273,282,"PAHdb Anharmonic v1.00 (Module 02 out/anharmonic_1.00/bands.csv.gz), all transitions incl. overtones/combinations"
tetracene,1882.25,0.0,282,"PAHdb Anharmonic v1.00 (Module 02 out/anharmonic_1.00/bands.csv.gz), all transitions incl. overtones/combinations"
tetracene,1882.51,0.0,282,"PAHdb Anharmonic v1.00 (Module 02 out/anharmonic_1.00/bands.csv.gz), all transitions incl. overtones/combinations"
tetracene,1882.55,0.00118052,282,"PAHdb Anharmonic v1.00 (Module 02 out/anharmonic_1.00/bands.csv.gz), all transitions incl. overtones/combinations"
tetracene,1883.15,0.0,282,"PAHdb Anharmonic v1.00 (Module 02 out/anharmonic_1.00/bands.csv.gz), all transitions incl. overtones/combinations"
tetracene,1883.68,0.0,282,"PAHdb Anharmonic v1.00 (Module 02 out/anharmonic_1.00/bands.csv.gz), all transitions incl. overtones/combinations"
tetracene,1884.48,0.0,282,"PAHdb Anharmonic v1.00 (Module 02 out/anharmonic_1.00/bands.csv.gz), all transitions incl. overtones/combinations"
tetracene,1885.03,0.0121193,282,"PAHdb Anharmonic v1.00 (Module 02 out/anharmonic_1.00/bands.csv.gz), all transitions incl. overtones/combinations"
tetracene,1885.29,0.0,282,"PAHdb Anharmonic v1.00 (Module 02 out/anharmonic_1.00/bands.csv.gz), all transitions incl. overtones/combinations"
tetracene,1885.94,0.0,282,"PAHdb Anharmonic v1.00 (Module 02 out/anharmonic_1.00/bands.csv.gz), all transitions incl. overtones/combinations"
tetracene,1885.95,0.0507982,282,"PAHdb Anharmonic v1.00 (Module 02 out/anharmonic_1.00/bands.csv.gz), all transitions incl. overtones/combinations"
tetracene,1887.2,0.0,282,"PAHdb Anharmonic v1.00 (Module 02 out/anharmonic_1.00/bands.csv.gz), all transitions incl. overtones/combinations"
tetracene,1888.49,0.0,282,"PAHdb Anharmonic v1.00 (Module 02 out/anharmonic_1.00/bands.csv.gz), all transitions incl. overtones/combinations"
tetracene,1888.95,0.00078001,282,"PAHdb Anharmonic v1.00 (Module 02 out/anharmonic_1.00/bands.csv.gz), all transitions incl. overtones/combinations"
tetracene,1889.89,0.00180317,282,"PAHdb Anharmonic v1.00 (Module 02 out/anharmonic_1.00/bands.csv.gz), all transitions incl. overtones/combinations"
tetracene,1890.2,0.0013691,282,"PAHdb Anharmonic v1.00 (Module 02 out/anharmonic_1.00/bands.csv.gz), all transitions incl. overtones/combinations"
tetracene,1892.8,0.0,282,"PAHdb Anharmonic v1.00 (Module 02 out/anharmonic_1.00/bands.csv.gz), all transitions incl. overtones/combinations"
tetracene,1893.53,0.0,282,"PAHdb Anharmonic v1.00 (Module 02 out/anharmonic_1.00/bands.csv.gz), all transitions incl. overtones/combinations"
tetracene,1893.68,0.0,282,"PAHdb Anharmonic v1.00 (Module 02 out/anharmonic_1.00/bands.csv.gz), all transitions incl. overtones/combinations"
tetracene,1894.68,0.117598,282,"PAHdb Anharmonic v1.00 (Module 02 out/anharmonic_1.00/bands.csv.gz), all transitions incl. overtones/combinations"
tetracene,1894.68,0.0,282,"PAHdb Anharmonic v1.00 (Module 02 out/anharmonic_1.00/bands.csv.gz), all transitions incl. overtones/combinations"
tetracene,1895.02,0.0,282,"PAHdb Anharmonic v1.00 (Module 02 out/anharmonic_1.00/bands.csv.gz), all transitions incl. overtones/combinations"
tetracene,1895.09,1.9e-07,282,"PAHdb Anharmonic v1.00 (Module 02 out/anharmonic_1.00/bands.csv.gz), all transitions incl. overtones/combinations"
tetracene,1895.09,0.114148,282,"PAHdb Anharmonic v1.00 (Module 02 out/anharmonic_1.00/bands.csv.gz), all transitions incl. overtones/combinations"
tetracene,1896.55,0.0,282,"PAHdb Anharmonic v1.00 (Module 02 out/anharmonic_1.00/bands.csv.gz), all transitions incl. overtones/combinations"
tetracene,1897.35,0.0347132,282,"PAHdb Anharmonic v1.00 (Module 02 out/anharmonic_1.00/bands.csv.gz), all transitions incl. overtones/combinations"
tetracene,1897.46,0.0,282,"PAHdb Anharmonic v1.00 (Module 02 out/anharmonic_1.00/bands.csv.gz), all transitions incl. overtones/combinations"
tetracene,1898.11,0.0,282,"PAHdb Anharmonic v1.00 (Module 02 out/anharmonic_1.00/bands.csv.gz), all transitions incl. overtones/combinations"
tetracene,1899.88,0.0,282,"PAHdb Anharmonic v1.00 (Module 02 out/anharmonic_1.00/bands.csv.gz), all transitions incl. overtones/combinations"
tetracene,1900.35,0.0,282,"PAHdb Anharmonic v1.00 (Module 02 out/anharmonic_1.00/bands.csv.gz), all transitions incl. overtones/combinations"
tetracene,1900.63,0.0,282,"PAHdb Anharmonic v1.00 (Module 02 out/anharmonic_1.00/bands.csv.gz), all transitions incl. overtones/combinations"
tetracene,1901.7,0.00121849,282,"PAHdb Anharmonic v1.00 (Module 02 out/anharmonic_1.00/bands.csv.gz), all transitions incl. overtones/combinations"
tetracene,1901.71,0.0,282,"PAHdb Anharmonic v1.00 (Module 02 out/anharmonic_1.00/bands.csv.gz), all transitions incl. overtones/combinations"
tetracene,1901.97,0.0,282,"PAHdb Anharmonic v1.00 (Module 02 out/anharmonic_1.00/bands.csv.gz), all transitions incl. overtones/combinations"
tetracene,1902.31,0.00173297,282,"PAHdb Anharmonic v1.00 (Module 02 out/anharmonic_1.00/bands.csv.gz), all transitions incl. overtones/combinations"
tetracene,1902.49,0.0,282,"PAHdb Anharmonic v1.00 (Module 02 out/anharmonic_1.00/bands.csv.gz), all transitions incl. overtones/combinations"
tetracene,1903.01,0.0,282,"PAHdb Anharmonic v1.00 (Module 02 out/anharmonic_1.00/bands.csv.gz), all transitions incl. overtones/combinations"
tetracene,1903.07,0.00347357,282,"PAHdb Anharmonic v1.00 (Module 02 out/anharmonic_1.00/bands.csv.gz), all transitions incl. overtones/combinations"
tetracene,1903.19,0.0,282,"PAHdb Anharmonic v1.00 (Module 02 out/anharmonic_1.00/bands.csv.gz), all transitions incl. overtones/combinations"
tetracene,1903.68,0.0020494,282,"PAHdb Anharmonic v1.00 (Module 02 out/anharmonic_1.00/bands.csv.gz), all transitions incl. overtones/combinations"
tetracene,1904.16,2.29669,282,"PAHdb Anharmonic v1.00 (Module 02 out/anharmonic_1.00/bands.csv.gz), all transitions incl. overtones/combinations"
tetracene,1904.69,0.0107529,282,"PAHdb Anharmonic v1.00 (Module 02 out/anharmonic_1.00/bands.csv.gz), all transitions incl. overtones/combinations"
tetracene,1905.73,0.0,282,"PAHdb Anharmonic v1.00 (Module 02 out/anharmonic_1.00/bands.csv.gz), all transitions incl. overtones/combinations"
tetracene,1906.06,0.0,282,"PAHdb Anharmonic v1.00 (Module 02 out/anharmonic_1.00/bands.csv.gz), all transitions incl. overtones/combinations"
tetracene,1906.33,0.0,282,"PAHdb Anharmonic v1.00 (Module 02 out/anharmonic_1.00/bands.csv.gz), all transitions incl. overtones/combinations"
tetracene,1906.69,0.00642365,282,"PAHdb Anharmonic v1.00 (Module 02 out/anharmonic_1.00/bands.csv.gz), all transitions incl. overtones/combinations"
tetracene,1906.86,0.0,282,"PAHdb Anharmonic v1.00 (Module 02 out/anharmonic_1.00/bands.csv.gz), all transitions incl. overtones/combinations"
tetracene,1907.05,0.00377279,282,"PAHdb Anharmonic v1.00 (Module 02 out/anharmonic_1.00/bands.csv.gz), all transitions incl. overtones/combinations"
tetracene,1907.6,0.0,282,"PAHdb Anharmonic v1.00 (Module 02 out/anharmonic_1.00/bands.csv.gz), all transitions incl. overtones/combinations"
tetracene,1909.58,0.0,282,"PAHdb Anharmonic v1.00 (Module 02 out/anharmonic_1.00/bands.csv.gz), all transitions incl. overtones/combinations"
tetracene,1910.37,0.0219312,282,"PAHdb Anharmonic v1.00 (Module 02 out/anharmonic_1.00/bands.csv.gz), all transitions incl. overtones/combinations"
tetracene,1912.73,2e-08,282,"PAHdb Anharmonic v1.00 (Module 02 out/anharmonic_1.00/bands.csv.gz), all transitions incl. overtones/combinations"
tetracene,1912.79,0.002522,282,"PAHdb Anharmonic v1.00 (Module 02 out/anharmonic_1.00/bands.csv.gz), all transitions incl. overtones/combinations"
tetracene,1913.09,0.0,282,"PAHdb Anharmonic v1.00 (Module 02 out/anharmonic_1.00/bands.csv.gz), all transitions incl. overtones/combinations"
tetracene,1913.4,0.0,282,"PAHdb Anharmonic v1.00 (Module 02 out/anharmonic_1.00/bands.csv.gz), all transitions incl. overtones/combinations"
tetracene,1913.57,0.0,282,"PAHdb Anharmonic v1.00 (Module 02 out/anharmonic_1.00/bands.csv.gz), all transitions incl. overtones/combinations"
tetracene,1915.18,0.0,282,"PAHdb Anharmonic v1.00 (Module 02 out/anharmonic_1.00/bands.csv.gz), all transitions incl. overtones/combinations"
tetracene,1915.42,0.0,282,"PAHdb Anharmonic v1.00 (Module 02 out/anharmonic_1.00/bands.csv.gz), all transitions incl. overtones/combinations"
tetracene,1915.95,0.0,282,"PAHdb Anharmonic v1.00 (Module 02 out/anharmonic_1.00/bands.csv.gz), all transitions incl. overtones/combinations"
tetracene,1917.39,0.0191001,282,"PAHdb Anharmonic v1.00 (Module 02 out/anharmonic_1.00/bands.csv.gz), all transitions incl. overtones/combinations"
tetracene,1917.84,0.0,282,"PAHdb Anharmonic v1.00 (Module 02 out/anharmonic_1.00/bands.csv.gz), all transitions incl. overtones/combinations"
tetracene,1918.01,0.0,282,"PAHdb Anharmonic v1.00 (Module 02 out/anharmonic_1.00/bands.csv.gz), all transitions incl. overtones/combinations"
tetracene,1918.13,1.50077,282,"PAHdb Anharmonic v1.00 (Module 02 out/anharmonic_1.00/bands.csv.gz), all transitions incl. overtones/combinations"
tetracene,1918.37,0.00550826,282,"PAHdb Anharmonic v1.00 (Module 02 out/anharmonic_1.00/bands.csv.gz), all transitions incl. overtones/combinations"
tetracene,1918.71,0.0,282,"PAHdb Anharmonic v1.00 (Module 02 out/anharmonic_1.00/bands.csv.gz), all transitions incl. overtones/combinations"
tetracene,1918.8,0.0,282,"PAHdb Anharmonic v1.00 (Module 02 out/anharmonic_1.00/bands.csv.gz), all transitions incl. overtones/combinations"
tetracene,1919.64,1.49635,282,"PAHdb Anharmonic v1.00 (Module 02 out/anharmonic_1.00/bands.csv.gz), all transitions incl. overtones/combinations"
tetracene,1919.66,0.0,282,"PAHdb Anharmonic v1.00 (Module 02 out/anharmonic_1.00/bands.csv.gz), all transitions incl. overtones/combinations"
tetracene,1919.77,0.0,282,"PAHdb Anharmonic v1.00 (Module 02 out/anharmonic_1.00/bands.csv.gz), all transitions incl. overtones/combinations"
tetracene,1920.03,0.0,282,"PAHdb Anharmonic v1.00 (Module 02 out/anharmonic_1.00/bands.csv.gz), all transitions incl. overtones/combinations"
tetracene,1920.36,0.0,282,"PAHdb Anharmonic v1.00 (Module 02 out/anharmonic_1.00/bands.csv.gz), all transitions incl. overtones/combinations"
tetracene,1920.66,0.0,282,"PAHdb Anharmonic v1.00 (Module 02 out/anharmonic_1.00/bands.csv.gz), all transitions incl. overtones/combinations"
tetracene,1920.9,0.00113155,282,"PAHdb Anharmonic v1.00 (Module 02 out/anharmonic_1.00/bands.csv.gz), all transitions incl. overtones/combinations"
tetracene,1921.03,0.00135486,282,"PAHdb Anharmonic v1.00 (Module 02 out/anharmonic_1.00/bands.csv.gz), all transitions incl. overtones/combinations"
tetracene,1921.5,0.0,282,"PAHdb Anharmonic v1.00 (Module 02 out/anharmonic_1.00/bands.csv.gz), all transitions incl. overtones/combinations"
tetracene,1922.34,0.00037395,282,"PAHdb Anharmonic v1.00 (Module 02 out/anharmonic_1.00/bands.csv.gz), all transitions incl. overtones/combinations"
tetracene,1922.63,0.00268049,282,"PAHdb Anharmonic v1.00 (Module 02 out/anharmonic_1.00/bands.csv.gz), all transitions incl. overtones/combinations"
tetracene,1922.65,0.0,282,"PAHdb Anharmonic v1.00 (Module 02 out/anharmonic_1.00/bands.csv.gz), all transitions incl. overtones/combinations"
tetracene,1923.15,0.0,282,"PAHdb Anharmonic v1.00 (Module 02 out/anharmonic_1.00/bands.csv.gz), all transitions incl. overtones/combinations"
tetracene,1924.12,0.00643327,282,"PAHdb Anharmonic v1.00 (Module 02 out/anharmonic_1.00/bands.csv.gz), all transitions incl. overtones/combinations"
tetracene,1925.21,0.0037844,282,"PAHdb Anharmonic v1.00 (Module 02 out/anharmonic_1.00/bands.csv.gz), all transitions incl. overtones/combinations"
tetracene,1927.79,0.0,282,"PAHdb Anharmonic v1.00 (Module 02 out/anharmonic_1.00/bands.csv.gz), all transitions incl. overtones/combinations"
tetracene,1928.64,0.0,282,"PAHdb Anharmonic v1.00 (Module 02 out/anharmonic_1.00/bands.csv.gz), all transitions incl. overtones/combinations"
tetracene,1928.69,0.0,282,"PAHdb Anharmonic v1.00 (Module 02 out/anharmonic_1.00/bands.csv.gz), all transitions incl. overtones/combinations"
tetracene,1928.86,0.0,282,"PAHdb Anharmonic v1.00 (Module 02 out/anharmonic_1.00/bands.csv.gz), all transitions incl. overtones/combinations"
tetracene,1931.23,0.0105366,282,"PAHdb Anharmonic v1.00 (Module 02 out/anharmonic_1.00/bands.csv.gz), all transitions incl. overtones/combinations"
tetracene,1931.42,0.0,282,"PAHdb Anharmonic v1.00 (Module 02 out/anharmonic_1.00/bands.csv.gz), all transitions incl. overtones/combinations"
tetracene,1931.84,0.0,282,"PAHdb Anharmonic v1.00 (Module 02 out/anharmonic_1.00/bands.csv.gz), all transitions incl. overtones/combinations"
tetracene,1932.16,0.0,282,"PAHdb Anharmonic v1.00 (Module 02 out/anharmonic_1.00/bands.csv.gz), all transitions incl. overtones/combinations"
tetracene,1933.54,0.0,282,"PAHdb Anharmonic v1.00 (Module 02 out/anharmonic_1.00/bands.csv.gz), all transitions incl. overtones/combinations"
tetracene,1933.62,0.0,282,"PAHdb Anharmonic v1.00 (Module 02 out/anharmonic_1.00/bands.csv.gz), all transitions incl. overtones/combinations"
tetracene,1933.92,0.00422934,282,"PAHdb Anharmonic v1.00 (Module 02 out/anharmonic_1.00/bands.csv.gz), all transitions incl. overtones/combinations"
tetracene,1934.0,0.0,282,"PAHdb Anharmonic v1.00 (Module 02 out/anharmonic_1.00/bands.csv.gz), all transitions incl. overtones/combinations"
tetracene,1934.15,5.81099,282,"PAHdb Anharmonic v1.00 (Module 02 out/anharmonic_1.00/bands.csv.gz), all transitions incl. overtones/combinations"
tetracene,1934.38,0.0013706,282,"PAHdb Anharmonic v1.00 (Module 02 out/anharmonic_1.00/bands.csv.gz), all transitions incl. overtones/combinations"
tetracene,1934.42,0.0,282,"PAHdb Anharmonic v1.00 (Module 02 out/anharmonic_1.00/bands.csv.gz), all transitions incl. overtones/combinations"
tetracene,1934.6,0.0,282,"PAHdb Anharmonic v1.00 (Module 02 out/anharmonic_1.00/bands.csv.gz), all transitions incl. overtones/combinations"
tetracene,1934.86,0.0,282,"PAHdb Anharmonic v1.00 (Module 02 out/anharmonic_1.00/bands.csv.gz), all transitions incl. overtones/combinations"
tetracene,1936.01,0.0,282,"PAHdb Anharmonic v1.00 (Module 02 out/anharmonic_1.00/bands.csv.gz), all transitions incl. overtones/combinations"
tetracene,1936.59,0.0,282,"PAHdb Anharmonic v1.00 (Module 02 out/anharmonic_1.00/bands.csv.gz), all transitions incl. overtones/combinations"
tetracene,1937.94,0.00391098,282,"PAHdb Anharmonic v1.00 (Module 02 out/anharmonic_1.00/bands.csv.gz), all transitions incl. overtones/combinations"
tetracene,1938.07,0.0,282,"PAHdb Anharmonic v1.00 (Module 02 out/anharmonic_1.00/bands.csv.gz), all transitions incl. overtones/combinations"
tetracene,1939.61,0.00084898,282,"PAHdb Anharmonic v1.00 (Module 02 out/anharmonic_1.00/bands.csv.gz), all transitions incl. overtones/combinations"
tetracene,1942.23,0.0,282,"PAHdb Anharmonic v1.00 (Module 02 out/anharmonic_1.00/bands.csv.gz), all transitions incl. overtones/combinations"
tetracene,1942.28,0.0100101,282,"PAHdb Anharmonic v1.00 (Module 02 out/anharmonic_1.00/bands.csv.gz), all transitions incl. overtones/combinations"
tetracene,1942.55,0.587069,282,"PAHdb Anharmonic v1.00 (Module 02 out/anharmonic_1.00/bands.csv.gz), all transitions incl. overtones/combinations"
tetracene,1943.19,0.00208304,282,"PAHdb Anharmonic v1.00 (Module 02 out/anharmonic_1.00/bands.csv.gz), all transitions incl. overtones/combinations"
tetracene,1943.25,0.0,282,"PAHdb Anharmonic v1.00 (Module 02 out/anharmonic_1.00/bands.csv.gz), all transitions incl. overtones/combinations"
tetracene,1943.39,0.0,282,"PAHdb Anharmonic v1.00 (Module 02 out/anharmonic_1.00/bands.csv.gz), all transitions incl. overtones/combinations"
tetracene,1945.14,0.0,282,"PAHdb Anharmonic v1.00 (Module 02 out/anharmonic_1.00/bands.csv.gz), all transitions incl. overtones/combinations"
tetracene,1945.49,0.0,282,"PAHdb Anharmonic v1.00 (Module 02 out/anharmonic_1.00/bands.csv.gz), all transitions incl. overtones/combinations"
tetracene,1945.7,0.0,282,"PAHdb Anharmonic v1.00 (Module 02 out/anharmonic_1.00/bands.csv.gz), all transitions incl. overtones/combinations"
tetracene,1945.72,0.0,282,"PAHdb Anharmonic v1.00 (Module 02 out/anharmonic_1.00/bands.csv.gz), all transitions incl. overtones/combinations"
tetracene,1947.22,0.0,282,"PAHdb Anharmonic v1.00 (Module 02 out/anharmonic_1.00/bands.csv.gz), all transitions incl. overtones/combinations"
tetracene,1948.27,0.0,282,"PAHdb Anharmonic v1.00 (Module 02 out/anharmonic_1.00/bands.csv.gz), all transitions incl. overtones/combinations"
tetracene,1948.27,1.4e-07,282,"PAHdb Anharmonic v1.00 (Module 02 out/anharmonic_1.00/bands.csv.gz), all transitions incl. overtones/combinations"
tetracene,1948.71,0.00328177,282,"PAHdb Anharmonic v1.00 (Module 02 out/anharmonic_1.00/bands.csv.gz), all transitions incl. overtones/combinations"
tetracene,1949.25,0.0,282,"PAHdb Anharmonic v1.00 (Module 02 out/anharmonic_1.00/bands.csv.gz), all transitions incl. overtones/combinations"
tetracene,1949.72,0.0,282,"PAHdb Anharmonic v1.00 (Module 02 out/anharmonic_1.00/bands.csv.gz), all transitions incl. overtones/combinations"
tetracene,1952.22,0.0,282,"PAHdb Anharmonic v1.00 (Module 02 out/anharmonic_1.00/bands.csv.gz), all transitions incl. overtones/combinations"
tetracene,1952.31,0.0,282,"PAHdb Anharmonic v1.00 (Module 02 out/anharmonic_1.00/bands.csv.gz), all transitions incl. overtones/combinations"
tetracene,1952.86,0.0,282,"PAHdb Anharmonic v1.00 (Module 02 out/anharmonic_1.00/bands.csv.gz), all transitions incl. overtones/combinations"
tetracene,1954.19,0.0103266,282,"PAHdb Anharmonic v1.00 (Module 02 out/anharmonic_1.00/bands.csv.gz), all transitions incl. overtones/combinations"
tetracene,1954.44,0.0,282,"PAHdb Anharmonic v1.00 (Module 02 out/anharmonic_1.00/bands.csv.gz), all transitions incl. overtones/combinations"
tetracene,1955.11,0.0,282,"PAHdb Anharmonic v1.00 (Module 02 out/anharmonic_1.00/bands.csv.gz), all transitions incl. overtones/combinations"
tetracene,1955.32,0.0016711,282,"PAHdb Anharmonic v1.00 (Module 02 out/anharmonic_1.00/bands.csv.gz), all transitions incl. overtones/combinations"
tetracene,1956.07,0.0095571,282,"PAHdb Anharmonic v1.00 (Module 02 out/anharmonic_1.00/bands.csv.gz), all transitions incl. overtones/combinations"
tetracene,1956.52,0.00062037,282,"PAHdb Anharmonic v1.00 (Module 02 out/anharmonic_1.00/bands.csv.gz), all transitions incl. overtones/combinations"
tetracene,1957.88,0.00016878,282,"PAHdb Anharmonic v1.00 (Module 02 out/anharmonic_1.00/bands.csv.gz), all transitions incl. overtones/combinations"
tetracene,1958.25,0.0,282,"PAHdb Anharmonic v1.00 (Module 02 out/anharmonic_1.00/bands.csv.gz), all transitions incl. overtones/combinations"
tetracene,1958.26,0.0,282,"PAHdb Anharmonic v1.00 (Module 02 out/anharmonic_1.00/bands.csv.gz), all transitions incl. overtones/combinations"
tetracene,1958.62,0.0,282,"PAHdb Anharmonic v1.00 (Module 02 out/anharmonic_1.00/bands.csv.gz), all transitions incl. overtones/combinations"
tetracene,1958.84,0.0,282,"PAHdb Anharmonic v1.00 (Module 02 out/anharmonic_1.00/bands.csv.gz), all transitions incl. overtones/combinations"
tetracene,1959.04,0.0152113,282,"PAHdb Anharmonic v1.00 (Module 02 out/anharmonic_1.00/bands.csv.gz), all transitions incl. overtones/combinations"
tetracene,1959.28,0.0,282,"PAHdb Anharmonic v1.00 (Module 02 out/anharmonic_1.00/bands.csv.gz), all transitions incl. overtones/combinations"
tetracene,1960.36,0.0,282,"PAHdb Anharmonic v1.00 (Module 02 out/anharmonic_1.00/bands.csv.gz), all transitions incl. overtones/combinations"
tetracene,1960.61,0.0,282,"PAHdb Anharmonic v1.00 (Module 02 out/anharmonic_1.00/bands.csv.gz), all transitions incl. overtones/combinations"
tetracene,1960.95,0.0,282,"PAHdb Anharmonic v1.00 (Module 02 out/anharmonic_1.00/bands.csv.gz), all transitions incl. overtones/combinations"
tetracene,1961.81,0.0,282,"PAHdb Anharmonic v1.00 (Module 02 out/anharmonic_1.00/bands.csv.gz), all transitions incl. overtones/combinations"
tetracene,1961.94,0.0124552,282,"PAHdb Anharmonic v1.00 (Module 02 out/anharmonic_1.00/bands.csv.gz), all transitions incl. overtones/combinations"
tetracene,1962.26,0.0,282,"PAHdb Anharmonic v1.00 (Module 02 out/anharmonic_1.00/bands.csv.gz), all transitions incl. overtones/combinations"
tetracene,1963.87,0.00144518,282,"PAHdb Anharmonic v1.00 (Module 02 out/anharmonic_1.00/bands.csv.gz), all transitions incl. overtones/combinations"
tetracene,1965.55,0.0,282,"PAHdb Anharmonic v1.00 (Module 02 out/anharmonic_1.00/bands.csv.gz), all transitions incl. overtones/combinations"
tetracene,1966.35,0.00584071,282,"PAHdb Anharmonic v1.00 (Module 02 out/anharmonic_1.00/bands.csv.gz), all transitions incl. overtones/combinations"
tetracene,1968.35,0.00132001,282,"PAHdb Anharmonic v1.00 (Module 02 out/anharmonic_1.00/bands.csv.gz), all transitions incl. overtones/combinations"
tetracene,1969.09,0.00144269,282,"PAHdb Anharmonic v1.00 (Module 02 out/anharmonic_1.00/bands.csv.gz), all transitions incl. overtones/combinations"
tetracene,1969.12,0.0,282,"PAHdb Anharmonic v1.00 (Module 02 out/anharmonic_1.00/bands.csv.gz), all transitions incl. overtones/combinations"
tetracene,1969.87,0.0,282,"PAHdb Anharmonic v1.00 (Module 02 out/anharmonic_1.00/bands.csv.gz), all transitions incl. overtones/combinations"
tetracene,1970.4,0.121793,282,"PAHdb Anharmonic v1.00 (Module 02 out/anharmonic_1.00/bands.csv.gz), all transitions incl. overtones/combinations"
tetracene,1974.13,0.0,282,"PAHdb Anharmonic v1.00 (Module 02 out/anharmonic_1.00/bands.csv.gz), all transitions incl. overtones/combinations"
tetracene,1974.24,0.0,282,"PAHdb Anharmonic v1.00 (Module 02 out/anharmonic_1.00/bands.csv.gz), all transitions incl. overtones/combinations"
tetracene,1975.47,0.0,282,"PAHdb Anharmonic v1.00 (Module 02 out/anharmonic_1.00/bands.csv.gz), all transitions incl. overtones/combinations"
tetracene,1975.58,0.0,282,"PAHdb Anharmonic v1.00 (Module 02 out/anharmonic_1.00/bands.csv.gz), all transitions incl. overtones/combinations"
tetracene,1976.37,0.0,282,"PAHdb Anharmonic v1.00 (Module 02 out/anharmonic_1.00/bands.csv.gz), all transitions incl. overtones/combinations"
tetracene,1977.53,0.00275871,282,"PAHdb Anharmonic v1.00 (Module 02 out/anharmonic_1.00/bands.csv.gz), all transitions incl. overtones/combinations"
tetracene,1979.07,0.0,282,"PAHdb Anharmonic v1.00 (Module 02 out/anharmonic_1.00/bands.csv.gz), all transitions incl. overtones/combinations"
tetracene,1979.21,0.0,282,"PAHdb Anharmonic v1.00 (Module 02 out/anharmonic_1.00/bands.csv.gz), all transitions incl. overtones/combinations"
tetracene,1979.89,0.00132533,282,"PAHdb Anharmonic v1.00 (Module 02 out/anharmonic_1.00/bands.csv.gz), all transitions incl. overtones/combinations"
tetracene,1980.54,9.425e-05,282,"PAHdb Anharmonic v1.00 (Module 02 out/anharmonic_1.00/bands.csv.gz), all transitions incl. overtones/combinations"
tetracene,1982.36,0.0,282,"PAHdb Anharmonic v1.00 (Module 02 out/anharmonic_1.00/bands.csv.gz), all transitions incl. overtones/combinations"
tetracene,1986.02,0.0,282,"PAHdb Anharmonic v1.00 (Module 02 out/anharmonic_1.00/bands.csv.gz), all transitions incl. overtones/combinations"
tetracene,1986.76,0.0,282,"PAHdb Anharmonic v1.00 (Module 02 out/anharmonic_1.00/bands.csv.gz), all transitions incl. overtones/combinations"
tetracene,1988.75,1.992e-05,282,"PAHdb Anharmonic v1.00 (Module 02 out/anharmonic_1.00/bands.csv.gz), all transitions incl. overtones/combinations"
tetracene,1988.85,0.00176834,282,"PAHdb Anharmonic v1.00 (Module 02 out/anharmonic_1.00/bands.csv.gz), all transitions incl. overtones/combinations"
tetracene,1990.64,0.0239705,282,"PAHdb Anharmonic v1.00 (Module 02 out/anharmonic_1.00/bands.csv.gz), all transitions incl. overtones/combinations"
tetracene,1991.66,0.0,282,"PAHdb Anharmonic v1.00 (Module 02 out/anharmonic_1.00/bands.csv.gz), all transitions incl. overtones/combinations"
tetracene,1991.75,0.0,282,"PAHdb Anharmonic v1.00 (Module 02 out/anharmonic_1.00/bands.csv.gz), all transitions incl. overtones/combinations"
tetracene,1992.13,9.75e-06,282,"PAHdb Anharmonic v1.00 (Module 02 out/anharmonic_1.00/bands.csv.gz), all transitions incl. overtones/combinations"
tetracene,1994.22,0.0,282,"PAHdb Anharmonic v1.00 (Module 02 out/anharmonic_1.00/bands.csv.gz), all transitions incl. overtones/combinations"
tetracene,1994.23,0.00450206,282,"PAHdb Anharmonic v1.00 (Module 02 out/anharmonic_1.00/bands.csv.gz), all transitions incl. overtones/combinations"
tetracene,1994.86,0.0,282,"PAHdb Anharmonic v1.00 (Module 02 out/anharmonic_1.00/bands.csv.gz), all transitions incl. overtones/combinations"
tetracene,1995.3,0.0,282,"PAHdb Anharmonic v1.00 (Module 02 out/anharmonic_1.00/bands.csv.gz), all transitions incl. overtones/combinations"
tetracene,1996.37,0.00039957,282,"PAHdb Anharmonic v1.00 (Module 02 out/anharmonic_1.00/bands.csv.gz), all transitions incl. overtones/combinations"
tetracene,1996.39,0.0,282,"PAHdb Anharmonic v1.00 (Module 02 out/anharmonic_1.00/bands.csv.gz), all transitions incl. overtones/combinations"
tetracene,1996.69,0.0,282,"PAHdb Anharmonic v1.00 (Module 02 out/anharmonic_1.00/bands.csv.gz), all transitions incl. overtones/combinations"
tetracene,1996.78,0.0,282,"PAHdb Anharmonic v1.00 (Module 02 out/anharmonic_1.00/bands.csv.gz), all transitions incl. overtones/combinations"
tetracene,1997.16,0.0,282,"PAHdb Anharmonic v1.00 (Module 02 out/anharmonic_1.00/bands.csv.gz), all transitions incl. overtones/combinations"
tetracene,1998.15,0.00610155,282,"PAHdb Anharmonic v1.00 (Module 02 out/anharmonic_1.00/bands.csv.gz), all transitions incl. overtones/combinations"
tetracene,1998.64,0.00291438,282,"PAHdb Anharmonic v1.00 (Module 02 out/anharmonic_1.00/bands.csv.gz), all transitions incl. overtones/combinations"
tetracene,1999.14,0.0,282,"PAHdb Anharmonic v1.00 (Module 02 out/anharmonic_1.00/bands.csv.gz), all transitions incl. overtones/combinations"
tetracene,1999.18,0.00597011,282,"PAHdb Anharmonic v1.00 (Module 02 out/anharmonic_1.00/bands.csv.gz), all transitions incl. overtones/combinations"
tetracene,1999.87,0.0,282,"PAHdb Anharmonic v1.00 (Module 02 out/anharmonic_1.00/bands.csv.gz), all transitions incl. overtones/combinations"
tetracene,2001.74,0.0,282,"PAHdb Anharmonic v1.00 (Module 02 out/anharmonic_1.00/bands.csv.gz), all transitions incl. overtones/combinations"
tetracene,2005.49,0.0,282,"PAHdb Anharmonic v1.00 (Module 02 out/anharmonic_1.00/bands.csv.gz), all transitions incl. overtones/combinations"
tetracene,2006.52,0.00526545,282,"PAHdb Anharmonic v1.00 (Module 02 out/anharmonic_1.00/bands.csv.gz), all transitions incl. overtones/combinations"
tetracene,2007.33,0.00205216,282,"PAHdb Anharmonic v1.00 (Module 02 out/anharmonic_1.00/bands.csv.gz), all transitions incl. overtones/combinations"
tetracene,2007.6,0.0,282,"PAHdb Anharmonic v1.00 (Module 02 out/anharmonic_1.00/bands.csv.gz), all transitions incl. overtones/combinations"
tetracene,2008.03,0.0,282,"PAHdb Anharmonic v1.00 (Module 02 out/anharmonic_1.00/bands.csv.gz), all transitions incl. overtones/combinations"
tetracene,2008.43,0.00300692,282,"PAHdb Anharmonic v1.00 (Module 02 out/anharmonic_1.00/bands.csv.gz), all transitions incl. overtones/combinations"
tetracene,2008.91,0.0400687,282,"PAHdb Anharmonic v1.00 (Module 02 out/anharmonic_1.00/bands.csv.gz), all transitions incl. overtones/combinations"
tetracene,2009.31,0.00024326,282,"PAHdb Anharmonic v1.00 (Module 02 out/anharmonic_1.00/bands.csv.gz), all transitions incl. overtones/combinations"
tetracene,2010.77,5.106e-05,282,"PAHdb Anharmonic v1.00 (Module 02 out/anharmonic_1.00/bands.csv.gz), all transitions incl. overtones/combinations"
tetracene,2011.94,0.0,282,"PAHdb Anharmonic v1.00 (Module 02 out/anharmonic_1.00/bands.csv.gz), all transitions incl. overtones/combinations"
tetracene,2013.1,0.0,282,"PAHdb Anharmonic v1.00 (Module 02 out/anharmonic_1.00/bands.csv.gz), all transitions incl. overtones/combinations"
tetracene,2013.29,0.0,282,"PAHdb Anharmonic v1.00 (Module 02 out/anharmonic_1.00/bands.csv.gz), all transitions incl. overtones/combinations"
tetracene,2013.32,0.00033694,282,"PAHdb Anharmonic v1.00 (Module 02 out/anharmonic_1.00/bands.csv.gz), all transitions incl. overtones/combinations"
tetracene,2013.35,0.0,282,"PAHdb Anharmonic v1.00 (Module 02 out/anharmonic_1.00/bands.csv.gz), all transitions incl. overtones/combinations"
tetracene,2013.42,0.157011,282,"PAHdb Anharmonic v1.00 (Module 02 out/anharmonic_1.00/bands.csv.gz), all transitions incl. overtones/combinations"
tetracene,2013.5,0.0,282,"PAHdb Anharmonic v1.00 (Module 02 out/anharmonic_1.00/bands.csv.gz), all transitions incl. overtones/combinations"
tetracene,2014.92,0.0,282,"PAHdb Anharmonic v1.00 (Module 02 out/anharmonic_1.00/bands.csv.gz), all transitions incl. overtones/combinations"
tetracene,2014.97,0.0,282,"PAHdb Anharmonic v1.00 (Module 02 out/anharmonic_1.00/bands.csv.gz), all transitions incl. overtones/combinations"
tetracene,2015.4,0.0,282,"PAHdb Anharmonic v1.00 (Module 02 out/anharmonic_1.00/bands.csv.gz), all transitions incl. overtones/combinations"
tetracene,2015.69,0.0,282,"PAHdb Anharmonic v1.00 (Module 02 out/anharmonic_1.00/bands.csv.gz), all transitions incl. overtones/combinations"
tetracene,2016.03,0.0,282,"PAHdb Anharmonic v1.00 (Module 02 out/anharmonic_1.00/bands.csv.gz), all transitions incl. overtones/combinations"
tetracene,2017.13,0.080629,282,"PAHdb Anharmonic v1.00 (Module 02 out/anharmonic_1.00/bands.csv.gz), all transitions incl. overtones/combinations"
tetracene,2017.81,0.0260799,282,"PAHdb Anharmonic v1.00 (Module 02 out/anharmonic_1.00/bands.csv.gz), all transitions incl. overtones/combinations"
tetracene,2018.02,0.0,282,"PAHdb Anharmonic v1.00 (Module 02 out/anharmonic_1.00/bands.csv.gz), all transitions incl. overtones/combinations"
tetracene,2018.14,2.169e-05,282,"PAHdb Anharmonic v1.00 (Module 02 out/anharmonic_1.00/bands.csv.gz), all transitions incl. overtones/combinations"
tetracene,2018.47,0.00073643,282,"PAHdb Anharmonic v1.00 (Module 02 out/anharmonic_1.00/bands.csv.gz), all transitions incl. overtones/combinations"
tetracene,2019.52,0.0,282,"PAHdb Anharmonic v1.00 (Module 02 out/anharmonic_1.00/bands.csv.gz), all transitions incl. overtones/combinations"
tetracene,2019.63,0.0205921,282,"PAHdb Anharmonic v1.00 (Module 02 out/anharmonic_1.00/bands.csv.gz), all transitions incl. overtones/combinations"
tetracene,2020.4,0.0,282,"PAHdb Anharmonic v1.00 (Module 02 out/anharmonic_1.00/bands.csv.gz), all transitions incl. overtones/combinations"
tetracene,2021.3,0.0,282,"PAHdb Anharmonic v1.00 (Module 02 out/anharmonic_1.00/bands.csv.gz), all transitions incl. overtones/combinations"
tetracene,2021.97,0.0,282,"PAHdb Anharmonic v1.00 (Module 02 out/anharmonic_1.00/bands.csv.gz), all transitions incl. overtones/combinations"
tetracene,2022.06,0.108001,282,"PAHdb Anharmonic v1.00 (Module 02 out/anharmonic_1.00/bands.csv.gz), all transitions incl. overtones/combinations"
tetracene,2022.39,0.0,282,"PAHdb Anharmonic v1.00 (Module 02 out/anharmonic_1.00/bands.csv.gz), all transitions incl. overtones/combinations"
tetracene,2023.01,0.0,282,"PAHdb Anharmonic v1.00 (Module 02 out/anharmonic_1.00/bands.csv.gz), all transitions incl. overtones/combinations"
tetracene,2023.07,0.0,282,"PAHdb Anharmonic v1.00 (Module 02 out/anharmonic_1.00/bands.csv.gz), all transitions incl. overtones/combinations"
tetracene,2023.19,0.00027025,282,"PAHdb Anharmonic v1.00 (Module 02 out/anharmonic_1.00/bands.csv.gz), all transitions incl. overtones/combinations"
tetracene,2024.5,0.0,282,"PAHdb Anharmonic v1.00 (Module 02 out/anharmonic_1.00/bands.csv.gz), all transitions incl. overtones/combinations"
tetracene,2024.77,0.0178863,282,"PAHdb Anharmonic v1.00 (Module 02 out/anharmonic_1.00/bands.csv.gz), all transitions incl. overtones/combinations"
tetracene,2025.0,0.0,282,"PAHdb Anharmonic v1.00 (Module 02 out/anharmonic_1.00/bands.csv.gz), all transitions incl. overtones/combinations"
tetracene,2025.79,0.0,282,"PAHdb Anharmonic v1.00 (Module 02 out/anharmonic_1.00/bands.csv.gz), all transitions incl. overtones/combinations"
tetracene,2026.03,0.0,282,"PAHdb Anharmonic v1.00 (Module 02 out/anharmonic_1.00/bands.csv.gz), all transitions incl. overtones/combinations"
tetracene,2026.32,0.0,282,"PAHdb Anharmonic v1.00 (Module 02 out/anharmonic_1.00/bands.csv.gz), all transitions incl. overtones/combinations"
tetracene,2026.7,0.0,282,"PAHdb Anharmonic v1.00 (Module 02 out/anharmonic_1.00/bands.csv.gz), all transitions incl. overtones/combinations"
tetracene,2026.71,0.0176402,282,"PAHdb Anharmonic v1.00 (Module 02 out/anharmonic_1.00/bands.csv.gz), all transitions incl. overtones/combinations"
tetracene,2027.31,0.0,282,"PAHdb Anharmonic v1.00 (Module 02 out/anharmonic_1.00/bands.csv.gz), all transitions incl. overtones/combinations"
tetracene,2027.6,0.0,282,"PAHdb Anharmonic v1.00 (Module 02 out/anharmonic_1.00/bands.csv.gz), all transitions incl. overtones/combinations"
tetracene,2027.81,0.0,282,"PAHdb Anharmonic v1.00 (Module 02 out/anharmonic_1.00/bands.csv.gz), all transitions incl. overtones/combinations"
tetracene,2028.44,0.0,282,"PAHdb Anharmonic v1.00 (Module 02 out/anharmonic_1.00/bands.csv.gz), all transitions incl. overtones/combinations"
tetracene,2028.68,0.0546993,282,"PAHdb Anharmonic v1.00 (Module 02 out/anharmonic_1.00/bands.csv.gz), all transitions incl. overtones/combinations"
tetracene,2028.96,0.0,282,"PAHdb Anharmonic v1.00 (Module 02 out/anharmonic_1.00/bands.csv.gz), all transitions incl. overtones/combinations"
tetracene,2029.28,0.0,282,"PAHdb Anharmonic v1.00 (Module 02 out/anharmonic_1.00/bands.csv.gz), all transitions incl. overtones/combinations"
tetracene,2029.65,0.00668137,282,"PAHdb Anharmonic v1.00 (Module 02 out/anharmonic_1.00/bands.csv.gz), all transitions incl. overtones/combinations"
tetracene,2030.39,0.00638738,282,"PAHdb Anharmonic v1.00 (Module 02 out/anharmonic_1.00/bands.csv.gz), all transitions incl. overtones/combinations"
tetracene,2030.78,0.0,282,"PAHdb Anharmonic v1.00 (Module 02 out/anharmonic_1.00/bands.csv.gz), all transitions incl. overtones/combinations"
tetracene,2031.25,0.0,282,"PAHdb Anharmonic v1.00 (Module 02 out/anharmonic_1.00/bands.csv.gz), all transitions incl. overtones/combinations"
tetracene,2031.46,0.0626016,282,"PAHdb Anharmonic v1.00 (Module 02 out/anharmonic_1.00/bands.csv.gz), all transitions incl. overtones/combinations"
tetracene,2031.8,0.0,282,"PAHdb Anharmonic v1.00 (Module 02 out/anharmonic_1.00/bands.csv.gz), all transitions incl. overtones/combinations"
tetracene,2032.14,0.0,282,"PAHdb Anharmonic v1.00 (Module 02 out/anharmonic_1.00/bands.csv.gz), all transitions incl. overtones/combinations"
tetracene,2034.51,0.0,282,"PAHdb Anharmonic v1.00 (Module 02 out/anharmonic_1.00/bands.csv.gz), all transitions incl. overtones/combinations"
tetracene,2034.8,0.0356804,282,"PAHdb Anharmonic v1.00 (Module 02 out/anharmonic_1.00/bands.csv.gz), all transitions incl. overtones/combinations"
tetracene,2035.25,0.0,282,"PAHdb Anharmonic v1.00 (Module 02 out/anharmonic_1.00/bands.csv.gz), all transitions incl. overtones/combinations"
tetracene,2035.41,0.0,282,"PAHdb Anharmonic v1.00 (Module 02 out/anharmonic_1.00/bands.csv.gz), all transitions incl. overtones/combinations"
tetracene,2037.29,0.00679812,282,"PAHdb Anharmonic v1.00 (Module 02 out/anharmonic_1.00/bands.csv.gz), all transitions incl. overtones/combinations"
tetracene,2038.05,0.0,282,"PAHdb Anharmonic v1.00 (Module 02 out/anharmonic_1.00/bands.csv.gz), all transitions incl. overtones/combinations"
tetracene,2038.07,0.0,282,"PAHdb Anharmonic v1.00 (Module 02 out/anharmonic_1.00/bands.csv.gz), all transitions incl. overtones/combinations"
tetracene,2039.52,0.0,282,"PAHdb Anharmonic v1.00 (Module 02 out/anharmonic_1.00/bands.csv.gz), all transitions incl. overtones/combinations"
tetracene,2040.38,0.0,282,"PAHdb Anharmonic v1.00 (Module 02 out/anharmonic_1.00/bands.csv.gz), all transitions incl. overtones/combinations"
tetracene,2040.46,0.0102998,282,"PAHdb Anharmonic v1.00 (Module 02 out/anharmonic_1.00/bands.csv.gz), all transitions incl. overtones/combinations"
tetracene,2041.08,0.0,282,"PAHdb Anharmonic v1.00 (Module 02 out/anharmonic_1.00/bands.csv.gz), all transitions incl. overtones/combinations"
tetracene,2041.29,0.0,282,"PAHdb Anharmonic v1.00 (Module 02 out/anharmonic_1.00/bands.csv.gz), all transitions incl. overtones/combinations"
tetracene,2041.9,0.0,282,"PAHdb Anharmonic v1.00 (Module 02 out/anharmonic_1.00/bands.csv.gz), all transitions incl. overtones/combinations"
tetracene,2044.1,0.0,282,"PAHdb Anharmonic v1.00 (Module 02 out/anharmonic_1.00/bands.csv.gz), all transitions incl. overtones/combinations"
tetracene,2044.31,0.0,282,"PAHdb Anharmonic v1.00 (Module 02 out/anharmonic_1.00/bands.csv.gz), all transitions incl. overtones/combinations"
tetracene,2044.39,0.0,282,"PAHdb Anharmonic v1.00 (Module 02 out/anharmonic_1.00/bands.csv.gz), all transitions incl. overtones/combinations"
tetracene,2044.44,0.015308,282,"PAHdb Anharmonic v1.00 (Module 02 out/anharmonic_1.00/bands.csv.gz), all transitions incl. overtones/combinations"
tetracene,2044.64,0.0,282,"PAHdb Anharmonic v1.00 (Module 02 out/anharmonic_1.00/bands.csv.gz), all transitions incl. overtones/combinations"
tetracene,2045.15,0.0,282,"PAHdb Anharmonic v1.00 (Module 02 out/anharmonic_1.00/bands.csv.gz), all transitions incl. overtones/combinations"
tetracene,2045.71,0.0,282,"PAHdb Anharmonic v1.00 (Module 02 out/anharmonic_1.00/bands.csv.gz), all transitions incl. overtones/combinations"
tetracene,2047.76,0.0,282,"PAHdb Anharmonic v1.00 (Module 02 out/anharmonic_1.00/bands.csv.gz), all transitions incl. overtones/combinations"
tetracene,2048.9,0.0130263,282,"PAHdb Anharmonic v1.00 (Module 02 out/anharmonic_1.00/bands.csv.gz), all transitions incl. overtones/combinations"
tetracene,2048.97,0.0035492,282,"PAHdb Anharmonic v1.00 (Module 02 out/anharmonic_1.00/bands.csv.gz), all transitions incl. overtones/combinations"
tetracene,2049.74,0.0,282,"PAHdb Anharmonic v1.00 (Module 02 out/anharmonic_1.00/bands.csv.gz), all transitions incl. overtones/combinations"
tetracene,2050.38,0.0,282,"PAHdb Anharmonic v1.00 (Module 02 out/anharmonic_1.00/bands.csv.gz), all transitions incl. overtones/combinations"
tetracene,2052.0,0.0303182,282,"PAHdb Anharmonic v1.00 (Module 02 out/anharmonic_1.00/bands.csv.gz), all transitions incl. overtones/combinations"
tetracene,2052.1,0.00465113,282,"PAHdb Anharmonic v1.00 (Module 02 out/anharmonic_1.00/bands.csv.gz), all transitions incl. overtones/combinations"
tetracene,2052.14,0.0,282,"PAHdb Anharmonic v1.00 (Module 02 out/anharmonic_1.00/bands.csv.gz), all transitions incl. overtones/combinations"
tetracene,2053.96,0.0441081,282,"PAHdb Anharmonic v1.00 (Module 02 out/anharmonic_1.00/bands.csv.gz), all transitions incl. overtones/combinations"
tetracene,2054.47,0.0,282,"PAHdb Anharmonic v1.00 (Module 02 out/anharmonic_1.00/bands.csv.gz), all transitions incl. overtones/combinations"
tetracene,2056.12,0.0,282,"PAHdb Anharmonic v1.00 (Module 02 out/anharmonic_1.00/bands.csv.gz), all transitions incl. overtones/combinations"
tetracene,2058.81,0.0,282,"PAHdb Anharmonic v1.00 (Module 02 out/anharmonic_1.00/bands.csv.gz), all transitions incl. overtones/combinations"
tetracene,2059.69,0.0,282,"PAHdb Anharmonic v1.00 (Module 02 out/anharmonic_1.00/bands.csv.gz), all transitions incl. overtones/combinations"
tetracene,2059.89,0.00156191,282,"PAHdb Anharmonic v1.00 (Module 02 out/anharmonic_1.00/bands.csv.gz), all transitions incl. overtones/combinations"
tetracene,2060.76,0.0201563,282,"PAHdb Anharmonic v1.00 (Module 02 out/anharmonic_1.00/bands.csv.gz), all transitions incl. overtones/combinations"
tetracene,2061.39,0.332595,282,"PAHdb Anharmonic v1.00 (Module 02 out/anharmonic_1.00/bands.csv.gz), all transitions incl. overtones/combinations"
tetracene,2062.16,0.0,282,"PAHdb Anharmonic v1.00 (Module 02 out/anharmonic_1.00/bands.csv.gz), all transitions incl. overtones/combinations"
tetracene,2062.54,0.0299095,282,"PAHdb Anharmonic v1.00 (Module 02 out/anharmonic_1.00/bands.csv.gz), all transitions incl. overtones/combinations"
tetracene,2062.85,0.00491029,282,"PAHdb Anharmonic v1.00 (Module 02 out/anharmonic_1.00/bands.csv.gz), all transitions incl. overtones/combinations"
tetracene,2063.05,0.0,282,"PAHdb Anharmonic v1.00 (Module 02 out/anharmonic_1.00/bands.csv.gz), all transitions incl. overtones/combinations"
tetracene,2063.4,0.0,282,"PAHdb Anharmonic v1.00 (Module 02 out/anharmonic_1.00/bands.csv.gz), all transitions incl. overtones/combinations"
tetracene,2063.78,0.0,282,"PAHdb Anharmonic v1.00 (Module 02 out/anharmonic_1.00/bands.csv.gz), all transitions incl. overtones/combinations"
tetracene,2064.76,0.0,282,"PAHdb Anharmonic v1.00 (Module 02 out/anharmonic_1.00/bands.csv.gz), all transitions incl. overtones/combinations"
tetracene,2064.82,0.0,282,"PAHdb Anharmonic v1.00 (Module 02 out/anharmonic_1.00/bands.csv.gz), all transitions incl. overtones/combinations"
tetracene,2066.43,0.00325058,282,"PAHdb Anharmonic v1.00 (Module 02 out/anharmonic_1.00/bands.csv.gz), all transitions incl. overtones/combinations"
tetracene,2067.46,0.00014939,282,"PAHdb Anharmonic v1.00 (Module 02 out/anharmonic_1.00/bands.csv.gz), all transitions incl. overtones/combinations"
tetracene,2068.06,0.0,282,"PAHdb Anharmonic v1.00 (Module 02 out/anharmonic_1.00/bands.csv.gz), all transitions incl. overtones/combinations"
tetracene,2068.78,0.00034247,282,"PAHdb Anharmonic v1.00 (Module 02 out/anharmonic_1.00/bands.csv.gz), all transitions incl. overtones/combinations"
tetracene,2070.1,0.0,282,"PAHdb Anharmonic v1.00 (Module 02 out/anharmonic_1.00/bands.csv.gz), all transitions incl. overtones/combinations"
tetracene,2070.34,0.0,282,"PAHdb Anharmonic v1.00 (Module 02 out/anharmonic_1.00/bands.csv.gz), all transitions incl. overtones/combinations"
tetracene,2071.71,0.0472164,282,"PAHdb Anharmonic v1.00 (Module 02 out/anharmonic_1.00/bands.csv.gz), all transitions incl. overtones/combinations"
tetracene,2072.01,0.0,282,"PAHdb Anharmonic v1.00 (Module 02 out/anharmonic_1.00/bands.csv.gz), all transitions incl. overtones/combinations"
tetracene,2073.12,0.0230797,282,"PAHdb Anharmonic v1.00 (Module 02 out/anharmonic_1.00/bands.csv.gz), all transitions incl. overtones/combinations"
tetracene,2073.37,0.0,282,"PAHdb Anharmonic v1.00 (Module 02 out/anharmonic_1.00/bands.csv.gz), all transitions incl. overtones/combinations"
tetracene,2073.66,0.0146259,282,"PAHdb Anharmonic v1.00 (Module 02 out/anharmonic_1.00/bands.csv.gz), all transitions incl. overtones/combinations"
tetracene,2075.93,0.0,282,"PAHdb Anharmonic v1.00 (Module 02 out/anharmonic_1.00/bands.csv.gz), all transitions incl. overtones/combinations"
tetracene,2076.37,0.0,282,"PAHdb Anharmonic v1.00 (Module 02 out/anharmonic_1.00/bands.csv.gz), all transitions incl. overtones/combinations"
tetracene,2077.4,0.0,282,"PAHdb Anharmonic v1.00 (Module 02 out/anharmonic_1.00/bands.csv.gz), all transitions incl. overtones/combinations"
tetracene,2078.92,0.0,282,"PAHdb Anharmonic v1.00 (Module 02 out/anharmonic_1.00/bands.csv.gz), all transitions incl. overtones/combinations"
tetracene,2079.96,0.0,282,"PAHdb Anharmonic v1.00 (Module 02 out/anharmonic_1.00/bands.csv.gz), all transitions incl. overtones/combinations"
tetracene,2080.49,0.0,282,"PAHdb Anharmonic v1.00 (Module 02 out/anharmonic_1.00/bands.csv.gz), all transitions incl. overtones/combinations"
tetracene,2080.6,0.0,282,"PAHdb Anharmonic v1.00 (Module 02 out/anharmonic_1.00/bands.csv.gz), all transitions incl. overtones/combinations"
tetracene,2081.15,1.361e-05,282,"PAHdb Anharmonic v1.00 (Module 02 out/anharmonic_1.00/bands.csv.gz), all transitions incl. overtones/combinations"
tetracene,2081.54,0.0,282,"PAHdb Anharmonic v1.00 (Module 02 out/anharmonic_1.00/bands.csv.gz), all transitions incl. overtones/combinations"
tetracene,2081.61,0.00157736,282,"PAHdb Anharmonic v1.00 (Module 02 out/anharmonic_1.00/bands.csv.gz), all transitions incl. overtones/combinations"
tetracene,2081.69,0.00287394,282,"PAHdb Anharmonic v1.00 (Module 02 out/anharmonic_1.00/bands.csv.gz), all transitions incl. overtones/combinations"
tetracene,2082.71,0.0229415,282,"PAHdb Anharmonic v1.00 (Module 02 out/anharmonic_1.00/bands.csv.gz), all transitions incl. overtones/combinations"
tetracene,2083.12,0.0,282,"PAHdb Anharmonic v1.00 (Module 02 out/anharmonic_1.00/bands.csv.gz), all transitions incl. overtones/combinations"
tetracene,2083.77,0.00448467,282,"PAHdb Anharmonic v1.00 (Module 02 out/anharmonic_1.00/bands.csv.gz), all transitions incl. overtones/combinations"
tetracene,2084.15,0.0,282,"PAHdb Anharmonic v1.00 (Module 02 out/anharmonic_1.00/bands.csv.gz), all transitions incl. overtones/combinations"
tetracene,2084.43,0.0,282,"PAHdb Anharmonic v1.00 (Module 02 out/anharmonic_1.00/bands.csv.gz), all transitions incl. overtones/combinations"
tetracene,2085.18,0.0,282,"PAHdb Anharmonic v1.00 (Module 02 out/anharmonic_1.00/bands.csv.gz), all transitions incl. overtones/combinations"
tetracene,2085.28,0.00104885,282,"PAHdb Anharmonic v1.00 (Module 02 out/anharmonic_1.00/bands.csv.gz), all transitions incl. overtones/combinations"
tetracene,2085.62,0.0,282,"PAHdb Anharmonic v1.00 (Module 02 out/anharmonic_1.00/bands.csv.gz), all transitions incl. overtones/combinations"
tetracene,2086.01,0.0,282,"PAHdb Anharmonic v1.00 (Module 02 out/anharmonic_1.00/bands.csv.gz), all transitions incl. overtones/combinations"
tetracene,2086.18,0.0,282,"PAHdb Anharmonic v1.00 (Module 02 out/anharmonic_1.00/bands.csv.gz), all transitions incl. overtones/combinations"
tetracene,2086.26,0.00261751,282,"PAHdb Anharmonic v1.00 (Module 02 out/anharmonic_1.00/bands.csv.gz), all transitions incl. overtones/combinations"
tetracene,2086.87,0.0,282,"PAHdb Anharmonic v1.00 (Module 02 out/anharmonic_1.00/bands.csv.gz), all transitions incl. overtones/combinations"
tetracene,2087.03,1.83e-06,282,"PAHdb Anharmonic v1.00 (Module 02 out/anharmonic_1.00/bands.csv.gz), all transitions incl. overtones/combinations"
tetracene,2089.16,0.0,282,"PAHdb Anharmonic v1.00 (Module 02 out/anharmonic_1.00/bands.csv.gz), all transitions incl. overtones/combinations"
tetracene,2090.04,0.0,282,"PAHdb Anharmonic v1.00 (Module 02 out/anharmonic_1.00/bands.csv.gz), all transitions incl. overtones/combinations"
tetracene,2092.62,0.0,282,"PAHdb Anharmonic v1.00 (Module 02 out/anharmonic_1.00/bands.csv.gz), all transitions incl. overtones/combinations"
tetracene,2093.28,0.0,282,"PAHdb Anharmonic v1.00 (Module 02 out/anharmonic_1.00/bands.csv.gz), all transitions incl. overtones/combinations"
tetracene,2094.08,0.0016599,282,"PAHdb Anharmonic v1.00 (Module 02 out/anharmonic_1.00/bands.csv.gz), all transitions incl. overtones/combinations"
tetracene,2094.64,0.0,282,"PAHdb Anharmonic v1.00 (Module 02 out/anharmonic_1.00/bands.csv.gz), all transitions incl. overtones/combinations"
tetracene,2096.08,0.0,282,"PAHdb Anharmonic v1.00 (Module 02 out/anharmonic_1.00/bands.csv.gz), all transitions incl. overtones/combinations"
tetracene,2097.11,0.00092194,282,"PAHdb Anharmonic v1.00 (Module 02 out/anharmonic_1.00/bands.csv.gz), all transitions incl. overtones/combinations"
tetracene,2097.32,0.00579499,282,"PAHdb Anharmonic v1.00 (Module 02 out/anharmonic_1.00/bands.csv.gz), all transitions incl. overtones/combinations"
tetracene,2097.45,0.00207742,282,"PAHdb Anharmonic v1.00 (Module 02 out/anharmonic_1.00/bands.csv.gz), all transitions incl. overtones/combinations"
tetracene,2097.57,0.0,282,"PAHdb Anharmonic v1.00 (Module 02 out/anharmonic_1.00/bands.csv.gz), all transitions incl. overtones/combinations"
tetracene,2097.67,0.0,282,"PAHdb Anharmonic v1.00 (Module 02 out/anharmonic_1.00/bands.csv.gz), all transitions incl. overtones/combinations"
tetracene,2098.65,0.00800493,282,"PAHdb Anharmonic v1.00 (Module 02 out/anharmonic_1.00/bands.csv.gz), all transitions incl. overtones/combinations"
tetracene,2098.93,0.129217,282,"PAHdb Anharmonic v1.00 (Module 02 out/anharmonic_1.00/bands.csv.gz), all transitions incl. overtones/combinations"
tetracene,2098.94,0.0,282,"PAHdb Anharmonic v1.00 (Module 02 out/anharmonic_1.00/bands.csv.gz), all transitions incl. overtones/combinations"
tetracene,2099.74,0.0,282,"PAHdb Anharmonic v1.00 (Module 02 out/anharmonic_1.00/bands.csv.gz), all transitions incl. overtones/combinations"
tetracene,2100.06,0.0,282,"PAHdb Anharmonic v1.00 (Module 02 out/anharmonic_1.00/bands.csv.gz), all transitions incl. overtones/combinations"
tetracene,2100.12,0.0,282,"PAHdb Anharmonic v1.00 (Module 02 out/anharmonic_1.00/bands.csv.gz), all transitions incl. overtones/combinations"
tetracene,2100.32,0.0,282,"PAHdb Anharmonic v1.00 (Module 02 out/anharmonic_1.00/bands.csv.gz), all transitions incl. overtones/combinations"
tetracene,2100.42,0.00375424,282,"PAHdb Anharmonic v1.00 (Module 02 out/anharmonic_1.00/bands.csv.gz), all transitions incl. overtones/combinations"
tetracene,2100.69,0.0,282,"PAHdb Anharmonic v1.00 (Module 02 out/anharmonic_1.00/bands.csv.gz), all transitions incl. overtones/combinations"
tetracene,2101.15,0.0,282,"PAHdb Anharmonic v1.00 (Module 02 out/anharmonic_1.00/bands.csv.gz), all transitions incl. overtones/combinations"
tetracene,2101.25,0.0,282,"PAHdb Anharmonic v1.00 (Module 02 out/anharmonic_1.00/bands.csv.gz), all transitions incl. overtones/combinations"
tetracene,2101.32,0.0,282,"PAHdb Anharmonic v1.00 (Module 02 out/anharmonic_1.00/bands.csv.gz), all transitions incl. overtones/combinations"
tetracene,2102.38,0.0,282,"PAHdb Anharmonic v1.00 (Module 02 out/anharmonic_1.00/bands.csv.gz), all transitions incl. overtones/combinations"
tetracene,2102.42,0.0,282,"PAHdb Anharmonic v1.00 (Module 02 out/anharmonic_1.00/bands.csv.gz), all transitions incl. overtones/combinations"
tetracene,2102.48,0.0,282,"PAHdb Anharmonic v1.00 (Module 02 out/anharmonic_1.00/bands.csv.gz), all transitions incl. overtones/combinations"
tetracene,2103.16,0.00644457,282,"PAHdb Anharmonic v1.00 (Module 02 out/anharmonic_1.00/bands.csv.gz), all transitions incl. overtones/combinations"
tetracene,2103.41,0.0507224,282,"PAHdb Anharmonic v1.00 (Module 02 out/anharmonic_1.00/bands.csv.gz), all transitions incl. overtones/combinations"
tetracene,2103.94,0.0,282,"PAHdb Anharmonic v1.00 (Module 02 out/anharmonic_1.00/bands.csv.gz), all transitions incl. overtones/combinations"
tetracene,2104.32,0.0021446,282,"PAHdb Anharmonic v1.00 (Module 02 out/anharmonic_1.00/bands.csv.gz), all transitions incl. overtones/combinations"
tetracene,2104.42,0.00077374,282,"PAHdb Anharmonic v1.00 (Module 02 out/anharmonic_1.00/bands.csv.gz), all transitions incl. overtones/combinations"
tetracene,2105.23,0.0,282,"PAHdb Anharmonic v1.00 (Module 02 out/anharmonic_1.00/bands.csv.gz), all transitions incl. overtones/combinations"
tetracene,2107.21,0.0,282,"PAHdb Anharmonic v1.00 (Module 02 out/anharmonic_1.00/bands.csv.gz), all transitions incl. overtones/combinations"
tetracene,2107.56,0.0,282,"PAHdb Anharmonic v1.00 (Module 02 out/anharmonic_1.00/bands.csv.gz), all transitions incl. overtones/combinations"
tetracene,2109.37,0.0,282,"PAHdb Anharmonic v1.00 (Module 02 out/anharmonic_1.00/bands.csv.gz), all transitions incl. overtones/combinations"
tetracene,2109.97,0.0,282,"PAHdb Anharmonic v1.00 (Module 02 out/anharmonic_1.00/bands.csv.gz), all transitions incl. overtones/combinations"
tetracene,2111.15,0.0,282,"PAHdb Anharmonic v1.00 (Module 02 out/anharmonic_1.00/bands.csv.gz), all transitions incl. overtones/combinations"
tetracene,2113.66,0.00057773,282,"PAHdb Anharmonic v1.00 (Module 02 out/anharmonic_1.00/bands.csv.gz), all transitions incl. overtones/combinations"
tetracene,2113.69,0.0,282,"PAHdb Anharmonic v1.00 (Module 02 out/anharmonic_1.00/bands.csv.gz), all transitions incl. overtones/combinations"
tetracene,2115.4,0.146766,282,"PAHdb Anharmonic v1.00 (Module 02 out/anharmonic_1.00/bands.csv.gz), all transitions incl. overtones/combinations"
tetracene,2115.56,0.0,282,"PAHdb Anharmonic v1.00 (Module 02 out/anharmonic_1.00/bands.csv.gz), all transitions incl. overtones/combinations"
tetracene,2115.74,0.0,282,"PAHdb Anharmonic v1.00 (Module 02 out/anharmonic_1.00/bands.csv.gz), all transitions incl. overtones/combinations"
tetracene,2115.83,0.0,282,"PAHdb Anharmonic v1.00 (Module 02 out/anharmonic_1.00/bands.csv.gz), all transitions incl. overtones/combinations"
tetracene,2117.06,0.0,282,"PAHdb Anharmonic v1.00 (Module 02 out/anharmonic_1.00/bands.csv.gz), all transitions incl. overtones/combinations"
tetracene,2117.29,0.0,282,"PAHdb Anharmonic v1.00 (Module 02 out/anharmonic_1.00/bands.csv.gz), all transitions incl. overtones/combinations"
tetracene,2117.57,0.0,282,"PAHdb Anharmonic v1.00 (Module 02 out/anharmonic_1.00/bands.csv.gz), all transitions incl. overtones/combinations"
tetracene,2120.78,0.0,282,"PAHdb Anharmonic v1.00 (Module 02 out/anharmonic_1.00/bands.csv.gz), all transitions incl. overtones/combinations"
tetracene,2121.33,0.0,282,"PAHdb Anharmonic v1.00 (Module 02 out/anharmonic_1.00/bands.csv.gz), all transitions incl. overtones/combinations"
tetracene,2122.32,0.0001238,282,"PAHdb Anharmonic v1.00 (Module 02 out/anharmonic_1.00/bands.csv.gz), all transitions incl. overtones/combinations"
tetracene,2122.44,0.0,282,"PAHdb Anharmonic v1.00 (Module 02 out/anharmonic_1.00/bands.csv.gz), all transitions incl. overtones/combinations"
tetracene,2122.54,0.0,282,"PAHdb Anharmonic v1.00 (Module 02 out/anharmonic_1.00/bands.csv.gz), all transitions incl. overtones/combinations"
tetracene,2123.55,0.00013994,282,"PAHdb Anharmonic v1.00 (Module 02 out/anharmonic_1.00/bands.csv.gz), all transitions incl. overtones/combinations"
tetracene,2124.02,0.0,282,"PAHdb Anharmonic v1.00 (Module 02 out/anharmonic_1.00/bands.csv.gz), all transitions incl. overtones/combinations"
tetracene,2125.12,0.0,282,"PAHdb Anharmonic v1.00 (Module 02 out/anharmonic_1.00/bands.csv.gz), all transitions incl. overtones/combinations"
tetracene,2125.74,0.0,282,"PAHdb Anharmonic v1.00 (Module 02 out/anharmonic_1.00/bands.csv.gz), all transitions incl. overtones/combinations"
tetracene,2125.85,0.0,282,"PAHdb Anharmonic v1.00 (Module 02 out/anharmonic_1.00/bands.csv.gz), all transitions incl. overtones/combinations"
tetracene,2127.75,0.0,282,"PAHdb Anharmonic v1.00 (Module 02 out/anharmonic_1.00/bands.csv.gz), all transitions incl. overtones/combinations"
tetracene,2127.77,8.2e-07,282,"PAHdb Anharmonic v1.00 (Module 02 out/anharmonic_1.00/bands.csv.gz), all transitions incl. overtones/combinations"
tetracene,2128.54,9.15e-06,282,"PAHdb Anharmonic v1.00 (Module 02 out/anharmonic_1.00/bands.csv.gz), all transitions incl. overtones/combinations"
tetracene,2129.22,0.0,282,"PAHdb Anharmonic v1.00 (Module 02 out/anharmonic_1.00/bands.csv.gz), all transitions incl. overtones/combinations"
tetracene,2130.04,0.00100129,282,"PAHdb Anharmonic v1.00 (Module 02 out/anharmonic_1.00/bands.csv.gz), all transitions incl. overtones/combinations"
tetracene,2130.43,0.0,282,"PAHdb Anharmonic v1.00 (Module 02 out/anharmonic_1.00/bands.csv.gz), all transitions incl. overtones/combinations"
tetracene,2131.79,0.0,282,"PAHdb Anharmonic v1.00 (Module 02 out/anharmonic_1.00/bands.csv.gz), all transitions incl. overtones/combinations"
tetracene,2132.63,0.0,282,"PAHdb Anharmonic v1.00 (Module 02 out/anharmonic_1.00/bands.csv.gz), all transitions incl. overtones/combinations"
tetracene,2133.87,0.0,282,"PAHdb Anharmonic v1.00 (Module 02 out/anharmonic_1.00/bands.csv.gz), all transitions incl. overtones/combinations"
tetracene,2134.96,0.0370052,282,"PAHdb Anharmonic v1.00 (Module 02 out/anharmonic_1.00/bands.csv.gz), all transitions incl. overtones/combinations"
tetracene,2135.53,0.00015036,282,"PAHdb Anharmonic v1.00 (Module 02 out/anharmonic_1.00/bands.csv.gz), all transitions incl. overtones/combinations"
tetracene,2135.63,0.0,282,"PAHdb Anharmonic v1.00 (Module 02 out/anharmonic_1.00/bands.csv.gz), all transitions incl. overtones/combinations"
tetracene,2135.65,0.0376912,282,"PAHdb Anharmonic v1.00 (Module 02 out/anharmonic_1.00/bands.csv.gz), all transitions incl. overtones/combinations"
tetracene,2135.68,0.0,282,"PAHdb Anharmonic v1.00 (Module 02 out/anharmonic_1.00/bands.csv.gz), all transitions incl. overtones/combinations"
tetracene,2135.69,0.0123838,282,"PAHdb Anharmonic v1.00 (Module 02 out/anharmonic_1.00/bands.csv.gz), all transitions incl. overtones/combinations"
tetracene,2135.85,0.0,282,"PAHdb Anharmonic v1.00 (Module 02 out/anharmonic_1.00/bands.csv.gz), all transitions incl. overtones/combinations"
tetracene,2136.23,0.0,282,"PAHdb Anharmonic v1.00 (Module 02 out/anharmonic_1.00/bands.csv.gz), all transitions incl. overtones/combinations"
tetracene,2136.24,0.0,282,"PAHdb Anharmonic v1.00 (Module 02 out/anharmonic_1.00/bands.csv.gz), all transitions incl. overtones/combinations"
tetracene,2136.3,0.0,282,"PAHdb Anharmonic v1.00 (Module 02 out/anharmonic_1.00/bands.csv.gz), all transitions incl. overtones/combinations"
tetracene,2136.36,0.0240567,282,"PAHdb Anharmonic v1.00 (Module 02 out/anharmonic_1.00/bands.csv.gz), all transitions incl. overtones/combinations"
tetracene,2136.47,0.20583,282,"PAHdb Anharmonic v1.00 (Module 02 out/anharmonic_1.00/bands.csv.gz), all transitions incl. overtones/combinations"
tetracene,2136.97,0.0,282,"PAHdb Anharmonic v1.00 (Module 02 out/anharmonic_1.00/bands.csv.gz), all transitions incl. overtones/combinations"
tetracene,2137.15,0.0,282,"PAHdb Anharmonic v1.00 (Module 02 out/anharmonic_1.00/bands.csv.gz), all transitions incl. overtones/combinations"
tetracene,2137.36,0.0,282,"PAHdb Anharmonic v1.00 (Module 02 out/anharmonic_1.00/bands.csv.gz), all transitions incl. overtones/combinations"
tetracene,2138.34,0.00075092,282,"PAHdb Anharmonic v1.00 (Module 02 out/anharmonic_1.00/bands.csv.gz), all transitions incl. overtones/combinations"
tetracene,2138.48,0.0,282,"PAHdb Anharmonic v1.00 (Module 02 out/anharmonic_1.00/bands.csv.gz), all transitions incl. overtones/combinations"
tetracene,2138.92,0.0,282,"PAHdb Anharmonic v1.00 (Module 02 out/anharmonic_1.00/bands.csv.gz), all transitions incl. overtones/combinations"
tetracene,2139.02,0.0,282,"PAHdb Anharmonic v1.00 (Module 02 out/anharmonic_1.00/bands.csv.gz), all transitions incl. overtones/combinations"
tetracene,2139.16,0.0,282,"PAHdb Anharmonic v1.00 (Module 02 out/anharmonic_1.00/bands.csv.gz), all transitions incl. overtones/combinations"
tetracene,2139.69,0.00018797,282,"PAHdb Anharmonic v1.00 (Module 02 out/anharmonic_1.00/bands.csv.gz), all transitions incl. overtones/combinations"
tetracene,2139.84,0.00248911,282,"PAHdb Anharmonic v1.00 (Module 02 out/anharmonic_1.00/bands.csv.gz), all transitions incl. overtones/combinations"
tetracene,2139.93,0.00191513,282,"PAHdb Anharmonic v1.00 (Module 02 out/anharmonic_1.00/bands.csv.gz), all transitions incl. overtones/combinations"
tetracene,2141.24,0.0,282,"PAHdb Anharmonic v1.00 (Module 02 out/anharmonic_1.00/bands.csv.gz), all transitions incl. overtones/combinations"
tetracene,2142.1,0.00177289,282,"PAHdb Anharmonic v1.00 (Module 02 out/anharmonic_1.00/bands.csv.gz), all transitions incl. overtones/combinations"
tetracene,2142.45,0.0157109,282,"PAHdb Anharmonic v1.00 (Module 02 out/anharmonic_1.00/bands.csv.gz), all transitions incl. overtones/combinations"
tetracene,2142.47,4.92e-06,282,"PAHdb Anharmonic v1.00 (Module 02 out/anharmonic_1.00/bands.csv.gz), all transitions incl. overtones/combinations"
tetracene,2144.0,0.0,282,"PAHdb Anharmonic v1.00 (Module 02 out/anharmonic_1.00/bands.csv.gz), all transitions incl. overtones/combinations"
tetracene,2145.68,0.0,282,"PAHdb Anharmonic v1.00 (Module 02 out/anharmonic_1.00/bands.csv.gz), all transitions incl. overtones/combinations"
tetracene,2146.58,0.00195051,282,"PAHdb Anharmonic v1.00 (Module 02 out/anharmonic_1.00/bands.csv.gz), all transitions incl. overtones/combinations"
tetracene,2147.1,0.0,282,"PAHdb Anharmonic v1.00 (Module 02 out/anharmonic_1.00/bands.csv.gz), all transitions incl. overtones/combinations"
tetracene,2147.32,6.856e-05,282,"PAHdb Anharmonic v1.00 (Module 02 out/anharmonic_1.00/bands.csv.gz), all transitions incl. overtones/combinations"
tetracene,2148.64,0.0,282,"PAHdb Anharmonic v1.00 (Module 02 out/anharmonic_1.00/bands.csv.gz), all transitions incl. overtones/combinations"
tetracene,2149.65,0.00932896,282,"PAHdb Anharmonic v1.00 (Module 02 out/anharmonic_1.00/bands.csv.gz), all transitions incl. overtones/combinations"
tetracene,2150.84,0.0,282,"PAHdb Anharmonic v1.00 (Module 02 out/anharmonic_1.00/bands.csv.gz), all transitions incl. overtones/combinations"
tetracene,2151.16,0.068624,282,"PAHdb Anharmonic v1.00 (Module 02 out/anharmonic_1.00/bands.csv.gz), all transitions incl. overtones/combinations"
tetracene,2152.87,0.0,282,"PAHdb Anharmonic v1.00 (Module 02 out/anharmonic_1.00/bands.csv.gz), all transitions incl. overtones/combinations"
tetracene,2152.99,0.0,282,"PAHdb Anharmonic v1.00 (Module 02 out/anharmonic_1.00/bands.csv.gz), all transitions incl. overtones/combinations"
tetracene,2153.08,0.0,282,"PAHdb Anharmonic v1.00 (Module 02 out/anharmonic_1.00/bands.csv.gz), all transitions incl. overtones/combinations"
tetracene,2153.18,0.00268802,282,"PAHdb Anharmonic v1.00 (Module 02 out/anharmonic_1.00/bands.csv.gz), all transitions incl. overtones/combinations"
tetracene,2153.47,0.0,282,"PAHdb Anharmonic v1.00 (Module 02 out/anharmonic_1.00/bands.csv.gz), all transitions incl. overtones/combinations"
tetracene,2154.85,0.0204083,282,"PAHdb Anharmonic v1.00 (Module 02 out/anharmonic_1.00/bands.csv.gz), all transitions incl. overtones/combinations"
tetracene,2155.99,0.0,282,"PAHdb Anharmonic v1.00 (Module 02 out/anharmonic_1.00/bands.csv.gz), all transitions incl. overtones/combinations"
tetracene,2156.12,0.0088754,282,"PAHdb Anharmonic v1.00 (Module 02 out/anharmonic_1.00/bands.csv.gz), all transitions incl. overtones/combinations"
tetracene,2157.44,0.00035934,282,"PAHdb Anharmonic v1.00 (Module 02 out/anharmonic_1.00/bands.csv.gz), all transitions incl. overtones/combinations"
tetracene,2157.54,0.0,282,"PAHdb Anharmonic v1.00 (Module 02 out/anharmonic_1.00/bands.csv.gz), all transitions incl. overtones/combinations"
tetracene,2157.67,0.0,282,"PAHdb Anharmonic v1.00 (Module 02 out/anharmonic_1.00/bands.csv.gz), all transitions incl. overtones/combinations"
tetracene,2157.92,0.0082786,282,"PAHdb Anharmonic v1.00 (Module 02 out/anharmonic_1.00/bands.csv.gz), all transitions incl. overtones/combinations"
tetracene,2158.55,0.0,282,"PAHdb Anharmonic v1.00 (Module 02 out/anharmonic_1.00/bands.csv.gz), all transitions incl. overtones/combinations"
tetracene,2158.59,0.0,282,"PAHdb Anharmonic v1.00 (Module 02 out/anharmonic_1.00/bands.csv.gz), all transitions incl. overtones/combinations"
tetracene,2159.21,0.00726603,282,"PAHdb Anharmonic v1.00 (Module 02 out/anharmonic_1.00/bands.csv.gz), all transitions incl. overtones/combinations"
tetracene,2160.46,0.0,282,"PAHdb Anharmonic v1.00 (Module 02 out/anharmonic_1.00/bands.csv.gz), all transitions incl. overtones/combinations"
tetracene,2162.02,0.0,282,"PAHdb Anharmonic v1.00 (Module 02 out/anharmonic_1.00/bands.csv.gz), all transitions incl. overtones/combinations"
tetracene,2162.28,0.0074612,282,"PAHdb Anharmonic v1.00 (Module 02 out/anharmonic_1.00/bands.csv.gz), all transitions incl. overtones/combinations"
tetracene,2162.39,0.0,282,"PAHdb Anharmonic v1.00 (Module 02 out/anharmonic_1.00/bands.csv.gz), all transitions incl. overtones/combinations"
tetracene,2162.63,0.0,282,"PAHdb Anharmonic v1.00 (Module 02 out/anharmonic_1.00/bands.csv.gz), all transitions incl. overtones/combinations"
tetracene,2163.78,0.0,282,"PAHdb Anharmonic v1.00 (Module 02 out/anharmonic_1.00/bands.csv.gz), all transitions incl. overtones/combinations"
tetracene,2163.91,0.00867364,282,"PAHdb Anharmonic v1.00 (Module 02 out/anharmonic_1.00/bands.csv.gz), all transitions incl. overtones/combinations"
tetracene,2164.58,0.00046354,282,"PAHdb Anharmonic v1.00 (Module 02 out/anharmonic_1.00/bands.csv.gz), all transitions incl. overtones/combinations"
tetracene,2164.9,0.0,282,"PAHdb Anharmonic v1.00 (Module 02 out/anharmonic_1.00/bands.csv.gz), all transitions incl. overtones/combinations"
tetracene,2167.48,0.0,282,"PAHdb Anharmonic v1.00 (Module 02 out/anharmonic_1.00/bands.csv.gz), all transitions incl. overtones/combinations"
tetracene,2167.66,0.0,282,"PAHdb Anharmonic v1.00 (Module 02 out/anharmonic_1.00/bands.csv.gz), all transitions incl. overtones/combinations"
tetracene,2168.26,0.0,282,"PAHdb Anharmonic v1.00 (Module 02 out/anharmonic_1.00/bands.csv.gz), all transitions incl. overtones/combinations"
tetracene,2169.27,0.0,282,"PAHdb Anharmonic v1.00 (Module 02 out/anharmonic_1.00/bands.csv.gz), all transitions incl. overtones/combinations"
tetracene,2171.04,0.00042435,282,"PAHdb Anharmonic v1.00 (Module 02 out/anharmonic_1.00/bands.csv.gz), all transitions incl. overtones/combinations"
tetracene,2171.69,0.00208384,282,"PAHdb Anharmonic v1.00 (Module 02 out/anharmonic_1.00/bands.csv.gz), all transitions incl. overtones/combinations"
tetracene,2171.82,0.0,282,"PAHdb Anharmonic v1.00 (Module 02 out/anharmonic_1.00/bands.csv.gz), all transitions incl. overtones/combinations"
tetracene,2172.28,1.817e-05,282,"PAHdb Anharmonic v1.00 (Module 02 out/anharmonic_1.00/bands.csv.gz), all transitions incl. overtones/combinations"
tetracene,2172.8,0.0,282,"PAHdb Anharmonic v1.00 (Module 02 out/anharmonic_1.00/bands.csv.gz), all transitions incl. overtones/combinations"
tetracene,2173.46,0.0,282,"PAHdb Anharmonic v1.00 (Module 02 out/anharmonic_1.00/bands.csv.gz), all transitions incl. overtones/combinations"
tetracene,2173.57,0.0,282,"PAHdb Anharmonic v1.00 (Module 02 out/anharmonic_1.00/bands.csv.gz), all transitions incl. overtones/combinations"
tetracene,2173.87,0.00479976,282,"PAHdb Anharmonic v1.00 (Module 02 out/anharmonic_1.00/bands.csv.gz), all transitions incl. overtones/combinations"
tetracene,2174.45,0.00728471,282,"PAHdb Anharmonic v1.00 (Module 02 out/anharmonic_1.00/bands.csv.gz), all transitions incl. overtones/combinations"
tetracene,2175.9,0.0,282,"PAHdb Anharmonic v1.00 (Module 02 out/anharmonic_1.00/bands.csv.gz), all transitions incl. overtones/combinations"
tetracene,2176.04,0.0,282,"PAHdb Anharmonic v1.00 (Module 02 out/anharmonic_1.00/bands.csv.gz), all transitions incl. overtones/combinations"
tetracene,2176.21,0.0759914,282,"PAHdb Anharmonic v1.00 (Module 02 out/anharmonic_1.00/bands.csv.gz), all transitions incl. overtones/combinations"
tetracene,2176.65,0.0,282,"PAHdb Anharmonic v1.00 (Module 02 out/anharmonic_1.00/bands.csv.gz), all transitions incl. overtones/combinations"
tetracene,2177.25,0.00820958,282,"PAHdb Anharmonic v1.00 (Module 02 out/anharmonic_1.00/bands.csv.gz), all transitions incl. overtones/combinations"
tetracene,2177.56,0.0,282,"PAHdb Anharmonic v1.00 (Module 02 out/anharmonic_1.00/bands.csv.gz), all transitions incl. overtones/combinations"
tetracene,2178.74,0.0,282,"PAHdb Anharmonic v1.00 (Module 02 out/anharmonic_1.00/bands.csv.gz), all transitions incl. overtones/combinations"
tetracene,2178.99,0.0,282,"PAHdb Anharmonic v1.00 (Module 02 out/anharmonic_1.00/bands.csv.gz), all transitions incl. overtones/combinations"
tetracene,2180.33,0.0739021,282,"PAHdb Anharmonic v1.00 (Module 02 out/anharmonic_1.00/bands.csv.gz), all transitions incl. overtones/combinations"
tetracene,2180.7,0.0,282,"PAHdb Anharmonic v1.00 (Module 02 out/anharmonic_1.00/bands.csv.gz), all transitions incl. overtones/combinations"
tetracene,2181.51,0.0,282,"PAHdb Anharmonic v1.00 (Module 02 out/anharmonic_1.00/bands.csv.gz), all transitions incl. overtones/combinations"
tetracene,2182.44,0.00492064,282,"PAHdb Anharmonic v1.00 (Module 02 out/anharmonic_1.00/bands.csv.gz), all transitions incl. overtones/combinations"
tetracene,2182.48,0.00260244,282,"PAHdb Anharmonic v1.00 (Module 02 out/anharmonic_1.00/bands.csv.gz), all transitions incl. overtones/combinations"
tetracene,2183.59,0.00586177,282,"PAHdb Anharmonic v1.00 (Module 02 out/anharmonic_1.00/bands.csv.gz), all transitions incl. overtones/combinations"
tetracene,2185.32,0.00099724,282,"PAHdb Anharmonic v1.00 (Module 02 out/anharmonic_1.00/bands.csv.gz), all transitions incl. overtones/combinations"
tetracene,2185.49,0.0,282,"PAHdb Anharmonic v1.00 (Module 02 out/anharmonic_1.00/bands.csv.gz), all transitions incl. overtones/combinations"
tetracene,2186.88,0.00918976,282,"PAHdb Anharmonic v1.00 (Module 02 out/anharmonic_1.00/bands.csv.gz), all transitions incl. overtones/combinations"
tetracene,2186.98,0.0,282,"PAHdb Anharmonic v1.00 (Module 02 out/anharmonic_1.00/bands.csv.gz), all transitions incl. overtones/combinations"
tetracene,2187.95,0.0,282,"PAHdb Anharmonic v1.00 (Module 02 out/anharmonic_1.00/bands.csv.gz), all transitions incl. overtones/combinations"
tetracene,2188.36,0.0,282,"PAHdb Anharmonic v1.00 (Module 02 out/anharmonic_1.00/bands.csv.gz), all transitions incl. overtones/combinations"
tetracene,2188.44,0.0,282,"PAHdb Anharmonic v1.00 (Module 02 out/anharmonic_1.00/bands.csv.gz), all transitions incl. overtones/combinations"
tetracene,2188.83,0.0,282,"PAHdb Anharmonic v1.00 (Module 02 out/anharmonic_1.00/bands.csv.gz), all transitions incl. overtones/combinations"
tetracene,2190.52,0.0,282,"PAHdb Anharmonic v1.00 (Module 02 out/anharmonic_1.00/bands.csv.gz), all transitions incl. overtones/combinations"
tetracene,2191.36,0.0349808,282,"PAHdb Anharmonic v1.00 (Module 02 out/anharmonic_1.00/bands.csv.gz), all transitions incl. overtones/combinations"
tetracene,2191.48,0.0,282,"PAHdb Anharmonic v1.00 (Module 02 out/anharmonic_1.00/bands.csv.gz), all transitions incl. overtones/combinations"
tetracene,2192.67,0.00433589,282,"PAHdb Anharmonic v1.00 (Module 02 out/anharmonic_1.00/bands.csv.gz), all transitions incl. overtones/combinations"
tetracene,2193.6,0.0151865,282,"PAHdb Anharmonic v1.00 (Module 02 out/anharmonic_1.00/bands.csv.gz), all transitions incl. overtones/combinations"
tetracene,2193.99,0.0,282,"PAHdb Anharmonic v1.00 (Module 02 out/anharmonic_1.00/bands.csv.gz), all transitions incl. overtones/combinations"
tetracene,2194.32,0.0,282,"PAHdb Anharmonic v1.00 (Module 02 out/anharmonic_1.00/bands.csv.gz), all transitions incl. overtones/combinations"
tetracene,2194.38,0.0,282,"PAHdb Anharmonic v1.00 (Module 02 out/anharmonic_1.00/bands.csv.gz), all transitions incl. overtones/combinations"
tetracene,2197.46,0.0,282,"PAHdb Anharmonic v1.00 (Module 02 out/anharmonic_1.00/bands.csv.gz), all transitions incl. overtones/combinations"
tetracene,2198.24,0.0006551,282,"PAHdb Anharmonic v1.00 (Module 02 out/anharmonic_1.00/bands.csv.gz), all transitions incl. overtones/combinations"
tetracene,2198.74,0.0227171,282,"PAHdb Anharmonic v1.00 (Module 02 out/anharmonic_1.00/bands.csv.gz), all transitions incl. overtones/combinations"
tetracene,2198.75,0.00634962,282,"PAHdb Anharmonic v1.00 (Module 02 out/anharmonic_1.00/bands.csv.gz), all transitions incl. overtones/combinations"
tetracene,2198.85,0.00069011,282,"PAHdb Anharmonic v1.00 (Module 02 out/anharmonic_1.00/bands.csv.gz), all transitions incl. overtones/combinations"
tetracene,2199.33,0.0,282,"PAHdb Anharmonic v1.00 (Module 02 out/anharmonic_1.00/bands.csv.gz), all transitions incl. overtones/combinations"
tetracene,2199.77,0.00592132,282,"PAHdb Anharmonic v1.00 (Module 02 out/anharmonic_1.00/bands.csv.gz), all transitions incl. overtones/combinations"
tetracene,2200.21,1.741e-05,282,"PAHdb Anharmonic v1.00 (Module 02 out/anharmonic_1.00/bands.csv.gz), all transitions incl. overtones/combinations"
tetracene,2201.63,0.00086949,282,"PAHdb Anharmonic v1.00 (Module 02 out/anharmonic_1.00/bands.csv.gz), all transitions incl. overtones/combinations"
tetracene,2201.87,0.00179272,282,"PAHdb Anharmonic v1.00 (Module 02 out/anharmonic_1.00/bands.csv.gz), all transitions incl. overtones/combinations"
tetracene,2203.08,0.0,282,"PAHdb Anharmonic v1.00 (Module 02 out/anharmonic_1.00/bands.csv.gz), all transitions incl. overtones/combinations"
tetracene,2204.06,0.0,282,"PAHdb Anharmonic v1.00 (Module 02 out/anharmonic_1.00/bands.csv.gz), all transitions incl. overtones/combinations"
tetracene,2207.49,0.0,282,"PAHdb Anharmonic v1.00 (Module 02 out/anharmonic_1.00/bands.csv.gz), all transitions incl. overtones/combinations"
tetracene,2209.9,0.0029648,282,"PAHdb Anharmonic v1.00 (Module 02 out/anharmonic_1.00/bands.csv.gz), all transitions incl. overtones/combinations"
tetracene,2210.43,0.0,282,"PAHdb Anharmonic v1.00 (Module 02 out/anharmonic_1.00/bands.csv.gz), all transitions incl. overtones/combinations"
tetracene,2211.13,0.0,282,"PAHdb Anharmonic v1.00 (Module 02 out/anharmonic_1.00/bands.csv.gz), all transitions incl. overtones/combinations"
tetracene,2211.32,0.0,282,"PAHdb Anharmonic v1.00 (Module 02 out/anharmonic_1.00/bands.csv.gz), all transitions incl. overtones/combinations"
tetracene,2211.33,0.0,282,"PAHdb Anharmonic v1.00 (Module 02 out/anharmonic_1.00/bands.csv.gz), all transitions incl. overtones/combinations"
tetracene,2212.06,0.0,282,"PAHdb Anharmonic v1.00 (Module 02 out/anharmonic_1.00/bands.csv.gz), all transitions incl. overtones/combinations"
tetracene,2212.42,0.0572326,282,"PAHdb Anharmonic v1.00 (Module 02 out/anharmonic_1.00/bands.csv.gz), all transitions incl. overtones/combinations"
tetracene,2212.46,0.0,282,"PAHdb Anharmonic v1.00 (Module 02 out/anharmonic_1.00/bands.csv.gz), all transitions incl. overtones/combinations"
tetracene,2213.01,0.0718781,282,"PAHdb Anharmonic v1.00 (Module 02 out/anharmonic_1.00/bands.csv.gz), all transitions incl. overtones/combinations"
tetracene,2214.33,0.0,282,"PAHdb Anharmonic v1.00 (Module 02 out/anharmonic_1.00/bands.csv.gz), all transitions incl. overtones/combinations"
tetracene,2214.47,0.0,282,"PAHdb Anharmonic v1.00 (Module 02 out/anharmonic_1.00/bands.csv.gz), all transitions incl. overtones/combinations"
tetracene,2218.07,0.0,282,"PAHdb Anharmonic v1.00 (Module 02 out/anharmonic_1.00/bands.csv.gz), all transitions incl. overtones/combinations"
tetracene,2219.64,0.0,282,"PAHdb Anharmonic v1.00 (Module 02 out/anharmonic_1.00/bands.csv.gz), all transitions incl. overtones/combinations"
tetracene,2220.2,0.0,282,"PAHdb Anharmonic v1.00 (Module 02 out/anharmonic_1.00/bands.csv.gz), all transitions incl. overtones/combinations"
tetracene,2220.91,0.0,282,"PAHdb Anharmonic v1.00 (Module 02 out/anharmonic_1.00/bands.csv.gz), all transitions incl. overtones/combinations"
tetracene,2222.13,0.0,282,"PAHdb Anharmonic v1.00 (Module 02 out/anharmonic_1.00/bands.csv.gz), all transitions incl. overtones/combinations"
tetracene,2222.48,0.0,282,"PAHdb Anharmonic v1.00 (Module 02 out/anharmonic_1.00/bands.csv.gz), all transitions incl. overtones/combinations"
tetracene,2223.19,0.0,282,"PAHdb Anharmonic v1.00 (Module 02 out/anharmonic_1.00/bands.csv.gz), all transitions incl. overtones/combinations"
tetracene,2223.76,0.00031785,282,"PAHdb Anharmonic v1.00 (Module 02 out/anharmonic_1.00/bands.csv.gz), all transitions incl. overtones/combinations"
tetracene,2224.07,0.00077604,282,"PAHdb Anharmonic v1.00 (Module 02 out/anharmonic_1.00/bands.csv.gz), all transitions incl. overtones/combinations"
tetracene,2224.22,0.0,282,"PAHdb Anharmonic v1.00 (Module 02 out/anharmonic_1.00/bands.csv.gz), all transitions incl. overtones/combinations"
tetracene,2225.52,0.0,282,"PAHdb Anharmonic v1.00 (Module 02 out/anharmonic_1.00/bands.csv.gz), all transitions incl. overtones/combinations"
tetracene,2226.18,0.0,282,"PAHdb Anharmonic v1.00 (Module 02 out/anharmonic_1.00/bands.csv.gz), all transitions incl. overtones/combinations"
tetracene,2227.01,0.831201,282,"PAHdb Anharmonic v1.00 (Module 02 out/anharmonic_1.00/bands.csv.gz), all transitions incl. overtones/combinations"
tetracene,2227.11,0.0,282,"PAHdb Anharmonic v1.00 (Module 02 out/anharmonic_1.00/bands.csv.gz), all transitions incl. overtones/combinations"
tetracene,2227.56,0.0,282,"PAHdb Anharmonic v1.00 (Module 02 out/anharmonic_1.00/bands.csv.gz), all transitions incl. overtones/combinations"
tetracene,2227.9,0.0,282,"PAHdb Anharmonic v1.00 (Module 02 out/anharmonic_1.00/bands.csv.gz), all transitions incl. overtones/combinations"
tetracene,2229.39,0.0,282,"PAHdb Anharmonic v1.00 (Module 02 out/anharmonic_1.00/bands.csv.gz), all transitions incl. overtones/combinations"
tetracene,2230.81,0.0,282,"PAHdb Anharmonic v1.00 (Module 02 out/anharmonic_1.00/bands.csv.gz), all transitions incl. overtones/combinations"
tetracene,2230.85,0.0,282,"PAHdb Anharmonic v1.00 (Module 02 out/anharmonic_1.00/bands.csv.gz), all transitions incl. overtones/combinations"
tetracene,2230.94,0.0,282,"PAHdb Anharmonic v1.00 (Module 02 out/anharmonic_1.00/bands.csv.gz), all transitions incl. overtones/combinations"
tetracene,2231.29,0.0,282,"PAHdb Anharmonic v1.00 (Module 02 out/anharmonic_1.00/bands.csv.gz), all transitions incl. overtones/combinations"
tetracene,2232.67,0.0,282,"PAHdb Anharmonic v1.00 (Module 02 out/anharmonic_1.00/bands.csv.gz), all transitions incl. overtones/combinations"
tetracene,2233.71,0.0,282,"PAHdb Anharmonic v1.00 (Module 02 out/anharmonic_1.00/bands.csv.gz), all transitions incl. overtones/combinations"
tetracene,2235.44,0.0,282,"PAHdb Anharmonic v1.00 (Module 02 out/anharmonic_1.00/bands.csv.gz), all transitions incl. overtones/combinations"
tetracene,2236.66,0.0,282,"PAHdb Anharmonic v1.00 (Module 02 out/anharmonic_1.00/bands.csv.gz), all transitions incl. overtones/combinations"
tetracene,2236.78,0.00177811,282,"PAHdb Anharmonic v1.00 (Module 02 out/anharmonic_1.00/bands.csv.gz), all transitions incl. overtones/combinations"
tetracene,2237.45,0.402149,282,"PAHdb Anharmonic v1.00 (Module 02 out/anharmonic_1.00/bands.csv.gz), all transitions incl. overtones/combinations"
tetracene,2242.04,0.0,282,"PAHdb Anharmonic v1.00 (Module 02 out/anharmonic_1.00/bands.csv.gz), all transitions incl. overtones/combinations"
tetracene,2243.53,0.0,282,"PAHdb Anharmonic v1.00 (Module 02 out/anharmonic_1.00/bands.csv.gz), all transitions incl. overtones/combinations"
tetracene,2243.84,0.0,282,"PAHdb Anharmonic v1.00 (Module 02 out/anharmonic_1.00/bands.csv.gz), all transitions incl. overtones/combinations"
tetracene,2243.92,0.0,282,"PAHdb Anharmonic v1.00 (Module 02 out/anharmonic_1.00/bands.csv.gz), all transitions incl. overtones/combinations"
tetracene,2244.28,0.0,282,"PAHdb Anharmonic v1.00 (Module 02 out/anharmonic_1.00/bands.csv.gz), all transitions incl. overtones/combinations"
tetracene,2244.9,0.0,282,"PAHdb Anharmonic v1.00 (Module 02 out/anharmonic_1.00/bands.csv.gz), all transitions incl. overtones/combinations"
tetracene,2245.1,1.358e-05,282,"PAHdb Anharmonic v1.00 (Module 02 out/anharmonic_1.00/bands.csv.gz), all transitions incl. overtones/combinations"
tetracene,2245.21,0.0,282,"PAHdb Anharmonic v1.00 (Module 02 out/anharmonic_1.00/bands.csv.gz), all transitions incl. overtones/combinations"
tetracene,2245.43,0.0,282,"PAHdb Anharmonic v1.00 (Module 02 out/anharmonic_1.00/bands.csv.gz), all transitions incl. overtones/combinations"
tetracene,2245.83,0.0,282,"PAHdb Anharmonic v1.00 (Module 02 out/anharmonic_1.00/bands.csv.gz), all transitions incl. overtones/combinations"
tetracene,2246.06,0.0228765,282,"PAHdb Anharmonic v1.00 (Module 02 out/anharmonic_1.00/bands.csv.gz), all transitions incl. overtones/combinations"
tetracene,2246.06,0.0378634,282,"PAHdb Anharmonic v1.00 (Module 02 out/anharmonic_1.00/bands.csv.gz), all transitions incl. overtones/combinations"
tetracene,2247.97,0.00519393,282,"PAHdb Anharmonic v1.00 (Module 02 out/anharmonic_1.00/bands.csv.gz), all transitions incl. overtones/combinations"
tetracene,2248.47,0.0057417,282,"PAHdb Anharmonic v1.00 (Module 02 out/anharmonic_1.00/bands.csv.gz), all transitions incl. overtones/combinations"
tetracene,2249.99,0.0,282,"PAHdb Anharmonic v1.00 (Module 02 out/anharmonic_1.00/bands.csv.gz), all transitions incl. overtones/combinations"
tetracene,2250.2,0.0,282,"PAHdb Anharmonic v1.00 (Module 02 out/anharmonic_1.00/bands.csv.gz), all transitions incl. overtones/combinations"
tetracene,2251.43,0.0,282,"PAHdb Anharmonic v1.00 (Module 02 out/anharmonic_1.00/bands.csv.gz), all transitions incl. overtones/combinations"
tetracene,2251.86,0.00203265,282,"PAHdb Anharmonic v1.00 (Module 02 out/anharmonic_1.00/bands.csv.gz), all transitions incl. overtones/combinations"
tetracene,2252.95,1.11e-06,282,"PAHdb Anharmonic v1.00 (Module 02 out/anharmonic_1.00/bands.csv.gz), all transitions incl. overtones/combinations"
tetracene,2253.22,0.0,282,"PAHdb Anharmonic v1.00 (Module 02 out/anharmonic_1.00/bands.csv.gz), all transitions incl. overtones/combinations"
tetracene,2253.47,0.0,282,"PAHdb Anharmonic v1.00 (Module 02 out/anharmonic_1.00/bands.csv.gz), all transitions incl. overtones/combinations"
tetracene,2253.76,0.0,282,"PAHdb Anharmonic v1.00 (Module 02 out/anharmonic_1.00/bands.csv.gz), all transitions incl. overtones/combinations"
tetracene,2256.92,0.0,282,"PAHdb Anharmonic v1.00 (Module 02 out/anharmonic_1.00/bands.csv.gz), all transitions incl. overtones/combinations"
tetracene,2257.4,0.0,282,"PAHdb Anharmonic v1.00 (Module 02 out/anharmonic_1.00/bands.csv.gz), all transitions incl. overtones/combinations"
tetracene,2259.95,0.0,282,"PAHdb Anharmonic v1.00 (Module 02 out/anharmonic_1.00/bands.csv.gz), all transitions incl. overtones/combinations"
tetracene,2260.04,0.0018936,282,"PAHdb Anharmonic v1.00 (Module 02 out/anharmonic_1.00/bands.csv.gz), all transitions incl. overtones/combinations"
tetracene,2260.15,0.0,282,"PAHdb Anharmonic v1.00 (Module 02 out/anharmonic_1.00/bands.csv.gz), all transitions incl. overtones/combinations"
tetracene,2262.51,0.152244,282,"PAHdb Anharmonic v1.00 (Module 02 out/anharmonic_1.00/bands.csv.gz), all transitions incl. overtones/combinations"
tetracene,2262.55,3.201e-05,282,"PAHdb Anharmonic v1.00 (Module 02 out/anharmonic_1.00/bands.csv.gz), all transitions incl. overtones/combinations"
tetracene,2263.34,0.0,282,"PAHdb Anharmonic v1.00 (Module 02 out/anharmonic_1.00/bands.csv.gz), all transitions incl. overtones/combinations"
tetracene,2263.53,6.956e-05,282,"PAHdb Anharmonic v1.00 (Module 02 out/anharmonic_1.00/bands.csv.gz), all transitions incl. overtones/combinations"
tetracene,2263.96,0.00260973,282,"PAHdb Anharmonic v1.00 (Module 02 out/anharmonic_1.00/bands.csv.gz), all transitions incl. overtones/combinations"
tetracene,2264.09,0.0,282,"PAHdb Anharmonic v1.00 (Module 02 out/anharmonic_1.00/bands.csv.gz), all transitions incl. overtones/combinations"
tetracene,2264.21,0.0,282,"PAHdb Anharmonic v1.00 (Module 02 out/anharmonic_1.00/bands.csv.gz), all transitions incl. overtones/combinations"
tetracene,2264.33,0.0,282,"PAHdb Anharmonic v1.00 (Module 02 out/anharmonic_1.00/bands.csv.gz), all transitions incl. overtones/combinations"
tetracene,2265.4,0.0,282,"PAHdb Anharmonic v1.00 (Module 02 out/anharmonic_1.00/bands.csv.gz), all transitions incl. overtones/combinations"
tetracene,2265.62,0.0,282,"PAHdb Anharmonic v1.00 (Module 02 out/anharmonic_1.00/bands.csv.gz), all transitions incl. overtones/combinations"
tetracene,2266.94,0.00643487,282,"PAHdb Anharmonic v1.00 (Module 02 out/anharmonic_1.00/bands.csv.gz), all transitions incl. overtones/combinations"
tetracene,2267.54,0.00029743,282,"PAHdb Anharmonic v1.00 (Module 02 out/anharmonic_1.00/bands.csv.gz), all transitions incl. overtones/combinations"
tetracene,2267.8,0.0,282,"PAHdb Anharmonic v1.00 (Module 02 out/anharmonic_1.00/bands.csv.gz), all transitions incl. overtones/combinations"
tetracene,2267.98,0.0,282,"PAHdb Anharmonic v1.00 (Module 02 out/anharmonic_1.00/bands.csv.gz), all transitions incl. overtones/combinations"
tetracene,2269.82,0.00602566,282,"PAHdb Anharmonic v1.00 (Module 02 out/anharmonic_1.00/bands.csv.gz), all transitions incl. overtones/combinations"
tetracene,2271.83,0.0,282,"PAHdb Anharmonic v1.00 (Module 02 out/anharmonic_1.00/bands.csv.gz), all transitions incl. overtones/combinations"
tetracene,2275.1,0.00768681,282,"PAHdb Anharmonic v1.00 (Module 02 out/anharmonic_1.00/bands.csv.gz), all transitions incl. overtones/combinations"
tetracene,2275.43,0.0,282,"PAHdb Anharmonic v1.00 (Module 02 out/anharmonic_1.00/bands.csv.gz), all transitions incl. overtones/combinations"
tetracene,2275.46,0.0,282,"PAHdb Anharmonic v1.00 (Module 02 out/anharmonic_1.00/bands.csv.gz), all transitions incl. overtones/combinations"
tetracene,2276.2,0.0588054,282,"PAHdb Anharmonic v1.00 (Module 02 out/anharmonic_1.00/bands.csv.gz), all transitions incl. overtones/combinations"
tetracene,2276.4,0.0057734,282,"PAHdb Anharmonic v1.00 (Module 02 out/anharmonic_1.00/bands.csv.gz), all transitions incl. overtones/combinations"
tetracene,2276.82,0.0,282,"PAHdb Anharmonic v1.00 (Module 02 out/anharmonic_1.00/bands.csv.gz), all transitions incl. overtones/combinations"
tetracene,2277.43,0.0,282,"PAHdb Anharmonic v1.00 (Module 02 out/anharmonic_1.00/bands.csv.gz), all transitions incl. overtones/combinations"
tetracene,2277.51,0.0,282,"PAHdb Anharmonic v1.00 (Module 02 out/anharmonic_1.00/bands.csv.gz), all transitions incl. overtones/combinations"
tetracene,2279.07,0.0,282,"PAHdb Anharmonic v1.00 (Module 02 out/anharmonic_1.00/bands.csv.gz), all transitions incl. overtones/combinations"
tetracene,2279.58,0.0,282,"PAHdb Anharmonic v1.00 (Module 02 out/anharmonic_1.00/bands.csv.gz), all transitions incl. overtones/combinations"
tetracene,2280.59,0.00121822,282,"PAHdb Anharmonic v1.00 (Module 02 out/anharmonic_1.00/bands.csv.gz), all transitions incl. overtones/combinations"
tetracene,2280.91,0.0,282,"PAHdb Anharmonic v1.00 (Module 02 out/anharmonic_1.00/bands.csv.gz), all transitions incl. overtones/combinations"
tetracene,2281.31,0.0126909,282,"PAHdb Anharmonic v1.00 (Module 02 out/anharmonic_1.00/bands.csv.gz), all transitions incl. overtones/combinations"
tetracene,2281.6,0.0,282,"PAHdb Anharmonic v1.00 (Module 02 out/anharmonic_1.00/bands.csv.gz), all transitions incl. overtones/combinations"
tetracene,2282.11,0.0282236,282,"PAHdb Anharmonic v1.00 (Module 02 out/anharmonic_1.00/bands.csv.gz), all transitions incl. overtones/combinations"
tetracene,2284.82,0.0,282,"PAHdb Anharmonic v1.00 (Module 02 out/anharmonic_1.00/bands.csv.gz), all transitions incl. overtones/combinations"
tetracene,2284.86,0.0,282,"PAHdb Anharmonic v1.00 (Module 02 out/anharmonic_1.00/bands.csv.gz), all transitions incl. overtones/combinations"
tetracene,2284.87,0.00247088,282,"PAHdb Anharmonic v1.00 (Module 02 out/anharmonic_1.00/bands.csv.gz), all transitions incl. overtones/combinations"
tetracene,2285.85,0.0,282,"PAHdb Anharmonic v1.00 (Module 02 out/anharmonic_1.00/bands.csv.gz), all transitions incl. overtones/combinations"
tetracene,2286.22,0.0125705,282,"PAHdb Anharmonic v1.00 (Module 02 out/anharmonic_1.00/bands.csv.gz), all transitions incl. overtones/combinations"
tetracene,2286.36,0.0,282,"PAHdb Anharmonic v1.00 (Module 02 out/anharmonic_1.00/bands.csv.gz), all transitions incl. overtones/combinations"
tetracene,2286.39,0.0,282,"PAHdb Anharmonic v1.00 (Module 02 out/anharmonic_1.00/bands.csv.gz), all transitions incl. overtones/combinations"
tetracene,2286.66,0.0,282,"PAHdb Anharmonic v1.00 (Module 02 out/anharmonic_1.00/bands.csv.gz), all transitions incl. overtones/combinations"
tetracene,2287.58,0.0,282,"PAHdb Anharmonic v1.00 (Module 02 out/anharmonic_1.00/bands.csv.gz), all transitions incl. overtones/combinations"
tetracene,2289.68,0.0105856,282,"PAHdb Anharmonic v1.00 (Module 02 out/anharmonic_1.00/bands.csv.gz), all transitions incl. overtones/combinations"
tetracene,2292.38,0.0,282,"PAHdb Anharmonic v1.00 (Module 02 out/anharmonic_1.00/bands.csv.gz), all transitions incl. overtones/combinations"
tetracene,2292.87,0.00407022,282,"PAHdb Anharmonic v1.00 (Module 02 out/anharmonic_1.00/bands.csv.gz), all transitions incl. overtones/combinations"
tetracene,2293.46,0.0,282,"PAHdb Anharmonic v1.00 (Module 02 out/anharmonic_1.00/bands.csv.gz), all transitions incl. overtones/combinations"
tetracene,2294.14,0.0,282,"PAHdb Anharmonic v1.00 (Module 02 out/anharmonic_1.00/bands.csv.gz), all transitions incl. overtones/combinations"
tetracene,2294.5,0.0279561,282,"PAHdb Anharmonic v1.00 (Module 02 out/anharmonic_1.00/bands.csv.gz), all transitions incl. overtones/combinations"
tetracene,2295.24,0.0,282,"PAHdb Anharmonic v1.00 (Module 02 out/anharmonic_1.00/bands.csv.gz), all transitions incl. overtones/combinations"
tetracene,2296.25,0.0,282,"PAHdb Anharmonic v1.00 (Module 02 out/anharmonic_1.00/bands.csv.gz), all transitions incl. overtones/combinations"
tetracene,2296.92,0.0,282,"PAHdb Anharmonic v1.00 (Module 02 out/anharmonic_1.00/bands.csv.gz), all transitions incl. overtones/combinations"
tetracene,2297.54,0.0,282,"PAHdb Anharmonic v1.00 (Module 02 out/anharmonic_1.00/bands.csv.gz), all transitions incl. overtones/combinations"
tetracene,2297.74,1.935e-05,282,"PAHdb Anharmonic v1.00 (Module 02 out/anharmonic_1.00/bands.csv.gz), all transitions incl. overtones/combinations"
tetracene,2298.51,0.0,282,"PAHdb Anharmonic v1.00 (Module 02 out/anharmonic_1.00/bands.csv.gz), all transitions incl. overtones/combinations"
tetracene,2298.79,0.0,282,"PAHdb Anharmonic v1.00 (Module 02 out/anharmonic_1.00/bands.csv.gz), all transitions incl. overtones/combinations"
tetracene,2299.27,0.131298,282,"PAHdb Anharmonic v1.00 (Module 02 out/anharmonic_1.00/bands.csv.gz), all transitions incl. overtones/combinations"
tetracene,2299.34,0.0,282,"PAHdb Anharmonic v1.00 (Module 02 out/anharmonic_1.00/bands.csv.gz), all transitions incl. overtones/combinations"
tetracene,2299.58,0.0,282,"PAHdb Anharmonic v1.00 (Module 02 out/anharmonic_1.00/bands.csv.gz), all transitions incl. overtones/combinations"
tetracene,2299.8,0.0471048,282,"PAHdb Anharmonic v1.00 (Module 02 out/anharmonic_1.00/bands.csv.gz), all transitions incl. overtones/combinations"
tetracene,2299.87,0.0,282,"PAHdb Anharmonic v1.00 (Module 02 out/anharmonic_1.00/bands.csv.gz), all transitions incl. overtones/combinations"
tetracene,2300.66,0.0,282,"PAHdb Anharmonic v1.00 (Module 02 out/anharmonic_1.00/bands.csv.gz), all transitions incl. overtones/combinations"
tetracene,2300.77,6.973e-05,282,"PAHdb Anharmonic v1.00 (Module 02 out/anharmonic_1.00/bands.csv.gz), all transitions incl. overtones/combinations"
tetracene,2300.89,0.0183135,282,"PAHdb Anharmonic v1.00 (Module 02 out/anharmonic_1.00/bands.csv.gz), all transitions incl. overtones/combinations"
tetracene,2301.59,0.0,282,"PAHdb Anharmonic v1.00 (Module 02 out/anharmonic_1.00/bands.csv.gz), all transitions incl. overtones/combinations"
tetracene,2302.13,0.0,282,"PAHdb Anharmonic v1.00 (Module 02 out/anharmonic_1.00/bands.csv.gz), all transitions incl. overtones/combinations"
tetracene,2303.01,0.0,282,"PAHdb Anharmonic v1.00 (Module 02 out/anharmonic_1.00/bands.csv.gz), all transitions incl. overtones/combinations"
tetracene,2303.44,0.00796989,282,"PAHdb Anharmonic v1.00 (Module 02 out/anharmonic_1.00/bands.csv.gz), all transitions incl. overtones/combinations"
tetracene,2303.63,0.156625,282,"PAHdb Anharmonic v1.00 (Module 02 out/anharmonic_1.00/bands.csv.gz), all transitions incl. overtones/combinations"
tetracene,2303.71,0.0020269,282,"PAHdb Anharmonic v1.00 (Module 02 out/anharmonic_1.00/bands.csv.gz), all transitions incl. overtones/combinations"
tetracene,2303.74,0.0,282,"PAHdb Anharmonic v1.00 (Module 02 out/anharmonic_1.00/bands.csv.gz), all transitions incl. overtones/combinations"
tetracene,2304.06,0.0,282,"PAHdb Anharmonic v1.00 (Module 02 out/anharmonic_1.00/bands.csv.gz), all transitions incl. overtones/combinations"
tetracene,2304.52,0.16376,282,"PAHdb Anharmonic v1.00 (Module 02 out/anharmonic_1.00/bands.csv.gz), all transitions incl. overtones/combinations"
tetracene,2305.01,0.0,282,"PAHdb Anharmonic v1.00 (Module 02 out/anharmonic_1.00/bands.csv.gz), all transitions incl. overtones/combinations"
tetracene,2305.04,0.0692421,282,"PAHdb Anharmonic v1.00 (Module 02 out/anharmonic_1.00/bands.csv.gz), all transitions incl. overtones/combinations"
tetracene,2305.78,0.0,282,"PAHdb Anharmonic v1.00 (Module 02 out/anharmonic_1.00/bands.csv.gz), all transitions incl. overtones/combinations"
tetracene,2305.98,0.0,282,"PAHdb Anharmonic v1.00 (Module 02 out/anharmonic_1.00/bands.csv.gz), all transitions incl. overtones/combinations"
tetracene,2306.26,0.0,282,"PAHdb Anharmonic v1.00 (Module 02 out/anharmonic_1.00/bands.csv.gz), all transitions incl. overtones/combinations"
tetracene,2307.41,0.0,282,"PAHdb Anharmonic v1.00 (Module 02 out/anharmonic_1.00/bands.csv.gz), all transitions incl. overtones/combinations"
tetracene,2309.21,0.0,282,"PAHdb Anharmonic v1.00 (Module 02 out/anharmonic_1.00/bands.csv.gz), all transitions incl. overtones/combinations"
tetracene,2309.91,0.0,282,"PAHdb Anharmonic v1.00 (Module 02 out/anharmonic_1.00/bands.csv.gz), all transitions incl. overtones/combinations"
tetracene,2311.06,0.0,282,"PAHdb Anharmonic v1.00 (Module 02 out/anharmonic_1.00/bands.csv.gz), all transitions incl. overtones/combinations"
tetracene,2315.89,0.013316,282,"PAHdb Anharmonic v1.00 (Module 02 out/anharmonic_1.00/bands.csv.gz), all transitions incl. overtones/combinations"
tetracene,2316.57,0.00049597,282,"PAHdb Anharmonic v1.00 (Module 02 out/anharmonic_1.00/bands.csv.gz), all transitions incl. overtones/combinations"
tetracene,2316.88,0.0,282,"PAHdb Anharmonic v1.00 (Module 02 out/anharmonic_1.00/bands.csv.gz), all transitions incl. overtones/combinations"
tetracene,2317.05,0.0,282,"PAHdb Anharmonic v1.00 (Module 02 out/anharmonic_1.00/bands.csv.gz), all transitions incl. overtones/combinations"
tetracene,2317.51,0.00059388,282,"PAHdb Anharmonic v1.00 (Module 02 out/anharmonic_1.00/bands.csv.gz), all transitions incl. overtones/combinations"
tetracene,2317.81,0.00869278,282,"PAHdb Anharmonic v1.00 (Module 02 out/anharmonic_1.00/bands.csv.gz), all transitions incl. overtones/combinations"
tetracene,2318.65,0.0,282,"PAHdb Anharmonic v1.00 (Module 02 out/anharmonic_1.00/bands.csv.gz), all transitions incl. overtones/combinations"
tetracene,2318.85,0.0,282,"PAHdb Anharmonic v1.00 (Module 02 out/anharmonic_1.00/bands.csv.gz), all transitions incl. overtones/combinations"
tetracene,2318.96,0.274242,282,"PAHdb Anharmonic v1.00 (Module 02 out/anharmonic_1.00/bands.csv.gz), all transitions incl. overtones/combinations"
tetracene,2319.21,0.0,282,"PAHdb Anharmonic v1.00 (Module 02 out/anharmonic_1.00/bands.csv.gz), all transitions incl. overtones/combinations"
tetracene,2319.32,0.0,282,"PAHdb Anharmonic v1.00 (Module 02 out/anharmonic_1.00/bands.csv.gz), all transitions incl. overtones/combinations"
tetracene,2323.25,0.0,282,"PAHdb Anharmonic v1.00 (Module 02 out/anharmonic_1.00/bands.csv.gz), all transitions incl. overtones/combinations"
tetracene,2324.39,0.0,282,"PAHdb Anharmonic v1.00 (Module 02 out/anharmonic_1.00/bands.csv.gz), all transitions incl. overtones/combinations"
tetracene,2324.59,0.0,282,"PAHdb Anharmonic v1.00 (Module 02 out/anharmonic_1.00/bands.csv.gz), all transitions incl. overtones/combinations"
tetracene,2327.87,0.00021695,282,"PAHdb Anharmonic v1.00 (Module 02 out/anharmonic_1.00/bands.csv.gz), all transitions incl. overtones/combinations"
tetracene,2328.33,0.00026002,282,"PAHdb Anharmonic v1.00 (Module 02 out/anharmonic_1.00/bands.csv.gz), all transitions incl. overtones/combinations"
tetracene,2328.38,0.040773,282,"PAHdb Anharmonic v1.00 (Module 02 out/anharmonic_1.00/bands.csv.gz), all transitions incl. overtones/combinations"
tetracene,2330.01,0.0209114,282,"PAHdb Anharmonic v1.00 (Module 02 out/anharmonic_1.00/bands.csv.gz), all transitions incl. overtones/combinations"
tetracene,2334.26,0.0,282,"PAHdb Anharmonic v1.00 (Module 02 out/anharmonic_1.00/bands.csv.gz), all transitions incl. overtones/combinations"
tetracene,2334.3,0.0,282,"PAHdb Anharmonic v1.00 (Module 02 out/anharmonic_1.00/bands.csv.gz), all transitions incl. overtones/combinations"
tetracene,2334.77,0.0,282,"PAHdb Anharmonic v1.00 (Module 02 out/anharmonic_1.00/bands.csv.gz), all transitions incl. overtones/combinations"
tetracene,2335.64,9.673e-05,282,"PAHdb Anharmonic v1.00 (Module 02 out/anharmonic_1.00/bands.csv.gz), all transitions incl. overtones/combinations"
tetracene,2335.73,0.00016815,282,"PAHdb Anharmonic v1.00 (Module 02 out/anharmonic_1.00/bands.csv.gz), all transitions incl. overtones/combinations"
tetracene,2337.16,0.0463332,282,"PAHdb Anharmonic v1.00 (Module 02 out/anharmonic_1.00/bands.csv.gz), all transitions incl. overtones/combinations"
tetracene,2337.61,0.0,282,"PAHdb Anharmonic v1.00 (Module 02 out/anharmonic_1.00/bands.csv.gz), all transitions incl. overtones/combinations"
tetracene,2337.69,0.0,282,"PAHdb Anharmonic v1.00 (Module 02 out/anharmonic_1.00/bands.csv.gz), all transitions incl. overtones/combinations"
tetracene,2338.5,0.0,282,"PAHdb Anharmonic v1.00 (Module 02 out/anharmonic_1.00/bands.csv.gz), all transitions incl. overtones/combinations"
tetracene,2338.93,0.0224322,282,"PAHdb Anharmonic v1.00 (Module 02 out/anharmonic_1.00/bands.csv.gz), all transitions incl. overtones/combinations"
tetracene,2339.07,0.0,282,"PAHdb Anharmonic v1.00 (Module 02 out/anharmonic_1.00/bands.csv.gz), all transitions incl. overtones/combinations"
tetracene,2339.41,0.0,282,"PAHdb Anharmonic v1.00 (Module 02 out/anharmonic_1.00/bands.csv.gz), all transitions incl. overtones/combinations"
tetracene,2339.56,0.0,282,"PAHdb Anharmonic v1.00 (Module 02 out/anharmonic_1.00/bands.csv.gz), all transitions incl. overtones/combinations"
tetracene,2339.69,0.119659,282,"PAHdb Anharmonic v1.00 (Module 02 out/anharmonic_1.00/bands.csv.gz), all transitions incl. overtones/combinations"
tetracene,2340.59,0.00111863,282,"PAHdb Anharmonic v1.00 (Module 02 out/anharmonic_1.00/bands.csv.gz), all transitions incl. overtones/combinations"
tetracene,2341.02,0.0,282,"PAHdb Anharmonic v1.00 (Module 02 out/anharmonic_1.00/bands.csv.gz), all transitions incl. overtones/combinations"
tetracene,2341.04,0.0,282,"PAHdb Anharmonic v1.00 (Module 02 out/anharmonic_1.00/bands.csv.gz), all transitions incl. overtones/combinations"
tetracene,2342.81,0.577018,282,"PAHdb Anharmonic v1.00 (Module 02 out/anharmonic_1.00/bands.csv.gz), all transitions incl. overtones/combinations"
tetracene,2343.73,0.0,282,"PAHdb Anharmonic v1.00 (Module 02 out/anharmonic_1.00/bands.csv.gz), all transitions incl. overtones/combinations"
tetracene,2344.0,0.0,282,"PAHdb Anharmonic v1.00 (Module 02 out/anharmonic_1.00/bands.csv.gz), all transitions incl. overtones/combinations"
tetracene,2344.28,0.0,282,"PAHdb Anharmonic v1.00 (Module 02 out/anharmonic_1.00/bands.csv.gz), all transitions incl. overtones/combinations"
tetracene,2344.79,0.0,282,"PAHdb Anharmonic v1.00 (Module 02 out/anharmonic_1.00/bands.csv.gz), all transitions incl. overtones/combinations"
tetracene,2345.11,0.0,282,"PAHdb Anharmonic v1.00 (Module 02 out/anharmonic_1.00/bands.csv.gz), all transitions incl. overtones/combinations"
tetracene,2346.22,0.0,282,"PAHdb Anharmonic v1.00 (Module 02 out/anharmonic_1.00/bands.csv.gz), all transitions incl. overtones/combinations"
tetracene,2347.97,0.0,282,"PAHdb Anharmonic v1.00 (Module 02 out/anharmonic_1.00/bands.csv.gz), all transitions incl. overtones/combinations"
tetracene,2349.05,0.00045591,282,"PAHdb Anharmonic v1.00 (Module 02 out/anharmonic_1.00/bands.csv.gz), all transitions incl. overtones/combinations"
tetracene,2349.62,0.0,282,"PAHdb Anharmonic v1.00 (Module 02 out/anharmonic_1.00/bands.csv.gz), all transitions incl. overtones/combinations"
tetracene,2350.74,0.0,282,"PAHdb Anharmonic v1.00 (Module 02 out/anharmonic_1.00/bands.csv.gz), all transitions incl. overtones/combinations"
tetracene,2351.61,0.0,282,"PAHdb Anharmonic v1.00 (Module 02 out/anharmonic_1.00/bands.csv.gz), all transitions incl. overtones/combinations"
tetracene,2352.24,0.172445,282,"PAHdb Anharmonic v1.00 (Module 02 out/anharmonic_1.00/bands.csv.gz), all transitions incl. overtones/combinations"
tetracene,2352.31,6.143e-05,282,"PAHdb Anharmonic v1.00 (Module 02 out/anharmonic_1.00/bands.csv.gz), all transitions incl. overtones/combinations"
tetracene,2354.78,0.0,282,"PAHdb Anharmonic v1.00 (Module 02 out/anharmonic_1.00/bands.csv.gz), all transitions incl. overtones/combinations"
tetracene,2354.89,0.0,282,"PAHdb Anharmonic v1.00 (Module 02 out/anharmonic_1.00/bands.csv.gz), all transitions incl. overtones/combinations"
tetracene,2355.15,0.0010088,282,"PAHdb Anharmonic v1.00 (Module 02 out/anharmonic_1.00/bands.csv.gz), all transitions incl. overtones/combinations"
tetracene,2355.25,0.0,282,"PAHdb Anharmonic v1.00 (Module 02 out/anharmonic_1.00/bands.csv.gz), all transitions incl. overtones/combinations"
tetracene,2355.27,0.0,282,"PAHdb Anharmonic v1.00 (Module 02 out/anharmonic_1.00/bands.csv.gz), all transitions incl. overtones/combinations"
tetracene,2357.23,0.00033706,282,"PAHdb Anharmonic v1.00 (Module 02 out/anharmonic_1.00/bands.csv.gz), all transitions incl. overtones/combinations"
tetracene,2357.49,0.0028002,282,"PAHdb Anharmonic v1.00 (Module 02 out/anharmonic_1.00/bands.csv.gz), all transitions incl. overtones/combinations"
tetracene,2357.79,0.0,282,"PAHdb Anharmonic v1.00 (Module 02 out/anharmonic_1.00/bands.csv.gz), all transitions incl. overtones/combinations"
tetracene,2358.69,0.00055869,282,"PAHdb Anharmonic v1.00 (Module 02 out/anharmonic_1.00/bands.csv.gz), all transitions incl. overtones/combinations"
tetracene,2358.84,0.0,282,"PAHdb Anharmonic v1.00 (Module 02 out/anharmonic_1.00/bands.csv.gz), all transitions incl. overtones/combinations"
tetracene,2359.08,0.0,282,"PAHdb Anharmonic v1.00 (Module 02 out/anharmonic_1.00/bands.csv.gz), all transitions incl. overtones/combinations"
tetracene,2360.25,2e-06,282,"PAHdb Anharmonic v1.00 (Module 02 out/anharmonic_1.00/bands.csv.gz), all transitions incl. overtones/combinations"
tetracene,2360.85,0.0,282,"PAHdb Anharmonic v1.00 (Module 02 out/anharmonic_1.00/bands.csv.gz), all transitions incl. overtones/combinations"
tetracene,2362.92,0.0,282,"PAHdb Anharmonic v1.00 (Module 02 out/anharmonic_1.00/bands.csv.gz), all transitions incl. overtones/combinations"
tetracene,2364.45,0.0,282,"PAHdb Anharmonic v1.00 (Module 02 out/anharmonic_1.00/bands.csv.gz), all transitions incl. overtones/combinations"
tetracene,2365.94,0.0140989,282,"PAHdb Anharmonic v1.00 (Module 02 out/anharmonic_1.00/bands.csv.gz), all transitions incl. overtones/combinations"
tetracene,2366.23,0.0101966,282,"PAHdb Anharmonic v1.00 (Module 02 out/anharmonic_1.00/bands.csv.gz), all transitions incl. overtones/combinations"
tetracene,2366.57,0.00098044,282,"PAHdb Anharmonic v1.00 (Module 02 out/anharmonic_1.00/bands.csv.gz), all transitions incl. overtones/combinations"
tetracene,2366.73,0.0,282,"PAHdb Anharmonic v1.00 (Module 02 out/anharmonic_1.00/bands.csv.gz), all transitions incl. overtones/combinations"
tetracene,2366.84,0.0,282,"PAHdb Anharmonic v1.00 (Module 02 out/anharmonic_1.00/bands.csv.gz), all transitions incl. overtones/combinations"
tetracene,2369.87,0.0,282,"PAHdb Anharmonic v1.00 (Module 02 out/anharmonic_1.00/bands.csv.gz), all transitions incl. overtones/combinations"
tetracene,2370.22,0.0,282,"PAHdb Anharmonic v1.00 (Module 02 out/anharmonic_1.00/bands.csv.gz), all transitions incl. overtones/combinations"
tetracene,2370.58,0.0,282,"PAHdb Anharmonic v1.00 (Module 02 out/anharmonic_1.00/bands.csv.gz), all transitions incl. overtones/combinations"
tetracene,2370.99,0.0,282,"PAHdb Anharmonic v1.00 (Module 02 out/anharmonic_1.00/bands.csv.gz), all transitions incl. overtones/combinations"
tetracene,2371.75,0.0,282,"PAHdb Anharmonic v1.00 (Module 02 out/anharmonic_1.00/bands.csv.gz), all transitions incl. overtones/combinations"
tetracene,2371.76,0.0,282,"PAHdb Anharmonic v1.00 (Module 02 out/anharmonic_1.00/bands.csv.gz), all transitions incl. overtones/combinations"
tetracene,2372.55,0.0,282,"PAHdb Anharmonic v1.00 (Module 02 out/anharmonic_1.00/bands.csv.gz), all transitions incl. overtones/combinations"
tetracene,2373.24,0.0,282,"PAHdb Anharmonic v1.00 (Module 02 out/anharmonic_1.00/bands.csv.gz), all transitions incl. overtones/combinations"
tetracene,2373.35,0.0,282,"PAHdb Anharmonic v1.00 (Module 02 out/anharmonic_1.00/bands.csv.gz), all transitions incl. overtones/combinations"
tetracene,2373.82,0.115989,282,"PAHdb Anharmonic v1.00 (Module 02 out/anharmonic_1.00/bands.csv.gz), all transitions incl. overtones/combinations"
tetracene,2374.93,0.0,282,"PAHdb Anharmonic v1.00 (Module 02 out/anharmonic_1.00/bands.csv.gz), all transitions incl. overtones/combinations"
tetracene,2376.1,0.00584533,282,"PAHdb Anharmonic v1.00 (Module 02 out/anharmonic_1.00/bands.csv.gz), all transitions incl. overtones/combinations"
tetracene,2376.15,0.0,282,"PAHdb Anharmonic v1.00 (Module 02 out/anharmonic_1.00/bands.csv.gz), all transitions incl. overtones/combinations"
tetracene,2376.21,0.0,282,"PAHdb Anharmonic v1.00 (Module 02 out/anharmonic_1.00/bands.csv.gz), all transitions incl. overtones/combinations"
tetracene,2376.51,0.00072583,282,"PAHdb Anharmonic v1.00 (Module 02 out/anharmonic_1.00/bands.csv.gz), all transitions incl. overtones/combinations"
tetracene,2377.14,0.00128005,282,"PAHdb Anharmonic v1.00 (Module 02 out/anharmonic_1.00/bands.csv.gz), all transitions incl. overtones/combinations"
tetracene,2377.37,0.0,282,"PAHdb Anharmonic v1.00 (Module 02 out/anharmonic_1.00/bands.csv.gz), all transitions incl. overtones/combinations"
tetracene,2380.02,0.00132091,282,"PAHdb Anharmonic v1.00 (Module 02 out/anharmonic_1.00/bands.csv.gz), all transitions incl. overtones/combinations"
tetracene,2380.38,0.0,282,"PAHdb Anharmonic v1.00 (Module 02 out/anharmonic_1.00/bands.csv.gz), all transitions incl. overtones/combinations"
tetracene,2381.04,0.0515098,282,"PAHdb Anharmonic v1.00 (Module 02 out/anharmonic_1.00/bands.csv.gz), all transitions incl. overtones/combinations"
tetracene,2383.03,0.0,282,"PAHdb Anharmonic v1.00 (Module 02 out/anharmonic_1.00/bands.csv.gz), all transitions incl. overtones/combinations"
tetracene,2384.56,0.0,282,"PAHdb Anharmonic v1.00 (Module 02 out/anharmonic_1.00/bands.csv.gz), all transitions incl. overtones/combinations"
tetracene,2385.21,0.0,282,"PAHdb Anharmonic v1.00 (Module 02 out/anharmonic_1.00/bands.csv.gz), all transitions incl. overtones/combinations"
tetracene,2387.3,0.0,282,"PAHdb Anharmonic v1.00 (Module 02 out/anharmonic_1.00/bands.csv.gz), all transitions incl. overtones/combinations"
tetracene,2387.82,0.0,282,"PAHdb Anharmonic v1.00 (Module 02 out/anharmonic_1.00/bands.csv.gz), all transitions incl. overtones/combinations"
tetracene,2389.16,0.165566,282,"PAHdb Anharmonic v1.00 (Module 02 out/anharmonic_1.00/bands.csv.gz), all transitions incl. overtones/combinations"
tetracene,2390.02,0.0,282,"PAHdb Anharmonic v1.00 (Module 02 out/anharmonic_1.00/bands.csv.gz), all transitions incl. overtones/combinations"
tetracene,2390.4,0.0,282,"PAHdb Anharmonic v1.00 (Module 02 out/anharmonic_1.00/bands.csv.gz), all transitions incl. overtones/combinations"
tetracene,2390.55,0.0,282,"PAHdb Anharmonic v1.00 (Module 02 out/anharmonic_1.00/bands.csv.gz), all transitions incl. overtones/combinations"
tetracene,2392.61,0.0,282,"PAHdb Anharmonic v1.00 (Module 02 out/anharmonic_1.00/bands.csv.gz), all transitions incl. overtones/combinations"
tetracene,2393.08,0.0,282,"PAHdb Anharmonic v1.00 (Module 02 out/anharmonic_1.00/bands.csv.gz), all transitions incl. overtones/combinations"
tetracene,2393.83,0.0,282,"PAHdb Anharmonic v1.00 (Module 02 out/anharmonic_1.00/bands.csv.gz), all transitions incl. overtones/combinations"
tetracene,2394.1,0.0,282,"PAHdb Anharmonic v1.00 (Module 02 out/anharmonic_1.00/bands.csv.gz), all transitions incl. overtones/combinations"
tetracene,2394.36,0.0041013,282,"PAHdb Anharmonic v1.00 (Module 02 out/anharmonic_1.00/bands.csv.gz), all transitions incl. overtones/combinations"
tetracene,2394.38,0.00631369,282,"PAHdb Anharmonic v1.00 (Module 02 out/anharmonic_1.00/bands.csv.gz), all transitions incl. overtones/combinations"
tetracene,2395.2,0.173302,282,"PAHdb Anharmonic v1.00 (Module 02 out/anharmonic_1.00/bands.csv.gz), all transitions incl. overtones/combinations"
tetracene,2395.63,0.0,282,"PAHdb Anharmonic v1.00 (Module 02 out/anharmonic_1.00/bands.csv.gz), all transitions incl. overtones/combinations"
tetracene,2397.64,0.00204779,282,"PAHdb Anharmonic v1.00 (Module 02 out/anharmonic_1.00/bands.csv.gz), all transitions incl. overtones/combinations"
tetracene,2398.9,0.00449084,282,"PAHdb Anharmonic v1.00 (Module 02 out/anharmonic_1.00/bands.csv.gz), all transitions incl. overtones/combinations"
tetracene,2400.72,0.0,282,"PAHdb Anharmonic v1.00 (Module 02 out/anharmonic_1.00/bands.csv.gz), all transitions incl. overtones/combinations"
tetracene,2400.85,0.0,282,"PAHdb Anharmonic v1.00 (Module 02 out/anharmonic_1.00/bands.csv.gz), all transitions incl. overtones/combinations"
tetracene,2401.62,0.00052233,282,"PAHdb Anharmonic v1.00 (Module 02 out/anharmonic_1.00/bands.csv.gz), all transitions incl. overtones/combinations"
tetracene,2401.72,0.0,282,"PAHdb Anharmonic v1.00 (Module 02 out/anharmonic_1.00/bands.csv.gz), all transitions incl. overtones/combinations"
tetracene,2401.95,0.00314353,282,"PAHdb Anharmonic v1.00 (Module 02 out/anharmonic_1.00/bands.csv.gz), all transitions incl. overtones/combinations"
tetracene,2402.35,0.0,282,"PAHdb Anharmonic v1.00 (Module 02 out/anharmonic_1.00/bands.csv.gz), all transitions incl. overtones/combinations"
tetracene,2403.3,0.0,282,"PAHdb Anharmonic v1.00 (Module 02 out/anharmonic_1.00/bands.csv.gz), all transitions incl. overtones/combinations"
tetracene,2403.93,0.00169625,282,"PAHdb Anharmonic v1.00 (Module 02 out/anharmonic_1.00/bands.csv.gz), all transitions incl. overtones/combinations"
tetracene,2404.28,0.0,282,"PAHdb Anharmonic v1.00 (Module 02 out/anharmonic_1.00/bands.csv.gz), all transitions incl. overtones/combinations"
tetracene,2404.75,0.0,282,"PAHdb Anharmonic v1.00 (Module 02 out/anharmonic_1.00/bands.csv.gz), all transitions incl. overtones/combinations"
tetracene,2404.8,0.0,282,"PAHdb Anharmonic v1.00 (Module 02 out/anharmonic_1.00/bands.csv.gz), all transitions incl. overtones/combinations"
tetracene,2405.99,0.0128674,282,"PAHdb Anharmonic v1.00 (Module 02 out/anharmonic_1.00/bands.csv.gz), all transitions incl. overtones/combinations"
tetracene,2407.33,0.0,282,"PAHdb Anharmonic v1.00 (Module 02 out/anharmonic_1.00/bands.csv.gz), all transitions incl. overtones/combinations"
tetracene,2407.4,0.0,282,"PAHdb Anharmonic v1.00 (Module 02 out/anharmonic_1.00/bands.csv.gz), all transitions incl. overtones/combinations"
tetracene,2407.7,0.0,282,"PAHdb Anharmonic v1.00 (Module 02 out/anharmonic_1.00/bands.csv.gz), all transitions incl. overtones/combinations"
tetracene,2408.86,0.0845895,282,"PAHdb Anharmonic v1.00 (Module 02 out/anharmonic_1.00/bands.csv.gz), all transitions incl. overtones/combinations"
tetracene,2409.59,0.00705534,282,"PAHdb Anharmonic v1.00 (Module 02 out/anharmonic_1.00/bands.csv.gz), all transitions incl. overtones/combinations"
tetracene,2410.1,0.0,282,"PAHdb Anharmonic v1.00 (Module 02 out/anharmonic_1.00/bands.csv.gz), all transitions incl. overtones/combinations"
tetracene,2410.23,0.00166683,282,"PAHdb Anharmonic v1.00 (Module 02 out/anharmonic_1.00/bands.csv.gz), all transitions incl. overtones/combinations"
tetracene,2411.1,0.0,282,"PAHdb Anharmonic v1.00 (Module 02 out/anharmonic_1.00/bands.csv.gz), all transitions incl. overtones/combinations"
tetracene,2412.08,0.0333452,282,"PAHdb Anharmonic v1.00 (Module 02 out/anharmonic_1.00/bands.csv.gz), all transitions incl. overtones/combinations"
tetracene,2412.88,0.0,282,"PAHdb Anharmonic v1.00 (Module 02 out/anharmonic_1.00/bands.csv.gz), all transitions incl. overtones/combinations"
tetracene,2413.11,0.0,282,"PAHdb Anharmonic v1.00 (Module 02 out/anharmonic_1.00/bands.csv.gz), all transitions incl. overtones/combinations"
tetracene,2414.05,1.36e-05,282,"PAHdb Anharmonic v1.00 (Module 02 out/anharmonic_1.00/bands.csv.gz), all transitions incl. overtones/combinations"
tetracene,2417.43,0.0,282,"PAHdb Anharmonic v1.00 (Module 02 out/anharmonic_1.00/bands.csv.gz), all transitions incl. overtones/combinations"
tetracene,2417.95,0.255595,282,"PAHdb Anharmonic v1.00 (Module 02 out/anharmonic_1.00/bands.csv.gz), all transitions incl. overtones/combinations"
tetracene,2418.0,0.0,282,"PAHdb Anharmonic v1.00 (Module 02 out/anharmonic_1.00/bands.csv.gz), all transitions incl. overtones/combinations"
tetracene,2418.04,0.0,282,"PAHdb Anharmonic v1.00 (Module 02 out/anharmonic_1.00/bands.csv.gz), all transitions incl. overtones/combinations"
tetracene,2418.99,0.0,282,"PAHdb Anharmonic v1.00 (Module 02 out/anharmonic_1.00/bands.csv.gz), all transitions incl. overtones/combinations"
tetracene,2419.15,0.00308554,282,"PAHdb Anharmonic v1.00 (Module 02 out/anharmonic_1.00/bands.csv.gz), all transitions incl. overtones/combinations"
tetracene,2419.26,0.0,282,"PAHdb Anharmonic v1.00 (Module 02 out/anharmonic_1.00/bands.csv.gz), all transitions incl. overtones/combinations"
tetracene,2421.2,0.0,282,"PAHdb Anharmonic v1.00 (Module 02 out/anharmonic_1.00/bands.csv.gz), all transitions incl. overtones/combinations"
tetracene,2421.55,0.0,282,"PAHdb Anharmonic v1.00 (Module 02 out/anharmonic_1.00/bands.csv.gz), all transitions incl. overtones/combinations"
tetracene,2422.19,0.0,282,"PAHdb Anharmonic v1.00 (Module 02 out/anharmonic_1.00/bands.csv.gz), all transitions incl. overtones/combinations"
tetracene,2423.27,9.02e-06,282,"PAHdb Anharmonic v1.00 (Module 02 out/anharmonic_1.00/bands.csv.gz), all transitions incl. overtones/combinations"
tetracene,2424.79,0.00932328,282,"PAHdb Anharmonic v1.00 (Module 02 out/anharmonic_1.00/bands.csv.gz), all transitions incl. overtones/combinations"
tetracene,2424.83,0.00155262,282,"PAHdb Anharmonic v1.00 (Module 02 out/anharmonic_1.00/bands.csv.gz), all transitions incl. overtones/combinations"
tetracene,2424.84,0.0,282,"PAHdb Anharmonic v1.00 (Module 02 out/anharmonic_1.00/bands.csv.gz), all transitions incl. overtones/combinations"
tetracene,2425.81,0.0,282,"PAHdb Anharmonic v1.00 (Module 02 out/anharmonic_1.00/bands.csv.gz), all transitions incl. overtones/combinations"
tetracene,2426.39,0.0,282,"PAHdb Anharmonic v1.00 (Module 02 out/anharmonic_1.00/bands.csv.gz), all transitions incl. overtones/combinations"
tetracene,2429.2,0.0104472,282,"PAHdb Anharmonic v1.00 (Module 02 out/anharmonic_1.00/bands.csv.gz), all transitions incl. overtones/combinations"
tetracene,2429.49,0.0,282,"PAHdb Anharmonic v1.00 (Module 02 out/anharmonic_1.00/bands.csv.gz), all transitions incl. overtones/combinations"
tetracene,2434.36,0.0548144,282,"PAHdb Anharmonic v1.00 (Module 02 out/anharmonic_1.00/bands.csv.gz), all transitions incl. overtones/combinations"
tetracene,2438.2,0.0,282,"PAHdb Anharmonic v1.00 (Module 02 out/anharmonic_1.00/bands.csv.gz), all transitions incl. overtones/combinations"
tetracene,2438.83,0.0,282,"PAHdb Anharmonic v1.00 (Module 02 out/anharmonic_1.00/bands.csv.gz), all transitions incl. overtones/combinations"
tetracene,2439.01,0.0,282,"PAHdb Anharmonic v1.00 (Module 02 out/anharmonic_1.00/bands.csv.gz), all transitions incl. overtones/combinations"
tetracene,2439.81,0.0,282,"PAHdb Anharmonic v1.00 (Module 02 out/anharmonic_1.00/bands.csv.gz), all transitions incl. overtones/combinations"
tetracene,2440.59,0.174631,282,"PAHdb Anharmonic v1.00 (Module 02 out/anharmonic_1.00/bands.csv.gz), all transitions incl. overtones/combinations"
tetracene,2440.86,0.0,282,"PAHdb Anharmonic v1.00 (Module 02 out/anharmonic_1.00/bands.csv.gz), all transitions incl. overtones/combinations"
tetracene,2441.8,0.0,282,"PAHdb Anharmonic v1.00 (Module 02 out/anharmonic_1.00/bands.csv.gz), all transitions incl. overtones/combinations"
tetracene,2442.64,0.00669911,282,"PAHdb Anharmonic v1.00 (Module 02 out/anharmonic_1.00/bands.csv.gz), all transitions incl. overtones/combinations"
tetracene,2444.26,0.0,282,"PAHdb Anharmonic v1.00 (Module 02 out/anharmonic_1.00/bands.csv.gz), all transitions incl. overtones/combinations"
tetracene,2445.16,0.00032492,282,"PAHdb Anharmonic v1.00 (Module 02 out/anharmonic_1.00/bands.csv.gz), all transitions incl. overtones/combinations"
tetracene,2445.51,0.0343416,282,"PAHdb Anharmonic v1.00 (Module 02 out/anharmonic_1.00/bands.csv.gz), all transitions incl. overtones/combinations"
tetracene,2446.49,0.0076628,282,"PAHdb Anharmonic v1.00 (Module 02 out/anharmonic_1.00/bands.csv.gz), all transitions incl. overtones/combinations"
tetracene,2448.65,0.0,282,"PAHdb Anharmonic v1.00 (Module 02 out/anharmonic_1.00/bands.csv.gz), all transitions incl. overtones/combinations"
tetracene,2449.58,0.0,282,"PAHdb Anharmonic v1.00 (Module 02 out/anharmonic_1.00/bands.csv.gz), all transitions incl. overtones/combinations"
tetracene,2452.63,0.0320343,282,"PAHdb Anharmonic v1.00 (Module 02 out/anharmonic_1.00/bands.csv.gz), all transitions incl. overtones/combinations"
tetracene,2453.82,0.0,282,"PAHdb Anharmonic v1.00 (Module 02 out/anharmonic_1.00/bands.csv.gz), all transitions incl. overtones/combinations"
tetracene,2454.07,0.0,282,"PAHdb Anharmonic v1.00 (Module 02 out/anharmonic_1.00/bands.csv.gz), all transitions incl. overtones/combinations"
tetracene,2456.25,0.008473,282,"PAHdb Anharmonic v1.00 (Module 02 out/anharmonic_1.00/bands.csv.gz), all transitions incl. overtones/combinations"
tetracene,2456.94,3.154e-05,282,"PAHdb Anharmonic v1.00 (Module 02 out/anharmonic_1.00/bands.csv.gz), all transitions incl. overtones/combinations"
tetracene,2458.26,0.0,282,"PAHdb Anharmonic v1.00 (Module 02 out/anharmonic_1.00/bands.csv.gz), all transitions incl. overtones/combinations"
tetracene,2458.27,0.0775479,282,"PAHdb Anharmonic v1.00 (Module 02 out/anharmonic_1.00/bands.csv.gz), all transitions incl. overtones/combinations"
tetracene,2459.6,0.0,282,"PAHdb Anharmonic v1.00 (Module 02 out/anharmonic_1.00/bands.csv.gz), all transitions incl. overtones/combinations"
tetracene,2461.45,0.0732209,282,"PAHdb Anharmonic v1.00 (Module 02 out/anharmonic_1.00/bands.csv.gz), all transitions incl. overtones/combinations"
tetracene,2462.17,0.0148238,282,"PAHdb Anharmonic v1.00 (Module 02 out/anharmonic_1.00/bands.csv.gz), all transitions incl. overtones/combinations"
tetracene,2462.28,0.00664034,282,"PAHdb Anharmonic v1.00 (Module 02 out/anharmonic_1.00/bands.csv.gz), all transitions incl. overtones/combinations"
tetracene,2463.59,0.0,282,"PAHdb Anharmonic v1.00 (Module 02 out/anharmonic_1.00/bands.csv.gz), all transitions incl. overtones/combinations"
tetracene,2463.75,0.0,282,"PAHdb Anharmonic v1.00 (Module 02 out/anharmonic_1.00/bands.csv.gz), all transitions incl. overtones/combinations"
tetracene,2463.96,0.0,282,"PAHdb Anharmonic v1.00 (Module 02 out/anharmonic_1.00/bands.csv.gz), all transitions incl. overtones/combinations"
tetracene,2465.1,0.0,282,"PAHdb Anharmonic v1.00 (Module 02 out/anharmonic_1.00/bands.csv.gz), all transitions incl. overtones/combinations"
tetracene,2465.5,0.00099389,282,"PAHdb Anharmonic v1.00 (Module 02 out/anharmonic_1.00/bands.csv.gz), all transitions incl. overtones/combinations"
tetracene,2465.84,0.0163758,282,"PAHdb Anharmonic v1.00 (Module 02 out/anharmonic_1.00/bands.csv.gz), all transitions incl. overtones/combinations"
tetracene,2466.59,0.0,282,"PAHdb Anharmonic v1.00 (Module 02 out/anharmonic_1.00/bands.csv.gz), all transitions incl. overtones/combinations"
tetracene,2468.01,0.0,282,"PAHdb Anharmonic v1.00 (Module 02 out/anharmonic_1.00/bands.csv.gz), all transitions incl. overtones/combinations"
tetracene,2468.6,0.00128379,282,"PAHdb Anharmonic v1.00 (Module 02 out/anharmonic_1.00/bands.csv.gz), all transitions incl. overtones/combinations"
tetracene,2470.14,0.00056054,282,"PAHdb Anharmonic v1.00 (Module 02 out/anharmonic_1.00/bands.csv.gz), all transitions incl. overtones/combinations"
tetracene,2472.28,0.0276259,282,"PAHdb Anharmonic v1.00 (Module 02 out/anharmonic_1.00/bands.csv.gz), all transitions incl. overtones/combinations"
tetracene,2473.61,0.0,282,"PAHdb Anharmonic v1.00 (Module 02 out/anharmonic_1.00/bands.csv.gz), all transitions incl. overtones/combinations"
tetracene,2473.75,0.0,282,"PAHdb Anharmonic v1.00 (Module 02 out/anharmonic_1.00/bands.csv.gz), all transitions incl. overtones/combinations"
tetracene,2474.2,0.0,282,"PAHdb Anharmonic v1.00 (Module 02 out/anharmonic_1.00/bands.csv.gz), all transitions incl. overtones/combinations"
tetracene,2475.67,0.0,282,"PAHdb Anharmonic v1.00 (Module 02 out/anharmonic_1.00/bands.csv.gz), all transitions incl. overtones/combinations"
tetracene,2475.91,0.020354,282,"PAHdb Anharmonic v1.00 (Module 02 out/anharmonic_1.00/bands.csv.gz), all transitions incl. overtones/combinations"
tetracene,2476.8,0.0,282,"PAHdb Anharmonic v1.00 (Module 02 out/anharmonic_1.00/bands.csv.gz), all transitions incl. overtones/combinations"
tetracene,2477.48,0.00877155,282,"PAHdb Anharmonic v1.00 (Module 02 out/anharmonic_1.00/bands.csv.gz), all transitions incl. overtones/combinations"
tetracene,2477.76,0.0392135,282,"PAHdb Anharmonic v1.00 (Module 02 out/anharmonic_1.00/bands.csv.gz), all transitions incl. overtones/combinations"
tetracene,2478.11,4.727e-05,282,"PAHdb Anharmonic v1.00 (Module 02 out/anharmonic_1.00/bands.csv.gz), all transitions incl. overtones/combinations"
tetracene,2478.61,0.0,282,"PAHdb Anharmonic v1.00 (Module 02 out/anharmonic_1.00/bands.csv.gz), all transitions incl. overtones/combinations"
tetracene,2480.13,0.00268434,282,"PAHdb Anharmonic v1.00 (Module 02 out/anharmonic_1.00/bands.csv.gz), all transitions incl. overtones/combinations"
tetracene,2480.32,0.0,282,"PAHdb Anharmonic v1.00 (Module 02 out/anharmonic_1.00/bands.csv.gz), all transitions incl. overtones/combinations"
tetracene,2481.15,0.0,282,"PAHdb Anharmonic v1.00 (Module 02 out/anharmonic_1.00/bands.csv.gz), all transitions incl. overtones/combinations"
tetracene,2481.36,0.0,282,"PAHdb Anharmonic v1.00 (Module 02 out/anharmonic_1.00/bands.csv.gz), all transitions incl. overtones/combinations"
tetracene,2481.37,0.00269642,282,"PAHdb Anharmonic v1.00 (Module 02 out/anharmonic_1.00/bands.csv.gz), all transitions incl. overtones/combinations"
tetracene,2482.75,0.209198,282,"PAHdb Anharmonic v1.00 (Module 02 out/anharmonic_1.00/bands.csv.gz), all transitions incl. overtones/combinations"
tetracene,2483.78,0.00120159,282,"PAHdb Anharmonic v1.00 (Module 02 out/anharmonic_1.00/bands.csv.gz), all transitions incl. overtones/combinations"
tetracene,2483.99,0.012225,282,"PAHdb Anharmonic v1.00 (Module 02 out/anharmonic_1.00/bands.csv.gz), all transitions incl. overtones/combinations"
tetracene,2486.51,0.0,282,"PAHdb Anharmonic v1.00 (Module 02 out/anharmonic_1.00/bands.csv.gz), all transitions incl. overtones/combinations"
tetracene,2486.6,0.0,282,"PAHdb Anharmonic v1.00 (Module 02 out/anharmonic_1.00/bands.csv.gz), all transitions incl. overtones/combinations"
tetracene,2487.93,0.0,282,"PAHdb Anharmonic v1.00 (Module 02 out/anharmonic_1.00/bands.csv.gz), all transitions incl. overtones/combinations"
tetracene,2494.09,0.0246758,282,"PAHdb Anharmonic v1.00 (Module 02 out/anharmonic_1.00/bands.csv.gz), all transitions incl. overtones/combinations"
tetracene,2494.3,0.0,282,"PAHdb Anharmonic v1.00 (Module 02 out/anharmonic_1.00/bands.csv.gz), all transitions incl. overtones/combinations"
tetracene,2494.41,0.0,282,"PAHdb Anharmonic v1.00 (Module 02 out/anharmonic_1.00/bands.csv.gz), all transitions incl. overtones/combinations"
tetracene,2495.69,0.0,282,"PAHdb Anharmonic v1.00 (Module 02 out/anharmonic_1.00/bands.csv.gz), all transitions incl. overtones/combinations"
tetracene,2497.5,0.00031888,282,"PAHdb Anharmonic v1.00 (Module 02 out/anharmonic_1.00/bands.csv.gz), all transitions incl. overtones/combinations"
tetracene,2498.36,0.0,282,"PAHdb Anharmonic v1.00 (Module 02 out/anharmonic_1.00/bands.csv.gz), all transitions incl. overtones/combinations"
tetracene,2499.6,0.0,282,"PAHdb Anharmonic v1.00 (Module 02 out/anharmonic_1.00/bands.csv.gz), all transitions incl. overtones/combinations"
tetracene,2499.93,0.0190926,282,"PAHdb Anharmonic v1.00 (Module 02 out/anharmonic_1.00/bands.csv.gz), all transitions incl. overtones/combinations"
tetracene,2500.28,1.225e-05,282,"PAHdb Anharmonic v1.00 (Module 02 out/anharmonic_1.00/bands.csv.gz), all transitions incl. overtones/combinations"
tetracene,2500.54,0.0,282,"PAHdb Anharmonic v1.00 (Module 02 out/anharmonic_1.00/bands.csv.gz), all transitions incl. overtones/combinations"
tetracene,2501.38,0.00373948,282,"PAHdb Anharmonic v1.00 (Module 02 out/anharmonic_1.00/bands.csv.gz), all transitions incl. overtones/combinations"
tetracene,2502.74,0.0209996,282,"PAHdb Anharmonic v1.00 (Module 02 out/anharmonic_1.00/bands.csv.gz), all transitions incl. overtones/combinations"
tetracene,2503.44,0.00431539,282,"PAHdb Anharmonic v1.00 (Module 02 out/anharmonic_1.00/bands.csv.gz), all transitions incl. overtones/combinations"
tetracene,2504.35,0.0,282,"PAHdb Anharmonic v1.00 (Module 02 out/anharmonic_1.00/bands.csv.gz), all transitions incl. overtones/combinations"
tetracene,2505.37,0.0,282,"PAHdb Anharmonic v1.00 (Module 02 out/anharmonic_1.00/bands.csv.gz), all transitions incl. overtones/combinations"
tetracene,2507.86,0.0,282,"PAHdb Anharmonic v1.00 (Module 02 out/anharmonic_1.00/bands.csv.gz), all transitions incl. overtones/combinations"
tetracene,2510.08,0.0,282,"PAHdb Anharmonic v1.00 (Module 02 out/anharmonic_1.00/bands.csv.gz), all transitions incl. overtones/combinations"
tetracene,2512.52,0.0,282,"PAHdb Anharmonic v1.00 (Module 02 out/anharmonic_1.00/bands.csv.gz), all transitions incl. overtones/combinations"
tetracene,2514.08,0.0,282,"PAHdb Anharmonic v1.00 (Module 02 out/anharmonic_1.00/bands.csv.gz), all transitions incl. overtones/combinations"
tetracene,2514.19,0.0,282,"PAHdb Anharmonic v1.00 (Module 02 out/anharmonic_1.00/bands.csv.gz), all transitions incl. overtones/combinations"
tetracene,2515.41,0.0,282,"PAHdb Anharmonic v1.00 (Module 02 out/anharmonic_1.00/bands.csv.gz), all transitions incl. overtones/combinations"
tetracene,2516.39,0.0,282,"PAHdb Anharmonic v1.00 (Module 02 out/anharmonic_1.00/bands.csv.gz), all transitions incl. overtones/combinations"
tetracene,2516.91,9.5e-07,282,"PAHdb Anharmonic v1.00 (Module 02 out/anharmonic_1.00/bands.csv.gz), all transitions incl. overtones/combinations"
tetracene,2517.93,0.0,282,"PAHdb Anharmonic v1.00 (Module 02 out/anharmonic_1.00/bands.csv.gz), all transitions incl. overtones/combinations"
tetracene,2518.41,0.0,282,"PAHdb Anharmonic v1.00 (Module 02 out/anharmonic_1.00/bands.csv.gz), all transitions incl. overtones/combinations"
tetracene,2518.51,0.0,282,"PAHdb Anharmonic v1.00 (Module 02 out/anharmonic_1.00/bands.csv.gz), all transitions incl. overtones/combinations"
tetracene,2519.27,0.0509835,282,"PAHdb Anharmonic v1.00 (Module 02 out/anharmonic_1.00/bands.csv.gz), all transitions incl. overtones/combinations"
tetracene,2519.69,0.0,282,"PAHdb Anharmonic v1.00 (Module 02 out/anharmonic_1.00/bands.csv.gz), all transitions incl. overtones/combinations"
tetracene,2520.47,0.03703,282,"PAHdb Anharmonic v1.00 (Module 02 out/anharmonic_1.00/bands.csv.gz), all transitions incl. overtones/combinations"
tetracene,2520.54,0.0,282,"PAHdb Anharmonic v1.00 (Module 02 out/anharmonic_1.00/bands.csv.gz), all transitions incl. overtones/combinations"
tetracene,2520.68,0.0468522,282,"PAHdb Anharmonic v1.00 (Module 02 out/anharmonic_1.00/bands.csv.gz), all transitions incl. overtones/combinations"
tetracene,2521.13,0.0,282,"PAHdb Anharmonic v1.00 (Module 02 out/anharmonic_1.00/bands.csv.gz), all transitions incl. overtones/combinations"
tetracene,2521.98,0.0,282,"PAHdb Anharmonic v1.00 (Module 02 out/anharmonic_1.00/bands.csv.gz), all transitions incl. overtones/combinations"
tetracene,2522.78,0.0,282,"PAHdb Anharmonic v1.00 (Module 02 out/anharmonic_1.00/bands.csv.gz), all transitions incl. overtones/combinations"
tetracene,2526.33,0.0,282,"PAHdb Anharmonic v1.00 (Module 02 out/anharmonic_1.00/bands.csv.gz), all transitions incl. overtones/combinations"
tetracene,2527.35,0.0,282,"PAHdb Anharmonic v1.00 (Module 02 out/anharmonic_1.00/bands.csv.gz), all transitions incl. overtones/combinations"
tetracene,2528.73,1.579e-05,282,"PAHdb Anharmonic v1.00 (Module 02 out/anharmonic_1.00/bands.csv.gz), all transitions incl. overtones/combinations"
tetracene,2528.91,0.0,282,"PAHdb Anharmonic v1.00 (Module 02 out/anharmonic_1.00/bands.csv.gz), all transitions incl. overtones/combinations"
tetracene,2531.38,0.0,282,"PAHdb Anharmonic v1.00 (Module 02 out/anharmonic_1.00/bands.csv.gz), all transitions incl. overtones/combinations"
tetracene,2532.36,0.102729,282,"PAHdb Anharmonic v1.00 (Module 02 out/anharmonic_1.00/bands.csv.gz), all transitions incl. overtones/combinations"
tetracene,2532.9,0.0112291,282,"PAHdb Anharmonic v1.00 (Module 02 out/anharmonic_1.00/bands.csv.gz), all transitions incl. overtones/combinations"
tetracene,2534.38,0.0,282,"PAHdb Anharmonic v1.00 (Module 02 out/anharmonic_1.00/bands.csv.gz), all transitions incl. overtones/combinations"
tetracene,2534.84,0.00235077,282,"PAHdb Anharmonic v1.00 (Module 02 out/anharmonic_1.00/bands.csv.gz), all transitions incl. overtones/combinations"
tetracene,2535.27,0.0,282,"PAHdb Anharmonic v1.00 (Module 02 out/anharmonic_1.00/bands.csv.gz), all transitions incl. overtones/combinations"
tetracene,2535.9,0.464018,282,"PAHdb Anharmonic v1.00 (Module 02 out/anharmonic_1.00/bands.csv.gz), all transitions incl. overtones/combinations"
tetracene,2536.31,0.00305328,282,"PAHdb Anharmonic v1.00 (Module 02 out/anharmonic_1.00/bands.csv.gz), all transitions incl. overtones/combinations"
tetracene,2536.34,0.0236626,282,"PAHdb Anharmonic v1.00 (Module 02 out/anharmonic_1.00/bands.csv.gz), all transitions incl. overtones/combinations"
tetracene,2537.58,0.0,282,"PAHdb Anharmonic v1.00 (Module 02 out/anharmonic_1.00/bands.csv.gz), all transitions incl. overtones/combinations"
tetracene,2537.91,0.00012158,282,"PAHdb Anharmonic v1.00 (Module 02 out/anharmonic_1.00/bands.csv.gz), all transitions incl. overtones/combinations"
tetracene,2538.28,0.0,282,"PAHdb Anharmonic v1.00 (Module 02 out/anharmonic_1.00/bands.csv.gz), all transitions incl. overtones/combinations"
tetracene,2539.09,0.0,282,"PAHdb Anharmonic v1.00 (Module 02 out/anharmonic_1.00/bands.csv.gz), all transitions incl. overtones/combinations"
tetracene,2540.16,0.0,282,"PAHdb Anharmonic v1.00 (Module 02 out/anharmonic_1.00/bands.csv.gz), all transitions incl. overtones/combinations"
tetracene,2543.2,0.00624575,282,"PAHdb Anharmonic v1.00 (Module 02 out/anharmonic_1.00/bands.csv.gz), all transitions incl. overtones/combinations"
tetracene,2543.32,0.0,282,"PAHdb Anharmonic v1.00 (Module 02 out/anharmonic_1.00/bands.csv.gz), all transitions incl. overtones/combinations"
tetracene,2545.89,0.00422679,282,"PAHdb Anharmonic v1.00 (Module 02 out/anharmonic_1.00/bands.csv.gz), all transitions incl. overtones/combinations"
tetracene,2547.3,0.13836,282,"PAHdb Anharmonic v1.00 (Module 02 out/anharmonic_1.00/bands.csv.gz), all transitions incl. overtones/combinations"
tetracene,2552.71,0.00820199,282,"PAHdb Anharmonic v1.00 (Module 02 out/anharmonic_1.00/bands.csv.gz), all transitions incl. overtones/combinations"
tetracene,2553.99,0.0,282,"PAHdb Anharmonic v1.00 (Module 02 out/anharmonic_1.00/bands.csv.gz), all transitions incl. overtones/combinations"
tetracene,2554.14,0.0124482,282,"PAHdb Anharmonic v1.00 (Module 02 out/anharmonic_1.00/bands.csv.gz), all transitions incl. overtones/combinations"
tetracene,2554.18,0.0,282,"PAHdb Anharmonic v1.00 (Module 02 out/anharmonic_1.00/bands.csv.gz), all transitions incl. overtones/combinations"
tetracene,2555.28,0.0,282,"PAHdb Anharmonic v1.00 (Module 02 out/anharmonic_1.00/bands.csv.gz), all transitions incl. overtones/combinations"
tetracene,2556.04,4.824e-05,282,"PAHdb Anharmonic v1.00 (Module 02 out/anharmonic_1.00/bands.csv.gz), all transitions incl. overtones/combinations"
tetracene,2556.05,0.0,282,"PAHdb Anharmonic v1.00 (Module 02 out/anharmonic_1.00/bands.csv.gz), all transitions incl. overtones/combinations"
tetracene,2556.75,0.0,282,"PAHdb Anharmonic v1.00 (Module 02 out/anharmonic_1.00/bands.csv.gz), all transitions incl. overtones/combinations"
tetracene,2556.89,0.673773,282,"PAHdb Anharmonic v1.00 (Module 02 out/anharmonic_1.00/bands.csv.gz), all transitions incl. overtones/combinations"
tetracene,2557.16,0.0,282,"PAHdb Anharmonic v1.00 (Module 02 out/anharmonic_1.00/bands.csv.gz), all transitions incl. overtones/combinations"
tetracene,2557.99,0.00032543,282,"PAHdb Anharmonic v1.00 (Module 02 out/anharmonic_1.00/bands.csv.gz), all transitions incl. overtones/combinations"
tetracene,2558.4,0.0004112,282,"PAHdb Anharmonic v1.00 (Module 02 out/anharmonic_1.00/bands.csv.gz), all transitions incl. overtones/combinations"
tetracene,2560.6,0.0390041,282,"PAHdb Anharmonic v1.00 (Module 02 out/anharmonic_1.00/bands.csv.gz), all transitions incl. overtones/combinations"
tetracene,2564.81,0.100677,282,"PAHdb Anharmonic v1.00 (Module 02 out/anharmonic_1.00/bands.csv.gz), all transitions incl. overtones/combinations"
tetracene,2567.77,0.0,282,"PAHdb Anharmonic v1.00 (Module 02 out/anharmonic_1.00/bands.csv.gz), all transitions incl. overtones/combinations"
tetracene,2568.99,0.0,282,"PAHdb Anharmonic v1.00 (Module 02 out/anharmonic_1.00/bands.csv.gz), all transitions incl. overtones/combinations"
tetracene,2569.73,0.0,282,"PAHdb Anharmonic v1.00 (Module 02 out/anharmonic_1.00/bands.csv.gz), all transitions incl. overtones/combinations"
tetracene,2570.12,0.00042414,282,"PAHdb Anharmonic v1.00 (Module 02 out/anharmonic_1.00/bands.csv.gz), all transitions incl. overtones/combinations"
tetracene,2570.98,0.0,282,"PAHdb Anharmonic v1.00 (Module 02 out/anharmonic_1.00/bands.csv.gz), all transitions incl. overtones/combinations"
tetracene,2571.24,0.0,282,"PAHdb Anharmonic v1.00 (Module 02 out/anharmonic_1.00/bands.csv.gz), all transitions incl. overtones/combinations"
tetracene,2572.16,0.00455907,282,"PAHdb Anharmonic v1.00 (Module 02 out/anharmonic_1.00/bands.csv.gz), all transitions incl. overtones/combinations"
tetracene,2572.26,0.0,282,"PAHdb Anharmonic v1.00 (Module 02 out/anharmonic_1.00/bands.csv.gz), all transitions incl. overtones/combinations"
tetracene,2573.1,0.0,282,"PAHdb Anharmonic v1.00 (Module 02 out/anharmonic_1.00/bands.csv.gz), all transitions incl. overtones/combinations"
tetracene,2574.3,0.00609402,282,"PAHdb Anharmonic v1.00 (Module 02 out/anharmonic_1.00/bands.csv.gz), all transitions incl. overtones/combinations"
tetracene,2576.95,0.0,282,"PAHdb Anharmonic v1.00 (Module 02 out/anharmonic_1.00/bands.csv.gz), all transitions incl. overtones/combinations"
tetracene,2578.78,0.0,282,"PAHdb Anharmonic v1.00 (Module 02 out/anharmonic_1.00/bands.csv.gz), all transitions incl. overtones/combinations"
tetracene,2579.85,0.00021555,282,"PAHdb Anharmonic v1.00 (Module 02 out/anharmonic_1.00/bands.csv.gz), all transitions incl. overtones/combinations"
tetracene,2580.43,0.0,282,"PAHdb Anharmonic v1.00 (Module 02 out/anharmonic_1.00/bands.csv.gz), all transitions incl. overtones/combinations"
tetracene,2580.51,0.139129,282,"PAHdb Anharmonic v1.00 (Module 02 out/anharmonic_1.00/bands.csv.gz), all transitions incl. overtones/combinations"
tetracene,2582.75,0.0,282,"PAHdb Anharmonic v1.00 (Module 02 out/anharmonic_1.00/bands.csv.gz), all transitions incl. overtones/combinations"
tetracene,2583.19,0.0,282,"PAHdb Anharmonic v1.00 (Module 02 out/anharmonic_1.00/bands.csv.gz), all transitions incl. overtones/combinations"
tetracene,2583.59,0.0997467,282,"PAHdb Anharmonic v1.00 (Module 02 out/anharmonic_1.00/bands.csv.gz), all transitions incl. overtones/combinations"
tetracene,2583.59,0.0,282,"PAHdb Anharmonic v1.00 (Module 02 out/anharmonic_1.00/bands.csv.gz), all transitions incl. overtones/combinations"
tetracene,2583.89,0.0,282,"PAHdb Anharmonic v1.00 (Module 02 out/anharmonic_1.00/bands.csv.gz), all transitions incl. overtones/combinations"
tetracene,2584.01,0.0,282,"PAHdb Anharmonic v1.00 (Module 02 out/anharmonic_1.00/bands.csv.gz), all transitions incl. overtones/combinations"
tetracene,2584.39,0.0178365,282,"PAHdb Anharmonic v1.00 (Module 02 out/anharmonic_1.00/bands.csv.gz), all transitions incl. overtones/combinations"
tetracene,2584.5,0.00148498,282,"PAHdb Anharmonic v1.00 (Module 02 out/anharmonic_1.00/bands.csv.gz), all transitions incl. overtones/combinations"
tetracene,2585.48,0.0,282,"PAHdb Anharmonic v1.00 (Module 02 out/anharmonic_1.00/bands.csv.gz), all transitions incl. overtones/combinations"
tetracene,2585.59,0.00308855,282,"PAHdb Anharmonic v1.00 (Module 02 out/anharmonic_1.00/bands.csv.gz), all transitions incl. overtones/combinations"
tetracene,2588.21,0.0,282,"PAHdb Anharmonic v1.00 (Module 02 out/anharmonic_1.00/bands.csv.gz), all transitions incl. overtones/combinations"
tetracene,2590.61,0.0,282,"PAHdb Anharmonic v1.00 (Module 02 out/anharmonic_1.00/bands.csv.gz), all transitions incl. overtones/combinations"
tetracene,2590.62,0.00763809,282,"PAHdb Anharmonic v1.00 (Module 02 out/anharmonic_1.00/bands.csv.gz), all transitions incl. overtones/combinations"
tetracene,2591.02,0.00042508,282,"PAHdb Anharmonic v1.00 (Module 02 out/anharmonic_1.00/bands.csv.gz), all transitions incl. overtones/combinations"
tetracene,2592.22,0.0,282,"PAHdb Anharmonic v1.00 (Module 02 out/anharmonic_1.00/bands.csv.gz), all transitions incl. overtones/combinations"
tetracene,2592.3,0.0,282,"PAHdb Anharmonic v1.00 (Module 02 out/anharmonic_1.00/bands.csv.gz), all transitions incl. overtones/combinations"
tetracene,2592.61,0.00185314,282,"PAHdb Anharmonic v1.00 (Module 02 out/anharmonic_1.00/bands.csv.gz), all transitions incl. overtones/combinations"
tetracene,2593.01,0.0,282,"PAHdb Anharmonic v1.00 (Module 02 out/anharmonic_1.00/bands.csv.gz), all transitions incl. overtones/combinations"
tetracene,2594.59,0.0,282,"PAHdb Anharmonic v1.00 (Module 02 out/anharmonic_1.00/bands.csv.gz), all transitions incl. overtones/combinations"
tetracene,2594.75,0.0,282,"PAHdb Anharmonic v1.00 (Module 02 out/anharmonic_1.00/bands.csv.gz), all transitions incl. overtones/combinations"
tetracene,2594.86,0.00587309,282,"PAHdb Anharmonic v1.00 (Module 02 out/anharmonic_1.00/bands.csv.gz), all transitions incl. overtones/combinations"
tetracene,2600.65,0.0,282,"PAHdb Anharmonic v1.00 (Module 02 out/anharmonic_1.00/bands.csv.gz), all transitions incl. overtones/combinations"
tetracene,2601.25,0.0,282,"PAHdb Anharmonic v1.00 (Module 02 out/anharmonic_1.00/bands.csv.gz), all transitions incl. overtones/combinations"
tetracene,2602.73,0.00902647,282,"PAHdb Anharmonic v1.00 (Module 02 out/anharmonic_1.00/bands.csv.gz), all transitions incl. overtones/combinations"
tetracene,2603.55,0.00600435,282,"PAHdb Anharmonic v1.00 (Module 02 out/anharmonic_1.00/bands.csv.gz), all transitions incl. overtones/combinations"
tetracene,2604.45,0.0,282,"PAHdb Anharmonic v1.00 (Module 02 out/anharmonic_1.00/bands.csv.gz), all transitions incl. overtones/combinations"
tetracene,2604.66,0.0,282,"PAHdb Anharmonic v1.00 (Module 02 out/anharmonic_1.00/bands.csv.gz), all transitions incl. overtones/combinations"
tetracene,2608.93,0.00524781,282,"PAHdb Anharmonic v1.00 (Module 02 out/anharmonic_1.00/bands.csv.gz), all transitions incl. overtones/combinations"
tetracene,2609.04,0.0,282,"PAHdb Anharmonic v1.00 (Module 02 out/anharmonic_1.00/bands.csv.gz), all transitions incl. overtones/combinations"
tetracene,2609.41,0.0,282,"PAHdb Anharmonic v1.00 (Module 02 out/anharmonic_1.00/bands.csv.gz), all transitions incl. overtones/combinations"
tetracene,2609.88,0.00773549,282,"PAHdb Anharmonic v1.00 (Module 02 out/anharmonic_1.00/bands.csv.gz), all transitions incl. overtones/combinations"
tetracene,2611.19,0.00182964,282,"PAHdb Anharmonic v1.00 (Module 02 out/anharmonic_1.00/bands.csv.gz), all transitions incl. overtones/combinations"
tetracene,2618.14,0.0,282,"PAHdb Anharmonic v1.00 (Module 02 out/anharmonic_1.00/bands.csv.gz), all transitions incl. overtones/combinations"
tetracene,2619.08,0.0,282,"PAHdb Anharmonic v1.00 (Module 02 out/anharmonic_1.00/bands.csv.gz), all transitions incl. overtones/combinations"
tetracene,2619.37,0.0329455,282,"PAHdb Anharmonic v1.00 (Module 02 out/anharmonic_1.00/bands.csv.gz), all transitions incl. overtones/combinations"
tetracene,2621.12,0.0243682,282,"PAHdb Anharmonic v1.00 (Module 02 out/anharmonic_1.00/bands.csv.gz), all transitions incl. overtones/combinations"
tetracene,2621.75,0.00151212,282,"PAHdb Anharmonic v1.00 (Module 02 out/anharmonic_1.00/bands.csv.gz), all transitions incl. overtones/combinations"
tetracene,2624.35,0.0121832,282,"PAHdb Anharmonic v1.00 (Module 02 out/anharmonic_1.00/bands.csv.gz), all transitions incl. overtones/combinations"
tetracene,2625.41,0.0003255,282,"PAHdb Anharmonic v1.00 (Module 02 out/anharmonic_1.00/bands.csv.gz), all transitions incl. overtones/combinations"
tetracene,2626.71,0.0,282,"PAHdb Anharmonic v1.00 (Module 02 out/anharmonic_1.00/bands.csv.gz), all transitions incl. overtones/combinations"
tetracene,2627.69,0.0,282,"PAHdb Anharmonic v1.00 (Module 02 out/anharmonic_1.00/bands.csv.gz), all transitions incl. overtones/combinations"
tetracene,2628.69,0.0103899,282,"PAHdb Anharmonic v1.00 (Module 02 out/anharmonic_1.00/bands.csv.gz), all transitions incl. overtones/combinations"
tetracene,2634.73,0.00144679,282,"PAHdb Anharmonic v1.00 (Module 02 out/anharmonic_1.00/bands.csv.gz), all transitions incl. overtones/combinations"
tetracene,2634.89,0.0,282,"PAHdb Anharmonic v1.00 (Module 02 out/anharmonic_1.00/bands.csv.gz), all transitions incl. overtones/combinations"
tetracene,2635.99,0.0,282,"PAHdb Anharmonic v1.00 (Module 02 out/anharmonic_1.00/bands.csv.gz), all transitions incl. overtones/combinations"
tetracene,2636.56,0.0,282,"PAHdb Anharmonic v1.00 (Module 02 out/anharmonic_1.00/bands.csv.gz), all transitions incl. overtones/combinations"
tetracene,2638.76,0.00873068,282,"PAHdb Anharmonic v1.00 (Module 02 out/anharmonic_1.00/bands.csv.gz), all transitions incl. overtones/combinations"
tetracene,2641.75,0.0,282,"PAHdb Anharmonic v1.00 (Module 02 out/anharmonic_1.00/bands.csv.gz), all transitions incl. overtones/combinations"
tetracene,2642.77,0.0,282,"PAHdb Anharmonic v1.00 (Module 02 out/anharmonic_1.00/bands.csv.gz), all transitions incl. overtones/combinations"
tetracene,2647.08,0.0,282,"PAHdb Anharmonic v1.00 (Module 02 out/anharmonic_1.00/bands.csv.gz), all transitions incl. overtones/combinations"
tetracene,2648.75,0.0,282,"PAHdb Anharmonic v1.00 (Module 02 out/anharmonic_1.00/bands.csv.gz), all transitions incl. overtones/combinations"
tetracene,2650.09,0.00382245,282,"PAHdb Anharmonic v1.00 (Module 02 out/anharmonic_1.00/bands.csv.gz), all transitions incl. overtones/combinations"
tetracene,2653.01,0.025957,282,"PAHdb Anharmonic v1.00 (Module 02 out/anharmonic_1.00/bands.csv.gz), all transitions incl. overtones/combinations"
tetracene,2654.7,0.0165747,282,"PAHdb Anharmonic v1.00 (Module 02 out/anharmonic_1.00/bands.csv.gz), all transitions incl. overtones/combinations"
tetracene,2655.53,0.0,282,"PAHdb Anharmonic v1.00 (Module 02 out/anharmonic_1.00/bands.csv.gz), all transitions incl. overtones/combinations"
tetracene,2655.77,0.0,282,"PAHdb Anharmonic v1.00 (Module 02 out/anharmonic_1.00/bands.csv.gz), all transitions incl. overtones/combinations"
tetracene,2655.79,0.012805,282,"PAHdb Anharmonic v1.00 (Module 02 out/anharmonic_1.00/bands.csv.gz), all transitions incl. overtones/combinations"
tetracene,2656.06,0.00328701,282,"PAHdb Anharmonic v1.00 (Module 02 out/anharmonic_1.00/bands.csv.gz), all transitions incl. overtones/combinations"
tetracene,2656.41,0.00329136,282,"PAHdb Anharmonic v1.00 (Module 02 out/anharmonic_1.00/bands.csv.gz), all transitions incl. overtones/combinations"
tetracene,2656.62,0.0,282,"PAHdb Anharmonic v1.00 (Module 02 out/anharmonic_1.00/bands.csv.gz), all transitions incl. overtones/combinations"
tetracene,2659.03,0.0,282,"PAHdb Anharmonic v1.00 (Module 02 out/anharmonic_1.00/bands.csv.gz), all transitions incl. overtones/combinations"
tetracene,2659.49,0.023101,282,"PAHdb Anharmonic v1.00 (Module 02 out/anharmonic_1.00/bands.csv.gz), all transitions incl. overtones/combinations"
tetracene,2662.02,0.0636467,282,"PAHdb Anharmonic v1.00 (Module 02 out/anharmonic_1.00/bands.csv.gz), all transitions incl. overtones/combinations"
tetracene,2664.7,0.0,282,"PAHdb Anharmonic v1.00 (Module 02 out/anharmonic_1.00/bands.csv.gz), all transitions incl. overtones/combinations"
tetracene,2664.96,0.0,282,"PAHdb Anharmonic v1.00 (Module 02 out/anharmonic_1.00/bands.csv.gz), all transitions incl. overtones/combinations"
tetracene,2667.28,0.0,282,"PAHdb Anharmonic v1.00 (Module 02 out/anharmonic_1.00/bands.csv.gz), all transitions incl. overtones/combinations"
tetracene,2673.82,0.0653126,282,"PAHdb Anharmonic v1.00 (Module 02 out/anharmonic_1.00/bands.csv.gz), all transitions incl. overtones/combinations"
tetracene,2674.03,0.0,282,"PAHdb Anharmonic v1.00 (Module 02 out/anharmonic_1.00/bands.csv.gz), all transitions incl. overtones/combinations"
tetracene,2675.95,0.00122778,282,"PAHdb Anharmonic v1.00 (Module 02 out/anharmonic_1.00/bands.csv.gz), all transitions incl. overtones/combinations"
tetracene,2676.3,0.0865715,282,"PAHdb Anharmonic v1.00 (Module 02 out/anharmonic_1.00/bands.csv.gz), all transitions incl. overtones/combinations"
tetracene,2676.41,0.116258,282,"PAHdb Anharmonic v1.00 (Module 02 out/anharmonic_1.00/bands.csv.gz), all transitions incl. overtones/combinations"
tetracene,2677.59,0.00508437,282,"PAHdb Anharmonic v1.00 (Module 02 out/anharmonic_1.00/bands.csv.gz), all transitions incl. overtones/combinations"
tetracene,2678.79,0.0,282,"PAHdb Anharmonic v1.00 (Module 02 out/anharmonic_1.00/bands.csv.gz), all transitions incl. overtones/combinations"
tetracene,2679.45,0.0,282,"PAHdb Anharmonic v1.00 (Module 02 out/anharmonic_1.00/bands.csv.gz), all transitions incl. overtones/combinations"
tetracene,2680.1,0.0,282,"PAHdb Anharmonic v1.00 (Module 02 out/anharmonic_1.00/bands.csv.gz), all transitions incl. overtones/combinations"
tetracene,2680.11,0.126125,282,"PAHdb Anharmonic v1.00 (Module 02 out/anharmonic_1.00/bands.csv.gz), all transitions incl. overtones/combinations"
tetracene,2682.1,0.0160434,282,"PAHdb Anharmonic v1.00 (Module 02 out/anharmonic_1.00/bands.csv.gz), all transitions incl. overtones/combinations"
tetracene,2683.15,0.0002827,282,"PAHdb Anharmonic v1.00 (Module 02 out/anharmonic_1.00/bands.csv.gz), all transitions incl. overtones/combinations"
tetracene,2683.2,0.0285052,282,"PAHdb Anharmonic v1.00 (Module 02 out/anharmonic_1.00/bands.csv.gz), all transitions incl. overtones/combinations"
tetracene,2683.34,0.0,282,"PAHdb Anharmonic v1.00 (Module 02 out/anharmonic_1.00/bands.csv.gz), all transitions incl. overtones/combinations"
tetracene,2683.44,0.0,282,"PAHdb Anharmonic v1.00 (Module 02 out/anharmonic_1.00/bands.csv.gz), all transitions incl. overtones/combinations"
tetracene,2684.35,0.0,282,"PAHdb Anharmonic v1.00 (Module 02 out/anharmonic_1.00/bands.csv.gz), all transitions incl. overtones/combinations"
tetracene,2690.86,0.116288,282,"PAHdb Anharmonic v1.00 (Module 02 out/anharmonic_1.00/bands.csv.gz), all transitions incl. overtones/combinations"
tetracene,2695.23,0.0,282,"PAHdb Anharmonic v1.00 (Module 02 out/anharmonic_1.00/bands.csv.gz), all transitions incl. overtones/combinations"
tetracene,2695.37,0.045313,282,"PAHdb Anharmonic v1.00 (Module 02 out/anharmonic_1.00/bands.csv.gz), all transitions incl. overtones/combinations"
tetracene,2696.98,0.0,282,"PAHdb Anharmonic v1.00 (Module 02 out/anharmonic_1.00/bands.csv.gz), all transitions incl. overtones/combinations"
tetracene,2697.59,0.0200918,282,"PAHdb Anharmonic v1.00 (Module 02 out/anharmonic_1.00/bands.csv.gz), all transitions incl. overtones/combinations"
tetracene,2701.82,0.0,282,"PAHdb Anharmonic v1.00 (Module 02 out/anharmonic_1.00/bands.csv.gz), all transitions incl. overtones/combinations"
tetracene,2702.03,0.0,282,"PAHdb Anharmonic v1.00 (Module 02 out/anharmonic_1.00/bands.csv.gz), all transitions incl. overtones/combinations"
tetracene,2705.19,0.0,282,"PAHdb Anharmonic v1.00 (Module 02 out/anharmonic_1.00/bands.csv.gz), all transitions incl. overtones/combinations"
tetracene,2708.0,0.0122527,282,"PAHdb Anharmonic v1.00 (Module 02 out/anharmonic_1.00/bands.csv.gz), all transitions incl. overtones/combinations"
tetracene,2708.2,0.0,282,"PAHdb Anharmonic v1.00 (Module 02 out/anharmonic_1.00/bands.csv.gz), all transitions incl. overtones/combinations"
tetracene,2711.46,0.0,282,"PAHdb Anharmonic v1.00 (Module 02 out/anharmonic_1.00/bands.csv.gz), all transitions incl. overtones/combinations"
tetracene,2714.66,0.0,282,"PAHdb Anharmonic v1.00 (Module 02 out/anharmonic_1.00/bands.csv.gz), all transitions incl. overtones/combinations"
tetracene,2717.49,8.7e-07,282,"PAHdb Anharmonic v1.00 (Module 02 out/anharmonic_1.00/bands.csv.gz), all transitions incl. overtones/combinations"
tetracene,2718.73,0.0,282,"PAHdb Anharmonic v1.00 (Module 02 out/anharmonic_1.00/bands.csv.gz), all transitions incl. overtones/combinations"
tetracene,2718.9,0.0275987,282,"PAHdb Anharmonic v1.00 (Module 02 out/anharmonic_1.00/bands.csv.gz), all transitions incl. overtones/combinations"
tetracene,2718.95,0.0161843,282,"PAHdb Anharmonic v1.00 (Module 02 out/anharmonic_1.00/bands.csv.gz), all transitions incl. overtones/combinations"
tetracene,2719.16,0.0,282,"PAHdb Anharmonic v1.00 (Module 02 out/anharmonic_1.00/bands.csv.gz), all transitions incl. overtones/combinations"
tetracene,2720.02,0.0,282,"PAHdb Anharmonic v1.00 (Module 02 out/anharmonic_1.00/bands.csv.gz), all transitions incl. overtones/combinations"
tetracene,2721.64,0.0,282,"PAHdb Anharmonic v1.00 (Module 02 out/anharmonic_1.00/bands.csv.gz), all transitions incl. overtones/combinations"
tetracene,2727.88,0.0545244,282,"PAHdb Anharmonic v1.00 (Module 02 out/anharmonic_1.00/bands.csv.gz), all transitions incl. overtones/combinations"
tetracene,2728.34,7.518e-05,282,"PAHdb Anharmonic v1.00 (Module 02 out/anharmonic_1.00/bands.csv.gz), all transitions incl. overtones/combinations"
tetracene,2730.59,0.00050469,282,"PAHdb Anharmonic v1.00 (Module 02 out/anharmonic_1.00/bands.csv.gz), all transitions incl. overtones/combinations"
tetracene,2731.37,0.0,282,"PAHdb Anharmonic v1.00 (Module 02 out/anharmonic_1.00/bands.csv.gz), all transitions incl. overtones/combinations"
tetracene,2731.57,0.0,282,"PAHdb Anharmonic v1.00 (Module 02 out/anharmonic_1.00/bands.csv.gz), all transitions incl. overtones/combinations"
tetracene,2732.32,0.0,282,"PAHdb Anharmonic v1.00 (Module 02 out/anharmonic_1.00/bands.csv.gz), all transitions incl. overtones/combinations"
tetracene,2736.32,1.598e-05,282,"PAHdb Anharmonic v1.00 (Module 02 out/anharmonic_1.00/bands.csv.gz), all transitions incl. overtones/combinations"
tetracene,2737.55,0.00590342,282,"PAHdb Anharmonic v1.00 (Module 02 out/anharmonic_1.00/bands.csv.gz), all transitions incl. overtones/combinations"
tetracene,2737.65,0.0,282,"PAHdb Anharmonic v1.00 (Module 02 out/anharmonic_1.00/bands.csv.gz), all transitions incl. overtones/combinations"
tetracene,2737.97,0.0471161,282,"PAHdb Anharmonic v1.00 (Module 02 out/anharmonic_1.00/bands.csv.gz), all transitions incl. overtones/combinations"
tetracene,2739.84,0.0174822,282,"PAHdb Anharmonic v1.00 (Module 02 out/anharmonic_1.00/bands.csv.gz), all transitions incl. overtones/combinations"
tetracene,2742.6,0.00090676,282,"PAHdb Anharmonic v1.00 (Module 02 out/anharmonic_1.00/bands.csv.gz), all transitions incl. overtones/combinations"
tetracene,2743.32,0.00761974,282,"PAHdb Anharmonic v1.00 (Module 02 out/anharmonic_1.00/bands.csv.gz), all transitions incl. overtones/combinations"
tetracene,2744.07,0.00224964,282,"PAHdb Anharmonic v1.00 (Module 02 out/anharmonic_1.00/bands.csv.gz), all transitions incl. overtones/combinations"
tetracene,2746.37,0.0813313,282,"PAHdb Anharmonic v1.00 (Module 02 out/anharmonic_1.00/bands.csv.gz), all transitions incl. overtones/combinations"
tetracene,2746.55,0.0,282,"PAHdb Anharmonic v1.00 (Module 02 out/anharmonic_1.00/bands.csv.gz), all transitions incl. overtones/combinations"
tetracene,2747.16,0.0023832,282,"PAHdb Anharmonic v1.00 (Module 02 out/anharmonic_1.00/bands.csv.gz), all transitions incl. overtones/combinations"
tetracene,2747.29,0.167623,282,"PAHdb Anharmonic v1.00 (Module 02 out/anharmonic_1.00/bands.csv.gz), all transitions incl. overtones/combinations"
tetracene,2748.56,0.179409,282,"PAHdb Anharmonic v1.00 (Module 02 out/anharmonic_1.00/bands.csv.gz), all transitions incl. overtones/combinations"
tetracene,2748.82,0.0,282,"PAHdb Anharmonic v1.00 (Module 02 out/anharmonic_1.00/bands.csv.gz), all transitions incl. overtones/combinations"
tetracene,2750.28,0.0,282,"PAHdb Anharmonic v1.00 (Module 02 out/anharmonic_1.00/bands.csv.gz), all transitions incl. overtones/combinations"
tetracene,2750.31,0.00016464,282,"PAHdb Anharmonic v1.00 (Module 02 out/anharmonic_1.00/bands.csv.gz), all transitions incl. overtones/combinations"
tetracene,2750.75,0.00916454,282,"PAHdb Anharmonic v1.00 (Module 02 out/anharmonic_1.00/bands.csv.gz), all transitions incl. overtones/combinations"
tetracene,2752.61,0.0,282,"PAHdb Anharmonic v1.00 (Module 02 out/anharmonic_1.00/bands.csv.gz), all transitions incl. overtones/combinations"
tetracene,2755.01,0.0,282,"PAHdb Anharmonic v1.00 (Module 02 out/anharmonic_1.00/bands.csv.gz), all transitions incl. overtones/combinations"
tetracene,2755.96,0.0,282,"PAHdb Anharmonic v1.00 (Module 02 out/anharmonic_1.00/bands.csv.gz), all transitions incl. overtones/combinations"
tetracene,2756.2,0.0409543,282,"PAHdb Anharmonic v1.00 (Module 02 out/anharmonic_1.00/bands.csv.gz), all transitions incl. overtones/combinations"
tetracene,2756.69,0.0759401,282,"PAHdb Anharmonic v1.00 (Module 02 out/anharmonic_1.00/bands.csv.gz), all transitions incl. overtones/combinations"
tetracene,2759.41,0.0,282,"PAHdb Anharmonic v1.00 (Module 02 out/anharmonic_1.00/bands.csv.gz), all transitions incl. overtones/combinations"
tetracene,2760.49,0.00052358,282,"PAHdb Anharmonic v1.00 (Module 02 out/anharmonic_1.00/bands.csv.gz), all transitions incl. overtones/combinations"
tetracene,2760.99,0.00591826,282,"PAHdb Anharmonic v1.00 (Module 02 out/anharmonic_1.00/bands.csv.gz), all transitions incl. overtones/combinations"
tetracene,2763.49,0.0,282,"PAHdb Anharmonic v1.00 (Module 02 out/anharmonic_1.00/bands.csv.gz), all transitions incl. overtones/combinations"
tetracene,2767.28,0.0,282,"PAHdb Anharmonic v1.00 (Module 02 out/anharmonic_1.00/bands.csv.gz), all transitions incl. overtones/combinations"
tetracene,2769.61,0.0,282,"PAHdb Anharmonic v1.00 (Module 02 out/anharmonic_1.00/bands.csv.gz), all transitions incl. overtones/combinations"
tetracene,2770.58,0.0,282,"PAHdb Anharmonic v1.00 (Module 02 out/anharmonic_1.00/bands.csv.gz), all transitions incl. overtones/combinations"
tetracene,2773.28,0.001129,282,"PAHdb Anharmonic v1.00 (Module 02 out/anharmonic_1.00/bands.csv.gz), all transitions incl. overtones/combinations"
tetracene,2773.46,0.0,282,"PAHdb Anharmonic v1.00 (Module 02 out/anharmonic_1.00/bands.csv.gz), all transitions incl. overtones/combinations"
tetracene,2774.16,0.0342524,282,"PAHdb Anharmonic v1.00 (Module 02 out/anharmonic_1.00/bands.csv.gz), all transitions incl. overtones/combinations"
tetracene,2774.45,0.0,282,"PAHdb Anharmonic v1.00 (Module 02 out/anharmonic_1.00/bands.csv.gz), all transitions incl. overtones/combinations"
tetracene,2779.62,0.0,282,"PAHdb Anharmonic v1.00 (Module 02 out/anharmonic_1.00/bands.csv.gz), all transitions incl. overtones/combinations"
tetracene,2780.81,0.00459542,282,"PAHdb Anharmonic v1.00 (Module 02 out/anharmonic_1.00/bands.csv.gz), all transitions incl. overtones/combinations"
tetracene,2781.54,0.0,282,"PAHdb Anharmonic v1.00 (Module 02 out/anharmonic_1.00/bands.csv.gz), all transitions incl. overtones/combinations"
tetracene,2783.2,0.0,282,"PAHdb Anharmonic v1.00 (Module 02 out/anharmonic_1.00/bands.csv.gz), all transitions incl. overtones/combinations"
tetracene,2785.66,0.017049,282,"PAHdb Anharmonic v1.00 (Module 02 out/anharmonic_1.00/bands.csv.gz), all transitions incl. overtones/combinations"
tetracene,2785.89,0.0,282,"PAHdb Anharmonic v1.00 (Module 02 out/anharmonic_1.00/bands.csv.gz), all transitions incl. overtones/combinations"
tetracene,2786.82,0.0,282,"PAHdb Anharmonic v1.00 (Module 02 out/anharmonic_1.00/bands.csv.gz), all transitions incl. overtones/combinations"
tetracene,2788.86,0.00057423,282,"PAHdb Anharmonic v1.00 (Module 02 out/anharmonic_1.00/bands.csv.gz), all transitions incl. overtones/combinations"
tetracene,2792.44,0.0,282,"PAHdb Anharmonic v1.00 (Module 02 out/anharmonic_1.00/bands.csv.gz), all transitions incl. overtones/combinations"
tetracene,2792.61,0.0565349,282,"PAHdb Anharmonic v1.00 (Module 02 out/anharmonic_1.00/bands.csv.gz), all transitions incl. overtones/combinations"
tetracene,2794.6,0.0,282,"PAHdb Anharmonic v1.00 (Module 02 out/anharmonic_1.00/bands.csv.gz), all transitions incl. overtones/combinations"
tetracene,2795.3,0.0,282,"PAHdb Anharmonic v1.00 (Module 02 out/anharmonic_1.00/bands.csv.gz), all transitions incl. overtones/combinations"
tetracene,2797.07,0.0,282,"PAHdb Anharmonic v1.00 (Module 02 out/anharmonic_1.00/bands.csv.gz), all transitions incl. overtones/combinations"
tetracene,2798.31,0.00046162,282,"PAHdb Anharmonic v1.00 (Module 02 out/anharmonic_1.00/bands.csv.gz), all transitions incl. overtones/combinations"
tetracene,2800.53,0.0753293,282,"PAHdb Anharmonic v1.00 (Module 02 out/anharmonic_1.00/bands.csv.gz), all transitions incl. overtones/combinations"
tetracene,2801.33,0.00484017,282,"PAHdb Anharmonic v1.00 (Module 02 out/anharmonic_1.00/bands.csv.gz), all transitions incl. overtones/combinations"
tetracene,2801.8,0.0231246,282,"PAHdb Anharmonic v1.00 (Module 02 out/anharmonic_1.00/bands.csv.gz), all transitions incl. overtones/combinations"
tetracene,2801.95,0.0,282,"PAHdb Anharmonic v1.00 (Module 02 out/anharmonic_1.00/bands.csv.gz), all transitions incl. overtones/combinations"
tetracene,2802.53,0.0498715,282,"PAHdb Anharmonic v1.00 (Module 02 out/anharmonic_1.00/bands.csv.gz), all transitions incl. overtones/combinations"
tetracene,2803.24,0.00374736,282,"PAHdb Anharmonic v1.00 (Module 02 out/anharmonic_1.00/bands.csv.gz), all transitions incl. overtones/combinations"
tetracene,2809.3,0.0,282,"PAHdb Anharmonic v1.00 (Module 02 out/anharmonic_1.00/bands.csv.gz), all transitions incl. overtones/combinations"
tetracene,2809.69,0.00107096,282,"PAHdb Anharmonic v1.00 (Module 02 out/anharmonic_1.00/bands.csv.gz), all transitions incl. overtones/combinations"
tetracene,2812.36,0.0,282,"PAHdb Anharmonic v1.00 (Module 02 out/anharmonic_1.00/bands.csv.gz), all transitions incl. overtones/combinations"
tetracene,2812.53,0.0,282,"PAHdb Anharmonic v1.00 (Module 02 out/anharmonic_1.00/bands.csv.gz), all transitions incl. overtones/combinations"
tetracene,2815.7,0.0,282,"PAHdb Anharmonic v1.00 (Module 02 out/anharmonic_1.00/bands.csv.gz), all transitions incl. overtones/combinations"
tetracene,2818.23,0.00101027,282,"PAHdb Anharmonic v1.00 (Module 02 out/anharmonic_1.00/bands.csv.gz), all transitions incl. overtones/combinations"
tetracene,2820.03,0.00053523,282,"PAHdb Anharmonic v1.00 (Module 02 out/anharmonic_1.00/bands.csv.gz), all transitions incl. overtones/combinations"
tetracene,2820.85,0.177569,282,"PAHdb Anharmonic v1.00 (Module 02 out/anharmonic_1.00/bands.csv.gz), all transitions incl. overtones/combinations"
tetracene,2822.0,0.0,282,"PAHdb Anharmonic v1.00 (Module 02 out/anharmonic_1.00/bands.csv.gz), all transitions incl. overtones/combinations"
tetracene,2822.03,0.0,282,"PAHdb Anharmonic v1.00 (Module 02 out/anharmonic_1.00/bands.csv.gz), all transitions incl. overtones/combinations"
tetracene,2822.21,0.0158046,282,"PAHdb Anharmonic v1.00 (Module 02 out/anharmonic_1.00/bands.csv.gz), all transitions incl. overtones/combinations"
tetracene,2824.08,0.00101862,282,"PAHdb Anharmonic v1.00 (Module 02 out/anharmonic_1.00/bands.csv.gz), all transitions incl. overtones/combinations"
tetracene,2826.32,0.00855325,282,"PAHdb Anharmonic v1.00 (Module 02 out/anharmonic_1.00/bands.csv.gz), all transitions incl. overtones/combinations"
tetracene,2828.06,0.0,282,"PAHdb Anharmonic v1.00 (Module 02 out/anharmonic_1.00/bands.csv.gz), all transitions incl. overtones/combinations"
tetracene,2830.62,0.0171569,282,"PAHdb Anharmonic v1.00 (Module 02 out/anharmonic_1.00/bands.csv.gz), all transitions incl. overtones/combinations"
tetracene,2832.9,0.0,282,"PAHdb Anharmonic v1.00 (Module 02 out/anharmonic_1.00/bands.csv.gz), all transitions incl. overtones/combinations"
tetracene,2835.03,0.10231,282,"PAHdb Anharmonic v1.00 (Module 02 out/anharmonic_1.00/bands.csv.gz), all transitions incl. overtones/combinations"
tetracene,2836.66,0.138533,282,"PAHdb Anharmonic v1.00 (Module 02 out/anharmonic_1.00/bands.csv.gz), all transitions incl. overtones/combinations"
tetracene,2837.31,0.0,282,"PAHdb Anharmonic v1.00 (Module 02 out/anharmonic_1.00/bands.csv.gz), all transitions incl. overtones/combinations"
tetracene,2837.4,0.0,282,"PAHdb Anharmonic v1.00 (Module 02 out/anharmonic_1.00/bands.csv.gz), all transitions incl. overtones/combinations"
tetracene,2838.47,0.00261157,282,"PAHdb Anharmonic v1.00 (Module 02 out/anharmonic_1.00/bands.csv.gz), all transitions incl. overtones/combinations"
tetracene,2843.14,0.0148723,282,"PAHdb Anharmonic v1.00 (Module 02 out/anharmonic_1.00/bands.csv.gz), all transitions incl. overtones/combinations"
tetracene,2843.33,0.0,282,"PAHdb Anharmonic v1.00 (Module 02 out/anharmonic_1.00/bands.csv.gz), all transitions incl. overtones/combinations"
tetracene,2843.83,4.049e-05,282,"PAHdb Anharmonic v1.00 (Module 02 out/anharmonic_1.00/bands.csv.gz), all transitions incl. overtones/combinations"
tetracene,2844.52,0.0,282,"PAHdb Anharmonic v1.00 (Module 02 out/anharmonic_1.00/bands.csv.gz), all transitions incl. overtones/combinations"
tetracene,2846.65,0.00315217,282,"PAHdb Anharmonic v1.00 (Module 02 out/anharmonic_1.00/bands.csv.gz), all transitions incl. overtones/combinations"
tetracene,2847.2,0.0,282,"PAHdb Anharmonic v1.00 (Module 02 out/anharmonic_1.00/bands.csv.gz), all transitions incl. overtones/combinations"
tetracene,2848.76,0.0,282,"PAHdb Anharmonic v1.00 (Module 02 out/anharmonic_1.00/bands.csv.gz), all transitions incl. overtones/combinations"
tetracene,2849.84,0.0,282,"PAHdb Anharmonic v1.00 (Module 02 out/anharmonic_1.00/bands.csv.gz), all transitions incl. overtones/combinations"
tetracene,2852.23,0.0,282,"PAHdb Anharmonic v1.00 (Module 02 out/anharmonic_1.00/bands.csv.gz), all transitions incl. overtones/combinations"
tetracene,2854.76,0.133559,282,"PAHdb Anharmonic v1.00 (Module 02 out/anharmonic_1.00/bands.csv.gz), all transitions incl. overtones/combinations"
tetracene,2855.46,0.0,282,"PAHdb Anharmonic v1.00 (Module 02 out/anharmonic_1.00/bands.csv.gz), all transitions incl. overtones/combinations"
tetracene,2856.66,0.00862531,282,"PAHdb Anharmonic v1.00 (Module 02 out/anharmonic_1.00/bands.csv.gz), all transitions incl. overtones/combinations"
tetracene,2857.94,3.691e-05,282,"PAHdb Anharmonic v1.00 (Module 02 out/anharmonic_1.00/bands.csv.gz), all transitions incl. overtones/combinations"
tetracene,2858.17,0.0,282,"PAHdb Anharmonic v1.00 (Module 02 out/anharmonic_1.00/bands.csv.gz), all transitions incl. overtones/combinations"
tetracene,2867.21,0.0,282,"PAHdb Anharmonic v1.00 (Module 02 out/anharmonic_1.00/bands.csv.gz), all transitions incl. overtones/combinations"
tetracene,2869.91,0.0600574,282,"PAHdb Anharmonic v1.00 (Module 02 out/anharmonic_1.00/bands.csv.gz), all transitions incl. overtones/combinations"
tetracene,2871.32,0.0,282,"PAHdb Anharmonic v1.00 (Module 02 out/anharmonic_1.00/bands.csv.gz), all transitions incl. overtones/combinations"
tetracene,2873.23,0.0365207,282,"PAHdb Anharmonic v1.00 (Module 02 out/anharmonic_1.00/bands.csv.gz), all transitions incl. overtones/combinations"
tetracene,2876.37,0.0,282,"PAHdb Anharmonic v1.00 (Module 02 out/anharmonic_1.00/bands.csv.gz), all transitions incl. overtones/combinations"
tetracene,2878.17,0.0,282,"PAHdb Anharmonic v1.00 (Module 02 out/anharmonic_1.00/bands.csv.gz), all transitions incl. overtones/combinations"
tetracene,2882.75,0.017444,282,"PAHdb Anharmonic v1.00 (Module 02 out/anharmonic_1.00/bands.csv.gz), all transitions incl. overtones/combinations"
tetracene,2885.39,0.0,282,"PAHdb Anharmonic v1.00 (Module 02 out/anharmonic_1.00/bands.csv.gz), all transitions incl. overtones/combinations"
tetracene,2892.26,0.0498219,282,"PAHdb Anharmonic v1.00 (Module 02 out/anharmonic_1.00/bands.csv.gz), all transitions incl. overtones/combinations"
tetracene,2896.25,0.0,282,"PAHdb Anharmonic v1.00 (Module 02 out/anharmonic_1.00/bands.csv.gz), all transitions incl. overtones/combinations"
tetracene,2896.99,0.114574,282,"PAHdb Anharmonic v1.00 (Module 02 out/anharmonic_1.00/bands.csv.gz), all transitions incl. overtones/combinations"
tetracene,2898.37,0.0,282,"PAHdb Anharmonic v1.00 (Module 02 out/anharmonic_1.00/bands.csv.gz), all transitions incl. overtones/combinations"
tetracene,2899.92,0.0,282,"PAHdb Anharmonic v1.00 (Module 02 out/anharmonic_1.00/bands.csv.gz), all transitions incl. overtones/combinations"
tetracene,2900.62,0.0,282,"PAHdb Anharmonic v1.00 (Module 02 out/anharmonic_1.00/bands.csv.gz), all transitions incl. overtones/combinations"
tetracene,2901.86,0.0,282,"PAHdb Anharmonic v1.00 (Module 02 out/anharmonic_1.00/bands.csv.gz), all transitions incl. overtones/combinations"
tetracene,2905.39,0.0372063,282,"PAHdb Anharmonic v1.00 (Module 02 out/anharmonic_1.00/bands.csv.gz), all transitions incl. overtones/combinations"
tetracene,2906.4,0.119808,282,"PAHdb Anharmonic v1.00 (Module 02 out/anharmonic_1.00/bands.csv.gz), all transitions incl. overtones/combinations"
tetracene,2907.8,0.176414,282,"PAHdb Anharmonic v1.00 (Module 02 out/anharmonic_1.00/bands.csv.gz), all transitions incl. overtones/combinations"
tetracene,2909.46,0.0032403,282,"PAHdb Anharmonic v1.00 (Module 02 out/anharmonic_1.00/bands.csv.gz), all transitions incl. overtones/combinations"
tetracene,2910.19,0.411111,282,"PAHdb Anharmonic v1.00 (Module 02 out/anharmonic_1.00/bands.csv.gz), all transitions incl. overtones/combinations"
tetracene,2911.14,0.0,282,"PAHdb Anharmonic v1.00 (Module 02 out/anharmonic_1.00/bands.csv.gz), all transitions incl. overtones/combinations"
tetracene,2912.08,0.0746099,282,"PAHdb Anharmonic v1.00 (Module 02 out/anharmonic_1.00/bands.csv.gz), all transitions incl. overtones/combinations"
tetracene,2914.13,0.510809,282,"PAHdb Anharmonic v1.00 (Module 02 out/anharmonic_1.00/bands.csv.gz), all transitions incl. overtones/combinations"
tetracene,2917.45,0.0,282,"PAHdb Anharmonic v1.00 (Module 02 out/anharmonic_1.00/bands.csv.gz), all transitions incl. overtones/combinations"
tetracene,2918.28,0.0,282,"PAHdb Anharmonic v1.00 (Module 02 out/anharmonic_1.00/bands.csv.gz), all transitions incl. overtones/combinations"
tetracene,2919.61,0.368073,282,"PAHdb Anharmonic v1.00 (Module 02 out/anharmonic_1.00/bands.csv.gz), all transitions incl. overtones/combinations"
tetracene,2919.89,0.0346497,282,"PAHdb Anharmonic v1.00 (Module 02 out/anharmonic_1.00/bands.csv.gz), all transitions incl. overtones/combinations"
tetracene,2922.59,0.0,282,"PAHdb Anharmonic v1.00 (Module 02 out/anharmonic_1.00/bands.csv.gz), all transitions incl. overtones/combinations"
tetracene,2923.18,0.276974,282,"PAHdb Anharmonic v1.00 (Module 02 out/anharmonic_1.00/bands.csv.gz), all transitions incl. overtones/combinations"
tetracene,2930.19,0.235589,282,"PAHdb Anharmonic v1.00 (Module 02 out/anharmonic_1.00/bands.csv.gz), all transitions incl. overtones/combinations"
tetracene,2930.76,0.0,282,"PAHdb Anharmonic v1.00 (Module 02 out/anharmonic_1.00/bands.csv.gz), all transitions incl. overtones/combinations"
tetracene,2930.96,0.672142,282,"PAHdb Anharmonic v1.00 (Module 02 out/anharmonic_1.00/bands.csv.gz), all transitions incl. overtones/combinations"
tetracene,2932.06,0.0,282,"PAHdb Anharmonic v1.00 (Module 02 out/anharmonic_1.00/bands.csv.gz), all transitions incl. overtones/combinations"
tetracene,2933.23,0.0,282,"PAHdb Anharmonic v1.00 (Module 02 out/anharmonic_1.00/bands.csv.gz), all transitions incl. overtones/combinations"
tetracene,2936.89,0.406953,282,"PAHdb Anharmonic v1.00 (Module 02 out/anharmonic_1.00/bands.csv.gz), all transitions incl. overtones/combinations"
tetracene,2937.18,0.0,282,"PAHdb Anharmonic v1.00 (Module 02 out/anharmonic_1.00/bands.csv.gz), all transitions incl. overtones/combinations"
tetracene,2938.03,0.0,282,"PAHdb Anharmonic v1.00 (Module 02 out/anharmonic_1.00/bands.csv.gz), all transitions incl. overtones/combinations"
tetracene,2942.0,0.0,282,"PAHdb Anharmonic v1.00 (Module 02 out/anharmonic_1.00/bands.csv.gz), all transitions incl. overtones/combinations"
tetracene,2942.61,0.688414,282,"PAHdb Anharmonic v1.00 (Module 02 out/anharmonic_1.00/bands.csv.gz), all transitions incl. overtones/combinations"
tetracene,2947.88,0.0,282,"PAHdb Anharmonic v1.00 (Module 02 out/anharmonic_1.00/bands.csv.gz), all transitions incl. overtones/combinations"
tetracene,2950.58,2.54244,282,"PAHdb Anharmonic v1.00 (Module 02 out/anharmonic_1.00/bands.csv.gz), all transitions incl. overtones/combinations"
tetracene,2952.12,0.0,282,"PAHdb Anharmonic v1.00 (Module 02 out/anharmonic_1.00/bands.csv.gz), all transitions incl. overtones/combinations"
tetracene,2953.31,0.284829,282,"PAHdb Anharmonic v1.00 (Module 02 out/anharmonic_1.00/bands.csv.gz), all transitions incl. overtones/combinations"
tetracene,2957.07,0.0,282,"PAHdb Anharmonic v1.00 (Module 02 out/anharmonic_1.00/bands.csv.gz), all transitions incl. overtones/combinations"
tetracene,2961.45,0.0,282,"PAHdb Anharmonic v1.00 (Module 02 out/anharmonic_1.00/bands.csv.gz), all transitions incl. overtones/combinations"
tetracene,2964.77,0.571617,282,"PAHdb Anharmonic v1.00 (Module 02 out/anharmonic_1.00/bands.csv.gz), all transitions incl. overtones/combinations"
tetracene,2966.8,0.662536,282,"PAHdb Anharmonic v1.00 (Module 02 out/anharmonic_1.00/bands.csv.gz), all transitions incl. overtones/combinations"
tetracene,2971.49,0.0,282,"PAHdb Anharmonic v1.00 (Module 02 out/anharmonic_1.00/bands.csv.gz), all transitions incl. overtones/combinations"
tetracene,2971.55,1.72665,282,"PAHdb Anharmonic v1.00 (Module 02 out/anharmonic_1.00/bands.csv.gz), all transitions incl. overtones/combinations"
tetracene,2975.18,0.0,282,"PAHdb Anharmonic v1.00 (Module 02 out/anharmonic_1.00/bands.csv.gz), all transitions incl. overtones/combinations"
tetracene,2976.98,1.14154,282,"PAHdb Anharmonic v1.00 (Module 02 out/anharmonic_1.00/bands.csv.gz), all transitions incl. overtones/combinations"
tetracene,2980.62,0.0,282,"PAHdb Anharmonic v1.00 (Module 02 out/anharmonic_1.00/bands.csv.gz), all transitions incl. overtones/combinations"
tetracene,2985.85,0.0,282,"PAHdb Anharmonic v1.00 (Module 02 out/anharmonic_1.00/bands.csv.gz), all transitions incl. overtones/combinations"
tetracene,2989.28,1.91631,282,"PAHdb Anharmonic v1.00 (Module 02 out/anharmonic_1.00/bands.csv.gz), all transitions incl. overtones/combinations"
tetracene,2991.98,0.0,282,"PAHdb Anharmonic v1.00 (Module 02 out/anharmonic_1.00/bands.csv.gz), all transitions incl. overtones/combinations"
tetracene,2993.64,0.0,282,"PAHdb Anharmonic v1.00 (Module 02 out/anharmonic_1.00/bands.csv.gz), all transitions incl. overtones/combinations"
tetracene,2996.79,2.80533,282,"PAHdb Anharmonic v1.00 (Module 02 out/anharmonic_1.00/bands.csv.gz), all transitions incl. overtones/combinations"
tetracene,2997.62,0.553273,282,"PAHdb Anharmonic v1.00 (Module 02 out/anharmonic_1.00/bands.csv.gz), all transitions incl. overtones/combinations"
tetracene,3002.53,0.0,282,"PAHdb Anharmonic v1.00 (Module 02 out/anharmonic_1.00/bands.csv.gz), all transitions incl. overtones/combinations"
tetracene,3002.63,0.310589,282,"PAHdb Anharmonic v1.00 (Module 02 out/anharmonic_1.00/bands.csv.gz), all transitions incl. overtones/combinations"
tetracene,3006.41,0.898113,282,"PAHdb Anharmonic v1.00 (Module 02 out/anharmonic_1.00/bands.csv.gz), all transitions incl. overtones/combinations"
tetracene,3010.23,0.0,282,"PAHdb Anharmonic v1.00 (Module 02 out/anharmonic_1.00/bands.csv.gz), all transitions incl. overtones/combinations"
tetracene,3012.67,6.86036,282,"PAHdb Anharmonic v1.00 (Module 02 out/anharmonic_1.00/bands.csv.gz), all transitions incl. overtones/combinations"
tetracene,3013.79,0.0,282,"PAHdb Anharmonic v1.00 (Module 02 out/anharmonic_1.00/bands.csv.gz), all transitions incl. overtones/combinations"
tetracene,3014.0,0.0,282,"PAHdb Anharmonic v1.00 (Module 02 out/anharmonic_1.00/bands.csv.gz), all transitions incl. overtones/combinations"
tetracene,3018.57,0.0,282,"PAHdb Anharmonic v1.00 (Module 02 out/anharmonic_1.00/bands.csv.gz), all transitions incl. overtones/combinations"
tetracene,3018.63,0.0639958,282,"PAHdb Anharmonic v1.00 (Module 02 out/anharmonic_1.00/bands.csv.gz), all transitions incl. overtones/combinations"
tetracene,3021.83,1.63493,282,"PAHdb Anharmonic v1.00 (Module 02 out/anharmonic_1.00/bands.csv.gz), all transitions incl. overtones/combinations"
tetracene,3024.38,0.0,282,"PAHdb Anharmonic v1.00 (Module 02 out/anharmonic_1.00/bands.csv.gz), all transitions incl. overtones/combinations"
tetracene,3024.92,0.0,282,"PAHdb Anharmonic v1.00 (Module 02 out/anharmonic_1.00/bands.csv.gz), all transitions incl. overtones/combinations"
tetracene,3025.02,1.60823,282,"PAHdb Anharmonic v1.00 (Module 02 out/anharmonic_1.00/bands.csv.gz), all transitions incl. overtones/combinations"
tetracene,3025.77,4.87576,282,"PAHdb Anharmonic v1.00 (Module 02 out/anharmonic_1.00/bands.csv.gz), all transitions incl. overtones/combinations"
tetracene,3028.09,2.9045,282,"PAHdb Anharmonic v1.00 (Module 02 out/anharmonic_1.00/bands.csv.gz), all transitions incl. overtones/combinations"
tetracene,3033.13,7.04321,282,"PAHdb Anharmonic v1.00 (Module 02 out/anharmonic_1.00/bands.csv.gz), all transitions incl. overtones/combinations"
tetracene,3035.37,0.0,282,"PAHdb Anharmonic v1.00 (Module 02 out/anharmonic_1.00/bands.csv.gz), all transitions incl. overtones/combinations"
tetracene,3037.71,1.93509,282,"PAHdb Anharmonic v1.00 (Module 02 out/anharmonic_1.00/bands.csv.gz), all transitions incl. overtones/combinations"
tetracene,3041.39,0.0,282,"PAHdb Anharmonic v1.00 (Module 02 out/anharmonic_1.00/bands.csv.gz), all transitions incl. overtones/combinations"
tetracene,3042.2,3.79906,282,"PAHdb Anharmonic v1.00 (Module 02 out/anharmonic_1.00/bands.csv.gz), all transitions incl. overtones/combinations"
tetracene,3044.21,0.0,282,"PAHdb Anharmonic v1.00 (Module 02 out/anharmonic_1.00/bands.csv.gz), all transitions incl. overtones/combinations"
tetracene,3051.76,10.5452,282,"PAHdb Anharmonic v1.00 (Module 02 out/anharmonic_1.00/bands.csv.gz), all transitions incl. overtones/combinations"
tetracene,3053.11,0.0,282,"PAHdb Anharmonic v1.00 (Module 02 out/anharmonic_1.00/bands.csv.gz), all transitions incl. overtones/combinations"
tetracene,3057.48,0.0,282,"PAHdb Anharmonic v1.00 (Module 02 out/anharmonic_1.00/bands.csv.gz), all transitions incl. overtones/combinations"
tetracene,3058.59,18.8995,282,"PAHdb Anharmonic v1.00 (Module 02 out/anharmonic_1.00/bands.csv.gz), all transitions incl. overtones/combinations"
tetracene,3060.3,0.0,282,"PAHdb Anharmonic v1.00 (Module 02 out/anharmonic_1.00/bands.csv.gz), all transitions incl. overtones/combinations"
tetracene,3062.57,38.6462,282,"PAHdb Anharmonic v1.00 (Module 02 out/anharmonic_1.00/bands.csv.gz), all transitions incl. overtones/combinations"
tetracene,3063.37,0.0,282,"PAHdb Anharmonic v1.00 (Module 02 out/anharmonic_1.00/bands.csv.gz), all transitions incl. overtones/combinations"
tetracene,3065.33,0.0,282,"PAHdb Anharmonic v1.00 (Module 02 out/anharmonic_1.00/bands.csv.gz), all transitions incl. overtones/combinations"
tetracene,3066.48,21.0851,282,"PAHdb Anharmonic v1.00 (Module 02 out/anharmonic_1.00/bands.csv.gz), all transitions incl. overtones/combinations"
tetracene,3067.85,0.0,282,"PAHdb Anharmonic v1.00 (Module 02 out/anharmonic_1.00/bands.csv.gz), all transitions incl. overtones/combinations"
tetracene,3072.66,0.0,282,"PAHdb Anharmonic v1.00 (Module 02 out/anharmonic_1.00/bands.csv.gz), all transitions incl. overtones/combinations"
tetracene,3075.88,0.0,282,"PAHdb Anharmonic v1.00 (Module 02 out/anharmonic_1.00/bands.csv.gz), all transitions incl. overtones/combinations"
tetracene,3079.75,0.0,282,"PAHdb Anharmonic v1.00 (Module 02 out/anharmonic_1.00/bands.csv.gz), all transitions incl. overtones/combinations"
tetracene,3081.42,0.0,282,"PAHdb Anharmonic v1.00 (Module 02 out/anharmonic_1.00/bands.csv.gz), all transitions incl. overtones/combinations"
tetracene,3084.29,7.32863,282,"PAHdb Anharmonic v1.00 (Module 02 out/anharmonic_1.00/bands.csv.gz), all transitions incl. overtones/combinations"
tetracene,3084.29,0.0,282,"PAHdb Anharmonic v1.00 (Module 02 out/anharmonic_1.00/bands.csv.gz), all transitions incl. overtones/combinations"
tetracene,3084.35,1e-07,282,"PAHdb Anharmonic v1.00 (Module 02 out/anharmonic_1.00/bands.csv.gz), all transitions incl. overtones/combinations"
tetracene,3085.82,0.0,282,"PAHdb Anharmonic v1.00 (Module 02 out/anharmonic_1.00/bands.csv.gz), all transitions incl. overtones/combinations"
tetracene,3086.79,0.00408336,282,"PAHdb Anharmonic v1.00 (Module 02 out/anharmonic_1.00/bands.csv.gz), all transitions incl. overtones/combinations"
tetracene,3086.96,0.0,282,"PAHdb Anharmonic v1.00 (Module 02 out/anharmonic_1.00/bands.csv.gz), all transitions incl. overtones/combinations"
tetracene,3088.29,0.0,282,"PAHdb Anharmonic v1.00 (Module 02 out/anharmonic_1.00/bands.csv.gz), all transitions incl. overtones/combinations"
tetracene,3088.66,0.0,282,"PAHdb Anharmonic v1.00 (Module 02 out/anharmonic_1.00/bands.csv.gz), all transitions incl. overtones/combinations"
tetracene,3089.5,3.08798,282,"PAHdb Anharmonic v1.00 (Module 02 out/anharmonic_1.00/bands.csv.gz), all transitions incl. overtones/combinations"
tetracene,3090.39,0.00837821,282,"PAHdb Anharmonic v1.00 (Module 02 out/anharmonic_1.00/bands.csv.gz), all transitions incl. overtones/combinations"
tetracene,3095.86,0.0,282,"PAHdb Anharmonic v1.00 (Module 02 out/anharmonic_1.00/bands.csv.gz), all transitions incl. overtones/combinations"
tetracene,3096.25,4.93765,282,"PAHdb Anharmonic v1.00 (Module 02 out/anharmonic_1.00/bands.csv.gz), all transitions incl. overtones/combinations"
tetracene,3096.82,2.68881,282,"PAHdb Anharmonic v1.00 (Module 02 out/anharmonic_1.00/bands.csv.gz), all transitions incl. overtones/combinations"
tetracene,3102.14,25.719,282,"PAHdb Anharmonic v1.00 (Module 02 out/anharmonic_1.00/bands.csv.gz), all transitions incl. overtones/combinations"
tetracene,3104.9,3.4213,282,"PAHdb Anharmonic v1.00 (Module 02 out/anharmonic_1.00/bands.csv.gz), all transitions incl. overtones/combinations"
tetracene,3105.14,2.1e-07,282,"PAHdb Anharmonic v1.00 (Module 02 out/anharmonic_1.00/bands.csv.gz), all transitions incl. overtones/combinations"
tetracene,3105.27,0.0,282,"PAHdb Anharmonic v1.00 (Module 02 out/anharmonic_1.00/bands.csv.gz), all transitions incl. overtones/combinations"
tetracene,3105.72,0.0,282,"PAHdb Anharmonic v1.00 (Module 02 out/anharmonic_1.00/bands.csv.gz), all transitions incl. overtones/combinations"
tetracene,3109.54,3.37954,282,"PAHdb Anharmonic v1.00 (Module 02 out/anharmonic_1.00/bands.csv.gz), all transitions incl. overtones/combinations"
tetracene,3111.94,0.00410273,282,"PAHdb Anharmonic v1.00 (Module 02 out/anharmonic_1.00/bands.csv.gz), all transitions incl. overtones/combinations"
tetracene,3113.65,0.0,282,"PAHdb Anharmonic v1.00 (Module 02 out/anharmonic_1.00/bands.csv.gz), all transitions incl. overtones/combinations"
tetracene,3113.84,0.0182914,282,"PAHdb Anharmonic v1.00 (Module 02 out/anharmonic_1.00/bands.csv.gz), all transitions incl. overtones/combinations"
tetracene,3114.5,0.0,282,"PAHdb Anharmonic v1.00 (Module 02 out/anharmonic_1.00/bands.csv.gz), all transitions incl. overtones/combinations"
tetracene,3117.6,0.0101638,282,"PAHdb Anharmonic v1.00 (Module 02 out/anharmonic_1.00/bands.csv.gz), all transitions incl. overtones/combinations"
tetracene,3117.78,0.0,282,"PAHdb Anharmonic v1.00 (Module 02 out/anharmonic_1.00/bands.csv.gz), all transitions incl. overtones/combinations"
tetracene,3117.9,0.0,282,"PAHdb Anharmonic v1.00 (Module 02 out/anharmonic_1.00/bands.csv.gz), all transitions incl. overtones/combinations"
tetracene,3118.05,0.0,282,"PAHdb Anharmonic v1.00 (Module 02 out/anharmonic_1.00/bands.csv.gz), all transitions incl. overtones/combinations"
tetracene,3118.96,0.0,282,"PAHdb Anharmonic v1.00 (Module 02 out/anharmonic_1.00/bands.csv.gz), all transitions incl. overtones/combinations"
tetracene,3120.99,0.0,282,"PAHdb Anharmonic v1.00 (Module 02 out/anharmonic_1.00/bands.csv.gz), all transitions incl. overtones/combinations"
tetracene,3122.71,1e-08,282,"PAHdb Anharmonic v1.00 (Module 02 out/anharmonic_1.00/bands.csv.gz), all transitions incl. overtones/combinations"
tetracene,3123.76,1.84973,282,"PAHdb Anharmonic v1.00 (Module 02 out/anharmonic_1.00/bands.csv.gz), all transitions incl. overtones/combinations"
tetracene,3129.13,0.0,282,"PAHdb Anharmonic v1.00 (Module 02 out/anharmonic_1.00/bands.csv.gz), all transitions incl. overtones/combinations"
tetracene,3137.75,0.0647421,282,"PAHdb Anharmonic v1.00 (Module 02 out/anharmonic_1.00/bands.csv.gz), all transitions incl. overtones/combinations"
tetracene,3138.33,0.0,282,"PAHdb Anharmonic v1.00 (Module 02 out/anharmonic_1.00/bands.csv.gz), all transitions incl. overtones/combinations"
tetracene,3145.9,0.0,282,"PAHdb Anharmonic v1.00 (Module 02 out/anharmonic_1.00/bands.csv.gz), all transitions incl. overtones/combinations"
tetracene,3147.38,0.0,282,"PAHdb Anharmonic v1.00 (Module 02 out/anharmonic_1.00/bands.csv.gz), all transitions incl. overtones/combinations"
tetracene,3148.33,0.0,282,"PAHdb Anharmonic v1.00 (Module 02 out/anharmonic_1.00/bands.csv.gz), all transitions incl. overtones/combinations"
tetracene,3152.03,0.0,282,"PAHdb Anharmonic v1.00 (Module 02 out/anharmonic_1.00/bands.csv.gz), all transitions incl. overtones/combinations"
tetracene,3154.93,0.0,282,"PAHdb Anharmonic v1.00 (Module 02 out/anharmonic_1.00/bands.csv.gz), all transitions incl. overtones/combinations"
tetracene,3164.68,0.0,282,"PAHdb Anharmonic v1.00 (Module 02 out/anharmonic_1.00/bands.csv.gz), all transitions incl. overtones/combinations"
tetracene,3168.02,1.34457,282,"PAHdb Anharmonic v1.00 (Module 02 out/anharmonic_1.00/bands.csv.gz), all transitions incl. overtones/combinations"
tetracene,3169.51,2.81808,282,"PAHdb Anharmonic v1.00 (Module 02 out/anharmonic_1.00/bands.csv.gz), all transitions incl. overtones/combinations"
tetracene,3174.6,0.0,282,"PAHdb Anharmonic v1.00 (Module 02 out/anharmonic_1.00/bands.csv.gz), all transitions incl. overtones/combinations"
tetracene,3178.87,0.0,282,"PAHdb Anharmonic v1.00 (Module 02 out/anharmonic_1.00/bands.csv.gz), all transitions incl. overtones/combinations"
tetracene,3178.93,2.7154,282,"PAHdb Anharmonic v1.00 (Module 02 out/anharmonic_1.00/bands.csv.gz), all transitions incl. overtones/combinations"
tetracene,3180.57,5e-08,282,"PAHdb Anharmonic v1.00 (Module 02 out/anharmonic_1.00/bands.csv.gz), all transitions incl. overtones/combinations"
tetracene,3183.64,2.8e-07,282,"PAHdb Anharmonic v1.00 (Module 02 out/anharmonic_1.00/bands.csv.gz), all transitions incl. overtones/combinations"
tetracene,3183.69,0.0,282,"PAHdb Anharmonic v1.00 (Module 02 out/anharmonic_1.00/bands.csv.gz), all transitions incl. overtones/combinations"
tetracene,3184.92,0.00272914,282,"PAHdb Anharmonic v1.00 (Module 02 out/anharmonic_1.00/bands.csv.gz), all transitions incl. overtones/combinations"
tetracene,3185.84,0.0,282,"PAHdb Anharmonic v1.00 (Module 02 out/anharmonic_1.00/bands.csv.gz), all transitions incl. overtones/combinations"
tetracene,3187.9,0.0172794,282,"PAHdb Anharmonic v1.00 (Module 02 out/anharmonic_1.00/bands.csv.gz), all transitions incl. overtones/combinations"
tetracene,3188.11,0.00186063,282,"PAHdb Anharmonic v1.00 (Module 02 out/anharmonic_1.00/bands.csv.gz), all transitions incl. overtones/combinations"
tetracene,3189.35,1.52119,282,"PAHdb Anharmonic v1.00 (Module 02 out/anharmonic_1.00/bands.csv.gz), all transitions incl. overtones/combinations"
tetracene,3189.63,0.0,282,"PAHdb Anharmonic v1.00 (Module 02 out/anharmonic_1.00/bands.csv.gz), all transitions incl. overtones/combinations"
tetracene,3189.9,0.0,282,"PAHdb Anharmonic v1.00 (Module 02 out/anharmonic_1.00/bands.csv.gz), all transitions incl. overtones/combinations"
tetracene,3192.76,0.0,282,"PAHdb Anharmonic v1.00 (Module 02 out/anharmonic_1.00/bands.csv.gz), all transitions incl. overtones/combinations"
tetracene,3192.79,0.0268375,282,"PAHdb Anharmonic v1.00 (Module 02 out/anharmonic_1.00/bands.csv.gz), all transitions incl. overtones/combinations"
tetracene,3193.13,1.10465,282,"PAHdb Anharmonic v1.00 (Module 02 out/anharmonic_1.00/bands.csv.gz), all transitions incl. overtones/combinations"
tetracene,3193.57,0.0,282,"PAHdb Anharmonic v1.00 (Module 02 out/anharmonic_1.00/bands.csv.gz), all transitions incl. overtones/combinations"
tetracene,3194.25,0.0,282,"PAHdb Anharmonic v1.00 (Module 02 out/anharmonic_1.00/bands.csv.gz), all transitions incl. overtones/combinations"
tetracene,3195.16,0.00060133,282,"PAHdb Anharmonic v1.00 (Module 02 out/anharmonic_1.00/bands.csv.gz), all transitions incl. overtones/combinations"
tetracene,3197.11,0.0,282,"PAHdb Anharmonic v1.00 (Module 02 out/anharmonic_1.00/bands.csv.gz), all transitions incl. overtones/combinations"
tetracene,3198.86,0.00153454,282,"PAHdb Anharmonic v1.00 (Module 02 out/anharmonic_1.00/bands.csv.gz), all transitions incl. overtones/combinations"
tetracene,3202.89,2.11715,282,"PAHdb Anharmonic v1.00 (Module 02 out/anharmonic_1.00/bands.csv.gz), all transitions incl. overtones/combinations"
tetracene,3204.6,0.0,282,"PAHdb Anharmonic v1.00 (Module 02 out/anharmonic_1.00/bands.csv.gz), all transitions incl. overtones/combinations"
tetracene,3205.17,0.0,282,"PAHdb Anharmonic v1.00 (Module 02 out/anharmonic_1.00/bands.csv.gz), all transitions incl. overtones/combinations"
tetracene,3213.79,0.0195055,282,"PAHdb Anharmonic v1.00 (Module 02 out/anharmonic_1.00/bands.csv.gz), all transitions incl. overtones/combinations"
tetracene,3213.91,0.0,282,"PAHdb Anharmonic v1.00 (Module 02 out/anharmonic_1.00/bands.csv.gz), all transitions incl. overtones/combinations"
tetracene,3214.37,0.0,282,"PAHdb Anharmonic v1.00 (Module 02 out/anharmonic_1.00/bands.csv.gz), all transitions incl. overtones/combinations"
tetracene,3214.75,0.0142962,282,"PAHdb Anharmonic v1.00 (Module 02 out/anharmonic_1.00/bands.csv.gz), all transitions incl. overtones/combinations"
tetracene,3214.87,0.0,282,"PAHdb Anharmonic v1.00 (Module 02 out/anharmonic_1.00/bands.csv.gz), all transitions incl. overtones/combinations"
tetracene,3216.39,0.0,282,"PAHdb Anharmonic v1.00 (Module 02 out/anharmonic_1.00/bands.csv.gz), all transitions incl. overtones/combinations"
tetracene,3216.67,0.0101393,282,"PAHdb Anharmonic v1.00 (Module 02 out/anharmonic_1.00/bands.csv.gz), all transitions incl. overtones/combinations"
tetracene,3220.23,0.0,282,"PAHdb Anharmonic v1.00 (Module 02 out/anharmonic_1.00/bands.csv.gz), all transitions incl. overtones/combinations"
tetracene,3220.29,0.00396653,282,"PAHdb Anharmonic v1.00 (Module 02 out/anharmonic_1.00/bands.csv.gz), all transitions incl. overtones/combinations"
tetracene,3220.98,1.27e-06,282,"PAHdb Anharmonic v1.00 (Module 02 out/anharmonic_1.00/bands.csv.gz), all transitions incl. overtones/combinations"
tetracene,3221.93,0.0,282,"PAHdb Anharmonic v1.00 (Module 02 out/anharmonic_1.00/bands.csv.gz), all transitions incl. overtones/combinations"
tetracene,3223.56,0.00350648,282,"PAHdb Anharmonic v1.00 (Module 02 out/anharmonic_1.00/bands.csv.gz), all transitions incl. overtones/combinations"
tetracene,3224.11,0.0,282,"PAHdb Anharmonic v1.00 (Module 02 out/anharmonic_1.00/bands.csv.gz), all transitions incl. overtones/combinations"
tetracene,3224.52,0.0,282,"PAHdb Anharmonic v1.00 (Module 02 out/anharmonic_1.00/bands.csv.gz), all transitions incl. overtones/combinations"
tetracene,3225.82,0.0,282,"PAHdb Anharmonic v1.00 (Module 02 out/anharmonic_1.00/bands.csv.gz), all transitions incl. overtones/combinations"
tetracene,3233.32,0.0,282,"PAHdb Anharmonic v1.00 (Module 02 out/anharmonic_1.00/bands.csv.gz), all transitions incl. overtones/combinations"
tetracene,3240.9,0.0,282,"PAHdb Anharmonic v1.00 (Module 02 out/anharmonic_1.00/bands.csv.gz), all transitions incl. overtones/combinations"
tetracene,3241.49,0.0258516,282,"PAHdb Anharmonic v1.00 (Module 02 out/anharmonic_1.00/bands.csv.gz), all transitions incl. overtones/combinations"
tetracene,3245.63,0.0,282,"PAHdb Anharmonic v1.00 (Module 02 out/anharmonic_1.00/bands.csv.gz), all transitions incl. overtones/combinations"
tetracene,3250.6,0.0,282,"PAHdb Anharmonic v1.00 (Module 02 out/anharmonic_1.00/bands.csv.gz), all transitions incl. overtones/combinations"
tetracene,3251.57,0.0,282,"PAHdb Anharmonic v1.00 (Module 02 out/anharmonic_1.00/bands.csv.gz), all transitions incl. overtones/combinations"
tetracene,3254.43,0.0,282,"PAHdb Anharmonic v1.00 (Module 02 out/anharmonic_1.00/bands.csv.gz), all transitions incl. overtones/combinations"
tetracene,3259.01,0.0428533,282,"PAHdb Anharmonic v1.00 (Module 02 out/anharmonic_1.00/bands.csv.gz), all transitions incl. overtones/combinations"
tetracene,3267.06,2.53308,282,"PAHdb Anharmonic v1.00 (Module 02 out/anharmonic_1.00/bands.csv.gz), all transitions incl. overtones/combinations"
tetracene,3282.6,0.0,282,"PAHdb Anharmonic v1.00 (Module 02 out/anharmonic_1.00/bands.csv.gz), all transitions incl. overtones/combinations"
tetracene,3297.07,0.0,282,"PAHdb Anharmonic v1.00 (Module 02 out/anharmonic_1.00/bands.csv.gz), all transitions incl. overtones/combinations"
tetracene,3298.84,0.0,282,"PAHdb Anharmonic v1.00 (Module 02 out/anharmonic_1.00/bands.csv.gz), all transitions incl. overtones/combinations"
tetracene,3301.6,0.0,282,"PAHdb Anharmonic v1.00 (Module 02 out/anharmonic_1.00/bands.csv.gz), all transitions incl. overtones/combinations"
tetracene,3301.63,0.0,282,"PAHdb Anharmonic v1.00 (Module 02 out/anharmonic_1.00/bands.csv.gz), all transitions incl. overtones/combinations"
tetracene,3303.09,0.0,282,"PAHdb Anharmonic v1.00 (Module 02 out/anharmonic_1.00/bands.csv.gz), all transitions incl. overtones/combinations"
tetracene,3304.04,0.00909741,282,"PAHdb Anharmonic v1.00 (Module 02 out/anharmonic_1.00/bands.csv.gz), all transitions incl. overtones/combinations"
tetracene,3306.04,0.0,282,"PAHdb Anharmonic v1.00 (Module 02 out/anharmonic_1.00/bands.csv.gz), all transitions incl. overtones/combinations"
tetracene,3307.82,0.0172638,282,"PAHdb Anharmonic v1.00 (Module 02 out/anharmonic_1.00/bands.csv.gz), all transitions incl. overtones/combinations"
tetracene,3322.69,0.0,282,"PAHdb Anharmonic v1.00 (Module 02 out/anharmonic_1.00/bands.csv.gz), all transitions incl. overtones/combinations"
tetracene,3323.26,0.0,282,"PAHdb Anharmonic v1.00 (Module 02 out/anharmonic_1.00/bands.csv.gz), all transitions incl. overtones/combinations"
tetracene,3332.02,0.0,282,"PAHdb Anharmonic v1.00 (Module 02 out/anharmonic_1.00/bands.csv.gz), all transitions incl. overtones/combinations"
tetracene,3332.37,0.00541834,282,"PAHdb Anharmonic v1.00 (Module 02 out/anharmonic_1.00/bands.csv.gz), all transitions incl. overtones/combinations"
tetracene,3333.4,0.0,282,"PAHdb Anharmonic v1.00 (Module 02 out/anharmonic_1.00/bands.csv.gz), all transitions incl. overtones/combinations"
tetracene,3333.79,0.0151622,282,"PAHdb Anharmonic v1.00 (Module 02 out/anharmonic_1.00/bands.csv.gz), all transitions incl. overtones/combinations"
tetracene,3334.54,0.0118489,282,"PAHdb Anharmonic v1.00 (Module 02 out/anharmonic_1.00/bands.csv.gz), all transitions incl. overtones/combinations"
tetracene,3336.3,0.0,282,"PAHdb Anharmonic v1.00 (Module 02 out/anharmonic_1.00/bands.csv.gz), all transitions incl. overtones/combinations"
tetracene,3336.56,0.00275931,282,"PAHdb Anharmonic v1.00 (Module 02 out/anharmonic_1.00/bands.csv.gz), all transitions incl. overtones/combinations"
tetracene,3336.59,0.0,282,"PAHdb Anharmonic v1.00 (Module 02 out/anharmonic_1.00/bands.csv.gz), all transitions incl. overtones/combinations"
tetracene,3338.04,0.00473598,282,"PAHdb Anharmonic v1.00 (Module 02 out/anharmonic_1.00/bands.csv.gz), all transitions incl. overtones/combinations"
tetracene,3338.99,0.0,282,"PAHdb Anharmonic v1.00 (Module 02 out/anharmonic_1.00/bands.csv.gz), all transitions incl. overtones/combinations"
tetracene,3339.13,0.0,282,"PAHdb Anharmonic v1.00 (Module 02 out/anharmonic_1.00/bands.csv.gz), all transitions incl. overtones/combinations"
tetracene,3339.17,0.00660229,282,"PAHdb Anharmonic v1.00 (Module 02 out/anharmonic_1.00/bands.csv.gz), all transitions incl. overtones/combinations"
tetracene,3340.54,0.0,282,"PAHdb Anharmonic v1.00 (Module 02 out/anharmonic_1.00/bands.csv.gz), all transitions incl. overtones/combinations"
tetracene,3341.02,1.68e-06,282,"PAHdb Anharmonic v1.00 (Module 02 out/anharmonic_1.00/bands.csv.gz), all transitions incl. overtones/combinations"
tetracene,3341.49,0.0,282,"PAHdb Anharmonic v1.00 (Module 02 out/anharmonic_1.00/bands.csv.gz), all transitions incl. overtones/combinations"
tetracene,3342.8,0.0,282,"PAHdb Anharmonic v1.00 (Module 02 out/anharmonic_1.00/bands.csv.gz), all transitions incl. overtones/combinations"
tetracene,3343.59,0.0,282,"PAHdb Anharmonic v1.00 (Module 02 out/anharmonic_1.00/bands.csv.gz), all transitions incl. overtones/combinations"
tetracene,3345.36,0.0,282,"PAHdb Anharmonic v1.00 (Module 02 out/anharmonic_1.00/bands.csv.gz), all transitions incl. overtones/combinations"
tetracene,3345.75,0.0,282,"PAHdb Anharmonic v1.00 (Module 02 out/anharmonic_1.00/bands.csv.gz), all transitions incl. overtones/combinations"
tetracene,3347.5,0.00105286,282,"PAHdb Anharmonic v1.00 (Module 02 out/anharmonic_1.00/bands.csv.gz), all transitions incl. overtones/combinations"
tetracene,3350.16,0.00383245,282,"PAHdb Anharmonic v1.00 (Module 02 out/anharmonic_1.00/bands.csv.gz), all transitions incl. overtones/combinations"
tetracene,3350.17,0.0,282,"PAHdb Anharmonic v1.00 (Module 02 out/anharmonic_1.00/bands.csv.gz), all transitions incl. overtones/combinations"
tetracene,3351.77,6.442e-05,282,"PAHdb Anharmonic v1.00 (Module 02 out/anharmonic_1.00/bands.csv.gz), all transitions incl. overtones/combinations"
tetracene,3352.7,0.0,282,"PAHdb Anharmonic v1.00 (Module 02 out/anharmonic_1.00/bands.csv.gz), all transitions incl. overtones/combinations"
tetracene,3354.59,0.0130473,282,"PAHdb Anharmonic v1.00 (Module 02 out/anharmonic_1.00/bands.csv.gz), all transitions incl. overtones/combinations"
tetracene,3356.41,0.0,282,"PAHdb Anharmonic v1.00 (Module 02 out/anharmonic_1.00/bands.csv.gz), all transitions incl. overtones/combinations"
tetracene,3357.63,0.0,282,"PAHdb Anharmonic v1.00 (Module 02 out/anharmonic_1.00/bands.csv.gz), all transitions incl. overtones/combinations"
tetracene,3358.21,0.0172735,282,"PAHdb Anharmonic v1.00 (Module 02 out/anharmonic_1.00/bands.csv.gz), all transitions incl. overtones/combinations"
tetracene,3360.22,0.0143121,282,"PAHdb Anharmonic v1.00 (Module 02 out/anharmonic_1.00/bands.csv.gz), all transitions incl. overtones/combinations"
tetracene,3360.81,0.0,282,"PAHdb Anharmonic v1.00 (Module 02 out/anharmonic_1.00/bands.csv.gz), all transitions incl. overtones/combinations"
tetracene,3367.3,0.0,282,"PAHdb Anharmonic v1.00 (Module 02 out/anharmonic_1.00/bands.csv.gz), all transitions incl. overtones/combinations"
tetracene,3368.32,0.00295609,282,"PAHdb Anharmonic v1.00 (Module 02 out/anharmonic_1.00/bands.csv.gz), all transitions incl. overtones/combinations"
tetracene,3369.9,0.0,282,"PAHdb Anharmonic v1.00 (Module 02 out/anharmonic_1.00/bands.csv.gz), all transitions incl. overtones/combinations"
tetracene,3370.93,0.0,282,"PAHdb Anharmonic v1.00 (Module 02 out/anharmonic_1.00/bands.csv.gz), all transitions incl. overtones/combinations"
tetracene,3371.22,0.0,282,"PAHdb Anharmonic v1.00 (Module 02 out/anharmonic_1.00/bands.csv.gz), all transitions incl. overtones/combinations"
tetracene,3371.8,0.00052408,282,"PAHdb Anharmonic v1.00 (Module 02 out/anharmonic_1.00/bands.csv.gz), all transitions incl. overtones/combinations"
tetracene,3380.91,0.0,282,"PAHdb Anharmonic v1.00 (Module 02 out/anharmonic_1.00/bands.csv.gz), all transitions incl. overtones/combinations"
tetracene,3381.93,0.0133131,282,"PAHdb Anharmonic v1.00 (Module 02 out/anharmonic_1.00/bands.csv.gz), all transitions incl. overtones/combinations"
tetracene,3405.33,0.0,282,"PAHdb Anharmonic v1.00 (Module 02 out/anharmonic_1.00/bands.csv.gz), all transitions incl. overtones/combinations"
tetracene,3407.09,0.0,282,"PAHdb Anharmonic v1.00 (Module 02 out/anharmonic_1.00/bands.csv.gz), all transitions incl. overtones/combinations"
tetracene,3409.8,0.0,282,"PAHdb Anharmonic v1.00 (Module 02 out/anharmonic_1.00/bands.csv.gz), all transitions incl. overtones/combinations"
tetracene,3409.82,0.0,282,"PAHdb Anharmonic v1.00 (Module 02 out/anharmonic_1.00/bands.csv.gz), all transitions incl. overtones/combinations"
tetracene,3411.34,0.025825,282,"PAHdb Anharmonic v1.00 (Module 02 out/anharmonic_1.00/bands.csv.gz), all transitions incl. overtones/combinations"
tetracene,3412.28,0.0,282,"PAHdb Anharmonic v1.00 (Module 02 out/anharmonic_1.00/bands.csv.gz), all transitions incl. overtones/combinations"
tetracene,3414.24,0.0136416,282,"PAHdb Anharmonic v1.00 (Module 02 out/anharmonic_1.00/bands.csv.gz), all transitions incl. overtones/combinations"
tetracene,3416.02,0.0,282,"PAHdb Anharmonic v1.00 (Module 02 out/anharmonic_1.00/bands.csv.gz), all transitions incl. overtones/combinations"
tetracene,3430.84,0.0,282,"PAHdb Anharmonic v1.00 (Module 02 out/anharmonic_1.00/bands.csv.gz), all transitions incl. overtones/combinations"
tetracene,3431.42,0.0,282,"PAHdb Anharmonic v1.00 (Module 02 out/anharmonic_1.00/bands.csv.gz), all transitions incl. overtones/combinations"
tetracene,3440.52,0.0,282,"PAHdb Anharmonic v1.00 (Module 02 out/anharmonic_1.00/bands.csv.gz), all transitions incl. overtones/combinations"
tetracene,3441.55,0.00016523,282,"PAHdb Anharmonic v1.00 (Module 02 out/anharmonic_1.00/bands.csv.gz), all transitions incl. overtones/combinations"
tetracene,3475.36,0.0179623,282,"PAHdb Anharmonic v1.00 (Module 02 out/anharmonic_1.00/bands.csv.gz), all transitions incl. overtones/combinations"
tetracene,3477.2,0.0,282,"PAHdb Anharmonic v1.00 (Module 02 out/anharmonic_1.00/bands.csv.gz), all transitions incl. overtones/combinations"
tetracene,3479.87,0.00064316,282,"PAHdb Anharmonic v1.00 (Module 02 out/anharmonic_1.00/bands.csv.gz), all transitions incl. overtones/combinations"
tetracene,3479.87,0.0,282,"PAHdb Anharmonic v1.00 (Module 02 out/anharmonic_1.00/bands.csv.gz), all transitions incl. overtones/combinations"
tetracene,3481.38,0.0,282,"PAHdb Anharmonic v1.00 (Module 02 out/anharmonic_1.00/bands.csv.gz), all transitions incl. overtones/combinations"
tetracene,3482.4,0.00659902,282,"PAHdb Anharmonic v1.00 (Module 02 out/anharmonic_1.00/bands.csv.gz), all transitions incl. overtones/combinations"
tetracene,3484.3,0.0,282,"PAHdb Anharmonic v1.00 (Module 02 out/anharmonic_1.00/bands.csv.gz), all transitions incl. overtones/combinations"
tetracene,3486.1,0.00110617,282,"PAHdb Anharmonic v1.00 (Module 02 out/anharmonic_1.00/bands.csv.gz), all transitions incl. overtones/combinations"
tetracene,3493.37,0.0,282,"PAHdb Anharmonic v1.00 (Module 02 out/anharmonic_1.00/bands.csv.gz), all transitions incl. overtones/combinations"
tetracene,3495.15,0.0,282,"PAHdb Anharmonic v1.00 (Module 02 out/anharmonic_1.00/bands.csv.gz), all transitions incl. overtones/combinations"
tetracene,3497.94,0.0,282,"PAHdb Anharmonic v1.00 (Module 02 out/anharmonic_1.00/bands.csv.gz), all transitions incl. overtones/combinations"
tetracene,3497.97,0.0,282,"PAHdb Anharmonic v1.00 (Module 02 out/anharmonic_1.00/bands.csv.gz), all transitions incl. overtones/combinations"
tetracene,3499.38,0.0,282,"PAHdb Anharmonic v1.00 (Module 02 out/anharmonic_1.00/bands.csv.gz), all transitions incl. overtones/combinations"
tetracene,3499.6,0.0,282,"PAHdb Anharmonic v1.00 (Module 02 out/anharmonic_1.00/bands.csv.gz), all transitions incl. overtones/combinations"
tetracene,3500.33,0.0117711,282,"PAHdb Anharmonic v1.00 (Module 02 out/anharmonic_1.00/bands.csv.gz), all transitions incl. overtones/combinations"
tetracene,3500.9,0.00354011,282,"PAHdb Anharmonic v1.00 (Module 02 out/anharmonic_1.00/bands.csv.gz), all transitions incl. overtones/combinations"
tetracene,3501.35,0.0,282,"PAHdb Anharmonic v1.00 (Module 02 out/anharmonic_1.00/bands.csv.gz), all transitions incl. overtones/combinations"
tetracene,3501.48,0.0,282,"PAHdb Anharmonic v1.00 (Module 02 out/anharmonic_1.00/bands.csv.gz), all transitions incl. overtones/combinations"
tetracene,3502.36,0.0,282,"PAHdb Anharmonic v1.00 (Module 02 out/anharmonic_1.00/bands.csv.gz), all transitions incl. overtones/combinations"
tetracene,3503.06,0.0,282,"PAHdb Anharmonic v1.00 (Module 02 out/anharmonic_1.00/bands.csv.gz), all transitions incl. overtones/combinations"
tetracene,3504.02,0.0,282,"PAHdb Anharmonic v1.00 (Module 02 out/anharmonic_1.00/bands.csv.gz), all transitions incl. overtones/combinations"
tetracene,3504.03,0.0,282,"PAHdb Anharmonic v1.00 (Module 02 out/anharmonic_1.00/bands.csv.gz), all transitions incl. overtones/combinations"
tetracene,3504.13,0.0326163,282,"PAHdb Anharmonic v1.00 (Module 02 out/anharmonic_1.00/bands.csv.gz), all transitions incl. overtones/combinations"
tetracene,3504.86,0.0,282,"PAHdb Anharmonic v1.00 (Module 02 out/anharmonic_1.00/bands.csv.gz), all transitions incl. overtones/combinations"
tetracene,3505.61,0.0104893,282,"PAHdb Anharmonic v1.00 (Module 02 out/anharmonic_1.00/bands.csv.gz), all transitions incl. overtones/combinations"
tetracene,3506.54,0.0,282,"PAHdb Anharmonic v1.00 (Module 02 out/anharmonic_1.00/bands.csv.gz), all transitions incl. overtones/combinations"
tetracene,3507.68,0.0,282,"PAHdb Anharmonic v1.00 (Module 02 out/anharmonic_1.00/bands.csv.gz), all transitions incl. overtones/combinations"
tetracene,3507.72,0.0,282,"PAHdb Anharmonic v1.00 (Module 02 out/anharmonic_1.00/bands.csv.gz), all transitions incl. overtones/combinations"
tetracene,3508.41,0.0282019,282,"PAHdb Anharmonic v1.00 (Module 02 out/anharmonic_1.00/bands.csv.gz), all transitions incl. overtones/combinations"
tetracene,3509.07,0.0,282,"PAHdb Anharmonic v1.00 (Module 02 out/anharmonic_1.00/bands.csv.gz), all transitions incl. overtones/combinations"
tetracene,3510.05,0.0253476,282,"PAHdb Anharmonic v1.00 (Module 02 out/anharmonic_1.00/bands.csv.gz), all transitions incl. overtones/combinations"
tetracene,3510.2,0.0,282,"PAHdb Anharmonic v1.00 (Module 02 out/anharmonic_1.00/bands.csv.gz), all transitions incl. overtones/combinations"
tetracene,3510.57,0.00497766,282,"PAHdb Anharmonic v1.00 (Module 02 out/anharmonic_1.00/bands.csv.gz), all transitions incl. overtones/combinations"
tetracene,3511.6,0.0,282,"PAHdb Anharmonic v1.00 (Module 02 out/anharmonic_1.00/bands.csv.gz), all transitions incl. overtones/combinations"
tetracene,3512.14,0.0,282,"PAHdb Anharmonic v1.00 (Module 02 out/anharmonic_1.00/bands.csv.gz), all transitions incl. overtones/combinations"
tetracene,3513.9,0.00317956,282,"PAHdb Anharmonic v1.00 (Module 02 out/anharmonic_1.00/bands.csv.gz), all transitions incl. overtones/combinations"
tetracene,3519.05,0.0,282,"PAHdb Anharmonic v1.00 (Module 02 out/anharmonic_1.00/bands.csv.gz), all transitions incl. overtones/combinations"
tetracene,3519.63,0.0,282,"PAHdb Anharmonic v1.00 (Module 02 out/anharmonic_1.00/bands.csv.gz), all transitions incl. overtones/combinations"
tetracene,3525.11,0.0,282,"PAHdb Anharmonic v1.00 (Module 02 out/anharmonic_1.00/bands.csv.gz), all transitions incl. overtones/combinations"
tetracene,3525.69,0.0,282,"PAHdb Anharmonic v1.00 (Module 02 out/anharmonic_1.00/bands.csv.gz), all transitions incl. overtones/combinations"
tetracene,3528.76,0.0,282,"PAHdb Anharmonic v1.00 (Module 02 out/anharmonic_1.00/bands.csv.gz), all transitions incl. overtones/combinations"
tetracene,3528.77,0.00303368,282,"PAHdb Anharmonic v1.00 (Module 02 out/anharmonic_1.00/bands.csv.gz), all transitions incl. overtones/combinations"
tetracene,3529.12,0.0,282,"PAHdb Anharmonic v1.00 (Module 02 out/anharmonic_1.00/bands.csv.gz), all transitions incl. overtones/combinations"
tetracene,3529.34,0.0,282,"PAHdb Anharmonic v1.00 (Module 02 out/anharmonic_1.00/bands.csv.gz), all transitions incl. overtones/combinations"
tetracene,3529.79,0.0,282,"PAHdb Anharmonic v1.00 (Module 02 out/anharmonic_1.00/bands.csv.gz), all transitions incl. overtones/combinations"
tetracene,3530.88,0.00547758,282,"PAHdb Anharmonic v1.00 (Module 02 out/anharmonic_1.00/bands.csv.gz), all transitions incl. overtones/combinations"
tetracene,3533.61,0.00383322,282,"PAHdb Anharmonic v1.00 (Module 02 out/anharmonic_1.00/bands.csv.gz), all transitions incl. overtones/combinations"
tetracene,3533.63,0.0,282,"PAHdb Anharmonic v1.00 (Module 02 out/anharmonic_1.00/bands.csv.gz), all transitions incl. overtones/combinations"
tetracene,3534.83,0.0,282,"PAHdb Anharmonic v1.00 (Module 02 out/anharmonic_1.00/bands.csv.gz), all transitions incl. overtones/combinations"
tetracene,3535.13,0.00562163,282,"PAHdb Anharmonic v1.00 (Module 02 out/anharmonic_1.00/bands.csv.gz), all transitions incl. overtones/combinations"
tetracene,3535.85,0.00364002,282,"PAHdb Anharmonic v1.00 (Module 02 out/anharmonic_1.00/bands.csv.gz), all transitions incl. overtones/combinations"
tetracene,3536.08,0.0,282,"PAHdb Anharmonic v1.00 (Module 02 out/anharmonic_1.00/bands.csv.gz), all transitions incl. overtones/combinations"
tetracene,3538.03,0.00219423,282,"PAHdb Anharmonic v1.00 (Module 02 out/anharmonic_1.00/bands.csv.gz), all transitions incl. overtones/combinations"
tetracene,3538.45,0.00159541,282,"PAHdb Anharmonic v1.00 (Module 02 out/anharmonic_1.00/bands.csv.gz), all transitions incl. overtones/combinations"
tetracene,3539.21,0.0,282,"PAHdb Anharmonic v1.00 (Module 02 out/anharmonic_1.00/bands.csv.gz), all transitions incl. overtones/combinations"
tetracene,3539.48,0.0,282,"PAHdb Anharmonic v1.00 (Module 02 out/anharmonic_1.00/bands.csv.gz), all transitions incl. overtones/combinations"
tetracene,3539.81,0.0,282,"PAHdb Anharmonic v1.00 (Module 02 out/anharmonic_1.00/bands.csv.gz), all transitions incl. overtones/combinations"
tetracene,3540.95,0.00454176,282,"PAHdb Anharmonic v1.00 (Module 02 out/anharmonic_1.00/bands.csv.gz), all transitions incl. overtones/combinations"
tetracene,3543.51,0.0,282,"PAHdb Anharmonic v1.00 (Module 02 out/anharmonic_1.00/bands.csv.gz), all transitions incl. overtones/combinations"
tetracene,3543.51,0.0133666,282,"PAHdb Anharmonic v1.00 (Module 02 out/anharmonic_1.00/bands.csv.gz), all transitions incl. overtones/combinations"
tetracene,3545.23,0.0,282,"PAHdb Anharmonic v1.00 (Module 02 out/anharmonic_1.00/bands.csv.gz), all transitions incl. overtones/combinations"
tetracene,3546.16,0.0,282,"PAHdb Anharmonic v1.00 (Module 02 out/anharmonic_1.00/bands.csv.gz), all transitions incl. overtones/combinations"
tetracene,3547.96,0.0,282,"PAHdb Anharmonic v1.00 (Module 02 out/anharmonic_1.00/bands.csv.gz), all transitions incl. overtones/combinations"
tetracene,3549.75,0.0,282,"PAHdb Anharmonic v1.00 (Module 02 out/anharmonic_1.00/bands.csv.gz), all transitions incl. overtones/combinations"
tetracene,3554.75,0.0,282,"PAHdb Anharmonic v1.00 (Module 02 out/anharmonic_1.00/bands.csv.gz), all transitions incl. overtones/combinations"
tetracene,3555.33,0.0937851,282,"PAHdb Anharmonic v1.00 (Module 02 out/anharmonic_1.00/bands.csv.gz), all transitions incl. overtones/combinations"
tetracene,3564.45,0.0,282,"PAHdb Anharmonic v1.00 (Module 02 out/anharmonic_1.00/bands.csv.gz), all transitions incl. overtones/combinations"
tetracene,3564.51,0.0,282,"PAHdb Anharmonic v1.00 (Module 02 out/anharmonic_1.00/bands.csv.gz), all transitions incl. overtones/combinations"
tetracene,3565.09,0.0141742,282,"PAHdb Anharmonic v1.00 (Module 02 out/anharmonic_1.00/bands.csv.gz), all transitions incl. overtones/combinations"
tetracene,3565.47,0.0350418,282,"PAHdb Anharmonic v1.00 (Module 02 out/anharmonic_1.00/bands.csv.gz), all transitions incl. overtones/combinations"
tetracene,3574.15,0.0,282,"PAHdb Anharmonic v1.00 (Module 02 out/anharmonic_1.00/bands.csv.gz), all transitions incl. overtones/combinations"
tetracene,3575.17,0.0,282,"PAHdb Anharmonic v1.00 (Module 02 out/anharmonic_1.00/bands.csv.gz), all transitions incl. overtones/combinations"
tetracene,3577.99,0.0100018,282,"PAHdb Anharmonic v1.00 (Module 02 out/anharmonic_1.00/bands.csv.gz), all transitions incl. overtones/combinations"
tetracene,3579.74,0.0,282,"PAHdb Anharmonic v1.00 (Module 02 out/anharmonic_1.00/bands.csv.gz), all transitions incl. overtones/combinations"
tetracene,3582.34,0.0,282,"PAHdb Anharmonic v1.00 (Module 02 out/anharmonic_1.00/bands.csv.gz), all transitions incl. overtones/combinations"
tetracene,3582.35,0.0126523,282,"PAHdb Anharmonic v1.00 (Module 02 out/anharmonic_1.00/bands.csv.gz), all transitions incl. overtones/combinations"
tetracene,3584.01,0.0,282,"PAHdb Anharmonic v1.00 (Module 02 out/anharmonic_1.00/bands.csv.gz), all transitions incl. overtones/combinations"
tetracene,3584.95,0.0,282,"PAHdb Anharmonic v1.00 (Module 02 out/anharmonic_1.00/bands.csv.gz), all transitions incl. overtones/combinations"
tetracene,3586.79,0.0,282,"PAHdb Anharmonic v1.00 (Module 02 out/anharmonic_1.00/bands.csv.gz), all transitions incl. overtones/combinations"
tetracene,3587.62,0.00953517,282,"PAHdb Anharmonic v1.00 (Module 02 out/anharmonic_1.00/bands.csv.gz), all transitions incl. overtones/combinations"
tetracene,3588.58,0.0,282,"PAHdb Anharmonic v1.00 (Module 02 out/anharmonic_1.00/bands.csv.gz), all transitions incl. overtones/combinations"
tetracene,3589.38,0.0,282,"PAHdb Anharmonic v1.00 (Module 02 out/anharmonic_1.00/bands.csv.gz), all transitions incl. overtones/combinations"
tetracene,3592.1,0.0,282,"PAHdb Anharmonic v1.00 (Module 02 out/anharmonic_1.00/bands.csv.gz), all transitions incl. overtones/combinations"
tetracene,3592.12,0.107881,282,"PAHdb Anharmonic v1.00 (Module 02 out/anharmonic_1.00/bands.csv.gz), all transitions incl. overtones/combinations"
tetracene,3593.64,0.0,282,"PAHdb Anharmonic v1.00 (Module 02 out/anharmonic_1.00/bands.csv.gz), all transitions incl. overtones/combinations"
tetracene,3594.58,0.0265882,282,"PAHdb Anharmonic v1.00 (Module 02 out/anharmonic_1.00/bands.csv.gz), all transitions incl. overtones/combinations"
tetracene,3596.58,0.0,282,"PAHdb Anharmonic v1.00 (Module 02 out/anharmonic_1.00/bands.csv.gz), all transitions incl. overtones/combinations"
tetracene,3598.35,0.0546486,282,"PAHdb Anharmonic v1.00 (Module 02 out/anharmonic_1.00/bands.csv.gz), all transitions incl. overtones/combinations"
tetracene,3603.36,0.00984892,282,"PAHdb Anharmonic v1.00 (Module 02 out/anharmonic_1.00/bands.csv.gz), all transitions incl. overtones/combinations"
tetracene,3603.94,0.0,282,"PAHdb Anharmonic v1.00 (Module 02 out/anharmonic_1.00/bands.csv.gz), all transitions incl. overtones/combinations"
tetracene,3613.01,0.0,282,"PAHdb Anharmonic v1.00 (Module 02 out/anharmonic_1.00/bands.csv.gz), all transitions incl. overtones/combinations"
tetracene,3613.13,0.0188137,282,"PAHdb Anharmonic v1.00 (Module 02 out/anharmonic_1.00/bands.csv.gz), all transitions incl. overtones/combinations"
tetracene,3613.71,0.0,282,"PAHdb Anharmonic v1.00 (Module 02 out/anharmonic_1.00/bands.csv.gz), all transitions incl. overtones/combinations"
tetracene,3614.03,0.0,282,"PAHdb Anharmonic v1.00 (Module 02 out/anharmonic_1.00/bands.csv.gz), all transitions incl. overtones/combinations"
tetracene,3622.81,0.0531025,282,"PAHdb Anharmonic v1.00 (Module 02 out/anharmonic_1.00/bands.csv.gz), all transitions incl. overtones/combinations"
tetracene,3623.83,0.0,282,"PAHdb Anharmonic v1.00 (Module 02 out/anharmonic_1.00/bands.csv.gz), all transitions incl. overtones/combinations"
tetracene,3640.9,6.25e-05,282,"PAHdb Anharmonic v1.00 (Module 02 out/anharmonic_1.00/bands.csv.gz), all transitions incl. overtones/combinations"
tetracene,3642.68,0.0,282,"PAHdb Anharmonic v1.00 (Module 02 out/anharmonic_1.00/bands.csv.gz), all transitions incl. overtones/combinations"
tetracene,3645.32,0.0,282,"PAHdb Anharmonic v1.00 (Module 02 out/anharmonic_1.00/bands.csv.gz), all transitions incl. overtones/combinations"
tetracene,3645.33,0.0348585,282,"PAHdb Anharmonic v1.00 (Module 02 out/anharmonic_1.00/bands.csv.gz), all transitions incl. overtones/combinations"
tetracene,3646.92,0.0,282,"PAHdb Anharmonic v1.00 (Module 02 out/anharmonic_1.00/bands.csv.gz), all transitions incl. overtones/combinations"
tetracene,3647.88,0.0290327,282,"PAHdb Anharmonic v1.00 (Module 02 out/anharmonic_1.00/bands.csv.gz), all transitions incl. overtones/combinations"
tetracene,3649.75,0.0,282,"PAHdb Anharmonic v1.00 (Module 02 out/anharmonic_1.00/bands.csv.gz), all transitions incl. overtones/combinations"
tetracene,3651.54,0.00590884,282,"PAHdb Anharmonic v1.00 (Module 02 out/anharmonic_1.00/bands.csv.gz), all transitions incl. overtones/combinations"
tetracene,3657.49,0.0,282,"PAHdb Anharmonic v1.00 (Module 02 out/anharmonic_1.00/bands.csv.gz), all transitions incl. overtones/combinations"
tetracene,3659.25,0.207099,282,"PAHdb Anharmonic v1.00 (Module 02 out/anharmonic_1.00/bands.csv.gz), all transitions incl. overtones/combinations"
tetracene,3661.91,0.074223,282,"PAHdb Anharmonic v1.00 (Module 02 out/anharmonic_1.00/bands.csv.gz), all transitions incl. overtones/combinations"
tetracene,3661.93,0.0,282,"PAHdb Anharmonic v1.00 (Module 02 out/anharmonic_1.00/bands.csv.gz), all transitions incl. overtones/combinations"
tetracene,3663.5,0.0220019,282,"PAHdb Anharmonic v1.00 (Module 02 out/anharmonic_1.00/bands.csv.gz), all transitions incl. overtones/combinations"
tetracene,3664.45,0.0,282,"PAHdb Anharmonic v1.00 (Module 02 out/anharmonic_1.00/bands.csv.gz), all transitions incl. overtones/combinations"
tetracene,3666.36,0.0733296,282,"PAHdb Anharmonic v1.00 (Module 02 out/anharmonic_1.00/bands.csv.gz), all transitions incl. overtones/combinations"
tetracene,3666.42,0.230792,282,"PAHdb Anharmonic v1.00 (Module 02 out/anharmonic_1.00/bands.csv.gz), all transitions incl. overtones/combinations"
tetracene,3667.0,0.0,282,"PAHdb Anharmonic v1.00 (Module 02 out/anharmonic_1.00/bands.csv.gz), all transitions incl. overtones/combinations"
tetracene,3667.06,0.367007,282,"PAHdb Anharmonic v1.00 (Module 02 out/anharmonic_1.00/bands.csv.gz), all transitions incl. overtones/combinations"
tetracene,3668.14,0.0,282,"PAHdb Anharmonic v1.00 (Module 02 out/anharmonic_1.00/bands.csv.gz), all transitions incl. overtones/combinations"
tetracene,3668.83,0.0,282,"PAHdb Anharmonic v1.00 (Module 02 out/anharmonic_1.00/bands.csv.gz), all transitions incl. overtones/combinations"
tetracene,3671.6,0.0,282,"PAHdb Anharmonic v1.00 (Module 02 out/anharmonic_1.00/bands.csv.gz), all transitions incl. overtones/combinations"
tetracene,3671.63,0.0286556,282,"PAHdb Anharmonic v1.00 (Module 02 out/anharmonic_1.00/bands.csv.gz), all transitions incl. overtones/combinations"
tetracene,3673.1,0.0,282,"PAHdb Anharmonic v1.00 (Module 02 out/anharmonic_1.00/bands.csv.gz), all transitions incl. overtones/combinations"
tetracene,3674.02,0.00914334,282,"PAHdb Anharmonic v1.00 (Module 02 out/anharmonic_1.00/bands.csv.gz), all transitions incl. overtones/combinations"
tetracene,3676.04,0.0,282,"PAHdb Anharmonic v1.00 (Module 02 out/anharmonic_1.00/bands.csv.gz), all transitions incl. overtones/combinations"
tetracene,3676.08,0.0714246,282,"PAHdb Anharmonic v1.00 (Module 02 out/anharmonic_1.00/bands.csv.gz), all transitions incl. overtones/combinations"
tetracene,3677.1,0.0,282,"PAHdb Anharmonic v1.00 (Module 02 out/anharmonic_1.00/bands.csv.gz), all transitions incl. overtones/combinations"
tetracene,3677.81,0.0124814,282,"PAHdb Anharmonic v1.00 (Module 02 out/anharmonic_1.00/bands.csv.gz), all transitions incl. overtones/combinations"
tetracene,3682.97,0.0,282,"PAHdb Anharmonic v1.00 (Module 02 out/anharmonic_1.00/bands.csv.gz), all transitions incl. overtones/combinations"
tetracene,3683.55,0.0643535,282,"PAHdb Anharmonic v1.00 (Module 02 out/anharmonic_1.00/bands.csv.gz), all transitions incl. overtones/combinations"
tetracene,3692.71,0.0337338,282,"PAHdb Anharmonic v1.00 (Module 02 out/anharmonic_1.00/bands.csv.gz), all transitions incl. overtones/combinations"
tetracene,3692.71,0.0,282,"PAHdb Anharmonic v1.00 (Module 02 out/anharmonic_1.00/bands.csv.gz), all transitions incl. overtones/combinations"
tetracene,3693.28,0.0,282,"PAHdb Anharmonic v1.00 (Module 02 out/anharmonic_1.00/bands.csv.gz), all transitions incl. overtones/combinations"
tetracene,3693.73,0.0487421,282,"PAHdb Anharmonic v1.00 (Module 02 out/anharmonic_1.00/bands.csv.gz), all transitions incl. overtones/combinations"
tetracene,3702.43,0.0100487,282,"PAHdb Anharmonic v1.00 (Module 02 out/anharmonic_1.00/bands.csv.gz), all transitions incl. overtones/combinations"
tetracene,3703.45,0.0,282,"PAHdb Anharmonic v1.00 (Module 02 out/anharmonic_1.00/bands.csv.gz), all transitions incl. overtones/combinations"
tetracene,3748.01,0.0,282,"PAHdb Anharmonic v1.00 (Module 02 out/anharmonic_1.00/bands.csv.gz), all transitions incl. overtones/combinations"
tetracene,3749.79,0.0138645,282,"PAHdb Anharmonic v1.00 (Module 02 out/anharmonic_1.00/bands.csv.gz), all transitions incl. overtones/combinations"
tetracene,3752.6,0.00450947,282,"PAHdb Anharmonic v1.00 (Module 02 out/anharmonic_1.00/bands.csv.gz), all transitions incl. overtones/combinations"
tetracene,3752.63,0.0,282,"PAHdb Anharmonic v1.00 (Module 02 out/anharmonic_1.00/bands.csv.gz), all transitions incl. overtones/combinations"
tetracene,3754.01,0.0,282,"PAHdb Anharmonic v1.00 (Module 02 out/anharmonic_1.00/bands.csv.gz), all transitions incl. overtones/combinations"
tetracene,3754.98,0.0,282,"PAHdb Anharmonic v1.00 (Module 02 out/anharmonic_1.00/bands.csv.gz), all transitions incl. overtones/combinations"
tetracene,3757.02,0.0,282,"PAHdb Anharmonic v1.00 (Module 02 out/anharmonic_1.00/bands.csv.gz), all transitions incl. overtones/combinations"
tetracene,3758.8,0.0,282,"PAHdb Anharmonic v1.00 (Module 02 out/anharmonic_1.00/bands.csv.gz), all transitions incl. overtones/combinations"
tetracene,3760.99,0.0,282,"PAHdb Anharmonic v1.00 (Module 02 out/anharmonic_1.00/bands.csv.gz), all transitions incl. overtones/combinations"
tetracene,3762.65,0.0,282,"PAHdb Anharmonic v1.00 (Module 02 out/anharmonic_1.00/bands.csv.gz), all transitions incl. overtones/combinations"
tetracene,3764.57,0.0,282,"PAHdb Anharmonic v1.00 (Module 02 out/anharmonic_1.00/bands.csv.gz), all transitions incl. overtones/combinations"
tetracene,3764.65,0.0,282,"PAHdb Anharmonic v1.00 (Module 02 out/anharmonic_1.00/bands.csv.gz), all transitions incl. overtones/combinations"
tetracene,3767.01,0.0003262,282,"PAHdb Anharmonic v1.00 (Module 02 out/anharmonic_1.00/bands.csv.gz), all transitions incl. overtones/combinations"
tetracene,3767.87,0.0,282,"PAHdb Anharmonic v1.00 (Module 02 out/anharmonic_1.00/bands.csv.gz), all transitions incl. overtones/combinations"
tetracene,3769.09,0.0002421,282,"PAHdb Anharmonic v1.00 (Module 02 out/anharmonic_1.00/bands.csv.gz), all transitions incl. overtones/combinations"
tetracene,3770.93,0.0,282,"PAHdb Anharmonic v1.00 (Module 02 out/anharmonic_1.00/bands.csv.gz), all transitions incl. overtones/combinations"
tetracene,3773.73,0.0,282,"PAHdb Anharmonic v1.00 (Module 02 out/anharmonic_1.00/bands.csv.gz), all transitions incl. overtones/combinations"
tetracene,3774.1,0.0,282,"PAHdb Anharmonic v1.00 (Module 02 out/anharmonic_1.00/bands.csv.gz), all transitions incl. overtones/combinations"
tetracene,3774.31,0.00016782,282,"PAHdb Anharmonic v1.00 (Module 02 out/anharmonic_1.00/bands.csv.gz), all transitions incl. overtones/combinations"
tetracene,3775.72,0.0,282,"PAHdb Anharmonic v1.00 (Module 02 out/anharmonic_1.00/bands.csv.gz), all transitions incl. overtones/combinations"
tetracene,3777.32,0.0,282,"PAHdb Anharmonic v1.00 (Module 02 out/anharmonic_1.00/bands.csv.gz), all transitions incl. overtones/combinations"
tetracene,3777.44,0.0,282,"PAHdb Anharmonic v1.00 (Module 02 out/anharmonic_1.00/bands.csv.gz), all transitions incl. overtones/combinations"
tetracene,3779.54,0.0396208,282,"PAHdb Anharmonic v1.00 (Module 02 out/anharmonic_1.00/bands.csv.gz), all transitions incl. overtones/combinations"
tetracene,3779.74,0.00313164,282,"PAHdb Anharmonic v1.00 (Module 02 out/anharmonic_1.00/bands.csv.gz), all transitions incl. overtones/combinations"
tetracene,3780.13,0.0,282,"PAHdb Anharmonic v1.00 (Module 02 out/anharmonic_1.00/bands.csv.gz), all transitions incl. overtones/combinations"
tetracene,3780.97,7.79e-06,282,"PAHdb Anharmonic v1.00 (Module 02 out/anharmonic_1.00/bands.csv.gz), all transitions incl. overtones/combinations"
tetracene,3781.32,0.0,282,"PAHdb Anharmonic v1.00 (Module 02 out/anharmonic_1.00/bands.csv.gz), all transitions incl. overtones/combinations"
tetracene,3781.5,0.0,282,"PAHdb Anharmonic v1.00 (Module 02 out/anharmonic_1.00/bands.csv.gz), all transitions incl. overtones/combinations"
tetracene,3781.86,0.0,282,"PAHdb Anharmonic v1.00 (Module 02 out/anharmonic_1.00/bands.csv.gz), all transitions incl. overtones/combinations"
tetracene,3783.45,0.0,282,"PAHdb Anharmonic v1.00 (Module 02 out/anharmonic_1.00/bands.csv.gz), all transitions incl. overtones/combinations"
tetracene,3783.62,0.0,282,"PAHdb Anharmonic v1.00 (Module 02 out/anharmonic_1.00/bands.csv.gz), all transitions incl. overtones/combinations"
tetracene,3783.74,0.0003049,282,"PAHdb Anharmonic v1.00 (Module 02 out/anharmonic_1.00/bands.csv.gz), all transitions incl. overtones/combinations"
tetracene,3784.1,0.0,282,"PAHdb Anharmonic v1.00 (Module 02 out/anharmonic_1.00/bands.csv.gz), all transitions incl. overtones/combinations"
tetracene,3784.13,0.0754008,282,"PAHdb Anharmonic v1.00 (Module 02 out/anharmonic_1.00/bands.csv.gz), all transitions incl. overtones/combinations"
tetracene,3784.22,0.0,282,"PAHdb Anharmonic v1.00 (Module 02 out/anharmonic_1.00/bands.csv.gz), all transitions incl. overtones/combinations"
tetracene,3784.23,0.019092,282,"PAHdb Anharmonic v1.00 (Module 02 out/anharmonic_1.00/bands.csv.gz), all transitions incl. overtones/combinations"
tetracene,3784.47,0.0,282,"PAHdb Anharmonic v1.00 (Module 02 out/anharmonic_1.00/bands.csv.gz), all transitions incl. overtones/combinations"
tetracene,3785.39,0.0,282,"PAHdb Anharmonic v1.00 (Module 02 out/anharmonic_1.00/bands.csv.gz), all transitions incl. overtones/combinations"
tetracene,3785.41,0.103711,282,"PAHdb Anharmonic v1.00 (Module 02 out/anharmonic_1.00/bands.csv.gz), all transitions incl. overtones/combinations"
tetracene,3785.56,0.0,282,"PAHdb Anharmonic v1.00 (Module 02 out/anharmonic_1.00/bands.csv.gz), all transitions incl. overtones/combinations"
tetracene,3785.76,0.0,282,"PAHdb Anharmonic v1.00 (Module 02 out/anharmonic_1.00/bands.csv.gz), all transitions incl. overtones/combinations"
tetracene,3785.97,0.0,282,"PAHdb Anharmonic v1.00 (Module 02 out/anharmonic_1.00/bands.csv.gz), all transitions incl. overtones/combinations"
tetracene,3786.51,0.00279594,282,"PAHdb Anharmonic v1.00 (Module 02 out/anharmonic_1.00/bands.csv.gz), all transitions incl. overtones/combinations"
tetracene,3786.7,0.0,282,"PAHdb Anharmonic v1.00 (Module 02 out/anharmonic_1.00/bands.csv.gz), all transitions incl. overtones/combinations"
tetracene,3788.28,0.079818,282,"PAHdb Anharmonic v1.00 (Module 02 out/anharmonic_1.00/bands.csv.gz), all transitions incl. overtones/combinations"
tetracene,3788.32,0.0,282,"PAHdb Anharmonic v1.00 (Module 02 out/anharmonic_1.00/bands.csv.gz), all transitions incl. overtones/combinations"
tetracene,3788.53,0.0,282,"PAHdb Anharmonic v1.00 (Module 02 out/anharmonic_1.00/bands.csv.gz), all transitions incl. overtones/combinations"
tetracene,3788.61,0.0,282,"PAHdb Anharmonic v1.00 (Module 02 out/anharmonic_1.00/bands.csv.gz), all transitions incl. overtones/combinations"
tetracene,3789.63,0.00176895,282,"PAHdb Anharmonic v1.00 (Module 02 out/anharmonic_1.00/bands.csv.gz), all transitions incl. overtones/combinations"
tetracene,3790.31,0.00629894,282,"PAHdb Anharmonic v1.00 (Module 02 out/anharmonic_1.00/bands.csv.gz), all transitions incl. overtones/combinations"
tetracene,3790.4,0.0,282,"PAHdb Anharmonic v1.00 (Module 02 out/anharmonic_1.00/bands.csv.gz), all transitions incl. overtones/combinations"
tetracene,3790.47,0.0,282,"PAHdb Anharmonic v1.00 (Module 02 out/anharmonic_1.00/bands.csv.gz), all transitions incl. overtones/combinations"
tetracene,3790.6,0.0,282,"PAHdb Anharmonic v1.00 (Module 02 out/anharmonic_1.00/bands.csv.gz), all transitions incl. overtones/combinations"
tetracene,3792.29,0.00765823,282,"PAHdb Anharmonic v1.00 (Module 02 out/anharmonic_1.00/bands.csv.gz), all transitions incl. overtones/combinations"
tetracene,3792.72,0.0194124,282,"PAHdb Anharmonic v1.00 (Module 02 out/anharmonic_1.00/bands.csv.gz), all transitions incl. overtones/combinations"
tetracene,3794.49,0.0,282,"PAHdb Anharmonic v1.00 (Module 02 out/anharmonic_1.00/bands.csv.gz), all transitions incl. overtones/combinations"
tetracene,3794.95,0.0,282,"PAHdb Anharmonic v1.00 (Module 02 out/anharmonic_1.00/bands.csv.gz), all transitions incl. overtones/combinations"
tetracene,3795.39,0.0146798,282,"PAHdb Anharmonic v1.00 (Module 02 out/anharmonic_1.00/bands.csv.gz), all transitions incl. overtones/combinations"
tetracene,3795.47,0.0,282,"PAHdb Anharmonic v1.00 (Module 02 out/anharmonic_1.00/bands.csv.gz), all transitions incl. overtones/combinations"
tetracene,3795.97,0.00416854,282,"PAHdb Anharmonic v1.00 (Module 02 out/anharmonic_1.00/bands.csv.gz), all transitions incl. overtones/combinations"
tetracene,3796.45,0.0,282,"PAHdb Anharmonic v1.00 (Module 02 out/anharmonic_1.00/bands.csv.gz), all transitions incl. overtones/combinations"
tetracene,3797.45,0.0,282,"PAHdb Anharmonic v1.00 (Module 02 out/anharmonic_1.00/bands.csv.gz), all transitions incl. overtones/combinations"
tetracene,3798.09,0.0,282,"PAHdb Anharmonic v1.00 (Module 02 out/anharmonic_1.00/bands.csv.gz), all transitions incl. overtones/combinations"
tetracene,3798.67,0.0,282,"PAHdb Anharmonic v1.00 (Module 02 out/anharmonic_1.00/bands.csv.gz), all transitions incl. overtones/combinations"
tetracene,3799.85,0.0,282,"PAHdb Anharmonic v1.00 (Module 02 out/anharmonic_1.00/bands.csv.gz), all transitions incl. overtones/combinations"
tetracene,3801.58,0.0,282,"PAHdb Anharmonic v1.00 (Module 02 out/anharmonic_1.00/bands.csv.gz), all transitions incl. overtones/combinations"
tetracene,3805.22,0.032531,282,"PAHdb Anharmonic v1.00 (Module 02 out/anharmonic_1.00/bands.csv.gz), all transitions incl. overtones/combinations"
tetracene,3805.33,0.00019411,282,"PAHdb Anharmonic v1.00 (Module 02 out/anharmonic_1.00/bands.csv.gz), all transitions incl. overtones/combinations"
tetracene,3805.8,0.0,282,"PAHdb Anharmonic v1.00 (Module 02 out/anharmonic_1.00/bands.csv.gz), all transitions incl. overtones/combinations"
tetracene,3805.91,0.0,282,"PAHdb Anharmonic v1.00 (Module 02 out/anharmonic_1.00/bands.csv.gz), all transitions incl. overtones/combinations"
tetracene,3807.62,0.00372251,282,"PAHdb Anharmonic v1.00 (Module 02 out/anharmonic_1.00/bands.csv.gz), all transitions incl. overtones/combinations"
tetracene,3807.82,0.0,282,"PAHdb Anharmonic v1.00 (Module 02 out/anharmonic_1.00/bands.csv.gz), all transitions incl. overtones/combinations"
tetracene,3808.63,0.0,282,"PAHdb Anharmonic v1.00 (Module 02 out/anharmonic_1.00/bands.csv.gz), all transitions incl. overtones/combinations"
tetracene,3809.4,0.0,282,"PAHdb Anharmonic v1.00 (Module 02 out/anharmonic_1.00/bands.csv.gz), all transitions incl. overtones/combinations"
tetracene,3809.58,0.0003705,282,"PAHdb Anharmonic v1.00 (Module 02 out/anharmonic_1.00/bands.csv.gz), all transitions incl. overtones/combinations"
tetracene,3809.98,0.0128222,282,"PAHdb Anharmonic v1.00 (Module 02 out/anharmonic_1.00/bands.csv.gz), all transitions incl. overtones/combinations"
tetracene,3812.47,0.0950213,282,"PAHdb Anharmonic v1.00 (Module 02 out/anharmonic_1.00/bands.csv.gz), all transitions incl. overtones/combinations"
tetracene,3812.53,0.0,282,"PAHdb Anharmonic v1.00 (Module 02 out/anharmonic_1.00/bands.csv.gz), all transitions incl. overtones/combinations"
tetracene,3813.82,0.326315,282,"PAHdb Anharmonic v1.00 (Module 02 out/anharmonic_1.00/bands.csv.gz), all transitions incl. overtones/combinations"
tetracene,3814.78,0.0,282,"PAHdb Anharmonic v1.00 (Module 02 out/anharmonic_1.00/bands.csv.gz), all transitions incl. overtones/combinations"
tetracene,3814.95,0.00218004,282,"PAHdb Anharmonic v1.00 (Module 02 out/anharmonic_1.00/bands.csv.gz), all transitions incl. overtones/combinations"
tetracene,3815.06,0.0,282,"PAHdb Anharmonic v1.00 (Module 02 out/anharmonic_1.00/bands.csv.gz), all transitions incl. overtones/combinations"
tetracene,3815.98,0.0,282,"PAHdb Anharmonic v1.00 (Module 02 out/anharmonic_1.00/bands.csv.gz), all transitions incl. overtones/combinations"
tetracene,3816.08,0.0,282,"PAHdb Anharmonic v1.00 (Module 02 out/anharmonic_1.00/bands.csv.gz), all transitions incl. overtones/combinations"
tetracene,3816.58,0.0,282,"PAHdb Anharmonic v1.00 (Module 02 out/anharmonic_1.00/bands.csv.gz), all transitions incl. overtones/combinations"
tetracene,3816.99,0.022822,282,"PAHdb Anharmonic v1.00 (Module 02 out/anharmonic_1.00/bands.csv.gz), all transitions incl. overtones/combinations"
tetracene,3817.16,0.00013603,282,"PAHdb Anharmonic v1.00 (Module 02 out/anharmonic_1.00/bands.csv.gz), all transitions incl. overtones/combinations"
tetracene,3818.74,0.0,282,"PAHdb Anharmonic v1.00 (Module 02 out/anharmonic_1.00/bands.csv.gz), all transitions incl. overtones/combinations"
tetracene,3819.12,0.0,282,"PAHdb Anharmonic v1.00 (Module 02 out/anharmonic_1.00/bands.csv.gz), all transitions incl. overtones/combinations"
tetracene,3820.15,0.0157194,282,"PAHdb Anharmonic v1.00 (Module 02 out/anharmonic_1.00/bands.csv.gz), all transitions incl. overtones/combinations"
tetracene,3826.31,0.0,282,"PAHdb Anharmonic v1.00 (Module 02 out/anharmonic_1.00/bands.csv.gz), all transitions incl. overtones/combinations"
tetracene,3827.34,0.0,282,"PAHdb Anharmonic v1.00 (Module 02 out/anharmonic_1.00/bands.csv.gz), all transitions incl. overtones/combinations"
tetracene,3833.55,0.0,282,"PAHdb Anharmonic v1.00 (Module 02 out/anharmonic_1.00/bands.csv.gz), all transitions incl. overtones/combinations"
tetracene,3834.13,0.122635,282,"PAHdb Anharmonic v1.00 (Module 02 out/anharmonic_1.00/bands.csv.gz), all transitions incl. overtones/combinations"
tetracene,3843.19,0.0,282,"PAHdb Anharmonic v1.00 (Module 02 out/anharmonic_1.00/bands.csv.gz), all transitions incl. overtones/combinations"
tetracene,3844.21,0.0384881,282,"PAHdb Anharmonic v1.00 (Module 02 out/anharmonic_1.00/bands.csv.gz), all transitions incl. overtones/combinations"
tetracene,3854.99,0.00068167,282,"PAHdb Anharmonic v1.00 (Module 02 out/anharmonic_1.00/bands.csv.gz), all transitions incl. overtones/combinations"
tetracene,3856.75,0.0,282,"PAHdb Anharmonic v1.00 (Module 02 out/anharmonic_1.00/bands.csv.gz), all transitions incl. overtones/combinations"
tetracene,3859.5,0.0,282,"PAHdb Anharmonic v1.00 (Module 02 out/anharmonic_1.00/bands.csv.gz), all transitions incl. overtones/combinations"
tetracene,3859.51,8.04e-06,282,"PAHdb Anharmonic v1.00 (Module 02 out/anharmonic_1.00/bands.csv.gz), all transitions incl. overtones/combinations"
tetracene,3861.01,0.0,282,"PAHdb Anharmonic v1.00 (Module 02 out/anharmonic_1.00/bands.csv.gz), all transitions incl. overtones/combinations"
tetracene,3861.93,0.0,282,"PAHdb Anharmonic v1.00 (Module 02 out/anharmonic_1.00/bands.csv.gz), all transitions incl. overtones/combinations"
tetracene,3863.77,0.0,282,"PAHdb Anharmonic v1.00 (Module 02 out/anharmonic_1.00/bands.csv.gz), all transitions incl. overtones/combinations"
tetracene,3865.57,0.0,282,"PAHdb Anharmonic v1.00 (Module 02 out/anharmonic_1.00/bands.csv.gz), all transitions incl. overtones/combinations"
tetracene,3867.1,0.0,282,"PAHdb Anharmonic v1.00 (Module 02 out/anharmonic_1.00/bands.csv.gz), all transitions incl. overtones/combinations"
tetracene,3868.7,2.305e-05,282,"PAHdb Anharmonic v1.00 (Module 02 out/anharmonic_1.00/bands.csv.gz), all transitions incl. overtones/combinations"
tetracene,3870.32,0.0,282,"PAHdb Anharmonic v1.00 (Module 02 out/anharmonic_1.00/bands.csv.gz), all transitions incl. overtones/combinations"
tetracene,3870.47,9.006e-05,282,"PAHdb Anharmonic v1.00 (Module 02 out/anharmonic_1.00/bands.csv.gz), all transitions incl. overtones/combinations"
tetracene,3873.13,0.0,282,"PAHdb Anharmonic v1.00 (Module 02 out/anharmonic_1.00/bands.csv.gz), all transitions incl. overtones/combinations"
tetracene,3873.93,0.0,282,"PAHdb Anharmonic v1.00 (Module 02 out/anharmonic_1.00/bands.csv.gz), all transitions incl. overtones/combinations"
tetracene,3874.51,0.0,282,"PAHdb Anharmonic v1.00 (Module 02 out/anharmonic_1.00/bands.csv.gz), all transitions incl. overtones/combinations"
tetracene,3874.91,0.0,282,"PAHdb Anharmonic v1.00 (Module 02 out/anharmonic_1.00/bands.csv.gz), all transitions incl. overtones/combinations"
tetracene,3876.45,0.0,282,"PAHdb Anharmonic v1.00 (Module 02 out/anharmonic_1.00/bands.csv.gz), all transitions incl. overtones/combinations"
tetracene,3876.97,0.0,282,"PAHdb Anharmonic v1.00 (Module 02 out/anharmonic_1.00/bands.csv.gz), all transitions incl. overtones/combinations"
tetracene,3880.7,7.19e-05,282,"PAHdb Anharmonic v1.00 (Module 02 out/anharmonic_1.00/bands.csv.gz), all transitions incl. overtones/combinations"
tetracene,3880.88,0.00012198,282,"PAHdb Anharmonic v1.00 (Module 02 out/anharmonic_1.00/bands.csv.gz), all transitions incl. overtones/combinations"
tetracene,3881.27,0.0,282,"PAHdb Anharmonic v1.00 (Module 02 out/anharmonic_1.00/bands.csv.gz), all transitions incl. overtones/combinations"
tetracene,3881.58,0.0,282,"PAHdb Anharmonic v1.00 (Module 02 out/anharmonic_1.00/bands.csv.gz), all transitions incl. overtones/combinations"
tetracene,3881.92,0.0,282,"PAHdb Anharmonic v1.00 (Module 02 out/anharmonic_1.00/bands.csv.gz), all transitions incl. overtones/combinations"
tetracene,3882.04,0.0,282,"PAHdb Anharmonic v1.00 (Module 02 out/anharmonic_1.00/bands.csv.gz), all transitions incl. overtones/combinations"
tetracene,3886.44,7.666e-05,282,"PAHdb Anharmonic v1.00 (Module 02 out/anharmonic_1.00/bands.csv.gz), all transitions incl. overtones/combinations"
tetracene,3887.96,0.0,282,"PAHdb Anharmonic v1.00 (Module 02 out/anharmonic_1.00/bands.csv.gz), all transitions incl. overtones/combinations"
tetracene,3889.47,0.0,282,"PAHdb Anharmonic v1.00 (Module 02 out/anharmonic_1.00/bands.csv.gz), all transitions incl. overtones/combinations"
tetracene,3890.49,0.0,282,"PAHdb Anharmonic v1.00 (Module 02 out/anharmonic_1.00/bands.csv.gz), all transitions incl. overtones/combinations"
tetracene,3891.35,0.00106069,282,"PAHdb Anharmonic v1.00 (Module 02 out/anharmonic_1.00/bands.csv.gz), all transitions incl. overtones/combinations"
tetracene,3891.48,0.0,282,"PAHdb Anharmonic v1.00 (Module 02 out/anharmonic_1.00/bands.csv.gz), all transitions incl. overtones/combinations"
tetracene,3891.52,0.0,282,"PAHdb Anharmonic v1.00 (Module 02 out/anharmonic_1.00/bands.csv.gz), all transitions incl. overtones/combinations"
tetracene,3892.06,0.00016021,282,"PAHdb Anharmonic v1.00 (Module 02 out/anharmonic_1.00/bands.csv.gz), all transitions incl. overtones/combinations"
tetracene,3894.52,0.00028594,282,"PAHdb Anharmonic v1.00 (Module 02 out/anharmonic_1.00/bands.csv.gz), all transitions incl. overtones/combinations"
tetracene,3894.61,0.0,282,"PAHdb Anharmonic v1.00 (Module 02 out/anharmonic_1.00/bands.csv.gz), all transitions incl. overtones/combinations"
tetracene,3895.47,0.00472766,282,"PAHdb Anharmonic v1.00 (Module 02 out/anharmonic_1.00/bands.csv.gz), all transitions incl. overtones/combinations"
tetracene,3895.48,6.606e-05,282,"PAHdb Anharmonic v1.00 (Module 02 out/anharmonic_1.00/bands.csv.gz), all transitions incl. overtones/combinations"
tetracene,3896.53,0.0,282,"PAHdb Anharmonic v1.00 (Module 02 out/anharmonic_1.00/bands.csv.gz), all transitions incl. overtones/combinations"
tetracene,3897.43,0.0,282,"PAHdb Anharmonic v1.00 (Module 02 out/anharmonic_1.00/bands.csv.gz), all transitions incl. overtones/combinations"
tetracene,3899.02,0.00176852,282,"PAHdb Anharmonic v1.00 (Module 02 out/anharmonic_1.00/bands.csv.gz), all transitions incl. overtones/combinations"
tetracene,3900.75,0.0,282,"PAHdb Anharmonic v1.00 (Module 02 out/anharmonic_1.00/bands.csv.gz), all transitions incl. overtones/combinations"
tetracene,3901.3,0.0,282,"PAHdb Anharmonic v1.00 (Module 02 out/anharmonic_1.00/bands.csv.gz), all transitions incl. overtones/combinations"
tetracene,3901.31,0.0,282,"PAHdb Anharmonic v1.00 (Module 02 out/anharmonic_1.00/bands.csv.gz), all transitions incl. overtones/combinations"
tetracene,3901.49,0.0,282,"PAHdb Anharmonic v1.00 (Module 02 out/anharmonic_1.00/bands.csv.gz), all transitions incl. overtones/combinations"
tetracene,3901.49,0.00071987,282,"PAHdb Anharmonic v1.00 (Module 02 out/anharmonic_1.00/bands.csv.gz), all transitions incl. overtones/combinations"
tetracene,3902.34,0.0,282,"PAHdb Anharmonic v1.00 (Module 02 out/anharmonic_1.00/bands.csv.gz), all transitions incl. overtones/combinations"
tetracene,3902.57,0.0,282,"PAHdb Anharmonic v1.00 (Module 02 out/anharmonic_1.00/bands.csv.gz), all transitions incl. overtones/combinations"
tetracene,3902.93,0.0,282,"PAHdb Anharmonic v1.00 (Module 02 out/anharmonic_1.00/bands.csv.gz), all transitions incl. overtones/combinations"
tetracene,3903.51,0.0,282,"PAHdb Anharmonic v1.00 (Module 02 out/anharmonic_1.00/bands.csv.gz), all transitions incl. overtones/combinations"
tetracene,3905.87,0.0,282,"PAHdb Anharmonic v1.00 (Module 02 out/anharmonic_1.00/bands.csv.gz), all transitions incl. overtones/combinations"
tetracene,3907.52,0.0,282,"PAHdb Anharmonic v1.00 (Module 02 out/anharmonic_1.00/bands.csv.gz), all transitions incl. overtones/combinations"
tetracene,3912.53,0.0,282,"PAHdb Anharmonic v1.00 (Module 02 out/anharmonic_1.00/bands.csv.gz), all transitions incl. overtones/combinations"
tetracene,3913.55,1.39e-06,282,"PAHdb Anharmonic v1.00 (Module 02 out/anharmonic_1.00/bands.csv.gz), all transitions incl. overtones/combinations"
tetracene,3915.71,0.0,282,"PAHdb Anharmonic v1.00 (Module 02 out/anharmonic_1.00/bands.csv.gz), all transitions incl. overtones/combinations"
tetracene,3916.29,0.00644217,282,"PAHdb Anharmonic v1.00 (Module 02 out/anharmonic_1.00/bands.csv.gz), all transitions incl. overtones/combinations"
tetracene,3921.48,0.0,282,"PAHdb Anharmonic v1.00 (Module 02 out/anharmonic_1.00/bands.csv.gz), all transitions incl. overtones/combinations"
tetracene,3922.6,1.527e-05,282,"PAHdb Anharmonic v1.00 (Module 02 out/anharmonic_1.00/bands.csv.gz), all transitions incl. overtones/combinations"
tetracene,3923.18,0.0,282,"PAHdb Anharmonic v1.00 (Module 02 out/anharmonic_1.00/bands.csv.gz), all transitions incl. overtones/combinations"
tetracene,3923.62,0.00098375,282,"PAHdb Anharmonic v1.00 (Module 02 out/anharmonic_1.00/bands.csv.gz), all transitions incl. overtones/combinations"
tetracene,3925.41,0.0,282,"PAHdb Anharmonic v1.00 (Module 02 out/anharmonic_1.00/bands.csv.gz), all transitions incl. overtones/combinations"
tetracene,3925.97,0.0,282,"PAHdb Anharmonic v1.00 (Module 02 out/anharmonic_1.00/bands.csv.gz), all transitions incl. overtones/combinations"
tetracene,3926.43,0.00558955,282,"PAHdb Anharmonic v1.00 (Module 02 out/anharmonic_1.00/bands.csv.gz), all transitions incl. overtones/combinations"
tetracene,3926.72,0.0,282,"PAHdb Anharmonic v1.00 (Module 02 out/anharmonic_1.00/bands.csv.gz), all transitions incl. overtones/combinations"
tetracene,3927.46,0.0,282,"PAHdb Anharmonic v1.00 (Module 02 out/anharmonic_1.00/bands.csv.gz), all transitions incl. overtones/combinations"
tetracene,3927.72,0.10976,282,"PAHdb Anharmonic v1.00 (Module 02 out/anharmonic_1.00/bands.csv.gz), all transitions incl. overtones/combinations"
tetracene,3928.4,9.042e-05,282,"PAHdb Anharmonic v1.00 (Module 02 out/anharmonic_1.00/bands.csv.gz), all transitions incl. overtones/combinations"
tetracene,3928.71,0.0,282,"PAHdb Anharmonic v1.00 (Module 02 out/anharmonic_1.00/bands.csv.gz), all transitions incl. overtones/combinations"
tetracene,3928.75,0.0,282,"PAHdb Anharmonic v1.00 (Module 02 out/anharmonic_1.00/bands.csv.gz), all transitions incl. overtones/combinations"
tetracene,3928.85,0.0,282,"PAHdb Anharmonic v1.00 (Module 02 out/anharmonic_1.00/bands.csv.gz), all transitions incl. overtones/combinations"
tetracene,3930.33,0.607519,282,"PAHdb Anharmonic v1.00 (Module 02 out/anharmonic_1.00/bands.csv.gz), all transitions incl. overtones/combinations"
tetracene,3930.35,0.0,282,"PAHdb Anharmonic v1.00 (Module 02 out/anharmonic_1.00/bands.csv.gz), all transitions incl. overtones/combinations"
tetracene,3931.99,0.476573,282,"PAHdb Anharmonic v1.00 (Module 02 out/anharmonic_1.00/bands.csv.gz), all transitions incl. overtones/combinations"
tetracene,3932.3,0.0,282,"PAHdb Anharmonic v1.00 (Module 02 out/anharmonic_1.00/bands.csv.gz), all transitions incl. overtones/combinations"
tetracene,3932.66,0.0,282,"PAHdb Anharmonic v1.00 (Module 02 out/anharmonic_1.00/bands.csv.gz), all transitions incl. overtones/combinations"
tetracene,3932.92,0.0,282,"PAHdb Anharmonic v1.00 (Module 02 out/anharmonic_1.00/bands.csv.gz), all transitions incl. overtones/combinations"
tetracene,3933.18,0.0,282,"PAHdb Anharmonic v1.00 (Module 02 out/anharmonic_1.00/bands.csv.gz), all transitions incl. overtones/combinations"
tetracene,3933.33,0.0,282,"PAHdb Anharmonic v1.00 (Module 02 out/anharmonic_1.00/bands.csv.gz), all transitions incl. overtones/combinations"
tetracene,3933.69,0.0,282,"PAHdb Anharmonic v1.00 (Module 02 out/anharmonic_1.00/bands.csv.gz), all transitions incl. overtones/combinations"
tetracene,3933.93,0.00101187,282,"PAHdb Anharmonic v1.00 (Module 02 out/anharmonic_1.00/bands.csv.gz), all transitions incl. overtones/combinations"
tetracene,3934.05,0.0,282,"PAHdb Anharmonic v1.00 (Module 02 out/anharmonic_1.00/bands.csv.gz), all transitions incl. overtones/combinations"
tetracene,3934.71,0.0,282,"PAHdb Anharmonic v1.00 (Module 02 out/anharmonic_1.00/bands.csv.gz), all transitions incl. overtones/combinations"
tetracene,3934.75,0.484285,282,"PAHdb Anharmonic v1.00 (Module 02 out/anharmonic_1.00/bands.csv.gz), all transitions incl. overtones/combinations"
tetracene,3936.54,0.0,282,"PAHdb Anharmonic v1.00 (Module 02 out/anharmonic_1.00/bands.csv.gz), all transitions incl. overtones/combinations"
tetracene,3938.55,0.0,282,"PAHdb Anharmonic v1.00 (Module 02 out/anharmonic_1.00/bands.csv.gz), all transitions incl. overtones/combinations"
tetracene,3940.05,4.453e-05,282,"PAHdb Anharmonic v1.00 (Module 02 out/anharmonic_1.00/bands.csv.gz), all transitions incl. overtones/combinations"
tetracene,3949.89,0.0,282,"PAHdb Anharmonic v1.00 (Module 02 out/anharmonic_1.00/bands.csv.gz), all transitions incl. overtones/combinations"
tetracene,3950.46,3.551e-05,282,"PAHdb Anharmonic v1.00 (Module 02 out/anharmonic_1.00/bands.csv.gz), all transitions incl. overtones/combinations"
tetracene,3951.38,0.0,282,"PAHdb Anharmonic v1.00 (Module 02 out/anharmonic_1.00/bands.csv.gz), all transitions incl. overtones/combinations"
tetracene,3951.96,0.499981,282,"PAHdb Anharmonic v1.00 (Module 02 out/anharmonic_1.00/bands.csv.gz), all transitions incl. overtones/combinations"
tetracene,3955.11,0.0,282,"PAHdb Anharmonic v1.00 (Module 02 out/anharmonic_1.00/bands.csv.gz), all transitions incl. overtones/combinations"
tetracene,3955.69,0.0,282,"PAHdb Anharmonic v1.00 (Module 02 out/anharmonic_1.00/bands.csv.gz), all transitions incl. overtones/combinations"
tetracene,3959.57,0.0,282,"PAHdb Anharmonic v1.00 (Module 02 out/anharmonic_1.00/bands.csv.gz), all transitions incl. overtones/combinations"
tetracene,3960.6,0.0,282,"PAHdb Anharmonic v1.00 (Module 02 out/anharmonic_1.00/bands.csv.gz), all transitions incl. overtones/combinations"
tetracene,3960.95,0.0334114,282,"PAHdb Anharmonic v1.00 (Module 02 out/anharmonic_1.00/bands.csv.gz), all transitions incl. overtones/combinations"
tetracene,3961.03,0.0,282,"PAHdb Anharmonic v1.00 (Module 02 out/anharmonic_1.00/bands.csv.gz), all transitions incl. overtones/combinations"
tetracene,3962.06,0.0187774,282,"PAHdb Anharmonic v1.00 (Module 02 out/anharmonic_1.00/bands.csv.gz), all transitions incl. overtones/combinations"
tetracene,3962.71,0.0,282,"PAHdb Anharmonic v1.00 (Module 02 out/anharmonic_1.00/bands.csv.gz), all transitions incl. overtones/combinations"
tetracene,3964.73,8.349e-05,282,"PAHdb Anharmonic v1.00 (Module 02 out/anharmonic_1.00/bands.csv.gz), all transitions incl. overtones/combinations"
tetracene,3965.23,0.816181,282,"PAHdb Anharmonic v1.00 (Module 02 out/anharmonic_1.00/bands.csv.gz), all transitions incl. overtones/combinations"
tetracene,3965.24,0.0,282,"PAHdb Anharmonic v1.00 (Module 02 out/anharmonic_1.00/bands.csv.gz), all transitions incl. overtones/combinations"
tetracene,3965.75,0.0,282,"PAHdb Anharmonic v1.00 (Module 02 out/anharmonic_1.00/bands.csv.gz), all transitions incl. overtones/combinations"
tetracene,3966.97,0.0,282,"PAHdb Anharmonic v1.00 (Module 02 out/anharmonic_1.00/bands.csv.gz), all transitions incl. overtones/combinations"
tetracene,3967.91,0.432244,282,"PAHdb Anharmonic v1.00 (Module 02 out/anharmonic_1.00/bands.csv.gz), all transitions incl. overtones/combinations"
tetracene,3969.63,0.0,282,"PAHdb Anharmonic v1.00 (Module 02 out/anharmonic_1.00/bands.csv.gz), all transitions incl. overtones/combinations"
tetracene,3971.44,0.469329,282,"PAHdb Anharmonic v1.00 (Module 02 out/anharmonic_1.00/bands.csv.gz), all transitions incl. overtones/combinations"
tetracene,3983.13,0.0,282,"PAHdb Anharmonic v1.00 (Module 02 out/anharmonic_1.00/bands.csv.gz), all transitions incl. overtones/combinations"
tetracene,3984.49,0.0,282,"PAHdb Anharmonic v1.00 (Module 02 out/anharmonic_1.00/bands.csv.gz), all transitions incl. overtones/combinations"
tetracene,3984.62,0.0,282,"PAHdb Anharmonic v1.00 (Module 02 out/anharmonic_1.00/bands.csv.gz), all transitions incl. overtones/combinations"
tetracene,3985.47,0.0,282,"PAHdb Anharmonic v1.00 (Module 02 out/anharmonic_1.00/bands.csv.gz), all transitions incl. overtones/combinations"
tetracene,3985.72,0.0,282,"PAHdb Anharmonic v1.00 (Module 02 out/anharmonic_1.00/bands.csv.gz), all transitions incl. overtones/combinations"
tetracene,3986.02,0.0,282,"PAHdb Anharmonic v1.00 (Module 02 out/anharmonic_1.00/bands.csv.gz), all transitions incl. overtones/combinations"
tetracene,3986.26,0.517614,282,"PAHdb Anharmonic v1.00 (Module 02 out/anharmonic_1.00/bands.csv.gz), all transitions incl. overtones/combinations"
tetracene,3986.84,0.0,282,"PAHdb Anharmonic v1.00 (Module 02 out/anharmonic_1.00/bands.csv.gz), all transitions incl. overtones/combinations"
tetracene,3987.14,0.0,282,"PAHdb Anharmonic v1.00 (Module 02 out/anharmonic_1.00/bands.csv.gz), all transitions incl. overtones/combinations"
tetracene,3987.36,0.0,282,"PAHdb Anharmonic v1.00 (Module 02 out/anharmonic_1.00/bands.csv.gz), all transitions incl. overtones/combinations"
tetracene,3989.16,1.85e-05,282,"PAHdb Anharmonic v1.00 (Module 02 out/anharmonic_1.00/bands.csv.gz), all transitions incl. overtones/combinations"
tetracene,3989.63,0.00537243,282,"PAHdb Anharmonic v1.00 (Module 02 out/anharmonic_1.00/bands.csv.gz), all transitions incl. overtones/combinations"
tetracene,3989.86,0.0,282,"PAHdb Anharmonic v1.00 (Module 02 out/anharmonic_1.00/bands.csv.gz), all transitions incl. overtones/combinations"
tetracene,3990.52,0.0,282,"PAHdb Anharmonic v1.00 (Module 02 out/anharmonic_1.00/bands.csv.gz), all transitions incl. overtones/combinations"
tetracene,3991.25,0.00014155,282,"PAHdb Anharmonic v1.00 (Module 02 out/anharmonic_1.00/bands.csv.gz), all transitions incl. overtones/combinations"
tetracene,3991.29,0.0,282,"PAHdb Anharmonic v1.00 (Module 02 out/anharmonic_1.00/bands.csv.gz), all transitions incl. overtones/combinations"
tetracene,3991.64,0.0,282,"PAHdb Anharmonic v1.00 (Module 02 out/anharmonic_1.00/bands.csv.gz), all transitions incl. overtones/combinations"
tetracene,3993.28,0.00544019,282,"PAHdb Anharmonic v1.00 (Module 02 out/anharmonic_1.00/bands.csv.gz), all transitions incl. overtones/combinations"
tetracene,3995.92,0.0159075,282,"PAHdb Anharmonic v1.00 (Module 02 out/anharmonic_1.00/bands.csv.gz), all transitions incl. overtones/combinations"
tetracene,3996.94,0.0,282,"PAHdb Anharmonic v1.00 (Module 02 out/anharmonic_1.00/bands.csv.gz), all transitions incl. overtones/combinations"
tetracene,3998.89,0.0,282,"PAHdb Anharmonic v1.00 (Module 02 out/anharmonic_1.00/bands.csv.gz), all transitions incl. overtones/combinations"
tetracene,3999.0,0.00028964,282,"PAHdb Anharmonic v1.00 (Module 02 out/anharmonic_1.00/bands.csv.gz), all transitions incl. overtones/combinations"
tetracene,4000.4,0.00186034,282,"PAHdb Anharmonic v1.00 (Module 02 out/anharmonic_1.00/bands.csv.gz), all transitions incl. overtones/combinations"
tetracene,4000.52,0.0,282,"PAHdb Anharmonic v1.00 (Module 02 out/anharmonic_1.00/bands.csv.gz), all transitions incl. overtones/combinations"
tetracene,4001.21,0.0,282,"PAHdb Anharmonic v1.00 (Module 02 out/anharmonic_1.00/bands.csv.gz), all transitions incl. overtones/combinations"
tetracene,4001.32,0.0101844,282,"PAHdb Anharmonic v1.00 (Module 02 out/anharmonic_1.00/bands.csv.gz), all transitions incl. overtones/combinations"
tetracene,4001.43,0.00783162,282,"PAHdb Anharmonic v1.00 (Module 02 out/anharmonic_1.00/bands.csv.gz), all transitions incl. overtones/combinations"
tetracene,4001.54,0.0,282,"PAHdb Anharmonic v1.00 (Module 02 out/anharmonic_1.00/bands.csv.gz), all transitions incl. overtones/combinations"
tetracene,4004.93,0.0,282,"PAHdb Anharmonic v1.00 (Module 02 out/anharmonic_1.00/bands.csv.gz), all transitions incl. overtones/combinations"
tetracene,4005.04,0.0,282,"PAHdb Anharmonic v1.00 (Module 02 out/anharmonic_1.00/bands.csv.gz), all transitions incl. overtones/combinations"
tetracene,4005.7,0.0,282,"PAHdb Anharmonic v1.00 (Module 02 out/anharmonic_1.00/bands.csv.gz), all transitions incl. overtones/combinations"
tetracene,4005.81,0.0,282,"PAHdb Anharmonic v1.00 (Module 02 out/anharmonic_1.00/bands.csv.gz), all transitions incl. overtones/combinations"
tetracene,4005.94,0.0,282,"PAHdb Anharmonic v1.00 (Module 02 out/anharmonic_1.00/bands.csv.gz), all transitions incl. overtones/combinations"
tetracene,4006.05,0.0,282,"PAHdb Anharmonic v1.00 (Module 02 out/anharmonic_1.00/bands.csv.gz), all transitions incl. overtones/combinations"
tetracene,4006.63,0.0,282,"PAHdb Anharmonic v1.00 (Module 02 out/anharmonic_1.00/bands.csv.gz), all transitions incl. overtones/combinations"
tetracene,4007.2,0.0,282,"PAHdb Anharmonic v1.00 (Module 02 out/anharmonic_1.00/bands.csv.gz), all transitions incl. overtones/combinations"
tetracene,4007.88,0.0,282,"PAHdb Anharmonic v1.00 (Module 02 out/anharmonic_1.00/bands.csv.gz), all transitions incl. overtones/combinations"
tetracene,4007.99,0.0,282,"PAHdb Anharmonic v1.00 (Module 02 out/anharmonic_1.00/bands.csv.gz), all transitions incl. overtones/combinations"
tetracene,4008.32,0.0,282,"PAHdb Anharmonic v1.00 (Module 02 out/anharmonic_1.00/bands.csv.gz), all transitions incl. overtones/combinations"
tetracene,4008.9,0.0,282,"PAHdb Anharmonic v1.00 (Module 02 out/anharmonic_1.00/bands.csv.gz), all transitions incl. overtones/combinations"
tetracene,4016.51,0.0,282,"PAHdb Anharmonic v1.00 (Module 02 out/anharmonic_1.00/bands.csv.gz), all transitions incl. overtones/combinations"
tetracene,4017.53,0.00138399,282,"PAHdb Anharmonic v1.00 (Module 02 out/anharmonic_1.00/bands.csv.gz), all transitions incl. overtones/combinations"
tetracene,4018.21,0.00105594,282,"PAHdb Anharmonic v1.00 (Module 02 out/anharmonic_1.00/bands.csv.gz), all transitions incl. overtones/combinations"
tetracene,4019.24,0.0,282,"PAHdb Anharmonic v1.00 (Module 02 out/anharmonic_1.00/bands.csv.gz), all transitions incl. overtones/combinations"
tetracene,4021.77,0.0,282,"PAHdb Anharmonic v1.00 (Module 02 out/anharmonic_1.00/bands.csv.gz), all transitions incl. overtones/combinations"
tetracene,4021.87,0.00249779,282,"PAHdb Anharmonic v1.00 (Module 02 out/anharmonic_1.00/bands.csv.gz), all transitions incl. overtones/combinations"
tetracene,4022.36,0.00247083,282,"PAHdb Anharmonic v1.00 (Module 02 out/anharmonic_1.00/bands.csv.gz), all transitions incl. overtones/combinations"
tetracene,4022.46,0.0,282,"PAHdb Anharmonic v1.00 (Module 02 out/anharmonic_1.00/bands.csv.gz), all transitions incl. overtones/combinations"
tetracene,4031.07,0.0,282,"PAHdb Anharmonic v1.00 (Module 02 out/anharmonic_1.00/bands.csv.gz), all transitions incl. overtones/combinations"
tetracene,4031.17,0.0,282,"PAHdb Anharmonic v1.00 (Module 02 out/anharmonic_1.00/bands.csv.gz), all transitions incl. overtones/combinations"
tetracene,4032.08,0.0,282,"PAHdb Anharmonic v1.00 (Module 02 out/anharmonic_1.00/bands.csv.gz), all transitions incl. overtones/combinations"
tetracene,4032.18,0.0,282,"PAHdb Anharmonic v1.00 (Module 02 out/anharmonic_1.00/bands.csv.gz), all transitions incl. overtones/combinations"
tetracene,4038.54,0.0007133,282,"PAHdb Anharmonic v1.00 (Module 02 out/anharmonic_1.00/bands.csv.gz), all transitions incl. overtones/combinations"
tetracene,4039.86,0.0,282,"PAHdb Anharmonic v1.00 (Module 02 out/anharmonic_1.00/bands.csv.gz), all transitions incl. overtones/combinations"
tetracene,4040.23,0.0,282,"PAHdb Anharmonic v1.00 (Module 02 out/anharmonic_1.00/bands.csv.gz), all transitions incl. overtones/combinations"
tetracene,4041.55,0.00013606,282,"PAHdb Anharmonic v1.00 (Module 02 out/anharmonic_1.00/bands.csv.gz), all transitions incl. overtones/combinations"
tetracene,4042.48,0.00124749,282,"PAHdb Anharmonic v1.00 (Module 02 out/anharmonic_1.00/bands.csv.gz), all transitions incl. overtones/combinations"
tetracene,4042.54,0.0,282,"PAHdb Anharmonic v1.00 (Module 02 out/anharmonic_1.00/bands.csv.gz), all transitions incl. overtones/combinations"
tetracene,4043.8,0.0,282,"PAHdb Anharmonic v1.00 (Module 02 out/anharmonic_1.00/bands.csv.gz), all transitions incl. overtones/combinations"
tetracene,4043.85,0.00203048,282,"PAHdb Anharmonic v1.00 (Module 02 out/anharmonic_1.00/bands.csv.gz), all transitions incl. overtones/combinations"
tetracene,4044.57,0.0,282,"PAHdb Anharmonic v1.00 (Module 02 out/anharmonic_1.00/bands.csv.gz), all transitions incl. overtones/combinations"
tetracene,4045.44,1.32e-06,282,"PAHdb Anharmonic v1.00 (Module 02 out/anharmonic_1.00/bands.csv.gz), all transitions incl. overtones/combinations"
tetracene,4045.88,2.8e-07,282,"PAHdb Anharmonic v1.00 (Module 02 out/anharmonic_1.00/bands.csv.gz), all transitions incl. overtones/combinations"
tetracene,4046.75,0.0,282,"PAHdb Anharmonic v1.00 (Module 02 out/anharmonic_1.00/bands.csv.gz), all transitions incl. overtones/combinations"
tetracene,4046.77,0.0,282,"PAHdb Anharmonic v1.00 (Module 02 out/anharmonic_1.00/bands.csv.gz), all transitions incl. overtones/combinations"
tetracene,4048.07,0.0345246,282,"PAHdb Anharmonic v1.00 (Module 02 out/anharmonic_1.00/bands.csv.gz), all transitions incl. overtones/combinations"
tetracene,4048.62,0.0479108,282,"PAHdb Anharmonic v1.00 (Module 02 out/anharmonic_1.00/bands.csv.gz), all transitions incl. overtones/combinations"
tetracene,4049.92,0.0,282,"PAHdb Anharmonic v1.00 (Module 02 out/anharmonic_1.00/bands.csv.gz), all transitions incl. overtones/combinations"
tetracene,4063.65,0.0286721,282,"PAHdb Anharmonic v1.00 (Module 02 out/anharmonic_1.00/bands.csv.gz), all transitions incl. overtones/combinations"
tetracene,4064.23,0.0,282,"PAHdb Anharmonic v1.00 (Module 02 out/anharmonic_1.00/bands.csv.gz), all transitions incl. overtones/combinations"
tetracene,4064.99,0.0,282,"PAHdb Anharmonic v1.00 (Module 02 out/anharmonic_1.00/bands.csv.gz), all transitions incl. overtones/combinations"
tetracene,4065.57,0.0397114,282,"PAHdb Anharmonic v1.00 (Module 02 out/anharmonic_1.00/bands.csv.gz), all transitions incl. overtones/combinations"
tetracene,4073.46,0.268813,282,"PAHdb Anharmonic v1.00 (Module 02 out/anharmonic_1.00/bands.csv.gz), all transitions incl. overtones/combinations"
tetracene,4074.49,0.0,282,"PAHdb Anharmonic v1.00 (Module 02 out/anharmonic_1.00/bands.csv.gz), all transitions incl. overtones/combinations"
tetracene,4074.82,0.0,282,"PAHdb Anharmonic v1.00 (Module 02 out/anharmonic_1.00/bands.csv.gz), all transitions incl. overtones/combinations"
tetracene,4075.85,0.263825,282,"PAHdb Anharmonic v1.00 (Module 02 out/anharmonic_1.00/bands.csv.gz), all transitions incl. overtones/combinations"
tetracene,4161.59,0.00454304,282,"PAHdb Anharmonic v1.00 (Module 02 out/anharmonic_1.00/bands.csv.gz), all transitions incl. overtones/combinations"
tetracene,4163.25,0.0,282,"PAHdb Anharmonic v1.00 (Module 02 out/anharmonic_1.00/bands.csv.gz), all transitions incl. overtones/combinations"
tetracene,4163.92,0.00139553,282,"PAHdb Anharmonic v1.00 (Module 02 out/anharmonic_1.00/bands.csv.gz), all transitions incl. overtones/combinations"
tetracene,4164.02,0.0,282,"PAHdb Anharmonic v1.00 (Module 02 out/anharmonic_1.00/bands.csv.gz), all transitions incl. overtones/combinations"
tetracene,4165.08,0.0229835,282,"PAHdb Anharmonic v1.00 (Module 02 out/anharmonic_1.00/bands.csv.gz), all transitions incl. overtones/combinations"
tetracene,4165.16,0.0,282,"PAHdb Anharmonic v1.00 (Module 02 out/anharmonic_1.00/bands.csv.gz), all transitions incl. overtones/combinations"
tetracene,4165.65,0.0,282,"PAHdb Anharmonic v1.00 (Module 02 out/anharmonic_1.00/bands.csv.gz), all transitions incl. overtones/combinations"
tetracene,4165.67,0.00662978,282,"PAHdb Anharmonic v1.00 (Module 02 out/anharmonic_1.00/bands.csv.gz), all transitions incl. overtones/combinations"
tetracene,4167.63,0.0,282,"PAHdb Anharmonic v1.00 (Module 02 out/anharmonic_1.00/bands.csv.gz), all transitions incl. overtones/combinations"
tetracene,4167.93,0.0,282,"PAHdb Anharmonic v1.00 (Module 02 out/anharmonic_1.00/bands.csv.gz), all transitions incl. overtones/combinations"
tetracene,4167.96,0.130341,282,"PAHdb Anharmonic v1.00 (Module 02 out/anharmonic_1.00/bands.csv.gz), all transitions incl. overtones/combinations"
tetracene,4168.5,0.00676856,282,"PAHdb Anharmonic v1.00 (Module 02 out/anharmonic_1.00/bands.csv.gz), all transitions incl. overtones/combinations"
tetracene,4168.79,0.0,282,"PAHdb Anharmonic v1.00 (Module 02 out/anharmonic_1.00/bands.csv.gz), all transitions incl. overtones/combinations"
tetracene,4168.9,1.941e-05,282,"PAHdb Anharmonic v1.00 (Module 02 out/anharmonic_1.00/bands.csv.gz), all transitions incl. overtones/combinations"
tetracene,4169.73,0.0,282,"PAHdb Anharmonic v1.00 (Module 02 out/anharmonic_1.00/bands.csv.gz), all transitions incl. overtones/combinations"
tetracene,4169.93,0.0,282,"PAHdb Anharmonic v1.00 (Module 02 out/anharmonic_1.00/bands.csv.gz), all transitions incl. overtones/combinations"
tetracene,4170.07,0.0554635,282,"PAHdb Anharmonic v1.00 (Module 02 out/anharmonic_1.00/bands.csv.gz), all transitions incl. overtones/combinations"
tetracene,4170.78,0.00970019,282,"PAHdb Anharmonic v1.00 (Module 02 out/anharmonic_1.00/bands.csv.gz), all transitions incl. overtones/combinations"
tetracene,4170.93,0.0,282,"PAHdb Anharmonic v1.00 (Module 02 out/anharmonic_1.00/bands.csv.gz), all transitions incl. overtones/combinations"
tetracene,4171.56,0.159227,282,"PAHdb Anharmonic v1.00 (Module 02 out/anharmonic_1.00/bands.csv.gz), all transitions incl. overtones/combinations"
tetracene,4172.5,0.310617,282,"PAHdb Anharmonic v1.00 (Module 02 out/anharmonic_1.00/bands.csv.gz), all transitions incl. overtones/combinations"
tetracene,4173.23,0.0,282,"PAHdb Anharmonic v1.00 (Module 02 out/anharmonic_1.00/bands.csv.gz), all transitions incl. overtones/combinations"
tetracene,4174.3,0.0,282,"PAHdb Anharmonic v1.00 (Module 02 out/anharmonic_1.00/bands.csv.gz), all transitions incl. overtones/combinations"
tetracene,4174.93,0.00726997,282,"PAHdb Anharmonic v1.00 (Module 02 out/anharmonic_1.00/bands.csv.gz), all transitions incl. overtones/combinations"
tetracene,4185.76,0.00041183,282,"PAHdb Anharmonic v1.00 (Module 02 out/anharmonic_1.00/bands.csv.gz), all transitions incl. overtones/combinations"
tetracene,4186.35,0.0,282,"PAHdb Anharmonic v1.00 (Module 02 out/anharmonic_1.00/bands.csv.gz), all transitions incl. overtones/combinations"
tetracene,4188.75,0.0,282,"PAHdb Anharmonic v1.00 (Module 02 out/anharmonic_1.00/bands.csv.gz), all transitions incl. overtones/combinations"
tetracene,4189.33,0.0115043,282,"PAHdb Anharmonic v1.00 (Module 02 out/anharmonic_1.00/bands.csv.gz), all transitions incl. overtones/combinations"
tetracene,4190.21,0.018227,282,"PAHdb Anharmonic v1.00 (Module 02 out/anharmonic_1.00/bands.csv.gz), all transitions incl. overtones/combinations"
tetracene,4190.78,0.0,282,"PAHdb Anharmonic v1.00 (Module 02 out/anharmonic_1.00/bands.csv.gz), all transitions incl. overtones/combinations"
tetracene,4195.08,0.00918309,282,"PAHdb Anharmonic v1.00 (Module 02 out/anharmonic_1.00/bands.csv.gz), all transitions incl. overtones/combinations"
tetracene,4196.1,0.0,282,"PAHdb Anharmonic v1.00 (Module 02 out/anharmonic_1.00/bands.csv.gz), all transitions incl. overtones/combinations"
tetracene,4198.15,0.0,282,"PAHdb Anharmonic v1.00 (Module 02 out/anharmonic_1.00/bands.csv.gz), all transitions incl. overtones/combinations"
tetracene,4199.17,0.00353833,282,"PAHdb Anharmonic v1.00 (Module 02 out/anharmonic_1.00/bands.csv.gz), all transitions incl. overtones/combinations"
tetracene,4200.0,0.0112319,282,"PAHdb Anharmonic v1.00 (Module 02 out/anharmonic_1.00/bands.csv.gz), all transitions incl. overtones/combinations"
tetracene,4200.34,0.0,282,"PAHdb Anharmonic v1.00 (Module 02 out/anharmonic_1.00/bands.csv.gz), all transitions incl. overtones/combinations"
tetracene,4201.03,0.0,282,"PAHdb Anharmonic v1.00 (Module 02 out/anharmonic_1.00/bands.csv.gz), all transitions incl. overtones/combinations"
tetracene,4201.93,0.00012012,282,"PAHdb Anharmonic v1.00 (Module 02 out/anharmonic_1.00/bands.csv.gz), all transitions incl. overtones/combinations"
tetracene,4202.33,0.00325624,282,"PAHdb Anharmonic v1.00 (Module 02 out/anharmonic_1.00/bands.csv.gz), all transitions incl. overtones/combinations"
tetracene,4203.13,0.0,282,"PAHdb Anharmonic v1.00 (Module 02 out/anharmonic_1.00/bands.csv.gz), all transitions incl. overtones/combinations"
tetracene,4203.28,0.00385794,282,"PAHdb Anharmonic v1.00 (Module 02 out/anharmonic_1.00/bands.csv.gz), all transitions incl. overtones/combinations"
tetracene,4204.0,0.0,282,"PAHdb Anharmonic v1.00 (Module 02 out/anharmonic_1.00/bands.csv.gz), all transitions incl. overtones/combinations"
tetracene,4206.34,0.0,282,"PAHdb Anharmonic v1.00 (Module 02 out/anharmonic_1.00/bands.csv.gz), all transitions incl. overtones/combinations"
tetracene,4206.36,0.00425458,282,"PAHdb Anharmonic v1.00 (Module 02 out/anharmonic_1.00/bands.csv.gz), all transitions incl. overtones/combinations"
tetracene,4206.38,0.00012572,282,"PAHdb Anharmonic v1.00 (Module 02 out/anharmonic_1.00/bands.csv.gz), all transitions incl. overtones/combinations"
tetracene,4207.22,0.0,282,"PAHdb Anharmonic v1.00 (Module 02 out/anharmonic_1.00/bands.csv.gz), all transitions incl. overtones/combinations"
tetracene,4208.09,0.00102394,282,"PAHdb Anharmonic v1.00 (Module 02 out/anharmonic_1.00/bands.csv.gz), all transitions incl. overtones/combinations"
tetracene,4208.32,0.0,282,"PAHdb Anharmonic v1.00 (Module 02 out/anharmonic_1.00/bands.csv.gz), all transitions incl. overtones/combinations"
tetracene,4209.15,4.975e-05,282,"PAHdb Anharmonic v1.00 (Module 02 out/anharmonic_1.00/bands.csv.gz), all transitions incl. overtones/combinations"
tetracene,4209.96,0.0,282,"PAHdb Anharmonic v1.00 (Module 02 out/anharmonic_1.00/bands.csv.gz), all transitions incl. overtones/combinations"
tetracene,4211.3,0.0,282,"PAHdb Anharmonic v1.00 (Module 02 out/anharmonic_1.00/bands.csv.gz), all transitions incl. overtones/combinations"
tetracene,4213.03,0.00378348,282,"PAHdb Anharmonic v1.00 (Module 02 out/anharmonic_1.00/bands.csv.gz), all transitions incl. overtones/combinations"
tetracene,4215.7,0.0,282,"PAHdb Anharmonic v1.00 (Module 02 out/anharmonic_1.00/bands.csv.gz), all transitions incl. overtones/combinations"
tetracene,4217.23,0.00879494,282,"PAHdb Anharmonic v1.00 (Module 02 out/anharmonic_1.00/bands.csv.gz), all transitions incl. overtones/combinations"
tetracene,4220.13,0.088658,282,"PAHdb Anharmonic v1.00 (Module 02 out/anharmonic_1.00/bands.csv.gz), all transitions incl. overtones/combinations"
tetracene,4220.24,0.0,282,"PAHdb Anharmonic v1.00 (Module 02 out/anharmonic_1.00/bands.csv.gz), all transitions incl. overtones/combinations"
tetracene,4221.75,0.00956297,282,"PAHdb Anharmonic v1.00 (Module 02 out/anharmonic_1.00/bands.csv.gz), all transitions incl. overtones/combinations"
tetracene,4222.55,0.0,282,"PAHdb Anharmonic v1.00 (Module 02 out/anharmonic_1.00/bands.csv.gz), all transitions incl. overtones/combinations"
tetracene,4224.11,0.0,282,"PAHdb Anharmonic v1.00 (Module 02 out/anharmonic_1.00/bands.csv.gz), all transitions incl. overtones/combinations"
tetracene,4224.4,0.00166156,282,"PAHdb Anharmonic v1.00 (Module 02 out/anharmonic_1.00/bands.csv.gz), all transitions incl. overtones/combinations"
tetracene,4224.7,0.00478407,282,"PAHdb Anharmonic v1.00 (Module 02 out/anharmonic_1.00/bands.csv.gz), all transitions incl. overtones/combinations"
tetracene,4226.15,0.0,282,"PAHdb Anharmonic v1.00 (Module 02 out/anharmonic_1.00/bands.csv.gz), all transitions incl. overtones/combinations"
tetracene,4227.26,0.00087076,282,"PAHdb Anharmonic v1.00 (Module 02 out/anharmonic_1.00/bands.csv.gz), all transitions incl. overtones/combinations"
tetracene,4227.85,0.0,282,"PAHdb Anharmonic v1.00 (Module 02 out/anharmonic_1.00/bands.csv.gz), all transitions incl. overtones/combinations"
tetracene,4233.31,0.0,282,"PAHdb Anharmonic v1.00 (Module 02 out/anharmonic_1.00/bands.csv.gz), all transitions incl. overtones/combinations"
tetracene,4234.31,0.00187936,282,"PAHdb Anharmonic v1.00 (Module 02 out/anharmonic_1.00/bands.csv.gz), all transitions incl. overtones/combinations"
tetracene,4235.63,2.566e-05,282,"PAHdb Anharmonic v1.00 (Module 02 out/anharmonic_1.00/bands.csv.gz), all transitions incl. overtones/combinations"
tetracene,4236.48,2.23e-05,282,"PAHdb Anharmonic v1.00 (Module 02 out/anharmonic_1.00/bands.csv.gz), all transitions incl. overtones/combinations"
tetracene,4236.5,0.0,282,"PAHdb Anharmonic v1.00 (Module 02 out/anharmonic_1.00/bands.csv.gz), all transitions incl. overtones/combinations"
tetracene,4237.2,0.0,282,"PAHdb Anharmonic v1.00 (Module 02 out/anharmonic_1.00/bands.csv.gz), all transitions incl. overtones/combinations"
tetracene,4237.5,0.0,282,"PAHdb Anharmonic v1.00 (Module 02 out/anharmonic_1.00/bands.csv.gz), all transitions incl. overtones/combinations"
tetracene,4238.14,0.00250312,282,"PAHdb Anharmonic v1.00 (Module 02 out/anharmonic_1.00/bands.csv.gz), all transitions incl. overtones/combinations"
tetracene,4238.45,0.00033629,282,"PAHdb Anharmonic v1.00 (Module 02 out/anharmonic_1.00/bands.csv.gz), all transitions incl. overtones/combinations"
tetracene,4238.64,0.0,282,"PAHdb Anharmonic v1.00 (Module 02 out/anharmonic_1.00/bands.csv.gz), all transitions incl. overtones/combinations"
tetracene,4241.16,0.00440027,282,"PAHdb Anharmonic v1.00 (Module 02 out/anharmonic_1.00/bands.csv.gz), all transitions incl. overtones/combinations"
tetracene,4241.25,0.0,282,"PAHdb Anharmonic v1.00 (Module 02 out/anharmonic_1.00/bands.csv.gz), all transitions incl. overtones/combinations"
tetracene,4241.71,0.0,282,"PAHdb Anharmonic v1.00 (Module 02 out/anharmonic_1.00/bands.csv.gz), all transitions incl. overtones/combinations"
tetracene,4241.73,0.0,282,"PAHdb Anharmonic v1.00 (Module 02 out/anharmonic_1.00/bands.csv.gz), all transitions incl. overtones/combinations"
tetracene,4242.24,0.00235674,282,"PAHdb Anharmonic v1.00 (Module 02 out/anharmonic_1.00/bands.csv.gz), all transitions incl. overtones/combinations"
tetracene,4242.27,0.00434165,282,"PAHdb Anharmonic v1.00 (Module 02 out/anharmonic_1.00/bands.csv.gz), all transitions incl. overtones/combinations"
tetracene,4242.4,0.00071572,282,"PAHdb Anharmonic v1.00 (Module 02 out/anharmonic_1.00/bands.csv.gz), all transitions incl. overtones/combinations"
tetracene,4242.5,0.0,282,"PAHdb Anharmonic v1.00 (Module 02 out/anharmonic_1.00/bands.csv.gz), all transitions incl. overtones/combinations"
tetracene,4243.25,0.0,282,"PAHdb Anharmonic v1.00 (Module 02 out/anharmonic_1.00/bands.csv.gz), all transitions incl. overtones/combinations"
tetracene,4244.49,0.0108421,282,"PAHdb Anharmonic v1.00 (Module 02 out/anharmonic_1.00/bands.csv.gz), all transitions incl. overtones/combinations"
tetracene,4245.4,0.0174456,282,"PAHdb Anharmonic v1.00 (Module 02 out/anharmonic_1.00/bands.csv.gz), all transitions incl. overtones/combinations"
tetracene,4247.13,0.0,282,"PAHdb Anharmonic v1.00 (Module 02 out/anharmonic_1.00/bands.csv.gz), all transitions incl. overtones/combinations"
tetracene,4251.73,0.0,282,"PAHdb Anharmonic v1.00 (Module 02 out/anharmonic_1.00/bands.csv.gz), all transitions incl. overtones/combinations"
tetracene,4252.76,8.453e-05,282,"PAHdb Anharmonic v1.00 (Module 02 out/anharmonic_1.00/bands.csv.gz), all transitions incl. overtones/combinations"
tetracene,4260.05,0.00723061,282,"PAHdb Anharmonic v1.00 (Module 02 out/anharmonic_1.00/bands.csv.gz), all transitions incl. overtones/combinations"
tetracene,4260.62,0.0,282,"PAHdb Anharmonic v1.00 (Module 02 out/anharmonic_1.00/bands.csv.gz), all transitions incl. overtones/combinations"
tetracene,4262.44,0.0,282,"PAHdb Anharmonic v1.00 (Module 02 out/anharmonic_1.00/bands.csv.gz), all transitions incl. overtones/combinations"
tetracene,4263.02,0.00049645,282,"PAHdb Anharmonic v1.00 (Module 02 out/anharmonic_1.00/bands.csv.gz), all transitions incl. overtones/combinations"
tetracene,4270.26,0.00241594,282,"PAHdb Anharmonic v1.00 (Module 02 out/anharmonic_1.00/bands.csv.gz), all transitions incl. overtones/combinations"
tetracene,4271.29,0.0,282,"PAHdb Anharmonic v1.00 (Module 02 out/anharmonic_1.00/bands.csv.gz), all transitions incl. overtones/combinations"
tetracene,4272.32,0.0,282,"PAHdb Anharmonic v1.00 (Module 02 out/anharmonic_1.00/bands.csv.gz), all transitions incl. overtones/combinations"
tetracene,4273.35,0.00083715,282,"PAHdb Anharmonic v1.00 (Module 02 out/anharmonic_1.00/bands.csv.gz), all transitions incl. overtones/combinations"
tetracene,4298.43,0.0,282,"PAHdb Anharmonic v1.00 (Module 02 out/anharmonic_1.00/bands.csv.gz), all transitions incl. overtones/combinations"
tetracene,4299.96,0.0261614,282,"PAHdb Anharmonic v1.00 (Module 02 out/anharmonic_1.00/bands.csv.gz), all transitions incl. overtones/combinations"
tetracene,4303.69,0.0597395,282,"PAHdb Anharmonic v1.00 (Module 02 out/anharmonic_1.00/bands.csv.gz), all transitions incl. overtones/combinations"
tetracene,4303.86,0.0,282,"PAHdb Anharmonic v1.00 (Module 02 out/anharmonic_1.00/bands.csv.gz), all transitions incl. overtones/combinations"
tetracene,4304.57,0.15086,282,"PAHdb Anharmonic v1.00 (Module 02 out/anharmonic_1.00/bands.csv.gz), all transitions incl. overtones/combinations"
tetracene,4305.31,0.0252781,282,"PAHdb Anharmonic v1.00 (Module 02 out/anharmonic_1.00/bands.csv.gz), all transitions incl. overtones/combinations"
tetracene,4305.45,0.0,282,"PAHdb Anharmonic v1.00 (Module 02 out/anharmonic_1.00/bands.csv.gz), all transitions incl. overtones/combinations"
tetracene,4307.46,0.0,282,"PAHdb Anharmonic v1.00 (Module 02 out/anharmonic_1.00/bands.csv.gz), all transitions incl. overtones/combinations"
tetracene,4308.03,0.157364,282,"PAHdb Anharmonic v1.00 (Module 02 out/anharmonic_1.00/bands.csv.gz), all transitions incl. overtones/combinations"
tetracene,4309.74,0.0,282,"PAHdb Anharmonic v1.00 (Module 02 out/anharmonic_1.00/bands.csv.gz), all transitions incl. overtones/combinations"
tetracene,4311.79,0.0,282,"PAHdb Anharmonic v1.00 (Module 02 out/anharmonic_1.00/bands.csv.gz), all transitions incl. overtones/combinations"
tetracene,4312.36,0.203538,282,"PAHdb Anharmonic v1.00 (Module 02 out/anharmonic_1.00/bands.csv.gz), all transitions incl. overtones/combinations"
tetracene,4312.71,0.0,282,"PAHdb Anharmonic v1.00 (Module 02 out/anharmonic_1.00/bands.csv.gz), all transitions incl. overtones/combinations"
tetracene,4313.18,0.00061362,282,"PAHdb Anharmonic v1.00 (Module 02 out/anharmonic_1.00/bands.csv.gz), all transitions incl. overtones/combinations"
tetracene,4317.64,0.0,282,"PAHdb Anharmonic v1.00 (Module 02 out/anharmonic_1.00/bands.csv.gz), all transitions incl. overtones/combinations"
tetracene,4319.09,0.00076736,282,"PAHdb Anharmonic v1.00 (Module 02 out/anharmonic_1.00/bands.csv.gz), all transitions incl. overtones/combinations"
tetracene,4322.76,2.816e-05,282,"PAHdb Anharmonic v1.00 (Module 02 out/anharmonic_1.00/bands.csv.gz), all transitions incl. overtones/combinations"
tetracene,4324.69,0.0,282,"PAHdb Anharmonic v1.00 (Module 02 out/anharmonic_1.00/bands.csv.gz), all transitions incl. overtones/combinations"
tetracene,4325.37,0.0,282,"PAHdb Anharmonic v1.00 (Module 02 out/anharmonic_1.00/bands.csv.gz), all transitions incl. overtones/combinations"
tetracene,4325.94,0.015073,282,"PAHdb Anharmonic v1.00 (Module 02 out/anharmonic_1.00/bands.csv.gz), all transitions incl. overtones/combinations"
tetracene,4327.73,0.0,282,"PAHdb Anharmonic v1.00 (Module 02 out/anharmonic_1.00/bands.csv.gz), all transitions incl. overtones/combinations"
tetracene,4327.8,0.188508,282,"PAHdb Anharmonic v1.00 (Module 02 out/anharmonic_1.00/bands.csv.gz), all transitions incl. overtones/combinations"
tetracene,4328.05,0.00163622,282,"PAHdb Anharmonic v1.00 (Module 02 out/anharmonic_1.00/bands.csv.gz), all transitions incl. overtones/combinations"
tetracene,4328.93,0.0,282,"PAHdb Anharmonic v1.00 (Module 02 out/anharmonic_1.00/bands.csv.gz), all transitions incl. overtones/combinations"
tetracene,4329.59,0.0,282,"PAHdb Anharmonic v1.00 (Module 02 out/anharmonic_1.00/bands.csv.gz), all transitions incl. overtones/combinations"
tetracene,4329.67,0.224217,282,"PAHdb Anharmonic v1.00 (Module 02 out/anharmonic_1.00/bands.csv.gz), all transitions incl. overtones/combinations"
tetracene,4331.9,0.0,282,"PAHdb Anharmonic v1.00 (Module 02 out/anharmonic_1.00/bands.csv.gz), all transitions incl. overtones/combinations"
tetracene,4331.92,0.00838094,282,"PAHdb Anharmonic v1.00 (Module 02 out/anharmonic_1.00/bands.csv.gz), all transitions incl. overtones/combinations"
tetracene,4332.0,0.0,282,"PAHdb Anharmonic v1.00 (Module 02 out/anharmonic_1.00/bands.csv.gz), all transitions incl. overtones/combinations"
tetracene,4333.8,0.340125,282,"PAHdb Anharmonic v1.00 (Module 02 out/anharmonic_1.00/bands.csv.gz), all transitions incl. overtones/combinations"
tetracene,4334.19,0.0,282,"PAHdb Anharmonic v1.00 (Module 02 out/anharmonic_1.00/bands.csv.gz), all transitions incl. overtones/combinations"
tetracene,4334.4,0.0061938,282,"PAHdb Anharmonic v1.00 (Module 02 out/anharmonic_1.00/bands.csv.gz), all transitions incl. overtones/combinations"
tetracene,4334.97,0.0,282,"PAHdb Anharmonic v1.00 (Module 02 out/anharmonic_1.00/bands.csv.gz), all transitions incl. overtones/combinations"
tetracene,4334.97,0.00173006,282,"PAHdb Anharmonic v1.00 (Module 02 out/anharmonic_1.00/bands.csv.gz), all transitions incl. overtones/combinations"
tetracene,4335.4,0.0,282,"PAHdb Anharmonic v1.00 (Module 02 out/anharmonic_1.00/bands.csv.gz), all transitions incl. overtones/combinations"
tetracene,4336.43,0.00246601,282,"PAHdb Anharmonic v1.00 (Module 02 out/anharmonic_1.00/bands.csv.gz), all transitions incl. overtones/combinations"
tetracene,4336.44,0.0,282,"PAHdb Anharmonic v1.00 (Module 02 out/anharmonic_1.00/bands.csv.gz), all transitions incl. overtones/combinations"
tetracene,4338.27,0.00322349,282,"PAHdb Anharmonic v1.00 (Module 02 out/anharmonic_1.00/bands.csv.gz), all transitions incl. overtones/combinations"
tetracene,4344.1,0.00022516,282,"PAHdb Anharmonic v1.00 (Module 02 out/anharmonic_1.00/bands.csv.gz), all transitions incl. overtones/combinations"
tetracene,4345.12,0.0,282,"PAHdb Anharmonic v1.00 (Module 02 out/anharmonic_1.00/bands.csv.gz), all transitions incl. overtones/combinations"
tetracene,4349.08,0.0534031,282,"PAHdb Anharmonic v1.00 (Module 02 out/anharmonic_1.00/bands.csv.gz), all transitions incl. overtones/combinations"
tetracene,4349.66,0.0,282,"PAHdb Anharmonic v1.00 (Module 02 out/anharmonic_1.00/bands.csv.gz), all transitions incl. overtones/combinations"
tetracene,4353.21,0.00380534,282,"PAHdb Anharmonic v1.00 (Module 02 out/anharmonic_1.00/bands.csv.gz), all transitions incl. overtones/combinations"
tetracene,4353.81,0.0,282,"PAHdb Anharmonic v1.00 (Module 02 out/anharmonic_1.00/bands.csv.gz), all transitions incl. overtones/combinations"
tetracene,4358.93,0.00060485,282,"PAHdb Anharmonic v1.00 (Module 02 out/anharmonic_1.00/bands.csv.gz), all transitions incl. overtones/combinations"
tetracene,4359.95,0.0,282,"PAHdb Anharmonic v1.00 (Module 02 out/anharmonic_1.00/bands.csv.gz), all transitions incl. overtones/combinations"
tetracene,4363.08,0.00050814,282,"PAHdb Anharmonic v1.00 (Module 02 out/anharmonic_1.00/bands.csv.gz), all transitions incl. overtones/combinations"
tetracene,4364.11,0.0,282,"PAHdb Anharmonic v1.00 (Module 02 out/anharmonic_1.00/bands.csv.gz), all transitions incl. overtones/combinations"
tetracene,4364.28,0.0,282,"PAHdb Anharmonic v1.00 (Module 02 out/anharmonic_1.00/bands.csv.gz), all transitions incl. overtones/combinations"
tetracene,4366.02,0.0362936,282,"PAHdb Anharmonic v1.00 (Module 02 out/anharmonic_1.00/bands.csv.gz), all transitions incl. overtones/combinations"
tetracene,4368.61,0.160288,282,"PAHdb Anharmonic v1.00 (Module 02 out/anharmonic_1.00/bands.csv.gz), all transitions incl. overtones/combinations"
tetracene,4368.67,0.0,282,"PAHdb Anharmonic v1.00 (Module 02 out/anharmonic_1.00/bands.csv.gz), all transitions incl. overtones/combinations"
tetracene,4370.22,0.00175737,282,"PAHdb Anharmonic v1.00 (Module 02 out/anharmonic_1.00/bands.csv.gz), all transitions incl. overtones/combinations"
tetracene,4371.02,0.0,282,"PAHdb Anharmonic v1.00 (Module 02 out/anharmonic_1.00/bands.csv.gz), all transitions incl. overtones/combinations"
tetracene,4372.22,0.0904757,282,"PAHdb Anharmonic v1.00 (Module 02 out/anharmonic_1.00/bands.csv.gz), all transitions incl. overtones/combinations"
tetracene,4373.55,0.0,282,"PAHdb Anharmonic v1.00 (Module 02 out/anharmonic_1.00/bands.csv.gz), all transitions incl. overtones/combinations"
tetracene,4382.32,0.0109501,282,"PAHdb Anharmonic v1.00 (Module 02 out/anharmonic_1.00/bands.csv.gz), all transitions incl. overtones/combinations"
tetracene,4383.65,0.0,282,"PAHdb Anharmonic v1.00 (Module 02 out/anharmonic_1.00/bands.csv.gz), all transitions incl. overtones/combinations"
tetracene,4387.16,0.0,282,"PAHdb Anharmonic v1.00 (Module 02 out/anharmonic_1.00/bands.csv.gz), all transitions incl. overtones/combinations"
tetracene,4387.33,0.034481,282,"PAHdb Anharmonic v1.00 (Module 02 out/anharmonic_1.00/bands.csv.gz), all transitions incl. overtones/combinations"
tetracene,4389.03,0.0,282,"PAHdb Anharmonic v1.00 (Module 02 out/anharmonic_1.00/bands.csv.gz), all transitions incl. overtones/combinations"
tetracene,4389.62,0.154736,282,"PAHdb Anharmonic v1.00 (Module 02 out/anharmonic_1.00/bands.csv.gz), all transitions incl. overtones/combinations"
tetracene,4391.51,0.0,282,"PAHdb Anharmonic v1.00 (Module 02 out/anharmonic_1.00/bands.csv.gz), all transitions incl. overtones/combinations"
tetracene,4391.54,0.0470847,282,"PAHdb Anharmonic v1.00 (Module 02 out/anharmonic_1.00/bands.csv.gz), all transitions incl. overtones/combinations"
tetracene,4392.05,0.0,282,"PAHdb Anharmonic v1.00 (Module 02 out/anharmonic_1.00/bands.csv.gz), all transitions incl. overtones/combinations"
tetracene,4393.88,0.109376,282,"PAHdb Anharmonic v1.00 (Module 02 out/anharmonic_1.00/bands.csv.gz), all transitions incl. overtones/combinations"
tetracene,4398.07,0.0,282,"PAHdb Anharmonic v1.00 (Module 02 out/anharmonic_1.00/bands.csv.gz), all transitions incl. overtones/combinations"
tetracene,4399.22,3.889e-05,282,"PAHdb Anharmonic v1.00 (Module 02 out/anharmonic_1.00/bands.csv.gz), all transitions incl. overtones/combinations"
tetracene,4408.45,0.0317151,282,"PAHdb Anharmonic v1.00 (Module 02 out/anharmonic_1.00/bands.csv.gz), all transitions incl. overtones/combinations"
tetracene,4408.81,0.0,282,"PAHdb Anharmonic v1.00 (Module 02 out/anharmonic_1.00/bands.csv.gz), all transitions incl. overtones/combinations"
tetracene,4418.06,0.0,282,"PAHdb Anharmonic v1.00 (Module 02 out/anharmonic_1.00/bands.csv.gz), all transitions incl. overtones/combinations"
tetracene,4418.53,0.00022269,282,"PAHdb Anharmonic v1.00 (Module 02 out/anharmonic_1.00/bands.csv.gz), all transitions incl. overtones/combinations"
tetracene,4419.05,0.00288364,282,"PAHdb Anharmonic v1.00 (Module 02 out/anharmonic_1.00/bands.csv.gz), all transitions incl. overtones/combinations"
tetracene,4419.57,0.0,282,"PAHdb Anharmonic v1.00 (Module 02 out/anharmonic_1.00/bands.csv.gz), all transitions incl. overtones/combinations"
tetracene,4419.92,0.184267,282,"PAHdb Anharmonic v1.00 (Module 02 out/anharmonic_1.00/bands.csv.gz), all transitions incl. overtones/combinations"
tetracene,4420.47,0.0,282,"PAHdb Anharmonic v1.00 (Module 02 out/anharmonic_1.00/bands.csv.gz), all transitions incl. overtones/combinations"
tetracene,4421.83,0.0817885,282,"PAHdb Anharmonic v1.00 (Module 02 out/anharmonic_1.00/bands.csv.gz), all transitions incl. overtones/combinations"
tetracene,4421.88,0.0,282,"PAHdb Anharmonic v1.00 (Module 02 out/anharmonic_1.00/bands.csv.gz), all transitions incl. overtones/combinations"
tetracene,4423.01,0.0046707,282,"PAHdb Anharmonic v1.00 (Module 02 out/anharmonic_1.00/bands.csv.gz), all transitions incl. overtones/combinations"
tetracene,4423.16,0.0,282,"PAHdb Anharmonic v1.00 (Module 02 out/anharmonic_1.00/bands.csv.gz), all transitions incl. overtones/combinations"
tetracene,4424.22,0.00093217,282,"PAHdb Anharmonic v1.00 (Module 02 out/anharmonic_1.00/bands.csv.gz), all transitions incl. overtones/combinations"
tetracene,4424.58,0.0,282,"PAHdb Anharmonic v1.00 (Module 02 out/anharmonic_1.00/bands.csv.gz), all transitions incl. overtones/combinations"
tetracene,4425.13,0.0,282,"PAHdb Anharmonic v1.00 (Module 02 out/anharmonic_1.00/bands.csv.gz), all transitions incl. overtones/combinations"
tetracene,4425.45,0.00290128,282,"PAHdb Anharmonic v1.00 (Module 02 out/anharmonic_1.00/bands.csv.gz), all transitions incl. overtones/combinations"
tetracene,4425.82,0.0,282,"PAHdb Anharmonic v1.00 (Module 02 out/anharmonic_1.00/bands.csv.gz), all transitions incl. overtones/combinations"
tetracene,4427.55,0.00146516,282,"PAHdb Anharmonic v1.00 (Module 02 out/anharmonic_1.00/bands.csv.gz), all transitions incl. overtones/combinations"
tetracene,4427.66,0.0169151,282,"PAHdb Anharmonic v1.00 (Module 02 out/anharmonic_1.00/bands.csv.gz), all transitions incl. overtones/combinations"
tetracene,4428.74,0.0,282,"PAHdb Anharmonic v1.00 (Module 02 out/anharmonic_1.00/bands.csv.gz), all transitions incl. overtones/combinations"
tetracene,4429.2,0.0,282,"PAHdb Anharmonic v1.00 (Module 02 out/anharmonic_1.00/bands.csv.gz), all transitions incl. overtones/combinations"
tetracene,4430.98,0.0237459,282,"PAHdb Anharmonic v1.00 (Module 02 out/anharmonic_1.00/bands.csv.gz), all transitions incl. overtones/combinations"
tetracene,4434.85,0.0368656,282,"PAHdb Anharmonic v1.00 (Module 02 out/anharmonic_1.00/bands.csv.gz), all transitions incl. overtones/combinations"
tetracene,4435.24,0.0,282,"PAHdb Anharmonic v1.00 (Module 02 out/anharmonic_1.00/bands.csv.gz), all transitions incl. overtones/combinations"
tetracene,4435.51,0.00075503,282,"PAHdb Anharmonic v1.00 (Module 02 out/anharmonic_1.00/bands.csv.gz), all transitions incl. overtones/combinations"
tetracene,4436.26,0.0,282,"PAHdb Anharmonic v1.00 (Module 02 out/anharmonic_1.00/bands.csv.gz), all transitions incl. overtones/combinations"
tetracene,4436.53,0.171535,282,"PAHdb Anharmonic v1.00 (Module 02 out/anharmonic_1.00/bands.csv.gz), all transitions incl. overtones/combinations"
tetracene,4438.39,0.0,282,"PAHdb Anharmonic v1.00 (Module 02 out/anharmonic_1.00/bands.csv.gz), all transitions incl. overtones/combinations"
tetracene,4439.56,0.0291898,282,"PAHdb Anharmonic v1.00 (Module 02 out/anharmonic_1.00/bands.csv.gz), all transitions incl. overtones/combinations"
tetracene,4440.99,0.0,282,"PAHdb Anharmonic v1.00 (Module 02 out/anharmonic_1.00/bands.csv.gz), all transitions incl. overtones/combinations"
tetracene,4441.92,0.0,282,"PAHdb Anharmonic v1.00 (Module 02 out/anharmonic_1.00/bands.csv.gz), all transitions incl. overtones/combinations"
tetracene,4442.09,0.0735371,282,"PAHdb Anharmonic v1.00 (Module 02 out/anharmonic_1.00/bands.csv.gz), all transitions incl. overtones/combinations"
tetracene,4442.56,0.0,282,"PAHdb Anharmonic v1.00 (Module 02 out/anharmonic_1.00/bands.csv.gz), all transitions incl. overtones/combinations"
tetracene,4443.64,0.0887671,282,"PAHdb Anharmonic v1.00 (Module 02 out/anharmonic_1.00/bands.csv.gz), all transitions incl. overtones/combinations"
tetracene,4443.64,0.0101203,282,"PAHdb Anharmonic v1.00 (Module 02 out/anharmonic_1.00/bands.csv.gz), all transitions incl. overtones/combinations"
tetracene,4444.15,0.0,282,"PAHdb Anharmonic v1.00 (Module 02 out/anharmonic_1.00/bands.csv.gz), all transitions incl. overtones/combinations"
tetracene,4444.41,0.0,282,"PAHdb Anharmonic v1.00 (Module 02 out/anharmonic_1.00/bands.csv.gz), all transitions incl. overtones/combinations"
tetracene,4444.68,0.0172954,282,"PAHdb Anharmonic v1.00 (Module 02 out/anharmonic_1.00/bands.csv.gz), all transitions incl. overtones/combinations"
tetracene,4446.75,0.0,282,"PAHdb Anharmonic v1.00 (Module 02 out/anharmonic_1.00/bands.csv.gz), all transitions incl. overtones/combinations"
tetracene,4448.51,0.0193915,282,"PAHdb Anharmonic v1.00 (Module 02 out/anharmonic_1.00/bands.csv.gz), all transitions incl. overtones/combinations"
tetracene,4451.98,0.00264795,282,"PAHdb Anharmonic v1.00 (Module 02 out/anharmonic_1.00/bands.csv.gz), all transitions incl. overtones/combinations"
tetracene,4453.42,0.0,282,"PAHdb Anharmonic v1.00 (Module 02 out/anharmonic_1.00/bands.csv.gz), all transitions incl. overtones/combinations"
tetracene,4453.95,0.0,282,"PAHdb Anharmonic v1.00 (Module 02 out/anharmonic_1.00/bands.csv.gz), all transitions incl. overtones/combinations"
tetracene,4454.94,0.00474492,282,"PAHdb Anharmonic v1.00 (Module 02 out/anharmonic_1.00/bands.csv.gz), all transitions incl. overtones/combinations"
tetracene,4456.43,0.0,282,"PAHdb Anharmonic v1.00 (Module 02 out/anharmonic_1.00/bands.csv.gz), all transitions incl. overtones/combinations"
tetracene,4456.93,0.00583682,282,"PAHdb Anharmonic v1.00 (Module 02 out/anharmonic_1.00/bands.csv.gz), all transitions incl. overtones/combinations"
tetracene,4462.91,0.0138747,282,"PAHdb Anharmonic v1.00 (Module 02 out/anharmonic_1.00/bands.csv.gz), all transitions incl. overtones/combinations"
tetracene,4463.5,0.0,282,"PAHdb Anharmonic v1.00 (Module 02 out/anharmonic_1.00/bands.csv.gz), all transitions incl. overtones/combinations"
tetracene,4466.4,0.0,282,"PAHdb Anharmonic v1.00 (Module 02 out/anharmonic_1.00/bands.csv.gz), all transitions incl. overtones/combinations"
tetracene,4467.37,0.0119466,282,"PAHdb Anharmonic v1.00 (Module 02 out/anharmonic_1.00/bands.csv.gz), all transitions incl. overtones/combinations"
tetracene,4472.73,0.0509268,282,"PAHdb Anharmonic v1.00 (Module 02 out/anharmonic_1.00/bands.csv.gz), all transitions incl. overtones/combinations"
tetracene,4473.77,0.0,282,"PAHdb Anharmonic v1.00 (Module 02 out/anharmonic_1.00/bands.csv.gz), all transitions incl. overtones/combinations"
tetracene,4481.51,0.0,282,"PAHdb Anharmonic v1.00 (Module 02 out/anharmonic_1.00/bands.csv.gz), all transitions incl. overtones/combinations"
tetracene,4483.13,0.0,282,"PAHdb Anharmonic v1.00 (Module 02 out/anharmonic_1.00/bands.csv.gz), all transitions incl. overtones/combinations"
tetracene,4483.22,0.0006469,282,"PAHdb Anharmonic v1.00 (Module 02 out/anharmonic_1.00/bands.csv.gz), all transitions incl. overtones/combinations"
tetracene,4484.87,0.0014784,282,"PAHdb Anharmonic v1.00 (Module 02 out/anharmonic_1.00/bands.csv.gz), all transitions incl. overtones/combinations"
tetracene,4485.11,0.0,282,"PAHdb Anharmonic v1.00 (Module 02 out/anharmonic_1.00/bands.csv.gz), all transitions incl. overtones/combinations"
tetracene,4485.19,0.0130502,282,"PAHdb Anharmonic v1.00 (Module 02 out/anharmonic_1.00/bands.csv.gz), all transitions incl. overtones/combinations"
tetracene,4486.99,0.0,282,"PAHdb Anharmonic v1.00 (Module 02 out/anharmonic_1.00/bands.csv.gz), all transitions incl. overtones/combinations"
tetracene,4487.03,8.29e-06,282,"PAHdb Anharmonic v1.00 (Module 02 out/anharmonic_1.00/bands.csv.gz), all transitions incl. overtones/combinations"
tetracene,4488.19,0.00148444,282,"PAHdb Anharmonic v1.00 (Module 02 out/anharmonic_1.00/bands.csv.gz), all transitions incl. overtones/combinations"
tetracene,4488.81,0.0,282,"PAHdb Anharmonic v1.00 (Module 02 out/anharmonic_1.00/bands.csv.gz), all transitions incl. overtones/combinations"
tetracene,4489.14,0.0444851,282,"PAHdb Anharmonic v1.00 (Module 02 out/anharmonic_1.00/bands.csv.gz), all transitions incl. overtones/combinations"
tetracene,4489.68,0.0145556,282,"PAHdb Anharmonic v1.00 (Module 02 out/anharmonic_1.00/bands.csv.gz), all transitions incl. overtones/combinations"
tetracene,4490.01,0.0,282,"PAHdb Anharmonic v1.00 (Module 02 out/anharmonic_1.00/bands.csv.gz), all transitions incl. overtones/combinations"
tetracene,4491.25,0.00923174,282,"PAHdb Anharmonic v1.00 (Module 02 out/anharmonic_1.00/bands.csv.gz), all transitions incl. overtones/combinations"
tetracene,4493.12,0.0,282,"PAHdb Anharmonic v1.00 (Module 02 out/anharmonic_1.00/bands.csv.gz), all transitions incl. overtones/combinations"
tetracene,4493.92,0.0,282,"PAHdb Anharmonic v1.00 (Module 02 out/anharmonic_1.00/bands.csv.gz), all transitions incl. overtones/combinations"
tetracene,4502.81,0.0872946,282,"PAHdb Anharmonic v1.00 (Module 02 out/anharmonic_1.00/bands.csv.gz), all transitions incl. overtones/combinations"
tetracene,4504.38,0.0,282,"PAHdb Anharmonic v1.00 (Module 02 out/anharmonic_1.00/bands.csv.gz), all transitions incl. overtones/combinations"
tetracene,4505.77,0.014781,282,"PAHdb Anharmonic v1.00 (Module 02 out/anharmonic_1.00/bands.csv.gz), all transitions incl. overtones/combinations"
tetracene,4505.95,0.0,282,"PAHdb Anharmonic v1.00 (Module 02 out/anharmonic_1.00/bands.csv.gz), all transitions incl. overtones/combinations"
tetracene,4507.54,0.0,282,"PAHdb Anharmonic v1.00 (Module 02 out/anharmonic_1.00/bands.csv.gz), all transitions incl. overtones/combinations"
tetracene,4508.08,0.00151421,282,"PAHdb Anharmonic v1.00 (Module 02 out/anharmonic_1.00/bands.csv.gz), all transitions incl. overtones/combinations"
tetracene,4508.12,0.0,282,"PAHdb Anharmonic v1.00 (Module 02 out/anharmonic_1.00/bands.csv.gz), all transitions incl. overtones/combinations"
tetracene,4508.88,0.0,282,"PAHdb Anharmonic v1.00 (Module 02 out/anharmonic_1.00/bands.csv.gz), all transitions incl. overtones/combinations"
tetracene,4509.26,0.0011009,282,"PAHdb Anharmonic v1.00 (Module 02 out/anharmonic_1.00/bands.csv.gz), all transitions incl. overtones/combinations"
tetracene,4509.91,0.00266578,282,"PAHdb Anharmonic v1.00 (Module 02 out/anharmonic_1.00/bands.csv.gz), all transitions incl. overtones/combinations"
tetracene,4509.93,0.0,282,"PAHdb Anharmonic v1.00 (Module 02 out/anharmonic_1.00/bands.csv.gz), all transitions incl. overtones/combinations"
tetracene,4512.61,0.00341884,282,"PAHdb Anharmonic v1.00 (Module 02 out/anharmonic_1.00/bands.csv.gz), all transitions incl. overtones/combinations"
tetracene,4516.75,0.0,282,"PAHdb Anharmonic v1.00 (Module 02 out/anharmonic_1.00/bands.csv.gz), all transitions incl. overtones/combinations"
tetracene,4517.94,0.0,282,"PAHdb Anharmonic v1.00 (Module 02 out/anharmonic_1.00/bands.csv.gz), all transitions incl. overtones/combinations"
tetracene,4518.12,0.0723335,282,"PAHdb Anharmonic v1.00 (Module 02 out/anharmonic_1.00/bands.csv.gz), all transitions incl. overtones/combinations"
tetracene,4518.53,0.00895419,282,"PAHdb Anharmonic v1.00 (Module 02 out/anharmonic_1.00/bands.csv.gz), all transitions incl. overtones/combinations"
tetracene,4528.89,0.00588874,282,"PAHdb Anharmonic v1.00 (Module 02 out/anharmonic_1.00/bands.csv.gz), all transitions incl. overtones/combinations"
tetracene,4529.73,0.0,282,"PAHdb Anharmonic v1.00 (Module 02 out/anharmonic_1.00/bands.csv.gz), all transitions incl. overtones/combinations"
tetracene,4536.1,0.0613028,282,"PAHdb Anharmonic v1.00 (Module 02 out/anharmonic_1.00/bands.csv.gz), all transitions incl. overtones/combinations"
tetracene,4539.07,0.0,282,"PAHdb Anharmonic v1.00 (Module 02 out/anharmonic_1.00/bands.csv.gz), all transitions incl. overtones/combinations"
tetracene,4558.07,0.0,282,"PAHdb Anharmonic v1.00 (Module 02 out/anharmonic_1.00/bands.csv.gz), all transitions incl. overtones/combinations"
tetracene,4559.71,0.338069,282,"PAHdb Anharmonic v1.00 (Module 02 out/anharmonic_1.00/bands.csv.gz), all transitions incl. overtones/combinations"
tetracene,4562.53,0.00282673,282,"PAHdb Anharmonic v1.00 (Module 02 out/anharmonic_1.00/bands.csv.gz), all transitions incl. overtones/combinations"
tetracene,4562.7,0.0,282,"PAHdb Anharmonic v1.00 (Module 02 out/anharmonic_1.00/bands.csv.gz), all transitions incl. overtones/combinations"
tetracene,4563.89,0.0,282,"PAHdb Anharmonic v1.00 (Module 02 out/anharmonic_1.00/bands.csv.gz), all transitions incl. overtones/combinations"
tetracene,4565.38,0.014187,282,"PAHdb Anharmonic v1.00 (Module 02 out/anharmonic_1.00/bands.csv.gz), all transitions incl. overtones/combinations"
tetracene,4567.3,0.00436418,282,"PAHdb Anharmonic v1.00 (Module 02 out/anharmonic_1.00/bands.csv.gz), all transitions incl. overtones/combinations"
tetracene,4568.69,0.0,282,"PAHdb Anharmonic v1.00 (Module 02 out/anharmonic_1.00/bands.csv.gz), all transitions incl. overtones/combinations"
tetracene,4577.78,0.0,282,"PAHdb Anharmonic v1.00 (Module 02 out/anharmonic_1.00/bands.csv.gz), all transitions incl. overtones/combinations"
tetracene,4579.53,0.168954,282,"PAHdb Anharmonic v1.00 (Module 02 out/anharmonic_1.00/bands.csv.gz), all transitions incl. overtones/combinations"
tetracene,4582.19,0.761208,282,"PAHdb Anharmonic v1.00 (Module 02 out/anharmonic_1.00/bands.csv.gz), all transitions incl. overtones/combinations"
tetracene,4582.94,0.0505861,282,"PAHdb Anharmonic v1.00 (Module 02 out/anharmonic_1.00/bands.csv.gz), all transitions incl. overtones/combinations"
tetracene,4583.07,0.0,282,"PAHdb Anharmonic v1.00 (Module 02 out/anharmonic_1.00/bands.csv.gz), all transitions incl. overtones/combinations"
tetracene,4583.77,0.00219099,282,"PAHdb Anharmonic v1.00 (Module 02 out/anharmonic_1.00/bands.csv.gz), all transitions incl. overtones/combinations"
tetracene,4583.91,0.0,282,"PAHdb Anharmonic v1.00 (Module 02 out/anharmonic_1.00/bands.csv.gz), all transitions incl. overtones/combinations"
tetracene,4584.52,0.0,282,"PAHdb Anharmonic v1.00 (Module 02 out/anharmonic_1.00/bands.csv.gz), all transitions incl. overtones/combinations"
tetracene,4584.7,0.0,282,"PAHdb Anharmonic v1.00 (Module 02 out/anharmonic_1.00/bands.csv.gz), all transitions incl. overtones/combinations"
tetracene,4585.01,0.0148924,282,"PAHdb Anharmonic v1.00 (Module 02 out/anharmonic_1.00/bands.csv.gz), all transitions incl. overtones/combinations"
tetracene,4586.64,0.106936,282,"PAHdb Anharmonic v1.00 (Module 02 out/anharmonic_1.00/bands.csv.gz), all transitions incl. overtones/combinations"
tetracene,4586.72,0.50242,282,"PAHdb Anharmonic v1.00 (Module 02 out/anharmonic_1.00/bands.csv.gz), all transitions incl. overtones/combinations"
tetracene,4587.62,0.0,282,"PAHdb Anharmonic v1.00 (Module 02 out/anharmonic_1.00/bands.csv.gz), all transitions incl. overtones/combinations"
tetracene,4588.33,0.0,282,"PAHdb Anharmonic v1.00 (Module 02 out/anharmonic_1.00/bands.csv.gz), all transitions incl. overtones/combinations"
tetracene,4588.37,0.0,282,"PAHdb Anharmonic v1.00 (Module 02 out/anharmonic_1.00/bands.csv.gz), all transitions incl. overtones/combinations"
tetracene,4590.43,0.00556118,282,"PAHdb Anharmonic v1.00 (Module 02 out/anharmonic_1.00/bands.csv.gz), all transitions incl. overtones/combinations"
tetracene,4591.08,0.0,282,"PAHdb Anharmonic v1.00 (Module 02 out/anharmonic_1.00/bands.csv.gz), all transitions incl. overtones/combinations"
tetracene,4593.15,0.0715211,282,"PAHdb Anharmonic v1.00 (Module 02 out/anharmonic_1.00/bands.csv.gz), all transitions incl. overtones/combinations"
tetracene,4593.71,0.0,282,"PAHdb Anharmonic v1.00 (Module 02 out/anharmonic_1.00/bands.csv.gz), all transitions incl. overtones/combinations"
tetracene,4594.66,0.00310166,282,"PAHdb Anharmonic v1.00 (Module 02 out/anharmonic_1.00/bands.csv.gz), all transitions incl. overtones/combinations"
tetracene,4603.77,0.0,282,"PAHdb Anharmonic v1.00 (Module 02 out/anharmonic_1.00/bands.csv.gz), all transitions incl. overtones/combinations"
tetracene,4604.29,0.0944412,282,"PAHdb Anharmonic v1.00 (Module 02 out/anharmonic_1.00/bands.csv.gz), all transitions incl. overtones/combinations"
tetracene,4607.07,0.0171043,282,"PAHdb Anharmonic v1.00 (Module 02 out/anharmonic_1.00/bands.csv.gz), all transitions incl. overtones/combinations"
tetracene,4608.25,0.0994377,282,"PAHdb Anharmonic v1.00 (Module 02 out/anharmonic_1.00/bands.csv.gz), all transitions incl. overtones/combinations"
tetracene,4608.94,0.0,282,"PAHdb Anharmonic v1.00 (Module 02 out/anharmonic_1.00/bands.csv.gz), all transitions incl. overtones/combinations"
tetracene,4609.19,0.0,282,"PAHdb Anharmonic v1.00 (Module 02 out/anharmonic_1.00/bands.csv.gz), all transitions incl. overtones/combinations"
tetracene,4611.47,0.0,282,"PAHdb Anharmonic v1.00 (Module 02 out/anharmonic_1.00/bands.csv.gz), all transitions incl. overtones/combinations"
tetracene,4611.79,0.0694043,282,"PAHdb Anharmonic v1.00 (Module 02 out/anharmonic_1.00/bands.csv.gz), all transitions incl. overtones/combinations"
tetracene,4613.85,0.0,282,"PAHdb Anharmonic v1.00 (Module 02 out/anharmonic_1.00/bands.csv.gz), all transitions incl. overtones/combinations"
tetracene,4614.27,0.0,282,"PAHdb Anharmonic v1.00 (Module 02 out/anharmonic_1.00/bands.csv.gz), all transitions incl. overtones/combinations"
tetracene,4615.18,0.000952,282,"PAHdb Anharmonic v1.00 (Module 02 out/anharmonic_1.00/bands.csv.gz), all transitions incl. overtones/combinations"
tetracene,4615.28,0.0113064,282,"PAHdb Anharmonic v1.00 (Module 02 out/anharmonic_1.00/bands.csv.gz), all transitions incl. overtones/combinations"
tetracene,4616.81,0.0,282,"PAHdb Anharmonic v1.00 (Module 02 out/anharmonic_1.00/bands.csv.gz), all transitions incl. overtones/combinations"
tetracene,4617.96,0.0167988,282,"PAHdb Anharmonic v1.00 (Module 02 out/anharmonic_1.00/bands.csv.gz), all transitions incl. overtones/combinations"
tetracene,4618.77,0.0006664,282,"PAHdb Anharmonic v1.00 (Module 02 out/anharmonic_1.00/bands.csv.gz), all transitions incl. overtones/combinations"
tetracene,4619.46,0.0,282,"PAHdb Anharmonic v1.00 (Module 02 out/anharmonic_1.00/bands.csv.gz), all transitions incl. overtones/combinations"
tetracene,4633.14,0.0741846,282,"PAHdb Anharmonic v1.00 (Module 02 out/anharmonic_1.00/bands.csv.gz), all transitions incl. overtones/combinations"
tetracene,4633.46,0.0,282,"PAHdb Anharmonic v1.00 (Module 02 out/anharmonic_1.00/bands.csv.gz), all transitions incl. overtones/combinations"
tetracene,4641.98,0.0262075,282,"PAHdb Anharmonic v1.00 (Module 02 out/anharmonic_1.00/bands.csv.gz), all transitions incl. overtones/combinations"
tetracene,4643.29,0.0,282,"PAHdb Anharmonic v1.00 (Module 02 out/anharmonic_1.00/bands.csv.gz), all transitions incl. overtones/combinations"
tetracene,4649.44,0.0,282,"PAHdb Anharmonic v1.00 (Module 02 out/anharmonic_1.00/bands.csv.gz), all transitions incl. overtones/combinations"
tetracene,4650.62,0.0243962,282,"PAHdb Anharmonic v1.00 (Module 02 out/anharmonic_1.00/bands.csv.gz), all transitions incl. overtones/combinations"
tetracene,4653.87,0.0288245,282,"PAHdb Anharmonic v1.00 (Module 02 out/anharmonic_1.00/bands.csv.gz), all transitions incl. overtones/combinations"
tetracene,4653.91,0.0,282,"PAHdb Anharmonic v1.00 (Module 02 out/anharmonic_1.00/bands.csv.gz), all transitions incl. overtones/combinations"
tetracene,4657.08,0.00983911,282,"PAHdb Anharmonic v1.00 (Module 02 out/anharmonic_1.00/bands.csv.gz), all transitions incl. overtones/combinations"
tetracene,4657.46,0.0,282,"PAHdb Anharmonic v1.00 (Module 02 out/anharmonic_1.00/bands.csv.gz), all transitions incl. overtones/combinations"
tetracene,4658.4,0.0100899,282,"PAHdb Anharmonic v1.00 (Module 02 out/anharmonic_1.00/bands.csv.gz), all transitions incl. overtones/combinations"
tetracene,4659.46,0.0,282,"PAHdb Anharmonic v1.00 (Module 02 out/anharmonic_1.00/bands.csv.gz), all transitions incl. overtones/combinations"
tetracene,4660.31,0.0,282,"PAHdb Anharmonic v1.00 (Module 02 out/anharmonic_1.00/bands.csv.gz), all transitions incl. overtones/combinations"
tetracene,4661.1,0.0115354,282,"PAHdb Anharmonic v1.00 (Module 02 out/anharmonic_1.00/bands.csv.gz), all transitions incl. overtones/combinations"
tetracene,4663.18,0.504519,282,"PAHdb Anharmonic v1.00 (Module 02 out/anharmonic_1.00/bands.csv.gz), all transitions incl. overtones/combinations"
tetracene,4663.38,0.0,282,"PAHdb Anharmonic v1.00 (Module 02 out/anharmonic_1.00/bands.csv.gz), all transitions incl. overtones/combinations"
tetracene,4665.55,0.00305521,282,"PAHdb Anharmonic v1.00 (Module 02 out/anharmonic_1.00/bands.csv.gz), all transitions incl. overtones/combinations"
tetracene,4666.61,0.0,282,"PAHdb Anharmonic v1.00 (Module 02 out/anharmonic_1.00/bands.csv.gz), all transitions incl. overtones/combinations"
tetracene,4668.29,0.00357555,282,"PAHdb Anharmonic v1.00 (Module 02 out/anharmonic_1.00/bands.csv.gz), all transitions incl. overtones/combinations"
tetracene,4669.9,0.0,282,"PAHdb Anharmonic v1.00 (Module 02 out/anharmonic_1.00/bands.csv.gz), all transitions incl. overtones/combinations"
tetracene,4673.39,1.9e-07,282,"PAHdb Anharmonic v1.00 (Module 02 out/anharmonic_1.00/bands.csv.gz), all transitions incl. overtones/combinations"
tetracene,4675.07,0.0,282,"PAHdb Anharmonic v1.00 (Module 02 out/anharmonic_1.00/bands.csv.gz), all transitions incl. overtones/combinations"
tetracene,4675.09,0.0,282,"PAHdb Anharmonic v1.00 (Module 02 out/anharmonic_1.00/bands.csv.gz), all transitions incl. overtones/combinations"
tetracene,4675.68,0.00062055,282,"PAHdb Anharmonic v1.00 (Module 02 out/anharmonic_1.00/bands.csv.gz), all transitions incl. overtones/combinations"
tetracene,4677.33,0.265698,282,"PAHdb Anharmonic v1.00 (Module 02 out/anharmonic_1.00/bands.csv.gz), all transitions incl. overtones/combinations"
tetracene,4677.71,0.0,282,"PAHdb Anharmonic v1.00 (Module 02 out/anharmonic_1.00/bands.csv.gz), all transitions incl. overtones/combinations"
tetracene,4679.98,0.0,282,"PAHdb Anharmonic v1.00 (Module 02 out/anharmonic_1.00/bands.csv.gz), all transitions incl. overtones/combinations"
tetracene,4680.11,0.00475936,282,"PAHdb Anharmonic v1.00 (Module 02 out/anharmonic_1.00/bands.csv.gz), all transitions incl. overtones/combinations"
tetracene,4682.26,0.0,282,"PAHdb Anharmonic v1.00 (Module 02 out/anharmonic_1.00/bands.csv.gz), all transitions incl. overtones/combinations"
tetracene,4684.38,0.00985085,282,"PAHdb Anharmonic v1.00 (Module 02 out/anharmonic_1.00/bands.csv.gz), all transitions incl. overtones/combinations"
tetracene,4684.67,0.0,282,"PAHdb Anharmonic v1.00 (Module 02 out/anharmonic_1.00/bands.csv.gz), all transitions incl. overtones/combinations"
tetracene,4685.1,0.0,282,"PAHdb Anharmonic v1.00 (Module 02 out/anharmonic_1.00/bands.csv.gz), all transitions incl. overtones/combinations"
tetracene,4685.58,0.421996,282,"PAHdb Anharmonic v1.00 (Module 02 out/anharmonic_1.00/bands.csv.gz), all transitions incl. overtones/combinations"
tetracene,4685.69,0.00445453,282,"PAHdb Anharmonic v1.00 (Module 02 out/anharmonic_1.00/bands.csv.gz), all transitions incl. overtones/combinations"
tetracene,4694.09,0.0,282,"PAHdb Anharmonic v1.00 (Module 02 out/anharmonic_1.00/bands.csv.gz), all transitions incl. overtones/combinations"
tetracene,4695.11,0.0686987,282,"PAHdb Anharmonic v1.00 (Module 02 out/anharmonic_1.00/bands.csv.gz), all transitions incl. overtones/combinations"
tetracene,4699.02,0.295293,282,"PAHdb Anharmonic v1.00 (Module 02 out/anharmonic_1.00/bands.csv.gz), all transitions incl. overtones/combinations"
tetracene,4699.71,0.0,282,"PAHdb Anharmonic v1.00 (Module 02 out/anharmonic_1.00/bands.csv.gz), all transitions incl. overtones/combinations"
tetracene,4708.33,0.0525535,282,"PAHdb Anharmonic v1.00 (Module 02 out/anharmonic_1.00/bands.csv.gz), all transitions incl. overtones/combinations"
tetracene,4709.34,0.0,282,"PAHdb Anharmonic v1.00 (Module 02 out/anharmonic_1.00/bands.csv.gz), all transitions incl. overtones/combinations"
tetracene,6012.94,1.85038,282,"PAHdb Anharmonic v1.00 (Module 02 out/anharmonic_1.00/bands.csv.gz), all transitions incl. overtones/combinations"
tetracene,6015.32,0.0176842,282,"PAHdb Anharmonic v1.00 (Module 02 out/anharmonic_1.00/bands.csv.gz), all transitions incl. overtones/combinations"
tetracene,6018.66,0.0,282,"PAHdb Anharmonic v1.00 (Module 02 out/anharmonic_1.00/bands.csv.gz), all transitions incl. overtones/combinations"
tetracene,6020.94,0.0,282,"PAHdb Anharmonic v1.00 (Module 02 out/anharmonic_1.00/bands.csv.gz), all transitions incl. overtones/combinations"
tetracene,6024.43,0.00846027,282,"PAHdb Anharmonic v1.00 (Module 02 out/anharmonic_1.00/bands.csv.gz), all transitions incl. overtones/combinations"
tetracene,6026.26,1.52734,282,"PAHdb Anharmonic v1.00 (Module 02 out/anharmonic_1.00/bands.csv.gz), all transitions incl. overtones/combinations"
tetracene,6035.12,0.0,282,"PAHdb Anharmonic v1.00 (Module 02 out/anharmonic_1.00/bands.csv.gz), all transitions incl. overtones/combinations"
tetracene,6043.13,1.70557,282,"PAHdb Anharmonic v1.00 (Module 02 out/anharmonic_1.00/bands.csv.gz), all transitions incl. overtones/combinations"
tetracene,6044.27,0.417521,282,"PAHdb Anharmonic v1.00 (Module 02 out/anharmonic_1.00/bands.csv.gz), all transitions incl. overtones/combinations"
tetracene,6044.5,0.0,282,"PAHdb Anharmonic v1.00 (Module 02 out/anharmonic_1.00/bands.csv.gz), all transitions incl. overtones/combinations"
tetracene,6045.83,1.49992,282,"PAHdb Anharmonic v1.00 (Module 02 out/anharmonic_1.00/bands.csv.gz), all transitions incl. overtones/combinations"
tetracene,6046.78,0.0,282,"PAHdb Anharmonic v1.00 (Module 02 out/anharmonic_1.00/bands.csv.gz), all transitions incl. overtones/combinations"
tetracene,6047.4,0.0,282,"PAHdb Anharmonic v1.00 (Module 02 out/anharmonic_1.00/bands.csv.gz), all transitions incl. overtones/combinations"
tetracene,6047.89,0.0,282,"PAHdb Anharmonic v1.00 (Module 02 out/anharmonic_1.00/bands.csv.gz), all transitions incl. overtones/combinations"
tetracene,6051.16,1.48839,282,"PAHdb Anharmonic v1.00 (Module 02 out/anharmonic_1.00/bands.csv.gz), all transitions incl. overtones/combinations"
tetracene,6053.36,0.0,282,"PAHdb Anharmonic v1.00 (Module 02 out/anharmonic_1.00/bands.csv.gz), all transitions incl. overtones/combinations"
tetracene,6057.14,0.0,282,"PAHdb Anharmonic v1.00 (Module 02 out/anharmonic_1.00/bands.csv.gz), all transitions incl. overtones/combinations"
tetracene,6057.42,0.0,282,"PAHdb Anharmonic v1.00 (Module 02 out/anharmonic_1.00/bands.csv.gz), all transitions incl. overtones/combinations"
tetracene,6057.77,0.0309479,282,"PAHdb Anharmonic v1.00 (Module 02 out/anharmonic_1.00/bands.csv.gz), all transitions incl. overtones/combinations"
tetracene,6059.52,0.0,282,"PAHdb Anharmonic v1.00 (Module 02 out/anharmonic_1.00/bands.csv.gz), all transitions incl. overtones/combinations"
tetracene,6059.92,0.0,282,"PAHdb Anharmonic v1.00 (Module 02 out/anharmonic_1.00/bands.csv.gz), all transitions incl. overtones/combinations"
tetracene,6062.46,0.200117,282,"PAHdb Anharmonic v1.00 (Module 02 out/anharmonic_1.00/bands.csv.gz), all transitions incl. overtones/combinations"
tetracene,6062.98,0.00445408,282,"PAHdb Anharmonic v1.00 (Module 02 out/anharmonic_1.00/bands.csv.gz), all transitions incl. overtones/combinations"
tetracene,6063.88,0.0,282,"PAHdb Anharmonic v1.00 (Module 02 out/anharmonic_1.00/bands.csv.gz), all transitions incl. overtones/combinations"
tetracene,6064.1,0.0,282,"PAHdb Anharmonic v1.00 (Module 02 out/anharmonic_1.00/bands.csv.gz), all transitions incl. overtones/combinations"
tetracene,6064.15,0.0483569,282,"PAHdb Anharmonic v1.00 (Module 02 out/anharmonic_1.00/bands.csv.gz), all transitions incl. overtones/combinations"
tetracene,6065.49,0.0,282,"PAHdb Anharmonic v1.00 (Module 02 out/anharmonic_1.00/bands.csv.gz), all transitions incl. overtones/combinations"
tetracene,6066.2,0.0,282,"PAHdb Anharmonic v1.00 (Module 02 out/anharmonic_1.00/bands.csv.gz), all transitions incl. overtones/combinations"
tetracene,6066.43,0.0,282,"PAHdb Anharmonic v1.00 (Module 02 out/anharmonic_1.00/bands.csv.gz), all transitions incl. overtones/combinations"
tetracene,6066.77,0.0,282,"PAHdb Anharmonic v1.00 (Module 02 out/anharmonic_1.00/bands.csv.gz), all transitions incl. overtones/combinations"
tetracene,6066.98,1.05887,282,"PAHdb Anharmonic v1.00 (Module 02 out/anharmonic_1.00/bands.csv.gz), all transitions incl. overtones/combinations"
tetracene,6068.3,0.0,282,"PAHdb Anharmonic v1.00 (Module 02 out/anharmonic_1.00/bands.csv.gz), all transitions incl. overtones/combinations"
tetracene,6068.6,0.0115403,282,"PAHdb Anharmonic v1.00 (Module 02 out/anharmonic_1.00/bands.csv.gz), all transitions incl. overtones/combinations"
tetracene,6069.24,1.00311,282,"PAHdb Anharmonic v1.00 (Module 02 out/anharmonic_1.00/bands.csv.gz), all transitions incl. overtones/combinations"
tetracene,6069.56,0.0,282,"PAHdb Anharmonic v1.00 (Module 02 out/anharmonic_1.00/bands.csv.gz), all transitions incl. overtones/combinations"
tetracene,6069.79,0.0,282,"PAHdb Anharmonic v1.00 (Module 02 out/anharmonic_1.00/bands.csv.gz), all transitions incl. overtones/combinations"
tetracene,6070.28,0.00088235,282,"PAHdb Anharmonic v1.00 (Module 02 out/anharmonic_1.00/bands.csv.gz), all transitions incl. overtones/combinations"
tetracene,6071.62,0.00994685,282,"PAHdb Anharmonic v1.00 (Module 02 out/anharmonic_1.00/bands.csv.gz), all transitions incl. overtones/combinations"
tetracene,6071.79,0.0494395,282,"PAHdb Anharmonic v1.00 (Module 02 out/anharmonic_1.00/bands.csv.gz), all transitions incl. overtones/combinations"
tetracene,6074.23,0.239794,282,"PAHdb Anharmonic v1.00 (Module 02 out/anharmonic_1.00/bands.csv.gz), all transitions incl. overtones/combinations"
tetracene,6074.66,0.0,282,"PAHdb Anharmonic v1.00 (Module 02 out/anharmonic_1.00/bands.csv.gz), all transitions incl. overtones/combinations"
tetracene,6074.76,0.0,282,"PAHdb Anharmonic v1.00 (Module 02 out/anharmonic_1.00/bands.csv.gz), all transitions incl. overtones/combinations"
tetracene,6077.91,0.0,282,"PAHdb Anharmonic v1.00 (Module 02 out/anharmonic_1.00/bands.csv.gz), all transitions incl. overtones/combinations"
tetracene,6078.36,0.192541,282,"PAHdb Anharmonic v1.00 (Module 02 out/anharmonic_1.00/bands.csv.gz), all transitions incl. overtones/combinations"
tetracene,6079.34,0.0,282,"PAHdb Anharmonic v1.00 (Module 02 out/anharmonic_1.00/bands.csv.gz), all transitions incl. overtones/combinations"
tetracene,6080.41,6e-08,282,"PAHdb Anharmonic v1.00 (Module 02 out/anharmonic_1.00/bands.csv.gz), all transitions incl. overtones/combinations"
tetracene,6081.38,0.00030584,282,"PAHdb Anharmonic v1.00 (Module 02 out/anharmonic_1.00/bands.csv.gz), all transitions incl. overtones/combinations"
tetracene,6082.44,0.0,282,"PAHdb Anharmonic v1.00 (Module 02 out/anharmonic_1.00/bands.csv.gz), all transitions incl. overtones/combinations"
tetracene,6083.26,1.92286,282,"PAHdb Anharmonic v1.00 (Module 02 out/anharmonic_1.00/bands.csv.gz), all transitions incl. overtones/combinations"
tetracene,6086.3,0.105273,282,"PAHdb Anharmonic v1.00 (Module 02 out/anharmonic_1.00/bands.csv.gz), all transitions incl. overtones/combinations"
tetracene,6086.81,0.0,282,"PAHdb Anharmonic v1.00 (Module 02 out/anharmonic_1.00/bands.csv.gz), all transitions incl. overtones/combinations"
tetracene,6087.47,0.0,282,"PAHdb Anharmonic v1.00 (Module 02 out/anharmonic_1.00/bands.csv.gz), all transitions incl. overtones/combinations"
tetracene,6087.98,0.0187501,282,"PAHdb Anharmonic v1.00 (Module 02 out/anharmonic_1.00/bands.csv.gz), all transitions incl. overtones/combinations"
tetracene,6088.39,0.0,282,"PAHdb Anharmonic v1.00 (Module 02 out/anharmonic_1.00/bands.csv.gz), all transitions incl. overtones/combinations"
tetracene,6089.19,0.201162,282,"PAHdb Anharmonic v1.00 (Module 02 out/anharmonic_1.00/bands.csv.gz), all transitions incl. overtones/combinations"
tetracene,6089.29,0.216596,282,"PAHdb Anharmonic v1.00 (Module 02 out/anharmonic_1.00/bands.csv.gz), all transitions incl. overtones/combinations"
tetracene,6090.08,0.0,282,"PAHdb Anharmonic v1.00 (Module 02 out/anharmonic_1.00/bands.csv.gz), all transitions incl. overtones/combinations"
tetracene,6090.57,1.41253,282,"PAHdb Anharmonic v1.00 (Module 02 out/anharmonic_1.00/bands.csv.gz), all transitions incl. overtones/combinations"
tetracene,6092.65,0.0,282,"PAHdb Anharmonic v1.00 (Module 02 out/anharmonic_1.00/bands.csv.gz), all transitions incl. overtones/combinations"
tetracene,6093.02,0.403127,282,"PAHdb Anharmonic v1.00 (Module 02 out/anharmonic_1.00/bands.csv.gz), all transitions incl. overtones/combinations"
tetracene,6093.15,0.0423086,282,"PAHdb Anharmonic v1.00 (Module 02 out/anharmonic_1.00/bands.csv.gz), all transitions incl. overtones/combinations"
tetracene,6093.73,0.00935486,282,"PAHdb Anharmonic v1.00 (Module 02 out/anharmonic_1.00/bands.csv.gz), all transitions incl. overtones/combinations"
tetracene,6094.24,0.0,282,"PAHdb Anharmonic v1.00 (Module 02 out/anharmonic_1.00/bands.csv.gz), all transitions incl. overtones/combinations"
tetracene,6095.63,0.0,282,"PAHdb Anharmonic v1.00 (Module 02 out/anharmonic_1.00/bands.csv.gz), all transitions incl. overtones/combinations"
tetracene,6096.82,0.428782,282,"PAHdb Anharmonic v1.00 (Module 02 out/anharmonic_1.00/bands.csv.gz), all transitions incl. overtones/combinations"
tetracene,6096.92,0.00237297,282,"PAHdb Anharmonic v1.00 (Module 02 out/anharmonic_1.00/bands.csv.gz), all transitions incl. overtones/combinations"
tetracene,6097.43,0.0,282,"PAHdb Anharmonic v1.00 (Module 02 out/anharmonic_1.00/bands.csv.gz), all transitions incl. overtones/combinations"
tetracene,6098.0,0.0,282,"PAHdb Anharmonic v1.00 (Module 02 out/anharmonic_1.00/bands.csv.gz), all transitions incl. overtones/combinations"
tetracene,6098.28,0.0,282,"PAHdb Anharmonic v1.00 (Module 02 out/anharmonic_1.00/bands.csv.gz), all transitions incl. overtones/combinations"
tetracene,6098.5,0.00088096,282,"PAHdb Anharmonic v1.00 (Module 02 out/anharmonic_1.00/bands.csv.gz), all transitions incl. overtones/combinations"
tetracene,6099.54,0.0,282,"PAHdb Anharmonic v1.00 (Module 02 out/anharmonic_1.00/bands.csv.gz), all transitions incl. overtones/combinations"
tetracene,6103.6,0.0,282,"PAHdb Anharmonic v1.00 (Module 02 out/anharmonic_1.00/bands.csv.gz), all transitions incl. overtones/combinations"
tetracene,6103.74,0.00354878,282,"PAHdb Anharmonic v1.00 (Module 02 out/anharmonic_1.00/bands.csv.gz), all transitions incl. overtones/combinations"
tetracene,6104.69,0.020075,282,"PAHdb Anharmonic v1.00 (Module 02 out/anharmonic_1.00/bands.csv.gz), all transitions incl. overtones/combinations"
tetracene,6104.81,0.0,282,"PAHdb Anharmonic v1.00 (Module 02 out/anharmonic_1.00/bands.csv.gz), all transitions incl. overtones/combinations"
tetracene,6111.58,0.0,282,"PAHdb Anharmonic v1.00 (Module 02 out/anharmonic_1.00/bands.csv.gz), all transitions incl. overtones/combinations"
tetracene,6113.37,0.0,282,"PAHdb Anharmonic v1.00 (Module 02 out/anharmonic_1.00/bands.csv.gz), all transitions incl. overtones/combinations"
