band_id,phase,source,record,species,formula,charge,n_c,uid,temperature_K,resolution_cm,frequency_cm,intensity,intensity_unit,snr,fwhm_cm,u_c_cm,u_res_cm,source_ref,role,family,temperature_source,chi_F_cm_per_K,chi_F_source,nu_m_cm,u_296_cm,delta_T_cm,u_T_cm,u_band_cm,u_band_without_T_cm,nu_m_source
1,matrix,PAHdb experimental 3.10 (Ar matrix),uid 330,naphthalene,C10H8,0,10,330,10.0,0.9,473.7,18.669,relative (PAHdb experimental),,,,0.9,10.1021/jp9834816,matrix,low / skeletal,,,,,,,,,,
2,matrix,PAHdb experimental 3.10 (Ar matrix),uid 330,naphthalene,C10H8,0,10,330,10.0,0.9,620.3,4.3359,relative (PAHdb experimental),,,,0.9,10.1021/jp9834816,matrix,low / skeletal,,,,,,,,,,
3,matrix,PAHdb experimental 3.10 (Ar matrix),uid 330,naphthalene,C10H8,0,10,330,10.0,0.9,785.8,108.4,relative (PAHdb experimental),,,,0.9,10.1021/jp9834816,matrix,CH-oop (10.5-15 um; benzene nu11 at 673 included),,,,,,,,,,
4,matrix,PAHdb experimental 3.10 (Ar matrix),uid 330,naphthalene,C10H8,0,10,330,10.0,0.9,957.6,3.252,relative (PAHdb experimental),,,,0.9,10.1021/jp9834816,matrix,ring / CH-ip (9-10.5 um),,,,,,,,,,
5,matrix,PAHdb experimental 3.10 (Ar matrix),uid 330,naphthalene,C10H8,0,10,330,10.0,0.9,1014.4,7.8288,relative (PAHdb experimental),,,,0.9,10.1021/jp9834816,matrix,ring / CH-ip (9-10.5 um),,,,,,,,,,
6,matrix,PAHdb experimental 3.10 (Ar matrix),uid 330,naphthalene,C10H8,0,10,330,10.0,0.9,1129.1,5.4199,relative (PAHdb experimental),,,,0.9,10.1021/jp9834816,matrix,CH-ip-bend (8.6 um),,,,,,,,,,
7,matrix,PAHdb experimental 3.10 (Ar matrix),uid 330,naphthalene,C10H8,0,10,330,10.0,0.9,1140.9,2.168,relative (PAHdb experimental),,,,0.9,10.1021/jp9834816,matrix,CH-ip-bend (8.6 um),,,,,,,,,,
8,matrix,PAHdb experimental 3.10 (Ar matrix),uid 330,naphthalene,C10H8,0,10,330,10.0,0.9,1164.6,0.2168,relative (PAHdb experimental),,,,0.9,10.1021/jp9834816,matrix,CH-ip-bend (8.6 um),,,,,,,,,,
9,matrix,PAHdb experimental 3.10 (Ar matrix),uid 330,naphthalene,C10H8,0,10,330,10.0,0.9,1214.2,2.168,relative (PAHdb experimental),,,,0.9,10.1021/jp9834816,matrix,CH-ip-bend (8.6 um),,,,,,,,,,
10,matrix,PAHdb experimental 3.10 (Ar matrix),uid 330,naphthalene,C10H8,0,10,330,10.0,0.9,1237.1,2.168,relative (PAHdb experimental),,,,0.9,10.1021/jp9834816,matrix,CH-ip-bend (8.6 um),,,,,,,,,,
11,matrix,PAHdb experimental 3.10 (Ar matrix),uid 330,naphthalene,C10H8,0,10,330,10.0,0.9,1272.8,7.8288,relative (PAHdb experimental),,,,0.9,10.1021/jp9834816,matrix,CC-stretch/CH-ip (7.7 um),,,,,,,,,,
12,matrix,PAHdb experimental 3.10 (Ar matrix),uid 330,naphthalene,C10H8,0,10,330,10.0,0.9,1361.6,2.168,relative (PAHdb experimental),,,,0.9,10.1021/jp9834816,matrix,CC-stretch/CH-ip (7.7 um),,,,,,,,,,
13,matrix,PAHdb experimental 3.10 (Ar matrix),uid 330,naphthalene,C10H8,0,10,330,10.0,0.9,1391.8,6.6244,relative (PAHdb experimental),,,,0.9,10.1021/jp9834816,matrix,CC-stretch/CH-ip (7.7 um),,,,,,,,,,
14,matrix,PAHdb experimental 3.10 (Ar matrix),uid 330,naphthalene,C10H8,0,10,330,10.0,0.9,1498.9,1.084,relative (PAHdb experimental),,,,0.9,10.1021/jp9834816,matrix,CC-stretch/CH-ip (7.7 um),,,,,,,,,,
15,matrix,PAHdb experimental 3.10 (Ar matrix),uid 330,naphthalene,C10H8,0,10,330,10.0,0.9,1513.0,6.6244,relative (PAHdb experimental),,,,0.9,10.1021/jp9834816,matrix,CC-stretch (6.2 um),,,,,,,,,,
16,matrix,PAHdb experimental 3.10 (Ar matrix),uid 330,naphthalene,C10H8,0,10,330,10.0,0.9,1604.4,6.6244,relative (PAHdb experimental),,,,0.9,10.1021/jp9834816,matrix,CC-stretch (6.2 um),,,,,,,,,,
17,matrix,PAHdb experimental 3.10 (Ar matrix),uid 330,naphthalene,C10H8,0,10,330,10.0,0.9,1722.4,2.168,relative (PAHdb experimental),,,,0.9,10.1021/jp9834816,matrix,overtone / combination region,,,,,,,,,,
18,matrix,PAHdb experimental 3.10 (Ar matrix),uid 330,naphthalene,C10H8,0,10,330,10.0,0.9,1945.1,2.168,relative (PAHdb experimental),,,,0.9,10.1021/jp9834816,matrix,overtone / combination region,,,,,,,,,,
19,matrix,PAHdb experimental 3.10 (Ar matrix),uid 330,naphthalene,C10H8,0,10,330,10.0,0.9,3071.6,72.266,relative (PAHdb experimental),,,,0.9,10.1021/jp9834816,matrix,CH-stretch,,,,,,,,,,
20,matrix,PAHdb experimental 3.10 (Ar matrix),uid 269,phenazine,C12H8N2-,-1,12,269,,,723.1,45.7,relative (PAHdb experimental),,,,,10.1016/j.asr.2005.03.127,matrix,CH-oop (10.5-15 um; benzene nu11 at 673 included),,,,,,,,,,
21,matrix,PAHdb experimental 3.10 (Ar matrix),uid 269,phenazine,C12H8N2-,-1,12,269,,,826.4,10.1,relative (PAHdb experimental),,,,,10.1016/j.asr.2005.03.127,matrix,CH-oop (10.5-15 um; benzene nu11 at 673 included),,,,,,,,,,
22,matrix,PAHdb experimental 3.10 (Ar matrix),uid 269,phenazine,C12H8N2-,-1,12,269,,,888.0,2.8,relative (PAHdb experimental),,,,,10.1016/j.asr.2005.03.127,matrix,CH-oop (10.5-15 um; benzene nu11 at 673 included),,,,,,,,,,
23,matrix,PAHdb experimental 3.10 (Ar matrix),uid 269,phenazine,C12H8N2-,-1,12,269,,,1018.2,5.4,relative (PAHdb experimental),,,,,10.1016/j.asr.2005.03.127,matrix,ring / CH-ip (9-10.5 um),,,,,,,,,,
24,matrix,PAHdb experimental 3.10 (Ar matrix),uid 269,phenazine,C12H8N2-,-1,12,269,,,1113.8,17.0,relative (PAHdb experimental),,,,,10.1016/j.asr.2005.03.127,matrix,CH-ip-bend (8.6 um),,,,,,,,,,
25,matrix,PAHdb experimental 3.10 (Ar matrix),uid 269,phenazine,C12H8N2-,-1,12,269,,,1137.3,7.8,relative (PAHdb experimental),,,,,10.1016/j.asr.2005.03.127,matrix,CH-ip-bend (8.6 um),,,,,,,,,,
26,matrix,PAHdb experimental 3.10 (Ar matrix),uid 269,phenazine,C12H8N2-,-1,12,269,,,1264.0,71.0,relative (PAHdb experimental),,,,,10.1016/j.asr.2005.03.127,matrix,CC-stretch/CH-ip (7.7 um),,,,,,,,,,
27,matrix,PAHdb experimental 3.10 (Ar matrix),uid 269,phenazine,C12H8N2-,-1,12,269,,,1309.6,192.9,relative (PAHdb experimental),,,,,10.1016/j.asr.2005.03.127,matrix,CC-stretch/CH-ip (7.7 um),,,,,,,,,,
28,matrix,PAHdb experimental 3.10 (Ar matrix),uid 269,phenazine,C12H8N2-,-1,12,269,,,1333.2,26.0,relative (PAHdb experimental),,,,,10.1016/j.asr.2005.03.127,matrix,CC-stretch/CH-ip (7.7 um),,,,,,,,,,
29,matrix,PAHdb experimental 3.10 (Ar matrix),uid 269,phenazine,C12H8N2-,-1,12,269,,,1519.0,5.3,relative (PAHdb experimental),,,,,10.1016/j.asr.2005.03.127,matrix,CC-stretch (6.2 um),,,,,,,,,,
30,matrix,PAHdb experimental 3.10 (Ar matrix),uid 269,phenazine,C12H8N2-,-1,12,269,,,1589.8,20.4,relative (PAHdb experimental),,,,,10.1016/j.asr.2005.03.127,matrix,CC-stretch (6.2 um),,,,,,,,,,
31,matrix,PAHdb experimental 3.10 (Ar matrix),uid 269,phenazine,C12H8N2-,-1,12,269,,,2974.6,3.6,relative (PAHdb experimental),,,,,10.1016/j.asr.2005.03.127,matrix,CH-stretch,,,,,,,,,,
32,matrix,PAHdb experimental 3.10 (Ar matrix),uid 269,phenazine,C12H8N2-,-1,12,269,,,3042.6,39.7,relative (PAHdb experimental),,,,,10.1016/j.asr.2005.03.127,matrix,CH-stretch,,,,,,,,,,
33,matrix,PAHdb experimental 3.10 (Ar matrix),uid 269,phenazine,C12H8N2-,-1,12,269,,,3077.7,10.5,relative (PAHdb experimental),,,,,10.1016/j.asr.2005.03.127,matrix,CH-stretch,,,,,,,,,,
34,matrix,PAHdb experimental 3.10 (Ar matrix),uid 267,phenazine,C12H8N2,0,12,267,,,596.9,15.7,relative (PAHdb experimental),,,,,10.1016/j.asr.2005.03.127,matrix,low / skeletal,,,,,,,,,,
35,matrix,PAHdb experimental 3.10 (Ar matrix),uid 267,phenazine,C12H8N2,0,12,267,,,658.0,1.7,relative (PAHdb experimental),,,,,10.1016/j.asr.2005.03.127,matrix,CH-oop (10.5-15 um; benzene nu11 at 673 included),,,,,,,,,,
36,matrix,PAHdb experimental 3.10 (Ar matrix),uid 267,phenazine,C12H8N2,0,12,267,,,752.4,124.2,relative (PAHdb experimental),,,,,10.1016/j.asr.2005.03.127,matrix,CH-oop (10.5-15 um; benzene nu11 at 673 included),,,,,,,,,,
37,matrix,PAHdb experimental 3.10 (Ar matrix),uid 267,phenazine,C12H8N2,0,12,267,,,820.8,21.3,relative (PAHdb experimental),,,,,10.1016/j.asr.2005.03.127,matrix,CH-oop (10.5-15 um; benzene nu11 at 673 included),,,,,,,,,,
38,matrix,PAHdb experimental 3.10 (Ar matrix),uid 267,phenazine,C12H8N2,0,12,267,,,905.5,2.4,relative (PAHdb experimental),,,,,10.1016/j.asr.2005.03.127,matrix,CH-oop (10.5-15 um; benzene nu11 at 673 included),,,,,,,,,,
39,matrix,PAHdb experimental 3.10 (Ar matrix),uid 267,phenazine,C12H8N2,0,12,267,,,960.0,1.7,relative (PAHdb experimental),,,,,10.1016/j.asr.2005.03.127,matrix,ring / CH-ip (9-10.5 um),,,,,,,,,,
40,matrix,PAHdb experimental 3.10 (Ar matrix),uid 267,phenazine,C12H8N2,0,12,267,,,997.4,4.4,relative (PAHdb experimental),,,,,10.1016/j.asr.2005.03.127,matrix,ring / CH-ip (9-10.5 um),,,,,,,,,,
41,matrix,PAHdb experimental 3.10 (Ar matrix),uid 267,phenazine,C12H8N2,0,12,267,,,1078.3,2.3,relative (PAHdb experimental),,,,,10.1016/j.asr.2005.03.127,matrix,ring / CH-ip (9-10.5 um),,,,,,,,,,
42,matrix,PAHdb experimental 3.10 (Ar matrix),uid 267,phenazine,C12H8N2,0,12,267,,,1113.4,19.6,relative (PAHdb experimental),,,,,10.1016/j.asr.2005.03.127,matrix,CH-ip-bend (8.6 um),,,,,,,,,,
43,matrix,PAHdb experimental 3.10 (Ar matrix),uid 267,phenazine,C12H8N2,0,12,267,,,1139.5,8.6,relative (PAHdb experimental),,,,,10.1016/j.asr.2005.03.127,matrix,CH-ip-bend (8.6 um),,,,,,,,,,
44,matrix,PAHdb experimental 3.10 (Ar matrix),uid 267,phenazine,C12H8N2,0,12,267,,,1211.3,2.8,relative (PAHdb experimental),,,,,10.1016/j.asr.2005.03.127,matrix,CH-ip-bend (8.6 um),,,,,,,,,,
45,matrix,PAHdb experimental 3.10 (Ar matrix),uid 267,phenazine,C12H8N2,0,12,267,,,1329.5,1.6,relative (PAHdb experimental),,,,,10.1016/j.asr.2005.03.127,matrix,CC-stretch/CH-ip (7.7 um),,,,,,,,,,
46,matrix,PAHdb experimental 3.10 (Ar matrix),uid 267,phenazine,C12H8N2,0,12,267,,,1344.9,0.9,relative (PAHdb experimental),,,,,10.1016/j.asr.2005.03.127,matrix,CC-stretch/CH-ip (7.7 um),,,,,,,,,,
47,matrix,PAHdb experimental 3.10 (Ar matrix),uid 267,phenazine,C12H8N2,0,12,267,,,1362.0,7.9,relative (PAHdb experimental),,,,,10.1016/j.asr.2005.03.127,matrix,CC-stretch/CH-ip (7.7 um),,,,,,,,,,
48,matrix,PAHdb experimental 3.10 (Ar matrix),uid 267,phenazine,C12H8N2,0,12,267,,,1364.8,6.9,relative (PAHdb experimental),,,,,10.1016/j.asr.2005.03.127,matrix,CC-stretch/CH-ip (7.7 um),,,,,,,,,,
49,matrix,PAHdb experimental 3.10 (Ar matrix),uid 267,phenazine,C12H8N2,0,12,267,,,1369.2,9.8,relative (PAHdb experimental),,,,,10.1016/j.asr.2005.03.127,matrix,CC-stretch/CH-ip (7.7 um),,,,,,,,,,
50,matrix,PAHdb experimental 3.10 (Ar matrix),uid 267,phenazine,C12H8N2,0,12,267,,,1435.2,7.5,relative (PAHdb experimental),,,,,10.1016/j.asr.2005.03.127,matrix,CC-stretch/CH-ip (7.7 um),,,,,,,,,,
51,matrix,PAHdb experimental 3.10 (Ar matrix),uid 267,phenazine,C12H8N2,0,12,267,,,1448.2,1.8,relative (PAHdb experimental),,,,,10.1016/j.asr.2005.03.127,matrix,CC-stretch/CH-ip (7.7 um),,,,,,,,,,
52,matrix,PAHdb experimental 3.10 (Ar matrix),uid 267,phenazine,C12H8N2,0,12,267,,,1480.0,5.2,relative (PAHdb experimental),,,,,10.1016/j.asr.2005.03.127,matrix,CC-stretch/CH-ip (7.7 um),,,,,,,,,,
53,matrix,PAHdb experimental 3.10 (Ar matrix),uid 267,phenazine,C12H8N2,0,12,267,,,1510.6,1.5,relative (PAHdb experimental),,,,,10.1016/j.asr.2005.03.127,matrix,CC-stretch (6.2 um),,,,,,,,,,
54,matrix,PAHdb experimental 3.10 (Ar matrix),uid 267,phenazine,C12H8N2,0,12,267,,,1517.8,39.5,relative (PAHdb experimental),,,,,10.1016/j.asr.2005.03.127,matrix,CC-stretch (6.2 um),,,,,,,,,,
55,matrix,PAHdb experimental 3.10 (Ar matrix),uid 267,phenazine,C12H8N2,0,12,267,,,1523.8,2.1,relative (PAHdb experimental),,,,,10.1016/j.asr.2005.03.127,matrix,CC-stretch (6.2 um),,,,,,,,,,
56,matrix,PAHdb experimental 3.10 (Ar matrix),uid 267,phenazine,C12H8N2,0,12,267,,,1624.1,13.1,relative (PAHdb experimental),,,,,10.1016/j.asr.2005.03.127,matrix,CC-stretch (6.2 um),,,,,,,,,,
57,matrix,PAHdb experimental 3.10 (Ar matrix),uid 267,phenazine,C12H8N2,0,12,267,,,1710.5,1.8,relative (PAHdb experimental),,,,,10.1016/j.asr.2005.03.127,matrix,overtone / combination region,,,,,,,,,,
58,matrix,PAHdb experimental 3.10 (Ar matrix),uid 267,phenazine,C12H8N2,0,12,267,,,1936.5,2.5,relative (PAHdb experimental),,,,,10.1016/j.asr.2005.03.127,matrix,overtone / combination region,,,,,,,,,,
59,matrix,PAHdb experimental 3.10 (Ar matrix),uid 267,phenazine,C12H8N2,0,12,267,,,1957.0,3.4,relative (PAHdb experimental),,,,,10.1016/j.asr.2005.03.127,matrix,overtone / combination region,,,,,,,,,,
60,matrix,PAHdb experimental 3.10 (Ar matrix),uid 267,phenazine,C12H8N2,0,12,267,,,3051.0,35.6,relative (PAHdb experimental),,,,,10.1016/j.asr.2005.03.127,matrix,CH-stretch,,,,,,,,,,
61,matrix,PAHdb experimental 3.10 (Ar matrix),uid 268,phenazine,C12H8N2+,1,12,268,,,567.0,36.9,relative (PAHdb experimental),,,,,10.1016/j.asr.2005.03.127,matrix,low / skeletal,,,,,,,,,,
62,matrix,PAHdb experimental 3.10 (Ar matrix),uid 268,phenazine,C12H8N2+,1,12,268,,,723.0,7.2,relative (PAHdb experimental),,,,,10.1016/j.asr.2005.03.127,matrix,CH-oop (10.5-15 um; benzene nu11 at 673 included),,,,,,,,,,
63,matrix,PAHdb experimental 3.10 (Ar matrix),uid 268,phenazine,C12H8N2+,1,12,268,,,755.5,57.2,relative (PAHdb experimental),,,,,10.1016/j.asr.2005.03.127,matrix,CH-oop (10.5-15 um; benzene nu11 at 673 included),,,,,,,,,,
64,matrix,PAHdb experimental 3.10 (Ar matrix),uid 268,phenazine,C12H8N2+,1,12,268,,,826.4,12.1,relative (PAHdb experimental),,,,,10.1016/j.asr.2005.03.127,matrix,CH-oop (10.5-15 um; benzene nu11 at 673 included),,,,,,,,,,
65,matrix,PAHdb experimental 3.10 (Ar matrix),uid 268,phenazine,C12H8N2+,1,12,268,,,841.2,7.5,relative (PAHdb experimental),,,,,10.1016/j.asr.2005.03.127,matrix,CH-oop (10.5-15 um; benzene nu11 at 673 included),,,,,,,,,,
66,matrix,PAHdb experimental 3.10 (Ar matrix),uid 268,phenazine,C12H8N2+,1,12,268,,,897.9,2.2,relative (PAHdb experimental),,,,,10.1016/j.asr.2005.03.127,matrix,CH-oop (10.5-15 um; benzene nu11 at 673 included),,,,,,,,,,
67,matrix,PAHdb experimental 3.10 (Ar matrix),uid 268,phenazine,C12H8N2+,1,12,268,,,1022.5,8.3,relative (PAHdb experimental),,,,,10.1016/j.asr.2005.03.127,matrix,ring / CH-ip (9-10.5 um),,,,,,,,,,
68,matrix,PAHdb experimental 3.10 (Ar matrix),uid 268,phenazine,C12H8N2+,1,12,268,,,1113.7,6.6,relative (PAHdb experimental),,,,,10.1016/j.asr.2005.03.127,matrix,CH-ip-bend (8.6 um),,,,,,,,,,
69,matrix,PAHdb experimental 3.10 (Ar matrix),uid 268,phenazine,C12H8N2+,1,12,268,,,1137.3,66.7,relative (PAHdb experimental),,,,,10.1016/j.asr.2005.03.127,matrix,CH-ip-bend (8.6 um),,,,,,,,,,
70,matrix,PAHdb experimental 3.10 (Ar matrix),uid 268,phenazine,C12H8N2+,1,12,268,,,1243.0,38.8,relative (PAHdb experimental),,,,,10.1016/j.asr.2005.03.127,matrix,CH-ip-bend (8.6 um),,,,,,,,,,
71,matrix,PAHdb experimental 3.10 (Ar matrix),uid 268,phenazine,C12H8N2+,1,12,268,,,1264.6,5.3,relative (PAHdb experimental),,,,,10.1016/j.asr.2005.03.127,matrix,CC-stretch/CH-ip (7.7 um),,,,,,,,,,
72,matrix,PAHdb experimental 3.10 (Ar matrix),uid 268,phenazine,C12H8N2+,1,12,268,,,1276.1,344.9,relative (PAHdb experimental),,,,,10.1016/j.asr.2005.03.127,matrix,CC-stretch/CH-ip (7.7 um),,,,,,,,,,
73,matrix,PAHdb experimental 3.10 (Ar matrix),uid 268,phenazine,C12H8N2+,1,12,268,,,1281.8,5.5,relative (PAHdb experimental),,,,,10.1016/j.asr.2005.03.127,matrix,CC-stretch/CH-ip (7.7 um),,,,,,,,,,
74,matrix,PAHdb experimental 3.10 (Ar matrix),uid 268,phenazine,C12H8N2+,1,12,268,,,1295.9,6.1,relative (PAHdb experimental),,,,,10.1016/j.asr.2005.03.127,matrix,CC-stretch/CH-ip (7.7 um),,,,,,,,,,
75,matrix,PAHdb experimental 3.10 (Ar matrix),uid 268,phenazine,C12H8N2+,1,12,268,,,1309.5,6.9,relative (PAHdb experimental),,,,,10.1016/j.asr.2005.03.127,matrix,CC-stretch/CH-ip (7.7 um),,,,,,,,,,
76,matrix,PAHdb experimental 3.10 (Ar matrix),uid 268,phenazine,C12H8N2+,1,12,268,,,1315.4,13.7,relative (PAHdb experimental),,,,,10.1016/j.asr.2005.03.127,matrix,CC-stretch/CH-ip (7.7 um),,,,,,,,,,
77,matrix,PAHdb experimental 3.10 (Ar matrix),uid 268,phenazine,C12H8N2+,1,12,268,,,1335.0,142.1,relative (PAHdb experimental),,,,,10.1016/j.asr.2005.03.127,matrix,CC-stretch/CH-ip (7.7 um),,,,,,,,,,
78,matrix,PAHdb experimental 3.10 (Ar matrix),uid 268,phenazine,C12H8N2+,1,12,268,,,1349.0,420.3,relative (PAHdb experimental),,,,,10.1016/j.asr.2005.03.127,matrix,CC-stretch/CH-ip (7.7 um),,,,,,,,,,
79,matrix,PAHdb experimental 3.10 (Ar matrix),uid 268,phenazine,C12H8N2+,1,12,268,,,1361.3,58.4,relative (PAHdb experimental),,,,,10.1016/j.asr.2005.03.127,matrix,CC-stretch/CH-ip (7.7 um),,,,,,,,,,
80,matrix,PAHdb experimental 3.10 (Ar matrix),uid 268,phenazine,C12H8N2+,1,12,268,,,1389.2,4.1,relative (PAHdb experimental),,,,,10.1016/j.asr.2005.03.127,matrix,CC-stretch/CH-ip (7.7 um),,,,,,,,,,
81,matrix,PAHdb experimental 3.10 (Ar matrix),uid 268,phenazine,C12H8N2+,1,12,268,,,1452.4,9.9,relative (PAHdb experimental),,,,,10.1016/j.asr.2005.03.127,matrix,CC-stretch/CH-ip (7.7 um),,,,,,,,,,
82,matrix,PAHdb experimental 3.10 (Ar matrix),uid 268,phenazine,C12H8N2+,1,12,268,,,1464.5,13.2,relative (PAHdb experimental),,,,,10.1016/j.asr.2005.03.127,matrix,CC-stretch/CH-ip (7.7 um),,,,,,,,,,
83,matrix,PAHdb experimental 3.10 (Ar matrix),uid 268,phenazine,C12H8N2+,1,12,268,,,1494.6,32.6,relative (PAHdb experimental),,,,,10.1016/j.asr.2005.03.127,matrix,CC-stretch/CH-ip (7.7 um),,,,,,,,,,
84,matrix,PAHdb experimental 3.10 (Ar matrix),uid 268,phenazine,C12H8N2+,1,12,268,,,1519.4,5.1,relative (PAHdb experimental),,,,,10.1016/j.asr.2005.03.127,matrix,CC-stretch (6.2 um),,,,,,,,,,
85,matrix,PAHdb experimental 3.10 (Ar matrix),uid 268,phenazine,C12H8N2+,1,12,268,,,1577.2,10.5,relative (PAHdb experimental),,,,,10.1016/j.asr.2005.03.127,matrix,CC-stretch (6.2 um),,,,,,,,,,
86,matrix,PAHdb experimental 3.10 (Ar matrix),uid 268,phenazine,C12H8N2+,1,12,268,,,1590.0,31.8,relative (PAHdb experimental),,,,,10.1016/j.asr.2005.03.127,matrix,CC-stretch (6.2 um),,,,,,,,,,
87,matrix,PAHdb experimental 3.10 (Ar matrix),uid 268,phenazine,C12H8N2+,1,12,268,,,2487.7,5.6,relative (PAHdb experimental),,,,,10.1016/j.asr.2005.03.127,matrix,overtone / combination region,,,,,,,,,,
88,matrix,PAHdb experimental 3.10 (Ar matrix),uid 268,phenazine,C12H8N2+,1,12,268,,,2516.1,5.6,relative (PAHdb experimental),,,,,10.1016/j.asr.2005.03.127,matrix,overtone / combination region,,,,,,,,,,
89,matrix,PAHdb experimental 3.10 (Ar matrix),uid 268,phenazine,C12H8N2+,1,12,268,,,2540.2,5.8,relative (PAHdb experimental),,,,,10.1016/j.asr.2005.03.127,matrix,overtone / combination region,,,,,,,,,,
90,matrix,PAHdb experimental 3.10 (Ar matrix),uid 268,phenazine,C12H8N2+,1,12,268,,,2734.2,12.6,relative (PAHdb experimental),,,,,10.1016/j.asr.2005.03.127,matrix,overtone / combination region,,,,,,,,,,
91,matrix,PAHdb experimental 3.10 (Ar matrix),uid 268,phenazine,C12H8N2+,1,12,268,,,2763.3,6.8,relative (PAHdb experimental),,,,,10.1016/j.asr.2005.03.127,matrix,overtone / combination region,,,,,,,,,,
92,matrix,PAHdb experimental 3.10 (Ar matrix),uid 268,phenazine,C12H8N2+,1,12,268,,,2934.1,10.2,relative (PAHdb experimental),,,,,10.1016/j.asr.2005.03.127,matrix,overtone / combination region,,,,,,,,,,
93,matrix,PAHdb experimental 3.10 (Ar matrix),uid 268,phenazine,C12H8N2+,1,12,268,,,3095.0,6.6,relative (PAHdb experimental),,,,,10.1016/j.asr.2005.03.127,matrix,CH-stretch,,,,,,,,,,
94,matrix,PAHdb experimental 3.10 (Ar matrix),uid 274,"7,8-benzoquinoline",C13H9N,0,13,274,,,595.2,0.87448,relative (PAHdb experimental),,,,,10.1021/jp021938c,matrix,low / skeletal,,,,,,,,,,
95,matrix,PAHdb experimental 3.10 (Ar matrix),uid 274,"7,8-benzoquinoline",C13H9N,0,13,274,,,618.6,3.0406,relative (PAHdb experimental),,,,,10.1021/jp021938c,matrix,low / skeletal,,,,,,,,,,
96,matrix,PAHdb experimental 3.10 (Ar matrix),uid 274,"7,8-benzoquinoline",C13H9N,0,13,274,,,619.9,2.3544,relative (PAHdb experimental),,,,,10.1021/jp021938c,matrix,low / skeletal,,,,,,,,,,
97,matrix,PAHdb experimental 3.10 (Ar matrix),uid 274,"7,8-benzoquinoline",C13H9N,0,13,274,,,636.7,0.92941,relative (PAHdb experimental),,,,,10.1021/jp021938c,matrix,low / skeletal,,,,,,,,,,
98,matrix,PAHdb experimental 3.10 (Ar matrix),uid 274,"7,8-benzoquinoline",C13H9N,0,13,274,,,639.9,1.8897,relative (PAHdb experimental),,,,,10.1021/jp021938c,matrix,low / skeletal,,,,,,,,,,
99,matrix,PAHdb experimental 3.10 (Ar matrix),uid 274,"7,8-benzoquinoline",C13H9N,0,13,274,,,642.0,0.43043,relative (PAHdb experimental),,,,,10.1021/jp021938c,matrix,low / skeletal,,,,,,,,,,
100,matrix,PAHdb experimental 3.10 (Ar matrix),uid 274,"7,8-benzoquinoline",C13H9N,0,13,274,,,708.4,0.45625,relative (PAHdb experimental),,,,,10.1021/jp021938c,matrix,CH-oop (10.5-15 um; benzene nu11 at 673 included),,,,,,,,,,
101,matrix,PAHdb experimental 3.10 (Ar matrix),uid 274,"7,8-benzoquinoline",C13H9N,0,13,274,,,711.7,0.32261,relative (PAHdb experimental),,,,,10.1021/jp021938c,matrix,CH-oop (10.5-15 um; benzene nu11 at 673 included),,,,,,,,,,
102,matrix,PAHdb experimental 3.10 (Ar matrix),uid 274,"7,8-benzoquinoline",C13H9N,0,13,274,,,722.3,15.0,relative (PAHdb experimental),,,,,10.1021/jp021938c,matrix,CH-oop (10.5-15 um; benzene nu11 at 673 included),,,,,,,,,,
103,matrix,PAHdb experimental 3.10 (Ar matrix),uid 274,"7,8-benzoquinoline",C13H9N,0,13,274,,,740.2,4.9766,relative (PAHdb experimental),,,,,10.1021/jp021938c,matrix,CH-oop (10.5-15 um; benzene nu11 at 673 included),,,,,,,,,,
104,matrix,PAHdb experimental 3.10 (Ar matrix),uid 274,"7,8-benzoquinoline",C13H9N,0,13,274,,,745.9,45.022,relative (PAHdb experimental),,,,,10.1021/jp021938c,matrix,CH-oop (10.5-15 um; benzene nu11 at 673 included),,,,,,,,,,
105,matrix,PAHdb experimental 3.10 (Ar matrix),uid 274,"7,8-benzoquinoline",C13H9N,0,13,274,,,799.8,0.74612,relative (PAHdb experimental),,,,,10.1021/jp021938c,matrix,CH-oop (10.5-15 um; benzene nu11 at 673 included),,,,,,,,,,
106,matrix,PAHdb experimental 3.10 (Ar matrix),uid 274,"7,8-benzoquinoline",C13H9N,0,13,274,,,807.6,17.841,relative (PAHdb experimental),,,,,10.1021/jp021938c,matrix,CH-oop (10.5-15 um; benzene nu11 at 673 included),,,,,,,,,,
107,matrix,PAHdb experimental 3.10 (Ar matrix),uid 274,"7,8-benzoquinoline",C13H9N,0,13,274,,,826.6,9.7026,relative (PAHdb experimental),,,,,10.1021/jp021938c,matrix,CH-oop (10.5-15 um; benzene nu11 at 673 included),,,,,,,,,,
108,matrix,PAHdb experimental 3.10 (Ar matrix),uid 274,"7,8-benzoquinoline",C13H9N,0,13,274,,,834.0,31.184,relative (PAHdb experimental),,,,,10.1021/jp021938c,matrix,CH-oop (10.5-15 um; benzene nu11 at 673 included),,,,,,,,,,
109,matrix,PAHdb experimental 3.10 (Ar matrix),uid 274,"7,8-benzoquinoline",C13H9N,0,13,274,,,838.3,6.7906,relative (PAHdb experimental),,,,,10.1021/jp021938c,matrix,CH-oop (10.5-15 um; benzene nu11 at 673 included),,,,,,,,,,
110,matrix,PAHdb experimental 3.10 (Ar matrix),uid 274,"7,8-benzoquinoline",C13H9N,0,13,274,,,844.6,2.3055,relative (PAHdb experimental),,,,,10.1021/jp021938c,matrix,CH-oop (10.5-15 um; benzene nu11 at 673 included),,,,,,,,,,
111,matrix,PAHdb experimental 3.10 (Ar matrix),uid 274,"7,8-benzoquinoline",C13H9N,0,13,274,,,860.6,1.4271,relative (PAHdb experimental),,,,,10.1021/jp021938c,matrix,CH-oop (10.5-15 um; benzene nu11 at 673 included),,,,,,,,,,
112,matrix,PAHdb experimental 3.10 (Ar matrix),uid 274,"7,8-benzoquinoline",C13H9N,0,13,274,,,877.1,1.6873,relative (PAHdb experimental),,,,,10.1021/jp021938c,matrix,CH-oop (10.5-15 um; benzene nu11 at 673 included),,,,,,,,,,
113,matrix,PAHdb experimental 3.10 (Ar matrix),uid 274,"7,8-benzoquinoline",C13H9N,0,13,274,,,882.9,2.0818,relative (PAHdb experimental),,,,,10.1021/jp021938c,matrix,CH-oop (10.5-15 um; benzene nu11 at 673 included),,,,,,,,,,
114,matrix,PAHdb experimental 3.10 (Ar matrix),uid 274,"7,8-benzoquinoline",C13H9N,0,13,274,,,885.0,1.6566,relative (PAHdb experimental),,,,,10.1021/jp021938c,matrix,CH-oop (10.5-15 um; benzene nu11 at 673 included),,,,,,,,,,
115,matrix,PAHdb experimental 3.10 (Ar matrix),uid 274,"7,8-benzoquinoline",C13H9N,0,13,274,,,944.9,1.5655,relative (PAHdb experimental),,,,,10.1021/jp021938c,matrix,CH-oop (10.5-15 um; benzene nu11 at 673 included),,,,,,,,,,
116,matrix,PAHdb experimental 3.10 (Ar matrix),uid 274,"7,8-benzoquinoline",C13H9N,0,13,274,,,947.3,1.242,relative (PAHdb experimental),,,,,10.1021/jp021938c,matrix,CH-oop (10.5-15 um; benzene nu11 at 673 included),,,,,,,,,,
117,matrix,PAHdb experimental 3.10 (Ar matrix),uid 274,"7,8-benzoquinoline",C13H9N,0,13,274,,,953.9,4.7548,relative (PAHdb experimental),,,,,10.1021/jp021938c,matrix,ring / CH-ip (9-10.5 um),,,,,,,,,,
118,matrix,PAHdb experimental 3.10 (Ar matrix),uid 274,"7,8-benzoquinoline",C13H9N,0,13,274,,,961.8,0.90824,relative (PAHdb experimental),,,,,10.1021/jp021938c,matrix,ring / CH-ip (9-10.5 um),,,,,,,,,,
119,matrix,PAHdb experimental 3.10 (Ar matrix),uid 274,"7,8-benzoquinoline",C13H9N,0,13,274,,,1018.2,4.9975,relative (PAHdb experimental),,,,,10.1021/jp021938c,matrix,ring / CH-ip (9-10.5 um),,,,,,,,,,
120,matrix,PAHdb experimental 3.10 (Ar matrix),uid 274,"7,8-benzoquinoline",C13H9N,0,13,274,,,1022.5,0.87515,relative (PAHdb experimental),,,,,10.1021/jp021938c,matrix,ring / CH-ip (9-10.5 um),,,,,,,,,,
121,matrix,PAHdb experimental 3.10 (Ar matrix),uid 274,"7,8-benzoquinoline",C13H9N,0,13,274,,,1095.2,5.235,relative (PAHdb experimental),,,,,10.1021/jp021938c,matrix,ring / CH-ip (9-10.5 um),,,,,,,,,,
122,matrix,PAHdb experimental 3.10 (Ar matrix),uid 274,"7,8-benzoquinoline",C13H9N,0,13,274,,,1133.4,5.5308,relative (PAHdb experimental),,,,,10.1021/jp021938c,matrix,CH-ip-bend (8.6 um),,,,,,,,,,
123,matrix,PAHdb experimental 3.10 (Ar matrix),uid 274,"7,8-benzoquinoline",C13H9N,0,13,274,,,1155.6,3.9694,relative (PAHdb experimental),,,,,10.1021/jp021938c,matrix,CH-ip-bend (8.6 um),,,,,,,,,,
124,matrix,PAHdb experimental 3.10 (Ar matrix),uid 274,"7,8-benzoquinoline",C13H9N,0,13,274,,,1202.4,0.69225,relative (PAHdb experimental),,,,,10.1021/jp021938c,matrix,CH-ip-bend (8.6 um),,,,,,,,,,
125,matrix,PAHdb experimental 3.10 (Ar matrix),uid 274,"7,8-benzoquinoline",C13H9N,0,13,274,,,1223.8,3.3124,relative (PAHdb experimental),,,,,10.1021/jp021938c,matrix,CH-ip-bend (8.6 um),,,,,,,,,,
126,matrix,PAHdb experimental 3.10 (Ar matrix),uid 274,"7,8-benzoquinoline",C13H9N,0,13,274,,,1237.4,0.59433,relative (PAHdb experimental),,,,,10.1021/jp021938c,matrix,CH-ip-bend (8.6 um),,,,,,,,,,
127,matrix,PAHdb experimental 3.10 (Ar matrix),uid 274,"7,8-benzoquinoline",C13H9N,0,13,274,,,1253.7,0.82366,relative (PAHdb experimental),,,,,10.1021/jp021938c,matrix,CC-stretch/CH-ip (7.7 um),,,,,,,,,,
128,matrix,PAHdb experimental 3.10 (Ar matrix),uid 274,"7,8-benzoquinoline",C13H9N,0,13,274,,,1259.9,0.4761,relative (PAHdb experimental),,,,,10.1021/jp021938c,matrix,CC-stretch/CH-ip (7.7 um),,,,,,,,,,
129,matrix,PAHdb experimental 3.10 (Ar matrix),uid 274,"7,8-benzoquinoline",C13H9N,0,13,274,,,1276.1,3.9494,relative (PAHdb experimental),,,,,10.1021/jp021938c,matrix,CC-stretch/CH-ip (7.7 um),,,,,,,,,,
130,matrix,PAHdb experimental 3.10 (Ar matrix),uid 274,"7,8-benzoquinoline",C13H9N,0,13,274,,,1296.9,0.48754,relative (PAHdb experimental),,,,,10.1021/jp021938c,matrix,CC-stretch/CH-ip (7.7 um),,,,,,,,,,
131,matrix,PAHdb experimental 3.10 (Ar matrix),uid 274,"7,8-benzoquinoline",C13H9N,0,13,274,,,1300.6,1.0881,relative (PAHdb experimental),,,,,10.1021/jp021938c,matrix,CC-stretch/CH-ip (7.7 um),,,,,,,,,,
132,matrix,PAHdb experimental 3.10 (Ar matrix),uid 274,"7,8-benzoquinoline",C13H9N,0,13,274,,,1329.0,1.7066,relative (PAHdb experimental),,,,,10.1021/jp021938c,matrix,CC-stretch/CH-ip (7.7 um),,,,,,,,,,
133,matrix,PAHdb experimental 3.10 (Ar matrix),uid 274,"7,8-benzoquinoline",C13H9N,0,13,274,,,1331.3,2.4422,relative (PAHdb experimental),,,,,10.1021/jp021938c,matrix,CC-stretch/CH-ip (7.7 um),,,,,,,,,,
134,matrix,PAHdb experimental 3.10 (Ar matrix),uid 274,"7,8-benzoquinoline",C13H9N,0,13,274,,,1379.4,2.5068,relative (PAHdb experimental),,,,,10.1021/jp021938c,matrix,CC-stretch/CH-ip (7.7 um),,,,,,,,,,
135,matrix,PAHdb experimental 3.10 (Ar matrix),uid 274,"7,8-benzoquinoline",C13H9N,0,13,274,,,1385.1,3.7005,relative (PAHdb experimental),,,,,10.1021/jp021938c,matrix,CC-stretch/CH-ip (7.7 um),,,,,,,,,,
136,matrix,PAHdb experimental 3.10 (Ar matrix),uid 274,"7,8-benzoquinoline",C13H9N,0,13,274,,,1404.1,6.2107,relative (PAHdb experimental),,,,,10.1021/jp021938c,matrix,CC-stretch/CH-ip (7.7 um),,,,,,,,,,
137,matrix,PAHdb experimental 3.10 (Ar matrix),uid 274,"7,8-benzoquinoline",C13H9N,0,13,274,,,1405.7,14.613,relative (PAHdb experimental),,,,,10.1021/jp021938c,matrix,CC-stretch/CH-ip (7.7 um),,,,,,,,,,
138,matrix,PAHdb experimental 3.10 (Ar matrix),uid 274,"7,8-benzoquinoline",C13H9N,0,13,274,,,1409.9,4.922,relative (PAHdb experimental),,,,,10.1021/jp021938c,matrix,CC-stretch/CH-ip (7.7 um),,,,,,,,,,
139,matrix,PAHdb experimental 3.10 (Ar matrix),uid 274,"7,8-benzoquinoline",C13H9N,0,13,274,,,1416.7,1.0692,relative (PAHdb experimental),,,,,10.1021/jp021938c,matrix,CC-stretch/CH-ip (7.7 um),,,,,,,,,,
140,matrix,PAHdb experimental 3.10 (Ar matrix),uid 274,"7,8-benzoquinoline",C13H9N,0,13,274,,,1417.8,1.167,relative (PAHdb experimental),,,,,10.1021/jp021938c,matrix,CC-stretch/CH-ip (7.7 um),,,,,,,,,,
141,matrix,PAHdb experimental 3.10 (Ar matrix),uid 274,"7,8-benzoquinoline",C13H9N,0,13,274,,,1423.9,0.37976,relative (PAHdb experimental),,,,,10.1021/jp021938c,matrix,CC-stretch/CH-ip (7.7 um),,,,,,,,,,
142,matrix,PAHdb experimental 3.10 (Ar matrix),uid 274,"7,8-benzoquinoline",C13H9N,0,13,274,,,1447.7,14.652,relative (PAHdb experimental),,,,,10.1021/jp021938c,matrix,CC-stretch/CH-ip (7.7 um),,,,,,,,,,
143,matrix,PAHdb experimental 3.10 (Ar matrix),uid 274,"7,8-benzoquinoline",C13H9N,0,13,274,,,1451.0,6.0584,relative (PAHdb experimental),,,,,10.1021/jp021938c,matrix,CC-stretch/CH-ip (7.7 um),,,,,,,,,,
144,matrix,PAHdb experimental 3.10 (Ar matrix),uid 274,"7,8-benzoquinoline",C13H9N,0,13,274,,,1500.4,9.2509,relative (PAHdb experimental),,,,,10.1021/jp021938c,matrix,CC-stretch (6.2 um),,,,,,,,,,
145,matrix,PAHdb experimental 3.10 (Ar matrix),uid 274,"7,8-benzoquinoline",C13H9N,0,13,274,,,1515.5,6.4608,relative (PAHdb experimental),,,,,10.1021/jp021938c,matrix,CC-stretch (6.2 um),,,,,,,,,,
146,matrix,PAHdb experimental 3.10 (Ar matrix),uid 274,"7,8-benzoquinoline",C13H9N,0,13,274,,,1519.3,1.6507,relative (PAHdb experimental),,,,,10.1021/jp021938c,matrix,CC-stretch (6.2 um),,,,,,,,,,
147,matrix,PAHdb experimental 3.10 (Ar matrix),uid 274,"7,8-benzoquinoline",C13H9N,0,13,274,,,1576.4,3.6182,relative (PAHdb experimental),,,,,10.1021/jp021938c,matrix,CC-stretch (6.2 um),,,,,,,,,,
148,matrix,PAHdb experimental 3.10 (Ar matrix),uid 274,"7,8-benzoquinoline",C13H9N,0,13,274,,,1596.2,16.346,relative (PAHdb experimental),,,,,10.1021/jp021938c,matrix,CC-stretch (6.2 um),,,,,,,,,,
149,matrix,PAHdb experimental 3.10 (Ar matrix),uid 274,"7,8-benzoquinoline",C13H9N,0,13,274,,,1632.4,15.41,relative (PAHdb experimental),,,,,10.1021/jp021938c,matrix,CC-stretch (6.2 um),,,,,,,,,,
150,matrix,PAHdb experimental 3.10 (Ar matrix),uid 274,"7,8-benzoquinoline",C13H9N,0,13,274,,,1683.5,0.18581,relative (PAHdb experimental),,,,,10.1021/jp021938c,matrix,overtone / combination region,,,,,,,,,,
151,matrix,PAHdb experimental 3.10 (Ar matrix),uid 274,"7,8-benzoquinoline",C13H9N,0,13,274,,,1706.9,0.67003,relative (PAHdb experimental),,,,,10.1021/jp021938c,matrix,overtone / combination region,,,,,,,,,,
152,matrix,PAHdb experimental 3.10 (Ar matrix),uid 274,"7,8-benzoquinoline",C13H9N,0,13,274,,,1727.2,0.29663,relative (PAHdb experimental),,,,,10.1021/jp021938c,matrix,overtone / combination region,,,,,,,,,,
153,matrix,PAHdb experimental 3.10 (Ar matrix),uid 274,"7,8-benzoquinoline",C13H9N,0,13,274,,,1738.7,0.46188,relative (PAHdb experimental),,,,,10.1021/jp021938c,matrix,overtone / combination region,,,,,,,,,,
154,matrix,PAHdb experimental 3.10 (Ar matrix),uid 274,"7,8-benzoquinoline",C13H9N,0,13,274,,,1760.8,0.64853,relative (PAHdb experimental),,,,,10.1021/jp021938c,matrix,overtone / combination region,,,,,,,,,,
155,matrix,PAHdb experimental 3.10 (Ar matrix),uid 274,"7,8-benzoquinoline",C13H9N,0,13,274,,,1777.4,0.63578,relative (PAHdb experimental),,,,,10.1021/jp021938c,matrix,overtone / combination region,,,,,,,,,,
156,matrix,PAHdb experimental 3.10 (Ar matrix),uid 274,"7,8-benzoquinoline",C13H9N,0,13,274,,,1786.9,1.4821,relative (PAHdb experimental),,,,,10.1021/jp021938c,matrix,overtone / combination region,,,,,,,,,,
157,matrix,PAHdb experimental 3.10 (Ar matrix),uid 274,"7,8-benzoquinoline",C13H9N,0,13,274,,,1829.8,0.46459,relative (PAHdb experimental),,,,,10.1021/jp021938c,matrix,overtone / combination region,,,,,,,,,,
158,matrix,PAHdb experimental 3.10 (Ar matrix),uid 274,"7,8-benzoquinoline",C13H9N,0,13,274,,,1838.0,0.65396,relative (PAHdb experimental),,,,,10.1021/jp021938c,matrix,overtone / combination region,,,,,,,,,,
159,matrix,PAHdb experimental 3.10 (Ar matrix),uid 274,"7,8-benzoquinoline",C13H9N,0,13,274,,,1858.4,1.1697,relative (PAHdb experimental),,,,,10.1021/jp021938c,matrix,overtone / combination region,,,,,,,,,,
160,matrix,PAHdb experimental 3.10 (Ar matrix),uid 274,"7,8-benzoquinoline",C13H9N,0,13,274,,,1884.2,0.95968,relative (PAHdb experimental),,,,,10.1021/jp021938c,matrix,overtone / combination region,,,,,,,,,,
161,matrix,PAHdb experimental 3.10 (Ar matrix),uid 274,"7,8-benzoquinoline",C13H9N,0,13,274,,,1896.5,0.56597,relative (PAHdb experimental),,,,,10.1021/jp021938c,matrix,overtone / combination region,,,,,,,,,,
162,matrix,PAHdb experimental 3.10 (Ar matrix),uid 274,"7,8-benzoquinoline",C13H9N,0,13,274,,,1904.7,0.3319,relative (PAHdb experimental),,,,,10.1021/jp021938c,matrix,overtone / combination region,,,,,,,,,,
163,matrix,PAHdb experimental 3.10 (Ar matrix),uid 274,"7,8-benzoquinoline",C13H9N,0,13,274,,,1915.7,0.81989,relative (PAHdb experimental),,,,,10.1021/jp021938c,matrix,overtone / combination region,,,,,,,,,,
164,matrix,PAHdb experimental 3.10 (Ar matrix),uid 274,"7,8-benzoquinoline",C13H9N,0,13,274,,,1922.9,0.17656,relative (PAHdb experimental),,,,,10.1021/jp021938c,matrix,overtone / combination region,,,,,,,,,,
165,matrix,PAHdb experimental 3.10 (Ar matrix),uid 274,"7,8-benzoquinoline",C13H9N,0,13,274,,,1929.5,0.15026,relative (PAHdb experimental),,,,,10.1021/jp021938c,matrix,overtone / combination region,,,,,,,,,,
166,matrix,PAHdb experimental 3.10 (Ar matrix),uid 274,"7,8-benzoquinoline",C13H9N,0,13,274,,,1936.1,0.93965,relative (PAHdb experimental),,,,,10.1021/jp021938c,matrix,overtone / combination region,,,,,,,,,,
167,matrix,PAHdb experimental 3.10 (Ar matrix),uid 274,"7,8-benzoquinoline",C13H9N,0,13,274,,,1948.2,0.58092,relative (PAHdb experimental),,,,,10.1021/jp021938c,matrix,overtone / combination region,,,,,,,,,,
168,matrix,PAHdb experimental 3.10 (Ar matrix),uid 274,"7,8-benzoquinoline",C13H9N,0,13,274,,,1964.7,0.89436,relative (PAHdb experimental),,,,,10.1021/jp021938c,matrix,overtone / combination region,,,,,,,,,,
169,matrix,PAHdb experimental 3.10 (Ar matrix),uid 274,"7,8-benzoquinoline",C13H9N,0,13,274,,,2860.8,8.1492,relative (PAHdb experimental),,,,,10.1021/jp021938c,matrix,overtone / combination region,,,,,,,,,,
170,matrix,PAHdb experimental 3.10 (Ar matrix),uid 274,"7,8-benzoquinoline",C13H9N,0,13,274,,,2931.5,11.711,relative (PAHdb experimental),,,,,10.1021/jp021938c,matrix,overtone / combination region,,,,,,,,,,
171,matrix,PAHdb experimental 3.10 (Ar matrix),uid 274,"7,8-benzoquinoline",C13H9N,0,13,274,,,2965.3,19.771,relative (PAHdb experimental),,,,,10.1021/jp021938c,matrix,CH-stretch,,,,,,,,,,
172,matrix,PAHdb experimental 3.10 (Ar matrix),uid 274,"7,8-benzoquinoline",C13H9N,0,13,274,,,3033.5,8.6534,relative (PAHdb experimental),,,,,10.1021/jp021938c,matrix,CH-stretch,,,,,,,,,,
173,matrix,PAHdb experimental 3.10 (Ar matrix),uid 274,"7,8-benzoquinoline",C13H9N,0,13,274,,,3060.3,49.109,relative (PAHdb experimental),,,,,10.1021/jp021938c,matrix,CH-stretch,,,,,,,,,,
174,matrix,PAHdb experimental 3.10 (Ar matrix),uid 274,"7,8-benzoquinoline",C13H9N,0,13,274,,,3099.3,5.5413,relative (PAHdb experimental),,,,,10.1021/jp021938c,matrix,CH-stretch,,,,,,,,,,
175,matrix,PAHdb experimental 3.10 (Ar matrix),uid 487,acridine,C13H9N,0,13,487,,,469.7,2.64,relative (PAHdb experimental),,,,,10.1016/j.saa.2017.03.044,matrix,low / skeletal,,,,,,,,,,
176,matrix,PAHdb experimental 3.10 (Ar matrix),uid 487,acridine,C13H9N,0,13,487,,,601.6,12.8,relative (PAHdb experimental),,,,,10.1016/j.saa.2017.03.044,matrix,low / skeletal,,,,,,,,,,
177,matrix,PAHdb experimental 3.10 (Ar matrix),uid 487,acridine,C13H9N,0,13,487,,,618.1,2.82,relative (PAHdb experimental),,,,,10.1016/j.saa.2017.03.044,matrix,low / skeletal,,,,,,,,,,
178,matrix,PAHdb experimental 3.10 (Ar matrix),uid 487,acridine,C13H9N,0,13,487,,,622.0,1.09,relative (PAHdb experimental),,,,,10.1016/j.saa.2017.03.044,matrix,low / skeletal,,,,,,,,,,
179,matrix,PAHdb experimental 3.10 (Ar matrix),uid 487,acridine,C13H9N,0,13,487,,,655.6,3.22,relative (PAHdb experimental),,,,,10.1016/j.saa.2017.03.044,matrix,CH-oop (10.5-15 um; benzene nu11 at 673 included),,,,,,,,,,
180,matrix,PAHdb experimental 3.10 (Ar matrix),uid 487,acridine,C13H9N,0,13,487,,,735.9,36.84,relative (PAHdb experimental),,,,,10.1016/j.saa.2017.03.044,matrix,CH-oop (10.5-15 um; benzene nu11 at 673 included),,,,,,,,,,
181,matrix,PAHdb experimental 3.10 (Ar matrix),uid 487,acridine,C13H9N,0,13,487,,,739.6,40.32,relative (PAHdb experimental),,,,,10.1016/j.saa.2017.03.044,matrix,CH-oop (10.5-15 um; benzene nu11 at 673 included),,,,,,,,,,
182,matrix,PAHdb experimental 3.10 (Ar matrix),uid 487,acridine,C13H9N,0,13,487,,,788.6,6.07,relative (PAHdb experimental),,,,,10.1016/j.saa.2017.03.044,matrix,CH-oop (10.5-15 um; benzene nu11 at 673 included),,,,,,,,,,
183,matrix,PAHdb experimental 3.10 (Ar matrix),uid 487,acridine,C13H9N,0,13,487,,,815.1,2.4,relative (PAHdb experimental),,,,,10.1016/j.saa.2017.03.044,matrix,CH-oop (10.5-15 um; benzene nu11 at 673 included),,,,,,,,,,
184,matrix,PAHdb experimental 3.10 (Ar matrix),uid 487,acridine,C13H9N,0,13,487,,,854.4,9.06,relative (PAHdb experimental),,,,,10.1016/j.saa.2017.03.044,matrix,CH-oop (10.5-15 um; benzene nu11 at 673 included),,,,,,,,,,
185,matrix,PAHdb experimental 3.10 (Ar matrix),uid 487,acridine,C13H9N,0,13,487,,,906.8,9.98,relative (PAHdb experimental),,,,,10.1016/j.saa.2017.03.044,matrix,CH-oop (10.5-15 um; benzene nu11 at 673 included),,,,,,,,,,
186,matrix,PAHdb experimental 3.10 (Ar matrix),uid 487,acridine,C13H9N,0,13,487,,,906.8,10.0,relative (PAHdb experimental),,,,,10.1016/j.saa.2017.03.044,matrix,CH-oop (10.5-15 um; benzene nu11 at 673 included),,,,,,,,,,
187,matrix,PAHdb experimental 3.10 (Ar matrix),uid 487,acridine,C13H9N,0,13,487,,,958.2,1.2,relative (PAHdb experimental),,,,,10.1016/j.saa.2017.03.044,matrix,ring / CH-ip (9-10.5 um),,,,,,,,,,
188,matrix,PAHdb experimental 3.10 (Ar matrix),uid 487,acridine,C13H9N,0,13,487,,,961.3,1.56,relative (PAHdb experimental),,,,,10.1016/j.saa.2017.03.044,matrix,ring / CH-ip (9-10.5 um),,,,,,,,,,
189,matrix,PAHdb experimental 3.10 (Ar matrix),uid 487,acridine,C13H9N,0,13,487,,,998.9,4.3,relative (PAHdb experimental),,,,,10.1016/j.saa.2017.03.044,matrix,ring / CH-ip (9-10.5 um),,,,,,,,,,
190,matrix,PAHdb experimental 3.10 (Ar matrix),uid 487,acridine,C13H9N,0,13,487,,,1123.6,1.82,relative (PAHdb experimental),,,,,10.1016/j.saa.2017.03.044,matrix,CH-ip-bend (8.6 um),,,,,,,,,,
191,matrix,PAHdb experimental 3.10 (Ar matrix),uid 487,acridine,C13H9N,0,13,487,,,1141.5,7.87,relative (PAHdb experimental),,,,,10.1016/j.saa.2017.03.044,matrix,CH-ip-bend (8.6 um),,,,,,,,,,
192,matrix,PAHdb experimental 3.10 (Ar matrix),uid 487,acridine,C13H9N,0,13,487,,,1149.0,3.37,relative (PAHdb experimental),,,,,10.1016/j.saa.2017.03.044,matrix,CH-ip-bend (8.6 um),,,,,,,,,,
193,matrix,PAHdb experimental 3.10 (Ar matrix),uid 487,acridine,C13H9N,0,13,487,,,1169.7,2.17,relative (PAHdb experimental),,,,,10.1016/j.saa.2017.03.044,matrix,CH-ip-bend (8.6 um),,,,,,,,,,
194,matrix,PAHdb experimental 3.10 (Ar matrix),uid 487,acridine,C13H9N,0,13,487,,,1296.4,0.52,relative (PAHdb experimental),,,,,10.1016/j.saa.2017.03.044,matrix,CC-stretch/CH-ip (7.7 um),,,,,,,,,,
195,matrix,PAHdb experimental 3.10 (Ar matrix),uid 487,acridine,C13H9N,0,13,487,,,1374.4,3.57,relative (PAHdb experimental),,,,,10.1016/j.saa.2017.03.044,matrix,CC-stretch/CH-ip (7.7 um),,,,,,,,,,
196,matrix,PAHdb experimental 3.10 (Ar matrix),uid 487,acridine,C13H9N,0,13,487,,,1404.8,6.23,relative (PAHdb experimental),,,,,10.1016/j.saa.2017.03.044,matrix,CC-stretch/CH-ip (7.7 um),,,,,,,,,,
197,matrix,PAHdb experimental 3.10 (Ar matrix),uid 487,acridine,C13H9N,0,13,487,,,1442.5,2.68,relative (PAHdb experimental),,,,,10.1016/j.saa.2017.03.044,matrix,CC-stretch/CH-ip (7.7 um),,,,,,,,,,
198,matrix,PAHdb experimental 3.10 (Ar matrix),uid 487,acridine,C13H9N,0,13,487,,,1465.7,7.57,relative (PAHdb experimental),,,,,10.1016/j.saa.2017.03.044,matrix,CC-stretch/CH-ip (7.7 um),,,,,,,,,,
199,matrix,PAHdb experimental 3.10 (Ar matrix),uid 487,acridine,C13H9N,0,13,487,,,1518.9,48.15,relative (PAHdb experimental),,,,,10.1016/j.saa.2017.03.044,matrix,CC-stretch (6.2 um),,,,,,,,,,
200,matrix,PAHdb experimental 3.10 (Ar matrix),uid 487,acridine,C13H9N,0,13,487,,,1561.0,6.89,relative (PAHdb experimental),,,,,10.1016/j.saa.2017.03.044,matrix,CC-stretch (6.2 um),,,,,,,,,,
201,matrix,PAHdb experimental 3.10 (Ar matrix),uid 487,acridine,C13H9N,0,13,487,,,1565.0,3.12,relative (PAHdb experimental),,,,,10.1016/j.saa.2017.03.044,matrix,CC-stretch (6.2 um),,,,,,,,,,
202,matrix,PAHdb experimental 3.10 (Ar matrix),uid 487,acridine,C13H9N,0,13,487,,,1582.7,2.6,relative (PAHdb experimental),,,,,10.1016/j.saa.2017.03.044,matrix,CC-stretch (6.2 um),,,,,,,,,,
203,matrix,PAHdb experimental 3.10 (Ar matrix),uid 487,acridine,C13H9N,0,13,487,,,1625.4,17.2,relative (PAHdb experimental),,,,,10.1016/j.saa.2017.03.044,matrix,CC-stretch (6.2 um),,,,,,,,,,
204,matrix,PAHdb experimental 3.10 (Ar matrix),uid 487,acridine,C13H9N,0,13,487,,,1631.5,3.04,relative (PAHdb experimental),,,,,10.1016/j.saa.2017.03.044,matrix,CC-stretch (6.2 um),,,,,,,,,,
205,matrix,PAHdb experimental 3.10 (Ar matrix),uid 487,acridine,C13H9N,0,13,487,,,1690.6,0.38,relative (PAHdb experimental),,,,,10.1016/j.saa.2017.03.044,matrix,overtone / combination region,,,,,,,,,,
206,matrix,PAHdb experimental 3.10 (Ar matrix),uid 487,acridine,C13H9N,0,13,487,,,1693.5,0.19,relative (PAHdb experimental),,,,,10.1016/j.saa.2017.03.044,matrix,overtone / combination region,,,,,,,,,,
207,matrix,PAHdb experimental 3.10 (Ar matrix),uid 487,acridine,C13H9N,0,13,487,,,1697.7,0.34,relative (PAHdb experimental),,,,,10.1016/j.saa.2017.03.044,matrix,overtone / combination region,,,,,,,,,,
208,matrix,PAHdb experimental 3.10 (Ar matrix),uid 487,acridine,C13H9N,0,13,487,,,1709.7,0.17,relative (PAHdb experimental),,,,,10.1016/j.saa.2017.03.044,matrix,overtone / combination region,,,,,,,,,,
209,matrix,PAHdb experimental 3.10 (Ar matrix),uid 487,acridine,C13H9N,0,13,487,,,1718.8,0.79,relative (PAHdb experimental),,,,,10.1016/j.saa.2017.03.044,matrix,overtone / combination region,,,,,,,,,,
210,matrix,PAHdb experimental 3.10 (Ar matrix),uid 487,acridine,C13H9N,0,13,487,,,1721.6,0.72,relative (PAHdb experimental),,,,,10.1016/j.saa.2017.03.044,matrix,overtone / combination region,,,,,,,,,,
211,matrix,PAHdb experimental 3.10 (Ar matrix),uid 487,acridine,C13H9N,0,13,487,,,1725.4,0.68,relative (PAHdb experimental),,,,,10.1016/j.saa.2017.03.044,matrix,overtone / combination region,,,,,,,,,,
212,matrix,PAHdb experimental 3.10 (Ar matrix),uid 487,acridine,C13H9N,0,13,487,,,1746.1,0.29,relative (PAHdb experimental),,,,,10.1016/j.saa.2017.03.044,matrix,overtone / combination region,,,,,,,,,,
213,matrix,PAHdb experimental 3.10 (Ar matrix),uid 487,acridine,C13H9N,0,13,487,,,1752.1,0.19,relative (PAHdb experimental),,,,,10.1016/j.saa.2017.03.044,matrix,overtone / combination region,,,,,,,,,,
214,matrix,PAHdb experimental 3.10 (Ar matrix),uid 487,acridine,C13H9N,0,13,487,,,1760.1,0.12,relative (PAHdb experimental),,,,,10.1016/j.saa.2017.03.044,matrix,overtone / combination region,,,,,,,,,,
215,matrix,PAHdb experimental 3.10 (Ar matrix),uid 487,acridine,C13H9N,0,13,487,,,1764.1,0.23,relative (PAHdb experimental),,,,,10.1016/j.saa.2017.03.044,matrix,overtone / combination region,,,,,,,,,,
216,matrix,PAHdb experimental 3.10 (Ar matrix),uid 487,acridine,C13H9N,0,13,487,,,1769.9,0.21,relative (PAHdb experimental),,,,,10.1016/j.saa.2017.03.044,matrix,overtone / combination region,,,,,,,,,,
217,matrix,PAHdb experimental 3.10 (Ar matrix),uid 487,acridine,C13H9N,0,13,487,,,1810.7,2.52,relative (PAHdb experimental),,,,,10.1016/j.saa.2017.03.044,matrix,overtone / combination region,,,,,,,,,,
218,matrix,PAHdb experimental 3.10 (Ar matrix),uid 487,acridine,C13H9N,0,13,487,,,1815.5,0.88,relative (PAHdb experimental),,,,,10.1016/j.saa.2017.03.044,matrix,overtone / combination region,,,,,,,,,,
219,matrix,PAHdb experimental 3.10 (Ar matrix),uid 487,acridine,C13H9N,0,13,487,,,1828.7,1.49,relative (PAHdb experimental),,,,,10.1016/j.saa.2017.03.044,matrix,overtone / combination region,,,,,,,,,,
220,matrix,PAHdb experimental 3.10 (Ar matrix),uid 487,acridine,C13H9N,0,13,487,,,1833.3,1.32,relative (PAHdb experimental),,,,,10.1016/j.saa.2017.03.044,matrix,overtone / combination region,,,,,,,,,,
221,matrix,PAHdb experimental 3.10 (Ar matrix),uid 487,acridine,C13H9N,0,13,487,,,1836.7,0.37,relative (PAHdb experimental),,,,,10.1016/j.saa.2017.03.044,matrix,overtone / combination region,,,,,,,,,,
222,matrix,PAHdb experimental 3.10 (Ar matrix),uid 487,acridine,C13H9N,0,13,487,,,1862.6,0.76,relative (PAHdb experimental),,,,,10.1016/j.saa.2017.03.044,matrix,overtone / combination region,,,,,,,,,,
223,matrix,PAHdb experimental 3.10 (Ar matrix),uid 487,acridine,C13H9N,0,13,487,,,1882.5,0.2,relative (PAHdb experimental),,,,,10.1016/j.saa.2017.03.044,matrix,overtone / combination region,,,,,,,,,,
224,matrix,PAHdb experimental 3.10 (Ar matrix),uid 487,acridine,C13H9N,0,13,487,,,1912.0,0.93,relative (PAHdb experimental),,,,,10.1016/j.saa.2017.03.044,matrix,overtone / combination region,,,,,,,,,,
225,matrix,PAHdb experimental 3.10 (Ar matrix),uid 487,acridine,C13H9N,0,13,487,,,1918.3,0.77,relative (PAHdb experimental),,,,,10.1016/j.saa.2017.03.044,matrix,overtone / combination region,,,,,,,,,,
226,matrix,PAHdb experimental 3.10 (Ar matrix),uid 487,acridine,C13H9N,0,13,487,,,1921.8,0.1,relative (PAHdb experimental),,,,,10.1016/j.saa.2017.03.044,matrix,overtone / combination region,,,,,,,,,,
227,matrix,PAHdb experimental 3.10 (Ar matrix),uid 487,acridine,C13H9N,0,13,487,,,1929.7,1.05,relative (PAHdb experimental),,,,,10.1016/j.saa.2017.03.044,matrix,overtone / combination region,,,,,,,,,,
228,matrix,PAHdb experimental 3.10 (Ar matrix),uid 487,acridine,C13H9N,0,13,487,,,1935.8,0.64,relative (PAHdb experimental),,,,,10.1016/j.saa.2017.03.044,matrix,overtone / combination region,,,,,,,,,,
229,matrix,PAHdb experimental 3.10 (Ar matrix),uid 487,acridine,C13H9N,0,13,487,,,1949.9,1.17,relative (PAHdb experimental),,,,,10.1016/j.saa.2017.03.044,matrix,overtone / combination region,,,,,,,,,,
230,matrix,PAHdb experimental 3.10 (Ar matrix),uid 487,acridine,C13H9N,0,13,487,,,1955.9,0.69,relative (PAHdb experimental),,,,,10.1016/j.saa.2017.03.044,matrix,overtone / combination region,,,,,,,,,,
231,matrix,PAHdb experimental 3.10 (Ar matrix),uid 487,acridine,C13H9N,0,13,487,,,1959.5,0.29,relative (PAHdb experimental),,,,,10.1016/j.saa.2017.03.044,matrix,overtone / combination region,,,,,,,,,,
232,matrix,PAHdb experimental 3.10 (Ar matrix),uid 487,acridine,C13H9N,0,13,487,,,3018.6,3.34,relative (PAHdb experimental),,,,,10.1016/j.saa.2017.03.044,matrix,CH-stretch,,,,,,,,,,
233,matrix,PAHdb experimental 3.10 (Ar matrix),uid 487,acridine,C13H9N,0,13,487,,,3033.9,5.26,relative (PAHdb experimental),,,,,10.1016/j.saa.2017.03.044,matrix,CH-stretch,,,,,,,,,,
234,matrix,PAHdb experimental 3.10 (Ar matrix),uid 487,acridine,C13H9N,0,13,487,,,3041.1,6.38,relative (PAHdb experimental),,,,,10.1016/j.saa.2017.03.044,matrix,CH-stretch,,,,,,,,,,
235,matrix,PAHdb experimental 3.10 (Ar matrix),uid 487,acridine,C13H9N,0,13,487,,,3061.5,32.9,relative (PAHdb experimental),,,,,10.1016/j.saa.2017.03.044,matrix,CH-stretch,,,,,,,,,,
236,matrix,PAHdb experimental 3.10 (Ar matrix),uid 487,acridine,C13H9N,0,13,487,,,3083.4,10.9,relative (PAHdb experimental),,,,,10.1016/j.saa.2017.03.044,matrix,CH-stretch,,,,,,,,,,
237,matrix,PAHdb experimental 3.10 (Ar matrix),uid 487,acridine,C13H9N,0,13,487,,,3095.6,5.29,relative (PAHdb experimental),,,,,10.1016/j.saa.2017.03.044,matrix,CH-stretch,,,,,,,,,,
238,matrix,PAHdb experimental 3.10 (Ar matrix),uid 275,"7,8-benzoquinoline",C13H9N+,1,13,275,,,536.3,42.242,relative (PAHdb experimental),,,,,10.1021/jp021938c,matrix,low / skeletal,,,,,,,,,,
239,matrix,PAHdb experimental 3.10 (Ar matrix),uid 275,"7,8-benzoquinoline",C13H9N+,1,13,275,,,596.6,15.591,relative (PAHdb experimental),,,,,10.1021/jp021938c,matrix,low / skeletal,,,,,,,,,,
240,matrix,PAHdb experimental 3.10 (Ar matrix),uid 275,"7,8-benzoquinoline",C13H9N+,1,13,275,,,698.2,49.189,relative (PAHdb experimental),,,,,10.1021/jp021938c,matrix,CH-oop (10.5-15 um; benzene nu11 at 673 included),,,,,,,,,,
241,matrix,PAHdb experimental 3.10 (Ar matrix),uid 275,"7,8-benzoquinoline",C13H9N+,1,13,275,,,757.3,22.276,relative (PAHdb experimental),,,,,10.1021/jp021938c,matrix,CH-oop (10.5-15 um; benzene nu11 at 673 included),,,,,,,,,,
242,matrix,PAHdb experimental 3.10 (Ar matrix),uid 275,"7,8-benzoquinoline",C13H9N+,1,13,275,,,853.5,27.636,relative (PAHdb experimental),,,,,10.1021/jp021938c,matrix,CH-oop (10.5-15 um; benzene nu11 at 673 included),,,,,,,,,,
243,matrix,PAHdb experimental 3.10 (Ar matrix),uid 275,"7,8-benzoquinoline",C13H9N+,1,13,275,,,870.6,17.772,relative (PAHdb experimental),,,,,10.1021/jp021938c,matrix,CH-oop (10.5-15 um; benzene nu11 at 673 included),,,,,,,,,,
244,matrix,PAHdb experimental 3.10 (Ar matrix),uid 275,"7,8-benzoquinoline",C13H9N+,1,13,275,,,1002.9,28.315,relative (PAHdb experimental),,,,,10.1021/jp021938c,matrix,ring / CH-ip (9-10.5 um),,,,,,,,,,
245,matrix,PAHdb experimental 3.10 (Ar matrix),uid 275,"7,8-benzoquinoline",C13H9N+,1,13,275,,,1012.2,16.478,relative (PAHdb experimental),,,,,10.1021/jp021938c,matrix,ring / CH-ip (9-10.5 um),,,,,,,,,,
246,matrix,PAHdb experimental 3.10 (Ar matrix),uid 275,"7,8-benzoquinoline",C13H9N+,1,13,275,,,1024.9,13.416,relative (PAHdb experimental),,,,,10.1021/jp021938c,matrix,ring / CH-ip (9-10.5 um),,,,,,,,,,
247,matrix,PAHdb experimental 3.10 (Ar matrix),uid 275,"7,8-benzoquinoline",C13H9N+,1,13,275,,,1053.0,9.4916,relative (PAHdb experimental),,,,,10.1021/jp021938c,matrix,ring / CH-ip (9-10.5 um),,,,,,,,,,
248,matrix,PAHdb experimental 3.10 (Ar matrix),uid 275,"7,8-benzoquinoline",C13H9N+,1,13,275,,,1140.2,32.879,relative (PAHdb experimental),,,,,10.1021/jp021938c,matrix,CH-ip-bend (8.6 um),,,,,,,,,,
249,matrix,PAHdb experimental 3.10 (Ar matrix),uid 275,"7,8-benzoquinoline",C13H9N+,1,13,275,,,1159.9,71.971,relative (PAHdb experimental),,,,,10.1021/jp021938c,matrix,CH-ip-bend (8.6 um),,,,,,,,,,
250,matrix,PAHdb experimental 3.10 (Ar matrix),uid 275,"7,8-benzoquinoline",C13H9N+,1,13,275,,,1202.6,110.59,relative (PAHdb experimental),,,,,10.1021/jp021938c,matrix,CH-ip-bend (8.6 um),,,,,,,,,,
251,matrix,PAHdb experimental 3.10 (Ar matrix),uid 275,"7,8-benzoquinoline",C13H9N+,1,13,275,,,1216.5,11.387,relative (PAHdb experimental),,,,,10.1021/jp021938c,matrix,CH-ip-bend (8.6 um),,,,,,,,,,
252,matrix,PAHdb experimental 3.10 (Ar matrix),uid 275,"7,8-benzoquinoline",C13H9N+,1,13,275,,,1230.7,10.223,relative (PAHdb experimental),,,,,10.1021/jp021938c,matrix,CH-ip-bend (8.6 um),,,,,,,,,,
253,matrix,PAHdb experimental 3.10 (Ar matrix),uid 275,"7,8-benzoquinoline",C13H9N+,1,13,275,,,1243.1,133.6,relative (PAHdb experimental),,,,,10.1021/jp021938c,matrix,CH-ip-bend (8.6 um),,,,,,,,,,
254,matrix,PAHdb experimental 3.10 (Ar matrix),uid 275,"7,8-benzoquinoline",C13H9N+,1,13,275,,,1249.8,19.699,relative (PAHdb experimental),,,,,10.1021/jp021938c,matrix,CH-ip-bend (8.6 um),,,,,,,,,,
255,matrix,PAHdb experimental 3.10 (Ar matrix),uid 275,"7,8-benzoquinoline",C13H9N+,1,13,275,,,1260.3,34.848,relative (PAHdb experimental),,,,,10.1021/jp021938c,matrix,CC-stretch/CH-ip (7.7 um),,,,,,,,,,
256,matrix,PAHdb experimental 3.10 (Ar matrix),uid 275,"7,8-benzoquinoline",C13H9N+,1,13,275,,,1308.2,75.982,relative (PAHdb experimental),,,,,10.1021/jp021938c,matrix,CC-stretch/CH-ip (7.7 um),,,,,,,,,,
257,matrix,PAHdb experimental 3.10 (Ar matrix),uid 275,"7,8-benzoquinoline",C13H9N+,1,13,275,,,1420.8,23.029,relative (PAHdb experimental),,,,,10.1021/jp021938c,matrix,CC-stretch/CH-ip (7.7 um),,,,,,,,,,
258,matrix,PAHdb experimental 3.10 (Ar matrix),uid 275,"7,8-benzoquinoline",C13H9N+,1,13,275,,,1431.8,5.6296,relative (PAHdb experimental),,,,,10.1021/jp021938c,matrix,CC-stretch/CH-ip (7.7 um),,,,,,,,,,
259,matrix,PAHdb experimental 3.10 (Ar matrix),uid 275,"7,8-benzoquinoline",C13H9N+,1,13,275,,,1439.4,63.733,relative (PAHdb experimental),,,,,10.1021/jp021938c,matrix,CC-stretch/CH-ip (7.7 um),,,,,,,,,,
260,matrix,PAHdb experimental 3.10 (Ar matrix),uid 275,"7,8-benzoquinoline",C13H9N+,1,13,275,,,1490.7,129.99,relative (PAHdb experimental),,,,,10.1021/jp021938c,matrix,CC-stretch/CH-ip (7.7 um),,,,,,,,,,
261,matrix,PAHdb experimental 3.10 (Ar matrix),uid 275,"7,8-benzoquinoline",C13H9N+,1,13,275,,,1508.9,27.525,relative (PAHdb experimental),,,,,10.1021/jp021938c,matrix,CC-stretch (6.2 um),,,,,,,,,,
262,matrix,PAHdb experimental 3.10 (Ar matrix),uid 275,"7,8-benzoquinoline",C13H9N+,1,13,275,,,1536.3,122.04,relative (PAHdb experimental),,,,,10.1021/jp021938c,matrix,CC-stretch (6.2 um),,,,,,,,,,
263,matrix,PAHdb experimental 3.10 (Ar matrix),uid 275,"7,8-benzoquinoline",C13H9N+,1,13,275,,,1583.5,10.871,relative (PAHdb experimental),,,,,10.1021/jp021938c,matrix,CC-stretch (6.2 um),,,,,,,,,,
264,matrix,PAHdb experimental 3.10 (Ar matrix),uid 265,anthracene,C14H10,0,14,265,,,468.0,16.856,relative (PAHdb experimental),,,,,10.1021/j100022a007,matrix,low / skeletal,,,,,,,,,,
265,matrix,PAHdb experimental 3.10 (Ar matrix),uid 265,anthracene,C14H10,0,14,265,,,602.9,7.826,relative (PAHdb experimental),,,,,10.1021/j100022a007,matrix,low / skeletal,,,,,,,,,,
266,matrix,PAHdb experimental 3.10 (Ar matrix),uid 265,anthracene,C14H10,0,14,265,,,725.6,84.28,relative (PAHdb experimental),,,,,10.1021/j100022a007,matrix,CH-oop (10.5-15 um; benzene nu11 at 673 included),,,,,,,,,,
267,matrix,PAHdb experimental 3.10 (Ar matrix),uid 265,anthracene,C14H10,0,14,265,,,878.3,66.22,relative (PAHdb experimental),,,,,10.1021/j100022a007,matrix,CH-oop (10.5-15 um; benzene nu11 at 673 included),,,,,,,,,,
268,matrix,PAHdb experimental 3.10 (Ar matrix),uid 265,anthracene,C14H10,0,14,265,,,906.8,0.8428,relative (PAHdb experimental),,,,,10.1021/j100022a007,matrix,CH-oop (10.5-15 um; benzene nu11 at 673 included),,,,,,,,,,
269,matrix,PAHdb experimental 3.10 (Ar matrix),uid 265,anthracene,C14H10,0,14,265,,,954.9,5.8996,relative (PAHdb experimental),,,,,10.1021/j100022a007,matrix,ring / CH-ip (9-10.5 um),,,,,,,,,,
270,matrix,PAHdb experimental 3.10 (Ar matrix),uid 265,anthracene,C14H10,0,14,265,,,1000.9,6.622,relative (PAHdb experimental),,,,,10.1021/j100022a007,matrix,ring / CH-ip (9-10.5 um),,,,,,,,,,
271,matrix,PAHdb experimental 3.10 (Ar matrix),uid 265,anthracene,C14H10,0,14,265,,,1149.2,5.8996,relative (PAHdb experimental),,,,,10.1021/j100022a007,matrix,CH-ip-bend (8.6 um),,,,,,,,,,
272,matrix,PAHdb experimental 3.10 (Ar matrix),uid 265,anthracene,C14H10,0,14,265,,,1166.9,4.214,relative (PAHdb experimental),,,,,10.1021/j100022a007,matrix,CH-ip-bend (8.6 um),,,,,,,,,,
273,matrix,PAHdb experimental 3.10 (Ar matrix),uid 265,anthracene,C14H10,0,14,265,,,1272.5,5.0568,relative (PAHdb experimental),,,,,10.1021/j100022a007,matrix,CC-stretch/CH-ip (7.7 um),,,,,,,,,,
274,matrix,PAHdb experimental 3.10 (Ar matrix),uid 265,anthracene,C14H10,0,14,265,,,1318.1,8.428,relative (PAHdb experimental),,,,,10.1021/j100022a007,matrix,CC-stretch/CH-ip (7.7 um),,,,,,,,,,
275,matrix,PAHdb experimental 3.10 (Ar matrix),uid 265,anthracene,C14H10,0,14,265,,,1345.6,1.6856,relative (PAHdb experimental),,,,,10.1021/j100022a007,matrix,CC-stretch/CH-ip (7.7 um),,,,,,,,,,
276,matrix,PAHdb experimental 3.10 (Ar matrix),uid 265,anthracene,C14H10,0,14,265,,,1450.5,3.3712,relative (PAHdb experimental),,,,,10.1021/j100022a007,matrix,CC-stretch/CH-ip (7.7 um),,,,,,,,,,
277,matrix,PAHdb experimental 3.10 (Ar matrix),uid 265,anthracene,C14H10,0,14,265,,,1460.0,2.5284,relative (PAHdb experimental),,,,,10.1021/j100022a007,matrix,CC-stretch/CH-ip (7.7 um),,,,,,,,,,
278,matrix,PAHdb experimental 3.10 (Ar matrix),uid 265,anthracene,C14H10,0,14,265,,,1542.0,6.622,relative (PAHdb experimental),,,,,10.1021/j100022a007,matrix,CC-stretch (6.2 um),,,,,,,,,,
279,matrix,PAHdb experimental 3.10 (Ar matrix),uid 265,anthracene,C14H10,0,14,265,,,1610.5,1.6856,relative (PAHdb experimental),,,,,10.1021/j100022a007,matrix,CC-stretch (6.2 um),,,,,,,,,,
280,matrix,PAHdb experimental 3.10 (Ar matrix),uid 265,anthracene,C14H10,0,14,265,,,1627.8,3.3712,relative (PAHdb experimental),,,,,10.1021/j100022a007,matrix,CC-stretch (6.2 um),,,,,,,,,,
281,matrix,PAHdb experimental 3.10 (Ar matrix),uid 265,anthracene,C14H10,0,14,265,,,1675.0,2.5284,relative (PAHdb experimental),,,,,10.1021/j100022a007,matrix,overtone / combination region,,,,,,,,,,
282,matrix,PAHdb experimental 3.10 (Ar matrix),uid 265,anthracene,C14H10,0,14,265,,,1707.2,3.3712,relative (PAHdb experimental),,,,,10.1021/j100022a007,matrix,overtone / combination region,,,,,,,,,,
283,matrix,PAHdb experimental 3.10 (Ar matrix),uid 265,anthracene,C14H10,0,14,265,,,1738.3,1.6856,relative (PAHdb experimental),,,,,10.1021/j100022a007,matrix,overtone / combination region,,,,,,,,,,
284,matrix,PAHdb experimental 3.10 (Ar matrix),uid 265,anthracene,C14H10,0,14,265,,,1765.4,3.3712,relative (PAHdb experimental),,,,,10.1021/j100022a007,matrix,overtone / combination region,,,,,,,,,,
285,matrix,PAHdb experimental 3.10 (Ar matrix),uid 265,anthracene,C14H10,0,14,265,,,1780.0,0.8428,relative (PAHdb experimental),,,,,10.1021/j100022a007,matrix,overtone / combination region,,,,,,,,,,
286,matrix,PAHdb experimental 3.10 (Ar matrix),uid 265,anthracene,C14H10,0,14,265,,,1796.7,4.214,relative (PAHdb experimental),,,,,10.1021/j100022a007,matrix,overtone / combination region,,,,,,,,,,
287,matrix,PAHdb experimental 3.10 (Ar matrix),uid 265,anthracene,C14H10,0,14,265,,,1815.8,2.5284,relative (PAHdb experimental),,,,,10.1021/j100022a007,matrix,overtone / combination region,,,,,,,,,,
288,matrix,PAHdb experimental 3.10 (Ar matrix),uid 265,anthracene,C14H10,0,14,265,,,1844.1,0.8428,relative (PAHdb experimental),,,,,10.1021/j100022a007,matrix,overtone / combination region,,,,,,,,,,
289,matrix,PAHdb experimental 3.10 (Ar matrix),uid 265,anthracene,C14H10,0,14,265,,,1903.8,1.6856,relative (PAHdb experimental),,,,,10.1021/j100022a007,matrix,overtone / combination region,,,,,,,,,,
290,matrix,PAHdb experimental 3.10 (Ar matrix),uid 265,anthracene,C14H10,0,14,265,,,1918.3,2.5284,relative (PAHdb experimental),,,,,10.1021/j100022a007,matrix,overtone / combination region,,,,,,,,,,
291,matrix,PAHdb experimental 3.10 (Ar matrix),uid 265,anthracene,C14H10,0,14,265,,,1938.1,5.0568,relative (PAHdb experimental),,,,,10.1021/j100022a007,matrix,overtone / combination region,,,,,,,,,,
292,matrix,PAHdb experimental 3.10 (Ar matrix),uid 265,anthracene,C14H10,0,14,265,,,3064.6,138.46,relative (PAHdb experimental),,,,,10.1021/j100022a007,matrix,CH-stretch,,,,,,,,,,
293,matrix,PAHdb experimental 3.10 (Ar matrix),uid 273,phenanthrene,C14H10,0,14,273,10.0,0.9,494.0,3.3712,relative (PAHdb experimental),,,,0.9,10.1021/jp9834816,matrix,low / skeletal,,,,,,,,,,
294,matrix,PAHdb experimental 3.10 (Ar matrix),uid 273,phenanthrene,C14H10,0,14,273,10.0,0.9,617.5,5.0568,relative (PAHdb experimental),,,,0.9,10.1021/jp9834816,matrix,low / skeletal,,,,,,,,,,
295,matrix,PAHdb experimental 3.10 (Ar matrix),uid 273,phenanthrene,C14H10,0,14,273,10.0,0.9,710.2,3.3712,relative (PAHdb experimental),,,,0.9,10.1021/jp9834816,matrix,CH-oop (10.5-15 um; benzene nu11 at 673 included),,,,,,,,,,
296,matrix,PAHdb experimental 3.10 (Ar matrix),uid 273,phenanthrene,C14H10,0,14,273,10.0,0.9,735.0,84.28,relative (PAHdb experimental),,,,0.9,10.1021/jp9834816,matrix,CH-oop (10.5-15 um; benzene nu11 at 673 included),,,,,,,,,,
297,matrix,PAHdb experimental 3.10 (Ar matrix),uid 273,phenanthrene,C14H10,0,14,273,10.0,0.9,812.8,58.394,relative (PAHdb experimental),,,,0.9,10.1021/jp9834816,matrix,CH-oop (10.5-15 um; benzene nu11 at 673 included),,,,,,,,,,
298,matrix,PAHdb experimental 3.10 (Ar matrix),uid 273,phenanthrene,C14H10,0,14,273,10.0,0.9,833.0,1.6856,relative (PAHdb experimental),,,,0.9,10.1021/jp9834816,matrix,CH-oop (10.5-15 um; benzene nu11 at 673 included),,,,,,,,,,
299,matrix,PAHdb experimental 3.10 (Ar matrix),uid 273,phenanthrene,C14H10,0,14,273,10.0,0.9,864.9,10.234,relative (PAHdb experimental),,,,0.9,10.1021/jp9834816,matrix,CH-oop (10.5-15 um; benzene nu11 at 673 included),,,,,,,,,,
300,matrix,PAHdb experimental 3.10 (Ar matrix),uid 273,phenanthrene,C14H10,0,14,273,10.0,0.9,877.6,1.6856,relative (PAHdb experimental),,,,0.9,10.1021/jp9834816,matrix,CH-oop (10.5-15 um; benzene nu11 at 673 included),,,,,,,,,,
301,matrix,PAHdb experimental 3.10 (Ar matrix),uid 273,phenanthrene,C14H10,0,14,273,10.0,0.9,948.2,2.5284,relative (PAHdb experimental),,,,0.9,10.1021/jp9834816,matrix,CH-oop (10.5-15 um; benzene nu11 at 673 included),,,,,,,,,,
302,matrix,PAHdb experimental 3.10 (Ar matrix),uid 273,phenanthrene,C14H10,0,14,273,10.0,0.9,1002.5,1.6856,relative (PAHdb experimental),,,,0.9,10.1021/jp9834816,matrix,ring / CH-ip (9-10.5 um),,,,,,,,,,
303,matrix,PAHdb experimental 3.10 (Ar matrix),uid 273,phenanthrene,C14H10,0,14,273,10.0,0.9,1039.9,5.0568,relative (PAHdb experimental),,,,0.9,10.1021/jp9834816,matrix,ring / CH-ip (9-10.5 um),,,,,,,,,,
304,matrix,PAHdb experimental 3.10 (Ar matrix),uid 273,phenanthrene,C14H10,0,14,273,10.0,0.9,1094.5,1.6856,relative (PAHdb experimental),,,,0.9,10.1021/jp9834816,matrix,ring / CH-ip (9-10.5 um),,,,,,,,,,
305,matrix,PAHdb experimental 3.10 (Ar matrix),uid 273,phenanthrene,C14H10,0,14,273,10.0,0.9,1144.1,2.5284,relative (PAHdb experimental),,,,0.9,10.1021/jp9834816,matrix,CH-ip-bend (8.6 um),,,,,,,,,,
306,matrix,PAHdb experimental 3.10 (Ar matrix),uid 273,phenanthrene,C14H10,0,14,273,10.0,0.9,1165.4,1.6856,relative (PAHdb experimental),,,,0.9,10.1021/jp9834816,matrix,CH-ip-bend (8.6 um),,,,,,,,,,
307,matrix,PAHdb experimental 3.10 (Ar matrix),uid 273,phenanthrene,C14H10,0,14,273,10.0,0.9,1202.7,2.5284,relative (PAHdb experimental),,,,0.9,10.1021/jp9834816,matrix,CH-ip-bend (8.6 um),,,,,,,,,,
308,matrix,PAHdb experimental 3.10 (Ar matrix),uid 273,phenanthrene,C14H10,0,14,273,10.0,0.9,1223.8,0.50568,relative (PAHdb experimental),,,,0.9,10.1021/jp9834816,matrix,CH-ip-bend (8.6 um),,,,,,,,,,
309,matrix,PAHdb experimental 3.10 (Ar matrix),uid 273,phenanthrene,C14H10,0,14,273,10.0,0.9,1245.8,9.03,relative (PAHdb experimental),,,,0.9,10.1021/jp9834816,matrix,CH-ip-bend (8.6 um),,,,,,,,,,
310,matrix,PAHdb experimental 3.10 (Ar matrix),uid 273,phenanthrene,C14H10,0,14,273,10.0,0.9,1302.9,3.3712,relative (PAHdb experimental),,,,0.9,10.1021/jp9834816,matrix,CC-stretch/CH-ip (7.7 um),,,,,,,,,,
311,matrix,PAHdb experimental 3.10 (Ar matrix),uid 273,phenanthrene,C14H10,0,14,273,10.0,0.9,1351.4,0.8428,relative (PAHdb experimental),,,,0.9,10.1021/jp9834816,matrix,CC-stretch/CH-ip (7.7 um),,,,,,,,,,
312,matrix,PAHdb experimental 3.10 (Ar matrix),uid 273,phenanthrene,C14H10,0,14,273,10.0,0.9,1419.0,0.8428,relative (PAHdb experimental),,,,0.9,10.1021/jp9834816,matrix,CC-stretch/CH-ip (7.7 um),,,,,,,,,,
313,matrix,PAHdb experimental 3.10 (Ar matrix),uid 273,phenanthrene,C14H10,0,14,273,10.0,0.9,1427.5,0.8428,relative (PAHdb experimental),,,,0.9,10.1021/jp9834816,matrix,CC-stretch/CH-ip (7.7 um),,,,,,,,,,
314,matrix,PAHdb experimental 3.10 (Ar matrix),uid 273,phenanthrene,C14H10,0,14,273,10.0,0.9,1430.7,1.6856,relative (PAHdb experimental),,,,0.9,10.1021/jp9834816,matrix,CC-stretch/CH-ip (7.7 um),,,,,,,,,,
315,matrix,PAHdb experimental 3.10 (Ar matrix),uid 273,phenanthrene,C14H10,0,14,273,10.0,0.9,1436.2,0.58996,relative (PAHdb experimental),,,,0.9,10.1021/jp9834816,matrix,CC-stretch/CH-ip (7.7 um),,,,,,,,,,
316,matrix,PAHdb experimental 3.10 (Ar matrix),uid 273,phenanthrene,C14H10,0,14,273,10.0,0.9,1447.9,0.4214,relative (PAHdb experimental),,,,0.9,10.1021/jp9834816,matrix,CC-stretch/CH-ip (7.7 um),,,,,,,,,,
317,matrix,PAHdb experimental 3.10 (Ar matrix),uid 273,phenanthrene,C14H10,0,14,273,10.0,0.9,1460.4,12.04,relative (PAHdb experimental),,,,0.9,10.1021/jp9834816,matrix,CC-stretch/CH-ip (7.7 um),,,,,,,,,,
318,matrix,PAHdb experimental 3.10 (Ar matrix),uid 273,phenanthrene,C14H10,0,14,273,10.0,0.9,1504.7,7.826,relative (PAHdb experimental),,,,0.9,10.1021/jp9834816,matrix,CC-stretch (6.2 um),,,,,,,,,,
319,matrix,PAHdb experimental 3.10 (Ar matrix),uid 273,phenanthrene,C14H10,0,14,273,10.0,0.9,1530.1,1.6856,relative (PAHdb experimental),,,,0.9,10.1021/jp9834816,matrix,CC-stretch (6.2 um),,,,,,,,,,
320,matrix,PAHdb experimental 3.10 (Ar matrix),uid 273,phenanthrene,C14H10,0,14,273,10.0,0.9,1597.9,0.8428,relative (PAHdb experimental),,,,0.9,10.1021/jp9834816,matrix,CC-stretch (6.2 um),,,,,,,,,,
321,matrix,PAHdb experimental 3.10 (Ar matrix),uid 273,phenanthrene,C14H10,0,14,273,10.0,0.9,1602.8,0.33712,relative (PAHdb experimental),,,,0.9,10.1021/jp9834816,matrix,CC-stretch (6.2 um),,,,,,,,,,
322,matrix,PAHdb experimental 3.10 (Ar matrix),uid 273,phenanthrene,C14H10,0,14,273,10.0,0.9,1946.7,3.3712,relative (PAHdb experimental),,,,0.9,10.1021/jp9834816,matrix,overtone / combination region,,,,,,,,,,
323,matrix,PAHdb experimental 3.10 (Ar matrix),uid 273,phenanthrene,C14H10,0,14,273,10.0,0.9,3070.9,126.42,relative (PAHdb experimental),,,,0.9,10.1021/jp9834816,matrix,CH-stretch,,,,,,,,,,
324,matrix,PAHdb experimental 3.10 (Ar matrix),uid 365,phenanthrene,C14H10+,1,14,365,,,582.0,21.07,relative (PAHdb experimental),,,,,10.1021/j100010a011,matrix,low / skeletal,,,,,,,,,,
325,matrix,PAHdb experimental 3.10 (Ar matrix),uid 365,phenanthrene,C14H10+,1,14,365,,,694.5,8.428,relative (PAHdb experimental),,,,,10.1021/j100010a011,matrix,CH-oop (10.5-15 um; benzene nu11 at 673 included),,,,,,,,,,
326,matrix,PAHdb experimental 3.10 (Ar matrix),uid 365,phenanthrene,C14H10+,1,14,365,,,756.2,6.622,relative (PAHdb experimental),,,,,10.1021/j100010a011,matrix,CH-oop (10.5-15 um; benzene nu11 at 673 included),,,,,,,,,,
327,matrix,PAHdb experimental 3.10 (Ar matrix),uid 365,phenanthrene,C14H10+,1,14,365,,,836.0,5.1772,relative (PAHdb experimental),,,,,10.1021/j100010a011,matrix,CH-oop (10.5-15 um; benzene nu11 at 673 included),,,,,,,,,,
328,matrix,PAHdb experimental 3.10 (Ar matrix),uid 365,phenanthrene,C14H10+,1,14,365,,,1102.6,4.9966,relative (PAHdb experimental),,,,,10.1021/j100010a011,matrix,CH-ip-bend (8.6 um),,,,,,,,,,
329,matrix,PAHdb experimental 3.10 (Ar matrix),uid 365,phenanthrene,C14H10+,1,14,365,,,1136.3,5.418,relative (PAHdb experimental),,,,,10.1021/j100010a011,matrix,CH-ip-bend (8.6 um),,,,,,,,,,
330,matrix,PAHdb experimental 3.10 (Ar matrix),uid 365,phenanthrene,C14H10+,1,14,365,,,1139.7,4.9364,relative (PAHdb experimental),,,,,10.1021/j100010a011,matrix,CH-ip-bend (8.6 um),,,,,,,,,,
331,matrix,PAHdb experimental 3.10 (Ar matrix),uid 365,phenanthrene,C14H10+,1,14,365,,,1258.7,4.0936,relative (PAHdb experimental),,,,,10.1021/j100010a011,matrix,CC-stretch/CH-ip (7.7 um),,,,,,,,,,
332,matrix,PAHdb experimental 3.10 (Ar matrix),uid 365,phenanthrene,C14H10+,1,14,365,,,1264.7,1.204,relative (PAHdb experimental),,,,,10.1021/j100010a011,matrix,CC-stretch/CH-ip (7.7 um),,,,,,,,,,
333,matrix,PAHdb experimental 3.10 (Ar matrix),uid 365,phenanthrene,C14H10+,1,14,365,,,1267.0,12.04,relative (PAHdb experimental),,,,,10.1021/j100010a011,matrix,CC-stretch/CH-ip (7.7 um),,,,,,,,,,
334,matrix,PAHdb experimental 3.10 (Ar matrix),uid 365,phenanthrene,C14H10+,1,14,365,,,1277.5,78.26,relative (PAHdb experimental),,,,,10.1021/j100010a011,matrix,CC-stretch/CH-ip (7.7 um),,,,,,,,,,
335,matrix,PAHdb experimental 3.10 (Ar matrix),uid 365,phenanthrene,C14H10+,1,14,365,,,1299.0,7.826,relative (PAHdb experimental),,,,,10.1021/j100010a011,matrix,CC-stretch/CH-ip (7.7 um),,,,,,,,,,
336,matrix,PAHdb experimental 3.10 (Ar matrix),uid 365,phenanthrene,C14H10+,1,14,365,,,1513.0,1.6254,relative (PAHdb experimental),,,,,10.1021/j100010a011,matrix,CC-stretch (6.2 um),,,,,,,,,,
337,matrix,PAHdb experimental 3.10 (Ar matrix),uid 365,phenanthrene,C14H10+,1,14,365,,,1551.0,5.3578,relative (PAHdb experimental),,,,,10.1021/j100010a011,matrix,CC-stretch (6.2 um),,,,,,,,,,
338,matrix,PAHdb experimental 3.10 (Ar matrix),uid 365,phenanthrene,C14H10+,1,14,365,,,1558.2,2.0468,relative (PAHdb experimental),,,,,10.1021/j100010a011,matrix,CC-stretch (6.2 um),,,,,,,,,,
339,matrix,PAHdb experimental 3.10 (Ar matrix),uid 365,phenanthrene,C14H10+,1,14,365,,,1565.0,40.936,relative (PAHdb experimental),,,,,10.1021/j100010a011,matrix,CC-stretch (6.2 um),,,,,,,,,,
340,matrix,PAHdb experimental 3.10 (Ar matrix),uid 266,anthracene,C14H10+,1,14,266,,,748.3,40.936,relative (PAHdb experimental),,,,,10.1021/j100022a007,matrix,CH-oop (10.5-15 um; benzene nu11 at 673 included),,,,,,,,,,
341,matrix,PAHdb experimental 3.10 (Ar matrix),uid 266,anthracene,C14H10+,1,14,266,,,912.0,14.448,relative (PAHdb experimental),,,,,10.1021/j100022a007,matrix,CH-oop (10.5-15 um; benzene nu11 at 673 included),,,,,,,,,,
342,matrix,PAHdb experimental 3.10 (Ar matrix),uid 266,anthracene,C14H10+,1,14,266,,,1183.3,2.2274,relative (PAHdb experimental),,,,,10.1021/j100022a007,matrix,CH-ip-bend (8.6 um),,,,,,,,,,
343,matrix,PAHdb experimental 3.10 (Ar matrix),uid 266,anthracene,C14H10+,1,14,266,,,1188.6,108.36,relative (PAHdb experimental),,,,,10.1021/j100022a007,matrix,CH-ip-bend (8.6 um),,,,,,,,,,
344,matrix,PAHdb experimental 3.10 (Ar matrix),uid 266,anthracene,C14H10+,1,14,266,,,1290.4,9.03,relative (PAHdb experimental),,,,,10.1021/j100022a007,matrix,CC-stretch/CH-ip (7.7 um),,,,,,,,,,
345,matrix,PAHdb experimental 3.10 (Ar matrix),uid 266,anthracene,C14H10+,1,14,266,,,1314.6,9.03,relative (PAHdb experimental),,,,,10.1021/j100022a007,matrix,CC-stretch/CH-ip (7.7 um),,,,,,,,,,
346,matrix,PAHdb experimental 3.10 (Ar matrix),uid 266,anthracene,C14H10+,1,14,266,,,1341.0,156.52,relative (PAHdb experimental),,,,,10.1021/j100022a007,matrix,CC-stretch/CH-ip (7.7 um),,,,,,,,,,
347,matrix,PAHdb experimental 3.10 (Ar matrix),uid 266,anthracene,C14H10+,1,14,266,,,1352.6,48.16,relative (PAHdb experimental),,,,,10.1021/j100022a007,matrix,CC-stretch/CH-ip (7.7 um),,,,,,,,,,
348,matrix,PAHdb experimental 3.10 (Ar matrix),uid 266,anthracene,C14H10+,1,14,266,,,1364.4,6.02,relative (PAHdb experimental),,,,,10.1021/j100022a007,matrix,CC-stretch/CH-ip (7.7 um),,,,,,,,,,
349,matrix,PAHdb experimental 3.10 (Ar matrix),uid 266,anthracene,C14H10+,1,14,266,,,1406.1,2.3478,relative (PAHdb experimental),,,,,10.1021/j100022a007,matrix,CC-stretch/CH-ip (7.7 um),,,,,,,,,,
350,matrix,PAHdb experimental 3.10 (Ar matrix),uid 266,anthracene,C14H10+,1,14,266,,,1409.5,16.254,relative (PAHdb experimental),,,,,10.1021/j100022a007,matrix,CC-stretch/CH-ip (7.7 um),,,,,,,,,,
351,matrix,PAHdb experimental 3.10 (Ar matrix),uid 266,anthracene,C14H10+,1,14,266,,,1418.4,132.44,relative (PAHdb experimental),,,,,10.1021/j100022a007,matrix,CC-stretch/CH-ip (7.7 um),,,,,,,,,,
352,matrix,PAHdb experimental 3.10 (Ar matrix),uid 266,anthracene,C14H10+,1,14,266,,,1430.2,2.2876,relative (PAHdb experimental),,,,,10.1021/j100022a007,matrix,CC-stretch/CH-ip (7.7 um),,,,,,,,,,
353,matrix,PAHdb experimental 3.10 (Ar matrix),uid 266,anthracene,C14H10+,1,14,266,,,1456.5,11.438,relative (PAHdb experimental),,,,,10.1021/j100022a007,matrix,CC-stretch/CH-ip (7.7 um),,,,,,,,,,
354,matrix,PAHdb experimental 3.10 (Ar matrix),uid 266,anthracene,C14H10+,1,14,266,,,1539.9,23.478,relative (PAHdb experimental),,,,,10.1021/j100022a007,matrix,CC-stretch (6.2 um),,,,,,,,,,
355,matrix,PAHdb experimental 3.10 (Ar matrix),uid 266,anthracene,C14H10+,1,14,266,,,1586.4,21.672,relative (PAHdb experimental),,,,,10.1021/j100022a007,matrix,CC-stretch (6.2 um),,,,,,,,,,
356,matrix,PAHdb experimental 3.10 (Ar matrix),uid 271,2-azapyrene,C15H9N,0,15,271,,,717.6,44.2,relative (PAHdb experimental),,,,,10.1021/jp021938c,matrix,CH-oop (10.5-15 um; benzene nu11 at 673 included),,,,,,,,,,
357,matrix,PAHdb experimental 3.10 (Ar matrix),uid 271,2-azapyrene,C15H9N,0,15,271,,,804.7,6.3,relative (PAHdb experimental),,,,,10.1021/jp021938c,matrix,CH-oop (10.5-15 um; benzene nu11 at 673 included),,,,,,,,,,
358,matrix,PAHdb experimental 3.10 (Ar matrix),uid 271,2-azapyrene,C15H9N,0,15,271,,,816.5,21.0,relative (PAHdb experimental),,,,,10.1021/jp021938c,matrix,CH-oop (10.5-15 um; benzene nu11 at 673 included),,,,,,,,,,
359,matrix,PAHdb experimental 3.10 (Ar matrix),uid 271,2-azapyrene,C15H9N,0,15,271,,,822.4,9.2,relative (PAHdb experimental),,,,,10.1021/jp021938c,matrix,CH-oop (10.5-15 um; benzene nu11 at 673 included),,,,,,,,,,
360,matrix,PAHdb experimental 3.10 (Ar matrix),uid 271,2-azapyrene,C15H9N,0,15,271,,,846.8,21.7,relative (PAHdb experimental),,,,,10.1021/jp021938c,matrix,CH-oop (10.5-15 um; benzene nu11 at 673 included),,,,,,,,,,
361,matrix,PAHdb experimental 3.10 (Ar matrix),uid 271,2-azapyrene,C15H9N,0,15,271,,,893.7,25.2,relative (PAHdb experimental),,,,,10.1021/jp021938c,matrix,CH-oop (10.5-15 um; benzene nu11 at 673 included),,,,,,,,,,
362,matrix,PAHdb experimental 3.10 (Ar matrix),uid 271,2-azapyrene,C15H9N,0,15,271,,,1024.9,5.7,relative (PAHdb experimental),,,,,10.1021/jp021938c,matrix,ring / CH-ip (9-10.5 um),,,,,,,,,,
363,matrix,PAHdb experimental 3.10 (Ar matrix),uid 271,2-azapyrene,C15H9N,0,15,271,,,1077.1,5.2,relative (PAHdb experimental),,,,,10.1021/jp021938c,matrix,ring / CH-ip (9-10.5 um),,,,,,,,,,
364,matrix,PAHdb experimental 3.10 (Ar matrix),uid 271,2-azapyrene,C15H9N,0,15,271,,,1143.3,13.9,relative (PAHdb experimental),,,,,10.1021/jp021938c,matrix,CH-ip-bend (8.6 um),,,,,,,,,,
365,matrix,PAHdb experimental 3.10 (Ar matrix),uid 271,2-azapyrene,C15H9N,0,15,271,,,1183.0,8.2,relative (PAHdb experimental),,,,,10.1021/jp021938c,matrix,CH-ip-bend (8.6 um),,,,,,,,,,
366,matrix,PAHdb experimental 3.10 (Ar matrix),uid 271,2-azapyrene,C15H9N,0,15,271,,,1208.0,6.6,relative (PAHdb experimental),,,,,10.1021/jp021938c,matrix,CH-ip-bend (8.6 um),,,,,,,,,,
367,matrix,PAHdb experimental 3.10 (Ar matrix),uid 271,2-azapyrene,C15H9N,0,15,271,,,1239.4,10.4,relative (PAHdb experimental),,,,,10.1021/jp021938c,matrix,CH-ip-bend (8.6 um),,,,,,,,,,
368,matrix,PAHdb experimental 3.10 (Ar matrix),uid 271,2-azapyrene,C15H9N,0,15,271,,,1254.4,8.9,relative (PAHdb experimental),,,,,10.1021/jp021938c,matrix,CC-stretch/CH-ip (7.7 um),,,,,,,,,,
369,matrix,PAHdb experimental 3.10 (Ar matrix),uid 271,2-azapyrene,C15H9N,0,15,271,,,1385.0,4.2,relative (PAHdb experimental),,,,,10.1021/jp021938c,matrix,CC-stretch/CH-ip (7.7 um),,,,,,,,,,
370,matrix,PAHdb experimental 3.10 (Ar matrix),uid 271,2-azapyrene,C15H9N,0,15,271,,,1422.7,1.3,relative (PAHdb experimental),,,,,10.1021/jp021938c,matrix,CC-stretch/CH-ip (7.7 um),,,,,,,,,,
371,matrix,PAHdb experimental 3.10 (Ar matrix),uid 271,2-azapyrene,C15H9N,0,15,271,,,1427.5,0.03,relative (PAHdb experimental),,,,,10.1021/jp021938c,matrix,CC-stretch/CH-ip (7.7 um),,,,,,,,,,
372,matrix,PAHdb experimental 3.10 (Ar matrix),uid 271,2-azapyrene,C15H9N,0,15,271,,,1433.3,3.7,relative (PAHdb experimental),,,,,10.1021/jp021938c,matrix,CC-stretch/CH-ip (7.7 um),,,,,,,,,,
373,matrix,PAHdb experimental 3.10 (Ar matrix),uid 271,2-azapyrene,C15H9N,0,15,271,,,1460.5,9.2,relative (PAHdb experimental),,,,,10.1021/jp021938c,matrix,CC-stretch/CH-ip (7.7 um),,,,,,,,,,
374,matrix,PAHdb experimental 3.10 (Ar matrix),uid 271,2-azapyrene,C15H9N,0,15,271,,,1542.9,8.0,relative (PAHdb experimental),,,,,10.1021/jp021938c,matrix,CC-stretch (6.2 um),,,,,,,,,,
375,matrix,PAHdb experimental 3.10 (Ar matrix),uid 271,2-azapyrene,C15H9N,0,15,271,,,1572.9,3.7,relative (PAHdb experimental),,,,,10.1021/jp021938c,matrix,CC-stretch (6.2 um),,,,,,,,,,
376,matrix,PAHdb experimental 3.10 (Ar matrix),uid 271,2-azapyrene,C15H9N,0,15,271,,,3042.0,67.5,relative (PAHdb experimental),,,,,10.1021/jp021938c,matrix,CH-stretch,,,,,,,,,,
377,matrix,PAHdb experimental 3.10 (Ar matrix),uid 272,2-azapyrene,C15H9N+,1,15,272,,,605.3,30.391,relative (PAHdb experimental),,,,,10.1021/jp021938c,matrix,low / skeletal,,,,,,,,,,
378,matrix,PAHdb experimental 3.10 (Ar matrix),uid 272,2-azapyrene,C15H9N+,1,15,272,,,694.8,35.798,relative (PAHdb experimental),,,,,10.1021/jp021938c,matrix,CH-oop (10.5-15 um; benzene nu11 at 673 included),,,,,,,,,,
379,matrix,PAHdb experimental 3.10 (Ar matrix),uid 272,2-azapyrene,C15H9N+,1,15,272,,,855.3,17.916,relative (PAHdb experimental),,,,,10.1021/jp021938c,matrix,CH-oop (10.5-15 um; benzene nu11 at 673 included),,,,,,,,,,
380,matrix,PAHdb experimental 3.10 (Ar matrix),uid 272,2-azapyrene,C15H9N+,1,15,272,,,914.1,17.042,relative (PAHdb experimental),,,,,10.1021/jp021938c,matrix,CH-oop (10.5-15 um; benzene nu11 at 673 included),,,,,,,,,,
381,matrix,PAHdb experimental 3.10 (Ar matrix),uid 272,2-azapyrene,C15H9N+,1,15,272,,,990.1,19.934,relative (PAHdb experimental),,,,,10.1021/jp021938c,matrix,ring / CH-ip (9-10.5 um),,,,,,,,,,
382,matrix,PAHdb experimental 3.10 (Ar matrix),uid 272,2-azapyrene,C15H9N+,1,15,272,,,1004.8,16.994,relative (PAHdb experimental),,,,,10.1021/jp021938c,matrix,ring / CH-ip (9-10.5 um),,,,,,,,,,
383,matrix,PAHdb experimental 3.10 (Ar matrix),uid 272,2-azapyrene,C15H9N+,1,15,272,,,1100.6,8.2531,relative (PAHdb experimental),,,,,10.1021/jp021938c,matrix,CH-ip-bend (8.6 um),,,,,,,,,,
384,matrix,PAHdb experimental 3.10 (Ar matrix),uid 272,2-azapyrene,C15H9N+,1,15,272,,,1140.1,39.29,relative (PAHdb experimental),,,,,10.1021/jp021938c,matrix,CH-ip-bend (8.6 um),,,,,,,,,,
385,matrix,PAHdb experimental 3.10 (Ar matrix),uid 272,2-azapyrene,C15H9N+,1,15,272,,,1259.2,29.539,relative (PAHdb experimental),,,,,10.1021/jp021938c,matrix,CC-stretch/CH-ip (7.7 um),,,,,,,,,,
386,matrix,PAHdb experimental 3.10 (Ar matrix),uid 272,2-azapyrene,C15H9N+,1,15,272,,,1294.8,36.015,relative (PAHdb experimental),,,,,10.1021/jp021938c,matrix,CC-stretch/CH-ip (7.7 um),,,,,,,,,,
387,matrix,PAHdb experimental 3.10 (Ar matrix),uid 272,2-azapyrene,C15H9N+,1,15,272,,,1305.1,77.275,relative (PAHdb experimental),,,,,10.1021/jp021938c,matrix,CC-stretch/CH-ip (7.7 um),,,,,,,,,,
388,matrix,PAHdb experimental 3.10 (Ar matrix),uid 272,2-azapyrene,C15H9N+,1,15,272,,,1351.7,80.557,relative (PAHdb experimental),,,,,10.1021/jp021938c,matrix,CC-stretch/CH-ip (7.7 um),,,,,,,,,,
389,matrix,PAHdb experimental 3.10 (Ar matrix),uid 272,2-azapyrene,C15H9N+,1,15,272,,,1358.7,60.292,relative (PAHdb experimental),,,,,10.1021/jp021938c,matrix,CC-stretch/CH-ip (7.7 um),,,,,,,,,,
390,matrix,PAHdb experimental 3.10 (Ar matrix),uid 272,2-azapyrene,C15H9N+,1,15,272,,,1388.4,20.907,relative (PAHdb experimental),,,,,10.1021/jp021938c,matrix,CC-stretch/CH-ip (7.7 um),,,,,,,,,,
391,matrix,PAHdb experimental 3.10 (Ar matrix),uid 272,2-azapyrene,C15H9N+,1,15,272,,,1428.0,56.689,relative (PAHdb experimental),,,,,10.1021/jp021938c,matrix,CC-stretch/CH-ip (7.7 um),,,,,,,,,,
392,matrix,PAHdb experimental 3.10 (Ar matrix),uid 272,2-azapyrene,C15H9N+,1,15,272,,,1496.1,8.3483,relative (PAHdb experimental),,,,,10.1021/jp021938c,matrix,CC-stretch/CH-ip (7.7 um),,,,,,,,,,
393,matrix,PAHdb experimental 3.10 (Ar matrix),uid 272,2-azapyrene,C15H9N+,1,15,272,,,1516.5,9.0494,relative (PAHdb experimental),,,,,10.1021/jp021938c,matrix,CC-stretch (6.2 um),,,,,,,,,,
394,matrix,PAHdb experimental 3.10 (Ar matrix),uid 272,2-azapyrene,C15H9N+,1,15,272,,,1548.7,169.11,relative (PAHdb experimental),,,,,10.1021/jp021938c,matrix,CC-stretch (6.2 um),,,,,,,,,,
395,matrix,PAHdb experimental 3.10 (Ar matrix),uid 334,pyrene,C16H10,0,16,334,10.0,0.9,487.6,1.0836,relative (PAHdb experimental),,,,0.9,10.1021/jp9834816,matrix,low / skeletal,,,,,,,,,,
396,matrix,PAHdb experimental 3.10 (Ar matrix),uid 334,pyrene,C16H10,0,16,334,10.0,0.9,499.2,1.0836,relative (PAHdb experimental),,,,0.9,10.1021/jp9834816,matrix,low / skeletal,,,,,,,,,,
397,matrix,PAHdb experimental 3.10 (Ar matrix),uid 334,pyrene,C16H10,0,16,334,10.0,0.9,542.6,2.1672,relative (PAHdb experimental),,,,0.9,10.1021/jp9834816,matrix,low / skeletal,,,,,,,,,,
398,matrix,PAHdb experimental 3.10 (Ar matrix),uid 334,pyrene,C16H10,0,16,334,10.0,0.9,711.8,46.354,relative (PAHdb experimental),,,,0.9,10.1021/jp9834816,matrix,CH-oop (10.5-15 um; benzene nu11 at 673 included),,,,,,,,,,
399,matrix,PAHdb experimental 3.10 (Ar matrix),uid 334,pyrene,C16H10,0,16,334,10.0,0.9,743.9,18.662,relative (PAHdb experimental),,,,0.9,10.1021/jp9834816,matrix,CH-oop (10.5-15 um; benzene nu11 at 673 included),,,,,,,,,,
400,matrix,PAHdb experimental 3.10 (Ar matrix),uid 334,pyrene,C16H10,0,16,334,10.0,0.9,821.5,5.418,relative (PAHdb experimental),,,,0.9,10.1021/jp9834816,matrix,CH-oop (10.5-15 um; benzene nu11 at 673 included),,,,,,,,,,
401,matrix,PAHdb experimental 3.10 (Ar matrix),uid 334,pyrene,C16H10,0,16,334,10.0,0.9,842.8,108.36,relative (PAHdb experimental),,,,0.9,10.1021/jp9834816,matrix,CH-oop (10.5-15 um; benzene nu11 at 673 included),,,,,,,,,,
402,matrix,PAHdb experimental 3.10 (Ar matrix),uid 334,pyrene,C16H10,0,16,334,10.0,0.9,964.1,1.0836,relative (PAHdb experimental),,,,0.9,10.1021/jp9834816,matrix,ring / CH-ip (9-10.5 um),,,,,,,,,,
403,matrix,PAHdb experimental 3.10 (Ar matrix),uid 334,pyrene,C16H10,0,16,334,10.0,0.9,1097.3,4.3344,relative (PAHdb experimental),,,,0.9,10.1021/jp9834816,matrix,ring / CH-ip (9-10.5 um),,,,,,,,,,
404,matrix,PAHdb experimental 3.10 (Ar matrix),uid 334,pyrene,C16H10,0,16,334,10.0,0.9,1164.5,1.0836,relative (PAHdb experimental),,,,0.9,10.1021/jp9834816,matrix,CH-ip-bend (8.6 um),,,,,,,,,,
405,matrix,PAHdb experimental 3.10 (Ar matrix),uid 334,pyrene,C16H10,0,16,334,10.0,0.9,1183.9,20.468,relative (PAHdb experimental),,,,0.9,10.1021/jp9834816,matrix,CH-ip-bend (8.6 um),,,,,,,,,,
406,matrix,PAHdb experimental 3.10 (Ar matrix),uid 334,pyrene,C16H10,0,16,334,10.0,0.9,1243.0,4.3344,relative (PAHdb experimental),,,,0.9,10.1021/jp9834816,matrix,CH-ip-bend (8.6 um),,,,,,,,,,
407,matrix,PAHdb experimental 3.10 (Ar matrix),uid 334,pyrene,C16H10,0,16,334,10.0,0.9,1312.1,3.2508,relative (PAHdb experimental),,,,0.9,10.1021/jp9834816,matrix,CC-stretch/CH-ip (7.7 um),,,,,,,,,,
408,matrix,PAHdb experimental 3.10 (Ar matrix),uid 334,pyrene,C16H10,0,16,334,10.0,0.9,1434.8,13.244,relative (PAHdb experimental),,,,0.9,10.1021/jp9834816,matrix,CC-stretch/CH-ip (7.7 um),,,,,,,,,,
409,matrix,PAHdb experimental 3.10 (Ar matrix),uid 334,pyrene,C16H10,0,16,334,10.0,0.9,1471.0,2.1672,relative (PAHdb experimental),,,,0.9,10.1021/jp9834816,matrix,CC-stretch/CH-ip (7.7 um),,,,,,,,,,
410,matrix,PAHdb experimental 3.10 (Ar matrix),uid 334,pyrene,C16H10,0,16,334,10.0,0.9,1581.3,0.5418,relative (PAHdb experimental),,,,0.9,10.1021/jp9834816,matrix,CC-stretch (6.2 um),,,,,,,,,,
411,matrix,PAHdb experimental 3.10 (Ar matrix),uid 334,pyrene,C16H10,0,16,334,10.0,0.9,1604.0,8.428,relative (PAHdb experimental),,,,0.9,10.1021/jp9834816,matrix,CC-stretch (6.2 um),,,,,,,,,,
412,matrix,PAHdb experimental 3.10 (Ar matrix),uid 334,pyrene,C16H10,0,16,334,10.0,0.9,1792.6,7.826,relative (PAHdb experimental),,,,0.9,10.1021/jp9834816,matrix,overtone / combination region,,,,,,,,,,
413,matrix,PAHdb experimental 3.10 (Ar matrix),uid 334,pyrene,C16H10,0,16,334,10.0,0.9,1911.5,1.0836,relative (PAHdb experimental),,,,0.9,10.1021/jp9834816,matrix,overtone / combination region,,,,,,,,,,
414,matrix,PAHdb experimental 3.10 (Ar matrix),uid 334,pyrene,C16H10,0,16,334,10.0,0.9,1918.0,2.1672,relative (PAHdb experimental),,,,0.9,10.1021/jp9834816,matrix,overtone / combination region,,,,,,,,,,
415,matrix,PAHdb experimental 3.10 (Ar matrix),uid 334,pyrene,C16H10,0,16,334,10.0,0.9,1930.6,5.418,relative (PAHdb experimental),,,,0.9,10.1021/jp9834816,matrix,overtone / combination region,,,,,,,,,,
416,matrix,PAHdb experimental 3.10 (Ar matrix),uid 334,pyrene,C16H10,0,16,334,10.0,0.9,3050.2,102.34,relative (PAHdb experimental),,,,0.9,10.1021/jp9834816,matrix,CH-stretch,,,,,,,,,,
417,matrix,PAHdb experimental 3.10 (Ar matrix),uid 387,fluoranthene,C16H10,0,16,387,,,561.1,2.0468,relative (PAHdb experimental),,,,,10.1086/311989,matrix,low / skeletal,,,,,,,,,,
418,matrix,PAHdb experimental 3.10 (Ar matrix),uid 387,fluoranthene,C16H10,0,16,387,,,619.3,13.244,relative (PAHdb experimental),,,,,10.1086/311989,matrix,low / skeletal,,,,,,,,,,
419,matrix,PAHdb experimental 3.10 (Ar matrix),uid 387,fluoranthene,C16H10,0,16,387,,,672.0,1.0234,relative (PAHdb experimental),,,,,10.1086/311989,matrix,CH-oop (10.5-15 um; benzene nu11 at 673 included),,,,,,,,,,
420,matrix,PAHdb experimental 3.10 (Ar matrix),uid 387,fluoranthene,C16H10,0,16,387,,,744.5,25.284,relative (PAHdb experimental),,,,,10.1086/311989,matrix,CH-oop (10.5-15 um; benzene nu11 at 673 included),,,,,,,,,,
421,matrix,PAHdb experimental 3.10 (Ar matrix),uid 387,fluoranthene,C16H10,0,16,387,,,762.9,1.0234,relative (PAHdb experimental),,,,,10.1086/311989,matrix,CH-oop (10.5-15 um; benzene nu11 at 673 included),,,,,,,,,,
422,matrix,PAHdb experimental 3.10 (Ar matrix),uid 387,fluoranthene,C16H10,0,16,387,,,776.7,102.34,relative (PAHdb experimental),,,,,10.1086/311989,matrix,CH-oop (10.5-15 um; benzene nu11 at 673 included),,,,,,,,,,
423,matrix,PAHdb experimental 3.10 (Ar matrix),uid 387,fluoranthene,C16H10,0,16,387,,,827.9,10.234,relative (PAHdb experimental),,,,,10.1086/311989,matrix,CH-oop (10.5-15 um; benzene nu11 at 673 included),,,,,,,,,,
424,matrix,PAHdb experimental 3.10 (Ar matrix),uid 387,fluoranthene,C16H10,0,16,387,,,936.3,2.0468,relative (PAHdb experimental),,,,,10.1086/311989,matrix,CH-oop (10.5-15 um; benzene nu11 at 673 included),,,,,,,,,,
425,matrix,PAHdb experimental 3.10 (Ar matrix),uid 387,fluoranthene,C16H10,0,16,387,,,1019.5,2.0468,relative (PAHdb experimental),,,,,10.1086/311989,matrix,ring / CH-ip (9-10.5 um),,,,,,,,,,
426,matrix,PAHdb experimental 3.10 (Ar matrix),uid 387,fluoranthene,C16H10,0,16,387,,,1033.7,1.0234,relative (PAHdb experimental),,,,,10.1086/311989,matrix,ring / CH-ip (9-10.5 um),,,,,,,,,,
427,matrix,PAHdb experimental 3.10 (Ar matrix),uid 387,fluoranthene,C16H10,0,16,387,,,1036.7,2.0468,relative (PAHdb experimental),,,,,10.1086/311989,matrix,ring / CH-ip (9-10.5 um),,,,,,,,,,
428,matrix,PAHdb experimental 3.10 (Ar matrix),uid 387,fluoranthene,C16H10,0,16,387,,,1106.3,2.0468,relative (PAHdb experimental),,,,,10.1086/311989,matrix,CH-ip-bend (8.6 um),,,,,,,,,,
429,matrix,PAHdb experimental 3.10 (Ar matrix),uid 387,fluoranthene,C16H10,0,16,387,,,1137.3,7.224,relative (PAHdb experimental),,,,,10.1086/311989,matrix,CH-ip-bend (8.6 um),,,,,,,,,,
430,matrix,PAHdb experimental 3.10 (Ar matrix),uid 387,fluoranthene,C16H10,0,16,387,,,1159.0,2.0468,relative (PAHdb experimental),,,,,10.1086/311989,matrix,CH-ip-bend (8.6 um),,,,,,,,,,
431,matrix,PAHdb experimental 3.10 (Ar matrix),uid 387,fluoranthene,C16H10,0,16,387,,,1184.4,3.0702,relative (PAHdb experimental),,,,,10.1086/311989,matrix,CH-ip-bend (8.6 um),,,,,,,,,,
432,matrix,PAHdb experimental 3.10 (Ar matrix),uid 387,fluoranthene,C16H10,0,16,387,,,1217.0,2.0468,relative (PAHdb experimental),,,,,10.1086/311989,matrix,CH-ip-bend (8.6 um),,,,,,,,,,
433,matrix,PAHdb experimental 3.10 (Ar matrix),uid 387,fluoranthene,C16H10,0,16,387,,,1230.6,2.0468,relative (PAHdb experimental),,,,,10.1086/311989,matrix,CH-ip-bend (8.6 um),,,,,,,,,,
434,matrix,PAHdb experimental 3.10 (Ar matrix),uid 387,fluoranthene,C16H10,0,16,387,,,1429.2,16.254,relative (PAHdb experimental),,,,,10.1086/311989,matrix,CC-stretch/CH-ip (7.7 um),,,,,,,,,,
435,matrix,PAHdb experimental 3.10 (Ar matrix),uid 387,fluoranthene,C16H10,0,16,387,,,1444.2,13.244,relative (PAHdb experimental),,,,,10.1086/311989,matrix,CC-stretch/CH-ip (7.7 um),,,,,,,,,,
436,matrix,PAHdb experimental 3.10 (Ar matrix),uid 387,fluoranthene,C16H10,0,16,387,,,1456.5,21.672,relative (PAHdb experimental),,,,,10.1086/311989,matrix,CC-stretch/CH-ip (7.7 um),,,,,,,,,,
437,matrix,PAHdb experimental 3.10 (Ar matrix),uid 387,fluoranthene,C16H10,0,16,387,,,1461.8,32.508,relative (PAHdb experimental),,,,,10.1086/311989,matrix,CC-stretch/CH-ip (7.7 um),,,,,,,,,,
438,matrix,PAHdb experimental 3.10 (Ar matrix),uid 387,fluoranthene,C16H10,0,16,387,,,1479.8,2.0468,relative (PAHdb experimental),,,,,10.1086/311989,matrix,CC-stretch/CH-ip (7.7 um),,,,,,,,,,
439,matrix,PAHdb experimental 3.10 (Ar matrix),uid 387,fluoranthene,C16H10,0,16,387,,,1492.7,2.0468,relative (PAHdb experimental),,,,,10.1086/311989,matrix,CC-stretch/CH-ip (7.7 um),,,,,,,,,,
440,matrix,PAHdb experimental 3.10 (Ar matrix),uid 387,fluoranthene,C16H10,0,16,387,,,1616.5,4.0936,relative (PAHdb experimental),,,,,10.1086/311989,matrix,CC-stretch (6.2 um),,,,,,,,,,
441,matrix,PAHdb experimental 3.10 (Ar matrix),uid 387,fluoranthene,C16H10,0,16,387,,,1678.9,2.0468,relative (PAHdb experimental),,,,,10.1086/311989,matrix,overtone / combination region,,,,,,,,,,
442,matrix,PAHdb experimental 3.10 (Ar matrix),uid 387,fluoranthene,C16H10,0,16,387,,,1799.8,4.0936,relative (PAHdb experimental),,,,,10.1086/311989,matrix,overtone / combination region,,,,,,,,,,
443,matrix,PAHdb experimental 3.10 (Ar matrix),uid 387,fluoranthene,C16H10,0,16,387,,,1904.8,2.0468,relative (PAHdb experimental),,,,,10.1086/311989,matrix,overtone / combination region,,,,,,,,,,
444,matrix,PAHdb experimental 3.10 (Ar matrix),uid 387,fluoranthene,C16H10,0,16,387,,,1925.3,4.0936,relative (PAHdb experimental),,,,,10.1086/311989,matrix,overtone / combination region,,,,,,,,,,
445,matrix,PAHdb experimental 3.10 (Ar matrix),uid 387,fluoranthene,C16H10,0,16,387,,,1940.4,2.0468,relative (PAHdb experimental),,,,,10.1086/311989,matrix,overtone / combination region,,,,,,,,,,
446,matrix,PAHdb experimental 3.10 (Ar matrix),uid 387,fluoranthene,C16H10,0,16,387,,,3066.0,84.28,relative (PAHdb experimental),,,,,10.1086/311989,matrix,CH-stretch,,,,,,,,,,
447,matrix,PAHdb experimental 3.10 (Ar matrix),uid 360,pyrene,C16H10+,1,16,360,,,690.1,19.866,relative (PAHdb experimental),,,,,10.1021/j100010a011,matrix,CH-oop (10.5-15 um; benzene nu11 at 673 included),,,,,,,,,,
448,matrix,PAHdb experimental 3.10 (Ar matrix),uid 360,pyrene,C16H10+,1,16,360,,,861.0,24.08,relative (PAHdb experimental),,,,,10.1021/j100010a011,matrix,CH-oop (10.5-15 um; benzene nu11 at 673 included),,,,,,,,,,
449,matrix,PAHdb experimental 3.10 (Ar matrix),uid 360,pyrene,C16H10+,1,16,360,,,867.0,3.0702,relative (PAHdb experimental),,,,,10.1021/j100010a011,matrix,CH-oop (10.5-15 um; benzene nu11 at 673 included),,,,,,,,,,
450,matrix,PAHdb experimental 3.10 (Ar matrix),uid 360,pyrene,C16H10+,1,16,360,,,953.8,5.719,relative (PAHdb experimental),,,,,10.1021/j100010a011,matrix,ring / CH-ip (9-10.5 um),,,,,,,,,,
451,matrix,PAHdb experimental 3.10 (Ar matrix),uid 360,pyrene,C16H10+,1,16,360,,,976.5,7.826,relative (PAHdb experimental),,,,,10.1021/j100010a011,matrix,ring / CH-ip (9-10.5 um),,,,,,,,,,
452,matrix,PAHdb experimental 3.10 (Ar matrix),uid 360,pyrene,C16H10+,1,16,360,,,1102.0,7.224,relative (PAHdb experimental),,,,,10.1021/j100010a011,matrix,CH-ip-bend (8.6 um),,,,,,,,,,
453,matrix,PAHdb experimental 3.10 (Ar matrix),uid 360,pyrene,C16H10+,1,16,360,,,1188.7,3.3712,relative (PAHdb experimental),,,,,10.1021/j100010a011,matrix,CH-ip-bend (8.6 um),,,,,,,,,,
454,matrix,PAHdb experimental 3.10 (Ar matrix),uid 360,pyrene,C16H10+,1,16,360,,,1216.0,10.234,relative (PAHdb experimental),,,,,10.1021/j100010a011,matrix,CH-ip-bend (8.6 um),,,,,,,,,,
455,matrix,PAHdb experimental 3.10 (Ar matrix),uid 360,pyrene,C16H10+,1,16,360,,,1245.1,30.1,relative (PAHdb experimental),,,,,10.1021/j100010a011,matrix,CH-ip-bend (8.6 um),,,,,,,,,,
456,matrix,PAHdb experimental 3.10 (Ar matrix),uid 360,pyrene,C16H10+,1,16,360,,,1253.7,3.6722,relative (PAHdb experimental),,,,,10.1021/j100010a011,matrix,CC-stretch/CH-ip (7.7 um),,,,,,,,,,
457,matrix,PAHdb experimental 3.10 (Ar matrix),uid 360,pyrene,C16H10+,1,16,360,,,1356.1,90.3,relative (PAHdb experimental),,,,,10.1021/j100010a011,matrix,CC-stretch/CH-ip (7.7 um),,,,,,,,,,
458,matrix,PAHdb experimental 3.10 (Ar matrix),uid 360,pyrene,C16H10+,1,16,360,,,1361.8,13.846,relative (PAHdb experimental),,,,,10.1021/j100010a011,matrix,CC-stretch/CH-ip (7.7 um),,,,,,,,,,
459,matrix,PAHdb experimental 3.10 (Ar matrix),uid 360,pyrene,C16H10+,1,16,360,,,1421.1,13.846,relative (PAHdb experimental),,,,,10.1021/j100010a011,matrix,CC-stretch/CH-ip (7.7 um),,,,,,,,,,
460,matrix,PAHdb experimental 3.10 (Ar matrix),uid 360,pyrene,C16H10+,1,16,360,,,1440.3,9.03,relative (PAHdb experimental),,,,,10.1021/j100010a011,matrix,CC-stretch/CH-ip (7.7 um),,,,,,,,,,
461,matrix,PAHdb experimental 3.10 (Ar matrix),uid 360,pyrene,C16H10+,1,16,360,,,1552.0,78.26,relative (PAHdb experimental),,,,,10.1021/j100010a011,matrix,CC-stretch (6.2 um),,,,,,,,,,
462,matrix,PAHdb experimental 3.10 (Ar matrix),uid 831,benz[a]acridine,C17H11N,0,17,831,,,458.9,0.77,relative (PAHdb experimental),,,,,10.1016/j.saa.2017.03.044,matrix,low / skeletal,,,,,,,,,,
463,matrix,PAHdb experimental 3.10 (Ar matrix),uid 831,benz[a]acridine,C17H11N,0,17,831,,,492.3,2.97,relative (PAHdb experimental),,,,,10.1016/j.saa.2017.03.044,matrix,low / skeletal,,,,,,,,,,
464,matrix,PAHdb experimental 3.10 (Ar matrix),uid 831,benz[a]acridine,C17H11N,0,17,831,,,542.5,7.39,relative (PAHdb experimental),,,,,10.1016/j.saa.2017.03.044,matrix,low / skeletal,,,,,,,,,,
465,matrix,PAHdb experimental 3.10 (Ar matrix),uid 831,benz[a]acridine,C17H11N,0,17,831,,,576.4,7.37,relative (PAHdb experimental),,,,,10.1016/j.saa.2017.03.044,matrix,low / skeletal,,,,,,,,,,
466,matrix,PAHdb experimental 3.10 (Ar matrix),uid 831,benz[a]acridine,C17H11N,0,17,831,,,618.1,3.44,relative (PAHdb experimental),,,,,10.1016/j.saa.2017.03.044,matrix,low / skeletal,,,,,,,,,,
467,matrix,PAHdb experimental 3.10 (Ar matrix),uid 831,benz[a]acridine,C17H11N,0,17,831,,,651.6,4.12,relative (PAHdb experimental),,,,,10.1016/j.saa.2017.03.044,matrix,CH-oop (10.5-15 um; benzene nu11 at 673 included),,,,,,,,,,
468,matrix,PAHdb experimental 3.10 (Ar matrix),uid 831,benz[a]acridine,C17H11N,0,17,831,,,753.6,78.13,relative (PAHdb experimental),,,,,10.1016/j.saa.2017.03.044,matrix,CH-oop (10.5-15 um; benzene nu11 at 673 included),,,,,,,,,,
469,matrix,PAHdb experimental 3.10 (Ar matrix),uid 831,benz[a]acridine,C17H11N,0,17,831,,,792.7,0.96,relative (PAHdb experimental),,,,,10.1016/j.saa.2017.03.044,matrix,CH-oop (10.5-15 um; benzene nu11 at 673 included),,,,,,,,,,
470,matrix,PAHdb experimental 3.10 (Ar matrix),uid 831,benz[a]acridine,C17H11N,0,17,831,,,833.1,32.82,relative (PAHdb experimental),,,,,10.1016/j.saa.2017.03.044,matrix,CH-oop (10.5-15 um; benzene nu11 at 673 included),,,,,,,,,,
471,matrix,PAHdb experimental 3.10 (Ar matrix),uid 831,benz[a]acridine,C17H11N,0,17,831,,,857.6,7.62,relative (PAHdb experimental),,,,,10.1016/j.saa.2017.03.044,matrix,CH-oop (10.5-15 um; benzene nu11 at 673 included),,,,,,,,,,
472,matrix,PAHdb experimental 3.10 (Ar matrix),uid 831,benz[a]acridine,C17H11N,0,17,831,,,867.1,1.9,relative (PAHdb experimental),,,,,10.1016/j.saa.2017.03.044,matrix,CH-oop (10.5-15 um; benzene nu11 at 673 included),,,,,,,,,,
473,matrix,PAHdb experimental 3.10 (Ar matrix),uid 831,benz[a]acridine,C17H11N,0,17,831,,,874.9,3.67,relative (PAHdb experimental),,,,,10.1016/j.saa.2017.03.044,matrix,CH-oop (10.5-15 um; benzene nu11 at 673 included),,,,,,,,,,
474,matrix,PAHdb experimental 3.10 (Ar matrix),uid 831,benz[a]acridine,C17H11N,0,17,831,,,905.9,11.64,relative (PAHdb experimental),,,,,10.1016/j.saa.2017.03.044,matrix,CH-oop (10.5-15 um; benzene nu11 at 673 included),,,,,,,,,,
475,matrix,PAHdb experimental 3.10 (Ar matrix),uid 831,benz[a]acridine,C17H11N,0,17,831,,,946.2,1.34,relative (PAHdb experimental),,,,,10.1016/j.saa.2017.03.044,matrix,CH-oop (10.5-15 um; benzene nu11 at 673 included),,,,,,,,,,
476,matrix,PAHdb experimental 3.10 (Ar matrix),uid 831,benz[a]acridine,C17H11N,0,17,831,,,955.9,1.39,relative (PAHdb experimental),,,,,10.1016/j.saa.2017.03.044,matrix,ring / CH-ip (9-10.5 um),,,,,,,,,,
477,matrix,PAHdb experimental 3.10 (Ar matrix),uid 831,benz[a]acridine,C17H11N,0,17,831,,,983.9,3.3,relative (PAHdb experimental),,,,,10.1016/j.saa.2017.03.044,matrix,ring / CH-ip (9-10.5 um),,,,,,,,,,
478,matrix,PAHdb experimental 3.10 (Ar matrix),uid 831,benz[a]acridine,C17H11N,0,17,831,,,1007.8,2.64,relative (PAHdb experimental),,,,,10.1016/j.saa.2017.03.044,matrix,ring / CH-ip (9-10.5 um),,,,,,,,,,
479,matrix,PAHdb experimental 3.10 (Ar matrix),uid 831,benz[a]acridine,C17H11N,0,17,831,,,1025.1,0.31,relative (PAHdb experimental),,,,,10.1016/j.saa.2017.03.044,matrix,ring / CH-ip (9-10.5 um),,,,,,,,,,
480,matrix,PAHdb experimental 3.10 (Ar matrix),uid 831,benz[a]acridine,C17H11N,0,17,831,,,1041.1,3.01,relative (PAHdb experimental),,,,,10.1016/j.saa.2017.03.044,matrix,ring / CH-ip (9-10.5 um),,,,,,,,,,
481,matrix,PAHdb experimental 3.10 (Ar matrix),uid 831,benz[a]acridine,C17H11N,0,17,831,,,1126.8,4.12,relative (PAHdb experimental),,,,,10.1016/j.saa.2017.03.044,matrix,CH-ip-bend (8.6 um),,,,,,,,,,
482,matrix,PAHdb experimental 3.10 (Ar matrix),uid 831,benz[a]acridine,C17H11N,0,17,831,,,1138.3,6.39,relative (PAHdb experimental),,,,,10.1016/j.saa.2017.03.044,matrix,CH-ip-bend (8.6 um),,,,,,,,,,
483,matrix,PAHdb experimental 3.10 (Ar matrix),uid 831,benz[a]acridine,C17H11N,0,17,831,,,1191.4,3.08,relative (PAHdb experimental),,,,,10.1016/j.saa.2017.03.044,matrix,CH-ip-bend (8.6 um),,,,,,,,,,
484,matrix,PAHdb experimental 3.10 (Ar matrix),uid 831,benz[a]acridine,C17H11N,0,17,831,,,1219.2,3.6,relative (PAHdb experimental),,,,,10.1016/j.saa.2017.03.044,matrix,CH-ip-bend (8.6 um),,,,,,,,,,
485,matrix,PAHdb experimental 3.10 (Ar matrix),uid 831,benz[a]acridine,C17H11N,0,17,831,,,1233.9,3.34,relative (PAHdb experimental),,,,,10.1016/j.saa.2017.03.044,matrix,CH-ip-bend (8.6 um),,,,,,,,,,
486,matrix,PAHdb experimental 3.10 (Ar matrix),uid 831,benz[a]acridine,C17H11N,0,17,831,,,1248.1,2.44,relative (PAHdb experimental),,,,,10.1016/j.saa.2017.03.044,matrix,CH-ip-bend (8.6 um),,,,,,,,,,
487,matrix,PAHdb experimental 3.10 (Ar matrix),uid 831,benz[a]acridine,C17H11N,0,17,831,,,1315.0,2.48,relative (PAHdb experimental),,,,,10.1016/j.saa.2017.03.044,matrix,CC-stretch/CH-ip (7.7 um),,,,,,,,,,
488,matrix,PAHdb experimental 3.10 (Ar matrix),uid 831,benz[a]acridine,C17H11N,0,17,831,,,1321.6,0.61,relative (PAHdb experimental),,,,,10.1016/j.saa.2017.03.044,matrix,CC-stretch/CH-ip (7.7 um),,,,,,,,,,
489,matrix,PAHdb experimental 3.10 (Ar matrix),uid 831,benz[a]acridine,C17H11N,0,17,831,,,1348.4,7.16,relative (PAHdb experimental),,,,,10.1016/j.saa.2017.03.044,matrix,CC-stretch/CH-ip (7.7 um),,,,,,,,,,
490,matrix,PAHdb experimental 3.10 (Ar matrix),uid 831,benz[a]acridine,C17H11N,0,17,831,,,1375.4,4.46,relative (PAHdb experimental),,,,,10.1016/j.saa.2017.03.044,matrix,CC-stretch/CH-ip (7.7 um),,,,,,,,,,
491,matrix,PAHdb experimental 3.10 (Ar matrix),uid 831,benz[a]acridine,C17H11N,0,17,831,,,1383.8,7.91,relative (PAHdb experimental),,,,,10.1016/j.saa.2017.03.044,matrix,CC-stretch/CH-ip (7.7 um),,,,,,,,,,
492,matrix,PAHdb experimental 3.10 (Ar matrix),uid 831,benz[a]acridine,C17H11N,0,17,831,,,1411.1,8.24,relative (PAHdb experimental),,,,,10.1016/j.saa.2017.03.044,matrix,CC-stretch/CH-ip (7.7 um),,,,,,,,,,
493,matrix,PAHdb experimental 3.10 (Ar matrix),uid 831,benz[a]acridine,C17H11N,0,17,831,,,1417.8,7.0,relative (PAHdb experimental),,,,,10.1016/j.saa.2017.03.044,matrix,CC-stretch/CH-ip (7.7 um),,,,,,,,,,
494,matrix,PAHdb experimental 3.10 (Ar matrix),uid 831,benz[a]acridine,C17H11N,0,17,831,,,1459.5,2.73,relative (PAHdb experimental),,,,,10.1016/j.saa.2017.03.044,matrix,CC-stretch/CH-ip (7.7 um),,,,,,,,,,
495,matrix,PAHdb experimental 3.10 (Ar matrix),uid 831,benz[a]acridine,C17H11N,0,17,831,,,1476.6,7.07,relative (PAHdb experimental),,,,,10.1016/j.saa.2017.03.044,matrix,CC-stretch/CH-ip (7.7 um),,,,,,,,,,
496,matrix,PAHdb experimental 3.10 (Ar matrix),uid 831,benz[a]acridine,C17H11N,0,17,831,,,1506.6,22.58,relative (PAHdb experimental),,,,,10.1016/j.saa.2017.03.044,matrix,CC-stretch (6.2 um),,,,,,,,,,
497,matrix,PAHdb experimental 3.10 (Ar matrix),uid 831,benz[a]acridine,C17H11N,0,17,831,,,1516.7,2.2,relative (PAHdb experimental),,,,,10.1016/j.saa.2017.03.044,matrix,CC-stretch (6.2 um),,,,,,,,,,
498,matrix,PAHdb experimental 3.10 (Ar matrix),uid 831,benz[a]acridine,C17H11N,0,17,831,,,1543.3,10.07,relative (PAHdb experimental),,,,,10.1016/j.saa.2017.03.044,matrix,CC-stretch (6.2 um),,,,,,,,,,
499,matrix,PAHdb experimental 3.10 (Ar matrix),uid 831,benz[a]acridine,C17H11N,0,17,831,,,1567.6,2.85,relative (PAHdb experimental),,,,,10.1016/j.saa.2017.03.044,matrix,CC-stretch (6.2 um),,,,,,,,,,
500,matrix,PAHdb experimental 3.10 (Ar matrix),uid 831,benz[a]acridine,C17H11N,0,17,831,,,1620.5,11.88,relative (PAHdb experimental),,,,,10.1016/j.saa.2017.03.044,matrix,CC-stretch (6.2 um),,,,,,,,,,
501,matrix,PAHdb experimental 3.10 (Ar matrix),uid 831,benz[a]acridine,C17H11N,0,17,831,,,1698.6,1.27,relative (PAHdb experimental),,,,,10.1016/j.saa.2017.03.044,matrix,overtone / combination region,,,,,,,,,,
502,matrix,PAHdb experimental 3.10 (Ar matrix),uid 831,benz[a]acridine,C17H11N,0,17,831,,,1724.5,0.21,relative (PAHdb experimental),,,,,10.1016/j.saa.2017.03.044,matrix,overtone / combination region,,,,,,,,,,
503,matrix,PAHdb experimental 3.10 (Ar matrix),uid 831,benz[a]acridine,C17H11N,0,17,831,,,1746.9,0.56,relative (PAHdb experimental),,,,,10.1016/j.saa.2017.03.044,matrix,overtone / combination region,,,,,,,,,,
504,matrix,PAHdb experimental 3.10 (Ar matrix),uid 831,benz[a]acridine,C17H11N,0,17,831,,,1761.7,0.24,relative (PAHdb experimental),,,,,10.1016/j.saa.2017.03.044,matrix,overtone / combination region,,,,,,,,,,
505,matrix,PAHdb experimental 3.10 (Ar matrix),uid 831,benz[a]acridine,C17H11N,0,17,831,,,1767.2,0.81,relative (PAHdb experimental),,,,,10.1016/j.saa.2017.03.044,matrix,overtone / combination region,,,,,,,,,,
506,matrix,PAHdb experimental 3.10 (Ar matrix),uid 831,benz[a]acridine,C17H11N,0,17,831,,,1777.9,0.39,relative (PAHdb experimental),,,,,10.1016/j.saa.2017.03.044,matrix,overtone / combination region,,,,,,,,,,
507,matrix,PAHdb experimental 3.10 (Ar matrix),uid 831,benz[a]acridine,C17H11N,0,17,831,,,1799.1,1.01,relative (PAHdb experimental),,,,,10.1016/j.saa.2017.03.044,matrix,overtone / combination region,,,,,,,,,,
508,matrix,PAHdb experimental 3.10 (Ar matrix),uid 831,benz[a]acridine,C17H11N,0,17,831,,,1809.8,3.45,relative (PAHdb experimental),,,,,10.1016/j.saa.2017.03.044,matrix,overtone / combination region,,,,,,,,,,
509,matrix,PAHdb experimental 3.10 (Ar matrix),uid 831,benz[a]acridine,C17H11N,0,17,831,,,1833.3,2.49,relative (PAHdb experimental),,,,,10.1016/j.saa.2017.03.044,matrix,overtone / combination region,,,,,,,,,,
510,matrix,PAHdb experimental 3.10 (Ar matrix),uid 831,benz[a]acridine,C17H11N,0,17,831,,,1860.6,0.33,relative (PAHdb experimental),,,,,10.1016/j.saa.2017.03.044,matrix,overtone / combination region,,,,,,,,,,
511,matrix,PAHdb experimental 3.10 (Ar matrix),uid 831,benz[a]acridine,C17H11N,0,17,831,,,1888.1,1.39,relative (PAHdb experimental),,,,,10.1016/j.saa.2017.03.044,matrix,overtone / combination region,,,,,,,,,,
512,matrix,PAHdb experimental 3.10 (Ar matrix),uid 831,benz[a]acridine,C17H11N,0,17,831,,,1913.7,4.95,relative (PAHdb experimental),,,,,10.1016/j.saa.2017.03.044,matrix,overtone / combination region,,,,,,,,,,
513,matrix,PAHdb experimental 3.10 (Ar matrix),uid 831,benz[a]acridine,C17H11N,0,17,831,,,1928.0,3.56,relative (PAHdb experimental),,,,,10.1016/j.saa.2017.03.044,matrix,overtone / combination region,,,,,,,,,,
514,matrix,PAHdb experimental 3.10 (Ar matrix),uid 831,benz[a]acridine,C17H11N,0,17,831,,,1950.5,8.26,relative (PAHdb experimental),,,,,10.1016/j.saa.2017.03.044,matrix,overtone / combination region,,,,,,,,,,
515,matrix,PAHdb experimental 3.10 (Ar matrix),uid 831,benz[a]acridine,C17H11N,0,17,831,,,3015.0,2.79,relative (PAHdb experimental),,,,,10.1016/j.saa.2017.03.044,matrix,CH-stretch,,,,,,,,,,
516,matrix,PAHdb experimental 3.10 (Ar matrix),uid 831,benz[a]acridine,C17H11N,0,17,831,,,3068.6,65.31,relative (PAHdb experimental),,,,,10.1016/j.saa.2017.03.044,matrix,CH-stretch,,,,,,,,,,
517,matrix,PAHdb experimental 3.10 (Ar matrix),uid 831,benz[a]acridine,C17H11N,0,17,831,,,3111.2,2.74,relative (PAHdb experimental),,,,,10.1016/j.saa.2017.03.044,matrix,CH-stretch,,,,,,,,,,
518,matrix,PAHdb experimental 3.10 (Ar matrix),uid 831,benz[a]acridine,C17H11N,0,17,831,,,3198.0,1.24,relative (PAHdb experimental),,,,,10.1016/j.saa.2017.03.044,matrix,CH-stretch,,,,,,,,,,
519,matrix,PAHdb experimental 3.10 (Ar matrix),uid 295,2-azachrysene,C17H11N,0,17,295,,,507.4,1.6328,relative (PAHdb experimental),,,,,10.1021/jp021938c,matrix,low / skeletal,,,,,,,,,,
520,matrix,PAHdb experimental 3.10 (Ar matrix),uid 295,2-azachrysene,C17H11N,0,17,295,,,563.3,11.174,relative (PAHdb experimental),,,,,10.1021/jp021938c,matrix,low / skeletal,,,,,,,,,,
521,matrix,PAHdb experimental 3.10 (Ar matrix),uid 295,2-azachrysene,C17H11N,0,17,295,,,679.6,1.8292,relative (PAHdb experimental),,,,,10.1021/jp021938c,matrix,CH-oop (10.5-15 um; benzene nu11 at 673 included),,,,,,,,,,
522,matrix,PAHdb experimental 3.10 (Ar matrix),uid 295,2-azachrysene,C17H11N,0,17,295,,,699.6,22.492,relative (PAHdb experimental),,,,,10.1021/jp021938c,matrix,CH-oop (10.5-15 um; benzene nu11 at 673 included),,,,,,,,,,
523,matrix,PAHdb experimental 3.10 (Ar matrix),uid 295,2-azachrysene,C17H11N,0,17,295,,,752.3,60.142,relative (PAHdb experimental),,,,,10.1021/jp021938c,matrix,CH-oop (10.5-15 um; benzene nu11 at 673 included),,,,,,,,,,
524,matrix,PAHdb experimental 3.10 (Ar matrix),uid 295,2-azachrysene,C17H11N,0,17,295,,,787.6,5.3725,relative (PAHdb experimental),,,,,10.1021/jp021938c,matrix,CH-oop (10.5-15 um; benzene nu11 at 673 included),,,,,,,,,,
525,matrix,PAHdb experimental 3.10 (Ar matrix),uid 295,2-azachrysene,C17H11N,0,17,295,,,804.3,14.117,relative (PAHdb experimental),,,,,10.1021/jp021938c,matrix,CH-oop (10.5-15 um; benzene nu11 at 673 included),,,,,,,,,,
526,matrix,PAHdb experimental 3.10 (Ar matrix),uid 295,2-azachrysene,C17H11N,0,17,295,,,819.9,52.728,relative (PAHdb experimental),,,,,10.1021/jp021938c,matrix,CH-oop (10.5-15 um; benzene nu11 at 673 included),,,,,,,,,,
527,matrix,PAHdb experimental 3.10 (Ar matrix),uid 295,2-azachrysene,C17H11N,0,17,295,,,839.9,1.2524,relative (PAHdb experimental),,,,,10.1021/jp021938c,matrix,CH-oop (10.5-15 um; benzene nu11 at 673 included),,,,,,,,,,
528,matrix,PAHdb experimental 3.10 (Ar matrix),uid 295,2-azachrysene,C17H11N,0,17,295,,,856.3,4.547,relative (PAHdb experimental),,,,,10.1021/jp021938c,matrix,CH-oop (10.5-15 um; benzene nu11 at 673 included),,,,,,,,,,
529,matrix,PAHdb experimental 3.10 (Ar matrix),uid 295,2-azachrysene,C17H11N,0,17,295,,,857.8,3.4486,relative (PAHdb experimental),,,,,10.1021/jp021938c,matrix,CH-oop (10.5-15 um; benzene nu11 at 673 included),,,,,,,,,,
530,matrix,PAHdb experimental 3.10 (Ar matrix),uid 295,2-azachrysene,C17H11N,0,17,295,,,864.3,5.3995,relative (PAHdb experimental),,,,,10.1021/jp021938c,matrix,CH-oop (10.5-15 um; benzene nu11 at 673 included),,,,,,,,,,
531,matrix,PAHdb experimental 3.10 (Ar matrix),uid 295,2-azachrysene,C17H11N,0,17,295,,,880.9,0.88386,relative (PAHdb experimental),,,,,10.1021/jp021938c,matrix,CH-oop (10.5-15 um; benzene nu11 at 673 included),,,,,,,,,,
532,matrix,PAHdb experimental 3.10 (Ar matrix),uid 295,2-azachrysene,C17H11N,0,17,295,,,882.6,1.162,relative (PAHdb experimental),,,,,10.1021/jp021938c,matrix,CH-oop (10.5-15 um; benzene nu11 at 673 included),,,,,,,,,,
533,matrix,PAHdb experimental 3.10 (Ar matrix),uid 295,2-azachrysene,C17H11N,0,17,295,,,886.2,1.576,relative (PAHdb experimental),,,,,10.1021/jp021938c,matrix,CH-oop (10.5-15 um; benzene nu11 at 673 included),,,,,,,,,,
534,matrix,PAHdb experimental 3.10 (Ar matrix),uid 295,2-azachrysene,C17H11N,0,17,295,,,926.2,2.0609,relative (PAHdb experimental),,,,,10.1021/jp021938c,matrix,CH-oop (10.5-15 um; benzene nu11 at 673 included),,,,,,,,,,
535,matrix,PAHdb experimental 3.10 (Ar matrix),uid 295,2-azachrysene,C17H11N,0,17,295,,,945.1,1.0588,relative (PAHdb experimental),,,,,10.1021/jp021938c,matrix,CH-oop (10.5-15 um; benzene nu11 at 673 included),,,,,,,,,,
536,matrix,PAHdb experimental 3.10 (Ar matrix),uid 295,2-azachrysene,C17H11N,0,17,295,,,957.5,0.59699,relative (PAHdb experimental),,,,,10.1021/jp021938c,matrix,ring / CH-ip (9-10.5 um),,,,,,,,,,
537,matrix,PAHdb experimental 3.10 (Ar matrix),uid 295,2-azachrysene,C17H11N,0,17,295,,,1028.3,10.437,relative (PAHdb experimental),,,,,10.1021/jp021938c,matrix,ring / CH-ip (9-10.5 um),,,,,,,,,,
538,matrix,PAHdb experimental 3.10 (Ar matrix),uid 295,2-azachrysene,C17H11N,0,17,295,,,1049.8,3.3872,relative (PAHdb experimental),,,,,10.1021/jp021938c,matrix,ring / CH-ip (9-10.5 um),,,,,,,,,,
539,matrix,PAHdb experimental 3.10 (Ar matrix),uid 295,2-azachrysene,C17H11N,0,17,295,,,1051.3,2.823,relative (PAHdb experimental),,,,,10.1021/jp021938c,matrix,ring / CH-ip (9-10.5 um),,,,,,,,,,
540,matrix,PAHdb experimental 3.10 (Ar matrix),uid 295,2-azachrysene,C17H11N,0,17,295,,,1057.4,0.9174,relative (PAHdb experimental),,,,,10.1021/jp021938c,matrix,ring / CH-ip (9-10.5 um),,,,,,,,,,
541,matrix,PAHdb experimental 3.10 (Ar matrix),uid 295,2-azachrysene,C17H11N,0,17,295,,,1093.7,0.7676,relative (PAHdb experimental),,,,,10.1021/jp021938c,matrix,ring / CH-ip (9-10.5 um),,,,,,,,,,
542,matrix,PAHdb experimental 3.10 (Ar matrix),uid 295,2-azachrysene,C17H11N,0,17,295,,,1143.9,2.756,relative (PAHdb experimental),,,,,10.1021/jp021938c,matrix,CH-ip-bend (8.6 um),,,,,,,,,,
543,matrix,PAHdb experimental 3.10 (Ar matrix),uid 295,2-azachrysene,C17H11N,0,17,295,,,1200.1,4.6482,relative (PAHdb experimental),,,,,10.1021/jp021938c,matrix,CH-ip-bend (8.6 um),,,,,,,,,,
544,matrix,PAHdb experimental 3.10 (Ar matrix),uid 295,2-azachrysene,C17H11N,0,17,295,,,1236.3,3.1899,relative (PAHdb experimental),,,,,10.1021/jp021938c,matrix,CH-ip-bend (8.6 um),,,,,,,,,,
545,matrix,PAHdb experimental 3.10 (Ar matrix),uid 295,2-azachrysene,C17H11N,0,17,295,,,1247.1,3.2703,relative (PAHdb experimental),,,,,10.1021/jp021938c,matrix,CH-ip-bend (8.6 um),,,,,,,,,,
546,matrix,PAHdb experimental 3.10 (Ar matrix),uid 295,2-azachrysene,C17H11N,0,17,295,,,1250.0,2.2409,relative (PAHdb experimental),,,,,10.1021/jp021938c,matrix,CC-stretch/CH-ip (7.7 um),,,,,,,,,,
547,matrix,PAHdb experimental 3.10 (Ar matrix),uid 295,2-azachrysene,C17H11N,0,17,295,,,1261.2,4.3272,relative (PAHdb experimental),,,,,10.1021/jp021938c,matrix,CC-stretch/CH-ip (7.7 um),,,,,,,,,,
548,matrix,PAHdb experimental 3.10 (Ar matrix),uid 295,2-azachrysene,C17H11N,0,17,295,,,1268.9,21.226,relative (PAHdb experimental),,,,,10.1021/jp021938c,matrix,CC-stretch/CH-ip (7.7 um),,,,,,,,,,
549,matrix,PAHdb experimental 3.10 (Ar matrix),uid 295,2-azachrysene,C17H11N,0,17,295,,,1272.5,3.8106,relative (PAHdb experimental),,,,,10.1021/jp021938c,matrix,CC-stretch/CH-ip (7.7 um),,,,,,,,,,
550,matrix,PAHdb experimental 3.10 (Ar matrix),uid 295,2-azachrysene,C17H11N,0,17,295,,,1306.0,0.50962,relative (PAHdb experimental),,,,,10.1021/jp021938c,matrix,CC-stretch/CH-ip (7.7 um),,,,,,,,,,
551,matrix,PAHdb experimental 3.10 (Ar matrix),uid 295,2-azachrysene,C17H11N,0,17,295,,,1374.6,0.54329,relative (PAHdb experimental),,,,,10.1021/jp021938c,matrix,CC-stretch/CH-ip (7.7 um),,,,,,,,,,
552,matrix,PAHdb experimental 3.10 (Ar matrix),uid 295,2-azachrysene,C17H11N,0,17,295,,,1388.8,0.26288,relative (PAHdb experimental),,,,,10.1021/jp021938c,matrix,CC-stretch/CH-ip (7.7 um),,,,,,,,,,
553,matrix,PAHdb experimental 3.10 (Ar matrix),uid 295,2-azachrysene,C17H11N,0,17,295,,,1398.5,1.0943,relative (PAHdb experimental),,,,,10.1021/jp021938c,matrix,CC-stretch/CH-ip (7.7 um),,,,,,,,,,
554,matrix,PAHdb experimental 3.10 (Ar matrix),uid 295,2-azachrysene,C17H11N,0,17,295,,,1401.8,13.803,relative (PAHdb experimental),,,,,10.1021/jp021938c,matrix,CC-stretch/CH-ip (7.7 um),,,,,,,,,,
555,matrix,PAHdb experimental 3.10 (Ar matrix),uid 295,2-azachrysene,C17H11N,0,17,295,,,1427.4,0.29656,relative (PAHdb experimental),,,,,10.1021/jp021938c,matrix,CC-stretch/CH-ip (7.7 um),,,,,,,,,,
556,matrix,PAHdb experimental 3.10 (Ar matrix),uid 295,2-azachrysene,C17H11N,0,17,295,,,1439.8,13.427,relative (PAHdb experimental),,,,,10.1021/jp021938c,matrix,CC-stretch/CH-ip (7.7 um),,,,,,,,,,
557,matrix,PAHdb experimental 3.10 (Ar matrix),uid 295,2-azachrysene,C17H11N,0,17,295,,,1480.7,20.473,relative (PAHdb experimental),,,,,10.1021/jp021938c,matrix,CC-stretch/CH-ip (7.7 um),,,,,,,,,,
558,matrix,PAHdb experimental 3.10 (Ar matrix),uid 295,2-azachrysene,C17H11N,0,17,295,,,1572.9,1.3865,relative (PAHdb experimental),,,,,10.1021/jp021938c,matrix,CC-stretch (6.2 um),,,,,,,,,,
559,matrix,PAHdb experimental 3.10 (Ar matrix),uid 295,2-azachrysene,C17H11N,0,17,295,,,1579.8,9.8832,relative (PAHdb experimental),,,,,10.1021/jp021938c,matrix,CC-stretch (6.2 um),,,,,,,,,,
560,matrix,PAHdb experimental 3.10 (Ar matrix),uid 295,2-azachrysene,C17H11N,0,17,295,,,1586.4,7.2458,relative (PAHdb experimental),,,,,10.1021/jp021938c,matrix,CC-stretch (6.2 um),,,,,,,,,,
561,matrix,PAHdb experimental 3.10 (Ar matrix),uid 295,2-azachrysene,C17H11N,0,17,295,,,1604.4,9.3678,relative (PAHdb experimental),,,,,10.1021/jp021938c,matrix,CC-stretch (6.2 um),,,,,,,,,,
562,matrix,PAHdb experimental 3.10 (Ar matrix),uid 295,2-azachrysene,C17H11N,0,17,295,,,1620.9,15.289,relative (PAHdb experimental),,,,,10.1021/jp021938c,matrix,CC-stretch (6.2 um),,,,,,,,,,
563,matrix,PAHdb experimental 3.10 (Ar matrix),uid 295,2-azachrysene,C17H11N,0,17,295,,,1695.2,2.9092,relative (PAHdb experimental),,,,,10.1021/jp021938c,matrix,overtone / combination region,,,,,,,,,,
564,matrix,PAHdb experimental 3.10 (Ar matrix),uid 295,2-azachrysene,C17H11N,0,17,295,,,1730.3,1.2984,relative (PAHdb experimental),,,,,10.1021/jp021938c,matrix,overtone / combination region,,,,,,,,,,
565,matrix,PAHdb experimental 3.10 (Ar matrix),uid 295,2-azachrysene,C17H11N,0,17,295,,,1743.0,0.57694,relative (PAHdb experimental),,,,,10.1021/jp021938c,matrix,overtone / combination region,,,,,,,,,,
566,matrix,PAHdb experimental 3.10 (Ar matrix),uid 295,2-azachrysene,C17H11N,0,17,295,,,1756.0,2.8076,relative (PAHdb experimental),,,,,10.1021/jp021938c,matrix,overtone / combination region,,,,,,,,,,
567,matrix,PAHdb experimental 3.10 (Ar matrix),uid 295,2-azachrysene,C17H11N,0,17,295,,,1762.8,1.4325,relative (PAHdb experimental),,,,,10.1021/jp021938c,matrix,overtone / combination region,,,,,,,,,,
568,matrix,PAHdb experimental 3.10 (Ar matrix),uid 295,2-azachrysene,C17H11N,0,17,295,,,1795.6,1.0089,relative (PAHdb experimental),,,,,10.1021/jp021938c,matrix,overtone / combination region,,,,,,,,,,
569,matrix,PAHdb experimental 3.10 (Ar matrix),uid 295,2-azachrysene,C17H11N,0,17,295,,,1806.7,1.006,relative (PAHdb experimental),,,,,10.1021/jp021938c,matrix,overtone / combination region,,,,,,,,,,
570,matrix,PAHdb experimental 3.10 (Ar matrix),uid 295,2-azachrysene,C17H11N,0,17,295,,,1839.0,1.426,relative (PAHdb experimental),,,,,10.1021/jp021938c,matrix,overtone / combination region,,,,,,,,,,
571,matrix,PAHdb experimental 3.10 (Ar matrix),uid 295,2-azachrysene,C17H11N,0,17,295,,,1871.8,0.82786,relative (PAHdb experimental),,,,,10.1021/jp021938c,matrix,overtone / combination region,,,,,,,,,,
572,matrix,PAHdb experimental 3.10 (Ar matrix),uid 295,2-azachrysene,C17H11N,0,17,295,,,1900.5,1.0301,relative (PAHdb experimental),,,,,10.1021/jp021938c,matrix,overtone / combination region,,,,,,,,,,
573,matrix,PAHdb experimental 3.10 (Ar matrix),uid 295,2-azachrysene,C17H11N,0,17,295,,,1922.6,1.1149,relative (PAHdb experimental),,,,,10.1021/jp021938c,matrix,overtone / combination region,,,,,,,,,,
574,matrix,PAHdb experimental 3.10 (Ar matrix),uid 295,2-azachrysene,C17H11N,0,17,295,,,1933.1,1.3451,relative (PAHdb experimental),,,,,10.1021/jp021938c,matrix,overtone / combination region,,,,,,,,,,
575,matrix,PAHdb experimental 3.10 (Ar matrix),uid 295,2-azachrysene,C17H11N,0,17,295,,,1950.2,1.7983,relative (PAHdb experimental),,,,,10.1021/jp021938c,matrix,overtone / combination region,,,,,,,,,,
576,matrix,PAHdb experimental 3.10 (Ar matrix),uid 295,2-azachrysene,C17H11N,0,17,295,,,2967.9,1.2339,relative (PAHdb experimental),,,,,10.1021/jp021938c,matrix,CH-stretch,,,,,,,,,,
577,matrix,PAHdb experimental 3.10 (Ar matrix),uid 295,2-azachrysene,C17H11N,0,17,295,,,3004.6,4.7924,relative (PAHdb experimental),,,,,10.1021/jp021938c,matrix,CH-stretch,,,,,,,,,,
578,matrix,PAHdb experimental 3.10 (Ar matrix),uid 295,2-azachrysene,C17H11N,0,17,295,,,3037.2,30.127,relative (PAHdb experimental),,,,,10.1021/jp021938c,matrix,CH-stretch,,,,,,,,,,
579,matrix,PAHdb experimental 3.10 (Ar matrix),uid 295,2-azachrysene,C17H11N,0,17,295,,,3062.4,33.584,relative (PAHdb experimental),,,,,10.1021/jp021938c,matrix,CH-stretch,,,,,,,,,,
580,matrix,PAHdb experimental 3.10 (Ar matrix),uid 295,2-azachrysene,C17H11N,0,17,295,,,3102.5,18.098,relative (PAHdb experimental),,,,,10.1021/jp021938c,matrix,CH-stretch,,,,,,,,,,
581,matrix,PAHdb experimental 3.10 (Ar matrix),uid 285,1-azabenz[a]anthracene,C17H11N,0,17,285,,,576.3,8.6364,relative (PAHdb experimental),,,,,10.1021/jp021938c,matrix,low / skeletal,,,,,,,,,,
582,matrix,PAHdb experimental 3.10 (Ar matrix),uid 285,1-azabenz[a]anthracene,C17H11N,0,17,285,,,619.9,1.9248,relative (PAHdb experimental),,,,,10.1021/jp021938c,matrix,low / skeletal,,,,,,,,,,
583,matrix,PAHdb experimental 3.10 (Ar matrix),uid 285,1-azabenz[a]anthracene,C17H11N,0,17,285,,,646.3,6.9109,relative (PAHdb experimental),,,,,10.1021/jp021938c,matrix,low / skeletal,,,,,,,,,,
584,matrix,PAHdb experimental 3.10 (Ar matrix),uid 285,1-azabenz[a]anthracene,C17H11N,0,17,285,,,694.4,11.428,relative (PAHdb experimental),,,,,10.1021/jp021938c,matrix,CH-oop (10.5-15 um; benzene nu11 at 673 included),,,,,,,,,,
585,matrix,PAHdb experimental 3.10 (Ar matrix),uid 285,1-azabenz[a]anthracene,C17H11N,0,17,285,,,724.9,1.683,relative (PAHdb experimental),,,,,10.1021/jp021938c,matrix,CH-oop (10.5-15 um; benzene nu11 at 673 included),,,,,,,,,,
586,matrix,PAHdb experimental 3.10 (Ar matrix),uid 285,1-azabenz[a]anthracene,C17H11N,0,17,285,,,741.4,35.161,relative (PAHdb experimental),,,,,10.1021/jp021938c,matrix,CH-oop (10.5-15 um; benzene nu11 at 673 included),,,,,,,,,,
587,matrix,PAHdb experimental 3.10 (Ar matrix),uid 285,1-azabenz[a]anthracene,C17H11N,0,17,285,,,761.9,1.0166,relative (PAHdb experimental),,,,,10.1021/jp021938c,matrix,CH-oop (10.5-15 um; benzene nu11 at 673 included),,,,,,,,,,
588,matrix,PAHdb experimental 3.10 (Ar matrix),uid 285,1-azabenz[a]anthracene,C17H11N,0,17,285,,,767.2,1.5647,relative (PAHdb experimental),,,,,10.1021/jp021938c,matrix,CH-oop (10.5-15 um; benzene nu11 at 673 included),,,,,,,,,,
589,matrix,PAHdb experimental 3.10 (Ar matrix),uid 285,1-azabenz[a]anthracene,C17H11N,0,17,285,,,773.2,21.034,relative (PAHdb experimental),,,,,10.1021/jp021938c,matrix,CH-oop (10.5-15 um; benzene nu11 at 673 included),,,,,,,,,,
590,matrix,PAHdb experimental 3.10 (Ar matrix),uid 285,1-azabenz[a]anthracene,C17H11N,0,17,285,,,794.4,2.0031,relative (PAHdb experimental),,,,,10.1021/jp021938c,matrix,CH-oop (10.5-15 um; benzene nu11 at 673 included),,,,,,,,,,
591,matrix,PAHdb experimental 3.10 (Ar matrix),uid 285,1-azabenz[a]anthracene,C17H11N,0,17,285,,,804.0,23.878,relative (PAHdb experimental),,,,,10.1021/jp021938c,matrix,CH-oop (10.5-15 um; benzene nu11 at 673 included),,,,,,,,,,
592,matrix,PAHdb experimental 3.10 (Ar matrix),uid 285,1-azabenz[a]anthracene,C17H11N,0,17,285,,,825.8,9.0938,relative (PAHdb experimental),,,,,10.1021/jp021938c,matrix,CH-oop (10.5-15 um; benzene nu11 at 673 included),,,,,,,,,,
593,matrix,PAHdb experimental 3.10 (Ar matrix),uid 285,1-azabenz[a]anthracene,C17H11N,0,17,285,,,844.2,5.3248,relative (PAHdb experimental),,,,,10.1021/jp021938c,matrix,CH-oop (10.5-15 um; benzene nu11 at 673 included),,,,,,,,,,
594,matrix,PAHdb experimental 3.10 (Ar matrix),uid 285,1-azabenz[a]anthracene,C17H11N,0,17,285,,,884.4,41.834,relative (PAHdb experimental),,,,,10.1021/jp021938c,matrix,CH-oop (10.5-15 um; benzene nu11 at 673 included),,,,,,,,,,
595,matrix,PAHdb experimental 3.10 (Ar matrix),uid 285,1-azabenz[a]anthracene,C17H11N,0,17,285,,,914.3,13.379,relative (PAHdb experimental),,,,,10.1021/jp021938c,matrix,CH-oop (10.5-15 um; benzene nu11 at 673 included),,,,,,,,,,
596,matrix,PAHdb experimental 3.10 (Ar matrix),uid 285,1-azabenz[a]anthracene,C17H11N,0,17,285,,,954.1,5.6924,relative (PAHdb experimental),,,,,10.1021/jp021938c,matrix,ring / CH-ip (9-10.5 um),,,,,,,,,,
597,matrix,PAHdb experimental 3.10 (Ar matrix),uid 285,1-azabenz[a]anthracene,C17H11N,0,17,285,,,1009.9,2.7272,relative (PAHdb experimental),,,,,10.1021/jp021938c,matrix,ring / CH-ip (9-10.5 um),,,,,,,,,,
598,matrix,PAHdb experimental 3.10 (Ar matrix),uid 285,1-azabenz[a]anthracene,C17H11N,0,17,285,,,1057.7,1.2086,relative (PAHdb experimental),,,,,10.1021/jp021938c,matrix,ring / CH-ip (9-10.5 um),,,,,,,,,,
599,matrix,PAHdb experimental 3.10 (Ar matrix),uid 285,1-azabenz[a]anthracene,C17H11N,0,17,285,,,1099.9,2.8064,relative (PAHdb experimental),,,,,10.1021/jp021938c,matrix,ring / CH-ip (9-10.5 um),,,,,,,,,,
600,matrix,PAHdb experimental 3.10 (Ar matrix),uid 285,1-azabenz[a]anthracene,C17H11N,0,17,285,,,1133.6,7.4282,relative (PAHdb experimental),,,,,10.1021/jp021938c,matrix,CH-ip-bend (8.6 um),,,,,,,,,,
601,matrix,PAHdb experimental 3.10 (Ar matrix),uid 285,1-azabenz[a]anthracene,C17H11N,0,17,285,,,1150.3,10.308,relative (PAHdb experimental),,,,,10.1021/jp021938c,matrix,CH-ip-bend (8.6 um),,,,,,,,,,
602,matrix,PAHdb experimental 3.10 (Ar matrix),uid 285,1-azabenz[a]anthracene,C17H11N,0,17,285,,,1172.3,3.297,relative (PAHdb experimental),,,,,10.1021/jp021938c,matrix,CH-ip-bend (8.6 um),,,,,,,,,,
603,matrix,PAHdb experimental 3.10 (Ar matrix),uid 285,1-azabenz[a]anthracene,C17H11N,0,17,285,,,1211.3,1.5442,relative (PAHdb experimental),,,,,10.1021/jp021938c,matrix,CH-ip-bend (8.6 um),,,,,,,,,,
604,matrix,PAHdb experimental 3.10 (Ar matrix),uid 285,1-azabenz[a]anthracene,C17H11N,0,17,285,,,1223.7,0.5911,relative (PAHdb experimental),,,,,10.1021/jp021938c,matrix,CH-ip-bend (8.6 um),,,,,,,,,,
605,matrix,PAHdb experimental 3.10 (Ar matrix),uid 285,1-azabenz[a]anthracene,C17H11N,0,17,285,,,1227.5,0.89622,relative (PAHdb experimental),,,,,10.1021/jp021938c,matrix,CH-ip-bend (8.6 um),,,,,,,,,,
606,matrix,PAHdb experimental 3.10 (Ar matrix),uid 285,1-azabenz[a]anthracene,C17H11N,0,17,285,,,1254.8,0.81932,relative (PAHdb experimental),,,,,10.1021/jp021938c,matrix,CC-stretch/CH-ip (7.7 um),,,,,,,,,,
607,matrix,PAHdb experimental 3.10 (Ar matrix),uid 285,1-azabenz[a]anthracene,C17H11N,0,17,285,,,1269.6,5.3262,relative (PAHdb experimental),,,,,10.1021/jp021938c,matrix,CC-stretch/CH-ip (7.7 um),,,,,,,,,,
608,matrix,PAHdb experimental 3.10 (Ar matrix),uid 285,1-azabenz[a]anthracene,C17H11N,0,17,285,,,1279.9,2.0875,relative (PAHdb experimental),,,,,10.1021/jp021938c,matrix,CC-stretch/CH-ip (7.7 um),,,,,,,,,,
609,matrix,PAHdb experimental 3.10 (Ar matrix),uid 285,1-azabenz[a]anthracene,C17H11N,0,17,285,,,1287.4,2.5964,relative (PAHdb experimental),,,,,10.1021/jp021938c,matrix,CC-stretch/CH-ip (7.7 um),,,,,,,,,,
610,matrix,PAHdb experimental 3.10 (Ar matrix),uid 285,1-azabenz[a]anthracene,C17H11N,0,17,285,,,1310.5,5.2736,relative (PAHdb experimental),,,,,10.1021/jp021938c,matrix,CC-stretch/CH-ip (7.7 um),,,,,,,,,,
611,matrix,PAHdb experimental 3.10 (Ar matrix),uid 285,1-azabenz[a]anthracene,C17H11N,0,17,285,,,1340.0,2.6264,relative (PAHdb experimental),,,,,10.1021/jp021938c,matrix,CC-stretch/CH-ip (7.7 um),,,,,,,,,,
612,matrix,PAHdb experimental 3.10 (Ar matrix),uid 285,1-azabenz[a]anthracene,C17H11N,0,17,285,,,1371.1,0.54132,relative (PAHdb experimental),,,,,10.1021/jp021938c,matrix,CC-stretch/CH-ip (7.7 um),,,,,,,,,,
613,matrix,PAHdb experimental 3.10 (Ar matrix),uid 285,1-azabenz[a]anthracene,C17H11N,0,17,285,,,1415.9,57.283,relative (PAHdb experimental),,,,,10.1021/jp021938c,matrix,CC-stretch/CH-ip (7.7 um),,,,,,,,,,
614,matrix,PAHdb experimental 3.10 (Ar matrix),uid 285,1-azabenz[a]anthracene,C17H11N,0,17,285,,,1440.9,14.569,relative (PAHdb experimental),,,,,10.1021/jp021938c,matrix,CC-stretch/CH-ip (7.7 um),,,,,,,,,,
615,matrix,PAHdb experimental 3.10 (Ar matrix),uid 285,1-azabenz[a]anthracene,C17H11N,0,17,285,,,1451.2,5.0133,relative (PAHdb experimental),,,,,10.1021/jp021938c,matrix,CC-stretch/CH-ip (7.7 um),,,,,,,,,,
616,matrix,PAHdb experimental 3.10 (Ar matrix),uid 285,1-azabenz[a]anthracene,C17H11N,0,17,285,,,1479.8,2.2141,relative (PAHdb experimental),,,,,10.1021/jp021938c,matrix,CC-stretch/CH-ip (7.7 um),,,,,,,,,,
617,matrix,PAHdb experimental 3.10 (Ar matrix),uid 285,1-azabenz[a]anthracene,C17H11N,0,17,285,,,1486.5,1.8708,relative (PAHdb experimental),,,,,10.1021/jp021938c,matrix,CC-stretch/CH-ip (7.7 um),,,,,,,,,,
618,matrix,PAHdb experimental 3.10 (Ar matrix),uid 285,1-azabenz[a]anthracene,C17H11N,0,17,285,,,1493.5,11.163,relative (PAHdb experimental),,,,,10.1021/jp021938c,matrix,CC-stretch/CH-ip (7.7 um),,,,,,,,,,
619,matrix,PAHdb experimental 3.10 (Ar matrix),uid 285,1-azabenz[a]anthracene,C17H11N,0,17,285,,,1543.4,21.302,relative (PAHdb experimental),,,,,10.1021/jp021938c,matrix,CC-stretch (6.2 um),,,,,,,,,,
620,matrix,PAHdb experimental 3.10 (Ar matrix),uid 285,1-azabenz[a]anthracene,C17H11N,0,17,285,,,1563.8,4.6378,relative (PAHdb experimental),,,,,10.1021/jp021938c,matrix,CC-stretch (6.2 um),,,,,,,,,,
621,matrix,PAHdb experimental 3.10 (Ar matrix),uid 285,1-azabenz[a]anthracene,C17H11N,0,17,285,,,1601.7,4.1461,relative (PAHdb experimental),,,,,10.1021/jp021938c,matrix,CC-stretch (6.2 um),,,,,,,,,,
622,matrix,PAHdb experimental 3.10 (Ar matrix),uid 285,1-azabenz[a]anthracene,C17H11N,0,17,285,,,1693.2,1.9804,relative (PAHdb experimental),,,,,10.1021/jp021938c,matrix,overtone / combination region,,,,,,,,,,
623,matrix,PAHdb experimental 3.10 (Ar matrix),uid 285,1-azabenz[a]anthracene,C17H11N,0,17,285,,,1766.9,2.2558,relative (PAHdb experimental),,,,,10.1021/jp021938c,matrix,overtone / combination region,,,,,,,,,,
624,matrix,PAHdb experimental 3.10 (Ar matrix),uid 285,1-azabenz[a]anthracene,C17H11N,0,17,285,,,1782.7,1.3141,relative (PAHdb experimental),,,,,10.1021/jp021938c,matrix,overtone / combination region,,,,,,,,,,
625,matrix,PAHdb experimental 3.10 (Ar matrix),uid 285,1-azabenz[a]anthracene,C17H11N,0,17,285,,,1795.5,0.88808,relative (PAHdb experimental),,,,,10.1021/jp021938c,matrix,overtone / combination region,,,,,,,,,,
626,matrix,PAHdb experimental 3.10 (Ar matrix),uid 285,1-azabenz[a]anthracene,C17H11N,0,17,285,,,1814.3,2.263,relative (PAHdb experimental),,,,,10.1021/jp021938c,matrix,overtone / combination region,,,,,,,,,,
627,matrix,PAHdb experimental 3.10 (Ar matrix),uid 285,1-azabenz[a]anthracene,C17H11N,0,17,285,,,1880.6,1.802,relative (PAHdb experimental),,,,,10.1021/jp021938c,matrix,overtone / combination region,,,,,,,,,,
628,matrix,PAHdb experimental 3.10 (Ar matrix),uid 285,1-azabenz[a]anthracene,C17H11N,0,17,285,,,1912.6,3.1641,relative (PAHdb experimental),,,,,10.1021/jp021938c,matrix,overtone / combination region,,,,,,,,,,
629,matrix,PAHdb experimental 3.10 (Ar matrix),uid 285,1-azabenz[a]anthracene,C17H11N,0,17,285,,,1922.9,2.1976,relative (PAHdb experimental),,,,,10.1021/jp021938c,matrix,overtone / combination region,,,,,,,,,,
630,matrix,PAHdb experimental 3.10 (Ar matrix),uid 285,1-azabenz[a]anthracene,C17H11N,0,17,285,,,1944.7,5.3815,relative (PAHdb experimental),,,,,10.1021/jp021938c,matrix,overtone / combination region,,,,,,,,,,
631,matrix,PAHdb experimental 3.10 (Ar matrix),uid 285,1-azabenz[a]anthracene,C17H11N,0,17,285,,,2976.0,2.6135,relative (PAHdb experimental),,,,,10.1021/jp021938c,matrix,CH-stretch,,,,,,,,,,
632,matrix,PAHdb experimental 3.10 (Ar matrix),uid 285,1-azabenz[a]anthracene,C17H11N,0,17,285,,,2994.7,3.0695,relative (PAHdb experimental),,,,,10.1021/jp021938c,matrix,CH-stretch,,,,,,,,,,
633,matrix,PAHdb experimental 3.10 (Ar matrix),uid 285,1-azabenz[a]anthracene,C17H11N,0,17,285,,,3059.2,116.19,relative (PAHdb experimental),,,,,10.1021/jp021938c,matrix,CH-stretch,,,,,,,,,,
634,matrix,PAHdb experimental 3.10 (Ar matrix),uid 297,4-azachrysene,C17H11N,0,17,297,,,509.1,0.025532,relative (PAHdb experimental),,,,,10.1021/jp021938c,matrix,low / skeletal,,,,,,,,,,
635,matrix,PAHdb experimental 3.10 (Ar matrix),uid 297,4-azachrysene,C17H11N,0,17,297,,,537.1,0.048813,relative (PAHdb experimental),,,,,10.1021/jp021938c,matrix,low / skeletal,,,,,,,,,,
636,matrix,PAHdb experimental 3.10 (Ar matrix),uid 297,4-azachrysene,C17H11N,0,17,297,,,557.5,0.010331,relative (PAHdb experimental),,,,,10.1021/jp021938c,matrix,low / skeletal,,,,,,,,,,
637,matrix,PAHdb experimental 3.10 (Ar matrix),uid 297,4-azachrysene,C17H11N,0,17,297,,,574.4,0.021118,relative (PAHdb experimental),,,,,10.1021/jp021938c,matrix,low / skeletal,,,,,,,,,,
638,matrix,PAHdb experimental 3.10 (Ar matrix),uid 297,4-azachrysene,C17H11N,0,17,297,,,588.1,0.021851,relative (PAHdb experimental),,,,,10.1021/jp021938c,matrix,low / skeletal,,,,,,,,,,
639,matrix,PAHdb experimental 3.10 (Ar matrix),uid 297,4-azachrysene,C17H11N,0,17,297,,,675.4,0.093374,relative (PAHdb experimental),,,,,10.1021/jp021938c,matrix,CH-oop (10.5-15 um; benzene nu11 at 673 included),,,,,,,,,,
640,matrix,PAHdb experimental 3.10 (Ar matrix),uid 297,4-azachrysene,C17H11N,0,17,297,,,683.0,0.06609,relative (PAHdb experimental),,,,,10.1021/jp021938c,matrix,CH-oop (10.5-15 um; benzene nu11 at 673 included),,,,,,,,,,
641,matrix,PAHdb experimental 3.10 (Ar matrix),uid 297,4-azachrysene,C17H11N,0,17,297,,,740.9,0.050842,relative (PAHdb experimental),,,,,10.1021/jp021938c,matrix,CH-oop (10.5-15 um; benzene nu11 at 673 included),,,,,,,,,,
642,matrix,PAHdb experimental 3.10 (Ar matrix),uid 297,4-azachrysene,C17H11N,0,17,297,,,753.2,0.36911,relative (PAHdb experimental),,,,,10.1021/jp021938c,matrix,CH-oop (10.5-15 um; benzene nu11 at 673 included),,,,,,,,,,
643,matrix,PAHdb experimental 3.10 (Ar matrix),uid 297,4-azachrysene,C17H11N,0,17,297,,,778.0,0.57757,relative (PAHdb experimental),,,,,10.1021/jp021938c,matrix,CH-oop (10.5-15 um; benzene nu11 at 673 included),,,,,,,,,,
644,matrix,PAHdb experimental 3.10 (Ar matrix),uid 297,4-azachrysene,C17H11N,0,17,297,,,805.9,0.13604,relative (PAHdb experimental),,,,,10.1021/jp021938c,matrix,CH-oop (10.5-15 um; benzene nu11 at 673 included),,,,,,,,,,
645,matrix,PAHdb experimental 3.10 (Ar matrix),uid 297,4-azachrysene,C17H11N,0,17,297,,,830.2,0.24352,relative (PAHdb experimental),,,,,10.1021/jp021938c,matrix,CH-oop (10.5-15 um; benzene nu11 at 673 included),,,,,,,,,,
646,matrix,PAHdb experimental 3.10 (Ar matrix),uid 297,4-azachrysene,C17H11N,0,17,297,,,842.8,0.083297,relative (PAHdb experimental),,,,,10.1021/jp021938c,matrix,CH-oop (10.5-15 um; benzene nu11 at 673 included),,,,,,,,,,
647,matrix,PAHdb experimental 3.10 (Ar matrix),uid 297,4-azachrysene,C17H11N,0,17,297,,,856.8,0.065038,relative (PAHdb experimental),,,,,10.1021/jp021938c,matrix,CH-oop (10.5-15 um; benzene nu11 at 673 included),,,,,,,,,,
648,matrix,PAHdb experimental 3.10 (Ar matrix),uid 297,4-azachrysene,C17H11N,0,17,297,,,866.0,0.074893,relative (PAHdb experimental),,,,,10.1021/jp021938c,matrix,CH-oop (10.5-15 um; benzene nu11 at 673 included),,,,,,,,,,
649,matrix,PAHdb experimental 3.10 (Ar matrix),uid 297,4-azachrysene,C17H11N,0,17,297,,,885.0,0.027763,relative (PAHdb experimental),,,,,10.1021/jp021938c,matrix,CH-oop (10.5-15 um; benzene nu11 at 673 included),,,,,,,,,,
650,matrix,PAHdb experimental 3.10 (Ar matrix),uid 297,4-azachrysene,C17H11N,0,17,297,,,892.9,0.031545,relative (PAHdb experimental),,,,,10.1021/jp021938c,matrix,CH-oop (10.5-15 um; benzene nu11 at 673 included),,,,,,,,,,
651,matrix,PAHdb experimental 3.10 (Ar matrix),uid 297,4-azachrysene,C17H11N,0,17,297,,,946.1,0.017146,relative (PAHdb experimental),,,,,10.1021/jp021938c,matrix,CH-oop (10.5-15 um; benzene nu11 at 673 included),,,,,,,,,,
652,matrix,PAHdb experimental 3.10 (Ar matrix),uid 297,4-azachrysene,C17H11N,0,17,297,,,974.2,0.0058721,relative (PAHdb experimental),,,,,10.1021/jp021938c,matrix,ring / CH-ip (9-10.5 um),,,,,,,,,,
653,matrix,PAHdb experimental 3.10 (Ar matrix),uid 297,4-azachrysene,C17H11N,0,17,297,,,1029.0,0.038379,relative (PAHdb experimental),,,,,10.1021/jp021938c,matrix,ring / CH-ip (9-10.5 um),,,,,,,,,,
654,matrix,PAHdb experimental 3.10 (Ar matrix),uid 297,4-azachrysene,C17H11N,0,17,297,,,1038.9,0.0087614,relative (PAHdb experimental),,,,,10.1021/jp021938c,matrix,ring / CH-ip (9-10.5 um),,,,,,,,,,
655,matrix,PAHdb experimental 3.10 (Ar matrix),uid 297,4-azachrysene,C17H11N,0,17,297,,,1049.2,0.025706,relative (PAHdb experimental),,,,,10.1021/jp021938c,matrix,ring / CH-ip (9-10.5 um),,,,,,,,,,
656,matrix,PAHdb experimental 3.10 (Ar matrix),uid 297,4-azachrysene,C17H11N,0,17,297,,,1081.4,0.060454,relative (PAHdb experimental),,,,,10.1021/jp021938c,matrix,ring / CH-ip (9-10.5 um),,,,,,,,,,
657,matrix,PAHdb experimental 3.10 (Ar matrix),uid 297,4-azachrysene,C17H11N,0,17,297,,,1130.3,0.016515,relative (PAHdb experimental),,,,,10.1021/jp021938c,matrix,CH-ip-bend (8.6 um),,,,,,,,,,
658,matrix,PAHdb experimental 3.10 (Ar matrix),uid 297,4-azachrysene,C17H11N,0,17,297,,,1141.6,0.0072578,relative (PAHdb experimental),,,,,10.1021/jp021938c,matrix,CH-ip-bend (8.6 um),,,,,,,,,,
659,matrix,PAHdb experimental 3.10 (Ar matrix),uid 297,4-azachrysene,C17H11N,0,17,297,,,1153.9,0.03375,relative (PAHdb experimental),,,,,10.1021/jp021938c,matrix,CH-ip-bend (8.6 um),,,,,,,,,,
660,matrix,PAHdb experimental 3.10 (Ar matrix),uid 297,4-azachrysene,C17H11N,0,17,297,,,1163.8,0.042404,relative (PAHdb experimental),,,,,10.1021/jp021938c,matrix,CH-ip-bend (8.6 um),,,,,,,,,,
661,matrix,PAHdb experimental 3.10 (Ar matrix),uid 297,4-azachrysene,C17H11N,0,17,297,,,1167.7,0.025605,relative (PAHdb experimental),,,,,10.1021/jp021938c,matrix,CH-ip-bend (8.6 um),,,,,,,,,,
662,matrix,PAHdb experimental 3.10 (Ar matrix),uid 297,4-azachrysene,C17H11N,0,17,297,,,1186.9,0.056583,relative (PAHdb experimental),,,,,10.1021/jp021938c,matrix,CH-ip-bend (8.6 um),,,,,,,,,,
663,matrix,PAHdb experimental 3.10 (Ar matrix),uid 297,4-azachrysene,C17H11N,0,17,297,,,1217.4,0.013191,relative (PAHdb experimental),,,,,10.1021/jp021938c,matrix,CH-ip-bend (8.6 um),,,,,,,,,,
664,matrix,PAHdb experimental 3.10 (Ar matrix),uid 297,4-azachrysene,C17H11N,0,17,297,,,1221.0,0.023095,relative (PAHdb experimental),,,,,10.1021/jp021938c,matrix,CH-ip-bend (8.6 um),,,,,,,,,,
665,matrix,PAHdb experimental 3.10 (Ar matrix),uid 297,4-azachrysene,C17H11N,0,17,297,,,1232.1,0.047252,relative (PAHdb experimental),,,,,10.1021/jp021938c,matrix,CH-ip-bend (8.6 um),,,,,,,,,,
666,matrix,PAHdb experimental 3.10 (Ar matrix),uid 297,4-azachrysene,C17H11N,0,17,297,,,1257.4,0.065261,relative (PAHdb experimental),,,,,10.1021/jp021938c,matrix,CC-stretch/CH-ip (7.7 um),,,,,,,,,,
667,matrix,PAHdb experimental 3.10 (Ar matrix),uid 297,4-azachrysene,C17H11N,0,17,297,,,1266.0,0.048963,relative (PAHdb experimental),,,,,10.1021/jp021938c,matrix,CC-stretch/CH-ip (7.7 um),,,,,,,,,,
668,matrix,PAHdb experimental 3.10 (Ar matrix),uid 297,4-azachrysene,C17H11N,0,17,297,,,1311.8,0.080869,relative (PAHdb experimental),,,,,10.1021/jp021938c,matrix,CC-stretch/CH-ip (7.7 um),,,,,,,,,,
669,matrix,PAHdb experimental 3.10 (Ar matrix),uid 297,4-azachrysene,C17H11N,0,17,297,,,1394.3,0.13132,relative (PAHdb experimental),,,,,10.1021/jp021938c,matrix,CC-stretch/CH-ip (7.7 um),,,,,,,,,,
670,matrix,PAHdb experimental 3.10 (Ar matrix),uid 297,4-azachrysene,C17H11N,0,17,297,,,1408.0,0.45178,relative (PAHdb experimental),,,,,10.1021/jp021938c,matrix,CC-stretch/CH-ip (7.7 um),,,,,,,,,,
671,matrix,PAHdb experimental 3.10 (Ar matrix),uid 297,4-azachrysene,C17H11N,0,17,297,,,1424.6,0.031287,relative (PAHdb experimental),,,,,10.1021/jp021938c,matrix,CC-stretch/CH-ip (7.7 um),,,,,,,,,,
672,matrix,PAHdb experimental 3.10 (Ar matrix),uid 297,4-azachrysene,C17H11N,0,17,297,,,1428.9,0.065517,relative (PAHdb experimental),,,,,10.1021/jp021938c,matrix,CC-stretch/CH-ip (7.7 um),,,,,,,,,,
673,matrix,PAHdb experimental 3.10 (Ar matrix),uid 297,4-azachrysene,C17H11N,0,17,297,,,1436.5,0.040849,relative (PAHdb experimental),,,,,10.1021/jp021938c,matrix,CC-stretch/CH-ip (7.7 um),,,,,,,,,,
674,matrix,PAHdb experimental 3.10 (Ar matrix),uid 297,4-azachrysene,C17H11N,0,17,297,,,1487.6,0.19451,relative (PAHdb experimental),,,,,10.1021/jp021938c,matrix,CC-stretch/CH-ip (7.7 um),,,,,,,,,,
675,matrix,PAHdb experimental 3.10 (Ar matrix),uid 297,4-azachrysene,C17H11N,0,17,297,,,1506.5,0.058291,relative (PAHdb experimental),,,,,10.1021/jp021938c,matrix,CC-stretch (6.2 um),,,,,,,,,,
676,matrix,PAHdb experimental 3.10 (Ar matrix),uid 297,4-azachrysene,C17H11N,0,17,297,,,1510.0,0.049391,relative (PAHdb experimental),,,,,10.1021/jp021938c,matrix,CC-stretch (6.2 um),,,,,,,,,,
677,matrix,PAHdb experimental 3.10 (Ar matrix),uid 297,4-azachrysene,C17H11N,0,17,297,,,1532.4,0.0032274,relative (PAHdb experimental),,,,,10.1021/jp021938c,matrix,CC-stretch (6.2 um),,,,,,,,,,
678,matrix,PAHdb experimental 3.10 (Ar matrix),uid 297,4-azachrysene,C17H11N,0,17,297,,,1560.3,0.0056451,relative (PAHdb experimental),,,,,10.1021/jp021938c,matrix,CC-stretch (6.2 um),,,,,,,,,,
679,matrix,PAHdb experimental 3.10 (Ar matrix),uid 297,4-azachrysene,C17H11N,0,17,297,,,1567.6,0.0017794,relative (PAHdb experimental),,,,,10.1021/jp021938c,matrix,CC-stretch (6.2 um),,,,,,,,,,
680,matrix,PAHdb experimental 3.10 (Ar matrix),uid 297,4-azachrysene,C17H11N,0,17,297,,,1573.9,0.017536,relative (PAHdb experimental),,,,,10.1021/jp021938c,matrix,CC-stretch (6.2 um),,,,,,,,,,
681,matrix,PAHdb experimental 3.10 (Ar matrix),uid 297,4-azachrysene,C17H11N,0,17,297,,,1579.1,0.053931,relative (PAHdb experimental),,,,,10.1021/jp021938c,matrix,CC-stretch (6.2 um),,,,,,,,,,
682,matrix,PAHdb experimental 3.10 (Ar matrix),uid 297,4-azachrysene,C17H11N,0,17,297,,,1599.4,0.33354,relative (PAHdb experimental),,,,,10.1021/jp021938c,matrix,CC-stretch (6.2 um),,,,,,,,,,
683,matrix,PAHdb experimental 3.10 (Ar matrix),uid 297,4-azachrysene,C17H11N,0,17,297,,,1615.7,0.058328,relative (PAHdb experimental),,,,,10.1021/jp021938c,matrix,CC-stretch (6.2 um),,,,,,,,,,
684,matrix,PAHdb experimental 3.10 (Ar matrix),uid 297,4-azachrysene,C17H11N,0,17,297,,,1629.2,0.028161,relative (PAHdb experimental),,,,,10.1021/jp021938c,matrix,CC-stretch (6.2 um),,,,,,,,,,
685,matrix,PAHdb experimental 3.10 (Ar matrix),uid 297,4-azachrysene,C17H11N,0,17,297,,,1695.1,0.0070849,relative (PAHdb experimental),,,,,10.1021/jp021938c,matrix,overtone / combination region,,,,,,,,,,
686,matrix,PAHdb experimental 3.10 (Ar matrix),uid 297,4-azachrysene,C17H11N,0,17,297,,,1719.1,0.0091135,relative (PAHdb experimental),,,,,10.1021/jp021938c,matrix,overtone / combination region,,,,,,,,,,
687,matrix,PAHdb experimental 3.10 (Ar matrix),uid 297,4-azachrysene,C17H11N,0,17,297,,,1750.6,0.012947,relative (PAHdb experimental),,,,,10.1021/jp021938c,matrix,overtone / combination region,,,,,,,,,,
688,matrix,PAHdb experimental 3.10 (Ar matrix),uid 297,4-azachrysene,C17H11N,0,17,297,,,1783.1,0.050698,relative (PAHdb experimental),,,,,10.1021/jp021938c,matrix,overtone / combination region,,,,,,,,,,
689,matrix,PAHdb experimental 3.10 (Ar matrix),uid 297,4-azachrysene,C17H11N,0,17,297,,,1815.6,0.017351,relative (PAHdb experimental),,,,,10.1021/jp021938c,matrix,overtone / combination region,,,,,,,,,,
690,matrix,PAHdb experimental 3.10 (Ar matrix),uid 297,4-azachrysene,C17H11N,0,17,297,,,1837.8,0.012498,relative (PAHdb experimental),,,,,10.1021/jp021938c,matrix,overtone / combination region,,,,,,,,,,
691,matrix,PAHdb experimental 3.10 (Ar matrix),uid 297,4-azachrysene,C17H11N,0,17,297,,,1886.5,0.016593,relative (PAHdb experimental),,,,,10.1021/jp021938c,matrix,overtone / combination region,,,,,,,,,,
692,matrix,PAHdb experimental 3.10 (Ar matrix),uid 297,4-azachrysene,C17H11N,0,17,297,,,1915.8,0.013074,relative (PAHdb experimental),,,,,10.1021/jp021938c,matrix,overtone / combination region,,,,,,,,,,
693,matrix,PAHdb experimental 3.10 (Ar matrix),uid 297,4-azachrysene,C17H11N,0,17,297,,,1947.2,0.056004,relative (PAHdb experimental),,,,,10.1021/jp021938c,matrix,overtone / combination region,,,,,,,,,,
694,matrix,PAHdb experimental 3.10 (Ar matrix),uid 297,4-azachrysene,C17H11N,0,17,297,,,2982.7,0.01847,relative (PAHdb experimental),,,,,10.1021/jp021938c,matrix,CH-stretch,,,,,,,,,,
695,matrix,PAHdb experimental 3.10 (Ar matrix),uid 297,4-azachrysene,C17H11N,0,17,297,,,3002.6,0.072257,relative (PAHdb experimental),,,,,10.1021/jp021938c,matrix,CH-stretch,,,,,,,,,,
696,matrix,PAHdb experimental 3.10 (Ar matrix),uid 297,4-azachrysene,C17H11N,0,17,297,,,3029.7,0.16791,relative (PAHdb experimental),,,,,10.1021/jp021938c,matrix,CH-stretch,,,,,,,,,,
697,matrix,PAHdb experimental 3.10 (Ar matrix),uid 297,4-azachrysene,C17H11N,0,17,297,,,3034.4,0.11011,relative (PAHdb experimental),,,,,10.1021/jp021938c,matrix,CH-stretch,,,,,,,,,,
698,matrix,PAHdb experimental 3.10 (Ar matrix),uid 297,4-azachrysene,C17H11N,0,17,297,,,3059.8,0.57814,relative (PAHdb experimental),,,,,10.1021/jp021938c,matrix,CH-stretch,,,,,,,,,,
699,matrix,PAHdb experimental 3.10 (Ar matrix),uid 297,4-azachrysene,C17H11N,0,17,297,,,3089.9,0.1716,relative (PAHdb experimental),,,,,10.1021/jp021938c,matrix,CH-stretch,,,,,,,,,,
700,matrix,PAHdb experimental 3.10 (Ar matrix),uid 297,4-azachrysene,C17H11N,0,17,297,,,3104.3,0.041641,relative (PAHdb experimental),,,,,10.1021/jp021938c,matrix,CH-stretch,,,,,,,,,,
701,matrix,PAHdb experimental 3.10 (Ar matrix),uid 297,4-azachrysene,C17H11N,0,17,297,,,3516.9,0.015532,relative (PAHdb experimental),,,,,10.1021/jp021938c,matrix,above 3200,,,,,,,,,,
702,matrix,PAHdb experimental 3.10 (Ar matrix),uid 297,4-azachrysene,C17H11N,0,17,297,,,3697.7,0.018106,relative (PAHdb experimental),,,,,10.1021/jp021938c,matrix,above 3200,,,,,,,,,,
703,matrix,PAHdb experimental 3.10 (Ar matrix),uid 297,4-azachrysene,C17H11N,0,17,297,,,3707.3,0.015466,relative (PAHdb experimental),,,,,10.1021/jp021938c,matrix,above 3200,,,,,,,,,,
704,matrix,PAHdb experimental 3.10 (Ar matrix),uid 293,1-azachrysene,C17H11N,0,17,293,,,545.7,3.5209,relative (PAHdb experimental),,,,,10.1021/jp021938c,matrix,low / skeletal,,,,,,,,,,
705,matrix,PAHdb experimental 3.10 (Ar matrix),uid 293,1-azachrysene,C17H11N,0,17,293,,,568.9,1.3818,relative (PAHdb experimental),,,,,10.1021/jp021938c,matrix,low / skeletal,,,,,,,,,,
706,matrix,PAHdb experimental 3.10 (Ar matrix),uid 293,1-azachrysene,C17H11N,0,17,293,,,576.2,8.4575,relative (PAHdb experimental),,,,,10.1021/jp021938c,matrix,low / skeletal,,,,,,,,,,
707,matrix,PAHdb experimental 3.10 (Ar matrix),uid 293,1-azachrysene,C17H11N,0,17,293,,,674.9,5.3778,relative (PAHdb experimental),,,,,10.1021/jp021938c,matrix,CH-oop (10.5-15 um; benzene nu11 at 673 included),,,,,,,,,,
708,matrix,PAHdb experimental 3.10 (Ar matrix),uid 293,1-azachrysene,C17H11N,0,17,293,,,685.8,3.2467,relative (PAHdb experimental),,,,,10.1021/jp021938c,matrix,CH-oop (10.5-15 um; benzene nu11 at 673 included),,,,,,,,,,
709,matrix,PAHdb experimental 3.10 (Ar matrix),uid 293,1-azachrysene,C17H11N,0,17,293,,,693.9,1.0086,relative (PAHdb experimental),,,,,10.1021/jp021938c,matrix,CH-oop (10.5-15 um; benzene nu11 at 673 included),,,,,,,,,,
710,matrix,PAHdb experimental 3.10 (Ar matrix),uid 293,1-azachrysene,C17H11N,0,17,293,,,727.1,1.7068,relative (PAHdb experimental),,,,,10.1021/jp021938c,matrix,CH-oop (10.5-15 um; benzene nu11 at 673 included),,,,,,,,,,
711,matrix,PAHdb experimental 3.10 (Ar matrix),uid 293,1-azachrysene,C17H11N,0,17,293,,,732.6,0.41011,relative (PAHdb experimental),,,,,10.1021/jp021938c,matrix,CH-oop (10.5-15 um; benzene nu11 at 673 included),,,,,,,,,,
712,matrix,PAHdb experimental 3.10 (Ar matrix),uid 293,1-azachrysene,C17H11N,0,17,293,,,738.5,0.52546,relative (PAHdb experimental),,,,,10.1021/jp021938c,matrix,CH-oop (10.5-15 um; benzene nu11 at 673 included),,,,,,,,,,
713,matrix,PAHdb experimental 3.10 (Ar matrix),uid 293,1-azachrysene,C17H11N,0,17,293,,,747.5,23.832,relative (PAHdb experimental),,,,,10.1021/jp021938c,matrix,CH-oop (10.5-15 um; benzene nu11 at 673 included),,,,,,,,,,
714,matrix,PAHdb experimental 3.10 (Ar matrix),uid 293,1-azachrysene,C17H11N,0,17,293,,,782.4,36.011,relative (PAHdb experimental),,,,,10.1021/jp021938c,matrix,CH-oop (10.5-15 um; benzene nu11 at 673 included),,,,,,,,,,
715,matrix,PAHdb experimental 3.10 (Ar matrix),uid 293,1-azachrysene,C17H11N,0,17,293,,,797.1,44.21,relative (PAHdb experimental),,,,,10.1021/jp021938c,matrix,CH-oop (10.5-15 um; benzene nu11 at 673 included),,,,,,,,,,
716,matrix,PAHdb experimental 3.10 (Ar matrix),uid 293,1-azachrysene,C17H11N,0,17,293,,,832.7,8.6513,relative (PAHdb experimental),,,,,10.1021/jp021938c,matrix,CH-oop (10.5-15 um; benzene nu11 at 673 included),,,,,,,,,,
717,matrix,PAHdb experimental 3.10 (Ar matrix),uid 293,1-azachrysene,C17H11N,0,17,293,,,837.4,19.569,relative (PAHdb experimental),,,,,10.1021/jp021938c,matrix,CH-oop (10.5-15 um; benzene nu11 at 673 included),,,,,,,,,,
718,matrix,PAHdb experimental 3.10 (Ar matrix),uid 293,1-azachrysene,C17H11N,0,17,293,,,863.8,7.0971,relative (PAHdb experimental),,,,,10.1021/jp021938c,matrix,CH-oop (10.5-15 um; benzene nu11 at 673 included),,,,,,,,,,
719,matrix,PAHdb experimental 3.10 (Ar matrix),uid 293,1-azachrysene,C17H11N,0,17,293,,,883.4,2.4191,relative (PAHdb experimental),,,,,10.1021/jp021938c,matrix,CH-oop (10.5-15 um; benzene nu11 at 673 included),,,,,,,,,,
720,matrix,PAHdb experimental 3.10 (Ar matrix),uid 293,1-azachrysene,C17H11N,0,17,293,,,887.6,3.6737,relative (PAHdb experimental),,,,,10.1021/jp021938c,matrix,CH-oop (10.5-15 um; benzene nu11 at 673 included),,,,,,,,,,
721,matrix,PAHdb experimental 3.10 (Ar matrix),uid 293,1-azachrysene,C17H11N,0,17,293,,,945.0,1.1101,relative (PAHdb experimental),,,,,10.1021/jp021938c,matrix,CH-oop (10.5-15 um; benzene nu11 at 673 included),,,,,,,,,,
722,matrix,PAHdb experimental 3.10 (Ar matrix),uid 293,1-azachrysene,C17H11N,0,17,293,,,956.1,1.1049,relative (PAHdb experimental),,,,,10.1021/jp021938c,matrix,ring / CH-ip (9-10.5 um),,,,,,,,,,
723,matrix,PAHdb experimental 3.10 (Ar matrix),uid 293,1-azachrysene,C17H11N,0,17,293,,,974.5,0.51138,relative (PAHdb experimental),,,,,10.1021/jp021938c,matrix,ring / CH-ip (9-10.5 um),,,,,,,,,,
724,matrix,PAHdb experimental 3.10 (Ar matrix),uid 293,1-azachrysene,C17H11N,0,17,293,,,1015.6,0.97488,relative (PAHdb experimental),,,,,10.1021/jp021938c,matrix,ring / CH-ip (9-10.5 um),,,,,,,,,,
725,matrix,PAHdb experimental 3.10 (Ar matrix),uid 293,1-azachrysene,C17H11N,0,17,293,,,1038.0,1.7772,relative (PAHdb experimental),,,,,10.1021/jp021938c,matrix,ring / CH-ip (9-10.5 um),,,,,,,,,,
726,matrix,PAHdb experimental 3.10 (Ar matrix),uid 293,1-azachrysene,C17H11N,0,17,293,,,1053.4,3.4429,relative (PAHdb experimental),,,,,10.1021/jp021938c,matrix,ring / CH-ip (9-10.5 um),,,,,,,,,,
727,matrix,PAHdb experimental 3.10 (Ar matrix),uid 293,1-azachrysene,C17H11N,0,17,293,,,1082.4,2.8547,relative (PAHdb experimental),,,,,10.1021/jp021938c,matrix,ring / CH-ip (9-10.5 um),,,,,,,,,,
728,matrix,PAHdb experimental 3.10 (Ar matrix),uid 293,1-azachrysene,C17H11N,0,17,293,,,1136.7,4.5386,relative (PAHdb experimental),,,,,10.1021/jp021938c,matrix,CH-ip-bend (8.6 um),,,,,,,,,,
729,matrix,PAHdb experimental 3.10 (Ar matrix),uid 293,1-azachrysene,C17H11N,0,17,293,,,1145.7,1.982,relative (PAHdb experimental),,,,,10.1021/jp021938c,matrix,CH-ip-bend (8.6 um),,,,,,,,,,
730,matrix,PAHdb experimental 3.10 (Ar matrix),uid 293,1-azachrysene,C17H11N,0,17,293,,,1174.9,1.0,relative (PAHdb experimental),,,,,10.1021/jp021938c,matrix,CH-ip-bend (8.6 um),,,,,,,,,,
731,matrix,PAHdb experimental 3.10 (Ar matrix),uid 293,1-azachrysene,C17H11N,0,17,293,,,1186.2,1.3463,relative (PAHdb experimental),,,,,10.1021/jp021938c,matrix,CH-ip-bend (8.6 um),,,,,,,,,,
732,matrix,PAHdb experimental 3.10 (Ar matrix),uid 293,1-azachrysene,C17H11N,0,17,293,,,1191.3,1.2788,relative (PAHdb experimental),,,,,10.1021/jp021938c,matrix,CH-ip-bend (8.6 um),,,,,,,,,,
733,matrix,PAHdb experimental 3.10 (Ar matrix),uid 293,1-azachrysene,C17H11N,0,17,293,,,1233.6,5.2121,relative (PAHdb experimental),,,,,10.1021/jp021938c,matrix,CH-ip-bend (8.6 um),,,,,,,,,,
734,matrix,PAHdb experimental 3.10 (Ar matrix),uid 293,1-azachrysene,C17H11N,0,17,293,,,1240.7,5.5613,relative (PAHdb experimental),,,,,10.1021/jp021938c,matrix,CH-ip-bend (8.6 um),,,,,,,,,,
735,matrix,PAHdb experimental 3.10 (Ar matrix),uid 293,1-azachrysene,C17H11N,0,17,293,,,1244.7,1.4863,relative (PAHdb experimental),,,,,10.1021/jp021938c,matrix,CH-ip-bend (8.6 um),,,,,,,,,,
736,matrix,PAHdb experimental 3.10 (Ar matrix),uid 293,1-azachrysene,C17H11N,0,17,293,,,1248.2,4.5191,relative (PAHdb experimental),,,,,10.1021/jp021938c,matrix,CH-ip-bend (8.6 um),,,,,,,,,,
737,matrix,PAHdb experimental 3.10 (Ar matrix),uid 293,1-azachrysene,C17H11N,0,17,293,,,1255.5,6.4991,relative (PAHdb experimental),,,,,10.1021/jp021938c,matrix,CC-stretch/CH-ip (7.7 um),,,,,,,,,,
738,matrix,PAHdb experimental 3.10 (Ar matrix),uid 293,1-azachrysene,C17H11N,0,17,293,,,1263.8,7.386,relative (PAHdb experimental),,,,,10.1021/jp021938c,matrix,CC-stretch/CH-ip (7.7 um),,,,,,,,,,
739,matrix,PAHdb experimental 3.10 (Ar matrix),uid 293,1-azachrysene,C17H11N,0,17,293,,,1268.4,0.57133,relative (PAHdb experimental),,,,,10.1021/jp021938c,matrix,CC-stretch/CH-ip (7.7 um),,,,,,,,,,
740,matrix,PAHdb experimental 3.10 (Ar matrix),uid 293,1-azachrysene,C17H11N,0,17,293,,,1297.7,8.3943,relative (PAHdb experimental),,,,,10.1021/jp021938c,matrix,CC-stretch/CH-ip (7.7 um),,,,,,,,,,
741,matrix,PAHdb experimental 3.10 (Ar matrix),uid 293,1-azachrysene,C17H11N,0,17,293,,,1304.3,0.4225,relative (PAHdb experimental),,,,,10.1021/jp021938c,matrix,CC-stretch/CH-ip (7.7 um),,,,,,,,,,
742,matrix,PAHdb experimental 3.10 (Ar matrix),uid 293,1-azachrysene,C17H11N,0,17,293,,,1319.6,0.93343,relative (PAHdb experimental),,,,,10.1021/jp021938c,matrix,CC-stretch/CH-ip (7.7 um),,,,,,,,,,
743,matrix,PAHdb experimental 3.10 (Ar matrix),uid 293,1-azachrysene,C17H11N,0,17,293,,,1345.5,0.54398,relative (PAHdb experimental),,,,,10.1021/jp021938c,matrix,CC-stretch/CH-ip (7.7 um),,,,,,,,,,
744,matrix,PAHdb experimental 3.10 (Ar matrix),uid 293,1-azachrysene,C17H11N,0,17,293,,,1352.9,0.61396,relative (PAHdb experimental),,,,,10.1021/jp021938c,matrix,CC-stretch/CH-ip (7.7 um),,,,,,,,,,
745,matrix,PAHdb experimental 3.10 (Ar matrix),uid 293,1-azachrysene,C17H11N,0,17,293,,,1370.9,1.6087,relative (PAHdb experimental),,,,,10.1021/jp021938c,matrix,CC-stretch/CH-ip (7.7 um),,,,,,,,,,
746,matrix,PAHdb experimental 3.10 (Ar matrix),uid 293,1-azachrysene,C17H11N,0,17,293,,,1380.2,5.9215,relative (PAHdb experimental),,,,,10.1021/jp021938c,matrix,CC-stretch/CH-ip (7.7 um),,,,,,,,,,
747,matrix,PAHdb experimental 3.10 (Ar matrix),uid 293,1-azachrysene,C17H11N,0,17,293,,,1410.3,13.123,relative (PAHdb experimental),,,,,10.1021/jp021938c,matrix,CC-stretch/CH-ip (7.7 um),,,,,,,,,,
748,matrix,PAHdb experimental 3.10 (Ar matrix),uid 293,1-azachrysene,C17H11N,0,17,293,,,1427.4,2.7489,relative (PAHdb experimental),,,,,10.1021/jp021938c,matrix,CC-stretch/CH-ip (7.7 um),,,,,,,,,,
749,matrix,PAHdb experimental 3.10 (Ar matrix),uid 293,1-azachrysene,C17H11N,0,17,293,,,1430.5,8.6319,relative (PAHdb experimental),,,,,10.1021/jp021938c,matrix,CC-stretch/CH-ip (7.7 um),,,,,,,,,,
750,matrix,PAHdb experimental 3.10 (Ar matrix),uid 293,1-azachrysene,C17H11N,0,17,293,,,1444.0,0.48006,relative (PAHdb experimental),,,,,10.1021/jp021938c,matrix,CC-stretch/CH-ip (7.7 um),,,,,,,,,,
751,matrix,PAHdb experimental 3.10 (Ar matrix),uid 293,1-azachrysene,C17H11N,0,17,293,,,1471.3,0.87483,relative (PAHdb experimental),,,,,10.1021/jp021938c,matrix,CC-stretch/CH-ip (7.7 um),,,,,,,,,,
752,matrix,PAHdb experimental 3.10 (Ar matrix),uid 293,1-azachrysene,C17H11N,0,17,293,,,1489.4,34.884,relative (PAHdb experimental),,,,,10.1021/jp021938c,matrix,CC-stretch/CH-ip (7.7 um),,,,,,,,,,
753,matrix,PAHdb experimental 3.10 (Ar matrix),uid 293,1-azachrysene,C17H11N,0,17,293,,,1497.7,0.57714,relative (PAHdb experimental),,,,,10.1021/jp021938c,matrix,CC-stretch/CH-ip (7.7 um),,,,,,,,,,
754,matrix,PAHdb experimental 3.10 (Ar matrix),uid 293,1-azachrysene,C17H11N,0,17,293,,,1518.7,14.787,relative (PAHdb experimental),,,,,10.1021/jp021938c,matrix,CC-stretch (6.2 um),,,,,,,,,,
755,matrix,PAHdb experimental 3.10 (Ar matrix),uid 293,1-azachrysene,C17H11N,0,17,293,,,1580.4,1.5957,relative (PAHdb experimental),,,,,10.1021/jp021938c,matrix,CC-stretch (6.2 um),,,,,,,,,,
756,matrix,PAHdb experimental 3.10 (Ar matrix),uid 293,1-azachrysene,C17H11N,0,17,293,,,1584.9,2.4363,relative (PAHdb experimental),,,,,10.1021/jp021938c,matrix,CC-stretch (6.2 um),,,,,,,,,,
757,matrix,PAHdb experimental 3.10 (Ar matrix),uid 293,1-azachrysene,C17H11N,0,17,293,,,1737.5,2.1135,relative (PAHdb experimental),,,,,10.1021/jp021938c,matrix,overtone / combination region,,,,,,,,,,
758,matrix,PAHdb experimental 3.10 (Ar matrix),uid 293,1-azachrysene,C17H11N,0,17,293,,,1793.2,1.6398,relative (PAHdb experimental),,,,,10.1021/jp021938c,matrix,overtone / combination region,,,,,,,,,,
759,matrix,PAHdb experimental 3.10 (Ar matrix),uid 293,1-azachrysene,C17H11N,0,17,293,,,1819.5,0.21481,relative (PAHdb experimental),,,,,10.1021/jp021938c,matrix,overtone / combination region,,,,,,,,,,
760,matrix,PAHdb experimental 3.10 (Ar matrix),uid 293,1-azachrysene,C17H11N,0,17,293,,,1837.5,1.1588,relative (PAHdb experimental),,,,,10.1021/jp021938c,matrix,overtone / combination region,,,,,,,,,,
761,matrix,PAHdb experimental 3.10 (Ar matrix),uid 293,1-azachrysene,C17H11N,0,17,293,,,1871.8,0.43547,relative (PAHdb experimental),,,,,10.1021/jp021938c,matrix,overtone / combination region,,,,,,,,,,
762,matrix,PAHdb experimental 3.10 (Ar matrix),uid 293,1-azachrysene,C17H11N,0,17,293,,,1880.6,0.57576,relative (PAHdb experimental),,,,,10.1021/jp021938c,matrix,overtone / combination region,,,,,,,,,,
763,matrix,PAHdb experimental 3.10 (Ar matrix),uid 293,1-azachrysene,C17H11N,0,17,293,,,1883.7,0.59652,relative (PAHdb experimental),,,,,10.1021/jp021938c,matrix,overtone / combination region,,,,,,,,,,
764,matrix,PAHdb experimental 3.10 (Ar matrix),uid 293,1-azachrysene,C17H11N,0,17,293,,,1895.8,0.19229,relative (PAHdb experimental),,,,,10.1021/jp021938c,matrix,overtone / combination region,,,,,,,,,,
765,matrix,PAHdb experimental 3.10 (Ar matrix),uid 293,1-azachrysene,C17H11N,0,17,293,,,1899.6,0.52069,relative (PAHdb experimental),,,,,10.1021/jp021938c,matrix,overtone / combination region,,,,,,,,,,
766,matrix,PAHdb experimental 3.10 (Ar matrix),uid 293,1-azachrysene,C17H11N,0,17,293,,,1912.8,1.1855,relative (PAHdb experimental),,,,,10.1021/jp021938c,matrix,overtone / combination region,,,,,,,,,,
767,matrix,PAHdb experimental 3.10 (Ar matrix),uid 293,1-azachrysene,C17H11N,0,17,293,,,1915.3,0.71339,relative (PAHdb experimental),,,,,10.1021/jp021938c,matrix,overtone / combination region,,,,,,,,,,
768,matrix,PAHdb experimental 3.10 (Ar matrix),uid 293,1-azachrysene,C17H11N,0,17,293,,,1918.3,0.65361,relative (PAHdb experimental),,,,,10.1021/jp021938c,matrix,overtone / combination region,,,,,,,,,,
769,matrix,PAHdb experimental 3.10 (Ar matrix),uid 293,1-azachrysene,C17H11N,0,17,293,,,1922.7,1.0506,relative (PAHdb experimental),,,,,10.1021/jp021938c,matrix,overtone / combination region,,,,,,,,,,
770,matrix,PAHdb experimental 3.10 (Ar matrix),uid 293,1-azachrysene,C17H11N,0,17,293,,,1937.9,0.37323,relative (PAHdb experimental),,,,,10.1021/jp021938c,matrix,overtone / combination region,,,,,,,,,,
771,matrix,PAHdb experimental 3.10 (Ar matrix),uid 293,1-azachrysene,C17H11N,0,17,293,,,1945.9,0.91815,relative (PAHdb experimental),,,,,10.1021/jp021938c,matrix,overtone / combination region,,,,,,,,,,
772,matrix,PAHdb experimental 3.10 (Ar matrix),uid 293,1-azachrysene,C17H11N,0,17,293,,,1948.8,1.4671,relative (PAHdb experimental),,,,,10.1021/jp021938c,matrix,overtone / combination region,,,,,,,,,,
773,matrix,PAHdb experimental 3.10 (Ar matrix),uid 293,1-azachrysene,C17H11N,0,17,293,,,3045.4,11.797,relative (PAHdb experimental),,,,,10.1021/jp021938c,matrix,CH-stretch,,,,,,,,,,
774,matrix,PAHdb experimental 3.10 (Ar matrix),uid 293,1-azachrysene,C17H11N,0,17,293,,,3065.7,11.102,relative (PAHdb experimental),,,,,10.1021/jp021938c,matrix,CH-stretch,,,,,,,,,,
775,matrix,PAHdb experimental 3.10 (Ar matrix),uid 293,1-azachrysene,C17H11N,0,17,293,,,3077.5,21.939,relative (PAHdb experimental),,,,,10.1021/jp021938c,matrix,CH-stretch,,,,,,,,,,
776,matrix,PAHdb experimental 3.10 (Ar matrix),uid 293,1-azachrysene,C17H11N,0,17,293,,,3093.8,13.296,relative (PAHdb experimental),,,,,10.1021/jp021938c,matrix,CH-stretch,,,,,,,,,,
777,matrix,PAHdb experimental 3.10 (Ar matrix),uid 830,benz[c]acridine,C17H11N,0,17,830,,,474.7,3.27,relative (PAHdb experimental),,,,,10.1016/j.saa.2017.03.044,matrix,low / skeletal,,,,,,,,,,
778,matrix,PAHdb experimental 3.10 (Ar matrix),uid 830,benz[c]acridine,C17H11N,0,17,830,,,547.6,4.87,relative (PAHdb experimental),,,,,10.1016/j.saa.2017.03.044,matrix,low / skeletal,,,,,,,,,,
779,matrix,PAHdb experimental 3.10 (Ar matrix),uid 830,benz[c]acridine,C17H11N,0,17,830,,,575.3,6.13,relative (PAHdb experimental),,,,,10.1016/j.saa.2017.03.044,matrix,low / skeletal,,,,,,,,,,
780,matrix,PAHdb experimental 3.10 (Ar matrix),uid 830,benz[c]acridine,C17H11N,0,17,830,,,614.3,4.55,relative (PAHdb experimental),,,,,10.1016/j.saa.2017.03.044,matrix,low / skeletal,,,,,,,,,,
781,matrix,PAHdb experimental 3.10 (Ar matrix),uid 830,benz[c]acridine,C17H11N,0,17,830,,,653.0,6.01,relative (PAHdb experimental),,,,,10.1016/j.saa.2017.03.044,matrix,CH-oop (10.5-15 um; benzene nu11 at 673 included),,,,,,,,,,
782,matrix,PAHdb experimental 3.10 (Ar matrix),uid 830,benz[c]acridine,C17H11N,0,17,830,,,694.4,9.47,relative (PAHdb experimental),,,,,10.1016/j.saa.2017.03.044,matrix,CH-oop (10.5-15 um; benzene nu11 at 673 included),,,,,,,,,,
783,matrix,PAHdb experimental 3.10 (Ar matrix),uid 830,benz[c]acridine,C17H11N,0,17,830,,,744.3,3.04,relative (PAHdb experimental),,,,,10.1016/j.saa.2017.03.044,matrix,CH-oop (10.5-15 um; benzene nu11 at 673 included),,,,,,,,,,
784,matrix,PAHdb experimental 3.10 (Ar matrix),uid 830,benz[c]acridine,C17H11N,0,17,830,,,752.9,47.32,relative (PAHdb experimental),,,,,10.1016/j.saa.2017.03.044,matrix,CH-oop (10.5-15 um; benzene nu11 at 673 included),,,,,,,,,,
785,matrix,PAHdb experimental 3.10 (Ar matrix),uid 830,benz[c]acridine,C17H11N,0,17,830,,,763.6,4.33,relative (PAHdb experimental),,,,,10.1016/j.saa.2017.03.044,matrix,CH-oop (10.5-15 um; benzene nu11 at 673 included),,,,,,,,,,
786,matrix,PAHdb experimental 3.10 (Ar matrix),uid 830,benz[c]acridine,C17H11N,0,17,830,,,772.3,28.66,relative (PAHdb experimental),,,,,10.1016/j.saa.2017.03.044,matrix,CH-oop (10.5-15 um; benzene nu11 at 673 included),,,,,,,,,,
787,matrix,PAHdb experimental 3.10 (Ar matrix),uid 830,benz[c]acridine,C17H11N,0,17,830,,,801.5,16.31,relative (PAHdb experimental),,,,,10.1016/j.saa.2017.03.044,matrix,CH-oop (10.5-15 um; benzene nu11 at 673 included),,,,,,,,,,
788,matrix,PAHdb experimental 3.10 (Ar matrix),uid 830,benz[c]acridine,C17H11N,0,17,830,,,817.6,4.27,relative (PAHdb experimental),,,,,10.1016/j.saa.2017.03.044,matrix,CH-oop (10.5-15 um; benzene nu11 at 673 included),,,,,,,,,,
789,matrix,PAHdb experimental 3.10 (Ar matrix),uid 830,benz[c]acridine,C17H11N,0,17,830,,,856.3,6.85,relative (PAHdb experimental),,,,,10.1016/j.saa.2017.03.044,matrix,CH-oop (10.5-15 um; benzene nu11 at 673 included),,,,,,,,,,
790,matrix,PAHdb experimental 3.10 (Ar matrix),uid 830,benz[c]acridine,C17H11N,0,17,830,,,880.6,6.34,relative (PAHdb experimental),,,,,10.1016/j.saa.2017.03.044,matrix,CH-oop (10.5-15 um; benzene nu11 at 673 included),,,,,,,,,,
791,matrix,PAHdb experimental 3.10 (Ar matrix),uid 830,benz[c]acridine,C17H11N,0,17,830,,,909.0,19.85,relative (PAHdb experimental),,,,,10.1016/j.saa.2017.03.044,matrix,CH-oop (10.5-15 um; benzene nu11 at 673 included),,,,,,,,,,
792,matrix,PAHdb experimental 3.10 (Ar matrix),uid 830,benz[c]acridine,C17H11N,0,17,830,,,955.9,4.23,relative (PAHdb experimental),,,,,10.1016/j.saa.2017.03.044,matrix,ring / CH-ip (9-10.5 um),,,,,,,,,,
793,matrix,PAHdb experimental 3.10 (Ar matrix),uid 830,benz[c]acridine,C17H11N,0,17,830,,,1002.9,2.1,relative (PAHdb experimental),,,,,10.1016/j.saa.2017.03.044,matrix,ring / CH-ip (9-10.5 um),,,,,,,,,,
794,matrix,PAHdb experimental 3.10 (Ar matrix),uid 830,benz[c]acridine,C17H11N,0,17,830,,,1013.0,10.2,relative (PAHdb experimental),,,,,10.1016/j.saa.2017.03.044,matrix,ring / CH-ip (9-10.5 um),,,,,,,,,,
795,matrix,PAHdb experimental 3.10 (Ar matrix),uid 830,benz[c]acridine,C17H11N,0,17,830,,,1037.7,1.35,relative (PAHdb experimental),,,,,10.1016/j.saa.2017.03.044,matrix,ring / CH-ip (9-10.5 um),,,,,,,,,,
796,matrix,PAHdb experimental 3.10 (Ar matrix),uid 830,benz[c]acridine,C17H11N,0,17,830,,,1134.0,5.56,relative (PAHdb experimental),,,,,10.1016/j.saa.2017.03.044,matrix,CH-ip-bend (8.6 um),,,,,,,,,,
797,matrix,PAHdb experimental 3.10 (Ar matrix),uid 830,benz[c]acridine,C17H11N,0,17,830,,,1173.9,3.06,relative (PAHdb experimental),,,,,10.1016/j.saa.2017.03.044,matrix,CH-ip-bend (8.6 um),,,,,,,,,,
798,matrix,PAHdb experimental 3.10 (Ar matrix),uid 830,benz[c]acridine,C17H11N,0,17,830,,,1301.2,4.48,relative (PAHdb experimental),,,,,10.1016/j.saa.2017.03.044,matrix,CC-stretch/CH-ip (7.7 um),,,,,,,,,,
799,matrix,PAHdb experimental 3.10 (Ar matrix),uid 830,benz[c]acridine,C17H11N,0,17,830,,,1309.7,5.01,relative (PAHdb experimental),,,,,10.1016/j.saa.2017.03.044,matrix,CC-stretch/CH-ip (7.7 um),,,,,,,,,,
800,matrix,PAHdb experimental 3.10 (Ar matrix),uid 830,benz[c]acridine,C17H11N,0,17,830,,,1384.0,13.04,relative (PAHdb experimental),,,,,10.1016/j.saa.2017.03.044,matrix,CC-stretch/CH-ip (7.7 um),,,,,,,,,,
801,matrix,PAHdb experimental 3.10 (Ar matrix),uid 830,benz[c]acridine,C17H11N,0,17,830,,,1403.1,2.7,relative (PAHdb experimental),,,,,10.1016/j.saa.2017.03.044,matrix,CC-stretch/CH-ip (7.7 um),,,,,,,,,,
802,matrix,PAHdb experimental 3.10 (Ar matrix),uid 830,benz[c]acridine,C17H11N,0,17,830,,,1417.1,19.99,relative (PAHdb experimental),,,,,10.1016/j.saa.2017.03.044,matrix,CC-stretch/CH-ip (7.7 um),,,,,,,,,,
803,matrix,PAHdb experimental 3.10 (Ar matrix),uid 830,benz[c]acridine,C17H11N,0,17,830,,,1453.5,4.64,relative (PAHdb experimental),,,,,10.1016/j.saa.2017.03.044,matrix,CC-stretch/CH-ip (7.7 um),,,,,,,,,,
804,matrix,PAHdb experimental 3.10 (Ar matrix),uid 830,benz[c]acridine,C17H11N,0,17,830,,,1479.3,7.39,relative (PAHdb experimental),,,,,10.1016/j.saa.2017.03.044,matrix,CC-stretch/CH-ip (7.7 um),,,,,,,,,,
805,matrix,PAHdb experimental 3.10 (Ar matrix),uid 830,benz[c]acridine,C17H11N,0,17,830,,,1485.1,2.91,relative (PAHdb experimental),,,,,10.1016/j.saa.2017.03.044,matrix,CC-stretch/CH-ip (7.7 um),,,,,,,,,,
806,matrix,PAHdb experimental 3.10 (Ar matrix),uid 830,benz[c]acridine,C17H11N,0,17,830,,,1496.6,29.99,relative (PAHdb experimental),,,,,10.1016/j.saa.2017.03.044,matrix,CC-stretch/CH-ip (7.7 um),,,,,,,,,,
807,matrix,PAHdb experimental 3.10 (Ar matrix),uid 830,benz[c]acridine,C17H11N,0,17,830,,,1539.7,12.53,relative (PAHdb experimental),,,,,10.1016/j.saa.2017.03.044,matrix,CC-stretch (6.2 um),,,,,,,,,,
808,matrix,PAHdb experimental 3.10 (Ar matrix),uid 830,benz[c]acridine,C17H11N,0,17,830,,,1568.5,4.12,relative (PAHdb experimental),,,,,10.1016/j.saa.2017.03.044,matrix,CC-stretch (6.2 um),,,,,,,,,,
809,matrix,PAHdb experimental 3.10 (Ar matrix),uid 830,benz[c]acridine,C17H11N,0,17,830,,,1587.2,9.03,relative (PAHdb experimental),,,,,10.1016/j.saa.2017.03.044,matrix,CC-stretch (6.2 um),,,,,,,,,,
810,matrix,PAHdb experimental 3.10 (Ar matrix),uid 830,benz[c]acridine,C17H11N,0,17,830,,,1622.3,6.32,relative (PAHdb experimental),,,,,10.1016/j.saa.2017.03.044,matrix,CC-stretch (6.2 um),,,,,,,,,,
811,matrix,PAHdb experimental 3.10 (Ar matrix),uid 830,benz[c]acridine,C17H11N,0,17,830,,,1698.0,1.0,relative (PAHdb experimental),,,,,10.1016/j.saa.2017.03.044,matrix,overtone / combination region,,,,,,,,,,
812,matrix,PAHdb experimental 3.10 (Ar matrix),uid 830,benz[c]acridine,C17H11N,0,17,830,,,1726.5,1.13,relative (PAHdb experimental),,,,,10.1016/j.saa.2017.03.044,matrix,overtone / combination region,,,,,,,,,,
813,matrix,PAHdb experimental 3.10 (Ar matrix),uid 830,benz[c]acridine,C17H11N,0,17,830,,,1747.5,0.26,relative (PAHdb experimental),,,,,10.1016/j.saa.2017.03.044,matrix,overtone / combination region,,,,,,,,,,
814,matrix,PAHdb experimental 3.10 (Ar matrix),uid 830,benz[c]acridine,C17H11N,0,17,830,,,1754.1,1.72,relative (PAHdb experimental),,,,,10.1016/j.saa.2017.03.044,matrix,overtone / combination region,,,,,,,,,,
815,matrix,PAHdb experimental 3.10 (Ar matrix),uid 830,benz[c]acridine,C17H11N,0,17,830,,,1764.6,0.59,relative (PAHdb experimental),,,,,10.1016/j.saa.2017.03.044,matrix,overtone / combination region,,,,,,,,,,
816,matrix,PAHdb experimental 3.10 (Ar matrix),uid 830,benz[c]acridine,C17H11N,0,17,830,,,1770.4,0.75,relative (PAHdb experimental),,,,,10.1016/j.saa.2017.03.044,matrix,overtone / combination region,,,,,,,,,,
817,matrix,PAHdb experimental 3.10 (Ar matrix),uid 830,benz[c]acridine,C17H11N,0,17,830,,,1784.6,0.89,relative (PAHdb experimental),,,,,10.1016/j.saa.2017.03.044,matrix,overtone / combination region,,,,,,,,,,
818,matrix,PAHdb experimental 3.10 (Ar matrix),uid 830,benz[c]acridine,C17H11N,0,17,830,,,1808.3,0.62,relative (PAHdb experimental),,,,,10.1016/j.saa.2017.03.044,matrix,overtone / combination region,,,,,,,,,,
819,matrix,PAHdb experimental 3.10 (Ar matrix),uid 830,benz[c]acridine,C17H11N,0,17,830,,,1814.8,1.74,relative (PAHdb experimental),,,,,10.1016/j.saa.2017.03.044,matrix,overtone / combination region,,,,,,,,,,
820,matrix,PAHdb experimental 3.10 (Ar matrix),uid 830,benz[c]acridine,C17H11N,0,17,830,,,1830.4,2.02,relative (PAHdb experimental),,,,,10.1016/j.saa.2017.03.044,matrix,overtone / combination region,,,,,,,,,,
821,matrix,PAHdb experimental 3.10 (Ar matrix),uid 830,benz[c]acridine,C17H11N,0,17,830,,,1838.3,0.59,relative (PAHdb experimental),,,,,10.1016/j.saa.2017.03.044,matrix,overtone / combination region,,,,,,,,,,
822,matrix,PAHdb experimental 3.10 (Ar matrix),uid 830,benz[c]acridine,C17H11N,0,17,830,,,1860.5,3.3,relative (PAHdb experimental),,,,,10.1016/j.saa.2017.03.044,matrix,overtone / combination region,,,,,,,,,,
823,matrix,PAHdb experimental 3.10 (Ar matrix),uid 830,benz[c]acridine,C17H11N,0,17,830,,,1908.4,3.14,relative (PAHdb experimental),,,,,10.1016/j.saa.2017.03.044,matrix,overtone / combination region,,,,,,,,,,
824,matrix,PAHdb experimental 3.10 (Ar matrix),uid 830,benz[c]acridine,C17H11N,0,17,830,,,1914.6,3.62,relative (PAHdb experimental),,,,,10.1016/j.saa.2017.03.044,matrix,overtone / combination region,,,,,,,,,,
825,matrix,PAHdb experimental 3.10 (Ar matrix),uid 830,benz[c]acridine,C17H11N,0,17,830,,,1928.0,24.64,relative (PAHdb experimental),,,,,10.1016/j.saa.2017.03.044,matrix,overtone / combination region,,,,,,,,,,
826,matrix,PAHdb experimental 3.10 (Ar matrix),uid 830,benz[c]acridine,C17H11N,0,17,830,,,1928.0,6.93,relative (PAHdb experimental),,,,,10.1016/j.saa.2017.03.044,matrix,overtone / combination region,,,,,,,,,,
827,matrix,PAHdb experimental 3.10 (Ar matrix),uid 830,benz[c]acridine,C17H11N,0,17,830,,,1934.7,4.86,relative (PAHdb experimental),,,,,10.1016/j.saa.2017.03.044,matrix,overtone / combination region,,,,,,,,,,
828,matrix,PAHdb experimental 3.10 (Ar matrix),uid 830,benz[c]acridine,C17H11N,0,17,830,,,1944.3,1.69,relative (PAHdb experimental),,,,,10.1016/j.saa.2017.03.044,matrix,overtone / combination region,,,,,,,,,,
829,matrix,PAHdb experimental 3.10 (Ar matrix),uid 830,benz[c]acridine,C17H11N,0,17,830,,,1950.8,3.13,relative (PAHdb experimental),,,,,10.1016/j.saa.2017.03.044,matrix,overtone / combination region,,,,,,,,,,
830,matrix,PAHdb experimental 3.10 (Ar matrix),uid 830,benz[c]acridine,C17H11N,0,17,830,,,1966.0,1.56,relative (PAHdb experimental),,,,,10.1016/j.saa.2017.03.044,matrix,overtone / combination region,,,,,,,,,,
831,matrix,PAHdb experimental 3.10 (Ar matrix),uid 830,benz[c]acridine,C17H11N,0,17,830,,,3062.1,67.82,relative (PAHdb experimental),,,,,10.1016/j.saa.2017.03.044,matrix,CH-stretch,,,,,,,,,,
832,matrix,PAHdb experimental 3.10 (Ar matrix),uid 830,benz[c]acridine,C17H11N,0,17,830,,,3109.0,1.6,relative (PAHdb experimental),,,,,10.1016/j.saa.2017.03.044,matrix,CH-stretch,,,,,,,,,,
833,matrix,PAHdb experimental 3.10 (Ar matrix),uid 287,2-azabenz[a]anthracene,C17H11N,0,17,287,,,513.9,10.724,relative (PAHdb experimental),,,,,10.1021/jp021938c,matrix,low / skeletal,,,,,,,,,,
834,matrix,PAHdb experimental 3.10 (Ar matrix),uid 287,2-azabenz[a]anthracene,C17H11N,0,17,287,,,527.5,2.7305,relative (PAHdb experimental),,,,,10.1021/jp021938c,matrix,low / skeletal,,,,,,,,,,
835,matrix,PAHdb experimental 3.10 (Ar matrix),uid 287,2-azabenz[a]anthracene,C17H11N,0,17,287,,,576.1,11.662,relative (PAHdb experimental),,,,,10.1021/jp021938c,matrix,low / skeletal,,,,,,,,,,
836,matrix,PAHdb experimental 3.10 (Ar matrix),uid 287,2-azabenz[a]anthracene,C17H11N,0,17,287,,,583.6,4.2701,relative (PAHdb experimental),,,,,10.1021/jp021938c,matrix,low / skeletal,,,,,,,,,,
837,matrix,PAHdb experimental 3.10 (Ar matrix),uid 287,2-azabenz[a]anthracene,C17H11N,0,17,287,,,621.7,2.1094,relative (PAHdb experimental),,,,,10.1021/jp021938c,matrix,low / skeletal,,,,,,,,,,
838,matrix,PAHdb experimental 3.10 (Ar matrix),uid 287,2-azabenz[a]anthracene,C17H11N,0,17,287,,,638.4,1.0473,relative (PAHdb experimental),,,,,10.1021/jp021938c,matrix,low / skeletal,,,,,,,,,,
839,matrix,PAHdb experimental 3.10 (Ar matrix),uid 287,2-azabenz[a]anthracene,C17H11N,0,17,287,,,741.3,48.196,relative (PAHdb experimental),,,,,10.1021/jp021938c,matrix,CH-oop (10.5-15 um; benzene nu11 at 673 included),,,,,,,,,,
840,matrix,PAHdb experimental 3.10 (Ar matrix),uid 287,2-azabenz[a]anthracene,C17H11N,0,17,287,,,749.0,3.0551,relative (PAHdb experimental),,,,,10.1021/jp021938c,matrix,CH-oop (10.5-15 um; benzene nu11 at 673 included),,,,,,,,,,
841,matrix,PAHdb experimental 3.10 (Ar matrix),uid 287,2-azabenz[a]anthracene,C17H11N,0,17,287,,,767.9,8.448,relative (PAHdb experimental),,,,,10.1021/jp021938c,matrix,CH-oop (10.5-15 um; benzene nu11 at 673 included),,,,,,,,,,
842,matrix,PAHdb experimental 3.10 (Ar matrix),uid 287,2-azabenz[a]anthracene,C17H11N,0,17,287,,,795.3,2.6522,relative (PAHdb experimental),,,,,10.1021/jp021938c,matrix,CH-oop (10.5-15 um; benzene nu11 at 673 included),,,,,,,,,,
843,matrix,PAHdb experimental 3.10 (Ar matrix),uid 287,2-azabenz[a]anthracene,C17H11N,0,17,287,,,838.3,12.626,relative (PAHdb experimental),,,,,10.1021/jp021938c,matrix,CH-oop (10.5-15 um; benzene nu11 at 673 included),,,,,,,,,,
844,matrix,PAHdb experimental 3.10 (Ar matrix),uid 287,2-azabenz[a]anthracene,C17H11N,0,17,287,,,845.1,16.437,relative (PAHdb experimental),,,,,10.1021/jp021938c,matrix,CH-oop (10.5-15 um; benzene nu11 at 673 included),,,,,,,,,,
845,matrix,PAHdb experimental 3.10 (Ar matrix),uid 287,2-azabenz[a]anthracene,C17H11N,0,17,287,,,879.9,2.0578,relative (PAHdb experimental),,,,,10.1021/jp021938c,matrix,CH-oop (10.5-15 um; benzene nu11 at 673 included),,,,,,,,,,
846,matrix,PAHdb experimental 3.10 (Ar matrix),uid 287,2-azabenz[a]anthracene,C17H11N,0,17,287,,,883.7,47.978,relative (PAHdb experimental),,,,,10.1021/jp021938c,matrix,CH-oop (10.5-15 um; benzene nu11 at 673 included),,,,,,,,,,
847,matrix,PAHdb experimental 3.10 (Ar matrix),uid 287,2-azabenz[a]anthracene,C17H11N,0,17,287,,,886.8,8.8027,relative (PAHdb experimental),,,,,10.1021/jp021938c,matrix,CH-oop (10.5-15 um; benzene nu11 at 673 included),,,,,,,,,,
848,matrix,PAHdb experimental 3.10 (Ar matrix),uid 287,2-azabenz[a]anthracene,C17H11N,0,17,287,,,889.8,8.3746,relative (PAHdb experimental),,,,,10.1021/jp021938c,matrix,CH-oop (10.5-15 um; benzene nu11 at 673 included),,,,,,,,,,
849,matrix,PAHdb experimental 3.10 (Ar matrix),uid 287,2-azabenz[a]anthracene,C17H11N,0,17,287,,,892.7,2.0185,relative (PAHdb experimental),,,,,10.1021/jp021938c,matrix,CH-oop (10.5-15 um; benzene nu11 at 673 included),,,,,,,,,,
850,matrix,PAHdb experimental 3.10 (Ar matrix),uid 287,2-azabenz[a]anthracene,C17H11N,0,17,287,,,905.0,1.1192,relative (PAHdb experimental),,,,,10.1021/jp021938c,matrix,CH-oop (10.5-15 um; benzene nu11 at 673 included),,,,,,,,,,
851,matrix,PAHdb experimental 3.10 (Ar matrix),uid 287,2-azabenz[a]anthracene,C17H11N,0,17,287,,,909.0,2.1701,relative (PAHdb experimental),,,,,10.1021/jp021938c,matrix,CH-oop (10.5-15 um; benzene nu11 at 673 included),,,,,,,,,,
852,matrix,PAHdb experimental 3.10 (Ar matrix),uid 287,2-azabenz[a]anthracene,C17H11N,0,17,287,,,953.0,3.332,relative (PAHdb experimental),,,,,10.1021/jp021938c,matrix,ring / CH-ip (9-10.5 um),,,,,,,,,,
853,matrix,PAHdb experimental 3.10 (Ar matrix),uid 287,2-azabenz[a]anthracene,C17H11N,0,17,287,,,982.2,3.4925,relative (PAHdb experimental),,,,,10.1021/jp021938c,matrix,ring / CH-ip (9-10.5 um),,,,,,,,,,
854,matrix,PAHdb experimental 3.10 (Ar matrix),uid 287,2-azabenz[a]anthracene,C17H11N,0,17,287,,,985.4,1.0805,relative (PAHdb experimental),,,,,10.1021/jp021938c,matrix,ring / CH-ip (9-10.5 um),,,,,,,,,,
855,matrix,PAHdb experimental 3.10 (Ar matrix),uid 287,2-azabenz[a]anthracene,C17H11N,0,17,287,,,1011.2,2.7509,relative (PAHdb experimental),,,,,10.1021/jp021938c,matrix,ring / CH-ip (9-10.5 um),,,,,,,,,,
856,matrix,PAHdb experimental 3.10 (Ar matrix),uid 287,2-azabenz[a]anthracene,C17H11N,0,17,287,,,1059.2,4.395,relative (PAHdb experimental),,,,,10.1021/jp021938c,matrix,ring / CH-ip (9-10.5 um),,,,,,,,,,
857,matrix,PAHdb experimental 3.10 (Ar matrix),uid 287,2-azabenz[a]anthracene,C17H11N,0,17,287,,,1119.0,0.80411,relative (PAHdb experimental),,,,,10.1021/jp021938c,matrix,CH-ip-bend (8.6 um),,,,,,,,,,
858,matrix,PAHdb experimental 3.10 (Ar matrix),uid 287,2-azabenz[a]anthracene,C17H11N,0,17,287,,,1132.5,2.5841,relative (PAHdb experimental),,,,,10.1021/jp021938c,matrix,CH-ip-bend (8.6 um),,,,,,,,,,
859,matrix,PAHdb experimental 3.10 (Ar matrix),uid 287,2-azabenz[a]anthracene,C17H11N,0,17,287,,,1136.9,3.913,relative (PAHdb experimental),,,,,10.1021/jp021938c,matrix,CH-ip-bend (8.6 um),,,,,,,,,,
860,matrix,PAHdb experimental 3.10 (Ar matrix),uid 287,2-azabenz[a]anthracene,C17H11N,0,17,287,,,1142.4,2.4794,relative (PAHdb experimental),,,,,10.1021/jp021938c,matrix,CH-ip-bend (8.6 um),,,,,,,,,,
861,matrix,PAHdb experimental 3.10 (Ar matrix),uid 287,2-azabenz[a]anthracene,C17H11N,0,17,287,,,1166.3,2.3476,relative (PAHdb experimental),,,,,10.1021/jp021938c,matrix,CH-ip-bend (8.6 um),,,,,,,,,,
862,matrix,PAHdb experimental 3.10 (Ar matrix),uid 287,2-azabenz[a]anthracene,C17H11N,0,17,287,,,1179.7,2.4297,relative (PAHdb experimental),,,,,10.1021/jp021938c,matrix,CH-ip-bend (8.6 um),,,,,,,,,,
863,matrix,PAHdb experimental 3.10 (Ar matrix),uid 287,2-azabenz[a]anthracene,C17H11N,0,17,287,,,1217.8,2.55,relative (PAHdb experimental),,,,,10.1021/jp021938c,matrix,CH-ip-bend (8.6 um),,,,,,,,,,
864,matrix,PAHdb experimental 3.10 (Ar matrix),uid 287,2-azabenz[a]anthracene,C17H11N,0,17,287,,,1226.1,2.5005,relative (PAHdb experimental),,,,,10.1021/jp021938c,matrix,CH-ip-bend (8.6 um),,,,,,,,,,
865,matrix,PAHdb experimental 3.10 (Ar matrix),uid 287,2-azabenz[a]anthracene,C17H11N,0,17,287,,,1239.7,23.701,relative (PAHdb experimental),,,,,10.1021/jp021938c,matrix,CH-ip-bend (8.6 um),,,,,,,,,,
866,matrix,PAHdb experimental 3.10 (Ar matrix),uid 287,2-azabenz[a]anthracene,C17H11N,0,17,287,,,1250.1,2.8484,relative (PAHdb experimental),,,,,10.1021/jp021938c,matrix,CC-stretch/CH-ip (7.7 um),,,,,,,,,,
867,matrix,PAHdb experimental 3.10 (Ar matrix),uid 287,2-azabenz[a]anthracene,C17H11N,0,17,287,,,1258.9,1.6128,relative (PAHdb experimental),,,,,10.1021/jp021938c,matrix,CC-stretch/CH-ip (7.7 um),,,,,,,,,,
868,matrix,PAHdb experimental 3.10 (Ar matrix),uid 287,2-azabenz[a]anthracene,C17H11N,0,17,287,,,1277.4,2.3939,relative (PAHdb experimental),,,,,10.1021/jp021938c,matrix,CC-stretch/CH-ip (7.7 um),,,,,,,,,,
869,matrix,PAHdb experimental 3.10 (Ar matrix),uid 287,2-azabenz[a]anthracene,C17H11N,0,17,287,,,1285.5,4.4609,relative (PAHdb experimental),,,,,10.1021/jp021938c,matrix,CC-stretch/CH-ip (7.7 um),,,,,,,,,,
870,matrix,PAHdb experimental 3.10 (Ar matrix),uid 287,2-azabenz[a]anthracene,C17H11N,0,17,287,,,1301.7,2.1462,relative (PAHdb experimental),,,,,10.1021/jp021938c,matrix,CC-stretch/CH-ip (7.7 um),,,,,,,,,,
871,matrix,PAHdb experimental 3.10 (Ar matrix),uid 287,2-azabenz[a]anthracene,C17H11N,0,17,287,,,1317.8,0.79768,relative (PAHdb experimental),,,,,10.1021/jp021938c,matrix,CC-stretch/CH-ip (7.7 um),,,,,,,,,,
872,matrix,PAHdb experimental 3.10 (Ar matrix),uid 287,2-azabenz[a]anthracene,C17H11N,0,17,287,,,1342.0,3.2325,relative (PAHdb experimental),,,,,10.1021/jp021938c,matrix,CC-stretch/CH-ip (7.7 um),,,,,,,,,,
873,matrix,PAHdb experimental 3.10 (Ar matrix),uid 287,2-azabenz[a]anthracene,C17H11N,0,17,287,,,1348.9,1.0404,relative (PAHdb experimental),,,,,10.1021/jp021938c,matrix,CC-stretch/CH-ip (7.7 um),,,,,,,,,,
874,matrix,PAHdb experimental 3.10 (Ar matrix),uid 287,2-azabenz[a]anthracene,C17H11N,0,17,287,,,1359.8,1.4667,relative (PAHdb experimental),,,,,10.1021/jp021938c,matrix,CC-stretch/CH-ip (7.7 um),,,,,,,,,,
875,matrix,PAHdb experimental 3.10 (Ar matrix),uid 287,2-azabenz[a]anthracene,C17H11N,0,17,287,,,1363.7,1.5243,relative (PAHdb experimental),,,,,10.1021/jp021938c,matrix,CC-stretch/CH-ip (7.7 um),,,,,,,,,,
876,matrix,PAHdb experimental 3.10 (Ar matrix),uid 287,2-azabenz[a]anthracene,C17H11N,0,17,287,,,1374.6,1.7304,relative (PAHdb experimental),,,,,10.1021/jp021938c,matrix,CC-stretch/CH-ip (7.7 um),,,,,,,,,,
877,matrix,PAHdb experimental 3.10 (Ar matrix),uid 287,2-azabenz[a]anthracene,C17H11N,0,17,287,,,1379.5,1.2207,relative (PAHdb experimental),,,,,10.1021/jp021938c,matrix,CC-stretch/CH-ip (7.7 um),,,,,,,,,,
878,matrix,PAHdb experimental 3.10 (Ar matrix),uid 287,2-azabenz[a]anthracene,C17H11N,0,17,287,,,1393.9,1.3648,relative (PAHdb experimental),,,,,10.1021/jp021938c,matrix,CC-stretch/CH-ip (7.7 um),,,,,,,,,,
879,matrix,PAHdb experimental 3.10 (Ar matrix),uid 287,2-azabenz[a]anthracene,C17H11N,0,17,287,,,1408.3,4.8278,relative (PAHdb experimental),,,,,10.1021/jp021938c,matrix,CC-stretch/CH-ip (7.7 um),,,,,,,,,,
880,matrix,PAHdb experimental 3.10 (Ar matrix),uid 287,2-azabenz[a]anthracene,C17H11N,0,17,287,,,1434.2,1.8217,relative (PAHdb experimental),,,,,10.1021/jp021938c,matrix,CC-stretch/CH-ip (7.7 um),,,,,,,,,,
881,matrix,PAHdb experimental 3.10 (Ar matrix),uid 287,2-azabenz[a]anthracene,C17H11N,0,17,287,,,1447.7,6.5977,relative (PAHdb experimental),,,,,10.1021/jp021938c,matrix,CC-stretch/CH-ip (7.7 um),,,,,,,,,,
882,matrix,PAHdb experimental 3.10 (Ar matrix),uid 287,2-azabenz[a]anthracene,C17H11N,0,17,287,,,1451.0,10.421,relative (PAHdb experimental),,,,,10.1021/jp021938c,matrix,CC-stretch/CH-ip (7.7 um),,,,,,,,,,
883,matrix,PAHdb experimental 3.10 (Ar matrix),uid 287,2-azabenz[a]anthracene,C17H11N,0,17,287,,,1461.1,0.74162,relative (PAHdb experimental),,,,,10.1021/jp021938c,matrix,CC-stretch/CH-ip (7.7 um),,,,,,,,,,
884,matrix,PAHdb experimental 3.10 (Ar matrix),uid 287,2-azabenz[a]anthracene,C17H11N,0,17,287,,,1476.5,3.288,relative (PAHdb experimental),,,,,10.1021/jp021938c,matrix,CC-stretch/CH-ip (7.7 um),,,,,,,,,,
885,matrix,PAHdb experimental 3.10 (Ar matrix),uid 287,2-azabenz[a]anthracene,C17H11N,0,17,287,,,1480.0,0.83382,relative (PAHdb experimental),,,,,10.1021/jp021938c,matrix,CC-stretch/CH-ip (7.7 um),,,,,,,,,,
886,matrix,PAHdb experimental 3.10 (Ar matrix),uid 287,2-azabenz[a]anthracene,C17H11N,0,17,287,,,1496.1,2.2583,relative (PAHdb experimental),,,,,10.1021/jp021938c,matrix,CC-stretch/CH-ip (7.7 um),,,,,,,,,,
887,matrix,PAHdb experimental 3.10 (Ar matrix),uid 287,2-azabenz[a]anthracene,C17H11N,0,17,287,,,1502.4,3.1203,relative (PAHdb experimental),,,,,10.1021/jp021938c,matrix,CC-stretch (6.2 um),,,,,,,,,,
888,matrix,PAHdb experimental 3.10 (Ar matrix),uid 287,2-azabenz[a]anthracene,C17H11N,0,17,287,,,1532.7,1.2644,relative (PAHdb experimental),,,,,10.1021/jp021938c,matrix,CC-stretch (6.2 um),,,,,,,,,,
889,matrix,PAHdb experimental 3.10 (Ar matrix),uid 287,2-azabenz[a]anthracene,C17H11N,0,17,287,,,1586.4,3.5521,relative (PAHdb experimental),,,,,10.1021/jp021938c,matrix,CC-stretch (6.2 um),,,,,,,,,,
890,matrix,PAHdb experimental 3.10 (Ar matrix),uid 287,2-azabenz[a]anthracene,C17H11N,0,17,287,,,1589.4,6.6445,relative (PAHdb experimental),,,,,10.1021/jp021938c,matrix,CC-stretch (6.2 um),,,,,,,,,,
891,matrix,PAHdb experimental 3.10 (Ar matrix),uid 287,2-azabenz[a]anthracene,C17H11N,0,17,287,,,1606.0,15.645,relative (PAHdb experimental),,,,,10.1021/jp021938c,matrix,CC-stretch (6.2 um),,,,,,,,,,
892,matrix,PAHdb experimental 3.10 (Ar matrix),uid 287,2-azabenz[a]anthracene,C17H11N,0,17,287,,,1607.8,13.558,relative (PAHdb experimental),,,,,10.1021/jp021938c,matrix,CC-stretch (6.2 um),,,,,,,,,,
893,matrix,PAHdb experimental 3.10 (Ar matrix),uid 287,2-azabenz[a]anthracene,C17H11N,0,17,287,,,1610.6,4.5036,relative (PAHdb experimental),,,,,10.1021/jp021938c,matrix,CC-stretch (6.2 um),,,,,,,,,,
894,matrix,PAHdb experimental 3.10 (Ar matrix),uid 287,2-azabenz[a]anthracene,C17H11N,0,17,287,,,1681.6,3.6181,relative (PAHdb experimental),,,,,10.1021/jp021938c,matrix,overtone / combination region,,,,,,,,,,
895,matrix,PAHdb experimental 3.10 (Ar matrix),uid 287,2-azabenz[a]anthracene,C17H11N,0,17,287,,,1756.0,5.0616,relative (PAHdb experimental),,,,,10.1021/jp021938c,matrix,overtone / combination region,,,,,,,,,,
896,matrix,PAHdb experimental 3.10 (Ar matrix),uid 287,2-azabenz[a]anthracene,C17H11N,0,17,287,,,1765.0,0.71262,relative (PAHdb experimental),,,,,10.1021/jp021938c,matrix,overtone / combination region,,,,,,,,,,
897,matrix,PAHdb experimental 3.10 (Ar matrix),uid 287,2-azabenz[a]anthracene,C17H11N,0,17,287,,,1771.7,2.257,relative (PAHdb experimental),,,,,10.1021/jp021938c,matrix,overtone / combination region,,,,,,,,,,
898,matrix,PAHdb experimental 3.10 (Ar matrix),uid 287,2-azabenz[a]anthracene,C17H11N,0,17,287,,,1779.1,2.6601,relative (PAHdb experimental),,,,,10.1021/jp021938c,matrix,overtone / combination region,,,,,,,,,,
899,matrix,PAHdb experimental 3.10 (Ar matrix),uid 287,2-azabenz[a]anthracene,C17H11N,0,17,287,,,1799.5,0.73671,relative (PAHdb experimental),,,,,10.1021/jp021938c,matrix,overtone / combination region,,,,,,,,,,
900,matrix,PAHdb experimental 3.10 (Ar matrix),uid 287,2-azabenz[a]anthracene,C17H11N,0,17,287,,,1808.3,3.1038,relative (PAHdb experimental),,,,,10.1021/jp021938c,matrix,overtone / combination region,,,,,,,,,,
901,matrix,PAHdb experimental 3.10 (Ar matrix),uid 287,2-azabenz[a]anthracene,C17H11N,0,17,287,,,1841.9,0.44278,relative (PAHdb experimental),,,,,10.1021/jp021938c,matrix,overtone / combination region,,,,,,,,,,
902,matrix,PAHdb experimental 3.10 (Ar matrix),uid 287,2-azabenz[a]anthracene,C17H11N,0,17,287,,,1889.7,0.98839,relative (PAHdb experimental),,,,,10.1021/jp021938c,matrix,overtone / combination region,,,,,,,,,,
903,matrix,PAHdb experimental 3.10 (Ar matrix),uid 287,2-azabenz[a]anthracene,C17H11N,0,17,287,,,1904.4,0.95031,relative (PAHdb experimental),,,,,10.1021/jp021938c,matrix,overtone / combination region,,,,,,,,,,
904,matrix,PAHdb experimental 3.10 (Ar matrix),uid 287,2-azabenz[a]anthracene,C17H11N,0,17,287,,,1922.2,1.9329,relative (PAHdb experimental),,,,,10.1021/jp021938c,matrix,overtone / combination region,,,,,,,,,,
905,matrix,PAHdb experimental 3.10 (Ar matrix),uid 287,2-azabenz[a]anthracene,C17H11N,0,17,287,,,1928.2,1.813,relative (PAHdb experimental),,,,,10.1021/jp021938c,matrix,overtone / combination region,,,,,,,,,,
906,matrix,PAHdb experimental 3.10 (Ar matrix),uid 287,2-azabenz[a]anthracene,C17H11N,0,17,287,,,1935.7,1.1305,relative (PAHdb experimental),,,,,10.1021/jp021938c,matrix,overtone / combination region,,,,,,,,,,
907,matrix,PAHdb experimental 3.10 (Ar matrix),uid 287,2-azabenz[a]anthracene,C17H11N,0,17,287,,,1943.6,2.1174,relative (PAHdb experimental),,,,,10.1021/jp021938c,matrix,overtone / combination region,,,,,,,,,,
908,matrix,PAHdb experimental 3.10 (Ar matrix),uid 287,2-azabenz[a]anthracene,C17H11N,0,17,287,,,2940.9,4.5516,relative (PAHdb experimental),,,,,10.1021/jp021938c,matrix,overtone / combination region,,,,,,,,,,
909,matrix,PAHdb experimental 3.10 (Ar matrix),uid 287,2-azabenz[a]anthracene,C17H11N,0,17,287,,,2983.4,5.1085,relative (PAHdb experimental),,,,,10.1021/jp021938c,matrix,CH-stretch,,,,,,,,,,
910,matrix,PAHdb experimental 3.10 (Ar matrix),uid 287,2-azabenz[a]anthracene,C17H11N,0,17,287,,,3071.2,83.559,relative (PAHdb experimental),,,,,10.1021/jp021938c,matrix,CH-stretch,,,,,,,,,,
911,matrix,PAHdb experimental 3.10 (Ar matrix),uid 286,1-azabenz[a]anthracene,C17H11N+,1,17,286,,,752.5,20.867,relative (PAHdb experimental),,,,,10.1021/jp021938c,matrix,CH-oop (10.5-15 um; benzene nu11 at 673 included),,,,,,,,,,
912,matrix,PAHdb experimental 3.10 (Ar matrix),uid 286,1-azabenz[a]anthracene,C17H11N+,1,17,286,,,803.4,28.179,relative (PAHdb experimental),,,,,10.1021/jp021938c,matrix,CH-oop (10.5-15 um; benzene nu11 at 673 included),,,,,,,,,,
913,matrix,PAHdb experimental 3.10 (Ar matrix),uid 286,1-azabenz[a]anthracene,C17H11N+,1,17,286,,,916.1,13.752,relative (PAHdb experimental),,,,,10.1021/jp021938c,matrix,CH-oop (10.5-15 um; benzene nu11 at 673 included),,,,,,,,,,
914,matrix,PAHdb experimental 3.10 (Ar matrix),uid 286,1-azabenz[a]anthracene,C17H11N+,1,17,286,,,1146.3,38.049,relative (PAHdb experimental),,,,,10.1021/jp021938c,matrix,CH-ip-bend (8.6 um),,,,,,,,,,
915,matrix,PAHdb experimental 3.10 (Ar matrix),uid 286,1-azabenz[a]anthracene,C17H11N+,1,17,286,,,1182.8,32.936,relative (PAHdb experimental),,,,,10.1021/jp021938c,matrix,CH-ip-bend (8.6 um),,,,,,,,,,
916,matrix,PAHdb experimental 3.10 (Ar matrix),uid 286,1-azabenz[a]anthracene,C17H11N+,1,17,286,,,1192.5,30.471,relative (PAHdb experimental),,,,,10.1021/jp021938c,matrix,CH-ip-bend (8.6 um),,,,,,,,,,
917,matrix,PAHdb experimental 3.10 (Ar matrix),uid 286,1-azabenz[a]anthracene,C17H11N+,1,17,286,,,1207.1,12.779,relative (PAHdb experimental),,,,,10.1021/jp021938c,matrix,CH-ip-bend (8.6 um),,,,,,,,,,
918,matrix,PAHdb experimental 3.10 (Ar matrix),uid 286,1-azabenz[a]anthracene,C17H11N+,1,17,286,,,1212.6,46.404,relative (PAHdb experimental),,,,,10.1021/jp021938c,matrix,CH-ip-bend (8.6 um),,,,,,,,,,
919,matrix,PAHdb experimental 3.10 (Ar matrix),uid 286,1-azabenz[a]anthracene,C17H11N+,1,17,286,,,1217.5,8.4979,relative (PAHdb experimental),,,,,10.1021/jp021938c,matrix,CH-ip-bend (8.6 um),,,,,,,,,,
920,matrix,PAHdb experimental 3.10 (Ar matrix),uid 286,1-azabenz[a]anthracene,C17H11N+,1,17,286,,,1229.3,15.626,relative (PAHdb experimental),,,,,10.1021/jp021938c,matrix,CH-ip-bend (8.6 um),,,,,,,,,,
921,matrix,PAHdb experimental 3.10 (Ar matrix),uid 286,1-azabenz[a]anthracene,C17H11N+,1,17,286,,,1317.4,65.734,relative (PAHdb experimental),,,,,10.1021/jp021938c,matrix,CC-stretch/CH-ip (7.7 um),,,,,,,,,,
922,matrix,PAHdb experimental 3.10 (Ar matrix),uid 286,1-azabenz[a]anthracene,C17H11N+,1,17,286,,,1325.8,30.516,relative (PAHdb experimental),,,,,10.1021/jp021938c,matrix,CC-stretch/CH-ip (7.7 um),,,,,,,,,,
923,matrix,PAHdb experimental 3.10 (Ar matrix),uid 286,1-azabenz[a]anthracene,C17H11N+,1,17,286,,,1340.1,507.19,relative (PAHdb experimental),,,,,10.1021/jp021938c,matrix,CC-stretch/CH-ip (7.7 um),,,,,,,,,,
924,matrix,PAHdb experimental 3.10 (Ar matrix),uid 286,1-azabenz[a]anthracene,C17H11N+,1,17,286,,,1354.6,5.7304,relative (PAHdb experimental),,,,,10.1021/jp021938c,matrix,CC-stretch/CH-ip (7.7 um),,,,,,,,,,
925,matrix,PAHdb experimental 3.10 (Ar matrix),uid 286,1-azabenz[a]anthracene,C17H11N+,1,17,286,,,1359.0,25.47,relative (PAHdb experimental),,,,,10.1021/jp021938c,matrix,CC-stretch/CH-ip (7.7 um),,,,,,,,,,
926,matrix,PAHdb experimental 3.10 (Ar matrix),uid 286,1-azabenz[a]anthracene,C17H11N+,1,17,286,,,1368.0,59.978,relative (PAHdb experimental),,,,,10.1021/jp021938c,matrix,CC-stretch/CH-ip (7.7 um),,,,,,,,,,
927,matrix,PAHdb experimental 3.10 (Ar matrix),uid 286,1-azabenz[a]anthracene,C17H11N+,1,17,286,,,1391.5,226.14,relative (PAHdb experimental),,,,,10.1021/jp021938c,matrix,CC-stretch/CH-ip (7.7 um),,,,,,,,,,
928,matrix,PAHdb experimental 3.10 (Ar matrix),uid 286,1-azabenz[a]anthracene,C17H11N+,1,17,286,,,1412.2,81.282,relative (PAHdb experimental),,,,,10.1021/jp021938c,matrix,CC-stretch/CH-ip (7.7 um),,,,,,,,,,
929,matrix,PAHdb experimental 3.10 (Ar matrix),uid 286,1-azabenz[a]anthracene,C17H11N+,1,17,286,,,1428.4,18.285,relative (PAHdb experimental),,,,,10.1021/jp021938c,matrix,CC-stretch/CH-ip (7.7 um),,,,,,,,,,
930,matrix,PAHdb experimental 3.10 (Ar matrix),uid 286,1-azabenz[a]anthracene,C17H11N+,1,17,286,,,1477.8,23.821,relative (PAHdb experimental),,,,,10.1021/jp021938c,matrix,CC-stretch/CH-ip (7.7 um),,,,,,,,,,
931,matrix,PAHdb experimental 3.10 (Ar matrix),uid 286,1-azabenz[a]anthracene,C17H11N+,1,17,286,,,1511.9,27.289,relative (PAHdb experimental),,,,,10.1021/jp021938c,matrix,CC-stretch (6.2 um),,,,,,,,,,
932,matrix,PAHdb experimental 3.10 (Ar matrix),uid 286,1-azabenz[a]anthracene,C17H11N+,1,17,286,,,1537.7,44.474,relative (PAHdb experimental),,,,,10.1021/jp021938c,matrix,CC-stretch (6.2 um),,,,,,,,,,
933,matrix,PAHdb experimental 3.10 (Ar matrix),uid 286,1-azabenz[a]anthracene,C17H11N+,1,17,286,,,1551.4,21.79,relative (PAHdb experimental),,,,,10.1021/jp021938c,matrix,CC-stretch (6.2 um),,,,,,,,,,
934,matrix,PAHdb experimental 3.10 (Ar matrix),uid 286,1-azabenz[a]anthracene,C17H11N+,1,17,286,,,1570.8,23.182,relative (PAHdb experimental),,,,,10.1021/jp021938c,matrix,CC-stretch (6.2 um),,,,,,,,,,
935,matrix,PAHdb experimental 3.10 (Ar matrix),uid 286,1-azabenz[a]anthracene,C17H11N+,1,17,286,,,1583.3,28.056,relative (PAHdb experimental),,,,,10.1021/jp021938c,matrix,CC-stretch (6.2 um),,,,,,,,,,
936,matrix,PAHdb experimental 3.10 (Ar matrix),uid 286,1-azabenz[a]anthracene,C17H11N+,1,17,286,,,1600.2,21.695,relative (PAHdb experimental),,,,,10.1021/jp021938c,matrix,CC-stretch (6.2 um),,,,,,,,,,
937,matrix,PAHdb experimental 3.10 (Ar matrix),uid 286,1-azabenz[a]anthracene,C17H11N+,1,17,286,,,1695.7,10.045,relative (PAHdb experimental),,,,,10.1021/jp021938c,matrix,overtone / combination region,,,,,,,,,,
938,matrix,PAHdb experimental 3.10 (Ar matrix),uid 286,1-azabenz[a]anthracene,C17H11N+,1,17,286,,,1749.1,34.258,relative (PAHdb experimental),,,,,10.1021/jp021938c,matrix,overtone / combination region,,,,,,,,,,
939,matrix,PAHdb experimental 3.10 (Ar matrix),uid 298,4-azachrysene,C17H11N+,1,17,298,,,552.5,56.546,relative (PAHdb experimental),,,,,10.1021/jp021938c,matrix,low / skeletal,,,,,,,,,,
940,matrix,PAHdb experimental 3.10 (Ar matrix),uid 298,4-azachrysene,C17H11N+,1,17,298,,,755.8,229.04,relative (PAHdb experimental),,,,,10.1021/jp021938c,matrix,CH-oop (10.5-15 um; benzene nu11 at 673 included),,,,,,,,,,
941,matrix,PAHdb experimental 3.10 (Ar matrix),uid 298,4-azachrysene,C17H11N+,1,17,298,,,777.2,264.17,relative (PAHdb experimental),,,,,10.1021/jp021938c,matrix,CH-oop (10.5-15 um; benzene nu11 at 673 included),,,,,,,,,,
942,matrix,PAHdb experimental 3.10 (Ar matrix),uid 298,4-azachrysene,C17H11N+,1,17,298,,,1139.0,195.13,relative (PAHdb experimental),,,,,10.1021/jp021938c,matrix,CH-ip-bend (8.6 um),,,,,,,,,,
943,matrix,PAHdb experimental 3.10 (Ar matrix),uid 298,4-azachrysene,C17H11N+,1,17,298,,,1217.8,50.514,relative (PAHdb experimental),,,,,10.1021/jp021938c,matrix,CH-ip-bend (8.6 um),,,,,,,,,,
944,matrix,PAHdb experimental 3.10 (Ar matrix),uid 298,4-azachrysene,C17H11N+,1,17,298,,,1258.9,44.876,relative (PAHdb experimental),,,,,10.1021/jp021938c,matrix,CC-stretch/CH-ip (7.7 um),,,,,,,,,,
945,matrix,PAHdb experimental 3.10 (Ar matrix),uid 298,4-azachrysene,C17H11N+,1,17,298,,,1276.4,41.825,relative (PAHdb experimental),,,,,10.1021/jp021938c,matrix,CC-stretch/CH-ip (7.7 um),,,,,,,,,,
946,matrix,PAHdb experimental 3.10 (Ar matrix),uid 298,4-azachrysene,C17H11N+,1,17,298,,,1297.9,265.24,relative (PAHdb experimental),,,,,10.1021/jp021938c,matrix,CC-stretch/CH-ip (7.7 um),,,,,,,,,,
947,matrix,PAHdb experimental 3.10 (Ar matrix),uid 298,4-azachrysene,C17H11N+,1,17,298,,,1327.6,75.873,relative (PAHdb experimental),,,,,10.1021/jp021938c,matrix,CC-stretch/CH-ip (7.7 um),,,,,,,,,,
948,matrix,PAHdb experimental 3.10 (Ar matrix),uid 298,4-azachrysene,C17H11N+,1,17,298,,,1407.9,99.574,relative (PAHdb experimental),,,,,10.1021/jp021938c,matrix,CC-stretch/CH-ip (7.7 um),,,,,,,,,,
949,matrix,PAHdb experimental 3.10 (Ar matrix),uid 298,4-azachrysene,C17H11N+,1,17,298,,,1482.0,219.14,relative (PAHdb experimental),,,,,10.1021/jp021938c,matrix,CC-stretch/CH-ip (7.7 um),,,,,,,,,,
950,matrix,PAHdb experimental 3.10 (Ar matrix),uid 298,4-azachrysene,C17H11N+,1,17,298,,,1564.4,112.03,relative (PAHdb experimental),,,,,10.1021/jp021938c,matrix,CC-stretch (6.2 um),,,,,,,,,,
951,matrix,PAHdb experimental 3.10 (Ar matrix),uid 298,4-azachrysene,C17H11N+,1,17,298,,,1579.3,72.527,relative (PAHdb experimental),,,,,10.1021/jp021938c,matrix,CC-stretch (6.2 um),,,,,,,,,,
952,matrix,PAHdb experimental 3.10 (Ar matrix),uid 294,1-azachrysene,C17H11N+,1,17,294,,,546.7,153.08,relative (PAHdb experimental),,,,,10.1021/jp021938c,matrix,low / skeletal,,,,,,,,,,
953,matrix,PAHdb experimental 3.10 (Ar matrix),uid 294,1-azachrysene,C17H11N+,1,17,294,,,752.6,18.875,relative (PAHdb experimental),,,,,10.1021/jp021938c,matrix,CH-oop (10.5-15 um; benzene nu11 at 673 included),,,,,,,,,,
954,matrix,PAHdb experimental 3.10 (Ar matrix),uid 294,1-azachrysene,C17H11N+,1,17,294,,,781.4,34.758,relative (PAHdb experimental),,,,,10.1021/jp021938c,matrix,CH-oop (10.5-15 um; benzene nu11 at 673 included),,,,,,,,,,
955,matrix,PAHdb experimental 3.10 (Ar matrix),uid 294,1-azachrysene,C17H11N+,1,17,294,,,806.5,21.719,relative (PAHdb experimental),,,,,10.1021/jp021938c,matrix,CH-oop (10.5-15 um; benzene nu11 at 673 included),,,,,,,,,,
956,matrix,PAHdb experimental 3.10 (Ar matrix),uid 294,1-azachrysene,C17H11N+,1,17,294,,,851.4,11.477,relative (PAHdb experimental),,,,,10.1021/jp021938c,matrix,CH-oop (10.5-15 um; benzene nu11 at 673 included),,,,,,,,,,
957,matrix,PAHdb experimental 3.10 (Ar matrix),uid 294,1-azachrysene,C17H11N+,1,17,294,,,864.8,5.3707,relative (PAHdb experimental),,,,,10.1021/jp021938c,matrix,CH-oop (10.5-15 um; benzene nu11 at 673 included),,,,,,,,,,
958,matrix,PAHdb experimental 3.10 (Ar matrix),uid 294,1-azachrysene,C17H11N+,1,17,294,,,1046.0,49.757,relative (PAHdb experimental),,,,,10.1021/jp021938c,matrix,ring / CH-ip (9-10.5 um),,,,,,,,,,
959,matrix,PAHdb experimental 3.10 (Ar matrix),uid 294,1-azachrysene,C17H11N+,1,17,294,,,1060.2,33.303,relative (PAHdb experimental),,,,,10.1021/jp021938c,matrix,ring / CH-ip (9-10.5 um),,,,,,,,,,
960,matrix,PAHdb experimental 3.10 (Ar matrix),uid 294,1-azachrysene,C17H11N+,1,17,294,,,1130.0,88.014,relative (PAHdb experimental),,,,,10.1021/jp021938c,matrix,CH-ip-bend (8.6 um),,,,,,,,,,
961,matrix,PAHdb experimental 3.10 (Ar matrix),uid 294,1-azachrysene,C17H11N+,1,17,294,,,1148.7,38.453,relative (PAHdb experimental),,,,,10.1021/jp021938c,matrix,CH-ip-bend (8.6 um),,,,,,,,,,
962,matrix,PAHdb experimental 3.10 (Ar matrix),uid 294,1-azachrysene,C17H11N+,1,17,294,,,1178.9,23.037,relative (PAHdb experimental),,,,,10.1021/jp021938c,matrix,CH-ip-bend (8.6 um),,,,,,,,,,
963,matrix,PAHdb experimental 3.10 (Ar matrix),uid 294,1-azachrysene,C17H11N+,1,17,294,,,1231.9,199.4,relative (PAHdb experimental),,,,,10.1021/jp021938c,matrix,CH-ip-bend (8.6 um),,,,,,,,,,
964,matrix,PAHdb experimental 3.10 (Ar matrix),uid 294,1-azachrysene,C17H11N+,1,17,294,,,1238.1,12.851,relative (PAHdb experimental),,,,,10.1021/jp021938c,matrix,CH-ip-bend (8.6 um),,,,,,,,,,
965,matrix,PAHdb experimental 3.10 (Ar matrix),uid 294,1-azachrysene,C17H11N+,1,17,294,,,1243.6,18.146,relative (PAHdb experimental),,,,,10.1021/jp021938c,matrix,CH-ip-bend (8.6 um),,,,,,,,,,
966,matrix,PAHdb experimental 3.10 (Ar matrix),uid 294,1-azachrysene,C17H11N+,1,17,294,,,1285.5,34.698,relative (PAHdb experimental),,,,,10.1021/jp021938c,matrix,CC-stretch/CH-ip (7.7 um),,,,,,,,,,
967,matrix,PAHdb experimental 3.10 (Ar matrix),uid 294,1-azachrysene,C17H11N+,1,17,294,,,1310.5,54.058,relative (PAHdb experimental),,,,,10.1021/jp021938c,matrix,CC-stretch/CH-ip (7.7 um),,,,,,,,,,
968,matrix,PAHdb experimental 3.10 (Ar matrix),uid 294,1-azachrysene,C17H11N+,1,17,294,,,1319.5,10.937,relative (PAHdb experimental),,,,,10.1021/jp021938c,matrix,CC-stretch/CH-ip (7.7 um),,,,,,,,,,
969,matrix,PAHdb experimental 3.10 (Ar matrix),uid 294,1-azachrysene,C17H11N+,1,17,294,,,1338.7,73.62,relative (PAHdb experimental),,,,,10.1021/jp021938c,matrix,CC-stretch/CH-ip (7.7 um),,,,,,,,,,
970,matrix,PAHdb experimental 3.10 (Ar matrix),uid 294,1-azachrysene,C17H11N+,1,17,294,,,1351.4,88.783,relative (PAHdb experimental),,,,,10.1021/jp021938c,matrix,CC-stretch/CH-ip (7.7 um),,,,,,,,,,
971,matrix,PAHdb experimental 3.10 (Ar matrix),uid 294,1-azachrysene,C17H11N+,1,17,294,,,1431.7,54.002,relative (PAHdb experimental),,,,,10.1021/jp021938c,matrix,CC-stretch/CH-ip (7.7 um),,,,,,,,,,
972,matrix,PAHdb experimental 3.10 (Ar matrix),uid 294,1-azachrysene,C17H11N+,1,17,294,,,1437.5,104.82,relative (PAHdb experimental),,,,,10.1021/jp021938c,matrix,CC-stretch/CH-ip (7.7 um),,,,,,,,,,
973,matrix,PAHdb experimental 3.10 (Ar matrix),uid 294,1-azachrysene,C17H11N+,1,17,294,,,1478.7,57.116,relative (PAHdb experimental),,,,,10.1021/jp021938c,matrix,CC-stretch/CH-ip (7.7 um),,,,,,,,,,
974,matrix,PAHdb experimental 3.10 (Ar matrix),uid 294,1-azachrysene,C17H11N+,1,17,294,,,1487.1,287.38,relative (PAHdb experimental),,,,,10.1021/jp021938c,matrix,CC-stretch/CH-ip (7.7 um),,,,,,,,,,
975,matrix,PAHdb experimental 3.10 (Ar matrix),uid 294,1-azachrysene,C17H11N+,1,17,294,,,1494.1,33.394,relative (PAHdb experimental),,,,,10.1021/jp021938c,matrix,CC-stretch/CH-ip (7.7 um),,,,,,,,,,
976,matrix,PAHdb experimental 3.10 (Ar matrix),uid 294,1-azachrysene,C17H11N+,1,17,294,,,1509.3,49.159,relative (PAHdb experimental),,,,,10.1021/jp021938c,matrix,CC-stretch (6.2 um),,,,,,,,,,
977,matrix,PAHdb experimental 3.10 (Ar matrix),uid 294,1-azachrysene,C17H11N+,1,17,294,,,1558.7,131.0,relative (PAHdb experimental),,,,,10.1021/jp021938c,matrix,CC-stretch (6.2 um),,,,,,,,,,
978,matrix,PAHdb experimental 3.10 (Ar matrix),uid 288,2-azabenz[a]anthracene,C17H11N+,1,17,288,,,664.2,20.079,relative (PAHdb experimental),,,,,10.1021/jp021938c,matrix,CH-oop (10.5-15 um; benzene nu11 at 673 included),,,,,,,,,,
979,matrix,PAHdb experimental 3.10 (Ar matrix),uid 288,2-azabenz[a]anthracene,C17H11N+,1,17,288,,,750.5,33.773,relative (PAHdb experimental),,,,,10.1021/jp021938c,matrix,CH-oop (10.5-15 um; benzene nu11 at 673 included),,,,,,,,,,
980,matrix,PAHdb experimental 3.10 (Ar matrix),uid 288,2-azabenz[a]anthracene,C17H11N+,1,17,288,,,848.5,9.443,relative (PAHdb experimental),,,,,10.1021/jp021938c,matrix,CH-oop (10.5-15 um; benzene nu11 at 673 included),,,,,,,,,,
981,matrix,PAHdb experimental 3.10 (Ar matrix),uid 288,2-azabenz[a]anthracene,C17H11N+,1,17,288,,,910.7,8.7179,relative (PAHdb experimental),,,,,10.1021/jp021938c,matrix,CH-oop (10.5-15 um; benzene nu11 at 673 included),,,,,,,,,,
982,matrix,PAHdb experimental 3.10 (Ar matrix),uid 288,2-azabenz[a]anthracene,C17H11N+,1,17,288,,,1184.1,20.154,relative (PAHdb experimental),,,,,10.1021/jp021938c,matrix,CH-ip-bend (8.6 um),,,,,,,,,,
983,matrix,PAHdb experimental 3.10 (Ar matrix),uid 288,2-azabenz[a]anthracene,C17H11N+,1,17,288,,,1213.5,18.177,relative (PAHdb experimental),,,,,10.1021/jp021938c,matrix,CH-ip-bend (8.6 um),,,,,,,,,,
984,matrix,PAHdb experimental 3.10 (Ar matrix),uid 288,2-azabenz[a]anthracene,C17H11N+,1,17,288,,,1230.9,161.11,relative (PAHdb experimental),,,,,10.1021/jp021938c,matrix,CH-ip-bend (8.6 um),,,,,,,,,,
985,matrix,PAHdb experimental 3.10 (Ar matrix),uid 288,2-azabenz[a]anthracene,C17H11N+,1,17,288,,,1347.7,72.051,relative (PAHdb experimental),,,,,10.1021/jp021938c,matrix,CC-stretch/CH-ip (7.7 um),,,,,,,,,,
986,matrix,PAHdb experimental 3.10 (Ar matrix),uid 288,2-azabenz[a]anthracene,C17H11N+,1,17,288,,,1361.5,34.29,relative (PAHdb experimental),,,,,10.1021/jp021938c,matrix,CC-stretch/CH-ip (7.7 um),,,,,,,,,,
987,matrix,PAHdb experimental 3.10 (Ar matrix),uid 288,2-azabenz[a]anthracene,C17H11N+,1,17,288,,,1367.3,61.562,relative (PAHdb experimental),,,,,10.1021/jp021938c,matrix,CC-stretch/CH-ip (7.7 um),,,,,,,,,,
988,matrix,PAHdb experimental 3.10 (Ar matrix),uid 288,2-azabenz[a]anthracene,C17H11N+,1,17,288,,,1381.0,25.639,relative (PAHdb experimental),,,,,10.1021/jp021938c,matrix,CC-stretch/CH-ip (7.7 um),,,,,,,,,,
989,matrix,PAHdb experimental 3.10 (Ar matrix),uid 288,2-azabenz[a]anthracene,C17H11N+,1,17,288,,,1477.8,13.908,relative (PAHdb experimental),,,,,10.1021/jp021938c,matrix,CC-stretch/CH-ip (7.7 um),,,,,,,,,,
990,matrix,PAHdb experimental 3.10 (Ar matrix),uid 288,2-azabenz[a]anthracene,C17H11N+,1,17,288,,,1486.6,15.63,relative (PAHdb experimental),,,,,10.1021/jp021938c,matrix,CC-stretch/CH-ip (7.7 um),,,,,,,,,,
991,matrix,PAHdb experimental 3.10 (Ar matrix),uid 288,2-azabenz[a]anthracene,C17H11N+,1,17,288,,,1513.3,32.905,relative (PAHdb experimental),,,,,10.1021/jp021938c,matrix,CC-stretch (6.2 um),,,,,,,,,,
992,matrix,PAHdb experimental 3.10 (Ar matrix),uid 288,2-azabenz[a]anthracene,C17H11N+,1,17,288,,,1531.3,33.777,relative (PAHdb experimental),,,,,10.1021/jp021938c,matrix,CC-stretch (6.2 um),,,,,,,,,,
993,matrix,PAHdb experimental 3.10 (Ar matrix),uid 288,2-azabenz[a]anthracene,C17H11N+,1,17,288,,,1548.2,24.759,relative (PAHdb experimental),,,,,10.1021/jp021938c,matrix,CC-stretch (6.2 um),,,,,,,,,,
994,matrix,PAHdb experimental 3.10 (Ar matrix),uid 296,2-azachrysene,C17H11N+,1,17,296,,,750.6,42.127,relative (PAHdb experimental),,,,,10.1021/jp021938c,matrix,CH-oop (10.5-15 um; benzene nu11 at 673 included),,,,,,,,,,
995,matrix,PAHdb experimental 3.10 (Ar matrix),uid 296,2-azachrysene,C17H11N+,1,17,296,,,822.7,27.703,relative (PAHdb experimental),,,,,10.1021/jp021938c,matrix,CH-oop (10.5-15 um; benzene nu11 at 673 included),,,,,,,,,,
996,matrix,PAHdb experimental 3.10 (Ar matrix),uid 296,2-azachrysene,C17H11N+,1,17,296,,,1098.7,150.88,relative (PAHdb experimental),,,,,10.1021/jp021938c,matrix,ring / CH-ip (9-10.5 um),,,,,,,,,,
997,matrix,PAHdb experimental 3.10 (Ar matrix),uid 296,2-azachrysene,C17H11N+,1,17,296,,,1140.0,119.65,relative (PAHdb experimental),,,,,10.1021/jp021938c,matrix,CH-ip-bend (8.6 um),,,,,,,,,,
998,matrix,PAHdb experimental 3.10 (Ar matrix),uid 296,2-azachrysene,C17H11N+,1,17,296,,,1170.9,50.451,relative (PAHdb experimental),,,,,10.1021/jp021938c,matrix,CH-ip-bend (8.6 um),,,,,,,,,,
999,matrix,PAHdb experimental 3.10 (Ar matrix),uid 296,2-azachrysene,C17H11N+,1,17,296,,,1233.5,308.31,relative (PAHdb experimental),,,,,10.1021/jp021938c,matrix,CH-ip-bend (8.6 um),,,,,,,,,,
1000,matrix,PAHdb experimental 3.10 (Ar matrix),uid 296,2-azachrysene,C17H11N+,1,17,296,,,1235.9,78.345,relative (PAHdb experimental),,,,,10.1021/jp021938c,matrix,CH-ip-bend (8.6 um),,,,,,,,,,
1001,matrix,PAHdb experimental 3.10 (Ar matrix),uid 296,2-azachrysene,C17H11N+,1,17,296,,,1293.3,489.74,relative (PAHdb experimental),,,,,10.1021/jp021938c,matrix,CC-stretch/CH-ip (7.7 um),,,,,,,,,,
1002,matrix,PAHdb experimental 3.10 (Ar matrix),uid 296,2-azachrysene,C17H11N+,1,17,296,,,1305.5,37.417,relative (PAHdb experimental),,,,,10.1021/jp021938c,matrix,CC-stretch/CH-ip (7.7 um),,,,,,,,,,
1003,matrix,PAHdb experimental 3.10 (Ar matrix),uid 296,2-azachrysene,C17H11N+,1,17,296,,,1312.7,5.2963,relative (PAHdb experimental),,,,,10.1021/jp021938c,matrix,CC-stretch/CH-ip (7.7 um),,,,,,,,,,
1004,matrix,PAHdb experimental 3.10 (Ar matrix),uid 296,2-azachrysene,C17H11N+,1,17,296,,,1430.4,110.74,relative (PAHdb experimental),,,,,10.1021/jp021938c,matrix,CC-stretch/CH-ip (7.7 um),,,,,,,,,,
1005,matrix,PAHdb experimental 3.10 (Ar matrix),uid 296,2-azachrysene,C17H11N+,1,17,296,,,1446.2,208.03,relative (PAHdb experimental),,,,,10.1021/jp021938c,matrix,CC-stretch/CH-ip (7.7 um),,,,,,,,,,
1006,matrix,PAHdb experimental 3.10 (Ar matrix),uid 296,2-azachrysene,C17H11N+,1,17,296,,,1481.9,25.643,relative (PAHdb experimental),,,,,10.1021/jp021938c,matrix,CC-stretch/CH-ip (7.7 um),,,,,,,,,,
1007,matrix,PAHdb experimental 3.10 (Ar matrix),uid 296,2-azachrysene,C17H11N+,1,17,296,,,1501.4,109.01,relative (PAHdb experimental),,,,,10.1021/jp021938c,matrix,CC-stretch (6.2 um),,,,,,,,,,
1008,matrix,PAHdb experimental 3.10 (Ar matrix),uid 296,2-azachrysene,C17H11N+,1,17,296,,,1553.0,270.92,relative (PAHdb experimental),,,,,10.1021/jp021938c,matrix,CC-stretch (6.2 um),,,,,,,,,,
1009,matrix,PAHdb experimental 3.10 (Ar matrix),uid 296,2-azachrysene,C17H11N+,1,17,296,,,1575.5,93.14,relative (PAHdb experimental),,,,,10.1021/jp021938c,matrix,CC-stretch (6.2 um),,,,,,,,,,
1010,matrix,PAHdb experimental 3.10 (Ar matrix),uid 282,tetracene,C18H12,0,18,282,10.0,0.9,551.6,11.438,relative (PAHdb experimental),,,,0.9,10.1021/jp9834816,matrix,low / skeletal,,,,,,,,,,
1011,matrix,PAHdb experimental 3.10 (Ar matrix),uid 282,tetracene,C18H12,0,18,282,10.0,0.9,607.7,2.0468,relative (PAHdb experimental),,,,0.9,10.1021/jp9834816,matrix,low / skeletal,,,,,,,,,,
1012,matrix,PAHdb experimental 3.10 (Ar matrix),uid 282,tetracene,C18H12,0,18,282,10.0,0.9,627.7,1.0234,relative (PAHdb experimental),,,,0.9,10.1021/jp9834816,matrix,low / skeletal,,,,,,,,,,
1013,matrix,PAHdb experimental 3.10 (Ar matrix),uid 282,tetracene,C18H12,0,18,282,10.0,0.9,742.9,102.34,relative (PAHdb experimental),,,,0.9,10.1021/jp9834816,matrix,CH-oop (10.5-15 um; benzene nu11 at 673 included),,,,,,,,,,
1014,matrix,PAHdb experimental 3.10 (Ar matrix),uid 282,tetracene,C18H12,0,18,282,10.0,0.9,766.7,1.0234,relative (PAHdb experimental),,,,0.9,10.1021/jp9834816,matrix,CH-oop (10.5-15 um; benzene nu11 at 673 included),,,,,,,,,,
1015,matrix,PAHdb experimental 3.10 (Ar matrix),uid 282,tetracene,C18H12,0,18,282,10.0,0.9,895.3,84.28,relative (PAHdb experimental),,,,0.9,10.1021/jp9834816,matrix,CH-oop (10.5-15 um; benzene nu11 at 673 included),,,,,,,,,,
1016,matrix,PAHdb experimental 3.10 (Ar matrix),uid 282,tetracene,C18H12,0,18,282,10.0,0.9,933.4,2.0468,relative (PAHdb experimental),,,,0.9,10.1021/jp9834816,matrix,CH-oop (10.5-15 um; benzene nu11 at 673 included),,,,,,,,,,
1017,matrix,PAHdb experimental 3.10 (Ar matrix),uid 282,tetracene,C18H12,0,18,282,10.0,0.9,953.6,8.428,relative (PAHdb experimental),,,,0.9,10.1021/jp9834816,matrix,ring / CH-ip (9-10.5 um),,,,,,,,,,
1018,matrix,PAHdb experimental 3.10 (Ar matrix),uid 282,tetracene,C18H12,0,18,282,10.0,0.9,997.1,7.224,relative (PAHdb experimental),,,,0.9,10.1021/jp9834816,matrix,ring / CH-ip (9-10.5 um),,,,,,,,,,
1019,matrix,PAHdb experimental 3.10 (Ar matrix),uid 282,tetracene,C18H12,0,18,282,10.0,0.9,1054.3,1.0234,relative (PAHdb experimental),,,,0.9,10.1021/jp9834816,matrix,ring / CH-ip (9-10.5 um),,,,,,,,,,
1020,matrix,PAHdb experimental 3.10 (Ar matrix),uid 282,tetracene,C18H12,0,18,282,10.0,0.9,1124.4,6.02,relative (PAHdb experimental),,,,0.9,10.1021/jp9834816,matrix,CH-ip-bend (8.6 um),,,,,,,,,,
1021,matrix,PAHdb experimental 3.10 (Ar matrix),uid 282,tetracene,C18H12,0,18,282,10.0,0.9,1165.3,2.0468,relative (PAHdb experimental),,,,0.9,10.1021/jp9834816,matrix,CH-ip-bend (8.6 um),,,,,,,,,,
1022,matrix,PAHdb experimental 3.10 (Ar matrix),uid 282,tetracene,C18H12,0,18,282,10.0,0.9,1199.3,1.0234,relative (PAHdb experimental),,,,0.9,10.1021/jp9834816,matrix,CH-ip-bend (8.6 um),,,,,,,,,,
1023,matrix,PAHdb experimental 3.10 (Ar matrix),uid 282,tetracene,C18H12,0,18,282,10.0,0.9,1288.5,2.0468,relative (PAHdb experimental),,,,0.9,10.1021/jp9834816,matrix,CC-stretch/CH-ip (7.7 um),,,,,,,,,,
1024,matrix,PAHdb experimental 3.10 (Ar matrix),uid 282,tetracene,C18H12,0,18,282,10.0,0.9,1292.3,4.0936,relative (PAHdb experimental),,,,0.9,10.1021/jp9834816,matrix,CC-stretch/CH-ip (7.7 um),,,,,,,,,,
1025,matrix,PAHdb experimental 3.10 (Ar matrix),uid 282,tetracene,C18H12,0,18,282,10.0,0.9,1298.8,8.428,relative (PAHdb experimental),,,,0.9,10.1021/jp9834816,matrix,CC-stretch/CH-ip (7.7 um),,,,,,,,,,
1026,matrix,PAHdb experimental 3.10 (Ar matrix),uid 282,tetracene,C18H12,0,18,282,10.0,0.9,1322.9,2.0468,relative (PAHdb experimental),,,,0.9,10.1021/jp9834816,matrix,CC-stretch/CH-ip (7.7 um),,,,,,,,,,
1027,matrix,PAHdb experimental 3.10 (Ar matrix),uid 282,tetracene,C18H12,0,18,282,10.0,0.9,1337.9,5.117,relative (PAHdb experimental),,,,0.9,10.1021/jp9834816,matrix,CC-stretch/CH-ip (7.7 um),,,,,,,,,,
1028,matrix,PAHdb experimental 3.10 (Ar matrix),uid 282,tetracene,C18H12,0,18,282,10.0,0.9,1388.7,4.0936,relative (PAHdb experimental),,,,0.9,10.1021/jp9834816,matrix,CC-stretch/CH-ip (7.7 um),,,,,,,,,,
1029,matrix,PAHdb experimental 3.10 (Ar matrix),uid 282,tetracene,C18H12,0,18,282,10.0,0.9,1416.1,2.0468,relative (PAHdb experimental),,,,0.9,10.1021/jp9834816,matrix,CC-stretch/CH-ip (7.7 um),,,,,,,,,,
1030,matrix,PAHdb experimental 3.10 (Ar matrix),uid 282,tetracene,C18H12,0,18,282,10.0,0.9,1465.2,4.0936,relative (PAHdb experimental),,,,0.9,10.1021/jp9834816,matrix,CC-stretch/CH-ip (7.7 um),,,,,,,,,,
1031,matrix,PAHdb experimental 3.10 (Ar matrix),uid 282,tetracene,C18H12,0,18,282,10.0,0.9,1474.1,1.0234,relative (PAHdb experimental),,,,0.9,10.1021/jp9834816,matrix,CC-stretch/CH-ip (7.7 um),,,,,,,,,,
1032,matrix,PAHdb experimental 3.10 (Ar matrix),uid 282,tetracene,C18H12,0,18,282,10.0,0.9,1540.1,1.0234,relative (PAHdb experimental),,,,0.9,10.1021/jp9834816,matrix,CC-stretch (6.2 um),,,,,,,,,,
1033,matrix,PAHdb experimental 3.10 (Ar matrix),uid 282,tetracene,C18H12,0,18,282,10.0,0.9,1546.2,2.0468,relative (PAHdb experimental),,,,0.9,10.1021/jp9834816,matrix,CC-stretch (6.2 um),,,,,,,,,,
1034,matrix,PAHdb experimental 3.10 (Ar matrix),uid 282,tetracene,C18H12,0,18,282,10.0,0.9,1554.0,2.0468,relative (PAHdb experimental),,,,0.9,10.1021/jp9834816,matrix,CC-stretch (6.2 um),,,,,,,,,,
1035,matrix,PAHdb experimental 3.10 (Ar matrix),uid 282,tetracene,C18H12,0,18,282,10.0,0.9,1573.2,3.0702,relative (PAHdb experimental),,,,0.9,10.1021/jp9834816,matrix,CC-stretch (6.2 um),,,,,,,,,,
1036,matrix,PAHdb experimental 3.10 (Ar matrix),uid 282,tetracene,C18H12,0,18,282,10.0,0.9,1637.0,4.0936,relative (PAHdb experimental),,,,0.9,10.1021/jp9834816,matrix,CC-stretch (6.2 um),,,,,,,,,,
1037,matrix,PAHdb experimental 3.10 (Ar matrix),uid 282,tetracene,C18H12,0,18,282,10.0,0.9,1685.5,4.0936,relative (PAHdb experimental),,,,0.9,10.1021/jp9834816,matrix,overtone / combination region,,,,,,,,,,
1038,matrix,PAHdb experimental 3.10 (Ar matrix),uid 282,tetracene,C18H12,0,18,282,10.0,0.9,1712.7,5.117,relative (PAHdb experimental),,,,0.9,10.1021/jp9834816,matrix,overtone / combination region,,,,,,,,,,
1039,matrix,PAHdb experimental 3.10 (Ar matrix),uid 282,tetracene,C18H12,0,18,282,10.0,0.9,1730.9,1.0234,relative (PAHdb experimental),,,,0.9,10.1021/jp9834816,matrix,overtone / combination region,,,,,,,,,,
1040,matrix,PAHdb experimental 3.10 (Ar matrix),uid 282,tetracene,C18H12,0,18,282,10.0,0.9,1786.0,8.428,relative (PAHdb experimental),,,,0.9,10.1021/jp9834816,matrix,overtone / combination region,,,,,,,,,,
1041,matrix,PAHdb experimental 3.10 (Ar matrix),uid 282,tetracene,C18H12,0,18,282,10.0,0.9,1800.3,3.0702,relative (PAHdb experimental),,,,0.9,10.1021/jp9834816,matrix,overtone / combination region,,,,,,,,,,
1042,matrix,PAHdb experimental 3.10 (Ar matrix),uid 282,tetracene,C18H12,0,18,282,10.0,0.9,1819.8,1.0234,relative (PAHdb experimental),,,,0.9,10.1021/jp9834816,matrix,overtone / combination region,,,,,,,,,,
1043,matrix,PAHdb experimental 3.10 (Ar matrix),uid 282,tetracene,C18H12,0,18,282,10.0,0.9,1836.3,1.0234,relative (PAHdb experimental),,,,0.9,10.1021/jp9834816,matrix,overtone / combination region,,,,,,,,,,
1044,matrix,PAHdb experimental 3.10 (Ar matrix),uid 282,tetracene,C18H12,0,18,282,10.0,0.9,1904.2,2.0468,relative (PAHdb experimental),,,,0.9,10.1021/jp9834816,matrix,overtone / combination region,,,,,,,,,,
1045,matrix,PAHdb experimental 3.10 (Ar matrix),uid 282,tetracene,C18H12,0,18,282,10.0,0.9,1917.1,2.0468,relative (PAHdb experimental),,,,0.9,10.1021/jp9834816,matrix,overtone / combination region,,,,,,,,,,
1046,matrix,PAHdb experimental 3.10 (Ar matrix),uid 282,tetracene,C18H12,0,18,282,10.0,0.9,1933.3,5.117,relative (PAHdb experimental),,,,0.9,10.1021/jp9834816,matrix,overtone / combination region,,,,,,,,,,
1047,matrix,PAHdb experimental 3.10 (Ar matrix),uid 282,tetracene,C18H12,0,18,282,10.0,0.9,3055.0,126.42,relative (PAHdb experimental),,,,0.9,10.1021/jp9834816,matrix,CH-stretch,,,,,,,,,,
1048,matrix,PAHdb experimental 3.10 (Ar matrix),uid 291,chrysene,C18H12,0,18,291,10.0,0.9,534.8,4.5752,relative (PAHdb experimental),,,,0.9,10.1021/jp9834816,matrix,low / skeletal,,,,,,,,,,
1049,matrix,PAHdb experimental 3.10 (Ar matrix),uid 291,chrysene,C18H12,0,18,291,10.0,0.9,552.9,3.4314,relative (PAHdb experimental),,,,0.9,10.1021/jp9834816,matrix,low / skeletal,,,,,,,,,,
1050,matrix,PAHdb experimental 3.10 (Ar matrix),uid 291,chrysene,C18H12,0,18,291,10.0,0.9,578.9,2.2876,relative (PAHdb experimental),,,,0.9,10.1021/jp9834816,matrix,low / skeletal,,,,,,,,,,
1051,matrix,PAHdb experimental 3.10 (Ar matrix),uid 291,chrysene,C18H12,0,18,291,10.0,0.9,682.4,12.642,relative (PAHdb experimental),,,,0.9,10.1021/jp9834816,matrix,CH-oop (10.5-15 um; benzene nu11 at 673 included),,,,,,,,,,
1052,matrix,PAHdb experimental 3.10 (Ar matrix),uid 291,chrysene,C18H12,0,18,291,10.0,0.9,761.0,114.38,relative (PAHdb experimental),,,,0.9,10.1021/jp9834816,matrix,CH-oop (10.5-15 um; benzene nu11 at 673 included),,,,,,,,,,
1053,matrix,PAHdb experimental 3.10 (Ar matrix),uid 291,chrysene,C18H12,0,18,291,10.0,0.9,812.6,55.986,relative (PAHdb experimental),,,,0.9,10.1021/jp9834816,matrix,CH-oop (10.5-15 um; benzene nu11 at 673 included),,,,,,,,,,
1054,matrix,PAHdb experimental 3.10 (Ar matrix),uid 291,chrysene,C18H12,0,18,291,10.0,0.9,852.7,1.1438,relative (PAHdb experimental),,,,0.9,10.1021/jp9834816,matrix,CH-oop (10.5-15 um; benzene nu11 at 673 included),,,,,,,,,,
1055,matrix,PAHdb experimental 3.10 (Ar matrix),uid 291,chrysene,C18H12,0,18,291,10.0,0.9,861.8,9.03,relative (PAHdb experimental),,,,0.9,10.1021/jp9834816,matrix,CH-oop (10.5-15 um; benzene nu11 at 673 included),,,,,,,,,,
1056,matrix,PAHdb experimental 3.10 (Ar matrix),uid 291,chrysene,C18H12,0,18,291,10.0,0.9,880.1,3.4314,relative (PAHdb experimental),,,,0.9,10.1021/jp9834816,matrix,CH-oop (10.5-15 um; benzene nu11 at 673 included),,,,,,,,,,
1057,matrix,PAHdb experimental 3.10 (Ar matrix),uid 291,chrysene,C18H12,0,18,291,10.0,0.9,945.9,2.2876,relative (PAHdb experimental),,,,0.9,10.1021/jp9834816,matrix,CH-oop (10.5-15 um; benzene nu11 at 673 included),,,,,,,,,,
1058,matrix,PAHdb experimental 3.10 (Ar matrix),uid 291,chrysene,C18H12,0,18,291,10.0,0.9,1035.8,7.826,relative (PAHdb experimental),,,,0.9,10.1021/jp9834816,matrix,ring / CH-ip (9-10.5 um),,,,,,,,,,
1059,matrix,PAHdb experimental 3.10 (Ar matrix),uid 291,chrysene,C18H12,0,18,291,10.0,0.9,1162.8,0.45752,relative (PAHdb experimental),,,,0.9,10.1021/jp9834816,matrix,CH-ip-bend (8.6 um),,,,,,,,,,
1060,matrix,PAHdb experimental 3.10 (Ar matrix),uid 291,chrysene,C18H12,0,18,291,10.0,0.9,1193.4,4.5752,relative (PAHdb experimental),,,,0.9,10.1021/jp9834816,matrix,CH-ip-bend (8.6 um),,,,,,,,,,
1061,matrix,PAHdb experimental 3.10 (Ar matrix),uid 291,chrysene,C18H12,0,18,291,10.0,0.9,1235.9,4.5752,relative (PAHdb experimental),,,,0.9,10.1021/jp9834816,matrix,CH-ip-bend (8.6 um),,,,,,,,,,
1062,matrix,PAHdb experimental 3.10 (Ar matrix),uid 291,chrysene,C18H12,0,18,291,10.0,0.9,1264.0,10.234,relative (PAHdb experimental),,,,0.9,10.1021/jp9834816,matrix,CC-stretch/CH-ip (7.7 um),,,,,,,,,,
1063,matrix,PAHdb experimental 3.10 (Ar matrix),uid 291,chrysene,C18H12,0,18,291,10.0,0.9,1270.6,2.2876,relative (PAHdb experimental),,,,0.9,10.1021/jp9834816,matrix,CC-stretch/CH-ip (7.7 um),,,,,,,,,,
1064,matrix,PAHdb experimental 3.10 (Ar matrix),uid 291,chrysene,C18H12,0,18,291,10.0,0.9,1302.3,2.2876,relative (PAHdb experimental),,,,0.9,10.1021/jp9834816,matrix,CC-stretch/CH-ip (7.7 um),,,,,,,,,,
1065,matrix,PAHdb experimental 3.10 (Ar matrix),uid 291,chrysene,C18H12,0,18,291,10.0,0.9,1429.7,18.06,relative (PAHdb experimental),,,,0.9,10.1021/jp9834816,matrix,CC-stretch/CH-ip (7.7 um),,,,,,,,,,
1066,matrix,PAHdb experimental 3.10 (Ar matrix),uid 291,chrysene,C18H12,0,18,291,10.0,0.9,1490.6,12.642,relative (PAHdb experimental),,,,0.9,10.1021/jp9834816,matrix,CC-stretch/CH-ip (7.7 um),,,,,,,,,,
1067,matrix,PAHdb experimental 3.10 (Ar matrix),uid 291,chrysene,C18H12,0,18,291,10.0,0.9,1523.2,1.1438,relative (PAHdb experimental),,,,0.9,10.1021/jp9834816,matrix,CC-stretch (6.2 um),,,,,,,,,,
1068,matrix,PAHdb experimental 3.10 (Ar matrix),uid 291,chrysene,C18H12,0,18,291,10.0,0.9,1601.2,6.622,relative (PAHdb experimental),,,,0.9,10.1021/jp9834816,matrix,CC-stretch (6.2 um),,,,,,,,,,
1069,matrix,PAHdb experimental 3.10 (Ar matrix),uid 291,chrysene,C18H12,0,18,291,10.0,0.9,1946.1,4.5752,relative (PAHdb experimental),,,,0.9,10.1021/jp9834816,matrix,overtone / combination region,,,,,,,,,,
1070,matrix,PAHdb experimental 3.10 (Ar matrix),uid 291,chrysene,C18H12,0,18,291,10.0,0.9,3063.9,126.42,relative (PAHdb experimental),,,,0.9,10.1021/jp9834816,matrix,CH-stretch,,,,,,,,,,
1071,matrix,PAHdb experimental 3.10 (Ar matrix),uid 280,"1,2-benz[a]anthracene",C18H12,0,18,280,10.0,0.9,467.8,10.836,relative (PAHdb experimental),,,,0.9,10.1021/jp9834816,matrix,low / skeletal,,,,,,,,,,
1072,matrix,PAHdb experimental 3.10 (Ar matrix),uid 280,"1,2-benz[a]anthracene",C18H12,0,18,280,10.0,0.9,508.5,2.3478,relative (PAHdb experimental),,,,0.9,10.1021/jp9834816,matrix,low / skeletal,,,,,,,,,,
1073,matrix,PAHdb experimental 3.10 (Ar matrix),uid 280,"1,2-benz[a]anthracene",C18H12,0,18,280,10.0,0.9,539.0,5.4782,relative (PAHdb experimental),,,,0.9,10.1021/jp9834816,matrix,low / skeletal,,,,,,,,,,
1074,matrix,PAHdb experimental 3.10 (Ar matrix),uid 280,"1,2-benz[a]anthracene",C18H12,0,18,280,10.0,0.9,565.2,2.3478,relative (PAHdb experimental),,,,0.9,10.1021/jp9834816,matrix,low / skeletal,,,,,,,,,,
1075,matrix,PAHdb experimental 3.10 (Ar matrix),uid 280,"1,2-benz[a]anthracene",C18H12,0,18,280,10.0,0.9,576.4,5.4782,relative (PAHdb experimental),,,,0.9,10.1021/jp9834816,matrix,low / skeletal,,,,,,,,,,
1076,matrix,PAHdb experimental 3.10 (Ar matrix),uid 280,"1,2-benz[a]anthracene",C18H12,0,18,280,10.0,0.9,621.0,2.3478,relative (PAHdb experimental),,,,0.9,10.1021/jp9834816,matrix,low / skeletal,,,,,,,,,,
1077,matrix,PAHdb experimental 3.10 (Ar matrix),uid 280,"1,2-benz[a]anthracene",C18H12,0,18,280,10.0,0.9,650.0,3.913,relative (PAHdb experimental),,,,0.9,10.1021/jp9834816,matrix,CH-oop (10.5-15 um; benzene nu11 at 673 included),,,,,,,,,,
1078,matrix,PAHdb experimental 3.10 (Ar matrix),uid 280,"1,2-benz[a]anthracene",C18H12,0,18,280,10.0,0.9,685.3,4.6956,relative (PAHdb experimental),,,,0.9,10.1021/jp9834816,matrix,CH-oop (10.5-15 um; benzene nu11 at 673 included),,,,,,,,,,
1079,matrix,PAHdb experimental 3.10 (Ar matrix),uid 280,"1,2-benz[a]anthracene",C18H12,0,18,280,10.0,0.9,737.4,3.1304,relative (PAHdb experimental),,,,0.9,10.1021/jp9834816,matrix,CH-oop (10.5-15 um; benzene nu11 at 673 included),,,,,,,,,,
1080,matrix,PAHdb experimental 3.10 (Ar matrix),uid 280,"1,2-benz[a]anthracene",C18H12,0,18,280,10.0,0.9,747.0,78.26,relative (PAHdb experimental),,,,0.9,10.1021/jp9834816,matrix,CH-oop (10.5-15 um; benzene nu11 at 673 included),,,,,,,,,,
1081,matrix,PAHdb experimental 3.10 (Ar matrix),uid 280,"1,2-benz[a]anthracene",C18H12,0,18,280,10.0,0.9,758.5,1.5652,relative (PAHdb experimental),,,,0.9,10.1021/jp9834816,matrix,CH-oop (10.5-15 um; benzene nu11 at 673 included),,,,,,,,,,
1082,matrix,PAHdb experimental 3.10 (Ar matrix),uid 280,"1,2-benz[a]anthracene",C18H12,0,18,280,10.0,0.9,782.5,5.4782,relative (PAHdb experimental),,,,0.9,10.1021/jp9834816,matrix,CH-oop (10.5-15 um; benzene nu11 at 673 included),,,,,,,,,,
1083,matrix,PAHdb experimental 3.10 (Ar matrix),uid 280,"1,2-benz[a]anthracene",C18H12,0,18,280,10.0,0.9,804.9,21.672,relative (PAHdb experimental),,,,0.9,10.1021/jp9834816,matrix,CH-oop (10.5-15 um; benzene nu11 at 673 included),,,,,,,,,,
1084,matrix,PAHdb experimental 3.10 (Ar matrix),uid 280,"1,2-benz[a]anthracene",C18H12,0,18,280,10.0,0.9,876.0,52.374,relative (PAHdb experimental),,,,0.9,10.1021/jp9834816,matrix,CH-oop (10.5-15 um; benzene nu11 at 673 included),,,,,,,,,,
1085,matrix,PAHdb experimental 3.10 (Ar matrix),uid 280,"1,2-benz[a]anthracene",C18H12,0,18,280,10.0,0.9,908.4,0.23478,relative (PAHdb experimental),,,,0.9,10.1021/jp9834816,matrix,CH-oop (10.5-15 um; benzene nu11 at 673 included),,,,,,,,,,
1086,matrix,PAHdb experimental 3.10 (Ar matrix),uid 280,"1,2-benz[a]anthracene",C18H12,0,18,280,10.0,0.9,943.9,1.5652,relative (PAHdb experimental),,,,0.9,10.1021/jp9834816,matrix,CH-oop (10.5-15 um; benzene nu11 at 673 included),,,,,,,,,,
1087,matrix,PAHdb experimental 3.10 (Ar matrix),uid 280,"1,2-benz[a]anthracene",C18H12,0,18,280,10.0,0.9,951.7,3.913,relative (PAHdb experimental),,,,0.9,10.1021/jp9834816,matrix,ring / CH-ip (9-10.5 um),,,,,,,,,,
1088,matrix,PAHdb experimental 3.10 (Ar matrix),uid 280,"1,2-benz[a]anthracene",C18H12,0,18,280,10.0,0.9,985.8,1.5652,relative (PAHdb experimental),,,,0.9,10.1021/jp9834816,matrix,ring / CH-ip (9-10.5 um),,,,,,,,,,
1089,matrix,PAHdb experimental 3.10 (Ar matrix),uid 280,"1,2-benz[a]anthracene",C18H12,0,18,280,10.0,0.9,1010.3,2.3478,relative (PAHdb experimental),,,,0.9,10.1021/jp9834816,matrix,ring / CH-ip (9-10.5 um),,,,,,,,,,
1090,matrix,PAHdb experimental 3.10 (Ar matrix),uid 280,"1,2-benz[a]anthracene",C18H12,0,18,280,10.0,0.9,1040.3,3.913,relative (PAHdb experimental),,,,0.9,10.1021/jp9834816,matrix,ring / CH-ip (9-10.5 um),,,,,,,,,,
1091,matrix,PAHdb experimental 3.10 (Ar matrix),uid 280,"1,2-benz[a]anthracene",C18H12,0,18,280,10.0,0.9,1133.7,1.5652,relative (PAHdb experimental),,,,0.9,10.1021/jp9834816,matrix,CH-ip-bend (8.6 um),,,,,,,,,,
1092,matrix,PAHdb experimental 3.10 (Ar matrix),uid 280,"1,2-benz[a]anthracene",C18H12,0,18,280,10.0,0.9,1141.9,0.7826,relative (PAHdb experimental),,,,0.9,10.1021/jp9834816,matrix,CH-ip-bend (8.6 um),,,,,,,,,,
1093,matrix,PAHdb experimental 3.10 (Ar matrix),uid 280,"1,2-benz[a]anthracene",C18H12,0,18,280,10.0,0.9,1155.4,2.3478,relative (PAHdb experimental),,,,0.9,10.1021/jp9834816,matrix,CH-ip-bend (8.6 um),,,,,,,,,,
1094,matrix,PAHdb experimental 3.10 (Ar matrix),uid 280,"1,2-benz[a]anthracene",C18H12,0,18,280,10.0,0.9,1173.9,2.3478,relative (PAHdb experimental),,,,0.9,10.1021/jp9834816,matrix,CH-ip-bend (8.6 um),,,,,,,,,,
1095,matrix,PAHdb experimental 3.10 (Ar matrix),uid 280,"1,2-benz[a]anthracene",C18H12,0,18,280,10.0,0.9,1216.9,0.7826,relative (PAHdb experimental),,,,0.9,10.1021/jp9834816,matrix,CH-ip-bend (8.6 um),,,,,,,,,,
1096,matrix,PAHdb experimental 3.10 (Ar matrix),uid 280,"1,2-benz[a]anthracene",C18H12,0,18,280,10.0,0.9,1222.9,2.3478,relative (PAHdb experimental),,,,0.9,10.1021/jp9834816,matrix,CH-ip-bend (8.6 um),,,,,,,,,,
1097,matrix,PAHdb experimental 3.10 (Ar matrix),uid 280,"1,2-benz[a]anthracene",C18H12,0,18,280,10.0,0.9,1240.2,5.4782,relative (PAHdb experimental),,,,0.9,10.1021/jp9834816,matrix,CH-ip-bend (8.6 um),,,,,,,,,,
1098,matrix,PAHdb experimental 3.10 (Ar matrix),uid 280,"1,2-benz[a]anthracene",C18H12,0,18,280,10.0,0.9,1276.3,6.02,relative (PAHdb experimental),,,,0.9,10.1021/jp9834816,matrix,CC-stretch/CH-ip (7.7 um),,,,,,,,,,
1099,matrix,PAHdb experimental 3.10 (Ar matrix),uid 280,"1,2-benz[a]anthracene",C18H12,0,18,280,10.0,0.9,1299.5,10.234,relative (PAHdb experimental),,,,0.9,10.1021/jp9834816,matrix,CC-stretch/CH-ip (7.7 um),,,,,,,,,,
1100,matrix,PAHdb experimental 3.10 (Ar matrix),uid 280,"1,2-benz[a]anthracene",C18H12,0,18,280,10.0,0.9,1326.5,1.5652,relative (PAHdb experimental),,,,0.9,10.1021/jp9834816,matrix,CC-stretch/CH-ip (7.7 um),,,,,,,,,,
1101,matrix,PAHdb experimental 3.10 (Ar matrix),uid 280,"1,2-benz[a]anthracene",C18H12,0,18,280,10.0,0.9,1340.9,2.3478,relative (PAHdb experimental),,,,0.9,10.1021/jp9834816,matrix,CC-stretch/CH-ip (7.7 um),,,,,,,,,,
1102,matrix,PAHdb experimental 3.10 (Ar matrix),uid 280,"1,2-benz[a]anthracene",C18H12,0,18,280,10.0,0.9,1359.1,2.3478,relative (PAHdb experimental),,,,0.9,10.1021/jp9834816,matrix,CC-stretch/CH-ip (7.7 um),,,,,,,,,,
1103,matrix,PAHdb experimental 3.10 (Ar matrix),uid 280,"1,2-benz[a]anthracene",C18H12,0,18,280,10.0,0.9,1411.4,1.5652,relative (PAHdb experimental),,,,0.9,10.1021/jp9834816,matrix,CC-stretch/CH-ip (7.7 um),,,,,,,,,,
1104,matrix,PAHdb experimental 3.10 (Ar matrix),uid 280,"1,2-benz[a]anthracene",C18H12,0,18,280,10.0,0.9,1432.8,1.5652,relative (PAHdb experimental),,,,0.9,10.1021/jp9834816,matrix,CC-stretch/CH-ip (7.7 um),,,,,,,,,,
1105,matrix,PAHdb experimental 3.10 (Ar matrix),uid 280,"1,2-benz[a]anthracene",C18H12,0,18,280,10.0,0.9,1459.0,3.913,relative (PAHdb experimental),,,,0.9,10.1021/jp9834816,matrix,CC-stretch/CH-ip (7.7 um),,,,,,,,,,
1106,matrix,PAHdb experimental 3.10 (Ar matrix),uid 280,"1,2-benz[a]anthracene",C18H12,0,18,280,10.0,0.9,1478.0,3.913,relative (PAHdb experimental),,,,0.9,10.1021/jp9834816,matrix,CC-stretch/CH-ip (7.7 um),,,,,,,,,,
1107,matrix,PAHdb experimental 3.10 (Ar matrix),uid 280,"1,2-benz[a]anthracene",C18H12,0,18,280,10.0,0.9,1504.6,13.846,relative (PAHdb experimental),,,,0.9,10.1021/jp9834816,matrix,CC-stretch (6.2 um),,,,,,,,,,
1108,matrix,PAHdb experimental 3.10 (Ar matrix),uid 280,"1,2-benz[a]anthracene",C18H12,0,18,280,10.0,0.9,1552.1,1.5652,relative (PAHdb experimental),,,,0.9,10.1021/jp9834816,matrix,CC-stretch (6.2 um),,,,,,,,,,
1109,matrix,PAHdb experimental 3.10 (Ar matrix),uid 280,"1,2-benz[a]anthracene",C18H12,0,18,280,10.0,0.9,1607.8,0.7826,relative (PAHdb experimental),,,,0.9,10.1021/jp9834816,matrix,CC-stretch (6.2 um),,,,,,,,,,
1110,matrix,PAHdb experimental 3.10 (Ar matrix),uid 280,"1,2-benz[a]anthracene",C18H12,0,18,280,10.0,0.9,1615.6,0.7826,relative (PAHdb experimental),,,,0.9,10.1021/jp9834816,matrix,CC-stretch (6.2 um),,,,,,,,,,
1111,matrix,PAHdb experimental 3.10 (Ar matrix),uid 280,"1,2-benz[a]anthracene",C18H12,0,18,280,10.0,0.9,1623.6,0.7826,relative (PAHdb experimental),,,,0.9,10.1021/jp9834816,matrix,CC-stretch (6.2 um),,,,,,,,,,
1112,matrix,PAHdb experimental 3.10 (Ar matrix),uid 280,"1,2-benz[a]anthracene",C18H12,0,18,280,10.0,0.9,1678.9,4.6956,relative (PAHdb experimental),,,,0.9,10.1021/jp9834816,matrix,overtone / combination region,,,,,,,,,,
1113,matrix,PAHdb experimental 3.10 (Ar matrix),uid 280,"1,2-benz[a]anthracene",C18H12,0,18,280,10.0,0.9,1748.7,1.5652,relative (PAHdb experimental),,,,0.9,10.1021/jp9834816,matrix,overtone / combination region,,,,,,,,,,
1114,matrix,PAHdb experimental 3.10 (Ar matrix),uid 280,"1,2-benz[a]anthracene",C18H12,0,18,280,10.0,0.9,1762.1,0.7826,relative (PAHdb experimental),,,,0.9,10.1021/jp9834816,matrix,overtone / combination region,,,,,,,,,,
1115,matrix,PAHdb experimental 3.10 (Ar matrix),uid 280,"1,2-benz[a]anthracene",C18H12,0,18,280,10.0,0.9,1768.7,0.7826,relative (PAHdb experimental),,,,0.9,10.1021/jp9834816,matrix,overtone / combination region,,,,,,,,,,
1116,matrix,PAHdb experimental 3.10 (Ar matrix),uid 280,"1,2-benz[a]anthracene",C18H12,0,18,280,10.0,0.9,1808.3,3.1304,relative (PAHdb experimental),,,,0.9,10.1021/jp9834816,matrix,overtone / combination region,,,,,,,,,,
1117,matrix,PAHdb experimental 3.10 (Ar matrix),uid 280,"1,2-benz[a]anthracene",C18H12,0,18,280,10.0,0.9,1835.0,1.5652,relative (PAHdb experimental),,,,0.9,10.1021/jp9834816,matrix,overtone / combination region,,,,,,,,,,
1118,matrix,PAHdb experimental 3.10 (Ar matrix),uid 280,"1,2-benz[a]anthracene",C18H12,0,18,280,10.0,0.9,1902.8,0.7826,relative (PAHdb experimental),,,,0.9,10.1021/jp9834816,matrix,overtone / combination region,,,,,,,,,,
1119,matrix,PAHdb experimental 3.10 (Ar matrix),uid 280,"1,2-benz[a]anthracene",C18H12,0,18,280,10.0,0.9,1917.8,3.913,relative (PAHdb experimental),,,,0.9,10.1021/jp9834816,matrix,overtone / combination region,,,,,,,,,,
1120,matrix,PAHdb experimental 3.10 (Ar matrix),uid 280,"1,2-benz[a]anthracene",C18H12,0,18,280,10.0,0.9,1944.9,5.4782,relative (PAHdb experimental),,,,0.9,10.1021/jp9834816,matrix,overtone / combination region,,,,,,,,,,
1121,matrix,PAHdb experimental 3.10 (Ar matrix),uid 280,"1,2-benz[a]anthracene",C18H12,0,18,280,10.0,0.9,3064.1,120.4,relative (PAHdb experimental),,,,0.9,10.1021/jp9834816,matrix,CH-stretch,,,,,,,,,,
1122,matrix,PAHdb experimental 3.10 (Ar matrix),uid 283,tetracene,C18H12+,1,18,283,,,929.4,3.4916,relative (PAHdb experimental),,,,,10.1021/j100022a007,matrix,CH-oop (10.5-15 um; benzene nu11 at 673 included),,,,,,,,,,
1123,matrix,PAHdb experimental 3.10 (Ar matrix),uid 283,tetracene,C18H12+,1,18,283,,,1155.8,1.3244,relative (PAHdb experimental),,,,,10.1021/j100022a007,matrix,CH-ip-bend (8.6 um),,,,,,,,,,
1124,matrix,PAHdb experimental 3.10 (Ar matrix),uid 283,tetracene,C18H12+,1,18,283,,,1178.5,102.34,relative (PAHdb experimental),,,,,10.1021/j100022a007,matrix,CH-ip-bend (8.6 um),,,,,,,,,,
1125,matrix,PAHdb experimental 3.10 (Ar matrix),uid 283,tetracene,C18H12+,1,18,283,,,1302.9,3.0702,relative (PAHdb experimental),,,,,10.1021/j100022a007,matrix,CC-stretch/CH-ip (7.7 um),,,,,,,,,,
1126,matrix,PAHdb experimental 3.10 (Ar matrix),uid 283,tetracene,C18H12+,1,18,283,,,1331.8,27.692,relative (PAHdb experimental),,,,,10.1021/j100022a007,matrix,CC-stretch/CH-ip (7.7 um),,,,,,,,,,
1127,matrix,PAHdb experimental 3.10 (Ar matrix),uid 283,tetracene,C18H12+,1,18,283,,,1349.1,90.3,relative (PAHdb experimental),,,,,10.1021/j100022a007,matrix,CC-stretch/CH-ip (7.7 um),,,,,,,,,,
1128,matrix,PAHdb experimental 3.10 (Ar matrix),uid 283,tetracene,C18H12+,1,18,283,,,1358.4,234.78,relative (PAHdb experimental),,,,,10.1021/j100022a007,matrix,CC-stretch/CH-ip (7.7 um),,,,,,,,,,
1129,matrix,PAHdb experimental 3.10 (Ar matrix),uid 283,tetracene,C18H12+,1,18,283,,,1371.2,3.4916,relative (PAHdb experimental),,,,,10.1021/j100022a007,matrix,CC-stretch/CH-ip (7.7 um),,,,,,,,,,
1130,matrix,PAHdb experimental 3.10 (Ar matrix),uid 283,tetracene,C18H12+,1,18,283,,,1402.1,40.936,relative (PAHdb experimental),,,,,10.1021/j100022a007,matrix,CC-stretch/CH-ip (7.7 um),,,,,,,,,,
1131,matrix,PAHdb experimental 3.10 (Ar matrix),uid 283,tetracene,C18H12+,1,18,283,,,1406.4,15.05,relative (PAHdb experimental),,,,,10.1021/j100022a007,matrix,CC-stretch/CH-ip (7.7 um),,,,,,,,,,
1132,matrix,PAHdb experimental 3.10 (Ar matrix),uid 283,tetracene,C18H12+,1,18,283,,,1409.6,43.946,relative (PAHdb experimental),,,,,10.1021/j100022a007,matrix,CC-stretch/CH-ip (7.7 um),,,,,,,,,,
1133,matrix,PAHdb experimental 3.10 (Ar matrix),uid 283,tetracene,C18H12+,1,18,283,,,1414.4,22.274,relative (PAHdb experimental),,,,,10.1021/j100022a007,matrix,CC-stretch/CH-ip (7.7 um),,,,,,,,,,
1134,matrix,PAHdb experimental 3.10 (Ar matrix),uid 283,tetracene,C18H12+,1,18,283,,,1422.5,5.6588,relative (PAHdb experimental),,,,,10.1021/j100022a007,matrix,CC-stretch/CH-ip (7.7 um),,,,,,,,,,
1135,matrix,PAHdb experimental 3.10 (Ar matrix),uid 283,tetracene,C18H12+,1,18,283,,,1478.3,102.34,relative (PAHdb experimental),,,,,10.1021/j100022a007,matrix,CC-stretch/CH-ip (7.7 um),,,,,,,,,,
1136,matrix,PAHdb experimental 3.10 (Ar matrix),uid 283,tetracene,C18H12+,1,18,283,,,1488.0,19.264,relative (PAHdb experimental),,,,,10.1021/j100022a007,matrix,CC-stretch/CH-ip (7.7 um),,,,,,,,,,
1137,matrix,PAHdb experimental 3.10 (Ar matrix),uid 283,tetracene,C18H12+,1,18,283,,,1543.3,40.936,relative (PAHdb experimental),,,,,10.1021/j100022a007,matrix,CC-stretch (6.2 um),,,,,,,,,,
1138,matrix,PAHdb experimental 3.10 (Ar matrix),uid 283,tetracene,C18H12+,1,18,283,,,1604.7,3.1906,relative (PAHdb experimental),,,,,10.1021/j100022a007,matrix,CC-stretch (6.2 um),,,,,,,,,,
1139,matrix,PAHdb experimental 3.10 (Ar matrix),uid 292,chrysene,C18H12+,1,18,292,,,676.0,5.8394,relative (PAHdb experimental),,,,,10.1021/jp9609794,matrix,CH-oop (10.5-15 um; benzene nu11 at 673 included),,,,,,,,,,
1140,matrix,PAHdb experimental 3.10 (Ar matrix),uid 292,chrysene,C18H12+,1,18,292,,,834.0,22.876,relative (PAHdb experimental),,,,,10.1021/jp9609794,matrix,CH-oop (10.5-15 um; benzene nu11 at 673 included),,,,,,,,,,
1141,matrix,PAHdb experimental 3.10 (Ar matrix),uid 292,chrysene,C18H12+,1,18,292,,,879.8,19.264,relative (PAHdb experimental),,,,,10.1021/jp9609794,matrix,CH-oop (10.5-15 um; benzene nu11 at 673 included),,,,,,,,,,
1142,matrix,PAHdb experimental 3.10 (Ar matrix),uid 292,chrysene,C18H12+,1,18,292,,,1047.2,30.1,relative (PAHdb experimental),,,,,10.1021/jp9609794,matrix,ring / CH-ip (9-10.5 um),,,,,,,,,,
1143,matrix,PAHdb experimental 3.10 (Ar matrix),uid 292,chrysene,C18H12+,1,18,292,,,1096.3,13.846,relative (PAHdb experimental),,,,,10.1021/jp9609794,matrix,ring / CH-ip (9-10.5 um),,,,,,,,,,
1144,matrix,PAHdb experimental 3.10 (Ar matrix),uid 292,chrysene,C18H12+,1,18,292,,,1137.2,186.62,relative (PAHdb experimental),,,,,10.1021/jp9609794,matrix,CH-ip-bend (8.6 um),,,,,,,,,,
1145,matrix,PAHdb experimental 3.10 (Ar matrix),uid 292,chrysene,C18H12+,1,18,292,,,1146.5,1.4448,relative (PAHdb experimental),,,,,10.1021/jp9609794,matrix,CH-ip-bend (8.6 um),,,,,,,,,,
1146,matrix,PAHdb experimental 3.10 (Ar matrix),uid 292,chrysene,C18H12+,1,18,292,,,1216.6,39.732,relative (PAHdb experimental),,,,,10.1021/jp9609794,matrix,CH-ip-bend (8.6 um),,,,,,,,,,
1147,matrix,PAHdb experimental 3.10 (Ar matrix),uid 292,chrysene,C18H12+,1,18,292,,,1229.6,288.96,relative (PAHdb experimental),,,,,10.1021/jp9609794,matrix,CH-ip-bend (8.6 um),,,,,,,,,,
1148,matrix,PAHdb experimental 3.10 (Ar matrix),uid 292,chrysene,C18H12+,1,18,292,,,1272.4,24.08,relative (PAHdb experimental),,,,,10.1021/jp9609794,matrix,CC-stretch/CH-ip (7.7 um),,,,,,,,,,
1149,matrix,PAHdb experimental 3.10 (Ar matrix),uid 292,chrysene,C18H12+,1,18,292,,,1279.8,21.672,relative (PAHdb experimental),,,,,10.1021/jp9609794,matrix,CC-stretch/CH-ip (7.7 um),,,,,,,,,,
1150,matrix,PAHdb experimental 3.10 (Ar matrix),uid 292,chrysene,C18H12+,1,18,292,,,1287.0,10.234,relative (PAHdb experimental),,,,,10.1021/jp9609794,matrix,CC-stretch/CH-ip (7.7 um),,,,,,,,,,
1151,matrix,PAHdb experimental 3.10 (Ar matrix),uid 292,chrysene,C18H12+,1,18,292,,,1304.1,60.2,relative (PAHdb experimental),,,,,10.1021/jp9609794,matrix,CC-stretch/CH-ip (7.7 um),,,,,,,,,,
1152,matrix,PAHdb experimental 3.10 (Ar matrix),uid 292,chrysene,C18H12+,1,18,292,,,1315.7,307.02,relative (PAHdb experimental),,,,,10.1021/jp9609794,matrix,CC-stretch/CH-ip (7.7 um),,,,,,,,,,
1153,matrix,PAHdb experimental 3.10 (Ar matrix),uid 292,chrysene,C18H12+,1,18,292,,,1327.3,27.09,relative (PAHdb experimental),,,,,10.1021/jp9609794,matrix,CC-stretch/CH-ip (7.7 um),,,,,,,,,,
1154,matrix,PAHdb experimental 3.10 (Ar matrix),uid 292,chrysene,C18H12+,1,18,292,,,1335.9,288.96,relative (PAHdb experimental),,,,,10.1021/jp9609794,matrix,CC-stretch/CH-ip (7.7 um),,,,,,,,,,
1155,matrix,PAHdb experimental 3.10 (Ar matrix),uid 292,chrysene,C18H12+,1,18,292,,,1367.7,5.7792,relative (PAHdb experimental),,,,,10.1021/jp9609794,matrix,CC-stretch/CH-ip (7.7 um),,,,,,,,,,
1156,matrix,PAHdb experimental 3.10 (Ar matrix),uid 292,chrysene,C18H12+,1,18,292,,,1418.9,13.244,relative (PAHdb experimental),,,,,10.1021/jp9609794,matrix,CC-stretch/CH-ip (7.7 um),,,,,,,,,,
1157,matrix,PAHdb experimental 3.10 (Ar matrix),uid 292,chrysene,C18H12+,1,18,292,,,1433.1,156.52,relative (PAHdb experimental),,,,,10.1021/jp9609794,matrix,CC-stretch/CH-ip (7.7 um),,,,,,,,,,
1158,matrix,PAHdb experimental 3.10 (Ar matrix),uid 292,chrysene,C18H12+,1,18,292,,,1437.4,15.05,relative (PAHdb experimental),,,,,10.1021/jp9609794,matrix,CC-stretch/CH-ip (7.7 um),,,,,,,,,,
1159,matrix,PAHdb experimental 3.10 (Ar matrix),uid 292,chrysene,C18H12+,1,18,292,,,1447.6,132.44,relative (PAHdb experimental),,,,,10.1021/jp9609794,matrix,CC-stretch/CH-ip (7.7 um),,,,,,,,,,
1160,matrix,PAHdb experimental 3.10 (Ar matrix),uid 292,chrysene,C18H12+,1,18,292,,,1456.0,3.7926,relative (PAHdb experimental),,,,,10.1021/jp9609794,matrix,CC-stretch/CH-ip (7.7 um),,,,,,,,,,
1161,matrix,PAHdb experimental 3.10 (Ar matrix),uid 292,chrysene,C18H12+,1,18,292,,,1481.4,9.632,relative (PAHdb experimental),,,,,10.1021/jp9609794,matrix,CC-stretch/CH-ip (7.7 um),,,,,,,,,,
1162,matrix,PAHdb experimental 3.10 (Ar matrix),uid 292,chrysene,C18H12+,1,18,292,,,1499.1,150.5,relative (PAHdb experimental),,,,,10.1021/jp9609794,matrix,CC-stretch/CH-ip (7.7 um),,,,,,,,,,
1163,matrix,PAHdb experimental 3.10 (Ar matrix),uid 292,chrysene,C18H12+,1,18,292,,,1509.0,18.662,relative (PAHdb experimental),,,,,10.1021/jp9609794,matrix,CC-stretch (6.2 um),,,,,,,,,,
1164,matrix,PAHdb experimental 3.10 (Ar matrix),uid 292,chrysene,C18H12+,1,18,292,,,1515.9,49.364,relative (PAHdb experimental),,,,,10.1021/jp9609794,matrix,CC-stretch (6.2 um),,,,,,,,,,
1165,matrix,PAHdb experimental 3.10 (Ar matrix),uid 292,chrysene,C18H12+,1,18,292,,,1533.1,4.3344,relative (PAHdb experimental),,,,,10.1021/jp9609794,matrix,CC-stretch (6.2 um),,,,,,,,,,
1166,matrix,PAHdb experimental 3.10 (Ar matrix),uid 292,chrysene,C18H12+,1,18,292,,,1560.3,186.62,relative (PAHdb experimental),,,,,10.1021/jp9609794,matrix,CC-stretch (6.2 um),,,,,,,,,,
1167,matrix,PAHdb experimental 3.10 (Ar matrix),uid 292,chrysene,C18H12+,1,18,292,,,1579.1,84.28,relative (PAHdb experimental),,,,,10.1021/jp9609794,matrix,CC-stretch (6.2 um),,,,,,,,,,
1168,matrix,PAHdb experimental 3.10 (Ar matrix),uid 292,chrysene,C18H12+,1,18,292,,,1593.2,3.6722,relative (PAHdb experimental),,,,,10.1021/jp9609794,matrix,CC-stretch (6.2 um),,,,,,,,,,
1169,matrix,PAHdb experimental 3.10 (Ar matrix),uid 281,benzaanthracene,C18H12+,1,18,281,,,911.2,1.9271,relative (PAHdb experimental),,,,,10.1021/jp9609794,matrix,CH-oop (10.5-15 um; benzene nu11 at 673 included),,,,,,,,,,
1170,matrix,PAHdb experimental 3.10 (Ar matrix),uid 281,benzaanthracene,C18H12+,1,18,281,,,1102.3,2.2282,relative (PAHdb experimental),,,,,10.1021/jp9609794,matrix,CH-ip-bend (8.6 um),,,,,,,,,,
1171,matrix,PAHdb experimental 3.10 (Ar matrix),uid 281,benzaanthracene,C18H12+,1,18,281,,,1182.2,0.96354,relative (PAHdb experimental),,,,,10.1021/jp9609794,matrix,CH-ip-bend (8.6 um),,,,,,,,,,
1172,matrix,PAHdb experimental 3.10 (Ar matrix),uid 281,benzaanthracene,C18H12+,1,18,281,,,1209.3,0.31917,relative (PAHdb experimental),,,,,10.1021/jp9609794,matrix,CH-ip-bend (8.6 um),,,,,,,,,,
1173,matrix,PAHdb experimental 3.10 (Ar matrix),uid 281,benzaanthracene,C18H12+,1,18,281,,,1225.7,9.6354,relative (PAHdb experimental),,,,,10.1021/jp9609794,matrix,CH-ip-bend (8.6 um),,,,,,,,,,
1174,matrix,PAHdb experimental 3.10 (Ar matrix),uid 281,benzaanthracene,C18H12+,1,18,281,,,1231.0,0.96354,relative (PAHdb experimental),,,,,10.1021/jp9609794,matrix,CH-ip-bend (8.6 um),,,,,,,,,,
1175,matrix,PAHdb experimental 3.10 (Ar matrix),uid 281,benzaanthracene,C18H12+,1,18,281,,,1332.5,31.917,relative (PAHdb experimental),,,,,10.1021/jp9609794,matrix,CC-stretch/CH-ip (7.7 um),,,,,,,,,,
1176,matrix,PAHdb experimental 3.10 (Ar matrix),uid 281,benzaanthracene,C18H12+,1,18,281,,,1350.5,2.2282,relative (PAHdb experimental),,,,,10.1021/jp9609794,matrix,CC-stretch/CH-ip (7.7 um),,,,,,,,,,
1177,matrix,PAHdb experimental 3.10 (Ar matrix),uid 281,benzaanthracene,C18H12+,1,18,281,,,1375.9,2.5293,relative (PAHdb experimental),,,,,10.1021/jp9609794,matrix,CC-stretch/CH-ip (7.7 um),,,,,,,,,,
1178,matrix,PAHdb experimental 3.10 (Ar matrix),uid 281,benzaanthracene,C18H12+,1,18,281,,,1391.7,13.249,relative (PAHdb experimental),,,,,10.1021/jp9609794,matrix,CC-stretch/CH-ip (7.7 um),,,,,,,,,,
1179,matrix,PAHdb experimental 3.10 (Ar matrix),uid 281,benzaanthracene,C18H12+,1,18,281,,,1405.8,2.5293,relative (PAHdb experimental),,,,,10.1021/jp9609794,matrix,CC-stretch/CH-ip (7.7 um),,,,,,,,,,
1180,matrix,PAHdb experimental 3.10 (Ar matrix),uid 281,benzaanthracene,C18H12+,1,18,281,,,1477.0,2.2282,relative (PAHdb experimental),,,,,10.1021/jp9609794,matrix,CC-stretch/CH-ip (7.7 um),,,,,,,,,,
1181,matrix,PAHdb experimental 3.10 (Ar matrix),uid 281,benzaanthracene,C18H12+,1,18,281,,,1528.0,2.5293,relative (PAHdb experimental),,,,,10.1021/jp9609794,matrix,CC-stretch (6.2 um),,,,,,,,,,
1182,matrix,PAHdb experimental 3.10 (Ar matrix),uid 281,benzaanthracene,C18H12+,1,18,281,,,1540.1,6.6244,relative (PAHdb experimental),,,,,10.1021/jp9609794,matrix,CC-stretch (6.2 um),,,,,,,,,,
1183,matrix,PAHdb experimental 3.10 (Ar matrix),uid 281,benzaanthracene,C18H12+,1,18,281,,,1577.5,4.1553,relative (PAHdb experimental),,,,,10.1021/jp9609794,matrix,CC-stretch (6.2 um),,,,,,,,,,
1184,matrix,PAHdb experimental 3.10 (Ar matrix),uid 393,benzo[k]fluoranthene,C20H12,0,20,393,,,554.3,5.418,relative (PAHdb experimental),,,,,10.1086/311989,matrix,low / skeletal,,,,,,,,,,
1185,matrix,PAHdb experimental 3.10 (Ar matrix),uid 393,benzo[k]fluoranthene,C20H12,0,20,393,,,585.0,1.204,relative (PAHdb experimental),,,,,10.1086/311989,matrix,low / skeletal,,,,,,,,,,
1186,matrix,PAHdb experimental 3.10 (Ar matrix),uid 393,benzo[k]fluoranthene,C20H12,0,20,393,,,601.3,6.622,relative (PAHdb experimental),,,,,10.1086/311989,matrix,low / skeletal,,,,,,,,,,
1187,matrix,PAHdb experimental 3.10 (Ar matrix),uid 393,benzo[k]fluoranthene,C20H12,0,20,393,,,620.9,3.01,relative (PAHdb experimental),,,,,10.1086/311989,matrix,low / skeletal,,,,,,,,,,
1188,matrix,PAHdb experimental 3.10 (Ar matrix),uid 393,benzo[k]fluoranthene,C20H12,0,20,393,,,684.7,1.204,relative (PAHdb experimental),,,,,10.1086/311989,matrix,CH-oop (10.5-15 um; benzene nu11 at 673 included),,,,,,,,,,
1189,matrix,PAHdb experimental 3.10 (Ar matrix),uid 393,benzo[k]fluoranthene,C20H12,0,20,393,,,743.6,60.2,relative (PAHdb experimental),,,,,10.1086/311989,matrix,CH-oop (10.5-15 um; benzene nu11 at 673 included),,,,,,,,,,
1190,matrix,PAHdb experimental 3.10 (Ar matrix),uid 393,benzo[k]fluoranthene,C20H12,0,20,393,,,773.6,48.16,relative (PAHdb experimental),,,,,10.1086/311989,matrix,CH-oop (10.5-15 um; benzene nu11 at 673 included),,,,,,,,,,
1191,matrix,PAHdb experimental 3.10 (Ar matrix),uid 393,benzo[k]fluoranthene,C20H12,0,20,393,,,803.9,0.602,relative (PAHdb experimental),,,,,10.1086/311989,matrix,CH-oop (10.5-15 um; benzene nu11 at 673 included),,,,,,,,,,
1192,matrix,PAHdb experimental 3.10 (Ar matrix),uid 393,benzo[k]fluoranthene,C20H12,0,20,393,,,823.7,54.18,relative (PAHdb experimental),,,,,10.1086/311989,matrix,CH-oop (10.5-15 um; benzene nu11 at 673 included),,,,,,,,,,
1193,matrix,PAHdb experimental 3.10 (Ar matrix),uid 393,benzo[k]fluoranthene,C20H12,0,20,393,,,873.4,1.204,relative (PAHdb experimental),,,,,10.1086/311989,matrix,CH-oop (10.5-15 um; benzene nu11 at 673 included),,,,,,,,,,
1194,matrix,PAHdb experimental 3.10 (Ar matrix),uid 393,benzo[k]fluoranthene,C20H12,0,20,393,,,883.5,32.508,relative (PAHdb experimental),,,,,10.1086/311989,matrix,CH-oop (10.5-15 um; benzene nu11 at 673 included),,,,,,,,,,
1195,matrix,PAHdb experimental 3.10 (Ar matrix),uid 393,benzo[k]fluoranthene,C20H12,0,20,393,,,950.0,4.816,relative (PAHdb experimental),,,,,10.1086/311989,matrix,ring / CH-ip (9-10.5 um),,,,,,,,,,
1196,matrix,PAHdb experimental 3.10 (Ar matrix),uid 393,benzo[k]fluoranthene,C20H12,0,20,393,,,967.2,0.602,relative (PAHdb experimental),,,,,10.1086/311989,matrix,ring / CH-ip (9-10.5 um),,,,,,,,,,
1197,matrix,PAHdb experimental 3.10 (Ar matrix),uid 393,benzo[k]fluoranthene,C20H12,0,20,393,,,998.6,0.602,relative (PAHdb experimental),,,,,10.1086/311989,matrix,ring / CH-ip (9-10.5 um),,,,,,,,,,
1198,matrix,PAHdb experimental 3.10 (Ar matrix),uid 393,benzo[k]fluoranthene,C20H12,0,20,393,,,1022.7,4.816,relative (PAHdb experimental),,,,,10.1086/311989,matrix,ring / CH-ip (9-10.5 um),,,,,,,,,,
1199,matrix,PAHdb experimental 3.10 (Ar matrix),uid 393,benzo[k]fluoranthene,C20H12,0,20,393,,,1037.6,1.806,relative (PAHdb experimental),,,,,10.1086/311989,matrix,ring / CH-ip (9-10.5 um),,,,,,,,,,
1200,matrix,PAHdb experimental 3.10 (Ar matrix),uid 393,benzo[k]fluoranthene,C20H12,0,20,393,,,1057.2,2.408,relative (PAHdb experimental),,,,,10.1086/311989,matrix,ring / CH-ip (9-10.5 um),,,,,,,,,,
1201,matrix,PAHdb experimental 3.10 (Ar matrix),uid 393,benzo[k]fluoranthene,C20H12,0,20,393,,,1099.8,9.632,relative (PAHdb experimental),,,,,10.1086/311989,matrix,ring / CH-ip (9-10.5 um),,,,,,,,,,
1202,matrix,PAHdb experimental 3.10 (Ar matrix),uid 393,benzo[k]fluoranthene,C20H12,0,20,393,,,1151.2,1.204,relative (PAHdb experimental),,,,,10.1086/311989,matrix,CH-ip-bend (8.6 um),,,,,,,,,,
1203,matrix,PAHdb experimental 3.10 (Ar matrix),uid 393,benzo[k]fluoranthene,C20H12,0,20,393,,,1191.9,1.806,relative (PAHdb experimental),,,,,10.1086/311989,matrix,CH-ip-bend (8.6 um),,,,,,,,,,
1204,matrix,PAHdb experimental 3.10 (Ar matrix),uid 393,benzo[k]fluoranthene,C20H12,0,20,393,,,1206.6,5.418,relative (PAHdb experimental),,,,,10.1086/311989,matrix,CH-ip-bend (8.6 um),,,,,,,,,,
1205,matrix,PAHdb experimental 3.10 (Ar matrix),uid 393,benzo[k]fluoranthene,C20H12,0,20,393,,,1228.3,2.408,relative (PAHdb experimental),,,,,10.1086/311989,matrix,CH-ip-bend (8.6 um),,,,,,,,,,
1206,matrix,PAHdb experimental 3.10 (Ar matrix),uid 393,benzo[k]fluoranthene,C20H12,0,20,393,,,1238.1,1.806,relative (PAHdb experimental),,,,,10.1086/311989,matrix,CH-ip-bend (8.6 um),,,,,,,,,,
1207,matrix,PAHdb experimental 3.10 (Ar matrix),uid 393,benzo[k]fluoranthene,C20H12,0,20,393,,,1249.0,11.438,relative (PAHdb experimental),,,,,10.1086/311989,matrix,CH-ip-bend (8.6 um),,,,,,,,,,
1208,matrix,PAHdb experimental 3.10 (Ar matrix),uid 393,benzo[k]fluoranthene,C20H12,0,20,393,,,1265.5,4.816,relative (PAHdb experimental),,,,,10.1086/311989,matrix,CC-stretch/CH-ip (7.7 um),,,,,,,,,,
1209,matrix,PAHdb experimental 3.10 (Ar matrix),uid 393,benzo[k]fluoranthene,C20H12,0,20,393,,,1336.5,6.02,relative (PAHdb experimental),,,,,10.1086/311989,matrix,CC-stretch/CH-ip (7.7 um),,,,,,,,,,
1210,matrix,PAHdb experimental 3.10 (Ar matrix),uid 393,benzo[k]fluoranthene,C20H12,0,20,393,,,1374.5,2.408,relative (PAHdb experimental),,,,,10.1086/311989,matrix,CC-stretch/CH-ip (7.7 um),,,,,,,,,,
1211,matrix,PAHdb experimental 3.10 (Ar matrix),uid 393,benzo[k]fluoranthene,C20H12,0,20,393,,,1408.4,4.816,relative (PAHdb experimental),,,,,10.1086/311989,matrix,CC-stretch/CH-ip (7.7 um),,,,,,,,,,
1212,matrix,PAHdb experimental 3.10 (Ar matrix),uid 393,benzo[k]fluoranthene,C20H12,0,20,393,,,1429.9,13.244,relative (PAHdb experimental),,,,,10.1086/311989,matrix,CC-stretch/CH-ip (7.7 um),,,,,,,,,,
1213,matrix,PAHdb experimental 3.10 (Ar matrix),uid 393,benzo[k]fluoranthene,C20H12,0,20,393,,,1439.6,1.204,relative (PAHdb experimental),,,,,10.1086/311989,matrix,CC-stretch/CH-ip (7.7 um),,,,,,,,,,
1214,matrix,PAHdb experimental 3.10 (Ar matrix),uid 393,benzo[k]fluoranthene,C20H12,0,20,393,,,1451.4,50.568,relative (PAHdb experimental),,,,,10.1086/311989,matrix,CC-stretch/CH-ip (7.7 um),,,,,,,,,,
1215,matrix,PAHdb experimental 3.10 (Ar matrix),uid 393,benzo[k]fluoranthene,C20H12,0,20,393,,,1464.8,0.602,relative (PAHdb experimental),,,,,10.1086/311989,matrix,CC-stretch/CH-ip (7.7 um),,,,,,,,,,
1216,matrix,PAHdb experimental 3.10 (Ar matrix),uid 393,benzo[k]fluoranthene,C20H12,0,20,393,,,1475.5,1.204,relative (PAHdb experimental),,,,,10.1086/311989,matrix,CC-stretch/CH-ip (7.7 um),,,,,,,,,,
1217,matrix,PAHdb experimental 3.10 (Ar matrix),uid 393,benzo[k]fluoranthene,C20H12,0,20,393,,,1489.7,15.05,relative (PAHdb experimental),,,,,10.1086/311989,matrix,CC-stretch/CH-ip (7.7 um),,,,,,,,,,
1218,matrix,PAHdb experimental 3.10 (Ar matrix),uid 393,benzo[k]fluoranthene,C20H12,0,20,393,,,1505.8,7.826,relative (PAHdb experimental),,,,,10.1086/311989,matrix,CC-stretch (6.2 um),,,,,,,,,,
1219,matrix,PAHdb experimental 3.10 (Ar matrix),uid 393,benzo[k]fluoranthene,C20H12,0,20,393,,,1586.0,0.602,relative (PAHdb experimental),,,,,10.1086/311989,matrix,CC-stretch (6.2 um),,,,,,,,,,
1220,matrix,PAHdb experimental 3.10 (Ar matrix),uid 393,benzo[k]fluoranthene,C20H12,0,20,393,,,1614.7,7.826,relative (PAHdb experimental),,,,,10.1086/311989,matrix,CC-stretch (6.2 um),,,,,,,,,,
1221,matrix,PAHdb experimental 3.10 (Ar matrix),uid 393,benzo[k]fluoranthene,C20H12,0,20,393,,,1692.0,0.602,relative (PAHdb experimental),,,,,10.1086/311989,matrix,overtone / combination region,,,,,,,,,,
1222,matrix,PAHdb experimental 3.10 (Ar matrix),uid 393,benzo[k]fluoranthene,C20H12,0,20,393,,,1756.1,10.234,relative (PAHdb experimental),,,,,10.1086/311989,matrix,overtone / combination region,,,,,,,,,,
1223,matrix,PAHdb experimental 3.10 (Ar matrix),uid 393,benzo[k]fluoranthene,C20H12,0,20,393,,,1770.0,0.602,relative (PAHdb experimental),,,,,10.1086/311989,matrix,overtone / combination region,,,,,,,,,,
1224,matrix,PAHdb experimental 3.10 (Ar matrix),uid 393,benzo[k]fluoranthene,C20H12,0,20,393,,,1779.1,0.602,relative (PAHdb experimental),,,,,10.1086/311989,matrix,overtone / combination region,,,,,,,,,,
1225,matrix,PAHdb experimental 3.10 (Ar matrix),uid 393,benzo[k]fluoranthene,C20H12,0,20,393,,,1784.2,0.602,relative (PAHdb experimental),,,,,10.1086/311989,matrix,overtone / combination region,,,,,,,,,,
1226,matrix,PAHdb experimental 3.10 (Ar matrix),uid 393,benzo[k]fluoranthene,C20H12,0,20,393,,,1791.5,1.204,relative (PAHdb experimental),,,,,10.1086/311989,matrix,overtone / combination region,,,,,,,,,,
1227,matrix,PAHdb experimental 3.10 (Ar matrix),uid 393,benzo[k]fluoranthene,C20H12,0,20,393,,,1799.6,0.602,relative (PAHdb experimental),,,,,10.1086/311989,matrix,overtone / combination region,,,,,,,,,,
1228,matrix,PAHdb experimental 3.10 (Ar matrix),uid 393,benzo[k]fluoranthene,C20H12,0,20,393,,,1920.1,1.204,relative (PAHdb experimental),,,,,10.1086/311989,matrix,overtone / combination region,,,,,,,,,,
1229,matrix,PAHdb experimental 3.10 (Ar matrix),uid 393,benzo[k]fluoranthene,C20H12,0,20,393,,,1924.8,1.204,relative (PAHdb experimental),,,,,10.1086/311989,matrix,overtone / combination region,,,,,,,,,,
1230,matrix,PAHdb experimental 3.10 (Ar matrix),uid 393,benzo[k]fluoranthene,C20H12,0,20,393,,,1941.8,2.408,relative (PAHdb experimental),,,,,10.1086/311989,matrix,overtone / combination region,,,,,,,,,,
1231,matrix,PAHdb experimental 3.10 (Ar matrix),uid 393,benzo[k]fluoranthene,C20H12,0,20,393,,,3069.3,150.5,relative (PAHdb experimental),,,,,10.1086/311989,matrix,CH-stretch,,,,,,,,,,
1232,matrix,PAHdb experimental 3.10 (Ar matrix),uid 395,benzo[j]fluoranthene,C20H12,0,20,395,,,508.3,12.04,relative (PAHdb experimental),,,,,10.1021/jp983483q,matrix,low / skeletal,,,,,,,,,,
1233,matrix,PAHdb experimental 3.10 (Ar matrix),uid 395,benzo[j]fluoranthene,C20H12,0,20,395,,,547.0,5.0568,relative (PAHdb experimental),,,,,10.1021/jp983483q,matrix,low / skeletal,,,,,,,,,,
1234,matrix,PAHdb experimental 3.10 (Ar matrix),uid 395,benzo[j]fluoranthene,C20H12,0,20,395,,,553.0,5.0568,relative (PAHdb experimental),,,,,10.1021/jp983483q,matrix,low / skeletal,,,,,,,,,,
1235,matrix,PAHdb experimental 3.10 (Ar matrix),uid 395,benzo[j]fluoranthene,C20H12,0,20,395,,,604.4,0.8428,relative (PAHdb experimental),,,,,10.1021/jp983483q,matrix,low / skeletal,,,,,,,,,,
1236,matrix,PAHdb experimental 3.10 (Ar matrix),uid 395,benzo[j]fluoranthene,C20H12,0,20,395,,,628.1,1.6856,relative (PAHdb experimental),,,,,10.1021/jp983483q,matrix,low / skeletal,,,,,,,,,,
1237,matrix,PAHdb experimental 3.10 (Ar matrix),uid 395,benzo[j]fluoranthene,C20H12,0,20,395,,,638.4,5.8996,relative (PAHdb experimental),,,,,10.1021/jp983483q,matrix,low / skeletal,,,,,,,,,,
1238,matrix,PAHdb experimental 3.10 (Ar matrix),uid 395,benzo[j]fluoranthene,C20H12,0,20,395,,,693.5,3.3712,relative (PAHdb experimental),,,,,10.1021/jp983483q,matrix,CH-oop (10.5-15 um; benzene nu11 at 673 included),,,,,,,,,,
1239,matrix,PAHdb experimental 3.10 (Ar matrix),uid 395,benzo[j]fluoranthene,C20H12,0,20,395,,,706.8,0.8428,relative (PAHdb experimental),,,,,10.1021/jp983483q,matrix,CH-oop (10.5-15 um; benzene nu11 at 673 included),,,,,,,,,,
1240,matrix,PAHdb experimental 3.10 (Ar matrix),uid 395,benzo[j]fluoranthene,C20H12,0,20,395,,,738.7,30.1,relative (PAHdb experimental),,,,,10.1021/jp983483q,matrix,CH-oop (10.5-15 um; benzene nu11 at 673 included),,,,,,,,,,
1241,matrix,PAHdb experimental 3.10 (Ar matrix),uid 395,benzo[j]fluoranthene,C20H12,0,20,395,,,750.1,7.826,relative (PAHdb experimental),,,,,10.1021/jp983483q,matrix,CH-oop (10.5-15 um; benzene nu11 at 673 included),,,,,,,,,,
1242,matrix,PAHdb experimental 3.10 (Ar matrix),uid 395,benzo[j]fluoranthene,C20H12,0,20,395,,,769.2,57.19,relative (PAHdb experimental),,,,,10.1021/jp983483q,matrix,CH-oop (10.5-15 um; benzene nu11 at 673 included),,,,,,,,,,
1243,matrix,PAHdb experimental 3.10 (Ar matrix),uid 395,benzo[j]fluoranthene,C20H12,0,20,395,,,791.9,5.8996,relative (PAHdb experimental),,,,,10.1021/jp983483q,matrix,CH-oop (10.5-15 um; benzene nu11 at 673 included),,,,,,,,,,
1244,matrix,PAHdb experimental 3.10 (Ar matrix),uid 395,benzo[j]fluoranthene,C20H12,0,20,395,,,805.7,0.8428,relative (PAHdb experimental),,,,,10.1021/jp983483q,matrix,CH-oop (10.5-15 um; benzene nu11 at 673 included),,,,,,,,,,
1245,matrix,PAHdb experimental 3.10 (Ar matrix),uid 395,benzo[j]fluoranthene,C20H12,0,20,395,,,815.5,84.28,relative (PAHdb experimental),,,,,10.1021/jp983483q,matrix,CH-oop (10.5-15 um; benzene nu11 at 673 included),,,,,,,,,,
1246,matrix,PAHdb experimental 3.10 (Ar matrix),uid 395,benzo[j]fluoranthene,C20H12,0,20,395,,,826.1,4.214,relative (PAHdb experimental),,,,,10.1021/jp983483q,matrix,CH-oop (10.5-15 um; benzene nu11 at 673 included),,,,,,,,,,
1247,matrix,PAHdb experimental 3.10 (Ar matrix),uid 395,benzo[j]fluoranthene,C20H12,0,20,395,,,831.7,0.8428,relative (PAHdb experimental),,,,,10.1021/jp983483q,matrix,CH-oop (10.5-15 um; benzene nu11 at 673 included),,,,,,,,,,
1248,matrix,PAHdb experimental 3.10 (Ar matrix),uid 395,benzo[j]fluoranthene,C20H12,0,20,395,,,857.6,2.5284,relative (PAHdb experimental),,,,,10.1021/jp983483q,matrix,CH-oop (10.5-15 um; benzene nu11 at 673 included),,,,,,,,,,
1249,matrix,PAHdb experimental 3.10 (Ar matrix),uid 395,benzo[j]fluoranthene,C20H12,0,20,395,,,936.4,1.6856,relative (PAHdb experimental),,,,,10.1021/jp983483q,matrix,CH-oop (10.5-15 um; benzene nu11 at 673 included),,,,,,,,,,
1250,matrix,PAHdb experimental 3.10 (Ar matrix),uid 395,benzo[j]fluoranthene,C20H12,0,20,395,,,978.4,0.8428,relative (PAHdb experimental),,,,,10.1021/jp983483q,matrix,ring / CH-ip (9-10.5 um),,,,,,,,,,
1251,matrix,PAHdb experimental 3.10 (Ar matrix),uid 395,benzo[j]fluoranthene,C20H12,0,20,395,,,1014.0,0.8428,relative (PAHdb experimental),,,,,10.1021/jp983483q,matrix,ring / CH-ip (9-10.5 um),,,,,,,,,,
1252,matrix,PAHdb experimental 3.10 (Ar matrix),uid 395,benzo[j]fluoranthene,C20H12,0,20,395,,,1028.8,5.8996,relative (PAHdb experimental),,,,,10.1021/jp983483q,matrix,ring / CH-ip (9-10.5 um),,,,,,,,,,
1253,matrix,PAHdb experimental 3.10 (Ar matrix),uid 395,benzo[j]fluoranthene,C20H12,0,20,395,,,1047.1,4.214,relative (PAHdb experimental),,,,,10.1021/jp983483q,matrix,ring / CH-ip (9-10.5 um),,,,,,,,,,
1254,matrix,PAHdb experimental 3.10 (Ar matrix),uid 395,benzo[j]fluoranthene,C20H12,0,20,395,,,1071.5,1.6856,relative (PAHdb experimental),,,,,10.1021/jp983483q,matrix,ring / CH-ip (9-10.5 um),,,,,,,,,,
1255,matrix,PAHdb experimental 3.10 (Ar matrix),uid 395,benzo[j]fluoranthene,C20H12,0,20,395,,,1131.3,0.8428,relative (PAHdb experimental),,,,,10.1021/jp983483q,matrix,CH-ip-bend (8.6 um),,,,,,,,,,
1256,matrix,PAHdb experimental 3.10 (Ar matrix),uid 395,benzo[j]fluoranthene,C20H12,0,20,395,,,1139.6,9.03,relative (PAHdb experimental),,,,,10.1021/jp983483q,matrix,CH-ip-bend (8.6 um),,,,,,,,,,
1257,matrix,PAHdb experimental 3.10 (Ar matrix),uid 395,benzo[j]fluoranthene,C20H12,0,20,395,,,1174.7,4.214,relative (PAHdb experimental),,,,,10.1021/jp983483q,matrix,CH-ip-bend (8.6 um),,,,,,,,,,
1258,matrix,PAHdb experimental 3.10 (Ar matrix),uid 395,benzo[j]fluoranthene,C20H12,0,20,395,,,1192.3,5.0568,relative (PAHdb experimental),,,,,10.1021/jp983483q,matrix,CH-ip-bend (8.6 um),,,,,,,,,,
1259,matrix,PAHdb experimental 3.10 (Ar matrix),uid 395,benzo[j]fluoranthene,C20H12,0,20,395,,,1212.6,2.5284,relative (PAHdb experimental),,,,,10.1021/jp983483q,matrix,CH-ip-bend (8.6 um),,,,,,,,,,
1260,matrix,PAHdb experimental 3.10 (Ar matrix),uid 395,benzo[j]fluoranthene,C20H12,0,20,395,,,1224.9,0.8428,relative (PAHdb experimental),,,,,10.1021/jp983483q,matrix,CH-ip-bend (8.6 um),,,,,,,,,,
1261,matrix,PAHdb experimental 3.10 (Ar matrix),uid 395,benzo[j]fluoranthene,C20H12,0,20,395,,,1289.7,4.214,relative (PAHdb experimental),,,,,10.1021/jp983483q,matrix,CC-stretch/CH-ip (7.7 um),,,,,,,,,,
1262,matrix,PAHdb experimental 3.10 (Ar matrix),uid 395,benzo[j]fluoranthene,C20H12,0,20,395,,,1325.8,3.3712,relative (PAHdb experimental),,,,,10.1021/jp983483q,matrix,CC-stretch/CH-ip (7.7 um),,,,,,,,,,
1263,matrix,PAHdb experimental 3.10 (Ar matrix),uid 395,benzo[j]fluoranthene,C20H12,0,20,395,,,1353.7,0.8428,relative (PAHdb experimental),,,,,10.1021/jp983483q,matrix,CC-stretch/CH-ip (7.7 um),,,,,,,,,,
1264,matrix,PAHdb experimental 3.10 (Ar matrix),uid 395,benzo[j]fluoranthene,C20H12,0,20,395,,,1373.3,2.5284,relative (PAHdb experimental),,,,,10.1021/jp983483q,matrix,CC-stretch/CH-ip (7.7 um),,,,,,,,,,
1265,matrix,PAHdb experimental 3.10 (Ar matrix),uid 395,benzo[j]fluoranthene,C20H12,0,20,395,,,1391.8,2.5284,relative (PAHdb experimental),,,,,10.1021/jp983483q,matrix,CC-stretch/CH-ip (7.7 um),,,,,,,,,,
1266,matrix,PAHdb experimental 3.10 (Ar matrix),uid 395,benzo[j]fluoranthene,C20H12,0,20,395,,,1411.8,1.6856,relative (PAHdb experimental),,,,,10.1021/jp983483q,matrix,CC-stretch/CH-ip (7.7 um),,,,,,,,,,
1267,matrix,PAHdb experimental 3.10 (Ar matrix),uid 395,benzo[j]fluoranthene,C20H12,0,20,395,,,1429.5,51.17,relative (PAHdb experimental),,,,,10.1021/jp983483q,matrix,CC-stretch/CH-ip (7.7 um),,,,,,,,,,
1268,matrix,PAHdb experimental 3.10 (Ar matrix),uid 395,benzo[j]fluoranthene,C20H12,0,20,395,,,1452.9,20.468,relative (PAHdb experimental),,,,,10.1021/jp983483q,matrix,CC-stretch/CH-ip (7.7 um),,,,,,,,,,
1269,matrix,PAHdb experimental 3.10 (Ar matrix),uid 395,benzo[j]fluoranthene,C20H12,0,20,395,,,1473.6,7.826,relative (PAHdb experimental),,,,,10.1021/jp983483q,matrix,CC-stretch/CH-ip (7.7 um),,,,,,,,,,
1270,matrix,PAHdb experimental 3.10 (Ar matrix),uid 395,benzo[j]fluoranthene,C20H12,0,20,395,,,1488.0,15.05,relative (PAHdb experimental),,,,,10.1021/jp983483q,matrix,CC-stretch/CH-ip (7.7 um),,,,,,,,,,
1271,matrix,PAHdb experimental 3.10 (Ar matrix),uid 395,benzo[j]fluoranthene,C20H12,0,20,395,,,1529.0,5.8996,relative (PAHdb experimental),,,,,10.1021/jp983483q,matrix,CC-stretch (6.2 um),,,,,,,,,,
1272,matrix,PAHdb experimental 3.10 (Ar matrix),uid 395,benzo[j]fluoranthene,C20H12,0,20,395,,,1561.4,3.3712,relative (PAHdb experimental),,,,,10.1021/jp983483q,matrix,CC-stretch (6.2 um),,,,,,,,,,
1273,matrix,PAHdb experimental 3.10 (Ar matrix),uid 395,benzo[j]fluoranthene,C20H12,0,20,395,,,1582.1,0.8428,relative (PAHdb experimental),,,,,10.1021/jp983483q,matrix,CC-stretch (6.2 um),,,,,,,,,,
1274,matrix,PAHdb experimental 3.10 (Ar matrix),uid 395,benzo[j]fluoranthene,C20H12,0,20,395,,,1589.3,5.0568,relative (PAHdb experimental),,,,,10.1021/jp983483q,matrix,CC-stretch (6.2 um),,,,,,,,,,
1275,matrix,PAHdb experimental 3.10 (Ar matrix),uid 395,benzo[j]fluoranthene,C20H12,0,20,395,,,1616.5,3.3712,relative (PAHdb experimental),,,,,10.1021/jp983483q,matrix,CC-stretch (6.2 um),,,,,,,,,,
1276,matrix,PAHdb experimental 3.10 (Ar matrix),uid 395,benzo[j]fluoranthene,C20H12,0,20,395,,,1673.2,0.8428,relative (PAHdb experimental),,,,,10.1021/jp983483q,matrix,overtone / combination region,,,,,,,,,,
1277,matrix,PAHdb experimental 3.10 (Ar matrix),uid 395,benzo[j]fluoranthene,C20H12,0,20,395,,,1692.5,0.8428,relative (PAHdb experimental),,,,,10.1021/jp983483q,matrix,overtone / combination region,,,,,,,,,,
1278,matrix,PAHdb experimental 3.10 (Ar matrix),uid 395,benzo[j]fluoranthene,C20H12,0,20,395,,,1756.3,1.6856,relative (PAHdb experimental),,,,,10.1021/jp983483q,matrix,overtone / combination region,,,,,,,,,,
1279,matrix,PAHdb experimental 3.10 (Ar matrix),uid 395,benzo[j]fluoranthene,C20H12,0,20,395,,,1762.4,0.8428,relative (PAHdb experimental),,,,,10.1021/jp983483q,matrix,overtone / combination region,,,,,,,,,,
1280,matrix,PAHdb experimental 3.10 (Ar matrix),uid 395,benzo[j]fluoranthene,C20H12,0,20,395,,,1798.8,2.5284,relative (PAHdb experimental),,,,,10.1021/jp983483q,matrix,overtone / combination region,,,,,,,,,,
1281,matrix,PAHdb experimental 3.10 (Ar matrix),uid 395,benzo[j]fluoranthene,C20H12,0,20,395,,,1809.2,1.6856,relative (PAHdb experimental),,,,,10.1021/jp983483q,matrix,overtone / combination region,,,,,,,,,,
1282,matrix,PAHdb experimental 3.10 (Ar matrix),uid 395,benzo[j]fluoranthene,C20H12,0,20,395,,,1828.4,0.8428,relative (PAHdb experimental),,,,,10.1021/jp983483q,matrix,overtone / combination region,,,,,,,,,,
1283,matrix,PAHdb experimental 3.10 (Ar matrix),uid 395,benzo[j]fluoranthene,C20H12,0,20,395,,,1892.5,1.6856,relative (PAHdb experimental),,,,,10.1021/jp983483q,matrix,overtone / combination region,,,,,,,,,,
1284,matrix,PAHdb experimental 3.10 (Ar matrix),uid 395,benzo[j]fluoranthene,C20H12,0,20,395,,,1924.6,1.6856,relative (PAHdb experimental),,,,,10.1021/jp983483q,matrix,overtone / combination region,,,,,,,,,,
1285,matrix,PAHdb experimental 3.10 (Ar matrix),uid 395,benzo[j]fluoranthene,C20H12,0,20,395,,,1941.3,0.8428,relative (PAHdb experimental),,,,,10.1021/jp983483q,matrix,overtone / combination region,,,,,,,,,,
1286,matrix,PAHdb experimental 3.10 (Ar matrix),uid 395,benzo[j]fluoranthene,C20H12,0,20,395,,,3058.0,132.44,relative (PAHdb experimental),,,,,10.1021/jp983483q,matrix,CH-stretch,,,,,,,,,,
1287,matrix,PAHdb experimental 3.10 (Ar matrix),uid 391,benzo[b]fluoranthene,C20H12,0,20,391,,,503.3,10.234,relative (PAHdb experimental),,,,,10.1086/311989,matrix,low / skeletal,,,,,,,,,,
1288,matrix,PAHdb experimental 3.10 (Ar matrix),uid 391,benzo[b]fluoranthene,C20H12,0,20,391,,,543.6,4.214,relative (PAHdb experimental),,,,,10.1086/311989,matrix,low / skeletal,,,,,,,,,,
1289,matrix,PAHdb experimental 3.10 (Ar matrix),uid 391,benzo[b]fluoranthene,C20H12,0,20,391,,,563.4,1.6856,relative (PAHdb experimental),,,,,10.1086/311989,matrix,low / skeletal,,,,,,,,,,
1290,matrix,PAHdb experimental 3.10 (Ar matrix),uid 391,benzo[b]fluoranthene,C20H12,0,20,391,,,591.9,1.6856,relative (PAHdb experimental),,,,,10.1086/311989,matrix,low / skeletal,,,,,,,,,,
1291,matrix,PAHdb experimental 3.10 (Ar matrix),uid 391,benzo[b]fluoranthene,C20H12,0,20,391,,,617.9,9.03,relative (PAHdb experimental),,,,,10.1086/311989,matrix,low / skeletal,,,,,,,,,,
1292,matrix,PAHdb experimental 3.10 (Ar matrix),uid 391,benzo[b]fluoranthene,C20H12,0,20,391,,,627.4,1.6856,relative (PAHdb experimental),,,,,10.1086/311989,matrix,low / skeletal,,,,,,,,,,
1293,matrix,PAHdb experimental 3.10 (Ar matrix),uid 391,benzo[b]fluoranthene,C20H12,0,20,391,,,688.6,0.8428,relative (PAHdb experimental),,,,,10.1086/311989,matrix,CH-oop (10.5-15 um; benzene nu11 at 673 included),,,,,,,,,,
1294,matrix,PAHdb experimental 3.10 (Ar matrix),uid 391,benzo[b]fluoranthene,C20H12,0,20,391,,,735.7,27.09,relative (PAHdb experimental),,,,,10.1086/311989,matrix,CH-oop (10.5-15 um; benzene nu11 at 673 included),,,,,,,,,,
1295,matrix,PAHdb experimental 3.10 (Ar matrix),uid 391,benzo[b]fluoranthene,C20H12,0,20,391,,,744.1,84.28,relative (PAHdb experimental),,,,,10.1086/311989,matrix,CH-oop (10.5-15 um; benzene nu11 at 673 included),,,,,,,,,,
1296,matrix,PAHdb experimental 3.10 (Ar matrix),uid 391,benzo[b]fluoranthene,C20H12,0,20,391,,,753.1,5.0568,relative (PAHdb experimental),,,,,10.1086/311989,matrix,CH-oop (10.5-15 um; benzene nu11 at 673 included),,,,,,,,,,
1297,matrix,PAHdb experimental 3.10 (Ar matrix),uid 391,benzo[b]fluoranthene,C20H12,0,20,391,,,762.6,3.3712,relative (PAHdb experimental),,,,,10.1086/311989,matrix,CH-oop (10.5-15 um; benzene nu11 at 673 included),,,,,,,,,,
1298,matrix,PAHdb experimental 3.10 (Ar matrix),uid 391,benzo[b]fluoranthene,C20H12,0,20,391,,,777.4,57.19,relative (PAHdb experimental),,,,,10.1086/311989,matrix,CH-oop (10.5-15 um; benzene nu11 at 673 included),,,,,,,,,,
1299,matrix,PAHdb experimental 3.10 (Ar matrix),uid 391,benzo[b]fluoranthene,C20H12,0,20,391,,,803.5,0.8428,relative (PAHdb experimental),,,,,10.1086/311989,matrix,CH-oop (10.5-15 um; benzene nu11 at 673 included),,,,,,,,,,
1300,matrix,PAHdb experimental 3.10 (Ar matrix),uid 391,benzo[b]fluoranthene,C20H12,0,20,391,,,857.8,2.5284,relative (PAHdb experimental),,,,,10.1086/311989,matrix,CH-oop (10.5-15 um; benzene nu11 at 673 included),,,,,,,,,,
1301,matrix,PAHdb experimental 3.10 (Ar matrix),uid 391,benzo[b]fluoranthene,C20H12,0,20,391,,,892.5,13.244,relative (PAHdb experimental),,,,,10.1086/311989,matrix,CH-oop (10.5-15 um; benzene nu11 at 673 included),,,,,,,,,,
1302,matrix,PAHdb experimental 3.10 (Ar matrix),uid 391,benzo[b]fluoranthene,C20H12,0,20,391,,,935.8,1.6856,relative (PAHdb experimental),,,,,10.1086/311989,matrix,CH-oop (10.5-15 um; benzene nu11 at 673 included),,,,,,,,,,
1303,matrix,PAHdb experimental 3.10 (Ar matrix),uid 391,benzo[b]fluoranthene,C20H12,0,20,391,,,946.8,2.5284,relative (PAHdb experimental),,,,,10.1086/311989,matrix,CH-oop (10.5-15 um; benzene nu11 at 673 included),,,,,,,,,,
1304,matrix,PAHdb experimental 3.10 (Ar matrix),uid 391,benzo[b]fluoranthene,C20H12,0,20,391,,,962.5,0.8428,relative (PAHdb experimental),,,,,10.1086/311989,matrix,ring / CH-ip (9-10.5 um),,,,,,,,,,
1305,matrix,PAHdb experimental 3.10 (Ar matrix),uid 391,benzo[b]fluoranthene,C20H12,0,20,391,,,1003.8,2.5284,relative (PAHdb experimental),,,,,10.1086/311989,matrix,ring / CH-ip (9-10.5 um),,,,,,,,,,
1306,matrix,PAHdb experimental 3.10 (Ar matrix),uid 391,benzo[b]fluoranthene,C20H12,0,20,391,,,1014.5,2.5284,relative (PAHdb experimental),,,,,10.1086/311989,matrix,ring / CH-ip (9-10.5 um),,,,,,,,,,
1307,matrix,PAHdb experimental 3.10 (Ar matrix),uid 391,benzo[b]fluoranthene,C20H12,0,20,391,,,1037.2,6.622,relative (PAHdb experimental),,,,,10.1086/311989,matrix,ring / CH-ip (9-10.5 um),,,,,,,,,,
1308,matrix,PAHdb experimental 3.10 (Ar matrix),uid 391,benzo[b]fluoranthene,C20H12,0,20,391,,,1105.4,2.5284,relative (PAHdb experimental),,,,,10.1086/311989,matrix,CH-ip-bend (8.6 um),,,,,,,,,,
1309,matrix,PAHdb experimental 3.10 (Ar matrix),uid 391,benzo[b]fluoranthene,C20H12,0,20,391,,,1139.0,2.5284,relative (PAHdb experimental),,,,,10.1086/311989,matrix,CH-ip-bend (8.6 um),,,,,,,,,,
1310,matrix,PAHdb experimental 3.10 (Ar matrix),uid 391,benzo[b]fluoranthene,C20H12,0,20,391,,,1150.9,6.622,relative (PAHdb experimental),,,,,10.1086/311989,matrix,CH-ip-bend (8.6 um),,,,,,,,,,
1311,matrix,PAHdb experimental 3.10 (Ar matrix),uid 391,benzo[b]fluoranthene,C20H12,0,20,391,,,1158.9,3.3712,relative (PAHdb experimental),,,,,10.1086/311989,matrix,CH-ip-bend (8.6 um),,,,,,,,,,
1312,matrix,PAHdb experimental 3.10 (Ar matrix),uid 391,benzo[b]fluoranthene,C20H12,0,20,391,,,1175.5,0.8428,relative (PAHdb experimental),,,,,10.1086/311989,matrix,CH-ip-bend (8.6 um),,,,,,,,,,
1313,matrix,PAHdb experimental 3.10 (Ar matrix),uid 391,benzo[b]fluoranthene,C20H12,0,20,391,,,1216.4,5.0568,relative (PAHdb experimental),,,,,10.1086/311989,matrix,CH-ip-bend (8.6 um),,,,,,,,,,
1314,matrix,PAHdb experimental 3.10 (Ar matrix),uid 391,benzo[b]fluoranthene,C20H12,0,20,391,,,1234.4,4.214,relative (PAHdb experimental),,,,,10.1086/311989,matrix,CH-ip-bend (8.6 um),,,,,,,,,,
1315,matrix,PAHdb experimental 3.10 (Ar matrix),uid 391,benzo[b]fluoranthene,C20H12,0,20,391,,,1241.7,1.6856,relative (PAHdb experimental),,,,,10.1086/311989,matrix,CH-ip-bend (8.6 um),,,,,,,,,,
1316,matrix,PAHdb experimental 3.10 (Ar matrix),uid 391,benzo[b]fluoranthene,C20H12,0,20,391,,,1275.3,0.8428,relative (PAHdb experimental),,,,,10.1086/311989,matrix,CC-stretch/CH-ip (7.7 um),,,,,,,,,,
1317,matrix,PAHdb experimental 3.10 (Ar matrix),uid 391,benzo[b]fluoranthene,C20H12,0,20,391,,,1314.2,0.8428,relative (PAHdb experimental),,,,,10.1086/311989,matrix,CC-stretch/CH-ip (7.7 um),,,,,,,,,,
1318,matrix,PAHdb experimental 3.10 (Ar matrix),uid 391,benzo[b]fluoranthene,C20H12,0,20,391,,,1336.4,0.8428,relative (PAHdb experimental),,,,,10.1086/311989,matrix,CC-stretch/CH-ip (7.7 um),,,,,,,,,,
1319,matrix,PAHdb experimental 3.10 (Ar matrix),uid 391,benzo[b]fluoranthene,C20H12,0,20,391,,,1361.5,3.3712,relative (PAHdb experimental),,,,,10.1086/311989,matrix,CC-stretch/CH-ip (7.7 um),,,,,,,,,,
1320,matrix,PAHdb experimental 3.10 (Ar matrix),uid 391,benzo[b]fluoranthene,C20H12,0,20,391,,,1377.5,17.458,relative (PAHdb experimental),,,,,10.1086/311989,matrix,CC-stretch/CH-ip (7.7 um),,,,,,,,,,
1321,matrix,PAHdb experimental 3.10 (Ar matrix),uid 391,benzo[b]fluoranthene,C20H12,0,20,391,,,1389.1,0.8428,relative (PAHdb experimental),,,,,10.1086/311989,matrix,CC-stretch/CH-ip (7.7 um),,,,,,,,,,
1322,matrix,PAHdb experimental 3.10 (Ar matrix),uid 391,benzo[b]fluoranthene,C20H12,0,20,391,,,1425.3,7.826,relative (PAHdb experimental),,,,,10.1086/311989,matrix,CC-stretch/CH-ip (7.7 um),,,,,,,,,,
1323,matrix,PAHdb experimental 3.10 (Ar matrix),uid 391,benzo[b]fluoranthene,C20H12,0,20,391,,,1430.7,0.8428,relative (PAHdb experimental),,,,,10.1086/311989,matrix,CC-stretch/CH-ip (7.7 um),,,,,,,,,,
1324,matrix,PAHdb experimental 3.10 (Ar matrix),uid 391,benzo[b]fluoranthene,C20H12,0,20,391,,,1442.6,25.886,relative (PAHdb experimental),,,,,10.1086/311989,matrix,CC-stretch/CH-ip (7.7 um),,,,,,,,,,
1325,matrix,PAHdb experimental 3.10 (Ar matrix),uid 391,benzo[b]fluoranthene,C20H12,0,20,391,,,1448.3,0.8428,relative (PAHdb experimental),,,,,10.1086/311989,matrix,CC-stretch/CH-ip (7.7 um),,,,,,,,,,
1326,matrix,PAHdb experimental 3.10 (Ar matrix),uid 391,benzo[b]fluoranthene,C20H12,0,20,391,,,1456.3,16.856,relative (PAHdb experimental),,,,,10.1086/311989,matrix,CC-stretch/CH-ip (7.7 um),,,,,,,,,,
1327,matrix,PAHdb experimental 3.10 (Ar matrix),uid 391,benzo[b]fluoranthene,C20H12,0,20,391,,,1464.6,9.03,relative (PAHdb experimental),,,,,10.1086/311989,matrix,CC-stretch/CH-ip (7.7 um),,,,,,,,,,
1328,matrix,PAHdb experimental 3.10 (Ar matrix),uid 391,benzo[b]fluoranthene,C20H12,0,20,391,,,1472.9,2.5284,relative (PAHdb experimental),,,,,10.1086/311989,matrix,CC-stretch/CH-ip (7.7 um),,,,,,,,,,
1329,matrix,PAHdb experimental 3.10 (Ar matrix),uid 391,benzo[b]fluoranthene,C20H12,0,20,391,,,1490.4,3.3712,relative (PAHdb experimental),,,,,10.1086/311989,matrix,CC-stretch/CH-ip (7.7 um),,,,,,,,,,
1330,matrix,PAHdb experimental 3.10 (Ar matrix),uid 391,benzo[b]fluoranthene,C20H12,0,20,391,,,1535.2,15.05,relative (PAHdb experimental),,,,,10.1086/311989,matrix,CC-stretch (6.2 um),,,,,,,,,,
1331,matrix,PAHdb experimental 3.10 (Ar matrix),uid 391,benzo[b]fluoranthene,C20H12,0,20,391,,,1599.6,3.3712,relative (PAHdb experimental),,,,,10.1086/311989,matrix,CC-stretch (6.2 um),,,,,,,,,,
1332,matrix,PAHdb experimental 3.10 (Ar matrix),uid 391,benzo[b]fluoranthene,C20H12,0,20,391,,,1605.2,1.6856,relative (PAHdb experimental),,,,,10.1086/311989,matrix,CC-stretch (6.2 um),,,,,,,,,,
1333,matrix,PAHdb experimental 3.10 (Ar matrix),uid 391,benzo[b]fluoranthene,C20H12,0,20,391,,,1611.9,0.8428,relative (PAHdb experimental),,,,,10.1086/311989,matrix,CC-stretch (6.2 um),,,,,,,,,,
1334,matrix,PAHdb experimental 3.10 (Ar matrix),uid 391,benzo[b]fluoranthene,C20H12,0,20,391,,,1689.4,0.8428,relative (PAHdb experimental),,,,,10.1086/311989,matrix,overtone / combination region,,,,,,,,,,
1335,matrix,PAHdb experimental 3.10 (Ar matrix),uid 391,benzo[b]fluoranthene,C20H12,0,20,391,,,1721.5,4.214,relative (PAHdb experimental),,,,,10.1086/311989,matrix,overtone / combination region,,,,,,,,,,
1336,matrix,PAHdb experimental 3.10 (Ar matrix),uid 391,benzo[b]fluoranthene,C20H12,0,20,391,,,1748.4,0.8428,relative (PAHdb experimental),,,,,10.1086/311989,matrix,overtone / combination region,,,,,,,,,,
1337,matrix,PAHdb experimental 3.10 (Ar matrix),uid 391,benzo[b]fluoranthene,C20H12,0,20,391,,,1768.0,0.8428,relative (PAHdb experimental),,,,,10.1086/311989,matrix,overtone / combination region,,,,,,,,,,
1338,matrix,PAHdb experimental 3.10 (Ar matrix),uid 391,benzo[b]fluoranthene,C20H12,0,20,391,,,1782.9,0.8428,relative (PAHdb experimental),,,,,10.1086/311989,matrix,overtone / combination region,,,,,,,,,,
1339,matrix,PAHdb experimental 3.10 (Ar matrix),uid 391,benzo[b]fluoranthene,C20H12,0,20,391,,,1791.3,0.8428,relative (PAHdb experimental),,,,,10.1086/311989,matrix,overtone / combination region,,,,,,,,,,
1340,matrix,PAHdb experimental 3.10 (Ar matrix),uid 391,benzo[b]fluoranthene,C20H12,0,20,391,,,1801.7,1.6856,relative (PAHdb experimental),,,,,10.1086/311989,matrix,overtone / combination region,,,,,,,,,,
1341,matrix,PAHdb experimental 3.10 (Ar matrix),uid 391,benzo[b]fluoranthene,C20H12,0,20,391,,,1831.3,0.8428,relative (PAHdb experimental),,,,,10.1086/311989,matrix,overtone / combination region,,,,,,,,,,
1342,matrix,PAHdb experimental 3.10 (Ar matrix),uid 391,benzo[b]fluoranthene,C20H12,0,20,391,,,1838.8,0.8428,relative (PAHdb experimental),,,,,10.1086/311989,matrix,overtone / combination region,,,,,,,,,,
1343,matrix,PAHdb experimental 3.10 (Ar matrix),uid 391,benzo[b]fluoranthene,C20H12,0,20,391,,,1891.8,0.8428,relative (PAHdb experimental),,,,,10.1086/311989,matrix,overtone / combination region,,,,,,,,,,
1344,matrix,PAHdb experimental 3.10 (Ar matrix),uid 391,benzo[b]fluoranthene,C20H12,0,20,391,,,1909.4,1.6856,relative (PAHdb experimental),,,,,10.1086/311989,matrix,overtone / combination region,,,,,,,,,,
1345,matrix,PAHdb experimental 3.10 (Ar matrix),uid 391,benzo[b]fluoranthene,C20H12,0,20,391,,,1922.0,4.214,relative (PAHdb experimental),,,,,10.1086/311989,matrix,overtone / combination region,,,,,,,,,,
1346,matrix,PAHdb experimental 3.10 (Ar matrix),uid 391,benzo[b]fluoranthene,C20H12,0,20,391,,,1943.3,5.8996,relative (PAHdb experimental),,,,,10.1086/311989,matrix,overtone / combination region,,,,,,,,,,
1347,matrix,PAHdb experimental 3.10 (Ar matrix),uid 391,benzo[b]fluoranthene,C20H12,0,20,391,,,3073.5,132.44,relative (PAHdb experimental),,,,,10.1086/311989,matrix,CH-stretch,,,,,,,,,,
1348,matrix,PAHdb experimental 3.10 (Ar matrix),uid 343,benzo[e]pyrene,C20H12,0,20,343,,,554.5,4.816,relative (PAHdb experimental),,,,,10.1021/jp983482y,matrix,low / skeletal,,,,,,,,,,
1349,matrix,PAHdb experimental 3.10 (Ar matrix),uid 343,benzo[e]pyrene,C20H12,0,20,343,,,570.6,6.622,relative (PAHdb experimental),,,,,10.1021/jp983482y,matrix,low / skeletal,,,,,,,,,,
1350,matrix,PAHdb experimental 3.10 (Ar matrix),uid 343,benzo[e]pyrene,C20H12,0,20,343,,,645.9,1.9264,relative (PAHdb experimental),,,,,10.1021/jp983482y,matrix,low / skeletal,,,,,,,,,,
1351,matrix,PAHdb experimental 3.10 (Ar matrix),uid 343,benzo[e]pyrene,C20H12,0,20,343,,,711.8,17.458,relative (PAHdb experimental),,,,,10.1021/jp983482y,matrix,CH-oop (10.5-15 um; benzene nu11 at 673 included),,,,,,,,,,
1352,matrix,PAHdb experimental 3.10 (Ar matrix),uid 343,benzo[e]pyrene,C20H12,0,20,343,,,748.2,96.32,relative (PAHdb experimental),,,,,10.1021/jp983482y,matrix,CH-oop (10.5-15 um; benzene nu11 at 673 included),,,,,,,,,,
1353,matrix,PAHdb experimental 3.10 (Ar matrix),uid 343,benzo[e]pyrene,C20H12,0,20,343,,,771.1,14.448,relative (PAHdb experimental),,,,,10.1021/jp983482y,matrix,CH-oop (10.5-15 um; benzene nu11 at 673 included),,,,,,,,,,
1354,matrix,PAHdb experimental 3.10 (Ar matrix),uid 343,benzo[e]pyrene,C20H12,0,20,343,,,830.1,49.364,relative (PAHdb experimental),,,,,10.1021/jp983482y,matrix,CH-oop (10.5-15 um; benzene nu11 at 673 included),,,,,,,,,,
1355,matrix,PAHdb experimental 3.10 (Ar matrix),uid 343,benzo[e]pyrene,C20H12,0,20,343,,,842.9,13.244,relative (PAHdb experimental),,,,,10.1021/jp983482y,matrix,CH-oop (10.5-15 um; benzene nu11 at 673 included),,,,,,,,,,
1356,matrix,PAHdb experimental 3.10 (Ar matrix),uid 343,benzo[e]pyrene,C20H12,0,20,343,,,848.8,0.9632,relative (PAHdb experimental),,,,,10.1021/jp983482y,matrix,CH-oop (10.5-15 um; benzene nu11 at 673 included),,,,,,,,,,
1357,matrix,PAHdb experimental 3.10 (Ar matrix),uid 343,benzo[e]pyrene,C20H12,0,20,343,,,898.2,2.8896,relative (PAHdb experimental),,,,,10.1021/jp983482y,matrix,CH-oop (10.5-15 um; benzene nu11 at 673 included),,,,,,,,,,
1358,matrix,PAHdb experimental 3.10 (Ar matrix),uid 343,benzo[e]pyrene,C20H12,0,20,343,,,949.3,1.9264,relative (PAHdb experimental),,,,,10.1021/jp983482y,matrix,CH-oop (10.5-15 um; benzene nu11 at 673 included),,,,,,,,,,
1359,matrix,PAHdb experimental 3.10 (Ar matrix),uid 343,benzo[e]pyrene,C20H12,0,20,343,,,964.6,0.9632,relative (PAHdb experimental),,,,,10.1021/jp983482y,matrix,ring / CH-ip (9-10.5 um),,,,,,,,,,
1360,matrix,PAHdb experimental 3.10 (Ar matrix),uid 343,benzo[e]pyrene,C20H12,0,20,343,,,1006.2,0.9632,relative (PAHdb experimental),,,,,10.1021/jp983482y,matrix,ring / CH-ip (9-10.5 um),,,,,,,,,,
1361,matrix,PAHdb experimental 3.10 (Ar matrix),uid 343,benzo[e]pyrene,C20H12,0,20,343,,,1037.8,3.8528,relative (PAHdb experimental),,,,,10.1021/jp983482y,matrix,ring / CH-ip (9-10.5 um),,,,,,,,,,
1362,matrix,PAHdb experimental 3.10 (Ar matrix),uid 343,benzo[e]pyrene,C20H12,0,20,343,,,1083.2,1.9264,relative (PAHdb experimental),,,,,10.1021/jp983482y,matrix,ring / CH-ip (9-10.5 um),,,,,,,,,,
1363,matrix,PAHdb experimental 3.10 (Ar matrix),uid 343,benzo[e]pyrene,C20H12,0,20,343,,,1106.9,3.8528,relative (PAHdb experimental),,,,,10.1021/jp983482y,matrix,CH-ip-bend (8.6 um),,,,,,,,,,
1364,matrix,PAHdb experimental 3.10 (Ar matrix),uid 343,benzo[e]pyrene,C20H12,0,20,343,,,1152.3,1.9264,relative (PAHdb experimental),,,,,10.1021/jp983482y,matrix,CH-ip-bend (8.6 um),,,,,,,,,,
1365,matrix,PAHdb experimental 3.10 (Ar matrix),uid 343,benzo[e]pyrene,C20H12,0,20,343,,,1183.8,1.9264,relative (PAHdb experimental),,,,,10.1021/jp983482y,matrix,CH-ip-bend (8.6 um),,,,,,,,,,
1366,matrix,PAHdb experimental 3.10 (Ar matrix),uid 343,benzo[e]pyrene,C20H12,0,20,343,,,1191.8,8.428,relative (PAHdb experimental),,,,,10.1021/jp983482y,matrix,CH-ip-bend (8.6 um),,,,,,,,,,
1367,matrix,PAHdb experimental 3.10 (Ar matrix),uid 343,benzo[e]pyrene,C20H12,0,20,343,,,1204.9,0.9632,relative (PAHdb experimental),,,,,10.1021/jp983482y,matrix,CH-ip-bend (8.6 um),,,,,,,,,,
1368,matrix,PAHdb experimental 3.10 (Ar matrix),uid 343,benzo[e]pyrene,C20H12,0,20,343,,,1267.0,0.9632,relative (PAHdb experimental),,,,,10.1021/jp983482y,matrix,CC-stretch/CH-ip (7.7 um),,,,,,,,,,
1369,matrix,PAHdb experimental 3.10 (Ar matrix),uid 343,benzo[e]pyrene,C20H12,0,20,343,,,1320.6,6.622,relative (PAHdb experimental),,,,,10.1021/jp983482y,matrix,CC-stretch/CH-ip (7.7 um),,,,,,,,,,
1370,matrix,PAHdb experimental 3.10 (Ar matrix),uid 343,benzo[e]pyrene,C20H12,0,20,343,,,1413.5,19.264,relative (PAHdb experimental),,,,,10.1021/jp983482y,matrix,CC-stretch/CH-ip (7.7 um),,,,,,,,,,
1371,matrix,PAHdb experimental 3.10 (Ar matrix),uid 343,benzo[e]pyrene,C20H12,0,20,343,,,1434.8,1.9264,relative (PAHdb experimental),,,,,10.1021/jp983482y,matrix,CC-stretch/CH-ip (7.7 um),,,,,,,,,,
1372,matrix,PAHdb experimental 3.10 (Ar matrix),uid 343,benzo[e]pyrene,C20H12,0,20,343,,,1444.1,18.06,relative (PAHdb experimental),,,,,10.1021/jp983482y,matrix,CC-stretch/CH-ip (7.7 um),,,,,,,,,,
1373,matrix,PAHdb experimental 3.10 (Ar matrix),uid 343,benzo[e]pyrene,C20H12,0,20,343,,,1478.9,7.826,relative (PAHdb experimental),,,,,10.1021/jp983482y,matrix,CC-stretch/CH-ip (7.7 um),,,,,,,,,,
1374,matrix,PAHdb experimental 3.10 (Ar matrix),uid 343,benzo[e]pyrene,C20H12,0,20,343,,,1593.2,2.8896,relative (PAHdb experimental),,,,,10.1021/jp983482y,matrix,CC-stretch (6.2 um),,,,,,,,,,
1375,matrix,PAHdb experimental 3.10 (Ar matrix),uid 343,benzo[e]pyrene,C20H12,0,20,343,,,1665.4,0.9632,relative (PAHdb experimental),,,,,10.1021/jp983482y,matrix,overtone / combination region,,,,,,,,,,
1376,matrix,PAHdb experimental 3.10 (Ar matrix),uid 343,benzo[e]pyrene,C20H12,0,20,343,,,1728.3,0.9632,relative (PAHdb experimental),,,,,10.1021/jp983482y,matrix,overtone / combination region,,,,,,,,,,
1377,matrix,PAHdb experimental 3.10 (Ar matrix),uid 343,benzo[e]pyrene,C20H12,0,20,343,,,1789.1,4.816,relative (PAHdb experimental),,,,,10.1021/jp983482y,matrix,overtone / combination region,,,,,,,,,,
1378,matrix,PAHdb experimental 3.10 (Ar matrix),uid 343,benzo[e]pyrene,C20H12,0,20,343,,,1919.9,1.9264,relative (PAHdb experimental),,,,,10.1021/jp983482y,matrix,overtone / combination region,,,,,,,,,,
1379,matrix,PAHdb experimental 3.10 (Ar matrix),uid 343,benzo[e]pyrene,C20H12,0,20,343,,,1930.5,5.7792,relative (PAHdb experimental),,,,,10.1021/jp983482y,matrix,overtone / combination region,,,,,,,,,,
1380,matrix,PAHdb experimental 3.10 (Ar matrix),uid 343,benzo[e]pyrene,C20H12,0,20,343,,,3059.7,120.4,relative (PAHdb experimental),,,,,10.1021/jp983482y,matrix,CH-stretch,,,,,,,,,,
1381,matrix,PAHdb experimental 3.10 (Ar matrix),uid 389,benzo[a]fluoranthene,C20H12,0,20,389,,,481.5,9.03,relative (PAHdb experimental),,,,,10.1086/311989,matrix,low / skeletal,,,,,,,,,,
1382,matrix,PAHdb experimental 3.10 (Ar matrix),uid 389,benzo[a]fluoranthene,C20H12,0,20,389,,,551.7,1.806,relative (PAHdb experimental),,,,,10.1086/311989,matrix,low / skeletal,,,,,,,,,,
1383,matrix,PAHdb experimental 3.10 (Ar matrix),uid 389,benzo[a]fluoranthene,C20H12,0,20,389,,,575.7,1.806,relative (PAHdb experimental),,,,,10.1086/311989,matrix,low / skeletal,,,,,,,,,,
1384,matrix,PAHdb experimental 3.10 (Ar matrix),uid 389,benzo[a]fluoranthene,C20H12,0,20,389,,,607.2,4.515,relative (PAHdb experimental),,,,,10.1086/311989,matrix,low / skeletal,,,,,,,,,,
1385,matrix,PAHdb experimental 3.10 (Ar matrix),uid 389,benzo[a]fluoranthene,C20H12,0,20,389,,,620.9,31.304,relative (PAHdb experimental),,,,,10.1086/311989,matrix,low / skeletal,,,,,,,,,,
1386,matrix,PAHdb experimental 3.10 (Ar matrix),uid 389,benzo[a]fluoranthene,C20H12,0,20,389,,,684.3,3.612,relative (PAHdb experimental),,,,,10.1086/311989,matrix,CH-oop (10.5-15 um; benzene nu11 at 673 included),,,,,,,,,,
1387,matrix,PAHdb experimental 3.10 (Ar matrix),uid 389,benzo[a]fluoranthene,C20H12,0,20,389,,,728.1,3.612,relative (PAHdb experimental),,,,,10.1086/311989,matrix,CH-oop (10.5-15 um; benzene nu11 at 673 included),,,,,,,,,,
1388,matrix,PAHdb experimental 3.10 (Ar matrix),uid 389,benzo[a]fluoranthene,C20H12,0,20,389,,,739.0,90.3,relative (PAHdb experimental),,,,,10.1086/311989,matrix,CH-oop (10.5-15 um; benzene nu11 at 673 included),,,,,,,,,,
1389,matrix,PAHdb experimental 3.10 (Ar matrix),uid 389,benzo[a]fluoranthene,C20H12,0,20,389,,,748.7,25.284,relative (PAHdb experimental),,,,,10.1086/311989,matrix,CH-oop (10.5-15 um; benzene nu11 at 673 included),,,,,,,,,,
1390,matrix,PAHdb experimental 3.10 (Ar matrix),uid 389,benzo[a]fluoranthene,C20H12,0,20,389,,,783.0,14.448,relative (PAHdb experimental),,,,,10.1086/311989,matrix,CH-oop (10.5-15 um; benzene nu11 at 673 included),,,,,,,,,,
1391,matrix,PAHdb experimental 3.10 (Ar matrix),uid 389,benzo[a]fluoranthene,C20H12,0,20,389,,,811.7,4.515,relative (PAHdb experimental),,,,,10.1086/311989,matrix,CH-oop (10.5-15 um; benzene nu11 at 673 included),,,,,,,,,,
1392,matrix,PAHdb experimental 3.10 (Ar matrix),uid 389,benzo[a]fluoranthene,C20H12,0,20,389,,,839.0,12.642,relative (PAHdb experimental),,,,,10.1086/311989,matrix,CH-oop (10.5-15 um; benzene nu11 at 673 included),,,,,,,,,,
1393,matrix,PAHdb experimental 3.10 (Ar matrix),uid 389,benzo[a]fluoranthene,C20H12,0,20,389,,,861.7,1.806,relative (PAHdb experimental),,,,,10.1086/311989,matrix,CH-oop (10.5-15 um; benzene nu11 at 673 included),,,,,,,,,,
1394,matrix,PAHdb experimental 3.10 (Ar matrix),uid 389,benzo[a]fluoranthene,C20H12,0,20,389,,,876.7,27.692,relative (PAHdb experimental),,,,,10.1086/311989,matrix,CH-oop (10.5-15 um; benzene nu11 at 673 included),,,,,,,,,,
1395,matrix,PAHdb experimental 3.10 (Ar matrix),uid 389,benzo[a]fluoranthene,C20H12,0,20,389,,,900.9,1.806,relative (PAHdb experimental),,,,,10.1086/311989,matrix,CH-oop (10.5-15 um; benzene nu11 at 673 included),,,,,,,,,,
1396,matrix,PAHdb experimental 3.10 (Ar matrix),uid 389,benzo[a]fluoranthene,C20H12,0,20,389,,,932.9,0.903,relative (PAHdb experimental),,,,,10.1086/311989,matrix,CH-oop (10.5-15 um; benzene nu11 at 673 included),,,,,,,,,,
1397,matrix,PAHdb experimental 3.10 (Ar matrix),uid 389,benzo[a]fluoranthene,C20H12,0,20,389,,,935.8,1.806,relative (PAHdb experimental),,,,,10.1086/311989,matrix,CH-oop (10.5-15 um; benzene nu11 at 673 included),,,,,,,,,,
1398,matrix,PAHdb experimental 3.10 (Ar matrix),uid 389,benzo[a]fluoranthene,C20H12,0,20,389,,,949.4,1.806,relative (PAHdb experimental),,,,,10.1086/311989,matrix,CH-oop (10.5-15 um; benzene nu11 at 673 included),,,,,,,,,,
1399,matrix,PAHdb experimental 3.10 (Ar matrix),uid 389,benzo[a]fluoranthene,C20H12,0,20,389,,,954.7,0.903,relative (PAHdb experimental),,,,,10.1086/311989,matrix,ring / CH-ip (9-10.5 um),,,,,,,,,,
1400,matrix,PAHdb experimental 3.10 (Ar matrix),uid 389,benzo[a]fluoranthene,C20H12,0,20,389,,,1013.1,7.224,relative (PAHdb experimental),,,,,10.1086/311989,matrix,ring / CH-ip (9-10.5 um),,,,,,,,,,
1401,matrix,PAHdb experimental 3.10 (Ar matrix),uid 389,benzo[a]fluoranthene,C20H12,0,20,389,,,1026.2,2.709,relative (PAHdb experimental),,,,,10.1086/311989,matrix,ring / CH-ip (9-10.5 um),,,,,,,,,,
1402,matrix,PAHdb experimental 3.10 (Ar matrix),uid 389,benzo[a]fluoranthene,C20H12,0,20,389,,,1080.0,1.806,relative (PAHdb experimental),,,,,10.1086/311989,matrix,ring / CH-ip (9-10.5 um),,,,,,,,,,
1403,matrix,PAHdb experimental 3.10 (Ar matrix),uid 389,benzo[a]fluoranthene,C20H12,0,20,389,,,1113.7,1.806,relative (PAHdb experimental),,,,,10.1086/311989,matrix,CH-ip-bend (8.6 um),,,,,,,,,,
1404,matrix,PAHdb experimental 3.10 (Ar matrix),uid 389,benzo[a]fluoranthene,C20H12,0,20,389,,,1126.2,0.903,relative (PAHdb experimental),,,,,10.1086/311989,matrix,CH-ip-bend (8.6 um),,,,,,,,,,
1405,matrix,PAHdb experimental 3.10 (Ar matrix),uid 389,benzo[a]fluoranthene,C20H12,0,20,389,,,1148.2,2.709,relative (PAHdb experimental),,,,,10.1086/311989,matrix,CH-ip-bend (8.6 um),,,,,,,,,,
1406,matrix,PAHdb experimental 3.10 (Ar matrix),uid 389,benzo[a]fluoranthene,C20H12,0,20,389,,,1157.8,2.709,relative (PAHdb experimental),,,,,10.1086/311989,matrix,CH-ip-bend (8.6 um),,,,,,,,,,
1407,matrix,PAHdb experimental 3.10 (Ar matrix),uid 389,benzo[a]fluoranthene,C20H12,0,20,389,,,1165.9,5.418,relative (PAHdb experimental),,,,,10.1086/311989,matrix,CH-ip-bend (8.6 um),,,,,,,,,,
1408,matrix,PAHdb experimental 3.10 (Ar matrix),uid 389,benzo[a]fluoranthene,C20H12,0,20,389,,,1185.3,10.836,relative (PAHdb experimental),,,,,10.1086/311989,matrix,CH-ip-bend (8.6 um),,,,,,,,,,
1409,matrix,PAHdb experimental 3.10 (Ar matrix),uid 389,benzo[a]fluoranthene,C20H12,0,20,389,,,1216.4,4.515,relative (PAHdb experimental),,,,,10.1086/311989,matrix,CH-ip-bend (8.6 um),,,,,,,,,,
1410,matrix,PAHdb experimental 3.10 (Ar matrix),uid 389,benzo[a]fluoranthene,C20H12,0,20,389,,,1304.1,2.709,relative (PAHdb experimental),,,,,10.1086/311989,matrix,CC-stretch/CH-ip (7.7 um),,,,,,,,,,
1411,matrix,PAHdb experimental 3.10 (Ar matrix),uid 389,benzo[a]fluoranthene,C20H12,0,20,389,,,1359.0,1.806,relative (PAHdb experimental),,,,,10.1086/311989,matrix,CC-stretch/CH-ip (7.7 um),,,,,,,,,,
1412,matrix,PAHdb experimental 3.10 (Ar matrix),uid 389,benzo[a]fluoranthene,C20H12,0,20,389,,,1394.0,4.515,relative (PAHdb experimental),,,,,10.1086/311989,matrix,CC-stretch/CH-ip (7.7 um),,,,,,,,,,
1413,matrix,PAHdb experimental 3.10 (Ar matrix),uid 389,benzo[a]fluoranthene,C20H12,0,20,389,,,1412.5,1.806,relative (PAHdb experimental),,,,,10.1086/311989,matrix,CC-stretch/CH-ip (7.7 um),,,,,,,,,,
1414,matrix,PAHdb experimental 3.10 (Ar matrix),uid 389,benzo[a]fluoranthene,C20H12,0,20,389,,,1418.9,1.806,relative (PAHdb experimental),,,,,10.1086/311989,matrix,CC-stretch/CH-ip (7.7 um),,,,,,,,,,
1415,matrix,PAHdb experimental 3.10 (Ar matrix),uid 389,benzo[a]fluoranthene,C20H12,0,20,389,,,1438.8,9.03,relative (PAHdb experimental),,,,,10.1086/311989,matrix,CC-stretch/CH-ip (7.7 um),,,,,,,,,,
1416,matrix,PAHdb experimental 3.10 (Ar matrix),uid 389,benzo[a]fluoranthene,C20H12,0,20,389,,,1444.1,38.528,relative (PAHdb experimental),,,,,10.1086/311989,matrix,CC-stretch/CH-ip (7.7 um),,,,,,,,,,
1417,matrix,PAHdb experimental 3.10 (Ar matrix),uid 389,benzo[a]fluoranthene,C20H12,0,20,389,,,1452.0,2.709,relative (PAHdb experimental),,,,,10.1086/311989,matrix,CC-stretch/CH-ip (7.7 um),,,,,,,,,,
1418,matrix,PAHdb experimental 3.10 (Ar matrix),uid 389,benzo[a]fluoranthene,C20H12,0,20,389,,,1463.2,24.682,relative (PAHdb experimental),,,,,10.1086/311989,matrix,CC-stretch/CH-ip (7.7 um),,,,,,,,,,
1419,matrix,PAHdb experimental 3.10 (Ar matrix),uid 389,benzo[a]fluoranthene,C20H12,0,20,389,,,1482.0,1.806,relative (PAHdb experimental),,,,,10.1086/311989,matrix,CC-stretch/CH-ip (7.7 um),,,,,,,,,,
1420,matrix,PAHdb experimental 3.10 (Ar matrix),uid 389,benzo[a]fluoranthene,C20H12,0,20,389,,,1531.5,7.224,relative (PAHdb experimental),,,,,10.1086/311989,matrix,CC-stretch (6.2 um),,,,,,,,,,
1421,matrix,PAHdb experimental 3.10 (Ar matrix),uid 389,benzo[a]fluoranthene,C20H12,0,20,389,,,1582.0,5.418,relative (PAHdb experimental),,,,,10.1086/311989,matrix,CC-stretch (6.2 um),,,,,,,,,,
1422,matrix,PAHdb experimental 3.10 (Ar matrix),uid 389,benzo[a]fluoranthene,C20H12,0,20,389,,,1592.2,3.612,relative (PAHdb experimental),,,,,10.1086/311989,matrix,CC-stretch (6.2 um),,,,,,,,,,
1423,matrix,PAHdb experimental 3.10 (Ar matrix),uid 389,benzo[a]fluoranthene,C20H12,0,20,389,,,1632.0,2.709,relative (PAHdb experimental),,,,,10.1086/311989,matrix,CC-stretch (6.2 um),,,,,,,,,,
1424,matrix,PAHdb experimental 3.10 (Ar matrix),uid 389,benzo[a]fluoranthene,C20H12,0,20,389,,,1677.1,1.806,relative (PAHdb experimental),,,,,10.1086/311989,matrix,overtone / combination region,,,,,,,,,,
1425,matrix,PAHdb experimental 3.10 (Ar matrix),uid 389,benzo[a]fluoranthene,C20H12,0,20,389,,,1688.7,1.806,relative (PAHdb experimental),,,,,10.1086/311989,matrix,overtone / combination region,,,,,,,,,,
1426,matrix,PAHdb experimental 3.10 (Ar matrix),uid 389,benzo[a]fluoranthene,C20H12,0,20,389,,,1714.9,0.903,relative (PAHdb experimental),,,,,10.1086/311989,matrix,overtone / combination region,,,,,,,,,,
1427,matrix,PAHdb experimental 3.10 (Ar matrix),uid 389,benzo[a]fluoranthene,C20H12,0,20,389,,,1752.0,1.806,relative (PAHdb experimental),,,,,10.1086/311989,matrix,overtone / combination region,,,,,,,,,,
1428,matrix,PAHdb experimental 3.10 (Ar matrix),uid 389,benzo[a]fluoranthene,C20H12,0,20,389,,,1752.0,1.806,relative (PAHdb experimental),,,,,10.1086/311989,matrix,overtone / combination region,,,,,,,,,,
1429,matrix,PAHdb experimental 3.10 (Ar matrix),uid 389,benzo[a]fluoranthene,C20H12,0,20,389,,,1779.0,0.903,relative (PAHdb experimental),,,,,10.1086/311989,matrix,overtone / combination region,,,,,,,,,,
1430,matrix,PAHdb experimental 3.10 (Ar matrix),uid 389,benzo[a]fluoranthene,C20H12,0,20,389,,,1788.4,1.806,relative (PAHdb experimental),,,,,10.1086/311989,matrix,overtone / combination region,,,,,,,,,,
1431,matrix,PAHdb experimental 3.10 (Ar matrix),uid 389,benzo[a]fluoranthene,C20H12,0,20,389,,,1806.0,4.515,relative (PAHdb experimental),,,,,10.1086/311989,matrix,overtone / combination region,,,,,,,,,,
1432,matrix,PAHdb experimental 3.10 (Ar matrix),uid 389,benzo[a]fluoranthene,C20H12,0,20,389,,,1828.3,1.806,relative (PAHdb experimental),,,,,10.1086/311989,matrix,overtone / combination region,,,,,,,,,,
1433,matrix,PAHdb experimental 3.10 (Ar matrix),uid 389,benzo[a]fluoranthene,C20H12,0,20,389,,,1863.7,2.709,relative (PAHdb experimental),,,,,10.1086/311989,matrix,overtone / combination region,,,,,,,,,,
1434,matrix,PAHdb experimental 3.10 (Ar matrix),uid 389,benzo[a]fluoranthene,C20H12,0,20,389,,,1897.2,1.806,relative (PAHdb experimental),,,,,10.1086/311989,matrix,overtone / combination region,,,,,,,,,,
1435,matrix,PAHdb experimental 3.10 (Ar matrix),uid 389,benzo[a]fluoranthene,C20H12,0,20,389,,,1921.4,3.612,relative (PAHdb experimental),,,,,10.1086/311989,matrix,overtone / combination region,,,,,,,,,,
1436,matrix,PAHdb experimental 3.10 (Ar matrix),uid 389,benzo[a]fluoranthene,C20H12,0,20,389,,,1937.4,5.418,relative (PAHdb experimental),,,,,10.1086/311989,matrix,overtone / combination region,,,,,,,,,,
1437,matrix,PAHdb experimental 3.10 (Ar matrix),uid 389,benzo[a]fluoranthene,C20H12,0,20,389,,,3059.4,150.5,relative (PAHdb experimental),,,,,10.1086/311989,matrix,CH-stretch,,,,,,,,,,
1438,matrix,PAHdb experimental 3.10 (Ar matrix),uid 396,benzo[j]fluoranthene,C20H12+,1,20,396,,,743.8,15.652,relative (PAHdb experimental),,,,,10.1021/jp993940i,matrix,CH-oop (10.5-15 um; benzene nu11 at 673 included),,,,,,,,,,
1439,matrix,PAHdb experimental 3.10 (Ar matrix),uid 396,benzo[j]fluoranthene,C20H12+,1,20,396,,,769.0,33.11,relative (PAHdb experimental),,,,,10.1021/jp993940i,matrix,CH-oop (10.5-15 um; benzene nu11 at 673 included),,,,,,,,,,
1440,matrix,PAHdb experimental 3.10 (Ar matrix),uid 396,benzo[j]fluoranthene,C20H12+,1,20,396,,,792.9,27.692,relative (PAHdb experimental),,,,,10.1021/jp993940i,matrix,CH-oop (10.5-15 um; benzene nu11 at 673 included),,,,,,,,,,
1441,matrix,PAHdb experimental 3.10 (Ar matrix),uid 396,benzo[j]fluoranthene,C20H12+,1,20,396,,,826.4,42.14,relative (PAHdb experimental),,,,,10.1021/jp993940i,matrix,CH-oop (10.5-15 um; benzene nu11 at 673 included),,,,,,,,,,
1442,matrix,PAHdb experimental 3.10 (Ar matrix),uid 396,benzo[j]fluoranthene,C20H12+,1,20,396,,,1060.2,30.1,relative (PAHdb experimental),,,,,10.1021/jp993940i,matrix,ring / CH-ip (9-10.5 um),,,,,,,,,,
1443,matrix,PAHdb experimental 3.10 (Ar matrix),uid 396,benzo[j]fluoranthene,C20H12+,1,20,396,,,1084.3,4.515,relative (PAHdb experimental),,,,,10.1021/jp993940i,matrix,ring / CH-ip (9-10.5 um),,,,,,,,,,
1444,matrix,PAHdb experimental 3.10 (Ar matrix),uid 396,benzo[j]fluoranthene,C20H12+,1,20,396,,,1090.1,21.07,relative (PAHdb experimental),,,,,10.1021/jp993940i,matrix,ring / CH-ip (9-10.5 um),,,,,,,,,,
1445,matrix,PAHdb experimental 3.10 (Ar matrix),uid 396,benzo[j]fluoranthene,C20H12+,1,20,396,,,1120.2,23.478,relative (PAHdb experimental),,,,,10.1021/jp993940i,matrix,CH-ip-bend (8.6 um),,,,,,,,,,
1446,matrix,PAHdb experimental 3.10 (Ar matrix),uid 396,benzo[j]fluoranthene,C20H12+,1,20,396,,,1153.1,33.11,relative (PAHdb experimental),,,,,10.1021/jp993940i,matrix,CH-ip-bend (8.6 um),,,,,,,,,,
1447,matrix,PAHdb experimental 3.10 (Ar matrix),uid 396,benzo[j]fluoranthene,C20H12+,1,20,396,,,1210.1,9.03,relative (PAHdb experimental),,,,,10.1021/jp993940i,matrix,CH-ip-bend (8.6 um),,,,,,,,,,
1448,matrix,PAHdb experimental 3.10 (Ar matrix),uid 396,benzo[j]fluoranthene,C20H12+,1,20,396,,,1224.4,84.28,relative (PAHdb experimental),,,,,10.1021/jp993940i,matrix,CH-ip-bend (8.6 um),,,,,,,,,,
1449,matrix,PAHdb experimental 3.10 (Ar matrix),uid 396,benzo[j]fluoranthene,C20H12+,1,20,396,,,1301.1,114.38,relative (PAHdb experimental),,,,,10.1021/jp993940i,matrix,CC-stretch/CH-ip (7.7 um),,,,,,,,,,
1450,matrix,PAHdb experimental 3.10 (Ar matrix),uid 396,benzo[j]fluoranthene,C20H12+,1,20,396,,,1330.9,26.488,relative (PAHdb experimental),,,,,10.1021/jp993940i,matrix,CC-stretch/CH-ip (7.7 um),,,,,,,,,,
1451,matrix,PAHdb experimental 3.10 (Ar matrix),uid 396,benzo[j]fluoranthene,C20H12+,1,20,396,,,1339.0,72.24,relative (PAHdb experimental),,,,,10.1021/jp993940i,matrix,CC-stretch/CH-ip (7.7 um),,,,,,,,,,
1452,matrix,PAHdb experimental 3.10 (Ar matrix),uid 396,benzo[j]fluoranthene,C20H12+,1,20,396,,,1352.8,3.913,relative (PAHdb experimental),,,,,10.1021/jp993940i,matrix,CC-stretch/CH-ip (7.7 um),,,,,,,,,,
1453,matrix,PAHdb experimental 3.10 (Ar matrix),uid 396,benzo[j]fluoranthene,C20H12+,1,20,396,,,1384.8,6.622,relative (PAHdb experimental),,,,,10.1021/jp993940i,matrix,CC-stretch/CH-ip (7.7 um),,,,,,,,,,
1454,matrix,PAHdb experimental 3.10 (Ar matrix),uid 396,benzo[j]fluoranthene,C20H12+,1,20,396,,,1397.9,301.0,relative (PAHdb experimental),,,,,10.1021/jp993940i,matrix,CC-stretch/CH-ip (7.7 um),,,,,,,,,,
1455,matrix,PAHdb experimental 3.10 (Ar matrix),uid 396,benzo[j]fluoranthene,C20H12+,1,20,396,,,1405.8,3.913,relative (PAHdb experimental),,,,,10.1021/jp993940i,matrix,CC-stretch/CH-ip (7.7 um),,,,,,,,,,
1456,matrix,PAHdb experimental 3.10 (Ar matrix),uid 396,benzo[j]fluoranthene,C20H12+,1,20,396,,,1411.2,48.16,relative (PAHdb experimental),,,,,10.1021/jp993940i,matrix,CC-stretch/CH-ip (7.7 um),,,,,,,,,,
1457,matrix,PAHdb experimental 3.10 (Ar matrix),uid 396,benzo[j]fluoranthene,C20H12+,1,20,396,,,1419.3,21.672,relative (PAHdb experimental),,,,,10.1021/jp993940i,matrix,CC-stretch/CH-ip (7.7 um),,,,,,,,,,
1458,matrix,PAHdb experimental 3.10 (Ar matrix),uid 396,benzo[j]fluoranthene,C20H12+,1,20,396,,,1439.1,222.74,relative (PAHdb experimental),,,,,10.1021/jp993940i,matrix,CC-stretch/CH-ip (7.7 um),,,,,,,,,,
1459,matrix,PAHdb experimental 3.10 (Ar matrix),uid 396,benzo[j]fluoranthene,C20H12+,1,20,396,,,1449.3,36.12,relative (PAHdb experimental),,,,,10.1021/jp993940i,matrix,CC-stretch/CH-ip (7.7 um),,,,,,,,,,
1460,matrix,PAHdb experimental 3.10 (Ar matrix),uid 396,benzo[j]fluoranthene,C20H12+,1,20,396,,,1504.7,3.913,relative (PAHdb experimental),,,,,10.1021/jp993940i,matrix,CC-stretch (6.2 um),,,,,,,,,,
1461,matrix,PAHdb experimental 3.10 (Ar matrix),uid 396,benzo[j]fluoranthene,C20H12+,1,20,396,,,1550.8,36.12,relative (PAHdb experimental),,,,,10.1021/jp993940i,matrix,CC-stretch (6.2 um),,,,,,,,,,
1462,matrix,PAHdb experimental 3.10 (Ar matrix),uid 396,benzo[j]fluoranthene,C20H12+,1,20,396,,,1575.6,96.32,relative (PAHdb experimental),,,,,10.1021/jp993940i,matrix,CC-stretch (6.2 um),,,,,,,,,,
1463,matrix,PAHdb experimental 3.10 (Ar matrix),uid 394,benzo[k]fluoranthene,C20H12+,1,20,394,,,674.6,4.6354,relative (PAHdb experimental),,,,,10.1021/jp993940i,matrix,CH-oop (10.5-15 um; benzene nu11 at 673 included),,,,,,,,,,
1464,matrix,PAHdb experimental 3.10 (Ar matrix),uid 394,benzo[k]fluoranthene,C20H12+,1,20,394,,,751.4,49.966,relative (PAHdb experimental),,,,,10.1021/jp993940i,matrix,CH-oop (10.5-15 um; benzene nu11 at 673 included),,,,,,,,,,
1465,matrix,PAHdb experimental 3.10 (Ar matrix),uid 394,benzo[k]fluoranthene,C20H12+,1,20,394,,,794.7,12.04,relative (PAHdb experimental),,,,,10.1021/jp993940i,matrix,CH-oop (10.5-15 um; benzene nu11 at 673 included),,,,,,,,,,
1466,matrix,PAHdb experimental 3.10 (Ar matrix),uid 394,benzo[k]fluoranthene,C20H12+,1,20,394,,,829.7,26.488,relative (PAHdb experimental),,,,,10.1021/jp993940i,matrix,CH-oop (10.5-15 um; benzene nu11 at 673 included),,,,,,,,,,
1467,matrix,PAHdb experimental 3.10 (Ar matrix),uid 394,benzo[k]fluoranthene,C20H12+,1,20,394,,,867.5,5.9598,relative (PAHdb experimental),,,,,10.1021/jp993940i,matrix,CH-oop (10.5-15 um; benzene nu11 at 673 included),,,,,,,,,,
1468,matrix,PAHdb experimental 3.10 (Ar matrix),uid 394,benzo[k]fluoranthene,C20H12+,1,20,394,,,909.0,9.03,relative (PAHdb experimental),,,,,10.1021/jp993940i,matrix,CH-oop (10.5-15 um; benzene nu11 at 673 included),,,,,,,,,,
1469,matrix,PAHdb experimental 3.10 (Ar matrix),uid 394,benzo[k]fluoranthene,C20H12+,1,20,394,,,1016.6,11.438,relative (PAHdb experimental),,,,,10.1021/jp993940i,matrix,ring / CH-ip (9-10.5 um),,,,,,,,,,
1470,matrix,PAHdb experimental 3.10 (Ar matrix),uid 394,benzo[k]fluoranthene,C20H12+,1,20,394,,,1033.0,12.642,relative (PAHdb experimental),,,,,10.1021/jp993940i,matrix,ring / CH-ip (9-10.5 um),,,,,,,,,,
1471,matrix,PAHdb experimental 3.10 (Ar matrix),uid 394,benzo[k]fluoranthene,C20H12+,1,20,394,,,1087.2,52.976,relative (PAHdb experimental),,,,,10.1021/jp993940i,matrix,ring / CH-ip (9-10.5 um),,,,,,,,,,
1472,matrix,PAHdb experimental 3.10 (Ar matrix),uid 394,benzo[k]fluoranthene,C20H12+,1,20,394,,,1134.1,19.866,relative (PAHdb experimental),,,,,10.1021/jp993940i,matrix,CH-ip-bend (8.6 um),,,,,,,,,,
1473,matrix,PAHdb experimental 3.10 (Ar matrix),uid 394,benzo[k]fluoranthene,C20H12+,1,20,394,,,1164.7,59.598,relative (PAHdb experimental),,,,,10.1021/jp993940i,matrix,CH-ip-bend (8.6 um),,,,,,,,,,
1474,matrix,PAHdb experimental 3.10 (Ar matrix),uid 394,benzo[k]fluoranthene,C20H12+,1,20,394,,,1173.2,4.3344,relative (PAHdb experimental),,,,,10.1021/jp993940i,matrix,CH-ip-bend (8.6 um),,,,,,,,,,
1475,matrix,PAHdb experimental 3.10 (Ar matrix),uid 394,benzo[k]fluoranthene,C20H12+,1,20,394,,,1182.1,222.74,relative (PAHdb experimental),,,,,10.1021/jp993940i,matrix,CH-ip-bend (8.6 um),,,,,,,,,,
1476,matrix,PAHdb experimental 3.10 (Ar matrix),uid 394,benzo[k]fluoranthene,C20H12+,1,20,394,,,1186.7,19.866,relative (PAHdb experimental),,,,,10.1021/jp993940i,matrix,CH-ip-bend (8.6 um),,,,,,,,,,
1477,matrix,PAHdb experimental 3.10 (Ar matrix),uid 394,benzo[k]fluoranthene,C20H12+,1,20,394,,,1204.8,12.04,relative (PAHdb experimental),,,,,10.1021/jp993940i,matrix,CH-ip-bend (8.6 um),,,,,,,,,,
1478,matrix,PAHdb experimental 3.10 (Ar matrix),uid 394,benzo[k]fluoranthene,C20H12+,1,20,394,,,1211.3,90.3,relative (PAHdb experimental),,,,,10.1021/jp993940i,matrix,CH-ip-bend (8.6 um),,,,,,,,,,
1479,matrix,PAHdb experimental 3.10 (Ar matrix),uid 394,benzo[k]fluoranthene,C20H12+,1,20,394,,,1270.3,7.826,relative (PAHdb experimental),,,,,10.1021/jp993940i,matrix,CC-stretch/CH-ip (7.7 um),,,,,,,,,,
1480,matrix,PAHdb experimental 3.10 (Ar matrix),uid 394,benzo[k]fluoranthene,C20H12+,1,20,394,,,1274.7,43.344,relative (PAHdb experimental),,,,,10.1021/jp993940i,matrix,CC-stretch/CH-ip (7.7 um),,,,,,,,,,
1481,matrix,PAHdb experimental 3.10 (Ar matrix),uid 394,benzo[k]fluoranthene,C20H12+,1,20,394,,,1292.3,331.1,relative (PAHdb experimental),,,,,10.1021/jp993940i,matrix,CC-stretch/CH-ip (7.7 um),,,,,,,,,,
1482,matrix,PAHdb experimental 3.10 (Ar matrix),uid 394,benzo[k]fluoranthene,C20H12+,1,20,394,,,1306.0,24.682,relative (PAHdb experimental),,,,,10.1021/jp993940i,matrix,CC-stretch/CH-ip (7.7 um),,,,,,,,,,
1483,matrix,PAHdb experimental 3.10 (Ar matrix),uid 394,benzo[k]fluoranthene,C20H12+,1,20,394,,,1320.7,963.2,relative (PAHdb experimental),,,,,10.1021/jp993940i,matrix,CC-stretch/CH-ip (7.7 um),,,,,,,,,,
1484,matrix,PAHdb experimental 3.10 (Ar matrix),uid 394,benzo[k]fluoranthene,C20H12+,1,20,394,,,1335.4,4.6354,relative (PAHdb experimental),,,,,10.1021/jp993940i,matrix,CC-stretch/CH-ip (7.7 um),,,,,,,,,,
1485,matrix,PAHdb experimental 3.10 (Ar matrix),uid 394,benzo[k]fluoranthene,C20H12+,1,20,394,,,1337.7,84.28,relative (PAHdb experimental),,,,,10.1021/jp993940i,matrix,CC-stretch/CH-ip (7.7 um),,,,,,,,,,
1486,matrix,PAHdb experimental 3.10 (Ar matrix),uid 394,benzo[k]fluoranthene,C20H12+,1,20,394,,,1347.3,27.692,relative (PAHdb experimental),,,,,10.1021/jp993940i,matrix,CC-stretch/CH-ip (7.7 um),,,,,,,,,,
1487,matrix,PAHdb experimental 3.10 (Ar matrix),uid 394,benzo[k]fluoranthene,C20H12+,1,20,394,,,1355.5,46.354,relative (PAHdb experimental),,,,,10.1021/jp993940i,matrix,CC-stretch/CH-ip (7.7 um),,,,,,,,,,
1488,matrix,PAHdb experimental 3.10 (Ar matrix),uid 394,benzo[k]fluoranthene,C20H12+,1,20,394,,,1382.0,108.36,relative (PAHdb experimental),,,,,10.1021/jp993940i,matrix,CC-stretch/CH-ip (7.7 um),,,,,,,,,,
1489,matrix,PAHdb experimental 3.10 (Ar matrix),uid 394,benzo[k]fluoranthene,C20H12+,1,20,394,,,1391.9,3.6722,relative (PAHdb experimental),,,,,10.1021/jp993940i,matrix,CC-stretch/CH-ip (7.7 um),,,,,,,,,,
1490,matrix,PAHdb experimental 3.10 (Ar matrix),uid 394,benzo[k]fluoranthene,C20H12+,1,20,394,,,1395.3,59.598,relative (PAHdb experimental),,,,,10.1021/jp993940i,matrix,CC-stretch/CH-ip (7.7 um),,,,,,,,,,
1491,matrix,PAHdb experimental 3.10 (Ar matrix),uid 394,benzo[k]fluoranthene,C20H12+,1,20,394,,,1405.6,4.6354,relative (PAHdb experimental),,,,,10.1021/jp993940i,matrix,CC-stretch/CH-ip (7.7 um),,,,,,,,,,
1492,matrix,PAHdb experimental 3.10 (Ar matrix),uid 394,benzo[k]fluoranthene,C20H12+,1,20,394,,,1418.8,72.24,relative (PAHdb experimental),,,,,10.1021/jp993940i,matrix,CC-stretch/CH-ip (7.7 um),,,,,,,,,,
1493,matrix,PAHdb experimental 3.10 (Ar matrix),uid 394,benzo[k]fluoranthene,C20H12+,1,20,394,,,1424.7,10.234,relative (PAHdb experimental),,,,,10.1021/jp993940i,matrix,CC-stretch/CH-ip (7.7 um),,,,,,,,,,
1494,matrix,PAHdb experimental 3.10 (Ar matrix),uid 394,benzo[k]fluoranthene,C20H12+,1,20,394,,,1513.0,46.354,relative (PAHdb experimental),,,,,10.1021/jp993940i,matrix,CC-stretch (6.2 um),,,,,,,,,,
1495,matrix,PAHdb experimental 3.10 (Ar matrix),uid 394,benzo[k]fluoranthene,C20H12+,1,20,394,,,1523.1,39.732,relative (PAHdb experimental),,,,,10.1021/jp993940i,matrix,CC-stretch (6.2 um),,,,,,,,,,
1496,matrix,PAHdb experimental 3.10 (Ar matrix),uid 394,benzo[k]fluoranthene,C20H12+,1,20,394,,,1541.3,3.01,relative (PAHdb experimental),,,,,10.1021/jp993940i,matrix,CC-stretch (6.2 um),,,,,,,,,,
1497,matrix,PAHdb experimental 3.10 (Ar matrix),uid 394,benzo[k]fluoranthene,C20H12+,1,20,394,,,1561.9,84.28,relative (PAHdb experimental),,,,,10.1021/jp993940i,matrix,CC-stretch (6.2 um),,,,,,,,,,
1498,matrix,PAHdb experimental 3.10 (Ar matrix),uid 394,benzo[k]fluoranthene,C20H12+,1,20,394,,,1571.8,12.642,relative (PAHdb experimental),,,,,10.1021/jp993940i,matrix,CC-stretch (6.2 um),,,,,,,,,,
1499,matrix,PAHdb experimental 3.10 (Ar matrix),uid 394,benzo[k]fluoranthene,C20H12+,1,20,394,,,1578.4,204.68,relative (PAHdb experimental),,,,,10.1021/jp993940i,matrix,CC-stretch (6.2 um),,,,,,,,,,
1500,matrix,PAHdb experimental 3.10 (Ar matrix),uid 367,benzo[e]pyrene,C20H12+,1,20,367,,,685.7,20.468,relative (PAHdb experimental),,,,,10.1021/j100010a011,matrix,CH-oop (10.5-15 um; benzene nu11 at 673 included),,,,,,,,,,
1501,matrix,PAHdb experimental 3.10 (Ar matrix),uid 367,benzo[e]pyrene,C20H12+,1,20,367,,,848.0,28.896,relative (PAHdb experimental),,,,,10.1021/j100010a011,matrix,CH-oop (10.5-15 um; benzene nu11 at 673 included),,,,,,,,,,
1502,matrix,PAHdb experimental 3.10 (Ar matrix),uid 367,benzo[e]pyrene,C20H12+,1,20,367,,,873.3,17.458,relative (PAHdb experimental),,,,,10.1021/j100010a011,matrix,CH-oop (10.5-15 um; benzene nu11 at 673 included),,,,,,,,,,
1503,matrix,PAHdb experimental 3.10 (Ar matrix),uid 367,benzo[e]pyrene,C20H12+,1,20,367,,,1193.9,28.294,relative (PAHdb experimental),,,,,10.1021/j100010a011,matrix,CH-ip-bend (8.6 um),,,,,,,,,,
1504,matrix,PAHdb experimental 3.10 (Ar matrix),uid 367,benzo[e]pyrene,C20H12+,1,20,367,,,1197.8,13.846,relative (PAHdb experimental),,,,,10.1021/j100010a011,matrix,CH-ip-bend (8.6 um),,,,,,,,,,
1505,matrix,PAHdb experimental 3.10 (Ar matrix),uid 367,benzo[e]pyrene,C20H12+,1,20,367,,,1264.3,19.264,relative (PAHdb experimental),,,,,10.1021/j100010a011,matrix,CC-stretch/CH-ip (7.7 um),,,,,,,,,,
1506,matrix,PAHdb experimental 3.10 (Ar matrix),uid 367,benzo[e]pyrene,C20H12+,1,20,367,,,1308.2,25.284,relative (PAHdb experimental),,,,,10.1021/j100010a011,matrix,CC-stretch/CH-ip (7.7 um),,,,,,,,,,
1507,matrix,PAHdb experimental 3.10 (Ar matrix),uid 367,benzo[e]pyrene,C20H12+,1,20,367,,,1336.0,108.36,relative (PAHdb experimental),,,,,10.1021/j100010a011,matrix,CC-stretch/CH-ip (7.7 um),,,,,,,,,,
1508,matrix,PAHdb experimental 3.10 (Ar matrix),uid 367,benzo[e]pyrene,C20H12+,1,20,367,,,1349.2,132.44,relative (PAHdb experimental),,,,,10.1021/j100010a011,matrix,CC-stretch/CH-ip (7.7 um),,,,,,,,,,
1509,matrix,PAHdb experimental 3.10 (Ar matrix),uid 367,benzo[e]pyrene,C20H12+,1,20,367,,,1357.0,20.468,relative (PAHdb experimental),,,,,10.1021/j100010a011,matrix,CC-stretch/CH-ip (7.7 um),,,,,,,,,,
1510,matrix,PAHdb experimental 3.10 (Ar matrix),uid 367,benzo[e]pyrene,C20H12+,1,20,367,,,1368.2,16.856,relative (PAHdb experimental),,,,,10.1021/j100010a011,matrix,CC-stretch/CH-ip (7.7 um),,,,,,,,,,
1511,matrix,PAHdb experimental 3.10 (Ar matrix),uid 367,benzo[e]pyrene,C20H12+,1,20,367,,,1410.5,54.782,relative (PAHdb experimental),,,,,10.1021/j100010a011,matrix,CC-stretch/CH-ip (7.7 um),,,,,,,,,,
1512,matrix,PAHdb experimental 3.10 (Ar matrix),uid 367,benzo[e]pyrene,C20H12+,1,20,367,,,1418.4,13.846,relative (PAHdb experimental),,,,,10.1021/j100010a011,matrix,CC-stretch/CH-ip (7.7 um),,,,,,,,,,
1513,matrix,PAHdb experimental 3.10 (Ar matrix),uid 367,benzo[e]pyrene,C20H12+,1,20,367,,,1435.6,13.244,relative (PAHdb experimental),,,,,10.1021/j100010a011,matrix,CC-stretch/CH-ip (7.7 um),,,,,,,,,,
1514,matrix,PAHdb experimental 3.10 (Ar matrix),uid 367,benzo[e]pyrene,C20H12+,1,20,367,,,1467.0,13.244,relative (PAHdb experimental),,,,,10.1021/j100010a011,matrix,CC-stretch/CH-ip (7.7 um),,,,,,,,,,
1515,matrix,PAHdb experimental 3.10 (Ar matrix),uid 367,benzo[e]pyrene,C20H12+,1,20,367,,,1536.0,13.244,relative (PAHdb experimental),,,,,10.1021/j100010a011,matrix,CC-stretch (6.2 um),,,,,,,,,,
1516,matrix,PAHdb experimental 3.10 (Ar matrix),uid 367,benzo[e]pyrene,C20H12+,1,20,367,,,1556.8,120.4,relative (PAHdb experimental),,,,,10.1021/j100010a011,matrix,CC-stretch (6.2 um),,,,,,,,,,
1517,matrix,PAHdb experimental 3.10 (Ar matrix),uid 392,benzo[b]fluoranthene,C20H12+,1,20,392,,,545.2,22.274,relative (PAHdb experimental),,,,,10.1021/jp993940i,matrix,low / skeletal,,,,,,,,,,
1518,matrix,PAHdb experimental 3.10 (Ar matrix),uid 392,benzo[b]fluoranthene,C20H12+,1,20,392,,,583.3,4.9966,relative (PAHdb experimental),,,,,10.1021/jp993940i,matrix,low / skeletal,,,,,,,,,,
1519,matrix,PAHdb experimental 3.10 (Ar matrix),uid 392,benzo[b]fluoranthene,C20H12+,1,20,392,,,589.5,10.836,relative (PAHdb experimental),,,,,10.1021/jp993940i,matrix,low / skeletal,,,,,,,,,,
1520,matrix,PAHdb experimental 3.10 (Ar matrix),uid 392,benzo[b]fluoranthene,C20H12+,1,20,392,,,724.4,16.254,relative (PAHdb experimental),,,,,10.1021/jp993940i,matrix,CH-oop (10.5-15 um; benzene nu11 at 673 included),,,,,,,,,,
1521,matrix,PAHdb experimental 3.10 (Ar matrix),uid 392,benzo[b]fluoranthene,C20H12+,1,20,392,,,784.5,19.264,relative (PAHdb experimental),,,,,10.1021/jp993940i,matrix,CH-oop (10.5-15 um; benzene nu11 at 673 included),,,,,,,,,,
1522,matrix,PAHdb experimental 3.10 (Ar matrix),uid 392,benzo[b]fluoranthene,C20H12+,1,20,392,,,991.8,10.836,relative (PAHdb experimental),,,,,10.1021/jp993940i,matrix,ring / CH-ip (9-10.5 um),,,,,,,,,,
1523,matrix,PAHdb experimental 3.10 (Ar matrix),uid 392,benzo[b]fluoranthene,C20H12+,1,20,392,,,1030.3,8.428,relative (PAHdb experimental),,,,,10.1021/jp993940i,matrix,ring / CH-ip (9-10.5 um),,,,,,,,,,
1524,matrix,PAHdb experimental 3.10 (Ar matrix),uid 392,benzo[b]fluoranthene,C20H12+,1,20,392,,,1070.8,4.8762,relative (PAHdb experimental),,,,,10.1021/jp993940i,matrix,ring / CH-ip (9-10.5 um),,,,,,,,,,
1525,matrix,PAHdb experimental 3.10 (Ar matrix),uid 392,benzo[b]fluoranthene,C20H12+,1,20,392,,,1093.2,60.2,relative (PAHdb experimental),,,,,10.1021/jp993940i,matrix,ring / CH-ip (9-10.5 um),,,,,,,,,,
1526,matrix,PAHdb experimental 3.10 (Ar matrix),uid 392,benzo[b]fluoranthene,C20H12+,1,20,392,,,1133.5,9.632,relative (PAHdb experimental),,,,,10.1021/jp993940i,matrix,CH-ip-bend (8.6 um),,,,,,,,,,
1527,matrix,PAHdb experimental 3.10 (Ar matrix),uid 392,benzo[b]fluoranthene,C20H12+,1,20,392,,,1141.0,18.662,relative (PAHdb experimental),,,,,10.1021/jp993940i,matrix,CH-ip-bend (8.6 um),,,,,,,,,,
1528,matrix,PAHdb experimental 3.10 (Ar matrix),uid 392,benzo[b]fluoranthene,C20H12+,1,20,392,,,1191.9,4.4548,relative (PAHdb experimental),,,,,10.1021/jp993940i,matrix,CH-ip-bend (8.6 um),,,,,,,,,,
1529,matrix,PAHdb experimental 3.10 (Ar matrix),uid 392,benzo[b]fluoranthene,C20H12+,1,20,392,,,1234.7,21.672,relative (PAHdb experimental),,,,,10.1021/jp993940i,matrix,CH-ip-bend (8.6 um),,,,,,,,,,
1530,matrix,PAHdb experimental 3.10 (Ar matrix),uid 392,benzo[b]fluoranthene,C20H12+,1,20,392,,,1260.5,24.682,relative (PAHdb experimental),,,,,10.1021/jp993940i,matrix,CC-stretch/CH-ip (7.7 um),,,,,,,,,,
1531,matrix,PAHdb experimental 3.10 (Ar matrix),uid 392,benzo[b]fluoranthene,C20H12+,1,20,392,,,1279.0,6.622,relative (PAHdb experimental),,,,,10.1021/jp993940i,matrix,CC-stretch/CH-ip (7.7 um),,,,,,,,,,
1532,matrix,PAHdb experimental 3.10 (Ar matrix),uid 392,benzo[b]fluoranthene,C20H12+,1,20,392,,,1297.3,78.26,relative (PAHdb experimental),,,,,10.1021/jp993940i,matrix,CC-stretch/CH-ip (7.7 um),,,,,,,,,,
1533,matrix,PAHdb experimental 3.10 (Ar matrix),uid 392,benzo[b]fluoranthene,C20H12+,1,20,392,,,1305.4,2.3478,relative (PAHdb experimental),,,,,10.1021/jp993940i,matrix,CC-stretch/CH-ip (7.7 um),,,,,,,,,,
1534,matrix,PAHdb experimental 3.10 (Ar matrix),uid 392,benzo[b]fluoranthene,C20H12+,1,20,392,,,1320.5,84.28,relative (PAHdb experimental),,,,,10.1021/jp993940i,matrix,CC-stretch/CH-ip (7.7 um),,,,,,,,,,
1535,matrix,PAHdb experimental 3.10 (Ar matrix),uid 392,benzo[b]fluoranthene,C20H12+,1,20,392,,,1341.3,4.5752,relative (PAHdb experimental),,,,,10.1021/jp993940i,matrix,CC-stretch/CH-ip (7.7 um),,,,,,,,,,
1536,matrix,PAHdb experimental 3.10 (Ar matrix),uid 392,benzo[b]fluoranthene,C20H12+,1,20,392,,,1388.6,1.6856,relative (PAHdb experimental),,,,,10.1021/jp993940i,matrix,CC-stretch/CH-ip (7.7 um),,,,,,,,,,
1537,matrix,PAHdb experimental 3.10 (Ar matrix),uid 392,benzo[b]fluoranthene,C20H12+,1,20,392,,,1532.0,24.682,relative (PAHdb experimental),,,,,10.1021/jp993940i,matrix,CC-stretch (6.2 um),,,,,,,,,,
1538,matrix,PAHdb experimental 3.10 (Ar matrix),uid 392,benzo[b]fluoranthene,C20H12+,1,20,392,,,1554.7,3.5518,relative (PAHdb experimental),,,,,10.1021/jp993940i,matrix,CC-stretch (6.2 um),,,,,,,,,,
1539,matrix,PAHdb experimental 3.10 (Ar matrix),uid 392,benzo[b]fluoranthene,C20H12+,1,20,392,,,1572.2,30.702,relative (PAHdb experimental),,,,,10.1021/jp993940i,matrix,CC-stretch (6.2 um),,,,,,,,,,
1540,matrix,PAHdb experimental 3.10 (Ar matrix),uid 390,benzo[a]fluoranthene,C20H12+,1,20,390,,,627.0,10.234,relative (PAHdb experimental),,,,,10.1021/jp993940i,matrix,low / skeletal,,,,,,,,,,
1541,matrix,PAHdb experimental 3.10 (Ar matrix),uid 390,benzo[a]fluoranthene,C20H12+,1,20,390,,,742.6,46.354,relative (PAHdb experimental),,,,,10.1021/jp993940i,matrix,CH-oop (10.5-15 um; benzene nu11 at 673 included),,,,,,,,,,
1542,matrix,PAHdb experimental 3.10 (Ar matrix),uid 390,benzo[a]fluoranthene,C20H12+,1,20,390,,,751.2,23.478,relative (PAHdb experimental),,,,,10.1021/jp993940i,matrix,CH-oop (10.5-15 um; benzene nu11 at 673 included),,,,,,,,,,
1543,matrix,PAHdb experimental 3.10 (Ar matrix),uid 390,benzo[a]fluoranthene,C20H12+,1,20,390,,,788.8,21.07,relative (PAHdb experimental),,,,,10.1021/jp993940i,matrix,CH-oop (10.5-15 um; benzene nu11 at 673 included),,,,,,,,,,
1544,matrix,PAHdb experimental 3.10 (Ar matrix),uid 390,benzo[a]fluoranthene,C20H12+,1,20,390,,,825.8,10.836,relative (PAHdb experimental),,,,,10.1021/jp993940i,matrix,CH-oop (10.5-15 um; benzene nu11 at 673 included),,,,,,,,,,
1545,matrix,PAHdb experimental 3.10 (Ar matrix),uid 390,benzo[a]fluoranthene,C20H12+,1,20,390,,,836.2,6.622,relative (PAHdb experimental),,,,,10.1021/jp993940i,matrix,CH-oop (10.5-15 um; benzene nu11 at 673 included),,,,,,,,,,
1546,matrix,PAHdb experimental 3.10 (Ar matrix),uid 390,benzo[a]fluoranthene,C20H12+,1,20,390,,,907.7,10.234,relative (PAHdb experimental),,,,,10.1021/jp993940i,matrix,CH-oop (10.5-15 um; benzene nu11 at 673 included),,,,,,,,,,
1547,matrix,PAHdb experimental 3.10 (Ar matrix),uid 390,benzo[a]fluoranthene,C20H12+,1,20,390,,,935.2,9.632,relative (PAHdb experimental),,,,,10.1021/jp993940i,matrix,CH-oop (10.5-15 um; benzene nu11 at 673 included),,,,,,,,,,
1548,matrix,PAHdb experimental 3.10 (Ar matrix),uid 390,benzo[a]fluoranthene,C20H12+,1,20,390,,,1100.5,90.3,relative (PAHdb experimental),,,,,10.1021/jp993940i,matrix,CH-ip-bend (8.6 um),,,,,,,,,,
1549,matrix,PAHdb experimental 3.10 (Ar matrix),uid 390,benzo[a]fluoranthene,C20H12+,1,20,390,,,1113.2,23.478,relative (PAHdb experimental),,,,,10.1021/jp993940i,matrix,CH-ip-bend (8.6 um),,,,,,,,,,
1550,matrix,PAHdb experimental 3.10 (Ar matrix),uid 390,benzo[a]fluoranthene,C20H12+,1,20,390,,,1142.6,8.428,relative (PAHdb experimental),,,,,10.1021/jp993940i,matrix,CH-ip-bend (8.6 um),,,,,,,,,,
1551,matrix,PAHdb experimental 3.10 (Ar matrix),uid 390,benzo[a]fluoranthene,C20H12+,1,20,390,,,1173.7,28.896,relative (PAHdb experimental),,,,,10.1021/jp993940i,matrix,CH-ip-bend (8.6 um),,,,,,,,,,
1552,matrix,PAHdb experimental 3.10 (Ar matrix),uid 390,benzo[a]fluoranthene,C20H12+,1,20,390,,,1184.6,28.896,relative (PAHdb experimental),,,,,10.1021/jp993940i,matrix,CH-ip-bend (8.6 um),,,,,,,,,,
1553,matrix,PAHdb experimental 3.10 (Ar matrix),uid 390,benzo[a]fluoranthene,C20H12+,1,20,390,,,1236.2,22.274,relative (PAHdb experimental),,,,,10.1021/jp993940i,matrix,CH-ip-bend (8.6 um),,,,,,,,,,
1554,matrix,PAHdb experimental 3.10 (Ar matrix),uid 390,benzo[a]fluoranthene,C20H12+,1,20,390,,,1267.7,14.448,relative (PAHdb experimental),,,,,10.1021/jp993940i,matrix,CC-stretch/CH-ip (7.7 um),,,,,,,,,,
1555,matrix,PAHdb experimental 3.10 (Ar matrix),uid 390,benzo[a]fluoranthene,C20H12+,1,20,390,,,1282.9,47.558,relative (PAHdb experimental),,,,,10.1021/jp993940i,matrix,CC-stretch/CH-ip (7.7 um),,,,,,,,,,
1556,matrix,PAHdb experimental 3.10 (Ar matrix),uid 390,benzo[a]fluoranthene,C20H12+,1,20,390,,,1305.4,39.732,relative (PAHdb experimental),,,,,10.1021/jp993940i,matrix,CC-stretch/CH-ip (7.7 um),,,,,,,,,,
1557,matrix,PAHdb experimental 3.10 (Ar matrix),uid 390,benzo[a]fluoranthene,C20H12+,1,20,390,,,1314.8,43.946,relative (PAHdb experimental),,,,,10.1021/jp993940i,matrix,CC-stretch/CH-ip (7.7 um),,,,,,,,,,
1558,matrix,PAHdb experimental 3.10 (Ar matrix),uid 390,benzo[a]fluoranthene,C20H12+,1,20,390,,,1352.3,108.36,relative (PAHdb experimental),,,,,10.1021/jp993940i,matrix,CC-stretch/CH-ip (7.7 um),,,,,,,,,,
1559,matrix,PAHdb experimental 3.10 (Ar matrix),uid 390,benzo[a]fluoranthene,C20H12+,1,20,390,,,1361.2,18.662,relative (PAHdb experimental),,,,,10.1021/jp993940i,matrix,CC-stretch/CH-ip (7.7 um),,,,,,,,,,
1560,matrix,PAHdb experimental 3.10 (Ar matrix),uid 390,benzo[a]fluoranthene,C20H12+,1,20,390,,,1372.4,26.488,relative (PAHdb experimental),,,,,10.1021/jp993940i,matrix,CC-stretch/CH-ip (7.7 um),,,,,,,,,,
1561,matrix,PAHdb experimental 3.10 (Ar matrix),uid 390,benzo[a]fluoranthene,C20H12+,1,20,390,,,1380.8,13.244,relative (PAHdb experimental),,,,,10.1021/jp993940i,matrix,CC-stretch/CH-ip (7.7 um),,,,,,,,,,
1562,matrix,PAHdb experimental 3.10 (Ar matrix),uid 390,benzo[a]fluoranthene,C20H12+,1,20,390,,,1401.1,264.88,relative (PAHdb experimental),,,,,10.1021/jp993940i,matrix,CC-stretch/CH-ip (7.7 um),,,,,,,,,,
1563,matrix,PAHdb experimental 3.10 (Ar matrix),uid 390,benzo[a]fluoranthene,C20H12+,1,20,390,,,1449.6,66.22,relative (PAHdb experimental),,,,,10.1021/jp993940i,matrix,CC-stretch/CH-ip (7.7 um),,,,,,,,,,
1564,matrix,PAHdb experimental 3.10 (Ar matrix),uid 390,benzo[a]fluoranthene,C20H12+,1,20,390,,,1455.9,6.622,relative (PAHdb experimental),,,,,10.1021/jp993940i,matrix,CC-stretch/CH-ip (7.7 um),,,,,,,,,,
1565,matrix,PAHdb experimental 3.10 (Ar matrix),uid 390,benzo[a]fluoranthene,C20H12+,1,20,390,,,1540.0,34.314,relative (PAHdb experimental),,,,,10.1021/jp993940i,matrix,CC-stretch (6.2 um),,,,,,,,,,
1566,matrix,PAHdb experimental 3.10 (Ar matrix),uid 390,benzo[a]fluoranthene,C20H12+,1,20,390,,,1560.8,14.448,relative (PAHdb experimental),,,,,10.1021/jp993940i,matrix,CC-stretch (6.2 um),,,,,,,,,,
1567,matrix,PAHdb experimental 3.10 (Ar matrix),uid 390,benzo[a]fluoranthene,C20H12+,1,20,390,,,1571.0,27.692,relative (PAHdb experimental),,,,,10.1021/jp993940i,matrix,CC-stretch (6.2 um),,,,,,,,,,
1568,matrix,PAHdb experimental 3.10 (Ar matrix),uid 390,benzo[a]fluoranthene,C20H12+,1,20,390,,,1586.5,10.234,relative (PAHdb experimental),,,,,10.1021/jp993940i,matrix,CC-stretch (6.2 um),,,,,,,,,,
1569,matrix,PAHdb experimental 3.10 (Ar matrix),uid 390,benzo[a]fluoranthene,C20H12+,1,20,390,,,1593.3,30.702,relative (PAHdb experimental),,,,,10.1021/jp993940i,matrix,CC-stretch (6.2 um),,,,,,,,,,
1570,matrix,PAHdb experimental 3.10 (Ar matrix),uid 309,dibenz[c.h]acridine,C21H13N,0,21,309,,,503.2,1.2,relative (PAHdb experimental),,,,,10.1016/j.saa.2017.03.044,matrix,low / skeletal,,,,,,,,,,
1571,matrix,PAHdb experimental 3.10 (Ar matrix),uid 309,dibenz[c.h]acridine,C21H13N,0,21,309,,,521.2,1.17,relative (PAHdb experimental),,,,,10.1016/j.saa.2017.03.044,matrix,low / skeletal,,,,,,,,,,
1572,matrix,PAHdb experimental 3.10 (Ar matrix),uid 309,dibenz[c.h]acridine,C21H13N,0,21,309,,,568.1,11.49,relative (PAHdb experimental),,,,,10.1016/j.saa.2017.03.044,matrix,low / skeletal,,,,,,,,,,
1573,matrix,PAHdb experimental 3.10 (Ar matrix),uid 309,dibenz[c.h]acridine,C21H13N,0,21,309,,,590.2,2.71,relative (PAHdb experimental),,,,,10.1016/j.saa.2017.03.044,matrix,low / skeletal,,,,,,,,,,
1574,matrix,PAHdb experimental 3.10 (Ar matrix),uid 309,dibenz[c.h]acridine,C21H13N,0,21,309,,,652.9,5.44,relative (PAHdb experimental),,,,,10.1016/j.saa.2017.03.044,matrix,CH-oop (10.5-15 um; benzene nu11 at 673 included),,,,,,,,,,
1575,matrix,PAHdb experimental 3.10 (Ar matrix),uid 309,dibenz[c.h]acridine,C21H13N,0,21,309,,,710.8,2.32,relative (PAHdb experimental),,,,,10.1016/j.saa.2017.03.044,matrix,CH-oop (10.5-15 um; benzene nu11 at 673 included),,,,,,,,,,
1576,matrix,PAHdb experimental 3.10 (Ar matrix),uid 309,dibenz[c.h]acridine,C21H13N,0,21,309,,,719.6,15.14,relative (PAHdb experimental),,,,,10.1016/j.saa.2017.03.044,matrix,CH-oop (10.5-15 um; benzene nu11 at 673 included),,,,,,,,,,
1577,matrix,PAHdb experimental 3.10 (Ar matrix),uid 309,dibenz[c.h]acridine,C21H13N,0,21,309,,,729.0,2.93,relative (PAHdb experimental),,,,,10.1016/j.saa.2017.03.044,matrix,CH-oop (10.5-15 um; benzene nu11 at 673 included),,,,,,,,,,
1578,matrix,PAHdb experimental 3.10 (Ar matrix),uid 309,dibenz[c.h]acridine,C21H13N,0,21,309,,,749.5,57.42,relative (PAHdb experimental),,,,,10.1016/j.saa.2017.03.044,matrix,CH-oop (10.5-15 um; benzene nu11 at 673 included),,,,,,,,,,
1579,matrix,PAHdb experimental 3.10 (Ar matrix),uid 309,dibenz[c.h]acridine,C21H13N,0,21,309,,,765.7,5.77,relative (PAHdb experimental),,,,,10.1016/j.saa.2017.03.044,matrix,CH-oop (10.5-15 um; benzene nu11 at 673 included),,,,,,,,,,
1580,matrix,PAHdb experimental 3.10 (Ar matrix),uid 309,dibenz[c.h]acridine,C21H13N,0,21,309,,,800.6,55.68,relative (PAHdb experimental),,,,,10.1016/j.saa.2017.03.044,matrix,CH-oop (10.5-15 um; benzene nu11 at 673 included),,,,,,,,,,
1581,matrix,PAHdb experimental 3.10 (Ar matrix),uid 309,dibenz[c.h]acridine,C21H13N,0,21,309,,,821.3,6.85,relative (PAHdb experimental),,,,,10.1016/j.saa.2017.03.044,matrix,CH-oop (10.5-15 um; benzene nu11 at 673 included),,,,,,,,,,
1582,matrix,PAHdb experimental 3.10 (Ar matrix),uid 309,dibenz[c.h]acridine,C21H13N,0,21,309,,,875.7,1.11,relative (PAHdb experimental),,,,,10.1016/j.saa.2017.03.044,matrix,CH-oop (10.5-15 um; benzene nu11 at 673 included),,,,,,,,,,
1583,matrix,PAHdb experimental 3.10 (Ar matrix),uid 309,dibenz[c.h]acridine,C21H13N,0,21,309,,,891.8,6.87,relative (PAHdb experimental),,,,,10.1016/j.saa.2017.03.044,matrix,CH-oop (10.5-15 um; benzene nu11 at 673 included),,,,,,,,,,
1584,matrix,PAHdb experimental 3.10 (Ar matrix),uid 309,dibenz[c.h]acridine,C21H13N,0,21,309,,,910.6,22.23,relative (PAHdb experimental),,,,,10.1016/j.saa.2017.03.044,matrix,CH-oop (10.5-15 um; benzene nu11 at 673 included),,,,,,,,,,
1585,matrix,PAHdb experimental 3.10 (Ar matrix),uid 309,dibenz[c.h]acridine,C21H13N,0,21,309,,,954.8,2.85,relative (PAHdb experimental),,,,,10.1016/j.saa.2017.03.044,matrix,ring / CH-ip (9-10.5 um),,,,,,,,,,
1586,matrix,PAHdb experimental 3.10 (Ar matrix),uid 309,dibenz[c.h]acridine,C21H13N,0,21,309,,,963.3,0.67,relative (PAHdb experimental),,,,,10.1016/j.saa.2017.03.044,matrix,ring / CH-ip (9-10.5 um),,,,,,,,,,
1587,matrix,PAHdb experimental 3.10 (Ar matrix),uid 309,dibenz[c.h]acridine,C21H13N,0,21,309,,,991.5,14.25,relative (PAHdb experimental),,,,,10.1016/j.saa.2017.03.044,matrix,ring / CH-ip (9-10.5 um),,,,,,,,,,
1588,matrix,PAHdb experimental 3.10 (Ar matrix),uid 309,dibenz[c.h]acridine,C21H13N,0,21,309,,,1014.6,2.85,relative (PAHdb experimental),,,,,10.1016/j.saa.2017.03.044,matrix,ring / CH-ip (9-10.5 um),,,,,,,,,,
1589,matrix,PAHdb experimental 3.10 (Ar matrix),uid 309,dibenz[c.h]acridine,C21H13N,0,21,309,,,1038.7,4.14,relative (PAHdb experimental),,,,,10.1016/j.saa.2017.03.044,matrix,ring / CH-ip (9-10.5 um),,,,,,,,,,
1590,matrix,PAHdb experimental 3.10 (Ar matrix),uid 309,dibenz[c.h]acridine,C21H13N,0,21,309,,,1105.0,1.83,relative (PAHdb experimental),,,,,10.1016/j.saa.2017.03.044,matrix,CH-ip-bend (8.6 um),,,,,,,,,,
1591,matrix,PAHdb experimental 3.10 (Ar matrix),uid 309,dibenz[c.h]acridine,C21H13N,0,21,309,,,1112.1,3.85,relative (PAHdb experimental),,,,,10.1016/j.saa.2017.03.044,matrix,CH-ip-bend (8.6 um),,,,,,,,,,
1592,matrix,PAHdb experimental 3.10 (Ar matrix),uid 309,dibenz[c.h]acridine,C21H13N,0,21,309,,,1145.8,2.89,relative (PAHdb experimental),,,,,10.1016/j.saa.2017.03.044,matrix,CH-ip-bend (8.6 um),,,,,,,,,,
1593,matrix,PAHdb experimental 3.10 (Ar matrix),uid 309,dibenz[c.h]acridine,C21H13N,0,21,309,,,1156.4,0.89,relative (PAHdb experimental),,,,,10.1016/j.saa.2017.03.044,matrix,CH-ip-bend (8.6 um),,,,,,,,,,
1594,matrix,PAHdb experimental 3.10 (Ar matrix),uid 309,dibenz[c.h]acridine,C21H13N,0,21,309,,,1175.3,4.4,relative (PAHdb experimental),,,,,10.1016/j.saa.2017.03.044,matrix,CH-ip-bend (8.6 um),,,,,,,,,,
1595,matrix,PAHdb experimental 3.10 (Ar matrix),uid 309,dibenz[c.h]acridine,C21H13N,0,21,309,,,1215.5,3.42,relative (PAHdb experimental),,,,,10.1016/j.saa.2017.03.044,matrix,CH-ip-bend (8.6 um),,,,,,,,,,
1596,matrix,PAHdb experimental 3.10 (Ar matrix),uid 309,dibenz[c.h]acridine,C21H13N,0,21,309,,,1222.4,3.01,relative (PAHdb experimental),,,,,10.1016/j.saa.2017.03.044,matrix,CH-ip-bend (8.6 um),,,,,,,,,,
1597,matrix,PAHdb experimental 3.10 (Ar matrix),uid 309,dibenz[c.h]acridine,C21H13N,0,21,309,,,1269.0,2.4,relative (PAHdb experimental),,,,,10.1016/j.saa.2017.03.044,matrix,CC-stretch/CH-ip (7.7 um),,,,,,,,,,
1598,matrix,PAHdb experimental 3.10 (Ar matrix),uid 309,dibenz[c.h]acridine,C21H13N,0,21,309,,,1315.6,1.65,relative (PAHdb experimental),,,,,10.1016/j.saa.2017.03.044,matrix,CC-stretch/CH-ip (7.7 um),,,,,,,,,,
1599,matrix,PAHdb experimental 3.10 (Ar matrix),uid 309,dibenz[c.h]acridine,C21H13N,0,21,309,,,1335.8,4.23,relative (PAHdb experimental),,,,,10.1016/j.saa.2017.03.044,matrix,CC-stretch/CH-ip (7.7 um),,,,,,,,,,
1600,matrix,PAHdb experimental 3.10 (Ar matrix),uid 309,dibenz[c.h]acridine,C21H13N,0,21,309,,,1391.0,11.5,relative (PAHdb experimental),,,,,10.1016/j.saa.2017.03.044,matrix,CC-stretch/CH-ip (7.7 um),,,,,,,,,,
1601,matrix,PAHdb experimental 3.10 (Ar matrix),uid 309,dibenz[c.h]acridine,C21H13N,0,21,309,,,1400.3,44.09,relative (PAHdb experimental),,,,,10.1016/j.saa.2017.03.044,matrix,CC-stretch/CH-ip (7.7 um),,,,,,,,,,
1602,matrix,PAHdb experimental 3.10 (Ar matrix),uid 309,dibenz[c.h]acridine,C21H13N,0,21,309,,,1418.7,1.16,relative (PAHdb experimental),,,,,10.1016/j.saa.2017.03.044,matrix,CC-stretch/CH-ip (7.7 um),,,,,,,,,,
1603,matrix,PAHdb experimental 3.10 (Ar matrix),uid 309,dibenz[c.h]acridine,C21H13N,0,21,309,,,1449.8,11.25,relative (PAHdb experimental),,,,,10.1016/j.saa.2017.03.044,matrix,CC-stretch/CH-ip (7.7 um),,,,,,,,,,
1604,matrix,PAHdb experimental 3.10 (Ar matrix),uid 309,dibenz[c.h]acridine,C21H13N,0,21,309,,,1454.4,5.96,relative (PAHdb experimental),,,,,10.1016/j.saa.2017.03.044,matrix,CC-stretch/CH-ip (7.7 um),,,,,,,,,,
1605,matrix,PAHdb experimental 3.10 (Ar matrix),uid 309,dibenz[c.h]acridine,C21H13N,0,21,309,,,1477.4,11.02,relative (PAHdb experimental),,,,,10.1016/j.saa.2017.03.044,matrix,CC-stretch/CH-ip (7.7 um),,,,,,,,,,
1606,matrix,PAHdb experimental 3.10 (Ar matrix),uid 309,dibenz[c.h]acridine,C21H13N,0,21,309,,,1481.3,25.35,relative (PAHdb experimental),,,,,10.1016/j.saa.2017.03.044,matrix,CC-stretch/CH-ip (7.7 um),,,,,,,,,,
1607,matrix,PAHdb experimental 3.10 (Ar matrix),uid 309,dibenz[c.h]acridine,C21H13N,0,21,309,,,1494.0,1.77,relative (PAHdb experimental),,,,,10.1016/j.saa.2017.03.044,matrix,CC-stretch/CH-ip (7.7 um),,,,,,,,,,
1608,matrix,PAHdb experimental 3.10 (Ar matrix),uid 309,dibenz[c.h]acridine,C21H13N,0,21,309,,,1513.4,14.85,relative (PAHdb experimental),,,,,10.1016/j.saa.2017.03.044,matrix,CC-stretch (6.2 um),,,,,,,,,,
1609,matrix,PAHdb experimental 3.10 (Ar matrix),uid 309,dibenz[c.h]acridine,C21H13N,0,21,309,,,1548.7,7.25,relative (PAHdb experimental),,,,,10.1016/j.saa.2017.03.044,matrix,CC-stretch (6.2 um),,,,,,,,,,
1610,matrix,PAHdb experimental 3.10 (Ar matrix),uid 309,dibenz[c.h]acridine,C21H13N,0,21,309,,,1569.9,3.46,relative (PAHdb experimental),,,,,10.1016/j.saa.2017.03.044,matrix,CC-stretch (6.2 um),,,,,,,,,,
1611,matrix,PAHdb experimental 3.10 (Ar matrix),uid 309,dibenz[c.h]acridine,C21H13N,0,21,309,,,1576.9,3.05,relative (PAHdb experimental),,,,,10.1016/j.saa.2017.03.044,matrix,CC-stretch (6.2 um),,,,,,,,,,
1612,matrix,PAHdb experimental 3.10 (Ar matrix),uid 309,dibenz[c.h]acridine,C21H13N,0,21,309,,,1582.7,1.73,relative (PAHdb experimental),,,,,10.1016/j.saa.2017.03.044,matrix,CC-stretch (6.2 um),,,,,,,,,,
1613,matrix,PAHdb experimental 3.10 (Ar matrix),uid 309,dibenz[c.h]acridine,C21H13N,0,21,309,,,1635.0,6.31,relative (PAHdb experimental),,,,,10.1016/j.saa.2017.03.044,matrix,CC-stretch (6.2 um),,,,,,,,,,
1614,matrix,PAHdb experimental 3.10 (Ar matrix),uid 309,dibenz[c.h]acridine,C21H13N,0,21,309,,,1713.6,1.79,relative (PAHdb experimental),,,,,10.1016/j.saa.2017.03.044,matrix,overtone / combination region,,,,,,,,,,
1615,matrix,PAHdb experimental 3.10 (Ar matrix),uid 309,dibenz[c.h]acridine,C21H13N,0,21,309,,,1726.0,0.57,relative (PAHdb experimental),,,,,10.1016/j.saa.2017.03.044,matrix,overtone / combination region,,,,,,,,,,
1616,matrix,PAHdb experimental 3.10 (Ar matrix),uid 309,dibenz[c.h]acridine,C21H13N,0,21,309,,,1751.8,5.05,relative (PAHdb experimental),,,,,10.1016/j.saa.2017.03.044,matrix,overtone / combination region,,,,,,,,,,
1617,matrix,PAHdb experimental 3.10 (Ar matrix),uid 309,dibenz[c.h]acridine,C21H13N,0,21,309,,,1767.7,5.34,relative (PAHdb experimental),,,,,10.1016/j.saa.2017.03.044,matrix,overtone / combination region,,,,,,,,,,
1618,matrix,PAHdb experimental 3.10 (Ar matrix),uid 309,dibenz[c.h]acridine,C21H13N,0,21,309,,,1776.5,3.35,relative (PAHdb experimental),,,,,10.1016/j.saa.2017.03.044,matrix,overtone / combination region,,,,,,,,,,
1619,matrix,PAHdb experimental 3.10 (Ar matrix),uid 309,dibenz[c.h]acridine,C21H13N,0,21,309,,,1818.0,0.48,relative (PAHdb experimental),,,,,10.1016/j.saa.2017.03.044,matrix,overtone / combination region,,,,,,,,,,
1620,matrix,PAHdb experimental 3.10 (Ar matrix),uid 309,dibenz[c.h]acridine,C21H13N,0,21,309,,,1827.0,1.3,relative (PAHdb experimental),,,,,10.1016/j.saa.2017.03.044,matrix,overtone / combination region,,,,,,,,,,
1621,matrix,PAHdb experimental 3.10 (Ar matrix),uid 309,dibenz[c.h]acridine,C21H13N,0,21,309,,,1837.0,1.23,relative (PAHdb experimental),,,,,10.1016/j.saa.2017.03.044,matrix,overtone / combination region,,,,,,,,,,
1622,matrix,PAHdb experimental 3.10 (Ar matrix),uid 309,dibenz[c.h]acridine,C21H13N,0,21,309,,,1856.4,1.89,relative (PAHdb experimental),,,,,10.1016/j.saa.2017.03.044,matrix,overtone / combination region,,,,,,,,,,
1623,matrix,PAHdb experimental 3.10 (Ar matrix),uid 309,dibenz[c.h]acridine,C21H13N,0,21,309,,,1864.1,0.16,relative (PAHdb experimental),,,,,10.1016/j.saa.2017.03.044,matrix,overtone / combination region,,,,,,,,,,
1624,matrix,PAHdb experimental 3.10 (Ar matrix),uid 309,dibenz[c.h]acridine,C21H13N,0,21,309,,,1873.9,0.36,relative (PAHdb experimental),,,,,10.1016/j.saa.2017.03.044,matrix,overtone / combination region,,,,,,,,,,
1625,matrix,PAHdb experimental 3.10 (Ar matrix),uid 309,dibenz[c.h]acridine,C21H13N,0,21,309,,,1905.7,1.71,relative (PAHdb experimental),,,,,10.1016/j.saa.2017.03.044,matrix,overtone / combination region,,,,,,,,,,
1626,matrix,PAHdb experimental 3.10 (Ar matrix),uid 309,dibenz[c.h]acridine,C21H13N,0,21,309,,,1912.5,2.58,relative (PAHdb experimental),,,,,10.1016/j.saa.2017.03.044,matrix,overtone / combination region,,,,,,,,,,
1627,matrix,PAHdb experimental 3.10 (Ar matrix),uid 309,dibenz[c.h]acridine,C21H13N,0,21,309,,,1923.5,1.46,relative (PAHdb experimental),,,,,10.1016/j.saa.2017.03.044,matrix,overtone / combination region,,,,,,,,,,
1628,matrix,PAHdb experimental 3.10 (Ar matrix),uid 309,dibenz[c.h]acridine,C21H13N,0,21,309,,,1932.1,2.36,relative (PAHdb experimental),,,,,10.1016/j.saa.2017.03.044,matrix,overtone / combination region,,,,,,,,,,
1629,matrix,PAHdb experimental 3.10 (Ar matrix),uid 309,dibenz[c.h]acridine,C21H13N,0,21,309,,,1943.3,0.59,relative (PAHdb experimental),,,,,10.1016/j.saa.2017.03.044,matrix,overtone / combination region,,,,,,,,,,
1630,matrix,PAHdb experimental 3.10 (Ar matrix),uid 309,dibenz[c.h]acridine,C21H13N,0,21,309,,,1963.6,2.15,relative (PAHdb experimental),,,,,10.1016/j.saa.2017.03.044,matrix,overtone / combination region,,,,,,,,,,
1631,matrix,PAHdb experimental 3.10 (Ar matrix),uid 309,dibenz[c.h]acridine,C21H13N,0,21,309,,,3059.5,91.8,relative (PAHdb experimental),,,,,10.1016/j.saa.2017.03.044,matrix,CH-stretch,,,,,,,,,,
1632,matrix,PAHdb experimental 3.10 (Ar matrix),uid 309,dibenz[c.h]acridine,C21H13N,0,21,309,,,3078.8,32.4,relative (PAHdb experimental),,,,,10.1016/j.saa.2017.03.044,matrix,CH-stretch,,,,,,,,,,
1633,matrix,PAHdb experimental 3.10 (Ar matrix),uid 833,"dibenz[a,c]acridine",C21H13N,0,21,833,,,468.9,4.74,relative (PAHdb experimental),,,,,10.1016/j.saa.2017.03.044,matrix,low / skeletal,,,,,,,,,,
1634,matrix,PAHdb experimental 3.10 (Ar matrix),uid 833,"dibenz[a,c]acridine",C21H13N,0,21,833,,,543.3,1.38,relative (PAHdb experimental),,,,,10.1016/j.saa.2017.03.044,matrix,low / skeletal,,,,,,,,,,
1635,matrix,PAHdb experimental 3.10 (Ar matrix),uid 833,"dibenz[a,c]acridine",C21H13N,0,21,833,,,550.6,4.92,relative (PAHdb experimental),,,,,10.1016/j.saa.2017.03.044,matrix,low / skeletal,,,,,,,,,,
1636,matrix,PAHdb experimental 3.10 (Ar matrix),uid 833,"dibenz[a,c]acridine",C21H13N,0,21,833,,,563.4,1.6,relative (PAHdb experimental),,,,,10.1016/j.saa.2017.03.044,matrix,low / skeletal,,,,,,,,,,
1637,matrix,PAHdb experimental 3.10 (Ar matrix),uid 833,"dibenz[a,c]acridine",C21H13N,0,21,833,,,575.7,7.64,relative (PAHdb experimental),,,,,10.1016/j.saa.2017.03.044,matrix,low / skeletal,,,,,,,,,,
1638,matrix,PAHdb experimental 3.10 (Ar matrix),uid 833,"dibenz[a,c]acridine",C21H13N,0,21,833,,,605.5,1.23,relative (PAHdb experimental),,,,,10.1016/j.saa.2017.03.044,matrix,low / skeletal,,,,,,,,,,
1639,matrix,PAHdb experimental 3.10 (Ar matrix),uid 833,"dibenz[a,c]acridine",C21H13N,0,21,833,,,618.7,3.38,relative (PAHdb experimental),,,,,10.1016/j.saa.2017.03.044,matrix,low / skeletal,,,,,,,,,,
1640,matrix,PAHdb experimental 3.10 (Ar matrix),uid 833,"dibenz[a,c]acridine",C21H13N,0,21,833,,,622.7,2.09,relative (PAHdb experimental),,,,,10.1016/j.saa.2017.03.044,matrix,low / skeletal,,,,,,,,,,
1641,matrix,PAHdb experimental 3.10 (Ar matrix),uid 833,"dibenz[a,c]acridine",C21H13N,0,21,833,,,684.4,1.2,relative (PAHdb experimental),,,,,10.1016/j.saa.2017.03.044,matrix,CH-oop (10.5-15 um; benzene nu11 at 673 included),,,,,,,,,,
1642,matrix,PAHdb experimental 3.10 (Ar matrix),uid 833,"dibenz[a,c]acridine",C21H13N,0,21,833,,,700.7,1.35,relative (PAHdb experimental),,,,,10.1016/j.saa.2017.03.044,matrix,CH-oop (10.5-15 um; benzene nu11 at 673 included),,,,,,,,,,
1643,matrix,PAHdb experimental 3.10 (Ar matrix),uid 833,"dibenz[a,c]acridine",C21H13N,0,21,833,,,722.6,36.04,relative (PAHdb experimental),,,,,10.1016/j.saa.2017.03.044,matrix,CH-oop (10.5-15 um; benzene nu11 at 673 included),,,,,,,,,,
1644,matrix,PAHdb experimental 3.10 (Ar matrix),uid 833,"dibenz[a,c]acridine",C21H13N,0,21,833,,,759.0,44.33,relative (PAHdb experimental),,,,,10.1016/j.saa.2017.03.044,matrix,CH-oop (10.5-15 um; benzene nu11 at 673 included),,,,,,,,,,
1645,matrix,PAHdb experimental 3.10 (Ar matrix),uid 833,"dibenz[a,c]acridine",C21H13N,0,21,833,,,767.6,48.82,relative (PAHdb experimental),,,,,10.1016/j.saa.2017.03.044,matrix,CH-oop (10.5-15 um; benzene nu11 at 673 included),,,,,,,,,,
1646,matrix,PAHdb experimental 3.10 (Ar matrix),uid 833,"dibenz[a,c]acridine",C21H13N,0,21,833,,,783.4,0.66,relative (PAHdb experimental),,,,,10.1016/j.saa.2017.03.044,matrix,CH-oop (10.5-15 um; benzene nu11 at 673 included),,,,,,,,,,
1647,matrix,PAHdb experimental 3.10 (Ar matrix),uid 833,"dibenz[a,c]acridine",C21H13N,0,21,833,,,802.3,4.4,relative (PAHdb experimental),,,,,10.1016/j.saa.2017.03.044,matrix,CH-oop (10.5-15 um; benzene nu11 at 673 included),,,,,,,,,,
1648,matrix,PAHdb experimental 3.10 (Ar matrix),uid 833,"dibenz[a,c]acridine",C21H13N,0,21,833,,,814.9,2.14,relative (PAHdb experimental),,,,,10.1016/j.saa.2017.03.044,matrix,CH-oop (10.5-15 um; benzene nu11 at 673 included),,,,,,,,,,
1649,matrix,PAHdb experimental 3.10 (Ar matrix),uid 833,"dibenz[a,c]acridine",C21H13N,0,21,833,,,856.3,5.67,relative (PAHdb experimental),,,,,10.1016/j.saa.2017.03.044,matrix,CH-oop (10.5-15 um; benzene nu11 at 673 included),,,,,,,,,,
1650,matrix,PAHdb experimental 3.10 (Ar matrix),uid 833,"dibenz[a,c]acridine",C21H13N,0,21,833,,,895.0,0.93,relative (PAHdb experimental),,,,,10.1016/j.saa.2017.03.044,matrix,CH-oop (10.5-15 um; benzene nu11 at 673 included),,,,,,,,,,
1651,matrix,PAHdb experimental 3.10 (Ar matrix),uid 833,"dibenz[a,c]acridine",C21H13N,0,21,833,,,904.5,8.15,relative (PAHdb experimental),,,,,10.1016/j.saa.2017.03.044,matrix,CH-oop (10.5-15 um; benzene nu11 at 673 included),,,,,,,,,,
1652,matrix,PAHdb experimental 3.10 (Ar matrix),uid 833,"dibenz[a,c]acridine",C21H13N,0,21,833,,,943.0,0.57,relative (PAHdb experimental),,,,,10.1016/j.saa.2017.03.044,matrix,CH-oop (10.5-15 um; benzene nu11 at 673 included),,,,,,,,,,
1653,matrix,PAHdb experimental 3.10 (Ar matrix),uid 833,"dibenz[a,c]acridine",C21H13N,0,21,833,,,953.9,1.5,relative (PAHdb experimental),,,,,10.1016/j.saa.2017.03.044,matrix,ring / CH-ip (9-10.5 um),,,,,,,,,,
1654,matrix,PAHdb experimental 3.10 (Ar matrix),uid 833,"dibenz[a,c]acridine",C21H13N,0,21,833,,,957.8,1.72,relative (PAHdb experimental),,,,,10.1016/j.saa.2017.03.044,matrix,ring / CH-ip (9-10.5 um),,,,,,,,,,
1655,matrix,PAHdb experimental 3.10 (Ar matrix),uid 833,"dibenz[a,c]acridine",C21H13N,0,21,833,,,965.3,2.13,relative (PAHdb experimental),,,,,10.1016/j.saa.2017.03.044,matrix,ring / CH-ip (9-10.5 um),,,,,,,,,,
1656,matrix,PAHdb experimental 3.10 (Ar matrix),uid 833,"dibenz[a,c]acridine",C21H13N,0,21,833,,,985.0,0.2,relative (PAHdb experimental),,,,,10.1016/j.saa.2017.03.044,matrix,ring / CH-ip (9-10.5 um),,,,,,,,,,
1657,matrix,PAHdb experimental 3.10 (Ar matrix),uid 833,"dibenz[a,c]acridine",C21H13N,0,21,833,,,994.0,1.1,relative (PAHdb experimental),,,,,10.1016/j.saa.2017.03.044,matrix,ring / CH-ip (9-10.5 um),,,,,,,,,,
1658,matrix,PAHdb experimental 3.10 (Ar matrix),uid 833,"dibenz[a,c]acridine",C21H13N,0,21,833,,,1008.1,2.01,relative (PAHdb experimental),,,,,10.1016/j.saa.2017.03.044,matrix,ring / CH-ip (9-10.5 um),,,,,,,,,,
1659,matrix,PAHdb experimental 3.10 (Ar matrix),uid 833,"dibenz[a,c]acridine",C21H13N,0,21,833,,,1038.2,11.71,relative (PAHdb experimental),,,,,10.1016/j.saa.2017.03.044,matrix,ring / CH-ip (9-10.5 um),,,,,,,,,,
1660,matrix,PAHdb experimental 3.10 (Ar matrix),uid 833,"dibenz[a,c]acridine",C21H13N,0,21,833,,,1052.3,4.46,relative (PAHdb experimental),,,,,10.1016/j.saa.2017.03.044,matrix,ring / CH-ip (9-10.5 um),,,,,,,,,,
1661,matrix,PAHdb experimental 3.10 (Ar matrix),uid 833,"dibenz[a,c]acridine",C21H13N,0,21,833,,,1093.9,0.23,relative (PAHdb experimental),,,,,10.1016/j.saa.2017.03.044,matrix,ring / CH-ip (9-10.5 um),,,,,,,,,,
1662,matrix,PAHdb experimental 3.10 (Ar matrix),uid 833,"dibenz[a,c]acridine",C21H13N,0,21,833,,,1111.2,1.78,relative (PAHdb experimental),,,,,10.1016/j.saa.2017.03.044,matrix,CH-ip-bend (8.6 um),,,,,,,,,,
1663,matrix,PAHdb experimental 3.10 (Ar matrix),uid 833,"dibenz[a,c]acridine",C21H13N,0,21,833,,,1134.3,5.73,relative (PAHdb experimental),,,,,10.1016/j.saa.2017.03.044,matrix,CH-ip-bend (8.6 um),,,,,,,,,,
1664,matrix,PAHdb experimental 3.10 (Ar matrix),uid 833,"dibenz[a,c]acridine",C21H13N,0,21,833,,,1148.4,3.76,relative (PAHdb experimental),,,,,10.1016/j.saa.2017.03.044,matrix,CH-ip-bend (8.6 um),,,,,,,,,,
1665,matrix,PAHdb experimental 3.10 (Ar matrix),uid 833,"dibenz[a,c]acridine",C21H13N,0,21,833,,,1162.8,1.35,relative (PAHdb experimental),,,,,10.1016/j.saa.2017.03.044,matrix,CH-ip-bend (8.6 um),,,,,,,,,,
1666,matrix,PAHdb experimental 3.10 (Ar matrix),uid 833,"dibenz[a,c]acridine",C21H13N,0,21,833,,,1172.6,1.66,relative (PAHdb experimental),,,,,10.1016/j.saa.2017.03.044,matrix,CH-ip-bend (8.6 um),,,,,,,,,,
1667,matrix,PAHdb experimental 3.10 (Ar matrix),uid 833,"dibenz[a,c]acridine",C21H13N,0,21,833,,,1201.5,3.41,relative (PAHdb experimental),,,,,10.1016/j.saa.2017.03.044,matrix,CH-ip-bend (8.6 um),,,,,,,,,,
1668,matrix,PAHdb experimental 3.10 (Ar matrix),uid 833,"dibenz[a,c]acridine",C21H13N,0,21,833,,,1225.0,1.06,relative (PAHdb experimental),,,,,10.1016/j.saa.2017.03.044,matrix,CH-ip-bend (8.6 um),,,,,,,,,,
1669,matrix,PAHdb experimental 3.10 (Ar matrix),uid 833,"dibenz[a,c]acridine",C21H13N,0,21,833,,,1238.8,1.57,relative (PAHdb experimental),,,,,10.1016/j.saa.2017.03.044,matrix,CH-ip-bend (8.6 um),,,,,,,,,,
1670,matrix,PAHdb experimental 3.10 (Ar matrix),uid 833,"dibenz[a,c]acridine",C21H13N,0,21,833,,,1245.3,0.89,relative (PAHdb experimental),,,,,10.1016/j.saa.2017.03.044,matrix,CH-ip-bend (8.6 um),,,,,,,,,,
1671,matrix,PAHdb experimental 3.10 (Ar matrix),uid 833,"dibenz[a,c]acridine",C21H13N,0,21,833,,,1253.7,0.18,relative (PAHdb experimental),,,,,10.1016/j.saa.2017.03.044,matrix,CC-stretch/CH-ip (7.7 um),,,,,,,,,,
1672,matrix,PAHdb experimental 3.10 (Ar matrix),uid 833,"dibenz[a,c]acridine",C21H13N,0,21,833,,,1261.9,2.58,relative (PAHdb experimental),,,,,10.1016/j.saa.2017.03.044,matrix,CC-stretch/CH-ip (7.7 um),,,,,,,,,,
1673,matrix,PAHdb experimental 3.10 (Ar matrix),uid 833,"dibenz[a,c]acridine",C21H13N,0,21,833,,,1288.8,0.72,relative (PAHdb experimental),,,,,10.1016/j.saa.2017.03.044,matrix,CC-stretch/CH-ip (7.7 um),,,,,,,,,,
1674,matrix,PAHdb experimental 3.10 (Ar matrix),uid 833,"dibenz[a,c]acridine",C21H13N,0,21,833,,,1304.7,3.56,relative (PAHdb experimental),,,,,10.1016/j.saa.2017.03.044,matrix,CC-stretch/CH-ip (7.7 um),,,,,,,,,,
1675,matrix,PAHdb experimental 3.10 (Ar matrix),uid 833,"dibenz[a,c]acridine",C21H13N,0,21,833,,,1311.0,3.19,relative (PAHdb experimental),,,,,10.1016/j.saa.2017.03.044,matrix,CC-stretch/CH-ip (7.7 um),,,,,,,,,,
1676,matrix,PAHdb experimental 3.10 (Ar matrix),uid 833,"dibenz[a,c]acridine",C21H13N,0,21,833,,,1329.2,0.39,relative (PAHdb experimental),,,,,10.1016/j.saa.2017.03.044,matrix,CC-stretch/CH-ip (7.7 um),,,,,,,,,,
1677,matrix,PAHdb experimental 3.10 (Ar matrix),uid 833,"dibenz[a,c]acridine",C21H13N,0,21,833,,,1348.8,12.57,relative (PAHdb experimental),,,,,10.1016/j.saa.2017.03.044,matrix,CC-stretch/CH-ip (7.7 um),,,,,,,,,,
1678,matrix,PAHdb experimental 3.10 (Ar matrix),uid 833,"dibenz[a,c]acridine",C21H13N,0,21,833,,,1383.2,25.39,relative (PAHdb experimental),,,,,10.1016/j.saa.2017.03.044,matrix,CC-stretch/CH-ip (7.7 um),,,,,,,,,,
1679,matrix,PAHdb experimental 3.10 (Ar matrix),uid 833,"dibenz[a,c]acridine",C21H13N,0,21,833,,,1391.5,9.21,relative (PAHdb experimental),,,,,10.1016/j.saa.2017.03.044,matrix,CC-stretch/CH-ip (7.7 um),,,,,,,,,,
1680,matrix,PAHdb experimental 3.10 (Ar matrix),uid 833,"dibenz[a,c]acridine",C21H13N,0,21,833,,,1398.9,2.69,relative (PAHdb experimental),,,,,10.1016/j.saa.2017.03.044,matrix,CC-stretch/CH-ip (7.7 um),,,,,,,,,,
1681,matrix,PAHdb experimental 3.10 (Ar matrix),uid 833,"dibenz[a,c]acridine",C21H13N,0,21,833,,,1415.0,31.5,relative (PAHdb experimental),,,,,10.1016/j.saa.2017.03.044,matrix,CC-stretch/CH-ip (7.7 um),,,,,,,,,,
1682,matrix,PAHdb experimental 3.10 (Ar matrix),uid 833,"dibenz[a,c]acridine",C21H13N,0,21,833,,,1449.0,15.87,relative (PAHdb experimental),,,,,10.1016/j.saa.2017.03.044,matrix,CC-stretch/CH-ip (7.7 um),,,,,,,,,,
1683,matrix,PAHdb experimental 3.10 (Ar matrix),uid 833,"dibenz[a,c]acridine",C21H13N,0,21,833,,,1463.6,4.13,relative (PAHdb experimental),,,,,10.1016/j.saa.2017.03.044,matrix,CC-stretch/CH-ip (7.7 um),,,,,,,,,,
1684,matrix,PAHdb experimental 3.10 (Ar matrix),uid 833,"dibenz[a,c]acridine",C21H13N,0,21,833,,,1476.6,3.63,relative (PAHdb experimental),,,,,10.1016/j.saa.2017.03.044,matrix,CC-stretch/CH-ip (7.7 um),,,,,,,,,,
1685,matrix,PAHdb experimental 3.10 (Ar matrix),uid 833,"dibenz[a,c]acridine",C21H13N,0,21,833,,,1495.5,12.77,relative (PAHdb experimental),,,,,10.1016/j.saa.2017.03.044,matrix,CC-stretch/CH-ip (7.7 um),,,,,,,,,,
1686,matrix,PAHdb experimental 3.10 (Ar matrix),uid 833,"dibenz[a,c]acridine",C21H13N,0,21,833,,,1509.9,36.45,relative (PAHdb experimental),,,,,10.1016/j.saa.2017.03.044,matrix,CC-stretch (6.2 um),,,,,,,,,,
1687,matrix,PAHdb experimental 3.10 (Ar matrix),uid 833,"dibenz[a,c]acridine",C21H13N,0,21,833,,,1551.2,4.9,relative (PAHdb experimental),,,,,10.1016/j.saa.2017.03.044,matrix,CC-stretch (6.2 um),,,,,,,,,,
1688,matrix,PAHdb experimental 3.10 (Ar matrix),uid 833,"dibenz[a,c]acridine",C21H13N,0,21,833,,,1584.6,5.58,relative (PAHdb experimental),,,,,10.1016/j.saa.2017.03.044,matrix,CC-stretch (6.2 um),,,,,,,,,,
1689,matrix,PAHdb experimental 3.10 (Ar matrix),uid 833,"dibenz[a,c]acridine",C21H13N,0,21,833,,,1627.5,6.71,relative (PAHdb experimental),,,,,10.1016/j.saa.2017.03.044,matrix,CC-stretch (6.2 um),,,,,,,,,,
1690,matrix,PAHdb experimental 3.10 (Ar matrix),uid 833,"dibenz[a,c]acridine",C21H13N,0,21,833,,,1657.7,1.95,relative (PAHdb experimental),,,,,10.1016/j.saa.2017.03.044,matrix,overtone / combination region,,,,,,,,,,
1691,matrix,PAHdb experimental 3.10 (Ar matrix),uid 833,"dibenz[a,c]acridine",C21H13N,0,21,833,,,1699.1,2.03,relative (PAHdb experimental),,,,,10.1016/j.saa.2017.03.044,matrix,overtone / combination region,,,,,,,,,,
1692,matrix,PAHdb experimental 3.10 (Ar matrix),uid 833,"dibenz[a,c]acridine",C21H13N,0,21,833,,,1724.5,1.11,relative (PAHdb experimental),,,,,10.1016/j.saa.2017.03.044,matrix,overtone / combination region,,,,,,,,,,
1693,matrix,PAHdb experimental 3.10 (Ar matrix),uid 833,"dibenz[a,c]acridine",C21H13N,0,21,833,,,1759.4,0.67,relative (PAHdb experimental),,,,,10.1016/j.saa.2017.03.044,matrix,overtone / combination region,,,,,,,,,,
1694,matrix,PAHdb experimental 3.10 (Ar matrix),uid 833,"dibenz[a,c]acridine",C21H13N,0,21,833,,,1767.3,0.4,relative (PAHdb experimental),,,,,10.1016/j.saa.2017.03.044,matrix,overtone / combination region,,,,,,,,,,
1695,matrix,PAHdb experimental 3.10 (Ar matrix),uid 833,"dibenz[a,c]acridine",C21H13N,0,21,833,,,1778.6,0.4,relative (PAHdb experimental),,,,,10.1016/j.saa.2017.03.044,matrix,overtone / combination region,,,,,,,,,,
1696,matrix,PAHdb experimental 3.10 (Ar matrix),uid 833,"dibenz[a,c]acridine",C21H13N,0,21,833,,,1787.5,0.19,relative (PAHdb experimental),,,,,10.1016/j.saa.2017.03.044,matrix,overtone / combination region,,,,,,,,,,
1697,matrix,PAHdb experimental 3.10 (Ar matrix),uid 833,"dibenz[a,c]acridine",C21H13N,0,21,833,,,1801.9,1.04,relative (PAHdb experimental),,,,,10.1016/j.saa.2017.03.044,matrix,overtone / combination region,,,,,,,,,,
1698,matrix,PAHdb experimental 3.10 (Ar matrix),uid 833,"dibenz[a,c]acridine",C21H13N,0,21,833,,,1808.0,2.62,relative (PAHdb experimental),,,,,10.1016/j.saa.2017.03.044,matrix,overtone / combination region,,,,,,,,,,
1699,matrix,PAHdb experimental 3.10 (Ar matrix),uid 833,"dibenz[a,c]acridine",C21H13N,0,21,833,,,1830.9,3.27,relative (PAHdb experimental),,,,,10.1016/j.saa.2017.03.044,matrix,overtone / combination region,,,,,,,,,,
1700,matrix,PAHdb experimental 3.10 (Ar matrix),uid 833,"dibenz[a,c]acridine",C21H13N,0,21,833,,,1858.5,1.15,relative (PAHdb experimental),,,,,10.1016/j.saa.2017.03.044,matrix,overtone / combination region,,,,,,,,,,
1701,matrix,PAHdb experimental 3.10 (Ar matrix),uid 833,"dibenz[a,c]acridine",C21H13N,0,21,833,,,1884.4,1.06,relative (PAHdb experimental),,,,,10.1016/j.saa.2017.03.044,matrix,overtone / combination region,,,,,,,,,,
1702,matrix,PAHdb experimental 3.10 (Ar matrix),uid 833,"dibenz[a,c]acridine",C21H13N,0,21,833,,,1905.8,0.77,relative (PAHdb experimental),,,,,10.1016/j.saa.2017.03.044,matrix,overtone / combination region,,,,,,,,,,
1703,matrix,PAHdb experimental 3.10 (Ar matrix),uid 833,"dibenz[a,c]acridine",C21H13N,0,21,833,,,1914.3,2.94,relative (PAHdb experimental),,,,,10.1016/j.saa.2017.03.044,matrix,overtone / combination region,,,,,,,,,,
1704,matrix,PAHdb experimental 3.10 (Ar matrix),uid 833,"dibenz[a,c]acridine",C21H13N,0,21,833,,,1927.7,1.11,relative (PAHdb experimental),,,,,10.1016/j.saa.2017.03.044,matrix,overtone / combination region,,,,,,,,,,
1705,matrix,PAHdb experimental 3.10 (Ar matrix),uid 833,"dibenz[a,c]acridine",C21H13N,0,21,833,,,1940.6,1.07,relative (PAHdb experimental),,,,,10.1016/j.saa.2017.03.044,matrix,overtone / combination region,,,,,,,,,,
1706,matrix,PAHdb experimental 3.10 (Ar matrix),uid 833,"dibenz[a,c]acridine",C21H13N,0,21,833,,,1947.4,1.25,relative (PAHdb experimental),,,,,10.1016/j.saa.2017.03.044,matrix,overtone / combination region,,,,,,,,,,
1707,matrix,PAHdb experimental 3.10 (Ar matrix),uid 833,"dibenz[a,c]acridine",C21H13N,0,21,833,,,1950.9,2.48,relative (PAHdb experimental),,,,,10.1016/j.saa.2017.03.044,matrix,overtone / combination region,,,,,,,,,,
1708,matrix,PAHdb experimental 3.10 (Ar matrix),uid 833,"dibenz[a,c]acridine",C21H13N,0,21,833,,,1968.0,1.21,relative (PAHdb experimental),,,,,10.1016/j.saa.2017.03.044,matrix,overtone / combination region,,,,,,,,,,
1709,matrix,PAHdb experimental 3.10 (Ar matrix),uid 833,"dibenz[a,c]acridine",C21H13N,0,21,833,,,3083.3,89.0,relative (PAHdb experimental),,,,,10.1016/j.saa.2017.03.044,matrix,CH-stretch,,,,,,,,,,
1710,matrix,PAHdb experimental 3.10 (Ar matrix),uid 311,"dibenz[a,j]acridine""",C21H13N,0,21,311,,,516.5,7.5,relative (PAHdb experimental),,,,,10.1016/j.saa.2017.03.044,matrix,low / skeletal,,,,,,,,,,
1711,matrix,PAHdb experimental 3.10 (Ar matrix),uid 311,"dibenz[a,j]acridine""",C21H13N,0,21,311,,,521.1,3.99,relative (PAHdb experimental),,,,,10.1016/j.saa.2017.03.044,matrix,low / skeletal,,,,,,,,,,
1712,matrix,PAHdb experimental 3.10 (Ar matrix),uid 311,"dibenz[a,j]acridine""",C21H13N,0,21,311,,,537.6,4.31,relative (PAHdb experimental),,,,,10.1016/j.saa.2017.03.044,matrix,low / skeletal,,,,,,,,,,
1713,matrix,PAHdb experimental 3.10 (Ar matrix),uid 311,"dibenz[a,j]acridine""",C21H13N,0,21,311,,,592.3,8.02,relative (PAHdb experimental),,,,,10.1016/j.saa.2017.03.044,matrix,low / skeletal,,,,,,,,,,
1714,matrix,PAHdb experimental 3.10 (Ar matrix),uid 311,"dibenz[a,j]acridine""",C21H13N,0,21,311,,,645.9,1.01,relative (PAHdb experimental),,,,,10.1016/j.saa.2017.03.044,matrix,low / skeletal,,,,,,,,,,
1715,matrix,PAHdb experimental 3.10 (Ar matrix),uid 311,"dibenz[a,j]acridine""",C21H13N,0,21,311,,,716.0,2.01,relative (PAHdb experimental),,,,,10.1016/j.saa.2017.03.044,matrix,CH-oop (10.5-15 um; benzene nu11 at 673 included),,,,,,,,,,
1716,matrix,PAHdb experimental 3.10 (Ar matrix),uid 311,"dibenz[a,j]acridine""",C21H13N,0,21,311,,,726.8,0.35,relative (PAHdb experimental),,,,,10.1016/j.saa.2017.03.044,matrix,CH-oop (10.5-15 um; benzene nu11 at 673 included),,,,,,,,,,
1717,matrix,PAHdb experimental 3.10 (Ar matrix),uid 311,"dibenz[a,j]acridine""",C21H13N,0,21,311,,,747.5,11.65,relative (PAHdb experimental),,,,,10.1016/j.saa.2017.03.044,matrix,CH-oop (10.5-15 um; benzene nu11 at 673 included),,,,,,,,,,
1718,matrix,PAHdb experimental 3.10 (Ar matrix),uid 311,"dibenz[a,j]acridine""",C21H13N,0,21,311,,,749.6,67.68,relative (PAHdb experimental),,,,,10.1016/j.saa.2017.03.044,matrix,CH-oop (10.5-15 um; benzene nu11 at 673 included),,,,,,,,,,
1719,matrix,PAHdb experimental 3.10 (Ar matrix),uid 311,"dibenz[a,j]acridine""",C21H13N,0,21,311,,,786.5,3.8,relative (PAHdb experimental),,,,,10.1016/j.saa.2017.03.044,matrix,CH-oop (10.5-15 um; benzene nu11 at 673 included),,,,,,,,,,
1720,matrix,PAHdb experimental 3.10 (Ar matrix),uid 311,"dibenz[a,j]acridine""",C21H13N,0,21,311,,,838.5,62.9,relative (PAHdb experimental),,,,,10.1016/j.saa.2017.03.044,matrix,CH-oop (10.5-15 um; benzene nu11 at 673 included),,,,,,,,,,
1721,matrix,PAHdb experimental 3.10 (Ar matrix),uid 311,"dibenz[a,j]acridine""",C21H13N,0,21,311,,,864.7,3.56,relative (PAHdb experimental),,,,,10.1016/j.saa.2017.03.044,matrix,CH-oop (10.5-15 um; benzene nu11 at 673 included),,,,,,,,,,
1722,matrix,PAHdb experimental 3.10 (Ar matrix),uid 311,"dibenz[a,j]acridine""",C21H13N,0,21,311,,,886.7,4.09,relative (PAHdb experimental),,,,,10.1016/j.saa.2017.03.044,matrix,CH-oop (10.5-15 um; benzene nu11 at 673 included),,,,,,,,,,
1723,matrix,PAHdb experimental 3.10 (Ar matrix),uid 311,"dibenz[a,j]acridine""",C21H13N,0,21,311,,,902.5,7.73,relative (PAHdb experimental),,,,,10.1016/j.saa.2017.03.044,matrix,CH-oop (10.5-15 um; benzene nu11 at 673 included),,,,,,,,,,
1724,matrix,PAHdb experimental 3.10 (Ar matrix),uid 311,"dibenz[a,j]acridine""",C21H13N,0,21,311,,,944.8,3.56,relative (PAHdb experimental),,,,,10.1016/j.saa.2017.03.044,matrix,CH-oop (10.5-15 um; benzene nu11 at 673 included),,,,,,,,,,
1725,matrix,PAHdb experimental 3.10 (Ar matrix),uid 311,"dibenz[a,j]acridine""",C21H13N,0,21,311,,,962.8,4.75,relative (PAHdb experimental),,,,,10.1016/j.saa.2017.03.044,matrix,ring / CH-ip (9-10.5 um),,,,,,,,,,
1726,matrix,PAHdb experimental 3.10 (Ar matrix),uid 311,"dibenz[a,j]acridine""",C21H13N,0,21,311,,,1002.6,2.34,relative (PAHdb experimental),,,,,10.1016/j.saa.2017.03.044,matrix,ring / CH-ip (9-10.5 um),,,,,,,,,,
1727,matrix,PAHdb experimental 3.10 (Ar matrix),uid 311,"dibenz[a,j]acridine""",C21H13N,0,21,311,,,1038.0,2.33,relative (PAHdb experimental),,,,,10.1016/j.saa.2017.03.044,matrix,ring / CH-ip (9-10.5 um),,,,,,,,,,
1728,matrix,PAHdb experimental 3.10 (Ar matrix),uid 311,"dibenz[a,j]acridine""",C21H13N,0,21,311,,,1106.2,4.01,relative (PAHdb experimental),,,,,10.1016/j.saa.2017.03.044,matrix,CH-ip-bend (8.6 um),,,,,,,,,,
1729,matrix,PAHdb experimental 3.10 (Ar matrix),uid 311,"dibenz[a,j]acridine""",C21H13N,0,21,311,,,1192.1,6.66,relative (PAHdb experimental),,,,,10.1016/j.saa.2017.03.044,matrix,CH-ip-bend (8.6 um),,,,,,,,,,
1730,matrix,PAHdb experimental 3.10 (Ar matrix),uid 311,"dibenz[a,j]acridine""",C21H13N,0,21,311,,,1214.9,6.71,relative (PAHdb experimental),,,,,10.1016/j.saa.2017.03.044,matrix,CH-ip-bend (8.6 um),,,,,,,,,,
1731,matrix,PAHdb experimental 3.10 (Ar matrix),uid 311,"dibenz[a,j]acridine""",C21H13N,0,21,311,,,1219.4,2.26,relative (PAHdb experimental),,,,,10.1016/j.saa.2017.03.044,matrix,CH-ip-bend (8.6 um),,,,,,,,,,
1732,matrix,PAHdb experimental 3.10 (Ar matrix),uid 311,"dibenz[a,j]acridine""",C21H13N,0,21,311,,,1224.1,4.87,relative (PAHdb experimental),,,,,10.1016/j.saa.2017.03.044,matrix,CH-ip-bend (8.6 um),,,,,,,,,,
1733,matrix,PAHdb experimental 3.10 (Ar matrix),uid 311,"dibenz[a,j]acridine""",C21H13N,0,21,311,,,1279.6,1.57,relative (PAHdb experimental),,,,,10.1016/j.saa.2017.03.044,matrix,CC-stretch/CH-ip (7.7 um),,,,,,,,,,
1734,matrix,PAHdb experimental 3.10 (Ar matrix),uid 311,"dibenz[a,j]acridine""",C21H13N,0,21,311,,,1307.3,1.1,relative (PAHdb experimental),,,,,10.1016/j.saa.2017.03.044,matrix,CC-stretch/CH-ip (7.7 um),,,,,,,,,,
1735,matrix,PAHdb experimental 3.10 (Ar matrix),uid 311,"dibenz[a,j]acridine""",C21H13N,0,21,311,,,1325.1,0.39,relative (PAHdb experimental),,,,,10.1016/j.saa.2017.03.044,matrix,CC-stretch/CH-ip (7.7 um),,,,,,,,,,
1736,matrix,PAHdb experimental 3.10 (Ar matrix),uid 311,"dibenz[a,j]acridine""",C21H13N,0,21,311,,,1328.9,2.99,relative (PAHdb experimental),,,,,10.1016/j.saa.2017.03.044,matrix,CC-stretch/CH-ip (7.7 um),,,,,,,,,,
1737,matrix,PAHdb experimental 3.10 (Ar matrix),uid 311,"dibenz[a,j]acridine""",C21H13N,0,21,311,,,1358.8,2.04,relative (PAHdb experimental),,,,,10.1016/j.saa.2017.03.044,matrix,CC-stretch/CH-ip (7.7 um),,,,,,,,,,
1738,matrix,PAHdb experimental 3.10 (Ar matrix),uid 311,"dibenz[a,j]acridine""",C21H13N,0,21,311,,,1379.7,44.35,relative (PAHdb experimental),,,,,10.1016/j.saa.2017.03.044,matrix,CC-stretch/CH-ip (7.7 um),,,,,,,,,,
1739,matrix,PAHdb experimental 3.10 (Ar matrix),uid 311,"dibenz[a,j]acridine""",C21H13N,0,21,311,,,1386.1,4.04,relative (PAHdb experimental),,,,,10.1016/j.saa.2017.03.044,matrix,CC-stretch/CH-ip (7.7 um),,,,,,,,,,
1740,matrix,PAHdb experimental 3.10 (Ar matrix),uid 311,"dibenz[a,j]acridine""",C21H13N,0,21,311,,,1416.6,7.88,relative (PAHdb experimental),,,,,10.1016/j.saa.2017.03.044,matrix,CC-stretch/CH-ip (7.7 um),,,,,,,,,,
1741,matrix,PAHdb experimental 3.10 (Ar matrix),uid 311,"dibenz[a,j]acridine""",C21H13N,0,21,311,,,1437.8,8.9,relative (PAHdb experimental),,,,,10.1016/j.saa.2017.03.044,matrix,CC-stretch/CH-ip (7.7 um),,,,,,,,,,
1742,matrix,PAHdb experimental 3.10 (Ar matrix),uid 311,"dibenz[a,j]acridine""",C21H13N,0,21,311,,,1457.7,5.06,relative (PAHdb experimental),,,,,10.1016/j.saa.2017.03.044,matrix,CC-stretch/CH-ip (7.7 um),,,,,,,,,,
1743,matrix,PAHdb experimental 3.10 (Ar matrix),uid 311,"dibenz[a,j]acridine""",C21H13N,0,21,311,,,1487.9,6.23,relative (PAHdb experimental),,,,,10.1016/j.saa.2017.03.044,matrix,CC-stretch/CH-ip (7.7 um),,,,,,,,,,
1744,matrix,PAHdb experimental 3.10 (Ar matrix),uid 311,"dibenz[a,j]acridine""",C21H13N,0,21,311,,,1492.2,26.66,relative (PAHdb experimental),,,,,10.1016/j.saa.2017.03.044,matrix,CC-stretch/CH-ip (7.7 um),,,,,,,,,,
1745,matrix,PAHdb experimental 3.10 (Ar matrix),uid 311,"dibenz[a,j]acridine""",C21H13N,0,21,311,,,1495.4,7.69,relative (PAHdb experimental),,,,,10.1016/j.saa.2017.03.044,matrix,CC-stretch/CH-ip (7.7 um),,,,,,,,,,
1746,matrix,PAHdb experimental 3.10 (Ar matrix),uid 311,"dibenz[a,j]acridine""",C21H13N,0,21,311,,,1527.6,1.34,relative (PAHdb experimental),,,,,10.1016/j.saa.2017.03.044,matrix,CC-stretch (6.2 um),,,,,,,,,,
1747,matrix,PAHdb experimental 3.10 (Ar matrix),uid 311,"dibenz[a,j]acridine""",C21H13N,0,21,311,,,1548.8,8.55,relative (PAHdb experimental),,,,,10.1016/j.saa.2017.03.044,matrix,CC-stretch (6.2 um),,,,,,,,,,
1748,matrix,PAHdb experimental 3.10 (Ar matrix),uid 311,"dibenz[a,j]acridine""",C21H13N,0,21,311,,,1575.3,1.34,relative (PAHdb experimental),,,,,10.1016/j.saa.2017.03.044,matrix,CC-stretch (6.2 um),,,,,,,,,,
1749,matrix,PAHdb experimental 3.10 (Ar matrix),uid 311,"dibenz[a,j]acridine""",C21H13N,0,21,311,,,1585.0,2.6,relative (PAHdb experimental),,,,,10.1016/j.saa.2017.03.044,matrix,CC-stretch (6.2 um),,,,,,,,,,
1750,matrix,PAHdb experimental 3.10 (Ar matrix),uid 311,"dibenz[a,j]acridine""",C21H13N,0,21,311,,,1615.1,25.27,relative (PAHdb experimental),,,,,10.1016/j.saa.2017.03.044,matrix,CC-stretch (6.2 um),,,,,,,,,,
1751,matrix,PAHdb experimental 3.10 (Ar matrix),uid 311,"dibenz[a,j]acridine""",C21H13N,0,21,311,,,1729.2,0.76,relative (PAHdb experimental),,,,,10.1016/j.saa.2017.03.044,matrix,overtone / combination region,,,,,,,,,,
1752,matrix,PAHdb experimental 3.10 (Ar matrix),uid 311,"dibenz[a,j]acridine""",C21H13N,0,21,311,,,1764.3,1.16,relative (PAHdb experimental),,,,,10.1016/j.saa.2017.03.044,matrix,overtone / combination region,,,,,,,,,,
1753,matrix,PAHdb experimental 3.10 (Ar matrix),uid 311,"dibenz[a,j]acridine""",C21H13N,0,21,311,,,1793.9,2.55,relative (PAHdb experimental),,,,,10.1016/j.saa.2017.03.044,matrix,overtone / combination region,,,,,,,,,,
1754,matrix,PAHdb experimental 3.10 (Ar matrix),uid 311,"dibenz[a,j]acridine""",C21H13N,0,21,311,,,1806.5,4.65,relative (PAHdb experimental),,,,,10.1016/j.saa.2017.03.044,matrix,overtone / combination region,,,,,,,,,,
1755,matrix,PAHdb experimental 3.10 (Ar matrix),uid 311,"dibenz[a,j]acridine""",C21H13N,0,21,311,,,1834.0,2.25,relative (PAHdb experimental),,,,,10.1016/j.saa.2017.03.044,matrix,overtone / combination region,,,,,,,,,,
1756,matrix,PAHdb experimental 3.10 (Ar matrix),uid 311,"dibenz[a,j]acridine""",C21H13N,0,21,311,,,1886.6,1.29,relative (PAHdb experimental),,,,,10.1016/j.saa.2017.03.044,matrix,overtone / combination region,,,,,,,,,,
1757,matrix,PAHdb experimental 3.10 (Ar matrix),uid 311,"dibenz[a,j]acridine""",C21H13N,0,21,311,,,1916.2,3.3,relative (PAHdb experimental),,,,,10.1016/j.saa.2017.03.044,matrix,overtone / combination region,,,,,,,,,,
1758,matrix,PAHdb experimental 3.10 (Ar matrix),uid 311,"dibenz[a,j]acridine""",C21H13N,0,21,311,,,1933.8,1.14,relative (PAHdb experimental),,,,,10.1016/j.saa.2017.03.044,matrix,overtone / combination region,,,,,,,,,,
1759,matrix,PAHdb experimental 3.10 (Ar matrix),uid 311,"dibenz[a,j]acridine""",C21H13N,0,21,311,,,1943.8,1.18,relative (PAHdb experimental),,,,,10.1016/j.saa.2017.03.044,matrix,overtone / combination region,,,,,,,,,,
1760,matrix,PAHdb experimental 3.10 (Ar matrix),uid 311,"dibenz[a,j]acridine""",C21H13N,0,21,311,,,1950.0,2.16,relative (PAHdb experimental),,,,,10.1016/j.saa.2017.03.044,matrix,overtone / combination region,,,,,,,,,,
1761,matrix,PAHdb experimental 3.10 (Ar matrix),uid 311,"dibenz[a,j]acridine""",C21H13N,0,21,311,,,3012.9,6.34,relative (PAHdb experimental),,,,,10.1016/j.saa.2017.03.044,matrix,CH-stretch,,,,,,,,,,
1762,matrix,PAHdb experimental 3.10 (Ar matrix),uid 311,"dibenz[a,j]acridine""",C21H13N,0,21,311,,,3043.6,26.11,relative (PAHdb experimental),,,,,10.1016/j.saa.2017.03.044,matrix,CH-stretch,,,,,,,,,,
1763,matrix,PAHdb experimental 3.10 (Ar matrix),uid 311,"dibenz[a,j]acridine""",C21H13N,0,21,311,,,3061.6,19.52,relative (PAHdb experimental),,,,,10.1016/j.saa.2017.03.044,matrix,CH-stretch,,,,,,,,,,
1764,matrix,PAHdb experimental 3.10 (Ar matrix),uid 311,"dibenz[a,j]acridine""",C21H13N,0,21,311,,,3076.3,41.98,relative (PAHdb experimental),,,,,10.1016/j.saa.2017.03.044,matrix,CH-stretch,,,,,,,,,,
1765,matrix,PAHdb experimental 3.10 (Ar matrix),uid 303,"dibenz[a,h]acridine""",C21H13N,0,21,303,,,482.5,4.62,relative (PAHdb experimental),,,,,10.1016/j.saa.2017.03.044,matrix,low / skeletal,,,,,,,,,,
1766,matrix,PAHdb experimental 3.10 (Ar matrix),uid 303,"dibenz[a,h]acridine""",C21H13N,0,21,303,,,491.2,0.81,relative (PAHdb experimental),,,,,10.1016/j.saa.2017.03.044,matrix,low / skeletal,,,,,,,,,,
1767,matrix,PAHdb experimental 3.10 (Ar matrix),uid 303,"dibenz[a,h]acridine""",C21H13N,0,21,303,,,508.4,1.27,relative (PAHdb experimental),,,,,10.1016/j.saa.2017.03.044,matrix,low / skeletal,,,,,,,,,,
1768,matrix,PAHdb experimental 3.10 (Ar matrix),uid 303,"dibenz[a,h]acridine""",C21H13N,0,21,303,,,532.0,13.31,relative (PAHdb experimental),,,,,10.1016/j.saa.2017.03.044,matrix,low / skeletal,,,,,,,,,,
1769,matrix,PAHdb experimental 3.10 (Ar matrix),uid 303,"dibenz[a,h]acridine""",C21H13N,0,21,303,,,551.0,1.27,relative (PAHdb experimental),,,,,10.1016/j.saa.2017.03.044,matrix,low / skeletal,,,,,,,,,,
1770,matrix,PAHdb experimental 3.10 (Ar matrix),uid 303,"dibenz[a,h]acridine""",C21H13N,0,21,303,,,577.2,1.01,relative (PAHdb experimental),,,,,10.1016/j.saa.2017.03.044,matrix,low / skeletal,,,,,,,,,,
1771,matrix,PAHdb experimental 3.10 (Ar matrix),uid 303,"dibenz[a,h]acridine""",C21H13N,0,21,303,,,624.0,0.82,relative (PAHdb experimental),,,,,10.1016/j.saa.2017.03.044,matrix,low / skeletal,,,,,,,,,,
1772,matrix,PAHdb experimental 3.10 (Ar matrix),uid 303,"dibenz[a,h]acridine""",C21H13N,0,21,303,,,651.1,11.11,relative (PAHdb experimental),,,,,10.1016/j.saa.2017.03.044,matrix,CH-oop (10.5-15 um; benzene nu11 at 673 included),,,,,,,,,,
1773,matrix,PAHdb experimental 3.10 (Ar matrix),uid 303,"dibenz[a,h]acridine""",C21H13N,0,21,303,,,671.6,8.47,relative (PAHdb experimental),,,,,10.1016/j.saa.2017.03.044,matrix,CH-oop (10.5-15 um; benzene nu11 at 673 included),,,,,,,,,,
1774,matrix,PAHdb experimental 3.10 (Ar matrix),uid 303,"dibenz[a,h]acridine""",C21H13N,0,21,303,,,712.6,1.43,relative (PAHdb experimental),,,,,10.1016/j.saa.2017.03.044,matrix,CH-oop (10.5-15 um; benzene nu11 at 673 included),,,,,,,,,,
1775,matrix,PAHdb experimental 3.10 (Ar matrix),uid 303,"dibenz[a,h]acridine""",C21H13N,0,21,303,,,717.9,1.95,relative (PAHdb experimental),,,,,10.1016/j.saa.2017.03.044,matrix,CH-oop (10.5-15 um; benzene nu11 at 673 included),,,,,,,,,,
1776,matrix,PAHdb experimental 3.10 (Ar matrix),uid 303,"dibenz[a,h]acridine""",C21H13N,0,21,303,,,747.1,50.68,relative (PAHdb experimental),,,,,10.1016/j.saa.2017.03.044,matrix,CH-oop (10.5-15 um; benzene nu11 at 673 included),,,,,,,,,,
1777,matrix,PAHdb experimental 3.10 (Ar matrix),uid 303,"dibenz[a,h]acridine""",C21H13N,0,21,303,,,771.1,3.83,relative (PAHdb experimental),,,,,10.1016/j.saa.2017.03.044,matrix,CH-oop (10.5-15 um; benzene nu11 at 673 included),,,,,,,,,,
1778,matrix,PAHdb experimental 3.10 (Ar matrix),uid 303,"dibenz[a,h]acridine""",C21H13N,0,21,303,,,787.5,1.23,relative (PAHdb experimental),,,,,10.1016/j.saa.2017.03.044,matrix,CH-oop (10.5-15 um; benzene nu11 at 673 included),,,,,,,,,,
1779,matrix,PAHdb experimental 3.10 (Ar matrix),uid 303,"dibenz[a,h]acridine""",C21H13N,0,21,303,,,802.8,4.91,relative (PAHdb experimental),,,,,10.1016/j.saa.2017.03.044,matrix,CH-oop (10.5-15 um; benzene nu11 at 673 included),,,,,,,,,,
1780,matrix,PAHdb experimental 3.10 (Ar matrix),uid 303,"dibenz[a,h]acridine""",C21H13N,0,21,303,,,812.7,39.97,relative (PAHdb experimental),,,,,10.1016/j.saa.2017.03.044,matrix,CH-oop (10.5-15 um; benzene nu11 at 673 included),,,,,,,,,,
1781,matrix,PAHdb experimental 3.10 (Ar matrix),uid 303,"dibenz[a,h]acridine""",C21H13N,0,21,303,,,834.7,28.23,relative (PAHdb experimental),,,,,10.1016/j.saa.2017.03.044,matrix,CH-oop (10.5-15 um; benzene nu11 at 673 included),,,,,,,,,,
1782,matrix,PAHdb experimental 3.10 (Ar matrix),uid 303,"dibenz[a,h]acridine""",C21H13N,0,21,303,,,866.3,1.98,relative (PAHdb experimental),,,,,10.1016/j.saa.2017.03.044,matrix,CH-oop (10.5-15 um; benzene nu11 at 673 included),,,,,,,,,,
1783,matrix,PAHdb experimental 3.10 (Ar matrix),uid 303,"dibenz[a,h]acridine""",C21H13N,0,21,303,,,878.2,8.04,relative (PAHdb experimental),,,,,10.1016/j.saa.2017.03.044,matrix,CH-oop (10.5-15 um; benzene nu11 at 673 included),,,,,,,,,,
1784,matrix,PAHdb experimental 3.10 (Ar matrix),uid 303,"dibenz[a,h]acridine""",C21H13N,0,21,303,,,887.2,3.74,relative (PAHdb experimental),,,,,10.1016/j.saa.2017.03.044,matrix,CH-oop (10.5-15 um; benzene nu11 at 673 included),,,,,,,,,,
1785,matrix,PAHdb experimental 3.10 (Ar matrix),uid 303,"dibenz[a,h]acridine""",C21H13N,0,21,303,,,907.3,14.91,relative (PAHdb experimental),,,,,10.1016/j.saa.2017.03.044,matrix,CH-oop (10.5-15 um; benzene nu11 at 673 included),,,,,,,,,,
1786,matrix,PAHdb experimental 3.10 (Ar matrix),uid 303,"dibenz[a,h]acridine""",C21H13N,0,21,303,,,945.7,1.78,relative (PAHdb experimental),,,,,10.1016/j.saa.2017.03.044,matrix,CH-oop (10.5-15 um; benzene nu11 at 673 included),,,,,,,,,,
1787,matrix,PAHdb experimental 3.10 (Ar matrix),uid 303,"dibenz[a,h]acridine""",C21H13N,0,21,303,,,953.0,0.88,relative (PAHdb experimental),,,,,10.1016/j.saa.2017.03.044,matrix,ring / CH-ip (9-10.5 um),,,,,,,,,,
1788,matrix,PAHdb experimental 3.10 (Ar matrix),uid 303,"dibenz[a,h]acridine""",C21H13N,0,21,303,,,963.6,0.61,relative (PAHdb experimental),,,,,10.1016/j.saa.2017.03.044,matrix,ring / CH-ip (9-10.5 um),,,,,,,,,,
1789,matrix,PAHdb experimental 3.10 (Ar matrix),uid 303,"dibenz[a,h]acridine""",C21H13N,0,21,303,,,998.2,0.62,relative (PAHdb experimental),,,,,10.1016/j.saa.2017.03.044,matrix,ring / CH-ip (9-10.5 um),,,,,,,,,,
1790,matrix,PAHdb experimental 3.10 (Ar matrix),uid 303,"dibenz[a,h]acridine""",C21H13N,0,21,303,,,1016.9,2.36,relative (PAHdb experimental),,,,,10.1016/j.saa.2017.03.044,matrix,ring / CH-ip (9-10.5 um),,,,,,,,,,
1791,matrix,PAHdb experimental 3.10 (Ar matrix),uid 303,"dibenz[a,h]acridine""",C21H13N,0,21,303,,,1025.5,14.74,relative (PAHdb experimental),,,,,10.1016/j.saa.2017.03.044,matrix,ring / CH-ip (9-10.5 um),,,,,,,,,,
1792,matrix,PAHdb experimental 3.10 (Ar matrix),uid 303,"dibenz[a,h]acridine""",C21H13N,0,21,303,,,1036.4,1.56,relative (PAHdb experimental),,,,,10.1016/j.saa.2017.03.044,matrix,ring / CH-ip (9-10.5 um),,,,,,,,,,
1793,matrix,PAHdb experimental 3.10 (Ar matrix),uid 303,"dibenz[a,h]acridine""",C21H13N,0,21,303,,,1052.3,0.87,relative (PAHdb experimental),,,,,10.1016/j.saa.2017.03.044,matrix,ring / CH-ip (9-10.5 um),,,,,,,,,,
1794,matrix,PAHdb experimental 3.10 (Ar matrix),uid 303,"dibenz[a,h]acridine""",C21H13N,0,21,303,,,1110.3,3.77,relative (PAHdb experimental),,,,,10.1016/j.saa.2017.03.044,matrix,CH-ip-bend (8.6 um),,,,,,,,,,
1795,matrix,PAHdb experimental 3.10 (Ar matrix),uid 303,"dibenz[a,h]acridine""",C21H13N,0,21,303,,,1136.6,2.21,relative (PAHdb experimental),,,,,10.1016/j.saa.2017.03.044,matrix,CH-ip-bend (8.6 um),,,,,,,,,,
1796,matrix,PAHdb experimental 3.10 (Ar matrix),uid 303,"dibenz[a,h]acridine""",C21H13N,0,21,303,,,1147.3,0.8,relative (PAHdb experimental),,,,,10.1016/j.saa.2017.03.044,matrix,CH-ip-bend (8.6 um),,,,,,,,,,
1797,matrix,PAHdb experimental 3.10 (Ar matrix),uid 303,"dibenz[a,h]acridine""",C21H13N,0,21,303,,,1152.4,0.98,relative (PAHdb experimental),,,,,10.1016/j.saa.2017.03.044,matrix,CH-ip-bend (8.6 um),,,,,,,,,,
1798,matrix,PAHdb experimental 3.10 (Ar matrix),uid 303,"dibenz[a,h]acridine""",C21H13N,0,21,303,,,1189.1,6.01,relative (PAHdb experimental),,,,,10.1016/j.saa.2017.03.044,matrix,CH-ip-bend (8.6 um),,,,,,,,,,
1799,matrix,PAHdb experimental 3.10 (Ar matrix),uid 303,"dibenz[a,h]acridine""",C21H13N,0,21,303,,,1202.8,0.56,relative (PAHdb experimental),,,,,10.1016/j.saa.2017.03.044,matrix,CH-ip-bend (8.6 um),,,,,,,,,,
1800,matrix,PAHdb experimental 3.10 (Ar matrix),uid 303,"dibenz[a,h]acridine""",C21H13N,0,21,303,,,1209.8,0.77,relative (PAHdb experimental),,,,,10.1016/j.saa.2017.03.044,matrix,CH-ip-bend (8.6 um),,,,,,,,,,
1801,matrix,PAHdb experimental 3.10 (Ar matrix),uid 303,"dibenz[a,h]acridine""",C21H13N,0,21,303,,,1223.8,8.22,relative (PAHdb experimental),,,,,10.1016/j.saa.2017.03.044,matrix,CH-ip-bend (8.6 um),,,,,,,,,,
1802,matrix,PAHdb experimental 3.10 (Ar matrix),uid 303,"dibenz[a,h]acridine""",C21H13N,0,21,303,,,1231.0,1.22,relative (PAHdb experimental),,,,,10.1016/j.saa.2017.03.044,matrix,CH-ip-bend (8.6 um),,,,,,,,,,
1803,matrix,PAHdb experimental 3.10 (Ar matrix),uid 303,"dibenz[a,h]acridine""",C21H13N,0,21,303,,,1262.3,2.51,relative (PAHdb experimental),,,,,10.1016/j.saa.2017.03.044,matrix,CC-stretch/CH-ip (7.7 um),,,,,,,,,,
1804,matrix,PAHdb experimental 3.10 (Ar matrix),uid 303,"dibenz[a,h]acridine""",C21H13N,0,21,303,,,1298.1,0.58,relative (PAHdb experimental),,,,,10.1016/j.saa.2017.03.044,matrix,CC-stretch/CH-ip (7.7 um),,,,,,,,,,
1805,matrix,PAHdb experimental 3.10 (Ar matrix),uid 303,"dibenz[a,h]acridine""",C21H13N,0,21,303,,,1304.6,0.25,relative (PAHdb experimental),,,,,10.1016/j.saa.2017.03.044,matrix,CC-stretch/CH-ip (7.7 um),,,,,,,,,,
1806,matrix,PAHdb experimental 3.10 (Ar matrix),uid 303,"dibenz[a,h]acridine""",C21H13N,0,21,303,,,1318.2,5.56,relative (PAHdb experimental),,,,,10.1016/j.saa.2017.03.044,matrix,CC-stretch/CH-ip (7.7 um),,,,,,,,,,
1807,matrix,PAHdb experimental 3.10 (Ar matrix),uid 303,"dibenz[a,h]acridine""",C21H13N,0,21,303,,,1321.7,2.8,relative (PAHdb experimental),,,,,10.1016/j.saa.2017.03.044,matrix,CC-stretch/CH-ip (7.7 um),,,,,,,,,,
1808,matrix,PAHdb experimental 3.10 (Ar matrix),uid 303,"dibenz[a,h]acridine""",C21H13N,0,21,303,,,1331.4,0.24,relative (PAHdb experimental),,,,,10.1016/j.saa.2017.03.044,matrix,CC-stretch/CH-ip (7.7 um),,,,,,,,,,
1809,matrix,PAHdb experimental 3.10 (Ar matrix),uid 303,"dibenz[a,h]acridine""",C21H13N,0,21,303,,,1338.7,1.05,relative (PAHdb experimental),,,,,10.1016/j.saa.2017.03.044,matrix,CC-stretch/CH-ip (7.7 um),,,,,,,,,,
1810,matrix,PAHdb experimental 3.10 (Ar matrix),uid 303,"dibenz[a,h]acridine""",C21H13N,0,21,303,,,1374.0,9.87,relative (PAHdb experimental),,,,,10.1016/j.saa.2017.03.044,matrix,CC-stretch/CH-ip (7.7 um),,,,,,,,,,
1811,matrix,PAHdb experimental 3.10 (Ar matrix),uid 303,"dibenz[a,h]acridine""",C21H13N,0,21,303,,,1389.2,2.39,relative (PAHdb experimental),,,,,10.1016/j.saa.2017.03.044,matrix,CC-stretch/CH-ip (7.7 um),,,,,,,,,,
1812,matrix,PAHdb experimental 3.10 (Ar matrix),uid 303,"dibenz[a,h]acridine""",C21H13N,0,21,303,,,1403.1,49.47,relative (PAHdb experimental),,,,,10.1016/j.saa.2017.03.044,matrix,CC-stretch/CH-ip (7.7 um),,,,,,,,,,
1813,matrix,PAHdb experimental 3.10 (Ar matrix),uid 303,"dibenz[a,h]acridine""",C21H13N,0,21,303,,,1446.9,17.48,relative (PAHdb experimental),,,,,10.1016/j.saa.2017.03.044,matrix,CC-stretch/CH-ip (7.7 um),,,,,,,,,,
1814,matrix,PAHdb experimental 3.10 (Ar matrix),uid 303,"dibenz[a,h]acridine""",C21H13N,0,21,303,,,1458.4,16.98,relative (PAHdb experimental),,,,,10.1016/j.saa.2017.03.044,matrix,CC-stretch/CH-ip (7.7 um),,,,,,,,,,
1815,matrix,PAHdb experimental 3.10 (Ar matrix),uid 303,"dibenz[a,h]acridine""",C21H13N,0,21,303,,,1467.6,1.24,relative (PAHdb experimental),,,,,10.1016/j.saa.2017.03.044,matrix,CC-stretch/CH-ip (7.7 um),,,,,,,,,,
1816,matrix,PAHdb experimental 3.10 (Ar matrix),uid 303,"dibenz[a,h]acridine""",C21H13N,0,21,303,,,1500.2,11.13,relative (PAHdb experimental),,,,,10.1016/j.saa.2017.03.044,matrix,CC-stretch (6.2 um),,,,,,,,,,
1817,matrix,PAHdb experimental 3.10 (Ar matrix),uid 303,"dibenz[a,h]acridine""",C21H13N,0,21,303,,,1511.4,18.7,relative (PAHdb experimental),,,,,10.1016/j.saa.2017.03.044,matrix,CC-stretch (6.2 um),,,,,,,,,,
1818,matrix,PAHdb experimental 3.10 (Ar matrix),uid 303,"dibenz[a,h]acridine""",C21H13N,0,21,303,,,1550.4,8.28,relative (PAHdb experimental),,,,,10.1016/j.saa.2017.03.044,matrix,CC-stretch (6.2 um),,,,,,,,,,
1819,matrix,PAHdb experimental 3.10 (Ar matrix),uid 303,"dibenz[a,h]acridine""",C21H13N,0,21,303,,,1618.2,7.07,relative (PAHdb experimental),,,,,10.1016/j.saa.2017.03.044,matrix,CC-stretch (6.2 um),,,,,,,,,,
1820,matrix,PAHdb experimental 3.10 (Ar matrix),uid 303,"dibenz[a,h]acridine""",C21H13N,0,21,303,,,1755.9,1.35,relative (PAHdb experimental),,,,,10.1016/j.saa.2017.03.044,matrix,overtone / combination region,,,,,,,,,,
1821,matrix,PAHdb experimental 3.10 (Ar matrix),uid 303,"dibenz[a,h]acridine""",C21H13N,0,21,303,,,1764.6,2.71,relative (PAHdb experimental),,,,,10.1016/j.saa.2017.03.044,matrix,overtone / combination region,,,,,,,,,,
1822,matrix,PAHdb experimental 3.10 (Ar matrix),uid 303,"dibenz[a,h]acridine""",C21H13N,0,21,303,,,1779.5,0.59,relative (PAHdb experimental),,,,,10.1016/j.saa.2017.03.044,matrix,overtone / combination region,,,,,,,,,,
1823,matrix,PAHdb experimental 3.10 (Ar matrix),uid 303,"dibenz[a,h]acridine""",C21H13N,0,21,303,,,1784.7,0.66,relative (PAHdb experimental),,,,,10.1016/j.saa.2017.03.044,matrix,overtone / combination region,,,,,,,,,,
1824,matrix,PAHdb experimental 3.10 (Ar matrix),uid 303,"dibenz[a,h]acridine""",C21H13N,0,21,303,,,1800.5,1.21,relative (PAHdb experimental),,,,,10.1016/j.saa.2017.03.044,matrix,overtone / combination region,,,,,,,,,,
1825,matrix,PAHdb experimental 3.10 (Ar matrix),uid 303,"dibenz[a,h]acridine""",C21H13N,0,21,303,,,1809.8,1.76,relative (PAHdb experimental),,,,,10.1016/j.saa.2017.03.044,matrix,overtone / combination region,,,,,,,,,,
1826,matrix,PAHdb experimental 3.10 (Ar matrix),uid 303,"dibenz[a,h]acridine""",C21H13N,0,21,303,,,1833.7,4.23,relative (PAHdb experimental),,,,,10.1016/j.saa.2017.03.044,matrix,overtone / combination region,,,,,,,,,,
1827,matrix,PAHdb experimental 3.10 (Ar matrix),uid 303,"dibenz[a,h]acridine""",C21H13N,0,21,303,,,1858.8,1.33,relative (PAHdb experimental),,,,,10.1016/j.saa.2017.03.044,matrix,overtone / combination region,,,,,,,,,,
1828,matrix,PAHdb experimental 3.10 (Ar matrix),uid 303,"dibenz[a,h]acridine""",C21H13N,0,21,303,,,1889.0,0.99,relative (PAHdb experimental),,,,,10.1016/j.saa.2017.03.044,matrix,overtone / combination region,,,,,,,,,,
1829,matrix,PAHdb experimental 3.10 (Ar matrix),uid 303,"dibenz[a,h]acridine""",C21H13N,0,21,303,,,1905.8,0.77,relative (PAHdb experimental),,,,,10.1016/j.saa.2017.03.044,matrix,overtone / combination region,,,,,,,,,,
1830,matrix,PAHdb experimental 3.10 (Ar matrix),uid 303,"dibenz[a,h]acridine""",C21H13N,0,21,303,,,1912.3,2.23,relative (PAHdb experimental),,,,,10.1016/j.saa.2017.03.044,matrix,overtone / combination region,,,,,,,,,,
1831,matrix,PAHdb experimental 3.10 (Ar matrix),uid 303,"dibenz[a,h]acridine""",C21H13N,0,21,303,,,1922.8,0.72,relative (PAHdb experimental),,,,,10.1016/j.saa.2017.03.044,matrix,overtone / combination region,,,,,,,,,,
1832,matrix,PAHdb experimental 3.10 (Ar matrix),uid 303,"dibenz[a,h]acridine""",C21H13N,0,21,303,,,1934.4,1.9,relative (PAHdb experimental),,,,,10.1016/j.saa.2017.03.044,matrix,overtone / combination region,,,,,,,,,,
1833,matrix,PAHdb experimental 3.10 (Ar matrix),uid 303,"dibenz[a,h]acridine""",C21H13N,0,21,303,,,1944.2,1.02,relative (PAHdb experimental),,,,,10.1016/j.saa.2017.03.044,matrix,overtone / combination region,,,,,,,,,,
1834,matrix,PAHdb experimental 3.10 (Ar matrix),uid 303,"dibenz[a,h]acridine""",C21H13N,0,21,303,,,1949.6,1.56,relative (PAHdb experimental),,,,,10.1016/j.saa.2017.03.044,matrix,overtone / combination region,,,,,,,,,,
1835,matrix,PAHdb experimental 3.10 (Ar matrix),uid 303,"dibenz[a,h]acridine""",C21H13N,0,21,303,,,1964.7,1.63,relative (PAHdb experimental),,,,,10.1016/j.saa.2017.03.044,matrix,overtone / combination region,,,,,,,,,,
1836,matrix,PAHdb experimental 3.10 (Ar matrix),uid 303,"dibenz[a,h]acridine""",C21H13N,0,21,303,,,3061.6,117.29,relative (PAHdb experimental),,,,,10.1016/j.saa.2017.03.044,matrix,CH-stretch,,,,,,,,,,
1837,matrix,PAHdb experimental 3.10 (Ar matrix),uid 303,"dibenz[a,h]acridine""",C21H13N,0,21,303,,,3122.0,1.39,relative (PAHdb experimental),,,,,10.1016/j.saa.2017.03.044,matrix,CH-stretch,,,,,,,,,,
1838,matrix,PAHdb experimental 3.10 (Ar matrix),uid 284,"benzo[g,h,i]perylene",C22H12,0,22,284,,,512.5,7.224,relative (PAHdb experimental),,,,,10.1021/jp983482y,matrix,low / skeletal,,,,,,,,,,
1839,matrix,PAHdb experimental 3.10 (Ar matrix),uid 284,"benzo[g,h,i]perylene",C22H12,0,22,284,,,544.2,9.03,relative (PAHdb experimental),,,,,10.1021/jp983482y,matrix,low / skeletal,,,,,,,,,,
1840,matrix,PAHdb experimental 3.10 (Ar matrix),uid 284,"benzo[g,h,i]perylene",C22H12,0,22,284,,,570.0,2.0468,relative (PAHdb experimental),,,,,10.1021/jp983482y,matrix,low / skeletal,,,,,,,,,,
1841,matrix,PAHdb experimental 3.10 (Ar matrix),uid 284,"benzo[g,h,i]perylene",C22H12,0,22,284,,,648.9,14.448,relative (PAHdb experimental),,,,,10.1021/jp983482y,matrix,low / skeletal,,,,,,,,,,
1842,matrix,PAHdb experimental 3.10 (Ar matrix),uid 284,"benzo[g,h,i]perylene",C22H12,0,22,284,,,755.8,30.702,relative (PAHdb experimental),,,,,10.1021/jp983482y,matrix,CH-oop (10.5-15 um; benzene nu11 at 673 included),,,,,,,,,,
1843,matrix,PAHdb experimental 3.10 (Ar matrix),uid 284,"benzo[g,h,i]perylene",C22H12,0,22,284,,,770.9,25.284,relative (PAHdb experimental),,,,,10.1021/jp983482y,matrix,CH-oop (10.5-15 um; benzene nu11 at 673 included),,,,,,,,,,
1844,matrix,PAHdb experimental 3.10 (Ar matrix),uid 284,"benzo[g,h,i]perylene",C22H12,0,22,284,,,776.8,5.117,relative (PAHdb experimental),,,,,10.1021/jp983482y,matrix,CH-oop (10.5-15 um; benzene nu11 at 673 included),,,,,,,,,,
1845,matrix,PAHdb experimental 3.10 (Ar matrix),uid 284,"benzo[g,h,i]perylene",C22H12,0,22,284,,,815.5,18.662,relative (PAHdb experimental),,,,,10.1021/jp983482y,matrix,CH-oop (10.5-15 um; benzene nu11 at 673 included),,,,,,,,,,
1846,matrix,PAHdb experimental 3.10 (Ar matrix),uid 284,"benzo[g,h,i]perylene",C22H12,0,22,284,,,846.3,102.34,relative (PAHdb experimental),,,,,10.1021/jp983482y,matrix,CH-oop (10.5-15 um; benzene nu11 at 673 included),,,,,,,,,,
1847,matrix,PAHdb experimental 3.10 (Ar matrix),uid 284,"benzo[g,h,i]perylene",C22H12,0,22,284,,,851.8,1.0234,relative (PAHdb experimental),,,,,10.1021/jp983482y,matrix,CH-oop (10.5-15 um; benzene nu11 at 673 included),,,,,,,,,,
1848,matrix,PAHdb experimental 3.10 (Ar matrix),uid 284,"benzo[g,h,i]perylene",C22H12,0,22,284,,,897.9,2.0468,relative (PAHdb experimental),,,,,10.1021/jp983482y,matrix,CH-oop (10.5-15 um; benzene nu11 at 673 included),,,,,,,,,,
1849,matrix,PAHdb experimental 3.10 (Ar matrix),uid 284,"benzo[g,h,i]perylene",C22H12,0,22,284,,,968.3,1.0234,relative (PAHdb experimental),,,,,10.1021/jp983482y,matrix,ring / CH-ip (9-10.5 um),,,,,,,,,,
1850,matrix,PAHdb experimental 3.10 (Ar matrix),uid 284,"benzo[g,h,i]perylene",C22H12,0,22,284,,,1036.3,2.0468,relative (PAHdb experimental),,,,,10.1021/jp983482y,matrix,ring / CH-ip (9-10.5 um),,,,,,,,,,
1851,matrix,PAHdb experimental 3.10 (Ar matrix),uid 284,"benzo[g,h,i]perylene",C22H12,0,22,284,,,1087.8,1.0234,relative (PAHdb experimental),,,,,10.1021/jp983482y,matrix,ring / CH-ip (9-10.5 um),,,,,,,,,,
1852,matrix,PAHdb experimental 3.10 (Ar matrix),uid 284,"benzo[g,h,i]perylene",C22H12,0,22,284,,,1093.4,1.0234,relative (PAHdb experimental),,,,,10.1021/jp983482y,matrix,ring / CH-ip (9-10.5 um),,,,,,,,,,
1853,matrix,PAHdb experimental 3.10 (Ar matrix),uid 284,"benzo[g,h,i]perylene",C22H12,0,22,284,,,1132.7,6.02,relative (PAHdb experimental),,,,,10.1021/jp983482y,matrix,CH-ip-bend (8.6 um),,,,,,,,,,
1854,matrix,PAHdb experimental 3.10 (Ar matrix),uid 284,"benzo[g,h,i]perylene",C22H12,0,22,284,,,1149.2,3.0702,relative (PAHdb experimental),,,,,10.1021/jp983482y,matrix,CH-ip-bend (8.6 um),,,,,,,,,,
1855,matrix,PAHdb experimental 3.10 (Ar matrix),uid 284,"benzo[g,h,i]perylene",C22H12,0,22,284,,,1155.4,1.0234,relative (PAHdb experimental),,,,,10.1021/jp983482y,matrix,CH-ip-bend (8.6 um),,,,,,,,,,
1856,matrix,PAHdb experimental 3.10 (Ar matrix),uid 284,"benzo[g,h,i]perylene",C22H12,0,22,284,,,1186.9,1.0234,relative (PAHdb experimental),,,,,10.1021/jp983482y,matrix,CH-ip-bend (8.6 um),,,,,,,,,,
1857,matrix,PAHdb experimental 3.10 (Ar matrix),uid 284,"benzo[g,h,i]perylene",C22H12,0,22,284,,,1206.7,7.224,relative (PAHdb experimental),,,,,10.1021/jp983482y,matrix,CH-ip-bend (8.6 um),,,,,,,,,,
1858,matrix,PAHdb experimental 3.10 (Ar matrix),uid 284,"benzo[g,h,i]perylene",C22H12,0,22,284,,,1259.1,1.0234,relative (PAHdb experimental),,,,,10.1021/jp983482y,matrix,CC-stretch/CH-ip (7.7 um),,,,,,,,,,
1859,matrix,PAHdb experimental 3.10 (Ar matrix),uid 284,"benzo[g,h,i]perylene",C22H12,0,22,284,,,1302.9,7.224,relative (PAHdb experimental),,,,,10.1021/jp983482y,matrix,CC-stretch/CH-ip (7.7 um),,,,,,,,,,
1860,matrix,PAHdb experimental 3.10 (Ar matrix),uid 284,"benzo[g,h,i]perylene",C22H12,0,22,284,,,1342.6,22.274,relative (PAHdb experimental),,,,,10.1021/jp983482y,matrix,CC-stretch/CH-ip (7.7 um),,,,,,,,,,
1861,matrix,PAHdb experimental 3.10 (Ar matrix),uid 284,"benzo[g,h,i]perylene",C22H12,0,22,284,,,1350.0,5.117,relative (PAHdb experimental),,,,,10.1021/jp983482y,matrix,CC-stretch/CH-ip (7.7 um),,,,,,,,,,
1862,matrix,PAHdb experimental 3.10 (Ar matrix),uid 284,"benzo[g,h,i]perylene",C22H12,0,22,284,,,1394.7,8.428,relative (PAHdb experimental),,,,,10.1021/jp983482y,matrix,CC-stretch/CH-ip (7.7 um),,,,,,,,,,
1863,matrix,PAHdb experimental 3.10 (Ar matrix),uid 284,"benzo[g,h,i]perylene",C22H12,0,22,284,,,1416.0,6.02,relative (PAHdb experimental),,,,,10.1021/jp983482y,matrix,CC-stretch/CH-ip (7.7 um),,,,,,,,,,
1864,matrix,PAHdb experimental 3.10 (Ar matrix),uid 284,"benzo[g,h,i]perylene",C22H12,0,22,284,,,1422.1,1.0234,relative (PAHdb experimental),,,,,10.1021/jp983482y,matrix,CC-stretch/CH-ip (7.7 um),,,,,,,,,,
1865,matrix,PAHdb experimental 3.10 (Ar matrix),uid 284,"benzo[g,h,i]perylene",C22H12,0,22,284,,,1449.0,13.244,relative (PAHdb experimental),,,,,10.1021/jp983482y,matrix,CC-stretch/CH-ip (7.7 um),,,,,,,,,,
1866,matrix,PAHdb experimental 3.10 (Ar matrix),uid 284,"benzo[g,h,i]perylene",C22H12,0,22,284,,,1517.8,1.0234,relative (PAHdb experimental),,,,,10.1021/jp983482y,matrix,CC-stretch (6.2 um),,,,,,,,,,
1867,matrix,PAHdb experimental 3.10 (Ar matrix),uid 284,"benzo[g,h,i]perylene",C22H12,0,22,284,,,1527.4,2.0468,relative (PAHdb experimental),,,,,10.1021/jp983482y,matrix,CC-stretch (6.2 um),,,,,,,,,,
1868,matrix,PAHdb experimental 3.10 (Ar matrix),uid 284,"benzo[g,h,i]perylene",C22H12,0,22,284,,,1602.1,4.0936,relative (PAHdb experimental),,,,,10.1021/jp983482y,matrix,CC-stretch (6.2 um),,,,,,,,,,
1869,matrix,PAHdb experimental 3.10 (Ar matrix),uid 284,"benzo[g,h,i]perylene",C22H12,0,22,284,,,1673.3,1.0234,relative (PAHdb experimental),,,,,10.1021/jp983482y,matrix,overtone / combination region,,,,,,,,,,
1870,matrix,PAHdb experimental 3.10 (Ar matrix),uid 284,"benzo[g,h,i]perylene",C22H12,0,22,284,,,1726.0,11.438,relative (PAHdb experimental),,,,,10.1021/jp983482y,matrix,overtone / combination region,,,,,,,,,,
1871,matrix,PAHdb experimental 3.10 (Ar matrix),uid 284,"benzo[g,h,i]perylene",C22H12,0,22,284,,,1792.1,2.0468,relative (PAHdb experimental),,,,,10.1021/jp983482y,matrix,overtone / combination region,,,,,,,,,,
1872,matrix,PAHdb experimental 3.10 (Ar matrix),uid 284,"benzo[g,h,i]perylene",C22H12,0,22,284,,,1859.6,6.02,relative (PAHdb experimental),,,,,10.1021/jp983482y,matrix,overtone / combination region,,,,,,,,,,
1873,matrix,PAHdb experimental 3.10 (Ar matrix),uid 284,"benzo[g,h,i]perylene",C22H12,0,22,284,,,1893.4,2.0468,relative (PAHdb experimental),,,,,10.1021/jp983482y,matrix,overtone / combination region,,,,,,,,,,
1874,matrix,PAHdb experimental 3.10 (Ar matrix),uid 284,"benzo[g,h,i]perylene",C22H12,0,22,284,,,1903.5,2.0468,relative (PAHdb experimental),,,,,10.1021/jp983482y,matrix,overtone / combination region,,,,,,,,,,
1875,matrix,PAHdb experimental 3.10 (Ar matrix),uid 284,"benzo[g,h,i]perylene",C22H12,0,22,284,,,1915.6,2.0468,relative (PAHdb experimental),,,,,10.1021/jp983482y,matrix,overtone / combination region,,,,,,,,,,
1876,matrix,PAHdb experimental 3.10 (Ar matrix),uid 284,"benzo[g,h,i]perylene",C22H12,0,22,284,,,1923.4,4.0936,relative (PAHdb experimental),,,,,10.1021/jp983482y,matrix,overtone / combination region,,,,,,,,,,
1877,matrix,PAHdb experimental 3.10 (Ar matrix),uid 284,"benzo[g,h,i]perylene",C22H12,0,22,284,,,1932.0,1.0234,relative (PAHdb experimental),,,,,10.1021/jp983482y,matrix,overtone / combination region,,,,,,,,,,
1878,matrix,PAHdb experimental 3.10 (Ar matrix),uid 284,"benzo[g,h,i]perylene",C22H12,0,22,284,,,3060.8,138.46,relative (PAHdb experimental),,,,,10.1021/jp983482y,matrix,CH-stretch,,,,,,,,,,
1879,matrix,PAHdb experimental 3.10 (Ar matrix),uid 307,pentacene,C22H14,0,22,307,,,570.2,3.4314,relative (PAHdb experimental),,,,,10.1021/jp983482y,matrix,low / skeletal,,,,,,,,,,
1880,matrix,PAHdb experimental 3.10 (Ar matrix),uid 307,pentacene,C22H14,0,22,307,,,623.4,5.719,relative (PAHdb experimental),,,,,10.1021/jp983482y,matrix,low / skeletal,,,,,,,,,,
1881,matrix,PAHdb experimental 3.10 (Ar matrix),uid 307,pentacene,C22H14,0,22,307,,,727.0,1.1438,relative (PAHdb experimental),,,,,10.1021/jp983482y,matrix,CH-oop (10.5-15 um; benzene nu11 at 673 included),,,,,,,,,,
1882,matrix,PAHdb experimental 3.10 (Ar matrix),uid 307,pentacene,C22H14,0,22,307,,,731.3,96.32,relative (PAHdb experimental),,,,,10.1021/jp983482y,matrix,CH-oop (10.5-15 um; benzene nu11 at 673 included),,,,,,,,,,
1883,matrix,PAHdb experimental 3.10 (Ar matrix),uid 307,pentacene,C22H14,0,22,307,,,823.7,17.458,relative (PAHdb experimental),,,,,10.1021/jp983482y,matrix,CH-oop (10.5-15 um; benzene nu11 at 673 included),,,,,,,,,,
1884,matrix,PAHdb experimental 3.10 (Ar matrix),uid 307,pentacene,C22H14,0,22,307,,,877.4,1.1438,relative (PAHdb experimental),,,,,10.1021/jp983482y,matrix,CH-oop (10.5-15 um; benzene nu11 at 673 included),,,,,,,,,,
1885,matrix,PAHdb experimental 3.10 (Ar matrix),uid 307,pentacene,C22H14,0,22,307,,,899.9,114.38,relative (PAHdb experimental),,,,,10.1021/jp983482y,matrix,CH-oop (10.5-15 um; benzene nu11 at 673 included),,,,,,,,,,
1886,matrix,PAHdb experimental 3.10 (Ar matrix),uid 307,pentacene,C22H14,0,22,307,,,952.8,7.826,relative (PAHdb experimental),,,,,10.1021/jp983482y,matrix,ring / CH-ip (9-10.5 um),,,,,,,,,,
1887,matrix,PAHdb experimental 3.10 (Ar matrix),uid 307,pentacene,C22H14,0,22,307,,,995.1,6.622,relative (PAHdb experimental),,,,,10.1021/jp983482y,matrix,ring / CH-ip (9-10.5 um),,,,,,,,,,
1888,matrix,PAHdb experimental 3.10 (Ar matrix),uid 307,pentacene,C22H14,0,22,307,,,1047.7,2.2876,relative (PAHdb experimental),,,,,10.1021/jp983482y,matrix,ring / CH-ip (9-10.5 um),,,,,,,,,,
1889,matrix,PAHdb experimental 3.10 (Ar matrix),uid 307,pentacene,C22H14,0,22,307,,,1122.1,5.719,relative (PAHdb experimental),,,,,10.1021/jp983482y,matrix,CH-ip-bend (8.6 um),,,,,,,,,,
1890,matrix,PAHdb experimental 3.10 (Ar matrix),uid 307,pentacene,C22H14,0,22,307,,,1164.1,2.2876,relative (PAHdb experimental),,,,,10.1021/jp983482y,matrix,CH-ip-bend (8.6 um),,,,,,,,,,
1891,matrix,PAHdb experimental 3.10 (Ar matrix),uid 307,pentacene,C22H14,0,22,307,,,1184.0,2.2876,relative (PAHdb experimental),,,,,10.1021/jp983482y,matrix,CH-ip-bend (8.6 um),,,,,,,,,,
1892,matrix,PAHdb experimental 3.10 (Ar matrix),uid 307,pentacene,C22H14,0,22,307,,,1191.0,1.1438,relative (PAHdb experimental),,,,,10.1021/jp983482y,matrix,CH-ip-bend (8.6 um),,,,,,,,,,
1893,matrix,PAHdb experimental 3.10 (Ar matrix),uid 307,pentacene,C22H14,0,22,307,,,1221.1,1.1438,relative (PAHdb experimental),,,,,10.1021/jp983482y,matrix,CH-ip-bend (8.6 um),,,,,,,,,,
1894,matrix,PAHdb experimental 3.10 (Ar matrix),uid 307,pentacene,C22H14,0,22,307,,,1269.0,2.2876,relative (PAHdb experimental),,,,,10.1021/jp983482y,matrix,CC-stretch/CH-ip (7.7 um),,,,,,,,,,
1895,matrix,PAHdb experimental 3.10 (Ar matrix),uid 307,pentacene,C22H14,0,22,307,,,1278.7,2.2876,relative (PAHdb experimental),,,,,10.1021/jp983482y,matrix,CC-stretch/CH-ip (7.7 um),,,,,,,,,,
1896,matrix,PAHdb experimental 3.10 (Ar matrix),uid 307,pentacene,C22H14,0,22,307,,,1298.9,27.692,relative (PAHdb experimental),,,,,10.1021/jp983482y,matrix,CC-stretch/CH-ip (7.7 um),,,,,,,,,,
1897,matrix,PAHdb experimental 3.10 (Ar matrix),uid 307,pentacene,C22H14,0,22,307,,,1320.9,9.03,relative (PAHdb experimental),,,,,10.1021/jp983482y,matrix,CC-stretch/CH-ip (7.7 um),,,,,,,,,,
1898,matrix,PAHdb experimental 3.10 (Ar matrix),uid 307,pentacene,C22H14,0,22,307,,,1334.5,2.2876,relative (PAHdb experimental),,,,,10.1021/jp983482y,matrix,CC-stretch/CH-ip (7.7 um),,,,,,,,,,
1899,matrix,PAHdb experimental 3.10 (Ar matrix),uid 307,pentacene,C22H14,0,22,307,,,1350.5,7.826,relative (PAHdb experimental),,,,,10.1021/jp983482y,matrix,CC-stretch/CH-ip (7.7 um),,,,,,,,,,
1900,matrix,PAHdb experimental 3.10 (Ar matrix),uid 307,pentacene,C22H14,0,22,307,,,1400.2,4.5752,relative (PAHdb experimental),,,,,10.1021/jp983482y,matrix,CC-stretch/CH-ip (7.7 um),,,,,,,,,,
1901,matrix,PAHdb experimental 3.10 (Ar matrix),uid 307,pentacene,C22H14,0,22,307,,,1407.2,2.2876,relative (PAHdb experimental),,,,,10.1021/jp983482y,matrix,CC-stretch/CH-ip (7.7 um),,,,,,,,,,
1902,matrix,PAHdb experimental 3.10 (Ar matrix),uid 307,pentacene,C22H14,0,22,307,,,1447.8,1.1438,relative (PAHdb experimental),,,,,10.1021/jp983482y,matrix,CC-stretch/CH-ip (7.7 um),,,,,,,,,,
1903,matrix,PAHdb experimental 3.10 (Ar matrix),uid 307,pentacene,C22H14,0,22,307,,,1453.9,1.1438,relative (PAHdb experimental),,,,,10.1021/jp983482y,matrix,CC-stretch/CH-ip (7.7 um),,,,,,,,,,
1904,matrix,PAHdb experimental 3.10 (Ar matrix),uid 307,pentacene,C22H14,0,22,307,,,1503.3,4.5752,relative (PAHdb experimental),,,,,10.1021/jp983482y,matrix,CC-stretch (6.2 um),,,,,,,,,,
1905,matrix,PAHdb experimental 3.10 (Ar matrix),uid 307,pentacene,C22H14,0,22,307,,,1543.3,1.1438,relative (PAHdb experimental),,,,,10.1021/jp983482y,matrix,CC-stretch (6.2 um),,,,,,,,,,
1906,matrix,PAHdb experimental 3.10 (Ar matrix),uid 307,pentacene,C22H14,0,22,307,,,1573.0,2.2876,relative (PAHdb experimental),,,,,10.1021/jp983482y,matrix,CC-stretch (6.2 um),,,,,,,,,,
1907,matrix,PAHdb experimental 3.10 (Ar matrix),uid 307,pentacene,C22H14,0,22,307,,,1600.7,1.1438,relative (PAHdb experimental),,,,,10.1021/jp983482y,matrix,CC-stretch (6.2 um),,,,,,,,,,
1908,matrix,PAHdb experimental 3.10 (Ar matrix),uid 307,pentacene,C22H14,0,22,307,,,1634.2,6.622,relative (PAHdb experimental),,,,,10.1021/jp983482y,matrix,CC-stretch (6.2 um),,,,,,,,,,
1909,matrix,PAHdb experimental 3.10 (Ar matrix),uid 307,pentacene,C22H14,0,22,307,,,1673.7,1.1438,relative (PAHdb experimental),,,,,10.1021/jp983482y,matrix,overtone / combination region,,,,,,,,,,
1910,matrix,PAHdb experimental 3.10 (Ar matrix),uid 307,pentacene,C22H14,0,22,307,,,1745.1,4.5752,relative (PAHdb experimental),,,,,10.1021/jp983482y,matrix,overtone / combination region,,,,,,,,,,
1911,matrix,PAHdb experimental 3.10 (Ar matrix),uid 307,pentacene,C22H14,0,22,307,,,1789.2,11.438,relative (PAHdb experimental),,,,,10.1021/jp983482y,matrix,overtone / combination region,,,,,,,,,,
1912,matrix,PAHdb experimental 3.10 (Ar matrix),uid 307,pentacene,C22H14,0,22,307,,,1903.5,3.4314,relative (PAHdb experimental),,,,,10.1021/jp983482y,matrix,overtone / combination region,,,,,,,,,,
1913,matrix,PAHdb experimental 3.10 (Ar matrix),uid 307,pentacene,C22H14,0,22,307,,,1915.4,2.2876,relative (PAHdb experimental),,,,,10.1021/jp983482y,matrix,overtone / combination region,,,,,,,,,,
1914,matrix,PAHdb experimental 3.10 (Ar matrix),uid 307,pentacene,C22H14,0,22,307,,,1931.1,6.622,relative (PAHdb experimental),,,,,10.1021/jp983482y,matrix,overtone / combination region,,,,,,,,,,
1915,matrix,PAHdb experimental 3.10 (Ar matrix),uid 307,pentacene,C22H14,0,22,307,,,3063.7,192.64,relative (PAHdb experimental),,,,,10.1021/jp983482y,matrix,CH-stretch,,,,,,,,,,
1916,matrix,PAHdb experimental 3.10 (Ar matrix),uid 305,"dibenz[a,j]anthracene""",C22H14,0,22,305,,,432.7,5.71,relative (PAHdb experimental),,,,,10.1016/j.saa.2017.03.044,matrix,low / skeletal,,,,,,,,,,
1917,matrix,PAHdb experimental 3.10 (Ar matrix),uid 305,"dibenz[a,j]anthracene""",C22H14,0,22,305,,,493.1,2.35,relative (PAHdb experimental),,,,,10.1016/j.saa.2017.03.044,matrix,low / skeletal,,,,,,,,,,
1918,matrix,PAHdb experimental 3.10 (Ar matrix),uid 305,"dibenz[a,j]anthracene""",C22H14,0,22,305,,,556.2,3.01,relative (PAHdb experimental),,,,,10.1016/j.saa.2017.03.044,matrix,low / skeletal,,,,,,,,,,
1919,matrix,PAHdb experimental 3.10 (Ar matrix),uid 305,"dibenz[a,j]anthracene""",C22H14,0,22,305,,,591.9,10.61,relative (PAHdb experimental),,,,,10.1016/j.saa.2017.03.044,matrix,low / skeletal,,,,,,,,,,
1920,matrix,PAHdb experimental 3.10 (Ar matrix),uid 305,"dibenz[a,j]anthracene""",C22H14,0,22,305,,,648.8,3.24,relative (PAHdb experimental),,,,,10.1016/j.saa.2017.03.044,matrix,low / skeletal,,,,,,,,,,
1921,matrix,PAHdb experimental 3.10 (Ar matrix),uid 305,"dibenz[a,j]anthracene""",C22H14,0,22,305,,,709.6,7.51,relative (PAHdb experimental),,,,,10.1016/j.saa.2017.03.044,matrix,CH-oop (10.5-15 um; benzene nu11 at 673 included),,,,,,,,,,
1922,matrix,PAHdb experimental 3.10 (Ar matrix),uid 305,"dibenz[a,j]anthracene""",C22H14,0,22,305,,,743.2,53.44,relative (PAHdb experimental),,,,,10.1016/j.saa.2017.03.044,matrix,CH-oop (10.5-15 um; benzene nu11 at 673 included),,,,,,,,,,
1923,matrix,PAHdb experimental 3.10 (Ar matrix),uid 305,"dibenz[a,j]anthracene""",C22H14,0,22,305,,,767.0,2.66,relative (PAHdb experimental),,,,,10.1016/j.saa.2017.03.044,matrix,CH-oop (10.5-15 um; benzene nu11 at 673 included),,,,,,,,,,
1924,matrix,PAHdb experimental 3.10 (Ar matrix),uid 305,"dibenz[a,j]anthracene""",C22H14,0,22,305,,,776.7,1.06,relative (PAHdb experimental),,,,,10.1016/j.saa.2017.03.044,matrix,CH-oop (10.5-15 um; benzene nu11 at 673 included),,,,,,,,,,
1925,matrix,PAHdb experimental 3.10 (Ar matrix),uid 305,"dibenz[a,j]anthracene""",C22H14,0,22,305,,,802.9,46.23,relative (PAHdb experimental),,,,,10.1016/j.saa.2017.03.044,matrix,CH-oop (10.5-15 um; benzene nu11 at 673 included),,,,,,,,,,
1926,matrix,PAHdb experimental 3.10 (Ar matrix),uid 305,"dibenz[a,j]anthracene""",C22H14,0,22,305,,,861.6,1.31,relative (PAHdb experimental),,,,,10.1016/j.saa.2017.03.044,matrix,CH-oop (10.5-15 um; benzene nu11 at 673 included),,,,,,,,,,
1927,matrix,PAHdb experimental 3.10 (Ar matrix),uid 305,"dibenz[a,j]anthracene""",C22H14,0,22,305,,,879.8,1.31,relative (PAHdb experimental),,,,,10.1016/j.saa.2017.03.044,matrix,CH-oop (10.5-15 um; benzene nu11 at 673 included),,,,,,,,,,
1928,matrix,PAHdb experimental 3.10 (Ar matrix),uid 305,"dibenz[a,j]anthracene""",C22H14,0,22,305,,,889.3,33.26,relative (PAHdb experimental),,,,,10.1016/j.saa.2017.03.044,matrix,CH-oop (10.5-15 um; benzene nu11 at 673 included),,,,,,,,,,
1929,matrix,PAHdb experimental 3.10 (Ar matrix),uid 305,"dibenz[a,j]anthracene""",C22H14,0,22,305,,,945.2,3.18,relative (PAHdb experimental),,,,,10.1016/j.saa.2017.03.044,matrix,CH-oop (10.5-15 um; benzene nu11 at 673 included),,,,,,,,,,
1930,matrix,PAHdb experimental 3.10 (Ar matrix),uid 305,"dibenz[a,j]anthracene""",C22H14,0,22,305,,,962.4,2.02,relative (PAHdb experimental),,,,,10.1016/j.saa.2017.03.044,matrix,ring / CH-ip (9-10.5 um),,,,,,,,,,
1931,matrix,PAHdb experimental 3.10 (Ar matrix),uid 305,"dibenz[a,j]anthracene""",C22H14,0,22,305,,,1037.6,3.01,relative (PAHdb experimental),,,,,10.1016/j.saa.2017.03.044,matrix,ring / CH-ip (9-10.5 um),,,,,,,,,,
1932,matrix,PAHdb experimental 3.10 (Ar matrix),uid 305,"dibenz[a,j]anthracene""",C22H14,0,22,305,,,1047.2,4.34,relative (PAHdb experimental),,,,,10.1016/j.saa.2017.03.044,matrix,ring / CH-ip (9-10.5 um),,,,,,,,,,
1933,matrix,PAHdb experimental 3.10 (Ar matrix),uid 305,"dibenz[a,j]anthracene""",C22H14,0,22,305,,,1172.4,3.88,relative (PAHdb experimental),,,,,10.1016/j.saa.2017.03.044,matrix,CH-ip-bend (8.6 um),,,,,,,,,,
1934,matrix,PAHdb experimental 3.10 (Ar matrix),uid 305,"dibenz[a,j]anthracene""",C22H14,0,22,305,,,1213.3,2.63,relative (PAHdb experimental),,,,,10.1016/j.saa.2017.03.044,matrix,CH-ip-bend (8.6 um),,,,,,,,,,
1935,matrix,PAHdb experimental 3.10 (Ar matrix),uid 305,"dibenz[a,j]anthracene""",C22H14,0,22,305,,,1219.7,2.89,relative (PAHdb experimental),,,,,10.1016/j.saa.2017.03.044,matrix,CH-ip-bend (8.6 um),,,,,,,,,,
1936,matrix,PAHdb experimental 3.10 (Ar matrix),uid 305,"dibenz[a,j]anthracene""",C22H14,0,22,305,,,1226.3,10.54,relative (PAHdb experimental),,,,,10.1016/j.saa.2017.03.044,matrix,CH-ip-bend (8.6 um),,,,,,,,,,
1937,matrix,PAHdb experimental 3.10 (Ar matrix),uid 305,"dibenz[a,j]anthracene""",C22H14,0,22,305,,,1269.3,5.04,relative (PAHdb experimental),,,,,10.1016/j.saa.2017.03.044,matrix,CC-stretch/CH-ip (7.7 um),,,,,,,,,,
1938,matrix,PAHdb experimental 3.10 (Ar matrix),uid 305,"dibenz[a,j]anthracene""",C22H14,0,22,305,,,1283.0,2.88,relative (PAHdb experimental),,,,,10.1016/j.saa.2017.03.044,matrix,CC-stretch/CH-ip (7.7 um),,,,,,,,,,
1939,matrix,PAHdb experimental 3.10 (Ar matrix),uid 305,"dibenz[a,j]anthracene""",C22H14,0,22,305,,,1334.6,1.97,relative (PAHdb experimental),,,,,10.1016/j.saa.2017.03.044,matrix,CC-stretch/CH-ip (7.7 um),,,,,,,,,,
1940,matrix,PAHdb experimental 3.10 (Ar matrix),uid 305,"dibenz[a,j]anthracene""",C22H14,0,22,305,,,1352.7,4.08,relative (PAHdb experimental),,,,,10.1016/j.saa.2017.03.044,matrix,CC-stretch/CH-ip (7.7 um),,,,,,,,,,
1941,matrix,PAHdb experimental 3.10 (Ar matrix),uid 305,"dibenz[a,j]anthracene""",C22H14,0,22,305,,,1433.0,14.55,relative (PAHdb experimental),,,,,10.1016/j.saa.2017.03.044,matrix,CC-stretch/CH-ip (7.7 um),,,,,,,,,,
1942,matrix,PAHdb experimental 3.10 (Ar matrix),uid 305,"dibenz[a,j]anthracene""",C22H14,0,22,305,,,1458.3,17.14,relative (PAHdb experimental),,,,,10.1016/j.saa.2017.03.044,matrix,CC-stretch/CH-ip (7.7 um),,,,,,,,,,
1943,matrix,PAHdb experimental 3.10 (Ar matrix),uid 305,"dibenz[a,j]anthracene""",C22H14,0,22,305,,,1495.2,14.27,relative (PAHdb experimental),,,,,10.1016/j.saa.2017.03.044,matrix,CC-stretch/CH-ip (7.7 um),,,,,,,,,,
1944,matrix,PAHdb experimental 3.10 (Ar matrix),uid 305,"dibenz[a,j]anthracene""",C22H14,0,22,305,,,1518.9,12.35,relative (PAHdb experimental),,,,,10.1016/j.saa.2017.03.044,matrix,CC-stretch (6.2 um),,,,,,,,,,
1945,matrix,PAHdb experimental 3.10 (Ar matrix),uid 305,"dibenz[a,j]anthracene""",C22H14,0,22,305,,,1528.1,2.14,relative (PAHdb experimental),,,,,10.1016/j.saa.2017.03.044,matrix,CC-stretch (6.2 um),,,,,,,,,,
1946,matrix,PAHdb experimental 3.10 (Ar matrix),uid 305,"dibenz[a,j]anthracene""",C22H14,0,22,305,,,1668.5,0.79,relative (PAHdb experimental),,,,,10.1016/j.saa.2017.03.044,matrix,overtone / combination region,,,,,,,,,,
1947,matrix,PAHdb experimental 3.10 (Ar matrix),uid 305,"dibenz[a,j]anthracene""",C22H14,0,22,305,,,1682.9,2.1,relative (PAHdb experimental),,,,,10.1016/j.saa.2017.03.044,matrix,overtone / combination region,,,,,,,,,,
1948,matrix,PAHdb experimental 3.10 (Ar matrix),uid 305,"dibenz[a,j]anthracene""",C22H14,0,22,305,,,1702.4,1.22,relative (PAHdb experimental),,,,,10.1016/j.saa.2017.03.044,matrix,overtone / combination region,,,,,,,,,,
1949,matrix,PAHdb experimental 3.10 (Ar matrix),uid 305,"dibenz[a,j]anthracene""",C22H14,0,22,305,,,1744.0,1.48,relative (PAHdb experimental),,,,,10.1016/j.saa.2017.03.044,matrix,overtone / combination region,,,,,,,,,,
1950,matrix,PAHdb experimental 3.10 (Ar matrix),uid 305,"dibenz[a,j]anthracene""",C22H14,0,22,305,,,1748.4,1.19,relative (PAHdb experimental),,,,,10.1016/j.saa.2017.03.044,matrix,overtone / combination region,,,,,,,,,,
1951,matrix,PAHdb experimental 3.10 (Ar matrix),uid 305,"dibenz[a,j]anthracene""",C22H14,0,22,305,,,1759.0,8.97,relative (PAHdb experimental),,,,,10.1016/j.saa.2017.03.044,matrix,overtone / combination region,,,,,,,,,,
1952,matrix,PAHdb experimental 3.10 (Ar matrix),uid 305,"dibenz[a,j]anthracene""",C22H14,0,22,305,,,1771.5,3.86,relative (PAHdb experimental),,,,,10.1016/j.saa.2017.03.044,matrix,overtone / combination region,,,,,,,,,,
1953,matrix,PAHdb experimental 3.10 (Ar matrix),uid 305,"dibenz[a,j]anthracene""",C22H14,0,22,305,,,1777.8,3.94,relative (PAHdb experimental),,,,,10.1016/j.saa.2017.03.044,matrix,overtone / combination region,,,,,,,,,,
1954,matrix,PAHdb experimental 3.10 (Ar matrix),uid 305,"dibenz[a,j]anthracene""",C22H14,0,22,305,,,1803.0,2.12,relative (PAHdb experimental),,,,,10.1016/j.saa.2017.03.044,matrix,overtone / combination region,,,,,,,,,,
1955,matrix,PAHdb experimental 3.10 (Ar matrix),uid 305,"dibenz[a,j]anthracene""",C22H14,0,22,305,,,1824.1,0.89,relative (PAHdb experimental),,,,,10.1016/j.saa.2017.03.044,matrix,overtone / combination region,,,,,,,,,,
1956,matrix,PAHdb experimental 3.10 (Ar matrix),uid 305,"dibenz[a,j]anthracene""",C22H14,0,22,305,,,1833.1,1.67,relative (PAHdb experimental),,,,,10.1016/j.saa.2017.03.044,matrix,overtone / combination region,,,,,,,,,,
1957,matrix,PAHdb experimental 3.10 (Ar matrix),uid 305,"dibenz[a,j]anthracene""",C22H14,0,22,305,,,1849.7,0.78,relative (PAHdb experimental),,,,,10.1016/j.saa.2017.03.044,matrix,overtone / combination region,,,,,,,,,,
1958,matrix,PAHdb experimental 3.10 (Ar matrix),uid 305,"dibenz[a,j]anthracene""",C22H14,0,22,305,,,1884.8,1.61,relative (PAHdb experimental),,,,,10.1016/j.saa.2017.03.044,matrix,overtone / combination region,,,,,,,,,,
1959,matrix,PAHdb experimental 3.10 (Ar matrix),uid 305,"dibenz[a,j]anthracene""",C22H14,0,22,305,,,1902.1,0.69,relative (PAHdb experimental),,,,,10.1016/j.saa.2017.03.044,matrix,overtone / combination region,,,,,,,,,,
1960,matrix,PAHdb experimental 3.10 (Ar matrix),uid 305,"dibenz[a,j]anthracene""",C22H14,0,22,305,,,1911.5,0.59,relative (PAHdb experimental),,,,,10.1016/j.saa.2017.03.044,matrix,overtone / combination region,,,,,,,,,,
1961,matrix,PAHdb experimental 3.10 (Ar matrix),uid 305,"dibenz[a,j]anthracene""",C22H14,0,22,305,,,1913.2,1.12,relative (PAHdb experimental),,,,,10.1016/j.saa.2017.03.044,matrix,overtone / combination region,,,,,,,,,,
1962,matrix,PAHdb experimental 3.10 (Ar matrix),uid 305,"dibenz[a,j]anthracene""",C22H14,0,22,305,,,1917.2,3.41,relative (PAHdb experimental),,,,,10.1016/j.saa.2017.03.044,matrix,overtone / combination region,,,,,,,,,,
1963,matrix,PAHdb experimental 3.10 (Ar matrix),uid 305,"dibenz[a,j]anthracene""",C22H14,0,22,305,,,1932.3,0.45,relative (PAHdb experimental),,,,,10.1016/j.saa.2017.03.044,matrix,overtone / combination region,,,,,,,,,,
1964,matrix,PAHdb experimental 3.10 (Ar matrix),uid 305,"dibenz[a,j]anthracene""",C22H14,0,22,305,,,1942.5,1.12,relative (PAHdb experimental),,,,,10.1016/j.saa.2017.03.044,matrix,overtone / combination region,,,,,,,,,,
1965,matrix,PAHdb experimental 3.10 (Ar matrix),uid 305,"dibenz[a,j]anthracene""",C22H14,0,22,305,,,1943.9,2.07,relative (PAHdb experimental),,,,,10.1016/j.saa.2017.03.044,matrix,overtone / combination region,,,,,,,,,,
1966,matrix,PAHdb experimental 3.10 (Ar matrix),uid 305,"dibenz[a,j]anthracene""",C22H14,0,22,305,,,1947.9,1.38,relative (PAHdb experimental),,,,,10.1016/j.saa.2017.03.044,matrix,overtone / combination region,,,,,,,,,,
1967,matrix,PAHdb experimental 3.10 (Ar matrix),uid 305,"dibenz[a,j]anthracene""",C22H14,0,22,305,,,2200.4,0.27,relative (PAHdb experimental),,,,,10.1016/j.saa.2017.03.044,matrix,overtone / combination region,,,,,,,,,,
1968,matrix,PAHdb experimental 3.10 (Ar matrix),uid 305,"dibenz[a,j]anthracene""",C22H14,0,22,305,,,2296.5,0.48,relative (PAHdb experimental),,,,,10.1016/j.saa.2017.03.044,matrix,overtone / combination region,,,,,,,,,,
1969,matrix,PAHdb experimental 3.10 (Ar matrix),uid 305,"dibenz[a,j]anthracene""",C22H14,0,22,305,,,2974.4,0.89,relative (PAHdb experimental),,,,,10.1016/j.saa.2017.03.044,matrix,CH-stretch,,,,,,,,,,
1970,matrix,PAHdb experimental 3.10 (Ar matrix),uid 305,"dibenz[a,j]anthracene""",C22H14,0,22,305,,,2985.0,1.76,relative (PAHdb experimental),,,,,10.1016/j.saa.2017.03.044,matrix,CH-stretch,,,,,,,,,,
1971,matrix,PAHdb experimental 3.10 (Ar matrix),uid 305,"dibenz[a,j]anthracene""",C22H14,0,22,305,,,3014.2,16.22,relative (PAHdb experimental),,,,,10.1016/j.saa.2017.03.044,matrix,CH-stretch,,,,,,,,,,
1972,matrix,PAHdb experimental 3.10 (Ar matrix),uid 305,"dibenz[a,j]anthracene""",C22H14,0,22,305,,,3044.7,56.51,relative (PAHdb experimental),,,,,10.1016/j.saa.2017.03.044,matrix,CH-stretch,,,,,,,,,,
1973,matrix,PAHdb experimental 3.10 (Ar matrix),uid 305,"dibenz[a,j]anthracene""",C22H14,0,22,305,,,3061.8,45.26,relative (PAHdb experimental),,,,,10.1016/j.saa.2017.03.044,matrix,CH-stretch,,,,,,,,,,
1974,matrix,PAHdb experimental 3.10 (Ar matrix),uid 305,"dibenz[a,j]anthracene""",C22H14,0,22,305,,,3092.5,36.56,relative (PAHdb experimental),,,,,10.1016/j.saa.2017.03.044,matrix,CH-stretch,,,,,,,,,,
1975,matrix,PAHdb experimental 3.10 (Ar matrix),uid 305,"dibenz[a,j]anthracene""",C22H14,0,22,305,,,3128.9,1.61,relative (PAHdb experimental),,,,,10.1016/j.saa.2017.03.044,matrix,CH-stretch,,,,,,,,,,
1976,matrix,PAHdb experimental 3.10 (Ar matrix),uid 308,pentacene,C22H14+,1,22,308,,,740.8,2.408,relative (PAHdb experimental),,,,,10.1021/j100022a007,matrix,CH-oop (10.5-15 um; benzene nu11 at 673 included),,,,,,,,,,
1977,matrix,PAHdb experimental 3.10 (Ar matrix),uid 308,pentacene,C22H14+,1,22,308,,,748.5,42.14,relative (PAHdb experimental),,,,,10.1021/j100022a007,matrix,CH-oop (10.5-15 um; benzene nu11 at 673 included),,,,,,,,,,
1978,matrix,PAHdb experimental 3.10 (Ar matrix),uid 308,pentacene,C22H14+,1,22,308,,,862.0,12.642,relative (PAHdb experimental),,,,,10.1021/j100022a007,matrix,CH-oop (10.5-15 um; benzene nu11 at 673 included),,,,,,,,,,
1979,matrix,PAHdb experimental 3.10 (Ar matrix),uid 308,pentacene,C22H14+,1,22,308,,,933.9,48.16,relative (PAHdb experimental),,,,,10.1021/j100022a007,matrix,CH-oop (10.5-15 um; benzene nu11 at 673 included),,,,,,,,,,
1980,matrix,PAHdb experimental 3.10 (Ar matrix),uid 308,pentacene,C22H14+,1,22,308,,,1149.9,25.886,relative (PAHdb experimental),,,,,10.1021/j100022a007,matrix,CH-ip-bend (8.6 um),,,,,,,,,,
1981,matrix,PAHdb experimental 3.10 (Ar matrix),uid 308,pentacene,C22H14+,1,22,308,,,1171.6,2.2274,relative (PAHdb experimental),,,,,10.1021/j100022a007,matrix,CH-ip-bend (8.6 um),,,,,,,,,,
1982,matrix,PAHdb experimental 3.10 (Ar matrix),uid 308,pentacene,C22H14+,1,22,308,,,1174.7,325.08,relative (PAHdb experimental),,,,,10.1021/j100022a007,matrix,CH-ip-bend (8.6 um),,,,,,,,,,
1983,matrix,PAHdb experimental 3.10 (Ar matrix),uid 308,pentacene,C22H14+,1,22,308,,,1232.8,246.82,relative (PAHdb experimental),,,,,10.1021/j100022a007,matrix,CH-ip-bend (8.6 um),,,,,,,,,,
1984,matrix,PAHdb experimental 3.10 (Ar matrix),uid 308,pentacene,C22H14+,1,22,308,,,1306.0,29.498,relative (PAHdb experimental),,,,,10.1021/j100022a007,matrix,CC-stretch/CH-ip (7.7 um),,,,,,,,,,
1985,matrix,PAHdb experimental 3.10 (Ar matrix),uid 308,pentacene,C22H14+,1,22,308,,,1339.3,30.702,relative (PAHdb experimental),,,,,10.1021/j100022a007,matrix,CC-stretch/CH-ip (7.7 um),,,,,,,,,,
1986,matrix,PAHdb experimental 3.10 (Ar matrix),uid 308,pentacene,C22H14+,1,22,308,,,1361.7,252.84,relative (PAHdb experimental),,,,,10.1021/j100022a007,matrix,CC-stretch/CH-ip (7.7 um),,,,,,,,,,
1987,matrix,PAHdb experimental 3.10 (Ar matrix),uid 308,pentacene,C22H14+,1,22,308,,,1365.6,108.36,relative (PAHdb experimental),,,,,10.1021/j100022a007,matrix,CC-stretch/CH-ip (7.7 um),,,,,,,,,,
1988,matrix,PAHdb experimental 3.10 (Ar matrix),uid 308,pentacene,C22H14+,1,22,308,,,1384.0,31.304,relative (PAHdb experimental),,,,,10.1021/j100022a007,matrix,CC-stretch/CH-ip (7.7 um),,,,,,,,,,
1989,matrix,PAHdb experimental 3.10 (Ar matrix),uid 308,pentacene,C22H14+,1,22,308,,,1395.5,782.6,relative (PAHdb experimental),,,,,10.1021/j100022a007,matrix,CC-stretch/CH-ip (7.7 um),,,,,,,,,,
1990,matrix,PAHdb experimental 3.10 (Ar matrix),uid 308,pentacene,C22H14+,1,22,308,,,1399.0,4.5752,relative (PAHdb experimental),,,,,10.1021/j100022a007,matrix,CC-stretch/CH-ip (7.7 um),,,,,,,,,,
1991,matrix,PAHdb experimental 3.10 (Ar matrix),uid 308,pentacene,C22H14+,1,22,308,,,1417.8,258.86,relative (PAHdb experimental),,,,,10.1021/j100022a007,matrix,CC-stretch/CH-ip (7.7 um),,,,,,,,,,
1992,matrix,PAHdb experimental 3.10 (Ar matrix),uid 308,pentacene,C22H14+,1,22,308,,,1436.0,5.8996,relative (PAHdb experimental),,,,,10.1021/j100022a007,matrix,CC-stretch/CH-ip (7.7 um),,,,,,,,,,
1993,matrix,PAHdb experimental 3.10 (Ar matrix),uid 308,pentacene,C22H14+,1,22,308,,,1448.8,15.652,relative (PAHdb experimental),,,,,10.1021/j100022a007,matrix,CC-stretch/CH-ip (7.7 um),,,,,,,,,,
1994,matrix,PAHdb experimental 3.10 (Ar matrix),uid 308,pentacene,C22H14+,1,22,308,,,1487.5,210.7,relative (PAHdb experimental),,,,,10.1021/j100022a007,matrix,CC-stretch/CH-ip (7.7 um),,,,,,,,,,
1995,matrix,PAHdb experimental 3.10 (Ar matrix),uid 308,pentacene,C22H14+,1,22,308,,,1495.5,44.548,relative (PAHdb experimental),,,,,10.1021/j100022a007,matrix,CC-stretch/CH-ip (7.7 um),,,,,,,,,,
1996,matrix,PAHdb experimental 3.10 (Ar matrix),uid 308,pentacene,C22H14+,1,22,308,,,1504.7,72.24,relative (PAHdb experimental),,,,,10.1021/j100022a007,matrix,CC-stretch (6.2 um),,,,,,,,,,
1997,matrix,PAHdb experimental 3.10 (Ar matrix),uid 308,pentacene,C22H14+,1,22,308,,,1531.1,5.3578,relative (PAHdb experimental),,,,,10.1021/j100022a007,matrix,CC-stretch (6.2 um),,,,,,,,,,
1998,matrix,PAHdb experimental 3.10 (Ar matrix),uid 308,pentacene,C22H14+,1,22,308,,,1534.3,5.1772,relative (PAHdb experimental),,,,,10.1021/j100022a007,matrix,CC-stretch (6.2 um),,,,,,,,,,
1999,matrix,PAHdb experimental 3.10 (Ar matrix),uid 550,"dibenzo[fg,op]naphthacene or dbenzo-pyrene",C24H14-,-1,24,550,,,719.9,26.7,relative (PAHdb experimental),,,,,10.1016/j.saa.2014.04.017,matrix,CH-oop (10.5-15 um; benzene nu11 at 673 included),,,,,,,,,,
2000,matrix,PAHdb experimental 3.10 (Ar matrix),uid 550,"dibenzo[fg,op]naphthacene or dbenzo-pyrene",C24H14-,-1,24,550,,,755.0,30.3,relative (PAHdb experimental),,,,,10.1016/j.saa.2014.04.017,matrix,CH-oop (10.5-15 um; benzene nu11 at 673 included),,,,,,,,,,
2001,matrix,PAHdb experimental 3.10 (Ar matrix),uid 550,"dibenzo[fg,op]naphthacene or dbenzo-pyrene",C24H14-,-1,24,550,,,898.6,74.0,relative (PAHdb experimental),,,,,10.1016/j.saa.2014.04.017,matrix,CH-oop (10.5-15 um; benzene nu11 at 673 included),,,,,,,,,,
2002,matrix,PAHdb experimental 3.10 (Ar matrix),uid 550,"dibenzo[fg,op]naphthacene or dbenzo-pyrene",C24H14-,-1,24,550,,,905.9,41.5,relative (PAHdb experimental),,,,,10.1016/j.saa.2014.04.017,matrix,CH-oop (10.5-15 um; benzene nu11 at 673 included),,,,,,,,,,
2003,matrix,PAHdb experimental 3.10 (Ar matrix),uid 550,"dibenzo[fg,op]naphthacene or dbenzo-pyrene",C24H14-,-1,24,550,,,915.6,75.3,relative (PAHdb experimental),,,,,10.1016/j.saa.2014.04.017,matrix,CH-oop (10.5-15 um; benzene nu11 at 673 included),,,,,,,,,,
2004,matrix,PAHdb experimental 3.10 (Ar matrix),uid 550,"dibenzo[fg,op]naphthacene or dbenzo-pyrene",C24H14-,-1,24,550,,,950.2,3.4,relative (PAHdb experimental),,,,,10.1016/j.saa.2014.04.017,matrix,ring / CH-ip (9-10.5 um),,,,,,,,,,
2005,matrix,PAHdb experimental 3.10 (Ar matrix),uid 550,"dibenzo[fg,op]naphthacene or dbenzo-pyrene",C24H14-,-1,24,550,,,1031.5,35.6,relative (PAHdb experimental),,,,,10.1016/j.saa.2014.04.017,matrix,ring / CH-ip (9-10.5 um),,,,,,,,,,
2006,matrix,PAHdb experimental 3.10 (Ar matrix),uid 550,"dibenzo[fg,op]naphthacene or dbenzo-pyrene",C24H14-,-1,24,550,,,1059.5,11.0,relative (PAHdb experimental),,,,,10.1016/j.saa.2014.04.017,matrix,ring / CH-ip (9-10.5 um),,,,,,,,,,
2007,matrix,PAHdb experimental 3.10 (Ar matrix),uid 550,"dibenzo[fg,op]naphthacene or dbenzo-pyrene",C24H14-,-1,24,550,,,1099.4,43.4,relative (PAHdb experimental),,,,,10.1016/j.saa.2014.04.017,matrix,ring / CH-ip (9-10.5 um),,,,,,,,,,
2008,matrix,PAHdb experimental 3.10 (Ar matrix),uid 550,"dibenzo[fg,op]naphthacene or dbenzo-pyrene",C24H14-,-1,24,550,,,1150.4,13.1,relative (PAHdb experimental),,,,,10.1016/j.saa.2014.04.017,matrix,CH-ip-bend (8.6 um),,,,,,,,,,
2009,matrix,PAHdb experimental 3.10 (Ar matrix),uid 550,"dibenzo[fg,op]naphthacene or dbenzo-pyrene",C24H14-,-1,24,550,,,1180.9,21.5,relative (PAHdb experimental),,,,,10.1016/j.saa.2014.04.017,matrix,CH-ip-bend (8.6 um),,,,,,,,,,
2010,matrix,PAHdb experimental 3.10 (Ar matrix),uid 550,"dibenzo[fg,op]naphthacene or dbenzo-pyrene",C24H14-,-1,24,550,,,1190.3,15.2,relative (PAHdb experimental),,,,,10.1016/j.saa.2014.04.017,matrix,CH-ip-bend (8.6 um),,,,,,,,,,
2011,matrix,PAHdb experimental 3.10 (Ar matrix),uid 550,"dibenzo[fg,op]naphthacene or dbenzo-pyrene",C24H14-,-1,24,550,,,1233.3,35.4,relative (PAHdb experimental),,,,,10.1016/j.saa.2014.04.017,matrix,CH-ip-bend (8.6 um),,,,,,,,,,
2012,matrix,PAHdb experimental 3.10 (Ar matrix),uid 550,"dibenzo[fg,op]naphthacene or dbenzo-pyrene",C24H14-,-1,24,550,,,1249.8,46.4,relative (PAHdb experimental),,,,,10.1016/j.saa.2014.04.017,matrix,CH-ip-bend (8.6 um),,,,,,,,,,
2013,matrix,PAHdb experimental 3.10 (Ar matrix),uid 550,"dibenzo[fg,op]naphthacene or dbenzo-pyrene",C24H14-,-1,24,550,,,1285.7,44.8,relative (PAHdb experimental),,,,,10.1016/j.saa.2014.04.017,matrix,CC-stretch/CH-ip (7.7 um),,,,,,,,,,
2014,matrix,PAHdb experimental 3.10 (Ar matrix),uid 550,"dibenzo[fg,op]naphthacene or dbenzo-pyrene",C24H14-,-1,24,550,,,1288.0,27.0,relative (PAHdb experimental),,,,,10.1016/j.saa.2014.04.017,matrix,CC-stretch/CH-ip (7.7 um),,,,,,,,,,
2015,matrix,PAHdb experimental 3.10 (Ar matrix),uid 550,"dibenzo[fg,op]naphthacene or dbenzo-pyrene",C24H14-,-1,24,550,,,1292.8,116.7,relative (PAHdb experimental),,,,,10.1016/j.saa.2014.04.017,matrix,CC-stretch/CH-ip (7.7 um),,,,,,,,,,
2016,matrix,PAHdb experimental 3.10 (Ar matrix),uid 550,"dibenzo[fg,op]naphthacene or dbenzo-pyrene",C24H14-,-1,24,550,,,1419.1,29.7,relative (PAHdb experimental),,,,,10.1016/j.saa.2014.04.017,matrix,CC-stretch/CH-ip (7.7 um),,,,,,,,,,
2017,matrix,PAHdb experimental 3.10 (Ar matrix),uid 550,"dibenzo[fg,op]naphthacene or dbenzo-pyrene",C24H14-,-1,24,550,,,1504.5,24.0,relative (PAHdb experimental),,,,,10.1016/j.saa.2014.04.017,matrix,CC-stretch (6.2 um),,,,,,,,,,
2018,matrix,PAHdb experimental 3.10 (Ar matrix),uid 18,coronene,C24H12,0,24,18,,,550.5,46.956,relative (PAHdb experimental),,,,,10.1021/jp983482y,matrix,low / skeletal,,,,,,,,,,
2019,matrix,PAHdb experimental 3.10 (Ar matrix),uid 18,coronene,C24H12,0,24,18,,,771.6,19.264,relative (PAHdb experimental),,,,,10.1021/jp983482y,matrix,CH-oop (10.5-15 um; benzene nu11 at 673 included),,,,,,,,,,
2020,matrix,PAHdb experimental 3.10 (Ar matrix),uid 18,coronene,C24H12,0,24,18,,,846.1,1.7458,relative (PAHdb experimental),,,,,10.1021/jp983482y,matrix,CH-oop (10.5-15 um; benzene nu11 at 673 included),,,,,,,,,,
2021,matrix,PAHdb experimental 3.10 (Ar matrix),uid 18,coronene,C24H12,0,24,18,,,857.0,174.58,relative (PAHdb experimental),,,,,10.1021/jp983482y,matrix,CH-oop (10.5-15 um; benzene nu11 at 673 included),,,,,,,,,,
2022,matrix,PAHdb experimental 3.10 (Ar matrix),uid 18,coronene,C24H12,0,24,18,,,1137.0,19.264,relative (PAHdb experimental),,,,,10.1021/jp983482y,matrix,CH-ip-bend (8.6 um),,,,,,,,,,
2023,matrix,PAHdb experimental 3.10 (Ar matrix),uid 18,coronene,C24H12,0,24,18,,,1317.4,55.986,relative (PAHdb experimental),,,,,10.1021/jp983482y,matrix,CC-stretch/CH-ip (7.7 um),,,,,,,,,,
2024,matrix,PAHdb experimental 3.10 (Ar matrix),uid 18,coronene,C24H12,0,24,18,,,1497.9,1.7458,relative (PAHdb experimental),,,,,10.1021/jp983482y,matrix,CC-stretch/CH-ip (7.7 um),,,,,,,,,,
2025,matrix,PAHdb experimental 3.10 (Ar matrix),uid 18,coronene,C24H12,0,24,18,,,1505.3,5.2374,relative (PAHdb experimental),,,,,10.1021/jp983482y,matrix,CC-stretch (6.2 um),,,,,,,,,,
2026,matrix,PAHdb experimental 3.10 (Ar matrix),uid 18,coronene,C24H12,0,24,18,,,1530.4,3.4916,relative (PAHdb experimental),,,,,10.1021/jp983482y,matrix,CC-stretch (6.2 um),,,,,,,,,,
2027,matrix,PAHdb experimental 3.10 (Ar matrix),uid 18,coronene,C24H12,0,24,18,,,1579.2,1.7458,relative (PAHdb experimental),,,,,10.1021/jp983482y,matrix,CC-stretch (6.2 um),,,,,,,,,,
2028,matrix,PAHdb experimental 3.10 (Ar matrix),uid 18,coronene,C24H12,0,24,18,,,1620.7,7.224,relative (PAHdb experimental),,,,,10.1021/jp983482y,matrix,CC-stretch (6.2 um),,,,,,,,,,
2029,matrix,PAHdb experimental 3.10 (Ar matrix),uid 18,coronene,C24H12,0,24,18,,,1695.5,7.224,relative (PAHdb experimental),,,,,10.1021/jp983482y,matrix,overtone / combination region,,,,,,,,,,
2030,matrix,PAHdb experimental 3.10 (Ar matrix),uid 18,coronene,C24H12,0,24,18,,,1718.7,7.224,relative (PAHdb experimental),,,,,10.1021/jp983482y,matrix,overtone / combination region,,,,,,,,,,
2031,matrix,PAHdb experimental 3.10 (Ar matrix),uid 18,coronene,C24H12,0,24,18,,,1767.6,1.7458,relative (PAHdb experimental),,,,,10.1021/jp983482y,matrix,overtone / combination region,,,,,,,,,,
2032,matrix,PAHdb experimental 3.10 (Ar matrix),uid 18,coronene,C24H12,0,24,18,,,1783.8,5.2374,relative (PAHdb experimental),,,,,10.1021/jp983482y,matrix,overtone / combination region,,,,,,,,,,
2033,matrix,PAHdb experimental 3.10 (Ar matrix),uid 18,coronene,C24H12,0,24,18,,,1798.7,1.7458,relative (PAHdb experimental),,,,,10.1021/jp983482y,matrix,overtone / combination region,,,,,,,,,,
2034,matrix,PAHdb experimental 3.10 (Ar matrix),uid 18,coronene,C24H12,0,24,18,,,1808.0,3.4916,relative (PAHdb experimental),,,,,10.1021/jp983482y,matrix,overtone / combination region,,,,,,,,,,
2035,matrix,PAHdb experimental 3.10 (Ar matrix),uid 18,coronene,C24H12,0,24,18,,,1896.0,9.03,relative (PAHdb experimental),,,,,10.1021/jp983482y,matrix,overtone / combination region,,,,,,,,,,
2036,matrix,PAHdb experimental 3.10 (Ar matrix),uid 18,coronene,C24H12,0,24,18,,,1910.4,9.03,relative (PAHdb experimental),,,,,10.1021/jp983482y,matrix,overtone / combination region,,,,,,,,,,
2037,matrix,PAHdb experimental 3.10 (Ar matrix),uid 18,coronene,C24H12,0,24,18,,,1922.9,7.224,relative (PAHdb experimental),,,,,10.1021/jp983482y,matrix,overtone / combination region,,,,,,,,,,
2038,matrix,PAHdb experimental 3.10 (Ar matrix),uid 18,coronene,C24H12,0,24,18,,,3066.8,192.64,relative (PAHdb experimental),,,,,10.1021/jp983482y,matrix,CH-stretch,,,,,,,,,,
2039,matrix,PAHdb experimental 3.10 (Ar matrix),uid 538,"dibenzopyrene or dibenzo[fg,op]naphthacene",C24H14,0,24,538,,,473.5,5.7985,relative (PAHdb experimental),,,,,10.1016/j.saa.2014.04.017,matrix,low / skeletal,,,,,,,,,,
2040,matrix,PAHdb experimental 3.10 (Ar matrix),uid 538,"dibenzopyrene or dibenzo[fg,op]naphthacene",C24H14,0,24,538,,,509.5,2.1005,relative (PAHdb experimental),,,,,10.1016/j.saa.2014.04.017,matrix,low / skeletal,,,,,,,,,,
2041,matrix,PAHdb experimental 3.10 (Ar matrix),uid 538,"dibenzopyrene or dibenzo[fg,op]naphthacene",C24H14,0,24,538,,,578.1,2.088,relative (PAHdb experimental),,,,,10.1016/j.saa.2014.04.017,matrix,low / skeletal,,,,,,,,,,
2042,matrix,PAHdb experimental 3.10 (Ar matrix),uid 538,"dibenzopyrene or dibenzo[fg,op]naphthacene",C24H14,0,24,538,,,618.5,14.518,relative (PAHdb experimental),,,,,10.1016/j.saa.2014.04.017,matrix,low / skeletal,,,,,,,,,,
2043,matrix,PAHdb experimental 3.10 (Ar matrix),uid 538,"dibenzopyrene or dibenzo[fg,op]naphthacene",C24H14,0,24,538,,,751.6,178.89,relative (PAHdb experimental),,,,,10.1016/j.saa.2014.04.017,matrix,CH-oop (10.5-15 um; benzene nu11 at 673 included),,,,,,,,,,
2044,matrix,PAHdb experimental 3.10 (Ar matrix),uid 538,"dibenzopyrene or dibenzo[fg,op]naphthacene",C24H14,0,24,538,,,794.7,0.68017,relative (PAHdb experimental),,,,,10.1016/j.saa.2014.04.017,matrix,CH-oop (10.5-15 um; benzene nu11 at 673 included),,,,,,,,,,
2045,matrix,PAHdb experimental 3.10 (Ar matrix),uid 538,"dibenzopyrene or dibenzo[fg,op]naphthacene",C24H14,0,24,538,,,803.5,5.5284,relative (PAHdb experimental),,,,,10.1016/j.saa.2014.04.017,matrix,CH-oop (10.5-15 um; benzene nu11 at 673 included),,,,,,,,,,
2046,matrix,PAHdb experimental 3.10 (Ar matrix),uid 538,"dibenzopyrene or dibenzo[fg,op]naphthacene",C24H14,0,24,538,,,818.5,0.9357,relative (PAHdb experimental),,,,,10.1016/j.saa.2014.04.017,matrix,CH-oop (10.5-15 um; benzene nu11 at 673 included),,,,,,,,,,
2047,matrix,PAHdb experimental 3.10 (Ar matrix),uid 538,"dibenzopyrene or dibenzo[fg,op]naphthacene",C24H14,0,24,538,,,994.6,0.93976,relative (PAHdb experimental),,,,,10.1016/j.saa.2014.04.017,matrix,ring / CH-ip (9-10.5 um),,,,,,,,,,
2048,matrix,PAHdb experimental 3.10 (Ar matrix),uid 538,"dibenzopyrene or dibenzo[fg,op]naphthacene",C24H14,0,24,538,,,1011.8,0.88685,relative (PAHdb experimental),,,,,10.1016/j.saa.2014.04.017,matrix,ring / CH-ip (9-10.5 um),,,,,,,,,,
2049,matrix,PAHdb experimental 3.10 (Ar matrix),uid 538,"dibenzopyrene or dibenzo[fg,op]naphthacene",C24H14,0,24,538,,,1038.3,1.2014,relative (PAHdb experimental),,,,,10.1016/j.saa.2014.04.017,matrix,ring / CH-ip (9-10.5 um),,,,,,,,,,
2050,matrix,PAHdb experimental 3.10 (Ar matrix),uid 538,"dibenzopyrene or dibenzo[fg,op]naphthacene",C24H14,0,24,538,,,1053.4,8.1401,relative (PAHdb experimental),,,,,10.1016/j.saa.2014.04.017,matrix,ring / CH-ip (9-10.5 um),,,,,,,,,,
2051,matrix,PAHdb experimental 3.10 (Ar matrix),uid 538,"dibenzopyrene or dibenzo[fg,op]naphthacene",C24H14,0,24,538,,,1097.0,2.8335,relative (PAHdb experimental),,,,,10.1016/j.saa.2014.04.017,matrix,ring / CH-ip (9-10.5 um),,,,,,,,,,
2052,matrix,PAHdb experimental 3.10 (Ar matrix),uid 538,"dibenzopyrene or dibenzo[fg,op]naphthacene",C24H14,0,24,538,,,1118.1,1.625,relative (PAHdb experimental),,,,,10.1016/j.saa.2014.04.017,matrix,CH-ip-bend (8.6 um),,,,,,,,,,
2053,matrix,PAHdb experimental 3.10 (Ar matrix),uid 538,"dibenzopyrene or dibenzo[fg,op]naphthacene",C24H14,0,24,538,,,1136.5,2.3165,relative (PAHdb experimental),,,,,10.1016/j.saa.2014.04.017,matrix,CH-ip-bend (8.6 um),,,,,,,,,,
2054,matrix,PAHdb experimental 3.10 (Ar matrix),uid 538,"dibenzopyrene or dibenzo[fg,op]naphthacene",C24H14,0,24,538,,,1168.8,2.7127,relative (PAHdb experimental),,,,,10.1016/j.saa.2014.04.017,matrix,CH-ip-bend (8.6 um),,,,,,,,,,
2055,matrix,PAHdb experimental 3.10 (Ar matrix),uid 538,"dibenzopyrene or dibenzo[fg,op]naphthacene",C24H14,0,24,538,,,1185.1,0.50218,relative (PAHdb experimental),,,,,10.1016/j.saa.2014.04.017,matrix,CH-ip-bend (8.6 um),,,,,,,,,,
2056,matrix,PAHdb experimental 3.10 (Ar matrix),uid 538,"dibenzopyrene or dibenzo[fg,op]naphthacene",C24H14,0,24,538,,,1200.9,5.7223,relative (PAHdb experimental),,,,,10.1016/j.saa.2014.04.017,matrix,CH-ip-bend (8.6 um),,,,,,,,,,
2057,matrix,PAHdb experimental 3.10 (Ar matrix),uid 538,"dibenzopyrene or dibenzo[fg,op]naphthacene",C24H14,0,24,538,,,1232.6,0.68811,relative (PAHdb experimental),,,,,10.1016/j.saa.2014.04.017,matrix,CH-ip-bend (8.6 um),,,,,,,,,,
2058,matrix,PAHdb experimental 3.10 (Ar matrix),uid 538,"dibenzopyrene or dibenzo[fg,op]naphthacene",C24H14,0,24,538,,,1250.1,0.75462,relative (PAHdb experimental),,,,,10.1016/j.saa.2014.04.017,matrix,CC-stretch/CH-ip (7.7 um),,,,,,,,,,
2059,matrix,PAHdb experimental 3.10 (Ar matrix),uid 538,"dibenzopyrene or dibenzo[fg,op]naphthacene",C24H14,0,24,538,,,1255.1,0.54282,relative (PAHdb experimental),,,,,10.1016/j.saa.2014.04.017,matrix,CC-stretch/CH-ip (7.7 um),,,,,,,,,,
2060,matrix,PAHdb experimental 3.10 (Ar matrix),uid 538,"dibenzopyrene or dibenzo[fg,op]naphthacene",C24H14,0,24,538,,,1264.6,10.191,relative (PAHdb experimental),,,,,10.1016/j.saa.2014.04.017,matrix,CC-stretch/CH-ip (7.7 um),,,,,,,,,,
2061,matrix,PAHdb experimental 3.10 (Ar matrix),uid 538,"dibenzopyrene or dibenzo[fg,op]naphthacene",C24H14,0,24,538,,,1337.6,1.6311,relative (PAHdb experimental),,,,,10.1016/j.saa.2014.04.017,matrix,CC-stretch/CH-ip (7.7 um),,,,,,,,,,
2062,matrix,PAHdb experimental 3.10 (Ar matrix),uid 538,"dibenzopyrene or dibenzo[fg,op]naphthacene",C24H14,0,24,538,,,1347.5,1.7864,relative (PAHdb experimental),,,,,10.1016/j.saa.2014.04.017,matrix,CC-stretch/CH-ip (7.7 um),,,,,,,,,,
2063,matrix,PAHdb experimental 3.10 (Ar matrix),uid 538,"dibenzopyrene or dibenzo[fg,op]naphthacene",C24H14,0,24,538,,,1376.4,0.80363,relative (PAHdb experimental),,,,,10.1016/j.saa.2014.04.017,matrix,CC-stretch/CH-ip (7.7 um),,,,,,,,,,
2064,matrix,PAHdb experimental 3.10 (Ar matrix),uid 538,"dibenzopyrene or dibenzo[fg,op]naphthacene",C24H14,0,24,538,,,1385.2,2.6181,relative (PAHdb experimental),,,,,10.1016/j.saa.2014.04.017,matrix,CC-stretch/CH-ip (7.7 um),,,,,,,,,,
2065,matrix,PAHdb experimental 3.10 (Ar matrix),uid 538,"dibenzopyrene or dibenzo[fg,op]naphthacene",C24H14,0,24,538,,,1393.8,20.191,relative (PAHdb experimental),,,,,10.1016/j.saa.2014.04.017,matrix,CC-stretch/CH-ip (7.7 um),,,,,,,,,,
2066,matrix,PAHdb experimental 3.10 (Ar matrix),uid 538,"dibenzopyrene or dibenzo[fg,op]naphthacene",C24H14,0,24,538,,,1403.3,6.2103,relative (PAHdb experimental),,,,,10.1016/j.saa.2014.04.017,matrix,CC-stretch/CH-ip (7.7 um),,,,,,,,,,
2067,matrix,PAHdb experimental 3.10 (Ar matrix),uid 538,"dibenzopyrene or dibenzo[fg,op]naphthacene",C24H14,0,24,538,,,1411.5,0.53763,relative (PAHdb experimental),,,,,10.1016/j.saa.2014.04.017,matrix,CC-stretch/CH-ip (7.7 um),,,,,,,,,,
2068,matrix,PAHdb experimental 3.10 (Ar matrix),uid 538,"dibenzopyrene or dibenzo[fg,op]naphthacene",C24H14,0,24,538,,,1422.7,2.6337,relative (PAHdb experimental),,,,,10.1016/j.saa.2014.04.017,matrix,CC-stretch/CH-ip (7.7 um),,,,,,,,,,
2069,matrix,PAHdb experimental 3.10 (Ar matrix),uid 538,"dibenzopyrene or dibenzo[fg,op]naphthacene",C24H14,0,24,538,,,1441.2,51.899,relative (PAHdb experimental),,,,,10.1016/j.saa.2014.04.017,matrix,CC-stretch/CH-ip (7.7 um),,,,,,,,,,
2070,matrix,PAHdb experimental 3.10 (Ar matrix),uid 538,"dibenzopyrene or dibenzo[fg,op]naphthacene",C24H14,0,24,538,,,1449.0,7.6887,relative (PAHdb experimental),,,,,10.1016/j.saa.2014.04.017,matrix,CC-stretch/CH-ip (7.7 um),,,,,,,,,,
2071,matrix,PAHdb experimental 3.10 (Ar matrix),uid 538,"dibenzopyrene or dibenzo[fg,op]naphthacene",C24H14,0,24,538,,,1462.1,4.5543,relative (PAHdb experimental),,,,,10.1016/j.saa.2014.04.017,matrix,CC-stretch/CH-ip (7.7 um),,,,,,,,,,
2072,matrix,PAHdb experimental 3.10 (Ar matrix),uid 538,"dibenzopyrene or dibenzo[fg,op]naphthacene",C24H14,0,24,538,,,1483.8,1.1034,relative (PAHdb experimental),,,,,10.1016/j.saa.2014.04.017,matrix,CC-stretch/CH-ip (7.7 um),,,,,,,,,,
2073,matrix,PAHdb experimental 3.10 (Ar matrix),uid 538,"dibenzopyrene or dibenzo[fg,op]naphthacene",C24H14,0,24,538,,,1488.3,6.2719,relative (PAHdb experimental),,,,,10.1016/j.saa.2014.04.017,matrix,CC-stretch/CH-ip (7.7 um),,,,,,,,,,
2074,matrix,PAHdb experimental 3.10 (Ar matrix),uid 538,"dibenzopyrene or dibenzo[fg,op]naphthacene",C24H14,0,24,538,,,1543.3,6.3879,relative (PAHdb experimental),,,,,10.1016/j.saa.2014.04.017,matrix,CC-stretch (6.2 um),,,,,,,,,,
2075,matrix,PAHdb experimental 3.10 (Ar matrix),uid 538,"dibenzopyrene or dibenzo[fg,op]naphthacene",C24H14,0,24,538,,,1556.8,0.88918,relative (PAHdb experimental),,,,,10.1016/j.saa.2014.04.017,matrix,CC-stretch (6.2 um),,,,,,,,,,
2076,matrix,PAHdb experimental 3.10 (Ar matrix),uid 538,"dibenzopyrene or dibenzo[fg,op]naphthacene",C24H14,0,24,538,,,1573.2,4.1904,relative (PAHdb experimental),,,,,10.1016/j.saa.2014.04.017,matrix,CC-stretch (6.2 um),,,,,,,,,,
2077,matrix,PAHdb experimental 3.10 (Ar matrix),uid 538,"dibenzopyrene or dibenzo[fg,op]naphthacene",C24H14,0,24,538,,,1591.7,5.8546,relative (PAHdb experimental),,,,,10.1016/j.saa.2014.04.017,matrix,CC-stretch (6.2 um),,,,,,,,,,
2078,matrix,PAHdb experimental 3.10 (Ar matrix),uid 538,"dibenzopyrene or dibenzo[fg,op]naphthacene",C24H14,0,24,538,,,1601.4,13.668,relative (PAHdb experimental),,,,,10.1016/j.saa.2014.04.017,matrix,CC-stretch (6.2 um),,,,,,,,,,
2079,matrix,PAHdb experimental 3.10 (Ar matrix),uid 538,"dibenzopyrene or dibenzo[fg,op]naphthacene",C24H14,0,24,538,,,1618.5,1.5285,relative (PAHdb experimental),,,,,10.1016/j.saa.2014.04.017,matrix,CC-stretch (6.2 um),,,,,,,,,,
2080,matrix,PAHdb experimental 3.10 (Ar matrix),uid 538,"dibenzopyrene or dibenzo[fg,op]naphthacene",C24H14,0,24,538,,,1694.4,5.6719,relative (PAHdb experimental),,,,,10.1016/j.saa.2014.04.017,matrix,overtone / combination region,,,,,,,,,,
2081,matrix,PAHdb experimental 3.10 (Ar matrix),uid 538,"dibenzopyrene or dibenzo[fg,op]naphthacene",C24H14,0,24,538,,,1723.1,0.5834,relative (PAHdb experimental),,,,,10.1016/j.saa.2014.04.017,matrix,overtone / combination region,,,,,,,,,,
2082,matrix,PAHdb experimental 3.10 (Ar matrix),uid 538,"dibenzopyrene or dibenzo[fg,op]naphthacene",C24H14,0,24,538,,,1736.8,1.8446,relative (PAHdb experimental),,,,,10.1016/j.saa.2014.04.017,matrix,overtone / combination region,,,,,,,,,,
2083,matrix,PAHdb experimental 3.10 (Ar matrix),uid 538,"dibenzopyrene or dibenzo[fg,op]naphthacene",C24H14,0,24,538,,,1781.0,2.4636,relative (PAHdb experimental),,,,,10.1016/j.saa.2014.04.017,matrix,overtone / combination region,,,,,,,,,,
2084,matrix,PAHdb experimental 3.10 (Ar matrix),uid 538,"dibenzopyrene or dibenzo[fg,op]naphthacene",C24H14,0,24,538,,,1799.2,0.74241,relative (PAHdb experimental),,,,,10.1016/j.saa.2014.04.017,matrix,overtone / combination region,,,,,,,,,,
2085,matrix,PAHdb experimental 3.10 (Ar matrix),uid 538,"dibenzopyrene or dibenzo[fg,op]naphthacene",C24H14,0,24,538,,,1804.5,1.3439,relative (PAHdb experimental),,,,,10.1016/j.saa.2014.04.017,matrix,overtone / combination region,,,,,,,,,,
2086,matrix,PAHdb experimental 3.10 (Ar matrix),uid 538,"dibenzopyrene or dibenzo[fg,op]naphthacene",C24H14,0,24,538,,,1833.4,0.81481,relative (PAHdb experimental),,,,,10.1016/j.saa.2014.04.017,matrix,overtone / combination region,,,,,,,,,,
2087,matrix,PAHdb experimental 3.10 (Ar matrix),uid 538,"dibenzopyrene or dibenzo[fg,op]naphthacene",C24H14,0,24,538,,,1855.4,2.4863,relative (PAHdb experimental),,,,,10.1016/j.saa.2014.04.017,matrix,overtone / combination region,,,,,,,,,,
2088,matrix,PAHdb experimental 3.10 (Ar matrix),uid 538,"dibenzopyrene or dibenzo[fg,op]naphthacene",C24H14,0,24,538,,,1882.3,1.7702,relative (PAHdb experimental),,,,,10.1016/j.saa.2014.04.017,matrix,overtone / combination region,,,,,,,,,,
2089,matrix,PAHdb experimental 3.10 (Ar matrix),uid 538,"dibenzopyrene or dibenzo[fg,op]naphthacene",C24H14,0,24,538,,,1906.1,0.88494,relative (PAHdb experimental),,,,,10.1016/j.saa.2014.04.017,matrix,overtone / combination region,,,,,,,,,,
2090,matrix,PAHdb experimental 3.10 (Ar matrix),uid 538,"dibenzopyrene or dibenzo[fg,op]naphthacene",C24H14,0,24,538,,,1916.1,1.5577,relative (PAHdb experimental),,,,,10.1016/j.saa.2014.04.017,matrix,overtone / combination region,,,,,,,,,,
2091,matrix,PAHdb experimental 3.10 (Ar matrix),uid 538,"dibenzopyrene or dibenzo[fg,op]naphthacene",C24H14,0,24,538,,,1925.7,1.5456,relative (PAHdb experimental),,,,,10.1016/j.saa.2014.04.017,matrix,overtone / combination region,,,,,,,,,,
2092,matrix,PAHdb experimental 3.10 (Ar matrix),uid 538,"dibenzopyrene or dibenzo[fg,op]naphthacene",C24H14,0,24,538,,,1928.5,1.659,relative (PAHdb experimental),,,,,10.1016/j.saa.2014.04.017,matrix,overtone / combination region,,,,,,,,,,
2093,matrix,PAHdb experimental 3.10 (Ar matrix),uid 538,"dibenzopyrene or dibenzo[fg,op]naphthacene",C24H14,0,24,538,,,1951.0,3.3668,relative (PAHdb experimental),,,,,10.1016/j.saa.2014.04.017,matrix,overtone / combination region,,,,,,,,,,
2094,matrix,PAHdb experimental 3.10 (Ar matrix),uid 538,"dibenzopyrene or dibenzo[fg,op]naphthacene",C24H14,0,24,538,,,3023.1,6.9964,relative (PAHdb experimental),,,,,10.1016/j.saa.2014.04.017,matrix,CH-stretch,,,,,,,,,,
2095,matrix,PAHdb experimental 3.10 (Ar matrix),uid 538,"dibenzopyrene or dibenzo[fg,op]naphthacene",C24H14,0,24,538,,,3051.9,7.7116,relative (PAHdb experimental),,,,,10.1016/j.saa.2014.04.017,matrix,CH-stretch,,,,,,,,,,
2096,matrix,PAHdb experimental 3.10 (Ar matrix),uid 538,"dibenzopyrene or dibenzo[fg,op]naphthacene",C24H14,0,24,538,,,3063.2,5.7802,relative (PAHdb experimental),,,,,10.1016/j.saa.2014.04.017,matrix,CH-stretch,,,,,,,,,,
2097,matrix,PAHdb experimental 3.10 (Ar matrix),uid 538,"dibenzopyrene or dibenzo[fg,op]naphthacene",C24H14,0,24,538,,,3086.6,36.344,relative (PAHdb experimental),,,,,10.1016/j.saa.2014.04.017,matrix,CH-stretch,,,,,,,,,,
2098,matrix,PAHdb experimental 3.10 (Ar matrix),uid 538,"dibenzopyrene or dibenzo[fg,op]naphthacene",C24H14,0,24,538,,,3120.3,15.921,relative (PAHdb experimental),,,,,10.1016/j.saa.2014.04.017,matrix,CH-stretch,,,,,,,,,,
2099,matrix,PAHdb experimental 3.10 (Ar matrix),uid 19,coronene,C24H12+,1,24,19,,,874.5,96.32,relative (PAHdb experimental),,,,,10.1021/j100010a011,matrix,CH-oop (10.5-15 um; benzene nu11 at 673 included),,,,,,,,,,
2100,matrix,PAHdb experimental 3.10 (Ar matrix),uid 19,coronene,C24H12+,1,24,19,,,1378.6,18.662,relative (PAHdb experimental),,,,,10.1021/j100010a011,matrix,CC-stretch/CH-ip (7.7 um),,,,,,,,,,
2101,matrix,PAHdb experimental 3.10 (Ar matrix),uid 19,coronene,C24H12+,1,24,19,,,1579.0,84.28,relative (PAHdb experimental),,,,,10.1021/j100010a011,matrix,CC-stretch (6.2 um),,,,,,,,,,
2102,matrix,PAHdb experimental 3.10 (Ar matrix),uid 549,"dibenzo[fg,op]naphthacene or dbenzo-pyrene",C24H14+,1,24,549,,,610.5,26.3,relative (PAHdb experimental),,,,,10.1016/j.saa.2014.04.017,matrix,low / skeletal,,,,,,,,,,
2103,matrix,PAHdb experimental 3.10 (Ar matrix),uid 549,"dibenzo[fg,op]naphthacene or dbenzo-pyrene",C24H14+,1,24,549,,,725.3,63.7,relative (PAHdb experimental),,,,,10.1016/j.saa.2014.04.017,matrix,CH-oop (10.5-15 um; benzene nu11 at 673 included),,,,,,,,,,
2104,matrix,PAHdb experimental 3.10 (Ar matrix),uid 549,"dibenzo[fg,op]naphthacene or dbenzo-pyrene",C24H14+,1,24,549,,,745.4,8.5,relative (PAHdb experimental),,,,,10.1016/j.saa.2014.04.017,matrix,CH-oop (10.5-15 um; benzene nu11 at 673 included),,,,,,,,,,
2105,matrix,PAHdb experimental 3.10 (Ar matrix),uid 549,"dibenzo[fg,op]naphthacene or dbenzo-pyrene",C24H14+,1,24,549,,,750.5,156.8,relative (PAHdb experimental),,,,,10.1016/j.saa.2014.04.017,matrix,CH-oop (10.5-15 um; benzene nu11 at 673 included),,,,,,,,,,
2106,matrix,PAHdb experimental 3.10 (Ar matrix),uid 549,"dibenzo[fg,op]naphthacene or dbenzo-pyrene",C24H14+,1,24,549,,,774.8,80.2,relative (PAHdb experimental),,,,,10.1016/j.saa.2014.04.017,matrix,CH-oop (10.5-15 um; benzene nu11 at 673 included),,,,,,,,,,
2107,matrix,PAHdb experimental 3.10 (Ar matrix),uid 549,"dibenzo[fg,op]naphthacene or dbenzo-pyrene",C24H14+,1,24,549,,,781.0,13.2,relative (PAHdb experimental),,,,,10.1016/j.saa.2014.04.017,matrix,CH-oop (10.5-15 um; benzene nu11 at 673 included),,,,,,,,,,
2108,matrix,PAHdb experimental 3.10 (Ar matrix),uid 549,"dibenzo[fg,op]naphthacene or dbenzo-pyrene",C24H14+,1,24,549,,,979.8,61.2,relative (PAHdb experimental),,,,,10.1016/j.saa.2014.04.017,matrix,ring / CH-ip (9-10.5 um),,,,,,,,,,
2109,matrix,PAHdb experimental 3.10 (Ar matrix),uid 549,"dibenzo[fg,op]naphthacene or dbenzo-pyrene",C24H14+,1,24,549,,,985.7,13.4,relative (PAHdb experimental),,,,,10.1016/j.saa.2014.04.017,matrix,ring / CH-ip (9-10.5 um),,,,,,,,,,
2110,matrix,PAHdb experimental 3.10 (Ar matrix),uid 549,"dibenzo[fg,op]naphthacene or dbenzo-pyrene",C24H14+,1,24,549,,,1042.2,20.9,relative (PAHdb experimental),,,,,10.1016/j.saa.2014.04.017,matrix,ring / CH-ip (9-10.5 um),,,,,,,,,,
2111,matrix,PAHdb experimental 3.10 (Ar matrix),uid 549,"dibenzo[fg,op]naphthacene or dbenzo-pyrene",C24H14+,1,24,549,,,1081.4,17.7,relative (PAHdb experimental),,,,,10.1016/j.saa.2014.04.017,matrix,ring / CH-ip (9-10.5 um),,,,,,,,,,
2112,matrix,PAHdb experimental 3.10 (Ar matrix),uid 549,"dibenzo[fg,op]naphthacene or dbenzo-pyrene",C24H14+,1,24,549,,,1112.6,20.9,relative (PAHdb experimental),,,,,10.1016/j.saa.2014.04.017,matrix,CH-ip-bend (8.6 um),,,,,,,,,,
2113,matrix,PAHdb experimental 3.10 (Ar matrix),uid 549,"dibenzo[fg,op]naphthacene or dbenzo-pyrene",C24H14+,1,24,549,,,1177.0,22.9,relative (PAHdb experimental),,,,,10.1016/j.saa.2014.04.017,matrix,CH-ip-bend (8.6 um),,,,,,,,,,
2114,matrix,PAHdb experimental 3.10 (Ar matrix),uid 549,"dibenzo[fg,op]naphthacene or dbenzo-pyrene",C24H14+,1,24,549,,,1210.0,25.1,relative (PAHdb experimental),,,,,10.1016/j.saa.2014.04.017,matrix,CH-ip-bend (8.6 um),,,,,,,,,,
2115,matrix,PAHdb experimental 3.10 (Ar matrix),uid 549,"dibenzo[fg,op]naphthacene or dbenzo-pyrene",C24H14+,1,24,549,,,1256.6,36.9,relative (PAHdb experimental),,,,,10.1016/j.saa.2014.04.017,matrix,CC-stretch/CH-ip (7.7 um),,,,,,,,,,
2116,matrix,PAHdb experimental 3.10 (Ar matrix),uid 549,"dibenzo[fg,op]naphthacene or dbenzo-pyrene",C24H14+,1,24,549,,,1285.7,44.8,relative (PAHdb experimental),,,,,10.1016/j.saa.2014.04.017,matrix,CC-stretch/CH-ip (7.7 um),,,,,,,,,,
2117,matrix,PAHdb experimental 3.10 (Ar matrix),uid 549,"dibenzo[fg,op]naphthacene or dbenzo-pyrene",C24H14+,1,24,549,,,1288.0,27.0,relative (PAHdb experimental),,,,,10.1016/j.saa.2014.04.017,matrix,CC-stretch/CH-ip (7.7 um),,,,,,,,,,
2118,matrix,PAHdb experimental 3.10 (Ar matrix),uid 549,"dibenzo[fg,op]naphthacene or dbenzo-pyrene",C24H14+,1,24,549,,,1338.6,459.9,relative (PAHdb experimental),,,,,10.1016/j.saa.2014.04.017,matrix,CC-stretch/CH-ip (7.7 um),,,,,,,,,,
2119,matrix,PAHdb experimental 3.10 (Ar matrix),uid 549,"dibenzo[fg,op]naphthacene or dbenzo-pyrene",C24H14+,1,24,549,,,1346.0,241.6,relative (PAHdb experimental),,,,,10.1016/j.saa.2014.04.017,matrix,CC-stretch/CH-ip (7.7 um),,,,,,,,,,
2120,matrix,PAHdb experimental 3.10 (Ar matrix),uid 549,"dibenzo[fg,op]naphthacene or dbenzo-pyrene",C24H14+,1,24,549,,,1357.1,16.4,relative (PAHdb experimental),,,,,10.1016/j.saa.2014.04.017,matrix,CC-stretch/CH-ip (7.7 um),,,,,,,,,,
2121,matrix,PAHdb experimental 3.10 (Ar matrix),uid 549,"dibenzo[fg,op]naphthacene or dbenzo-pyrene",C24H14+,1,24,549,,,1362.2,24.9,relative (PAHdb experimental),,,,,10.1016/j.saa.2014.04.017,matrix,CC-stretch/CH-ip (7.7 um),,,,,,,,,,
2122,matrix,PAHdb experimental 3.10 (Ar matrix),uid 549,"dibenzo[fg,op]naphthacene or dbenzo-pyrene",C24H14+,1,24,549,,,1393.7,35.2,relative (PAHdb experimental),,,,,10.1016/j.saa.2014.04.017,matrix,CC-stretch/CH-ip (7.7 um),,,,,,,,,,
2123,matrix,PAHdb experimental 3.10 (Ar matrix),uid 549,"dibenzo[fg,op]naphthacene or dbenzo-pyrene",C24H14+,1,24,549,,,1440.1,72.9,relative (PAHdb experimental),,,,,10.1016/j.saa.2014.04.017,matrix,CC-stretch/CH-ip (7.7 um),,,,,,,,,,
2124,matrix,PAHdb experimental 3.10 (Ar matrix),uid 549,"dibenzo[fg,op]naphthacene or dbenzo-pyrene",C24H14+,1,24,549,,,1446.3,8.7,relative (PAHdb experimental),,,,,10.1016/j.saa.2014.04.017,matrix,CC-stretch/CH-ip (7.7 um),,,,,,,,,,
2125,matrix,PAHdb experimental 3.10 (Ar matrix),uid 549,"dibenzo[fg,op]naphthacene or dbenzo-pyrene",C24H14+,1,24,549,,,1456.4,188.5,relative (PAHdb experimental),,,,,10.1016/j.saa.2014.04.017,matrix,CC-stretch/CH-ip (7.7 um),,,,,,,,,,
2126,matrix,PAHdb experimental 3.10 (Ar matrix),uid 549,"dibenzo[fg,op]naphthacene or dbenzo-pyrene",C24H14+,1,24,549,,,1525.0,24.6,relative (PAHdb experimental),,,,,10.1016/j.saa.2014.04.017,matrix,CC-stretch (6.2 um),,,,,,,,,,
2127,matrix,PAHdb experimental 3.10 (Ar matrix),uid 549,"dibenzo[fg,op]naphthacene or dbenzo-pyrene",C24H14+,1,24,549,,,1545.6,83.7,relative (PAHdb experimental),,,,,10.1016/j.saa.2014.04.017,matrix,CC-stretch (6.2 um),,,,,,,,,,
2128,matrix,PAHdb experimental 3.10 (Ar matrix),uid 549,"dibenzo[fg,op]naphthacene or dbenzo-pyrene",C24H14+,1,24,549,,,1557.8,116.8,relative (PAHdb experimental),,,,,10.1016/j.saa.2014.04.017,matrix,CC-stretch (6.2 um),,,,,,,,,,
2129,matrix,PAHdb experimental 3.10 (Ar matrix),uid 549,"dibenzo[fg,op]naphthacene or dbenzo-pyrene",C24H14+,1,24,549,,,1589.8,93.1,relative (PAHdb experimental),,,,,10.1016/j.saa.2014.04.017,matrix,CC-stretch (6.2 um),,,,,,,,,,
2130,matrix,PAHdb experimental 3.10 (Ar matrix),uid 549,"dibenzo[fg,op]naphthacene or dbenzo-pyrene",C24H14+,1,24,549,,,2242.6,11.0,relative (PAHdb experimental),,,,,10.1016/j.saa.2014.04.017,matrix,overtone / combination region,,,,,,,,,,
2131,matrix,PAHdb experimental 3.10 (Ar matrix),uid 549,"dibenzo[fg,op]naphthacene or dbenzo-pyrene",C24H14+,1,24,549,,,2449.0,14.2,relative (PAHdb experimental),,,,,10.1016/j.saa.2014.04.017,matrix,overtone / combination region,,,,,,,,,,
2132,matrix,PAHdb experimental 3.10 (Ar matrix),uid 549,"dibenzo[fg,op]naphthacene or dbenzo-pyrene",C24H14+,1,24,549,,,2664.7,8.9,relative (PAHdb experimental),,,,,10.1016/j.saa.2014.04.017,matrix,overtone / combination region,,,,,,,,,,
2133,matrix,PAHdb experimental 3.10 (Ar matrix),uid 549,"dibenzo[fg,op]naphthacene or dbenzo-pyrene",C24H14+,1,24,549,,,2689.1,19.3,relative (PAHdb experimental),,,,,10.1016/j.saa.2014.04.017,matrix,overtone / combination region,,,,,,,,,,
2134,matrix,PAHdb experimental 3.10 (Ar matrix),uid 549,"dibenzo[fg,op]naphthacene or dbenzo-pyrene",C24H14+,1,24,549,,,2787.4,20.1,relative (PAHdb experimental),,,,,10.1016/j.saa.2014.04.017,matrix,overtone / combination region,,,,,,,,,,
2135,matrix,PAHdb experimental 3.10 (Ar matrix),uid 549,"dibenzo[fg,op]naphthacene or dbenzo-pyrene",C24H14+,1,24,549,,,2861.4,45.7,relative (PAHdb experimental),,,,,10.1016/j.saa.2014.04.017,matrix,overtone / combination region,,,,,,,,,,
2136,matrix,PAHdb experimental 3.10 (Ar matrix),uid 549,"dibenzo[fg,op]naphthacene or dbenzo-pyrene",C24H14+,1,24,549,,,3062.5,7.7,relative (PAHdb experimental),,,,,10.1016/j.saa.2014.04.017,matrix,CH-stretch,,,,,,,,,,
2137,matrix,PAHdb experimental 3.10 (Ar matrix),uid 549,"dibenzo[fg,op]naphthacene or dbenzo-pyrene",C24H14+,1,24,549,,,3093.5,9.1,relative (PAHdb experimental),,,,,10.1016/j.saa.2014.04.017,matrix,CH-stretch,,,,,,,,,,
2138,matrix,PAHdb experimental 3.10 (Ar matrix),uid 549,"dibenzo[fg,op]naphthacene or dbenzo-pyrene",C24H14+,1,24,549,,,3121.0,17.5,relative (PAHdb experimental),,,,,10.1016/j.saa.2014.04.017,matrix,CH-stretch,,,,,,,,,,
2139,matrix,PAHdb experimental 3.10 (Ar matrix),uid 549,"dibenzo[fg,op]naphthacene or dbenzo-pyrene",C24H14+,1,24,549,,,3204.6,10.1,relative (PAHdb experimental),,,,,10.1016/j.saa.2014.04.017,matrix,above 3200,,,,,,,,,,
2140,matrix,PAHdb experimental 3.10 (Ar matrix),uid 813,"dibenzo[fg,st]pentacene or benzo-naptho-pyrene",C28H16-,-1,28,813,,,642.8,81.0,relative (PAHdb experimental),,,,,10.1016/j.saa.2014.04.017,matrix,low / skeletal,,,,,,,,,,
2141,matrix,PAHdb experimental 3.10 (Ar matrix),uid 813,"dibenzo[fg,st]pentacene or benzo-naptho-pyrene",C28H16-,-1,28,813,,,756.2,33.3,relative (PAHdb experimental),,,,,10.1016/j.saa.2014.04.017,matrix,CH-oop (10.5-15 um; benzene nu11 at 673 included),,,,,,,,,,
2142,matrix,PAHdb experimental 3.10 (Ar matrix),uid 813,"dibenzo[fg,st]pentacene or benzo-naptho-pyrene",C28H16-,-1,28,813,,,843.8,169.2,relative (PAHdb experimental),,,,,10.1016/j.saa.2014.04.017,matrix,CH-oop (10.5-15 um; benzene nu11 at 673 included),,,,,,,,,,
2143,matrix,PAHdb experimental 3.10 (Ar matrix),uid 813,"dibenzo[fg,st]pentacene or benzo-naptho-pyrene",C28H16-,-1,28,813,,,873.3,38.1,relative (PAHdb experimental),,,,,10.1016/j.saa.2014.04.017,matrix,CH-oop (10.5-15 um; benzene nu11 at 673 included),,,,,,,,,,
2144,matrix,PAHdb experimental 3.10 (Ar matrix),uid 813,"dibenzo[fg,st]pentacene or benzo-naptho-pyrene",C28H16-,-1,28,813,,,909.4,29.4,relative (PAHdb experimental),,,,,10.1016/j.saa.2014.04.017,matrix,CH-oop (10.5-15 um; benzene nu11 at 673 included),,,,,,,,,,
2145,matrix,PAHdb experimental 3.10 (Ar matrix),uid 813,"dibenzo[fg,st]pentacene or benzo-naptho-pyrene",C28H16-,-1,28,813,,,945.6,29.3,relative (PAHdb experimental),,,,,10.1016/j.saa.2014.04.017,matrix,CH-oop (10.5-15 um; benzene nu11 at 673 included),,,,,,,,,,
2146,matrix,PAHdb experimental 3.10 (Ar matrix),uid 813,"dibenzo[fg,st]pentacene or benzo-naptho-pyrene",C28H16-,-1,28,813,,,1039.8,134.5,relative (PAHdb experimental),,,,,10.1016/j.saa.2014.04.017,matrix,ring / CH-ip (9-10.5 um),,,,,,,,,,
2147,matrix,PAHdb experimental 3.10 (Ar matrix),uid 813,"dibenzo[fg,st]pentacene or benzo-naptho-pyrene",C28H16-,-1,28,813,,,1144.9,78.0,relative (PAHdb experimental),,,,,10.1016/j.saa.2014.04.017,matrix,CH-ip-bend (8.6 um),,,,,,,,,,
2148,matrix,PAHdb experimental 3.10 (Ar matrix),uid 813,"dibenzo[fg,st]pentacene or benzo-naptho-pyrene",C28H16-,-1,28,813,,,1158.5,39.6,relative (PAHdb experimental),,,,,10.1016/j.saa.2014.04.017,matrix,CH-ip-bend (8.6 um),,,,,,,,,,
2149,matrix,PAHdb experimental 3.10 (Ar matrix),uid 813,"dibenzo[fg,st]pentacene or benzo-naptho-pyrene",C28H16-,-1,28,813,,,1179.8,49.2,relative (PAHdb experimental),,,,,10.1016/j.saa.2014.04.017,matrix,CH-ip-bend (8.6 um),,,,,,,,,,
2150,matrix,PAHdb experimental 3.10 (Ar matrix),uid 813,"dibenzo[fg,st]pentacene or benzo-naptho-pyrene",C28H16-,-1,28,813,,,1236.4,105.1,relative (PAHdb experimental),,,,,10.1016/j.saa.2014.04.017,matrix,CH-ip-bend (8.6 um),,,,,,,,,,
2151,matrix,PAHdb experimental 3.10 (Ar matrix),uid 813,"dibenzo[fg,st]pentacene or benzo-naptho-pyrene",C28H16-,-1,28,813,,,1250.1,311.9,relative (PAHdb experimental),,,,,10.1016/j.saa.2014.04.017,matrix,CC-stretch/CH-ip (7.7 um),,,,,,,,,,
2152,matrix,PAHdb experimental 3.10 (Ar matrix),uid 813,"dibenzo[fg,st]pentacene or benzo-naptho-pyrene",C28H16-,-1,28,813,,,1348.7,48.0,relative (PAHdb experimental),,,,,10.1016/j.saa.2014.04.017,matrix,CC-stretch/CH-ip (7.7 um),,,,,,,,,,
2153,matrix,PAHdb experimental 3.10 (Ar matrix),uid 813,"dibenzo[fg,st]pentacene or benzo-naptho-pyrene",C28H16-,-1,28,813,,,1384.6,26.9,relative (PAHdb experimental),,,,,10.1016/j.saa.2014.04.017,matrix,CC-stretch/CH-ip (7.7 um),,,,,,,,,,
2154,matrix,PAHdb experimental 3.10 (Ar matrix),uid 813,"dibenzo[fg,st]pentacene or benzo-naptho-pyrene",C28H16-,-1,28,813,,,1410.2,107.7,relative (PAHdb experimental),,,,,10.1016/j.saa.2014.04.017,matrix,CC-stretch/CH-ip (7.7 um),,,,,,,,,,
2155,matrix,PAHdb experimental 3.10 (Ar matrix),uid 813,"dibenzo[fg,st]pentacene or benzo-naptho-pyrene",C28H16-,-1,28,813,,,1548.3,217.8,relative (PAHdb experimental),,,,,10.1016/j.saa.2014.04.017,matrix,CC-stretch (6.2 um),,,,,,,,,,
2156,matrix,PAHdb experimental 3.10 (Ar matrix),uid 813,"dibenzo[fg,st]pentacene or benzo-naptho-pyrene",C28H16-,-1,28,813,,,1566.7,382.2,relative (PAHdb experimental),,,,,10.1016/j.saa.2014.04.017,matrix,CC-stretch (6.2 um),,,,,,,,,,
2157,matrix,PAHdb experimental 3.10 (Ar matrix),uid 813,"dibenzo[fg,st]pentacene or benzo-naptho-pyrene",C28H16-,-1,28,813,,,4991.4,35174.0,relative (PAHdb experimental),,,,,10.1016/j.saa.2014.04.017,matrix,above 3200,,,,,,,,,,
2158,matrix,PAHdb experimental 3.10 (Ar matrix),uid 537,naptho-benzo-pyrene or dibenzopentacene,C28H16,0,28,537,,,461.7,6.4453,relative (PAHdb experimental),,,,,10.1016/j.saa.2014.04.017,matrix,low / skeletal,,,,,,,,,,
2159,matrix,PAHdb experimental 3.10 (Ar matrix),uid 537,naptho-benzo-pyrene or dibenzopentacene,C28H16,0,28,537,,,577.4,22.23,relative (PAHdb experimental),,,,,10.1016/j.saa.2014.04.017,matrix,low / skeletal,,,,,,,,,,
2160,matrix,PAHdb experimental 3.10 (Ar matrix),uid 537,naptho-benzo-pyrene or dibenzopentacene,C28H16,0,28,537,,,605.0,3.678,relative (PAHdb experimental),,,,,10.1016/j.saa.2014.04.017,matrix,low / skeletal,,,,,,,,,,
2161,matrix,PAHdb experimental 3.10 (Ar matrix),uid 537,naptho-benzo-pyrene or dibenzopentacene,C28H16,0,28,537,,,624.9,0.52819,relative (PAHdb experimental),,,,,10.1016/j.saa.2014.04.017,matrix,low / skeletal,,,,,,,,,,
2162,matrix,PAHdb experimental 3.10 (Ar matrix),uid 537,naptho-benzo-pyrene or dibenzopentacene,C28H16,0,28,537,,,650.3,3.3647,relative (PAHdb experimental),,,,,10.1016/j.saa.2014.04.017,matrix,CH-oop (10.5-15 um; benzene nu11 at 673 included),,,,,,,,,,
2163,matrix,PAHdb experimental 3.10 (Ar matrix),uid 537,naptho-benzo-pyrene or dibenzopentacene,C28H16,0,28,537,,,667.8,0.6512,relative (PAHdb experimental),,,,,10.1016/j.saa.2014.04.017,matrix,CH-oop (10.5-15 um; benzene nu11 at 673 included),,,,,,,,,,
2164,matrix,PAHdb experimental 3.10 (Ar matrix),uid 537,naptho-benzo-pyrene or dibenzopentacene,C28H16,0,28,537,,,704.3,18.983,relative (PAHdb experimental),,,,,10.1016/j.saa.2014.04.017,matrix,CH-oop (10.5-15 um; benzene nu11 at 673 included),,,,,,,,,,
2165,matrix,PAHdb experimental 3.10 (Ar matrix),uid 537,naptho-benzo-pyrene or dibenzopentacene,C28H16,0,28,537,,,742.6,8.945,relative (PAHdb experimental),,,,,10.1016/j.saa.2014.04.017,matrix,CH-oop (10.5-15 um; benzene nu11 at 673 included),,,,,,,,,,
2166,matrix,PAHdb experimental 3.10 (Ar matrix),uid 537,naptho-benzo-pyrene or dibenzopentacene,C28H16,0,28,537,,,752.5,121.09,relative (PAHdb experimental),,,,,10.1016/j.saa.2014.04.017,matrix,CH-oop (10.5-15 um; benzene nu11 at 673 included),,,,,,,,,,
2167,matrix,PAHdb experimental 3.10 (Ar matrix),uid 537,naptho-benzo-pyrene or dibenzopentacene,C28H16,0,28,537,,,769.3,1.0545,relative (PAHdb experimental),,,,,10.1016/j.saa.2014.04.017,matrix,CH-oop (10.5-15 um; benzene nu11 at 673 included),,,,,,,,,,
2168,matrix,PAHdb experimental 3.10 (Ar matrix),uid 537,naptho-benzo-pyrene or dibenzopentacene,C28H16,0,28,537,,,800.1,26.855,relative (PAHdb experimental),,,,,10.1016/j.saa.2014.04.017,matrix,CH-oop (10.5-15 um; benzene nu11 at 673 included),,,,,,,,,,
2169,matrix,PAHdb experimental 3.10 (Ar matrix),uid 537,naptho-benzo-pyrene or dibenzopentacene,C28H16,0,28,537,,,828.1,1.9878,relative (PAHdb experimental),,,,,10.1016/j.saa.2014.04.017,matrix,CH-oop (10.5-15 um; benzene nu11 at 673 included),,,,,,,,,,
2170,matrix,PAHdb experimental 3.10 (Ar matrix),uid 537,naptho-benzo-pyrene or dibenzopentacene,C28H16,0,28,537,,,876.8,29.847,relative (PAHdb experimental),,,,,10.1016/j.saa.2014.04.017,matrix,CH-oop (10.5-15 um; benzene nu11 at 673 included),,,,,,,,,,
2171,matrix,PAHdb experimental 3.10 (Ar matrix),uid 537,naptho-benzo-pyrene or dibenzopentacene,C28H16,0,28,537,,,890.5,1.3636,relative (PAHdb experimental),,,,,10.1016/j.saa.2014.04.017,matrix,CH-oop (10.5-15 um; benzene nu11 at 673 included),,,,,,,,,,
2172,matrix,PAHdb experimental 3.10 (Ar matrix),uid 537,naptho-benzo-pyrene or dibenzopentacene,C28H16,0,28,537,,,914.3,0.84743,relative (PAHdb experimental),,,,,10.1016/j.saa.2014.04.017,matrix,CH-oop (10.5-15 um; benzene nu11 at 673 included),,,,,,,,,,
2173,matrix,PAHdb experimental 3.10 (Ar matrix),uid 537,naptho-benzo-pyrene or dibenzopentacene,C28H16,0,28,537,,,951.8,2.1505,relative (PAHdb experimental),,,,,10.1016/j.saa.2014.04.017,matrix,ring / CH-ip (9-10.5 um),,,,,,,,,,
2174,matrix,PAHdb experimental 3.10 (Ar matrix),uid 537,naptho-benzo-pyrene or dibenzopentacene,C28H16,0,28,537,,,954.1,0.53197,relative (PAHdb experimental),,,,,10.1016/j.saa.2014.04.017,matrix,ring / CH-ip (9-10.5 um),,,,,,,,,,
2175,matrix,PAHdb experimental 3.10 (Ar matrix),uid 537,naptho-benzo-pyrene or dibenzopentacene,C28H16,0,28,537,,,964.9,0.78226,relative (PAHdb experimental),,,,,10.1016/j.saa.2014.04.017,matrix,ring / CH-ip (9-10.5 um),,,,,,,,,,
2176,matrix,PAHdb experimental 3.10 (Ar matrix),uid 537,naptho-benzo-pyrene or dibenzopentacene,C28H16,0,28,537,,,1004.1,3.8985,relative (PAHdb experimental),,,,,10.1016/j.saa.2014.04.017,matrix,ring / CH-ip (9-10.5 um),,,,,,,,,,
2177,matrix,PAHdb experimental 3.10 (Ar matrix),uid 537,naptho-benzo-pyrene or dibenzopentacene,C28H16,0,28,537,,,1057.1,4.3896,relative (PAHdb experimental),,,,,10.1016/j.saa.2014.04.017,matrix,ring / CH-ip (9-10.5 um),,,,,,,,,,
2178,matrix,PAHdb experimental 3.10 (Ar matrix),uid 537,naptho-benzo-pyrene or dibenzopentacene,C28H16,0,28,537,,,1119.9,4.7545,relative (PAHdb experimental),,,,,10.1016/j.saa.2014.04.017,matrix,CH-ip-bend (8.6 um),,,,,,,,,,
2179,matrix,PAHdb experimental 3.10 (Ar matrix),uid 537,naptho-benzo-pyrene or dibenzopentacene,C28H16,0,28,537,,,1153.2,4.7054,relative (PAHdb experimental),,,,,10.1016/j.saa.2014.04.017,matrix,CH-ip-bend (8.6 um),,,,,,,,,,
2180,matrix,PAHdb experimental 3.10 (Ar matrix),uid 537,naptho-benzo-pyrene or dibenzopentacene,C28H16,0,28,537,,,1170.6,1.7001,relative (PAHdb experimental),,,,,10.1016/j.saa.2014.04.017,matrix,CH-ip-bend (8.6 um),,,,,,,,,,
2181,matrix,PAHdb experimental 3.10 (Ar matrix),uid 537,naptho-benzo-pyrene or dibenzopentacene,C28H16,0,28,537,,,1173.5,0.75063,relative (PAHdb experimental),,,,,10.1016/j.saa.2014.04.017,matrix,CH-ip-bend (8.6 um),,,,,,,,,,
2182,matrix,PAHdb experimental 3.10 (Ar matrix),uid 537,naptho-benzo-pyrene or dibenzopentacene,C28H16,0,28,537,,,1198.5,1.2672,relative (PAHdb experimental),,,,,10.1016/j.saa.2014.04.017,matrix,CH-ip-bend (8.6 um),,,,,,,,,,
2183,matrix,PAHdb experimental 3.10 (Ar matrix),uid 537,naptho-benzo-pyrene or dibenzopentacene,C28H16,0,28,537,,,1211.2,8.854,relative (PAHdb experimental),,,,,10.1016/j.saa.2014.04.017,matrix,CH-ip-bend (8.6 um),,,,,,,,,,
2184,matrix,PAHdb experimental 3.10 (Ar matrix),uid 537,naptho-benzo-pyrene or dibenzopentacene,C28H16,0,28,537,,,1227.8,0.69063,relative (PAHdb experimental),,,,,10.1016/j.saa.2014.04.017,matrix,CH-ip-bend (8.6 um),,,,,,,,,,
2185,matrix,PAHdb experimental 3.10 (Ar matrix),uid 537,naptho-benzo-pyrene or dibenzopentacene,C28H16,0,28,537,,,1261.0,8.6791,relative (PAHdb experimental),,,,,10.1016/j.saa.2014.04.017,matrix,CC-stretch/CH-ip (7.7 um),,,,,,,,,,
2186,matrix,PAHdb experimental 3.10 (Ar matrix),uid 537,naptho-benzo-pyrene or dibenzopentacene,C28H16,0,28,537,,,1274.4,1.0603,relative (PAHdb experimental),,,,,10.1016/j.saa.2014.04.017,matrix,CC-stretch/CH-ip (7.7 um),,,,,,,,,,
2187,matrix,PAHdb experimental 3.10 (Ar matrix),uid 537,naptho-benzo-pyrene or dibenzopentacene,C28H16,0,28,537,,,1315.9,3.1646,relative (PAHdb experimental),,,,,10.1016/j.saa.2014.04.017,matrix,CC-stretch/CH-ip (7.7 um),,,,,,,,,,
2188,matrix,PAHdb experimental 3.10 (Ar matrix),uid 537,naptho-benzo-pyrene or dibenzopentacene,C28H16,0,28,537,,,1334.5,1.9039,relative (PAHdb experimental),,,,,10.1016/j.saa.2014.04.017,matrix,CC-stretch/CH-ip (7.7 um),,,,,,,,,,
2189,matrix,PAHdb experimental 3.10 (Ar matrix),uid 537,naptho-benzo-pyrene or dibenzopentacene,C28H16,0,28,537,,,1344.5,5.9576,relative (PAHdb experimental),,,,,10.1016/j.saa.2014.04.017,matrix,CC-stretch/CH-ip (7.7 um),,,,,,,,,,
2190,matrix,PAHdb experimental 3.10 (Ar matrix),uid 537,naptho-benzo-pyrene or dibenzopentacene,C28H16,0,28,537,,,1352.7,6.4439,relative (PAHdb experimental),,,,,10.1016/j.saa.2014.04.017,matrix,CC-stretch/CH-ip (7.7 um),,,,,,,,,,
2191,matrix,PAHdb experimental 3.10 (Ar matrix),uid 537,naptho-benzo-pyrene or dibenzopentacene,C28H16,0,28,537,,,1405.1,15.004,relative (PAHdb experimental),,,,,10.1016/j.saa.2014.04.017,matrix,CC-stretch/CH-ip (7.7 um),,,,,,,,,,
2192,matrix,PAHdb experimental 3.10 (Ar matrix),uid 537,naptho-benzo-pyrene or dibenzopentacene,C28H16,0,28,537,,,1419.0,4.0663,relative (PAHdb experimental),,,,,10.1016/j.saa.2014.04.017,matrix,CC-stretch/CH-ip (7.7 um),,,,,,,,,,
2193,matrix,PAHdb experimental 3.10 (Ar matrix),uid 537,naptho-benzo-pyrene or dibenzopentacene,C28H16,0,28,537,,,1425.9,2.3534,relative (PAHdb experimental),,,,,10.1016/j.saa.2014.04.017,matrix,CC-stretch/CH-ip (7.7 um),,,,,,,,,,
2194,matrix,PAHdb experimental 3.10 (Ar matrix),uid 537,naptho-benzo-pyrene or dibenzopentacene,C28H16,0,28,537,,,1437.2,21.97,relative (PAHdb experimental),,,,,10.1016/j.saa.2014.04.017,matrix,CC-stretch/CH-ip (7.7 um),,,,,,,,,,
2195,matrix,PAHdb experimental 3.10 (Ar matrix),uid 537,naptho-benzo-pyrene or dibenzopentacene,C28H16,0,28,537,,,1443.9,47.048,relative (PAHdb experimental),,,,,10.1016/j.saa.2014.04.017,matrix,CC-stretch/CH-ip (7.7 um),,,,,,,,,,
2196,matrix,PAHdb experimental 3.10 (Ar matrix),uid 537,naptho-benzo-pyrene or dibenzopentacene,C28H16,0,28,537,,,1471.2,7.3645,relative (PAHdb experimental),,,,,10.1016/j.saa.2014.04.017,matrix,CC-stretch/CH-ip (7.7 um),,,,,,,,,,
2197,matrix,PAHdb experimental 3.10 (Ar matrix),uid 537,naptho-benzo-pyrene or dibenzopentacene,C28H16,0,28,537,,,1489.8,12.545,relative (PAHdb experimental),,,,,10.1016/j.saa.2014.04.017,matrix,CC-stretch/CH-ip (7.7 um),,,,,,,,,,
2198,matrix,PAHdb experimental 3.10 (Ar matrix),uid 537,naptho-benzo-pyrene or dibenzopentacene,C28H16,0,28,537,,,1505.0,2.5823,relative (PAHdb experimental),,,,,10.1016/j.saa.2014.04.017,matrix,CC-stretch (6.2 um),,,,,,,,,,
2199,matrix,PAHdb experimental 3.10 (Ar matrix),uid 537,naptho-benzo-pyrene or dibenzopentacene,C28H16,0,28,537,,,1510.1,0.79044,relative (PAHdb experimental),,,,,10.1016/j.saa.2014.04.017,matrix,CC-stretch (6.2 um),,,,,,,,,,
2200,matrix,PAHdb experimental 3.10 (Ar matrix),uid 537,naptho-benzo-pyrene or dibenzopentacene,C28H16,0,28,537,,,1554.4,13.0,relative (PAHdb experimental),,,,,10.1016/j.saa.2014.04.017,matrix,CC-stretch (6.2 um),,,,,,,,,,
2201,matrix,PAHdb experimental 3.10 (Ar matrix),uid 537,naptho-benzo-pyrene or dibenzopentacene,C28H16,0,28,537,,,1570.4,1.068,relative (PAHdb experimental),,,,,10.1016/j.saa.2014.04.017,matrix,CC-stretch (6.2 um),,,,,,,,,,
2202,matrix,PAHdb experimental 3.10 (Ar matrix),uid 537,naptho-benzo-pyrene or dibenzopentacene,C28H16,0,28,537,,,1585.4,4.3573,relative (PAHdb experimental),,,,,10.1016/j.saa.2014.04.017,matrix,CC-stretch (6.2 um),,,,,,,,,,
2203,matrix,PAHdb experimental 3.10 (Ar matrix),uid 537,naptho-benzo-pyrene or dibenzopentacene,C28H16,0,28,537,,,1589.6,1.4921,relative (PAHdb experimental),,,,,10.1016/j.saa.2014.04.017,matrix,CC-stretch (6.2 um),,,,,,,,,,
2204,matrix,PAHdb experimental 3.10 (Ar matrix),uid 537,naptho-benzo-pyrene or dibenzopentacene,C28H16,0,28,537,,,1599.9,8.3753,relative (PAHdb experimental),,,,,10.1016/j.saa.2014.04.017,matrix,CC-stretch (6.2 um),,,,,,,,,,
2205,matrix,PAHdb experimental 3.10 (Ar matrix),uid 537,naptho-benzo-pyrene or dibenzopentacene,C28H16,0,28,537,,,1692.4,5.1781,relative (PAHdb experimental),,,,,10.1016/j.saa.2014.04.017,matrix,overtone / combination region,,,,,,,,,,
2206,matrix,PAHdb experimental 3.10 (Ar matrix),uid 537,naptho-benzo-pyrene or dibenzopentacene,C28H16,0,28,537,,,1734.5,0.79769,relative (PAHdb experimental),,,,,10.1016/j.saa.2014.04.017,matrix,overtone / combination region,,,,,,,,,,
2207,matrix,PAHdb experimental 3.10 (Ar matrix),uid 537,naptho-benzo-pyrene or dibenzopentacene,C28H16,0,28,537,,,1759.5,0.7972,relative (PAHdb experimental),,,,,10.1016/j.saa.2014.04.017,matrix,overtone / combination region,,,,,,,,,,
2208,matrix,PAHdb experimental 3.10 (Ar matrix),uid 537,naptho-benzo-pyrene or dibenzopentacene,C28H16,0,28,537,,,1782.7,2.2649,relative (PAHdb experimental),,,,,10.1016/j.saa.2014.04.017,matrix,overtone / combination region,,,,,,,,,,
2209,matrix,PAHdb experimental 3.10 (Ar matrix),uid 537,naptho-benzo-pyrene or dibenzopentacene,C28H16,0,28,537,,,1803.3,1.2151,relative (PAHdb experimental),,,,,10.1016/j.saa.2014.04.017,matrix,overtone / combination region,,,,,,,,,,
2210,matrix,PAHdb experimental 3.10 (Ar matrix),uid 537,naptho-benzo-pyrene or dibenzopentacene,C28H16,0,28,537,,,1811.9,1.6625,relative (PAHdb experimental),,,,,10.1016/j.saa.2014.04.017,matrix,overtone / combination region,,,,,,,,,,
2211,matrix,PAHdb experimental 3.10 (Ar matrix),uid 537,naptho-benzo-pyrene or dibenzopentacene,C28H16,0,28,537,,,1835.6,1.0494,relative (PAHdb experimental),,,,,10.1016/j.saa.2014.04.017,matrix,overtone / combination region,,,,,,,,,,
2212,matrix,PAHdb experimental 3.10 (Ar matrix),uid 537,naptho-benzo-pyrene or dibenzopentacene,C28H16,0,28,537,,,1855.9,3.6362,relative (PAHdb experimental),,,,,10.1016/j.saa.2014.04.017,matrix,overtone / combination region,,,,,,,,,,
2213,matrix,PAHdb experimental 3.10 (Ar matrix),uid 537,naptho-benzo-pyrene or dibenzopentacene,C28H16,0,28,537,,,1884.3,1.1773,relative (PAHdb experimental),,,,,10.1016/j.saa.2014.04.017,matrix,overtone / combination region,,,,,,,,,,
2214,matrix,PAHdb experimental 3.10 (Ar matrix),uid 537,naptho-benzo-pyrene or dibenzopentacene,C28H16,0,28,537,,,1902.1,0.96092,relative (PAHdb experimental),,,,,10.1016/j.saa.2014.04.017,matrix,overtone / combination region,,,,,,,,,,
2215,matrix,PAHdb experimental 3.10 (Ar matrix),uid 537,naptho-benzo-pyrene or dibenzopentacene,C28H16,0,28,537,,,1906.4,1.0141,relative (PAHdb experimental),,,,,10.1016/j.saa.2014.04.017,matrix,overtone / combination region,,,,,,,,,,
2216,matrix,PAHdb experimental 3.10 (Ar matrix),uid 537,naptho-benzo-pyrene or dibenzopentacene,C28H16,0,28,537,,,1920.7,0.31662,relative (PAHdb experimental),,,,,10.1016/j.saa.2014.04.017,matrix,overtone / combination region,,,,,,,,,,
2217,matrix,PAHdb experimental 3.10 (Ar matrix),uid 537,naptho-benzo-pyrene or dibenzopentacene,C28H16,0,28,537,,,1926.1,4.1637,relative (PAHdb experimental),,,,,10.1016/j.saa.2014.04.017,matrix,overtone / combination region,,,,,,,,,,
2218,matrix,PAHdb experimental 3.10 (Ar matrix),uid 537,naptho-benzo-pyrene or dibenzopentacene,C28H16,0,28,537,,,1942.1,2.8692,relative (PAHdb experimental),,,,,10.1016/j.saa.2014.04.017,matrix,overtone / combination region,,,,,,,,,,
2219,matrix,PAHdb experimental 3.10 (Ar matrix),uid 537,naptho-benzo-pyrene or dibenzopentacene,C28H16,0,28,537,,,1947.1,2.9296,relative (PAHdb experimental),,,,,10.1016/j.saa.2014.04.017,matrix,overtone / combination region,,,,,,,,,,
2220,matrix,PAHdb experimental 3.10 (Ar matrix),uid 537,naptho-benzo-pyrene or dibenzopentacene,C28H16,0,28,537,,,2983.1,1.5718,relative (PAHdb experimental),,,,,10.1016/j.saa.2014.04.017,matrix,CH-stretch,,,,,,,,,,
2221,matrix,PAHdb experimental 3.10 (Ar matrix),uid 537,naptho-benzo-pyrene or dibenzopentacene,C28H16,0,28,537,,,3024.6,7.7912,relative (PAHdb experimental),,,,,10.1016/j.saa.2014.04.017,matrix,CH-stretch,,,,,,,,,,
2222,matrix,PAHdb experimental 3.10 (Ar matrix),uid 537,naptho-benzo-pyrene or dibenzopentacene,C28H16,0,28,537,,,3070.5,51.834,relative (PAHdb experimental),,,,,10.1016/j.saa.2014.04.017,matrix,CH-stretch,,,,,,,,,,
2223,matrix,PAHdb experimental 3.10 (Ar matrix),uid 537,naptho-benzo-pyrene or dibenzopentacene,C28H16,0,28,537,,,3090.8,40.697,relative (PAHdb experimental),,,,,10.1016/j.saa.2014.04.017,matrix,CH-stretch,,,,,,,,,,
2224,matrix,PAHdb experimental 3.10 (Ar matrix),uid 537,naptho-benzo-pyrene or dibenzopentacene,C28H16,0,28,537,,,3112.5,12.484,relative (PAHdb experimental),,,,,10.1016/j.saa.2014.04.017,matrix,CH-stretch,,,,,,,,,,
2225,matrix,PAHdb experimental 3.10 (Ar matrix),uid 548,"dibenzo[fg,st]pentacene or benzo-naptho-pyrene",C28H16+,1,28,548,,,547.5,74.1,relative (PAHdb experimental),,,,,10.1016/j.saa.2014.04.017,matrix,low / skeletal,,,,,,,,,,
2226,matrix,PAHdb experimental 3.10 (Ar matrix),uid 548,"dibenzo[fg,st]pentacene or benzo-naptho-pyrene",C28H16+,1,28,548,,,642.8,39.4,relative (PAHdb experimental),,,,,10.1016/j.saa.2014.04.017,matrix,low / skeletal,,,,,,,,,,
2227,matrix,PAHdb experimental 3.10 (Ar matrix),uid 548,"dibenzo[fg,st]pentacene or benzo-naptho-pyrene",C28H16+,1,28,548,,,756.2,59.9,relative (PAHdb experimental),,,,,10.1016/j.saa.2014.04.017,matrix,CH-oop (10.5-15 um; benzene nu11 at 673 included),,,,,,,,,,
2228,matrix,PAHdb experimental 3.10 (Ar matrix),uid 548,"dibenzo[fg,st]pentacene or benzo-naptho-pyrene",C28H16+,1,28,548,,,792.6,44.7,relative (PAHdb experimental),,,,,10.1016/j.saa.2014.04.017,matrix,CH-oop (10.5-15 um; benzene nu11 at 673 included),,,,,,,,,,
2229,matrix,PAHdb experimental 3.10 (Ar matrix),uid 548,"dibenzo[fg,st]pentacene or benzo-naptho-pyrene",C28H16+,1,28,548,,,803.0,18.2,relative (PAHdb experimental),,,,,10.1016/j.saa.2014.04.017,matrix,CH-oop (10.5-15 um; benzene nu11 at 673 included),,,,,,,,,,
2230,matrix,PAHdb experimental 3.10 (Ar matrix),uid 548,"dibenzo[fg,st]pentacene or benzo-naptho-pyrene",C28H16+,1,28,548,,,824.0,16.8,relative (PAHdb experimental),,,,,10.1016/j.saa.2014.04.017,matrix,CH-oop (10.5-15 um; benzene nu11 at 673 included),,,,,,,,,,
2231,matrix,PAHdb experimental 3.10 (Ar matrix),uid 548,"dibenzo[fg,st]pentacene or benzo-naptho-pyrene",C28H16+,1,28,548,,,895.0,40.6,relative (PAHdb experimental),,,,,10.1016/j.saa.2014.04.017,matrix,CH-oop (10.5-15 um; benzene nu11 at 673 included),,,,,,,,,,
2232,matrix,PAHdb experimental 3.10 (Ar matrix),uid 548,"dibenzo[fg,st]pentacene or benzo-naptho-pyrene",C28H16+,1,28,548,,,945.6,9.1,relative (PAHdb experimental),,,,,10.1016/j.saa.2014.04.017,matrix,CH-oop (10.5-15 um; benzene nu11 at 673 included),,,,,,,,,,
2233,matrix,PAHdb experimental 3.10 (Ar matrix),uid 548,"dibenzo[fg,st]pentacene or benzo-naptho-pyrene",C28H16+,1,28,548,,,1011.4,182.6,relative (PAHdb experimental),,,,,10.1016/j.saa.2014.04.017,matrix,ring / CH-ip (9-10.5 um),,,,,,,,,,
2234,matrix,PAHdb experimental 3.10 (Ar matrix),uid 548,"dibenzo[fg,st]pentacene or benzo-naptho-pyrene",C28H16+,1,28,548,,,1039.8,134.5,relative (PAHdb experimental),,,,,10.1016/j.saa.2014.04.017,matrix,ring / CH-ip (9-10.5 um),,,,,,,,,,
2235,matrix,PAHdb experimental 3.10 (Ar matrix),uid 548,"dibenzo[fg,st]pentacene or benzo-naptho-pyrene",C28H16+,1,28,548,,,1099.8,110.8,relative (PAHdb experimental),,,,,10.1016/j.saa.2014.04.017,matrix,ring / CH-ip (9-10.5 um),,,,,,,,,,
2236,matrix,PAHdb experimental 3.10 (Ar matrix),uid 548,"dibenzo[fg,st]pentacene or benzo-naptho-pyrene",C28H16+,1,28,548,,,1144.9,78.0,relative (PAHdb experimental),,,,,10.1016/j.saa.2014.04.017,matrix,CH-ip-bend (8.6 um),,,,,,,,,,
2237,matrix,PAHdb experimental 3.10 (Ar matrix),uid 548,"dibenzo[fg,st]pentacene or benzo-naptho-pyrene",C28H16+,1,28,548,,,1158.5,40.0,relative (PAHdb experimental),,,,,10.1016/j.saa.2014.04.017,matrix,CH-ip-bend (8.6 um),,,,,,,,,,
2238,matrix,PAHdb experimental 3.10 (Ar matrix),uid 548,"dibenzo[fg,st]pentacene or benzo-naptho-pyrene",C28H16+,1,28,548,,,1236.4,105.1,relative (PAHdb experimental),,,,,10.1016/j.saa.2014.04.017,matrix,CH-ip-bend (8.6 um),,,,,,,,,,
2239,matrix,PAHdb experimental 3.10 (Ar matrix),uid 548,"dibenzo[fg,st]pentacene or benzo-naptho-pyrene",C28H16+,1,28,548,,,1250.1,311.9,relative (PAHdb experimental),,,,,10.1016/j.saa.2014.04.017,matrix,CC-stretch/CH-ip (7.7 um),,,,,,,,,,
2240,matrix,PAHdb experimental 3.10 (Ar matrix),uid 548,"dibenzo[fg,st]pentacene or benzo-naptho-pyrene",C28H16+,1,28,548,,,1304.4,2777.9,relative (PAHdb experimental),,,,,10.1016/j.saa.2014.04.017,matrix,CC-stretch/CH-ip (7.7 um),,,,,,,,,,
2241,matrix,PAHdb experimental 3.10 (Ar matrix),uid 548,"dibenzo[fg,st]pentacene or benzo-naptho-pyrene",C28H16+,1,28,548,,,1321.0,703.2,relative (PAHdb experimental),,,,,10.1016/j.saa.2014.04.017,matrix,CC-stretch/CH-ip (7.7 um),,,,,,,,,,
2242,matrix,PAHdb experimental 3.10 (Ar matrix),uid 548,"dibenzo[fg,st]pentacene or benzo-naptho-pyrene",C28H16+,1,28,548,,,1335.6,210.3,relative (PAHdb experimental),,,,,10.1016/j.saa.2014.04.017,matrix,CC-stretch/CH-ip (7.7 um),,,,,,,,,,
2243,matrix,PAHdb experimental 3.10 (Ar matrix),uid 548,"dibenzo[fg,st]pentacene or benzo-naptho-pyrene",C28H16+,1,28,548,,,1369.3,270.4,relative (PAHdb experimental),,,,,10.1016/j.saa.2014.04.017,matrix,CC-stretch/CH-ip (7.7 um),,,,,,,,,,
2244,matrix,PAHdb experimental 3.10 (Ar matrix),uid 548,"dibenzo[fg,st]pentacene or benzo-naptho-pyrene",C28H16+,1,28,548,,,1476.0,92.1,relative (PAHdb experimental),,,,,10.1016/j.saa.2014.04.017,matrix,CC-stretch/CH-ip (7.7 um),,,,,,,,,,
2245,matrix,PAHdb experimental 3.10 (Ar matrix),uid 548,"dibenzo[fg,st]pentacene or benzo-naptho-pyrene",C28H16+,1,28,548,,,1491.1,49.6,relative (PAHdb experimental),,,,,10.1016/j.saa.2014.04.017,matrix,CC-stretch/CH-ip (7.7 um),,,,,,,,,,
2246,matrix,PAHdb experimental 3.10 (Ar matrix),uid 548,"dibenzo[fg,st]pentacene or benzo-naptho-pyrene",C28H16+,1,28,548,,,1548.3,178.8,relative (PAHdb experimental),,,,,10.1016/j.saa.2014.04.017,matrix,CC-stretch (6.2 um),,,,,,,,,,
2247,matrix,PAHdb experimental 3.10 (Ar matrix),uid 548,"dibenzo[fg,st]pentacene or benzo-naptho-pyrene",C28H16+,1,28,548,,,4991.4,37420.0,relative (PAHdb experimental),,,,,10.1016/j.saa.2014.04.017,matrix,above 3200,,,,,,,,,,
2248,matrix,PAHdb experimental 3.10 (Ar matrix),uid 547,"dibenzo[hi,uv]hexacene or dinaptho-pyrene",C32H18-,-1,32,547,,,559.8,42.13,relative (PAHdb experimental),,,,,10.1016/j.saa.2014.04.017,matrix,low / skeletal,,,,,,,,,,
2249,matrix,PAHdb experimental 3.10 (Ar matrix),uid 547,"dibenzo[hi,uv]hexacene or dinaptho-pyrene",C32H18-,-1,32,547,,,566.5,30.63,relative (PAHdb experimental),,,,,10.1016/j.saa.2014.04.017,matrix,low / skeletal,,,,,,,,,,
2250,matrix,PAHdb experimental 3.10 (Ar matrix),uid 547,"dibenzo[hi,uv]hexacene or dinaptho-pyrene",C32H18-,-1,32,547,,,603.4,344.86,relative (PAHdb experimental),,,,,10.1016/j.saa.2014.04.017,matrix,low / skeletal,,,,,,,,,,
2251,matrix,PAHdb experimental 3.10 (Ar matrix),uid 547,"dibenzo[hi,uv]hexacene or dinaptho-pyrene",C32H18-,-1,32,547,,,610.2,3449.3,relative (PAHdb experimental),,,,,10.1016/j.saa.2014.04.017,matrix,low / skeletal,,,,,,,,,,
2252,matrix,PAHdb experimental 3.10 (Ar matrix),uid 547,"dibenzo[hi,uv]hexacene or dinaptho-pyrene",C32H18-,-1,32,547,,,612.3,37.16,relative (PAHdb experimental),,,,,10.1016/j.saa.2014.04.017,matrix,low / skeletal,,,,,,,,,,
2253,matrix,PAHdb experimental 3.10 (Ar matrix),uid 547,"dibenzo[hi,uv]hexacene or dinaptho-pyrene",C32H18-,-1,32,547,,,655.8,400.8,relative (PAHdb experimental),,,,,10.1016/j.saa.2014.04.017,matrix,CH-oop (10.5-15 um; benzene nu11 at 673 included),,,,,,,,,,
2254,matrix,PAHdb experimental 3.10 (Ar matrix),uid 547,"dibenzo[hi,uv]hexacene or dinaptho-pyrene",C32H18-,-1,32,547,,,696.0,164.91,relative (PAHdb experimental),,,,,10.1016/j.saa.2014.04.017,matrix,CH-oop (10.5-15 um; benzene nu11 at 673 included),,,,,,,,,,
2255,matrix,PAHdb experimental 3.10 (Ar matrix),uid 547,"dibenzo[hi,uv]hexacene or dinaptho-pyrene",C32H18-,-1,32,547,,,707.0,19.04,relative (PAHdb experimental),,,,,10.1016/j.saa.2014.04.017,matrix,CH-oop (10.5-15 um; benzene nu11 at 673 included),,,,,,,,,,
2256,matrix,PAHdb experimental 3.10 (Ar matrix),uid 547,"dibenzo[hi,uv]hexacene or dinaptho-pyrene",C32H18-,-1,32,547,,,717.6,6732.2,relative (PAHdb experimental),,,,,10.1016/j.saa.2014.04.017,matrix,CH-oop (10.5-15 um; benzene nu11 at 673 included),,,,,,,,,,
2257,matrix,PAHdb experimental 3.10 (Ar matrix),uid 547,"dibenzo[hi,uv]hexacene or dinaptho-pyrene",C32H18-,-1,32,547,,,734.5,88.6,relative (PAHdb experimental),,,,,10.1016/j.saa.2014.04.017,matrix,CH-oop (10.5-15 um; benzene nu11 at 673 included),,,,,,,,,,
2258,matrix,PAHdb experimental 3.10 (Ar matrix),uid 547,"dibenzo[hi,uv]hexacene or dinaptho-pyrene",C32H18-,-1,32,547,,,739.1,66.36,relative (PAHdb experimental),,,,,10.1016/j.saa.2014.04.017,matrix,CH-oop (10.5-15 um; benzene nu11 at 673 included),,,,,,,,,,
2259,matrix,PAHdb experimental 3.10 (Ar matrix),uid 547,"dibenzo[hi,uv]hexacene or dinaptho-pyrene",C32H18-,-1,32,547,,,747.4,3912.0,relative (PAHdb experimental),,,,,10.1016/j.saa.2014.04.017,matrix,CH-oop (10.5-15 um; benzene nu11 at 673 included),,,,,,,,,,
2260,matrix,PAHdb experimental 3.10 (Ar matrix),uid 547,"dibenzo[hi,uv]hexacene or dinaptho-pyrene",C32H18-,-1,32,547,,,750.5,41.79,relative (PAHdb experimental),,,,,10.1016/j.saa.2014.04.017,matrix,CH-oop (10.5-15 um; benzene nu11 at 673 included),,,,,,,,,,
2261,matrix,PAHdb experimental 3.10 (Ar matrix),uid 547,"dibenzo[hi,uv]hexacene or dinaptho-pyrene",C32H18-,-1,32,547,,,756.4,32.97,relative (PAHdb experimental),,,,,10.1016/j.saa.2014.04.017,matrix,CH-oop (10.5-15 um; benzene nu11 at 673 included),,,,,,,,,,
2262,matrix,PAHdb experimental 3.10 (Ar matrix),uid 547,"dibenzo[hi,uv]hexacene or dinaptho-pyrene",C32H18-,-1,32,547,,,762.2,6913.0,relative (PAHdb experimental),,,,,10.1016/j.saa.2014.04.017,matrix,CH-oop (10.5-15 um; benzene nu11 at 673 included),,,,,,,,,,
2263,matrix,PAHdb experimental 3.10 (Ar matrix),uid 547,"dibenzo[hi,uv]hexacene or dinaptho-pyrene",C32H18-,-1,32,547,,,779.4,13873.0,relative (PAHdb experimental),,,,,10.1016/j.saa.2014.04.017,matrix,CH-oop (10.5-15 um; benzene nu11 at 673 included),,,,,,,,,,
2264,matrix,PAHdb experimental 3.10 (Ar matrix),uid 547,"dibenzo[hi,uv]hexacene or dinaptho-pyrene",C32H18-,-1,32,547,,,782.9,30.33,relative (PAHdb experimental),,,,,10.1016/j.saa.2014.04.017,matrix,CH-oop (10.5-15 um; benzene nu11 at 673 included),,,,,,,,,,
2265,matrix,PAHdb experimental 3.10 (Ar matrix),uid 547,"dibenzo[hi,uv]hexacene or dinaptho-pyrene",C32H18-,-1,32,547,,,797.2,23.99,relative (PAHdb experimental),,,,,10.1016/j.saa.2014.04.017,matrix,CH-oop (10.5-15 um; benzene nu11 at 673 included),,,,,,,,,,
2266,matrix,PAHdb experimental 3.10 (Ar matrix),uid 547,"dibenzo[hi,uv]hexacene or dinaptho-pyrene",C32H18-,-1,32,547,,,800.0,13.88,relative (PAHdb experimental),,,,,10.1016/j.saa.2014.04.017,matrix,CH-oop (10.5-15 um; benzene nu11 at 673 included),,,,,,,,,,
2267,matrix,PAHdb experimental 3.10 (Ar matrix),uid 547,"dibenzo[hi,uv]hexacene or dinaptho-pyrene",C32H18-,-1,32,547,,,804.2,168.45,relative (PAHdb experimental),,,,,10.1016/j.saa.2014.04.017,matrix,CH-oop (10.5-15 um; benzene nu11 at 673 included),,,,,,,,,,
2268,matrix,PAHdb experimental 3.10 (Ar matrix),uid 547,"dibenzo[hi,uv]hexacene or dinaptho-pyrene",C32H18-,-1,32,547,,,817.4,208.98,relative (PAHdb experimental),,,,,10.1016/j.saa.2014.04.017,matrix,CH-oop (10.5-15 um; benzene nu11 at 673 included),,,,,,,,,,
2269,matrix,PAHdb experimental 3.10 (Ar matrix),uid 547,"dibenzo[hi,uv]hexacene or dinaptho-pyrene",C32H18-,-1,32,547,,,830.9,105.14,relative (PAHdb experimental),,,,,10.1016/j.saa.2014.04.017,matrix,CH-oop (10.5-15 um; benzene nu11 at 673 included),,,,,,,,,,
2270,matrix,PAHdb experimental 3.10 (Ar matrix),uid 547,"dibenzo[hi,uv]hexacene or dinaptho-pyrene",C32H18-,-1,32,547,,,842.1,11002.0,relative (PAHdb experimental),,,,,10.1016/j.saa.2014.04.017,matrix,CH-oop (10.5-15 um; benzene nu11 at 673 included),,,,,,,,,,
2271,matrix,PAHdb experimental 3.10 (Ar matrix),uid 547,"dibenzo[hi,uv]hexacene or dinaptho-pyrene",C32H18-,-1,32,547,,,881.4,61020.0,relative (PAHdb experimental),,,,,10.1016/j.saa.2014.04.017,matrix,CH-oop (10.5-15 um; benzene nu11 at 673 included),,,,,,,,,,
2272,matrix,PAHdb experimental 3.10 (Ar matrix),uid 547,"dibenzo[hi,uv]hexacene or dinaptho-pyrene",C32H18-,-1,32,547,,,889.3,149.24,relative (PAHdb experimental),,,,,10.1016/j.saa.2014.04.017,matrix,CH-oop (10.5-15 um; benzene nu11 at 673 included),,,,,,,,,,
2273,matrix,PAHdb experimental 3.10 (Ar matrix),uid 547,"dibenzo[hi,uv]hexacene or dinaptho-pyrene",C32H18-,-1,32,547,,,893.9,1051.1,relative (PAHdb experimental),,,,,10.1016/j.saa.2014.04.017,matrix,CH-oop (10.5-15 um; benzene nu11 at 673 included),,,,,,,,,,
2274,matrix,PAHdb experimental 3.10 (Ar matrix),uid 547,"dibenzo[hi,uv]hexacene or dinaptho-pyrene",C32H18-,-1,32,547,,,902.0,413.55,relative (PAHdb experimental),,,,,10.1016/j.saa.2014.04.017,matrix,CH-oop (10.5-15 um; benzene nu11 at 673 included),,,,,,,,,,
2275,matrix,PAHdb experimental 3.10 (Ar matrix),uid 547,"dibenzo[hi,uv]hexacene or dinaptho-pyrene",C32H18-,-1,32,547,,,907.3,38.28,relative (PAHdb experimental),,,,,10.1016/j.saa.2014.04.017,matrix,CH-oop (10.5-15 um; benzene nu11 at 673 included),,,,,,,,,,
2276,matrix,PAHdb experimental 3.10 (Ar matrix),uid 547,"dibenzo[hi,uv]hexacene or dinaptho-pyrene",C32H18-,-1,32,547,,,915.0,470.79,relative (PAHdb experimental),,,,,10.1016/j.saa.2014.04.017,matrix,CH-oop (10.5-15 um; benzene nu11 at 673 included),,,,,,,,,,
2277,matrix,PAHdb experimental 3.10 (Ar matrix),uid 547,"dibenzo[hi,uv]hexacene or dinaptho-pyrene",C32H18-,-1,32,547,,,920.0,20030.0,relative (PAHdb experimental),,,,,10.1016/j.saa.2014.04.017,matrix,CH-oop (10.5-15 um; benzene nu11 at 673 included),,,,,,,,,,
2278,matrix,PAHdb experimental 3.10 (Ar matrix),uid 547,"dibenzo[hi,uv]hexacene or dinaptho-pyrene",C32H18-,-1,32,547,,,923.0,102.46,relative (PAHdb experimental),,,,,10.1016/j.saa.2014.04.017,matrix,CH-oop (10.5-15 um; benzene nu11 at 673 included),,,,,,,,,,
2279,matrix,PAHdb experimental 3.10 (Ar matrix),uid 547,"dibenzo[hi,uv]hexacene or dinaptho-pyrene",C32H18-,-1,32,547,,,954.2,112.58,relative (PAHdb experimental),,,,,10.1016/j.saa.2014.04.017,matrix,ring / CH-ip (9-10.5 um),,,,,,,,,,
2280,matrix,PAHdb experimental 3.10 (Ar matrix),uid 547,"dibenzo[hi,uv]hexacene or dinaptho-pyrene",C32H18-,-1,32,547,,,967.1,26.36,relative (PAHdb experimental),,,,,10.1016/j.saa.2014.04.017,matrix,ring / CH-ip (9-10.5 um),,,,,,,,,,
2281,matrix,PAHdb experimental 3.10 (Ar matrix),uid 547,"dibenzo[hi,uv]hexacene or dinaptho-pyrene",C32H18-,-1,32,547,,,986.5,6.86,relative (PAHdb experimental),,,,,10.1016/j.saa.2014.04.017,matrix,ring / CH-ip (9-10.5 um),,,,,,,,,,
2282,matrix,PAHdb experimental 3.10 (Ar matrix),uid 547,"dibenzo[hi,uv]hexacene or dinaptho-pyrene",C32H18-,-1,32,547,,,997.8,55.58,relative (PAHdb experimental),,,,,10.1016/j.saa.2014.04.017,matrix,ring / CH-ip (9-10.5 um),,,,,,,,,,
2283,matrix,PAHdb experimental 3.10 (Ar matrix),uid 547,"dibenzo[hi,uv]hexacene or dinaptho-pyrene",C32H18-,-1,32,547,,,1009.0,99.04,relative (PAHdb experimental),,,,,10.1016/j.saa.2014.04.017,matrix,ring / CH-ip (9-10.5 um),,,,,,,,,,
2284,matrix,PAHdb experimental 3.10 (Ar matrix),uid 547,"dibenzo[hi,uv]hexacene or dinaptho-pyrene",C32H18-,-1,32,547,,,1020.3,232.68,relative (PAHdb experimental),,,,,10.1016/j.saa.2014.04.017,matrix,ring / CH-ip (9-10.5 um),,,,,,,,,,
2285,matrix,PAHdb experimental 3.10 (Ar matrix),uid 547,"dibenzo[hi,uv]hexacene or dinaptho-pyrene",C32H18-,-1,32,547,,,1026.6,11.64,relative (PAHdb experimental),,,,,10.1016/j.saa.2014.04.017,matrix,ring / CH-ip (9-10.5 um),,,,,,,,,,
2286,matrix,PAHdb experimental 3.10 (Ar matrix),uid 547,"dibenzo[hi,uv]hexacene or dinaptho-pyrene",C32H18-,-1,32,547,,,1044.5,225.12,relative (PAHdb experimental),,,,,10.1016/j.saa.2014.04.017,matrix,ring / CH-ip (9-10.5 um),,,,,,,,,,
2287,matrix,PAHdb experimental 3.10 (Ar matrix),uid 547,"dibenzo[hi,uv]hexacene or dinaptho-pyrene",C32H18-,-1,32,547,,,1085.7,1091.9,relative (PAHdb experimental),,,,,10.1016/j.saa.2014.04.017,matrix,ring / CH-ip (9-10.5 um),,,,,,,,,,
2288,matrix,PAHdb experimental 3.10 (Ar matrix),uid 547,"dibenzo[hi,uv]hexacene or dinaptho-pyrene",C32H18-,-1,32,547,,,1093.0,14.33,relative (PAHdb experimental),,,,,10.1016/j.saa.2014.04.017,matrix,ring / CH-ip (9-10.5 um),,,,,,,,,,
2289,matrix,PAHdb experimental 3.10 (Ar matrix),uid 547,"dibenzo[hi,uv]hexacene or dinaptho-pyrene",C32H18-,-1,32,547,,,1103.0,401.96,relative (PAHdb experimental),,,,,10.1016/j.saa.2014.04.017,matrix,CH-ip-bend (8.6 um),,,,,,,,,,
2290,matrix,PAHdb experimental 3.10 (Ar matrix),uid 547,"dibenzo[hi,uv]hexacene or dinaptho-pyrene",C32H18-,-1,32,547,,,1106.4,42.14,relative (PAHdb experimental),,,,,10.1016/j.saa.2014.04.017,matrix,CH-ip-bend (8.6 um),,,,,,,,,,
2291,matrix,PAHdb experimental 3.10 (Ar matrix),uid 547,"dibenzo[hi,uv]hexacene or dinaptho-pyrene",C32H18-,-1,32,547,,,1130.4,656.04,relative (PAHdb experimental),,,,,10.1016/j.saa.2014.04.017,matrix,CH-ip-bend (8.6 um),,,,,,,,,,
2292,matrix,PAHdb experimental 3.10 (Ar matrix),uid 547,"dibenzo[hi,uv]hexacene or dinaptho-pyrene",C32H18-,-1,32,547,,,1153.5,18.52,relative (PAHdb experimental),,,,,10.1016/j.saa.2014.04.017,matrix,CH-ip-bend (8.6 um),,,,,,,,,,
2293,matrix,PAHdb experimental 3.10 (Ar matrix),uid 547,"dibenzo[hi,uv]hexacene or dinaptho-pyrene",C32H18-,-1,32,547,,,1156.8,433.2,relative (PAHdb experimental),,,,,10.1016/j.saa.2014.04.017,matrix,CH-ip-bend (8.6 um),,,,,,,,,,
2294,matrix,PAHdb experimental 3.10 (Ar matrix),uid 547,"dibenzo[hi,uv]hexacene or dinaptho-pyrene",C32H18-,-1,32,547,,,1174.2,3153.2,relative (PAHdb experimental),,,,,10.1016/j.saa.2014.04.017,matrix,CH-ip-bend (8.6 um),,,,,,,,,,
2295,matrix,PAHdb experimental 3.10 (Ar matrix),uid 547,"dibenzo[hi,uv]hexacene or dinaptho-pyrene",C32H18-,-1,32,547,,,1178.4,74.62,relative (PAHdb experimental),,,,,10.1016/j.saa.2014.04.017,matrix,CH-ip-bend (8.6 um),,,,,,,,,,
2296,matrix,PAHdb experimental 3.10 (Ar matrix),uid 547,"dibenzo[hi,uv]hexacene or dinaptho-pyrene",C32H18-,-1,32,547,,,1183.7,1092.9,relative (PAHdb experimental),,,,,10.1016/j.saa.2014.04.017,matrix,CH-ip-bend (8.6 um),,,,,,,,,,
2297,matrix,PAHdb experimental 3.10 (Ar matrix),uid 547,"dibenzo[hi,uv]hexacene or dinaptho-pyrene",C32H18-,-1,32,547,,,1195.4,11.2,relative (PAHdb experimental),,,,,10.1016/j.saa.2014.04.017,matrix,CH-ip-bend (8.6 um),,,,,,,,,,
2298,matrix,PAHdb experimental 3.10 (Ar matrix),uid 547,"dibenzo[hi,uv]hexacene or dinaptho-pyrene",C32H18-,-1,32,547,,,1207.4,74.55,relative (PAHdb experimental),,,,,10.1016/j.saa.2014.04.017,matrix,CH-ip-bend (8.6 um),,,,,,,,,,
2299,matrix,PAHdb experimental 3.10 (Ar matrix),uid 547,"dibenzo[hi,uv]hexacene or dinaptho-pyrene",C32H18-,-1,32,547,,,1211.1,5114.5,relative (PAHdb experimental),,,,,10.1016/j.saa.2014.04.017,matrix,CH-ip-bend (8.6 um),,,,,,,,,,
2300,matrix,PAHdb experimental 3.10 (Ar matrix),uid 547,"dibenzo[hi,uv]hexacene or dinaptho-pyrene",C32H18-,-1,32,547,,,1216.7,51.24,relative (PAHdb experimental),,,,,10.1016/j.saa.2014.04.017,matrix,CH-ip-bend (8.6 um),,,,,,,,,,
2301,matrix,PAHdb experimental 3.10 (Ar matrix),uid 547,"dibenzo[hi,uv]hexacene or dinaptho-pyrene",C32H18-,-1,32,547,,,1221.1,13.14,relative (PAHdb experimental),,,,,10.1016/j.saa.2014.04.017,matrix,CH-ip-bend (8.6 um),,,,,,,,,,
2302,matrix,PAHdb experimental 3.10 (Ar matrix),uid 547,"dibenzo[hi,uv]hexacene or dinaptho-pyrene",C32H18-,-1,32,547,,,1236.3,20.76,relative (PAHdb experimental),,,,,10.1016/j.saa.2014.04.017,matrix,CH-ip-bend (8.6 um),,,,,,,,,,
2303,matrix,PAHdb experimental 3.10 (Ar matrix),uid 547,"dibenzo[hi,uv]hexacene or dinaptho-pyrene",C32H18-,-1,32,547,,,1267.1,240.35,relative (PAHdb experimental),,,,,10.1016/j.saa.2014.04.017,matrix,CC-stretch/CH-ip (7.7 um),,,,,,,,,,
2304,matrix,PAHdb experimental 3.10 (Ar matrix),uid 547,"dibenzo[hi,uv]hexacene or dinaptho-pyrene",C32H18-,-1,32,547,,,1282.8,32.3,relative (PAHdb experimental),,,,,10.1016/j.saa.2014.04.017,matrix,CC-stretch/CH-ip (7.7 um),,,,,,,,,,
2305,matrix,PAHdb experimental 3.10 (Ar matrix),uid 547,"dibenzo[hi,uv]hexacene or dinaptho-pyrene",C32H18-,-1,32,547,,,1289.1,5158.6,relative (PAHdb experimental),,,,,10.1016/j.saa.2014.04.017,matrix,CC-stretch/CH-ip (7.7 um),,,,,,,,,,
2306,matrix,PAHdb experimental 3.10 (Ar matrix),uid 547,"dibenzo[hi,uv]hexacene or dinaptho-pyrene",C32H18-,-1,32,547,,,1343.2,505.04,relative (PAHdb experimental),,,,,10.1016/j.saa.2014.04.017,matrix,CC-stretch/CH-ip (7.7 um),,,,,,,,,,
2307,matrix,PAHdb experimental 3.10 (Ar matrix),uid 547,"dibenzo[hi,uv]hexacene or dinaptho-pyrene",C32H18-,-1,32,547,,,1353.8,1459.6,relative (PAHdb experimental),,,,,10.1016/j.saa.2014.04.017,matrix,CC-stretch/CH-ip (7.7 um),,,,,,,,,,
2308,matrix,PAHdb experimental 3.10 (Ar matrix),uid 547,"dibenzo[hi,uv]hexacene or dinaptho-pyrene",C32H18-,-1,32,547,,,1382.4,782.42,relative (PAHdb experimental),,,,,10.1016/j.saa.2014.04.017,matrix,CC-stretch/CH-ip (7.7 um),,,,,,,,,,
2309,matrix,PAHdb experimental 3.10 (Ar matrix),uid 547,"dibenzo[hi,uv]hexacene or dinaptho-pyrene",C32H18-,-1,32,547,,,1402.2,27.33,relative (PAHdb experimental),,,,,10.1016/j.saa.2014.04.017,matrix,CC-stretch/CH-ip (7.7 um),,,,,,,,,,
2310,matrix,PAHdb experimental 3.10 (Ar matrix),uid 547,"dibenzo[hi,uv]hexacene or dinaptho-pyrene",C32H18-,-1,32,547,,,1404.6,15.32,relative (PAHdb experimental),,,,,10.1016/j.saa.2014.04.017,matrix,CC-stretch/CH-ip (7.7 um),,,,,,,,,,
2311,matrix,PAHdb experimental 3.10 (Ar matrix),uid 547,"dibenzo[hi,uv]hexacene or dinaptho-pyrene",C32H18-,-1,32,547,,,1411.8,96.71,relative (PAHdb experimental),,,,,10.1016/j.saa.2014.04.017,matrix,CC-stretch/CH-ip (7.7 um),,,,,,,,,,
2312,matrix,PAHdb experimental 3.10 (Ar matrix),uid 547,"dibenzo[hi,uv]hexacene or dinaptho-pyrene",C32H18-,-1,32,547,,,1418.7,5.17,relative (PAHdb experimental),,,,,10.1016/j.saa.2014.04.017,matrix,CC-stretch/CH-ip (7.7 um),,,,,,,,,,
2313,matrix,PAHdb experimental 3.10 (Ar matrix),uid 547,"dibenzo[hi,uv]hexacene or dinaptho-pyrene",C32H18-,-1,32,547,,,1425.1,22.18,relative (PAHdb experimental),,,,,10.1016/j.saa.2014.04.017,matrix,CC-stretch/CH-ip (7.7 um),,,,,,,,,,
2314,matrix,PAHdb experimental 3.10 (Ar matrix),uid 547,"dibenzo[hi,uv]hexacene or dinaptho-pyrene",C32H18-,-1,32,547,,,1435.5,6337.6,relative (PAHdb experimental),,,,,10.1016/j.saa.2014.04.017,matrix,CC-stretch/CH-ip (7.7 um),,,,,,,,,,
2315,matrix,PAHdb experimental 3.10 (Ar matrix),uid 547,"dibenzo[hi,uv]hexacene or dinaptho-pyrene",C32H18-,-1,32,547,,,1445.8,28.13,relative (PAHdb experimental),,,,,10.1016/j.saa.2014.04.017,matrix,CC-stretch/CH-ip (7.7 um),,,,,,,,,,
2316,matrix,PAHdb experimental 3.10 (Ar matrix),uid 547,"dibenzo[hi,uv]hexacene or dinaptho-pyrene",C32H18-,-1,32,547,,,1508.0,238.96,relative (PAHdb experimental),,,,,10.1016/j.saa.2014.04.017,matrix,CC-stretch (6.2 um),,,,,,,,,,
2317,matrix,PAHdb experimental 3.10 (Ar matrix),uid 547,"dibenzo[hi,uv]hexacene or dinaptho-pyrene",C32H18-,-1,32,547,,,1520.5,7190.0,relative (PAHdb experimental),,,,,10.1016/j.saa.2014.04.017,matrix,CC-stretch (6.2 um),,,,,,,,,,
2318,matrix,PAHdb experimental 3.10 (Ar matrix),uid 547,"dibenzo[hi,uv]hexacene or dinaptho-pyrene",C32H18-,-1,32,547,,,1530.2,585.42,relative (PAHdb experimental),,,,,10.1016/j.saa.2014.04.017,matrix,CC-stretch (6.2 um),,,,,,,,,,
2319,matrix,PAHdb experimental 3.10 (Ar matrix),uid 547,"dibenzo[hi,uv]hexacene or dinaptho-pyrene",C32H18-,-1,32,547,,,1540.5,219.31,relative (PAHdb experimental),,,,,10.1016/j.saa.2014.04.017,matrix,CC-stretch (6.2 um),,,,,,,,,,
2320,matrix,PAHdb experimental 3.10 (Ar matrix),uid 547,"dibenzo[hi,uv]hexacene or dinaptho-pyrene",C32H18-,-1,32,547,,,1545.0,16.66,relative (PAHdb experimental),,,,,10.1016/j.saa.2014.04.017,matrix,CC-stretch (6.2 um),,,,,,,,,,
2321,matrix,PAHdb experimental 3.10 (Ar matrix),uid 547,"dibenzo[hi,uv]hexacene or dinaptho-pyrene",C32H18-,-1,32,547,,,1673.7,376.1,relative (PAHdb experimental),,,,,10.1016/j.saa.2014.04.017,matrix,overtone / combination region,,,,,,,,,,
2322,matrix,PAHdb experimental 3.10 (Ar matrix),uid 547,"dibenzo[hi,uv]hexacene or dinaptho-pyrene",C32H18-,-1,32,547,,,1690.7,37.33,relative (PAHdb experimental),,,,,10.1016/j.saa.2014.04.017,matrix,overtone / combination region,,,,,,,,,,
2323,matrix,PAHdb experimental 3.10 (Ar matrix),uid 547,"dibenzo[hi,uv]hexacene or dinaptho-pyrene",C32H18-,-1,32,547,,,1698.0,8.84,relative (PAHdb experimental),,,,,10.1016/j.saa.2014.04.017,matrix,overtone / combination region,,,,,,,,,,
2324,matrix,PAHdb experimental 3.10 (Ar matrix),uid 547,"dibenzo[hi,uv]hexacene or dinaptho-pyrene",C32H18-,-1,32,547,,,1706.5,32.67,relative (PAHdb experimental),,,,,10.1016/j.saa.2014.04.017,matrix,overtone / combination region,,,,,,,,,,
2325,matrix,PAHdb experimental 3.10 (Ar matrix),uid 547,"dibenzo[hi,uv]hexacene or dinaptho-pyrene",C32H18-,-1,32,547,,,1719.1,303.0,relative (PAHdb experimental),,,,,10.1016/j.saa.2014.04.017,matrix,overtone / combination region,,,,,,,,,,
2326,matrix,PAHdb experimental 3.10 (Ar matrix),uid 547,"dibenzo[hi,uv]hexacene or dinaptho-pyrene",C32H18-,-1,32,547,,,1753.0,86.9,relative (PAHdb experimental),,,,,10.1016/j.saa.2014.04.017,matrix,overtone / combination region,,,,,,,,,,
2327,matrix,PAHdb experimental 3.10 (Ar matrix),uid 547,"dibenzo[hi,uv]hexacene or dinaptho-pyrene",C32H18-,-1,32,547,,,1774.6,7631.4,relative (PAHdb experimental),,,,,10.1016/j.saa.2014.04.017,matrix,overtone / combination region,,,,,,,,,,
2328,matrix,PAHdb experimental 3.10 (Ar matrix),uid 547,"dibenzo[hi,uv]hexacene or dinaptho-pyrene",C32H18-,-1,32,547,,,1778.0,62.48,relative (PAHdb experimental),,,,,10.1016/j.saa.2014.04.017,matrix,overtone / combination region,,,,,,,,,,
2329,matrix,PAHdb experimental 3.10 (Ar matrix),uid 547,"dibenzo[hi,uv]hexacene or dinaptho-pyrene",C32H18-,-1,32,547,,,1798.9,18.61,relative (PAHdb experimental),,,,,10.1016/j.saa.2014.04.017,matrix,overtone / combination region,,,,,,,,,,
2330,matrix,PAHdb experimental 3.10 (Ar matrix),uid 547,"dibenzo[hi,uv]hexacene or dinaptho-pyrene",C32H18-,-1,32,547,,,1834.2,213.19,relative (PAHdb experimental),,,,,10.1016/j.saa.2014.04.017,matrix,overtone / combination region,,,,,,,,,,
2331,matrix,PAHdb experimental 3.10 (Ar matrix),uid 547,"dibenzo[hi,uv]hexacene or dinaptho-pyrene",C32H18-,-1,32,547,,,1840.5,11325.0,relative (PAHdb experimental),,,,,10.1016/j.saa.2014.04.017,matrix,overtone / combination region,,,,,,,,,,
2332,matrix,PAHdb experimental 3.10 (Ar matrix),uid 547,"dibenzo[hi,uv]hexacene or dinaptho-pyrene",C32H18-,-1,32,547,,,1850.1,5.09,relative (PAHdb experimental),,,,,10.1016/j.saa.2014.04.017,matrix,overtone / combination region,,,,,,,,,,
2333,matrix,PAHdb experimental 3.10 (Ar matrix),uid 547,"dibenzo[hi,uv]hexacene or dinaptho-pyrene",C32H18-,-1,32,547,,,1854.3,139.22,relative (PAHdb experimental),,,,,10.1016/j.saa.2014.04.017,matrix,overtone / combination region,,,,,,,,,,
2334,matrix,PAHdb experimental 3.10 (Ar matrix),uid 547,"dibenzo[hi,uv]hexacene or dinaptho-pyrene",C32H18-,-1,32,547,,,1862.7,221.0,relative (PAHdb experimental),,,,,10.1016/j.saa.2014.04.017,matrix,overtone / combination region,,,,,,,,,,
2335,matrix,PAHdb experimental 3.10 (Ar matrix),uid 547,"dibenzo[hi,uv]hexacene or dinaptho-pyrene",C32H18-,-1,32,547,,,1879.4,44.74,relative (PAHdb experimental),,,,,10.1016/j.saa.2014.04.017,matrix,overtone / combination region,,,,,,,,,,
2336,matrix,PAHdb experimental 3.10 (Ar matrix),uid 547,"dibenzo[hi,uv]hexacene or dinaptho-pyrene",C32H18-,-1,32,547,,,1890.3,1765.7,relative (PAHdb experimental),,,,,10.1016/j.saa.2014.04.017,matrix,overtone / combination region,,,,,,,,,,
2337,matrix,PAHdb experimental 3.10 (Ar matrix),uid 547,"dibenzo[hi,uv]hexacene or dinaptho-pyrene",C32H18-,-1,32,547,,,1899.4,133.61,relative (PAHdb experimental),,,,,10.1016/j.saa.2014.04.017,matrix,overtone / combination region,,,,,,,,,,
2338,matrix,PAHdb experimental 3.10 (Ar matrix),uid 547,"dibenzo[hi,uv]hexacene or dinaptho-pyrene",C32H18-,-1,32,547,,,1979.9,367.89,relative (PAHdb experimental),,,,,10.1016/j.saa.2014.04.017,matrix,overtone / combination region,,,,,,,,,,
2339,matrix,PAHdb experimental 3.10 (Ar matrix),uid 547,"dibenzo[hi,uv]hexacene or dinaptho-pyrene",C32H18-,-1,32,547,,,1999.9,280.79,relative (PAHdb experimental),,,,,10.1016/j.saa.2014.04.017,matrix,overtone / combination region,,,,,,,,,,
2340,matrix,PAHdb experimental 3.10 (Ar matrix),uid 547,"dibenzo[hi,uv]hexacene or dinaptho-pyrene",C32H18-,-1,32,547,,,2026.0,1055.9,relative (PAHdb experimental),,,,,10.1016/j.saa.2014.04.017,matrix,overtone / combination region,,,,,,,,,,
2341,matrix,PAHdb experimental 3.10 (Ar matrix),uid 547,"dibenzo[hi,uv]hexacene or dinaptho-pyrene",C32H18-,-1,32,547,,,2045.0,26.22,relative (PAHdb experimental),,,,,10.1016/j.saa.2014.04.017,matrix,overtone / combination region,,,,,,,,,,
2342,matrix,PAHdb experimental 3.10 (Ar matrix),uid 547,"dibenzo[hi,uv]hexacene or dinaptho-pyrene",C32H18-,-1,32,547,,,2058.4,104.19,relative (PAHdb experimental),,,,,10.1016/j.saa.2014.04.017,matrix,overtone / combination region,,,,,,,,,,
2343,matrix,PAHdb experimental 3.10 (Ar matrix),uid 547,"dibenzo[hi,uv]hexacene or dinaptho-pyrene",C32H18-,-1,32,547,,,2097.6,172.69,relative (PAHdb experimental),,,,,10.1016/j.saa.2014.04.017,matrix,overtone / combination region,,,,,,,,,,
2344,matrix,PAHdb experimental 3.10 (Ar matrix),uid 547,"dibenzo[hi,uv]hexacene or dinaptho-pyrene",C32H18-,-1,32,547,,,2125.8,459.72,relative (PAHdb experimental),,,,,10.1016/j.saa.2014.04.017,matrix,overtone / combination region,,,,,,,,,,
2345,matrix,PAHdb experimental 3.10 (Ar matrix),uid 547,"dibenzo[hi,uv]hexacene or dinaptho-pyrene",C32H18-,-1,32,547,,,2211.3,92.96,relative (PAHdb experimental),,,,,10.1016/j.saa.2014.04.017,matrix,overtone / combination region,,,,,,,,,,
2346,matrix,PAHdb experimental 3.10 (Ar matrix),uid 547,"dibenzo[hi,uv]hexacene or dinaptho-pyrene",C32H18-,-1,32,547,,,2251.5,6974.9,relative (PAHdb experimental),,,,,10.1016/j.saa.2014.04.017,matrix,overtone / combination region,,,,,,,,,,
2347,matrix,PAHdb experimental 3.10 (Ar matrix),uid 547,"dibenzo[hi,uv]hexacene or dinaptho-pyrene",C32H18-,-1,32,547,,,2256.6,20.04,relative (PAHdb experimental),,,,,10.1016/j.saa.2014.04.017,matrix,overtone / combination region,,,,,,,,,,
2348,matrix,PAHdb experimental 3.10 (Ar matrix),uid 547,"dibenzo[hi,uv]hexacene or dinaptho-pyrene",C32H18-,-1,32,547,,,2317.0,469.09,relative (PAHdb experimental),,,,,10.1016/j.saa.2014.04.017,matrix,overtone / combination region,,,,,,,,,,
2349,matrix,PAHdb experimental 3.10 (Ar matrix),uid 547,"dibenzo[hi,uv]hexacene or dinaptho-pyrene",C32H18-,-1,32,547,,,2350.4,14695.0,relative (PAHdb experimental),,,,,10.1016/j.saa.2014.04.017,matrix,overtone / combination region,,,,,,,,,,
2350,matrix,PAHdb experimental 3.10 (Ar matrix),uid 547,"dibenzo[hi,uv]hexacene or dinaptho-pyrene",C32H18-,-1,32,547,,,2427.1,107.04,relative (PAHdb experimental),,,,,10.1016/j.saa.2014.04.017,matrix,overtone / combination region,,,,,,,,,,
2351,matrix,PAHdb experimental 3.10 (Ar matrix),uid 547,"dibenzo[hi,uv]hexacene or dinaptho-pyrene",C32H18-,-1,32,547,,,2481.4,85.98,relative (PAHdb experimental),,,,,10.1016/j.saa.2014.04.017,matrix,overtone / combination region,,,,,,,,,,
2352,matrix,PAHdb experimental 3.10 (Ar matrix),uid 547,"dibenzo[hi,uv]hexacene or dinaptho-pyrene",C32H18-,-1,32,547,,,2516.6,10667.0,relative (PAHdb experimental),,,,,10.1016/j.saa.2014.04.017,matrix,overtone / combination region,,,,,,,,,,
2353,matrix,PAHdb experimental 3.10 (Ar matrix),uid 547,"dibenzo[hi,uv]hexacene or dinaptho-pyrene",C32H18-,-1,32,547,,,2581.9,1610.5,relative (PAHdb experimental),,,,,10.1016/j.saa.2014.04.017,matrix,overtone / combination region,,,,,,,,,,
2354,matrix,PAHdb experimental 3.10 (Ar matrix),uid 547,"dibenzo[hi,uv]hexacene or dinaptho-pyrene",C32H18-,-1,32,547,,,2618.6,842.6,relative (PAHdb experimental),,,,,10.1016/j.saa.2014.04.017,matrix,overtone / combination region,,,,,,,,,,
2355,matrix,PAHdb experimental 3.10 (Ar matrix),uid 547,"dibenzo[hi,uv]hexacene or dinaptho-pyrene",C32H18-,-1,32,547,,,2655.4,1608.6,relative (PAHdb experimental),,,,,10.1016/j.saa.2014.04.017,matrix,overtone / combination region,,,,,,,,,,
2356,matrix,PAHdb experimental 3.10 (Ar matrix),uid 547,"dibenzo[hi,uv]hexacene or dinaptho-pyrene",C32H18-,-1,32,547,,,2672.5,18.04,relative (PAHdb experimental),,,,,10.1016/j.saa.2014.04.017,matrix,overtone / combination region,,,,,,,,,,
2357,matrix,PAHdb experimental 3.10 (Ar matrix),uid 547,"dibenzo[hi,uv]hexacene or dinaptho-pyrene",C32H18-,-1,32,547,,,2703.8,1312.1,relative (PAHdb experimental),,,,,10.1016/j.saa.2014.04.017,matrix,overtone / combination region,,,,,,,,,,
2358,matrix,PAHdb experimental 3.10 (Ar matrix),uid 547,"dibenzo[hi,uv]hexacene or dinaptho-pyrene",C32H18-,-1,32,547,,,2732.3,95.31,relative (PAHdb experimental),,,,,10.1016/j.saa.2014.04.017,matrix,overtone / combination region,,,,,,,,,,
2359,matrix,PAHdb experimental 3.10 (Ar matrix),uid 547,"dibenzo[hi,uv]hexacene or dinaptho-pyrene",C32H18-,-1,32,547,,,2756.5,59.08,relative (PAHdb experimental),,,,,10.1016/j.saa.2014.04.017,matrix,overtone / combination region,,,,,,,,,,
2360,matrix,PAHdb experimental 3.10 (Ar matrix),uid 547,"dibenzo[hi,uv]hexacene or dinaptho-pyrene",C32H18-,-1,32,547,,,2766.3,46.26,relative (PAHdb experimental),,,,,10.1016/j.saa.2014.04.017,matrix,overtone / combination region,,,,,,,,,,
2361,matrix,PAHdb experimental 3.10 (Ar matrix),uid 547,"dibenzo[hi,uv]hexacene or dinaptho-pyrene",C32H18-,-1,32,547,,,2778.4,43.3,relative (PAHdb experimental),,,,,10.1016/j.saa.2014.04.017,matrix,overtone / combination region,,,,,,,,,,
2362,matrix,PAHdb experimental 3.10 (Ar matrix),uid 547,"dibenzo[hi,uv]hexacene or dinaptho-pyrene",C32H18-,-1,32,547,,,2789.4,13.96,relative (PAHdb experimental),,,,,10.1016/j.saa.2014.04.017,matrix,overtone / combination region,,,,,,,,,,
2363,matrix,PAHdb experimental 3.10 (Ar matrix),uid 547,"dibenzo[hi,uv]hexacene or dinaptho-pyrene",C32H18-,-1,32,547,,,2805.1,12.51,relative (PAHdb experimental),,,,,10.1016/j.saa.2014.04.017,matrix,overtone / combination region,,,,,,,,,,
2364,matrix,PAHdb experimental 3.10 (Ar matrix),uid 547,"dibenzo[hi,uv]hexacene or dinaptho-pyrene",C32H18-,-1,32,547,,,2817.2,646.89,relative (PAHdb experimental),,,,,10.1016/j.saa.2014.04.017,matrix,overtone / combination region,,,,,,,,,,
2365,matrix,PAHdb experimental 3.10 (Ar matrix),uid 547,"dibenzo[hi,uv]hexacene or dinaptho-pyrene",C32H18-,-1,32,547,,,2824.9,34.27,relative (PAHdb experimental),,,,,10.1016/j.saa.2014.04.017,matrix,overtone / combination region,,,,,,,,,,
2366,matrix,PAHdb experimental 3.10 (Ar matrix),uid 547,"dibenzo[hi,uv]hexacene or dinaptho-pyrene",C32H18-,-1,32,547,,,2846.5,391.0,relative (PAHdb experimental),,,,,10.1016/j.saa.2014.04.017,matrix,overtone / combination region,,,,,,,,,,
2367,matrix,PAHdb experimental 3.10 (Ar matrix),uid 547,"dibenzo[hi,uv]hexacene or dinaptho-pyrene",C32H18-,-1,32,547,,,2932.0,1823.8,relative (PAHdb experimental),,,,,10.1016/j.saa.2014.04.017,matrix,overtone / combination region,,,,,,,,,,
2368,matrix,PAHdb experimental 3.10 (Ar matrix),uid 547,"dibenzo[hi,uv]hexacene or dinaptho-pyrene",C32H18-,-1,32,547,,,2983.6,944.84,relative (PAHdb experimental),,,,,10.1016/j.saa.2014.04.017,matrix,CH-stretch,,,,,,,,,,
2369,matrix,PAHdb experimental 3.10 (Ar matrix),uid 547,"dibenzo[hi,uv]hexacene or dinaptho-pyrene",C32H18-,-1,32,547,,,3010.3,449.07,relative (PAHdb experimental),,,,,10.1016/j.saa.2014.04.017,matrix,CH-stretch,,,,,,,,,,
2370,matrix,PAHdb experimental 3.10 (Ar matrix),uid 547,"dibenzo[hi,uv]hexacene or dinaptho-pyrene",C32H18-,-1,32,547,,,3071.7,3697.6,relative (PAHdb experimental),,,,,10.1016/j.saa.2014.04.017,matrix,CH-stretch,,,,,,,,,,
2371,matrix,PAHdb experimental 3.10 (Ar matrix),uid 547,"dibenzo[hi,uv]hexacene or dinaptho-pyrene",C32H18-,-1,32,547,,,3136.8,67.17,relative (PAHdb experimental),,,,,10.1016/j.saa.2014.04.017,matrix,CH-stretch,,,,,,,,,,
2372,matrix,PAHdb experimental 3.10 (Ar matrix),uid 547,"dibenzo[hi,uv]hexacene or dinaptho-pyrene",C32H18-,-1,32,547,,,3166.2,1336.4,relative (PAHdb experimental),,,,,10.1016/j.saa.2014.04.017,matrix,CH-stretch,,,,,,,,,,
2373,matrix,PAHdb experimental 3.10 (Ar matrix),uid 547,"dibenzo[hi,uv]hexacene or dinaptho-pyrene",C32H18-,-1,32,547,,,3251.5,57.44,relative (PAHdb experimental),,,,,10.1016/j.saa.2014.04.017,matrix,above 3200,,,,,,,,,,
2374,matrix,PAHdb experimental 3.10 (Ar matrix),uid 547,"dibenzo[hi,uv]hexacene or dinaptho-pyrene",C32H18-,-1,32,547,,,3291.7,245.08,relative (PAHdb experimental),,,,,10.1016/j.saa.2014.04.017,matrix,above 3200,,,,,,,,,,
2375,matrix,PAHdb experimental 3.10 (Ar matrix),uid 547,"dibenzo[hi,uv]hexacene or dinaptho-pyrene",C32H18-,-1,32,547,,,3395.2,2543.7,relative (PAHdb experimental),,,,,10.1016/j.saa.2014.04.017,matrix,above 3200,,,,,,,,,,
2376,matrix,PAHdb experimental 3.10 (Ar matrix),uid 547,"dibenzo[hi,uv]hexacene or dinaptho-pyrene",C32H18-,-1,32,547,,,3513.2,182.7,relative (PAHdb experimental),,,,,10.1016/j.saa.2014.04.017,matrix,above 3200,,,,,,,,,,
2377,matrix,PAHdb experimental 3.10 (Ar matrix),uid 547,"dibenzo[hi,uv]hexacene or dinaptho-pyrene",C32H18-,-1,32,547,,,3816.6,108.68,relative (PAHdb experimental),,,,,10.1016/j.saa.2014.04.017,matrix,above 3200,,,,,,,,,,
2378,matrix,PAHdb experimental 3.10 (Ar matrix),uid 547,"dibenzo[hi,uv]hexacene or dinaptho-pyrene",C32H18-,-1,32,547,,,3926.5,1845.0,relative (PAHdb experimental),,,,,10.1016/j.saa.2014.04.017,matrix,above 3200,,,,,,,,,,
2379,matrix,PAHdb experimental 3.10 (Ar matrix),uid 547,"dibenzo[hi,uv]hexacene or dinaptho-pyrene",C32H18-,-1,32,547,,,4060.4,119.61,relative (PAHdb experimental),,,,,10.1016/j.saa.2014.04.017,matrix,above 3200,,,,,,,,,,
2380,matrix,PAHdb experimental 3.10 (Ar matrix),uid 547,"dibenzo[hi,uv]hexacene or dinaptho-pyrene",C32H18-,-1,32,547,,,4097.8,180.95,relative (PAHdb experimental),,,,,10.1016/j.saa.2014.04.017,matrix,above 3200,,,,,,,,,,
2381,matrix,PAHdb experimental 3.10 (Ar matrix),uid 547,"dibenzo[hi,uv]hexacene or dinaptho-pyrene",C32H18-,-1,32,547,,,4262.2,2257.2,relative (PAHdb experimental),,,,,10.1016/j.saa.2014.04.017,matrix,above 3200,,,,,,,,,,
2382,matrix,PAHdb experimental 3.10 (Ar matrix),uid 547,"dibenzo[hi,uv]hexacene or dinaptho-pyrene",C32H18-,-1,32,547,,,4372.5,3132.7,relative (PAHdb experimental),,,,,10.1016/j.saa.2014.04.017,matrix,above 3200,,,,,,,,,,
2383,matrix,PAHdb experimental 3.10 (Ar matrix),uid 547,"dibenzo[hi,uv]hexacene or dinaptho-pyrene",C32H18-,-1,32,547,,,4611.5,188.79,relative (PAHdb experimental),,,,,10.1016/j.saa.2014.04.017,matrix,above 3200,,,,,,,,,,
2384,matrix,PAHdb experimental 3.10 (Ar matrix),uid 547,"dibenzo[hi,uv]hexacene or dinaptho-pyrene",C32H18-,-1,32,547,,,4740.7,505.24,relative (PAHdb experimental),,,,,10.1016/j.saa.2014.04.017,matrix,above 3200,,,,,,,,,,
2385,matrix,PAHdb experimental 3.10 (Ar matrix),uid 536,dinaptho-pyrene or dibenzo-hexane,C32H18,0,32,536,,,463.9,10.972,relative (PAHdb experimental),,,,,10.1016/j.saa.2014.04.017,matrix,low / skeletal,,,,,,,,,,
2386,matrix,PAHdb experimental 3.10 (Ar matrix),uid 536,dinaptho-pyrene or dibenzo-hexane,C32H18,0,32,536,,,570.3,39.452,relative (PAHdb experimental),,,,,10.1016/j.saa.2014.04.017,matrix,low / skeletal,,,,,,,,,,
2387,matrix,PAHdb experimental 3.10 (Ar matrix),uid 536,dinaptho-pyrene or dibenzo-hexane,C32H18,0,32,536,,,627.4,1.6391,relative (PAHdb experimental),,,,,10.1016/j.saa.2014.04.017,matrix,low / skeletal,,,,,,,,,,
2388,matrix,PAHdb experimental 3.10 (Ar matrix),uid 536,dinaptho-pyrene or dibenzo-hexane,C32H18,0,32,536,,,706.4,38.003,relative (PAHdb experimental),,,,,10.1016/j.saa.2014.04.017,matrix,CH-oop (10.5-15 um; benzene nu11 at 673 included),,,,,,,,,,
2389,matrix,PAHdb experimental 3.10 (Ar matrix),uid 536,dinaptho-pyrene or dibenzo-hexane,C32H18,0,32,536,,,742.1,25.29,relative (PAHdb experimental),,,,,10.1016/j.saa.2014.04.017,matrix,CH-oop (10.5-15 um; benzene nu11 at 673 included),,,,,,,,,,
2390,matrix,PAHdb experimental 3.10 (Ar matrix),uid 536,dinaptho-pyrene or dibenzo-hexane,C32H18,0,32,536,,,796.2,49.289,relative (PAHdb experimental),,,,,10.1016/j.saa.2014.04.017,matrix,CH-oop (10.5-15 um; benzene nu11 at 673 included),,,,,,,,,,
2391,matrix,PAHdb experimental 3.10 (Ar matrix),uid 536,dinaptho-pyrene or dibenzo-hexane,C32H18,0,32,536,,,808.3,0.96055,relative (PAHdb experimental),,,,,10.1016/j.saa.2014.04.017,matrix,CH-oop (10.5-15 um; benzene nu11 at 673 included),,,,,,,,,,
2392,matrix,PAHdb experimental 3.10 (Ar matrix),uid 536,dinaptho-pyrene or dibenzo-hexane,C32H18,0,32,536,,,847.6,3.0607,relative (PAHdb experimental),,,,,10.1016/j.saa.2014.04.017,matrix,CH-oop (10.5-15 um; benzene nu11 at 673 included),,,,,,,,,,
2393,matrix,PAHdb experimental 3.10 (Ar matrix),uid 536,dinaptho-pyrene or dibenzo-hexane,C32H18,0,32,536,,,876.7,55.013,relative (PAHdb experimental),,,,,10.1016/j.saa.2014.04.017,matrix,CH-oop (10.5-15 um; benzene nu11 at 673 included),,,,,,,,,,
2394,matrix,PAHdb experimental 3.10 (Ar matrix),uid 536,dinaptho-pyrene or dibenzo-hexane,C32H18,0,32,536,,,951.3,3.5008,relative (PAHdb experimental),,,,,10.1016/j.saa.2014.04.017,matrix,ring / CH-ip (9-10.5 um),,,,,,,,,,
2395,matrix,PAHdb experimental 3.10 (Ar matrix),uid 536,dinaptho-pyrene or dibenzo-hexane,C32H18,0,32,536,,,964.4,0.61503,relative (PAHdb experimental),,,,,10.1016/j.saa.2014.04.017,matrix,ring / CH-ip (9-10.5 um),,,,,,,,,,
2396,matrix,PAHdb experimental 3.10 (Ar matrix),uid 536,dinaptho-pyrene or dibenzo-hexane,C32H18,0,32,536,,,1004.5,1.4633,relative (PAHdb experimental),,,,,10.1016/j.saa.2014.04.017,matrix,ring / CH-ip (9-10.5 um),,,,,,,,,,
2397,matrix,PAHdb experimental 3.10 (Ar matrix),uid 536,dinaptho-pyrene or dibenzo-hexane,C32H18,0,32,536,,,1011.7,6.4884,relative (PAHdb experimental),,,,,10.1016/j.saa.2014.04.017,matrix,ring / CH-ip (9-10.5 um),,,,,,,,,,
2398,matrix,PAHdb experimental 3.10 (Ar matrix),uid 536,dinaptho-pyrene or dibenzo-hexane,C32H18,0,32,536,,,1119.2,9.6373,relative (PAHdb experimental),,,,,10.1016/j.saa.2014.04.017,matrix,CH-ip-bend (8.6 um),,,,,,,,,,
2399,matrix,PAHdb experimental 3.10 (Ar matrix),uid 536,dinaptho-pyrene or dibenzo-hexane,C32H18,0,32,536,,,1138.8,3.1848,relative (PAHdb experimental),,,,,10.1016/j.saa.2014.04.017,matrix,CH-ip-bend (8.6 um),,,,,,,,,,
2400,matrix,PAHdb experimental 3.10 (Ar matrix),uid 536,dinaptho-pyrene or dibenzo-hexane,C32H18,0,32,536,,,1149.7,6.1315,relative (PAHdb experimental),,,,,10.1016/j.saa.2014.04.017,matrix,CH-ip-bend (8.6 um),,,,,,,,,,
2401,matrix,PAHdb experimental 3.10 (Ar matrix),uid 536,dinaptho-pyrene or dibenzo-hexane,C32H18,0,32,536,,,1180.4,4.5598,relative (PAHdb experimental),,,,,10.1016/j.saa.2014.04.017,matrix,CH-ip-bend (8.6 um),,,,,,,,,,
2402,matrix,PAHdb experimental 3.10 (Ar matrix),uid 536,dinaptho-pyrene or dibenzo-hexane,C32H18,0,32,536,,,1211.7,12.709,relative (PAHdb experimental),,,,,10.1016/j.saa.2014.04.017,matrix,CH-ip-bend (8.6 um),,,,,,,,,,
2403,matrix,PAHdb experimental 3.10 (Ar matrix),uid 536,dinaptho-pyrene or dibenzo-hexane,C32H18,0,32,536,,,1227.0,3.4747,relative (PAHdb experimental),,,,,10.1016/j.saa.2014.04.017,matrix,CH-ip-bend (8.6 um),,,,,,,,,,
2404,matrix,PAHdb experimental 3.10 (Ar matrix),uid 536,dinaptho-pyrene or dibenzo-hexane,C32H18,0,32,536,,,1255.9,1.108,relative (PAHdb experimental),,,,,10.1016/j.saa.2014.04.017,matrix,CC-stretch/CH-ip (7.7 um),,,,,,,,,,
2405,matrix,PAHdb experimental 3.10 (Ar matrix),uid 536,dinaptho-pyrene or dibenzo-hexane,C32H18,0,32,536,,,1266.1,4.5469,relative (PAHdb experimental),,,,,10.1016/j.saa.2014.04.017,matrix,CC-stretch/CH-ip (7.7 um),,,,,,,,,,
2406,matrix,PAHdb experimental 3.10 (Ar matrix),uid 536,dinaptho-pyrene or dibenzo-hexane,C32H18,0,32,536,,,1294.5,1.563,relative (PAHdb experimental),,,,,10.1016/j.saa.2014.04.017,matrix,CC-stretch/CH-ip (7.7 um),,,,,,,,,,
2407,matrix,PAHdb experimental 3.10 (Ar matrix),uid 536,dinaptho-pyrene or dibenzo-hexane,C32H18,0,32,536,,,1306.0,3.8961,relative (PAHdb experimental),,,,,10.1016/j.saa.2014.04.017,matrix,CC-stretch/CH-ip (7.7 um),,,,,,,,,,
2408,matrix,PAHdb experimental 3.10 (Ar matrix),uid 536,dinaptho-pyrene or dibenzo-hexane,C32H18,0,32,536,,,1314.6,0.91807,relative (PAHdb experimental),,,,,10.1016/j.saa.2014.04.017,matrix,CC-stretch/CH-ip (7.7 um),,,,,,,,,,
2409,matrix,PAHdb experimental 3.10 (Ar matrix),uid 536,dinaptho-pyrene or dibenzo-hexane,C32H18,0,32,536,,,1341.3,12.265,relative (PAHdb experimental),,,,,10.1016/j.saa.2014.04.017,matrix,CC-stretch/CH-ip (7.7 um),,,,,,,,,,
2410,matrix,PAHdb experimental 3.10 (Ar matrix),uid 536,dinaptho-pyrene or dibenzo-hexane,C32H18,0,32,536,,,1354.8,8.475,relative (PAHdb experimental),,,,,10.1016/j.saa.2014.04.017,matrix,CC-stretch/CH-ip (7.7 um),,,,,,,,,,
2411,matrix,PAHdb experimental 3.10 (Ar matrix),uid 536,dinaptho-pyrene or dibenzo-hexane,C32H18,0,32,536,,,1397.5,3.8844,relative (PAHdb experimental),,,,,10.1016/j.saa.2014.04.017,matrix,CC-stretch/CH-ip (7.7 um),,,,,,,,,,
2412,matrix,PAHdb experimental 3.10 (Ar matrix),uid 536,dinaptho-pyrene or dibenzo-hexane,C32H18,0,32,536,,,1410.8,5.425,relative (PAHdb experimental),,,,,10.1016/j.saa.2014.04.017,matrix,CC-stretch/CH-ip (7.7 um),,,,,,,,,,
2413,matrix,PAHdb experimental 3.10 (Ar matrix),uid 536,dinaptho-pyrene or dibenzo-hexane,C32H18,0,32,536,,,1424.1,4.164,relative (PAHdb experimental),,,,,10.1016/j.saa.2014.04.017,matrix,CC-stretch/CH-ip (7.7 um),,,,,,,,,,
2414,matrix,PAHdb experimental 3.10 (Ar matrix),uid 536,dinaptho-pyrene or dibenzo-hexane,C32H18,0,32,536,,,1438.9,38.866,relative (PAHdb experimental),,,,,10.1016/j.saa.2014.04.017,matrix,CC-stretch/CH-ip (7.7 um),,,,,,,,,,
2415,matrix,PAHdb experimental 3.10 (Ar matrix),uid 536,dinaptho-pyrene or dibenzo-hexane,C32H18,0,32,536,,,1438.9,61.398,relative (PAHdb experimental),,,,,10.1016/j.saa.2014.04.017,matrix,CC-stretch/CH-ip (7.7 um),,,,,,,,,,
2416,matrix,PAHdb experimental 3.10 (Ar matrix),uid 536,dinaptho-pyrene or dibenzo-hexane,C32H18,0,32,536,,,1442.5,22.72,relative (PAHdb experimental),,,,,10.1016/j.saa.2014.04.017,matrix,CC-stretch/CH-ip (7.7 um),,,,,,,,,,
2417,matrix,PAHdb experimental 3.10 (Ar matrix),uid 536,dinaptho-pyrene or dibenzo-hexane,C32H18,0,32,536,,,1462.3,3.6471,relative (PAHdb experimental),,,,,10.1016/j.saa.2014.04.017,matrix,CC-stretch/CH-ip (7.7 um),,,,,,,,,,
2418,matrix,PAHdb experimental 3.10 (Ar matrix),uid 536,dinaptho-pyrene or dibenzo-hexane,C32H18,0,32,536,,,1477.2,22.107,relative (PAHdb experimental),,,,,10.1016/j.saa.2014.04.017,matrix,CC-stretch/CH-ip (7.7 um),,,,,,,,,,
2419,matrix,PAHdb experimental 3.10 (Ar matrix),uid 536,dinaptho-pyrene or dibenzo-hexane,C32H18,0,32,536,,,1493.0,13.103,relative (PAHdb experimental),,,,,10.1016/j.saa.2014.04.017,matrix,CC-stretch/CH-ip (7.7 um),,,,,,,,,,
2420,matrix,PAHdb experimental 3.10 (Ar matrix),uid 536,dinaptho-pyrene or dibenzo-hexane,C32H18,0,32,536,,,1497.4,9.7294,relative (PAHdb experimental),,,,,10.1016/j.saa.2014.04.017,matrix,CC-stretch/CH-ip (7.7 um),,,,,,,,,,
2421,matrix,PAHdb experimental 3.10 (Ar matrix),uid 536,dinaptho-pyrene or dibenzo-hexane,C32H18,0,32,536,,,1542.8,0.82117,relative (PAHdb experimental),,,,,10.1016/j.saa.2014.04.017,matrix,CC-stretch (6.2 um),,,,,,,,,,
2422,matrix,PAHdb experimental 3.10 (Ar matrix),uid 536,dinaptho-pyrene or dibenzo-hexane,C32H18,0,32,536,,,1562.2,14.789,relative (PAHdb experimental),,,,,10.1016/j.saa.2014.04.017,matrix,CC-stretch (6.2 um),,,,,,,,,,
2423,matrix,PAHdb experimental 3.10 (Ar matrix),uid 536,dinaptho-pyrene or dibenzo-hexane,C32H18,0,32,536,,,1574.7,7.1855,relative (PAHdb experimental),,,,,10.1016/j.saa.2014.04.017,matrix,CC-stretch (6.2 um),,,,,,,,,,
2424,matrix,PAHdb experimental 3.10 (Ar matrix),uid 536,dinaptho-pyrene or dibenzo-hexane,C32H18,0,32,536,,,1579.6,5.2257,relative (PAHdb experimental),,,,,10.1016/j.saa.2014.04.017,matrix,CC-stretch (6.2 um),,,,,,,,,,
2425,matrix,PAHdb experimental 3.10 (Ar matrix),uid 536,dinaptho-pyrene or dibenzo-hexane,C32H18,0,32,536,,,1592.6,0.96527,relative (PAHdb experimental),,,,,10.1016/j.saa.2014.04.017,matrix,CC-stretch (6.2 um),,,,,,,,,,
2426,matrix,PAHdb experimental 3.10 (Ar matrix),uid 536,dinaptho-pyrene or dibenzo-hexane,C32H18,0,32,536,,,1596.9,2.3522,relative (PAHdb experimental),,,,,10.1016/j.saa.2014.04.017,matrix,CC-stretch (6.2 um),,,,,,,,,,
2427,matrix,PAHdb experimental 3.10 (Ar matrix),uid 536,dinaptho-pyrene or dibenzo-hexane,C32H18,0,32,536,,,1609.0,14.77,relative (PAHdb experimental),,,,,10.1016/j.saa.2014.04.017,matrix,CC-stretch (6.2 um),,,,,,,,,,
2428,matrix,PAHdb experimental 3.10 (Ar matrix),uid 536,dinaptho-pyrene or dibenzo-hexane,C32H18,0,32,536,,,1687.3,0.76775,relative (PAHdb experimental),,,,,10.1016/j.saa.2014.04.017,matrix,overtone / combination region,,,,,,,,,,
2429,matrix,PAHdb experimental 3.10 (Ar matrix),uid 536,dinaptho-pyrene or dibenzo-hexane,C32H18,0,32,536,,,1692.2,1.9095,relative (PAHdb experimental),,,,,10.1016/j.saa.2014.04.017,matrix,overtone / combination region,,,,,,,,,,
2430,matrix,PAHdb experimental 3.10 (Ar matrix),uid 536,dinaptho-pyrene or dibenzo-hexane,C32H18,0,32,536,,,1758.1,1.3845,relative (PAHdb experimental),,,,,10.1016/j.saa.2014.04.017,matrix,overtone / combination region,,,,,,,,,,
2431,matrix,PAHdb experimental 3.10 (Ar matrix),uid 536,dinaptho-pyrene or dibenzo-hexane,C32H18,0,32,536,,,1782.9,1.8276,relative (PAHdb experimental),,,,,10.1016/j.saa.2014.04.017,matrix,overtone / combination region,,,,,,,,,,
2432,matrix,PAHdb experimental 3.10 (Ar matrix),uid 536,dinaptho-pyrene or dibenzo-hexane,C32H18,0,32,536,,,1788.0,1.1084,relative (PAHdb experimental),,,,,10.1016/j.saa.2014.04.017,matrix,overtone / combination region,,,,,,,,,,
2433,matrix,PAHdb experimental 3.10 (Ar matrix),uid 536,dinaptho-pyrene or dibenzo-hexane,C32H18,0,32,536,,,1798.2,1.7726,relative (PAHdb experimental),,,,,10.1016/j.saa.2014.04.017,matrix,overtone / combination region,,,,,,,,,,
2434,matrix,PAHdb experimental 3.10 (Ar matrix),uid 536,dinaptho-pyrene or dibenzo-hexane,C32H18,0,32,536,,,1808.4,2.1806,relative (PAHdb experimental),,,,,10.1016/j.saa.2014.04.017,matrix,overtone / combination region,,,,,,,,,,
2435,matrix,PAHdb experimental 3.10 (Ar matrix),uid 536,dinaptho-pyrene or dibenzo-hexane,C32H18,0,32,536,,,1818.3,1.0727,relative (PAHdb experimental),,,,,10.1016/j.saa.2014.04.017,matrix,overtone / combination region,,,,,,,,,,
2436,matrix,PAHdb experimental 3.10 (Ar matrix),uid 536,dinaptho-pyrene or dibenzo-hexane,C32H18,0,32,536,,,1827.6,0.529,relative (PAHdb experimental),,,,,10.1016/j.saa.2014.04.017,matrix,overtone / combination region,,,,,,,,,,
2437,matrix,PAHdb experimental 3.10 (Ar matrix),uid 536,dinaptho-pyrene or dibenzo-hexane,C32H18,0,32,536,,,1835.2,1.0282,relative (PAHdb experimental),,,,,10.1016/j.saa.2014.04.017,matrix,overtone / combination region,,,,,,,,,,
2438,matrix,PAHdb experimental 3.10 (Ar matrix),uid 536,dinaptho-pyrene or dibenzo-hexane,C32H18,0,32,536,,,1854.3,4.3039,relative (PAHdb experimental),,,,,10.1016/j.saa.2014.04.017,matrix,overtone / combination region,,,,,,,,,,
2439,matrix,PAHdb experimental 3.10 (Ar matrix),uid 536,dinaptho-pyrene or dibenzo-hexane,C32H18,0,32,536,,,1900.2,3.0484,relative (PAHdb experimental),,,,,10.1016/j.saa.2014.04.017,matrix,overtone / combination region,,,,,,,,,,
2440,matrix,PAHdb experimental 3.10 (Ar matrix),uid 536,dinaptho-pyrene or dibenzo-hexane,C32H18,0,32,536,,,1926.4,14.206,relative (PAHdb experimental),,,,,10.1016/j.saa.2014.04.017,matrix,overtone / combination region,,,,,,,,,,
2441,matrix,PAHdb experimental 3.10 (Ar matrix),uid 536,dinaptho-pyrene or dibenzo-hexane,C32H18,0,32,536,,,1942.1,7.688,relative (PAHdb experimental),,,,,10.1016/j.saa.2014.04.017,matrix,overtone / combination region,,,,,,,,,,
2442,matrix,PAHdb experimental 3.10 (Ar matrix),uid 536,dinaptho-pyrene or dibenzo-hexane,C32H18,0,32,536,,,3025.7,17.498,relative (PAHdb experimental),,,,,10.1016/j.saa.2014.04.017,matrix,CH-stretch,,,,,,,,,,
2443,matrix,PAHdb experimental 3.10 (Ar matrix),uid 536,dinaptho-pyrene or dibenzo-hexane,C32H18,0,32,536,,,3065.5,86.096,relative (PAHdb experimental),,,,,10.1016/j.saa.2014.04.017,matrix,CH-stretch,,,,,,,,,,
2444,matrix,PAHdb experimental 3.10 (Ar matrix),uid 536,dinaptho-pyrene or dibenzo-hexane,C32H18,0,32,536,,,3091.2,42.764,relative (PAHdb experimental),,,,,10.1016/j.saa.2014.04.017,matrix,CH-stretch,,,,,,,,,,
2445,matrix,PAHdb experimental 3.10 (Ar matrix),uid 546,"dibenzo[hi,uv]hexacene or dinaptho-pyrene",C32H18+,1,32,546,,,618.4,358.13,relative (PAHdb experimental),,,,,10.1016/j.saa.2014.04.017,matrix,low / skeletal,,,,,,,,,,
2446,matrix,PAHdb experimental 3.10 (Ar matrix),uid 546,"dibenzo[hi,uv]hexacene or dinaptho-pyrene",C32H18+,1,32,546,,,629.7,37.294,relative (PAHdb experimental),,,,,10.1016/j.saa.2014.04.017,matrix,low / skeletal,,,,,,,,,,
2447,matrix,PAHdb experimental 3.10 (Ar matrix),uid 546,"dibenzo[hi,uv]hexacene or dinaptho-pyrene",C32H18+,1,32,546,,,656.3,341.01,relative (PAHdb experimental),,,,,10.1016/j.saa.2014.04.017,matrix,CH-oop (10.5-15 um; benzene nu11 at 673 included),,,,,,,,,,
2448,matrix,PAHdb experimental 3.10 (Ar matrix),uid 546,"dibenzo[hi,uv]hexacene or dinaptho-pyrene",C32H18+,1,32,546,,,696.0,164.91,relative (PAHdb experimental),,,,,10.1016/j.saa.2014.04.017,matrix,CH-oop (10.5-15 um; benzene nu11 at 673 included),,,,,,,,,,
2449,matrix,PAHdb experimental 3.10 (Ar matrix),uid 546,"dibenzo[hi,uv]hexacene or dinaptho-pyrene",C32H18+,1,32,546,,,707.0,19.036,relative (PAHdb experimental),,,,,10.1016/j.saa.2014.04.017,matrix,CH-oop (10.5-15 um; benzene nu11 at 673 included),,,,,,,,,,
2450,matrix,PAHdb experimental 3.10 (Ar matrix),uid 546,"dibenzo[hi,uv]hexacene or dinaptho-pyrene",C32H18+,1,32,546,,,715.8,7109.3,relative (PAHdb experimental),,,,,10.1016/j.saa.2014.04.017,matrix,CH-oop (10.5-15 um; benzene nu11 at 673 included),,,,,,,,,,
2451,matrix,PAHdb experimental 3.10 (Ar matrix),uid 546,"dibenzo[hi,uv]hexacene or dinaptho-pyrene",C32H18+,1,32,546,,,734.5,88.601,relative (PAHdb experimental),,,,,10.1016/j.saa.2014.04.017,matrix,CH-oop (10.5-15 um; benzene nu11 at 673 included),,,,,,,,,,
2452,matrix,PAHdb experimental 3.10 (Ar matrix),uid 546,"dibenzo[hi,uv]hexacene or dinaptho-pyrene",C32H18+,1,32,546,,,739.1,66.363,relative (PAHdb experimental),,,,,10.1016/j.saa.2014.04.017,matrix,CH-oop (10.5-15 um; benzene nu11 at 673 included),,,,,,,,,,
2453,matrix,PAHdb experimental 3.10 (Ar matrix),uid 546,"dibenzo[hi,uv]hexacene or dinaptho-pyrene",C32H18+,1,32,546,,,746.3,6716.6,relative (PAHdb experimental),,,,,10.1016/j.saa.2014.04.017,matrix,CH-oop (10.5-15 um; benzene nu11 at 673 included),,,,,,,,,,
2454,matrix,PAHdb experimental 3.10 (Ar matrix),uid 546,"dibenzo[hi,uv]hexacene or dinaptho-pyrene",C32H18+,1,32,546,,,779.6,5018.0,relative (PAHdb experimental),,,,,10.1016/j.saa.2014.04.017,matrix,CH-oop (10.5-15 um; benzene nu11 at 673 included),,,,,,,,,,
2455,matrix,PAHdb experimental 3.10 (Ar matrix),uid 546,"dibenzo[hi,uv]hexacene or dinaptho-pyrene",C32H18+,1,32,546,,,814.4,1716.0,relative (PAHdb experimental),,,,,10.1016/j.saa.2014.04.017,matrix,CH-oop (10.5-15 um; benzene nu11 at 673 included),,,,,,,,,,
2456,matrix,PAHdb experimental 3.10 (Ar matrix),uid 546,"dibenzo[hi,uv]hexacene or dinaptho-pyrene",C32H18+,1,32,546,,,835.1,765.77,relative (PAHdb experimental),,,,,10.1016/j.saa.2014.04.017,matrix,CH-oop (10.5-15 um; benzene nu11 at 673 included),,,,,,,,,,
2457,matrix,PAHdb experimental 3.10 (Ar matrix),uid 546,"dibenzo[hi,uv]hexacene or dinaptho-pyrene",C32H18+,1,32,546,,,873.5,6439.6,relative (PAHdb experimental),,,,,10.1016/j.saa.2014.04.017,matrix,CH-oop (10.5-15 um; benzene nu11 at 673 included),,,,,,,,,,
2458,matrix,PAHdb experimental 3.10 (Ar matrix),uid 546,"dibenzo[hi,uv]hexacene or dinaptho-pyrene",C32H18+,1,32,546,,,919.1,5232.3,relative (PAHdb experimental),,,,,10.1016/j.saa.2014.04.017,matrix,CH-oop (10.5-15 um; benzene nu11 at 673 included),,,,,,,,,,
2459,matrix,PAHdb experimental 3.10 (Ar matrix),uid 546,"dibenzo[hi,uv]hexacene or dinaptho-pyrene",C32H18+,1,32,546,,,997.8,55.576,relative (PAHdb experimental),,,,,10.1016/j.saa.2014.04.017,matrix,ring / CH-ip (9-10.5 um),,,,,,,,,,
2460,matrix,PAHdb experimental 3.10 (Ar matrix),uid 546,"dibenzo[hi,uv]hexacene or dinaptho-pyrene",C32H18+,1,32,546,,,1029.2,64.848,relative (PAHdb experimental),,,,,10.1016/j.saa.2014.04.017,matrix,ring / CH-ip (9-10.5 um),,,,,,,,,,
2461,matrix,PAHdb experimental 3.10 (Ar matrix),uid 546,"dibenzo[hi,uv]hexacene or dinaptho-pyrene",C32H18+,1,32,546,,,1038.8,93.552,relative (PAHdb experimental),,,,,10.1016/j.saa.2014.04.017,matrix,ring / CH-ip (9-10.5 um),,,,,,,,,,
2462,matrix,PAHdb experimental 3.10 (Ar matrix),uid 546,"dibenzo[hi,uv]hexacene or dinaptho-pyrene",C32H18+,1,32,546,,,1052.3,83.376,relative (PAHdb experimental),,,,,10.1016/j.saa.2014.04.017,matrix,ring / CH-ip (9-10.5 um),,,,,,,,,,
2463,matrix,PAHdb experimental 3.10 (Ar matrix),uid 546,"dibenzo[hi,uv]hexacene or dinaptho-pyrene",C32H18+,1,32,546,,,1083.3,86.567,relative (PAHdb experimental),,,,,10.1016/j.saa.2014.04.017,matrix,ring / CH-ip (9-10.5 um),,,,,,,,,,
2464,matrix,PAHdb experimental 3.10 (Ar matrix),uid 546,"dibenzo[hi,uv]hexacene or dinaptho-pyrene",C32H18+,1,32,546,,,1098.2,48.788,relative (PAHdb experimental),,,,,10.1016/j.saa.2014.04.017,matrix,ring / CH-ip (9-10.5 um),,,,,,,,,,
2465,matrix,PAHdb experimental 3.10 (Ar matrix),uid 546,"dibenzo[hi,uv]hexacene or dinaptho-pyrene",C32H18+,1,32,546,,,1124.7,96.178,relative (PAHdb experimental),,,,,10.1016/j.saa.2014.04.017,matrix,CH-ip-bend (8.6 um),,,,,,,,,,
2466,matrix,PAHdb experimental 3.10 (Ar matrix),uid 546,"dibenzo[hi,uv]hexacene or dinaptho-pyrene",C32H18+,1,32,546,,,1210.6,3847.9,relative (PAHdb experimental),,,,,10.1016/j.saa.2014.04.017,matrix,CH-ip-bend (8.6 um),,,,,,,,,,
2467,matrix,PAHdb experimental 3.10 (Ar matrix),uid 546,"dibenzo[hi,uv]hexacene or dinaptho-pyrene",C32H18+,1,32,546,,,1258.2,132.59,relative (PAHdb experimental),,,,,10.1016/j.saa.2014.04.017,matrix,CC-stretch/CH-ip (7.7 um),,,,,,,,,,
2468,matrix,PAHdb experimental 3.10 (Ar matrix),uid 546,"dibenzo[hi,uv]hexacene or dinaptho-pyrene",C32H18+,1,32,546,,,1297.7,1104.1,relative (PAHdb experimental),,,,,10.1016/j.saa.2014.04.017,matrix,CC-stretch/CH-ip (7.7 um),,,,,,,,,,
2469,matrix,PAHdb experimental 3.10 (Ar matrix),uid 546,"dibenzo[hi,uv]hexacene or dinaptho-pyrene",C32H18+,1,32,546,,,1315.2,277.0,relative (PAHdb experimental),,,,,10.1016/j.saa.2014.04.017,matrix,CC-stretch/CH-ip (7.7 um),,,,,,,,,,
2470,matrix,PAHdb experimental 3.10 (Ar matrix),uid 546,"dibenzo[hi,uv]hexacene or dinaptho-pyrene",C32H18+,1,32,546,,,1333.8,412.95,relative (PAHdb experimental),,,,,10.1016/j.saa.2014.04.017,matrix,CC-stretch/CH-ip (7.7 um),,,,,,,,,,
2471,matrix,PAHdb experimental 3.10 (Ar matrix),uid 546,"dibenzo[hi,uv]hexacene or dinaptho-pyrene",C32H18+,1,32,546,,,1369.3,216.7,relative (PAHdb experimental),,,,,10.1016/j.saa.2014.04.017,matrix,CC-stretch/CH-ip (7.7 um),,,,,,,,,,
2472,matrix,PAHdb experimental 3.10 (Ar matrix),uid 546,"dibenzo[hi,uv]hexacene or dinaptho-pyrene",C32H18+,1,32,546,,,1376.6,292.0,relative (PAHdb experimental),,,,,10.1016/j.saa.2014.04.017,matrix,CC-stretch/CH-ip (7.7 um),,,,,,,,,,
2473,matrix,PAHdb experimental 3.10 (Ar matrix),uid 546,"dibenzo[hi,uv]hexacene or dinaptho-pyrene",C32H18+,1,32,546,,,1440.1,1821.2,relative (PAHdb experimental),,,,,10.1016/j.saa.2014.04.017,matrix,CC-stretch/CH-ip (7.7 um),,,,,,,,,,
2474,matrix,PAHdb experimental 3.10 (Ar matrix),uid 546,"dibenzo[hi,uv]hexacene or dinaptho-pyrene",C32H18+,1,32,546,,,1513.6,1949.5,relative (PAHdb experimental),,,,,10.1016/j.saa.2014.04.017,matrix,CC-stretch (6.2 um),,,,,,,,,,
2475,matrix,PAHdb experimental 3.10 (Ar matrix),uid 546,"dibenzo[hi,uv]hexacene or dinaptho-pyrene",C32H18+,1,32,546,,,1659.7,98.442,relative (PAHdb experimental),,,,,10.1016/j.saa.2014.04.017,matrix,overtone / combination region,,,,,,,,,,
2476,matrix,PAHdb experimental 3.10 (Ar matrix),uid 546,"dibenzo[hi,uv]hexacene or dinaptho-pyrene",C32H18+,1,32,546,,,1688.1,211.31,relative (PAHdb experimental),,,,,10.1016/j.saa.2014.04.017,matrix,overtone / combination region,,,,,,,,,,
2477,matrix,PAHdb experimental 3.10 (Ar matrix),uid 546,"dibenzo[hi,uv]hexacene or dinaptho-pyrene",C32H18+,1,32,546,,,1740.5,149.12,relative (PAHdb experimental),,,,,10.1016/j.saa.2014.04.017,matrix,overtone / combination region,,,,,,,,,,
2478,matrix,PAHdb experimental 3.10 (Ar matrix),uid 546,"dibenzo[hi,uv]hexacene or dinaptho-pyrene",C32H18+,1,32,546,,,1842.3,112.41,relative (PAHdb experimental),,,,,10.1016/j.saa.2014.04.017,matrix,overtone / combination region,,,,,,,,,,
2479,matrix,PAHdb experimental 3.10 (Ar matrix),uid 546,"dibenzo[hi,uv]hexacene or dinaptho-pyrene",C32H18+,1,32,546,,,1892.0,54.797,relative (PAHdb experimental),,,,,10.1016/j.saa.2014.04.017,matrix,overtone / combination region,,,,,,,,,,
2480,matrix,PAHdb experimental 3.10 (Ar matrix),uid 546,"dibenzo[hi,uv]hexacene or dinaptho-pyrene",C32H18+,1,32,546,,,1969.2,12.987,relative (PAHdb experimental),,,,,10.1016/j.saa.2014.04.017,matrix,overtone / combination region,,,,,,,,,,
2481,matrix,PAHdb experimental 3.10 (Ar matrix),uid 546,"dibenzo[hi,uv]hexacene or dinaptho-pyrene",C32H18+,1,32,546,,,1981.7,7.306,relative (PAHdb experimental),,,,,10.1016/j.saa.2014.04.017,matrix,overtone / combination region,,,,,,,,,,
2482,matrix,PAHdb experimental 3.10 (Ar matrix),uid 546,"dibenzo[hi,uv]hexacene or dinaptho-pyrene",C32H18+,1,32,546,,,2006.2,114.17,relative (PAHdb experimental),,,,,10.1016/j.saa.2014.04.017,matrix,overtone / combination region,,,,,,,,,,
2483,matrix,PAHdb experimental 3.10 (Ar matrix),uid 546,"dibenzo[hi,uv]hexacene or dinaptho-pyrene",C32H18+,1,32,546,,,2026.1,10.94,relative (PAHdb experimental),,,,,10.1016/j.saa.2014.04.017,matrix,overtone / combination region,,,,,,,,,,
2484,matrix,PAHdb experimental 3.10 (Ar matrix),uid 546,"dibenzo[hi,uv]hexacene or dinaptho-pyrene",C32H18+,1,32,546,,,2054.4,328.16,relative (PAHdb experimental),,,,,10.1016/j.saa.2014.04.017,matrix,overtone / combination region,,,,,,,,,,
2485,matrix,PAHdb experimental 3.10 (Ar matrix),uid 546,"dibenzo[hi,uv]hexacene or dinaptho-pyrene",C32H18+,1,32,546,,,2247.6,5767.6,relative (PAHdb experimental),,,,,10.1016/j.saa.2014.04.017,matrix,overtone / combination region,,,,,,,,,,
2486,matrix,PAHdb experimental 3.10 (Ar matrix),uid 546,"dibenzo[hi,uv]hexacene or dinaptho-pyrene",C32H18+,1,32,546,,,2360.5,6710.5,relative (PAHdb experimental),,,,,10.1016/j.saa.2014.04.017,matrix,overtone / combination region,,,,,,,,,,
2487,matrix,PAHdb experimental 3.10 (Ar matrix),uid 546,"dibenzo[hi,uv]hexacene or dinaptho-pyrene",C32H18+,1,32,546,,,2601.4,100.51,relative (PAHdb experimental),,,,,10.1016/j.saa.2014.04.017,matrix,overtone / combination region,,,,,,,,,,
2488,matrix,PAHdb experimental 3.10 (Ar matrix),uid 546,"dibenzo[hi,uv]hexacene or dinaptho-pyrene",C32H18+,1,32,546,,,2635.0,269.87,relative (PAHdb experimental),,,,,10.1016/j.saa.2014.04.017,matrix,overtone / combination region,,,,,,,,,,
2489,matrix,PAHdb experimental 3.10 (Ar matrix),uid 546,"dibenzo[hi,uv]hexacene or dinaptho-pyrene",C32H18+,1,32,546,,,2665.3,114.39,relative (PAHdb experimental),,,,,10.1016/j.saa.2014.04.017,matrix,overtone / combination region,,,,,,,,,,
2490,matrix,PAHdb experimental 3.10 (Ar matrix),uid 546,"dibenzo[hi,uv]hexacene or dinaptho-pyrene",C32H18+,1,32,546,,,2723.6,79.693,relative (PAHdb experimental),,,,,10.1016/j.saa.2014.04.017,matrix,overtone / combination region,,,,,,,,,,
2491,matrix,PAHdb experimental 3.10 (Ar matrix),uid 546,"dibenzo[hi,uv]hexacene or dinaptho-pyrene",C32H18+,1,32,546,,,2829.6,425.5,relative (PAHdb experimental),,,,,10.1016/j.saa.2014.04.017,matrix,overtone / combination region,,,,,,,,,,
2492,matrix,PAHdb experimental 3.10 (Ar matrix),uid 546,"dibenzo[hi,uv]hexacene or dinaptho-pyrene",C32H18+,1,32,546,,,3012.1,16.16,relative (PAHdb experimental),,,,,10.1016/j.saa.2014.04.017,matrix,CH-stretch,,,,,,,,,,
2493,matrix,PAHdb experimental 3.10 (Ar matrix),uid 546,"dibenzo[hi,uv]hexacene or dinaptho-pyrene",C32H18+,1,32,546,,,3062.2,39.99,relative (PAHdb experimental),,,,,10.1016/j.saa.2014.04.017,matrix,CH-stretch,,,,,,,,,,
2494,matrix,PAHdb experimental 3.10 (Ar matrix),uid 546,"dibenzo[hi,uv]hexacene or dinaptho-pyrene",C32H18+,1,32,546,,,3395.2,912.72,relative (PAHdb experimental),,,,,10.1016/j.saa.2014.04.017,matrix,above 3200,,,,,,,,,,
2495,matrix,PAHdb experimental 3.10 (Ar matrix),uid 125,"3,4;5,6;7,8-tribenzoperopyrene",C34H16,0,34,125,,,468.4,5.588,relative (PAHdb experimental),,,,,,matrix,low / skeletal,,,,,,,,,,
2496,matrix,PAHdb experimental 3.10 (Ar matrix),uid 125,"3,4;5,6;7,8-tribenzoperopyrene",C34H16,0,34,125,,,489.8,1.7128,relative (PAHdb experimental),,,,,,matrix,low / skeletal,,,,,,,,,,
2497,matrix,PAHdb experimental 3.10 (Ar matrix),uid 125,"3,4;5,6;7,8-tribenzoperopyrene",C34H16,0,34,125,,,502.4,2.8395,relative (PAHdb experimental),,,,,,matrix,low / skeletal,,,,,,,,,,
2498,matrix,PAHdb experimental 3.10 (Ar matrix),uid 125,"3,4;5,6;7,8-tribenzoperopyrene",C34H16,0,34,125,,,525.1,1.685,relative (PAHdb experimental),,,,,,matrix,low / skeletal,,,,,,,,,,
2499,matrix,PAHdb experimental 3.10 (Ar matrix),uid 125,"3,4;5,6;7,8-tribenzoperopyrene",C34H16,0,34,125,,,558.2,0.73029,relative (PAHdb experimental),,,,,,matrix,low / skeletal,,,,,,,,,,
2500,matrix,PAHdb experimental 3.10 (Ar matrix),uid 125,"3,4;5,6;7,8-tribenzoperopyrene",C34H16,0,34,125,,,566.5,9.328,relative (PAHdb experimental),,,,,,matrix,low / skeletal,,,,,,,,,,
2501,matrix,PAHdb experimental 3.10 (Ar matrix),uid 125,"3,4;5,6;7,8-tribenzoperopyrene",C34H16,0,34,125,,,596.3,5.6659,relative (PAHdb experimental),,,,,,matrix,low / skeletal,,,,,,,,,,
2502,matrix,PAHdb experimental 3.10 (Ar matrix),uid 125,"3,4;5,6;7,8-tribenzoperopyrene",C34H16,0,34,125,,,655.5,0.72601,relative (PAHdb experimental),,,,,,matrix,CH-oop (10.5-15 um; benzene nu11 at 673 included),,,,,,,,,,
2503,matrix,PAHdb experimental 3.10 (Ar matrix),uid 125,"3,4;5,6;7,8-tribenzoperopyrene",C34H16,0,34,125,,,690.2,1.9569,relative (PAHdb experimental),,,,,,matrix,CH-oop (10.5-15 um; benzene nu11 at 673 included),,,,,,,,,,
2504,matrix,PAHdb experimental 3.10 (Ar matrix),uid 125,"3,4;5,6;7,8-tribenzoperopyrene",C34H16,0,34,125,,,733.2,13.175,relative (PAHdb experimental),,,,,,matrix,CH-oop (10.5-15 um; benzene nu11 at 673 included),,,,,,,,,,
2505,matrix,PAHdb experimental 3.10 (Ar matrix),uid 125,"3,4;5,6;7,8-tribenzoperopyrene",C34H16,0,34,125,,,760.6,9.6051,relative (PAHdb experimental),,,,,,matrix,CH-oop (10.5-15 um; benzene nu11 at 673 included),,,,,,,,,,
2506,matrix,PAHdb experimental 3.10 (Ar matrix),uid 125,"3,4;5,6;7,8-tribenzoperopyrene",C34H16,0,34,125,,,762.8,5.9296,relative (PAHdb experimental),,,,,,matrix,CH-oop (10.5-15 um; benzene nu11 at 673 included),,,,,,,,,,
2507,matrix,PAHdb experimental 3.10 (Ar matrix),uid 125,"3,4;5,6;7,8-tribenzoperopyrene",C34H16,0,34,125,,,812.6,38.917,relative (PAHdb experimental),,,,,,matrix,CH-oop (10.5-15 um; benzene nu11 at 673 included),,,,,,,,,,
2508,matrix,PAHdb experimental 3.10 (Ar matrix),uid 125,"3,4;5,6;7,8-tribenzoperopyrene",C34H16,0,34,125,,,832.4,6.3663,relative (PAHdb experimental),,,,,,matrix,CH-oop (10.5-15 um; benzene nu11 at 673 included),,,,,,,,,,
2509,matrix,PAHdb experimental 3.10 (Ar matrix),uid 125,"3,4;5,6;7,8-tribenzoperopyrene",C34H16,0,34,125,,,838.5,57.749,relative (PAHdb experimental),,,,,,matrix,CH-oop (10.5-15 um; benzene nu11 at 673 included),,,,,,,,,,
2510,matrix,PAHdb experimental 3.10 (Ar matrix),uid 125,"3,4;5,6;7,8-tribenzoperopyrene",C34H16,0,34,125,,,894.5,2.3812,relative (PAHdb experimental),,,,,,matrix,CH-oop (10.5-15 um; benzene nu11 at 673 included),,,,,,,,,,
2511,matrix,PAHdb experimental 3.10 (Ar matrix),uid 125,"3,4;5,6;7,8-tribenzoperopyrene",C34H16,0,34,125,,,927.5,4.0713,relative (PAHdb experimental),,,,,,matrix,CH-oop (10.5-15 um; benzene nu11 at 673 included),,,,,,,,,,
2512,matrix,PAHdb experimental 3.10 (Ar matrix),uid 125,"3,4;5,6;7,8-tribenzoperopyrene",C34H16,0,34,125,,,937.0,0.76842,relative (PAHdb experimental),,,,,,matrix,CH-oop (10.5-15 um; benzene nu11 at 673 included),,,,,,,,,,
2513,matrix,PAHdb experimental 3.10 (Ar matrix),uid 125,"3,4;5,6;7,8-tribenzoperopyrene",C34H16,0,34,125,,,960.4,4.2597,relative (PAHdb experimental),,,,,,matrix,ring / CH-ip (9-10.5 um),,,,,,,,,,
2514,matrix,PAHdb experimental 3.10 (Ar matrix),uid 125,"3,4;5,6;7,8-tribenzoperopyrene",C34H16,0,34,125,,,1021.1,0.61558,relative (PAHdb experimental),,,,,,matrix,ring / CH-ip (9-10.5 um),,,,,,,,,,
2515,matrix,PAHdb experimental 3.10 (Ar matrix),uid 125,"3,4;5,6;7,8-tribenzoperopyrene",C34H16,0,34,125,,,1027.4,0.79215,relative (PAHdb experimental),,,,,,matrix,ring / CH-ip (9-10.5 um),,,,,,,,,,
2516,matrix,PAHdb experimental 3.10 (Ar matrix),uid 125,"3,4;5,6;7,8-tribenzoperopyrene",C34H16,0,34,125,,,1036.2,1.7833,relative (PAHdb experimental),,,,,,matrix,ring / CH-ip (9-10.5 um),,,,,,,,,,
2517,matrix,PAHdb experimental 3.10 (Ar matrix),uid 125,"3,4;5,6;7,8-tribenzoperopyrene",C34H16,0,34,125,,,1038.1,0.99217,relative (PAHdb experimental),,,,,,matrix,ring / CH-ip (9-10.5 um),,,,,,,,,,
2518,matrix,PAHdb experimental 3.10 (Ar matrix),uid 125,"3,4;5,6;7,8-tribenzoperopyrene",C34H16,0,34,125,,,1084.3,1.1973,relative (PAHdb experimental),,,,,,matrix,ring / CH-ip (9-10.5 um),,,,,,,,,,
2519,matrix,PAHdb experimental 3.10 (Ar matrix),uid 125,"3,4;5,6;7,8-tribenzoperopyrene",C34H16,0,34,125,,,1095.3,16.485,relative (PAHdb experimental),,,,,,matrix,ring / CH-ip (9-10.5 um),,,,,,,,,,
2520,matrix,PAHdb experimental 3.10 (Ar matrix),uid 125,"3,4;5,6;7,8-tribenzoperopyrene",C34H16,0,34,125,,,1111.4,1.3609,relative (PAHdb experimental),,,,,,matrix,CH-ip-bend (8.6 um),,,,,,,,,,
2521,matrix,PAHdb experimental 3.10 (Ar matrix),uid 125,"3,4;5,6;7,8-tribenzoperopyrene",C34H16,0,34,125,,,1114.1,1.419,relative (PAHdb experimental),,,,,,matrix,CH-ip-bend (8.6 um),,,,,,,,,,
2522,matrix,PAHdb experimental 3.10 (Ar matrix),uid 125,"3,4;5,6;7,8-tribenzoperopyrene",C34H16,0,34,125,,,1134.9,0.58283,relative (PAHdb experimental),,,,,,matrix,CH-ip-bend (8.6 um),,,,,,,,,,
2523,matrix,PAHdb experimental 3.10 (Ar matrix),uid 125,"3,4;5,6;7,8-tribenzoperopyrene",C34H16,0,34,125,,,1147.9,7.0626,relative (PAHdb experimental),,,,,,matrix,CH-ip-bend (8.6 um),,,,,,,,,,
2524,matrix,PAHdb experimental 3.10 (Ar matrix),uid 125,"3,4;5,6;7,8-tribenzoperopyrene",C34H16,0,34,125,,,1166.8,9.7119,relative (PAHdb experimental),,,,,,matrix,CH-ip-bend (8.6 um),,,,,,,,,,
2525,matrix,PAHdb experimental 3.10 (Ar matrix),uid 125,"3,4;5,6;7,8-tribenzoperopyrene",C34H16,0,34,125,,,1196.2,1.3214,relative (PAHdb experimental),,,,,,matrix,CH-ip-bend (8.6 um),,,,,,,,,,
2526,matrix,PAHdb experimental 3.10 (Ar matrix),uid 125,"3,4;5,6;7,8-tribenzoperopyrene",C34H16,0,34,125,,,1203.9,4.8732,relative (PAHdb experimental),,,,,,matrix,CH-ip-bend (8.6 um),,,,,,,,,,
2527,matrix,PAHdb experimental 3.10 (Ar matrix),uid 125,"3,4;5,6;7,8-tribenzoperopyrene",C34H16,0,34,125,,,1214.3,16.713,relative (PAHdb experimental),,,,,,matrix,CH-ip-bend (8.6 um),,,,,,,,,,
2528,matrix,PAHdb experimental 3.10 (Ar matrix),uid 125,"3,4;5,6;7,8-tribenzoperopyrene",C34H16,0,34,125,,,1234.8,9.8462,relative (PAHdb experimental),,,,,,matrix,CH-ip-bend (8.6 um),,,,,,,,,,
2529,matrix,PAHdb experimental 3.10 (Ar matrix),uid 125,"3,4;5,6;7,8-tribenzoperopyrene",C34H16,0,34,125,,,1259.9,4.674,relative (PAHdb experimental),,,,,,matrix,CC-stretch/CH-ip (7.7 um),,,,,,,,,,
2530,matrix,PAHdb experimental 3.10 (Ar matrix),uid 125,"3,4;5,6;7,8-tribenzoperopyrene",C34H16,0,34,125,,,1270.4,6.672,relative (PAHdb experimental),,,,,,matrix,CC-stretch/CH-ip (7.7 um),,,,,,,,,,
2531,matrix,PAHdb experimental 3.10 (Ar matrix),uid 125,"3,4;5,6;7,8-tribenzoperopyrene",C34H16,0,34,125,,,1308.1,3.8426,relative (PAHdb experimental),,,,,,matrix,CC-stretch/CH-ip (7.7 um),,,,,,,,,,
2532,matrix,PAHdb experimental 3.10 (Ar matrix),uid 125,"3,4;5,6;7,8-tribenzoperopyrene",C34H16,0,34,125,,,1314.2,2.3233,relative (PAHdb experimental),,,,,,matrix,CC-stretch/CH-ip (7.7 um),,,,,,,,,,
2533,matrix,PAHdb experimental 3.10 (Ar matrix),uid 125,"3,4;5,6;7,8-tribenzoperopyrene",C34H16,0,34,125,,,1319.6,9.4543,relative (PAHdb experimental),,,,,,matrix,CC-stretch/CH-ip (7.7 um),,,,,,,,,,
2534,matrix,PAHdb experimental 3.10 (Ar matrix),uid 125,"3,4;5,6;7,8-tribenzoperopyrene",C34H16,0,34,125,,,1342.3,21.283,relative (PAHdb experimental),,,,,,matrix,CC-stretch/CH-ip (7.7 um),,,,,,,,,,
2535,matrix,PAHdb experimental 3.10 (Ar matrix),uid 125,"3,4;5,6;7,8-tribenzoperopyrene",C34H16,0,34,125,,,1350.1,20.45,relative (PAHdb experimental),,,,,,matrix,CC-stretch/CH-ip (7.7 um),,,,,,,,,,
2536,matrix,PAHdb experimental 3.10 (Ar matrix),uid 125,"3,4;5,6;7,8-tribenzoperopyrene",C34H16,0,34,125,,,1367.8,5.2983,relative (PAHdb experimental),,,,,,matrix,CC-stretch/CH-ip (7.7 um),,,,,,,,,,
2537,matrix,PAHdb experimental 3.10 (Ar matrix),uid 125,"3,4;5,6;7,8-tribenzoperopyrene",C34H16,0,34,125,,,1379.2,5.9985,relative (PAHdb experimental),,,,,,matrix,CC-stretch/CH-ip (7.7 um),,,,,,,,,,
2538,matrix,PAHdb experimental 3.10 (Ar matrix),uid 125,"3,4;5,6;7,8-tribenzoperopyrene",C34H16,0,34,125,,,1402.8,6.5453,relative (PAHdb experimental),,,,,,matrix,CC-stretch/CH-ip (7.7 um),,,,,,,,,,
2539,matrix,PAHdb experimental 3.10 (Ar matrix),uid 125,"3,4;5,6;7,8-tribenzoperopyrene",C34H16,0,34,125,,,1419.4,4.1156,relative (PAHdb experimental),,,,,,matrix,CC-stretch/CH-ip (7.7 um),,,,,,,,,,
2540,matrix,PAHdb experimental 3.10 (Ar matrix),uid 125,"3,4;5,6;7,8-tribenzoperopyrene",C34H16,0,34,125,,,1423.8,10.838,relative (PAHdb experimental),,,,,,matrix,CC-stretch/CH-ip (7.7 um),,,,,,,,,,
2541,matrix,PAHdb experimental 3.10 (Ar matrix),uid 125,"3,4;5,6;7,8-tribenzoperopyrene",C34H16,0,34,125,,,1436.5,59.204,relative (PAHdb experimental),,,,,,matrix,CC-stretch/CH-ip (7.7 um),,,,,,,,,,
2542,matrix,PAHdb experimental 3.10 (Ar matrix),uid 125,"3,4;5,6;7,8-tribenzoperopyrene",C34H16,0,34,125,,,1462.1,3.7652,relative (PAHdb experimental),,,,,,matrix,CC-stretch/CH-ip (7.7 um),,,,,,,,,,
2543,matrix,PAHdb experimental 3.10 (Ar matrix),uid 125,"3,4;5,6;7,8-tribenzoperopyrene",C34H16,0,34,125,,,1479.2,3.194,relative (PAHdb experimental),,,,,,matrix,CC-stretch/CH-ip (7.7 um),,,,,,,,,,
2544,matrix,PAHdb experimental 3.10 (Ar matrix),uid 125,"3,4;5,6;7,8-tribenzoperopyrene",C34H16,0,34,125,,,1493.5,1.0371,relative (PAHdb experimental),,,,,,matrix,CC-stretch/CH-ip (7.7 um),,,,,,,,,,
2545,matrix,PAHdb experimental 3.10 (Ar matrix),uid 125,"3,4;5,6;7,8-tribenzoperopyrene",C34H16,0,34,125,,,1505.9,8.1528,relative (PAHdb experimental),,,,,,matrix,CC-stretch (6.2 um),,,,,,,,,,
2546,matrix,PAHdb experimental 3.10 (Ar matrix),uid 125,"3,4;5,6;7,8-tribenzoperopyrene",C34H16,0,34,125,,,1525.3,10.778,relative (PAHdb experimental),,,,,,matrix,CC-stretch (6.2 um),,,,,,,,,,
2547,matrix,PAHdb experimental 3.10 (Ar matrix),uid 125,"3,4;5,6;7,8-tribenzoperopyrene",C34H16,0,34,125,,,1544.7,0.59583,relative (PAHdb experimental),,,,,,matrix,CC-stretch (6.2 um),,,,,,,,,,
2548,matrix,PAHdb experimental 3.10 (Ar matrix),uid 125,"3,4;5,6;7,8-tribenzoperopyrene",C34H16,0,34,125,,,1556.8,0.63151,relative (PAHdb experimental),,,,,,matrix,CC-stretch (6.2 um),,,,,,,,,,
2549,matrix,PAHdb experimental 3.10 (Ar matrix),uid 125,"3,4;5,6;7,8-tribenzoperopyrene",C34H16,0,34,125,,,1594.7,35.858,relative (PAHdb experimental),,,,,,matrix,CC-stretch (6.2 um),,,,,,,,,,
2550,matrix,PAHdb experimental 3.10 (Ar matrix),uid 125,"3,4;5,6;7,8-tribenzoperopyrene",C34H16,0,34,125,,,1602.5,9.9914,relative (PAHdb experimental),,,,,,matrix,CC-stretch (6.2 um),,,,,,,,,,
2551,matrix,PAHdb experimental 3.10 (Ar matrix),uid 125,"3,4;5,6;7,8-tribenzoperopyrene",C34H16,0,34,125,,,1630.3,14.775,relative (PAHdb experimental),,,,,,matrix,CC-stretch (6.2 um),,,,,,,,,,
2552,matrix,PAHdb experimental 3.10 (Ar matrix),uid 125,"3,4;5,6;7,8-tribenzoperopyrene",C34H16,0,34,125,,,1654.3,1.7265,relative (PAHdb experimental),,,,,,matrix,overtone / combination region,,,,,,,,,,
2553,matrix,PAHdb experimental 3.10 (Ar matrix),uid 125,"3,4;5,6;7,8-tribenzoperopyrene",C34H16,0,34,125,,,1661.3,1.4566,relative (PAHdb experimental),,,,,,matrix,overtone / combination region,,,,,,,,,,
2554,matrix,PAHdb experimental 3.10 (Ar matrix),uid 125,"3,4;5,6;7,8-tribenzoperopyrene",C34H16,0,34,125,,,1673.9,2.6844,relative (PAHdb experimental),,,,,,matrix,overtone / combination region,,,,,,,,,,
2555,matrix,PAHdb experimental 3.10 (Ar matrix),uid 125,"3,4;5,6;7,8-tribenzoperopyrene",C34H16,0,34,125,,,1718.5,0.95845,relative (PAHdb experimental),,,,,,matrix,overtone / combination region,,,,,,,,,,
2556,matrix,PAHdb experimental 3.10 (Ar matrix),uid 125,"3,4;5,6;7,8-tribenzoperopyrene",C34H16,0,34,125,,,1754.8,1.0126,relative (PAHdb experimental),,,,,,matrix,overtone / combination region,,,,,,,,,,
2557,matrix,PAHdb experimental 3.10 (Ar matrix),uid 125,"3,4;5,6;7,8-tribenzoperopyrene",C34H16,0,34,125,,,1780.2,4.4594,relative (PAHdb experimental),,,,,,matrix,overtone / combination region,,,,,,,,,,
2558,matrix,PAHdb experimental 3.10 (Ar matrix),uid 125,"3,4;5,6;7,8-tribenzoperopyrene",C34H16,0,34,125,,,1786.8,9.6814,relative (PAHdb experimental),,,,,,matrix,overtone / combination region,,,,,,,,,,
2559,matrix,PAHdb experimental 3.10 (Ar matrix),uid 125,"3,4;5,6;7,8-tribenzoperopyrene",C34H16,0,34,125,,,1795.1,2.6012,relative (PAHdb experimental),,,,,,matrix,overtone / combination region,,,,,,,,,,
2560,matrix,PAHdb experimental 3.10 (Ar matrix),uid 125,"3,4;5,6;7,8-tribenzoperopyrene",C34H16,0,34,125,,,1851.9,1.0821,relative (PAHdb experimental),,,,,,matrix,overtone / combination region,,,,,,,,,,
2561,matrix,PAHdb experimental 3.10 (Ar matrix),uid 125,"3,4;5,6;7,8-tribenzoperopyrene",C34H16,0,34,125,,,1858.6,2.9539,relative (PAHdb experimental),,,,,,matrix,overtone / combination region,,,,,,,,,,
2562,matrix,PAHdb experimental 3.10 (Ar matrix),uid 125,"3,4;5,6;7,8-tribenzoperopyrene",C34H16,0,34,125,,,1885.2,2.4275,relative (PAHdb experimental),,,,,,matrix,overtone / combination region,,,,,,,,,,
2563,matrix,PAHdb experimental 3.10 (Ar matrix),uid 125,"3,4;5,6;7,8-tribenzoperopyrene",C34H16,0,34,125,,,1887.5,2.6532,relative (PAHdb experimental),,,,,,matrix,overtone / combination region,,,,,,,,,,
2564,matrix,PAHdb experimental 3.10 (Ar matrix),uid 125,"3,4;5,6;7,8-tribenzoperopyrene",C34H16,0,34,125,,,1899.7,2.4947,relative (PAHdb experimental),,,,,,matrix,overtone / combination region,,,,,,,,,,
2565,matrix,PAHdb experimental 3.10 (Ar matrix),uid 125,"3,4;5,6;7,8-tribenzoperopyrene",C34H16,0,34,125,,,1906.6,2.6516,relative (PAHdb experimental),,,,,,matrix,overtone / combination region,,,,,,,,,,
2566,matrix,PAHdb experimental 3.10 (Ar matrix),uid 125,"3,4;5,6;7,8-tribenzoperopyrene",C34H16,0,34,125,,,1915.2,4.9491,relative (PAHdb experimental),,,,,,matrix,overtone / combination region,,,,,,,,,,
2567,matrix,PAHdb experimental 3.10 (Ar matrix),uid 125,"3,4;5,6;7,8-tribenzoperopyrene",C34H16,0,34,125,,,1922.9,5.4814,relative (PAHdb experimental),,,,,,matrix,overtone / combination region,,,,,,,,,,
2568,matrix,PAHdb experimental 3.10 (Ar matrix),uid 125,"3,4;5,6;7,8-tribenzoperopyrene",C34H16,0,34,125,,,1930.3,4.7785,relative (PAHdb experimental),,,,,,matrix,overtone / combination region,,,,,,,,,,
2569,matrix,PAHdb experimental 3.10 (Ar matrix),uid 125,"3,4;5,6;7,8-tribenzoperopyrene",C34H16,0,34,125,,,1933.9,1.82,relative (PAHdb experimental),,,,,,matrix,overtone / combination region,,,,,,,,,,
2570,matrix,PAHdb experimental 3.10 (Ar matrix),uid 125,"3,4;5,6;7,8-tribenzoperopyrene",C34H16,0,34,125,,,2296.9,1.3396,relative (PAHdb experimental),,,,,,matrix,overtone / combination region,,,,,,,,,,
2571,matrix,PAHdb experimental 3.10 (Ar matrix),uid 125,"3,4;5,6;7,8-tribenzoperopyrene",C34H16,0,34,125,,,2939.8,2.4181,relative (PAHdb experimental),,,,,,matrix,overtone / combination region,,,,,,,,,,
2572,matrix,PAHdb experimental 3.10 (Ar matrix),uid 125,"3,4;5,6;7,8-tribenzoperopyrene",C34H16,0,34,125,,,2976.7,1.0594,relative (PAHdb experimental),,,,,,matrix,CH-stretch,,,,,,,,,,
2573,matrix,PAHdb experimental 3.10 (Ar matrix),uid 125,"3,4;5,6;7,8-tribenzoperopyrene",C34H16,0,34,125,,,3026.2,29.47,relative (PAHdb experimental),,,,,,matrix,CH-stretch,,,,,,,,,,
2574,matrix,PAHdb experimental 3.10 (Ar matrix),uid 125,"3,4;5,6;7,8-tribenzoperopyrene",C34H16,0,34,125,,,3045.0,57.276,relative (PAHdb experimental),,,,,,matrix,CH-stretch,,,,,,,,,,
2575,matrix,PAHdb experimental 3.10 (Ar matrix),uid 125,"3,4;5,6;7,8-tribenzoperopyrene",C34H16,0,34,125,,,3064.4,108.47,relative (PAHdb experimental),,,,,,matrix,CH-stretch,,,,,,,,,,
2576,matrix,PAHdb experimental 3.10 (Ar matrix),uid 125,"3,4;5,6;7,8-tribenzoperopyrene",C34H16,0,34,125,,,3095.3,38.144,relative (PAHdb experimental),,,,,,matrix,CH-stretch,,,,,,,,,,
2577,matrix,PAHdb experimental 3.10 (Ar matrix),uid 125,"3,4;5,6;7,8-tribenzoperopyrene",C34H16,0,34,125,,,3138.1,1.688,relative (PAHdb experimental),,,,,,matrix,CH-stretch,,,,,,,,,,
2578,matrix,PAHdb experimental 3.10 (Ar matrix),uid 543,"dibenzo[hi,wx]heptacene or naptho-anthraceno-pyrene",C36H20-,-1,36,543,,,586.4,58.37,relative (PAHdb experimental),,,,,10.1016/j.saa.2014.04.017,matrix,low / skeletal,,,,,,,,,,
2579,matrix,PAHdb experimental 3.10 (Ar matrix),uid 543,"dibenzo[hi,wx]heptacene or naptho-anthraceno-pyrene",C36H20-,-1,36,543,,,615.2,25.13,relative (PAHdb experimental),,,,,10.1016/j.saa.2014.04.017,matrix,low / skeletal,,,,,,,,,,
2580,matrix,PAHdb experimental 3.10 (Ar matrix),uid 543,"dibenzo[hi,wx]heptacene or naptho-anthraceno-pyrene",C36H20-,-1,36,543,,,623.2,69.15,relative (PAHdb experimental),,,,,10.1016/j.saa.2014.04.017,matrix,low / skeletal,,,,,,,,,,
2581,matrix,PAHdb experimental 3.10 (Ar matrix),uid 543,"dibenzo[hi,wx]heptacene or naptho-anthraceno-pyrene",C36H20-,-1,36,543,,,645.8,22.14,relative (PAHdb experimental),,,,,10.1016/j.saa.2014.04.017,matrix,low / skeletal,,,,,,,,,,
2582,matrix,PAHdb experimental 3.10 (Ar matrix),uid 543,"dibenzo[hi,wx]heptacene or naptho-anthraceno-pyrene",C36H20-,-1,36,543,,,693.1,19.3,relative (PAHdb experimental),,,,,10.1016/j.saa.2014.04.017,matrix,CH-oop (10.5-15 um; benzene nu11 at 673 included),,,,,,,,,,
2583,matrix,PAHdb experimental 3.10 (Ar matrix),uid 543,"dibenzo[hi,wx]heptacene or naptho-anthraceno-pyrene",C36H20-,-1,36,543,,,715.7,160.72,relative (PAHdb experimental),,,,,10.1016/j.saa.2014.04.017,matrix,CH-oop (10.5-15 um; benzene nu11 at 673 included),,,,,,,,,,
2584,matrix,PAHdb experimental 3.10 (Ar matrix),uid 543,"dibenzo[hi,wx]heptacene or naptho-anthraceno-pyrene",C36H20-,-1,36,543,,,732.6,9.41,relative (PAHdb experimental),,,,,10.1016/j.saa.2014.04.017,matrix,CH-oop (10.5-15 um; benzene nu11 at 673 included),,,,,,,,,,
2585,matrix,PAHdb experimental 3.10 (Ar matrix),uid 543,"dibenzo[hi,wx]heptacene or naptho-anthraceno-pyrene",C36H20-,-1,36,543,,,738.3,24.71,relative (PAHdb experimental),,,,,10.1016/j.saa.2014.04.017,matrix,CH-oop (10.5-15 um; benzene nu11 at 673 included),,,,,,,,,,
2586,matrix,PAHdb experimental 3.10 (Ar matrix),uid 543,"dibenzo[hi,wx]heptacene or naptho-anthraceno-pyrene",C36H20-,-1,36,543,,,786.2,20.78,relative (PAHdb experimental),,,,,10.1016/j.saa.2014.04.017,matrix,CH-oop (10.5-15 um; benzene nu11 at 673 included),,,,,,,,,,
2587,matrix,PAHdb experimental 3.10 (Ar matrix),uid 543,"dibenzo[hi,wx]heptacene or naptho-anthraceno-pyrene",C36H20-,-1,36,543,,,816.2,52.16,relative (PAHdb experimental),,,,,10.1016/j.saa.2014.04.017,matrix,CH-oop (10.5-15 um; benzene nu11 at 673 included),,,,,,,,,,
2588,matrix,PAHdb experimental 3.10 (Ar matrix),uid 543,"dibenzo[hi,wx]heptacene or naptho-anthraceno-pyrene",C36H20-,-1,36,543,,,823.0,39.61,relative (PAHdb experimental),,,,,10.1016/j.saa.2014.04.017,matrix,CH-oop (10.5-15 um; benzene nu11 at 673 included),,,,,,,,,,
2589,matrix,PAHdb experimental 3.10 (Ar matrix),uid 543,"dibenzo[hi,wx]heptacene or naptho-anthraceno-pyrene",C36H20-,-1,36,543,,,991.5,36.1,relative (PAHdb experimental),,,,,10.1016/j.saa.2014.04.017,matrix,ring / CH-ip (9-10.5 um),,,,,,,,,,
2590,matrix,PAHdb experimental 3.10 (Ar matrix),uid 543,"dibenzo[hi,wx]heptacene or naptho-anthraceno-pyrene",C36H20-,-1,36,543,,,1095.6,7.62,relative (PAHdb experimental),,,,,10.1016/j.saa.2014.04.017,matrix,ring / CH-ip (9-10.5 um),,,,,,,,,,
2591,matrix,PAHdb experimental 3.10 (Ar matrix),uid 543,"dibenzo[hi,wx]heptacene or naptho-anthraceno-pyrene",C36H20-,-1,36,543,,,1108.8,37.84,relative (PAHdb experimental),,,,,10.1016/j.saa.2014.04.017,matrix,CH-ip-bend (8.6 um),,,,,,,,,,
2592,matrix,PAHdb experimental 3.10 (Ar matrix),uid 543,"dibenzo[hi,wx]heptacene or naptho-anthraceno-pyrene",C36H20-,-1,36,543,,,1142.5,54.99,relative (PAHdb experimental),,,,,10.1016/j.saa.2014.04.017,matrix,CH-ip-bend (8.6 um),,,,,,,,,,
2593,matrix,PAHdb experimental 3.10 (Ar matrix),uid 543,"dibenzo[hi,wx]heptacene or naptho-anthraceno-pyrene",C36H20-,-1,36,543,,,1169.5,108.7,relative (PAHdb experimental),,,,,10.1016/j.saa.2014.04.017,matrix,CH-ip-bend (8.6 um),,,,,,,,,,
2594,matrix,PAHdb experimental 3.10 (Ar matrix),uid 543,"dibenzo[hi,wx]heptacene or naptho-anthraceno-pyrene",C36H20-,-1,36,543,,,1207.5,47.79,relative (PAHdb experimental),,,,,10.1016/j.saa.2014.04.017,matrix,CH-ip-bend (8.6 um),,,,,,,,,,
2595,matrix,PAHdb experimental 3.10 (Ar matrix),uid 543,"dibenzo[hi,wx]heptacene or naptho-anthraceno-pyrene",C36H20-,-1,36,543,,,1247.0,87.1,relative (PAHdb experimental),,,,,10.1016/j.saa.2014.04.017,matrix,CH-ip-bend (8.6 um),,,,,,,,,,
2596,matrix,PAHdb experimental 3.10 (Ar matrix),uid 543,"dibenzo[hi,wx]heptacene or naptho-anthraceno-pyrene",C36H20-,-1,36,543,,,1257.8,209.42,relative (PAHdb experimental),,,,,10.1016/j.saa.2014.04.017,matrix,CC-stretch/CH-ip (7.7 um),,,,,,,,,,
2597,matrix,PAHdb experimental 3.10 (Ar matrix),uid 543,"dibenzo[hi,wx]heptacene or naptho-anthraceno-pyrene",C36H20-,-1,36,543,,,1274.1,115.94,relative (PAHdb experimental),,,,,10.1016/j.saa.2014.04.017,matrix,CC-stretch/CH-ip (7.7 um),,,,,,,,,,
2598,matrix,PAHdb experimental 3.10 (Ar matrix),uid 543,"dibenzo[hi,wx]heptacene or naptho-anthraceno-pyrene",C36H20-,-1,36,543,,,1326.4,246.21,relative (PAHdb experimental),,,,,10.1016/j.saa.2014.04.017,matrix,CC-stretch/CH-ip (7.7 um),,,,,,,,,,
2599,matrix,PAHdb experimental 3.10 (Ar matrix),uid 543,"dibenzo[hi,wx]heptacene or naptho-anthraceno-pyrene",C36H20-,-1,36,543,,,1348.2,1641.0,relative (PAHdb experimental),,,,,10.1016/j.saa.2014.04.017,matrix,CC-stretch/CH-ip (7.7 um),,,,,,,,,,
2600,matrix,PAHdb experimental 3.10 (Ar matrix),uid 543,"dibenzo[hi,wx]heptacene or naptho-anthraceno-pyrene",C36H20-,-1,36,543,,,1389.5,55.75,relative (PAHdb experimental),,,,,10.1016/j.saa.2014.04.017,matrix,CC-stretch/CH-ip (7.7 um),,,,,,,,,,
2601,matrix,PAHdb experimental 3.10 (Ar matrix),uid 543,"dibenzo[hi,wx]heptacene or naptho-anthraceno-pyrene",C36H20-,-1,36,543,,,1393.2,41.92,relative (PAHdb experimental),,,,,10.1016/j.saa.2014.04.017,matrix,CC-stretch/CH-ip (7.7 um),,,,,,,,,,
2602,matrix,PAHdb experimental 3.10 (Ar matrix),uid 543,"dibenzo[hi,wx]heptacene or naptho-anthraceno-pyrene",C36H20-,-1,36,543,,,1396.7,72.07,relative (PAHdb experimental),,,,,10.1016/j.saa.2014.04.017,matrix,CC-stretch/CH-ip (7.7 um),,,,,,,,,,
2603,matrix,PAHdb experimental 3.10 (Ar matrix),uid 543,"dibenzo[hi,wx]heptacene or naptho-anthraceno-pyrene",C36H20-,-1,36,543,,,1409.2,292.28,relative (PAHdb experimental),,,,,10.1016/j.saa.2014.04.017,matrix,CC-stretch/CH-ip (7.7 um),,,,,,,,,,
2604,matrix,PAHdb experimental 3.10 (Ar matrix),uid 543,"dibenzo[hi,wx]heptacene or naptho-anthraceno-pyrene",C36H20-,-1,36,543,,,1429.7,207.49,relative (PAHdb experimental),,,,,10.1016/j.saa.2014.04.017,matrix,CC-stretch/CH-ip (7.7 um),,,,,,,,,,
2605,matrix,PAHdb experimental 3.10 (Ar matrix),uid 543,"dibenzo[hi,wx]heptacene or naptho-anthraceno-pyrene",C36H20-,-1,36,543,,,1449.1,57.55,relative (PAHdb experimental),,,,,10.1016/j.saa.2014.04.017,matrix,CC-stretch/CH-ip (7.7 um),,,,,,,,,,
2606,matrix,PAHdb experimental 3.10 (Ar matrix),uid 543,"dibenzo[hi,wx]heptacene or naptho-anthraceno-pyrene",C36H20-,-1,36,543,,,1456.1,279.04,relative (PAHdb experimental),,,,,10.1016/j.saa.2014.04.017,matrix,CC-stretch/CH-ip (7.7 um),,,,,,,,,,
2607,matrix,PAHdb experimental 3.10 (Ar matrix),uid 543,"dibenzo[hi,wx]heptacene or naptho-anthraceno-pyrene",C36H20-,-1,36,543,,,1543.5,288.67,relative (PAHdb experimental),,,,,10.1016/j.saa.2014.04.017,matrix,CC-stretch (6.2 um),,,,,,,,,,
2608,matrix,PAHdb experimental 3.10 (Ar matrix),uid 543,"dibenzo[hi,wx]heptacene or naptho-anthraceno-pyrene",C36H20-,-1,36,543,,,1571.6,5.14,relative (PAHdb experimental),,,,,10.1016/j.saa.2014.04.017,matrix,CC-stretch (6.2 um),,,,,,,,,,
2609,matrix,PAHdb experimental 3.10 (Ar matrix),uid 543,"dibenzo[hi,wx]heptacene or naptho-anthraceno-pyrene",C36H20-,-1,36,543,,,1586.7,325.31,relative (PAHdb experimental),,,,,10.1016/j.saa.2014.04.017,matrix,CC-stretch (6.2 um),,,,,,,,,,
2610,matrix,PAHdb experimental 3.10 (Ar matrix),uid 543,"dibenzo[hi,wx]heptacene or naptho-anthraceno-pyrene",C36H20-,-1,36,543,,,2491.6,101.36,relative (PAHdb experimental),,,,,10.1016/j.saa.2014.04.017,matrix,overtone / combination region,,,,,,,,,,
2611,matrix,PAHdb experimental 3.10 (Ar matrix),uid 543,"dibenzo[hi,wx]heptacene or naptho-anthraceno-pyrene",C36H20-,-1,36,543,,,2533.2,54.5,relative (PAHdb experimental),,,,,10.1016/j.saa.2014.04.017,matrix,overtone / combination region,,,,,,,,,,
2612,matrix,PAHdb experimental 3.10 (Ar matrix),uid 543,"dibenzo[hi,wx]heptacene or naptho-anthraceno-pyrene",C36H20-,-1,36,543,,,2592.4,51.02,relative (PAHdb experimental),,,,,10.1016/j.saa.2014.04.017,matrix,overtone / combination region,,,,,,,,,,
2613,matrix,PAHdb experimental 3.10 (Ar matrix),uid 543,"dibenzo[hi,wx]heptacene or naptho-anthraceno-pyrene",C36H20-,-1,36,543,,,2634.3,110.0,relative (PAHdb experimental),,,,,10.1016/j.saa.2014.04.017,matrix,overtone / combination region,,,,,,,,,,
2614,matrix,PAHdb experimental 3.10 (Ar matrix),uid 543,"dibenzo[hi,wx]heptacene or naptho-anthraceno-pyrene",C36H20-,-1,36,543,,,2737.6,146.82,relative (PAHdb experimental),,,,,10.1016/j.saa.2014.04.017,matrix,overtone / combination region,,,,,,,,,,
2615,matrix,PAHdb experimental 3.10 (Ar matrix),uid 543,"dibenzo[hi,wx]heptacene or naptho-anthraceno-pyrene",C36H20-,-1,36,543,,,2852.5,105.42,relative (PAHdb experimental),,,,,10.1016/j.saa.2014.04.017,matrix,overtone / combination region,,,,,,,,,,
2616,matrix,PAHdb experimental 3.10 (Ar matrix),uid 543,"dibenzo[hi,wx]heptacene or naptho-anthraceno-pyrene",C36H20-,-1,36,543,,,2899.9,98.19,relative (PAHdb experimental),,,,,10.1016/j.saa.2014.04.017,matrix,overtone / combination region,,,,,,,,,,
2617,matrix,PAHdb experimental 3.10 (Ar matrix),uid 543,"dibenzo[hi,wx]heptacene or naptho-anthraceno-pyrene",C36H20-,-1,36,543,,,2916.8,9.12,relative (PAHdb experimental),,,,,10.1016/j.saa.2014.04.017,matrix,overtone / combination region,,,,,,,,,,
2618,matrix,PAHdb experimental 3.10 (Ar matrix),uid 543,"dibenzo[hi,wx]heptacene or naptho-anthraceno-pyrene",C36H20-,-1,36,543,,,3027.9,67.63,relative (PAHdb experimental),,,,,10.1016/j.saa.2014.04.017,matrix,CH-stretch,,,,,,,,,,
2619,matrix,PAHdb experimental 3.10 (Ar matrix),uid 543,"dibenzo[hi,wx]heptacene or naptho-anthraceno-pyrene",C36H20-,-1,36,543,,,3073.7,302.02,relative (PAHdb experimental),,,,,10.1016/j.saa.2014.04.017,matrix,CH-stretch,,,,,,,,,,
2620,matrix,PAHdb experimental 3.10 (Ar matrix),uid 543,"dibenzo[hi,wx]heptacene or naptho-anthraceno-pyrene",C36H20-,-1,36,543,,,3253.4,56.71,relative (PAHdb experimental),,,,,10.1016/j.saa.2014.04.017,matrix,above 3200,,,,,,,,,,
2621,matrix,PAHdb experimental 3.10 (Ar matrix),uid 543,"dibenzo[hi,wx]heptacene or naptho-anthraceno-pyrene",C36H20-,-1,36,543,,,4859.4,13186.0,relative (PAHdb experimental),,,,,10.1016/j.saa.2014.04.017,matrix,above 3200,,,,,,,,,,
2622,matrix,PAHdb experimental 3.10 (Ar matrix),uid 154,"3,4;5,6;10,11;12,13-tetrabenzoperopyrene",C36H16,0,36,154,,,533.5,3.0921,relative (PAHdb experimental),,,,,,matrix,low / skeletal,,,,,,,,,,
2623,matrix,PAHdb experimental 3.10 (Ar matrix),uid 154,"3,4;5,6;10,11;12,13-tetrabenzoperopyrene",C36H16,0,36,154,,,539.7,8.2887,relative (PAHdb experimental),,,,,,matrix,low / skeletal,,,,,,,,,,
2624,matrix,PAHdb experimental 3.10 (Ar matrix),uid 154,"3,4;5,6;10,11;12,13-tetrabenzoperopyrene",C36H16,0,36,154,,,552.6,1.8302,relative (PAHdb experimental),,,,,,matrix,low / skeletal,,,,,,,,,,
2625,matrix,PAHdb experimental 3.10 (Ar matrix),uid 154,"3,4;5,6;10,11;12,13-tetrabenzoperopyrene",C36H16,0,36,154,,,578.0,17.92,relative (PAHdb experimental),,,,,,matrix,low / skeletal,,,,,,,,,,
2626,matrix,PAHdb experimental 3.10 (Ar matrix),uid 154,"3,4;5,6;10,11;12,13-tetrabenzoperopyrene",C36H16,0,36,154,,,584.7,5.6538,relative (PAHdb experimental),,,,,,matrix,low / skeletal,,,,,,,,,,
2627,matrix,PAHdb experimental 3.10 (Ar matrix),uid 154,"3,4;5,6;10,11;12,13-tetrabenzoperopyrene",C36H16,0,36,154,,,647.0,1.1744,relative (PAHdb experimental),,,,,,matrix,low / skeletal,,,,,,,,,,
2628,matrix,PAHdb experimental 3.10 (Ar matrix),uid 154,"3,4;5,6;10,11;12,13-tetrabenzoperopyrene",C36H16,0,36,154,,,677.9,3.3663,relative (PAHdb experimental),,,,,,matrix,CH-oop (10.5-15 um; benzene nu11 at 673 included),,,,,,,,,,
2629,matrix,PAHdb experimental 3.10 (Ar matrix),uid 154,"3,4;5,6;10,11;12,13-tetrabenzoperopyrene",C36H16,0,36,154,,,699.1,0.71168,relative (PAHdb experimental),,,,,,matrix,CH-oop (10.5-15 um; benzene nu11 at 673 included),,,,,,,,,,
2630,matrix,PAHdb experimental 3.10 (Ar matrix),uid 154,"3,4;5,6;10,11;12,13-tetrabenzoperopyrene",C36H16,0,36,154,,,730.9,24.446,relative (PAHdb experimental),,,,,,matrix,CH-oop (10.5-15 um; benzene nu11 at 673 included),,,,,,,,,,
2631,matrix,PAHdb experimental 3.10 (Ar matrix),uid 154,"3,4;5,6;10,11;12,13-tetrabenzoperopyrene",C36H16,0,36,154,,,748.6,2.777,relative (PAHdb experimental),,,,,,matrix,CH-oop (10.5-15 um; benzene nu11 at 673 included),,,,,,,,,,
2632,matrix,PAHdb experimental 3.10 (Ar matrix),uid 154,"3,4;5,6;10,11;12,13-tetrabenzoperopyrene",C36H16,0,36,154,,,757.7,15.961,relative (PAHdb experimental),,,,,,matrix,CH-oop (10.5-15 um; benzene nu11 at 673 included),,,,,,,,,,
2633,matrix,PAHdb experimental 3.10 (Ar matrix),uid 154,"3,4;5,6;10,11;12,13-tetrabenzoperopyrene",C36H16,0,36,154,,,773.9,1.7905,relative (PAHdb experimental),,,,,,matrix,CH-oop (10.5-15 um; benzene nu11 at 673 included),,,,,,,,,,
2634,matrix,PAHdb experimental 3.10 (Ar matrix),uid 154,"3,4;5,6;10,11;12,13-tetrabenzoperopyrene",C36H16,0,36,154,,,795.2,7.3683,relative (PAHdb experimental),,,,,,matrix,CH-oop (10.5-15 um; benzene nu11 at 673 included),,,,,,,,,,
2635,matrix,PAHdb experimental 3.10 (Ar matrix),uid 154,"3,4;5,6;10,11;12,13-tetrabenzoperopyrene",C36H16,0,36,154,,,799.4,43.221,relative (PAHdb experimental),,,,,,matrix,CH-oop (10.5-15 um; benzene nu11 at 673 included),,,,,,,,,,
2636,matrix,PAHdb experimental 3.10 (Ar matrix),uid 154,"3,4;5,6;10,11;12,13-tetrabenzoperopyrene",C36H16,0,36,154,,,811.7,10.696,relative (PAHdb experimental),,,,,,matrix,CH-oop (10.5-15 um; benzene nu11 at 673 included),,,,,,,,,,
2637,matrix,PAHdb experimental 3.10 (Ar matrix),uid 154,"3,4;5,6;10,11;12,13-tetrabenzoperopyrene",C36H16,0,36,154,,,818.5,12.648,relative (PAHdb experimental),,,,,,matrix,CH-oop (10.5-15 um; benzene nu11 at 673 included),,,,,,,,,,
2638,matrix,PAHdb experimental 3.10 (Ar matrix),uid 154,"3,4;5,6;10,11;12,13-tetrabenzoperopyrene",C36H16,0,36,154,,,845.2,5.9706,relative (PAHdb experimental),,,,,,matrix,CH-oop (10.5-15 um; benzene nu11 at 673 included),,,,,,,,,,
2639,matrix,PAHdb experimental 3.10 (Ar matrix),uid 154,"3,4;5,6;10,11;12,13-tetrabenzoperopyrene",C36H16,0,36,154,,,870.0,3.2274,relative (PAHdb experimental),,,,,,matrix,CH-oop (10.5-15 um; benzene nu11 at 673 included),,,,,,,,,,
2640,matrix,PAHdb experimental 3.10 (Ar matrix),uid 154,"3,4;5,6;10,11;12,13-tetrabenzoperopyrene",C36H16,0,36,154,,,876.9,0.63118,relative (PAHdb experimental),,,,,,matrix,CH-oop (10.5-15 um; benzene nu11 at 673 included),,,,,,,,,,
2641,matrix,PAHdb experimental 3.10 (Ar matrix),uid 154,"3,4;5,6;10,11;12,13-tetrabenzoperopyrene",C36H16,0,36,154,,,880.8,34.669,relative (PAHdb experimental),,,,,,matrix,CH-oop (10.5-15 um; benzene nu11 at 673 included),,,,,,,,,,
2642,matrix,PAHdb experimental 3.10 (Ar matrix),uid 154,"3,4;5,6;10,11;12,13-tetrabenzoperopyrene",C36H16,0,36,154,,,893.8,8.8606,relative (PAHdb experimental),,,,,,matrix,CH-oop (10.5-15 um; benzene nu11 at 673 included),,,,,,,,,,
2643,matrix,PAHdb experimental 3.10 (Ar matrix),uid 154,"3,4;5,6;10,11;12,13-tetrabenzoperopyrene",C36H16,0,36,154,,,918.8,1.0942,relative (PAHdb experimental),,,,,,matrix,CH-oop (10.5-15 um; benzene nu11 at 673 included),,,,,,,,,,
2644,matrix,PAHdb experimental 3.10 (Ar matrix),uid 154,"3,4;5,6;10,11;12,13-tetrabenzoperopyrene",C36H16,0,36,154,,,921.4,2.6936,relative (PAHdb experimental),,,,,,matrix,CH-oop (10.5-15 um; benzene nu11 at 673 included),,,,,,,,,,
2645,matrix,PAHdb experimental 3.10 (Ar matrix),uid 154,"3,4;5,6;10,11;12,13-tetrabenzoperopyrene",C36H16,0,36,154,,,962.3,2.2007,relative (PAHdb experimental),,,,,,matrix,ring / CH-ip (9-10.5 um),,,,,,,,,,
2646,matrix,PAHdb experimental 3.10 (Ar matrix),uid 154,"3,4;5,6;10,11;12,13-tetrabenzoperopyrene",C36H16,0,36,154,,,1003.4,3.0294,relative (PAHdb experimental),,,,,,matrix,ring / CH-ip (9-10.5 um),,,,,,,,,,
2647,matrix,PAHdb experimental 3.10 (Ar matrix),uid 154,"3,4;5,6;10,11;12,13-tetrabenzoperopyrene",C36H16,0,36,154,,,1006.8,2.2928,relative (PAHdb experimental),,,,,,matrix,ring / CH-ip (9-10.5 um),,,,,,,,,,
2648,matrix,PAHdb experimental 3.10 (Ar matrix),uid 154,"3,4;5,6;10,11;12,13-tetrabenzoperopyrene",C36H16,0,36,154,,,1036.4,1.0735,relative (PAHdb experimental),,,,,,matrix,ring / CH-ip (9-10.5 um),,,,,,,,,,
2649,matrix,PAHdb experimental 3.10 (Ar matrix),uid 154,"3,4;5,6;10,11;12,13-tetrabenzoperopyrene",C36H16,0,36,154,,,1039.0,8.6082,relative (PAHdb experimental),,,,,,matrix,ring / CH-ip (9-10.5 um),,,,,,,,,,
2650,matrix,PAHdb experimental 3.10 (Ar matrix),uid 154,"3,4;5,6;10,11;12,13-tetrabenzoperopyrene",C36H16,0,36,154,,,1085.3,2.6182,relative (PAHdb experimental),,,,,,matrix,ring / CH-ip (9-10.5 um),,,,,,,,,,
2651,matrix,PAHdb experimental 3.10 (Ar matrix),uid 154,"3,4;5,6;10,11;12,13-tetrabenzoperopyrene",C36H16,0,36,154,,,1092.2,1.2821,relative (PAHdb experimental),,,,,,matrix,ring / CH-ip (9-10.5 um),,,,,,,,,,
2652,matrix,PAHdb experimental 3.10 (Ar matrix),uid 154,"3,4;5,6;10,11;12,13-tetrabenzoperopyrene",C36H16,0,36,154,,,1096.9,11.398,relative (PAHdb experimental),,,,,,matrix,ring / CH-ip (9-10.5 um),,,,,,,,,,
2653,matrix,PAHdb experimental 3.10 (Ar matrix),uid 154,"3,4;5,6;10,11;12,13-tetrabenzoperopyrene",C36H16,0,36,154,,,1100.1,3.2232,relative (PAHdb experimental),,,,,,matrix,CH-ip-bend (8.6 um),,,,,,,,,,
2654,matrix,PAHdb experimental 3.10 (Ar matrix),uid 154,"3,4;5,6;10,11;12,13-tetrabenzoperopyrene",C36H16,0,36,154,,,1103.4,0.48655,relative (PAHdb experimental),,,,,,matrix,CH-ip-bend (8.6 um),,,,,,,,,,
2655,matrix,PAHdb experimental 3.10 (Ar matrix),uid 154,"3,4;5,6;10,11;12,13-tetrabenzoperopyrene",C36H16,0,36,154,,,1106.5,1.2901,relative (PAHdb experimental),,,,,,matrix,CH-ip-bend (8.6 um),,,,,,,,,,
2656,matrix,PAHdb experimental 3.10 (Ar matrix),uid 154,"3,4;5,6;10,11;12,13-tetrabenzoperopyrene",C36H16,0,36,154,,,1115.4,1.7259,relative (PAHdb experimental),,,,,,matrix,CH-ip-bend (8.6 um),,,,,,,,,,
2657,matrix,PAHdb experimental 3.10 (Ar matrix),uid 154,"3,4;5,6;10,11;12,13-tetrabenzoperopyrene",C36H16,0,36,154,,,1126.4,5.8055,relative (PAHdb experimental),,,,,,matrix,CH-ip-bend (8.6 um),,,,,,,,,,
2658,matrix,PAHdb experimental 3.10 (Ar matrix),uid 154,"3,4;5,6;10,11;12,13-tetrabenzoperopyrene",C36H16,0,36,154,,,1143.9,3.4215,relative (PAHdb experimental),,,,,,matrix,CH-ip-bend (8.6 um),,,,,,,,,,
2659,matrix,PAHdb experimental 3.10 (Ar matrix),uid 154,"3,4;5,6;10,11;12,13-tetrabenzoperopyrene",C36H16,0,36,154,,,1168.0,8.9292,relative (PAHdb experimental),,,,,,matrix,CH-ip-bend (8.6 um),,,,,,,,,,
2660,matrix,PAHdb experimental 3.10 (Ar matrix),uid 154,"3,4;5,6;10,11;12,13-tetrabenzoperopyrene",C36H16,0,36,154,,,1189.6,0.75971,relative (PAHdb experimental),,,,,,matrix,CH-ip-bend (8.6 um),,,,,,,,,,
2661,matrix,PAHdb experimental 3.10 (Ar matrix),uid 154,"3,4;5,6;10,11;12,13-tetrabenzoperopyrene",C36H16,0,36,154,,,1197.3,0.61558,relative (PAHdb experimental),,,,,,matrix,CH-ip-bend (8.6 um),,,,,,,,,,
2662,matrix,PAHdb experimental 3.10 (Ar matrix),uid 154,"3,4;5,6;10,11;12,13-tetrabenzoperopyrene",C36H16,0,36,154,,,1201.1,0.54208,relative (PAHdb experimental),,,,,,matrix,CH-ip-bend (8.6 um),,,,,,,,,,
2663,matrix,PAHdb experimental 3.10 (Ar matrix),uid 154,"3,4;5,6;10,11;12,13-tetrabenzoperopyrene",C36H16,0,36,154,,,1210.8,8.9833,relative (PAHdb experimental),,,,,,matrix,CH-ip-bend (8.6 um),,,,,,,,,,
2664,matrix,PAHdb experimental 3.10 (Ar matrix),uid 154,"3,4;5,6;10,11;12,13-tetrabenzoperopyrene",C36H16,0,36,154,,,1230.9,1.4649,relative (PAHdb experimental),,,,,,matrix,CH-ip-bend (8.6 um),,,,,,,,,,
2665,matrix,PAHdb experimental 3.10 (Ar matrix),uid 154,"3,4;5,6;10,11;12,13-tetrabenzoperopyrene",C36H16,0,36,154,,,1242.9,1.0113,relative (PAHdb experimental),,,,,,matrix,CH-ip-bend (8.6 um),,,,,,,,,,
2666,matrix,PAHdb experimental 3.10 (Ar matrix),uid 154,"3,4;5,6;10,11;12,13-tetrabenzoperopyrene",C36H16,0,36,154,,,1245.2,0.28937,relative (PAHdb experimental),,,,,,matrix,CH-ip-bend (8.6 um),,,,,,,,,,
2667,matrix,PAHdb experimental 3.10 (Ar matrix),uid 154,"3,4;5,6;10,11;12,13-tetrabenzoperopyrene",C36H16,0,36,154,,,1292.1,6.8427,relative (PAHdb experimental),,,,,,matrix,CC-stretch/CH-ip (7.7 um),,,,,,,,,,
2668,matrix,PAHdb experimental 3.10 (Ar matrix),uid 154,"3,4;5,6;10,11;12,13-tetrabenzoperopyrene",C36H16,0,36,154,,,1320.0,12.191,relative (PAHdb experimental),,,,,,matrix,CC-stretch/CH-ip (7.7 um),,,,,,,,,,
2669,matrix,PAHdb experimental 3.10 (Ar matrix),uid 154,"3,4;5,6;10,11;12,13-tetrabenzoperopyrene",C36H16,0,36,154,,,1336.2,0.37949,relative (PAHdb experimental),,,,,,matrix,CC-stretch/CH-ip (7.7 um),,,,,,,,,,
2670,matrix,PAHdb experimental 3.10 (Ar matrix),uid 154,"3,4;5,6;10,11;12,13-tetrabenzoperopyrene",C36H16,0,36,154,,,1342.5,1.1576,relative (PAHdb experimental),,,,,,matrix,CC-stretch/CH-ip (7.7 um),,,,,,,,,,
2671,matrix,PAHdb experimental 3.10 (Ar matrix),uid 154,"3,4;5,6;10,11;12,13-tetrabenzoperopyrene",C36H16,0,36,154,,,1368.9,2.8606,relative (PAHdb experimental),,,,,,matrix,CC-stretch/CH-ip (7.7 um),,,,,,,,,,
2672,matrix,PAHdb experimental 3.10 (Ar matrix),uid 154,"3,4;5,6;10,11;12,13-tetrabenzoperopyrene",C36H16,0,36,154,,,1375.3,2.5018,relative (PAHdb experimental),,,,,,matrix,CC-stretch/CH-ip (7.7 um),,,,,,,,,,
2673,matrix,PAHdb experimental 3.10 (Ar matrix),uid 154,"3,4;5,6;10,11;12,13-tetrabenzoperopyrene",C36H16,0,36,154,,,1378.6,0.89215,relative (PAHdb experimental),,,,,,matrix,CC-stretch/CH-ip (7.7 um),,,,,,,,,,
2674,matrix,PAHdb experimental 3.10 (Ar matrix),uid 154,"3,4;5,6;10,11;12,13-tetrabenzoperopyrene",C36H16,0,36,154,,,1385.8,0.53803,relative (PAHdb experimental),,,,,,matrix,CC-stretch/CH-ip (7.7 um),,,,,,,,,,
2675,matrix,PAHdb experimental 3.10 (Ar matrix),uid 154,"3,4;5,6;10,11;12,13-tetrabenzoperopyrene",C36H16,0,36,154,,,1398.6,1.494,relative (PAHdb experimental),,,,,,matrix,CC-stretch/CH-ip (7.7 um),,,,,,,,,,
2676,matrix,PAHdb experimental 3.10 (Ar matrix),uid 154,"3,4;5,6;10,11;12,13-tetrabenzoperopyrene",C36H16,0,36,154,,,1414.1,3.1319,relative (PAHdb experimental),,,,,,matrix,CC-stretch/CH-ip (7.7 um),,,,,,,,,,
2677,matrix,PAHdb experimental 3.10 (Ar matrix),uid 154,"3,4;5,6;10,11;12,13-tetrabenzoperopyrene",C36H16,0,36,154,,,1419.1,1.6147,relative (PAHdb experimental),,,,,,matrix,CC-stretch/CH-ip (7.7 um),,,,,,,,,,
2678,matrix,PAHdb experimental 3.10 (Ar matrix),uid 154,"3,4;5,6;10,11;12,13-tetrabenzoperopyrene",C36H16,0,36,154,,,1421.7,6.3399,relative (PAHdb experimental),,,,,,matrix,CC-stretch/CH-ip (7.7 um),,,,,,,,,,
2679,matrix,PAHdb experimental 3.10 (Ar matrix),uid 154,"3,4;5,6;10,11;12,13-tetrabenzoperopyrene",C36H16,0,36,154,,,1438.7,8.6023,relative (PAHdb experimental),,,,,,matrix,CC-stretch/CH-ip (7.7 um),,,,,,,,,,
2680,matrix,PAHdb experimental 3.10 (Ar matrix),uid 154,"3,4;5,6;10,11;12,13-tetrabenzoperopyrene",C36H16,0,36,154,,,1442.5,14.776,relative (PAHdb experimental),,,,,,matrix,CC-stretch/CH-ip (7.7 um),,,,,,,,,,
2681,matrix,PAHdb experimental 3.10 (Ar matrix),uid 154,"3,4;5,6;10,11;12,13-tetrabenzoperopyrene",C36H16,0,36,154,,,1461.8,41.034,relative (PAHdb experimental),,,,,,matrix,CC-stretch/CH-ip (7.7 um),,,,,,,,,,
2682,matrix,PAHdb experimental 3.10 (Ar matrix),uid 154,"3,4;5,6;10,11;12,13-tetrabenzoperopyrene",C36H16,0,36,154,,,1479.9,5.2127,relative (PAHdb experimental),,,,,,matrix,CC-stretch/CH-ip (7.7 um),,,,,,,,,,
2683,matrix,PAHdb experimental 3.10 (Ar matrix),uid 154,"3,4;5,6;10,11;12,13-tetrabenzoperopyrene",C36H16,0,36,154,,,1516.7,1.0028,relative (PAHdb experimental),,,,,,matrix,CC-stretch (6.2 um),,,,,,,,,,
2684,matrix,PAHdb experimental 3.10 (Ar matrix),uid 154,"3,4;5,6;10,11;12,13-tetrabenzoperopyrene",C36H16,0,36,154,,,1536.1,2.6365,relative (PAHdb experimental),,,,,,matrix,CC-stretch (6.2 um),,,,,,,,,,
2685,matrix,PAHdb experimental 3.10 (Ar matrix),uid 154,"3,4;5,6;10,11;12,13-tetrabenzoperopyrene",C36H16,0,36,154,,,1556.5,0.98363,relative (PAHdb experimental),,,,,,matrix,CC-stretch (6.2 um),,,,,,,,,,
2686,matrix,PAHdb experimental 3.10 (Ar matrix),uid 154,"3,4;5,6;10,11;12,13-tetrabenzoperopyrene",C36H16,0,36,154,,,1563.4,1.1054,relative (PAHdb experimental),,,,,,matrix,CC-stretch (6.2 um),,,,,,,,,,
2687,matrix,PAHdb experimental 3.10 (Ar matrix),uid 154,"3,4;5,6;10,11;12,13-tetrabenzoperopyrene",C36H16,0,36,154,,,1569.7,7.0583,relative (PAHdb experimental),,,,,,matrix,CC-stretch (6.2 um),,,,,,,,,,
2688,matrix,PAHdb experimental 3.10 (Ar matrix),uid 154,"3,4;5,6;10,11;12,13-tetrabenzoperopyrene",C36H16,0,36,154,,,1572.9,2.9142,relative (PAHdb experimental),,,,,,matrix,CC-stretch (6.2 um),,,,,,,,,,
2689,matrix,PAHdb experimental 3.10 (Ar matrix),uid 154,"3,4;5,6;10,11;12,13-tetrabenzoperopyrene",C36H16,0,36,154,,,1579.6,4.9828,relative (PAHdb experimental),,,,,,matrix,CC-stretch (6.2 um),,,,,,,,,,
2690,matrix,PAHdb experimental 3.10 (Ar matrix),uid 154,"3,4;5,6;10,11;12,13-tetrabenzoperopyrene",C36H16,0,36,154,,,1589.6,13.442,relative (PAHdb experimental),,,,,,matrix,CC-stretch (6.2 um),,,,,,,,,,
2691,matrix,PAHdb experimental 3.10 (Ar matrix),uid 154,"3,4;5,6;10,11;12,13-tetrabenzoperopyrene",C36H16,0,36,154,,,1593.1,9.4662,relative (PAHdb experimental),,,,,,matrix,CC-stretch (6.2 um),,,,,,,,,,
2692,matrix,PAHdb experimental 3.10 (Ar matrix),uid 154,"3,4;5,6;10,11;12,13-tetrabenzoperopyrene",C36H16,0,36,154,,,1595.5,4.019,relative (PAHdb experimental),,,,,,matrix,CC-stretch (6.2 um),,,,,,,,,,
2693,matrix,PAHdb experimental 3.10 (Ar matrix),uid 154,"3,4;5,6;10,11;12,13-tetrabenzoperopyrene",C36H16,0,36,154,,,1603.0,1.859,relative (PAHdb experimental),,,,,,matrix,CC-stretch (6.2 um),,,,,,,,,,
2694,matrix,PAHdb experimental 3.10 (Ar matrix),uid 154,"3,4;5,6;10,11;12,13-tetrabenzoperopyrene",C36H16,0,36,154,,,1610.7,10.826,relative (PAHdb experimental),,,,,,matrix,CC-stretch (6.2 um),,,,,,,,,,
2695,matrix,PAHdb experimental 3.10 (Ar matrix),uid 154,"3,4;5,6;10,11;12,13-tetrabenzoperopyrene",C36H16,0,36,154,,,1631.0,0.64433,relative (PAHdb experimental),,,,,,matrix,CC-stretch (6.2 um),,,,,,,,,,
2696,matrix,PAHdb experimental 3.10 (Ar matrix),uid 154,"3,4;5,6;10,11;12,13-tetrabenzoperopyrene",C36H16,0,36,154,,,1691.8,2.2208,relative (PAHdb experimental),,,,,,matrix,overtone / combination region,,,,,,,,,,
2697,matrix,PAHdb experimental 3.10 (Ar matrix),uid 154,"3,4;5,6;10,11;12,13-tetrabenzoperopyrene",C36H16,0,36,154,,,1742.1,0.45143,relative (PAHdb experimental),,,,,,matrix,overtone / combination region,,,,,,,,,,
2698,matrix,PAHdb experimental 3.10 (Ar matrix),uid 154,"3,4;5,6;10,11;12,13-tetrabenzoperopyrene",C36H16,0,36,154,,,1758.0,4.9472,relative (PAHdb experimental),,,,,,matrix,overtone / combination region,,,,,,,,,,
2699,matrix,PAHdb experimental 3.10 (Ar matrix),uid 154,"3,4;5,6;10,11;12,13-tetrabenzoperopyrene",C36H16,0,36,154,,,1773.0,3.1012,relative (PAHdb experimental),,,,,,matrix,overtone / combination region,,,,,,,,,,
2700,matrix,PAHdb experimental 3.10 (Ar matrix),uid 154,"3,4;5,6;10,11;12,13-tetrabenzoperopyrene",C36H16,0,36,154,,,1779.0,0.523,relative (PAHdb experimental),,,,,,matrix,overtone / combination region,,,,,,,,,,
2701,matrix,PAHdb experimental 3.10 (Ar matrix),uid 154,"3,4;5,6;10,11;12,13-tetrabenzoperopyrene",C36H16,0,36,154,,,1787.5,2.8152,relative (PAHdb experimental),,,,,,matrix,overtone / combination region,,,,,,,,,,
2702,matrix,PAHdb experimental 3.10 (Ar matrix),uid 154,"3,4;5,6;10,11;12,13-tetrabenzoperopyrene",C36H16,0,36,154,,,1857.9,1.8395,relative (PAHdb experimental),,,,,,matrix,overtone / combination region,,,,,,,,,,
2703,matrix,PAHdb experimental 3.10 (Ar matrix),uid 154,"3,4;5,6;10,11;12,13-tetrabenzoperopyrene",C36H16,0,36,154,,,1886.4,0.83896,relative (PAHdb experimental),,,,,,matrix,overtone / combination region,,,,,,,,,,
2704,matrix,PAHdb experimental 3.10 (Ar matrix),uid 154,"3,4;5,6;10,11;12,13-tetrabenzoperopyrene",C36H16,0,36,154,,,1901.2,2.4874,relative (PAHdb experimental),,,,,,matrix,overtone / combination region,,,,,,,,,,
2705,matrix,PAHdb experimental 3.10 (Ar matrix),uid 154,"3,4;5,6;10,11;12,13-tetrabenzoperopyrene",C36H16,0,36,154,,,1916.7,2.2408,relative (PAHdb experimental),,,,,,matrix,overtone / combination region,,,,,,,,,,
2706,matrix,PAHdb experimental 3.10 (Ar matrix),uid 154,"3,4;5,6;10,11;12,13-tetrabenzoperopyrene",C36H16,0,36,154,,,1923.2,2.0138,relative (PAHdb experimental),,,,,,matrix,overtone / combination region,,,,,,,,,,
2707,matrix,PAHdb experimental 3.10 (Ar matrix),uid 154,"3,4;5,6;10,11;12,13-tetrabenzoperopyrene",C36H16,0,36,154,,,1930.2,3.7615,relative (PAHdb experimental),,,,,,matrix,overtone / combination region,,,,,,,,,,
2708,matrix,PAHdb experimental 3.10 (Ar matrix),uid 154,"3,4;5,6;10,11;12,13-tetrabenzoperopyrene",C36H16,0,36,154,,,3038.1,37.306,relative (PAHdb experimental),,,,,,matrix,CH-stretch,,,,,,,,,,
2709,matrix,PAHdb experimental 3.10 (Ar matrix),uid 154,"3,4;5,6;10,11;12,13-tetrabenzoperopyrene",C36H16,0,36,154,,,3053.8,38.078,relative (PAHdb experimental),,,,,,matrix,CH-stretch,,,,,,,,,,
2710,matrix,PAHdb experimental 3.10 (Ar matrix),uid 154,"3,4;5,6;10,11;12,13-tetrabenzoperopyrene",C36H16,0,36,154,,,3067.1,32.142,relative (PAHdb experimental),,,,,,matrix,CH-stretch,,,,,,,,,,
2711,matrix,PAHdb experimental 3.10 (Ar matrix),uid 154,"3,4;5,6;10,11;12,13-tetrabenzoperopyrene",C36H16,0,36,154,,,3080.1,16.446,relative (PAHdb experimental),,,,,,matrix,CH-stretch,,,,,,,,,,
2712,matrix,PAHdb experimental 3.10 (Ar matrix),uid 154,"3,4;5,6;10,11;12,13-tetrabenzoperopyrene",C36H16,0,36,154,,,3091.0,16.635,relative (PAHdb experimental),,,,,,matrix,CH-stretch,,,,,,,,,,
2713,matrix,PAHdb experimental 3.10 (Ar matrix),uid 154,"3,4;5,6;10,11;12,13-tetrabenzoperopyrene",C36H16,0,36,154,,,3756.2,54.505,relative (PAHdb experimental),,,,,,matrix,above 3200,,,,,,,,,,
2714,matrix,PAHdb experimental 3.10 (Ar matrix),uid 154,"3,4;5,6;10,11;12,13-tetrabenzoperopyrene",C36H16,0,36,154,,,3776.2,17.742,relative (PAHdb experimental),,,,,,matrix,above 3200,,,,,,,,,,
2715,matrix,PAHdb experimental 3.10 (Ar matrix),uid 128,"3,4;5,6;7,8;12,13-tetrabenzoperopyrene",C36H16,0,36,128,,,502.4,1.138,relative (PAHdb experimental),,,,,,matrix,low / skeletal,,,,,,,,,,
2716,matrix,PAHdb experimental 3.10 (Ar matrix),uid 128,"3,4;5,6;7,8;12,13-tetrabenzoperopyrene",C36H16,0,36,128,,,562.2,4.8032,relative (PAHdb experimental),,,,,,matrix,low / skeletal,,,,,,,,,,
2717,matrix,PAHdb experimental 3.10 (Ar matrix),uid 128,"3,4;5,6;7,8;12,13-tetrabenzoperopyrene",C36H16,0,36,128,,,566.2,14.668,relative (PAHdb experimental),,,,,,matrix,low / skeletal,,,,,,,,,,
2718,matrix,PAHdb experimental 3.10 (Ar matrix),uid 128,"3,4;5,6;7,8;12,13-tetrabenzoperopyrene",C36H16,0,36,128,,,635.5,0.58281,relative (PAHdb experimental),,,,,,matrix,low / skeletal,,,,,,,,,,
2719,matrix,PAHdb experimental 3.10 (Ar matrix),uid 128,"3,4;5,6;7,8;12,13-tetrabenzoperopyrene",C36H16,0,36,128,,,638.6,1.104,relative (PAHdb experimental),,,,,,matrix,low / skeletal,,,,,,,,,,
2720,matrix,PAHdb experimental 3.10 (Ar matrix),uid 128,"3,4;5,6;7,8;12,13-tetrabenzoperopyrene",C36H16,0,36,128,,,650.4,2.0043,relative (PAHdb experimental),,,,,,matrix,CH-oop (10.5-15 um; benzene nu11 at 673 included),,,,,,,,,,
2721,matrix,PAHdb experimental 3.10 (Ar matrix),uid 128,"3,4;5,6;7,8;12,13-tetrabenzoperopyrene",C36H16,0,36,128,,,678.1,1.6637,relative (PAHdb experimental),,,,,,matrix,CH-oop (10.5-15 um; benzene nu11 at 673 included),,,,,,,,,,
2722,matrix,PAHdb experimental 3.10 (Ar matrix),uid 128,"3,4;5,6;7,8;12,13-tetrabenzoperopyrene",C36H16,0,36,128,,,690.1,2.8607,relative (PAHdb experimental),,,,,,matrix,CH-oop (10.5-15 um; benzene nu11 at 673 included),,,,,,,,,,
2723,matrix,PAHdb experimental 3.10 (Ar matrix),uid 128,"3,4;5,6;7,8;12,13-tetrabenzoperopyrene",C36H16,0,36,128,,,733.0,41.94,relative (PAHdb experimental),,,,,,matrix,CH-oop (10.5-15 um; benzene nu11 at 673 included),,,,,,,,,,
2724,matrix,PAHdb experimental 3.10 (Ar matrix),uid 128,"3,4;5,6;7,8;12,13-tetrabenzoperopyrene",C36H16,0,36,128,,,736.9,0.53315,relative (PAHdb experimental),,,,,,matrix,CH-oop (10.5-15 um; benzene nu11 at 673 included),,,,,,,,,,
2725,matrix,PAHdb experimental 3.10 (Ar matrix),uid 128,"3,4;5,6;7,8;12,13-tetrabenzoperopyrene",C36H16,0,36,128,,,746.6,1.0687,relative (PAHdb experimental),,,,,,matrix,CH-oop (10.5-15 um; benzene nu11 at 673 included),,,,,,,,,,
2726,matrix,PAHdb experimental 3.10 (Ar matrix),uid 128,"3,4;5,6;7,8;12,13-tetrabenzoperopyrene",C36H16,0,36,128,,,761.2,13.77,relative (PAHdb experimental),,,,,,matrix,CH-oop (10.5-15 um; benzene nu11 at 673 included),,,,,,,,,,
2727,matrix,PAHdb experimental 3.10 (Ar matrix),uid 128,"3,4;5,6;7,8;12,13-tetrabenzoperopyrene",C36H16,0,36,128,,,773.0,3.2316,relative (PAHdb experimental),,,,,,matrix,CH-oop (10.5-15 um; benzene nu11 at 673 included),,,,,,,,,,
2728,matrix,PAHdb experimental 3.10 (Ar matrix),uid 128,"3,4;5,6;7,8;12,13-tetrabenzoperopyrene",C36H16,0,36,128,,,791.6,5.0507,relative (PAHdb experimental),,,,,,matrix,CH-oop (10.5-15 um; benzene nu11 at 673 included),,,,,,,,,,
2729,matrix,PAHdb experimental 3.10 (Ar matrix),uid 128,"3,4;5,6;7,8;12,13-tetrabenzoperopyrene",C36H16,0,36,128,,,796.9,31.968,relative (PAHdb experimental),,,,,,matrix,CH-oop (10.5-15 um; benzene nu11 at 673 included),,,,,,,,,,
2730,matrix,PAHdb experimental 3.10 (Ar matrix),uid 128,"3,4;5,6;7,8;12,13-tetrabenzoperopyrene",C36H16,0,36,128,,,810.2,21.656,relative (PAHdb experimental),,,,,,matrix,CH-oop (10.5-15 um; benzene nu11 at 673 included),,,,,,,,,,
2731,matrix,PAHdb experimental 3.10 (Ar matrix),uid 128,"3,4;5,6;7,8;12,13-tetrabenzoperopyrene",C36H16,0,36,128,,,817.3,40.254,relative (PAHdb experimental),,,,,,matrix,CH-oop (10.5-15 um; benzene nu11 at 673 included),,,,,,,,,,
2732,matrix,PAHdb experimental 3.10 (Ar matrix),uid 128,"3,4;5,6;7,8;12,13-tetrabenzoperopyrene",C36H16,0,36,128,,,847.4,5.8696,relative (PAHdb experimental),,,,,,matrix,CH-oop (10.5-15 um; benzene nu11 at 673 included),,,,,,,,,,
2733,matrix,PAHdb experimental 3.10 (Ar matrix),uid 128,"3,4;5,6;7,8;12,13-tetrabenzoperopyrene",C36H16,0,36,128,,,886.7,39.534,relative (PAHdb experimental),,,,,,matrix,CH-oop (10.5-15 um; benzene nu11 at 673 included),,,,,,,,,,
2734,matrix,PAHdb experimental 3.10 (Ar matrix),uid 128,"3,4;5,6;7,8;12,13-tetrabenzoperopyrene",C36H16,0,36,128,,,896.4,19.89,relative (PAHdb experimental),,,,,,matrix,CH-oop (10.5-15 um; benzene nu11 at 673 included),,,,,,,,,,
2735,matrix,PAHdb experimental 3.10 (Ar matrix),uid 128,"3,4;5,6;7,8;12,13-tetrabenzoperopyrene",C36H16,0,36,128,,,920.5,2.5629,relative (PAHdb experimental),,,,,,matrix,CH-oop (10.5-15 um; benzene nu11 at 673 included),,,,,,,,,,
2736,matrix,PAHdb experimental 3.10 (Ar matrix),uid 128,"3,4;5,6;7,8;12,13-tetrabenzoperopyrene",C36H16,0,36,128,,,960.2,0.62392,relative (PAHdb experimental),,,,,,matrix,ring / CH-ip (9-10.5 um),,,,,,,,,,
2737,matrix,PAHdb experimental 3.10 (Ar matrix),uid 128,"3,4;5,6;7,8;12,13-tetrabenzoperopyrene",C36H16,0,36,128,,,966.4,0.4553,relative (PAHdb experimental),,,,,,matrix,ring / CH-ip (9-10.5 um),,,,,,,,,,
2738,matrix,PAHdb experimental 3.10 (Ar matrix),uid 128,"3,4;5,6;7,8;12,13-tetrabenzoperopyrene",C36H16,0,36,128,,,985.1,0.7689,relative (PAHdb experimental),,,,,,matrix,ring / CH-ip (9-10.5 um),,,,,,,,,,
2739,matrix,PAHdb experimental 3.10 (Ar matrix),uid 128,"3,4;5,6;7,8;12,13-tetrabenzoperopyrene",C36H16,0,36,128,,,1006.0,0.88739,relative (PAHdb experimental),,,,,,matrix,ring / CH-ip (9-10.5 um),,,,,,,,,,
2740,matrix,PAHdb experimental 3.10 (Ar matrix),uid 128,"3,4;5,6;7,8;12,13-tetrabenzoperopyrene",C36H16,0,36,128,,,1028.9,8.896,relative (PAHdb experimental),,,,,,matrix,ring / CH-ip (9-10.5 um),,,,,,,,,,
2741,matrix,PAHdb experimental 3.10 (Ar matrix),uid 128,"3,4;5,6;7,8;12,13-tetrabenzoperopyrene",C36H16,0,36,128,,,1085.8,0.71948,relative (PAHdb experimental),,,,,,matrix,ring / CH-ip (9-10.5 um),,,,,,,,,,
2742,matrix,PAHdb experimental 3.10 (Ar matrix),uid 128,"3,4;5,6;7,8;12,13-tetrabenzoperopyrene",C36H16,0,36,128,,,1092.1,4.3865,relative (PAHdb experimental),,,,,,matrix,ring / CH-ip (9-10.5 um),,,,,,,,,,
2743,matrix,PAHdb experimental 3.10 (Ar matrix),uid 128,"3,4;5,6;7,8;12,13-tetrabenzoperopyrene",C36H16,0,36,128,,,1101.6,1.0863,relative (PAHdb experimental),,,,,,matrix,CH-ip-bend (8.6 um),,,,,,,,,,
2744,matrix,PAHdb experimental 3.10 (Ar matrix),uid 128,"3,4;5,6;7,8;12,13-tetrabenzoperopyrene",C36H16,0,36,128,,,1103.4,1.6116,relative (PAHdb experimental),,,,,,matrix,CH-ip-bend (8.6 um),,,,,,,,,,
2745,matrix,PAHdb experimental 3.10 (Ar matrix),uid 128,"3,4;5,6;7,8;12,13-tetrabenzoperopyrene",C36H16,0,36,128,,,1149.3,2.9542,relative (PAHdb experimental),,,,,,matrix,CH-ip-bend (8.6 um),,,,,,,,,,
2746,matrix,PAHdb experimental 3.10 (Ar matrix),uid 128,"3,4;5,6;7,8;12,13-tetrabenzoperopyrene",C36H16,0,36,128,,,1161.2,2.3566,relative (PAHdb experimental),,,,,,matrix,CH-ip-bend (8.6 um),,,,,,,,,,
2747,matrix,PAHdb experimental 3.10 (Ar matrix),uid 128,"3,4;5,6;7,8;12,13-tetrabenzoperopyrene",C36H16,0,36,128,,,1165.2,4.0013,relative (PAHdb experimental),,,,,,matrix,CH-ip-bend (8.6 um),,,,,,,,,,
2748,matrix,PAHdb experimental 3.10 (Ar matrix),uid 128,"3,4;5,6;7,8;12,13-tetrabenzoperopyrene",C36H16,0,36,128,,,1178.7,2.1678,relative (PAHdb experimental),,,,,,matrix,CH-ip-bend (8.6 um),,,,,,,,,,
2749,matrix,PAHdb experimental 3.10 (Ar matrix),uid 128,"3,4;5,6;7,8;12,13-tetrabenzoperopyrene",C36H16,0,36,128,,,1185.7,7.0013,relative (PAHdb experimental),,,,,,matrix,CH-ip-bend (8.6 um),,,,,,,,,,
2750,matrix,PAHdb experimental 3.10 (Ar matrix),uid 128,"3,4;5,6;7,8;12,13-tetrabenzoperopyrene",C36H16,0,36,128,,,1213.8,9.8129,relative (PAHdb experimental),,,,,,matrix,CH-ip-bend (8.6 um),,,,,,,,,,
2751,matrix,PAHdb experimental 3.10 (Ar matrix),uid 128,"3,4;5,6;7,8;12,13-tetrabenzoperopyrene",C36H16,0,36,128,,,1225.5,3.1342,relative (PAHdb experimental),,,,,,matrix,CH-ip-bend (8.6 um),,,,,,,,,,
2752,matrix,PAHdb experimental 3.10 (Ar matrix),uid 128,"3,4;5,6;7,8;12,13-tetrabenzoperopyrene",C36H16,0,36,128,,,1250.6,1.6323,relative (PAHdb experimental),,,,,,matrix,CC-stretch/CH-ip (7.7 um),,,,,,,,,,
2753,matrix,PAHdb experimental 3.10 (Ar matrix),uid 128,"3,4;5,6;7,8;12,13-tetrabenzoperopyrene",C36H16,0,36,128,,,1280.2,0.78328,relative (PAHdb experimental),,,,,,matrix,CC-stretch/CH-ip (7.7 um),,,,,,,,,,
2754,matrix,PAHdb experimental 3.10 (Ar matrix),uid 128,"3,4;5,6;7,8;12,13-tetrabenzoperopyrene",C36H16,0,36,128,,,1291.0,0.98437,relative (PAHdb experimental),,,,,,matrix,CC-stretch/CH-ip (7.7 um),,,,,,,,,,
2755,matrix,PAHdb experimental 3.10 (Ar matrix),uid 128,"3,4;5,6;7,8;12,13-tetrabenzoperopyrene",C36H16,0,36,128,,,1307.0,1.0625,relative (PAHdb experimental),,,,,,matrix,CC-stretch/CH-ip (7.7 um),,,,,,,,,,
2756,matrix,PAHdb experimental 3.10 (Ar matrix),uid 128,"3,4;5,6;7,8;12,13-tetrabenzoperopyrene",C36H16,0,36,128,,,1320.9,7.9305,relative (PAHdb experimental),,,,,,matrix,CC-stretch/CH-ip (7.7 um),,,,,,,,,,
2757,matrix,PAHdb experimental 3.10 (Ar matrix),uid 128,"3,4;5,6;7,8;12,13-tetrabenzoperopyrene",C36H16,0,36,128,,,1328.8,14.767,relative (PAHdb experimental),,,,,,matrix,CC-stretch/CH-ip (7.7 um),,,,,,,,,,
2758,matrix,PAHdb experimental 3.10 (Ar matrix),uid 128,"3,4;5,6;7,8;12,13-tetrabenzoperopyrene",C36H16,0,36,128,,,1337.8,2.8532,relative (PAHdb experimental),,,,,,matrix,CC-stretch/CH-ip (7.7 um),,,,,,,,,,
2759,matrix,PAHdb experimental 3.10 (Ar matrix),uid 128,"3,4;5,6;7,8;12,13-tetrabenzoperopyrene",C36H16,0,36,128,,,1347.2,1.6836,relative (PAHdb experimental),,,,,,matrix,CC-stretch/CH-ip (7.7 um),,,,,,,,,,
2760,matrix,PAHdb experimental 3.10 (Ar matrix),uid 128,"3,4;5,6;7,8;12,13-tetrabenzoperopyrene",C36H16,0,36,128,,,1362.6,1.2395,relative (PAHdb experimental),,,,,,matrix,CC-stretch/CH-ip (7.7 um),,,,,,,,,,
2761,matrix,PAHdb experimental 3.10 (Ar matrix),uid 128,"3,4;5,6;7,8;12,13-tetrabenzoperopyrene",C36H16,0,36,128,,,1385.0,0.89986,relative (PAHdb experimental),,,,,,matrix,CC-stretch/CH-ip (7.7 um),,,,,,,,,,
2762,matrix,PAHdb experimental 3.10 (Ar matrix),uid 128,"3,4;5,6;7,8;12,13-tetrabenzoperopyrene",C36H16,0,36,128,,,1401.1,7.8399,relative (PAHdb experimental),,,,,,matrix,CC-stretch/CH-ip (7.7 um),,,,,,,,,,
2763,matrix,PAHdb experimental 3.10 (Ar matrix),uid 128,"3,4;5,6;7,8;12,13-tetrabenzoperopyrene",C36H16,0,36,128,,,1408.3,0.58342,relative (PAHdb experimental),,,,,,matrix,CC-stretch/CH-ip (7.7 um),,,,,,,,,,
2764,matrix,PAHdb experimental 3.10 (Ar matrix),uid 128,"3,4;5,6;7,8;12,13-tetrabenzoperopyrene",C36H16,0,36,128,,,1413.3,0.77593,relative (PAHdb experimental),,,,,,matrix,CC-stretch/CH-ip (7.7 um),,,,,,,,,,
2765,matrix,PAHdb experimental 3.10 (Ar matrix),uid 128,"3,4;5,6;7,8;12,13-tetrabenzoperopyrene",C36H16,0,36,128,,,1423.6,36.137,relative (PAHdb experimental),,,,,,matrix,CC-stretch/CH-ip (7.7 um),,,,,,,,,,
2766,matrix,PAHdb experimental 3.10 (Ar matrix),uid 128,"3,4;5,6;7,8;12,13-tetrabenzoperopyrene",C36H16,0,36,128,,,1433.6,2.728,relative (PAHdb experimental),,,,,,matrix,CC-stretch/CH-ip (7.7 um),,,,,,,,,,
2767,matrix,PAHdb experimental 3.10 (Ar matrix),uid 128,"3,4;5,6;7,8;12,13-tetrabenzoperopyrene",C36H16,0,36,128,,,1440.3,7.6402,relative (PAHdb experimental),,,,,,matrix,CC-stretch/CH-ip (7.7 um),,,,,,,,,,
2768,matrix,PAHdb experimental 3.10 (Ar matrix),uid 128,"3,4;5,6;7,8;12,13-tetrabenzoperopyrene",C36H16,0,36,128,,,1468.3,2.5544,relative (PAHdb experimental),,,,,,matrix,CC-stretch/CH-ip (7.7 um),,,,,,,,,,
2769,matrix,PAHdb experimental 3.10 (Ar matrix),uid 128,"3,4;5,6;7,8;12,13-tetrabenzoperopyrene",C36H16,0,36,128,,,1493.3,2.9909,relative (PAHdb experimental),,,,,,matrix,CC-stretch/CH-ip (7.7 um),,,,,,,,,,
2770,matrix,PAHdb experimental 3.10 (Ar matrix),uid 128,"3,4;5,6;7,8;12,13-tetrabenzoperopyrene",C36H16,0,36,128,,,1508.4,3.1748,relative (PAHdb experimental),,,,,,matrix,CC-stretch (6.2 um),,,,,,,,,,
2771,matrix,PAHdb experimental 3.10 (Ar matrix),uid 128,"3,4;5,6;7,8;12,13-tetrabenzoperopyrene",C36H16,0,36,128,,,1514.3,2.4163,relative (PAHdb experimental),,,,,,matrix,CC-stretch (6.2 um),,,,,,,,,,
2772,matrix,PAHdb experimental 3.10 (Ar matrix),uid 128,"3,4;5,6;7,8;12,13-tetrabenzoperopyrene",C36H16,0,36,128,,,1519.8,1.2432,relative (PAHdb experimental),,,,,,matrix,CC-stretch (6.2 um),,,,,,,,,,
2773,matrix,PAHdb experimental 3.10 (Ar matrix),uid 128,"3,4;5,6;7,8;12,13-tetrabenzoperopyrene",C36H16,0,36,128,,,1534.7,3.6151,relative (PAHdb experimental),,,,,,matrix,CC-stretch (6.2 um),,,,,,,,,,
2774,matrix,PAHdb experimental 3.10 (Ar matrix),uid 128,"3,4;5,6;7,8;12,13-tetrabenzoperopyrene",C36H16,0,36,128,,,1589.4,4.841,relative (PAHdb experimental),,,,,,matrix,CC-stretch (6.2 um),,,,,,,,,,
2775,matrix,PAHdb experimental 3.10 (Ar matrix),uid 128,"3,4;5,6;7,8;12,13-tetrabenzoperopyrene",C36H16,0,36,128,,,1603.9,7.0874,relative (PAHdb experimental),,,,,,matrix,CC-stretch (6.2 um),,,,,,,,,,
2776,matrix,PAHdb experimental 3.10 (Ar matrix),uid 128,"3,4;5,6;7,8;12,13-tetrabenzoperopyrene",C36H16,0,36,128,,,1610.5,2.4042,relative (PAHdb experimental),,,,,,matrix,CC-stretch (6.2 um),,,,,,,,,,
2777,matrix,PAHdb experimental 3.10 (Ar matrix),uid 128,"3,4;5,6;7,8;12,13-tetrabenzoperopyrene",C36H16,0,36,128,,,1702.8,0.4095,relative (PAHdb experimental),,,,,,matrix,overtone / combination region,,,,,,,,,,
2778,matrix,PAHdb experimental 3.10 (Ar matrix),uid 128,"3,4;5,6;7,8;12,13-tetrabenzoperopyrene",C36H16,0,36,128,,,1720.8,3.5757,relative (PAHdb experimental),,,,,,matrix,overtone / combination region,,,,,,,,,,
2779,matrix,PAHdb experimental 3.10 (Ar matrix),uid 128,"3,4;5,6;7,8;12,13-tetrabenzoperopyrene",C36H16,0,36,128,,,1757.2,8.1161,relative (PAHdb experimental),,,,,,matrix,overtone / combination region,,,,,,,,,,
2780,matrix,PAHdb experimental 3.10 (Ar matrix),uid 128,"3,4;5,6;7,8;12,13-tetrabenzoperopyrene",C36H16,0,36,128,,,1764.2,3.1725,relative (PAHdb experimental),,,,,,matrix,overtone / combination region,,,,,,,,,,
2781,matrix,PAHdb experimental 3.10 (Ar matrix),uid 128,"3,4;5,6;7,8;12,13-tetrabenzoperopyrene",C36H16,0,36,128,,,1767.1,2.5343,relative (PAHdb experimental),,,,,,matrix,overtone / combination region,,,,,,,,,,
2782,matrix,PAHdb experimental 3.10 (Ar matrix),uid 128,"3,4;5,6;7,8;12,13-tetrabenzoperopyrene",C36H16,0,36,128,,,1775.0,3.462,relative (PAHdb experimental),,,,,,matrix,overtone / combination region,,,,,,,,,,
2783,matrix,PAHdb experimental 3.10 (Ar matrix),uid 128,"3,4;5,6;7,8;12,13-tetrabenzoperopyrene",C36H16,0,36,128,,,1781.4,4.3054,relative (PAHdb experimental),,,,,,matrix,overtone / combination region,,,,,,,,,,
2784,matrix,PAHdb experimental 3.10 (Ar matrix),uid 128,"3,4;5,6;7,8;12,13-tetrabenzoperopyrene",C36H16,0,36,128,,,1790.5,5.3321,relative (PAHdb experimental),,,,,,matrix,overtone / combination region,,,,,,,,,,
2785,matrix,PAHdb experimental 3.10 (Ar matrix),uid 128,"3,4;5,6;7,8;12,13-tetrabenzoperopyrene",C36H16,0,36,128,,,1845.3,1.2142,relative (PAHdb experimental),,,,,,matrix,overtone / combination region,,,,,,,,,,
2786,matrix,PAHdb experimental 3.10 (Ar matrix),uid 128,"3,4;5,6;7,8;12,13-tetrabenzoperopyrene",C36H16,0,36,128,,,1853.7,1.5994,relative (PAHdb experimental),,,,,,matrix,overtone / combination region,,,,,,,,,,
2787,matrix,PAHdb experimental 3.10 (Ar matrix),uid 128,"3,4;5,6;7,8;12,13-tetrabenzoperopyrene",C36H16,0,36,128,,,1859.7,2.4997,relative (PAHdb experimental),,,,,,matrix,overtone / combination region,,,,,,,,,,
2788,matrix,PAHdb experimental 3.10 (Ar matrix),uid 128,"3,4;5,6;7,8;12,13-tetrabenzoperopyrene",C36H16,0,36,128,,,1890.7,2.3275,relative (PAHdb experimental),,,,,,matrix,overtone / combination region,,,,,,,,,,
2789,matrix,PAHdb experimental 3.10 (Ar matrix),uid 128,"3,4;5,6;7,8;12,13-tetrabenzoperopyrene",C36H16,0,36,128,,,1914.3,7.1362,relative (PAHdb experimental),,,,,,matrix,overtone / combination region,,,,,,,,,,
2790,matrix,PAHdb experimental 3.10 (Ar matrix),uid 128,"3,4;5,6;7,8;12,13-tetrabenzoperopyrene",C36H16,0,36,128,,,1922.0,5.4193,relative (PAHdb experimental),,,,,,matrix,overtone / combination region,,,,,,,,,,
2791,matrix,PAHdb experimental 3.10 (Ar matrix),uid 128,"3,4;5,6;7,8;12,13-tetrabenzoperopyrene",C36H16,0,36,128,,,1930.1,6.0398,relative (PAHdb experimental),,,,,,matrix,overtone / combination region,,,,,,,,,,
2792,matrix,PAHdb experimental 3.10 (Ar matrix),uid 128,"3,4;5,6;7,8;12,13-tetrabenzoperopyrene",C36H16,0,36,128,,,3056.4,221.79,relative (PAHdb experimental),,,,,,matrix,CH-stretch,,,,,,,,,,
2793,matrix,PAHdb experimental 3.10 (Ar matrix),uid 534,naptho-anthraceno-pyrene or dibenzoheptacene,C36H20,0,36,534,,,462.8,17.723,relative (PAHdb experimental),,,,,10.1016/j.saa.2014.04.017,matrix,low / skeletal,,,,,,,,,,
2794,matrix,PAHdb experimental 3.10 (Ar matrix),uid 534,naptho-anthraceno-pyrene or dibenzoheptacene,C36H20,0,36,534,,,508.0,20.364,relative (PAHdb experimental),,,,,10.1016/j.saa.2014.04.017,matrix,low / skeletal,,,,,,,,,,
2795,matrix,PAHdb experimental 3.10 (Ar matrix),uid 534,naptho-anthraceno-pyrene or dibenzoheptacene,C36H20,0,36,534,,,510.4,1.788,relative (PAHdb experimental),,,,,10.1016/j.saa.2014.04.017,matrix,low / skeletal,,,,,,,,,,
2796,matrix,PAHdb experimental 3.10 (Ar matrix),uid 534,naptho-anthraceno-pyrene or dibenzoheptacene,C36H20,0,36,534,,,578.2,22.363,relative (PAHdb experimental),,,,,10.1016/j.saa.2014.04.017,matrix,low / skeletal,,,,,,,,,,
2797,matrix,PAHdb experimental 3.10 (Ar matrix),uid 534,naptho-anthraceno-pyrene or dibenzoheptacene,C36H20,0,36,534,,,617.2,2.8111,relative (PAHdb experimental),,,,,10.1016/j.saa.2014.04.017,matrix,low / skeletal,,,,,,,,,,
2798,matrix,PAHdb experimental 3.10 (Ar matrix),uid 534,naptho-anthraceno-pyrene or dibenzoheptacene,C36H20,0,36,534,,,706.3,35.043,relative (PAHdb experimental),,,,,10.1016/j.saa.2014.04.017,matrix,CH-oop (10.5-15 um; benzene nu11 at 673 included),,,,,,,,,,
2799,matrix,PAHdb experimental 3.10 (Ar matrix),uid 534,naptho-anthraceno-pyrene or dibenzoheptacene,C36H20,0,36,534,,,737.6,44.56,relative (PAHdb experimental),,,,,10.1016/j.saa.2014.04.017,matrix,CH-oop (10.5-15 um; benzene nu11 at 673 included),,,,,,,,,,
2800,matrix,PAHdb experimental 3.10 (Ar matrix),uid 534,naptho-anthraceno-pyrene or dibenzoheptacene,C36H20,0,36,534,,,742.7,20.818,relative (PAHdb experimental),,,,,10.1016/j.saa.2014.04.017,matrix,CH-oop (10.5-15 um; benzene nu11 at 673 included),,,,,,,,,,
2801,matrix,PAHdb experimental 3.10 (Ar matrix),uid 534,naptho-anthraceno-pyrene or dibenzoheptacene,C36H20,0,36,534,,,762.7,1.2415,relative (PAHdb experimental),,,,,10.1016/j.saa.2014.04.017,matrix,CH-oop (10.5-15 um; benzene nu11 at 673 included),,,,,,,,,,
2802,matrix,PAHdb experimental 3.10 (Ar matrix),uid 534,naptho-anthraceno-pyrene or dibenzoheptacene,C36H20,0,36,534,,,769.7,2.0959,relative (PAHdb experimental),,,,,10.1016/j.saa.2014.04.017,matrix,CH-oop (10.5-15 um; benzene nu11 at 673 included),,,,,,,,,,
2803,matrix,PAHdb experimental 3.10 (Ar matrix),uid 534,naptho-anthraceno-pyrene or dibenzoheptacene,C36H20,0,36,534,,,779.1,6.6958,relative (PAHdb experimental),,,,,10.1016/j.saa.2014.04.017,matrix,CH-oop (10.5-15 um; benzene nu11 at 673 included),,,,,,,,,,
2804,matrix,PAHdb experimental 3.10 (Ar matrix),uid 534,naptho-anthraceno-pyrene or dibenzoheptacene,C36H20,0,36,534,,,795.1,51.323,relative (PAHdb experimental),,,,,10.1016/j.saa.2014.04.017,matrix,CH-oop (10.5-15 um; benzene nu11 at 673 included),,,,,,,,,,
2805,matrix,PAHdb experimental 3.10 (Ar matrix),uid 534,naptho-anthraceno-pyrene or dibenzoheptacene,C36H20,0,36,534,,,820.0,2.3114,relative (PAHdb experimental),,,,,10.1016/j.saa.2014.04.017,matrix,CH-oop (10.5-15 um; benzene nu11 at 673 included),,,,,,,,,,
2806,matrix,PAHdb experimental 3.10 (Ar matrix),uid 534,naptho-anthraceno-pyrene or dibenzoheptacene,C36H20,0,36,534,,,845.6,5.2318,relative (PAHdb experimental),,,,,10.1016/j.saa.2014.04.017,matrix,CH-oop (10.5-15 um; benzene nu11 at 673 included),,,,,,,,,,
2807,matrix,PAHdb experimental 3.10 (Ar matrix),uid 534,naptho-anthraceno-pyrene or dibenzoheptacene,C36H20,0,36,534,,,869.9,2.3174,relative (PAHdb experimental),,,,,10.1016/j.saa.2014.04.017,matrix,CH-oop (10.5-15 um; benzene nu11 at 673 included),,,,,,,,,,
2808,matrix,PAHdb experimental 3.10 (Ar matrix),uid 534,naptho-anthraceno-pyrene or dibenzoheptacene,C36H20,0,36,534,,,876.6,24.235,relative (PAHdb experimental),,,,,10.1016/j.saa.2014.04.017,matrix,CH-oop (10.5-15 um; benzene nu11 at 673 included),,,,,,,,,,
2809,matrix,PAHdb experimental 3.10 (Ar matrix),uid 534,naptho-anthraceno-pyrene or dibenzoheptacene,C36H20,0,36,534,,,889.9,6.9824,relative (PAHdb experimental),,,,,10.1016/j.saa.2014.04.017,matrix,CH-oop (10.5-15 um; benzene nu11 at 673 included),,,,,,,,,,
2810,matrix,PAHdb experimental 3.10 (Ar matrix),uid 534,naptho-anthraceno-pyrene or dibenzoheptacene,C36H20,0,36,534,,,896.9,45.019,relative (PAHdb experimental),,,,,10.1016/j.saa.2014.04.017,matrix,CH-oop (10.5-15 um; benzene nu11 at 673 included),,,,,,,,,,
2811,matrix,PAHdb experimental 3.10 (Ar matrix),uid 534,naptho-anthraceno-pyrene or dibenzoheptacene,C36H20,0,36,534,,,917.2,0.68807,relative (PAHdb experimental),,,,,10.1016/j.saa.2014.04.017,matrix,CH-oop (10.5-15 um; benzene nu11 at 673 included),,,,,,,,,,
2812,matrix,PAHdb experimental 3.10 (Ar matrix),uid 534,naptho-anthraceno-pyrene or dibenzoheptacene,C36H20,0,36,534,,,953.1,6.2419,relative (PAHdb experimental),,,,,10.1016/j.saa.2014.04.017,matrix,ring / CH-ip (9-10.5 um),,,,,,,,,,
2813,matrix,PAHdb experimental 3.10 (Ar matrix),uid 534,naptho-anthraceno-pyrene or dibenzoheptacene,C36H20,0,36,534,,,964.4,0.83898,relative (PAHdb experimental),,,,,10.1016/j.saa.2014.04.017,matrix,ring / CH-ip (9-10.5 um),,,,,,,,,,
2814,matrix,PAHdb experimental 3.10 (Ar matrix),uid 534,naptho-anthraceno-pyrene or dibenzoheptacene,C36H20,0,36,534,,,979.6,0.66845,relative (PAHdb experimental),,,,,10.1016/j.saa.2014.04.017,matrix,ring / CH-ip (9-10.5 um),,,,,,,,,,
2815,matrix,PAHdb experimental 3.10 (Ar matrix),uid 534,naptho-anthraceno-pyrene or dibenzoheptacene,C36H20,0,36,534,,,1003.7,7.4807,relative (PAHdb experimental),,,,,10.1016/j.saa.2014.04.017,matrix,ring / CH-ip (9-10.5 um),,,,,,,,,,
2816,matrix,PAHdb experimental 3.10 (Ar matrix),uid 534,naptho-anthraceno-pyrene or dibenzoheptacene,C36H20,0,36,534,,,1013.0,5.774,relative (PAHdb experimental),,,,,10.1016/j.saa.2014.04.017,matrix,ring / CH-ip (9-10.5 um),,,,,,,,,,
2817,matrix,PAHdb experimental 3.10 (Ar matrix),uid 534,naptho-anthraceno-pyrene or dibenzoheptacene,C36H20,0,36,534,,,1074.9,0.92019,relative (PAHdb experimental),,,,,10.1016/j.saa.2014.04.017,matrix,ring / CH-ip (9-10.5 um),,,,,,,,,,
2818,matrix,PAHdb experimental 3.10 (Ar matrix),uid 534,naptho-anthraceno-pyrene or dibenzoheptacene,C36H20,0,36,534,,,1099.6,0.68246,relative (PAHdb experimental),,,,,10.1016/j.saa.2014.04.017,matrix,ring / CH-ip (9-10.5 um),,,,,,,,,,
2819,matrix,PAHdb experimental 3.10 (Ar matrix),uid 534,naptho-anthraceno-pyrene or dibenzoheptacene,C36H20,0,36,534,,,1120.6,8.0874,relative (PAHdb experimental),,,,,10.1016/j.saa.2014.04.017,matrix,CH-ip-bend (8.6 um),,,,,,,,,,
2820,matrix,PAHdb experimental 3.10 (Ar matrix),uid 534,naptho-anthraceno-pyrene or dibenzoheptacene,C36H20,0,36,534,,,1129.5,0.78489,relative (PAHdb experimental),,,,,10.1016/j.saa.2014.04.017,matrix,CH-ip-bend (8.6 um),,,,,,,,,,
2821,matrix,PAHdb experimental 3.10 (Ar matrix),uid 534,naptho-anthraceno-pyrene or dibenzoheptacene,C36H20,0,36,534,,,1137.5,5.7264,relative (PAHdb experimental),,,,,10.1016/j.saa.2014.04.017,matrix,CH-ip-bend (8.6 um),,,,,,,,,,
2822,matrix,PAHdb experimental 3.10 (Ar matrix),uid 534,naptho-anthraceno-pyrene or dibenzoheptacene,C36H20,0,36,534,,,1151.5,1.9547,relative (PAHdb experimental),,,,,10.1016/j.saa.2014.04.017,matrix,CH-ip-bend (8.6 um),,,,,,,,,,
2823,matrix,PAHdb experimental 3.10 (Ar matrix),uid 534,naptho-anthraceno-pyrene or dibenzoheptacene,C36H20,0,36,534,,,1170.0,3.8827,relative (PAHdb experimental),,,,,10.1016/j.saa.2014.04.017,matrix,CH-ip-bend (8.6 um),,,,,,,,,,
2824,matrix,PAHdb experimental 3.10 (Ar matrix),uid 534,naptho-anthraceno-pyrene or dibenzoheptacene,C36H20,0,36,534,,,1184.8,3.3618,relative (PAHdb experimental),,,,,10.1016/j.saa.2014.04.017,matrix,CH-ip-bend (8.6 um),,,,,,,,,,
2825,matrix,PAHdb experimental 3.10 (Ar matrix),uid 534,naptho-anthraceno-pyrene or dibenzoheptacene,C36H20,0,36,534,,,1196.2,2.5936,relative (PAHdb experimental),,,,,10.1016/j.saa.2014.04.017,matrix,CH-ip-bend (8.6 um),,,,,,,,,,
2826,matrix,PAHdb experimental 3.10 (Ar matrix),uid 534,naptho-anthraceno-pyrene or dibenzoheptacene,C36H20,0,36,534,,,1211.3,10.929,relative (PAHdb experimental),,,,,10.1016/j.saa.2014.04.017,matrix,CH-ip-bend (8.6 um),,,,,,,,,,
2827,matrix,PAHdb experimental 3.10 (Ar matrix),uid 534,naptho-anthraceno-pyrene or dibenzoheptacene,C36H20,0,36,534,,,1227.6,1.0184,relative (PAHdb experimental),,,,,10.1016/j.saa.2014.04.017,matrix,CH-ip-bend (8.6 um),,,,,,,,,,
2828,matrix,PAHdb experimental 3.10 (Ar matrix),uid 534,naptho-anthraceno-pyrene or dibenzoheptacene,C36H20,0,36,534,,,1243.6,2.8957,relative (PAHdb experimental),,,,,10.1016/j.saa.2014.04.017,matrix,CH-ip-bend (8.6 um),,,,,,,,,,
2829,matrix,PAHdb experimental 3.10 (Ar matrix),uid 534,naptho-anthraceno-pyrene or dibenzoheptacene,C36H20,0,36,534,,,1277.2,4.17,relative (PAHdb experimental),,,,,10.1016/j.saa.2014.04.017,matrix,CC-stretch/CH-ip (7.7 um),,,,,,,,,,
2830,matrix,PAHdb experimental 3.10 (Ar matrix),uid 534,naptho-anthraceno-pyrene or dibenzoheptacene,C36H20,0,36,534,,,1283.1,3.991,relative (PAHdb experimental),,,,,10.1016/j.saa.2014.04.017,matrix,CC-stretch/CH-ip (7.7 um),,,,,,,,,,
2831,matrix,PAHdb experimental 3.10 (Ar matrix),uid 534,naptho-anthraceno-pyrene or dibenzoheptacene,C36H20,0,36,534,,,1294.9,2.016,relative (PAHdb experimental),,,,,10.1016/j.saa.2014.04.017,matrix,CC-stretch/CH-ip (7.7 um),,,,,,,,,,
2832,matrix,PAHdb experimental 3.10 (Ar matrix),uid 534,naptho-anthraceno-pyrene or dibenzoheptacene,C36H20,0,36,534,,,1303.4,5.4666,relative (PAHdb experimental),,,,,10.1016/j.saa.2014.04.017,matrix,CC-stretch/CH-ip (7.7 um),,,,,,,,,,
2833,matrix,PAHdb experimental 3.10 (Ar matrix),uid 534,naptho-anthraceno-pyrene or dibenzoheptacene,C36H20,0,36,534,,,1314.6,2.3028,relative (PAHdb experimental),,,,,10.1016/j.saa.2014.04.017,matrix,CC-stretch/CH-ip (7.7 um),,,,,,,,,,
2834,matrix,PAHdb experimental 3.10 (Ar matrix),uid 534,naptho-anthraceno-pyrene or dibenzoheptacene,C36H20,0,36,534,,,1323.3,3.9339,relative (PAHdb experimental),,,,,10.1016/j.saa.2014.04.017,matrix,CC-stretch/CH-ip (7.7 um),,,,,,,,,,
2835,matrix,PAHdb experimental 3.10 (Ar matrix),uid 534,naptho-anthraceno-pyrene or dibenzoheptacene,C36H20,0,36,534,,,1341.2,3.6974,relative (PAHdb experimental),,,,,10.1016/j.saa.2014.04.017,matrix,CC-stretch/CH-ip (7.7 um),,,,,,,,,,
2836,matrix,PAHdb experimental 3.10 (Ar matrix),uid 534,naptho-anthraceno-pyrene or dibenzoheptacene,C36H20,0,36,534,,,1345.5,4.0672,relative (PAHdb experimental),,,,,10.1016/j.saa.2014.04.017,matrix,CC-stretch/CH-ip (7.7 um),,,,,,,,,,
2837,matrix,PAHdb experimental 3.10 (Ar matrix),uid 534,naptho-anthraceno-pyrene or dibenzoheptacene,C36H20,0,36,534,,,1349.4,1.8963,relative (PAHdb experimental),,,,,10.1016/j.saa.2014.04.017,matrix,CC-stretch/CH-ip (7.7 um),,,,,,,,,,
2838,matrix,PAHdb experimental 3.10 (Ar matrix),uid 534,naptho-anthraceno-pyrene or dibenzoheptacene,C36H20,0,36,534,,,1353.4,6.3535,relative (PAHdb experimental),,,,,10.1016/j.saa.2014.04.017,matrix,CC-stretch/CH-ip (7.7 um),,,,,,,,,,
2839,matrix,PAHdb experimental 3.10 (Ar matrix),uid 534,naptho-anthraceno-pyrene or dibenzoheptacene,C36H20,0,36,534,,,1405.7,14.364,relative (PAHdb experimental),,,,,10.1016/j.saa.2014.04.017,matrix,CC-stretch/CH-ip (7.7 um),,,,,,,,,,
2840,matrix,PAHdb experimental 3.10 (Ar matrix),uid 534,naptho-anthraceno-pyrene or dibenzoheptacene,C36H20,0,36,534,,,1410.0,17.271,relative (PAHdb experimental),,,,,10.1016/j.saa.2014.04.017,matrix,CC-stretch/CH-ip (7.7 um),,,,,,,,,,
2841,matrix,PAHdb experimental 3.10 (Ar matrix),uid 534,naptho-anthraceno-pyrene or dibenzoheptacene,C36H20,0,36,534,,,1420.4,2.6076,relative (PAHdb experimental),,,,,10.1016/j.saa.2014.04.017,matrix,CC-stretch/CH-ip (7.7 um),,,,,,,,,,
2842,matrix,PAHdb experimental 3.10 (Ar matrix),uid 534,naptho-anthraceno-pyrene or dibenzoheptacene,C36H20,0,36,534,,,1429.2,13.732,relative (PAHdb experimental),,,,,10.1016/j.saa.2014.04.017,matrix,CC-stretch/CH-ip (7.7 um),,,,,,,,,,
2843,matrix,PAHdb experimental 3.10 (Ar matrix),uid 534,naptho-anthraceno-pyrene or dibenzoheptacene,C36H20,0,36,534,,,1438.1,78.067,relative (PAHdb experimental),,,,,10.1016/j.saa.2014.04.017,matrix,CC-stretch/CH-ip (7.7 um),,,,,,,,,,
2844,matrix,PAHdb experimental 3.10 (Ar matrix),uid 534,naptho-anthraceno-pyrene or dibenzoheptacene,C36H20,0,36,534,,,1469.1,7.4429,relative (PAHdb experimental),,,,,10.1016/j.saa.2014.04.017,matrix,CC-stretch/CH-ip (7.7 um),,,,,,,,,,
2845,matrix,PAHdb experimental 3.10 (Ar matrix),uid 534,naptho-anthraceno-pyrene or dibenzoheptacene,C36H20,0,36,534,,,1476.5,11.474,relative (PAHdb experimental),,,,,10.1016/j.saa.2014.04.017,matrix,CC-stretch/CH-ip (7.7 um),,,,,,,,,,
2846,matrix,PAHdb experimental 3.10 (Ar matrix),uid 534,naptho-anthraceno-pyrene or dibenzoheptacene,C36H20,0,36,534,,,1482.5,2.078,relative (PAHdb experimental),,,,,10.1016/j.saa.2014.04.017,matrix,CC-stretch/CH-ip (7.7 um),,,,,,,,,,
2847,matrix,PAHdb experimental 3.10 (Ar matrix),uid 534,naptho-anthraceno-pyrene or dibenzoheptacene,C36H20,0,36,534,,,1509.7,8.3999,relative (PAHdb experimental),,,,,10.1016/j.saa.2014.04.017,matrix,CC-stretch (6.2 um),,,,,,,,,,
2848,matrix,PAHdb experimental 3.10 (Ar matrix),uid 534,naptho-anthraceno-pyrene or dibenzoheptacene,C36H20,0,36,534,,,1533.6,2.8382,relative (PAHdb experimental),,,,,10.1016/j.saa.2014.04.017,matrix,CC-stretch (6.2 um),,,,,,,,,,
2849,matrix,PAHdb experimental 3.10 (Ar matrix),uid 534,naptho-anthraceno-pyrene or dibenzoheptacene,C36H20,0,36,534,,,1561.4,6.9504,relative (PAHdb experimental),,,,,10.1016/j.saa.2014.04.017,matrix,CC-stretch (6.2 um),,,,,,,,,,
2850,matrix,PAHdb experimental 3.10 (Ar matrix),uid 534,naptho-anthraceno-pyrene or dibenzoheptacene,C36H20,0,36,534,,,1566.2,12.699,relative (PAHdb experimental),,,,,10.1016/j.saa.2014.04.017,matrix,CC-stretch (6.2 um),,,,,,,,,,
2851,matrix,PAHdb experimental 3.10 (Ar matrix),uid 534,naptho-anthraceno-pyrene or dibenzoheptacene,C36H20,0,36,534,,,1574.7,9.2318,relative (PAHdb experimental),,,,,10.1016/j.saa.2014.04.017,matrix,CC-stretch (6.2 um),,,,,,,,,,
2852,matrix,PAHdb experimental 3.10 (Ar matrix),uid 534,naptho-anthraceno-pyrene or dibenzoheptacene,C36H20,0,36,534,,,1579.3,7.6329,relative (PAHdb experimental),,,,,10.1016/j.saa.2014.04.017,matrix,CC-stretch (6.2 um),,,,,,,,,,
2853,matrix,PAHdb experimental 3.10 (Ar matrix),uid 534,naptho-anthraceno-pyrene or dibenzoheptacene,C36H20,0,36,534,,,1603.9,7.1911,relative (PAHdb experimental),,,,,10.1016/j.saa.2014.04.017,matrix,CC-stretch (6.2 um),,,,,,,,,,
2854,matrix,PAHdb experimental 3.10 (Ar matrix),uid 534,naptho-anthraceno-pyrene or dibenzoheptacene,C36H20,0,36,534,,,1619.0,1.0017,relative (PAHdb experimental),,,,,10.1016/j.saa.2014.04.017,matrix,CC-stretch (6.2 um),,,,,,,,,,
2855,matrix,PAHdb experimental 3.10 (Ar matrix),uid 534,naptho-anthraceno-pyrene or dibenzoheptacene,C36H20,0,36,534,,,1627.4,3.3568,relative (PAHdb experimental),,,,,10.1016/j.saa.2014.04.017,matrix,CC-stretch (6.2 um),,,,,,,,,,
2856,matrix,PAHdb experimental 3.10 (Ar matrix),uid 534,naptho-anthraceno-pyrene or dibenzoheptacene,C36H20,0,36,534,,,1633.9,4.056,relative (PAHdb experimental),,,,,10.1016/j.saa.2014.04.017,matrix,CC-stretch (6.2 um),,,,,,,,,,
2857,matrix,PAHdb experimental 3.10 (Ar matrix),uid 534,naptho-anthraceno-pyrene or dibenzoheptacene,C36H20,0,36,534,,,1662.5,1.9538,relative (PAHdb experimental),,,,,10.1016/j.saa.2014.04.017,matrix,overtone / combination region,,,,,,,,,,
2858,matrix,PAHdb experimental 3.10 (Ar matrix),uid 534,naptho-anthraceno-pyrene or dibenzoheptacene,C36H20,0,36,534,,,1669.9,0.51927,relative (PAHdb experimental),,,,,10.1016/j.saa.2014.04.017,matrix,overtone / combination region,,,,,,,,,,
2859,matrix,PAHdb experimental 3.10 (Ar matrix),uid 534,naptho-anthraceno-pyrene or dibenzoheptacene,C36H20,0,36,534,,,1692.0,7.3662,relative (PAHdb experimental),,,,,10.1016/j.saa.2014.04.017,matrix,overtone / combination region,,,,,,,,,,
2860,matrix,PAHdb experimental 3.10 (Ar matrix),uid 534,naptho-anthraceno-pyrene or dibenzoheptacene,C36H20,0,36,534,,,1707.5,3.2405,relative (PAHdb experimental),,,,,10.1016/j.saa.2014.04.017,matrix,overtone / combination region,,,,,,,,,,
2861,matrix,PAHdb experimental 3.10 (Ar matrix),uid 534,naptho-anthraceno-pyrene or dibenzoheptacene,C36H20,0,36,534,,,1732.6,2.3505,relative (PAHdb experimental),,,,,10.1016/j.saa.2014.04.017,matrix,overtone / combination region,,,,,,,,,,
2862,matrix,PAHdb experimental 3.10 (Ar matrix),uid 534,naptho-anthraceno-pyrene or dibenzoheptacene,C36H20,0,36,534,,,1760.0,1.1106,relative (PAHdb experimental),,,,,10.1016/j.saa.2014.04.017,matrix,overtone / combination region,,,,,,,,,,
2863,matrix,PAHdb experimental 3.10 (Ar matrix),uid 534,naptho-anthraceno-pyrene or dibenzoheptacene,C36H20,0,36,534,,,1793.6,16.982,relative (PAHdb experimental),,,,,10.1016/j.saa.2014.04.017,matrix,overtone / combination region,,,,,,,,,,
2864,matrix,PAHdb experimental 3.10 (Ar matrix),uid 534,naptho-anthraceno-pyrene or dibenzoheptacene,C36H20,0,36,534,,,1814.0,4.6156,relative (PAHdb experimental),,,,,10.1016/j.saa.2014.04.017,matrix,overtone / combination region,,,,,,,,,,
2865,matrix,PAHdb experimental 3.10 (Ar matrix),uid 534,naptho-anthraceno-pyrene or dibenzoheptacene,C36H20,0,36,534,,,1835.2,5.1908,relative (PAHdb experimental),,,,,10.1016/j.saa.2014.04.017,matrix,overtone / combination region,,,,,,,,,,
2866,matrix,PAHdb experimental 3.10 (Ar matrix),uid 534,naptho-anthraceno-pyrene or dibenzoheptacene,C36H20,0,36,534,,,1853.2,6.5407,relative (PAHdb experimental),,,,,10.1016/j.saa.2014.04.017,matrix,overtone / combination region,,,,,,,,,,
2867,matrix,PAHdb experimental 3.10 (Ar matrix),uid 534,naptho-anthraceno-pyrene or dibenzoheptacene,C36H20,0,36,534,,,1904.4,4.9423,relative (PAHdb experimental),,,,,10.1016/j.saa.2014.04.017,matrix,overtone / combination region,,,,,,,,,,
2868,matrix,PAHdb experimental 3.10 (Ar matrix),uid 534,naptho-anthraceno-pyrene or dibenzoheptacene,C36H20,0,36,534,,,1919.6,4.0009,relative (PAHdb experimental),,,,,10.1016/j.saa.2014.04.017,matrix,overtone / combination region,,,,,,,,,,
2869,matrix,PAHdb experimental 3.10 (Ar matrix),uid 534,naptho-anthraceno-pyrene or dibenzoheptacene,C36H20,0,36,534,,,1926.5,8.4591,relative (PAHdb experimental),,,,,10.1016/j.saa.2014.04.017,matrix,overtone / combination region,,,,,,,,,,
2870,matrix,PAHdb experimental 3.10 (Ar matrix),uid 534,naptho-anthraceno-pyrene or dibenzoheptacene,C36H20,0,36,534,,,1942.0,8.9053,relative (PAHdb experimental),,,,,10.1016/j.saa.2014.04.017,matrix,overtone / combination region,,,,,,,,,,
2871,matrix,PAHdb experimental 3.10 (Ar matrix),uid 534,naptho-anthraceno-pyrene or dibenzoheptacene,C36H20,0,36,534,,,2968.7,2.455,relative (PAHdb experimental),,,,,10.1016/j.saa.2014.04.017,matrix,CH-stretch,,,,,,,,,,
2872,matrix,PAHdb experimental 3.10 (Ar matrix),uid 534,naptho-anthraceno-pyrene or dibenzoheptacene,C36H20,0,36,534,,,2982.4,1.8722,relative (PAHdb experimental),,,,,10.1016/j.saa.2014.04.017,matrix,CH-stretch,,,,,,,,,,
2873,matrix,PAHdb experimental 3.10 (Ar matrix),uid 534,naptho-anthraceno-pyrene or dibenzoheptacene,C36H20,0,36,534,,,3027.4,35.019,relative (PAHdb experimental),,,,,10.1016/j.saa.2014.04.017,matrix,CH-stretch,,,,,,,,,,
2874,matrix,PAHdb experimental 3.10 (Ar matrix),uid 534,naptho-anthraceno-pyrene or dibenzoheptacene,C36H20,0,36,534,,,3064.4,112.54,relative (PAHdb experimental),,,,,10.1016/j.saa.2014.04.017,matrix,CH-stretch,,,,,,,,,,
2875,matrix,PAHdb experimental 3.10 (Ar matrix),uid 534,naptho-anthraceno-pyrene or dibenzoheptacene,C36H20,0,36,534,,,3090.8,52.541,relative (PAHdb experimental),,,,,10.1016/j.saa.2014.04.017,matrix,CH-stretch,,,,,,,,,,
2876,matrix,PAHdb experimental 3.10 (Ar matrix),uid 534,naptho-anthraceno-pyrene or dibenzoheptacene,C36H20,0,36,534,,,3160.2,1.1316,relative (PAHdb experimental),,,,,10.1016/j.saa.2014.04.017,matrix,CH-stretch,,,,,,,,,,
2877,matrix,PAHdb experimental 3.10 (Ar matrix),uid 542,"dibenzo[hi,wx]heptacene or naptho-anthraceno-pyrene",C36H20+,1,36,542,,,508.5,23.16,relative (PAHdb experimental),,,,,10.1016/j.saa.2014.04.017,matrix,low / skeletal,,,,,,,,,,
2878,matrix,PAHdb experimental 3.10 (Ar matrix),uid 542,"dibenzo[hi,wx]heptacene or naptho-anthraceno-pyrene",C36H20+,1,36,542,,,575.5,148.06,relative (PAHdb experimental),,,,,10.1016/j.saa.2014.04.017,matrix,low / skeletal,,,,,,,,,,
2879,matrix,PAHdb experimental 3.10 (Ar matrix),uid 542,"dibenzo[hi,wx]heptacene or naptho-anthraceno-pyrene",C36H20+,1,36,542,,,705.6,38.06,relative (PAHdb experimental),,,,,10.1016/j.saa.2014.04.017,matrix,CH-oop (10.5-15 um; benzene nu11 at 673 included),,,,,,,,,,
2880,matrix,PAHdb experimental 3.10 (Ar matrix),uid 542,"dibenzo[hi,wx]heptacene or naptho-anthraceno-pyrene",C36H20+,1,36,542,,,751.3,39.07,relative (PAHdb experimental),,,,,10.1016/j.saa.2014.04.017,matrix,CH-oop (10.5-15 um; benzene nu11 at 673 included),,,,,,,,,,
2881,matrix,PAHdb experimental 3.10 (Ar matrix),uid 542,"dibenzo[hi,wx]heptacene or naptho-anthraceno-pyrene",C36H20+,1,36,542,,,760.8,24.0,relative (PAHdb experimental),,,,,10.1016/j.saa.2014.04.017,matrix,CH-oop (10.5-15 um; benzene nu11 at 673 included),,,,,,,,,,
2882,matrix,PAHdb experimental 3.10 (Ar matrix),uid 542,"dibenzo[hi,wx]heptacene or naptho-anthraceno-pyrene",C36H20+,1,36,542,,,765.8,34.76,relative (PAHdb experimental),,,,,10.1016/j.saa.2014.04.017,matrix,CH-oop (10.5-15 um; benzene nu11 at 673 included),,,,,,,,,,
2883,matrix,PAHdb experimental 3.10 (Ar matrix),uid 542,"dibenzo[hi,wx]heptacene or naptho-anthraceno-pyrene",C36H20+,1,36,542,,,797.3,63.73,relative (PAHdb experimental),,,,,10.1016/j.saa.2014.04.017,matrix,CH-oop (10.5-15 um; benzene nu11 at 673 included),,,,,,,,,,
2884,matrix,PAHdb experimental 3.10 (Ar matrix),uid 542,"dibenzo[hi,wx]heptacene or naptho-anthraceno-pyrene",C36H20+,1,36,542,,,820.7,18.2,relative (PAHdb experimental),,,,,10.1016/j.saa.2014.04.017,matrix,CH-oop (10.5-15 um; benzene nu11 at 673 included),,,,,,,,,,
2885,matrix,PAHdb experimental 3.10 (Ar matrix),uid 542,"dibenzo[hi,wx]heptacene or naptho-anthraceno-pyrene",C36H20+,1,36,542,,,879.5,21.88,relative (PAHdb experimental),,,,,10.1016/j.saa.2014.04.017,matrix,CH-oop (10.5-15 um; benzene nu11 at 673 included),,,,,,,,,,
2886,matrix,PAHdb experimental 3.10 (Ar matrix),uid 542,"dibenzo[hi,wx]heptacene or naptho-anthraceno-pyrene",C36H20+,1,36,542,,,923.4,40.06,relative (PAHdb experimental),,,,,10.1016/j.saa.2014.04.017,matrix,CH-oop (10.5-15 um; benzene nu11 at 673 included),,,,,,,,,,
2887,matrix,PAHdb experimental 3.10 (Ar matrix),uid 542,"dibenzo[hi,wx]heptacene or naptho-anthraceno-pyrene",C36H20+,1,36,542,,,997.1,13.2,relative (PAHdb experimental),,,,,10.1016/j.saa.2014.04.017,matrix,ring / CH-ip (9-10.5 um),,,,,,,,,,
2888,matrix,PAHdb experimental 3.10 (Ar matrix),uid 542,"dibenzo[hi,wx]heptacene or naptho-anthraceno-pyrene",C36H20+,1,36,542,,,1036.4,92.39,relative (PAHdb experimental),,,,,10.1016/j.saa.2014.04.017,matrix,ring / CH-ip (9-10.5 um),,,,,,,,,,
2889,matrix,PAHdb experimental 3.10 (Ar matrix),uid 542,"dibenzo[hi,wx]heptacene or naptho-anthraceno-pyrene",C36H20+,1,36,542,,,1164.1,15.79,relative (PAHdb experimental),,,,,10.1016/j.saa.2014.04.017,matrix,CH-ip-bend (8.6 um),,,,,,,,,,
2890,matrix,PAHdb experimental 3.10 (Ar matrix),uid 542,"dibenzo[hi,wx]heptacene or naptho-anthraceno-pyrene",C36H20+,1,36,542,,,1182.9,622.11,relative (PAHdb experimental),,,,,10.1016/j.saa.2014.04.017,matrix,CH-ip-bend (8.6 um),,,,,,,,,,
2891,matrix,PAHdb experimental 3.10 (Ar matrix),uid 542,"dibenzo[hi,wx]heptacene or naptho-anthraceno-pyrene",C36H20+,1,36,542,,,1192.8,52.43,relative (PAHdb experimental),,,,,10.1016/j.saa.2014.04.017,matrix,CH-ip-bend (8.6 um),,,,,,,,,,
2892,matrix,PAHdb experimental 3.10 (Ar matrix),uid 542,"dibenzo[hi,wx]heptacene or naptho-anthraceno-pyrene",C36H20+,1,36,542,,,1198.0,31.18,relative (PAHdb experimental),,,,,10.1016/j.saa.2014.04.017,matrix,CH-ip-bend (8.6 um),,,,,,,,,,
2893,matrix,PAHdb experimental 3.10 (Ar matrix),uid 542,"dibenzo[hi,wx]heptacene or naptho-anthraceno-pyrene",C36H20+,1,36,542,,,1309.0,3033.8,relative (PAHdb experimental),,,,,10.1016/j.saa.2014.04.017,matrix,CC-stretch/CH-ip (7.7 um),,,,,,,,,,
2894,matrix,PAHdb experimental 3.10 (Ar matrix),uid 542,"dibenzo[hi,wx]heptacene or naptho-anthraceno-pyrene",C36H20+,1,36,542,,,1329.8,676.98,relative (PAHdb experimental),,,,,10.1016/j.saa.2014.04.017,matrix,CC-stretch/CH-ip (7.7 um),,,,,,,,,,
2895,matrix,PAHdb experimental 3.10 (Ar matrix),uid 542,"dibenzo[hi,wx]heptacene or naptho-anthraceno-pyrene",C36H20+,1,36,542,,,1356.8,898.34,relative (PAHdb experimental),,,,,10.1016/j.saa.2014.04.017,matrix,CC-stretch/CH-ip (7.7 um),,,,,,,,,,
2896,matrix,PAHdb experimental 3.10 (Ar matrix),uid 542,"dibenzo[hi,wx]heptacene or naptho-anthraceno-pyrene",C36H20+,1,36,542,,,1365.1,908.97,relative (PAHdb experimental),,,,,10.1016/j.saa.2014.04.017,matrix,CC-stretch/CH-ip (7.7 um),,,,,,,,,,
2897,matrix,PAHdb experimental 3.10 (Ar matrix),uid 542,"dibenzo[hi,wx]heptacene or naptho-anthraceno-pyrene",C36H20+,1,36,542,,,1370.2,544.61,relative (PAHdb experimental),,,,,10.1016/j.saa.2014.04.017,matrix,CC-stretch/CH-ip (7.7 um),,,,,,,,,,
2898,matrix,PAHdb experimental 3.10 (Ar matrix),uid 542,"dibenzo[hi,wx]heptacene or naptho-anthraceno-pyrene",C36H20+,1,36,542,,,1383.2,26.68,relative (PAHdb experimental),,,,,10.1016/j.saa.2014.04.017,matrix,CC-stretch/CH-ip (7.7 um),,,,,,,,,,
2899,matrix,PAHdb experimental 3.10 (Ar matrix),uid 542,"dibenzo[hi,wx]heptacene or naptho-anthraceno-pyrene",C36H20+,1,36,542,,,1401.5,24.26,relative (PAHdb experimental),,,,,10.1016/j.saa.2014.04.017,matrix,CC-stretch/CH-ip (7.7 um),,,,,,,,,,
2900,matrix,PAHdb experimental 3.10 (Ar matrix),uid 542,"dibenzo[hi,wx]heptacene or naptho-anthraceno-pyrene",C36H20+,1,36,542,,,1415.0,252.35,relative (PAHdb experimental),,,,,10.1016/j.saa.2014.04.017,matrix,CC-stretch/CH-ip (7.7 um),,,,,,,,,,
2901,matrix,PAHdb experimental 3.10 (Ar matrix),uid 542,"dibenzo[hi,wx]heptacene or naptho-anthraceno-pyrene",C36H20+,1,36,542,,,1466.0,316.43,relative (PAHdb experimental),,,,,10.1016/j.saa.2014.04.017,matrix,CC-stretch/CH-ip (7.7 um),,,,,,,,,,
2902,matrix,PAHdb experimental 3.10 (Ar matrix),uid 542,"dibenzo[hi,wx]heptacene or naptho-anthraceno-pyrene",C36H20+,1,36,542,,,1508.3,368.75,relative (PAHdb experimental),,,,,10.1016/j.saa.2014.04.017,matrix,CC-stretch (6.2 um),,,,,,,,,,
2903,matrix,PAHdb experimental 3.10 (Ar matrix),uid 542,"dibenzo[hi,wx]heptacene or naptho-anthraceno-pyrene",C36H20+,1,36,542,,,1530.1,49.12,relative (PAHdb experimental),,,,,10.1016/j.saa.2014.04.017,matrix,CC-stretch (6.2 um),,,,,,,,,,
2904,matrix,PAHdb experimental 3.10 (Ar matrix),uid 542,"dibenzo[hi,wx]heptacene or naptho-anthraceno-pyrene",C36H20+,1,36,542,,,1555.5,291.61,relative (PAHdb experimental),,,,,10.1016/j.saa.2014.04.017,matrix,CC-stretch (6.2 um),,,,,,,,,,
2905,matrix,PAHdb experimental 3.10 (Ar matrix),uid 542,"dibenzo[hi,wx]heptacene or naptho-anthraceno-pyrene",C36H20+,1,36,542,,,1570.7,74.33,relative (PAHdb experimental),,,,,10.1016/j.saa.2014.04.017,matrix,CC-stretch (6.2 um),,,,,,,,,,
2906,matrix,PAHdb experimental 3.10 (Ar matrix),uid 542,"dibenzo[hi,wx]heptacene or naptho-anthraceno-pyrene",C36H20+,1,36,542,,,1584.9,56.85,relative (PAHdb experimental),,,,,10.1016/j.saa.2014.04.017,matrix,CC-stretch (6.2 um),,,,,,,,,,
2907,matrix,PAHdb experimental 3.10 (Ar matrix),uid 542,"dibenzo[hi,wx]heptacene or naptho-anthraceno-pyrene",C36H20+,1,36,542,,,2567.1,44.02,relative (PAHdb experimental),,,,,10.1016/j.saa.2014.04.017,matrix,overtone / combination region,,,,,,,,,,
2908,matrix,PAHdb experimental 3.10 (Ar matrix),uid 542,"dibenzo[hi,wx]heptacene or naptho-anthraceno-pyrene",C36H20+,1,36,542,,,2577.1,37.96,relative (PAHdb experimental),,,,,10.1016/j.saa.2014.04.017,matrix,overtone / combination region,,,,,,,,,,
2909,matrix,PAHdb experimental 3.10 (Ar matrix),uid 542,"dibenzo[hi,wx]heptacene or naptho-anthraceno-pyrene",C36H20+,1,36,542,,,2615.4,119.8,relative (PAHdb experimental),,,,,10.1016/j.saa.2014.04.017,matrix,overtone / combination region,,,,,,,,,,
2910,matrix,PAHdb experimental 3.10 (Ar matrix),uid 542,"dibenzo[hi,wx]heptacene or naptho-anthraceno-pyrene",C36H20+,1,36,542,,,2639.2,13.85,relative (PAHdb experimental),,,,,10.1016/j.saa.2014.04.017,matrix,overtone / combination region,,,,,,,,,,
2911,matrix,PAHdb experimental 3.10 (Ar matrix),uid 542,"dibenzo[hi,wx]heptacene or naptho-anthraceno-pyrene",C36H20+,1,36,542,,,2665.5,103.21,relative (PAHdb experimental),,,,,10.1016/j.saa.2014.04.017,matrix,overtone / combination region,,,,,,,,,,
2912,matrix,PAHdb experimental 3.10 (Ar matrix),uid 542,"dibenzo[hi,wx]heptacene or naptho-anthraceno-pyrene",C36H20+,1,36,542,,,2678.0,140.08,relative (PAHdb experimental),,,,,10.1016/j.saa.2014.04.017,matrix,overtone / combination region,,,,,,,,,,
2913,matrix,PAHdb experimental 3.10 (Ar matrix),uid 542,"dibenzo[hi,wx]heptacene or naptho-anthraceno-pyrene",C36H20+,1,36,542,,,2776.8,198.98,relative (PAHdb experimental),,,,,10.1016/j.saa.2014.04.017,matrix,overtone / combination region,,,,,,,,,,
2914,matrix,PAHdb experimental 3.10 (Ar matrix),uid 542,"dibenzo[hi,wx]heptacene or naptho-anthraceno-pyrene",C36H20+,1,36,542,,,2798.0,144.36,relative (PAHdb experimental),,,,,10.1016/j.saa.2014.04.017,matrix,overtone / combination region,,,,,,,,,,
2915,matrix,PAHdb experimental 3.10 (Ar matrix),uid 542,"dibenzo[hi,wx]heptacene or naptho-anthraceno-pyrene",C36H20+,1,36,542,,,2813.9,100.21,relative (PAHdb experimental),,,,,10.1016/j.saa.2014.04.017,matrix,overtone / combination region,,,,,,,,,,
2916,matrix,PAHdb experimental 3.10 (Ar matrix),uid 542,"dibenzo[hi,wx]heptacene or naptho-anthraceno-pyrene",C36H20+,1,36,542,,,2950.5,166.03,relative (PAHdb experimental),,,,,10.1016/j.saa.2014.04.017,matrix,CH-stretch,,,,,,,,,,
2917,matrix,PAHdb experimental 3.10 (Ar matrix),uid 542,"dibenzo[hi,wx]heptacene or naptho-anthraceno-pyrene",C36H20+,1,36,542,,,3165.4,62.072,relative (PAHdb experimental),,,,,10.1016/j.saa.2014.04.017,matrix,CH-stretch,,,,,,,,,,
2918,matrix,PAHdb experimental 3.10 (Ar matrix),uid 542,"dibenzo[hi,wx]heptacene or naptho-anthraceno-pyrene",C36H20+,1,36,542,,,4903.0,8853.2,relative (PAHdb experimental),,,,,10.1016/j.saa.2014.04.017,matrix,above 3200,,,,,,,,,,
2919,matrix,PAHdb experimental 3.10 (Ar matrix),uid 541,"dibenzo[jk, a1b1]octacene or dianthraceno-pyrene or 6,7:15,16-di[1,3]butadienodibenzo[hi,uv]hexacene",C40H22-,-1,40,541,,,534.6,7748.5,relative (PAHdb experimental),,,,,10.1016/j.saa.2014.04.017,matrix,low / skeletal,,,,,,,,,,
2920,matrix,PAHdb experimental 3.10 (Ar matrix),uid 541,"dibenzo[jk, a1b1]octacene or dianthraceno-pyrene or 6,7:15,16-di[1,3]butadienodibenzo[hi,uv]hexacene",C40H22-,-1,40,541,,,588.3,23986.0,relative (PAHdb experimental),,,,,10.1016/j.saa.2014.04.017,matrix,low / skeletal,,,,,,,,,,
2921,matrix,PAHdb experimental 3.10 (Ar matrix),uid 541,"dibenzo[jk, a1b1]octacene or dianthraceno-pyrene or 6,7:15,16-di[1,3]butadienodibenzo[hi,uv]hexacene",C40H22-,-1,40,541,,,612.7,1583.6,relative (PAHdb experimental),,,,,10.1016/j.saa.2014.04.017,matrix,low / skeletal,,,,,,,,,,
2922,matrix,PAHdb experimental 3.10 (Ar matrix),uid 541,"dibenzo[jk, a1b1]octacene or dianthraceno-pyrene or 6,7:15,16-di[1,3]butadienodibenzo[hi,uv]hexacene",C40H22-,-1,40,541,,,625.9,1511.5,relative (PAHdb experimental),,,,,10.1016/j.saa.2014.04.017,matrix,low / skeletal,,,,,,,,,,
2923,matrix,PAHdb experimental 3.10 (Ar matrix),uid 541,"dibenzo[jk, a1b1]octacene or dianthraceno-pyrene or 6,7:15,16-di[1,3]butadienodibenzo[hi,uv]hexacene",C40H22-,-1,40,541,,,651.1,858.88,relative (PAHdb experimental),,,,,10.1016/j.saa.2014.04.017,matrix,CH-oop (10.5-15 um; benzene nu11 at 673 included),,,,,,,,,,
2924,matrix,PAHdb experimental 3.10 (Ar matrix),uid 541,"dibenzo[jk, a1b1]octacene or dianthraceno-pyrene or 6,7:15,16-di[1,3]butadienodibenzo[hi,uv]hexacene",C40H22-,-1,40,541,,,665.5,177.08,relative (PAHdb experimental),,,,,10.1016/j.saa.2014.04.017,matrix,CH-oop (10.5-15 um; benzene nu11 at 673 included),,,,,,,,,,
2925,matrix,PAHdb experimental 3.10 (Ar matrix),uid 541,"dibenzo[jk, a1b1]octacene or dianthraceno-pyrene or 6,7:15,16-di[1,3]butadienodibenzo[hi,uv]hexacene",C40H22-,-1,40,541,,,675.1,147.2,relative (PAHdb experimental),,,,,10.1016/j.saa.2014.04.017,matrix,CH-oop (10.5-15 um; benzene nu11 at 673 included),,,,,,,,,,
2926,matrix,PAHdb experimental 3.10 (Ar matrix),uid 541,"dibenzo[jk, a1b1]octacene or dianthraceno-pyrene or 6,7:15,16-di[1,3]butadienodibenzo[hi,uv]hexacene",C40H22-,-1,40,541,,,719.8,62180.0,relative (PAHdb experimental),,,,,10.1016/j.saa.2014.04.017,matrix,CH-oop (10.5-15 um; benzene nu11 at 673 included),,,,,,,,,,
2927,matrix,PAHdb experimental 3.10 (Ar matrix),uid 541,"dibenzo[jk, a1b1]octacene or dianthraceno-pyrene or 6,7:15,16-di[1,3]butadienodibenzo[hi,uv]hexacene",C40H22-,-1,40,541,,,733.6,23360.0,relative (PAHdb experimental),,,,,10.1016/j.saa.2014.04.017,matrix,CH-oop (10.5-15 um; benzene nu11 at 673 included),,,,,,,,,,
2928,matrix,PAHdb experimental 3.10 (Ar matrix),uid 541,"dibenzo[jk, a1b1]octacene or dianthraceno-pyrene or 6,7:15,16-di[1,3]butadienodibenzo[hi,uv]hexacene",C40H22-,-1,40,541,,,763.8,10582.0,relative (PAHdb experimental),,,,,10.1016/j.saa.2014.04.017,matrix,CH-oop (10.5-15 um; benzene nu11 at 673 included),,,,,,,,,,
2929,matrix,PAHdb experimental 3.10 (Ar matrix),uid 541,"dibenzo[jk, a1b1]octacene or dianthraceno-pyrene or 6,7:15,16-di[1,3]butadienodibenzo[hi,uv]hexacene",C40H22-,-1,40,541,,,782.4,7674.1,relative (PAHdb experimental),,,,,10.1016/j.saa.2014.04.017,matrix,CH-oop (10.5-15 um; benzene nu11 at 673 included),,,,,,,,,,
2930,matrix,PAHdb experimental 3.10 (Ar matrix),uid 541,"dibenzo[jk, a1b1]octacene or dianthraceno-pyrene or 6,7:15,16-di[1,3]butadienodibenzo[hi,uv]hexacene",C40H22-,-1,40,541,,,836.3,313.06,relative (PAHdb experimental),,,,,10.1016/j.saa.2014.04.017,matrix,CH-oop (10.5-15 um; benzene nu11 at 673 included),,,,,,,,,,
2931,matrix,PAHdb experimental 3.10 (Ar matrix),uid 541,"dibenzo[jk, a1b1]octacene or dianthraceno-pyrene or 6,7:15,16-di[1,3]butadienodibenzo[hi,uv]hexacene",C40H22-,-1,40,541,,,853.7,792.63,relative (PAHdb experimental),,,,,10.1016/j.saa.2014.04.017,matrix,CH-oop (10.5-15 um; benzene nu11 at 673 included),,,,,,,,,,
2932,matrix,PAHdb experimental 3.10 (Ar matrix),uid 541,"dibenzo[jk, a1b1]octacene or dianthraceno-pyrene or 6,7:15,16-di[1,3]butadienodibenzo[hi,uv]hexacene",C40H22-,-1,40,541,,,885.0,6863.6,relative (PAHdb experimental),,,,,10.1016/j.saa.2014.04.017,matrix,CH-oop (10.5-15 um; benzene nu11 at 673 included),,,,,,,,,,
2933,matrix,PAHdb experimental 3.10 (Ar matrix),uid 541,"dibenzo[jk, a1b1]octacene or dianthraceno-pyrene or 6,7:15,16-di[1,3]butadienodibenzo[hi,uv]hexacene",C40H22-,-1,40,541,,,911.2,5252.4,relative (PAHdb experimental),,,,,10.1016/j.saa.2014.04.017,matrix,CH-oop (10.5-15 um; benzene nu11 at 673 included),,,,,,,,,,
2934,matrix,PAHdb experimental 3.10 (Ar matrix),uid 541,"dibenzo[jk, a1b1]octacene or dianthraceno-pyrene or 6,7:15,16-di[1,3]butadienodibenzo[hi,uv]hexacene",C40H22-,-1,40,541,,,972.4,52.88,relative (PAHdb experimental),,,,,10.1016/j.saa.2014.04.017,matrix,ring / CH-ip (9-10.5 um),,,,,,,,,,
2935,matrix,PAHdb experimental 3.10 (Ar matrix),uid 541,"dibenzo[jk, a1b1]octacene or dianthraceno-pyrene or 6,7:15,16-di[1,3]butadienodibenzo[hi,uv]hexacene",C40H22-,-1,40,541,,,985.5,191.41,relative (PAHdb experimental),,,,,10.1016/j.saa.2014.04.017,matrix,ring / CH-ip (9-10.5 um),,,,,,,,,,
2936,matrix,PAHdb experimental 3.10 (Ar matrix),uid 541,"dibenzo[jk, a1b1]octacene or dianthraceno-pyrene or 6,7:15,16-di[1,3]butadienodibenzo[hi,uv]hexacene",C40H22-,-1,40,541,,,1000.4,80.16,relative (PAHdb experimental),,,,,10.1016/j.saa.2014.04.017,matrix,ring / CH-ip (9-10.5 um),,,,,,,,,,
2937,matrix,PAHdb experimental 3.10 (Ar matrix),uid 541,"dibenzo[jk, a1b1]octacene or dianthraceno-pyrene or 6,7:15,16-di[1,3]butadienodibenzo[hi,uv]hexacene",C40H22-,-1,40,541,,,1012.9,984.93,relative (PAHdb experimental),,,,,10.1016/j.saa.2014.04.017,matrix,ring / CH-ip (9-10.5 um),,,,,,,,,,
2938,matrix,PAHdb experimental 3.10 (Ar matrix),uid 541,"dibenzo[jk, a1b1]octacene or dianthraceno-pyrene or 6,7:15,16-di[1,3]butadienodibenzo[hi,uv]hexacene",C40H22-,-1,40,541,,,1024.9,308.45,relative (PAHdb experimental),,,,,10.1016/j.saa.2014.04.017,matrix,ring / CH-ip (9-10.5 um),,,,,,,,,,
2939,matrix,PAHdb experimental 3.10 (Ar matrix),uid 541,"dibenzo[jk, a1b1]octacene or dianthraceno-pyrene or 6,7:15,16-di[1,3]butadienodibenzo[hi,uv]hexacene",C40H22-,-1,40,541,,,1039.5,616.61,relative (PAHdb experimental),,,,,10.1016/j.saa.2014.04.017,matrix,ring / CH-ip (9-10.5 um),,,,,,,,,,
2940,matrix,PAHdb experimental 3.10 (Ar matrix),uid 541,"dibenzo[jk, a1b1]octacene or dianthraceno-pyrene or 6,7:15,16-di[1,3]butadienodibenzo[hi,uv]hexacene",C40H22-,-1,40,541,,,1057.1,510.57,relative (PAHdb experimental),,,,,10.1016/j.saa.2014.04.017,matrix,ring / CH-ip (9-10.5 um),,,,,,,,,,
2941,matrix,PAHdb experimental 3.10 (Ar matrix),uid 541,"dibenzo[jk, a1b1]octacene or dianthraceno-pyrene or 6,7:15,16-di[1,3]butadienodibenzo[hi,uv]hexacene",C40H22-,-1,40,541,,,1089.9,350.41,relative (PAHdb experimental),,,,,10.1016/j.saa.2014.04.017,matrix,ring / CH-ip (9-10.5 um),,,,,,,,,,
2942,matrix,PAHdb experimental 3.10 (Ar matrix),uid 541,"dibenzo[jk, a1b1]octacene or dianthraceno-pyrene or 6,7:15,16-di[1,3]butadienodibenzo[hi,uv]hexacene",C40H22-,-1,40,541,,,1109.3,53.08,relative (PAHdb experimental),,,,,10.1016/j.saa.2014.04.017,matrix,CH-ip-bend (8.6 um),,,,,,,,,,
2943,matrix,PAHdb experimental 3.10 (Ar matrix),uid 541,"dibenzo[jk, a1b1]octacene or dianthraceno-pyrene or 6,7:15,16-di[1,3]butadienodibenzo[hi,uv]hexacene",C40H22-,-1,40,541,,,1152.4,2688.9,relative (PAHdb experimental),,,,,10.1016/j.saa.2014.04.017,matrix,CH-ip-bend (8.6 um),,,,,,,,,,
2944,matrix,PAHdb experimental 3.10 (Ar matrix),uid 541,"dibenzo[jk, a1b1]octacene or dianthraceno-pyrene or 6,7:15,16-di[1,3]butadienodibenzo[hi,uv]hexacene",C40H22-,-1,40,541,,,1164.2,435.57,relative (PAHdb experimental),,,,,10.1016/j.saa.2014.04.017,matrix,CH-ip-bend (8.6 um),,,,,,,,,,
2945,matrix,PAHdb experimental 3.10 (Ar matrix),uid 541,"dibenzo[jk, a1b1]octacene or dianthraceno-pyrene or 6,7:15,16-di[1,3]butadienodibenzo[hi,uv]hexacene",C40H22-,-1,40,541,,,1174.6,137.41,relative (PAHdb experimental),,,,,10.1016/j.saa.2014.04.017,matrix,CH-ip-bend (8.6 um),,,,,,,,,,
2946,matrix,PAHdb experimental 3.10 (Ar matrix),uid 541,"dibenzo[jk, a1b1]octacene or dianthraceno-pyrene or 6,7:15,16-di[1,3]butadienodibenzo[hi,uv]hexacene",C40H22-,-1,40,541,,,1184.5,440.33,relative (PAHdb experimental),,,,,10.1016/j.saa.2014.04.017,matrix,CH-ip-bend (8.6 um),,,,,,,,,,
2947,matrix,PAHdb experimental 3.10 (Ar matrix),uid 541,"dibenzo[jk, a1b1]octacene or dianthraceno-pyrene or 6,7:15,16-di[1,3]butadienodibenzo[hi,uv]hexacene",C40H22-,-1,40,541,,,1216.8,32.62,relative (PAHdb experimental),,,,,10.1016/j.saa.2014.04.017,matrix,CH-ip-bend (8.6 um),,,,,,,,,,
2948,matrix,PAHdb experimental 3.10 (Ar matrix),uid 541,"dibenzo[jk, a1b1]octacene or dianthraceno-pyrene or 6,7:15,16-di[1,3]butadienodibenzo[hi,uv]hexacene",C40H22-,-1,40,541,,,1230.9,54.42,relative (PAHdb experimental),,,,,10.1016/j.saa.2014.04.017,matrix,CH-ip-bend (8.6 um),,,,,,,,,,
2949,matrix,PAHdb experimental 3.10 (Ar matrix),uid 541,"dibenzo[jk, a1b1]octacene or dianthraceno-pyrene or 6,7:15,16-di[1,3]butadienodibenzo[hi,uv]hexacene",C40H22-,-1,40,541,,,1236.3,8.21,relative (PAHdb experimental),,,,,10.1016/j.saa.2014.04.017,matrix,CH-ip-bend (8.6 um),,,,,,,,,,
2950,matrix,PAHdb experimental 3.10 (Ar matrix),uid 541,"dibenzo[jk, a1b1]octacene or dianthraceno-pyrene or 6,7:15,16-di[1,3]butadienodibenzo[hi,uv]hexacene",C40H22-,-1,40,541,,,1274.1,9293.0,relative (PAHdb experimental),,,,,10.1016/j.saa.2014.04.017,matrix,CC-stretch/CH-ip (7.7 um),,,,,,,,,,
2951,matrix,PAHdb experimental 3.10 (Ar matrix),uid 541,"dibenzo[jk, a1b1]octacene or dianthraceno-pyrene or 6,7:15,16-di[1,3]butadienodibenzo[hi,uv]hexacene",C40H22-,-1,40,541,,,1344.0,1414.2,relative (PAHdb experimental),,,,,10.1016/j.saa.2014.04.017,matrix,CC-stretch/CH-ip (7.7 um),,,,,,,,,,
2952,matrix,PAHdb experimental 3.10 (Ar matrix),uid 541,"dibenzo[jk, a1b1]octacene or dianthraceno-pyrene or 6,7:15,16-di[1,3]butadienodibenzo[hi,uv]hexacene",C40H22-,-1,40,541,,,1368.5,314.67,relative (PAHdb experimental),,,,,10.1016/j.saa.2014.04.017,matrix,CC-stretch/CH-ip (7.7 um),,,,,,,,,,
2953,matrix,PAHdb experimental 3.10 (Ar matrix),uid 541,"dibenzo[jk, a1b1]octacene or dianthraceno-pyrene or 6,7:15,16-di[1,3]butadienodibenzo[hi,uv]hexacene",C40H22-,-1,40,541,,,1405.1,152.23,relative (PAHdb experimental),,,,,10.1016/j.saa.2014.04.017,matrix,CC-stretch/CH-ip (7.7 um),,,,,,,,,,
2954,matrix,PAHdb experimental 3.10 (Ar matrix),uid 541,"dibenzo[jk, a1b1]octacene or dianthraceno-pyrene or 6,7:15,16-di[1,3]butadienodibenzo[hi,uv]hexacene",C40H22-,-1,40,541,,,1423.5,382.9,relative (PAHdb experimental),,,,,10.1016/j.saa.2014.04.017,matrix,CC-stretch/CH-ip (7.7 um),,,,,,,,,,
2955,matrix,PAHdb experimental 3.10 (Ar matrix),uid 541,"dibenzo[jk, a1b1]octacene or dianthraceno-pyrene or 6,7:15,16-di[1,3]butadienodibenzo[hi,uv]hexacene",C40H22-,-1,40,541,,,1442.6,3603.6,relative (PAHdb experimental),,,,,10.1016/j.saa.2014.04.017,matrix,CC-stretch/CH-ip (7.7 um),,,,,,,,,,
2956,matrix,PAHdb experimental 3.10 (Ar matrix),uid 541,"dibenzo[jk, a1b1]octacene or dianthraceno-pyrene or 6,7:15,16-di[1,3]butadienodibenzo[hi,uv]hexacene",C40H22-,-1,40,541,,,1467.1,349.57,relative (PAHdb experimental),,,,,10.1016/j.saa.2014.04.017,matrix,CC-stretch/CH-ip (7.7 um),,,,,,,,,,
2957,matrix,PAHdb experimental 3.10 (Ar matrix),uid 541,"dibenzo[jk, a1b1]octacene or dianthraceno-pyrene or 6,7:15,16-di[1,3]butadienodibenzo[hi,uv]hexacene",C40H22-,-1,40,541,,,1500.1,2531.2,relative (PAHdb experimental),,,,,10.1016/j.saa.2014.04.017,matrix,CC-stretch (6.2 um),,,,,,,,,,
2958,matrix,PAHdb experimental 3.10 (Ar matrix),uid 541,"dibenzo[jk, a1b1]octacene or dianthraceno-pyrene or 6,7:15,16-di[1,3]butadienodibenzo[hi,uv]hexacene",C40H22-,-1,40,541,,,1525.9,3156.0,relative (PAHdb experimental),,,,,10.1016/j.saa.2014.04.017,matrix,CC-stretch (6.2 um),,,,,,,,,,
2959,matrix,PAHdb experimental 3.10 (Ar matrix),uid 541,"dibenzo[jk, a1b1]octacene or dianthraceno-pyrene or 6,7:15,16-di[1,3]butadienodibenzo[hi,uv]hexacene",C40H22-,-1,40,541,,,1550.1,28.71,relative (PAHdb experimental),,,,,10.1016/j.saa.2014.04.017,matrix,CC-stretch (6.2 um),,,,,,,,,,
2960,matrix,PAHdb experimental 3.10 (Ar matrix),uid 541,"dibenzo[jk, a1b1]octacene or dianthraceno-pyrene or 6,7:15,16-di[1,3]butadienodibenzo[hi,uv]hexacene",C40H22-,-1,40,541,,,1556.4,36.48,relative (PAHdb experimental),,,,,10.1016/j.saa.2014.04.017,matrix,CC-stretch (6.2 um),,,,,,,,,,
2961,matrix,PAHdb experimental 3.10 (Ar matrix),uid 541,"dibenzo[jk, a1b1]octacene or dianthraceno-pyrene or 6,7:15,16-di[1,3]butadienodibenzo[hi,uv]hexacene",C40H22-,-1,40,541,,,1648.2,10466.0,relative (PAHdb experimental),,,,,10.1016/j.saa.2014.04.017,matrix,CC-stretch (6.2 um),,,,,,,,,,
2962,matrix,PAHdb experimental 3.10 (Ar matrix),uid 541,"dibenzo[jk, a1b1]octacene or dianthraceno-pyrene or 6,7:15,16-di[1,3]butadienodibenzo[hi,uv]hexacene",C40H22-,-1,40,541,,,1663.5,5728.1,relative (PAHdb experimental),,,,,10.1016/j.saa.2014.04.017,matrix,overtone / combination region,,,,,,,,,,
2963,matrix,PAHdb experimental 3.10 (Ar matrix),uid 541,"dibenzo[jk, a1b1]octacene or dianthraceno-pyrene or 6,7:15,16-di[1,3]butadienodibenzo[hi,uv]hexacene",C40H22-,-1,40,541,,,1688.8,20014.0,relative (PAHdb experimental),,,,,10.1016/j.saa.2014.04.017,matrix,overtone / combination region,,,,,,,,,,
2964,matrix,PAHdb experimental 3.10 (Ar matrix),uid 541,"dibenzo[jk, a1b1]octacene or dianthraceno-pyrene or 6,7:15,16-di[1,3]butadienodibenzo[hi,uv]hexacene",C40H22-,-1,40,541,,,1731.6,8875.3,relative (PAHdb experimental),,,,,10.1016/j.saa.2014.04.017,matrix,overtone / combination region,,,,,,,,,,
2965,matrix,PAHdb experimental 3.10 (Ar matrix),uid 541,"dibenzo[jk, a1b1]octacene or dianthraceno-pyrene or 6,7:15,16-di[1,3]butadienodibenzo[hi,uv]hexacene",C40H22-,-1,40,541,,,1790.9,3635.4,relative (PAHdb experimental),,,,,10.1016/j.saa.2014.04.017,matrix,overtone / combination region,,,,,,,,,,
2966,matrix,PAHdb experimental 3.10 (Ar matrix),uid 541,"dibenzo[jk, a1b1]octacene or dianthraceno-pyrene or 6,7:15,16-di[1,3]butadienodibenzo[hi,uv]hexacene",C40H22-,-1,40,541,,,1851.0,2921.3,relative (PAHdb experimental),,,,,10.1016/j.saa.2014.04.017,matrix,overtone / combination region,,,,,,,,,,
2967,matrix,PAHdb experimental 3.10 (Ar matrix),uid 541,"dibenzo[jk, a1b1]octacene or dianthraceno-pyrene or 6,7:15,16-di[1,3]butadienodibenzo[hi,uv]hexacene",C40H22-,-1,40,541,,,1935.1,3112.3,relative (PAHdb experimental),,,,,10.1016/j.saa.2014.04.017,matrix,overtone / combination region,,,,,,,,,,
2968,matrix,PAHdb experimental 3.10 (Ar matrix),uid 541,"dibenzo[jk, a1b1]octacene or dianthraceno-pyrene or 6,7:15,16-di[1,3]butadienodibenzo[hi,uv]hexacene",C40H22-,-1,40,541,,,2007.6,2000.0,relative (PAHdb experimental),,,,,10.1016/j.saa.2014.04.017,matrix,overtone / combination region,,,,,,,,,,
2969,matrix,PAHdb experimental 3.10 (Ar matrix),uid 541,"dibenzo[jk, a1b1]octacene or dianthraceno-pyrene or 6,7:15,16-di[1,3]butadienodibenzo[hi,uv]hexacene",C40H22-,-1,40,541,,,2025.2,37.12,relative (PAHdb experimental),,,,,10.1016/j.saa.2014.04.017,matrix,overtone / combination region,,,,,,,,,,
2970,matrix,PAHdb experimental 3.10 (Ar matrix),uid 541,"dibenzo[jk, a1b1]octacene or dianthraceno-pyrene or 6,7:15,16-di[1,3]butadienodibenzo[hi,uv]hexacene",C40H22-,-1,40,541,,,2069.3,2862.9,relative (PAHdb experimental),,,,,10.1016/j.saa.2014.04.017,matrix,overtone / combination region,,,,,,,,,,
2971,matrix,PAHdb experimental 3.10 (Ar matrix),uid 541,"dibenzo[jk, a1b1]octacene or dianthraceno-pyrene or 6,7:15,16-di[1,3]butadienodibenzo[hi,uv]hexacene",C40H22-,-1,40,541,,,2136.1,13759.0,relative (PAHdb experimental),,,,,10.1016/j.saa.2014.04.017,matrix,overtone / combination region,,,,,,,,,,
2972,matrix,PAHdb experimental 3.10 (Ar matrix),uid 541,"dibenzo[jk, a1b1]octacene or dianthraceno-pyrene or 6,7:15,16-di[1,3]butadienodibenzo[hi,uv]hexacene",C40H22-,-1,40,541,,,2315.3,8398.2,relative (PAHdb experimental),,,,,10.1016/j.saa.2014.04.017,matrix,overtone / combination region,,,,,,,,,,
2973,matrix,PAHdb experimental 3.10 (Ar matrix),uid 541,"dibenzo[jk, a1b1]octacene or dianthraceno-pyrene or 6,7:15,16-di[1,3]butadienodibenzo[hi,uv]hexacene",C40H22-,-1,40,541,,,2461.7,138.38,relative (PAHdb experimental),,,,,10.1016/j.saa.2014.04.017,matrix,overtone / combination region,,,,,,,,,,
2974,matrix,PAHdb experimental 3.10 (Ar matrix),uid 541,"dibenzo[jk, a1b1]octacene or dianthraceno-pyrene or 6,7:15,16-di[1,3]butadienodibenzo[hi,uv]hexacene",C40H22-,-1,40,541,,,2504.6,212.0,relative (PAHdb experimental),,,,,10.1016/j.saa.2014.04.017,matrix,overtone / combination region,,,,,,,,,,
2975,matrix,PAHdb experimental 3.10 (Ar matrix),uid 541,"dibenzo[jk, a1b1]octacene or dianthraceno-pyrene or 6,7:15,16-di[1,3]butadienodibenzo[hi,uv]hexacene",C40H22-,-1,40,541,,,2529.4,53.15,relative (PAHdb experimental),,,,,10.1016/j.saa.2014.04.017,matrix,overtone / combination region,,,,,,,,,,
2976,matrix,PAHdb experimental 3.10 (Ar matrix),uid 541,"dibenzo[jk, a1b1]octacene or dianthraceno-pyrene or 6,7:15,16-di[1,3]butadienodibenzo[hi,uv]hexacene",C40H22-,-1,40,541,,,2549.1,15.58,relative (PAHdb experimental),,,,,10.1016/j.saa.2014.04.017,matrix,overtone / combination region,,,,,,,,,,
2977,matrix,PAHdb experimental 3.10 (Ar matrix),uid 541,"dibenzo[jk, a1b1]octacene or dianthraceno-pyrene or 6,7:15,16-di[1,3]butadienodibenzo[hi,uv]hexacene",C40H22-,-1,40,541,,,2567.0,129.48,relative (PAHdb experimental),,,,,10.1016/j.saa.2014.04.017,matrix,overtone / combination region,,,,,,,,,,
2978,matrix,PAHdb experimental 3.10 (Ar matrix),uid 541,"dibenzo[jk, a1b1]octacene or dianthraceno-pyrene or 6,7:15,16-di[1,3]butadienodibenzo[hi,uv]hexacene",C40H22-,-1,40,541,,,2620.9,175.58,relative (PAHdb experimental),,,,,10.1016/j.saa.2014.04.017,matrix,overtone / combination region,,,,,,,,,,
2979,matrix,PAHdb experimental 3.10 (Ar matrix),uid 541,"dibenzo[jk, a1b1]octacene or dianthraceno-pyrene or 6,7:15,16-di[1,3]butadienodibenzo[hi,uv]hexacene",C40H22-,-1,40,541,,,2685.0,975.23,relative (PAHdb experimental),,,,,10.1016/j.saa.2014.04.017,matrix,overtone / combination region,,,,,,,,,,
2980,matrix,PAHdb experimental 3.10 (Ar matrix),uid 541,"dibenzo[jk, a1b1]octacene or dianthraceno-pyrene or 6,7:15,16-di[1,3]butadienodibenzo[hi,uv]hexacene",C40H22-,-1,40,541,,,2730.6,360.94,relative (PAHdb experimental),,,,,10.1016/j.saa.2014.04.017,matrix,overtone / combination region,,,,,,,,,,
2981,matrix,PAHdb experimental 3.10 (Ar matrix),uid 541,"dibenzo[jk, a1b1]octacene or dianthraceno-pyrene or 6,7:15,16-di[1,3]butadienodibenzo[hi,uv]hexacene",C40H22-,-1,40,541,,,2790.1,650.78,relative (PAHdb experimental),,,,,10.1016/j.saa.2014.04.017,matrix,overtone / combination region,,,,,,,,,,
2982,matrix,PAHdb experimental 3.10 (Ar matrix),uid 541,"dibenzo[jk, a1b1]octacene or dianthraceno-pyrene or 6,7:15,16-di[1,3]butadienodibenzo[hi,uv]hexacene",C40H22-,-1,40,541,,,2837.3,513.21,relative (PAHdb experimental),,,,,10.1016/j.saa.2014.04.017,matrix,overtone / combination region,,,,,,,,,,
2983,matrix,PAHdb experimental 3.10 (Ar matrix),uid 541,"dibenzo[jk, a1b1]octacene or dianthraceno-pyrene or 6,7:15,16-di[1,3]butadienodibenzo[hi,uv]hexacene",C40H22-,-1,40,541,,,2854.4,770.24,relative (PAHdb experimental),,,,,10.1016/j.saa.2014.04.017,matrix,overtone / combination region,,,,,,,,,,
2984,matrix,PAHdb experimental 3.10 (Ar matrix),uid 541,"dibenzo[jk, a1b1]octacene or dianthraceno-pyrene or 6,7:15,16-di[1,3]butadienodibenzo[hi,uv]hexacene",C40H22-,-1,40,541,,,2873.9,69.14,relative (PAHdb experimental),,,,,10.1016/j.saa.2014.04.017,matrix,overtone / combination region,,,,,,,,,,
2985,matrix,PAHdb experimental 3.10 (Ar matrix),uid 541,"dibenzo[jk, a1b1]octacene or dianthraceno-pyrene or 6,7:15,16-di[1,3]butadienodibenzo[hi,uv]hexacene",C40H22-,-1,40,541,,,2910.8,282.17,relative (PAHdb experimental),,,,,10.1016/j.saa.2014.04.017,matrix,overtone / combination region,,,,,,,,,,
2986,matrix,PAHdb experimental 3.10 (Ar matrix),uid 541,"dibenzo[jk, a1b1]octacene or dianthraceno-pyrene or 6,7:15,16-di[1,3]butadienodibenzo[hi,uv]hexacene",C40H22-,-1,40,541,,,2937.2,414.15,relative (PAHdb experimental),,,,,10.1016/j.saa.2014.04.017,matrix,overtone / combination region,,,,,,,,,,
2987,matrix,PAHdb experimental 3.10 (Ar matrix),uid 541,"dibenzo[jk, a1b1]octacene or dianthraceno-pyrene or 6,7:15,16-di[1,3]butadienodibenzo[hi,uv]hexacene",C40H22-,-1,40,541,,,2993.7,332.8,relative (PAHdb experimental),,,,,10.1016/j.saa.2014.04.017,matrix,CH-stretch,,,,,,,,,,
2988,matrix,PAHdb experimental 3.10 (Ar matrix),uid 541,"dibenzo[jk, a1b1]octacene or dianthraceno-pyrene or 6,7:15,16-di[1,3]butadienodibenzo[hi,uv]hexacene",C40H22-,-1,40,541,,,3031.3,5516.0,relative (PAHdb experimental),,,,,10.1016/j.saa.2014.04.017,matrix,CH-stretch,,,,,,,,,,
2989,matrix,PAHdb experimental 3.10 (Ar matrix),uid 541,"dibenzo[jk, a1b1]octacene or dianthraceno-pyrene or 6,7:15,16-di[1,3]butadienodibenzo[hi,uv]hexacene",C40H22-,-1,40,541,,,3033.4,139.48,relative (PAHdb experimental),,,,,10.1016/j.saa.2014.04.017,matrix,CH-stretch,,,,,,,,,,
2990,matrix,PAHdb experimental 3.10 (Ar matrix),uid 541,"dibenzo[jk, a1b1]octacene or dianthraceno-pyrene or 6,7:15,16-di[1,3]butadienodibenzo[hi,uv]hexacene",C40H22-,-1,40,541,,,3052.4,63.83,relative (PAHdb experimental),,,,,10.1016/j.saa.2014.04.017,matrix,CH-stretch,,,,,,,,,,
2991,matrix,PAHdb experimental 3.10 (Ar matrix),uid 541,"dibenzo[jk, a1b1]octacene or dianthraceno-pyrene or 6,7:15,16-di[1,3]butadienodibenzo[hi,uv]hexacene",C40H22-,-1,40,541,,,3068.2,61.56,relative (PAHdb experimental),,,,,10.1016/j.saa.2014.04.017,matrix,CH-stretch,,,,,,,,,,
2992,matrix,PAHdb experimental 3.10 (Ar matrix),uid 541,"dibenzo[jk, a1b1]octacene or dianthraceno-pyrene or 6,7:15,16-di[1,3]butadienodibenzo[hi,uv]hexacene",C40H22-,-1,40,541,,,3096.4,201.85,relative (PAHdb experimental),,,,,10.1016/j.saa.2014.04.017,matrix,CH-stretch,,,,,,,,,,
2993,matrix,PAHdb experimental 3.10 (Ar matrix),uid 541,"dibenzo[jk, a1b1]octacene or dianthraceno-pyrene or 6,7:15,16-di[1,3]butadienodibenzo[hi,uv]hexacene",C40H22-,-1,40,541,,,3141.6,83.19,relative (PAHdb experimental),,,,,10.1016/j.saa.2014.04.017,matrix,CH-stretch,,,,,,,,,,
2994,matrix,PAHdb experimental 3.10 (Ar matrix),uid 541,"dibenzo[jk, a1b1]octacene or dianthraceno-pyrene or 6,7:15,16-di[1,3]butadienodibenzo[hi,uv]hexacene",C40H22-,-1,40,541,,,3205.3,57.65,relative (PAHdb experimental),,,,,10.1016/j.saa.2014.04.017,matrix,above 3200,,,,,,,,,,
2995,matrix,PAHdb experimental 3.10 (Ar matrix),uid 541,"dibenzo[jk, a1b1]octacene or dianthraceno-pyrene or 6,7:15,16-di[1,3]butadienodibenzo[hi,uv]hexacene",C40H22-,-1,40,541,,,3260.4,1828.3,relative (PAHdb experimental),,,,,10.1016/j.saa.2014.04.017,matrix,above 3200,,,,,,,,,,
2996,matrix,PAHdb experimental 3.10 (Ar matrix),uid 541,"dibenzo[jk, a1b1]octacene or dianthraceno-pyrene or 6,7:15,16-di[1,3]butadienodibenzo[hi,uv]hexacene",C40H22-,-1,40,541,,,3263.9,129.65,relative (PAHdb experimental),,,,,10.1016/j.saa.2014.04.017,matrix,above 3200,,,,,,,,,,
2997,matrix,PAHdb experimental 3.10 (Ar matrix),uid 541,"dibenzo[jk, a1b1]octacene or dianthraceno-pyrene or 6,7:15,16-di[1,3]butadienodibenzo[hi,uv]hexacene",C40H22-,-1,40,541,,,3302.9,25.12,relative (PAHdb experimental),,,,,10.1016/j.saa.2014.04.017,matrix,above 3200,,,,,,,,,,
2998,matrix,PAHdb experimental 3.10 (Ar matrix),uid 541,"dibenzo[jk, a1b1]octacene or dianthraceno-pyrene or 6,7:15,16-di[1,3]butadienodibenzo[hi,uv]hexacene",C40H22-,-1,40,541,,,5701.6,25994.0,relative (PAHdb experimental),,,,,10.1016/j.saa.2014.04.017,matrix,above 3200,,,,,,,,,,
2999,matrix,PAHdb experimental 3.10 (Ar matrix),uid 555,"dipyreno-(1\',3\';10,2),(1"""",3"""",5,7)-pyrene",C40H18,0,40,555,,,506.4,7.9935,relative (PAHdb experimental),,,,,,matrix,low / skeletal,,,,,,,,,,
3000,matrix,PAHdb experimental 3.10 (Ar matrix),uid 555,"dipyreno-(1\',3\';10,2),(1"""",3"""",5,7)-pyrene",C40H18,0,40,555,,,565.0,7.4064,relative (PAHdb experimental),,,,,,matrix,low / skeletal,,,,,,,,,,
3001,matrix,PAHdb experimental 3.10 (Ar matrix),uid 555,"dipyreno-(1\',3\';10,2),(1"""",3"""",5,7)-pyrene",C40H18,0,40,555,,,571.9,5.1901,relative (PAHdb experimental),,,,,,matrix,low / skeletal,,,,,,,,,,
3002,matrix,PAHdb experimental 3.10 (Ar matrix),uid 555,"dipyreno-(1\',3\';10,2),(1"""",3"""",5,7)-pyrene",C40H18,0,40,555,,,610.8,9.0667,relative (PAHdb experimental),,,,,,matrix,low / skeletal,,,,,,,,,,
3003,matrix,PAHdb experimental 3.10 (Ar matrix),uid 555,"dipyreno-(1\',3\';10,2),(1"""",3"""",5,7)-pyrene",C40H18,0,40,555,,,645.5,1.2434,relative (PAHdb experimental),,,,,,matrix,low / skeletal,,,,,,,,,,
3004,matrix,PAHdb experimental 3.10 (Ar matrix),uid 555,"dipyreno-(1\',3\';10,2),(1"""",3"""",5,7)-pyrene",C40H18,0,40,555,,,674.1,6.7789,relative (PAHdb experimental),,,,,,matrix,CH-oop (10.5-15 um; benzene nu11 at 673 included),,,,,,,,,,
3005,matrix,PAHdb experimental 3.10 (Ar matrix),uid 555,"dipyreno-(1\',3\';10,2),(1"""",3"""",5,7)-pyrene",C40H18,0,40,555,,,744.4,29.402,relative (PAHdb experimental),,,,,,matrix,CH-oop (10.5-15 um; benzene nu11 at 673 included),,,,,,,,,,
3006,matrix,PAHdb experimental 3.10 (Ar matrix),uid 555,"dipyreno-(1\',3\';10,2),(1"""",3"""",5,7)-pyrene",C40H18,0,40,555,,,761.7,21.49,relative (PAHdb experimental),,,,,,matrix,CH-oop (10.5-15 um; benzene nu11 at 673 included),,,,,,,,,,
3007,matrix,PAHdb experimental 3.10 (Ar matrix),uid 555,"dipyreno-(1\',3\';10,2),(1"""",3"""",5,7)-pyrene",C40H18,0,40,555,,,777.8,1.8857,relative (PAHdb experimental),,,,,,matrix,CH-oop (10.5-15 um; benzene nu11 at 673 included),,,,,,,,,,
3008,matrix,PAHdb experimental 3.10 (Ar matrix),uid 555,"dipyreno-(1\',3\';10,2),(1"""",3"""",5,7)-pyrene",C40H18,0,40,555,,,792.5,2.3222,relative (PAHdb experimental),,,,,,matrix,CH-oop (10.5-15 um; benzene nu11 at 673 included),,,,,,,,,,
3009,matrix,PAHdb experimental 3.10 (Ar matrix),uid 555,"dipyreno-(1\',3\';10,2),(1"""",3"""",5,7)-pyrene",C40H18,0,40,555,,,802.6,22.952,relative (PAHdb experimental),,,,,,matrix,CH-oop (10.5-15 um; benzene nu11 at 673 included),,,,,,,,,,
3010,matrix,PAHdb experimental 3.10 (Ar matrix),uid 555,"dipyreno-(1\',3\';10,2),(1"""",3"""",5,7)-pyrene",C40H18,0,40,555,,,820.3,39.912,relative (PAHdb experimental),,,,,,matrix,CH-oop (10.5-15 um; benzene nu11 at 673 included),,,,,,,,,,
3011,matrix,PAHdb experimental 3.10 (Ar matrix),uid 555,"dipyreno-(1\',3\';10,2),(1"""",3"""",5,7)-pyrene",C40H18,0,40,555,,,837.9,101.24,relative (PAHdb experimental),,,,,,matrix,CH-oop (10.5-15 um; benzene nu11 at 673 included),,,,,,,,,,
3012,matrix,PAHdb experimental 3.10 (Ar matrix),uid 555,"dipyreno-(1\',3\';10,2),(1"""",3"""",5,7)-pyrene",C40H18,0,40,555,,,854.4,6.9186,relative (PAHdb experimental),,,,,,matrix,CH-oop (10.5-15 um; benzene nu11 at 673 included),,,,,,,,,,
3013,matrix,PAHdb experimental 3.10 (Ar matrix),uid 555,"dipyreno-(1\',3\';10,2),(1"""",3"""",5,7)-pyrene",C40H18,0,40,555,,,894.0,6.9792,relative (PAHdb experimental),,,,,,matrix,CH-oop (10.5-15 um; benzene nu11 at 673 included),,,,,,,,,,
3014,matrix,PAHdb experimental 3.10 (Ar matrix),uid 555,"dipyreno-(1\',3\';10,2),(1"""",3"""",5,7)-pyrene",C40H18,0,40,555,,,960.0,1.0638,relative (PAHdb experimental),,,,,,matrix,ring / CH-ip (9-10.5 um),,,,,,,,,,
3015,matrix,PAHdb experimental 3.10 (Ar matrix),uid 555,"dipyreno-(1\',3\';10,2),(1"""",3"""",5,7)-pyrene",C40H18,0,40,555,,,969.3,8.7811,relative (PAHdb experimental),,,,,,matrix,ring / CH-ip (9-10.5 um),,,,,,,,,,
3016,matrix,PAHdb experimental 3.10 (Ar matrix),uid 555,"dipyreno-(1\',3\';10,2),(1"""",3"""",5,7)-pyrene",C40H18,0,40,555,,,1075.1,2.0042,relative (PAHdb experimental),,,,,,matrix,ring / CH-ip (9-10.5 um),,,,,,,,,,
3017,matrix,PAHdb experimental 3.10 (Ar matrix),uid 555,"dipyreno-(1\',3\';10,2),(1"""",3"""",5,7)-pyrene",C40H18,0,40,555,,,1092.5,5.325,relative (PAHdb experimental),,,,,,matrix,ring / CH-ip (9-10.5 um),,,,,,,,,,
3018,matrix,PAHdb experimental 3.10 (Ar matrix),uid 555,"dipyreno-(1\',3\';10,2),(1"""",3"""",5,7)-pyrene",C40H18,0,40,555,,,1110.3,4.9891,relative (PAHdb experimental),,,,,,matrix,CH-ip-bend (8.6 um),,,,,,,,,,
3019,matrix,PAHdb experimental 3.10 (Ar matrix),uid 555,"dipyreno-(1\',3\';10,2),(1"""",3"""",5,7)-pyrene",C40H18,0,40,555,,,1143.5,9.5382,relative (PAHdb experimental),,,,,,matrix,CH-ip-bend (8.6 um),,,,,,,,,,
3020,matrix,PAHdb experimental 3.10 (Ar matrix),uid 555,"dipyreno-(1\',3\';10,2),(1"""",3"""",5,7)-pyrene",C40H18,0,40,555,,,1175.8,5.1366,relative (PAHdb experimental),,,,,,matrix,CH-ip-bend (8.6 um),,,,,,,,,,
3021,matrix,PAHdb experimental 3.10 (Ar matrix),uid 555,"dipyreno-(1\',3\';10,2),(1"""",3"""",5,7)-pyrene",C40H18,0,40,555,,,1200.0,5.1606,relative (PAHdb experimental),,,,,,matrix,CH-ip-bend (8.6 um),,,,,,,,,,
3022,matrix,PAHdb experimental 3.10 (Ar matrix),uid 555,"dipyreno-(1\',3\';10,2),(1"""",3"""",5,7)-pyrene",C40H18,0,40,555,,,1214.3,3.9724,relative (PAHdb experimental),,,,,,matrix,CH-ip-bend (8.6 um),,,,,,,,,,
3023,matrix,PAHdb experimental 3.10 (Ar matrix),uid 555,"dipyreno-(1\',3\';10,2),(1"""",3"""",5,7)-pyrene",C40H18,0,40,555,,,1242.6,8.1593,relative (PAHdb experimental),,,,,,matrix,CH-ip-bend (8.6 um),,,,,,,,,,
3024,matrix,PAHdb experimental 3.10 (Ar matrix),uid 555,"dipyreno-(1\',3\';10,2),(1"""",3"""",5,7)-pyrene",C40H18,0,40,555,,,1251.4,19.779,relative (PAHdb experimental),,,,,,matrix,CC-stretch/CH-ip (7.7 um),,,,,,,,,,
3025,matrix,PAHdb experimental 3.10 (Ar matrix),uid 555,"dipyreno-(1\',3\';10,2),(1"""",3"""",5,7)-pyrene",C40H18,0,40,555,,,1297.9,18.971,relative (PAHdb experimental),,,,,,matrix,CC-stretch/CH-ip (7.7 um),,,,,,,,,,
3026,matrix,PAHdb experimental 3.10 (Ar matrix),uid 555,"dipyreno-(1\',3\';10,2),(1"""",3"""",5,7)-pyrene",C40H18,0,40,555,,,1343.8,16.791,relative (PAHdb experimental),,,,,,matrix,CC-stretch/CH-ip (7.7 um),,,,,,,,,,
3027,matrix,PAHdb experimental 3.10 (Ar matrix),uid 555,"dipyreno-(1\',3\';10,2),(1"""",3"""",5,7)-pyrene",C40H18,0,40,555,,,1376.7,5.837,relative (PAHdb experimental),,,,,,matrix,CC-stretch/CH-ip (7.7 um),,,,,,,,,,
3028,matrix,PAHdb experimental 3.10 (Ar matrix),uid 555,"dipyreno-(1\',3\';10,2),(1"""",3"""",5,7)-pyrene",C40H18,0,40,555,,,1400.1,11.876,relative (PAHdb experimental),,,,,,matrix,CC-stretch/CH-ip (7.7 um),,,,,,,,,,
3029,matrix,PAHdb experimental 3.10 (Ar matrix),uid 555,"dipyreno-(1\',3\';10,2),(1"""",3"""",5,7)-pyrene",C40H18,0,40,555,,,1403.2,6.3829,relative (PAHdb experimental),,,,,,matrix,CC-stretch/CH-ip (7.7 um),,,,,,,,,,
3030,matrix,PAHdb experimental 3.10 (Ar matrix),uid 555,"dipyreno-(1\',3\';10,2),(1"""",3"""",5,7)-pyrene",C40H18,0,40,555,,,1429.8,69.516,relative (PAHdb experimental),,,,,,matrix,CC-stretch/CH-ip (7.7 um),,,,,,,,,,
3031,matrix,PAHdb experimental 3.10 (Ar matrix),uid 555,"dipyreno-(1\',3\';10,2),(1"""",3"""",5,7)-pyrene",C40H18,0,40,555,,,1453.6,11.762,relative (PAHdb experimental),,,,,,matrix,CC-stretch/CH-ip (7.7 um),,,,,,,,,,
3032,matrix,PAHdb experimental 3.10 (Ar matrix),uid 555,"dipyreno-(1\',3\';10,2),(1"""",3"""",5,7)-pyrene",C40H18,0,40,555,,,1478.5,1.375,relative (PAHdb experimental),,,,,,matrix,CC-stretch/CH-ip (7.7 um),,,,,,,,,,
3033,matrix,PAHdb experimental 3.10 (Ar matrix),uid 555,"dipyreno-(1\',3\';10,2),(1"""",3"""",5,7)-pyrene",C40H18,0,40,555,,,1502.6,0.83788,relative (PAHdb experimental),,,,,,matrix,CC-stretch (6.2 um),,,,,,,,,,
3034,matrix,PAHdb experimental 3.10 (Ar matrix),uid 555,"dipyreno-(1\',3\';10,2),(1"""",3"""",5,7)-pyrene",C40H18,0,40,555,,,1528.2,11.25,relative (PAHdb experimental),,,,,,matrix,CC-stretch (6.2 um),,,,,,,,,,
3035,matrix,PAHdb experimental 3.10 (Ar matrix),uid 555,"dipyreno-(1\',3\';10,2),(1"""",3"""",5,7)-pyrene",C40H18,0,40,555,,,1548.5,1.776,relative (PAHdb experimental),,,,,,matrix,CC-stretch (6.2 um),,,,,,,,,,
3036,matrix,PAHdb experimental 3.10 (Ar matrix),uid 555,"dipyreno-(1\',3\';10,2),(1"""",3"""",5,7)-pyrene",C40H18,0,40,555,,,1589.7,26.704,relative (PAHdb experimental),,,,,,matrix,CC-stretch (6.2 um),,,,,,,,,,
3037,matrix,PAHdb experimental 3.10 (Ar matrix),uid 555,"dipyreno-(1\',3\';10,2),(1"""",3"""",5,7)-pyrene",C40H18,0,40,555,,,1602.1,7.5461,relative (PAHdb experimental),,,,,,matrix,CC-stretch (6.2 um),,,,,,,,,,
3038,matrix,PAHdb experimental 3.10 (Ar matrix),uid 555,"dipyreno-(1\',3\';10,2),(1"""",3"""",5,7)-pyrene",C40H18,0,40,555,,,1610.9,9.4354,relative (PAHdb experimental),,,,,,matrix,CC-stretch (6.2 um),,,,,,,,,,
3039,matrix,PAHdb experimental 3.10 (Ar matrix),uid 555,"dipyreno-(1\',3\';10,2),(1"""",3"""",5,7)-pyrene",C40H18,0,40,555,,,1655.8,8.8361,relative (PAHdb experimental),,,,,,matrix,overtone / combination region,,,,,,,,,,
3040,matrix,PAHdb experimental 3.10 (Ar matrix),uid 555,"dipyreno-(1\',3\';10,2),(1"""",3"""",5,7)-pyrene",C40H18,0,40,555,,,1786.2,12.548,relative (PAHdb experimental),,,,,,matrix,overtone / combination region,,,,,,,,,,
3041,matrix,PAHdb experimental 3.10 (Ar matrix),uid 555,"dipyreno-(1\',3\';10,2),(1"""",3"""",5,7)-pyrene",C40H18,0,40,555,,,1852.8,0.74573,relative (PAHdb experimental),,,,,,matrix,overtone / combination region,,,,,,,,,,
3042,matrix,PAHdb experimental 3.10 (Ar matrix),uid 555,"dipyreno-(1\',3\';10,2),(1"""",3"""",5,7)-pyrene",C40H18,0,40,555,,,1858.5,2.0377,relative (PAHdb experimental),,,,,,matrix,overtone / combination region,,,,,,,,,,
3043,matrix,PAHdb experimental 3.10 (Ar matrix),uid 555,"dipyreno-(1\',3\';10,2),(1"""",3"""",5,7)-pyrene",C40H18,0,40,555,,,1881.7,5.4268,relative (PAHdb experimental),,,,,,matrix,overtone / combination region,,,,,,,,,,
3044,matrix,PAHdb experimental 3.10 (Ar matrix),uid 555,"dipyreno-(1\',3\';10,2),(1"""",3"""",5,7)-pyrene",C40H18,0,40,555,,,1899.6,3.8084,relative (PAHdb experimental),,,,,,matrix,overtone / combination region,,,,,,,,,,
3045,matrix,PAHdb experimental 3.10 (Ar matrix),uid 555,"dipyreno-(1\',3\';10,2),(1"""",3"""",5,7)-pyrene",C40H18,0,40,555,,,1908.7,1.4627,relative (PAHdb experimental),,,,,,matrix,overtone / combination region,,,,,,,,,,
3046,matrix,PAHdb experimental 3.10 (Ar matrix),uid 555,"dipyreno-(1\',3\';10,2),(1"""",3"""",5,7)-pyrene",C40H18,0,40,555,,,1917.7,2.9464,relative (PAHdb experimental),,,,,,matrix,overtone / combination region,,,,,,,,,,
3047,matrix,PAHdb experimental 3.10 (Ar matrix),uid 555,"dipyreno-(1\',3\';10,2),(1"""",3"""",5,7)-pyrene",C40H18,0,40,555,,,1924.7,4.1619,relative (PAHdb experimental),,,,,,matrix,overtone / combination region,,,,,,,,,,
3048,matrix,PAHdb experimental 3.10 (Ar matrix),uid 555,"dipyreno-(1\',3\';10,2),(1"""",3"""",5,7)-pyrene",C40H18,0,40,555,,,1930.9,5.5196,relative (PAHdb experimental),,,,,,matrix,overtone / combination region,,,,,,,,,,
3049,matrix,PAHdb experimental 3.10 (Ar matrix),uid 555,"dipyreno-(1\',3\';10,2),(1"""",3"""",5,7)-pyrene",C40H18,0,40,555,,,3027.2,24.991,relative (PAHdb experimental),,,,,,matrix,CH-stretch,,,,,,,,,,
3050,matrix,PAHdb experimental 3.10 (Ar matrix),uid 555,"dipyreno-(1\',3\';10,2),(1"""",3"""",5,7)-pyrene",C40H18,0,40,555,,,3063.9,151.14,relative (PAHdb experimental),,,,,,matrix,CH-stretch,,,,,,,,,,
3051,matrix,PAHdb experimental 3.10 (Ar matrix),uid 555,"dipyreno-(1\',3\';10,2),(1"""",3"""",5,7)-pyrene",C40H18,0,40,555,,,3096.7,26.72,relative (PAHdb experimental),,,,,,matrix,CH-stretch,,,,,,,,,,
3052,matrix,PAHdb experimental 3.10 (Ar matrix),uid 131,"12,13-o-phenylene-3,4;5,6;7,8-tribenzoterrylene",C40H18,0,40,131,,,493.8,1.1163,relative (PAHdb experimental),,,,,,matrix,low / skeletal,,,,,,,,,,
3053,matrix,PAHdb experimental 3.10 (Ar matrix),uid 131,"12,13-o-phenylene-3,4;5,6;7,8-tribenzoterrylene",C40H18,0,40,131,,,518.8,5.2736,relative (PAHdb experimental),,,,,,matrix,low / skeletal,,,,,,,,,,
3054,matrix,PAHdb experimental 3.10 (Ar matrix),uid 131,"12,13-o-phenylene-3,4;5,6;7,8-tribenzoterrylene",C40H18,0,40,131,,,531.9,3.1114,relative (PAHdb experimental),,,,,,matrix,low / skeletal,,,,,,,,,,
3055,matrix,PAHdb experimental 3.10 (Ar matrix),uid 131,"12,13-o-phenylene-3,4;5,6;7,8-tribenzoterrylene",C40H18,0,40,131,,,553.0,0.793,relative (PAHdb experimental),,,,,,matrix,low / skeletal,,,,,,,,,,
3056,matrix,PAHdb experimental 3.10 (Ar matrix),uid 131,"12,13-o-phenylene-3,4;5,6;7,8-tribenzoterrylene",C40H18,0,40,131,,,559.9,0.68532,relative (PAHdb experimental),,,,,,matrix,low / skeletal,,,,,,,,,,
3057,matrix,PAHdb experimental 3.10 (Ar matrix),uid 131,"12,13-o-phenylene-3,4;5,6;7,8-tribenzoterrylene",C40H18,0,40,131,,,568.6,4.186,relative (PAHdb experimental),,,,,,matrix,low / skeletal,,,,,,,,,,
3058,matrix,PAHdb experimental 3.10 (Ar matrix),uid 131,"12,13-o-phenylene-3,4;5,6;7,8-tribenzoterrylene",C40H18,0,40,131,,,575.0,3.2295,relative (PAHdb experimental),,,,,,matrix,low / skeletal,,,,,,,,,,
3059,matrix,PAHdb experimental 3.10 (Ar matrix),uid 131,"12,13-o-phenylene-3,4;5,6;7,8-tribenzoterrylene",C40H18,0,40,131,,,578.4,3.8512,relative (PAHdb experimental),,,,,,matrix,low / skeletal,,,,,,,,,,
3060,matrix,PAHdb experimental 3.10 (Ar matrix),uid 131,"12,13-o-phenylene-3,4;5,6;7,8-tribenzoterrylene",C40H18,0,40,131,,,586.5,3.7931,relative (PAHdb experimental),,,,,,matrix,low / skeletal,,,,,,,,,,
3061,matrix,PAHdb experimental 3.10 (Ar matrix),uid 131,"12,13-o-phenylene-3,4;5,6;7,8-tribenzoterrylene",C40H18,0,40,131,,,621.4,1.6294,relative (PAHdb experimental),,,,,,matrix,low / skeletal,,,,,,,,,,
3062,matrix,PAHdb experimental 3.10 (Ar matrix),uid 131,"12,13-o-phenylene-3,4;5,6;7,8-tribenzoterrylene",C40H18,0,40,131,,,641.6,5.0495,relative (PAHdb experimental),,,,,,matrix,low / skeletal,,,,,,,,,,
3063,matrix,PAHdb experimental 3.10 (Ar matrix),uid 131,"12,13-o-phenylene-3,4;5,6;7,8-tribenzoterrylene",C40H18,0,40,131,,,648.2,8.65,relative (PAHdb experimental),,,,,,matrix,low / skeletal,,,,,,,,,,
3064,matrix,PAHdb experimental 3.10 (Ar matrix),uid 131,"12,13-o-phenylene-3,4;5,6;7,8-tribenzoterrylene",C40H18,0,40,131,,,679.6,1.4453,relative (PAHdb experimental),,,,,,matrix,CH-oop (10.5-15 um; benzene nu11 at 673 included),,,,,,,,,,
3065,matrix,PAHdb experimental 3.10 (Ar matrix),uid 131,"12,13-o-phenylene-3,4;5,6;7,8-tribenzoterrylene",C40H18,0,40,131,,,688.1,1.5587,relative (PAHdb experimental),,,,,,matrix,CH-oop (10.5-15 um; benzene nu11 at 673 included),,,,,,,,,,
3066,matrix,PAHdb experimental 3.10 (Ar matrix),uid 131,"12,13-o-phenylene-3,4;5,6;7,8-tribenzoterrylene",C40H18,0,40,131,,,729.2,0.65999,relative (PAHdb experimental),,,,,,matrix,CH-oop (10.5-15 um; benzene nu11 at 673 included),,,,,,,,,,
3067,matrix,PAHdb experimental 3.10 (Ar matrix),uid 131,"12,13-o-phenylene-3,4;5,6;7,8-tribenzoterrylene",C40H18,0,40,131,,,733.7,3.4096,relative (PAHdb experimental),,,,,,matrix,CH-oop (10.5-15 um; benzene nu11 at 673 included),,,,,,,,,,
3068,matrix,PAHdb experimental 3.10 (Ar matrix),uid 131,"12,13-o-phenylene-3,4;5,6;7,8-tribenzoterrylene",C40H18,0,40,131,,,757.5,62.045,relative (PAHdb experimental),,,,,,matrix,CH-oop (10.5-15 um; benzene nu11 at 673 included),,,,,,,,,,
3069,matrix,PAHdb experimental 3.10 (Ar matrix),uid 131,"12,13-o-phenylene-3,4;5,6;7,8-tribenzoterrylene",C40H18,0,40,131,,,768.9,4.1389,relative (PAHdb experimental),,,,,,matrix,CH-oop (10.5-15 um; benzene nu11 at 673 included),,,,,,,,,,
3070,matrix,PAHdb experimental 3.10 (Ar matrix),uid 131,"12,13-o-phenylene-3,4;5,6;7,8-tribenzoterrylene",C40H18,0,40,131,,,813.0,86.119,relative (PAHdb experimental),,,,,,matrix,CH-oop (10.5-15 um; benzene nu11 at 673 included),,,,,,,,,,
3071,matrix,PAHdb experimental 3.10 (Ar matrix),uid 131,"12,13-o-phenylene-3,4;5,6;7,8-tribenzoterrylene",C40H18,0,40,131,,,845.4,0.48679,relative (PAHdb experimental),,,,,,matrix,CH-oop (10.5-15 um; benzene nu11 at 673 included),,,,,,,,,,
3072,matrix,PAHdb experimental 3.10 (Ar matrix),uid 131,"12,13-o-phenylene-3,4;5,6;7,8-tribenzoterrylene",C40H18,0,40,131,,,847.7,1.8624,relative (PAHdb experimental),,,,,,matrix,CH-oop (10.5-15 um; benzene nu11 at 673 included),,,,,,,,,,
3073,matrix,PAHdb experimental 3.10 (Ar matrix),uid 131,"12,13-o-phenylene-3,4;5,6;7,8-tribenzoterrylene",C40H18,0,40,131,,,850.5,1.373,relative (PAHdb experimental),,,,,,matrix,CH-oop (10.5-15 um; benzene nu11 at 673 included),,,,,,,,,,
3074,matrix,PAHdb experimental 3.10 (Ar matrix),uid 131,"12,13-o-phenylene-3,4;5,6;7,8-tribenzoterrylene",C40H18,0,40,131,,,870.5,6.5365,relative (PAHdb experimental),,,,,,matrix,CH-oop (10.5-15 um; benzene nu11 at 673 included),,,,,,,,,,
3075,matrix,PAHdb experimental 3.10 (Ar matrix),uid 131,"12,13-o-phenylene-3,4;5,6;7,8-tribenzoterrylene",C40H18,0,40,131,,,875.5,21.478,relative (PAHdb experimental),,,,,,matrix,CH-oop (10.5-15 um; benzene nu11 at 673 included),,,,,,,,,,
3076,matrix,PAHdb experimental 3.10 (Ar matrix),uid 131,"12,13-o-phenylene-3,4;5,6;7,8-tribenzoterrylene",C40H18,0,40,131,,,880.8,2.9259,relative (PAHdb experimental),,,,,,matrix,CH-oop (10.5-15 um; benzene nu11 at 673 included),,,,,,,,,,
3077,matrix,PAHdb experimental 3.10 (Ar matrix),uid 131,"12,13-o-phenylene-3,4;5,6;7,8-tribenzoterrylene",C40H18,0,40,131,,,895.3,5.7074,relative (PAHdb experimental),,,,,,matrix,CH-oop (10.5-15 um; benzene nu11 at 673 included),,,,,,,,,,
3078,matrix,PAHdb experimental 3.10 (Ar matrix),uid 131,"12,13-o-phenylene-3,4;5,6;7,8-tribenzoterrylene",C40H18,0,40,131,,,935.0,0.40478,relative (PAHdb experimental),,,,,,matrix,CH-oop (10.5-15 um; benzene nu11 at 673 included),,,,,,,,,,
3079,matrix,PAHdb experimental 3.10 (Ar matrix),uid 131,"12,13-o-phenylene-3,4;5,6;7,8-tribenzoterrylene",C40H18,0,40,131,,,940.0,1.762,relative (PAHdb experimental),,,,,,matrix,CH-oop (10.5-15 um; benzene nu11 at 673 included),,,,,,,,,,
3080,matrix,PAHdb experimental 3.10 (Ar matrix),uid 131,"12,13-o-phenylene-3,4;5,6;7,8-tribenzoterrylene",C40H18,0,40,131,,,944.7,0.66078,relative (PAHdb experimental),,,,,,matrix,CH-oop (10.5-15 um; benzene nu11 at 673 included),,,,,,,,,,
3081,matrix,PAHdb experimental 3.10 (Ar matrix),uid 131,"12,13-o-phenylene-3,4;5,6;7,8-tribenzoterrylene",C40H18,0,40,131,,,969.6,2.2035,relative (PAHdb experimental),,,,,,matrix,ring / CH-ip (9-10.5 um),,,,,,,,,,
3082,matrix,PAHdb experimental 3.10 (Ar matrix),uid 131,"12,13-o-phenylene-3,4;5,6;7,8-tribenzoterrylene",C40H18,0,40,131,,,1021.9,4.4463,relative (PAHdb experimental),,,,,,matrix,ring / CH-ip (9-10.5 um),,,,,,,,,,
3083,matrix,PAHdb experimental 3.10 (Ar matrix),uid 131,"12,13-o-phenylene-3,4;5,6;7,8-tribenzoterrylene",C40H18,0,40,131,,,1027.5,4.4226,relative (PAHdb experimental),,,,,,matrix,ring / CH-ip (9-10.5 um),,,,,,,,,,
3084,matrix,PAHdb experimental 3.10 (Ar matrix),uid 131,"12,13-o-phenylene-3,4;5,6;7,8-tribenzoterrylene",C40H18,0,40,131,,,1034.3,4.8813,relative (PAHdb experimental),,,,,,matrix,ring / CH-ip (9-10.5 um),,,,,,,,,,
3085,matrix,PAHdb experimental 3.10 (Ar matrix),uid 131,"12,13-o-phenylene-3,4;5,6;7,8-tribenzoterrylene",C40H18,0,40,131,,,1038.6,13.993,relative (PAHdb experimental),,,,,,matrix,ring / CH-ip (9-10.5 um),,,,,,,,,,
3086,matrix,PAHdb experimental 3.10 (Ar matrix),uid 131,"12,13-o-phenylene-3,4;5,6;7,8-tribenzoterrylene",C40H18,0,40,131,,,1047.5,1.7963,relative (PAHdb experimental),,,,,,matrix,ring / CH-ip (9-10.5 um),,,,,,,,,,
3087,matrix,PAHdb experimental 3.10 (Ar matrix),uid 131,"12,13-o-phenylene-3,4;5,6;7,8-tribenzoterrylene",C40H18,0,40,131,,,1058.0,1.3915,relative (PAHdb experimental),,,,,,matrix,ring / CH-ip (9-10.5 um),,,,,,,,,,
3088,matrix,PAHdb experimental 3.10 (Ar matrix),uid 131,"12,13-o-phenylene-3,4;5,6;7,8-tribenzoterrylene",C40H18,0,40,131,,,1074.6,3.8868,relative (PAHdb experimental),,,,,,matrix,ring / CH-ip (9-10.5 um),,,,,,,,,,
3089,matrix,PAHdb experimental 3.10 (Ar matrix),uid 131,"12,13-o-phenylene-3,4;5,6;7,8-tribenzoterrylene",C40H18,0,40,131,,,1097.0,18.524,relative (PAHdb experimental),,,,,,matrix,ring / CH-ip (9-10.5 um),,,,,,,,,,
3090,matrix,PAHdb experimental 3.10 (Ar matrix),uid 131,"12,13-o-phenylene-3,4;5,6;7,8-tribenzoterrylene",C40H18,0,40,131,,,1106.7,0.79697,relative (PAHdb experimental),,,,,,matrix,CH-ip-bend (8.6 um),,,,,,,,,,
3091,matrix,PAHdb experimental 3.10 (Ar matrix),uid 131,"12,13-o-phenylene-3,4;5,6;7,8-tribenzoterrylene",C40H18,0,40,131,,,1126.6,1.5968,relative (PAHdb experimental),,,,,,matrix,CH-ip-bend (8.6 um),,,,,,,,,,
3092,matrix,PAHdb experimental 3.10 (Ar matrix),uid 131,"12,13-o-phenylene-3,4;5,6;7,8-tribenzoterrylene",C40H18,0,40,131,,,1128.6,0.87195,relative (PAHdb experimental),,,,,,matrix,CH-ip-bend (8.6 um),,,,,,,,,,
3093,matrix,PAHdb experimental 3.10 (Ar matrix),uid 131,"12,13-o-phenylene-3,4;5,6;7,8-tribenzoterrylene",C40H18,0,40,131,,,1131.6,0.51448,relative (PAHdb experimental),,,,,,matrix,CH-ip-bend (8.6 um),,,,,,,,,,
3094,matrix,PAHdb experimental 3.10 (Ar matrix),uid 131,"12,13-o-phenylene-3,4;5,6;7,8-tribenzoterrylene",C40H18,0,40,131,,,1135.2,0.9196,relative (PAHdb experimental),,,,,,matrix,CH-ip-bend (8.6 um),,,,,,,,,,
3095,matrix,PAHdb experimental 3.10 (Ar matrix),uid 131,"12,13-o-phenylene-3,4;5,6;7,8-tribenzoterrylene",C40H18,0,40,131,,,1144.0,0.85192,relative (PAHdb experimental),,,,,,matrix,CH-ip-bend (8.6 um),,,,,,,,,,
3096,matrix,PAHdb experimental 3.10 (Ar matrix),uid 131,"12,13-o-phenylene-3,4;5,6;7,8-tribenzoterrylene",C40H18,0,40,131,,,1152.3,4.6058,relative (PAHdb experimental),,,,,,matrix,CH-ip-bend (8.6 um),,,,,,,,,,
3097,matrix,PAHdb experimental 3.10 (Ar matrix),uid 131,"12,13-o-phenylene-3,4;5,6;7,8-tribenzoterrylene",C40H18,0,40,131,,,1164.4,3.7813,relative (PAHdb experimental),,,,,,matrix,CH-ip-bend (8.6 um),,,,,,,,,,
3098,matrix,PAHdb experimental 3.10 (Ar matrix),uid 131,"12,13-o-phenylene-3,4;5,6;7,8-tribenzoterrylene",C40H18,0,40,131,,,1172.3,0.94199,relative (PAHdb experimental),,,,,,matrix,CH-ip-bend (8.6 um),,,,,,,,,,
3099,matrix,PAHdb experimental 3.10 (Ar matrix),uid 131,"12,13-o-phenylene-3,4;5,6;7,8-tribenzoterrylene",C40H18,0,40,131,,,1180.6,2.8755,relative (PAHdb experimental),,,,,,matrix,CH-ip-bend (8.6 um),,,,,,,,,,
3100,matrix,PAHdb experimental 3.10 (Ar matrix),uid 131,"12,13-o-phenylene-3,4;5,6;7,8-tribenzoterrylene",C40H18,0,40,131,,,1190.8,1.7375,relative (PAHdb experimental),,,,,,matrix,CH-ip-bend (8.6 um),,,,,,,,,,
3101,matrix,PAHdb experimental 3.10 (Ar matrix),uid 131,"12,13-o-phenylene-3,4;5,6;7,8-tribenzoterrylene",C40H18,0,40,131,,,1207.9,1.1919,relative (PAHdb experimental),,,,,,matrix,CH-ip-bend (8.6 um),,,,,,,,,,
3102,matrix,PAHdb experimental 3.10 (Ar matrix),uid 131,"12,13-o-phenylene-3,4;5,6;7,8-tribenzoterrylene",C40H18,0,40,131,,,1216.5,8.8752,relative (PAHdb experimental),,,,,,matrix,CH-ip-bend (8.6 um),,,,,,,,,,
3103,matrix,PAHdb experimental 3.10 (Ar matrix),uid 131,"12,13-o-phenylene-3,4;5,6;7,8-tribenzoterrylene",C40H18,0,40,131,,,1230.3,4.8305,relative (PAHdb experimental),,,,,,matrix,CH-ip-bend (8.6 um),,,,,,,,,,
3104,matrix,PAHdb experimental 3.10 (Ar matrix),uid 131,"12,13-o-phenylene-3,4;5,6;7,8-tribenzoterrylene",C40H18,0,40,131,,,1243.2,1.0846,relative (PAHdb experimental),,,,,,matrix,CH-ip-bend (8.6 um),,,,,,,,,,
3105,matrix,PAHdb experimental 3.10 (Ar matrix),uid 131,"12,13-o-phenylene-3,4;5,6;7,8-tribenzoterrylene",C40H18,0,40,131,,,1261.1,4.6913,relative (PAHdb experimental),,,,,,matrix,CC-stretch/CH-ip (7.7 um),,,,,,,,,,
3106,matrix,PAHdb experimental 3.10 (Ar matrix),uid 131,"12,13-o-phenylene-3,4;5,6;7,8-tribenzoterrylene",C40H18,0,40,131,,,1283.1,2.86,relative (PAHdb experimental),,,,,,matrix,CC-stretch/CH-ip (7.7 um),,,,,,,,,,
3107,matrix,PAHdb experimental 3.10 (Ar matrix),uid 131,"12,13-o-phenylene-3,4;5,6;7,8-tribenzoterrylene",C40H18,0,40,131,,,1303.0,0.57285,relative (PAHdb experimental),,,,,,matrix,CC-stretch/CH-ip (7.7 um),,,,,,,,,,
3108,matrix,PAHdb experimental 3.10 (Ar matrix),uid 131,"12,13-o-phenylene-3,4;5,6;7,8-tribenzoterrylene",C40H18,0,40,131,,,1309.7,1.3625,relative (PAHdb experimental),,,,,,matrix,CC-stretch/CH-ip (7.7 um),,,,,,,,,,
3109,matrix,PAHdb experimental 3.10 (Ar matrix),uid 131,"12,13-o-phenylene-3,4;5,6;7,8-tribenzoterrylene",C40H18,0,40,131,,,1325.2,15.81,relative (PAHdb experimental),,,,,,matrix,CC-stretch/CH-ip (7.7 um),,,,,,,,,,
3110,matrix,PAHdb experimental 3.10 (Ar matrix),uid 131,"12,13-o-phenylene-3,4;5,6;7,8-tribenzoterrylene",C40H18,0,40,131,,,1352.1,1.538,relative (PAHdb experimental),,,,,,matrix,CC-stretch/CH-ip (7.7 um),,,,,,,,,,
3111,matrix,PAHdb experimental 3.10 (Ar matrix),uid 131,"12,13-o-phenylene-3,4;5,6;7,8-tribenzoterrylene",C40H18,0,40,131,,,1366.1,7.032,relative (PAHdb experimental),,,,,,matrix,CC-stretch/CH-ip (7.7 um),,,,,,,,,,
3112,matrix,PAHdb experimental 3.10 (Ar matrix),uid 131,"12,13-o-phenylene-3,4;5,6;7,8-tribenzoterrylene",C40H18,0,40,131,,,1375.4,4.0192,relative (PAHdb experimental),,,,,,matrix,CC-stretch/CH-ip (7.7 um),,,,,,,,,,
3113,matrix,PAHdb experimental 3.10 (Ar matrix),uid 131,"12,13-o-phenylene-3,4;5,6;7,8-tribenzoterrylene",C40H18,0,40,131,,,1384.8,15.495,relative (PAHdb experimental),,,,,,matrix,CC-stretch/CH-ip (7.7 um),,,,,,,,,,
3114,matrix,PAHdb experimental 3.10 (Ar matrix),uid 131,"12,13-o-phenylene-3,4;5,6;7,8-tribenzoterrylene",C40H18,0,40,131,,,1395.6,11.568,relative (PAHdb experimental),,,,,,matrix,CC-stretch/CH-ip (7.7 um),,,,,,,,,,
3115,matrix,PAHdb experimental 3.10 (Ar matrix),uid 131,"12,13-o-phenylene-3,4;5,6;7,8-tribenzoterrylene",C40H18,0,40,131,,,1405.2,4.4351,relative (PAHdb experimental),,,,,,matrix,CC-stretch/CH-ip (7.7 um),,,,,,,,,,
3116,matrix,PAHdb experimental 3.10 (Ar matrix),uid 131,"12,13-o-phenylene-3,4;5,6;7,8-tribenzoterrylene",C40H18,0,40,131,,,1418.1,10.576,relative (PAHdb experimental),,,,,,matrix,CC-stretch/CH-ip (7.7 um),,,,,,,,,,
3117,matrix,PAHdb experimental 3.10 (Ar matrix),uid 131,"12,13-o-phenylene-3,4;5,6;7,8-tribenzoterrylene",C40H18,0,40,131,,,1421.9,2.3631,relative (PAHdb experimental),,,,,,matrix,CC-stretch/CH-ip (7.7 um),,,,,,,,,,
3118,matrix,PAHdb experimental 3.10 (Ar matrix),uid 131,"12,13-o-phenylene-3,4;5,6;7,8-tribenzoterrylene",C40H18,0,40,131,,,1437.8,2.5495,relative (PAHdb experimental),,,,,,matrix,CC-stretch/CH-ip (7.7 um),,,,,,,,,,
3119,matrix,PAHdb experimental 3.10 (Ar matrix),uid 131,"12,13-o-phenylene-3,4;5,6;7,8-tribenzoterrylene",C40H18,0,40,131,,,1446.2,5.7753,relative (PAHdb experimental),,,,,,matrix,CC-stretch/CH-ip (7.7 um),,,,,,,,,,
3120,matrix,PAHdb experimental 3.10 (Ar matrix),uid 131,"12,13-o-phenylene-3,4;5,6;7,8-tribenzoterrylene",C40H18,0,40,131,,,1462.3,45.047,relative (PAHdb experimental),,,,,,matrix,CC-stretch/CH-ip (7.7 um),,,,,,,,,,
3121,matrix,PAHdb experimental 3.10 (Ar matrix),uid 131,"12,13-o-phenylene-3,4;5,6;7,8-tribenzoterrylene",C40H18,0,40,131,,,1495.1,3.9395,relative (PAHdb experimental),,,,,,matrix,CC-stretch/CH-ip (7.7 um),,,,,,,,,,
3122,matrix,PAHdb experimental 3.10 (Ar matrix),uid 131,"12,13-o-phenylene-3,4;5,6;7,8-tribenzoterrylene",C40H18,0,40,131,,,1515.7,5.5885,relative (PAHdb experimental),,,,,,matrix,CC-stretch (6.2 um),,,,,,,,,,
3123,matrix,PAHdb experimental 3.10 (Ar matrix),uid 131,"12,13-o-phenylene-3,4;5,6;7,8-tribenzoterrylene",C40H18,0,40,131,,,1528.8,1.3375,relative (PAHdb experimental),,,,,,matrix,CC-stretch (6.2 um),,,,,,,,,,
3124,matrix,PAHdb experimental 3.10 (Ar matrix),uid 131,"12,13-o-phenylene-3,4;5,6;7,8-tribenzoterrylene",C40H18,0,40,131,,,1540.2,7.7924,relative (PAHdb experimental),,,,,,matrix,CC-stretch (6.2 um),,,,,,,,,,
3125,matrix,PAHdb experimental 3.10 (Ar matrix),uid 131,"12,13-o-phenylene-3,4;5,6;7,8-tribenzoterrylene",C40H18,0,40,131,,,1557.4,0.83681,relative (PAHdb experimental),,,,,,matrix,CC-stretch (6.2 um),,,,,,,,,,
3126,matrix,PAHdb experimental 3.10 (Ar matrix),uid 131,"12,13-o-phenylene-3,4;5,6;7,8-tribenzoterrylene",C40H18,0,40,131,,,1563.7,1.3078,relative (PAHdb experimental),,,,,,matrix,CC-stretch (6.2 um),,,,,,,,,,
3127,matrix,PAHdb experimental 3.10 (Ar matrix),uid 131,"12,13-o-phenylene-3,4;5,6;7,8-tribenzoterrylene",C40H18,0,40,131,,,1576.1,1.1269,relative (PAHdb experimental),,,,,,matrix,CC-stretch (6.2 um),,,,,,,,,,
3128,matrix,PAHdb experimental 3.10 (Ar matrix),uid 131,"12,13-o-phenylene-3,4;5,6;7,8-tribenzoterrylene",C40H18,0,40,131,,,1580.0,0.37662,relative (PAHdb experimental),,,,,,matrix,CC-stretch (6.2 um),,,,,,,,,,
3129,matrix,PAHdb experimental 3.10 (Ar matrix),uid 131,"12,13-o-phenylene-3,4;5,6;7,8-tribenzoterrylene",C40H18,0,40,131,,,1592.9,13.644,relative (PAHdb experimental),,,,,,matrix,CC-stretch (6.2 um),,,,,,,,,,
3130,matrix,PAHdb experimental 3.10 (Ar matrix),uid 131,"12,13-o-phenylene-3,4;5,6;7,8-tribenzoterrylene",C40H18,0,40,131,,,1595.7,7.5282,relative (PAHdb experimental),,,,,,matrix,CC-stretch (6.2 um),,,,,,,,,,
3131,matrix,PAHdb experimental 3.10 (Ar matrix),uid 131,"12,13-o-phenylene-3,4;5,6;7,8-tribenzoterrylene",C40H18,0,40,131,,,1605.3,4.6793,relative (PAHdb experimental),,,,,,matrix,CC-stretch (6.2 um),,,,,,,,,,
3132,matrix,PAHdb experimental 3.10 (Ar matrix),uid 131,"12,13-o-phenylene-3,4;5,6;7,8-tribenzoterrylene",C40H18,0,40,131,,,1615.8,9.8727,relative (PAHdb experimental),,,,,,matrix,CC-stretch (6.2 um),,,,,,,,,,
3133,matrix,PAHdb experimental 3.10 (Ar matrix),uid 131,"12,13-o-phenylene-3,4;5,6;7,8-tribenzoterrylene",C40H18,0,40,131,,,1629.7,4.6891,relative (PAHdb experimental),,,,,,matrix,CC-stretch (6.2 um),,,,,,,,,,
3134,matrix,PAHdb experimental 3.10 (Ar matrix),uid 131,"12,13-o-phenylene-3,4;5,6;7,8-tribenzoterrylene",C40H18,0,40,131,,,1652.9,1.1592,relative (PAHdb experimental),,,,,,matrix,overtone / combination region,,,,,,,,,,
3135,matrix,PAHdb experimental 3.10 (Ar matrix),uid 131,"12,13-o-phenylene-3,4;5,6;7,8-tribenzoterrylene",C40H18,0,40,131,,,1698.8,1.2181,relative (PAHdb experimental),,,,,,matrix,overtone / combination region,,,,,,,,,,
3136,matrix,PAHdb experimental 3.10 (Ar matrix),uid 131,"12,13-o-phenylene-3,4;5,6;7,8-tribenzoterrylene",C40H18,0,40,131,,,1716.0,1.8554,relative (PAHdb experimental),,,,,,matrix,overtone / combination region,,,,,,,,,,
3137,matrix,PAHdb experimental 3.10 (Ar matrix),uid 131,"12,13-o-phenylene-3,4;5,6;7,8-tribenzoterrylene",C40H18,0,40,131,,,1721.0,0.23884,relative (PAHdb experimental),,,,,,matrix,overtone / combination region,,,,,,,,,,
3138,matrix,PAHdb experimental 3.10 (Ar matrix),uid 131,"12,13-o-phenylene-3,4;5,6;7,8-tribenzoterrylene",C40H18,0,40,131,,,1725.8,0.43161,relative (PAHdb experimental),,,,,,matrix,overtone / combination region,,,,,,,,,,
3139,matrix,PAHdb experimental 3.10 (Ar matrix),uid 131,"12,13-o-phenylene-3,4;5,6;7,8-tribenzoterrylene",C40H18,0,40,131,,,1752.5,2.4025,relative (PAHdb experimental),,,,,,matrix,overtone / combination region,,,,,,,,,,
3140,matrix,PAHdb experimental 3.10 (Ar matrix),uid 131,"12,13-o-phenylene-3,4;5,6;7,8-tribenzoterrylene",C40H18,0,40,131,,,1759.7,1.8813,relative (PAHdb experimental),,,,,,matrix,overtone / combination region,,,,,,,,,,
3141,matrix,PAHdb experimental 3.10 (Ar matrix),uid 131,"12,13-o-phenylene-3,4;5,6;7,8-tribenzoterrylene",C40H18,0,40,131,,,1765.1,0.29317,relative (PAHdb experimental),,,,,,matrix,overtone / combination region,,,,,,,,,,
3142,matrix,PAHdb experimental 3.10 (Ar matrix),uid 131,"12,13-o-phenylene-3,4;5,6;7,8-tribenzoterrylene",C40H18,0,40,131,,,1770.3,0.41632,relative (PAHdb experimental),,,,,,matrix,overtone / combination region,,,,,,,,,,
3143,matrix,PAHdb experimental 3.10 (Ar matrix),uid 131,"12,13-o-phenylene-3,4;5,6;7,8-tribenzoterrylene",C40H18,0,40,131,,,1777.6,0.98512,relative (PAHdb experimental),,,,,,matrix,overtone / combination region,,,,,,,,,,
3144,matrix,PAHdb experimental 3.10 (Ar matrix),uid 131,"12,13-o-phenylene-3,4;5,6;7,8-tribenzoterrylene",C40H18,0,40,131,,,1788.6,4.137,relative (PAHdb experimental),,,,,,matrix,overtone / combination region,,,,,,,,,,
3145,matrix,PAHdb experimental 3.10 (Ar matrix),uid 131,"12,13-o-phenylene-3,4;5,6;7,8-tribenzoterrylene",C40H18,0,40,131,,,1794.9,0.67961,relative (PAHdb experimental),,,,,,matrix,overtone / combination region,,,,,,,,,,
3146,matrix,PAHdb experimental 3.10 (Ar matrix),uid 131,"12,13-o-phenylene-3,4;5,6;7,8-tribenzoterrylene",C40H18,0,40,131,,,1825.8,0.4465,relative (PAHdb experimental),,,,,,matrix,overtone / combination region,,,,,,,,,,
3147,matrix,PAHdb experimental 3.10 (Ar matrix),uid 131,"12,13-o-phenylene-3,4;5,6;7,8-tribenzoterrylene",C40H18,0,40,131,,,1836.8,0.45471,relative (PAHdb experimental),,,,,,matrix,overtone / combination region,,,,,,,,,,
3148,matrix,PAHdb experimental 3.10 (Ar matrix),uid 131,"12,13-o-phenylene-3,4;5,6;7,8-tribenzoterrylene",C40H18,0,40,131,,,1852.7,0.83369,relative (PAHdb experimental),,,,,,matrix,overtone / combination region,,,,,,,,,,
3149,matrix,PAHdb experimental 3.10 (Ar matrix),uid 131,"12,13-o-phenylene-3,4;5,6;7,8-tribenzoterrylene",C40H18,0,40,131,,,1859.8,2.0256,relative (PAHdb experimental),,,,,,matrix,overtone / combination region,,,,,,,,,,
3150,matrix,PAHdb experimental 3.10 (Ar matrix),uid 131,"12,13-o-phenylene-3,4;5,6;7,8-tribenzoterrylene",C40H18,0,40,131,,,1888.6,3.3226,relative (PAHdb experimental),,,,,,matrix,overtone / combination region,,,,,,,,,,
3151,matrix,PAHdb experimental 3.10 (Ar matrix),uid 131,"12,13-o-phenylene-3,4;5,6;7,8-tribenzoterrylene",C40H18,0,40,131,,,1913.6,4.7025,relative (PAHdb experimental),,,,,,matrix,overtone / combination region,,,,,,,,,,
3152,matrix,PAHdb experimental 3.10 (Ar matrix),uid 131,"12,13-o-phenylene-3,4;5,6;7,8-tribenzoterrylene",C40H18,0,40,131,,,1922.8,2.8731,relative (PAHdb experimental),,,,,,matrix,overtone / combination region,,,,,,,,,,
3153,matrix,PAHdb experimental 3.10 (Ar matrix),uid 131,"12,13-o-phenylene-3,4;5,6;7,8-tribenzoterrylene",C40H18,0,40,131,,,1930.8,4.5276,relative (PAHdb experimental),,,,,,matrix,overtone / combination region,,,,,,,,,,
3154,matrix,PAHdb experimental 3.10 (Ar matrix),uid 131,"12,13-o-phenylene-3,4;5,6;7,8-tribenzoterrylene",C40H18,0,40,131,,,1945.6,1.2337,relative (PAHdb experimental),,,,,,matrix,overtone / combination region,,,,,,,,,,
3155,matrix,PAHdb experimental 3.10 (Ar matrix),uid 131,"12,13-o-phenylene-3,4;5,6;7,8-tribenzoterrylene",C40H18,0,40,131,,,1949.3,0.6945,relative (PAHdb experimental),,,,,,matrix,overtone / combination region,,,,,,,,,,
3156,matrix,PAHdb experimental 3.10 (Ar matrix),uid 131,"12,13-o-phenylene-3,4;5,6;7,8-tribenzoterrylene",C40H18,0,40,131,,,3057.0,161.58,relative (PAHdb experimental),,,,,,matrix,CH-stretch,,,,,,,,,,
3157,matrix,PAHdb experimental 3.10 (Ar matrix),uid 533,dianthraceno-pyrene or dibenzo-octacene,C40H22,0,40,533,,,460.3,7.882,relative (PAHdb experimental),,,,,10.1016/j.saa.2014.04.017,matrix,low / skeletal,,,,,,,,,,
3158,matrix,PAHdb experimental 3.10 (Ar matrix),uid 533,dianthraceno-pyrene or dibenzo-octacene,C40H22,0,40,533,,,468.3,16.415,relative (PAHdb experimental),,,,,10.1016/j.saa.2014.04.017,matrix,low / skeletal,,,,,,,,,,
3159,matrix,PAHdb experimental 3.10 (Ar matrix),uid 533,dianthraceno-pyrene or dibenzo-octacene,C40H22,0,40,533,,,514.6,34.305,relative (PAHdb experimental),,,,,10.1016/j.saa.2014.04.017,matrix,low / skeletal,,,,,,,,,,
3160,matrix,PAHdb experimental 3.10 (Ar matrix),uid 533,dianthraceno-pyrene or dibenzo-octacene,C40H22,0,40,533,,,631.9,2.332,relative (PAHdb experimental),,,,,10.1016/j.saa.2014.04.017,matrix,low / skeletal,,,,,,,,,,
3161,matrix,PAHdb experimental 3.10 (Ar matrix),uid 533,dianthraceno-pyrene or dibenzo-octacene,C40H22,0,40,533,,,706.3,23.122,relative (PAHdb experimental),,,,,10.1016/j.saa.2014.04.017,matrix,CH-oop (10.5-15 um; benzene nu11 at 673 included),,,,,,,,,,
3162,matrix,PAHdb experimental 3.10 (Ar matrix),uid 533,dianthraceno-pyrene or dibenzo-octacene,C40H22,0,40,533,,,737.5,95.852,relative (PAHdb experimental),,,,,10.1016/j.saa.2014.04.017,matrix,CH-oop (10.5-15 um; benzene nu11 at 673 included),,,,,,,,,,
3163,matrix,PAHdb experimental 3.10 (Ar matrix),uid 533,dianthraceno-pyrene or dibenzo-octacene,C40H22,0,40,533,,,763.6,4.763,relative (PAHdb experimental),,,,,10.1016/j.saa.2014.04.017,matrix,CH-oop (10.5-15 um; benzene nu11 at 673 included),,,,,,,,,,
3164,matrix,PAHdb experimental 3.10 (Ar matrix),uid 533,dianthraceno-pyrene or dibenzo-octacene,C40H22,0,40,533,,,769.1,1.043,relative (PAHdb experimental),,,,,10.1016/j.saa.2014.04.017,matrix,CH-oop (10.5-15 um; benzene nu11 at 673 included),,,,,,,,,,
3165,matrix,PAHdb experimental 3.10 (Ar matrix),uid 533,dianthraceno-pyrene or dibenzo-octacene,C40H22,0,40,533,,,781.5,9.543,relative (PAHdb experimental),,,,,10.1016/j.saa.2014.04.017,matrix,CH-oop (10.5-15 um; benzene nu11 at 673 included),,,,,,,,,,
3166,matrix,PAHdb experimental 3.10 (Ar matrix),uid 533,dianthraceno-pyrene or dibenzo-octacene,C40H22,0,40,533,,,794.0,32.601,relative (PAHdb experimental),,,,,10.1016/j.saa.2014.04.017,matrix,CH-oop (10.5-15 um; benzene nu11 at 673 included),,,,,,,,,,
3167,matrix,PAHdb experimental 3.10 (Ar matrix),uid 533,dianthraceno-pyrene or dibenzo-octacene,C40H22,0,40,533,,,847.5,7.806,relative (PAHdb experimental),,,,,10.1016/j.saa.2014.04.017,matrix,CH-oop (10.5-15 um; benzene nu11 at 673 included),,,,,,,,,,
3168,matrix,PAHdb experimental 3.10 (Ar matrix),uid 533,dianthraceno-pyrene or dibenzo-octacene,C40H22,0,40,533,,,879.2,2.304,relative (PAHdb experimental),,,,,10.1016/j.saa.2014.04.017,matrix,CH-oop (10.5-15 um; benzene nu11 at 673 included),,,,,,,,,,
3169,matrix,PAHdb experimental 3.10 (Ar matrix),uid 533,dianthraceno-pyrene or dibenzo-octacene,C40H22,0,40,533,,,896.9,99.226,relative (PAHdb experimental),,,,,10.1016/j.saa.2014.04.017,matrix,CH-oop (10.5-15 um; benzene nu11 at 673 included),,,,,,,,,,
3170,matrix,PAHdb experimental 3.10 (Ar matrix),uid 533,dianthraceno-pyrene or dibenzo-octacene,C40H22,0,40,533,,,917.1,1.199,relative (PAHdb experimental),,,,,10.1016/j.saa.2014.04.017,matrix,CH-oop (10.5-15 um; benzene nu11 at 673 included),,,,,,,,,,
3171,matrix,PAHdb experimental 3.10 (Ar matrix),uid 533,dianthraceno-pyrene or dibenzo-octacene,C40H22,0,40,533,,,949.1,3.272,relative (PAHdb experimental),,,,,10.1016/j.saa.2014.04.017,matrix,CH-oop (10.5-15 um; benzene nu11 at 673 included),,,,,,,,,,
3172,matrix,PAHdb experimental 3.10 (Ar matrix),uid 533,dianthraceno-pyrene or dibenzo-octacene,C40H22,0,40,533,,,953.1,5.964,relative (PAHdb experimental),,,,,10.1016/j.saa.2014.04.017,matrix,ring / CH-ip (9-10.5 um),,,,,,,,,,
3173,matrix,PAHdb experimental 3.10 (Ar matrix),uid 533,dianthraceno-pyrene or dibenzo-octacene,C40H22,0,40,533,,,964.8,1.721,relative (PAHdb experimental),,,,,10.1016/j.saa.2014.04.017,matrix,ring / CH-ip (9-10.5 um),,,,,,,,,,
3174,matrix,PAHdb experimental 3.10 (Ar matrix),uid 533,dianthraceno-pyrene or dibenzo-octacene,C40H22,0,40,533,,,1000.4,10.112,relative (PAHdb experimental),,,,,10.1016/j.saa.2014.04.017,matrix,ring / CH-ip (9-10.5 um),,,,,,,,,,
3175,matrix,PAHdb experimental 3.10 (Ar matrix),uid 533,dianthraceno-pyrene or dibenzo-octacene,C40H22,0,40,533,,,1026.8,1.455,relative (PAHdb experimental),,,,,10.1016/j.saa.2014.04.017,matrix,ring / CH-ip (9-10.5 um),,,,,,,,,,
3176,matrix,PAHdb experimental 3.10 (Ar matrix),uid 533,dianthraceno-pyrene or dibenzo-octacene,C40H22,0,40,533,,,1050.6,0.967,relative (PAHdb experimental),,,,,10.1016/j.saa.2014.04.017,matrix,ring / CH-ip (9-10.5 um),,,,,,,,,,
3177,matrix,PAHdb experimental 3.10 (Ar matrix),uid 533,dianthraceno-pyrene or dibenzo-octacene,C40H22,0,40,533,,,1085.5,0.725,relative (PAHdb experimental),,,,,10.1016/j.saa.2014.04.017,matrix,ring / CH-ip (9-10.5 um),,,,,,,,,,
3178,matrix,PAHdb experimental 3.10 (Ar matrix),uid 533,dianthraceno-pyrene or dibenzo-octacene,C40H22,0,40,533,,,1092.4,0.774,relative (PAHdb experimental),,,,,10.1016/j.saa.2014.04.017,matrix,ring / CH-ip (9-10.5 um),,,,,,,,,,
3179,matrix,PAHdb experimental 3.10 (Ar matrix),uid 533,dianthraceno-pyrene or dibenzo-octacene,C40H22,0,40,533,,,1107.9,1.614,relative (PAHdb experimental),,,,,10.1016/j.saa.2014.04.017,matrix,CH-ip-bend (8.6 um),,,,,,,,,,
3180,matrix,PAHdb experimental 3.10 (Ar matrix),uid 533,dianthraceno-pyrene or dibenzo-octacene,C40H22,0,40,533,,,1120.1,9.88,relative (PAHdb experimental),,,,,10.1016/j.saa.2014.04.017,matrix,CH-ip-bend (8.6 um),,,,,,,,,,
3181,matrix,PAHdb experimental 3.10 (Ar matrix),uid 533,dianthraceno-pyrene or dibenzo-octacene,C40H22,0,40,533,,,1133.6,16.028,relative (PAHdb experimental),,,,,10.1016/j.saa.2014.04.017,matrix,CH-ip-bend (8.6 um),,,,,,,,,,
3182,matrix,PAHdb experimental 3.10 (Ar matrix),uid 533,dianthraceno-pyrene or dibenzo-octacene,C40H22,0,40,533,,,1168.4,5.973,relative (PAHdb experimental),,,,,10.1016/j.saa.2014.04.017,matrix,CH-ip-bend (8.6 um),,,,,,,,,,
3183,matrix,PAHdb experimental 3.10 (Ar matrix),uid 533,dianthraceno-pyrene or dibenzo-octacene,C40H22,0,40,533,,,1190.0,4.497,relative (PAHdb experimental),,,,,10.1016/j.saa.2014.04.017,matrix,CH-ip-bend (8.6 um),,,,,,,,,,
3184,matrix,PAHdb experimental 3.10 (Ar matrix),uid 533,dianthraceno-pyrene or dibenzo-octacene,C40H22,0,40,533,,,1214.3,1.043,relative (PAHdb experimental),,,,,10.1016/j.saa.2014.04.017,matrix,CH-ip-bend (8.6 um),,,,,,,,,,
3185,matrix,PAHdb experimental 3.10 (Ar matrix),uid 533,dianthraceno-pyrene or dibenzo-octacene,C40H22,0,40,533,,,1238.2,3.21,relative (PAHdb experimental),,,,,10.1016/j.saa.2014.04.017,matrix,CH-ip-bend (8.6 um),,,,,,,,,,
3186,matrix,PAHdb experimental 3.10 (Ar matrix),uid 533,dianthraceno-pyrene or dibenzo-octacene,C40H22,0,40,533,,,1249.5,1.632,relative (PAHdb experimental),,,,,10.1016/j.saa.2014.04.017,matrix,CH-ip-bend (8.6 um),,,,,,,,,,
3187,matrix,PAHdb experimental 3.10 (Ar matrix),uid 533,dianthraceno-pyrene or dibenzo-octacene,C40H22,0,40,533,,,1285.5,41.272,relative (PAHdb experimental),,,,,10.1016/j.saa.2014.04.017,matrix,CC-stretch/CH-ip (7.7 um),,,,,,,,,,
3188,matrix,PAHdb experimental 3.10 (Ar matrix),uid 533,dianthraceno-pyrene or dibenzo-octacene,C40H22,0,40,533,,,1310.2,8.714,relative (PAHdb experimental),,,,,10.1016/j.saa.2014.04.017,matrix,CC-stretch/CH-ip (7.7 um),,,,,,,,,,
3189,matrix,PAHdb experimental 3.10 (Ar matrix),uid 533,dianthraceno-pyrene or dibenzo-octacene,C40H22,0,40,533,,,1327.8,3.928,relative (PAHdb experimental),,,,,10.1016/j.saa.2014.04.017,matrix,CC-stretch/CH-ip (7.7 um),,,,,,,,,,
3190,matrix,PAHdb experimental 3.10 (Ar matrix),uid 533,dianthraceno-pyrene or dibenzo-octacene,C40H22,0,40,533,,,1340.8,3.886,relative (PAHdb experimental),,,,,10.1016/j.saa.2014.04.017,matrix,CC-stretch/CH-ip (7.7 um),,,,,,,,,,
3191,matrix,PAHdb experimental 3.10 (Ar matrix),uid 533,dianthraceno-pyrene or dibenzo-octacene,C40H22,0,40,533,,,1344.5,4.33,relative (PAHdb experimental),,,,,10.1016/j.saa.2014.04.017,matrix,CC-stretch/CH-ip (7.7 um),,,,,,,,,,
3192,matrix,PAHdb experimental 3.10 (Ar matrix),uid 533,dianthraceno-pyrene or dibenzo-octacene,C40H22,0,40,533,,,1383.1,0.974,relative (PAHdb experimental),,,,,10.1016/j.saa.2014.04.017,matrix,CC-stretch/CH-ip (7.7 um),,,,,,,,,,
3193,matrix,PAHdb experimental 3.10 (Ar matrix),uid 533,dianthraceno-pyrene or dibenzo-octacene,C40H22,0,40,533,,,1409.1,53.473,relative (PAHdb experimental),,,,,10.1016/j.saa.2014.04.017,matrix,CC-stretch/CH-ip (7.7 um),,,,,,,,,,
3194,matrix,PAHdb experimental 3.10 (Ar matrix),uid 533,dianthraceno-pyrene or dibenzo-octacene,C40H22,0,40,533,,,1416.4,5.661,relative (PAHdb experimental),,,,,10.1016/j.saa.2014.04.017,matrix,CC-stretch/CH-ip (7.7 um),,,,,,,,,,
3195,matrix,PAHdb experimental 3.10 (Ar matrix),uid 533,dianthraceno-pyrene or dibenzo-octacene,C40H22,0,40,533,,,1423.5,8.758,relative (PAHdb experimental),,,,,10.1016/j.saa.2014.04.017,matrix,CC-stretch/CH-ip (7.7 um),,,,,,,,,,
3196,matrix,PAHdb experimental 3.10 (Ar matrix),uid 533,dianthraceno-pyrene or dibenzo-octacene,C40H22,0,40,533,,,1436.9,92.302,relative (PAHdb experimental),,,,,10.1016/j.saa.2014.04.017,matrix,CC-stretch/CH-ip (7.7 um),,,,,,,,,,
3197,matrix,PAHdb experimental 3.10 (Ar matrix),uid 533,dianthraceno-pyrene or dibenzo-octacene,C40H22,0,40,533,,,1465.8,1.909,relative (PAHdb experimental),,,,,10.1016/j.saa.2014.04.017,matrix,CC-stretch/CH-ip (7.7 um),,,,,,,,,,
3198,matrix,PAHdb experimental 3.10 (Ar matrix),uid 533,dianthraceno-pyrene or dibenzo-octacene,C40H22,0,40,533,,,1528.6,6.371,relative (PAHdb experimental),,,,,10.1016/j.saa.2014.04.017,matrix,CC-stretch (6.2 um),,,,,,,,,,
3199,matrix,PAHdb experimental 3.10 (Ar matrix),uid 533,dianthraceno-pyrene or dibenzo-octacene,C40H22,0,40,533,,,1560.8,4.496,relative (PAHdb experimental),,,,,10.1016/j.saa.2014.04.017,matrix,CC-stretch (6.2 um),,,,,,,,,,
3200,matrix,PAHdb experimental 3.10 (Ar matrix),uid 533,dianthraceno-pyrene or dibenzo-octacene,C40H22,0,40,533,,,1571.1,34.45,relative (PAHdb experimental),,,,,10.1016/j.saa.2014.04.017,matrix,CC-stretch (6.2 um),,,,,,,,,,
3201,matrix,PAHdb experimental 3.10 (Ar matrix),uid 533,dianthraceno-pyrene or dibenzo-octacene,C40H22,0,40,533,,,1584.9,0.768,relative (PAHdb experimental),,,,,10.1016/j.saa.2014.04.017,matrix,CC-stretch (6.2 um),,,,,,,,,,
3202,matrix,PAHdb experimental 3.10 (Ar matrix),uid 533,dianthraceno-pyrene or dibenzo-octacene,C40H22,0,40,533,,,1593.6,4.877,relative (PAHdb experimental),,,,,10.1016/j.saa.2014.04.017,matrix,CC-stretch (6.2 um),,,,,,,,,,
3203,matrix,PAHdb experimental 3.10 (Ar matrix),uid 533,dianthraceno-pyrene or dibenzo-octacene,C40H22,0,40,533,,,1599.7,9.67,relative (PAHdb experimental),,,,,10.1016/j.saa.2014.04.017,matrix,CC-stretch (6.2 um),,,,,,,,,,
3204,matrix,PAHdb experimental 3.10 (Ar matrix),uid 533,dianthraceno-pyrene or dibenzo-octacene,C40H22,0,40,533,,,1612.3,12.859,relative (PAHdb experimental),,,,,10.1016/j.saa.2014.04.017,matrix,CC-stretch (6.2 um),,,,,,,,,,
3205,matrix,PAHdb experimental 3.10 (Ar matrix),uid 533,dianthraceno-pyrene or dibenzo-octacene,C40H22,0,40,533,,,1629.1,3.499,relative (PAHdb experimental),,,,,10.1016/j.saa.2014.04.017,matrix,CC-stretch (6.2 um),,,,,,,,,,
3206,matrix,PAHdb experimental 3.10 (Ar matrix),uid 533,dianthraceno-pyrene or dibenzo-octacene,C40H22,0,40,533,,,1634.7,7.966,relative (PAHdb experimental),,,,,10.1016/j.saa.2014.04.017,matrix,CC-stretch (6.2 um),,,,,,,,,,
3207,matrix,PAHdb experimental 3.10 (Ar matrix),uid 533,dianthraceno-pyrene or dibenzo-octacene,C40H22,0,40,533,,,1669.7,7.719,relative (PAHdb experimental),,,,,10.1016/j.saa.2014.04.017,matrix,overtone / combination region,,,,,,,,,,
3208,matrix,PAHdb experimental 3.10 (Ar matrix),uid 533,dianthraceno-pyrene or dibenzo-octacene,C40H22,0,40,533,,,1688.6,15.502,relative (PAHdb experimental),,,,,10.1016/j.saa.2014.04.017,matrix,overtone / combination region,,,,,,,,,,
3209,matrix,PAHdb experimental 3.10 (Ar matrix),uid 533,dianthraceno-pyrene or dibenzo-octacene,C40H22,0,40,533,,,1709.7,2.896,relative (PAHdb experimental),,,,,10.1016/j.saa.2014.04.017,matrix,overtone / combination region,,,,,,,,,,
3210,matrix,PAHdb experimental 3.10 (Ar matrix),uid 533,dianthraceno-pyrene or dibenzo-octacene,C40H22,0,40,533,,,1732.2,1.998,relative (PAHdb experimental),,,,,10.1016/j.saa.2014.04.017,matrix,overtone / combination region,,,,,,,,,,
3211,matrix,PAHdb experimental 3.10 (Ar matrix),uid 533,dianthraceno-pyrene or dibenzo-octacene,C40H22,0,40,533,,,1793.0,14.316,relative (PAHdb experimental),,,,,10.1016/j.saa.2014.04.017,matrix,overtone / combination region,,,,,,,,,,
3212,matrix,PAHdb experimental 3.10 (Ar matrix),uid 533,dianthraceno-pyrene or dibenzo-octacene,C40H22,0,40,533,,,1851.7,11.247,relative (PAHdb experimental),,,,,10.1016/j.saa.2014.04.017,matrix,overtone / combination region,,,,,,,,,,
3213,matrix,PAHdb experimental 3.10 (Ar matrix),uid 533,dianthraceno-pyrene or dibenzo-octacene,C40H22,0,40,533,,,1903.8,4.267,relative (PAHdb experimental),,,,,10.1016/j.saa.2014.04.017,matrix,overtone / combination region,,,,,,,,,,
3214,matrix,PAHdb experimental 3.10 (Ar matrix),uid 533,dianthraceno-pyrene or dibenzo-octacene,C40H22,0,40,533,,,1926.1,5.894,relative (PAHdb experimental),,,,,10.1016/j.saa.2014.04.017,matrix,overtone / combination region,,,,,,,,,,
3215,matrix,PAHdb experimental 3.10 (Ar matrix),uid 533,dianthraceno-pyrene or dibenzo-octacene,C40H22,0,40,533,,,1937.4,5.177,relative (PAHdb experimental),,,,,10.1016/j.saa.2014.04.017,matrix,overtone / combination region,,,,,,,,,,
3216,matrix,PAHdb experimental 3.10 (Ar matrix),uid 533,dianthraceno-pyrene or dibenzo-octacene,C40H22,0,40,533,,,2962.2,2.004,relative (PAHdb experimental),,,,,10.1016/j.saa.2014.04.017,matrix,CH-stretch,,,,,,,,,,
3217,matrix,PAHdb experimental 3.10 (Ar matrix),uid 533,dianthraceno-pyrene or dibenzo-octacene,C40H22,0,40,533,,,3031.1,43.351,relative (PAHdb experimental),,,,,10.1016/j.saa.2014.04.017,matrix,CH-stretch,,,,,,,,,,
3218,matrix,PAHdb experimental 3.10 (Ar matrix),uid 533,dianthraceno-pyrene or dibenzo-octacene,C40H22,0,40,533,,,3061.5,111.67,relative (PAHdb experimental),,,,,10.1016/j.saa.2014.04.017,matrix,CH-stretch,,,,,,,,,,
3219,matrix,PAHdb experimental 3.10 (Ar matrix),uid 533,dianthraceno-pyrene or dibenzo-octacene,C40H22,0,40,533,,,3094.7,35.592,relative (PAHdb experimental),,,,,10.1016/j.saa.2014.04.017,matrix,CH-stretch,,,,,,,,,,
3220,matrix,PAHdb experimental 3.10 (Ar matrix),uid 540,"dibenzo[jk, a1b1]octacene or dianthraceno-pyrene",C40H22+,1,40,540,,,530.7,1245.5,relative (PAHdb experimental),,,,,10.1016/j.saa.2014.04.017,matrix,low / skeletal,,,,,,,,,,
3221,matrix,PAHdb experimental 3.10 (Ar matrix),uid 540,"dibenzo[jk, a1b1]octacene or dianthraceno-pyrene",C40H22+,1,40,540,,,572.2,38.18,relative (PAHdb experimental),,,,,10.1016/j.saa.2014.04.017,matrix,low / skeletal,,,,,,,,,,
3222,matrix,PAHdb experimental 3.10 (Ar matrix),uid 540,"dibenzo[jk, a1b1]octacene or dianthraceno-pyrene",C40H22+,1,40,540,,,588.4,51.09,relative (PAHdb experimental),,,,,10.1016/j.saa.2014.04.017,matrix,low / skeletal,,,,,,,,,,
3223,matrix,PAHdb experimental 3.10 (Ar matrix),uid 540,"dibenzo[jk, a1b1]octacene or dianthraceno-pyrene",C40H22+,1,40,540,,,603.7,16.97,relative (PAHdb experimental),,,,,10.1016/j.saa.2014.04.017,matrix,low / skeletal,,,,,,,,,,
3224,matrix,PAHdb experimental 3.10 (Ar matrix),uid 540,"dibenzo[jk, a1b1]octacene or dianthraceno-pyrene",C40H22+,1,40,540,,,612.6,414.47,relative (PAHdb experimental),,,,,10.1016/j.saa.2014.04.017,matrix,low / skeletal,,,,,,,,,,
3225,matrix,PAHdb experimental 3.10 (Ar matrix),uid 540,"dibenzo[jk, a1b1]octacene or dianthraceno-pyrene",C40H22+,1,40,540,,,626.6,259.0,relative (PAHdb experimental),,,,,10.1016/j.saa.2014.04.017,matrix,low / skeletal,,,,,,,,,,
3226,matrix,PAHdb experimental 3.10 (Ar matrix),uid 540,"dibenzo[jk, a1b1]octacene or dianthraceno-pyrene",C40H22+,1,40,540,,,676.2,4.47,relative (PAHdb experimental),,,,,10.1016/j.saa.2014.04.017,matrix,CH-oop (10.5-15 um; benzene nu11 at 673 included),,,,,,,,,,
3227,matrix,PAHdb experimental 3.10 (Ar matrix),uid 540,"dibenzo[jk, a1b1]octacene or dianthraceno-pyrene",C40H22+,1,40,540,,,720.1,373.87,relative (PAHdb experimental),,,,,10.1016/j.saa.2014.04.017,matrix,CH-oop (10.5-15 um; benzene nu11 at 673 included),,,,,,,,,,
3228,matrix,PAHdb experimental 3.10 (Ar matrix),uid 540,"dibenzo[jk, a1b1]octacene or dianthraceno-pyrene",C40H22+,1,40,540,,,734.7,286.32,relative (PAHdb experimental),,,,,10.1016/j.saa.2014.04.017,matrix,CH-oop (10.5-15 um; benzene nu11 at 673 included),,,,,,,,,,
3229,matrix,PAHdb experimental 3.10 (Ar matrix),uid 540,"dibenzo[jk, a1b1]octacene or dianthraceno-pyrene",C40H22+,1,40,540,,,764.1,95.23,relative (PAHdb experimental),,,,,10.1016/j.saa.2014.04.017,matrix,CH-oop (10.5-15 um; benzene nu11 at 673 included),,,,,,,,,,
3230,matrix,PAHdb experimental 3.10 (Ar matrix),uid 540,"dibenzo[jk, a1b1]octacene or dianthraceno-pyrene",C40H22+,1,40,540,,,785.5,238.72,relative (PAHdb experimental),,,,,10.1016/j.saa.2014.04.017,matrix,CH-oop (10.5-15 um; benzene nu11 at 673 included),,,,,,,,,,
3231,matrix,PAHdb experimental 3.10 (Ar matrix),uid 540,"dibenzo[jk, a1b1]octacene or dianthraceno-pyrene",C40H22+,1,40,540,,,797.2,71.36,relative (PAHdb experimental),,,,,10.1016/j.saa.2014.04.017,matrix,CH-oop (10.5-15 um; benzene nu11 at 673 included),,,,,,,,,,
3232,matrix,PAHdb experimental 3.10 (Ar matrix),uid 540,"dibenzo[jk, a1b1]octacene or dianthraceno-pyrene",C40H22+,1,40,540,,,850.3,5.65,relative (PAHdb experimental),,,,,10.1016/j.saa.2014.04.017,matrix,CH-oop (10.5-15 um; benzene nu11 at 673 included),,,,,,,,,,
3233,matrix,PAHdb experimental 3.10 (Ar matrix),uid 540,"dibenzo[jk, a1b1]octacene or dianthraceno-pyrene",C40H22+,1,40,540,,,877.4,2.82,relative (PAHdb experimental),,,,,10.1016/j.saa.2014.04.017,matrix,CH-oop (10.5-15 um; benzene nu11 at 673 included),,,,,,,,,,
3234,matrix,PAHdb experimental 3.10 (Ar matrix),uid 540,"dibenzo[jk, a1b1]octacene or dianthraceno-pyrene",C40H22+,1,40,540,,,884.9,24.98,relative (PAHdb experimental),,,,,10.1016/j.saa.2014.04.017,matrix,CH-oop (10.5-15 um; benzene nu11 at 673 included),,,,,,,,,,
3235,matrix,PAHdb experimental 3.10 (Ar matrix),uid 540,"dibenzo[jk, a1b1]octacene or dianthraceno-pyrene",C40H22+,1,40,540,,,896.8,18.84,relative (PAHdb experimental),,,,,10.1016/j.saa.2014.04.017,matrix,CH-oop (10.5-15 um; benzene nu11 at 673 included),,,,,,,,,,
3236,matrix,PAHdb experimental 3.10 (Ar matrix),uid 540,"dibenzo[jk, a1b1]octacene or dianthraceno-pyrene",C40H22+,1,40,540,,,896.8,18.84,relative (PAHdb experimental),,,,,10.1016/j.saa.2014.04.017,matrix,CH-oop (10.5-15 um; benzene nu11 at 673 included),,,,,,,,,,
3237,matrix,PAHdb experimental 3.10 (Ar matrix),uid 540,"dibenzo[jk, a1b1]octacene or dianthraceno-pyrene",C40H22+,1,40,540,,,902.6,26.36,relative (PAHdb experimental),,,,,10.1016/j.saa.2014.04.017,matrix,CH-oop (10.5-15 um; benzene nu11 at 673 included),,,,,,,,,,
3238,matrix,PAHdb experimental 3.10 (Ar matrix),uid 540,"dibenzo[jk, a1b1]octacene or dianthraceno-pyrene",C40H22+,1,40,540,,,902.6,26.36,relative (PAHdb experimental),,,,,10.1016/j.saa.2014.04.017,matrix,CH-oop (10.5-15 um; benzene nu11 at 673 included),,,,,,,,,,
3239,matrix,PAHdb experimental 3.10 (Ar matrix),uid 540,"dibenzo[jk, a1b1]octacene or dianthraceno-pyrene",C40H22+,1,40,540,,,919.8,65.3,relative (PAHdb experimental),,,,,10.1016/j.saa.2014.04.017,matrix,CH-oop (10.5-15 um; benzene nu11 at 673 included),,,,,,,,,,
3240,matrix,PAHdb experimental 3.10 (Ar matrix),uid 540,"dibenzo[jk, a1b1]octacene or dianthraceno-pyrene",C40H22+,1,40,540,,,919.8,65.3,relative (PAHdb experimental),,,,,10.1016/j.saa.2014.04.017,matrix,CH-oop (10.5-15 um; benzene nu11 at 673 included),,,,,,,,,,
3241,matrix,PAHdb experimental 3.10 (Ar matrix),uid 540,"dibenzo[jk, a1b1]octacene or dianthraceno-pyrene",C40H22+,1,40,540,,,928.8,167.48,relative (PAHdb experimental),,,,,10.1016/j.saa.2014.04.017,matrix,CH-oop (10.5-15 um; benzene nu11 at 673 included),,,,,,,,,,
3242,matrix,PAHdb experimental 3.10 (Ar matrix),uid 540,"dibenzo[jk, a1b1]octacene or dianthraceno-pyrene",C40H22+,1,40,540,,,931.5,167.48,relative (PAHdb experimental),,,,,10.1016/j.saa.2014.04.017,matrix,CH-oop (10.5-15 um; benzene nu11 at 673 included),,,,,,,,,,
3243,matrix,PAHdb experimental 3.10 (Ar matrix),uid 540,"dibenzo[jk, a1b1]octacene or dianthraceno-pyrene",C40H22+,1,40,540,,,970.7,12.71,relative (PAHdb experimental),,,,,10.1016/j.saa.2014.04.017,matrix,ring / CH-ip (9-10.5 um),,,,,,,,,,
3244,matrix,PAHdb experimental 3.10 (Ar matrix),uid 540,"dibenzo[jk, a1b1]octacene or dianthraceno-pyrene",C40H22+,1,40,540,,,1000.2,6.51,relative (PAHdb experimental),,,,,10.1016/j.saa.2014.04.017,matrix,ring / CH-ip (9-10.5 um),,,,,,,,,,
3245,matrix,PAHdb experimental 3.10 (Ar matrix),uid 540,"dibenzo[jk, a1b1]octacene or dianthraceno-pyrene",C40H22+,1,40,540,,,1011.3,27.9,relative (PAHdb experimental),,,,,10.1016/j.saa.2014.04.017,matrix,ring / CH-ip (9-10.5 um),,,,,,,,,,
3246,matrix,PAHdb experimental 3.10 (Ar matrix),uid 540,"dibenzo[jk, a1b1]octacene or dianthraceno-pyrene",C40H22+,1,40,540,,,1024.5,33.81,relative (PAHdb experimental),,,,,10.1016/j.saa.2014.04.017,matrix,ring / CH-ip (9-10.5 um),,,,,,,,,,
3247,matrix,PAHdb experimental 3.10 (Ar matrix),uid 540,"dibenzo[jk, a1b1]octacene or dianthraceno-pyrene",C40H22+,1,40,540,,,1033.3,14.91,relative (PAHdb experimental),,,,,10.1016/j.saa.2014.04.017,matrix,ring / CH-ip (9-10.5 um),,,,,,,,,,
3248,matrix,PAHdb experimental 3.10 (Ar matrix),uid 540,"dibenzo[jk, a1b1]octacene or dianthraceno-pyrene",C40H22+,1,40,540,,,1047.1,68.82,relative (PAHdb experimental),,,,,10.1016/j.saa.2014.04.017,matrix,ring / CH-ip (9-10.5 um),,,,,,,,,,
3249,matrix,PAHdb experimental 3.10 (Ar matrix),uid 540,"dibenzo[jk, a1b1]octacene or dianthraceno-pyrene",C40H22+,1,40,540,,,1056.5,20.26,relative (PAHdb experimental),,,,,10.1016/j.saa.2014.04.017,matrix,ring / CH-ip (9-10.5 um),,,,,,,,,,
3250,matrix,PAHdb experimental 3.10 (Ar matrix),uid 540,"dibenzo[jk, a1b1]octacene or dianthraceno-pyrene",C40H22+,1,40,540,,,1066.1,33.23,relative (PAHdb experimental),,,,,10.1016/j.saa.2014.04.017,matrix,ring / CH-ip (9-10.5 um),,,,,,,,,,
3251,matrix,PAHdb experimental 3.10 (Ar matrix),uid 540,"dibenzo[jk, a1b1]octacene or dianthraceno-pyrene",C40H22+,1,40,540,,,1092.6,4.68,relative (PAHdb experimental),,,,,10.1016/j.saa.2014.04.017,matrix,ring / CH-ip (9-10.5 um),,,,,,,,,,
3252,matrix,PAHdb experimental 3.10 (Ar matrix),uid 540,"dibenzo[jk, a1b1]octacene or dianthraceno-pyrene",C40H22+,1,40,540,,,1150.6,68.82,relative (PAHdb experimental),,,,,10.1016/j.saa.2014.04.017,matrix,CH-ip-bend (8.6 um),,,,,,,,,,
3253,matrix,PAHdb experimental 3.10 (Ar matrix),uid 540,"dibenzo[jk, a1b1]octacene or dianthraceno-pyrene",C40H22+,1,40,540,,,1152.0,70.55,relative (PAHdb experimental),,,,,10.1016/j.saa.2014.04.017,matrix,CH-ip-bend (8.6 um),,,,,,,,,,
3254,matrix,PAHdb experimental 3.10 (Ar matrix),uid 540,"dibenzo[jk, a1b1]octacene or dianthraceno-pyrene",C40H22+,1,40,540,,,1163.5,79.54,relative (PAHdb experimental),,,,,10.1016/j.saa.2014.04.017,matrix,CH-ip-bend (8.6 um),,,,,,,,,,
3255,matrix,PAHdb experimental 3.10 (Ar matrix),uid 540,"dibenzo[jk, a1b1]octacene or dianthraceno-pyrene",C40H22+,1,40,540,,,1174.2,66.91,relative (PAHdb experimental),,,,,10.1016/j.saa.2014.04.017,matrix,CH-ip-bend (8.6 um),,,,,,,,,,
3256,matrix,PAHdb experimental 3.10 (Ar matrix),uid 540,"dibenzo[jk, a1b1]octacene or dianthraceno-pyrene",C40H22+,1,40,540,,,1184.8,243.72,relative (PAHdb experimental),,,,,10.1016/j.saa.2014.04.017,matrix,CH-ip-bend (8.6 um),,,,,,,,,,
3257,matrix,PAHdb experimental 3.10 (Ar matrix),uid 540,"dibenzo[jk, a1b1]octacene or dianthraceno-pyrene",C40H22+,1,40,540,,,1200.7,88.18,relative (PAHdb experimental),,,,,10.1016/j.saa.2014.04.017,matrix,CH-ip-bend (8.6 um),,,,,,,,,,
3258,matrix,PAHdb experimental 3.10 (Ar matrix),uid 540,"dibenzo[jk, a1b1]octacene or dianthraceno-pyrene",C40H22+,1,40,540,,,1206.9,29.57,relative (PAHdb experimental),,,,,10.1016/j.saa.2014.04.017,matrix,CH-ip-bend (8.6 um),,,,,,,,,,
3259,matrix,PAHdb experimental 3.10 (Ar matrix),uid 540,"dibenzo[jk, a1b1]octacene or dianthraceno-pyrene",C40H22+,1,40,540,,,1221.6,163.29,relative (PAHdb experimental),,,,,10.1016/j.saa.2014.04.017,matrix,CH-ip-bend (8.6 um),,,,,,,,,,
3260,matrix,PAHdb experimental 3.10 (Ar matrix),uid 540,"dibenzo[jk, a1b1]octacene or dianthraceno-pyrene",C40H22+,1,40,540,,,1231.9,20.81,relative (PAHdb experimental),,,,,10.1016/j.saa.2014.04.017,matrix,CH-ip-bend (8.6 um),,,,,,,,,,
3261,matrix,PAHdb experimental 3.10 (Ar matrix),uid 540,"dibenzo[jk, a1b1]octacene or dianthraceno-pyrene",C40H22+,1,40,540,,,1239.2,11.37,relative (PAHdb experimental),,,,,10.1016/j.saa.2014.04.017,matrix,CH-ip-bend (8.6 um),,,,,,,,,,
3262,matrix,PAHdb experimental 3.10 (Ar matrix),uid 540,"dibenzo[jk, a1b1]octacene or dianthraceno-pyrene",C40H22+,1,40,540,,,1260.7,88.21,relative (PAHdb experimental),,,,,10.1016/j.saa.2014.04.017,matrix,CC-stretch/CH-ip (7.7 um),,,,,,,,,,
3263,matrix,PAHdb experimental 3.10 (Ar matrix),uid 540,"dibenzo[jk, a1b1]octacene or dianthraceno-pyrene",C40H22+,1,40,540,,,1272.9,80.32,relative (PAHdb experimental),,,,,10.1016/j.saa.2014.04.017,matrix,CC-stretch/CH-ip (7.7 um),,,,,,,,,,
3264,matrix,PAHdb experimental 3.10 (Ar matrix),uid 540,"dibenzo[jk, a1b1]octacene or dianthraceno-pyrene",C40H22+,1,40,540,,,1285.3,100.29,relative (PAHdb experimental),,,,,10.1016/j.saa.2014.04.017,matrix,CC-stretch/CH-ip (7.7 um),,,,,,,,,,
3265,matrix,PAHdb experimental 3.10 (Ar matrix),uid 540,"dibenzo[jk, a1b1]octacene or dianthraceno-pyrene",C40H22+,1,40,540,,,1313.3,141.49,relative (PAHdb experimental),,,,,10.1016/j.saa.2014.04.017,matrix,CC-stretch/CH-ip (7.7 um),,,,,,,,,,
3266,matrix,PAHdb experimental 3.10 (Ar matrix),uid 540,"dibenzo[jk, a1b1]octacene or dianthraceno-pyrene",C40H22+,1,40,540,,,1328.7,136.81,relative (PAHdb experimental),,,,,10.1016/j.saa.2014.04.017,matrix,CC-stretch/CH-ip (7.7 um),,,,,,,,,,
3267,matrix,PAHdb experimental 3.10 (Ar matrix),uid 540,"dibenzo[jk, a1b1]octacene or dianthraceno-pyrene",C40H22+,1,40,540,,,1343.0,0.83,relative (PAHdb experimental),,,,,10.1016/j.saa.2014.04.017,matrix,CC-stretch/CH-ip (7.7 um),,,,,,,,,,
3268,matrix,PAHdb experimental 3.10 (Ar matrix),uid 540,"dibenzo[jk, a1b1]octacene or dianthraceno-pyrene",C40H22+,1,40,540,,,1347.1,10.58,relative (PAHdb experimental),,,,,10.1016/j.saa.2014.04.017,matrix,CC-stretch/CH-ip (7.7 um),,,,,,,,,,
3269,matrix,PAHdb experimental 3.10 (Ar matrix),uid 540,"dibenzo[jk, a1b1]octacene or dianthraceno-pyrene",C40H22+,1,40,540,,,1351.1,11.54,relative (PAHdb experimental),,,,,10.1016/j.saa.2014.04.017,matrix,CC-stretch/CH-ip (7.7 um),,,,,,,,,,
3270,matrix,PAHdb experimental 3.10 (Ar matrix),uid 540,"dibenzo[jk, a1b1]octacene or dianthraceno-pyrene",C40H22+,1,40,540,,,1360.7,61.13,relative (PAHdb experimental),,,,,10.1016/j.saa.2014.04.017,matrix,CC-stretch/CH-ip (7.7 um),,,,,,,,,,
3271,matrix,PAHdb experimental 3.10 (Ar matrix),uid 540,"dibenzo[jk, a1b1]octacene or dianthraceno-pyrene",C40H22+,1,40,540,,,1367.8,100.69,relative (PAHdb experimental),,,,,10.1016/j.saa.2014.04.017,matrix,CC-stretch/CH-ip (7.7 um),,,,,,,,,,
3272,matrix,PAHdb experimental 3.10 (Ar matrix),uid 540,"dibenzo[jk, a1b1]octacene or dianthraceno-pyrene",C40H22+,1,40,540,,,1384.7,6.25,relative (PAHdb experimental),,,,,10.1016/j.saa.2014.04.017,matrix,CC-stretch/CH-ip (7.7 um),,,,,,,,,,
3273,matrix,PAHdb experimental 3.10 (Ar matrix),uid 540,"dibenzo[jk, a1b1]octacene or dianthraceno-pyrene",C40H22+,1,40,540,,,1390.9,1.85,relative (PAHdb experimental),,,,,10.1016/j.saa.2014.04.017,matrix,CC-stretch/CH-ip (7.7 um),,,,,,,,,,
3274,matrix,PAHdb experimental 3.10 (Ar matrix),uid 540,"dibenzo[jk, a1b1]octacene or dianthraceno-pyrene",C40H22+,1,40,540,,,1401.0,12.85,relative (PAHdb experimental),,,,,10.1016/j.saa.2014.04.017,matrix,CC-stretch/CH-ip (7.7 um),,,,,,,,,,
3275,matrix,PAHdb experimental 3.10 (Ar matrix),uid 540,"dibenzo[jk, a1b1]octacene or dianthraceno-pyrene",C40H22+,1,40,540,,,1406.3,14.57,relative (PAHdb experimental),,,,,10.1016/j.saa.2014.04.017,matrix,CC-stretch/CH-ip (7.7 um),,,,,,,,,,
3276,matrix,PAHdb experimental 3.10 (Ar matrix),uid 540,"dibenzo[jk, a1b1]octacene or dianthraceno-pyrene",C40H22+,1,40,540,,,1420.8,56.65,relative (PAHdb experimental),,,,,10.1016/j.saa.2014.04.017,matrix,CC-stretch/CH-ip (7.7 um),,,,,,,,,,
3277,matrix,PAHdb experimental 3.10 (Ar matrix),uid 540,"dibenzo[jk, a1b1]octacene or dianthraceno-pyrene",C40H22+,1,40,540,,,1441.9,96.1,relative (PAHdb experimental),,,,,10.1016/j.saa.2014.04.017,matrix,CC-stretch/CH-ip (7.7 um),,,,,,,,,,
3278,matrix,PAHdb experimental 3.10 (Ar matrix),uid 540,"dibenzo[jk, a1b1]octacene or dianthraceno-pyrene",C40H22+,1,40,540,,,1470.2,84.12,relative (PAHdb experimental),,,,,10.1016/j.saa.2014.04.017,matrix,CC-stretch/CH-ip (7.7 um),,,,,,,,,,
3279,matrix,PAHdb experimental 3.10 (Ar matrix),uid 540,"dibenzo[jk, a1b1]octacene or dianthraceno-pyrene",C40H22+,1,40,540,,,1493.3,25.4,relative (PAHdb experimental),,,,,10.1016/j.saa.2014.04.017,matrix,CC-stretch/CH-ip (7.7 um),,,,,,,,,,
3280,matrix,PAHdb experimental 3.10 (Ar matrix),uid 540,"dibenzo[jk, a1b1]octacene or dianthraceno-pyrene",C40H22+,1,40,540,,,1511.0,22.16,relative (PAHdb experimental),,,,,10.1016/j.saa.2014.04.017,matrix,CC-stretch (6.2 um),,,,,,,,,,
3281,matrix,PAHdb experimental 3.10 (Ar matrix),uid 540,"dibenzo[jk, a1b1]octacene or dianthraceno-pyrene",C40H22+,1,40,540,,,1529.6,28.47,relative (PAHdb experimental),,,,,10.1016/j.saa.2014.04.017,matrix,CC-stretch (6.2 um),,,,,,,,,,
3282,matrix,PAHdb experimental 3.10 (Ar matrix),uid 540,"dibenzo[jk, a1b1]octacene or dianthraceno-pyrene",C40H22+,1,40,540,,,1556.1,21.0,relative (PAHdb experimental),,,,,10.1016/j.saa.2014.04.017,matrix,CC-stretch (6.2 um),,,,,,,,,,
3283,matrix,PAHdb experimental 3.10 (Ar matrix),uid 540,"dibenzo[jk, a1b1]octacene or dianthraceno-pyrene",C40H22+,1,40,540,,,1584.3,4.83,relative (PAHdb experimental),,,,,10.1016/j.saa.2014.04.017,matrix,CC-stretch (6.2 um),,,,,,,,,,
3284,matrix,PAHdb experimental 3.10 (Ar matrix),uid 540,"dibenzo[jk, a1b1]octacene or dianthraceno-pyrene",C40H22+,1,40,540,,,1590.0,41.64,relative (PAHdb experimental),,,,,10.1016/j.saa.2014.04.017,matrix,CC-stretch (6.2 um),,,,,,,,,,
3285,matrix,PAHdb experimental 3.10 (Ar matrix),uid 540,"dibenzo[jk, a1b1]octacene or dianthraceno-pyrene",C40H22+,1,40,540,,,1593.9,15.96,relative (PAHdb experimental),,,,,10.1016/j.saa.2014.04.017,matrix,CC-stretch (6.2 um),,,,,,,,,,
3286,matrix,PAHdb experimental 3.10 (Ar matrix),uid 540,"dibenzo[jk, a1b1]octacene or dianthraceno-pyrene",C40H22+,1,40,540,,,1611.0,159.75,relative (PAHdb experimental),,,,,10.1016/j.saa.2014.04.017,matrix,CC-stretch (6.2 um),,,,,,,,,,
3287,matrix,PAHdb experimental 3.10 (Ar matrix),uid 540,"dibenzo[jk, a1b1]octacene or dianthraceno-pyrene",C40H22+,1,40,540,,,1664.2,28.29,relative (PAHdb experimental),,,,,10.1016/j.saa.2014.04.017,matrix,overtone / combination region,,,,,,,,,,
3288,matrix,PAHdb experimental 3.10 (Ar matrix),uid 540,"dibenzo[jk, a1b1]octacene or dianthraceno-pyrene",C40H22+,1,40,540,,,1689.2,230.54,relative (PAHdb experimental),,,,,10.1016/j.saa.2014.04.017,matrix,overtone / combination region,,,,,,,,,,
3289,matrix,PAHdb experimental 3.10 (Ar matrix),uid 540,"dibenzo[jk, a1b1]octacene or dianthraceno-pyrene",C40H22+,1,40,540,,,1802.2,80.52,relative (PAHdb experimental),,,,,10.1016/j.saa.2014.04.017,matrix,overtone / combination region,,,,,,,,,,
3290,matrix,PAHdb experimental 3.10 (Ar matrix),uid 540,"dibenzo[jk, a1b1]octacene or dianthraceno-pyrene",C40H22+,1,40,540,,,1861.3,0.61,relative (PAHdb experimental),,,,,10.1016/j.saa.2014.04.017,matrix,overtone / combination region,,,,,,,,,,
3291,matrix,PAHdb experimental 3.10 (Ar matrix),uid 540,"dibenzo[jk, a1b1]octacene or dianthraceno-pyrene",C40H22+,1,40,540,,,1863.9,2.45,relative (PAHdb experimental),,,,,10.1016/j.saa.2014.04.017,matrix,overtone / combination region,,,,,,,,,,
3292,matrix,PAHdb experimental 3.10 (Ar matrix),uid 540,"dibenzo[jk, a1b1]octacene or dianthraceno-pyrene",C40H22+,1,40,540,,,2127.3,98.78,relative (PAHdb experimental),,,,,10.1016/j.saa.2014.04.017,matrix,overtone / combination region,,,,,,,,,,
3293,matrix,PAHdb experimental 3.10 (Ar matrix),uid 540,"dibenzo[jk, a1b1]octacene or dianthraceno-pyrene",C40H22+,1,40,540,,,2176.7,17.18,relative (PAHdb experimental),,,,,10.1016/j.saa.2014.04.017,matrix,overtone / combination region,,,,,,,,,,
3294,matrix,PAHdb experimental 3.10 (Ar matrix),uid 540,"dibenzo[jk, a1b1]octacene or dianthraceno-pyrene",C40H22+,1,40,540,,,2215.4,28.81,relative (PAHdb experimental),,,,,10.1016/j.saa.2014.04.017,matrix,overtone / combination region,,,,,,,,,,
3295,matrix,PAHdb experimental 3.10 (Ar matrix),uid 540,"dibenzo[jk, a1b1]octacene or dianthraceno-pyrene",C40H22+,1,40,540,,,2385.1,3.26,relative (PAHdb experimental),,,,,10.1016/j.saa.2014.04.017,matrix,overtone / combination region,,,,,,,,,,
3296,matrix,PAHdb experimental 3.10 (Ar matrix),uid 540,"dibenzo[jk, a1b1]octacene or dianthraceno-pyrene",C40H22+,1,40,540,,,2516.0,6.82,relative (PAHdb experimental),,,,,10.1016/j.saa.2014.04.017,matrix,overtone / combination region,,,,,,,,,,
3297,matrix,PAHdb experimental 3.10 (Ar matrix),uid 540,"dibenzo[jk, a1b1]octacene or dianthraceno-pyrene",C40H22+,1,40,540,,,2716.2,11.42,relative (PAHdb experimental),,,,,10.1016/j.saa.2014.04.017,matrix,overtone / combination region,,,,,,,,,,
3298,matrix,PAHdb experimental 3.10 (Ar matrix),uid 540,"dibenzo[jk, a1b1]octacene or dianthraceno-pyrene",C40H22+,1,40,540,,,2779.0,39.57,relative (PAHdb experimental),,,,,10.1016/j.saa.2014.04.017,matrix,overtone / combination region,,,,,,,,,,
3299,matrix,PAHdb experimental 3.10 (Ar matrix),uid 540,"dibenzo[jk, a1b1]octacene or dianthraceno-pyrene",C40H22+,1,40,540,,,2851.3,20.02,relative (PAHdb experimental),,,,,10.1016/j.saa.2014.04.017,matrix,overtone / combination region,,,,,,,,,,
3300,matrix,PAHdb experimental 3.10 (Ar matrix),uid 540,"dibenzo[jk, a1b1]octacene or dianthraceno-pyrene",C40H22+,1,40,540,,,2872.9,2.43,relative (PAHdb experimental),,,,,10.1016/j.saa.2014.04.017,matrix,overtone / combination region,,,,,,,,,,
3301,matrix,PAHdb experimental 3.10 (Ar matrix),uid 540,"dibenzo[jk, a1b1]octacene or dianthraceno-pyrene",C40H22+,1,40,540,,,4603.8,1885.1,relative (PAHdb experimental),,,,,10.1016/j.saa.2014.04.017,matrix,above 3200,,,,,,,,,,
3302,matrix,PAHdb experimental 3.10 (Ar matrix),uid 134,"1,14-benzodinaptho-(1"""",7"""";2,4),(7\'"""",1\'"""";11,13)-bisanthene",C42H18,0,42,134,,,493.2,2.8212,relative (PAHdb experimental),,,,,,matrix,low / skeletal,,,,,,,,,,
3303,matrix,PAHdb experimental 3.10 (Ar matrix),uid 134,"1,14-benzodinaptho-(1"""",7"""";2,4),(7\'"""",1\'"""";11,13)-bisanthene",C42H18,0,42,134,,,499.5,1.6961,relative (PAHdb experimental),,,,,,matrix,low / skeletal,,,,,,,,,,
3304,matrix,PAHdb experimental 3.10 (Ar matrix),uid 134,"1,14-benzodinaptho-(1"""",7"""";2,4),(7\'"""",1\'"""";11,13)-bisanthene",C42H18,0,42,134,,,530.8,2.8884,relative (PAHdb experimental),,,,,,matrix,low / skeletal,,,,,,,,,,
3305,matrix,PAHdb experimental 3.10 (Ar matrix),uid 134,"1,14-benzodinaptho-(1"""",7"""";2,4),(7\'"""",1\'"""";11,13)-bisanthene",C42H18,0,42,134,,,536.7,1.5042,relative (PAHdb experimental),,,,,,matrix,low / skeletal,,,,,,,,,,
3306,matrix,PAHdb experimental 3.10 (Ar matrix),uid 134,"1,14-benzodinaptho-(1"""",7"""";2,4),(7\'"""",1\'"""";11,13)-bisanthene",C42H18,0,42,134,,,561.3,2.3102,relative (PAHdb experimental),,,,,,matrix,low / skeletal,,,,,,,,,,
3307,matrix,PAHdb experimental 3.10 (Ar matrix),uid 134,"1,14-benzodinaptho-(1"""",7"""";2,4),(7\'"""",1\'"""";11,13)-bisanthene",C42H18,0,42,134,,,570.6,1.2573,relative (PAHdb experimental),,,,,,matrix,low / skeletal,,,,,,,,,,
3308,matrix,PAHdb experimental 3.10 (Ar matrix),uid 134,"1,14-benzodinaptho-(1"""",7"""";2,4),(7\'"""",1\'"""";11,13)-bisanthene",C42H18,0,42,134,,,598.6,2.2358,relative (PAHdb experimental),,,,,,matrix,low / skeletal,,,,,,,,,,
3309,matrix,PAHdb experimental 3.10 (Ar matrix),uid 134,"1,14-benzodinaptho-(1"""",7"""";2,4),(7\'"""",1\'"""";11,13)-bisanthene",C42H18,0,42,134,,,629.8,0.28023,relative (PAHdb experimental),,,,,,matrix,low / skeletal,,,,,,,,,,
3310,matrix,PAHdb experimental 3.10 (Ar matrix),uid 134,"1,14-benzodinaptho-(1"""",7"""";2,4),(7\'"""",1\'"""";11,13)-bisanthene",C42H18,0,42,134,,,642.4,0.61461,relative (PAHdb experimental),,,,,,matrix,low / skeletal,,,,,,,,,,
3311,matrix,PAHdb experimental 3.10 (Ar matrix),uid 134,"1,14-benzodinaptho-(1"""",7"""";2,4),(7\'"""",1\'"""";11,13)-bisanthene",C42H18,0,42,134,,,663.9,5.711,relative (PAHdb experimental),,,,,,matrix,CH-oop (10.5-15 um; benzene nu11 at 673 included),,,,,,,,,,
3312,matrix,PAHdb experimental 3.10 (Ar matrix),uid 134,"1,14-benzodinaptho-(1"""",7"""";2,4),(7\'"""",1\'"""";11,13)-bisanthene",C42H18,0,42,134,,,717.5,15.74,relative (PAHdb experimental),,,,,,matrix,CH-oop (10.5-15 um; benzene nu11 at 673 included),,,,,,,,,,
3313,matrix,PAHdb experimental 3.10 (Ar matrix),uid 134,"1,14-benzodinaptho-(1"""",7"""";2,4),(7\'"""",1\'"""";11,13)-bisanthene",C42H18,0,42,134,,,725.0,1.584,relative (PAHdb experimental),,,,,,matrix,CH-oop (10.5-15 um; benzene nu11 at 673 included),,,,,,,,,,
3314,matrix,PAHdb experimental 3.10 (Ar matrix),uid 134,"1,14-benzodinaptho-(1"""",7"""";2,4),(7\'"""",1\'"""";11,13)-bisanthene",C42H18,0,42,134,,,753.4,7.1137,relative (PAHdb experimental),,,,,,matrix,CH-oop (10.5-15 um; benzene nu11 at 673 included),,,,,,,,,,
3315,matrix,PAHdb experimental 3.10 (Ar matrix),uid 134,"1,14-benzodinaptho-(1"""",7"""";2,4),(7\'"""",1\'"""";11,13)-bisanthene",C42H18,0,42,134,,,760.6,19.682,relative (PAHdb experimental),,,,,,matrix,CH-oop (10.5-15 um; benzene nu11 at 673 included),,,,,,,,,,
3316,matrix,PAHdb experimental 3.10 (Ar matrix),uid 134,"1,14-benzodinaptho-(1"""",7"""";2,4),(7\'"""",1\'"""";11,13)-bisanthene",C42H18,0,42,134,,,781.1,36.685,relative (PAHdb experimental),,,,,,matrix,CH-oop (10.5-15 um; benzene nu11 at 673 included),,,,,,,,,,
3317,matrix,PAHdb experimental 3.10 (Ar matrix),uid 134,"1,14-benzodinaptho-(1"""",7"""";2,4),(7\'"""",1\'"""";11,13)-bisanthene",C42H18,0,42,134,,,799.7,3.6286,relative (PAHdb experimental),,,,,,matrix,CH-oop (10.5-15 um; benzene nu11 at 673 included),,,,,,,,,,
3318,matrix,PAHdb experimental 3.10 (Ar matrix),uid 134,"1,14-benzodinaptho-(1"""",7"""";2,4),(7\'"""",1\'"""";11,13)-bisanthene",C42H18,0,42,134,,,814.0,41.915,relative (PAHdb experimental),,,,,,matrix,CH-oop (10.5-15 um; benzene nu11 at 673 included),,,,,,,,,,
3319,matrix,PAHdb experimental 3.10 (Ar matrix),uid 134,"1,14-benzodinaptho-(1"""",7"""";2,4),(7\'"""",1\'"""";11,13)-bisanthene",C42H18,0,42,134,,,827.1,0.49724,relative (PAHdb experimental),,,,,,matrix,CH-oop (10.5-15 um; benzene nu11 at 673 included),,,,,,,,,,
3320,matrix,PAHdb experimental 3.10 (Ar matrix),uid 134,"1,14-benzodinaptho-(1"""",7"""";2,4),(7\'"""",1\'"""";11,13)-bisanthene",C42H18,0,42,134,,,829.5,3.8417,relative (PAHdb experimental),,,,,,matrix,CH-oop (10.5-15 um; benzene nu11 at 673 included),,,,,,,,,,
3321,matrix,PAHdb experimental 3.10 (Ar matrix),uid 134,"1,14-benzodinaptho-(1"""",7"""";2,4),(7\'"""",1\'"""";11,13)-bisanthene",C42H18,0,42,134,,,836.2,3.1295,relative (PAHdb experimental),,,,,,matrix,CH-oop (10.5-15 um; benzene nu11 at 673 included),,,,,,,,,,
3322,matrix,PAHdb experimental 3.10 (Ar matrix),uid 134,"1,14-benzodinaptho-(1"""",7"""";2,4),(7\'"""",1\'"""";11,13)-bisanthene",C42H18,0,42,134,,,865.4,2.7442,relative (PAHdb experimental),,,,,,matrix,CH-oop (10.5-15 um; benzene nu11 at 673 included),,,,,,,,,,
3323,matrix,PAHdb experimental 3.10 (Ar matrix),uid 134,"1,14-benzodinaptho-(1"""",7"""";2,4),(7\'"""",1\'"""";11,13)-bisanthene",C42H18,0,42,134,,,870.0,1.4354,relative (PAHdb experimental),,,,,,matrix,CH-oop (10.5-15 um; benzene nu11 at 673 included),,,,,,,,,,
3324,matrix,PAHdb experimental 3.10 (Ar matrix),uid 134,"1,14-benzodinaptho-(1"""",7"""";2,4),(7\'"""",1\'"""";11,13)-bisanthene",C42H18,0,42,134,,,879.5,0.88286,relative (PAHdb experimental),,,,,,matrix,CH-oop (10.5-15 um; benzene nu11 at 673 included),,,,,,,,,,
3325,matrix,PAHdb experimental 3.10 (Ar matrix),uid 134,"1,14-benzodinaptho-(1"""",7"""";2,4),(7\'"""",1\'"""";11,13)-bisanthene",C42H18,0,42,134,,,892.0,4.9425,relative (PAHdb experimental),,,,,,matrix,CH-oop (10.5-15 um; benzene nu11 at 673 included),,,,,,,,,,
3326,matrix,PAHdb experimental 3.10 (Ar matrix),uid 134,"1,14-benzodinaptho-(1"""",7"""";2,4),(7\'"""",1\'"""";11,13)-bisanthene",C42H18,0,42,134,,,943.3,0.65324,relative (PAHdb experimental),,,,,,matrix,CH-oop (10.5-15 um; benzene nu11 at 673 included),,,,,,,,,,
3327,matrix,PAHdb experimental 3.10 (Ar matrix),uid 134,"1,14-benzodinaptho-(1"""",7"""";2,4),(7\'"""",1\'"""";11,13)-bisanthene",C42H18,0,42,134,,,946.6,0.17978,relative (PAHdb experimental),,,,,,matrix,CH-oop (10.5-15 um; benzene nu11 at 673 included),,,,,,,,,,
3328,matrix,PAHdb experimental 3.10 (Ar matrix),uid 134,"1,14-benzodinaptho-(1"""",7"""";2,4),(7\'"""",1\'"""";11,13)-bisanthene",C42H18,0,42,134,,,954.5,17.213,relative (PAHdb experimental),,,,,,matrix,ring / CH-ip (9-10.5 um),,,,,,,,,,
3329,matrix,PAHdb experimental 3.10 (Ar matrix),uid 134,"1,14-benzodinaptho-(1"""",7"""";2,4),(7\'"""",1\'"""";11,13)-bisanthene",C42H18,0,42,134,,,1027.7,0.56062,relative (PAHdb experimental),,,,,,matrix,ring / CH-ip (9-10.5 um),,,,,,,,,,
3330,matrix,PAHdb experimental 3.10 (Ar matrix),uid 134,"1,14-benzodinaptho-(1"""",7"""";2,4),(7\'"""",1\'"""";11,13)-bisanthene",C42H18,0,42,134,,,1041.2,3.3637,relative (PAHdb experimental),,,,,,matrix,ring / CH-ip (9-10.5 um),,,,,,,,,,
3331,matrix,PAHdb experimental 3.10 (Ar matrix),uid 134,"1,14-benzodinaptho-(1"""",7"""";2,4),(7\'"""",1\'"""";11,13)-bisanthene",C42H18,0,42,134,,,1077.9,5.2173,relative (PAHdb experimental),,,,,,matrix,ring / CH-ip (9-10.5 um),,,,,,,,,,
3332,matrix,PAHdb experimental 3.10 (Ar matrix),uid 134,"1,14-benzodinaptho-(1"""",7"""";2,4),(7\'"""",1\'"""";11,13)-bisanthene",C42H18,0,42,134,,,1081.6,1.65,relative (PAHdb experimental),,,,,,matrix,ring / CH-ip (9-10.5 um),,,,,,,,,,
3333,matrix,PAHdb experimental 3.10 (Ar matrix),uid 134,"1,14-benzodinaptho-(1"""",7"""";2,4),(7\'"""",1\'"""";11,13)-bisanthene",C42H18,0,42,134,,,1093.8,2.4479,relative (PAHdb experimental),,,,,,matrix,ring / CH-ip (9-10.5 um),,,,,,,,,,
3334,matrix,PAHdb experimental 3.10 (Ar matrix),uid 134,"1,14-benzodinaptho-(1"""",7"""";2,4),(7\'"""",1\'"""";11,13)-bisanthene",C42H18,0,42,134,,,1111.3,2.2753,relative (PAHdb experimental),,,,,,matrix,CH-ip-bend (8.6 um),,,,,,,,,,
3335,matrix,PAHdb experimental 3.10 (Ar matrix),uid 134,"1,14-benzodinaptho-(1"""",7"""";2,4),(7\'"""",1\'"""";11,13)-bisanthene",C42H18,0,42,134,,,1129.3,2.9475,relative (PAHdb experimental),,,,,,matrix,CH-ip-bend (8.6 um),,,,,,,,,,
3336,matrix,PAHdb experimental 3.10 (Ar matrix),uid 134,"1,14-benzodinaptho-(1"""",7"""";2,4),(7\'"""",1\'"""";11,13)-bisanthene",C42H18,0,42,134,,,1145.3,1.178,relative (PAHdb experimental),,,,,,matrix,CH-ip-bend (8.6 um),,,,,,,,,,
3337,matrix,PAHdb experimental 3.10 (Ar matrix),uid 134,"1,14-benzodinaptho-(1"""",7"""";2,4),(7\'"""",1\'"""";11,13)-bisanthene",C42H18,0,42,134,,,1164.9,2.0998,relative (PAHdb experimental),,,,,,matrix,CH-ip-bend (8.6 um),,,,,,,,,,
3338,matrix,PAHdb experimental 3.10 (Ar matrix),uid 134,"1,14-benzodinaptho-(1"""",7"""";2,4),(7\'"""",1\'"""";11,13)-bisanthene",C42H18,0,42,134,,,1167.8,1.8145,relative (PAHdb experimental),,,,,,matrix,CH-ip-bend (8.6 um),,,,,,,,,,
3339,matrix,PAHdb experimental 3.10 (Ar matrix),uid 134,"1,14-benzodinaptho-(1"""",7"""";2,4),(7\'"""",1\'"""";11,13)-bisanthene",C42H18,0,42,134,,,1176.9,3.7384,relative (PAHdb experimental),,,,,,matrix,CH-ip-bend (8.6 um),,,,,,,,,,
3340,matrix,PAHdb experimental 3.10 (Ar matrix),uid 134,"1,14-benzodinaptho-(1"""",7"""";2,4),(7\'"""",1\'"""";11,13)-bisanthene",C42H18,0,42,134,,,1194.2,2.6994,relative (PAHdb experimental),,,,,,matrix,CH-ip-bend (8.6 um),,,,,,,,,,
3341,matrix,PAHdb experimental 3.10 (Ar matrix),uid 134,"1,14-benzodinaptho-(1"""",7"""";2,4),(7\'"""",1\'"""";11,13)-bisanthene",C42H18,0,42,134,,,1196.5,1.2971,relative (PAHdb experimental),,,,,,matrix,CH-ip-bend (8.6 um),,,,,,,,,,
3342,matrix,PAHdb experimental 3.10 (Ar matrix),uid 134,"1,14-benzodinaptho-(1"""",7"""";2,4),(7\'"""",1\'"""";11,13)-bisanthene",C42H18,0,42,134,,,1204.6,0.65032,relative (PAHdb experimental),,,,,,matrix,CH-ip-bend (8.6 um),,,,,,,,,,
3343,matrix,PAHdb experimental 3.10 (Ar matrix),uid 134,"1,14-benzodinaptho-(1"""",7"""";2,4),(7\'"""",1\'"""";11,13)-bisanthene",C42H18,0,42,134,,,1211.3,15.486,relative (PAHdb experimental),,,,,,matrix,CH-ip-bend (8.6 um),,,,,,,,,,
3344,matrix,PAHdb experimental 3.10 (Ar matrix),uid 134,"1,14-benzodinaptho-(1"""",7"""";2,4),(7\'"""",1\'"""";11,13)-bisanthene",C42H18,0,42,134,,,1219.4,7.2112,relative (PAHdb experimental),,,,,,matrix,CH-ip-bend (8.6 um),,,,,,,,,,
3345,matrix,PAHdb experimental 3.10 (Ar matrix),uid 134,"1,14-benzodinaptho-(1"""",7"""";2,4),(7\'"""",1\'"""";11,13)-bisanthene",C42H18,0,42,134,,,1225.4,9.3202,relative (PAHdb experimental),,,,,,matrix,CH-ip-bend (8.6 um),,,,,,,,,,
3346,matrix,PAHdb experimental 3.10 (Ar matrix),uid 134,"1,14-benzodinaptho-(1"""",7"""";2,4),(7\'"""",1\'"""";11,13)-bisanthene",C42H18,0,42,134,,,1236.9,16.111,relative (PAHdb experimental),,,,,,matrix,CH-ip-bend (8.6 um),,,,,,,,,,
3347,matrix,PAHdb experimental 3.10 (Ar matrix),uid 134,"1,14-benzodinaptho-(1"""",7"""";2,4),(7\'"""",1\'"""";11,13)-bisanthene",C42H18,0,42,134,,,1255.9,0.70209,relative (PAHdb experimental),,,,,,matrix,CC-stretch/CH-ip (7.7 um),,,,,,,,,,
3348,matrix,PAHdb experimental 3.10 (Ar matrix),uid 134,"1,14-benzodinaptho-(1"""",7"""";2,4),(7\'"""",1\'"""";11,13)-bisanthene",C42H18,0,42,134,,,1262.7,0.64914,relative (PAHdb experimental),,,,,,matrix,CC-stretch/CH-ip (7.7 um),,,,,,,,,,
3349,matrix,PAHdb experimental 3.10 (Ar matrix),uid 134,"1,14-benzodinaptho-(1"""",7"""";2,4),(7\'"""",1\'"""";11,13)-bisanthene",C42H18,0,42,134,,,1293.8,18.884,relative (PAHdb experimental),,,,,,matrix,CC-stretch/CH-ip (7.7 um),,,,,,,,,,
3350,matrix,PAHdb experimental 3.10 (Ar matrix),uid 134,"1,14-benzodinaptho-(1"""",7"""";2,4),(7\'"""",1\'"""";11,13)-bisanthene",C42H18,0,42,134,,,1308.1,13.077,relative (PAHdb experimental),,,,,,matrix,CC-stretch/CH-ip (7.7 um),,,,,,,,,,
3351,matrix,PAHdb experimental 3.10 (Ar matrix),uid 134,"1,14-benzodinaptho-(1"""",7"""";2,4),(7\'"""",1\'"""";11,13)-bisanthene",C42H18,0,42,134,,,1317.2,14.205,relative (PAHdb experimental),,,,,,matrix,CC-stretch/CH-ip (7.7 um),,,,,,,,,,
3352,matrix,PAHdb experimental 3.10 (Ar matrix),uid 134,"1,14-benzodinaptho-(1"""",7"""";2,4),(7\'"""",1\'"""";11,13)-bisanthene",C42H18,0,42,134,,,1321.2,12.938,relative (PAHdb experimental),,,,,,matrix,CC-stretch/CH-ip (7.7 um),,,,,,,,,,
3353,matrix,PAHdb experimental 3.10 (Ar matrix),uid 134,"1,14-benzodinaptho-(1"""",7"""";2,4),(7\'"""",1\'"""";11,13)-bisanthene",C42H18,0,42,134,,,1328.6,58.379,relative (PAHdb experimental),,,,,,matrix,CC-stretch/CH-ip (7.7 um),,,,,,,,,,
3354,matrix,PAHdb experimental 3.10 (Ar matrix),uid 134,"1,14-benzodinaptho-(1"""",7"""";2,4),(7\'"""",1\'"""";11,13)-bisanthene",C42H18,0,42,134,,,1345.0,3.3433,relative (PAHdb experimental),,,,,,matrix,CC-stretch/CH-ip (7.7 um),,,,,,,,,,
3355,matrix,PAHdb experimental 3.10 (Ar matrix),uid 134,"1,14-benzodinaptho-(1"""",7"""";2,4),(7\'"""",1\'"""";11,13)-bisanthene",C42H18,0,42,134,,,1355.2,5.8464,relative (PAHdb experimental),,,,,,matrix,CC-stretch/CH-ip (7.7 um),,,,,,,,,,
3356,matrix,PAHdb experimental 3.10 (Ar matrix),uid 134,"1,14-benzodinaptho-(1"""",7"""";2,4),(7\'"""",1\'"""";11,13)-bisanthene",C42H18,0,42,134,,,1373.9,2.9519,relative (PAHdb experimental),,,,,,matrix,CC-stretch/CH-ip (7.7 um),,,,,,,,,,
3357,matrix,PAHdb experimental 3.10 (Ar matrix),uid 134,"1,14-benzodinaptho-(1"""",7"""";2,4),(7\'"""",1\'"""";11,13)-bisanthene",C42H18,0,42,134,,,1377.3,1.9991,relative (PAHdb experimental),,,,,,matrix,CC-stretch/CH-ip (7.7 um),,,,,,,,,,
3358,matrix,PAHdb experimental 3.10 (Ar matrix),uid 134,"1,14-benzodinaptho-(1"""",7"""";2,4),(7\'"""",1\'"""";11,13)-bisanthene",C42H18,0,42,134,,,1399.3,36.441,relative (PAHdb experimental),,,,,,matrix,CC-stretch/CH-ip (7.7 um),,,,,,,,,,
3359,matrix,PAHdb experimental 3.10 (Ar matrix),uid 134,"1,14-benzodinaptho-(1"""",7"""";2,4),(7\'"""",1\'"""";11,13)-bisanthene",C42H18,0,42,134,,,1427.0,12.063,relative (PAHdb experimental),,,,,,matrix,CC-stretch/CH-ip (7.7 um),,,,,,,,,,
3360,matrix,PAHdb experimental 3.10 (Ar matrix),uid 134,"1,14-benzodinaptho-(1"""",7"""";2,4),(7\'"""",1\'"""";11,13)-bisanthene",C42H18,0,42,134,,,1460.9,26.2,relative (PAHdb experimental),,,,,,matrix,CC-stretch/CH-ip (7.7 um),,,,,,,,,,
3361,matrix,PAHdb experimental 3.10 (Ar matrix),uid 134,"1,14-benzodinaptho-(1"""",7"""";2,4),(7\'"""",1\'"""";11,13)-bisanthene",C42H18,0,42,134,,,1468.9,3.4301,relative (PAHdb experimental),,,,,,matrix,CC-stretch/CH-ip (7.7 um),,,,,,,,,,
3362,matrix,PAHdb experimental 3.10 (Ar matrix),uid 134,"1,14-benzodinaptho-(1"""",7"""";2,4),(7\'"""",1\'"""";11,13)-bisanthene",C42H18,0,42,134,,,1474.6,3.7474,relative (PAHdb experimental),,,,,,matrix,CC-stretch/CH-ip (7.7 um),,,,,,,,,,
3363,matrix,PAHdb experimental 3.10 (Ar matrix),uid 134,"1,14-benzodinaptho-(1"""",7"""";2,4),(7\'"""",1\'"""";11,13)-bisanthene",C42H18,0,42,134,,,1483.0,20.267,relative (PAHdb experimental),,,,,,matrix,CC-stretch/CH-ip (7.7 um),,,,,,,,,,
3364,matrix,PAHdb experimental 3.10 (Ar matrix),uid 134,"1,14-benzodinaptho-(1"""",7"""";2,4),(7\'"""",1\'"""";11,13)-bisanthene",C42H18,0,42,134,,,1508.4,6.148,relative (PAHdb experimental),,,,,,matrix,CC-stretch (6.2 um),,,,,,,,,,
3365,matrix,PAHdb experimental 3.10 (Ar matrix),uid 134,"1,14-benzodinaptho-(1"""",7"""";2,4),(7\'"""",1\'"""";11,13)-bisanthene",C42H18,0,42,134,,,1513.5,16.453,relative (PAHdb experimental),,,,,,matrix,CC-stretch (6.2 um),,,,,,,,,,
3366,matrix,PAHdb experimental 3.10 (Ar matrix),uid 134,"1,14-benzodinaptho-(1"""",7"""";2,4),(7\'"""",1\'"""";11,13)-bisanthene",C42H18,0,42,134,,,1520.9,4.8859,relative (PAHdb experimental),,,,,,matrix,CC-stretch (6.2 um),,,,,,,,,,
3367,matrix,PAHdb experimental 3.10 (Ar matrix),uid 134,"1,14-benzodinaptho-(1"""",7"""";2,4),(7\'"""",1\'"""";11,13)-bisanthene",C42H18,0,42,134,,,1532.2,0.51106,relative (PAHdb experimental),,,,,,matrix,CC-stretch (6.2 um),,,,,,,,,,
3368,matrix,PAHdb experimental 3.10 (Ar matrix),uid 134,"1,14-benzodinaptho-(1"""",7"""";2,4),(7\'"""",1\'"""";11,13)-bisanthene",C42H18,0,42,134,,,1544.8,5.7292,relative (PAHdb experimental),,,,,,matrix,CC-stretch (6.2 um),,,,,,,,,,
3369,matrix,PAHdb experimental 3.10 (Ar matrix),uid 134,"1,14-benzodinaptho-(1"""",7"""";2,4),(7\'"""",1\'"""";11,13)-bisanthene",C42H18,0,42,134,,,1557.2,1.4197,relative (PAHdb experimental),,,,,,matrix,CC-stretch (6.2 um),,,,,,,,,,
3370,matrix,PAHdb experimental 3.10 (Ar matrix),uid 134,"1,14-benzodinaptho-(1"""",7"""";2,4),(7\'"""",1\'"""";11,13)-bisanthene",C42H18,0,42,134,,,1584.1,3.9995,relative (PAHdb experimental),,,,,,matrix,CC-stretch (6.2 um),,,,,,,,,,
3371,matrix,PAHdb experimental 3.10 (Ar matrix),uid 134,"1,14-benzodinaptho-(1"""",7"""";2,4),(7\'"""",1\'"""";11,13)-bisanthene",C42H18,0,42,134,,,1589.1,10.346,relative (PAHdb experimental),,,,,,matrix,CC-stretch (6.2 um),,,,,,,,,,
3372,matrix,PAHdb experimental 3.10 (Ar matrix),uid 134,"1,14-benzodinaptho-(1"""",7"""";2,4),(7\'"""",1\'"""";11,13)-bisanthene",C42H18,0,42,134,,,1592.5,16.687,relative (PAHdb experimental),,,,,,matrix,CC-stretch (6.2 um),,,,,,,,,,
3373,matrix,PAHdb experimental 3.10 (Ar matrix),uid 134,"1,14-benzodinaptho-(1"""",7"""";2,4),(7\'"""",1\'"""";11,13)-bisanthene",C42H18,0,42,134,,,1595.5,16.138,relative (PAHdb experimental),,,,,,matrix,CC-stretch (6.2 um),,,,,,,,,,
3374,matrix,PAHdb experimental 3.10 (Ar matrix),uid 134,"1,14-benzodinaptho-(1"""",7"""";2,4),(7\'"""",1\'"""";11,13)-bisanthene",C42H18,0,42,134,,,1601.5,1.266,relative (PAHdb experimental),,,,,,matrix,CC-stretch (6.2 um),,,,,,,,,,
3375,matrix,PAHdb experimental 3.10 (Ar matrix),uid 134,"1,14-benzodinaptho-(1"""",7"""";2,4),(7\'"""",1\'"""";11,13)-bisanthene",C42H18,0,42,134,,,1615.6,10.22,relative (PAHdb experimental),,,,,,matrix,CC-stretch (6.2 um),,,,,,,,,,
3376,matrix,PAHdb experimental 3.10 (Ar matrix),uid 134,"1,14-benzodinaptho-(1"""",7"""";2,4),(7\'"""",1\'"""";11,13)-bisanthene",C42H18,0,42,134,,,1716.4,0.81339,relative (PAHdb experimental),,,,,,matrix,overtone / combination region,,,,,,,,,,
3377,matrix,PAHdb experimental 3.10 (Ar matrix),uid 134,"1,14-benzodinaptho-(1"""",7"""";2,4),(7\'"""",1\'"""";11,13)-bisanthene",C42H18,0,42,134,,,1721.7,1.0739,relative (PAHdb experimental),,,,,,matrix,overtone / combination region,,,,,,,,,,
3378,matrix,PAHdb experimental 3.10 (Ar matrix),uid 134,"1,14-benzodinaptho-(1"""",7"""";2,4),(7\'"""",1\'"""";11,13)-bisanthene",C42H18,0,42,134,,,1730.6,1.0344,relative (PAHdb experimental),,,,,,matrix,overtone / combination region,,,,,,,,,,
3379,matrix,PAHdb experimental 3.10 (Ar matrix),uid 134,"1,14-benzodinaptho-(1"""",7"""";2,4),(7\'"""",1\'"""";11,13)-bisanthene",C42H18,0,42,134,,,1736.9,0.53414,relative (PAHdb experimental),,,,,,matrix,overtone / combination region,,,,,,,,,,
3380,matrix,PAHdb experimental 3.10 (Ar matrix),uid 134,"1,14-benzodinaptho-(1"""",7"""";2,4),(7\'"""",1\'"""";11,13)-bisanthene",C42H18,0,42,134,,,1750.4,1.6006,relative (PAHdb experimental),,,,,,matrix,overtone / combination region,,,,,,,,,,
3381,matrix,PAHdb experimental 3.10 (Ar matrix),uid 134,"1,14-benzodinaptho-(1"""",7"""";2,4),(7\'"""",1\'"""";11,13)-bisanthene",C42H18,0,42,134,,,1762.2,1.5539,relative (PAHdb experimental),,,,,,matrix,overtone / combination region,,,,,,,,,,
3382,matrix,PAHdb experimental 3.10 (Ar matrix),uid 134,"1,14-benzodinaptho-(1"""",7"""";2,4),(7\'"""",1\'"""";11,13)-bisanthene",C42H18,0,42,134,,,1771.6,3.2399,relative (PAHdb experimental),,,,,,matrix,overtone / combination region,,,,,,,,,,
3383,matrix,PAHdb experimental 3.10 (Ar matrix),uid 134,"1,14-benzodinaptho-(1"""",7"""";2,4),(7\'"""",1\'"""";11,13)-bisanthene",C42H18,0,42,134,,,1774.0,3.44,relative (PAHdb experimental),,,,,,matrix,overtone / combination region,,,,,,,,,,
3384,matrix,PAHdb experimental 3.10 (Ar matrix),uid 134,"1,14-benzodinaptho-(1"""",7"""";2,4),(7\'"""",1\'"""";11,13)-bisanthene",C42H18,0,42,134,,,1781.8,14.857,relative (PAHdb experimental),,,,,,matrix,overtone / combination region,,,,,,,,,,
3385,matrix,PAHdb experimental 3.10 (Ar matrix),uid 134,"1,14-benzodinaptho-(1"""",7"""";2,4),(7\'"""",1\'"""";11,13)-bisanthene",C42H18,0,42,134,,,1804.8,1.0728,relative (PAHdb experimental),,,,,,matrix,overtone / combination region,,,,,,,,,,
3386,matrix,PAHdb experimental 3.10 (Ar matrix),uid 134,"1,14-benzodinaptho-(1"""",7"""";2,4),(7\'"""",1\'"""";11,13)-bisanthene",C42H18,0,42,134,,,1842.5,2.1995,relative (PAHdb experimental),,,,,,matrix,overtone / combination region,,,,,,,,,,
3387,matrix,PAHdb experimental 3.10 (Ar matrix),uid 134,"1,14-benzodinaptho-(1"""",7"""";2,4),(7\'"""",1\'"""";11,13)-bisanthene",C42H18,0,42,134,,,1847.4,1.197,relative (PAHdb experimental),,,,,,matrix,overtone / combination region,,,,,,,,,,
3388,matrix,PAHdb experimental 3.10 (Ar matrix),uid 134,"1,14-benzodinaptho-(1"""",7"""";2,4),(7\'"""",1\'"""";11,13)-bisanthene",C42H18,0,42,134,,,1850.9,2.0028,relative (PAHdb experimental),,,,,,matrix,overtone / combination region,,,,,,,,,,
3389,matrix,PAHdb experimental 3.10 (Ar matrix),uid 134,"1,14-benzodinaptho-(1"""",7"""";2,4),(7\'"""",1\'"""";11,13)-bisanthene",C42H18,0,42,134,,,1854.0,4.7922,relative (PAHdb experimental),,,,,,matrix,overtone / combination region,,,,,,,,,,
3390,matrix,PAHdb experimental 3.10 (Ar matrix),uid 134,"1,14-benzodinaptho-(1"""",7"""";2,4),(7\'"""",1\'"""";11,13)-bisanthene",C42H18,0,42,134,,,1877.8,2.9717,relative (PAHdb experimental),,,,,,matrix,overtone / combination region,,,,,,,,,,
3391,matrix,PAHdb experimental 3.10 (Ar matrix),uid 134,"1,14-benzodinaptho-(1"""",7"""";2,4),(7\'"""",1\'"""";11,13)-bisanthene",C42H18,0,42,134,,,1897.8,4.5565,relative (PAHdb experimental),,,,,,matrix,overtone / combination region,,,,,,,,,,
3392,matrix,PAHdb experimental 3.10 (Ar matrix),uid 134,"1,14-benzodinaptho-(1"""",7"""";2,4),(7\'"""",1\'"""";11,13)-bisanthene",C42H18,0,42,134,,,1914.1,3.4009,relative (PAHdb experimental),,,,,,matrix,overtone / combination region,,,,,,,,,,
3393,matrix,PAHdb experimental 3.10 (Ar matrix),uid 134,"1,14-benzodinaptho-(1"""",7"""";2,4),(7\'"""",1\'"""";11,13)-bisanthene",C42H18,0,42,134,,,1925.6,23.153,relative (PAHdb experimental),,,,,,matrix,overtone / combination region,,,,,,,,,,
3394,matrix,PAHdb experimental 3.10 (Ar matrix),uid 134,"1,14-benzodinaptho-(1"""",7"""";2,4),(7\'"""",1\'"""";11,13)-bisanthene",C42H18,0,42,134,,,2934.6,3.2457,relative (PAHdb experimental),,,,,,matrix,overtone / combination region,,,,,,,,,,
3395,matrix,PAHdb experimental 3.10 (Ar matrix),uid 134,"1,14-benzodinaptho-(1"""",7"""";2,4),(7\'"""",1\'"""";11,13)-bisanthene",C42H18,0,42,134,,,2968.0,1.972,relative (PAHdb experimental),,,,,,matrix,CH-stretch,,,,,,,,,,
3396,matrix,PAHdb experimental 3.10 (Ar matrix),uid 134,"1,14-benzodinaptho-(1"""",7"""";2,4),(7\'"""",1\'"""";11,13)-bisanthene",C42H18,0,42,134,,,3053.4,147.84,relative (PAHdb experimental),,,,,,matrix,CH-stretch,,,,,,,,,,
3397,matrix,PAHdb experimental 3.10 (Ar matrix),uid 134,"1,14-benzodinaptho-(1"""",7"""";2,4),(7\'"""",1\'"""";11,13)-bisanthene",C42H18,0,42,134,,,3078.4,64.555,relative (PAHdb experimental),,,,,,matrix,CH-stretch,,,,,,,,,,
3398,matrix,PAHdb experimental 3.10 (Ar matrix),uid 134,"1,14-benzodinaptho-(1"""",7"""";2,4),(7\'"""",1\'"""";11,13)-bisanthene",C42H18,0,42,134,,,3103.1,78.225,relative (PAHdb experimental),,,,,,matrix,CH-stretch,,,,,,,,,,
3399,matrix,PAHdb experimental 3.10 (Ar matrix),uid 105,hexbenzcoronene,C42H18,0,42,105,,,530.2,1.9873,relative (PAHdb experimental),,,,,10.1021/jp983482y,matrix,low / skeletal,,,,,,,,,,
3400,matrix,PAHdb experimental 3.10 (Ar matrix),uid 105,hexbenzcoronene,C42H18,0,42,105,,,548.0,1.9873,relative (PAHdb experimental),,,,,10.1021/jp983482y,matrix,low / skeletal,,,,,,,,,,
3401,matrix,PAHdb experimental 3.10 (Ar matrix),uid 105,hexbenzcoronene,C42H18,0,42,105,,,593.7,10.238,relative (PAHdb experimental),,,,,10.1021/jp983482y,matrix,low / skeletal,,,,,,,,,,
3402,matrix,PAHdb experimental 3.10 (Ar matrix),uid 105,hexbenzcoronene,C42H18,0,42,105,,,681.1,12.044,relative (PAHdb experimental),,,,,10.1021/jp983482y,matrix,CH-oop (10.5-15 um; benzene nu11 at 673 included),,,,,,,,,,
3403,matrix,PAHdb experimental 3.10 (Ar matrix),uid 105,hexbenzcoronene,C42H18,0,42,105,,,744.2,1.9873,relative (PAHdb experimental),,,,,10.1021/jp983482y,matrix,CH-oop (10.5-15 um; benzene nu11 at 673 included),,,,,,,,,,
3404,matrix,PAHdb experimental 3.10 (Ar matrix),uid 105,hexbenzcoronene,C42H18,0,42,105,,,747.4,47.575,relative (PAHdb experimental),,,,,10.1021/jp983482y,matrix,CH-oop (10.5-15 um; benzene nu11 at 673 included),,,,,,,,,,
3405,matrix,PAHdb experimental 3.10 (Ar matrix),uid 105,hexbenzcoronene,C42H18,0,42,105,,,772.4,198.73,relative (PAHdb experimental),,,,,10.1021/jp983482y,matrix,CH-oop (10.5-15 um; benzene nu11 at 673 included),,,,,,,,,,
3406,matrix,PAHdb experimental 3.10 (Ar matrix),uid 105,hexbenzcoronene,C42H18,0,42,105,,,818.1,1.9873,relative (PAHdb experimental),,,,,10.1021/jp983482y,matrix,CH-oop (10.5-15 um; benzene nu11 at 673 included),,,,,,,,,,
3407,matrix,PAHdb experimental 3.10 (Ar matrix),uid 105,hexbenzcoronene,C42H18,0,42,105,,,842.8,1.9873,relative (PAHdb experimental),,,,,10.1021/jp983482y,matrix,CH-oop (10.5-15 um; benzene nu11 at 673 included),,,,,,,,,,
3408,matrix,PAHdb experimental 3.10 (Ar matrix),uid 105,hexbenzcoronene,C42H18,0,42,105,,,1089.3,5.9619,relative (PAHdb experimental),,,,,10.1021/jp983482y,matrix,ring / CH-ip (9-10.5 um),,,,,,,,,,
3409,matrix,PAHdb experimental 3.10 (Ar matrix),uid 105,hexbenzcoronene,C42H18,0,42,105,,,1098.3,15.658,relative (PAHdb experimental),,,,,10.1021/jp983482y,matrix,ring / CH-ip (9-10.5 um),,,,,,,,,,
3410,matrix,PAHdb experimental 3.10 (Ar matrix),uid 105,hexbenzcoronene,C42H18,0,42,105,,,1229.4,15.658,relative (PAHdb experimental),,,,,10.1021/jp983482y,matrix,CH-ip-bend (8.6 um),,,,,,,,,,
3411,matrix,PAHdb experimental 3.10 (Ar matrix),uid 105,hexbenzcoronene,C42H18,0,42,105,,,1236.4,3.9746,relative (PAHdb experimental),,,,,10.1021/jp983482y,matrix,CH-ip-bend (8.6 um),,,,,,,,,,
3412,matrix,PAHdb experimental 3.10 (Ar matrix),uid 105,hexbenzcoronene,C42H18,0,42,105,,,1311.1,7.8288,relative (PAHdb experimental),,,,,10.1021/jp983482y,matrix,CC-stretch/CH-ip (7.7 um),,,,,,,,,,
3413,matrix,PAHdb experimental 3.10 (Ar matrix),uid 105,hexbenzcoronene,C42H18,0,42,105,,,1344.3,1.9873,relative (PAHdb experimental),,,,,10.1021/jp983482y,matrix,CC-stretch/CH-ip (7.7 um),,,,,,,,,,
3414,matrix,PAHdb experimental 3.10 (Ar matrix),uid 105,hexbenzcoronene,C42H18,0,42,105,,,1380.8,132.49,relative (PAHdb experimental),,,,,10.1021/jp983482y,matrix,CC-stretch/CH-ip (7.7 um),,,,,,,,,,
3415,matrix,PAHdb experimental 3.10 (Ar matrix),uid 105,hexbenzcoronene,C42H18,0,42,105,,,1410.9,12.044,relative (PAHdb experimental),,,,,10.1021/jp983482y,matrix,CC-stretch/CH-ip (7.7 um),,,,,,,,,,
3416,matrix,PAHdb experimental 3.10 (Ar matrix),uid 105,hexbenzcoronene,C42H18,0,42,105,,,1497.0,13.851,relative (PAHdb experimental),,,,,10.1021/jp983482y,matrix,CC-stretch/CH-ip (7.7 um),,,,,,,,,,
3417,matrix,PAHdb experimental 3.10 (Ar matrix),uid 105,hexbenzcoronene,C42H18,0,42,105,,,1565.3,1.9873,relative (PAHdb experimental),,,,,10.1021/jp983482y,matrix,CC-stretch (6.2 um),,,,,,,,,,
3418,matrix,PAHdb experimental 3.10 (Ar matrix),uid 105,hexbenzcoronene,C42H18,0,42,105,,,1779.0,10.238,relative (PAHdb experimental),,,,,10.1021/jp983482y,matrix,overtone / combination region,,,,,,,,,,
3419,matrix,PAHdb experimental 3.10 (Ar matrix),uid 105,hexbenzcoronene,C42H18,0,42,105,,,1854.4,5.9619,relative (PAHdb experimental),,,,,10.1021/jp983482y,matrix,overtone / combination region,,,,,,,,,,
3420,matrix,PAHdb experimental 3.10 (Ar matrix),uid 105,hexbenzcoronene,C42H18,0,42,105,,,1920.6,7.8288,relative (PAHdb experimental),,,,,10.1021/jp983482y,matrix,overtone / combination region,,,,,,,,,,
3421,matrix,PAHdb experimental 3.10 (Ar matrix),uid 105,hexbenzcoronene,C42H18,0,42,105,,,1929.1,5.9619,relative (PAHdb experimental),,,,,10.1021/jp983482y,matrix,overtone / combination region,,,,,,,,,,
3422,matrix,PAHdb experimental 3.10 (Ar matrix),uid 105,hexbenzcoronene,C42H18,0,42,105,,,1936.2,3.9746,relative (PAHdb experimental),,,,,10.1021/jp983482y,matrix,overtone / combination region,,,,,,,,,,
3423,matrix,PAHdb experimental 3.10 (Ar matrix),uid 105,hexbenzcoronene,C42H18,0,42,105,,,3102.9,144.53,relative (PAHdb experimental),,,,,10.1021/jp983482y,matrix,CH-stretch,,,,,,,,,,
3424,matrix,PAHdb experimental 3.10 (Ar matrix),uid 137,"2,3;12,13;15,16-tribenzoterrylene",C42H22,0,42,137,,,481.5,2.0739,relative (PAHdb experimental),,,,,,matrix,low / skeletal,,,,,,,,,,
3425,matrix,PAHdb experimental 3.10 (Ar matrix),uid 137,"2,3;12,13;15,16-tribenzoterrylene",C42H22,0,42,137,,,500.6,0.32272,relative (PAHdb experimental),,,,,,matrix,low / skeletal,,,,,,,,,,
3426,matrix,PAHdb experimental 3.10 (Ar matrix),uid 137,"2,3;12,13;15,16-tribenzoterrylene",C42H22,0,42,137,,,504.2,2.864,relative (PAHdb experimental),,,,,,matrix,low / skeletal,,,,,,,,,,
3427,matrix,PAHdb experimental 3.10 (Ar matrix),uid 137,"2,3;12,13;15,16-tribenzoterrylene",C42H22,0,42,137,,,521.0,0.78568,relative (PAHdb experimental),,,,,,matrix,low / skeletal,,,,,,,,,,
3428,matrix,PAHdb experimental 3.10 (Ar matrix),uid 137,"2,3;12,13;15,16-tribenzoterrylene",C42H22,0,42,137,,,524.9,0.78321,relative (PAHdb experimental),,,,,,matrix,low / skeletal,,,,,,,,,,
3429,matrix,PAHdb experimental 3.10 (Ar matrix),uid 137,"2,3;12,13;15,16-tribenzoterrylene",C42H22,0,42,137,,,528.9,5.228,relative (PAHdb experimental),,,,,,matrix,low / skeletal,,,,,,,,,,
3430,matrix,PAHdb experimental 3.10 (Ar matrix),uid 137,"2,3;12,13;15,16-tribenzoterrylene",C42H22,0,42,137,,,552.2,2.0365,relative (PAHdb experimental),,,,,,matrix,low / skeletal,,,,,,,,,,
3431,matrix,PAHdb experimental 3.10 (Ar matrix),uid 137,"2,3;12,13;15,16-tribenzoterrylene",C42H22,0,42,137,,,560.5,1.1482,relative (PAHdb experimental),,,,,,matrix,low / skeletal,,,,,,,,,,
3432,matrix,PAHdb experimental 3.10 (Ar matrix),uid 137,"2,3;12,13;15,16-tribenzoterrylene",C42H22,0,42,137,,,566.7,0.53805,relative (PAHdb experimental),,,,,,matrix,low / skeletal,,,,,,,,,,
3433,matrix,PAHdb experimental 3.10 (Ar matrix),uid 137,"2,3;12,13;15,16-tribenzoterrylene",C42H22,0,42,137,,,572.1,3.0731,relative (PAHdb experimental),,,,,,matrix,low / skeletal,,,,,,,,,,
3434,matrix,PAHdb experimental 3.10 (Ar matrix),uid 137,"2,3;12,13;15,16-tribenzoterrylene",C42H22,0,42,137,,,584.6,9.0919,relative (PAHdb experimental),,,,,,matrix,low / skeletal,,,,,,,,,,
3435,matrix,PAHdb experimental 3.10 (Ar matrix),uid 137,"2,3;12,13;15,16-tribenzoterrylene",C42H22,0,42,137,,,592.5,0.96798,relative (PAHdb experimental),,,,,,matrix,low / skeletal,,,,,,,,,,
3436,matrix,PAHdb experimental 3.10 (Ar matrix),uid 137,"2,3;12,13;15,16-tribenzoterrylene",C42H22,0,42,137,,,599.0,0.79633,relative (PAHdb experimental),,,,,,matrix,low / skeletal,,,,,,,,,,
3437,matrix,PAHdb experimental 3.10 (Ar matrix),uid 137,"2,3;12,13;15,16-tribenzoterrylene",C42H22,0,42,137,,,614.5,0.82244,relative (PAHdb experimental),,,,,,matrix,low / skeletal,,,,,,,,,,
3438,matrix,PAHdb experimental 3.10 (Ar matrix),uid 137,"2,3;12,13;15,16-tribenzoterrylene",C42H22,0,42,137,,,619.5,5.9303,relative (PAHdb experimental),,,,,,matrix,low / skeletal,,,,,,,,,,
3439,matrix,PAHdb experimental 3.10 (Ar matrix),uid 137,"2,3;12,13;15,16-tribenzoterrylene",C42H22,0,42,137,,,626.6,0.91346,relative (PAHdb experimental),,,,,,matrix,low / skeletal,,,,,,,,,,
3440,matrix,PAHdb experimental 3.10 (Ar matrix),uid 137,"2,3;12,13;15,16-tribenzoterrylene",C42H22,0,42,137,,,629.4,1.1437,relative (PAHdb experimental),,,,,,matrix,low / skeletal,,,,,,,,,,
3441,matrix,PAHdb experimental 3.10 (Ar matrix),uid 137,"2,3;12,13;15,16-tribenzoterrylene",C42H22,0,42,137,,,635.2,1.3509,relative (PAHdb experimental),,,,,,matrix,low / skeletal,,,,,,,,,,
3442,matrix,PAHdb experimental 3.10 (Ar matrix),uid 137,"2,3;12,13;15,16-tribenzoterrylene",C42H22,0,42,137,,,638.6,3.7121,relative (PAHdb experimental),,,,,,matrix,low / skeletal,,,,,,,,,,
3443,matrix,PAHdb experimental 3.10 (Ar matrix),uid 137,"2,3;12,13;15,16-tribenzoterrylene",C42H22,0,42,137,,,647.6,3.8516,relative (PAHdb experimental),,,,,,matrix,low / skeletal,,,,,,,,,,
3444,matrix,PAHdb experimental 3.10 (Ar matrix),uid 137,"2,3;12,13;15,16-tribenzoterrylene",C42H22,0,42,137,,,660.2,4.7106,relative (PAHdb experimental),,,,,,matrix,CH-oop (10.5-15 um; benzene nu11 at 673 included),,,,,,,,,,
3445,matrix,PAHdb experimental 3.10 (Ar matrix),uid 137,"2,3;12,13;15,16-tribenzoterrylene",C42H22,0,42,137,,,668.1,5.6033,relative (PAHdb experimental),,,,,,matrix,CH-oop (10.5-15 um; benzene nu11 at 673 included),,,,,,,,,,
3446,matrix,PAHdb experimental 3.10 (Ar matrix),uid 137,"2,3;12,13;15,16-tribenzoterrylene",C42H22,0,42,137,,,672.5,7.0459,relative (PAHdb experimental),,,,,,matrix,CH-oop (10.5-15 um; benzene nu11 at 673 included),,,,,,,,,,
3447,matrix,PAHdb experimental 3.10 (Ar matrix),uid 137,"2,3;12,13;15,16-tribenzoterrylene",C42H22,0,42,137,,,682.1,3.9661,relative (PAHdb experimental),,,,,,matrix,CH-oop (10.5-15 um; benzene nu11 at 673 included),,,,,,,,,,
3448,matrix,PAHdb experimental 3.10 (Ar matrix),uid 137,"2,3;12,13;15,16-tribenzoterrylene",C42H22,0,42,137,,,690.4,4.3635,relative (PAHdb experimental),,,,,,matrix,CH-oop (10.5-15 um; benzene nu11 at 673 included),,,,,,,,,,
3449,matrix,PAHdb experimental 3.10 (Ar matrix),uid 137,"2,3;12,13;15,16-tribenzoterrylene",C42H22,0,42,137,,,697.2,0.57356,relative (PAHdb experimental),,,,,,matrix,CH-oop (10.5-15 um; benzene nu11 at 673 included),,,,,,,,,,
3450,matrix,PAHdb experimental 3.10 (Ar matrix),uid 137,"2,3;12,13;15,16-tribenzoterrylene",C42H22,0,42,137,,,701.5,0.99219,relative (PAHdb experimental),,,,,,matrix,CH-oop (10.5-15 um; benzene nu11 at 673 included),,,,,,,,,,
3451,matrix,PAHdb experimental 3.10 (Ar matrix),uid 137,"2,3;12,13;15,16-tribenzoterrylene",C42H22,0,42,137,,,705.8,0.80876,relative (PAHdb experimental),,,,,,matrix,CH-oop (10.5-15 um; benzene nu11 at 673 included),,,,,,,,,,
3452,matrix,PAHdb experimental 3.10 (Ar matrix),uid 137,"2,3;12,13;15,16-tribenzoterrylene",C42H22,0,42,137,,,721.6,0.82047,relative (PAHdb experimental),,,,,,matrix,CH-oop (10.5-15 um; benzene nu11 at 673 included),,,,,,,,,,
3453,matrix,PAHdb experimental 3.10 (Ar matrix),uid 137,"2,3;12,13;15,16-tribenzoterrylene",C42H22,0,42,137,,,733.1,1.8769,relative (PAHdb experimental),,,,,,matrix,CH-oop (10.5-15 um; benzene nu11 at 673 included),,,,,,,,,,
3454,matrix,PAHdb experimental 3.10 (Ar matrix),uid 137,"2,3;12,13;15,16-tribenzoterrylene",C42H22,0,42,137,,,742.6,4.2529,relative (PAHdb experimental),,,,,,matrix,CH-oop (10.5-15 um; benzene nu11 at 673 included),,,,,,,,,,
3455,matrix,PAHdb experimental 3.10 (Ar matrix),uid 137,"2,3;12,13;15,16-tribenzoterrylene",C42H22,0,42,137,,,746.9,33.003,relative (PAHdb experimental),,,,,,matrix,CH-oop (10.5-15 um; benzene nu11 at 673 included),,,,,,,,,,
3456,matrix,PAHdb experimental 3.10 (Ar matrix),uid 137,"2,3;12,13;15,16-tribenzoterrylene",C42H22,0,42,137,,,755.2,102.99,relative (PAHdb experimental),,,,,,matrix,CH-oop (10.5-15 um; benzene nu11 at 673 included),,,,,,,,,,
3457,matrix,PAHdb experimental 3.10 (Ar matrix),uid 137,"2,3;12,13;15,16-tribenzoterrylene",C42H22,0,42,137,,,759.2,49.734,relative (PAHdb experimental),,,,,,matrix,CH-oop (10.5-15 um; benzene nu11 at 673 included),,,,,,,,,,
3458,matrix,PAHdb experimental 3.10 (Ar matrix),uid 137,"2,3;12,13;15,16-tribenzoterrylene",C42H22,0,42,137,,,765.8,7.1985,relative (PAHdb experimental),,,,,,matrix,CH-oop (10.5-15 um; benzene nu11 at 673 included),,,,,,,,,,
3459,matrix,PAHdb experimental 3.10 (Ar matrix),uid 137,"2,3;12,13;15,16-tribenzoterrylene",C42H22,0,42,137,,,776.6,18.45,relative (PAHdb experimental),,,,,,matrix,CH-oop (10.5-15 um; benzene nu11 at 673 included),,,,,,,,,,
3460,matrix,PAHdb experimental 3.10 (Ar matrix),uid 137,"2,3;12,13;15,16-tribenzoterrylene",C42H22,0,42,137,,,799.2,11.525,relative (PAHdb experimental),,,,,,matrix,CH-oop (10.5-15 um; benzene nu11 at 673 included),,,,,,,,,,
3461,matrix,PAHdb experimental 3.10 (Ar matrix),uid 137,"2,3;12,13;15,16-tribenzoterrylene",C42H22,0,42,137,,,815.0,31.035,relative (PAHdb experimental),,,,,,matrix,CH-oop (10.5-15 um; benzene nu11 at 673 included),,,,,,,,,,
3462,matrix,PAHdb experimental 3.10 (Ar matrix),uid 137,"2,3;12,13;15,16-tribenzoterrylene",C42H22,0,42,137,,,821.7,4.7516,relative (PAHdb experimental),,,,,,matrix,CH-oop (10.5-15 um; benzene nu11 at 673 included),,,,,,,,,,
3463,matrix,PAHdb experimental 3.10 (Ar matrix),uid 137,"2,3;12,13;15,16-tribenzoterrylene",C42H22,0,42,137,,,834.2,1.5964,relative (PAHdb experimental),,,,,,matrix,CH-oop (10.5-15 um; benzene nu11 at 673 included),,,,,,,,,,
3464,matrix,PAHdb experimental 3.10 (Ar matrix),uid 137,"2,3;12,13;15,16-tribenzoterrylene",C42H22,0,42,137,,,839.1,4.7898,relative (PAHdb experimental),,,,,,matrix,CH-oop (10.5-15 um; benzene nu11 at 673 included),,,,,,,,,,
3465,matrix,PAHdb experimental 3.10 (Ar matrix),uid 137,"2,3;12,13;15,16-tribenzoterrylene",C42H22,0,42,137,,,849.2,2.839,relative (PAHdb experimental),,,,,,matrix,CH-oop (10.5-15 um; benzene nu11 at 673 included),,,,,,,,,,
3466,matrix,PAHdb experimental 3.10 (Ar matrix),uid 137,"2,3;12,13;15,16-tribenzoterrylene",C42H22,0,42,137,,,853.1,4.4259,relative (PAHdb experimental),,,,,,matrix,CH-oop (10.5-15 um; benzene nu11 at 673 included),,,,,,,,,,
3467,matrix,PAHdb experimental 3.10 (Ar matrix),uid 137,"2,3;12,13;15,16-tribenzoterrylene",C42H22,0,42,137,,,882.2,11.339,relative (PAHdb experimental),,,,,,matrix,CH-oop (10.5-15 um; benzene nu11 at 673 included),,,,,,,,,,
3468,matrix,PAHdb experimental 3.10 (Ar matrix),uid 137,"2,3;12,13;15,16-tribenzoterrylene",C42H22,0,42,137,,,890.4,5.7465,relative (PAHdb experimental),,,,,,matrix,CH-oop (10.5-15 um; benzene nu11 at 673 included),,,,,,,,,,
3469,matrix,PAHdb experimental 3.10 (Ar matrix),uid 137,"2,3;12,13;15,16-tribenzoterrylene",C42H22,0,42,137,,,906.1,18.274,relative (PAHdb experimental),,,,,,matrix,CH-oop (10.5-15 um; benzene nu11 at 673 included),,,,,,,,,,
3470,matrix,PAHdb experimental 3.10 (Ar matrix),uid 137,"2,3;12,13;15,16-tribenzoterrylene",C42H22,0,42,137,,,924.2,0.4687,relative (PAHdb experimental),,,,,,matrix,CH-oop (10.5-15 um; benzene nu11 at 673 included),,,,,,,,,,
3471,matrix,PAHdb experimental 3.10 (Ar matrix),uid 137,"2,3;12,13;15,16-tribenzoterrylene",C42H22,0,42,137,,,946.0,3.7708,relative (PAHdb experimental),,,,,,matrix,CH-oop (10.5-15 um; benzene nu11 at 673 included),,,,,,,,,,
3472,matrix,PAHdb experimental 3.10 (Ar matrix),uid 137,"2,3;12,13;15,16-tribenzoterrylene",C42H22,0,42,137,,,963.7,3.3979,relative (PAHdb experimental),,,,,,matrix,ring / CH-ip (9-10.5 um),,,,,,,,,,
3473,matrix,PAHdb experimental 3.10 (Ar matrix),uid 137,"2,3;12,13;15,16-tribenzoterrylene",C42H22,0,42,137,,,1017.9,3.6657,relative (PAHdb experimental),,,,,,matrix,ring / CH-ip (9-10.5 um),,,,,,,,,,
3474,matrix,PAHdb experimental 3.10 (Ar matrix),uid 137,"2,3;12,13;15,16-tribenzoterrylene",C42H22,0,42,137,,,1032.3,11.31,relative (PAHdb experimental),,,,,,matrix,ring / CH-ip (9-10.5 um),,,,,,,,,,
3475,matrix,PAHdb experimental 3.10 (Ar matrix),uid 137,"2,3;12,13;15,16-tribenzoterrylene",C42H22,0,42,137,,,1042.5,9.9537,relative (PAHdb experimental),,,,,,matrix,ring / CH-ip (9-10.5 um),,,,,,,,,,
3476,matrix,PAHdb experimental 3.10 (Ar matrix),uid 137,"2,3;12,13;15,16-tribenzoterrylene",C42H22,0,42,137,,,1064.8,6.2673,relative (PAHdb experimental),,,,,,matrix,ring / CH-ip (9-10.5 um),,,,,,,,,,
3477,matrix,PAHdb experimental 3.10 (Ar matrix),uid 137,"2,3;12,13;15,16-tribenzoterrylene",C42H22,0,42,137,,,1098.8,2.1058,relative (PAHdb experimental),,,,,,matrix,ring / CH-ip (9-10.5 um),,,,,,,,,,
3478,matrix,PAHdb experimental 3.10 (Ar matrix),uid 137,"2,3;12,13;15,16-tribenzoterrylene",C42H22,0,42,137,,,1115.9,2.122,relative (PAHdb experimental),,,,,,matrix,CH-ip-bend (8.6 um),,,,,,,,,,
3479,matrix,PAHdb experimental 3.10 (Ar matrix),uid 137,"2,3;12,13;15,16-tribenzoterrylene",C42H22,0,42,137,,,1122.6,1.65,relative (PAHdb experimental),,,,,,matrix,CH-ip-bend (8.6 um),,,,,,,,,,
3480,matrix,PAHdb experimental 3.10 (Ar matrix),uid 137,"2,3;12,13;15,16-tribenzoterrylene",C42H22,0,42,137,,,1130.7,1.7262,relative (PAHdb experimental),,,,,,matrix,CH-ip-bend (8.6 um),,,,,,,,,,
3481,matrix,PAHdb experimental 3.10 (Ar matrix),uid 137,"2,3;12,13;15,16-tribenzoterrylene",C42H22,0,42,137,,,1147.4,0.87604,relative (PAHdb experimental),,,,,,matrix,CH-ip-bend (8.6 um),,,,,,,,,,
3482,matrix,PAHdb experimental 3.10 (Ar matrix),uid 137,"2,3;12,13;15,16-tribenzoterrylene",C42H22,0,42,137,,,1162.8,2.5276,relative (PAHdb experimental),,,,,,matrix,CH-ip-bend (8.6 um),,,,,,,,,,
3483,matrix,PAHdb experimental 3.10 (Ar matrix),uid 137,"2,3;12,13;15,16-tribenzoterrylene",C42H22,0,42,137,,,1179.7,2.2852,relative (PAHdb experimental),,,,,,matrix,CH-ip-bend (8.6 um),,,,,,,,,,
3484,matrix,PAHdb experimental 3.10 (Ar matrix),uid 137,"2,3;12,13;15,16-tribenzoterrylene",C42H22,0,42,137,,,1216.6,21.255,relative (PAHdb experimental),,,,,,matrix,CH-ip-bend (8.6 um),,,,,,,,,,
3485,matrix,PAHdb experimental 3.10 (Ar matrix),uid 137,"2,3;12,13;15,16-tribenzoterrylene",C42H22,0,42,137,,,1238.2,2.1677,relative (PAHdb experimental),,,,,,matrix,CH-ip-bend (8.6 um),,,,,,,,,,
3486,matrix,PAHdb experimental 3.10 (Ar matrix),uid 137,"2,3;12,13;15,16-tribenzoterrylene",C42H22,0,42,137,,,1277.3,1.3111,relative (PAHdb experimental),,,,,,matrix,CC-stretch/CH-ip (7.7 um),,,,,,,,,,
3487,matrix,PAHdb experimental 3.10 (Ar matrix),uid 137,"2,3;12,13;15,16-tribenzoterrylene",C42H22,0,42,137,,,1292.3,1.6878,relative (PAHdb experimental),,,,,,matrix,CC-stretch/CH-ip (7.7 um),,,,,,,,,,
3488,matrix,PAHdb experimental 3.10 (Ar matrix),uid 137,"2,3;12,13;15,16-tribenzoterrylene",C42H22,0,42,137,,,1297.4,2.6234,relative (PAHdb experimental),,,,,,matrix,CC-stretch/CH-ip (7.7 um),,,,,,,,,,
3489,matrix,PAHdb experimental 3.10 (Ar matrix),uid 137,"2,3;12,13;15,16-tribenzoterrylene",C42H22,0,42,137,,,1310.8,5.3336,relative (PAHdb experimental),,,,,,matrix,CC-stretch/CH-ip (7.7 um),,,,,,,,,,
3490,matrix,PAHdb experimental 3.10 (Ar matrix),uid 137,"2,3;12,13;15,16-tribenzoterrylene",C42H22,0,42,137,,,1337.8,5.1329,relative (PAHdb experimental),,,,,,matrix,CC-stretch/CH-ip (7.7 um),,,,,,,,,,
3491,matrix,PAHdb experimental 3.10 (Ar matrix),uid 137,"2,3;12,13;15,16-tribenzoterrylene",C42H22,0,42,137,,,1351.5,35.03,relative (PAHdb experimental),,,,,,matrix,CC-stretch/CH-ip (7.7 um),,,,,,,,,,
3492,matrix,PAHdb experimental 3.10 (Ar matrix),uid 137,"2,3;12,13;15,16-tribenzoterrylene",C42H22,0,42,137,,,1388.4,23.1,relative (PAHdb experimental),,,,,,matrix,CC-stretch/CH-ip (7.7 um),,,,,,,,,,
3493,matrix,PAHdb experimental 3.10 (Ar matrix),uid 137,"2,3;12,13;15,16-tribenzoterrylene",C42H22,0,42,137,,,1403.8,13.77,relative (PAHdb experimental),,,,,,matrix,CC-stretch/CH-ip (7.7 um),,,,,,,,,,
3494,matrix,PAHdb experimental 3.10 (Ar matrix),uid 137,"2,3;12,13;15,16-tribenzoterrylene",C42H22,0,42,137,,,1417.2,1.815,relative (PAHdb experimental),,,,,,matrix,CC-stretch/CH-ip (7.7 um),,,,,,,,,,
3495,matrix,PAHdb experimental 3.10 (Ar matrix),uid 137,"2,3;12,13;15,16-tribenzoterrylene",C42H22,0,42,137,,,1428.5,1.747,relative (PAHdb experimental),,,,,,matrix,CC-stretch/CH-ip (7.7 um),,,,,,,,,,
3496,matrix,PAHdb experimental 3.10 (Ar matrix),uid 137,"2,3;12,13;15,16-tribenzoterrylene",C42H22,0,42,137,,,1445.1,35.911,relative (PAHdb experimental),,,,,,matrix,CC-stretch/CH-ip (7.7 um),,,,,,,,,,
3497,matrix,PAHdb experimental 3.10 (Ar matrix),uid 137,"2,3;12,13;15,16-tribenzoterrylene",C42H22,0,42,137,,,1463.3,25.22,relative (PAHdb experimental),,,,,,matrix,CC-stretch/CH-ip (7.7 um),,,,,,,,,,
3498,matrix,PAHdb experimental 3.10 (Ar matrix),uid 137,"2,3;12,13;15,16-tribenzoterrylene",C42H22,0,42,137,,,1496.7,20.096,relative (PAHdb experimental),,,,,,matrix,CC-stretch/CH-ip (7.7 um),,,,,,,,,,
3499,matrix,PAHdb experimental 3.10 (Ar matrix),uid 137,"2,3;12,13;15,16-tribenzoterrylene",C42H22,0,42,137,,,1524.6,10.435,relative (PAHdb experimental),,,,,,matrix,CC-stretch (6.2 um),,,,,,,,,,
3500,matrix,PAHdb experimental 3.10 (Ar matrix),uid 137,"2,3;12,13;15,16-tribenzoterrylene",C42H22,0,42,137,,,1556.9,0.66652,relative (PAHdb experimental),,,,,,matrix,CC-stretch (6.2 um),,,,,,,,,,
3501,matrix,PAHdb experimental 3.10 (Ar matrix),uid 137,"2,3;12,13;15,16-tribenzoterrylene",C42H22,0,42,137,,,1580.0,6.8151,relative (PAHdb experimental),,,,,,matrix,CC-stretch (6.2 um),,,,,,,,,,
3502,matrix,PAHdb experimental 3.10 (Ar matrix),uid 137,"2,3;12,13;15,16-tribenzoterrylene",C42H22,0,42,137,,,1590.0,21.072,relative (PAHdb experimental),,,,,,matrix,CC-stretch (6.2 um),,,,,,,,,,
3503,matrix,PAHdb experimental 3.10 (Ar matrix),uid 137,"2,3;12,13;15,16-tribenzoterrylene",C42H22,0,42,137,,,1601.9,10.111,relative (PAHdb experimental),,,,,,matrix,CC-stretch (6.2 um),,,,,,,,,,
3504,matrix,PAHdb experimental 3.10 (Ar matrix),uid 137,"2,3;12,13;15,16-tribenzoterrylene",C42H22,0,42,137,,,1611.5,3.7302,relative (PAHdb experimental),,,,,,matrix,CC-stretch (6.2 um),,,,,,,,,,
3505,matrix,PAHdb experimental 3.10 (Ar matrix),uid 137,"2,3;12,13;15,16-tribenzoterrylene",C42H22,0,42,137,,,1693.3,6.5568,relative (PAHdb experimental),,,,,,matrix,overtone / combination region,,,,,,,,,,
3506,matrix,PAHdb experimental 3.10 (Ar matrix),uid 137,"2,3;12,13;15,16-tribenzoterrylene",C42H22,0,42,137,,,1764.1,2.3705,relative (PAHdb experimental),,,,,,matrix,overtone / combination region,,,,,,,,,,
3507,matrix,PAHdb experimental 3.10 (Ar matrix),uid 137,"2,3;12,13;15,16-tribenzoterrylene",C42H22,0,42,137,,,1784.3,2.5361,relative (PAHdb experimental),,,,,,matrix,overtone / combination region,,,,,,,,,,
3508,matrix,PAHdb experimental 3.10 (Ar matrix),uid 137,"2,3;12,13;15,16-tribenzoterrylene",C42H22,0,42,137,,,1826.3,5.0879,relative (PAHdb experimental),,,,,,matrix,overtone / combination region,,,,,,,,,,
3509,matrix,PAHdb experimental 3.10 (Ar matrix),uid 137,"2,3;12,13;15,16-tribenzoterrylene",C42H22,0,42,137,,,1856.8,4.4948,relative (PAHdb experimental),,,,,,matrix,overtone / combination region,,,,,,,,,,
3510,matrix,PAHdb experimental 3.10 (Ar matrix),uid 137,"2,3;12,13;15,16-tribenzoterrylene",C42H22,0,42,137,,,1871.8,1.449,relative (PAHdb experimental),,,,,,matrix,overtone / combination region,,,,,,,,,,
3511,matrix,PAHdb experimental 3.10 (Ar matrix),uid 137,"2,3;12,13;15,16-tribenzoterrylene",C42H22,0,42,137,,,1890.5,5.1051,relative (PAHdb experimental),,,,,,matrix,overtone / combination region,,,,,,,,,,
3512,matrix,PAHdb experimental 3.10 (Ar matrix),uid 137,"2,3;12,13;15,16-tribenzoterrylene",C42H22,0,42,137,,,1917.2,3.7114,relative (PAHdb experimental),,,,,,matrix,overtone / combination region,,,,,,,,,,
3513,matrix,PAHdb experimental 3.10 (Ar matrix),uid 137,"2,3;12,13;15,16-tribenzoterrylene",C42H22,0,42,137,,,1925.8,4.7392,relative (PAHdb experimental),,,,,,matrix,overtone / combination region,,,,,,,,,,
3514,matrix,PAHdb experimental 3.10 (Ar matrix),uid 137,"2,3;12,13;15,16-tribenzoterrylene",C42H22,0,42,137,,,1945.4,8.4819,relative (PAHdb experimental),,,,,,matrix,overtone / combination region,,,,,,,,,,
3515,matrix,PAHdb experimental 3.10 (Ar matrix),uid 137,"2,3;12,13;15,16-tribenzoterrylene",C42H22,0,42,137,,,2862.9,0.97011,relative (PAHdb experimental),,,,,,matrix,overtone / combination region,,,,,,,,,,
3516,matrix,PAHdb experimental 3.10 (Ar matrix),uid 137,"2,3;12,13;15,16-tribenzoterrylene",C42H22,0,42,137,,,2934.9,5.7806,relative (PAHdb experimental),,,,,,matrix,overtone / combination region,,,,,,,,,,
3517,matrix,PAHdb experimental 3.10 (Ar matrix),uid 137,"2,3;12,13;15,16-tribenzoterrylene",C42H22,0,42,137,,,2971.6,1.8507,relative (PAHdb experimental),,,,,,matrix,CH-stretch,,,,,,,,,,
3518,matrix,PAHdb experimental 3.10 (Ar matrix),uid 137,"2,3;12,13;15,16-tribenzoterrylene",C42H22,0,42,137,,,3068.6,108.92,relative (PAHdb experimental),,,,,,matrix,CH-stretch,,,,,,,,,,
3519,matrix,PAHdb experimental 3.10 (Ar matrix),uid 137,"2,3;12,13;15,16-tribenzoterrylene",C42H22,0,42,137,,,3083.5,114.03,relative (PAHdb experimental),,,,,,matrix,CH-stretch,,,,,,,,,,
3520,matrix,PAHdb experimental 3.10 (Ar matrix),uid 106,hexbenzcoronene,C42H18+,1,42,106,,,587.7,56.608,relative (PAHdb experimental),,,,,,matrix,low / skeletal,,,,,,,,,,
3521,matrix,PAHdb experimental 3.10 (Ar matrix),uid 106,hexbenzcoronene,C42H18+,1,42,106,,,675.4,49.984,relative (PAHdb experimental),,,,,,matrix,CH-oop (10.5-15 um; benzene nu11 at 673 included),,,,,,,,,,
3522,matrix,PAHdb experimental 3.10 (Ar matrix),uid 106,hexbenzcoronene,C42H18+,1,42,106,,,737.1,29.508,relative (PAHdb experimental),,,,,,matrix,CH-oop (10.5-15 um; benzene nu11 at 673 included),,,,,,,,,,
3523,matrix,PAHdb experimental 3.10 (Ar matrix),uid 106,hexbenzcoronene,C42H18+,1,42,106,,,742.8,21.68,relative (PAHdb experimental),,,,,,matrix,CH-oop (10.5-15 um; benzene nu11 at 673 included),,,,,,,,,,
3524,matrix,PAHdb experimental 3.10 (Ar matrix),uid 106,hexbenzcoronene,C42H18+,1,42,106,,,754.5,42.757,relative (PAHdb experimental),,,,,,matrix,CH-oop (10.5-15 um; benzene nu11 at 673 included),,,,,,,,,,
3525,matrix,PAHdb experimental 3.10 (Ar matrix),uid 106,hexbenzcoronene,C42H18+,1,42,106,,,776.0,19.873,relative (PAHdb experimental),,,,,,matrix,CH-oop (10.5-15 um; benzene nu11 at 673 included),,,,,,,,,,
3526,matrix,PAHdb experimental 3.10 (Ar matrix),uid 106,hexbenzcoronene,C42H18+,1,42,106,,,1070.5,481.77,relative (PAHdb experimental),,,,,,matrix,ring / CH-ip (9-10.5 um),,,,,,,,,,
3527,matrix,PAHdb experimental 3.10 (Ar matrix),uid 106,hexbenzcoronene,C42H18+,1,42,106,,,1211.2,662.44,relative (PAHdb experimental),,,,,,matrix,CH-ip-bend (8.6 um),,,,,,,,,,
3528,matrix,PAHdb experimental 3.10 (Ar matrix),uid 106,hexbenzcoronene,C42H18+,1,42,106,,,1260.5,17.464,relative (PAHdb experimental),,,,,,matrix,CC-stretch/CH-ip (7.7 um),,,,,,,,,,
3529,matrix,PAHdb experimental 3.10 (Ar matrix),uid 106,hexbenzcoronene,C42H18+,1,42,106,,,1281.6,19.271,relative (PAHdb experimental),,,,,,matrix,CC-stretch/CH-ip (7.7 um),,,,,,,,,,
3530,matrix,PAHdb experimental 3.10 (Ar matrix),uid 106,hexbenzcoronene,C42H18+,1,42,106,,,1294.3,258.95,relative (PAHdb experimental),,,,,,matrix,CC-stretch/CH-ip (7.7 um),,,,,,,,,,
3531,matrix,PAHdb experimental 3.10 (Ar matrix),uid 106,hexbenzcoronene,C42H18+,1,42,106,,,1331.8,132.49,relative (PAHdb experimental),,,,,,matrix,CC-stretch/CH-ip (7.7 um),,,,,,,,,,
3532,matrix,PAHdb experimental 3.10 (Ar matrix),uid 106,hexbenzcoronene,C42H18+,1,42,106,,,1414.0,114.42,relative (PAHdb experimental),,,,,,matrix,CC-stretch/CH-ip (7.7 um),,,,,,,,,,
3533,matrix,PAHdb experimental 3.10 (Ar matrix),uid 106,hexbenzcoronene,C42H18+,1,42,106,,,1570.7,391.44,relative (PAHdb experimental),,,,,,matrix,CC-stretch (6.2 um),,,,,,,,,,
3534,matrix,PAHdb experimental 3.10 (Ar matrix),uid 140,"1,2;3,4;5,6;7,8;9,10;12,13-hexabenzoperopyrene""",C44H20,0,44,140,,,529.3,15.422,relative (PAHdb experimental),,,,,,matrix,low / skeletal,,,,,,,,,,
3535,matrix,PAHdb experimental 3.10 (Ar matrix),uid 140,"1,2;3,4;5,6;7,8;9,10;12,13-hexabenzoperopyrene""",C44H20,0,44,140,,,576.9,4.99,relative (PAHdb experimental),,,,,,matrix,low / skeletal,,,,,,,,,,
3536,matrix,PAHdb experimental 3.10 (Ar matrix),uid 140,"1,2;3,4;5,6;7,8;9,10;12,13-hexabenzoperopyrene""",C44H20,0,44,140,,,621.1,16.038,relative (PAHdb experimental),,,,,,matrix,low / skeletal,,,,,,,,,,
3537,matrix,PAHdb experimental 3.10 (Ar matrix),uid 140,"1,2;3,4;5,6;7,8;9,10;12,13-hexabenzoperopyrene""",C44H20,0,44,140,,,624.0,3.1769,relative (PAHdb experimental),,,,,,matrix,low / skeletal,,,,,,,,,,
3538,matrix,PAHdb experimental 3.10 (Ar matrix),uid 140,"1,2;3,4;5,6;7,8;9,10;12,13-hexabenzoperopyrene""",C44H20,0,44,140,,,626.9,5.1482,relative (PAHdb experimental),,,,,,matrix,low / skeletal,,,,,,,,,,
3539,matrix,PAHdb experimental 3.10 (Ar matrix),uid 140,"1,2;3,4;5,6;7,8;9,10;12,13-hexabenzoperopyrene""",C44H20,0,44,140,,,650.0,1.9667,relative (PAHdb experimental),,,,,,matrix,CH-oop (10.5-15 um; benzene nu11 at 673 included),,,,,,,,,,
3540,matrix,PAHdb experimental 3.10 (Ar matrix),uid 140,"1,2;3,4;5,6;7,8;9,10;12,13-hexabenzoperopyrene""",C44H20,0,44,140,,,669.3,1.7052,relative (PAHdb experimental),,,,,,matrix,CH-oop (10.5-15 um; benzene nu11 at 673 included),,,,,,,,,,
3541,matrix,PAHdb experimental 3.10 (Ar matrix),uid 140,"1,2;3,4;5,6;7,8;9,10;12,13-hexabenzoperopyrene""",C44H20,0,44,140,,,691.8,5.2738,relative (PAHdb experimental),,,,,,matrix,CH-oop (10.5-15 um; benzene nu11 at 673 included),,,,,,,,,,
3542,matrix,PAHdb experimental 3.10 (Ar matrix),uid 140,"1,2;3,4;5,6;7,8;9,10;12,13-hexabenzoperopyrene""",C44H20,0,44,140,,,725.1,1.2814,relative (PAHdb experimental),,,,,,matrix,CH-oop (10.5-15 um; benzene nu11 at 673 included),,,,,,,,,,
3543,matrix,PAHdb experimental 3.10 (Ar matrix),uid 140,"1,2;3,4;5,6;7,8;9,10;12,13-hexabenzoperopyrene""",C44H20,0,44,140,,,745.9,42.906,relative (PAHdb experimental),,,,,,matrix,CH-oop (10.5-15 um; benzene nu11 at 673 included),,,,,,,,,,
3544,matrix,PAHdb experimental 3.10 (Ar matrix),uid 140,"1,2;3,4;5,6;7,8;9,10;12,13-hexabenzoperopyrene""",C44H20,0,44,140,,,754.9,162.73,relative (PAHdb experimental),,,,,,matrix,CH-oop (10.5-15 um; benzene nu11 at 673 included),,,,,,,,,,
3545,matrix,PAHdb experimental 3.10 (Ar matrix),uid 140,"1,2;3,4;5,6;7,8;9,10;12,13-hexabenzoperopyrene""",C44H20,0,44,140,,,786.3,2.1688,relative (PAHdb experimental),,,,,,matrix,CH-oop (10.5-15 um; benzene nu11 at 673 included),,,,,,,,,,
3546,matrix,PAHdb experimental 3.10 (Ar matrix),uid 140,"1,2;3,4;5,6;7,8;9,10;12,13-hexabenzoperopyrene""",C44H20,0,44,140,,,797.9,1.9607,relative (PAHdb experimental),,,,,,matrix,CH-oop (10.5-15 um; benzene nu11 at 673 included),,,,,,,,,,
3547,matrix,PAHdb experimental 3.10 (Ar matrix),uid 140,"1,2;3,4;5,6;7,8;9,10;12,13-hexabenzoperopyrene""",C44H20,0,44,140,,,806.4,48.172,relative (PAHdb experimental),,,,,,matrix,CH-oop (10.5-15 um; benzene nu11 at 673 included),,,,,,,,,,
3548,matrix,PAHdb experimental 3.10 (Ar matrix),uid 140,"1,2;3,4;5,6;7,8;9,10;12,13-hexabenzoperopyrene""",C44H20,0,44,140,,,815.3,5.1092,relative (PAHdb experimental),,,,,,matrix,CH-oop (10.5-15 um; benzene nu11 at 673 included),,,,,,,,,,
3549,matrix,PAHdb experimental 3.10 (Ar matrix),uid 140,"1,2;3,4;5,6;7,8;9,10;12,13-hexabenzoperopyrene""",C44H20,0,44,140,,,846.4,1.7478,relative (PAHdb experimental),,,,,,matrix,CH-oop (10.5-15 um; benzene nu11 at 673 included),,,,,,,,,,
3550,matrix,PAHdb experimental 3.10 (Ar matrix),uid 140,"1,2;3,4;5,6;7,8;9,10;12,13-hexabenzoperopyrene""",C44H20,0,44,140,,,861.6,1.8232,relative (PAHdb experimental),,,,,,matrix,CH-oop (10.5-15 um; benzene nu11 at 673 included),,,,,,,,,,
3551,matrix,PAHdb experimental 3.10 (Ar matrix),uid 140,"1,2;3,4;5,6;7,8;9,10;12,13-hexabenzoperopyrene""",C44H20,0,44,140,,,883.4,37.104,relative (PAHdb experimental),,,,,,matrix,CH-oop (10.5-15 um; benzene nu11 at 673 included),,,,,,,,,,
3552,matrix,PAHdb experimental 3.10 (Ar matrix),uid 140,"1,2;3,4;5,6;7,8;9,10;12,13-hexabenzoperopyrene""",C44H20,0,44,140,,,943.3,1.6551,relative (PAHdb experimental),,,,,,matrix,CH-oop (10.5-15 um; benzene nu11 at 673 included),,,,,,,,,,
3553,matrix,PAHdb experimental 3.10 (Ar matrix),uid 140,"1,2;3,4;5,6;7,8;9,10;12,13-hexabenzoperopyrene""",C44H20,0,44,140,,,954.2,1.396,relative (PAHdb experimental),,,,,,matrix,ring / CH-ip (9-10.5 um),,,,,,,,,,
3554,matrix,PAHdb experimental 3.10 (Ar matrix),uid 140,"1,2;3,4;5,6;7,8;9,10;12,13-hexabenzoperopyrene""",C44H20,0,44,140,,,1054.6,20.083,relative (PAHdb experimental),,,,,,matrix,ring / CH-ip (9-10.5 um),,,,,,,,,,
3555,matrix,PAHdb experimental 3.10 (Ar matrix),uid 140,"1,2;3,4;5,6;7,8;9,10;12,13-hexabenzoperopyrene""",C44H20,0,44,140,,,1091.8,3.9086,relative (PAHdb experimental),,,,,,matrix,ring / CH-ip (9-10.5 um),,,,,,,,,,
3556,matrix,PAHdb experimental 3.10 (Ar matrix),uid 140,"1,2;3,4;5,6;7,8;9,10;12,13-hexabenzoperopyrene""",C44H20,0,44,140,,,1109.3,0.96952,relative (PAHdb experimental),,,,,,matrix,CH-ip-bend (8.6 um),,,,,,,,,,
3557,matrix,PAHdb experimental 3.10 (Ar matrix),uid 140,"1,2;3,4;5,6;7,8;9,10;12,13-hexabenzoperopyrene""",C44H20,0,44,140,,,1116.9,1.5426,relative (PAHdb experimental),,,,,,matrix,CH-ip-bend (8.6 um),,,,,,,,,,
3558,matrix,PAHdb experimental 3.10 (Ar matrix),uid 140,"1,2;3,4;5,6;7,8;9,10;12,13-hexabenzoperopyrene""",C44H20,0,44,140,,,1144.0,1.5262,relative (PAHdb experimental),,,,,,matrix,CH-ip-bend (8.6 um),,,,,,,,,,
3559,matrix,PAHdb experimental 3.10 (Ar matrix),uid 140,"1,2;3,4;5,6;7,8;9,10;12,13-hexabenzoperopyrene""",C44H20,0,44,140,,,1157.3,5.6246,relative (PAHdb experimental),,,,,,matrix,CH-ip-bend (8.6 um),,,,,,,,,,
3560,matrix,PAHdb experimental 3.10 (Ar matrix),uid 140,"1,2;3,4;5,6;7,8;9,10;12,13-hexabenzoperopyrene""",C44H20,0,44,140,,,1170.2,5.8718,relative (PAHdb experimental),,,,,,matrix,CH-ip-bend (8.6 um),,,,,,,,,,
3561,matrix,PAHdb experimental 3.10 (Ar matrix),uid 140,"1,2;3,4;5,6;7,8;9,10;12,13-hexabenzoperopyrene""",C44H20,0,44,140,,,1180.5,5.356,relative (PAHdb experimental),,,,,,matrix,CH-ip-bend (8.6 um),,,,,,,,,,
3562,matrix,PAHdb experimental 3.10 (Ar matrix),uid 140,"1,2;3,4;5,6;7,8;9,10;12,13-hexabenzoperopyrene""",C44H20,0,44,140,,,1237.6,2.7528,relative (PAHdb experimental),,,,,,matrix,CH-ip-bend (8.6 um),,,,,,,,,,
3563,matrix,PAHdb experimental 3.10 (Ar matrix),uid 140,"1,2;3,4;5,6;7,8;9,10;12,13-hexabenzoperopyrene""",C44H20,0,44,140,,,1260.6,3.0573,relative (PAHdb experimental),,,,,,matrix,CC-stretch/CH-ip (7.7 um),,,,,,,,,,
3564,matrix,PAHdb experimental 3.10 (Ar matrix),uid 140,"1,2;3,4;5,6;7,8;9,10;12,13-hexabenzoperopyrene""",C44H20,0,44,140,,,1267.9,24.255,relative (PAHdb experimental),,,,,,matrix,CC-stretch/CH-ip (7.7 um),,,,,,,,,,
3565,matrix,PAHdb experimental 3.10 (Ar matrix),uid 140,"1,2;3,4;5,6;7,8;9,10;12,13-hexabenzoperopyrene""",C44H20,0,44,140,,,1278.3,4.0531,relative (PAHdb experimental),,,,,,matrix,CC-stretch/CH-ip (7.7 um),,,,,,,,,,
3566,matrix,PAHdb experimental 3.10 (Ar matrix),uid 140,"1,2;3,4;5,6;7,8;9,10;12,13-hexabenzoperopyrene""",C44H20,0,44,140,,,1296.4,2.183,relative (PAHdb experimental),,,,,,matrix,CC-stretch/CH-ip (7.7 um),,,,,,,,,,
3567,matrix,PAHdb experimental 3.10 (Ar matrix),uid 140,"1,2;3,4;5,6;7,8;9,10;12,13-hexabenzoperopyrene""",C44H20,0,44,140,,,1313.7,1.3988,relative (PAHdb experimental),,,,,,matrix,CC-stretch/CH-ip (7.7 um),,,,,,,,,,
3568,matrix,PAHdb experimental 3.10 (Ar matrix),uid 140,"1,2;3,4;5,6;7,8;9,10;12,13-hexabenzoperopyrene""",C44H20,0,44,140,,,1322.7,9.7379,relative (PAHdb experimental),,,,,,matrix,CC-stretch/CH-ip (7.7 um),,,,,,,,,,
3569,matrix,PAHdb experimental 3.10 (Ar matrix),uid 140,"1,2;3,4;5,6;7,8;9,10;12,13-hexabenzoperopyrene""",C44H20,0,44,140,,,1331.0,3.5632,relative (PAHdb experimental),,,,,,matrix,CC-stretch/CH-ip (7.7 um),,,,,,,,,,
3570,matrix,PAHdb experimental 3.10 (Ar matrix),uid 140,"1,2;3,4;5,6;7,8;9,10;12,13-hexabenzoperopyrene""",C44H20,0,44,140,,,1354.8,1.3931,relative (PAHdb experimental),,,,,,matrix,CC-stretch/CH-ip (7.7 um),,,,,,,,,,
3571,matrix,PAHdb experimental 3.10 (Ar matrix),uid 140,"1,2;3,4;5,6;7,8;9,10;12,13-hexabenzoperopyrene""",C44H20,0,44,140,,,1363.3,2.4824,relative (PAHdb experimental),,,,,,matrix,CC-stretch/CH-ip (7.7 um),,,,,,,,,,
3572,matrix,PAHdb experimental 3.10 (Ar matrix),uid 140,"1,2;3,4;5,6;7,8;9,10;12,13-hexabenzoperopyrene""",C44H20,0,44,140,,,1382.5,2.6994,relative (PAHdb experimental),,,,,,matrix,CC-stretch/CH-ip (7.7 um),,,,,,,,,,
3573,matrix,PAHdb experimental 3.10 (Ar matrix),uid 140,"1,2;3,4;5,6;7,8;9,10;12,13-hexabenzoperopyrene""",C44H20,0,44,140,,,1386.8,3.5737,relative (PAHdb experimental),,,,,,matrix,CC-stretch/CH-ip (7.7 um),,,,,,,,,,
3574,matrix,PAHdb experimental 3.10 (Ar matrix),uid 140,"1,2;3,4;5,6;7,8;9,10;12,13-hexabenzoperopyrene""",C44H20,0,44,140,,,1405.3,23.746,relative (PAHdb experimental),,,,,,matrix,CC-stretch/CH-ip (7.7 um),,,,,,,,,,
3575,matrix,PAHdb experimental 3.10 (Ar matrix),uid 140,"1,2;3,4;5,6;7,8;9,10;12,13-hexabenzoperopyrene""",C44H20,0,44,140,,,1410.0,55.811,relative (PAHdb experimental),,,,,,matrix,CC-stretch/CH-ip (7.7 um),,,,,,,,,,
3576,matrix,PAHdb experimental 3.10 (Ar matrix),uid 140,"1,2;3,4;5,6;7,8;9,10;12,13-hexabenzoperopyrene""",C44H20,0,44,140,,,1424.9,45.618,relative (PAHdb experimental),,,,,,matrix,CC-stretch/CH-ip (7.7 um),,,,,,,,,,
3577,matrix,PAHdb experimental 3.10 (Ar matrix),uid 140,"1,2;3,4;5,6;7,8;9,10;12,13-hexabenzoperopyrene""",C44H20,0,44,140,,,1435.9,2.234,relative (PAHdb experimental),,,,,,matrix,CC-stretch/CH-ip (7.7 um),,,,,,,,,,
3578,matrix,PAHdb experimental 3.10 (Ar matrix),uid 140,"1,2;3,4;5,6;7,8;9,10;12,13-hexabenzoperopyrene""",C44H20,0,44,140,,,1447.6,3.783,relative (PAHdb experimental),,,,,,matrix,CC-stretch/CH-ip (7.7 um),,,,,,,,,,
3579,matrix,PAHdb experimental 3.10 (Ar matrix),uid 140,"1,2;3,4;5,6;7,8;9,10;12,13-hexabenzoperopyrene""",C44H20,0,44,140,,,1457.3,5.5597,relative (PAHdb experimental),,,,,,matrix,CC-stretch/CH-ip (7.7 um),,,,,,,,,,
3580,matrix,PAHdb experimental 3.10 (Ar matrix),uid 140,"1,2;3,4;5,6;7,8;9,10;12,13-hexabenzoperopyrene""",C44H20,0,44,140,,,1467.9,11.027,relative (PAHdb experimental),,,,,,matrix,CC-stretch/CH-ip (7.7 um),,,,,,,,,,
3581,matrix,PAHdb experimental 3.10 (Ar matrix),uid 140,"1,2;3,4;5,6;7,8;9,10;12,13-hexabenzoperopyrene""",C44H20,0,44,140,,,1489.2,12.904,relative (PAHdb experimental),,,,,,matrix,CC-stretch/CH-ip (7.7 um),,,,,,,,,,
3582,matrix,PAHdb experimental 3.10 (Ar matrix),uid 140,"1,2;3,4;5,6;7,8;9,10;12,13-hexabenzoperopyrene""",C44H20,0,44,140,,,1497.9,15.343,relative (PAHdb experimental),,,,,,matrix,CC-stretch/CH-ip (7.7 um),,,,,,,,,,
3583,matrix,PAHdb experimental 3.10 (Ar matrix),uid 140,"1,2;3,4;5,6;7,8;9,10;12,13-hexabenzoperopyrene""",C44H20,0,44,140,,,1516.4,6.6472,relative (PAHdb experimental),,,,,,matrix,CC-stretch (6.2 um),,,,,,,,,,
3584,matrix,PAHdb experimental 3.10 (Ar matrix),uid 140,"1,2;3,4;5,6;7,8;9,10;12,13-hexabenzoperopyrene""",C44H20,0,44,140,,,1544.2,6.9795,relative (PAHdb experimental),,,,,,matrix,CC-stretch (6.2 um),,,,,,,,,,
3585,matrix,PAHdb experimental 3.10 (Ar matrix),uid 140,"1,2;3,4;5,6;7,8;9,10;12,13-hexabenzoperopyrene""",C44H20,0,44,140,,,1556.6,1.1247,relative (PAHdb experimental),,,,,,matrix,CC-stretch (6.2 um),,,,,,,,,,
3586,matrix,PAHdb experimental 3.10 (Ar matrix),uid 140,"1,2;3,4;5,6;7,8;9,10;12,13-hexabenzoperopyrene""",C44H20,0,44,140,,,1582.3,0.95289,relative (PAHdb experimental),,,,,,matrix,CC-stretch (6.2 um),,,,,,,,,,
3587,matrix,PAHdb experimental 3.10 (Ar matrix),uid 140,"1,2;3,4;5,6;7,8;9,10;12,13-hexabenzoperopyrene""",C44H20,0,44,140,,,1589.5,7.4929,relative (PAHdb experimental),,,,,,matrix,CC-stretch (6.2 um),,,,,,,,,,
3588,matrix,PAHdb experimental 3.10 (Ar matrix),uid 140,"1,2;3,4;5,6;7,8;9,10;12,13-hexabenzoperopyrene""",C44H20,0,44,140,,,1601.7,1.5392,relative (PAHdb experimental),,,,,,matrix,CC-stretch (6.2 um),,,,,,,,,,
3589,matrix,PAHdb experimental 3.10 (Ar matrix),uid 140,"1,2;3,4;5,6;7,8;9,10;12,13-hexabenzoperopyrene""",C44H20,0,44,140,,,1615.2,1.2078,relative (PAHdb experimental),,,,,,matrix,CC-stretch (6.2 um),,,,,,,,,,
3590,matrix,PAHdb experimental 3.10 (Ar matrix),uid 140,"1,2;3,4;5,6;7,8;9,10;12,13-hexabenzoperopyrene""",C44H20,0,44,140,,,1677.1,0.86718,relative (PAHdb experimental),,,,,,matrix,overtone / combination region,,,,,,,,,,
3591,matrix,PAHdb experimental 3.10 (Ar matrix),uid 140,"1,2;3,4;5,6;7,8;9,10;12,13-hexabenzoperopyrene""",C44H20,0,44,140,,,1697.8,3.6342,relative (PAHdb experimental),,,,,,matrix,overtone / combination region,,,,,,,,,,
3592,matrix,PAHdb experimental 3.10 (Ar matrix),uid 140,"1,2;3,4;5,6;7,8;9,10;12,13-hexabenzoperopyrene""",C44H20,0,44,140,,,1752.4,6.1271,relative (PAHdb experimental),,,,,,matrix,overtone / combination region,,,,,,,,,,
3593,matrix,PAHdb experimental 3.10 (Ar matrix),uid 140,"1,2;3,4;5,6;7,8;9,10;12,13-hexabenzoperopyrene""",C44H20,0,44,140,,,1779.1,5.6978,relative (PAHdb experimental),,,,,,matrix,overtone / combination region,,,,,,,,,,
3594,matrix,PAHdb experimental 3.10 (Ar matrix),uid 140,"1,2;3,4;5,6;7,8;9,10;12,13-hexabenzoperopyrene""",C44H20,0,44,140,,,1794.4,0.56635,relative (PAHdb experimental),,,,,,matrix,overtone / combination region,,,,,,,,,,
3595,matrix,PAHdb experimental 3.10 (Ar matrix),uid 140,"1,2;3,4;5,6;7,8;9,10;12,13-hexabenzoperopyrene""",C44H20,0,44,140,,,1803.1,0.91765,relative (PAHdb experimental),,,,,,matrix,overtone / combination region,,,,,,,,,,
3596,matrix,PAHdb experimental 3.10 (Ar matrix),uid 140,"1,2;3,4;5,6;7,8;9,10;12,13-hexabenzoperopyrene""",C44H20,0,44,140,,,1812.5,0.75154,relative (PAHdb experimental),,,,,,matrix,overtone / combination region,,,,,,,,,,
3597,matrix,PAHdb experimental 3.10 (Ar matrix),uid 140,"1,2;3,4;5,6;7,8;9,10;12,13-hexabenzoperopyrene""",C44H20,0,44,140,,,1826.1,0.66357,relative (PAHdb experimental),,,,,,matrix,overtone / combination region,,,,,,,,,,
3598,matrix,PAHdb experimental 3.10 (Ar matrix),uid 140,"1,2;3,4;5,6;7,8;9,10;12,13-hexabenzoperopyrene""",C44H20,0,44,140,,,1835.8,2.7397,relative (PAHdb experimental),,,,,,matrix,overtone / combination region,,,,,,,,,,
3599,matrix,PAHdb experimental 3.10 (Ar matrix),uid 140,"1,2;3,4;5,6;7,8;9,10;12,13-hexabenzoperopyrene""",C44H20,0,44,140,,,1854.1,3.2271,relative (PAHdb experimental),,,,,,matrix,overtone / combination region,,,,,,,,,,
3600,matrix,PAHdb experimental 3.10 (Ar matrix),uid 140,"1,2;3,4;5,6;7,8;9,10;12,13-hexabenzoperopyrene""",C44H20,0,44,140,,,1886.3,5.7397,relative (PAHdb experimental),,,,,,matrix,overtone / combination region,,,,,,,,,,
3601,matrix,PAHdb experimental 3.10 (Ar matrix),uid 140,"1,2;3,4;5,6;7,8;9,10;12,13-hexabenzoperopyrene""",C44H20,0,44,140,,,1913.6,4.7927,relative (PAHdb experimental),,,,,,matrix,overtone / combination region,,,,,,,,,,
3602,matrix,PAHdb experimental 3.10 (Ar matrix),uid 140,"1,2;3,4;5,6;7,8;9,10;12,13-hexabenzoperopyrene""",C44H20,0,44,140,,,1926.1,6.7223,relative (PAHdb experimental),,,,,,matrix,overtone / combination region,,,,,,,,,,
3603,matrix,PAHdb experimental 3.10 (Ar matrix),uid 140,"1,2;3,4;5,6;7,8;9,10;12,13-hexabenzoperopyrene""",C44H20,0,44,140,,,1940.0,0.84047,relative (PAHdb experimental),,,,,,matrix,overtone / combination region,,,,,,,,,,
3604,matrix,PAHdb experimental 3.10 (Ar matrix),uid 140,"1,2;3,4;5,6;7,8;9,10;12,13-hexabenzoperopyrene""",C44H20,0,44,140,,,1946.8,5.7956,relative (PAHdb experimental),,,,,,matrix,overtone / combination region,,,,,,,,,,
3605,matrix,PAHdb experimental 3.10 (Ar matrix),uid 140,"1,2;3,4;5,6;7,8;9,10;12,13-hexabenzoperopyrene""",C44H20,0,44,140,,,3046.9,48.388,relative (PAHdb experimental),,,,,,matrix,CH-stretch,,,,,,,,,,
3606,matrix,PAHdb experimental 3.10 (Ar matrix),uid 140,"1,2;3,4;5,6;7,8;9,10;12,13-hexabenzoperopyrene""",C44H20,0,44,140,,,3070.5,49.493,relative (PAHdb experimental),,,,,,matrix,CH-stretch,,,,,,,,,,
3607,matrix,PAHdb experimental 3.10 (Ar matrix),uid 140,"1,2;3,4;5,6;7,8;9,10;12,13-hexabenzoperopyrene""",C44H20,0,44,140,,,3090.6,103.18,relative (PAHdb experimental),,,,,,matrix,CH-stretch,,,,,,,,,,
3608,matrix,PAHdb experimental 3.10 (Ar matrix),uid 146,"difluoranthen-(3\',5\';4,6),(4"""",6"""";9,11)-coronene",C48H20,0,48,146,,,486.9,3.7848,relative (PAHdb experimental),,,,,,matrix,low / skeletal,,,,,,,,,,
3609,matrix,PAHdb experimental 3.10 (Ar matrix),uid 146,"difluoranthen-(3\',5\';4,6),(4"""",6"""";9,11)-coronene",C48H20,0,48,146,,,561.5,4.7956,relative (PAHdb experimental),,,,,,matrix,low / skeletal,,,,,,,,,,
3610,matrix,PAHdb experimental 3.10 (Ar matrix),uid 146,"difluoranthen-(3\',5\';4,6),(4"""",6"""";9,11)-coronene",C48H20,0,48,146,,,565.6,4.5134,relative (PAHdb experimental),,,,,,matrix,low / skeletal,,,,,,,,,,
3611,matrix,PAHdb experimental 3.10 (Ar matrix),uid 146,"difluoranthen-(3\',5\';4,6),(4"""",6"""";9,11)-coronene",C48H20,0,48,146,,,576.2,3.2791,relative (PAHdb experimental),,,,,,matrix,low / skeletal,,,,,,,,,,
3612,matrix,PAHdb experimental 3.10 (Ar matrix),uid 146,"difluoranthen-(3\',5\';4,6),(4"""",6"""";9,11)-coronene",C48H20,0,48,146,,,583.4,7.8422,relative (PAHdb experimental),,,,,,matrix,low / skeletal,,,,,,,,,,
3613,matrix,PAHdb experimental 3.10 (Ar matrix),uid 146,"difluoranthen-(3\',5\';4,6),(4"""",6"""";9,11)-coronene",C48H20,0,48,146,,,614.9,0.71295,relative (PAHdb experimental),,,,,,matrix,low / skeletal,,,,,,,,,,
3614,matrix,PAHdb experimental 3.10 (Ar matrix),uid 146,"difluoranthen-(3\',5\';4,6),(4"""",6"""";9,11)-coronene",C48H20,0,48,146,,,628.8,1.9025,relative (PAHdb experimental),,,,,,matrix,low / skeletal,,,,,,,,,,
3615,matrix,PAHdb experimental 3.10 (Ar matrix),uid 146,"difluoranthen-(3\',5\';4,6),(4"""",6"""";9,11)-coronene",C48H20,0,48,146,,,652.3,2.4963,relative (PAHdb experimental),,,,,,matrix,CH-oop (10.5-15 um; benzene nu11 at 673 included),,,,,,,,,,
3616,matrix,PAHdb experimental 3.10 (Ar matrix),uid 146,"difluoranthen-(3\',5\';4,6),(4"""",6"""";9,11)-coronene",C48H20,0,48,146,,,676.2,1.444,relative (PAHdb experimental),,,,,,matrix,CH-oop (10.5-15 um; benzene nu11 at 673 included),,,,,,,,,,
3617,matrix,PAHdb experimental 3.10 (Ar matrix),uid 146,"difluoranthen-(3\',5\';4,6),(4"""",6"""";9,11)-coronene",C48H20,0,48,146,,,691.6,11.561,relative (PAHdb experimental),,,,,,matrix,CH-oop (10.5-15 um; benzene nu11 at 673 included),,,,,,,,,,
3618,matrix,PAHdb experimental 3.10 (Ar matrix),uid 146,"difluoranthen-(3\',5\';4,6),(4"""",6"""";9,11)-coronene",C48H20,0,48,146,,,723.7,3.8383,relative (PAHdb experimental),,,,,,matrix,CH-oop (10.5-15 um; benzene nu11 at 673 included),,,,,,,,,,
3619,matrix,PAHdb experimental 3.10 (Ar matrix),uid 146,"difluoranthen-(3\',5\';4,6),(4"""",6"""";9,11)-coronene",C48H20,0,48,146,,,742.8,58.989,relative (PAHdb experimental),,,,,,matrix,CH-oop (10.5-15 um; benzene nu11 at 673 included),,,,,,,,,,
3620,matrix,PAHdb experimental 3.10 (Ar matrix),uid 146,"difluoranthen-(3\',5\';4,6),(4"""",6"""";9,11)-coronene",C48H20,0,48,146,,,754.6,3.3941,relative (PAHdb experimental),,,,,,matrix,CH-oop (10.5-15 um; benzene nu11 at 673 included),,,,,,,,,,
3621,matrix,PAHdb experimental 3.10 (Ar matrix),uid 146,"difluoranthen-(3\',5\';4,6),(4"""",6"""";9,11)-coronene",C48H20,0,48,146,,,760.9,2.1624,relative (PAHdb experimental),,,,,,matrix,CH-oop (10.5-15 um; benzene nu11 at 673 included),,,,,,,,,,
3622,matrix,PAHdb experimental 3.10 (Ar matrix),uid 146,"difluoranthen-(3\',5\';4,6),(4"""",6"""";9,11)-coronene",C48H20,0,48,146,,,777.6,9.4491,relative (PAHdb experimental),,,,,,matrix,CH-oop (10.5-15 um; benzene nu11 at 673 included),,,,,,,,,,
3623,matrix,PAHdb experimental 3.10 (Ar matrix),uid 146,"difluoranthen-(3\',5\';4,6),(4"""",6"""";9,11)-coronene",C48H20,0,48,146,,,791.3,5.9935,relative (PAHdb experimental),,,,,,matrix,CH-oop (10.5-15 um; benzene nu11 at 673 included),,,,,,,,,,
3624,matrix,PAHdb experimental 3.10 (Ar matrix),uid 146,"difluoranthen-(3\',5\';4,6),(4"""",6"""";9,11)-coronene",C48H20,0,48,146,,,796.5,3.3174,relative (PAHdb experimental),,,,,,matrix,CH-oop (10.5-15 um; benzene nu11 at 673 included),,,,,,,,,,
3625,matrix,PAHdb experimental 3.10 (Ar matrix),uid 146,"difluoranthen-(3\',5\';4,6),(4"""",6"""";9,11)-coronene",C48H20,0,48,146,,,812.1,27.972,relative (PAHdb experimental),,,,,,matrix,CH-oop (10.5-15 um; benzene nu11 at 673 included),,,,,,,,,,
3626,matrix,PAHdb experimental 3.10 (Ar matrix),uid 146,"difluoranthen-(3\',5\';4,6),(4"""",6"""";9,11)-coronene",C48H20,0,48,146,,,823.3,5.221,relative (PAHdb experimental),,,,,,matrix,CH-oop (10.5-15 um; benzene nu11 at 673 included),,,,,,,,,,
3627,matrix,PAHdb experimental 3.10 (Ar matrix),uid 146,"difluoranthen-(3\',5\';4,6),(4"""",6"""";9,11)-coronene",C48H20,0,48,146,,,874.0,3.3834,relative (PAHdb experimental),,,,,,matrix,CH-oop (10.5-15 um; benzene nu11 at 673 included),,,,,,,,,,
3628,matrix,PAHdb experimental 3.10 (Ar matrix),uid 146,"difluoranthen-(3\',5\';4,6),(4"""",6"""";9,11)-coronene",C48H20,0,48,146,,,904.5,27.6,relative (PAHdb experimental),,,,,,matrix,CH-oop (10.5-15 um; benzene nu11 at 673 included),,,,,,,,,,
3629,matrix,PAHdb experimental 3.10 (Ar matrix),uid 146,"difluoranthen-(3\',5\';4,6),(4"""",6"""";9,11)-coronene",C48H20,0,48,146,,,935.5,2.1349,relative (PAHdb experimental),,,,,,matrix,CH-oop (10.5-15 um; benzene nu11 at 673 included),,,,,,,,,,
3630,matrix,PAHdb experimental 3.10 (Ar matrix),uid 146,"difluoranthen-(3\',5\';4,6),(4"""",6"""";9,11)-coronene",C48H20,0,48,146,,,961.3,1.0704,relative (PAHdb experimental),,,,,,matrix,ring / CH-ip (9-10.5 um),,,,,,,,,,
3631,matrix,PAHdb experimental 3.10 (Ar matrix),uid 146,"difluoranthen-(3\',5\';4,6),(4"""",6"""";9,11)-coronene",C48H20,0,48,146,,,973.5,5.0202,relative (PAHdb experimental),,,,,,matrix,ring / CH-ip (9-10.5 um),,,,,,,,,,
3632,matrix,PAHdb experimental 3.10 (Ar matrix),uid 146,"difluoranthen-(3\',5\';4,6),(4"""",6"""";9,11)-coronene",C48H20,0,48,146,,,1008.9,12.355,relative (PAHdb experimental),,,,,,matrix,ring / CH-ip (9-10.5 um),,,,,,,,,,
3633,matrix,PAHdb experimental 3.10 (Ar matrix),uid 146,"difluoranthen-(3\',5\';4,6),(4"""",6"""";9,11)-coronene",C48H20,0,48,146,,,1032.0,31.425,relative (PAHdb experimental),,,,,,matrix,ring / CH-ip (9-10.5 um),,,,,,,,,,
3634,matrix,PAHdb experimental 3.10 (Ar matrix),uid 146,"difluoranthen-(3\',5\';4,6),(4"""",6"""";9,11)-coronene",C48H20,0,48,146,,,1047.9,1.1182,relative (PAHdb experimental),,,,,,matrix,ring / CH-ip (9-10.5 um),,,,,,,,,,
3635,matrix,PAHdb experimental 3.10 (Ar matrix),uid 146,"difluoranthen-(3\',5\';4,6),(4"""",6"""";9,11)-coronene",C48H20,0,48,146,,,1081.0,2.0994,relative (PAHdb experimental),,,,,,matrix,ring / CH-ip (9-10.5 um),,,,,,,,,,
3636,matrix,PAHdb experimental 3.10 (Ar matrix),uid 146,"difluoranthen-(3\',5\';4,6),(4"""",6"""";9,11)-coronene",C48H20,0,48,146,,,1094.9,2.7395,relative (PAHdb experimental),,,,,,matrix,ring / CH-ip (9-10.5 um),,,,,,,,,,
3637,matrix,PAHdb experimental 3.10 (Ar matrix),uid 146,"difluoranthen-(3\',5\';4,6),(4"""",6"""";9,11)-coronene",C48H20,0,48,146,,,1117.3,28.827,relative (PAHdb experimental),,,,,,matrix,CH-ip-bend (8.6 um),,,,,,,,,,
3638,matrix,PAHdb experimental 3.10 (Ar matrix),uid 146,"difluoranthen-(3\',5\';4,6),(4"""",6"""";9,11)-coronene",C48H20,0,48,146,,,1136.0,1.0015,relative (PAHdb experimental),,,,,,matrix,CH-ip-bend (8.6 um),,,,,,,,,,
3639,matrix,PAHdb experimental 3.10 (Ar matrix),uid 146,"difluoranthen-(3\',5\';4,6),(4"""",6"""";9,11)-coronene",C48H20,0,48,146,,,1143.8,6.9311,relative (PAHdb experimental),,,,,,matrix,CH-ip-bend (8.6 um),,,,,,,,,,
3640,matrix,PAHdb experimental 3.10 (Ar matrix),uid 146,"difluoranthen-(3\',5\';4,6),(4"""",6"""";9,11)-coronene",C48H20,0,48,146,,,1155.1,20.569,relative (PAHdb experimental),,,,,,matrix,CH-ip-bend (8.6 um),,,,,,,,,,
3641,matrix,PAHdb experimental 3.10 (Ar matrix),uid 146,"difluoranthen-(3\',5\';4,6),(4"""",6"""";9,11)-coronene",C48H20,0,48,146,,,1175.4,11.245,relative (PAHdb experimental),,,,,,matrix,CH-ip-bend (8.6 um),,,,,,,,,,
3642,matrix,PAHdb experimental 3.10 (Ar matrix),uid 146,"difluoranthen-(3\',5\';4,6),(4"""",6"""";9,11)-coronene",C48H20,0,48,146,,,1189.1,3.8797,relative (PAHdb experimental),,,,,,matrix,CH-ip-bend (8.6 um),,,,,,,,,,
3643,matrix,PAHdb experimental 3.10 (Ar matrix),uid 146,"difluoranthen-(3\',5\';4,6),(4"""",6"""";9,11)-coronene",C48H20,0,48,146,,,1211.1,2.3045,relative (PAHdb experimental),,,,,,matrix,CH-ip-bend (8.6 um),,,,,,,,,,
3644,matrix,PAHdb experimental 3.10 (Ar matrix),uid 146,"difluoranthen-(3\',5\';4,6),(4"""",6"""";9,11)-coronene",C48H20,0,48,146,,,1219.6,2.4622,relative (PAHdb experimental),,,,,,matrix,CH-ip-bend (8.6 um),,,,,,,,,,
3645,matrix,PAHdb experimental 3.10 (Ar matrix),uid 146,"difluoranthen-(3\',5\';4,6),(4"""",6"""";9,11)-coronene",C48H20,0,48,146,,,1224.4,2.3049,relative (PAHdb experimental),,,,,,matrix,CH-ip-bend (8.6 um),,,,,,,,,,
3646,matrix,PAHdb experimental 3.10 (Ar matrix),uid 146,"difluoranthen-(3\',5\';4,6),(4"""",6"""";9,11)-coronene",C48H20,0,48,146,,,1239.7,0.87049,relative (PAHdb experimental),,,,,,matrix,CH-ip-bend (8.6 um),,,,,,,,,,
3647,matrix,PAHdb experimental 3.10 (Ar matrix),uid 146,"difluoranthen-(3\',5\';4,6),(4"""",6"""";9,11)-coronene",C48H20,0,48,146,,,1259.7,12.892,relative (PAHdb experimental),,,,,,matrix,CC-stretch/CH-ip (7.7 um),,,,,,,,,,
3648,matrix,PAHdb experimental 3.10 (Ar matrix),uid 146,"difluoranthen-(3\',5\';4,6),(4"""",6"""";9,11)-coronene",C48H20,0,48,146,,,1294.1,23.377,relative (PAHdb experimental),,,,,,matrix,CC-stretch/CH-ip (7.7 um),,,,,,,,,,
3649,matrix,PAHdb experimental 3.10 (Ar matrix),uid 146,"difluoranthen-(3\',5\';4,6),(4"""",6"""";9,11)-coronene",C48H20,0,48,146,,,1307.0,1.6314,relative (PAHdb experimental),,,,,,matrix,CC-stretch/CH-ip (7.7 um),,,,,,,,,,
3650,matrix,PAHdb experimental 3.10 (Ar matrix),uid 146,"difluoranthen-(3\',5\';4,6),(4"""",6"""";9,11)-coronene",C48H20,0,48,146,,,1318.4,9.101,relative (PAHdb experimental),,,,,,matrix,CC-stretch/CH-ip (7.7 um),,,,,,,,,,
3651,matrix,PAHdb experimental 3.10 (Ar matrix),uid 146,"difluoranthen-(3\',5\';4,6),(4"""",6"""";9,11)-coronene",C48H20,0,48,146,,,1339.0,30.204,relative (PAHdb experimental),,,,,,matrix,CC-stretch/CH-ip (7.7 um),,,,,,,,,,
3652,matrix,PAHdb experimental 3.10 (Ar matrix),uid 146,"difluoranthen-(3\',5\';4,6),(4"""",6"""";9,11)-coronene",C48H20,0,48,146,,,1350.6,12.067,relative (PAHdb experimental),,,,,,matrix,CC-stretch/CH-ip (7.7 um),,,,,,,,,,
3653,matrix,PAHdb experimental 3.10 (Ar matrix),uid 146,"difluoranthen-(3\',5\';4,6),(4"""",6"""";9,11)-coronene",C48H20,0,48,146,,,1357.0,63.853,relative (PAHdb experimental),,,,,,matrix,CC-stretch/CH-ip (7.7 um),,,,,,,,,,
3654,matrix,PAHdb experimental 3.10 (Ar matrix),uid 146,"difluoranthen-(3\',5\';4,6),(4"""",6"""";9,11)-coronene",C48H20,0,48,146,,,1367.9,3.6305,relative (PAHdb experimental),,,,,,matrix,CC-stretch/CH-ip (7.7 um),,,,,,,,,,
3655,matrix,PAHdb experimental 3.10 (Ar matrix),uid 146,"difluoranthen-(3\',5\';4,6),(4"""",6"""";9,11)-coronene",C48H20,0,48,146,,,1392.4,15.583,relative (PAHdb experimental),,,,,,matrix,CC-stretch/CH-ip (7.7 um),,,,,,,,,,
3656,matrix,PAHdb experimental 3.10 (Ar matrix),uid 146,"difluoranthen-(3\',5\';4,6),(4"""",6"""";9,11)-coronene",C48H20,0,48,146,,,1416.9,11.031,relative (PAHdb experimental),,,,,,matrix,CC-stretch/CH-ip (7.7 um),,,,,,,,,,
3657,matrix,PAHdb experimental 3.10 (Ar matrix),uid 146,"difluoranthen-(3\',5\';4,6),(4"""",6"""";9,11)-coronene",C48H20,0,48,146,,,1431.8,113.75,relative (PAHdb experimental),,,,,,matrix,CC-stretch/CH-ip (7.7 um),,,,,,,,,,
3658,matrix,PAHdb experimental 3.10 (Ar matrix),uid 146,"difluoranthen-(3\',5\';4,6),(4"""",6"""";9,11)-coronene",C48H20,0,48,146,,,1439.5,100.06,relative (PAHdb experimental),,,,,,matrix,CC-stretch/CH-ip (7.7 um),,,,,,,,,,
3659,matrix,PAHdb experimental 3.10 (Ar matrix),uid 146,"difluoranthen-(3\',5\';4,6),(4"""",6"""";9,11)-coronene",C48H20,0,48,146,,,1450.5,152.44,relative (PAHdb experimental),,,,,,matrix,CC-stretch/CH-ip (7.7 um),,,,,,,,,,
3660,matrix,PAHdb experimental 3.10 (Ar matrix),uid 146,"difluoranthen-(3\',5\';4,6),(4"""",6"""";9,11)-coronene",C48H20,0,48,146,,,1470.1,7.5605,relative (PAHdb experimental),,,,,,matrix,CC-stretch/CH-ip (7.7 um),,,,,,,,,,
3661,matrix,PAHdb experimental 3.10 (Ar matrix),uid 146,"difluoranthen-(3\',5\';4,6),(4"""",6"""";9,11)-coronene",C48H20,0,48,146,,,1480.6,0.40739,relative (PAHdb experimental),,,,,,matrix,CC-stretch/CH-ip (7.7 um),,,,,,,,,,
3662,matrix,PAHdb experimental 3.10 (Ar matrix),uid 146,"difluoranthen-(3\',5\';4,6),(4"""",6"""";9,11)-coronene",C48H20,0,48,146,,,1495.6,73.693,relative (PAHdb experimental),,,,,,matrix,CC-stretch/CH-ip (7.7 um),,,,,,,,,,
3663,matrix,PAHdb experimental 3.10 (Ar matrix),uid 146,"difluoranthen-(3\',5\';4,6),(4"""",6"""";9,11)-coronene",C48H20,0,48,146,,,1545.3,7.3962,relative (PAHdb experimental),,,,,,matrix,CC-stretch (6.2 um),,,,,,,,,,
3664,matrix,PAHdb experimental 3.10 (Ar matrix),uid 146,"difluoranthen-(3\',5\';4,6),(4"""",6"""";9,11)-coronene",C48H20,0,48,146,,,1552.0,21.592,relative (PAHdb experimental),,,,,,matrix,CC-stretch (6.2 um),,,,,,,,,,
3665,matrix,PAHdb experimental 3.10 (Ar matrix),uid 146,"difluoranthen-(3\',5\';4,6),(4"""",6"""";9,11)-coronene",C48H20,0,48,146,,,1561.6,3.7488,relative (PAHdb experimental),,,,,,matrix,CC-stretch (6.2 um),,,,,,,,,,
3666,matrix,PAHdb experimental 3.10 (Ar matrix),uid 146,"difluoranthen-(3\',5\';4,6),(4"""",6"""";9,11)-coronene",C48H20,0,48,146,,,1578.6,3.4822,relative (PAHdb experimental),,,,,,matrix,CC-stretch (6.2 um),,,,,,,,,,
3667,matrix,PAHdb experimental 3.10 (Ar matrix),uid 146,"difluoranthen-(3\',5\';4,6),(4"""",6"""";9,11)-coronene",C48H20,0,48,146,,,1593.0,42.44,relative (PAHdb experimental),,,,,,matrix,CC-stretch (6.2 um),,,,,,,,,,
3668,matrix,PAHdb experimental 3.10 (Ar matrix),uid 146,"difluoranthen-(3\',5\';4,6),(4"""",6"""";9,11)-coronene",C48H20,0,48,146,,,1601.6,0.83987,relative (PAHdb experimental),,,,,,matrix,CC-stretch (6.2 um),,,,,,,,,,
3669,matrix,PAHdb experimental 3.10 (Ar matrix),uid 146,"difluoranthen-(3\',5\';4,6),(4"""",6"""";9,11)-coronene",C48H20,0,48,146,,,1611.0,42.921,relative (PAHdb experimental),,,,,,matrix,CC-stretch (6.2 um),,,,,,,,,,
3670,matrix,PAHdb experimental 3.10 (Ar matrix),uid 146,"difluoranthen-(3\',5\';4,6),(4"""",6"""";9,11)-coronene",C48H20,0,48,146,,,1625.2,11.153,relative (PAHdb experimental),,,,,,matrix,CC-stretch (6.2 um),,,,,,,,,,
3671,matrix,PAHdb experimental 3.10 (Ar matrix),uid 146,"difluoranthen-(3\',5\';4,6),(4"""",6"""";9,11)-coronene",C48H20,0,48,146,,,1647.4,23.353,relative (PAHdb experimental),,,,,,matrix,CC-stretch (6.2 um),,,,,,,,,,
3672,matrix,PAHdb experimental 3.10 (Ar matrix),uid 146,"difluoranthen-(3\',5\';4,6),(4"""",6"""";9,11)-coronene",C48H20,0,48,146,,,1697.3,1.8876,relative (PAHdb experimental),,,,,,matrix,overtone / combination region,,,,,,,,,,
3673,matrix,PAHdb experimental 3.10 (Ar matrix),uid 146,"difluoranthen-(3\',5\';4,6),(4"""",6"""";9,11)-coronene",C48H20,0,48,146,,,1722.1,23.66,relative (PAHdb experimental),,,,,,matrix,overtone / combination region,,,,,,,,,,
3674,matrix,PAHdb experimental 3.10 (Ar matrix),uid 146,"difluoranthen-(3\',5\';4,6),(4"""",6"""";9,11)-coronene",C48H20,0,48,146,,,1752.4,3.3347,relative (PAHdb experimental),,,,,,matrix,overtone / combination region,,,,,,,,,,
3675,matrix,PAHdb experimental 3.10 (Ar matrix),uid 146,"difluoranthen-(3\',5\';4,6),(4"""",6"""";9,11)-coronene",C48H20,0,48,146,,,1760.1,1.6442,relative (PAHdb experimental),,,,,,matrix,overtone / combination region,,,,,,,,,,
3676,matrix,PAHdb experimental 3.10 (Ar matrix),uid 146,"difluoranthen-(3\',5\';4,6),(4"""",6"""";9,11)-coronene",C48H20,0,48,146,,,1801.3,10.123,relative (PAHdb experimental),,,,,,matrix,overtone / combination region,,,,,,,,,,
3677,matrix,PAHdb experimental 3.10 (Ar matrix),uid 146,"difluoranthen-(3\',5\';4,6),(4"""",6"""";9,11)-coronene",C48H20,0,48,146,,,1833.7,2.6583,relative (PAHdb experimental),,,,,,matrix,overtone / combination region,,,,,,,,,,
3678,matrix,PAHdb experimental 3.10 (Ar matrix),uid 146,"difluoranthen-(3\',5\';4,6),(4"""",6"""";9,11)-coronene",C48H20,0,48,146,,,1875.9,13.946,relative (PAHdb experimental),,,,,,matrix,overtone / combination region,,,,,,,,,,
3679,matrix,PAHdb experimental 3.10 (Ar matrix),uid 146,"difluoranthen-(3\',5\';4,6),(4"""",6"""";9,11)-coronene",C48H20,0,48,146,,,1903.2,5.1694,relative (PAHdb experimental),,,,,,matrix,overtone / combination region,,,,,,,,,,
3680,matrix,PAHdb experimental 3.10 (Ar matrix),uid 146,"difluoranthen-(3\',5\';4,6),(4"""",6"""";9,11)-coronene",C48H20,0,48,146,,,1915.9,2.3089,relative (PAHdb experimental),,,,,,matrix,overtone / combination region,,,,,,,,,,
3681,matrix,PAHdb experimental 3.10 (Ar matrix),uid 146,"difluoranthen-(3\',5\';4,6),(4"""",6"""";9,11)-coronene",C48H20,0,48,146,,,1940.6,9.3273,relative (PAHdb experimental),,,,,,matrix,overtone / combination region,,,,,,,,,,
3682,matrix,PAHdb experimental 3.10 (Ar matrix),uid 146,"difluoranthen-(3\',5\';4,6),(4"""",6"""";9,11)-coronene",C48H20,0,48,146,,,2863.6,13.633,relative (PAHdb experimental),,,,,,matrix,overtone / combination region,,,,,,,,,,
3683,matrix,PAHdb experimental 3.10 (Ar matrix),uid 146,"difluoranthen-(3\',5\';4,6),(4"""",6"""";9,11)-coronene",C48H20,0,48,146,,,2935.4,16.811,relative (PAHdb experimental),,,,,,matrix,overtone / combination region,,,,,,,,,,
3684,matrix,PAHdb experimental 3.10 (Ar matrix),uid 146,"difluoranthen-(3\',5\';4,6),(4"""",6"""";9,11)-coronene",C48H20,0,48,146,,,2973.5,9.6435,relative (PAHdb experimental),,,,,,matrix,CH-stretch,,,,,,,,,,
3685,matrix,PAHdb experimental 3.10 (Ar matrix),uid 146,"difluoranthen-(3\',5\';4,6),(4"""",6"""";9,11)-coronene",C48H20,0,48,146,,,3065.1,237.42,relative (PAHdb experimental),,,,,,matrix,CH-stretch,,,,,,,,,,
3686,matrix,PAHdb experimental 3.10 (Ar matrix),uid 100,dicoronylene,C48H20,0,48,100,,,544.3,25.895,relative (PAHdb experimental),,,,,10.1021/jp983482y,matrix,low / skeletal,,,,,,,,,,
3687,matrix,PAHdb experimental 3.10 (Ar matrix),uid 100,dicoronylene,C48H20,0,48,100,,,577.1,18.669,relative (PAHdb experimental),,,,,10.1021/jp983482y,matrix,low / skeletal,,,,,,,,,,
3688,matrix,PAHdb experimental 3.10 (Ar matrix),uid 100,dicoronylene,C48H20,0,48,100,,,735.4,4.5166,relative (PAHdb experimental),,,,,10.1021/jp983482y,matrix,CH-oop (10.5-15 um; benzene nu11 at 673 included),,,,,,,,,,
3689,matrix,PAHdb experimental 3.10 (Ar matrix),uid 100,dicoronylene,C48H20,0,48,100,,,740.5,5.1188,relative (PAHdb experimental),,,,,10.1021/jp983482y,matrix,CH-oop (10.5-15 um; benzene nu11 at 673 included),,,,,,,,,,
3690,matrix,PAHdb experimental 3.10 (Ar matrix),uid 100,dicoronylene,C48H20,0,48,100,,,772.6,2.2282,relative (PAHdb experimental),,,,,10.1021/jp983482y,matrix,CH-oop (10.5-15 um; benzene nu11 at 673 included),,,,,,,,,,
3691,matrix,PAHdb experimental 3.10 (Ar matrix),uid 100,dicoronylene,C48H20,0,48,100,,,780.6,5.5404,relative (PAHdb experimental),,,,,10.1021/jp983482y,matrix,CH-oop (10.5-15 um; benzene nu11 at 673 included),,,,,,,,,,
3692,matrix,PAHdb experimental 3.10 (Ar matrix),uid 100,dicoronylene,C48H20,0,48,100,,,784.2,2.9508,relative (PAHdb experimental),,,,,10.1021/jp983482y,matrix,CH-oop (10.5-15 um; benzene nu11 at 673 included),,,,,,,,,,
3693,matrix,PAHdb experimental 3.10 (Ar matrix),uid 100,dicoronylene,C48H20,0,48,100,,,797.7,25.895,relative (PAHdb experimental),,,,,10.1021/jp983482y,matrix,CH-oop (10.5-15 um; benzene nu11 at 673 included),,,,,,,,,,
3694,matrix,PAHdb experimental 3.10 (Ar matrix),uid 100,dicoronylene,C48H20,0,48,100,,,849.2,120.44,relative (PAHdb experimental),,,,,10.1021/jp983482y,matrix,CH-oop (10.5-15 um; benzene nu11 at 673 included),,,,,,,,,,
3695,matrix,PAHdb experimental 3.10 (Ar matrix),uid 100,dicoronylene,C48H20,0,48,100,,,857.2,3.9144,relative (PAHdb experimental),,,,,10.1021/jp983482y,matrix,CH-oop (10.5-15 um; benzene nu11 at 673 included),,,,,,,,,,
3696,matrix,PAHdb experimental 3.10 (Ar matrix),uid 100,dicoronylene,C48H20,0,48,100,,,875.5,10.238,relative (PAHdb experimental),,,,,10.1021/jp983482y,matrix,CH-oop (10.5-15 um; benzene nu11 at 673 included),,,,,,,,,,
3697,matrix,PAHdb experimental 3.10 (Ar matrix),uid 100,dicoronylene,C48H20,0,48,100,,,886.6,96.354,relative (PAHdb experimental),,,,,10.1021/jp983482y,matrix,CH-oop (10.5-15 um; benzene nu11 at 673 included),,,,,,,,,,
3698,matrix,PAHdb experimental 3.10 (Ar matrix),uid 100,dicoronylene,C48H20,0,48,100,,,908.8,1.3249,relative (PAHdb experimental),,,,,10.1021/jp983482y,matrix,CH-oop (10.5-15 um; benzene nu11 at 673 included),,,,,,,,,,
3699,matrix,PAHdb experimental 3.10 (Ar matrix),uid 100,dicoronylene,C48H20,0,48,100,,,1005.7,10.238,relative (PAHdb experimental),,,,,10.1021/jp983482y,matrix,ring / CH-ip (9-10.5 um),,,,,,,,,,
3700,matrix,PAHdb experimental 3.10 (Ar matrix),uid 100,dicoronylene,C48H20,0,48,100,,,1135.6,2.71,relative (PAHdb experimental),,,,,10.1021/jp983482y,matrix,CH-ip-bend (8.6 um),,,,,,,,,,
3701,matrix,PAHdb experimental 3.10 (Ar matrix),uid 100,dicoronylene,C48H20,0,48,100,,,1146.5,21.077,relative (PAHdb experimental),,,,,10.1021/jp983482y,matrix,CH-ip-bend (8.6 um),,,,,,,,,,
3702,matrix,PAHdb experimental 3.10 (Ar matrix),uid 100,dicoronylene,C48H20,0,48,100,,,1218.6,9.0332,relative (PAHdb experimental),,,,,10.1021/jp983482y,matrix,CH-ip-bend (8.6 um),,,,,,,,,,
3703,matrix,PAHdb experimental 3.10 (Ar matrix),uid 100,dicoronylene,C48H20,0,48,100,,,1239.6,4.3962,relative (PAHdb experimental),,,,,10.1021/jp983482y,matrix,CH-ip-bend (8.6 um),,,,,,,,,,
3704,matrix,PAHdb experimental 3.10 (Ar matrix),uid 100,dicoronylene,C48H20,0,48,100,,,1292.6,22.884,relative (PAHdb experimental),,,,,10.1021/jp983482y,matrix,CC-stretch/CH-ip (7.7 um),,,,,,,,,,
3705,matrix,PAHdb experimental 3.10 (Ar matrix),uid 100,dicoronylene,C48H20,0,48,100,,,1306.1,7.8288,relative (PAHdb experimental),,,,,10.1021/jp983482y,matrix,CC-stretch/CH-ip (7.7 um),,,,,,,,,,
3706,matrix,PAHdb experimental 3.10 (Ar matrix),uid 100,dicoronylene,C48H20,0,48,100,,,1315.2,60.221,relative (PAHdb experimental),,,,,10.1021/jp983482y,matrix,CC-stretch/CH-ip (7.7 um),,,,,,,,,,
3707,matrix,PAHdb experimental 3.10 (Ar matrix),uid 100,dicoronylene,C48H20,0,48,100,,,1328.9,2.5895,relative (PAHdb experimental),,,,,10.1021/jp983482y,matrix,CC-stretch/CH-ip (7.7 um),,,,,,,,,,
3708,matrix,PAHdb experimental 3.10 (Ar matrix),uid 100,dicoronylene,C48H20,0,48,100,,,1359.3,4.8779,relative (PAHdb experimental),,,,,10.1021/jp983482y,matrix,CC-stretch/CH-ip (7.7 um),,,,,,,,,,
3709,matrix,PAHdb experimental 3.10 (Ar matrix),uid 100,dicoronylene,C48H20,0,48,100,,,1371.6,1.7464,relative (PAHdb experimental),,,,,10.1021/jp983482y,matrix,CC-stretch/CH-ip (7.7 um),,,,,,,,,,
3710,matrix,PAHdb experimental 3.10 (Ar matrix),uid 100,dicoronylene,C48H20,0,48,100,,,1382.2,13.851,relative (PAHdb experimental),,,,,10.1021/jp983482y,matrix,CC-stretch/CH-ip (7.7 um),,,,,,,,,,
3711,matrix,PAHdb experimental 3.10 (Ar matrix),uid 100,dicoronylene,C48H20,0,48,100,,,1408.8,10.238,relative (PAHdb experimental),,,,,10.1021/jp983482y,matrix,CC-stretch/CH-ip (7.7 um),,,,,,,,,,
3712,matrix,PAHdb experimental 3.10 (Ar matrix),uid 100,dicoronylene,C48H20,0,48,100,,,1447.8,2.71,relative (PAHdb experimental),,,,,10.1021/jp983482y,matrix,CC-stretch/CH-ip (7.7 um),,,,,,,,,,
3713,matrix,PAHdb experimental 3.10 (Ar matrix),uid 100,dicoronylene,C48H20,0,48,100,,,1456.5,15.055,relative (PAHdb experimental),,,,,10.1021/jp983482y,matrix,CC-stretch/CH-ip (7.7 um),,,,,,,,,,
3714,matrix,PAHdb experimental 3.10 (Ar matrix),uid 100,dicoronylene,C48H20,0,48,100,,,1491.8,27.1,relative (PAHdb experimental),,,,,10.1021/jp983482y,matrix,CC-stretch/CH-ip (7.7 um),,,,,,,,,,
3715,matrix,PAHdb experimental 3.10 (Ar matrix),uid 100,dicoronylene,C48H20,0,48,100,,,1513.4,5.7813,relative (PAHdb experimental),,,,,10.1021/jp983482y,matrix,CC-stretch (6.2 um),,,,,,,,,,
3716,matrix,PAHdb experimental 3.10 (Ar matrix),uid 100,dicoronylene,C48H20,0,48,100,,,1622.0,54.199,relative (PAHdb experimental),,,,,10.1021/jp983482y,matrix,CC-stretch (6.2 um),,,,,,,,,,
3717,matrix,PAHdb experimental 3.10 (Ar matrix),uid 100,dicoronylene,C48H20,0,48,100,,,1675.2,2.5895,relative (PAHdb experimental),,,,,10.1021/jp983482y,matrix,overtone / combination region,,,,,,,,,,
3718,matrix,PAHdb experimental 3.10 (Ar matrix),uid 100,dicoronylene,C48H20,0,48,100,,,1755.6,2.0475,relative (PAHdb experimental),,,,,10.1021/jp983482y,matrix,overtone / combination region,,,,,,,,,,
3719,matrix,PAHdb experimental 3.10 (Ar matrix),uid 100,dicoronylene,C48H20,0,48,100,,,1765.6,3.0111,relative (PAHdb experimental),,,,,10.1021/jp983482y,matrix,overtone / combination region,,,,,,,,,,
3720,matrix,PAHdb experimental 3.10 (Ar matrix),uid 100,dicoronylene,C48H20,0,48,100,,,1774.5,2.71,relative (PAHdb experimental),,,,,10.1021/jp983482y,matrix,overtone / combination region,,,,,,,,,,
3721,matrix,PAHdb experimental 3.10 (Ar matrix),uid 100,dicoronylene,C48H20,0,48,100,,,1894.0,1.9873,relative (PAHdb experimental),,,,,10.1021/jp983482y,matrix,overtone / combination region,,,,,,,,,,
3722,matrix,PAHdb experimental 3.10 (Ar matrix),uid 100,dicoronylene,C48H20,0,48,100,,,1898.4,2.8304,relative (PAHdb experimental),,,,,10.1021/jp983482y,matrix,overtone / combination region,,,,,,,,,,
3723,matrix,PAHdb experimental 3.10 (Ar matrix),uid 100,dicoronylene,C48H20,0,48,100,,,1919.0,7.2266,relative (PAHdb experimental),,,,,10.1021/jp983482y,matrix,overtone / combination region,,,,,,,,,,
3724,matrix,PAHdb experimental 3.10 (Ar matrix),uid 100,dicoronylene,C48H20,0,48,100,,,3063.4,307.13,relative (PAHdb experimental),,,,,10.1021/jp983482y,matrix,CH-stretch,,,,,,,,,,
3725,matrix,PAHdb experimental 3.10 (Ar matrix),uid 143,"12,13-o-phenylene-1,2;3,4;5,6;7,8;9,10-pentabenzoperopyrene",C48H22,0,48,143,,,470.1,0.86134,relative (PAHdb experimental),,,,,,matrix,low / skeletal,,,,,,,,,,
3726,matrix,PAHdb experimental 3.10 (Ar matrix),uid 143,"12,13-o-phenylene-1,2;3,4;5,6;7,8;9,10-pentabenzoperopyrene",C48H22,0,48,143,,,487.5,1.886,relative (PAHdb experimental),,,,,,matrix,low / skeletal,,,,,,,,,,
3727,matrix,PAHdb experimental 3.10 (Ar matrix),uid 143,"12,13-o-phenylene-1,2;3,4;5,6;7,8;9,10-pentabenzoperopyrene",C48H22,0,48,143,,,517.2,1.3142,relative (PAHdb experimental),,,,,,matrix,low / skeletal,,,,,,,,,,
3728,matrix,PAHdb experimental 3.10 (Ar matrix),uid 143,"12,13-o-phenylene-1,2;3,4;5,6;7,8;9,10-pentabenzoperopyrene",C48H22,0,48,143,,,525.5,12.959,relative (PAHdb experimental),,,,,,matrix,low / skeletal,,,,,,,,,,
3729,matrix,PAHdb experimental 3.10 (Ar matrix),uid 143,"12,13-o-phenylene-1,2;3,4;5,6;7,8;9,10-pentabenzoperopyrene",C48H22,0,48,143,,,550.0,1.459,relative (PAHdb experimental),,,,,,matrix,low / skeletal,,,,,,,,,,
3730,matrix,PAHdb experimental 3.10 (Ar matrix),uid 143,"12,13-o-phenylene-1,2;3,4;5,6;7,8;9,10-pentabenzoperopyrene",C48H22,0,48,143,,,566.1,1.8645,relative (PAHdb experimental),,,,,,matrix,low / skeletal,,,,,,,,,,
3731,matrix,PAHdb experimental 3.10 (Ar matrix),uid 143,"12,13-o-phenylene-1,2;3,4;5,6;7,8;9,10-pentabenzoperopyrene",C48H22,0,48,143,,,578.1,5.6142,relative (PAHdb experimental),,,,,,matrix,low / skeletal,,,,,,,,,,
3732,matrix,PAHdb experimental 3.10 (Ar matrix),uid 143,"12,13-o-phenylene-1,2;3,4;5,6;7,8;9,10-pentabenzoperopyrene",C48H22,0,48,143,,,622.1,18.885,relative (PAHdb experimental),,,,,,matrix,low / skeletal,,,,,,,,,,
3733,matrix,PAHdb experimental 3.10 (Ar matrix),uid 143,"12,13-o-phenylene-1,2;3,4;5,6;7,8;9,10-pentabenzoperopyrene",C48H22,0,48,143,,,628.8,6.9163,relative (PAHdb experimental),,,,,,matrix,low / skeletal,,,,,,,,,,
3734,matrix,PAHdb experimental 3.10 (Ar matrix),uid 143,"12,13-o-phenylene-1,2;3,4;5,6;7,8;9,10-pentabenzoperopyrene",C48H22,0,48,143,,,651.9,8.1575,relative (PAHdb experimental),,,,,,matrix,CH-oop (10.5-15 um; benzene nu11 at 673 included),,,,,,,,,,
3735,matrix,PAHdb experimental 3.10 (Ar matrix),uid 143,"12,13-o-phenylene-1,2;3,4;5,6;7,8;9,10-pentabenzoperopyrene",C48H22,0,48,143,,,663.9,5.9699,relative (PAHdb experimental),,,,,,matrix,CH-oop (10.5-15 um; benzene nu11 at 673 included),,,,,,,,,,
3736,matrix,PAHdb experimental 3.10 (Ar matrix),uid 143,"12,13-o-phenylene-1,2;3,4;5,6;7,8;9,10-pentabenzoperopyrene",C48H22,0,48,143,,,721.5,1.1059,relative (PAHdb experimental),,,,,,matrix,CH-oop (10.5-15 um; benzene nu11 at 673 included),,,,,,,,,,
3737,matrix,PAHdb experimental 3.10 (Ar matrix),uid 143,"12,13-o-phenylene-1,2;3,4;5,6;7,8;9,10-pentabenzoperopyrene",C48H22,0,48,143,,,755.3,133.51,relative (PAHdb experimental),,,,,,matrix,CH-oop (10.5-15 um; benzene nu11 at 673 included),,,,,,,,,,
3738,matrix,PAHdb experimental 3.10 (Ar matrix),uid 143,"12,13-o-phenylene-1,2;3,4;5,6;7,8;9,10-pentabenzoperopyrene",C48H22,0,48,143,,,783.1,1.2461,relative (PAHdb experimental),,,,,,matrix,CH-oop (10.5-15 um; benzene nu11 at 673 included),,,,,,,,,,
3739,matrix,PAHdb experimental 3.10 (Ar matrix),uid 143,"12,13-o-phenylene-1,2;3,4;5,6;7,8;9,10-pentabenzoperopyrene",C48H22,0,48,143,,,805.4,18.975,relative (PAHdb experimental),,,,,,matrix,CH-oop (10.5-15 um; benzene nu11 at 673 included),,,,,,,,,,
3740,matrix,PAHdb experimental 3.10 (Ar matrix),uid 143,"12,13-o-phenylene-1,2;3,4;5,6;7,8;9,10-pentabenzoperopyrene",C48H22,0,48,143,,,813.9,7.8625,relative (PAHdb experimental),,,,,,matrix,CH-oop (10.5-15 um; benzene nu11 at 673 included),,,,,,,,,,
3741,matrix,PAHdb experimental 3.10 (Ar matrix),uid 143,"12,13-o-phenylene-1,2;3,4;5,6;7,8;9,10-pentabenzoperopyrene",C48H22,0,48,143,,,859.1,0.98829,relative (PAHdb experimental),,,,,,matrix,CH-oop (10.5-15 um; benzene nu11 at 673 included),,,,,,,,,,
3742,matrix,PAHdb experimental 3.10 (Ar matrix),uid 143,"12,13-o-phenylene-1,2;3,4;5,6;7,8;9,10-pentabenzoperopyrene",C48H22,0,48,143,,,868.4,4.4512,relative (PAHdb experimental),,,,,,matrix,CH-oop (10.5-15 um; benzene nu11 at 673 included),,,,,,,,,,
3743,matrix,PAHdb experimental 3.10 (Ar matrix),uid 143,"12,13-o-phenylene-1,2;3,4;5,6;7,8;9,10-pentabenzoperopyrene",C48H22,0,48,143,,,1004.4,3.0525,relative (PAHdb experimental),,,,,,matrix,ring / CH-ip (9-10.5 um),,,,,,,,,,
3744,matrix,PAHdb experimental 3.10 (Ar matrix),uid 143,"12,13-o-phenylene-1,2;3,4;5,6;7,8;9,10-pentabenzoperopyrene",C48H22,0,48,143,,,1013.5,1.6682,relative (PAHdb experimental),,,,,,matrix,ring / CH-ip (9-10.5 um),,,,,,,,,,
3745,matrix,PAHdb experimental 3.10 (Ar matrix),uid 143,"12,13-o-phenylene-1,2;3,4;5,6;7,8;9,10-pentabenzoperopyrene",C48H22,0,48,143,,,1038.0,2.6239,relative (PAHdb experimental),,,,,,matrix,ring / CH-ip (9-10.5 um),,,,,,,,,,
3746,matrix,PAHdb experimental 3.10 (Ar matrix),uid 143,"12,13-o-phenylene-1,2;3,4;5,6;7,8;9,10-pentabenzoperopyrene",C48H22,0,48,143,,,1062.2,9.2728,relative (PAHdb experimental),,,,,,matrix,ring / CH-ip (9-10.5 um),,,,,,,,,,
3747,matrix,PAHdb experimental 3.10 (Ar matrix),uid 143,"12,13-o-phenylene-1,2;3,4;5,6;7,8;9,10-pentabenzoperopyrene",C48H22,0,48,143,,,1066.3,15.319,relative (PAHdb experimental),,,,,,matrix,ring / CH-ip (9-10.5 um),,,,,,,,,,
3748,matrix,PAHdb experimental 3.10 (Ar matrix),uid 143,"12,13-o-phenylene-1,2;3,4;5,6;7,8;9,10-pentabenzoperopyrene",C48H22,0,48,143,,,1101.5,2.1982,relative (PAHdb experimental),,,,,,matrix,CH-ip-bend (8.6 um),,,,,,,,,,
3749,matrix,PAHdb experimental 3.10 (Ar matrix),uid 143,"12,13-o-phenylene-1,2;3,4;5,6;7,8;9,10-pentabenzoperopyrene",C48H22,0,48,143,,,1136.0,2.7195,relative (PAHdb experimental),,,,,,matrix,CH-ip-bend (8.6 um),,,,,,,,,,
3750,matrix,PAHdb experimental 3.10 (Ar matrix),uid 143,"12,13-o-phenylene-1,2;3,4;5,6;7,8;9,10-pentabenzoperopyrene",C48H22,0,48,143,,,1147.0,3.0467,relative (PAHdb experimental),,,,,,matrix,CH-ip-bend (8.6 um),,,,,,,,,,
3751,matrix,PAHdb experimental 3.10 (Ar matrix),uid 143,"12,13-o-phenylene-1,2;3,4;5,6;7,8;9,10-pentabenzoperopyrene",C48H22,0,48,143,,,1172.3,9.0576,relative (PAHdb experimental),,,,,,matrix,CH-ip-bend (8.6 um),,,,,,,,,,
3752,matrix,PAHdb experimental 3.10 (Ar matrix),uid 143,"12,13-o-phenylene-1,2;3,4;5,6;7,8;9,10-pentabenzoperopyrene",C48H22,0,48,143,,,1186.4,10.187,relative (PAHdb experimental),,,,,,matrix,CH-ip-bend (8.6 um),,,,,,,,,,
3753,matrix,PAHdb experimental 3.10 (Ar matrix),uid 143,"12,13-o-phenylene-1,2;3,4;5,6;7,8;9,10-pentabenzoperopyrene",C48H22,0,48,143,,,1249.8,10.871,relative (PAHdb experimental),,,,,,matrix,CH-ip-bend (8.6 um),,,,,,,,,,
3754,matrix,PAHdb experimental 3.10 (Ar matrix),uid 143,"12,13-o-phenylene-1,2;3,4;5,6;7,8;9,10-pentabenzoperopyrene",C48H22,0,48,143,,,1257.6,0.76856,relative (PAHdb experimental),,,,,,matrix,CC-stretch/CH-ip (7.7 um),,,,,,,,,,
3755,matrix,PAHdb experimental 3.10 (Ar matrix),uid 143,"12,13-o-phenylene-1,2;3,4;5,6;7,8;9,10-pentabenzoperopyrene",C48H22,0,48,143,,,1267.0,7.1153,relative (PAHdb experimental),,,,,,matrix,CC-stretch/CH-ip (7.7 um),,,,,,,,,,
3756,matrix,PAHdb experimental 3.10 (Ar matrix),uid 143,"12,13-o-phenylene-1,2;3,4;5,6;7,8;9,10-pentabenzoperopyrene",C48H22,0,48,143,,,1299.8,7.1723,relative (PAHdb experimental),,,,,,matrix,CC-stretch/CH-ip (7.7 um),,,,,,,,,,
3757,matrix,PAHdb experimental 3.10 (Ar matrix),uid 143,"12,13-o-phenylene-1,2;3,4;5,6;7,8;9,10-pentabenzoperopyrene",C48H22,0,48,143,,,1321.4,4.6285,relative (PAHdb experimental),,,,,,matrix,CC-stretch/CH-ip (7.7 um),,,,,,,,,,
3758,matrix,PAHdb experimental 3.10 (Ar matrix),uid 143,"12,13-o-phenylene-1,2;3,4;5,6;7,8;9,10-pentabenzoperopyrene",C48H22,0,48,143,,,1333.3,7.5444,relative (PAHdb experimental),,,,,,matrix,CC-stretch/CH-ip (7.7 um),,,,,,,,,,
3759,matrix,PAHdb experimental 3.10 (Ar matrix),uid 143,"12,13-o-phenylene-1,2;3,4;5,6;7,8;9,10-pentabenzoperopyrene",C48H22,0,48,143,,,1349.0,2.001,relative (PAHdb experimental),,,,,,matrix,CC-stretch/CH-ip (7.7 um),,,,,,,,,,
3760,matrix,PAHdb experimental 3.10 (Ar matrix),uid 143,"12,13-o-phenylene-1,2;3,4;5,6;7,8;9,10-pentabenzoperopyrene",C48H22,0,48,143,,,1354.3,0.86002,relative (PAHdb experimental),,,,,,matrix,CC-stretch/CH-ip (7.7 um),,,,,,,,,,
3761,matrix,PAHdb experimental 3.10 (Ar matrix),uid 143,"12,13-o-phenylene-1,2;3,4;5,6;7,8;9,10-pentabenzoperopyrene",C48H22,0,48,143,,,1367.9,12.518,relative (PAHdb experimental),,,,,,matrix,CC-stretch/CH-ip (7.7 um),,,,,,,,,,
3762,matrix,PAHdb experimental 3.10 (Ar matrix),uid 143,"12,13-o-phenylene-1,2;3,4;5,6;7,8;9,10-pentabenzoperopyrene",C48H22,0,48,143,,,1383.0,25.131,relative (PAHdb experimental),,,,,,matrix,CC-stretch/CH-ip (7.7 um),,,,,,,,,,
3763,matrix,PAHdb experimental 3.10 (Ar matrix),uid 143,"12,13-o-phenylene-1,2;3,4;5,6;7,8;9,10-pentabenzoperopyrene",C48H22,0,48,143,,,1401.4,157.57,relative (PAHdb experimental),,,,,,matrix,CC-stretch/CH-ip (7.7 um),,,,,,,,,,
3764,matrix,PAHdb experimental 3.10 (Ar matrix),uid 143,"12,13-o-phenylene-1,2;3,4;5,6;7,8;9,10-pentabenzoperopyrene",C48H22,0,48,143,,,1428.7,29.157,relative (PAHdb experimental),,,,,,matrix,CC-stretch/CH-ip (7.7 um),,,,,,,,,,
3765,matrix,PAHdb experimental 3.10 (Ar matrix),uid 143,"12,13-o-phenylene-1,2;3,4;5,6;7,8;9,10-pentabenzoperopyrene",C48H22,0,48,143,,,1446.8,6.8006,relative (PAHdb experimental),,,,,,matrix,CC-stretch/CH-ip (7.7 um),,,,,,,,,,
3766,matrix,PAHdb experimental 3.10 (Ar matrix),uid 143,"12,13-o-phenylene-1,2;3,4;5,6;7,8;9,10-pentabenzoperopyrene",C48H22,0,48,143,,,1457.9,18.457,relative (PAHdb experimental),,,,,,matrix,CC-stretch/CH-ip (7.7 um),,,,,,,,,,
3767,matrix,PAHdb experimental 3.10 (Ar matrix),uid 143,"12,13-o-phenylene-1,2;3,4;5,6;7,8;9,10-pentabenzoperopyrene",C48H22,0,48,143,,,1470.2,22.731,relative (PAHdb experimental),,,,,,matrix,CC-stretch/CH-ip (7.7 um),,,,,,,,,,
3768,matrix,PAHdb experimental 3.10 (Ar matrix),uid 143,"12,13-o-phenylene-1,2;3,4;5,6;7,8;9,10-pentabenzoperopyrene",C48H22,0,48,143,,,1492.9,16.852,relative (PAHdb experimental),,,,,,matrix,CC-stretch/CH-ip (7.7 um),,,,,,,,,,
3769,matrix,PAHdb experimental 3.10 (Ar matrix),uid 143,"12,13-o-phenylene-1,2;3,4;5,6;7,8;9,10-pentabenzoperopyrene",C48H22,0,48,143,,,1512.1,19.885,relative (PAHdb experimental),,,,,,matrix,CC-stretch (6.2 um),,,,,,,,,,
3770,matrix,PAHdb experimental 3.10 (Ar matrix),uid 143,"12,13-o-phenylene-1,2;3,4;5,6;7,8;9,10-pentabenzoperopyrene",C48H22,0,48,143,,,1532.7,18.531,relative (PAHdb experimental),,,,,,matrix,CC-stretch (6.2 um),,,,,,,,,,
3771,matrix,PAHdb experimental 3.10 (Ar matrix),uid 143,"12,13-o-phenylene-1,2;3,4;5,6;7,8;9,10-pentabenzoperopyrene",C48H22,0,48,143,,,1544.4,15.561,relative (PAHdb experimental),,,,,,matrix,CC-stretch (6.2 um),,,,,,,,,,
3772,matrix,PAHdb experimental 3.10 (Ar matrix),uid 143,"12,13-o-phenylene-1,2;3,4;5,6;7,8;9,10-pentabenzoperopyrene",C48H22,0,48,143,,,1592.5,37.017,relative (PAHdb experimental),,,,,,matrix,CC-stretch (6.2 um),,,,,,,,,,
3773,matrix,PAHdb experimental 3.10 (Ar matrix),uid 143,"12,13-o-phenylene-1,2;3,4;5,6;7,8;9,10-pentabenzoperopyrene",C48H22,0,48,143,,,1610.3,18.631,relative (PAHdb experimental),,,,,,matrix,CC-stretch (6.2 um),,,,,,,,,,
3774,matrix,PAHdb experimental 3.10 (Ar matrix),uid 143,"12,13-o-phenylene-1,2;3,4;5,6;7,8;9,10-pentabenzoperopyrene",C48H22,0,48,143,,,1643.6,1.9128,relative (PAHdb experimental),,,,,,matrix,CC-stretch (6.2 um),,,,,,,,,,
3775,matrix,PAHdb experimental 3.10 (Ar matrix),uid 143,"12,13-o-phenylene-1,2;3,4;5,6;7,8;9,10-pentabenzoperopyrene",C48H22,0,48,143,,,1678.7,0.68846,relative (PAHdb experimental),,,,,,matrix,overtone / combination region,,,,,,,,,,
3776,matrix,PAHdb experimental 3.10 (Ar matrix),uid 143,"12,13-o-phenylene-1,2;3,4;5,6;7,8;9,10-pentabenzoperopyrene",C48H22,0,48,143,,,1687.4,1.0554,relative (PAHdb experimental),,,,,,matrix,overtone / combination region,,,,,,,,,,
3777,matrix,PAHdb experimental 3.10 (Ar matrix),uid 143,"12,13-o-phenylene-1,2;3,4;5,6;7,8;9,10-pentabenzoperopyrene",C48H22,0,48,143,,,1697.2,1.8829,relative (PAHdb experimental),,,,,,matrix,overtone / combination region,,,,,,,,,,
3778,matrix,PAHdb experimental 3.10 (Ar matrix),uid 143,"12,13-o-phenylene-1,2;3,4;5,6;7,8;9,10-pentabenzoperopyrene",C48H22,0,48,143,,,1725.8,31.447,relative (PAHdb experimental),,,,,,matrix,overtone / combination region,,,,,,,,,,
3779,matrix,PAHdb experimental 3.10 (Ar matrix),uid 143,"12,13-o-phenylene-1,2;3,4;5,6;7,8;9,10-pentabenzoperopyrene",C48H22,0,48,143,,,1778.8,5.9037,relative (PAHdb experimental),,,,,,matrix,overtone / combination region,,,,,,,,,,
3780,matrix,PAHdb experimental 3.10 (Ar matrix),uid 143,"12,13-o-phenylene-1,2;3,4;5,6;7,8;9,10-pentabenzoperopyrene",C48H22,0,48,143,,,1822.0,0.54546,relative (PAHdb experimental),,,,,,matrix,overtone / combination region,,,,,,,,,,
3781,matrix,PAHdb experimental 3.10 (Ar matrix),uid 143,"12,13-o-phenylene-1,2;3,4;5,6;7,8;9,10-pentabenzoperopyrene",C48H22,0,48,143,,,1829.1,0.675,relative (PAHdb experimental),,,,,,matrix,overtone / combination region,,,,,,,,,,
3782,matrix,PAHdb experimental 3.10 (Ar matrix),uid 143,"12,13-o-phenylene-1,2;3,4;5,6;7,8;9,10-pentabenzoperopyrene",C48H22,0,48,143,,,1832.4,1.937,relative (PAHdb experimental),,,,,,matrix,overtone / combination region,,,,,,,,,,
3783,matrix,PAHdb experimental 3.10 (Ar matrix),uid 143,"12,13-o-phenylene-1,2;3,4;5,6;7,8;9,10-pentabenzoperopyrene",C48H22,0,48,143,,,1853.1,3.0766,relative (PAHdb experimental),,,,,,matrix,overtone / combination region,,,,,,,,,,
3784,matrix,PAHdb experimental 3.10 (Ar matrix),uid 143,"12,13-o-phenylene-1,2;3,4;5,6;7,8;9,10-pentabenzoperopyrene",C48H22,0,48,143,,,1882.1,6.5918,relative (PAHdb experimental),,,,,,matrix,overtone / combination region,,,,,,,,,,
3785,matrix,PAHdb experimental 3.10 (Ar matrix),uid 143,"12,13-o-phenylene-1,2;3,4;5,6;7,8;9,10-pentabenzoperopyrene",C48H22,0,48,143,,,1913.9,3.8406,relative (PAHdb experimental),,,,,,matrix,overtone / combination region,,,,,,,,,,
3786,matrix,PAHdb experimental 3.10 (Ar matrix),uid 143,"12,13-o-phenylene-1,2;3,4;5,6;7,8;9,10-pentabenzoperopyrene",C48H22,0,48,143,,,1926.9,9.3047,relative (PAHdb experimental),,,,,,matrix,overtone / combination region,,,,,,,,,,
3787,matrix,PAHdb experimental 3.10 (Ar matrix),uid 143,"12,13-o-phenylene-1,2;3,4;5,6;7,8;9,10-pentabenzoperopyrene",C48H22,0,48,143,,,1946.5,6.4851,relative (PAHdb experimental),,,,,,matrix,overtone / combination region,,,,,,,,,,
3788,matrix,PAHdb experimental 3.10 (Ar matrix),uid 143,"12,13-o-phenylene-1,2;3,4;5,6;7,8;9,10-pentabenzoperopyrene",C48H22,0,48,143,,,2736.3,1.7538,relative (PAHdb experimental),,,,,,matrix,overtone / combination region,,,,,,,,,,
3789,matrix,PAHdb experimental 3.10 (Ar matrix),uid 143,"12,13-o-phenylene-1,2;3,4;5,6;7,8;9,10-pentabenzoperopyrene",C48H22,0,48,143,,,2751.3,1.6256,relative (PAHdb experimental),,,,,,matrix,overtone / combination region,,,,,,,,,,
3790,matrix,PAHdb experimental 3.10 (Ar matrix),uid 143,"12,13-o-phenylene-1,2;3,4;5,6;7,8;9,10-pentabenzoperopyrene",C48H22,0,48,143,,,2840.6,0.6942,relative (PAHdb experimental),,,,,,matrix,overtone / combination region,,,,,,,,,,
3791,matrix,PAHdb experimental 3.10 (Ar matrix),uid 143,"12,13-o-phenylene-1,2;3,4;5,6;7,8;9,10-pentabenzoperopyrene",C48H22,0,48,143,,,2863.9,23.654,relative (PAHdb experimental),,,,,,matrix,overtone / combination region,,,,,,,,,,
3792,matrix,PAHdb experimental 3.10 (Ar matrix),uid 143,"12,13-o-phenylene-1,2;3,4;5,6;7,8;9,10-pentabenzoperopyrene",C48H22,0,48,143,,,2935.6,33.08,relative (PAHdb experimental),,,,,,matrix,overtone / combination region,,,,,,,,,,
3793,matrix,PAHdb experimental 3.10 (Ar matrix),uid 143,"12,13-o-phenylene-1,2;3,4;5,6;7,8;9,10-pentabenzoperopyrene",C48H22,0,48,143,,,2971.6,18.196,relative (PAHdb experimental),,,,,,matrix,CH-stretch,,,,,,,,,,
3794,matrix,PAHdb experimental 3.10 (Ar matrix),uid 143,"12,13-o-phenylene-1,2;3,4;5,6;7,8;9,10-pentabenzoperopyrene",C48H22,0,48,143,,,3092.8,223.89,relative (PAHdb experimental),,,,,,matrix,CH-stretch,,,,,,,,,,
3795,matrix,PAHdb experimental 3.10 (Ar matrix),uid 101,dicoronylene,C48H20+,1,48,101,,,858.0,60.221,relative (PAHdb experimental),,,,,,matrix,CH-oop (10.5-15 um; benzene nu11 at 673 included),,,,,,,,,,
3796,matrix,PAHdb experimental 3.10 (Ar matrix),uid 101,dicoronylene,C48H20+,1,48,101,,,890.7,43.962,relative (PAHdb experimental),,,,,,matrix,CH-oop (10.5-15 um; benzene nu11 at 673 included),,,,,,,,,,
3797,matrix,PAHdb experimental 3.10 (Ar matrix),uid 101,dicoronylene,C48H20+,1,48,101,,,1050.2,102.38,relative (PAHdb experimental),,,,,,matrix,ring / CH-ip (9-10.5 um),,,,,,,,,,
3798,matrix,PAHdb experimental 3.10 (Ar matrix),uid 101,dicoronylene,C48H20+,1,48,101,,,1150.3,43.962,relative (PAHdb experimental),,,,,,matrix,CH-ip-bend (8.6 um),,,,,,,,,,
3799,matrix,PAHdb experimental 3.10 (Ar matrix),uid 101,dicoronylene,C48H20+,1,48,101,,,1166.5,66.244,relative (PAHdb experimental),,,,,,matrix,CH-ip-bend (8.6 um),,,,,,,,,,
3800,matrix,PAHdb experimental 3.10 (Ar matrix),uid 101,dicoronylene,C48H20+,1,48,101,,,1179.5,228.84,relative (PAHdb experimental),,,,,,matrix,CH-ip-bend (8.6 um),,,,,,,,,,
3801,matrix,PAHdb experimental 3.10 (Ar matrix),uid 101,dicoronylene,C48H20+,1,48,101,,,1185.5,19.873,relative (PAHdb experimental),,,,,,matrix,CH-ip-bend (8.6 um),,,,,,,,,,
3802,matrix,PAHdb experimental 3.10 (Ar matrix),uid 101,dicoronylene,C48H20+,1,48,101,,,1217.1,216.8,relative (PAHdb experimental),,,,,,matrix,CH-ip-bend (8.6 um),,,,,,,,,,
3803,matrix,PAHdb experimental 3.10 (Ar matrix),uid 101,dicoronylene,C48H20+,1,48,101,,,1306.5,52.393,relative (PAHdb experimental),,,,,,matrix,CC-stretch/CH-ip (7.7 um),,,,,,,,,,
3804,matrix,PAHdb experimental 3.10 (Ar matrix),uid 101,dicoronylene,C48H20+,1,48,101,,,1327.0,66.244,relative (PAHdb experimental),,,,,,matrix,CC-stretch/CH-ip (7.7 um),,,,,,,,,,
3805,matrix,PAHdb experimental 3.10 (Ar matrix),uid 101,dicoronylene,C48H20+,1,48,101,,,1340.8,1806.6,relative (PAHdb experimental),,,,,,matrix,CC-stretch/CH-ip (7.7 um),,,,,,,,,,
3806,matrix,PAHdb experimental 3.10 (Ar matrix),uid 101,dicoronylene,C48H20+,1,48,101,,,1348.2,21.077,relative (PAHdb experimental),,,,,,matrix,CC-stretch/CH-ip (7.7 um),,,,,,,,,,
3807,matrix,PAHdb experimental 3.10 (Ar matrix),uid 101,dicoronylene,C48H20+,1,48,101,,,1356.8,46.37,relative (PAHdb experimental),,,,,,matrix,CC-stretch/CH-ip (7.7 um),,,,,,,,,,
3808,matrix,PAHdb experimental 3.10 (Ar matrix),uid 101,dicoronylene,C48H20+,1,48,101,,,1365.4,18.066,relative (PAHdb experimental),,,,,,matrix,CC-stretch/CH-ip (7.7 um),,,,,,,,,,
3809,matrix,PAHdb experimental 3.10 (Ar matrix),uid 101,dicoronylene,C48H20+,1,48,101,,,1372.8,15.055,relative (PAHdb experimental),,,,,,matrix,CC-stretch/CH-ip (7.7 um),,,,,,,,,,
3810,matrix,PAHdb experimental 3.10 (Ar matrix),uid 101,dicoronylene,C48H20+,1,48,101,,,1445.8,53.597,relative (PAHdb experimental),,,,,,matrix,CC-stretch/CH-ip (7.7 um),,,,,,,,,,
3811,matrix,PAHdb experimental 3.10 (Ar matrix),uid 101,dicoronylene,C48H20+,1,48,101,,,1467.5,120.44,relative (PAHdb experimental),,,,,,matrix,CC-stretch/CH-ip (7.7 um),,,,,,,,,,
3812,matrix,PAHdb experimental 3.10 (Ar matrix),uid 101,dicoronylene,C48H20+,1,48,101,,,1483.0,24.691,relative (PAHdb experimental),,,,,,matrix,CC-stretch/CH-ip (7.7 um),,,,,,,,,,
3813,matrix,PAHdb experimental 3.10 (Ar matrix),uid 101,dicoronylene,C48H20+,1,48,101,,,1586.9,33.122,relative (PAHdb experimental),,,,,,matrix,CC-stretch (6.2 um),,,,,,,,,,
3814,matrix,PAHdb experimental 3.10 (Ar matrix),uid 101,dicoronylene,C48H20+,1,48,101,,,1610.1,903.32,relative (PAHdb experimental),,,,,,matrix,CC-stretch (6.2 um),,,,,,,,,,
3815,matrix,PAHdb experimental 3.10 (Ar matrix),uid 149,"1,14-benzodiphenanthreno-(1"""",9"""";2,4),(9\'"""", 1\'"""";11,13)-bisanthene",C50H22,0,50,149,,,530.9,0.9681,relative (PAHdb experimental),,,,,,matrix,low / skeletal,,,,,,,,,,
3816,matrix,PAHdb experimental 3.10 (Ar matrix),uid 149,"1,14-benzodiphenanthreno-(1"""",9"""";2,4),(9\'"""", 1\'"""";11,13)-bisanthene",C50H22,0,50,149,,,537.6,4.0721,relative (PAHdb experimental),,,,,,matrix,low / skeletal,,,,,,,,,,
3817,matrix,PAHdb experimental 3.10 (Ar matrix),uid 149,"1,14-benzodiphenanthreno-(1"""",9"""";2,4),(9\'"""", 1\'"""";11,13)-bisanthene",C50H22,0,50,149,,,567.0,3.9916,relative (PAHdb experimental),,,,,,matrix,low / skeletal,,,,,,,,,,
3818,matrix,PAHdb experimental 3.10 (Ar matrix),uid 149,"1,14-benzodiphenanthreno-(1"""",9"""";2,4),(9\'"""", 1\'"""";11,13)-bisanthene",C50H22,0,50,149,,,571.2,1.4796,relative (PAHdb experimental),,,,,,matrix,low / skeletal,,,,,,,,,,
3819,matrix,PAHdb experimental 3.10 (Ar matrix),uid 149,"1,14-benzodiphenanthreno-(1"""",9"""";2,4),(9\'"""", 1\'"""";11,13)-bisanthene",C50H22,0,50,149,,,599.0,1.3363,relative (PAHdb experimental),,,,,,matrix,low / skeletal,,,,,,,,,,
3820,matrix,PAHdb experimental 3.10 (Ar matrix),uid 149,"1,14-benzodiphenanthreno-(1"""",9"""";2,4),(9\'"""", 1\'"""";11,13)-bisanthene",C50H22,0,50,149,,,617.1,3.1246,relative (PAHdb experimental),,,,,,matrix,low / skeletal,,,,,,,,,,
3821,matrix,PAHdb experimental 3.10 (Ar matrix),uid 149,"1,14-benzodiphenanthreno-(1"""",9"""";2,4),(9\'"""", 1\'"""";11,13)-bisanthene",C50H22,0,50,149,,,620.1,3.4077,relative (PAHdb experimental),,,,,,matrix,low / skeletal,,,,,,,,,,
3822,matrix,PAHdb experimental 3.10 (Ar matrix),uid 149,"1,14-benzodiphenanthreno-(1"""",9"""";2,4),(9\'"""", 1\'"""";11,13)-bisanthene",C50H22,0,50,149,,,627.1,8.0716,relative (PAHdb experimental),,,,,,matrix,low / skeletal,,,,,,,,,,
3823,matrix,PAHdb experimental 3.10 (Ar matrix),uid 149,"1,14-benzodiphenanthreno-(1"""",9"""";2,4),(9\'"""", 1\'"""";11,13)-bisanthene",C50H22,0,50,149,,,643.7,7.1269,relative (PAHdb experimental),,,,,,matrix,low / skeletal,,,,,,,,,,
3824,matrix,PAHdb experimental 3.10 (Ar matrix),uid 149,"1,14-benzodiphenanthreno-(1"""",9"""";2,4),(9\'"""", 1\'"""";11,13)-bisanthene",C50H22,0,50,149,,,655.4,0.80741,relative (PAHdb experimental),,,,,,matrix,CH-oop (10.5-15 um; benzene nu11 at 673 included),,,,,,,,,,
3825,matrix,PAHdb experimental 3.10 (Ar matrix),uid 149,"1,14-benzodiphenanthreno-(1"""",9"""";2,4),(9\'"""", 1\'"""";11,13)-bisanthene",C50H22,0,50,149,,,663.4,1.9944,relative (PAHdb experimental),,,,,,matrix,CH-oop (10.5-15 um; benzene nu11 at 673 included),,,,,,,,,,
3826,matrix,PAHdb experimental 3.10 (Ar matrix),uid 149,"1,14-benzodiphenanthreno-(1"""",9"""";2,4),(9\'"""", 1\'"""";11,13)-bisanthene",C50H22,0,50,149,,,665.7,2.4056,relative (PAHdb experimental),,,,,,matrix,CH-oop (10.5-15 um; benzene nu11 at 673 included),,,,,,,,,,
3827,matrix,PAHdb experimental 3.10 (Ar matrix),uid 149,"1,14-benzodiphenanthreno-(1"""",9"""";2,4),(9\'"""", 1\'"""";11,13)-bisanthene",C50H22,0,50,149,,,695.5,3.9427,relative (PAHdb experimental),,,,,,matrix,CH-oop (10.5-15 um; benzene nu11 at 673 included),,,,,,,,,,
3828,matrix,PAHdb experimental 3.10 (Ar matrix),uid 149,"1,14-benzodiphenanthreno-(1"""",9"""";2,4),(9\'"""", 1\'"""";11,13)-bisanthene",C50H22,0,50,149,,,700.9,1.2298,relative (PAHdb experimental),,,,,,matrix,CH-oop (10.5-15 um; benzene nu11 at 673 included),,,,,,,,,,
3829,matrix,PAHdb experimental 3.10 (Ar matrix),uid 149,"1,14-benzodiphenanthreno-(1"""",9"""";2,4),(9\'"""", 1\'"""";11,13)-bisanthene",C50H22,0,50,149,,,712.6,3.2686,relative (PAHdb experimental),,,,,,matrix,CH-oop (10.5-15 um; benzene nu11 at 673 included),,,,,,,,,,
3830,matrix,PAHdb experimental 3.10 (Ar matrix),uid 149,"1,14-benzodiphenanthreno-(1"""",9"""";2,4),(9\'"""", 1\'"""";11,13)-bisanthene",C50H22,0,50,149,,,751.9,32.665,relative (PAHdb experimental),,,,,,matrix,CH-oop (10.5-15 um; benzene nu11 at 673 included),,,,,,,,,,
3831,matrix,PAHdb experimental 3.10 (Ar matrix),uid 149,"1,14-benzodiphenanthreno-(1"""",9"""";2,4),(9\'"""", 1\'"""";11,13)-bisanthene",C50H22,0,50,149,,,761.1,100.49,relative (PAHdb experimental),,,,,,matrix,CH-oop (10.5-15 um; benzene nu11 at 673 included),,,,,,,,,,
3832,matrix,PAHdb experimental 3.10 (Ar matrix),uid 149,"1,14-benzodiphenanthreno-(1"""",9"""";2,4),(9\'"""", 1\'"""";11,13)-bisanthene",C50H22,0,50,149,,,771.9,8.3715,relative (PAHdb experimental),,,,,,matrix,CH-oop (10.5-15 um; benzene nu11 at 673 included),,,,,,,,,,
3833,matrix,PAHdb experimental 3.10 (Ar matrix),uid 149,"1,14-benzodiphenanthreno-(1"""",9"""";2,4),(9\'"""", 1\'"""";11,13)-bisanthene",C50H22,0,50,149,,,781.2,31.33,relative (PAHdb experimental),,,,,,matrix,CH-oop (10.5-15 um; benzene nu11 at 673 included),,,,,,,,,,
3834,matrix,PAHdb experimental 3.10 (Ar matrix),uid 149,"1,14-benzodiphenanthreno-(1"""",9"""";2,4),(9\'"""", 1\'"""";11,13)-bisanthene",C50H22,0,50,149,,,789.2,0.63114,relative (PAHdb experimental),,,,,,matrix,CH-oop (10.5-15 um; benzene nu11 at 673 included),,,,,,,,,,
3835,matrix,PAHdb experimental 3.10 (Ar matrix),uid 149,"1,14-benzodiphenanthreno-(1"""",9"""";2,4),(9\'"""", 1\'"""";11,13)-bisanthene",C50H22,0,50,149,,,803.6,4.5588,relative (PAHdb experimental),,,,,,matrix,CH-oop (10.5-15 um; benzene nu11 at 673 included),,,,,,,,,,
3836,matrix,PAHdb experimental 3.10 (Ar matrix),uid 149,"1,14-benzodiphenanthreno-(1"""",9"""";2,4),(9\'"""", 1\'"""";11,13)-bisanthene",C50H22,0,50,149,,,812.1,6.2109,relative (PAHdb experimental),,,,,,matrix,CH-oop (10.5-15 um; benzene nu11 at 673 included),,,,,,,,,,
3837,matrix,PAHdb experimental 3.10 (Ar matrix),uid 149,"1,14-benzodiphenanthreno-(1"""",9"""";2,4),(9\'"""", 1\'"""";11,13)-bisanthene",C50H22,0,50,149,,,818.3,22.936,relative (PAHdb experimental),,,,,,matrix,CH-oop (10.5-15 um; benzene nu11 at 673 included),,,,,,,,,,
3838,matrix,PAHdb experimental 3.10 (Ar matrix),uid 149,"1,14-benzodiphenanthreno-(1"""",9"""";2,4),(9\'"""", 1\'"""";11,13)-bisanthene",C50H22,0,50,149,,,831.0,1.9061,relative (PAHdb experimental),,,,,,matrix,CH-oop (10.5-15 um; benzene nu11 at 673 included),,,,,,,,,,
3839,matrix,PAHdb experimental 3.10 (Ar matrix),uid 149,"1,14-benzodiphenanthreno-(1"""",9"""";2,4),(9\'"""", 1\'"""";11,13)-bisanthene",C50H22,0,50,149,,,833.2,1.1852,relative (PAHdb experimental),,,,,,matrix,CH-oop (10.5-15 um; benzene nu11 at 673 included),,,,,,,,,,
3840,matrix,PAHdb experimental 3.10 (Ar matrix),uid 149,"1,14-benzodiphenanthreno-(1"""",9"""";2,4),(9\'"""", 1\'"""";11,13)-bisanthene",C50H22,0,50,149,,,841.3,1.6523,relative (PAHdb experimental),,,,,,matrix,CH-oop (10.5-15 um; benzene nu11 at 673 included),,,,,,,,,,
3841,matrix,PAHdb experimental 3.10 (Ar matrix),uid 149,"1,14-benzodiphenanthreno-(1"""",9"""";2,4),(9\'"""", 1\'"""";11,13)-bisanthene",C50H22,0,50,149,,,847.2,1.3172,relative (PAHdb experimental),,,,,,matrix,CH-oop (10.5-15 um; benzene nu11 at 673 included),,,,,,,,,,
3842,matrix,PAHdb experimental 3.10 (Ar matrix),uid 149,"1,14-benzodiphenanthreno-(1"""",9"""";2,4),(9\'"""", 1\'"""";11,13)-bisanthene",C50H22,0,50,149,,,858.2,1.193,relative (PAHdb experimental),,,,,,matrix,CH-oop (10.5-15 um; benzene nu11 at 673 included),,,,,,,,,,
3843,matrix,PAHdb experimental 3.10 (Ar matrix),uid 149,"1,14-benzodiphenanthreno-(1"""",9"""";2,4),(9\'"""", 1\'"""";11,13)-bisanthene",C50H22,0,50,149,,,869.6,0.76665,relative (PAHdb experimental),,,,,,matrix,CH-oop (10.5-15 um; benzene nu11 at 673 included),,,,,,,,,,
3844,matrix,PAHdb experimental 3.10 (Ar matrix),uid 149,"1,14-benzodiphenanthreno-(1"""",9"""";2,4),(9\'"""", 1\'"""";11,13)-bisanthene",C50H22,0,50,149,,,893.5,1.7032,relative (PAHdb experimental),,,,,,matrix,CH-oop (10.5-15 um; benzene nu11 at 673 included),,,,,,,,,,
3845,matrix,PAHdb experimental 3.10 (Ar matrix),uid 149,"1,14-benzodiphenanthreno-(1"""",9"""";2,4),(9\'"""", 1\'"""";11,13)-bisanthene",C50H22,0,50,149,,,915.9,20.084,relative (PAHdb experimental),,,,,,matrix,CH-oop (10.5-15 um; benzene nu11 at 673 included),,,,,,,,,,
3846,matrix,PAHdb experimental 3.10 (Ar matrix),uid 149,"1,14-benzodiphenanthreno-(1"""",9"""";2,4),(9\'"""", 1\'"""";11,13)-bisanthene",C50H22,0,50,149,,,938.6,3.7558,relative (PAHdb experimental),,,,,,matrix,CH-oop (10.5-15 um; benzene nu11 at 673 included),,,,,,,,,,
3847,matrix,PAHdb experimental 3.10 (Ar matrix),uid 149,"1,14-benzodiphenanthreno-(1"""",9"""";2,4),(9\'"""", 1\'"""";11,13)-bisanthene",C50H22,0,50,149,,,952.4,1.1765,relative (PAHdb experimental),,,,,,matrix,ring / CH-ip (9-10.5 um),,,,,,,,,,
3848,matrix,PAHdb experimental 3.10 (Ar matrix),uid 149,"1,14-benzodiphenanthreno-(1"""",9"""";2,4),(9\'"""", 1\'"""";11,13)-bisanthene",C50H22,0,50,149,,,972.2,0.63599,relative (PAHdb experimental),,,,,,matrix,ring / CH-ip (9-10.5 um),,,,,,,,,,
3849,matrix,PAHdb experimental 3.10 (Ar matrix),uid 149,"1,14-benzodiphenanthreno-(1"""",9"""";2,4),(9\'"""", 1\'"""";11,13)-bisanthene",C50H22,0,50,149,,,1053.3,23.113,relative (PAHdb experimental),,,,,,matrix,ring / CH-ip (9-10.5 um),,,,,,,,,,
3850,matrix,PAHdb experimental 3.10 (Ar matrix),uid 149,"1,14-benzodiphenanthreno-(1"""",9"""";2,4),(9\'"""", 1\'"""";11,13)-bisanthene",C50H22,0,50,149,,,1089.0,7.9515,relative (PAHdb experimental),,,,,,matrix,ring / CH-ip (9-10.5 um),,,,,,,,,,
3851,matrix,PAHdb experimental 3.10 (Ar matrix),uid 149,"1,14-benzodiphenanthreno-(1"""",9"""";2,4),(9\'"""", 1\'"""";11,13)-bisanthene",C50H22,0,50,149,,,1122.6,5.2734,relative (PAHdb experimental),,,,,,matrix,CH-ip-bend (8.6 um),,,,,,,,,,
3852,matrix,PAHdb experimental 3.10 (Ar matrix),uid 149,"1,14-benzodiphenanthreno-(1"""",9"""";2,4),(9\'"""", 1\'"""";11,13)-bisanthene",C50H22,0,50,149,,,1140.6,2.232,relative (PAHdb experimental),,,,,,matrix,CH-ip-bend (8.6 um),,,,,,,,,,
3853,matrix,PAHdb experimental 3.10 (Ar matrix),uid 149,"1,14-benzodiphenanthreno-(1"""",9"""";2,4),(9\'"""", 1\'"""";11,13)-bisanthene",C50H22,0,50,149,,,1155.0,0.74413,relative (PAHdb experimental),,,,,,matrix,CH-ip-bend (8.6 um),,,,,,,,,,
3854,matrix,PAHdb experimental 3.10 (Ar matrix),uid 149,"1,14-benzodiphenanthreno-(1"""",9"""";2,4),(9\'"""", 1\'"""";11,13)-bisanthene",C50H22,0,50,149,,,1164.5,0.861,relative (PAHdb experimental),,,,,,matrix,CH-ip-bend (8.6 um),,,,,,,,,,
3855,matrix,PAHdb experimental 3.10 (Ar matrix),uid 149,"1,14-benzodiphenanthreno-(1"""",9"""";2,4),(9\'"""", 1\'"""";11,13)-bisanthene",C50H22,0,50,149,,,1171.3,7.6615,relative (PAHdb experimental),,,,,,matrix,CH-ip-bend (8.6 um),,,,,,,,,,
3856,matrix,PAHdb experimental 3.10 (Ar matrix),uid 149,"1,14-benzodiphenanthreno-(1"""",9"""";2,4),(9\'"""", 1\'"""";11,13)-bisanthene",C50H22,0,50,149,,,1189.6,10.529,relative (PAHdb experimental),,,,,,matrix,CH-ip-bend (8.6 um),,,,,,,,,,
3857,matrix,PAHdb experimental 3.10 (Ar matrix),uid 149,"1,14-benzodiphenanthreno-(1"""",9"""";2,4),(9\'"""", 1\'"""";11,13)-bisanthene",C50H22,0,50,149,,,1203.8,4.1943,relative (PAHdb experimental),,,,,,matrix,CH-ip-bend (8.6 um),,,,,,,,,,
3858,matrix,PAHdb experimental 3.10 (Ar matrix),uid 149,"1,14-benzodiphenanthreno-(1"""",9"""";2,4),(9\'"""", 1\'"""";11,13)-bisanthene",C50H22,0,50,149,,,1212.0,5.5978,relative (PAHdb experimental),,,,,,matrix,CH-ip-bend (8.6 um),,,,,,,,,,
3859,matrix,PAHdb experimental 3.10 (Ar matrix),uid 149,"1,14-benzodiphenanthreno-(1"""",9"""";2,4),(9\'"""", 1\'"""";11,13)-bisanthene",C50H22,0,50,149,,,1259.1,12.45,relative (PAHdb experimental),,,,,,matrix,CC-stretch/CH-ip (7.7 um),,,,,,,,,,
3860,matrix,PAHdb experimental 3.10 (Ar matrix),uid 149,"1,14-benzodiphenanthreno-(1"""",9"""";2,4),(9\'"""", 1\'"""";11,13)-bisanthene",C50H22,0,50,149,,,1276.5,4.6396,relative (PAHdb experimental),,,,,,matrix,CC-stretch/CH-ip (7.7 um),,,,,,,,,,
3861,matrix,PAHdb experimental 3.10 (Ar matrix),uid 149,"1,14-benzodiphenanthreno-(1"""",9"""";2,4),(9\'"""", 1\'"""";11,13)-bisanthene",C50H22,0,50,149,,,1291.8,6.4895,relative (PAHdb experimental),,,,,,matrix,CC-stretch/CH-ip (7.7 um),,,,,,,,,,
3862,matrix,PAHdb experimental 3.10 (Ar matrix),uid 149,"1,14-benzodiphenanthreno-(1"""",9"""";2,4),(9\'"""", 1\'"""";11,13)-bisanthene",C50H22,0,50,149,,,1311.6,8.6765,relative (PAHdb experimental),,,,,,matrix,CC-stretch/CH-ip (7.7 um),,,,,,,,,,
3863,matrix,PAHdb experimental 3.10 (Ar matrix),uid 149,"1,14-benzodiphenanthreno-(1"""",9"""";2,4),(9\'"""", 1\'"""";11,13)-bisanthene",C50H22,0,50,149,,,1324.1,16.578,relative (PAHdb experimental),,,,,,matrix,CC-stretch/CH-ip (7.7 um),,,,,,,,,,
3864,matrix,PAHdb experimental 3.10 (Ar matrix),uid 149,"1,14-benzodiphenanthreno-(1"""",9"""";2,4),(9\'"""", 1\'"""";11,13)-bisanthene",C50H22,0,50,149,,,1331.3,15.43,relative (PAHdb experimental),,,,,,matrix,CC-stretch/CH-ip (7.7 um),,,,,,,,,,
3865,matrix,PAHdb experimental 3.10 (Ar matrix),uid 149,"1,14-benzodiphenanthreno-(1"""",9"""";2,4),(9\'"""", 1\'"""";11,13)-bisanthene",C50H22,0,50,149,,,1347.3,14.247,relative (PAHdb experimental),,,,,,matrix,CC-stretch/CH-ip (7.7 um),,,,,,,,,,
3866,matrix,PAHdb experimental 3.10 (Ar matrix),uid 149,"1,14-benzodiphenanthreno-(1"""",9"""";2,4),(9\'"""", 1\'"""";11,13)-bisanthene",C50H22,0,50,149,,,1373.3,1.4688,relative (PAHdb experimental),,,,,,matrix,CC-stretch/CH-ip (7.7 um),,,,,,,,,,
3867,matrix,PAHdb experimental 3.10 (Ar matrix),uid 149,"1,14-benzodiphenanthreno-(1"""",9"""";2,4),(9\'"""", 1\'"""";11,13)-bisanthene",C50H22,0,50,149,,,1382.5,4.8045,relative (PAHdb experimental),,,,,,matrix,CC-stretch/CH-ip (7.7 um),,,,,,,,,,
3868,matrix,PAHdb experimental 3.10 (Ar matrix),uid 149,"1,14-benzodiphenanthreno-(1"""",9"""";2,4),(9\'"""", 1\'"""";11,13)-bisanthene",C50H22,0,50,149,,,1394.9,28.686,relative (PAHdb experimental),,,,,,matrix,CC-stretch/CH-ip (7.7 um),,,,,,,,,,
3869,matrix,PAHdb experimental 3.10 (Ar matrix),uid 149,"1,14-benzodiphenanthreno-(1"""",9"""";2,4),(9\'"""", 1\'"""";11,13)-bisanthene",C50H22,0,50,149,,,1405.2,22.051,relative (PAHdb experimental),,,,,,matrix,CC-stretch/CH-ip (7.7 um),,,,,,,,,,
3870,matrix,PAHdb experimental 3.10 (Ar matrix),uid 149,"1,14-benzodiphenanthreno-(1"""",9"""";2,4),(9\'"""", 1\'"""";11,13)-bisanthene",C50H22,0,50,149,,,1415.0,29.576,relative (PAHdb experimental),,,,,,matrix,CC-stretch/CH-ip (7.7 um),,,,,,,,,,
3871,matrix,PAHdb experimental 3.10 (Ar matrix),uid 149,"1,14-benzodiphenanthreno-(1"""",9"""";2,4),(9\'"""", 1\'"""";11,13)-bisanthene",C50H22,0,50,149,,,1431.6,5.898,relative (PAHdb experimental),,,,,,matrix,CC-stretch/CH-ip (7.7 um),,,,,,,,,,
3872,matrix,PAHdb experimental 3.10 (Ar matrix),uid 149,"1,14-benzodiphenanthreno-(1"""",9"""";2,4),(9\'"""", 1\'"""";11,13)-bisanthene",C50H22,0,50,149,,,1453.1,5.6914,relative (PAHdb experimental),,,,,,matrix,CC-stretch/CH-ip (7.7 um),,,,,,,,,,
3873,matrix,PAHdb experimental 3.10 (Ar matrix),uid 149,"1,14-benzodiphenanthreno-(1"""",9"""";2,4),(9\'"""", 1\'"""";11,13)-bisanthene",C50H22,0,50,149,,,1471.0,89.103,relative (PAHdb experimental),,,,,,matrix,CC-stretch/CH-ip (7.7 um),,,,,,,,,,
3874,matrix,PAHdb experimental 3.10 (Ar matrix),uid 149,"1,14-benzodiphenanthreno-(1"""",9"""";2,4),(9\'"""", 1\'"""";11,13)-bisanthene",C50H22,0,50,149,,,1491.9,3.9178,relative (PAHdb experimental),,,,,,matrix,CC-stretch/CH-ip (7.7 um),,,,,,,,,,
3875,matrix,PAHdb experimental 3.10 (Ar matrix),uid 149,"1,14-benzodiphenanthreno-(1"""",9"""";2,4),(9\'"""", 1\'"""";11,13)-bisanthene",C50H22,0,50,149,,,1510.3,4.8671,relative (PAHdb experimental),,,,,,matrix,CC-stretch (6.2 um),,,,,,,,,,
3876,matrix,PAHdb experimental 3.10 (Ar matrix),uid 149,"1,14-benzodiphenanthreno-(1"""",9"""";2,4),(9\'"""", 1\'"""";11,13)-bisanthene",C50H22,0,50,149,,,1526.7,10.971,relative (PAHdb experimental),,,,,,matrix,CC-stretch (6.2 um),,,,,,,,,,
3877,matrix,PAHdb experimental 3.10 (Ar matrix),uid 149,"1,14-benzodiphenanthreno-(1"""",9"""";2,4),(9\'"""", 1\'"""";11,13)-bisanthene",C50H22,0,50,149,,,1540.7,8.6216,relative (PAHdb experimental),,,,,,matrix,CC-stretch (6.2 um),,,,,,,,,,
3878,matrix,PAHdb experimental 3.10 (Ar matrix),uid 149,"1,14-benzodiphenanthreno-(1"""",9"""";2,4),(9\'"""", 1\'"""";11,13)-bisanthene",C50H22,0,50,149,,,1557.1,2.5138,relative (PAHdb experimental),,,,,,matrix,CC-stretch (6.2 um),,,,,,,,,,
3879,matrix,PAHdb experimental 3.10 (Ar matrix),uid 149,"1,14-benzodiphenanthreno-(1"""",9"""";2,4),(9\'"""", 1\'"""";11,13)-bisanthene",C50H22,0,50,149,,,1579.2,1.8219,relative (PAHdb experimental),,,,,,matrix,CC-stretch (6.2 um),,,,,,,,,,
3880,matrix,PAHdb experimental 3.10 (Ar matrix),uid 149,"1,14-benzodiphenanthreno-(1"""",9"""";2,4),(9\'"""", 1\'"""";11,13)-bisanthene",C50H22,0,50,149,,,1594.4,25.356,relative (PAHdb experimental),,,,,,matrix,CC-stretch (6.2 um),,,,,,,,,,
3881,matrix,PAHdb experimental 3.10 (Ar matrix),uid 149,"1,14-benzodiphenanthreno-(1"""",9"""";2,4),(9\'"""", 1\'"""";11,13)-bisanthene",C50H22,0,50,149,,,1614.1,11.063,relative (PAHdb experimental),,,,,,matrix,CC-stretch (6.2 um),,,,,,,,,,
3882,matrix,PAHdb experimental 3.10 (Ar matrix),uid 149,"1,14-benzodiphenanthreno-(1"""",9"""";2,4),(9\'"""", 1\'"""";11,13)-bisanthene",C50H22,0,50,149,,,1712.2,2.4161,relative (PAHdb experimental),,,,,,matrix,overtone / combination region,,,,,,,,,,
3883,matrix,PAHdb experimental 3.10 (Ar matrix),uid 149,"1,14-benzodiphenanthreno-(1"""",9"""";2,4),(9\'"""", 1\'"""";11,13)-bisanthene",C50H22,0,50,149,,,1723.0,2.8854,relative (PAHdb experimental),,,,,,matrix,overtone / combination region,,,,,,,,,,
3884,matrix,PAHdb experimental 3.10 (Ar matrix),uid 149,"1,14-benzodiphenanthreno-(1"""",9"""";2,4),(9\'"""", 1\'"""";11,13)-bisanthene",C50H22,0,50,149,,,1738.1,1.3814,relative (PAHdb experimental),,,,,,matrix,overtone / combination region,,,,,,,,,,
3885,matrix,PAHdb experimental 3.10 (Ar matrix),uid 149,"1,14-benzodiphenanthreno-(1"""",9"""";2,4),(9\'"""", 1\'"""";11,13)-bisanthene",C50H22,0,50,149,,,1781.0,7.6976,relative (PAHdb experimental),,,,,,matrix,overtone / combination region,,,,,,,,,,
3886,matrix,PAHdb experimental 3.10 (Ar matrix),uid 149,"1,14-benzodiphenanthreno-(1"""",9"""";2,4),(9\'"""", 1\'"""";11,13)-bisanthene",C50H22,0,50,149,,,1820.5,7.9592,relative (PAHdb experimental),,,,,,matrix,overtone / combination region,,,,,,,,,,
3887,matrix,PAHdb experimental 3.10 (Ar matrix),uid 149,"1,14-benzodiphenanthreno-(1"""",9"""";2,4),(9\'"""", 1\'"""";11,13)-bisanthene",C50H22,0,50,149,,,1840.6,0.82768,relative (PAHdb experimental),,,,,,matrix,overtone / combination region,,,,,,,,,,
3888,matrix,PAHdb experimental 3.10 (Ar matrix),uid 149,"1,14-benzodiphenanthreno-(1"""",9"""";2,4),(9\'"""", 1\'"""";11,13)-bisanthene",C50H22,0,50,149,,,1855.4,7.585,relative (PAHdb experimental),,,,,,matrix,overtone / combination region,,,,,,,,,,
3889,matrix,PAHdb experimental 3.10 (Ar matrix),uid 149,"1,14-benzodiphenanthreno-(1"""",9"""";2,4),(9\'"""", 1\'"""";11,13)-bisanthene",C50H22,0,50,149,,,1878.9,6.7033,relative (PAHdb experimental),,,,,,matrix,overtone / combination region,,,,,,,,,,
3890,matrix,PAHdb experimental 3.10 (Ar matrix),uid 149,"1,14-benzodiphenanthreno-(1"""",9"""";2,4),(9\'"""", 1\'"""";11,13)-bisanthene",C50H22,0,50,149,,,1903.8,5.0151,relative (PAHdb experimental),,,,,,matrix,overtone / combination region,,,,,,,,,,
3891,matrix,PAHdb experimental 3.10 (Ar matrix),uid 149,"1,14-benzodiphenanthreno-(1"""",9"""";2,4),(9\'"""", 1\'"""";11,13)-bisanthene",C50H22,0,50,149,,,1927.0,14.122,relative (PAHdb experimental),,,,,,matrix,overtone / combination region,,,,,,,,,,
3892,matrix,PAHdb experimental 3.10 (Ar matrix),uid 149,"1,14-benzodiphenanthreno-(1"""",9"""";2,4),(9\'"""", 1\'"""";11,13)-bisanthene",C50H22,0,50,149,,,1941.8,10.081,relative (PAHdb experimental),,,,,,matrix,overtone / combination region,,,,,,,,,,
3893,matrix,PAHdb experimental 3.10 (Ar matrix),uid 149,"1,14-benzodiphenanthreno-(1"""",9"""";2,4),(9\'"""", 1\'"""";11,13)-bisanthene",C50H22,0,50,149,,,2862.7,9.988,relative (PAHdb experimental),,,,,,matrix,overtone / combination region,,,,,,,,,,
3894,matrix,PAHdb experimental 3.10 (Ar matrix),uid 149,"1,14-benzodiphenanthreno-(1"""",9"""";2,4),(9\'"""", 1\'"""";11,13)-bisanthene",C50H22,0,50,149,,,2936.6,10.95,relative (PAHdb experimental),,,,,,matrix,overtone / combination region,,,,,,,,,,
3895,matrix,PAHdb experimental 3.10 (Ar matrix),uid 149,"1,14-benzodiphenanthreno-(1"""",9"""";2,4),(9\'"""", 1\'"""";11,13)-bisanthene",C50H22,0,50,149,,,2967.6,6.5917,relative (PAHdb experimental),,,,,,matrix,CH-stretch,,,,,,,,,,
3896,matrix,PAHdb experimental 3.10 (Ar matrix),uid 149,"1,14-benzodiphenanthreno-(1"""",9"""";2,4),(9\'"""", 1\'"""";11,13)-bisanthene",C50H22,0,50,149,,,3094.3,238.22,relative (PAHdb experimental),,,,,,matrix,CH-stretch,,,,,,,,,,
3897,gas,NIST WebBook MSDC-IR (gas),C91203_0.jdx,naphthalene,C10H8,0,10,330,523.15,8.0,462.63,0.134041548,"absorbance (peak, record units)",157.9,34.68,0.11,8.0,10.18434/T4D303,primary,low / skeletal,"GC-IRD, EPA/Sadtler (Digilab): SRD 35 guide gives no analytical conditions; hot-default assumption 250 C",0.044,floor 0.044 (no measured slope for this family),440.8,3.71,9.99,13.7,15.87,8.001,"PAHdb theoretical 4.00 uid 330, 10 unscaled modes < 700"
3898,gas,NIST WebBook MSDC-IR (gas),C91203_0.jdx,naphthalene,C10H8,0,10,330,523.15,8.0,472.13,0.232613966,"absorbance (peak, record units)",274.1,14.15,0.026,8.0,10.18434/T4D303,primary,low / skeletal,"GC-IRD, EPA/Sadtler (Digilab): SRD 35 guide gives no analytical conditions; hot-default assumption 250 C",0.044,floor 0.044 (no measured slope for this family),440.8,3.71,9.99,13.7,15.87,8.0,"PAHdb theoretical 4.00 uid 330, 10 unscaled modes < 700"
3899,gas,NIST WebBook MSDC-IR (gas),C91203_0.jdx,naphthalene,C10H8,0,10,330,523.15,8.0,485.23,0.108313194,"absorbance (peak, record units)",127.6,38.18,0.15,8.0,10.18434/T4D303,primary,low / skeletal,"GC-IRD, EPA/Sadtler (Digilab): SRD 35 guide gives no analytical conditions; hot-default assumption 250 C",0.044,floor 0.044 (no measured slope for this family),440.8,3.71,9.99,13.7,15.87,8.001,"PAHdb theoretical 4.00 uid 330, 10 unscaled modes < 700"
3900,gas,NIST WebBook MSDC-IR (gas),C91203_0.jdx,naphthalene,C10H8,0,10,330,523.15,8.0,505.72,0.012387726,"absorbance (peak, record units)",14.6,5.27,0.181,8.0,10.18434/T4D303,primary,low / skeletal,"GC-IRD, EPA/Sadtler (Digilab): SRD 35 guide gives no analytical conditions; hot-default assumption 250 C",0.044,floor 0.044 (no measured slope for this family),440.8,3.71,9.99,13.7,15.87,8.002,"PAHdb theoretical 4.00 uid 330, 10 unscaled modes < 700"
3901,gas,NIST WebBook MSDC-IR (gas),C91203_0.jdx,naphthalene,C10H8,0,10,330,523.15,8.0,524.77,0.012281848000000001,"absorbance (peak, record units)",14.5,14.85,0.513,8.0,10.18434/T4D303,primary,low / skeletal,"GC-IRD, EPA/Sadtler (Digilab): SRD 35 guide gives no analytical conditions; hot-default assumption 250 C",0.044,floor 0.044 (no measured slope for this family),440.8,3.71,9.99,13.7,15.88,8.016,"PAHdb theoretical 4.00 uid 330, 10 unscaled modes < 700"
3902,gas,NIST WebBook MSDC-IR (gas),C91203_0.jdx,naphthalene,C10H8,0,10,330,523.15,8.0,540.69,0.017681626000000002,"absorbance (peak, record units)",20.8,10.61,0.255,8.0,10.18434/T4D303,primary,low / skeletal,"GC-IRD, EPA/Sadtler (Digilab): SRD 35 guide gives no analytical conditions; hot-default assumption 250 C",0.044,floor 0.044 (no measured slope for this family),440.8,3.71,9.99,13.7,15.87,8.004,"PAHdb theoretical 4.00 uid 330, 10 unscaled modes < 700"
3903,gas,NIST WebBook MSDC-IR (gas),C91203_0.jdx,naphthalene,C10H8,0,10,330,523.15,8.0,554.83,0.014081774,"absorbance (peak, record units)",16.6,26.08,0.786,8.0,10.18434/T4D303,primary,low / skeletal,"GC-IRD, EPA/Sadtler (Digilab): SRD 35 guide gives no analytical conditions; hot-default assumption 250 C",0.044,floor 0.044 (no measured slope for this family),440.8,3.71,9.99,13.7,15.89,8.039,"PAHdb theoretical 4.00 uid 330, 10 unscaled modes < 700"
3904,gas,NIST WebBook MSDC-IR (gas),C91203_0.jdx,naphthalene,C10H8,0,10,330,523.15,8.0,573.02,0.01429353,"absorbance (peak, record units)",16.8,25.99,0.772,8.0,10.18434/T4D303,primary,low / skeletal,"GC-IRD, EPA/Sadtler (Digilab): SRD 35 guide gives no analytical conditions; hot-default assumption 250 C",0.044,floor 0.044 (no measured slope for this family),440.8,3.71,9.99,13.7,15.89,8.037,"PAHdb theoretical 4.00 uid 330, 10 unscaled modes < 700"
3905,gas,NIST WebBook MSDC-IR (gas),C91203_0.jdx,naphthalene,C10H8,0,10,330,523.15,8.0,585.57,0.015246432,"absorbance (peak, record units)",18.0,86.14,2.398,8.0,10.18434/T4D303,primary,low / skeletal,"GC-IRD, EPA/Sadtler (Digilab): SRD 35 guide gives no analytical conditions; hot-default assumption 250 C",0.044,floor 0.044 (no measured slope for this family),440.8,3.71,9.99,13.7,16.05,8.352,"PAHdb theoretical 4.00 uid 330, 10 unscaled modes < 700"
3906,gas,NIST WebBook MSDC-IR (gas),C91203_0.jdx,naphthalene,C10H8,0,10,330,523.15,8.0,614.7,0.043939370000000005,"absorbance (peak, record units)",51.8,27.21,0.263,8.0,10.18434/T4D303,primary,low / skeletal,"GC-IRD, EPA/Sadtler (Digilab): SRD 35 guide gives no analytical conditions; hot-default assumption 250 C",0.044,floor 0.044 (no measured slope for this family),440.8,3.71,9.99,13.7,15.87,8.004,"PAHdb theoretical 4.00 uid 330, 10 unscaled modes < 700"
3907,gas,NIST WebBook MSDC-IR (gas),C91203_0.jdx,naphthalene,C10H8,0,10,330,523.15,8.0,624.48,0.0476451,"absorbance (peak, record units)",56.1,25.66,0.229,8.0,10.18434/T4D303,primary,low / skeletal,"GC-IRD, EPA/Sadtler (Digilab): SRD 35 guide gives no analytical conditions; hot-default assumption 250 C",0.044,floor 0.044 (no measured slope for this family),440.8,3.71,9.99,13.7,15.87,8.003,"PAHdb theoretical 4.00 uid 330, 10 unscaled modes < 700"
3908,gas,NIST WebBook MSDC-IR (gas),C91203_0.jdx,naphthalene,C10H8,0,10,330,523.15,8.0,669.99,0.016834602,"absorbance (peak, record units)",19.8,6.73,0.17,8.0,10.18434/T4D303,primary,CH-oop (10.5-15 um; benzene nu11 at 673 included),"GC-IRD, EPA/Sadtler (Digilab): SRD 35 guide gives no analytical conditions; hot-default assumption 250 C",0.0169,stand-in: pyrene (item 52 Table 1),440.8,1.42,3.84,5.26,9.58,8.002,"PAHdb theoretical 4.00 uid 330, 10 unscaled modes < 700"
3909,gas,NIST WebBook MSDC-IR (gas),C91203_0.jdx,naphthalene,C10H8,0,10,330,523.15,8.0,683.23,0.015352310000000001,"absorbance (peak, record units)",18.1,30.3,0.838,8.0,10.18434/T4D303,primary,CH-oop (10.5-15 um; benzene nu11 at 673 included),"GC-IRD, EPA/Sadtler (Digilab): SRD 35 guide gives no analytical conditions; hot-default assumption 250 C",0.0169,stand-in: pyrene (item 52 Table 1),440.8,1.42,3.84,5.26,9.61,8.044,"PAHdb theoretical 4.00 uid 330, 10 unscaled modes < 700"
3910,gas,NIST WebBook MSDC-IR (gas),C91203_0.jdx,naphthalene,C10H8,0,10,330,523.15,8.0,781.46,1.05878,"absorbance (peak, record units)",1247.5,14.4,0.006,8.0,10.18434/T4D303,primary,CH-oop (10.5-15 um; benzene nu11 at 673 included),"GC-IRD, EPA/Sadtler (Digilab): SRD 35 guide gives no analytical conditions; hot-default assumption 250 C",0.0169,stand-in: pyrene (item 52 Table 1),440.8,1.42,3.84,5.26,9.58,8.0,"PAHdb theoretical 4.00 uid 330, 10 unscaled modes < 700"
3911,gas,NIST WebBook MSDC-IR (gas),C91203_0.jdx,naphthalene,C10H8,0,10,330,523.15,8.0,824.75,0.040339518000000005,"absorbance (peak, record units)",47.5,108.78,1.144,8.0,10.18434/T4D303,primary,CH-oop (10.5-15 um; benzene nu11 at 673 included),"GC-IRD, EPA/Sadtler (Digilab): SRD 35 guide gives no analytical conditions; hot-default assumption 250 C",0.0169,stand-in: pyrene (item 52 Table 1),440.8,1.42,3.84,5.26,9.64,8.081,"PAHdb theoretical 4.00 uid 330, 10 unscaled modes < 700"
3912,gas,NIST WebBook MSDC-IR (gas),C91203_0.jdx,naphthalene,C10H8,0,10,330,523.15,8.0,885.36,0.021069722000000003,"absorbance (peak, record units)",24.8,300.92,6.061,8.0,10.18434/T4D303,primary,CH-oop (10.5-15 um; benzene nu11 at 673 included),"GC-IRD, EPA/Sadtler (Digilab): SRD 35 guide gives no analytical conditions; hot-default assumption 250 C",0.0169,stand-in: pyrene (item 52 Table 1),440.8,1.42,3.84,5.26,11.33,10.037,"PAHdb theoretical 4.00 uid 330, 10 unscaled modes < 700"
3913,gas,NIST WebBook MSDC-IR (gas),C91203_0.jdx,naphthalene,C10H8,0,10,330,523.15,8.0,954.63,0.052515488,"absorbance (peak, record units)",61.9,34.28,0.277,8.0,10.18434/T4D303,primary,ring / CH-ip (9-10.5 um),"GC-IRD, EPA/Sadtler (Digilab): SRD 35 guide gives no analytical conditions; hot-default assumption 250 C",0.044,floor 0.044 (no measured slope for this family),440.8,3.71,9.99,13.7,15.87,8.005,"PAHdb theoretical 4.00 uid 330, 10 unscaled modes < 700"
3914,gas,NIST WebBook MSDC-IR (gas),C91203_0.jdx,naphthalene,C10H8,0,10,330,523.15,8.0,1006.86,0.074538112,"absorbance (peak, record units)",87.8,24.49,0.139,8.0,10.18434/T4D303,primary,ring / CH-ip (9-10.5 um),"GC-IRD, EPA/Sadtler (Digilab): SRD 35 guide gives no analytical conditions; hot-default assumption 250 C",0.044,floor 0.044 (no measured slope for this family),440.8,3.71,9.99,13.7,15.87,8.001,"PAHdb theoretical 4.00 uid 330, 10 unscaled modes < 700"
3915,gas,NIST WebBook MSDC-IR (gas),C91203_0.jdx,naphthalene,C10H8,0,10,330,523.15,8.0,1130.13,0.044786394,"absorbance (peak, record units)",52.8,39.62,0.375,8.0,10.18434/T4D303,primary,CH-ip-bend (8.6 um),"GC-IRD, EPA/Sadtler (Digilab): SRD 35 guide gives no analytical conditions; hot-default assumption 250 C",0.01,stand-in: pyrene (item 52 Table 1),440.8,0.84,2.27,3.11,8.59,8.009,"PAHdb theoretical 4.00 uid 330, 10 unscaled modes < 700"
3916,gas,NIST WebBook MSDC-IR (gas),C91203_0.jdx,naphthalene,C10H8,0,10,330,523.15,8.0,1261.71,0.0476451,"absorbance (peak, record units)",56.1,31.87,0.284,8.0,10.18434/T4D303,primary,CC-stretch/CH-ip (7.7 um),"GC-IRD, EPA/Sadtler (Digilab): SRD 35 guide gives no analytical conditions; hot-default assumption 250 C",0.044,floor 0.044 (no measured slope for this family),440.8,3.71,9.99,13.7,15.87,8.005,"PAHdb theoretical 4.00 uid 330, 10 unscaled modes < 700"
3917,gas,NIST WebBook MSDC-IR (gas),C91203_0.jdx,naphthalene,C10H8,0,10,330,523.15,8.0,1273.17,0.04817449,"absorbance (peak, record units)",56.8,31.62,0.279,8.0,10.18434/T4D303,primary,CC-stretch/CH-ip (7.7 um),"GC-IRD, EPA/Sadtler (Digilab): SRD 35 guide gives no analytical conditions; hot-default assumption 250 C",0.044,floor 0.044 (no measured slope for this family),440.8,3.71,9.99,13.7,15.87,8.005,"PAHdb theoretical 4.00 uid 330, 10 unscaled modes < 700"
3918,gas,NIST WebBook MSDC-IR (gas),C91203_0.jdx,naphthalene,C10H8,0,10,330,523.15,8.0,1385.46,0.037480812,"absorbance (peak, record units)",44.2,33.53,0.38,8.0,10.18434/T4D303,primary,CC-stretch/CH-ip (7.7 um),"GC-IRD, EPA/Sadtler (Digilab): SRD 35 guide gives no analytical conditions; hot-default assumption 250 C",0.044,floor 0.044 (no measured slope for this family),440.8,3.71,9.99,13.7,15.87,8.009,"PAHdb theoretical 4.00 uid 330, 10 unscaled modes < 700"
3919,gas,NIST WebBook MSDC-IR (gas),C91203_0.jdx,naphthalene,C10H8,0,10,330,523.15,8.0,1462.0,0.012175970000000001,"absorbance (peak, record units)",14.3,405.6,14.137,8.0,10.18434/T4D303,primary,CC-stretch/CH-ip (7.7 um),"GC-IRD, EPA/Sadtler (Digilab): SRD 35 guide gives no analytical conditions; hot-default assumption 250 C",0.044,floor 0.044 (no measured slope for this family),440.8,3.71,9.99,13.7,21.25,16.244,"PAHdb theoretical 4.00 uid 330, 10 unscaled modes < 700"
3920,gas,NIST WebBook MSDC-IR (gas),C91203_0.jdx,naphthalene,C10H8,0,10,330,523.15,8.0,1509.26,0.07887911,"absorbance (peak, record units)",92.9,32.05,0.172,8.0,10.18434/T4D303,primary,CC-stretch (6.2 um),"GC-IRD, EPA/Sadtler (Digilab): SRD 35 guide gives no analytical conditions; hot-default assumption 250 C",0.044,floor 0.044 (no measured slope for this family),440.8,3.71,9.99,13.7,15.87,8.002,"PAHdb theoretical 4.00 uid 330, 10 unscaled modes < 700"
3921,gas,NIST WebBook MSDC-IR (gas),C91203_0.jdx,naphthalene,C10H8,0,10,330,523.15,8.0,1593.72,0.030598742,"absorbance (peak, record units)",36.1,33.63,0.466,8.0,10.18434/T4D303,primary,CC-stretch (6.2 um),"GC-IRD, EPA/Sadtler (Digilab): SRD 35 guide gives no analytical conditions; hot-default assumption 250 C",0.044,floor 0.044 (no measured slope for this family),440.8,3.71,9.99,13.7,15.88,8.014,"PAHdb theoretical 4.00 uid 330, 10 unscaled modes < 700"
3922,gas,NIST WebBook MSDC-IR (gas),C91203_0.jdx,naphthalene,C10H8,0,10,330,523.15,8.0,1602.79,0.02805767,"absorbance (peak, record units)",33.1,37.23,0.563,8.0,10.18434/T4D303,primary,CC-stretch (6.2 um),"GC-IRD, EPA/Sadtler (Digilab): SRD 35 guide gives no analytical conditions; hot-default assumption 250 C",0.044,floor 0.044 (no measured slope for this family),440.8,3.71,9.99,13.7,15.88,8.02,"PAHdb theoretical 4.00 uid 330, 10 unscaled modes < 700"
3923,gas,NIST WebBook MSDC-IR (gas),C91203_0.jdx,naphthalene,C10H8,0,10,330,523.15,8.0,1658.6,0.030810498000000002,"absorbance (peak, record units)",36.3,32.15,0.443,8.0,10.18434/T4D303,primary,overtone / combination region,"GC-IRD, EPA/Sadtler (Digilab): SRD 35 guide gives no analytical conditions; hot-default assumption 250 C",0.044,floor 0.044 (no measured slope for this family),440.8,3.71,9.99,13.7,15.87,8.012,"PAHdb theoretical 4.00 uid 330, 10 unscaled modes < 700"
3924,gas,NIST WebBook MSDC-IR (gas),C91203_0.jdx,naphthalene,C10H8,0,10,330,523.15,8.0,1665.58,0.030916376000000002,"absorbance (peak, record units)",36.4,32.07,0.44,8.0,10.18434/T4D303,primary,overtone / combination region,"GC-IRD, EPA/Sadtler (Digilab): SRD 35 guide gives no analytical conditions; hot-default assumption 250 C",0.044,floor 0.044 (no measured slope for this family),440.8,3.71,9.99,13.7,15.87,8.012,"PAHdb theoretical 4.00 uid 330, 10 unscaled modes < 700"
3925,gas,NIST WebBook MSDC-IR (gas),C91203_0.jdx,naphthalene,C10H8,0,10,330,523.15,8.0,1719.16,0.036316154,"absorbance (peak, record units)",42.8,40.43,0.472,8.0,10.18434/T4D303,primary,overtone / combination region,"GC-IRD, EPA/Sadtler (Digilab): SRD 35 guide gives no analytical conditions; hot-default assumption 250 C",0.044,floor 0.044 (no measured slope for this family),440.8,3.71,9.99,13.7,15.88,8.014,"PAHdb theoretical 4.00 uid 330, 10 unscaled modes < 700"
3926,gas,NIST WebBook MSDC-IR (gas),C91203_0.jdx,naphthalene,C10H8,0,10,330,523.15,8.0,1760.0,0.019058040000000002,"absorbance (peak, record units)",22.5,225.57,5.023,8.0,10.18434/T4D303,primary,overtone / combination region,"GC-IRD, EPA/Sadtler (Digilab): SRD 35 guide gives no analytical conditions; hot-default assumption 250 C",0.044,floor 0.044 (no measured slope for this family),440.8,3.71,9.99,13.7,16.64,9.446,"PAHdb theoretical 4.00 uid 330, 10 unscaled modes < 700"
3927,gas,NIST WebBook MSDC-IR (gas),C91203_0.jdx,naphthalene,C10H8,0,10,330,523.15,8.0,1772.26,0.019058040000000002,"absorbance (peak, record units)",22.5,225.57,5.023,8.0,10.18434/T4D303,primary,overtone / combination region,"GC-IRD, EPA/Sadtler (Digilab): SRD 35 guide gives no analytical conditions; hot-default assumption 250 C",0.044,floor 0.044 (no measured slope for this family),440.8,3.71,9.99,13.7,16.64,9.446,"PAHdb theoretical 4.00 uid 330, 10 unscaled modes < 700"
3928,gas,NIST WebBook MSDC-IR (gas),C91203_0.jdx,naphthalene,C10H8,0,10,330,523.15,8.0,1797.0,0.021069722000000003,"absorbance (peak, record units)",24.8,217.4,4.379,8.0,10.18434/T4D303,primary,overtone / combination region,"GC-IRD, EPA/Sadtler (Digilab): SRD 35 guide gives no analytical conditions; hot-default assumption 250 C",0.044,floor 0.044 (no measured slope for this family),440.8,3.71,9.99,13.7,16.46,9.12,"PAHdb theoretical 4.00 uid 330, 10 unscaled modes < 700"
3929,gas,NIST WebBook MSDC-IR (gas),C91203_0.jdx,naphthalene,C10H8,0,10,330,523.15,8.0,1837.67,0.024563696000000003,"absorbance (peak, record units)",28.9,67.93,1.174,8.0,10.18434/T4D303,primary,overtone / combination region,"GC-IRD, EPA/Sadtler (Digilab): SRD 35 guide gives no analytical conditions; hot-default assumption 250 C",0.044,floor 0.044 (no measured slope for this family),440.8,3.71,9.99,13.7,15.91,8.086,"PAHdb theoretical 4.00 uid 330, 10 unscaled modes < 700"
3930,gas,NIST WebBook MSDC-IR (gas),C91203_0.jdx,naphthalene,C10H8,0,10,330,523.15,8.0,1898.4,0.025728354000000002,"absorbance (peak, record units)",30.3,71.15,1.174,8.0,10.18434/T4D303,primary,overtone / combination region,"GC-IRD, EPA/Sadtler (Digilab): SRD 35 guide gives no analytical conditions; hot-default assumption 250 C",0.044,floor 0.044 (no measured slope for this family),440.8,3.71,9.99,13.7,15.91,8.086,"PAHdb theoretical 4.00 uid 330, 10 unscaled modes < 700"
3931,gas,NIST WebBook MSDC-IR (gas),C91203_0.jdx,naphthalene,C10H8,0,10,330,523.15,8.0,1937.5,0.040445396,"absorbance (peak, record units)",47.7,37.47,0.393,8.0,10.18434/T4D303,primary,overtone / combination region,"GC-IRD, EPA/Sadtler (Digilab): SRD 35 guide gives no analytical conditions; hot-default assumption 250 C",0.044,floor 0.044 (no measured slope for this family),440.8,3.71,9.99,13.7,15.87,8.01,"PAHdb theoretical 4.00 uid 330, 10 unscaled modes < 700"
3932,gas,NIST WebBook MSDC-IR (gas),C91203_0.jdx,naphthalene,C10H8,0,10,330,523.15,8.0,2308.0,0.011434824,"absorbance (peak, record units)",13.5,64.5,2.394,8.0,10.18434/T4D303,primary,overtone / combination region,"GC-IRD, EPA/Sadtler (Digilab): SRD 35 guide gives no analytical conditions; hot-default assumption 250 C",0.044,floor 0.044 (no measured slope for this family),440.8,3.71,9.99,13.7,16.05,8.351,"PAHdb theoretical 4.00 uid 330, 10 unscaled modes < 700"
3933,gas,NIST WebBook MSDC-IR (gas),C91203_0.jdx,naphthalene,C10H8,0,10,330,523.15,8.0,2346.2,0.01270536,"absorbance (peak, record units)",15.0,5.33,0.178,8.0,10.18434/T4D303,primary,overtone / combination region,"GC-IRD, EPA/Sadtler (Digilab): SRD 35 guide gives no analytical conditions; hot-default assumption 250 C",0.044,floor 0.044 (no measured slope for this family),440.8,3.71,9.99,13.7,15.87,8.002,"PAHdb theoretical 4.00 uid 330, 10 unscaled modes < 700"
3934,gas,NIST WebBook MSDC-IR (gas),C91203_0.jdx,naphthalene,C10H8,0,10,330,523.15,8.0,2354.38,0.012070092000000001,"absorbance (peak, record units)",14.2,35.84,1.26,8.0,10.18434/T4D303,primary,overtone / combination region,"GC-IRD, EPA/Sadtler (Digilab): SRD 35 guide gives no analytical conditions; hot-default assumption 250 C",0.044,floor 0.044 (no measured slope for this family),440.8,3.71,9.99,13.7,15.92,8.099,"PAHdb theoretical 4.00 uid 330, 10 unscaled modes < 700"
3935,gas,NIST WebBook MSDC-IR (gas),C91203_0.jdx,naphthalene,C10H8,0,10,330,523.15,8.0,2362.52,0.012175970000000001,"absorbance (peak, record units)",14.3,35.71,1.245,8.0,10.18434/T4D303,primary,overtone / combination region,"GC-IRD, EPA/Sadtler (Digilab): SRD 35 guide gives no analytical conditions; hot-default assumption 250 C",0.044,floor 0.044 (no measured slope for this family),440.8,3.71,9.99,13.7,15.92,8.096,"PAHdb theoretical 4.00 uid 330, 10 unscaled modes < 700"
3936,gas,NIST WebBook MSDC-IR (gas),C91203_0.jdx,naphthalene,C10H8,0,10,330,523.15,8.0,2965.68,0.040974786,"absorbance (peak, record units)",48.3,178.81,1.852,8.0,10.18434/T4D303,primary,CH-stretch,"GC-IRD, EPA/Sadtler (Digilab): SRD 35 guide gives no analytical conditions; hot-default assumption 250 C",0.0201,"measured, naphthalene (item 52 Table 1)",440.8,1.69,4.57,6.26,10.33,8.212,"PAHdb theoretical 4.00 uid 330, 10 unscaled modes < 700"
3937,gas,NIST WebBook MSDC-IR (gas),C91203_0.jdx,naphthalene,C10H8,0,10,330,523.15,8.0,3066.78,0.5320369500000001,"absorbance (peak, record units)",626.8,36.33,0.029,8.0,10.18434/T4D303,primary,CH-stretch,"GC-IRD, EPA/Sadtler (Digilab): SRD 35 guide gives no analytical conditions; hot-default assumption 250 C",0.0201,"measured, naphthalene (item 52 Table 1)",440.8,1.69,4.57,6.26,10.16,8.0,"PAHdb theoretical 4.00 uid 330, 10 unscaled modes < 700"
3938,gas,NIST WebBook MSDC-IR (gas),C91203_0.jdx,naphthalene,C10H8,0,10,330,523.15,8.0,3561.88,0.009105508,"absorbance (peak, record units)",10.7,790.49,36.842,8.0,10.18434/T4D303,primary,above 3200,"GC-IRD, EPA/Sadtler (Digilab): SRD 35 guide gives no analytical conditions; hot-default assumption 250 C",0.044,floor 0.044 (no measured slope for this family),440.8,3.71,9.99,13.7,40.11,37.701,"PAHdb theoretical 4.00 uid 330, 10 unscaled modes < 700"
3939,gas,NIST WebBook MSDC-IR (gas),C91203_0.jdx,naphthalene,C10H8,0,10,330,523.15,8.0,3570.71,0.00899963,"absorbance (peak, record units)",10.6,58.88,2.777,8.0,10.18434/T4D303,primary,above 3200,"GC-IRD, EPA/Sadtler (Digilab): SRD 35 guide gives no analytical conditions; hot-default assumption 250 C",0.044,floor 0.044 (no measured slope for this family),440.8,3.71,9.99,13.7,16.11,8.468,"PAHdb theoretical 4.00 uid 330, 10 unscaled modes < 700"
3940,gas,NIST WebBook MSDC-IR (gas),C91203_0.jdx,naphthalene,C10H8,0,10,330,523.15,8.0,3630.15,0.011540702,"absorbance (peak, record units)",13.6,6.05,0.222,8.0,10.18434/T4D303,primary,above 3200,"GC-IRD, EPA/Sadtler (Digilab): SRD 35 guide gives no analytical conditions; hot-default assumption 250 C",0.044,floor 0.044 (no measured slope for this family),440.8,3.71,9.99,13.7,15.87,8.003,"PAHdb theoretical 4.00 uid 330, 10 unscaled modes < 700"
3941,gas,NIST WebBook MSDC-IR (gas),C91203_0.jdx,naphthalene,C10H8,0,10,330,523.15,8.0,3639.02,0.00899963,"absorbance (peak, record units)",10.6,15.75,0.743,8.0,10.18434/T4D303,primary,above 3200,"GC-IRD, EPA/Sadtler (Digilab): SRD 35 guide gives no analytical conditions; hot-default assumption 250 C",0.044,floor 0.044 (no measured slope for this family),440.8,3.71,9.99,13.7,15.89,8.034,"PAHdb theoretical 4.00 uid 330, 10 unscaled modes < 700"
3942,gas,NIST WebBook MSDC-IR (gas),C91203_0.jdx,naphthalene,C10H8,0,10,330,523.15,8.0,3654.05,0.010693678,"absorbance (peak, record units)",12.6,6.91,0.274,8.0,10.18434/T4D303,primary,above 3200,"GC-IRD, EPA/Sadtler (Digilab): SRD 35 guide gives no analytical conditions; hot-default assumption 250 C",0.044,floor 0.044 (no measured slope for this family),440.8,3.71,9.99,13.7,15.87,8.005,"PAHdb theoretical 4.00 uid 330, 10 unscaled modes < 700"
3943,gas,NIST WebBook MSDC-IR (gas),C91203_0.jdx,naphthalene,C10H8,0,10,330,523.15,8.0,3673.92,0.012281848000000001,"absorbance (peak, record units)",14.5,4.56,0.157,8.0,10.18434/T4D303,primary,above 3200,"GC-IRD, EPA/Sadtler (Digilab): SRD 35 guide gives no analytical conditions; hot-default assumption 250 C",0.044,floor 0.044 (no measured slope for this family),440.8,3.71,9.99,13.7,15.87,8.002,"PAHdb theoretical 4.00 uid 330, 10 unscaled modes < 700"
3944,gas,NIST WebBook MSDC-IR (gas),C91203_0.jdx,naphthalene,C10H8,0,10,330,523.15,8.0,3682.26,0.009952532,"absorbance (peak, record units)",11.7,5.13,0.219,8.0,10.18434/T4D303,primary,above 3200,"GC-IRD, EPA/Sadtler (Digilab): SRD 35 guide gives no analytical conditions; hot-default assumption 250 C",0.044,floor 0.044 (no measured slope for this family),440.8,3.71,9.99,13.7,15.87,8.003,"PAHdb theoretical 4.00 uid 330, 10 unscaled modes < 700"
3945,gas,NIST WebBook MSDC-IR (gas),C91203_0.jdx,naphthalene,C10H8,0,10,330,523.15,8.0,3741.93,0.012387726,"absorbance (peak, record units)",14.6,4.36,0.149,8.0,10.18434/T4D303,primary,above 3200,"GC-IRD, EPA/Sadtler (Digilab): SRD 35 guide gives no analytical conditions; hot-default assumption 250 C",0.044,floor 0.044 (no measured slope for this family),440.8,3.71,9.99,13.7,15.87,8.001,"PAHdb theoretical 4.00 uid 330, 10 unscaled modes < 700"
3946,gas,NIST WebBook MSDC-IR (gas),C91203_0.jdx,naphthalene,C10H8,0,10,330,523.15,8.0,3750.02,0.016305212,"absorbance (peak, record units)",19.2,4.21,0.109,8.0,10.18434/T4D303,primary,above 3200,"GC-IRD, EPA/Sadtler (Digilab): SRD 35 guide gives no analytical conditions; hot-default assumption 250 C",0.044,floor 0.044 (no measured slope for this family),440.8,3.71,9.99,13.7,15.87,8.001,"PAHdb theoretical 4.00 uid 330, 10 unscaled modes < 700"
3947,gas,NIST WebBook MSDC-IR (gas),C91203_0.jdx,naphthalene,C10H8,0,10,330,523.15,8.0,3758.34,0.011752458,"absorbance (peak, record units)",13.8,5.26,0.19,8.0,10.18434/T4D303,primary,above 3200,"GC-IRD, EPA/Sadtler (Digilab): SRD 35 guide gives no analytical conditions; hot-default assumption 250 C",0.044,floor 0.044 (no measured slope for this family),440.8,3.71,9.99,13.7,15.87,8.002,"PAHdb theoretical 4.00 uid 330, 10 unscaled modes < 700"
3948,gas,NIST WebBook MSDC-IR (gas),C91203_0.jdx,naphthalene,C10H8,0,10,330,523.15,8.0,3805.87,0.013764140000000001,"absorbance (peak, record units)",16.2,47.29,1.458,8.0,10.18434/T4D303,primary,above 3200,"GC-IRD, EPA/Sadtler (Digilab): SRD 35 guide gives no analytical conditions; hot-default assumption 250 C",0.044,floor 0.044 (no measured slope for this family),440.8,3.71,9.99,13.7,15.94,8.132,"PAHdb theoretical 4.00 uid 330, 10 unscaled modes < 700"
3949,gas,NIST WebBook MSDC-IR (gas),C91203_0.jdx,naphthalene,C10H8,0,10,330,523.15,8.0,3837.12,0.013446506,"absorbance (peak, record units)",15.8,54.73,1.727,8.0,10.18434/T4D303,primary,above 3200,"GC-IRD, EPA/Sadtler (Digilab): SRD 35 guide gives no analytical conditions; hot-default assumption 250 C",0.044,floor 0.044 (no measured slope for this family),440.8,3.71,9.99,13.7,15.96,8.184,"PAHdb theoretical 4.00 uid 330, 10 unscaled modes < 700"
3950,gas,NIST WebBook MSDC-IR (gas),C91203_0.jdx,naphthalene,C10H8,0,10,330,523.15,8.0,3845.79,0.015140554,"absorbance (peak, record units)",17.8,6.65,0.186,8.0,10.18434/T4D303,primary,above 3200,"GC-IRD, EPA/Sadtler (Digilab): SRD 35 guide gives no analytical conditions; hot-default assumption 250 C",0.044,floor 0.044 (no measured slope for this family),440.8,3.71,9.99,13.7,15.87,8.002,"PAHdb theoretical 4.00 uid 330, 10 unscaled modes < 700"
3951,gas,NIST WebBook MSDC-IR (gas),C91203_0.jdx,naphthalene,C10H8,0,10,330,523.15,8.0,3854.52,0.017363992,"absorbance (peak, record units)",20.5,18.0,0.44,8.0,10.18434/T4D303,primary,above 3200,"GC-IRD, EPA/Sadtler (Digilab): SRD 35 guide gives no analytical conditions; hot-default assumption 250 C",0.044,floor 0.044 (no measured slope for this family),440.8,3.71,9.99,13.7,15.87,8.012,"PAHdb theoretical 4.00 uid 330, 10 unscaled modes < 700"
3952,gas,NIST WebBook MSDC-IR (gas),C91203_0.jdx,naphthalene,C10H8,0,10,330,523.15,8.0,3897.24,0.012070092000000001,"absorbance (peak, record units)",14.2,14.4,0.506,8.0,10.18434/T4D303,primary,above 3200,"GC-IRD, EPA/Sadtler (Digilab): SRD 35 guide gives no analytical conditions; hot-default assumption 250 C",0.044,floor 0.044 (no measured slope for this family),440.8,3.71,9.99,13.7,15.88,8.016,"PAHdb theoretical 4.00 uid 330, 10 unscaled modes < 700"
3953,gas,NIST WebBook MSDC-IR (gas),C91203_0.jdx,naphthalene,C10H8,0,10,330,523.15,8.0,3909.71,0.009529020000000001,"absorbance (peak, record units)",11.2,156.27,6.959,8.0,10.18434/T4D303,primary,above 3200,"GC-IRD, EPA/Sadtler (Digilab): SRD 35 guide gives no analytical conditions; hot-default assumption 250 C",0.044,floor 0.044 (no measured slope for this family),440.8,3.71,9.99,13.7,17.33,10.603,"PAHdb theoretical 4.00 uid 330, 10 unscaled modes < 700"
3954,gas,NIST WebBook MSDC-IR (gas),C91203_0.jdx,naphthalene,C10H8,0,10,330,523.15,8.0,3917.48,0.010270166,"absorbance (peak, record units)",12.1,6.16,0.255,8.0,10.18434/T4D303,primary,above 3200,"GC-IRD, EPA/Sadtler (Digilab): SRD 35 guide gives no analytical conditions; hot-default assumption 250 C",0.044,floor 0.044 (no measured slope for this family),440.8,3.71,9.99,13.7,15.87,8.004,"PAHdb theoretical 4.00 uid 330, 10 unscaled modes < 700"
3955,gas,NIST WebBook MSDC-IR (gas),C120127_0.jdx,anthracene,C14H10,0,14,265,523.15,8.0,463.48,0.19147291800000002,"absorbance (peak, record units)",391.7,15.35,0.02,8.0,10.18434/T4D303,primary,low / skeletal,"GC-IRD, EPA/Sadtler (Digilab): SRD 35 guide gives no analytical conditions; hot-default assumption 250 C",0.044,floor 0.044 (no measured slope for this family),417.0,4.01,9.99,14.0,16.12,8.0,"PAHdb theoretical 4.00 uid 265, 16 unscaled modes < 700"
3956,gas,NIST WebBook MSDC-IR (gas),C120127_0.jdx,anthracene,C14H10,0,14,265,523.15,8.0,490.86,0.024141756,"absorbance (peak, record units)",49.4,30.17,0.305,8.0,10.18434/T4D303,primary,low / skeletal,"GC-IRD, EPA/Sadtler (Digilab): SRD 35 guide gives no analytical conditions; hot-default assumption 250 C",0.044,floor 0.044 (no measured slope for this family),417.0,4.01,9.99,14.0,16.13,8.006,"PAHdb theoretical 4.00 uid 265, 16 unscaled modes < 700"
3957,gas,NIST WebBook MSDC-IR (gas),C120127_0.jdx,anthracene,C14H10,0,14,265,523.15,8.0,499.15,0.032447406,"absorbance (peak, record units)",66.4,20.77,0.156,8.0,10.18434/T4D303,primary,low / skeletal,"GC-IRD, EPA/Sadtler (Digilab): SRD 35 guide gives no analytical conditions; hot-default assumption 250 C",0.044,floor 0.044 (no measured slope for this family),417.0,4.01,9.99,14.0,16.13,8.002,"PAHdb theoretical 4.00 uid 265, 16 unscaled modes < 700"
3958,gas,NIST WebBook MSDC-IR (gas),C120127_0.jdx,anthracene,C14H10,0,14,265,523.15,8.0,513.62,0.015448509000000001,"absorbance (peak, record units)",31.6,20.42,0.323,8.0,10.18434/T4D303,primary,low / skeletal,"GC-IRD, EPA/Sadtler (Digilab): SRD 35 guide gives no analytical conditions; hot-default assumption 250 C",0.044,floor 0.044 (no measured slope for this family),417.0,4.01,9.99,14.0,16.13,8.007,"PAHdb theoretical 4.00 uid 265, 16 unscaled modes < 700"
3959,gas,NIST WebBook MSDC-IR (gas),C120127_0.jdx,anthracene,C14H10,0,14,265,523.15,8.0,521.27,0.019213737,"absorbance (peak, record units)",39.3,37.81,0.481,8.0,10.18434/T4D303,primary,low / skeletal,"GC-IRD, EPA/Sadtler (Digilab): SRD 35 guide gives no analytical conditions; hot-default assumption 250 C",0.044,floor 0.044 (no measured slope for this family),417.0,4.01,9.99,14.0,16.13,8.014,"PAHdb theoretical 4.00 uid 265, 16 unscaled modes < 700"
3960,gas,NIST WebBook MSDC-IR (gas),C120127_0.jdx,anthracene,C14H10,0,14,265,523.15,8.0,530.24,0.01827243,"absorbance (peak, record units)",37.4,5.15,0.069,8.0,10.18434/T4D303,primary,low / skeletal,"GC-IRD, EPA/Sadtler (Digilab): SRD 35 guide gives no analytical conditions; hot-default assumption 250 C",0.044,floor 0.044 (no measured slope for this family),417.0,4.01,9.99,14.0,16.12,8.0,"PAHdb theoretical 4.00 uid 265, 16 unscaled modes < 700"
3961,gas,NIST WebBook MSDC-IR (gas),C120127_0.jdx,anthracene,C14H10,0,14,265,523.15,8.0,539.73,0.016334445,"absorbance (peak, record units)",33.4,10.34,0.155,8.0,10.18434/T4D303,primary,low / skeletal,"GC-IRD, EPA/Sadtler (Digilab): SRD 35 guide gives no analytical conditions; hot-default assumption 250 C",0.044,floor 0.044 (no measured slope for this family),417.0,4.01,9.99,14.0,16.13,8.002,"PAHdb theoretical 4.00 uid 265, 16 unscaled modes < 700"
3962,gas,NIST WebBook MSDC-IR (gas),C120127_0.jdx,anthracene,C14H10,0,14,265,523.15,8.0,550.52,0.02104098,"absorbance (peak, record units)",43.0,16.94,0.197,8.0,10.18434/T4D303,primary,low / skeletal,"GC-IRD, EPA/Sadtler (Digilab): SRD 35 guide gives no analytical conditions; hot-default assumption 250 C",0.044,floor 0.044 (no measured slope for this family),417.0,4.01,9.99,14.0,16.13,8.002,"PAHdb theoretical 4.00 uid 265, 16 unscaled modes < 700"
3963,gas,NIST WebBook MSDC-IR (gas),C120127_0.jdx,anthracene,C14H10,0,14,265,523.15,8.0,570.24,0.025193805,"absorbance (peak, record units)",51.5,6.25,0.061,8.0,10.18434/T4D303,primary,low / skeletal,"GC-IRD, EPA/Sadtler (Digilab): SRD 35 guide gives no analytical conditions; hot-default assumption 250 C",0.044,floor 0.044 (no measured slope for this family),417.0,4.01,9.99,14.0,16.12,8.0,"PAHdb theoretical 4.00 uid 265, 16 unscaled modes < 700"
3964,gas,NIST WebBook MSDC-IR (gas),C120127_0.jdx,anthracene,C14H10,0,14,265,523.15,8.0,594.48,0.045238107,"absorbance (peak, record units)",92.6,32.02,0.173,8.0,10.18434/T4D303,primary,low / skeletal,"GC-IRD, EPA/Sadtler (Digilab): SRD 35 guide gives no analytical conditions; hot-default assumption 250 C",0.044,floor 0.044 (no measured slope for this family),417.0,4.01,9.99,14.0,16.13,8.002,"PAHdb theoretical 4.00 uid 265, 16 unscaled modes < 700"
3965,gas,NIST WebBook MSDC-IR (gas),C120127_0.jdx,anthracene,C14H10,0,14,265,523.15,8.0,602.73,0.06367665,"absorbance (peak, record units)",130.3,26.11,0.1,8.0,10.18434/T4D303,primary,low / skeletal,"GC-IRD, EPA/Sadtler (Digilab): SRD 35 guide gives no analytical conditions; hot-default assumption 250 C",0.044,floor 0.044 (no measured slope for this family),417.0,4.01,9.99,14.0,16.13,8.001,"PAHdb theoretical 4.00 uid 265, 16 unscaled modes < 700"
3966,gas,NIST WebBook MSDC-IR (gas),C120127_0.jdx,anthracene,C14H10,0,14,265,523.15,8.0,645.72,0.027574758,"absorbance (peak, record units)",56.4,29.6,0.262,8.0,10.18434/T4D303,primary,low / skeletal,"GC-IRD, EPA/Sadtler (Digilab): SRD 35 guide gives no analytical conditions; hot-default assumption 250 C",0.044,floor 0.044 (no measured slope for this family),417.0,4.01,9.99,14.0,16.13,8.004,"PAHdb theoretical 4.00 uid 265, 16 unscaled modes < 700"
3967,gas,NIST WebBook MSDC-IR (gas),C120127_0.jdx,anthracene,C14H10,0,14,265,523.15,8.0,653.73,0.021262464000000002,"absorbance (peak, record units)",43.5,34.84,0.4,8.0,10.18434/T4D303,primary,CH-oop (10.5-15 um; benzene nu11 at 673 included),"GC-IRD, EPA/Sadtler (Digilab): SRD 35 guide gives no analytical conditions; hot-default assumption 250 C",0.0169,stand-in: pyrene (item 52 Table 1),417.0,1.54,3.84,5.38,9.65,8.01,"PAHdb theoretical 4.00 uid 265, 16 unscaled modes < 700"
3968,gas,NIST WebBook MSDC-IR (gas),C120127_0.jdx,anthracene,C14H10,0,14,265,523.15,8.0,671.62,0.015116283000000001,"absorbance (peak, record units)",30.9,792.81,12.817,8.0,10.18434/T4D303,primary,CH-oop (10.5-15 um; benzene nu11 at 673 included),"GC-IRD, EPA/Sadtler (Digilab): SRD 35 guide gives no analytical conditions; hot-default assumption 250 C",0.0169,stand-in: pyrene (item 52 Table 1),417.0,1.54,3.84,5.38,16.04,15.109,"PAHdb theoretical 4.00 uid 265, 16 unscaled modes < 700"
3969,gas,NIST WebBook MSDC-IR (gas),C120127_0.jdx,anthracene,C14H10,0,14,265,523.15,8.0,682.16,0.01993356,"absorbance (peak, record units)",40.8,121.86,1.494,8.0,10.18434/T4D303,primary,CH-oop (10.5-15 um; benzene nu11 at 673 included),"GC-IRD, EPA/Sadtler (Digilab): SRD 35 guide gives no analytical conditions; hot-default assumption 250 C",0.0169,stand-in: pyrene (item 52 Table 1),417.0,1.54,3.84,5.38,9.75,8.138,"PAHdb theoretical 4.00 uid 265, 16 unscaled modes < 700"
3970,gas,NIST WebBook MSDC-IR (gas),C120127_0.jdx,anthracene,C14H10,0,14,265,523.15,8.0,692.4,0.023643417,"absorbance (peak, record units)",48.4,90.78,0.938,8.0,10.18434/T4D303,primary,CH-oop (10.5-15 um; benzene nu11 at 673 included),"GC-IRD, EPA/Sadtler (Digilab): SRD 35 guide gives no analytical conditions; hot-default assumption 250 C",0.0169,stand-in: pyrene (item 52 Table 1),417.0,1.54,3.84,5.38,9.68,8.055,"PAHdb theoretical 4.00 uid 265, 16 unscaled modes < 700"
3971,gas,NIST WebBook MSDC-IR (gas),C120127_0.jdx,anthracene,C14H10,0,14,265,523.15,8.0,725.57,0.55371,"absorbance (peak, record units)",1132.9,16.47,0.007,8.0,10.18434/T4D303,primary,CH-oop (10.5-15 um; benzene nu11 at 673 included),"GC-IRD, EPA/Sadtler (Digilab): SRD 35 guide gives no analytical conditions; hot-default assumption 250 C",0.0169,stand-in: pyrene (item 52 Table 1),417.0,1.54,3.84,5.38,9.64,8.0,"PAHdb theoretical 4.00 uid 265, 16 unscaled modes < 700"
3972,gas,NIST WebBook MSDC-IR (gas),C120127_0.jdx,anthracene,C14H10,0,14,265,523.15,8.0,814.22,0.015227025,"absorbance (peak, record units)",31.2,792.35,12.717,8.0,10.18434/T4D303,primary,CH-oop (10.5-15 um; benzene nu11 at 673 included),"GC-IRD, EPA/Sadtler (Digilab): SRD 35 guide gives no analytical conditions; hot-default assumption 250 C",0.0169,stand-in: pyrene (item 52 Table 1),417.0,1.54,3.84,5.38,15.96,15.024,"PAHdb theoretical 4.00 uid 265, 16 unscaled modes < 700"
3973,gas,NIST WebBook MSDC-IR (gas),C120127_0.jdx,anthracene,C14H10,0,14,265,523.15,8.0,875.19,0.339590343,"absorbance (peak, record units)",694.8,20.64,0.015,8.0,10.18434/T4D303,primary,CH-oop (10.5-15 um; benzene nu11 at 673 included),"GC-IRD, EPA/Sadtler (Digilab): SRD 35 guide gives no analytical conditions; hot-default assumption 250 C",0.0169,stand-in: pyrene (item 52 Table 1),417.0,1.54,3.84,5.38,9.64,8.0,"PAHdb theoretical 4.00 uid 265, 16 unscaled modes < 700"
3974,gas,NIST WebBook MSDC-IR (gas),C120127_0.jdx,anthracene,C14H10,0,14,265,523.15,8.0,952.72,0.044241429,"absorbance (peak, record units)",90.5,25.0,0.138,8.0,10.18434/T4D303,primary,ring / CH-ip (9-10.5 um),"GC-IRD, EPA/Sadtler (Digilab): SRD 35 guide gives no analytical conditions; hot-default assumption 250 C",0.044,floor 0.044 (no measured slope for this family),417.0,4.01,9.99,14.0,16.13,8.001,"PAHdb theoretical 4.00 uid 265, 16 unscaled modes < 700"
3975,gas,NIST WebBook MSDC-IR (gas),C120127_0.jdx,anthracene,C14H10,0,14,265,523.15,8.0,991.93,0.048062028,"absorbance (peak, record units)",98.3,29.52,0.15,8.0,10.18434/T4D303,primary,ring / CH-ip (9-10.5 um),"GC-IRD, EPA/Sadtler (Digilab): SRD 35 guide gives no analytical conditions; hot-default assumption 250 C",0.044,floor 0.044 (no measured slope for this family),417.0,4.01,9.99,14.0,16.13,8.001,"PAHdb theoretical 4.00 uid 265, 16 unscaled modes < 700"
3976,gas,NIST WebBook MSDC-IR (gas),C120127_0.jdx,anthracene,C14H10,0,14,265,523.15,8.0,1059.46,0.015836106,"absorbance (peak, record units)",32.4,789.93,12.19,8.0,10.18434/T4D303,primary,ring / CH-ip (9-10.5 um),"GC-IRD, EPA/Sadtler (Digilab): SRD 35 guide gives no analytical conditions; hot-default assumption 250 C",0.044,floor 0.044 (no measured slope for this family),417.0,4.01,9.99,14.0,20.21,14.581,"PAHdb theoretical 4.00 uid 265, 16 unscaled modes < 700"
3977,gas,NIST WebBook MSDC-IR (gas),C120127_0.jdx,anthracene,C14H10,0,14,265,523.15,8.0,1146.7,0.03820599,"absorbance (peak, record units)",78.2,41.55,0.266,8.0,10.18434/T4D303,primary,CH-ip-bend (8.6 um),"GC-IRD, EPA/Sadtler (Digilab): SRD 35 guide gives no analytical conditions; hot-default assumption 250 C",0.01,stand-in: pyrene (item 52 Table 1),417.0,0.91,2.27,3.18,8.61,8.004,"PAHdb theoretical 4.00 uid 265, 16 unscaled modes < 700"
3978,gas,NIST WebBook MSDC-IR (gas),C120127_0.jdx,anthracene,C14H10,0,14,265,523.15,8.0,1197.2,0.014341089000000001,"absorbance (peak, record units)",29.3,1291.9,22.015,8.0,10.18434/T4D303,primary,CH-ip-bend (8.6 um),"GC-IRD, EPA/Sadtler (Digilab): SRD 35 guide gives no analytical conditions; hot-default assumption 250 C",0.01,stand-in: pyrene (item 52 Table 1),417.0,0.91,2.27,3.18,23.64,23.423,"PAHdb theoretical 4.00 uid 265, 16 unscaled modes < 700"
3979,gas,NIST WebBook MSDC-IR (gas),C120127_0.jdx,anthracene,C14H10,0,14,265,523.15,8.0,1267.54,0.028848291,"absorbance (peak, record units)",59.0,26.43,0.224,8.0,10.18434/T4D303,primary,CC-stretch/CH-ip (7.7 um),"GC-IRD, EPA/Sadtler (Digilab): SRD 35 guide gives no analytical conditions; hot-default assumption 250 C",0.044,floor 0.044 (no measured slope for this family),417.0,4.01,9.99,14.0,16.13,8.003,"PAHdb theoretical 4.00 uid 265, 16 unscaled modes < 700"
3980,gas,NIST WebBook MSDC-IR (gas),C120127_0.jdx,anthracene,C14H10,0,14,265,523.15,8.0,1317.21,0.032724261000000004,"absorbance (peak, record units)",67.0,46.3,0.346,8.0,10.18434/T4D303,primary,CC-stretch/CH-ip (7.7 um),"GC-IRD, EPA/Sadtler (Digilab): SRD 35 guide gives no analytical conditions; hot-default assumption 250 C",0.044,floor 0.044 (no measured slope for this family),417.0,4.01,9.99,14.0,16.13,8.007,"PAHdb theoretical 4.00 uid 265, 16 unscaled modes < 700"
3981,gas,NIST WebBook MSDC-IR (gas),C120127_0.jdx,anthracene,C14H10,0,14,265,523.15,8.0,1395.2,0.021428577,"absorbance (peak, record units)",43.8,22.57,0.257,8.0,10.18434/T4D303,primary,CC-stretch/CH-ip (7.7 um),"GC-IRD, EPA/Sadtler (Digilab): SRD 35 guide gives no analytical conditions; hot-default assumption 250 C",0.044,floor 0.044 (no measured slope for this family),417.0,4.01,9.99,14.0,16.13,8.004,"PAHdb theoretical 4.00 uid 265, 16 unscaled modes < 700"
3982,gas,NIST WebBook MSDC-IR (gas),C120127_0.jdx,anthracene,C14H10,0,14,265,523.15,8.0,1448.82,0.021650061,"absorbance (peak, record units)",44.3,49.16,0.555,8.0,10.18434/T4D303,primary,CC-stretch/CH-ip (7.7 um),"GC-IRD, EPA/Sadtler (Digilab): SRD 35 guide gives no analytical conditions; hot-default assumption 250 C",0.044,floor 0.044 (no measured slope for this family),417.0,4.01,9.99,14.0,16.13,8.019,"PAHdb theoretical 4.00 uid 265, 16 unscaled modes < 700"
3983,gas,NIST WebBook MSDC-IR (gas),C120127_0.jdx,anthracene,C14H10,0,14,265,523.15,8.0,1537.36,0.047508318,"absorbance (peak, record units)",97.2,21.09,0.108,8.0,10.18434/T4D303,primary,CC-stretch (6.2 um),"GC-IRD, EPA/Sadtler (Digilab): SRD 35 guide gives no analytical conditions; hot-default assumption 250 C",0.044,floor 0.044 (no measured slope for this family),417.0,4.01,9.99,14.0,16.13,8.001,"PAHdb theoretical 4.00 uid 265, 16 unscaled modes < 700"
3984,gas,NIST WebBook MSDC-IR (gas),C120127_0.jdx,anthracene,C14H10,0,14,265,523.15,8.0,1626.04,0.029623485,"absorbance (peak, record units)",60.6,35.02,0.289,8.0,10.18434/T4D303,primary,CC-stretch (6.2 um),"GC-IRD, EPA/Sadtler (Digilab): SRD 35 guide gives no analytical conditions; hot-default assumption 250 C",0.044,floor 0.044 (no measured slope for this family),417.0,4.01,9.99,14.0,16.13,8.005,"PAHdb theoretical 4.00 uid 265, 16 unscaled modes < 700"
3985,gas,NIST WebBook MSDC-IR (gas),C120127_0.jdx,anthracene,C14H10,0,14,265,523.15,8.0,1670.79,0.028405323,"absorbance (peak, record units)",58.1,26.88,0.231,8.0,10.18434/T4D303,primary,overtone / combination region,"GC-IRD, EPA/Sadtler (Digilab): SRD 35 guide gives no analytical conditions; hot-default assumption 250 C",0.044,floor 0.044 (no measured slope for this family),417.0,4.01,9.99,14.0,16.13,8.003,"PAHdb theoretical 4.00 uid 265, 16 unscaled modes < 700"
3986,gas,NIST WebBook MSDC-IR (gas),C120127_0.jdx,anthracene,C14H10,0,14,265,523.15,8.0,1701.7,0.029014404,"absorbance (peak, record units)",59.4,28.67,0.241,8.0,10.18434/T4D303,primary,overtone / combination region,"GC-IRD, EPA/Sadtler (Digilab): SRD 35 guide gives no analytical conditions; hot-default assumption 250 C",0.044,floor 0.044 (no measured slope for this family),417.0,4.01,9.99,14.0,16.13,8.004,"PAHdb theoretical 4.00 uid 265, 16 unscaled modes < 700"
3987,gas,NIST WebBook MSDC-IR (gas),C120127_0.jdx,anthracene,C14H10,0,14,265,523.15,8.0,1732.54,0.015393138,"absorbance (peak, record units)",31.5,487.58,7.741,8.0,10.18434/T4D303,primary,overtone / combination region,"GC-IRD, EPA/Sadtler (Digilab): SRD 35 guide gives no analytical conditions; hot-default assumption 250 C",0.044,floor 0.044 (no measured slope for this family),417.0,4.01,9.99,14.0,17.89,11.132,"PAHdb theoretical 4.00 uid 265, 16 unscaled modes < 700"
3988,gas,NIST WebBook MSDC-IR (gas),C120127_0.jdx,anthracene,C14H10,0,14,265,523.15,8.0,1765.43,0.022978965,"absorbance (peak, record units)",47.0,110.93,1.18,8.0,10.18434/T4D303,primary,overtone / combination region,"GC-IRD, EPA/Sadtler (Digilab): SRD 35 guide gives no analytical conditions; hot-default assumption 250 C",0.044,floor 0.044 (no measured slope for this family),417.0,4.01,9.99,14.0,16.17,8.087,"PAHdb theoretical 4.00 uid 265, 16 unscaled modes < 700"
3989,gas,NIST WebBook MSDC-IR (gas),C120127_0.jdx,anthracene,C14H10,0,14,265,523.15,8.0,1787.02,0.033001116000000004,"absorbance (peak, record units)",67.5,69.13,0.512,8.0,10.18434/T4D303,primary,overtone / combination region,"GC-IRD, EPA/Sadtler (Digilab): SRD 35 guide gives no analytical conditions; hot-default assumption 250 C",0.044,floor 0.044 (no measured slope for this family),417.0,4.01,9.99,14.0,16.13,8.016,"PAHdb theoretical 4.00 uid 265, 16 unscaled modes < 700"
3990,gas,NIST WebBook MSDC-IR (gas),C120127_0.jdx,anthracene,C14H10,0,14,265,523.15,8.0,1810.71,0.024086385000000002,"absorbance (peak, record units)",49.3,81.42,0.826,8.0,10.18434/T4D303,primary,overtone / combination region,"GC-IRD, EPA/Sadtler (Digilab): SRD 35 guide gives no analytical conditions; hot-default assumption 250 C",0.044,floor 0.044 (no measured slope for this family),417.0,4.01,9.99,14.0,16.15,8.043,"PAHdb theoretical 4.00 uid 265, 16 unscaled modes < 700"
3991,gas,NIST WebBook MSDC-IR (gas),C120127_0.jdx,anthracene,C14H10,0,14,265,523.15,8.0,1904.1,0.022757481,"absorbance (peak, record units)",46.6,55.72,0.598,8.0,10.18434/T4D303,primary,overtone / combination region,"GC-IRD, EPA/Sadtler (Digilab): SRD 35 guide gives no analytical conditions; hot-default assumption 250 C",0.044,floor 0.044 (no measured slope for this family),417.0,4.01,9.99,14.0,16.14,8.022,"PAHdb theoretical 4.00 uid 265, 16 unscaled modes < 700"
3992,gas,NIST WebBook MSDC-IR (gas),C120127_0.jdx,anthracene,C14H10,0,14,265,523.15,8.0,1933.62,0.034385391,"absorbance (peak, record units)",70.4,49.03,0.348,8.0,10.18434/T4D303,primary,overtone / combination region,"GC-IRD, EPA/Sadtler (Digilab): SRD 35 guide gives no analytical conditions; hot-default assumption 250 C",0.044,floor 0.044 (no measured slope for this family),417.0,4.01,9.99,14.0,16.13,8.008,"PAHdb theoretical 4.00 uid 265, 16 unscaled modes < 700"
3993,gas,NIST WebBook MSDC-IR (gas),C120127_0.jdx,anthracene,C14H10,0,14,265,523.15,8.0,2017.26,0.006367665000000001,"absorbance (peak, record units)",13.0,1534.62,58.897,8.0,10.18434/T4D303,primary,overtone / combination region,"GC-IRD, EPA/Sadtler (Digilab): SRD 35 guide gives no analytical conditions; hot-default assumption 250 C",0.044,floor 0.044 (no measured slope for this family),417.0,4.01,9.99,14.0,61.06,59.438,"PAHdb theoretical 4.00 uid 265, 16 unscaled modes < 700"
3994,gas,NIST WebBook MSDC-IR (gas),C120127_0.jdx,anthracene,C14H10,0,14,265,523.15,8.0,2310.93,0.011683281,"absorbance (peak, record units)",23.9,82.62,1.728,8.0,10.18434/T4D303,primary,overtone / combination region,"GC-IRD, EPA/Sadtler (Digilab): SRD 35 guide gives no analytical conditions; hot-default assumption 250 C",0.044,floor 0.044 (no measured slope for this family),417.0,4.01,9.99,14.0,16.22,8.184,"PAHdb theoretical 4.00 uid 265, 16 unscaled modes < 700"
3995,gas,NIST WebBook MSDC-IR (gas),C120127_0.jdx,anthracene,C14H10,0,14,265,523.15,8.0,3065.49,0.39590265,"absorbance (peak, record units)",810.0,29.76,0.018,8.0,10.18434/T4D303,primary,CH-stretch,"GC-IRD, EPA/Sadtler (Digilab): SRD 35 guide gives no analytical conditions; hot-default assumption 250 C",0.0284,stand-in: pyrene (item 52 Table 1),417.0,2.59,6.45,9.04,12.07,8.0,"PAHdb theoretical 4.00 uid 265, 16 unscaled modes < 700"
3996,gas,NIST WebBook MSDC-IR (gas),C120127_0.jdx,anthracene,C14H10,0,14,265,523.15,8.0,3685.47,0.0049280190000000005,"absorbance (peak, record units)",10.1,30.73,1.524,8.0,10.18434/T4D303,primary,above 3200,"GC-IRD, EPA/Sadtler (Digilab): SRD 35 guide gives no analytical conditions; hot-default assumption 250 C",0.044,floor 0.044 (no measured slope for this family),417.0,4.01,9.99,14.0,16.2,8.144,"PAHdb theoretical 4.00 uid 265, 16 unscaled modes < 700"
3997,gas,NIST WebBook MSDC-IR (gas),C120127_0.jdx,anthracene,C14H10,0,14,265,523.15,8.0,3909.69,0.00498339,"absorbance (peak, record units)",10.2,43.96,2.156,8.0,10.18434/T4D303,primary,above 3200,"GC-IRD, EPA/Sadtler (Digilab): SRD 35 guide gives no analytical conditions; hot-default assumption 250 C",0.044,floor 0.044 (no measured slope for this family),417.0,4.01,9.99,14.0,16.27,8.285,"PAHdb theoretical 4.00 uid 265, 16 unscaled modes < 700"
3998,gas,NIST WebBook MSDC-IR (gas),C120127_0.jdx,anthracene,C14H10,0,14,265,523.15,8.0,3961.71,0.006423036,"absorbance (peak, record units)",13.1,42.88,1.631,8.0,10.18434/T4D303,primary,above 3200,"GC-IRD, EPA/Sadtler (Digilab): SRD 35 guide gives no analytical conditions; hot-default assumption 250 C",0.044,floor 0.044 (no measured slope for this family),417.0,4.01,9.99,14.0,16.21,8.165,"PAHdb theoretical 4.00 uid 265, 16 unscaled modes < 700"
3999,gas,NIST WebBook MSDC-IR (gas),C129000_0.jdx,pyrene,C16H10,0,16,334,523.15,8.0,576.29,0.0001513,"absorbance (peak, record units)",13.9,33.08,1.194,8.0,10.18434/T4D303,primary,low / skeletal,"GC-IRD, NIST MSDC (HP 5965 IRD): SRD 35 guide gives no temperature; hot-default assumption 250 C",0.044,floor 0.044 (no measured slope for this family),424.5,3.91,9.99,13.9,16.09,8.089,"PAHdb theoretical 4.00 uid 334, 18 unscaled modes < 700"
4000,gas,NIST WebBook MSDC-IR (gas),C129000_0.jdx,pyrene,C16H10,0,16,334,523.15,8.0,655.29,0.0002584,"absorbance (peak, record units)",23.7,125.83,2.659,8.0,10.18434/T4D303,primary,CH-oop (10.5-15 um; benzene nu11 at 673 included),"GC-IRD, NIST MSDC (HP 5965 IRD): SRD 35 guide gives no temperature; hot-default assumption 250 C",0.0169,"measured, pyrene (item 52 Table 1)",424.5,1.5,3.84,5.34,9.98,8.43,"PAHdb theoretical 4.00 uid 334, 18 unscaled modes < 700"
4001,gas,NIST WebBook MSDC-IR (gas),C129000_0.jdx,pyrene,C16H10,0,16,334,523.15,8.0,708.96,0.0087295,"absorbance (peak, record units)",799.5,15.96,0.01,8.0,10.18434/T4D303,primary,CH-oop (10.5-15 um; benzene nu11 at 673 included),"GC-IRD, NIST MSDC (HP 5965 IRD): SRD 35 guide gives no temperature; hot-default assumption 250 C",0.0169,"measured, pyrene (item 52 Table 1)",424.5,1.5,3.84,5.34,9.62,8.0,"PAHdb theoretical 4.00 uid 334, 18 unscaled modes < 700"
4002,gas,NIST WebBook MSDC-IR (gas),C129000_0.jdx,pyrene,C16H10,0,16,334,523.15,8.0,739.47,0.0034969000000000003,"absorbance (peak, record units)",320.3,17.79,0.028,8.0,10.18434/T4D303,primary,CH-oop (10.5-15 um; benzene nu11 at 673 included),"GC-IRD, NIST MSDC (HP 5965 IRD): SRD 35 guide gives no temperature; hot-default assumption 250 C",0.0169,"measured, pyrene (item 52 Table 1)",424.5,1.5,3.84,5.34,9.62,8.0,"PAHdb theoretical 4.00 uid 334, 18 unscaled modes < 700"
4003,gas,NIST WebBook MSDC-IR (gas),C129000_0.jdx,pyrene,C16H10,0,16,334,523.15,8.0,838.24,0.017,"absorbance (peak, record units)",1556.9,17.1,0.005,8.0,10.18434/T4D303,primary,CH-oop (10.5-15 um; benzene nu11 at 673 included),"GC-IRD, NIST MSDC (HP 5965 IRD): SRD 35 guide gives no temperature; hot-default assumption 250 C",0.0169,"measured, pyrene (item 52 Table 1)",424.5,1.5,3.84,5.34,9.62,8.0,"PAHdb theoretical 4.00 uid 334, 18 unscaled modes < 700"
4004,gas,NIST WebBook MSDC-IR (gas),C129000_0.jdx,pyrene,C16H10,0,16,334,523.15,8.0,922.17,0.0001309,"absorbance (peak, record units)",12.0,698.97,29.153,8.0,10.18434/T4D303,primary,CH-oop (10.5-15 um; benzene nu11 at 673 included),"GC-IRD, NIST MSDC (HP 5965 IRD): SRD 35 guide gives no temperature; hot-default assumption 250 C",0.0169,"measured, pyrene (item 52 Table 1)",424.5,1.5,3.84,5.34,30.7,30.231,"PAHdb theoretical 4.00 uid 334, 18 unscaled modes < 700"
4005,gas,NIST WebBook MSDC-IR (gas),C129000_0.jdx,pyrene,C16H10,0,16,334,523.15,8.0,960.52,0.0004828,"absorbance (peak, record units)",44.2,28.31,0.32,8.0,10.18434/T4D303,primary,ring / CH-ip (9-10.5 um),"GC-IRD, NIST MSDC (HP 5965 IRD): SRD 35 guide gives no temperature; hot-default assumption 250 C",0.044,floor 0.044 (no measured slope for this family),424.5,3.91,9.99,13.9,16.04,8.006,"PAHdb theoretical 4.00 uid 334, 18 unscaled modes < 700"
4006,gas,NIST WebBook MSDC-IR (gas),C129000_0.jdx,pyrene,C16H10,0,16,334,523.15,8.0,997.03,0.0004641,"absorbance (peak, record units)",42.5,63.06,0.742,8.0,10.18434/T4D303,primary,ring / CH-ip (9-10.5 um),"GC-IRD, NIST MSDC (HP 5965 IRD): SRD 35 guide gives no temperature; hot-default assumption 250 C",0.044,floor 0.044 (no measured slope for this family),424.5,3.91,9.99,13.9,16.06,8.034,"PAHdb theoretical 4.00 uid 334, 18 unscaled modes < 700"
4007,gas,NIST WebBook MSDC-IR (gas),C129000_0.jdx,pyrene,C16H10,0,16,334,523.15,8.0,1054.5,0.00041820000000000003,"absorbance (peak, record units)",38.3,23.98,0.313,8.0,10.18434/T4D303,primary,ring / CH-ip (9-10.5 um),"GC-IRD, NIST MSDC (HP 5965 IRD): SRD 35 guide gives no temperature; hot-default assumption 250 C",0.044,floor 0.044 (no measured slope for this family),424.5,3.91,9.99,13.9,16.04,8.006,"PAHdb theoretical 4.00 uid 334, 18 unscaled modes < 700"
4008,gas,NIST WebBook MSDC-IR (gas),C129000_0.jdx,pyrene,C16H10,0,16,334,523.15,8.0,1094.8,0.0008959,"absorbance (peak, record units)",82.0,20.33,0.124,8.0,10.18434/T4D303,primary,ring / CH-ip (9-10.5 um),"GC-IRD, NIST MSDC (HP 5965 IRD): SRD 35 guide gives no temperature; hot-default assumption 250 C",0.044,floor 0.044 (no measured slope for this family),424.5,3.91,9.99,13.9,16.04,8.001,"PAHdb theoretical 4.00 uid 334, 18 unscaled modes < 700"
4009,gas,NIST WebBook MSDC-IR (gas),C129000_0.jdx,pyrene,C16H10,0,16,334,523.15,8.0,1181.97,0.001989,"absorbance (peak, record units)",182.2,18.74,0.051,8.0,10.18434/T4D303,primary,CH-ip-bend (8.6 um),"GC-IRD, NIST MSDC (HP 5965 IRD): SRD 35 guide gives no temperature; hot-default assumption 250 C",0.01,"measured, pyrene (item 52 Table 1)",424.5,0.89,2.27,3.16,8.6,8.0,"PAHdb theoretical 4.00 uid 334, 18 unscaled modes < 700"
4010,gas,NIST WebBook MSDC-IR (gas),C129000_0.jdx,pyrene,C16H10,0,16,334,523.15,8.0,1239.7,0.0004726,"absorbance (peak, record units)",43.3,20.75,0.24,8.0,10.18434/T4D303,primary,CH-ip-bend (8.6 um),"GC-IRD, NIST MSDC (HP 5965 IRD): SRD 35 guide gives no temperature; hot-default assumption 250 C",0.01,"measured, pyrene (item 52 Table 1)",424.5,0.89,2.27,3.16,8.6,8.004,"PAHdb theoretical 4.00 uid 334, 18 unscaled modes < 700"
4011,gas,NIST WebBook MSDC-IR (gas),C129000_0.jdx,pyrene,C16H10,0,16,334,523.15,8.0,1304.0,0.0003876,"absorbance (peak, record units)",35.5,20.75,0.292,8.0,10.18434/T4D303,primary,CC-stretch/CH-ip (7.7 um),"GC-IRD, NIST MSDC (HP 5965 IRD): SRD 35 guide gives no temperature; hot-default assumption 250 C",0.044,floor 0.044 (no measured slope for this family),424.5,3.91,9.99,13.9,16.04,8.005,"PAHdb theoretical 4.00 uid 334, 18 unscaled modes < 700"
4012,gas,NIST WebBook MSDC-IR (gas),C129000_0.jdx,pyrene,C16H10,0,16,334,523.15,8.0,1431.54,0.001292,"absorbance (peak, record units)",118.3,25.66,0.108,8.0,10.18434/T4D303,primary,CC-stretch/CH-ip (7.7 um),"GC-IRD, NIST MSDC (HP 5965 IRD): SRD 35 guide gives no temperature; hot-default assumption 250 C",0.044,floor 0.044 (no measured slope for this family),424.5,3.91,9.99,13.9,16.04,8.001,"PAHdb theoretical 4.00 uid 334, 18 unscaled modes < 700"
4013,gas,NIST WebBook MSDC-IR (gas),C129000_0.jdx,pyrene,C16H10,0,16,334,523.15,8.0,1503.06,0.0005729,"absorbance (peak, record units)",52.5,39.93,0.38,8.0,10.18434/T4D303,primary,CC-stretch (6.2 um),"GC-IRD, NIST MSDC (HP 5965 IRD): SRD 35 guide gives no temperature; hot-default assumption 250 C",0.044,floor 0.044 (no measured slope for this family),424.5,3.91,9.99,13.9,16.05,8.009,"PAHdb theoretical 4.00 uid 334, 18 unscaled modes < 700"
4014,gas,NIST WebBook MSDC-IR (gas),C129000_0.jdx,pyrene,C16H10,0,16,334,523.15,8.0,1532.38,0.0002992,"absorbance (peak, record units)",27.4,17.24,0.315,8.0,10.18434/T4D303,primary,CC-stretch (6.2 um),"GC-IRD, NIST MSDC (HP 5965 IRD): SRD 35 guide gives no temperature; hot-default assumption 250 C",0.044,floor 0.044 (no measured slope for this family),424.5,3.91,9.99,13.9,16.04,8.006,"PAHdb theoretical 4.00 uid 334, 18 unscaled modes < 700"
4015,gas,NIST WebBook MSDC-IR (gas),C129000_0.jdx,pyrene,C16H10,0,16,334,523.15,8.0,1596.63,0.00136,"absorbance (peak, record units)",124.6,27.3,0.11,8.0,10.18434/T4D303,primary,CC-stretch (6.2 um),"GC-IRD, NIST MSDC (HP 5965 IRD): SRD 35 guide gives no temperature; hot-default assumption 250 C",0.044,floor 0.044 (no measured slope for this family),424.5,3.91,9.99,13.9,16.04,8.001,"PAHdb theoretical 4.00 uid 334, 18 unscaled modes < 700"
4016,gas,NIST WebBook MSDC-IR (gas),C129000_0.jdx,pyrene,C16H10,0,16,334,523.15,8.0,1638.15,0.0004947,"absorbance (peak, record units)",45.3,46.63,0.515,8.0,10.18434/T4D303,primary,CC-stretch (6.2 um),"GC-IRD, NIST MSDC (HP 5965 IRD): SRD 35 guide gives no temperature; hot-default assumption 250 C",0.044,floor 0.044 (no measured slope for this family),424.5,3.91,9.99,13.9,16.05,8.017,"PAHdb theoretical 4.00 uid 334, 18 unscaled modes < 700"
4017,gas,NIST WebBook MSDC-IR (gas),C129000_0.jdx,pyrene,C16H10,0,16,334,523.15,8.0,1658.45,0.000561,"absorbance (peak, record units)",51.4,43.73,0.426,8.0,10.18434/T4D303,primary,overtone / combination region,"GC-IRD, NIST MSDC (HP 5965 IRD): SRD 35 guide gives no temperature; hot-default assumption 250 C",0.044,floor 0.044 (no measured slope for this family),424.5,3.91,9.99,13.9,16.05,8.011,"PAHdb theoretical 4.00 uid 334, 18 unscaled modes < 700"
4018,gas,NIST WebBook MSDC-IR (gas),C129000_0.jdx,pyrene,C16H10,0,16,334,523.15,8.0,1688.48,0.00025330000000000003,"absorbance (peak, record units)",23.2,150.1,3.235,8.0,10.18434/T4D303,primary,overtone / combination region,"GC-IRD, NIST MSDC (HP 5965 IRD): SRD 35 guide gives no temperature; hot-default assumption 250 C",0.044,floor 0.044 (no measured slope for this family),424.5,3.91,9.99,13.9,16.36,8.629,"PAHdb theoretical 4.00 uid 334, 18 unscaled modes < 700"
4019,gas,NIST WebBook MSDC-IR (gas),C129000_0.jdx,pyrene,C16H10,0,16,334,523.15,8.0,1706.4,0.0001921,"absorbance (peak, record units)",17.6,153.02,4.349,8.0,10.18434/T4D303,primary,overtone / combination region,"GC-IRD, NIST MSDC (HP 5965 IRD): SRD 35 guide gives no temperature; hot-default assumption 250 C",0.044,floor 0.044 (no measured slope for this family),424.5,3.91,9.99,13.9,16.62,9.106,"PAHdb theoretical 4.00 uid 334, 18 unscaled modes < 700"
4020,gas,NIST WebBook MSDC-IR (gas),C129000_0.jdx,pyrene,C16H10,0,16,334,523.15,8.0,1747.86,0.0005525,"absorbance (peak, record units)",50.6,32.09,0.317,8.0,10.18434/T4D303,primary,overtone / combination region,"GC-IRD, NIST MSDC (HP 5965 IRD): SRD 35 guide gives no temperature; hot-default assumption 250 C",0.044,floor 0.044 (no measured slope for this family),424.5,3.91,9.99,13.9,16.04,8.006,"PAHdb theoretical 4.00 uid 334, 18 unscaled modes < 700"
4021,gas,NIST WebBook MSDC-IR (gas),C129000_0.jdx,pyrene,C16H10,0,16,334,523.15,8.0,1786.52,0.0012053,"absorbance (peak, record units)",110.4,20.43,0.093,8.0,10.18434/T4D303,primary,overtone / combination region,"GC-IRD, NIST MSDC (HP 5965 IRD): SRD 35 guide gives no temperature; hot-default assumption 250 C",0.044,floor 0.044 (no measured slope for this family),424.5,3.91,9.99,13.9,16.04,8.001,"PAHdb theoretical 4.00 uid 334, 18 unscaled modes < 700"
4022,gas,NIST WebBook MSDC-IR (gas),C129000_0.jdx,pyrene,C16H10,0,16,334,523.15,8.0,1855.91,0.0005491,"absorbance (peak, record units)",50.3,26.11,0.26,8.0,10.18434/T4D303,primary,overtone / combination region,"GC-IRD, NIST MSDC (HP 5965 IRD): SRD 35 guide gives no temperature; hot-default assumption 250 C",0.044,floor 0.044 (no measured slope for this family),424.5,3.91,9.99,13.9,16.04,8.004,"PAHdb theoretical 4.00 uid 334, 18 unscaled modes < 700"
4023,gas,NIST WebBook MSDC-IR (gas),C129000_0.jdx,pyrene,C16H10,0,16,334,523.15,8.0,1917.86,0.0011356,"absorbance (peak, record units)",104.0,33.06,0.159,8.0,10.18434/T4D303,primary,overtone / combination region,"GC-IRD, NIST MSDC (HP 5965 IRD): SRD 35 guide gives no temperature; hot-default assumption 250 C",0.044,floor 0.044 (no measured slope for this family),424.5,3.91,9.99,13.9,16.04,8.002,"PAHdb theoretical 4.00 uid 334, 18 unscaled modes < 700"
4024,gas,NIST WebBook MSDC-IR (gas),C129000_0.jdx,pyrene,C16H10,0,16,334,523.15,8.0,2274.75,0.0001207,"absorbance (peak, record units)",11.1,80.9,3.659,8.0,10.18434/T4D303,primary,overtone / combination region,"GC-IRD, NIST MSDC (HP 5965 IRD): SRD 35 guide gives no temperature; hot-default assumption 250 C",0.044,floor 0.044 (no measured slope for this family),424.5,3.91,9.99,13.9,16.45,8.797,"PAHdb theoretical 4.00 uid 334, 18 unscaled modes < 700"
4025,gas,NIST WebBook MSDC-IR (gas),C129000_0.jdx,pyrene,C16H10,0,16,334,523.15,8.0,3050.87,0.013923,"absorbance (peak, record units)",1275.1,27.34,0.011,8.0,10.18434/T4D303,primary,CH-stretch,"GC-IRD, NIST MSDC (HP 5965 IRD): SRD 35 guide gives no temperature; hot-default assumption 250 C",0.0284,"measured, pyrene (item 52 Table 1)",424.5,2.52,6.45,8.97,12.02,8.0,"PAHdb theoretical 4.00 uid 334, 18 unscaled modes < 700"
4026,gas,NIST WebBook MSDC-IR (gas),C129000_0.jdx,pyrene,C16H10,0,16,334,523.15,8.0,3757.83,0.0001751,"absorbance (peak, record units)",16.0,67.38,2.101,8.0,10.18434/T4D303,primary,above 3200,"GC-IRD, NIST MSDC (HP 5965 IRD): SRD 35 guide gives no temperature; hot-default assumption 250 C",0.044,floor 0.044 (no measured slope for this family),424.5,3.91,9.99,13.9,16.18,8.271,"PAHdb theoretical 4.00 uid 334, 18 unscaled modes < 700"
4027,gas,NIST WebBook MSDC-IR (gas),C129000_0.jdx,pyrene,C16H10,0,16,334,523.15,8.0,3774.74,0.0001836,"absorbance (peak, record units)",16.8,68.2,2.028,8.0,10.18434/T4D303,primary,above 3200,"GC-IRD, NIST MSDC (HP 5965 IRD): SRD 35 guide gives no temperature; hot-default assumption 250 C",0.044,floor 0.044 (no measured slope for this family),424.5,3.91,9.99,13.9,16.17,8.253,"PAHdb theoretical 4.00 uid 334, 18 unscaled modes < 700"
4028,gas,NIST WebBook MSDC-IR (gas),C218019_0.jdx,chrysene,C18H12,0,18,291,523.15,8.0,576.39,0.001056,"absorbance (peak, record units)",84.8,31.19,0.184,8.0,10.18434/T4D303,primary,low / skeletal,"GC-IRD, NIST MSDC (HP 5965 IRD): SRD 35 guide gives no temperature; hot-default assumption 250 C",0.044,floor 0.044 (no measured slope for this family),417.2,4.0,9.99,14.0,16.12,8.002,"PAHdb theoretical 4.00 uid 291, 23 unscaled modes < 700"
4029,gas,NIST WebBook MSDC-IR (gas),C218019_0.jdx,chrysene,C18H12,0,18,291,523.15,8.0,681.38,0.0019316000000000001,"absorbance (peak, record units)",155.1,16.03,0.052,8.0,10.18434/T4D303,primary,CH-oop (10.5-15 um; benzene nu11 at 673 included),"GC-IRD, NIST MSDC (HP 5965 IRD): SRD 35 guide gives no temperature; hot-default assumption 250 C",0.0169,stand-in: pyrene (item 52 Table 1),417.2,1.54,3.84,5.38,9.64,8.0,"PAHdb theoretical 4.00 uid 291, 23 unscaled modes < 700"
4030,gas,NIST WebBook MSDC-IR (gas),C218019_0.jdx,chrysene,C18H12,0,18,291,523.15,8.0,756.25,0.011000000000000001,"absorbance (peak, record units)",883.1,19.66,0.011,8.0,10.18434/T4D303,primary,CH-oop (10.5-15 um; benzene nu11 at 673 included),"GC-IRD, NIST MSDC (HP 5965 IRD): SRD 35 guide gives no temperature; hot-default assumption 250 C",0.0169,stand-in: pyrene (item 52 Table 1),417.2,1.54,3.84,5.38,9.64,8.0,"PAHdb theoretical 4.00 uid 291, 23 unscaled modes < 700"
4031,gas,NIST WebBook MSDC-IR (gas),C218019_0.jdx,chrysene,C18H12,0,18,291,523.15,8.0,807.65,0.0056232,"absorbance (peak, record units)",451.4,18.83,0.021,8.0,10.18434/T4D303,primary,CH-oop (10.5-15 um; benzene nu11 at 673 included),"GC-IRD, NIST MSDC (HP 5965 IRD): SRD 35 guide gives no temperature; hot-default assumption 250 C",0.0169,stand-in: pyrene (item 52 Table 1),417.2,1.54,3.84,5.38,9.64,8.0,"PAHdb theoretical 4.00 uid 291, 23 unscaled modes < 700"
4032,gas,NIST WebBook MSDC-IR (gas),C218019_0.jdx,chrysene,C18H12,0,18,291,523.15,8.0,858.16,0.0017589,"absorbance (peak, record units)",141.2,38.75,0.137,8.0,10.18434/T4D303,primary,CH-oop (10.5-15 um; benzene nu11 at 673 included),"GC-IRD, NIST MSDC (HP 5965 IRD): SRD 35 guide gives no temperature; hot-default assumption 250 C",0.0169,stand-in: pyrene (item 52 Table 1),417.2,1.54,3.84,5.38,9.64,8.001,"PAHdb theoretical 4.00 uid 291, 23 unscaled modes < 700"
4033,gas,NIST WebBook MSDC-IR (gas),C218019_0.jdx,chrysene,C18H12,0,18,291,523.15,8.0,943.34,0.000737,"absorbance (peak, record units)",59.2,458.44,3.874,8.0,10.18434/T4D303,primary,CH-oop (10.5-15 um; benzene nu11 at 673 included),"GC-IRD, NIST MSDC (HP 5965 IRD): SRD 35 guide gives no temperature; hot-default assumption 250 C",0.0169,stand-in: pyrene (item 52 Table 1),417.2,1.54,3.84,5.38,10.39,8.889,"PAHdb theoretical 4.00 uid 291, 23 unscaled modes < 700"
4034,gas,NIST WebBook MSDC-IR (gas),C218019_0.jdx,chrysene,C18H12,0,18,291,523.15,8.0,1031.31,0.001595,"absorbance (peak, record units)",128.1,28.59,0.112,8.0,10.18434/T4D303,primary,ring / CH-ip (9-10.5 um),"GC-IRD, NIST MSDC (HP 5965 IRD): SRD 35 guide gives no temperature; hot-default assumption 250 C",0.044,floor 0.044 (no measured slope for this family),417.2,4.0,9.99,14.0,16.12,8.001,"PAHdb theoretical 4.00 uid 291, 23 unscaled modes < 700"
4035,gas,NIST WebBook MSDC-IR (gas),C218019_0.jdx,chrysene,C18H12,0,18,291,523.15,8.0,1071.83,0.0005093000000000001,"absorbance (peak, record units)",40.9,648.79,7.934,8.0,10.18434/T4D303,primary,ring / CH-ip (9-10.5 um),"GC-IRD, NIST MSDC (HP 5965 IRD): SRD 35 guide gives no temperature; hot-default assumption 250 C",0.044,floor 0.044 (no measured slope for this family),417.2,4.0,9.99,14.0,17.97,11.267,"PAHdb theoretical 4.00 uid 291, 23 unscaled modes < 700"
4036,gas,NIST WebBook MSDC-IR (gas),C218019_0.jdx,chrysene,C18H12,0,18,291,523.15,8.0,1146.12,0.0004213,"absorbance (peak, record units)",33.8,36.83,0.544,8.0,10.18434/T4D303,primary,CH-ip-bend (8.6 um),"GC-IRD, NIST MSDC (HP 5965 IRD): SRD 35 guide gives no temperature; hot-default assumption 250 C",0.01,stand-in: pyrene (item 52 Table 1),417.2,0.91,2.27,3.18,8.63,8.018,"PAHdb theoretical 4.00 uid 291, 23 unscaled modes < 700"
4037,gas,NIST WebBook MSDC-IR (gas),C218019_0.jdx,chrysene,C18H12,0,18,291,523.15,8.0,1187.32,0.0004059,"absorbance (peak, record units)",32.6,16.17,0.248,8.0,10.18434/T4D303,primary,CH-ip-bend (8.6 um),"GC-IRD, NIST MSDC (HP 5965 IRD): SRD 35 guide gives no temperature; hot-default assumption 250 C",0.01,stand-in: pyrene (item 52 Table 1),417.2,0.91,2.27,3.18,8.61,8.004,"PAHdb theoretical 4.00 uid 291, 23 unscaled modes < 700"
4038,gas,NIST WebBook MSDC-IR (gas),C218019_0.jdx,chrysene,C18H12,0,18,291,523.15,8.0,1230.23,0.0003476,"absorbance (peak, record units)",27.9,61.85,1.108,8.0,10.18434/T4D303,primary,CH-ip-bend (8.6 um),"GC-IRD, NIST MSDC (HP 5965 IRD): SRD 35 guide gives no temperature; hot-default assumption 250 C",0.01,stand-in: pyrene (item 52 Table 1),417.2,0.91,2.27,3.18,8.68,8.076,"PAHdb theoretical 4.00 uid 291, 23 unscaled modes < 700"
4039,gas,NIST WebBook MSDC-IR (gas),C218019_0.jdx,chrysene,C18H12,0,18,291,523.15,8.0,1260.28,0.0009603000000000001,"absorbance (peak, record units)",77.1,24.6,0.16,8.0,10.18434/T4D303,primary,CC-stretch/CH-ip (7.7 um),"GC-IRD, NIST MSDC (HP 5965 IRD): SRD 35 guide gives no temperature; hot-default assumption 250 C",0.044,floor 0.044 (no measured slope for this family),417.2,4.0,9.99,14.0,16.12,8.002,"PAHdb theoretical 4.00 uid 291, 23 unscaled modes < 700"
4040,gas,NIST WebBook MSDC-IR (gas),C218019_0.jdx,chrysene,C18H12,0,18,291,523.15,8.0,1426.46,0.0012947,"absorbance (peak, record units)",103.9,25.64,0.123,8.0,10.18434/T4D303,primary,CC-stretch/CH-ip (7.7 um),"GC-IRD, NIST MSDC (HP 5965 IRD): SRD 35 guide gives no temperature; hot-default assumption 250 C",0.044,floor 0.044 (no measured slope for this family),417.2,4.0,9.99,14.0,16.12,8.001,"PAHdb theoretical 4.00 uid 291, 23 unscaled modes < 700"
4041,gas,NIST WebBook MSDC-IR (gas),C218019_0.jdx,chrysene,C18H12,0,18,291,523.15,8.0,1483.77,0.0013442,"absorbance (peak, record units)",107.9,24.15,0.112,8.0,10.18434/T4D303,primary,CC-stretch/CH-ip (7.7 um),"GC-IRD, NIST MSDC (HP 5965 IRD): SRD 35 guide gives no temperature; hot-default assumption 250 C",0.044,floor 0.044 (no measured slope for this family),417.2,4.0,9.99,14.0,16.12,8.001,"PAHdb theoretical 4.00 uid 291, 23 unscaled modes < 700"
4042,gas,NIST WebBook MSDC-IR (gas),C218019_0.jdx,chrysene,C18H12,0,18,291,523.15,8.0,1515.02,0.0009988,"absorbance (peak, record units)",80.2,71.74,0.447,8.0,10.18434/T4D303,primary,CC-stretch (6.2 um),"GC-IRD, NIST MSDC (HP 5965 IRD): SRD 35 guide gives no temperature; hot-default assumption 250 C",0.044,floor 0.044 (no measured slope for this family),417.2,4.0,9.99,14.0,16.13,8.012,"PAHdb theoretical 4.00 uid 291, 23 unscaled modes < 700"
4043,gas,NIST WebBook MSDC-IR (gas),C218019_0.jdx,chrysene,C18H12,0,18,291,523.15,8.0,1594.41,0.0007656000000000001,"absorbance (peak, record units)",61.5,60.07,0.489,8.0,10.18434/T4D303,primary,CC-stretch (6.2 um),"GC-IRD, NIST MSDC (HP 5965 IRD): SRD 35 guide gives no temperature; hot-default assumption 250 C",0.044,floor 0.044 (no measured slope for this family),417.2,4.0,9.99,14.0,16.13,8.015,"PAHdb theoretical 4.00 uid 291, 23 unscaled modes < 700"
4044,gas,NIST WebBook MSDC-IR (gas),C218019_0.jdx,chrysene,C18H12,0,18,291,523.15,8.0,1684.31,0.0007315,"absorbance (peak, record units)",58.7,32.61,0.278,8.0,10.18434/T4D303,primary,overtone / combination region,"GC-IRD, NIST MSDC (HP 5965 IRD): SRD 35 guide gives no temperature; hot-default assumption 250 C",0.044,floor 0.044 (no measured slope for this family),417.2,4.0,9.99,14.0,16.12,8.005,"PAHdb theoretical 4.00 uid 291, 23 unscaled modes < 700"
4045,gas,NIST WebBook MSDC-IR (gas),C218019_0.jdx,chrysene,C18H12,0,18,291,523.15,8.0,1747.8,0.0005621000000000001,"absorbance (peak, record units)",45.1,125.78,1.394,8.0,10.18434/T4D303,primary,overtone / combination region,"GC-IRD, NIST MSDC (HP 5965 IRD): SRD 35 guide gives no temperature; hot-default assumption 250 C",0.044,floor 0.044 (no measured slope for this family),417.2,4.0,9.99,14.0,16.18,8.121,"PAHdb theoretical 4.00 uid 291, 23 unscaled modes < 700"
4046,gas,NIST WebBook MSDC-IR (gas),C218019_0.jdx,chrysene,C18H12,0,18,291,523.15,8.0,1826.98,0.0004334,"absorbance (peak, record units)",34.8,462.61,6.648,8.0,10.18434/T4D303,primary,overtone / combination region,"GC-IRD, NIST MSDC (HP 5965 IRD): SRD 35 guide gives no temperature; hot-default assumption 250 C",0.044,floor 0.044 (no measured slope for this family),417.2,4.0,9.99,14.0,17.44,10.402,"PAHdb theoretical 4.00 uid 291, 23 unscaled modes < 700"
4047,gas,NIST WebBook MSDC-IR (gas),C218019_0.jdx,chrysene,C18H12,0,18,291,523.15,8.0,1908.65,0.0005566,"absorbance (peak, record units)",44.7,74.75,0.836,8.0,10.18434/T4D303,primary,overtone / combination region,"GC-IRD, NIST MSDC (HP 5965 IRD): SRD 35 guide gives no temperature; hot-default assumption 250 C",0.044,floor 0.044 (no measured slope for this family),417.2,4.0,9.99,14.0,16.14,8.044,"PAHdb theoretical 4.00 uid 291, 23 unscaled modes < 700"
4048,gas,NIST WebBook MSDC-IR (gas),C218019_0.jdx,chrysene,C18H12,0,18,291,523.15,8.0,1939.23,0.0006292,"absorbance (peak, record units)",50.5,72.25,0.715,8.0,10.18434/T4D303,primary,overtone / combination region,"GC-IRD, NIST MSDC (HP 5965 IRD): SRD 35 guide gives no temperature; hot-default assumption 250 C",0.044,floor 0.044 (no measured slope for this family),417.2,4.0,9.99,14.0,16.14,8.032,"PAHdb theoretical 4.00 uid 291, 23 unscaled modes < 700"
4049,gas,NIST WebBook MSDC-IR (gas),C218019_0.jdx,chrysene,C18H12,0,18,291,523.15,8.0,2862.55,0.0001738,"absorbance (peak, record units)",14.0,341.42,12.235,8.0,10.18434/T4D303,primary,overtone / combination region,"GC-IRD, NIST MSDC (HP 5965 IRD): SRD 35 guide gives no temperature; hot-default assumption 250 C",0.044,floor 0.044 (no measured slope for this family),417.2,4.0,9.99,14.0,20.24,14.618,"PAHdb theoretical 4.00 uid 291, 23 unscaled modes < 700"
4050,gas,NIST WebBook MSDC-IR (gas),C218019_0.jdx,chrysene,C18H12,0,18,291,523.15,8.0,2953.52,0.0003014,"absorbance (peak, record units)",24.2,243.43,5.03,8.0,10.18434/T4D303,primary,CH-stretch,"GC-IRD, NIST MSDC (HP 5965 IRD): SRD 35 guide gives no temperature; hot-default assumption 250 C",0.0284,stand-in: pyrene (item 52 Table 1),417.2,2.58,6.45,9.03,13.07,9.45,"PAHdb theoretical 4.00 uid 291, 23 unscaled modes < 700"
4051,gas,NIST WebBook MSDC-IR (gas),C218019_0.jdx,chrysene,C18H12,0,18,291,523.15,8.0,3066.08,0.0056804,"absorbance (peak, record units)",456.0,51.55,0.057,8.0,10.18434/T4D303,primary,CH-stretch,"GC-IRD, NIST MSDC (HP 5965 IRD): SRD 35 guide gives no temperature; hot-default assumption 250 C",0.0284,stand-in: pyrene (item 52 Table 1),417.2,2.58,6.45,9.03,12.07,8.0,"PAHdb theoretical 4.00 uid 291, 23 unscaled modes < 700"
4052,gas,NIST WebBook MSDC-IR (gas),C218019_0.jdx,chrysene,C18H12,0,18,291,523.15,8.0,3195.86,0.00018040000000000002,"absorbance (peak, record units)",14.5,43.53,1.503,8.0,10.18434/T4D303,primary,CH-stretch,"GC-IRD, NIST MSDC (HP 5965 IRD): SRD 35 guide gives no temperature; hot-default assumption 250 C",0.0284,stand-in: pyrene (item 52 Table 1),417.2,2.58,6.45,9.03,12.16,8.14,"PAHdb theoretical 4.00 uid 291, 23 unscaled modes < 700"
4053,gas,NIST WebBook MSDC-IR (gas),C218019_0.jdx,chrysene,C18H12,0,18,291,523.15,8.0,3265.88,0.0001254,"absorbance (peak, record units)",10.1,33.25,1.651,8.0,10.18434/T4D303,primary,above 3200,"GC-IRD, NIST MSDC (HP 5965 IRD): SRD 35 guide gives no temperature; hot-default assumption 250 C",0.044,floor 0.044 (no measured slope for this family),417.2,4.0,9.99,14.0,16.21,8.169,"PAHdb theoretical 4.00 uid 291, 23 unscaled modes < 700"
4054,gas,NIST WebBook MSDC-IR (gas),C218019_0.jdx,chrysene,C18H12,0,18,291,523.15,8.0,3704.82,0.0001342,"absorbance (peak, record units)",10.8,61.73,2.865,8.0,10.18434/T4D303,primary,above 3200,"GC-IRD, NIST MSDC (HP 5965 IRD): SRD 35 guide gives no temperature; hot-default assumption 250 C",0.044,floor 0.044 (no measured slope for this family),417.2,4.0,9.99,14.0,16.37,8.498,"PAHdb theoretical 4.00 uid 291, 23 unscaled modes < 700"
4055,gas,NIST WebBook MSDC-IR (gas),C218019_0.jdx,chrysene,C18H12,0,18,291,523.15,8.0,3762.87,0.00018700000000000002,"absorbance (peak, record units)",15.0,51.36,1.71,8.0,10.18434/T4D303,primary,above 3200,"GC-IRD, NIST MSDC (HP 5965 IRD): SRD 35 guide gives no temperature; hot-default assumption 250 C",0.044,floor 0.044 (no measured slope for this family),417.2,4.0,9.99,14.0,16.21,8.181,"PAHdb theoretical 4.00 uid 291, 23 unscaled modes < 700"
4056,gas,NIST WebBook MSDC-IR (gas),C217594_0.jdx,triphenylene,C18H12,0,18,,523.15,8.0,589.71,0.0003052,"absorbance (peak, record units)",30.7,92.55,1.506,8.0,10.18434/T4D303,gas only,low / skeletal,"GC-IRD, NIST MSDC (HP 5965 IRD): SRD 35 guide gives no temperature; hot-default assumption 250 C",0.044,floor 0.044 (no measured slope for this family),385.9,4.42,9.99,14.42,16.55,8.141,"PAHdb theoretical 4.00 uid 211, 21 unscaled modes < 700"
4057,gas,NIST WebBook MSDC-IR (gas),C217594_0.jdx,triphenylene,C18H12,0,18,,523.15,8.0,620.46,0.0018227999999999999,"absorbance (peak, record units)",183.5,14.42,0.039,8.0,10.18434/T4D303,gas only,low / skeletal,"GC-IRD, NIST MSDC (HP 5965 IRD): SRD 35 guide gives no temperature; hot-default assumption 250 C",0.044,floor 0.044 (no measured slope for this family),385.9,4.42,9.99,14.42,16.49,8.0,"PAHdb theoretical 4.00 uid 211, 21 unscaled modes < 700"
4058,gas,NIST WebBook MSDC-IR (gas),C217594_0.jdx,triphenylene,C18H12,0,18,,523.15,8.0,652.3,0.0002408,"absorbance (peak, record units)",24.2,293.73,6.057,8.0,10.18434/T4D303,gas only,CH-oop (10.5-15 um; benzene nu11 at 673 included),"GC-IRD, NIST MSDC (HP 5965 IRD): SRD 35 guide gives no temperature; hot-default assumption 250 C",0.0169,stand-in: pyrene (item 52 Table 1),385.9,1.7,3.84,5.54,11.46,10.034,"PAHdb theoretical 4.00 uid 211, 21 unscaled modes < 700"
4059,gas,NIST WebBook MSDC-IR (gas),C217594_0.jdx,triphenylene,C18H12,0,18,,523.15,8.0,737.55,0.027999999999999997,"absorbance (peak, record units)",2819.4,14.65,0.003,8.0,10.18434/T4D303,gas only,CH-oop (10.5-15 um; benzene nu11 at 673 included),"GC-IRD, NIST MSDC (HP 5965 IRD): SRD 35 guide gives no temperature; hot-default assumption 250 C",0.0169,stand-in: pyrene (item 52 Table 1),385.9,1.7,3.84,5.54,9.73,8.0,"PAHdb theoretical 4.00 uid 211, 21 unscaled modes < 700"
4060,gas,NIST WebBook MSDC-IR (gas),C217594_0.jdx,triphenylene,C18H12,0,18,,523.15,8.0,834.05,0.0007056,"absorbance (peak, record units)",71.0,24.44,0.172,8.0,10.18434/T4D303,gas only,CH-oop (10.5-15 um; benzene nu11 at 673 included),"GC-IRD, NIST MSDC (HP 5965 IRD): SRD 35 guide gives no temperature; hot-default assumption 250 C",0.0169,stand-in: pyrene (item 52 Table 1),385.9,1.7,3.84,5.54,9.73,8.002,"PAHdb theoretical 4.00 uid 211, 21 unscaled modes < 700"
4061,gas,NIST WebBook MSDC-IR (gas),C217594_0.jdx,triphenylene,C18H12,0,18,,523.15,8.0,884.59,0.0001764,"absorbance (peak, record units)",17.8,15.89,0.447,8.0,10.18434/T4D303,gas only,CH-oop (10.5-15 um; benzene nu11 at 673 included),"GC-IRD, NIST MSDC (HP 5965 IRD): SRD 35 guide gives no temperature; hot-default assumption 250 C",0.0169,stand-in: pyrene (item 52 Table 1),385.9,1.7,3.84,5.54,9.74,8.012,"PAHdb theoretical 4.00 uid 211, 21 unscaled modes < 700"
4062,gas,NIST WebBook MSDC-IR (gas),C217594_0.jdx,triphenylene,C18H12,0,18,,523.15,8.0,943.64,0.000224,"absorbance (peak, record units)",22.6,138.4,3.068,8.0,10.18434/T4D303,gas only,CH-oop (10.5-15 um; benzene nu11 at 673 included),"GC-IRD, NIST MSDC (HP 5965 IRD): SRD 35 guide gives no temperature; hot-default assumption 250 C",0.0169,stand-in: pyrene (item 52 Table 1),385.9,1.7,3.84,5.54,10.2,8.568,"PAHdb theoretical 4.00 uid 211, 21 unscaled modes < 700"
4063,gas,NIST WebBook MSDC-IR (gas),C217594_0.jdx,triphenylene,C18H12,0,18,,523.15,8.0,1004.75,0.0007756,"absorbance (peak, record units)",78.1,34.64,0.222,8.0,10.18434/T4D303,gas only,ring / CH-ip (9-10.5 um),"GC-IRD, NIST MSDC (HP 5965 IRD): SRD 35 guide gives no temperature; hot-default assumption 250 C",0.044,floor 0.044 (no measured slope for this family),385.9,4.42,9.99,14.42,16.49,8.003,"PAHdb theoretical 4.00 uid 211, 21 unscaled modes < 700"
4064,gas,NIST WebBook MSDC-IR (gas),C217594_0.jdx,triphenylene,C18H12,0,18,,523.15,8.0,1051.66,0.0011648,"absorbance (peak, record units)",117.3,17.43,0.074,8.0,10.18434/T4D303,gas only,ring / CH-ip (9-10.5 um),"GC-IRD, NIST MSDC (HP 5965 IRD): SRD 35 guide gives no temperature; hot-default assumption 250 C",0.044,floor 0.044 (no measured slope for this family),385.9,4.42,9.99,14.42,16.49,8.0,"PAHdb theoretical 4.00 uid 211, 21 unscaled modes < 700"
4065,gas,NIST WebBook MSDC-IR (gas),C217594_0.jdx,triphenylene,C18H12,0,18,,523.15,8.0,1163.27,0.000196,"absorbance (peak, record units)",19.7,21.83,0.553,8.0,10.18434/T4D303,gas only,CH-ip-bend (8.6 um),"GC-IRD, NIST MSDC (HP 5965 IRD): SRD 35 guide gives no temperature; hot-default assumption 250 C",0.01,stand-in: pyrene (item 52 Table 1),385.9,1.0,2.27,3.28,8.66,8.019,"PAHdb theoretical 4.00 uid 211, 21 unscaled modes < 700"
4066,gas,NIST WebBook MSDC-IR (gas),C217594_0.jdx,triphenylene,C18H12,0,18,,523.15,8.0,1239.14,0.0008428,"absorbance (peak, record units)",84.9,20.99,0.124,8.0,10.18434/T4D303,gas only,CH-ip-bend (8.6 um),"GC-IRD, NIST MSDC (HP 5965 IRD): SRD 35 guide gives no temperature; hot-default assumption 250 C",0.01,stand-in: pyrene (item 52 Table 1),385.9,1.0,2.27,3.28,8.65,8.001,"PAHdb theoretical 4.00 uid 211, 21 unscaled modes < 700"
4067,gas,NIST WebBook MSDC-IR (gas),C217594_0.jdx,triphenylene,C18H12,0,18,,523.15,8.0,1291.25,0.000168,"absorbance (peak, record units)",16.9,30.29,0.895,8.0,10.18434/T4D303,gas only,CC-stretch/CH-ip (7.7 um),"GC-IRD, NIST MSDC (HP 5965 IRD): SRD 35 guide gives no temperature; hot-default assumption 250 C",0.044,floor 0.044 (no measured slope for this family),385.9,4.42,9.99,14.42,16.51,8.05,"PAHdb theoretical 4.00 uid 211, 21 unscaled modes < 700"
4068,gas,NIST WebBook MSDC-IR (gas),C217594_0.jdx,triphenylene,C18H12,0,18,,523.15,8.0,1435.14,0.0050428,"absorbance (peak, record units)",507.8,18.44,0.018,8.0,10.18434/T4D303,gas only,CC-stretch/CH-ip (7.7 um),"GC-IRD, NIST MSDC (HP 5965 IRD): SRD 35 guide gives no temperature; hot-default assumption 250 C",0.044,floor 0.044 (no measured slope for this family),385.9,4.42,9.99,14.42,16.49,8.0,"PAHdb theoretical 4.00 uid 211, 21 unscaled modes < 700"
4069,gas,NIST WebBook MSDC-IR (gas),C217594_0.jdx,triphenylene,C18H12,0,18,,523.15,8.0,1495.75,0.0023155999999999997,"absorbance (peak, record units)",233.2,22.27,0.048,8.0,10.18434/T4D303,gas only,CC-stretch/CH-ip (7.7 um),"GC-IRD, NIST MSDC (HP 5965 IRD): SRD 35 guide gives no temperature; hot-default assumption 250 C",0.044,floor 0.044 (no measured slope for this family),385.9,4.42,9.99,14.42,16.49,8.0,"PAHdb theoretical 4.00 uid 211, 21 unscaled modes < 700"
4070,gas,NIST WebBook MSDC-IR (gas),C217594_0.jdx,triphenylene,C18H12,0,18,,523.15,8.0,1584.64,0.0003248,"absorbance (peak, record units)",32.7,24.53,0.375,8.0,10.18434/T4D303,gas only,CC-stretch (6.2 um),"GC-IRD, NIST MSDC (HP 5965 IRD): SRD 35 guide gives no temperature; hot-default assumption 250 C",0.044,floor 0.044 (no measured slope for this family),385.9,4.42,9.99,14.42,16.49,8.009,"PAHdb theoretical 4.00 uid 211, 21 unscaled modes < 700"
4071,gas,NIST WebBook MSDC-IR (gas),C217594_0.jdx,triphenylene,C18H12,0,18,,523.15,8.0,1618.91,0.0002856,"absorbance (peak, record units)",28.8,149.33,2.596,8.0,10.18434/T4D303,gas only,CC-stretch (6.2 um),"GC-IRD, NIST MSDC (HP 5965 IRD): SRD 35 guide gives no temperature; hot-default assumption 250 C",0.044,floor 0.044 (no measured slope for this family),385.9,4.42,9.99,14.42,16.69,8.411,"PAHdb theoretical 4.00 uid 211, 21 unscaled modes < 700"
4072,gas,NIST WebBook MSDC-IR (gas),C217594_0.jdx,triphenylene,C18H12,0,18,,523.15,8.0,1653.5,0.0002296,"absorbance (peak, record units)",23.1,156.83,3.392,8.0,10.18434/T4D303,gas only,overtone / combination region,"GC-IRD, NIST MSDC (HP 5965 IRD): SRD 35 guide gives no temperature; hot-default assumption 250 C",0.044,floor 0.044 (no measured slope for this family),385.9,4.42,9.99,14.42,16.83,8.689,"PAHdb theoretical 4.00 uid 211, 21 unscaled modes < 700"
4073,gas,NIST WebBook MSDC-IR (gas),C217594_0.jdx,triphenylene,C18H12,0,18,,523.15,8.0,1676.92,0.00037799999999999997,"absorbance (peak, record units)",38.1,57.44,0.755,8.0,10.18434/T4D303,gas only,overtone / combination region,"GC-IRD, NIST MSDC (HP 5965 IRD): SRD 35 guide gives no temperature; hot-default assumption 250 C",0.044,floor 0.044 (no measured slope for this family),385.9,4.42,9.99,14.42,16.5,8.036,"PAHdb theoretical 4.00 uid 211, 21 unscaled modes < 700"
4074,gas,NIST WebBook MSDC-IR (gas),C217594_0.jdx,triphenylene,C18H12,0,18,,523.15,8.0,1709.7,0.0005459999999999999,"absorbance (peak, record units)",55.0,22.16,0.202,8.0,10.18434/T4D303,gas only,overtone / combination region,"GC-IRD, NIST MSDC (HP 5965 IRD): SRD 35 guide gives no temperature; hot-default assumption 250 C",0.044,floor 0.044 (no measured slope for this family),385.9,4.42,9.99,14.42,16.49,8.003,"PAHdb theoretical 4.00 uid 211, 21 unscaled modes < 700"
4075,gas,NIST WebBook MSDC-IR (gas),C217594_0.jdx,triphenylene,C18H12,0,18,,523.15,8.0,1744.4,0.0002604,"absorbance (peak, record units)",26.2,152.0,2.898,8.0,10.18434/T4D303,gas only,overtone / combination region,"GC-IRD, NIST MSDC (HP 5965 IRD): SRD 35 guide gives no temperature; hot-default assumption 250 C",0.044,floor 0.044 (no measured slope for this family),385.9,4.42,9.99,14.42,16.74,8.509,"PAHdb theoretical 4.00 uid 211, 21 unscaled modes < 700"
4076,gas,NIST WebBook MSDC-IR (gas),C217594_0.jdx,triphenylene,C18H12,0,18,,523.15,8.0,1787.76,0.00039759999999999996,"absorbance (peak, record units)",40.0,51.76,0.646,8.0,10.18434/T4D303,gas only,overtone / combination region,"GC-IRD, NIST MSDC (HP 5965 IRD): SRD 35 guide gives no temperature; hot-default assumption 250 C",0.044,floor 0.044 (no measured slope for this family),385.9,4.42,9.99,14.42,16.5,8.026,"PAHdb theoretical 4.00 uid 211, 21 unscaled modes < 700"
4077,gas,NIST WebBook MSDC-IR (gas),C217594_0.jdx,triphenylene,C18H12,0,18,,523.15,8.0,1816.48,0.000448,"absorbance (peak, record units)",45.1,49.62,0.55,8.0,10.18434/T4D303,gas only,overtone / combination region,"GC-IRD, NIST MSDC (HP 5965 IRD): SRD 35 guide gives no temperature; hot-default assumption 250 C",0.044,floor 0.044 (no measured slope for this family),385.9,4.42,9.99,14.42,16.5,8.019,"PAHdb theoretical 4.00 uid 211, 21 unscaled modes < 700"
4078,gas,NIST WebBook MSDC-IR (gas),C217594_0.jdx,triphenylene,C18H12,0,18,,523.15,8.0,1879.47,0.000406,"absorbance (peak, record units)",40.9,85.58,1.047,8.0,10.18434/T4D303,gas only,overtone / combination region,"GC-IRD, NIST MSDC (HP 5965 IRD): SRD 35 guide gives no temperature; hot-default assumption 250 C",0.044,floor 0.044 (no measured slope for this family),385.9,4.42,9.99,14.42,16.52,8.068,"PAHdb theoretical 4.00 uid 211, 21 unscaled modes < 700"
4079,gas,NIST WebBook MSDC-IR (gas),C217594_0.jdx,triphenylene,C18H12,0,18,,523.15,8.0,1908.36,0.000672,"absorbance (peak, record units)",67.7,24.6,0.182,8.0,10.18434/T4D303,gas only,overtone / combination region,"GC-IRD, NIST MSDC (HP 5965 IRD): SRD 35 guide gives no temperature; hot-default assumption 250 C",0.044,floor 0.044 (no measured slope for this family),385.9,4.42,9.99,14.42,16.49,8.002,"PAHdb theoretical 4.00 uid 211, 21 unscaled modes < 700"
4080,gas,NIST WebBook MSDC-IR (gas),C217594_0.jdx,triphenylene,C18H12,0,18,,523.15,8.0,1939.68,0.0008623999999999999,"absorbance (peak, record units)",86.8,20.9,0.12,8.0,10.18434/T4D303,gas only,overtone / combination region,"GC-IRD, NIST MSDC (HP 5965 IRD): SRD 35 guide gives no temperature; hot-default assumption 250 C",0.044,floor 0.044 (no measured slope for this family),385.9,4.42,9.99,14.42,16.49,8.001,"PAHdb theoretical 4.00 uid 211, 21 unscaled modes < 700"
4081,gas,NIST WebBook MSDC-IR (gas),C217594_0.jdx,triphenylene,C18H12,0,18,,523.15,8.0,2339.11,0.0001344,"absorbance (peak, record units)",13.5,25.85,0.955,8.0,10.18434/T4D303,gas only,overtone / combination region,"GC-IRD, NIST MSDC (HP 5965 IRD): SRD 35 guide gives no temperature; hot-default assumption 250 C",0.044,floor 0.044 (no measured slope for this family),385.9,4.42,9.99,14.42,16.51,8.057,"PAHdb theoretical 4.00 uid 211, 21 unscaled modes < 700"
4082,gas,NIST WebBook MSDC-IR (gas),C217594_0.jdx,triphenylene,C18H12,0,18,,523.15,8.0,2613.43,0.0001204,"absorbance (peak, record units)",12.1,37.39,1.542,8.0,10.18434/T4D303,gas only,overtone / combination region,"GC-IRD, NIST MSDC (HP 5965 IRD): SRD 35 guide gives no temperature; hot-default assumption 250 C",0.044,floor 0.044 (no measured slope for this family),385.9,4.42,9.99,14.42,16.56,8.147,"PAHdb theoretical 4.00 uid 211, 21 unscaled modes < 700"
4083,gas,NIST WebBook MSDC-IR (gas),C217594_0.jdx,triphenylene,C18H12,0,18,,523.15,8.0,2931.67,0.0002296,"absorbance (peak, record units)",23.1,34.38,0.744,8.0,10.18434/T4D303,gas only,overtone / combination region,"GC-IRD, NIST MSDC (HP 5965 IRD): SRD 35 guide gives no temperature; hot-default assumption 250 C",0.044,floor 0.044 (no measured slope for this family),385.9,4.42,9.99,14.42,16.5,8.035,"PAHdb theoretical 4.00 uid 211, 21 unscaled modes < 700"
4084,gas,NIST WebBook MSDC-IR (gas),C217594_0.jdx,triphenylene,C18H12,0,18,,523.15,8.0,3035.06,0.0023996,"absorbance (peak, record units)",241.6,104.89,0.217,8.0,10.18434/T4D303,gas only,CH-stretch,"GC-IRD, NIST MSDC (HP 5965 IRD): SRD 35 guide gives no temperature; hot-default assumption 250 C",0.0284,stand-in: pyrene (item 52 Table 1),385.9,2.85,6.45,9.3,12.27,8.003,"PAHdb theoretical 4.00 uid 211, 21 unscaled modes < 700"
4085,gas,NIST WebBook MSDC-IR (gas),C217594_0.jdx,triphenylene,C18H12,0,18,,523.15,8.0,3083.32,0.007336,"absorbance (peak, record units)",738.7,35.06,0.024,8.0,10.18434/T4D303,gas only,CH-stretch,"GC-IRD, NIST MSDC (HP 5965 IRD): SRD 35 guide gives no temperature; hot-default assumption 250 C",0.0284,stand-in: pyrene (item 52 Table 1),385.9,2.85,6.45,9.3,12.27,8.0,"PAHdb theoretical 4.00 uid 211, 21 unscaled modes < 700"
4086,gas,NIST WebBook MSDC-IR (gas),C217594_0.jdx,triphenylene,C18H12,0,18,,523.15,8.0,3666.4,0.0001148,"absorbance (peak, record units)",11.6,123.0,5.32,8.0,10.18434/T4D303,gas only,above 3200,"GC-IRD, NIST MSDC (HP 5965 IRD): SRD 35 guide gives no temperature; hot-default assumption 250 C",0.044,floor 0.044 (no measured slope for this family),385.9,4.42,9.99,14.42,17.32,9.607,"PAHdb theoretical 4.00 uid 211, 21 unscaled modes < 700"
4087,gas,NIST WebBook MSDC-IR (gas),C217594_0.jdx,triphenylene,C18H12,0,18,,523.15,8.0,3723.2,0.0001204,"absorbance (peak, record units)",12.1,66.6,2.747,8.0,10.18434/T4D303,gas only,above 3200,"GC-IRD, NIST MSDC (HP 5965 IRD): SRD 35 guide gives no temperature; hot-default assumption 250 C",0.044,floor 0.044 (no measured slope for this family),385.9,4.42,9.99,14.42,16.71,8.458,"PAHdb theoretical 4.00 uid 211, 21 unscaled modes < 700"
4088,gas,NIST WebBook MSDC-IR (gas),C71432_0.jdx,benzene,C6H6,0,6,,523.15,8.0,473.77,0.034720656,"absorbance (peak, record units)",30.4,14.61,0.24,8.0,10.18434/T4D303,gas only,low / skeletal,"GC-IRD, EPA/Sadtler (Digilab): SRD 35 guide gives no analytical conditions; hot-default assumption 250 C",0.044,floor 0.044 (no measured slope for this family),553.8,2.55,9.99,12.54,14.88,8.004,"probe 2a DFT bath (B3LYP/6-31G* dry run), 5 modes < 700"
4089,gas,NIST WebBook MSDC-IR (gas),C71432_0.jdx,benzene,C6H6,0,6,,523.15,8.0,481.64,0.031877154,"absorbance (peak, record units)",27.9,6.12,0.109,8.0,10.18434/T4D303,gas only,low / skeletal,"GC-IRD, EPA/Sadtler (Digilab): SRD 35 guide gives no analytical conditions; hot-default assumption 250 C",0.044,floor 0.044 (no measured slope for this family),553.8,2.55,9.99,12.54,14.88,8.001,"probe 2a DFT bath (B3LYP/6-31G* dry run), 5 modes < 700"
4090,gas,NIST WebBook MSDC-IR (gas),C71432_0.jdx,benzene,C6H6,0,6,,523.15,8.0,493.0,0.039509712,"absorbance (peak, record units)",34.6,22.77,0.329,8.0,10.18434/T4D303,gas only,low / skeletal,"GC-IRD, EPA/Sadtler (Digilab): SRD 35 guide gives no analytical conditions; hot-default assumption 250 C",0.044,floor 0.044 (no measured slope for this family),553.8,2.55,9.99,12.54,14.88,8.007,"probe 2a DFT bath (B3LYP/6-31G* dry run), 5 modes < 700"
4091,gas,NIST WebBook MSDC-IR (gas),C71432_0.jdx,benzene,C6H6,0,6,,523.15,8.0,517.62,0.022598358,"absorbance (peak, record units)",19.8,52.26,1.319,8.0,10.18434/T4D303,gas only,low / skeletal,"GC-IRD, EPA/Sadtler (Digilab): SRD 35 guide gives no analytical conditions; hot-default assumption 250 C",0.044,floor 0.044 (no measured slope for this family),553.8,2.55,9.99,12.54,14.94,8.108,"probe 2a DFT bath (B3LYP/6-31G* dry run), 5 modes < 700"
4092,gas,NIST WebBook MSDC-IR (gas),C71432_0.jdx,benzene,C6H6,0,6,,523.15,8.0,527.18,0.02319699,"absorbance (peak, record units)",20.3,52.02,1.279,8.0,10.18434/T4D303,gas only,low / skeletal,"GC-IRD, EPA/Sadtler (Digilab): SRD 35 guide gives no analytical conditions; hot-default assumption 250 C",0.044,floor 0.044 (no measured slope for this family),553.8,2.55,9.99,12.54,14.93,8.102,"probe 2a DFT bath (B3LYP/6-31G* dry run), 5 modes < 700"
4093,gas,NIST WebBook MSDC-IR (gas),C71432_0.jdx,benzene,C6H6,0,6,,523.15,8.0,546.3,0.02619015,"absorbance (peak, record units)",23.0,6.4,0.139,8.0,10.18434/T4D303,gas only,low / skeletal,"GC-IRD, EPA/Sadtler (Digilab): SRD 35 guide gives no analytical conditions; hot-default assumption 250 C",0.044,floor 0.044 (no measured slope for this family),553.8,2.55,9.99,12.54,14.88,8.001,"probe 2a DFT bath (B3LYP/6-31G* dry run), 5 modes < 700"
4094,gas,NIST WebBook MSDC-IR (gas),C71432_0.jdx,benzene,C6H6,0,6,,523.15,8.0,554.12,0.02619015,"absorbance (peak, record units)",23.0,42.68,0.93,8.0,10.18434/T4D303,gas only,low / skeletal,"GC-IRD, EPA/Sadtler (Digilab): SRD 35 guide gives no analytical conditions; hot-default assumption 250 C",0.044,floor 0.044 (no measured slope for this family),553.8,2.55,9.99,12.54,14.91,8.054,"probe 2a DFT bath (B3LYP/6-31G* dry run), 5 modes < 700"
4095,gas,NIST WebBook MSDC-IR (gas),C71432_0.jdx,benzene,C6H6,0,6,,523.15,8.0,571.05,0.024244596,"absorbance (peak, record units)",21.2,43.38,1.021,8.0,10.18434/T4D303,gas only,low / skeletal,"GC-IRD, EPA/Sadtler (Digilab): SRD 35 guide gives no analytical conditions; hot-default assumption 250 C",0.044,floor 0.044 (no measured slope for this family),553.8,2.55,9.99,12.54,14.91,8.065,"probe 2a DFT bath (B3LYP/6-31G* dry run), 5 modes < 700"
4096,gas,NIST WebBook MSDC-IR (gas),C71432_0.jdx,benzene,C6H6,0,6,,523.15,8.0,656.27,1.041918996,"absorbance (peak, record units)",913.2,32.37,0.018,8.0,10.18434/T4D303,gas only,CH-oop (10.5-15 um; benzene nu11 at 673 included),"GC-IRD, EPA/Sadtler (Digilab): SRD 35 guide gives no analytical conditions; hot-default assumption 250 C",0.0169,stand-in: pyrene (item 52 Table 1),553.8,0.98,3.84,4.82,9.34,8.0,"probe 2a DFT bath (B3LYP/6-31G* dry run), 5 modes < 700"
4097,gas,NIST WebBook MSDC-IR (gas),C71432_0.jdx,benzene,C6H6,0,6,,523.15,8.0,672.76,1.49658,"absorbance (peak, record units)",1311.6,10.03,0.004,8.0,10.18434/T4D303,gas only,CH-oop (10.5-15 um; benzene nu11 at 673 included),"GC-IRD, EPA/Sadtler (Digilab): SRD 35 guide gives no analytical conditions; hot-default assumption 250 C",0.0169,stand-in: pyrene (item 52 Table 1),553.8,0.98,3.84,4.82,9.34,8.0,"probe 2a DFT bath (B3LYP/6-31G* dry run), 5 modes < 700"
4098,gas,NIST WebBook MSDC-IR (gas),C71432_0.jdx,benzene,C6H6,0,6,,523.15,8.0,690.02,1.237222686,"absorbance (peak, record units)",1084.3,19.64,0.009,8.0,10.18434/T4D303,gas only,CH-oop (10.5-15 um; benzene nu11 at 673 included),"GC-IRD, EPA/Sadtler (Digilab): SRD 35 guide gives no analytical conditions; hot-default assumption 250 C",0.0169,stand-in: pyrene (item 52 Table 1),553.8,0.98,3.84,4.82,9.34,8.0,"probe 2a DFT bath (B3LYP/6-31G* dry run), 5 modes < 700"
4099,gas,NIST WebBook MSDC-IR (gas),C71432_0.jdx,benzene,C6H6,0,6,,523.15,8.0,780.62,0.036217236,"absorbance (peak, record units)",31.7,10.08,0.159,8.0,10.18434/T4D303,gas only,CH-oop (10.5-15 um; benzene nu11 at 673 included),"GC-IRD, EPA/Sadtler (Digilab): SRD 35 guide gives no analytical conditions; hot-default assumption 250 C",0.0169,stand-in: pyrene (item 52 Table 1),553.8,0.98,3.84,4.82,9.34,8.002,"probe 2a DFT bath (B3LYP/6-31G* dry run), 5 modes < 700"
4100,gas,NIST WebBook MSDC-IR (gas),C71432_0.jdx,benzene,C6H6,0,6,,523.15,8.0,801.11,0.018856908,"absorbance (peak, record units)",16.5,22.34,0.676,8.0,10.18434/T4D303,gas only,CH-oop (10.5-15 um; benzene nu11 at 673 included),"GC-IRD, EPA/Sadtler (Digilab): SRD 35 guide gives no analytical conditions; hot-default assumption 250 C",0.0169,stand-in: pyrene (item 52 Table 1),553.8,0.98,3.84,4.82,9.36,8.029,"probe 2a DFT bath (B3LYP/6-31G* dry run), 5 modes < 700"
4101,gas,NIST WebBook MSDC-IR (gas),C71432_0.jdx,benzene,C6H6,0,6,,523.15,8.0,1020.84,0.133794252,"absorbance (peak, record units)",117.3,55.43,0.236,8.0,10.18434/T4D303,gas only,ring / CH-ip (9-10.5 um),"GC-IRD, EPA/Sadtler (Digilab): SRD 35 guide gives no analytical conditions; hot-default assumption 250 C",0.044,floor 0.044 (no measured slope for this family),553.8,2.55,9.99,12.54,14.88,8.003,"probe 2a DFT bath (B3LYP/6-31G* dry run), 5 modes < 700"
4102,gas,NIST WebBook MSDC-IR (gas),C71432_0.jdx,benzene,C6H6,0,6,,523.15,8.0,1036.7,0.224337342,"absorbance (peak, record units)",196.6,27.82,0.071,8.0,10.18434/T4D303,gas only,ring / CH-ip (9-10.5 um),"GC-IRD, EPA/Sadtler (Digilab): SRD 35 guide gives no analytical conditions; hot-default assumption 250 C",0.044,floor 0.044 (no measured slope for this family),553.8,2.55,9.99,12.54,14.88,8.0,"probe 2a DFT bath (B3LYP/6-31G* dry run), 5 modes < 700"
4103,gas,NIST WebBook MSDC-IR (gas),C71432_0.jdx,benzene,C6H6,0,6,,523.15,8.0,1051.9,0.120175374,"absorbance (peak, record units)",105.3,57.52,0.273,8.0,10.18434/T4D303,gas only,ring / CH-ip (9-10.5 um),"GC-IRD, EPA/Sadtler (Digilab): SRD 35 guide gives no analytical conditions; hot-default assumption 250 C",0.044,floor 0.044 (no measured slope for this family),553.8,2.55,9.99,12.54,14.88,8.005,"probe 2a DFT bath (B3LYP/6-31G* dry run), 5 modes < 700"
4104,gas,NIST WebBook MSDC-IR (gas),C71432_0.jdx,benzene,C6H6,0,6,,523.15,8.0,1227.23,0.01421751,"absorbance (peak, record units)",12.5,1294.73,51.952,8.0,10.18434/T4D303,gas only,CH-ip-bend (8.6 um),"GC-IRD, EPA/Sadtler (Digilab): SRD 35 guide gives no analytical conditions; hot-default assumption 250 C",0.01,stand-in: pyrene (item 52 Table 1),553.8,0.58,2.27,2.85,52.64,52.564,"probe 2a DFT bath (B3LYP/6-31G* dry run), 5 modes < 700"
4105,gas,NIST WebBook MSDC-IR (gas),C71432_0.jdx,benzene,C6H6,0,6,,523.15,8.0,1234.22,0.01421751,"absorbance (peak, record units)",12.5,1294.73,51.952,8.0,10.18434/T4D303,gas only,CH-ip-bend (8.6 um),"GC-IRD, EPA/Sadtler (Digilab): SRD 35 guide gives no analytical conditions; hot-default assumption 250 C",0.01,stand-in: pyrene (item 52 Table 1),553.8,0.58,2.27,2.85,52.64,52.564,"probe 2a DFT bath (B3LYP/6-31G* dry run), 5 modes < 700"
4106,gas,NIST WebBook MSDC-IR (gas),C71432_0.jdx,benzene,C6H6,0,6,,523.15,8.0,1377.47,0.029033652,"absorbance (peak, record units)",25.4,51.33,1.009,8.0,10.18434/T4D303,gas only,CC-stretch/CH-ip (7.7 um),"GC-IRD, EPA/Sadtler (Digilab): SRD 35 guide gives no analytical conditions; hot-default assumption 250 C",0.044,floor 0.044 (no measured slope for this family),553.8,2.55,9.99,12.54,14.91,8.063,"probe 2a DFT bath (B3LYP/6-31G* dry run), 5 modes < 700"
4107,gas,NIST WebBook MSDC-IR (gas),C71432_0.jdx,benzene,C6H6,0,6,,523.15,8.0,1482.01,0.31323419399999997,"absorbance (peak, record units)",274.5,45.92,0.084,8.0,10.18434/T4D303,gas only,CC-stretch/CH-ip (7.7 um),"GC-IRD, EPA/Sadtler (Digilab): SRD 35 guide gives no analytical conditions; hot-default assumption 250 C",0.044,floor 0.044 (no measured slope for this family),553.8,2.55,9.99,12.54,14.88,8.0,"probe 2a DFT bath (B3LYP/6-31G* dry run), 5 modes < 700"
4108,gas,NIST WebBook MSDC-IR (gas),C71432_0.jdx,benzene,C6H6,0,6,,523.15,8.0,1497.19,0.251874414,"absorbance (peak, record units)",220.8,50.82,0.115,8.0,10.18434/T4D303,gas only,CC-stretch/CH-ip (7.7 um),"GC-IRD, EPA/Sadtler (Digilab): SRD 35 guide gives no analytical conditions; hot-default assumption 250 C",0.044,floor 0.044 (no measured slope for this family),553.8,2.55,9.99,12.54,14.88,8.001,"probe 2a DFT bath (B3LYP/6-31G* dry run), 5 modes < 700"
4109,gas,NIST WebBook MSDC-IR (gas),C71432_0.jdx,benzene,C6H6,0,6,,523.15,8.0,1621.14,0.016761696,"absorbance (peak, record units)",14.7,747.2,25.431,8.0,10.18434/T4D303,gas only,CC-stretch (6.2 um),"GC-IRD, EPA/Sadtler (Digilab): SRD 35 guide gives no analytical conditions; hot-default assumption 250 C",0.044,floor 0.044 (no measured slope for this family),553.8,2.55,9.99,12.54,29.46,26.66,"probe 2a DFT bath (B3LYP/6-31G* dry run), 5 modes < 700"
4110,gas,NIST WebBook MSDC-IR (gas),C71432_0.jdx,benzene,C6H6,0,6,,523.15,8.0,1653.04,0.019904513999999998,"absorbance (peak, record units)",17.4,694.71,19.912,8.0,10.18434/T4D303,gas only,overtone / combination region,"GC-IRD, EPA/Sadtler (Digilab): SRD 35 guide gives no analytical conditions; hot-default assumption 250 C",0.044,floor 0.044 (no measured slope for this family),553.8,2.55,9.99,12.54,24.86,21.459,"probe 2a DFT bath (B3LYP/6-31G* dry run), 5 modes < 700"
4111,gas,NIST WebBook MSDC-IR (gas),C71432_0.jdx,benzene,C6H6,0,6,,523.15,8.0,1684.9,0.020054172,"absorbance (peak, record units)",17.6,694.38,19.753,8.0,10.18434/T4D303,gas only,overtone / combination region,"GC-IRD, EPA/Sadtler (Digilab): SRD 35 guide gives no analytical conditions; hot-default assumption 250 C",0.044,floor 0.044 (no measured slope for this family),553.8,2.55,9.99,12.54,24.73,21.312,"probe 2a DFT bath (B3LYP/6-31G* dry run), 5 modes < 700"
4112,gas,NIST WebBook MSDC-IR (gas),C71432_0.jdx,benzene,C6H6,0,6,,523.15,8.0,1698.88,0.018407934,"absorbance (peak, record units)",16.1,698.07,21.634,8.0,10.18434/T4D303,gas only,overtone / combination region,"GC-IRD, EPA/Sadtler (Digilab): SRD 35 guide gives no analytical conditions; hot-default assumption 250 C",0.044,floor 0.044 (no measured slope for this family),553.8,2.55,9.99,12.54,26.26,23.066,"probe 2a DFT bath (B3LYP/6-31G* dry run), 5 modes < 700"
4113,gas,NIST WebBook MSDC-IR (gas),C71432_0.jdx,benzene,C6H6,0,6,,523.15,8.0,1717.46,0.018557591999999998,"absorbance (peak, record units)",16.3,697.73,21.45,8.0,10.18434/T4D303,gas only,overtone / combination region,"GC-IRD, EPA/Sadtler (Digilab): SRD 35 guide gives no analytical conditions; hot-default assumption 250 C",0.044,floor 0.044 (no measured slope for this family),553.8,2.55,9.99,12.54,26.1,22.893,"probe 2a DFT bath (B3LYP/6-31G* dry run), 5 modes < 700"
4114,gas,NIST WebBook MSDC-IR (gas),C71432_0.jdx,benzene,C6H6,0,6,,523.15,8.0,1802.15,0.14007988799999999,"absorbance (peak, record units)",122.8,42.5,0.173,8.0,10.18434/T4D303,gas only,overtone / combination region,"GC-IRD, EPA/Sadtler (Digilab): SRD 35 guide gives no analytical conditions; hot-default assumption 250 C",0.044,floor 0.044 (no measured slope for this family),553.8,2.55,9.99,12.54,14.88,8.002,"probe 2a DFT bath (B3LYP/6-31G* dry run), 5 modes < 700"
4115,gas,NIST WebBook MSDC-IR (gas),C71432_0.jdx,benzene,C6H6,0,6,,523.15,8.0,1947.76,0.09473351399999999,"absorbance (peak, record units)",83.0,42.88,0.258,8.0,10.18434/T4D303,gas only,overtone / combination region,"GC-IRD, EPA/Sadtler (Digilab): SRD 35 guide gives no analytical conditions; hot-default assumption 250 C",0.044,floor 0.044 (no measured slope for this family),553.8,2.55,9.99,12.54,14.88,8.004,"probe 2a DFT bath (B3LYP/6-31G* dry run), 5 modes < 700"
4116,gas,NIST WebBook MSDC-IR (gas),C71432_0.jdx,benzene,C6H6,0,6,,523.15,8.0,2209.14,0.016761696,"absorbance (peak, record units)",14.7,43.64,1.485,8.0,10.18434/T4D303,gas only,overtone / combination region,"GC-IRD, EPA/Sadtler (Digilab): SRD 35 guide gives no analytical conditions; hot-default assumption 250 C",0.044,floor 0.044 (no measured slope for this family),553.8,2.55,9.99,12.54,14.95,8.137,"probe 2a DFT bath (B3LYP/6-31G* dry run), 5 modes < 700"
4117,gas,NIST WebBook MSDC-IR (gas),C71432_0.jdx,benzene,C6H6,0,6,,523.15,8.0,2318.17,0.027836388,"absorbance (peak, record units)",24.4,41.15,0.843,8.0,10.18434/T4D303,gas only,overtone / combination region,"GC-IRD, EPA/Sadtler (Digilab): SRD 35 guide gives no analytical conditions; hot-default assumption 250 C",0.044,floor 0.044 (no measured slope for this family),553.8,2.55,9.99,12.54,14.9,8.044,"probe 2a DFT bath (B3LYP/6-31G* dry run), 5 modes < 700"
4118,gas,NIST WebBook MSDC-IR (gas),C71432_0.jdx,benzene,C6H6,0,6,,523.15,8.0,2354.83,0.020054172,"absorbance (peak, record units)",17.6,65.11,1.852,8.0,10.18434/T4D303,gas only,overtone / combination region,"GC-IRD, EPA/Sadtler (Digilab): SRD 35 guide gives no analytical conditions; hot-default assumption 250 C",0.044,floor 0.044 (no measured slope for this family),553.8,2.55,9.99,12.54,14.99,8.212,"probe 2a DFT bath (B3LYP/6-31G* dry run), 5 modes < 700"
4119,gas,NIST WebBook MSDC-IR (gas),C71432_0.jdx,benzene,C6H6,0,6,,523.15,8.0,2607.33,0.01197264,"absorbance (peak, record units)",10.5,58.76,2.8,8.0,10.18434/T4D303,gas only,overtone / combination region,"GC-IRD, EPA/Sadtler (Digilab): SRD 35 guide gives no analytical conditions; hot-default assumption 250 C",0.044,floor 0.044 (no measured slope for this family),553.8,2.55,9.99,12.54,15.14,8.476,"probe 2a DFT bath (B3LYP/6-31G* dry run), 5 modes < 700"
4120,gas,NIST WebBook MSDC-IR (gas),C71432_0.jdx,benzene,C6H6,0,6,,523.15,8.0,2896.91,0.030230916,"absorbance (peak, record units)",26.5,43.25,0.816,8.0,10.18434/T4D303,gas only,overtone / combination region,"GC-IRD, EPA/Sadtler (Digilab): SRD 35 guide gives no analytical conditions; hot-default assumption 250 C",0.044,floor 0.044 (no measured slope for this family),553.8,2.55,9.99,12.54,14.9,8.042,"probe 2a DFT bath (B3LYP/6-31G* dry run), 5 modes < 700"
4121,gas,NIST WebBook MSDC-IR (gas),C71432_0.jdx,benzene,C6H6,0,6,,523.15,8.0,3047.28,0.737215308,"absorbance (peak, record units)",646.1,90.88,0.07,8.0,10.18434/T4D303,gas only,CH-stretch,"GC-IRD, EPA/Sadtler (Digilab): SRD 35 guide gives no analytical conditions; hot-default assumption 250 C",0.0284,stand-in: pyrene (item 52 Table 1),553.8,1.64,6.45,8.1,11.38,8.0,"probe 2a DFT bath (B3LYP/6-31G* dry run), 5 modes < 700"
4122,gas,NIST WebBook MSDC-IR (gas),C71432_0.jdx,benzene,C6H6,0,6,,523.15,8.0,3058.25,0.786752106,"absorbance (peak, record units)",689.5,89.41,0.065,8.0,10.18434/T4D303,gas only,CH-stretch,"GC-IRD, EPA/Sadtler (Digilab): SRD 35 guide gives no analytical conditions; hot-default assumption 250 C",0.0284,stand-in: pyrene (item 52 Table 1),553.8,1.64,6.45,8.1,11.38,8.0,"probe 2a DFT bath (B3LYP/6-31G* dry run), 5 modes < 700"
4123,gas,NIST WebBook MSDC-IR (gas),C71432_0.jdx,benzene,C6H6,0,6,,523.15,8.0,3085.39,0.672114078,"absorbance (peak, record units)",589.1,92.81,0.079,8.0,10.18434/T4D303,gas only,CH-stretch,"GC-IRD, EPA/Sadtler (Digilab): SRD 35 guide gives no analytical conditions; hot-default assumption 250 C",0.0284,stand-in: pyrene (item 52 Table 1),553.8,1.64,6.45,8.1,11.38,8.0,"probe 2a DFT bath (B3LYP/6-31G* dry run), 5 modes < 700"
4124,gas,NIST WebBook MSDC-IR (gas),C71432_0.jdx,benzene,C6H6,0,6,,523.15,8.0,3108.42,0.47187167399999996,"absorbance (peak, record units)",413.6,99.04,0.12,8.0,10.18434/T4D303,gas only,CH-stretch,"GC-IRD, EPA/Sadtler (Digilab): SRD 35 guide gives no analytical conditions; hot-default assumption 250 C",0.0284,stand-in: pyrene (item 52 Table 1),553.8,1.64,6.45,8.1,11.38,8.001,"probe 2a DFT bath (B3LYP/6-31G* dry run), 5 modes < 700"
4125,gas,NIST WebBook MSDC-IR (gas),C71432_0.jdx,benzene,C6H6,0,6,,523.15,8.0,3647.65,0.014367168,"absorbance (peak, record units)",12.6,88.03,3.495,8.0,10.18434/T4D303,gas only,above 3200,"GC-IRD, EPA/Sadtler (Digilab): SRD 35 guide gives no analytical conditions; hot-default assumption 250 C",0.044,floor 0.044 (no measured slope for this family),553.8,2.55,9.99,12.54,15.28,8.73,"probe 2a DFT bath (B3LYP/6-31G* dry run), 5 modes < 700"
4126,gas,NIST WebBook MSDC-IR (gas),C71432_0.jdx,benzene,C6H6,0,6,,523.15,8.0,3708.97,0.0149658,"absorbance (peak, record units)",13.1,86.94,3.314,8.0,10.18434/T4D303,gas only,above 3200,"GC-IRD, EPA/Sadtler (Digilab): SRD 35 guide gives no analytical conditions; hot-default assumption 250 C",0.044,floor 0.044 (no measured slope for this family),553.8,2.55,9.99,12.54,15.24,8.659,"probe 2a DFT bath (B3LYP/6-31G* dry run), 5 modes < 700"
4127,gas,NIST WebBook COBLENTZ (VAPOR (1.0 MICROLITER AT),C91203_1.jdx,naphthalene,C10H8,0,10,330,518.15,4.0,716.38,0.027334407733889104,"absorbance (peak, record units)",63.0,12.39,0.098,4.0,10.18434/T4D303,secondary,CH-oop (10.5-15 um; benzene nu11 at 673 included),stated 245 C (record header),0.0169,stand-in: pyrene (item 52 Table 1),440.8,1.42,3.75,5.18,6.54,4.001,"PAHdb theoretical 4.00 uid 330, 10 unscaled modes < 700"
4128,gas,NIST WebBook COBLENTZ (VAPOR (1.0 MICROLITER AT),C91203_1.jdx,naphthalene,C10H8,0,10,330,518.15,4.0,724.03,0.0061230850587887945,"absorbance (peak, record units)",14.1,5.1,0.181,4.0,10.18434/T4D303,secondary,CH-oop (10.5-15 um; benzene nu11 at 673 included),stated 245 C (record header),0.0169,stand-in: pyrene (item 52 Table 1),440.8,1.42,3.75,5.18,6.55,4.004,"PAHdb theoretical 4.00 uid 330, 10 unscaled modes < 700"
4129,gas,NIST WebBook COBLENTZ (VAPOR (1.0 MICROLITER AT),C91203_1.jdx,naphthalene,C10H8,0,10,330,518.15,4.0,780.44,0.8827287043442357,"absorbance (peak, record units)",2034.1,12.62,0.003,4.0,10.18434/T4D303,secondary,CH-oop (10.5-15 um; benzene nu11 at 673 included),stated 245 C (record header),0.0169,stand-in: pyrene (item 52 Table 1),440.8,1.42,3.75,5.18,6.54,4.0,"PAHdb theoretical 4.00 uid 330, 10 unscaled modes < 700"
4130,gas,NIST WebBook COBLENTZ (VAPOR (1.0 MICROLITER AT),C91203_1.jdx,naphthalene,C10H8,0,10,330,518.15,4.0,824.92,0.0236500209967266,"absorbance (peak, record units)",54.5,103.72,0.952,4.0,10.18434/T4D303,secondary,CH-oop (10.5-15 um; benzene nu11 at 673 included),stated 245 C (record header),0.0169,stand-in: pyrene (item 52 Table 1),440.8,1.42,3.75,5.18,6.61,4.112,"PAHdb theoretical 4.00 uid 330, 10 unscaled modes < 700"
4131,gas,NIST WebBook COBLENTZ (VAPOR (1.0 MICROLITER AT),C91203_1.jdx,naphthalene,C10H8,0,10,330,518.15,4.0,887.08,0.006563769502388274,"absorbance (peak, record units)",15.1,20.98,0.693,4.0,10.18434/T4D303,secondary,CH-oop (10.5-15 um; benzene nu11 at 673 included),stated 245 C (record header),0.0169,stand-in: pyrene (item 52 Table 1),440.8,1.42,3.75,5.18,6.58,4.06,"PAHdb theoretical 4.00 uid 330, 10 unscaled modes < 700"
4132,gas,NIST WebBook COBLENTZ (VAPOR (1.0 MICROLITER AT),C91203_1.jdx,naphthalene,C10H8,0,10,330,518.15,4.0,956.19,0.031050319018657353,"absorbance (peak, record units)",71.6,22.48,0.157,4.0,10.18434/T4D303,secondary,ring / CH-ip (9-10.5 um),stated 245 C (record header),0.044,floor 0.044 (no measured slope for this family),440.8,3.71,9.77,13.48,14.07,4.003,"PAHdb theoretical 4.00 uid 330, 10 unscaled modes < 700"
4133,gas,NIST WebBook COBLENTZ (VAPOR (1.0 MICROLITER AT),C91203_1.jdx,naphthalene,C10H8,0,10,330,518.15,4.0,1015.17,0.047691990337874794,"absorbance (peak, record units)",109.9,22.56,0.103,4.0,10.18434/T4D303,secondary,ring / CH-ip (9-10.5 um),stated 245 C (record header),0.044,floor 0.044 (no measured slope for this family),440.8,3.71,9.77,13.48,14.07,4.001,"PAHdb theoretical 4.00 uid 330, 10 unscaled modes < 700"
4134,gas,NIST WebBook COBLENTZ (VAPOR (1.0 MICROLITER AT),C91203_1.jdx,naphthalene,C10H8,0,10,330,518.15,4.0,1134.93,0.0236500209967266,"absorbance (peak, record units)",54.5,30.64,0.281,4.0,10.18434/T4D303,secondary,CH-ip-bend (8.6 um),stated 245 C (record header),0.01,stand-in: pyrene (item 52 Table 1),440.8,0.84,2.22,3.06,5.05,4.01,"PAHdb theoretical 4.00 uid 330, 10 unscaled modes < 700"
4135,gas,NIST WebBook COBLENTZ (VAPOR (1.0 MICROLITER AT),C91203_1.jdx,naphthalene,C10H8,0,10,330,518.15,4.0,1266.59,0.031050319018657353,"absorbance (peak, record units)",71.6,27.75,0.194,4.0,10.18434/T4D303,secondary,CC-stretch/CH-ip (7.7 um),stated 245 C (record header),0.044,floor 0.044 (no measured slope for this family),440.8,3.71,9.77,13.48,14.07,4.005,"PAHdb theoretical 4.00 uid 330, 10 unscaled modes < 700"
4136,gas,NIST WebBook COBLENTZ (VAPOR (1.0 MICROLITER AT),C91203_1.jdx,naphthalene,C10H8,0,10,330,518.15,4.0,1277.91,0.03151705144606486,"absorbance (peak, record units)",72.6,27.6,0.19,4.0,10.18434/T4D303,secondary,CC-stretch/CH-ip (7.7 um),stated 245 C (record header),0.044,floor 0.044 (no measured slope for this family),440.8,3.71,9.77,13.48,14.07,4.005,"PAHdb theoretical 4.00 uid 330, 10 unscaled modes < 700"
4137,gas,NIST WebBook COBLENTZ (VAPOR (1.0 MICROLITER AT),C91203_1.jdx,naphthalene,C10H8,0,10,330,518.15,4.0,1388.14,0.020451625295904902,"absorbance (peak, record units)",47.1,25.35,0.269,4.0,10.18434/T4D303,secondary,CC-stretch/CH-ip (7.7 um),stated 245 C (record header),0.044,floor 0.044 (no measured slope for this family),440.8,3.71,9.77,13.48,14.07,4.009,"PAHdb theoretical 4.00 uid 330, 10 unscaled modes < 700"
4138,gas,NIST WebBook COBLENTZ (VAPOR (1.0 MICROLITER AT),C91203_1.jdx,naphthalene,C10H8,0,10,330,518.15,4.0,1399.46,0.01908806222315645,"absorbance (peak, record units)",44.0,26.54,0.302,4.0,10.18434/T4D303,secondary,CC-stretch/CH-ip (7.7 um),stated 245 C (record header),0.044,floor 0.044 (no measured slope for this family),440.8,3.71,9.77,13.48,14.07,4.011,"PAHdb theoretical 4.00 uid 330, 10 unscaled modes < 700"
4139,gas,NIST WebBook COBLENTZ (VAPOR (1.0 MICROLITER AT),C91203_1.jdx,naphthalene,C10H8,0,10,330,518.15,4.0,1513.21,0.05403929642243141,"absorbance (peak, record units)",124.5,27.69,0.111,4.0,10.18434/T4D303,secondary,CC-stretch (6.2 um),stated 245 C (record header),0.044,floor 0.044 (no measured slope for this family),440.8,3.71,9.77,13.48,14.07,4.002,"PAHdb theoretical 4.00 uid 330, 10 unscaled modes < 700"
4140,gas,NIST WebBook COBLENTZ (VAPOR (1.0 MICROLITER AT),C91203_1.jdx,naphthalene,C10H8,0,10,330,518.15,4.0,1521.0,0.04817696468408802,"absorbance (peak, record units)",111.0,29.39,0.132,4.0,10.18434/T4D303,secondary,CC-stretch (6.2 um),stated 245 C (record header),0.044,floor 0.044 (no measured slope for this family),440.8,3.71,9.77,13.48,14.07,4.002,"PAHdb theoretical 4.00 uid 330, 10 unscaled modes < 700"
4141,gas,NIST WebBook COBLENTZ (VAPOR (1.0 MICROLITER AT),C91203_1.jdx,naphthalene,C10H8,0,10,330,518.15,4.0,1544.83,0.01592296609716924,"absorbance (peak, record units)",36.7,67.82,0.924,4.0,10.18434/T4D303,secondary,CC-stretch (6.2 um),stated 245 C (record header),0.044,floor 0.044 (no measured slope for this family),440.8,3.71,9.77,13.48,14.1,4.105,"PAHdb theoretical 4.00 uid 330, 10 unscaled modes < 700"
4142,gas,NIST WebBook COBLENTZ (VAPOR (1.0 MICROLITER AT),C91203_1.jdx,naphthalene,C10H8,0,10,330,518.15,4.0,1597.85,0.0163737128754655,"absorbance (peak, record units)",37.7,24.44,0.324,4.0,10.18434/T4D303,secondary,CC-stretch (6.2 um),stated 245 C (record header),0.044,floor 0.044 (no measured slope for this family),440.8,3.71,9.77,13.48,14.07,4.013,"PAHdb theoretical 4.00 uid 330, 10 unscaled modes < 700"
4143,gas,NIST WebBook COBLENTZ (VAPOR (1.0 MICROLITER AT),C91203_1.jdx,naphthalene,C10H8,0,10,330,518.15,4.0,1638.76,0.004364805402450088,"absorbance (peak, record units)",10.1,4.02,0.2,4.0,10.18434/T4D303,secondary,CC-stretch (6.2 um),stated 245 C (record header),0.044,floor 0.044 (no measured slope for this family),440.8,3.71,9.77,13.48,14.07,4.005,"PAHdb theoretical 4.00 uid 330, 10 unscaled modes < 700"
4144,gas,NIST WebBook COBLENTZ (VAPOR (1.0 MICROLITER AT),C91203_1.jdx,naphthalene,C10H8,0,10,330,518.15,4.0,1649.26,0.008330992620051497,"absorbance (peak, record units)",19.2,36.11,0.941,4.0,10.18434/T4D303,secondary,CC-stretch (6.2 um),stated 245 C (record header),0.044,floor 0.044 (no measured slope for this family),440.8,3.71,9.77,13.48,14.1,4.109,"PAHdb theoretical 4.00 uid 330, 10 unscaled modes < 700"
4145,gas,NIST WebBook COBLENTZ (VAPOR (1.0 MICROLITER AT),C91203_1.jdx,naphthalene,C10H8,0,10,330,518.15,4.0,1658.23,0.0118871597316481,"absorbance (peak, record units)",27.4,30.17,0.551,4.0,10.18434/T4D303,secondary,overtone / combination region,stated 245 C (record header),0.044,floor 0.044 (no measured slope for this family),440.8,3.71,9.77,13.48,14.08,4.038,"PAHdb theoretical 4.00 uid 330, 10 unscaled modes < 700"
4146,gas,NIST WebBook COBLENTZ (VAPOR (1.0 MICROLITER AT),C91203_1.jdx,naphthalene,C10H8,0,10,330,518.15,4.0,1666.37,0.019542107723899943,"absorbance (peak, record units)",45.0,13.33,0.148,4.0,10.18434/T4D303,secondary,overtone / combination region,stated 245 C (record header),0.044,floor 0.044 (no measured slope for this family),440.8,3.71,9.77,13.48,14.07,4.003,"PAHdb theoretical 4.00 uid 330, 10 unscaled modes < 700"
4147,gas,NIST WebBook COBLENTZ (VAPOR (1.0 MICROLITER AT),C91203_1.jdx,naphthalene,C10H8,0,10,330,518.15,4.0,1685.48,0.0061230850587887945,"absorbance (peak, record units)",14.1,3.54,0.125,4.0,10.18434/T4D303,secondary,overtone / combination region,stated 245 C (record header),0.044,floor 0.044 (no measured slope for this family),440.8,3.71,9.77,13.48,14.07,4.002,"PAHdb theoretical 4.00 uid 330, 10 unscaled modes < 700"
4148,gas,NIST WebBook COBLENTZ (VAPOR (1.0 MICROLITER AT),C91203_1.jdx,naphthalene,C10H8,0,10,330,518.15,4.0,1697.95,0.0061230850587887945,"absorbance (peak, record units)",14.1,3.57,0.126,4.0,10.18434/T4D303,secondary,overtone / combination region,stated 245 C (record header),0.044,floor 0.044 (no measured slope for this family),440.8,3.71,9.77,13.48,14.07,4.002,"PAHdb theoretical 4.00 uid 330, 10 unscaled modes < 700"
4149,gas,NIST WebBook COBLENTZ (VAPOR (1.0 MICROLITER AT),C91203_1.jdx,naphthalene,C10H8,0,10,330,518.15,4.0,1719.99,0.021363051615525673,"absorbance (peak, record units)",49.2,27.56,0.28,4.0,10.18434/T4D303,secondary,overtone / combination region,stated 245 C (record header),0.044,floor 0.044 (no measured slope for this family),440.8,3.71,9.77,13.48,14.07,4.01,"PAHdb theoretical 4.00 uid 330, 10 unscaled modes < 700"
4150,gas,NIST WebBook COBLENTZ (VAPOR (1.0 MICROLITER AT),C91203_1.jdx,naphthalene,C10H8,0,10,330,518.15,4.0,1728.63,0.021819483062586086,"absorbance (peak, record units)",50.3,26.8,0.267,4.0,10.18434/T4D303,secondary,overtone / combination region,stated 245 C (record header),0.044,floor 0.044 (no measured slope for this family),440.8,3.71,9.77,13.48,14.07,4.009,"PAHdb theoretical 4.00 uid 330, 10 unscaled modes < 700"
4151,gas,NIST WebBook COBLENTZ (VAPOR (1.0 MICROLITER AT),C91203_1.jdx,naphthalene,C10H8,0,10,330,518.15,4.0,1774.21,0.010550182333308195,"absorbance (peak, record units)",24.3,29.06,0.598,4.0,10.18434/T4D303,secondary,overtone / combination region,stated 245 C (record header),0.044,floor 0.044 (no measured slope for this family),440.8,3.71,9.77,13.48,14.08,4.044,"PAHdb theoretical 4.00 uid 330, 10 unscaled modes < 700"
4152,gas,NIST WebBook COBLENTZ (VAPOR (1.0 MICROLITER AT),C91203_1.jdx,naphthalene,C10H8,0,10,330,518.15,4.0,1803.4,0.014573525916998339,"absorbance (peak, record units)",33.6,60.55,0.902,4.0,10.18434/T4D303,secondary,overtone / combination region,stated 245 C (record header),0.044,floor 0.044 (no measured slope for this family),440.8,3.71,9.77,13.48,14.09,4.1,"PAHdb theoretical 4.00 uid 330, 10 unscaled modes < 700"
4153,gas,NIST WebBook COBLENTZ (VAPOR (1.0 MICROLITER AT),C91203_1.jdx,naphthalene,C10H8,0,10,330,518.15,4.0,1839.15,0.017276612331454656,"absorbance (peak, record units)",39.8,30.34,0.381,4.0,10.18434/T4D303,secondary,overtone / combination region,stated 245 C (record header),0.044,floor 0.044 (no measured slope for this family),440.8,3.71,9.77,13.48,14.07,4.018,"PAHdb theoretical 4.00 uid 330, 10 unscaled modes < 700"
4154,gas,NIST WebBook COBLENTZ (VAPOR (1.0 MICROLITER AT),C91203_1.jdx,naphthalene,C10H8,0,10,330,518.15,4.0,1899.92,0.018634490921455603,"absorbance (peak, record units)",42.9,67.58,0.787,4.0,10.18434/T4D303,secondary,overtone / combination region,stated 245 C (record header),0.044,floor 0.044 (no measured slope for this family),440.8,3.71,9.77,13.48,14.09,4.077,"PAHdb theoretical 4.00 uid 330, 10 unscaled modes < 700"
4155,gas,NIST WebBook COBLENTZ (VAPOR (1.0 MICROLITER AT),C91203_1.jdx,naphthalene,C10H8,0,10,330,518.15,4.0,1939.84,0.030118356253500032,"absorbance (peak, record units)",69.4,28.88,0.208,4.0,10.18434/T4D303,secondary,overtone / combination region,stated 245 C (record header),0.044,floor 0.044 (no measured slope for this family),440.8,3.71,9.77,13.48,14.07,4.005,"PAHdb theoretical 4.00 uid 330, 10 unscaled modes < 700"
4156,gas,NIST WebBook COBLENTZ (VAPOR (1.0 MICROLITER AT),C91203_1.jdx,naphthalene,C10H8,0,10,330,518.15,4.0,2969.95,0.027334407733889104,"absorbance (peak, record units)",63.0,173.68,1.379,4.0,10.18434/T4D303,secondary,CH-stretch,stated 245 C (record header),0.0201,"measured, naphthalene (item 52 Table 1)",440.8,1.69,4.47,6.16,7.47,4.231,"PAHdb theoretical 4.00 uid 330, 10 unscaled modes < 700"
4157,gas,NIST WebBook COBLENTZ (VAPOR (1.0 MICROLITER AT),C91203_1.jdx,naphthalene,C10H8,0,10,330,518.15,4.0,3070.64,0.40230481407448765,"absorbance (peak, record units)",927.0,37.27,0.02,4.0,10.18434/T4D303,secondary,CH-stretch,stated 245 C (record header),0.0201,"measured, naphthalene (item 52 Table 1)",440.8,1.69,4.47,6.16,7.34,4.0,"PAHdb theoretical 4.00 uid 330, 10 unscaled modes < 700"
4158,gas,NIST WebBook COBLENTZ (VAPOR (1.0 MICROLITER AT),C91203_1.jdx,naphthalene,C10H8,0,10,330,518.15,4.0,3629.91,0.006211186181294638,"absorbance (peak, record units)",14.3,1.88,0.066,4.0,10.18434/T4D303,secondary,above 3200,stated 245 C (record header),0.044,floor 0.044 (no measured slope for this family),440.8,3.71,9.77,13.48,14.07,4.001,"PAHdb theoretical 4.00 uid 330, 10 unscaled modes < 700"
4159,gas,NIST WebBook COBLENTZ (VAPOR (1.0 MICROLITER AT),C91203_1.jdx,naphthalene,C10H8,0,10,330,518.15,4.0,3649.1,0.007093181776687479,"absorbance (peak, record units)",16.3,2.02,0.062,4.0,10.18434/T4D303,secondary,above 3200,stated 245 C (record header),0.044,floor 0.044 (no measured slope for this family),440.8,3.71,9.77,13.48,14.07,4.0,"PAHdb theoretical 4.00 uid 330, 10 unscaled modes < 700"
4160,gas,NIST WebBook COBLENTZ (VAPOR (1.0 MICROLITER AT),C91203_1.jdx,naphthalene,C10H8,0,10,330,518.15,4.0,3689.07,0.004803708402820599,"absorbance (peak, record units)",11.1,7.03,0.318,4.0,10.18434/T4D303,secondary,above 3200,stated 245 C (record header),0.044,floor 0.044 (no measured slope for this family),440.8,3.71,9.77,13.48,14.07,4.013,"PAHdb theoretical 4.00 uid 330, 10 unscaled modes < 700"
4161,gas,NIST WebBook COBLENTZ (VAPOR (1.0 MICROLITER AT),C91203_1.jdx,naphthalene,C10H8,0,10,330,518.15,4.0,3701.86,0.00638744206110967,"absorbance (peak, record units)",14.7,2.06,0.07,4.0,10.18434/T4D303,secondary,above 3200,stated 245 C (record header),0.044,floor 0.044 (no measured slope for this family),440.8,3.71,9.77,13.48,14.07,4.001,"PAHdb theoretical 4.00 uid 330, 10 unscaled modes < 700"
4162,gas,NIST WebBook COBLENTZ (VAPOR (1.0 MICROLITER AT),C91203_1.jdx,naphthalene,C10H8,0,10,330,518.15,4.0,3712.9,0.007446482167864384,"absorbance (peak, record units)",17.2,5.23,0.153,4.0,10.18434/T4D303,secondary,above 3200,stated 245 C (record header),0.044,floor 0.044 (no measured slope for this family),440.8,3.71,9.77,13.48,14.07,4.003,"PAHdb theoretical 4.00 uid 330, 10 unscaled modes < 700"
4163,gas,NIST WebBook COBLENTZ (VAPOR (1.0 MICROLITER AT),C91203_1.jdx,naphthalene,C10H8,0,10,330,518.15,4.0,3854.22,0.01313872970995525,"absorbance (peak, record units)",30.3,5.13,0.085,4.0,10.18434/T4D303,secondary,above 3200,stated 245 C (record header),0.044,floor 0.044 (no measured slope for this family),440.8,3.71,9.77,13.48,14.07,4.001,"PAHdb theoretical 4.00 uid 330, 10 unscaled modes < 700"
4164,gas,NIST WebBook COBLENTZ (VAPOR (1.0 MICROLITER AT),C91203_1.jdx,naphthalene,C10H8,0,10,330,518.15,4.0,3864.07,0.008552401996197136,"absorbance (peak, record units)",19.7,5.56,0.141,4.0,10.18434/T4D303,secondary,above 3200,stated 245 C (record header),0.044,floor 0.044 (no measured slope for this family),440.8,3.71,9.77,13.48,14.07,4.002,"PAHdb theoretical 4.00 uid 330, 10 unscaled modes < 700"
4165,gas,NIST WebBook COBLENTZ (VAPOR (1.0 MICROLITER AT),C91203_1.jdx,naphthalene,C10H8,0,10,330,518.15,4.0,3880.0,0.0069607681930904846,"absorbance (peak, record units)",16.0,3.19,0.099,4.0,10.18434/T4D303,secondary,above 3200,stated 245 C (record header),0.044,floor 0.044 (no measured slope for this family),440.8,3.71,9.77,13.48,14.07,4.001,"PAHdb theoretical 4.00 uid 330, 10 unscaled modes < 700"
4166,gas,"NIST WebBook COBLENTZ (GAS (70 mmHg, N2 ADDED, )",C71432_1.jdx,benzene,C6H6,0,6,,523.15,2.0,517.0,0.06158035420680689,"absorbance (peak, record units)",152.4,3342.0,10.962,2.0,10.18434/T4D303,gas only,low / skeletal,no temperature in record or series: hot-default assumption 250 C (Ladder rule),0.044,floor 0.044 (no measured slope for this family),553.8,2.55,9.99,12.54,16.78,11.143,"probe 2a DFT bath (B3LYP/6-31G* dry run), 5 modes < 700"
4167,gas,"NIST WebBook COBLENTZ (GAS (70 mmHg, N2 ADDED, )",C71432_1.jdx,benzene,C6H6,0,6,,523.15,2.0,609.1,0.05527063969670431,"absorbance (peak, record units)",136.8,3342.0,12.214,2.0,10.18434/T4D303,gas only,low / skeletal,no temperature in record or series: hot-default assumption 250 C (Ladder rule),0.044,floor 0.044 (no measured slope for this family),553.8,2.55,9.99,12.54,17.62,12.377,"probe 2a DFT bath (B3LYP/6-31G* dry run), 5 modes < 700"
4168,gas,"NIST WebBook COBLENTZ (GAS (70 mmHg, N2 ADDED, )",C71432_1.jdx,benzene,C6H6,0,6,,523.15,2.0,660.54,1.2027324591692836,"absorbance (peak, record units)",2977.2,17.6,0.003,2.0,10.18434/T4D303,gas only,CH-oop (10.5-15 um; benzene nu11 at 673 included),no temperature in record or series: hot-default assumption 250 C (Ladder rule),0.0169,stand-in: pyrene (item 52 Table 1),553.8,0.98,3.84,4.82,5.22,2.0,"probe 2a DFT bath (B3LYP/6-31G* dry run), 5 modes < 700"
4169,gas,"NIST WebBook COBLENTZ (GAS (70 mmHg, N2 ADDED, )",C71432_1.jdx,benzene,C6H6,0,6,,523.15,2.0,662.86,1.191114132640188,"absorbance (peak, record units)",2948.4,17.87,0.003,2.0,10.18434/T4D303,gas only,CH-oop (10.5-15 um; benzene nu11 at 673 included),no temperature in record or series: hot-default assumption 250 C (Ladder rule),0.0169,stand-in: pyrene (item 52 Table 1),553.8,0.98,3.84,4.82,5.22,2.0,"probe 2a DFT bath (B3LYP/6-31G* dry run), 5 modes < 700"
4170,gas,"NIST WebBook COBLENTZ (GAS (70 mmHg, N2 ADDED, )",C71432_1.jdx,benzene,C6H6,0,6,,523.15,2.0,672.5,4.0,"absorbance (peak, record units)",9901.3,2.38,0.0,2.0,10.18434/T4D303,gas only,CH-oop (10.5-15 um; benzene nu11 at 673 included),no temperature in record or series: hot-default assumption 250 C (Ladder rule),0.0169,stand-in: pyrene (item 52 Table 1),553.8,0.98,3.84,4.82,5.22,2.0,"probe 2a DFT bath (B3LYP/6-31G* dry run), 5 modes < 700"
4171,gas,"NIST WebBook COBLENTZ (GAS (70 mmHg, N2 ADDED, )",C71432_1.jdx,benzene,C6H6,0,6,,523.15,2.0,687.26,1.4202164033831899,"absorbance (peak, record units)",3515.5,15.74,0.002,2.0,10.18434/T4D303,gas only,CH-oop (10.5-15 um; benzene nu11 at 673 included),no temperature in record or series: hot-default assumption 250 C (Ladder rule),0.0169,stand-in: pyrene (item 52 Table 1),553.8,0.98,3.84,4.82,5.22,2.0,"probe 2a DFT bath (B3LYP/6-31G* dry run), 5 modes < 700"
4172,gas,"NIST WebBook COBLENTZ (GAS (70 mmHg, N2 ADDED, )",C71432_1.jdx,benzene,C6H6,0,6,,523.15,2.0,766.5,0.06971335275448035,"absorbance (peak, record units)",172.6,3342.0,9.683,2.0,10.18434/T4D303,gas only,CH-oop (10.5-15 um; benzene nu11 at 673 included),no temperature in record or series: hot-default assumption 250 C (Ladder rule),0.0169,stand-in: pyrene (item 52 Table 1),553.8,0.98,3.84,4.82,11.0,9.887,"probe 2a DFT bath (B3LYP/6-31G* dry run), 5 modes < 700"
4173,gas,"NIST WebBook COBLENTZ (GAS (70 mmHg, N2 ADDED, )",C71432_1.jdx,benzene,C6H6,0,6,,523.15,2.0,780.87,0.09625905937846137,"absorbance (peak, record units)",238.3,3342.0,7.013,2.0,10.18434/T4D303,gas only,CH-oop (10.5-15 um; benzene nu11 at 673 included),no temperature in record or series: hot-default assumption 250 C (Ladder rule),0.0169,stand-in: pyrene (item 52 Table 1),553.8,0.98,3.84,4.82,8.74,7.293,"probe 2a DFT bath (B3LYP/6-31G* dry run), 5 modes < 700"
4174,gas,"NIST WebBook COBLENTZ (GAS (70 mmHg, N2 ADDED, )",C71432_1.jdx,benzene,C6H6,0,6,,523.15,2.0,1025.15,0.1903056412830761,"absorbance (peak, record units)",471.1,49.42,0.052,2.0,10.18434/T4D303,gas only,ring / CH-ip (9-10.5 um),no temperature in record or series: hot-default assumption 250 C (Ladder rule),0.044,floor 0.044 (no measured slope for this family),553.8,2.55,9.99,12.54,12.7,2.001,"probe 2a DFT bath (B3LYP/6-31G* dry run), 5 modes < 700"
4175,gas,"NIST WebBook COBLENTZ (GAS (70 mmHg, N2 ADDED, )",C71432_1.jdx,benzene,C6H6,0,6,,523.15,2.0,1040.51,0.40197592766581036,"absorbance (peak, record units)",995.0,8.48,0.004,2.0,10.18434/T4D303,gas only,ring / CH-ip (9-10.5 um),no temperature in record or series: hot-default assumption 250 C (Ladder rule),0.044,floor 0.044 (no measured slope for this family),553.8,2.55,9.99,12.54,12.7,2.0,"probe 2a DFT bath (B3LYP/6-31G* dry run), 5 modes < 700"
4176,gas,"NIST WebBook COBLENTZ (GAS (70 mmHg, N2 ADDED, )",C71432_1.jdx,benzene,C6H6,0,6,,523.15,2.0,1053.56,0.18032448000570728,"absorbance (peak, record units)",446.4,50.61,0.057,2.0,10.18434/T4D303,gas only,ring / CH-ip (9-10.5 um),no temperature in record or series: hot-default assumption 250 C (Ladder rule),0.044,floor 0.044 (no measured slope for this family),553.8,2.55,9.99,12.54,12.7,2.001,"probe 2a DFT bath (B3LYP/6-31G* dry run), 5 modes < 700"
4177,gas,"NIST WebBook COBLENTZ (GAS (70 mmHg, N2 ADDED, )",C71432_1.jdx,benzene,C6H6,0,6,,523.15,2.0,1140.83,0.05873709068105023,"absorbance (peak, record units)",145.4,3342.0,11.493,2.0,10.18434/T4D303,gas only,CH-ip-bend (8.6 um),no temperature in record or series: hot-default assumption 250 C (Ladder rule),0.01,stand-in: pyrene (item 52 Table 1),553.8,0.58,2.27,2.85,12.01,11.666,"probe 2a DFT bath (B3LYP/6-31G* dry run), 5 modes < 700"
4178,gas,"NIST WebBook COBLENTZ (GAS (70 mmHg, N2 ADDED, )",C71432_1.jdx,benzene,C6H6,0,6,,523.15,2.0,1181.56,0.06053066915646986,"absorbance (peak, record units)",149.8,3342.0,11.152,2.0,10.18434/T4D303,gas only,CH-ip-bend (8.6 um),no temperature in record or series: hot-default assumption 250 C (Ladder rule),0.01,stand-in: pyrene (item 52 Table 1),553.8,0.58,2.27,2.85,11.68,11.33,"probe 2a DFT bath (B3LYP/6-31G* dry run), 5 modes < 700"
4179,gas,"NIST WebBook COBLENTZ (GAS (70 mmHg, N2 ADDED, )",C71432_1.jdx,benzene,C6H6,0,6,,523.15,2.0,1255.75,0.06793230779927842,"absorbance (peak, record units)",168.2,3342.0,9.937,2.0,10.18434/T4D303,gas only,CC-stretch/CH-ip (7.7 um),no temperature in record or series: hot-default assumption 250 C (Ladder rule),0.044,floor 0.044 (no measured slope for this family),553.8,2.55,9.99,12.54,16.13,10.136,"probe 2a DFT bath (B3LYP/6-31G* dry run), 5 modes < 700"
4180,gas,"NIST WebBook COBLENTZ (GAS (70 mmHg, N2 ADDED, )",C71432_1.jdx,benzene,C6H6,0,6,,523.15,2.0,1345.83,0.0679830935657987,"absorbance (peak, record units)",168.3,3342.0,9.93,2.0,10.18434/T4D303,gas only,CC-stretch/CH-ip (7.7 um),no temperature in record or series: hot-default assumption 250 C (Ladder rule),0.044,floor 0.044 (no measured slope for this family),553.8,2.55,9.99,12.54,16.12,10.129,"probe 2a DFT bath (B3LYP/6-31G* dry run), 5 modes < 700"
4181,gas,"NIST WebBook COBLENTZ (GAS (70 mmHg, N2 ADDED, )",C71432_1.jdx,benzene,C6H6,0,6,,523.15,2.0,1384.5,0.09355720618296762,"absorbance (peak, record units)",231.6,3342.0,7.216,2.0,10.18434/T4D303,gas only,CC-stretch/CH-ip (7.7 um),no temperature in record or series: hot-default assumption 250 C (Ladder rule),0.044,floor 0.044 (no measured slope for this family),553.8,2.55,9.99,12.54,14.61,7.488,"probe 2a DFT bath (B3LYP/6-31G* dry run), 5 modes < 700"
4182,gas,"NIST WebBook COBLENTZ (GAS (70 mmHg, N2 ADDED, )",C71432_1.jdx,benzene,C6H6,0,6,,523.15,2.0,1386.63,0.09355720618296762,"absorbance (peak, record units)",231.6,3342.0,7.216,2.0,10.18434/T4D303,gas only,CC-stretch/CH-ip (7.7 um),no temperature in record or series: hot-default assumption 250 C (Ladder rule),0.044,floor 0.044 (no measured slope for this family),553.8,2.55,9.99,12.54,14.61,7.488,"probe 2a DFT bath (B3LYP/6-31G* dry run), 5 modes < 700"
4183,gas,"NIST WebBook COBLENTZ (GAS (70 mmHg, N2 ADDED, )",C71432_1.jdx,benzene,C6H6,0,6,,523.15,2.0,1474.79,0.34707711243205813,"absorbance (peak, record units)",859.1,42.02,0.024,2.0,10.18434/T4D303,gas only,CC-stretch/CH-ip (7.7 um),no temperature in record or series: hot-default assumption 250 C (Ladder rule),0.044,floor 0.044 (no measured slope for this family),553.8,2.55,9.99,12.54,12.7,2.0,"probe 2a DFT bath (B3LYP/6-31G* dry run), 5 modes < 700"
4184,gas,"NIST WebBook COBLENTZ (GAS (70 mmHg, N2 ADDED, )",C71432_1.jdx,benzene,C6H6,0,6,,523.15,2.0,1487.57,0.490663041982356,"absorbance (peak, record units)",1214.6,35.16,0.014,2.0,10.18434/T4D303,gas only,CC-stretch/CH-ip (7.7 um),no temperature in record or series: hot-default assumption 250 C (Ladder rule),0.044,floor 0.044 (no measured slope for this family),553.8,2.55,9.99,12.54,12.7,2.0,"probe 2a DFT bath (B3LYP/6-31G* dry run), 5 modes < 700"
4185,gas,"NIST WebBook COBLENTZ (GAS (70 mmHg, N2 ADDED, )",C71432_1.jdx,benzene,C6H6,0,6,,523.15,2.0,1500.51,0.3379981206100829,"absorbance (peak, record units)",836.7,42.48,0.025,2.0,10.18434/T4D303,gas only,CC-stretch (6.2 um),no temperature in record or series: hot-default assumption 250 C (Ladder rule),0.044,floor 0.044 (no measured slope for this family),553.8,2.55,9.99,12.54,12.7,2.0,"probe 2a DFT bath (B3LYP/6-31G* dry run), 5 modes < 700"
4186,gas,"NIST WebBook COBLENTZ (GAS (70 mmHg, N2 ADDED, )",C71432_1.jdx,benzene,C6H6,0,6,,523.15,2.0,1530.72,0.12285911021517902,"absorbance (peak, record units)",304.1,1114.06,1.832,2.0,10.18434/T4D303,gas only,CC-stretch (6.2 um),no temperature in record or series: hot-default assumption 250 C (Ladder rule),0.044,floor 0.044 (no measured slope for this family),553.8,2.55,9.99,12.54,12.83,2.712,"probe 2a DFT bath (B3LYP/6-31G* dry run), 5 modes < 700"
4187,gas,"NIST WebBook COBLENTZ (GAS (70 mmHg, N2 ADDED, )",C71432_1.jdx,benzene,C6H6,0,6,,523.15,2.0,1624.24,0.07340034609297251,"absorbance (peak, record units)",181.7,3342.0,9.197,2.0,10.18434/T4D303,gas only,CC-stretch (6.2 um),no temperature in record or series: hot-default assumption 250 C (Ladder rule),0.044,floor 0.044 (no measured slope for this family),553.8,2.55,9.99,12.54,15.68,9.412,"probe 2a DFT bath (B3LYP/6-31G* dry run), 5 modes < 700"
4188,gas,"NIST WebBook COBLENTZ (GAS (70 mmHg, N2 ADDED, )",C71432_1.jdx,benzene,C6H6,0,6,,523.15,2.0,1668.83,0.071552936790818,"absorbance (peak, record units)",177.1,3342.0,9.434,2.0,10.18434/T4D303,gas only,overtone / combination region,no temperature in record or series: hot-default assumption 250 C (Ladder rule),0.044,floor 0.044 (no measured slope for this family),553.8,2.55,9.99,12.54,15.82,9.644,"probe 2a DFT bath (B3LYP/6-31G* dry run), 5 modes < 700"
4189,gas,"NIST WebBook COBLENTZ (GAS (70 mmHg, N2 ADDED, )",C71432_1.jdx,benzene,C6H6,0,6,,523.15,2.0,1713.5,0.06641148980334695,"absorbance (peak, record units)",164.4,3342.0,10.165,2.0,10.18434/T4D303,gas only,overtone / combination region,no temperature in record or series: hot-default assumption 250 C (Ladder rule),0.044,floor 0.044 (no measured slope for this family),553.8,2.55,9.99,12.54,16.27,10.36,"probe 2a DFT bath (B3LYP/6-31G* dry run), 5 modes < 700"
4190,gas,"NIST WebBook COBLENTZ (GAS (70 mmHg, N2 ADDED, )",C71432_1.jdx,benzene,C6H6,0,6,,523.15,2.0,1754.45,0.07935499859321243,"absorbance (peak, record units)",196.4,3342.0,8.507,2.0,10.18434/T4D303,gas only,overtone / combination region,no temperature in record or series: hot-default assumption 250 C (Ladder rule),0.044,floor 0.044 (no measured slope for this family),553.8,2.55,9.99,12.54,15.29,8.739,"probe 2a DFT bath (B3LYP/6-31G* dry run), 5 modes < 700"
4191,gas,"NIST WebBook COBLENTZ (GAS (70 mmHg, N2 ADDED, )",C71432_1.jdx,benzene,C6H6,0,6,,523.15,2.0,1803.12,0.2038421230930856,"absorbance (peak, record units)",504.6,40.49,0.04,2.0,10.18434/T4D303,gas only,overtone / combination region,no temperature in record or series: hot-default assumption 250 C (Ladder rule),0.044,floor 0.044 (no measured slope for this family),553.8,2.55,9.99,12.54,12.7,2.0,"probe 2a DFT bath (B3LYP/6-31G* dry run), 5 modes < 700"
4192,gas,"NIST WebBook COBLENTZ (GAS (70 mmHg, N2 ADDED, )",C71432_1.jdx,benzene,C6H6,0,6,,523.15,2.0,1820.54,0.20453710560962013,"absorbance (peak, record units)",506.3,40.4,0.04,2.0,10.18434/T4D303,gas only,overtone / combination region,no temperature in record or series: hot-default assumption 250 C (Ladder rule),0.044,floor 0.044 (no measured slope for this family),553.8,2.55,9.99,12.54,12.7,2.0,"probe 2a DFT bath (B3LYP/6-31G* dry run), 5 modes < 700"
4193,gas,"NIST WebBook COBLENTZ (GAS (70 mmHg, N2 ADDED, )",C71432_1.jdx,benzene,C6H6,0,6,,523.15,2.0,1874.0,0.07078549626260615,"absorbance (peak, record units)",175.2,3342.0,9.537,2.0,10.18434/T4D303,gas only,overtone / combination region,no temperature in record or series: hot-default assumption 250 C (Ladder rule),0.044,floor 0.044 (no measured slope for this family),553.8,2.55,9.99,12.54,15.88,9.744,"probe 2a DFT bath (B3LYP/6-31G* dry run), 5 modes < 700"
4194,gas,"NIST WebBook COBLENTZ (GAS (70 mmHg, N2 ADDED, )",C71432_1.jdx,benzene,C6H6,0,6,,523.15,2.0,1948.92,0.15983115075924406,"absorbance (peak, record units)",395.6,45.17,0.057,2.0,10.18434/T4D303,gas only,overtone / combination region,no temperature in record or series: hot-default assumption 250 C (Ladder rule),0.044,floor 0.044 (no measured slope for this family),553.8,2.55,9.99,12.54,12.7,2.001,"probe 2a DFT bath (B3LYP/6-31G* dry run), 5 modes < 700"
4195,gas,"NIST WebBook COBLENTZ (GAS (70 mmHg, N2 ADDED, )",C71432_1.jdx,benzene,C6H6,0,6,,523.15,2.0,1964.82,0.15970566838856376,"absorbance (peak, record units)",395.3,45.22,0.057,2.0,10.18434/T4D303,gas only,overtone / combination region,no temperature in record or series: hot-default assumption 250 C (Ladder rule),0.044,floor 0.044 (no measured slope for this family),553.8,2.55,9.99,12.54,12.7,2.001,"probe 2a DFT bath (B3LYP/6-31G* dry run), 5 modes < 700"
4196,gas,"NIST WebBook COBLENTZ (GAS (70 mmHg, N2 ADDED, )",C71432_1.jdx,benzene,C6H6,0,6,,523.15,2.0,2006.0,0.07037674848475964,"absorbance (peak, record units)",174.2,3342.0,9.592,2.0,10.18434/T4D303,gas only,overtone / combination region,no temperature in record or series: hot-default assumption 250 C (Ladder rule),0.044,floor 0.044 (no measured slope for this family),553.8,2.55,9.99,12.54,15.92,9.798,"probe 2a DFT bath (B3LYP/6-31G* dry run), 5 modes < 700"
4197,gas,"NIST WebBook COBLENTZ (GAS (70 mmHg, N2 ADDED, )",C71432_1.jdx,benzene,C6H6,0,6,,523.15,2.0,2217.86,0.0753072969798142,"absorbance (peak, record units)",186.4,3342.0,8.964,2.0,10.18434/T4D303,gas only,overtone / combination region,no temperature in record or series: hot-default assumption 250 C (Ladder rule),0.044,floor 0.044 (no measured slope for this family),553.8,2.55,9.99,12.54,15.55,9.184,"probe 2a DFT bath (B3LYP/6-31G* dry run), 5 modes < 700"
4198,gas,"NIST WebBook COBLENTZ (GAS (70 mmHg, N2 ADDED, )",C71432_1.jdx,benzene,C6H6,0,6,,523.15,2.0,2319.0,0.07329750581735504,"absorbance (peak, record units)",181.4,3342.0,9.21,2.0,10.18434/T4D303,gas only,overtone / combination region,no temperature in record or series: hot-default assumption 250 C (Ladder rule),0.044,floor 0.044 (no measured slope for this family),553.8,2.55,9.99,12.54,15.69,9.425,"probe 2a DFT bath (B3LYP/6-31G* dry run), 5 modes < 700"
4199,gas,"NIST WebBook COBLENTZ (GAS (70 mmHg, N2 ADDED, )",C71432_1.jdx,benzene,C6H6,0,6,,523.15,2.0,2386.25,0.06803388527182737,"absorbance (peak, record units)",168.4,3342.0,9.922,2.0,10.18434/T4D303,gas only,overtone / combination region,no temperature in record or series: hot-default assumption 250 C (Ladder rule),0.044,floor 0.044 (no measured slope for this family),553.8,2.55,9.99,12.54,16.12,10.122,"probe 2a DFT bath (B3LYP/6-31G* dry run), 5 modes < 700"
4200,gas,"NIST WebBook COBLENTZ (GAS (70 mmHg, N2 ADDED, )",C71432_1.jdx,benzene,C6H6,0,6,,523.15,2.0,2610.25,0.06950943469373042,"absorbance (peak, record units)",172.1,3342.0,9.712,2.0,10.18434/T4D303,gas only,overtone / combination region,no temperature in record or series: hot-default assumption 250 C (Ladder rule),0.044,floor 0.044 (no measured slope for this family),553.8,2.55,9.99,12.54,15.99,9.916,"probe 2a DFT bath (B3LYP/6-31G* dry run), 5 modes < 700"
4201,gas,"NIST WebBook COBLENTZ (GAS (70 mmHg, N2 ADDED, )",C71432_1.jdx,benzene,C6H6,0,6,,523.15,2.0,2883.85,0.1267956907229593,"absorbance (peak, record units)",313.9,371.44,0.592,2.0,10.18434/T4D303,gas only,overtone / combination region,no temperature in record or series: hot-default assumption 250 C (Ladder rule),0.044,floor 0.044 (no measured slope for this family),553.8,2.55,9.99,12.54,12.71,2.086,"probe 2a DFT bath (B3LYP/6-31G* dry run), 5 modes < 700"
4202,gas,"NIST WebBook COBLENTZ (GAS (70 mmHg, N2 ADDED, )",C71432_1.jdx,benzene,C6H6,0,6,,523.15,2.0,2931.97,0.17894524495311184,"absorbance (peak, record units)",442.9,131.29,0.148,2.0,10.18434/T4D303,gas only,overtone / combination region,no temperature in record or series: hot-default assumption 250 C (Ladder rule),0.044,floor 0.044 (no measured slope for this family),553.8,2.55,9.99,12.54,12.7,2.005,"probe 2a DFT bath (B3LYP/6-31G* dry run), 5 modes < 700"
4203,gas,"NIST WebBook COBLENTZ (GAS (70 mmHg, N2 ADDED, )",C71432_1.jdx,benzene,C6H6,0,6,,523.15,2.0,2966.5,0.17704775945251836,"absorbance (peak, record units)",438.3,132.11,0.151,2.0,10.18434/T4D303,gas only,CH-stretch,no temperature in record or series: hot-default assumption 250 C (Ladder rule),0.0284,stand-in: pyrene (item 52 Table 1),553.8,1.64,6.45,8.1,8.34,2.006,"probe 2a DFT bath (B3LYP/6-31G* dry run), 5 modes < 700"
4204,gas,"NIST WebBook COBLENTZ (GAS (70 mmHg, N2 ADDED, )",C71432_1.jdx,benzene,C6H6,0,6,,523.15,2.0,2969.68,0.17704775945251836,"absorbance (peak, record units)",438.3,132.11,0.151,2.0,10.18434/T4D303,gas only,CH-stretch,no temperature in record or series: hot-default assumption 250 C (Ladder rule),0.0284,stand-in: pyrene (item 52 Table 1),553.8,1.64,6.45,8.1,8.34,2.006,"probe 2a DFT bath (B3LYP/6-31G* dry run), 5 modes < 700"
4205,gas,"NIST WebBook COBLENTZ (GAS (70 mmHg, N2 ADDED, )",C71432_1.jdx,benzene,C6H6,0,6,,523.15,2.0,3042.3,0.9812995013337567,"absorbance (peak, record units)",2429.0,33.72,0.007,2.0,10.18434/T4D303,gas only,CH-stretch,no temperature in record or series: hot-default assumption 250 C (Ladder rule),0.0284,stand-in: pyrene (item 52 Table 1),553.8,1.64,6.45,8.1,8.34,2.0,"probe 2a DFT bath (B3LYP/6-31G* dry run), 5 modes < 700"
4206,gas,"NIST WebBook COBLENTZ (GAS (70 mmHg, N2 ADDED, )",C71432_1.jdx,benzene,C6H6,0,6,,523.15,2.0,3047.93,0.9884295564027218,"absorbance (peak, record units)",2446.7,33.59,0.007,2.0,10.18434/T4D303,gas only,CH-stretch,no temperature in record or series: hot-default assumption 250 C (Ladder rule),0.0284,stand-in: pyrene (item 52 Table 1),553.8,1.64,6.45,8.1,8.34,2.0,"probe 2a DFT bath (B3LYP/6-31G* dry run), 5 modes < 700"
4207,gas,"NIST WebBook COBLENTZ (GAS (70 mmHg, N2 ADDED, )",C71432_1.jdx,benzene,C6H6,0,6,,523.15,2.0,3055.71,0.9850596502070634,"absorbance (peak, record units)",2438.3,33.65,0.007,2.0,10.18434/T4D303,gas only,CH-stretch,no temperature in record or series: hot-default assumption 250 C (Ladder rule),0.0284,stand-in: pyrene (item 52 Table 1),553.8,1.64,6.45,8.1,8.34,2.0,"probe 2a DFT bath (B3LYP/6-31G* dry run), 5 modes < 700"
4208,gas,"NIST WebBook COBLENTZ (GAS (70 mmHg, N2 ADDED, )",C71432_1.jdx,benzene,C6H6,0,6,,523.15,2.0,3071.77,0.5125787886405256,"absorbance (peak, record units)",1268.8,93.14,0.037,2.0,10.18434/T4D303,gas only,CH-stretch,no temperature in record or series: hot-default assumption 250 C (Ladder rule),0.0284,stand-in: pyrene (item 52 Table 1),553.8,1.64,6.45,8.1,8.34,2.0,"probe 2a DFT bath (B3LYP/6-31G* dry run), 5 modes < 700"
4209,gas,"NIST WebBook COBLENTZ (GAS (70 mmHg, N2 ADDED, )",C71432_1.jdx,benzene,C6H6,0,6,,523.15,2.0,3091.56,0.6732546204346781,"absorbance (peak, record units)",1666.5,88.06,0.026,2.0,10.18434/T4D303,gas only,CH-stretch,no temperature in record or series: hot-default assumption 250 C (Ladder rule),0.0284,stand-in: pyrene (item 52 Table 1),553.8,1.64,6.45,8.1,8.34,2.0,"probe 2a DFT bath (B3LYP/6-31G* dry run), 5 modes < 700"
4210,gas,"NIST WebBook COBLENTZ (GAS (70 mmHg, N2 ADDED, )",C71432_1.jdx,benzene,C6H6,0,6,,523.15,2.0,3093.63,0.6681679555637513,"absorbance (peak, record units)",1653.9,88.2,0.027,2.0,10.18434/T4D303,gas only,CH-stretch,no temperature in record or series: hot-default assumption 250 C (Ladder rule),0.0284,stand-in: pyrene (item 52 Table 1),553.8,1.64,6.45,8.1,8.34,2.0,"probe 2a DFT bath (B3LYP/6-31G* dry run), 5 modes < 700"
4211,gas,"NIST WebBook COBLENTZ (GAS (70 mmHg, N2 ADDED, )",C71432_1.jdx,benzene,C6H6,0,6,,523.15,2.0,3107.75,0.627824713884936,"absorbance (peak, record units)",1554.1,89.37,0.029,2.0,10.18434/T4D303,gas only,CH-stretch,no temperature in record or series: hot-default assumption 250 C (Ladder rule),0.0284,stand-in: pyrene (item 52 Table 1),553.8,1.64,6.45,8.1,8.34,2.0,"probe 2a DFT bath (B3LYP/6-31G* dry run), 5 modes < 700"
4212,gas,"NIST WebBook COBLENTZ (GAS (70 mmHg, N2 ADDED, )",C71432_1.jdx,benzene,C6H6,0,6,,523.15,2.0,3442.0,0.06153031163235465,"absorbance (peak, record units)",152.3,3342.0,10.971,2.0,10.18434/T4D303,gas only,above 3200,no temperature in record or series: hot-default assumption 250 C (Ladder rule),0.044,floor 0.044 (no measured slope for this family),553.8,2.55,9.99,12.54,16.78,11.152,"probe 2a DFT bath (B3LYP/6-31G* dry run), 5 modes < 700"
4213,gas,"NIST WebBook COBLENTZ (GAS (70 mmHg, N2 ADDED, )",C71432_1.jdx,benzene,C6H6,0,6,,523.15,2.0,3635.83,0.07047889936889598,"absorbance (peak, record units)",174.5,3342.0,9.578,2.0,10.18434/T4D303,gas only,above 3200,no temperature in record or series: hot-default assumption 250 C (Ladder rule),0.044,floor 0.044 (no measured slope for this family),553.8,2.55,9.99,12.54,15.91,9.785,"probe 2a DFT bath (B3LYP/6-31G* dry run), 5 modes < 700"
4214,gas,"NIST WebBook COBLENTZ (GAS (70 mmHg, N2 ADDED, )",C71432_1.jdx,benzene,C6H6,0,6,,523.15,2.0,3680.0,0.0716553647351379,"absorbance (peak, record units)",177.4,3342.0,9.421,2.0,10.18434/T4D303,gas only,above 3200,no temperature in record or series: hot-default assumption 250 C (Ladder rule),0.044,floor 0.044 (no measured slope for this family),553.8,2.55,9.99,12.54,15.81,9.631,"probe 2a DFT bath (B3LYP/6-31G* dry run), 5 modes < 700"
4215,gas,"NIST QUANT-IR cell, 23 C, 0.125 cm-1 (probe 2a table)",C71432_quantir_res0.125_boxcar.jdx,benzene,C6H6,0,6,,296.15,0.125,673.9,,km/mol (integrated),50824.0,0.24,,0.125,10.6028/jres.104.004,R0 scoreboard,CH-oop (10.5-15 um; benzene nu11 at 673 included),"series documentation: 296 K (item 56, Chu 1999)",0.044,floor 0.044 (probe 2a; decision 29 correction NOT_RUN),553.8,2.55,0.0,2.55,2.55,0.125,probe 2a DFT bath (B3LYP/6-31G* dry run)
4216,gas,"NIST QUANT-IR cell, 23 C, 0.125 cm-1 (probe 2a table)",C71432_quantir_res0.125_boxcar.jdx,benzene,C6H6,0,6,,296.15,0.125,1037.73,,km/mol (integrated),383.0,2.3,,0.125,10.6028/jres.104.004,R0 scoreboard,ring / CH-ip (9-10.5 um),"series documentation: 296 K (item 56, Chu 1999)",0.044,floor 0.044 (probe 2a; decision 29 correction NOT_RUN),553.8,2.55,0.0,2.55,2.55,0.125,probe 2a DFT bath (B3LYP/6-31G* dry run)
4217,gas,"NIST QUANT-IR cell, 23 C, 0.125 cm-1 (probe 2a table)",C71432_quantir_res0.125_boxcar.jdx,benzene,C6H6,0,6,,296.15,0.125,1483.41,,km/mol (integrated),370.0,17.73,,0.125,10.6028/jres.104.004,R0 scoreboard,CC-stretch/CH-ip (7.7 um),"series documentation: 296 K (item 56, Chu 1999)",0.044,floor 0.044 (probe 2a; decision 29 correction NOT_RUN),553.8,2.55,0.0,2.55,2.55,0.127,probe 2a DFT bath (B3LYP/6-31G* dry run)
4218,gas,"NIST QUANT-IR cell, 23 C, 0.125 cm-1 (probe 2a table)",C71432_quantir_res0.125_boxcar.jdx,benzene,C6H6,0,6,,296.15,0.125,3047.17,,km/mol (integrated),812.0,32.55,,0.125,10.6028/jres.104.004,R0 scoreboard,CH-stretch,"series documentation: 296 K (item 56, Chu 1999)",0.044,floor 0.044 (probe 2a; decision 29 correction NOT_RUN),553.8,2.55,0.0,2.55,2.55,0.127,probe 2a DFT bath (B3LYP/6-31G* dry run)
