pair_id,uid,species_name,ladder,family,nu_lab_cm,nu_scaled_cm,y_cm,res_zero,res_family_mean,res_ridge,res_hgb,pred_zero,pred_family_mean,pred_ridge,pred_hgb
1,330,naphthalene,R1 naphthalene,CH-oop (10.5-15 um; benzene nu11 at 673 included),785.8,787.9869,-2.187,-2.187,-3.084422764227642,-1.6744510604865437,2.5738880911187736,0.0,0.897,-0.513,-4.761
2,330,naphthalene,R1 naphthalene,CH-stretch,3071.6,3076.5572,-4.957,-4.957,-3.0818119658119656,-1.908242541496998,-6.544191308259929,0.0,-1.875,-3.049,1.587
3,330,naphthalene,R1 naphthalene,low / skeletal,473.7,481.8409,-8.141,-8.141,-8.009904761904762,-7.407845688915114,-4.681293712240025,0.0,-0.131,-0.733,-3.46
4,330,naphthalene,R1 naphthalene,CC-stretch/CH-ip (7.7 um),1272.8,1256.8352,15.965,15.965,14.58578680981595,14.79543387258924,10.46347434365098,0.0,1.379,1.17,5.502
5,330,naphthalene,R1 naphthalene,ring / CH-ip (9-10.5 um),1014.4,1023.0611,-8.661,-8.661,-7.380231182795699,-4.9892508662450314,-1.1529615965956665,0.0,-1.281,-3.672,-7.508
6,330,naphthalene,R1 naphthalene,CC-stretch (6.2 um),1513.0,1518.4897,-5.49,-5.49,-5.756738255033557,-5.414220118574345,-0.32171170138038097,0.0,0.267,-0.076,-5.168
7,330,naphthalene,R1 naphthalene,CC-stretch/CH-ip (7.7 um),1391.8,1386.8024,4.998,4.998,3.6187868098159512,3.902367832093833,0.2784510868646821,0.0,1.379,1.096,4.72
8,330,naphthalene,R1 naphthalene,CC-stretch (6.2 um),1604.4,1607.2458,-2.846,-2.846,-3.112738255033557,-2.6822090880550347,4.164592738995693,0.0,0.267,-0.164,-7.011
9,330,naphthalene,R1 naphthalene,CH-ip-bend (8.6 um),1129.1,1121.2396,7.86,7.86,7.0010846994535525,7.3060023469012085,2.577277866219416,0.0,0.859,0.554,5.283
10,330,naphthalene,R1 naphthalene,low / skeletal,620.3,622.5014,-2.201,-2.201,-2.069904761904762,-1.441383129317761,-1.4992382420651333,0.0,-0.131,-0.76,-0.702
11,330,naphthalene,R1 naphthalene,CH-oop (10.5-15 um; benzene nu11 at 673 included),957.6,943.7831,13.817,13.817,12.919577235772358,13.52142741294918,5.588783356709008,0.0,0.897,0.296,8.228
12,330,naphthalene,R1 naphthalene,CC-stretch/CH-ip (7.7 um),1361.6,1366.0429,-4.443,-4.443,-5.822213190184049,-5.686228207184248,-12.546808325767037,0.0,1.379,1.243,8.104
13,269,phenazine,,CC-stretch/CH-ip (7.7 um),1309.6,1311.9685,-2.369,-2.369,-3.784402756508423,-2.234395174551929,3.543238086521422,0.0,1.415,-0.135,-5.912
14,269,phenazine,,CC-stretch/CH-ip (7.7 um),1264.0,1270.122,-6.122,-6.122,-7.537402756508422,-6.545345532439149,-9.428843333477097,0.0,1.415,0.423,3.307
15,269,phenazine,,CH-oop (10.5-15 um; benzene nu11 at 673 included),723.1,724.8424,-1.742,-1.742,-2.644047231270358,-1.6381029999365313,-1.9008108872315916,0.0,0.902,-0.104,0.159
16,269,phenazine,,CH-stretch,3042.6,3045.2678,-2.668,-2.668,-0.5214396551724141,0.7312853660562966,1.18790710313423,0.0,-2.147,-3.399,-3.856
17,269,phenazine,,CC-stretch (6.2 um),1589.8,1582.8033,6.997,6.997,6.781090604026845,7.271677024031031,8.935901371181885,0.0,0.216,-0.275,-1.939
18,269,phenazine,,CH-ip-bend (8.6 um),1113.8,1105.1093,8.691,8.691,7.834355191256831,8.514934642636081,9.501262377438756,0.0,0.857,0.176,-0.81
19,269,phenazine,,CH-stretch,3077.7,3050.3854,27.315,27.315,29.46156034482759,30.6142602119822,31.516670236869416,0.0,-2.147,-3.299,-4.202
20,269,phenazine,,CH-oop (10.5-15 um; benzene nu11 at 673 included),826.4,824.2221,2.178,2.178,1.2759527687296417,2.1071563456822187,4.1958966769047175,0.0,0.902,0.071,-2.018
21,269,phenazine,,ring / CH-ip (9-10.5 um),1018.2,1024.758,-6.558,-6.558,-5.265924731182795,-2.561032085148466,-2.4007319978561386,0.0,-1.292,-3.997,-4.157
22,269,phenazine,,CC-stretch (6.2 um),1519.0,1519.186,-0.186,-0.186,-0.40190939597315434,0.5278065591592238,-2.098217981343059,0.0,0.216,-0.714,1.912
23,269,phenazine,,CH-oop (10.5-15 um; benzene nu11 at 673 included),888.0,878.7476,9.252,9.252,8.349952768729642,9.153645872142828,5.445718490550851,0.0,0.902,0.098,3.806
24,267,phenazine,,CH-oop (10.5-15 um; benzene nu11 at 673 included),752.4,758.4262,-6.026,-6.026,-6.933872756933115,-5.543996590603746,-2.677388758801247,0.0,0.908,-0.482,-3.349
25,267,phenazine,,CC-stretch (6.2 um),1517.8,1523.3643,-5.564,-5.564,-5.869110738255033,-5.228649380592493,-6.576659562389766,0.0,0.305,-0.335,1.013
26,267,phenazine,,CH-stretch,3051.0,3060.1129,-9.113,-9.113,-7.2733333333333325,-6.804479608975631,-8.953917175409025,0.0,-1.84,-2.309,-0.159
27,267,phenazine,,CH-oop (10.5-15 um; benzene nu11 at 673 included),820.8,822.5327,-1.733,-1.733,-2.640872756933116,-2.0150149428674204,-0.8246197838796567,0.0,0.908,0.282,-0.908
28,267,phenazine,,CH-ip-bend (8.6 um),1113.4,1127.2294,-13.829,-13.829,-14.731810958904111,-14.271619324345146,-18.30601283170687,0.0,0.903,0.443,4.477
29,267,phenazine,,low / skeletal,596.9,598.3603,-1.46,-1.46,-1.291185344827586,-0.5098349431192015,-0.15197550159426743,0.0,-0.169,-0.95,-1.308
30,267,phenazine,,CC-stretch (6.2 um),1624.1,1638.3069,-14.207,-14.207,-14.512110738255034,-14.158263859851735,-12.017942064800458,0.0,0.305,-0.049,-2.189
31,267,phenazine,,CC-stretch/CH-ip (7.7 um),1369.2,1350.6874,18.513,18.513,17.143420245398776,17.688701975417114,13.089241860739182,0.0,1.37,0.824,5.424
32,267,phenazine,,CH-ip-bend (8.6 um),1139.5,1132.9742,6.526,6.526,5.62318904109589,6.121853293140306,1.0074248169075206,0.0,0.903,0.404,5.519
33,267,phenazine,,CC-stretch/CH-ip (7.7 um),1435.2,1435.6166,-0.417,-0.417,-1.786579754601227,-1.3140774319413466,-0.06346015340254335,0.0,1.37,0.897,-0.354
34,267,phenazine,,CC-stretch/CH-ip (7.7 um),1480.0,1475.2955,4.705,4.705,3.3354202453987734,3.8105518623754207,8.234358449090722,0.0,1.37,0.894,-3.529
35,267,phenazine,,ring / CH-ip (9-10.5 um),997.4,1006.4373,-9.037,-9.037,-7.733772972972973,-5.354984776449441,-8.885068881082852,0.0,-1.303,-3.682,-0.152
36,267,phenazine,,CH-oop (10.5-15 um; benzene nu11 at 673 included),905.5,896.3146,9.185,9.185,8.277127243066884,8.766213098597166,3.9987051580637214,0.0,0.908,0.419,5.186
37,267,phenazine,,CH-oop (10.5-15 um; benzene nu11 at 673 included),658.0,652.407,5.593,5.593,4.685127243066884,4.870920182954013,4.072640637183623,0.0,0.908,0.722,1.52
38,267,phenazine,,ring / CH-ip (9-10.5 um),960.0,956.7497,3.25,3.25,4.553227027027027,6.673067352142267,5.154990257832339,0.0,-1.303,-3.423,-1.905
39,268,phenazine,,CC-stretch/CH-ip (7.7 um),1349.0,1361.615,-12.615,-12.615,-14.090941448382127,-12.811472861487267,-10.00375571990738,0.0,1.476,0.196,-2.611
40,268,phenazine,,CC-stretch/CH-ip (7.7 um),1276.1,1279.2766,-3.177,-3.177,-4.652941448382126,-3.311815371566302,-1.4671824490365932,0.0,1.476,0.135,-1.71
41,268,phenazine,,CH-ip-bend (8.6 um),1137.3,1144.8598,-7.56,-7.56,-8.461046448087432,-7.878184497573111,-10.22644804724749,0.0,0.901,0.318,2.666
42,268,phenazine,,CC-stretch/CH-ip (7.7 um),1361.3,1374.4343,-13.134,-13.134,-14.609941448382127,-13.977946118124915,-15.371464663610343,0.0,1.476,0.844,2.237
43,268,phenazine,,CH-oop (10.5-15 um; benzene nu11 at 673 included),755.5,763.5472,-8.047,-8.047,-8.975053745928339,-8.223753394720791,-8.780857987701589,0.0,0.928,0.177,0.734
44,268,phenazine,,CC-stretch/CH-ip (7.7 um),1243.0,1265.0703,-22.07,-22.07,-23.545941448382127,-23.62283050625451,-12.668201123791068,0.0,1.476,1.553,-9.402
45,268,phenazine,,low / skeletal,567.0,574.2128,-7.213,-7.213,-7.06898275862069,-6.241780213083024,-6.6873247565207015,0.0,-0.144,-0.971,-0.526
46,268,phenazine,,CC-stretch/CH-ip (7.7 um),1494.6,1493.7162,0.884,0.884,-0.5919414483821263,0.3959632875297365,-5.519021539022314,0.0,1.476,0.488,6.403
47,268,phenazine,,CC-stretch (6.2 um),1590.0,1572.8275,17.172,17.172,16.991464882943145,17.598823072369687,10.575885688377802,0.0,0.181,-0.427,6.596
48,268,phenazine,,CC-stretch/CH-ip (7.7 um),1464.5,1456.507,7.993,7.993,6.517058551617874,7.286224364782189,5.344724572608043,0.0,1.476,0.707,2.648
49,268,phenazine,,CH-oop (10.5-15 um; benzene nu11 at 673 included),826.4,830.4169,-4.017,-4.017,-4.945053745928339,-4.162311964484561,-5.018989772702998,0.0,0.928,0.145,1.002
50,268,phenazine,,ring / CH-ip (9-10.5 um),1022.5,1021.9916,0.508,0.508,1.8380645161290323,4.3047323142062695,9.988925816062682,0.0,-1.33,-3.797,-9.481
51,268,phenazine,,CH-stretch,3095.0,3090.1516,4.848,4.848,6.806991452991452,7.130657880630099,8.062751041416636,0.0,-1.959,-2.283,-3.215
52,268,phenazine,,CH-oop (10.5-15 um; benzene nu11 at 673 included),897.9,892.1159,5.784,5.784,4.855946254071661,5.505691904486621,2.2034437132080718,0.0,0.928,0.278,3.581
53,274,"7,8-benzoquinoline",,CH-stretch,3060.3,3060.8424,-0.542,-0.542,1.3691826086956522,1.546907715558156,0.27353231180048776,0.0,-1.911,-2.089,-0.816
54,274,"7,8-benzoquinoline",,CH-oop (10.5-15 um; benzene nu11 at 673 included),745.9,749.9378,-4.038,-4.038,-4.979001644736842,-4.240294762772694,-1.424134850446328,0.0,0.941,0.202,-2.614
55,274,"7,8-benzoquinoline",,CH-oop (10.5-15 um; benzene nu11 at 673 included),834.0,839.3429,-5.343,-5.343,-6.284001644736842,-5.445397822717467,-3.2047159985766713,0.0,0.941,0.102,-2.138
56,274,"7,8-benzoquinoline",,CH-oop (10.5-15 um; benzene nu11 at 673 included),807.6,811.1882,-3.588,-3.588,-4.529001644736843,-4.1887807586955015,-3.8757650543723026,0.0,0.941,0.601,0.288
57,274,"7,8-benzoquinoline",,CC-stretch (6.2 um),1596.2,1599.1485,-2.948,-2.948,-3.1483344594594596,-2.813145950602863,-2.89777121310138,0.0,0.2,-0.135,-0.05
58,274,"7,8-benzoquinoline",,CC-stretch (6.2 um),1632.4,1624.732,7.668,7.668,7.4676655405405405,7.411740560830037,12.859382809757332,0.0,0.2,0.256,-5.191
59,274,"7,8-benzoquinoline",,CH-oop (10.5-15 um; benzene nu11 at 673 included),722.3,725.4231,-3.123,-3.123,-4.064001644736843,-4.062118095007905,-4.354595207790911,0.0,0.941,0.939,1.232
60,274,"7,8-benzoquinoline",,CC-stretch/CH-ip (7.7 um),1447.7,1447.0407,0.659,0.659,-0.6570448222565688,-0.3034700468636845,-5.938858749961363,0.0,1.316,0.962,6.598
61,274,"7,8-benzoquinoline",,CC-stretch/CH-ip (7.7 um),1405.7,1392.2589,13.441,13.441,12.124955177743432,12.702285972519006,4.990416795321373,0.0,1.316,0.739,8.451
62,274,"7,8-benzoquinoline",,CH-oop (10.5-15 um; benzene nu11 at 673 included),826.6,839.8841,-13.284,-13.284,-14.225001644736842,-14.380684801585291,-12.01286586558387,0.0,0.941,1.097,-1.271
63,274,"7,8-benzoquinoline",,CC-stretch/CH-ip (7.7 um),1500.4,1498.6234,1.777,1.777,0.4609551777434311,0.6056414314197742,-0.2052667452966197,0.0,1.316,1.171,1.982
64,274,"7,8-benzoquinoline",,CH-stretch,3033.5,3035.2394,-1.739,-1.739,0.17218260869565216,0.7810529037318343,0.49057236367630996,0.0,-1.911,-2.52,-2.23
65,274,"7,8-benzoquinoline",,CC-stretch (6.2 um),1515.5,1516.2712,-0.771,-0.771,-0.9713344594594595,-0.8966346667740344,-0.7923117990607369,0.0,0.2,0.126,0.021
66,274,"7,8-benzoquinoline",,CC-stretch/CH-ip (7.7 um),1451.0,1443.9799,7.02,7.02,5.703955177743431,5.696466652377067,2.880265278857788,0.0,1.316,1.324,4.14
67,274,"7,8-benzoquinoline",,CH-stretch,3099.3,3101.5874,-2.287,-2.287,-0.37581739130434766,-0.32473628917601083,-4.623636832971163,0.0,-1.911,-1.962,2.337
68,274,"7,8-benzoquinoline",,CH-ip-bend (8.6 um),1133.4,1129.6409,3.759,3.759,2.907402203856749,2.7072197793854302,-4.393647556863144,0.0,0.852,1.052,8.153
69,274,"7,8-benzoquinoline",,ring / CH-ip (9-10.5 um),1095.2,1086.1453,9.055,9.055,10.360420765027323,3.672889561771746,5.492097689545222,0.0,-1.305,5.382,3.563
70,274,"7,8-benzoquinoline",,ring / CH-ip (9-10.5 um),1018.2,1016.3331,1.867,1.867,3.172420765027322,4.961829893042191,7.946787906102048,0.0,-1.305,-3.095,-6.08
71,274,"7,8-benzoquinoline",,CH-oop (10.5-15 um; benzene nu11 at 673 included),740.2,718.5237,21.676,21.676,20.734998355263155,20.532117493479436,21.606524553050548,0.0,0.941,1.144,0.069
72,274,"7,8-benzoquinoline",,ring / CH-ip (9-10.5 um),953.9,956.4661,-2.566,-2.566,-1.2605792349726774,0.34584509333295,-5.446934019593833,0.0,-1.305,-2.912,2.881
73,274,"7,8-benzoquinoline",,CH-ip-bend (8.6 um),1155.6,1151.8849,3.715,3.715,2.863402203856749,2.767940798351467,0.6133607055530517,0.0,0.852,0.947,3.102
74,274,"7,8-benzoquinoline",,CC-stretch/CH-ip (7.7 um),1276.1,1264.1831,11.917,11.917,10.600955177743431,10.215784252557233,10.942942367139954,0.0,1.316,1.701,0.974
75,274,"7,8-benzoquinoline",,CC-stretch (6.2 um),1576.4,1568.4962,7.904,7.904,7.70366554054054,7.777991268389408,3.8121902784237047,0.0,0.2,0.126,4.092
76,274,"7,8-benzoquinoline",,CH-ip-bend (8.6 um),1223.8,1219.5697,4.23,4.23,3.3784022038567496,3.3558049142558133,-0.24838541143630977,0.0,0.852,0.874,4.478
77,274,"7,8-benzoquinoline",,low / skeletal,618.6,619.2443,-0.644,-0.644,-0.3683982683982684,-0.09419507811394179,1.7039533452101705,0.0,-0.276,-0.55,-2.348
78,274,"7,8-benzoquinoline",,CC-stretch/CH-ip (7.7 um),1379.4,1350.6169,28.783,28.783,27.466955177743433,27.12803700995651,29.76167824176248,0.0,1.316,1.655,-0.979
79,274,"7,8-benzoquinoline",,CC-stretch/CH-ip (7.7 um),1331.3,1333.6573,-2.357,-2.357,-3.673044822256569,-3.9252781671579924,-11.809596990071455,0.0,1.316,1.568,9.453
80,274,"7,8-benzoquinoline",,low / skeletal,619.9,596.2172,23.683,23.683,23.958601731601732,23.97644601191755,23.91324369970331,0.0,-0.276,-0.293,-0.23
81,274,"7,8-benzoquinoline",,CH-oop (10.5-15 um; benzene nu11 at 673 included),882.9,880.2344,2.666,2.666,1.7249983552631578,1.703880689316461,-0.8841392944064808,0.0,0.941,0.962,3.55
82,274,"7,8-benzoquinoline",,CH-oop (10.5-15 um; benzene nu11 at 673 included),877.1,878.9321,-1.832,-1.832,-2.7730016447368424,-2.7254891849830005,-5.381243575108587,0.0,0.941,0.893,3.549
83,274,"7,8-benzoquinoline",,CH-oop (10.5-15 um; benzene nu11 at 673 included),944.9,946.618,-1.718,-1.718,-2.659001644736842,-2.651861135890465,-8.834621349147953,0.0,0.941,0.934,7.117
84,274,"7,8-benzoquinoline",,CC-stretch/CH-ip (7.7 um),1300.6,1297.5542,3.046,3.046,1.729955177743431,1.4257571770557744,-6.20146661150207,0.0,1.316,1.62,9.247
85,274,"7,8-benzoquinoline",,ring / CH-ip (9-10.5 um),1022.5,1038.8476,-16.348,-16.348,-15.042579234972676,-13.181732900375085,-8.402081770872842,0.0,-1.305,-3.166,-7.946
86,274,"7,8-benzoquinoline",,CH-ip-bend (8.6 um),1202.4,1201.0109,1.389,1.389,0.5374022038567493,0.3814603181195231,-2.042988539411726,0.0,0.852,1.008,3.432
87,487,acridine,,CC-stretch (6.2 um),1518.9,1525.3062,-6.406,-6.406,-6.723911864406779,-6.091821285093786,-9.462737757057502,0.0,0.318,-0.314,3.057
88,487,acridine,,CH-oop (10.5-15 um; benzene nu11 at 673 included),739.6,742.0121,-2.412,-2.412,-3.3594114754098356,-2.177075458190883,0.1981887632020154,0.0,0.947,-0.235,-2.61
89,487,acridine,,CH-stretch,3061.5,3061.2911,0.209,0.209,2.0306991150442477,2.684465445545379,0.5333576237922328,0.0,-1.822,-2.475,-0.324
90,487,acridine,,CC-stretch (6.2 um),1625.4,1621.3426,4.057,4.057,3.739088135593221,4.210150648079527,3.3059921760244837,0.0,0.318,-0.153,0.751
91,487,acridine,,low / skeletal,601.6,603.0849,-1.485,-1.485,-1.3472608695652175,-0.7957985713440645,1.0427360855929064,0.0,-0.138,-0.689,-2.528
92,487,acridine,,CH-stretch,3083.4,3088.9938,-5.594,-5.594,-3.7723008849557527,-3.1402843322171243,-6.423298666636416,0.0,-1.822,-2.454,0.829
93,487,acridine,,CH-oop (10.5-15 um; benzene nu11 at 673 included),906.8,912.6008,-5.801,-5.801,-6.748411475409836,-6.117562967961347,-8.75457037434461,0.0,0.947,0.317,2.954
94,487,acridine,,CH-oop (10.5-15 um; benzene nu11 at 673 included),906.8,913.3628,-6.563,-6.563,-7.5104114754098354,-7.33549229903094,-12.830375282137961,0.0,0.947,0.772,6.267
95,487,acridine,,CH-oop (10.5-15 um; benzene nu11 at 673 included),854.4,859.6861,-5.286,-5.286,-6.233411475409835,-5.791776476385079,-4.675244677601084,0.0,0.947,0.506,-0.611
96,487,acridine,,CH-ip-bend (8.6 um),1141.5,1136.7547,4.745,4.745,3.913129120879121,4.232503396839854,3.188575630003477,0.0,0.832,0.512,1.556
97,487,acridine,,CC-stretch/CH-ip (7.7 um),1465.7,1465.2169,0.483,0.483,-0.9077461538461539,-0.6954211626813137,3.6806981651542063,0.0,1.391,1.178,-3.198
98,487,acridine,,CC-stretch (6.2 um),1561.0,1555.0718,5.928,5.928,5.61008813559322,5.852717874084624,4.721781956352114,0.0,0.318,0.075,1.206
99,487,acridine,,CH-stretch,3041.1,3043.9142,-2.814,-2.814,-0.9923008849557522,-0.7566318738807176,5.074483382602781,0.0,-1.822,-2.057,-7.888
100,487,acridine,,CC-stretch/CH-ip (7.7 um),1404.8,1394.2735,10.526,10.526,9.135253846153846,9.320044189984387,2.731975535989954,0.0,1.391,1.206,7.794
101,487,acridine,,CH-oop (10.5-15 um; benzene nu11 at 673 included),788.6,788.234,0.366,0.366,-0.581411475409836,-0.30367650853785066,0.14181368147648177,0.0,0.947,0.67,0.224
102,487,acridine,,CH-stretch,3095.6,3089.4749,6.125,6.125,7.946699115044248,8.341599387205413,4.105408673132544,0.0,-1.822,-2.217,2.02
103,487,acridine,,CH-stretch,3033.9,3050.3278,-16.428,-16.428,-14.606300884955752,-14.276340532042667,-11.63540253091858,0.0,-1.822,-2.152,-4.793
104,487,acridine,,ring / CH-ip (9-10.5 um),998.9,1011.186,-12.286,-12.286,-10.965345945945945,-8.776547915393309,-8.959088020870874,0.0,-1.321,-3.509,-3.327
105,487,acridine,,CC-stretch/CH-ip (7.7 um),1374.4,1361.8787,12.521,12.521,11.130253846153847,11.162522577528273,9.566021586137333,0.0,1.391,1.358,2.955
106,487,acridine,,CH-ip-bend (8.6 um),1149.0,1134.489,14.511,14.511,13.67912912087912,13.782465506091947,15.496247668444665,0.0,0.832,0.729,-0.985
107,487,acridine,,CH-oop (10.5-15 um; benzene nu11 at 673 included),655.6,650.6349,4.965,4.965,4.017588524590164,3.980409258920944,3.6752547526161674,0.0,0.947,0.985,1.29
108,487,acridine,,CC-stretch (6.2 um),1565.0,1584.2427,-19.243,-19.243,-19.56091186440678,-19.292775096120973,-18.38040690251047,0.0,0.318,0.05,-0.863
109,487,acridine,,CC-stretch (6.2 um),1631.5,1638.468,-6.968,-6.968,-7.2859118644067795,-7.00170362071302,-0.9718941077785876,0.0,0.318,0.034,-5.996
110,487,acridine,,low / skeletal,618.1,619.754,-1.654,-1.654,-1.5162608695652173,-1.132696673660672,-0.8512120736569895,0.0,-0.138,-0.521,-0.803
111,487,acridine,,CC-stretch/CH-ip (7.7 um),1442.5,1443.4417,-0.942,-0.942,-2.332746153846154,-2.2522758841697414,-9.000084203813534,0.0,1.391,1.31,8.058
112,487,acridine,,low / skeletal,469.7,475.5058,-5.806,-5.806,-5.668260869565217,-5.47756804662744,-4.434777057588612,0.0,-0.138,-0.328,-1.371
113,487,acridine,,CH-oop (10.5-15 um; benzene nu11 at 673 included),815.1,814.7446,0.355,0.355,-0.592411475409836,-0.4354448129877728,-1.0939464224185245,0.0,0.947,0.79,1.449
114,487,acridine,,CH-ip-bend (8.6 um),1169.7,1169.534,0.166,0.166,-0.6658708791208791,-0.575828994060999,-3.4506031996988855,0.0,0.832,0.742,3.617
115,487,acridine,,ring / CH-ip (9-10.5 um),961.3,951.5769,9.723,9.723,11.043654054054056,13.225822398035211,5.853854201432817,0.0,-1.321,-3.503,3.869
116,487,acridine,,CC-stretch/CH-ip (7.7 um),1296.4,1307.2065,-10.806,-10.806,-12.196746153846153,-12.184700590343503,-10.827924658462154,0.0,1.391,1.379,0.022
117,275,"7,8-benzoquinoline",,CH-ip-bend (8.6 um),1243.1,1237.0054,6.095,6.095,5.259444751381215,6.299387096326525,5.802076650169743,0.0,0.836,-0.204,0.293
118,275,"7,8-benzoquinoline",,CC-stretch/CH-ip (7.7 um),1490.7,1488.2079,2.492,2.492,1.1473055555555556,1.593197990403246,2.926162526317485,0.0,1.345,0.899,-0.434
119,275,"7,8-benzoquinoline",,CC-stretch (6.2 um),1536.3,1533.6612,2.639,2.639,2.3615067114093957,3.321481142217856,1.882862144995245,0.0,0.277,-0.682,0.756
120,275,"7,8-benzoquinoline",,CH-ip-bend (8.6 um),1202.6,1198.0029,4.597,4.597,3.761444751381216,4.349220255643022,2.765867157163198,0.0,0.836,0.248,1.831
121,275,"7,8-benzoquinoline",,CC-stretch/CH-ip (7.7 um),1308.2,1306.7096,1.49,1.49,0.14530555555555558,0.5290334337714475,-1.7462887773824651,0.0,1.345,0.961,3.236
122,275,"7,8-benzoquinoline",,CH-ip-bend (8.6 um),1159.9,1157.2908,2.609,2.609,1.7734447513812155,1.913746296721337,-0.16381150479584017,0.0,0.836,0.695,2.773
123,275,"7,8-benzoquinoline",,CC-stretch/CH-ip (7.7 um),1439.4,1429.5376,9.862,9.862,8.517305555555556,8.710781034229766,6.295712922891607,0.0,1.345,1.151,3.566
124,275,"7,8-benzoquinoline",,CH-oop (10.5-15 um; benzene nu11 at 673 included),698.2,697.1662,1.034,1.034,0.11426264274061992,-0.10372554359806685,0.8750441823016604,0.0,0.92,1.138,0.159
125,275,"7,8-benzoquinoline",,low / skeletal,536.3,537.7723,-1.472,-1.472,-1.31082683982684,-1.0747515571706425,0.8662296965337042,0.0,-0.161,-0.397,-2.338
126,275,"7,8-benzoquinoline",,CC-stretch/CH-ip (7.7 um),1260.3,1254.5654,5.735,5.735,4.390305555555556,4.588058884948955,0.6028771969648226,0.0,1.345,1.147,5.132
127,275,"7,8-benzoquinoline",,CH-ip-bend (8.6 um),1140.2,1136.3861,3.814,3.814,2.9784447513812156,3.26462324534121,3.4384886916136854,0.0,0.836,0.549,0.376
128,275,"7,8-benzoquinoline",,ring / CH-ip (9-10.5 um),1002.9,1001.7526,1.147,1.147,2.2326739130434783,4.485233095924556,4.82776414783125,0.0,-1.086,-3.338,-3.681
129,275,"7,8-benzoquinoline",,CH-oop (10.5-15 um; benzene nu11 at 673 included),853.5,855.8774,-2.377,-2.377,-3.2967373572593797,-2.8861370761761,2.675038869648408,0.0,0.92,0.509,-5.052
130,275,"7,8-benzoquinoline",,CC-stretch/CH-ip (7.7 um),1508.9,1496.9215,11.979,11.979,10.634305555555555,11.119030153179937,11.650545204046006,0.0,1.345,0.86,0.328
131,275,"7,8-benzoquinoline",,CC-stretch/CH-ip (7.7 um),1420.8,1426.1896,-5.39,-5.39,-6.734694444444444,-6.863220486009592,-3.8302108662657828,0.0,1.345,1.473,-1.56
132,275,"7,8-benzoquinoline",,CH-oop (10.5-15 um; benzene nu11 at 673 included),757.3,758.8179,-1.518,-1.518,-2.43773735725938,-2.2473763074500517,1.597235582583281,0.0,0.92,0.729,-3.115
133,275,"7,8-benzoquinoline",,CH-oop (10.5-15 um; benzene nu11 at 673 included),870.6,867.9927,2.607,2.607,1.68726264274062,1.8732582688169868,2.232534221394611,0.0,0.92,0.734,0.374
134,275,"7,8-benzoquinoline",,ring / CH-ip (9-10.5 um),1012.2,1031.8922,-19.692,-19.692,-18.60632608695652,-16.50868754178453,-15.563169342704073,0.0,-1.086,-3.183,-4.129
135,275,"7,8-benzoquinoline",,low / skeletal,596.6,598.5216,-1.922,-1.922,-1.7608268398268399,-1.5952178146029434,-0.9901412174680846,0.0,-0.161,-0.327,-0.932
136,275,"7,8-benzoquinoline",,ring / CH-ip (9-10.5 um),1024.9,1053.4747,-28.575,-28.575,-27.48932608695652,-25.57220563771093,-22.888210431680115,0.0,-1.086,-3.003,-5.687
137,275,"7,8-benzoquinoline",,CH-ip-bend (8.6 um),1216.5,1213.863,2.637,2.637,1.8014447513812155,1.876215089296216,-1.0522055174374225,0.0,0.836,0.761,3.689
138,275,"7,8-benzoquinoline",,CC-stretch (6.2 um),1583.5,1597.6805,-14.18,-14.18,-14.457493288590603,-13.711715072847033,-15.02451458876657,0.0,0.277,-0.468,0.845
139,275,"7,8-benzoquinoline",,CC-stretch/CH-ip (7.7 um),1431.8,1413.563,18.237,18.237,16.892305555555552,17.026158186567233,19.56883129317312,0.0,1.345,1.211,-1.332
140,265,anthracene,anthracene (locality probe),CH-stretch,3064.6,3065.6617,-1.062,-1.062,0.8464786324786324,2.368501832682602,0.36120121319807463,0.0,-1.908,-3.431,-1.423
141,265,anthracene,anthracene (locality probe),CH-oop (10.5-15 um; benzene nu11 at 673 included),725.6,730.6537,-5.054,-5.054,-5.940862969004894,-4.725522287033709,-3.7486979703477035,0.0,0.887,-0.328,-1.305
142,265,anthracene,anthracene (locality probe),CH-oop (10.5-15 um; benzene nu11 at 673 included),878.3,873.79,4.51,4.51,3.623137030995106,5.029506888916866,2.2802068102760735,0.0,0.887,-0.52,2.23
143,265,anthracene,anthracene (locality probe),low / skeletal,468.0,474.7474,-6.747,-6.747,-6.608896103896104,-5.897186607075396,-3.2723293814557293,0.0,-0.138,-0.85,-3.475
144,265,anthracene,anthracene (locality probe),CC-stretch/CH-ip (7.7 um),1318.1,1306.0245,12.075,12.075,10.70365846153846,10.996310655942661,11.954644803118638,0.0,1.371,1.079,0.12
145,265,anthracene,anthracene (locality probe),low / skeletal,602.9,604.8758,-1.976,-1.976,-1.837896103896104,-0.9994840731666923,0.8809305288522502,0.0,-0.138,-0.977,-2.857
146,265,anthracene,anthracene (locality probe),ring / CH-ip (9-10.5 um),1000.9,1014.6134,-13.713,-13.713,-12.459392473118278,-10.0092728361543,-7.443146545133376,0.0,-1.254,-3.704,-6.27
147,265,anthracene,anthracene (locality probe),CC-stretch (6.2 um),1542.0,1547.3214,-5.321,-5.321,-5.601781879194631,-5.184998777951533,-6.151525320067915,0.0,0.281,-0.136,0.831
148,265,anthracene,anthracene (locality probe),CH-ip-bend (8.6 um),1149.2,1144.6508,4.549,4.549,3.689019178082192,4.190278724347591,3.756300761623485,0.0,0.86,0.359,0.793
149,265,anthracene,anthracene (locality probe),CH-oop (10.5-15 um; benzene nu11 at 673 included),954.9,942.7274,12.173,12.173,11.286137030995107,12.079987028564531,3.3671269268961126,0.0,0.887,0.093,8.806
150,265,anthracene,anthracene (locality probe),CC-stretch/CH-ip (7.7 um),1272.5,1257.8047,14.695,14.695,13.32365846153846,13.645416936314547,7.502221070273811,0.0,1.371,1.05,7.193
151,265,anthracene,anthracene (locality probe),CH-ip-bend (8.6 um),1166.9,1163.1189,3.781,3.781,2.921019178082192,3.3182444617893907,4.371547631065212,0.0,0.86,0.463,-0.591
152,265,anthracene,anthracene (locality probe),CC-stretch/CH-ip (7.7 um),1450.5,1454.1025,-3.602,-3.602,-4.973341538461538,-4.580971482704589,-2.821065182985274,0.0,1.371,0.979,-0.781
153,265,anthracene,anthracene (locality probe),CC-stretch (6.2 um),1627.8,1635.0004,-7.2,-7.2,-7.480781879194631,-6.84693988156932,-2.15348800110086,0.0,0.281,-0.353,-5.047
154,265,anthracene,anthracene (locality probe),CC-stretch/CH-ip (7.7 um),1460.0,1454.2956,5.704,5.704,4.332658461538461,4.773782841743765,11.425929080137799,0.0,1.371,0.93,-5.722
155,265,anthracene,anthracene (locality probe),CC-stretch/CH-ip (7.7 um),1345.6,1350.077,-4.477,-4.477,-5.848341538461539,-5.485399446067851,-10.748368790004161,0.0,1.371,1.008,6.271
156,265,anthracene,anthracene (locality probe),CH-oop (10.5-15 um; benzene nu11 at 673 included),906.8,898.5311,8.269,8.269,7.382137030995106,7.929805300100703,2.593313976173815,0.0,0.887,0.339,5.676
157,273,phenanthrene,,CH-stretch,3070.9,3072.5327,-1.633,-1.633,0.27059829059829066,0.8292688478340073,-1.378250841623836,0.0,-1.904,-2.462,-0.255
158,273,phenanthrene,,CH-oop (10.5-15 um; benzene nu11 at 673 included),735.0,737.3748,-2.375,-2.375,-3.2777283142389524,-2.671906948765528,0.7927763923880873,0.0,0.903,0.297,-3.168
159,273,phenanthrene,,CH-oop (10.5-15 um; benzene nu11 at 673 included),812.8,815.8946,-3.095,-3.095,-3.9977283142389526,-3.478355450416338,0.5541258054761551,0.0,0.903,0.383,-3.649
160,273,phenanthrene,,CC-stretch/CH-ip (7.7 um),1460.4,1460.2854,0.115,0.115,-1.2952107692307693,-1.3282716070406668,-2.778300010108455,0.0,1.41,1.443,2.893
161,273,phenanthrene,,CH-oop (10.5-15 um; benzene nu11 at 673 included),864.9,867.7544,-2.854,-2.854,-3.7567283142389525,-3.779689225124791,-5.4045216023846105,0.0,0.903,0.926,2.551
162,273,phenanthrene,,CH-ip-bend (8.6 um),1245.8,1240.4634,5.337,5.337,4.492851648351648,4.5105342094861145,0.5258903295460504,0.0,0.844,0.826,4.811
163,273,phenanthrene,,CC-stretch (6.2 um),1504.7,1504.7447,-0.045,-0.045,-0.33274747474747474,-0.7268495874466178,-0.7845151058686513,0.0,0.288,0.682,0.74
164,273,phenanthrene,,low / skeletal,617.5,618.8695,-1.37,-1.37,-1.2233030303030303,-1.2264465059012712,-0.08375290760659615,0.0,-0.147,-0.144,-1.286
165,273,phenanthrene,,ring / CH-ip (9-10.5 um),1039.9,1047.6796,-7.78,-7.78,-6.455291891891893,-4.697892518927236,1.5007728391664914,0.0,-1.325,-3.082,-9.281
166,273,phenanthrene,,CC-stretch/CH-ip (7.7 um),1302.9,1294.1386,8.761,8.761,7.35078923076923,6.706015032497928,10.48627562491662,0.0,1.41,2.055,-1.725
167,273,phenanthrene,,CH-oop (10.5-15 um; benzene nu11 at 673 included),710.2,711.6159,-1.416,-1.416,-2.3187283142389523,-2.888979992080956,-6.38121651978766,0.0,0.903,1.473,4.965
168,273,phenanthrene,,low / skeletal,494.0,499.3681,-5.368,-5.368,-5.221303030303031,-5.511159135600177,-4.628368045368201,0.0,-0.147,0.143,-0.74
169,273,phenanthrene,,CH-ip-bend (8.6 um),1202.7,1199.0132,3.687,3.687,2.8428516483516484,2.518983714289474,-4.8005691282865595,0.0,0.844,1.168,8.488
170,273,phenanthrene,,CH-oop (10.5-15 um; benzene nu11 at 673 included),948.2,931.904,16.296,16.296,15.393271685761047,15.28995435089346,4.887897442852925,0.0,0.903,1.006,11.408
171,273,phenanthrene,,CH-ip-bend (8.6 um),1144.1,1138.1711,5.929,5.929,5.084851648351648,4.624009511441694,-1.2853744168257322,0.0,0.844,1.305,7.214
172,273,phenanthrene,,CH-oop (10.5-15 um; benzene nu11 at 673 included),877.6,872.1783,5.422,5.422,4.519271685761047,4.2046720462246565,3.7816849513937756,0.0,0.903,1.217,1.64
173,273,phenanthrene,,ring / CH-ip (9-10.5 um),1002.5,996.5328,5.967,5.967,7.291708108108107,8.781301343228296,3.7894293647494606,0.0,-1.325,-2.814,2.178
174,273,phenanthrene,,CC-stretch/CH-ip (7.7 um),1430.7,1422.7256,7.974,7.974,6.563789230769231,6.112619332770551,3.6701746642638167,0.0,1.41,1.861,4.304
175,273,phenanthrene,,CC-stretch (6.2 um),1530.1,1532.0895,-1.99,-1.99,-2.277747474747475,-2.8209747786719293,-6.499031926183918,0.0,0.288,0.831,4.509
176,273,phenanthrene,,CC-stretch/CH-ip (7.7 um),1351.4,1347.8752,3.525,3.525,2.1147892307692304,1.5559088176264875,-1.8437269815800508,0.0,1.41,1.969,5.369
177,273,phenanthrene,,CC-stretch (6.2 um),1597.9,1610.1735,-12.274,-12.274,-12.561747474747474,-12.850230087682228,-9.731617378393931,0.0,0.288,0.576,-2.542
178,273,phenanthrene,,CC-stretch/CH-ip (7.7 um),1419.0,1440.2453,-21.245,-21.245,-22.65521076923077,-22.992934053441964,-20.314933986642757,0.0,1.41,1.748,-0.93
179,365,phenanthrene,,CC-stretch/CH-ip (7.7 um),1277.5,1280.9109,-3.411,-3.411,-4.8248021472392635,-5.301609065739954,-11.279492772749817,0.0,1.414,1.891,7.868
180,365,phenanthrene,,CC-stretch (6.2 um),1565.0,1565.9487,-0.949,-0.949,-1.2027171717171716,-0.4295712496181411,-5.184576115629571,0.0,0.254,-0.519,4.236
181,365,phenanthrene,,low / skeletal,582.0,585.7741,-3.774,-3.774,-3.615159482758621,-3.2387739876338872,-2.9904030474913057,0.0,-0.159,-0.535,-0.784
182,365,phenanthrene,,CC-stretch/CH-ip (7.7 um),1267.0,1254.6898,12.31,12.31,10.896197852760737,10.719742499208184,6.017154970905102,0.0,1.414,1.59,6.293
183,365,phenanthrene,,CH-oop (10.5-15 um; benzene nu11 at 673 included),694.5,691.1402,3.36,3.36,2.4384136807817587,2.3416400428591997,3.884673035442875,0.0,0.922,1.018,-0.525
184,365,phenanthrene,,CC-stretch/CH-ip (7.7 um),1299.0,1313.9313,-14.931,-14.931,-16.344802147239264,-15.641725221549303,-14.022775969593265,0.0,1.414,0.711,-0.908
185,365,phenanthrene,,CH-oop (10.5-15 um; benzene nu11 at 673 included),756.2,758.944,-2.744,-2.744,-3.6655863192182414,-3.5448520103216947,-0.6299843941621512,0.0,0.922,0.801,-2.114
186,365,phenanthrene,,CH-ip-bend (8.6 um),1136.3,1135.4403,0.86,0.86,-0.017194520547945236,-0.37288301167299187,0.3721708303823559,0.0,0.877,1.233,0.488
187,365,phenanthrene,,CC-stretch (6.2 um),1551.0,1546.8281,4.172,4.172,3.918282828282828,4.313988078492069,2.097245150512867,0.0,0.254,-0.142,2.075
188,365,phenanthrene,,CH-oop (10.5-15 um; benzene nu11 at 673 included),836.0,838.9254,-2.925,-2.925,-3.846586319218241,-3.624961974145549,-2.4993850674304636,0.0,0.922,0.7,-0.426
189,365,phenanthrene,,CH-ip-bend (8.6 um),1139.7,1138.5126,1.187,1.187,0.30980547945205483,0.9225394502500766,-2.2721723606686464,0.0,0.877,0.264,3.459
190,365,phenanthrene,,CC-stretch (6.2 um),1513.0,1520.4254,-7.425,-7.425,-7.678717171717172,-7.936359733681181,-2.7115100147895532,0.0,0.254,0.511,-4.713
191,266,anthracene,,CC-stretch/CH-ip (7.7 um),1341.0,1348.8673,-7.867,-7.867,-9.225895223420647,-7.473460629938465,-4.65088947466251,0.0,1.359,-0.394,-3.216
192,266,anthracene,,CC-stretch/CH-ip (7.7 um),1418.4,1403.409,14.991,14.991,13.632104776579352,14.975154659748442,17.28652452610874,0.0,1.359,0.016,-2.296
193,266,anthracene,,CH-ip-bend (8.6 um),1188.6,1186.7501,1.85,1.85,0.9746639344262297,2.4812980596574485,-0.020437562252231256,0.0,0.875,-0.631,1.87
194,266,anthracene,,CH-oop (10.5-15 um; benzene nu11 at 673 included),748.3,753.162,-4.862,-4.862,-5.7823219512195125,-4.647043205398156,-1.9664917688663244,0.0,0.92,-0.215,-2.896
195,266,anthracene,,CC-stretch (6.2 um),1539.9,1537.7205,2.18,2.18,1.971785234899329,3.0860410726551692,0.04833254152188404,0.0,0.208,-0.906,2.132
196,266,anthracene,,CC-stretch (6.2 um),1586.4,1579.4758,6.924,6.924,6.715785234899329,7.781538770725437,2.712148824520809,0.0,0.208,-0.858,4.212
197,266,anthracene,,CH-oop (10.5-15 um; benzene nu11 at 673 included),912.0,909.5911,2.409,2.409,1.4886780487804874,2.6076864880099326,1.5041985526733934,0.0,0.92,-0.199,0.905
198,266,anthracene,,CC-stretch/CH-ip (7.7 um),1456.5,1455.7669,0.733,0.733,-0.6258952234206471,0.4941546655694198,-3.313702578944494,0.0,1.359,0.239,4.047
199,266,anthracene,,CC-stretch/CH-ip (7.7 um),1314.6,1284.7379,29.862,29.862,28.503104776579352,29.03642713286662,27.856642403442375,0.0,1.359,0.826,2.005
200,266,anthracene,,CC-stretch/CH-ip (7.7 um),1290.4,1273.7438,16.656,16.656,15.297104776579351,16.011371277179688,10.529250105192231,0.0,1.359,0.645,6.127
201,266,anthracene,,CC-stretch/CH-ip (7.7 um),1430.2,1450.7307,-20.531,-20.531,-21.889895223420645,-20.98151349797472,-23.200899119990755,0.0,1.359,0.451,2.67
202,271,2-azapyrene,,CH-stretch,3042.0,3034.5521,7.448,7.448,9.429213675213676,9.813331656823301,8.48439899607571,0.0,-1.981,-2.365,-1.036
203,271,2-azapyrene,,CH-oop (10.5-15 um; benzene nu11 at 673 included),717.6,720.9499,-3.35,-3.35,-4.2553829787234045,-3.739138861346816,-5.364665094091228,0.0,0.905,0.389,2.015
204,271,2-azapyrene,,CH-oop (10.5-15 um; benzene nu11 at 673 included),893.7,896.9772,-3.277,-3.277,-4.182382978723404,-3.350112383241286,-2.756372499242325,0.0,0.905,0.073,-0.521
205,271,2-azapyrene,,CH-oop (10.5-15 um; benzene nu11 at 673 included),846.8,840.4909,6.309,6.309,5.403617021276596,6.242827429988881,6.075180326913255,0.0,0.905,0.066,0.234
206,271,2-azapyrene,,CH-oop (10.5-15 um; benzene nu11 at 673 included),816.5,819.6984,-3.198,-3.198,-4.103382978723404,-3.8431272130638785,-2.3222105775101642,0.0,0.905,0.645,-0.876
207,271,2-azapyrene,,CH-ip-bend (8.6 um),1143.3,1139.1446,4.155,4.155,3.3086225895316805,3.28009326430127,0.0485496757021604,0.0,0.846,0.875,4.106
208,271,2-azapyrene,,CH-ip-bend (8.6 um),1239.4,1236.1748,3.225,3.225,2.3786225895316804,2.496948181441982,1.64994348381849,0.0,0.846,0.728,1.575
209,271,2-azapyrene,,CC-stretch/CH-ip (7.7 um),1460.5,1455.9646,4.535,4.535,3.0891417565485364,3.1629613932711735,10.430384676019624,0.0,1.446,1.372,-5.895
210,271,2-azapyrene,,CH-oop (10.5-15 um; benzene nu11 at 673 included),822.4,812.7756,9.624,9.624,8.718617021276597,9.060321669824795,10.098544861784497,0.0,0.905,0.564,-0.475
211,271,2-azapyrene,,CC-stretch/CH-ip (7.7 um),1254.4,1253.4916,0.908,0.908,-0.5378582434514637,-0.7932797494198577,-5.858995583542084,0.0,1.446,1.701,6.767
212,271,2-azapyrene,,CH-ip-bend (8.6 um),1183.0,1175.9768,7.023,7.023,6.17662258953168,6.441530323218348,3.1821317991377174,0.0,0.846,0.581,3.841
213,271,2-azapyrene,,CC-stretch (6.2 um),1542.9,1549.7773,-6.877,-6.877,-7.178181208053691,-6.977280263434574,-12.304936968650551,0.0,0.301,0.1,5.428
214,271,2-azapyrene,,CH-ip-bend (8.6 um),1208.0,1207.4147,0.585,0.585,-0.26137741046831964,-0.03564977846223083,-3.2254174718454296,0.0,0.846,0.621,3.81
215,271,2-azapyrene,,CH-oop (10.5-15 um; benzene nu11 at 673 included),804.7,800.452,4.248,4.248,3.342617021276596,3.5545888084156116,5.541382241166547,0.0,0.905,0.693,-1.293
216,271,2-azapyrene,,ring / CH-ip (9-10.5 um),1024.9,1008.0155,16.885,16.885,18.259405405405406,20.31131126497379,21.01062184184608,0.0,-1.374,-3.426,-4.126
217,271,2-azapyrene,,ring / CH-ip (9-10.5 um),1077.1,1086.6039,-9.504,-9.504,-8.129594594594593,-5.920313261044653,-9.476304689059333,0.0,-1.374,-3.584,-0.028
218,271,2-azapyrene,,CC-stretch/CH-ip (7.7 um),1385.0,1388.0544,-3.054,-3.054,-4.499858243451463,-4.451085149487272,-5.566553791770376,0.0,1.446,1.397,2.513
219,271,2-azapyrene,,CC-stretch/CH-ip (7.7 um),1433.3,1432.9114,0.389,0.389,-1.0568582434514637,-0.8384396620950187,-5.2970820302934705,0.0,1.446,1.227,5.686
220,271,2-azapyrene,,CC-stretch (6.2 um),1572.9,1584.6233,-11.723,-11.723,-12.024181208053692,-11.862224530082242,-5.534810313982264,0.0,0.301,0.139,-6.188
221,271,2-azapyrene,,CC-stretch/CH-ip (7.7 um),1422.7,1423.8452,-1.145,-1.145,-2.5908582434514638,-2.4129720579288296,-3.4695851111417455,0.0,1.446,1.268,2.325
222,271,2-azapyrene,,CC-stretch/CH-ip (7.7 um),1427.5,1451.7279,-24.228,-24.228,-25.673858243451466,-25.376890862921453,-27.559493476633854,0.0,1.446,1.149,3.331
223,272,2-azapyrene,,CC-stretch (6.2 um),1548.7,1543.4917,5.208,5.208,4.993151006711409,5.974021597973334,3.3081494929711637,0.0,0.215,-0.766,1.9
224,272,2-azapyrene,,CC-stretch/CH-ip (7.7 um),1351.7,1347.6309,4.069,4.069,2.7337892307692306,4.036741488406634,2.3569507769052223,0.0,1.335,0.032,1.712
225,272,2-azapyrene,,CC-stretch/CH-ip (7.7 um),1305.1,1309.4435,-4.344,-4.344,-5.679210769230769,-4.892708299336002,-6.874269656673624,0.0,1.335,0.549,2.53
226,272,2-azapyrene,,CC-stretch/CH-ip (7.7 um),1358.7,1333.6887,25.011,25.011,23.67578923076923,24.263286431708828,29.26257644720691,0.0,1.335,0.748,-4.252
227,272,2-azapyrene,,CC-stretch/CH-ip (7.7 um),1428.0,1423.758,4.242,4.242,2.9067892307692307,4.04504079414568,4.877076981885507,0.0,1.335,0.197,-0.635
228,272,2-azapyrene,,CH-ip-bend (8.6 um),1140.1,1136.6807,3.419,3.419,2.571780821917808,3.262313821242041,2.408312705051266,0.0,0.847,0.157,1.011
229,272,2-azapyrene,,CH-oop (10.5-15 um; benzene nu11 at 673 included),694.8,691.6819,3.118,3.118,2.217055374592834,3.0929177696518027,4.226549570517677,0.0,0.901,0.025,-1.109
230,272,2-azapyrene,,CH-ip-bend (8.6 um),1259.2,1249.6307,9.569,9.569,8.72178082191781,9.928474433691969,7.280197266622438,0.0,0.847,-0.359,2.289
231,272,2-azapyrene,,ring / CH-ip (9-10.5 um),990.1,988.9455,1.154,1.154,2.664771739130435,5.521120123644783,5.2327355000966245,0.0,-1.511,-4.367,-4.079
232,272,2-azapyrene,,CH-oop (10.5-15 um; benzene nu11 at 673 included),855.3,846.9594,8.341,8.341,7.440055374592833,8.702167573750735,8.905573357408347,0.0,0.901,-0.361,-0.565
233,272,2-azapyrene,,CH-oop (10.5-15 um; benzene nu11 at 673 included),914.1,915.1936,-1.094,-1.094,-1.994944625407166,-0.7808036456939749,-1.4699051913097207,0.0,0.901,-0.313,0.376
234,272,2-azapyrene,,ring / CH-ip (9-10.5 um),1004.8,995.7727,9.027,9.027,10.537771739130434,13.569739603942445,11.39828417096363,0.0,-1.511,-4.543,-2.371
235,272,2-azapyrene,,CC-stretch (6.2 um),1516.5,1514.5814,1.919,1.919,1.7041510067114094,2.4509660301777982,2.917326268572093,0.0,0.215,-0.532,-0.998
236,272,2-azapyrene,,CC-stretch/CH-ip (7.7 um),1496.1,1477.1984,18.902,18.902,17.56678923076923,18.269101406063854,16.450309101069777,0.0,1.335,0.633,2.452
237,272,2-azapyrene,,ring / CH-ip (9-10.5 um),1100.6,1079.6831,20.917,20.917,22.427771739130435,16.644720628202258,16.190520584319913,0.0,-1.511,4.272,4.726
238,334,pyrene,R2 pyrene,CH-oop (10.5-15 um; benzene nu11 at 673 included),842.8,848.8038,-6.004,-6.004,-6.939954323001631,-6.091774178630599,-7.602270201223055,0.0,0.936,0.088,1.598
239,334,pyrene,R2 pyrene,CH-stretch,3050.2,3046.6211,3.579,3.579,5.5271452991453,5.170532532579253,12.78207945739358,0.0,-1.948,-1.592,-9.203
240,334,pyrene,R2 pyrene,CH-oop (10.5-15 um; benzene nu11 at 673 included),711.8,714.4102,-2.61,-2.61,-3.5459543230016313,-3.614340601570809,-6.8524296090311285,0.0,0.936,1.004,4.242
241,334,pyrene,R2 pyrene,CH-ip-bend (8.6 um),1183.9,1177.4173,6.483,6.483,5.631728767123287,5.5618313725909,1.8720031125199155,0.0,0.851,0.921,4.611
242,334,pyrene,R2 pyrene,CH-oop (10.5-15 um; benzene nu11 at 673 included),743.9,748.5871,-4.687,-4.687,-5.622954323001632,-5.863670937023231,-3.4379605437044995,0.0,0.936,1.177,-1.249
243,334,pyrene,R2 pyrene,CC-stretch/CH-ip (7.7 um),1434.8,1427.513,7.287,7.287,5.863923312883435,5.704050077785229,2.5679081038480023,0.0,1.423,1.583,4.719
244,334,pyrene,R2 pyrene,CC-stretch (6.2 um),1604.0,1599.9428,4.057,4.057,3.7324395973154365,3.594680557060039,3.253670992850307,0.0,0.325,0.462,0.803
245,334,pyrene,R2 pyrene,CH-oop (10.5-15 um; benzene nu11 at 673 included),821.5,818.3937,3.106,3.106,2.1700456769983685,1.8527815416976794,1.876625437229916,0.0,0.936,1.253,1.229
246,334,pyrene,R2 pyrene,CH-ip-bend (8.6 um),1243.0,1237.9737,5.026,5.026,4.1747287671232876,3.9353897669860967,-3.5085797920286463,0.0,0.851,1.091,8.535
247,334,pyrene,R2 pyrene,ring / CH-ip (9-10.5 um),1097.3,1088.104,9.196,9.196,10.642421621621622,3.586471560684542,1.4008849853316825,0.0,-1.446,5.61,7.795
248,334,pyrene,R2 pyrene,CC-stretch/CH-ip (7.7 um),1312.1,1318.1902,-6.09,-6.09,-7.513076687116564,-7.952836027111397,-10.048135623287585,0.0,1.423,1.863,3.958
249,334,pyrene,R2 pyrene,low / skeletal,542.6,542.6798,-0.08,-0.08,0.09119130434782606,-0.14634206575431413,-2.1231352374409944,0.0,-0.171,0.066,2.043
250,334,pyrene,R2 pyrene,CC-stretch/CH-ip (7.7 um),1471.0,1484.2757,-13.276,-13.276,-14.699076687116564,-14.993714901441043,-20.735664304841407,0.0,1.423,1.718,7.46
251,334,pyrene,R2 pyrene,low / skeletal,487.6,491.5603,-3.96,-3.96,-3.788808695652174,-4.202604881049985,-6.433859558974724,0.0,-0.171,0.243,2.474
252,334,pyrene,R2 pyrene,low / skeletal,499.2,496.4108,2.789,2.789,2.960191304347826,2.6473276767767935,7.343496767226462,0.0,-0.171,0.142,-4.554
253,334,pyrene,R2 pyrene,ring / CH-ip (9-10.5 um),964.1,952.5917,11.508,11.508,12.95442162162162,14.401864925571179,9.640551774860763,0.0,-1.446,-2.894,1.867
254,334,pyrene,R2 pyrene,CC-stretch (6.2 um),1581.3,1610.9238,-29.624,-29.624,-29.948560402684564,-30.246004782851358,-27.346712563606985,0.0,0.325,0.622,-2.277
255,387,fluoranthene,,CH-oop (10.5-15 um; benzene nu11 at 673 included),776.7,778.2061,-1.506,-1.506,-2.4077430441898526,-0.7875202272961266,-0.44940484449992657,0.0,0.902,-0.718,-1.057
256,387,fluoranthene,,CH-stretch,3066.0,3066.0976,-0.098,-0.098,1.8187179487179486,2.831335198860484,3.438008844137237,0.0,-1.917,-2.929,-3.536
257,387,fluoranthene,,CC-stretch/CH-ip (7.7 um),1461.8,1456.0331,5.767,5.767,4.381777265745008,5.855173473172641,6.0908109502727275,0.0,1.385,-0.088,-0.324
258,387,fluoranthene,,CH-oop (10.5-15 um; benzene nu11 at 673 included),744.5,746.8465,-2.346,-2.346,-3.247743044189853,-2.4181133901759644,-1.741050423233865,0.0,0.902,0.072,-0.605
259,387,fluoranthene,,CC-stretch/CH-ip (7.7 um),1456.5,1441.1048,15.395,15.395,14.009777265745008,14.823261320913748,13.352533275093421,0.0,1.385,0.572,2.042
260,387,fluoranthene,,CC-stretch/CH-ip (7.7 um),1429.2,1424.2997,4.9,4.9,3.514777265745008,4.395176693641802,4.3016273663151505,0.0,1.385,0.505,0.598
261,387,fluoranthene,,low / skeletal,619.3,624.8484,-5.548,-5.548,-5.387692640692641,-4.398885932759058,-4.283707785910329,0.0,-0.16,-1.149,-1.264
262,387,fluoranthene,,CH-oop (10.5-15 um; benzene nu11 at 673 included),827.9,830.903,-3.003,-3.003,-3.904743044189853,-2.9843232517795864,-2.0688808750571974,0.0,0.902,-0.019,-0.934
263,387,fluoranthene,,CH-ip-bend (8.6 um),1137.3,1134.407,2.893,2.893,2.074625344352617,2.7167238880071123,1.1922026371595935,0.0,0.818,0.176,1.701
264,387,fluoranthene,,CC-stretch (6.2 um),1616.5,1611.2692,5.231,5.231,5.010528428093646,5.478751241513052,15.142077836933387,0.0,0.22,-0.248,-9.911
265,387,fluoranthene,,CH-ip-bend (8.6 um),1184.4,1180.5698,3.83,3.83,3.011625344352617,3.6171116691810115,2.3951877672036703,0.0,0.818,0.213,1.435
266,387,fluoranthene,,low / skeletal,561.1,559.1463,1.954,1.954,2.114307359307359,2.8094322575506756,3.4008572408317725,0.0,-0.16,-0.855,-1.447
267,387,fluoranthene,,CC-stretch/CH-ip (7.7 um),1479.8,1491.8751,-12.075,-12.075,-13.460222734254991,-12.679510104722826,-8.650707886200896,0.0,1.385,0.605,-3.424
268,387,fluoranthene,,CH-ip-bend (8.6 um),1217.0,1221.9266,-4.927,-4.927,-5.745374655647383,-5.128420403577504,-11.773874983773077,0.0,0.818,0.201,6.847
269,387,fluoranthene,,CH-oop (10.5-15 um; benzene nu11 at 673 included),936.3,917.829,18.471,18.471,17.569256955810147,18.21468263069857,12.632302828048113,0.0,0.902,0.256,5.839
270,387,fluoranthene,,ring / CH-ip (9-10.5 um),1019.5,1031.1758,-11.676,-11.676,-10.39771195652174,-7.968358893124078,-10.15703396240807,0.0,-1.278,-3.708,-1.519
271,387,fluoranthene,,ring / CH-ip (9-10.5 um),1036.7,1048.2932,-11.593,-11.593,-10.314711956521739,-7.774325421173197,-2.898149785945762,0.0,-1.278,-3.819,-8.695
272,387,fluoranthene,,ring / CH-ip (9-10.5 um),1106.3,1094.7096,11.59,11.59,12.86828804347826,6.849551480452513,3.701567476714149,0.0,-1.278,4.74,7.888
273,387,fluoranthene,,CH-ip-bend (8.6 um),1230.6,1207.2425,23.357,23.357,22.538625344352617,23.08260585501428,23.92195195951801,0.0,0.818,0.274,-0.565
274,387,fluoranthene,,CH-oop (10.5-15 um; benzene nu11 at 673 included),672.0,671.67,0.33,0.33,-0.5717430441898528,-0.3405284096637747,-3.5850578564905953,0.0,0.902,0.671,3.915
275,387,fluoranthene,,CH-oop (10.5-15 um; benzene nu11 at 673 included),762.9,762.2659,0.634,0.634,-0.26774304418985273,0.1311886853271912,0.5711608464467233,0.0,0.902,0.503,0.063
276,360,pyrene,,CC-stretch/CH-ip (7.7 um),1356.1,1346.4695,9.63,9.63,8.252088957055216,8.999821725543907,8.340709035437948,0.0,1.378,0.63,1.289
277,360,pyrene,,CC-stretch (6.2 um),1552.0,1551.5645,0.436,0.436,0.19949163879598664,0.3091815862872216,-0.866594889634317,0.0,0.237,0.127,1.303
278,360,pyrene,,CH-ip-bend (8.6 um),1245.1,1234.0946,11.005,11.005,10.183961538461539,10.919439778854032,7.0724780042884525,0.0,0.821,0.086,3.933
279,360,pyrene,,CH-oop (10.5-15 um; benzene nu11 at 673 included),861.0,862.6964,-1.696,-1.696,-2.6096731707317073,-1.8178259840381448,-3.417520400649874,0.0,0.914,0.122,1.722
280,360,pyrene,,CH-oop (10.5-15 um; benzene nu11 at 673 included),690.1,686.7683,3.332,3.332,2.4183268292682927,2.5360637134786117,6.195617864619943,0.0,0.914,0.796,-2.864
281,360,pyrene,,CC-stretch/CH-ip (7.7 um),1421.1,1421.9223,-0.822,-0.822,-2.1999110429447852,-1.9721240443057568,-1.8646259125881564,0.0,1.378,1.15,1.043
282,360,pyrene,,CH-ip-bend (8.6 um),1216.0,1206.7025,9.297,9.297,8.475961538461538,8.736079410228886,8.412038088030988,0.0,0.821,0.561,0.885
283,360,pyrene,,CC-stretch/CH-ip (7.7 um),1440.3,1431.7387,8.561,8.561,7.183088957055214,7.471084183355796,3.201944068762282,0.0,1.378,1.09,5.359
284,360,pyrene,,ring / CH-ip (9-10.5 um),976.5,975.4908,1.009,1.009,2.2315434782608694,4.185095465580561,-4.692384594980934,0.0,-1.223,-3.176,5.701
285,360,pyrene,,ring / CH-ip (9-10.5 um),1102.0,1095.3584,6.642,6.642,7.86454347826087,1.2926686741095885,-0.8389782310266405,0.0,-1.223,5.349,7.481
286,360,pyrene,,ring / CH-ip (9-10.5 um),953.8,983.3869,-29.587,-29.587,-28.36445652173913,-26.35400676782545,-33.30844126703583,0.0,-1.223,-3.233,3.721
287,360,pyrene,,CH-ip-bend (8.6 um),1188.7,1185.6374,3.063,3.063,2.241961538461539,2.185954406507592,1.392417744650054,0.0,0.821,0.877,1.671
288,831,benz[a]acridine,,CH-oop (10.5-15 um; benzene nu11 at 673 included),753.6,755.049,-1.449,-1.449,-2.3255980230642503,-1.7726406374437187,1.1132850074665857,0.0,0.877,0.324,-2.562
289,831,benz[a]acridine,,CH-stretch,3068.6,3066.1679,2.432,2.432,4.558206896551724,4.343636289967058,4.550632812178639,0.0,-2.126,-1.912,-2.119
290,831,benz[a]acridine,,CH-oop (10.5-15 um; benzene nu11 at 673 included),833.1,834.9813,-1.881,-1.881,-2.7575980230642507,-2.5559922828867663,-1.2635023096430569,0.0,0.877,0.675,-0.617
291,831,benz[a]acridine,,CC-stretch (6.2 um),1506.6,1503.8944,2.706,2.706,2.5128378378378375,2.3972799275605072,2.2664883759970857,0.0,0.193,0.309,0.44
292,831,benz[a]acridine,,CC-stretch (6.2 um),1620.5,1618.1642,2.336,2.336,2.1428378378378374,2.1103202924909454,0.698074853623794,0.0,0.193,0.226,1.638
293,831,benz[a]acridine,,CH-oop (10.5-15 um; benzene nu11 at 673 included),905.9,901.7925,4.107,4.107,3.2304019769357497,3.3508104763078665,3.497629884312303,0.0,0.877,0.756,0.609
294,831,benz[a]acridine,,CC-stretch (6.2 um),1543.3,1541.2743,2.026,2.026,1.8328378378378376,1.681674353785544,-0.6969743486604978,0.0,0.193,0.344,2.723
295,831,benz[a]acridine,,CC-stretch/CH-ip (7.7 um),1411.1,1408.9478,2.152,2.152,0.7507368421052634,0.4132539761673404,1.8406599952328753,0.0,1.401,1.739,0.311
296,831,benz[a]acridine,,CC-stretch/CH-ip (7.7 um),1383.8,1370.3717,13.428,13.428,12.026736842105263,11.775132907135394,6.959663202500034,0.0,1.401,1.653,6.468
297,831,benz[a]acridine,,CH-oop (10.5-15 um; benzene nu11 at 673 included),857.6,860.5018,-2.902,-2.902,-3.7785980230642506,-3.8602127990087025,-2.844102503460256,0.0,0.877,0.958,-0.058
298,831,benz[a]acridine,,low / skeletal,542.5,547.0543,-4.554,-4.554,-4.3779122807017545,-4.46826423902379,-2.50509147440506,0.0,-0.176,-0.086,-2.049
299,831,benz[a]acridine,,low / skeletal,576.4,575.2985,1.101,1.101,1.2770877192982455,1.2575526695268273,3.1791145124476037,0.0,-0.176,-0.157,-2.078
300,831,benz[a]acridine,,CC-stretch/CH-ip (7.7 um),1348.4,1343.3926,5.007,5.007,3.605736842105263,3.3263338477390474,1.253737274847841,0.0,1.401,1.681,3.753
301,831,benz[a]acridine,,CC-stretch/CH-ip (7.7 um),1476.6,1480.5647,-3.965,-3.965,-5.366263157894736,-5.475928890182752,-2.188158087952428,0.0,1.401,1.511,-1.777
302,831,benz[a]acridine,,CC-stretch/CH-ip (7.7 um),1417.8,1399.9422,17.858,17.858,16.456736842105265,16.217456201401816,12.439488549809232,0.0,1.401,1.641,5.419
303,831,benz[a]acridine,,CH-ip-bend (8.6 um),1138.3,1136.9458,1.354,1.354,0.4840580110497239,0.09632002486373636,0.15379998766261704,0.0,0.87,1.258,1.2
304,831,benz[a]acridine,,CH-ip-bend (8.6 um),1126.8,1124.6494,2.151,2.151,1.2810580110497236,0.9126732171793401,1.2839177727212738,0.0,0.87,1.238,0.867
305,831,benz[a]acridine,,CH-oop (10.5-15 um; benzene nu11 at 673 included),651.6,650.5804,1.02,1.02,0.14340197693574952,-0.4629702653954957,-0.5245067628362623,0.0,0.877,1.483,1.545
306,831,benz[a]acridine,,CH-oop (10.5-15 um; benzene nu11 at 673 included),874.9,869.6547,5.245,5.245,4.36840197693575,4.1854419999916335,2.7768482448294036,0.0,0.877,1.06,2.468
307,831,benz[a]acridine,,CH-ip-bend (8.6 um),1219.2,1214.2907,4.909,4.909,4.039058011049724,3.7632637666370985,1.149084081309549,0.0,0.87,1.146,3.76
308,831,benz[a]acridine,,low / skeletal,618.1,618.835,-0.735,-0.735,-0.5589122807017544,-0.5847632031686314,0.15478398546179706,0.0,-0.176,-0.15,-0.89
309,831,benz[a]acridine,,CH-ip-bend (8.6 um),1233.9,1235.9237,-2.024,-2.024,-2.893941988950276,-2.9429490170332135,-2.6723075840124793,0.0,0.87,0.919,0.648
310,831,benz[a]acridine,,ring / CH-ip (9-10.5 um),983.9,978.7699,5.13,5.13,6.391701086956521,7.93774792255585,4.377596770413236,0.0,-1.262,-2.808,0.752
311,831,benz[a]acridine,,CH-ip-bend (8.6 um),1191.4,1190.4865,0.914,0.914,0.044058011049723844,-0.2769675860437327,0.04729797234513222,0.0,0.87,1.191,0.867
312,831,benz[a]acridine,,ring / CH-ip (9-10.5 um),1041.1,1050.7727,-9.673,-9.673,-8.411298913043478,-6.724219391307534,-5.323757075429876,0.0,-1.262,-2.949,-4.349
313,831,benz[a]acridine,,low / skeletal,492.3,489.966,2.334,2.334,2.510087719298246,2.138484198184342,4.160306317852533,0.0,-0.176,0.196,-1.826
314,831,benz[a]acridine,,CC-stretch (6.2 um),1567.6,1560.6916,6.908,6.908,6.714837837837838,6.355942406247852,7.531466608865028,0.0,0.193,0.552,-0.623
315,831,benz[a]acridine,,CH-stretch,3111.2,3091.3455,19.854,19.854,21.980206896551724,21.913212069322167,17.090630297868724,0.0,-2.126,-2.059,2.763
316,831,benz[a]acridine,,CC-stretch/CH-ip (7.7 um),1459.5,1455.2921,4.208,4.208,2.8067368421052636,2.5827566340715475,4.519703396279909,0.0,1.401,1.625,-0.312
317,831,benz[a]acridine,,ring / CH-ip (9-10.5 um),1007.8,1017.9884,-10.188,-10.188,-8.926298913043478,-7.338093935788221,-9.446199742094176,0.0,-1.262,-2.85,-0.742
318,831,benz[a]acridine,,CC-stretch/CH-ip (7.7 um),1315.0,1318.1966,-3.197,-3.197,-4.598263157894737,-5.322881384251764,-1.7930697537734268,0.0,1.401,2.126,-1.404
319,831,benz[a]acridine,,CC-stretch/CH-ip (7.7 um),1248.1,1268.7295,-20.63,-20.63,-22.031263157894735,-22.7486639831106,-22.533248038055103,0.0,1.401,2.119,1.903
320,831,benz[a]acridine,,CH-oop (10.5-15 um; benzene nu11 at 673 included),867.1,868.1295,-1.029,-1.029,-1.9055980230642504,-2.0227968733328043,-2.0117551206957747,0.0,0.877,0.994,0.983
321,831,benz[a]acridine,,CH-oop (10.5-15 um; benzene nu11 at 673 included),955.9,946.3921,9.508,9.508,8.631401976935749,8.611121913842096,2.089596262335408,0.0,0.877,0.897,7.418
322,831,benz[a]acridine,,CH-oop (10.5-15 um; benzene nu11 at 673 included),946.2,927.6558,18.544,18.544,17.66740197693575,17.667236884373896,10.965707075815033,0.0,0.877,0.877,7.578
323,831,benz[a]acridine,,CH-oop (10.5-15 um; benzene nu11 at 673 included),792.7,792.413,0.287,0.287,-0.5895980230642506,-1.0096661933266362,-1.6550734311577378,0.0,0.877,1.297,1.942
324,831,benz[a]acridine,,low / skeletal,458.9,457.5228,1.377,1.377,1.5530877192982455,1.0599566690244258,3.750443884970908,0.0,-0.176,0.317,-2.373
325,831,benz[a]acridine,,CC-stretch/CH-ip (7.7 um),1321.6,1325.9096,-4.31,-4.31,-5.711263157894736,-6.254422401566712,-5.75615427967616,0.0,1.401,1.944,1.446
326,295,2-azachrysene,,CH-oop (10.5-15 um; benzene nu11 at 673 included),752.3,754.8451,-2.545,-2.545,-3.488381818181818,-3.851550927526531,0.034459130923734094,0.0,0.943,1.307,-2.579
327,295,2-azachrysene,,CH-oop (10.5-15 um; benzene nu11 at 673 included),819.9,822.6945,-2.794,-2.794,-3.7373818181818184,-3.8938162049084326,-3.630487715532072,0.0,0.943,1.1,0.836
328,295,2-azachrysene,,CH-stretch,3062.4,3062.0372,0.363,0.363,2.065982456140351,1.3789160490720118,-1.846379318479514,0.0,-1.703,-1.016,2.209
329,295,2-azachrysene,,CH-stretch,3037.2,3050.9853,-13.785,-13.785,-12.08201754385965,-13.168246447891097,-6.747095170700875,0.0,-1.703,-0.617,-7.038
330,295,2-azachrysene,,CH-oop (10.5-15 um; benzene nu11 at 673 included),699.6,698.2021,1.398,1.398,0.4546181818181818,-0.38190359824731224,3.2971476692693673,0.0,0.943,1.78,-1.899
331,295,2-azachrysene,,CC-stretch/CH-ip (7.7 um),1268.9,1259.8688,9.031,9.031,7.7247449768160745,6.844061480682358,0.7706906465520333,0.0,1.306,2.187,8.26
332,295,2-azachrysene,,CC-stretch/CH-ip (7.7 um),1480.7,1480.9897,-0.29,-0.29,-1.5962550231839259,-2.2900037645804394,-2.562124463000509,0.0,1.306,2.0,2.272
333,295,2-azachrysene,,CH-stretch,3102.5,3103.7237,-1.224,-1.224,0.47898245614035084,-0.11593302146750162,-4.691658406835878,0.0,-1.703,-1.108,3.468
334,295,2-azachrysene,,CC-stretch (6.2 um),1620.9,1619.2982,1.602,1.602,1.3831114864864866,0.6941643392664454,0.022086705497722736,0.0,0.219,0.908,1.58
335,295,2-azachrysene,,CH-oop (10.5-15 um; benzene nu11 at 673 included),804.3,804.1186,0.181,0.181,-0.762381818181818,-1.8382676096818074,1.0999343373270378,0.0,0.943,2.019,-0.919
336,295,2-azachrysene,,CC-stretch/CH-ip (7.7 um),1401.8,1397.2354,4.565,4.565,3.2587449768160743,2.309617421554936,-5.950477398121733,0.0,1.306,2.255,10.515
337,295,2-azachrysene,,CC-stretch/CH-ip (7.7 um),1439.8,1435.312,4.488,4.488,3.1817449768160744,2.24889241097742,-1.5936774933266236,0.0,1.306,2.239,6.082
338,295,2-azachrysene,,low / skeletal,563.3,561.6758,1.624,1.624,1.779822510822511,0.8489626172655174,3.3586936079023335,0.0,-0.156,0.775,-1.735
339,295,2-azachrysene,,ring / CH-ip (9-10.5 um),1028.3,1027.3663,0.934,0.934,2.1929135135135134,3.1985266251725055,3.184819261560407,0.0,-1.259,-2.265,-2.251
340,295,2-azachrysene,,CC-stretch (6.2 um),1579.8,1568.8305,10.969,10.969,10.750111486486485,9.707104442107491,5.2745728412919215,0.0,0.219,1.262,5.694
341,295,2-azachrysene,,CC-stretch (6.2 um),1604.4,1606.213,-1.813,-1.813,-2.0318885135135134,-2.656318130140285,-2.1409037160584727,0.0,0.219,0.843,0.328
342,295,2-azachrysene,,CC-stretch (6.2 um),1586.4,1590.7973,-4.397,-4.397,-4.6158885135135135,-5.211630946731072,-3.285845913742194,0.0,0.219,0.815,-1.111
343,295,2-azachrysene,,CH-oop (10.5-15 um; benzene nu11 at 673 included),864.3,862.9366,1.363,1.363,0.4196181818181819,-0.5426268195658475,2.983383239168231,0.0,0.943,1.906,-1.62
344,295,2-azachrysene,,CH-oop (10.5-15 um; benzene nu11 at 673 included),787.6,784.8233,2.777,2.777,1.833618181818182,0.7320972106813515,3.0208596765932425,0.0,0.943,2.045,-0.244
345,295,2-azachrysene,,CH-stretch,3004.6,3020.1679,-15.568,-15.568,-13.865017543859649,-14.413055112916703,-15.496108107980048,0.0,-1.703,-1.155,-0.072
346,295,2-azachrysene,,CH-ip-bend (8.6 um),1200.1,1197.8559,2.244,2.244,1.376632876712329,0.368951249821593,-0.1924852882974606,0.0,0.867,1.875,2.436
347,295,2-azachrysene,,CH-oop (10.5-15 um; benzene nu11 at 673 included),856.3,851.0586,5.241,5.241,4.297618181818182,3.4206106985853952,6.7583994490863315,0.0,0.943,1.82,-1.517
348,295,2-azachrysene,,CC-stretch/CH-ip (7.7 um),1261.2,1250.1112,11.089,11.089,9.782744976816074,8.295930703193639,12.351516241651298,0.0,1.306,2.793,-1.263
349,295,2-azachrysene,,CH-oop (10.5-15 um; benzene nu11 at 673 included),857.8,876.9076,-19.108,-19.108,-20.05138181818182,-21.05135799699948,-19.7935039710205,0.0,0.943,1.943,0.686
350,295,2-azachrysene,,ring / CH-ip (9-10.5 um),1049.8,1064.7195,-14.919,-14.919,-13.660086486486486,-12.565319544887073,-10.964187417596097,0.0,-1.259,-2.354,-3.955
351,295,2-azachrysene,,CH-ip-bend (8.6 um),1143.9,1140.51,3.39,3.39,2.522632876712329,1.2840626958655363,5.306805617399673,0.0,0.867,2.106,-1.917
352,295,2-azachrysene,,CH-oop (10.5-15 um; benzene nu11 at 673 included),926.2,927.0784,-0.878,-0.878,-1.821381818181818,-2.829457230412401,-5.687244001612341,0.0,0.943,1.951,4.809
353,295,2-azachrysene,,CH-oop (10.5-15 um; benzene nu11 at 673 included),679.6,680.8348,-1.235,-1.235,-2.178381818181818,-3.601114430280022,-1.7013610989597754,0.0,0.943,2.366,0.466
354,295,2-azachrysene,,low / skeletal,507.4,513.6538,-6.254,-6.254,-6.0981774891774885,-7.189855166536766,-5.187181668638944,0.0,-0.156,0.936,-1.067
355,295,2-azachrysene,,CH-oop (10.5-15 um; benzene nu11 at 673 included),839.9,835.0178,4.882,4.882,3.938618181818182,2.934367625083718,7.045496987938391,0.0,0.943,1.948,-2.163
356,295,2-azachrysene,,CC-stretch/CH-ip (7.7 um),1398.5,1370.8099,27.69,27.69,26.383744976816075,25.169179627643224,26.186103083583063,0.0,1.306,2.521,1.504
357,295,2-azachrysene,,CH-oop (10.5-15 um; benzene nu11 at 673 included),945.1,941.5832,3.517,3.517,2.5736181818181816,1.5751396905643813,3.15946323152686,0.0,0.943,1.942,0.358
358,295,2-azachrysene,,CC-stretch/CH-ip (7.7 um),1374.6,1358.8366,15.763,15.763,14.456744976816074,13.156721721819473,23.668046662129278,0.0,1.306,2.606,-7.905
359,295,2-azachrysene,,CC-stretch/CH-ip (7.7 um),1427.4,1429.1158,-1.716,-1.716,-3.022255023183926,-4.252714656586236,4.793080455357955,0.0,1.306,2.537,-6.509
360,285,1-azabenz[a]anthracene,,CH-stretch,3059.2,3054.0452,5.155,5.155,7.116615384615385,7.2294814270812715,8.611642599361915,0.0,-1.962,-2.074,-3.457
361,285,1-azabenz[a]anthracene,,CC-stretch/CH-ip (7.7 um),1415.9,1401.549,14.351,14.351,13.017719379844962,13.952814447638787,10.349802401216575,0.0,1.333,0.398,4.001
362,285,1-azabenz[a]anthracene,,CH-oop (10.5-15 um; benzene nu11 at 673 included),884.4,884.2632,0.137,0.137,-0.8389089403973509,-0.01155578122344858,2.7526890679740306,0.0,0.976,0.149,-2.616
363,285,1-azabenz[a]anthracene,,CH-oop (10.5-15 um; benzene nu11 at 673 included),741.4,746.1681,-4.768,-4.768,-5.7439089403973504,-5.340880440157739,-2.7028274351514456,0.0,0.976,0.573,-2.065
364,285,1-azabenz[a]anthracene,,CH-oop (10.5-15 um; benzene nu11 at 673 included),804.0,808.6032,-4.603,-4.603,-5.57890894039735,-5.323034455109002,-2.7884094869513785,0.0,0.976,0.72,-1.815
365,285,1-azabenz[a]anthracene,,CC-stretch (6.2 um),1543.4,1543.1244,0.276,0.276,0.03975420875420879,0.2526920272791837,-3.298670971535061,0.0,0.236,0.023,3.575
366,285,1-azabenz[a]anthracene,,CH-oop (10.5-15 um; benzene nu11 at 673 included),773.2,777.2386,-4.039,-4.039,-5.01490894039735,-4.81593425550464,-3.7114356622618763,0.0,0.976,0.777,-0.328
367,285,1-azabenz[a]anthracene,,CC-stretch/CH-ip (7.7 um),1440.9,1439.3157,1.584,1.584,0.2507193798449614,0.4644600001690091,0.08739117042312738,0.0,1.333,1.12,1.497
368,285,1-azabenz[a]anthracene,,CH-oop (10.5-15 um; benzene nu11 at 673 included),914.3,926.9775,-12.678,-12.678,-13.653908940397352,-13.683818415753123,-20.984148637697885,0.0,0.976,1.006,8.306
369,285,1-azabenz[a]anthracene,,CH-oop (10.5-15 um; benzene nu11 at 673 included),694.4,697.7546,-3.355,-3.355,-4.330908940397351,-4.450219465113238,-1.3473186832503758,0.0,0.976,1.095,-2.008
370,285,1-azabenz[a]anthracene,,CC-stretch/CH-ip (7.7 um),1493.5,1491.125,2.375,2.375,1.0417193798449613,1.3039568628804918,1.584991690286818,0.0,1.333,1.071,0.79
371,285,1-azabenz[a]anthracene,,CH-ip-bend (8.6 um),1150.3,1150.7839,-0.484,-0.484,-1.3316795580110496,-1.3454384621994566,-2.4946356276453074,0.0,0.848,0.861,2.011
372,285,1-azabenz[a]anthracene,,CH-oop (10.5-15 um; benzene nu11 at 673 included),825.8,831.709,-5.909,-5.909,-6.8849089403973505,-6.886917170698662,-4.418753878915855,0.0,0.976,0.978,-1.49
373,285,1-azabenz[a]anthracene,,low / skeletal,576.3,574.8892,1.411,1.411,1.5880608695652174,1.7935507909547068,4.350718828789875,0.0,-0.177,-0.383,-2.94
374,285,1-azabenz[a]anthracene,,CH-ip-bend (8.6 um),1133.6,1139.7523,-6.152,-6.152,-6.99967955801105,-7.155310205647912,-7.294941147431421,0.0,0.848,1.003,1.143
375,285,1-azabenz[a]anthracene,,low / skeletal,646.3,645.568,0.732,0.732,0.9090608695652174,1.1138844776552335,3.826657445475937,0.0,-0.177,-0.382,-3.095
376,285,1-azabenz[a]anthracene,,CH-oop (10.5-15 um; benzene nu11 at 673 included),954.1,945.993,8.107,8.107,7.131091059602649,7.400397138105107,3.282423515669036,0.0,0.976,0.707,4.825
377,285,1-azabenz[a]anthracene,,CC-stretch/CH-ip (7.7 um),1269.6,1262.0,7.6,7.6,6.266719379844961,5.942285097275255,4.118833871009131,0.0,1.333,1.658,3.481
378,285,1-azabenz[a]anthracene,,CH-oop (10.5-15 um; benzene nu11 at 673 included),844.2,849.5982,-5.398,-5.398,-6.37390894039735,-6.365015967135067,-4.534413253588419,0.0,0.976,0.967,-0.864
379,285,1-azabenz[a]anthracene,,CC-stretch/CH-ip (7.7 um),1310.5,1303.3811,7.119,7.119,5.785719379844961,5.466184796686086,4.946784272403858,0.0,1.333,1.653,2.172
380,285,1-azabenz[a]anthracene,,CC-stretch/CH-ip (7.7 um),1451.2,1444.1715,7.029,7.029,5.695719379844961,5.585288560565034,11.998476630581415,0.0,1.333,1.444,-4.969
381,285,1-azabenz[a]anthracene,,CC-stretch (6.2 um),1563.8,1562.1156,1.684,1.684,1.4477542087542088,1.2026673525091491,-4.911636461508176,0.0,0.236,0.481,6.596
382,285,1-azabenz[a]anthracene,,CC-stretch (6.2 um),1601.7,1602.673,-0.973,-0.973,-1.2092457912457912,-1.214499368414098,6.815941676472501,0.0,0.236,0.241,-7.789
383,285,1-azabenz[a]anthracene,,CH-ip-bend (8.6 um),1172.3,1166.4804,5.82,5.82,4.97232044198895,4.86277135939115,5.551085664722699,0.0,0.848,0.957,0.269
384,285,1-azabenz[a]anthracene,,ring / CH-ip (9-10.5 um),1099.9,1092.7337,7.166,7.166,8.475524324324326,1.59353728379486,3.1121246846571022,0.0,-1.31,5.572,4.054
385,285,1-azabenz[a]anthracene,,ring / CH-ip (9-10.5 um),1009.9,1021.6885,-11.788,-11.788,-10.478475675675675,-8.76773099405926,-8.418811306279284,0.0,-1.31,-3.02,-3.369
386,285,1-azabenz[a]anthracene,,CC-stretch/CH-ip (7.7 um),1340.0,1339.3535,0.647,0.647,-0.6862806201550387,-0.9195940611743565,-2.6334062675339025,0.0,1.333,1.567,3.28
387,285,1-azabenz[a]anthracene,,CC-stretch/CH-ip (7.7 um),1287.4,1291.6756,-4.276,-4.276,-5.6092806201550385,-5.928078620547536,-7.9740657467065885,0.0,1.333,1.652,3.698
388,285,1-azabenz[a]anthracene,,CC-stretch/CH-ip (7.7 um),1479.8,1484.3152,-4.515,-4.515,-5.848280620155038,-5.964920561422462,-1.448147357778511,0.0,1.333,1.45,-3.067
389,285,1-azabenz[a]anthracene,,CC-stretch/CH-ip (7.7 um),1279.9,1256.0129,23.887,23.887,22.553719379844964,22.12821193052992,21.857903408465813,0.0,1.333,1.759,2.029
390,285,1-azabenz[a]anthracene,,CH-oop (10.5-15 um; benzene nu11 at 673 included),794.4,790.3748,4.025,4.025,3.0490910596026497,2.811697610962968,6.793434605366062,0.0,0.976,1.213,-2.768
391,285,1-azabenz[a]anthracene,,low / skeletal,619.9,621.9441,-2.044,-2.044,-1.8669391304347827,-1.8248089713544342,-2.6011075554501453,0.0,-0.177,-0.219,0.557
392,285,1-azabenz[a]anthracene,,CH-oop (10.5-15 um; benzene nu11 at 673 included),724.9,722.0064,2.894,2.894,1.9180910596026493,1.5375047235968753,1.1201944211820734,0.0,0.976,1.356,1.774
393,285,1-azabenz[a]anthracene,,CH-oop (10.5-15 um; benzene nu11 at 673 included),767.2,767.6461,-0.446,-0.446,-1.4219089403973508,-1.733969298927827,2.058282073348989,0.0,0.976,1.288,-2.504
394,285,1-azabenz[a]anthracene,,CH-ip-bend (8.6 um),1211.3,1222.2405,-10.941,-10.941,-11.78867955801105,-11.893482416818568,-9.99077469539422,0.0,0.848,0.952,-0.95
395,285,1-azabenz[a]anthracene,,CH-oop (10.5-15 um; benzene nu11 at 673 included),761.9,761.7711,0.129,0.129,-0.8469089403973509,-1.1499144660117142,4.344087155323182,0.0,0.976,1.279,-4.215
396,285,1-azabenz[a]anthracene,,CH-ip-bend (8.6 um),1223.7,1196.5802,27.12,27.12,26.272320441988953,26.08925642638018,29.781260975921963,0.0,0.848,1.031,-2.661
397,297,4-azachrysene,,CH-stretch,3059.8,3061.046,-1.246,-1.246,0.5453805309734514,0.3532589913682478,0.8765608818279769,0.0,-1.791,-1.599,-2.123
398,297,4-azachrysene,,CH-oop (10.5-15 um; benzene nu11 at 673 included),778.0,779.2628,-1.263,-1.263,-2.14792880794702,-1.889801674015148,0.9309576470017409,0.0,0.885,0.627,-2.194
399,297,4-azachrysene,,CC-stretch/CH-ip (7.7 um),1408.0,1400.1984,7.802,7.802,6.46078549382716,6.4254082524204605,0.44830498668962093,0.0,1.341,1.377,7.354
400,297,4-azachrysene,,CH-oop (10.5-15 um; benzene nu11 at 673 included),753.2,754.9675,-1.767,-1.767,-2.65192880794702,-2.8226551477006447,0.506780000453698,0.0,0.885,1.056,-2.274
401,297,4-azachrysene,,CC-stretch (6.2 um),1599.4,1600.6543,-1.254,-1.254,-1.3771016949152544,-1.6375758801656417,1.7635605434784445,0.0,0.123,0.384,-3.018
402,297,4-azachrysene,,CH-oop (10.5-15 um; benzene nu11 at 673 included),830.2,830.9626,-0.763,-0.763,-1.6479288079470198,-1.728730638570264,-2.1637998177980005,0.0,0.885,0.966,1.401
403,297,4-azachrysene,,CC-stretch/CH-ip (7.7 um),1487.6,1487.7481,-0.148,-0.148,-1.4892145061728395,-1.8443551904808813,-3.6802202994708764,0.0,1.341,1.696,3.532
404,297,4-azachrysene,,CH-stretch,3089.9,3083.5964,6.304,6.304,8.095380530973452,7.750521616791655,5.128781260205588,0.0,-1.791,-1.447,1.175
405,297,4-azachrysene,,CH-stretch,3029.7,3034.6875,-4.988,-4.988,-3.1966194690265493,-3.1065259323819685,-1.1356112596149366,0.0,-1.791,-1.881,-3.852
406,297,4-azachrysene,,CH-oop (10.5-15 um; benzene nu11 at 673 included),805.9,808.2087,-2.309,-2.309,-3.19392880794702,-3.641252204653323,-3.1711169601372218,0.0,0.885,1.332,0.862
407,297,4-azachrysene,,CC-stretch/CH-ip (7.7 um),1394.3,1378.0757,16.224,16.224,14.88278549382716,14.488830680961598,15.788590079034893,0.0,1.341,1.735,0.435
408,297,4-azachrysene,,CH-stretch,3034.4,3052.6086,-18.209,-18.209,-16.417619469026548,-17.345167996921152,-15.986311848386816,0.0,-1.791,-0.864,-2.223
409,297,4-azachrysene,,CH-oop (10.5-15 um; benzene nu11 at 673 included),675.4,673.9749,1.425,1.425,0.5400711920529803,-0.4124304926423348,-0.03903764880550065,0.0,0.885,1.837,1.464
410,297,4-azachrysene,,CH-oop (10.5-15 um; benzene nu11 at 673 included),842.8,845.091,-2.291,-2.291,-3.17592880794702,-3.5914159722376438,-3.4686550142467905,0.0,0.885,1.3,1.178
411,297,4-azachrysene,,CC-stretch/CH-ip (7.7 um),1311.8,1297.7862,14.014,14.014,12.67278549382716,11.664553608695606,5.157507473594567,0.0,1.341,2.349,8.856
412,297,4-azachrysene,,CH-oop (10.5-15 um; benzene nu11 at 673 included),866.0,866.621,-0.621,-0.621,-1.5059288079470199,-1.9625876310103183,-1.0512052494660673,0.0,0.885,1.342,0.43
413,297,4-azachrysene,,CH-oop (10.5-15 um; benzene nu11 at 673 included),683.0,681.394,1.606,1.606,0.7210711920529803,-0.12248283631014467,0.9583672478177455,0.0,0.885,1.728,0.648
414,297,4-azachrysene,,CC-stretch/CH-ip (7.7 um),1428.9,1426.0689,2.831,2.831,1.4897854938271604,0.7538880682173583,-1.429107564504299,0.0,1.341,2.077,4.26
415,297,4-azachrysene,,CC-stretch/CH-ip (7.7 um),1257.4,1255.0649,2.335,2.335,0.9937854938271604,0.13486272344648587,-5.889311164721529,0.0,1.341,2.2,8.224
416,297,4-azachrysene,,CH-oop (10.5-15 um; benzene nu11 at 673 included),856.8,852.2086,4.591,4.591,3.7060711920529803,3.1270792152972335,4.074795594019874,0.0,0.885,1.464,0.516
417,297,4-azachrysene,,ring / CH-ip (9-10.5 um),1081.4,1083.9525,-2.553,-2.553,-1.281846994535519,0.13130812751598775,3.6286905764052655,0.0,-1.271,-2.684,-6.182
418,297,4-azachrysene,,CC-stretch (6.2 um),1615.7,1616.0448,-0.345,-0.345,-0.4681016949152542,-1.2954502838949615,6.797107873246075,0.0,0.123,0.95,-7.142
419,297,4-azachrysene,,CC-stretch (6.2 um),1506.5,1506.3475,0.152,0.152,0.028898305084745737,-0.6043930025594861,-1.2901614162727315,0.0,0.123,0.756,1.442
420,297,4-azachrysene,,CH-ip-bend (8.6 um),1186.9,1186.6436,0.256,0.256,-0.5970055248618785,-1.331521268638398,-2.5818798562123044,0.0,0.853,1.588,2.838
421,297,4-azachrysene,,CC-stretch (6.2 um),1579.1,1566.9985,12.101,12.101,11.977898305084747,11.346539971958252,8.674950134113747,0.0,0.123,0.754,3.426
422,297,4-azachrysene,,CH-oop (10.5-15 um; benzene nu11 at 673 included),740.9,740.9997,-0.1,-0.1,-0.9849288079470198,-1.9877206964287923,0.1629226245702208,0.0,0.885,1.888,-0.263
423,297,4-azachrysene,,low / skeletal,537.1,536.812,0.288,0.288,0.5017956521739131,-0.14311649322914216,0.5146995639014351,0.0,-0.214,0.431,-0.227
424,297,4-azachrysene,,CH-ip-bend (8.6 um),1232.1,1228.7042,3.396,3.396,2.5429944751381215,1.8851601668926072,-3.334904279225035,0.0,0.853,1.511,6.731
425,297,4-azachrysene,,CH-ip-bend (8.6 um),1163.8,1162.0151,1.785,1.785,0.9319944751381214,0.265866473942056,-3.780295652566421,0.0,0.853,1.519,5.565
426,297,4-azachrysene,,CH-stretch,3104.3,3108.0891,-3.789,-3.789,-1.9976194690265487,-2.634492211771067,-7.124967502206059,0.0,-1.791,-1.155,3.336
427,297,4-azachrysene,,CC-stretch/CH-ip (7.7 um),1436.5,1432.8982,3.602,3.602,2.2607854938271603,1.4589698074606994,4.071296591672615,0.0,1.341,2.143,-0.469
428,297,4-azachrysene,,ring / CH-ip (9-10.5 um),1029.0,1028.7239,0.276,0.276,1.5471530054644809,2.651306584088223,3.4423202024000537,0.0,-1.271,-2.375,-3.166
429,297,4-azachrysene,,CH-ip-bend (8.6 um),1153.9,1153.6867,0.213,0.213,-0.6400055248618786,-1.4254186030020817,-5.580348321075112,0.0,0.853,1.638,5.793
430,297,4-azachrysene,,CH-oop (10.5-15 um; benzene nu11 at 673 included),892.9,890.9916,1.908,1.908,1.02307119205298,0.43469369096190924,-1.9385750104379649,0.0,0.885,1.473,3.847
431,297,4-azachrysene,,CC-stretch (6.2 um),1629.2,1605.0169,24.183,24.183,24.059898305084747,23.873145920962745,27.60157324473654,0.0,0.123,0.31,-3.419
432,297,4-azachrysene,,CH-oop (10.5-15 um; benzene nu11 at 673 included),885.0,881.3677,3.632,3.632,2.7470711920529802,2.1189628474502107,-0.12567604690093992,0.0,0.885,1.513,3.758
433,297,4-azachrysene,,ring / CH-ip (9-10.5 um),1049.2,1046.7098,2.49,2.49,3.761153005464481,4.949666989147355,11.037962586705257,0.0,-1.271,-2.46,-8.548
434,297,4-azachrysene,,low / skeletal,509.1,515.6737,-6.574,-6.574,-6.360204347826087,-7.203001471520343,-10.460441990827123,0.0,-0.214,0.629,3.886
435,297,4-azachrysene,,CH-ip-bend (8.6 um),1221.0,1213.2145,7.785,7.785,6.931994475138121,6.269297539652195,1.0756200731417866,0.0,0.853,1.516,6.709
436,297,4-azachrysene,,low / skeletal,588.1,573.2662,14.834,14.834,15.047795652173912,14.313426744508746,14.162911146081662,0.0,-0.214,0.521,0.671
437,297,4-azachrysene,,CH-oop (10.5-15 um; benzene nu11 at 673 included),946.1,921.1001,25.0,25.0,24.11507119205298,23.474165215185646,25.084357560575324,0.0,0.885,1.526,-0.084
438,297,4-azachrysene,,ring / CH-ip (9-10.5 um),1038.9,1053.3757,-14.476,-14.476,-13.20484699453552,-11.97233941297523,-8.222653511813988,0.0,-1.271,-2.504,-6.253
439,293,1-azachrysene,,CH-oop (10.5-15 um; benzene nu11 at 673 included),797.1,798.7612,-1.661,-1.661,-2.582496688741722,-2.4430952898786438,-0.4461296426828887,0.0,0.921,0.782,-1.215
440,293,1-azachrysene,,CH-oop (10.5-15 um; benzene nu11 at 673 included),782.4,782.2982,0.102,0.102,-0.8194966887417218,-1.3042017494938993,-1.2743009125867082,0.0,0.921,1.406,1.376
441,293,1-azachrysene,,CC-stretch/CH-ip (7.7 um),1489.4,1487.5844,1.816,1.816,0.4898529411764705,0.2662544483873255,0.1659983767157185,0.0,1.326,1.55,1.65
442,293,1-azachrysene,,CH-oop (10.5-15 um; benzene nu11 at 673 included),747.5,750.3263,-2.826,-2.826,-3.747496688741722,-4.288061961245105,-2.8405933696990897,0.0,0.921,1.462,0.015
443,293,1-azachrysene,,CH-stretch,3077.5,3079.8534,-2.353,-2.353,-0.4736228070175441,-1.113034441005534,-7.655624645486455,0.0,-1.879,-1.24,5.303
444,293,1-azachrysene,,CH-oop (10.5-15 um; benzene nu11 at 673 included),837.4,834.7514,2.649,2.649,1.7275033112582783,1.6099800164773606,2.6125552006091852,0.0,0.921,1.039,0.036
445,293,1-azachrysene,,CC-stretch (6.2 um),1518.7,1517.3183,1.382,1.382,1.0523986486486485,0.42315368155605837,-0.43991313761296635,0.0,0.33,0.959,1.822
446,293,1-azachrysene,,CH-stretch,3093.8,3097.1346,-3.335,-3.335,-1.4556228070175439,-1.576026840403537,-5.773134286932896,0.0,-1.879,-1.759,2.438
447,293,1-azachrysene,,CC-stretch/CH-ip (7.7 um),1410.3,1403.4002,6.9,6.9,5.573852941176471,5.009309746695156,0.8405909410133585,0.0,1.326,1.891,6.059
448,293,1-azachrysene,,CH-stretch,3045.4,3054.451,-9.051,-9.051,-7.171622807017544,-7.842270246804563,-10.51960303595492,0.0,-1.879,-1.209,1.469
449,293,1-azachrysene,,CH-stretch,3065.7,3061.0662,4.634,4.634,6.513377192982457,6.002136179460502,3.8053176508806406,0.0,-1.879,-1.368,0.829
450,293,1-azachrysene,,CH-oop (10.5-15 um; benzene nu11 at 673 included),832.7,855.6242,-22.924,-22.924,-23.845496688741722,-24.73392587933218,-26.896496651151363,0.0,0.921,1.81,3.972
451,293,1-azachrysene,,CC-stretch/CH-ip (7.7 um),1430.5,1433.2888,-2.789,-2.789,-4.1151470588235295,-4.952425665549816,-8.597256721112553,0.0,1.326,2.163,5.808
452,293,1-azachrysene,,low / skeletal,576.2,577.2347,-1.035,-1.035,-0.8511391304347825,-1.4971758325193583,-2.074810994242254,0.0,-0.184,0.462,1.04
453,293,1-azachrysene,,CC-stretch/CH-ip (7.7 um),1297.7,1288.2204,9.48,9.48,8.15385294117647,7.040590036470167,3.2546311413170725,0.0,1.326,2.439,6.225
454,293,1-azachrysene,,CC-stretch/CH-ip (7.7 um),1263.8,1251.8612,11.939,11.939,10.61285294117647,9.69938670302011,7.8481385892240905,0.0,1.326,2.24,4.091
455,293,1-azachrysene,,CH-oop (10.5-15 um; benzene nu11 at 673 included),863.8,862.269,1.531,1.531,0.6095033112582782,-0.20873538431974925,-1.6911310384005815,0.0,0.921,1.74,3.222
456,293,1-azachrysene,,CH-ip-bend (8.6 um),1255.5,1231.5171,23.983,23.983,23.187669421487605,22.45904457843954,18.819990468720814,0.0,0.795,1.524,5.163
457,293,1-azachrysene,,CC-stretch/CH-ip (7.7 um),1380.2,1356.0532,24.147,24.147,22.82085294117647,22.043520480980114,18.672207146870413,0.0,1.326,2.103,5.475
458,293,1-azachrysene,,CH-oop (10.5-15 um; benzene nu11 at 673 included),674.9,673.7918,1.108,1.108,0.18650331125827835,-0.8918645937190237,-3.299386706450416,0.0,0.921,2.0,4.407
459,293,1-azachrysene,,CH-ip-bend (8.6 um),1136.7,1141.6857,-4.986,-4.986,-5.781330578512397,-6.812076850647529,-11.38352337764902,0.0,0.795,1.826,6.398
460,293,1-azachrysene,,CH-oop (10.5-15 um; benzene nu11 at 673 included),887.6,883.6141,3.986,3.986,3.0645033112582785,2.410783135194798,-0.9727436223532009,0.0,0.921,1.575,4.959
461,293,1-azachrysene,,low / skeletal,545.7,544.5786,1.121,1.121,1.3048608695652173,0.5492743697945468,2.2853661218338597,0.0,-0.184,0.572,-1.164
462,293,1-azachrysene,,ring / CH-ip (9-10.5 um),1053.4,1057.8477,-4.448,-4.448,-3.1636721311475413,-2.0031853043788006,0.24980911520343518,0.0,-1.284,-2.445,-4.698
463,293,1-azachrysene,,CH-oop (10.5-15 um; benzene nu11 at 673 included),685.8,683.6629,2.137,2.137,1.2155033112582783,0.1670884841161855,-1.3481564631924075,0.0,0.921,1.97,3.485
464,293,1-azachrysene,,ring / CH-ip (9-10.5 um),1082.4,1083.0735,-0.673,-0.673,0.611327868852459,1.9382655180505042,2.8984050424704955,0.0,-1.284,-2.611,-3.571
465,293,1-azachrysene,,CC-stretch/CH-ip (7.7 um),1427.4,1424.866,2.534,2.534,1.2078529411764702,0.3514019661668275,-0.8211889401520001,0.0,1.326,2.183,3.355
466,293,1-azachrysene,,CC-stretch (6.2 um),1584.9,1594.3932,-9.493,-9.493,-9.822601351351352,-10.517898492881992,-8.934818331641653,0.0,0.33,1.025,-0.558
467,293,1-azachrysene,,CH-oop (10.5-15 um; benzene nu11 at 673 included),883.4,877.7895,5.611,5.611,4.689503311258278,3.85750040229324,1.3460079124271074,0.0,0.921,1.753,4.265
468,293,1-azachrysene,,CH-ip-bend (8.6 um),1145.7,1131.5165,14.184,14.184,13.388669421487602,12.376005263209422,10.366215138980088,0.0,0.795,1.808,3.818
469,293,1-azachrysene,,ring / CH-ip (9-10.5 um),1038.0,1045.5826,-7.583,-7.583,-6.298672131147541,-5.167800096443846,-2.8880631125007667,0.0,-1.284,-2.415,-4.695
470,293,1-azachrysene,,CH-oop (10.5-15 um; benzene nu11 at 673 included),727.1,737.0068,-9.907,-9.907,-10.828496688741723,-11.984310116571038,-10.656208027892788,0.0,0.921,2.077,0.749
471,293,1-azachrysene,,CC-stretch (6.2 um),1580.4,1568.7564,11.644,11.644,11.314398648648648,10.474261340748706,4.649902578828772,0.0,0.33,1.17,6.994
472,293,1-azachrysene,,low / skeletal,568.9,567.3233,1.577,1.577,1.7608608695652173,0.8978811074617863,-0.4375497525799035,0.0,-0.184,0.679,2.015
473,293,1-azachrysene,,CH-ip-bend (8.6 um),1186.2,1185.8628,0.337,0.337,-0.4583305785123966,-1.32214609339927,-2.404587143962967,0.0,0.795,1.659,2.742
474,293,1-azachrysene,,CH-oop (10.5-15 um; benzene nu11 at 673 included),945.0,932.4065,12.593,12.593,11.671503311258277,10.86282961773556,9.016977255340306,0.0,0.921,1.73,3.576
475,293,1-azachrysene,,CH-oop (10.5-15 um; benzene nu11 at 673 included),693.9,679.3376,14.562,14.562,13.640503311258279,12.393127067019634,11.874001712365775,0.0,0.921,2.169,2.688
476,293,1-azachrysene,,ring / CH-ip (9-10.5 um),1015.6,1014.7481,0.852,0.852,2.136327868852459,3.1722208887559336,0.8692612389501803,0.0,-1.284,-2.32,-0.017
477,293,1-azachrysene,,CC-stretch/CH-ip (7.7 um),1319.6,1326.7446,-7.145,-7.145,-8.47114705882353,-9.66168641802049,-11.697138077562325,0.0,1.326,2.517,4.552
478,293,1-azachrysene,,CC-stretch/CH-ip (7.7 um),1352.9,1340.7056,12.194,12.194,10.867852941176471,9.84163828279333,7.107286480158413,0.0,1.326,2.352,5.087
479,293,1-azachrysene,,CC-stretch (6.2 um),1497.7,1527.6432,-29.943,-29.943,-30.27260135135135,-31.45671076764648,-39.353571503600115,0.0,0.33,1.514,9.411
480,830,benz[c]acridine,,CH-stretch,3062.1,3061.9918,0.108,0.108,2.108103448275862,1.9153903676117539,-3.4113867854019007,0.0,-2.0,-1.807,3.519
481,830,benz[c]acridine,,CH-oop (10.5-15 um; benzene nu11 at 673 included),752.9,748.6459,4.254,4.254,3.3087322314049583,2.753333445323001,3.5179030610260074,0.0,0.945,1.501,0.736
482,830,benz[c]acridine,,CC-stretch/CH-ip (7.7 um),1496.6,1493.9711,2.629,2.629,1.2302766615146832,1.5239807433738575,0.5595949846782537,0.0,1.399,1.105,2.069
483,830,benz[c]acridine,,CH-oop (10.5-15 um; benzene nu11 at 673 included),772.3,771.4449,0.855,0.855,-0.09026776859504126,-0.010123115203286348,2.7613680688469815,0.0,0.945,0.865,-1.906
484,830,benz[c]acridine,,CC-stretch/CH-ip (7.7 um),1417.1,1415.193,1.907,1.907,0.5082766615146832,0.044470262643086844,5.247879652803746,0.0,1.399,1.863,-3.341
485,830,benz[c]acridine,,CH-oop (10.5-15 um; benzene nu11 at 673 included),909.0,912.8419,-3.842,-3.842,-4.787267768595042,-4.596166945584613,-6.159194638747609,0.0,0.945,0.754,2.317
486,830,benz[c]acridine,,CH-oop (10.5-15 um; benzene nu11 at 673 included),801.5,805.9723,-4.472,-4.472,-5.417267768595042,-5.583699597592487,-4.406595134489666,0.0,0.945,1.112,-0.065
487,830,benz[c]acridine,,CC-stretch/CH-ip (7.7 um),1384.0,1370.8383,13.162,13.162,11.763276661514684,11.531190965626783,4.542857396232664,0.0,1.399,1.631,8.619
488,830,benz[c]acridine,,CC-stretch (6.2 um),1539.7,1537.5967,2.103,2.103,1.9019391891891892,1.6963716328273217,0.6502164086274576,0.0,0.201,0.407,1.453
489,830,benz[c]acridine,,ring / CH-ip (9-10.5 um),1013.0,1019.5625,-6.562,-6.562,-5.301195652173913,-3.6642343352837004,-0.88135977264833,0.0,-1.261,-2.898,-5.681
490,830,benz[c]acridine,,CH-oop (10.5-15 um; benzene nu11 at 673 included),694.4,697.3468,-2.947,-2.947,-3.8922677685950413,-4.4167849760972775,0.2608903216891898,0.0,0.945,1.47,-3.208
491,830,benz[c]acridine,,CC-stretch (6.2 um),1587.2,1589.5126,-2.313,-2.313,-2.514060810810811,-2.6138440481346343,-0.25796621868638114,0.0,0.201,0.301,-2.055
492,830,benz[c]acridine,,CC-stretch/CH-ip (7.7 um),1479.3,1482.0591,-2.759,-2.759,-4.157723338485317,-4.507941856511657,0.18042490521367016,0.0,1.399,1.749,-2.939
493,830,benz[c]acridine,,CH-oop (10.5-15 um; benzene nu11 at 673 included),856.3,860.1361,-3.836,-3.836,-4.7812677685950415,-5.045008721317018,-2.376550411930439,0.0,0.945,1.209,-1.459
494,830,benz[c]acridine,,CH-oop (10.5-15 um; benzene nu11 at 673 included),880.6,875.0992,5.501,5.501,4.555732231404959,4.310524179279404,2.384399571774726,0.0,0.945,1.19,3.117
495,830,benz[c]acridine,,CC-stretch (6.2 um),1622.3,1616.7424,5.558,5.558,5.356939189189189,4.842114397502289,7.389165523786666,0.0,0.201,0.716,-1.831
496,830,benz[c]acridine,,low / skeletal,575.3,573.8021,1.498,1.498,1.6392838427947598,1.2656180544790203,-0.7058178725472704,0.0,-0.141,0.232,2.204
497,830,benz[c]acridine,,CH-oop (10.5-15 um; benzene nu11 at 673 included),653.0,652.1528,0.847,0.847,-0.09826776859504127,-0.7026177624398426,2.947977631323482,0.0,0.945,1.55,-2.101
498,830,benz[c]acridine,,CH-ip-bend (8.6 um),1134.0,1136.8927,-2.893,-2.893,-3.784380821917808,-4.330558001772773,-8.160481179359252,0.0,0.891,1.438,5.267
499,830,benz[c]acridine,,CC-stretch/CH-ip (7.7 um),1309.7,1317.4163,-7.716,-7.716,-9.114723338485318,-9.60149308693791,-13.318328891617469,0.0,1.399,1.885,5.602
500,830,benz[c]acridine,,low / skeletal,547.6,551.7739,-4.174,-4.174,-4.032716157205241,-4.3379914170039635,-2.9333180852284917,0.0,-0.141,0.164,-1.241
501,830,benz[c]acridine,,CC-stretch/CH-ip (7.7 um),1453.5,1454.6919,-1.192,-1.192,-2.5907233384853168,-2.867915911250857,0.05567759386347193,0.0,1.399,1.676,-1.248
502,830,benz[c]acridine,,low / skeletal,614.3,615.7014,-1.401,-1.401,-1.2597161572052402,-1.3870399255377814,-0.10883836720278595,0.0,-0.141,-0.014,-1.292
503,830,benz[c]acridine,,CC-stretch/CH-ip (7.7 um),1301.2,1295.7267,5.473,5.473,4.074276661514683,3.5208004108839863,-0.7898548211069549,0.0,1.399,1.952,6.263
504,830,benz[c]acridine,,CH-oop (10.5-15 um; benzene nu11 at 673 included),763.6,760.329,3.271,3.271,2.3257322314049587,1.8625185261700943,2.7473442726304342,0.0,0.945,1.408,0.524
505,830,benz[c]acridine,,CH-oop (10.5-15 um; benzene nu11 at 673 included),817.6,821.4043,-3.804,-3.804,-4.7492677685950415,-4.994724778850907,-4.829185489882548,0.0,0.945,1.191,1.025
506,830,benz[c]acridine,,CH-oop (10.5-15 um; benzene nu11 at 673 included),955.9,946.6565,9.243,9.243,8.297732231404959,8.226968813184738,-0.1663985667086756,0.0,0.945,1.016,9.409
507,830,benz[c]acridine,,CC-stretch (6.2 um),1568.5,1562.2099,6.29,6.29,6.0889391891891895,5.667725242045488,-0.247703357029871,0.0,0.201,0.622,6.538
508,830,benz[c]acridine,,low / skeletal,474.7,478.894,-4.194,-4.194,-4.05271615720524,-4.5884357389402775,-5.10814059041893,0.0,-0.141,0.394,0.914
509,830,benz[c]acridine,,CH-ip-bend (8.6 um),1173.9,1174.1378,-0.238,-0.238,-1.1293808219178083,-1.5260093416399536,-2.3066222056230408,0.0,0.891,1.288,2.069
510,830,benz[c]acridine,,CH-oop (10.5-15 um; benzene nu11 at 673 included),744.3,757.7117,-13.412,-13.412,-14.357267768595042,-14.175236352956997,-12.990527497920821,0.0,0.945,0.763,-0.421
511,830,benz[c]acridine,,CC-stretch/CH-ip (7.7 um),1403.1,1403.8105,-0.711,-0.711,-2.109723338485317,-2.2557575820783056,-7.949457904043703,0.0,1.399,1.545,7.238
512,830,benz[c]acridine,,ring / CH-ip (9-10.5 um),1002.9,1004.2747,-1.375,-1.375,-0.11419565217391314,1.4535566287494648,-0.3410210522731152,0.0,-1.261,-2.829,-1.034
513,830,benz[c]acridine,,CH-stretch,3109.0,3101.4504,7.55,7.55,9.550103448275863,9.305353818501338,3.0495079239629437,0.0,-2.0,-1.755,4.5
514,830,benz[c]acridine,,ring / CH-ip (9-10.5 um),1037.7,1044.6589,-6.959,-6.959,-5.698195652173913,-4.136364058243929,1.5985720362502072,0.0,-1.261,-2.823,-8.558
515,287,2-azabenz[a]anthracene,,CH-stretch,3071.2,3071.0574,0.143,0.143,2.061777777777778,2.3507312882978404,-0.6845152822779716,0.0,-1.919,-2.208,0.828
516,287,2-azabenz[a]anthracene,,CH-oop (10.5-15 um; benzene nu11 at 673 included),741.3,744.8708,-3.571,-3.571,-4.5646699669967,-4.790717664382694,-0.9813689003932957,0.0,0.994,1.22,-2.59
517,287,2-azabenz[a]anthracene,,CH-oop (10.5-15 um; benzene nu11 at 673 included),883.7,878.4677,5.232,5.232,4.238330033003301,3.4977523629180194,3.00237213049827,0.0,0.994,1.734,2.23
518,287,2-azabenz[a]anthracene,,CH-ip-bend (8.6 um),1239.7,1236.1149,3.585,3.585,2.5973462603878117,2.505704098559403,0.4535110012896326,0.0,0.988,1.079,3.131
519,287,2-azabenz[a]anthracene,,CH-oop (10.5-15 um; benzene nu11 at 673 included),845.1,843.0064,2.094,2.094,1.1003300330033001,0.5737362221439295,1.7378532525381436,0.0,0.994,1.52,0.356
520,287,2-azabenz[a]anthracene,,CC-stretch (6.2 um),1606.0,1605.1271,0.873,0.873,0.577656462585034,0.341305719879178,2.734603410444448,0.0,0.295,0.532,-1.862
521,287,2-azabenz[a]anthracene,,CC-stretch (6.2 um),1607.8,1625.0037,-17.204,-17.204,-17.499343537414966,-18.207704349015586,-7.735164755135953,0.0,0.295,1.004,-9.469
522,287,2-azabenz[a]anthracene,,CH-oop (10.5-15 um; benzene nu11 at 673 included),838.3,848.1942,-9.894,-9.894,-10.8876699669967,-11.5845118724031,-10.702054278601041,0.0,0.994,1.691,0.808
523,287,2-azabenz[a]anthracene,,low / skeletal,576.1,578.959,-2.859,-2.859,-2.7151798245614036,-3.1688749209433436,-1.0724472457903111,0.0,-0.144,0.31,-1.787
524,287,2-azabenz[a]anthracene,,low / skeletal,513.9,519.729,-5.829,-5.829,-5.685179824561403,-6.374547355658063,-5.279450757398496,0.0,-0.144,0.546,-0.55
525,287,2-azabenz[a]anthracene,,CC-stretch/CH-ip (7.7 um),1451.0,1448.8217,2.178,2.178,0.701585403726708,0.1693960639276142,2.6162772227265148,0.0,1.476,2.009,-0.438
526,287,2-azabenz[a]anthracene,,CH-oop (10.5-15 um; benzene nu11 at 673 included),886.8,896.578,-9.778,-9.778,-10.7716699669967,-11.330966420110613,-14.3126561487277,0.0,0.994,1.553,4.535
527,287,2-azabenz[a]anthracene,,CH-oop (10.5-15 um; benzene nu11 at 673 included),767.9,762.8889,5.011,5.011,4.017330033003301,3.3085322062762383,5.522609554129558,0.0,0.994,1.702,-0.512
528,287,2-azabenz[a]anthracene,,CH-oop (10.5-15 um; benzene nu11 at 673 included),889.8,899.8414,-10.041,-10.041,-11.0346699669967,-11.650707507946473,-15.042801787827834,0.0,0.994,1.61,5.002
529,287,2-azabenz[a]anthracene,,CC-stretch (6.2 um),1589.4,1589.6464,-0.246,-0.246,-0.541343537414966,-0.7764395392998376,2.4469556184623587,0.0,0.295,0.53,-2.693
530,287,2-azabenz[a]anthracene,,CC-stretch/CH-ip (7.7 um),1447.7,1438.8981,8.802,8.802,7.325585403726707,6.808474721520485,4.833529542932449,0.0,1.476,1.994,3.968
531,287,2-azabenz[a]anthracene,,CC-stretch/CH-ip (7.7 um),1408.3,1405.1712,3.129,3.129,1.652585403726708,0.745815221857542,0.5458275219536732,0.0,1.476,2.383,2.583
532,287,2-azabenz[a]anthracene,,CC-stretch (6.2 um),1610.6,1633.012,-22.412,-22.412,-22.707343537414964,-23.317055904038302,-19.379288239383637,0.0,0.295,0.905,-3.033
533,287,2-azabenz[a]anthracene,,CC-stretch/CH-ip (7.7 um),1285.5,1293.41,-7.91,-7.91,-9.386414596273292,-10.549971447070831,-13.309183553365916,0.0,1.476,2.64,5.399
534,287,2-azabenz[a]anthracene,,ring / CH-ip (9-10.5 um),1059.2,1071.0127,-11.813,-11.813,-10.577141304347826,-9.27431635756977,-7.842246176463414,0.0,-1.236,-2.539,-3.971
535,287,2-azabenz[a]anthracene,,low / skeletal,583.6,581.8866,1.713,1.713,1.8568201754385965,1.239107048056167,2.026111795466769,0.0,-0.144,0.474,-0.313
536,287,2-azabenz[a]anthracene,,CH-ip-bend (8.6 um),1136.9,1136.434,0.466,0.466,-0.5216537396121883,-1.5460318233682424,0.44619965857971344,0.0,0.988,2.012,0.02
537,287,2-azabenz[a]anthracene,,CC-stretch (6.2 um),1586.4,1562.21,24.19,24.19,23.894656462585036,22.85838085703707,21.88818531832683,0.0,0.295,1.332,2.302
538,287,2-azabenz[a]anthracene,,ring / CH-ip (9-10.5 um),982.2,978.3188,3.881,3.881,5.116858695652174,6.243784221621542,2.659517857903051,0.0,-1.236,-2.363,1.221
539,287,2-azabenz[a]anthracene,,CH-oop (10.5-15 um; benzene nu11 at 673 included),953.0,940.3237,12.676,12.676,11.6823300330033,11.14836118321927,3.7252558411744996,0.0,0.994,1.528,8.951
540,287,2-azabenz[a]anthracene,,CC-stretch/CH-ip (7.7 um),1476.5,1481.584,-5.084,-5.084,-6.560414596273292,-7.2940811045809015,-3.556919137567036,0.0,1.476,2.21,-1.527
541,287,2-azabenz[a]anthracene,,CC-stretch/CH-ip (7.7 um),1342.0,1337.5761,4.424,4.424,2.947585403726708,1.9597029273559539,2.278297413477379,0.0,1.476,2.464,2.146
542,287,2-azabenz[a]anthracene,,CC-stretch/CH-ip (7.7 um),1502.4,1499.8501,2.55,2.55,1.0735854037267079,0.5729831750301433,0.7389051799643211,0.0,1.476,1.977,1.811
543,287,2-azabenz[a]anthracene,,CC-stretch/CH-ip (7.7 um),1250.1,1275.1511,-25.051,-25.051,-26.52741459627329,-27.824544778029363,-25.418264849691305,0.0,1.476,2.774,0.367
544,287,2-azabenz[a]anthracene,,ring / CH-ip (9-10.5 um),1011.2,1022.7539,-11.554,-11.554,-10.318141304347826,-9.241641698292508,-12.196856091622395,0.0,-1.236,-2.312,0.643
545,287,2-azabenz[a]anthracene,,low / skeletal,527.5,526.4504,1.05,1.05,1.1938201754385966,0.3544934323561637,3.0971332547135386,0.0,-0.144,0.696,-2.047
546,287,2-azabenz[a]anthracene,,CH-oop (10.5-15 um; benzene nu11 at 673 included),795.3,800.8201,-5.52,-5.52,-6.513669966996699,-7.508656125222416,-7.313503758253301,0.0,0.994,1.989,1.794
547,287,2-azabenz[a]anthracene,,CH-ip-bend (8.6 um),1132.5,1146.2013,-13.701,-13.701,-14.688653739612189,-15.548002034211667,-17.86255741800348,0.0,0.988,1.847,4.162
548,287,2-azabenz[a]anthracene,,CH-ip-bend (8.6 um),1217.8,1219.1052,-1.305,-1.305,-2.2926537396121884,-3.0418843501342487,0.0671767269560124,0.0,0.988,1.737,-1.372
549,287,2-azabenz[a]anthracene,,CH-ip-bend (8.6 um),1142.4,1167.4417,-25.042,-25.042,-26.02965373961219,-26.890182434877957,-24.484490827297208,0.0,0.988,1.848,-0.558
550,287,2-azabenz[a]anthracene,,CH-ip-bend (8.6 um),1179.7,1178.0235,1.677,1.677,0.6893462603878117,-0.2563083940141506,-3.0322156687750783,0.0,0.988,1.933,4.709
551,287,2-azabenz[a]anthracene,,CC-stretch/CH-ip (7.7 um),1301.7,1310.1407,-8.441,-8.441,-9.917414596273293,-11.145225084339183,-9.097839697394186,0.0,1.476,2.704,0.657
552,287,2-azabenz[a]anthracene,,low / skeletal,621.7,623.6089,-1.909,-1.909,-1.7651798245614034,-2.3667084875379008,0.9633092576574922,0.0,-0.144,0.458,-2.872
553,287,2-azabenz[a]anthracene,,CH-oop (10.5-15 um; benzene nu11 at 673 included),879.9,875.8781,4.022,4.022,3.0283300330033005,3.5615788342837433,4.303961858337794,0.0,0.994,0.46,-0.282
554,287,2-azabenz[a]anthracene,,CC-stretch/CH-ip (7.7 um),1374.6,1388.2279,-13.628,-13.628,-15.104414596273292,-16.20635702979937,-11.845072061528619,0.0,1.476,2.578,-1.783
555,287,2-azabenz[a]anthracene,,CC-stretch/CH-ip (7.7 um),1363.7,1359.7131,3.987,3.987,2.510585403726708,1.569305142871067,-2.021181290702085,0.0,1.476,2.418,6.008
556,287,2-azabenz[a]anthracene,,CC-stretch (6.2 um),1532.7,1533.5799,-0.88,-0.88,-1.175343537414966,-2.220938824588512,3.7868790194661317,0.0,0.295,1.341,-4.667
557,287,2-azabenz[a]anthracene,,CH-oop (10.5-15 um; benzene nu11 at 673 included),638.4,667.25,-28.85,-28.85,-29.8436699669967,-30.860303729348388,-29.784659489039754,0.0,0.994,2.01,0.935
558,286,1-azabenz[a]anthracene,,CC-stretch/CH-ip (7.7 um),1340.1,1342.3105,-2.211,-2.211,-3.6773029366306025,-2.6105468974073136,-0.36101647083035493,0.0,1.466,0.4,-1.85
559,286,1-azabenz[a]anthracene,,CC-stretch/CH-ip (7.7 um),1391.5,1396.4148,-4.915,-4.915,-6.381302936630603,-6.014991593956419,-13.878473495111702,0.0,1.466,1.1,8.963
560,286,1-azabenz[a]anthracene,,CC-stretch/CH-ip (7.7 um),1412.2,1421.9148,-9.715,-9.715,-11.181302936630603,-11.089187582588211,-4.054466172755688,0.0,1.466,1.374,-5.661
561,286,1-azabenz[a]anthracene,,CC-stretch/CH-ip (7.7 um),1317.4,1313.2243,4.176,4.176,2.709697063369397,2.872937337984335,4.451923247007568,0.0,1.466,1.303,-0.276
562,286,1-azabenz[a]anthracene,,CC-stretch/CH-ip (7.7 um),1368.0,1359.8686,8.131,8.131,6.664697063369397,6.85636089107259,5.786790648447455,0.0,1.466,1.275,2.344
563,286,1-azabenz[a]anthracene,,CH-ip-bend (8.6 um),1212.6,1210.1135,2.486,2.486,1.6137707182320442,2.053565379852583,1.3112927524089697,0.0,0.872,0.432,1.175
564,286,1-azabenz[a]anthracene,,CC-stretch (6.2 um),1537.7,1530.7081,6.992,6.992,6.867425170068027,7.0465765774503435,4.543910619707302,0.0,0.125,-0.055,2.448
565,286,1-azabenz[a]anthracene,,CH-ip-bend (8.6 um),1146.3,1143.6175,2.682,2.682,1.809770718232044,1.9791946470644697,-0.17326423453197037,0.0,0.872,0.703,2.855
566,286,1-azabenz[a]anthracene,,CH-ip-bend (8.6 um),1182.8,1182.4925,0.307,0.307,-0.5652292817679558,-0.20384836304852932,-0.10772555716676374,0.0,0.872,0.511,0.415
567,286,1-azabenz[a]anthracene,,CH-ip-bend (8.6 um),1192.5,1192.4328,0.067,0.067,-0.8052292817679558,-0.5924771207175978,-2.18367280781036,0.0,0.872,0.659,2.251
568,286,1-azabenz[a]anthracene,,CH-oop (10.5-15 um; benzene nu11 at 673 included),803.4,803.079,0.321,0.321,-0.6011026058631921,-0.5502230260851693,-2.2272174562028115,0.0,0.922,0.871,2.548
569,286,1-azabenz[a]anthracene,,CC-stretch (6.2 um),1583.3,1574.9782,8.322,8.322,8.197425170068026,8.411376303159146,6.211884518553819,0.0,0.125,-0.089,2.11
570,286,1-azabenz[a]anthracene,,CC-stretch (6.2 um),1511.9,1507.617,4.283,4.283,4.1584251700680275,4.240306435162785,1.3779591921132157,0.0,0.125,0.043,2.905
571,286,1-azabenz[a]anthracene,,CC-stretch/CH-ip (7.7 um),1359.0,1379.4672,-20.467,-20.467,-21.9333029366306,-21.692254331862486,-18.93108517727919,0.0,1.466,1.225,-1.536
572,286,1-azabenz[a]anthracene,,CC-stretch/CH-ip (7.7 um),1477.8,1476.5462,1.254,1.254,-0.21230293663060285,0.252847517949093,-4.353802090627642,0.0,1.466,1.001,5.608
573,286,1-azabenz[a]anthracene,,CC-stretch (6.2 um),1570.8,1562.7947,8.005,8.005,7.880425170068028,8.114296692973639,1.9717039206308282,0.0,0.125,-0.109,6.033
574,286,1-azabenz[a]anthracene,,CC-stretch (6.2 um),1551.4,1546.4752,4.925,4.925,4.800425170068027,5.071548586604816,2.4639123969412857,0.0,0.125,-0.147,2.461
575,286,1-azabenz[a]anthracene,,CC-stretch (6.2 um),1600.2,1598.1999,2.0,2.0,1.8754251700680271,2.1620731107930893,1.4877959719790286,0.0,0.125,-0.162,0.512
576,286,1-azabenz[a]anthracene,,CH-oop (10.5-15 um; benzene nu11 at 673 included),752.5,756.6259,-4.126,-4.126,-5.048102605863193,-4.897708795085928,-0.5258832525651695,0.0,0.922,0.772,-3.6
577,286,1-azabenz[a]anthracene,,CC-stretch/CH-ip (7.7 um),1428.4,1437.5838,-9.184,-9.184,-10.650302936630602,-10.74443708712818,-8.282982753009891,0.0,1.466,1.56,-0.901
578,286,1-azabenz[a]anthracene,,CH-ip-bend (8.6 um),1229.3,1228.3656,0.934,0.934,0.061770718232044164,0.27553561447334585,3.5721110799458358,0.0,0.872,0.658,-2.638
579,286,1-azabenz[a]anthracene,,CH-oop (10.5-15 um; benzene nu11 at 673 included),916.1,914.9206,1.179,1.179,0.256897394136808,0.5703235189371246,-0.8237459121392543,0.0,0.922,0.609,2.003
580,298,4-azachrysene,,CC-stretch/CH-ip (7.7 um),1297.9,1291.9467,5.953,5.953,4.512112307692308,3.843955836919552,-0.906592974812173,0.0,1.441,2.109,6.86
581,298,4-azachrysene,,CH-oop (10.5-15 um; benzene nu11 at 673 included),777.2,780.6843,-3.484,-3.484,-4.4098747967479675,-5.137893857198119,-2.981684430050211,0.0,0.926,1.654,-0.502
582,298,4-azachrysene,,CH-oop (10.5-15 um; benzene nu11 at 673 included),755.8,758.1843,-2.384,-2.384,-3.3098747967479674,-3.9486223758315404,-0.47200749888264193,0.0,0.926,1.565,-1.912
583,298,4-azachrysene,,CC-stretch/CH-ip (7.7 um),1482.0,1482.1228,-0.123,-0.123,-1.5638876923076923,-1.0516455186461469,-1.7139607488597102,0.0,1.441,0.929,1.591
584,298,4-azachrysene,,CH-ip-bend (8.6 um),1139.0,1139.5543,-0.554,-0.554,-1.4387150684931507,-1.798713997001252,-3.212027869961558,0.0,0.885,1.245,2.658
585,298,4-azachrysene,,CC-stretch (6.2 um),1564.4,1560.9231,3.477,3.477,3.258738255033557,3.0371773493212886,0.20792383609184428,0.0,0.218,0.44,3.269
586,298,4-azachrysene,,CC-stretch/CH-ip (7.7 um),1407.9,1423.3649,-15.465,-15.465,-16.905887692307694,-17.80424204539866,-8.694413088141559,0.0,1.441,2.339,-6.771
587,298,4-azachrysene,,CC-stretch/CH-ip (7.7 um),1327.6,1332.5302,-4.93,-4.93,-6.370887692307692,-6.682633969184104,-7.357133076514398,0.0,1.441,1.753,2.427
588,298,4-azachrysene,,CC-stretch (6.2 um),1579.3,1576.6674,2.633,2.633,2.414738255033557,2.0266258186469903,-0.79398616505995,0.0,0.218,0.606,3.427
589,298,4-azachrysene,,low / skeletal,552.5,555.2739,-2.774,-2.774,-2.6108491379310346,-3.1183658478440215,-1.0330906832304276,0.0,-0.163,0.344,-1.741
590,298,4-azachrysene,,CH-ip-bend (8.6 um),1217.8,1217.9443,-0.144,-0.144,-1.0287150684931505,-1.6839837162936317,-3.3522631734378474,0.0,0.885,1.54,3.208
591,298,4-azachrysene,,CC-stretch/CH-ip (7.7 um),1258.9,1265.1452,-6.245,-6.245,-7.685887692307692,-8.908364451348145,-6.639759720483294,0.0,1.441,2.663,0.395
592,294,1-azachrysene,,CC-stretch/CH-ip (7.7 um),1487.1,1487.9137,-0.814,-0.814,-2.2415866873065013,-1.6785600837037866,-3.2399509970645934,0.0,1.428,0.865,2.426
593,294,1-azachrysene,,CH-ip-bend (8.6 um),1231.9,1236.4463,-4.546,-4.546,-5.376359116022099,-6.033874860752639,-3.1369844228863846,0.0,0.83,1.488,-1.409
594,294,1-azachrysene,,low / skeletal,546.7,550.0921,-3.392,-3.392,-3.231512931034483,-3.725972044035421,-0.6316787849937806,0.0,-0.16,0.334,-2.76
595,294,1-azachrysene,,CC-stretch (6.2 um),1558.7,1560.7603,-2.06,-2.06,-2.301768456375839,-2.576973104653547,-3.6716171478419968,0.0,0.242,0.517,1.612
596,294,1-azachrysene,,CC-stretch/CH-ip (7.7 um),1437.5,1434.0951,3.405,3.405,1.9774133126934983,1.3510537645391416,1.16303880106372,0.0,1.428,2.054,2.242
597,294,1-azachrysene,,CC-stretch/CH-ip (7.7 um),1351.4,1348.8011,2.599,2.599,1.1714133126934987,1.2379050397819733,3.1568931433169456,0.0,1.428,1.361,-0.558
598,294,1-azachrysene,,CH-ip-bend (8.6 um),1130.0,1129.0239,0.976,0.976,0.14564088397790065,-0.7076356245314754,2.3069917915020657,0.0,0.83,1.684,-1.331
599,294,1-azachrysene,,CC-stretch/CH-ip (7.7 um),1338.7,1322.8769,15.823,15.823,14.395413312693499,13.313848228931455,21.388991893673598,0.0,1.428,2.509,-5.566
600,294,1-azachrysene,,CC-stretch/CH-ip (7.7 um),1478.7,1492.7299,-14.03,-14.03,-15.4575866873065,-16.15612622536754,-4.19082667142278,0.0,1.428,2.126,-9.839
601,294,1-azachrysene,,CC-stretch/CH-ip (7.7 um),1310.5,1319.1034,-8.603,-8.603,-10.030586687306501,-10.93385070707601,-5.228016243265442,0.0,1.428,2.331,-3.375
602,294,1-azachrysene,,CC-stretch/CH-ip (7.7 um),1431.7,1429.6313,2.069,2.069,0.6414133126934984,0.20111899724473536,0.8375840873450693,0.0,1.428,1.868,1.231
603,294,1-azachrysene,,ring / CH-ip (9-10.5 um),1046.0,1051.1471,-5.147,-5.147,-3.8436702702702705,-2.3270907288253313,4.157864351796759,0.0,-1.303,-2.82,-9.305
604,294,1-azachrysene,,CC-stretch (6.2 um),1509.3,1508.1348,1.165,1.165,0.9232315436241612,0.5901868136184845,-0.6081559947262589,0.0,0.242,0.575,1.773
605,294,1-azachrysene,,CH-ip-bend (8.6 um),1148.7,1143.089,5.611,5.611,4.780640883977901,4.215163455948366,6.27576029925586,0.0,0.83,1.396,-0.665
606,294,1-azachrysene,,CH-oop (10.5-15 um; benzene nu11 at 673 included),781.4,772.7447,8.655,8.655,7.727936274509803,6.952865679638892,10.860304817344785,0.0,0.927,1.702,-2.205
607,294,1-azachrysene,,CC-stretch/CH-ip (7.7 um),1285.5,1282.356,3.144,3.144,1.7164133126934986,0.9483549276001453,-5.630331864016652,0.0,1.428,2.196,8.774
608,294,1-azachrysene,,ring / CH-ip (9-10.5 um),1060.2,1060.8215,-0.621,-0.621,0.6823297297297297,2.1017267610196932,8.906750169479134,0.0,-1.303,-2.723,-9.528
609,294,1-azachrysene,,CH-ip-bend (8.6 um),1178.9,1172.9693,5.931,5.931,5.100640883977901,4.3857496864830665,6.6687405218311895,0.0,0.83,1.545,-0.738
610,294,1-azachrysene,,CH-oop (10.5-15 um; benzene nu11 at 673 included),806.5,806.1104,0.39,0.39,-0.537063725490196,-1.1248338176494137,3.4079512013174904,0.0,0.927,1.515,-3.018
611,294,1-azachrysene,,CH-oop (10.5-15 um; benzene nu11 at 673 included),752.6,756.1157,-3.516,-3.516,-4.443063725490196,-5.147599978813553,-2.5505938141054063,0.0,0.927,1.632,-0.965
612,294,1-azachrysene,,CC-stretch/CH-ip (7.7 um),1243.6,1253.647,-10.047,-10.047,-11.474586687306502,-12.332570982417495,-15.793003787041203,0.0,1.428,2.286,5.746
613,294,1-azachrysene,,CH-ip-bend (8.6 um),1238.1,1224.4385,13.661,13.661,12.8306408839779,12.86377182837333,10.17094685748419,0.0,0.83,0.797,3.49
614,294,1-azachrysene,,CH-oop (10.5-15 um; benzene nu11 at 673 included),851.4,851.3559,0.044,0.044,-0.883063725490196,-1.5405546628741438,3.1452996729816265,0.0,0.927,1.585,-3.101
615,294,1-azachrysene,,CH-oop (10.5-15 um; benzene nu11 at 673 included),864.8,874.1908,-9.391,-9.391,-10.318063725490196,-11.033245105016022,-11.906756189478985,0.0,0.927,1.642,2.516
616,288,2-azabenz[a]anthracene,,CH-ip-bend (8.6 um),1230.9,1227.0467,3.853,3.853,3.0007884615384617,3.836502536879689,0.853789715608785,0.0,0.852,0.016,2.999
617,288,2-azabenz[a]anthracene,,CC-stretch/CH-ip (7.7 um),1347.7,1343.5111,4.189,4.189,2.759371913580247,3.4715782176890446,4.253011029908287,0.0,1.43,0.717,-0.064
618,288,2-azabenz[a]anthracene,,CC-stretch/CH-ip (7.7 um),1367.3,1361.3806,5.919,5.919,4.489371913580246,5.416719131368627,4.369237465023813,0.0,1.43,0.502,1.55
619,288,2-azabenz[a]anthracene,,CC-stretch/CH-ip (7.7 um),1361.5,1376.2477,-14.748,-14.748,-16.17762808641975,-15.86038782136707,-15.309915936376143,0.0,1.43,1.112,0.562
620,288,2-azabenz[a]anthracene,,CC-stretch (6.2 um),1531.3,1526.2221,5.078,5.078,4.865214765100672,5.063443090660256,4.506760935499183,0.0,0.213,0.015,0.571
621,288,2-azabenz[a]anthracene,,CH-oop (10.5-15 um; benzene nu11 at 673 included),750.5,754.7689,-4.269,-4.269,-5.194678629690049,-5.234682935584491,-2.1167565078714072,0.0,0.926,0.966,-2.152
622,288,2-azabenz[a]anthracene,,CC-stretch/CH-ip (7.7 um),1513.3,1492.9093,20.391,20.391,18.961371913580244,18.70666438642696,28.388980996494354,0.0,1.43,1.684,-7.998
623,288,2-azabenz[a]anthracene,,CC-stretch/CH-ip (7.7 um),1381.0,1409.7445,-28.745,-28.745,-30.174628086419755,-30.34411679912679,-28.99052879876955,0.0,1.43,1.599,0.246
624,288,2-azabenz[a]anthracene,,CC-stretch (6.2 um),1548.2,1545.5365,2.664,2.664,2.451214765100671,2.469529709063606,-1.2515064497223567,0.0,0.213,0.194,3.916
625,288,2-azabenz[a]anthracene,,CH-ip-bend (8.6 um),1184.1,1182.3229,1.777,1.777,0.9247884615384615,1.0771628595887837,0.6007259158411729,0.0,0.852,0.7,1.176
626,288,2-azabenz[a]anthracene,,CH-oop (10.5-15 um; benzene nu11 at 673 included),664.2,664.4456,-0.246,-0.246,-1.171678629690049,-1.6339812266789038,2.019954650371642,0.0,0.926,1.388,-2.266
627,288,2-azabenz[a]anthracene,,CH-ip-bend (8.6 um),1213.5,1207.1125,6.388,6.388,5.535788461538462,5.521452641918403,6.041821243747711,0.0,0.852,0.867,0.346
628,288,2-azabenz[a]anthracene,,CC-stretch/CH-ip (7.7 um),1486.6,1485.8387,0.761,0.761,-0.668628086419753,-0.36141754277084737,-1.0183925602312005,0.0,1.43,1.122,1.779
629,288,2-azabenz[a]anthracene,,CC-stretch/CH-ip (7.7 um),1477.8,1476.1993,1.601,1.601,0.17137191358024695,0.43812834498856024,1.631159810799344,0.0,1.43,1.163,-0.03
630,288,2-azabenz[a]anthracene,,CH-oop (10.5-15 um; benzene nu11 at 673 included),848.5,852.767,-4.267,-4.267,-5.192678629690049,-5.172352744776331,-1.3012012251756127,0.0,0.926,0.905,-2.966
631,288,2-azabenz[a]anthracene,,CH-oop (10.5-15 um; benzene nu11 at 673 included),910.7,905.8138,4.886,4.886,3.960321370309951,4.124644550062334,4.455599874304074,0.0,0.926,0.761,0.43
632,296,2-azachrysene,,CC-stretch/CH-ip (7.7 um),1293.3,1296.0015,-2.702,-2.702,-4.123487692307692,-5.408246798384948,-4.210296658574083,0.0,1.421,2.706,1.508
633,296,2-azachrysene,,CH-ip-bend (8.6 um),1233.5,1225.1954,8.305,8.305,7.400997245179063,7.266694858108547,5.303238408354543,0.0,0.904,1.038,3.002
634,296,2-azachrysene,,CC-stretch (6.2 um),1553.0,1544.2885,8.711,8.711,8.43202027027027,8.665186464013765,9.701916744679615,0.0,0.279,0.046,-0.991
635,296,2-azachrysene,,CC-stretch/CH-ip (7.7 um),1446.2,1441.5585,4.641,4.641,3.219512307692308,2.7050718021171707,4.175332779892666,0.0,1.421,1.936,0.466
636,296,2-azachrysene,,ring / CH-ip (9-10.5 um),1098.7,1087.9583,10.742,10.742,12.127086021505377,4.715225836398483,6.201757045200882,0.0,-1.385,6.027,4.54
637,296,2-azachrysene,,CH-ip-bend (8.6 um),1140.0,1146.9381,-6.938,-6.938,-7.842002754820936,-8.958164950460407,-5.217286620289419,0.0,0.904,2.02,-1.721
638,296,2-azachrysene,,CC-stretch/CH-ip (7.7 um),1430.4,1426.2648,4.135,4.135,2.713512307692308,1.7786679815020219,10.311769199436556,0.0,1.421,2.356,-6.177
639,296,2-azachrysene,,CC-stretch (6.2 um),1501.4,1502.0577,-0.658,-0.658,-0.9369797297297298,-1.629839975098531,-2.0630166166914927,0.0,0.279,0.972,1.405
640,296,2-azachrysene,,CC-stretch (6.2 um),1575.5,1571.521,3.979,3.979,3.7000202702702705,3.698089105458072,-1.286441805118316,0.0,0.279,0.281,5.265
641,296,2-azachrysene,,CH-ip-bend (8.6 um),1235.9,1243.6417,-7.742,-7.742,-8.646002754820936,-9.202015602427146,-8.897257491534992,0.0,0.904,1.46,1.155
642,296,2-azachrysene,,CH-ip-bend (8.6 um),1170.9,1170.4552,0.445,0.445,-0.4590027548209365,-1.3285170295035982,-0.7473465393206777,0.0,0.904,1.774,1.192
643,296,2-azachrysene,,CH-oop (10.5-15 um; benzene nu11 at 673 included),750.6,756.6958,-6.096,-6.096,-7.021409756097561,-7.983923951212558,-2.235320432725392,0.0,0.925,1.888,-3.861
644,296,2-azachrysene,,CC-stretch/CH-ip (7.7 um),1305.5,1311.3091,-5.809,-5.809,-7.230487692307692,-7.938310085575202,-4.3851721226564155,0.0,1.421,2.129,-1.424
645,296,2-azachrysene,,CH-oop (10.5-15 um; benzene nu11 at 673 included),822.7,822.1855,0.514,0.514,-0.4114097560975609,-1.3665187232856713,4.6078778252395916,0.0,0.925,1.881,-4.094
646,296,2-azachrysene,,CC-stretch (6.2 um),1481.9,1505.3576,-23.458,-23.458,-23.73697972972973,-25.11225920562929,-28.28287005656618,0.0,0.279,1.654,4.825
647,296,2-azachrysene,,CC-stretch/CH-ip (7.7 um),1312.7,1321.1645,-8.465,-8.465,-9.886487692307693,-10.92490238756875,-7.658044647095564,0.0,1.421,2.46,-0.807
648,282,tetracene,R2 tetracene,CH-stretch,3055.0,3052.5583,2.442,2.442,4.38042735042735,5.04097086982103,9.459579993173705,0.0,-1.938,-2.599,-7.018
649,282,tetracene,R2 tetracene,CH-oop (10.5-15 um; benzene nu11 at 673 included),742.9,745.6746,-2.775,-2.775,-3.628547385620915,-3.0048485496298984,-0.7244018788682429,0.0,0.854,0.23,-2.051
650,282,tetracene,R2 tetracene,CH-oop (10.5-15 um; benzene nu11 at 673 included),895.3,891.0712,4.229,4.229,3.375452614379085,5.140124268861845,5.139443732270909,0.0,0.854,-0.911,-0.91
651,282,tetracene,R2 tetracene,low / skeletal,551.6,551.4715,0.129,0.129,0.3018608695652174,1.3601679004587528,4.8786656839467,0.0,-0.173,-1.231,-4.75
652,282,tetracene,R2 tetracene,CH-oop (10.5-15 um; benzene nu11 at 673 included),953.6,942.6925,10.908,10.908,10.054452614379084,11.091918107106979,2.039751540796022,0.0,0.854,-0.184,8.868
653,282,tetracene,R2 tetracene,CC-stretch/CH-ip (7.7 um),1298.8,1283.4143,15.386,15.386,14.037876733436054,14.775282340506205,4.5087007907650225,0.0,1.348,0.611,10.877
654,282,tetracene,R2 tetracene,ring / CH-ip (9-10.5 um),997.1,1009.2097,-12.11,-12.11,-10.847774193548386,-8.099237180347272,-6.402021419968711,0.0,-1.262,-4.011,-5.708
655,282,tetracene,R2 tetracene,CH-ip-bend (8.6 um),1124.4,1121.1635,3.236,3.236,2.3685616438356165,3.1344798946470283,6.869954466328953,0.0,0.867,0.102,-3.634
656,282,tetracene,R2 tetracene,CC-stretch/CH-ip (7.7 um),1337.9,1342.2633,-4.363,-4.363,-5.711123266563945,-4.981559421595329,-3.3108321886778027,0.0,1.348,0.619,-1.052
657,282,tetracene,R2 tetracene,CC-stretch (6.2 um),1637.0,1640.7386,-3.739,-3.739,-3.9135637583892615,-2.985263564572299,3.0571152208393775,0.0,0.175,-0.754,-6.796
658,282,tetracene,R2 tetracene,CC-stretch/CH-ip (7.7 um),1292.3,1269.4115,22.889,22.889,21.540876733436054,22.09579653995819,24.25723473333175,0.0,1.348,0.793,-1.368
659,282,tetracene,R2 tetracene,CC-stretch/CH-ip (7.7 um),1388.7,1387.38,1.32,1.32,-0.028123266563944593,0.5796275705128333,6.845475060946179,0.0,1.348,0.74,-5.525
660,282,tetracene,R2 tetracene,CC-stretch/CH-ip (7.7 um),1465.2,1472.9645,-7.764,-7.764,-9.112123266563945,-8.356401325530824,-1.224492507202938,0.0,1.348,0.592,-6.54
661,282,tetracene,R2 tetracene,CC-stretch (6.2 um),1573.2,1550.3294,22.871,22.871,22.696436241610737,23.350334625686344,24.80051959062567,0.0,0.175,-0.479,-1.93
662,282,tetracene,R2 tetracene,low / skeletal,607.7,604.9634,2.737,2.737,2.9098608695652173,3.847803796912758,0.5346100627209944,0.0,-0.173,-1.111,2.202
663,282,tetracene,R2 tetracene,CC-stretch/CH-ip (7.7 um),1416.1,1402.7334,13.367,13.367,12.018876733436056,12.667028918687423,7.924045367054417,0.0,1.348,0.7,5.443
664,282,tetracene,R2 tetracene,CH-oop (10.5-15 um; benzene nu11 at 673 included),933.4,923.698,9.702,9.702,8.848452614379084,9.721776448785466,1.868709194769357,0.0,0.854,-0.02,7.833
665,282,tetracene,R2 tetracene,low / skeletal,627.7,631.4334,-3.733,-3.733,-3.560139130434783,-2.6269811848860565,-3.8713103368024706,0.0,-0.173,-1.106,0.138
666,282,tetracene,R2 tetracene,CH-oop (10.5-15 um; benzene nu11 at 673 included),766.7,747.5901,19.11,19.11,18.256452614379086,19.783785611333194,23.6727203650616,0.0,0.854,-0.674,-4.563
667,282,tetracene,R2 tetracene,CH-ip-bend (8.6 um),1199.3,1196.9284,2.372,2.372,1.5045616438356162,2.285103349455082,3.54284543694753,0.0,0.867,0.087,-1.171
668,291,chrysene,R2 chrysene,CH-stretch,3063.9,3060.8027,3.097,3.097,5.041025641025641,4.847962676366347,3.470476259734276,0.0,-1.944,-1.751,-0.373
669,291,chrysene,R2 chrysene,CH-oop (10.5-15 um; benzene nu11 at 673 included),761.0,762.382,-1.382,-1.382,-2.25117868852459,-2.115062205391307,-0.20102940845158224,0.0,0.869,0.733,-1.181
670,291,chrysene,R2 chrysene,CH-oop (10.5-15 um; benzene nu11 at 673 included),812.6,813.4014,-0.801,-0.801,-1.6701786885245902,-1.7303162217444124,-2.9206705206865027,0.0,0.869,0.929,2.12
671,291,chrysene,R2 chrysene,CC-stretch/CH-ip (7.7 um),1429.7,1424.9387,4.761,4.761,3.3773328220858896,2.6665749627444635,0.7229140452053153,0.0,1.384,2.094,4.038
672,291,chrysene,R2 chrysene,CC-stretch/CH-ip (7.7 um),1490.6,1489.7751,0.825,0.825,-0.5586671779141106,-1.162193491802099,5.254046690210925,0.0,1.384,1.987,-4.429
673,291,chrysene,R2 chrysene,CH-oop (10.5-15 um; benzene nu11 at 673 included),682.4,681.8371,0.563,0.563,-0.3061786885245902,-1.139386439313421,-1.589975189861822,0.0,0.869,1.702,2.153
674,291,chrysene,R2 chrysene,CC-stretch/CH-ip (7.7 um),1264.0,1255.97,8.03,8.03,6.646332822085888,5.8137755287322515,-1.7141962047939945,0.0,1.384,2.216,9.744
675,291,chrysene,R2 chrysene,CH-oop (10.5-15 um; benzene nu11 at 673 included),861.8,857.067,4.733,4.733,3.8638213114754096,3.235087365398753,2.0937032313866664,0.0,0.869,1.498,2.639
676,291,chrysene,R2 chrysene,ring / CH-ip (9-10.5 um),1035.8,1045.4645,-9.665,-9.665,-8.389629032258064,-7.0841100531925205,-2.0446147934886776,0.0,-1.275,-2.581,-7.62
677,291,chrysene,R2 chrysene,CC-stretch (6.2 um),1601.2,1603.4867,-2.287,-2.287,-2.539714765100671,-3.2468552741808754,0.572127500954791,0.0,0.253,0.96,-2.859
678,291,chrysene,R2 chrysene,low / skeletal,534.8,533.4507,1.349,1.349,1.5293304347826087,0.7160739884789916,-1.1980054084808944,0.0,-0.18,0.633,2.547
679,291,chrysene,R2 chrysene,CH-ip-bend (8.6 um),1235.9,1228.8249,7.075,7.075,6.244381868131868,5.4798221276620716,2.8407751676819215,0.0,0.831,1.595,4.234
680,291,chrysene,R2 chrysene,CH-ip-bend (8.6 um),1193.4,1188.9983,4.402,4.402,3.5713818681318683,2.7724063990089234,6.431419861973848,0.0,0.831,1.63,-2.029
681,291,chrysene,R2 chrysene,low / skeletal,552.9,556.5594,-3.659,-3.659,-3.478669565217391,-4.321008240555106,-6.103688094907459,0.0,-0.18,0.662,2.445
682,291,chrysene,R2 chrysene,CH-oop (10.5-15 um; benzene nu11 at 673 included),880.1,876.6214,3.479,3.479,2.60982131147541,1.9570239487679801,0.39636674117969894,0.0,0.869,1.522,3.083
683,291,chrysene,R2 chrysene,low / skeletal,578.9,575.7394,3.161,3.161,3.3413304347826087,2.7301499008187355,4.495306404900273,0.0,-0.18,0.431,-1.334
684,291,chrysene,R2 chrysene,CH-oop (10.5-15 um; benzene nu11 at 673 included),945.9,924.3428,21.557,21.557,20.687821311475407,20.10564193995821,11.461298200547082,0.0,0.869,1.451,10.096
685,291,chrysene,R2 chrysene,CH-oop (10.5-15 um; benzene nu11 at 673 included),852.7,847.5034,5.197,5.197,4.32782131147541,3.4892611579674666,6.575711735969658,0.0,0.869,1.708,-1.379
686,291,chrysene,R2 chrysene,CC-stretch (6.2 um),1523.2,1525.0702,-1.87,-1.87,-2.122714765100671,-2.965189958874472,-3.4654511404370454,0.0,0.253,1.095,1.595
687,291,chrysene,R2 chrysene,CH-ip-bend (8.6 um),1162.8,1154.3993,8.401,8.401,7.570381868131868,6.669995773277409,7.147782208509927,0.0,0.831,1.731,1.253
688,280,"1,2-benz[a]anthracene",,CH-stretch,3064.1,3066.0862,-1.986,-1.986,-0.08541880341880348,-0.11547876215965358,-3.9280280583023566,0.0,-1.901,-1.871,1.942
689,280,"1,2-benz[a]anthracene",,CH-oop (10.5-15 um; benzene nu11 at 673 included),747.0,747.7924,-0.792,-0.792,-1.6492751235584844,-1.0286977363472667,1.900003920783002,0.0,0.857,0.237,-2.692
690,280,"1,2-benz[a]anthracene",,CH-oop (10.5-15 um; benzene nu11 at 673 included),876.0,871.3003,4.7,4.7,3.842724876441516,3.6990272228136227,3.8975732446322997,0.0,0.857,1.001,0.802
691,280,"1,2-benz[a]anthracene",,CH-oop (10.5-15 um; benzene nu11 at 673 included),804.9,808.4236,-3.524,-3.524,-4.381275123558485,-4.3318342344628284,-4.173121192651513,0.0,0.857,0.808,0.649
692,280,"1,2-benz[a]anthracene",,CC-stretch (6.2 um),1504.6,1503.6515,0.948,0.948,0.6069423728813559,0.48197648496392437,-2.4116503059466714,0.0,0.341,0.466,3.36
693,280,"1,2-benz[a]anthracene",,low / skeletal,467.8,472.3586,-4.559,-4.559,-4.427700440528635,-4.564598624606329,-2.9137882865267883,0.0,-0.131,0.006,-1.645
694,280,"1,2-benz[a]anthracene",,CC-stretch/CH-ip (7.7 um),1299.5,1290.1008,9.399,9.399,7.996350308641975,7.328374001167873,5.9418944369250895,0.0,1.403,2.071,3.457
695,280,"1,2-benz[a]anthracene",,CC-stretch/CH-ip (7.7 um),1276.3,1274.335,1.965,1.965,0.5623503086419754,-0.05401778271021329,3.865393652057004,0.0,1.403,2.019,-1.9
696,280,"1,2-benz[a]anthracene",,low / skeletal,539.0,543.7422,-4.742,-4.742,-4.6107004405286345,-4.754057530299324,-5.354405327906138,0.0,-0.131,0.012,0.612
697,280,"1,2-benz[a]anthracene",,CH-oop (10.5-15 um; benzene nu11 at 673 included),782.5,782.5057,-0.006,-0.006,-0.8632751235584843,-1.0315005556090717,-0.1832890007472819,0.0,0.857,1.026,0.177
698,280,"1,2-benz[a]anthracene",,low / skeletal,576.4,575.3882,1.012,1.012,1.1432995594713657,1.1430551137233171,0.9507096153294257,0.0,-0.131,-0.131,0.061
699,280,"1,2-benz[a]anthracene",,CH-ip-bend (8.6 um),1240.2,1233.7833,6.417,6.417,5.59717679558011,5.686055279288868,3.742402489697003,0.0,0.82,0.731,2.675
700,280,"1,2-benz[a]anthracene",,CH-oop (10.5-15 um; benzene nu11 at 673 included),685.3,686.6957,-1.396,-1.396,-2.2532751235584842,-2.745004611711799,-2.488347699534241,0.0,0.857,1.349,1.092
701,280,"1,2-benz[a]anthracene",,ring / CH-ip (9-10.5 um),1040.3,1051.1862,-10.886,-10.886,-9.675794594594594,-7.900068412613291,-1.910858222473367,0.0,-1.21,-2.986,-8.975
702,280,"1,2-benz[a]anthracene",,CH-oop (10.5-15 um; benzene nu11 at 673 included),951.7,937.8925,13.808,13.808,12.950724876441516,12.988935505116176,4.747170362956858,0.0,0.857,0.819,9.061
703,280,"1,2-benz[a]anthracene",,low / skeletal,650.0,649.7054,0.295,0.295,0.42629955947136566,0.5399216930710126,0.4809127095916633,0.0,-0.131,-0.245,-0.186
704,280,"1,2-benz[a]anthracene",,CC-stretch/CH-ip (7.7 um),1459.0,1456.4399,2.56,2.56,1.1573503086419754,1.090011923398223,1.604421934924599,0.0,1.403,1.47,0.956
705,280,"1,2-benz[a]anthracene",,CC-stretch/CH-ip (7.7 um),1478.0,1484.0785,-6.079,-6.079,-7.481649691358024,-7.674031766939084,-4.627878203521675,0.0,1.403,1.595,-1.451
706,280,"1,2-benz[a]anthracene",,CH-oop (10.5-15 um; benzene nu11 at 673 included),737.4,740.3993,-2.999,-2.999,-3.8562751235584845,-4.391449995149593,-0.7667622056012706,0.0,0.857,1.392,-2.232
707,280,"1,2-benz[a]anthracene",,low / skeletal,621.0,623.3445,-2.345,-2.345,-2.2137004405286347,-2.2445091581530585,-1.8382650402742446,0.0,-0.131,-0.1,-0.507
708,280,"1,2-benz[a]anthracene",,low / skeletal,565.2,565.6811,-0.481,-0.481,-0.34970044052863436,-0.5598624287253469,-2.7501715667130022,0.0,-0.131,0.079,2.269
709,280,"1,2-benz[a]anthracene",,ring / CH-ip (9-10.5 um),1010.3,1022.4097,-12.11,-12.11,-10.899794594594594,-9.239655718254763,-10.262955221753865,0.0,-1.21,-2.87,-1.847
710,280,"1,2-benz[a]anthracene",,CC-stretch/CH-ip (7.7 um),1340.9,1340.924,-0.024,-0.024,-1.4266496913580247,-1.7884628398952847,-2.9011913656690753,0.0,1.403,1.764,2.877
711,280,"1,2-benz[a]anthracene",,CH-ip-bend (8.6 um),1222.9,1212.81,10.09,10.09,9.27017679558011,8.993388630348223,4.8253149657974435,0.0,0.82,1.097,5.265
712,280,"1,2-benz[a]anthracene",,CH-ip-bend (8.6 um),1173.9,1172.7098,1.19,1.19,0.3701767955801104,0.08196709545516545,0.6225162873769082,0.0,0.82,1.108,0.567
713,280,"1,2-benz[a]anthracene",,CH-ip-bend (8.6 um),1155.4,1153.7272,1.673,1.673,0.8531767955801105,0.4628721992002345,-0.9373778160370847,0.0,0.82,1.21,2.61
714,280,"1,2-benz[a]anthracene",,CC-stretch/CH-ip (7.7 um),1359.1,1359.1234,-0.023,-0.023,-1.4256496913580246,-1.8487788226719482,0.16407486423612538,0.0,1.403,1.826,-0.187
715,280,"1,2-benz[a]anthracene",,CH-oop (10.5-15 um; benzene nu11 at 673 included),943.9,924.0792,19.821,19.821,18.963724876441518,18.939864257067654,11.619592594308767,0.0,0.857,0.881,8.201
716,280,"1,2-benz[a]anthracene",,CH-oop (10.5-15 um; benzene nu11 at 673 included),758.5,759.0124,-0.512,-0.512,-1.3692751235584844,-1.8357129588435983,2.157847363681727,0.0,0.857,1.324,-2.67
717,280,"1,2-benz[a]anthracene",,CC-stretch/CH-ip (7.7 um),1411.4,1412.3483,-0.948,-0.948,-2.350649691358025,-2.748164420386831,-1.8801253955615427,0.0,1.403,1.8,0.932
718,280,"1,2-benz[a]anthracene",,CH-ip-bend (8.6 um),1133.7,1127.6234,6.077,6.077,5.2571767955801105,4.839199126611744,8.28299358976593,0.0,0.82,1.238,-2.206
719,280,"1,2-benz[a]anthracene",,CC-stretch (6.2 um),1552.1,1554.9851,-2.885,-2.885,-3.226057627118644,-3.623840581854223,-4.9221091019011105,0.0,0.341,0.739,2.037
720,280,"1,2-benz[a]anthracene",,CC-stretch (6.2 um),1615.6,1614.9431,0.657,0.657,0.31594237288135596,-0.07907082094761009,1.4594519479630208,0.0,0.341,0.736,-0.802
721,280,"1,2-benz[a]anthracene",,CC-stretch (6.2 um),1607.8,1626.0229,-18.223,-18.223,-18.564057627118643,-18.92379046848593,-18.9171562520551,0.0,0.341,0.701,0.694
722,280,"1,2-benz[a]anthracene",,CC-stretch (6.2 um),1623.6,1633.5569,-9.957,-9.957,-10.298057627118645,-10.533375291562601,0.037432572389361596,0.0,0.341,0.576,-9.994
723,280,"1,2-benz[a]anthracene",,CH-oop (10.5-15 um; benzene nu11 at 673 included),908.4,894.3209,14.079,14.079,13.221724876441517,13.285592266782496,11.52026806531525,0.0,0.857,0.793,2.559
724,283,tetracene,,CC-stretch/CH-ip (7.7 um),1358.4,1359.8061,-1.406,-1.406,-2.77202,-0.8632584410444879,2.5729551483746453,0.0,1.366,-0.543,-3.979
725,283,tetracene,,CC-stretch/CH-ip (7.7 um),1478.3,1480.8005,-2.501,-2.501,-3.86702,-2.268493315027232,1.2289047684358163,0.0,1.366,-0.233,-3.73
726,283,tetracene,,CH-ip-bend (8.6 um),1178.5,1178.1334,0.367,0.367,-0.5248958904109589,0.9158343951449277,-1.1046700900363762,0.0,0.892,-0.549,1.472
727,283,tetracene,,CC-stretch/CH-ip (7.7 um),1409.6,1400.0509,9.549,9.549,8.182979999999999,9.617859656364782,11.749731249415106,0.0,1.366,-0.069,-2.201
728,283,tetracene,,CC-stretch/CH-ip (7.7 um),1402.1,1399.2253,2.875,2.875,1.50898,2.3079539127444675,-1.4444386533276319,0.0,1.366,0.567,4.319
729,283,tetracene,,CC-stretch (6.2 um),1543.3,1536.9374,6.363,6.363,6.176208053691275,6.870360449372699,4.341805497078643,0.0,0.187,-0.507,2.021
730,283,tetracene,,CH-oop (10.5-15 um; benzene nu11 at 673 included),929.4,926.4804,2.92,2.92,2.0098944805194803,3.298503839367853,-3.0885557617663233,0.0,0.91,-0.379,6.009
731,283,tetracene,,CC-stretch (6.2 um),1604.7,1595.5747,9.125,9.125,8.938208053691275,9.980894742408887,9.305301015286478,0.0,0.187,-0.856,-0.18
732,283,tetracene,,CC-stretch/CH-ip (7.7 um),1302.9,1283.5626,19.337,19.337,17.97098,18.7779469877125,11.176527247088943,0.0,1.366,0.559,8.16
733,283,tetracene,,CH-ip-bend (8.6 um),1155.8,1159.486,-3.686,-3.686,-4.577895890410959,-3.7222853194070473,-4.683215943619719,0.0,0.892,0.036,0.997
734,292,chrysene,,CC-stretch/CH-ip (7.7 um),1315.7,1342.0749,-26.375,-26.375,-27.76754923076923,-27.645445210555813,-25.745734862797345,0.0,1.393,1.27,-0.629
735,292,chrysene,,CH-ip-bend (8.6 um),1229.6,1220.9307,8.669,8.669,7.667154269972452,7.715829193051992,7.848945438953781,0.0,1.002,0.953,0.82
736,292,chrysene,,CH-ip-bend (8.6 um),1137.2,1137.4346,-0.235,-0.235,-1.236845730027548,-1.7383127814904458,-5.2667690874903705,0.0,1.002,1.503,5.032
737,292,chrysene,,CC-stretch (6.2 um),1560.3,1553.1076,7.192,7.192,6.989043918918919,7.061157597238311,9.9637598064529,0.0,0.203,0.131,-2.772
738,292,chrysene,,CC-stretch/CH-ip (7.7 um),1433.1,1429.1672,3.933,3.933,2.5404507692307687,1.8679629119091747,0.4421090008154205,0.0,1.393,2.065,3.491
739,292,chrysene,,CC-stretch (6.2 um),1499.1,1500.753,-1.653,-1.653,-1.8559560810810811,-2.4051762303367266,-6.851712619728742,0.0,0.203,0.752,5.199
740,292,chrysene,,CC-stretch/CH-ip (7.7 um),1447.6,1443.0782,4.522,4.522,3.129450769230769,2.6466487988780343,-1.6213428905003262,0.0,1.393,1.875,6.143
741,292,chrysene,,CC-stretch (6.2 um),1579.1,1575.9719,3.128,3.128,2.925043918918919,2.5175113309532673,1.3015761951715579,0.0,0.203,0.61,1.826
742,292,chrysene,,CC-stretch/CH-ip (7.7 um),1304.1,1289.2285,14.871,14.871,13.47845076923077,12.483109061350513,10.844395395333976,0.0,1.393,2.388,4.027
743,292,chrysene,,CC-stretch (6.2 um),1515.9,1513.4902,2.41,2.41,2.207043918918919,1.916463904741247,3.555866088840758,0.0,0.203,0.494,-1.146
744,292,chrysene,,CH-ip-bend (8.6 um),1216.6,1244.8631,-28.263,-28.263,-29.26484573002755,-29.8685941604433,-31.880981077363543,0.0,1.002,1.606,3.618
745,292,chrysene,,ring / CH-ip (9-10.5 um),1047.2,1053.0769,-5.877,-5.877,-4.491313513513513,-3.2593892164062113,-0.390581413760156,0.0,-1.386,-2.618,-5.486
746,292,chrysene,,CC-stretch/CH-ip (7.7 um),1272.4,1258.7409,13.659,13.659,12.26645076923077,11.386692644809196,6.35514152132816,0.0,1.393,2.272,7.304
747,292,chrysene,,CH-oop (10.5-15 um; benzene nu11 at 673 included),834.0,834.5059,-0.506,-0.506,-1.420470684039088,-1.9828707831124863,-1.0596747416462948,0.0,0.914,1.477,0.554
748,292,chrysene,,CH-oop (10.5-15 um; benzene nu11 at 673 included),879.8,877.8097,1.99,1.99,1.075529315960912,0.31359538017985167,-0.6411814534848641,0.0,0.914,1.676,2.631
749,292,chrysene,,ring / CH-ip (9-10.5 um),1096.3,1080.9552,15.345,15.345,16.730686486486487,9.320733657192234,11.629878595843332,0.0,-1.386,6.024,3.715
750,292,chrysene,,CH-oop (10.5-15 um; benzene nu11 at 673 included),676.0,675.4237,0.576,0.576,-0.338470684039088,-1.3644597807164045,1.6892402156555977,0.0,0.914,1.94,-1.113
751,292,chrysene,,CH-ip-bend (8.6 um),1146.5,1168.1177,-21.618,-21.618,-22.619845730027546,-23.354473467271642,-23.016027272719704,0.0,1.002,1.736,1.398
752,281,benzaanthracene,,CC-stretch/CH-ip (7.7 um),1332.5,1342.3624,-9.862,-9.862,-11.27476,-10.209590106418865,-4.9388141449046685,0.0,1.413,0.348,-4.923
753,281,benzaanthracene,,CC-stretch/CH-ip (7.7 um),1391.7,1380.8986,10.801,10.801,9.38824,9.851198599223151,12.04131413623494,0.0,1.413,0.95,-1.24
754,281,benzaanthracene,,CH-ip-bend (8.6 um),1225.7,1225.5036,0.196,0.196,-0.6817685950413224,0.10827144962823199,-2.4501296323714516,0.0,0.878,0.088,2.646
755,281,benzaanthracene,,CC-stretch (6.2 um),1540.1,1536.2894,3.811,3.811,3.667791245791246,4.167178282242176,4.035711830402476,0.0,0.143,-0.356,-0.225
756,281,benzaanthracene,,CC-stretch (6.2 um),1577.5,1572.3175,5.182,5.182,5.038791245791246,5.3937370164572505,0.01362897436354249,0.0,0.143,-0.212,5.168
757,281,benzaanthracene,,CC-stretch/CH-ip (7.7 um),1375.9,1363.5843,12.316,12.316,10.90324,11.043628425374923,14.731446106442629,0.0,1.413,1.272,-2.415
758,281,benzaanthracene,,CC-stretch (6.2 um),1528.0,1508.3741,19.626,19.626,19.482791245791248,19.60573160036385,22.717942876018878,0.0,0.143,0.02,-3.092
759,281,benzaanthracene,,CC-stretch/CH-ip (7.7 um),1405.8,1421.5189,-15.719,-15.719,-17.13176,-17.113654238269284,-15.358798573357026,0.0,1.413,1.395,-0.36
760,281,benzaanthracene,,ring / CH-ip (9-10.5 um),1102.3,1093.8425,8.457,8.457,9.829801075268819,3.334722233502479,6.29735123223897,0.0,-1.373,5.122,2.16
761,281,benzaanthracene,,CC-stretch/CH-ip (7.7 um),1477.0,1477.0632,-0.063,-0.063,-1.47576,-0.8258160739819467,0.6480360038378066,0.0,1.413,0.763,-0.711
762,281,benzaanthracene,,CH-oop (10.5-15 um; benzene nu11 at 673 included),911.2,903.4528,7.747,7.747,6.844730519480519,7.299484257898735,6.901520601117332,0.0,0.902,0.448,0.845
763,281,benzaanthracene,,CH-ip-bend (8.6 um),1182.2,1182.8338,-0.634,-0.634,-1.5117685950413224,-1.246267020408859,0.23828384961410565,0.0,0.878,0.612,-0.872
764,281,benzaanthracene,,CH-ip-bend (8.6 um),1231.0,1231.722,-0.722,-0.722,-1.5997685950413223,-1.1242293776658192,-0.060111461652482046,0.0,0.878,0.402,-0.662
765,281,benzaanthracene,,CH-ip-bend (8.6 um),1209.3,1204.547,4.753,4.753,3.8752314049586776,3.8916540991860424,10.527948670581214,0.0,0.878,0.861,-5.775
766,393,benzo[k]fluoranthene,,CH-stretch,3069.3,3073.7847,-4.485,-4.485,-2.605777777777778,-1.1275172107789335,-3.1542096140658464,0.0,-1.879,-3.357,-1.331
767,393,benzo[k]fluoranthene,,CH-oop (10.5-15 um; benzene nu11 at 673 included),743.6,747.8092,-4.209,-4.209,-5.1194877250409165,-3.9889321111703593,-3.276134222968216,0.0,0.91,-0.22,-0.933
768,393,benzo[k]fluoranthene,,CH-oop (10.5-15 um; benzene nu11 at 673 included),823.7,828.0353,-4.335,-4.335,-5.245487725040917,-3.7805444235887133,-3.5904465574291815,0.0,0.91,-0.554,-0.745
769,393,benzo[k]fluoranthene,,CC-stretch/CH-ip (7.7 um),1451.4,1446.3325,5.068,5.068,3.6119228395061724,5.095626782798298,2.062050729935386,0.0,1.456,-0.028,3.006
770,393,benzo[k]fluoranthene,,CH-oop (10.5-15 um; benzene nu11 at 673 included),773.6,775.806,-2.206,-2.206,-3.1164877250409164,-2.131126921883614,-1.880432953632612,0.0,0.91,-0.075,-0.326
771,393,benzo[k]fluoranthene,,CH-oop (10.5-15 um; benzene nu11 at 673 included),883.5,875.2559,8.244,8.244,7.333512274959083,8.38014286618414,10.255046320912282,0.0,0.91,-0.136,-2.011
772,393,benzo[k]fluoranthene,,CC-stretch/CH-ip (7.7 um),1489.7,1490.1413,-0.441,-0.441,-1.8970771604938272,-1.1952976250469252,-2.145419151163566,0.0,1.456,0.754,1.704
773,393,benzo[k]fluoranthene,,CC-stretch/CH-ip (7.7 um),1429.9,1426.3624,3.538,3.538,2.0819228395061726,2.850947091732672,-0.344306866617091,0.0,1.456,0.687,3.882
774,393,benzo[k]fluoranthene,,CC-stretch/CH-ip (7.7 um),1249.0,1252.1376,-3.138,-3.138,-4.594077160493827,-4.337815683260626,-9.829842234992507,0.0,1.456,1.2,6.692
775,393,benzo[k]fluoranthene,,ring / CH-ip (9-10.5 um),1099.8,1087.788,12.012,12.012,13.385497267759563,7.167984945220027,6.0311520231753475,0.0,-1.373,4.844,5.981
776,393,benzo[k]fluoranthene,,CC-stretch (6.2 um),1614.7,1616.5293,-1.829,-1.829,-2.138804713804714,-1.8376107737876073,1.9300879465610288,0.0,0.31,0.009,-3.759
777,393,benzo[k]fluoranthene,,CC-stretch (6.2 um),1505.8,1508.1412,-2.341,-2.341,-2.650804713804714,-2.3641903432873903,-1.7589481625425023,0.0,0.31,0.023,-0.582
778,393,benzo[k]fluoranthene,,low / skeletal,601.3,602.4107,-1.111,-1.111,-0.9473086956521739,-0.22390699971769368,-0.05922816839839529,0.0,-0.164,-0.887,-1.052
779,393,benzo[k]fluoranthene,,CC-stretch/CH-ip (7.7 um),1336.5,1340.0702,-3.57,-3.57,-5.026077160493827,-4.937754203294203,-2.6553228917441523,0.0,1.456,1.368,-0.915
780,393,benzo[k]fluoranthene,,low / skeletal,554.3,550.8241,3.476,3.476,3.639691304347826,4.293858364193639,5.933552394321081,0.0,-0.164,-0.818,-2.458
781,393,benzo[k]fluoranthene,,CH-ip-bend (8.6 um),1206.6,1206.0418,0.558,0.558,-0.384565934065934,0.11173252085937935,-0.6460871134032717,0.0,0.943,0.446,1.204
782,393,benzo[k]fluoranthene,,ring / CH-ip (9-10.5 um),1022.7,1032.1593,-9.459,-9.459,-8.085502732240437,-5.701623717302034,-2.900038222243941,0.0,-1.373,-3.757,-6.559
783,393,benzo[k]fluoranthene,,ring / CH-ip (9-10.5 um),950.0,957.2245,-7.225,-7.225,-5.851502732240437,-3.7673187746725394,-6.540616198483962,0.0,-1.373,-3.458,-0.684
784,393,benzo[k]fluoranthene,,CC-stretch/CH-ip (7.7 um),1408.4,1408.8839,-0.484,-0.484,-1.9400771604938272,-1.6829594428088668,1.3945956219911748,0.0,1.456,1.199,-1.879
785,393,benzo[k]fluoranthene,,low / skeletal,620.9,626.2413,-5.341,-5.341,-5.177308695652174,-4.576064911405826,-2.9876742739138615,0.0,-0.164,-0.765,-2.353
786,393,benzo[k]fluoranthene,,ring / CH-ip (9-10.5 um),1057.2,1048.0617,9.138,9.138,10.511497267759562,12.846623952027048,16.89180575535251,0.0,-1.373,-3.709,-7.754
787,393,benzo[k]fluoranthene,,CH-ip-bend (8.6 um),1191.9,1190.1948,1.705,1.705,0.762434065934066,1.0747888573179343,-2.836772343543479,0.0,0.943,0.63,4.542
788,393,benzo[k]fluoranthene,,CH-oop (10.5-15 um; benzene nu11 at 673 included),873.4,868.4567,4.943,4.943,4.032512274959083,4.3590433488169875,1.076376385627933,0.0,0.91,0.584,3.867
789,393,benzo[k]fluoranthene,,CC-stretch/CH-ip (7.7 um),1439.6,1468.3438,-28.744,-28.744,-30.200077160493827,-29.8000029368888,-22.19972389632474,0.0,1.456,1.056,-6.544
790,393,benzo[k]fluoranthene,,CH-ip-bend (8.6 um),1151.2,1174.3338,-23.134,-23.134,-24.076565934065933,-23.810685636732714,-26.142656170337105,0.0,0.943,0.677,3.009
791,393,benzo[k]fluoranthene,,CH-oop (10.5-15 um; benzene nu11 at 673 included),803.9,799.0997,4.8,4.8,3.8895122749590834,4.1248437654214225,2.4457247298821745,0.0,0.91,0.675,2.354
792,393,benzo[k]fluoranthene,,CC-stretch (6.2 um),1586.0,1602.6903,-16.69,-16.69,-16.999804713804714,-16.488638650371215,-12.2255599860054,0.0,0.31,-0.201,-4.464
793,395,benzo[j]fluoranthene,,CH-stretch,3058.0,3059.845,-1.845,-1.845,0.05678632478632495,0.32653741002463943,-0.3652922463954562,0.0,-1.902,-2.172,-1.48
794,395,benzo[j]fluoranthene,,CH-oop (10.5-15 um; benzene nu11 at 673 included),815.5,818.5659,-3.066,-3.066,-3.98923305785124,-3.083735564881458,-1.857066543692772,0.0,0.923,0.018,-1.209
795,395,benzo[j]fluoranthene,,CH-oop (10.5-15 um; benzene nu11 at 673 included),769.2,767.6816,1.518,1.518,0.5947669421487602,1.0729622914832335,2.2724670897453128,0.0,0.923,0.445,-0.754
796,395,benzo[j]fluoranthene,,CC-stretch/CH-ip (7.7 um),1429.5,1425.4341,4.066,4.066,2.7229643410852713,3.0861261409809426,0.4700479113116045,0.0,1.343,0.98,3.596
797,395,benzo[j]fluoranthene,,CH-oop (10.5-15 um; benzene nu11 at 673 included),738.7,739.3152,-0.615,-0.615,-1.5382330578512398,-1.3262297687084341,-0.16379124589571203,0.0,0.923,0.711,-0.451
798,395,benzo[j]fluoranthene,,CC-stretch/CH-ip (7.7 um),1452.9,1450.0406,2.859,2.859,1.5159643410852712,1.8275537067582919,0.9221834222091274,0.0,1.343,1.031,1.937
799,395,benzo[j]fluoranthene,,CC-stretch/CH-ip (7.7 um),1488.0,1489.17,-1.17,-1.17,-2.5130356589147285,-2.239108825460592,-3.3181539036624645,0.0,1.343,1.069,2.148
800,395,benzo[j]fluoranthene,,low / skeletal,508.3,514.7131,-6.413,-6.413,-6.154696035242291,-6.117904309075687,-4.411430901785797,0.0,-0.258,-0.295,-2.002
801,395,benzo[j]fluoranthene,,CH-ip-bend (8.6 um),1139.6,1140.3688,-0.769,-0.769,-1.5967562326869806,-1.5953104298613128,-3.579924995220843,0.0,0.828,0.826,2.811
802,395,benzo[j]fluoranthene,,CC-stretch/CH-ip (7.7 um),1473.6,1468.0295,5.57,5.57,4.226964341085272,4.377068431707474,4.74981329984599,0.0,1.343,1.193,0.82
803,395,benzo[j]fluoranthene,,CH-oop (10.5-15 um; benzene nu11 at 673 included),750.1,752.8285,-2.728,-2.728,-3.6512330578512397,-3.8444685977094455,-4.242515226841447,0.0,0.923,1.116,1.515
804,395,benzo[j]fluoranthene,,ring / CH-ip (9-10.5 um),1028.8,1024.8209,3.979,3.979,5.40820218579235,7.306841266186584,10.453499624774356,0.0,-1.429,-3.328,-6.474
805,395,benzo[j]fluoranthene,,CC-stretch (6.2 um),1529.0,1526.913,2.087,2.087,1.7806372881355934,1.681937784578467,2.033957156206681,0.0,0.306,0.405,0.053
806,395,benzo[j]fluoranthene,,low / skeletal,638.4,638.8355,-0.436,-0.436,-0.17769603524229072,0.09574662818406482,-3.1591494395093247,0.0,-0.258,-0.532,2.723
807,395,benzo[j]fluoranthene,,CH-oop (10.5-15 um; benzene nu11 at 673 included),791.9,792.7465,-0.846,-0.846,-1.7692330578512396,-1.6225106416484478,-1.6442575476747394,0.0,0.923,0.777,0.798
808,395,benzo[j]fluoranthene,,CH-ip-bend (8.6 um),1192.3,1186.9236,5.376,5.376,4.54824376731302,4.54149242796313,2.302924296408962,0.0,0.828,0.835,3.073
809,395,benzo[j]fluoranthene,,low / skeletal,547.0,543.5155,3.485,3.485,3.7433039647577093,3.8754585303588884,4.885943149443565,0.0,-0.258,-0.39,-1.401
810,395,benzo[j]fluoranthene,,low / skeletal,553.0,553.6831,-0.683,-0.683,-0.42469603524229077,-0.3790028137499004,0.6417783651647186,0.0,-0.258,-0.304,-1.325
811,395,benzo[j]fluoranthene,,CC-stretch (6.2 um),1589.3,1586.9685,2.332,2.332,2.0256372881355933,2.1659237435205068,3.5807930376150106,0.0,0.306,0.166,-1.249
812,395,benzo[j]fluoranthene,,CH-oop (10.5-15 um; benzene nu11 at 673 included),826.1,828.0541,-1.954,-1.954,-2.8772330578512397,-2.9857897244925047,-0.9353141853388747,0.0,0.923,1.032,-1.019
813,395,benzo[j]fluoranthene,,CC-stretch/CH-ip (7.7 um),1289.7,1279.8653,9.835,9.835,8.491964341085271,8.304422983693726,3.013186436012634,0.0,1.343,1.531,6.822
814,395,benzo[j]fluoranthene,,CH-ip-bend (8.6 um),1174.7,1170.3011,4.399,4.399,3.5712437673130193,3.45960691133798,3.2844038554262784,0.0,0.828,0.939,1.115
815,395,benzo[j]fluoranthene,,ring / CH-ip (9-10.5 um),1047.1,1037.9312,9.169,9.169,10.59820218579235,12.590054178671114,15.559512840466592,0.0,-1.429,-3.421,-6.391
816,395,benzo[j]fluoranthene,,CC-stretch (6.2 um),1561.4,1556.6463,4.754,4.754,4.447637288135593,4.3466745082960845,4.546469410930883,0.0,0.306,0.407,0.208
817,395,benzo[j]fluoranthene,,CC-stretch (6.2 um),1616.5,1620.2217,-3.722,-3.722,-4.028362711864407,-4.120383510751589,1.1417453542276612,0.0,0.306,0.398,-4.864
818,395,benzo[j]fluoranthene,,CH-oop (10.5-15 um; benzene nu11 at 673 included),693.5,696.2122,-2.712,-2.712,-3.6352330578512397,-3.9924343925116386,-8.780994114586717,0.0,0.923,1.28,6.069
819,395,benzo[j]fluoranthene,,CC-stretch/CH-ip (7.7 um),1325.8,1321.5956,4.204,4.204,2.860964341085271,2.633447497986025,-1.2812345950512407,0.0,1.343,1.571,5.485
820,395,benzo[j]fluoranthene,,CC-stretch/CH-ip (7.7 um),1373.3,1369.6423,3.658,3.658,2.314964341085271,2.057348524230117,3.012103713553354,0.0,1.343,1.601,0.646
821,395,benzo[j]fluoranthene,,CH-ip-bend (8.6 um),1212.6,1212.349,0.251,0.251,-0.5767562326869806,-0.5467271530743415,-4.404649765234854,0.0,0.828,0.798,4.656
822,395,benzo[j]fluoranthene,,CC-stretch/CH-ip (7.7 um),1391.8,1364.9108,26.889,26.889,25.54596434108527,25.404401213557843,21.783005060336563,0.0,1.343,1.485,5.106
823,395,benzo[j]fluoranthene,,CH-oop (10.5-15 um; benzene nu11 at 673 included),857.6,853.9108,3.689,3.689,2.76576694214876,2.6593772678096967,1.6711775258137567,0.0,0.923,1.03,2.018
824,395,benzo[j]fluoranthene,,low / skeletal,628.1,632.7446,-4.645,-4.645,-4.386696035242291,-4.310979569004886,-10.187060701284391,0.0,-0.258,-0.334,5.542
825,395,benzo[j]fluoranthene,,CC-stretch/CH-ip (7.7 um),1411.8,1422.4751,-10.675,-10.675,-12.01803565891473,-11.514360107658716,-11.93536556105239,0.0,1.343,0.839,1.26
826,395,benzo[j]fluoranthene,,CH-oop (10.5-15 um; benzene nu11 at 673 included),936.4,930.4867,5.913,5.913,4.98976694214876,4.992220552275004,0.03591303483814734,0.0,0.923,0.921,5.877
827,395,benzo[j]fluoranthene,,ring / CH-ip (9-10.5 um),1071.5,1072.6035,-1.103,-1.103,0.3262021857923496,2.3260660988874093,5.542785400540555,0.0,-1.429,-3.429,-6.646
828,395,benzo[j]fluoranthene,,ring / CH-ip (9-10.5 um),978.4,975.7846,2.615,2.615,4.04420218579235,5.865257973482458,3.474772902992031,0.0,-1.429,-3.25,-0.86
829,395,benzo[j]fluoranthene,,CH-oop (10.5-15 um; benzene nu11 at 673 included),805.7,803.105,2.595,2.595,1.6717669421487604,1.5265514002042462,1.683884263553162,0.0,0.923,1.068,0.911
830,395,benzo[j]fluoranthene,,CH-oop (10.5-15 um; benzene nu11 at 673 included),706.8,706.768,0.032,0.032,-0.8912330578512397,-1.1950752411682748,-3.779714432685565,0.0,0.923,1.227,3.812
831,395,benzo[j]fluoranthene,,low / skeletal,604.4,577.698,26.702,26.702,26.96030396475771,26.963509100469714,25.940030069504445,0.0,-0.258,-0.262,0.762
832,395,benzo[j]fluoranthene,,CH-oop (10.5-15 um; benzene nu11 at 673 included),831.7,828.5365,3.163,3.163,2.2397669421487603,2.494127213695029,3.3130171353494324,0.0,0.923,0.669,-0.15
833,395,benzo[j]fluoranthene,,CH-ip-bend (8.6 um),1131.3,1123.8709,7.429,7.429,6.6012437673130195,6.47159666017769,5.788658678074532,0.0,0.828,0.957,1.64
834,395,benzo[j]fluoranthene,,CC-stretch/CH-ip (7.7 um),1353.7,1349.4274,4.273,4.273,2.929964341085271,2.722495226766684,3.502528592225876,0.0,1.343,1.551,0.77
835,395,benzo[j]fluoranthene,,CH-ip-bend (8.6 um),1224.9,1218.1833,6.717,6.717,5.889243767313019,5.917512592689142,1.4529249156739583,0.0,0.828,0.799,5.264
836,395,benzo[j]fluoranthene,,CC-stretch (6.2 um),1582.1,1606.7757,-24.676,-24.676,-24.982362711864404,-25.100047611783303,-20.67499354649337,0.0,0.306,0.424,-4.001
837,391,benzo[b]fluoranthene,,CH-stretch,3073.5,3071.7946,1.705,1.705,3.6371282051282052,3.951319045324959,1.4113547525688053,0.0,-1.932,-2.246,0.294
838,391,benzo[b]fluoranthene,,CH-oop (10.5-15 um; benzene nu11 at 673 included),744.1,747.5734,-3.473,-3.473,-4.410105436573311,-3.2517350348622274,-1.017037059665447,0.0,0.937,-0.221,-2.456
839,391,benzo[b]fluoranthene,,CH-oop (10.5-15 um; benzene nu11 at 673 included),777.4,780.5036,-3.104,-3.104,-4.041105436573312,-3.0579071723715403,-3.0762935259820154,0.0,0.937,-0.046,-0.028
840,391,benzo[b]fluoranthene,,CH-oop (10.5-15 um; benzene nu11 at 673 included),735.7,736.121,-0.421,-0.421,-1.3581054365733114,-0.7005868211891955,0.3123898239241351,0.0,0.937,0.28,-0.733
841,391,benzo[b]fluoranthene,,CC-stretch/CH-ip (7.7 um),1442.6,1438.8943,3.706,3.706,2.2836232558139535,3.263660609881388,2.147906415051409,0.0,1.422,0.442,1.558
842,391,benzo[b]fluoranthene,,CC-stretch/CH-ip (7.7 um),1377.5,1378.2117,-0.712,-0.712,-2.1343767441860466,-1.5483118893899257,-1.3779741234510663,0.0,1.422,0.836,0.666
843,391,benzo[b]fluoranthene,,CC-stretch/CH-ip (7.7 um),1456.3,1459.6868,-3.387,-3.387,-4.809376744186046,-4.11327090285312,-3.7308195083210935,0.0,1.422,0.726,0.344
844,391,benzo[b]fluoranthene,,CC-stretch (6.2 um),1535.2,1533.9459,1.254,1.254,0.9709898648648649,1.4668587636837,-0.09382168945072622,0.0,0.283,-0.213,1.348
845,391,benzo[b]fluoranthene,,CH-oop (10.5-15 um; benzene nu11 at 673 included),892.5,892.6541,-0.154,-0.154,-1.0911054365733113,-0.37233359204763206,-6.055227098523098,0.0,0.937,0.218,5.901
846,391,benzo[b]fluoranthene,,low / skeletal,503.3,507.3564,-4.056,-4.056,-3.8819605263157895,-3.4959030529965274,-1.863753367834898,0.0,-0.174,-0.56,-2.192
847,391,benzo[b]fluoranthene,,low / skeletal,617.9,618.6866,-0.787,-0.787,-0.6129605263157895,0.13618523445286645,1.7021179152655046,0.0,-0.174,-0.923,-2.489
848,391,benzo[b]fluoranthene,,CC-stretch/CH-ip (7.7 um),1464.6,1468.843,-4.243,-4.243,-5.665376744186046,-5.2042305500894,-0.790452317469803,0.0,1.422,0.961,-3.453
849,391,benzo[b]fluoranthene,,CC-stretch/CH-ip (7.7 um),1425.3,1417.6584,7.642,7.642,6.2196232558139535,6.629607195569989,5.228300865904095,0.0,1.422,1.012,2.414
850,391,benzo[b]fluoranthene,,CH-ip-bend (8.6 um),1150.9,1144.5855,6.315,6.315,5.416450276243094,5.75427773823115,7.101433486895907,0.0,0.899,0.561,-0.786
851,391,benzo[b]fluoranthene,,ring / CH-ip (9-10.5 um),1037.2,1032.6175,4.582,4.582,6.02566847826087,8.179697721999233,7.852928934193969,0.0,-1.444,-3.598,-3.271
852,391,benzo[b]fluoranthene,,CH-oop (10.5-15 um; benzene nu11 at 673 included),753.1,749.316,3.784,3.784,2.8468945634266882,3.415517174523339,5.193517195020624,0.0,0.937,0.368,-1.41
853,391,benzo[b]fluoranthene,,CH-ip-bend (8.6 um),1216.4,1234.1013,-17.701,-17.701,-18.59954972375691,-17.97241586235343,-20.55090526366701,0.0,0.899,0.271,2.85
854,391,benzo[b]fluoranthene,,low / skeletal,543.6,542.0434,1.557,1.557,1.7310394736842105,2.1522011056232673,4.150097433245827,0.0,-0.174,-0.595,-2.593
855,391,benzo[b]fluoranthene,,CC-stretch/CH-ip (7.7 um),1361.5,1370.5668,-9.067,-9.067,-10.489376744186046,-10.323060946401025,-9.798812109107745,0.0,1.422,1.256,0.732
856,391,benzo[b]fluoranthene,,CH-ip-bend (8.6 um),1158.9,1158.0647,0.835,0.835,-0.06354972375690604,0.09134280488175006,-0.9163070267942985,0.0,0.899,0.744,1.751
857,391,benzo[b]fluoranthene,,CC-stretch/CH-ip (7.7 um),1490.4,1483.545,6.855,6.855,5.432623255813954,6.01708111147268,5.916701155914918,0.0,1.422,0.838,0.938
858,391,benzo[b]fluoranthene,,CC-stretch (6.2 um),1599.6,1595.0925,4.507,4.507,4.223989864864865,4.78208781410956,5.668746588089281,0.0,0.283,-0.275,-1.162
859,391,benzo[b]fluoranthene,,CH-oop (10.5-15 um; benzene nu11 at 673 included),762.6,764.1785,-1.578,-1.578,-2.5151054365733114,-2.0530220704096065,-1.1568893266127755,0.0,0.937,0.475,-0.421
860,391,benzo[b]fluoranthene,,ring / CH-ip (9-10.5 um),1003.8,1000.3625,3.438,3.438,4.8816684782608695,7.013781028993188,4.728664131738513,0.0,-1.444,-3.576,-1.291
861,391,benzo[b]fluoranthene,,ring / CH-ip (9-10.5 um),1105.4,1094.6691,10.731,10.731,12.17466847826087,5.680496704625153,6.758445201837956,0.0,-1.444,5.051,3.973
862,391,benzo[b]fluoranthene,,CH-oop (10.5-15 um; benzene nu11 at 673 included),857.8,855.2321,2.568,2.568,1.6308945634266887,1.9742049487332127,3.5554576750089044,0.0,0.937,0.594,-0.987
863,391,benzo[b]fluoranthene,,CH-ip-bend (8.6 um),1139.0,1132.3075,6.693,6.693,5.794450276243094,6.025569497868116,6.539239192356125,0.0,0.899,0.667,0.154
864,391,benzo[b]fluoranthene,,CH-oop (10.5-15 um; benzene nu11 at 673 included),946.8,943.8421,2.958,2.958,2.0208945634266886,2.492117202399513,2.8419823641583886,0.0,0.937,0.466,0.116
865,391,benzo[b]fluoranthene,,CC-stretch/CH-ip (7.7 um),1472.9,1451.6795,21.221,21.221,19.798623255813954,20.610956832062392,22.314426360154144,0.0,1.422,0.61,-1.093
866,391,benzo[b]fluoranthene,,CH-oop (10.5-15 um; benzene nu11 at 673 included),935.8,927.9264,7.874,7.874,6.936894563426688,7.40572058754445,6.630955622271588,0.0,0.937,0.468,1.243
867,391,benzo[b]fluoranthene,,CC-stretch/CH-ip (7.7 um),1241.7,1266.6829,-24.983,-24.983,-26.405376744186047,-26.496527423635936,-27.16838135978494,0.0,1.422,1.514,2.185
868,391,benzo[b]fluoranthene,,low / skeletal,563.4,562.1936,1.206,1.206,1.3800394736842105,1.8152909030703257,5.112075906546653,0.0,-0.174,-0.609,-3.906
869,391,benzo[b]fluoranthene,,CC-stretch (6.2 um),1605.2,1607.3977,-2.198,-2.198,-2.481010135135135,-2.243427270958237,3.32942118172121,0.0,0.283,0.045,-5.527
870,391,benzo[b]fluoranthene,,low / skeletal,591.9,590.7642,1.136,1.136,1.3100394736842105,1.722366624609493,1.360926379497259,0.0,-0.174,-0.586,-0.225
871,391,benzo[b]fluoranthene,,CH-oop (10.5-15 um; benzene nu11 at 673 included),803.5,817.2321,-13.732,-13.732,-14.669105436573311,-14.484313188471301,-10.544875711038163,0.0,0.937,0.752,-3.187
872,391,benzo[b]fluoranthene,,CH-ip-bend (8.6 um),1175.5,1174.6939,0.806,0.806,-0.09254972375690595,0.20495714719257252,5.3398767071105375,0.0,0.899,0.601,-4.534
873,391,benzo[b]fluoranthene,,CC-stretch/CH-ip (7.7 um),1314.2,1312.8981,1.302,1.302,-0.12037674418604638,-0.09820796514564467,6.745559631982337,0.0,1.422,1.4,-5.444
874,391,benzo[b]fluoranthene,,CC-stretch (6.2 um),1611.9,1628.0817,-16.182,-16.182,-16.465010135135135,-16.165351150533226,-8.66179964958544,0.0,0.283,-0.017,-7.52
875,343,benzo[e]pyrene,,CH-stretch,3059.7,3057.6513,2.049,2.049,3.984068376068376,3.7345852445173335,7.70417857322937,0.0,-1.935,-1.686,-5.655
876,343,benzo[e]pyrene,,CH-oop (10.5-15 um; benzene nu11 at 673 included),748.2,750.7792,-2.579,-2.579,-3.4641669394435355,-2.6474499215401828,-2.237848798008148,0.0,0.885,0.068,-0.341
877,343,benzo[e]pyrene,,CH-oop (10.5-15 um; benzene nu11 at 673 included),830.1,827.8217,2.278,2.278,1.3928330605564647,2.0587757439704397,2.308321140869099,0.0,0.885,0.219,-0.03
878,343,benzo[e]pyrene,,CC-stretch/CH-ip (7.7 um),1413.5,1402.7815,10.718,10.718,9.36044,9.442065311304452,0.6028784409980901,0.0,1.358,1.276,10.115
879,343,benzo[e]pyrene,,CC-stretch/CH-ip (7.7 um),1444.1,1437.8651,6.235,6.235,4.87744,4.956634420675449,0.9377764976779837,0.0,1.358,1.278,5.297
880,343,benzo[e]pyrene,,CH-oop (10.5-15 um; benzene nu11 at 673 included),711.8,705.4813,6.319,6.319,5.433833060556465,5.155046583831021,3.266115272338636,0.0,0.885,1.164,3.053
881,343,benzo[e]pyrene,,CH-oop (10.5-15 um; benzene nu11 at 673 included),771.1,771.6905,-0.591,-0.591,-1.476166939443535,-1.75817566581937,-4.8260078043864105,0.0,0.885,1.167,4.235
882,343,benzo[e]pyrene,,CH-ip-bend (8.6 um),1191.8,1190.3022,1.498,1.498,0.5984876033057852,0.6026986532634728,-1.5926213047386388,0.0,0.9,0.895,3.091
883,343,benzo[e]pyrene,,CC-stretch/CH-ip (7.7 um),1478.9,1471.4554,7.445,7.445,6.087440000000001,6.268537739017951,6.5018002228345395,0.0,1.358,1.176,0.943
884,343,benzo[e]pyrene,,CC-stretch/CH-ip (7.7 um),1320.6,1318.927,1.673,1.673,0.31544000000000016,0.058071234171109376,-3.463612294786553,0.0,1.358,1.615,5.137
885,343,benzo[e]pyrene,,low / skeletal,570.6,577.6381,-7.038,-7.038,-6.891252173913044,-6.7840050294348595,-7.77925905824901,0.0,-0.147,-0.254,0.741
886,343,benzo[e]pyrene,,low / skeletal,554.5,553.8077,0.692,0.692,0.8387478260869565,0.9169909050681415,1.6392638481530453,0.0,-0.147,-0.225,-0.947
887,343,benzo[e]pyrene,,ring / CH-ip (9-10.5 um),1037.8,1050.0488,-12.249,-12.249,-10.987521505376344,-9.108823559779013,-6.698679684039243,0.0,-1.261,-3.14,-5.55
888,343,benzo[e]pyrene,,CH-ip-bend (8.6 um),1106.9,1102.9922,3.908,3.908,3.008487603305785,2.7829042690436507,-1.5586207175759523,0.0,0.9,1.125,5.467
889,343,benzo[e]pyrene,,CC-stretch (6.2 um),1593.2,1583.9615,9.239,9.239,9.031933110367893,8.828881321047888,16.74922222073372,0.0,0.207,0.41,-7.51
890,343,benzo[e]pyrene,,CH-oop (10.5-15 um; benzene nu11 at 673 included),898.2,882.9152,15.285,15.285,14.399833060556466,14.567723010322553,8.90628881937205,0.0,0.885,0.717,6.379
891,343,benzo[e]pyrene,,CH-oop (10.5-15 um; benzene nu11 at 673 included),949.3,947.3038,1.996,1.996,1.1108330605564647,1.0882272734428813,4.593250483936844,0.0,0.885,0.908,-2.597
892,343,benzo[e]pyrene,,low / skeletal,645.9,646.4265,-0.527,-0.527,-0.38025217391304345,-0.22140804247301743,-4.000939111772822,0.0,-0.147,-0.306,3.474
893,343,benzo[e]pyrene,,CH-ip-bend (8.6 um),1152.3,1149.5753,2.725,2.725,1.8254876033057852,1.5343026176478414,0.08048754252068635,0.0,0.9,1.191,2.645
894,343,benzo[e]pyrene,,CH-ip-bend (8.6 um),1183.8,1196.2311,-12.431,-12.431,-13.330512396694214,-13.528921761756042,-12.29030658662585,0.0,0.9,1.098,-0.141
895,343,benzo[e]pyrene,,CC-stretch/CH-ip (7.7 um),1267.0,1259.7182,7.282,7.282,5.924440000000001,5.433489106293807,5.270149376051165,0.0,1.358,1.849,2.012
896,389,benzo[a]fluoranthene,,CH-stretch,3059.4,3059.9619,-0.562,-0.562,1.3507521367521367,1.670273083994689,3.2503043384396175,0.0,-1.913,-2.232,-3.812
897,389,benzo[a]fluoranthene,,CH-oop (10.5-15 um; benzene nu11 at 673 included),739.0,741.944,-2.944,-2.944,-3.8976788079470195,-2.777314240870219,-2.310978257277786,0.0,0.954,-0.167,-0.633
898,389,benzo[a]fluoranthene,,CC-stretch/CH-ip (7.7 um),1444.1,1443.4587,0.641,0.641,-0.7718703703703702,0.4662344477119829,0.1065088340807071,0.0,1.413,0.175,0.534
899,389,benzo[a]fluoranthene,,low / skeletal,620.9,621.1029,-0.203,-0.203,-0.06718777292576417,0.5663804055392887,1.1366414511721123,0.0,-0.136,-0.769,-1.34
900,389,benzo[a]fluoranthene,,CH-oop (10.5-15 um; benzene nu11 at 673 included),876.7,876.6622,0.038,0.038,-0.9156788079470197,-0.06254065428859287,-2.1097358789512897,0.0,0.954,0.101,2.148
901,389,benzo[a]fluoranthene,,CH-oop (10.5-15 um; benzene nu11 at 673 included),748.7,749.1089,-0.409,-0.409,-1.3626788079470198,-0.9315453672233325,0.7013534388184093,0.0,0.954,0.523,-1.11
902,389,benzo[a]fluoranthene,,CC-stretch/CH-ip (7.7 um),1463.2,1464.0119,-0.812,-0.812,-2.22487037037037,-1.7661295672973454,-1.5793415251427665,0.0,1.413,0.954,0.767
903,389,benzo[a]fluoranthene,,CH-oop (10.5-15 um; benzene nu11 at 673 included),783.0,789.218,-6.218,-6.218,-7.1716788079470195,-6.785064417069602,-6.679449282487041,0.0,0.954,0.567,0.461
904,389,benzo[a]fluoranthene,,CH-oop (10.5-15 um; benzene nu11 at 673 included),839.0,835.9569,3.043,3.043,2.0893211920529806,2.4667285010017572,3.761195203384853,0.0,0.954,0.576,-0.718
905,389,benzo[a]fluoranthene,,CH-ip-bend (8.6 um),1185.3,1181.024,4.276,4.276,3.2435444444444443,3.608934625325512,3.2054153081372343,0.0,1.032,0.667,1.071
906,389,benzo[a]fluoranthene,,low / skeletal,481.5,486.7945,-5.295,-5.295,-5.1591877729257645,-5.0025511284552975,-2.7249716637884047,0.0,-0.136,-0.292,-2.57
907,389,benzo[a]fluoranthene,,CC-stretch/CH-ip (7.7 um),1438.8,1434.8865,3.913,3.913,2.5001296296296296,2.970021115492256,-2.585095311167254,0.0,1.413,0.943,6.498
908,389,benzo[a]fluoranthene,,CC-stretch (6.2 um),1531.5,1533.9162,-2.416,-2.416,-2.6007804054054056,-2.3702716343527257,-5.981566406767294,0.0,0.185,-0.046,3.566
909,389,benzo[a]fluoranthene,,ring / CH-ip (9-10.5 um),1013.1,1023.8303,-10.73,-10.73,-9.499167567567568,-7.238183699087804,-6.6573450139529085,0.0,-1.231,-3.492,-4.073
910,389,benzo[a]fluoranthene,,CC-stretch (6.2 um),1582.0,1584.5789,-2.579,-2.579,-2.763780405405406,-2.5982595215673014,-0.7099754650209225,0.0,0.185,0.019,-1.869
911,389,benzo[a]fluoranthene,,CH-ip-bend (8.6 um),1165.9,1165.5409,0.359,0.359,-0.6734555555555555,-0.3427258355120488,-0.09025045045044428,0.0,1.032,0.702,0.449
912,389,benzo[a]fluoranthene,,CH-oop (10.5-15 um; benzene nu11 at 673 included),811.7,810.2809,1.419,1.419,0.4653211920529803,0.5797040882325517,3.305318028914126,0.0,0.954,0.839,-1.886
913,389,benzo[a]fluoranthene,,CC-stretch/CH-ip (7.7 um),1394.0,1382.0923,11.908,11.908,10.495129629629629,10.675156262914657,12.969556815054474,0.0,1.413,1.233,-1.062
914,389,benzo[a]fluoranthene,,low / skeletal,607.2,611.694,-4.494,-4.494,-4.358187772925764,-4.064649724318352,-2.407662791492397,0.0,-0.136,-0.429,-2.086
915,389,benzo[a]fluoranthene,,CH-ip-bend (8.6 um),1216.4,1214.2938,2.106,2.106,1.0735444444444444,1.4923546300614692,0.43500381009423084,0.0,1.032,0.614,1.671
916,389,benzo[a]fluoranthene,,CH-oop (10.5-15 um; benzene nu11 at 673 included),728.1,745.6632,-17.563,-17.563,-18.51667880794702,-18.54666891068894,-17.532246731582905,0.0,0.954,0.984,-0.031
917,389,benzo[a]fluoranthene,,CH-oop (10.5-15 um; benzene nu11 at 673 included),684.3,682.5931,1.707,1.707,0.7533211920529803,0.6743714743106899,0.45477109941854676,0.0,0.954,1.033,1.252
918,389,benzo[a]fluoranthene,,CC-stretch (6.2 um),1592.2,1570.6545,21.545,21.545,21.360219594594597,21.582193904613312,17.25341430412003,0.0,0.185,-0.037,4.292
919,389,benzo[a]fluoranthene,,CH-ip-bend (8.6 um),1157.8,1154.8276,2.972,2.972,1.9395444444444445,2.1966967922260014,2.93726177127518,0.0,1.032,0.775,0.035
920,389,benzo[a]fluoranthene,,CH-ip-bend (8.6 um),1148.2,1175.0757,-26.876,-26.876,-27.908455555555555,-27.782860753276218,-28.14910565965319,0.0,1.032,0.907,1.273
921,389,benzo[a]fluoranthene,,ring / CH-ip (9-10.5 um),1026.2,1034.6502,-8.45,-8.45,-7.219167567567567,-5.086042012699558,-8.569948338808885,0.0,-1.231,-3.364,0.12
922,389,benzo[a]fluoranthene,,CC-stretch (6.2 um),1632.0,1632.0927,-0.093,-0.093,-0.2777804054054054,-0.012857027757136236,4.252539419488487,0.0,0.185,-0.08,-4.346
923,389,benzo[a]fluoranthene,,CC-stretch/CH-ip (7.7 um),1304.1,1304.8291,-0.729,-0.729,-2.1418703703703703,-2.255130208882969,3.8537719455990507,0.0,1.413,1.526,-4.583
924,389,benzo[a]fluoranthene,,CC-stretch/CH-ip (7.7 um),1452.0,1458.3907,-6.391,-6.391,-7.803870370370371,-7.06990942627046,-9.128248590155042,0.0,1.413,0.679,2.737
925,389,benzo[a]fluoranthene,,CH-oop (10.5-15 um; benzene nu11 at 673 included),861.7,863.1216,-1.422,-1.422,-2.3756788079470197,-1.9593198969750287,-2.12671949213292,0.0,0.954,0.537,0.705
926,389,benzo[a]fluoranthene,,low / skeletal,575.7,575.2319,0.468,0.468,0.6038122270742359,0.8621405313763101,-2.673028488360493,0.0,-0.136,-0.394,3.141
927,389,benzo[a]fluoranthene,,CH-ip-bend (8.6 um),1080.0,1106.3247,-26.325,-26.325,-27.357455555555553,-27.28216079511462,-29.747685057211253,0.0,1.032,0.957,3.423
928,389,benzo[a]fluoranthene,,CH-oop (10.5-15 um; benzene nu11 at 673 included),949.4,945.997,3.403,3.403,2.44932119205298,2.805410924405783,1.8585173252056895,0.0,0.954,0.598,1.544
929,389,benzo[a]fluoranthene,,CH-oop (10.5-15 um; benzene nu11 at 673 included),900.9,904.0096,-3.11,-3.11,-4.06367880794702,-3.8102474576425425,-1.0949508286077463,0.0,0.954,0.7,-2.015
930,389,benzo[a]fluoranthene,,CH-oop (10.5-15 um; benzene nu11 at 673 included),935.8,931.3305,4.469,4.469,3.5153211920529808,3.8669821687306385,0.08267259289328077,0.0,0.954,0.602,4.386
931,389,benzo[a]fluoranthene,,CH-ip-bend (8.6 um),1113.7,1119.6727,-5.973,-5.973,-7.005455555555555,-6.944964991886938,-9.720506832583919,0.0,1.032,0.972,3.748
932,389,benzo[a]fluoranthene,,CC-stretch/CH-ip (7.7 um),1359.0,1367.3026,-8.303,-8.303,-9.715870370370371,-9.713950052219092,-9.43636056007944,0.0,1.413,1.411,1.133
933,389,benzo[a]fluoranthene,,CH-oop (10.5-15 um; benzene nu11 at 673 included),932.9,927.7898,5.11,5.11,4.156321192052981,4.444853795127987,5.329821508222239,0.0,0.954,0.665,-0.22
934,396,benzo[j]fluoranthene,,CC-stretch/CH-ip (7.7 um),1397.9,1401.7037,-3.804,-3.804,-5.226299224806201,-5.196763596585061,-6.447088764320463,0.0,1.422,1.393,2.643
935,396,benzo[j]fluoranthene,,CC-stretch/CH-ip (7.7 um),1439.1,1434.8462,4.254,4.254,2.8317007751937977,2.797549473720145,9.304364897917608,0.0,1.422,1.456,-5.05
936,396,benzo[j]fluoranthene,,CC-stretch/CH-ip (7.7 um),1301.1,1287.4899,13.61,13.61,12.187700775193798,12.430185925709914,7.876185072150915,0.0,1.422,1.18,5.734
937,396,benzo[j]fluoranthene,,CC-stretch (6.2 um),1575.6,1573.4938,2.106,2.106,1.8799629629629628,1.8463445240940164,1.8539318651344159,0.0,0.226,0.26,0.252
938,396,benzo[j]fluoranthene,,CH-ip-bend (8.6 um),1224.4,1224.4447,-0.045,-0.045,-0.8959063360881542,-0.6690246143538463,-1.5171583799154096,0.0,0.851,0.624,1.472
939,396,benzo[j]fluoranthene,,CC-stretch/CH-ip (7.7 um),1339.0,1342.4289,-3.429,-3.429,-4.851299224806201,-4.398417461189847,-2.2764861635266502,0.0,1.422,0.969,-1.153
940,396,benzo[j]fluoranthene,,CC-stretch/CH-ip (7.7 um),1411.2,1413.1448,-1.945,-1.945,-3.3672992248062017,-3.023859597921148,-2.0482047567075297,0.0,1.422,1.079,0.103
941,396,benzo[j]fluoranthene,,CH-oop (10.5-15 um; benzene nu11 at 673 included),826.4,827.3318,-0.932,-0.932,-1.846453507340946,-1.4009626199489955,0.94692936203089,0.0,0.914,0.469,-1.879
942,396,benzo[j]fluoranthene,,CC-stretch/CH-ip (7.7 um),1449.3,1445.8847,3.415,3.415,1.9927007751937984,2.610859508001149,3.928680563716653,0.0,1.422,0.804,-0.514
943,396,benzo[j]fluoranthene,,CC-stretch (6.2 um),1550.8,1551.727,-0.927,-0.927,-1.153037037037037,-0.9614505919379773,1.8460533522285543,0.0,0.226,0.034,-2.773
944,396,benzo[j]fluoranthene,,CH-ip-bend (8.6 um),1153.1,1153.6564,-0.556,-0.556,-1.4069063360881542,-1.1493050353189318,1.510200954163917,0.0,0.851,0.593,-2.066
945,396,benzo[j]fluoranthene,,CH-oop (10.5-15 um; benzene nu11 at 673 included),769.0,764.166,4.834,4.834,3.9195464926590535,4.1667226143562015,5.997361525885681,0.0,0.914,0.667,-1.163
946,396,benzo[j]fluoranthene,,ring / CH-ip (9-10.5 um),1060.2,1063.0208,-2.821,-2.821,-1.4826521739130436,0.82265852335428,4.5045787259764545,0.0,-1.338,-3.644,-7.326
947,396,benzo[j]fluoranthene,,CH-oop (10.5-15 um; benzene nu11 at 673 included),792.9,792.8471,0.053,0.053,-0.8614535073409461,-1.018948870755637,1.0544255323358438,0.0,0.914,1.072,-1.001
948,396,benzo[j]fluoranthene,,CC-stretch/CH-ip (7.7 um),1330.9,1323.0894,7.811,7.811,6.388700775193798,6.274773727932569,7.392053479588971,0.0,1.422,1.536,0.419
949,396,benzo[j]fluoranthene,,CH-ip-bend (8.6 um),1120.2,1115.9847,4.215,4.215,3.364093663911846,3.522696604776687,5.058500918289099,0.0,0.851,0.692,-0.844
950,396,benzo[j]fluoranthene,,CC-stretch/CH-ip (7.7 um),1419.3,1432.7271,-13.427,-13.427,-14.8492992248062,-14.277691785993,-14.553066890622901,0.0,1.422,0.851,1.126
951,396,benzo[j]fluoranthene,,ring / CH-ip (9-10.5 um),1090.1,1090.5178,-0.418,-0.418,0.9203478260869566,-5.74567511151115,-1.9506543236908587,0.0,-1.338,5.328,1.533
952,396,benzo[j]fluoranthene,,CH-oop (10.5-15 um; benzene nu11 at 673 included),743.8,744.7701,-0.97,-0.97,-1.884453507340946,-1.8503994382960824,-0.16851377437624682,0.0,0.914,0.88,-0.801
953,396,benzo[j]fluoranthene,,CH-ip-bend (8.6 um),1210.1,1200.3701,9.73,9.73,8.879093663911846,9.102290014924842,14.123342949354932,0.0,0.851,0.628,-4.393
954,396,benzo[j]fluoranthene,,CC-stretch/CH-ip (7.7 um),1384.8,1385.2424,-0.442,-0.442,-1.8642992248062016,-0.7275375871630485,2.400537828507434,0.0,1.422,0.286,-2.843
955,396,benzo[j]fluoranthene,,ring / CH-ip (9-10.5 um),1084.3,1081.6894,2.611,2.611,3.9493478260869566,5.976285107563843,6.911857081691901,0.0,-1.338,-3.365,-4.301
956,396,benzo[j]fluoranthene,,CC-stretch/CH-ip (7.7 um),1352.8,1360.4586,-7.659,-7.659,-9.081299224806202,-9.126558364270151,-13.276944186839604,0.0,1.422,1.468,5.618
957,396,benzo[j]fluoranthene,,CC-stretch (6.2 um),1504.7,1501.8596,2.84,2.84,2.613962962962963,2.8471511253794826,2.3664341551091423,0.0,0.226,-0.007,0.474
958,394,benzo[k]fluoranthene,,CC-stretch/CH-ip (7.7 um),1320.7,1328.2508,-7.551,-7.551,-8.977556589147287,-8.385982731410103,-5.385942163768207,0.0,1.427,0.835,-2.165
959,394,benzo[k]fluoranthene,,CC-stretch/CH-ip (7.7 um),1292.3,1279.0587,13.241,13.241,11.814443410852713,12.663192105723594,5.126639451433919,0.0,1.427,0.578,8.114
960,394,benzo[k]fluoranthene,,CH-ip-bend (8.6 um),1182.1,1182.7292,-0.629,-0.629,-1.5602216066481995,-0.4167706669637571,-2.4808824341863116,0.0,0.931,-0.212,1.852
961,394,benzo[k]fluoranthene,,CC-stretch (6.2 um),1578.4,1574.7516,3.648,3.648,3.3488503401360545,5.0403484139086325,5.716206417743903,0.0,0.299,-1.392,-2.068
962,394,benzo[k]fluoranthene,,CC-stretch/CH-ip (7.7 um),1382.0,1387.531,-5.531,-5.531,-6.957556589147287,-5.2183461314956086,-3.6379263514068056,0.0,1.427,-0.313,-1.893
963,394,benzo[k]fluoranthene,,CH-ip-bend (8.6 um),1211.3,1204.9463,6.354,6.354,5.422778393351801,6.721927564886779,5.638590692222863,0.0,0.931,-0.368,0.715
964,394,benzo[k]fluoranthene,,CC-stretch/CH-ip (7.7 um),1337.7,1341.3061,-3.606,-3.606,-5.032556589147287,-3.444540351146794,-0.9983090906350185,0.0,1.427,-0.161,-2.608
965,394,benzo[k]fluoranthene,,CC-stretch (6.2 um),1561.9,1563.4434,-1.543,-1.543,-1.8421496598639455,-1.432317434782521,-5.151946880654956,0.0,0.299,-0.111,3.609
966,394,benzo[k]fluoranthene,,CC-stretch/CH-ip (7.7 um),1418.8,1418.0556,0.744,0.744,-0.6825565891472869,0.0409005397686667,-0.20348295934810257,0.0,1.427,0.703,0.947
967,394,benzo[k]fluoranthene,,CC-stretch/CH-ip (7.7 um),1395.3,1412.1484,-16.848,-16.848,-18.274556589147284,-17.413434291740778,-18.182186214214983,0.0,1.427,0.565,1.334
968,394,benzo[k]fluoranthene,,CH-ip-bend (8.6 um),1164.7,1164.7074,-0.007,-0.007,-0.9382216066481994,-0.09083444269754781,-2.3507016303049753,0.0,0.931,0.084,2.344
969,394,benzo[k]fluoranthene,,ring / CH-ip (9-10.5 um),1087.2,1083.1244,4.076,4.076,5.342364130434782,-0.576177768914131,-2.5215485942085225,0.0,-1.266,4.652,6.598
970,394,benzo[k]fluoranthene,,CH-oop (10.5-15 um; benzene nu11 at 673 included),751.4,754.0344,-2.634,-2.634,-3.5524664484451716,-2.6804528061437667,1.5631267982072843,0.0,0.918,0.046,-4.197
971,394,benzo[k]fluoranthene,,CC-stretch/CH-ip (7.7 um),1355.5,1355.2097,0.29,0.29,-1.1365565891472869,-0.7431647322255235,1.7294845918860124,0.0,1.427,1.033,-1.439
972,394,benzo[k]fluoranthene,,CC-stretch (6.2 um),1513.0,1512.2613,0.739,0.739,0.4398503401360544,1.3146326613551638,-0.634241759768326,0.0,0.299,-0.576,1.373
973,394,benzo[k]fluoranthene,,CC-stretch/CH-ip (7.7 um),1274.7,1257.9691,16.731,16.731,15.304443410852715,15.780415207720795,16.92193714667942,0.0,1.427,0.951,-0.191
974,394,benzo[k]fluoranthene,,CC-stretch (6.2 um),1523.1,1528.5312,-5.431,-5.431,-5.730149659863946,-4.983297306597533,-7.31286102772141,0.0,0.299,-0.448,1.882
975,394,benzo[k]fluoranthene,,CC-stretch/CH-ip (7.7 um),1347.3,1333.7355,13.564,13.564,12.137443410852713,13.970770644895735,15.839095947400544,0.0,1.427,-0.407,-2.275
976,394,benzo[k]fluoranthene,,CH-oop (10.5-15 um; benzene nu11 at 673 included),829.7,829.0702,0.63,0.63,-0.2884664484451719,0.6262380147784075,0.8512850791842161,0.0,0.918,0.004,-0.221
977,394,benzo[k]fluoranthene,,CH-ip-bend (8.6 um),1186.7,1184.8962,1.804,1.804,0.8727783933518006,1.8710501310533791,0.6635471339832155,0.0,0.931,-0.067,1.14
978,394,benzo[k]fluoranthene,,CH-ip-bend (8.6 um),1134.1,1141.2805,-7.181,-7.181,-8.1122216066482,-7.2035030839919605,-8.674890708252601,0.0,0.931,0.023,1.494
979,394,benzo[k]fluoranthene,,CC-stretch (6.2 um),1571.8,1572.1299,-0.33,-0.33,-0.6291496598639457,0.22891985183851132,-6.915666400446077,0.0,0.299,-0.559,6.586
980,394,benzo[k]fluoranthene,,ring / CH-ip (9-10.5 um),1033.0,1024.9422,8.058,8.058,9.324364130434782,12.019338175694847,13.684865948649586,0.0,-1.266,-3.961,-5.627
981,394,benzo[k]fluoranthene,,CH-oop (10.5-15 um; benzene nu11 at 673 included),794.7,799.2306,-4.531,-4.531,-5.449466448445172,-5.016668020393732,-5.76627547990683,0.0,0.918,0.486,1.235
982,394,benzo[k]fluoranthene,,CH-ip-bend (8.6 um),1204.8,1219.0894,-14.289,-14.289,-15.220221606648199,-14.268220655756933,-15.410903729715594,0.0,0.931,-0.021,1.122
983,394,benzo[k]fluoranthene,,ring / CH-ip (9-10.5 um),1016.6,1042.6074,-26.007,-26.007,-24.740635869565217,-22.043401562847237,-17.724747172124175,0.0,-1.266,-3.964,-8.282
984,394,benzo[k]fluoranthene,,CC-stretch/CH-ip (7.7 um),1424.7,1440.0957,-15.396,-15.396,-16.822556589147286,-16.14170595319541,-10.097206436135373,0.0,1.427,0.746,-5.299
985,394,benzo[k]fluoranthene,,CH-oop (10.5-15 um; benzene nu11 at 673 included),909.0,904.2559,4.744,4.744,3.8255335515548277,4.645964945309122,5.522630186801619,0.0,0.918,0.098,-0.779
986,394,benzo[k]fluoranthene,,CH-oop (10.5-15 um; benzene nu11 at 673 included),867.5,863.5362,3.964,3.964,3.0455335515548283,3.6554633196183963,5.601283717805783,0.0,0.918,0.309,-1.637
987,394,benzo[k]fluoranthene,,CH-oop (10.5-15 um; benzene nu11 at 673 included),674.6,674.4111,0.189,0.189,-0.7294664484451718,-0.3313221015680145,0.12762569023995998,0.0,0.918,0.52,0.061
988,394,benzo[k]fluoranthene,,CC-stretch (6.2 um),1541.3,1555.1815,-13.881,-13.881,-14.180149659863947,-13.075136691285806,-12.17173524822576,0.0,0.299,-0.806,-1.709
989,367,benzo[e]pyrene,,CC-stretch/CH-ip (7.7 um),1349.2,1353.3942,-4.194,-4.194,-5.6115255023183925,-5.349478152288526,-10.783231585709618,0.0,1.418,1.155,6.589
990,367,benzo[e]pyrene,,CC-stretch (6.2 um),1556.8,1556.8058,-0.006,-0.006,-0.2773892617449664,-0.21509746450207223,-0.5639342558735098,0.0,0.271,0.209,0.558
991,367,benzo[e]pyrene,,CC-stretch/CH-ip (7.7 um),1336.0,1332.8264,3.174,3.174,1.7564744976816073,2.417347567761834,0.6626048324794729,0.0,1.418,0.757,2.511
992,367,benzo[e]pyrene,,CC-stretch/CH-ip (7.7 um),1410.5,1402.6693,7.831,7.831,6.413474497681608,6.713430179048974,2.8779756912042966,0.0,1.418,1.118,4.953
993,367,benzo[e]pyrene,,CH-oop (10.5-15 um; benzene nu11 at 673 included),848.0,845.1292,2.871,2.871,1.9692899022801305,2.416790285548899,4.61237565768253,0.0,0.902,0.454,-1.741
994,367,benzo[e]pyrene,,CH-ip-bend (8.6 um),1193.9,1193.8663,0.034,0.034,-0.8510958904109589,-0.18676492495452315,-5.233573613871467,0.0,0.885,0.221,5.268
995,367,benzo[e]pyrene,,CC-stretch/CH-ip (7.7 um),1308.2,1300.9824,7.218,7.218,5.800474497681607,6.289843328095661,1.7118265748041317,0.0,1.418,0.928,5.506
996,367,benzo[e]pyrene,,CH-oop (10.5-15 um; benzene nu11 at 673 included),685.7,679.4212,6.279,6.279,5.37728990228013,5.345046133189215,6.735957865064237,0.0,0.902,0.934,-0.457
997,367,benzo[e]pyrene,,CC-stretch/CH-ip (7.7 um),1264.3,1253.975,10.325,10.325,8.907474497681607,8.961410004787513,6.07574951468562,0.0,1.418,1.364,4.249
998,367,benzo[e]pyrene,,CH-oop (10.5-15 um; benzene nu11 at 673 included),873.3,872.555,0.745,0.745,-0.15671009771986966,0.12560962058245684,0.2427467599022477,0.0,0.902,0.619,0.502
999,367,benzo[e]pyrene,,CH-ip-bend (8.6 um),1197.8,1198.671,-0.871,-0.871,-1.756095890410959,-1.7169281131014587,-3.353908540379716,0.0,0.885,0.846,2.483
1000,367,benzo[e]pyrene,,CC-stretch/CH-ip (7.7 um),1418.4,1431.5148,-13.115,-13.115,-14.532525502318393,-14.232465492637264,-15.96759027113144,0.0,1.418,1.117,2.853
1001,367,benzo[e]pyrene,,CC-stretch/CH-ip (7.7 um),1435.6,1433.2456,2.354,2.354,0.9364744976816075,0.7035652678309958,5.804599770005048,0.0,1.418,1.65,-3.451
1002,367,benzo[e]pyrene,,CC-stretch/CH-ip (7.7 um),1467.0,1481.9645,-14.965,-14.965,-16.382525502318394,-16.4507543237058,-12.753006152493715,0.0,1.418,1.486,-2.212
1003,367,benzo[e]pyrene,,CC-stretch (6.2 um),1536.0,1545.7155,-9.716,-9.716,-9.987389261744966,-9.795325937371219,-12.674037242226651,0.0,0.271,0.079,2.958
1004,392,benzo[b]fluoranthene,,CC-stretch/CH-ip (7.7 um),1320.5,1329.3195,-8.82,-8.82,-10.260516975308642,-9.085724690173617,-10.880565013589681,0.0,1.441,0.266,2.061
1005,392,benzo[b]fluoranthene,,CC-stretch/CH-ip (7.7 um),1297.3,1295.5198,1.78,1.78,0.33948302469135805,0.9391697017315324,-4.854821845021655,0.0,1.441,0.841,6.635
1006,392,benzo[b]fluoranthene,,CH-ip-bend (8.6 um),1093.2,1105.2385,-12.038,-12.038,-12.966596685082873,-12.034518785923174,-13.343800450163506,0.0,0.929,-0.003,1.306
1007,392,benzo[b]fluoranthene,,CC-stretch (6.2 um),1572.2,1571.3754,0.825,0.825,0.6070774410774411,2.2311663899331435,-1.5106725851017389,0.0,0.218,-1.406,2.336
1008,392,benzo[b]fluoranthene,,CC-stretch (6.2 um),1532.0,1523.3549,8.645,8.645,8.42707744107744,9.100554345944827,7.31182108448626,0.0,0.218,-0.456,1.333
1009,392,benzo[b]fluoranthene,,CC-stretch/CH-ip (7.7 um),1260.5,1260.0954,0.405,0.405,-1.035516975308642,-0.10455556429372392,-5.4641176654849595,0.0,1.441,0.51,5.869
1010,392,benzo[b]fluoranthene,,low / skeletal,545.2,546.9931,-1.793,-1.793,-1.6431260869565216,-0.8099151254630448,-1.7195040216784507,0.0,-0.15,-0.983,-0.073
1011,392,benzo[b]fluoranthene,,CH-ip-bend (8.6 um),1234.7,1245.6597,-10.96,-10.96,-11.888596685082874,-11.13091453223969,-12.018946796908306,0.0,0.929,0.171,1.059
1012,392,benzo[b]fluoranthene,,CH-oop (10.5-15 um; benzene nu11 at 673 included),784.5,783.7553,0.745,0.745,-0.16290406504065036,0.27945711136905843,1.3240592877009232,0.0,0.908,0.466,-0.579
1013,392,benzo[b]fluoranthene,,CH-ip-bend (8.6 um),1141.0,1141.9781,-0.978,-0.978,-1.9065966850828728,-1.1771209308453003,-2.715618050924572,0.0,0.929,0.199,1.738
1014,392,benzo[b]fluoranthene,,CH-oop (10.5-15 um; benzene nu11 at 673 included),724.4,719.961,4.439,4.439,3.5310959349593496,4.214359518945125,2.8153475693452217,0.0,0.908,0.225,1.624
1015,392,benzo[b]fluoranthene,,low / skeletal,589.5,593.9669,-4.467,-4.467,-4.317126086956521,-3.354884452394538,-1.5565718548720895,0.0,-0.15,-1.112,-2.91
1016,392,benzo[b]fluoranthene,,ring / CH-ip (9-10.5 um),991.8,976.3607,15.439,15.439,16.822385869565217,19.98457779209285,17.599839868123667,0.0,-1.383,-4.546,-2.161
1017,392,benzo[b]fluoranthene,,CH-ip-bend (8.6 um),1133.5,1127.6766,5.823,5.823,4.8944033149171275,5.712717599627425,4.323078825740634,0.0,0.929,0.11,1.5
1018,392,benzo[b]fluoranthene,,ring / CH-ip (9-10.5 um),1030.3,1039.5643,-9.264,-9.264,-7.880614130434782,-5.333271353417167,-3.3336884682312675,0.0,-1.383,-3.931,-5.93
1019,392,benzo[b]fluoranthene,,CC-stretch/CH-ip (7.7 um),1279.0,1270.2699,8.73,8.73,7.289483024691359,7.685485534962655,1.3686356691271913,0.0,1.441,1.045,7.361
1020,392,benzo[b]fluoranthene,,low / skeletal,583.3,583.194,0.106,0.106,0.2558739130434783,1.0000379645628261,0.7607722319028346,0.0,-0.15,-0.894,-0.655
1021,392,benzo[b]fluoranthene,,ring / CH-ip (9-10.5 um),1070.8,1069.3158,1.484,1.484,2.8673858695652177,5.60565405149716,9.269634900388946,0.0,-1.383,-4.122,-7.786
1022,392,benzo[b]fluoranthene,,CC-stretch/CH-ip (7.7 um),1341.3,1358.3143,-17.014,-17.014,-18.454516975308643,-17.896144500643103,-18.289585470281477,0.0,1.441,0.882,1.276
1023,392,benzo[b]fluoranthene,,CH-ip-bend (8.6 um),1191.9,1187.6756,4.224,4.224,3.2954033149171273,3.977315106725551,2.446933677656875,0.0,0.929,0.247,1.777
1024,392,benzo[b]fluoranthene,,CC-stretch (6.2 um),1554.7,1557.7413,-3.041,-3.041,-3.258922558922559,-1.622255844251229,-0.4427869154796178,0.0,0.218,-1.419,-2.598
1025,392,benzo[b]fluoranthene,,CC-stretch/CH-ip (7.7 um),1305.4,1308.7857,-3.386,-3.386,-4.8265169753086425,-4.154623207675424,-5.741028297515895,0.0,1.441,0.769,2.355
1026,392,benzo[b]fluoranthene,,CC-stretch/CH-ip (7.7 um),1388.6,1387.9825,0.617,0.617,-0.823516975308642,-0.3411391738785592,3.585067297003016,0.0,1.441,0.958,-2.968
1027,390,benzo[a]fluoranthene,,CC-stretch/CH-ip (7.7 um),1401.1,1398.024,3.076,3.076,1.6682046511627908,2.9825243798648557,-2.098091239163049,0.0,1.408,0.093,5.174
1028,390,benzo[a]fluoranthene,,CC-stretch/CH-ip (7.7 um),1352.3,1347.4591,4.841,4.841,3.433204651162791,4.64971999181032,5.322024092721143,0.0,1.408,0.191,-0.481
1029,390,benzo[a]fluoranthene,,ring / CH-ip (9-10.5 um),1100.5,1093.4188,7.081,7.081,8.446403225806453,3.001046837092935,0.9056541254986765,0.0,-1.365,4.08,6.175
1030,390,benzo[a]fluoranthene,,CC-stretch/CH-ip (7.7 um),1449.6,1449.6373,-0.037,-0.037,-1.4447953488372092,-0.8383134520009431,0.5134643911865339,0.0,1.408,0.801,-0.55
1031,390,benzo[a]fluoranthene,,CC-stretch/CH-ip (7.7 um),1282.9,1283.6827,-0.783,-0.783,-2.1907953488372094,-1.589174417212881,-7.578119374626023,0.0,1.408,0.806,6.795
1032,390,benzo[a]fluoranthene,,CH-oop (10.5-15 um; benzene nu11 at 673 included),742.6,744.5523,-1.952,-1.952,-2.914583606557377,-2.181749256253796,0.1644050899023548,0.0,0.963,0.23,-2.116
1033,390,benzo[a]fluoranthene,,CC-stretch/CH-ip (7.7 um),1314.8,1308.2124,6.588,6.588,5.180204651162791,5.654788770022425,7.639500471908357,0.0,1.408,0.933,-1.052
1034,390,benzo[a]fluoranthene,,CC-stretch/CH-ip (7.7 um),1305.4,1293.5101,11.89,11.89,10.48220465116279,11.926488859880187,10.504308122732665,0.0,1.408,-0.036,1.386
1035,390,benzo[a]fluoranthene,,CC-stretch (6.2 um),1540.0,1536.4485,3.552,3.552,3.3105322033898306,4.340410428158895,1.9180366655757495,0.0,0.241,-0.788,1.634
1036,390,benzo[a]fluoranthene,,CC-stretch (6.2 um),1593.3,1600.3697,-7.07,-7.07,-7.31146779661017,-6.907118753425352,-1.3948873877066967,0.0,0.241,-0.163,-5.675
1037,390,benzo[a]fluoranthene,,CH-ip-bend (8.6 um),1173.7,1174.9813,-1.281,-1.281,-2.1959226519337016,-1.6998358288641928,-0.3361089776400382,0.0,0.915,0.419,-0.945
1038,390,benzo[a]fluoranthene,,CH-ip-bend (8.6 um),1184.6,1182.7004,1.9,1.9,0.9850773480662982,2.020647662604623,1.4002000020035104,0.0,0.915,-0.121,0.5
1039,390,benzo[a]fluoranthene,,CC-stretch (6.2 um),1571.0,1569.17,1.83,1.83,1.5885322033898306,2.5494664994138314,-1.8966372425116957,0.0,0.241,-0.719,3.727
1040,390,benzo[a]fluoranthene,,CC-stretch/CH-ip (7.7 um),1372.4,1366.6043,5.796,5.796,4.388204651162791,5.548991510603038,5.714828697320267,0.0,1.408,0.247,0.081
1041,390,benzo[a]fluoranthene,,CH-oop (10.5-15 um; benzene nu11 at 673 included),751.2,748.5821,2.618,2.618,1.6554163934426227,2.426589577364558,4.291504525746765,0.0,0.963,0.191,-1.674
1042,390,benzo[a]fluoranthene,,CH-ip-bend (8.6 um),1113.2,1112.0167,1.183,1.183,0.26807734806629835,0.7578945097841465,0.32297769908446783,0.0,0.915,0.425,0.86
1043,390,benzo[a]fluoranthene,,CH-ip-bend (8.6 um),1236.2,1242.4632,-6.263,-6.263,-7.177922651933701,-6.507502845382298,-4.96020938838487,0.0,0.915,0.245,-1.303
1044,390,benzo[a]fluoranthene,,CH-oop (10.5-15 um; benzene nu11 at 673 included),788.8,789.0927,-0.293,-0.293,-1.255583606557377,-0.4463846190531549,-0.18321532914419944,0.0,0.963,0.153,-0.11
1045,390,benzo[a]fluoranthene,,CC-stretch/CH-ip (7.7 um),1361.2,1382.7642,-21.564,-21.564,-22.971795348837208,-21.423007291384152,-20.376787708831188,0.0,1.408,-0.141,-1.187
1046,390,benzo[a]fluoranthene,,CC-stretch/CH-ip (7.7 um),1267.7,1266.1534,1.547,1.547,0.13920465116279068,0.3677794285824465,-0.15341918364121776,0.0,1.408,1.179,1.7
1047,390,benzo[a]fluoranthene,,CC-stretch (6.2 um),1560.8,1559.5846,1.215,1.215,0.9735322033898306,1.8601056512399239,2.0071571506236205,0.0,0.241,-0.645,-0.792
1048,390,benzo[a]fluoranthene,,CH-oop (10.5-15 um; benzene nu11 at 673 included),825.8,832.5366,-6.737,-6.737,-7.699583606557377,-7.211579766863903,-8.562829292506601,0.0,0.963,0.475,1.826
1049,390,benzo[a]fluoranthene,,low / skeletal,627.0,627.0217,-0.022,-0.022,0.1530129310344828,0.9651234805787594,0.16450637395900075,0.0,-0.175,-0.987,-0.187
1050,390,benzo[a]fluoranthene,,CC-stretch (6.2 um),1586.5,1586.1077,0.392,0.392,0.1505322033898305,1.3724524370408249,3.5308996995066773,0.0,0.241,-0.98,-3.139
1051,390,benzo[a]fluoranthene,,CH-oop (10.5-15 um; benzene nu11 at 673 included),907.7,905.8636,1.836,1.836,0.873416393442623,1.6221307368125126,-2.0848582371652533,0.0,0.963,0.214,3.921
1052,390,benzo[a]fluoranthene,,CH-oop (10.5-15 um; benzene nu11 at 673 included),935.2,931.4699,3.73,3.73,2.767416393442623,3.2197102321720177,-0.757145793500634,0.0,0.963,0.51,4.487
1053,390,benzo[a]fluoranthene,,CH-ip-bend (8.6 um),1142.6,1147.1179,-4.518,-4.518,-5.432922651933701,-4.869165597287099,-3.6116643865392906,0.0,0.915,0.351,-0.906
1054,390,benzo[a]fluoranthene,,CH-oop (10.5-15 um; benzene nu11 at 673 included),836.2,859.0328,-22.833,-22.833,-23.795583606557376,-23.33882882064305,-21.99632525277423,0.0,0.963,0.506,-0.837
1055,390,benzo[a]fluoranthene,,CC-stretch/CH-ip (7.7 um),1455.9,1459.5152,-3.615,-3.615,-5.022795348837209,-4.693429692979283,-2.0661459073684627,0.0,1.408,1.078,-1.549
1056,309,dibenz[c.h]acridine,,CH-stretch,3059.5,3061.805,-2.305,-2.305,-0.3711637931034484,-1.2089334485234189,-7.629628487584908,0.0,-1.934,-1.096,5.325
1057,309,dibenz[c.h]acridine,,CH-oop (10.5-15 um; benzene nu11 at 673 included),749.5,752.0845,-2.585,-2.585,-3.4753993399339933,-3.8313594802688913,-2.1090882263481157,0.0,0.89,1.246,-0.476
1058,309,dibenz[c.h]acridine,,CH-oop (10.5-15 um; benzene nu11 at 673 included),800.6,803.2637,-2.664,-2.664,-3.5543993399339935,-3.8534495435709073,-4.249952875714023,0.0,0.89,1.189,1.586
1059,309,dibenz[c.h]acridine,,CC-stretch/CH-ip (7.7 um),1400.3,1391.2685,9.032,9.032,7.674543343653251,6.608257383348092,0.9211337582537915,0.0,1.357,2.424,8.111
1060,309,dibenz[c.h]acridine,,CH-stretch,3078.8,3076.5238,2.276,2.276,4.209836206896552,3.526908426894135,-0.9620008426506037,0.0,-1.934,-1.251,3.238
1061,309,dibenz[c.h]acridine,,CC-stretch/CH-ip (7.7 um),1481.3,1480.0766,1.223,1.223,-0.13445665634674908,-0.5481732792148859,0.554206012963934,0.0,1.357,1.771,0.669
1062,309,dibenz[c.h]acridine,,CH-oop (10.5-15 um; benzene nu11 at 673 included),910.6,913.6177,-3.018,-3.018,-3.908399339933993,-4.293541525359543,-6.542342955146185,0.0,0.89,1.276,3.524
1063,309,dibenz[c.h]acridine,,CH-oop (10.5-15 um; benzene nu11 at 673 included),719.6,721.1062,-1.506,-1.506,-2.3963993399339936,-3.377269162828844,-4.454955390382645,0.0,0.89,1.871,2.949
1064,309,dibenz[c.h]acridine,,CC-stretch (6.2 um),1513.4,1510.3864,3.014,3.014,2.7034285714285713,1.7951954587754775,-0.8611574195790208,0.0,0.311,1.219,3.875
1065,309,dibenz[c.h]acridine,,ring / CH-ip (9-10.5 um),991.5,992.7212,-1.221,-1.221,-0.06421739130434778,1.049360943145408,-3.896501354069218,0.0,-1.157,-2.27,2.676
1066,309,dibenz[c.h]acridine,,CC-stretch/CH-ip (7.7 um),1391.0,1382.847,8.153,8.153,6.795543343653251,6.338995734411535,9.73472337690912,0.0,1.357,1.814,-1.582
1067,309,dibenz[c.h]acridine,,low / skeletal,568.1,569.783,-1.683,-1.683,-1.510291304347826,-2.2547332764197487,-0.649029231791705,0.0,-0.173,0.572,-1.034
1068,309,dibenz[c.h]acridine,,CC-stretch/CH-ip (7.7 um),1449.8,1449.7023,0.098,0.098,-1.259456656346749,-2.095972777980873,-5.174275549702717,0.0,1.357,2.194,5.272
1069,309,dibenz[c.h]acridine,,CC-stretch/CH-ip (7.7 um),1477.4,1474.7784,2.622,2.622,1.2645433436532507,0.4528399750776684,-0.43106516313685317,0.0,1.357,2.169,3.053
1070,309,dibenz[c.h]acridine,,CC-stretch (6.2 um),1548.7,1542.5861,6.114,6.114,5.803428571428571,4.785662784001159,0.0019217351737017552,0.0,0.311,1.328,6.112
1071,309,dibenz[c.h]acridine,,CH-oop (10.5-15 um; benzene nu11 at 673 included),891.8,883.0669,8.733,8.733,7.842600660066007,7.024777346363001,3.194661656368279,0.0,0.89,1.708,5.538
1072,309,dibenz[c.h]acridine,,CH-oop (10.5-15 um; benzene nu11 at 673 included),821.3,820.0598,1.24,1.24,0.34960066006600665,-0.3528901184292854,1.1365462022865072,0.0,0.89,1.593,0.103
1073,309,dibenz[c.h]acridine,,CC-stretch (6.2 um),1635.0,1630.8298,4.17,4.17,3.8594285714285714,2.9421696442728305,10.626055577991906,0.0,0.311,1.228,-6.456
1074,309,dibenz[c.h]acridine,,CC-stretch/CH-ip (7.7 um),1454.4,1439.6253,14.775,14.775,13.417543343653252,12.51466966726425,8.407206201654972,0.0,1.357,2.26,6.368
1075,309,dibenz[c.h]acridine,,CH-oop (10.5-15 um; benzene nu11 at 673 included),765.7,759.8979,5.802,5.802,4.911600660066006,3.8950633907204146,2.9578094743675223,0.0,0.89,1.907,2.844
1076,309,dibenz[c.h]acridine,,CH-oop (10.5-15 um; benzene nu11 at 673 included),652.9,652.4748,0.425,0.425,-0.46539933993399335,-1.6802646228178622,-2.572382078148724,0.0,0.89,2.105,2.997
1077,309,dibenz[c.h]acridine,,CH-ip-bend (8.6 um),1175.3,1177.0844,-1.784,-1.784,-2.5675333333333334,-3.613057974269248,-0.6944874402794634,0.0,0.784,1.829,-1.09
1078,309,dibenz[c.h]acridine,,CC-stretch/CH-ip (7.7 um),1335.8,1334.7232,1.077,1.077,-0.2804566563467492,-1.4035997995746445,1.521934505943182,0.0,1.357,2.481,-0.445
1079,309,dibenz[c.h]acridine,,ring / CH-ip (9-10.5 um),1038.7,1042.2563,-3.556,-3.556,-2.3992173913043477,-1.5082244008351813,4.136138405611538,0.0,-1.157,-2.048,-7.692
1080,309,dibenz[c.h]acridine,,CH-ip-bend (8.6 um),1112.1,1102.4249,9.675,9.675,8.891466666666668,7.663953826900334,6.427727721994758,0.0,0.784,2.011,3.247
1081,309,dibenz[c.h]acridine,,CC-stretch (6.2 um),1569.9,1563.8975,6.003,6.003,5.692428571428572,4.583187329361458,-0.18428505832288078,0.0,0.311,1.42,6.187
1082,309,dibenz[c.h]acridine,,CH-ip-bend (8.6 um),1215.5,1217.6992,-2.199,-2.199,-2.982533333333333,-3.817000729051794,-7.946073503517805,0.0,0.784,1.618,5.747
1083,309,dibenz[c.h]acridine,,CC-stretch (6.2 um),1576.9,1590.8209,-13.921,-13.921,-14.231571428571428,-14.865910554243474,-12.983497870991298,0.0,0.311,0.945,-0.938
1084,309,dibenz[c.h]acridine,,CH-ip-bend (8.6 um),1222.4,1211.6502,10.75,10.75,9.966466666666667,8.929774928101448,10.753868278626356,0.0,0.784,1.82,-0.004
1085,309,dibenz[c.h]acridine,,CH-oop (10.5-15 um; benzene nu11 at 673 included),729.0,726.1792,2.821,2.821,1.9306006600660068,0.7931695844027424,-2.34847131939784,0.0,0.89,2.028,5.169
1086,309,dibenz[c.h]acridine,,CH-ip-bend (8.6 um),1145.8,1145.2102,0.59,0.59,-0.19353333333333333,-1.3010651057814746,0.7008610016696716,0.0,0.784,1.891,-0.111
1087,309,dibenz[c.h]acridine,,ring / CH-ip (9-10.5 um),1014.6,1043.8589,-29.259,-29.259,-28.102217391304347,-27.116838023887976,-21.053417876510267,0.0,-1.157,-2.142,-8.206
1088,309,dibenz[c.h]acridine,,CH-oop (10.5-15 um; benzene nu11 at 673 included),954.8,943.0893,11.711,11.711,10.820600660066006,10.01478152644003,3.8452103904476385,0.0,0.89,1.696,7.866
1089,309,dibenz[c.h]acridine,,low / skeletal,590.2,591.6813,-1.481,-1.481,-1.3082913043478261,-2.1659521083865205,0.11344406211285163,0.0,-0.173,0.685,-1.594
1090,309,dibenz[c.h]acridine,,CC-stretch/CH-ip (7.7 um),1269.0,1260.3026,8.697,8.697,7.33954334365325,6.001817800413954,7.909367072618327,0.0,1.357,2.695,0.788
1091,309,dibenz[c.h]acridine,,CH-oop (10.5-15 um; benzene nu11 at 673 included),710.8,707.7959,3.004,3.004,2.1136006600660067,0.8105763792602789,1.4391805982546988,0.0,0.89,2.193,1.565
1092,309,dibenz[c.h]acridine,,CH-ip-bend (8.6 um),1105.0,1100.4856,4.514,4.514,3.730466666666667,2.5705515351729806,-2.9232541278526485,0.0,0.784,1.943,7.437
1093,309,dibenz[c.h]acridine,,CC-stretch (6.2 um),1582.7,1608.2359,-25.536,-25.536,-25.84657142857143,-26.989100494550854,-27.60834487023263,0.0,0.311,1.453,2.072
1094,309,dibenz[c.h]acridine,,CC-stretch/CH-ip (7.7 um),1315.6,1322.4272,-6.827,-6.827,-8.184456656346748,-9.4375210398337,-3.42017195659265,0.0,1.357,2.611,-3.407
1095,309,dibenz[c.h]acridine,,low / skeletal,503.2,500.9378,2.262,2.262,2.4347086956521737,1.3634228405137587,1.8604185583265274,0.0,-0.173,0.899,0.402
1096,309,dibenz[c.h]acridine,,CH-ip-bend (8.6 um),1156.4,1137.7952,18.605,18.605,17.821466666666666,16.722935348826805,17.876219578472096,0.0,0.784,1.882,0.729
1097,833,"dibenz[a,c]acridine",,CH-stretch,3083.3,3088.8343,-5.534,-5.534,-3.6637435897435897,-3.565182673518592,-4.7557026770833755,0.0,-1.87,-1.969,-0.778
1098,833,"dibenz[a,c]acridine",,CH-oop (10.5-15 um; benzene nu11 at 673 included),767.6,768.0609,-0.461,-0.461,-1.3732694214876033,-0.6447038888296333,-1.0718702260349313,0.0,0.912,0.184,0.611
1099,833,"dibenz[a,c]acridine",,CH-oop (10.5-15 um; benzene nu11 at 673 included),759.0,756.7656,2.234,2.234,1.3217305785123967,1.238782424673862,4.269321993122328,0.0,0.912,0.995,-2.035
1100,833,"dibenz[a,c]acridine",,CC-stretch (6.2 um),1509.9,1505.1389,4.761,4.761,4.555452702702703,4.6681549098419195,4.961514855448165,0.0,0.206,0.093,-0.201
1101,833,"dibenz[a,c]acridine",,CH-oop (10.5-15 um; benzene nu11 at 673 included),722.6,721.8881,0.712,0.712,-0.2002694214876033,-0.09181298313956754,0.3196699126930111,0.0,0.912,0.804,0.392
1102,833,"dibenz[a,c]acridine",,CC-stretch/CH-ip (7.7 um),1415.0,1407.099,7.901,7.901,6.48257698289269,6.6281728867568415,1.7105861037332755,0.0,1.418,1.273,6.19
1103,833,"dibenz[a,c]acridine",,CC-stretch/CH-ip (7.7 um),1383.2,1375.4257,7.774,7.774,6.355576982892691,6.4360724594832694,4.139293876343203,0.0,1.418,1.338,3.635
1104,833,"dibenz[a,c]acridine",,CC-stretch/CH-ip (7.7 um),1449.0,1444.1724,4.828,4.828,3.4095769828926907,3.302569883753559,-0.09469731762087186,0.0,1.418,1.525,4.923
1105,833,"dibenz[a,c]acridine",,CC-stretch/CH-ip (7.7 um),1495.5,1493.3681,2.132,2.132,0.7135769828926906,0.7702810507853686,-0.446922361321489,0.0,1.418,1.362,2.579
1106,833,"dibenz[a,c]acridine",,CC-stretch/CH-ip (7.7 um),1348.8,1345.552,3.248,3.248,1.8295769828926907,1.3843900357037104,1.1768165098671854,0.0,1.418,1.864,2.071
1107,833,"dibenz[a,c]acridine",,ring / CH-ip (9-10.5 um),1038.2,1041.387,-3.187,-3.187,-1.8208306010928959,0.09294959954172777,3.950673791522108,0.0,-1.366,-3.28,-7.138
1108,833,"dibenz[a,c]acridine",,CH-oop (10.5-15 um; benzene nu11 at 673 included),904.5,896.0263,8.474,8.474,7.561730578512397,7.546940902014304,3.18781321788049,0.0,0.912,0.927,5.286
1109,833,"dibenz[a,c]acridine",,low / skeletal,575.7,575.4739,0.226,0.226,0.3540220264317181,0.3682677239435773,1.6917840009218226,0.0,-0.128,-0.142,-1.466
1110,833,"dibenz[a,c]acridine",,CC-stretch (6.2 um),1627.5,1625.9768,1.523,1.523,1.3174527027027025,1.1081164762797562,4.335475654133779,0.0,0.206,0.415,-2.812
1111,833,"dibenz[a,c]acridine",,CH-ip-bend (8.6 um),1134.3,1128.2665,6.034,6.034,5.193372222222222,4.877483526776697,6.516420913774953,0.0,0.841,1.157,-0.482
1112,833,"dibenz[a,c]acridine",,CH-oop (10.5-15 um; benzene nu11 at 673 included),856.3,859.1394,-2.839,-2.839,-3.7512694214876032,-3.9791381797541465,-2.916924833491401,0.0,0.912,1.14,0.078
1113,833,"dibenz[a,c]acridine",,CC-stretch (6.2 um),1584.6,1581.8823,2.718,2.718,2.512452702702703,2.0665987572407483,6.835834413030575,0.0,0.206,0.651,-4.118
1114,833,"dibenz[a,c]acridine",,low / skeletal,550.6,553.8286,-3.229,-3.229,-3.100977973568282,-3.3047657523677,-2.3926501482564047,0.0,-0.128,0.076,-0.836
1115,833,"dibenz[a,c]acridine",,CC-stretch (6.2 um),1551.2,1549.8916,1.308,1.308,1.1024527027027027,0.8315121226742956,-2.6124943256558657,0.0,0.206,0.476,3.92
1116,833,"dibenz[a,c]acridine",,low / skeletal,468.9,473.6806,-4.781,-4.781,-4.652977973568282,-5.0608770058602035,-5.31336065797307,0.0,-0.128,0.28,0.532
1117,833,"dibenz[a,c]acridine",,ring / CH-ip (9-10.5 um),1052.3,1060.0421,-7.742,-7.742,-6.375830601092896,-4.583836998604497,1.3138155914319904,0.0,-1.366,-3.158,-9.056
1118,833,"dibenz[a,c]acridine",,CH-oop (10.5-15 um; benzene nu11 at 673 included),802.3,798.0758,4.224,4.224,3.311730578512397,2.9511637941974564,3.843798914309216,0.0,0.912,1.273,0.38
1119,833,"dibenz[a,c]acridine",,CC-stretch/CH-ip (7.7 um),1463.6,1459.1013,4.499,4.499,3.08057698289269,2.7329286524381415,11.808497450778559,0.0,1.418,1.766,-7.309
1120,833,"dibenz[a,c]acridine",,CH-ip-bend (8.6 um),1148.4,1148.7096,-0.31,-0.31,-1.1506277777777778,-1.604256409643756,-3.7331360662128485,0.0,0.841,1.294,3.423
1121,833,"dibenz[a,c]acridine",,CC-stretch/CH-ip (7.7 um),1476.6,1473.6597,2.94,2.94,1.5215769828926904,1.131220155763181,4.444156037379765,0.0,1.418,1.809,-1.504
1122,833,"dibenz[a,c]acridine",,CC-stretch/CH-ip (7.7 um),1304.7,1308.6263,-3.926,-3.926,-5.34442301710731,-6.013936085916586,-1.6869643005230421,0.0,1.418,2.088,-2.239
1123,833,"dibenz[a,c]acridine",,CH-ip-bend (8.6 um),1201.5,1202.3154,-0.815,-0.815,-1.6556277777777777,-1.9624926543263614,-2.2857348926242587,0.0,0.841,1.147,1.471
1124,833,"dibenz[a,c]acridine",,low / skeletal,618.7,620.102,-1.402,-1.402,-1.273977973568282,-1.3182230778417987,-0.48440286048504055,0.0,-0.128,-0.084,-0.918
1125,833,"dibenz[a,c]acridine",,CC-stretch/CH-ip (7.7 um),1311.0,1322.1426,-11.143,-11.143,-12.56142301710731,-13.043679653570647,-12.597979650416175,0.0,1.418,1.901,1.455
1126,833,"dibenz[a,c]acridine",,CC-stretch/CH-ip (7.7 um),1261.9,1259.6808,2.219,2.219,0.8005769828926903,0.21713754141089314,-3.963481564829117,0.0,1.418,2.002,6.182
1127,833,"dibenz[a,c]acridine",,CH-oop (10.5-15 um; benzene nu11 at 673 included),814.9,812.6215,2.279,2.279,1.3667305785123967,0.9413157721916403,5.309068766313217,0.0,0.912,1.338,-3.03
1128,833,"dibenz[a,c]acridine",,ring / CH-ip (9-10.5 um),965.3,958.7313,6.569,6.569,7.935169398907104,9.446539999858368,7.384012733983302,0.0,-1.366,-2.878,-0.815
1129,833,"dibenz[a,c]acridine",,low / skeletal,622.7,624.0694,-1.369,-1.369,-1.240977973568282,-1.4635280814873841,1.5106068796990637,0.0,-0.128,0.095,-2.88
1130,833,"dibenz[a,c]acridine",,ring / CH-ip (9-10.5 um),1008.1,1000.6154,7.485,7.485,8.851169398907103,10.399473095221149,6.989831577785621,0.0,-1.366,-2.914,0.495
1131,833,"dibenz[a,c]acridine",,CH-ip-bend (8.6 um),1111.2,1102.9649,8.235,8.235,7.394372222222222,6.80508880408191,8.13868232757123,0.0,0.841,1.43,0.096
1132,833,"dibenz[a,c]acridine",,CH-oop (10.5-15 um; benzene nu11 at 673 included),957.8,944.5239,13.276,13.276,12.363730578512396,12.232777117181108,5.164553167557891,0.0,0.912,1.043,8.111
1133,833,"dibenz[a,c]acridine",,CH-ip-bend (8.6 um),1172.6,1169.6847,2.915,2.915,2.0743722222222223,1.6365377584929752,5.219014017023026,0.0,0.841,1.278,-2.304
1134,833,"dibenz[a,c]acridine",,low / skeletal,563.4,564.4089,-1.009,-1.009,-0.8809779735682818,-1.154132269011759,-0.9896654219400932,0.0,-0.128,0.145,-0.019
1135,833,"dibenz[a,c]acridine",,CH-ip-bend (8.6 um),1238.8,1237.185,1.615,1.615,0.7743722222222222,0.5578805713968711,0.9472769213736955,0.0,0.841,1.057,0.668
1136,833,"dibenz[a,c]acridine",,CH-oop (10.5-15 um; benzene nu11 at 673 included),700.7,699.4086,1.291,1.291,0.37873057851239667,-0.2789924002147437,-0.13357365518037878,0.0,0.912,1.57,1.425
1137,833,"dibenz[a,c]acridine",,CH-ip-bend (8.6 um),1162.8,1160.877,1.923,1.923,1.0823722222222223,0.6393169698537282,3.582682651441524,0.0,0.841,1.284,-1.66
1138,833,"dibenz[a,c]acridine",,CH-oop (10.5-15 um; benzene nu11 at 673 included),684.4,681.6511,2.749,2.749,1.8367305785123968,1.1409726634807749,4.86715093844648,0.0,0.912,1.608,-2.118
1139,833,"dibenz[a,c]acridine",,CH-oop (10.5-15 um; benzene nu11 at 673 included),895.0,917.761,-22.761,-22.761,-23.673269421487603,-23.88339437003329,-31.12557906522807,0.0,0.912,1.122,8.365
1140,833,"dibenz[a,c]acridine",,CC-stretch/CH-ip (7.7 um),1288.8,1292.7864,-3.986,-3.986,-5.40442301710731,-5.901933762596131,-10.809862076423004,0.0,1.418,1.916,6.824
1141,833,"dibenz[a,c]acridine",,CH-oop (10.5-15 um; benzene nu11 at 673 included),783.4,780.9561,2.444,2.444,1.5317305785123967,1.0338798793114652,5.810136116121308,0.0,0.912,1.41,-3.366
1142,833,"dibenz[a,c]acridine",,CC-stretch/CH-ip (7.7 um),1329.2,1341.9653,-12.765,-12.765,-14.18342301710731,-14.546733976828701,-18.345351140931076,0.0,1.418,1.782,5.58
1143,311,"dibenz[a,j]acridine""",,CH-oop (10.5-15 um; benzene nu11 at 673 included),749.6,751.4193,-1.819,-1.819,-2.6127067545304774,-2.630026945690262,2.887768314000981,0.0,0.794,0.811,-4.707
1144,311,"dibenz[a,j]acridine""",,CH-oop (10.5-15 um; benzene nu11 at 673 included),838.5,838.4256,0.074,0.074,-0.7197067545304777,-0.7510128970355566,2.021580632910473,0.0,0.794,0.825,-1.948
1145,311,"dibenz[a,j]acridine""",,CC-stretch/CH-ip (7.7 um),1379.7,1371.215,8.485,8.485,7.149273570324574,7.06233735899113,7.834588116740945,0.0,1.336,1.423,0.65
1146,311,"dibenz[a,j]acridine""",,CH-stretch,3076.3,3074.1086,2.191,2.191,4.109573913043478,4.275418617169535,0.27878630078589217,0.0,-1.919,-2.084,1.912
1147,311,"dibenz[a,j]acridine""",,CC-stretch/CH-ip (7.7 um),1492.2,1490.3795,1.821,1.821,0.48527357032457497,0.2609595554564803,0.05547504994749408,0.0,1.336,1.56,1.766
1148,311,"dibenz[a,j]acridine""",,CH-stretch,3043.6,3050.4272,-6.827,-6.827,-4.9084260869565215,-5.894643514534786,3.3253096326894074,0.0,-1.919,-0.932,-10.152
1149,311,"dibenz[a,j]acridine""",,CC-stretch (6.2 um),1615.1,1613.4855,1.614,1.614,1.326684745762712,0.30734481427743443,9.505713442157695,0.0,0.287,1.307,-7.892
1150,311,"dibenz[a,j]acridine""",,CH-stretch,3061.6,3060.682,0.918,0.918,2.836573913043478,1.9760777573162498,6.712307689390666,0.0,-1.919,-1.058,-5.794
1151,311,"dibenz[a,j]acridine""",,CH-oop (10.5-15 um; benzene nu11 at 673 included),747.5,726.1514,21.349,21.349,20.55529324546952,19.4602577331645,20.835599482418214,0.0,0.794,1.889,0.513
1152,311,"dibenz[a,j]acridine""",,CC-stretch/CH-ip (7.7 um),1437.8,1426.7229,11.077,11.077,9.741273570324575,9.001894552381213,4.847248020508079,0.0,1.336,2.075,6.23
1153,311,"dibenz[a,j]acridine""",,CC-stretch (6.2 um),1548.8,1548.6816,0.118,0.118,-0.1693152542372881,-0.9641845853695988,-2.497604738251563,0.0,0.287,1.082,2.616
1154,311,"dibenz[a,j]acridine""",,low / skeletal,592.3,594.0781,-1.778,-1.778,-1.6232105263157894,-2.1316390310680617,-1.024624443543192,0.0,-0.155,0.354,-0.753
1155,311,"dibenz[a,j]acridine""",,CC-stretch/CH-ip (7.7 um),1416.6,1413.1287,3.471,3.471,2.135273570324575,1.2427245336386865,0.4040507165916005,0.0,1.336,2.228,3.067
1156,311,"dibenz[a,j]acridine""",,CH-oop (10.5-15 um; benzene nu11 at 673 included),902.5,883.4751,19.025,19.025,18.23129324546952,17.655004941211715,15.283941449028179,0.0,0.794,1.37,3.741
1157,311,"dibenz[a,j]acridine""",,CC-stretch (6.2 um),1495.4,1521.7826,-26.383,-26.383,-26.670315254237288,-27.70979580147685,-32.21541755495571,0.0,0.287,1.327,5.832
1158,311,"dibenz[a,j]acridine""",,low / skeletal,516.5,519.8118,-3.312,-3.312,-3.1572105263157892,-4.0752670787594845,-6.097197872387314,0.0,-0.155,0.763,2.785
1159,311,"dibenz[a,j]acridine""",,CH-ip-bend (8.6 um),1214.9,1217.025,-2.125,-2.125,-2.9827823691460056,-3.812312465557852,-2.8317240354079574,0.0,0.858,1.687,0.707
1160,311,"dibenz[a,j]acridine""",,CH-ip-bend (8.6 um),1192.1,1193.1412,-1.041,-1.041,-1.8987823691460055,-2.7074167766101467,-2.6927618512091667,0.0,0.858,1.666,1.652
1161,311,"dibenz[a,j]acridine""",,CC-stretch/CH-ip (7.7 um),1457.7,1452.0622,5.638,5.638,4.302273570324575,3.5935499227945735,2.319839379561212,0.0,1.336,2.044,3.318
1162,311,"dibenz[a,j]acridine""",,CH-ip-bend (8.6 um),1224.1,1218.3063,5.794,5.794,4.936217630853994,4.286762648736916,1.574242146791029,0.0,0.858,1.507,4.22
1163,311,"dibenz[a,j]acridine""",,ring / CH-ip (9-10.5 um),962.8,964.2217,-1.422,-1.422,-0.05180327868852452,0.9804812167526549,-1.9380908138836666,0.0,-1.37,-2.402,0.516
1164,311,"dibenz[a,j]acridine""",,low / skeletal,537.6,536.2285,1.371,1.371,1.5257894736842106,0.7234230459524951,1.4790712016202523,0.0,-0.155,0.648,-0.108
1165,311,"dibenz[a,j]acridine""",,CH-oop (10.5-15 um; benzene nu11 at 673 included),886.7,879.7655,6.935,6.935,6.141293245469522,5.388125171238389,4.8813805515011355,0.0,0.794,1.547,2.054
1166,311,"dibenz[a,j]acridine""",,ring / CH-ip (9-10.5 um),1106.2,1097.5961,8.604,8.604,9.974196721311475,2.404880591632134,2.564110701260047,0.0,-1.37,6.199,6.04
1167,311,"dibenz[a,j]acridine""",,low / skeletal,521.1,521.3596,-0.26,-0.26,-0.10521052631578948,-0.7786583848946169,1.1062754510463093,0.0,-0.155,0.519,-1.366
1168,311,"dibenz[a,j]acridine""",,CH-oop (10.5-15 um; benzene nu11 at 673 included),786.5,785.2258,1.274,1.274,0.48029324546952235,-0.5746654366839365,-1.7007010391844886,0.0,0.794,1.849,2.975
1169,311,"dibenz[a,j]acridine""",,CH-oop (10.5-15 um; benzene nu11 at 673 included),944.8,928.8843,15.916,15.916,15.122293245469523,14.56574474776591,4.945756616038125,0.0,0.794,1.35,10.97
1170,311,"dibenz[a,j]acridine""",,CH-oop (10.5-15 um; benzene nu11 at 673 included),864.7,866.308,-1.608,-1.608,-2.401706754530478,-2.891954233754679,-0.2745509372039887,0.0,0.794,1.284,-1.333
1171,311,"dibenz[a,j]acridine""",,CC-stretch/CH-ip (7.7 um),1328.9,1328.883,0.017,0.017,-1.318726429675425,-2.419109706601994,3.9583472253293754,0.0,1.336,2.436,-3.941
1172,311,"dibenz[a,j]acridine""",,CC-stretch (6.2 um),1585.0,1585.4919,-0.492,-0.492,-0.7793152542372881,-1.409409069984495,-2.2773285320768757,0.0,0.287,0.917,1.785
1173,311,"dibenz[a,j]acridine""",,ring / CH-ip (9-10.5 um),1002.6,996.4024,6.198,6.198,7.568196721311476,8.537801573990354,7.420979289870787,0.0,-1.37,-2.34,-1.223
1174,311,"dibenz[a,j]acridine""",,ring / CH-ip (9-10.5 um),1038.0,1047.5177,-9.518,-9.518,-8.147803278688524,-7.028075116206103,0.021427628745893657,0.0,-1.37,-2.49,-9.539
1175,311,"dibenz[a,j]acridine""",,CH-ip-bend (8.6 um),1219.4,1211.1799,8.22,8.22,7.362217630853995,6.561905678079375,5.9449642904549815,0.0,0.858,1.658,2.275
1176,311,"dibenz[a,j]acridine""",,CH-oop (10.5-15 um; benzene nu11 at 673 included),716.0,718.36,-2.36,-2.36,-3.1537067545304778,-4.345663657441744,-3.9341735628725516,0.0,0.794,1.986,1.574
1177,311,"dibenz[a,j]acridine""",,CC-stretch/CH-ip (7.7 um),1279.6,1270.4326,9.167,9.167,7.831273570324575,6.661835982426977,7.234846729492647,0.0,1.336,2.505,1.932
1178,311,"dibenz[a,j]acridine""",,CC-stretch (6.2 um),1575.3,1563.7634,11.537,11.537,11.249684745762712,10.299875088918728,4.235530277204633,0.0,0.287,1.237,7.301
1179,311,"dibenz[a,j]acridine""",,CC-stretch/CH-ip (7.7 um),1307.3,1295.4242,11.876,11.876,10.540273570324574,9.35625239208293,18.533207709558713,0.0,1.336,2.52,-6.657
1180,311,"dibenz[a,j]acridine""",,low / skeletal,645.9,647.2542,-1.354,-1.354,-1.1992105263157895,-1.9586604008981998,-2.154571217086003,0.0,-0.155,0.605,0.801
1181,311,"dibenz[a,j]acridine""",,CH-oop (10.5-15 um; benzene nu11 at 673 included),726.8,703.8211,22.979,22.979,22.18529324546952,21.013901814281283,20.382983286555785,0.0,0.794,1.965,2.596
1182,303,"dibenz[a,h]acridine""",,CH-stretch,3061.6,3061.9172,-0.317,-0.317,1.7918793103448276,0.9180246108719954,1.0926698188258104,0.0,-2.109,-1.235,-1.41
1183,303,"dibenz[a,h]acridine""",,CH-oop (10.5-15 um; benzene nu11 at 673 included),747.1,749.8918,-2.792,-2.792,-3.6646411960132887,-4.02801527513538,-0.9037468015110963,0.0,0.873,1.236,-1.888
1184,303,"dibenz[a,h]acridine""",,CC-stretch/CH-ip (7.7 um),1403.1,1412.2058,-9.106,-9.106,-10.536778637770897,-11.766153461162144,-11.687177645293783,0.0,1.431,2.66,2.581
1185,303,"dibenz[a,h]acridine""",,CH-oop (10.5-15 um; benzene nu11 at 673 included),812.7,816.4171,-3.717,-3.717,-4.5896411960132895,-4.8210013068138,-2.9420677377812536,0.0,0.873,1.104,-0.775
1186,303,"dibenz[a,h]acridine""",,CH-oop (10.5-15 um; benzene nu11 at 673 included),834.7,834.179,0.521,0.521,-0.35164119601328914,-0.9452204541697738,-1.3688666594253807,0.0,0.873,1.466,1.89
1187,303,"dibenz[a,h]acridine""",,CC-stretch (6.2 um),1511.4,1508.4685,2.932,2.932,2.710158249158249,1.903565535842205,0.440850234567685,0.0,0.222,1.028,2.491
1188,303,"dibenz[a,h]acridine""",,CC-stretch/CH-ip (7.7 um),1446.9,1452.9268,-6.027,-6.027,-7.457778637770898,-7.95210189772363,-10.167125825380854,0.0,1.431,1.925,4.14
1189,303,"dibenz[a,h]acridine""",,CC-stretch/CH-ip (7.7 um),1458.4,1439.0614,19.339,19.339,17.9082213622291,17.128287316223616,17.205733076327554,0.0,1.431,2.211,2.133
1190,303,"dibenz[a,h]acridine""",,CH-oop (10.5-15 um; benzene nu11 at 673 included),907.3,900.9615,6.338,6.338,5.465358803986711,5.023081246816626,6.0154400818591265,0.0,0.873,1.315,0.323
1191,303,"dibenz[a,h]acridine""",,ring / CH-ip (9-10.5 um),1025.5,1029.9737,-4.474,-4.474,-3.2574432432432436,-2.016045073251572,0.7470547563581817,0.0,-1.217,-2.458,-5.221
1192,303,"dibenz[a,h]acridine""",,low / skeletal,532.0,536.415,-4.415,-4.415,-4.260799126637554,-4.988277994685786,-2.3825310037176264,0.0,-0.154,0.573,-2.032
1193,303,"dibenz[a,h]acridine""",,CC-stretch/CH-ip (7.7 um),1500.2,1496.3568,3.843,3.843,2.4122213622291024,1.8042401519654039,2.879704027700042,0.0,1.431,2.039,0.963
1194,303,"dibenz[a,h]acridine""",,CH-oop (10.5-15 um; benzene nu11 at 673 included),651.1,650.8428,0.257,0.257,-0.6156411960132891,-1.7129086718152817,-0.40626627878047006,0.0,0.873,1.97,0.663
1195,303,"dibenz[a,h]acridine""",,CC-stretch/CH-ip (7.7 um),1374.0,1368.3537,5.646,5.646,4.215221362229102,3.3988627529603606,-2.513599665037238,0.0,1.431,2.247,8.16
1196,303,"dibenz[a,h]acridine""",,CH-oop (10.5-15 um; benzene nu11 at 673 included),671.6,673.7533,-2.153,-2.153,-3.0256411960132894,-4.266111832544301,-3.332682420662927,0.0,0.873,2.113,1.18
1197,303,"dibenz[a,h]acridine""",,CC-stretch (6.2 um),1550.4,1546.2805,4.12,4.12,3.898158249158249,2.8842522625193756,0.1892387048745512,0.0,0.222,1.236,3.931
1198,303,"dibenz[a,h]acridine""",,CH-ip-bend (8.6 um),1223.8,1224.2833,-0.483,-0.483,-1.319335195530726,-2.3241299650194227,0.7938947256631493,0.0,0.836,1.841,-1.277
1199,303,"dibenz[a,h]acridine""",,CH-oop (10.5-15 um; benzene nu11 at 673 included),878.2,880.9026,-2.703,-2.703,-3.5756411960132892,-4.511775881067622,-8.68090355545266,0.0,0.873,1.809,5.978
1200,303,"dibenz[a,h]acridine""",,CC-stretch (6.2 um),1618.2,1619.9866,-1.787,-1.787,-2.008841750841751,-3.2076013193410926,5.1990509545934565,0.0,0.222,1.421,-6.986
1201,303,"dibenz[a,h]acridine""",,CH-ip-bend (8.6 um),1189.1,1190.9548,-1.855,-1.855,-2.6913351955307263,-3.6783464504265595,-2.4693116653502623,0.0,0.836,1.823,0.614
1202,303,"dibenz[a,h]acridine""",,CC-stretch/CH-ip (7.7 um),1318.2,1324.7269,-6.527,-6.527,-7.957778637770898,-8.894633271418726,-10.912946958718273,0.0,1.431,2.368,4.386
1203,303,"dibenz[a,h]acridine""",,CH-oop (10.5-15 um; benzene nu11 at 673 included),802.8,805.6326,-2.833,-2.833,-3.705641196013289,-4.690777897627661,-5.495969053584409,0.0,0.873,1.858,2.663
1204,303,"dibenz[a,h]acridine""",,low / skeletal,482.5,480.4605,2.039,2.039,2.1932008733624455,1.158575760923932,4.823762209133356,0.0,-0.154,0.88,-2.785
1205,303,"dibenz[a,h]acridine""",,CH-oop (10.5-15 um; benzene nu11 at 673 included),771.1,766.5872,4.513,4.513,3.640358803986711,2.5997003710427222,3.248917577465119,0.0,0.873,1.913,1.264
1206,303,"dibenz[a,h]acridine""",,CH-ip-bend (8.6 um),1110.3,1100.4233,9.877,9.877,9.040664804469275,7.843590690554263,2.0382169567283093,0.0,0.836,2.033,7.839
1207,303,"dibenz[a,h]acridine""",,CH-oop (10.5-15 um; benzene nu11 at 673 included),887.2,872.4952,14.705,14.705,13.832358803986711,13.003330446974315,11.007784861809636,0.0,0.873,1.702,3.697
1208,303,"dibenz[a,h]acridine""",,CC-stretch/CH-ip (7.7 um),1321.7,1341.8873,-20.187,-20.187,-21.6177786377709,-22.97699632452115,-20.30634639529976,0.0,1.431,2.79,0.119
1209,303,"dibenz[a,h]acridine""",,CC-stretch/CH-ip (7.7 um),1262.3,1257.0782,5.222,5.222,3.791221362229103,2.36263827636676,-1.5355354752403612,0.0,1.431,2.859,6.758
1210,303,"dibenz[a,h]acridine""",,CC-stretch/CH-ip (7.7 um),1389.2,1389.9192,-0.719,-0.719,-2.149778637770898,-2.594524100582483,-2.8872394841997595,0.0,1.431,1.876,2.168
1211,303,"dibenz[a,h]acridine""",,CH-ip-bend (8.6 um),1136.6,1137.7966,-1.197,-1.197,-2.033335195530726,-3.2913149881314476,-4.060171448477319,0.0,0.836,2.094,2.863
1212,303,"dibenz[a,h]acridine""",,CH-oop (10.5-15 um; benzene nu11 at 673 included),866.3,867.1003,-0.8,-0.8,-1.6726411960132892,-2.4907133575226235,-3.0006864347426303,0.0,0.873,1.691,2.201
1213,303,"dibenz[a,h]acridine""",,CH-oop (10.5-15 um; benzene nu11 at 673 included),717.9,719.8657,-1.966,-1.966,-2.838641196013289,-4.2076715760324515,-5.986610888165969,0.0,0.873,2.242,4.021
1214,303,"dibenz[a,h]acridine""",,CH-oop (10.5-15 um; benzene nu11 at 673 included),945.7,944.1874,1.513,1.513,0.6403588039867107,-0.2357766943762396,-4.765965272174671,0.0,0.873,1.749,6.279
1215,303,"dibenz[a,h]acridine""",,ring / CH-ip (9-10.5 um),1036.4,1053.7472,-17.347,-17.347,-16.130443243243246,-15.277915896871242,-11.735067162894236,0.0,-1.217,-2.069,-5.612
1216,303,"dibenz[a,h]acridine""",,CH-oop (10.5-15 um; benzene nu11 at 673 included),712.6,710.1916,2.408,2.408,1.5353588039867108,0.09809039289292043,-0.5400929175475988,0.0,0.873,2.31,2.948
1217,303,"dibenz[a,h]acridine""",,CH-stretch,3122.0,3101.4069,20.593,20.593,22.70187931034483,21.872629245385443,17.175174092622917,0.0,-2.109,-1.28,3.418
1218,303,"dibenz[a,h]acridine""",,low / skeletal,551.0,550.949,0.051,0.051,0.2052008733624454,-0.910502925940975,-1.6754525802722307,0.0,-0.154,0.962,1.726
1219,303,"dibenz[a,h]acridine""",,CH-ip-bend (8.6 um),1231.0,1218.2686,12.731,12.731,11.894664804469274,11.030436830558244,9.534782787478782,0.0,0.836,1.701,3.196
1220,303,"dibenz[a,h]acridine""",,low / skeletal,577.2,580.1878,-2.988,-2.988,-2.8337991266375546,-3.883431919124172,-5.912896611078895,0.0,-0.154,0.895,2.925
1221,303,"dibenz[a,h]acridine""",,CH-ip-bend (8.6 um),1152.4,1151.7535,0.647,0.647,-0.18933519553072609,-1.470387985370514,2.2435400578430906,0.0,0.836,2.117,-1.597
1222,303,"dibenz[a,h]acridine""",,CH-oop (10.5-15 um; benzene nu11 at 673 included),953.0,928.0755,24.924,24.924,24.05135880398671,23.35130609933826,13.952512327007277,0.0,0.873,1.573,10.971
1223,303,"dibenz[a,h]acridine""",,CH-ip-bend (8.6 um),1147.3,1142.8175,4.482,4.482,3.6456648044692743,2.35743972316178,3.4609489590615286,0.0,0.836,2.125,1.021
1224,303,"dibenz[a,h]acridine""",,CH-ip-bend (8.6 um),1209.8,1214.2313,-4.431,-4.431,-5.267335195530726,-6.256096538142148,-9.269226785096038,0.0,0.836,1.825,4.838
1225,303,"dibenz[a,h]acridine""",,CH-ip-bend (8.6 um),1202.8,1199.7558,3.044,3.044,2.2076648044692737,1.1107422598420993,3.571320464188128,0.0,0.836,1.933,-0.527
1226,284,"benzo[g,h,i]perylene",,CH-stretch,3060.8,3064.3691,-3.569,-3.569,-1.681948717948718,-2.2320927353820594,3.915830817155176,0.0,-1.887,-1.337,-7.485
1227,284,"benzo[g,h,i]perylene",,CH-oop (10.5-15 um; benzene nu11 at 673 included),846.3,848.3584,-2.058,-2.058,-2.955851063829787,-2.4402997339834083,-0.8743006646755287,0.0,0.898,0.382,-1.184
1228,284,"benzo[g,h,i]perylene",,CH-oop (10.5-15 um; benzene nu11 at 673 included),755.8,757.5675,-1.768,-1.768,-2.665851063829787,-2.834162421594521,0.13612161924302635,0.0,0.898,1.066,-1.904
1229,284,"benzo[g,h,i]perylene",,CH-oop (10.5-15 um; benzene nu11 at 673 included),770.9,770.2502,0.65,0.65,-0.24785106382978717,-0.8083139997442198,-1.306968209715747,0.0,0.898,1.458,1.957
1230,284,"benzo[g,h,i]perylene",,CC-stretch/CH-ip (7.7 um),1342.6,1331.5697,11.03,11.03,9.624010785824344,9.240277677464862,1.705582597196635,0.0,1.406,1.79,9.324
1231,284,"benzo[g,h,i]perylene",,CH-oop (10.5-15 um; benzene nu11 at 673 included),815.5,808.0948,7.405,7.405,6.507148936170213,6.3523555090743775,6.552333515822608,0.0,0.898,1.053,0.853
1232,284,"benzo[g,h,i]perylene",,low / skeletal,648.9,648.6387,0.261,0.261,0.42103493449781665,0.33083889690855434,-0.8371706247492673,0.0,-0.16,-0.07,1.098
1233,284,"benzo[g,h,i]perylene",,CC-stretch/CH-ip (7.7 um),1449.0,1442.4091,6.591,6.591,5.185010785824345,4.862331703590061,5.412637958896625,0.0,1.406,1.729,1.178
1234,284,"benzo[g,h,i]perylene",,low / skeletal,544.2,549.86,-5.66,-5.66,-5.499965065502184,-5.786104846824669,-5.353506378193429,0.0,-0.16,0.126,-0.306
1235,284,"benzo[g,h,i]perylene",,CC-stretch/CH-ip (7.7 um),1394.7,1402.6049,-7.905,-7.905,-9.310989214175654,-9.980523764184118,-10.549492397391214,0.0,1.406,2.076,2.644
1236,284,"benzo[g,h,i]perylene",,low / skeletal,512.5,517.0498,-4.55,-4.55,-4.389965065502183,-4.799648384321012,-3.124356554312068,0.0,-0.16,0.25,-1.426
1237,284,"benzo[g,h,i]perylene",,CC-stretch/CH-ip (7.7 um),1302.9,1311.2064,-8.306,-8.306,-9.711989214175654,-10.449253812078073,-8.515678950643185,0.0,1.406,2.143,0.21
1238,284,"benzo[g,h,i]perylene",,CH-ip-bend (8.6 um),1206.7,1195.6065,11.093,11.093,10.275919889502763,9.835700872807134,6.993203007788429,0.0,0.817,1.257,4.1
1239,284,"benzo[g,h,i]perylene",,CC-stretch/CH-ip (7.7 um),1416.0,1420.3091,-4.309,-4.309,-5.714989214175655,-6.364241881165047,-4.846277308842943,0.0,1.406,2.055,0.537
1240,284,"benzo[g,h,i]perylene",,CH-ip-bend (8.6 um),1132.7,1127.9978,4.702,4.702,3.8849198895027626,3.415835690875897,2.7591092021621133,0.0,0.817,1.286,1.943
1241,284,"benzo[g,h,i]perylene",,CH-oop (10.5-15 um; benzene nu11 at 673 included),776.8,773.4284,3.372,3.372,2.474148936170213,1.9900381178634046,1.438493773122189,0.0,0.898,1.382,1.934
1242,284,"benzo[g,h,i]perylene",,CC-stretch (6.2 um),1602.1,1601.8665,0.233,0.233,0.052486577181208055,-0.5884258296252104,4.571722093379162,0.0,0.181,0.821,-4.339
1243,284,"benzo[g,h,i]perylene",,CH-ip-bend (8.6 um),1149.2,1155.1494,-5.949,-5.949,-6.766080110497238,-7.356115186991497,-4.588146093986172,0.0,0.817,1.407,-1.361
1244,284,"benzo[g,h,i]perylene",,low / skeletal,570.0,564.0275,5.972,5.972,6.132034934497817,5.7326487193502516,5.794976661077165,0.0,-0.16,0.239,0.177
1245,284,"benzo[g,h,i]perylene",,ring / CH-ip (9-10.5 um),1036.3,1044.4723,-8.172,-8.172,-6.810260869565218,-5.456621341664972,-1.63938641920514,0.0,-1.362,-2.715,-6.533
1246,284,"benzo[g,h,i]perylene",,CH-oop (10.5-15 um; benzene nu11 at 673 included),897.9,890.5434,7.357,7.357,6.459148936170213,6.238866256349686,6.085553232577629,0.0,0.898,1.118,1.271
1247,284,"benzo[g,h,i]perylene",,CC-stretch (6.2 um),1527.4,1510.2745,17.126,17.126,16.94548657718121,16.218613159207283,18.72091987295934,0.0,0.181,0.907,-1.595
1248,284,"benzo[g,h,i]perylene",,ring / CH-ip (9-10.5 um),1093.4,1087.2108,6.189,6.189,7.550739130434783,0.1175530389823205,2.146081835860439,0.0,-1.362,6.071,4.043
1249,284,"benzo[g,h,i]perylene",,CH-ip-bend (8.6 um),1186.9,1186.7373,0.163,0.163,-0.6540801104972375,-1.1714889123713563,-3.1987932112434088,0.0,0.817,1.334,3.362
1250,284,"benzo[g,h,i]perylene",,CH-ip-bend (8.6 um),1155.4,1138.9694,16.431,16.431,15.613919889502764,15.092795655740234,14.431343221121974,0.0,0.817,1.338,2.0
1251,284,"benzo[g,h,i]perylene",,CC-stretch/CH-ip (7.7 um),1259.1,1252.9214,6.179,6.179,4.773010785824345,3.8796038112286495,9.556355027600938,0.0,1.406,2.299,-3.377
1252,284,"benzo[g,h,i]perylene",,ring / CH-ip (9-10.5 um),1087.8,1082.1407,5.659,5.659,7.020739130434782,-0.41686277840547525,0.3464200589662383,0.0,-1.362,6.076,5.313
1253,307,pentacene,,CH-stretch,3063.7,3066.3064,-2.606,-2.606,-0.7107179487179487,0.5428487755755111,1.742507976852088,0.0,-1.895,-3.149,-4.349
1254,307,pentacene,,CH-oop (10.5-15 um; benzene nu11 at 673 included),899.9,901.4536,-1.554,-1.554,-2.505800327332242,-1.9063664672294651,-10.926984747240551,0.0,0.952,0.352,9.373
1255,307,pentacene,,CH-oop (10.5-15 um; benzene nu11 at 673 included),731.3,732.8043,-1.504,-1.504,-2.455800327332242,-2.024811645015523,-2.730839866304728,0.0,0.952,0.521,1.227
1256,307,pentacene,,CC-stretch/CH-ip (7.7 um),1298.9,1284.4346,14.465,14.465,13.072860215053764,13.677462386717856,6.0021736142859385,0.0,1.392,0.788,8.463
1257,307,pentacene,,CH-oop (10.5-15 um; benzene nu11 at 673 included),823.7,819.8735,3.827,3.827,2.8751996726677578,3.6372537251370396,4.359215755889778,0.0,0.952,0.19,-0.532
1258,307,pentacene,,CC-stretch/CH-ip (7.7 um),1320.9,1333.8337,-12.934,-12.934,-14.326139784946236,-13.83636155042444,-13.567725298991602,0.0,1.392,0.902,0.634
1259,307,pentacene,,CC-stretch/CH-ip (7.7 um),1350.5,1343.3511,7.149,7.149,5.756860215053763,6.032443215991854,4.342044059804758,0.0,1.392,1.117,2.807
1260,307,pentacene,,CH-oop (10.5-15 um; benzene nu11 at 673 included),952.8,942.995,9.805,9.805,8.853199672667758,9.651948916117242,1.6024205602610202,0.0,0.952,0.153,8.203
1261,307,pentacene,,CC-stretch (6.2 um),1634.2,1637.4608,-3.261,-3.261,-3.4434511784511788,-2.7392457572000746,1.1229993033373873,0.0,0.182,-0.522,-4.384
1262,307,pentacene,,ring / CH-ip (9-10.5 um),995.1,1005.3734,-10.273,-10.273,-9.000897849462365,-6.526731171139641,-7.3910556640462595,0.0,-1.272,-3.746,-2.882
1263,307,pentacene,,low / skeletal,623.4,626.0877,-2.688,-2.688,-2.5092337662337663,-1.7182077404413059,-2.002369941455358,0.0,-0.179,-0.97,-0.686
1264,307,pentacene,,CH-ip-bend (8.6 um),1122.1,1117.4734,4.627,4.627,3.6816373626373626,3.9962634324011983,4.088235473549261,0.0,0.945,0.631,0.539
1265,307,pentacene,,CC-stretch (6.2 um),1503.3,1510.6061,-7.306,-7.306,-7.488451178451179,-7.211801072987194,-11.083235805184632,0.0,0.182,-0.094,3.777
1266,307,pentacene,,CC-stretch/CH-ip (7.7 um),1400.2,1399.3964,0.804,0.804,-0.5881397849462366,-0.15194090240035307,-8.722949323703936,0.0,1.392,0.956,9.527
1267,307,pentacene,,low / skeletal,570.2,566.8417,3.358,3.358,3.536766233766234,4.168428401688263,5.827452913261894,0.0,-0.179,-0.81,-2.469
1268,307,pentacene,,CH-ip-bend (8.6 um),1164.1,1184.9374,-20.837,-20.837,-21.78236263736264,-21.29080093523799,-23.10230337248398,0.0,0.945,0.454,2.265
1269,307,pentacene,,CC-stretch (6.2 um),1573.0,1545.4694,27.531,27.531,27.34854882154882,27.635210229675643,27.41837913461502,0.0,0.182,-0.104,0.113
1270,307,pentacene,,CH-oop (10.5-15 um; benzene nu11 at 673 included),727.0,735.2833,-8.283,-8.283,-9.234800327332241,-8.238977507825076,-9.576628507319029,0.0,0.952,-0.044,1.294
1271,307,pentacene,,CH-ip-bend (8.6 um),1221.1,1226.7788,-5.679,-5.679,-6.624362637362638,-6.152526873772937,-7.711998363600907,0.0,0.945,0.474,2.033
1272,307,pentacene,,CH-oop (10.5-15 um; benzene nu11 at 673 included),877.4,897.6955,-20.296,-20.296,-21.247800327332243,-19.783585513962322,-22.349644997124457,0.0,0.952,-0.512,2.054
1273,305,"dibenz[a,j]anthracene""",,CH-stretch,3044.7,3044.4193,0.281,0.281,2.474412280701755,1.5430045619530715,9.19120527807396,0.0,-2.193,-1.262,-8.91
1274,305,"dibenz[a,j]anthracene""",,CH-oop (10.5-15 um; benzene nu11 at 673 included),743.2,741.1812,2.019,2.019,1.1175566502463055,0.6656843506269321,3.120179515299169,0.0,0.901,1.353,-1.101
1275,305,"dibenz[a,j]anthracene""",,CH-oop (10.5-15 um; benzene nu11 at 673 included),802.9,801.0544,1.846,1.846,0.9445566502463054,0.6143658125124383,-0.1325651498497593,0.0,0.901,1.232,1.979
1276,305,"dibenz[a,j]anthracene""",,CH-stretch,3061.8,3060.5146,1.285,1.285,3.478412280701755,2.4405755149964277,7.725715634022208,0.0,-2.193,-1.156,-6.441
1277,305,"dibenz[a,j]anthracene""",,CH-stretch,3092.5,3086.5186,5.981,5.981,8.174412280701755,7.066142184463514,4.192446404049829,0.0,-2.193,-1.085,1.789
1278,305,"dibenz[a,j]anthracene""",,CH-oop (10.5-15 um; benzene nu11 at 673 included),889.3,890.5985,-1.298,-1.298,-2.199443349753695,-2.5644379774385984,-2.940258920888712,0.0,0.901,1.266,1.642
1279,305,"dibenz[a,j]anthracene""",,CC-stretch/CH-ip (7.7 um),1458.3,1453.2054,5.095,5.095,3.675819722650231,3.0457077463359425,4.288802657998294,0.0,1.419,2.049,0.806
1280,305,"dibenz[a,j]anthracene""",,CC-stretch/CH-ip (7.7 um),1433.0,1429.3513,3.649,3.649,2.229819722650231,1.2472873897617074,5.300061852095941,0.0,1.419,2.402,-1.651
1281,305,"dibenz[a,j]anthracene""",,CC-stretch/CH-ip (7.7 um),1495.2,1494.8065,0.394,0.394,-1.0251802773497687,-1.6156830457268625,-1.6784858390788475,0.0,1.419,2.01,2.072
1282,305,"dibenz[a,j]anthracene""",,CC-stretch (6.2 um),1518.9,1516.7951,2.105,2.105,1.777973154362416,0.8127971158471812,0.8462251211808691,0.0,0.327,1.292,1.259
1283,305,"dibenz[a,j]anthracene""",,low / skeletal,591.9,594.4061,-2.506,-2.506,-2.3505745614035085,-2.948760652229626,-1.1279055939720002,0.0,-0.155,0.443,-1.378
1284,305,"dibenz[a,j]anthracene""",,CH-ip-bend (8.6 um),1226.3,1220.3252,5.975,5.975,5.126670329670329,4.483203461102713,-1.1219835685661756,0.0,0.848,1.492,7.097
1285,305,"dibenz[a,j]anthracene""",,CH-oop (10.5-15 um; benzene nu11 at 673 included),709.6,708.5651,1.035,1.035,0.13355665024630525,-0.9410953541139355,1.3475478837160586,0.0,0.901,1.976,-0.313
1286,305,"dibenz[a,j]anthracene""",,low / skeletal,432.7,436.5517,-3.852,-3.852,-3.6965745614035086,-4.650273515991716,-2.056951298681006,0.0,-0.155,0.798,-1.795
1287,305,"dibenz[a,j]anthracene""",,CC-stretch/CH-ip (7.7 um),1269.3,1281.0541,-11.754,-11.754,-13.173180277349768,-14.502445757616917,-11.613476314413381,0.0,1.419,2.748,-0.141
1288,305,"dibenz[a,j]anthracene""",,ring / CH-ip (9-10.5 um),1047.2,1048.0501,-0.85,-0.85,0.2951086956521739,1.3065915898917377,8.261809357809717,0.0,-1.145,-2.157,-9.112
1289,305,"dibenz[a,j]anthracene""",,CC-stretch/CH-ip (7.7 um),1352.7,1351.1792,1.521,1.521,0.10181972265023109,-1.1737749591317774,0.7336010810640938,0.0,1.419,2.695,0.787
1290,305,"dibenz[a,j]anthracene""",,CH-ip-bend (8.6 um),1172.4,1173.8641,-1.464,-1.464,-2.31232967032967,-3.26704124636743,-2.6233496363122115,0.0,0.848,1.803,1.159
1291,305,"dibenz[a,j]anthracene""",,low / skeletal,648.8,649.9544,-1.154,-1.154,-0.9985745614035086,-1.722091326270431,-4.9408045470024575,0.0,-0.155,0.568,3.787
1292,305,"dibenz[a,j]anthracene""",,ring / CH-ip (9-10.5 um),945.2,963.0242,-17.824,-17.824,-16.67889130434783,-15.966171383597956,-19.742657382775267,0.0,-1.145,-1.858,1.919
1293,305,"dibenz[a,j]anthracene""",,ring / CH-ip (9-10.5 um),1037.6,1055.1097,-17.51,-17.51,-16.36489130434783,-15.349777026968894,-9.693517588316599,0.0,-1.145,-2.16,-7.816
1294,305,"dibenz[a,j]anthracene""",,low / skeletal,556.2,555.1813,1.019,1.019,1.1744254385964912,0.2696091857546131,2.4072212945708227,0.0,-0.155,0.749,-1.388
1295,305,"dibenz[a,j]anthracene""",,CH-ip-bend (8.6 um),1219.7,1210.7801,8.92,8.92,8.07167032967033,7.1245905674707135,8.11543737023858,0.0,0.848,1.795,0.805
1296,305,"dibenz[a,j]anthracene""",,CH-oop (10.5-15 um; benzene nu11 at 673 included),767.0,770.6185,-3.619,-3.619,-4.520443349753695,-5.516460029897291,-5.052411682903225,0.0,0.901,1.897,1.433
1297,305,"dibenz[a,j]anthracene""",,low / skeletal,493.1,491.7951,1.305,1.305,1.4604254385964912,0.4140090599712488,2.140214779915741,0.0,-0.155,0.891,-0.835
1298,305,"dibenz[a,j]anthracene""",,CC-stretch (6.2 um),1528.1,1556.5068,-28.407,-28.407,-28.734026845637583,-29.902101326433318,-32.679009622377606,0.0,0.327,1.495,4.272
1299,305,"dibenz[a,j]anthracene""",,CC-stretch/CH-ip (7.7 um),1334.6,1338.7862,-4.186,-4.186,-5.605180277349769,-6.796486054799207,-3.8364011783118053,0.0,1.419,2.61,-0.35
1300,305,"dibenz[a,j]anthracene""",,CH-stretch,3128.9,3110.7518,18.148,18.148,20.341412280701753,19.69171840024005,13.410431997706619,0.0,-2.193,-1.544,4.738
1301,305,"dibenz[a,j]anthracene""",,CH-oop (10.5-15 um; benzene nu11 at 673 included),861.6,860.3213,1.279,1.279,0.37755665024630525,-0.6928004351983899,0.5649463092908212,0.0,0.901,1.972,0.714
1302,305,"dibenz[a,j]anthracene""",,CH-oop (10.5-15 um; benzene nu11 at 673 included),879.8,879.8216,-0.022,-0.022,-0.9234433497536947,-1.7902885712432097,-2.4632814565251016,0.0,0.901,1.768,2.441
1303,305,"dibenz[a,j]anthracene""",,CH-oop (10.5-15 um; benzene nu11 at 673 included),776.7,763.3744,13.326,13.326,12.424556650246306,11.342547792040989,11.233650640820347,0.0,0.901,1.983,2.092
1304,308,pentacene,,CC-stretch/CH-ip (7.7 um),1395.5,1397.3664,-1.866,-1.866,-3.356565687789799,-2.359016740129254,-4.088497624893358,0.0,1.491,0.493,2.222
1305,308,pentacene,,CH-ip-bend (8.6 um),1174.7,1173.0307,1.669,1.669,0.7248402203856751,1.666638193303947,0.581892237312734,0.0,0.944,0.002,1.087
1306,308,pentacene,,CC-stretch/CH-ip (7.7 um),1417.8,1446.5078,-28.708,-28.708,-30.1985656877898,-29.857889516810605,-26.539825517277194,0.0,1.491,1.15,-2.168
1307,308,pentacene,,CC-stretch/CH-ip (7.7 um),1361.7,1369.7703,-8.07,-8.07,-9.560565687789799,-8.104625848555836,-5.758174246677658,0.0,1.491,0.035,-2.312
1308,308,pentacene,,CH-ip-bend (8.6 um),1232.8,1233.9094,-1.109,-1.109,-2.053159779614325,-1.0795933057463998,-1.1612118514735394,0.0,0.944,-0.029,0.052
1309,308,pentacene,,CC-stretch/CH-ip (7.7 um),1487.5,1494.9812,-7.481,-7.481,-8.971565687789798,-7.653986889436058,-3.5623623399364175,0.0,1.491,0.173,-3.919
1310,308,pentacene,,CC-stretch/CH-ip (7.7 um),1365.6,1386.9571,-21.357,-21.357,-22.8475656877898,-21.95341894315699,-18.61019137109745,0.0,1.491,0.596,-2.747
1311,308,pentacene,,CC-stretch (6.2 um),1504.7,1533.8752,-29.175,-29.175,-29.51054180602007,-28.616248470980477,-32.068345676367144,0.0,0.336,-0.559,2.893
1312,308,pentacene,,CH-oop (10.5-15 um; benzene nu11 at 673 included),933.9,931.4766,2.423,2.423,1.5107422512234912,2.3410154291654917,-2.7427602814790664,0.0,0.912,0.082,5.166
1313,308,pentacene,,CH-oop (10.5-15 um; benzene nu11 at 673 included),748.5,753.0648,-4.565,-4.565,-5.477257748776509,-4.866246074836102,-3.565088868710644,0.0,0.912,0.301,-1.0
1314,308,pentacene,,CC-stretch/CH-ip (7.7 um),1339.3,1336.8056,2.494,2.494,1.0034343122102012,1.2337240104810157,4.320569299045966,0.0,1.491,1.26,-1.827
1315,308,pentacene,,CC-stretch/CH-ip (7.7 um),1306.0,1289.1459,16.854,16.854,15.3634343122102,15.765635818858089,11.909998956882074,0.0,1.491,1.088,4.944
1316,308,pentacene,,CH-ip-bend (8.6 um),1149.9,1154.5345,-4.634,-4.634,-5.578159779614325,-4.984367567738136,-0.6625137611283689,0.0,0.944,0.35,-3.971
1317,308,pentacene,,CC-stretch/CH-ip (7.7 um),1448.8,1449.2949,-0.495,-0.495,-1.9855656877897991,-1.488669466422954,4.172909914194226,0.0,1.491,0.994,-4.668
1318,308,pentacene,,CH-oop (10.5-15 um; benzene nu11 at 673 included),862.0,856.9782,5.022,5.022,4.109742251223492,4.628699009289542,4.552708389705113,0.0,0.912,0.393,0.469
1319,308,pentacene,,CH-oop (10.5-15 um; benzene nu11 at 673 included),740.8,739.3488,1.451,1.451,0.5387422512234912,0.7268879207367759,-1.1862465230767771,0.0,0.912,0.724,2.637
1320,308,pentacene,,CH-ip-bend (8.6 um),1171.6,1188.0333,-16.433,-16.433,-17.377159779614324,-17.12350104392418,-9.563336729620824,0.0,0.944,0.691,-6.87
1321,550,"dibenzo[fg,op]naphthacene or dbenzo-pyrene",,CC-stretch/CH-ip (7.7 um),1292.8,1295.0077,-2.208,-2.208,-3.5806242331288347,-3.1818120038482287,-2.571470623877954,0.0,1.373,0.974,0.363
1322,550,"dibenzo[fg,op]naphthacene or dbenzo-pyrene",,CH-oop (10.5-15 um; benzene nu11 at 673 included),915.6,931.7975,-16.197,-16.197,-17.11557328990228,-16.11636452632748,-8.115141391452896,0.0,0.919,-0.081,-8.082
1323,550,"dibenzo[fg,op]naphthacene or dbenzo-pyrene",,CH-ip-bend (8.6 um),1249.8,1229.0314,20.769,20.769,19.907770718232044,20.264552407763702,19.962254038093505,0.0,0.861,0.504,0.807
1324,550,"dibenzo[fg,op]naphthacene or dbenzo-pyrene",,CC-stretch/CH-ip (7.7 um),1285.7,1279.8614,5.839,5.839,4.466375766871166,5.261377676258027,7.825945541746283,0.0,1.373,0.578,-1.987
1325,550,"dibenzo[fg,op]naphthacene or dbenzo-pyrene",,CH-ip-bend (8.6 um),1099.4,1100.189,-0.789,-0.789,-1.6502292817679558,-1.3412236097172179,-1.043322930481437,0.0,0.861,0.552,0.254
1326,550,"dibenzo[fg,op]naphthacene or dbenzo-pyrene",,ring / CH-ip (9-10.5 um),1031.5,1038.7522,-7.252,-7.252,-6.015254054054054,-3.653085641158009,0.22704344894868989,0.0,-1.237,-3.599,-7.479
1327,550,"dibenzo[fg,op]naphthacene or dbenzo-pyrene",,CH-oop (10.5-15 um; benzene nu11 at 673 included),755.0,743.8886,11.111,11.111,10.19242671009772,9.954714578772352,8.76007767524074,0.0,0.919,1.156,2.351
1328,550,"dibenzo[fg,op]naphthacene or dbenzo-pyrene",,CC-stretch/CH-ip (7.7 um),1419.1,1401.9151,17.185,17.185,15.812375766871165,15.963269290255266,13.609947710703114,0.0,1.373,1.222,3.575
1329,550,"dibenzo[fg,op]naphthacene or dbenzo-pyrene",,CH-oop (10.5-15 um; benzene nu11 at 673 included),719.9,715.2725,4.627,4.627,3.7084267100977195,3.8576992470035236,2.8284998722480195,0.0,0.919,0.769,1.799
1330,550,"dibenzo[fg,op]naphthacene or dbenzo-pyrene",,CC-stretch (6.2 um),1504.5,1505.4683,-0.968,-0.968,-1.2092040133779265,-0.812481111735962,0.28143991234537435,0.0,0.241,-0.156,-1.249
1331,550,"dibenzo[fg,op]naphthacene or dbenzo-pyrene",,CH-ip-bend (8.6 um),1180.9,1179.7525,1.148,1.148,0.28677071823204414,0.4089690573489877,4.273448221399561,0.0,0.861,0.739,-3.125
1332,550,"dibenzo[fg,op]naphthacene or dbenzo-pyrene",,CH-ip-bend (8.6 um),1190.3,1201.795,-11.495,-11.495,-12.356229281767956,-11.668806337641072,-13.170600140638303,0.0,0.861,0.174,1.676
1333,550,"dibenzo[fg,op]naphthacene or dbenzo-pyrene",,CH-ip-bend (8.6 um),1150.4,1149.5747,0.825,0.825,-0.03622928176795581,0.13038756827458053,0.7728991408050976,0.0,0.861,0.695,0.052
1334,550,"dibenzo[fg,op]naphthacene or dbenzo-pyrene",,ring / CH-ip (9-10.5 um),1059.5,1070.3337,-10.834,-10.834,-9.597254054054053,-7.58554500035561,-5.105700319144811,0.0,-1.237,-3.248,-5.728
1335,18,coronene,R3 coronene,CH-stretch,3066.8,3067.0217,-0.222,-0.222,1.6936581196581197,1.5695360491252348,-2.1444941032918563,0.0,-1.916,-1.792,1.922
1336,18,coronene,R3 coronene,CH-oop (10.5-15 um; benzene nu11 at 673 included),857.0,861.3822,-4.382,-4.382,-5.300973983739837,-5.233441123662832,-5.929329114805766,0.0,0.919,0.851,1.547
1337,18,coronene,R3 coronene,CC-stretch/CH-ip (7.7 um),1317.4,1304.8551,12.545,12.545,11.163926605504587,10.164539790572842,3.6311722654394245,0.0,1.381,2.38,8.914
1338,18,coronene,R3 coronene,low / skeletal,550.5,558.1616,-7.662,-7.662,-7.519918103448275,-8.20267422641216,-6.227592789598655,0.0,-0.142,0.541,-1.434
1339,18,coronene,R3 coronene,CH-oop (10.5-15 um; benzene nu11 at 673 included),771.6,768.8421,2.758,2.758,1.8390260162601626,0.7618695103733357,0.5899944274858582,0.0,0.919,1.996,2.168
1340,18,coronene,R3 coronene,CH-ip-bend (8.6 um),1137.0,1131.0299,5.97,5.97,5.105920765027323,4.05952799470259,5.43408362919628,0.0,0.864,1.91,0.536
1341,18,coronene,R3 coronene,CC-stretch (6.2 um),1620.7,1617.4011,3.299,3.299,3.181781144781145,2.237402183873783,0.4429053233261717,0.0,0.117,1.062,2.856
1342,18,coronene,R3 coronene,CC-stretch (6.2 um),1505.3,1501.3313,3.969,3.969,3.8517811447811448,2.4926951750508914,-0.008063571696375949,0.0,0.117,1.476,3.977
1343,18,coronene,R3 coronene,CC-stretch (6.2 um),1530.4,1501.33,29.07,29.07,28.952781144781145,27.59373240332611,25.092936428303624,0.0,0.117,1.476,3.977
1344,538,"dibenzopyrene or dibenzo[fg,op]naphthacene",,CH-oop (10.5-15 um; benzene nu11 at 673 included),751.6,750.7972,0.803,0.803,-0.04760912052117261,0.9312942144279149,3.487323075020655,0.0,0.851,-0.128,-2.684
1345,538,"dibenzopyrene or dibenzo[fg,op]naphthacene",,CC-stretch/CH-ip (7.7 um),1441.2,1438.0861,3.114,3.114,1.7152215384615384,2.094176003565545,0.3225247166335885,0.0,1.399,1.02,2.791
1346,538,"dibenzopyrene or dibenzo[fg,op]naphthacene",,CH-stretch,3086.6,3090.2408,-3.641,-3.641,-1.7981491228070174,-1.915057118473841,-5.370169562851917,0.0,-1.843,-1.726,1.729
1347,538,"dibenzopyrene or dibenzo[fg,op]naphthacene",,CC-stretch/CH-ip (7.7 um),1393.8,1387.787,6.013,6.013,4.614221538461538,4.702728649983278,-2.5463224054521163,0.0,1.399,1.31,8.559
1348,538,"dibenzopyrene or dibenzo[fg,op]naphthacene",,CH-stretch,3120.3,3110.9513,9.349,9.349,11.191850877192984,11.859462136773042,9.509778405197897,0.0,-1.843,-2.51,-0.161
1349,538,"dibenzopyrene or dibenzo[fg,op]naphthacene",,low / skeletal,618.5,620.373,-1.873,-1.873,-1.711004347826087,-1.33970413969323,-0.15752703072534047,0.0,-0.162,-0.533,-1.715
1350,538,"dibenzopyrene or dibenzo[fg,op]naphthacene",,CC-stretch (6.2 um),1601.4,1599.1891,2.211,2.211,1.9785252525252524,2.0906365197596894,7.29691733316349,0.0,0.232,0.12,-5.086
1351,538,"dibenzopyrene or dibenzo[fg,op]naphthacene",,CC-stretch/CH-ip (7.7 um),1264.6,1258.1933,6.407,6.407,5.008221538461538,4.800313096891548,-2.189458717181976,0.0,1.399,1.607,8.596
1352,538,"dibenzopyrene or dibenzo[fg,op]naphthacene",,ring / CH-ip (9-10.5 um),1053.4,1061.4908,-8.091,-8.091,-6.850708108108107,-4.799320890122729,-1.677197851802661,0.0,-1.24,-3.292,-6.414
1353,538,"dibenzopyrene or dibenzo[fg,op]naphthacene",,CH-stretch,3051.9,3062.635,-10.735,-10.735,-8.892149122807016,-8.528777071909946,-10.246434143598076,0.0,-1.843,-2.206,-0.489
1354,538,"dibenzopyrene or dibenzo[fg,op]naphthacene",,CC-stretch/CH-ip (7.7 um),1449.0,1473.9926,-24.993,-24.993,-26.39177846153846,-26.25376118138497,-23.999477911860886,0.0,1.399,1.261,-0.994
1355,538,"dibenzopyrene or dibenzo[fg,op]naphthacene",,CC-stretch (6.2 um),1543.3,1546.6269,-3.327,-3.327,-3.5594747474747472,-3.6680822860921785,-3.9573052435319593,0.0,0.232,0.341,0.63
1356,538,"dibenzopyrene or dibenzo[fg,op]naphthacene",,CC-stretch (6.2 um),1591.7,1588.4772,3.223,3.223,2.9905252525252526,2.7610815933928206,0.2706159133346908,0.0,0.232,0.462,2.952
1357,538,"dibenzopyrene or dibenzo[fg,op]naphthacene",,low / skeletal,473.5,472.5553,0.945,0.945,1.106995652173913,1.0532809691359502,2.0536941654795586,0.0,-0.162,-0.108,-1.109
1358,538,"dibenzopyrene or dibenzo[fg,op]naphthacene",,CH-stretch,3063.2,3072.4417,-9.242,-9.242,-7.399149122807018,-6.832120270551523,-6.004894620722599,0.0,-1.843,-2.41,-3.237
1359,538,"dibenzopyrene or dibenzo[fg,op]naphthacene",,CH-ip-bend (8.6 um),1200.9,1200.4381,0.462,0.462,-0.3836850828729281,-0.48770858416661916,-2.9218728338077096,0.0,0.846,0.95,3.384
1360,538,"dibenzopyrene or dibenzo[fg,op]naphthacene",,CH-oop (10.5-15 um; benzene nu11 at 673 included),803.5,792.677,10.823,10.823,9.972390879478828,9.759781545340608,12.627433843878507,0.0,0.851,1.063,-1.804
1361,538,"dibenzopyrene or dibenzo[fg,op]naphthacene",,CH-ip-bend (8.6 um),1097.0,1115.1316,-18.132,-18.132,-18.97768508287293,-19.21988176719161,-21.9822501490021,0.0,0.846,1.088,3.85
1362,538,"dibenzopyrene or dibenzo[fg,op]naphthacene",,CH-ip-bend (8.6 um),1168.8,1165.9686,2.831,2.831,1.9853149171270719,1.793993417881072,-0.6963478487261257,0.0,0.846,1.037,3.527
1363,538,"dibenzopyrene or dibenzo[fg,op]naphthacene",,CH-ip-bend (8.6 um),1136.5,1126.8954,9.605,9.605,8.759314917127073,8.573750290938225,4.251572680669048,0.0,0.846,1.031,5.353
1364,538,"dibenzopyrene or dibenzo[fg,op]naphthacene",,low / skeletal,509.5,511.9376,-2.438,-2.438,-2.276004347826087,-2.4009221371015395,-5.376973863642608,0.0,-0.162,-0.037,2.939
1365,538,"dibenzopyrene or dibenzo[fg,op]naphthacene",,CC-stretch/CH-ip (7.7 um),1347.5,1331.4797,16.02,16.02,14.621221538461539,14.327133873177377,18.962628363105782,0.0,1.399,1.693,-2.943
1366,538,"dibenzopyrene or dibenzo[fg,op]naphthacene",,ring / CH-ip (9-10.5 um),994.6,1003.939,-9.339,-9.339,-8.09870810810811,-6.344965696850009,-11.696425392843064,0.0,-1.24,-2.994,2.357
1367,538,"dibenzopyrene or dibenzo[fg,op]naphthacene",,CH-oop (10.5-15 um; benzene nu11 at 673 included),818.5,788.8548,29.645,29.645,28.794390879478826,28.85294026043176,30.70030462346797,0.0,0.851,0.792,-1.055
1368,538,"dibenzopyrene or dibenzo[fg,op]naphthacene",,CH-ip-bend (8.6 um),1250.1,1228.7806,21.319,21.319,20.47331491712707,20.412980706629305,14.538376844518407,0.0,0.846,0.906,6.781
1369,19,coronene,,CH-oop (10.5-15 um; benzene nu11 at 673 included),874.5,879.8082,-5.308,-5.308,-6.2314626623376626,-6.65157149316388,-3.541478663868518,0.0,0.923,1.344,-1.767
1370,19,coronene,,CC-stretch (6.2 um),1579.0,1566.0803,12.92,12.92,12.725244147157191,12.866184870288588,8.835989575802087,0.0,0.195,0.054,4.084
1371,19,coronene,,CC-stretch/CH-ip (7.7 um),1378.6,1390.0502,-11.45,-11.45,-12.867762996941895,-13.874999177676678,-8.162852146466154,0.0,1.418,2.425,-3.287
1372,549,"dibenzo[fg,op]naphthacene or dbenzo-pyrene",,CC-stretch/CH-ip (7.7 um),1338.6,1328.73,9.87,9.87,8.498915384615383,9.026385881269452,16.21009059028782,0.0,1.371,0.844,-6.34
1373,549,"dibenzo[fg,op]naphthacene or dbenzo-pyrene",,CC-stretch/CH-ip (7.7 um),1346.0,1349.5564,-3.556,-3.556,-4.927084615384615,-4.92304150789191,-2.8626426698820766,0.0,1.371,1.367,-0.693
1374,549,"dibenzo[fg,op]naphthacene or dbenzo-pyrene",,CC-stretch/CH-ip (7.7 um),1456.4,1453.0728,3.327,3.327,1.9559153846153845,2.3474084553331784,5.717950560795815,0.0,1.371,0.98,-2.391
1375,549,"dibenzo[fg,op]naphthacene or dbenzo-pyrene",,CH-oop (10.5-15 um; benzene nu11 at 673 included),750.5,752.3222,-1.822,-1.822,-2.765973898858075,-2.2068637608113444,4.228353347852025,0.0,0.944,0.385,-6.05
1376,549,"dibenzo[fg,op]naphthacene or dbenzo-pyrene",,CC-stretch (6.2 um),1557.8,1551.6784,6.122,6.122,5.878361486486487,6.64288801834387,12.989438347896783,0.0,0.244,-0.521,-6.867
1377,549,"dibenzo[fg,op]naphthacene or dbenzo-pyrene",,CC-stretch (6.2 um),1589.8,1599.7759,-9.976,-9.976,-10.219638513513514,-10.359510757890837,-2.9501008159232978,0.0,0.244,0.384,-7.026
1378,549,"dibenzo[fg,op]naphthacene or dbenzo-pyrene",,CC-stretch (6.2 um),1545.6,1542.1928,3.407,3.407,3.1633614864864863,3.450977192086569,1.1947064705601207,0.0,0.244,-0.044,2.212
1379,549,"dibenzo[fg,op]naphthacene or dbenzo-pyrene",,CH-oop (10.5-15 um; benzene nu11 at 673 included),774.8,776.4166,-1.617,-1.617,-2.560973898858075,-2.1702525958744268,-0.7471008156908355,0.0,0.944,0.553,-0.87
1380,549,"dibenzo[fg,op]naphthacene or dbenzo-pyrene",,CC-stretch/CH-ip (7.7 um),1440.1,1433.9175,6.182,6.182,4.8109153846153845,5.281535152125786,2.5629215797893816,0.0,1.371,0.9,3.619
1381,549,"dibenzo[fg,op]naphthacene or dbenzo-pyrene",,CH-oop (10.5-15 um; benzene nu11 at 673 included),725.3,722.3268,2.973,2.973,2.029026101141925,2.2926945106195973,1.5195408474293979,0.0,0.944,0.68,1.453
1382,549,"dibenzo[fg,op]naphthacene or dbenzo-pyrene",,ring / CH-ip (9-10.5 um),979.8,976.3858,3.414,3.414,4.7046065573770495,7.123326156845689,3.713479582460524,0.0,-1.291,-3.709,-0.299
1383,549,"dibenzo[fg,op]naphthacene or dbenzo-pyrene",,CH-ip-bend (8.6 um),1256.6,1246.5764,10.024,10.024,9.121779614325067,9.963913174687404,15.554866560861473,0.0,0.902,0.06,-5.531
1384,549,"dibenzo[fg,op]naphthacene or dbenzo-pyrene",,CC-stretch/CH-ip (7.7 um),1393.7,1384.9613,8.739,8.739,7.367915384615385,7.585290521263943,9.774386053460617,0.0,1.371,1.154,-1.035
1385,549,"dibenzo[fg,op]naphthacene or dbenzo-pyrene",,low / skeletal,610.5,613.0684,-2.568,-2.568,-2.4039612068965517,-1.9341769809189333,-1.1652205312360038,0.0,-0.164,-0.634,-1.403
1386,549,"dibenzo[fg,op]naphthacene or dbenzo-pyrene",,CH-ip-bend (8.6 um),1210.0,1207.2458,2.754,2.754,1.851779614325069,2.0532960321115556,-1.3700911142651324,0.0,0.902,0.701,4.124
1387,549,"dibenzo[fg,op]naphthacene or dbenzo-pyrene",,CC-stretch (6.2 um),1525.0,1525.5179,-0.518,-0.518,-0.7616385135135135,-0.6645341338312757,0.6025601294772183,0.0,0.244,0.147,-1.121
1388,549,"dibenzo[fg,op]naphthacene or dbenzo-pyrene",,CH-ip-bend (8.6 um),1177.0,1174.1209,2.879,2.879,1.976779614325069,2.217119333048117,3.240355170985779,0.0,0.902,0.662,-0.361
1389,549,"dibenzo[fg,op]naphthacene or dbenzo-pyrene",,ring / CH-ip (9-10.5 um),1042.2,1049.4358,-7.236,-7.236,-5.945393442622951,-3.685479167617793,0.24029814595098653,0.0,-1.291,-3.551,-7.476
1390,549,"dibenzo[fg,op]naphthacene or dbenzo-pyrene",,CH-ip-bend (8.6 um),1112.6,1133.54,-20.94,-20.94,-21.84222038567493,-22.163101271715263,-8.599928501218029,0.0,0.902,1.223,-12.34
1391,549,"dibenzo[fg,op]naphthacene or dbenzo-pyrene",,ring / CH-ip (9-10.5 um),1081.4,1082.3461,-0.946,-0.946,0.34460655737704937,2.6944640785621727,3.989104834013464,0.0,-1.291,-3.64,-4.935
1392,549,"dibenzo[fg,op]naphthacene or dbenzo-pyrene",,CH-stretch,3121.0,3130.0468,-9.047,-9.047,-7.332704347826088,-7.104518026749582,-8.68129680767079,0.0,-1.714,-1.942,-0.366
1393,549,"dibenzo[fg,op]naphthacene or dbenzo-pyrene",,ring / CH-ip (9-10.5 um),985.7,991.6348,-5.935,-5.935,-4.644393442622951,-2.748117231421202,-10.634411348064612,0.0,-1.291,-3.187,4.699
1394,549,"dibenzo[fg,op]naphthacene or dbenzo-pyrene",,CH-oop (10.5-15 um; benzene nu11 at 673 included),781.0,795.6455,-14.645,-14.645,-15.588973898858075,-15.562537127405054,-16.714855626960876,0.0,0.944,0.918,2.07
1395,549,"dibenzo[fg,op]naphthacene or dbenzo-pyrene",,CH-stretch,3093.5,3092.6185,0.881,0.881,2.5952956521739132,2.6026581147171983,3.2592651877738286,0.0,-1.714,-1.722,-2.378
1396,549,"dibenzo[fg,op]naphthacene or dbenzo-pyrene",,CH-stretch,3062.5,3081.544,-19.044,-19.044,-17.329704347826087,-17.612317433935015,-19.334360143414838,0.0,-1.714,-1.432,0.29
1397,813,"dibenzo[fg,st]pentacene or benzo-naptho-pyrene",,CH-ip-bend (8.6 um),1250.1,1237.7561,12.344,12.344,11.414143646408839,11.482085283450449,4.739667336056999,0.0,0.93,0.862,7.604
1398,813,"dibenzo[fg,st]pentacene or benzo-naptho-pyrene",,CH-oop (10.5-15 um; benzene nu11 at 673 included),843.8,847.6623,-3.862,-3.862,-4.825349102773247,-4.970617664082551,-8.249890893214056,0.0,0.963,1.109,4.388
1399,813,"dibenzo[fg,st]pentacene or benzo-naptho-pyrene",,ring / CH-ip (9-10.5 um),1039.8,1047.8669,-8.067,-8.067,-6.828837837837838,-4.607259798090997,0.5503994039788811,0.0,-1.238,-3.46,-8.617
1400,813,"dibenzo[fg,st]pentacene or benzo-naptho-pyrene",,CC-stretch/CH-ip (7.7 um),1410.2,1405.2762,4.924,4.924,3.5237285276073624,3.4200615454646464,1.6236792232138466,0.0,1.4,1.504,3.3
1401,813,"dibenzo[fg,st]pentacene or benzo-naptho-pyrene",,CH-ip-bend (8.6 um),1236.4,1230.2437,6.156,6.156,5.22614364640884,5.272944326599681,1.7448937473219424,0.0,0.93,0.883,4.411
1402,813,"dibenzo[fg,st]pentacene or benzo-naptho-pyrene",,low / skeletal,642.8,639.5732,3.227,3.227,3.4160172413793104,3.4157899785146717,4.318993209946923,0.0,-0.189,-0.189,-1.092
1403,813,"dibenzo[fg,st]pentacene or benzo-naptho-pyrene",,CH-ip-bend (8.6 um),1144.9,1162.1424,-17.242,-17.242,-18.17185635359116,-18.275548134250393,-15.495700507598336,0.0,0.93,1.034,-1.746
1404,813,"dibenzo[fg,st]pentacene or benzo-naptho-pyrene",,CH-ip-bend (8.6 um),1179.8,1188.1899,-8.39,-8.39,-9.319856353591161,-9.196263955269744,-11.445390616795349,0.0,0.93,0.806,3.055
1405,813,"dibenzo[fg,st]pentacene or benzo-naptho-pyrene",,CC-stretch/CH-ip (7.7 um),1348.7,1349.0983,-0.398,-0.398,-1.798271472392638,-2.2666031660308623,1.520194188577797,0.0,1.4,1.869,-1.918
1406,813,"dibenzo[fg,st]pentacene or benzo-naptho-pyrene",,CH-ip-bend (8.6 um),1158.5,1165.7533,-7.253,-7.253,-8.182856353591161,-8.208675013088513,-11.758401052297444,0.0,0.93,0.956,4.505
1407,813,"dibenzo[fg,st]pentacene or benzo-naptho-pyrene",,CH-oop (10.5-15 um; benzene nu11 at 673 included),873.3,893.0002,-19.7,-19.7,-20.663349102773246,-19.713356528237306,-17.054597886989892,0.0,0.963,0.013,-2.645
1408,813,"dibenzo[fg,st]pentacene or benzo-naptho-pyrene",,CH-oop (10.5-15 um; benzene nu11 at 673 included),756.2,758.7462,-2.546,-2.546,-3.509349102773246,-3.852232581098606,-3.9218776939344506,0.0,0.963,1.306,1.376
1409,813,"dibenzo[fg,st]pentacene or benzo-naptho-pyrene",,CH-oop (10.5-15 um; benzene nu11 at 673 included),909.4,910.2796,-0.88,-0.88,-1.8433491027732463,-1.7187753495015703,-4.98166487257666,0.0,0.963,0.839,4.102
1410,813,"dibenzo[fg,st]pentacene or benzo-naptho-pyrene",,ring / CH-ip (9-10.5 um),945.6,955.3571,-9.757,-9.757,-8.518837837837838,-6.628224180769284,-10.307279110433605,0.0,-1.238,-3.129,0.55
1411,813,"dibenzo[fg,st]pentacene or benzo-naptho-pyrene",,CC-stretch/CH-ip (7.7 um),1384.6,1386.3362,-1.736,-1.736,-3.1362714723926377,-3.368896503413924,-0.10802287510845021,0.0,1.4,1.633,-1.628
1412,537,naptho-benzo-pyrene or dibenzopentacene,,CH-oop (10.5-15 um; benzene nu11 at 673 included),752.5,752.9945,-0.495,-0.495,-1.4207894736842106,-0.38220970138621035,-0.17354047410811552,0.0,0.926,-0.113,-0.321
1413,537,naptho-benzo-pyrene or dibenzopentacene,,CH-stretch,3070.5,3072.496,-1.996,-1.996,-0.22028070175438574,0.3456294496367702,2.620523505247148,0.0,-1.776,-2.342,-4.617
1414,537,naptho-benzo-pyrene or dibenzopentacene,,CC-stretch/CH-ip (7.7 um),1443.9,1444.3454,-0.445,-0.445,-1.810135093167702,-1.915712201239162,3.3885021469574235,0.0,1.365,1.471,-3.834
1415,537,naptho-benzo-pyrene or dibenzopentacene,,CH-stretch,3090.8,3088.7199,2.08,2.08,3.8557192982456145,3.7965026464760774,3.103953037818997,0.0,-1.776,-1.717,-1.024
1416,537,naptho-benzo-pyrene or dibenzopentacene,,CH-oop (10.5-15 um; benzene nu11 at 673 included),876.8,874.516,2.284,2.284,1.3582105263157893,1.5285154903128546,-1.860585947585828,0.0,0.926,0.755,4.145
1417,537,naptho-benzo-pyrene or dibenzopentacene,,CH-oop (10.5-15 um; benzene nu11 at 673 included),800.1,789.2504,10.85,10.85,9.92421052631579,10.305366716023013,10.325732457774734,0.0,0.926,0.545,0.524
1418,537,naptho-benzo-pyrene or dibenzopentacene,,low / skeletal,577.4,577.5269,-0.127,-0.127,0.022423580786026215,0.5487658716660981,2.409836894908403,0.0,-0.149,-0.676,-2.537
1419,537,naptho-benzo-pyrene or dibenzopentacene,,CC-stretch/CH-ip (7.7 um),1437.2,1439.5168,-2.317,-2.317,-3.682135093167702,-3.0267304853766865,-4.019411307929541,0.0,1.365,0.71,1.702
1420,537,naptho-benzo-pyrene or dibenzopentacene,,CH-oop (10.5-15 um; benzene nu11 at 673 included),704.3,699.6933,4.607,4.607,3.6812105263157897,3.681517517304052,6.750306489140504,0.0,0.926,0.925,-2.143
1421,537,naptho-benzo-pyrene or dibenzopentacene,,CC-stretch/CH-ip (7.7 um),1405.1,1406.6016,-1.502,-1.502,-2.867135093167702,-3.0776199196816743,-4.42106109711136,0.0,1.365,1.576,2.919
1422,537,naptho-benzo-pyrene or dibenzopentacene,,CC-stretch (6.2 um),1554.4,1554.7622,-0.362,-0.362,-0.6340406779661016,-0.5541210774033848,-0.6957650506062925,0.0,0.272,0.192,0.334
1423,537,naptho-benzo-pyrene or dibenzopentacene,,CC-stretch/CH-ip (7.7 um),1489.8,1482.3212,7.479,7.479,6.113864906832298,6.3086106193479985,8.5071575267097,0.0,1.365,1.17,-1.028
1424,537,naptho-benzo-pyrene or dibenzopentacene,,CH-stretch,3112.5,3110.4022,2.098,2.098,3.8737192982456143,4.194055490102382,3.300516207259831,0.0,-1.776,-2.096,-1.203
1425,537,naptho-benzo-pyrene or dibenzopentacene,,CH-oop (10.5-15 um; benzene nu11 at 673 included),742.6,745.6845,-3.084,-3.084,-4.009789473684211,-3.9547931097440348,-2.3825930599700564,0.0,0.926,0.871,-0.701
1426,537,naptho-benzo-pyrene or dibenzopentacene,,CH-ip-bend (8.6 um),1211.2,1211.6063,-0.406,-0.406,-1.1795333333333333,-1.0284826179876227,0.5091311399690643,0.0,0.774,0.622,-0.915
1427,537,naptho-benzo-pyrene or dibenzopentacene,,CC-stretch/CH-ip (7.7 um),1261.0,1254.4908,6.509,6.509,5.143864906832299,4.984071616657014,2.178181676217359,0.0,1.365,1.525,4.331
1428,537,naptho-benzo-pyrene or dibenzopentacene,,CC-stretch (6.2 um),1599.9,1604.5203,-4.62,-4.62,-4.892040677966102,-4.762212299188424,-1.7064304672336856,0.0,0.272,0.142,-2.914
1429,537,naptho-benzo-pyrene or dibenzopentacene,,CH-stretch,3024.6,3048.7037,-24.104,-24.104,-22.328280701754384,-22.35695933039517,-12.577889068622326,0.0,-1.776,-1.747,-11.526
1430,537,naptho-benzo-pyrene or dibenzopentacene,,CC-stretch/CH-ip (7.7 um),1471.2,1474.7753,-3.575,-3.575,-4.940135093167703,-5.069873758757037,-4.514955238343793,0.0,1.365,1.495,0.94
1431,537,naptho-benzo-pyrene or dibenzopentacene,,low / skeletal,461.7,458.8911,2.809,2.809,2.958423580786026,2.8226407865059793,5.370962828039502,0.0,-0.149,-0.014,-2.562
1432,537,naptho-benzo-pyrene or dibenzopentacene,,CC-stretch/CH-ip (7.7 um),1352.7,1354.7414,-2.041,-2.041,-3.406135093167702,-3.703407005371685,-1.3588841774089317,0.0,1.365,1.662,-0.682
1433,537,naptho-benzo-pyrene or dibenzopentacene,,CC-stretch/CH-ip (7.7 um),1344.5,1348.4803,-3.98,-3.98,-5.345135093167702,-5.665860348168594,-3.219835853493825,0.0,1.365,1.686,-0.76
1434,537,naptho-benzo-pyrene or dibenzopentacene,,CH-ip-bend (8.6 um),1119.9,1116.5214,3.379,3.379,2.6054666666666666,2.557939904991183,6.049310168779182,0.0,0.774,0.821,-2.67
1435,537,naptho-benzo-pyrene or dibenzopentacene,,CH-ip-bend (8.6 um),1153.2,1153.2494,-0.049,-0.049,-0.8225333333333333,-1.0042787799818906,-1.9248516372774445,0.0,0.774,0.955,1.876
1436,537,naptho-benzo-pyrene or dibenzopentacene,,ring / CH-ip (9-10.5 um),1057.1,1067.2264,-10.126,-10.126,-8.809724324324323,-6.774511991183348,-2.1192640044629627,0.0,-1.316,-3.351,-8.007
1437,537,naptho-benzo-pyrene or dibenzopentacene,,CC-stretch (6.2 um),1585.4,1584.7207,0.679,0.679,0.4069593220338984,0.3129658325706368,4.485163807061329,0.0,0.272,0.366,-3.806
1438,537,naptho-benzo-pyrene or dibenzopentacene,,CC-stretch/CH-ip (7.7 um),1419.0,1397.6271,21.373,21.373,20.0078649068323,20.09065377509077,15.361633663096953,0.0,1.365,1.282,6.011
1439,537,naptho-benzo-pyrene or dibenzopentacene,,ring / CH-ip (9-10.5 um),1004.1,997.3466,6.753,6.753,8.069275675675676,9.86207560396489,7.028684554164787,0.0,-1.316,-3.109,-0.276
1440,537,naptho-benzo-pyrene or dibenzopentacene,,low / skeletal,605.0,611.3356,-6.336,-6.336,-6.186576419213974,-5.989364969257251,-5.094678984882666,0.0,-0.149,-0.347,-1.241
1441,537,naptho-benzo-pyrene or dibenzopentacene,,CH-oop (10.5-15 um; benzene nu11 at 673 included),650.3,651.6182,-1.318,-1.318,-2.2437894736842106,-2.485668977597923,-2.1730930658669463,0.0,0.926,1.168,0.855
1442,537,naptho-benzo-pyrene or dibenzopentacene,,CC-stretch/CH-ip (7.7 um),1315.9,1302.8879,13.012,13.012,11.646864906832299,11.327828622354001,15.981177412383701,0.0,1.365,1.684,-2.969
1443,537,naptho-benzo-pyrene or dibenzopentacene,,CC-stretch (6.2 um),1505.0,1504.3596,0.64,0.64,0.36795932203389836,0.16301955884362007,2.9312965549232115,0.0,0.272,0.477,-2.291
1444,537,naptho-benzo-pyrene or dibenzopentacene,,CH-oop (10.5-15 um; benzene nu11 at 673 included),951.8,941.191,10.609,10.609,9.68321052631579,9.751392966229943,6.435593831294561,0.0,0.926,0.858,4.173
1445,537,naptho-benzo-pyrene or dibenzopentacene,,CH-oop (10.5-15 um; benzene nu11 at 673 included),828.1,829.111,-1.011,-1.011,-1.9367894736842104,-1.9684190469630476,0.5563572335112692,0.0,0.926,0.957,-1.567
1446,537,naptho-benzo-pyrene or dibenzopentacene,,CC-stretch/CH-ip (7.7 um),1334.5,1332.393,2.107,2.107,0.7418649068322982,0.6083699324243654,-1.0038155756865712,0.0,1.365,1.499,3.111
1447,537,naptho-benzo-pyrene or dibenzopentacene,,CH-ip-bend (8.6 um),1170.6,1169.0361,1.564,1.564,0.7904666666666668,0.6881365474668839,1.408193196555663,0.0,0.774,0.876,0.156
1448,537,naptho-benzo-pyrene or dibenzopentacene,,CC-stretch (6.2 um),1589.6,1595.0367,-5.437,-5.437,-5.709040677966102,-5.762374392619442,5.956375464478318,0.0,0.272,0.325,-11.393
1449,537,naptho-benzo-pyrene or dibenzopentacene,,CH-ip-bend (8.6 um),1198.5,1191.4647,7.035,7.035,6.261466666666667,6.123557489609766,3.297151562774225,0.0,0.774,0.911,3.738
1450,537,naptho-benzo-pyrene or dibenzopentacene,,CH-oop (10.5-15 um; benzene nu11 at 673 included),914.3,936.0772,-21.777,-21.777,-22.702789473684213,-22.7131648952867,-22.08665414582787,0.0,0.926,0.936,0.31
1451,537,naptho-benzo-pyrene or dibenzopentacene,,CH-ip-bend (8.6 um),1173.5,1145.4329,28.067,28.067,27.293466666666667,27.176033427502954,30.069802883188117,0.0,0.774,0.891,-2.003
1452,537,naptho-benzo-pyrene or dibenzopentacene,,CH-ip-bend (8.6 um),1227.8,1223.6388,4.161,4.161,3.387466666666666,3.447721969280953,2.3706074802121453,0.0,0.774,0.713,1.79
1453,537,naptho-benzo-pyrene or dibenzopentacene,,low / skeletal,624.9,627.6529,-2.753,-2.753,-2.603576419213974,-2.5522211643817894,0.9445318310783533,0.0,-0.149,-0.201,-3.698
1454,547,"dibenzo[hi,uv]hexacene or dinaptho-pyrene",,CH-oop (10.5-15 um; benzene nu11 at 673 included),881.4,869.6281,11.772,11.772,10.797808970099668,10.220592106672393,4.711189450223486,0.0,0.974,1.551,7.061
1455,547,"dibenzo[hi,uv]hexacene or dinaptho-pyrene",,CH-oop (10.5-15 um; benzene nu11 at 673 included),920.0,906.6784,13.322,13.322,12.347808970099667,11.852080072550828,11.713942241790813,0.0,0.974,1.47,1.608
1456,547,"dibenzo[hi,uv]hexacene or dinaptho-pyrene",,CH-oop (10.5-15 um; benzene nu11 at 673 included),779.4,782.498,-3.098,-3.098,-4.072191029900332,-4.815745749189905,2.065285224282749,0.0,0.974,1.718,-5.163
1457,547,"dibenzo[hi,uv]hexacene or dinaptho-pyrene",,CH-oop (10.5-15 um; benzene nu11 at 673 included),842.1,846.0509,-3.951,-3.951,-4.925191029900332,-5.569494888179817,-0.6560903226257686,0.0,0.974,1.618,-3.295
1458,547,"dibenzo[hi,uv]hexacene or dinaptho-pyrene",,CC-stretch (6.2 um),1520.5,1538.5494,-18.049,-18.049,-18.405694630872482,-18.176389600942336,-14.892632705398414,0.0,0.357,0.127,-3.156
1459,547,"dibenzo[hi,uv]hexacene or dinaptho-pyrene",,CH-oop (10.5-15 um; benzene nu11 at 673 included),762.2,762.6919,-0.492,-0.492,-1.4661910299003322,-2.258649186692829,0.4611166772327643,0.0,0.974,1.767,-0.953
1460,547,"dibenzo[hi,uv]hexacene or dinaptho-pyrene",,CH-oop (10.5-15 um; benzene nu11 at 673 included),717.6,717.7849,-0.185,-0.185,-1.159191029900332,-2.0070007967046175,-7.176564606597474,0.0,0.974,1.822,6.992
1461,547,"dibenzo[hi,uv]hexacene or dinaptho-pyrene",,CC-stretch/CH-ip (7.7 um),1435.5,1448.5131,-13.013,-13.013,-14.446902325581394,-15.049686194941613,-18.825485391140433,0.0,1.434,2.037,5.812
1462,547,"dibenzo[hi,uv]hexacene or dinaptho-pyrene",,CC-stretch/CH-ip (7.7 um),1289.1,1290.784,-1.684,-1.684,-3.117902325581395,-4.069498758144432,-7.982639654443669,0.0,1.434,2.385,6.299
1463,547,"dibenzo[hi,uv]hexacene or dinaptho-pyrene",,CH-ip-bend (8.6 um),1211.1,1209.0335,2.066,2.066,1.1442111111111108,1.687496233335223,5.6444590830942065,0.0,0.922,0.379,-3.578
1464,547,"dibenzo[hi,uv]hexacene or dinaptho-pyrene",,CH-oop (10.5-15 um; benzene nu11 at 673 included),747.4,748.4944,-1.094,-1.094,-2.068191029900332,-2.8647570185528988,-1.6205370251952211,0.0,0.974,1.771,0.527
1465,547,"dibenzo[hi,uv]hexacene or dinaptho-pyrene",,CH-stretch,3071.7,3069.9048,1.795,1.795,3.5805862068965517,2.9940216576819445,7.401519435308557,0.0,-1.786,-1.199,-5.607
1466,547,"dibenzo[hi,uv]hexacene or dinaptho-pyrene",,low / skeletal,610.2,622.9019,-12.702,-12.702,-12.585617391304348,-13.023298918723325,-8.59687328741079,0.0,-0.116,0.321,-4.105
1467,547,"dibenzo[hi,uv]hexacene or dinaptho-pyrene",,CH-ip-bend (8.6 um),1174.2,1163.633,10.567,10.567,9.645211111111111,9.094846566791208,9.489798970654336,0.0,0.922,1.472,1.077
1468,547,"dibenzo[hi,uv]hexacene or dinaptho-pyrene",,CC-stretch/CH-ip (7.7 um),1353.8,1349.6695,4.13,4.13,2.6960976744186045,2.516331233815734,3.8213391687064204,0.0,1.434,1.614,0.309
1469,547,"dibenzo[hi,uv]hexacene or dinaptho-pyrene",,CH-ip-bend (8.6 um),1183.7,1161.1237,22.576,22.576,21.654211111111113,21.16562435266395,22.260654276539892,0.0,0.922,1.41,0.315
1470,547,"dibenzo[hi,uv]hexacene or dinaptho-pyrene",,ring / CH-ip (9-10.5 um),1085.7,1080.4175,5.283,5.283,6.507788043478261,-0.8652154925379474,7.083930738478969,0.0,-1.225,6.148,-1.801
1471,547,"dibenzo[hi,uv]hexacene or dinaptho-pyrene",,CC-stretch/CH-ip (7.7 um),1382.4,1385.6243,-3.224,-3.224,-4.657902325581396,-5.44677608166538,-4.973155831797193,0.0,1.434,2.223,1.749
1472,547,"dibenzo[hi,uv]hexacene or dinaptho-pyrene",,CH-ip-bend (8.6 um),1130.4,1133.1522,-2.752,-2.752,-3.6737888888888888,-3.2641080931866755,0.8862278478364711,0.0,0.922,0.512,-3.638
1473,547,"dibenzo[hi,uv]hexacene or dinaptho-pyrene",,CC-stretch (6.2 um),1530.2,1547.2942,-17.094,-17.094,-17.450694630872484,-18.16389970129395,-17.139323952962503,0.0,0.357,1.07,0.045
1474,547,"dibenzo[hi,uv]hexacene or dinaptho-pyrene",,CC-stretch/CH-ip (7.7 um),1343.2,1322.3433,20.857,20.857,19.423097674418603,19.719954619794102,21.973917921688646,0.0,1.434,1.137,-1.117
1475,547,"dibenzo[hi,uv]hexacene or dinaptho-pyrene",,CH-oop (10.5-15 um; benzene nu11 at 673 included),915.0,935.0174,-20.017,-20.017,-20.99119102990033,-21.459407714513542,-20.964652682238317,0.0,0.974,1.442,0.948
1476,547,"dibenzo[hi,uv]hexacene or dinaptho-pyrene",,CH-stretch,3010.3,3029.3206,-19.021,-19.021,-17.235413793103447,-17.87453162914779,-14.643179885032037,0.0,-1.786,-1.146,-4.378
1477,547,"dibenzo[hi,uv]hexacene or dinaptho-pyrene",,CH-ip-bend (8.6 um),1103.0,1104.9453,-1.945,-1.945,-2.866788888888889,-3.6214328598253527,5.442990069390705,0.0,0.922,1.676,-7.388
1478,547,"dibenzo[hi,uv]hexacene or dinaptho-pyrene",,CH-oop (10.5-15 um; benzene nu11 at 673 included),655.8,661.9205,-6.12,-6.12,-7.094191029900332,-8.024750532695155,-5.170105249343493,0.0,0.974,1.905,-0.95
1479,547,"dibenzo[hi,uv]hexacene or dinaptho-pyrene",,CC-stretch/CH-ip (7.7 um),1267.1,1269.4704,-2.37,-2.37,-3.8039023255813955,-4.690711408387115,-7.358478782902477,0.0,1.434,2.321,4.988
1480,547,"dibenzo[hi,uv]hexacene or dinaptho-pyrene",,CC-stretch/CH-ip (7.7 um),1508.0,1482.1142,25.886,25.886,24.452097674418603,23.829255168138307,28.024465970231653,0.0,1.434,2.057,-2.138
1481,547,"dibenzo[hi,uv]hexacene or dinaptho-pyrene",,ring / CH-ip (9-10.5 um),1020.3,1032.1257,-11.826,-11.826,-10.60121195652174,-9.358811654557831,-10.430974387881351,0.0,-1.225,-2.467,-1.395
1482,547,"dibenzo[hi,uv]hexacene or dinaptho-pyrene",,CH-oop (10.5-15 um; benzene nu11 at 673 included),817.4,837.4025,-20.003,-20.003,-20.977191029900332,-21.546300773212007,-15.59812220062885,0.0,0.974,1.543,-4.405
1483,547,"dibenzo[hi,uv]hexacene or dinaptho-pyrene",,CH-oop (10.5-15 um; benzene nu11 at 673 included),804.2,784.6337,19.566,19.566,18.591808970099667,17.90971175446788,19.724717648667504,0.0,0.974,1.656,-0.159
1484,547,"dibenzo[hi,uv]hexacene or dinaptho-pyrene",,CH-oop (10.5-15 um; benzene nu11 at 673 included),696.0,696.7786,-0.779,-0.779,-1.7531910299003322,-2.601623406430808,5.203195524361002,0.0,0.974,1.823,-5.982
1485,547,"dibenzo[hi,uv]hexacene or dinaptho-pyrene",,ring / CH-ip (9-10.5 um),954.2,969.1802,-14.98,-14.98,-13.75521195652174,-12.564072836538397,-14.667237014914472,0.0,-1.225,-2.416,-0.313
1486,547,"dibenzo[hi,uv]hexacene or dinaptho-pyrene",,CC-stretch/CH-ip (7.7 um),1411.8,1419.023,-7.223,-7.223,-8.656902325581395,-9.379739834465502,-5.940894934716888,0.0,1.434,2.157,-1.282
1487,547,"dibenzo[hi,uv]hexacene or dinaptho-pyrene",,CH-oop (10.5-15 um; benzene nu11 at 673 included),734.5,715.3894,19.111,19.111,18.13680897009967,17.33958554346711,22.78102238738679,0.0,0.974,1.771,-3.67
1488,547,"dibenzo[hi,uv]hexacene or dinaptho-pyrene",,CH-ip-bend (8.6 um),1207.4,1229.2847,-21.885,-21.885,-22.80678888888889,-22.506824252004627,-18.727354791931717,0.0,0.922,0.622,-3.158
1489,547,"dibenzo[hi,uv]hexacene or dinaptho-pyrene",,CH-oop (10.5-15 um; benzene nu11 at 673 included),739.1,759.0117,-19.912,-19.912,-20.88619102990033,-21.644791240310752,-17.312882911934132,0.0,0.974,1.733,-2.599
1490,547,"dibenzo[hi,uv]hexacene or dinaptho-pyrene",,CH-ip-bend (8.6 um),1216.7,1234.9477,-18.248,-18.248,-19.16978888888889,-19.73549732257165,-20.66245149791537,0.0,0.922,1.487,2.414
1491,547,"dibenzo[hi,uv]hexacene or dinaptho-pyrene",,low / skeletal,559.8,559.9086,-0.109,-0.109,0.0073826086956521875,-0.5264546512083064,-1.9260084853100932,0.0,-0.116,0.417,1.817
1492,547,"dibenzo[hi,uv]hexacene or dinaptho-pyrene",,CH-oop (10.5-15 um; benzene nu11 at 673 included),750.5,761.5379,-11.038,-11.038,-12.012191029900332,-12.723981813778456,-0.32168097033903464,0.0,0.974,1.686,-10.716
1493,547,"dibenzo[hi,uv]hexacene or dinaptho-pyrene",,CC-stretch/CH-ip (7.7 um),1282.8,1310.4172,-27.617,-27.617,-29.050902325581397,-29.363488690967777,-26.92298456629485,0.0,1.434,1.746,-0.694
1494,547,"dibenzo[hi,uv]hexacene or dinaptho-pyrene",,low / skeletal,566.5,567.5456,-1.046,-1.046,-0.9296173913043478,-1.4559741378856215,-2.4757711073164783,0.0,-0.116,0.41,1.43
1495,547,"dibenzo[hi,uv]hexacene or dinaptho-pyrene",,CC-stretch/CH-ip (7.7 um),1445.8,1450.6419,-4.842,-4.842,-6.275902325581395,-6.932305324974881,-4.283195585655822,0.0,1.434,2.09,-0.559
1496,536,dinaptho-pyrene or dibenzo-hexane,,CH-stretch,3065.5,3066.3626,-0.863,-0.863,0.7873130434782609,1.6922351086699954,5.467446928649931,0.0,-1.65,-2.555,-6.33
1497,536,dinaptho-pyrene or dibenzo-hexane,,CC-stretch/CH-ip (7.7 um),1438.9,1438.0951,0.805,0.805,-0.6412759689922481,0.2513118021908577,0.28336469585277024,0.0,1.446,0.554,0.522
1498,536,dinaptho-pyrene or dibenzo-hexane,,CH-oop (10.5-15 um; benzene nu11 at 673 included),876.7,867.7508,8.949,8.949,8.122410509031198,8.199115827893298,6.894005661710082,0.0,0.827,0.75,2.055
1499,536,dinaptho-pyrene or dibenzo-hexane,,CH-oop (10.5-15 um; benzene nu11 at 673 included),796.2,788.0658,8.134,8.134,7.307410509031199,8.123067975710427,8.608288049316823,0.0,0.827,0.011,-0.474
1500,536,dinaptho-pyrene or dibenzo-hexane,,CH-stretch,3091.2,3101.8445,-10.645,-10.645,-8.994686956521738,-8.53233759934825,-9.605419575030636,0.0,-1.65,-2.113,-1.04
1501,536,dinaptho-pyrene or dibenzo-hexane,,low / skeletal,570.3,570.8134,-0.513,-0.513,-0.3760434782608696,0.44728630964277605,0.6137782676138926,0.0,-0.137,-0.96,-1.127
1502,536,dinaptho-pyrene or dibenzo-hexane,,CC-stretch/CH-ip (7.7 um),1438.9,1466.2986,-27.399,-27.399,-28.845275968992247,-28.664729390608798,-26.722647124557067,0.0,1.446,1.266,-0.676
1503,536,dinaptho-pyrene or dibenzo-hexane,,CH-oop (10.5-15 um; benzene nu11 at 673 included),706.4,704.1435,2.256,2.256,1.4294105090311984,1.835130770401097,4.181567311530886,0.0,0.827,0.421,-1.926
1504,536,dinaptho-pyrene or dibenzo-hexane,,CH-oop (10.5-15 um; benzene nu11 at 673 included),742.1,743.0304,-0.93,-0.93,-1.7565894909688013,-1.9493345929571997,-1.7170167380214136,0.0,0.827,1.019,0.787
1505,536,dinaptho-pyrene or dibenzo-hexane,,CC-stretch/CH-ip (7.7 um),1477.2,1491.8723,-14.672,-14.672,-16.11827596899225,-15.665880236650244,-18.364232359354197,0.0,1.446,0.994,3.692
1506,536,dinaptho-pyrene or dibenzo-hexane,,CH-stretch,3025.7,3048.7602,-23.06,-23.06,-21.40968695652174,-21.26445124058812,-14.825306179320643,0.0,-1.65,-1.796,-8.235
1507,536,dinaptho-pyrene or dibenzo-hexane,,CC-stretch (6.2 um),1562.2,1563.5413,-1.341,-1.341,-1.6233006756756756,-1.4501686205795477,-3.185832731988399,0.0,0.282,0.109,1.845
1508,536,dinaptho-pyrene or dibenzo-hexane,,CC-stretch (6.2 um),1609.0,1607.0362,1.964,1.964,1.6816993243243243,1.9054776094546562,5.070314695244734,0.0,0.282,0.059,-3.106
1509,536,dinaptho-pyrene or dibenzo-hexane,,CH-ip-bend (8.6 um),1211.7,1210.9018,0.798,0.798,-0.052127423822714514,0.22575864882072483,-2.356573090367476,0.0,0.85,0.572,3.155
1510,536,dinaptho-pyrene or dibenzo-hexane,,CC-stretch/CH-ip (7.7 um),1341.3,1331.7509,9.549,9.549,8.102724031007751,8.078895335929642,7.095069365384253,0.0,1.446,1.47,2.454
1511,536,dinaptho-pyrene or dibenzo-hexane,,low / skeletal,463.9,469.0589,-5.159,-5.159,-5.022043478260869,-4.774004426725279,-2.839769740742451,0.0,-0.137,-0.385,-2.319
1512,536,dinaptho-pyrene or dibenzo-hexane,,CH-ip-bend (8.6 um),1119.2,1117.4671,1.733,1.733,0.8828725761772855,0.9505596306312917,-1.3348443544700253,0.0,0.85,0.782,3.068
1513,536,dinaptho-pyrene or dibenzo-hexane,,CC-stretch/CH-ip (7.7 um),1354.8,1357.9669,-3.167,-3.167,-4.613275968992248,-4.701715662766152,-4.81607821076275,0.0,1.446,1.535,1.649
1514,536,dinaptho-pyrene or dibenzo-hexane,,CC-stretch (6.2 um),1574.7,1574.019,0.681,0.681,0.3986993243243244,0.574701765535037,-1.5745181809727047,0.0,0.282,0.106,2.256
1515,536,dinaptho-pyrene or dibenzo-hexane,,ring / CH-ip (9-10.5 um),1011.7,1024.2145,-12.514,-12.514,-11.210897297297297,-9.158526294749567,-5.105014266234107,0.0,-1.303,-3.355,-7.409
1516,536,dinaptho-pyrene or dibenzo-hexane,,CH-ip-bend (8.6 um),1149.7,1152.6836,-2.984,-2.984,-3.8341274238227143,-3.8522348405080633,-4.692423903806528,0.0,0.85,0.868,1.708
1517,536,dinaptho-pyrene or dibenzo-hexane,,CC-stretch/CH-ip (7.7 um),1410.8,1405.1078,5.692,5.692,4.245724031007752,4.290229190281325,0.1117470794981621,0.0,1.446,1.402,5.58
1518,536,dinaptho-pyrene or dibenzo-hexane,,CC-stretch (6.2 um),1579.6,1593.313,-13.713,-13.713,-13.995300675675676,-14.006159569709215,-14.53801258278652,0.0,0.282,0.293,0.825
1519,536,dinaptho-pyrene or dibenzo-hexane,,CH-ip-bend (8.6 um),1180.4,1179.9635,0.437,0.437,-0.41312742382271456,-0.32128120255185094,-2.446206061913068,0.0,0.85,0.758,2.883
1520,536,dinaptho-pyrene or dibenzo-hexane,,CC-stretch/CH-ip (7.7 um),1266.1,1254.5443,11.556,11.556,10.109724031007751,9.882722118661999,8.132993416758305,0.0,1.446,1.673,3.423
1521,536,dinaptho-pyrene or dibenzo-hexane,,CC-stretch/CH-ip (7.7 um),1306.0,1307.0836,-1.084,-1.084,-2.5302759689922483,-2.764877500784775,-6.03144760516064,0.0,1.446,1.681,4.947
1522,536,dinaptho-pyrene or dibenzo-hexane,,CC-stretch/CH-ip (7.7 um),1397.5,1393.0773,4.423,4.423,2.976724031007752,2.877006446670446,-7.3657214319937605,0.0,1.446,1.546,11.789
1523,536,dinaptho-pyrene or dibenzo-hexane,,CH-oop (10.5-15 um; benzene nu11 at 673 included),951.3,940.9905,10.309,10.309,9.482410509031197,9.759569428066852,5.2286671927543935,0.0,0.827,0.549,5.08
1524,536,dinaptho-pyrene or dibenzo-hexane,,CH-ip-bend (8.6 um),1227.0,1219.6723,7.328,7.328,6.477872576177286,6.771628656189529,6.1518256236005975,0.0,0.85,0.556,1.176
1525,536,dinaptho-pyrene or dibenzo-hexane,,CH-ip-bend (8.6 um),1138.8,1130.785,8.015,8.015,7.164872576177286,7.102717189375089,3.2702076801346456,0.0,0.85,0.912,4.745
1526,536,dinaptho-pyrene or dibenzo-hexane,,CH-oop (10.5-15 um; benzene nu11 at 673 included),847.6,846.6773,0.923,0.923,0.09641050903119874,0.1188902648504937,-1.3973866681578544,0.0,0.827,0.804,2.32
1527,536,dinaptho-pyrene or dibenzo-hexane,,low / skeletal,627.4,630.8531,-3.453,-3.453,-3.316043478260869,-3.1304769623685322,-1.3256348115418208,0.0,-0.137,-0.323,-2.127
1528,536,dinaptho-pyrene or dibenzo-hexane,,CC-stretch/CH-ip (7.7 um),1294.5,1297.2838,-2.784,-2.784,-4.230275968992248,-4.388498752817891,-7.01400541142681,0.0,1.446,1.604,4.23
1529,536,dinaptho-pyrene or dibenzo-hexane,,ring / CH-ip (9-10.5 um),1004.5,997.7958,6.704,6.704,8.007102702702703,9.864831365585825,9.857688645961286,0.0,-1.303,-3.161,-3.154
1530,536,dinaptho-pyrene or dibenzo-hexane,,CH-oop (10.5-15 um; benzene nu11 at 673 included),808.3,806.7747,1.525,1.525,0.6984105090311986,0.7863681388891661,1.0374497941405854,0.0,0.827,0.739,0.488
1531,536,dinaptho-pyrene or dibenzo-hexane,,CH-oop (10.5-15 um; benzene nu11 at 673 included),964.4,935.414,28.986,28.986,28.1594105090312,28.302242072827532,22.463440943007896,0.0,0.827,0.684,6.523
1532,546,"dibenzo[hi,uv]hexacene or dinaptho-pyrene",,CH-oop (10.5-15 um; benzene nu11 at 673 included),715.8,714.498,1.302,1.302,0.3081578947368422,0.44861085395866795,-4.034822913338354,0.0,0.994,0.853,5.337
1533,546,"dibenzo[hi,uv]hexacene or dinaptho-pyrene",,CH-oop (10.5-15 um; benzene nu11 at 673 included),746.3,752.8717,-6.572,-6.572,-7.565842105263158,-7.318200236689646,-8.402307817061489,0.0,0.994,0.746,1.83
1534,546,"dibenzo[hi,uv]hexacene or dinaptho-pyrene",,CH-oop (10.5-15 um; benzene nu11 at 673 included),873.5,881.3924,-7.892,-7.892,-8.885842105263158,-8.842653212439185,-6.561568609125499,0.0,0.994,0.951,-1.33
1535,546,"dibenzo[hi,uv]hexacene or dinaptho-pyrene",,CH-oop (10.5-15 um; benzene nu11 at 673 included),919.1,897.9027,21.197,21.197,20.20315789473684,20.633153371969204,18.28788729168374,0.0,0.994,0.564,2.909
1536,546,"dibenzo[hi,uv]hexacene or dinaptho-pyrene",,CH-oop (10.5-15 um; benzene nu11 at 673 included),779.6,770.4096,9.19,9.19,8.196157894736842,8.415129380589384,11.538218449790095,0.0,0.994,0.775,-2.348
1537,546,"dibenzo[hi,uv]hexacene or dinaptho-pyrene",,CH-ip-bend (8.6 um),1210.6,1220.9165,-10.317,-10.317,-11.194602739726028,-10.8855592316986,-3.5756803137763855,0.0,0.878,0.569,-6.741
1538,546,"dibenzo[hi,uv]hexacene or dinaptho-pyrene",,CC-stretch/CH-ip (7.7 um),1513.6,1492.3121,21.288,21.288,19.899914992272024,20.86369631023754,27.80498544925545,0.0,1.388,0.424,-6.517
1539,546,"dibenzo[hi,uv]hexacene or dinaptho-pyrene",,CC-stretch/CH-ip (7.7 um),1440.1,1433.5921,6.508,6.508,5.119914992272024,5.538995763147359,8.446163076133214,0.0,1.388,0.969,-1.938
1540,546,"dibenzo[hi,uv]hexacene or dinaptho-pyrene",,CH-oop (10.5-15 um; benzene nu11 at 673 included),814.4,809.334,5.066,5.066,4.072157894736842,4.35454556496029,4.472525171325791,0.0,0.994,0.711,0.593
1541,546,"dibenzo[hi,uv]hexacene or dinaptho-pyrene",,CC-stretch/CH-ip (7.7 um),1297.7,1297.2232,0.477,0.477,-0.9110850077279754,-1.13349058528385,8.748235605812445,0.0,1.388,1.61,-8.271
1542,546,"dibenzo[hi,uv]hexacene or dinaptho-pyrene",,CH-oop (10.5-15 um; benzene nu11 at 673 included),835.1,847.1865,-12.087,-12.087,-13.080842105263157,-12.519579504653073,-16.945272793614446,0.0,0.994,0.433,4.858
1543,546,"dibenzo[hi,uv]hexacene or dinaptho-pyrene",,CC-stretch/CH-ip (7.7 um),1333.8,1339.3129,-5.513,-5.513,-6.901085007727975,-6.905905220238662,2.250644889022248,0.0,1.388,1.393,-7.764
1544,546,"dibenzo[hi,uv]hexacene or dinaptho-pyrene",,low / skeletal,618.4,622.6287,-4.229,-4.229,-4.072120689655173,-3.489035974607713,-0.3603753587770564,0.0,-0.157,-0.74,-3.869
1545,546,"dibenzo[hi,uv]hexacene or dinaptho-pyrene",,CC-stretch/CH-ip (7.7 um),1376.6,1377.2547,-0.655,-0.655,-2.043085007727975,-2.078227547646907,2.2900706559755566,0.0,1.388,1.423,-2.945
1546,546,"dibenzo[hi,uv]hexacene or dinaptho-pyrene",,CC-stretch/CH-ip (7.7 um),1315.2,1315.1849,0.015,0.015,-1.3730850077279755,-0.9644493202030712,4.060746981100622,0.0,1.388,0.979,-4.046
1547,546,"dibenzo[hi,uv]hexacene or dinaptho-pyrene",,CC-stretch/CH-ip (7.7 um),1369.3,1369.8934,-0.593,-0.593,-1.9810850077279754,-1.1758968592041021,2.4414162398575927,0.0,1.388,0.583,-3.034
1548,546,"dibenzo[hi,uv]hexacene or dinaptho-pyrene",,CC-stretch/CH-ip (7.7 um),1258.2,1262.0515,-3.851,-3.851,-5.239085007727976,-4.321371670344587,-3.984164918060542,0.0,1.388,0.47,0.133
1549,546,"dibenzo[hi,uv]hexacene or dinaptho-pyrene",,CH-ip-bend (8.6 um),1124.7,1112.4854,12.215,12.215,11.337397260273972,11.190346403959813,17.015155844353743,0.0,0.878,1.025,-4.8
1550,546,"dibenzo[hi,uv]hexacene or dinaptho-pyrene",,CH-oop (10.5-15 um; benzene nu11 at 673 included),734.5,759.4292,-24.929,-24.929,-25.922842105263157,-26.144120674234728,-18.284709009737597,0.0,0.994,1.215,-6.644
1551,546,"dibenzo[hi,uv]hexacene or dinaptho-pyrene",,ring / CH-ip (9-10.5 um),1083.3,1088.7352,-5.435,-5.435,-3.984059459459459,-10.672814804194207,-7.852727381884651,0.0,-1.451,5.238,2.418
1552,546,"dibenzo[hi,uv]hexacene or dinaptho-pyrene",,CH-oop (10.5-15 um; benzene nu11 at 673 included),739.1,765.0857,-25.986,-25.986,-26.97984210526316,-27.124395009820358,-24.857428517876507,0.0,0.994,1.138,-1.129
1553,546,"dibenzo[hi,uv]hexacene or dinaptho-pyrene",,ring / CH-ip (9-10.5 um),997.8,970.8254,26.975,26.975,28.42594054054054,30.318188818283186,25.90515109394427,0.0,-1.451,-3.343,1.07
1554,546,"dibenzo[hi,uv]hexacene or dinaptho-pyrene",,CH-stretch,3062.2,3068.5775,-6.378,-6.378,-4.514957264957265,-4.442458974970041,-1.2284629167740606,0.0,-1.863,-1.936,-5.15
1555,125,"3,4;5,6;7,8-tribenzoperopyrene",,CH-stretch,3064.4,3067.5212,-3.121,-3.121,-1.2217876106194692,-1.9801883907799334,0.7560419435536381,0.0,-1.899,-1.141,-3.877
1556,125,"3,4;5,6;7,8-tribenzoperopyrene",,CC-stretch/CH-ip (7.7 um),1436.5,1434.1327,2.367,2.367,0.9583229329173166,-0.18153597843799218,0.7937436537771458,0.0,1.409,2.549,1.573
1557,125,"3,4;5,6;7,8-tribenzoperopyrene",,CH-oop (10.5-15 um; benzene nu11 at 673 included),838.5,837.9787,0.521,0.521,-0.3690197368421052,-0.3272172572930867,0.908034992860304,0.0,0.89,0.848,-0.387
1558,125,"3,4;5,6;7,8-tribenzoperopyrene",,CH-stretch,3045.0,3049.372,-4.372,-4.372,-2.472787610619469,-3.6257459209775402,-0.5271009981965498,0.0,-1.899,-0.746,-3.845
1559,125,"3,4;5,6;7,8-tribenzoperopyrene",,CH-oop (10.5-15 um; benzene nu11 at 673 included),812.6,806.4092,6.191,6.191,5.300980263157895,4.390192708030126,4.3595937580267154,0.0,0.89,1.801,1.831
1560,125,"3,4;5,6;7,8-tribenzoperopyrene",,CH-stretch,3095.3,3099.0682,-3.768,-3.768,-1.868787610619469,-2.8817367256823143,-7.909690224260602,0.0,-1.899,-0.886,4.142
1561,125,"3,4;5,6;7,8-tribenzoperopyrene",,CC-stretch (6.2 um),1594.7,1598.5142,-3.814,-3.814,-3.9350680272108844,-4.832808294640823,-5.204866847895825,0.0,0.121,1.019,1.391
1562,125,"3,4;5,6;7,8-tribenzoperopyrene",,CH-stretch,3026.2,3054.0027,-27.803,-27.803,-25.90378761061947,-27.047733418006747,-24.33274985590889,0.0,-1.899,-0.755,-3.47
1563,125,"3,4;5,6;7,8-tribenzoperopyrene",,CC-stretch/CH-ip (7.7 um),1342.3,1334.936,7.364,7.364,5.9553229329173165,4.912923023944565,3.9617038034762206,0.0,1.409,2.451,3.402
1564,125,"3,4;5,6;7,8-tribenzoperopyrene",,CC-stretch/CH-ip (7.7 um),1350.1,1359.7159,-9.616,-9.616,-11.024677067082683,-12.316091310801156,-10.972862523159149,0.0,1.409,2.7,1.357
1565,125,"3,4;5,6;7,8-tribenzoperopyrene",,CH-ip-bend (8.6 um),1214.3,1209.2943,5.006,5.006,4.1757313019390585,3.3346481708776197,0.641090517773228,0.0,0.83,1.671,4.365
1566,125,"3,4;5,6;7,8-tribenzoperopyrene",,ring / CH-ip (9-10.5 um),1095.3,1091.5125,3.787,3.787,5.3533606557377045,-2.205799100169017,-4.8665479091719055,0.0,-1.566,5.993,8.654
1567,125,"3,4;5,6;7,8-tribenzoperopyrene",,CC-stretch (6.2 um),1630.3,1627.7507,2.549,2.549,2.4279319727891155,1.5404935249460825,1.9831442929506427,0.0,0.121,1.009,0.566
1568,125,"3,4;5,6;7,8-tribenzoperopyrene",,CH-oop (10.5-15 um; benzene nu11 at 673 included),733.2,718.0162,15.184,15.184,14.293980263157895,13.31571097312272,8.8472706621872,0.0,0.89,1.868,6.337
1569,125,"3,4;5,6;7,8-tribenzoperopyrene",,CC-stretch/CH-ip (7.7 um),1423.8,1429.2174,-5.417,-5.417,-6.825677067082683,-7.497132860532465,-10.119617782116173,0.0,1.409,2.08,4.703
1570,125,"3,4;5,6;7,8-tribenzoperopyrene",,CC-stretch (6.2 um),1525.3,1514.2542,11.046,11.046,10.924931972789116,9.846631853901583,5.829327283119079,0.0,0.121,1.199,5.217
1571,125,"3,4;5,6;7,8-tribenzoperopyrene",,CC-stretch (6.2 um),1602.5,1602.3067,0.193,0.193,0.07193197278911564,-0.88843196976429,1.2488862865718309,0.0,0.121,1.081,-1.056
1572,125,"3,4;5,6;7,8-tribenzoperopyrene",,CH-ip-bend (8.6 um),1234.8,1229.0032,5.797,5.797,4.966731301939058,4.05343460040416,-0.16758730211533202,0.0,0.83,1.744,5.965
1573,125,"3,4;5,6;7,8-tribenzoperopyrene",,CH-ip-bend (8.6 um),1166.8,1160.3648,6.435,6.435,5.604731301939058,4.420285857650466,0.38899152537527204,0.0,0.83,2.015,6.046
1574,125,"3,4;5,6;7,8-tribenzoperopyrene",,CH-oop (10.5-15 um; benzene nu11 at 673 included),760.6,758.5548,2.045,2.045,1.1549802631578947,0.3494257483086427,5.403071569511665,0.0,0.89,1.696,-3.358
1575,125,"3,4;5,6;7,8-tribenzoperopyrene",,CC-stretch/CH-ip (7.7 um),1319.6,1318.6087,0.991,0.991,-0.4176770670826834,-1.8032346540972033,-5.4490221422335265,0.0,1.409,2.794,6.44
1576,125,"3,4;5,6;7,8-tribenzoperopyrene",,low / skeletal,566.5,566.8064,-0.306,-0.306,-0.1447433628318584,-1.0507996373107606,-0.6894364492037496,0.0,-0.161,0.745,0.383
1577,125,"3,4;5,6;7,8-tribenzoperopyrene",,CC-stretch/CH-ip (7.7 um),1505.9,1495.2961,10.604,10.604,9.195322932917316,8.123385316813097,5.243991354461161,0.0,1.409,2.481,5.36
1578,125,"3,4;5,6;7,8-tribenzoperopyrene",,CH-ip-bend (8.6 um),1147.9,1150.1702,-2.27,-2.27,-3.1002686980609417,-4.092544929579406,-5.503365764119549,0.0,0.83,1.823,3.233
1579,125,"3,4;5,6;7,8-tribenzoperopyrene",,CC-stretch/CH-ip (7.7 um),1270.4,1262.7736,7.626,7.626,6.217322932917317,4.894934625644423,5.959236400612038,0.0,1.409,2.731,1.667
1580,125,"3,4;5,6;7,8-tribenzoperopyrene",,CC-stretch/CH-ip (7.7 um),1402.8,1416.183,-13.383,-13.383,-14.791677067082682,-15.717318149547564,-15.100109791192029,0.0,1.409,2.334,1.717
1581,125,"3,4;5,6;7,8-tribenzoperopyrene",,CH-oop (10.5-15 um; benzene nu11 at 673 included),832.4,828.9657,3.434,3.434,2.543980263157895,1.4637783117625252,4.105260725780804,0.0,0.89,1.97,-0.671
1582,125,"3,4;5,6;7,8-tribenzoperopyrene",,CC-stretch/CH-ip (7.7 um),1379.2,1386.2411,-7.041,-7.041,-8.449677067082684,-9.666305599069908,-11.29063478820451,0.0,1.409,2.625,4.25
1583,125,"3,4;5,6;7,8-tribenzoperopyrene",,CH-oop (10.5-15 um; benzene nu11 at 673 included),762.8,777.7723,-14.972,-14.972,-15.862019736842104,-16.8723737861221,-16.645695320938074,0.0,0.89,1.9,1.674
1584,125,"3,4;5,6;7,8-tribenzoperopyrene",,low / skeletal,596.3,594.5048,1.795,1.795,1.9562566371681416,1.1902947347727482,3.2676548430995798,0.0,-0.161,0.605,-1.473
1585,125,"3,4;5,6;7,8-tribenzoperopyrene",,low / skeletal,468.4,464.6965,3.703,3.703,3.8642566371681415,2.879617366880121,6.036586031517874,0.0,-0.161,0.823,-2.334
1586,125,"3,4;5,6;7,8-tribenzoperopyrene",,CC-stretch/CH-ip (7.7 um),1367.8,1370.692,-2.892,-2.892,-4.300677067082683,-5.490066081148452,-1.4447522865349651,0.0,1.409,2.598,-1.447
1587,125,"3,4;5,6;7,8-tribenzoperopyrene",,CH-ip-bend (8.6 um),1203.9,1205.5301,-1.63,-1.63,-2.4602686980609416,-3.4643309819176267,-5.608305892998741,0.0,0.83,1.834,3.978
1588,125,"3,4;5,6;7,8-tribenzoperopyrene",,CC-stretch/CH-ip (7.7 um),1259.9,1256.6477,3.252,3.252,1.8433229329173164,0.48258502518490287,4.086435875527159,0.0,1.409,2.769,-0.834
1589,125,"3,4;5,6;7,8-tribenzoperopyrene",,ring / CH-ip (9-10.5 um),960.4,954.6776,5.722,5.722,7.288360655737705,7.834015492881958,6.714968255646523,0.0,-1.566,-2.112,-0.993
1590,125,"3,4;5,6;7,8-tribenzoperopyrene",,CH-oop (10.5-15 um; benzene nu11 at 673 included),927.5,923.2475,4.253,4.253,3.362980263157895,2.5179871077572433,3.0606150618994628,0.0,0.89,1.735,1.192
1591,125,"3,4;5,6;7,8-tribenzoperopyrene",,CC-stretch/CH-ip (7.7 um),1308.1,1302.4022,5.698,5.698,4.289322932917317,3.12612814605536,4.676979786208639,0.0,1.409,2.572,1.021
1592,125,"3,4;5,6;7,8-tribenzoperopyrene",,CC-stretch/CH-ip (7.7 um),1462.1,1461.9113,0.189,0.189,-1.2196770670826833,-2.203261058317739,1.4396715747056834,0.0,1.409,2.392,-1.251
1593,125,"3,4;5,6;7,8-tribenzoperopyrene",,low / skeletal,502.4,501.4241,0.976,0.976,1.1372566371681416,0.09958817326678204,0.06892019129617244,0.0,-0.161,0.876,0.907
1594,125,"3,4;5,6;7,8-tribenzoperopyrene",,CH-oop (10.5-15 um; benzene nu11 at 673 included),894.5,881.121,13.379,13.379,12.488980263157895,11.714342469580172,14.104518971182252,0.0,0.89,1.665,-0.726
1595,125,"3,4;5,6;7,8-tribenzoperopyrene",,CC-stretch/CH-ip (7.7 um),1314.2,1301.1373,13.063,13.063,11.654322932917317,10.537740875503456,8.568560498326573,0.0,1.409,2.525,4.494
1596,125,"3,4;5,6;7,8-tribenzoperopyrene",,CC-stretch (6.2 um),1654.3,1626.3703,27.93,27.93,27.808931972789114,26.713878492648448,33.7177037179238,0.0,0.121,1.216,-5.788
1597,125,"3,4;5,6;7,8-tribenzoperopyrene",,low / skeletal,489.8,492.4459,-2.646,-2.646,-2.4847433628318583,-3.563897537903742,-4.469908455621418,0.0,-0.161,0.918,1.824
1598,125,"3,4;5,6;7,8-tribenzoperopyrene",,CH-stretch,3138.1,3108.7792,29.321,29.321,31.22021238938053,30.613388368302413,28.907278606855172,0.0,-1.899,-1.292,0.414
1599,125,"3,4;5,6;7,8-tribenzoperopyrene",,low / skeletal,525.1,523.2158,1.884,1.884,2.0452566371681415,0.9744751090123785,0.36965687986519624,0.0,-0.161,0.91,1.514
1600,125,"3,4;5,6;7,8-tribenzoperopyrene",,CH-ip-bend (8.6 um),1114.1,1104.9419,9.158,9.158,8.327731301939057,7.115806180253665,9.706009221756446,0.0,0.83,2.042,-0.548
1601,125,"3,4;5,6;7,8-tribenzoperopyrene",,ring / CH-ip (9-10.5 um),1111.4,1087.5645,23.836,23.836,25.402360655737702,17.599935194911634,16.949629457324896,0.0,-1.566,6.236,6.886
1602,125,"3,4;5,6;7,8-tribenzoperopyrene",,ring / CH-ip (9-10.5 um),1084.3,1077.8847,6.415,6.415,7.981360655737705,0.16695119078832832,0.8139876568038202,0.0,-1.566,6.248,5.601
1603,125,"3,4;5,6;7,8-tribenzoperopyrene",,CH-oop (10.5-15 um; benzene nu11 at 673 included),937.0,944.622,-7.622,-7.622,-8.512019736842106,-9.469405219099475,-5.140882793127583,0.0,0.89,1.847,-2.481
1604,125,"3,4;5,6;7,8-tribenzoperopyrene",,low / skeletal,558.2,567.7872,-9.587,-9.587,-9.425743362831858,-10.322675756700152,-8.995567466987453,0.0,-0.161,0.736,-0.591
1605,125,"3,4;5,6;7,8-tribenzoperopyrene",,CC-stretch (6.2 um),1556.8,1559.1462,-2.346,-2.346,-2.4670680272108845,-3.6813574495408723,-9.589968289216845,0.0,0.121,1.335,7.244
1606,543,"dibenzo[hi,wx]heptacene or naptho-anthraceno-pyrene",,CC-stretch/CH-ip (7.7 um),1348.2,1348.4166,-0.217,-0.217,-1.563922239502333,-0.17365730840093493,1.8042559912086769,0.0,1.347,-0.043,-2.021
1607,543,"dibenzo[hi,wx]heptacene or naptho-anthraceno-pyrene",,CC-stretch (6.2 um),1586.7,1586.1297,0.57,0.57,0.3347373737373737,0.179137055787207,0.35034651228093977,0.0,0.235,0.391,0.22
1608,543,"dibenzo[hi,wx]heptacene or naptho-anthraceno-pyrene",,CH-stretch,3073.7,3072.4559,1.244,1.244,3.207612068965517,3.2066795203527967,-5.082613105206665,0.0,-1.964,-1.963,6.327
1609,543,"dibenzo[hi,wx]heptacene or naptho-anthraceno-pyrene",,CC-stretch/CH-ip (7.7 um),1409.2,1398.3752,10.825,10.825,9.478077760497666,10.427295670706659,9.514641765576524,0.0,1.347,0.398,1.31
1610,543,"dibenzo[hi,wx]heptacene or naptho-anthraceno-pyrene",,CC-stretch (6.2 um),1543.5,1539.7744,3.726,3.726,3.4907373737373737,3.601001258950218,4.817970883112955,0.0,0.235,0.125,-1.092
1611,543,"dibenzo[hi,wx]heptacene or naptho-anthraceno-pyrene",,CC-stretch/CH-ip (7.7 um),1456.1,1454.0661,2.034,2.034,0.687077760497667,1.6544704763003104,2.216122417328934,0.0,1.347,0.38,-0.182
1612,543,"dibenzo[hi,wx]heptacene or naptho-anthraceno-pyrene",,CC-stretch/CH-ip (7.7 um),1326.4,1326.0007,0.399,0.399,-0.9479222395023328,0.5903894974953521,2.992162855431129,0.0,1.347,-0.191,-2.593
1613,543,"dibenzo[hi,wx]heptacene or naptho-anthraceno-pyrene",,CC-stretch/CH-ip (7.7 um),1257.8,1256.6678,1.132,1.132,-0.2149222395023329,-0.5666066259318194,8.445925376041174,0.0,1.347,1.699,-7.314
1614,543,"dibenzo[hi,wx]heptacene or naptho-anthraceno-pyrene",,CC-stretch/CH-ip (7.7 um),1429.7,1428.1679,1.532,1.532,0.18507776049766722,0.6185864505602254,2.191262081745233,0.0,1.347,0.913,-0.659
1615,543,"dibenzo[hi,wx]heptacene or naptho-anthraceno-pyrene",,CH-oop (10.5-15 um; benzene nu11 at 673 included),715.7,714.5248,1.175,1.175,0.27041311475409835,0.7213493068002845,-1.146480957174879,0.0,0.905,0.454,2.321
1616,543,"dibenzo[hi,wx]heptacene or naptho-anthraceno-pyrene",,CC-stretch/CH-ip (7.7 um),1274.1,1269.0659,5.034,5.034,3.687077760497667,3.9290283150431504,12.726966915421407,0.0,1.347,1.105,-7.693
1617,543,"dibenzo[hi,wx]heptacene or naptho-anthraceno-pyrene",,CH-ip-bend (8.6 um),1169.5,1168.634,0.866,0.866,-0.015261707988980633,0.9319302259000655,-0.5524650498195646,0.0,0.881,-0.066,1.418
1618,543,"dibenzo[hi,wx]heptacene or naptho-anthraceno-pyrene",,CC-stretch/CH-ip (7.7 um),1247.0,1250.2817,-3.282,-3.282,-4.628922239502333,-4.932746128991561,0.7551779713809541,0.0,1.347,1.651,-4.037
1619,543,"dibenzo[hi,wx]heptacene or naptho-anthraceno-pyrene",,CC-stretch/CH-ip (7.7 um),1396.7,1393.0101,3.69,3.69,2.343077760497667,2.7676613934697105,5.172463408612599,0.0,1.347,0.922,-1.482
1620,543,"dibenzo[hi,wx]heptacene or naptho-anthraceno-pyrene",,low / skeletal,623.2,627.3617,-4.162,-4.162,-3.969275109170306,-3.518890394837463,4.184998968740643,0.0,-0.193,-0.643,-8.347
1621,543,"dibenzo[hi,wx]heptacene or naptho-anthraceno-pyrene",,CH-stretch,3027.9,3025.7188,2.181,2.181,4.144612068965517,4.387866070613568,5.544841027946213,0.0,-1.964,-2.207,-3.364
1622,543,"dibenzo[hi,wx]heptacene or naptho-anthraceno-pyrene",,low / skeletal,586.4,576.4241,9.976,9.976,10.168724890829695,11.007238525204912,12.081292900796408,0.0,-0.193,-1.031,-2.105
1623,543,"dibenzo[hi,wx]heptacene or naptho-anthraceno-pyrene",,CC-stretch/CH-ip (7.7 um),1449.1,1452.3208,-3.221,-3.221,-4.567922239502333,-3.833925008965294,-4.489657171620845,0.0,1.347,0.613,1.269
1624,543,"dibenzo[hi,wx]heptacene or naptho-anthraceno-pyrene",,CC-stretch/CH-ip (7.7 um),1389.5,1385.1539,4.346,4.346,2.9990777604976673,3.7338902281550927,-0.02641437610943509,0.0,1.347,0.612,4.372
1625,543,"dibenzo[hi,wx]heptacene or naptho-anthraceno-pyrene",,CH-ip-bend (8.6 um),1142.5,1139.4079,3.092,3.092,2.2107382920110195,3.544754143938072,2.6871764532907694,0.0,0.881,-0.453,0.405
1626,543,"dibenzo[hi,wx]heptacene or naptho-anthraceno-pyrene",,CH-oop (10.5-15 um; benzene nu11 at 673 included),816.2,814.3156,1.884,1.884,0.9794131147540982,1.9336690710012017,1.9772561723190505,0.0,0.905,-0.05,-0.093
1627,543,"dibenzo[hi,wx]heptacene or naptho-anthraceno-pyrene",,CH-ip-bend (8.6 um),1207.5,1207.5462,-0.046,-0.046,-0.9272617079889807,-0.08264680527492453,0.18107989163693528,0.0,0.881,0.037,-0.227
1628,543,"dibenzo[hi,wx]heptacene or naptho-anthraceno-pyrene",,CC-stretch/CH-ip (7.7 um),1393.2,1365.7763,27.424,27.424,26.077077760497666,27.306261602659315,27.648891546219904,0.0,1.347,0.118,-0.225
1629,543,"dibenzo[hi,wx]heptacene or naptho-anthraceno-pyrene",,CH-oop (10.5-15 um; benzene nu11 at 673 included),823.0,820.8182,2.182,2.182,1.2774131147540984,2.0440109573647867,1.5395328119488028,0.0,0.905,0.138,0.642
1630,543,"dibenzo[hi,wx]heptacene or naptho-anthraceno-pyrene",,CH-ip-bend (8.6 um),1108.8,1110.3873,-1.587,-1.587,-2.4682617079889804,-1.946903441577372,4.148099521126639,0.0,0.881,0.36,-5.735
1631,543,"dibenzo[hi,wx]heptacene or naptho-anthraceno-pyrene",,ring / CH-ip (9-10.5 um),991.5,984.2053,7.295,7.295,8.657654054054055,11.351390848663709,6.555688736292893,0.0,-1.363,-4.056,0.739
1632,543,"dibenzo[hi,wx]heptacene or naptho-anthraceno-pyrene",,low / skeletal,615.2,615.7624,-0.562,-0.562,-0.3692751091703057,0.7290474396824609,3.58403143110227,0.0,-0.193,-1.291,-4.146
1633,543,"dibenzo[hi,wx]heptacene or naptho-anthraceno-pyrene",,CH-oop (10.5-15 um; benzene nu11 at 673 included),738.3,735.2439,3.056,3.056,2.1514131147540985,2.418045868636931,4.431399649362843,0.0,0.905,0.638,-1.375
1634,543,"dibenzo[hi,wx]heptacene or naptho-anthraceno-pyrene",,low / skeletal,645.8,647.5431,-1.743,-1.743,-1.5502751091703058,-1.3224552686563118,9.768409339416655,0.0,-0.193,-0.421,-11.511
1635,543,"dibenzo[hi,wx]heptacene or naptho-anthraceno-pyrene",,CH-oop (10.5-15 um; benzene nu11 at 673 included),786.2,783.5534,2.647,2.647,1.7424131147540982,1.6485607040249814,12.330908362009767,0.0,0.905,0.998,-9.684
1636,543,"dibenzo[hi,wx]heptacene or naptho-anthraceno-pyrene",,CH-oop (10.5-15 um; benzene nu11 at 673 included),693.1,701.3246,-8.225,-8.225,-9.129586885245901,-9.244262096213818,-12.907253260386739,0.0,0.905,1.019,4.682
1637,543,"dibenzo[hi,wx]heptacene or naptho-anthraceno-pyrene",,CH-oop (10.5-15 um; benzene nu11 at 673 included),732.6,723.572,9.028,9.028,8.123413114754099,7.933186683883408,21.63514003369982,0.0,0.905,1.095,-12.607
1638,543,"dibenzo[hi,wx]heptacene or naptho-anthraceno-pyrene",,ring / CH-ip (9-10.5 um),1095.6,1097.6883,-2.088,-2.088,-0.7253459459459459,-7.71301596486357,0.1304492954749561,0.0,-1.363,5.625,-2.218
1639,543,"dibenzo[hi,wx]heptacene or naptho-anthraceno-pyrene",,CC-stretch (6.2 um),1571.6,1574.6165,-3.017,-3.017,-3.252262626262626,-2.893308792843324,-4.5071179679325875,0.0,0.235,-0.124,1.49
1640,154,"3,4;5,6;10,11;12,13-tetrabenzoperopyrene",,CH-oop (10.5-15 um; benzene nu11 at 673 included),799.4,797.4278,1.972,1.972,0.9152218543046358,1.299214374839095,0.836887679823825,0.0,1.057,0.673,1.135
1641,154,"3,4;5,6;10,11;12,13-tetrabenzoperopyrene",,CC-stretch/CH-ip (7.7 um),1461.8,1473.4852,-11.685,-11.685,-13.048704510108866,-13.031317622308,-11.387867037503854,0.0,1.364,1.346,-0.297
1642,154,"3,4;5,6;10,11;12,13-tetrabenzoperopyrene",,CH-stretch,3053.8,3054.2115,-0.411,-0.411,1.6123274336283187,1.4441164684951464,3.3436923310383118,0.0,-2.023,-1.855,-3.755
1643,154,"3,4;5,6;10,11;12,13-tetrabenzoperopyrene",,CH-stretch,3038.1,3047.8429,-9.743,-9.743,-7.719672566371681,-7.7825659223395585,-4.04751841177692,0.0,-2.023,-1.96,-5.695
1644,154,"3,4;5,6;10,11;12,13-tetrabenzoperopyrene",,CH-oop (10.5-15 um; benzene nu11 at 673 included),880.8,880.6146,0.185,0.185,-0.8717781456953642,-0.39452236862577733,-0.033221009710951654,0.0,1.057,0.58,0.218
1645,154,"3,4;5,6;10,11;12,13-tetrabenzoperopyrene",,CH-stretch,3067.1,3067.6366,-0.537,-0.537,1.4863274336283188,2.0773086630875124,-1.961714248582933,0.0,-2.023,-2.614,1.425
1646,154,"3,4;5,6;10,11;12,13-tetrabenzoperopyrene",,CH-oop (10.5-15 um; benzene nu11 at 673 included),730.9,743.8729,-12.973,-12.973,-14.029778145695365,-13.994205818167186,-10.53216774663319,0.0,1.057,1.021,-2.441
1647,154,"3,4;5,6;10,11;12,13-tetrabenzoperopyrene",,low / skeletal,578.0,579.6942,-1.694,-1.694,-1.4903421052631578,-1.4262350611959063,0.2696314464046321,0.0,-0.204,-0.268,-1.964
1648,154,"3,4;5,6;10,11;12,13-tetrabenzoperopyrene",,CH-stretch,3091.0,3086.0574,4.943,4.943,6.966327433628319,6.847612072825299,5.056533869611589,0.0,-2.023,-1.905,-0.114
1649,154,"3,4;5,6;10,11;12,13-tetrabenzoperopyrene",,CH-stretch,3080.1,3070.0699,10.03,10.03,12.053327433628318,13.23008822114978,8.696145319744325,0.0,-2.023,-3.2,1.334
1650,154,"3,4;5,6;10,11;12,13-tetrabenzoperopyrene",,CH-oop (10.5-15 um; benzene nu11 at 673 included),757.7,762.138,-4.438,-4.438,-5.4947781456953635,-5.618991805458399,-4.723778780562578,0.0,1.057,1.181,0.286
1651,154,"3,4;5,6;10,11;12,13-tetrabenzoperopyrene",,CC-stretch/CH-ip (7.7 um),1442.5,1442.7739,-0.274,-0.274,-1.6377045101088648,-1.698819762221869,-1.506264511829816,0.0,1.364,1.425,1.232
1652,154,"3,4;5,6;10,11;12,13-tetrabenzoperopyrene",,CC-stretch (6.2 um),1589.6,1584.9619,4.638,4.638,4.424289115646259,4.3682416489480875,4.897860598560305,0.0,0.214,0.27,-0.26
1653,154,"3,4;5,6;10,11;12,13-tetrabenzoperopyrene",,CH-oop (10.5-15 um; benzene nu11 at 673 included),818.5,819.876,-1.376,-1.376,-2.432778145695364,-2.259019700156363,-2.3567609925734274,0.0,1.057,0.883,0.981
1654,154,"3,4;5,6;10,11;12,13-tetrabenzoperopyrene",,CC-stretch/CH-ip (7.7 um),1320.0,1311.2158,8.784,8.784,7.420295489891136,7.324437100010272,4.241191271553385,0.0,1.364,1.46,4.543
1655,154,"3,4;5,6;10,11;12,13-tetrabenzoperopyrene",,CH-ip-bend (8.6 um),1096.9,1107.3001,-10.4,-10.4,-11.350044444444444,-11.540343608277036,-15.72687643334153,0.0,0.95,1.14,5.327
1656,154,"3,4;5,6;10,11;12,13-tetrabenzoperopyrene",,CC-stretch (6.2 um),1610.7,1603.3065,7.394,7.394,7.180289115646259,7.212863042315544,3.2506266666021917,0.0,0.214,0.181,4.143
1657,154,"3,4;5,6;10,11;12,13-tetrabenzoperopyrene",,CH-oop (10.5-15 um; benzene nu11 at 673 included),811.7,821.0439,-9.344,-9.344,-10.400778145695364,-10.587731209168405,-5.163244331862512,0.0,1.057,1.244,-4.181
1658,154,"3,4;5,6;10,11;12,13-tetrabenzoperopyrene",,CC-stretch (6.2 um),1593.1,1597.0327,-3.933,-3.933,-4.146710884353741,-4.310358310536509,-3.7320102715505317,0.0,0.214,0.377,-0.201
1659,154,"3,4;5,6;10,11;12,13-tetrabenzoperopyrene",,CH-ip-bend (8.6 um),1210.8,1203.8164,6.984,6.984,6.033955555555556,6.097993373692118,3.3379221928212583,0.0,0.95,0.886,3.646
1660,154,"3,4;5,6;10,11;12,13-tetrabenzoperopyrene",,CH-ip-bend (8.6 um),1168.0,1173.8798,-5.88,-5.88,-6.830044444444444,-6.849642701774945,-7.570324363461866,0.0,0.95,0.97,1.69
1661,154,"3,4;5,6;10,11;12,13-tetrabenzoperopyrene",,CH-oop (10.5-15 um; benzene nu11 at 673 included),893.8,912.8641,-19.064,-19.064,-20.120778145695365,-20.120332769298766,-16.868260098998817,0.0,1.057,1.056,-2.196
1662,154,"3,4;5,6;10,11;12,13-tetrabenzoperopyrene",,CC-stretch/CH-ip (7.7 um),1438.7,1428.5521,10.148,10.148,8.784295489891136,8.83355811229416,10.928091315930532,0.0,1.364,1.314,-0.78
1663,154,"3,4;5,6;10,11;12,13-tetrabenzoperopyrene",,low / skeletal,539.7,540.7757,-1.076,-1.076,-0.8723421052631579,-0.8507273089969332,-0.12883371984840153,0.0,-0.204,-0.225,-0.947
1664,154,"3,4;5,6;10,11;12,13-tetrabenzoperopyrene",,CH-oop (10.5-15 um; benzene nu11 at 673 included),795.2,785.5498,9.65,9.65,8.593221854304636,8.473660575917194,9.7895542279036,0.0,1.057,1.176,-0.14
1665,154,"3,4;5,6;10,11;12,13-tetrabenzoperopyrene",,CC-stretch (6.2 um),1569.7,1550.258,19.442,19.442,19.22828911564626,19.026639228812375,16.466566675695155,0.0,0.214,0.415,2.975
1666,154,"3,4;5,6;10,11;12,13-tetrabenzoperopyrene",,CC-stretch/CH-ip (7.7 um),1292.1,1279.3151,12.785,12.785,11.421295489891136,11.185157304016219,4.909389948402198,0.0,1.364,1.6,7.876
1667,154,"3,4;5,6;10,11;12,13-tetrabenzoperopyrene",,CC-stretch/CH-ip (7.7 um),1421.7,1419.5129,2.187,2.187,0.8232954898911351,0.5539102768498849,0.2356104117856701,0.0,1.364,1.633,1.951
1668,154,"3,4;5,6;10,11;12,13-tetrabenzoperopyrene",,CH-oop (10.5-15 um; benzene nu11 at 673 included),845.2,873.197,-27.997,-27.997,-29.053778145695365,-28.677126723297217,-27.178135552968286,0.0,1.057,0.68,-0.819
1669,154,"3,4;5,6;10,11;12,13-tetrabenzoperopyrene",,CH-ip-bend (8.6 um),1126.4,1142.4039,-16.004,-16.004,-16.954044444444445,-17.106291409229435,-20.999257702496305,0.0,0.95,1.102,4.995
1670,154,"3,4;5,6;10,11;12,13-tetrabenzoperopyrene",,low / skeletal,584.7,579.9363,4.764,4.764,4.967657894736842,5.09073995027693,6.7413488851632195,0.0,-0.204,-0.327,-1.977
1671,154,"3,4;5,6;10,11;12,13-tetrabenzoperopyrene",,CC-stretch/CH-ip (7.7 um),1479.9,1485.6895,-5.789,-5.789,-7.152704510108864,-7.296226651146554,-10.309539514446087,0.0,1.364,1.507,4.521
1672,154,"3,4;5,6;10,11;12,13-tetrabenzoperopyrene",,CH-ip-bend (8.6 um),1143.9,1153.1212,-9.221,-9.221,-10.171044444444444,-10.333544370671289,-13.632427799336288,0.0,0.95,1.113,4.411
1673,154,"3,4;5,6;10,11;12,13-tetrabenzoperopyrene",,CH-oop (10.5-15 um; benzene nu11 at 673 included),677.9,704.6528,-26.753,-26.753,-27.809778145695365,-27.981996461007924,-31.22132896832396,0.0,1.057,1.229,4.468
1674,154,"3,4;5,6;10,11;12,13-tetrabenzoperopyrene",,ring / CH-ip (9-10.5 um),1100.1,1082.1335,17.966,17.966,19.421244565217393,12.72672818996227,8.206412153668671,0.0,-1.455,5.239,9.76
1675,154,"3,4;5,6;10,11;12,13-tetrabenzoperopyrene",,CC-stretch/CH-ip (7.7 um),1414.1,1397.4163,16.684,16.684,15.320295489891137,15.063271789962144,23.118395357189073,0.0,1.364,1.621,-6.434
1676,154,"3,4;5,6;10,11;12,13-tetrabenzoperopyrene",,low / skeletal,533.5,532.7686,0.731,0.731,0.9346578947368421,0.9114142428541668,1.9270033310499999,0.0,-0.204,-0.18,-1.196
1677,154,"3,4;5,6;10,11;12,13-tetrabenzoperopyrene",,ring / CH-ip (9-10.5 um),1003.4,1006.0728,-2.673,-2.673,-1.2177554347826087,0.590161856378133,-0.5577237296234951,0.0,-1.455,-3.263,-2.115
1678,154,"3,4;5,6;10,11;12,13-tetrabenzoperopyrene",,CC-stretch/CH-ip (7.7 um),1368.9,1376.7129,-7.813,-7.813,-9.176704510108864,-9.423986785870081,-2.1570593025405778,0.0,1.364,1.611,-5.656
1679,154,"3,4;5,6;10,11;12,13-tetrabenzoperopyrene",,CH-oop (10.5-15 um; benzene nu11 at 673 included),748.6,746.3405,2.26,2.26,1.2032218543046356,1.0039947381234748,2.4423053579013536,0.0,1.057,1.256,-0.182
1680,154,"3,4;5,6;10,11;12,13-tetrabenzoperopyrene",,CH-oop (10.5-15 um; benzene nu11 at 673 included),921.4,930.1072,-8.707,-8.707,-9.763778145695365,-9.732627491106951,-7.975672849722649,0.0,1.057,1.026,-0.731
1681,154,"3,4;5,6;10,11;12,13-tetrabenzoperopyrene",,CC-stretch (6.2 um),1536.1,1526.3108,9.789,9.789,9.575289115646259,9.34252335644889,2.2465659700230383,0.0,0.214,0.446,7.542
1682,154,"3,4;5,6;10,11;12,13-tetrabenzoperopyrene",,CC-stretch/CH-ip (7.7 um),1375.3,1354.5403,20.76,20.76,19.396295489891138,19.08996971603571,23.89824564041324,0.0,1.364,1.67,-3.138
1683,154,"3,4;5,6;10,11;12,13-tetrabenzoperopyrene",,ring / CH-ip (9-10.5 um),962.3,956.7116,5.588,5.588,7.043244565217392,8.738129364976668,7.54649276906399,0.0,-1.455,-3.15,-1.958
1684,154,"3,4;5,6;10,11;12,13-tetrabenzoperopyrene",,CC-stretch (6.2 um),1603.0,1632.0092,-29.009,-29.009,-29.22271088435374,-29.197535904380807,-33.31315419061462,0.0,0.214,0.189,4.304
1685,154,"3,4;5,6;10,11;12,13-tetrabenzoperopyrene",,CH-oop (10.5-15 um; benzene nu11 at 673 included),773.9,752.0638,21.836,21.836,20.779221854304634,20.48202817455318,18.515361050968245,0.0,1.057,1.354,3.321
1686,154,"3,4;5,6;10,11;12,13-tetrabenzoperopyrene",,CH-ip-bend (8.6 um),1230.9,1225.0442,5.856,5.856,4.905955555555556,4.854014765404782,3.847358383200926,0.0,0.95,1.002,2.009
1687,154,"3,4;5,6;10,11;12,13-tetrabenzoperopyrene",,low / skeletal,647.0,643.9162,3.084,3.084,3.2876578947368422,3.319682958139674,-4.425730013793212,0.0,-0.204,-0.236,7.51
1688,154,"3,4;5,6;10,11;12,13-tetrabenzoperopyrene",,CC-stretch/CH-ip (7.7 um),1342.5,1336.3494,6.151,6.151,4.787295489891135,4.520059180206044,5.925069061725426,0.0,1.364,1.631,0.226
1689,154,"3,4;5,6;10,11;12,13-tetrabenzoperopyrene",,CC-stretch/CH-ip (7.7 um),1242.9,1255.9327,-13.033,-13.033,-14.396704510108865,-14.826166894000329,-9.371047811921503,0.0,1.364,1.793,-3.662
1690,154,"3,4;5,6;10,11;12,13-tetrabenzoperopyrene",,CH-ip-bend (8.6 um),1189.6,1180.7276,8.872,8.872,7.921955555555556,7.831882687319843,10.58355290766799,0.0,0.95,1.04,-1.712
1691,128,"3,4;5,6;7,8;12,13-tetrabenzoperopyrene",,CH-stretch,3056.4,3054.1925,2.207,2.207,4.143418803418803,4.0157375792991905,6.217649217545124,0.0,-1.936,-1.809,-4.011
1692,128,"3,4;5,6;7,8;12,13-tetrabenzoperopyrene",,CH-oop (10.5-15 um; benzene nu11 at 673 included),733.0,744.4581,-11.458,-11.458,-12.40448178807947,-12.564884739588507,-9.96381643011941,0.0,0.946,1.107,-1.494
1693,128,"3,4;5,6;7,8;12,13-tetrabenzoperopyrene",,CH-oop (10.5-15 um; benzene nu11 at 673 included),817.3,823.7967,-6.497,-6.497,-7.44348178807947,-7.000701136729844,-3.398333886597201,0.0,0.946,0.504,-3.099
1694,128,"3,4;5,6;7,8;12,13-tetrabenzoperopyrene",,CH-oop (10.5-15 um; benzene nu11 at 673 included),886.7,889.3944,-2.694,-2.694,-3.64048178807947,-2.9133787201617523,-3.663198707731058,0.0,0.946,0.219,0.969
1695,128,"3,4;5,6;7,8;12,13-tetrabenzoperopyrene",,CC-stretch/CH-ip (7.7 um),1423.6,1427.9061,-4.306,-4.306,-5.737159624413145,-5.742837002318878,-5.736990092388491,0.0,1.431,1.437,1.431
1696,128,"3,4;5,6;7,8;12,13-tetrabenzoperopyrene",,CH-oop (10.5-15 um; benzene nu11 at 673 included),796.9,800.5099,-3.61,-3.61,-4.55648178807947,-4.03087120788148,-3.340508321855481,0.0,0.946,0.421,-0.269
1697,128,"3,4;5,6;7,8;12,13-tetrabenzoperopyrene",,CH-oop (10.5-15 um; benzene nu11 at 673 included),810.2,807.6489,2.551,2.551,1.6045182119205301,1.5456913657192581,3.224352841284816,0.0,0.946,1.005,-0.673
1698,128,"3,4;5,6;7,8;12,13-tetrabenzoperopyrene",,CH-oop (10.5-15 um; benzene nu11 at 673 included),896.4,912.4688,-16.069,-16.069,-17.01548178807947,-16.985784454249046,-14.725732393726892,0.0,0.946,0.917,-1.343
1699,128,"3,4;5,6;7,8;12,13-tetrabenzoperopyrene",,CC-stretch/CH-ip (7.7 um),1328.8,1334.0927,-5.293,-5.293,-6.724159624413145,-6.865984451835626,-7.553313835024763,0.0,1.431,1.573,2.26
1700,128,"3,4;5,6;7,8;12,13-tetrabenzoperopyrene",,low / skeletal,566.2,570.4893,-4.289,-4.289,-4.106157205240175,-3.849487508642881,-2.938134870400914,0.0,-0.183,-0.44,-1.351
1701,128,"3,4;5,6;7,8;12,13-tetrabenzoperopyrene",,CH-oop (10.5-15 um; benzene nu11 at 673 included),761.2,759.3147,1.885,1.885,0.9385182119205299,0.7562648181078979,3.4178565732290154,0.0,0.946,1.129,-1.533
1702,128,"3,4;5,6;7,8;12,13-tetrabenzoperopyrene",,CH-ip-bend (8.6 um),1213.8,1206.8946,6.905,6.905,6.086941504178274,6.1442972934184334,3.7121285998908817,0.0,0.818,0.761,3.193
1703,128,"3,4;5,6;7,8;12,13-tetrabenzoperopyrene",,ring / CH-ip (9-10.5 um),1028.9,1029.3925,-0.492,-0.492,1.0200382513661201,2.9122817697376826,2.5608503408136154,0.0,-1.512,-3.404,-3.053
1704,128,"3,4;5,6;7,8;12,13-tetrabenzoperopyrene",,CC-stretch/CH-ip (7.7 um),1320.9,1320.9238,-0.024,-0.024,-1.4551596244131455,-1.5237140476396318,-1.8994354749349918,0.0,1.431,1.5,1.875
1705,128,"3,4;5,6;7,8;12,13-tetrabenzoperopyrene",,CC-stretch/CH-ip (7.7 um),1401.1,1407.0164,-5.916,-5.916,-7.347159624413146,-7.393696420450466,-4.673705426064951,0.0,1.431,1.478,-1.242
1706,128,"3,4;5,6;7,8;12,13-tetrabenzoperopyrene",,CC-stretch/CH-ip (7.7 um),1440.3,1456.7667,-16.467,-16.467,-17.898159624413143,-17.872492241437065,-17.884257776711646,0.0,1.431,1.405,1.417
1707,128,"3,4;5,6;7,8;12,13-tetrabenzoperopyrene",,CC-stretch (6.2 um),1603.9,1600.1362,3.764,3.764,3.5663817567567566,3.6232511800321263,6.2263305885345,0.0,0.198,0.141,-2.462
1708,128,"3,4;5,6;7,8;12,13-tetrabenzoperopyrene",,CH-ip-bend (8.6 um),1185.7,1181.7342,3.966,3.966,3.1479415041782732,3.2508952200539567,4.097784509339929,0.0,0.818,0.715,-0.132
1709,128,"3,4;5,6;7,8;12,13-tetrabenzoperopyrene",,CH-oop (10.5-15 um; benzene nu11 at 673 included),847.4,840.1467,7.253,7.253,6.30651821192053,6.246248446713361,7.706655699566726,0.0,0.946,1.007,-0.454
1710,128,"3,4;5,6;7,8;12,13-tetrabenzoperopyrene",,CC-stretch (6.2 um),1589.4,1593.7428,-4.343,-4.343,-4.540618243243244,-4.6849622435291405,-3.8373729444371576,0.0,0.198,0.342,-0.506
1711,128,"3,4;5,6;7,8;12,13-tetrabenzoperopyrene",,low / skeletal,562.2,561.6206,0.579,0.579,0.7618427947598253,0.9017103555396417,0.055289242262580585,0.0,-0.183,-0.323,0.524
1712,128,"3,4;5,6;7,8;12,13-tetrabenzoperopyrene",,ring / CH-ip (9-10.5 um),1092.1,1093.8901,-1.79,-1.79,-0.2779617486338799,-7.015146810307417,-13.619945484956027,0.0,-1.512,5.225,11.83
1713,128,"3,4;5,6;7,8;12,13-tetrabenzoperopyrene",,CH-ip-bend (8.6 um),1165.2,1166.4404,-1.24,-1.24,-2.0580584958217267,-2.041730912018112,-3.165457520918932,0.0,0.818,0.802,1.925
1714,128,"3,4;5,6;7,8;12,13-tetrabenzoperopyrene",,CC-stretch (6.2 um),1534.7,1520.9771,13.723,13.723,13.525381756756758,13.390579185574364,6.413824469174165,0.0,0.198,0.332,7.309
1715,128,"3,4;5,6;7,8;12,13-tetrabenzoperopyrene",,CH-oop (10.5-15 um; benzene nu11 at 673 included),773.0,759.2093,13.791,13.791,12.84451821192053,12.643746688172886,8.432960211822424,0.0,0.946,1.147,5.358
1716,128,"3,4;5,6;7,8;12,13-tetrabenzoperopyrene",,CC-stretch/CH-ip (7.7 um),1508.4,1486.8116,21.588,21.588,20.156840375586857,20.121367649729134,21.061264701360834,0.0,1.431,1.467,0.527
1717,128,"3,4;5,6;7,8;12,13-tetrabenzoperopyrene",,CH-ip-bend (8.6 um),1225.5,1226.8705,-1.37,-1.37,-2.188058495821727,-2.2267840612864105,-1.13852468669387,0.0,0.818,0.857,-0.231
1718,128,"3,4;5,6;7,8;12,13-tetrabenzoperopyrene",,CC-stretch/CH-ip (7.7 um),1493.3,1480.4798,12.82,12.82,11.388840375586854,11.25874341114805,9.419871372266659,0.0,1.431,1.561,3.4
1719,128,"3,4;5,6;7,8;12,13-tetrabenzoperopyrene",,CH-ip-bend (8.6 um),1149.3,1149.6813,-0.381,-0.381,-1.199058495821727,-1.291148777111111,-0.7297579190548535,0.0,0.818,0.91,0.349
1720,128,"3,4;5,6;7,8;12,13-tetrabenzoperopyrene",,CH-oop (10.5-15 um; benzene nu11 at 673 included),690.1,673.4003,16.7,16.7,15.753518211920529,15.462686256091732,7.855981629795252,0.0,0.946,1.237,8.844
1721,128,"3,4;5,6;7,8;12,13-tetrabenzoperopyrene",,CC-stretch/CH-ip (7.7 um),1337.8,1345.6496,-7.85,-7.85,-9.281159624413146,-9.540226613914077,-9.0013521011138,0.0,1.431,1.69,1.151
1722,128,"3,4;5,6;7,8;12,13-tetrabenzoperopyrene",,CC-stretch/CH-ip (7.7 um),1433.6,1413.4215,20.178,20.178,18.746840375586856,18.98847670848593,22.370981499727588,0.0,1.431,1.19,-2.193
1723,128,"3,4;5,6;7,8;12,13-tetrabenzoperopyrene",,CH-oop (10.5-15 um; benzene nu11 at 673 included),920.5,943.8412,-23.341,-23.341,-24.28748178807947,-24.256427332879685,-20.804901226855257,0.0,0.946,0.915,-2.536
1724,128,"3,4;5,6;7,8;12,13-tetrabenzoperopyrene",,CC-stretch (6.2 um),1610.5,1610.9874,-0.487,-0.487,-0.6846182432432433,-0.5847039551476596,-3.1451471462737888,0.0,0.198,0.098,2.658
1725,128,"3,4;5,6;7,8;12,13-tetrabenzoperopyrene",,CH-ip-bend (8.6 um),1161.2,1147.2851,13.915,13.915,13.096941504178272,13.017013490463453,13.538552802266265,0.0,0.818,0.898,0.376
1726,128,"3,4;5,6;7,8;12,13-tetrabenzoperopyrene",,CH-ip-bend (8.6 um),1178.7,1175.6186,3.081,3.081,2.262941504178273,2.1756299065508915,2.688795893328571,0.0,0.818,0.905,0.392
1727,128,"3,4;5,6;7,8;12,13-tetrabenzoperopyrene",,low / skeletal,650.4,646.3967,4.003,4.003,4.185842794759825,4.30908441768482,4.316764825818515,0.0,-0.183,-0.306,-0.314
1728,128,"3,4;5,6;7,8;12,13-tetrabenzoperopyrene",,CH-ip-bend (8.6 um),1250.6,1246.9355,3.664,3.664,2.845941504178273,2.9001637758379815,5.7390318951822765,0.0,0.818,0.764,-2.075
1729,128,"3,4;5,6;7,8;12,13-tetrabenzoperopyrene",,ring / CH-ip (9-10.5 um),1103.4,1088.9783,14.422,14.422,15.93403825136612,9.30041902426504,7.67450366707218,0.0,-1.512,5.122,6.747
1730,128,"3,4;5,6;7,8;12,13-tetrabenzoperopyrene",,CC-stretch/CH-ip (7.7 um),1362.6,1384.4083,-21.808,-21.808,-23.239159624413144,-23.421334965966807,-23.467445300314697,0.0,1.431,1.613,1.659
1731,128,"3,4;5,6;7,8;12,13-tetrabenzoperopyrene",,low / skeletal,502.4,501.4467,0.953,0.953,1.1358427947598253,1.160285472843126,-0.02511457965011976,0.0,-0.183,-0.207,0.978
1732,128,"3,4;5,6;7,8;12,13-tetrabenzoperopyrene",,ring / CH-ip (9-10.5 um),1101.6,1083.921,17.679,17.679,19.19103825136612,12.464742816122182,12.262586882891654,0.0,-1.512,5.214,5.416
1733,128,"3,4;5,6;7,8;12,13-tetrabenzoperopyrene",,CH-oop (10.5-15 um; benzene nu11 at 673 included),746.6,756.5921,-9.992,-9.992,-10.938481788079471,-10.764027213072367,-5.66806219826449,0.0,0.946,0.772,-4.324
1734,128,"3,4;5,6;7,8;12,13-tetrabenzoperopyrene",,CC-stretch/CH-ip (7.7 um),1307.0,1306.4694,0.531,0.531,-0.9001596244131455,-1.0100819338882503,0.5051378834050287,0.0,1.431,1.541,0.026
1735,128,"3,4;5,6;7,8;12,13-tetrabenzoperopyrene",,CC-stretch/CH-ip (7.7 um),1291.0,1281.7341,9.266,9.266,7.834840375586855,7.579199117844485,9.864352618494534,0.0,1.431,1.687,-0.598
1736,128,"3,4;5,6;7,8;12,13-tetrabenzoperopyrene",,CC-stretch/CH-ip (7.7 um),1385.0,1388.121,-3.121,-3.121,-4.552159624413146,-4.7751957982998965,-9.477548216788666,0.0,1.431,1.654,6.357
1737,128,"3,4;5,6;7,8;12,13-tetrabenzoperopyrene",,CC-stretch/CH-ip (7.7 um),1280.2,1301.0652,-20.865,-20.865,-22.296159624413143,-22.533956335732437,-21.8976718662494,0.0,1.431,1.669,1.033
1738,128,"3,4;5,6;7,8;12,13-tetrabenzoperopyrene",,CC-stretch/CH-ip (7.7 um),1413.3,1408.6139,4.686,4.686,3.2548403755868547,3.0604151377869533,10.52187283745242,0.0,1.431,1.626,-5.836
1739,128,"3,4;5,6;7,8;12,13-tetrabenzoperopyrene",,CC-stretch/CH-ip (7.7 um),1408.3,1390.4627,17.837,17.837,16.405840375586855,16.184325081080924,11.480451783211333,0.0,1.431,1.653,6.357
1740,128,"3,4;5,6;7,8;12,13-tetrabenzoperopyrene",,CH-oop (10.5-15 um; benzene nu11 at 673 included),736.9,713.5491,23.351,23.351,22.40451821192053,22.489400782645937,24.797909255798768,0.0,0.946,0.862,-1.447
1741,534,naptho-anthraceno-pyrene or dibenzoheptacene,,CH-stretch,3064.4,3062.927,1.473,1.473,3.194191304347826,3.7375839094218914,1.8328849408531682,0.0,-1.721,-2.265,-0.36
1742,534,naptho-anthraceno-pyrene or dibenzoheptacene,,CC-stretch/CH-ip (7.7 um),1438.1,1436.793,1.307,1.307,0.012836448598130712,1.6025843292012332,-0.7299420252990152,0.0,1.294,-0.296,2.037
1743,534,naptho-anthraceno-pyrene or dibenzoheptacene,,CH-stretch,3090.8,3101.0741,-10.274,-10.274,-8.552808695652173,-7.7304634638745355,-8.427756080542823,0.0,-1.721,-2.544,-1.846
1744,534,naptho-anthraceno-pyrene or dibenzoheptacene,,CH-oop (10.5-15 um; benzene nu11 at 673 included),795.1,788.1885,6.912,6.912,6.068091362126246,7.241603903016598,3.239171341088208,0.0,0.844,-0.33,3.673
1745,534,naptho-anthraceno-pyrene or dibenzoheptacene,,CH-oop (10.5-15 um; benzene nu11 at 673 included),896.9,893.6503,3.25,3.25,2.406091362126246,3.086225645268943,-7.233263904844902,0.0,0.844,0.164,10.483
1746,534,naptho-anthraceno-pyrene or dibenzoheptacene,,CH-oop (10.5-15 um; benzene nu11 at 673 included),737.6,741.5601,-3.96,-3.96,-4.803908637873754,-3.8485805815915377,-4.684096252261096,0.0,0.844,-0.111,0.724
1747,534,naptho-anthraceno-pyrene or dibenzoheptacene,,CH-oop (10.5-15 um; benzene nu11 at 673 included),706.3,705.1835,1.116,1.116,0.27209136212624596,0.898474439185564,3.6969613517333624,0.0,0.844,0.218,-2.581
1748,534,naptho-anthraceno-pyrene or dibenzoheptacene,,CH-stretch,3027.4,3045.0156,-17.616,-17.616,-15.894808695652173,-15.227830150273704,-15.983765082782934,0.0,-1.721,-2.388,-1.632
1749,534,naptho-anthraceno-pyrene or dibenzoheptacene,,CH-oop (10.5-15 um; benzene nu11 at 673 included),876.6,881.3249,-4.725,-4.725,-5.568908637873754,-4.60855401704831,-7.3957665842758615,0.0,0.844,-0.116,2.671
1750,534,naptho-anthraceno-pyrene or dibenzoheptacene,,low / skeletal,578.2,578.1237,0.076,0.076,0.25481140350877196,1.27225140912214,2.110047980630564,0.0,-0.179,-1.196,-2.034
1751,534,naptho-anthraceno-pyrene or dibenzoheptacene,,CH-oop (10.5-15 um; benzene nu11 at 673 included),742.7,746.0719,-3.372,-3.372,-4.2159086378737545,-3.5937532461667403,-3.3509544068371246,0.0,0.844,0.222,-0.021
1752,534,naptho-anthraceno-pyrene or dibenzoheptacene,,low / skeletal,508.0,509.9551,-1.955,-1.955,-1.776188596491228,-1.015369801473534,-3.4157775039493288,0.0,-0.179,-0.94,1.461
1753,534,naptho-anthraceno-pyrene or dibenzoheptacene,,low / skeletal,462.8,462.313,0.487,0.487,0.6658114035087719,1.1630303380729257,-6.255702650800832,0.0,-0.179,-0.676,6.743
1754,534,naptho-anthraceno-pyrene or dibenzoheptacene,,CC-stretch/CH-ip (7.7 um),1410.0,1404.6626,5.337,5.337,4.0428364485981305,4.689895694237827,-5.362915087667364,0.0,1.294,0.647,10.7
1755,534,naptho-anthraceno-pyrene or dibenzoheptacene,,CC-stretch/CH-ip (7.7 um),1405.7,1393.2745,12.426,12.426,11.131836448598131,11.683838504428063,3.4945829327679085,0.0,1.294,0.742,8.931
1756,534,naptho-anthraceno-pyrene or dibenzoheptacene,,CC-stretch (6.2 um),1566.2,1565.1446,1.055,1.055,1.0353676975945016,1.729142370314693,2.6113052105732324,0.0,0.02,-0.674,-1.556
1757,534,naptho-anthraceno-pyrene or dibenzoheptacene,,CC-stretch/CH-ip (7.7 um),1476.5,1478.8953,-2.395,-2.395,-3.6891635514018692,-2.9786145926054153,3.827855139763946,0.0,1.294,0.584,-6.223
1758,534,naptho-anthraceno-pyrene or dibenzoheptacene,,CH-ip-bend (8.6 um),1211.3,1210.3237,0.976,0.976,0.09133983286908087,0.7798389752989171,-1.0117629574859626,0.0,0.885,0.196,1.988
1759,534,naptho-anthraceno-pyrene or dibenzoheptacene,,CC-stretch (6.2 um),1574.7,1572.704,1.996,1.996,1.9763676975945017,2.689089817791324,3.9515406438630434,0.0,0.02,-0.693,-1.956
1760,534,naptho-anthraceno-pyrene or dibenzoheptacene,,CC-stretch (6.2 um),1509.7,1504.3751,5.325,5.325,5.305367697594502,5.750247323156628,7.325599562643568,0.0,0.02,-0.425,-2.001
1761,534,naptho-anthraceno-pyrene or dibenzoheptacene,,CH-ip-bend (8.6 um),1120.6,1116.921,3.679,3.679,2.7943398328690807,3.350384987855286,1.075401019192114,0.0,0.885,0.329,2.604
1762,534,naptho-anthraceno-pyrene or dibenzoheptacene,,CC-stretch (6.2 um),1579.3,1580.6266,-1.327,-1.327,-1.3466323024054982,-0.8246663161253015,-3.0749373870448427,0.0,0.02,-0.502,1.748
1763,534,naptho-anthraceno-pyrene or dibenzoheptacene,,ring / CH-ip (9-10.5 um),1003.7,997.7796,5.92,5.92,7.219885869565218,9.777688405306188,1.9296186517243106,0.0,-1.3,-3.858,3.99
1764,534,naptho-anthraceno-pyrene or dibenzoheptacene,,CC-stretch/CH-ip (7.7 um),1469.1,1462.783,6.317,6.317,5.022836448598131,5.674740261004708,11.578192208786085,0.0,1.294,0.642,-5.261
1765,534,naptho-anthraceno-pyrene or dibenzoheptacene,,CC-stretch (6.2 um),1603.9,1603.3921,0.508,0.508,0.4883676975945017,1.1007861417013882,5.267048694009212,0.0,0.02,-0.593,-4.759
1766,534,naptho-anthraceno-pyrene or dibenzoheptacene,,CH-oop (10.5-15 um; benzene nu11 at 673 included),889.9,889.7839,0.116,0.116,-0.7279086378737541,0.41308730981114694,-3.5928260308731805,0.0,0.844,-0.297,3.709
1767,534,naptho-anthraceno-pyrene or dibenzoheptacene,,CC-stretch (6.2 um),1561.4,1534.6927,26.707,26.707,26.687367697594503,27.141904799509483,22.104391408354687,0.0,0.02,-0.435,4.603
1768,534,naptho-anthraceno-pyrene or dibenzoheptacene,,CH-oop (10.5-15 um; benzene nu11 at 673 included),779.1,777.0271,2.073,2.073,1.2290913621262458,1.7829940574086267,-0.10488701203497941,0.0,0.844,0.29,2.178
1769,534,naptho-anthraceno-pyrene or dibenzoheptacene,,CC-stretch/CH-ip (7.7 um),1353.4,1355.2648,-1.865,-1.865,-3.1591635514018694,-2.6975666643081038,-4.747759203224889,0.0,1.294,0.833,2.883
1770,534,naptho-anthraceno-pyrene or dibenzoheptacene,,CH-oop (10.5-15 um; benzene nu11 at 673 included),953.1,941.1944,11.906,11.906,11.062091362126246,11.890026079497034,3.827506563506395,0.0,0.844,0.016,8.078
1771,534,naptho-anthraceno-pyrene or dibenzoheptacene,,ring / CH-ip (9-10.5 um),1013.0,1014.4262,-1.426,-1.426,-0.1261141304347826,2.4673418444853725,-4.956221171341981,0.0,-1.3,-3.893,3.53
1772,534,naptho-anthraceno-pyrene or dibenzoheptacene,,CH-ip-bend (8.6 um),1137.5,1146.8846,-9.385,-9.385,-10.269660167130919,-9.716608707993254,-10.600323528402056,0.0,0.885,0.332,1.215
1773,534,naptho-anthraceno-pyrene or dibenzoheptacene,,CC-stretch/CH-ip (7.7 um),1303.4,1306.2778,-2.878,-2.878,-4.172163551401869,-3.8163288442091985,-2.6225479224521093,0.0,1.294,0.938,-0.255
1774,534,naptho-anthraceno-pyrene or dibenzoheptacene,,CH-oop (10.5-15 um; benzene nu11 at 673 included),845.6,833.2517,12.348,12.348,11.504091362126246,12.078653083219832,12.594449029222378,0.0,0.844,0.269,-0.246
1775,534,naptho-anthraceno-pyrene or dibenzoheptacene,,CC-stretch/CH-ip (7.7 um),1277.2,1277.3778,-0.178,-0.178,-1.4721635514018692,-1.1833052849571497,-3.979621881850423,0.0,1.294,1.005,3.802
1776,534,naptho-anthraceno-pyrene or dibenzoheptacene,,CC-stretch/CH-ip (7.7 um),1345.5,1340.3398,5.16,5.16,3.865836448598131,4.289935153481383,2.2273025508891044,0.0,1.294,0.87,2.933
1777,534,naptho-anthraceno-pyrene or dibenzoheptacene,,CC-stretch (6.2 um),1633.9,1634.1048,-0.205,-0.205,-0.22463230240549825,0.4270174997375946,8.713537280396386,0.0,0.02,-0.632,-8.919
1778,534,naptho-anthraceno-pyrene or dibenzoheptacene,,CC-stretch/CH-ip (7.7 um),1283.1,1279.2358,3.864,3.864,2.5698364485981307,2.8995170900815,0.6599600386391007,0.0,1.294,0.964,3.204
1779,534,naptho-anthraceno-pyrene or dibenzoheptacene,,CC-stretch/CH-ip (7.7 um),1323.3,1314.381,8.919,8.919,7.624836448598131,7.993417425432419,8.81592125422825,0.0,1.294,0.926,0.103
1780,534,naptho-anthraceno-pyrene or dibenzoheptacene,,CH-ip-bend (8.6 um),1170.0,1166.9595,3.041,3.041,2.156339832869081,2.727632591300443,-0.8702024236819881,0.0,0.885,0.313,3.911
1781,534,naptho-anthraceno-pyrene or dibenzoheptacene,,CH-ip-bend (8.6 um),1184.8,1183.6179,1.182,1.182,0.29733983286908083,0.879233268765761,3.308023511928907,0.0,0.885,0.303,-2.126
1782,534,naptho-anthraceno-pyrene or dibenzoheptacene,,CC-stretch (6.2 um),1627.4,1619.3312,8.069,8.069,8.049367697594503,8.650654721708806,11.649486275313318,0.0,0.02,-0.582,-3.58
1783,534,naptho-anthraceno-pyrene or dibenzoheptacene,,CH-ip-bend (8.6 um),1243.6,1247.555,-3.955,-3.955,-4.839660167130919,-4.1469448727985725,-1.8882520066623631,0.0,0.885,0.192,-2.067
1784,534,naptho-anthraceno-pyrene or dibenzoheptacene,,low / skeletal,617.2,620.0355,-2.835,-2.835,-2.656188596491228,-1.8744202972809512,-4.8139047056055855,0.0,-0.179,-0.961,1.979
1785,534,naptho-anthraceno-pyrene or dibenzoheptacene,,CH-ip-bend (8.6 um),1196.2,1193.5181,2.682,2.682,1.7973398328690808,2.4099018258257114,0.9528732922866798,0.0,0.885,0.272,1.729
1786,534,naptho-anthraceno-pyrene or dibenzoheptacene,,CH-oop (10.5-15 um; benzene nu11 at 673 included),869.9,868.9557,0.944,0.944,0.10009136212624581,0.9321506694153189,-5.0065392556389545,0.0,0.844,0.012,5.951
1787,534,naptho-anthraceno-pyrene or dibenzoheptacene,,CH-oop (10.5-15 um; benzene nu11 at 673 included),820.0,818.7458,1.254,1.254,0.41009136212624586,0.9940885716820606,-2.037383150076188,0.0,0.844,0.26,3.291
1788,534,naptho-anthraceno-pyrene or dibenzoheptacene,,CC-stretch/CH-ip (7.7 um),1314.6,1293.7362,20.864,20.864,19.56983644859813,19.897022422911277,20.119659479404955,0.0,1.294,0.967,0.744
1789,534,naptho-anthraceno-pyrene or dibenzoheptacene,,CH-oop (10.5-15 um; benzene nu11 at 673 included),769.7,775.3857,-5.686,-5.686,-6.5299086378737545,-6.060256107583779,-3.499459513169818,0.0,0.844,0.374,-2.187
1790,534,naptho-anthraceno-pyrene or dibenzoheptacene,,CC-stretch/CH-ip (7.7 um),1294.9,1266.8638,28.036,28.036,26.741836448598132,27.053347957847713,23.658930123980568,0.0,1.294,0.983,4.377
1791,534,naptho-anthraceno-pyrene or dibenzoheptacene,,low / skeletal,510.4,506.029,4.371,4.371,4.549811403508772,5.175037226284575,2.3776259385754175,0.0,-0.179,-0.804,1.993
1792,534,naptho-anthraceno-pyrene or dibenzoheptacene,,CH-oop (10.5-15 um; benzene nu11 at 673 included),762.7,757.4738,5.226,5.226,4.382091362126246,4.818326547848054,3.3451444846875384,0.0,0.844,0.408,1.881
1793,534,naptho-anthraceno-pyrene or dibenzoheptacene,,CH-ip-bend (8.6 um),1227.6,1221.1899,6.41,6.41,5.525339832869081,6.203016480047391,4.557699796812281,0.0,0.885,0.207,1.852
1794,534,naptho-anthraceno-pyrene or dibenzoheptacene,,CC-stretch (6.2 um),1619.0,1595.6887,23.311,23.311,23.291367697594502,23.85045839921648,31.909204178882256,0.0,0.02,-0.539,-8.598
1795,534,naptho-anthraceno-pyrene or dibenzoheptacene,,ring / CH-ip (9-10.5 um),1074.9,1087.0987,-12.199,-12.199,-10.899114130434782,-17.5475913088035,-20.800384268605633,0.0,-1.3,5.349,8.601
1796,534,naptho-anthraceno-pyrene or dibenzoheptacene,,CH-oop (10.5-15 um; benzene nu11 at 673 included),964.4,936.2901,28.11,28.11,27.266091362126247,28.009700033532404,19.090050069886303,0.0,0.844,0.1,9.02
1797,542,"dibenzo[hi,wx]heptacene or naptho-anthraceno-pyrene",,CC-stretch/CH-ip (7.7 um),1309.0,1313.5692,-4.569,-4.569,-5.999600619195046,-5.914207754336729,-0.8634491610852968,0.0,1.431,1.345,-3.706
1798,542,"dibenzo[hi,wx]heptacene or naptho-anthraceno-pyrene",,CC-stretch/CH-ip (7.7 um),1365.1,1367.379,-2.279,-2.279,-3.7096006191950464,-3.672783447379069,-1.5171170751523668,0.0,1.431,1.394,-0.762
1799,542,"dibenzo[hi,wx]heptacene or naptho-anthraceno-pyrene",,CC-stretch/CH-ip (7.7 um),1356.8,1359.3137,-2.514,-2.514,-3.9446006191950462,-2.261702475352124,-6.327908649642769,0.0,1.431,-0.252,3.814
1800,542,"dibenzo[hi,wx]heptacene or naptho-anthraceno-pyrene",,CC-stretch/CH-ip (7.7 um),1329.8,1319.2565,10.543,10.543,9.112399380804952,9.732264760929157,6.020937636343153,0.0,1.431,0.811,4.522
1801,542,"dibenzo[hi,wx]heptacene or naptho-anthraceno-pyrene",,CH-ip-bend (8.6 um),1182.9,1181.9482,0.952,0.952,0.0593030303030303,0.355780184781605,4.701392719900128,0.0,0.893,0.596,-3.749
1802,542,"dibenzo[hi,wx]heptacene or naptho-anthraceno-pyrene",,CC-stretch/CH-ip (7.7 um),1370.2,1374.2398,-4.04,-4.04,-5.4706006191950465,-4.4706087617929615,-10.903332042131826,0.0,1.431,0.431,6.863
1803,542,"dibenzo[hi,wx]heptacene or naptho-anthraceno-pyrene",,CC-stretch (6.2 um),1508.3,1511.0811,-2.781,-2.781,-3.008606779661017,-2.6206951278436166,-5.430150643144133,0.0,0.228,-0.16,2.649
1804,542,"dibenzo[hi,wx]heptacene or naptho-anthraceno-pyrene",,CC-stretch/CH-ip (7.7 um),1466.0,1467.7405,-1.741,-1.741,-3.1716006191950465,-2.3318896330374854,-2.5566404318733067,0.0,1.431,0.591,0.816
1805,542,"dibenzo[hi,wx]heptacene or naptho-anthraceno-pyrene",,CC-stretch (6.2 um),1555.5,1555.3561,0.144,0.144,-0.08360677966101698,0.8125340259220809,1.6485206030076793,0.0,0.228,-0.669,-1.505
1806,542,"dibenzo[hi,wx]heptacene or naptho-anthraceno-pyrene",,CC-stretch/CH-ip (7.7 um),1415.0,1413.2643,1.736,1.736,0.30539938080495355,0.7935088314861353,-1.115738685695064,0.0,1.431,0.942,2.852
1807,542,"dibenzo[hi,wx]heptacene or naptho-anthraceno-pyrene",,low / skeletal,575.5,568.7438,6.756,6.756,6.982515151515152,7.993295303065405,11.352526005777566,0.0,-0.227,-1.237,-4.597
1808,542,"dibenzo[hi,wx]heptacene or naptho-anthraceno-pyrene",,ring / CH-ip (9-10.5 um),1036.4,1038.3385,-1.938,-1.938,-0.5753837837837836,2.133680699075798,-1.1611761754506817,0.0,-1.363,-4.072,-0.777
1809,542,"dibenzo[hi,wx]heptacene or naptho-anthraceno-pyrene",,CC-stretch (6.2 um),1570.7,1566.5603,4.14,4.14,3.912393220338983,4.365952938425019,2.4181832121103772,0.0,0.228,-0.226,1.722
1810,542,"dibenzo[hi,wx]heptacene or naptho-anthraceno-pyrene",,CH-oop (10.5-15 um; benzene nu11 at 673 included),797.3,795.3839,1.916,1.916,1.015446633825944,1.6611296738657524,-1.290958421488945,0.0,0.901,0.255,3.207
1811,542,"dibenzo[hi,wx]heptacene or naptho-anthraceno-pyrene",,CC-stretch (6.2 um),1584.9,1591.5236,-6.624,-6.624,-6.851606779661017,-6.075130292367645,-8.891040860145477,0.0,0.228,-0.549,2.267
1812,542,"dibenzo[hi,wx]heptacene or naptho-anthraceno-pyrene",,CH-ip-bend (8.6 um),1192.8,1192.8893,-0.089,-0.089,-0.9816969696969696,-0.28427234163602944,-0.08154819361936524,0.0,0.893,0.195,-0.007
1813,542,"dibenzo[hi,wx]heptacene or naptho-anthraceno-pyrene",,CC-stretch (6.2 um),1530.1,1520.9714,9.129,9.129,8.901393220338983,9.666242317718327,12.887776412747327,0.0,0.228,-0.537,-3.759
1814,542,"dibenzo[hi,wx]heptacene or naptho-anthraceno-pyrene",,CH-oop (10.5-15 um; benzene nu11 at 673 included),923.4,915.081,8.319,8.319,7.418446633825945,8.201639091904267,2.180818551115401,0.0,0.901,0.117,6.138
1815,542,"dibenzo[hi,wx]heptacene or naptho-anthraceno-pyrene",,CH-oop (10.5-15 um; benzene nu11 at 673 included),751.3,750.4715,0.828,0.828,-0.07255336617405594,0.34981096874162,1.8948475839634682,0.0,0.901,0.478,-1.067
1816,542,"dibenzo[hi,wx]heptacene or naptho-anthraceno-pyrene",,CH-oop (10.5-15 um; benzene nu11 at 673 included),705.6,709.3047,-3.705,-3.705,-4.605553366174056,-4.211172139426781,-4.467680636729322,0.0,0.901,0.506,0.763
1817,542,"dibenzo[hi,wx]heptacene or naptho-anthraceno-pyrene",,CH-oop (10.5-15 um; benzene nu11 at 673 included),765.8,762.7172,3.083,3.083,2.1824466338259443,2.898945894192668,3.8508908540237408,0.0,0.901,0.184,-0.768
1818,542,"dibenzo[hi,wx]heptacene or naptho-anthraceno-pyrene",,CH-ip-bend (8.6 um),1198.0,1203.4394,-5.439,-5.439,-6.33169696969697,-5.943751290295056,4.526720955196623,0.0,0.893,0.505,-9.966
1819,542,"dibenzo[hi,wx]heptacene or naptho-anthraceno-pyrene",,CC-stretch/CH-ip (7.7 um),1383.2,1391.9834,-8.783,-8.783,-10.213600619195045,-9.814591269703831,-18.17051037376065,0.0,1.431,1.032,9.388
1820,542,"dibenzo[hi,wx]heptacene or naptho-anthraceno-pyrene",,CC-stretch/CH-ip (7.7 um),1401.5,1398.2536,3.246,3.246,1.8153993808049536,2.151752504797499,-4.640124326632318,0.0,1.431,1.094,7.886
1821,542,"dibenzo[hi,wx]heptacene or naptho-anthraceno-pyrene",,CH-oop (10.5-15 um; benzene nu11 at 673 included),760.8,761.3793,-0.579,-0.579,-1.4795533661740559,-1.409563543104074,7.222260866103587,0.0,0.901,0.831,-7.801
1822,542,"dibenzo[hi,wx]heptacene or naptho-anthraceno-pyrene",,low / skeletal,508.5,503.5556,4.944,4.944,5.1705151515151515,6.0706755903386185,8.041630601093445,0.0,-0.227,-1.127,-3.098
1823,542,"dibenzo[hi,wx]heptacene or naptho-anthraceno-pyrene",,CH-oop (10.5-15 um; benzene nu11 at 673 included),879.5,875.2,4.3,4.3,3.399446633825944,4.004281734116007,-4.450634125480758,0.0,0.901,0.296,8.751
1824,542,"dibenzo[hi,wx]heptacene or naptho-anthraceno-pyrene",,CH-oop (10.5-15 um; benzene nu11 at 673 included),820.7,819.7543,0.946,0.946,0.04544663382594405,0.5604875402938977,-3.6413603583251772,0.0,0.901,0.386,4.587
1825,542,"dibenzo[hi,wx]heptacene or naptho-anthraceno-pyrene",,CH-ip-bend (8.6 um),1164.1,1161.35,2.75,2.75,1.8573030303030302,2.583316181197776,3.1029213815445913,0.0,0.893,0.167,-0.353
1826,542,"dibenzo[hi,wx]heptacene or naptho-anthraceno-pyrene",,ring / CH-ip (9-10.5 um),997.1,989.9621,7.138,7.138,8.500616216216216,10.614451668400996,3.2994437545285384,0.0,-1.363,-3.476,3.839
1827,541,"dibenzo[jk, a1b1]octacene or dianthraceno-pyrene or 6,7:15,16-di[1,3]butadienodibenzo[hi,uv]hexacene",,CH-oop (10.5-15 um; benzene nu11 at 673 included),719.8,723.5598,-3.76,-3.76,-4.751601317957166,-5.859322744268578,-5.477503296993097,0.0,0.992,2.099,1.718
1828,541,"dibenzo[jk, a1b1]octacene or dianthraceno-pyrene or 6,7:15,16-di[1,3]butadienodibenzo[hi,uv]hexacene",,low / skeletal,588.3,608.9551,-20.655,-20.655,-20.503401746724894,-20.74148324429254,-22.58833259748677,0.0,-0.152,0.086,1.933
1829,541,"dibenzo[jk, a1b1]octacene or dianthraceno-pyrene or 6,7:15,16-di[1,3]butadienodibenzo[hi,uv]hexacene",,CH-oop (10.5-15 um; benzene nu11 at 673 included),733.6,723.8313,9.769,9.769,8.777398682042834,7.97816160296156,3.7954322459281435,0.0,0.992,1.791,5.974
1830,541,"dibenzo[jk, a1b1]octacene or dianthraceno-pyrene or 6,7:15,16-di[1,3]butadienodibenzo[hi,uv]hexacene",,CH-oop (10.5-15 um; benzene nu11 at 673 included),763.8,763.4692,0.331,0.331,-0.6606013179571664,-1.43633145856364,-3.354597457695364,0.0,0.992,1.767,3.686
1831,541,"dibenzo[jk, a1b1]octacene or dianthraceno-pyrene or 6,7:15,16-di[1,3]butadienodibenzo[hi,uv]hexacene",,CC-stretch/CH-ip (7.7 um),1274.1,1276.553,-2.453,-2.453,-3.9131885625965994,-4.705370299718192,-9.283226984364385,0.0,1.46,2.252,6.83
1832,541,"dibenzo[jk, a1b1]octacene or dianthraceno-pyrene or 6,7:15,16-di[1,3]butadienodibenzo[hi,uv]hexacene",,low / skeletal,534.6,514.0813,20.519,20.519,20.670598253275106,20.049889609358438,17.773809764436944,0.0,-0.152,0.469,2.745
1833,541,"dibenzo[jk, a1b1]octacene or dianthraceno-pyrene or 6,7:15,16-di[1,3]butadienodibenzo[hi,uv]hexacene",,CH-oop (10.5-15 um; benzene nu11 at 673 included),782.4,784.8541,-2.454,-2.454,-3.4456013179571667,-4.177012710633064,-8.31089797517304,0.0,0.992,1.723,5.857
1834,541,"dibenzo[jk, a1b1]octacene or dianthraceno-pyrene or 6,7:15,16-di[1,3]butadienodibenzo[hi,uv]hexacene",,CH-oop (10.5-15 um; benzene nu11 at 673 included),885.0,879.8595,5.14,5.14,4.148398682042833,3.722523929975422,-2.0645940609208795,0.0,0.992,1.417,7.205
1835,541,"dibenzo[jk, a1b1]octacene or dianthraceno-pyrene or 6,7:15,16-di[1,3]butadienodibenzo[hi,uv]hexacene",,CH-stretch,3031.3,3029.5933,1.707,1.707,3.7109026548672563,3.01386989390954,4.728968425469766,0.0,-2.004,-1.307,-3.022
1836,541,"dibenzo[jk, a1b1]octacene or dianthraceno-pyrene or 6,7:15,16-di[1,3]butadienodibenzo[hi,uv]hexacene",,CH-oop (10.5-15 um; benzene nu11 at 673 included),911.2,914.6695,-3.469,-3.469,-4.460601317957166,-5.089656137265198,-11.771207754991826,0.0,0.992,1.621,8.302
1837,541,"dibenzo[jk, a1b1]octacene or dianthraceno-pyrene or 6,7:15,16-di[1,3]butadienodibenzo[hi,uv]hexacene",,CC-stretch/CH-ip (7.7 um),1442.6,1450.1119,-7.512,-7.512,-8.9721885625966,-9.307665065735884,-12.555959199424116,0.0,1.46,1.796,5.044
1838,541,"dibenzo[jk, a1b1]octacene or dianthraceno-pyrene or 6,7:15,16-di[1,3]butadienodibenzo[hi,uv]hexacene",,CC-stretch (6.2 um),1525.9,1517.5181,8.382,8.382,8.171108108108108,7.496238944445035,3.744610566804419,0.0,0.211,0.886,4.637
1839,541,"dibenzo[jk, a1b1]octacene or dianthraceno-pyrene or 6,7:15,16-di[1,3]butadienodibenzo[hi,uv]hexacene",,CH-ip-bend (8.6 um),1152.4,1140.5253,11.875,11.875,10.942119777158775,10.786597652148707,7.8769890992555105,0.0,0.933,1.088,3.998
1840,541,"dibenzo[jk, a1b1]octacene or dianthraceno-pyrene or 6,7:15,16-di[1,3]butadienodibenzo[hi,uv]hexacene",,CC-stretch (6.2 um),1500.1,1512.932,-12.832,-12.832,-13.042891891891893,-13.601678472371898,-14.073520721131084,0.0,0.211,0.77,1.242
1841,541,"dibenzo[jk, a1b1]octacene or dianthraceno-pyrene or 6,7:15,16-di[1,3]butadienodibenzo[hi,uv]hexacene",,low / skeletal,612.7,613.9562,-1.256,-1.256,-1.1044017467248908,-1.459896005936591,0.43540971053637256,0.0,-0.152,0.204,-1.691
1842,541,"dibenzo[jk, a1b1]octacene or dianthraceno-pyrene or 6,7:15,16-di[1,3]butadienodibenzo[hi,uv]hexacene",,low / skeletal,625.9,630.4172,-4.517,-4.517,-4.365401746724891,-4.724084358717361,-4.985283012436988,0.0,-0.152,0.207,0.468
1843,541,"dibenzo[jk, a1b1]octacene or dianthraceno-pyrene or 6,7:15,16-di[1,3]butadienodibenzo[hi,uv]hexacene",,CC-stretch/CH-ip (7.7 um),1344.0,1343.868,0.132,0.132,-1.3281885625965995,-0.7222414075738416,-2.211498882979942,0.0,1.46,0.854,2.343
1844,541,"dibenzo[jk, a1b1]octacene or dianthraceno-pyrene or 6,7:15,16-di[1,3]butadienodibenzo[hi,uv]hexacene",,ring / CH-ip (9-10.5 um),1012.9,1023.1703,-10.27,-10.27,-9.138510869565216,-7.8002970156321805,-13.555476285646503,0.0,-1.131,-2.47,3.285
1845,541,"dibenzo[jk, a1b1]octacene or dianthraceno-pyrene or 6,7:15,16-di[1,3]butadienodibenzo[hi,uv]hexacene",,CH-oop (10.5-15 um; benzene nu11 at 673 included),853.7,845.3247,8.375,8.375,7.3833986820428334,6.662093840937473,1.8489542504115732,0.0,0.992,1.713,6.526
1846,541,"dibenzo[jk, a1b1]octacene or dianthraceno-pyrene or 6,7:15,16-di[1,3]butadienodibenzo[hi,uv]hexacene",,ring / CH-ip (9-10.5 um),1057.1,1082.2516,-25.152,-25.152,-24.020510869565218,-31.86998576730277,-31.71853488105569,0.0,-1.131,6.718,6.567
1847,541,"dibenzo[jk, a1b1]octacene or dianthraceno-pyrene or 6,7:15,16-di[1,3]butadienodibenzo[hi,uv]hexacene",,CH-ip-bend (8.6 um),1184.5,1182.3328,2.167,2.167,1.2341197771587742,0.7290276779263167,0.731124671348707,0.0,0.933,1.438,1.436
1848,541,"dibenzo[jk, a1b1]octacene or dianthraceno-pyrene or 6,7:15,16-di[1,3]butadienodibenzo[hi,uv]hexacene",,CH-ip-bend (8.6 um),1164.2,1166.8006,-2.601,-2.601,-3.5338802228412254,-4.045264992893783,-1.4761316267108027,0.0,0.933,1.444,-1.125
1849,541,"dibenzo[jk, a1b1]octacene or dianthraceno-pyrene or 6,7:15,16-di[1,3]butadienodibenzo[hi,uv]hexacene",,CC-stretch/CH-ip (7.7 um),1423.5,1426.8778,-3.378,-3.378,-4.838188562596599,-5.464123550598362,-6.133993237211113,0.0,1.46,2.086,2.756
1850,541,"dibenzo[jk, a1b1]octacene or dianthraceno-pyrene or 6,7:15,16-di[1,3]butadienodibenzo[hi,uv]hexacene",,CH-ip-bend (8.6 um),1089.9,1109.3503,-19.45,-19.45,-20.382880222841226,-21.21140499468112,-18.669804981698803,0.0,0.933,1.761,-0.78
1851,541,"dibenzo[jk, a1b1]octacene or dianthraceno-pyrene or 6,7:15,16-di[1,3]butadienodibenzo[hi,uv]hexacene",,CC-stretch/CH-ip (7.7 um),1467.1,1470.1501,-3.05,-3.05,-4.5101885625966,-4.941192632376167,-5.2932054749794055,0.0,1.46,1.891,2.243
1852,541,"dibenzo[jk, a1b1]octacene or dianthraceno-pyrene or 6,7:15,16-di[1,3]butadienodibenzo[hi,uv]hexacene",,CC-stretch/CH-ip (7.7 um),1368.5,1370.6788,-2.179,-2.179,-3.6391885625965994,-4.657254966136476,5.797068818311558,0.0,1.46,2.478,-7.976
1853,541,"dibenzo[jk, a1b1]octacene or dianthraceno-pyrene or 6,7:15,16-di[1,3]butadienodibenzo[hi,uv]hexacene",,CH-oop (10.5-15 um; benzene nu11 at 673 included),836.3,836.5112,-0.211,-0.211,-1.2026013179571664,-1.6870412488205606,-8.610088329390333,0.0,0.992,1.476,8.399
1854,541,"dibenzo[jk, a1b1]octacene or dianthraceno-pyrene or 6,7:15,16-di[1,3]butadienodibenzo[hi,uv]hexacene",,CH-stretch,3096.4,3098.2456,-1.846,-1.846,0.1579026548672564,-0.5164801536598187,-3.5020852349239795,0.0,-2.004,-1.33,1.656
1855,541,"dibenzo[jk, a1b1]octacene or dianthraceno-pyrene or 6,7:15,16-di[1,3]butadienodibenzo[hi,uv]hexacene",,ring / CH-ip (9-10.5 um),985.5,988.768,-3.268,-3.268,-2.1365108695652175,-0.7533230415695802,-7.797433950071055,0.0,-1.131,-2.515,4.529
1856,541,"dibenzo[jk, a1b1]octacene or dianthraceno-pyrene or 6,7:15,16-di[1,3]butadienodibenzo[hi,uv]hexacene",,CH-oop (10.5-15 um; benzene nu11 at 673 included),665.5,688.0938,-22.594,-22.594,-23.585601317957167,-24.619072069947503,-26.184752653978524,0.0,0.992,2.025,3.591
1857,541,"dibenzo[jk, a1b1]octacene or dianthraceno-pyrene or 6,7:15,16-di[1,3]butadienodibenzo[hi,uv]hexacene",,CC-stretch/CH-ip (7.7 um),1405.1,1394.0728,11.027,11.027,9.5668114374034,8.682106966243687,9.207560072168675,0.0,1.46,2.345,1.819
1858,541,"dibenzo[jk, a1b1]octacene or dianthraceno-pyrene or 6,7:15,16-di[1,3]butadienodibenzo[hi,uv]hexacene",,CH-oop (10.5-15 um; benzene nu11 at 673 included),675.1,704.5843,-29.484,-29.484,-30.475601317957167,-31.561078933421097,-35.79262567888017,0.0,0.992,2.077,6.309
1859,541,"dibenzo[jk, a1b1]octacene or dianthraceno-pyrene or 6,7:15,16-di[1,3]butadienodibenzo[hi,uv]hexacene",,CH-stretch,3033.4,3034.8812,-1.481,-1.481,0.5229026548672564,-0.17490481074805309,3.238108878393356,0.0,-2.004,-1.306,-4.719
1860,541,"dibenzo[jk, a1b1]octacene or dianthraceno-pyrene or 6,7:15,16-di[1,3]butadienodibenzo[hi,uv]hexacene",,CH-ip-bend (8.6 um),1174.6,1177.4874,-2.887,-2.887,-3.819880222841226,-4.616097388571404,-4.558292434082267,0.0,0.933,1.729,1.671
1861,541,"dibenzo[jk, a1b1]octacene or dianthraceno-pyrene or 6,7:15,16-di[1,3]butadienodibenzo[hi,uv]hexacene",,CH-stretch,3052.4,3046.7915,5.609,5.609,7.6129026548672565,7.045829151842627,8.828327125562879,0.0,-2.004,-1.437,-3.219
1862,541,"dibenzo[jk, a1b1]octacene or dianthraceno-pyrene or 6,7:15,16-di[1,3]butadienodibenzo[hi,uv]hexacene",,CH-stretch,3068.2,3070.1023,-1.902,-1.902,0.10190265486725658,-0.6071677820405006,-2.561901286863696,0.0,-2.004,-1.295,0.66
1863,541,"dibenzo[jk, a1b1]octacene or dianthraceno-pyrene or 6,7:15,16-di[1,3]butadienodibenzo[hi,uv]hexacene",,CH-ip-bend (8.6 um),1230.9,1229.5407,1.359,1.359,0.42611977715877436,-0.08415064643918235,6.072734606173845,0.0,0.933,1.443,-4.714
1864,541,"dibenzo[jk, a1b1]octacene or dianthraceno-pyrene or 6,7:15,16-di[1,3]butadienodibenzo[hi,uv]hexacene",,CH-ip-bend (8.6 um),1109.3,1114.3214,-5.021,-5.021,-5.953880222841225,-6.821977395579651,0.1360747445478836,0.0,0.933,1.801,-5.157
1865,541,"dibenzo[jk, a1b1]octacene or dianthraceno-pyrene or 6,7:15,16-di[1,3]butadienodibenzo[hi,uv]hexacene",,CC-stretch (6.2 um),1556.4,1557.3508,-0.951,-0.951,-1.161891891891892,-1.7753471242874785,-3.9152507143237956,0.0,0.211,0.824,2.964
1866,541,"dibenzo[jk, a1b1]octacene or dianthraceno-pyrene or 6,7:15,16-di[1,3]butadienodibenzo[hi,uv]hexacene",,CH-ip-bend (8.6 um),1216.8,1214.923,1.877,1.877,0.9441197771587744,1.823483802992848,6.511238540321035,0.0,0.933,0.054,-4.634
1867,541,"dibenzo[jk, a1b1]octacene or dianthraceno-pyrene or 6,7:15,16-di[1,3]butadienodibenzo[hi,uv]hexacene",,CC-stretch (6.2 um),1550.1,1535.9711,14.129,14.129,13.918108108108108,13.784435361364118,17.76557230486383,0.0,0.211,0.345,-3.637
1868,541,"dibenzo[jk, a1b1]octacene or dianthraceno-pyrene or 6,7:15,16-di[1,3]butadienodibenzo[hi,uv]hexacene",,CC-stretch/CH-ip (7.7 um),1236.3,1257.862,-21.562,-21.562,-23.0221885625966,-24.208755461368277,-17.09236625376977,0.0,1.46,2.647,-4.47
1869,555,"dipyreno-(1\',3\';10,2),(1"""",3"""",5,7)-pyrene",,CH-stretch,3063.9,3067.6763,-3.776,-3.776,-2.0913391304347826,-2.852578687805656,-4.405949802522142,0.0,-1.685,-0.923,0.63
1870,555,"dipyreno-(1\',3\';10,2),(1"""",3"""",5,7)-pyrene",,CH-oop (10.5-15 um; benzene nu11 at 673 included),837.9,835.4657,2.434,2.434,1.5921980198019803,1.2939525692514917,3.6161590432057773,0.0,0.842,1.14,-1.182
1871,555,"dipyreno-(1\',3\';10,2),(1"""",3"""",5,7)-pyrene",,CC-stretch/CH-ip (7.7 um),1429.8,1428.193,1.607,1.607,0.20490880989180837,-0.8089134467265862,-3.4219780106662343,0.0,1.402,2.416,5.029
1872,555,"dipyreno-(1\',3\';10,2),(1"""",3"""",5,7)-pyrene",,CH-oop (10.5-15 um; benzene nu11 at 673 included),820.3,810.4861,9.814,9.814,8.972198019801981,7.512877771535385,6.408707542501499,0.0,0.842,2.301,3.405
1873,555,"dipyreno-(1\',3\';10,2),(1"""",3"""",5,7)-pyrene",,CH-oop (10.5-15 um; benzene nu11 at 673 included),744.4,739.3139,5.086,5.086,4.24419801980198,2.7671551898958358,4.437579923910587,0.0,0.842,2.319,0.648
1874,555,"dipyreno-(1\',3\';10,2),(1"""",3"""",5,7)-pyrene",,CH-stretch,3096.7,3101.2802,-4.58,-4.58,-2.895339130434783,-4.020576801080566,-7.376192917250555,0.0,-1.685,-0.559,2.796
1875,555,"dipyreno-(1\',3\';10,2),(1"""",3"""",5,7)-pyrene",,CC-stretch (6.2 um),1589.7,1583.6697,6.03,6.03,5.964904761904762,4.792369518792162,7.891763110376287,0.0,0.065,1.238,-1.862
1876,555,"dipyreno-(1\',3\';10,2),(1"""",3"""",5,7)-pyrene",,CH-stretch,3027.2,3049.4615,-22.262,-22.262,-20.577339130434783,-22.00841754351452,-20.356152348236563,0.0,-1.685,-0.254,-1.906
1877,555,"dipyreno-(1\',3\';10,2),(1"""",3"""",5,7)-pyrene",,CH-oop (10.5-15 um; benzene nu11 at 673 included),802.6,799.61,2.99,2.99,2.1481980198019803,1.1275552312861683,3.3104548632908655,0.0,0.842,1.862,-0.32
1878,555,"dipyreno-(1\',3\';10,2),(1"""",3"""",5,7)-pyrene",,CH-oop (10.5-15 um; benzene nu11 at 673 included),761.7,759.6838,2.016,2.016,1.1741980198019801,0.0030920668397089734,2.9875650656695796,0.0,0.842,2.013,-0.972
1879,555,"dipyreno-(1\',3\';10,2),(1"""",3"""",5,7)-pyrene",,CC-stretch/CH-ip (7.7 um),1251.4,1251.9169,-0.517,-0.517,-1.9190911901081917,-3.594805771592997,-5.2545510689621056,0.0,1.402,3.078,4.738
1880,555,"dipyreno-(1\',3\';10,2),(1"""",3"""",5,7)-pyrene",,CC-stretch/CH-ip (7.7 um),1297.9,1300.4207,-2.521,-2.521,-3.9230911901081917,-5.413166015134342,-2.568219662172162,0.0,1.402,2.892,0.047
1881,555,"dipyreno-(1\',3\';10,2),(1"""",3"""",5,7)-pyrene",,CC-stretch/CH-ip (7.7 um),1343.8,1336.0407,7.759,7.759,6.3569088098918085,4.9086633339506545,5.175045454172158,0.0,1.402,2.85,2.584
1882,555,"dipyreno-(1\',3\';10,2),(1"""",3"""",5,7)-pyrene",,CC-stretch/CH-ip (7.7 um),1400.1,1385.769,14.331,14.331,12.928908809891809,11.636264836556146,8.783075749148995,0.0,1.402,2.695,5.548
1883,555,"dipyreno-(1\',3\';10,2),(1"""",3"""",5,7)-pyrene",,CC-stretch/CH-ip (7.7 um),1453.6,1463.2675,-9.668,-9.668,-11.07009119010819,-12.39224963625832,-13.741455477519214,0.0,1.402,2.724,4.073
1884,555,"dipyreno-(1\',3\';10,2),(1"""",3"""",5,7)-pyrene",,CC-stretch (6.2 um),1528.2,1518.1392,10.061,10.061,9.995904761904761,8.665686945684648,4.859589392163727,0.0,0.065,1.395,5.201
1885,555,"dipyreno-(1\',3\';10,2),(1"""",3"""",5,7)-pyrene",,CH-ip-bend (8.6 um),1143.5,1136.9637,6.536,6.536,5.611839335180055,4.320554785670822,3.6147461044468376,0.0,0.924,2.215,2.921
1886,555,"dipyreno-(1\',3\';10,2),(1"""",3"""",5,7)-pyrene",,CC-stretch (6.2 um),1610.9,1610.5573,0.343,0.343,0.27790476190476193,-1.137167745987831,-1.0648400460311562,0.0,0.065,1.48,1.408
1887,555,"dipyreno-(1\',3\';10,2),(1"""",3"""",5,7)-pyrene",,low / skeletal,610.8,609.0201,1.78,1.78,1.9449737991266376,0.8984610130663262,3.5850834666654965,0.0,-0.165,0.882,-1.805
1888,555,"dipyreno-(1\',3\';10,2),(1"""",3"""",5,7)-pyrene",,CC-stretch (6.2 um),1655.8,1627.272,28.528,28.528,28.46290476190476,27.275938034122547,29.121315928775292,0.0,0.065,1.252,-0.593
1889,555,"dipyreno-(1\',3\';10,2),(1"""",3"""",5,7)-pyrene",,ring / CH-ip (9-10.5 um),969.3,955.2823,14.018,14.018,15.459809782608696,16.065566712281267,15.971602263360902,0.0,-1.442,-2.048,-1.954
1890,555,"dipyreno-(1\',3\';10,2),(1"""",3"""",5,7)-pyrene",,CH-ip-bend (8.6 um),1242.6,1247.8783,-5.278,-5.278,-6.202160664819944,-7.242714506091442,-11.877999629819616,0.0,0.924,1.965,6.6
1891,555,"dipyreno-(1\',3\';10,2),(1"""",3"""",5,7)-pyrene",,low / skeletal,506.4,509.8109,-3.411,-3.411,-3.2460262008733625,-4.5322914721659835,-3.495347353190027,0.0,-0.165,1.121,0.084
1892,555,"dipyreno-(1\',3\';10,2),(1"""",3"""",5,7)-pyrene",,CC-stretch (6.2 um),1602.1,1600.3655,1.734,1.734,1.668904761904762,0.5305228427621103,3.8593122374449913,0.0,0.065,1.203,-2.125
1893,555,"dipyreno-(1\',3\';10,2),(1"""",3"""",5,7)-pyrene",,low / skeletal,565.0,563.8896,1.11,1.11,1.2749737991266377,0.178465750187766,1.3728660513915036,0.0,-0.165,0.932,-0.263
1894,555,"dipyreno-(1\',3\';10,2),(1"""",3"""",5,7)-pyrene",,CH-oop (10.5-15 um; benzene nu11 at 673 included),894.0,887.9003,6.1,6.1,5.25819801980198,3.9172083553493766,6.252155882719248,0.0,0.842,2.183,-0.152
1895,555,"dipyreno-(1\',3\';10,2),(1"""",3"""",5,7)-pyrene",,CH-oop (10.5-15 um; benzene nu11 at 673 included),854.4,852.8444,1.556,1.556,0.7141980198019803,-0.4646892733147685,-1.6398722485375274,0.0,0.842,2.021,3.196
1896,555,"dipyreno-(1\',3\';10,2),(1"""",3"""",5,7)-pyrene",,CH-oop (10.5-15 um; benzene nu11 at 673 included),674.1,664.7297,9.37,9.37,8.52819801980198,6.944302630495935,8.225730245360086,0.0,0.842,2.426,1.144
1897,555,"dipyreno-(1\',3\';10,2),(1"""",3"""",5,7)-pyrene",,CC-stretch/CH-ip (7.7 um),1403.2,1421.5545,-18.354,-18.354,-19.75609119010819,-20.841034593930136,-21.35694336854986,0.0,1.402,2.487,3.003
1898,555,"dipyreno-(1\',3\';10,2),(1"""",3"""",5,7)-pyrene",,CC-stretch/CH-ip (7.7 um),1376.7,1360.7231,15.977,15.977,14.57490880989181,13.284679027427117,11.78475704232702,0.0,1.402,2.692,4.192
1899,555,"dipyreno-(1\',3\';10,2),(1"""",3"""",5,7)-pyrene",,ring / CH-ip (9-10.5 um),1092.5,1087.0849,5.415,5.415,6.856809782608696,-1.454951531371135,-2.4891921053335553,0.0,-1.442,6.87,7.904
1900,555,"dipyreno-(1\',3\';10,2),(1"""",3"""",5,7)-pyrene",,low / skeletal,571.9,574.225,-2.325,-2.325,-2.1600262008733626,-3.3924839586284934,-6.556273339967273,0.0,-0.165,1.067,4.231
1901,555,"dipyreno-(1\',3\';10,2),(1"""",3"""",5,7)-pyrene",,CH-ip-bend (8.6 um),1200.0,1200.8426,-0.843,-0.843,-1.7671606648199445,-3.0259619901333275,-1.9881604300773914,0.0,0.924,2.183,1.145
1902,555,"dipyreno-(1\',3\';10,2),(1"""",3"""",5,7)-pyrene",,CH-ip-bend (8.6 um),1175.8,1174.2785,1.522,1.522,0.5978393351800555,-0.689230800841375,-3.384722575931656,0.0,0.924,2.211,4.907
1903,555,"dipyreno-(1\',3\';10,2),(1"""",3"""",5,7)-pyrene",,CH-ip-bend (8.6 um),1110.3,1101.8488,8.451,8.451,7.526839335180056,6.2277918323089825,1.1422721581213215,0.0,0.924,2.223,7.309
1904,555,"dipyreno-(1\',3\';10,2),(1"""",3"""",5,7)-pyrene",,CH-ip-bend (8.6 um),1214.3,1236.0871,-21.787,-21.787,-22.711160664819943,-23.837591619471,-25.949639476506047,0.0,0.924,2.051,4.163
1905,555,"dipyreno-(1\',3\';10,2),(1"""",3"""",5,7)-pyrene",,CH-oop (10.5-15 um; benzene nu11 at 673 included),792.5,789.9407,2.559,2.559,1.7171980198019803,0.3406343238579619,0.7283188185685585,0.0,0.842,2.218,1.831
1906,555,"dipyreno-(1\',3\';10,2),(1"""",3"""",5,7)-pyrene",,ring / CH-ip (9-10.5 um),1075.1,1076.1245,-1.024,-1.024,0.4178097826086957,1.0308161368048836,-1.051939974576358,0.0,-1.442,-2.055,0.028
1907,555,"dipyreno-(1\',3\';10,2),(1"""",3"""",5,7)-pyrene",,CH-oop (10.5-15 um; benzene nu11 at 673 included),777.8,780.6014,-2.801,-2.801,-3.64280198019802,-4.879325680401211,-6.035859268229376,0.0,0.842,2.078,3.235
1908,555,"dipyreno-(1\',3\';10,2),(1"""",3"""",5,7)-pyrene",,CC-stretch (6.2 um),1548.5,1543.1825,5.318,5.318,5.2529047619047615,3.702359165026503,-3.304415613544311,0.0,0.065,1.616,8.622
1909,555,"dipyreno-(1\',3\';10,2),(1"""",3"""",5,7)-pyrene",,CH-oop (10.5-15 um; benzene nu11 at 673 included),960.0,945.7108,14.289,14.289,13.44719801980198,12.161667126663922,12.565194303231992,0.0,0.842,2.127,1.724
1910,131,"12,13-o-phenylene-3,4;5,6;7,8-tribenzoterrylene",,CH-stretch,3057.0,3058.4535,-1.454,-1.454,0.4511282051282053,0.171502023175518,6.120164950923246,0.0,-1.905,-1.626,-7.574
1911,131,"12,13-o-phenylene-3,4;5,6;7,8-tribenzoterrylene",,CH-oop (10.5-15 um; benzene nu11 at 673 included),813.0,815.1124,-2.112,-2.112,-2.959541254125413,-2.730407722186345,-1.8601861553311139,0.0,0.848,0.618,-0.252
1912,131,"12,13-o-phenylene-3,4;5,6;7,8-tribenzoterrylene",,CH-oop (10.5-15 um; benzene nu11 at 673 included),757.5,754.8204,2.68,2.68,1.8324587458745876,1.5691292883927987,2.0545574727311147,0.0,0.848,1.111,0.625
1913,131,"12,13-o-phenylene-3,4;5,6;7,8-tribenzoterrylene",,CC-stretch/CH-ip (7.7 um),1462.3,1454.6533,7.647,7.647,6.163669266770671,6.410204869157003,7.119109975681484,0.0,1.483,1.237,0.528
1914,131,"12,13-o-phenylene-3,4;5,6;7,8-tribenzoterrylene",,CH-oop (10.5-15 um; benzene nu11 at 673 included),875.5,882.0278,-6.528,-6.528,-7.375541254125412,-7.15563056783362,-7.360700513293161,0.0,0.848,0.628,0.833
1915,131,"12,13-o-phenylene-3,4;5,6;7,8-tribenzoterrylene",,ring / CH-ip (9-10.5 um),1097.0,1091.5975,5.402,5.402,6.676055248618785,0.07341556607070832,0.3387707644837601,0.0,-1.274,5.329,5.063
1916,131,"12,13-o-phenylene-3,4;5,6;7,8-tribenzoterrylene",,CC-stretch/CH-ip (7.7 um),1325.2,1329.9401,-4.74,-4.74,-6.2233307332293295,-6.548194335897524,-7.7245581410449,0.0,1.483,1.808,2.985
1917,131,"12,13-o-phenylene-3,4;5,6;7,8-tribenzoterrylene",,CC-stretch/CH-ip (7.7 um),1384.8,1388.3322,-3.532,-3.532,-5.015330733229329,-5.236937560865146,-0.3599446976730838,0.0,1.483,1.705,-3.172
1918,131,"12,13-o-phenylene-3,4;5,6;7,8-tribenzoterrylene",,ring / CH-ip (9-10.5 um),1038.6,1040.912,-2.312,-2.312,-1.0379447513812152,0.6303272897434691,-3.189760232098714,0.0,-1.274,-2.942,0.878
1919,131,"12,13-o-phenylene-3,4;5,6;7,8-tribenzoterrylene",,CC-stretch (6.2 um),1592.9,1601.5968,-8.697,-8.697,-9.128563573883161,-9.19179337209181,-7.639001039648106,0.0,0.432,0.495,-1.058
1920,131,"12,13-o-phenylene-3,4;5,6;7,8-tribenzoterrylene",,CC-stretch/CH-ip (7.7 um),1395.6,1404.4205,-8.821,-8.821,-10.304330733229328,-10.181321784727393,-13.786663488345457,0.0,1.483,1.36,4.966
1921,131,"12,13-o-phenylene-3,4;5,6;7,8-tribenzoterrylene",,CC-stretch/CH-ip (7.7 um),1418.1,1433.5342,-15.434,-15.434,-16.917330733229328,-16.872549723102892,-15.499541289205885,0.0,1.483,1.439,0.066
1922,131,"12,13-o-phenylene-3,4;5,6;7,8-tribenzoterrylene",,CC-stretch (6.2 um),1615.8,1606.9946,8.805,8.805,8.373436426116838,8.421216825131493,11.270071402508782,0.0,0.432,0.384,-2.465
1923,131,"12,13-o-phenylene-3,4;5,6;7,8-tribenzoterrylene",,CH-ip-bend (8.6 um),1216.5,1216.1156,0.384,0.384,-0.6787478991596639,-0.7477411804097392,-0.5487058206771668,0.0,1.063,1.132,0.933
1924,131,"12,13-o-phenylene-3,4;5,6;7,8-tribenzoterrylene",,low / skeletal,648.2,643.3106,4.889,4.889,5.059684444444445,5.4164664204622195,5.591204655643766,0.0,-0.171,-0.527,-0.702
1925,131,"12,13-o-phenylene-3,4;5,6;7,8-tribenzoterrylene",,CC-stretch (6.2 um),1540.2,1530.2648,9.935,9.935,9.503436426116838,9.422684670110053,8.088202662009085,0.0,0.432,0.512,1.847
1926,131,"12,13-o-phenylene-3,4;5,6;7,8-tribenzoterrylene",,CC-stretch (6.2 um),1595.7,1602.5632,-6.863,-6.863,-7.294563573883162,-7.3816162722166005,-4.306340004133797,0.0,0.432,0.519,-2.557
1927,131,"12,13-o-phenylene-3,4;5,6;7,8-tribenzoterrylene",,CC-stretch/CH-ip (7.7 um),1366.1,1364.7876,1.312,1.312,-0.17133073322932924,-0.2958318287570514,-3.3684582686471805,0.0,1.483,1.608,4.68
1928,131,"12,13-o-phenylene-3,4;5,6;7,8-tribenzoterrylene",,CH-oop (10.5-15 um; benzene nu11 at 673 included),870.5,849.2716,21.228,21.228,20.380458745874588,21.118004879794977,19.19043179931328,0.0,0.848,0.11,2.038
1929,131,"12,13-o-phenylene-3,4;5,6;7,8-tribenzoterrylene",,CH-oop (10.5-15 um; benzene nu11 at 673 included),895.3,916.3644,-21.064,-21.064,-21.911541254125414,-21.81424459512194,-20.608801088045464,0.0,0.848,0.75,-0.455
1930,131,"12,13-o-phenylene-3,4;5,6;7,8-tribenzoterrylene",,CC-stretch (6.2 um),1515.7,1506.7938,8.906,8.906,8.474436426116839,8.125713759932376,7.903161363559851,0.0,0.432,0.78,1.003
1931,131,"12,13-o-phenylene-3,4;5,6;7,8-tribenzoterrylene",,low / skeletal,518.8,517.957,0.843,0.843,1.0136844444444444,1.0506353943009388,3.4224392409032878,0.0,-0.171,-0.208,-2.579
1932,131,"12,13-o-phenylene-3,4;5,6;7,8-tribenzoterrylene",,low / skeletal,641.6,641.7684,-0.168,-0.168,0.0026844444444444615,0.29010188145084903,1.6037412610034274,0.0,-0.171,-0.458,-1.772
1933,131,"12,13-o-phenylene-3,4;5,6;7,8-tribenzoterrylene",,ring / CH-ip (9-10.5 um),1034.3,1051.2317,-16.932,-16.932,-15.657944751381214,-13.970745925376344,-17.809760232098714,0.0,-1.274,-2.961,0.878
1934,131,"12,13-o-phenylene-3,4;5,6;7,8-tribenzoterrylene",,CH-ip-bend (8.6 um),1230.3,1228.1441,2.156,2.156,1.0932521008403362,1.1085731707021484,2.095223959340288,0.0,1.063,1.047,0.061
1935,131,"12,13-o-phenylene-3,4;5,6;7,8-tribenzoterrylene",,CC-stretch/CH-ip (7.7 um),1261.1,1276.9632,-15.863,-15.863,-17.34633073322933,-17.766665747492937,-19.26167366887134,0.0,1.483,1.904,3.399
1936,131,"12,13-o-phenylene-3,4;5,6;7,8-tribenzoterrylene",,CC-stretch (6.2 um),1629.7,1626.9162,2.784,2.784,2.3524364261168382,2.128574693929821,2.5711966988870496,0.0,0.432,0.655,0.213
1937,131,"12,13-o-phenylene-3,4;5,6;7,8-tribenzoterrylene",,CC-stretch (6.2 um),1605.3,1626.8351,-21.535,-21.535,-21.96656357388316,-22.048102066758165,-20.14582530156823,0.0,0.432,0.513,-1.389
1938,131,"12,13-o-phenylene-3,4;5,6;7,8-tribenzoterrylene",,CH-ip-bend (8.6 um),1152.3,1152.598,-0.298,-0.298,-1.360747899159664,-1.4618412105583585,0.5426215792869522,0.0,1.063,1.164,-0.841
1939,131,"12,13-o-phenylene-3,4;5,6;7,8-tribenzoterrylene",,CC-stretch/CH-ip (7.7 um),1405.2,1380.573,24.627,24.627,23.14366926677067,23.061996833779553,25.12290737924054,0.0,1.483,1.565,-0.496
1940,131,"12,13-o-phenylene-3,4;5,6;7,8-tribenzoterrylene",,low / skeletal,568.6,571.6842,-3.084,-3.084,-2.9133155555555557,-2.898079979044775,-5.0734541285762935,0.0,-0.171,-0.186,1.989
1941,131,"12,13-o-phenylene-3,4;5,6;7,8-tribenzoterrylene",,CH-oop (10.5-15 um; benzene nu11 at 673 included),768.9,764.3583,4.542,4.542,3.694458745874587,3.383323650012259,9.117658798985868,0.0,0.848,1.159,-4.576
1942,131,"12,13-o-phenylene-3,4;5,6;7,8-tribenzoterrylene",,CC-stretch/CH-ip (7.7 um),1375.4,1373.6459,1.754,1.754,0.2706692667706707,0.0961418724827392,1.5120620123762731,0.0,1.483,1.658,0.242
1943,131,"12,13-o-phenylene-3,4;5,6;7,8-tribenzoterrylene",,CC-stretch/CH-ip (7.7 um),1495.1,1488.1265,6.973,6.973,5.489669266770671,5.48325489505911,9.250126130663165,0.0,1.483,1.49,-2.277
1944,131,"12,13-o-phenylene-3,4;5,6;7,8-tribenzoterrylene",,ring / CH-ip (9-10.5 um),1074.6,1074.0951,0.505,0.505,1.7790552486187847,3.618881762067319,5.656669722078267,0.0,-1.274,-3.114,-5.152
1945,131,"12,13-o-phenylene-3,4;5,6;7,8-tribenzoterrylene",,low / skeletal,578.4,587.1812,-8.781,-8.781,-8.610315555555555,-8.573150558156767,-7.38281050229547,0.0,-0.171,-0.208,-1.398
1946,131,"12,13-o-phenylene-3,4;5,6;7,8-tribenzoterrylene",,CH-ip-bend (8.6 um),1164.4,1169.452,-5.052,-5.052,-6.1147478991596635,-6.396585281839972,-11.454577723329496,0.0,1.063,1.345,6.403
1947,131,"12,13-o-phenylene-3,4;5,6;7,8-tribenzoterrylene",,CH-oop (10.5-15 um; benzene nu11 at 673 included),733.7,752.6797,-18.98,-18.98,-19.827541254125414,-19.40057733986901,-19.407778274147372,0.0,0.848,0.421,0.428
1948,131,"12,13-o-phenylene-3,4;5,6;7,8-tribenzoterrylene",,low / skeletal,531.9,531.0983,0.802,0.802,0.9726844444444445,0.8715234573981672,-4.095076908962337,0.0,-0.171,-0.07,4.897
1949,131,"12,13-o-phenylene-3,4;5,6;7,8-tribenzoterrylene",,CH-ip-bend (8.6 um),1180.6,1185.4911,-4.891,-4.891,-5.953747899159664,-6.1294098943580275,-7.572283883307987,0.0,1.063,1.238,2.681
1950,131,"12,13-o-phenylene-3,4;5,6;7,8-tribenzoterrylene",,CC-stretch/CH-ip (7.7 um),1283.1,1300.9004,-17.8,-17.8,-19.28333073322933,-19.751330270860432,-15.984720825436138,0.0,1.483,1.951,-1.815
1951,131,"12,13-o-phenylene-3,4;5,6;7,8-tribenzoterrylene",,CH-oop (10.5-15 um; benzene nu11 at 673 included),969.6,943.4974,26.103,26.103,25.255458745874588,25.197662864484702,19.219616594171104,0.0,0.848,0.905,6.883
1952,131,"12,13-o-phenylene-3,4;5,6;7,8-tribenzoterrylene",,CH-oop (10.5-15 um; benzene nu11 at 673 included),847.7,823.3969,24.303,24.303,23.455458745874587,23.167433758744302,15.995504933869663,0.0,0.848,1.136,8.307
1953,131,"12,13-o-phenylene-3,4;5,6;7,8-tribenzoterrylene",,ring / CH-ip (9-10.5 um),1047.5,1067.4681,-19.968,-19.968,-18.693944751381217,-16.920344789265148,-16.848117019369738,0.0,-1.274,-3.048,-3.12
1954,131,"12,13-o-phenylene-3,4;5,6;7,8-tribenzoterrylene",,CH-oop (10.5-15 um; benzene nu11 at 673 included),940.0,932.787,7.213,7.213,6.365458745874587,6.434562130303654,6.279183890487027,0.0,0.848,0.778,0.934
1955,131,"12,13-o-phenylene-3,4;5,6;7,8-tribenzoterrylene",,CH-ip-bend (8.6 um),1190.8,1199.2635,-8.464,-8.464,-9.526747899159664,-9.62403387729978,-10.615772379305325,0.0,1.063,1.16,2.152
1956,131,"12,13-o-phenylene-3,4;5,6;7,8-tribenzoterrylene",,low / skeletal,621.4,622.4506,-1.051,-1.051,-0.8803155555555555,-0.8374639892440594,1.9486441858720618,0.0,-0.171,-0.214,-3.0
1957,131,"12,13-o-phenylene-3,4;5,6;7,8-tribenzoterrylene",,CH-ip-bend (8.6 um),1126.6,1148.4272,-21.827,-21.827,-22.889747899159666,-23.226834205102808,-30.965895513115612,0.0,1.063,1.4,9.139
1958,131,"12,13-o-phenylene-3,4;5,6;7,8-tribenzoterrylene",,CH-oop (10.5-15 um; benzene nu11 at 673 included),688.1,675.5496,12.55,12.55,11.702458745874589,11.195830425459299,17.97275356584079,0.0,0.848,1.354,-5.423
1959,131,"12,13-o-phenylene-3,4;5,6;7,8-tribenzoterrylene",,CC-stretch/CH-ip (7.7 um),1352.1,1350.9018,1.198,1.198,-0.28533073322932934,-0.7510897670190437,-3.2394032321711346,0.0,1.483,1.949,4.437
1960,131,"12,13-o-phenylene-3,4;5,6;7,8-tribenzoterrylene",,CC-stretch/CH-ip (7.7 um),1309.7,1311.68,-1.98,-1.98,-3.4633307332293293,-3.719964035980106,-2.266570776962866,0.0,1.483,1.74,0.287
1961,131,"12,13-o-phenylene-3,4;5,6;7,8-tribenzoterrylene",,CC-stretch (6.2 um),1528.8,1557.8896,-29.09,-29.09,-29.52156357388316,-29.898582954529036,-33.303824601676936,0.0,0.432,0.809,4.214
1962,131,"12,13-o-phenylene-3,4;5,6;7,8-tribenzoterrylene",,CC-stretch (6.2 um),1563.7,1582.3776,-18.678,-18.678,-19.10956357388316,-19.265435788628007,-16.410045510047937,0.0,0.432,0.587,-2.268
1963,131,"12,13-o-phenylene-3,4;5,6;7,8-tribenzoterrylene",,CH-ip-bend (8.6 um),1207.9,1209.7425,-1.842,-1.842,-2.904747899159664,-2.959056961658193,-5.653956914401785,0.0,1.063,1.117,3.812
1964,131,"12,13-o-phenylene-3,4;5,6;7,8-tribenzoterrylene",,low / skeletal,493.8,489.4713,4.329,4.329,4.499684444444444,4.273006273552768,5.631832831037238,0.0,-0.171,0.056,-1.303
1965,131,"12,13-o-phenylene-3,4;5,6;7,8-tribenzoterrylene",,CH-ip-bend (8.6 um),1172.3,1174.6756,-2.376,-2.376,-3.438747899159664,-3.59591764403618,0.7478089101384682,0.0,1.063,1.22,-3.124
1966,131,"12,13-o-phenylene-3,4;5,6;7,8-tribenzoterrylene",,CH-ip-bend (8.6 um),1135.2,1150.1679,-14.968,-14.968,-16.030747899159664,-16.30088016811983,-13.403196980175837,0.0,1.063,1.333,-1.565
1967,131,"12,13-o-phenylene-3,4;5,6;7,8-tribenzoterrylene",,ring / CH-ip (9-10.5 um),1106.7,1089.6748,17.025,17.025,18.29905524861878,11.65941357874749,10.292248745669148,0.0,-1.274,5.366,6.733
1968,131,"12,13-o-phenylene-3,4;5,6;7,8-tribenzoterrylene",,CC-stretch/CH-ip (7.7 um),1303.0,1313.3885,-10.389,-10.389,-11.87233073322933,-12.230179404643684,-11.565362616656637,0.0,1.483,1.841,1.176
1969,533,dianthraceno-pyrene or dibenzo-octacene,,CH-stretch,3061.5,3062.8032,-1.303,-1.303,0.4666869565217393,1.4817807581919649,2.9722588686641185,0.0,-1.77,-2.785,-4.275
1970,533,dianthraceno-pyrene or dibenzo-octacene,,CH-oop (10.5-15 um; benzene nu11 at 673 included),896.9,887.5385,9.361,9.361,8.529355371900827,10.57648925363143,9.532835332851402,0.0,0.832,-1.215,-0.172
1971,533,dianthraceno-pyrene or dibenzo-octacene,,CH-oop (10.5-15 um; benzene nu11 at 673 included),737.5,738.8549,-1.355,-1.355,-2.1866446280991734,-1.74202956103955,-0.48179307333211796,0.0,0.832,0.387,-0.873
1972,533,dianthraceno-pyrene or dibenzo-octacene,,CC-stretch/CH-ip (7.7 um),1436.9,1435.2013,1.699,1.699,0.33277777777777784,1.995581431507131,2.367128725888412,0.0,1.366,-0.297,-0.668
1973,533,dianthraceno-pyrene or dibenzo-octacene,,CC-stretch/CH-ip (7.7 um),1409.1,1404.2313,4.869,4.869,3.5027777777777773,4.334610841642357,0.4005659207726122,0.0,1.366,0.534,4.468
1974,533,dianthraceno-pyrene or dibenzo-octacene,,CH-stretch,3031.1,3045.0349,-13.935,-13.935,-12.16531304347826,-11.256565619293095,-4.533462927264003,0.0,-1.77,-2.678,-9.402
1975,533,dianthraceno-pyrene or dibenzo-octacene,,CC-stretch/CH-ip (7.7 um),1285.5,1285.6362,-0.136,-0.136,-1.5022222222222221,-1.174504134998481,-7.639026738950622,0.0,1.366,1.039,7.503
1976,533,dianthraceno-pyrene or dibenzo-octacene,,CH-stretch,3094.7,3100.3017,-5.602,-5.602,-3.832313043478261,-2.954398132637044,0.07141210071751303,0.0,-1.77,-2.648,-5.673
1977,533,dianthraceno-pyrene or dibenzo-octacene,,CC-stretch (6.2 um),1571.1,1569.173,1.927,1.927,1.6984897959183674,2.765235517634649,3.138454443925249,0.0,0.229,-0.838,-1.211
1978,533,dianthraceno-pyrene or dibenzo-octacene,,low / skeletal,514.6,515.797,-1.197,-1.197,-1.07282096069869,0.1590540662193014,-5.468225833072838,0.0,-0.124,-1.356,4.271
1979,533,dianthraceno-pyrene or dibenzo-octacene,,CH-oop (10.5-15 um; benzene nu11 at 673 included),794.0,787.8287,6.171,6.171,5.339355371900827,6.401722972217436,5.138218686580371,0.0,0.832,-0.231,1.033
1980,533,dianthraceno-pyrene or dibenzo-octacene,,CH-oop (10.5-15 um; benzene nu11 at 673 included),706.3,706.1368,0.163,0.163,-0.6686446280991735,-0.11019156194395521,0.06493210662816998,0.0,0.832,0.273,0.098
1981,533,dianthraceno-pyrene or dibenzo-octacene,,low / skeletal,468.3,472.9039,-4.604,-4.604,-4.47982096069869,-3.666509823052667,-9.43410265138937,0.0,-0.124,-0.937,4.83
1982,533,dianthraceno-pyrene or dibenzo-octacene,,CH-ip-bend (8.6 um),1133.6,1145.5911,-11.991,-11.991,-12.890002770083102,-12.200643173173354,-11.152076545129853,0.0,0.899,0.21,-0.839
1983,533,dianthraceno-pyrene or dibenzo-octacene,,CC-stretch (6.2 um),1612.3,1620.8668,-8.567,-8.567,-8.795510204081634,-8.15739841690853,-19.06956957298393,0.0,0.229,-0.41,10.503
1984,533,dianthraceno-pyrene or dibenzo-octacene,,ring / CH-ip (9-10.5 um),1000.4,997.7699,2.63,2.63,4.1787336956521735,6.63705384693281,-2.678283272003754,0.0,-1.549,-4.007,5.308
1985,533,dianthraceno-pyrene or dibenzo-octacene,,CH-ip-bend (8.6 um),1120.1,1116.5836,3.516,3.516,2.6169972299168975,3.273878602386426,4.963071135775958,0.0,0.899,0.242,-1.447
1986,533,dianthraceno-pyrene or dibenzo-octacene,,CC-stretch (6.2 um),1599.7,1596.3571,3.343,3.343,3.1144897959183675,3.7564430024029614,3.0513358662173524,0.0,0.229,-0.413,0.292
1987,533,dianthraceno-pyrene or dibenzo-octacene,,CH-oop (10.5-15 um; benzene nu11 at 673 included),781.5,780.311,1.189,1.189,0.35735537190082656,1.165643244144007,2.732760012582768,0.0,0.832,0.023,-1.544
1988,533,dianthraceno-pyrene or dibenzo-octacene,,CC-stretch/CH-ip (7.7 um),1423.5,1394.158,29.342,29.342,27.975777777777775,28.716127486353688,23.542350288438627,0.0,1.366,0.626,5.8
1989,533,dianthraceno-pyrene or dibenzo-octacene,,CC-stretch/CH-ip (7.7 um),1310.2,1305.7868,4.413,4.413,3.046777777777778,3.4228303779876494,1.8656166307473208,0.0,1.366,0.99,2.547
1990,533,dianthraceno-pyrene or dibenzo-octacene,,CC-stretch (6.2 um),1634.7,1634.2911,0.409,0.409,0.1804897959183673,0.9962199483703178,7.498109307244094,0.0,0.229,-0.587,-7.089
1991,533,dianthraceno-pyrene or dibenzo-octacene,,low / skeletal,460.3,463.1948,-2.895,-2.895,-2.77082096069869,-2.1933494082789307,-7.521139702234899,0.0,-0.124,-0.702,4.626
1992,533,dianthraceno-pyrene or dibenzo-octacene,,CH-oop (10.5-15 um; benzene nu11 at 673 included),847.5,844.7409,2.759,2.759,1.9273553719008265,2.6074519235191573,3.559679466149363,0.0,0.832,0.152,-0.801
1993,533,dianthraceno-pyrene or dibenzo-octacene,,CC-stretch (6.2 um),1528.6,1532.6526,-4.053,-4.053,-4.281510204081632,-3.7337086146117087,-11.717608991014178,0.0,0.229,-0.319,7.665
1994,533,dianthraceno-pyrene or dibenzo-octacene,,CH-ip-bend (8.6 um),1168.4,1165.7408,2.659,2.659,1.7599972299168973,2.4316429847004843,4.206061383764483,0.0,0.899,0.227,-1.547
1995,533,dianthraceno-pyrene or dibenzo-octacene,,CH-oop (10.5-15 um; benzene nu11 at 673 included),953.1,941.3372,11.763,11.763,10.931355371900827,11.902438387578643,0.4935478384187988,0.0,0.832,-0.139,11.269
1996,533,dianthraceno-pyrene or dibenzo-octacene,,CC-stretch (6.2 um),1593.6,1582.689,10.911,10.911,10.682489795918366,11.27468622777218,6.877008241815795,0.0,0.229,-0.364,4.034
1997,533,dianthraceno-pyrene or dibenzo-octacene,,CH-oop (10.5-15 um; benzene nu11 at 673 included),763.6,758.0553,5.545,5.545,4.7133553719008265,5.264155948967941,6.164012492925141,0.0,0.832,0.281,-0.619
1998,533,dianthraceno-pyrene or dibenzo-octacene,,CH-ip-bend (8.6 um),1190.0,1188.0607,1.939,1.939,1.0399972299168976,1.7645039065633972,4.158147774177817,0.0,0.899,0.174,-2.219
1999,533,dianthraceno-pyrene or dibenzo-octacene,,CC-stretch/CH-ip (7.7 um),1344.5,1348.996,-4.496,-4.496,-5.862222222222223,-5.333621008471335,-4.171299865765622,0.0,1.366,0.838,-0.325
2000,533,dianthraceno-pyrene or dibenzo-octacene,,CH-oop (10.5-15 um; benzene nu11 at 673 included),949.1,941.3162,7.784,7.784,6.952355371900826,7.798985319457441,-3.8214895993622635,0.0,0.832,-0.015,11.605
2001,533,dianthraceno-pyrene or dibenzo-octacene,,CH-ip-bend (8.6 um),1238.2,1243.0598,-4.86,-4.86,-5.759002770083103,-4.937204228793407,-1.783698417200473,0.0,0.899,0.077,-3.076
2002,533,dianthraceno-pyrene or dibenzo-octacene,,low / skeletal,631.9,635.3923,-3.492,-3.492,-3.36782096069869,-2.4392306697188717,-4.045244902790504,0.0,-0.124,-1.053,0.553
2003,533,dianthraceno-pyrene or dibenzo-octacene,,CH-oop (10.5-15 um; benzene nu11 at 673 included),879.2,885.8385,-6.638,-6.638,-7.469644628099173,-6.634814216893364,-14.973122812738906,0.0,0.832,-0.003,8.335
2004,533,dianthraceno-pyrene or dibenzo-octacene,,CC-stretch/CH-ip (7.7 um),1465.8,1471.036,-5.236,-5.236,-6.602222222222222,-5.916796237937125,-12.51567136615278,0.0,1.366,0.681,7.28
2005,533,dianthraceno-pyrene or dibenzo-octacene,,CH-ip-bend (8.6 um),1249.5,1243.0798,6.42,6.42,5.5209972299168975,6.3386066320811345,9.5090045893734,0.0,0.899,0.081,-3.089
2006,533,dianthraceno-pyrene or dibenzo-octacene,,ring / CH-ip (9-10.5 um),1107.9,1084.7999,23.1,23.1,24.648733695652176,18.72634554456686,24.425925495243067,0.0,-1.549,4.374,-1.326
2007,533,dianthraceno-pyrene or dibenzo-octacene,,ring / CH-ip (9-10.5 um),1026.8,1014.4473,12.353,12.353,13.901733695652174,16.457955507402737,12.90592700420587,0.0,-1.549,-4.105,-0.553
2008,533,dianthraceno-pyrene or dibenzo-octacene,,CH-oop (10.5-15 um; benzene nu11 at 673 included),917.1,907.5102,9.59,9.59,8.758355371900826,9.510105778463682,4.985362325398879,0.0,0.832,0.08,4.605
2009,533,dianthraceno-pyrene or dibenzo-octacene,,CH-oop (10.5-15 um; benzene nu11 at 673 included),769.1,755.0316,14.068,14.068,13.236355371900826,13.722715077468752,14.309135412513122,0.0,0.832,0.345,-0.241
2010,540,"dibenzo[jk, a1b1]octacene or dianthraceno-pyrene",,low / skeletal,530.7,508.2677,22.432,22.432,22.63668558951965,23.884228181676868,24.530641659732655,0.0,-0.205,-1.452,-2.099
2011,540,"dibenzo[jk, a1b1]octacene or dianthraceno-pyrene",,low / skeletal,612.6,611.2845,1.316,1.316,1.5206855895196507,2.7886183587515294,4.728733852850828,0.0,-0.205,-1.473,-3.413
2012,540,"dibenzo[jk, a1b1]octacene or dianthraceno-pyrene",,CH-oop (10.5-15 um; benzene nu11 at 673 included),720.1,712.0119,8.088,8.088,7.376585123966941,8.015831730445218,9.79608643869311,0.0,0.711,0.072,-1.708
2013,540,"dibenzo[jk, a1b1]octacene or dianthraceno-pyrene",,CH-oop (10.5-15 um; benzene nu11 at 673 included),734.7,749.6906,-14.991,-14.991,-15.702414876033057,-15.172563366189275,-8.68782028931168,0.0,0.711,0.182,-6.303
2014,540,"dibenzo[jk, a1b1]octacene or dianthraceno-pyrene",,low / skeletal,626.6,628.2284,-1.628,-1.628,-1.4233144104803492,-0.09581955500967898,1.5637241094320007,0.0,-0.205,-1.532,-3.192
2015,540,"dibenzo[jk, a1b1]octacene or dianthraceno-pyrene",,CH-ip-bend (8.6 um),1184.8,1180.535,4.265,4.265,3.1779331476323116,3.868921491088557,11.356825253266873,0.0,1.087,0.396,-7.092
2016,540,"dibenzo[jk, a1b1]octacene or dianthraceno-pyrene",,CH-oop (10.5-15 um; benzene nu11 at 673 included),785.5,779.4249,6.075,6.075,5.363585123966942,6.47016025764656,13.573694842678357,0.0,0.711,-0.395,-7.499
2017,540,"dibenzo[jk, a1b1]octacene or dianthraceno-pyrene",,CH-oop (10.5-15 um; benzene nu11 at 673 included),928.8,909.1521,19.648,19.648,18.936585123966942,20.125719165471388,25.01342845337934,0.0,0.711,-0.478,-5.365
2018,540,"dibenzo[jk, a1b1]octacene or dianthraceno-pyrene",,CH-oop (10.5-15 um; benzene nu11 at 673 included),931.5,907.2263,24.274,24.274,23.562585123966944,24.97077284271069,23.348137375887216,0.0,0.711,-0.697,0.926
2019,540,"dibenzo[jk, a1b1]octacene or dianthraceno-pyrene",,CH-ip-bend (8.6 um),1221.6,1240.9368,-19.337,-19.337,-20.424066852367687,-18.38103814713286,-16.389942480878005,0.0,1.087,-0.956,-2.947
2020,540,"dibenzo[jk, a1b1]octacene or dianthraceno-pyrene",,CC-stretch (6.2 um),1611.0,1611.1818,-0.182,-0.182,-0.5186177474402731,0.5643284813444507,-1.020803625310147,0.0,0.337,-0.746,0.839
2021,540,"dibenzo[jk, a1b1]octacene or dianthraceno-pyrene",,CC-stretch/CH-ip (7.7 um),1313.3,1315.8288,-2.529,-2.529,-3.9432223950233283,-3.01128193110459,1.9122408720714903,0.0,1.414,0.482,-4.441
2022,540,"dibenzo[jk, a1b1]octacene or dianthraceno-pyrene",,CC-stretch/CH-ip (7.7 um),1328.7,1348.7641,-20.064,-20.064,-21.478222395023327,-20.944903428672973,-19.534115359437543,0.0,1.414,0.881,-0.53
2023,540,"dibenzo[jk, a1b1]octacene or dianthraceno-pyrene",,CC-stretch/CH-ip (7.7 um),1367.8,1367.1631,0.637,0.637,-0.7772223950233281,0.9720895867703909,1.6594053059035012,0.0,1.414,-0.335,-1.022
2024,540,"dibenzo[jk, a1b1]octacene or dianthraceno-pyrene",,CC-stretch/CH-ip (7.7 um),1285.3,1283.6367,1.663,1.663,0.2487776049766719,0.9718146591981125,-2.325104493934405,0.0,1.414,0.691,3.988
2025,540,"dibenzo[jk, a1b1]octacene or dianthraceno-pyrene",,CC-stretch/CH-ip (7.7 um),1441.9,1436.0076,5.892,5.892,4.477777604976672,5.497333166355381,6.241607152723973,0.0,1.414,0.395,-0.35
2026,540,"dibenzo[jk, a1b1]octacene or dianthraceno-pyrene",,CH-oop (10.5-15 um; benzene nu11 at 673 included),764.1,762.0513,2.049,2.049,1.337585123966942,1.9331162847448673,5.8459336702831255,0.0,0.711,0.116,-3.797
2027,540,"dibenzo[jk, a1b1]octacene or dianthraceno-pyrene",,CC-stretch/CH-ip (7.7 um),1260.7,1274.6183,-13.918,-13.918,-15.332222395023328,-14.776184177413814,-15.390383674332396,0.0,1.414,0.858,1.472
2028,540,"dibenzo[jk, a1b1]octacene or dianthraceno-pyrene",,CH-ip-bend (8.6 um),1200.7,1192.9539,7.746,7.746,6.658933147632313,7.905226028991782,11.329717689031792,0.0,1.087,-0.159,-3.584
2029,540,"dibenzo[jk, a1b1]octacene or dianthraceno-pyrene",,CC-stretch/CH-ip (7.7 um),1470.2,1475.3077,-5.108,-5.108,-6.522222395023328,-4.925731436483861,-5.382116572906942,0.0,1.414,-0.182,0.274
2030,540,"dibenzo[jk, a1b1]octacene or dianthraceno-pyrene",,CC-stretch/CH-ip (7.7 um),1272.9,1298.4331,-25.533,-25.533,-26.947222395023328,-26.630730221105818,-19.94434067722631,0.0,1.414,1.098,-5.589
2031,540,"dibenzo[jk, a1b1]octacene or dianthraceno-pyrene",,CH-ip-bend (8.6 um),1163.5,1173.7343,-10.234,-10.234,-11.321066852367688,-10.335533986062414,-7.705964255724345,0.0,1.087,0.102,-2.528
2032,540,"dibenzo[jk, a1b1]octacene or dianthraceno-pyrene",,CH-oop (10.5-15 um; benzene nu11 at 673 included),797.2,797.4527,-0.253,-0.253,-0.9644148760330579,0.04333407244552545,-3.101447257803449,0.0,0.711,-0.296,2.848
2033,540,"dibenzo[jk, a1b1]octacene or dianthraceno-pyrene",,CH-ip-bend (8.6 um),1152.0,1152.1481,-0.148,-0.148,-1.235066852367688,0.19299973802558604,-5.5809801182270435,0.0,1.087,-0.341,5.433
2034,540,"dibenzo[jk, a1b1]octacene or dianthraceno-pyrene",,ring / CH-ip (9-10.5 um),1047.1,1026.0816,21.018,21.018,22.402027173913044,25.563181501309458,22.73455184054157,0.0,-1.384,-4.545,-1.717
2035,540,"dibenzo[jk, a1b1]octacene or dianthraceno-pyrene",,CH-ip-bend (8.6 um),1174.2,1189.149,-14.949,-14.949,-16.03606685236769,-15.237328478175316,-12.677961944263338,0.0,1.087,0.288,-2.271
2036,540,"dibenzo[jk, a1b1]octacene or dianthraceno-pyrene",,CH-oop (10.5-15 um; benzene nu11 at 673 included),919.8,906.7021,13.098,13.098,12.386585123966944,13.311543320990829,17.585427175861582,0.0,0.711,-0.214,-4.487
2037,540,"dibenzo[jk, a1b1]octacene or dianthraceno-pyrene",,CH-oop (10.5-15 um; benzene nu11 at 673 included),919.8,894.4736,25.326,25.326,24.614585123966943,25.736585231562977,30.150963375287496,0.0,0.711,-0.411,-4.825
2038,540,"dibenzo[jk, a1b1]octacene or dianthraceno-pyrene",,CC-stretch/CH-ip (7.7 um),1360.7,1358.3014,2.399,2.399,0.9847776049766719,2.760331286698368,-0.2800197136024489,0.0,1.414,-0.361,2.679
2039,540,"dibenzo[jk, a1b1]octacene or dianthraceno-pyrene",,CC-stretch/CH-ip (7.7 um),1420.8,1399.7528,21.047,21.047,19.632777604976674,20.483400446440523,24.896489113799024,0.0,1.414,0.564,-3.849
2040,540,"dibenzo[jk, a1b1]octacene or dianthraceno-pyrene",,low / skeletal,588.4,604.2721,-15.872,-15.872,-15.66731441048035,-14.251406101737784,-9.146473322216806,0.0,-0.205,-1.621,-6.726
2041,540,"dibenzo[jk, a1b1]octacene or dianthraceno-pyrene",,CC-stretch (6.2 um),1590.0,1595.8924,-5.892,-5.892,-6.228617747440273,-5.449711083681375,-2.6525784260183944,0.0,0.337,-0.442,-3.239
2042,540,"dibenzo[jk, a1b1]octacene or dianthraceno-pyrene",,ring / CH-ip (9-10.5 um),1066.1,1086.9431,-20.843,-20.843,-19.458972826086956,-25.947453610843205,-23.28460095322455,0.0,-1.384,5.104,2.442
2043,540,"dibenzo[jk, a1b1]octacene or dianthraceno-pyrene",,CC-stretch (6.2 um),1529.6,1536.0848,-6.485,-6.485,-6.821617747440273,-5.2703393032882175,-8.134284184568875,0.0,0.337,-1.215,1.649
2044,540,"dibenzo[jk, a1b1]octacene or dianthraceno-pyrene",,CH-oop (10.5-15 um; benzene nu11 at 673 included),902.6,880.1755,22.424,22.424,21.712585123966942,22.650328945060917,23.266811526557532,0.0,0.711,-0.226,-0.843
2045,540,"dibenzo[jk, a1b1]octacene or dianthraceno-pyrene",,CC-stretch (6.2 um),1493.3,1512.9408,-19.641,-19.641,-19.97761774744027,-18.453577281215715,-20.23635270312898,0.0,0.337,-1.187,0.595
2046,540,"dibenzo[jk, a1b1]octacene or dianthraceno-pyrene",,CH-oop (10.5-15 um; benzene nu11 at 673 included),884.9,855.0322,29.868,29.868,29.15658512396694,30.032496612172533,31.795737797112135,0.0,0.711,-0.164,-1.928
2047,540,"dibenzo[jk, a1b1]octacene or dianthraceno-pyrene",,CC-stretch (6.2 um),1556.1,1560.9438,-4.844,-4.844,-5.180617747440273,-4.153684083716557,-11.127108026092834,0.0,0.337,-0.69,6.283
2048,540,"dibenzo[jk, a1b1]octacene or dianthraceno-pyrene",,CH-ip-bend (8.6 um),1231.9,1242.9017,-11.002,-11.002,-12.089066852367688,-11.049389680009757,-2.165284336828437,0.0,1.087,0.047,-8.837
2049,540,"dibenzo[jk, a1b1]octacene or dianthraceno-pyrene",,CC-stretch (6.2 um),1593.9,1597.1391,-3.239,-3.239,-3.575617747440273,-2.622083969781621,0.3963019776617691,0.0,0.337,-0.617,-3.635
2050,540,"dibenzo[jk, a1b1]octacene or dianthraceno-pyrene",,CC-stretch/CH-ip (7.7 um),1406.3,1384.9664,21.334,21.334,19.919777604976673,20.98400765091521,27.956251488069157,0.0,1.414,0.35,-6.622
2051,540,"dibenzo[jk, a1b1]octacene or dianthraceno-pyrene",,CC-stretch/CH-ip (7.7 um),1401.0,1380.3982,20.602,20.602,19.187777604976674,19.82171289436356,22.42105981759349,0.0,1.414,0.78,-1.819
2052,540,"dibenzo[jk, a1b1]octacene or dianthraceno-pyrene",,ring / CH-ip (9-10.5 um),970.7,963.0982,7.602,7.602,8.986027173913044,11.625268241268701,1.7986798364831742,0.0,-1.384,-4.023,5.803
2053,540,"dibenzo[jk, a1b1]octacene or dianthraceno-pyrene",,CH-oop (10.5-15 um; benzene nu11 at 673 included),850.3,852.7667,-2.467,-2.467,-3.1784148760330577,-2.2187558759268478,2.8989787144536403,0.0,0.711,-0.248,-5.366
2054,540,"dibenzo[jk, a1b1]octacene or dianthraceno-pyrene",,CC-stretch (6.2 um),1584.3,1571.4941,12.806,12.806,12.469382252559726,13.122021129900796,12.600953174993274,0.0,0.337,-0.316,0.205
2055,540,"dibenzo[jk, a1b1]octacene or dianthraceno-pyrene",,CH-ip-bend (8.6 um),1092.6,1116.9747,-24.375,-24.375,-25.462066852367688,-24.83514070807598,-18.074137431389897,0.0,1.087,0.46,-6.301
2056,134,"1,14-benzodinaptho-(1"""",7"""";2,4),(7\'"""",1\'"""";11,13)-bisanthene",,CH-stretch,3053.4,3054.1051,-0.705,-0.705,1.3084521739130435,1.4463210748475195,8.63441528318806,0.0,-2.013,-2.151,-9.339
2057,134,"1,14-benzodinaptho-(1"""",7"""";2,4),(7\'"""",1\'"""";11,13)-bisanthene",,CH-stretch,3103.1,3102.2504,0.85,0.85,2.8634521739130436,3.2051890504502416,5.157887216716715,0.0,-2.013,-2.355,-4.308
2058,134,"1,14-benzodinaptho-(1"""",7"""";2,4),(7\'"""",1\'"""";11,13)-bisanthene",,CH-stretch,3078.4,3071.3522,7.048,7.048,9.061452173913043,9.646879583167447,14.87937135284175,0.0,-2.013,-2.599,-7.831
2059,134,"1,14-benzodinaptho-(1"""",7"""";2,4),(7\'"""",1\'"""";11,13)-bisanthene",,CC-stretch/CH-ip (7.7 um),1328.6,1319.6519,8.948,8.948,7.550771875000001,7.997205709786993,10.628192426770664,0.0,1.397,0.951,-1.68
2060,134,"1,14-benzodinaptho-(1"""",7"""";2,4),(7\'"""",1\'"""";11,13)-bisanthene",,CH-oop (10.5-15 um; benzene nu11 at 673 included),814.0,815.8088,-1.809,-1.809,-2.699154485049834,-1.4117641733371433,0.38954729938015453,0.0,0.89,-0.397,-2.199
2061,134,"1,14-benzodinaptho-(1"""",7"""";2,4),(7\'"""",1\'"""";11,13)-bisanthene",,CH-oop (10.5-15 um; benzene nu11 at 673 included),781.1,784.89,-3.79,-3.79,-4.680154485049834,-3.9862034642232445,-1.7252995181728399,0.0,0.89,0.196,-2.065
2062,134,"1,14-benzodinaptho-(1"""",7"""";2,4),(7\'"""",1\'"""";11,13)-bisanthene",,CC-stretch/CH-ip (7.7 um),1399.3,1413.6738,-14.374,-14.374,-15.771228125,-15.572395782654118,-14.996809330328576,0.0,1.397,1.198,0.623
2063,134,"1,14-benzodinaptho-(1"""",7"""";2,4),(7\'"""",1\'"""";11,13)-bisanthene",,CC-stretch/CH-ip (7.7 um),1460.9,1460.0673,0.833,0.833,-0.5642281250000001,-0.386760805673084,-1.0859143770740622,0.0,1.397,1.22,1.919
2064,134,"1,14-benzodinaptho-(1"""",7"""";2,4),(7\'"""",1\'"""";11,13)-bisanthene",,CC-stretch/CH-ip (7.7 um),1483.0,1478.7305,4.27,4.27,2.8727718749999998,3.4135840354580576,4.044161199952544,0.0,1.397,0.856,0.226
2065,134,"1,14-benzodinaptho-(1"""",7"""";2,4),(7\'"""",1\'"""";11,13)-bisanthene",,CH-oop (10.5-15 um; benzene nu11 at 673 included),760.6,757.0621,3.538,3.538,2.647845514950166,2.726174857814162,4.819857598581962,0.0,0.89,0.812,-1.282
2066,134,"1,14-benzodinaptho-(1"""",7"""";2,4),(7\'"""",1\'"""";11,13)-bisanthene",,CC-stretch/CH-ip (7.7 um),1293.8,1296.5162,-2.716,-2.716,-4.113228125,-4.121389596474292,-5.189110952719469,0.0,1.397,1.405,2.473
2067,134,"1,14-benzodinaptho-(1"""",7"""";2,4),(7\'"""",1\'"""";11,13)-bisanthene",,ring / CH-ip (9-10.5 um),954.5,959.1281,-4.628,-4.628,-3.3715597826086956,-1.2853416645864177,-6.860481590627492,0.0,-1.256,-3.343,2.232
2068,134,"1,14-benzodinaptho-(1"""",7"""";2,4),(7\'"""",1\'"""";11,13)-bisanthene",,CC-stretch (6.2 um),1592.5,1589.6125,2.888,2.888,2.611541379310345,2.9137194863735596,6.739924079541751,0.0,0.276,-0.026,-3.852
2069,134,"1,14-benzodinaptho-(1"""",7"""";2,4),(7\'"""",1\'"""";11,13)-bisanthene",,CC-stretch (6.2 um),1513.5,1516.0138,-2.514,-2.514,-2.790458620689655,-2.7668273175779543,-7.259193884253554,0.0,0.276,0.253,4.745
2070,134,"1,14-benzodinaptho-(1"""",7"""";2,4),(7\'"""",1\'"""";11,13)-bisanthene",,CC-stretch (6.2 um),1595.5,1598.1634,-2.663,-2.663,-2.939458620689655,-2.461565734500919,2.6718979515651013,0.0,0.276,-0.201,-5.335
2071,134,"1,14-benzodinaptho-(1"""",7"""";2,4),(7\'"""",1\'"""";11,13)-bisanthene",,CH-ip-bend (8.6 um),1236.9,1232.4512,4.449,4.449,3.627240223463687,4.177354137770371,6.679574349037443,0.0,0.822,0.272,-2.231
2072,134,"1,14-benzodinaptho-(1"""",7"""";2,4),(7\'"""",1\'"""";11,13)-bisanthene",,CH-oop (10.5-15 um; benzene nu11 at 673 included),717.5,718.8847,-1.385,-1.385,-2.2751544850498338,-2.2753830452192996,-4.62936344242736,0.0,0.89,0.89,3.244
2073,134,"1,14-benzodinaptho-(1"""",7"""";2,4),(7\'"""",1\'"""";11,13)-bisanthene",,CH-ip-bend (8.6 um),1211.3,1208.5887,2.711,2.711,1.8892402234636871,2.3054211807247107,-0.3475534690793207,0.0,0.822,0.406,3.059
2074,134,"1,14-benzodinaptho-(1"""",7"""";2,4),(7\'"""",1\'"""";11,13)-bisanthene",,CC-stretch/CH-ip (7.7 um),1317.2,1309.2668,7.933,7.933,6.535771875,6.868221201591716,11.732512926668157,0.0,1.397,1.065,-3.8
2075,134,"1,14-benzodinaptho-(1"""",7"""";2,4),(7\'"""",1\'"""";11,13)-bisanthene",,CC-stretch/CH-ip (7.7 um),1308.1,1299.4158,8.684,8.684,7.2867718749999995,7.327641038622047,6.312525143155215,0.0,1.397,1.356,2.371
2076,134,"1,14-benzodinaptho-(1"""",7"""";2,4),(7\'"""",1\'"""";11,13)-bisanthene",,CC-stretch/CH-ip (7.7 um),1427.0,1419.3877,7.612,7.612,6.214771875,6.490214913144746,8.496831877738233,0.0,1.397,1.122,-0.885
2077,134,"1,14-benzodinaptho-(1"""",7"""";2,4),(7\'"""",1\'"""";11,13)-bisanthene",,CC-stretch (6.2 um),1589.1,1586.9832,2.117,2.117,1.840541379310345,2.0105472724949953,8.005992743831683,0.0,0.276,0.106,-5.889
2078,134,"1,14-benzodinaptho-(1"""",7"""";2,4),(7\'"""",1\'"""";11,13)-bisanthene",,CC-stretch (6.2 um),1615.6,1621.4187,-5.819,-5.819,-6.095458620689655,-5.936516566770699,-2.848923173644684,0.0,0.276,0.118,-2.97
2079,134,"1,14-benzodinaptho-(1"""",7"""";2,4),(7\'"""",1\'"""";11,13)-bisanthene",,CH-ip-bend (8.6 um),1225.4,1220.3901,5.01,5.01,4.188240223463687,4.54283370000775,-0.6711793835937696,0.0,0.822,0.467,5.681
2080,134,"1,14-benzodinaptho-(1"""",7"""";2,4),(7\'"""",1\'"""";11,13)-bisanthene",,CH-ip-bend (8.6 um),1219.4,1194.5832,24.817,24.817,23.995240223463686,24.140171101637613,21.96513109151654,0.0,0.822,0.677,2.852
2081,134,"1,14-benzodinaptho-(1"""",7"""";2,4),(7\'"""",1\'"""";11,13)-bisanthene",,CH-oop (10.5-15 um; benzene nu11 at 673 included),753.4,746.1868,7.213,7.213,6.322845514950166,6.794749632097396,15.131111030433797,0.0,0.89,0.418,-7.918
2082,134,"1,14-benzodinaptho-(1"""",7"""";2,4),(7\'"""",1\'"""";11,13)-bisanthene",,CC-stretch (6.2 um),1508.4,1508.7606,-0.361,-0.361,-0.6374586206896551,-0.47574524057108114,-4.193624689832148,0.0,0.276,0.115,3.833
2083,134,"1,14-benzodinaptho-(1"""",7"""";2,4),(7\'"""",1\'"""";11,13)-bisanthene",,CC-stretch/CH-ip (7.7 um),1355.2,1352.4741,2.726,2.726,1.328771875,1.3156724254953451,-0.8944682254096539,0.0,1.397,1.41,3.62
2084,134,"1,14-benzodinaptho-(1"""",7"""";2,4),(7\'"""",1\'"""";11,13)-bisanthene",,CC-stretch (6.2 um),1544.8,1536.4896,8.31,8.31,8.033541379310345,8.160883492923409,5.443008882421591,0.0,0.276,0.149,2.867
2085,134,"1,14-benzodinaptho-(1"""",7"""";2,4),(7\'"""",1\'"""";11,13)-bisanthene",,CH-oop (10.5-15 um; benzene nu11 at 673 included),663.9,661.4811,2.419,2.419,1.528845514950166,1.467288095466357,-1.0163502077896123,0.0,0.89,0.952,3.435
2086,134,"1,14-benzodinaptho-(1"""",7"""";2,4),(7\'"""",1\'"""";11,13)-bisanthene",,ring / CH-ip (9-10.5 um),1077.9,1087.4171,-9.517,-9.517,-8.260559782608695,-5.84771763930597,-10.314274413326103,0.0,-1.256,-3.669,0.797
2087,134,"1,14-benzodinaptho-(1"""",7"""";2,4),(7\'"""",1\'"""";11,13)-bisanthene",,CH-oop (10.5-15 um; benzene nu11 at 673 included),892.0,883.3485,8.652,8.652,7.761845514950165,8.157966755939675,7.207228230517353,0.0,0.89,0.494,1.445
2088,134,"1,14-benzodinaptho-(1"""",7"""";2,4),(7\'"""",1\'"""";11,13)-bisanthene",,CC-stretch (6.2 um),1584.1,1584.0484,0.052,0.052,-0.22445862068965516,0.009242727057460938,7.913435553340086,0.0,0.276,0.043,-7.861
2089,134,"1,14-benzodinaptho-(1"""",7"""";2,4),(7\'"""",1\'"""";11,13)-bisanthene",,CH-oop (10.5-15 um; benzene nu11 at 673 included),829.5,833.1266,-3.627,-3.627,-4.517154485049834,-4.343540197665821,-0.6310517451699225,0.0,0.89,0.717,-2.996
2090,134,"1,14-benzodinaptho-(1"""",7"""";2,4),(7\'"""",1\'"""";11,13)-bisanthene",,CC-stretch/CH-ip (7.7 um),1474.6,1458.5094,16.091,16.091,14.693771875000001,14.902858372715773,14.202767147280195,0.0,1.397,1.188,1.888
2091,134,"1,14-benzodinaptho-(1"""",7"""";2,4),(7\'"""",1\'"""";11,13)-bisanthene",,CH-ip-bend (8.6 um),1176.9,1173.6122,3.288,3.288,2.466240223463687,2.620453622487598,3.7076721847980845,0.0,0.822,0.668,-0.42
2092,134,"1,14-benzodinaptho-(1"""",7"""";2,4),(7\'"""",1\'"""";11,13)-bisanthene",,CH-oop (10.5-15 um; benzene nu11 at 673 included),799.7,797.2999,2.4,2.4,1.509845514950166,1.6607748754988918,3.9800625793521895,0.0,0.89,0.739,-1.58
2093,134,"1,14-benzodinaptho-(1"""",7"""";2,4),(7\'"""",1\'"""";11,13)-bisanthene",,CC-stretch/CH-ip (7.7 um),1468.9,1450.4337,18.466,18.466,17.068771875,17.45657362426253,22.890627371917788,0.0,1.397,1.009,-4.425
2094,134,"1,14-benzodinaptho-(1"""",7"""";2,4),(7\'"""",1\'"""";11,13)-bisanthene",,ring / CH-ip (9-10.5 um),1041.2,1042.7539,-1.554,-1.554,-0.29755978260869576,1.972728951303312,4.838856320468493,0.0,-1.256,-3.527,-6.393
2095,134,"1,14-benzodinaptho-(1"""",7"""";2,4),(7\'"""",1\'"""";11,13)-bisanthene",,CC-stretch/CH-ip (7.7 um),1345.0,1351.6064,-6.606,-6.606,-8.003228125,-7.994866775518,-8.893050724539135,0.0,1.397,1.389,2.287
2096,134,"1,14-benzodinaptho-(1"""",7"""";2,4),(7\'"""",1\'"""";11,13)-bisanthene",,CH-oop (10.5-15 um; benzene nu11 at 673 included),836.2,808.7031,27.497,27.497,26.606845514950166,27.491809828616017,28.55776889294211,0.0,0.89,0.005,-1.061
2097,134,"1,14-benzodinaptho-(1"""",7"""";2,4),(7\'"""",1\'"""";11,13)-bisanthene",,CC-stretch/CH-ip (7.7 um),1373.9,1372.3377,1.562,1.562,0.164771875,0.12560402325330333,3.221626536279344,0.0,1.397,1.436,-1.66
2098,134,"1,14-benzodinaptho-(1"""",7"""";2,4),(7\'"""",1\'"""";11,13)-bisanthene",,CH-ip-bend (8.6 um),1129.3,1122.9244,6.376,6.376,5.554240223463688,5.7381778652990745,1.6735852891445004,0.0,0.822,0.638,4.702
2099,134,"1,14-benzodinaptho-(1"""",7"""";2,4),(7\'"""",1\'"""";11,13)-bisanthene",,low / skeletal,530.8,528.1454,2.655,2.655,2.856237885462555,3.138211223375955,4.392934951098235,0.0,-0.201,-0.483,-1.738
2100,134,"1,14-benzodinaptho-(1"""",7"""";2,4),(7\'"""",1\'"""";11,13)-bisanthene",,low / skeletal,493.2,491.9241,1.276,1.276,1.4772378854625552,1.7492487304310822,0.30802968760731075,0.0,-0.201,-0.473,0.968
2101,134,"1,14-benzodinaptho-(1"""",7"""";2,4),(7\'"""",1\'"""";11,13)-bisanthene",,CH-oop (10.5-15 um; benzene nu11 at 673 included),865.4,864.5321,0.868,0.868,-0.022154485049833972,0.2592522279943136,4.533869778735038,0.0,0.89,0.609,-3.666
2102,134,"1,14-benzodinaptho-(1"""",7"""";2,4),(7\'"""",1\'"""";11,13)-bisanthene",,CH-ip-bend (8.6 um),1194.2,1191.2739,2.926,2.926,2.1042402234636874,2.336505819134029,0.8019901416870834,0.0,0.822,0.589,2.124
2103,134,"1,14-benzodinaptho-(1"""",7"""";2,4),(7\'"""",1\'"""";11,13)-bisanthene",,low / skeletal,561.3,564.3127,-3.013,-3.013,-2.8117621145374447,-2.4322927748016143,-3.035170545076828,0.0,-0.201,-0.581,0.022
2104,134,"1,14-benzodinaptho-(1"""",7"""";2,4),(7\'"""",1\'"""";11,13)-bisanthene",,CH-ip-bend (8.6 um),1111.3,1137.6681,-26.368,-26.368,-27.189759776536313,-27.114667592987715,-28.117013872813526,0.0,0.822,0.747,1.749
2105,134,"1,14-benzodinaptho-(1"""",7"""";2,4),(7\'"""",1\'"""";11,13)-bisanthene",,low / skeletal,598.6,597.3412,1.259,1.259,1.460237885462555,1.7881163062205034,-2.808609278347961,0.0,-0.201,-0.529,4.068
2106,134,"1,14-benzodinaptho-(1"""",7"""";2,4),(7\'"""",1\'"""";11,13)-bisanthene",,CH-ip-bend (8.6 um),1164.9,1160.0763,4.824,4.824,4.002240223463687,4.118115937293918,5.365291476867501,0.0,0.822,0.706,-0.541
2107,134,"1,14-benzodinaptho-(1"""",7"""";2,4),(7\'"""",1\'"""";11,13)-bisanthene",,CC-stretch/CH-ip (7.7 um),1377.3,1384.53,-7.23,-7.23,-8.627228125,-8.17266723134282,-8.278535411690953,0.0,1.397,0.943,1.049
2108,134,"1,14-benzodinaptho-(1"""",7"""";2,4),(7\'"""",1\'"""";11,13)-bisanthene",,low / skeletal,499.5,497.1037,2.396,2.396,2.597237885462555,2.7590255062552567,0.3139697496173861,0.0,-0.201,-0.363,2.082
2109,134,"1,14-benzodinaptho-(1"""",7"""";2,4),(7\'"""",1\'"""";11,13)-bisanthene",,CH-oop (10.5-15 um; benzene nu11 at 673 included),725.0,727.6742,-2.674,-2.674,-3.564154485049834,-3.2079399314646926,-5.205585907568628,0.0,0.89,0.534,2.532
2110,134,"1,14-benzodinaptho-(1"""",7"""";2,4),(7\'"""",1\'"""";11,13)-bisanthene",,low / skeletal,536.7,536.2172,0.483,0.483,0.684237885462555,0.8841081975258122,-0.8285878933181593,0.0,-0.201,-0.401,1.312
2111,134,"1,14-benzodinaptho-(1"""",7"""";2,4),(7\'"""",1\'"""";11,13)-bisanthene",,CH-oop (10.5-15 um; benzene nu11 at 673 included),870.0,876.465,-6.465,-6.465,-7.355154485049834,-6.978147895835084,-7.05752823337405,0.0,0.89,0.513,0.593
2112,134,"1,14-benzodinaptho-(1"""",7"""";2,4),(7\'"""",1\'"""";11,13)-bisanthene",,CC-stretch (6.2 um),1557.2,1569.0744,-11.874,-11.874,-12.150458620689657,-12.128939567099202,-14.040119184160826,0.0,0.276,0.255,2.166
2113,134,"1,14-benzodinaptho-(1"""",7"""";2,4),(7\'"""",1\'"""";11,13)-bisanthene",,CC-stretch (6.2 um),1601.5,1600.6565,0.843,0.843,0.5665413793103449,0.8036085384584503,7.988658316040019,0.0,0.276,0.039,-7.146
2114,134,"1,14-benzodinaptho-(1"""",7"""";2,4),(7\'"""",1\'"""";11,13)-bisanthene",,CH-oop (10.5-15 um; benzene nu11 at 673 included),879.5,878.5315,0.968,0.968,0.077845514950166,0.37864573113435207,5.187660400279719,0.0,0.89,0.589,-4.22
2115,134,"1,14-benzodinaptho-(1"""",7"""";2,4),(7\'"""",1\'"""";11,13)-bisanthene",,CH-oop (10.5-15 um; benzene nu11 at 673 included),943.3,949.4331,-6.133,-6.133,-7.023154485049834,-6.343943774101713,-10.439972876437263,0.0,0.89,0.211,4.307
2116,134,"1,14-benzodinaptho-(1"""",7"""";2,4),(7\'"""",1\'"""";11,13)-bisanthene",,CC-stretch/CH-ip (7.7 um),1262.7,1287.3579,-24.658,-24.658,-26.055228125000003,-26.004073279016648,-26.663954097662856,0.0,1.397,1.346,2.006
2117,105,hexbenzcoronene,,CH-oop (10.5-15 um; benzene nu11 at 673 included),772.4,770.3204,2.08,2.08,1.1962182410423454,3.731652679450377,5.683071250400857,0.0,0.884,-1.652,-3.603
2118,105,hexbenzcoronene,,CH-stretch,3102.9,3115.0373,-12.137,-12.137,-10.323179487179488,-8.127190158279289,-15.950824685131657,0.0,-1.814,-4.01,3.814
2119,105,hexbenzcoronene,,CC-stretch/CH-ip (7.7 um),1380.8,1368.2399,12.56,12.56,11.18851076923077,12.908205177049654,8.572142610928214,0.0,1.371,-0.348,3.988
2120,105,hexbenzcoronene,,CH-oop (10.5-15 um; benzene nu11 at 673 included),747.4,729.9403,17.46,17.46,16.576218241042348,17.99255170766367,15.893807211514742,0.0,0.884,-0.533,1.566
2121,105,hexbenzcoronene,,CH-ip-bend (8.6 um),1229.4,1224.7015,4.699,4.699,3.8611232876712327,5.475686167487276,4.853579156752328,0.0,0.838,-0.777,-0.155
2122,105,hexbenzcoronene,,ring / CH-ip (9-10.5 um),1098.3,1091.9626,6.337,6.337,7.691372972972973,2.330472250518806,1.0775562580285882,0.0,-1.354,4.007,5.259
2123,105,hexbenzcoronene,,CC-stretch/CH-ip (7.7 um),1497.0,1487.4722,9.528,9.528,8.15651076923077,9.756892862986396,12.221172091156292,0.0,1.371,-0.229,-2.693
2124,105,hexbenzcoronene,,CC-stretch/CH-ip (7.7 um),1410.9,1394.1753,16.725,16.725,15.35351076923077,16.79151325328301,14.257904089789768,0.0,1.371,-0.067,2.467
2125,105,hexbenzcoronene,,CH-oop (10.5-15 um; benzene nu11 at 673 included),681.1,679.7373,1.363,1.363,0.47921824104234534,1.7667890665624235,-0.26478253781672634,0.0,0.884,-0.404,1.628
2126,105,hexbenzcoronene,,low / skeletal,593.7,592.1726,1.527,1.527,1.6769173913043478,3.3444971327453503,3.9733220654534787,0.0,-0.15,-1.817,-2.446
2127,105,hexbenzcoronene,,CC-stretch/CH-ip (7.7 um),1311.1,1301.6739,9.426,9.426,8.05451076923077,9.307064482918564,10.723664548392403,0.0,1.371,0.119,-1.298
2128,105,hexbenzcoronene,,ring / CH-ip (9-10.5 um),1089.3,1091.9624,-2.662,-2.662,-1.307627027027027,-6.66852960505446,-7.921443741971411,0.0,-1.354,4.007,5.259
2129,105,hexbenzcoronene,,CH-ip-bend (8.6 um),1236.4,1224.7013,11.699,11.699,10.861123287671234,12.475676545735919,11.853579156752328,0.0,0.838,-0.777,-0.155
2130,105,hexbenzcoronene,,low / skeletal,548.0,542.9355,5.064,5.064,5.2139173913043475,6.68585467121305,-2.1792743660462888,0.0,-0.15,-1.622,7.243
2131,105,hexbenzcoronene,,low / skeletal,530.2,542.9354,-12.735,-12.735,-12.585082608695652,-11.11313417836954,-19.97827436604629,0.0,-0.15,-1.622,7.243
2132,105,hexbenzcoronene,,CC-stretch/CH-ip (7.7 um),1344.3,1368.2397,-23.94,-23.94,-25.311489230769233,-23.591787091342376,-27.927857389071786,0.0,1.371,-0.348,3.988
2133,105,hexbenzcoronene,,CC-stretch (6.2 um),1565.3,1591.3107,-26.011,-26.011,-26.335959866220733,-24.707995569462433,-27.095318966056688,0.0,0.325,-1.303,1.084
2134,137,"2,3;12,13;15,16-tribenzoterrylene",,CH-stretch,3083.5,3083.368,0.132,0.132,2.0296293103448275,1.5643924856761395,4.124503977175464,0.0,-1.898,-1.432,-3.993
2135,137,"2,3;12,13;15,16-tribenzoterrylene",,CH-stretch,3068.6,3072.9607,-4.361,-4.361,-2.4633706896551724,-3.0613296240782146,1.8767353791882675,0.0,-1.898,-1.3,-6.238
2136,137,"2,3;12,13;15,16-tribenzoterrylene",,CH-oop (10.5-15 um; benzene nu11 at 673 included),755.2,755.0932,0.107,0.107,-0.88810756302521,-0.6481641613590964,0.33910182176429005,0.0,0.995,0.755,-0.232
2137,137,"2,3;12,13;15,16-tribenzoterrylene",,CH-oop (10.5-15 um; benzene nu11 at 673 included),759.2,758.2547,0.945,0.945,-0.05010756302521002,-1.0908239239031858,0.1426908297219196,0.0,0.995,2.036,0.802
2138,137,"2,3;12,13;15,16-tribenzoterrylene",,CC-stretch/CH-ip (7.7 um),1445.1,1443.9152,1.185,1.185,-0.18433956386292838,-0.896962054570765,1.2145909119698617,0.0,1.369,2.082,-0.03
2139,137,"2,3;12,13;15,16-tribenzoterrylene",,CC-stretch/CH-ip (7.7 um),1351.5,1341.1896,10.31,10.31,8.940660436137073,8.112571963251073,10.302963436782472,0.0,1.369,2.197,0.007
2140,137,"2,3;12,13;15,16-tribenzoterrylene",,CH-oop (10.5-15 um; benzene nu11 at 673 included),746.9,750.534,-3.634,-3.634,-4.62910756302521,-5.764322429367727,-8.984063127499942,0.0,0.995,2.13,5.35
2141,137,"2,3;12,13;15,16-tribenzoterrylene",,CH-oop (10.5-15 um; benzene nu11 at 673 included),815.0,809.6687,5.331,5.331,4.33589243697479,3.344161064831432,3.900915822370254,0.0,0.995,1.987,1.43
2142,137,"2,3;12,13;15,16-tribenzoterrylene",,CC-stretch/CH-ip (7.7 um),1463.3,1465.3004,-2.0,-2.0,-3.3693395638629284,-4.369510030364964,-7.240298348260679,0.0,1.369,2.37,5.24
2143,137,"2,3;12,13;15,16-tribenzoterrylene",,CC-stretch/CH-ip (7.7 um),1388.4,1385.7188,2.681,2.681,1.3116604361370716,0.3997200243515455,2.1066116440431837,0.0,1.369,2.281,0.574
2144,137,"2,3;12,13;15,16-tribenzoterrylene",,CH-ip-bend (8.6 um),1216.6,1218.9437,-2.344,-2.344,-3.28296675900277,-4.127546378985518,-4.101105945762047,0.0,0.939,1.784,1.757
2145,137,"2,3;12,13;15,16-tribenzoterrylene",,CC-stretch (6.2 um),1590.0,1590.9935,-0.994,-0.994,-1.1607210884353742,-2.139162704846213,-3.120476252960013,0.0,0.167,1.145,2.126
2146,137,"2,3;12,13;15,16-tribenzoterrylene",,CC-stretch/CH-ip (7.7 um),1496.7,1494.0258,2.674,2.674,1.3046604361370715,0.5974887015543286,-0.6760636904912412,0.0,1.369,2.077,3.35
2147,137,"2,3;12,13;15,16-tribenzoterrylene",,CH-oop (10.5-15 um; benzene nu11 at 673 included),776.6,774.7398,1.86,1.86,0.8648924369747901,0.04594930126536867,-0.838177169098347,0.0,0.995,1.814,2.698
2148,137,"2,3;12,13;15,16-tribenzoterrylene",,CH-oop (10.5-15 um; benzene nu11 at 673 included),906.1,904.7687,1.331,1.331,0.33589243697479,-0.23140892932662105,-0.8999104819874777,0.0,0.995,1.562,2.231
2149,137,"2,3;12,13;15,16-tribenzoterrylene",,CC-stretch/CH-ip (7.7 um),1403.8,1402.2178,1.582,1.582,0.21266043613707164,-0.5964853124596414,-4.855024214463139,0.0,1.369,2.178,6.437
2150,137,"2,3;12,13;15,16-tribenzoterrylene",,CH-oop (10.5-15 um; benzene nu11 at 673 included),799.2,805.2594,-6.059,-6.059,-7.054107563025211,-7.663470282994583,-2.7252609649021204,0.0,0.995,1.604,-3.334
2151,137,"2,3;12,13;15,16-tribenzoterrylene",,CH-oop (10.5-15 um; benzene nu11 at 673 included),882.2,888.8712,-6.671,-6.671,-7.666107563025211,-8.614813906269886,-12.044812340761698,0.0,0.995,1.944,5.374
2152,137,"2,3;12,13;15,16-tribenzoterrylene",,ring / CH-ip (9-10.5 um),1032.3,1029.6595,2.64,2.64,4.040754098360656,5.042841121713478,1.0231165010811947,0.0,-1.401,-2.403,1.617
2153,137,"2,3;12,13;15,16-tribenzoterrylene",,CC-stretch (6.2 um),1524.6,1527.2956,-2.696,-2.696,-2.862721088435374,-3.8701416328408045,-7.804845660179147,0.0,0.167,1.174,5.109
2154,137,"2,3;12,13;15,16-tribenzoterrylene",,CC-stretch (6.2 um),1601.9,1601.843,0.057,0.057,-0.10972108843537418,-0.95065753953692,2.4834203739836065,0.0,0.167,1.008,-2.426
2155,137,"2,3;12,13;15,16-tribenzoterrylene",,ring / CH-ip (9-10.5 um),1042.5,1040.255,2.245,2.245,3.645754098360656,4.716613021178748,8.047306689945897,0.0,-1.401,-2.472,-5.802
2156,137,"2,3;12,13;15,16-tribenzoterrylene",,low / skeletal,584.6,583.6815,0.918,0.918,1.415798206278027,0.8656769914670916,1.240146692563333,0.0,-0.498,0.052,-0.322
2157,137,"2,3;12,13;15,16-tribenzoterrylene",,CH-oop (10.5-15 um; benzene nu11 at 673 included),765.8,781.0756,-15.276,-15.276,-16.27110756302521,-17.313676476146696,-14.341942777509097,0.0,0.995,2.038,-0.934
2158,137,"2,3;12,13;15,16-tribenzoterrylene",,CH-oop (10.5-15 um; benzene nu11 at 673 included),672.5,671.3355,1.164,1.164,0.16889243697478995,-0.6333420029504626,5.186810896971778,0.0,0.995,1.797,-4.023
2159,137,"2,3;12,13;15,16-tribenzoterrylene",,CC-stretch (6.2 um),1580.0,1574.5988,5.401,5.401,5.234278911564625,4.3144360485329205,6.120968757401737,0.0,0.167,1.087,-0.72
2160,137,"2,3;12,13;15,16-tribenzoterrylene",,ring / CH-ip (9-10.5 um),1064.8,1064.351,0.449,0.449,1.849754098360656,3.0468312923186573,5.8864318059793,0.0,-1.401,-2.598,-5.437
2161,137,"2,3;12,13;15,16-tribenzoterrylene",,low / skeletal,619.5,620.4637,-0.964,-0.964,-0.46620179372197307,-1.2550654574711264,0.773146770648975,0.0,-0.498,0.291,-1.737
2162,137,"2,3;12,13;15,16-tribenzoterrylene",,CH-oop (10.5-15 um; benzene nu11 at 673 included),890.4,897.0572,-6.657,-6.657,-7.65210756302521,-8.346110581051706,-13.775350359235098,0.0,0.995,1.689,7.118
2163,137,"2,3;12,13;15,16-tribenzoterrylene",,CH-oop (10.5-15 um; benzene nu11 at 673 included),668.1,657.6935,10.407,10.407,9.41189243697479,8.363001340755986,10.783264634439544,0.0,0.995,2.044,-0.376
2164,137,"2,3;12,13;15,16-tribenzoterrylene",,CC-stretch/CH-ip (7.7 um),1310.8,1313.0885,-2.289,-2.289,-3.6583395638629286,-4.864189311991803,-1.5100980667966084,0.0,1.369,2.575,-0.779
2165,137,"2,3;12,13;15,16-tribenzoterrylene",,low / skeletal,528.9,528.6745,0.226,0.226,0.7237982062780269,0.04837333538572755,-2.6520718229473625,0.0,-0.498,0.178,2.878
2166,137,"2,3;12,13;15,16-tribenzoterrylene",,CC-stretch/CH-ip (7.7 um),1337.8,1332.4867,5.313,5.313,3.9436604361370713,2.781426879572102,-0.3100988530347415,0.0,1.369,2.532,5.623
2167,137,"2,3;12,13;15,16-tribenzoterrylene",,CH-oop (10.5-15 um; benzene nu11 at 673 included),839.1,830.9766,8.123,8.123,7.12789243697479,6.314372127764404,7.178812774195562,0.0,0.995,1.809,0.944
2168,137,"2,3;12,13;15,16-tribenzoterrylene",,CH-oop (10.5-15 um; benzene nu11 at 673 included),821.7,807.1812,14.519,14.519,13.52389243697479,12.57590200342581,12.80498929665253,0.0,0.995,1.943,1.714
2169,137,"2,3;12,13;15,16-tribenzoterrylene",,low / skeletal,660.2,641.4757,18.724,18.724,19.221798206278027,18.54688814256614,21.322003596107,0.0,-0.498,0.177,-2.598
2170,137,"2,3;12,13;15,16-tribenzoterrylene",,CH-oop (10.5-15 um; benzene nu11 at 673 included),853.1,855.549,-2.449,-2.449,-3.44410756302521,-4.408979068046504,-6.665489644453229,0.0,0.995,1.96,4.216
2171,137,"2,3;12,13;15,16-tribenzoterrylene",,CH-oop (10.5-15 um; benzene nu11 at 673 included),690.4,686.4631,3.937,3.937,2.94189243697479,1.852425607385991,2.4540336134112617,0.0,0.995,2.085,1.483
2172,137,"2,3;12,13;15,16-tribenzoterrylene",,CH-oop (10.5-15 um; benzene nu11 at 673 included),742.6,734.536,8.064,8.064,7.0688924369747905,6.01564775943824,6.313343645345492,0.0,0.995,2.048,1.751
2173,137,"2,3;12,13;15,16-tribenzoterrylene",,CH-oop (10.5-15 um; benzene nu11 at 673 included),682.1,701.8906,-19.791,-19.791,-20.78610756302521,-21.860823015083607,-21.27396638658874,0.0,0.995,2.07,1.483
2174,137,"2,3;12,13;15,16-tribenzoterrylene",,CH-oop (10.5-15 um; benzene nu11 at 673 included),946.0,945.3489,0.651,0.651,-0.34410756302520995,-1.176780392534072,-4.41043705082078,0.0,0.995,1.828,5.061
2175,137,"2,3;12,13;15,16-tribenzoterrylene",,CC-stretch (6.2 um),1611.5,1613.2817,-1.782,-1.782,-1.9487210884353743,-2.9560443030483974,-2.5528504136468033,0.0,0.167,1.174,0.771
2176,137,"2,3;12,13;15,16-tribenzoterrylene",,ring / CH-ip (9-10.5 um),963.7,959.5801,4.12,4.12,5.520754098360656,6.5124418398452075,2.9609131503673796,0.0,-1.401,-2.392,1.159
2177,137,"2,3;12,13;15,16-tribenzoterrylene",,low / skeletal,572.1,568.6865,3.413,3.413,3.910798206278027,3.076962723465075,3.8021634045393196,0.0,-0.498,0.336,-0.389
2178,137,"2,3;12,13;15,16-tribenzoterrylene",,low / skeletal,504.2,506.345,-2.145,-2.145,-1.6472017937219732,-2.472361121427803,-4.441103726064663,0.0,-0.498,0.327,2.296
2179,137,"2,3;12,13;15,16-tribenzoterrylene",,CH-oop (10.5-15 um; benzene nu11 at 673 included),849.2,849.4229,-0.223,-0.223,-1.21810756302521,-2.0646146165115566,1.9169974940519439,0.0,0.995,1.842,-2.14
2180,137,"2,3;12,13;15,16-tribenzoterrylene",,CC-stretch/CH-ip (7.7 um),1297.4,1298.3734,-0.973,-0.973,-2.3423395638629283,-3.394035364503444,0.3926429018506862,0.0,1.369,2.421,-1.366
2181,137,"2,3;12,13;15,16-tribenzoterrylene",,CH-ip-bend (8.6 um),1162.8,1141.5223,21.278,21.278,20.339033240997228,19.349012958868375,22.764989285501112,0.0,0.939,1.929,-1.487
2182,137,"2,3;12,13;15,16-tribenzoterrylene",,CH-ip-bend (8.6 um),1179.7,1200.8542,-21.154,-21.154,-22.09296675900277,-22.94337765341459,-22.458151338118775,0.0,0.939,1.789,1.304
2183,137,"2,3;12,13;15,16-tribenzoterrylene",,CH-ip-bend (8.6 um),1238.2,1236.2966,1.903,1.903,0.96403324099723,0.1685812692614035,0.2602911960870351,0.0,0.939,1.734,1.643
2184,137,"2,3;12,13;15,16-tribenzoterrylene",,CH-ip-bend (8.6 um),1115.9,1124.1838,-8.284,-8.284,-9.222966759002771,-10.156363299019397,-11.410992555467402,0.0,0.939,1.872,3.127
2185,137,"2,3;12,13;15,16-tribenzoterrylene",,CH-ip-bend (8.6 um),1098.8,1106.9425,-8.143,-8.143,-9.081966759002771,-10.026030607407684,-13.219660460904816,0.0,0.939,1.883,5.077
2186,137,"2,3;12,13;15,16-tribenzoterrylene",,low / skeletal,481.5,460.0331,21.467,21.467,21.964798206278026,21.0171059003333,18.47784133650657,0.0,-0.498,0.45,2.989
2187,137,"2,3;12,13;15,16-tribenzoterrylene",,low / skeletal,552.2,552.4939,-0.294,-0.294,0.20379820627802692,-0.5970581697876638,-2.13878094273608,0.0,-0.498,0.303,1.845
2188,137,"2,3;12,13;15,16-tribenzoterrylene",,CC-stretch/CH-ip (7.7 um),1417.2,1400.6557,16.544,16.544,15.174660436137072,14.073243534266854,15.288198976017343,0.0,1.369,2.471,1.256
2189,137,"2,3;12,13;15,16-tribenzoterrylene",,CC-stretch/CH-ip (7.7 um),1428.5,1439.2617,-10.762,-10.762,-12.131339563862928,-13.002859224392626,-10.097320102522152,0.0,1.369,2.241,-0.665
2190,137,"2,3;12,13;15,16-tribenzoterrylene",,CC-stretch/CH-ip (7.7 um),1292.3,1284.4063,7.894,7.894,6.524660436137072,5.357725521219679,9.082735344908974,0.0,1.369,2.536,-1.189
2191,137,"2,3;12,13;15,16-tribenzoterrylene",,CH-oop (10.5-15 um; benzene nu11 at 673 included),834.2,856.8739,-22.674,-22.674,-23.66910756302521,-24.644936308775577,-24.931878312601373,0.0,0.995,1.971,2.258
2192,137,"2,3;12,13;15,16-tribenzoterrylene",,CC-stretch/CH-ip (7.7 um),1277.3,1272.8077,4.492,4.492,3.1226604361370716,1.9594059291970294,2.93016851346112,0.0,1.369,2.533,1.562
2193,137,"2,3;12,13;15,16-tribenzoterrylene",,low / skeletal,560.5,535.7688,24.731,24.731,25.22879820627803,24.371521440766394,21.168012268627507,0.0,-0.498,0.359,3.563
2194,137,"2,3;12,13;15,16-tribenzoterrylene",,low / skeletal,521.0,516.692,4.308,4.308,4.805798206278027,3.8775236569333047,-2.1186696578158237,0.0,-0.498,0.43,6.427
2195,137,"2,3;12,13;15,16-tribenzoterrylene",,CC-stretch (6.2 um),1556.9,1534.7501,22.15,22.15,21.983278911564625,20.906335530660222,21.327974655942185,0.0,0.167,1.244,0.822
2196,137,"2,3;12,13;15,16-tribenzoterrylene",,CH-oop (10.5-15 um; benzene nu11 at 673 included),924.2,925.749,-1.549,-1.549,-2.54410756302521,-3.2564881827270833,-10.650283443721364,0.0,0.995,1.707,9.101
2197,106,hexbenzcoronene,,CH-ip-bend (8.6 um),1211.2,1208.7615,2.438,2.438,1.564270491803279,2.564694045077723,8.705524806147842,0.0,0.874,-0.127,-6.268
2198,106,hexbenzcoronene,,ring / CH-ip (9-10.5 um),1070.5,1085.9245,-15.425,-15.425,-14.18059677419355,-20.459299119845692,-16.852234260882607,0.0,-1.244,5.034,1.427
2199,106,hexbenzcoronene,,CC-stretch (6.2 um),1570.7,1574.6653,-3.965,-3.965,-4.216227424749164,-2.9233195196052013,-1.892104047487817,0.0,0.251,-1.042,-2.073
2200,106,hexbenzcoronene,,CC-stretch/CH-ip (7.7 um),1294.3,1291.2316,3.068,3.068,1.6547492307692306,3.5092274254087408,5.6762568580915715,0.0,1.413,-0.441,-2.608
2201,106,hexbenzcoronene,,CC-stretch/CH-ip (7.7 um),1331.8,1330.8731,0.927,0.927,-0.4862507692307694,0.5256620742087258,2.7657466607045604,0.0,1.413,0.401,-1.839
2202,106,hexbenzcoronene,,CC-stretch/CH-ip (7.7 um),1414.0,1401.3489,12.651,12.651,11.23774923076923,12.085395568587598,11.536376919119744,0.0,1.413,0.566,1.115
2203,106,hexbenzcoronene,,low / skeletal,587.7,588.4674,-0.767,-0.767,-0.595198275862069,0.5509126340973122,-1.0203403217790599,0.0,-0.172,-1.318,0.253
2204,106,hexbenzcoronene,,CH-oop (10.5-15 um; benzene nu11 at 673 included),675.4,672.9914,2.409,2.409,1.4570554649265903,2.417345654851453,1.0715905119001214,0.0,0.952,-0.008,1.337
2205,106,hexbenzcoronene,,CH-oop (10.5-15 um; benzene nu11 at 673 included),754.5,777.3651,-22.865,-22.865,-23.816944535073407,-22.480493925796033,-21.008817374540545,0.0,0.952,-0.385,-1.856
2206,106,hexbenzcoronene,,CH-oop (10.5-15 um; benzene nu11 at 673 included),737.1,726.6758,10.424,10.424,9.47205546492659,10.267541140592664,7.746392829200713,0.0,0.952,0.156,2.678
2207,106,hexbenzcoronene,,CH-oop (10.5-15 um; benzene nu11 at 673 included),776.0,785.9654,-9.965,-9.965,-10.916944535073409,-10.194665945278395,-11.307237794035263,0.0,0.952,0.23,1.342
2208,106,hexbenzcoronene,,CC-stretch/CH-ip (7.7 um),1281.6,1307.4939,-25.894,-25.894,-27.30725076923077,-26.22265085674552,-27.387522457514685,0.0,1.413,0.329,1.494
2209,106,hexbenzcoronene,,CC-stretch/CH-ip (7.7 um),1260.5,1254.0979,6.402,6.402,4.988749230769231,5.781581795635214,11.01563700488554,0.0,1.413,0.62,-4.614
2210,140,"1,2;3,4;5,6;7,8;9,10;12,13-hexabenzoperopyrene""",,CH-oop (10.5-15 um; benzene nu11 at 673 included),754.9,754.4931,0.407,0.407,-0.5170925619834712,0.5108731376161514,0.0433381285224691,0.0,0.924,-0.104,0.364
2211,140,"1,2;3,4;5,6;7,8;9,10;12,13-hexabenzoperopyrene""",,CH-stretch,3090.6,3089.6276,0.972,0.972,2.8167304347826088,2.8202359411137805,-2.056264615096243,0.0,-1.845,-1.848,3.028
2212,140,"1,2;3,4;5,6;7,8;9,10;12,13-hexabenzoperopyrene""",,CC-stretch/CH-ip (7.7 um),1410.0,1411.4415,-1.441,-1.441,-2.8768097484276733,-2.095716914618392,-2.0226424850365117,0.0,1.436,0.655,0.582
2213,140,"1,2;3,4;5,6;7,8;9,10;12,13-hexabenzoperopyrene""",,CH-stretch,3070.5,3072.248,-1.748,-1.748,0.09673043478260879,1.1707977918350567,-2.5298168574664626,0.0,-1.845,-2.919,0.782
2214,140,"1,2;3,4;5,6;7,8;9,10;12,13-hexabenzoperopyrene""",,CH-stretch,3046.9,3058.3338,-11.434,-11.434,-9.589269565217391,-9.727120357330776,-12.197841186138414,0.0,-1.845,-1.707,0.764
2215,140,"1,2;3,4;5,6;7,8;9,10;12,13-hexabenzoperopyrene""",,CH-oop (10.5-15 um; benzene nu11 at 673 included),806.4,804.2861,2.114,2.114,1.1899074380165287,1.1106325986464256,-0.926914451589377,0.0,0.924,1.003,3.041
2216,140,"1,2;3,4;5,6;7,8;9,10;12,13-hexabenzoperopyrene""",,CC-stretch/CH-ip (7.7 um),1424.9,1422.5862,2.314,2.314,0.878190251572327,0.7263631050988351,2.021200666911758,0.0,1.436,1.588,0.293
2217,140,"1,2;3,4;5,6;7,8;9,10;12,13-hexabenzoperopyrene""",,CH-oop (10.5-15 um; benzene nu11 at 673 included),745.9,741.2842,4.616,4.616,3.6919074380165284,4.185004779876288,8.03738095569097,0.0,0.924,0.431,-3.421
2218,140,"1,2;3,4;5,6;7,8;9,10;12,13-hexabenzoperopyrene""",,CH-oop (10.5-15 um; benzene nu11 at 673 included),883.4,869.6311,13.769,13.769,12.844907438016529,13.190573942158107,12.654276741907065,0.0,0.924,0.578,1.115
2219,140,"1,2;3,4;5,6;7,8;9,10;12,13-hexabenzoperopyrene""",,CC-stretch/CH-ip (7.7 um),1267.9,1272.7537,-4.854,-4.854,-6.289809748427674,-6.692822044970201,-6.341203668709207,0.0,1.436,1.839,1.487
2220,140,"1,2;3,4;5,6;7,8;9,10;12,13-hexabenzoperopyrene""",,CC-stretch/CH-ip (7.7 um),1405.3,1400.2253,5.075,5.075,3.639190251572327,3.8693274012385075,-0.25918590696946264,0.0,1.436,1.206,5.334
2221,140,"1,2;3,4;5,6;7,8;9,10;12,13-hexabenzoperopyrene""",,ring / CH-ip (9-10.5 um),1054.6,1059.977,-5.377,-5.377,-4.084576086956521,-2.124138862617615,-3.5900362915063537,0.0,-1.292,-3.253,-1.787
2222,140,"1,2;3,4;5,6;7,8;9,10;12,13-hexabenzoperopyrene""",,low / skeletal,621.1,621.483,-0.383,-0.383,-0.19856387665198236,0.3725321062235718,3.4828904114320416,0.0,-0.184,-0.756,-3.866
2223,140,"1,2;3,4;5,6;7,8;9,10;12,13-hexabenzoperopyrene""",,low / skeletal,529.3,529.4117,-0.112,-0.112,0.07243612334801765,0.20112258561187485,-4.0836599613846145,0.0,-0.184,-0.313,3.972
2224,140,"1,2;3,4;5,6;7,8;9,10;12,13-hexabenzoperopyrene""",,CC-stretch (6.2 um),1497.9,1506.2082,-8.308,-8.308,-8.596378839590443,-8.861079824233574,-16.84416376332018,0.0,0.288,0.553,8.536
2225,140,"1,2;3,4;5,6;7,8;9,10;12,13-hexabenzoperopyrene""",,CC-stretch/CH-ip (7.7 um),1489.2,1489.5637,-0.364,-0.364,-1.799809748427673,-1.516700000507667,-3.3760128329964525,0.0,1.436,1.153,3.012
2226,140,"1,2;3,4;5,6;7,8;9,10;12,13-hexabenzoperopyrene""",,CC-stretch/CH-ip (7.7 um),1467.9,1465.6292,2.271,2.271,0.8351902515723268,0.7297484240368715,7.761777571593862,0.0,1.436,1.541,-5.491
2227,140,"1,2;3,4;5,6;7,8;9,10;12,13-hexabenzoperopyrene""",,CC-stretch/CH-ip (7.7 um),1322.7,1323.9606,-1.261,-1.261,-2.6968097484276727,-3.069990704614579,2.7925018123068623,0.0,1.436,1.809,-4.054
2228,140,"1,2;3,4;5,6;7,8;9,10;12,13-hexabenzoperopyrene""",,CC-stretch (6.2 um),1589.5,1589.5671,-0.067,-0.067,-0.3553788395904437,-0.48936302468588433,-2.2572079476017715,0.0,0.288,0.422,2.19
2229,140,"1,2;3,4;5,6;7,8;9,10;12,13-hexabenzoperopyrene""",,CC-stretch (6.2 um),1544.2,1540.1853,4.015,4.015,3.726621160409556,3.7550111675422118,0.16307940664884768,0.0,0.288,0.26,3.852
2230,140,"1,2;3,4;5,6;7,8;9,10;12,13-hexabenzoperopyrene""",,CC-stretch (6.2 um),1516.4,1509.5067,6.893,6.893,6.604621160409556,6.476422091961424,3.132511107122308,0.0,0.288,0.417,3.76
2231,140,"1,2;3,4;5,6;7,8;9,10;12,13-hexabenzoperopyrene""",,CH-ip-bend (8.6 um),1170.2,1167.1836,3.016,3.016,2.148625344352617,2.1289136539749585,1.3451976201664635,0.0,0.867,0.887,1.671
2232,140,"1,2;3,4;5,6;7,8;9,10;12,13-hexabenzoperopyrene""",,CH-ip-bend (8.6 um),1157.3,1151.1843,6.116,6.116,5.248625344352617,5.238955841576446,6.963145041551958,0.0,0.867,0.877,-0.847
2233,140,"1,2;3,4;5,6;7,8;9,10;12,13-hexabenzoperopyrene""",,CC-stretch/CH-ip (7.7 um),1457.3,1452.1094,5.191,5.191,3.7551902515723268,3.703780273796331,1.2350833332130935,0.0,1.436,1.487,3.956
2234,140,"1,2;3,4;5,6;7,8;9,10;12,13-hexabenzoperopyrene""",,CH-ip-bend (8.6 um),1180.5,1181.8115,-1.312,-1.312,-2.1793746556473828,-2.1289735058174717,-0.48863701985328567,0.0,0.867,0.817,-0.823
2235,140,"1,2;3,4;5,6;7,8;9,10;12,13-hexabenzoperopyrene""",,CH-oop (10.5-15 um; benzene nu11 at 673 included),691.8,685.8804,5.92,5.92,4.995907438016529,4.766876694902434,5.433192344970831,0.0,0.924,1.153,0.487
2236,140,"1,2;3,4;5,6;7,8;9,10;12,13-hexabenzoperopyrene""",,low / skeletal,626.9,626.6677,0.232,0.232,0.41643612334801766,0.7288834137838973,0.05198092503517057,0.0,-0.184,-0.497,0.18
2237,140,"1,2;3,4;5,6;7,8;9,10;12,13-hexabenzoperopyrene""",,CH-oop (10.5-15 um; benzene nu11 at 673 included),815.3,810.6114,4.689,4.689,3.764907438016529,3.8784329102364765,3.2523692334028262,0.0,0.924,0.811,1.437
2238,140,"1,2;3,4;5,6;7,8;9,10;12,13-hexabenzoperopyrene""",,low / skeletal,576.9,576.1205,0.779,0.779,0.9634361233480176,1.1408660052686117,0.37346069283808564,0.0,-0.184,-0.362,0.406
2239,140,"1,2;3,4;5,6;7,8;9,10;12,13-hexabenzoperopyrene""",,CC-stretch/CH-ip (7.7 um),1278.3,1288.702,-10.402,-10.402,-11.837809748427672,-12.20061403052144,-12.633387284413107,0.0,1.436,1.799,2.231
2240,140,"1,2;3,4;5,6;7,8;9,10;12,13-hexabenzoperopyrene""",,ring / CH-ip (9-10.5 um),1091.8,1084.2591,7.541,7.541,8.833423913043479,2.1060146323420517,-0.7357530914116506,0.0,-1.292,5.435,8.277
2241,140,"1,2;3,4;5,6;7,8;9,10;12,13-hexabenzoperopyrene""",,CC-stretch/CH-ip (7.7 um),1447.6,1451.0546,-3.455,-3.455,-4.890809748427673,-4.595153632865449,-4.30302020737058,0.0,1.436,1.14,0.848
2242,140,"1,2;3,4;5,6;7,8;9,10;12,13-hexabenzoperopyrene""",,CC-stretch/CH-ip (7.7 um),1386.8,1389.0354,-2.235,-2.235,-3.670809748427673,-3.7544060225038622,-2.6133727463890155,0.0,1.436,1.519,0.378
2243,140,"1,2;3,4;5,6;7,8;9,10;12,13-hexabenzoperopyrene""",,CC-stretch/CH-ip (7.7 um),1331.0,1330.769,0.231,0.231,-1.204809748427673,-1.5305578833391518,2.4353182254213306,0.0,1.436,1.762,-2.204
2244,140,"1,2;3,4;5,6;7,8;9,10;12,13-hexabenzoperopyrene""",,low / skeletal,624.0,624.4507,-0.451,-0.451,-0.26656387665198233,-0.0431523635861657,-1.1207241250559754,0.0,-0.184,-0.408,0.67
2245,140,"1,2;3,4;5,6;7,8;9,10;12,13-hexabenzoperopyrene""",,CC-stretch/CH-ip (7.7 um),1260.6,1261.6968,-1.097,-1.097,-2.532809748427673,-2.5348575286303894,-8.930645845486477,0.0,1.436,1.438,7.834
2246,140,"1,2;3,4;5,6;7,8;9,10;12,13-hexabenzoperopyrene""",,CH-ip-bend (8.6 um),1237.6,1238.0538,-0.454,-0.454,-1.3213746556473829,-1.3357399172182427,1.8020390528447574,0.0,0.867,0.882,-2.256
2247,140,"1,2;3,4;5,6;7,8;9,10;12,13-hexabenzoperopyrene""",,CC-stretch/CH-ip (7.7 um),1382.5,1376.1753,6.325,6.325,4.889190251572327,4.60952948009439,11.43848912493408,0.0,1.436,1.715,-5.113
2248,140,"1,2;3,4;5,6;7,8;9,10;12,13-hexabenzoperopyrene""",,CC-stretch/CH-ip (7.7 um),1363.3,1371.9127,-8.613,-8.613,-10.048809748427672,-10.317331403781195,-2.3508346400493147,0.0,1.436,1.704,-6.262
2249,140,"1,2;3,4;5,6;7,8;9,10;12,13-hexabenzoperopyrene""",,CC-stretch/CH-ip (7.7 um),1435.9,1439.6811,-3.781,-3.781,-5.216809748427673,-5.18963009952379,-1.8485566162986748,0.0,1.436,1.409,-1.932
2250,140,"1,2;3,4;5,6;7,8;9,10;12,13-hexabenzoperopyrene""",,CC-stretch/CH-ip (7.7 um),1296.4,1303.0238,-6.624,-6.624,-8.059809748427673,-8.394725617410291,-7.642101364904688,0.0,1.436,1.771,1.018
2251,140,"1,2;3,4;5,6;7,8;9,10;12,13-hexabenzoperopyrene""",,CH-oop (10.5-15 um; benzene nu11 at 673 included),786.3,787.0083,-0.708,-0.708,-1.632092561983471,-1.328994729026434,0.5416366205712346,0.0,0.924,0.621,-1.25
2252,140,"1,2;3,4;5,6;7,8;9,10;12,13-hexabenzoperopyrene""",,low / skeletal,650.0,648.8229,1.177,1.177,1.3614361233480177,1.5235575658452358,-3.176534507514932,0.0,-0.184,-0.347,4.354
2253,140,"1,2;3,4;5,6;7,8;9,10;12,13-hexabenzoperopyrene""",,CH-oop (10.5-15 um; benzene nu11 at 673 included),797.9,797.9718,-0.072,-0.072,-0.9960925619834711,-0.40801452379242376,0.31837421592401005,0.0,0.924,0.336,-0.39
2254,140,"1,2;3,4;5,6;7,8;9,10;12,13-hexabenzoperopyrene""",,CH-oop (10.5-15 um; benzene nu11 at 673 included),861.6,862.6046,-1.005,-1.005,-1.9290925619834711,-1.3560193102646823,-2.6154951337586123,0.0,0.924,0.351,1.61
2255,140,"1,2;3,4;5,6;7,8;9,10;12,13-hexabenzoperopyrene""",,CH-oop (10.5-15 um; benzene nu11 at 673 included),846.4,844.3528,2.047,2.047,1.122907438016529,1.253681974479469,1.1407147130917696,0.0,0.924,0.793,0.906
2256,140,"1,2;3,4;5,6;7,8;9,10;12,13-hexabenzoperopyrene""",,CH-oop (10.5-15 um; benzene nu11 at 673 included),669.3,667.5576,1.742,1.742,0.8179074380165289,0.5104535283046285,-0.24143686382356622,0.0,0.924,1.232,1.983
2257,140,"1,2;3,4;5,6;7,8;9,10;12,13-hexabenzoperopyrene""",,ring / CH-ip (9-10.5 um),943.3,954.5422,-11.242,-11.242,-9.949576086956522,-8.320561160265841,-19.13364437138779,0.0,-1.292,-2.921,7.892
2258,140,"1,2;3,4;5,6;7,8;9,10;12,13-hexabenzoperopyrene""",,CC-stretch (6.2 um),1601.7,1601.3352,0.365,0.365,0.0766211604095563,0.1387622057392825,1.536708304003736,0.0,0.288,0.226,-1.172
2259,140,"1,2;3,4;5,6;7,8;9,10;12,13-hexabenzoperopyrene""",,CC-stretch/CH-ip (7.7 um),1313.7,1310.7838,2.916,2.916,1.4801902515723269,1.309306387335452,2.8764781961385415,0.0,1.436,1.607,0.04
2260,140,"1,2;3,4;5,6;7,8;9,10;12,13-hexabenzoperopyrene""",,CC-stretch/CH-ip (7.7 um),1354.8,1332.404,22.396,22.396,20.960190251572328,20.801242724550914,21.649279166667583,0.0,1.436,1.595,0.747
2261,140,"1,2;3,4;5,6;7,8;9,10;12,13-hexabenzoperopyrene""",,CH-oop (10.5-15 um; benzene nu11 at 673 included),725.1,754.1503,-29.05,-29.05,-29.974092561983472,-30.1601353157223,-29.028300960078926,0.0,0.924,1.11,-0.022
2262,140,"1,2;3,4;5,6;7,8;9,10;12,13-hexabenzoperopyrene""",,CC-stretch (6.2 um),1615.2,1615.1578,0.042,0.042,-0.24637883959044368,-0.23430132116353106,2.514210283717249,0.0,0.288,0.276,-2.472
2263,140,"1,2;3,4;5,6;7,8;9,10;12,13-hexabenzoperopyrene""",,CC-stretch (6.2 um),1582.3,1598.5826,-16.283,-16.283,-16.571378839590444,-16.421717026941085,-13.303666630603475,0.0,0.288,0.139,-2.979
2264,146,"difluoranthen-(3\',5\';4,6),(4"""",6"""";9,11)-coronene",,CH-stretch,3065.1,3067.0292,-1.929,-1.929,-0.02793162393162385,2.0405452041457144,-1.3991628697379555,0.0,-1.901,-3.97,-0.53
2265,146,"difluoranthen-(3\',5\';4,6),(4"""",6"""";9,11)-coronene",,CC-stretch/CH-ip (7.7 um),1450.5,1448.2045,2.295,2.295,0.8506003134796236,2.4349051603420846,4.687296577714747,0.0,1.444,-0.14,-2.392
2266,146,"difluoranthen-(3\',5\';4,6),(4"""",6"""";9,11)-coronene",,CC-stretch/CH-ip (7.7 um),1431.8,1429.6645,2.135,2.135,0.6906003134796235,2.1968834067720997,1.8139443336330403,0.0,1.444,-0.062,0.321
2267,146,"difluoranthen-(3\',5\';4,6),(4"""",6"""";9,11)-coronene",,CC-stretch/CH-ip (7.7 um),1439.5,1439.8542,-0.354,-0.354,-1.7983996865203764,-0.1242618128931644,-4.368071208402407,0.0,1.444,-0.23,4.014
2268,146,"difluoranthen-(3\',5\';4,6),(4"""",6"""";9,11)-coronene",,CC-stretch/CH-ip (7.7 um),1495.6,1485.2884,10.312,10.312,8.867600313479624,11.171439331490525,4.768732369682815,0.0,1.444,-0.859,5.543
2269,146,"difluoranthen-(3\',5\';4,6),(4"""",6"""";9,11)-coronene",,CC-stretch/CH-ip (7.7 um),1357.0,1361.6467,-4.647,-4.647,-6.0913996865203766,-4.654239869162325,-2.320975140037752,0.0,1.444,0.007,-2.326
2270,146,"difluoranthen-(3\',5\';4,6),(4"""",6"""";9,11)-coronene",,CH-oop (10.5-15 um; benzene nu11 at 673 included),742.8,748.123,-5.323,-5.323,-6.212897520661158,-4.146541611886169,-2.5121046507804428,0.0,0.89,-1.176,-2.811
2271,146,"difluoranthen-(3\',5\';4,6),(4"""",6"""";9,11)-coronene",,CC-stretch (6.2 um),1611.0,1609.756,1.244,1.244,1.1130927835051547,2.76318352462164,-0.6152211404879866,0.0,0.131,-1.519,1.859
2272,146,"difluoranthen-(3\',5\';4,6),(4"""",6"""";9,11)-coronene",,CC-stretch (6.2 um),1593.0,1598.9137,-5.914,-5.914,-6.044907216494845,-4.691478012779498,-5.318709606630325,0.0,0.131,-1.223,-0.595
2273,146,"difluoranthen-(3\',5\';4,6),(4"""",6"""";9,11)-coronene",,ring / CH-ip (9-10.5 um),1032.0,1031.0186,0.981,0.981,2.5380384615384615,6.336519921035716,5.63498305979649,0.0,-1.557,-5.356,-4.654
2274,146,"difluoranthen-(3\',5\';4,6),(4"""",6"""";9,11)-coronene",,CC-stretch/CH-ip (7.7 um),1339.0,1338.4495,0.551,0.551,-0.8933996865203763,0.5267022366192794,-3.8706682610038037,0.0,1.444,0.024,4.422
2275,146,"difluoranthen-(3\',5\';4,6),(4"""",6"""";9,11)-coronene",,CH-ip-bend (8.6 um),1117.3,1109.9493,7.351,7.351,6.436067039106145,8.21260615889092,6.471016793490992,0.0,0.915,-0.862,0.88
2276,146,"difluoranthen-(3\',5\';4,6),(4"""",6"""";9,11)-coronene",,CH-oop (10.5-15 um; benzene nu11 at 673 included),812.1,809.8527,2.247,2.247,1.3571024793388426,2.868939246912116,-1.5604335214269867,0.0,0.89,-0.622,3.807
2277,146,"difluoranthen-(3\',5\';4,6),(4"""",6"""";9,11)-coronene",,CH-oop (10.5-15 um; benzene nu11 at 673 included),904.5,901.0898,3.41,3.41,2.520102479338843,4.7892165535298155,5.068611759271022,0.0,0.89,-1.379,-1.659
2278,146,"difluoranthen-(3\',5\';4,6),(4"""",6"""";9,11)-coronene",,CC-stretch/CH-ip (7.7 um),1294.1,1298.9379,-4.838,-4.838,-6.282399686520376,-5.167306351702596,-2.226381249307844,0.0,1.444,0.329,-2.612
2279,146,"difluoranthen-(3\',5\';4,6),(4"""",6"""";9,11)-coronene",,CC-stretch (6.2 um),1647.4,1633.7719,13.628,13.628,13.497092783505154,15.211585740339459,12.401588604070472,0.0,0.131,-1.584,1.226
2280,146,"difluoranthen-(3\',5\';4,6),(4"""",6"""";9,11)-coronene",,CC-stretch (6.2 um),1552.0,1532.5815,19.418,19.418,19.287092783505155,20.714531157790233,17.922580055202705,0.0,0.131,-1.297,1.495
2281,146,"difluoranthen-(3\',5\';4,6),(4"""",6"""";9,11)-coronene",,CH-ip-bend (8.6 um),1155.1,1156.2776,-1.178,-1.178,-2.0929329608938545,-0.6507864251705651,-1.4253448734753542,0.0,0.915,-0.527,0.247
2282,146,"difluoranthen-(3\',5\';4,6),(4"""",6"""";9,11)-coronene",,CC-stretch/CH-ip (7.7 um),1392.4,1401.2939,-8.894,-8.894,-10.338399686520376,-8.791404312786936,-16.032573458114015,0.0,1.444,-0.103,7.139
2283,146,"difluoranthen-(3\',5\';4,6),(4"""",6"""";9,11)-coronene",,CC-stretch/CH-ip (7.7 um),1259.7,1256.4373,3.263,3.263,1.8186003134796236,2.980420743435618,3.064817480317703,0.0,1.444,0.283,0.198
2284,146,"difluoranthen-(3\',5\';4,6),(4"""",6"""";9,11)-coronene",,ring / CH-ip (9-10.5 um),1008.9,1003.8035,5.096,5.096,6.653038461538461,10.461526193800555,4.156292009973858,0.0,-1.557,-5.366,0.94
2285,146,"difluoranthen-(3\',5\';4,6),(4"""",6"""";9,11)-coronene",,CC-stretch/CH-ip (7.7 um),1350.6,1351.0811,-0.481,-0.481,-1.9253996865203762,-0.15449919655921696,-5.658795450701469,0.0,1.444,-0.327,5.178
2286,146,"difluoranthen-(3\',5\';4,6),(4"""",6"""";9,11)-coronene",,CH-oop (10.5-15 um; benzene nu11 at 673 included),691.6,690.4736,1.126,1.126,0.23610247933884276,1.6494423463824281,1.6255298119527317,0.0,0.89,-0.523,-0.5
2287,146,"difluoranthen-(3\',5\';4,6),(4"""",6"""";9,11)-coronene",,CH-ip-bend (8.6 um),1175.4,1173.9529,1.447,1.447,0.5320670391061454,2.2425850368447677,-2.3309983767547267,0.0,0.915,-0.796,3.778
2288,146,"difluoranthen-(3\',5\';4,6),(4"""",6"""";9,11)-coronene",,CC-stretch (6.2 um),1625.2,1613.8031,11.397,11.397,11.266092783505155,12.722505553335651,11.675994235684431,0.0,0.131,-1.326,-0.279
2289,146,"difluoranthen-(3\',5\';4,6),(4"""",6"""";9,11)-coronene",,CC-stretch/CH-ip (7.7 um),1416.9,1416.147,0.753,0.753,-0.6913996865203763,1.2731440464921255,0.09035982382521734,0.0,1.444,-0.52,0.663
2290,146,"difluoranthen-(3\',5\';4,6),(4"""",6"""";9,11)-coronene",,CH-oop (10.5-15 um; benzene nu11 at 673 included),777.6,784.2694,-6.669,-6.669,-7.558897520661157,-5.712871799537945,-4.548842152319157,0.0,0.89,-0.956,-2.12
2291,146,"difluoranthen-(3\',5\';4,6),(4"""",6"""";9,11)-coronene",,CC-stretch/CH-ip (7.7 um),1318.4,1315.4996,2.9,2.9,1.4556003134796236,2.839159245646502,-0.6895921131089473,0.0,1.444,0.061,3.59
2292,146,"difluoranthen-(3\',5\';4,6),(4"""",6"""";9,11)-coronene",,low / skeletal,583.4,584.5499,-1.15,-1.15,-0.9410132743362831,0.8494045432158721,0.5074793064266887,0.0,-0.209,-1.999,-1.657
2293,146,"difluoranthen-(3\',5\';4,6),(4"""",6"""";9,11)-coronene",,CC-stretch/CH-ip (7.7 um),1470.1,1477.7628,-7.663,-7.663,-9.107399686520377,-7.517063155966894,-9.818404535377436,0.0,1.444,-0.146,2.155
2294,146,"difluoranthen-(3\',5\';4,6),(4"""",6"""";9,11)-coronene",,CC-stretch (6.2 um),1545.3,1530.8914,14.409,14.409,14.278092783505155,15.841353233823034,9.631216431343404,0.0,0.131,-1.432,4.778
2295,146,"difluoranthen-(3\',5\';4,6),(4"""",6"""";9,11)-coronene",,CH-ip-bend (8.6 um),1143.8,1147.8712,-4.071,-4.071,-4.985932960893854,-3.4321248281777286,-2.5685061450592555,0.0,0.915,-0.639,-1.502
2296,146,"difluoranthen-(3\',5\';4,6),(4"""",6"""";9,11)-coronene",,CH-oop (10.5-15 um; benzene nu11 at 673 included),791.3,788.3419,2.958,2.958,2.068102479338843,3.595419905052474,4.063209473674054,0.0,0.89,-0.637,-1.105
2297,146,"difluoranthen-(3\',5\';4,6),(4"""",6"""";9,11)-coronene",,CH-oop (10.5-15 um; benzene nu11 at 673 included),823.3,816.198,7.102,7.102,6.212102479338843,8.275698562331716,6.831585128881664,0.0,0.89,-1.174,0.27
2298,146,"difluoranthen-(3\',5\';4,6),(4"""",6"""";9,11)-coronene",,ring / CH-ip (9-10.5 um),973.5,971.168,2.332,2.332,3.8890384615384614,7.400520081101075,0.16330393660218867,0.0,-1.557,-5.069,2.169
2299,146,"difluoranthen-(3\',5\';4,6),(4"""",6"""";9,11)-coronene",,low / skeletal,561.5,563.7447,-2.245,-2.245,-2.036013274336283,-0.36098086128333096,-3.6653214491995487,0.0,-0.209,-1.884,1.42
2300,146,"difluoranthen-(3\',5\';4,6),(4"""",6"""";9,11)-coronene",,low / skeletal,565.6,564.1798,1.42,1.42,1.6289867256637167,3.2871787098038143,0.42293957077022226,0.0,-0.209,-1.867,0.997
2301,146,"difluoranthen-(3\',5\';4,6),(4"""",6"""";9,11)-coronene",,CH-ip-bend (8.6 um),1189.1,1186.2646,2.835,2.835,1.9200670391061454,3.314956854566042,0.5399498854957847,0.0,0.915,-0.48,2.295
2302,146,"difluoranthen-(3\',5\';4,6),(4"""",6"""";9,11)-coronene",,CH-oop (10.5-15 um; benzene nu11 at 673 included),723.7,725.6064,-1.906,-1.906,-2.795897520661157,-1.1876895485094126,-0.47850245520417256,0.0,0.89,-0.718,-1.427
2303,146,"difluoranthen-(3\',5\';4,6),(4"""",6"""";9,11)-coronene",,low / skeletal,486.9,485.8808,1.019,1.019,1.2279867256637167,2.554706098372324,-2.099426504985667,0.0,-0.209,-1.536,3.118
2304,146,"difluoranthen-(3\',5\';4,6),(4"""",6"""";9,11)-coronene",,CC-stretch (6.2 um),1561.6,1576.925,-15.325,-15.325,-15.455907216494845,-13.777847177173497,-13.80578009218009,0.0,0.131,-1.547,-1.519
2305,146,"difluoranthen-(3\',5\';4,6),(4"""",6"""";9,11)-coronene",,CC-stretch/CH-ip (7.7 um),1367.9,1378.6425,-10.742,-10.742,-12.186399686520378,-10.891100901868647,-12.305180702217477,0.0,1.444,0.149,1.563
2306,146,"difluoranthen-(3\',5\';4,6),(4"""",6"""";9,11)-coronene",,CC-stretch (6.2 um),1578.6,1585.0497,-6.45,-6.45,-6.580907216494846,-5.031734784489622,-4.180398054786748,0.0,0.131,-1.418,-2.27
2307,146,"difluoranthen-(3\',5\';4,6),(4"""",6"""";9,11)-coronene",,CH-oop (10.5-15 um; benzene nu11 at 673 included),874.0,872.4433,1.557,1.557,0.6671024793388428,2.3113899645743077,1.2905105158638732,0.0,0.89,-0.754,0.266
2308,146,"difluoranthen-(3\',5\';4,6),(4"""",6"""";9,11)-coronene",,CH-oop (10.5-15 um; benzene nu11 at 673 included),796.5,796.5171,-0.017,-0.017,-0.9068975206611571,0.7003521965028331,-0.5125041948123739,0.0,0.89,-0.717,0.496
2309,146,"difluoranthen-(3\',5\';4,6),(4"""",6"""";9,11)-coronene",,low / skeletal,576.2,575.7542,0.446,0.446,0.6549867256637169,2.154802658120622,-3.7259143560427375,0.0,-0.209,-1.709,4.172
2310,146,"difluoranthen-(3\',5\';4,6),(4"""",6"""";9,11)-coronene",,ring / CH-ip (9-10.5 um),1094.9,1079.0265,15.874,15.874,17.431038461538463,21.11718550945408,17.80464157995432,0.0,-1.557,-5.243,-1.931
2311,146,"difluoranthen-(3\',5\';4,6),(4"""",6"""";9,11)-coronene",,low / skeletal,652.3,649.6937,2.606,2.606,2.814986725663717,4.5529432590684475,-0.1848520939111804,0.0,-0.209,-1.947,2.791
2312,146,"difluoranthen-(3\',5\';4,6),(4"""",6"""";9,11)-coronene",,CH-ip-bend (8.6 um),1219.6,1226.1719,-6.572,-6.572,-7.486932960893855,-5.847835870127248,-6.091514132472126,0.0,0.915,-0.724,-0.48
2313,146,"difluoranthen-(3\',5\';4,6),(4"""",6"""";9,11)-coronene",,CH-ip-bend (8.6 um),1224.4,1233.0534,-8.653,-8.653,-9.567932960893856,-7.933116944470692,-5.059810999211001,0.0,0.915,-0.72,-3.593
2314,146,"difluoranthen-(3\',5\';4,6),(4"""",6"""";9,11)-coronene",,CH-ip-bend (8.6 um),1211.1,1211.0838,0.016,0.016,-0.8989329608938547,0.5726078193229731,1.86062014944135,0.0,0.915,-0.557,-1.845
2315,146,"difluoranthen-(3\',5\';4,6),(4"""",6"""";9,11)-coronene",,CH-oop (10.5-15 um; benzene nu11 at 673 included),935.5,918.2284,17.272,17.272,16.38210247933884,18.054477291000826,13.80192744136598,0.0,0.89,-0.782,3.47
2316,146,"difluoranthen-(3\',5\';4,6),(4"""",6"""";9,11)-coronene",,low / skeletal,628.8,624.2898,4.51,4.51,4.718986725663717,6.354793640773671,6.442579552416484,0.0,-0.209,-1.845,-1.933
2317,146,"difluoranthen-(3\',5\';4,6),(4"""",6"""";9,11)-coronene",,CC-stretch/CH-ip (7.7 um),1307.0,1286.8248,20.175,20.175,18.730600313479624,20.234784838444895,17.180386912223067,0.0,1.444,-0.06,2.995
2318,146,"difluoranthen-(3\',5\';4,6),(4"""",6"""";9,11)-coronene",,CH-oop (10.5-15 um; benzene nu11 at 673 included),676.2,672.8003,3.4,3.4,2.5101024793388427,3.584394421400715,-0.7201580003911983,0.0,0.89,-0.184,4.12
2319,146,"difluoranthen-(3\',5\';4,6),(4"""",6"""";9,11)-coronene",,ring / CH-ip (9-10.5 um),1047.9,1035.6864,12.214,12.214,13.771038461538462,17.530275615309513,17.502076520866943,0.0,-1.557,-5.316,-5.288
2320,146,"difluoranthen-(3\',5\';4,6),(4"""",6"""";9,11)-coronene",,CH-ip-bend (8.6 um),1136.0,1132.4978,3.502,3.502,2.587067039106145,4.191893359044052,1.0100697866045056,0.0,0.915,-0.69,2.492
2321,146,"difluoranthen-(3\',5\';4,6),(4"""",6"""";9,11)-coronene",,CC-stretch/CH-ip (7.7 um),1239.7,1250.0641,-10.364,-10.364,-11.808399686520378,-10.58507941249088,-9.88806433491444,0.0,1.444,0.221,-0.476
2322,146,"difluoranthen-(3\',5\';4,6),(4"""",6"""";9,11)-coronene",,CC-stretch (6.2 um),1601.6,1600.9488,0.651,0.651,0.5200927835051546,1.9537662499440562,1.4016495669217741,0.0,0.131,-1.303,-0.751
2323,146,"difluoranthen-(3\',5\';4,6),(4"""",6"""";9,11)-coronene",,CC-stretch/CH-ip (7.7 um),1480.6,1480.7607,-0.161,-0.161,-1.6053996865203763,0.03616548882293283,-0.07417206277117835,0.0,1.444,-0.197,-0.087
2324,100,dicoronylene,,CH-stretch,3063.4,3065.8166,-2.417,-2.417,-0.5201025641025638,-1.4343680128004572,-2.0700661385399046,0.0,-1.897,-0.983,-0.347
2325,100,dicoronylene,,CH-oop (10.5-15 um; benzene nu11 at 673 included),849.2,848.441,0.759,0.759,-0.1825533661740557,-0.3901020882197249,-2.626592518731262,0.0,0.942,1.149,3.386
2326,100,dicoronylene,,CH-oop (10.5-15 um; benzene nu11 at 673 included),886.6,882.47,4.13,4.13,3.188446633825944,3.2699227503134605,3.496573731618299,0.0,0.942,0.86,0.633
2327,100,dicoronylene,,CC-stretch/CH-ip (7.7 um),1315.2,1303.406,11.794,11.794,10.463836956521739,9.906230134100893,10.537065490290907,0.0,1.33,1.888,1.257
2328,100,dicoronylene,,CC-stretch (6.2 um),1622.0,1617.8938,4.106,4.106,3.9158489932885905,3.6026891283490996,2.3645296339995916,0.0,0.19,0.503,1.741
2329,100,dicoronylene,,CC-stretch/CH-ip (7.7 um),1491.8,1493.0547,-1.255,-1.255,-2.5851630434782606,-3.3987400619599066,-6.054886888000082,0.0,1.33,2.144,4.8
2330,100,dicoronylene,,low / skeletal,544.3,547.5334,-3.233,-3.233,-3.087030303030303,-3.752863541312649,-5.665344614907797,0.0,-0.146,0.52,2.432
2331,100,dicoronylene,,CH-oop (10.5-15 um; benzene nu11 at 673 included),797.7,802.5564,-4.856,-4.856,-5.797553366174055,-6.712253481048531,-11.20094781706269,0.0,0.942,1.856,6.345
2332,100,dicoronylene,,CC-stretch/CH-ip (7.7 um),1292.6,1294.427,-1.827,-1.827,-3.1571630434782607,-4.1160393700773685,-6.880464768987268,0.0,1.33,2.289,5.053
2333,100,dicoronylene,,CH-ip-bend (8.6 um),1146.5,1144.4305,2.07,2.07,1.187022038567493,0.10760115142178295,1.5352907813729144,0.0,0.883,1.962,0.535
2334,100,dicoronylene,,low / skeletal,577.1,580.7726,-3.673,-3.673,-3.527030303030303,-4.057695278627104,-6.3807765385279165,0.0,-0.146,0.385,2.708
2335,100,dicoronylene,,CC-stretch/CH-ip (7.7 um),1456.5,1447.3282,9.172,9.172,7.84183695652174,7.161410885416745,12.829502415161384,0.0,1.33,2.011,-3.658
2336,100,dicoronylene,,CC-stretch/CH-ip (7.7 um),1382.2,1385.1998,-3.0,-3.0,-4.330163043478261,-5.450280701403196,-3.7577895054115933,0.0,1.33,2.45,0.758
2337,100,dicoronylene,,ring / CH-ip (9-10.5 um),1005.7,1005.0483,0.652,0.652,1.9828387096774196,3.23544415398211,-3.7778719599228205,0.0,-1.331,-2.583,4.43
2338,100,dicoronylene,,CC-stretch/CH-ip (7.7 um),1408.8,1405.7904,3.01,3.01,1.6798369565217388,0.8387283767070466,6.400936695981598,0.0,1.33,2.171,-3.391
2339,100,dicoronylene,,CH-oop (10.5-15 um; benzene nu11 at 673 included),875.5,896.0936,-20.594,-20.594,-21.535553366174057,-22.48415150379223,-31.916597239328212,0.0,0.942,1.89,11.323
2340,100,dicoronylene,,CH-ip-bend (8.6 um),1218.6,1215.989,2.611,2.611,1.7280220385674934,0.8041010958891781,-1.485582547024959,0.0,0.883,1.807,4.097
2341,100,dicoronylene,,CC-stretch/CH-ip (7.7 um),1306.1,1281.8699,24.23,24.23,22.89983695652174,21.90945780918765,19.06201323720194,0.0,1.33,2.321,5.168
2342,100,dicoronylene,,CC-stretch (6.2 um),1513.4,1503.0192,10.381,10.381,10.19084899328859,9.179324591319702,3.8031127845327397,0.0,0.19,1.202,6.578
2343,100,dicoronylene,,CH-oop (10.5-15 um; benzene nu11 at 673 included),780.6,770.2428,10.357,10.357,9.415446633825944,8.305504219916802,1.0603296389556984,0.0,0.942,2.051,9.297
2344,100,dicoronylene,,CH-oop (10.5-15 um; benzene nu11 at 673 included),740.5,735.8113,4.689,4.689,3.7474466338259442,2.702257045146305,3.8867633495715292,0.0,0.942,1.987,0.802
2345,100,dicoronylene,,CC-stretch/CH-ip (7.7 um),1359.3,1348.5493,10.751,10.751,9.420836956521738,8.414676471989573,11.054511563549122,0.0,1.33,2.336,-0.304
2346,100,dicoronylene,,CH-oop (10.5-15 um; benzene nu11 at 673 included),735.4,731.8515,3.548,3.548,2.606446633825944,1.62274717151063,3.038758680938007,0.0,0.942,1.925,0.509
2347,100,dicoronylene,,CH-ip-bend (8.6 um),1239.6,1238.1865,1.413,1.413,0.5300220385674931,-0.1715813577446983,5.19107026376284,0.0,0.883,1.585,-3.778
2348,100,dicoronylene,,CH-oop (10.5-15 um; benzene nu11 at 673 included),784.2,792.0943,-7.894,-7.894,-8.835553366174056,-9.474644071878974,-5.417214566733232,0.0,0.942,1.581,-2.477
2349,100,dicoronylene,,CH-ip-bend (8.6 um),1135.6,1139.9921,-4.392,-4.392,-5.274977961432508,-6.011917848051279,-9.055872860567751,0.0,0.883,1.62,4.664
2350,100,dicoronylene,,CC-stretch/CH-ip (7.7 um),1447.8,1432.824,14.976,14.976,13.64583695652174,12.673486198290465,15.682730915870515,0.0,1.33,2.303,-0.707
2351,100,dicoronylene,,CC-stretch/CH-ip (7.7 um),1328.9,1338.1863,-9.286,-9.286,-10.616163043478261,-11.600949885779446,-8.19856591029045,0.0,1.33,2.315,-1.087
2352,100,dicoronylene,,CC-stretch/CH-ip (7.7 um),1371.6,1371.0231,0.577,0.577,-0.753163043478261,-1.6873818743986666,4.282099850188498,0.0,1.33,2.264,-3.705
2353,143,"12,13-o-phenylene-1,2;3,4;5,6;7,8;9,10-pentabenzoperopyrene",,CH-stretch,3092.8,3093.4024,-0.602,-0.602,1.3104102564102567,2.098421679718056,-0.20648426045996765,0.0,-1.912,-2.7,-0.396
2354,143,"12,13-o-phenylene-1,2;3,4;5,6;7,8;9,10-pentabenzoperopyrene",,CC-stretch/CH-ip (7.7 um),1401.4,1397.2038,4.196,4.196,2.7839953124999997,3.5789509722398023,-1.349161588955397,0.0,1.412,0.617,5.545
2355,143,"12,13-o-phenylene-1,2;3,4;5,6;7,8;9,10-pentabenzoperopyrene",,CH-oop (10.5-15 um; benzene nu11 at 673 included),755.3,752.8485,2.452,2.452,1.5095475409836066,2.5053645667910818,2.0312829167704116,0.0,0.942,-0.053,0.421
2356,143,"12,13-o-phenylene-1,2;3,4;5,6;7,8;9,10-pentabenzoperopyrene",,CC-stretch (6.2 um),1592.5,1592.3763,0.124,0.124,-0.07687457627118643,0.20410481045925621,-1.026090595622282,0.0,0.201,-0.08,1.15
2357,143,"12,13-o-phenylene-1,2;3,4;5,6;7,8;9,10-pentabenzoperopyrene",,CC-stretch/CH-ip (7.7 um),1428.7,1428.3649,0.335,0.335,-1.0770046875000001,-0.8630372499714452,-1.3532394944198247,0.0,1.412,1.198,1.688
2358,143,"12,13-o-phenylene-1,2;3,4;5,6;7,8;9,10-pentabenzoperopyrene",,CC-stretch/CH-ip (7.7 um),1383.0,1386.9102,-3.91,-3.91,-5.3220046875,-4.949534312086453,-8.249056714031294,0.0,1.412,1.04,4.339
2359,143,"12,13-o-phenylene-1,2;3,4;5,6;7,8;9,10-pentabenzoperopyrene",,CC-stretch/CH-ip (7.7 um),1470.2,1467.2573,2.943,2.943,1.5309953125,1.9469226524581595,5.8726757514661205,0.0,1.412,0.996,-2.93
2360,143,"12,13-o-phenylene-1,2;3,4;5,6;7,8;9,10-pentabenzoperopyrene",,CC-stretch (6.2 um),1512.1,1504.1118,7.988,7.988,7.787125423728814,8.049016004704876,5.560342434028856,0.0,0.201,-0.061,2.428
2361,143,"12,13-o-phenylene-1,2;3,4;5,6;7,8;9,10-pentabenzoperopyrene",,CH-oop (10.5-15 um; benzene nu11 at 673 included),805.4,804.8749,0.525,0.525,-0.4174524590163934,-0.026516118385699672,0.24594100665793,0.0,0.942,0.552,0.279
2362,143,"12,13-o-phenylene-1,2;3,4;5,6;7,8;9,10-pentabenzoperopyrene",,low / skeletal,622.1,622.7283,-0.628,-0.628,-0.36374222222222224,0.3885332304870063,0.7540694949201104,0.0,-0.264,-1.017,-1.382
2363,143,"12,13-o-phenylene-1,2;3,4;5,6;7,8;9,10-pentabenzoperopyrene",,CC-stretch (6.2 um),1610.3,1614.6539,-4.354,-4.354,-4.554874576271186,-4.33425474391058,-4.722009837891687,0.0,0.201,-0.02,0.368
2364,143,"12,13-o-phenylene-1,2;3,4;5,6;7,8;9,10-pentabenzoperopyrene",,CC-stretch (6.2 um),1532.7,1527.5268,5.173,5.173,4.972125423728814,5.441930569235405,5.507057707653889,0.0,0.201,-0.269,-0.334
2365,143,"12,13-o-phenylene-1,2;3,4;5,6;7,8;9,10-pentabenzoperopyrene",,CC-stretch/CH-ip (7.7 um),1457.9,1452.2238,5.676,5.676,4.2639953125000005,4.708681901875653,7.3080396588338585,0.0,1.412,0.967,-1.632
2366,143,"12,13-o-phenylene-1,2;3,4;5,6;7,8;9,10-pentabenzoperopyrene",,CC-stretch/CH-ip (7.7 um),1492.9,1497.7303,-4.83,-4.83,-6.2420046875,-5.8289685301083525,-6.50672654399968,0.0,1.412,0.999,1.677
2367,143,"12,13-o-phenylene-1,2;3,4;5,6;7,8;9,10-pentabenzoperopyrene",,CC-stretch (6.2 um),1544.4,1541.4374,2.963,2.963,2.7621254237288135,3.124332179260535,1.407707460083955,0.0,0.201,-0.161,1.555
2368,143,"12,13-o-phenylene-1,2;3,4;5,6;7,8;9,10-pentabenzoperopyrene",,ring / CH-ip (9-10.5 um),1066.3,1068.4015,-2.101,-2.101,-0.7892197802197802,1.5101326133654553,-0.2665514899077246,0.0,-1.312,-3.611,-1.834
2369,143,"12,13-o-phenylene-1,2;3,4;5,6;7,8;9,10-pentabenzoperopyrene",,low / skeletal,525.5,523.5583,1.942,1.942,2.2062577777777777,2.7880767352387505,-0.9763494997765021,0.0,-0.264,-0.846,2.918
2370,143,"12,13-o-phenylene-1,2;3,4;5,6;7,8;9,10-pentabenzoperopyrene",,CC-stretch/CH-ip (7.7 um),1367.9,1367.8045,0.096,0.096,-1.3160046875,-0.90972345138251,-8.618248766913545,0.0,1.412,1.006,8.714
2371,143,"12,13-o-phenylene-1,2;3,4;5,6;7,8;9,10-pentabenzoperopyrene",,CH-ip-bend (8.6 um),1249.8,1245.2364,4.564,4.564,3.7687016574585637,4.248912333270557,7.629573669644037,0.0,0.795,0.315,-3.066
2372,143,"12,13-o-phenylene-1,2;3,4;5,6;7,8;9,10-pentabenzoperopyrene",,CH-ip-bend (8.6 um),1186.4,1178.2749,8.125,8.125,7.329701657458564,7.581888370811638,5.151932409724743,0.0,0.795,0.543,2.973
2373,143,"12,13-o-phenylene-1,2;3,4;5,6;7,8;9,10-pentabenzoperopyrene",,ring / CH-ip (9-10.5 um),1062.2,1071.8239,-9.624,-9.624,-8.312219780219781,-5.868664872709862,-5.954881067037134,0.0,-1.312,-3.755,-3.669
2374,143,"12,13-o-phenylene-1,2;3,4;5,6;7,8;9,10-pentabenzoperopyrene",,CH-ip-bend (8.6 um),1172.3,1167.6684,4.632,4.632,3.8367016574585633,4.128279944665146,3.6856425534123303,0.0,0.795,0.504,0.946
2375,143,"12,13-o-phenylene-1,2;3,4;5,6;7,8;9,10-pentabenzoperopyrene",,CH-oop (10.5-15 um; benzene nu11 at 673 included),651.9,651.4707,0.429,0.429,-0.5134524590163934,-0.39756026818532647,-2.91814381764677,0.0,0.942,0.827,3.347
2376,143,"12,13-o-phenylene-1,2;3,4;5,6;7,8;9,10-pentabenzoperopyrene",,CH-oop (10.5-15 um; benzene nu11 at 673 included),813.9,811.4807,2.419,2.419,1.4765475409836066,1.8391689847305792,1.2851978076776893,0.0,0.942,0.58,1.134
2377,143,"12,13-o-phenylene-1,2;3,4;5,6;7,8;9,10-pentabenzoperopyrene",,CC-stretch/CH-ip (7.7 um),1333.3,1332.7906,0.509,0.509,-0.9030046875000001,-0.770761187286994,2.7941095494441446,0.0,1.412,1.28,-2.285
2378,143,"12,13-o-phenylene-1,2;3,4;5,6;7,8;9,10-pentabenzoperopyrene",,CC-stretch/CH-ip (7.7 um),1299.8,1303.2945,-3.495,-3.495,-4.907004687500001,-4.786413764683241,-3.5582700478978615,0.0,1.412,1.291,0.063
2379,143,"12,13-o-phenylene-1,2;3,4;5,6;7,8;9,10-pentabenzoperopyrene",,CC-stretch/CH-ip (7.7 um),1267.0,1263.7356,3.264,3.264,1.8519953124999997,1.8970284268732014,5.4252244523879645,0.0,1.412,1.367,-2.161
2380,143,"12,13-o-phenylene-1,2;3,4;5,6;7,8;9,10-pentabenzoperopyrene",,low / skeletal,628.8,629.6184,-0.818,-0.818,-0.5537422222222221,0.03278239353641088,-3.6763391880547815,0.0,-0.264,-0.851,2.858
2381,143,"12,13-o-phenylene-1,2;3,4;5,6;7,8;9,10-pentabenzoperopyrene",,CC-stretch/CH-ip (7.7 um),1446.8,1449.4425,-2.643,-2.643,-4.0550046875,-3.578464209286297,-1.1106526717717922,0.0,1.412,0.935,-1.532
2382,143,"12,13-o-phenylene-1,2;3,4;5,6;7,8;9,10-pentabenzoperopyrene",,CH-oop (10.5-15 um; benzene nu11 at 673 included),663.9,662.2052,1.695,1.695,0.7525475409836067,0.8851552386859968,-1.6521438176467698,0.0,0.942,0.81,3.347
2383,143,"12,13-o-phenylene-1,2;3,4;5,6;7,8;9,10-pentabenzoperopyrene",,low / skeletal,578.1,577.4545,0.645,0.645,0.9092577777777777,1.3944029530891675,-0.552604539127618,0.0,-0.264,-0.749,1.198
2384,143,"12,13-o-phenylene-1,2;3,4;5,6;7,8;9,10-pentabenzoperopyrene",,CC-stretch/CH-ip (7.7 um),1321.4,1323.8189,-2.419,-2.419,-3.8310046875,-3.789507442470735,-5.276781725533906,0.0,1.412,1.371,2.858
2385,143,"12,13-o-phenylene-1,2;3,4;5,6;7,8;9,10-pentabenzoperopyrene",,ring / CH-ip (9-10.5 um),1004.4,1005.4411,-1.041,-1.041,0.2707802197802198,2.4551163763843733,3.1761451209672864,0.0,-1.312,-3.496,-4.217
2386,143,"12,13-o-phenylene-1,2;3,4;5,6;7,8;9,10-pentabenzoperopyrene",,CH-ip-bend (8.6 um),1147.0,1139.511,7.489,7.489,6.693701657458563,6.894578955120858,7.026715458827171,0.0,0.795,0.594,0.462
2387,143,"12,13-o-phenylene-1,2;3,4;5,6;7,8;9,10-pentabenzoperopyrene",,CH-ip-bend (8.6 um),1136.0,1126.4852,9.515,9.515,8.719701657458565,8.993926851176543,7.6833952781239745,0.0,0.795,0.521,1.832
2388,143,"12,13-o-phenylene-1,2;3,4;5,6;7,8;9,10-pentabenzoperopyrene",,ring / CH-ip (9-10.5 um),1038.0,1040.9996,-3.0,-3.0,-1.6882197802197803,0.537107687308795,1.74827900214472,0.0,-1.312,-3.537,-4.748
2389,143,"12,13-o-phenylene-1,2;3,4;5,6;7,8;9,10-pentabenzoperopyrene",,ring / CH-ip (9-10.5 um),1101.5,1093.8739,7.626,7.626,8.93778021978022,2.5705508408116637,0.669561788610161,0.0,-1.312,5.055,6.956
2390,143,"12,13-o-phenylene-1,2;3,4;5,6;7,8;9,10-pentabenzoperopyrene",,CC-stretch/CH-ip (7.7 um),1349.0,1354.2792,-5.279,-5.279,-6.6910046874999995,-6.432452100098541,-8.250778929859537,0.0,1.412,1.153,2.972
2391,143,"12,13-o-phenylene-1,2;3,4;5,6;7,8;9,10-pentabenzoperopyrene",,low / skeletal,487.5,485.6618,1.838,1.838,2.102257777777778,2.3487338740707018,-1.916699068404074,0.0,-0.264,-0.511,3.755
2392,143,"12,13-o-phenylene-1,2;3,4;5,6;7,8;9,10-pentabenzoperopyrene",,low / skeletal,566.1,565.4445,0.656,0.656,0.9202577777777778,1.3399060055264447,-3.648966561979608,0.0,-0.264,-0.684,4.305
2393,143,"12,13-o-phenylene-1,2;3,4;5,6;7,8;9,10-pentabenzoperopyrene",,low / skeletal,550.0,545.4993,4.501,4.501,4.765257777777778,5.103556436254089,-0.45409231668761674,0.0,-0.264,-0.603,4.955
2394,143,"12,13-o-phenylene-1,2;3,4;5,6;7,8;9,10-pentabenzoperopyrene",,CH-oop (10.5-15 um; benzene nu11 at 673 included),783.1,785.3147,-2.215,-2.215,-3.157452459016393,-1.7061982582376523,-5.100932367724982,0.0,0.942,-0.509,2.886
2395,143,"12,13-o-phenylene-1,2;3,4;5,6;7,8;9,10-pentabenzoperopyrene",,CH-oop (10.5-15 um; benzene nu11 at 673 included),721.5,738.1564,-16.656,-16.656,-17.598452459016393,-17.01276973577297,-14.458194600331897,0.0,0.942,0.357,-2.198
2396,143,"12,13-o-phenylene-1,2;3,4;5,6;7,8;9,10-pentabenzoperopyrene",,low / skeletal,470.1,459.4032,10.697,10.697,10.961257777777776,11.298530959039448,7.972505620471143,0.0,-0.264,-0.602,2.724
2397,143,"12,13-o-phenylene-1,2;3,4;5,6;7,8;9,10-pentabenzoperopyrene",,CC-stretch/CH-ip (7.7 um),1354.3,1337.0686,17.231,17.231,15.818995312500002,15.903901581741687,15.98169319035979,0.0,1.412,1.327,1.249
2398,143,"12,13-o-phenylene-1,2;3,4;5,6;7,8;9,10-pentabenzoperopyrene",,CC-stretch/CH-ip (7.7 um),1257.6,1257.1903,0.41,0.41,-1.0020046875000002,-0.8486102335069792,-4.2854147920765335,0.0,1.412,1.259,4.695
2399,101,dicoronylene,,CC-stretch/CH-ip (7.7 um),1340.8,1335.1265,5.673,5.673,4.231987596899225,4.329886820394213,1.3461494860339824,0.0,1.441,1.343,4.327
2400,101,dicoronylene,,CC-stretch (6.2 um),1610.1,1607.7846,2.315,2.315,2.1099966442953018,0.8449741746869317,0.43478123119407663,0.0,0.205,1.47,1.88
2401,101,dicoronylene,,CH-ip-bend (8.6 um),1179.5,1177.164,2.336,2.336,1.453049723756906,0.9176219795501401,0.8784990539085002,0.0,0.883,1.418,1.458
2402,101,dicoronylene,,CH-ip-bend (8.6 um),1217.1,1218.6316,-1.532,-1.532,-2.414950276243094,-3.416536639826002,-2.435785541723952,0.0,0.883,1.885,0.904
2403,101,dicoronylene,,CC-stretch/CH-ip (7.7 um),1467.5,1468.3444,-0.844,-0.844,-2.285012403100775,-3.3733516367141307,-5.02658285479315,0.0,1.441,2.529,4.183
2404,101,dicoronylene,,ring / CH-ip (9-10.5 um),1050.2,1052.2437,-2.044,-2.044,-0.7276559139784946,0.4116452920129827,3.578765360599188,0.0,-1.316,-2.456,-5.623
2405,101,dicoronylene,,CC-stretch/CH-ip (7.7 um),1327.0,1310.7697,16.23,16.23,14.788987596899226,13.629971019463412,16.42580392021908,0.0,1.441,2.6,-0.196
2406,101,dicoronylene,,CH-ip-bend (8.6 um),1166.5,1151.4225,15.078,15.078,14.195049723756906,13.11895429524867,17.376695287399173,0.0,0.883,1.959,-2.299
2407,101,dicoronylene,,CH-oop (10.5-15 um; benzene nu11 at 673 included),858.0,860.1407,-2.141,-2.141,-3.0598081300813007,-3.879152974548647,-2.2747309964313507,0.0,0.919,1.738,0.134
2408,101,dicoronylene,,CC-stretch/CH-ip (7.7 um),1445.8,1444.008,1.792,1.792,0.3509875968992249,-0.7405876811350061,-2.746741435634255,0.0,1.441,2.533,4.539
2409,101,dicoronylene,,CC-stretch/CH-ip (7.7 um),1306.5,1305.7789,0.721,0.721,-0.7200124031007752,-1.8575222108800276,-5.4952202216569885,0.0,1.441,2.579,6.216
2410,101,dicoronylene,,CC-stretch/CH-ip (7.7 um),1356.8,1347.8778,8.922,8.922,7.480987596899226,6.2484185109295876,5.464280399264939,0.0,1.441,2.674,3.458
2411,101,dicoronylene,,CH-ip-bend (8.6 um),1150.3,1145.2337,5.066,5.066,4.1830497237569055,2.9694609493883806,14.973842630899625,0.0,0.883,2.097,-9.908
2412,101,dicoronylene,,CH-oop (10.5-15 um; benzene nu11 at 673 included),890.7,890.0808,0.619,0.619,-0.2998081300813008,-0.8893362590751066,3.763169539011483,0.0,0.919,1.508,-3.144
2413,101,dicoronylene,,CC-stretch (6.2 um),1586.9,1579.1539,7.746,7.746,7.540996644295302,7.434421829479433,7.19693342663766,0.0,0.205,0.312,0.549
2414,101,dicoronylene,,CC-stretch/CH-ip (7.7 um),1483.0,1480.8982,2.102,2.102,0.6609875968992247,-0.48069657612414396,-0.7364363626596897,0.0,1.441,2.583,2.838
2415,101,dicoronylene,,CC-stretch/CH-ip (7.7 um),1348.2,1374.9511,-26.751,-26.751,-28.192012403100776,-29.342161056014877,-28.428958883898904,0.0,1.441,2.591,1.678
2416,101,dicoronylene,,CH-ip-bend (8.6 um),1185.5,1203.8529,-18.353,-18.353,-19.235950276243095,-20.133035681891,-19.082668043342593,0.0,0.883,1.78,0.73
2417,101,dicoronylene,,CC-stretch/CH-ip (7.7 um),1365.4,1376.923,-11.523,-11.523,-12.964012403100774,-14.156469203382255,-16.278922660252107,0.0,1.441,2.633,4.756
2418,101,dicoronylene,,CC-stretch/CH-ip (7.7 um),1372.8,1382.8076,-10.008,-10.008,-11.449012403100774,-12.569003963754078,-9.826009867611077,0.0,1.441,2.561,-0.182
2419,149,"1,14-benzodiphenanthreno-(1"""",9"""";2,4),(9\'"""", 1\'"""";11,13)-bisanthene",,CH-stretch,3094.3,3097.9713,-3.671,-3.671,-1.7848205128205128,-1.4121163599440592,-3.777723132922935,0.0,-1.886,-2.259,0.107
2420,149,"1,14-benzodiphenanthreno-(1"""",9"""";2,4),(9\'"""", 1\'"""";11,13)-bisanthene",,CH-oop (10.5-15 um; benzene nu11 at 673 included),761.1,763.5371,-2.437,-2.437,-3.4510716666666665,-3.4427679167593475,-5.04656397342346,0.0,1.014,1.006,2.61
2421,149,"1,14-benzodiphenanthreno-(1"""",9"""";2,4),(9\'"""", 1\'"""";11,13)-bisanthene",,CC-stretch/CH-ip (7.7 um),1471.0,1466.424,4.576,4.576,3.165727699530516,3.4794653874388253,4.918815245920926,0.0,1.41,1.097,-0.343
2422,149,"1,14-benzodiphenanthreno-(1"""",9"""";2,4),(9\'"""", 1\'"""";11,13)-bisanthene",,CH-oop (10.5-15 um; benzene nu11 at 673 included),751.9,754.6251,-2.725,-2.725,-3.739071666666667,-3.916754541333459,-1.0144305447992243,0.0,1.014,1.192,-1.711
2423,149,"1,14-benzodiphenanthreno-(1"""",9"""";2,4),(9\'"""", 1\'"""";11,13)-bisanthene",,CH-oop (10.5-15 um; benzene nu11 at 673 included),781.2,791.5945,-10.394,-10.394,-11.408071666666666,-11.138272359940427,-11.332298149741789,0.0,1.014,0.744,0.938
2424,149,"1,14-benzodiphenanthreno-(1"""",9"""";2,4),(9\'"""", 1\'"""";11,13)-bisanthene",,CC-stretch/CH-ip (7.7 um),1415.0,1424.8456,-9.846,-9.846,-11.256272300469483,-11.205802963661538,-10.482345014010335,0.0,1.41,1.36,0.636
2425,149,"1,14-benzodiphenanthreno-(1"""",9"""";2,4),(9\'"""", 1\'"""";11,13)-bisanthene",,CC-stretch/CH-ip (7.7 um),1394.9,1395.4105,-0.51,-0.51,-1.9202723004694835,-1.7070497087098768,-7.249210741277912,0.0,1.41,1.197,6.739
2426,149,"1,14-benzodiphenanthreno-(1"""",9"""";2,4),(9\'"""", 1\'"""";11,13)-bisanthene",,CC-stretch (6.2 um),1594.4,1591.0891,3.311,3.311,3.0299078498293515,3.0292542840431214,5.252605380624774,0.0,0.281,0.282,-1.942
2427,149,"1,14-benzodiphenanthreno-(1"""",9"""";2,4),(9\'"""", 1\'"""";11,13)-bisanthene",,ring / CH-ip (9-10.5 um),1053.3,1061.8386,-8.539,-8.539,-7.243551351351351,-4.974013518531115,-3.030929452666257,0.0,-1.295,-3.565,-5.508
2428,149,"1,14-benzodiphenanthreno-(1"""",9"""";2,4),(9\'"""", 1\'"""";11,13)-bisanthene",,CH-oop (10.5-15 um; benzene nu11 at 673 included),818.3,817.5362,0.764,0.764,-0.2500716666666667,-0.11744763931897717,-2.091248442024627,0.0,1.014,0.881,2.855
2429,149,"1,14-benzodiphenanthreno-(1"""",9"""";2,4),(9\'"""", 1\'"""";11,13)-bisanthene",,CC-stretch/CH-ip (7.7 um),1405.2,1405.0689,0.131,0.131,-1.2792723004694835,-1.2506866231086953,-1.7286972775071732,0.0,1.41,1.382,1.86
2430,149,"1,14-benzodiphenanthreno-(1"""",9"""";2,4),(9\'"""", 1\'"""";11,13)-bisanthene",,CH-oop (10.5-15 um; benzene nu11 at 673 included),915.9,908.7204,7.18,7.18,6.1659283333333335,6.625481121769544,7.680202319791375,0.0,1.014,0.555,-0.5
2431,149,"1,14-benzodiphenanthreno-(1"""",9"""";2,4),(9\'"""", 1\'"""";11,13)-bisanthene",,CC-stretch/CH-ip (7.7 um),1324.1,1322.1683,1.932,1.932,0.5217276995305165,0.41588569397625563,-4.248213456482869,0.0,1.41,1.516,6.18
2432,149,"1,14-benzodiphenanthreno-(1"""",9"""";2,4),(9\'"""", 1\'"""";11,13)-bisanthene",,CC-stretch/CH-ip (7.7 um),1331.3,1333.1891,-1.889,-1.889,-3.2992723004694833,-3.3987641966997657,-9.786411971978314,0.0,1.41,1.51,7.897
2433,149,"1,14-benzodiphenanthreno-(1"""",9"""";2,4),(9\'"""", 1\'"""";11,13)-bisanthene",,CC-stretch/CH-ip (7.7 um),1347.3,1342.9492,4.351,4.351,2.9407276995305165,2.705709059804021,2.722438197594584,0.0,1.41,1.645,1.629
2434,149,"1,14-benzodiphenanthreno-(1"""",9"""";2,4),(9\'"""", 1\'"""";11,13)-bisanthene",,CC-stretch/CH-ip (7.7 um),1259.1,1253.0441,6.056,6.056,4.645727699530516,4.518179448185903,2.2637143996725144,0.0,1.41,1.538,3.792
2435,149,"1,14-benzodiphenanthreno-(1"""",9"""";2,4),(9\'"""", 1\'"""";11,13)-bisanthene",,CC-stretch (6.2 um),1614.1,1611.7484,2.352,2.352,2.0709078498293514,2.134320608117172,2.3226979305408437,0.0,0.281,0.218,0.029
2436,149,"1,14-benzodiphenanthreno-(1"""",9"""";2,4),(9\'"""", 1\'"""";11,13)-bisanthene",,CC-stretch (6.2 um),1526.7,1517.1242,9.576,9.576,9.294907849829352,9.173557047898237,5.222097037190887,0.0,0.281,0.402,4.354
2437,149,"1,14-benzodiphenanthreno-(1"""",9"""";2,4),(9\'"""", 1\'"""";11,13)-bisanthene",,CH-ip-bend (8.6 um),1189.6,1197.7256,-8.126,-8.126,-8.91209749303621,-8.90060045520567,-11.92234778695093,0.0,0.786,0.775,3.796
2438,149,"1,14-benzodiphenanthreno-(1"""",9"""";2,4),(9\'"""", 1\'"""";11,13)-bisanthene",,CC-stretch/CH-ip (7.7 um),1311.6,1318.3662,-6.766,-6.766,-8.176272300469483,-8.41509254313965,-9.865539266659198,0.0,1.41,1.649,3.1
2439,149,"1,14-benzodiphenanthreno-(1"""",9"""";2,4),(9\'"""", 1\'"""";11,13)-bisanthene",,CC-stretch (6.2 um),1540.7,1538.7539,1.946,1.946,1.6649078498293515,1.671461093162129,-0.031391472231280027,0.0,0.281,0.275,1.977
2440,149,"1,14-benzodiphenanthreno-(1"""",9"""";2,4),(9\'"""", 1\'"""";11,13)-bisanthene",,CH-oop (10.5-15 um; benzene nu11 at 673 included),771.9,764.0268,7.873,7.873,6.858928333333333,7.9266291161559055,6.018853071234395,0.0,1.014,-0.054,1.854
2441,149,"1,14-benzodiphenanthreno-(1"""",9"""";2,4),(9\'"""", 1\'"""";11,13)-bisanthene",,low / skeletal,627.1,626.8177,0.282,0.282,0.5253822222222222,0.8233477839437773,-2.2228740544518173,0.0,-0.243,-0.541,2.505
2442,149,"1,14-benzodiphenanthreno-(1"""",9"""";2,4),(9\'"""", 1\'"""";11,13)-bisanthene",,ring / CH-ip (9-10.5 um),1089.0,1087.6866,1.313,1.313,2.6084486486486487,-4.171966699575485,-2.406845812682783,0.0,-1.295,5.485,3.72
2443,149,"1,14-benzodiphenanthreno-(1"""",9"""";2,4),(9\'"""", 1\'"""";11,13)-bisanthene",,CH-ip-bend (8.6 um),1171.3,1166.944,4.356,4.356,3.569902506963788,3.5177626030443845,1.8439060715407631,0.0,0.786,0.838,2.512
2444,149,"1,14-benzodiphenanthreno-(1"""",9"""";2,4),(9\'"""", 1\'"""";11,13)-bisanthene",,low / skeletal,643.7,643.5182,0.182,0.182,0.4253822222222222,0.7382413609527474,-1.4425352679836037,0.0,-0.243,-0.556,1.625
2445,149,"1,14-benzodiphenanthreno-(1"""",9"""";2,4),(9\'"""", 1\'"""";11,13)-bisanthene",,CC-stretch/CH-ip (7.7 um),1291.8,1287.5537,4.246,4.246,2.835727699530517,2.646658895319956,-2.2639696587329645,0.0,1.41,1.599,6.51
2446,149,"1,14-benzodiphenanthreno-(1"""",9"""";2,4),(9\'"""", 1\'"""";11,13)-bisanthene",,CH-oop (10.5-15 um; benzene nu11 at 673 included),812.1,814.7144,-2.614,-2.614,-3.6280716666666666,-3.692686908131771,-0.565726776997582,0.0,1.014,1.079,-2.048
2447,149,"1,14-benzodiphenanthreno-(1"""",9"""";2,4),(9\'"""", 1\'"""";11,13)-bisanthene",,CC-stretch/CH-ip (7.7 um),1431.6,1430.0498,1.55,1.55,0.13972769953051656,0.0721415985502194,2.4969979364299966,0.0,1.41,1.478,-0.947
2448,149,"1,14-benzodiphenanthreno-(1"""",9"""";2,4),(9\'"""", 1\'"""";11,13)-bisanthene",,CC-stretch/CH-ip (7.7 um),1453.1,1452.1693,0.931,0.931,-0.47927230046948344,-0.5057314243240458,0.7493545149919776,0.0,1.41,1.437,0.182
2449,149,"1,14-benzodiphenanthreno-(1"""",9"""";2,4),(9\'"""", 1\'"""";11,13)-bisanthene",,CH-ip-bend (8.6 um),1212.0,1206.2903,5.71,5.71,4.923902506963788,4.975553684413345,1.3291229773790159,0.0,0.786,0.734,4.381
2450,149,"1,14-benzodiphenanthreno-(1"""",9"""";2,4),(9\'"""", 1\'"""";11,13)-bisanthene",,CH-ip-bend (8.6 um),1122.6,1116.1674,6.433,6.433,5.646902506963788,5.635233827924382,3.404571888524554,0.0,0.786,0.798,3.028
2451,149,"1,14-benzodiphenanthreno-(1"""",9"""";2,4),(9\'"""", 1\'"""";11,13)-bisanthene",,CC-stretch (6.2 um),1510.3,1503.9962,6.304,6.304,6.022907849829352,5.925983204595706,1.3670509338001713,0.0,0.281,0.378,4.937
2452,149,"1,14-benzodiphenanthreno-(1"""",9"""";2,4),(9\'"""", 1\'"""";11,13)-bisanthene",,CC-stretch/CH-ip (7.7 um),1382.5,1381.6852,0.815,0.815,-0.5952723004694835,-0.7053760801289186,-2.479168962049284,0.0,1.41,1.52,3.294
2453,149,"1,14-benzodiphenanthreno-(1"""",9"""";2,4),(9\'"""", 1\'"""";11,13)-bisanthene",,CC-stretch/CH-ip (7.7 um),1276.5,1272.1569,4.343,4.343,2.9327276995305165,2.7393622103741824,-1.7322763078329322,0.0,1.41,1.604,6.075
2454,149,"1,14-benzodiphenanthreno-(1"""",9"""";2,4),(9\'"""", 1\'"""";11,13)-bisanthene",,CH-oop (10.5-15 um; benzene nu11 at 673 included),803.6,804.2191,-0.619,-0.619,-1.6330716666666667,-1.7664410152327004,-2.230155855099412,0.0,1.014,1.147,1.611
2455,149,"1,14-benzodiphenanthreno-(1"""",9"""";2,4),(9\'"""", 1\'"""";11,13)-bisanthene",,CH-ip-bend (8.6 um),1203.8,1199.8371,3.963,3.963,3.1769025069637884,3.1907463295303673,0.16665221304906908,0.0,0.786,0.772,3.796
2456,149,"1,14-benzodiphenanthreno-(1"""",9"""";2,4),(9\'"""", 1\'"""";11,13)-bisanthene",,low / skeletal,537.6,535.932,1.668,1.668,1.911382222222222,2.0126017762503325,-2.067513359634062,0.0,-0.243,-0.345,3.736
2457,149,"1,14-benzodiphenanthreno-(1"""",9"""";2,4),(9\'"""", 1\'"""";11,13)-bisanthene",,low / skeletal,567.0,571.034,-4.034,-4.034,-3.7906177777777774,-3.6429527585286294,-6.477520681262033,0.0,-0.243,-0.391,2.444
2458,149,"1,14-benzodiphenanthreno-(1"""",9"""";2,4),(9\'"""", 1\'"""";11,13)-bisanthene",,CH-oop (10.5-15 um; benzene nu11 at 673 included),695.5,696.1519,-0.652,-0.652,-1.6660716666666668,-1.8683549673935582,-3.9386195233673194,0.0,1.014,1.216,3.287
2459,149,"1,14-benzodiphenanthreno-(1"""",9"""";2,4),(9\'"""", 1\'"""";11,13)-bisanthene",,CC-stretch/CH-ip (7.7 um),1491.9,1483.0039,8.896,8.896,7.485727699530518,7.422525012695464,13.324002699022397,0.0,1.41,1.473,-4.428
2460,149,"1,14-benzodiphenanthreno-(1"""",9"""";2,4),(9\'"""", 1\'"""";11,13)-bisanthene",,CH-oop (10.5-15 um; benzene nu11 at 673 included),938.6,935.3001,3.3,3.3,2.285928333333333,2.350234430174954,-0.08776947358220788,0.0,1.014,0.95,3.388
2461,149,"1,14-benzodiphenanthreno-(1"""",9"""";2,4),(9\'"""", 1\'"""";11,13)-bisanthene",,low / skeletal,620.1,615.3446,4.755,4.755,4.998382222222222,5.234796209286876,2.87977894281748,0.0,-0.243,-0.48,1.875
2462,149,"1,14-benzodiphenanthreno-(1"""",9"""";2,4),(9\'"""", 1\'"""";11,13)-bisanthene",,CH-oop (10.5-15 um; benzene nu11 at 673 included),712.6,730.4837,-17.884,-17.884,-18.898071666666667,-19.081154036838473,-17.821244713344417,0.0,1.014,1.197,-0.063
2463,149,"1,14-benzodiphenanthreno-(1"""",9"""";2,4),(9\'"""", 1\'"""";11,13)-bisanthene",,low / skeletal,617.1,625.4556,-8.356,-8.356,-8.112617777777778,-7.732400850589993,-9.044369702143953,0.0,-0.243,-0.624,0.688
2464,149,"1,14-benzodiphenanthreno-(1"""",9"""";2,4),(9\'"""", 1\'"""";11,13)-bisanthene",,CC-stretch (6.2 um),1557.1,1580.793,-23.693,-23.693,-23.974092150170648,-23.98779438894991,-29.166372177295006,0.0,0.281,0.295,5.473
2465,149,"1,14-benzodiphenanthreno-(1"""",9"""";2,4),(9\'"""", 1\'"""";11,13)-bisanthene",,CH-oop (10.5-15 um; benzene nu11 at 673 included),665.7,661.1531,4.547,4.547,3.532928333333333,3.2636081807536526,-0.482750991716121,0.0,1.014,1.283,5.03
2466,149,"1,14-benzodiphenanthreno-(1"""",9"""";2,4),(9\'"""", 1\'"""";11,13)-bisanthene",,CH-ip-bend (8.6 um),1140.6,1145.6032,-5.003,-5.003,-5.789097493036212,-5.917755195292453,-3.881966864852042,0.0,0.786,0.915,-1.121
2467,149,"1,14-benzodiphenanthreno-(1"""",9"""";2,4),(9\'"""", 1\'"""";11,13)-bisanthene",,CH-oop (10.5-15 um; benzene nu11 at 673 included),831.0,844.501,-13.501,-13.501,-14.515071666666666,-14.553917153832707,-12.788636966085289,0.0,1.014,1.053,-0.712
2468,149,"1,14-benzodiphenanthreno-(1"""",9"""";2,4),(9\'"""", 1\'"""";11,13)-bisanthene",,CC-stretch (6.2 um),1579.2,1590.2037,-11.004,-11.004,-11.285092150170648,-11.04899871699596,-8.569651972934114,0.0,0.281,0.045,-2.434
2469,149,"1,14-benzodiphenanthreno-(1"""",9"""";2,4),(9\'"""", 1\'"""";11,13)-bisanthene",,CH-oop (10.5-15 um; benzene nu11 at 673 included),893.5,888.9997,4.5,4.5,3.4859283333333333,3.461637575350018,2.3416845810523164,0.0,1.014,1.038,2.158
2470,149,"1,14-benzodiphenanthreno-(1"""",9"""";2,4),(9\'"""", 1\'"""";11,13)-bisanthene",,CH-oop (10.5-15 um; benzene nu11 at 673 included),841.3,861.3289,-20.029,-20.029,-21.043071666666666,-21.012812155075732,-22.13248086178053,0.0,1.014,0.984,2.103
2471,149,"1,14-benzodiphenanthreno-(1"""",9"""";2,4),(9\'"""", 1\'"""";11,13)-bisanthene",,low / skeletal,571.2,562.6125,8.588,8.588,8.83138222222222,8.91285741101084,9.562122519810188,0.0,-0.243,-0.325,-0.974
2472,149,"1,14-benzodiphenanthreno-(1"""",9"""";2,4),(9\'"""", 1\'"""";11,13)-bisanthene",,CC-stretch/CH-ip (7.7 um),1373.3,1377.5129,-4.213,-4.213,-5.623272300469484,-5.577204057218405,-11.54841690632642,0.0,1.41,1.364,7.335
2473,149,"1,14-benzodiphenanthreno-(1"""",9"""";2,4),(9\'"""", 1\'"""";11,13)-bisanthene",,CH-oop (10.5-15 um; benzene nu11 at 673 included),952.4,945.2503,7.15,7.15,6.135928333333334,6.2427614584337086,3.606439205407641,0.0,1.014,0.907,3.544
2474,149,"1,14-benzodiphenanthreno-(1"""",9"""";2,4),(9\'"""", 1\'"""";11,13)-bisanthene",,low / skeletal,530.9,519.8488,11.051,11.051,11.294382222222222,11.322194704110428,9.647575700200942,0.0,-0.243,-0.271,1.403
2475,149,"1,14-benzodiphenanthreno-(1"""",9"""";2,4),(9\'"""", 1\'"""";11,13)-bisanthene",,CH-ip-bend (8.6 um),1164.5,1155.8387,8.661,8.661,7.874902506963788,7.889222550433267,5.207830101264956,0.0,0.786,0.772,3.453
2476,149,"1,14-benzodiphenanthreno-(1"""",9"""";2,4),(9\'"""", 1\'"""";11,13)-bisanthene",,CH-ip-bend (8.6 um),1155.0,1130.9803,24.02,24.02,23.233902506963787,23.057646562188797,17.63554172116318,0.0,0.786,0.962,6.384
2477,149,"1,14-benzodiphenanthreno-(1"""",9"""";2,4),(9\'"""", 1\'"""";11,13)-bisanthene",,CH-oop (10.5-15 um; benzene nu11 at 673 included),789.2,798.5571,-9.357,-9.357,-10.371071666666666,-9.479704998474737,-11.180867339222614,0.0,1.014,0.123,1.824
