pair_id,uid,formula,charge,n_c,n_h,has_n,n_solo,n_duo,n_trio,n_quartet,point_group,ladder,lab_doi,species_name,nu_lab_cm,rel_int_lab,nu_scaled_cm,nu_unscaled_cm,scale,scale_region,intensity_km_mol,log10_intensity,rel_int_comp,irrep,family,n_candidates,y_cm
1,330,C10H8,0,10,8,0,0,0,0,8,1-AG,R1 naphthalene,10.1021/jp9834816,naphthalene,785.8,1.0,787.9869,804.5608535838268,0.9794,0,90.8148,1.9581566308399974,1.0,B3U,CH-oop (10.5-15 um; benzene nu11 at 673 included),1,-2.187
2,330,C10H8,0,10,8,0,0,0,0,8,1-AG,R1 naphthalene,10.1021/jp9834816,naphthalene,3071.6,0.6667,3076.5572,3205.748879858289,0.9597,2,59.4327,1.7740254605032963,0.6544,B2U,CH-stretch,3,-4.957
3,330,C10H8,0,10,8,0,0,0,0,8,1-AG,R1 naphthalene,10.1021/jp9834816,naphthalene,473.7,0.1722,481.8409,491.9755973044721,0.9794,0,12.2288,1.0873838422408988,0.1347,B3U,low / skeletal,1,-8.141
4,330,C10H8,0,10,8,0,0,0,0,8,1-AG,R1 naphthalene,10.1021/jp9834816,naphthalene,1272.8,0.0722,1256.8352,1296.9097100402437,0.9691,1,7.9748,0.9017198001949819,0.0878,B1U,CC-stretch/CH-ip (7.7 um),1,15.965
5,330,C10H8,0,10,8,0,0,0,0,8,1-AG,R1 naphthalene,10.1021/jp9834816,naphthalene,1014.4,0.0722,1023.0611,1044.5794363896262,0.9794,0,4.5771,0.6605904009511723,0.0504,B2U,ring / CH-ip (9-10.5 um),1,-8.661
6,330,C10H8,0,10,8,0,0,0,0,8,1-AG,R1 naphthalene,10.1021/jp9834816,naphthalene,1513.0,0.0611,1518.4897,1566.9071303271078,0.9691,1,7.2978,0.8631919571258374,0.0804,B2U,CC-stretch (6.2 um),1,-5.49
7,330,C10H8,0,10,8,0,0,0,0,8,1-AG,R1 naphthalene,10.1021/jp9834816,naphthalene,1391.8,0.0611,1386.8024,1431.0209472706636,0.9691,1,3.0095,0.4784943476608087,0.0331,B1U,CC-stretch/CH-ip (7.7 um),2,4.998
8,330,C10H8,0,10,8,0,0,0,0,8,1-AG,R1 naphthalene,10.1021/jp9834816,naphthalene,1604.4,0.0611,1607.2458,1658.493241151584,0.9691,1,4.9442,0.6940960302724207,0.0544,B1U,CC-stretch (6.2 um),1,-2.846
9,330,C10H8,0,10,8,0,0,0,0,8,1-AG,R1 naphthalene,10.1021/jp9834816,naphthalene,1129.1,0.05,1121.2396,1156.9906098441854,0.9691,1,3.1219,0.4944189877258401,0.0344,B1U,CH-ip-bend (8.6 um),1,7.86
10,330,C10H8,0,10,8,0,0,0,0,8,1-AG,R1 naphthalene,10.1021/jp9834816,naphthalene,620.3,0.04,622.5014,635.594649785583,0.9794,0,3.4277,0.5350028044862922,0.0377,B2U,low / skeletal,1,-2.201
11,330,C10H8,0,10,8,0,0,0,0,8,1-AG,R1 naphthalene,10.1021/jp9834816,naphthalene,957.6,0.03,943.7831,963.6339595670818,0.9794,0,3.3684,0.527423658682064,0.0371,B3U,CH-oop (10.5-15 um; benzene nu11 at 673 included),1,13.817
12,330,C10H8,0,10,8,0,0,0,0,8,1-AG,R1 naphthalene,10.1021/jp9834816,naphthalene,1361.6,0.02,1366.0429,1409.599525332783,0.9691,1,1.1856,0.07393819063525295,0.0131,B2U,CC-stretch/CH-ip (7.7 um),2,-4.443
13,269,C12H8N2-,-1,12,8,1,0,0,0,8,2-B3U,,10.1016/j.asr.2005.03.127,phenazine,1309.6,1.0,1311.9685,1353.800949334434,0.9691,1,428.6292,2.6320817536561294,1.0,B2U,CC-stretch/CH-ip (7.7 um),1,-2.369
14,269,C12H8N2-,-1,12,8,1,0,0,0,8,2-B3U,,10.1016/j.asr.2005.03.127,phenazine,1264.0,0.3681,1270.122,1310.6201630378705,0.9691,1,154.902,2.190057025140461,0.3614,B2U,CC-stretch/CH-ip (7.7 um),1,-6.122
15,269,C12H8N2-,-1,12,8,1,0,0,0,8,2-B3U,,10.1016/j.asr.2005.03.127,phenazine,723.1,0.2369,724.8424,740.0882172758832,0.9794,0,102.6126,2.011200691911204,0.2394,B3U,CH-oop (10.5-15 um; benzene nu11 at 673 included),1,-1.742
16,269,C12H8N2-,-1,12,8,1,0,0,0,8,2-B3U,,10.1016/j.asr.2005.03.127,phenazine,3042.6,0.2058,3045.2678,3173.1455663228094,0.9597,2,159.0422,2.201512374606381,0.371,B1U,CH-stretch,3,-2.668
17,269,C12H8N2-,-1,12,8,1,0,0,0,8,2-B3U,,10.1016/j.asr.2005.03.127,phenazine,1589.8,0.1058,1582.8033,1633.2713858218967,0.9691,1,3.6251,0.5593199912791986,0.0085,B1U,CC-stretch (6.2 um),1,6.997
18,269,C12H8N2-,-1,12,8,1,0,0,0,8,2-B3U,,10.1016/j.asr.2005.03.127,phenazine,1113.8,0.0881,1105.1093,1140.345991125787,0.9691,1,16.6099,1.2203670177867993,0.0388,B1U,CH-ip-bend (8.6 um),1,8.691
19,269,C12H8N2-,-1,12,8,1,0,0,0,8,2-B3U,,10.1016/j.asr.2005.03.127,phenazine,3077.7,0.0544,3050.3854,3178.4780660623114,0.9597,2,112.256,2.050209563013909,0.2619,B2U,CH-stretch,1,27.315
20,269,C12H8N2-,-1,12,8,1,0,0,0,8,2-B3U,,10.1016/j.asr.2005.03.127,phenazine,826.4,0.0524,824.2221,841.558198897284,0.9794,0,20.0777,1.3027139607379536,0.0468,B2U,CH-oop (10.5-15 um; benzene nu11 at 673 included),1,2.178
21,269,C12H8N2-,-1,12,8,1,0,0,0,8,2-B3U,,10.1016/j.asr.2005.03.127,phenazine,1018.2,0.028,1024.758,1046.3120277721057,0.9794,0,13.4774,1.1296061181219457,0.0314,B2U,ring / CH-ip (9-10.5 um),1,-6.558
22,269,C12H8N2-,-1,12,8,1,0,0,0,8,2-B3U,,10.1016/j.asr.2005.03.127,phenazine,1519.0,0.0275,1519.186,1567.6256320297182,0.9691,1,80.6257,1.9064734982457132,0.1881,B2U,CC-stretch (6.2 um),1,-0.186
23,269,C12H8N2-,-1,12,8,1,0,0,0,8,2-B3U,,10.1016/j.asr.2005.03.127,phenazine,888.0,0.0145,878.7476,897.2305493159076,0.9794,0,9.7393,0.9885277436278865,0.0227,B1U,CH-oop (10.5-15 um; benzene nu11 at 673 included),2,9.252
24,267,C12H8N2,0,12,8,1,0,0,0,8,1-AG,,10.1016/j.asr.2005.03.127,phenazine,752.4,1.0,758.4262,774.3783949356748,0.9794,0,121.1559,2.0833445680818814,1.0,B3U,CH-oop (10.5-15 um; benzene nu11 at 673 included),1,-6.026
25,267,C12H8N2,0,12,8,1,0,0,0,8,1-AG,,10.1016/j.asr.2005.03.127,phenazine,1517.8,0.318,1523.3643,1571.9371581880096,0.9691,1,33.2603,1.5219261621341613,0.2745,B2U,CC-stretch (6.2 um),1,-5.564
26,267,C12H8N2,0,12,8,1,0,0,0,8,1-AG,,10.1016/j.asr.2005.03.127,phenazine,3051.0,0.2866,3060.1129,3188.614046056059,0.9597,2,8.2021,0.9139250599018979,0.0677,B1U,CH-stretch,2,-9.113
27,267,C12H8N2,0,12,8,1,0,0,0,8,1-AG,,10.1016/j.asr.2005.03.127,phenazine,820.8,0.1715,822.5327,839.8332652644475,0.9794,0,16.982,1.229988836544811,0.1402,B2U,CH-oop (10.5-15 um; benzene nu11 at 673 included),1,-1.733
28,267,C12H8N2,0,12,8,1,0,0,0,8,1-AG,,10.1016/j.asr.2005.03.127,phenazine,1113.4,0.1578,1127.2294,1163.171396140749,0.9691,1,10.1684,1.0072526219652969,0.0839,B2U,CH-ip-bend (8.6 um),2,-13.829
29,267,C12H8N2,0,12,8,1,0,0,0,8,1-AG,,10.1016/j.asr.2005.03.127,phenazine,596.9,0.1264,598.3603,610.9457831325301,0.9794,0,14.7822,1.1697390738935927,0.122,B2U,low / skeletal,1,-1.46
30,267,C12H8N2,0,12,8,1,0,0,0,8,1-AG,,10.1016/j.asr.2005.03.127,phenazine,1624.1,0.1055,1638.3069,1690.544732225777,0.9691,1,2.4806,0.3945567393636564,0.0205,B1U,CC-stretch (6.2 um),1,-14.207
31,267,C12H8N2,0,12,8,1,0,0,0,8,1-AG,,10.1016/j.asr.2005.03.127,phenazine,1369.2,0.0789,1350.6874,1393.7544113094625,0.9691,1,23.83,1.3771240423464561,0.1967,B2U,CC-stretch/CH-ip (7.7 um),1,18.513
32,267,C12H8N2,0,12,8,1,0,0,0,8,1-AG,,10.1016/j.asr.2005.03.127,phenazine,1139.5,0.0692,1132.9742,1169.099370549995,0.9691,1,12.0143,1.0796984721858238,0.0992,B1U,CH-ip-bend (8.6 um),2,6.526
33,267,C12H8N2,0,12,8,1,0,0,0,8,1-AG,,10.1016/j.asr.2005.03.127,phenazine,1435.2,0.0604,1435.6166,1481.3916004540297,0.9691,1,8.4116,0.924878612335357,0.0694,B2U,CC-stretch/CH-ip (7.7 um),1,-0.417
34,267,C12H8N2,0,12,8,1,0,0,0,8,1-AG,,10.1016/j.asr.2005.03.127,phenazine,1480.0,0.0419,1475.2955,1522.3356722732433,0.9691,1,5.6181,0.7495894652076159,0.0464,B1U,CC-stretch/CH-ip (7.7 um),1,4.705
35,267,C12H8N2,0,12,8,1,0,0,0,8,1-AG,,10.1016/j.asr.2005.03.127,phenazine,997.4,0.0354,1006.4373,1027.605983255054,0.9794,0,5.4162,0.7336946928433866,0.0447,B2U,ring / CH-ip (9-10.5 um),1,-9.037
36,267,C12H8N2,0,12,8,1,0,0,0,8,1-AG,,10.1016/j.asr.2005.03.127,phenazine,905.5,0.0193,896.3146,915.167041045538,0.9794,0,3.4934,0.5432483159115936,0.0288,B1U,CH-oop (10.5-15 um; benzene nu11 at 673 included),1,9.185
37,267,C12H8N2,0,12,8,1,0,0,0,8,1-AG,,10.1016/j.asr.2005.03.127,phenazine,658.0,0.0137,652.407,666.1292628139678,0.9794,0,6.2762,0.7976967745440299,0.0518,B1U,CH-oop (10.5-15 um; benzene nu11 at 673 included),1,5.593
38,267,C12H8N2,0,12,8,1,0,0,0,8,1-AG,,10.1016/j.asr.2005.03.127,phenazine,960.0,0.0137,956.7497,976.8732897692464,0.9794,0,1.2573,0.09943891555350681,0.0104,B3U,ring / CH-ip (9-10.5 um),1,3.25
39,268,C12H8N2+,1,12,8,1,0,0,0,8,2-B2G,,10.1016/j.asr.2005.03.127,phenazine,1349.0,1.0,1361.615,1405.0304406150035,0.9691,1,450.7877,2.6539720575626133,0.736,B2U,CC-stretch/CH-ip (7.7 um),2,-12.615
40,268,C12H8N2+,1,12,8,1,0,0,0,8,2-B2G,,10.1016/j.asr.2005.03.127,phenazine,1276.1,0.8206,1279.2766,1320.0666597874315,0.9691,1,612.4756,2.7870887918179013,1.0,B2U,CC-stretch/CH-ip (7.7 um),2,-3.177
41,268,C12H8N2+,1,12,8,1,0,0,0,8,2-B2G,,10.1016/j.asr.2005.03.127,phenazine,1137.3,0.1587,1144.8598,1181.3639459292126,0.9691,1,35.1391,1.5457906339367609,0.0574,B2U,CH-ip-bend (8.6 um),1,-7.56
42,268,C12H8N2+,1,12,8,1,0,0,0,8,2-B2G,,10.1016/j.asr.2005.03.127,phenazine,1361.3,0.1389,1374.4343,1418.258487256217,0.9691,1,66.0921,1.8201495512942867,0.1079,B2U,CC-stretch/CH-ip (7.7 um),2,-13.134
43,268,C12H8N2+,1,12,8,1,0,0,0,8,2-B2G,,10.1016/j.asr.2005.03.127,phenazine,755.5,0.1361,763.5472,779.6071063916683,0.9794,0,119.7993,2.0784542804320445,0.1956,B3U,CH-oop (10.5-15 um; benzene nu11 at 673 included),1,-8.047
44,268,C12H8N2+,1,12,8,1,0,0,0,8,2-B2G,,10.1016/j.asr.2005.03.127,phenazine,1243.0,0.0923,1265.0703,1305.4073882984214,0.9691,1,1.1374,0.05591322391614873,0.0019,B1U,CC-stretch/CH-ip (7.7 um),1,-22.07
45,268,C12H8N2+,1,12,8,1,0,0,0,8,2-B2G,,10.1016/j.asr.2005.03.127,phenazine,567.0,0.0878,574.2128,586.2903818664488,0.9794,0,47.3266,1.675105305349515,0.0773,B2U,low / skeletal,1,-7.213
46,268,C12H8N2+,1,12,8,1,0,0,0,8,2-B2G,,10.1016/j.asr.2005.03.127,phenazine,1494.6,0.0776,1493.7162,1541.343720978227,0.9691,1,110.0414,2.0415561070575854,0.1797,B2U,CC-stretch/CH-ip (7.7 um),1,0.884
47,268,C12H8N2+,1,12,8,1,0,0,0,8,2-B2G,,10.1016/j.asr.2005.03.127,phenazine,1590.0,0.0757,1572.8275,1622.9775049014552,0.9691,1,45.7103,1.6600140716047327,0.0746,B1U,CC-stretch (6.2 um),1,17.172
48,268,C12H8N2+,1,12,8,1,0,0,0,8,2-B2G,,10.1016/j.asr.2005.03.127,phenazine,1464.5,0.0314,1456.507,1502.948096171706,0.9691,1,53.9744,1.7321878232501318,0.0881,B1U,CC-stretch/CH-ip (7.7 um),2,7.993
49,268,C12H8N2+,1,12,8,1,0,0,0,8,2-B2G,,10.1016/j.asr.2005.03.127,phenazine,826.4,0.0288,830.4169,847.8832958954462,0.9794,0,73.0542,1.8636451892558,0.1193,B2U,CH-oop (10.5-15 um; benzene nu11 at 673 included),1,-4.017
50,268,C12H8N2+,1,12,8,1,0,0,0,8,2-B2G,,10.1016/j.asr.2005.03.127,phenazine,1022.5,0.0197,1021.9916,1043.487441290586,0.9794,0,11.1178,1.0460188571753208,0.0182,B2U,ring / CH-ip (9-10.5 um),1,0.508
51,268,C12H8N2+,1,12,8,1,0,0,0,8,2-B2G,,10.1016/j.asr.2005.03.127,phenazine,3095.0,0.0157,3090.1516,3219.9141398353654,0.9597,2,1.5531,0.19119941970151838,0.0025,B1U,CH-stretch,2,4.848
52,268,C12H8N2+,1,12,8,1,0,0,0,8,2-B2G,,10.1016/j.asr.2005.03.127,phenazine,897.9,0.0052,892.1159,910.880028588932,0.9794,0,11.2393,1.0507392635814312,0.0184,B1U,CH-oop (10.5-15 um; benzene nu11 at 673 included),1,5.784
53,274,C13H9N,0,13,9,1,0,2,3,4,1-A',,10.1021/jp021938c,"7,8-benzoquinoline",3060.3,1.0,3060.8424,3189.374179431072,0.9597,2,11.3163,1.053704452271835,0.2832,A',CH-stretch,7,-0.542
54,274,C13H9N,0,13,9,1,0,2,3,4,1-A',,10.1021/jp021938c,"7,8-benzoquinoline",745.9,0.9168,749.9378,765.7114559934654,0.9794,0,37.9499,1.5792106358440048,0.9498,"A""",CH-oop (10.5-15 um; benzene nu11 at 673 included),3,-4.038
55,274,C13H9N,0,13,9,1,0,2,3,4,1-A',,10.1021/jp021938c,"7,8-benzoquinoline",834.0,0.635,839.3429,856.9970390034714,0.9794,0,37.0271,1.5685196989974013,0.9267,"A""",CH-oop (10.5-15 um; benzene nu11 at 673 included),3,-5.343
56,274,C13H9N,0,13,9,1,0,2,3,4,1-A',,10.1021/jp021938c,"7,8-benzoquinoline",807.6,0.3633,811.1882,828.2501531549929,0.9794,0,17.3249,1.2386707365263536,0.4336,"A""",CH-oop (10.5-15 um; benzene nu11 at 673 included),1,-3.588
57,274,C13H9N,0,13,9,1,0,2,3,4,1-A',,10.1021/jp021938c,"7,8-benzoquinoline",1596.2,0.3329,1599.1485,1650.1377566814572,0.9691,1,17.7822,1.2499854905348762,0.445,A',CC-stretch (6.2 um),4,-2.948
58,274,C13H9N,0,13,9,1,0,2,3,4,1-A',,10.1021/jp021938c,"7,8-benzoquinoline",1632.4,0.3138,1624.732,1676.5369930863687,0.9691,1,3.4677,0.5400415184523257,0.0868,A',CC-stretch (6.2 um),2,7.668
59,274,C13H9N,0,13,9,1,0,2,3,4,1-A',,10.1021/jp021938c,"7,8-benzoquinoline",722.3,0.3054,725.4231,740.6811313048805,0.9794,0,9.0022,0.9543486573395753,0.2253,"A""",CH-oop (10.5-15 um; benzene nu11 at 673 included),3,-3.123
60,274,C13H9N,0,13,9,1,0,2,3,4,1-A',,10.1021/jp021938c,"7,8-benzoquinoline",1447.7,0.2984,1447.0407,1493.1799607883604,0.9691,1,17.5735,1.2448582657246225,0.4398,A',CC-stretch/CH-ip (7.7 um),2,0.659
61,274,C13H9N,0,13,9,1,0,2,3,4,1-A',,10.1021/jp021938c,"7,8-benzoquinoline",1405.7,0.2976,1392.2589,1436.6514291610774,0.9691,1,30.1434,1.4791922366302166,0.7544,A',CC-stretch/CH-ip (7.7 um),1,13.441
62,274,C13H9N,0,13,9,1,0,2,3,4,1-A',,10.1021/jp021938c,"7,8-benzoquinoline",826.6,0.1976,839.8841,857.5496222176843,0.9794,0,1.3784,0.13937526443997209,0.0345,A',CH-oop (10.5-15 um; benzene nu11 at 673 included),3,-13.284
63,274,C13H9N,0,13,9,1,0,2,3,4,1-A',,10.1021/jp021938c,"7,8-benzoquinoline",1500.4,0.1884,1498.6234,1546.4073882984212,0.9691,1,7.3534,0.8664881907599692,0.184,A',CC-stretch/CH-ip (7.7 um),2,1.777
64,274,C13H9N,0,13,9,1,0,2,3,4,1-A',,10.1021/jp021938c,"7,8-benzoquinoline",3033.5,0.1762,3035.2394,3162.696050849224,0.9597,2,30.3584,1.4822788789005883,0.7598,A',CH-stretch,4,-1.739
65,274,C13H9N,0,13,9,1,0,2,3,4,1-A',,10.1021/jp021938c,"7,8-benzoquinoline",1515.5,0.1316,1516.2712,1564.6178928903105,0.9691,1,12.0715,1.0817612387176663,0.3021,A',CC-stretch (6.2 um),2,-0.771
66,274,C13H9N,0,13,9,1,0,2,3,4,1-A',,10.1021/jp021938c,"7,8-benzoquinoline",1451.0,0.1234,1443.9799,1490.0215664018162,0.9691,1,5.0595,0.7041076002448827,0.1266,A',CC-stretch/CH-ip (7.7 um),2,7.02
67,274,C13H9N,0,13,9,1,0,2,3,4,1-A',,10.1021/jp021938c,"7,8-benzoquinoline",3099.3,0.1128,3101.5874,3231.830155256851,0.9597,2,5.3658,0.7296344811359369,0.1343,A',CH-stretch,3,-2.287
68,274,C13H9N,0,13,9,1,0,2,3,4,1-A',,10.1021/jp021938c,"7,8-benzoquinoline",1133.4,0.1126,1129.6409,1165.6597874316378,0.9691,1,1.7522,0.2435836759981911,0.0439,A',CH-ip-bend (8.6 um),3,3.759
69,274,C13H9N,0,13,9,1,0,2,3,4,1-A',,10.1021/jp021938c,"7,8-benzoquinoline",1095.2,0.1066,1086.1453,1120.777319162109,0.9691,1,4.8882,0.6891489666942865,0.1223,A',ring / CH-ip (9-10.5 um),1,9.055
70,274,C13H9N,0,13,9,1,0,2,3,4,1-A',,10.1021/jp021938c,"7,8-benzoquinoline",1018.2,0.1018,1016.3331,1037.7099244435367,0.9794,0,2.5944,0.41403693566491634,0.0649,A',ring / CH-ip (9-10.5 um),2,1.867
71,274,C13H9N,0,13,9,1,0,2,3,4,1-A',,10.1021/jp021938c,"7,8-benzoquinoline",740.2,0.1013,718.5237,733.6366142536245,0.9794,0,3.3886,0.530020306504705,0.0848,A',CH-oop (10.5-15 um; benzene nu11 at 673 included),3,21.676
72,274,C13H9N,0,13,9,1,0,2,3,4,1-A',,10.1021/jp021938c,"7,8-benzoquinoline",953.9,0.0968,956.4661,976.583724729426,0.9794,0,1.1027,0.04245737457432092,0.0276,"A""",ring / CH-ip (9-10.5 um),2,-2.566
73,274,C13H9N,0,13,9,1,0,2,3,4,1-A',,10.1021/jp021938c,"7,8-benzoquinoline",1155.6,0.0808,1151.8849,1188.6130430296153,0.9691,1,3.0826,0.4889171740735288,0.0771,A',CH-ip-bend (8.6 um),3,3.715
74,274,C13H9N,0,13,9,1,0,2,3,4,1-A',,10.1021/jp021938c,"7,8-benzoquinoline",1276.1,0.0804,1264.1831,1304.4918997007533,0.9691,1,2.1187,0.3260694665888942,0.053,A',CC-stretch/CH-ip (7.7 um),2,11.917
75,274,C13H9N,0,13,9,1,0,2,3,4,1-A',,10.1021/jp021938c,"7,8-benzoquinoline",1576.4,0.0737,1568.4962,1618.5081002992467,0.9691,1,9.5154,0.9784270494954945,0.2381,A',CC-stretch (6.2 um),2,7.904
76,274,C13H9N,0,13,9,1,0,2,3,4,1-A',,10.1021/jp021938c,"7,8-benzoquinoline",1223.8,0.0674,1219.5697,1258.4559900939016,0.9691,1,2.6908,0.42988141901076454,0.0673,A',CH-ip-bend (8.6 um),2,4.23
77,274,C13H9N,0,13,9,1,0,2,3,4,1-A',,10.1021/jp021938c,"7,8-benzoquinoline",618.6,0.0619,619.2443,632.269042270778,0.9794,0,6.8198,0.8337716385611715,0.1707,A',low / skeletal,2,-0.644
78,274,C13H9N,0,13,9,1,0,2,3,4,1-A',,10.1021/jp021938c,"7,8-benzoquinoline",1379.4,0.051,1350.6169,1393.68166339903,0.9691,1,1.1451,0.058843414668761196,0.0287,A',CC-stretch/CH-ip (7.7 um),2,28.783
79,274,C13H9N,0,13,9,1,0,2,3,4,1-A',,10.1021/jp021938c,"7,8-benzoquinoline",1331.3,0.0497,1333.6573,1376.1813022391912,0.9691,1,2.819,0.4500950758716023,0.0706,A',CC-stretch/CH-ip (7.7 um),2,-2.357
80,274,C13H9N,0,13,9,1,0,2,3,4,1-A',,10.1021/jp021938c,"7,8-benzoquinoline",619.9,0.0479,596.2172,608.7576066979784,0.9794,0,1.6302,0.21224088880153444,0.0408,"A""",low / skeletal,2,23.683
81,274,C13H9N,0,13,9,1,0,2,3,4,1-A',,10.1021/jp021938c,"7,8-benzoquinoline",882.9,0.0424,880.2344,898.7486216050644,0.9794,0,2.6381,0.4212912539188606,0.066,"A""",CH-oop (10.5-15 um; benzene nu11 at 673 included),2,2.666
82,274,C13H9N,0,13,9,1,0,2,3,4,1-A',,10.1021/jp021938c,"7,8-benzoquinoline",877.1,0.0344,878.9321,897.4189299571166,0.9794,0,4.1917,0.6223901926286214,0.1049,A',CH-oop (10.5-15 um; benzene nu11 at 673 included),2,-1.832
83,274,C13H9N,0,13,9,1,0,2,3,4,1-A',,10.1021/jp021938c,"7,8-benzoquinoline",944.9,0.0319,946.618,966.5284868286706,0.9794,0,1.6256,0.21101369060382522,0.0407,"A""",CH-oop (10.5-15 um; benzene nu11 at 673 included),2,-1.718
84,274,C13H9N,0,13,9,1,0,2,3,4,1-A',,10.1021/jp021938c,"7,8-benzoquinoline",1300.6,0.0222,1297.5542,1338.927045712517,0.9691,1,2.7646,0.4416323036843136,0.0692,A',CC-stretch/CH-ip (7.7 um),1,3.046
85,274,C13H9N,0,13,9,1,0,2,3,4,1-A',,10.1021/jp021938c,"7,8-benzoquinoline",1022.5,0.0178,1038.8476,1060.6979783540944,0.9794,0,3.4452,0.5372144385441308,0.0862,A',ring / CH-ip (9-10.5 um),2,-16.348
86,274,C13H9N,0,13,9,1,0,2,3,4,1-A',,10.1021/jp021938c,"7,8-benzoquinoline",1202.4,0.0141,1201.0109,1239.3054380352903,0.9691,1,1.0947,0.03929511808431072,0.0274,A',CH-ip-bend (8.6 um),2,1.389
87,487,C13H9N,0,13,9,1,1,0,0,8,1-A1,,10.1016/j.saa.2017.03.044,acridine,1518.9,1.0,1525.3062,1573.9409761634506,0.9691,1,35.8657,1.5546793114901687,0.462,B2,CC-stretch (6.2 um),1,-6.406
88,487,C13H9N,0,13,9,1,1,0,0,8,1-A1,,10.1016/j.saa.2017.03.044,acridine,739.6,0.8374,742.0121,757.6190524811109,0.9794,0,77.6344,1.890054200894429,1.0,B1,CH-oop (10.5-15 um; benzene nu11 at 673 included),1,-2.412
89,487,C13H9N,0,13,9,1,1,0,0,8,1-A1,,10.1016/j.saa.2017.03.044,acridine,3061.5,0.6833,3061.2911,3189.841721371262,0.9597,2,27.6801,1.442167654764841,0.3565,A1,CH-stretch,8,0.209
90,487,C13H9N,0,13,9,1,1,0,0,8,1-A1,,10.1016/j.saa.2017.03.044,acridine,1625.4,0.3572,1621.3426,1673.039521205242,0.9691,1,15.8551,1.2001689855186568,0.2042,B2,CC-stretch (6.2 um),2,4.057
91,487,C13H9N,0,13,9,1,1,0,0,8,1-A1,,10.1016/j.saa.2017.03.044,acridine,601.6,0.2658,603.0849,615.769756994078,0.9794,0,9.5425,0.9796621686211364,0.1229,B2,low / skeletal,2,-1.485
92,487,C13H9N,0,13,9,1,1,0,0,8,1-A1,,10.1016/j.saa.2017.03.044,acridine,3083.4,0.2264,3088.9938,3218.7077211628634,0.9597,2,23.5067,1.371191664753019,0.3028,B2,CH-stretch,6,-5.594
93,487,C13H9N,0,13,9,1,1,0,0,8,1-A1,,10.1016/j.saa.2017.03.044,acridine,906.8,0.2077,912.6008,931.795793342863,0.9794,0,17.569,1.2447470428361402,0.2263,B1,CH-oop (10.5-15 um; benzene nu11 at 673 included),2,-5.801
94,487,C13H9N,0,13,9,1,1,0,0,8,1-A1,,10.1016/j.saa.2017.03.044,acridine,906.8,0.2073,913.3628,932.573820706555,0.9794,0,1.1001,0.04143216468026519,0.0142,B2,CH-oop (10.5-15 um; benzene nu11 at 673 included),2,-6.563
95,487,C13H9N,0,13,9,1,1,0,0,8,1-A1,,10.1016/j.saa.2017.03.044,acridine,854.4,0.1882,859.6861,877.7681233408209,0.9794,0,11.056,1.043598030030123,0.1424,B1,CH-oop (10.5-15 um; benzene nu11 at 673 included),1,-5.286
96,487,C13H9N,0,13,9,1,1,0,0,8,1-A1,,10.1016/j.saa.2017.03.044,acridine,1141.5,0.1634,1136.7547,1173.0004127541015,0.9691,1,9.5866,0.9816646068521564,0.1235,A1,CH-ip-bend (8.6 um),3,4.745
97,487,C13H9N,0,13,9,1,1,0,0,8,1-A1,,10.1016/j.saa.2017.03.044,acridine,1465.7,0.1572,1465.2169,1511.9357135486534,0.9691,1,3.8123,0.5811870690958976,0.0491,A1,CC-stretch/CH-ip (7.7 um),3,0.483
98,487,C13H9N,0,13,9,1,1,0,0,8,1-A1,,10.1016/j.saa.2017.03.044,acridine,1561.0,0.1431,1555.0718,1604.6556598906202,0.9691,1,8.7425,0.9416356409812824,0.1126,A1,CC-stretch (6.2 um),2,5.928
99,487,C13H9N,0,13,9,1,1,0,0,8,1-A1,,10.1016/j.saa.2017.03.044,acridine,3041.1,0.1325,3043.9142,3171.735125560071,0.9597,2,5.7035,0.7561414458832848,0.0735,A1,CH-stretch,4,-2.814
100,487,C13H9N,0,13,9,1,1,0,0,8,1-A1,,10.1016/j.saa.2017.03.044,acridine,1404.8,0.1294,1394.2735,1438.7302651945104,0.9691,1,6.0739,0.7834676374660632,0.0782,A1,CC-stretch/CH-ip (7.7 um),1,10.526
101,487,C13H9N,0,13,9,1,1,0,0,8,1-A1,,10.1016/j.saa.2017.03.044,acridine,788.6,0.1261,788.234,804.8131509087196,0.9794,0,8.0022,0.9032094015557169,0.1031,B1,CH-oop (10.5-15 um; benzene nu11 at 673 included),2,0.366
102,487,C13H9N,0,13,9,1,1,0,0,8,1-A1,,10.1016/j.saa.2017.03.044,acridine,3095.6,0.1099,3089.4749,3219.2090236532254,0.9597,2,9.633,0.9837615602861649,0.1241,A1,CH-stretch,4,6.125
103,487,C13H9N,0,13,9,1,1,0,0,8,1-A1,,10.1016/j.saa.2017.03.044,acridine,3033.9,0.1092,3050.3278,3178.41804730645,0.9597,2,9.1773,0.962714928742047,0.1182,A1,CH-stretch,4,-16.428
104,487,C13H9N,0,13,9,1,1,0,0,8,1-A1,,10.1016/j.saa.2017.03.044,acridine,998.9,0.0893,1011.186,1032.454564018787,0.9794,0,4.2072,0.623993157805401,0.0542,B2,ring / CH-ip (9-10.5 um),1,-12.286
105,487,C13H9N,0,13,9,1,1,0,0,8,1-A1,,10.1016/j.saa.2017.03.044,acridine,1374.4,0.0741,1361.8787,1405.3025487565783,0.9691,1,2.9374,0.467963090535135,0.0378,B2,CC-stretch/CH-ip (7.7 um),2,12.521
106,487,C13H9N,0,13,9,1,1,0,0,8,1-A1,,10.1016/j.saa.2017.03.044,acridine,1149.0,0.07,1134.489,1170.662470333299,0.9691,1,2.4866,0.3956059293132303,0.032,B2,CH-ip-bend (8.6 um),3,14.511
107,487,C13H9N,0,13,9,1,1,0,0,8,1-A1,,10.1016/j.saa.2017.03.044,acridine,655.6,0.0669,650.6349,664.3198897284051,0.9794,0,3.6821,0.566095579077949,0.0474,A1,CH-oop (10.5-15 um; benzene nu11 at 673 included),1,4.965
108,487,C13H9N,0,13,9,1,1,0,0,8,1-A1,,10.1016/j.saa.2017.03.044,acridine,1565.0,0.0648,1584.2427,1634.756681457022,0.9691,1,8.0734,0.907056470319318,0.104,B2,CC-stretch (6.2 um),2,-19.243
109,487,C13H9N,0,13,9,1,1,0,0,8,1-A1,,10.1016/j.saa.2017.03.044,acridine,1631.5,0.0631,1638.468,1690.710968940254,0.9691,1,5.7376,0.7587302678820887,0.0739,A1,CC-stretch (6.2 um),2,-6.968
110,487,C13H9N,0,13,9,1,1,0,0,8,1-A1,,10.1016/j.saa.2017.03.044,acridine,618.1,0.0586,619.754,632.7894629364918,0.9794,0,2.9202,0.46541259662715,0.0376,A1,low / skeletal,2,-1.654
111,487,C13H9N,0,13,9,1,1,0,0,8,1-A1,,10.1016/j.saa.2017.03.044,acridine,1442.5,0.0557,1443.4417,1489.46620575792,0.9691,1,1.7473,0.242367476911438,0.0225,B2,CC-stretch/CH-ip (7.7 um),2,-0.942
112,487,C13H9N,0,13,9,1,1,0,0,8,1-A1,,10.1016/j.saa.2017.03.044,acridine,469.7,0.0548,475.5058,485.5072493363284,0.9794,0,3.06,0.48572142648158,0.0394,B1,low / skeletal,1,-5.806
113,487,C13H9N,0,13,9,1,1,0,0,8,1-A1,,10.1016/j.saa.2017.03.044,acridine,815.1,0.0498,814.7446,831.8813559322033,0.9794,0,2.9054,0.4632059321941438,0.0374,B2,CH-oop (10.5-15 um; benzene nu11 at 673 included),2,0.355
114,487,C13H9N,0,13,9,1,1,0,0,8,1-A1,,10.1016/j.saa.2017.03.044,acridine,1169.7,0.0451,1169.534,1206.8248890723353,0.9691,1,1.4976,0.17539583139403003,0.0193,B2,CH-ip-bend (8.6 um),1,0.166
115,487,C13H9N,0,13,9,1,1,0,0,8,1-A1,,10.1016/j.saa.2017.03.044,acridine,961.3,0.0324,951.5769,971.5916887890544,0.9794,0,6.7701,0.8305950836227284,0.0872,B1,ring / CH-ip (9-10.5 um),1,9.723
116,487,C13H9N,0,13,9,1,1,0,0,8,1-A1,,10.1016/j.saa.2017.03.044,acridine,1296.4,0.0108,1307.2065,1348.887111753173,0.9691,1,4.3798,0.6414542792530674,0.0564,B2,CC-stretch/CH-ip (7.7 um),1,-10.806
117,275,C13H9N+,1,13,9,1,0,2,3,4,"2-A""",,10.1021/jp021938c,"7,8-benzoquinoline",1243.1,1.0,1237.0054,1276.4476318233412,0.9691,1,112.7539,2.0521315724496603,0.8079,A',CH-ip-bend (8.6 um),3,6.095
118,275,C13H9N+,1,13,9,1,0,2,3,4,"2-A""",,10.1021/jp021938c,"7,8-benzoquinoline",1490.7,0.973,1488.2079,1535.6597874316378,0.9691,1,41.1322,1.6141819388383303,0.2947,A',CC-stretch/CH-ip (7.7 um),2,2.492
119,275,C13H9N+,1,13,9,1,0,2,3,4,"2-A""",,10.1021/jp021938c,"7,8-benzoquinoline",1536.3,0.9135,1533.6612,1582.562377463626,0.9691,1,139.5667,2.1447818098960556,1.0,A',CC-stretch (6.2 um),2,2.639
120,275,C13H9N+,1,13,9,1,0,2,3,4,"2-A""",,10.1021/jp021938c,"7,8-benzoquinoline",1202.6,0.8278,1198.0029,1236.2015271901764,0.9691,1,59.9907,1.778083929521447,0.4298,A',CH-ip-bend (8.6 um),2,4.597
121,275,C13H9N+,1,13,9,1,0,2,3,4,"2-A""",,10.1021/jp021938c,"7,8-benzoquinoline",1308.2,0.5687,1306.7096,1348.3743679702816,0.9691,1,71.4007,1.8537024695443414,0.5116,A',CC-stretch/CH-ip (7.7 um),2,1.49
122,275,C13H9N+,1,13,9,1,0,2,3,4,"2-A""",,10.1021/jp021938c,"7,8-benzoquinoline",1159.9,0.5387,1157.2908,1194.1913115261584,0.9691,1,18.4355,1.2656549208570382,0.1321,A',CH-ip-bend (8.6 um),2,2.609
123,275,C13H9N+,1,13,9,1,0,2,3,4,"2-A""",,10.1021/jp021938c,"7,8-benzoquinoline",1439.4,0.477,1429.5376,1475.118769992777,0.9691,1,24.7696,1.3939189932957512,0.1775,A',CC-stretch/CH-ip (7.7 um),3,9.862
124,275,C13H9N+,1,13,9,1,0,2,3,4,"2-A""",,10.1021/jp021938c,"7,8-benzoquinoline",698.2,0.3682,697.1662,711.8298958546048,0.9794,0,7.8236,0.893406638017588,0.0561,A',CH-oop (10.5-15 um; benzene nu11 at 673 included),3,1.034
125,275,C13H9N+,1,13,9,1,0,2,3,4,"2-A""",,10.1021/jp021938c,"7,8-benzoquinoline",536.3,0.3162,537.7723,549.0834184194404,0.9794,0,17.7179,1.2484122461933576,0.1269,A',low / skeletal,1,-1.472
126,275,C13H9N+,1,13,9,1,0,2,3,4,"2-A""",,10.1021/jp021938c,"7,8-benzoquinoline",1260.3,0.2608,1254.5654,1294.5675368898978,0.9691,1,58.6267,1.7680954491545233,0.4201,A',CC-stretch/CH-ip (7.7 um),2,5.735
127,275,C13H9N+,1,13,9,1,0,2,3,4,"2-A""",,10.1021/jp021938c,"7,8-benzoquinoline",1140.2,0.2461,1136.3861,1172.620059849345,0.9691,1,36.2261,1.5590215816291202,0.2596,A',CH-ip-bend (8.6 um),2,3.814
128,275,C13H9N+,1,13,9,1,0,2,3,4,"2-A""",,10.1021/jp021938c,"7,8-benzoquinoline",1002.9,0.2119,1001.7526,1022.822748621605,0.9794,0,38.2378,1.5824928973241106,0.274,A',ring / CH-ip (9-10.5 um),3,1.147
129,275,C13H9N+,1,13,9,1,0,2,3,4,"2-A""",,10.1021/jp021938c,"7,8-benzoquinoline",853.5,0.2069,855.8774,873.879313865632,0.9794,0,39.1921,1.593198534567094,0.2808,"A""",CH-oop (10.5-15 um; benzene nu11 at 673 included),3,-2.377
130,275,C13H9N+,1,13,9,1,0,2,3,4,"2-A""",,10.1021/jp021938c,"7,8-benzoquinoline",1508.9,0.206,1496.9215,1544.6512227840265,0.9691,1,43.9447,1.642906503993369,0.3149,A',CC-stretch/CH-ip (7.7 um),4,11.979
131,275,C13H9N+,1,13,9,1,0,2,3,4,"2-A""",,10.1021/jp021938c,"7,8-benzoquinoline",1420.8,0.1724,1426.1896,1471.6640181611804,0.9691,1,4.246,0.62797998982998,0.0304,A',CC-stretch/CH-ip (7.7 um),3,-5.39
132,275,C13H9N+,1,13,9,1,0,2,3,4,"2-A""",,10.1021/jp021938c,"7,8-benzoquinoline",757.3,0.1667,758.8179,774.7783336736777,0.9794,0,32.6843,1.51433918811201,0.2342,"A""",CH-oop (10.5-15 um; benzene nu11 at 673 included),2,-1.518
133,275,C13H9N+,1,13,9,1,0,2,3,4,"2-A""",,10.1021/jp021938c,"7,8-benzoquinoline",870.6,0.133,867.9927,886.2494384316929,0.9794,0,15.4431,1.1887344836783131,0.1107,A',CH-oop (10.5-15 um; benzene nu11 at 673 included),2,2.607
134,275,C13H9N+,1,13,9,1,0,2,3,4,"2-A""",,10.1021/jp021938c,"7,8-benzoquinoline",1012.2,0.1233,1031.8922,1053.59628343884,0.9794,0,17.9392,1.2538030717441733,0.1285,A',ring / CH-ip (9-10.5 um),2,-19.692
135,275,C13H9N+,1,13,9,1,0,2,3,4,"2-A""",,10.1021/jp021938c,"7,8-benzoquinoline",596.6,0.1167,598.5216,611.1104758015111,0.9794,0,6.7539,0.8295546260699431,0.0484,A',low / skeletal,1,-1.922
136,275,C13H9N+,1,13,9,1,0,2,3,4,"2-A""",,10.1021/jp021938c,"7,8-benzoquinoline",1024.9,0.1004,1053.4747,1075.632734327139,0.9794,0,5.042,0.702602841340427,0.0361,A',ring / CH-ip (9-10.5 um),3,-28.575
137,275,C13H9N+,1,13,9,1,0,2,3,4,"2-A""",,10.1021/jp021938c,"7,8-benzoquinoline",1216.5,0.0852,1213.863,1252.567330512847,0.9691,1,7.6795,0.8853329447307499,0.055,A',CH-ip-bend (8.6 um),3,2.637
138,275,C13H9N+,1,13,9,1,0,2,3,4,"2-A""",,10.1021/jp021938c,"7,8-benzoquinoline",1583.5,0.0814,1597.6805,1648.622949128057,0.9691,1,93.4243,1.9704598524967756,0.6694,A',CC-stretch (6.2 um),2,-14.18
139,275,C13H9N+,1,13,9,1,0,2,3,4,"2-A""",,10.1021/jp021938c,"7,8-benzoquinoline",1431.8,0.0421,1413.563,1458.6348158084822,0.9691,1,21.7119,1.3366978300601255,0.1556,A',CC-stretch/CH-ip (7.7 um),3,18.237
140,265,C14H10,0,14,10,0,2,0,0,8,1-AG,anthracene (locality probe),10.1021/j100022a007,anthracene,3064.6,1.0,3065.6617,3194.395852870689,0.9597,2,73.5029,1.8663044741746957,0.9489,B1U,CH-stretch,4,-1.062
141,265,C14H10,0,14,10,0,2,0,0,8,1-AG,anthracene (locality probe),10.1021/j100022a007,anthracene,725.6,0.6087,730.6537,746.021748008985,0.9794,0,59.7006,1.7759786958760981,0.7707,B3U,CH-oop (10.5-15 um; benzene nu11 at 673 included),1,-5.054
142,265,C14H10,0,14,10,0,2,0,0,8,1-AG,anthracene (locality probe),10.1021/j100022a007,anthracene,878.3,0.4783,873.79,892.1686746987951,0.9794,0,55.5554,1.744726278870442,0.7172,B3U,CH-oop (10.5-15 um; benzene nu11 at 673 included),2,4.51
143,265,C14H10,0,14,10,0,2,0,0,8,1-AG,anthracene (locality probe),10.1021/j100022a007,anthracene,468.0,0.1217,474.7474,484.7328976924648,0.9794,0,12.7707,1.1062147028863942,0.1649,B3U,low / skeletal,1,-6.747
144,265,C14H10,0,14,10,0,2,0,0,8,1-AG,anthracene (locality probe),10.1021/j100022a007,anthracene,1318.1,0.0609,1306.0245,1347.66742338252,0.9691,1,4.1624,0.6193438128879801,0.0537,B1U,CC-stretch/CH-ip (7.7 um),1,12.075
145,265,C14H10,0,14,10,0,2,0,0,8,1-AG,anthracene (locality probe),10.1021/j100022a007,anthracene,602.9,0.0565,604.8758,617.5983255054115,0.9794,0,8.1595,0.9116635467570451,0.1053,B2U,low / skeletal,1,-1.976
146,265,C14H10,0,14,10,0,2,0,0,8,1-AG,anthracene (locality probe),10.1021/j100022a007,anthracene,1000.9,0.0478,1014.6134,1035.954053502144,0.9794,0,3.9217,0.5934743681875005,0.0506,B2U,ring / CH-ip (9-10.5 um),1,-13.713
147,265,C14H10,0,14,10,0,2,0,0,8,1-AG,anthracene (locality probe),10.1021/j100022a007,anthracene,1542.0,0.0478,1547.3214,1596.6581364152307,0.9691,1,4.4495,0.6483112111065161,0.0574,B2U,CC-stretch (6.2 um),1,-5.321
148,265,C14H10,0,14,10,0,2,0,0,8,1-AG,anthracene (locality probe),10.1021/j100022a007,anthracene,1149.2,0.0426,1144.6508,1181.1482819110515,0.9691,1,4.6505,0.6674996487108583,0.06,B1U,CH-ip-bend (8.6 um),3,4.549
149,265,C14H10,0,14,10,0,2,0,0,8,1-AG,anthracene (locality probe),10.1021/j100022a007,anthracene,954.9,0.0426,942.7274,962.556054727384,0.9794,0,6.124,0.7870351820262234,0.0791,B3U,CH-oop (10.5-15 um; benzene nu11 at 673 included),1,12.173
150,265,C14H10,0,14,10,0,2,0,0,8,1-AG,anthracene (locality probe),10.1021/j100022a007,anthracene,1272.5,0.0365,1257.8047,1297.9101227943452,0.9691,1,8.2793,0.9179936195157307,0.1069,B1U,CC-stretch/CH-ip (7.7 um),1,14.695
151,265,C14H10,0,14,10,0,2,0,0,8,1-AG,anthracene (locality probe),10.1021/j100022a007,anthracene,1166.9,0.0304,1163.1189,1200.205241977092,0.9691,1,1.6354,0.21362399341608687,0.0211,B2U,CH-ip-bend (8.6 um),3,3.781
152,265,C14H10,0,14,10,0,2,0,0,8,1-AG,anthracene (locality probe),10.1021/j100022a007,anthracene,1450.5,0.0243,1454.1025,1500.4669280775977,0.9691,1,1.2286,0.08941051098354448,0.0159,B1U,CC-stretch/CH-ip (7.7 um),2,-3.602
153,265,C14H10,0,14,10,0,2,0,0,8,1-AG,anthracene (locality probe),10.1021/j100022a007,anthracene,1627.8,0.0243,1635.0004,1687.132803632236,0.9691,1,6.8558,0.8360581396964561,0.0885,B1U,CC-stretch (6.2 um),1,-7.2
154,265,C14H10,0,14,10,0,2,0,0,8,1-AG,anthracene (locality probe),10.1021/j100022a007,anthracene,1460.0,0.0183,1454.2956,1500.6661851202143,0.9691,1,1.8683,0.2714466138017645,0.0241,B2U,CC-stretch/CH-ip (7.7 um),2,5.704
155,265,C14H10,0,14,10,0,2,0,0,8,1-AG,anthracene (locality probe),10.1021/j100022a007,anthracene,1345.6,0.0122,1350.077,1393.124548550201,0.9691,1,4.0288,0.6051757084277686,0.052,B2U,CC-stretch/CH-ip (7.7 um),1,-4.477
156,265,C14H10,0,14,10,0,2,0,0,8,1-AG,anthracene (locality probe),10.1021/j100022a007,anthracene,906.8,0.0061,898.5311,917.4301613232592,0.9794,0,1.7258,0.23699046465314766,0.0223,B1U,CH-oop (10.5-15 um; benzene nu11 at 673 included),1,8.269
157,273,C14H10,0,14,10,0,0,2,0,8,1-A1,,10.1021/jp9834816,phenanthrene,3070.9,1.0,3072.5327,3201.5553818901744,0.9597,2,47.8994,1.6803300733661048,0.7908,B2,CH-stretch,8,-1.633
158,273,C14H10,0,14,10,0,0,2,0,8,1-A1,,10.1021/jp9834816,phenanthrene,735.0,0.6667,737.3748,752.8842148254033,0.9794,0,60.5711,1.7822654607293777,1.0,B1,CH-oop (10.5-15 um; benzene nu11 at 673 included),3,-2.375
159,273,C14H10,0,14,10,0,0,2,0,8,1-A1,,10.1021/jp9834816,phenanthrene,812.8,0.4619,815.8946,833.0555442107412,0.9794,0,46.1428,1.6641039444905292,0.7618,B1,CH-oop (10.5-15 um; benzene nu11 at 673 included),1,-3.095
160,273,C14H10,0,14,10,0,0,2,0,8,1-A1,,10.1021/jp9834816,phenanthrene,1460.4,0.0952,1460.2854,1506.8469714167784,0.9691,1,11.9222,1.0763564030300994,0.1968,B2,CC-stretch/CH-ip (7.7 um),2,0.115
161,273,C14H10,0,14,10,0,0,2,0,8,1-A1,,10.1021/jp9834816,phenanthrene,864.9,0.081,867.7544,886.0061261997141,0.9794,0,9.8659,0.9941367091731234,0.1629,B1,CH-oop (10.5-15 um; benzene nu11 at 673 included),2,-2.854
162,273,C14H10,0,14,10,0,0,2,0,8,1-A1,,10.1021/jp9834816,phenanthrene,1245.8,0.0714,1240.4634,1280.0158910329174,0.9691,1,9.8492,0.993400956416866,0.1626,A1,CH-ip-bend (8.6 um),1,5.337
163,273,C14H10,0,14,10,0,0,2,0,8,1-A1,,10.1021/jp9834816,phenanthrene,1504.7,0.0619,1504.7447,1552.7238675059334,0.9691,1,5.9836,0.7769625535062886,0.0988,B2,CC-stretch (6.2 um),2,-0.045
164,273,C14H10,0,14,10,0,0,2,0,8,1-A1,,10.1021/jp9834816,phenanthrene,617.5,0.04,618.8695,631.8863589953032,0.9794,0,5.1977,0.7158112093503576,0.0858,B2,low / skeletal,1,-1.37
165,273,C14H10,0,14,10,0,0,2,0,8,1-A1,,10.1021/jp9834816,phenanthrene,1039.9,0.04,1047.6796,1069.715744333265,0.9794,0,4.2092,0.6241995617263543,0.0695,B2,ring / CH-ip (9-10.5 um),1,-7.78
166,273,C14H10,0,14,10,0,0,2,0,8,1-A1,,10.1021/jp9834816,phenanthrene,1302.9,0.0267,1294.1386,1335.4025384377258,0.9691,1,1.6013,0.2044727036489641,0.0264,A1,CC-stretch/CH-ip (7.7 um),1,8.761
167,273,C14H10,0,14,10,0,0,2,0,8,1-A1,,10.1021/jp9834816,phenanthrene,710.2,0.0267,711.6159,726.583520522769,0.9794,0,1.5922,0.20199761958310547,0.0263,B1,CH-oop (10.5-15 um; benzene nu11 at 673 included),3,-1.416
168,273,C14H10,0,14,10,0,0,2,0,8,1-A1,,10.1021/jp9834816,phenanthrene,494.0,0.0267,499.3681,509.8714519093322,0.9794,0,2.8517,0.4551038356266989,0.0471,B1,low / skeletal,1,-5.368
169,273,C14H10,0,14,10,0,0,2,0,8,1-A1,,10.1021/jp9834816,phenanthrene,1202.7,0.02,1199.0132,1237.2440408626562,0.9691,1,1.8469,0.2664433812962738,0.0305,A1,CH-ip-bend (8.6 um),1,3.687
170,273,C14H10,0,14,10,0,0,2,0,8,1-A1,,10.1021/jp9834816,phenanthrene,948.2,0.02,931.904,951.5050030630998,0.9794,0,3.5468,0.5498366997927007,0.0586,B1,CH-oop (10.5-15 um; benzene nu11 at 673 included),1,16.296
171,273,C14H10,0,14,10,0,0,2,0,8,1-A1,,10.1021/jp9834816,phenanthrene,1144.1,0.02,1138.1711,1174.4619750283769,0.9691,1,1.3709,0.13700577642909867,0.0226,B2,CH-ip-bend (8.6 um),1,5.929
172,273,C14H10,0,14,10,0,0,2,0,8,1-A1,,10.1021/jp9834816,phenanthrene,877.6,0.0133,872.1783,890.5230753522565,0.9794,0,1.4997,0.17600439147225266,0.0248,B2,CH-oop (10.5-15 um; benzene nu11 at 673 included),2,5.422
173,273,C14H10,0,14,10,0,0,2,0,8,1-A1,,10.1021/jp9834816,phenanthrene,1002.5,0.0133,996.5328,1017.4931590769858,0.9794,0,1.0243,0.010427172717049264,0.0169,B2,ring / CH-ip (9-10.5 um),1,5.967
174,273,C14H10,0,14,10,0,0,2,0,8,1-A1,,10.1021/jp9834816,phenanthrene,1430.7,0.0133,1422.7256,1468.0895676400785,0.9691,1,1.3654,0.13525989851565856,0.0225,A1,CC-stretch/CH-ip (7.7 um),3,7.974
175,273,C14H10,0,14,10,0,0,2,0,8,1-A1,,10.1021/jp9834816,phenanthrene,1530.1,0.0133,1532.0895,1580.940563409349,0.9691,1,1.5452,0.1889846994727827,0.0255,A1,CC-stretch (6.2 um),2,-1.99
176,273,C14H10,0,14,10,0,0,2,0,8,1-A1,,10.1021/jp9834816,phenanthrene,1351.4,0.0067,1347.8752,1390.852543597152,0.9691,1,1.5614,0.19351417502866883,0.0258,A1,CC-stretch/CH-ip (7.7 um),1,3.525
177,273,C14H10,0,14,10,0,0,2,0,8,1-A1,,10.1021/jp9834816,phenanthrene,1597.9,0.0067,1610.1735,1661.514291610773,0.9691,1,3.9386,0.595341876565994,0.065,A1,CC-stretch (6.2 um),1,-12.274
178,273,C14H10,0,14,10,0,0,2,0,8,1-A1,,10.1021/jp9834816,phenanthrene,1419.0,0.0067,1440.2453,1486.1678877308843,0.9691,1,2.6657,0.4258112719811889,0.044,A1,CC-stretch/CH-ip (7.7 um),2,-21.245
179,365,C14H10+,1,14,10,0,0,2,0,8,2-B1,,10.1021/j100010a011,phenanthrene,1277.5,1.0,1280.9109,1321.7530698586318,0.9691,1,3.6221,0.5589604362730917,0.0169,B2,CC-stretch/CH-ip (7.7 um),2,-3.411
180,365,C14H10+,1,14,10,0,0,2,0,8,2-B1,,10.1021/j100010a011,phenanthrene,1565.0,0.5231,1565.9487,1615.879372613765,0.9691,1,197.6193,2.295829356618965,0.9219,B2,CC-stretch (6.2 um),2,-0.949
181,365,C14H10+,1,14,10,0,0,2,0,8,2-B1,,10.1021/j100010a011,phenanthrene,582.0,0.2692,585.7741,598.0948539922401,0.9794,0,45.5626,1.658608498845052,0.2126,B2,low / skeletal,1,-3.774
182,365,C14H10+,1,14,10,0,0,2,0,8,2-B1,,10.1021/j100010a011,phenanthrene,1267.0,0.1538,1254.6898,1294.6959034155404,0.9691,1,33.359,1.5232130233508556,0.1556,A1,CC-stretch/CH-ip (7.7 um),2,12.31
183,365,C14H10+,1,14,10,0,0,2,0,8,2-B1,,10.1021/j100010a011,phenanthrene,694.5,0.1077,691.1402,705.6771492750664,0.9794,0,29.7211,1.4730648789475391,0.1387,B1,CH-oop (10.5-15 um; benzene nu11 at 673 included),1,3.36
184,365,C14H10+,1,14,10,0,0,2,0,8,2-B1,,10.1021/j100010a011,phenanthrene,1299.0,0.1,1313.9313,1355.8263337116912,0.9691,1,214.3592,2.331142127564363,1.0,B2,CC-stretch/CH-ip (7.7 um),2,-14.931
185,365,C14H10+,1,14,10,0,0,2,0,8,2-B1,,10.1021/j100010a011,phenanthrene,756.2,0.0846,758.944,774.9070859710026,0.9794,0,47.1235,1.6732375392968022,0.2198,B1,CH-oop (10.5-15 um; benzene nu11 at 673 included),1,-2.744
186,365,C14H10+,1,14,10,0,0,2,0,8,2-B1,,10.1021/j100010a011,phenanthrene,1136.3,0.0692,1135.4403,1171.6441027757714,0.9691,1,1.6572,0.2193749246262561,0.0077,A1,CH-ip-bend (8.6 um),2,0.86
187,365,C14H10+,1,14,10,0,0,2,0,8,2-B1,,10.1021/j100010a011,phenanthrene,1551.0,0.0685,1546.8281,1596.149107419255,0.9691,1,109.3336,2.038753648245559,0.51,A1,CC-stretch (6.2 um),3,4.172
188,365,C14H10+,1,14,10,0,0,2,0,8,2-B1,,10.1021/j100010a011,phenanthrene,836.0,0.0662,838.9254,856.570757606698,0.9794,0,41.8979,1.6221922558716022,0.1955,B1,CH-oop (10.5-15 um; benzene nu11 at 673 included),2,-2.925
189,365,C14H10+,1,14,10,0,0,2,0,8,2-B1,,10.1021/j100010a011,phenanthrene,1139.7,0.0631,1138.5126,1174.8143638427407,0.9691,1,146.8272,2.166806516858445,0.685,B2,CH-ip-bend (8.6 um),2,1.187
190,365,C14H10+,1,14,10,0,0,2,0,8,2-B1,,10.1021/j100010a011,phenanthrene,1513.0,0.0208,1520.4254,1568.904550613972,0.9691,1,8.278,0.9179254220647411,0.0386,A1,CC-stretch (6.2 um),3,-7.425
191,266,C14H10+,1,14,10,0,2,0,0,8,2-B2G,,10.1021/j100022a007,anthracene,1341.0,1.0,1348.8673,1391.876276958002,0.9691,1,311.5964,2.493592431448645,1.0,B2U,CC-stretch/CH-ip (7.7 um),1,-7.867
192,266,C14H10+,1,14,10,0,2,0,0,8,2-B2G,,10.1021/j100022a007,anthracene,1418.4,0.8462,1403.409,1448.1570529357136,0.9691,1,140.7112,2.148328666763897,0.4516,B2U,CC-stretch/CH-ip (7.7 um),1,14.991
193,266,C14H10+,1,14,10,0,2,0,0,8,2-B2G,,10.1021/j100022a007,anthracene,1188.6,0.6923,1186.7501,1224.5899287999175,0.9691,1,160.9634,2.206727136994393,0.5166,B2U,CH-ip-bend (8.6 um),1,1.85
194,266,C14H10+,1,14,10,0,2,0,0,8,2-B2G,,10.1021/j100022a007,anthracene,748.3,0.2615,753.162,769.0034715131713,0.9794,0,77.3895,1.8886820407682088,0.2484,B3U,CH-oop (10.5-15 um; benzene nu11 at 673 included),1,-4.862
195,266,C14H10+,1,14,10,0,2,0,0,8,2-B2G,,10.1021/j100022a007,anthracene,1539.9,0.15,1537.7205,1586.7511092766483,0.9691,1,83.7234,1.9228468566859482,0.2687,B2U,CC-stretch (6.2 um),1,2.18
196,266,C14H10+,1,14,10,0,2,0,0,8,2-B2G,,10.1021/j100022a007,anthracene,1586.4,0.1385,1579.4758,1629.8377876380146,0.9691,1,57.9938,1.7633815664988983,0.1861,B1U,CC-stretch (6.2 um),1,6.924
197,266,C14H10+,1,14,10,0,2,0,0,8,2-B2G,,10.1021/j100022a007,anthracene,912.0,0.0923,909.5911,928.7227894629364,0.9794,0,31.6096,1.4998190001454355,0.1014,B3U,CH-oop (10.5-15 um; benzene nu11 at 673 included),1,2.409
198,266,C14H10+,1,14,10,0,2,0,0,8,2-B2G,,10.1021/j100022a007,anthracene,1456.5,0.0731,1455.7669,1502.184397894954,0.9691,1,57.7246,1.7613609321757078,0.1853,B2U,CC-stretch/CH-ip (7.7 um),2,0.733
199,266,C14H10+,1,14,10,0,2,0,0,8,2-B2G,,10.1021/j100022a007,anthracene,1314.6,0.0577,1284.7379,1325.7020947270664,0.9691,1,5.2392,0.7192649774207452,0.0168,B1U,CC-stretch/CH-ip (7.7 um),1,29.862
200,266,C14H10+,1,14,10,0,2,0,0,8,2-B2G,,10.1021/j100022a007,anthracene,1290.4,0.0577,1273.7438,1314.3574450521105,0.9691,1,21.8838,1.3401227370278732,0.0702,B1U,CC-stretch/CH-ip (7.7 um),2,16.656
201,266,C14H10+,1,14,10,0,2,0,0,8,2-B2G,,10.1021/j100022a007,anthracene,1430.2,0.0146,1450.7307,1496.9876173769478,0.9691,1,19.4861,1.2897249269593976,0.0625,B1U,CC-stretch/CH-ip (7.7 um),3,-20.531
202,271,C15H9N,0,15,9,1,2,4,3,0,1-A1,,10.1021/jp021938c,2-azapyrene,3042.0,1.0,3034.5521,3161.979889548817,0.9597,2,16.2705,1.2114008992124825,0.2564,A1,CH-stretch,6,7.448
203,271,C15H9N,0,15,9,1,2,4,3,0,1-A1,,10.1021/jp021938c,2-azapyrene,717.6,0.6548,720.9499,736.1138452113538,0.9794,0,28.2962,1.4517281164486735,0.446,B1,CH-oop (10.5-15 um; benzene nu11 at 673 included),1,-3.35
204,271,C15H9N,0,15,9,1,2,4,3,0,1-A1,,10.1021/jp021938c,2-azapyrene,893.7,0.3733,896.9772,915.8435777006332,0.9794,0,32.6099,1.5133494670207752,0.514,B1,CH-oop (10.5-15 um; benzene nu11 at 673 included),1,-3.277
205,271,C15H9N,0,15,9,1,2,4,3,0,1-A1,,10.1021/jp021938c,2-azapyrene,846.8,0.3215,840.4909,858.169185215438,0.9794,0,37.9287,1.5789679575854203,0.5978,B1,CH-oop (10.5-15 um; benzene nu11 at 673 included),2,6.309
206,271,C15H9N,0,15,9,1,2,4,3,0,1-A1,,10.1021/jp021938c,2-azapyrene,816.5,0.3111,819.6984,836.9393506228303,0.9794,0,8.0559,0.9061140665676892,0.127,A1,CH-oop (10.5-15 um; benzene nu11 at 673 included),4,-3.198
207,271,C15H9N,0,15,9,1,2,4,3,0,1-A1,,10.1021/jp021938c,2-azapyrene,1143.3,0.2059,1139.1446,1175.4665153234962,0.9691,1,1.4816,0.1707309693378591,0.0234,A1,CH-ip-bend (8.6 um),2,4.155
208,271,C15H9N,0,15,9,1,2,4,3,0,1-A1,,10.1021/jp021938c,2-azapyrene,1239.4,0.1541,1236.1748,1275.5905479310702,0.9691,1,1.6175,0.20884428934073798,0.0255,A1,CH-ip-bend (8.6 um),3,3.225
209,271,C15H9N,0,15,9,1,2,4,3,0,1-A1,,10.1021/jp021938c,2-azapyrene,1460.5,0.1363,1455.9646,1502.388401609741,0.9691,1,2.6104,0.41670706077981845,0.0411,B2,CC-stretch/CH-ip (7.7 um),3,4.535
210,271,C15H9N,0,15,9,1,2,4,3,0,1-A1,,10.1021/jp021938c,2-azapyrene,822.4,0.1363,812.7756,829.8709413926894,0.9794,0,11.9606,1.0777529664544954,0.1885,B1,CH-oop (10.5-15 um; benzene nu11 at 673 included),4,9.624
211,271,C15H9N,0,15,9,1,2,4,3,0,1-A1,,10.1021/jp021938c,2-azapyrene,1254.4,0.1319,1253.4916,1293.4594985037666,0.9691,1,1.8439,0.26573736431749073,0.0291,A1,CC-stretch/CH-ip (7.7 um),3,0.908
212,271,C15H9N,0,15,9,1,2,4,3,0,1-A1,,10.1021/jp021938c,2-azapyrene,1183.0,0.1215,1175.9768,1213.473119389124,0.9691,1,7.5141,0.8758769704930303,0.1184,B2,CH-ip-bend (8.6 um),2,7.023
213,271,C15H9N,0,15,9,1,2,4,3,0,1-A1,,10.1021/jp021938c,2-azapyrene,1542.9,0.1185,1549.7773,1599.1923434114126,0.9691,1,10.0987,1.0042654708951049,0.1592,A1,CC-stretch (6.2 um),1,-6.877
214,271,C15H9N,0,15,9,1,2,4,3,0,1-A1,,10.1021/jp021938c,2-azapyrene,1208.0,0.0978,1207.4147,1245.9134248271594,0.9691,1,4.7185,0.6738039593845588,0.0744,B2,CH-ip-bend (8.6 um),2,0.585
215,271,C15H9N,0,15,9,1,2,4,3,0,1-A1,,10.1021/jp021938c,2-azapyrene,804.7,0.0933,800.452,817.2881355932203,0.9794,0,7.2371,0.8595645736137751,0.1141,A1,CH-oop (10.5-15 um; benzene nu11 at 673 included),3,4.248
216,271,C15H9N,0,15,9,1,2,4,3,0,1-A1,,10.1021/jp021938c,2-azapyrene,1024.9,0.0844,1008.0155,1029.2173779865225,0.9794,0,2.5504,0.4066082997160183,0.0402,A1,ring / CH-ip (9-10.5 um),1,16.885
217,271,C15H9N,0,15,9,1,2,4,3,0,1-A1,,10.1021/jp021938c,2-azapyrene,1077.1,0.077,1086.6039,1109.4587502552583,0.9794,0,3.5958,0.5557955280801286,0.0567,A1,ring / CH-ip (9-10.5 um),1,-9.504
218,271,C15H9N,0,15,9,1,2,4,3,0,1-A1,,10.1021/jp021938c,2-azapyrene,1385.0,0.0622,1388.0544,1432.312867609122,0.9691,1,4.2511,0.6285013211368203,0.067,B2,CC-stretch/CH-ip (7.7 um),2,-3.054
219,271,C15H9N,0,15,9,1,2,4,3,0,1-A1,,10.1021/jp021938c,2-azapyrene,1433.3,0.0548,1432.9114,1478.6001444639355,0.9691,1,7.7656,0.8901750166160656,0.1224,A1,CC-stretch/CH-ip (7.7 um),4,0.389
220,271,C15H9N,0,15,9,1,2,4,3,0,1-A1,,10.1021/jp021938c,2-azapyrene,1572.9,0.0548,1584.6233,1635.1494169848313,0.9691,1,6.6302,0.8215266290965255,0.1045,B2,CC-stretch (6.2 um),2,-11.723
221,271,C15H9N,0,15,9,1,2,4,3,0,1-A1,,10.1021/jp021938c,2-azapyrene,1422.7,0.0193,1423.8452,1469.2448663708597,0.9691,1,6.7359,0.8283956310790987,0.1062,B2,CC-stretch/CH-ip (7.7 um),3,-1.145
222,271,C15H9N,0,15,9,1,2,4,3,0,1-A1,,10.1021/jp021938c,2-azapyrene,1427.5,0.0004,1451.7279,1498.0166133525954,0.9691,1,9.8838,0.994923948812683,0.1558,A1,CC-stretch/CH-ip (7.7 um),4,-24.228
223,272,C15H9N+,1,15,9,1,2,4,3,0,2-A2,,10.1021/jp021938c,2-azapyrene,1548.7,1.0,1543.4917,1592.7063254566094,0.9691,1,35.7617,1.55341815562362,0.1838,A1,CC-stretch (6.2 um),2,5.208
224,272,C15H9N+,1,15,9,1,2,4,3,0,2-A2,,10.1021/jp021938c,2-azapyrene,1351.7,0.4764,1347.6309,1390.600454029512,0.9691,1,102.1718,2.0093310445817707,0.525,B2,CC-stretch/CH-ip (7.7 um),2,4.069
225,272,C15H9N+,1,15,9,1,2,4,3,0,2-A2,,10.1021/jp021938c,2-azapyrene,1305.1,0.457,1309.4435,1351.1954390671758,0.9691,1,23.2431,1.3662940507023322,0.1194,B2,CC-stretch/CH-ip (7.7 um),2,-4.344
226,272,C15H9N+,1,15,9,1,2,4,3,0,2-A2,,10.1021/jp021938c,2-azapyrene,1358.7,0.3565,1333.6887,1376.213703436178,0.9691,1,4.5487,0.6578872947897433,0.0234,A1,CC-stretch/CH-ip (7.7 um),2,25.011
227,272,C15H9N+,1,15,9,1,2,4,3,0,2-A2,,10.1021/jp021938c,2-azapyrene,1428.0,0.3352,1423.758,1469.1548859766797,0.9691,1,47.2807,1.6746838977354428,0.2429,B2,CC-stretch/CH-ip (7.7 um),3,4.242
228,272,C15H9N+,1,15,9,1,2,4,3,0,2-A2,,10.1021/jp021938c,2-azapyrene,1140.1,0.2323,1136.6807,1172.924053245279,0.9691,1,3.337,0.5233562066547928,0.0171,A1,CH-ip-bend (8.6 um),4,3.419
229,272,C15H9N+,1,15,9,1,2,4,3,0,2-A2,,10.1021/jp021938c,2-azapyrene,694.8,0.2117,691.6819,706.230243005922,0.9794,0,30.5067,1.4843952312640818,0.1567,B1,CH-oop (10.5-15 um; benzene nu11 at 673 included),2,3.118
230,272,C15H9N+,1,15,9,1,2,4,3,0,2-A2,,10.1021/jp021938c,2-azapyrene,1259.2,0.1747,1249.6307,1289.475492725209,0.9691,1,30.602,1.4857498108142526,0.1572,A1,CH-ip-bend (8.6 um),2,9.569
231,272,C15H9N+,1,15,9,1,2,4,3,0,2-A2,,10.1021/jp021938c,2-azapyrene,990.1,0.1179,988.9455,1009.7462732285072,0.9794,0,23.2911,1.3671900000266886,0.1197,B2,ring / CH-ip (9-10.5 um),2,1.154
232,272,C15H9N+,1,15,9,1,2,4,3,0,2-A2,,10.1021/jp021938c,2-azapyrene,855.3,0.1059,846.9594,864.7737390238921,0.9794,0,51.657,1.7131291807517834,0.2654,B1,CH-oop (10.5-15 um; benzene nu11 at 673 included),1,8.341
233,272,C15H9N+,1,15,9,1,2,4,3,0,2-A2,,10.1021/jp021938c,2-azapyrene,914.1,0.1008,915.1936,934.4431284459872,0.9794,0,27.3296,1.4366332753419826,0.1404,B1,CH-oop (10.5-15 um; benzene nu11 at 673 included),1,-1.094
234,272,C15H9N+,1,15,9,1,2,4,3,0,2-A2,,10.1021/jp021938c,2-azapyrene,1004.8,0.1005,995.7727,1016.7170716765364,0.9794,0,47.3093,1.6749465221684894,0.2431,A1,ring / CH-ip (9-10.5 um),2,9.027
235,272,C15H9N+,1,15,9,1,2,4,3,0,2-A2,,10.1021/jp021938c,2-azapyrene,1516.5,0.0535,1514.5814,1562.8742131874938,0.9691,1,13.3544,1.1256243803736568,0.0686,A1,CC-stretch (6.2 um),3,1.919
236,272,C15H9N+,1,15,9,1,2,4,3,0,2-A2,,10.1021/jp021938c,2-azapyrene,1496.1,0.0494,1477.1984,1524.2992467237643,0.9691,1,1.5776,0.19799689759713596,0.0081,B2,CC-stretch/CH-ip (7.7 um),3,18.902
237,272,C15H9N+,1,15,9,1,2,4,3,0,2-A2,,10.1021/jp021938c,2-azapyrene,1100.6,0.0488,1079.6831,1114.109070271386,0.9691,1,7.5982,0.8807107208787726,0.039,A1,ring / CH-ip (9-10.5 um),2,20.917
238,334,C16H10,0,16,10,0,0,4,6,0,1-AG,R2 pyrene,10.1021/jp9834816,pyrene,842.8,1.0,848.8038,866.6569328160098,0.9794,0,96.8348,1.9860314599111588,1.0,B3U,CH-oop (10.5-15 um; benzene nu11 at 673 included),2,-6.004
239,334,C16H10,0,16,10,0,0,4,6,0,1-AG,R2 pyrene,10.1021/jp9834816,pyrene,3050.2,0.9444,3046.6211,3174.555694487861,0.9597,2,3.1652,0.5004011570554716,0.0327,B1U,CH-stretch,4,3.579
240,334,C16H10,0,16,10,0,0,4,6,0,1-AG,R2 pyrene,10.1021/jp9834816,pyrene,711.8,0.4278,714.4102,729.4365938329589,0.9794,0,24.9389,1.3968772937910556,0.2575,B3U,CH-oop (10.5-15 um; benzene nu11 at 673 included),1,-2.61
241,334,C16H10,0,16,10,0,0,4,6,0,1-AG,R2 pyrene,10.1021/jp9834816,pyrene,1183.9,0.1889,1177.4173,1214.9595500980292,0.9691,1,12.7083,1.1040874585006186,0.1312,B2U,CH-ip-bend (8.6 um),1,6.483
242,334,C16H10,0,16,10,0,0,4,6,0,1-AG,R2 pyrene,10.1021/jp9834816,pyrene,743.9,0.1722,748.5871,764.3323463344905,0.9794,0,9.9548,0.9980325391229555,0.1028,B3U,CH-oop (10.5-15 um; benzene nu11 at 673 included),2,-4.687
243,334,C16H10,0,16,10,0,0,4,6,0,1-AG,R2 pyrene,10.1021/jp9834816,pyrene,1434.8,0.1222,1427.513,1473.0296151068,0.9691,1,11.1608,1.047695325706688,0.1153,B1U,CC-stretch/CH-ip (7.7 um),2,7.287
244,334,C16H10,0,16,10,0,0,4,6,0,1-AG,R2 pyrene,10.1021/jp9834816,pyrene,1604.0,0.0778,1599.9428,1650.957383138995,0.9691,1,12.2799,1.0891948301907335,0.1268,B1U,CC-stretch (6.2 um),2,4.057
245,334,C16H10,0,16,10,0,0,4,6,0,1-AG,R2 pyrene,10.1021/jp9834816,pyrene,821.5,0.05,818.3937,835.6072084949968,0.9794,0,3.2672,0.5141757204068163,0.0337,B1U,CH-oop (10.5-15 um; benzene nu11 at 673 included),2,3.106
246,334,C16H10,0,16,10,0,0,4,6,0,1-AG,R2 pyrene,10.1021/jp9834816,pyrene,1243.0,0.04,1237.9737,1277.4468063151378,0.9691,1,2.5637,0.4088672033868193,0.0265,B1U,CH-ip-bend (8.6 um),1,5.026
247,334,C16H10,0,16,10,0,0,4,6,0,1-AG,R2 pyrene,10.1021/jp9834816,pyrene,1097.3,0.04,1088.104,1122.7984728098236,0.9691,1,5.1771,0.7140865538226421,0.0535,B1U,ring / CH-ip (9-10.5 um),1,9.196
248,334,C16H10,0,16,10,0,0,4,6,0,1-AG,R2 pyrene,10.1021/jp9834816,pyrene,1312.1,0.03,1318.1902,1360.221029821484,0.9691,1,5.4569,0.7369459952260415,0.0564,B2U,CC-stretch/CH-ip (7.7 um),1,-6.09
249,334,C16H10,0,16,10,0,0,4,6,0,1-AG,R2 pyrene,10.1021/jp9834816,pyrene,542.6,0.02,542.6798,554.0941392689401,0.9794,0,2.6369,0.4210936602175244,0.0272,B2U,low / skeletal,1,-0.08
250,334,C16H10,0,16,10,0,0,4,6,0,1-AG,R2 pyrene,10.1021/jp9834816,pyrene,1471.0,0.02,1484.2757,1531.6022082344443,0.9691,1,2.8441,0.45394486234066844,0.0294,B2U,CC-stretch/CH-ip (7.7 um),1,-13.276
251,334,C16H10,0,16,10,0,0,4,6,0,1-AG,R2 pyrene,10.1021/jp9834816,pyrene,487.6,0.01,491.5603,501.89942822136,0.9794,0,1.1328,0.05415324034569381,0.0117,B3U,low / skeletal,2,-3.96
252,334,C16H10,0,16,10,0,0,4,6,0,1-AG,R2 pyrene,10.1021/jp9834816,pyrene,499.2,0.01,496.4108,506.8519501735756,0.9794,0,2.4408,0.38753219463435057,0.0252,B1U,low / skeletal,2,2.789
253,334,C16H10,0,16,10,0,0,4,6,0,1-AG,R2 pyrene,10.1021/jp9834816,pyrene,964.1,0.01,952.5917,972.6278333673675,0.9794,0,1.927,0.284881714655453,0.0199,B3U,ring / CH-ip (9-10.5 um),1,11.508
254,334,C16H10,0,16,10,0,0,4,6,0,1-AG,R2 pyrene,10.1021/jp9834816,pyrene,1581.3,0.005,1610.9238,1662.288515117119,0.9691,1,4.3933,0.6427908604235375,0.0454,B2U,CC-stretch (6.2 um),2,-29.624
255,387,C16H10,0,16,10,0,0,0,6,4,1-A1,,10.1086/311989,fluoranthene,776.7,1.0,778.2061,794.5743312231979,0.9794,0,78.2574,1.8935254149368788,1.0,B1,CH-oop (10.5-15 um; benzene nu11 at 673 included),3,-1.506
256,387,C16H10,0,16,10,0,0,0,6,4,1-A1,,10.1086/311989,fluoranthene,3066.0,0.8235,3066.0976,3194.850057309576,0.9597,2,26.5197,1.4235686068714422,0.3389,B2,CH-stretch,8,-0.098
257,387,C16H10,0,16,10,0,0,0,6,4,1-A1,,10.1086/311989,fluoranthene,1461.8,0.3176,1456.0331,1502.4590857496648,0.9691,1,57.4177,1.7590457918296916,0.7337,A1,CC-stretch/CH-ip (7.7 um),2,5.767
258,387,C16H10,0,16,10,0,0,0,6,4,1-A1,,10.1086/311989,fluoranthene,744.5,0.2471,746.8465,762.5551357974269,0.9794,0,22.1355,1.345089336334675,0.2829,B1,CH-oop (10.5-15 um; benzene nu11 at 673 included),2,-2.346
259,387,C16H10,0,16,10,0,0,0,6,4,1-A1,,10.1086/311989,fluoranthene,1456.5,0.2118,1441.1048,1487.0547931070066,0.9691,1,12.3667,1.0922538254988783,0.158,B2,CC-stretch/CH-ip (7.7 um),2,15.395
260,387,C16H10,0,16,10,0,0,0,6,4,1-A1,,10.1086/311989,fluoranthene,1429.2,0.1588,1424.2997,1469.7138582189662,0.9691,1,18.2098,1.2603051759226866,0.2327,A1,CC-stretch/CH-ip (7.7 um),3,4.9
261,387,C16H10,0,16,10,0,0,0,6,4,1-A1,,10.1086/311989,fluoranthene,619.3,0.1294,624.8484,637.9910149070859,0.9794,0,9.4567,0.9757396118964806,0.1208,B1,low / skeletal,1,-5.548
262,387,C16H10,0,16,10,0,0,0,6,4,1-A1,,10.1086/311989,fluoranthene,827.9,0.1,830.903,848.3796201756177,0.9794,0,18.1131,1.2579927848076378,0.2315,B1,CH-oop (10.5-15 um; benzene nu11 at 673 included),1,-3.003
263,387,C16H10,0,16,10,0,0,0,6,4,1-A1,,10.1086/311989,fluoranthene,1137.3,0.0706,1134.407,1170.5778557424414,0.9691,1,7.3406,0.8657315593764859,0.0938,B2,CH-ip-bend (8.6 um),1,2.893
264,387,C16H10,0,16,10,0,0,0,6,4,1-A1,,10.1086/311989,fluoranthene,1616.5,0.04,1611.2692,1662.6449282839749,0.9691,1,1.0593,0.025018972282759518,0.0135,B2,CC-stretch (6.2 um),2,5.231
265,387,C16H10,0,16,10,0,0,0,6,4,1-A1,,10.1086/311989,fluoranthene,1184.4,0.03,1180.5698,1218.212568362398,0.9691,1,3.0507,0.4843995020539068,0.039,A1,CH-ip-bend (8.6 um),2,3.83
266,387,C16H10,0,16,10,0,0,0,6,4,1-A1,,10.1086/311989,fluoranthene,561.1,0.02,559.1463,570.9069838676741,0.9794,0,2.8395,0.453241873019478,0.0363,A1,low / skeletal,1,1.954
267,387,C16H10,0,16,10,0,0,0,6,4,1-A1,,10.1086/311989,fluoranthene,1479.8,0.02,1491.8751,1539.4439170364255,0.9691,1,6.2307,0.7945368410507611,0.0796,B2,CC-stretch/CH-ip (7.7 um),2,-12.075
268,387,C16H10,0,16,10,0,0,0,6,4,1-A1,,10.1086/311989,fluoranthene,1217.0,0.02,1221.9266,1260.888040449902,0.9691,1,1.6929,0.22863130498970377,0.0216,B2,CH-ip-bend (8.6 um),2,-4.927
269,387,C16H10,0,16,10,0,0,0,6,4,1-A1,,10.1086/311989,fluoranthene,936.3,0.02,917.829,937.1339595670818,0.9794,0,1.0059,0.002554808148482495,0.0129,B1,CH-oop (10.5-15 um; benzene nu11 at 673 included),2,18.471
270,387,C16H10,0,16,10,0,0,0,6,4,1-A1,,10.1086/311989,fluoranthene,1019.5,0.02,1031.1758,1052.8648151929751,0.9794,0,1.9755,0.29567703401746503,0.0252,A1,ring / CH-ip (9-10.5 um),2,-11.676
271,387,C16H10,0,16,10,0,0,0,6,4,1-A1,,10.1086/311989,fluoranthene,1036.7,0.02,1048.2932,1070.3422503573618,0.9794,0,3.9489,0.5964761360160887,0.0505,A1,ring / CH-ip (9-10.5 um),2,-11.593
272,387,C16H10,0,16,10,0,0,0,6,4,1-A1,,10.1086/311989,fluoranthene,1106.3,0.02,1094.7096,1129.614694046022,0.9691,1,2.8938,0.4614685123055263,0.037,A1,ring / CH-ip (9-10.5 um),2,11.59
273,387,C16H10,0,16,10,0,0,0,6,4,1-A1,,10.1086/311989,fluoranthene,1230.6,0.02,1207.2425,1245.7357341863585,0.9691,1,1.0605,0.025510672852580647,0.0136,B2,CH-ip-bend (8.6 um),2,23.357
274,387,C16H10,0,16,10,0,0,0,6,4,1-A1,,10.1086/311989,fluoranthene,672.0,0.01,671.67,685.79742699612,0.9794,0,1.4085,0.1487568513217922,0.018,A1,CH-oop (10.5-15 um; benzene nu11 at 673 included),1,0.33
275,387,C16H10,0,16,10,0,0,0,6,4,1-A1,,10.1086/311989,fluoranthene,762.9,0.01,762.2659,778.29885644272,0.9794,0,1.4559,0.16313154603494798,0.0186,B2,CH-oop (10.5-15 um; benzene nu11 at 673 included),3,0.634
276,360,C16H10+,1,16,10,0,0,4,6,0,2-B1G,,10.1021/j100010a011,pyrene,1356.1,1.0,1346.4695,1389.4020224950984,0.9691,1,132.3893,2.121852885868486,0.6934,B2U,CC-stretch/CH-ip (7.7 um),1,9.63
277,360,C16H10+,1,16,10,0,0,4,6,0,2-B1G,,10.1021/j100010a011,pyrene,1552.0,0.8667,1551.5645,1601.0365287380043,0.9691,1,21.9067,1.3405769608683031,0.1147,B1U,CC-stretch (6.2 um),2,0.436
278,360,C16H10+,1,16,10,0,0,4,6,0,2-B1G,,10.1021/j100010a011,pyrene,1245.1,0.3333,1234.0946,1273.444020224951,0.9691,1,78.436,1.8945154378485984,0.4108,B1U,CH-ip-bend (8.6 um),1,11.005
279,360,C16H10+,1,16,10,0,0,4,6,0,2-B1G,,10.1021/j100010a011,pyrene,861.0,0.2667,862.6964,880.8417398407188,0.9794,0,96.7973,1.9858632435536956,0.507,B3U,CH-oop (10.5-15 um; benzene nu11 at 673 included),1,-1.696
280,360,C16H10+,1,16,10,0,0,4,6,0,2-B1G,,10.1021/j100010a011,pyrene,690.1,0.22,686.7683,701.2132938533796,0.9794,0,37.4726,1.5737138272405555,0.1963,B3U,CH-oop (10.5-15 um; benzene nu11 at 673 included),2,3.332
281,360,C16H10+,1,16,10,0,0,4,6,0,2-B1G,,10.1021/j100010a011,pyrene,1421.1,0.1533,1421.9223,1467.2606542152512,0.9691,1,26.2283,1.418770142494838,0.1374,B2U,CC-stretch/CH-ip (7.7 um),2,-0.822
282,360,C16H10+,1,16,10,0,0,4,6,0,2-B1G,,10.1021/j100010a011,pyrene,1216.0,0.1133,1206.7025,1245.1785161490045,0.9691,1,18.0017,1.2553135198675969,0.0943,B2U,CH-ip-bend (8.6 um),2,9.297
283,360,C16H10+,1,16,10,0,0,4,6,0,2-B1G,,10.1021/j100010a011,pyrene,1440.3,0.1,1431.7387,1477.3900526261482,0.9691,1,31.5193,1.4985765638456559,0.1651,B1U,CC-stretch/CH-ip (7.7 um),2,8.561
284,360,C16H10+,1,16,10,0,0,4,6,0,2-B1G,,10.1021/j100010a011,pyrene,976.5,0.0867,975.4908,996.0085766795996,0.9794,0,12.6485,1.102039025088996,0.0663,B2U,ring / CH-ip (9-10.5 um),2,1.009
285,360,C16H10+,1,16,10,0,0,4,6,0,2-B1G,,10.1021/j100010a011,pyrene,1102.0,0.08,1095.3584,1130.2841811990509,0.9691,1,9.6408,0.9841130734432775,0.0505,B1U,ring / CH-ip (9-10.5 um),1,6.642
286,360,C16H10+,1,16,10,0,0,4,6,0,2-B1G,,10.1021/j100010a011,pyrene,953.8,0.0633,983.3869,1004.070757606698,0.9794,0,16.3566,1.2136930331558242,0.0857,B1U,ring / CH-ip (9-10.5 um),2,-29.587
287,360,C16H10+,1,16,10,0,0,4,6,0,2-B1G,,10.1021/j100010a011,pyrene,1188.7,0.0373,1185.6374,1223.4417500773916,0.9691,1,2.3539,0.37178800890220043,0.0123,B2U,CH-ip-bend (8.6 um),2,3.063
288,831,C17H11N,0,17,11,1,1,2,0,8,1-A',,10.1016/j.saa.2017.03.044,benz[a]acridine,753.6,1.0,755.049,770.9301613232591,0.9794,0,69.9466,1.8447666089332706,1.0,"A""",CH-oop (10.5-15 um; benzene nu11 at 673 included),2,-1.449
289,831,C17H11N,0,17,11,1,1,2,0,8,1-A',,10.1016/j.saa.2017.03.044,benz[a]acridine,3068.6,0.8359,3066.1679,3194.9233093675107,0.9597,2,6.5007,0.8129601242996165,0.0929,A',CH-stretch,10,2.432
290,831,C17H11N,0,17,11,1,1,2,0,8,1-A',,10.1016/j.saa.2017.03.044,benz[a]acridine,833.1,0.4201,834.9813,852.5437002246273,0.9794,0,26.7932,1.4280245859242984,0.3831,"A""",CH-oop (10.5-15 um; benzene nu11 at 673 included),2,-1.881
291,831,C17H11N,0,17,11,1,1,2,0,8,1-A',,10.1016/j.saa.2017.03.044,benz[a]acridine,1506.6,0.289,1503.8944,1551.8464554741513,0.9691,1,23.3596,1.3684654018273443,0.334,A',CC-stretch (6.2 um),2,2.706
292,831,C17H11N,0,17,11,1,1,2,0,8,1-A',,10.1016/j.saa.2017.03.044,benz[a]acridine,1620.5,0.1521,1618.1642,1669.759777112785,0.9691,1,13.1242,1.1180728399885114,0.1876,A',CC-stretch (6.2 um),3,2.336
293,831,C17H11N,0,17,11,1,1,2,0,8,1-A',,10.1016/j.saa.2017.03.044,benz[a]acridine,905.9,0.149,901.7925,920.7601592811924,0.9794,0,12.61,1.1007150865730817,0.1803,"A""",CH-oop (10.5-15 um; benzene nu11 at 673 included),2,4.107
294,831,C17H11N,0,17,11,1,1,2,0,8,1-A',,10.1016/j.saa.2017.03.044,benz[a]acridine,1543.3,0.1289,1541.2743,1590.418223093592,0.9691,1,15.8982,1.201347956124248,0.2273,A',CC-stretch (6.2 um),2,2.026
295,831,C17H11N,0,17,11,1,1,2,0,8,1-A',,10.1016/j.saa.2017.03.044,benz[a]acridine,1411.1,0.1055,1408.9478,1453.872458982561,0.9691,1,3.8904,0.5899942565601209,0.0556,A',CC-stretch/CH-ip (7.7 um),2,2.152
296,831,C17H11N,0,17,11,1,1,2,0,8,1-A',,10.1016/j.saa.2017.03.044,benz[a]acridine,1383.8,0.1012,1370.3717,1414.0663502218554,0.9691,1,9.8801,0.9947613402585196,0.1413,A',CC-stretch/CH-ip (7.7 um),3,13.428
297,831,C17H11N,0,17,11,1,1,2,0,8,1-A',,10.1016/j.saa.2017.03.044,benz[a]acridine,857.6,0.0975,860.5018,878.6009801919542,0.9794,0,7.4613,0.8728145022232472,0.1067,"A""",CH-oop (10.5-15 um; benzene nu11 at 673 included),4,-2.902
298,831,C17H11N,0,17,11,1,1,2,0,8,1-A',,10.1016/j.saa.2017.03.044,benz[a]acridine,542.5,0.0946,547.0543,558.5606493771696,0.9794,0,7.2365,0.8595285664435769,0.1035,"A""",low / skeletal,3,-4.554
299,831,C17H11N,0,17,11,1,1,2,0,8,1-A',,10.1016/j.saa.2017.03.044,benz[a]acridine,576.4,0.0943,575.2985,587.3989177047172,0.9794,0,7.6114,0.8814645459103864,0.1088,A',low / skeletal,2,1.101
300,831,C17H11N,0,17,11,1,1,2,0,8,1-A',,10.1016/j.saa.2017.03.044,benz[a]acridine,1348.4,0.0916,1343.3926,1386.227014755959,0.9691,1,11.3735,1.055894131950791,0.1626,A',CC-stretch/CH-ip (7.7 um),3,5.007
301,831,C17H11N,0,17,11,1,1,2,0,8,1-A',,10.1016/j.saa.2017.03.044,benz[a]acridine,1476.6,0.0905,1480.5647,1527.7728820555153,0.9691,1,5.9429,0.7739984225325528,0.085,A',CC-stretch/CH-ip (7.7 um),3,-3.965
302,831,C17H11N,0,17,11,1,1,2,0,8,1-A',,10.1016/j.saa.2017.03.044,benz[a]acridine,1417.8,0.0896,1399.9422,1444.5797131358993,0.9691,1,7.6472,0.8835024485988351,0.1093,A',CC-stretch/CH-ip (7.7 um),2,17.858
303,831,C17H11N,0,17,11,1,1,2,0,8,1-A',,10.1016/j.saa.2017.03.044,benz[a]acridine,1138.3,0.0818,1136.9458,1173.19760602621,0.9691,1,3.3794,0.5288395997391968,0.0483,A',CH-ip-bend (8.6 um),3,1.354
304,831,C17H11N,0,17,11,1,1,2,0,8,1-A',,10.1016/j.saa.2017.03.044,benz[a]acridine,1126.8,0.0527,1124.6494,1160.5091321845011,0.9691,1,4.5207,0.6552056875988742,0.0646,A',CH-ip-bend (8.6 um),3,2.151
305,831,C17H11N,0,17,11,1,1,2,0,8,1-A',,10.1016/j.saa.2017.03.044,benz[a]acridine,651.6,0.0527,650.5804,664.2642434143353,0.9794,0,5.0544,0.7036696085610737,0.0723,A',CH-oop (10.5-15 um; benzene nu11 at 673 included),1,1.02
306,831,C17H11N,0,17,11,1,1,2,0,8,1-A',,10.1016/j.saa.2017.03.044,benz[a]acridine,874.9,0.047,869.6547,887.9463957525015,0.9794,0,3.6979,0.5679551626275343,0.0529,A',CH-oop (10.5-15 um; benzene nu11 at 673 included),4,5.245
307,831,C17H11N,0,17,11,1,1,2,0,8,1-A',,10.1016/j.saa.2017.03.044,benz[a]acridine,1219.2,0.0461,1214.2907,1253.0086678361367,0.9691,1,2.2976,0.3612744225622063,0.0328,A',CH-ip-bend (8.6 um),3,4.909
308,831,C17H11N,0,17,11,1,1,2,0,8,1-A',,10.1016/j.saa.2017.03.044,benz[a]acridine,618.1,0.044,618.835,631.8511333469471,0.9794,0,4.3088,0.6343563360674351,0.0616,A',low / skeletal,1,-0.735
309,831,C17H11N,0,17,11,1,1,2,0,8,1-A',,10.1016/j.saa.2017.03.044,benz[a]acridine,1233.9,0.0427,1235.9237,1275.3314415437003,0.9691,1,6.9673,0.8430645109134317,0.0996,A',CH-ip-bend (8.6 um),2,-2.024
310,831,C17H11N,0,17,11,1,1,2,0,8,1-A',,10.1016/j.saa.2017.03.044,benz[a]acridine,983.9,0.0422,978.7699,999.3566469266898,0.9794,0,3.1124,0.4930954066432732,0.0445,A',ring / CH-ip (9-10.5 um),1,5.13
311,831,C17H11N,0,17,11,1,1,2,0,8,1-A',,10.1016/j.saa.2017.03.044,benz[a]acridine,1191.4,0.0394,1190.4865,1228.445464864307,0.9691,1,2.4095,0.38192693063722727,0.0344,A',CH-ip-bend (8.6 um),2,0.914
312,831,C17H11N,0,17,11,1,1,2,0,8,1-A',,10.1016/j.saa.2017.03.044,benz[a]acridine,1041.1,0.0385,1050.7727,1072.8739023892178,0.9794,0,2.8186,0.45003344759252867,0.0403,A',ring / CH-ip (9-10.5 um),2,-9.673
313,831,C17H11N,0,17,11,1,1,2,0,8,1-A',,10.1016/j.saa.2017.03.044,benz[a]acridine,492.3,0.038,489.966,500.2715948539922,0.9794,0,2.8014,0.4473751243144494,0.0401,A',low / skeletal,3,2.334
314,831,C17H11N,0,17,11,1,1,2,0,8,1-A',,10.1016/j.saa.2017.03.044,benz[a]acridine,1567.6,0.0365,1560.6916,1610.454648643071,0.9691,1,4.8188,0.6829389016697796,0.0689,A',CC-stretch (6.2 um),3,6.908
315,831,C17H11N,0,17,11,1,1,2,0,8,1-A',,10.1016/j.saa.2017.03.044,benz[a]acridine,3111.2,0.0351,3091.3455,3221.158174429509,0.9597,2,10.2948,1.0126179138739053,0.1472,A',CH-stretch,3,19.854
316,831,C17H11N,0,17,11,1,1,2,0,8,1-A',,10.1016/j.saa.2017.03.044,benz[a]acridine,1459.5,0.0349,1455.2921,1501.694458776184,0.9691,1,4.1946,0.6226905525126516,0.06,A',CC-stretch/CH-ip (7.7 um),2,4.208
317,831,C17H11N,0,17,11,1,1,2,0,8,1-A',,10.1016/j.saa.2017.03.044,benz[a]acridine,1007.8,0.0338,1017.9884,1039.4000408413312,0.9794,0,2.3292,0.3672067814359877,0.0333,A',ring / CH-ip (9-10.5 um),2,-10.188
318,831,C17H11N,0,17,11,1,1,2,0,8,1-A',,10.1016/j.saa.2017.03.044,benz[a]acridine,1315.0,0.0317,1318.1966,1360.2276338871118,0.9691,1,1.0344,0.014688511872337618,0.0148,A',CC-stretch/CH-ip (7.7 um),3,-3.197
319,831,C17H11N,0,17,11,1,1,2,0,8,1-A',,10.1016/j.saa.2017.03.044,benz[a]acridine,1248.1,0.0312,1268.7295,1309.183262821174,0.9691,1,2.3982,0.37988539864374854,0.0343,A',CC-stretch/CH-ip (7.7 um),2,-20.63
320,831,C17H11N,0,17,11,1,1,2,0,8,1-A',,10.1016/j.saa.2017.03.044,benz[a]acridine,867.1,0.0243,868.1295,886.3891157851746,0.9794,0,5.6157,0.7494038990105276,0.0803,"A""",CH-oop (10.5-15 um; benzene nu11 at 673 included),3,-1.029
321,831,C17H11N,0,17,11,1,1,2,0,8,1-A',,10.1016/j.saa.2017.03.044,benz[a]acridine,955.9,0.0178,946.3921,966.2978354094344,0.9794,0,3.6175,0.5584085397910751,0.0517,"A""",CH-oop (10.5-15 um; benzene nu11 at 673 included),3,9.508
322,831,C17H11N,0,17,11,1,1,2,0,8,1-A',,10.1016/j.saa.2017.03.044,benz[a]acridine,946.2,0.0172,927.6558,947.1674494588524,0.9794,0,5.244,0.7196626830180467,0.075,"A""",CH-oop (10.5-15 um; benzene nu11 at 673 included),2,18.544
323,831,C17H11N,0,17,11,1,1,2,0,8,1-A',,10.1016/j.saa.2017.03.044,benz[a]acridine,792.7,0.0123,792.413,809.0800490095977,0.9794,0,2.3204,0.3655628567955594,0.0332,"A""",CH-oop (10.5-15 um; benzene nu11 at 673 included),1,0.287
324,831,C17H11N,0,17,11,1,1,2,0,8,1-A',,10.1016/j.saa.2017.03.044,benz[a]acridine,458.9,0.0099,457.5228,467.146007759853,0.9794,0,1.9635,0.293030905606437,0.0281,A',low / skeletal,2,1.377
325,831,C17H11N,0,17,11,1,1,2,0,8,1-A',,10.1016/j.saa.2017.03.044,benz[a]acridine,1321.6,0.0078,1325.9096,1368.1865648539883,0.9691,1,3.3361,0.5232390601903061,0.0477,A',CC-stretch/CH-ip (7.7 um),3,-4.31
326,295,C17H11N,0,17,11,1,1,6,0,4,1-A',,10.1021/jp021938c,2-azachrysene,752.3,1.0,754.8451,770.7219726363079,0.9794,0,44.6014,1.6493484910603946,0.8565,"A""",CH-oop (10.5-15 um; benzene nu11 at 673 included),1,-2.545
327,295,C17H11N,0,17,11,1,1,6,0,4,1-A',,10.1021/jp021938c,2-azachrysene,819.9,0.8767,822.6945,839.9984684500714,0.9794,0,52.0728,1.7166109306976896,1.0,"A""",CH-oop (10.5-15 um; benzene nu11 at 673 included),3,-2.794
328,295,C17H11N,0,17,11,1,1,6,0,4,1-A',,10.1021/jp021938c,2-azachrysene,3062.4,0.5584,3062.0372,3190.619151818277,0.9597,2,20.4998,1.3117496240157502,0.3937,A',CH-stretch,7,0.363
329,295,C17H11N,0,17,11,1,1,6,0,4,1-A',,10.1021/jp021938c,2-azachrysene,3037.2,0.5009,3050.9853,3179.1031572366364,0.9597,2,4.0898,0.6117020705941049,0.0785,A',CH-stretch,6,-13.785
330,295,C17H11N,0,17,11,1,1,6,0,4,1-A',,10.1021/jp021938c,2-azachrysene,699.6,0.374,698.2021,712.887584235246,0.9794,0,20.5211,1.31220063670908,0.3941,A',CH-oop (10.5-15 um; benzene nu11 at 673 included),2,1.398
331,295,C17H11N,0,17,11,1,1,6,0,4,1-A',,10.1021/jp021938c,2-azachrysene,1268.9,0.3529,1259.8688,1300.0400371478693,0.9691,1,23.7402,1.3754843733603799,0.4559,A',CC-stretch/CH-ip (7.7 um),2,9.031
332,295,C17H11N,0,17,11,1,1,6,0,4,1-A',,10.1021/jp021938c,2-azachrysene,1480.7,0.3404,1480.9897,1528.2114332886183,0.9691,1,17.1956,1.2354173341064465,0.3302,A',CC-stretch/CH-ip (7.7 um),2,-0.29
333,295,C17H11N,0,17,11,1,1,6,0,4,1-A',,10.1021/jp021938c,2-azachrysene,3102.5,0.3009,3103.7237,3234.056163384391,0.9597,2,22.3867,1.3499900794023323,0.4299,A',CH-stretch,4,-1.224
334,295,C17H11N,0,17,11,1,1,6,0,4,1-A',,10.1021/jp021938c,2-azachrysene,1620.9,0.2542,1619.2982,1670.929934991229,0.9691,1,19.6657,1.2937094097199189,0.3777,A',CC-stretch (6.2 um),3,1.602
335,295,C17H11N,0,17,11,1,1,6,0,4,1-A',,10.1021/jp021938c,2-azachrysene,804.3,0.2347,804.1186,821.0318562385133,0.9794,0,4.0786,0.6105111149000845,0.0783,"A""",CH-oop (10.5-15 um; benzene nu11 at 673 included),3,0.181
336,295,C17H11N,0,17,11,1,1,6,0,4,1-A',,10.1021/jp021938c,2-azachrysene,1401.8,0.2295,1397.2354,1441.7866061293985,0.9691,1,10.4936,1.0209245055356908,0.2015,A',CC-stretch/CH-ip (7.7 um),2,4.565
337,295,C17H11N,0,17,11,1,1,6,0,4,1-A',,10.1021/jp021938c,2-azachrysene,1439.8,0.2233,1435.312,1481.0772882055514,0.9691,1,8.9657,0.9525842029076086,0.1722,A',CC-stretch/CH-ip (7.7 um),2,4.488
338,295,C17H11N,0,17,11,1,1,6,0,4,1-A',,10.1021/jp021938c,2-azachrysene,563.3,0.1858,561.6758,573.4896875638145,0.9794,0,3.8794,0.5887645614604697,0.0745,A',low / skeletal,2,1.624
339,295,C17H11N,0,17,11,1,1,6,0,4,1-A',,10.1021/jp021938c,2-azachrysene,1028.3,0.1735,1027.3663,1048.9751888911578,0.9794,0,6.9757,0.84358779486801,0.134,A',ring / CH-ip (9-10.5 um),1,0.934
340,295,C17H11N,0,17,11,1,1,6,0,4,1-A',,10.1021/jp021938c,2-azachrysene,1579.8,0.1643,1568.8305,1618.8530595397792,0.9691,1,6.6415,0.822266176981333,0.1275,A',CC-stretch (6.2 um),3,10.969
341,295,C17H11N,0,17,11,1,1,6,0,4,1-A',,10.1021/jp021938c,2-azachrysene,1604.4,0.1558,1606.213,1657.427510060881,0.9691,1,24.2991,1.3855901883196236,0.4666,A',CC-stretch (6.2 um),4,-1.813
342,295,C17H11N,0,17,11,1,1,6,0,4,1-A',,10.1021/jp021938c,2-azachrysene,1586.4,0.1205,1590.7973,1641.5202765452482,0.9691,1,27.2179,1.4348546141224763,0.5227,A',CC-stretch (6.2 um),3,-4.397
343,295,C17H11N,0,17,11,1,1,6,0,4,1-A',,10.1021/jp021938c,2-azachrysene,864.3,0.0898,862.9366,881.0869920359403,0.9794,0,4.9865,0.6977958233763049,0.0958,"A""",CH-oop (10.5-15 um; benzene nu11 at 673 included),4,1.363
344,295,C17H11N,0,17,11,1,1,6,0,4,1-A',,10.1021/jp021938c,2-azachrysene,787.6,0.0893,784.8233,801.3307126812334,0.9794,0,4.0994,0.6127202967788601,0.0787,"A""",CH-oop (10.5-15 um; benzene nu11 at 673 included),2,2.777
345,295,C17H11N,0,17,11,1,1,6,0,4,1-A',,10.1021/jp021938c,2-azachrysene,3004.6,0.0797,3020.1679,3146.9916640616857,0.9597,2,32.0471,1.5057887355402986,0.6154,A',CH-stretch,1,-15.568
346,295,C17H11N,0,17,11,1,1,6,0,4,1-A',,10.1021/jp021938c,2-azachrysene,1200.1,0.0773,1197.8559,1236.0498400577856,0.9691,1,3.9492,0.5965091283419984,0.0758,A',CH-ip-bend (8.6 um),1,2.244
347,295,C17H11N,0,17,11,1,1,6,0,4,1-A',,10.1021/jp021938c,2-azachrysene,856.3,0.0756,851.0586,868.9591586685725,0.9794,0,8.4851,0.9286569650028134,0.1629,A',CH-oop (10.5-15 um; benzene nu11 at 673 included),4,5.241
348,295,C17H11N,0,17,11,1,1,6,0,4,1-A',,10.1021/jp021938c,2-azachrysene,1261.2,0.0719,1250.1112,1289.971313589929,0.9691,1,1.3622,0.13424087594658995,0.0262,A',CC-stretch/CH-ip (7.7 um),2,11.089
349,295,C17H11N,0,17,11,1,1,6,0,4,1-A',,10.1021/jp021938c,2-azachrysene,857.8,0.0573,876.9076,895.351848070247,0.9794,0,3.4956,0.5435217306752921,0.0671,A',CH-oop (10.5-15 um; benzene nu11 at 673 included),4,-19.108
350,295,C17H11N,0,17,11,1,1,6,0,4,1-A',,10.1021/jp021938c,2-azachrysene,1049.8,0.0563,1064.7195,1087.1140494180108,0.9794,0,8.3951,0.9240258736949764,0.1612,A',ring / CH-ip (9-10.5 um),2,-14.919
351,295,C17H11N,0,17,11,1,1,6,0,4,1-A',,10.1021/jp021938c,2-azachrysene,1143.9,0.0458,1140.51,1176.875451449799,0.9691,1,1.2997,0.11384311893748701,0.025,A',CH-ip-bend (8.6 um),2,3.39
352,295,C17H11N,0,17,11,1,1,6,0,4,1-A',,10.1021/jp021938c,2-azachrysene,926.2,0.0343,927.0784,946.5779048396976,0.9794,0,2.0216,0.3056952289118583,0.0388,"A""",CH-oop (10.5-15 um; benzene nu11 at 673 included),2,-0.878
353,295,C17H11N,0,17,11,1,1,6,0,4,1-A',,10.1021/jp021938c,2-azachrysene,679.6,0.0304,680.8348,695.1549928527669,0.9794,0,1.0896,0.0372670945687099,0.0209,"A""",CH-oop (10.5-15 um; benzene nu11 at 673 included),2,-1.235
354,295,C17H11N,0,17,11,1,1,6,0,4,1-A',,10.1021/jp021938c,2-azachrysene,507.4,0.0271,513.6538,524.457627118644,0.9794,0,1.9881,0.2984382253107598,0.0382,"A""",low / skeletal,2,-6.254
355,295,C17H11N,0,17,11,1,1,6,0,4,1-A',,10.1021/jp021938c,2-azachrysene,839.9,0.0208,835.0178,852.5809679395547,0.9794,0,4.8778,0.6882239893608494,0.0937,"A""",CH-oop (10.5-15 um; benzene nu11 at 673 included),4,4.882
356,295,C17H11N,0,17,11,1,1,6,0,4,1-A',,10.1021/jp021938c,2-azachrysene,1398.5,0.0182,1370.8099,1414.5185223403157,0.9691,1,3.0133,0.47904237158663016,0.0579,A',CC-stretch/CH-ip (7.7 um),2,27.69
357,295,C17H11N,0,17,11,1,1,6,0,4,1-A',,10.1021/jp021938c,2-azachrysene,945.1,0.0176,941.5832,961.3877884419032,0.9794,0,1.8681,0.27140012044106243,0.0359,"A""",CH-oop (10.5-15 um; benzene nu11 at 673 included),2,3.517
358,295,C17H11N,0,17,11,1,1,6,0,4,1-A',,10.1021/jp021938c,2-azachrysene,1374.6,0.009,1358.8366,1402.1634506242908,0.9691,1,1.8167,0.2592832161899635,0.0349,A',CC-stretch/CH-ip (7.7 um),3,15.763
359,295,C17H11N,0,17,11,1,1,6,0,4,1-A',,10.1021/jp021938c,2-azachrysene,1427.4,0.0049,1429.1158,1474.683520792488,0.9691,1,1.4589,0.16402552428783984,0.028,A',CC-stretch/CH-ip (7.7 um),2,-1.716
360,285,C17H11N,0,17,11,1,2,2,3,4,1-A',,10.1021/jp021938c,1-azabenz[a]anthracene,3059.2,1.0,3054.0452,3182.2915494425342,0.9597,2,11.8518,1.073784314118404,0.2437,A',CH-stretch,9,5.155
361,285,C17H11N,0,17,11,1,2,2,3,4,1-A',,10.1021/jp021938c,1-azabenz[a]anthracene,1415.9,0.493,1401.549,1446.2377463626044,0.9691,1,48.6257,1.686865866343001,1.0,A',CC-stretch/CH-ip (7.7 um),3,14.351
362,285,C17H11N,0,17,11,1,2,2,3,4,1-A',,10.1021/jp021938c,1-azabenz[a]anthracene,884.4,0.36,884.2632,902.8621605064324,0.9794,0,36.743,1.5651746127823976,0.7556,"A""",CH-oop (10.5-15 um; benzene nu11 at 673 included),2,0.137
363,285,C17H11N,0,17,11,1,2,2,3,4,1-A',,10.1021/jp021938c,1-azabenz[a]anthracene,741.4,0.3026,746.1681,761.8624668164182,0.9794,0,26.3089,1.4201026902021225,0.541,"A""",CH-oop (10.5-15 um; benzene nu11 at 673 included),4,-4.768
364,285,C17H11N,0,17,11,1,2,2,3,4,1-A',,10.1021/jp021938c,1-azabenz[a]anthracene,804.0,0.2055,808.6032,825.6107821114969,0.9794,0,16.6746,1.2220554246049964,0.3429,"A""",CH-oop (10.5-15 um; benzene nu11 at 673 included),4,-4.603
365,285,C17H11N,0,17,11,1,2,2,3,4,1-A',,10.1021/jp021938c,1-azabenz[a]anthracene,1543.4,0.1833,1543.1244,1592.327314002683,0.9691,1,18.5265,1.2677933807728297,0.381,A',CC-stretch (6.2 um),2,0.276
366,285,C17H11N,0,17,11,1,2,2,3,4,1-A',,10.1021/jp021938c,1-azabenz[a]anthracene,773.2,0.181,777.2386,793.5864815192975,0.9794,0,16.1022,1.206885216565209,0.3311,"A""",CH-oop (10.5-15 um; benzene nu11 at 673 included),5,-4.039
367,285,C17H11N,0,17,11,1,2,2,3,4,1-A',,10.1021/jp021938c,1-azabenz[a]anthracene,1440.9,0.1254,1439.3157,1485.2086471984317,0.9691,1,15.0208,1.1766930635824797,0.3089,A',CC-stretch/CH-ip (7.7 um),2,1.584
368,285,C17H11N,0,17,11,1,2,2,3,4,1-A',,10.1021/jp021938c,1-azabenz[a]anthracene,914.3,0.1151,926.9775,946.474882581172,0.9794,0,2.4706,0.392802437083664,0.0508,"A""",CH-oop (10.5-15 um; benzene nu11 at 673 included),1,-12.678
369,285,C17H11N,0,17,11,1,2,2,3,4,1-A',,10.1021/jp021938c,1-azabenz[a]anthracene,694.4,0.0984,697.7546,712.430671839902,0.9794,0,8.3535,0.9218684769454403,0.1718,"A""",CH-oop (10.5-15 um; benzene nu11 at 673 included),2,-3.355
370,285,C17H11N,0,17,11,1,2,2,3,4,1-A',,10.1021/jp021938c,1-azabenz[a]anthracene,1493.5,0.0961,1491.125,1538.6698999071305,0.9691,1,14.1558,1.1509344180859937,0.2911,A',CC-stretch/CH-ip (7.7 um),2,2.375
371,285,C17H11N,0,17,11,1,2,2,3,4,1-A',,10.1021/jp021938c,1-azabenz[a]anthracene,1150.3,0.0887,1150.7839,1187.476937364565,0.9691,1,6.5477,0.8160887728582185,0.1347,A',CH-ip-bend (8.6 um),4,-0.484
372,285,C17H11N,0,17,11,1,2,2,3,4,1-A',,10.1021/jp021938c,1-azabenz[a]anthracene,825.8,0.0783,831.709,849.2025730038798,0.9794,0,6.3297,0.801383126852731,0.1302,"A""",CH-oop (10.5-15 um; benzene nu11 at 673 included),3,-5.909
373,285,C17H11N,0,17,11,1,2,2,3,4,1-A',,10.1021/jp021938c,1-azabenz[a]anthracene,576.3,0.0743,574.8892,586.9810087808862,0.9794,0,8.042,0.9053640687668922,0.1654,A',low / skeletal,1,1.411
374,285,C17H11N,0,17,11,1,2,2,3,4,1-A',,10.1021/jp021938c,1-azabenz[a]anthracene,1133.6,0.0639,1139.7523,1176.0935919925705,0.9691,1,3.2167,0.5074105590617642,0.0662,A',CH-ip-bend (8.6 um),3,-6.152
375,285,C17H11N,0,17,11,1,2,2,3,4,1-A',,10.1021/jp021938c,1-azabenz[a]anthracene,646.3,0.0595,645.568,659.1464161731672,0.9794,0,5.1322,0.7103035723334303,0.1055,A',low / skeletal,2,0.732
376,285,C17H11N,0,17,11,1,2,2,3,4,1-A',,10.1021/jp021938c,1-azabenz[a]anthracene,954.1,0.049,945.993,965.8903410251174,0.9794,0,10.157,1.0067654524519927,0.2089,"A""",CH-oop (10.5-15 um; benzene nu11 at 673 included),2,8.107
377,285,C17H11N,0,17,11,1,2,2,3,4,1-A',,10.1021/jp021938c,1-azabenz[a]anthracene,1269.6,0.0458,1262.0,1302.2391910019603,0.9691,1,4.948,0.6944296909570831,0.1018,A',CC-stretch/CH-ip (7.7 um),3,7.6
378,285,C17H11N,0,17,11,1,2,2,3,4,1-A',,10.1021/jp021938c,1-azabenz[a]anthracene,844.2,0.0458,849.5982,867.4680416581581,0.9794,0,5.9367,0.7735451032234388,0.1221,"A""",CH-oop (10.5-15 um; benzene nu11 at 673 included),2,-5.398
379,285,C17H11N,0,17,11,1,2,2,3,4,1-A',,10.1021/jp021938c,1-azabenz[a]anthracene,1310.5,0.0454,1303.3811,1344.9397379011457,0.9691,1,3.6508,0.5623880418581055,0.0751,A',CC-stretch/CH-ip (7.7 um),3,7.119
380,285,C17H11N,0,17,11,1,2,2,3,4,1-A',,10.1021/jp021938c,1-azabenz[a]anthracene,1451.2,0.0431,1444.1715,1490.2192756165514,0.9691,1,4.0447,0.6068863150270875,0.0832,A',CC-stretch/CH-ip (7.7 um),2,7.029
381,285,C17H11N,0,17,11,1,2,2,3,4,1-A',,10.1021/jp021938c,1-azabenz[a]anthracene,1563.8,0.0399,1562.1156,1611.9240532452793,0.9691,1,2.6213,0.41851672750468116,0.0539,A',CC-stretch (6.2 um),3,1.684
382,285,C17H11N,0,17,11,1,2,2,3,4,1-A',,10.1021/jp021938c,1-azabenz[a]anthracene,1601.7,0.0357,1602.673,1653.774636260448,0.9691,1,7.4292,0.8709420500605297,0.1528,A',CC-stretch (6.2 um),3,-0.973
383,285,C17H11N,0,17,11,1,2,2,3,4,1-A',,10.1021/jp021938c,1-azabenz[a]anthracene,1172.3,0.0284,1166.4804,1203.6739242596225,0.9691,1,3.4265,0.5348507361534135,0.0705,A',CH-ip-bend (8.6 um),3,5.82
384,285,C17H11N,0,17,11,1,2,2,3,4,1-A',,10.1021/jp021938c,1-azabenz[a]anthracene,1099.9,0.0242,1092.7337,1127.5757919719329,0.9691,1,2.5028,0.3984261463054837,0.0515,A',ring / CH-ip (9-10.5 um),2,7.166
385,285,C17H11N,0,17,11,1,2,2,3,4,1-A',,10.1021/jp021938c,1-azabenz[a]anthracene,1009.9,0.0235,1021.6885,1043.177966101695,0.9794,0,1.8939,0.2773570440470163,0.0389,A',ring / CH-ip (9-10.5 um),1,-11.788
386,285,C17H11N,0,17,11,1,2,2,3,4,1-A',,10.1021/jp021938c,1-azabenz[a]anthracene,1340.0,0.0226,1339.3535,1382.0591270250748,0.9691,1,4.561,0.6590600722409383,0.0938,A',CC-stretch/CH-ip (7.7 um),1,0.647
387,285,C17H11N,0,17,11,1,2,2,3,4,1-A',,10.1021/jp021938c,1-azabenz[a]anthracene,1287.4,0.0223,1291.6756,1332.861005056238,0.9691,1,4.0496,0.607412127814179,0.0833,A',CC-stretch/CH-ip (7.7 um),3,-4.276
388,285,C17H11N,0,17,11,1,2,2,3,4,1-A',,10.1021/jp021938c,1-azabenz[a]anthracene,1479.8,0.0191,1484.3152,1531.6429677019917,0.9691,1,2.7003,0.4314120164207894,0.0555,A',CC-stretch/CH-ip (7.7 um),2,-4.515
389,285,C17H11N,0,17,11,1,2,2,3,4,1-A',,10.1021/jp021938c,1-azabenz[a]anthracene,1279.9,0.018,1256.0129,1296.0611907955836,0.9691,1,2.7655,0.4417736628051844,0.0569,A',CC-stretch/CH-ip (7.7 um),4,23.887
390,285,C17H11N,0,17,11,1,2,2,3,4,1-A',,10.1021/jp021938c,1-azabenz[a]anthracene,794.4,0.0172,790.3748,806.9989789667143,0.9794,0,2.0752,0.3170599587400049,0.0427,A',CH-oop (10.5-15 um; benzene nu11 at 673 included),4,4.025
391,285,C17H11N,0,17,11,1,2,2,3,4,1-A',,10.1021/jp021938c,1-azabenz[a]anthracene,619.9,0.0166,621.9441,635.0256279354708,0.9794,0,2.1914,0.3407216573130071,0.0451,A',low / skeletal,2,-2.044
392,285,C17H11N,0,17,11,1,2,2,3,4,1-A',,10.1021/jp021938c,1-azabenz[a]anthracene,724.9,0.0145,722.0064,737.1925668776802,0.9794,0,1.3524,0.13110516209373138,0.0278,A',CH-oop (10.5-15 um; benzene nu11 at 673 included),3,2.894
393,285,C17H11N,0,17,11,1,2,2,3,4,1-A',,10.1021/jp021938c,1-azabenz[a]anthracene,767.2,0.0135,767.6461,783.7922197263631,0.9794,0,1.4367,0.15736609176227018,0.0295,A',CH-oop (10.5-15 um; benzene nu11 at 673 included),5,-0.446
394,285,C17H11N,0,17,11,1,2,2,3,4,1-A',,10.1021/jp021938c,1-azabenz[a]anthracene,1211.3,0.0133,1222.2405,1261.2119492312456,0.9691,1,2.0411,0.30986428270935784,0.042,A',CH-ip-bend (8.6 um),2,-10.941
395,285,C17H11N,0,17,11,1,2,2,3,4,1-A',,10.1021/jp021938c,1-azabenz[a]anthracene,761.9,0.0087,761.7711,777.793649172963,0.9794,0,1.6645,0.2212837994926862,0.0342,"A""",CH-oop (10.5-15 um; benzene nu11 at 673 included),5,0.129
396,285,C17H11N,0,17,11,1,2,2,3,4,1-A',,10.1021/jp021938c,1-azabenz[a]anthracene,1223.7,0.0051,1196.5802,1234.733464038799,0.9691,1,1.419,0.15198239545747402,0.0292,A',CH-ip-bend (8.6 um),2,27.12
397,297,C17H11N,0,17,11,1,0,4,3,4,1-A',,10.1021/jp021938c,4-azachrysene,3059.8,1.0,3061.046,3189.5863290611646,0.9597,2,22.5221,1.3526088824444764,0.5447,A',CH-stretch,8,-1.246
398,297,C17H11N,0,17,11,1,0,4,3,4,1-A',,10.1021/jp021938c,4-azachrysene,778.0,0.999,779.2628,795.6532570961813,0.9794,0,41.3512,1.6164881171731205,1.0,"A""",CH-oop (10.5-15 um; benzene nu11 at 673 included),2,-1.263
399,297,C17H11N,0,17,11,1,0,4,3,4,1-A',,10.1021/jp021938c,4-azachrysene,1408.0,0.7814,1400.1984,1444.8440821380664,0.9691,1,28.5038,1.4549027620793784,0.6893,A',CC-stretch/CH-ip (7.7 um),4,7.802
400,297,C17H11N,0,17,11,1,0,4,3,4,1-A',,10.1021/jp021938c,4-azachrysene,753.2,0.6384,754.9675,770.8469471104758,0.9794,0,26.3609,1.420960233629153,0.6375,"A""",CH-oop (10.5-15 um; benzene nu11 at 673 included),3,-1.767
401,297,C17H11N,0,17,11,1,0,4,3,4,1-A',,10.1021/jp021938c,4-azachrysene,1599.4,0.5769,1600.6543,1651.6915694974718,0.9691,1,18.4077,1.264999527791929,0.4452,A',CC-stretch (6.2 um),3,-1.254
402,297,C17H11N,0,17,11,1,0,4,3,4,1-A',,10.1021/jp021938c,4-azachrysene,830.2,0.4212,830.9626,848.4404737594444,0.9794,0,24.0828,1.381706979008366,0.5824,"A""",CH-oop (10.5-15 um; benzene nu11 at 673 included),4,-0.763
403,297,C17H11N,0,17,11,1,0,4,3,4,1-A',,10.1021/jp021938c,4-azachrysene,1487.6,0.3364,1487.7481,1535.1853265916832,0.9691,1,10.6718,1.0282376775441486,0.2581,A',CC-stretch/CH-ip (7.7 um),2,-0.148
404,297,C17H11N,0,17,11,1,0,4,3,4,1-A',,10.1021/jp021938c,4-azachrysene,3089.9,0.2968,3083.5964,3213.083671980827,0.9597,2,15.3385,1.1857828906706491,0.3709,A',CH-stretch,6,6.304
405,297,C17H11N,0,17,11,1,0,4,3,4,1-A',,10.1021/jp021938c,4-azachrysene,3029.7,0.2904,3034.6875,3162.120975304783,0.9597,2,35.481,1.5499958515306511,0.858,A',CH-stretch,4,-4.988
406,297,C17H11N,0,17,11,1,0,4,3,4,1-A',,10.1021/jp021938c,4-azachrysene,805.9,0.2353,808.2087,825.207984480294,0.9794,0,12.5347,1.0981139442053889,0.3031,"A""",CH-oop (10.5-15 um; benzene nu11 at 673 included),3,-2.309
407,297,C17H11N,0,17,11,1,0,4,3,4,1-A',,10.1021/jp021938c,4-azachrysene,1394.3,0.2271,1378.0757,1422.0159942214427,0.9691,1,16.7733,1.2246185146513469,0.4056,A',CC-stretch/CH-ip (7.7 um),2,16.224
408,297,C17H11N,0,17,11,1,0,4,3,4,1-A',,10.1021/jp021938c,4-azachrysene,3034.4,0.1905,3052.6086,3180.794623319788,0.9597,2,1.583,0.1994809148623559,0.0383,A',CH-stretch,5,-18.209
409,297,C17H11N,0,17,11,1,0,4,3,4,1-A',,10.1021/jp021938c,4-azachrysene,675.4,0.1615,673.9749,688.1508066162957,0.9794,0,5.3617,0.7293025105067124,0.1297,A',CH-oop (10.5-15 um; benzene nu11 at 673 included),2,1.425
410,297,C17H11N,0,17,11,1,0,4,3,4,1-A',,10.1021/jp021938c,4-azachrysene,842.8,0.1441,845.091,862.8660404329181,0.9794,0,11.1885,1.0487718662076109,0.2706,"A""",CH-oop (10.5-15 um; benzene nu11 at 673 included),4,-2.291
411,297,C17H11N,0,17,11,1,0,4,3,4,1-A',,10.1021/jp021938c,4-azachrysene,1311.8,0.1399,1297.7862,1339.1664430915282,0.9691,1,3.3066,0.5193816614091143,0.08,A',CC-stretch/CH-ip (7.7 um),1,14.014
412,297,C17H11N,0,17,11,1,0,4,3,4,1-A',,10.1021/jp021938c,4-azachrysene,866.0,0.1295,866.621,884.8488870737185,0.9794,0,8.5781,0.9333911047609522,0.2074,"A""",CH-oop (10.5-15 um; benzene nu11 at 673 included),5,-0.621
413,297,C17H11N,0,17,11,1,0,4,3,4,1-A',,10.1021/jp021938c,4-azachrysene,683.0,0.1143,681.394,695.7259546661221,0.9794,0,7.9365,0.8996290205877381,0.1919,A',CH-oop (10.5-15 um; benzene nu11 at 673 included),2,1.606
414,297,C17H11N,0,17,11,1,0,4,3,4,1-A',,10.1021/jp021938c,4-azachrysene,1428.9,0.1133,1426.0689,1471.5394696109793,0.9691,1,3.6474,0.5619833937680847,0.0882,A',CC-stretch/CH-ip (7.7 um),3,2.831
415,297,C17H11N,0,17,11,1,0,4,3,4,1-A',,10.1021/jp021938c,4-azachrysene,1257.4,0.1129,1255.0649,1295.0829635744506,0.9691,1,9.4136,0.9737557404456715,0.2276,A',CC-stretch/CH-ip (7.7 um),2,2.335
416,297,C17H11N,0,17,11,1,0,4,3,4,1-A',,10.1021/jp021938c,4-azachrysene,856.8,0.1125,852.2086,870.1333469471105,0.9794,0,5.9284,0.7729374986035424,0.1434,A',CH-oop (10.5-15 um; benzene nu11 at 673 included),5,4.591
417,297,C17H11N,0,17,11,1,0,4,3,4,1-A',,10.1021/jp021938c,4-azachrysene,1081.4,0.1046,1083.9525,1106.7515826015929,0.9794,0,4.451,0.6484575942825225,0.1076,A',ring / CH-ip (9-10.5 um),2,-2.553
418,297,C17H11N,0,17,11,1,0,4,3,4,1-A',,10.1021/jp021938c,4-azachrysene,1615.7,0.1009,1616.0448,1667.572799504695,0.9691,1,1.6996,0.2303467224174768,0.0411,A',CC-stretch (6.2 um),3,-0.345
419,297,C17H11N,0,17,11,1,0,4,3,4,1-A',,10.1021/jp021938c,4-azachrysene,1506.5,0.1008,1506.3475,1554.3777731916211,0.9691,1,11.9894,1.0787974497202657,0.2899,A',CC-stretch (6.2 um),2,0.152
420,297,C17H11N,0,17,11,1,0,4,3,4,1-A',,10.1021/jp021938c,4-azachrysene,1186.9,0.0979,1186.6436,1224.4800330203284,0.9691,1,2.7289,0.435987621326213,0.066,A',CH-ip-bend (8.6 um),3,0.256
421,297,C17H11N,0,17,11,1,0,4,3,4,1-A',,10.1021/jp021938c,4-azachrysene,1579.1,0.0933,1566.9985,1616.9626457537922,0.9691,1,8.2519,0.9165539563695413,0.1996,A',CC-stretch (6.2 um),3,12.101
422,297,C17H11N,0,17,11,1,0,4,3,4,1-A',,10.1021/jp021938c,4-azachrysene,740.9,0.0879,740.9997,756.5853583826832,0.9794,0,1.7808,0.2506151469906331,0.0431,"A""",CH-oop (10.5-15 um; benzene nu11 at 673 included),2,-0.1
423,297,C17H11N,0,17,11,1,0,4,3,4,1-A',,10.1021/jp021938c,4-azachrysene,537.1,0.0844,536.812,548.102920155197,0.9794,0,3.6268,0.5595236070578936,0.0877,A',low / skeletal,2,0.288
424,297,C17H11N,0,17,11,1,0,4,3,4,1-A',,10.1021/jp021938c,4-azachrysene,1232.1,0.0817,1228.7042,1267.8817459498505,0.9691,1,2.6035,0.41555758201171117,0.063,A',CH-ip-bend (8.6 um),3,3.396
425,297,C17H11N,0,17,11,1,0,4,3,4,1-A',,10.1021/jp021938c,4-azachrysene,1163.8,0.0733,1162.0151,1199.06624703333,0.9691,1,5.2545,0.7205313963733737,0.1271,A',CH-ip-bend (8.6 um),3,1.785
426,297,C17H11N,0,17,11,1,0,4,3,4,1-A',,10.1021/jp021938c,4-azachrysene,3104.3,0.072,3108.0891,3238.604876523914,0.9597,2,4.9018,0.690355587481474,0.1185,A',CH-stretch,5,-3.789
427,297,C17H11N,0,17,11,1,0,4,3,4,1-A',,10.1021/jp021938c,4-azachrysene,1436.5,0.0707,1432.8982,1478.5865235785782,0.9691,1,2.1959,0.34161255871200186,0.0531,A',CC-stretch/CH-ip (7.7 um),2,3.602
428,297,C17H11N,0,17,11,1,0,4,3,4,1-A',,10.1021/jp021938c,4-azachrysene,1029.0,0.0664,1028.7239,1050.361343679804,0.9794,0,1.1407,0.05717144154726602,0.0276,A',ring / CH-ip (9-10.5 um),3,0.276
429,297,C17H11N,0,17,11,1,0,4,3,4,1-A',,10.1021/jp021938c,4-azachrysene,1153.9,0.0584,1153.6867,1190.4722938809205,0.9691,1,2.9994,0.47703438713623386,0.0725,A',CH-ip-bend (8.6 um),2,0.213
430,297,C17H11N,0,17,11,1,0,4,3,4,1-A',,10.1021/jp021938c,4-azachrysene,892.9,0.0546,890.9916,909.732080865836,0.9794,0,3.87,0.5877109650189114,0.0936,A',CH-oop (10.5-15 um; benzene nu11 at 673 included),4,1.908
431,297,C17H11N,0,17,11,1,0,4,3,4,1-A',,10.1021/jp021938c,4-azachrysene,1629.2,0.0487,1605.0169,1656.1932721081416,0.9691,1,20.7852,1.317754207744254,0.5027,A',CC-stretch (6.2 um),3,24.183
432,297,C17H11N,0,17,11,1,0,4,3,4,1-A',,10.1021/jp021938c,4-azachrysene,885.0,0.048,881.3677,899.9057586277312,0.9794,0,3.4366,0.5361289857589207,0.0831,A',CH-oop (10.5-15 um; benzene nu11 at 673 included),3,3.632
433,297,C17H11N,0,17,11,1,0,4,3,4,1-A',,10.1021/jp021938c,4-azachrysene,1049.2,0.0445,1046.7098,1068.7255462528078,0.9794,0,1.6938,0.22886212853056298,0.041,A',ring / CH-ip (9-10.5 um),3,2.49
434,297,C17H11N,0,17,11,1,0,4,3,4,1-A',,10.1021/jp021938c,4-azachrysene,509.1,0.0442,515.6737,526.5200122523995,0.9794,0,1.2048,0.08091495885662539,0.0291,"A""",low / skeletal,3,-6.574
435,297,C17H11N,0,17,11,1,0,4,3,4,1-A',,10.1021/jp021938c,4-azachrysene,1221.0,0.0399,1213.2145,1251.8981529253947,0.9691,1,3.0758,0.48795809259874834,0.0744,A',CH-ip-bend (8.6 um),2,7.785
436,297,C17H11N,0,17,11,1,0,4,3,4,1-A',,10.1021/jp021938c,4-azachrysene,588.1,0.0378,573.2662,585.3238717582193,0.9794,0,1.1534,0.061979947074878514,0.0279,A',low / skeletal,1,14.834
437,297,C17H11N,0,17,11,1,0,4,3,4,1-A',,10.1021/jp021938c,4-azachrysene,946.1,0.0297,921.1001,940.4738615478864,0.9794,0,1.8743,0.2728391051841257,0.0453,"A""",CH-oop (10.5-15 um; benzene nu11 at 673 included),1,25.0
438,297,C17H11N,0,17,11,1,0,4,3,4,1-A',,10.1021/jp021938c,4-azachrysene,1038.9,0.0152,1053.3757,1075.5316520318563,0.9794,0,2.1288,0.32813486154333243,0.0515,A',ring / CH-ip (9-10.5 um),3,-14.476
439,293,C17H11N,0,17,11,1,0,4,3,4,1-A',,10.1021/jp021938c,1-azachrysene,797.1,1.0,798.7612,815.5617725137839,0.9794,0,48.6855,1.6873996345687963,1.0,"A""",CH-oop (10.5-15 um; benzene nu11 at 673 included),2,-1.661
440,293,C17H11N,0,17,11,1,0,4,3,4,1-A',,10.1021/jp021938c,1-azachrysene,782.4,0.8145,782.2982,798.7525015315498,0.9794,0,18.2516,1.2613009422562043,0.3749,"A""",CH-oop (10.5-15 um; benzene nu11 at 673 included),2,0.102
441,293,C17H11N,0,17,11,1,0,4,3,4,1-A',,10.1021/jp021938c,1-azachrysene,1489.4,0.7891,1487.5844,1535.0164069755444,0.9691,1,24.3274,1.386095696025319,0.4997,A',CC-stretch/CH-ip (7.7 um),2,1.816
442,293,C17H11N,0,17,11,1,0,4,3,4,1-A',,10.1021/jp021938c,1-azachrysene,747.5,0.5391,750.3263,766.108127424954,0.9794,0,18.0384,1.256198013140094,0.3705,"A""",CH-oop (10.5-15 um; benzene nu11 at 673 included),2,-2.826
443,293,C17H11N,0,17,11,1,0,4,3,4,1-A',,10.1021/jp021938c,1-azachrysene,3077.5,0.4962,3079.8534,3209.1834948421383,0.9597,2,9.484,0.9769915453061505,0.1948,A',CH-stretch,9,-2.353
444,293,C17H11N,0,17,11,1,0,4,3,4,1-A',,10.1021/jp021938c,1-azachrysene,837.4,0.4426,834.7514,852.3089646722483,0.9794,0,31.9552,1.504541540038997,0.6564,"A""",CH-oop (10.5-15 um; benzene nu11 at 673 included),3,2.649
445,293,C17H11N,0,17,11,1,0,4,3,4,1-A',,10.1021/jp021938c,1-azachrysene,1518.7,0.3345,1517.3183,1565.6983799401503,0.9691,1,16.3256,1.2128691514724232,0.3353,A',CC-stretch (6.2 um),2,1.382
446,293,C17H11N,0,17,11,1,0,4,3,4,1-A',,10.1021/jp021938c,1-azachrysene,3093.8,0.3007,3097.1346,3227.190371991247,0.9597,2,31.4773,1.4979974731981445,0.6465,A',CH-stretch,7,-3.335
447,293,C17H11N,0,17,11,1,0,4,3,4,1-A',,10.1021/jp021938c,1-azachrysene,1410.3,0.2968,1403.4002,1448.1479723454752,0.9691,1,15.0058,1.1762591537977918,0.3082,A',CC-stretch/CH-ip (7.7 um),3,6.9
448,293,C17H11N,0,17,11,1,0,4,3,4,1-A',,10.1021/jp021938c,1-azachrysene,3045.4,0.2668,3054.451,3182.714389913515,0.9597,2,9.8458,0.993251009602635,0.2022,A',CH-stretch,5,-9.051
449,293,C17H11N,0,17,11,1,0,4,3,4,1-A',,10.1021/jp021938c,1-azachrysene,3065.7,0.2511,3061.0662,3189.607377305408,0.9597,2,15.7131,1.196261874414877,0.3227,A',CH-stretch,7,4.634
450,293,C17H11N,0,17,11,1,0,4,3,4,1-A',,10.1021/jp021938c,1-azachrysene,832.7,0.1957,855.6242,873.6207882376965,0.9794,0,2.0099,0.30317445019234923,0.0413,A',CH-oop (10.5-15 um; benzene nu11 at 673 included),3,-22.924
451,293,C17H11N,0,17,11,1,0,4,3,4,1-A',,10.1021/jp021938c,1-azachrysene,1430.5,0.1952,1433.2888,1478.989577958931,0.9691,1,4.2499,0.6283787112363979,0.0873,A',CC-stretch/CH-ip (7.7 um),3,-2.789
452,293,C17H11N,0,17,11,1,0,4,3,4,1-A',,10.1021/jp021938c,1-azachrysene,576.2,0.1913,577.2347,589.3758423524606,0.9794,0,4.3154,0.6350210572334878,0.0886,"A""",low / skeletal,3,-1.035
453,293,C17H11N,0,17,11,1,0,4,3,4,1-A',,10.1021/jp021938c,1-azachrysene,1297.7,0.1899,1288.2204,1329.295635125374,0.9691,1,3.3682,0.5273978715204672,0.0692,A',CC-stretch/CH-ip (7.7 um),2,9.48
454,293,C17H11N,0,17,11,1,0,4,3,4,1-A',,10.1021/jp021938c,1-azachrysene,1263.8,0.1671,1251.8612,1291.7771127850583,0.9691,1,10.8546,1.035613824013973,0.223,A',CC-stretch/CH-ip (7.7 um),2,11.939
455,293,C17H11N,0,17,11,1,0,4,3,4,1-A',,10.1021/jp021938c,1-azachrysene,863.8,0.1605,862.269,880.4053502144169,0.9794,0,2.9282,0.46660073629688137,0.0601,"A""",CH-oop (10.5-15 um; benzene nu11 at 673 included),5,1.531
456,293,C17H11N,0,17,11,1,0,4,3,4,1-A',,10.1021/jp021938c,1-azachrysene,1255.5,0.147,1231.5171,1270.784335981839,0.9691,1,3.7209,0.5706479984193376,0.0764,A',CH-ip-bend (8.6 um),2,23.983
457,293,C17H11N,0,17,11,1,0,4,3,4,1-A',,10.1021/jp021938c,1-azachrysene,1380.2,0.1339,1356.0532,1399.291301207306,0.9691,1,9.6882,0.9862430956593384,0.199,A',CC-stretch/CH-ip (7.7 um),2,24.147
458,293,C17H11N,0,17,11,1,0,4,3,4,1-A',,10.1021/jp021938c,1-azachrysene,674.9,0.1216,673.7918,687.9638554216867,0.9794,0,3.7135,0.5697834282516163,0.0763,A',CH-oop (10.5-15 um; benzene nu11 at 673 included),3,1.108
459,293,C17H11N,0,17,11,1,0,4,3,4,1-A',,10.1021/jp021938c,1-azachrysene,1136.7,0.1027,1141.6857,1178.0886389433497,0.9691,1,1.3682,0.13614958608853084,0.0281,A',CH-ip-bend (8.6 um),2,-4.986
460,293,C17H11N,0,17,11,1,0,4,3,4,1-A',,10.1021/jp021938c,1-azachrysene,887.6,0.0831,883.6141,902.1994078006944,0.9794,0,5.8849,0.7697390874314197,0.1209,A',CH-oop (10.5-15 um; benzene nu11 at 673 included),3,3.986
461,293,C17H11N,0,17,11,1,0,4,3,4,1-A',,10.1021/jp021938c,1-azachrysene,545.7,0.0796,544.5786,556.0328772717991,0.9794,0,3.1268,0.4951001032850803,0.0642,A',low / skeletal,3,1.121
462,293,C17H11N,0,17,11,1,0,4,3,4,1-A',,10.1021/jp021938c,1-azachrysene,1053.4,0.0779,1057.8477,1080.09771288544,0.9794,0,2.7788,0.4438572902023177,0.0571,A',ring / CH-ip (9-10.5 um),3,-4.448
463,293,C17H11N,0,17,11,1,0,4,3,4,1-A',,10.1021/jp021938c,1-azachrysene,685.8,0.0734,683.6629,698.0425770880131,0.9794,0,4.017,0.6039018317316714,0.0825,A',CH-oop (10.5-15 um; benzene nu11 at 673 included),3,2.137
464,293,C17H11N,0,17,11,1,0,4,3,4,1-A',,10.1021/jp021938c,1-azachrysene,1082.4,0.0646,1083.0735,1105.8540943434757,0.9794,0,5.5364,0.7432274599741949,0.1137,A',ring / CH-ip (9-10.5 um),2,-0.673
465,293,C17H11N,0,17,11,1,0,4,3,4,1-A',,10.1021/jp021938c,1-azachrysene,1427.4,0.0622,1424.866,1470.29821483851,0.9691,1,4.125,0.6154239528859439,0.0847,A',CC-stretch/CH-ip (7.7 um),3,2.534
466,293,C17H11N,0,17,11,1,0,4,3,4,1-A',,10.1021/jp021938c,1-azachrysene,1584.9,0.0551,1594.3932,1645.2308327314004,0.9691,1,8.88,0.948412965778601,0.1824,A',CC-stretch (6.2 um),3,-9.493
467,293,C17H11N,0,17,11,1,0,4,3,4,1-A',,10.1021/jp021938c,1-azachrysene,883.4,0.0547,877.7895,896.2522973248928,0.9794,0,2.3046,0.36259555754881984,0.0473,A',CH-oop (10.5-15 um; benzene nu11 at 673 included),4,5.611
468,293,C17H11N,0,17,11,1,0,4,3,4,1-A',,10.1021/jp021938c,1-azachrysene,1145.7,0.0448,1131.5165,1167.5951914147147,0.9691,1,1.7375,0.2399248132621515,0.0357,A',CH-ip-bend (8.6 um),2,14.184
469,293,C17H11N,0,17,11,1,0,4,3,4,1-A',,10.1021/jp021938c,1-azachrysene,1038.0,0.0402,1045.5826,1067.5746375331837,0.9794,0,2.6123,0.4170230504219648,0.0537,A',ring / CH-ip (9-10.5 um),3,-7.583
470,293,C17H11N,0,17,11,1,0,4,3,4,1-A',,10.1021/jp021938c,1-azachrysene,727.1,0.0386,737.0068,752.5084745762712,0.9794,0,1.172,0.06892761168207182,0.0241,"A""",CH-oop (10.5-15 um; benzene nu11 at 673 included),2,-9.907
471,293,C17H11N,0,17,11,1,0,4,3,4,1-A',,10.1021/jp021938c,1-azachrysene,1580.4,0.0361,1568.7564,1618.7765968424312,0.9691,1,5.6979,0.755714822960796,0.117,A',CC-stretch (6.2 um),3,11.644
472,293,C17H11N,0,17,11,1,0,4,3,4,1-A',,10.1021/jp021938c,1-azachrysene,568.9,0.0313,567.3233,579.2559730447213,0.9794,0,1.2134,0.08400399060802946,0.0249,A',low / skeletal,4,1.577
473,293,C17H11N,0,17,11,1,0,4,3,4,1-A',,10.1021/jp021938c,1-azachrysene,1186.2,0.0305,1185.8628,1223.6743370137242,0.9691,1,2.5871,0.4128132159638698,0.0531,A',CH-ip-bend (8.6 um),1,0.337
474,293,C17H11N,0,17,11,1,0,4,3,4,1-A',,10.1021/jp021938c,1-azachrysene,945.0,0.0251,932.4065,952.0180722891566,0.9794,0,1.5024,0.1767855749220357,0.0309,"A""",CH-oop (10.5-15 um; benzene nu11 at 673 included),2,12.593
475,293,C17H11N,0,17,11,1,0,4,3,4,1-A',,10.1021/jp021938c,1-azachrysene,693.9,0.0228,679.3376,693.6263018174392,0.9794,0,1.1767,0.07066575345372784,0.0242,"A""",CH-oop (10.5-15 um; benzene nu11 at 673 included),3,14.562
476,293,C17H11N,0,17,11,1,0,4,3,4,1-A',,10.1021/jp021938c,1-azachrysene,1015.6,0.0221,1014.7481,1036.0915866857258,0.9794,0,1.9479,0.2895666575924184,0.04,A',ring / CH-ip (9-10.5 um),2,0.852
477,293,C17H11N,0,17,11,1,0,4,3,4,1-A',,10.1021/jp021938c,1-azachrysene,1319.6,0.0211,1326.7446,1369.0481890413787,0.9691,1,1.37,0.1367205671564068,0.0281,A',CC-stretch/CH-ip (7.7 um),2,-7.145
478,293,C17H11N,0,17,11,1,0,4,3,4,1-A',,10.1021/jp021938c,1-azachrysene,1352.9,0.0139,1340.7056,1383.4543390774948,0.9691,1,3.4142,0.5332889580066829,0.0701,A',CC-stretch/CH-ip (7.7 um),3,12.194
479,293,C17H11N,0,17,11,1,0,4,3,4,1-A',,10.1021/jp021938c,1-azachrysene,1497.7,0.0131,1527.6432,1576.3524920028892,0.9691,1,1.0393,0.01674092728625969,0.0213,A',CC-stretch (6.2 um),3,-29.943
480,830,C17H11N,0,17,11,1,1,2,0,8,1-A',,10.1016/j.saa.2017.03.044,benz[c]acridine,3062.1,1.0,3061.9918,3190.571845368344,0.9597,2,11.4955,1.0605278657765413,0.1853,A',CH-stretch,10,0.108
481,830,C17H11N,0,17,11,1,1,2,0,8,1-A',,10.1016/j.saa.2017.03.044,benz[c]acridine,752.9,0.6977,748.6459,764.3923830916888,0.9794,0,2.8609,0.4565026777258503,0.0461,"A""",CH-oop (10.5-15 um; benzene nu11 at 673 included),4,4.254
482,830,C17H11N,0,17,11,1,1,2,0,8,1-A',,10.1016/j.saa.2017.03.044,benz[c]acridine,1496.6,0.4422,1493.9711,1541.6067485295634,0.9691,1,33.4774,1.5247517214389117,0.5396,A',CC-stretch/CH-ip (7.7 um),2,2.629
483,830,C17H11N,0,17,11,1,1,2,0,8,1-A',,10.1016/j.saa.2017.03.044,benz[c]acridine,772.3,0.4226,771.4449,787.6709209720236,0.9794,0,31.7599,1.5018791263269553,0.5119,"A""",CH-oop (10.5-15 um; benzene nu11 at 673 included),4,0.855
484,830,C17H11N,0,17,11,1,1,2,0,8,1-A',,10.1016/j.saa.2017.03.044,benz[c]acridine,1417.1,0.2948,1415.193,1460.3167887730883,0.9691,1,3.0153,0.47933052770767715,0.0486,A',CC-stretch/CH-ip (7.7 um),2,1.907
485,830,C17H11N,0,17,11,1,1,2,0,8,1-A',,10.1016/j.saa.2017.03.044,benz[c]acridine,909.0,0.2927,912.8419,932.0419644680416,0.9794,0,22.3885,1.350024997395679,0.3609,"A""",CH-oop (10.5-15 um; benzene nu11 at 673 included),1,-3.842
486,830,C17H11N,0,17,11,1,1,2,0,8,1-A',,10.1016/j.saa.2017.03.044,benz[c]acridine,801.5,0.2405,805.9723,822.9245456401878,0.9794,0,13.2571,1.1224485322331055,0.2137,"A""",CH-oop (10.5-15 um; benzene nu11 at 673 included),2,-4.472
487,830,C17H11N,0,17,11,1,1,2,0,8,1-A',,10.1016/j.saa.2017.03.044,benz[c]acridine,1384.0,0.1923,1370.8383,1414.5478278815394,0.9691,1,15.1554,1.1805674032902629,0.2443,A',CC-stretch/CH-ip (7.7 um),2,13.162
488,830,C17H11N,0,17,11,1,1,2,0,8,1-A',,10.1016/j.saa.2017.03.044,benz[c]acridine,1539.7,0.1848,1537.5967,1586.6233618821589,0.9691,1,17.5458,1.2441731746411797,0.2828,A',CC-stretch (6.2 um),2,2.103
489,830,C17H11N,0,17,11,1,1,2,0,8,1-A',,10.1016/j.saa.2017.03.044,benz[c]acridine,1013.0,0.1504,1019.5625,1041.0072493363284,0.9794,0,5.4374,0.7353912828642944,0.0876,A',ring / CH-ip (9-10.5 um),2,-6.562
490,830,C17H11N,0,17,11,1,1,2,0,8,1-A',,10.1016/j.saa.2017.03.044,benz[c]acridine,694.4,0.1396,697.3468,712.0142944659996,0.9794,0,6.3161,0.8004489973819167,0.1018,"A""",CH-oop (10.5-15 um; benzene nu11 at 673 included),2,-2.947
491,830,C17H11N,0,17,11,1,1,2,0,8,1-A',,10.1016/j.saa.2017.03.044,benz[c]acridine,1587.2,0.1331,1589.5126,1640.1946135589724,0.9691,1,18.1182,1.2581150493618953,0.292,A',CC-stretch (6.2 um),4,-2.313
492,830,C17H11N,0,17,11,1,1,2,0,8,1-A',,10.1016/j.saa.2017.03.044,benz[c]acridine,1479.3,0.109,1482.0591,1529.3149313796305,0.9691,1,2.8138,0.4492932253008602,0.0454,A',CC-stretch/CH-ip (7.7 um),3,-2.759
493,830,C17H11N,0,17,11,1,1,2,0,8,1-A',,10.1016/j.saa.2017.03.044,benz[c]acridine,856.3,0.101,860.1361,878.2275883193793,0.9794,0,5.1249,0.7096853956064461,0.0826,"A""",CH-oop (10.5-15 um; benzene nu11 at 673 included),2,-3.836
494,830,C17H11N,0,17,11,1,1,2,0,8,1-A',,10.1016/j.saa.2017.03.044,benz[c]acridine,880.6,0.0935,875.0992,893.5054114764141,0.9794,0,4.8598,0.6866183966936411,0.0783,A',CH-oop (10.5-15 um; benzene nu11 at 673 included),2,5.501
495,830,C17H11N,0,17,11,1,1,2,0,8,1-A',,10.1016/j.saa.2017.03.044,benz[c]acridine,1622.3,0.0932,1616.7424,1668.2926426581366,0.9691,1,1.4238,0.1534489886009826,0.023,A',CC-stretch (6.2 um),3,5.558
496,830,C17H11N,0,17,11,1,1,2,0,8,1-A',,10.1016/j.saa.2017.03.044,benz[c]acridine,575.3,0.0904,573.8021,585.8710434960179,0.9794,0,1.429,0.15503222879097026,0.023,A',low / skeletal,3,1.498
497,830,C17H11N,0,17,11,1,1,2,0,8,1-A',,10.1016/j.saa.2017.03.044,benz[c]acridine,653.0,0.0886,652.1528,665.8697161527465,0.9794,0,6.4061,0.806593713770391,0.1033,A',CH-oop (10.5-15 um; benzene nu11 at 673 included),1,0.847
498,830,C17H11N,0,17,11,1,1,2,0,8,1-A',,10.1016/j.saa.2017.03.044,benz[c]acridine,1134.0,0.082,1136.8927,1173.1428129192036,0.9691,1,1.8689,0.27158606402727065,0.0301,A',CH-ip-bend (8.6 um),3,-2.893
499,830,C17H11N,0,17,11,1,1,2,0,8,1-A',,10.1016/j.saa.2017.03.044,benz[c]acridine,1309.7,0.0739,1317.4163,1359.4224538231351,0.9691,1,7.8174,0.8930623344655352,0.126,A',CC-stretch/CH-ip (7.7 um),3,-7.716
500,830,C17H11N,0,17,11,1,1,2,0,8,1-A',,10.1016/j.saa.2017.03.044,benz[c]acridine,547.6,0.0718,551.7739,563.3795180722891,0.9794,0,3.2535,0.5123508110698745,0.0524,"A""",low / skeletal,3,-4.174
501,830,C17H11N,0,17,11,1,1,2,0,8,1-A',,10.1016/j.saa.2017.03.044,benz[c]acridine,1453.5,0.0684,1454.6919,1501.0751212465177,0.9691,1,6.2021,0.7925387643356948,0.1,A',CC-stretch/CH-ip (7.7 um),3,-1.192
502,830,C17H11N,0,17,11,1,1,2,0,8,1-A',,10.1016/j.saa.2017.03.044,benz[c]acridine,614.3,0.0671,615.7014,628.6516234429242,0.9794,0,4.8599,0.6866273330699062,0.0783,A',low / skeletal,1,-1.401
503,830,C17H11N,0,17,11,1,1,2,0,8,1-A',,10.1016/j.saa.2017.03.044,benz[c]acridine,1301.2,0.0661,1295.7267,1337.0412754101744,0.9691,1,6.7985,0.8324131018851167,0.1096,A',CC-stretch/CH-ip (7.7 um),3,5.473
504,830,C17H11N,0,17,11,1,1,2,0,8,1-A',,10.1016/j.saa.2017.03.044,benz[c]acridine,763.6,0.0638,760.329,776.3212170716764,0.9794,0,4.6049,0.6632202034970928,0.0742,A',CH-oop (10.5-15 um; benzene nu11 at 673 included),4,3.271
505,830,C17H11N,0,17,11,1,1,2,0,8,1-A',,10.1016/j.saa.2017.03.044,benz[c]acridine,817.6,0.063,821.4043,838.6811313048805,0.9794,0,8.3229,0.9202746765974934,0.1342,"A""",CH-oop (10.5-15 um; benzene nu11 at 673 included),2,-3.804
506,830,C17H11N,0,17,11,1,1,2,0,8,1-A',,10.1016/j.saa.2017.03.044,benz[c]acridine,955.9,0.0624,946.6565,966.5677966101696,0.9794,0,6.2825,0.7981324972646135,0.1013,"A""",CH-oop (10.5-15 um; benzene nu11 at 673 included),1,9.243
507,830,C17H11N,0,17,11,1,1,2,0,8,1-A',,10.1016/j.saa.2017.03.044,benz[c]acridine,1568.5,0.0607,1562.2099,1612.0213600247653,0.9691,1,5.6031,0.7484283735046271,0.0903,A',CC-stretch (6.2 um),2,6.29
508,830,C17H11N,0,17,11,1,1,2,0,8,1-A',,10.1016/j.saa.2017.03.044,benz[c]acridine,474.7,0.0482,478.894,488.9667143148866,0.9794,0,1.5621,0.1937088323953548,0.0252,"A""",low / skeletal,2,-4.194
509,830,C17H11N,0,17,11,1,1,2,0,8,1-A',,10.1016/j.saa.2017.03.044,benz[c]acridine,1173.9,0.0451,1174.1378,1211.5754824063563,0.9691,1,3.3894,0.5301228251199709,0.0546,A',CH-ip-bend (8.6 um),3,-0.238
510,830,C17H11N,0,17,11,1,1,2,0,8,1-A',,10.1016/j.saa.2017.03.044,benz[c]acridine,744.3,0.0448,757.7117,773.6488666530528,0.9794,0,40.4025,1.606408238937655,0.6513,"A""",CH-oop (10.5-15 um; benzene nu11 at 673 included),5,-13.412
511,830,C17H11N,0,17,11,1,1,2,0,8,1-A',,10.1016/j.saa.2017.03.044,benz[c]acridine,1403.1,0.0398,1403.8105,1448.5713548653391,0.9691,1,16.5299,1.2182702262526601,0.2664,A',CC-stretch/CH-ip (7.7 um),2,-0.711
512,830,C17H11N,0,17,11,1,1,2,0,8,1-A',,10.1016/j.saa.2017.03.044,benz[c]acridine,1002.9,0.031,1004.2747,1025.3978966714317,0.9794,0,4.2145,0.6247460581727651,0.0679,A',ring / CH-ip (9-10.5 um),2,-1.375
513,830,C17H11N,0,17,11,1,1,2,0,8,1-A',,10.1016/j.saa.2017.03.044,benz[c]acridine,3109.0,0.0236,3101.4504,3231.687402313223,0.9597,2,6.2709,0.7973298752779067,0.1011,A',CH-stretch,2,7.55
514,830,C17H11N,0,17,11,1,1,2,0,8,1-A',,10.1016/j.saa.2017.03.044,benz[c]acridine,1037.7,0.0199,1044.6589,1066.631509087196,0.9794,0,2.4237,0.3844788628508353,0.0391,A',ring / CH-ip (9-10.5 um),2,-6.959
515,287,C17H11N,0,17,11,1,3,4,0,4,1-A',,10.1021/jp021938c,2-azabenz[a]anthracene,3071.2,1.0,3071.0574,3200.0181306658333,0.9597,2,50.6461,1.7045460081624146,0.8684,A',CH-stretch,11,0.143
516,287,C17H11N,0,17,11,1,3,4,0,4,1-A',,10.1021/jp021938c,2-azabenz[a]anthracene,741.3,0.5768,744.8708,760.5378803348989,0.9794,0,31.8104,1.5025691301793707,0.5455,"A""",CH-oop (10.5-15 um; benzene nu11 at 673 included),2,-3.571
517,287,C17H11N,0,17,11,1,3,4,0,4,1-A',,10.1021/jp021938c,2-azabenz[a]anthracene,883.7,0.5742,878.4677,896.9447620992444,0.9794,0,2.2911,0.3600440453222612,0.0393,A',CH-oop (10.5-15 um; benzene nu11 at 673 included),4,5.232
518,287,C17H11N,0,17,11,1,3,4,0,4,1-A',,10.1021/jp021938c,2-azabenz[a]anthracene,1239.7,0.2836,1236.1149,1275.528738004334,0.9691,1,22.8347,1.3585953102631234,0.3916,A',CH-ip-bend (8.6 um),2,3.585
519,287,C17H11N,0,17,11,1,3,4,0,4,1-A',,10.1021/jp021938c,2-azabenz[a]anthracene,845.1,0.1967,843.0064,860.7375944455789,0.9794,0,8.8856,0.9486867588595225,0.1524,"A""",CH-oop (10.5-15 um; benzene nu11 at 673 included),2,2.094
520,287,C17H11N,0,17,11,1,3,4,0,4,1-A',,10.1021/jp021938c,2-azabenz[a]anthracene,1606.0,0.1872,1605.1271,1656.306985863172,0.9691,1,24.1598,1.3830933347812178,0.4143,A',CC-stretch (6.2 um),4,0.873
521,287,C17H11N,0,17,11,1,3,4,0,4,1-A',,10.1021/jp021938c,2-azabenz[a]anthracene,1607.8,0.1623,1625.0037,1676.8173563099783,0.9691,1,4.7586,0.6774792002612977,0.0816,A',CC-stretch (6.2 um),4,-17.204
522,287,C17H11N,0,17,11,1,3,4,0,4,1-A',,10.1021/jp021938c,2-azabenz[a]anthracene,838.3,0.1511,848.1942,866.0345109250561,0.9794,0,4.0958,0.6123387416647889,0.0702,"A""",CH-oop (10.5-15 um; benzene nu11 at 673 included),2,-9.894
523,287,C17H11N,0,17,11,1,3,4,0,4,1-A',,10.1021/jp021938c,2-azabenz[a]anthracene,576.1,0.1396,578.959,591.1364100469674,0.9794,0,7.9854,0.9022966754452975,0.1369,"A""",low / skeletal,2,-2.859
524,287,C17H11N,0,17,11,1,3,4,0,4,1-A',,10.1021/jp021938c,2-azabenz[a]anthracene,513.9,0.1283,519.729,530.6606085358383,0.9794,0,5.1318,0.7102697224127661,0.088,"A""",low / skeletal,2,-5.829
525,287,C17H11N,0,17,11,1,3,4,0,4,1-A',,10.1021/jp021938c,2-azabenz[a]anthracene,1451.0,0.1247,1448.8217,1495.017748426375,0.9691,1,9.7718,0.9899745696618937,0.1676,A',CC-stretch/CH-ip (7.7 um),2,2.178
526,287,C17H11N,0,17,11,1,3,4,0,4,1-A',,10.1021/jp021938c,2-azabenz[a]anthracene,886.8,0.1053,896.578,915.4359812129876,0.9794,0,4.7527,0.6769404016171832,0.0815,"A""",CH-oop (10.5-15 um; benzene nu11 at 673 included),4,-9.778
527,287,C17H11N,0,17,11,1,3,4,0,4,1-A',,10.1021/jp021938c,2-azabenz[a]anthracene,767.9,0.1011,762.8889,778.9349601797019,0.9794,0,8.6933,0.9391846670974497,0.1491,A',CH-oop (10.5-15 um; benzene nu11 at 673 included),2,5.011
528,287,C17H11N,0,17,11,1,3,4,0,4,1-A',,10.1021/jp021938c,2-azabenz[a]anthracene,889.8,0.1002,899.8414,918.7680212374923,0.9794,0,3.4743,0.5408673163331059,0.0596,A',CH-oop (10.5-15 um; benzene nu11 at 673 included),4,-10.041
529,287,C17H11N,0,17,11,1,3,4,0,4,1-A',,10.1021/jp021938c,2-azabenz[a]anthracene,1589.4,0.0795,1589.6464,1640.3326798060057,0.9691,1,25.9217,1.4136634800847072,0.4445,A',CC-stretch (6.2 um),3,-0.246
530,287,C17H11N,0,17,11,1,3,4,0,4,1-A',,10.1021/jp021938c,2-azabenz[a]anthracene,1447.7,0.079,1438.8981,1484.777731916211,0.9691,1,11.0822,1.0446259835889642,0.19,A',CC-stretch/CH-ip (7.7 um),2,8.802
531,287,C17H11N,0,17,11,1,3,4,0,4,1-A',,10.1021/jp021938c,2-azabenz[a]anthracene,1408.3,0.0578,1405.1712,1449.9754411309464,0.9691,1,2.8707,0.45798780930174154,0.0492,A',CC-stretch/CH-ip (7.7 um),2,3.129
532,287,C17H11N,0,17,11,1,3,4,0,4,1-A',,10.1021/jp021938c,2-azabenz[a]anthracene,1610.6,0.0539,1633.012,1685.0810029924671,0.9691,1,6.7867,0.8316586520168434,0.1164,A',CC-stretch (6.2 um),4,-22.412
533,287,C17H11N,0,17,11,1,3,4,0,4,1-A',,10.1021/jp021938c,2-azabenz[a]anthracene,1285.5,0.0534,1293.41,1334.6507068413994,0.9691,1,2.7441,0.43839993380470554,0.0471,A',CC-stretch/CH-ip (7.7 um),3,-7.91
534,287,C17H11N,0,17,11,1,3,4,0,4,1-A',,10.1021/jp021938c,2-azabenz[a]anthracene,1059.2,0.0526,1071.0127,1093.5396160914845,0.9794,0,3.415,0.5333907080175514,0.0586,A',ring / CH-ip (9-10.5 um),1,-11.813
535,287,C17H11N,0,17,11,1,3,4,0,4,1-A',,10.1021/jp021938c,2-azabenz[a]anthracene,583.6,0.0511,581.8866,594.1255870941393,0.9794,0,3.7584,0.5750029994335306,0.0644,A',low / skeletal,2,1.713
536,287,C17H11N,0,17,11,1,3,4,0,4,1-A',,10.1021/jp021938c,2-azabenz[a]anthracene,1136.9,0.0468,1136.434,1172.6694871530285,0.9691,1,1.4324,0.15606431233986529,0.0246,A',CH-ip-bend (8.6 um),2,0.466
537,287,C17H11N,0,17,11,1,3,4,0,4,1-A',,10.1021/jp021938c,2-azabenz[a]anthracene,1586.4,0.0425,1562.21,1612.0214632132909,0.9691,1,1.7529,0.24375714102992993,0.0301,A',CC-stretch (6.2 um),3,24.19
538,287,C17H11N,0,17,11,1,3,4,0,4,1-A',,10.1021/jp021938c,2-azabenz[a]anthracene,982.2,0.0418,978.3188,998.8960588115172,0.9794,0,3.9336,0.5947901952821051,0.0675,A',ring / CH-ip (9-10.5 um),1,3.881
539,287,C17H11N,0,17,11,1,3,4,0,4,1-A',,10.1021/jp021938c,2-azabenz[a]anthracene,953.0,0.0399,940.3237,960.1017970185828,0.9794,0,3.3516,0.5252521817486299,0.0575,"A""",CH-oop (10.5-15 um; benzene nu11 at 673 included),2,12.676
540,287,C17H11N,0,17,11,1,3,4,0,4,1-A',,10.1021/jp021938c,2-azabenz[a]anthracene,1476.5,0.0393,1481.584,1528.8246826952843,0.9691,1,2.9198,0.4653531042322757,0.0501,A',CC-stretch/CH-ip (7.7 um),3,-5.084
541,287,C17H11N,0,17,11,1,3,4,0,4,1-A',,10.1021/jp021938c,2-azabenz[a]anthracene,1342.0,0.0387,1337.5761,1380.225054173976,0.9691,1,4.093,0.6120417446452695,0.0702,A',CC-stretch/CH-ip (7.7 um),2,4.424
542,287,C17H11N,0,17,11,1,3,4,0,4,1-A',,10.1021/jp021938c,2-azabenz[a]anthracene,1502.4,0.0373,1499.8501,1547.6732019399444,0.9691,1,7.1899,0.8567228500838275,0.1233,A',CC-stretch/CH-ip (7.7 um),2,2.55
543,287,C17H11N,0,17,11,1,3,4,0,4,1-A',,10.1021/jp021938c,2-azabenz[a]anthracene,1250.1,0.0341,1275.1511,1315.8096171705706,0.9691,1,1.6182,0.20903219683653487,0.0277,A',CC-stretch/CH-ip (7.7 um),2,-25.051
544,287,C17H11N,0,17,11,1,3,4,0,4,1-A',,10.1021/jp021938c,2-azabenz[a]anthracene,1011.2,0.0329,1022.7539,1044.2657749642638,0.9794,0,1.7594,0.24536458763476332,0.0302,A',ring / CH-ip (9-10.5 um),1,-11.554
545,287,C17H11N,0,17,11,1,3,4,0,4,1-A',,10.1021/jp021938c,2-azabenz[a]anthracene,527.5,0.0327,526.4504,537.5233816622421,0.9794,0,2.207,0.34380233316165504,0.0378,A',low / skeletal,2,1.05
546,287,C17H11N,0,17,11,1,3,4,0,4,1-A',,10.1021/jp021938c,2-azabenz[a]anthracene,795.3,0.0317,800.8201,817.663977945681,0.9794,0,1.4066,0.14817061307738744,0.0241,"A""",CH-oop (10.5-15 um; benzene nu11 at 673 included),1,-5.52
547,287,C17H11N,0,17,11,1,3,4,0,4,1-A',,10.1021/jp021938c,2-azabenz[a]anthracene,1132.5,0.0309,1146.2013,1182.7482199979363,0.9691,1,3.2199,0.5078423840801245,0.0552,A',CH-ip-bend (8.6 um),2,-13.701
548,287,C17H11N,0,17,11,1,3,4,0,4,1-A',,10.1021/jp021938c,2-azabenz[a]anthracene,1217.8,0.0305,1219.1052,1257.9766793932515,0.9691,1,2.4342,0.38635625808796986,0.0417,A',CH-ip-bend (8.6 um),2,-1.305
549,287,C17H11N,0,17,11,1,3,4,0,4,1-A',,10.1021/jp021938c,2-azabenz[a]anthracene,1142.4,0.0297,1167.4417,1204.6658755546384,0.9691,1,2.4817,0.3947492807005036,0.0426,A',CH-ip-bend (8.6 um),3,-25.042
550,287,C17H11N,0,17,11,1,3,4,0,4,1-A',,10.1021/jp021938c,2-azabenz[a]anthracene,1179.7,0.0291,1178.0235,1215.585078939222,0.9691,1,1.3182,0.11998130730415395,0.0226,A',CH-ip-bend (8.6 um),2,1.677
551,287,C17H11N,0,17,11,1,3,4,0,4,1-A',,10.1021/jp021938c,2-azabenz[a]anthracene,1301.7,0.0257,1310.1407,1351.9148694665153,0.9691,1,1.538,0.18695633546541224,0.0264,A',CC-stretch/CH-ip (7.7 um),3,-8.441
552,287,C17H11N,0,17,11,1,3,4,0,4,1-A',,10.1021/jp021938c,2-azabenz[a]anthracene,621.7,0.0252,623.6089,636.7254441494792,0.9794,0,2.5232,0.40195167598482767,0.0433,A',low / skeletal,1,-1.909
553,287,C17H11N,0,17,11,1,3,4,0,4,1-A',,10.1021/jp021938c,2-azabenz[a]anthracene,879.9,0.0246,875.8781,894.3006943026343,0.9794,0,58.3185,1.7658063450407036,1.0,"A""",CH-oop (10.5-15 um; benzene nu11 at 673 included),4,4.022
554,287,C17H11N,0,17,11,1,3,4,0,4,1-A',,10.1021/jp021938c,2-azabenz[a]anthracene,1374.6,0.0207,1388.2279,1432.4918997007535,0.9691,1,1.1507,0.06096211309383252,0.0197,A',CC-stretch/CH-ip (7.7 um),2,-13.628
555,287,C17H11N,0,17,11,1,3,4,0,4,1-A',,10.1021/jp021938c,2-azabenz[a]anthracene,1363.7,0.0182,1359.7131,1403.0678980497369,0.9691,1,4.041,0.6064888504426481,0.0693,A',CC-stretch/CH-ip (7.7 um),3,3.987
556,287,C17H11N,0,17,11,1,3,4,0,4,1-A',,10.1021/jp021938c,2-azabenz[a]anthracene,1532.7,0.0151,1533.5799,1582.478485192447,0.9691,1,2.3927,0.3788882495904139,0.041,A',CC-stretch (6.2 um),2,-0.88
557,287,C17H11N,0,17,11,1,3,4,0,4,1-A',,10.1021/jp021938c,2-azabenz[a]anthracene,638.4,0.0125,667.25,681.2844598733918,0.9794,0,5.8801,0.76938471197391,0.1008,A',CH-oop (10.5-15 um; benzene nu11 at 673 included),2,-28.85
558,286,C17H11N+,1,17,11,1,2,2,3,4,"2-A""",,10.1021/jp021938c,1-azabenz[a]anthracene,1340.1,1.0,1342.3105,1385.110411722217,0.9691,1,435.0071,2.6384963453814367,1.0,A',CC-stretch/CH-ip (7.7 um),3,-2.211
559,286,C17H11N+,1,17,11,1,2,2,3,4,"2-A""",,10.1021/jp021938c,1-azabenz[a]anthracene,1391.5,0.4459,1396.4148,1440.9398410896708,0.9691,1,93.4182,1.9704314949620547,0.2148,A',CC-stretch/CH-ip (7.7 um),2,-4.915
560,286,C17H11N+,1,17,11,1,2,2,3,4,"2-A""",,10.1021/jp021938c,1-azabenz[a]anthracene,1412.2,0.1603,1421.9148,1467.2529150758437,0.9691,1,18.7675,1.2734064245384231,0.0431,A',CC-stretch/CH-ip (7.7 um),4,-9.715
561,286,C17H11N+,1,17,11,1,2,2,3,4,"2-A""",,10.1021/jp021938c,1-azabenz[a]anthracene,1317.4,0.1296,1313.2243,1355.096790836859,0.9691,1,68.149,1.833459487497644,0.1567,A',CC-stretch/CH-ip (7.7 um),3,4.176
562,286,C17H11N+,1,17,11,1,2,2,3,4,"2-A""",,10.1021/jp021938c,1-azabenz[a]anthracene,1368.0,0.1183,1359.8686,1403.2283562067898,0.9691,1,56.8234,1.7545272159596332,0.1306,A',CC-stretch/CH-ip (7.7 um),4,8.131
563,286,C17H11N+,1,17,11,1,2,2,3,4,"2-A""",,10.1021/jp021938c,1-azabenz[a]anthracene,1212.6,0.0915,1210.1135,1248.6982767516251,0.9691,1,68.6853,1.8368637994758592,0.1579,A',CH-ip-bend (8.6 um),3,2.486
564,286,C17H11N+,1,17,11,1,2,2,3,4,"2-A""",,10.1021/jp021938c,1-azabenz[a]anthracene,1537.7,0.0877,1530.7081,1579.5151171189766,0.9691,1,53.859,1.7312582856051304,0.1238,A',CC-stretch (6.2 um),3,6.992
565,286,C17H11N+,1,17,11,1,2,2,3,4,"2-A""",,10.1021/jp021938c,1-azabenz[a]anthracene,1146.3,0.075,1143.6175,1180.0820348777218,0.9691,1,28.0519,1.4479622820474494,0.0645,A',CH-ip-bend (8.6 um),2,2.682
566,286,C17H11N+,1,17,11,1,2,2,3,4,"2-A""",,10.1021/jp021938c,1-azabenz[a]anthracene,1182.8,0.0649,1182.4925,1220.1965741409556,0.9691,1,58.0732,1.7639757575651305,0.1335,A',CH-ip-bend (8.6 um),3,0.307
567,286,C17H11N+,1,17,11,1,2,2,3,4,"2-A""",,10.1021/jp021938c,1-azabenz[a]anthracene,1192.5,0.0601,1192.4328,1230.4538231348674,0.9691,1,23.354,1.368361275872149,0.0537,A',CH-ip-bend (8.6 um),3,0.067
568,286,C17H11N+,1,17,11,1,2,2,3,4,"2-A""",,10.1021/jp021938c,1-azabenz[a]anthracene,803.4,0.0556,803.079,819.970390034715,0.9794,0,12.3572,1.091920075744096,0.0284,"A""",CH-oop (10.5-15 um; benzene nu11 at 673 included),2,0.321
569,286,C17H11N+,1,17,11,1,2,2,3,4,"2-A""",,10.1021/jp021938c,1-azabenz[a]anthracene,1583.3,0.0553,1574.9782,1625.1967805180066,0.9691,1,46.2228,1.6648562498345127,0.1063,A',CC-stretch (6.2 um),3,8.322
570,286,C17H11N+,1,17,11,1,2,2,3,4,"2-A""",,10.1021/jp021938c,1-azabenz[a]anthracene,1511.9,0.0538,1507.617,1555.6877515220308,0.9691,1,38.839,1.5892680394627228,0.0893,A',CC-stretch (6.2 um),3,4.283
571,286,C17H11N+,1,17,11,1,2,2,3,4,"2-A""",,10.1021/jp021938c,1-azabenz[a]anthracene,1359.0,0.0502,1379.4672,1423.4518625528842,0.9691,1,62.4026,1.7952026849088554,0.1435,A',CC-stretch/CH-ip (7.7 um),3,-20.467
572,286,C17H11N+,1,17,11,1,2,2,3,4,"2-A""",,10.1021/jp021938c,1-azabenz[a]anthracene,1477.8,0.047,1476.5462,1523.6262511608709,0.9691,1,86.9615,1.9393270222937908,0.1999,A',CC-stretch/CH-ip (7.7 um),3,1.254
573,286,C17H11N+,1,17,11,1,2,2,3,4,"2-A""",,10.1021/jp021938c,1-azabenz[a]anthracene,1570.8,0.0457,1562.7947,1612.6248065215148,0.9691,1,55.7834,1.7465049809991977,0.1282,A',CC-stretch (6.2 um),4,8.005
574,286,C17H11N+,1,17,11,1,2,2,3,4,"2-A""",,10.1021/jp021938c,1-azabenz[a]anthracene,1551.4,0.043,1546.4752,1595.7849551129916,0.9691,1,73.202,1.8645229468657423,0.1683,A',CC-stretch (6.2 um),4,4.925
575,286,C17H11N+,1,17,11,1,2,2,3,4,"2-A""",,10.1021/jp021938c,1-azabenz[a]anthracene,1600.2,0.0428,1598.1999,1649.1589103291717,0.9691,1,55.9052,1.7474522054941826,0.1285,A',CC-stretch (6.2 um),2,2.0
576,286,C17H11N+,1,17,11,1,2,2,3,4,"2-A""",,10.1021/jp021938c,1-azabenz[a]anthracene,752.5,0.0411,756.6259,772.5402287114559,0.9794,0,37.293,1.5716273211741174,0.0857,"A""",CH-oop (10.5-15 um; benzene nu11 at 673 included),4,-4.126
577,286,C17H11N+,1,17,11,1,2,2,3,4,"2-A""",,10.1021/jp021938c,1-azabenz[a]anthracene,1428.4,0.0361,1437.5838,1483.421525126406,0.9691,1,3.6435,0.5615187738608118,0.0084,A',CC-stretch/CH-ip (7.7 um),3,-9.184
578,286,C17H11N+,1,17,11,1,2,2,3,4,"2-A""",,10.1021/jp021938c,1-azabenz[a]anthracene,1229.3,0.0308,1228.3656,1267.5323496027245,0.9691,1,16.3666,1.2139584683794102,0.0376,A',CH-ip-bend (8.6 um),3,0.934
579,286,C17H11N+,1,17,11,1,2,2,3,4,"2-A""",,10.1021/jp021938c,1-azabenz[a]anthracene,916.1,0.0271,914.9206,934.1643863589952,0.9794,0,24.687,1.3924683170438543,0.0568,"A""",CH-oop (10.5-15 um; benzene nu11 at 673 included),2,1.179
580,298,C17H11N+,1,17,11,1,0,4,3,4,"2-A""",,10.1021/jp021938c,4-azachrysene,1297.9,1.0,1291.9467,1333.1407491486948,0.9691,1,73.9965,1.8692111782899699,0.1972,A',CC-stretch/CH-ip (7.7 um),2,5.953
581,298,C17H11N+,1,17,11,1,0,4,3,4,"2-A""",,10.1021/jp021938c,4-azachrysene,777.2,0.996,780.6843,797.1046559117827,0.9794,0,21.6693,1.3358448821990265,0.0577,"A""",CH-oop (10.5-15 um; benzene nu11 at 673 included),3,-3.484
582,298,C17H11N+,1,17,11,1,0,4,3,4,"2-A""",,10.1021/jp021938c,4-azachrysene,755.8,0.8635,758.1843,774.1314069838677,0.9794,0,44.5537,1.648883776226057,0.1187,"A""",CH-oop (10.5-15 um; benzene nu11 at 673 included),3,-2.384
583,298,C17H11N+,1,17,11,1,0,4,3,4,"2-A""",,10.1021/jp021938c,4-azachrysene,1482.0,0.8262,1482.1228,1529.3806624703334,0.9691,1,375.313,2.5743936076597764,1.0,A',CC-stretch/CH-ip (7.7 um),3,-0.123
584,298,C17H11N+,1,17,11,1,0,4,3,4,"2-A""",,10.1021/jp021938c,4-azachrysene,1139.0,0.7357,1139.5543,1175.8892787122072,0.9691,1,101.1908,2.0051410293925294,0.2696,A',CH-ip-bend (8.6 um),3,-0.554
585,298,C17H11N+,1,17,11,1,0,4,3,4,"2-A""",,10.1021/jp021938c,4-azachrysene,1564.4,0.4224,1560.9231,1610.6935300794553,0.9691,1,162.4255,2.2106542123430963,0.4328,A',CC-stretch (6.2 um),3,3.477
586,298,C17H11N+,1,17,11,1,0,4,3,4,"2-A""",,10.1021/jp021938c,4-azachrysene,1407.9,0.3754,1423.3649,1468.7492518831907,0.9691,1,4.3656,0.6400439407750895,0.0116,A',CC-stretch/CH-ip (7.7 um),2,-15.465
587,298,C17H11N+,1,17,11,1,0,4,3,4,"2-A""",,10.1021/jp021938c,4-azachrysene,1327.6,0.2861,1332.5302,1375.018264369002,0.9691,1,163.7374,2.214147889909544,0.4363,A',CC-stretch/CH-ip (7.7 um),3,-4.93
588,298,C17H11N+,1,17,11,1,0,4,3,4,"2-A""",,10.1021/jp021938c,4-azachrysene,1579.3,0.2734,1576.6674,1626.9398410896708,0.9691,1,100.3065,2.0013290768156926,0.2673,A',CC-stretch (6.2 um),4,2.633
589,298,C17H11N+,1,17,11,1,0,4,3,4,"2-A""",,10.1021/jp021938c,4-azachrysene,552.5,0.2132,555.2739,566.9531345721871,0.9794,0,26.8929,1.4296376369606898,0.0717,A',low / skeletal,4,-2.774
590,298,C17H11N+,1,17,11,1,0,4,3,4,"2-A""",,10.1021/jp021938c,4-azachrysene,1217.8,0.1904,1217.9443,1256.7787638014654,0.9691,1,11.7677,1.0706915881690564,0.0314,A',CH-ip-bend (8.6 um),4,-0.144
591,298,C17H11N+,1,17,11,1,0,4,3,4,"2-A""",,10.1021/jp021938c,4-azachrysene,1258.9,0.1692,1265.1452,1305.4846765039729,0.9691,1,2.5326,0.40356660253805177,0.0067,A',CC-stretch/CH-ip (7.7 um),3,-6.245
592,294,C17H11N+,1,17,11,1,0,4,3,4,"2-A""",,10.1021/jp021938c,1-azachrysene,1487.1,1.0,1487.9137,1535.3562067898051,0.9691,1,329.5876,2.517970863969015,1.0,A',CC-stretch/CH-ip (7.7 um),3,-0.814
593,294,C17H11N+,1,17,11,1,0,4,3,4,"2-A""",,10.1021/jp021938c,1-azachrysene,1231.9,0.6939,1236.4463,1275.8707047776288,0.9691,1,7.6075,0.8812419610302047,0.0231,A',CH-ip-bend (8.6 um),5,-4.546
594,294,C17H11N+,1,17,11,1,0,4,3,4,"2-A""",,10.1021/jp021938c,1-azachrysene,546.7,0.5327,550.0921,561.6623442924239,0.9794,0,24.2137,1.3840611573395254,0.0735,A',low / skeletal,3,-3.392
595,294,C17H11N+,1,17,11,1,0,4,3,4,"2-A""",,10.1021/jp021938c,1-azachrysene,1558.7,0.4558,1560.7603,1610.5255391600454,0.9691,1,120.8765,2.082341876441055,0.3668,A',CC-stretch (6.2 um),3,-2.06
596,294,C17H11N+,1,17,11,1,0,4,3,4,"2-A""",,10.1021/jp021938c,1-azachrysene,1437.5,0.3647,1434.0951,1479.821587039521,0.9691,1,26.3635,1.421003066384153,0.08,A',CC-stretch/CH-ip (7.7 um),3,3.405
597,294,C17H11N+,1,17,11,1,0,4,3,4,"2-A""",,10.1021/jp021938c,1-azachrysene,1351.4,0.3089,1348.8011,1391.8079661541635,0.9691,1,240.7909,2.3816400699841958,0.7306,A',CC-stretch/CH-ip (7.7 um),3,2.599
598,294,C17H11N+,1,17,11,1,0,4,3,4,"2-A""",,10.1021/jp021938c,1-azachrysene,1130.0,0.3063,1129.0239,1165.0231142296975,0.9691,1,5.7186,0.7572897199304536,0.0174,A',CH-ip-bend (8.6 um),3,0.976
599,294,C17H11N+,1,17,11,1,0,4,3,4,"2-A""",,10.1021/jp021938c,1-azachrysene,1338.7,0.2562,1322.8769,1365.0571664430915,0.9691,1,2.5709,0.41008518426914825,0.0078,A',CC-stretch/CH-ip (7.7 um),4,15.823
600,294,C17H11N+,1,17,11,1,0,4,3,4,"2-A""",,10.1021/jp021938c,1-azachrysene,1478.7,0.1987,1492.7299,1540.3259725518524,0.9691,1,8.1804,0.912774540046081,0.0248,A',CC-stretch/CH-ip (7.7 um),3,-14.03
601,294,C17H11N+,1,17,11,1,0,4,3,4,"2-A""",,10.1021/jp021938c,1-azachrysene,1310.5,0.1881,1319.1034,1361.1633474357652,0.9691,1,13.2762,1.1230737862374802,0.0403,A',CC-stretch/CH-ip (7.7 um),3,-8.603
602,294,C17H11N+,1,17,11,1,0,4,3,4,"2-A""",,10.1021/jp021938c,1-azachrysene,1431.7,0.1879,1429.6313,1475.2154576411103,0.9691,1,64.4487,1.8092141615882495,0.1955,A',CC-stretch/CH-ip (7.7 um),3,2.069
603,294,C17H11N+,1,17,11,1,0,4,3,4,"2-A""",,10.1021/jp021938c,1-azachrysene,1046.0,0.1731,1051.1471,1073.2561772513782,0.9794,0,42.2382,1.6257054022642956,0.1282,A',ring / CH-ip (9-10.5 um),2,-5.147
604,294,C17H11N+,1,17,11,1,0,4,3,4,"2-A""",,10.1021/jp021938c,1-azachrysene,1509.3,0.1711,1508.1348,1556.2220617067385,0.9691,1,127.047,2.1039644143779013,0.3855,A',CC-stretch (6.2 um),3,1.165
605,294,C17H11N+,1,17,11,1,0,4,3,4,"2-A""",,10.1021/jp021938c,1-azachrysene,1148.7,0.1338,1143.089,1179.5366835207924,0.9691,1,37.4026,1.5729017927460869,0.1135,A',CH-ip-bend (8.6 um),4,5.611
606,294,C17H11N+,1,17,11,1,0,4,3,4,"2-A""",,10.1021/jp021938c,1-azachrysene,781.4,0.1209,772.7447,788.9980600367571,0.9794,0,13.8706,1.1420952477389794,0.0421,"A""",CH-oop (10.5-15 um; benzene nu11 at 673 included),3,8.655
607,294,C17H11N+,1,17,11,1,0,4,3,4,"2-A""",,10.1021/jp021938c,1-azachrysene,1285.5,0.1207,1282.356,1323.244247239707,0.9691,1,42.2327,1.6256488474115867,0.1281,A',CC-stretch/CH-ip (7.7 um),2,3.144
608,294,C17H11N+,1,17,11,1,0,4,3,4,"2-A""",,10.1021/jp021938c,1-azachrysene,1060.2,0.1159,1060.8215,1083.1340616704103,0.9794,0,23.0501,1.3626728138624993,0.0699,A',ring / CH-ip (9-10.5 um),2,-0.621
609,294,C17H11N+,1,17,11,1,0,4,3,4,"2-A""",,10.1021/jp021938c,1-azachrysene,1178.9,0.0802,1172.9693,1210.369724486637,0.9691,1,10.5855,1.024711376489815,0.0321,A',CH-ip-bend (8.6 um),1,5.931
610,294,C17H11N+,1,17,11,1,0,4,3,4,"2-A""",,10.1021/jp021938c,1-azachrysene,806.5,0.0756,806.1104,823.065550336941,0.9794,0,33.1969,1.5210975302175067,0.1007,"A""",CH-oop (10.5-15 um; benzene nu11 at 673 included),1,0.39
611,294,C17H11N+,1,17,11,1,0,4,3,4,"2-A""",,10.1021/jp021938c,1-azachrysene,752.6,0.0657,756.1157,772.0192975290994,0.9794,0,26.3205,1.420294135138666,0.0799,"A""",CH-oop (10.5-15 um; benzene nu11 at 673 included),3,-3.516
612,294,C17H11N+,1,17,11,1,0,4,3,4,"2-A""",,10.1021/jp021938c,1-azachrysene,1243.6,0.0631,1253.647,1293.619853472294,0.9691,1,33.5985,1.5263198888105465,0.1019,A',CC-stretch/CH-ip (7.7 um),5,-10.047
613,294,C17H11N+,1,17,11,1,0,4,3,4,"2-A""",,10.1021/jp021938c,1-azachrysene,1238.1,0.0447,1224.4385,1263.4800330203282,0.9691,1,156.1182,2.193453535341891,0.4737,A',CH-ip-bend (8.6 um),5,13.661
614,294,C17H11N+,1,17,11,1,0,4,3,4,"2-A""",,10.1021/jp021938c,1-azachrysene,851.4,0.0399,851.3559,869.2627118644068,0.9794,0,13.7695,1.1389181703815827,0.0418,A',CH-oop (10.5-15 um; benzene nu11 at 673 included),5,0.044
615,294,C17H11N+,1,17,11,1,0,4,3,4,"2-A""",,10.1021/jp021938c,1-azachrysene,864.8,0.0187,874.1908,892.5779048396977,0.9794,0,6.4361,0.8086227832689433,0.0195,A',CH-oop (10.5-15 um; benzene nu11 at 673 included),6,-9.391
616,288,C17H11N+,1,17,11,1,3,4,0,4,"2-A""",,10.1021/jp021938c,2-azabenz[a]anthracene,1230.9,1.0,1227.0467,1266.1713961407493,0.9691,1,169.0132,2.2279206245148138,0.6842,A',CH-ip-bend (8.6 um),4,3.853
617,288,C17H11N+,1,17,11,1,3,4,0,4,"2-A""",,10.1021/jp021938c,2-azabenz[a]anthracene,1347.7,0.4472,1343.5111,1386.3492931586009,0.9691,1,205.0619,2.3118849770098775,0.8301,A',CC-stretch/CH-ip (7.7 um),3,4.189
618,288,C17H11N+,1,17,11,1,3,4,0,4,"2-A""",,10.1021/jp021938c,2-azabenz[a]anthracene,1367.3,0.3821,1361.3806,1404.7885667113817,0.9691,1,247.0407,2.39276850924869,1.0,A',CC-stretch/CH-ip (7.7 um),3,5.919
619,288,C17H11N+,1,17,11,1,3,4,0,4,"2-A""",,10.1021/jp021938c,2-azabenz[a]anthracene,1361.5,0.2128,1376.2477,1420.129707976473,0.9691,1,105.1718,2.021899306869359,0.4257,A',CC-stretch/CH-ip (7.7 um),3,-14.748
620,288,C17H11N+,1,17,11,1,3,4,0,4,"2-A""",,10.1021/jp021938c,2-azabenz[a]anthracene,1531.3,0.2097,1526.2221,1574.8860798679186,0.9691,1,90.2343,1.9553716536081078,0.3653,A',CC-stretch (6.2 um),3,5.078
621,288,C17H11N+,1,17,11,1,3,4,0,4,"2-A""",,10.1021/jp021938c,2-azabenz[a]anthracene,750.5,0.2096,754.7689,770.6441698999387,0.9794,0,39.5186,1.5968015507170994,0.16,"A""",CH-oop (10.5-15 um; benzene nu11 at 673 included),3,-4.269
622,288,C17H11N+,1,17,11,1,3,4,0,4,"2-A""",,10.1021/jp021938c,2-azabenz[a]anthracene,1513.3,0.2042,1492.9093,1540.5110927664844,0.9691,1,1.2297,0.08979917303616419,0.005,A',CC-stretch/CH-ip (7.7 um),3,20.391
623,288,C17H11N+,1,17,11,1,3,4,0,4,"2-A""",,10.1021/jp021938c,2-azabenz[a]anthracene,1381.0,0.1591,1409.7445,1454.6945619647097,0.9691,1,12.375,1.0925452076056064,0.0501,A',CC-stretch/CH-ip (7.7 um),3,-28.745
624,288,C17H11N+,1,17,11,1,3,4,0,4,"2-A""",,10.1021/jp021938c,2-azabenz[a]anthracene,1548.2,0.1537,1545.5365,1594.816324424724,0.9691,1,49.0559,1.690691247869885,0.1986,A',CC-stretch (6.2 um),4,2.664
625,288,C17H11N+,1,17,11,1,3,4,0,4,"2-A""",,10.1021/jp021938c,2-azabenz[a]anthracene,1184.1,0.1251,1182.3229,1220.021566401816,0.9691,1,45.2807,1.6559131320447797,0.1833,A',CH-ip-bend (8.6 um),4,1.777
626,288,C17H11N+,1,17,11,1,3,4,0,4,"2-A""",,10.1021/jp021938c,2-azabenz[a]anthracene,664.2,0.1246,664.4456,678.4210741270165,0.9794,0,7.7576,0.8897273826020975,0.0314,A',CH-oop (10.5-15 um; benzene nu11 at 673 included),1,-0.246
627,288,C17H11N+,1,17,11,1,3,4,0,4,"2-A""",,10.1021/jp021938c,2-azabenz[a]anthracene,1213.5,0.1128,1207.1125,1245.6015891032916,0.9691,1,15.0807,1.178421500624054,0.061,A',CH-ip-bend (8.6 um),3,6.388
628,288,C17H11N+,1,17,11,1,3,4,0,4,"2-A""",,10.1021/jp021938c,2-azabenz[a]anthracene,1486.6,0.097,1485.8387,1533.2150448870086,0.9691,1,63.588,1.8033751655619543,0.2574,A',CC-stretch/CH-ip (7.7 um),3,0.761
629,288,C17H11N+,1,17,11,1,3,4,0,4,"2-A""",,10.1021/jp021938c,2-azabenz[a]anthracene,1477.8,0.0863,1476.1993,1523.2682901661335,0.9691,1,59.2569,1.7727389278036816,0.2399,A',CC-stretch/CH-ip (7.7 um),3,1.601
630,288,C17H11N+,1,17,11,1,3,4,0,4,"2-A""",,10.1021/jp021938c,2-azabenz[a]anthracene,848.5,0.0586,852.767,870.7034919338371,0.9794,0,22.5099,1.3523735656560216,0.0911,"A""",CH-oop (10.5-15 um; benzene nu11 at 673 included),3,-4.267
631,288,C17H11N+,1,17,11,1,3,4,0,4,"2-A""",,10.1021/jp021938c,2-azabenz[a]anthracene,910.7,0.0541,905.8138,924.866040432918,0.9794,0,29.38,1.4680517914542377,0.1189,"A""",CH-oop (10.5-15 um; benzene nu11 at 673 included),3,4.886
632,296,C17H11N+,1,17,11,1,1,6,0,4,"2-A""",,10.1021/jp021938c,2-azachrysene,1293.3,1.0,1296.0015,1337.3248374780726,0.9691,1,10.989,1.0409581733842075,0.0252,A',CC-stretch/CH-ip (7.7 um),3,-2.702
633,296,C17H11N+,1,17,11,1,1,6,0,4,"2-A""",,10.1021/jp021938c,2-azachrysene,1233.5,0.6295,1225.1954,1264.2610669693531,0.9691,1,208.0455,2.3181583264913583,0.4779,A',CH-ip-bend (8.6 um),5,8.305
634,296,C17H11N+,1,17,11,1,1,6,0,4,"2-A""",,10.1021/jp021938c,2-azachrysene,1553.0,0.5532,1544.2885,1593.5285316272832,0.9691,1,435.3018,2.638790462995788,1.0,A',CC-stretch (6.2 um),4,8.711
635,296,C17H11N+,1,17,11,1,1,6,0,4,"2-A""",,10.1021/jp021938c,2-azachrysene,1446.2,0.4248,1441.5585,1487.5229594469097,0.9691,1,117.9091,2.0715473244103935,0.2709,A',CC-stretch/CH-ip (7.7 um),2,4.641
636,296,C17H11N+,1,17,11,1,1,6,0,4,"2-A""",,10.1021/jp021938c,2-azachrysene,1098.7,0.3081,1087.9583,1122.6481271282637,0.9691,1,74.0189,1.8693426267266717,0.17,A',ring / CH-ip (9-10.5 um),1,10.742
637,296,C17H11N+,1,17,11,1,1,6,0,4,"2-A""",,10.1021/jp021938c,2-azachrysene,1140.0,0.2443,1146.9381,1183.508513053349,0.9691,1,5.7544,0.7600000472927299,0.0132,A',CH-ip-bend (8.6 um),2,-6.938
638,296,C17H11N+,1,17,11,1,1,6,0,4,"2-A""",,10.1021/jp021938c,2-azachrysene,1430.4,0.2261,1426.2648,1471.7416159323084,0.9691,1,21.9812,1.3420513977850421,0.0505,A',CC-stretch/CH-ip (7.7 um),2,4.135
639,296,C17H11N+,1,17,11,1,1,6,0,4,"2-A""",,10.1021/jp021938c,2-azachrysene,1501.4,0.2226,1502.0577,1549.9511918274688,0.9691,1,132.8434,2.1233399824212453,0.3052,A',CC-stretch (6.2 um),4,-0.658
640,296,C17H11N+,1,17,11,1,1,6,0,4,"2-A""",,10.1021/jp021938c,2-azachrysene,1575.5,0.1902,1571.521,1621.629346816634,0.9691,1,326.8415,2.514337194973966,0.7508,A',CC-stretch (6.2 um),3,3.979
641,296,C17H11N+,1,17,11,1,1,6,0,4,"2-A""",,10.1021/jp021938c,2-azachrysene,1235.9,0.16,1243.6417,1283.2955319368486,0.9691,1,64.2049,1.8075681738905838,0.1475,A',CH-ip-bend (8.6 um),5,-7.742
642,296,C17H11N+,1,17,11,1,1,6,0,4,"2-A""",,10.1021/jp021938c,2-azachrysene,1170.9,0.103,1170.4552,1207.7754617686514,0.9691,1,27.5011,1.4393500652621125,0.0632,A',CH-ip-bend (8.6 um),3,0.445
643,296,C17H11N+,1,17,11,1,1,6,0,4,"2-A""",,10.1021/jp021938c,2-azachrysene,750.6,0.086,756.6958,772.6115989381253,0.9794,0,37.1656,1.5701411484287775,0.0854,"A""",CH-oop (10.5-15 um; benzene nu11 at 673 included),4,-6.096
644,296,C17H11N+,1,17,11,1,1,6,0,4,"2-A""",,10.1021/jp021938c,2-azachrysene,1305.5,0.0764,1311.3091,1353.1205241977093,0.9691,1,138.4042,2.1411492693775864,0.3179,A',CC-stretch/CH-ip (7.7 um),3,-5.809
645,296,C17H11N+,1,17,11,1,1,6,0,4,"2-A""",,10.1021/jp021938c,2-azachrysene,822.7,0.0566,822.1855,839.4787625076577,0.9794,0,17.2012,1.2355587454656514,0.0395,"A""",CH-oop (10.5-15 um; benzene nu11 at 673 included),4,0.514
646,296,C17H11N+,1,17,11,1,1,6,0,4,"2-A""",,10.1021/jp021938c,2-azachrysene,1481.9,0.0524,1505.3576,1553.3563099783305,0.9691,1,2.5126,0.40012335543708083,0.0058,A',CC-stretch (6.2 um),3,-23.458
647,296,C17H11N+,1,17,11,1,1,6,0,4,"2-A""",,10.1021/jp021938c,2-azachrysene,1312.7,0.0108,1321.1645,1363.290166133526,0.9691,1,40.9629,1.612390695267932,0.0941,A',CC-stretch/CH-ip (7.7 um),3,-8.465
648,282,C18H12,0,18,12,0,4,0,0,8,1-AG,R2 tetracene,10.1021/jp9834816,tetracene,3055.0,1.0,3052.5583,3180.742211107638,0.9597,2,1.3117,0.11783451854374732,0.0136,B2U,CH-stretch,6,2.442
649,282,C18H12,0,18,12,0,4,0,0,8,1-AG,R2 tetracene,10.1021/jp9834816,tetracene,742.9,0.8095,745.6746,761.3585868899327,0.9794,0,1.837,0.26410915630580833,0.019,B2U,CH-oop (10.5-15 um; benzene nu11 at 673 included),2,-2.775
650,282,C18H12,0,18,12,0,4,0,0,8,1-AG,R2 tetracene,10.1021/jp9834816,tetracene,895.3,0.6667,891.0712,909.8133551153768,0.9794,0,70.3529,1.8472820040883102,0.7288,B3U,CH-oop (10.5-15 um; benzene nu11 at 673 included),2,4.229
651,282,C18H12,0,18,12,0,4,0,0,8,1-AG,R2 tetracene,10.1021/jp9834816,tetracene,551.6,0.0905,551.4715,563.070757606698,0.9794,0,9.8369,0.9928582564587708,0.1019,B2U,low / skeletal,1,0.129
652,282,C18H12,0,18,12,0,4,0,0,8,1-AG,R2 tetracene,10.1021/jp9834816,tetracene,953.6,0.0667,942.6925,962.5204206657136,0.9794,0,6.9626,0.8427714457597116,0.0721,B3U,CH-oop (10.5-15 um; benzene nu11 at 673 included),2,10.908
653,282,C18H12,0,18,12,0,4,0,0,8,1-AG,R2 tetracene,10.1021/jp9834816,tetracene,1298.8,0.0667,1283.4143,1324.3362914043958,0.9691,1,12.2492,1.0881077256857878,0.1269,B1U,CC-stretch/CH-ip (7.7 um),2,15.386
654,282,C18H12,0,18,12,0,4,0,0,8,1-AG,R2 tetracene,10.1021/jp9834816,tetracene,997.1,0.0571,1009.2097,1030.4366959362874,0.9794,0,4.4977,0.6529904842944466,0.0466,B2U,ring / CH-ip (9-10.5 um),1,-12.11
655,282,C18H12,0,18,12,0,4,0,0,8,1-AG,R2 tetracene,10.1021/jp9834816,tetracene,1124.4,0.0476,1121.1635,1156.9120833763286,0.9691,1,4.7579,0.6774153099365186,0.0493,B1U,CH-ip-bend (8.6 um),2,3.236
656,282,C18H12,0,18,12,0,4,0,0,8,1-AG,R2 tetracene,10.1021/jp9834816,tetracene,1337.9,0.0405,1342.2633,1385.061706738211,0.9691,1,7.3477,0.8661514161416214,0.0761,B2U,CC-stretch/CH-ip (7.7 um),1,-4.363
657,282,C18H12,0,18,12,0,4,0,0,8,1-AG,R2 tetracene,10.1021/jp9834816,tetracene,1637.0,0.0324,1640.7386,1693.053967598803,0.9691,1,8.7335,0.9411883245836312,0.0905,B1U,CC-stretch (6.2 um),1,-3.739
658,282,C18H12,0,18,12,0,4,0,0,8,1-AG,R2 tetracene,10.1021/jp9834816,tetracene,1292.3,0.0324,1269.4115,1309.8870085646477,0.9691,1,4.0822,0.610894278373339,0.0423,B1U,CC-stretch/CH-ip (7.7 um),2,22.889
659,282,C18H12,0,18,12,0,4,0,0,8,1-AG,R2 tetracene,10.1021/jp9834816,tetracene,1388.7,0.0324,1387.38,1431.616964193582,0.9691,1,1.4343,0.15663999841545181,0.0149,B1U,CC-stretch/CH-ip (7.7 um),2,1.32
660,282,C18H12,0,18,12,0,4,0,0,8,1-AG,R2 tetracene,10.1021/jp9834816,tetracene,1465.2,0.0324,1472.9645,1519.930347745331,0.9691,1,2.0434,0.31035338904499465,0.0212,B2U,CC-stretch/CH-ip (7.7 um),1,-7.764
661,282,C18H12,0,18,12,0,4,0,0,8,1-AG,R2 tetracene,10.1021/jp9834816,tetracene,1573.2,0.0243,1550.3294,1599.7620472603448,0.9691,1,2.5886,0.4130649468374111,0.0268,B2U,CC-stretch (6.2 um),1,22.871
662,282,C18H12,0,18,12,0,4,0,0,8,1-AG,R2 tetracene,10.1021/jp9834816,tetracene,607.7,0.0162,604.9634,617.6877680212374,0.9794,0,2.1434,0.3311032263764991,0.0222,B1U,low / skeletal,2,2.737
663,282,C18H12,0,18,12,0,4,0,0,8,1-AG,R2 tetracene,10.1021/jp9834816,tetracene,1416.1,0.0162,1402.7334,1447.4599112578685,0.9691,1,1.7796,0.2503223970760069,0.0184,B2U,CC-stretch/CH-ip (7.7 um),2,13.367
664,282,C18H12,0,18,12,0,4,0,0,8,1-AG,R2 tetracene,10.1021/jp9834816,tetracene,933.4,0.0162,923.698,943.1264039207678,0.9794,0,2.1016,0.3225500597780139,0.0218,B1U,CH-oop (10.5-15 um; benzene nu11 at 673 included),2,9.702
665,282,C18H12,0,18,12,0,4,0,0,8,1-AG,R2 tetracene,10.1021/jp9834816,tetracene,627.7,0.0081,631.4334,644.7145190933225,0.9794,0,1.3963,0.1449787380200308,0.0145,B2U,low / skeletal,2,-3.733
666,282,C18H12,0,18,12,0,4,0,0,8,1-AG,R2 tetracene,10.1021/jp9834816,tetracene,766.7,0.0081,747.5901,763.3143761486624,0.9794,0,66.0804,1.8200726632055912,0.6845,B3U,CH-oop (10.5-15 um; benzene nu11 at 673 included),2,19.11
667,282,C18H12,0,18,12,0,4,0,0,8,1-AG,R2 tetracene,10.1021/jp9834816,tetracene,1199.3,0.0081,1196.9284,1235.092766484367,0.9691,1,2.1276,0.32788998164854266,0.022,B1U,CH-ip-bend (8.6 um),1,2.372
668,291,C18H12,0,18,12,0,0,4,0,8,1-AG,R2 chrysene,10.1021/jp9834816,chrysene,3063.9,1.0,3060.8027,3189.332812337189,0.9597,2,41.4994,1.6180418177103373,0.5343,BU,CH-stretch,5,3.097
669,291,C18H12,0,18,12,0,0,4,0,8,1-AG,R2 chrysene,10.1021/jp9834816,chrysene,761.0,0.9048,762.382,778.417398407188,0.9794,0,77.6652,1.8902264649597325,1.0,AU,CH-oop (10.5-15 um; benzene nu11 at 673 included),1,-1.382
670,291,C18H12,0,18,12,0,0,4,0,8,1-AG,R2 chrysene,10.1021/jp9834816,chrysene,812.6,0.4429,813.4014,830.5099040228711,0.9794,0,51.9515,1.7155980914950866,0.6689,AU,CH-oop (10.5-15 um; benzene nu11 at 673 included),1,-0.801
671,291,C18H12,0,18,12,0,0,4,0,8,1-AG,R2 chrysene,10.1021/jp9834816,chrysene,1429.7,0.1429,1424.9387,1470.3732328965018,0.9691,1,6.9803,0.843874088173986,0.0899,BU,CC-stretch/CH-ip (7.7 um),2,4.761
672,291,C18H12,0,18,12,0,0,4,0,8,1-AG,R2 chrysene,10.1021/jp9834816,chrysene,1490.6,0.1,1489.7751,1537.2769580022702,0.9691,1,6.5045,0.8132139180249262,0.0838,BU,CC-stretch/CH-ip (7.7 um),1,0.825
673,291,C18H12,0,18,12,0,0,4,0,8,1-AG,R2 chrysene,10.1021/jp9834816,chrysene,682.4,0.1,681.8371,696.1783745150091,0.9794,0,12.1658,1.085140672589642,0.1566,BU,CH-oop (10.5-15 um; benzene nu11 at 673 included),1,0.563
674,291,C18H12,0,18,12,0,0,4,0,8,1-AG,R2 chrysene,10.1021/jp9834816,chrysene,1264.0,0.081,1255.97,1296.0169229181715,0.9691,1,16.972,1.2297330230945782,0.2185,BU,CC-stretch/CH-ip (7.7 um),1,8.03
675,291,C18H12,0,18,12,0,0,4,0,8,1-AG,R2 chrysene,10.1021/jp9834816,chrysene,861.8,0.0714,857.067,875.093935062283,0.9794,0,6.7222,0.8275114295265332,0.0866,AU,CH-oop (10.5-15 um; benzene nu11 at 673 included),3,4.733
676,291,C18H12,0,18,12,0,0,4,0,8,1-AG,R2 chrysene,10.1021/jp9834816,chrysene,1035.8,0.0619,1045.4645,1067.4540535021442,0.9794,0,7.1994,0.8572963037163924,0.0927,BU,ring / CH-ip (9-10.5 um),1,-9.665
677,291,C18H12,0,18,12,0,0,4,0,8,1-AG,R2 chrysene,10.1021/jp9834816,chrysene,1601.2,0.0524,1603.4867,1654.6142812919204,0.9691,1,7.0969,0.8510686857764191,0.0914,BU,CC-stretch (6.2 um),2,-2.287
678,291,C18H12,0,18,12,0,0,4,0,8,1-AG,R2 chrysene,10.1021/jp9834816,chrysene,534.8,0.0362,533.4507,544.6709209720236,0.9794,0,1.8433,0.2655960230875916,0.0237,BU,low / skeletal,2,1.349
679,291,C18H12,0,18,12,0,0,4,0,8,1-AG,R2 chrysene,10.1021/jp9834816,chrysene,1235.9,0.0362,1228.8249,1268.0062945000518,0.9691,1,1.9714,0.2947747522184435,0.0254,BU,CH-ip-bend (8.6 um),2,7.075
680,291,C18H12,0,18,12,0,0,4,0,8,1-AG,R2 chrysene,10.1021/jp9834816,chrysene,1193.4,0.0362,1188.9983,1226.909813228769,0.9691,1,2.678,0.42781057267599015,0.0345,BU,CH-ip-bend (8.6 um),1,4.402
681,291,C18H12,0,18,12,0,0,4,0,8,1-AG,R2 chrysene,10.1021/jp9834816,chrysene,552.9,0.0271,556.5594,568.2656728609352,0.9794,0,1.0071,0.003072595967674963,0.013,AU,low / skeletal,4,-3.659
682,291,C18H12,0,18,12,0,0,4,0,8,1-AG,R2 chrysene,10.1021/jp9834816,chrysene,880.1,0.0271,876.6214,895.059628343884,0.9794,0,4.6126,0.6639457946635757,0.0594,BU,CH-oop (10.5-15 um; benzene nu11 at 673 included),2,3.479
683,291,C18H12,0,18,12,0,0,4,0,8,1-AG,R2 chrysene,10.1021/jp9834816,chrysene,578.9,0.0181,575.7394,587.8490912803758,0.9794,0,4.6991,0.6720146871991772,0.0605,AU,low / skeletal,3,3.161
684,291,C18H12,0,18,12,0,0,4,0,8,1-AG,R2 chrysene,10.1021/jp9834816,chrysene,945.9,0.0181,924.3428,943.7847661833777,0.9794,0,4.1302,0.6159710823569646,0.0532,AU,CH-oop (10.5-15 um; benzene nu11 at 673 included),1,21.557
685,291,C18H12,0,18,12,0,0,4,0,8,1-AG,R2 chrysene,10.1021/jp9834816,chrysene,852.7,0.009,847.5034,865.329181131305,0.9794,0,1.6914,0.22824632625524596,0.0218,BU,CH-oop (10.5-15 um; benzene nu11 at 673 included),3,5.197
686,291,C18H12,0,18,12,0,0,4,0,8,1-AG,R2 chrysene,10.1021/jp9834816,chrysene,1523.2,0.009,1525.0702,1573.697451243422,0.9691,1,7.4643,0.8729890859536507,0.0961,BU,CC-stretch (6.2 um),1,-1.87
687,291,C18H12,0,18,12,0,0,4,0,8,1-AG,R2 chrysene,10.1021/jp9834816,chrysene,1162.8,0.0036,1154.3993,1191.2076153131773,0.9691,1,1.9866,0.298110431135712,0.0256,BU,CH-ip-bend (8.6 um),2,8.401
688,280,C18H12,0,18,12,0,2,2,0,8,1-A',,10.1021/jp9834816,"1,2-benz[a]anthracene",3064.1,1.0,3066.0862,3194.8381785974784,0.9597,2,9.8361,0.9928229354009032,0.1664,A',CH-stretch,11,-1.986
689,280,C18H12,0,18,12,0,2,2,0,8,1-A',,10.1021/jp9834816,"1,2-benz[a]anthracene",747.0,0.65,747.7924,763.5209311823565,0.9794,0,55.5553,1.7447254971374824,0.9397,"A""",CH-oop (10.5-15 um; benzene nu11 at 673 included),3,-0.792
690,280,C18H12,0,18,12,0,2,2,0,8,1-A',,10.1021/jp9834816,"1,2-benz[a]anthracene",876.0,0.435,871.3003,889.6266081274249,0.9794,0,2.9876,0.4753224507666891,0.0505,A',CH-oop (10.5-15 um; benzene nu11 at 673 included),3,4.7
691,280,C18H12,0,18,12,0,2,2,0,8,1-A',,10.1021/jp9834816,"1,2-benz[a]anthracene",804.9,0.18,808.4236,825.4274045333877,0.9794,0,13.7375,1.137907705431547,0.2324,"A""",CH-oop (10.5-15 um; benzene nu11 at 673 included),2,-3.524
692,280,C18H12,0,18,12,0,2,2,0,8,1-A',,10.1021/jp9834816,"1,2-benz[a]anthracene",1504.6,0.115,1503.6515,1551.5958105458674,0.9691,1,14.7807,1.1696950023225754,0.25,A',CC-stretch (6.2 um),2,0.948
693,280,C18H12,0,18,12,0,2,2,0,8,1-A',,10.1021/jp9834816,"1,2-benz[a]anthracene",467.8,0.09,472.3586,482.2938533796202,0.9794,0,6.9256,0.8404574045092332,0.1171,"A""",low / skeletal,2,-4.559
694,280,C18H12,0,18,12,0,2,2,0,8,1-A',,10.1021/jp9834816,"1,2-benz[a]anthracene",1299.5,0.085,1290.1008,1331.235992157672,0.9691,1,1.1532,0.061904633716170186,0.0195,A',CC-stretch/CH-ip (7.7 um),2,9.399
695,280,C18H12,0,18,12,0,2,2,0,8,1-A',,10.1021/jp9834816,"1,2-benz[a]anthracene",1276.3,0.05,1274.335,1314.9674956144877,0.9691,1,2.098,0.32180548385753904,0.0355,A',CC-stretch/CH-ip (7.7 um),2,1.965
696,280,C18H12,0,18,12,0,2,2,0,8,1-A',,10.1021/jp9834816,"1,2-benz[a]anthracene",539.0,0.0455,543.7422,555.178885031652,0.9794,0,3.0712,0.4873080991093485,0.052,"A""",low / skeletal,2,-4.742
697,280,C18H12,0,18,12,0,2,2,0,8,1-A',,10.1021/jp9834816,"1,2-benz[a]anthracene",782.5,0.0455,782.5057,798.9643659383296,0.9794,0,6.8621,0.8364570426522071,0.1161,"A""",CH-oop (10.5-15 um; benzene nu11 at 673 included),3,-0.006
698,280,C18H12,0,18,12,0,2,2,0,8,1-A',,10.1021/jp9834816,"1,2-benz[a]anthracene",576.4,0.0455,575.3882,587.4905043904431,0.9794,0,5.02,0.7007037171450193,0.0849,A',low / skeletal,2,1.012
699,280,C18H12,0,18,12,0,2,2,0,8,1-A',,10.1021/jp9834816,"1,2-benz[a]anthracene",1240.2,0.0455,1233.7833,1273.1227943452689,0.9691,1,9.1574,0.9617721848102034,0.1549,A',CH-ip-bend (8.6 um),2,6.417
700,280,C18H12,0,18,12,0,2,2,0,8,1-A',,10.1021/jp9834816,"1,2-benz[a]anthracene",685.3,0.039,686.6957,701.1391668368389,0.9794,0,3.1314,0.49573854723910404,0.053,"A""",CH-oop (10.5-15 um; benzene nu11 at 673 included),1,-1.396
701,280,C18H12,0,18,12,0,2,2,0,8,1-A',,10.1021/jp9834816,"1,2-benz[a]anthracene",1040.3,0.0325,1051.1862,1073.2960996528486,0.9794,0,3.2234,0.5083142015761791,0.0545,A',ring / CH-ip (9-10.5 um),2,-10.886
702,280,C18H12,0,18,12,0,2,2,0,8,1-A',,10.1021/jp9834816,"1,2-benz[a]anthracene",951.7,0.0325,937.8925,957.6194608944252,0.9794,0,4.1602,0.619114209667246,0.0704,"A""",CH-oop (10.5-15 um; benzene nu11 at 673 included),2,13.808
703,280,C18H12,0,18,12,0,2,2,0,8,1-A',,10.1021/jp9834816,"1,2-benz[a]anthracene",650.0,0.0325,649.7054,663.3708392893609,0.9794,0,4.2502,0.6284093669568307,0.0719,A',low / skeletal,2,0.295
704,280,C18H12,0,18,12,0,2,2,0,8,1-A',,10.1021/jp9834816,"1,2-benz[a]anthracene",1459.0,0.0325,1456.4399,1502.8788566711382,0.9691,1,6.713,0.8269166471849204,0.1136,A',CC-stretch/CH-ip (7.7 um),2,2.56
705,280,C18H12,0,18,12,0,2,2,0,8,1-A',,10.1021/jp9834816,"1,2-benz[a]anthracene",1478.0,0.0325,1484.0785,1531.3987204622847,0.9691,1,2.3399,0.3691972974203153,0.0396,A',CC-stretch/CH-ip (7.7 um),3,-6.079
706,280,C18H12,0,18,12,0,2,2,0,8,1-A',,10.1021/jp9834816,"1,2-benz[a]anthracene",737.4,0.026,740.3993,755.9723299979579,0.9794,0,1.1145,0.04708007281625655,0.0189,"A""",CH-oop (10.5-15 um; benzene nu11 at 673 included),3,-2.999
707,280,C18H12,0,18,12,0,2,2,0,8,1-A',,10.1021/jp9834816,"1,2-benz[a]anthracene",621.0,0.0195,623.3445,636.4554829487441,0.9794,0,2.348,0.37069809257557684,0.0397,A',low / skeletal,2,-2.345
708,280,C18H12,0,18,12,0,2,2,0,8,1-A',,10.1021/jp9834816,"1,2-benz[a]anthracene",565.2,0.0195,565.6811,577.5792321829691,0.9794,0,1.4457,0.1600781810208709,0.0245,"A""",low / skeletal,3,-0.481
709,280,C18H12,0,18,12,0,2,2,0,8,1-A',,10.1021/jp9834816,"1,2-benz[a]anthracene",1010.3,0.0195,1022.4097,1043.914335307331,0.9794,0,2.1634,0.3351368253716249,0.0366,A',ring / CH-ip (9-10.5 um),1,-12.11
710,280,C18H12,0,18,12,0,2,2,0,8,1-A',,10.1021/jp9834816,"1,2-benz[a]anthracene",1340.9,0.0195,1340.924,1383.6797028170467,0.9691,1,4.6326,0.6658248028380911,0.0784,A',CC-stretch/CH-ip (7.7 um),2,-0.024
711,280,C18H12,0,18,12,0,2,2,0,8,1-A',,10.1021/jp9834816,"1,2-benz[a]anthracene",1222.9,0.0195,1212.81,1251.4807553400062,0.9691,1,1.3326,0.12469980893211759,0.0225,A',CH-ip-bend (8.6 um),2,10.09
712,280,C18H12,0,18,12,0,2,2,0,8,1-A',,10.1021/jp9834816,"1,2-benz[a]anthracene",1173.9,0.0195,1172.7098,1210.101950263131,0.9691,1,2.1502,0.3324788575233646,0.0364,A',CH-ip-bend (8.6 um),2,1.19
713,280,C18H12,0,18,12,0,2,2,0,8,1-A',,10.1021/jp9834816,"1,2-benz[a]anthracene",1155.4,0.0195,1153.7272,1190.5140852337222,0.9691,1,1.3465,0.12920635774752925,0.0228,A',CH-ip-bend (8.6 um),3,1.673
714,280,C18H12,0,18,12,0,2,2,0,8,1-A',,10.1021/jp9834816,"1,2-benz[a]anthracene",1359.1,0.0195,1359.1234,1402.459395315241,0.9691,1,2.5445,0.4056024552093135,0.043,A',CC-stretch/CH-ip (7.7 um),2,-0.023
715,280,C18H12,0,18,12,0,2,2,0,8,1-A',,10.1021/jp9834816,"1,2-benz[a]anthracene",943.9,0.013,924.0792,943.5156218092708,0.9794,0,3.3545,0.525627796211888,0.0567,"A""",CH-oop (10.5-15 um; benzene nu11 at 673 included),2,19.821
716,280,C18H12,0,18,12,0,2,2,0,8,1-A',,10.1021/jp9834816,"1,2-benz[a]anthracene",758.5,0.013,759.0124,774.9769246477434,0.9794,0,1.4265,0.15427177599309522,0.0241,A',CH-oop (10.5-15 um; benzene nu11 at 673 included),4,-0.512
717,280,C18H12,0,18,12,0,2,2,0,8,1-A',,10.1021/jp9834816,"1,2-benz[a]anthracene",1411.4,0.013,1412.3483,1457.3813847900117,0.9691,1,1.4704,0.16743549404203603,0.0249,A',CC-stretch/CH-ip (7.7 um),1,-0.948
718,280,C18H12,0,18,12,0,2,2,0,8,1-A',,10.1021/jp9834816,"1,2-benz[a]anthracene",1133.7,0.013,1127.6234,1163.5779589309668,0.9691,1,1.596,0.20303288701471064,0.027,A',CH-ip-bend (8.6 um),2,6.077
719,280,C18H12,0,18,12,0,2,2,0,8,1-A',,10.1021/jp9834816,"1,2-benz[a]anthracene",1552.1,0.013,1554.9851,1604.566195439067,0.9691,1,2.3392,0.3690673552777664,0.0396,A',CC-stretch (6.2 um),1,-2.885
720,280,C18H12,0,18,12,0,2,2,0,8,1-A',,10.1021/jp9834816,"1,2-benz[a]anthracene",1615.6,0.0065,1614.9431,1666.435971519967,0.9691,1,1.0227,0.009748255948553577,0.0173,A',CC-stretch (6.2 um),3,0.657
721,280,C18H12,0,18,12,0,2,2,0,8,1-A',,10.1021/jp9834816,"1,2-benz[a]anthracene",1607.8,0.0065,1626.0229,1677.8690537612215,0.9691,1,1.1355,0.05518713855575398,0.0192,A',CC-stretch (6.2 um),3,-18.223
722,280,C18H12,0,18,12,0,2,2,0,8,1-A',,10.1021/jp9834816,"1,2-benz[a]anthracene",1623.6,0.0065,1633.5569,1685.643277267568,0.9691,1,2.4965,0.3973315703911286,0.0422,A',CC-stretch (6.2 um),3,-9.957
723,280,C18H12,0,18,12,0,2,2,0,8,1-A',,10.1021/jp9834816,"1,2-benz[a]anthracene",908.4,0.0019,894.3209,913.1314069838676,0.9794,0,7.443,0.8717480189918715,0.1259,"A""",CH-oop (10.5-15 um; benzene nu11 at 673 included),3,14.079
724,283,C18H12+,1,18,12,0,4,0,0,8,2-AU,,10.1021/j100022a007,tetracene,1358.4,1.0,1359.8061,1403.1638633783923,0.9691,1,575.9187,2.7603611802402055,1.0,B2U,CC-stretch/CH-ip (7.7 um),1,-1.406
725,283,C18H12+,1,18,12,0,4,0,0,8,2-AU,,10.1021/j100022a007,tetracene,1478.3,0.4359,1480.8005,1528.0162005984937,0.9691,1,245.93,2.3908115097869382,0.427,B2U,CC-stretch/CH-ip (7.7 um),1,-2.501
726,283,C18H12+,1,18,12,0,4,0,0,8,2-AU,,10.1021/j100022a007,tetracene,1178.5,0.4359,1178.1334,1215.698483128676,0.9691,1,172.6537,2.2371758897944503,0.2998,B2U,CH-ip-bend (8.6 um),2,0.367
727,283,C18H12+,1,18,12,0,4,0,0,8,2-AU,,10.1021/j100022a007,tetracene,1409.6,0.1872,1400.0509,1444.6918790630482,0.9691,1,221.5788,2.345528206040808,0.3847,B2U,CC-stretch/CH-ip (7.7 um),2,9.549
728,283,C18H12+,1,18,12,0,4,0,0,8,2-AU,,10.1021/j100022a007,tetracene,1402.1,0.1744,1399.2253,1443.839954597049,0.9691,1,8.6075,0.9348770313767111,0.0149,B1U,CC-stretch/CH-ip (7.7 um),2,2.875
729,283,C18H12+,1,18,12,0,4,0,0,8,2-AU,,10.1021/j100022a007,tetracene,1543.3,0.1744,1536.9374,1585.9430399339594,0.9691,1,5.8762,0.769096568843579,0.0102,B1U,CC-stretch (6.2 um),2,6.363
730,283,C18H12+,1,18,12,0,4,0,0,8,2-AU,,10.1021/j100022a007,tetracene,929.4,0.0149,926.4804,945.967326934858,0.9794,0,47.754,1.6790097550856353,0.0829,B3U,CH-oop (10.5-15 um; benzene nu11 at 673 included),1,2.92
731,283,C18H12+,1,18,12,0,4,0,0,8,2-AU,,10.1021/j100022a007,tetracene,1604.7,0.0136,1595.5747,1646.4500051594262,0.9691,1,38.6332,1.5869606823820481,0.0671,B1U,CC-stretch (6.2 um),1,9.125
732,283,C18H12+,1,18,12,0,4,0,0,8,2-AU,,10.1021/j100022a007,tetracene,1302.9,0.0131,1283.5626,1324.4893199876174,0.9691,1,32.3107,1.5093463669574216,0.0561,B1U,CC-stretch/CH-ip (7.7 um),3,19.337
733,283,C18H12+,1,18,12,0,4,0,0,8,2-AU,,10.1021/j100022a007,tetracene,1155.8,0.0056,1159.486,1196.456506036529,0.9691,1,7.9682,0.9013602262447465,0.0138,B2U,CH-ip-bend (8.6 um),2,-3.686
734,292,C18H12+,1,18,12,0,0,4,0,8,2-AU,,10.1021/jp9609794,chrysene,1315.7,1.0,1342.0749,1384.8672995562897,0.9691,1,486.2546,2.6868637228071157,1.0,BU,CC-stretch/CH-ip (7.7 um),2,-26.375
735,292,C18H12+,1,18,12,0,0,4,0,8,2-AU,,10.1021/jp9609794,chrysene,1229.6,0.9412,1220.9307,1259.860385925085,0.9691,1,307.7356,2.4881777399563796,0.6329,BU,CH-ip-bend (8.6 um),3,8.669
736,292,C18H12+,1,18,12,0,0,4,0,8,2-AU,,10.1021/jp9609794,chrysene,1137.2,0.6078,1137.4346,1173.701991538541,0.9691,1,91.9123,1.9633736339615362,0.189,BU,CH-ip-bend (8.6 um),1,-0.235
737,292,C18H12+,1,18,12,0,0,4,0,8,2-AU,,10.1021/jp9609794,chrysene,1560.3,0.6078,1553.1076,1602.628830874007,0.9691,1,421.6671,2.6249697171024797,0.8672,BU,CC-stretch (6.2 um),2,7.192
738,292,C18H12+,1,18,12,0,0,4,0,8,2-AU,,10.1021/jp9609794,chrysene,1433.1,0.5098,1429.1672,1474.7365596945622,0.9691,1,36.2547,1.5593643157829118,0.0746,BU,CC-stretch/CH-ip (7.7 um),2,3.933
739,292,C18H12+,1,18,12,0,0,4,0,8,2-AU,,10.1021/jp9609794,chrysene,1499.1,0.4902,1500.753,1548.6048911361056,0.9691,1,126.5712,2.1023348975931118,0.2603,BU,CC-stretch (6.2 um),2,-1.653
740,292,C18H12+,1,18,12,0,0,4,0,8,2-AU,,10.1021/jp9609794,chrysene,1447.6,0.4314,1443.0782,1489.09111546796,0.9691,1,90.1551,1.9549902994356692,0.1854,BU,CC-stretch/CH-ip (7.7 um),2,4.522
741,292,C18H12+,1,18,12,0,0,4,0,8,2-AU,,10.1021/jp9609794,chrysene,1579.1,0.2745,1575.9719,1626.2221648952636,0.9691,1,143.8416,2.1578845052241533,0.2958,BU,CC-stretch (6.2 um),2,3.128
742,292,C18H12+,1,18,12,0,0,4,0,8,2-AU,,10.1021/jp9609794,chrysene,1304.1,0.1961,1289.2285,1330.335878650294,0.9691,1,13.8848,1.1425396284491178,0.0286,BU,CC-stretch/CH-ip (7.7 um),1,14.871
743,292,C18H12+,1,18,12,0,0,4,0,8,2-AU,,10.1021/jp9609794,chrysene,1515.9,0.1608,1513.4902,1561.7482199979363,0.9691,1,246.4266,2.3916875850252834,0.5068,BU,CC-stretch (6.2 um),2,2.41
744,292,C18H12+,1,18,12,0,0,4,0,8,2-AU,,10.1021/jp9609794,chrysene,1216.6,0.1294,1244.8631,1284.5558765865237,0.9691,1,21.3466,1.3293287122029274,0.0439,BU,CH-ip-bend (8.6 um),2,-28.263
745,292,C18H12+,1,18,12,0,0,4,0,8,2-AU,,10.1021/jp9609794,chrysene,1047.2,0.098,1053.0769,1075.2265672860935,0.9794,0,27.9354,1.4461548942946814,0.0575,BU,ring / CH-ip (9-10.5 um),1,-5.877
746,292,C18H12+,1,18,12,0,0,4,0,8,2-AU,,10.1021/jp9609794,chrysene,1272.4,0.0784,1258.7409,1298.876173769477,0.9691,1,43.1727,1.6352092100746973,0.0888,BU,CC-stretch/CH-ip (7.7 um),3,13.659
747,292,C18H12+,1,18,12,0,0,4,0,8,2-AU,,10.1021/jp9609794,chrysene,834.0,0.0745,834.5059,852.0583010006126,0.9794,0,50.8167,1.7060064588583126,0.1045,AU,CH-oop (10.5-15 um; benzene nu11 at 673 included),2,-0.506
748,292,C18H12+,1,18,12,0,0,4,0,8,2-AU,,10.1021/jp9609794,chrysene,879.8,0.0627,877.8097,896.2729221972636,0.9794,0,7.3994,0.869196505237242,0.0152,AU,CH-oop (10.5-15 um; benzene nu11 at 673 included),2,1.99
749,292,C18H12+,1,18,12,0,0,4,0,8,2-AU,,10.1021/jp9609794,chrysene,1096.3,0.0451,1080.9552,1115.421731503457,0.9691,1,14.2528,1.1539001910179254,0.0293,BU,ring / CH-ip (9-10.5 um),1,15.345
750,292,C18H12+,1,18,12,0,0,4,0,8,2-AU,,10.1021/jp9609794,chrysene,676.0,0.019,675.4237,689.6300796405963,0.9794,0,8.2363,0.9157321570294958,0.0169,BU,CH-oop (10.5-15 um; benzene nu11 at 673 included),1,0.576
751,292,C18H12+,1,18,12,0,0,4,0,8,2-AU,,10.1021/jp9609794,chrysene,1146.5,0.0047,1168.1177,1205.3634299865855,0.9691,1,17.5957,1.2454065488120287,0.0362,BU,CH-ip-bend (8.6 um),2,-21.618
752,281,C18H12+,1,18,12,0,2,2,0,8,"2-A""",,10.1021/jp9609794,benzaanthracene,1332.5,1.0,1342.3624,1385.1639665669177,0.9691,1,619.05,2.7917257279330974,1.0,A',CC-stretch/CH-ip (7.7 um),1,-9.862
753,281,C18H12+,1,18,12,0,2,2,0,8,"2-A""",,10.1021/jp9609794,benzaanthracene,1391.7,0.4151,1380.8986,1424.9289031059748,0.9691,1,118.6706,2.074343138168822,0.1917,A',CC-stretch/CH-ip (7.7 um),3,10.801
754,281,C18H12+,1,18,12,0,2,2,0,8,"2-A""",,10.1021/jp9609794,benzaanthracene,1225.7,0.3019,1225.5036,1264.5790940047468,0.9691,1,194.7861,2.2895579622516133,0.3147,A',CH-ip-bend (8.6 um),3,0.196
755,281,C18H12+,1,18,12,0,2,2,0,8,"2-A""",,10.1021/jp9609794,benzaanthracene,1540.1,0.2076,1536.2894,1585.274378289134,0.9691,1,153.4649,2.186009060728963,0.2479,A',CC-stretch (6.2 um),3,3.811
756,281,C18H12+,1,18,12,0,2,2,0,8,"2-A""",,10.1021/jp9609794,benzaanthracene,1577.5,0.1302,1572.3175,1622.4512434217318,0.9691,1,62.7231,1.7974275145938494,0.1013,A',CC-stretch (6.2 um),4,5.182
757,281,C18H12+,1,18,12,0,2,2,0,8,"2-A""",,10.1021/jp9609794,benzaanthracene,1375.9,0.0792,1363.5843,1407.0625322464143,0.9691,1,23.9905,1.3800392994467006,0.0388,A',CC-stretch/CH-ip (7.7 um),2,12.316
758,281,C18H12+,1,18,12,0,2,2,0,8,"2-A""",,10.1021/jp9609794,benzaanthracene,1528.0,0.0792,1508.3741,1556.4689918481065,0.9691,1,28.5364,1.4553991839590907,0.0461,A',CC-stretch (6.2 um),4,19.626
759,281,C18H12+,1,18,12,0,2,2,0,8,"2-A""",,10.1021/jp9609794,benzaanthracene,1405.8,0.0792,1421.5189,1466.8443917036427,0.9691,1,5.5942,0.7477379889113938,0.009,A',CC-stretch/CH-ip (7.7 um),3,-15.719
760,281,C18H12+,1,18,12,0,2,2,0,8,"2-A""",,10.1021/jp9609794,benzaanthracene,1102.3,0.0698,1093.8425,1128.7199463419668,0.9691,1,21.5275,1.3329935979031027,0.0348,A',ring / CH-ip (9-10.5 um),1,8.457
761,281,C18H12+,1,18,12,0,2,2,0,8,"2-A""",,10.1021/jp9609794,benzaanthracene,1477.0,0.0698,1477.0632,1524.159735837375,0.9691,1,140.1656,2.14664144042585,0.2264,A',CC-stretch/CH-ip (7.7 um),2,-0.063
762,281,C18H12+,1,18,12,0,2,2,0,8,"2-A""",,10.1021/jp9609794,benzaanthracene,911.2,0.0604,903.4528,922.4553808454156,0.9794,0,32.0625,1.5059973824558914,0.0518,"A""",CH-oop (10.5-15 um; benzene nu11 at 673 included),2,7.747
763,281,C18H12+,1,18,12,0,2,2,0,8,"2-A""",,10.1021/jp9609794,benzaanthracene,1182.2,0.0302,1182.8338,1220.5487565782687,0.9691,1,19.6524,1.2934155950732484,0.0317,A',CH-ip-bend (8.6 um),3,-0.634
764,281,C18H12+,1,18,12,0,2,2,0,8,"2-A""",,10.1021/jp9609794,benzaanthracene,1231.0,0.0302,1231.722,1270.9957692704572,0.9691,1,45.8373,1.6612190280335979,0.074,A',CH-ip-bend (8.6 um),4,-0.722
765,281,C18H12+,1,18,12,0,2,2,0,8,"2-A""",,10.1021/jp9609794,benzaanthracene,1209.3,0.01,1204.547,1242.9542874832318,0.9691,1,2.6461,0.4226062527870637,0.0043,A',CH-ip-bend (8.6 um),4,4.753
766,393,C20H12,0,20,12,0,2,0,6,4,1-A1,,10.1086/311989,benzo[k]fluoranthene,3069.3,1.0,3073.7847,3202.859956236324,0.9597,2,52.9809,1.7241193314945047,0.9769,B2,CH-stretch,7,-4.485
767,393,C20H12,0,20,12,0,2,0,6,4,1-A1,,10.1086/311989,benzo[k]fluoranthene,743.6,0.4,747.8092,763.538084541556,0.9794,0,38.7782,1.5885876462019375,0.715,B1,CH-oop (10.5-15 um; benzene nu11 at 673 included),1,-4.209
768,393,C20H12,0,20,12,0,2,0,6,4,1-A1,,10.1086/311989,benzo[k]fluoranthene,823.7,0.36,828.0353,845.4516030222585,0.9794,0,51.5458,1.7121932843405037,0.9504,B1,CH-oop (10.5-15 um; benzene nu11 at 673 included),2,-4.335
769,393,C20H12,0,20,12,0,2,0,6,4,1-A1,,10.1086/311989,benzo[k]fluoranthene,1451.4,0.336,1446.3325,1492.4491796512227,0.9691,1,54.2345,1.7342756406531978,1.0,A1,CC-stretch/CH-ip (7.7 um),3,5.068
770,393,C20H12,0,20,12,0,2,0,6,4,1-A1,,10.1086/311989,benzo[k]fluoranthene,773.6,0.32,775.806,792.123749234225,0.9794,0,28.1171,1.4489705254891312,0.5184,B1,CH-oop (10.5-15 um; benzene nu11 at 673 included),3,-2.206
771,393,C20H12,0,20,12,0,2,0,6,4,1-A1,,10.1086/311989,benzo[k]fluoranthene,883.5,0.216,875.2559,893.6654073922809,0.9794,0,23.2954,1.3672701720197546,0.4295,B1,CH-oop (10.5-15 um; benzene nu11 at 673 included),2,8.244
772,393,C20H12,0,20,12,0,2,0,6,4,1-A1,,10.1086/311989,benzo[k]fluoranthene,1489.7,0.1,1490.1413,1537.6548343824168,0.9691,1,9.1629,0.9620329468853035,0.1689,B2,CC-stretch/CH-ip (7.7 um),3,-0.441
773,393,C20H12,0,20,12,0,2,0,6,4,1-A1,,10.1086/311989,benzo[k]fluoranthene,1429.9,0.088,1426.3624,1471.842327933134,0.9691,1,15.954,1.2028695877152107,0.2942,A1,CC-stretch/CH-ip (7.7 um),3,3.538
774,393,C20H12,0,20,12,0,2,0,6,4,1-A1,,10.1086/311989,benzo[k]fluoranthene,1249.0,0.076,1252.1376,1292.0623258693631,0.9691,1,6.5962,0.8192938151925486,0.1216,B2,CC-stretch/CH-ip (7.7 um),1,-3.138
775,393,C20H12,0,20,12,0,2,0,6,4,1-A1,,10.1086/311989,benzo[k]fluoranthene,1099.8,0.064,1087.788,1122.4723970694458,0.9691,1,3.3529,0.5254206008204622,0.0618,B2,ring / CH-ip (9-10.5 um),2,12.012
776,393,C20H12,0,20,12,0,2,0,6,4,1-A1,,10.1086/311989,benzo[k]fluoranthene,1614.7,0.052,1616.5293,1668.0727479104323,0.9691,1,1.6623,0.2207094048795663,0.0307,B2,CC-stretch (6.2 um),3,-1.829
777,393,C20H12,0,20,12,0,2,0,6,4,1-A1,,10.1086/311989,benzo[k]fluoranthene,1505.8,0.052,1508.1412,1556.2286657723662,0.9691,1,4.1197,0.6148655914971373,0.076,A1,CC-stretch (6.2 um),2,-2.341
778,393,C20H12,0,20,12,0,2,0,6,4,1-A1,,10.1086/311989,benzo[k]fluoranthene,601.3,0.044,602.4107,615.0813763528691,0.9794,0,5.1889,0.7150753010925623,0.0957,A1,low / skeletal,2,-1.111
779,393,C20H12,0,20,12,0,2,0,6,4,1-A1,,10.1086/311989,benzo[k]fluoranthene,1336.5,0.04,1340.0702,1382.7986791868746,0.9691,1,1.1503,0.06081111979134563,0.0212,A1,CC-stretch/CH-ip (7.7 um),2,-3.57
780,393,C20H12,0,20,12,0,2,0,6,4,1-A1,,10.1086/311989,benzo[k]fluoranthene,554.3,0.036,550.8241,562.4097406575454,0.9794,0,5.4371,0.7353673206877154,0.1003,A1,low / skeletal,1,3.476
781,393,C20H12,0,20,12,0,2,0,6,4,1-A1,,10.1086/311989,benzo[k]fluoranthene,1206.6,0.036,1206.0418,1244.4967495614487,0.9691,1,3.2886,0.5170110524558439,0.0606,B2,CH-ip-bend (8.6 um),2,0.558
782,393,C20H12,0,20,12,0,2,0,6,4,1-A1,,10.1086/311989,benzo[k]fluoranthene,1022.7,0.032,1032.1593,1053.8690014294466,0.9794,0,3.4343,0.5358382298621133,0.0633,A1,ring / CH-ip (9-10.5 um),2,-9.459
783,393,C20H12,0,20,12,0,2,0,6,4,1-A1,,10.1086/311989,benzo[k]fluoranthene,950.0,0.032,957.2245,977.3580763732898,0.9794,0,1.0709,0.029748918566836823,0.0197,B1,ring / CH-ip (9-10.5 um),2,-7.225
784,393,C20H12,0,20,12,0,2,0,6,4,1-A1,,10.1086/311989,benzo[k]fluoranthene,1408.4,0.032,1408.8839,1453.8065215148076,0.9691,1,1.7426,0.2411977096980561,0.0321,A1,CC-stretch/CH-ip (7.7 um),2,-0.484
785,393,C20H12,0,20,12,0,2,0,6,4,1-A1,,10.1086/311989,benzo[k]fluoranthene,620.9,0.02,626.2413,639.4132121707167,0.9794,0,2.132,0.3287872003545347,0.0393,B1,low / skeletal,2,-5.341
786,393,C20H12,0,20,12,0,2,0,6,4,1-A1,,10.1086/311989,benzo[k]fluoranthene,1057.2,0.016,1048.0617,1070.1058811517255,0.9794,0,2.2316,0.3486163527383315,0.0411,A1,ring / CH-ip (9-10.5 um),3,9.138
787,393,C20H12,0,20,12,0,2,0,6,4,1-A1,,10.1086/311989,benzo[k]fluoranthene,1191.9,0.012,1190.1948,1228.1444639356105,0.9691,1,1.2112,0.08321586215599756,0.0223,A1,CH-ip-bend (8.6 um),3,1.705
788,393,C20H12,0,20,12,0,2,0,6,4,1-A1,,10.1086/311989,benzo[k]fluoranthene,873.4,0.008,868.4567,886.7231978762507,0.9794,0,1.0583,0.02460879612655787,0.0195,B2,CH-oop (10.5-15 um; benzene nu11 at 673 included),2,4.943
789,393,C20H12,0,20,12,0,2,0,6,4,1-A1,,10.1086/311989,benzo[k]fluoranthene,1439.6,0.008,1468.3438,1515.162315550511,0.9691,1,2.4025,0.38066339634058294,0.0443,B2,CC-stretch/CH-ip (7.7 um),3,-28.744
790,393,C20H12,0,20,12,0,2,0,6,4,1-A1,,10.1086/311989,benzo[k]fluoranthene,1151.2,0.008,1174.3338,1211.777731916211,0.9691,1,1.0424,0.018034402704528274,0.0192,A1,CH-ip-bend (8.6 um),1,-23.134
791,393,C20H12,0,20,12,0,2,0,6,4,1-A1,,10.1086/311989,benzo[k]fluoranthene,803.9,0.004,799.0997,815.9073922809883,0.9794,0,1.1699,0.06814874097329375,0.0216,A1,CH-oop (10.5-15 um; benzene nu11 at 673 included),3,4.8
792,393,C20H12,0,20,12,0,2,0,6,4,1-A1,,10.1086/311989,benzo[k]fluoranthene,1586.0,0.004,1602.6903,1653.7924878753483,0.9691,1,6.1027,0.7855220211860027,0.1125,A1,CC-stretch (6.2 um),2,-16.69
793,395,C20H12,0,20,12,0,0,2,6,4,1-A',,10.1021/jp983483q,benzo[j]fluoranthene,3058.0,1.0,3059.845,3188.334896321767,0.9597,2,17.433,1.2413721301584357,0.2838,A',CH-stretch,11,-1.845
794,395,C20H12,0,20,12,0,0,2,6,4,1-A',,10.1021/jp983483q,benzo[j]fluoranthene,815.5,0.6364,818.5659,835.7830304267919,0.9794,0,57.7151,1.7612894524752685,0.9396,"A""",CH-oop (10.5-15 um; benzene nu11 at 673 included),5,-3.066
795,395,C20H12,0,20,12,0,0,2,6,4,1-A',,10.1021/jp983483q,benzo[j]fluoranthene,769.2,0.4318,767.6816,783.8284664080048,0.9794,0,33.7709,1.5285426348085047,0.5498,"A""",CH-oop (10.5-15 um; benzene nu11 at 673 included),4,1.518
796,395,C20H12,0,20,12,0,0,2,6,4,1-A',,10.1021/jp983483q,benzo[j]fluoranthene,1429.5,0.3864,1425.4341,1470.8844288515118,0.9691,1,23.3361,1.3680282771590626,0.3799,A',CC-stretch/CH-ip (7.7 um),4,4.066
797,395,C20H12,0,20,12,0,0,2,6,4,1-A',,10.1021/jp983483q,benzo[j]fluoranthene,738.7,0.2273,739.3152,754.8654278129467,0.9794,0,19.9103,1.2990778038427286,0.3241,"A""",CH-oop (10.5-15 um; benzene nu11 at 673 included),3,-0.615
798,395,C20H12,0,20,12,0,0,2,6,4,1-A',,10.1021/jp983483q,benzo[j]fluoranthene,1452.9,0.1545,1450.0406,1496.275513362914,0.9691,1,18.0575,1.2566576235323292,0.294,A',CC-stretch/CH-ip (7.7 um),4,2.859
799,395,C20H12,0,20,12,0,0,2,6,4,1-A',,10.1021/jp983483q,benzo[j]fluoranthene,1488.0,0.1136,1489.17,1536.6525642348572,0.9691,1,12.7675,1.1061058665275776,0.2078,A',CC-stretch/CH-ip (7.7 um),2,-1.17
800,395,C20H12,0,20,12,0,0,2,6,4,1-A',,10.1021/jp983483q,benzo[j]fluoranthene,508.3,0.0909,514.7131,525.5392076781703,0.9794,0,3.928,0.5941714791149121,0.0639,"A""",low / skeletal,2,-6.413
801,395,C20H12,0,20,12,0,0,2,6,4,1-A',,10.1021/jp983483q,benzo[j]fluoranthene,1139.6,0.0682,1140.3688,1176.7297492518833,0.9691,1,5.9488,0.7744293680918046,0.0968,A',CH-ip-bend (8.6 um),3,-0.769
802,395,C20H12,0,20,12,0,0,2,6,4,1-A',,10.1021/jp983483q,benzo[j]fluoranthene,1473.6,0.0591,1468.0295,1514.8379940150658,0.9691,1,8.5189,0.9303835202629754,0.1387,A',CC-stretch/CH-ip (7.7 um),3,5.57
803,395,C20H12,0,20,12,0,0,2,6,4,1-A',,10.1021/jp983483q,benzo[j]fluoranthene,750.1,0.0591,752.8285,768.6629569123953,0.9794,0,2.2278,0.3478761996098025,0.0363,"A""",CH-oop (10.5-15 um; benzene nu11 at 673 included),3,-2.728
804,395,C20H12,0,20,12,0,0,2,6,4,1-A',,10.1021/jp983483q,benzo[j]fluoranthene,1028.8,0.0445,1024.8209,1046.3762507657748,0.9794,0,1.606,0.20574554094266218,0.0261,A',ring / CH-ip (9-10.5 um),3,3.979
805,395,C20H12,0,20,12,0,0,2,6,4,1-A',,10.1021/jp983483q,benzo[j]fluoranthene,1529.0,0.0445,1526.913,1575.599009390156,0.9691,1,5.851,0.7672300981107183,0.0953,A',CC-stretch (6.2 um),2,2.087
806,395,C20H12,0,20,12,0,0,2,6,4,1-A',,10.1021/jp983483q,benzo[j]fluoranthene,638.4,0.0445,638.8355,652.2723095772922,0.9794,0,5.3062,0.7247836152768093,0.0864,A',low / skeletal,2,-0.436
807,395,C20H12,0,20,12,0,0,2,6,4,1-A',,10.1021/jp983483q,benzo[j]fluoranthene,791.9,0.0445,792.7465,809.4205636103736,0.9794,0,11.9309,1.0766732056394124,0.1942,"A""",CH-oop (10.5-15 um; benzene nu11 at 673 included),4,-0.846
808,395,C20H12,0,20,12,0,0,2,6,4,1-A',,10.1021/jp983483q,benzo[j]fluoranthene,1192.3,0.0382,1186.9236,1224.7689608915489,0.9691,1,3.4911,0.5429622890393814,0.0568,A',CH-ip-bend (8.6 um),5,5.376
809,395,C20H12,0,20,12,0,0,2,6,4,1-A',,10.1021/jp983483q,benzo[j]fluoranthene,547.0,0.0382,543.5155,554.9474167857871,0.9794,0,5.4923,0.7397542512133348,0.0894,A',low / skeletal,2,3.485
810,395,C20H12,0,20,12,0,0,2,6,4,1-A',,10.1021/jp983483q,benzo[j]fluoranthene,553.0,0.0382,553.6831,565.3288748213191,0.9794,0,2.6867,0.42921917532100873,0.0437,"A""",low / skeletal,3,-0.683
811,395,C20H12,0,20,12,0,0,2,6,4,1-A',,10.1021/jp983483q,benzo[j]fluoranthene,1589.3,0.0382,1586.9685,1637.5693942833557,0.9691,1,12.0708,1.0817360541961074,0.1965,A',CC-stretch (6.2 um),2,2.332
812,395,C20H12,0,20,12,0,0,2,6,4,1-A',,10.1021/jp983483q,benzo[j]fluoranthene,826.1,0.0318,828.0541,845.4707984480293,0.9794,0,1.7113,0.23332615034985738,0.0279,A',CH-oop (10.5-15 um; benzene nu11 at 673 included),5,-1.954
813,395,C20H12,0,20,12,0,0,2,6,4,1-A',,10.1021/jp983483q,benzo[j]fluoranthene,1289.7,0.0318,1279.8653,1320.6741306366732,0.9691,1,6.7182,0.8272529285922008,0.1094,A',CC-stretch/CH-ip (7.7 um),1,9.835
814,395,C20H12,0,20,12,0,0,2,6,4,1-A',,10.1021/jp983483q,benzo[j]fluoranthene,1174.7,0.0318,1170.3011,1207.6164482509544,0.9691,1,1.8662,0.27095818509209724,0.0304,A',CH-ip-bend (8.6 um),3,4.399
815,395,C20H12,0,20,12,0,0,2,6,4,1-A',,10.1021/jp983483q,benzo[j]fluoranthene,1047.1,0.0318,1037.9312,1059.7623034510923,0.9794,0,2.9312,0.4670454519877564,0.0477,A',ring / CH-ip (9-10.5 um),4,9.169
816,395,C20H12,0,20,12,0,0,2,6,4,1-A',,10.1021/jp983483q,benzo[j]fluoranthene,1561.4,0.0255,1556.6463,1606.2803632236098,0.9691,1,4.2917,0.6326293561414911,0.0699,A',CC-stretch (6.2 um),2,4.754
817,395,C20H12,0,20,12,0,0,2,6,4,1-A',,10.1021/jp983483q,benzo[j]fluoranthene,1616.5,0.0255,1620.2217,1671.8828810236305,0.9691,1,2.1778,0.3380179934708872,0.0355,A',CC-stretch (6.2 um),4,-3.722
818,395,C20H12,0,20,12,0,0,2,6,4,1-A',,10.1021/jp983483q,benzo[j]fluoranthene,693.5,0.0255,696.2122,710.8558301000613,0.9794,0,1.1371,0.05579865953248067,0.0185,"A""",CH-oop (10.5-15 um; benzene nu11 at 673 included),2,-2.712
819,395,C20H12,0,20,12,0,0,2,6,4,1-A',,10.1021/jp983483q,benzo[j]fluoranthene,1325.8,0.0255,1321.5956,1363.735011866681,0.9691,1,3.4101,0.532767114714318,0.0555,A',CC-stretch/CH-ip (7.7 um),2,4.204
820,395,C20H12,0,20,12,0,0,2,6,4,1-A',,10.1021/jp983483q,benzo[j]fluoranthene,1373.3,0.0191,1369.6423,1413.313693117325,0.9691,1,1.4471,0.16049854352234602,0.0236,A',CC-stretch/CH-ip (7.7 um),3,3.658
821,395,C20H12,0,20,12,0,0,2,6,4,1-A',,10.1021/jp983483q,benzo[j]fluoranthene,1212.6,0.0191,1212.349,1251.0050562377464,0.9691,1,3.4191,0.5339118029940452,0.0557,A',CH-ip-bend (8.6 um),4,0.251
822,395,C20H12,0,20,12,0,0,2,6,4,1-A',,10.1021/jp983483q,benzo[j]fluoranthene,1391.8,0.0191,1364.9108,1408.4313280363226,0.9691,1,3.8948,0.5904851613342657,0.0634,A',CC-stretch/CH-ip (7.7 um),2,26.889
823,395,C20H12,0,20,12,0,0,2,6,4,1-A',,10.1021/jp983483q,benzo[j]fluoranthene,857.6,0.0191,853.9108,871.8713498060036,0.9794,0,1.223,0.08742645703628549,0.0199,"A""",CH-oop (10.5-15 um; benzene nu11 at 673 included),3,3.689
824,395,C20H12,0,20,12,0,0,2,6,4,1-A',,10.1021/jp983483q,benzo[j]fluoranthene,628.1,0.0127,632.7446,646.0532979375128,0.9794,0,1.2265,0.08866755254240449,0.02,"A""",low / skeletal,2,-4.645
825,395,C20H12,0,20,12,0,0,2,6,4,1-A',,10.1021/jp983483q,benzo[j]fluoranthene,1411.8,0.0127,1422.4751,1467.8310803838615,0.9691,1,32.4857,1.5116922293547954,0.5288,A',CC-stretch/CH-ip (7.7 um),3,-10.675
826,395,C20H12,0,20,12,0,0,2,6,4,1-A',,10.1021/jp983483q,benzo[j]fluoranthene,936.4,0.0127,930.4867,950.0578925872984,0.9794,0,1.1245,0.05095945977165101,0.0183,A',CH-oop (10.5-15 um; benzene nu11 at 673 included),2,5.913
827,395,C20H12,0,20,12,0,0,2,6,4,1-A',,10.1021/jp983483q,benzo[j]fluoranthene,1071.5,0.0127,1072.6035,1095.1638758423524,0.9794,0,2.0359,0.3087564423706328,0.0331,A',ring / CH-ip (9-10.5 um),2,-1.103
828,395,C20H12,0,20,12,0,0,2,6,4,1-A',,10.1021/jp983483q,benzo[j]fluoranthene,978.4,0.0064,975.7846,996.308556258934,0.9794,0,1.5764,0.19766642619356545,0.0257,A',ring / CH-ip (9-10.5 um),2,2.615
829,395,C20H12,0,20,12,0,0,2,6,4,1-A',,10.1021/jp983483q,benzo[j]fluoranthene,805.7,0.0064,803.105,819.9969369001429,0.9794,0,1.7382,0.24009974558740543,0.0283,A',CH-oop (10.5-15 um; benzene nu11 at 673 included),5,2.595
830,395,C20H12,0,20,12,0,0,2,6,4,1-A',,10.1021/jp983483q,benzo[j]fluoranthene,706.8,0.0064,706.768,721.6336532570962,0.9794,0,1.5894,0.20123320868087463,0.0259,A',CH-oop (10.5-15 um; benzene nu11 at 673 included),2,0.032
831,395,C20H12,0,20,12,0,0,2,6,4,1-A',,10.1021/jp983483q,benzo[j]fluoranthene,604.4,0.0064,577.698,589.8488870737185,0.9794,0,1.3719,0.13732245610034433,0.0223,A',low / skeletal,2,26.702
832,395,C20H12,0,20,12,0,0,2,6,4,1-A',,10.1021/jp983483q,benzo[j]fluoranthene,831.7,0.0064,828.5365,845.9633449050439,0.9794,0,14.6129,1.1647364123078021,0.2379,"A""",CH-oop (10.5-15 um; benzene nu11 at 673 included),5,3.163
833,395,C20H12,0,20,12,0,0,2,6,4,1-A',,10.1021/jp983483q,benzo[j]fluoranthene,1131.3,0.0064,1123.8709,1159.705809513982,0.9691,1,2.9007,0.4625028149516594,0.0472,A',CH-ip-bend (8.6 um),3,7.429
834,395,C20H12,0,20,12,0,0,2,6,4,1-A',,10.1021/jp983483q,benzo[j]fluoranthene,1353.7,0.0064,1349.4274,1392.4542358889692,0.9691,1,2.8616,0.45660892714091317,0.0466,A',CC-stretch/CH-ip (7.7 um),3,4.273
835,395,C20H12,0,20,12,0,0,2,6,4,1-A',,10.1021/jp983483q,benzo[j]fluoranthene,1224.9,0.0064,1218.1833,1257.0253843772573,0.9691,1,3.1549,0.49898559808523435,0.0514,A',CH-ip-bend (8.6 um),3,6.717
836,395,C20H12,0,20,12,0,0,2,6,4,1-A',,10.1021/jp983483q,benzo[j]fluoranthene,1582.1,0.0064,1606.7757,1658.0081518935094,0.9691,1,2.0945,0.3210803646972383,0.0341,A',CC-stretch (6.2 um),3,-24.676
837,391,C20H12,0,20,12,0,1,0,3,8,1-A',,10.1086/311989,benzo[b]fluoranthene,3073.5,1.0,3071.7946,3200.7862873814734,0.9597,2,3.2349,0.5098608599291559,0.0619,A',CH-stretch,8,1.705
838,391,C20H12,0,20,12,0,1,0,3,8,1-A',,10.1086/311989,benzo[b]fluoranthene,744.1,0.6364,747.5734,763.2973248927915,0.9794,0,45.7144,1.6600530240404967,0.8752,"A""",CH-oop (10.5-15 um; benzene nu11 at 673 included),4,-3.473
839,391,C20H12,0,20,12,0,1,0,3,8,1-A',,10.1086/311989,benzo[b]fluoranthene,777.4,0.4318,780.5036,796.9201551970594,0.9794,0,32.8889,1.5170493483406977,0.6296,"A""",CH-oop (10.5-15 um; benzene nu11 at 673 included),4,-3.104
840,391,C20H12,0,20,12,0,1,0,3,8,1-A',,10.1086/311989,benzo[b]fluoranthene,735.7,0.2045,736.121,751.6040432918113,0.9794,0,21.0107,1.322440521757361,0.4022,"A""",CH-oop (10.5-15 um; benzene nu11 at 673 included),4,-0.421
841,391,C20H12,0,20,12,0,1,0,3,8,1-A',,10.1086/311989,benzo[b]fluoranthene,1442.6,0.1955,1438.8943,1484.7738107522443,0.9691,1,28.555,1.4556821645007905,0.5467,A',CC-stretch/CH-ip (7.7 um),5,3.706
842,391,C20H12,0,20,12,0,1,0,3,8,1-A',,10.1086/311989,benzo[b]fluoranthene,1377.5,0.1318,1378.2117,1422.1563306160356,0.9691,1,15.5935,1.1929436046106863,0.2985,A',CC-stretch/CH-ip (7.7 um),2,-0.712
843,391,C20H12,0,20,12,0,1,0,3,8,1-A',,10.1086/311989,benzo[b]fluoranthene,1456.3,0.1273,1459.6868,1506.2292849035186,0.9691,1,13.3999,1.127101557349118,0.2565,A',CC-stretch/CH-ip (7.7 um),5,-3.387
844,391,C20H12,0,20,12,0,1,0,3,8,1-A',,10.1086/311989,benzo[b]fluoranthene,1535.2,0.1136,1533.9459,1582.8561551955422,0.9691,1,13.5782,1.1328422013229564,0.2599,A',CC-stretch (6.2 um),1,1.254
845,391,C20H12,0,20,12,0,1,0,3,8,1-A',,10.1086/311989,benzo[b]fluoranthene,892.5,0.1,892.6541,911.4295487032877,0.9794,0,10.4324,1.0183842304643755,0.1997,"A""",CH-oop (10.5-15 um; benzene nu11 at 673 included),2,-0.154
846,391,C20H12,0,20,12,0,1,0,3,8,1-A',,10.1086/311989,benzo[b]fluoranthene,503.3,0.0773,507.3564,518.0277721053707,0.9794,0,3.7791,0.5773883840772646,0.0723,"A""",low / skeletal,1,-4.056
847,391,C20H12,0,20,12,0,1,0,3,8,1-A',,10.1086/311989,benzo[b]fluoranthene,617.9,0.0682,618.6866,631.6996120073514,0.9794,0,7.7444,0.8889877762872177,0.1483,A',low / skeletal,2,-0.787
848,391,C20H12,0,20,12,0,1,0,3,8,1-A',,10.1086/311989,benzo[b]fluoranthene,1464.6,0.0682,1468.843,1515.6774326694872,0.9691,1,4.781,0.6795187436957894,0.0915,A',CC-stretch/CH-ip (7.7 um),5,-4.243
849,391,C20H12,0,20,12,0,1,0,3,8,1-A',,10.1086/311989,benzo[b]fluoranthene,1425.3,0.0591,1417.6584,1462.860798679187,0.9691,1,6.159,0.7895102040902543,0.1179,A',CC-stretch/CH-ip (7.7 um),3,7.642
850,391,C20H12,0,20,12,0,1,0,3,8,1-A',,10.1086/311989,benzo[b]fluoranthene,1150.9,0.05,1144.5855,1181.0808998039415,0.9691,1,4.5211,0.6552441130877977,0.0866,A',CH-ip-bend (8.6 um),4,6.315
851,391,C20H12,0,20,12,0,1,0,3,8,1-A',,10.1086/311989,benzo[b]fluoranthene,1037.2,0.05,1032.6175,1054.3368388809474,0.9794,0,1.3523,0.1310730480343458,0.0259,A',ring / CH-ip (9-10.5 um),2,4.582
852,391,C20H12,0,20,12,0,1,0,3,8,1-A',,10.1086/311989,benzo[b]fluoranthene,753.1,0.0382,749.316,765.0765774964264,0.9794,0,15.7885,1.1983408714479862,0.3023,"A""",CH-oop (10.5-15 um; benzene nu11 at 673 included),5,3.784
853,391,C20H12,0,20,12,0,1,0,3,8,1-A',,10.1086/311989,benzo[b]fluoranthene,1216.4,0.0382,1234.1013,1273.4509338561552,0.9691,1,7.726,0.8879547038088015,0.1479,A',CH-ip-bend (8.6 um),2,-17.701
854,391,C20H12,0,20,12,0,1,0,3,8,1-A',,10.1086/311989,benzo[b]fluoranthene,543.6,0.0318,542.0434,553.4443536859302,0.9794,0,3.1013,0.4915437791501725,0.0594,A',low / skeletal,2,1.557
855,391,C20H12,0,20,12,0,1,0,3,8,1-A',,10.1086/311989,benzo[b]fluoranthene,1361.5,0.0255,1370.5668,1414.267671034981,0.9691,1,2.6691,0.4263648452879274,0.0511,A',CC-stretch/CH-ip (7.7 um),2,-9.067
856,391,C20H12,0,20,12,0,1,0,3,8,1-A',,10.1086/311989,benzo[b]fluoranthene,1158.9,0.0255,1158.0647,1194.9898875245071,0.9691,1,1.1418,0.05759003867066406,0.0219,A',CH-ip-bend (8.6 um),4,0.835
857,391,C20H12,0,20,12,0,1,0,3,8,1-A',,10.1086/311989,benzo[b]fluoranthene,1490.4,0.0255,1483.545,1530.8482096790838,0.9691,1,7.4985,0.8749743958082714,0.1436,A',CC-stretch/CH-ip (7.7 um),2,6.855
858,391,C20H12,0,20,12,0,1,0,3,8,1-A',,10.1086/311989,benzo[b]fluoranthene,1599.6,0.0255,1595.0925,1645.952430089774,0.9691,1,11.2038,1.0493653475924767,0.2145,A',CC-stretch (6.2 um),3,4.507
859,391,C20H12,0,20,12,0,1,0,3,8,1-A',,10.1086/311989,benzo[b]fluoranthene,762.6,0.0255,764.1785,780.2516847049213,0.9794,0,10.2784,1.0119255149265494,0.1968,"A""",CH-oop (10.5-15 um; benzene nu11 at 673 included),5,-1.578
860,391,C20H12,0,20,12,0,1,0,3,8,1-A',,10.1086/311989,benzo[b]fluoranthene,1003.8,0.0191,1000.3625,1021.403410251174,0.9794,0,1.8253,0.26133425379913094,0.0349,A',ring / CH-ip (9-10.5 um),2,3.438
861,391,C20H12,0,20,12,0,1,0,3,8,1-A',,10.1086/311989,benzo[b]fluoranthene,1105.4,0.0191,1094.6691,1129.5729026932206,0.9691,1,2.3376,0.3687701985902216,0.0448,A',ring / CH-ip (9-10.5 um),2,10.731
862,391,C20H12,0,20,12,0,1,0,3,8,1-A',,10.1086/311989,benzo[b]fluoranthene,857.8,0.0191,855.2321,873.2204410863793,0.9794,0,2.2742,0.35682865519646184,0.0435,"A""",CH-oop (10.5-15 um; benzene nu11 at 673 included),1,2.568
863,391,C20H12,0,20,12,0,1,0,3,8,1-A',,10.1086/311989,benzo[b]fluoranthene,1139.0,0.0191,1132.3075,1168.4114126509132,0.9691,1,2.7879,0.44527719186963294,0.0534,A',CH-ip-bend (8.6 um),3,6.693
864,391,C20H12,0,20,12,0,1,0,3,8,1-A',,10.1086/311989,benzo[b]fluoranthene,946.8,0.0191,943.8421,963.6942005309372,0.9794,0,1.6494,0.2173259902271121,0.0316,"A""",CH-oop (10.5-15 um; benzene nu11 at 673 included),2,2.958
865,391,C20H12,0,20,12,0,1,0,3,8,1-A',,10.1086/311989,benzo[b]fluoranthene,1472.9,0.0191,1451.6795,1497.9666701062845,0.9691,1,19.1853,1.2829685946381093,0.3673,A',CC-stretch/CH-ip (7.7 um),4,21.221
866,391,C20H12,0,20,12,0,1,0,3,8,1-A',,10.1086/311989,benzo[b]fluoranthene,935.8,0.0127,927.9264,947.4437410659586,0.9794,0,2.0202,0.3053943667717322,0.0387,"A""",CH-oop (10.5-15 um; benzene nu11 at 673 included),2,7.874
867,391,C20H12,0,20,12,0,1,0,3,8,1-A',,10.1086/311989,benzo[b]fluoranthene,1241.7,0.0127,1266.6829,1307.0714064596018,0.9691,1,1.8964,0.27792994664691906,0.0363,A',CC-stretch/CH-ip (7.7 um),2,-24.983
868,391,C20H12,0,20,12,0,1,0,3,8,1-A',,10.1086/311989,benzo[b]fluoranthene,563.4,0.0127,562.1936,574.0183785991422,0.9794,0,2.6406,0.4217026189465888,0.0506,A',low / skeletal,3,1.206
869,391,C20H12,0,20,12,0,1,0,3,8,1-A',,10.1086/311989,benzo[b]fluoranthene,1605.2,0.0127,1607.3977,1658.6499845217213,0.9691,1,1.9468,0.28932133757146883,0.0373,A',CC-stretch (6.2 um),3,-2.198
870,391,C20H12,0,20,12,0,1,0,3,8,1-A',,10.1086/311989,benzo[b]fluoranthene,591.9,0.0127,590.7642,603.1899121911374,0.9794,0,1.5353,0.1861932499203516,0.0294,A',low / skeletal,3,1.136
871,391,C20H12,0,20,12,0,1,0,3,8,1-A',,10.1086/311989,benzo[b]fluoranthene,803.5,0.0064,817.2321,834.421176230345,0.9794,0,1.2531,0.0979857299847836,0.024,"A""",CH-oop (10.5-15 um; benzene nu11 at 673 included),2,-13.732
872,391,C20H12,0,20,12,0,1,0,3,8,1-A',,10.1086/311989,benzo[b]fluoranthene,1175.5,0.0064,1174.6939,1212.149313796306,0.9691,1,2.4853,0.3953788198221543,0.0476,A',CH-ip-bend (8.6 um),3,0.806
873,391,C20H12,0,20,12,0,1,0,3,8,1-A',,10.1086/311989,benzo[b]fluoranthene,1314.2,0.0064,1312.8981,1354.760189866887,0.9691,1,2.1967,0.3417707500289276,0.0421,A',CC-stretch/CH-ip (7.7 um),1,1.302
874,391,C20H12,0,20,12,0,1,0,3,8,1-A',,10.1086/311989,benzo[b]fluoranthene,1611.9,0.0064,1628.0817,1679.9934991228974,0.9691,1,2.2466,0.35152575454783636,0.043,A',CC-stretch (6.2 um),3,-16.182
875,343,C20H12,0,20,12,0,0,2,6,4,1-A1,,10.1021/jp983482y,benzo[e]pyrene,3059.7,1.0,3057.6513,3186.049077836824,0.9597,2,1.5075,0.17825732081218892,0.0195,B2,CH-stretch,8,2.049
876,343,C20H12,0,20,12,0,0,2,6,4,1-A1,,10.1021/jp983482y,benzo[e]pyrene,748.2,0.8,750.7792,766.5705534000407,0.9794,0,77.4008,1.888745449491549,1.0,B1,CH-oop (10.5-15 um; benzene nu11 at 673 included),3,-2.579
877,343,C20H12,0,20,12,0,0,2,6,4,1-A1,,10.1021/jp983482y,benzo[e]pyrene,830.1,0.41,827.8217,845.2335103124361,0.9794,0,52.2206,1.717841857436986,0.6747,B1,CH-oop (10.5-15 um; benzene nu11 at 673 included),1,2.278
878,343,C20H12,0,20,12,0,0,2,6,4,1-A1,,10.1021/jp983482y,benzo[e]pyrene,1413.5,0.16,1402.7815,1447.5095449386029,0.9691,1,14.2814,1.1547707832435232,0.1845,B2,CC-stretch/CH-ip (7.7 um),3,10.718
879,343,C20H12,0,20,12,0,0,2,6,4,1-A1,,10.1021/jp983482y,benzo[e]pyrene,1444.1,0.15,1437.8651,1483.711794448457,0.9691,1,10.8727,1.0363374051253713,0.1405,A1,CC-stretch/CH-ip (7.7 um),2,6.235
880,343,C20H12,0,20,12,0,0,2,6,4,1-A1,,10.1021/jp983482y,benzo[e]pyrene,711.8,0.145,705.4813,720.3198897284052,0.9794,0,3.9685,0.5986263846416544,0.0513,B1,CH-oop (10.5-15 um; benzene nu11 at 673 included),1,6.319
881,343,C20H12,0,20,12,0,0,2,6,4,1-A1,,10.1021/jp983482y,benzo[e]pyrene,771.1,0.12,771.6905,787.9216867469879,0.9794,0,1.7018,0.23090851932076448,0.022,B2,CH-oop (10.5-15 um; benzene nu11 at 673 included),3,-0.591
882,343,C20H12,0,20,12,0,0,2,6,4,1-A1,,10.1021/jp983482y,benzo[e]pyrene,1191.8,0.07,1190.3022,1228.2552884119286,0.9691,1,5.7729,0.7613940345773877,0.0746,A1,CH-ip-bend (8.6 um),2,1.498
883,343,C20H12,0,20,12,0,0,2,6,4,1-A1,,10.1021/jp983482y,benzo[e]pyrene,1478.9,0.065,1471.4554,1518.373129707977,0.9691,1,13.2795,1.1231817232753032,0.1716,A1,CC-stretch/CH-ip (7.7 um),1,7.445
884,343,C20H12,0,20,12,0,0,2,6,4,1-A1,,10.1021/jp983482y,benzo[e]pyrene,1320.6,0.055,1318.927,1360.981322876896,0.9691,1,5.2217,0.7178119168765851,0.0675,A1,CC-stretch/CH-ip (7.7 um),3,1.673
885,343,C20H12,0,20,12,0,0,2,6,4,1-A1,,10.1021/jp983482y,benzo[e]pyrene,570.6,0.055,577.6381,589.787727179906,0.9794,0,5.1577,0.7124560775976461,0.0666,B1,low / skeletal,2,-7.038
886,343,C20H12,0,20,12,0,0,2,6,4,1-A1,,10.1021/jp983482y,benzo[e]pyrene,554.5,0.04,553.8077,565.4560955687155,0.9794,0,5.5274,0.7425208942012637,0.0714,A1,low / skeletal,2,0.692
887,343,C20H12,0,20,12,0,0,2,6,4,1-A1,,10.1021/jp983482y,benzo[e]pyrene,1037.8,0.032,1050.0488,1072.1347763937104,0.9794,0,3.3016,0.5187244558693596,0.0427,A1,ring / CH-ip (9-10.5 um),1,-12.249
888,343,C20H12,0,20,12,0,0,2,6,4,1-A1,,10.1021/jp983482y,benzo[e]pyrene,1106.9,0.032,1102.9922,1138.1613868537818,0.9691,1,3.3897,0.530161263362409,0.0438,B2,CH-ip-bend (8.6 um),1,3.908
889,343,C20H12,0,20,12,0,0,2,6,4,1-A1,,10.1021/jp983482y,benzo[e]pyrene,1593.2,0.024,1583.9615,1634.466515323496,0.9691,1,2.6485,0.4229999772716165,0.0342,B2,CC-stretch (6.2 um),2,9.239
890,343,C20H12,0,20,12,0,0,2,6,4,1-A1,,10.1021/jp983482y,benzo[e]pyrene,898.2,0.024,882.9152,901.485807637329,0.9794,0,9.4759,0.9766204689273266,0.1224,B1,CH-oop (10.5-15 um; benzene nu11 at 673 included),1,15.285
891,343,C20H12,0,20,12,0,0,2,6,4,1-A1,,10.1021/jp983482y,benzo[e]pyrene,949.3,0.016,947.3038,967.2287114559934,0.9794,0,1.2697,0.10370111958951442,0.0164,B1,CH-oop (10.5-15 um; benzene nu11 at 673 included),1,1.996
892,343,C20H12,0,20,12,0,0,2,6,4,1-A1,,10.1021/jp983482y,benzo[e]pyrene,645.9,0.016,646.4265,660.0229732489279,0.9794,0,3.3573,0.5259901504595931,0.0434,A1,low / skeletal,1,-0.527
893,343,C20H12,0,20,12,0,0,2,6,4,1-A1,,10.1021/jp983482y,benzo[e]pyrene,1152.3,0.016,1149.5753,1186.229800846146,0.9691,1,1.1073,0.04426529991531959,0.0143,A1,CH-ip-bend (8.6 um),2,2.725
894,343,C20H12,0,20,12,0,0,2,6,4,1-A1,,10.1021/jp983482y,benzo[e]pyrene,1183.8,0.016,1196.2311,1234.373232896502,0.9691,1,1.2359,0.09198333223731177,0.016,B2,CH-ip-bend (8.6 um),2,-12.431
895,343,C20H12,0,20,12,0,0,2,6,4,1-A1,,10.1021/jp983482y,benzo[e]pyrene,1267.0,0.008,1259.7182,1299.8846352285627,0.9691,1,2.0539,0.31257929490613934,0.0265,B2,CC-stretch/CH-ip (7.7 um),1,7.282
896,389,C20H12,0,20,12,0,1,0,3,8,1-A',,10.1086/311989,benzo[a]fluoranthene,3059.4,1.0,3059.9619,3188.456705220381,0.9597,2,6.8242,0.8340517464161432,0.1096,A',CH-stretch,11,-0.562
897,389,C20H12,0,20,12,0,1,0,3,8,1-A',,10.1086/311989,benzo[a]fluoranthene,739.0,0.6,741.944,757.5495201143557,0.9794,0,62.2563,1.7941833062383659,1.0,"A""",CH-oop (10.5-15 um; benzene nu11 at 673 included),4,-2.944
898,389,C20H12,0,20,12,0,1,0,3,8,1-A',,10.1086/311989,benzo[a]fluoranthene,1444.1,0.256,1443.4587,1489.4837478072438,0.9691,1,58.0637,1.7639047069759157,0.9327,A',CC-stretch/CH-ip (7.7 um),4,0.641
899,389,C20H12,0,20,12,0,1,0,3,8,1-A',,10.1086/311989,benzo[a]fluoranthene,620.9,0.208,621.1029,634.1667347355523,0.9794,0,7.4682,0.8732159399322791,0.12,A',low / skeletal,3,-0.203
900,389,C20H12,0,20,12,0,1,0,3,8,1-A',,10.1086/311989,benzo[a]fluoranthene,876.7,0.184,876.6622,895.1012865019399,0.9794,0,25.1764,1.4009936299851111,0.4044,"A""",CH-oop (10.5-15 um; benzene nu11 at 673 included),3,0.038
901,389,C20H12,0,20,12,0,1,0,3,8,1-A',,10.1086/311989,benzo[a]fluoranthene,748.7,0.168,749.1089,764.865121502961,0.9794,0,16.2948,1.2120490343667092,0.2617,"A""",CH-oop (10.5-15 um; benzene nu11 at 673 included),4,-0.409
902,389,C20H12,0,20,12,0,1,0,3,8,1-A',,10.1086/311989,benzo[a]fluoranthene,1463.2,0.164,1464.0119,1510.69229181715,0.9691,1,8.4152,0.9250644421020038,0.1352,A',CC-stretch/CH-ip (7.7 um),4,-0.812
903,389,C20H12,0,20,12,0,1,0,3,8,1-A',,10.1086/311989,benzo[a]fluoranthene,783.0,0.096,789.218,805.8178476618338,0.9794,0,10.3303,1.0141129339545396,0.1659,"A""",CH-oop (10.5-15 um; benzene nu11 at 673 included),3,-6.218
904,389,C20H12,0,20,12,0,1,0,3,8,1-A',,10.1086/311989,benzo[a]fluoranthene,839.0,0.084,835.9569,853.5398202981416,0.9794,0,6.4302,0.8082244810961615,0.1033,"A""",CH-oop (10.5-15 um; benzene nu11 at 673 included),3,3.043
905,389,C20H12,0,20,12,0,1,0,3,8,1-A',,10.1086/311989,benzo[a]fluoranthene,1185.3,0.072,1181.024,1218.6812506449282,0.9691,1,6.4414,0.8089802689430342,0.1035,A',CH-ip-bend (8.6 um),4,4.276
906,389,C20H12,0,20,12,0,1,0,3,8,1-A',,10.1086/311989,benzo[a]fluoranthene,481.5,0.06,486.7945,497.0333877884419,0.9794,0,2.4669,0.3921515449788232,0.0396,"A""",low / skeletal,2,-5.295
907,389,C20H12,0,20,12,0,1,0,3,8,1-A',,10.1086/311989,benzo[a]fluoranthene,1438.8,0.06,1434.8865,1480.6382210298216,0.9691,1,11.3392,1.0545824154174412,0.1821,A',CC-stretch/CH-ip (7.7 um),4,3.913
908,389,C20H12,0,20,12,0,1,0,3,8,1-A',,10.1086/311989,benzo[a]fluoranthene,1531.5,0.048,1533.9162,1582.8255082034875,0.9691,1,8.3197,0.9201076663515921,0.1336,A',CC-stretch (6.2 um),1,-2.416
909,389,C20H12,0,20,12,0,1,0,3,8,1-A',,10.1086/311989,benzo[a]fluoranthene,1013.1,0.048,1023.8303,1045.3648151929751,0.9794,0,4.9753,0.6968192729041437,0.0799,A',ring / CH-ip (9-10.5 um),3,-10.73
910,389,C20H12,0,20,12,0,1,0,3,8,1-A',,10.1086/311989,benzo[a]fluoranthene,1582.0,0.036,1584.5789,1635.1036012795378,0.9691,1,3.412,0.5330090224954854,0.0548,A',CC-stretch (6.2 um),2,-2.579
911,389,C20H12,0,20,12,0,1,0,3,8,1-A',,10.1086/311989,benzo[a]fluoranthene,1165.9,0.036,1165.5409,1202.7044680631514,0.9691,1,6.3674,0.8039621330955321,0.1023,A',CH-ip-bend (8.6 um),4,0.359
912,389,C20H12,0,20,12,0,1,0,3,8,1-A',,10.1086/311989,benzo[a]fluoranthene,811.7,0.03,810.2809,827.3237696548907,0.9794,0,1.878,0.2736955879300921,0.0302,"A""",CH-oop (10.5-15 um; benzene nu11 at 673 included),3,1.419
913,389,C20H12,0,20,12,0,1,0,3,8,1-A',,10.1086/311989,benzo[a]fluoranthene,1394.0,0.03,1382.0923,1426.160664534104,0.9691,1,4.9576,0.6952714831416225,0.0796,A',CC-stretch/CH-ip (7.7 um),2,11.908
914,389,C20H12,0,20,12,0,1,0,3,8,1-A',,10.1086/311989,benzo[a]fluoranthene,607.2,0.03,611.694,624.5599346538696,0.9794,0,1.0841,0.03506934442110448,0.0174,"A""",low / skeletal,3,-4.494
915,389,C20H12,0,20,12,0,1,0,3,8,1-A',,10.1086/311989,benzo[a]fluoranthene,1216.4,0.03,1214.2938,1253.011866680425,0.9691,1,5.9447,0.7741299427844792,0.0955,A',CH-ip-bend (8.6 um),1,2.106
916,389,C20H12,0,20,12,0,1,0,3,8,1-A',,10.1086/311989,benzo[a]fluoranthene,728.1,0.024,745.6632,761.3469471104758,0.9794,0,1.7458,0.24199448915678065,0.028,A',CH-oop (10.5-15 um; benzene nu11 at 673 included),4,-17.563
917,389,C20H12,0,20,12,0,1,0,3,8,1-A',,10.1086/311989,benzo[a]fluoranthene,684.3,0.024,682.5931,696.9502756789872,0.9794,0,2.9549,0.47054278803180755,0.0475,A',CH-oop (10.5-15 um; benzene nu11 at 673 included),1,1.707
918,389,C20H12,0,20,12,0,1,0,3,8,1-A',,10.1086/311989,benzo[a]fluoranthene,1592.2,0.024,1570.6545,1620.7352182437314,0.9691,1,5.5087,0.7410491216395743,0.0885,A',CC-stretch (6.2 um),2,21.545
919,389,C20H12,0,20,12,0,1,0,3,8,1-A',,10.1086/311989,benzo[a]fluoranthene,1157.8,0.018,1154.8276,1191.6495717676196,0.9691,1,4.8808,0.688491011984331,0.0784,A',CH-ip-bend (8.6 um),4,2.972
920,389,C20H12,0,20,12,0,1,0,3,8,1-A',,10.1086/311989,benzo[a]fluoranthene,1148.2,0.018,1175.0757,1212.5432875864203,0.9691,1,1.6747,0.2239370203199821,0.0269,A',CH-ip-bend (8.6 um),4,-26.876
921,389,C20H12,0,20,12,0,1,0,3,8,1-A',,10.1086/311989,benzo[a]fluoranthene,1026.2,0.018,1034.6502,1056.4122932407597,0.9794,0,2.009,0.30297993674824913,0.0323,A',ring / CH-ip (9-10.5 um),3,-8.45
922,389,C20H12,0,20,12,0,1,0,3,8,1-A',,10.1086/311989,benzo[a]fluoranthene,1632.0,0.018,1632.0927,1684.1323908781344,0.9691,1,3.4161,0.5335305753695804,0.0549,A',CC-stretch (6.2 um),2,-0.093
923,389,C20H12,0,20,12,0,1,0,3,8,1-A',,10.1086/311989,benzo[a]fluoranthene,1304.1,0.018,1304.8291,1346.4339077494585,0.9691,1,2.2541,0.3529731790059319,0.0362,A',CC-stretch/CH-ip (7.7 um),1,-0.729
924,389,C20H12,0,20,12,0,1,0,3,8,1-A',,10.1086/311989,benzo[a]fluoranthene,1452.0,0.018,1458.3907,1504.8918584253431,0.9691,1,22.3899,1.3500521538941186,0.3596,A',CC-stretch/CH-ip (7.7 um),4,-6.391
925,389,C20H12,0,20,12,0,1,0,3,8,1-A',,10.1086/311989,benzo[a]fluoranthene,861.7,0.012,863.1216,881.275883193792,0.9794,0,5.8988,0.7707636715770391,0.0948,"A""",CH-oop (10.5-15 um; benzene nu11 at 673 included),3,-1.422
926,389,C20H12,0,20,12,0,1,0,3,8,1-A',,10.1086/311989,benzo[a]fluoranthene,575.7,0.012,575.2319,587.3309168878906,0.9794,0,1.4368,0.15739631932322917,0.0231,A',low / skeletal,1,0.468
927,389,C20H12,0,20,12,0,1,0,3,8,1-A',,10.1086/311989,benzo[a]fluoranthene,1080.0,0.012,1106.3247,1141.6001444639355,0.9691,1,3.0625,0.4860760973725889,0.0492,A',CH-ip-bend (8.6 um),1,-26.325
928,389,C20H12,0,20,12,0,1,0,3,8,1-A',,10.1086/311989,benzo[a]fluoranthene,949.4,0.012,945.997,965.89442515826,0.9794,0,1.4443,0.15965741124770436,0.0232,A',CH-oop (10.5-15 um; benzene nu11 at 673 included),3,3.403
929,389,C20H12,0,20,12,0,1,0,3,8,1-A',,10.1086/311989,benzo[a]fluoranthene,900.9,0.012,904.0096,923.0238921788848,0.9794,0,1.2923,0.11136334432513054,0.0208,A',CH-oop (10.5-15 um; benzene nu11 at 673 included),3,-3.11
930,389,C20H12,0,20,12,0,1,0,3,8,1-A',,10.1086/311989,benzo[a]fluoranthene,935.8,0.012,931.3305,950.9194404737594,0.9794,0,1.724,0.23653726148869397,0.0277,"A""",CH-oop (10.5-15 um; benzene nu11 at 673 included),3,4.469
931,389,C20H12,0,20,12,0,1,0,3,8,1-A',,10.1086/311989,benzo[a]fluoranthene,1113.7,0.012,1119.6727,1155.3737488391291,0.9691,1,2.3415,0.3694941621180987,0.0376,A',CH-ip-bend (8.6 um),2,-5.973
932,389,C20H12,0,20,12,0,1,0,3,8,1-A',,10.1086/311989,benzo[a]fluoranthene,1359.0,0.012,1367.3026,1410.8993911877,0.9691,1,2.0397,0.30956629589377344,0.0328,A',CC-stretch/CH-ip (7.7 um),2,-8.303
933,389,C20H12,0,20,12,0,1,0,3,8,1-A',,10.1086/311989,benzo[a]fluoranthene,932.9,0.006,927.7898,947.304267919134,0.9794,0,1.1712,0.06863106371431665,0.0188,A',CH-oop (10.5-15 um; benzene nu11 at 673 included),4,5.11
934,396,C20H12+,1,20,12,0,0,2,6,4,"2-A""",,10.1021/jp993940i,benzo[j]fluoranthene,1397.9,1.0,1401.7037,1446.397379011454,0.9691,1,10.605,1.0255106728525807,0.0282,A',CC-stretch/CH-ip (7.7 um),3,-3.804
935,396,C20H12+,1,20,12,0,0,2,6,4,"2-A""",,10.1021/jp993940i,benzo[j]fluoranthene,1439.1,0.74,1434.8462,1480.5966360540708,0.9691,1,4.0132,0.6034908035743607,0.0107,A',CC-stretch/CH-ip (7.7 um),4,4.254
936,396,C20H12+,1,20,12,0,0,2,6,4,"2-A""",,10.1021/jp993940i,benzo[j]fluoranthene,1301.1,0.38,1287.4899,1328.5418429470644,0.9691,1,89.4613,1.9516352047993517,0.2375,A',CC-stretch/CH-ip (7.7 um),3,13.61
937,396,C20H12+,1,20,12,0,0,2,6,4,"2-A""",,10.1021/jp993940i,benzo[j]fluoranthene,1575.6,0.32,1573.4938,1623.6650500464348,0.9691,1,6.454,0.8098289610678862,0.0171,A',CC-stretch (6.2 um),4,2.106
938,396,C20H12+,1,20,12,0,0,2,6,4,"2-A""",,10.1021/jp993940i,benzo[j]fluoranthene,1224.4,0.28,1224.4447,1263.4864307089051,0.9691,1,14.18,1.1516762308470476,0.0376,A',CH-ip-bend (8.6 um),3,-0.045
939,396,C20H12+,1,20,12,0,0,2,6,4,"2-A""",,10.1021/jp993940i,benzo[j]fluoranthene,1339.0,0.24,1342.4289,1385.2325869363328,0.9691,1,131.9128,2.1202869388341266,0.3502,A',CC-stretch/CH-ip (7.7 um),4,-3.429
940,396,C20H12+,1,20,12,0,0,2,6,4,"2-A""",,10.1021/jp993940i,benzo[j]fluoranthene,1411.2,0.16,1413.1448,1458.203281395109,0.9691,1,64.3928,1.808837309982801,0.171,A',CC-stretch/CH-ip (7.7 um),5,-1.945
941,396,C20H12+,1,20,12,0,0,2,6,4,"2-A""",,10.1021/jp993940i,benzo[j]fluoranthene,826.4,0.14,827.3318,844.7333061057791,0.9794,0,75.1159,1.8757318751051024,0.1994,"A""",CH-oop (10.5-15 um; benzene nu11 at 673 included),4,-0.932
942,396,C20H12+,1,20,12,0,0,2,6,4,"2-A""",,10.1021/jp993940i,benzo[j]fluoranthene,1449.3,0.12,1445.8847,1491.9871014343207,0.9691,1,135.8504,2.1330609214991214,0.3607,A',CC-stretch/CH-ip (7.7 um),3,3.415
943,396,C20H12+,1,20,12,0,0,2,6,4,"2-A""",,10.1021/jp993940i,benzo[j]fluoranthene,1550.8,0.12,1551.727,1601.204210091838,0.9691,1,40.2199,1.6044409864620612,0.1068,A',CC-stretch (6.2 um),4,-0.927
944,396,C20H12+,1,20,12,0,0,2,6,4,"2-A""",,10.1021/jp993940i,benzo[j]fluoranthene,1153.1,0.11,1153.6564,1190.4410277577135,0.9691,1,35.0361,1.5445157572350647,0.093,A',CH-ip-bend (8.6 um),3,-0.556
945,396,C20H12+,1,20,12,0,0,2,6,4,"2-A""",,10.1021/jp993940i,benzo[j]fluoranthene,769.0,0.11,764.166,780.2389217888503,0.9794,0,47.3551,1.6753667580506826,0.1257,"A""",CH-oop (10.5-15 um; benzene nu11 at 673 included),4,4.834
946,396,C20H12+,1,20,12,0,0,2,6,4,"2-A""",,10.1021/jp993940i,benzo[j]fluoranthene,1060.2,0.1,1063.0208,1085.3796201756177,0.9794,0,33.5625,1.525854303043631,0.0891,A',ring / CH-ip (9-10.5 um),4,-2.821
947,396,C20H12+,1,20,12,0,0,2,6,4,"2-A""",,10.1021/jp993940i,benzo[j]fluoranthene,792.9,0.092,792.8471,809.5232795589135,0.9794,0,1.5236,0.18287096398890865,0.004,"A""",CH-oop (10.5-15 um; benzene nu11 at 673 included),4,0.053
948,396,C20H12+,1,20,12,0,0,2,6,4,"2-A""",,10.1021/jp993940i,benzo[j]fluoranthene,1330.9,0.088,1323.0894,1365.2764420596432,0.9691,1,8.5398,0.9314476997389489,0.0227,A',CC-stretch/CH-ip (7.7 um),4,7.811
949,396,C20H12+,1,20,12,0,0,2,6,4,"2-A""",,10.1021/jp993940i,benzo[j]fluoranthene,1120.2,0.078,1115.9847,1151.5681560210503,0.9691,1,27.0872,1.4327641143946557,0.0719,A',CH-ip-bend (8.6 um),3,4.215
950,396,C20H12+,1,20,12,0,0,2,6,4,"2-A""",,10.1021/jp993940i,benzo[j]fluoranthene,1419.3,0.072,1432.7271,1478.409968011557,0.9691,1,126.4655,2.1019720654078418,0.3358,A',CC-stretch/CH-ip (7.7 um),5,-13.427
951,396,C20H12+,1,20,12,0,0,2,6,4,"2-A""",,10.1021/jp993940i,benzo[j]fluoranthene,1090.1,0.07,1090.5178,1125.289237436797,0.9691,1,34.7374,1.540797309565617,0.0922,A',ring / CH-ip (9-10.5 um),4,-0.418
952,396,C20H12+,1,20,12,0,0,2,6,4,"2-A""",,10.1021/jp993940i,benzo[j]fluoranthene,743.8,0.052,744.7701,760.4350622830303,0.9794,0,15.0687,1.1780757866756477,0.04,"A""",CH-oop (10.5-15 um; benzene nu11 at 673 included),2,-0.97
953,396,C20H12+,1,20,12,0,0,2,6,4,"2-A""",,10.1021/jp993940i,benzo[j]fluoranthene,1210.1,0.03,1200.3701,1238.6442059642968,0.9691,1,17.9686,1.2545142409397867,0.0477,A',CH-ip-bend (8.6 um),4,9.73
954,396,C20H12+,1,20,12,0,0,2,6,4,"2-A""",,10.1021/jp993940i,benzo[j]fluoranthene,1384.8,0.022,1385.2424,1429.4112062738625,0.9691,1,376.6595,2.575948925560049,1.0,A',CC-stretch/CH-ip (7.7 um),4,-0.442
955,396,C20H12+,1,20,12,0,0,2,6,4,"2-A""",,10.1021/jp993940i,benzo[j]fluoranthene,1084.3,0.015,1081.6894,1104.4408821727588,0.9794,0,3.1334,0.4960158390898621,0.0083,A',ring / CH-ip (9-10.5 um),3,2.611
956,396,C20H12+,1,20,12,0,0,2,6,4,"2-A""",,10.1021/jp993940i,benzo[j]fluoranthene,1352.8,0.013,1360.4586,1403.837168506862,0.9691,1,9.5109,0.9782216154168765,0.0253,A',CC-stretch/CH-ip (7.7 um),3,-7.659
957,396,C20H12+,1,20,12,0,0,2,6,4,"2-A""",,10.1021/jp993940i,benzo[j]fluoranthene,1504.7,0.013,1501.8596,1549.7467753585802,0.9691,1,69.1127,1.839557859720469,0.1835,A',CC-stretch (6.2 um),3,2.84
958,394,C20H12+,1,20,12,0,2,0,6,4,2-A2,,10.1021/jp993940i,benzo[k]fluoranthene,1320.7,1.0,1328.2508,1370.6024146114953,0.9691,1,19.716,1.2948188094826867,0.0481,B2,CC-stretch/CH-ip (7.7 um),3,-7.551
959,394,C20H12+,1,20,12,0,2,0,6,4,2-A2,,10.1021/jp993940i,benzo[k]fluoranthene,1292.3,0.3438,1279.0587,1319.8418119905068,0.9691,1,93.5223,1.9709151789175299,0.2282,A1,CC-stretch/CH-ip (7.7 um),1,13.241
960,394,C20H12+,1,20,12,0,2,0,6,4,2-A2,,10.1021/jp993940i,benzo[k]fluoranthene,1182.1,0.2313,1182.7292,1220.4408213806626,0.9691,1,100.554,2.0023993513462366,0.2454,A1,CH-ip-bend (8.6 um),4,-0.629
961,394,C20H12+,1,20,12,0,2,0,6,4,2-A2,,10.1021/jp993940i,benzo[k]fluoranthene,1578.4,0.2125,1574.7516,1624.9629553193686,0.9691,1,322.4249,2.508428573812406,0.7869,A1,CC-stretch (6.2 um),5,3.648
962,394,C20H12+,1,20,12,0,2,0,6,4,2-A2,,10.1021/jp993940i,benzo[k]fluoranthene,1382.0,0.1125,1387.531,1431.77277886699,0.9691,1,350.1136,2.54420898105991,0.8545,A1,CC-stretch/CH-ip (7.7 um),2,-5.531
963,394,C20H12+,1,20,12,0,2,0,6,4,2-A2,,10.1021/jp993940i,benzo[k]fluoranthene,1211.3,0.0937,1204.9463,1243.3663192652978,0.9691,1,140.2007,2.146750181999958,0.3422,A1,CH-ip-bend (8.6 um),5,6.354
964,394,C20H12+,1,20,12,0,2,0,6,4,2-A2,,10.1021/jp993940i,benzo[k]fluoranthene,1337.7,0.0875,1341.3061,1384.0739861727377,0.9691,1,316.3634,2.500186234315346,0.7721,A1,CC-stretch/CH-ip (7.7 um),4,-3.606
965,394,C20H12+,1,20,12,0,2,0,6,4,2-A2,,10.1021/jp993940i,benzo[k]fluoranthene,1561.9,0.0875,1563.4434,1613.294190486018,0.9691,1,1.4861,0.17204803418025563,0.0036,B2,CC-stretch (6.2 um),4,-1.543
966,394,C20H12+,1,20,12,0,2,0,6,4,2-A2,,10.1021/jp993940i,benzo[k]fluoranthene,1418.8,0.075,1418.0556,1463.2706635022184,0.9691,1,22.5155,1.3524815957506438,0.0549,B2,CC-stretch/CH-ip (7.7 um),3,0.744
967,394,C20H12+,1,20,12,0,2,0,6,4,2-A2,,10.1021/jp993940i,benzo[k]fluoranthene,1395.3,0.0619,1412.1484,1457.175110927665,0.9691,1,51.6936,1.7134367779733213,0.1262,A1,CC-stretch/CH-ip (7.7 um),3,-16.848
968,394,C20H12+,1,20,12,0,2,0,6,4,2-A2,,10.1021/jp993940i,benzo[k]fluoranthene,1164.7,0.0619,1164.7074,1201.8443917036427,0.9691,1,31.438,1.4974549096131764,0.0767,A1,CH-ip-bend (8.6 um),4,-0.007
969,394,C20H12+,1,20,12,0,2,0,6,4,2-A2,,10.1021/jp993940i,benzo[k]fluoranthene,1087.2,0.055,1083.1244,1117.660096997214,0.9691,1,29.1234,1.4642420751410854,0.0711,B2,ring / CH-ip (9-10.5 um),1,4.076
970,394,C20H12+,1,20,12,0,2,0,6,4,2-A2,,10.1021/jp993940i,benzo[k]fluoranthene,751.4,0.0519,754.0344,769.894220951603,0.9794,0,65.4203,1.815712531351877,0.1597,B1,CH-oop (10.5-15 um; benzene nu11 at 673 included),3,-2.634
971,394,C20H12+,1,20,12,0,2,0,6,4,2-A2,,10.1021/jp993940i,benzo[k]fluoranthene,1355.5,0.0481,1355.2097,1398.4209059952534,0.9691,1,2.2599,0.3540892221522473,0.0055,B2,CC-stretch/CH-ip (7.7 um),4,0.29
972,394,C20H12+,1,20,12,0,2,0,6,4,2-A2,,10.1021/jp993940i,benzo[k]fluoranthene,1513.0,0.0481,1512.2613,1560.4801362088535,0.9691,1,76.3459,1.8827857191241115,0.1863,A1,CC-stretch (6.2 um),3,0.739
973,394,C20H12+,1,20,12,0,2,0,6,4,2-A2,,10.1021/jp993940i,benzo[k]fluoranthene,1274.7,0.045,1257.9691,1298.0797647301622,0.9691,1,16.0743,1.2061320694496573,0.0392,B2,CC-stretch/CH-ip (7.7 um),2,16.731
974,394,C20H12+,1,20,12,0,2,0,6,4,2-A2,,10.1021/jp993940i,benzo[k]fluoranthene,1523.1,0.0412,1528.5312,1577.2688061087606,0.9691,1,39.6376,1.5981073506994379,0.0967,B2,CC-stretch (6.2 um),2,-5.431
975,394,C20H12+,1,20,12,0,2,0,6,4,2-A2,,10.1021/jp993940i,benzo[k]fluoranthene,1347.3,0.0287,1333.7355,1376.261995666082,0.9691,1,409.7473,2.6125161005000974,1.0,A1,CC-stretch/CH-ip (7.7 um),4,13.564
976,394,C20H12+,1,20,12,0,2,0,6,4,2-A2,,10.1021/jp993940i,benzo[k]fluoranthene,829.7,0.0275,829.0702,846.508270369614,0.9794,0,52.5843,1.7208560969836477,0.1283,B1,CH-oop (10.5-15 um; benzene nu11 at 673 included),1,0.63
977,394,C20H12+,1,20,12,0,2,0,6,4,2-A2,,10.1021/jp993940i,benzo[k]fluoranthene,1186.7,0.0206,1184.8962,1222.67691672686,0.9691,1,59.4751,1.7743351809221946,0.1452,B2,CH-ip-bend (8.6 um),4,1.804
978,394,C20H12+,1,20,12,0,2,0,6,4,2-A2,,10.1021/jp993940i,benzo[k]fluoranthene,1134.1,0.0206,1141.2805,1177.6705190382831,0.9691,1,51.0074,1.7076331868044483,0.1245,B2,CH-ip-bend (8.6 um),2,-7.181
979,394,C20H12+,1,20,12,0,2,0,6,4,2-A2,,10.1021/jp993940i,benzo[k]fluoranthene,1571.8,0.0131,1572.1299,1622.2576617480136,0.9691,1,52.4239,1.7195293265204612,0.1279,B2,CC-stretch (6.2 um),4,-0.33
980,394,C20H12+,1,20,12,0,2,0,6,4,2-A2,,10.1021/jp993940i,benzo[k]fluoranthene,1033.0,0.0131,1024.9422,1046.5001021033286,0.9794,0,19.1483,1.2821302230361455,0.0467,B2,ring / CH-ip (9-10.5 um),2,8.058
981,394,C20H12+,1,20,12,0,2,0,6,4,2-A2,,10.1021/jp993940i,benzo[k]fluoranthene,794.7,0.0125,799.2306,816.0410455380845,0.9794,0,1.3796,0.13975318569535308,0.0034,A1,CH-oop (10.5-15 um; benzene nu11 at 673 included),1,-4.531
982,394,C20H12+,1,20,12,0,2,0,6,4,2-A2,,10.1021/jp993940i,benzo[k]fluoranthene,1204.8,0.0125,1219.0894,1257.960375606233,0.9691,1,38.6562,1.5872191595698286,0.0943,B2,CH-ip-bend (8.6 um),4,-14.289
983,394,C20H12+,1,20,12,0,2,0,6,4,2-A2,,10.1021/jp993940i,benzo[k]fluoranthene,1016.6,0.0119,1042.6074,1064.5368593016133,0.9794,0,16.4607,1.2164482998721944,0.0402,A1,ring / CH-ip (9-10.5 um),2,-26.007
984,394,C20H12+,1,20,12,0,2,0,6,4,2-A2,,10.1021/jp993940i,benzo[k]fluoranthene,1424.7,0.0106,1440.0957,1486.0135176968322,0.9691,1,13.1174,1.1178477620555314,0.032,A1,CC-stretch/CH-ip (7.7 um),3,-15.396
985,394,C20H12+,1,20,12,0,2,0,6,4,2-A2,,10.1021/jp993940i,benzo[k]fluoranthene,909.0,0.0094,904.2559,923.2753726771492,0.9794,0,16.828,1.2260325033449588,0.0411,B1,CH-oop (10.5-15 um; benzene nu11 at 673 included),3,4.744
986,394,C20H12+,1,20,12,0,2,0,6,4,2-A2,,10.1021/jp993940i,benzo[k]fluoranthene,867.5,0.0062,863.5362,881.6992035940372,0.9794,0,3.9004,0.5911091477661827,0.0095,B2,CH-oop (10.5-15 um; benzene nu11 at 673 included),1,3.964
987,394,C20H12+,1,20,12,0,2,0,6,4,2-A2,,10.1021/jp993940i,benzo[k]fluoranthene,674.6,0.0048,674.4111,688.5961813355116,0.9794,0,5.0044,0.6993520154198585,0.0122,B2,CH-oop (10.5-15 um; benzene nu11 at 673 included),2,0.189
988,394,C20H12+,1,20,12,0,2,0,6,4,2-A2,,10.1021/jp993940i,benzo[k]fluoranthene,1541.3,0.0031,1555.1815,1604.7688577030233,0.9691,1,128.7647,2.1097968203498,0.3143,A1,CC-stretch (6.2 um),4,-13.881
989,367,C20H12+,1,20,12,0,0,2,6,4,2-B1,,10.1021/j100010a011,benzo[e]pyrene,1349.2,1.0,1353.3942,1396.547518315963,0.9691,1,47.5703,1.677335890287544,0.2541,A1,CC-stretch/CH-ip (7.7 um),2,-4.194
990,367,C20H12+,1,20,12,0,0,2,6,4,2-B1,,10.1021/j100010a011,benzo[e]pyrene,1556.8,0.9091,1556.8058,1606.4449489216802,0.9691,1,17.4552,1.2419248292830403,0.0933,B2,CC-stretch (6.2 um),3,-0.006
991,367,C20H12+,1,20,12,0,0,2,6,4,2-B1,,10.1021/j100010a011,benzo[e]pyrene,1336.0,0.8182,1332.8264,1375.3239087813436,0.9691,1,119.9986,2.079176179249113,0.6411,A1,CC-stretch/CH-ip (7.7 um),3,3.174
992,367,C20H12+,1,20,12,0,0,2,6,4,2-B1,,10.1021/j100010a011,benzo[e]pyrene,1410.5,0.4136,1402.6693,1447.3937674130636,0.9691,1,44.1097,1.6445341040539088,0.2357,B2,CC-stretch/CH-ip (7.7 um),4,7.831
993,367,C20H12+,1,20,12,0,0,2,6,4,2-B1,,10.1021/j100010a011,benzo[e]pyrene,848.0,0.2182,845.1292,862.9050439044312,0.9794,0,50.699,1.7049993932827454,0.2709,B1,CH-oop (10.5-15 um; benzene nu11 at 673 included),2,2.871
994,367,C20H12+,1,20,12,0,0,2,6,4,2-B1,,10.1021/j100010a011,benzo[e]pyrene,1193.9,0.2136,1193.8663,1231.933030646992,0.9691,1,82.6548,1.917268079359157,0.4416,B2,CH-ip-bend (8.6 um),5,0.034
995,367,C20H12+,1,20,12,0,0,2,6,4,2-B1,,10.1021/j100010a011,benzo[e]pyrene,1308.2,0.1909,1300.9824,1342.464554741513,0.9691,1,95.9784,1.9821735057864118,0.5128,B2,CC-stretch/CH-ip (7.7 um),3,7.218
996,367,C20H12+,1,20,12,0,0,2,6,4,2-B1,,10.1021/j100010a011,benzo[e]pyrene,685.7,0.1545,679.4212,693.7116602001225,0.9794,0,16.3981,1.2147935305282964,0.0876,B1,CH-oop (10.5-15 um; benzene nu11 at 673 included),2,6.279
997,367,C20H12+,1,20,12,0,0,2,6,4,2-B1,,10.1021/j100010a011,benzo[e]pyrene,1264.3,0.1455,1253.975,1293.958311835724,0.9691,1,35.703,1.5527047099134754,0.1907,B2,CC-stretch/CH-ip (7.7 um),2,10.325
998,367,C20H12+,1,20,12,0,0,2,6,4,2-B1,,10.1021/j100010a011,benzo[e]pyrene,873.3,0.1318,872.555,890.907698590974,0.9794,0,24.124,1.3824493197989152,0.1289,A1,CH-oop (10.5-15 um; benzene nu11 at 673 included),2,0.745
999,367,C20H12+,1,20,12,0,0,2,6,4,2-B1,,10.1021/j100010a011,benzo[e]pyrene,1197.8,0.1045,1198.671,1236.8909297286143,0.9691,1,5.7573,0.7602188601568876,0.0308,A1,CH-ip-bend (8.6 um),5,-0.871
1000,367,C20H12+,1,20,12,0,0,2,6,4,2-B1,,10.1021/j100010a011,benzo[e]pyrene,1418.4,0.1045,1431.5148,1477.1590135176968,0.9691,1,39.0373,1.5914797722208005,0.2086,A1,CC-stretch/CH-ip (7.7 um),5,-13.115
1001,367,C20H12+,1,20,12,0,0,2,6,4,2-B1,,10.1021/j100010a011,benzo[e]pyrene,1435.6,0.1,1433.2456,1478.9450005159426,0.9691,1,1.2947,0.11216914800165971,0.0069,B2,CC-stretch/CH-ip (7.7 um),3,2.354
1002,367,C20H12+,1,20,12,0,0,2,6,4,2-B1,,10.1021/j100010a011,benzo[e]pyrene,1467.0,0.1,1481.9645,1529.2173150345682,0.9691,1,3.1539,0.4988479191334399,0.0168,B2,CC-stretch/CH-ip (7.7 um),3,-14.965
1003,367,C20H12+,1,20,12,0,0,2,6,4,2-B1,,10.1021/j100010a011,benzo[e]pyrene,1536.0,0.1,1545.7155,1595.0010318852544,0.9691,1,33.7179,1.5278605183010936,0.1801,A1,CC-stretch (6.2 um),4,-9.716
1004,392,C20H12+,1,20,12,0,1,0,3,8,"2-A""",,10.1021/jp993940i,benzo[b]fluoranthene,1320.5,1.0,1329.3195,1371.7051903828296,0.9691,1,168.9184,2.2276769591223826,0.6154,A',CC-stretch/CH-ip (7.7 um),3,-8.82
1005,392,C20H12+,1,20,12,0,1,0,3,8,"2-A""",,10.1021/jp993940i,benzo[b]fluoranthene,1297.3,0.9286,1295.5198,1336.8277783510475,0.9691,1,43.3232,1.6367205276166084,0.1578,A',CC-stretch/CH-ip (7.7 um),3,1.78
1006,392,C20H12+,1,20,12,0,1,0,3,8,"2-A""",,10.1021/jp993940i,benzo[b]fluoranthene,1093.2,0.7143,1105.2385,1140.47931070065,0.9691,1,81.114,1.9090958184283229,0.2955,A',CH-ip-bend (8.6 um),2,-12.038
1007,392,C20H12+,1,20,12,0,1,0,3,8,"2-A""",,10.1021/jp993940i,benzo[b]fluoranthene,1572.2,0.3643,1571.3754,1621.4791043235991,0.9691,1,264.8151,2.422942745343591,0.9647,A',CC-stretch (6.2 um),4,0.825
1008,392,C20H12+,1,20,12,0,1,0,3,8,"2-A""",,10.1021/jp993940i,benzo[b]fluoranthene,1532.0,0.2929,1523.3549,1571.9274584666186,0.9691,1,40.3813,1.6061802961266531,0.1471,A',CC-stretch (6.2 um),3,8.645
1009,392,C20H12+,1,20,12,0,1,0,3,8,"2-A""",,10.1021/jp993940i,benzo[b]fluoranthene,1260.5,0.2929,1260.0954,1300.273862346507,0.9691,1,131.5715,2.1191618259558624,0.4793,A',CC-stretch/CH-ip (7.7 um),3,0.405
1010,392,C20H12+,1,20,12,0,1,0,3,8,"2-A""",,10.1021/jp993940i,benzo[b]fluoranthene,545.2,0.2643,546.9931,558.4981621400858,0.9794,0,23.9464,1.379240232671211,0.0872,A',low / skeletal,3,-1.793
1011,392,C20H12+,1,20,12,0,1,0,3,8,"2-A""",,10.1021/jp993940i,benzo[b]fluoranthene,1234.7,0.2571,1245.6597,1285.3778763801463,0.9691,1,14.2884,1.1549835996744506,0.0521,A',CH-ip-bend (8.6 um),3,-10.96
1012,392,C20H12+,1,20,12,0,1,0,3,8,"2-A""",,10.1021/jp993940i,benzo[b]fluoranthene,784.5,0.2286,783.7553,800.2402491321217,0.9794,0,5.6401,0.7512868041718498,0.0205,A',CH-oop (10.5-15 um; benzene nu11 at 673 included),5,0.745
1013,392,C20H12+,1,20,12,0,1,0,3,8,"2-A""",,10.1021/jp993940i,benzo[b]fluoranthene,1141.0,0.2214,1141.9781,1178.3903621917243,0.9691,1,30.3105,1.4815931005197147,0.1104,A',CH-ip-bend (8.6 um),3,-0.978
1014,392,C20H12+,1,20,12,0,1,0,3,8,"2-A""",,10.1021/jp993940i,benzo[b]fluoranthene,724.4,0.1929,719.961,735.1041453951399,0.9794,0,44.4498,1.647869811220928,0.1619,"A""",CH-oop (10.5-15 um; benzene nu11 at 673 included),3,4.439
1015,392,C20H12+,1,20,12,0,1,0,3,8,"2-A""",,10.1021/jp993940i,benzo[b]fluoranthene,589.5,0.1286,593.9669,606.4599754952011,0.9794,0,32.6215,1.513503926868124,0.1188,A',low / skeletal,2,-4.467
1016,392,C20H12+,1,20,12,0,1,0,3,8,"2-A""",,10.1021/jp993940i,benzo[b]fluoranthene,991.8,0.1286,976.3607,996.8967735348172,0.9794,0,127.7876,2.1064887136592447,0.4655,A',ring / CH-ip (9-10.5 um),2,15.439
1017,392,C20H12+,1,20,12,0,1,0,3,8,"2-A""",,10.1021/jp993940i,benzo[b]fluoranthene,1133.5,0.1143,1127.6766,1163.6328552264988,0.9691,1,49.5705,1.695223299501193,0.1806,A',CH-ip-bend (8.6 um),4,5.823
1018,392,C20H12+,1,20,12,0,1,0,3,8,"2-A""",,10.1021/jp993940i,benzo[b]fluoranthene,1030.3,0.1,1039.5643,1061.429752909945,0.9794,0,5.2338,0.7188171228594724,0.0191,A',ring / CH-ip (9-10.5 um),4,-9.264
1019,392,C20H12+,1,20,12,0,1,0,3,8,"2-A""",,10.1021/jp993940i,benzo[b]fluoranthene,1279.0,0.0786,1270.2699,1310.77277886699,0.9691,1,18.4511,1.266022262619175,0.0672,A',CC-stretch/CH-ip (7.7 um),4,8.73
1020,392,C20H12+,1,20,12,0,1,0,3,8,"2-A""",,10.1021/jp993940i,benzo[b]fluoranthene,583.3,0.0593,583.194,595.460486011844,0.9794,0,9.4001,0.9731324737291863,0.0342,A',low / skeletal,2,0.106
1021,392,C20H12+,1,20,12,0,1,0,3,8,"2-A""",,10.1021/jp993940i,benzo[b]fluoranthene,1070.8,0.0579,1069.3158,1091.8070247090056,0.9794,0,15.5546,1.1918588473298786,0.0567,A',ring / CH-ip (9-10.5 um),3,1.484
1022,392,C20H12+,1,20,12,0,1,0,3,8,"2-A""",,10.1021/jp993940i,benzo[b]fluoranthene,1341.3,0.0543,1358.3143,1401.6244969559386,0.9691,1,22.0355,1.3431229093854125,0.0803,A',CC-stretch/CH-ip (7.7 um),2,-17.014
1023,392,C20H12+,1,20,12,0,1,0,3,8,"2-A""",,10.1021/jp993940i,benzo[b]fluoranthene,1191.9,0.0529,1187.6756,1225.5449386028274,0.9691,1,15.4407,1.1886669850700677,0.0562,A',CH-ip-bend (8.6 um),3,4.224
1024,392,C20H12+,1,20,12,0,1,0,3,8,"2-A""",,10.1021/jp993940i,benzo[b]fluoranthene,1554.7,0.0421,1557.7413,1607.4102775771337,0.9691,1,274.5044,2.4385493100990634,1.0,A',CC-stretch (6.2 um),3,-3.041
1025,392,C20H12+,1,20,12,0,1,0,3,8,"2-A""",,10.1021/jp993940i,benzo[b]fluoranthene,1305.4,0.0279,1308.7857,1350.516664946858,0.9691,1,53.3181,1.7268746648562665,0.1942,A',CC-stretch/CH-ip (7.7 um),3,-3.386
1026,392,C20H12+,1,20,12,0,1,0,3,8,"2-A""",,10.1021/jp993940i,benzo[b]fluoranthene,1388.6,0.02,1387.9825,1432.2386750593334,0.9691,1,9.9522,0.9979190950420423,0.0363,A',CC-stretch/CH-ip (7.7 um),2,0.617
1027,390,C20H12+,1,20,12,0,1,0,3,8,"2-A""",,10.1021/jp993940i,benzo[a]fluoranthene,1401.1,1.0,1398.024,1442.6003508409865,0.9691,1,104.5721,2.019415829538004,0.7332,A',CC-stretch/CH-ip (7.7 um),2,3.076
1028,390,C20H12+,1,20,12,0,1,0,3,8,"2-A""",,10.1021/jp993940i,benzo[a]fluoranthene,1352.3,0.4091,1347.4591,1390.423176142813,0.9691,1,100.3556,2.001541611813453,0.7037,A',CC-stretch/CH-ip (7.7 um),2,4.841
1029,390,C20H12+,1,20,12,0,1,0,3,8,"2-A""",,10.1021/jp993940i,benzo[a]fluoranthene,1100.5,0.3409,1093.4188,1128.2827365596945,0.9691,1,91.9965,1.9637713049585876,0.6451,A',ring / CH-ip (9-10.5 um),2,7.081
1030,390,C20H12+,1,20,12,0,1,0,3,8,"2-A""",,10.1021/jp993940i,benzo[a]fluoranthene,1449.6,0.25,1449.6373,1495.859354039831,0.9691,1,14.3965,1.1582569215784058,0.1009,A',CC-stretch/CH-ip (7.7 um),4,-0.037
1031,390,C20H12+,1,20,12,0,1,0,3,8,"2-A""",,10.1021/jp993940i,benzo[a]fluoranthene,1282.9,0.1795,1283.6827,1324.613249406666,0.9691,1,33.9437,1.5307591804095044,0.238,A',CC-stretch/CH-ip (7.7 um),4,-0.783
1032,390,C20H12+,1,20,12,0,1,0,3,8,"2-A""",,10.1021/jp993940i,benzo[a]fluoranthene,742.6,0.175,744.5523,760.2126812334081,0.9794,0,35.0641,1.544862696220688,0.2459,"A""",CH-oop (10.5-15 um; benzene nu11 at 673 included),4,-1.952
1033,390,C20H12+,1,20,12,0,1,0,3,8,"2-A""",,10.1021/jp993940i,benzo[a]fluoranthene,1314.8,0.1659,1308.2124,1349.9250851305335,0.9691,1,18.7505,1.2730128530955087,0.1315,A',CC-stretch/CH-ip (7.7 um),2,6.588
1034,390,C20H12+,1,20,12,0,1,0,3,8,"2-A""",,10.1021/jp993940i,benzo[a]fluoranthene,1305.4,0.15,1293.5101,1334.7539985553606,0.9691,1,142.6159,2.1541679469556714,1.0,A',CC-stretch/CH-ip (7.7 um),3,11.89
1035,390,C20H12+,1,20,12,0,1,0,3,8,"2-A""",,10.1021/jp993940i,benzo[a]fluoranthene,1540.0,0.1295,1536.4485,1585.438551233103,0.9691,1,71.617,1.8550161246801582,0.5022,A',CC-stretch (6.2 um),4,3.552
1036,390,C20H12+,1,20,12,0,1,0,3,8,"2-A""",,10.1021/jp993940i,benzo[a]fluoranthene,1593.3,0.1159,1600.3697,1651.397894954081,0.9691,1,4.8716,0.6876716217996087,0.0342,A',CC-stretch (6.2 um),4,-7.07
1037,390,C20H12+,1,20,12,0,1,0,3,8,"2-A""",,10.1021/jp993940i,benzo[a]fluoranthene,1173.7,0.1091,1174.9813,1212.4458776184088,0.9691,1,6.1737,0.7905455218888552,0.0433,A',CH-ip-bend (8.6 um),5,-1.281
1038,390,C20H12+,1,20,12,0,1,0,3,8,"2-A""",,10.1021/jp993940i,benzo[a]fluoranthene,1184.6,0.1091,1182.7004,1220.411103085337,0.9691,1,53.1548,1.7255424884150563,0.3727,A',CH-ip-bend (8.6 um),4,1.9
1039,390,C20H12+,1,20,12,0,1,0,3,8,"2-A""",,10.1021/jp993940i,benzo[a]fluoranthene,1571.0,0.1045,1569.17,1619.2033845836345,0.9691,1,57.3767,1.7587355663393336,0.4023,A',CC-stretch (6.2 um),5,1.83
1040,390,C20H12+,1,20,12,0,1,0,3,8,"2-A""",,10.1021/jp993940i,benzo[a]fluoranthene,1372.4,0.1,1366.6043,1410.1788257145806,0.9691,1,89.2962,1.9508329778790794,0.6261,A',CC-stretch/CH-ip (7.7 um),4,5.796
1041,390,C20H12+,1,20,12,0,1,0,3,8,"2-A""",,10.1021/jp993940i,benzo[a]fluoranthene,751.2,0.0886,748.5821,764.327241168062,0.9794,0,38.6647,1.587314644829598,0.2711,"A""",CH-oop (10.5-15 um; benzene nu11 at 673 included),3,2.618
1042,390,C20H12+,1,20,12,0,1,0,3,8,"2-A""",,10.1021/jp993940i,benzo[a]fluoranthene,1113.2,0.0886,1112.0167,1147.473635331751,0.9691,1,10.017,1.0007376737740332,0.0702,A',CH-ip-bend (8.6 um),2,1.183
1043,390,C20H12+,1,20,12,0,1,0,3,8,"2-A""",,10.1021/jp993940i,benzo[a]fluoranthene,1236.2,0.0841,1242.4632,1282.0794551645856,0.9691,1,10.4258,1.0181093895216073,0.0731,A',CH-ip-bend (8.6 um),3,-6.263
1044,390,C20H12+,1,20,12,0,1,0,3,8,"2-A""",,10.1021/jp993940i,benzo[a]fluoranthene,788.8,0.0795,789.0927,805.6899121911374,0.9794,0,36.984,1.5680138804300254,0.2593,"A""",CH-oop (10.5-15 um; benzene nu11 at 673 included),1,-0.293
1045,390,C20H12+,1,20,12,0,1,0,3,8,"2-A""",,10.1021/jp993940i,benzo[a]fluoranthene,1361.2,0.0705,1382.7642,1426.8539882365085,0.9691,1,140.5558,2.1478487713666063,0.9856,A',CC-stretch/CH-ip (7.7 um),3,-21.564
1046,390,C20H12+,1,20,12,0,1,0,3,8,"2-A""",,10.1021/jp993940i,benzo[a]fluoranthene,1267.7,0.0545,1266.1534,1306.5250232174185,0.9691,1,6.6494,0.8227824590707454,0.0466,A',CC-stretch/CH-ip (7.7 um),4,1.547
1047,390,C20H12+,1,20,12,0,1,0,3,8,"2-A""",,10.1021/jp993940i,benzo[a]fluoranthene,1560.8,0.0545,1559.5846,1609.3123516664946,0.9691,1,49.8987,1.6980892311909073,0.3499,A',CC-stretch (6.2 um),5,1.215
1048,390,C20H12+,1,20,12,0,1,0,3,8,"2-A""",,10.1021/jp993940i,benzo[a]fluoranthene,825.8,0.0409,832.5366,850.0475801511129,0.9794,0,6.63,0.8215135284047731,0.0465,A',CH-oop (10.5-15 um; benzene nu11 at 673 included),1,-6.737
1049,390,C20H12+,1,20,12,0,1,0,3,8,"2-A""",,10.1021/jp993940i,benzo[a]fluoranthene,627.0,0.0386,627.0217,640.2100265468654,0.9794,0,12.4298,1.0944641407417919,0.0872,"A""",low / skeletal,3,-0.022
1050,390,C20H12+,1,20,12,0,1,0,3,8,"2-A""",,10.1021/jp993940i,benzo[a]fluoranthene,1586.5,0.0386,1586.1077,1636.6811474564029,0.9691,1,88.2821,1.945872655341052,0.619,A',CC-stretch (6.2 um),5,0.392
1051,390,C20H12+,1,20,12,0,1,0,3,8,"2-A""",,10.1021/jp993940i,benzo[a]fluoranthene,907.7,0.0386,905.8636,924.9168878905452,0.9794,0,16.6407,1.2211715911700387,0.1167,"A""",CH-oop (10.5-15 um; benzene nu11 at 673 included),3,1.836
1052,390,C20H12+,1,20,12,0,1,0,3,8,"2-A""",,10.1021/jp993940i,benzo[a]fluoranthene,935.2,0.0364,931.4699,951.061772513784,0.9794,0,1.9355,0.2867931756549739,0.0136,"A""",CH-oop (10.5-15 um; benzene nu11 at 673 included),5,3.73
1053,390,C20H12+,1,20,12,0,1,0,3,8,"2-A""",,10.1021/jp993940i,benzo[a]fluoranthene,1142.6,0.0318,1147.1179,1183.6940460220824,0.9691,1,11.6728,1.0671750444508024,0.0818,A',CH-ip-bend (8.6 um),3,-4.518
1054,390,C20H12+,1,20,12,0,1,0,3,8,"2-A""",,10.1021/jp993940i,benzo[a]fluoranthene,836.2,0.025,859.0328,877.1010822952827,0.9794,0,4.1892,0.6221310948618036,0.0294,"A""",CH-oop (10.5-15 um; benzene nu11 at 673 included),2,-22.833
1055,390,C20H12+,1,20,12,0,1,0,3,8,"2-A""",,10.1021/jp993940i,benzo[a]fluoranthene,1455.9,0.025,1459.5152,1506.0522133938707,0.9691,1,2.0965,0.321494866739587,0.0147,A',CC-stretch/CH-ip (7.7 um),4,-3.615
1056,309,C21H13N,0,21,13,1,1,4,0,8,1-A1,,10.1016/j.saa.2017.03.044,dibenz[c.h]acridine,3059.5,1.0,3061.805,3190.377201208711,0.9597,2,10.8314,1.0346845944811849,0.1613,B2,CH-stretch,9,-2.305
1057,309,C21H13N,0,21,13,1,1,4,0,8,1-A1,,10.1016/j.saa.2017.03.044,dibenz[c.h]acridine,749.5,0.6255,752.0845,767.9033081478457,0.9794,0,49.1616,1.6916260088739645,0.732,B1,CH-oop (10.5-15 um; benzene nu11 at 673 included),4,-2.585
1058,309,C21H13N,0,21,13,1,1,4,0,8,1-A1,,10.1016/j.saa.2017.03.044,dibenz[c.h]acridine,800.6,0.6065,803.2637,820.1589748825811,0.9794,0,47.5474,1.6771267737124431,0.7079,B1,CH-oop (10.5-15 um; benzene nu11 at 673 included),2,-2.664
1059,309,C21H13N,0,21,13,1,1,4,0,8,1-A1,,10.1016/j.saa.2017.03.044,dibenz[c.h]acridine,1400.3,0.4803,1391.2685,1435.6294500051597,0.9691,1,4.7917,0.6804896198105018,0.0713,A1,CC-stretch/CH-ip (7.7 um),2,9.032
1060,309,C21H13N,0,21,13,1,1,4,0,8,1-A1,,10.1016/j.saa.2017.03.044,dibenz[c.h]acridine,3078.8,0.3529,3076.5238,3205.714077315828,0.9597,2,18.0469,1.2564026118639207,0.2687,A1,CH-stretch,9,2.276
1061,309,C21H13N,0,21,13,1,1,4,0,8,1-A1,,10.1016/j.saa.2017.03.044,dibenz[c.h]acridine,1481.3,0.2761,1480.0766,1527.2692188628623,0.9691,1,33.5082,1.5251510989464738,0.4989,B2,CC-stretch/CH-ip (7.7 um),3,1.223
1062,309,C21H13N,0,21,13,1,1,4,0,8,1-A1,,10.1016/j.saa.2017.03.044,dibenz[c.h]acridine,910.6,0.2422,913.6177,932.834082091076,0.9794,0,28.8261,1.459785888900476,0.4292,B1,CH-oop (10.5-15 um; benzene nu11 at 673 included),2,-3.018
1063,309,C21H13N,0,21,13,1,1,4,0,8,1-A1,,10.1016/j.saa.2017.03.044,dibenz[c.h]acridine,719.6,0.1649,721.1062,736.2734327139063,0.9794,0,10.5677,1.0239804758598876,0.1573,B1,CH-oop (10.5-15 um; benzene nu11 at 673 included),3,-1.506
1064,309,C21H13N,0,21,13,1,1,4,0,8,1-A1,,10.1016/j.saa.2017.03.044,dibenz[c.h]acridine,1513.4,0.1618,1510.3864,1558.5454545454547,0.9691,1,15.8267,1.1993903702512327,0.2356,A1,CC-stretch (6.2 um),2,3.014
1065,309,C21H13N,0,21,13,1,1,4,0,8,1-A1,,10.1016/j.saa.2017.03.044,dibenz[c.h]acridine,991.5,0.1552,992.7212,1013.6013886052684,0.9794,0,13.0038,1.1140702813743562,0.1936,B2,ring / CH-ip (9-10.5 um),1,-1.221
1066,309,C21H13N,0,21,13,1,1,4,0,8,1-A1,,10.1016/j.saa.2017.03.044,dibenz[c.h]acridine,1391.0,0.1253,1382.847,1426.9394283355691,0.9691,1,41.3591,1.616571079667936,0.6158,B2,CC-stretch/CH-ip (7.7 um),2,8.153
1067,309,C21H13N,0,21,13,1,1,4,0,8,1-A1,,10.1016/j.saa.2017.03.044,dibenz[c.h]acridine,568.1,0.1252,569.783,581.7674086175209,0.9794,0,8.0255,0.9044720990802144,0.1195,B1,low / skeletal,2,-1.683
1068,309,C21H13N,0,21,13,1,1,4,0,8,1-A1,,10.1016/j.saa.2017.03.044,dibenz[c.h]acridine,1449.8,0.1225,1449.7023,1495.9264265813642,0.9691,1,10.2405,1.0103211619073587,0.1525,B2,CC-stretch/CH-ip (7.7 um),3,0.098
1069,309,C21H13N,0,21,13,1,1,4,0,8,1-A1,,10.1016/j.saa.2017.03.044,dibenz[c.h]acridine,1477.4,0.12,1474.7784,1521.802084408214,0.9691,1,9.6052,0.9825064121953266,0.143,A1,CC-stretch/CH-ip (7.7 um),3,2.622
1070,309,C21H13N,0,21,13,1,1,4,0,8,1-A1,,10.1016/j.saa.2017.03.044,dibenz[c.h]acridine,1548.7,0.079,1542.5861,1591.7718501702611,0.9691,1,7.9175,0.8985880720439495,0.1179,B2,CC-stretch (6.2 um),2,6.114
1071,309,C21H13N,0,21,13,1,1,4,0,8,1-A1,,10.1016/j.saa.2017.03.044,dibenz[c.h]acridine,891.8,0.0748,883.0669,901.6406983867674,0.9794,0,6.9724,0.8433822942167355,0.1038,B2,CH-oop (10.5-15 um; benzene nu11 at 673 included),2,8.733
1072,309,C21H13N,0,21,13,1,1,4,0,8,1-A1,,10.1016/j.saa.2017.03.044,dibenz[c.h]acridine,821.3,0.0746,820.0598,837.3083520522769,0.9794,0,17.4744,1.2424022727632031,0.2602,B1,CH-oop (10.5-15 um; benzene nu11 at 673 included),2,1.24
1073,309,C21H13N,0,21,13,1,1,4,0,8,1-A1,,10.1016/j.saa.2017.03.044,dibenz[c.h]acridine,1635.0,0.0687,1630.8298,1682.8292229904034,0.9691,1,6.5494,0.816201515468931,0.0975,A1,CC-stretch (6.2 um),2,4.17
1074,309,C21H13N,0,21,13,1,1,4,0,8,1-A1,,10.1016/j.saa.2017.03.044,dibenz[c.h]acridine,1454.4,0.0649,1439.6253,1485.5281188731813,0.9691,1,7.9856,0.9023075525220472,0.1189,A1,CC-stretch/CH-ip (7.7 um),4,14.775
1075,309,C21H13N,0,21,13,1,1,4,0,8,1-A1,,10.1016/j.saa.2017.03.044,dibenz[c.h]acridine,765.7,0.0629,759.8979,775.8810496222177,0.9794,0,6.5396,0.8155511851582965,0.0974,B2,CH-oop (10.5-15 um; benzene nu11 at 673 included),2,5.802
1076,309,C21H13N,0,21,13,1,1,4,0,8,1-A1,,10.1016/j.saa.2017.03.044,dibenz[c.h]acridine,652.9,0.0593,652.4748,666.1984888707372,0.9794,0,5.3281,0.7265723672584603,0.0793,A1,CH-oop (10.5-15 um; benzene nu11 at 673 included),1,0.425
1077,309,C21H13N,0,21,13,1,1,4,0,8,1-A1,,10.1016/j.saa.2017.03.044,dibenz[c.h]acridine,1175.3,0.0479,1177.0844,1214.6160354968526,0.9691,1,2.8739,0.4584716523842314,0.0428,B2,CH-ip-bend (8.6 um),1,-1.784
1078,309,C21H13N,0,21,13,1,1,4,0,8,1-A1,,10.1016/j.saa.2017.03.044,dibenz[c.h]acridine,1335.8,0.0461,1334.7232,1377.281188731813,0.9691,1,5.7529,0.7598868249509912,0.0857,A1,CC-stretch/CH-ip (7.7 um),2,1.077
1079,309,C21H13N,0,21,13,1,1,4,0,8,1-A1,,10.1016/j.saa.2017.03.044,dibenz[c.h]acridine,1038.7,0.0451,1042.2563,1064.1783745150092,0.9794,0,2.3511,0.3712711014875845,0.035,B2,ring / CH-ip (9-10.5 um),2,-3.556
1080,309,C21H13N,0,21,13,1,1,4,0,8,1-A1,,10.1016/j.saa.2017.03.044,dibenz[c.h]acridine,1112.1,0.0419,1102.4249,1137.5759983489836,0.9691,1,1.7236,0.23643648541633017,0.0257,A1,CH-ip-bend (8.6 um),3,9.675
1081,309,C21H13N,0,21,13,1,1,4,0,8,1-A1,,10.1016/j.saa.2017.03.044,dibenz[c.h]acridine,1569.9,0.0377,1563.8975,1613.762769580023,0.9691,1,3.7696,0.5762952687709888,0.0561,A1,CC-stretch (6.2 um),3,6.003
1082,309,C21H13N,0,21,13,1,1,4,0,8,1-A1,,10.1016/j.saa.2017.03.044,dibenz[c.h]acridine,1215.5,0.0373,1217.6992,1256.5258487256217,0.9691,1,7.342,0.865814380167968,0.1093,A1,CH-ip-bend (8.6 um),3,-2.199
1083,309,C21H13N,0,21,13,1,1,4,0,8,1-A1,,10.1016/j.saa.2017.03.044,dibenz[c.h]acridine,1576.9,0.0332,1590.8209,1641.544629037251,0.9691,1,25.2065,1.4015125467390304,0.3753,B2,CC-stretch (6.2 um),2,-13.921
1084,309,C21H13N,0,21,13,1,1,4,0,8,1-A1,,10.1016/j.saa.2017.03.044,dibenz[c.h]acridine,1222.4,0.0328,1211.6502,1250.283974822,0.9691,1,2.0648,0.3148779915358125,0.0307,A1,CH-ip-bend (8.6 um),3,10.75
1085,309,C21H13N,0,21,13,1,1,4,0,8,1-A1,,10.1016/j.saa.2017.03.044,dibenz[c.h]acridine,729.0,0.0319,726.1792,741.4531345721871,0.9794,0,4.2838,0.6318291865006298,0.0638,B2,CH-oop (10.5-15 um; benzene nu11 at 673 included),4,2.821
1086,309,C21H13N,0,21,13,1,1,4,0,8,1-A1,,10.1016/j.saa.2017.03.044,dibenz[c.h]acridine,1145.8,0.0315,1145.2102,1181.7255185223405,0.9691,1,2.613,0.41713940972732566,0.0389,B2,CH-ip-bend (8.6 um),2,0.59
1087,309,C21H13N,0,21,13,1,1,4,0,8,1-A1,,10.1016/j.saa.2017.03.044,dibenz[c.h]acridine,1014.6,0.031,1043.8589,1065.814682458648,0.9794,0,4.4752,0.6508124490274521,0.0666,A1,ring / CH-ip (9-10.5 um),3,-29.259
1088,309,C21H13N,0,21,13,1,1,4,0,8,1-A1,,10.1016/j.saa.2017.03.044,dibenz[c.h]acridine,954.8,0.031,943.0893,962.9255666734734,0.9794,0,4.3367,0.637159379988064,0.0646,B1,CH-oop (10.5-15 um; benzene nu11 at 673 included),1,11.711
1089,309,C21H13N,0,21,13,1,1,4,0,8,1-A1,,10.1016/j.saa.2017.03.044,dibenz[c.h]acridine,590.2,0.0295,591.6813,604.1263018174392,0.9794,0,3.2917,0.5174202474753717,0.049,B2,low / skeletal,2,-1.481
1090,309,C21H13N,0,21,13,1,1,4,0,8,1-A1,,10.1016/j.saa.2017.03.044,dibenz[c.h]acridine,1269.0,0.0261,1260.3026,1300.4876689712105,0.9691,1,2.9848,0.4749152360327727,0.0444,B2,CC-stretch/CH-ip (7.7 um),1,8.697
1091,309,C21H13N,0,21,13,1,1,4,0,8,1-A1,,10.1016/j.saa.2017.03.044,dibenz[c.h]acridine,710.8,0.0253,707.7959,722.6831733714519,0.9794,0,1.5619,0.19365322490719905,0.0233,A1,CH-oop (10.5-15 um; benzene nu11 at 673 included),3,3.004
1092,309,C21H13N,0,21,13,1,1,4,0,8,1-A1,,10.1016/j.saa.2017.03.044,dibenz[c.h]acridine,1105.0,0.0199,1100.4856,1135.5748632752038,0.9691,1,2.9432,0.4688197748230706,0.0438,B2,CH-ip-bend (8.6 um),2,4.514
1093,309,C21H13N,0,21,13,1,1,4,0,8,1-A1,,10.1016/j.saa.2017.03.044,dibenz[c.h]acridine,1582.7,0.0188,1608.2359,1659.5149107419254,0.9691,1,1.7887,0.2525375069900041,0.0266,B2,CC-stretch (6.2 um),3,-25.536
1094,309,C21H13N,0,21,13,1,1,4,0,8,1-A1,,10.1016/j.saa.2017.03.044,dibenz[c.h]acridine,1315.6,0.018,1322.4272,1364.593127644206,0.9691,1,2.7605,0.44098775147615704,0.0411,B2,CC-stretch/CH-ip (7.7 um),3,-6.827
1095,309,C21H13N,0,21,13,1,1,4,0,8,1-A1,,10.1016/j.saa.2017.03.044,dibenz[c.h]acridine,503.2,0.0131,500.9378,511.47416785787215,0.9794,0,1.8754,0.2730939116720034,0.0279,B2,low / skeletal,1,2.262
1096,309,C21H13N,0,21,13,1,1,4,0,8,1-A1,,10.1016/j.saa.2017.03.044,dibenz[c.h]acridine,1156.4,0.0097,1137.7952,1174.074089361263,0.9691,1,3.0302,0.48147129385869986,0.0451,B2,CH-ip-bend (8.6 um),3,18.605
1097,833,C21H13N,0,21,13,1,1,0,0,12,1-A',,10.1016/j.saa.2017.03.044,"dibenz[a,c]acridine",3083.3,1.0,3088.8343,3218.541523392727,0.9597,2,21.9688,1.3418063351357363,0.3011,A',CH-stretch,11,-5.534
1098,833,C21H13N,0,21,13,1,1,0,0,12,1-A',,10.1016/j.saa.2017.03.044,"dibenz[a,c]acridine",767.6,0.5485,768.0609,784.2157443332652,0.9794,0,72.9527,1.8630413698881658,1.0,"A""",CH-oop (10.5-15 um; benzene nu11 at 673 included),3,-0.461
1099,833,C21H13N,0,21,13,1,1,0,0,12,1-A',,10.1016/j.saa.2017.03.044,"dibenz[a,c]acridine",759.0,0.4981,756.7656,772.6828670614661,0.9794,0,19.1105,1.2812720499226344,0.262,"A""",CH-oop (10.5-15 um; benzene nu11 at 673 included),3,2.234
1100,833,C21H13N,0,21,13,1,1,0,0,12,1-A',,10.1016/j.saa.2017.03.044,"dibenz[a,c]acridine",1509.9,0.4096,1505.1389,1553.130636673202,0.9691,1,36.34,1.5603849229720155,0.4981,A',CC-stretch (6.2 um),2,4.761
1101,833,C21H13N,0,21,13,1,1,0,0,12,1-A',,10.1016/j.saa.2017.03.044,"dibenz[a,c]acridine",722.6,0.4049,721.8881,737.0717786399837,0.9794,0,34.6689,1.5399400622647381,0.4752,"A""",CH-oop (10.5-15 um; benzene nu11 at 673 included),2,0.712
1102,833,C21H13N,0,21,13,1,1,0,0,12,1-A',,10.1016/j.saa.2017.03.044,"dibenz[a,c]acridine",1415.0,0.3539,1407.099,1451.9647095243008,0.9691,1,30.2649,1.4809392432735191,0.4149,A',CC-stretch/CH-ip (7.7 um),3,7.901
1103,833,C21H13N,0,21,13,1,1,0,0,12,1-A',,10.1016/j.saa.2017.03.044,"dibenz[a,c]acridine",1383.2,0.2853,1375.4257,1419.2814982973894,0.9691,1,29.5313,1.470282565502143,0.4048,A',CC-stretch/CH-ip (7.7 um),2,7.774
1104,833,C21H13N,0,21,13,1,1,0,0,12,1-A',,10.1016/j.saa.2017.03.044,"dibenz[a,c]acridine",1449.0,0.1783,1444.1724,1490.2202043132804,0.9691,1,12.0318,1.080330604196845,0.1649,A',CC-stretch/CH-ip (7.7 um),4,4.828
1105,833,C21H13N,0,21,13,1,1,0,0,12,1-A',,10.1016/j.saa.2017.03.044,"dibenz[a,c]acridine",1495.5,0.1435,1493.3681,1540.9845217211846,0.9691,1,16.1793,1.208959727862553,0.2218,A',CC-stretch/CH-ip (7.7 um),3,2.132
1106,833,C21H13N,0,21,13,1,1,0,0,12,1-A',,10.1016/j.saa.2017.03.044,"dibenz[a,c]acridine",1348.8,0.1412,1345.552,1388.4552677742236,0.9691,1,5.0817,0.7060090227390838,0.0697,A',CC-stretch/CH-ip (7.7 um),4,3.248
1107,833,C21H13N,0,21,13,1,1,0,0,12,1-A',,10.1016/j.saa.2017.03.044,"dibenz[a,c]acridine",1038.2,0.1316,1041.387,1063.290790279763,0.9794,0,10.3998,1.0170249874015138,0.1426,A',ring / CH-ip (9-10.5 um),2,-3.187
1108,833,C21H13N,0,21,13,1,1,0,0,12,1-A',,10.1016/j.saa.2017.03.044,"dibenz[a,c]acridine",904.5,0.0916,896.0263,914.872677149275,0.9794,0,10.5044,1.0213712510179418,0.144,"A""",CH-oop (10.5-15 um; benzene nu11 at 673 included),2,8.474
1109,833,C21H13N,0,21,13,1,1,0,0,12,1-A',,10.1016/j.saa.2017.03.044,"dibenz[a,c]acridine",575.7,0.0858,575.4739,587.5780069430263,0.9794,0,10.1834,1.007892803021335,0.1396,A',low / skeletal,3,0.226
1110,833,C21H13N,0,21,13,1,1,0,0,12,1-A',,10.1016/j.saa.2017.03.044,"dibenz[a,c]acridine",1627.5,0.0754,1625.9768,1677.8214838509955,0.9691,1,6.8872,0.8380426948098016,0.0944,A',CC-stretch (6.2 um),2,1.523
1111,833,C21H13N,0,21,13,1,1,0,0,12,1-A',,10.1016/j.saa.2017.03.044,"dibenz[a,c]acridine",1134.3,0.0644,1128.2665,1164.2415643380457,0.9691,1,5.9163,0.7720501878132296,0.0811,A',CH-ip-bend (8.6 um),3,6.034
1112,833,C21H13N,0,21,13,1,1,0,0,12,1-A',,10.1016/j.saa.2017.03.044,"dibenz[a,c]acridine",856.3,0.0637,859.1394,877.2099244435368,0.9794,0,4.7061,0.6726611512689805,0.0645,"A""",CH-oop (10.5-15 um; benzene nu11 at 673 included),1,-2.839
1113,833,C21H13N,0,21,13,1,1,0,0,12,1-A',,10.1016/j.saa.2017.03.044,"dibenz[a,c]acridine",1584.6,0.0627,1581.8823,1632.321019502631,0.9691,1,2.3727,0.3752428302607701,0.0325,A',CC-stretch (6.2 um),4,2.718
1114,833,C21H13N,0,21,13,1,1,0,0,12,1-A',,10.1016/j.saa.2017.03.044,"dibenz[a,c]acridine",550.6,0.0553,553.8286,565.4774351643864,0.9794,0,3.671,0.5647843845039867,0.0503,"A""",low / skeletal,3,-3.229
1115,833,C21H13N,0,21,13,1,1,0,0,12,1-A',,10.1016/j.saa.2017.03.044,"dibenz[a,c]acridine",1551.2,0.0551,1549.8916,1599.310287895986,0.9691,1,9.6349,0.9838472115007022,0.1321,A',CC-stretch (6.2 um),2,1.308
1116,833,C21H13N,0,21,13,1,1,0,0,12,1-A',,10.1016/j.saa.2017.03.044,"dibenz[a,c]acridine",468.9,0.0533,473.6806,483.6436593832959,0.9794,0,2.1894,0.34032511374829194,0.03,"A""",low / skeletal,2,-4.781
1117,833,C21H13N,0,21,13,1,1,0,0,12,1-A',,10.1016/j.saa.2017.03.044,"dibenz[a,c]acridine",1052.3,0.0501,1060.0421,1082.3382683275472,0.9794,0,4.5858,0.6614151099686176,0.0629,A',ring / CH-ip (9-10.5 um),2,-7.742
1118,833,C21H13N,0,21,13,1,1,0,0,12,1-A',,10.1016/j.saa.2017.03.044,"dibenz[a,c]acridine",802.3,0.0494,798.0758,814.8619562997753,0.9794,0,3.8555,0.5860807074609026,0.0528,"A""",CH-oop (10.5-15 um; benzene nu11 at 673 included),3,4.224
1119,833,C21H13N,0,21,13,1,1,0,0,12,1-A',,10.1016/j.saa.2017.03.044,"dibenz[a,c]acridine",1463.6,0.0464,1459.1013,1505.625116087091,0.9691,1,2.6532,0.42376998862633874,0.0364,A',CC-stretch/CH-ip (7.7 um),5,4.499
1120,833,C21H13N,0,21,13,1,1,0,0,12,1-A',,10.1016/j.saa.2017.03.044,"dibenz[a,c]acridine",1148.4,0.0422,1148.7096,1185.3364977814467,0.9691,1,1.7566,0.2446728784161102,0.0241,A',CH-ip-bend (8.6 um),4,-0.31
1121,833,C21H13N,0,21,13,1,1,0,0,12,1-A',,10.1016/j.saa.2017.03.044,"dibenz[a,c]acridine",1476.6,0.0408,1473.6597,1520.6477143741615,0.9691,1,1.5497,0.19024763303819628,0.0212,A',CC-stretch/CH-ip (7.7 um),4,2.94
1122,833,C21H13N,0,21,13,1,1,0,0,12,1-A',,10.1016/j.saa.2017.03.044,"dibenz[a,c]acridine",1304.7,0.04,1308.6263,1350.3521824373129,0.9691,1,1.5529,0.1911434899548985,0.0213,A',CC-stretch/CH-ip (7.7 um),3,-3.926
1123,833,C21H13N,0,21,13,1,1,0,0,12,1-A',,10.1016/j.saa.2017.03.044,"dibenz[a,c]acridine",1201.5,0.0383,1202.3154,1240.6515323496028,0.9691,1,2.7303,0.43621036908705463,0.0374,A',CH-ip-bend (8.6 um),1,-0.815
1124,833,C21H13N,0,21,13,1,1,0,0,12,1-A',,10.1016/j.saa.2017.03.044,"dibenz[a,c]acridine",618.7,0.038,620.102,633.1447825199101,0.9794,0,5.0408,0.7024994666070704,0.0691,A',low / skeletal,2,-1.402
1125,833,C21H13N,0,21,13,1,1,0,0,12,1-A',,10.1016/j.saa.2017.03.044,"dibenz[a,c]acridine",1311.0,0.0358,1322.1426,1364.299453100815,0.9691,1,5.163,0.7129021250472227,0.0708,A',CC-stretch/CH-ip (7.7 um),3,-11.143
1126,833,C21H13N,0,21,13,1,1,0,0,12,1-A',,10.1016/j.saa.2017.03.044,"dibenz[a,c]acridine",1261.9,0.029,1259.6808,1299.8460427200496,0.9691,1,5.3095,0.7250536251370061,0.0728,A',CC-stretch/CH-ip (7.7 um),2,2.219
1127,833,C21H13N,0,21,13,1,1,0,0,12,1-A',,10.1016/j.saa.2017.03.044,"dibenz[a,c]acridine",814.9,0.024,812.6215,829.7136001633653,0.9794,0,1.9859,0.2979573758101091,0.0272,A',CH-oop (10.5-15 um; benzene nu11 at 673 included),2,2.279
1128,833,C21H13N,0,21,13,1,1,0,0,12,1-A',,10.1016/j.saa.2017.03.044,"dibenz[a,c]acridine",965.3,0.0239,958.7313,978.89656932816,0.9794,0,2.0613,0.3141412032605709,0.0283,A',ring / CH-ip (9-10.5 um),2,6.569
1129,833,C21H13N,0,21,13,1,1,0,0,12,1-A',,10.1016/j.saa.2017.03.044,"dibenz[a,c]acridine",622.7,0.0235,624.0694,637.1956299775372,0.9794,0,1.2598,0.10030160401385385,0.0173,A',low / skeletal,2,-1.369
1130,833,C21H13N,0,21,13,1,1,0,0,12,1-A',,10.1016/j.saa.2017.03.044,"dibenz[a,c]acridine",1008.1,0.0226,1000.6154,1021.661629569124,0.9794,0,1.571,0.1961761850399733,0.0215,A',ring / CH-ip (9-10.5 um),1,7.485
1131,833,C21H13N,0,21,13,1,1,0,0,12,1-A',,10.1016/j.saa.2017.03.044,"dibenz[a,c]acridine",1111.2,0.02,1102.9649,1138.1332163863378,0.9691,1,1.0687,0.028855809390444003,0.0146,A',CH-ip-bend (8.6 um),2,8.235
1132,833,C21H13N,0,21,13,1,1,0,0,12,1-A',,10.1016/j.saa.2017.03.044,"dibenz[a,c]acridine",957.8,0.0193,944.5239,964.3903410251174,0.9794,0,3.4561,0.5385863000163126,0.0474,"A""",CH-oop (10.5-15 um; benzene nu11 at 673 included),2,13.276
1133,833,C21H13N,0,21,13,1,1,0,0,12,1-A',,10.1016/j.saa.2017.03.044,"dibenz[a,c]acridine",1172.6,0.0187,1169.6847,1206.9803941801672,0.9691,1,1.4907,0.1733902514651952,0.0204,A',CH-ip-bend (8.6 um),4,2.915
1134,833,C21H13N,0,21,13,1,1,0,0,12,1-A',,10.1016/j.saa.2017.03.044,"dibenz[a,c]acridine",563.4,0.018,564.4089,576.2802736369206,0.9794,0,1.9075,0.28046454662691805,0.0261,"A""",low / skeletal,3,-1.009
1135,833,C21H13N,0,21,13,1,1,0,0,12,1-A',,10.1016/j.saa.2017.03.044,"dibenz[a,c]acridine",1238.8,0.0176,1237.185,1276.6329584150242,0.9691,1,3.4278,0.5350154744441926,0.047,A',CH-ip-bend (8.6 um),2,1.615
1136,833,C21H13N,0,21,13,1,1,0,0,12,1-A',,10.1016/j.saa.2017.03.044,"dibenz[a,c]acridine",700.7,0.0152,699.4086,714.1194608944251,0.9794,0,1.3942,0.14432507840048833,0.0191,A',CH-oop (10.5-15 um; benzene nu11 at 673 included),3,1.291
1137,833,C21H13N,0,21,13,1,1,0,0,12,1-A',,10.1016/j.saa.2017.03.044,"dibenz[a,c]acridine",1162.8,0.0152,1160.877,1197.8918584253431,0.9691,1,1.6162,0.2084951024298374,0.0222,A',CH-ip-bend (8.6 um),3,1.923
1138,833,C21H13N,0,21,13,1,1,0,0,12,1-A',,10.1016/j.saa.2017.03.044,"dibenz[a,c]acridine",684.4,0.0135,681.6511,695.9884623238718,0.9794,0,1.2984,0.11340850681817546,0.0178,A',CH-oop (10.5-15 um; benzene nu11 at 673 included),2,2.749
1139,833,C21H13N,0,21,13,1,1,0,0,12,1-A',,10.1016/j.saa.2017.03.044,"dibenz[a,c]acridine",895.0,0.0104,917.761,937.0645293036551,0.9794,0,2.693,0.43023635341151045,0.0369,"A""",CH-oop (10.5-15 um; benzene nu11 at 673 included),2,-22.761
1140,833,C21H13N,0,21,13,1,1,0,0,12,1-A',,10.1016/j.saa.2017.03.044,"dibenz[a,c]acridine",1288.8,0.0081,1292.7864,1334.0072231967806,0.9691,1,6.3223,0.8008750997372466,0.0867,A',CC-stretch/CH-ip (7.7 um),3,-3.986
1141,833,C21H13N,0,21,13,1,1,0,0,12,1-A',,10.1016/j.saa.2017.03.044,"dibenz[a,c]acridine",783.4,0.0074,780.9561,797.3821727588319,0.9794,0,1.6956,0.22932340789618344,0.0232,"A""",CH-oop (10.5-15 um; benzene nu11 at 673 included),5,2.444
1142,833,C21H13N,0,21,13,1,1,0,0,12,1-A',,10.1016/j.saa.2017.03.044,"dibenz[a,c]acridine",1329.2,0.0044,1341.9653,1384.7542049324115,0.9691,1,8.2817,0.9181194943739959,0.1135,A',CC-stretch/CH-ip (7.7 um),4,-12.765
1143,311,C21H13N,0,21,13,1,1,4,0,8,1-A1,,10.1016/j.saa.2017.03.044,"dibenz[a,j]acridine""",749.6,1.0,751.4193,767.2241168062079,0.9794,0,64.0488,1.8065109973397162,0.9126,B1,CH-oop (10.5-15 um; benzene nu11 at 673 included),2,-1.819
1144,311,C21H13N,0,21,13,1,1,4,0,8,1-A1,,10.1016/j.saa.2017.03.044,"dibenz[a,j]acridine""",838.5,0.9294,838.4256,856.0604451705126,0.9794,0,51.7542,1.7139455997871025,0.7374,B1,CH-oop (10.5-15 um; benzene nu11 at 673 included),2,0.074
1145,311,C21H13N,0,21,13,1,1,4,0,8,1-A1,,10.1016/j.saa.2017.03.044,"dibenz[a,j]acridine""",1379.7,0.6553,1371.215,1414.9365390568569,0.9691,1,58.24,1.7652213663049807,0.8298,B2,CC-stretch/CH-ip (7.7 um),1,8.485
1146,311,C21H13N,0,21,13,1,1,4,0,8,1-A1,,10.1016/j.saa.2017.03.044,"dibenz[a,j]acridine""",3076.3,0.6203,3074.1086,3203.1974575388144,0.9597,2,70.1836,1.8462356411668777,1.0,B2,CH-stretch,12,2.191
1147,311,C21H13N,0,21,13,1,1,4,0,8,1-A1,,10.1016/j.saa.2017.03.044,"dibenz[a,j]acridine""",1492.2,0.3939,1490.3795,1537.9006294500052,0.9691,1,33.106,1.5199067107167379,0.4717,B2,CC-stretch/CH-ip (7.7 um),2,1.821
1148,311,C21H13N,0,21,13,1,1,4,0,8,1-A1,,10.1016/j.saa.2017.03.044,"dibenz[a,j]acridine""",3043.6,0.3858,3050.4272,3178.521621340002,0.9597,2,2.2075,0.3439007122496062,0.0315,B2,CH-stretch,6,-6.827
1149,311,C21H13N,0,21,13,1,1,4,0,8,1-A1,,10.1016/j.saa.2017.03.044,"dibenz[a,j]acridine""",1615.1,0.3734,1613.4855,1664.9318955732124,0.9691,1,1.1519,0.06141477827707333,0.0164,A1,CC-stretch (6.2 um),3,1.614
1150,311,C21H13N,0,21,13,1,1,4,0,8,1-A1,,10.1016/j.saa.2017.03.044,"dibenz[a,j]acridine""",3061.6,0.2884,3060.682,3189.207043867875,0.9597,2,4.7912,0.6804443000761523,0.0683,B2,CH-stretch,11,0.918
1151,311,C21H13N,0,21,13,1,1,4,0,8,1-A1,,10.1016/j.saa.2017.03.044,"dibenz[a,j]acridine""",747.5,0.1721,726.1514,741.424749846845,0.9794,0,2.1821,0.3388746493013815,0.0311,B2,CH-oop (10.5-15 um; benzene nu11 at 673 included),3,21.349
1152,311,C21H13N,0,21,13,1,1,4,0,8,1-A1,,10.1016/j.saa.2017.03.044,"dibenz[a,j]acridine""",1437.8,0.1315,1426.7229,1472.2143225673306,0.9691,1,8.7392,0.9414716784596393,0.1245,A1,CC-stretch/CH-ip (7.7 um),3,11.077
1153,311,C21H13N,0,21,13,1,1,4,0,8,1-A1,,10.1016/j.saa.2017.03.044,"dibenz[a,j]acridine""",1548.8,0.1263,1548.6816,1598.061706738211,0.9691,1,10.6212,1.0261735867959971,0.1513,B2,CC-stretch (6.2 um),3,0.118
1154,311,C21H13N,0,21,13,1,1,4,0,8,1-A1,,10.1016/j.saa.2017.03.044,"dibenz[a,j]acridine""",592.3,0.1185,594.0781,606.5735143965693,0.9794,0,10.1877,1.0080761476909816,0.1452,B2,low / skeletal,2,-1.778
1155,311,C21H13N,0,21,13,1,1,4,0,8,1-A1,,10.1016/j.saa.2017.03.044,"dibenz[a,j]acridine""",1416.6,0.1164,1413.1287,1458.1866680425137,0.9691,1,4.074,0.6100210246641453,0.058,B2,CC-stretch/CH-ip (7.7 um),2,3.471
1156,311,C21H13N,0,21,13,1,1,4,0,8,1-A1,,10.1016/j.saa.2017.03.044,"dibenz[a,j]acridine""",902.5,0.1142,883.4751,902.057484173984,0.9794,0,10.6477,1.0272558063490382,0.1517,B1,CH-oop (10.5-15 um; benzene nu11 at 673 included),3,19.025
1157,311,C21H13N,0,21,13,1,1,4,0,8,1-A1,,10.1016/j.saa.2017.03.044,"dibenz[a,j]acridine""",1495.4,0.1136,1521.7826,1570.3050252811888,0.9691,1,3.351,0.5251744278352715,0.0477,A1,CC-stretch (6.2 um),2,-26.383
1158,311,C21H13N,0,21,13,1,1,4,0,8,1-A1,,10.1016/j.saa.2017.03.044,"dibenz[a,j]acridine""",516.5,0.1108,519.8118,530.7451500918929,0.9794,0,1.5955,0.2028968085295292,0.0227,A1,low / skeletal,4,-3.312
1159,311,C21H13N,0,21,13,1,1,4,0,8,1-A1,,10.1016/j.saa.2017.03.044,"dibenz[a,j]acridine""",1214.9,0.0991,1217.025,1255.8301516871325,0.9691,1,2.4306,0.3857134935672319,0.0346,B2,CH-ip-bend (8.6 um),5,-2.125
1160,311,C21H13N,0,21,13,1,1,4,0,8,1-A1,,10.1016/j.saa.2017.03.044,"dibenz[a,j]acridine""",1192.1,0.0984,1193.1412,1231.184810649056,0.9691,1,3.7982,0.5795778294398342,0.0541,B2,CH-ip-bend (8.6 um),4,-1.041
1161,311,C21H13N,0,21,13,1,1,4,0,8,1-A1,,10.1016/j.saa.2017.03.044,"dibenz[a,j]acridine""",1457.7,0.0748,1452.0622,1498.3615725931277,0.9691,1,8.2226,0.9150091639040512,0.1172,B2,CC-stretch/CH-ip (7.7 um),1,5.638
1162,311,C21H13N,0,21,13,1,1,4,0,8,1-A1,,10.1016/j.saa.2017.03.044,"dibenz[a,j]acridine""",1224.1,0.072,1218.3063,1257.1523062635436,0.9691,1,7.7358,0.8885052330476458,0.1102,A1,CH-ip-bend (8.6 um),4,5.794
1163,311,C21H13N,0,21,13,1,1,4,0,8,1-A1,,10.1016/j.saa.2017.03.044,"dibenz[a,j]acridine""",962.8,0.0702,964.2217,984.5024504798856,0.9794,0,5.7413,0.7590102406388325,0.0818,B2,ring / CH-ip (9-10.5 um),1,-1.422
1164,311,C21H13N,0,21,13,1,1,4,0,8,1-A1,,10.1016/j.saa.2017.03.044,"dibenz[a,j]acridine""",537.6,0.0637,536.2285,547.5071472329998,0.9794,0,3.1772,0.5020445538773534,0.0453,B2,low / skeletal,3,1.371
1165,311,C21H13N,0,21,13,1,1,4,0,8,1-A1,,10.1016/j.saa.2017.03.044,"dibenz[a,j]acridine""",886.7,0.0604,879.7655,898.2698590974065,0.9794,0,4.1035,0.6131544377592651,0.0585,B2,CH-oop (10.5-15 um; benzene nu11 at 673 included),3,6.935
1166,311,C21H13N,0,21,13,1,1,4,0,8,1-A1,,10.1016/j.saa.2017.03.044,"dibenz[a,j]acridine""",1106.2,0.0592,1097.5961,1132.5932308327317,0.9691,1,4.0216,0.6043988722200189,0.0573,A1,ring / CH-ip (9-10.5 um),3,8.604
1167,311,C21H13N,0,21,13,1,1,4,0,8,1-A1,,10.1016/j.saa.2017.03.044,"dibenz[a,j]acridine""",521.1,0.059,521.3596,532.3255054114763,0.9794,0,8.2181,0.9147714215673661,0.1171,B1,low / skeletal,4,-0.26
1168,311,C21H13N,0,21,13,1,1,4,0,8,1-A1,,10.1016/j.saa.2017.03.044,"dibenz[a,j]acridine""",786.5,0.0561,785.2258,801.7416785787217,0.9794,0,1.3538,0.13155450976123967,0.0193,B1,CH-oop (10.5-15 um; benzene nu11 at 673 included),1,1.274
1169,311,C21H13N,0,21,13,1,1,4,0,8,1-A1,,10.1016/j.saa.2017.03.044,"dibenz[a,j]acridine""",944.8,0.0526,928.8843,948.4217888503164,0.9794,0,8.1238,0.9097592229595586,0.1158,B1,CH-oop (10.5-15 um; benzene nu11 at 673 included),2,15.916
1170,311,C21H13N,0,21,13,1,1,4,0,8,1-A1,,10.1016/j.saa.2017.03.044,"dibenz[a,j]acridine""",864.7,0.0526,866.308,884.5293036552991,0.9794,0,16.7571,1.224198861372277,0.2388,B1,CH-oop (10.5-15 um; benzene nu11 at 673 included),4,-1.608
1171,311,C21H13N,0,21,13,1,1,4,0,8,1-A1,,10.1016/j.saa.2017.03.044,"dibenz[a,j]acridine""",1328.9,0.0442,1328.883,1371.2547724693015,0.9691,1,2.5286,0.4028801336021066,0.036,A1,CC-stretch/CH-ip (7.7 um),1,0.017
1172,311,C21H13N,0,21,13,1,1,4,0,8,1-A1,,10.1016/j.saa.2017.03.044,"dibenz[a,j]acridine""",1585.0,0.0384,1585.4919,1636.0457125167682,0.9691,1,16.0517,1.2055210343435054,0.2287,B2,CC-stretch (6.2 um),4,-0.492
1173,311,C21H13N,0,21,13,1,1,4,0,8,1-A1,,10.1016/j.saa.2017.03.044,"dibenz[a,j]acridine""",1002.6,0.0346,996.4024,1017.3600163365325,0.9794,0,2.6005,0.4150568581108509,0.0371,A1,ring / CH-ip (9-10.5 um),1,6.198
1174,311,C21H13N,0,21,13,1,1,4,0,8,1-A1,,10.1016/j.saa.2017.03.044,"dibenz[a,j]acridine""",1038.0,0.0344,1047.5177,1069.550439044313,0.9794,0,4.1456,0.6175873956417496,0.0591,B2,ring / CH-ip (9-10.5 um),2,-9.518
1175,311,C21H13N,0,21,13,1,1,4,0,8,1-A1,,10.1016/j.saa.2017.03.044,"dibenz[a,j]acridine""",1219.4,0.0334,1211.1799,1249.7986791868746,0.9691,1,3.2526,0.5122306576642379,0.0463,A1,CH-ip-bend (8.6 um),5,8.22
1176,311,C21H13N,0,21,13,1,1,4,0,8,1-A1,,10.1016/j.saa.2017.03.044,"dibenz[a,j]acridine""",716.0,0.0297,718.36,733.469471104758,0.9794,0,1.0846,0.035269600099436256,0.0155,B1,CH-oop (10.5-15 um; benzene nu11 at 673 included),3,-2.36
1177,311,C21H13N,0,21,13,1,1,4,0,8,1-A1,,10.1016/j.saa.2017.03.044,"dibenz[a,j]acridine""",1279.6,0.0232,1270.4326,1310.9406665978745,0.9691,1,3.1442,0.4975101633641293,0.0448,B2,CC-stretch/CH-ip (7.7 um),2,9.167
1178,311,C21H13N,0,21,13,1,1,4,0,8,1-A1,,10.1016/j.saa.2017.03.044,"dibenz[a,j]acridine""",1575.3,0.0198,1563.7634,1613.6243937674133,0.9691,1,3.8286,0.583039995006035,0.0546,A1,CC-stretch (6.2 um),3,11.537
1179,311,C21H13N,0,21,13,1,1,4,0,8,1-A1,,10.1016/j.saa.2017.03.044,"dibenz[a,j]acridine""",1307.3,0.0163,1295.4242,1336.7291301207306,0.9691,1,2.0413,0.3099068355686808,0.0291,A1,CC-stretch/CH-ip (7.7 um),2,11.876
1180,311,C21H13N,0,21,13,1,1,4,0,8,1-A1,,10.1016/j.saa.2017.03.044,"dibenz[a,j]acridine""",645.9,0.0149,647.2542,660.8680824994894,0.9794,0,1.0096,0.004149341900059117,0.0144,A1,low / skeletal,1,-1.354
1181,311,C21H13N,0,21,13,1,1,4,0,8,1-A1,,10.1016/j.saa.2017.03.044,"dibenz[a,j]acridine""",726.8,0.0052,703.8211,718.6247702675107,0.9794,0,1.5891,0.20115122765526014,0.0226,A1,CH-oop (10.5-15 um; benzene nu11 at 673 included),4,22.979
1182,303,C21H13N,0,21,13,1,1,4,0,8,1-A',,10.1016/j.saa.2017.03.044,"dibenz[a,h]acridine""",3061.6,1.0,3061.9172,3190.494112743565,0.9597,2,8.4071,0.9246462132539535,0.1726,A',CH-stretch,12,-0.317
1183,303,C21H13N,0,21,13,1,1,4,0,8,1-A',,10.1016/j.saa.2017.03.044,"dibenz[a,h]acridine""",747.1,0.4321,749.8918,765.6644884623238,0.9794,0,42.858,1.6320319005081858,0.8798,"A""",CH-oop (10.5-15 um; benzene nu11 at 673 included),5,-2.792
1184,303,C21H13N,0,21,13,1,1,4,0,8,1-A',,10.1016/j.saa.2017.03.044,"dibenz[a,h]acridine""",1403.1,0.4218,1412.2058,1457.234341141265,0.9691,1,1.4175,0.15152306756494419,0.0291,A',CC-stretch/CH-ip (7.7 um),3,-9.106
1185,303,C21H13N,0,21,13,1,1,4,0,8,1-A',,10.1016/j.saa.2017.03.044,"dibenz[a,h]acridine""",812.7,0.3408,816.4171,833.5890341025117,0.9794,0,42.3161,1.6265056347707985,0.8687,"A""",CH-oop (10.5-15 um; benzene nu11 at 673 included),3,-3.717
1186,303,C21H13N,0,21,13,1,1,4,0,8,1-A',,10.1016/j.saa.2017.03.044,"dibenz[a,h]acridine""",834.7,0.2407,834.179,851.7245252195221,0.9794,0,18.713,1.2721434175910502,0.3842,"A""",CH-oop (10.5-15 um; benzene nu11 at 673 included),3,0.521
1187,303,C21H13N,0,21,13,1,1,4,0,8,1-A',,10.1016/j.saa.2017.03.044,"dibenz[a,h]acridine""",1511.4,0.1594,1508.4685,1556.566401816118,0.9691,1,20.4898,1.3115377192933233,0.4206,A',CC-stretch (6.2 um),2,2.932
1188,303,C21H13N,0,21,13,1,1,4,0,8,1-A',,10.1016/j.saa.2017.03.044,"dibenz[a,h]acridine""",1446.9,0.149,1452.9268,1499.2537405840471,0.9691,1,23.4082,1.369368019415434,0.4805,A',CC-stretch/CH-ip (7.7 um),3,-6.027
1189,303,C21H13N,0,21,13,1,1,4,0,8,1-A',,10.1016/j.saa.2017.03.044,"dibenz[a,h]acridine""",1458.4,0.1448,1439.0614,1484.946238778248,0.9691,1,10.9234,1.0383578372160038,0.2242,A',CC-stretch/CH-ip (7.7 um),3,19.339
1190,303,C21H13N,0,21,13,1,1,4,0,8,1-A',,10.1016/j.saa.2017.03.044,"dibenz[a,h]acridine""",907.3,0.1271,900.9615,919.9116806207882,0.9794,0,19.2501,1.2844329899138902,0.3952,"A""",CH-oop (10.5-15 um; benzene nu11 at 673 included),3,6.338
1191,303,C21H13N,0,21,13,1,1,4,0,8,1-A',,10.1016/j.saa.2017.03.044,"dibenz[a,h]acridine""",1025.5,0.1257,1029.9737,1051.6374310802532,0.9794,0,13.7231,1.1374522280484862,0.2817,A',ring / CH-ip (9-10.5 um),2,-4.474
1192,303,C21H13N,0,21,13,1,1,4,0,8,1-A',,10.1016/j.saa.2017.03.044,"dibenz[a,h]acridine""",532.0,0.1135,536.415,547.69756994078,0.9794,0,10.738,1.030923399627219,0.2204,"A""",low / skeletal,2,-4.415
1193,303,C21H13N,0,21,13,1,1,4,0,8,1-A',,10.1016/j.saa.2017.03.044,"dibenz[a,h]acridine""",1500.2,0.0949,1496.3568,1544.0685171808896,0.9691,1,13.0338,1.1150710525838716,0.2676,A',CC-stretch/CH-ip (7.7 um),2,3.843
1194,303,C21H13N,0,21,13,1,1,4,0,8,1-A',,10.1016/j.saa.2017.03.044,"dibenz[a,h]acridine""",651.1,0.0947,650.8428,664.5321625484991,0.9794,0,13.106,1.1174701636201199,0.2691,A',CH-oop (10.5-15 um; benzene nu11 at 673 included),2,0.257
1195,303,C21H13N,0,21,13,1,1,4,0,8,1-A',,10.1016/j.saa.2017.03.044,"dibenz[a,h]acridine""",1374.0,0.0842,1368.3537,1411.9840057785573,0.9691,1,16.0244,1.2047817772506082,0.329,A',CC-stretch/CH-ip (7.7 um),2,5.646
1196,303,C21H13N,0,21,13,1,1,4,0,8,1-A',,10.1016/j.saa.2017.03.044,"dibenz[a,h]acridine""",671.6,0.0722,673.7533,687.9245456401878,0.9794,0,6.0329,0.7805261266079464,0.1238,"A""",CH-oop (10.5-15 um; benzene nu11 at 673 included),2,-2.153
1197,303,C21H13N,0,21,13,1,1,4,0,8,1-A',,10.1016/j.saa.2017.03.044,"dibenz[a,h]acridine""",1550.4,0.0706,1546.2805,1595.5840470539677,0.9691,1,7.7348,0.8884490885564809,0.1588,A',CC-stretch (6.2 um),2,4.12
1198,303,C21H13N,0,21,13,1,1,4,0,8,1-A',,10.1016/j.saa.2017.03.044,"dibenz[a,h]acridine""",1223.8,0.0701,1224.2833,1263.3198844288515,0.9691,1,2.4178,0.38342037324569683,0.0496,A',CH-ip-bend (8.6 um),4,-0.483
1199,303,C21H13N,0,21,13,1,1,4,0,8,1-A',,10.1016/j.saa.2017.03.044,"dibenz[a,h]acridine""",878.2,0.0685,880.9026,899.4308760465591,0.9794,0,2.9781,0.4739392765991779,0.0611,A',CH-oop (10.5-15 um; benzene nu11 at 673 included),4,-2.703
1200,303,C21H13N,0,21,13,1,1,4,0,8,1-A',,10.1016/j.saa.2017.03.044,"dibenz[a,h]acridine""",1618.2,0.0603,1619.9866,1671.6402848003302,0.9691,1,1.1193,0.04894650376049152,0.023,A',CC-stretch (6.2 um),5,-1.787
1201,303,C21H13N,0,21,13,1,1,4,0,8,1-A',,10.1016/j.saa.2017.03.044,"dibenz[a,h]acridine""",1189.1,0.0512,1190.9548,1228.9286967289238,0.9691,1,4.0319,0.6055097521113878,0.0828,A',CH-ip-bend (8.6 um),4,-1.855
1202,303,C21H13N,0,21,13,1,1,4,0,8,1-A',,10.1016/j.saa.2017.03.044,"dibenz[a,h]acridine""",1318.2,0.0474,1324.7269,1366.966154163657,0.9691,1,14.721,1.1679373127005779,0.3022,A',CC-stretch/CH-ip (7.7 um),2,-6.527
1203,303,C21H13N,0,21,13,1,1,4,0,8,1-A',,10.1016/j.saa.2017.03.044,"dibenz[a,h]acridine""",802.8,0.0419,805.6326,822.5777006330406,0.9794,0,5.3944,0.7319431466685836,0.1107,"A""",CH-oop (10.5-15 um; benzene nu11 at 673 included),2,-2.833
1204,303,C21H13N,0,21,13,1,1,4,0,8,1-A',,10.1016/j.saa.2017.03.044,"dibenz[a,h]acridine""",482.5,0.0394,480.4605,490.5661629569124,0.9794,0,4.6152,0.6641905259500859,0.0947,A',low / skeletal,1,2.039
1205,303,C21H13N,0,21,13,1,1,4,0,8,1-A',,10.1016/j.saa.2017.03.044,"dibenz[a,h]acridine""",771.1,0.0327,766.5872,782.7110475801511,0.9794,0,6.1458,0.7885784231006929,0.1262,A',CH-oop (10.5-15 um; benzene nu11 at 673 included),4,4.513
1206,303,C21H13N,0,21,13,1,1,4,0,8,1-A',,10.1016/j.saa.2017.03.044,"dibenz[a,h]acridine""",1110.3,0.0321,1100.4233,1135.5105768238573,0.9691,1,3.6727,0.564985454981382,0.0754,A',CH-ip-bend (8.6 um),2,9.877
1207,303,C21H13N,0,21,13,1,1,4,0,8,1-A',,10.1016/j.saa.2017.03.044,"dibenz[a,h]acridine""",887.2,0.0319,872.4952,890.84664080049,0.9794,0,5.8072,0.7639667833952414,0.1192,A',CH-oop (10.5-15 um; benzene nu11 at 673 included),4,14.705
1208,303,C21H13N,0,21,13,1,1,4,0,8,1-A',,10.1016/j.saa.2017.03.044,"dibenz[a,h]acridine""",1321.7,0.0239,1341.8873,1384.6737178825715,0.9691,1,1.6156,0.20833384449795064,0.0332,A',CC-stretch/CH-ip (7.7 um),2,-20.187
1209,303,C21H13N,0,21,13,1,1,4,0,8,1-A',,10.1016/j.saa.2017.03.044,"dibenz[a,h]acridine""",1262.3,0.0214,1257.0782,1297.160458157053,0.9691,1,3.1973,0.5047833876736135,0.0656,A',CC-stretch/CH-ip (7.7 um),1,5.222
1210,303,C21H13N,0,21,13,1,1,4,0,8,1-A',,10.1016/j.saa.2017.03.044,"dibenz[a,h]acridine""",1389.2,0.0204,1389.9192,1434.237127231452,0.9691,1,34.2205,1.5342863507823628,0.7025,A',CC-stretch/CH-ip (7.7 um),3,-0.719
1211,303,C21H13N,0,21,13,1,1,4,0,8,1-A',,10.1016/j.saa.2017.03.044,"dibenz[a,h]acridine""",1136.6,0.0188,1137.7966,1174.075534000619,0.9691,1,1.5689,0.19559526300552552,0.0322,A',CH-ip-bend (8.6 um),3,-1.197
1212,303,C21H13N,0,21,13,1,1,4,0,8,1-A',,10.1016/j.saa.2017.03.044,"dibenz[a,h]acridine""",866.3,0.0169,867.1003,885.3382683275473,0.9794,0,6.4578,0.8100845906592491,0.1326,"A""",CH-oop (10.5-15 um; benzene nu11 at 673 included),3,-0.8
1213,303,C21H13N,0,21,13,1,1,4,0,8,1-A',,10.1016/j.saa.2017.03.044,"dibenz[a,h]acridine""",717.9,0.0166,719.8657,735.006840923014,0.9794,0,1.6805,0.22543851680549626,0.0345,"A""",CH-oop (10.5-15 um; benzene nu11 at 673 included),3,-1.966
1214,303,C21H13N,0,21,13,1,1,4,0,8,1-A',,10.1016/j.saa.2017.03.044,"dibenz[a,h]acridine""",945.7,0.0152,944.1874,964.0467633244843,0.9794,0,1.9038,0.27962132248405586,0.0391,"A""",CH-oop (10.5-15 um; benzene nu11 at 673 included),2,1.513
1215,303,C21H13N,0,21,13,1,1,4,0,8,1-A',,10.1016/j.saa.2017.03.044,"dibenz[a,h]acridine""",1036.4,0.0133,1053.7472,1075.9109658974885,0.9794,0,1.597,0.20330491613848292,0.0328,A',ring / CH-ip (9-10.5 um),2,-17.347
1216,303,C21H13N,0,21,13,1,1,4,0,8,1-A',,10.1016/j.saa.2017.03.044,"dibenz[a,h]acridine""",712.6,0.0122,710.1916,725.1292628139677,0.9794,0,1.2286,0.08941051098354448,0.0252,A',CH-oop (10.5-15 um; benzene nu11 at 673 included),3,2.408
1217,303,C21H13N,0,21,13,1,1,4,0,8,1-A',,10.1016/j.saa.2017.03.044,"dibenz[a,h]acridine""",3122.0,0.0119,3101.4069,3231.64207564864,0.9597,2,7.0503,0.8482075972144565,0.1447,A',CH-stretch,1,20.593
1218,303,C21H13N,0,21,13,1,1,4,0,8,1-A',,10.1016/j.saa.2017.03.044,"dibenz[a,h]acridine""",551.0,0.0108,550.949,562.5372677149275,0.9794,0,1.1518,0.0613770741938875,0.0236,A',low / skeletal,3,0.051
1219,303,C21H13N,0,21,13,1,1,4,0,8,1-A',,10.1016/j.saa.2017.03.044,"dibenz[a,h]acridine""",1231.0,0.0104,1218.2686,1257.1134041894545,0.9691,1,5.6275,0.7503155036725576,0.1155,A',CH-ip-bend (8.6 um),4,12.731
1220,303,C21H13N,0,21,13,1,1,4,0,8,1-A',,10.1016/j.saa.2017.03.044,"dibenz[a,h]acridine""",577.2,0.0086,580.1878,592.3910557484174,0.9794,0,1.1861,0.07412130590629787,0.0243,"A""",low / skeletal,2,-2.988
1221,303,C21H13N,0,21,13,1,1,4,0,8,1-A',,10.1016/j.saa.2017.03.044,"dibenz[a,h]acridine""",1152.4,0.0084,1151.7535,1188.4774533071925,0.9691,1,1.1062,0.0438336541331468,0.0227,A',CH-ip-bend (8.6 um),3,0.647
1222,303,C21H13N,0,21,13,1,1,4,0,8,1-A',,10.1016/j.saa.2017.03.044,"dibenz[a,h]acridine""",953.0,0.0075,928.0755,947.5959771288544,0.9794,0,6.1427,0.788359305564385,0.1261,"A""",CH-oop (10.5-15 um; benzene nu11 at 673 included),2,24.924
1223,303,C21H13N,0,21,13,1,1,4,0,8,1-A',,10.1016/j.saa.2017.03.044,"dibenz[a,h]acridine""",1147.3,0.0068,1142.8175,1179.256526674234,0.9691,1,1.1979,0.07842056491399998,0.0246,A',CH-ip-bend (8.6 um),3,4.482
1224,303,C21H13N,0,21,13,1,1,4,0,8,1-A',,10.1016/j.saa.2017.03.044,"dibenz[a,h]acridine""",1209.8,0.0066,1214.2313,1252.9473738520276,0.9691,1,3.021,0.48015072527328045,0.062,A',CH-ip-bend (8.6 um),5,-4.431
1225,303,C21H13N,0,21,13,1,1,4,0,8,1-A',,10.1016/j.saa.2017.03.044,"dibenz[a,h]acridine""",1202.8,0.0048,1199.7558,1238.0103188525436,0.9691,1,1.8881,0.27602499223857907,0.0388,A',CH-ip-bend (8.6 um),5,3.044
1226,284,C22H12,0,22,12,0,0,6,6,0,1-A',,10.1021/jp983482y,"benzo[g,h,i]perylene",3060.8,1.0,3064.3691,3193.048973637595,0.9597,2,2.0883,0.31979288848045084,0.0197,A',CH-stretch,10,-3.569
1227,284,C22H12,0,22,12,0,0,6,6,0,1-A',,10.1021/jp983482y,"benzo[g,h,i]perylene",846.3,0.7391,848.3584,866.2021645905655,0.9794,0,85.0444,1.929645721485688,0.8042,"A""",CH-oop (10.5-15 um; benzene nu11 at 673 included),1,-2.058
1228,284,C22H12,0,22,12,0,0,6,6,0,1-A',,10.1021/jp983482y,"benzo[g,h,i]perylene",755.8,0.2217,757.5675,773.501633653257,0.9794,0,26.1157,1.416901671071463,0.247,"A""",CH-oop (10.5-15 um; benzene nu11 at 673 included),4,-1.768
1229,284,C22H12,0,22,12,0,0,6,6,0,1-A',,10.1021/jp983482y,"benzo[g,h,i]perylene",770.9,0.1826,770.2502,786.4510925056156,0.9794,0,2.9234,0.46588824262653616,0.0276,A',CH-oop (10.5-15 um; benzene nu11 at 673 included),4,0.65
1230,284,C22H12,0,22,12,0,0,6,6,0,1-A',,10.1021/jp983482y,"benzo[g,h,i]perylene",1342.6,0.1609,1331.5697,1374.0271385821898,0.9691,1,16.1367,1.2078147250375943,0.1526,A',CC-stretch/CH-ip (7.7 um),1,11.03
1231,284,C22H12,0,22,12,0,0,6,6,0,1-A',,10.1021/jp983482y,"benzo[g,h,i]perylene",815.5,0.1348,808.0948,825.0916887890545,0.9794,0,20.7909,1.317873289551463,0.1966,"A""",CH-oop (10.5-15 um; benzene nu11 at 673 included),1,7.405
1232,284,C22H12,0,22,12,0,0,6,6,0,1-A',,10.1021/jp983482y,"benzo[g,h,i]perylene",648.9,0.1043,648.6387,662.2817030835205,0.9794,0,7.1721,0.8556463362645768,0.0678,"A""",low / skeletal,1,0.261
1233,284,C22H12,0,22,12,0,0,6,6,0,1-A',,10.1021/jp983482y,"benzo[g,h,i]perylene",1449.0,0.0957,1442.4091,1488.400681044268,0.9691,1,9.377,0.9720639160080223,0.0887,A',CC-stretch/CH-ip (7.7 um),2,6.591
1234,284,C22H12,0,22,12,0,0,6,6,0,1-A',,10.1021/jp983482y,"benzo[g,h,i]perylene",544.2,0.0652,549.86,561.4253624668164,0.9794,0,5.3548,0.7287432547162525,0.0506,"A""",low / skeletal,3,-5.66
1235,284,C22H12,0,22,12,0,0,6,6,0,1-A',,10.1021/jp983482y,"benzo[g,h,i]perylene",1394.7,0.0609,1402.6049,1447.327314002683,0.9691,1,1.2544,0.09843604534036321,0.0119,A',CC-stretch/CH-ip (7.7 um),3,-7.905
1236,284,C22H12,0,22,12,0,0,6,6,0,1-A',,10.1021/jp983482y,"benzo[g,h,i]perylene",512.5,0.0522,517.0498,527.9250561568307,0.9794,0,3.1989,0.5050006639268699,0.0302,"A""",low / skeletal,1,-4.55
1237,284,C22H12,0,22,12,0,0,6,6,0,1-A',,10.1021/jp983482y,"benzo[g,h,i]perylene",1302.9,0.0522,1311.2064,1353.0145495820866,0.9691,1,2.2339,0.349063728125951,0.0211,A',CC-stretch/CH-ip (7.7 um),3,-8.306
1238,284,C22H12,0,22,12,0,0,6,6,0,1-A',,10.1021/jp983482y,"benzo[g,h,i]perylene",1206.7,0.0522,1195.6065,1233.7287173666289,0.9691,1,3.0323,0.4817721659241758,0.0287,A',CH-ip-bend (8.6 um),2,11.093
1239,284,C22H12,0,22,12,0,0,6,6,0,1-A',,10.1021/jp983482y,"benzo[g,h,i]perylene",1416.0,0.0435,1420.3091,1465.596016922918,0.9691,1,1.1862,0.0741579196973159,0.0112,A',CC-stretch/CH-ip (7.7 um),3,-4.309
1240,284,C22H12,0,22,12,0,0,6,6,0,1-A',,10.1021/jp983482y,"benzo[g,h,i]perylene",1132.7,0.0435,1127.9978,1163.964296770199,0.9691,1,5.1436,0.7112671876480275,0.0486,A',CH-ip-bend (8.6 um),3,4.702
1241,284,C22H12,0,22,12,0,0,6,6,0,1-A',,10.1021/jp983482y,"benzo[g,h,i]perylene",776.8,0.037,773.4284,789.6961404941801,0.9794,0,4.8625,0.6868596143337642,0.046,A',CH-oop (10.5-15 um; benzene nu11 at 673 included),4,3.372
1242,284,C22H12,0,22,12,0,0,6,6,0,1-A',,10.1021/jp983482y,"benzo[g,h,i]perylene",1602.1,0.0296,1601.8665,1652.942420802807,0.9691,1,1.1289,0.05265547303952677,0.0107,A',CC-stretch (6.2 um),6,0.233
1243,284,C22H12,0,22,12,0,0,6,6,0,1-A',,10.1021/jp983482y,"benzo[g,h,i]perylene",1149.2,0.0222,1155.1494,1191.9816324424723,0.9691,1,1.5386,0.1871257281017286,0.0145,A',CH-ip-bend (8.6 um),3,-5.949
1244,284,C22H12,0,22,12,0,0,6,6,0,1-A',,10.1021/jp983482y,"benzo[g,h,i]perylene",570.0,0.0148,564.0275,575.8908515417603,0.9794,0,2.0128,0.30380062376517486,0.019,A',low / skeletal,2,5.972
1245,284,C22H12,0,22,12,0,0,6,6,0,1-A',,10.1021/jp983482y,"benzo[g,h,i]perylene",1036.3,0.0148,1044.4723,1066.4409842760872,0.9794,0,1.658,0.21958452621425473,0.0157,A',ring / CH-ip (9-10.5 um),1,-8.172
1246,284,C22H12,0,22,12,0,0,6,6,0,1-A',,10.1021/jp983482y,"benzo[g,h,i]perylene",897.9,0.0148,890.5434,909.2744537471922,0.9794,0,8.3558,0.9219880363901432,0.079,"A""",CH-oop (10.5-15 um; benzene nu11 at 673 included),1,7.357
1247,284,C22H12,0,22,12,0,0,6,6,0,1-A',,10.1021/jp983482y,"benzo[g,h,i]perylene",1527.4,0.0148,1510.2745,1558.4299865854916,0.9691,1,1.7546,0.2441781250225441,0.0166,A',CC-stretch (6.2 um),1,17.126
1248,284,C22H12,0,22,12,0,0,6,6,0,1-A',,10.1021/jp983482y,"benzo[g,h,i]perylene",1093.4,0.0074,1087.2108,1121.8767929006297,0.9691,1,1.2975,0.1131073665204955,0.0123,A',ring / CH-ip (9-10.5 um),2,6.189
1249,284,C22H12,0,22,12,0,0,6,6,0,1-A',,10.1021/jp983482y,"benzo[g,h,i]perylene",1186.9,0.0074,1186.7373,1224.5767206686617,0.9691,1,1.8644,0.270539094260548,0.0176,A',CH-ip-bend (8.6 um),2,0.163
1250,284,C22H12,0,22,12,0,0,6,6,0,1-A',,10.1021/jp983482y,"benzo[g,h,i]perylene",1155.4,0.0074,1138.9694,1175.285729026932,0.9691,1,3.1694,0.5009770535891999,0.03,A',CH-ip-bend (8.6 um),3,16.431
1251,284,C22H12,0,22,12,0,0,6,6,0,1-A',,10.1021/jp983482y,"benzo[g,h,i]perylene",1259.1,0.0074,1252.9214,1292.8711175317303,0.9691,1,1.3156,0.11912386481061711,0.0124,A',CC-stretch/CH-ip (7.7 um),1,6.179
1252,284,C22H12,0,22,12,0,0,6,6,0,1-A',,10.1021/jp983482y,"benzo[g,h,i]perylene",1087.8,0.0074,1082.1407,1116.6450314725002,0.9691,1,1.3338,0.12509071308263428,0.0126,A',ring / CH-ip (9-10.5 um),2,5.659
1253,307,C22H14,0,22,14,0,6,0,0,8,1-AG,,10.1021/jp983482y,pentacene,3063.7,1.0,3066.3064,3195.0676252995727,0.9597,2,74.6208,1.8728599007450557,0.6528,B1U,CH-stretch,7,-2.606
1254,307,C22H14,0,22,14,0,6,0,0,8,1-AG,,10.1021/jp983482y,pentacene,899.9,0.5938,901.4536,920.414131100674,0.9794,0,2.4555,0.3901399384676226,0.0215,B1U,CH-oop (10.5-15 um; benzene nu11 at 673 included),2,-1.554
1255,307,C22H14,0,22,14,0,6,0,0,8,1-AG,,10.1021/jp983482y,pentacene,731.3,0.5,732.8043,748.2175821931795,0.9794,0,4.5299,0.656088614832357,0.0396,B2U,CH-oop (10.5-15 um; benzene nu11 at 673 included),2,-1.504
1256,307,C22H14,0,22,14,0,6,0,0,8,1-AG,,10.1021/jp983482y,pentacene,1298.9,0.1438,1284.4346,1325.3891239294192,0.9691,1,25.0869,1.3994469986572677,0.2195,B1U,CC-stretch/CH-ip (7.7 um),1,14.465
1257,307,C22H14,0,22,14,0,6,0,0,8,1-AG,,10.1021/jp983482y,pentacene,823.7,0.0906,819.8735,837.1181335511537,0.9794,0,16.2037,1.2096141939320233,0.1418,B3U,CH-oop (10.5-15 um; benzene nu11 at 673 included),1,3.827
1258,307,C22H14,0,22,14,0,6,0,0,8,1-AG,,10.1021/jp983482y,pentacene,1320.9,0.0469,1333.8337,1376.36332679806,0.9691,1,9.796,0.9910487764526764,0.0857,B2U,CC-stretch/CH-ip (7.7 um),2,-12.934
1259,307,C22H14,0,22,14,0,6,0,0,8,1-AG,,10.1021/jp983482y,pentacene,1350.5,0.0406,1343.3511,1386.1841915179034,0.9691,1,1.8065,0.256837965904041,0.0158,B1U,CC-stretch/CH-ip (7.7 um),2,7.149
1260,307,C22H14,0,22,14,0,6,0,0,8,1-AG,,10.1021/jp983482y,pentacene,952.8,0.0406,942.995,962.8292832346334,0.9794,0,6.9745,0.8435130786088066,0.061,B3U,CH-oop (10.5-15 um; benzene nu11 at 673 included),1,9.805
1261,307,C22H14,0,22,14,0,6,0,0,8,1-AG,,10.1021/jp983482y,pentacene,1634.2,0.0344,1637.4608,1689.671654112063,0.9691,1,11.0136,1.0419292994062654,0.0963,B1U,CC-stretch (6.2 um),1,-3.261
1262,307,C22H14,0,22,14,0,6,0,0,8,1-AG,,10.1021/jp983482y,pentacene,995.1,0.0344,1005.3734,1026.5197059424136,0.9794,0,4.7084,0.6728733510306779,0.0412,B2U,ring / CH-ip (9-10.5 um),1,-10.273
1263,307,C22H14,0,22,14,0,6,0,0,8,1-AG,,10.1021/jp983482y,pentacene,623.4,0.0297,626.0877,639.2563814580355,0.9794,0,5.2908,0.7235213448739474,0.0463,B2U,low / skeletal,1,-2.688
1264,307,C22H14,0,22,14,0,6,0,0,8,1-AG,,10.1021/jp983482y,pentacene,1122.1,0.0297,1117.4734,1153.1043235992158,0.9691,1,1.2319,0.09057545522220171,0.0108,B2U,CH-ip-bend (8.6 um),2,4.627
1265,307,C22H14,0,22,14,0,6,0,0,8,1-AG,,10.1021/jp983482y,pentacene,1503.3,0.0238,1510.6061,1558.7721597358377,0.9691,1,1.9259,0.2846337331645898,0.0168,B2U,CC-stretch (6.2 um),1,-7.306
1266,307,C22H14,0,22,14,0,6,0,0,8,1-AG,,10.1021/jp983482y,pentacene,1400.2,0.0238,1399.3964,1444.0165101640698,0.9691,1,3.4073,0.5324103732534372,0.0298,B2U,CC-stretch/CH-ip (7.7 um),1,0.804
1267,307,C22H14,0,22,14,0,6,0,0,8,1-AG,,10.1021/jp983482y,pentacene,570.2,0.0178,566.8417,578.7642434143352,0.9794,0,3.0396,0.4828164358381728,0.0266,B1U,low / skeletal,1,3.358
1268,307,C22H14,0,22,14,0,6,0,0,8,1-AG,,10.1021/jp983482y,pentacene,1164.1,0.0119,1184.9374,1222.7194303993397,0.9691,1,2.3685,0.3744733890639755,0.0207,B1U,CH-ip-bend (8.6 um),1,-20.837
1269,307,C22H14,0,22,14,0,6,0,0,8,1-AG,,10.1021/jp983482y,pentacene,1573.0,0.0119,1545.4694,1594.7470849241563,0.9691,1,1.3534,0.13142617214745017,0.0118,B2U,CC-stretch (6.2 um),1,27.531
1270,307,C22H14,0,22,14,0,6,0,0,8,1-AG,,10.1021/jp983482y,pentacene,727.0,0.0059,735.2833,750.748723708393,0.9794,0,55.9707,1.7479607384635691,0.4896,B3U,CH-oop (10.5-15 um; benzene nu11 at 673 included),2,-8.283
1271,307,C22H14,0,22,14,0,6,0,0,8,1-AG,,10.1021/jp983482y,pentacene,1221.1,0.0059,1226.7788,1265.8949540811063,0.9691,1,1.1874,0.07459704459003991,0.0104,B2U,CH-ip-bend (8.6 um),1,-5.679
1272,307,C22H14,0,22,14,0,6,0,0,8,1-AG,,10.1021/jp983482y,pentacene,877.4,0.0059,897.6955,916.5769859097406,0.9794,0,88.3381,1.9461480540984033,0.7728,B3U,CH-oop (10.5-15 um; benzene nu11 at 673 included),2,-20.296
1273,305,C22H14,0,22,14,0,2,4,0,8,1-A1,,10.1016/j.saa.2017.03.044,"dibenz[a,j]anthracene""",3044.7,1.0,3044.4193,3172.2614358653746,0.9597,2,7.1982,0.8572239092368277,0.087,A1,CH-stretch,7,0.281
1274,305,C22H14,0,22,14,0,2,4,0,8,1-A1,,10.1016/j.saa.2017.03.044,"dibenz[a,j]anthracene""",743.2,0.9457,741.1812,756.7706759240351,0.9794,0,44.1035,1.6444730559161644,0.5332,B1,CH-oop (10.5-15 um; benzene nu11 at 673 included),4,2.019
1275,305,C22H14,0,22,14,0,2,4,0,8,1-A1,,10.1016/j.saa.2017.03.044,"dibenz[a,j]anthracene""",802.9,0.8181,801.0544,817.903206044517,0.9794,0,44.506,1.6484185635930109,0.5381,B1,CH-oop (10.5-15 um; benzene nu11 at 673 included),1,1.846
1276,305,C22H14,0,22,14,0,2,4,0,8,1-A1,,10.1016/j.saa.2017.03.044,"dibenz[a,j]anthracene""",3061.8,0.8009,3060.5146,3189.032614358653,0.9597,2,3.1705,0.5011277575229803,0.0383,B2,CH-stretch,10,1.285
1277,305,C22H14,0,22,14,0,2,4,0,8,1-A1,,10.1016/j.saa.2017.03.044,"dibenz[a,j]anthracene""",3092.5,0.647,3086.5186,3216.1285818484944,0.9597,2,1.3582,0.13296372613072666,0.0164,B2,CH-stretch,6,5.981
1278,305,C22H14,0,22,14,0,2,4,0,8,1-A1,,10.1016/j.saa.2017.03.044,"dibenz[a,j]anthracene""",889.3,0.5886,890.5985,909.3307126812332,0.9794,0,27.6462,1.4416354454980371,0.3342,B1,CH-oop (10.5-15 um; benzene nu11 at 673 included),3,-1.298
1279,305,C22H14,0,22,14,0,2,4,0,8,1-A1,,10.1016/j.saa.2017.03.044,"dibenz[a,j]anthracene""",1458.3,0.3033,1453.2054,1499.5412238159115,0.9691,1,17.1576,1.2344565387777244,0.2074,B2,CC-stretch/CH-ip (7.7 um),2,5.095
1280,305,C22H14,0,22,14,0,2,4,0,8,1-A1,,10.1016/j.saa.2017.03.044,"dibenz[a,j]anthracene""",1433.0,0.2575,1429.3513,1474.9265297698896,0.9691,1,3.8539,0.5859004415047913,0.0466,B2,CC-stretch/CH-ip (7.7 um),3,3.649
1281,305,C22H14,0,22,14,0,2,4,0,8,1-A1,,10.1016/j.saa.2017.03.044,"dibenz[a,j]anthracene""",1495.2,0.2525,1494.8065,1542.4687854710555,0.9691,1,14.6267,1.1651463539140663,0.1768,B2,CC-stretch/CH-ip (7.7 um),2,0.394
1282,305,C22H14,0,22,14,0,2,4,0,8,1-A1,,10.1016/j.saa.2017.03.044,"dibenz[a,j]anthracene""",1518.9,0.2185,1516.7951,1565.1584975750698,0.9691,1,10.6536,1.0274963867369726,0.1288,A1,CC-stretch (6.2 um),2,2.105
1283,305,C22H14,0,22,14,0,2,4,0,8,1-A1,,10.1016/j.saa.2017.03.044,"dibenz[a,j]anthracene""",591.9,0.1878,594.4061,606.9084133142741,0.9794,0,9.9405,0.9974082296467787,0.1202,B2,low / skeletal,1,-2.506
1284,305,C22H14,0,22,14,0,2,4,0,8,1-A1,,10.1016/j.saa.2017.03.044,"dibenz[a,j]anthracene""",1226.3,0.1865,1220.3252,1259.2355794035705,0.9691,1,12.0134,1.0796659376499427,0.1452,A1,CH-ip-bend (8.6 um),2,5.975
1285,305,C22H14,0,22,14,0,2,4,0,8,1-A1,,10.1016/j.saa.2017.03.044,"dibenz[a,j]anthracene""",709.6,0.1329,708.5651,723.468552174801,0.9794,0,7.059,0.8487431818956838,0.0853,B1,CH-oop (10.5-15 um; benzene nu11 at 673 included),2,1.035
1286,305,C22H14,0,22,14,0,2,4,0,8,1-A1,,10.1016/j.saa.2017.03.044,"dibenz[a,j]anthracene""",432.7,0.101,436.5517,445.7338166224218,0.9794,0,7.8881,0.8969724076599429,0.0954,B1,low / skeletal,2,-3.852
1287,305,C22H14,0,22,14,0,2,4,0,8,1-A1,,10.1016/j.saa.2017.03.044,"dibenz[a,j]anthracene""",1269.3,0.0892,1281.0541,1321.9008358270562,0.9691,1,2.715,0.43376983392486573,0.0328,B2,CC-stretch/CH-ip (7.7 um),1,-11.754
1288,305,C22H14,0,22,14,0,2,4,0,8,1-A1,,10.1016/j.saa.2017.03.044,"dibenz[a,j]anthracene""",1047.2,0.0768,1048.0501,1070.0940371656116,0.9794,0,3.4372,0.5362048031204394,0.0416,B2,ring / CH-ip (9-10.5 um),2,-0.85
1289,305,C22H14,0,22,14,0,2,4,0,8,1-A1,,10.1016/j.saa.2017.03.044,"dibenz[a,j]anthracene""",1352.7,0.0722,1351.1792,1394.2618924775566,0.9691,1,1.5035,0.17710343243653634,0.0182,B2,CC-stretch/CH-ip (7.7 um),4,1.521
1290,305,C22H14,0,22,14,0,2,4,0,8,1-A1,,10.1016/j.saa.2017.03.044,"dibenz[a,j]anthracene""",1172.4,0.0687,1173.8641,1211.293055412238,0.9691,1,3.7431,0.5732314298042585,0.0453,B2,CH-ip-bend (8.6 um),1,-1.464
1291,305,C22H14,0,22,14,0,2,4,0,8,1-A1,,10.1016/j.saa.2017.03.044,"dibenz[a,j]anthracene""",648.8,0.0573,649.9544,663.6250765774963,0.9794,0,2.5903,0.41335006554823894,0.0313,A1,low / skeletal,1,-1.154
1292,305,C22H14,0,22,14,0,2,4,0,8,1-A1,,10.1016/j.saa.2017.03.044,"dibenz[a,j]anthracene""",945.2,0.0563,963.0242,983.2797631202776,0.9794,0,1.3788,0.13950127473591,0.0167,B2,ring / CH-ip (9-10.5 um),2,-17.824
1293,305,C22H14,0,22,14,0,2,4,0,8,1-A1,,10.1016/j.saa.2017.03.044,"dibenz[a,j]anthracene""",1037.6,0.0533,1055.1097,1077.3021237492342,0.9794,0,3.2201,0.5078693588926737,0.0389,A1,ring / CH-ip (9-10.5 um),2,-17.51
1294,305,C22H14,0,22,14,0,2,4,0,8,1-A1,,10.1016/j.saa.2017.03.044,"dibenz[a,j]anthracene""",556.2,0.0533,555.1813,566.8585868899326,0.9794,0,2.6576,0.42448961510731925,0.0321,B1,low / skeletal,1,1.019
1295,305,C22H14,0,22,14,0,2,4,0,8,1-A1,,10.1016/j.saa.2017.03.044,"dibenz[a,j]anthracene""",1219.7,0.0511,1210.7801,1249.3861314621813,0.9691,1,2.4395,0.387300822448285,0.0295,A1,CH-ip-bend (8.6 um),2,8.92
1296,305,C22H14,0,22,14,0,2,4,0,8,1-A1,,10.1016/j.saa.2017.03.044,"dibenz[a,j]anthracene""",767.0,0.0471,770.6185,786.8271390647335,0.9794,0,5.5791,0.7465641457908985,0.0675,B1,CH-oop (10.5-15 um; benzene nu11 at 673 included),3,-3.619
1297,305,C22H14,0,22,14,0,2,4,0,8,1-A1,,10.1016/j.saa.2017.03.044,"dibenz[a,j]anthracene""",493.1,0.0416,491.7951,502.13916683683885,0.9794,0,2.3547,0.37193558380296315,0.0285,B2,low / skeletal,2,1.305
1298,305,C22H14,0,22,14,0,2,4,0,8,1-A1,,10.1016/j.saa.2017.03.044,"dibenz[a,j]anthracene""",1528.1,0.0379,1556.5068,1606.1364152306264,0.9691,1,2.073,0.31659930209386083,0.0251,B2,CC-stretch (6.2 um),2,-28.407
1299,305,C22H14,0,22,14,0,2,4,0,8,1-A1,,10.1016/j.saa.2017.03.044,"dibenz[a,j]anthracene""",1334.6,0.0349,1338.7862,1381.4737385202766,0.9691,1,3.1804,0.5024817447857,0.0385,B2,CC-stretch/CH-ip (7.7 um),3,-4.186
1300,305,C22H14,0,22,14,0,2,4,0,8,1-A1,,10.1016/j.saa.2017.03.044,"dibenz[a,j]anthracene""",3128.9,0.0285,3110.7518,3241.3793893925185,0.9597,2,14.3208,1.155967279555704,0.1731,A1,CH-stretch,1,18.148
1301,305,C22H14,0,22,14,0,2,4,0,8,1-A1,,10.1016/j.saa.2017.03.044,"dibenz[a,j]anthracene""",861.6,0.0232,860.3213,878.416683683888,0.9794,0,1.0494,0.020941059862320203,0.0127,A1,CH-oop (10.5-15 um; benzene nu11 at 673 included),4,1.279
1302,305,C22H14,0,22,14,0,2,4,0,8,1-A1,,10.1016/j.saa.2017.03.044,"dibenz[a,j]anthracene""",879.8,0.0232,879.8216,898.3271390647335,0.9794,0,3.342,0.5240064455573725,0.0404,B2,CH-oop (10.5-15 um; benzene nu11 at 673 included),3,-0.022
1303,305,C22H14,0,22,14,0,2,4,0,8,1-A1,,10.1016/j.saa.2017.03.044,"dibenz[a,j]anthracene""",776.7,0.0188,763.3744,779.430671839902,0.9794,0,3.6152,0.5581323283231454,0.0437,B2,CH-oop (10.5-15 um; benzene nu11 at 673 included),3,13.326
1304,308,C22H14+,1,22,14,0,6,0,0,8,2-B2G,,10.1021/j100022a007,pentacene,1395.5,1.0,1397.3664,1441.9217830977198,0.9691,1,298.1717,2.474466421420539,0.4,B2U,CC-stretch/CH-ip (7.7 um),3,-1.866
1305,308,C22H14+,1,22,14,0,6,0,0,8,2-B2G,,10.1021/j100022a007,pentacene,1174.7,0.4154,1173.0307,1210.4330822412549,0.9691,1,194.9774,2.289984274828647,0.2616,B2U,CH-ip-bend (8.6 um),3,1.669
1306,308,C22H14+,1,22,14,0,6,0,0,8,2-B2G,,10.1021/j100022a007,pentacene,1417.8,0.3308,1446.5078,1492.6300691363122,0.9691,1,4.3941,0.6428699362790767,0.0059,B1U,CC-stretch/CH-ip (7.7 um),2,-28.708
1307,308,C22H14+,1,22,14,0,6,0,0,8,2-B2G,,10.1021/j100022a007,pentacene,1361.7,0.3231,1369.7703,1413.4457744298834,0.9691,1,745.4672,2.872428539576561,1.0,B2U,CC-stretch/CH-ip (7.7 um),3,-8.07
1308,308,C22H14+,1,22,14,0,6,0,0,8,2-B2G,,10.1021/j100022a007,pentacene,1232.8,0.3154,1233.9094,1273.2529150758437,0.9691,1,160.5545,2.2056224824206185,0.2154,B2U,CH-ip-bend (8.6 um),1,-1.109
1309,308,C22H14+,1,22,14,0,6,0,0,8,2-B2G,,10.1021/j100022a007,pentacene,1487.5,0.2692,1494.9812,1542.6490558249925,0.9691,1,455.7261,2.65870390187932,0.6113,B2U,CC-stretch/CH-ip (7.7 um),1,-7.481
1310,308,C22H14+,1,22,14,0,6,0,0,8,2-B2G,,10.1021/j100022a007,pentacene,1365.6,0.1385,1386.9571,1431.180579919513,0.9691,1,229.8251,2.3613974577561714,0.3083,B2U,CC-stretch/CH-ip (7.7 um),3,-21.357
1311,308,C22H14+,1,22,14,0,6,0,0,8,2-B2G,,10.1021/j100022a007,pentacene,1504.7,0.0923,1533.8752,1582.7832009080591,0.9691,1,260.5155,2.415833567805256,0.3495,B2U,CC-stretch (6.2 um),2,-29.175
1312,308,C22H14+,1,22,14,0,6,0,0,8,2-B2G,,10.1021/j100022a007,pentacene,933.9,0.0615,931.4766,951.068613436798,0.9794,0,64.2331,1.8077588823193427,0.0862,B3U,CH-oop (10.5-15 um; benzene nu11 at 673 included),1,2.423
1313,308,C22H14+,1,22,14,0,6,0,0,8,2-B2G,,10.1021/j100022a007,pentacene,748.5,0.0538,753.0648,768.9042270778027,0.9794,0,73.5741,1.8667249582684295,0.0987,B3U,CH-oop (10.5-15 um; benzene nu11 at 673 included),2,-4.565
1314,308,C22H14+,1,22,14,0,6,0,0,8,2-B2G,,10.1021/j100022a007,pentacene,1339.3,0.0392,1336.8056,1379.4299865854916,0.9691,1,6.2394,0.7951428285898485,0.0084,B1U,CC-stretch/CH-ip (7.7 um),1,2.494
1315,308,C22H14+,1,22,14,0,6,0,0,8,2-B2G,,10.1021/j100022a007,pentacene,1306.0,0.0377,1289.1459,1330.250644928284,0.9691,1,40.783,1.6104791693461045,0.0547,B1U,CC-stretch/CH-ip (7.7 um),1,16.854
1316,308,C22H14+,1,22,14,0,6,0,0,8,2-B2G,,10.1021/j100022a007,pentacene,1149.9,0.0331,1154.5345,1191.347126199567,0.9691,1,37.0468,1.568750700780626,0.0497,B2U,CH-ip-bend (8.6 um),2,-4.634
1317,308,C22H14+,1,22,14,0,6,0,0,8,2-B2G,,10.1021/j100022a007,pentacene,1448.8,0.02,1449.2949,1495.5060365287382,0.9691,1,15.9684,1.2032614029273248,0.0214,B2U,CC-stretch/CH-ip (7.7 um),2,-0.495
1318,308,C22H14+,1,22,14,0,6,0,0,8,2-B2G,,10.1021/j100022a007,pentacene,862.0,0.0162,856.9782,875.0032673065142,0.9794,0,14.2566,1.1540159646954498,0.0191,B3U,CH-oop (10.5-15 um; benzene nu11 at 673 included),1,5.022
1319,308,C22H14+,1,22,14,0,6,0,0,8,2-B2G,,10.1021/j100022a007,pentacene,740.8,0.0031,739.3488,754.8997345313456,0.9794,0,3.299,0.5183823155453439,0.0044,B2U,CH-oop (10.5-15 um; benzene nu11 at 673 included),2,1.451
1320,308,C22H14+,1,22,14,0,6,0,0,8,2-B2G,,10.1021/j100022a007,pentacene,1171.6,0.0028,1188.0333,1225.914043958312,0.9691,1,1.4814,0.17067234031557593,0.002,B1U,CH-ip-bend (8.6 um),3,-16.433
1321,550,C24H14-,-1,24,14,0,0,0,6,8,2-AU,,10.1016/j.saa.2014.04.017,"dibenzo[fg,op]naphthacene or dbenzo-pyrene",1292.8,1.0,1295.0077,1336.29934991229,0.9691,1,390.181,2.5912661174519895,0.4707,B1U,CC-stretch/CH-ip (7.7 um),2,-2.208
1322,550,C24H14-,-1,24,14,0,0,0,6,8,2-AU,,10.1016/j.saa.2014.04.017,"dibenzo[fg,op]naphthacene or dbenzo-pyrene",915.6,0.6452,931.7975,951.3962630181744,0.9794,0,608.6142,2.784342080966117,0.7342,B1U,CH-oop (10.5-15 um; benzene nu11 at 673 included),1,-16.197
1323,550,C24H14-,-1,24,14,0,0,0,6,8,2-AU,,10.1016/j.saa.2014.04.017,"dibenzo[fg,op]naphthacene or dbenzo-pyrene",1249.8,0.3976,1229.0314,1268.219378805077,0.9691,1,111.0522,2.045527166562081,0.134,B2U,CH-ip-bend (8.6 um),1,20.769
1324,550,C24H14-,-1,24,14,0,0,0,6,8,2-AU,,10.1016/j.saa.2014.04.017,"dibenzo[fg,op]naphthacene or dbenzo-pyrene",1285.7,0.3839,1279.8614,1320.6701062841812,0.9691,1,828.9498,2.9185282311014022,1.0,B2U,CC-stretch/CH-ip (7.7 um),2,5.839
1325,550,C24H14-,-1,24,14,0,0,0,6,8,2-AU,,10.1016/j.saa.2014.04.017,"dibenzo[fg,op]naphthacene or dbenzo-pyrene",1099.4,0.3719,1100.189,1135.2688061087608,0.9691,1,199.9277,2.3008729698246424,0.2412,B1U,CH-ip-bend (8.6 um),3,-0.789
1326,550,C24H14-,-1,24,14,0,0,0,6,8,2-AU,,10.1016/j.saa.2014.04.017,"dibenzo[fg,op]naphthacene or dbenzo-pyrene",1031.5,0.3051,1038.7522,1060.6005717786395,0.9794,0,189.7072,2.278083814077543,0.2289,B2U,ring / CH-ip (9-10.5 um),1,-7.252
1327,550,C24H14-,-1,24,14,0,0,0,6,8,2-AU,,10.1016/j.saa.2014.04.017,"dibenzo[fg,op]naphthacene or dbenzo-pyrene",755.0,0.2596,743.8886,759.535021441699,0.9794,0,6.9337,0.840965047132446,0.0084,B3U,CH-oop (10.5-15 um; benzene nu11 at 673 included),3,11.111
1328,550,C24H14-,-1,24,14,0,0,0,6,8,2-AU,,10.1016/j.saa.2014.04.017,"dibenzo[fg,op]naphthacene or dbenzo-pyrene",1419.1,0.2545,1401.9151,1446.6155195542256,0.9691,1,88.3451,1.9461824666670562,0.1066,B2U,CC-stretch/CH-ip (7.7 um),1,17.185
1329,550,C24H14-,-1,24,14,0,0,0,6,8,2-AU,,10.1016/j.saa.2014.04.017,"dibenzo[fg,op]naphthacene or dbenzo-pyrene",719.9,0.2288,715.2725,730.3170308352052,0.9794,0,126.2918,2.1013751531652898,0.1524,B3U,CH-oop (10.5-15 um; benzene nu11 at 673 included),3,4.627
1330,550,C24H14-,-1,24,14,0,0,0,6,8,2-AU,,10.1016/j.saa.2014.04.017,"dibenzo[fg,op]naphthacene or dbenzo-pyrene",1504.5,0.2057,1505.4683,1553.470539675988,0.9691,1,337.9652,2.528871983632527,0.4077,B1U,CC-stretch (6.2 um),2,-0.968
1331,550,C24H14-,-1,24,14,0,0,0,6,8,2-AU,,10.1016/j.saa.2014.04.017,"dibenzo[fg,op]naphthacene or dbenzo-pyrene",1180.9,0.1842,1179.7525,1217.36920854401,0.9691,1,42.1187,1.6244749581559144,0.0508,B2U,CH-ip-bend (8.6 um),2,1.148
1332,550,C24H14-,-1,24,14,0,0,0,6,8,2-AU,,10.1016/j.saa.2014.04.017,"dibenzo[fg,op]naphthacene or dbenzo-pyrene",1190.3,0.1302,1201.795,1240.114539263234,0.9691,1,402.841,2.605133665376123,0.486,B1U,CH-ip-bend (8.6 um),2,-11.495
1333,550,C24H14-,-1,24,14,0,0,0,6,8,2-AU,,10.1016/j.saa.2014.04.017,"dibenzo[fg,op]naphthacene or dbenzo-pyrene",1150.4,0.1123,1149.5747,1186.2291817149933,0.9691,1,73.0498,1.8636190312351988,0.0881,B2U,CH-ip-bend (8.6 um),2,0.825
1334,550,C24H14-,-1,24,14,0,0,0,6,8,2-AU,,10.1016/j.saa.2014.04.017,"dibenzo[fg,op]naphthacene or dbenzo-pyrene",1059.5,0.0943,1070.3337,1092.8463344905042,0.9794,0,19.1662,1.2825360157147216,0.0231,B2U,ring / CH-ip (9-10.5 um),2,-10.834
1335,18,C24H12,0,24,12,0,0,12,0,0,1-A1G,R3 coronene,10.1021/jp983482y,coronene,3066.8,1.0,3067.0217,3195.812962384078,0.9597,2,121.8156,2.085702908658828,0.8528,E1U,CH-stretch,4,-0.222
1336,18,C24H12,0,24,12,0,0,12,0,0,1-A1G,R3 coronene,10.1021/jp983482y,coronene,857.0,0.9063,861.3822,879.4998978966714,0.9794,0,142.8404,2.1548510576895312,1.0,A2U,CH-oop (10.5-15 um; benzene nu11 at 673 included),1,-4.382
1337,18,C24H12,0,24,12,0,0,12,0,0,1-A1G,R3 coronene,10.1021/jp983482y,coronene,1317.4,0.2906,1304.8551,1346.4607367660717,0.9691,1,23.1113,1.3638243750311394,0.1618,E1U,CC-stretch/CH-ip (7.7 um),2,12.545
1338,18,C24H12,0,24,12,0,0,12,0,0,1-A1G,R3 coronene,10.1021/jp983482y,coronene,550.5,0.2438,558.1616,569.90157239126,0.9794,0,21.9908,1.3422410287816995,0.154,A2U,low / skeletal,1,-7.662
1339,18,C24H12,0,24,12,0,0,12,0,0,1-A1G,R3 coronene,10.1021/jp983482y,coronene,771.6,0.1,768.8421,785.0133755360424,0.9794,0,6.4243,0.8078258132952885,0.045,E1U,CH-oop (10.5-15 um; benzene nu11 at 673 included),2,2.758
1340,18,C24H12,0,24,12,0,0,12,0,0,1-A1G,R3 coronene,10.1021/jp983482y,coronene,1137.0,0.1,1131.0299,1167.0930760499432,0.9691,1,6.9779,0.8437247413002001,0.0489,E1U,CH-ip-bend (8.6 um),2,5.97
1341,18,C24H12,0,24,12,0,0,12,0,0,1-A1G,R3 coronene,10.1021/jp983482y,coronene,1620.7,0.0375,1617.4011,1668.9723454751834,0.9691,1,11.9111,1.075951870791788,0.0834,E1U,CC-stretch (6.2 um),2,3.299
1342,18,C24H12,0,24,12,0,0,12,0,0,1-A1G,R3 coronene,10.1021/jp983482y,coronene,1505.3,0.0272,1501.3313,1549.201630378702,0.9691,1,1.5261,0.18358299235101713,0.0107,E1U,CC-stretch (6.2 um),2,3.969
1343,18,C24H12,0,24,12,0,0,12,0,0,1-A1G,R3 coronene,10.1021/jp983482y,coronene,1530.4,0.0181,1501.33,1549.2002889278713,0.9691,1,1.5267,0.1837537055929571,0.0107,E1U,CC-stretch (6.2 um),2,29.07
1344,538,C24H14,0,24,14,0,0,0,6,8,1-A1,,10.1016/j.saa.2014.04.017,"dibenzopyrene or dibenzo[fg,op]naphthacene",751.6,1.0,750.7972,766.5889319991832,0.9794,0,154.7428,2.189610450952159,1.0,A1,CH-oop (10.5-15 um; benzene nu11 at 673 included),1,0.803
1345,538,C24H14,0,24,14,0,0,0,6,8,1-A1,,10.1016/j.saa.2014.04.017,"dibenzopyrene or dibenzo[fg,op]naphthacene",1441.2,0.2901,1438.0861,1483.9398410896708,0.9691,1,45.4713,1.6577373706281529,0.2939,B1,CC-stretch/CH-ip (7.7 um),1,3.114
1346,538,C24H14,0,24,14,0,0,0,6,8,1-A1,,10.1016/j.saa.2014.04.017,"dibenzopyrene or dibenzo[fg,op]naphthacene",3086.6,0.2032,3090.2408,3220.007085547567,0.9597,2,1.75,0.24303804868629444,0.0113,B1,CH-stretch,6,-3.641
1347,538,C24H14,0,24,14,0,0,0,6,8,1-A1,,10.1016/j.saa.2014.04.017,"dibenzopyrene or dibenzo[fg,op]naphthacene",1393.8,0.1129,1387.787,1432.0369414921065,0.9691,1,19.5558,1.2912755870219197,0.1264,B2,CC-stretch/CH-ip (7.7 um),1,6.013
1348,538,C24H14,0,24,14,0,0,0,6,8,1-A1,,10.1016/j.saa.2014.04.017,"dibenzopyrene or dibenzo[fg,op]naphthacene",3120.3,0.089,3110.9513,3241.5872668542256,0.9597,2,75.2915,1.8767459494880363,0.4866,B2,CH-stretch,3,9.349
1349,538,C24H14,0,24,14,0,0,0,6,8,1-A1,,10.1016/j.saa.2014.04.017,"dibenzopyrene or dibenzo[fg,op]naphthacene",618.5,0.0812,620.373,633.4214825403309,0.9794,0,17.2853,1.2376769214667354,0.1117,B1,low / skeletal,1,-1.873
1350,538,C24H14,0,24,14,0,0,0,6,8,1-A1,,10.1016/j.saa.2014.04.017,"dibenzopyrene or dibenzo[fg,op]naphthacene",1601.4,0.0764,1599.1891,1650.179651222784,0.9691,1,16.4589,1.2164008065813765,0.1064,B2,CC-stretch (6.2 um),2,2.211
1351,538,C24H14,0,24,14,0,0,0,6,8,1-A1,,10.1016/j.saa.2014.04.017,"dibenzopyrene or dibenzo[fg,op]naphthacene",1264.6,0.057,1258.1933,1298.3111134041894,0.9691,1,10.5787,1.024432301204327,0.0684,B2,CC-stretch/CH-ip (7.7 um),1,6.407
1352,538,C24H14,0,24,14,0,0,0,6,8,1-A1,,10.1016/j.saa.2014.04.017,"dibenzopyrene or dibenzo[fg,op]naphthacene",1053.4,0.0455,1061.4908,1083.8174392485196,0.9794,0,8.403,0.9244343635432307,0.0543,B1,ring / CH-ip (9-10.5 um),1,-8.091
1353,538,C24H14,0,24,14,0,0,0,6,8,1-A1,,10.1016/j.saa.2014.04.017,"dibenzopyrene or dibenzo[fg,op]naphthacene",3051.9,0.0431,3062.635,3191.242054808795,0.9597,2,41.3885,1.616879687006523,0.2675,B2,CH-stretch,2,-10.735
1354,538,C24H14,0,24,14,0,0,0,6,8,1-A1,,10.1016/j.saa.2014.04.017,"dibenzopyrene or dibenzo[fg,op]naphthacene",1449.0,0.043,1473.9926,1520.991228975338,0.9691,1,12.8853,1.1100945343985922,0.0833,B1,CC-stretch/CH-ip (7.7 um),2,-24.993
1355,538,C24H14,0,24,14,0,0,0,6,8,1-A1,,10.1016/j.saa.2014.04.017,"dibenzopyrene or dibenzo[fg,op]naphthacene",1543.3,0.0357,1546.6269,1595.941492106078,0.9691,1,6.5114,0.8136743751897545,0.0421,B1,CC-stretch (6.2 um),1,-3.327
1356,538,C24H14,0,24,14,0,0,0,6,8,1-A1,,10.1016/j.saa.2014.04.017,"dibenzopyrene or dibenzo[fg,op]naphthacene",1591.7,0.0327,1588.4772,1639.1261995666082,0.9691,1,1.3888,0.1426397078324167,0.009,B1,CC-stretch (6.2 um),2,3.223
1357,538,C24H14,0,24,14,0,0,0,6,8,1-A1,,10.1016/j.saa.2014.04.017,"dibenzopyrene or dibenzo[fg,op]naphthacene",473.5,0.0324,472.5553,482.4946906269144,0.9794,0,4.1083,0.6136621495278303,0.0265,B1,low / skeletal,1,0.945
1358,538,C24H14,0,24,14,0,0,0,6,8,1-A1,,10.1016/j.saa.2014.04.017,"dibenzopyrene or dibenzo[fg,op]naphthacene",3063.2,0.0323,3072.4417,3201.4605605918514,0.9597,2,68.5422,1.8359580398739255,0.4429,B1,CH-stretch,4,-9.242
1359,538,C24H14,0,24,14,0,0,0,6,8,1-A1,,10.1016/j.saa.2014.04.017,"dibenzopyrene or dibenzo[fg,op]naphthacene",1200.9,0.032,1200.4381,1238.7143741615937,0.9691,1,1.7292,0.23784522686161413,0.0112,B1,CH-ip-bend (8.6 um),2,0.462
1360,538,C24H14,0,24,14,0,0,0,6,8,1-A1,,10.1016/j.saa.2014.04.017,"dibenzopyrene or dibenzo[fg,op]naphthacene",803.5,0.0309,792.677,809.3496017970185,0.9794,0,1.4551,0.1628928407142545,0.0094,B1,CH-oop (10.5-15 um; benzene nu11 at 673 included),2,10.823
1361,538,C24H14,0,24,14,0,0,0,6,8,1-A1,,10.1016/j.saa.2014.04.017,"dibenzopyrene or dibenzo[fg,op]naphthacene",1097.0,0.0158,1115.1316,1150.6878547105562,0.9691,1,1.5225,0.18255730130491296,0.0098,B2,CH-ip-bend (8.6 um),2,-18.132
1362,538,C24H14,0,24,14,0,0,0,6,8,1-A1,,10.1016/j.saa.2014.04.017,"dibenzopyrene or dibenzo[fg,op]naphthacene",1168.8,0.0152,1165.9686,1203.145805386441,0.9691,1,1.2279,0.08916299936493198,0.0079,B1,CH-ip-bend (8.6 um),1,2.831
1363,538,C24H14,0,24,14,0,0,0,6,8,1-A1,,10.1016/j.saa.2014.04.017,"dibenzopyrene or dibenzo[fg,op]naphthacene",1136.5,0.0129,1126.8954,1162.8267464657931,0.9691,1,2.1787,0.3381974334062819,0.0141,B2,CH-ip-bend (8.6 um),3,9.605
1364,538,C24H14,0,24,14,0,0,0,6,8,1-A1,,10.1016/j.saa.2014.04.017,"dibenzopyrene or dibenzo[fg,op]naphthacene",509.5,0.0117,511.9376,522.7053297937513,0.9794,0,1.3273,0.122969094393747,0.0086,A1,low / skeletal,1,-2.438
1365,538,C24H14,0,24,14,0,0,0,6,8,1-A1,,10.1016/j.saa.2014.04.017,"dibenzopyrene or dibenzo[fg,op]naphthacene",1347.5,0.01,1331.4797,1373.9342689092975,0.9691,1,2.363,0.373463721632369,0.0153,B2,CC-stretch/CH-ip (7.7 um),1,16.02
1366,538,C24H14,0,24,14,0,0,0,6,8,1-A1,,10.1016/j.saa.2014.04.017,"dibenzopyrene or dibenzo[fg,op]naphthacene",994.6,0.0053,1003.939,1025.0551357974268,0.9794,0,1.4201,0.1523189274246453,0.0092,B2,ring / CH-ip (9-10.5 um),1,-9.339
1367,538,C24H14,0,24,14,0,0,0,6,8,1-A1,,10.1016/j.saa.2014.04.017,"dibenzopyrene or dibenzo[fg,op]naphthacene",818.5,0.0052,788.8548,805.4470083724729,0.9794,0,12.7795,1.1065138623130812,0.0826,A1,CH-oop (10.5-15 um; benzene nu11 at 673 included),2,29.645
1368,538,C24H14,0,24,14,0,0,0,6,8,1-A1,,10.1016/j.saa.2014.04.017,"dibenzopyrene or dibenzo[fg,op]naphthacene",1250.1,0.0042,1228.7806,1267.9605819832836,0.9691,1,1.7683,0.24755594692815489,0.0114,B1,CH-ip-bend (8.6 um),2,21.319
1369,19,C24H12+,1,24,12,0,0,12,0,0,2-AU,,10.1021/j100010a011,coronene,874.5,1.0,879.8082,898.3134572187054,0.9794,0,156.1495,2.1935405979316442,0.3545,AU,CH-oop (10.5-15 um; benzene nu11 at 673 included),1,-5.308
1370,19,C24H12+,1,24,12,0,0,12,0,0,2-AU,,10.1021/j100010a011,coronene,1579.0,0.875,1566.0803,1616.0151687132393,0.9691,1,440.4421,2.643888824658989,1.0,BU,CC-stretch (6.2 um),2,12.92
1371,19,C24H12+,1,24,12,0,0,12,0,0,2-AU,,10.1021/j100010a011,coronene,1378.6,0.1938,1390.0502,1434.372304199773,0.9691,1,33.8112,1.5290605846708265,0.0768,BU,CC-stretch/CH-ip (7.7 um),3,-11.45
1372,549,C24H14+,1,24,14,0,0,0,6,8,2-B1G,,10.1016/j.saa.2014.04.017,"dibenzo[fg,op]naphthacene or dbenzo-pyrene",1338.6,1.0,1328.73,1371.0968940253845,0.9691,1,182.687,2.2617076440731814,0.3512,B1U,CC-stretch/CH-ip (7.7 um),3,9.87
1373,549,C24H14+,1,24,14,0,0,0,6,8,2-B1G,,10.1016/j.saa.2014.04.017,"dibenzo[fg,op]naphthacene or dbenzo-pyrene",1346.0,0.5253,1349.5564,1392.5873490867816,0.9691,1,21.0574,1.3234047469368244,0.0405,B2U,CC-stretch/CH-ip (7.7 um),3,-3.556
1374,549,C24H14+,1,24,14,0,0,0,6,8,2-B1G,,10.1016/j.saa.2014.04.017,"dibenzo[fg,op]naphthacene or dbenzo-pyrene",1456.4,0.4099,1453.0728,1499.4043958311836,0.9691,1,60.0123,1.778240271628068,0.1154,B2U,CC-stretch/CH-ip (7.7 um),2,3.327
1375,549,C24H14+,1,24,14,0,0,0,6,8,2-B1G,,10.1016/j.saa.2014.04.017,"dibenzo[fg,op]naphthacene or dbenzo-pyrene",750.5,0.3409,752.3222,768.1460077598529,0.9794,0,160.8198,2.206339517679641,0.3092,B3U,CH-oop (10.5-15 um; benzene nu11 at 673 included),3,-1.822
1376,549,C24H14+,1,24,14,0,0,0,6,8,2-B1G,,10.1016/j.saa.2014.04.017,"dibenzo[fg,op]naphthacene or dbenzo-pyrene",1557.8,0.254,1551.6784,1601.154060468476,0.9691,1,253.2988,2.403633132330569,0.4869,B2U,CC-stretch (6.2 um),2,6.122
1377,549,C24H14+,1,24,14,0,0,0,6,8,2-B1G,,10.1016/j.saa.2014.04.017,"dibenzo[fg,op]naphthacene or dbenzo-pyrene",1589.8,0.2024,1599.7759,1650.7851614900424,0.9691,1,3.9027,0.5913651684085697,0.0075,B1U,CC-stretch (6.2 um),1,-9.976
1378,549,C24H14+,1,24,14,0,0,0,6,8,2-B1G,,10.1016/j.saa.2014.04.017,"dibenzo[fg,op]naphthacene or dbenzo-pyrene",1545.6,0.182,1542.1928,1591.3660096997214,0.9691,1,70.2818,1.8468428757608901,0.1351,B1U,CC-stretch (6.2 um),3,3.407
1379,549,C24H14+,1,24,14,0,0,0,6,8,2-B1G,,10.1016/j.saa.2014.04.017,"dibenzo[fg,op]naphthacene or dbenzo-pyrene",774.8,0.1744,776.4166,792.7471921584644,0.9794,0,84.3565,1.926118552311881,0.1622,B2U,CH-oop (10.5-15 um; benzene nu11 at 673 included),3,-1.617
1380,549,C24H14+,1,24,14,0,0,0,6,8,2-B1G,,10.1016/j.saa.2014.04.017,"dibenzo[fg,op]naphthacene or dbenzo-pyrene",1440.1,0.1585,1433.9175,1479.638324218347,0.9691,1,92.344,1.965408682650719,0.1775,B2U,CC-stretch/CH-ip (7.7 um),2,6.182
1381,549,C24H14+,1,24,14,0,0,0,6,8,2-B1G,,10.1016/j.saa.2014.04.017,"dibenzo[fg,op]naphthacene or dbenzo-pyrene",725.3,0.1385,722.3268,737.5197059424137,0.9794,0,73.4801,1.8661697386710412,0.1413,B1U,CH-oop (10.5-15 um; benzene nu11 at 673 included),2,2.973
1382,549,C24H14+,1,24,14,0,0,0,6,8,2-B1G,,10.1016/j.saa.2014.04.017,"dibenzo[fg,op]naphthacene or dbenzo-pyrene",979.8,0.1331,976.3858,996.922401470288,0.9794,0,85.3768,1.931339873021381,0.1641,B1U,ring / CH-ip (9-10.5 um),2,3.414
1383,549,C24H14+,1,24,14,0,0,0,6,8,2-B1G,,10.1016/j.saa.2014.04.017,"dibenzo[fg,op]naphthacene or dbenzo-pyrene",1256.6,0.0802,1246.5764,1286.323805592818,0.9691,1,169.1552,2.2282853529758695,0.3252,B1U,CH-ip-bend (8.6 um),1,10.024
1384,549,C24H14+,1,24,14,0,0,0,6,8,2-B1G,,10.1016/j.saa.2014.04.017,"dibenzo[fg,op]naphthacene or dbenzo-pyrene",1393.7,0.0765,1384.9613,1429.1211433288618,0.9691,1,46.2515,1.6651258220730873,0.0889,B1U,CC-stretch/CH-ip (7.7 um),1,8.739
1385,549,C24H14+,1,24,14,0,0,0,6,8,2-B1G,,10.1016/j.saa.2014.04.017,"dibenzo[fg,op]naphthacene or dbenzo-pyrene",610.5,0.0572,613.0684,625.9632428017153,0.9794,0,29.8313,1.4746721796283881,0.0573,B2U,low / skeletal,2,-2.568
1386,549,C24H14+,1,24,14,0,0,0,6,8,2-B1G,,10.1016/j.saa.2014.04.017,"dibenzo[fg,op]naphthacene or dbenzo-pyrene",1210.0,0.0546,1207.2458,1245.7391394076978,0.9691,1,16.1084,1.2070524053677185,0.031,B2U,CH-ip-bend (8.6 um),1,2.754
1387,549,C24H14+,1,24,14,0,0,0,6,8,2-B1G,,10.1016/j.saa.2014.04.017,"dibenzo[fg,op]naphthacene or dbenzo-pyrene",1525.0,0.0535,1525.5179,1574.1594262717988,0.9691,1,33.7758,1.5286056443401341,0.0649,B2U,CC-stretch (6.2 um),3,-0.518
1388,549,C24H14+,1,24,14,0,0,0,6,8,2-B1G,,10.1016/j.saa.2014.04.017,"dibenzo[fg,op]naphthacene or dbenzo-pyrene",1177.0,0.0498,1174.1209,1211.5580435455577,0.9691,1,27.37,1.4372747974101237,0.0526,B2U,CH-ip-bend (8.6 um),1,2.879
1389,549,C24H14+,1,24,14,0,0,0,6,8,2-B1G,,10.1016/j.saa.2014.04.017,"dibenzo[fg,op]naphthacene or dbenzo-pyrene",1042.2,0.0454,1049.4358,1071.5088829895851,0.9794,0,23.6381,1.37361256558158,0.0454,B2U,ring / CH-ip (9-10.5 um),1,-7.236
1390,549,C24H14+,1,24,14,0,0,0,6,8,2-B1G,,10.1016/j.saa.2014.04.017,"dibenzo[fg,op]naphthacene or dbenzo-pyrene",1112.6,0.0454,1133.54,1169.6832112269117,0.9691,1,1.2617,0.10095610305949274,0.0024,B1U,CH-ip-bend (8.6 um),1,-20.94
1391,549,C24H14+,1,24,14,0,0,0,6,8,2-B1G,,10.1016/j.saa.2014.04.017,"dibenzo[fg,op]naphthacene or dbenzo-pyrene",1081.4,0.0385,1082.3461,1105.1113947314682,0.9794,0,28.5006,1.4548540029539934,0.0548,B2U,ring / CH-ip (9-10.5 um),1,-0.946
1392,549,C24H14+,1,24,14,0,0,0,6,8,2-B1G,,10.1016/j.saa.2014.04.017,"dibenzo[fg,op]naphthacene or dbenzo-pyrene",3121.0,0.0381,3130.0468,3261.4846306137338,0.9597,2,20.0867,1.3029085933181763,0.0386,B2U,CH-stretch,4,-9.047
1393,549,C24H14+,1,24,14,0,0,0,6,8,2-B1G,,10.1016/j.saa.2014.04.017,"dibenzo[fg,op]naphthacene or dbenzo-pyrene",985.7,0.0291,991.6348,1012.4921380437004,0.9794,0,4.6829,0.6705148838312174,0.009,B1U,ring / CH-ip (9-10.5 um),2,-5.935
1394,549,C24H14+,1,24,14,0,0,0,6,8,2-B1G,,10.1016/j.saa.2014.04.017,"dibenzo[fg,op]naphthacene or dbenzo-pyrene",781.0,0.0287,795.6455,812.3805391055748,0.9794,0,11.8982,1.0754812648214525,0.0229,B3U,CH-oop (10.5-15 um; benzene nu11 at 673 included),3,-14.645
1395,549,C24H14+,1,24,14,0,0,0,6,8,2-B1G,,10.1016/j.saa.2014.04.017,"dibenzo[fg,op]naphthacene or dbenzo-pyrene",3093.5,0.0198,3092.6185,3222.4846306137333,0.9597,2,7.8412,0.894382531242878,0.0151,B2U,CH-stretch,4,0.881
1396,549,C24H14+,1,24,14,0,0,0,6,8,2-B1G,,10.1016/j.saa.2014.04.017,"dibenzo[fg,op]naphthacene or dbenzo-pyrene",3062.5,0.0167,3081.544,3210.945087006356,0.9597,2,1.3323,0.1246020278933384,0.0026,B1U,CH-stretch,2,-19.044
1397,813,C28H16-,-1,28,16,0,2,0,6,8,2-B1,,10.1016/j.saa.2014.04.017,"dibenzo[fg,st]pentacene or benzo-naptho-pyrene",1250.1,0.0089,1237.7561,1299.7543841226504,0.9523,1,101.8149,2.007811339044572,0.1154,A1,CH-ip-bend (8.6 um),3,12.344
1398,813,C28H16-,-1,28,16,0,2,0,6,8,2-B1,,10.1016/j.saa.2014.04.017,"dibenzo[fg,st]pentacene or benzo-naptho-pyrene",843.8,0.0048,847.6623,886.3978876921467,0.9563,0,25.4455,1.4056109891101773,0.0288,B2,CH-oop (10.5-15 um; benzene nu11 at 673 included),1,-3.862
1399,813,C28H16-,-1,28,16,0,2,0,6,8,2-B1,,10.1016/j.saa.2014.04.017,"dibenzo[fg,st]pentacene or benzo-naptho-pyrene",1039.8,0.0038,1047.8669,1095.7512286939243,0.9563,0,310.4443,2.491983690269061,0.3518,B2,ring / CH-ip (9-10.5 um),4,-8.067
1400,813,C28H16-,-1,28,16,0,2,0,6,8,2-B1,,10.1016/j.saa.2014.04.017,"dibenzo[fg,st]pentacene or benzo-naptho-pyrene",1410.2,0.0031,1405.2762,1475.6654415625328,0.9523,1,99.2656,1.9967987719745042,0.1125,B2,CC-stretch/CH-ip (7.7 um),4,4.924
1401,813,C28H16-,-1,28,16,0,2,0,6,8,2-B1,,10.1016/j.saa.2014.04.017,"dibenzo[fg,st]pentacene or benzo-naptho-pyrene",1236.4,0.003,1230.2437,1291.865693583955,0.9523,1,95.7203,1.981004051079515,0.1085,B2,CH-ip-bend (8.6 um),3,6.156
1402,813,C28H16-,-1,28,16,0,2,0,6,8,2-B1,,10.1016/j.saa.2014.04.017,"dibenzo[fg,st]pentacene or benzo-naptho-pyrene",642.8,0.0023,639.5732,668.7997490327303,0.9563,0,14.1821,1.1517405433213472,0.0161,B2,low / skeletal,3,3.227
1403,813,C28H16-,-1,28,16,0,2,0,6,8,2-B1,,10.1016/j.saa.2014.04.017,"dibenzo[fg,st]pentacene or benzo-naptho-pyrene",1144.9,0.0022,1162.1424,1220.3532500262522,0.9523,1,69.1003,1.8394799328743685,0.0783,B2,CH-ip-bend (8.6 um),4,-17.242
1404,813,C28H16-,-1,28,16,0,2,0,6,8,2-B1,,10.1016/j.saa.2014.04.017,"dibenzo[fg,st]pentacene or benzo-naptho-pyrene",1179.8,0.0014,1188.1899,1247.705449963247,0.9523,1,198.9699,2.298787381672842,0.2255,A1,CH-ip-bend (8.6 um),6,-8.39
1405,813,C28H16-,-1,28,16,0,2,0,6,8,2-B1,,10.1016/j.saa.2014.04.017,"dibenzo[fg,st]pentacene or benzo-naptho-pyrene",1348.7,0.0014,1349.0983,1416.673632258742,0.9523,1,4.4617,0.6495003654268198,0.0051,B2,CC-stretch/CH-ip (7.7 um),4,-0.398
1406,813,C28H16-,-1,28,16,0,2,0,6,8,2-B1,,10.1016/j.saa.2014.04.017,"dibenzo[fg,st]pentacene or benzo-naptho-pyrene",1158.5,0.0011,1165.7533,1224.1450173264727,0.9523,1,113.6271,2.055481922720534,0.1288,A1,CH-ip-bend (8.6 um),3,-7.253
1407,813,C28H16-,-1,28,16,0,2,0,6,8,2-B1,,10.1016/j.saa.2014.04.017,"dibenzo[fg,st]pentacene or benzo-naptho-pyrene",873.3,0.0011,893.0002,933.8075917599078,0.9563,0,882.3764,2.945653883966545,1.0,B2,CH-oop (10.5-15 um; benzene nu11 at 673 included),2,-19.7
1408,813,C28H16-,-1,28,16,0,2,0,6,8,2-B1,,10.1016/j.saa.2014.04.017,"dibenzo[fg,st]pentacene or benzo-naptho-pyrene",756.2,0.0009,758.7462,793.4185924918959,0.9563,0,11.6442,1.0661096562437944,0.0132,B1,CH-oop (10.5-15 um; benzene nu11 at 673 included),4,-2.546
1409,813,C28H16-,-1,28,16,0,2,0,6,8,2-B1,,10.1016/j.saa.2014.04.017,"dibenzo[fg,st]pentacene or benzo-naptho-pyrene",909.4,0.0008,910.2796,951.8766077590714,0.9563,0,113.0081,2.0531095732111146,0.1281,B2,CH-oop (10.5-15 um; benzene nu11 at 673 included),2,-0.88
1410,813,C28H16-,-1,28,16,0,2,0,6,8,2-B1,,10.1016/j.saa.2014.04.017,"dibenzo[fg,st]pentacene or benzo-naptho-pyrene",945.6,0.0008,955.3571,999.014012339224,0.9563,0,155.6699,2.1922046464304428,0.1764,A1,ring / CH-ip (9-10.5 um),1,-9.757
1411,813,C28H16-,-1,28,16,0,2,0,6,8,2-B1,,10.1016/j.saa.2014.04.017,"dibenzo[fg,st]pentacene or benzo-naptho-pyrene",1384.6,0.0008,1386.3362,1455.7767510238368,0.9523,1,44.8661,1.651918319987897,0.0508,A1,CC-stretch/CH-ip (7.7 um),4,-1.736
1412,537,C28H16,0,28,16,0,2,0,6,8,1-A',,10.1016/j.saa.2014.04.017,naptho-benzo-pyrene or dibenzopentacene,752.5,1.0,752.9945,768.832448437819,0.9794,0,91.5629,1.9617195392892295,1.0,A',CH-oop (10.5-15 um; benzene nu11 at 673 included),2,-0.495
1413,537,C28H16,0,28,16,0,2,0,6,8,1-A',,10.1016/j.saa.2014.04.017,naptho-benzo-pyrene or dibenzopentacene,3070.5,0.4281,3072.496,3201.517140773158,0.9597,2,40.3865,1.6062362177020586,0.4411,A',CH-stretch,8,-1.996
1414,537,C28H16,0,28,16,0,2,0,6,8,1-A',,10.1016/j.saa.2014.04.017,naptho-benzo-pyrene or dibenzopentacene,1443.9,0.3885,1444.3454,1490.3987204622845,0.9691,1,2.3187,0.36524456201757094,0.0253,"A""",CC-stretch/CH-ip (7.7 um),2,-0.445
1415,537,C28H16,0,28,16,0,2,0,6,8,1-A',,10.1016/j.saa.2014.04.017,naptho-benzo-pyrene or dibenzopentacene,3090.8,0.3361,3088.7199,3218.422319474836,0.9597,2,2.3915,0.37867038520798296,0.0261,"A""",CH-stretch,11,2.08
1416,537,C28H16,0,28,16,0,2,0,6,8,1-A',,10.1016/j.saa.2014.04.017,naptho-benzo-pyrene or dibenzopentacene,876.8,0.2465,874.516,892.9099448642025,0.9794,0,8.1143,0.9092510602990501,0.0886,A',CH-oop (10.5-15 um; benzene nu11 at 673 included),2,2.284
1417,537,C28H16,0,28,16,0,2,0,6,8,1-A',,10.1016/j.saa.2014.04.017,naptho-benzo-pyrene or dibenzopentacene,800.1,0.2218,789.2504,805.85092914029,0.9794,0,28.3273,1.4522051819690087,0.3094,A',CH-oop (10.5-15 um; benzene nu11 at 673 included),2,10.85
1418,537,C28H16,0,28,16,0,2,0,6,8,1-A',,10.1016/j.saa.2014.04.017,naptho-benzo-pyrene or dibenzopentacene,577.4,0.1836,577.5269,589.6741882785378,0.9794,0,23.9775,1.379803899663388,0.2619,A',low / skeletal,1,-0.127
1419,537,C28H16,0,28,16,0,2,0,6,8,1-A',,10.1016/j.saa.2014.04.017,naptho-benzo-pyrene or dibenzopentacene,1437.2,0.1814,1439.5168,1485.4161593230835,0.9691,1,50.6154,1.7042826733115004,0.5528,A',CC-stretch/CH-ip (7.7 um),2,-2.317
1420,537,C28H16,0,28,16,0,2,0,6,8,1-A',,10.1016/j.saa.2014.04.017,naptho-benzo-pyrene or dibenzopentacene,704.3,0.1568,699.6933,714.4101490708597,0.9794,0,10.4068,1.0173172082821977,0.1137,A',CH-oop (10.5-15 um; benzene nu11 at 673 included),1,4.607
1421,537,C28H16,0,28,16,0,2,0,6,8,1-A',,10.1016/j.saa.2014.04.017,naptho-benzo-pyrene or dibenzopentacene,1405.1,0.1239,1406.6016,1451.4514497987825,0.9691,1,1.449,0.1610683854711746,0.0158,A',CC-stretch/CH-ip (7.7 um),3,-1.502
1422,537,C28H16,0,28,16,0,2,0,6,8,1-A',,10.1016/j.saa.2014.04.017,naptho-benzo-pyrene or dibenzopentacene,1554.4,0.1074,1554.7622,1604.3361882158704,0.9691,1,11.7366,1.0695423034620506,0.1282,A',CC-stretch (6.2 um),1,-0.362
1423,537,C28H16,0,28,16,0,2,0,6,8,1-A',,10.1016/j.saa.2014.04.017,naptho-benzo-pyrene or dibenzopentacene,1489.8,0.1036,1482.3212,1529.5853885047984,0.9691,1,11.4888,1.0602746691935545,0.1255,A',CC-stretch/CH-ip (7.7 um),3,7.479
1424,537,C28H16,0,28,16,0,2,0,6,8,1-A',,10.1016/j.saa.2014.04.017,naptho-benzo-pyrene or dibenzopentacene,3112.5,0.1031,3110.4022,3241.0151088881944,0.9597,2,17.7667,1.249606769117556,0.194,A',CH-stretch,5,2.098
1425,537,C28H16,0,28,16,0,2,0,6,8,1-A',,10.1016/j.saa.2014.04.017,naptho-benzo-pyrene or dibenzopentacene,742.6,0.0739,745.6845,761.3686951194608,0.9794,0,10.28,1.011993114659257,0.1123,A',CH-oop (10.5-15 um; benzene nu11 at 673 included),2,-3.084
1426,537,C28H16,0,28,16,0,2,0,6,8,1-A',,10.1016/j.saa.2014.04.017,naptho-benzo-pyrene or dibenzopentacene,1211.2,0.0731,1211.6063,1250.2386750593334,0.9691,1,7.2367,0.8595405691653504,0.079,A',CH-ip-bend (8.6 um),3,-0.406
1427,537,C28H16,0,28,16,0,2,0,6,8,1-A',,10.1016/j.saa.2014.04.017,naptho-benzo-pyrene or dibenzopentacene,1261.0,0.0717,1254.4908,1294.4905582499227,0.9691,1,8.0767,0.9072339517974795,0.0882,"A""",CC-stretch/CH-ip (7.7 um),1,6.509
1428,537,C28H16,0,28,16,0,2,0,6,8,1-A',,10.1016/j.saa.2014.04.017,naptho-benzo-pyrene or dibenzopentacene,1599.9,0.0692,1604.5203,1655.6808378908263,0.9691,1,11.0557,1.0435862454685942,0.1207,"A""",CC-stretch (6.2 um),3,-4.62
1429,537,C28H16,0,28,16,0,2,0,6,8,1-A',,10.1016/j.saa.2014.04.017,naptho-benzo-pyrene or dibenzopentacene,3024.6,0.0643,3048.7037,3176.725747629468,0.9597,2,4.3593,0.6394167574924147,0.0476,"A""",CH-stretch,1,-24.104
1430,537,C28H16,0,28,16,0,2,0,6,8,1-A',,10.1016/j.saa.2014.04.017,naptho-benzo-pyrene or dibenzopentacene,1471.2,0.0608,1474.7753,1521.7988855639253,0.9691,1,1.3901,0.14304604333758777,0.0152,"A""",CC-stretch/CH-ip (7.7 um),3,-3.575
1431,537,C28H16,0,28,16,0,2,0,6,8,1-A',,10.1016/j.saa.2014.04.017,naptho-benzo-pyrene or dibenzopentacene,461.7,0.0532,458.8911,468.5430876046559,0.9794,0,1.3009,0.11424391368890727,0.0142,A',low / skeletal,2,2.809
1432,537,C28H16,0,28,16,0,2,0,6,8,1-A',,10.1016/j.saa.2014.04.017,naptho-benzo-pyrene or dibenzopentacene,1352.7,0.0532,1354.7414,1397.9376741306369,0.9691,1,1.2045,0.08080680433436215,0.0132,A',CC-stretch/CH-ip (7.7 um),3,-2.041
1433,537,C28H16,0,28,16,0,2,0,6,8,1-A',,10.1016/j.saa.2014.04.017,naptho-benzo-pyrene or dibenzopentacene,1344.5,0.0492,1348.4803,1391.476937364565,0.9691,1,1.053,0.022428371185486493,0.0115,"A""",CC-stretch/CH-ip (7.7 um),3,-3.98
1434,537,C28H16,0,28,16,0,2,0,6,8,1-A',,10.1016/j.saa.2014.04.017,naptho-benzo-pyrene or dibenzopentacene,1119.9,0.0393,1116.5214,1152.1219688370654,0.9691,1,4.3761,0.6410872376745459,0.0478,"A""",CH-ip-bend (8.6 um),2,3.379
1435,537,C28H16,0,28,16,0,2,0,6,8,1-A',,10.1016/j.saa.2014.04.017,naptho-benzo-pyrene or dibenzopentacene,1153.2,0.0389,1153.2494,1190.021050459189,0.9691,1,1.0549,0.02321129232888862,0.0115,A',CH-ip-bend (8.6 um),3,-0.049
1436,537,C28H16,0,28,16,0,2,0,6,8,1-A',,10.1016/j.saa.2014.04.017,naptho-benzo-pyrene or dibenzopentacene,1057.1,0.0363,1067.2264,1089.673677761895,0.9794,0,4.0602,0.6085474268671126,0.0443,A',ring / CH-ip (9-10.5 um),1,-10.126
1437,537,C28H16,0,28,16,0,2,0,6,8,1-A',,10.1016/j.saa.2014.04.017,naptho-benzo-pyrene or dibenzopentacene,1585.4,0.036,1584.7207,1635.249922608606,0.9691,1,3.2852,0.5165618141552765,0.0359,A',CC-stretch (6.2 um),3,0.679
1438,537,C28H16,0,28,16,0,2,0,6,8,1-A',,10.1016/j.saa.2014.04.017,naptho-benzo-pyrene or dibenzopentacene,1419.0,0.0336,1397.6271,1442.190795583531,0.9691,1,11.1854,1.0486515194730215,0.1222,"A""",CC-stretch/CH-ip (7.7 um),5,21.373
1439,537,C28H16,0,28,16,0,2,0,6,8,1-A',,10.1016/j.saa.2014.04.017,naptho-benzo-pyrene or dibenzopentacene,1004.1,0.0322,997.3466,1018.3240759648764,0.9794,0,1.1899,0.07551046452441369,0.013,"A""",ring / CH-ip (9-10.5 um),2,6.753
1440,537,C28H16,0,28,16,0,2,0,6,8,1-A',,10.1016/j.saa.2014.04.017,naptho-benzo-pyrene or dibenzopentacene,605.0,0.0304,611.3356,624.1939963242802,0.9794,0,4.0142,0.6035990066000352,0.0438,A',low / skeletal,3,-6.336
1441,537,C28H16,0,28,16,0,2,0,6,8,1-A',,10.1016/j.saa.2014.04.017,naptho-benzo-pyrene or dibenzopentacene,650.3,0.0278,651.6182,665.3238717582193,0.9794,0,3.3913,0.5303662098847334,0.037,A',CH-oop (10.5-15 um; benzene nu11 at 673 included),2,-1.318
1442,537,C28H16,0,28,16,0,2,0,6,8,1-A',,10.1016/j.saa.2014.04.017,naptho-benzo-pyrene or dibenzopentacene,1315.9,0.0261,1302.8879,1344.430812093695,0.9691,1,1.7357,0.23947466346518417,0.019,"A""",CC-stretch/CH-ip (7.7 um),2,13.012
1443,537,C28H16,0,28,16,0,2,0,6,8,1-A',,10.1016/j.saa.2014.04.017,naptho-benzo-pyrene or dibenzopentacene,1505.0,0.0213,1504.3596,1552.3264884944797,0.9691,1,3.0497,0.48425711975576463,0.0333,A',CC-stretch (6.2 um),2,0.64
1444,537,C28H16,0,28,16,0,2,0,6,8,1-A',,10.1016/j.saa.2014.04.017,naptho-benzo-pyrene or dibenzopentacene,951.8,0.0178,941.191,960.9873391872576,0.9794,0,2.3203,0.3655441400294694,0.0253,A',CH-oop (10.5-15 um; benzene nu11 at 673 included),2,10.609
1445,537,C28H16,0,28,16,0,2,0,6,8,1-A',,10.1016/j.saa.2014.04.017,naptho-benzo-pyrene or dibenzopentacene,828.1,0.0164,829.111,846.54992852767,0.9794,0,3.1415,0.49713706405195807,0.0343,A',CH-oop (10.5-15 um; benzene nu11 at 673 included),2,-1.011
1446,537,C28H16,0,28,16,0,2,0,6,8,1-A',,10.1016/j.saa.2014.04.017,naptho-benzo-pyrene or dibenzopentacene,1334.5,0.0157,1332.393,1374.876689712104,0.9691,1,5.2417,0.7194721611979684,0.0572,"A""",CC-stretch/CH-ip (7.7 um),3,2.107
1447,537,C28H16,0,28,16,0,2,0,6,8,1-A',,10.1016/j.saa.2014.04.017,naptho-benzo-pyrene or dibenzopentacene,1170.6,0.014,1169.0361,1206.3111134041894,0.9691,1,1.748,0.24254142829838424,0.0191,A',CH-ip-bend (8.6 um),4,1.564
1448,537,C28H16,0,28,16,0,2,0,6,8,1-A',,10.1016/j.saa.2014.04.017,naptho-benzo-pyrene or dibenzopentacene,1589.6,0.0123,1595.0367,1645.894850892581,0.9691,1,4.0128,0.6034475148146037,0.0438,"A""",CC-stretch (6.2 um),3,-5.437
1449,537,C28H16,0,28,16,0,2,0,6,8,1-A',,10.1016/j.saa.2014.04.017,naptho-benzo-pyrene or dibenzopentacene,1198.5,0.0105,1191.4647,1229.4548550201218,0.9691,1,1.0173,0.007449044497748781,0.0111,"A""",CH-ip-bend (8.6 um),4,7.035
1450,537,C28H16,0,28,16,0,2,0,6,8,1-A',,10.1016/j.saa.2014.04.017,naptho-benzo-pyrene or dibenzopentacene,914.3,0.007,936.0772,955.7659791709208,0.9794,0,1.2794,0.10700634638154388,0.014,A',CH-oop (10.5-15 um; benzene nu11 at 673 included),2,-21.777
1451,537,C28H16,0,28,16,0,2,0,6,8,1-A',,10.1016/j.saa.2014.04.017,naptho-benzo-pyrene or dibenzopentacene,1173.5,0.0062,1145.4329,1181.9553193684862,0.9691,1,1.9687,0.2941795412924859,0.0215,"A""",CH-ip-bend (8.6 um),4,28.067
1452,537,C28H16,0,28,16,0,2,0,6,8,1-A',,10.1016/j.saa.2014.04.017,naptho-benzo-pyrene or dibenzopentacene,1227.8,0.0057,1223.6388,1262.6548343824168,0.9691,1,3.6238,0.5591642206567519,0.0396,"A""",CH-ip-bend (8.6 um),3,4.161
1453,537,C28H16,0,28,16,0,2,0,6,8,1-A',,10.1016/j.saa.2014.04.017,naptho-benzo-pyrene or dibenzopentacene,624.9,0.0044,627.6529,640.8545027567899,0.9794,0,1.071,0.029789470831855614,0.0117,A',low / skeletal,3,-2.753
1454,547,C32H18-,-1,32,18,0,4,0,6,8,2-B1,,10.1016/j.saa.2014.04.017,"dibenzo[hi,uv]hexacene or dinaptho-pyrene",881.4,1.0,869.6281,887.9192362671023,0.9794,0,10.1181,1.005098967347067,0.0034,A1,CH-oop (10.5-15 um; benzene nu11 at 673 included),2,11.772
1455,547,C32H18-,-1,32,18,0,4,0,6,8,2-B1,,10.1016/j.saa.2014.04.017,"dibenzo[hi,uv]hexacene or dinaptho-pyrene",920.0,0.3283,906.6784,925.7488258117214,0.9794,0,5.2567,0.7207131925287391,0.0018,B2,CH-oop (10.5-15 um; benzene nu11 at 673 included),2,13.322
1456,547,C32H18-,-1,32,18,0,4,0,6,8,2-B1,,10.1016/j.saa.2014.04.017,"dibenzo[hi,uv]hexacene or dinaptho-pyrene",779.4,0.2274,782.498,798.9565039820299,0.9794,0,157.3382,2.1968341773919082,0.0532,A1,CH-oop (10.5-15 um; benzene nu11 at 673 included),5,-3.098
1457,547,C32H18-,-1,32,18,0,4,0,6,8,2-B1,,10.1016/j.saa.2014.04.017,"dibenzo[hi,uv]hexacene or dinaptho-pyrene",842.1,0.1803,846.0509,863.8461302838472,0.9794,0,112.8134,2.052360688303532,0.0382,B1,CH-oop (10.5-15 um; benzene nu11 at 673 included),3,-3.951
1458,547,C32H18-,-1,32,18,0,4,0,6,8,2-B1,,10.1016/j.saa.2014.04.017,"dibenzo[hi,uv]hexacene or dinaptho-pyrene",1520.5,0.1178,1538.5494,1587.606438963987,0.9691,1,2614.8065,3.41743955588338,0.8847,B1,CC-stretch (6.2 um),2,-18.049
1459,547,C32H18-,-1,32,18,0,4,0,6,8,2-B1,,10.1016/j.saa.2014.04.017,"dibenzo[hi,uv]hexacene or dinaptho-pyrene",762.2,0.1133,762.6919,778.7338166224218,0.9794,0,57.4883,1.759579466211893,0.0194,B1,CH-oop (10.5-15 um; benzene nu11 at 673 included),6,-0.492
1460,547,C32H18-,-1,32,18,0,4,0,6,8,2-B1,,10.1016/j.saa.2014.04.017,"dibenzo[hi,uv]hexacene or dinaptho-pyrene",717.6,0.1103,717.7849,732.8822748621604,0.9794,0,14.8081,1.1704993385718026,0.005,A1,CH-oop (10.5-15 um; benzene nu11 at 673 included),3,-0.185
1461,547,C32H18-,-1,32,18,0,4,0,6,8,2-B1,,10.1016/j.saa.2014.04.017,"dibenzo[hi,uv]hexacene or dinaptho-pyrene",1435.5,0.1039,1448.5131,1494.6993086368796,0.9691,1,355.0238,2.5502574681598924,0.1201,B1,CC-stretch/CH-ip (7.7 um),4,-13.013
1462,547,C32H18-,-1,32,18,0,4,0,6,8,2-B1,,10.1016/j.saa.2014.04.017,"dibenzo[hi,uv]hexacene or dinaptho-pyrene",1289.1,0.0845,1290.784,1331.9409761634508,0.9691,1,33.9203,1.5304596846155847,0.0115,B2,CC-stretch/CH-ip (7.7 um),3,-1.684
1463,547,C32H18-,-1,32,18,0,4,0,6,8,2-B1,,10.1016/j.saa.2014.04.017,"dibenzo[hi,uv]hexacene or dinaptho-pyrene",1211.1,0.0838,1209.0335,1247.583840676917,0.9691,1,2860.9042,3.45650331529986,0.9679,B1,CH-ip-bend (8.6 um),3,2.066
1464,547,C32H18-,-1,32,18,0,4,0,6,8,2-B1,,10.1016/j.saa.2014.04.017,"dibenzo[hi,uv]hexacene or dinaptho-pyrene",747.4,0.0641,748.4944,764.2376965489075,0.9794,0,15.8734,1.2006699603457123,0.0054,A1,CH-oop (10.5-15 um; benzene nu11 at 673 included),5,-1.094
1465,547,C32H18-,-1,32,18,0,4,0,6,8,2-B1,,10.1016/j.saa.2014.04.017,"dibenzo[hi,uv]hexacene or dinaptho-pyrene",3071.7,0.0606,3069.9048,3198.817130353236,0.9597,2,7.1029,0.8514357003888078,0.0024,B1,CH-stretch,5,1.795
1466,547,C32H18-,-1,32,18,0,4,0,6,8,2-B1,,10.1016/j.saa.2014.04.017,"dibenzo[hi,uv]hexacene or dinaptho-pyrene",610.2,0.0565,622.9019,636.0035736164998,0.9794,0,102.4816,2.0106458972376706,0.0347,B1,low / skeletal,1,-12.702
1467,547,C32H18-,-1,32,18,0,4,0,6,8,2-B1,,10.1016/j.saa.2014.04.017,"dibenzo[hi,uv]hexacene or dinaptho-pyrene",1174.2,0.0517,1163.633,1200.7357341863585,0.9691,1,516.3945,2.7129816080475764,0.1747,B1,CH-ip-bend (8.6 um),2,10.567
1468,547,C32H18-,-1,32,18,0,4,0,6,8,2-B1,,10.1016/j.saa.2014.04.017,"dibenzo[hi,uv]hexacene or dinaptho-pyrene",1353.8,0.0239,1349.6695,1392.7040553090496,0.9691,1,1769.7092,3.2479019086154577,0.5987,B1,CC-stretch/CH-ip (7.7 um),1,4.13
1469,547,C32H18-,-1,32,18,0,4,0,6,8,2-B1,,10.1016/j.saa.2014.04.017,"dibenzo[hi,uv]hexacene or dinaptho-pyrene",1183.7,0.0179,1161.1237,1198.1464245175937,0.9691,1,679.9867,2.832500418334035,0.2301,B2,CH-ip-bend (8.6 um),3,22.576
1470,547,C32H18-,-1,32,18,0,4,0,6,8,2-B1,,10.1016/j.saa.2014.04.017,"dibenzo[hi,uv]hexacene or dinaptho-pyrene",1085.7,0.0179,1080.4175,1114.8668868021878,0.9691,1,262.9795,2.419921895319117,0.089,B1,ring / CH-ip (9-10.5 um),2,5.283
1471,547,C32H18-,-1,32,18,0,4,0,6,8,2-B1,,10.1016/j.saa.2014.04.017,"dibenzo[hi,uv]hexacene or dinaptho-pyrene",1382.4,0.0128,1385.6243,1429.8052832525022,0.9691,1,104.6879,2.0198964881076105,0.0354,B2,CC-stretch/CH-ip (7.7 um),1,-3.224
1472,547,C32H18-,-1,32,18,0,4,0,6,8,2-B1,,10.1016/j.saa.2014.04.017,"dibenzo[hi,uv]hexacene or dinaptho-pyrene",1130.4,0.0108,1133.1522,1169.2830461252709,0.9691,1,2856.8761,3.455891405852426,0.9666,B1,CH-ip-bend (8.6 um),2,-2.752
1473,547,C32H18-,-1,32,18,0,4,0,6,8,2-B1,,10.1016/j.saa.2014.04.017,"dibenzo[hi,uv]hexacene or dinaptho-pyrene",1530.2,0.0096,1547.2942,1596.6300691363122,0.9691,1,1.2884,0.11005071614765378,0.0004,B1,CC-stretch (6.2 um),2,-17.094
1474,547,C32H18-,-1,32,18,0,4,0,6,8,2-B1,,10.1016/j.saa.2014.04.017,"dibenzo[hi,uv]hexacene or dinaptho-pyrene",1343.2,0.0083,1322.3433,1364.5065524713652,0.9691,1,2955.6985,3.4706601311894962,1.0,B1,CC-stretch/CH-ip (7.7 um),2,20.857
1475,547,C32H18-,-1,32,18,0,4,0,6,8,2-B1,,10.1016/j.saa.2014.04.017,"dibenzo[hi,uv]hexacene or dinaptho-pyrene",915.0,0.0077,935.0174,954.6838880947518,0.9794,0,202.6617,2.3067716813506505,0.0686,B2,CH-oop (10.5-15 um; benzene nu11 at 673 included),2,-20.017
1476,547,C32H18-,-1,32,18,0,4,0,6,8,2-B1,,10.1016/j.saa.2014.04.017,"dibenzo[hi,uv]hexacene or dinaptho-pyrene",3010.3,0.0074,3029.3206,3156.528706887569,0.9597,2,3.6443,0.561614121040185,0.0012,B1,CH-stretch,2,-19.021
1477,547,C32H18-,-1,32,18,0,4,0,6,8,2-B1,,10.1016/j.saa.2014.04.017,"dibenzo[hi,uv]hexacene or dinaptho-pyrene",1103.0,0.0066,1104.9453,1140.176761944072,0.9691,1,240.6985,2.381473383819888,0.0814,B2,CH-ip-bend (8.6 um),2,-1.945
1478,547,C32H18-,-1,32,18,0,4,0,6,8,2-B1,,10.1016/j.saa.2014.04.017,"dibenzo[hi,uv]hexacene or dinaptho-pyrene",655.8,0.0066,661.9205,675.842862977333,0.9794,0,8.7049,0.9397637864013519,0.0029,B2,CH-oop (10.5-15 um; benzene nu11 at 673 included),3,-6.12
1479,547,C32H18-,-1,32,18,0,4,0,6,8,2-B1,,10.1016/j.saa.2014.04.017,"dibenzo[hi,uv]hexacene or dinaptho-pyrene",1267.1,0.0039,1269.4704,1309.9477866061293,0.9691,1,427.1522,2.630582647490271,0.1445,B2,CC-stretch/CH-ip (7.7 um),2,-2.37
1480,547,C32H18-,-1,32,18,0,4,0,6,8,2-B1,,10.1016/j.saa.2014.04.017,"dibenzo[hi,uv]hexacene or dinaptho-pyrene",1508.0,0.0039,1482.1142,1529.371788257146,0.9691,1,92.7271,1.9672066776230217,0.0314,B1,CC-stretch/CH-ip (7.7 um),1,25.886
1481,547,C32H18-,-1,32,18,0,4,0,6,8,2-B1,,10.1016/j.saa.2014.04.017,"dibenzo[hi,uv]hexacene or dinaptho-pyrene",1020.3,0.0038,1032.1257,1053.8346947110476,0.9794,0,16.8915,1.227668217528221,0.0057,B1,ring / CH-ip (9-10.5 um),1,-11.826
1482,547,C32H18-,-1,32,18,0,4,0,6,8,2-B1,,10.1016/j.saa.2014.04.017,"dibenzo[hi,uv]hexacene or dinaptho-pyrene",817.4,0.0034,837.4025,855.0158260159282,0.9794,0,1.0971,0.040246215057706786,0.0004,B2,CH-oop (10.5-15 um; benzene nu11 at 673 included),2,-20.003
1483,547,C32H18-,-1,32,18,0,4,0,6,8,2-B1,,10.1016/j.saa.2014.04.017,"dibenzo[hi,uv]hexacene or dinaptho-pyrene",804.2,0.0028,784.6337,801.1371247702674,0.9794,0,2.3192,0.36533820234694103,0.0008,B2,CH-oop (10.5-15 um; benzene nu11 at 673 included),2,19.566
1484,547,C32H18-,-1,32,18,0,4,0,6,8,2-B1,,10.1016/j.saa.2014.04.017,"dibenzo[hi,uv]hexacene or dinaptho-pyrene",696.0,0.0027,696.7786,711.4341433530733,0.9794,0,3.9121,0.5924099475708603,0.0013,B2,CH-oop (10.5-15 um; benzene nu11 at 673 included),4,-0.779
1485,547,C32H18-,-1,32,18,0,4,0,6,8,2-B1,,10.1016/j.saa.2014.04.017,"dibenzo[hi,uv]hexacene or dinaptho-pyrene",954.2,0.0018,969.1802,989.5652440269552,0.9794,0,343.4654,2.5358829936636265,0.1162,B2,ring / CH-ip (9-10.5 um),2,-14.98
1486,547,C32H18-,-1,32,18,0,4,0,6,8,2-B1,,10.1016/j.saa.2014.04.017,"dibenzo[hi,uv]hexacene or dinaptho-pyrene",1411.8,0.0016,1419.023,1464.2689092972862,0.9691,1,143.0827,2.155587126780521,0.0484,B1,CC-stretch/CH-ip (7.7 um),2,-7.223
1487,547,C32H18-,-1,32,18,0,4,0,6,8,2-B1,,10.1016/j.saa.2014.04.017,"dibenzo[hi,uv]hexacene or dinaptho-pyrene",734.5,0.0015,715.3894,730.4363896263018,0.9794,0,2.0264,0.3067251767824916,0.0007,B1,CH-oop (10.5-15 um; benzene nu11 at 673 included),6,19.111
1488,547,C32H18-,-1,32,18,0,4,0,6,8,2-B1,,10.1016/j.saa.2014.04.017,"dibenzo[hi,uv]hexacene or dinaptho-pyrene",1207.4,0.0012,1229.2847,1268.4807553400062,0.9691,1,2232.2884,3.3487503024686665,0.7552,B1,CH-ip-bend (8.6 um),3,-21.885
1489,547,C32H18-,-1,32,18,0,4,0,6,8,2-B1,,10.1016/j.saa.2014.04.017,"dibenzo[hi,uv]hexacene or dinaptho-pyrene",739.1,0.0011,759.0117,774.9762099244435,0.9794,0,7.2314,0.8592223849038306,0.0024,B2,CH-oop (10.5-15 um; benzene nu11 at 673 included),6,-19.912
1490,547,C32H18-,-1,32,18,0,4,0,6,8,2-B1,,10.1016/j.saa.2014.04.017,"dibenzo[hi,uv]hexacene or dinaptho-pyrene",1216.7,0.0008,1234.9477,1274.3243215354453,0.9691,1,41.298,1.615929019937377,0.014,B2,CH-ip-bend (8.6 um),3,-18.248
1491,547,C32H18-,-1,32,18,0,4,0,6,8,2-B1,,10.1016/j.saa.2014.04.017,"dibenzo[hi,uv]hexacene or dinaptho-pyrene",559.8,0.0007,559.9086,571.6853175413518,0.9794,0,19.9876,1.3007606495792843,0.0068,B2,low / skeletal,3,-0.109
1492,547,C32H18-,-1,32,18,0,4,0,6,8,2-B1,,10.1016/j.saa.2014.04.017,"dibenzo[hi,uv]hexacene or dinaptho-pyrene",750.5,0.0007,761.5379,777.5555442107412,0.9794,0,1.653,0.2182728535714475,0.0006,A1,CH-oop (10.5-15 um; benzene nu11 at 673 included),4,-11.038
1493,547,C32H18-,-1,32,18,0,4,0,6,8,2-B1,,10.1016/j.saa.2014.04.017,"dibenzo[hi,uv]hexacene or dinaptho-pyrene",1282.8,0.0005,1310.4172,1352.200185739346,0.9691,1,1621.7109,3.209973435741189,0.5487,B1,CC-stretch/CH-ip (7.7 um),3,-27.617
1494,547,C32H18-,-1,32,18,0,4,0,6,8,2-B1,,10.1016/j.saa.2014.04.017,"dibenzo[hi,uv]hexacene or dinaptho-pyrene",566.5,0.0005,567.5456,579.4829487441291,0.9794,0,26.4143,1.4218391060255893,0.0089,B1,low / skeletal,3,-1.046
1495,547,C32H18-,-1,32,18,0,4,0,6,8,2-B1,,10.1016/j.saa.2014.04.017,"dibenzo[hi,uv]hexacene or dinaptho-pyrene",1445.8,0.0005,1450.6419,1496.8959859663607,0.9691,1,185.4817,2.268301067691935,0.0628,B2,CC-stretch/CH-ip (7.7 um),4,-4.842
1496,536,C32H18,0,32,18,0,4,0,6,8,1-A1,,10.1016/j.saa.2014.04.017,dinaptho-pyrene or dibenzo-hexane,3065.5,1.0,3066.3626,3195.126185266229,0.9597,2,57.8007,1.7619330980104335,0.7317,B2,CH-stretch,6,-0.863
1497,536,C32H18,0,32,18,0,4,0,6,8,1-A1,,10.1016/j.saa.2014.04.017,dinaptho-pyrene or dibenzo-hexane,1438.9,0.7131,1438.0951,1483.94912805696,0.9691,1,57.5379,1.7599540071014905,0.7284,B1,CC-stretch/CH-ip (7.7 um),2,0.805
1498,536,C32H18,0,32,18,0,4,0,6,8,1-A1,,10.1016/j.saa.2014.04.017,dinaptho-pyrene or dibenzo-hexane,876.7,0.639,867.7508,886.0024504798856,0.9794,0,2.578,0.4112829130173842,0.0326,B2,CH-oop (10.5-15 um; benzene nu11 at 673 included),3,8.949
1499,536,C32H18,0,32,18,0,4,0,6,8,1-A1,,10.1016/j.saa.2014.04.017,dinaptho-pyrene or dibenzo-hexane,796.2,0.5725,788.0658,804.6414131100673,0.9794,0,54.7146,1.7381032285891338,0.6926,A1,CH-oop (10.5-15 um; benzene nu11 at 673 included),3,8.134
1500,536,C32H18,0,32,18,0,4,0,6,8,1-A1,,10.1016/j.saa.2014.04.017,dinaptho-pyrene or dibenzo-hexane,3091.2,0.4967,3101.8445,3232.098051474419,0.9597,2,21.5377,1.3331993233518755,0.2726,B1,CH-stretch,7,-10.645
1501,536,C32H18,0,32,18,0,4,0,6,8,1-A1,,10.1016/j.saa.2014.04.017,dinaptho-pyrene or dibenzo-hexane,570.3,0.4582,570.8134,582.8194813150908,0.9794,0,39.795,1.5998285090380104,0.5038,B1,low / skeletal,1,-0.513
1502,536,C32H18,0,32,18,0,4,0,6,8,1-A1,,10.1016/j.saa.2014.04.017,dinaptho-pyrene or dibenzo-hexane,1438.9,0.4514,1466.2986,1513.0519038282944,0.9691,1,7.2126,0.8580918475360059,0.0913,B2,CC-stretch/CH-ip (7.7 um),2,-27.399
1503,536,C32H18,0,32,18,0,4,0,6,8,1-A1,,10.1016/j.saa.2014.04.017,dinaptho-pyrene or dibenzo-hexane,706.4,0.4414,704.1435,718.9539513988155,0.9794,0,34.0823,1.5325288948858493,0.4314,A1,CH-oop (10.5-15 um; benzene nu11 at 673 included),1,2.256
1504,536,C32H18,0,32,18,0,4,0,6,8,1-A1,,10.1016/j.saa.2014.04.017,dinaptho-pyrene or dibenzo-hexane,742.1,0.2937,743.0304,758.658770675924,0.9794,0,1.3571,0.13261185049545424,0.0172,B2,CH-oop (10.5-15 um; benzene nu11 at 673 included),2,-0.93
1505,536,C32H18,0,32,18,0,4,0,6,8,1-A1,,10.1016/j.saa.2014.04.017,dinaptho-pyrene or dibenzo-hexane,1477.2,0.2568,1491.8723,1539.4410277577133,0.9691,1,19.636,1.293053023427832,0.2486,B1,CC-stretch/CH-ip (7.7 um),2,-14.672
1506,536,C32H18,0,32,18,0,4,0,6,8,1-A1,,10.1016/j.saa.2014.04.017,dinaptho-pyrene or dibenzo-hexane,3025.7,0.2032,3048.7602,3176.784620193811,0.9597,2,8.5114,0.9300010010090753,0.1077,B2,CH-stretch,1,-23.06
1507,536,C32H18,0,32,18,0,4,0,6,8,1-A1,,10.1016/j.saa.2014.04.017,dinaptho-pyrene or dibenzo-hexane,1562.2,0.1718,1563.5413,1613.39521205242,0.9691,1,12.7076,1.1040635359846023,0.1609,B1,CC-stretch (6.2 um),2,-1.341
1508,536,C32H18,0,32,18,0,4,0,6,8,1-A1,,10.1016/j.saa.2014.04.017,dinaptho-pyrene or dibenzo-hexane,1609.0,0.1716,1607.0362,1658.2769580022702,0.9691,1,11.6833,1.0675655285099723,0.1479,B2,CC-stretch (6.2 um),2,1.964
1509,536,C32H18,0,32,18,0,4,0,6,8,1-A1,,10.1016/j.saa.2014.04.017,dinaptho-pyrene or dibenzo-hexane,1211.7,0.1476,1210.9018,1249.511711897637,0.9691,1,9.6751,0.9856554624996053,0.1225,B1,CH-ip-bend (8.6 um),2,0.798
1510,536,C32H18,0,32,18,0,4,0,6,8,1-A1,,10.1016/j.saa.2014.04.017,dinaptho-pyrene or dibenzo-hexane,1341.3,0.1425,1331.7509,1374.2141161902798,0.9691,1,7.712,0.8871670208947744,0.0976,B2,CC-stretch/CH-ip (7.7 um),2,9.549
1511,536,C32H18,0,32,18,0,4,0,6,8,1-A1,,10.1016/j.saa.2014.04.017,dinaptho-pyrene or dibenzo-hexane,463.9,0.1274,469.0589,478.924749846845,0.9794,0,12.5008,1.0969378069655011,0.1582,A1,low / skeletal,1,-5.159
1512,536,C32H18,0,32,18,0,4,0,6,8,1-A1,,10.1016/j.saa.2014.04.017,dinaptho-pyrene or dibenzo-hexane,1119.2,0.1119,1117.4671,1153.0978227221135,0.9691,1,6.9667,0.8430271093504487,0.0882,B2,CH-ip-bend (8.6 um),2,1.733
1513,536,C32H18,0,32,18,0,4,0,6,8,1-A1,,10.1016/j.saa.2014.04.017,dinaptho-pyrene or dibenzo-hexane,1354.8,0.0984,1357.9669,1401.266020018574,0.9691,1,3.8319,0.5834141668953199,0.0485,B1,CC-stretch/CH-ip (7.7 um),2,-3.167
1514,536,C32H18,0,32,18,0,4,0,6,8,1-A1,,10.1016/j.saa.2014.04.017,dinaptho-pyrene or dibenzo-hexane,1574.7,0.0835,1574.019,1624.2069961820246,0.9691,1,11.9599,1.0777275484124462,0.1514,B1,CC-stretch (6.2 um),3,0.681
1515,536,C32H18,0,32,18,0,4,0,6,8,1-A1,,10.1016/j.saa.2014.04.017,dinaptho-pyrene or dibenzo-hexane,1011.7,0.0754,1024.2145,1045.7570961813356,0.9794,0,4.4156,0.6449897246711221,0.0559,B1,ring / CH-ip (9-10.5 um),2,-12.514
1516,536,C32H18,0,32,18,0,4,0,6,8,1-A1,,10.1016/j.saa.2014.04.017,dinaptho-pyrene or dibenzo-hexane,1149.7,0.0712,1152.6836,1189.4372097822722,0.9691,1,2.5046,0.39873837624561104,0.0317,B1,CH-ip-bend (8.6 um),2,-2.984
1517,536,C32H18,0,32,18,0,4,0,6,8,1-A1,,10.1016/j.saa.2014.04.017,dinaptho-pyrene or dibenzo-hexane,1410.8,0.063,1405.1078,1449.9100196058198,0.9691,1,5.7154,0.757046630481726,0.0724,B2,CC-stretch/CH-ip (7.7 um),3,5.692
1518,536,C32H18,0,32,18,0,4,0,6,8,1-A1,,10.1016/j.saa.2014.04.017,dinaptho-pyrene or dibenzo-hexane,1579.6,0.0607,1593.313,1644.1161902796412,0.9691,1,3.1941,0.5043485087869177,0.0404,B2,CC-stretch (6.2 um),4,-13.713
1519,536,C32H18,0,32,18,0,4,0,6,8,1-A1,,10.1016/j.saa.2014.04.017,dinaptho-pyrene or dibenzo-hexane,1180.4,0.053,1179.9635,1217.58693633268,0.9691,1,4.2174,0.6250447937002688,0.0534,B1,CH-ip-bend (8.6 um),2,0.437
1520,536,C32H18,0,32,18,0,4,0,6,8,1-A1,,10.1016/j.saa.2014.04.017,dinaptho-pyrene or dibenzo-hexane,1266.1,0.0528,1254.5443,1294.5457641110308,0.9691,1,4.6788,0.6701344812356106,0.0592,B2,CC-stretch/CH-ip (7.7 um),1,11.556
1521,536,C32H18,0,32,18,0,4,0,6,8,1-A1,,10.1016/j.saa.2014.04.017,dinaptho-pyrene or dibenzo-hexane,1306.0,0.0453,1307.0836,1348.760293055412,0.9691,1,2.273,0.3565994357249708,0.0288,B1,CC-stretch/CH-ip (7.7 um),3,-1.084
1522,536,C32H18,0,32,18,0,4,0,6,8,1-A1,,10.1016/j.saa.2014.04.017,dinaptho-pyrene or dibenzo-hexane,1397.5,0.0451,1393.0773,1437.4959240532453,0.9691,1,2.2113,0.3446476659194058,0.028,B1,CC-stretch/CH-ip (7.7 um),2,4.423
1523,536,C32H18,0,32,18,0,4,0,6,8,1-A1,,10.1016/j.saa.2014.04.017,dinaptho-pyrene or dibenzo-hexane,951.3,0.0407,940.9905,960.7826220134776,0.9794,0,4.9053,0.6906655732573294,0.0621,A1,CH-oop (10.5-15 um; benzene nu11 at 673 included),2,10.309
1524,536,C32H18,0,32,18,0,4,0,6,8,1-A1,,10.1016/j.saa.2014.04.017,dinaptho-pyrene or dibenzo-hexane,1227.0,0.0404,1219.6723,1258.561861520999,0.9691,1,9.7621,0.9895432521246154,0.1236,B2,CH-ip-bend (8.6 um),3,7.328
1525,536,C32H18,0,32,18,0,4,0,6,8,1-A1,,10.1016/j.saa.2014.04.017,dinaptho-pyrene or dibenzo-hexane,1138.8,0.037,1130.785,1166.8403673511507,0.9691,1,2.3209,0.3656564285283893,0.0294,B2,CH-ip-bend (8.6 um),3,8.015
1526,536,C32H18,0,32,18,0,4,0,6,8,1-A1,,10.1016/j.saa.2014.04.017,dinaptho-pyrene or dibenzo-hexane,847.6,0.0355,846.6773,864.4857055340003,0.9794,0,2.1566,0.33376960087347457,0.0273,B1,CH-oop (10.5-15 um; benzene nu11 at 673 included),4,0.923
1527,536,C32H18,0,32,18,0,4,0,6,8,1-A1,,10.1016/j.saa.2014.04.017,dinaptho-pyrene or dibenzo-hexane,627.4,0.019,630.8531,644.1220134776394,0.9794,0,1.435,0.15685190107001115,0.0182,B1,low / skeletal,1,-3.453
1528,536,C32H18,0,32,18,0,4,0,6,8,1-A1,,10.1016/j.saa.2014.04.017,dinaptho-pyrene or dibenzo-hexane,1294.5,0.0182,1297.2838,1338.648023939738,0.9691,1,4.6824,0.6704685111061242,0.0593,B2,CC-stretch/CH-ip (7.7 um),2,-2.784
1529,536,C32H18,0,32,18,0,4,0,6,8,1-A1,,10.1016/j.saa.2014.04.017,dinaptho-pyrene or dibenzo-hexane,1004.5,0.017,997.7958,1018.782724116806,0.9794,0,1.2065,0.08152732624480459,0.0153,B2,ring / CH-ip (9-10.5 um),2,6.704
1530,536,C32H18,0,32,18,0,4,0,6,8,1-A1,,10.1016/j.saa.2014.04.017,dinaptho-pyrene or dibenzo-hexane,808.3,0.0112,806.7747,823.7438227486216,0.9794,0,5.7565,0.7601585089980899,0.0729,A1,CH-oop (10.5-15 um; benzene nu11 at 673 included),2,1.525
1531,536,C32H18,0,32,18,0,4,0,6,8,1-A1,,10.1016/j.saa.2014.04.017,dinaptho-pyrene or dibenzo-hexane,964.4,0.0071,935.414,955.0888298958546,0.9794,0,1.794,0.2538224387080733,0.0227,A1,CH-oop (10.5-15 um; benzene nu11 at 673 included),2,28.986
1532,546,C32H18+,1,32,18,0,4,0,6,8,2-B2,,10.1016/j.saa.2014.04.017,"dibenzo[hi,uv]hexacene or dinaptho-pyrene",715.8,1.0,714.498,729.5262405554421,0.9794,0,31.9899,1.5050128824874809,0.0072,A1,CH-oop (10.5-15 um; benzene nu11 at 673 included),1,1.302
1533,546,C32H18+,1,32,18,0,4,0,6,8,2-B2,,10.1016/j.saa.2014.04.017,"dibenzo[hi,uv]hexacene or dinaptho-pyrene",746.3,0.9448,752.8717,768.7070655503369,0.9794,0,40.0876,1.6030100563014866,0.0091,A1,CH-oop (10.5-15 um; benzene nu11 at 673 included),4,-6.572
1534,546,C32H18+,1,32,18,0,4,0,6,8,2-B2,,10.1016/j.saa.2014.04.017,"dibenzo[hi,uv]hexacene or dinaptho-pyrene",873.5,0.9058,881.3924,899.9309781498876,0.9794,0,1.265,0.10209052551183669,0.0003,B1,CH-oop (10.5-15 um; benzene nu11 at 673 included),4,-7.892
1535,546,C32H18+,1,32,18,0,4,0,6,8,2-B2,,10.1016/j.saa.2014.04.017,"dibenzo[hi,uv]hexacene or dinaptho-pyrene",919.1,0.736,897.9027,916.7885440065344,0.9794,0,18.4231,1.2653627094448432,0.0042,B1,CH-oop (10.5-15 um; benzene nu11 at 673 included),1,21.197
1536,546,C32H18+,1,32,18,0,4,0,6,8,2-B2,,10.1016/j.saa.2014.04.017,"dibenzo[hi,uv]hexacene or dinaptho-pyrene",779.6,0.7058,770.4096,786.6138452113538,0.9794,0,25.183,1.4011074654794566,0.0057,B1,CH-oop (10.5-15 um; benzene nu11 at 673 included),6,9.19
1537,546,C32H18+,1,32,18,0,4,0,6,8,2-B2,,10.1016/j.saa.2014.04.017,"dibenzo[hi,uv]hexacene or dinaptho-pyrene",1210.6,0.5412,1220.9165,1259.8457331544732,0.9691,1,10.8007,1.033451903291182,0.0024,B2,CH-ip-bend (8.6 um),2,-10.317
1538,546,C32H18+,1,32,18,0,4,0,6,8,2-B2,,10.1016/j.saa.2014.04.017,"dibenzo[hi,uv]hexacene or dinaptho-pyrene",1513.6,0.2742,1492.3121,1539.894850892581,0.9691,1,644.1686,2.80899955131402,0.1457,B1,CC-stretch/CH-ip (7.7 um),2,21.288
1539,546,C32H18+,1,32,18,0,4,0,6,8,2-B2,,10.1016/j.saa.2014.04.017,"dibenzo[hi,uv]hexacene or dinaptho-pyrene",1440.1,0.2562,1433.5921,1479.3025487565783,0.9691,1,53.3008,1.7267337274689392,0.0121,B1,CC-stretch/CH-ip (7.7 um),3,6.508
1540,546,C32H18+,1,32,18,0,4,0,6,8,2-B2,,10.1016/j.saa.2014.04.017,"dibenzo[hi,uv]hexacene or dinaptho-pyrene",814.4,0.2414,809.334,826.3569532366754,0.9794,0,22.7336,1.3566682142703619,0.0051,A1,CH-oop (10.5-15 um; benzene nu11 at 673 included),2,5.066
1541,546,C32H18+,1,32,18,0,4,0,6,8,2-B2,,10.1016/j.saa.2014.04.017,"dibenzo[hi,uv]hexacene or dinaptho-pyrene",1297.7,0.1553,1297.2232,1338.5854916933235,0.9691,1,3.4356,0.5360025940692235,0.0008,A1,CC-stretch/CH-ip (7.7 um),3,0.477
1542,546,C32H18+,1,32,18,0,4,0,6,8,2-B2,,10.1016/j.saa.2014.04.017,"dibenzo[hi,uv]hexacene or dinaptho-pyrene",835.1,0.1077,847.1865,865.0056156830713,0.9794,0,97.587,1.9893919672127878,0.0221,B1,CH-oop (10.5-15 um; benzene nu11 at 673 included),2,-12.087
1543,546,C32H18+,1,32,18,0,4,0,6,8,2-B2,,10.1016/j.saa.2014.04.017,"dibenzo[hi,uv]hexacene or dinaptho-pyrene",1333.8,0.0581,1339.3129,1382.0172324837476,0.9691,1,9.4161,0.9738710621142204,0.0021,B2,CC-stretch/CH-ip (7.7 um),4,-5.513
1544,546,C32H18+,1,32,18,0,4,0,6,8,2-B2,,10.1016/j.saa.2014.04.017,"dibenzo[hi,uv]hexacene or dinaptho-pyrene",618.4,0.0504,622.6287,635.7246273228507,0.9794,0,27.1082,1.4331006811356124,0.0061,B1,low / skeletal,1,-4.229
1545,546,C32H18+,1,32,18,0,4,0,6,8,2-B2,,10.1016/j.saa.2014.04.017,"dibenzo[hi,uv]hexacene or dinaptho-pyrene",1376.6,0.0411,1377.2547,1421.1688164276134,0.9691,1,4.2064,0.6239105687622876,0.001,A1,CC-stretch/CH-ip (7.7 um),4,-0.655
1546,546,C32H18+,1,32,18,0,4,0,6,8,2-B2,,10.1016/j.saa.2014.04.017,"dibenzo[hi,uv]hexacene or dinaptho-pyrene",1315.2,0.039,1315.1849,1357.1199050665566,0.9691,1,237.6163,2.3758762290585116,0.0537,B1,CC-stretch/CH-ip (7.7 um),4,0.015
1547,546,C32H18+,1,32,18,0,4,0,6,8,2-B2,,10.1016/j.saa.2014.04.017,"dibenzo[hi,uv]hexacene or dinaptho-pyrene",1369.3,0.0305,1369.8934,1413.572799504695,0.9691,1,899.3867,2.953946460995635,0.2034,B1,CC-stretch/CH-ip (7.7 um),5,-0.593
1548,546,C32H18+,1,32,18,0,4,0,6,8,2-B2,,10.1016/j.saa.2014.04.017,"dibenzo[hi,uv]hexacene or dinaptho-pyrene",1258.2,0.0187,1262.0515,1302.2923330925605,0.9691,1,2160.3991,3.3345339876865885,0.4887,B1,CC-stretch/CH-ip (7.7 um),2,-3.851
1549,546,C32H18+,1,32,18,0,4,0,6,8,2-B2,,10.1016/j.saa.2014.04.017,"dibenzo[hi,uv]hexacene or dinaptho-pyrene",1124.7,0.0135,1112.4854,1147.9572799504697,0.9691,1,1.7706,0.24812045988360312,0.0004,B2,CH-ip-bend (8.6 um),2,12.215
1550,546,C32H18+,1,32,18,0,4,0,6,8,2-B2,,10.1016/j.saa.2014.04.017,"dibenzo[hi,uv]hexacene or dinaptho-pyrene",734.5,0.0125,759.4292,775.4024913212171,0.9794,0,1.0675,0.02836788369706143,0.0002,A1,CH-oop (10.5-15 um; benzene nu11 at 673 included),3,-24.929
1551,546,C32H18+,1,32,18,0,4,0,6,8,2-B2,,10.1016/j.saa.2014.04.017,"dibenzo[hi,uv]hexacene or dinaptho-pyrene",1083.3,0.0122,1088.7352,1123.4497987823756,0.9691,1,80.7885,1.9073495446608117,0.0183,B1,ring / CH-ip (9-10.5 um),2,-5.435
1552,546,C32H18+,1,32,18,0,4,0,6,8,2-B2,,10.1016/j.saa.2014.04.017,"dibenzo[hi,uv]hexacene or dinaptho-pyrene",739.1,0.0093,765.0857,781.1779661016949,0.9794,0,1.7574,0.24487062206524232,0.0004,B2,CH-oop (10.5-15 um; benzene nu11 at 673 included),4,-25.986
1553,546,C32H18+,1,32,18,0,4,0,6,8,2-B2,,10.1016/j.saa.2014.04.017,"dibenzo[hi,uv]hexacene or dinaptho-pyrene",997.8,0.0078,970.8254,991.2450479885644,0.9794,0,1.7819,0.2508833278339676,0.0004,A1,ring / CH-ip (9-10.5 um),1,26.975
1554,546,C32H18+,1,32,18,0,4,0,6,8,2-B2,,10.1016/j.saa.2014.04.017,"dibenzo[hi,uv]hexacene or dinaptho-pyrene",3062.2,0.0056,3068.5775,3197.4340939877043,0.9597,2,4.9431,0.6939993964225194,0.0011,B2,CH-stretch,6,-6.378
1555,125,C34H16,0,34,16,0,0,10,6,0,1-A',,,"3,4;5,6;7,8-tribenzoperopyrene",3064.4,1.0,3067.5212,3196.3334375325626,0.9597,2,20.7544,1.3171101826456064,0.1489,A',CH-stretch,11,-3.121
1556,125,C34H16,0,34,16,0,0,10,6,0,1-A',,,"3,4;5,6;7,8-tribenzoperopyrene",1436.5,0.5458,1434.1327,1479.8603859250852,0.9691,1,1.8166,0.25925930985236334,0.013,A',CC-stretch/CH-ip (7.7 um),4,2.367
1557,125,C34H16,0,34,16,0,0,10,6,0,1-A',,,"3,4;5,6;7,8-tribenzoperopyrene",838.5,0.5324,837.9787,855.6041453951399,0.9794,0,114.3568,2.0582619941694578,0.8204,"A""",CH-oop (10.5-15 um; benzene nu11 at 673 included),2,0.521
1558,125,C34H16,0,34,16,0,0,10,6,0,1-A',,,"3,4;5,6;7,8-tribenzoperopyrene",3045.0,0.528,3049.372,3177.422111076378,0.9597,2,2.2096,0.3443136612345561,0.0159,A',CH-stretch,9,-4.372
1559,125,C34H16,0,34,16,0,0,10,6,0,1-A',,,"3,4;5,6;7,8-tribenzoperopyrene",812.6,0.3588,806.4092,823.3706350827038,0.9794,0,8.2952,0.9188268614693939,0.0595,A',CH-oop (10.5-15 um; benzene nu11 at 673 included),4,6.191
1560,125,C34H16,0,34,16,0,0,10,6,0,1-A',,,"3,4;5,6;7,8-tribenzoperopyrene",3095.3,0.3517,3099.0682,3229.205168281755,0.9597,2,3.5574,0.5511327007286073,0.0255,A',CH-stretch,9,-3.768
1561,125,C34H16,0,34,16,0,0,10,6,0,1-A',,,"3,4;5,6;7,8-tribenzoperopyrene",1594.7,0.3306,1598.5142,1649.4832318646168,0.9691,1,10.3127,1.0133723841571691,0.074,A',CC-stretch (6.2 um),4,-3.814
1562,125,C34H16,0,34,16,0,0,10,6,0,1-A',,,"3,4;5,6;7,8-tribenzoperopyrene",3026.2,0.2717,3054.0027,3182.2472647702407,0.9597,2,2.242,0.35063560825895435,0.0161,A',CH-stretch,4,-27.803
1563,125,C34H16,0,34,16,0,0,10,6,0,1-A',,,"3,4;5,6;7,8-tribenzoperopyrene",1342.3,0.1962,1334.936,1377.5007739139407,0.9691,1,10.2052,1.0088215203745048,0.0732,A',CC-stretch/CH-ip (7.7 um),5,7.364
1564,125,C34H16,0,34,16,0,0,10,6,0,1-A',,,"3,4;5,6;7,8-tribenzoperopyrene",1350.1,0.1885,1359.7159,1403.0707873284491,0.9691,1,1.3453,0.1288191421945105,0.0097,A',CC-stretch/CH-ip (7.7 um),4,-9.616
1565,125,C34H16,0,34,16,0,0,10,6,0,1-A',,,"3,4;5,6;7,8-tribenzoperopyrene",1214.3,0.1541,1209.2943,1247.852956351254,0.9691,1,7.3766,0.8678562342510263,0.0529,A',CH-ip-bend (8.6 um),4,5.006
1566,125,C34H16,0,34,16,0,0,10,6,0,1-A',,,"3,4;5,6;7,8-tribenzoperopyrene",1095.3,0.152,1091.5125,1126.3156536993088,0.9691,1,7.0314,0.8470418046415791,0.0504,A',ring / CH-ip (9-10.5 um),4,3.787
1567,125,C34H16,0,34,16,0,0,10,6,0,1-A',,,"3,4;5,6;7,8-tribenzoperopyrene",1630.3,0.1362,1627.7507,1679.6519451037043,0.9691,1,8.419,0.9252605095194353,0.0604,A',CC-stretch (6.2 um),3,2.549
1568,125,C34H16,0,34,16,0,0,10,6,0,1-A',,,"3,4;5,6;7,8-tribenzoperopyrene",733.2,0.1215,718.0162,733.1184398611394,0.9794,0,12.1472,1.084476182075161,0.0871,"A""",CH-oop (10.5-15 um; benzene nu11 at 673 included),2,15.184
1569,125,C34H16,0,34,16,0,0,10,6,0,1-A',,,"3,4;5,6;7,8-tribenzoperopyrene",1423.8,0.0999,1429.2174,1474.788360334331,0.9691,1,28.8574,1.4602571993659534,0.207,A',CC-stretch/CH-ip (7.7 um),3,-5.417
1570,125,C34H16,0,34,16,0,0,10,6,0,1-A',,,"3,4;5,6;7,8-tribenzoperopyrene",1525.3,0.0994,1514.2542,1562.5365803322672,0.9691,1,7.5682,0.8789926003689859,0.0543,A',CC-stretch (6.2 um),1,11.046
1571,125,C34H16,0,34,16,0,0,10,6,0,1-A',,,"3,4;5,6;7,8-tribenzoperopyrene",1602.5,0.0921,1602.3067,1653.396656691776,0.9691,1,6.8053,0.8328472750900896,0.0488,A',CC-stretch (6.2 um),6,0.193
1572,125,C34H16,0,34,16,0,0,10,6,0,1-A',,,"3,4;5,6;7,8-tribenzoperopyrene",1234.8,0.0908,1229.0032,1268.190279640904,0.9691,1,3.6739,0.5651273310554622,0.0264,A',CH-ip-bend (8.6 um),6,5.797
1573,125,C34H16,0,34,16,0,0,10,6,0,1-A',,,"3,4;5,6;7,8-tribenzoperopyrene",1166.8,0.0895,1160.3648,1197.36332679806,0.9691,1,1.0098,0.00423536635946749,0.0072,A',CH-ip-bend (8.6 um),2,6.435
1574,125,C34H16,0,34,16,0,0,10,6,0,1-A',,,"3,4;5,6;7,8-tribenzoperopyrene",760.6,0.0886,758.5548,774.5096998162139,0.9794,0,20.765,1.317331935445897,0.149,"A""",CH-oop (10.5-15 um; benzene nu11 at 673 included),2,2.045
1575,125,C34H16,0,34,16,0,0,10,6,0,1-A',,,"3,4;5,6;7,8-tribenzoperopyrene",1319.6,0.0872,1318.6087,1360.6528738004336,0.9691,1,1.0451,0.0191578477392822,0.0075,A',CC-stretch/CH-ip (7.7 um),5,0.991
1576,125,C34H16,0,34,16,0,0,10,6,0,1-A',,,"3,4;5,6;7,8-tribenzoperopyrene",566.5,0.086,566.8064,578.7282009393507,0.9794,0,3.0632,0.4861753533396312,0.022,A',low / skeletal,3,-0.306
1577,125,C34H16,0,34,16,0,0,10,6,0,1-A',,,"3,4;5,6;7,8-tribenzoperopyrene",1505.9,0.0752,1495.2961,1542.9739964915902,0.9691,1,1.4828,0.17108257735752602,0.0106,A',CC-stretch/CH-ip (7.7 um),2,10.604
1578,125,C34H16,0,34,16,0,0,10,6,0,1-A',,,"3,4;5,6;7,8-tribenzoperopyrene",1147.9,0.0651,1150.1702,1186.8436693839649,0.9691,1,4.9356,0.6933399555568,0.0354,A',CH-ip-bend (8.6 um),2,-2.27
1579,125,C34H16,0,34,16,0,0,10,6,0,1-A',,,"3,4;5,6;7,8-tribenzoperopyrene",1270.4,0.0615,1262.7736,1303.0374574347334,0.9691,1,3.3338,0.5229395422521153,0.0239,A',CC-stretch/CH-ip (7.7 um),2,7.626
1580,125,C34H16,0,34,16,0,0,10,6,0,1-A',,,"3,4;5,6;7,8-tribenzoperopyrene",1402.8,0.0603,1416.183,1461.3383551749046,0.9691,1,9.7713,0.9899523472671866,0.0701,A',CC-stretch/CH-ip (7.7 um),3,-13.383
1581,125,C34H16,0,34,16,0,0,10,6,0,1-A',,,"3,4;5,6;7,8-tribenzoperopyrene",832.4,0.0587,828.9657,846.4015723912598,0.9794,0,1.9735,0.2952371307315341,0.0142,A',CH-oop (10.5-15 um; benzene nu11 at 673 included),4,3.434
1582,125,C34H16,0,34,16,0,0,10,6,0,1-A',,,"3,4;5,6;7,8-tribenzoperopyrene",1379.2,0.0553,1386.2411,1430.4417500773914,0.9691,1,1.7664,0.24708905604910486,0.0127,A',CC-stretch/CH-ip (7.7 um),3,-7.041
1583,125,C34H16,0,34,16,0,0,10,6,0,1-A',,,"3,4;5,6;7,8-tribenzoperopyrene",762.8,0.0547,777.7723,794.1314069838676,0.9794,0,5.7889,0.7625960474380598,0.0415,"A""",CH-oop (10.5-15 um; benzene nu11 at 673 included),2,-14.972
1584,125,C34H16,0,34,16,0,0,10,6,0,1-A',,,"3,4;5,6;7,8-tribenzoperopyrene",596.3,0.0522,594.5048,607.0091892995712,0.9794,0,6.1203,0.7867727105689817,0.0439,"A""",low / skeletal,3,1.795
1585,125,C34H16,0,34,16,0,0,10,6,0,1-A',,,"3,4;5,6;7,8-tribenzoperopyrene",468.4,0.0515,464.6965,474.4705942413723,0.9794,0,5.2737,0.7221154208593313,0.0378,A',low / skeletal,2,3.703
1586,125,C34H16,0,34,16,0,0,10,6,0,1-A',,,"3,4;5,6;7,8-tribenzoperopyrene",1367.8,0.0488,1370.692,1414.3968630688269,0.9691,1,2.6226,0.4187320568732962,0.0188,A',CC-stretch/CH-ip (7.7 um),3,-2.892
1587,125,C34H16,0,34,16,0,0,10,6,0,1-A',,,"3,4;5,6;7,8-tribenzoperopyrene",1203.9,0.0449,1205.5301,1243.9687338767928,0.9691,1,2.4401,0.3874076249281831,0.0175,A',CH-ip-bend (8.6 um),4,-1.63
1588,125,C34H16,0,34,16,0,0,10,6,0,1-A',,,"3,4;5,6;7,8-tribenzoperopyrene",1259.9,0.0431,1256.6477,1296.716231555051,0.9691,1,2.6839,0.428766330328082,0.0193,A',CC-stretch/CH-ip (7.7 um),2,3.252
1589,125,C34H16,0,34,16,0,0,10,6,0,1-A',,,"3,4;5,6;7,8-tribenzoperopyrene",960.4,0.0393,954.6776,974.7576066979784,0.9794,0,1.3804,0.14000495061944926,0.0099,A',ring / CH-ip (9-10.5 um),2,5.722
1590,125,C34H16,0,34,16,0,0,10,6,0,1-A',,,"3,4;5,6;7,8-tribenzoperopyrene",927.5,0.0375,923.2475,942.6664284255666,0.9794,0,3.9562,0.5972782386129148,0.0284,A',CH-oop (10.5-15 um; benzene nu11 at 673 included),3,4.253
1591,125,C34H16,0,34,16,0,0,10,6,0,1-A',,,"3,4;5,6;7,8-tribenzoperopyrene",1308.1,0.0354,1302.4022,1343.9296254256526,0.9691,1,6.6126,0.8203722527740255,0.0474,A',CC-stretch/CH-ip (7.7 um),5,5.698
1592,125,C34H16,0,34,16,0,0,10,6,0,1-A',,,"3,4;5,6;7,8-tribenzoperopyrene",1462.1,0.0347,1461.9113,1508.524713651842,0.9691,1,4.2694,0.6303668457514049,0.0306,A',CC-stretch/CH-ip (7.7 um),2,0.189
1593,125,C34H16,0,34,16,0,0,10,6,0,1-A',,,"3,4;5,6;7,8-tribenzoperopyrene",502.4,0.0262,501.4241,511.9706963447008,0.9794,0,2.393,0.3789426986134373,0.0172,A',low / skeletal,3,0.976
1594,125,C34H16,0,34,16,0,0,10,6,0,1-A',,,"3,4;5,6;7,8-tribenzoperopyrene",894.5,0.022,881.121,899.6538697161527,0.9794,0,9.5238,0.9788102666353629,0.0683,"A""",CH-oop (10.5-15 um; benzene nu11 at 673 included),2,13.379
1595,125,C34H16,0,34,16,0,0,10,6,0,1-A',,,"3,4;5,6;7,8-tribenzoperopyrene",1314.2,0.0214,1301.1373,1342.6243937674133,0.9691,1,8.9455,0.9516046200484137,0.0642,A',CC-stretch/CH-ip (7.7 um),5,13.063
1596,125,C34H16,0,34,16,0,0,10,6,0,1-A',,,"3,4;5,6;7,8-tribenzoperopyrene",1654.3,0.0159,1626.3703,1678.2275306985864,0.9691,1,1.9818,0.2970598240750578,0.0142,A',CC-stretch (6.2 um),2,27.93
1597,125,C34H16,0,34,16,0,0,10,6,0,1-A',,,"3,4;5,6;7,8-tribenzoperopyrene",489.8,0.0158,492.4459,502.8036552991627,0.9794,0,1.9288,0.2852871973693973,0.0138,"A""",low / skeletal,3,-2.646
1598,125,C34H16,0,34,16,0,0,10,6,0,1-A',,,"3,4;5,6;7,8-tribenzoperopyrene",3138.1,0.0156,3108.7792,3239.32395540273,0.9597,2,29.2343,1.4658926993439223,0.2097,A',CH-stretch,1,29.321
1599,125,C34H16,0,34,16,0,0,10,6,0,1-A',,,"3,4;5,6;7,8-tribenzoperopyrene",525.1,0.0155,523.2158,534.220747396365,0.9794,0,1.4255,0.1539672216454788,0.0102,A',low / skeletal,2,1.884
1600,125,C34H16,0,34,16,0,0,10,6,0,1-A',,,"3,4;5,6;7,8-tribenzoperopyrene",1114.1,0.0131,1104.9419,1140.173253534207,0.9691,1,1.6011,0.2044184575232499,0.0115,A',CH-ip-bend (8.6 um),3,9.158
1601,125,C34H16,0,34,16,0,0,10,6,0,1-A',,,"3,4;5,6;7,8-tribenzoperopyrene",1111.4,0.0125,1087.5645,1122.2417707150964,0.9691,1,1.2236,0.08763946831264106,0.0088,A',ring / CH-ip (9-10.5 um),3,23.836
1602,125,C34H16,0,34,16,0,0,10,6,0,1-A',,,"3,4;5,6;7,8-tribenzoperopyrene",1084.3,0.011,1077.8847,1112.2533278299454,0.9691,1,1.2518,0.09753494721727742,0.009,A',ring / CH-ip (9-10.5 um),4,6.415
1603,125,C34H16,0,34,16,0,0,10,6,0,1-A',,,"3,4;5,6;7,8-tribenzoperopyrene",937.0,0.0071,944.622,964.490504390443,0.9794,0,1.3041,0.11531089491049946,0.0094,"A""",CH-oop (10.5-15 um; benzene nu11 at 673 included),3,-7.622
1604,125,C34H16,0,34,16,0,0,10,6,0,1-A',,,"3,4;5,6;7,8-tribenzoperopyrene",558.2,0.0067,567.7872,579.7296303859505,0.9794,0,3.2415,0.5107460259389226,0.0233,"A""",low / skeletal,2,-9.587
1605,125,C34H16,0,34,16,0,0,10,6,0,1-A',,,"3,4;5,6;7,8-tribenzoperopyrene",1556.8,0.0058,1559.1462,1608.8599731709833,0.9691,1,1.7422,0.24109800940333376,0.0125,A',CC-stretch (6.2 um),3,-2.346
1606,543,C36H20-,-1,36,20,0,6,0,6,8,2-A',,10.1016/j.saa.2014.04.017,"dibenzo[hi,wx]heptacene or naptho-anthraceno-pyrene",1348.2,0.1245,1348.4166,1391.4112062738625,0.9691,1,1811.7702,3.2581031121040893,0.4616,A',CC-stretch/CH-ip (7.7 um),5,-0.217
1607,543,C36H20-,-1,36,20,0,6,0,6,8,2-A',,10.1016/j.saa.2014.04.017,"dibenzo[hi,wx]heptacene or naptho-anthraceno-pyrene",1586.7,0.0247,1586.1297,1636.703848931999,0.9691,1,1.0107,0.00462226570078263,0.0003,"A""",CC-stretch (6.2 um),7,0.57
1608,543,C36H20-,-1,36,20,0,6,0,6,8,2-A',,10.1016/j.saa.2014.04.017,"dibenzo[hi,wx]heptacene or naptho-anthraceno-pyrene",3073.7,0.0229,3072.4559,3201.475356882359,0.9597,2,1.8686,0.2715163445116314,0.0005,"A""",CH-stretch,9,1.244
1609,543,C36H20-,-1,36,20,0,6,0,6,8,2-A',,10.1016/j.saa.2014.04.017,"dibenzo[hi,wx]heptacene or naptho-anthraceno-pyrene",1409.2,0.0222,1398.3752,1442.9627489423176,0.9691,1,277.2422,2.4428593364456854,0.0706,A',CC-stretch/CH-ip (7.7 um),5,10.825
1610,543,C36H20-,-1,36,20,0,6,0,6,8,2-A',,10.1016/j.saa.2014.04.017,"dibenzo[hi,wx]heptacene or naptho-anthraceno-pyrene",1543.5,0.0219,1539.7744,1588.8704984005778,0.9691,1,5.8008,0.7634878921192564,0.0015,"A""",CC-stretch (6.2 um),5,3.726
1611,543,C36H20-,-1,36,20,0,6,0,6,8,2-A',,10.1016/j.saa.2014.04.017,"dibenzo[hi,wx]heptacene or naptho-anthraceno-pyrene",1456.1,0.0212,1454.0661,1500.4293674543392,0.9691,1,201.4893,2.304251988073449,0.0513,A',CC-stretch/CH-ip (7.7 um),7,2.034
1612,543,C36H20-,-1,36,20,0,6,0,6,8,2-A',,10.1016/j.saa.2014.04.017,"dibenzo[hi,wx]heptacene or naptho-anthraceno-pyrene",1326.4,0.0187,1326.0007,1368.2805696006606,0.9691,1,2790.9487,3.4457518538617316,0.7111,A',CC-stretch/CH-ip (7.7 um),6,0.399
1613,543,C36H20-,-1,36,20,0,6,0,6,8,2-A',,10.1016/j.saa.2014.04.017,"dibenzo[hi,wx]heptacene or naptho-anthraceno-pyrene",1257.8,0.0159,1256.6678,1296.7369724486637,0.9691,1,1.2267,0.08873836527399839,0.0003,"A""",CC-stretch/CH-ip (7.7 um),5,1.132
1614,543,C36H20-,-1,36,20,0,6,0,6,8,2-A',,10.1016/j.saa.2014.04.017,"dibenzo[hi,wx]heptacene or naptho-anthraceno-pyrene",1429.7,0.0157,1428.1679,1473.7053967598804,0.9691,1,17.3937,1.2403919752552475,0.0044,A',CC-stretch/CH-ip (7.7 um),4,1.532
1615,543,C36H20-,-1,36,20,0,6,0,6,8,2-A',,10.1016/j.saa.2014.04.017,"dibenzo[hi,wx]heptacene or naptho-anthraceno-pyrene",715.7,0.0122,714.5248,729.5536042474985,0.9794,0,37.848,1.578042935040509,0.0096,A',CH-oop (10.5-15 um; benzene nu11 at 673 included),4,1.175
1616,543,C36H20-,-1,36,20,0,6,0,6,8,2-A',,10.1016/j.saa.2014.04.017,"dibenzo[hi,wx]heptacene or naptho-anthraceno-pyrene",1274.1,0.0088,1269.0659,1309.530389020741,0.9691,1,23.5063,1.3711842745506169,0.006,A',CC-stretch/CH-ip (7.7 um),5,5.034
1617,543,C36H20-,-1,36,20,0,6,0,6,8,2-A',,10.1016/j.saa.2014.04.017,"dibenzo[hi,wx]heptacene or naptho-anthraceno-pyrene",1169.5,0.0082,1168.634,1205.8961923434117,0.9691,1,186.6039,2.2709207162099436,0.0475,A',CH-ip-bend (8.6 um),5,0.866
1618,543,C36H20-,-1,36,20,0,6,0,6,8,2-A',,10.1016/j.saa.2014.04.017,"dibenzo[hi,wx]heptacene or naptho-anthraceno-pyrene",1247.0,0.0066,1250.2817,1290.1472500257971,0.9691,1,1.654,0.21853550521652784,0.0004,"A""",CC-stretch/CH-ip (7.7 um),5,-3.282
1619,543,C36H20-,-1,36,20,0,6,0,6,8,2-A',,10.1016/j.saa.2014.04.017,"dibenzo[hi,wx]heptacene or naptho-anthraceno-pyrene",1396.7,0.0055,1393.0101,1437.4265813641523,0.9691,1,22.0522,1.3434519226110815,0.0056,"A""",CC-stretch/CH-ip (7.7 um),3,3.69
1620,543,C36H20-,-1,36,20,0,6,0,6,8,2-A',,10.1016/j.saa.2014.04.017,"dibenzo[hi,wx]heptacene or naptho-anthraceno-pyrene",623.2,0.0052,627.3617,640.5571778639984,0.9794,0,4.6071,0.6634276389895702,0.0012,A',low / skeletal,3,-4.162
1621,543,C36H20-,-1,36,20,0,6,0,6,8,2-A',,10.1016/j.saa.2014.04.017,"dibenzo[hi,wx]heptacene or naptho-anthraceno-pyrene",3027.9,0.0051,3025.7188,3152.775659060123,0.9597,2,9.6386,0.9840139575097594,0.0025,A',CH-stretch,9,2.181
1622,543,C36H20-,-1,36,20,0,6,0,6,8,2-A',,10.1016/j.saa.2014.04.017,"dibenzo[hi,wx]heptacene or naptho-anthraceno-pyrene",586.4,0.0044,576.4241,588.5481927710842,0.9794,0,50.2882,1.7014660908991581,0.0128,A',low / skeletal,3,9.976
1623,543,C36H20-,-1,36,20,0,6,0,6,8,2-A',,10.1016/j.saa.2014.04.017,"dibenzo[hi,wx]heptacene or naptho-anthraceno-pyrene",1449.1,0.0044,1452.3208,1498.628418119905,0.9691,1,65.7495,1.8178924545296036,0.0168,"A""",CC-stretch/CH-ip (7.7 um),7,-3.221
1624,543,C36H20-,-1,36,20,0,6,0,6,8,2-A',,10.1016/j.saa.2014.04.017,"dibenzo[hi,wx]heptacene or naptho-anthraceno-pyrene",1389.5,0.0042,1385.1539,1429.3198844288515,0.9691,1,111.3042,2.046511552496515,0.0284,A',CC-stretch/CH-ip (7.7 um),4,4.346
1625,543,C36H20-,-1,36,20,0,6,0,6,8,2-A',,10.1016/j.saa.2014.04.017,"dibenzo[hi,wx]heptacene or naptho-anthraceno-pyrene",1142.5,0.0042,1139.4079,1175.7382107109688,0.9691,1,1086.7421,3.036126491799265,0.2769,A',CH-ip-bend (8.6 um),5,3.092
1626,543,C36H20-,-1,36,20,0,6,0,6,8,2-A',,10.1016/j.saa.2014.04.017,"dibenzo[hi,wx]heptacene or naptho-anthraceno-pyrene",816.2,0.004,814.3156,831.4433326526445,0.9794,0,208.5334,2.3191756241730537,0.0531,A',CH-oop (10.5-15 um; benzene nu11 at 673 included),4,1.884
1627,543,C36H20-,-1,36,20,0,6,0,6,8,2-A',,10.1016/j.saa.2014.04.017,"dibenzo[hi,wx]heptacene or naptho-anthraceno-pyrene",1207.5,0.0036,1207.5462,1246.0491177381075,0.9691,1,84.4808,1.9267580178074037,0.0215,"A""",CH-ip-bend (8.6 um),6,-0.046
1628,543,C36H20-,-1,36,20,0,6,0,6,8,2-A',,10.1016/j.saa.2014.04.017,"dibenzo[hi,wx]heptacene or naptho-anthraceno-pyrene",1393.2,0.0032,1365.7763,1409.3244247239709,0.9691,1,1031.728,3.013565216991694,0.2629,A',CC-stretch/CH-ip (7.7 um),4,27.424
1629,543,C36H20-,-1,36,20,0,6,0,6,8,2-A',,10.1016/j.saa.2014.04.017,"dibenzo[hi,wx]heptacene or naptho-anthraceno-pyrene",823.0,0.003,820.8182,838.0827036961405,0.9794,0,80.3164,1.9048042339745797,0.0205,A',CH-oop (10.5-15 um; benzene nu11 at 673 included),4,2.182
1630,543,C36H20-,-1,36,20,0,6,0,6,8,2-A',,10.1016/j.saa.2014.04.017,"dibenzo[hi,wx]heptacene or naptho-anthraceno-pyrene",1108.8,0.0029,1110.3873,1145.7922814982976,0.9691,1,35.9674,1.5559090448114399,0.0092,"A""",CH-ip-bend (8.6 um),5,-1.587
1631,543,C36H20-,-1,36,20,0,6,0,6,8,2-A',,10.1016/j.saa.2014.04.017,"dibenzo[hi,wx]heptacene or naptho-anthraceno-pyrene",991.5,0.0027,984.2053,1004.9063712477026,0.9794,0,77.9001,1.8915380151747507,0.0198,"A""",ring / CH-ip (9-10.5 um),1,7.295
1632,543,C36H20-,-1,36,20,0,6,0,6,8,2-A',,10.1016/j.saa.2014.04.017,"dibenzo[hi,wx]heptacene or naptho-anthraceno-pyrene",615.2,0.0019,615.7624,628.7139064733509,0.9794,0,134.1249,2.127509411175578,0.0342,A',low / skeletal,2,-0.562
1633,543,C36H20-,-1,36,20,0,6,0,6,8,2-A',,10.1016/j.saa.2014.04.017,"dibenzo[hi,wx]heptacene or naptho-anthraceno-pyrene",738.3,0.0019,735.2439,750.7084949969369,0.9794,0,12.5328,1.0980481091985317,0.0032,A',CH-oop (10.5-15 um; benzene nu11 at 673 included),7,3.056
1634,543,C36H20-,-1,36,20,0,6,0,6,8,2-A',,10.1016/j.saa.2014.04.017,"dibenzo[hi,wx]heptacene or naptho-anthraceno-pyrene",645.8,0.0017,647.5431,661.1630590157239,0.9794,0,1.2433,0.09457593364924907,0.0003,A',low / skeletal,2,-1.743
1635,543,C36H20-,-1,36,20,0,6,0,6,8,2-A',,10.1016/j.saa.2014.04.017,"dibenzo[hi,wx]heptacene or naptho-anthraceno-pyrene",786.2,0.0016,783.5534,800.0341025117418,0.9794,0,1.3286,0.1233942481055307,0.0003,"A""",CH-oop (10.5-15 um; benzene nu11 at 673 included),7,2.647
1636,543,C36H20-,-1,36,20,0,6,0,6,8,2-A',,10.1016/j.saa.2014.04.017,"dibenzo[hi,wx]heptacene or naptho-anthraceno-pyrene",693.1,0.0015,701.3246,716.0757606697979,0.9794,0,2.3107,0.3637435643445684,0.0006,"A""",CH-oop (10.5-15 um; benzene nu11 at 673 included),3,-8.225
1637,543,C36H20-,-1,36,20,0,6,0,6,8,2-A',,10.1016/j.saa.2014.04.017,"dibenzo[hi,wx]heptacene or naptho-anthraceno-pyrene",732.6,0.0007,723.572,738.7910965897488,0.9794,0,1.3087,0.11684010241266404,0.0003,"A""",CH-oop (10.5-15 um; benzene nu11 at 673 included),6,9.028
1638,543,C36H20-,-1,36,20,0,6,0,6,8,2-A',,10.1016/j.saa.2014.04.017,"dibenzo[hi,wx]heptacene or naptho-anthraceno-pyrene",1095.6,0.0006,1097.6883,1132.6883706531837,0.9691,1,1.7273,0.2373677730217613,0.0004,A',ring / CH-ip (9-10.5 um),5,-2.088
1639,543,C36H20-,-1,36,20,0,6,0,6,8,2-A',,10.1016/j.saa.2014.04.017,"dibenzo[hi,wx]heptacene or naptho-anthraceno-pyrene",1571.6,0.0004,1574.6165,1624.8235476215043,0.9691,1,15.7016,1.195943909464393,0.004,"A""",CC-stretch (6.2 um),7,-3.017
1640,154,C36H16,0,36,16,0,2,8,6,0,1-AG,,,"3,4;5,6;10,11;12,13-tetrabenzoperopyrene",799.4,0.793,797.4278,814.2003267306515,0.9794,0,47.764,1.6791006896704235,0.3597,AU,CH-oop (10.5-15 um; benzene nu11 at 673 included),4,1.972
1641,154,C36H16,0,36,16,0,2,8,6,0,1-AG,,,"3,4;5,6;10,11;12,13-tetrabenzoperopyrene",1461.8,0.7528,1473.4852,1520.467650397276,0.9691,1,9.7427,0.9886793298360234,0.0734,BU,CC-stretch/CH-ip (7.7 um),3,-11.685
1642,154,C36H16,0,36,16,0,2,8,6,0,1-AG,,,"3,4;5,6;10,11;12,13-tetrabenzoperopyrene",3053.8,0.6986,3054.2115,3182.4648327602376,0.9597,2,2.5338,0.4037723318085513,0.0191,BU,CH-stretch,6,-0.411
1643,154,C36H16,0,36,16,0,2,8,6,0,1-AG,,,"3,4;5,6;10,11;12,13-tetrabenzoperopyrene",3038.1,0.6845,3047.8429,3175.8288006668754,0.9597,2,7.4903,0.8744992123236848,0.0564,BU,CH-stretch,5,-9.743
1644,154,C36H16,0,36,16,0,2,8,6,0,1-AG,,,"3,4;5,6;10,11;12,13-tetrabenzoperopyrene",880.8,0.6361,880.6146,899.1368184602818,0.9794,0,47.0842,1.6728751957913588,0.3546,AU,CH-oop (10.5-15 um; benzene nu11 at 673 included),2,0.185
1645,154,C36H16,0,36,16,0,2,8,6,0,1-AG,,,"3,4;5,6;10,11;12,13-tetrabenzoperopyrene",3067.1,0.5897,3067.6366,3196.453683442742,0.9597,2,66.8075,1.824825220346439,0.5032,BU,CH-stretch,7,-0.537
1646,154,C36H16,0,36,16,0,2,8,6,0,1-AG,,,"3,4;5,6;10,11;12,13-tetrabenzoperopyrene",730.9,0.4485,743.8729,759.5189912191137,0.9794,0,20.0125,1.301301344927356,0.1507,AU,CH-oop (10.5-15 um; benzene nu11 at 673 included),4,-12.973
1647,154,C36H16,0,36,16,0,2,8,6,0,1-AG,,,"3,4;5,6;10,11;12,13-tetrabenzoperopyrene",578.0,0.3288,579.6942,591.8870737186032,0.9794,0,4.0021,0.6022879361006931,0.0301,AU,low / skeletal,2,-1.694
1648,154,C36H16,0,36,16,0,2,8,6,0,1-AG,,,"3,4;5,6;10,11;12,13-tetrabenzoperopyrene",3091.0,0.3052,3086.0574,3215.648015004689,0.9597,2,2.8516,0.4550886060409521,0.0215,BU,CH-stretch,4,4.943
1649,154,C36H16,0,36,16,0,2,8,6,0,1-AG,,,"3,4;5,6;10,11;12,13-tetrabenzoperopyrene",3080.1,0.3017,3070.0699,3198.989163280192,0.9597,2,132.7713,2.12310420757208,1.0,BU,CH-stretch,7,10.03
1650,154,C36H16,0,36,16,0,2,8,6,0,1-AG,,,"3,4;5,6;10,11;12,13-tetrabenzoperopyrene",757.7,0.2928,762.138,778.1682662854809,0.9794,0,6.7068,0.82651535566353,0.0505,AU,CH-oop (10.5-15 um; benzene nu11 at 673 included),5,-4.438
1651,154,C36H16,0,36,16,0,2,8,6,0,1-AG,,,"3,4;5,6;10,11;12,13-tetrabenzoperopyrene",1442.5,0.2711,1442.7739,1488.7771127850583,0.9691,1,7.1868,0.8565355591318335,0.0541,BU,CC-stretch/CH-ip (7.7 um),3,-0.274
1652,154,C36H16,0,36,16,0,2,8,6,0,1-AG,,,"3,4;5,6;10,11;12,13-tetrabenzoperopyrene",1589.6,0.2466,1584.9619,1635.4988133319575,0.9691,1,9.2502,0.9661511227884789,0.0697,BU,CC-stretch (6.2 um),3,4.638
1653,154,C36H16,0,36,16,0,2,8,6,0,1-AG,,,"3,4;5,6;10,11;12,13-tetrabenzoperopyrene",818.5,0.2321,819.876,837.1206861343679,0.9794,0,24.2201,1.3841759319267086,0.1824,AU,CH-oop (10.5-15 um; benzene nu11 at 673 included),3,-1.376
1654,154,C36H16,0,36,16,0,2,8,6,0,1-AG,,,"3,4;5,6;10,11;12,13-tetrabenzoperopyrene",1320.0,0.2237,1311.2158,1353.0242493034775,0.9691,1,15.9304,1.2022266807359578,0.12,BU,CC-stretch/CH-ip (7.7 um),2,8.784
1655,154,C36H16,0,36,16,0,2,8,6,0,1-AG,,,"3,4;5,6;10,11;12,13-tetrabenzoperopyrene",1096.9,0.2091,1107.3001,1142.606645341038,0.9691,1,2.736,0.43711609304807864,0.0206,BU,CH-ip-bend (8.6 um),2,-10.4
1656,154,C36H16,0,36,16,0,2,8,6,0,1-AG,,,"3,4;5,6;10,11;12,13-tetrabenzoperopyrene",1610.7,0.1986,1603.3065,1654.4283355690848,0.9691,1,13.9976,1.1460535788134267,0.1054,BU,CC-stretch (6.2 um),4,7.394
1657,154,C36H16,0,36,16,0,2,8,6,0,1-AG,,,"3,4;5,6;10,11;12,13-tetrabenzoperopyrene",811.7,0.1962,821.0439,838.3131509087195,0.9794,0,1.6918,0.22834902062363727,0.0127,BU,CH-oop (10.5-15 um; benzene nu11 at 673 included),4,-9.344
1658,154,C36H16,0,36,16,0,2,8,6,0,1-AG,,,"3,4;5,6;10,11;12,13-tetrabenzoperopyrene",1593.1,0.1737,1597.0327,1647.9544938602828,0.9691,1,3.1423,0.4972476454159097,0.0237,BU,CC-stretch (6.2 um),3,-3.933
1659,154,C36H16,0,36,16,0,2,8,6,0,1-AG,,,"3,4;5,6;10,11;12,13-tetrabenzoperopyrene",1210.8,0.1648,1203.8164,1242.2003921163966,0.9691,1,9.4194,0.9740232398429713,0.0709,BU,CH-ip-bend (8.6 um),2,6.984
1660,154,C36H16,0,36,16,0,2,8,6,0,1-AG,,,"3,4;5,6;10,11;12,13-tetrabenzoperopyrene",1168.0,0.1638,1173.8798,1211.3092560107316,0.9691,1,6.5658,0.8172876496057389,0.0495,BU,CH-ip-bend (8.6 um),4,-5.88
1661,154,C36H16,0,36,16,0,2,8,6,0,1-AG,,,"3,4;5,6;10,11;12,13-tetrabenzoperopyrene",893.8,0.1626,912.8641,932.0646314069838,0.9794,0,4.0293,0.6052296038227699,0.0303,BU,CH-oop (10.5-15 um; benzene nu11 at 673 included),3,-19.064
1662,154,C36H16,0,36,16,0,2,8,6,0,1-AG,,,"3,4;5,6;10,11;12,13-tetrabenzoperopyrene",1438.7,0.1578,1428.5521,1474.1018470746055,0.9691,1,16.17,1.2087100199064011,0.1218,BU,CC-stretch/CH-ip (7.7 um),3,10.148
1663,154,C36H16,0,36,16,0,2,8,6,0,1-AG,,,"3,4;5,6;10,11;12,13-tetrabenzoperopyrene",539.7,0.1521,540.7757,552.1499897896672,0.9794,0,4.1702,0.6201568839458199,0.0314,AU,low / skeletal,2,-1.076
1664,154,C36H16,0,36,16,0,2,8,6,0,1-AG,,,"3,4;5,6;10,11;12,13-tetrabenzoperopyrene",795.2,0.1352,785.5498,802.0724933632836,0.9794,0,5.4876,0.7393824474283067,0.0413,AU,CH-oop (10.5-15 um; benzene nu11 at 673 included),4,9.65
1665,154,C36H16,0,36,16,0,2,8,6,0,1-AG,,,"3,4;5,6;10,11;12,13-tetrabenzoperopyrene",1569.7,0.1295,1550.258,1599.6883706531837,0.9691,1,3.8225,0.5823474940843577,0.0288,BU,CC-stretch (6.2 um),3,19.442
1666,154,C36H16,0,36,16,0,2,8,6,0,1-AG,,,"3,4;5,6;10,11;12,13-tetrabenzoperopyrene",1292.1,0.1255,1279.3151,1320.1063873697246,0.9691,1,8.567,0.9328287669008466,0.0645,BU,CC-stretch/CH-ip (7.7 um),2,12.785
1667,154,C36H16,0,36,16,0,2,8,6,0,1-AG,,,"3,4;5,6;10,11;12,13-tetrabenzoperopyrene",1421.7,0.1163,1419.5129,1464.774429883397,0.9691,1,1.0368,0.015694988526518093,0.0078,BU,CC-stretch/CH-ip (7.7 um),4,2.187
1668,154,C36H16,0,36,16,0,2,8,6,0,1-AG,,,"3,4;5,6;10,11;12,13-tetrabenzoperopyrene",845.2,0.1095,873.197,891.5632019603838,0.9794,0,37.6543,1.5758145784022919,0.2836,AU,CH-oop (10.5-15 um; benzene nu11 at 673 included),3,-27.997
1669,154,C36H16,0,36,16,0,2,8,6,0,1-AG,,,"3,4;5,6;10,11;12,13-tetrabenzoperopyrene",1126.4,0.1065,1142.4039,1178.8297389330307,0.9691,1,2.6009,0.41512365466297296,0.0196,BU,CH-ip-bend (8.6 um),3,-16.004
1670,154,C36H16,0,36,16,0,2,8,6,0,1-AG,,,"3,4;5,6;10,11;12,13-tetrabenzoperopyrene",584.7,0.1037,579.9363,592.1342658770675,0.9794,0,6.8173,0.833612405847923,0.0513,BU,low / skeletal,2,4.764
1671,154,C36H16,0,36,16,0,2,8,6,0,1-AG,,,"3,4;5,6;10,11;12,13-tetrabenzoperopyrene",1479.9,0.0956,1485.6895,1533.0610876070582,0.9691,1,1.8522,0.267687879865739,0.014,BU,CC-stretch/CH-ip (7.7 um),2,-5.789
1672,154,C36H16,0,36,16,0,2,8,6,0,1-AG,,,"3,4;5,6;10,11;12,13-tetrabenzoperopyrene",1143.9,0.0628,1153.1212,1189.88876276958,0.9691,1,1.9848,0.29771675126415265,0.0149,BU,CH-ip-bend (8.6 um),3,-9.221
1673,154,C36H16,0,36,16,0,2,8,6,0,1-AG,,,"3,4;5,6;10,11;12,13-tetrabenzoperopyrene",677.9,0.0618,704.6528,719.473963651215,0.9794,0,7.9101,0.8981819739115413,0.0596,AU,CH-oop (10.5-15 um; benzene nu11 at 673 included),1,-26.753
1674,154,C36H16,0,36,16,0,2,8,6,0,1-AG,,,"3,4;5,6;10,11;12,13-tetrabenzoperopyrene",1100.1,0.0591,1082.1335,1116.637601898669,0.9691,1,3.5083,0.5450967234550737,0.0264,BU,ring / CH-ip (9-10.5 um),2,17.966
1675,154,C36H16,0,36,16,0,2,8,6,0,1-AG,,,"3,4;5,6;10,11;12,13-tetrabenzoperopyrene",1414.1,0.0575,1397.4163,1441.9732741719122,0.9691,1,1.7103,0.23307229572379437,0.0129,BU,CC-stretch/CH-ip (7.7 um),4,16.684
1676,154,C36H16,0,36,16,0,2,8,6,0,1-AG,,,"3,4;5,6;10,11;12,13-tetrabenzoperopyrene",533.5,0.0567,532.7686,543.9744741678578,0.9794,0,2.8838,0.45996513749389945,0.0217,BU,low / skeletal,2,0.731
1677,154,C36H16,0,36,16,0,2,8,6,0,1-AG,,,"3,4;5,6;10,11;12,13-tetrabenzoperopyrene",1003.4,0.0556,1006.0728,1027.233816622422,0.9794,0,5.6657,0.7532535748095671,0.0427,BU,ring / CH-ip (9-10.5 um),1,-2.673
1678,154,C36H16,0,36,16,0,2,8,6,0,1-AG,,,"3,4;5,6;10,11;12,13-tetrabenzoperopyrene",1368.9,0.0525,1376.7129,1420.6097409968013,0.9691,1,2.583,0.41212440617331725,0.0195,BU,CC-stretch/CH-ip (7.7 um),3,-7.813
1679,154,C36H16,0,36,16,0,2,8,6,0,1-AG,,,"3,4;5,6;10,11;12,13-tetrabenzoperopyrene",748.6,0.0509,746.3405,762.0384929548703,0.9794,0,4.028,0.6050894618815803,0.0303,BU,CH-oop (10.5-15 um; benzene nu11 at 673 included),4,2.26
1680,154,C36H16,0,36,16,0,2,8,6,0,1-AG,,,"3,4;5,6;10,11;12,13-tetrabenzoperopyrene",921.4,0.0494,930.1072,949.6704104553808,0.9794,0,4.4436,0.6477349580970674,0.0335,AU,CH-oop (10.5-15 um; benzene nu11 at 673 included),2,-8.707
1681,154,C36H16,0,36,16,0,2,8,6,0,1-AG,,,"3,4;5,6;10,11;12,13-tetrabenzoperopyrene",1536.1,0.0484,1526.3108,1574.9776080899803,0.9691,1,3.7408,0.572964489481746,0.0282,BU,CC-stretch (6.2 um),2,9.789
1682,154,C36H16,0,36,16,0,2,8,6,0,1-AG,,,"3,4;5,6;10,11;12,13-tetrabenzoperopyrene",1375.3,0.0459,1354.5403,1397.7301620059848,0.9691,1,1.7677,0.2474085619215696,0.0133,BU,CC-stretch/CH-ip (7.7 um),3,20.76
1683,154,C36H16,0,36,16,0,2,8,6,0,1-AG,,,"3,4;5,6;10,11;12,13-tetrabenzoperopyrene",962.3,0.0404,956.7116,976.8343884010618,0.9794,0,3.3623,0.5266364606001603,0.0253,BU,ring / CH-ip (9-10.5 um),1,5.588
1684,154,C36H16,0,36,16,0,2,8,6,0,1-AG,,,"3,4;5,6;10,11;12,13-tetrabenzoperopyrene",1603.0,0.0341,1632.0092,1684.0462284593953,0.9691,1,10.8844,1.0368044936553746,0.082,BU,CC-stretch (6.2 um),4,-29.009
1685,154,C36H16,0,36,16,0,2,8,6,0,1-AG,,,"3,4;5,6;10,11;12,13-tetrabenzoperopyrene",773.9,0.0329,752.0638,767.8821727588319,0.9794,0,1.1917,0.07616693934493259,0.009,BU,CH-oop (10.5-15 um; benzene nu11 at 673 included),5,21.836
1686,154,C36H16,0,36,16,0,2,8,6,0,1-AG,,,"3,4;5,6;10,11;12,13-tetrabenzoperopyrene",1230.9,0.0269,1225.0442,1264.105045918894,0.9691,1,2.6076,0.4162409723681494,0.0196,BU,CH-ip-bend (8.6 um),3,5.856
1687,154,C36H16,0,36,16,0,2,8,6,0,1-AG,,,"3,4;5,6;10,11;12,13-tetrabenzoperopyrene",647.0,0.0215,643.9162,657.4598733918725,0.9794,0,1.1186,0.048674814992229434,0.0084,BU,low / skeletal,1,3.084
1688,154,C36H16,0,36,16,0,2,8,6,0,1-AG,,,"3,4;5,6;10,11;12,13-tetrabenzoperopyrene",1342.5,0.0212,1336.3494,1378.959240532453,0.9691,1,3.5401,0.5490155300582148,0.0267,BU,CC-stretch/CH-ip (7.7 um),2,6.151
1689,154,C36H16,0,36,16,0,2,8,6,0,1-AG,,,"3,4;5,6;10,11;12,13-tetrabenzoperopyrene",1242.9,0.0186,1255.9327,1295.978433598184,0.9691,1,1.6903,0.22796379146685994,0.0127,BU,CC-stretch/CH-ip (7.7 um),2,-13.033
1690,154,C36H16,0,36,16,0,2,8,6,0,1-AG,,,"3,4;5,6;10,11;12,13-tetrabenzoperopyrene",1189.6,0.0139,1180.7276,1218.375399855536,0.9691,1,3.0976,0.49102533562829964,0.0233,BU,CH-ip-bend (8.6 um),3,8.872
1691,128,C36H16,0,36,16,0,2,8,6,0,1-A1,,,"3,4;5,6;7,8;12,13-tetrabenzoperopyrene",3056.4,1.0,3054.1925,3182.445034906742,0.9597,2,1.5014,0.1764964115303668,0.011,A1,CH-stretch,11,2.207
1692,128,C36H16,0,36,16,0,2,8,6,0,1-A1,,,"3,4;5,6;7,8;12,13-tetrabenzoperopyrene",733.0,0.1891,744.4581,760.1164998978966,0.9794,0,1.9215,0.2836403888003675,0.014,B2,CH-oop (10.5-15 um; benzene nu11 at 673 included),5,-11.458
1693,128,C36H16,0,36,16,0,2,8,6,0,1-A1,,,"3,4;5,6;7,8;12,13-tetrabenzoperopyrene",817.3,0.1815,823.7967,841.1238513375536,0.9794,0,37.8341,1.5778834074014414,0.2762,B1,CH-oop (10.5-15 um; benzene nu11 at 673 included),4,-6.497
1694,128,C36H16,0,36,16,0,2,8,6,0,1-A1,,,"3,4;5,6;7,8;12,13-tetrabenzoperopyrene",886.7,0.1782,889.3944,908.10128650194,0.9794,0,63.7926,1.804770303085433,0.4657,B1,CH-oop (10.5-15 um; benzene nu11 at 673 included),4,-2.694
1695,128,C36H16,0,36,16,0,2,8,6,0,1-A1,,,"3,4;5,6;7,8;12,13-tetrabenzoperopyrene",1423.6,0.1629,1427.9061,1473.4352492002888,0.9691,1,5.3304,0.72675980026008,0.0389,B2,CC-stretch/CH-ip (7.7 um),4,-4.306
1696,128,C36H16,0,36,16,0,2,8,6,0,1-A1,,,"3,4;5,6;7,8;12,13-tetrabenzoperopyrene",796.9,0.1441,800.5099,817.3472534204615,0.9794,0,50.8659,1.7064267331270102,0.3713,B1,CH-oop (10.5-15 um; benzene nu11 at 673 included),3,-3.61
1697,128,C36H16,0,36,16,0,2,8,6,0,1-A1,,,"3,4;5,6;7,8;12,13-tetrabenzoperopyrene",810.2,0.0976,807.6489,824.6364100469675,0.9794,0,2.5225,0.40183117490894815,0.0184,B1,CH-oop (10.5-15 um; benzene nu11 at 673 included),4,2.551
1698,128,C36H16,0,36,16,0,2,8,6,0,1-A1,,,"3,4;5,6;7,8;12,13-tetrabenzoperopyrene",896.4,0.0897,912.4688,931.6610169491524,0.9794,0,1.942,0.28824922557198607,0.0142,B2,CH-oop (10.5-15 um; benzene nu11 at 673 included),4,-16.069
1699,128,C36H16,0,36,16,0,2,8,6,0,1-A1,,,"3,4;5,6;7,8;12,13-tetrabenzoperopyrene",1328.8,0.0666,1334.0927,1376.6305850789392,0.9691,1,4.2284,0.6261760641547328,0.0309,B2,CC-stretch/CH-ip (7.7 um),5,-5.293
1700,128,C36H16,0,36,16,0,2,8,6,0,1-A1,,,"3,4;5,6;7,8;12,13-tetrabenzoperopyrene",566.2,0.0661,570.4893,582.4885644272002,0.9794,0,7.9966,0.9029053726037978,0.0584,B1,low / skeletal,2,-4.289
1701,128,C36H16,0,36,16,0,2,8,6,0,1-A1,,,"3,4;5,6;7,8;12,13-tetrabenzoperopyrene",761.2,0.0621,759.3147,775.2855830100061,0.9794,0,1.3471,0.12939983613589548,0.0098,A1,CH-oop (10.5-15 um; benzene nu11 at 673 included),4,1.885
1702,128,C36H16,0,36,16,0,2,8,6,0,1-A1,,,"3,4;5,6;7,8;12,13-tetrabenzoperopyrene",1213.8,0.0442,1206.8946,1245.376741306367,0.9691,1,3.6366,0.5606955343936537,0.0265,A1,CH-ip-bend (8.6 um),3,6.905
1703,128,C36H16,0,36,16,0,2,8,6,0,1-A1,,,"3,4;5,6;7,8;12,13-tetrabenzoperopyrene",1028.9,0.0401,1029.3925,1051.044006534613,0.9794,0,7.4418,0.8716779940833188,0.0543,B2,ring / CH-ip (9-10.5 um),1,-0.492
1704,128,C36H16,0,36,16,0,2,8,6,0,1-A1,,,"3,4;5,6;7,8;12,13-tetrabenzoperopyrene",1320.9,0.0358,1320.9238,1363.0417913528015,0.9691,1,8.1234,0.9097378386234519,0.0593,A1,CC-stretch/CH-ip (7.7 um),5,-0.024
1705,128,C36H16,0,36,16,0,2,8,6,0,1-A1,,,"3,4;5,6;7,8;12,13-tetrabenzoperopyrene",1401.1,0.0353,1407.0164,1451.879475802291,0.9691,1,4.6676,0.6690936311702246,0.0341,B2,CC-stretch/CH-ip (7.7 um),7,-5.916
1706,128,C36H16,0,36,16,0,2,8,6,0,1-A1,,,"3,4;5,6;7,8;12,13-tetrabenzoperopyrene",1440.3,0.0344,1456.7667,1503.2160767722628,0.9691,1,5.2707,0.7218682975558026,0.0385,A1,CC-stretch/CH-ip (7.7 um),3,-16.467
1707,128,C36H16,0,36,16,0,2,8,6,0,1-A1,,,"3,4;5,6;7,8;12,13-tetrabenzoperopyrene",1603.9,0.032,1600.1362,1651.156949747188,0.9691,1,7.7584,0.8897721667714491,0.0566,A1,CC-stretch (6.2 um),6,3.764
1708,128,C36H16,0,36,16,0,2,8,6,0,1-A1,,,"3,4;5,6;7,8;12,13-tetrabenzoperopyrene",1185.7,0.0316,1181.7342,1219.4140955525747,0.9691,1,6.4693,0.8108572910884868,0.0472,A1,CH-ip-bend (8.6 um),5,3.966
1709,128,C36H16,0,36,16,0,2,8,6,0,1-A1,,,"3,4;5,6;7,8;12,13-tetrabenzoperopyrene",847.4,0.0265,840.1467,857.8177455585052,0.9794,0,1.7955,0.25418540946209195,0.0131,B2,CH-oop (10.5-15 um; benzene nu11 at 673 included),4,7.253
1710,128,C36H16,0,36,16,0,2,8,6,0,1-A1,,,"3,4;5,6;7,8;12,13-tetrabenzoperopyrene",1589.4,0.0218,1593.7428,1644.5596945619648,0.9691,1,1.5924,0.20205216891206035,0.0116,B2,CC-stretch (6.2 um),5,-4.343
1711,128,C36H16,0,36,16,0,2,8,6,0,1-A1,,,"3,4;5,6;7,8;12,13-tetrabenzoperopyrene",562.2,0.0217,561.6206,573.4333265264447,0.9794,0,3.5664,0.5522300511361625,0.026,B2,low / skeletal,2,0.579
1712,128,C36H16,0,36,16,0,2,8,6,0,1-A1,,,"3,4;5,6;7,8;12,13-tetrabenzoperopyrene",1092.1,0.0198,1093.8901,1128.7690640800745,0.9691,1,1.1516,0.06130165620604438,0.0084,A1,ring / CH-ip (9-10.5 um),3,-1.79
1713,128,C36H16,0,36,16,0,2,8,6,0,1-A1,,,"3,4;5,6;7,8;12,13-tetrabenzoperopyrene",1165.2,0.018,1166.4404,1203.6326488494478,0.9691,1,3.7876,0.5783641078799652,0.0276,A1,CH-ip-bend (8.6 um),5,-1.24
1714,128,C36H16,0,36,16,0,2,8,6,0,1-A1,,,"3,4;5,6;7,8;12,13-tetrabenzoperopyrene",1534.7,0.0163,1520.9771,1569.4738417088022,0.9691,1,3.5823,0.5541619530621235,0.0262,A1,CC-stretch (6.2 um),2,13.723
1715,128,C36H16,0,36,16,0,2,8,6,0,1-A1,,,"3,4;5,6;7,8;12,13-tetrabenzoperopyrene",773.0,0.0146,759.2093,775.1779661016949,0.9794,0,1.1322,0.05392315054857503,0.0083,B2,CH-oop (10.5-15 um; benzene nu11 at 673 included),5,13.791
1716,128,C36H16,0,36,16,0,2,8,6,0,1-A1,,,"3,4;5,6;7,8;12,13-tetrabenzoperopyrene",1508.4,0.0143,1486.8116,1534.2189660509753,0.9691,1,2.3985,0.3799397228019159,0.0175,B2,CC-stretch/CH-ip (7.7 um),3,21.588
1717,128,C36H16,0,36,16,0,2,8,6,0,1-A1,,,"3,4;5,6;7,8;12,13-tetrabenzoperopyrene",1225.5,0.0141,1226.8705,1265.989577958931,0.9691,1,1.2636,0.10160961723311136,0.0092,A1,CH-ip-bend (8.6 um),4,-1.37
1718,128,C36H16,0,36,16,0,2,8,6,0,1-A1,,,"3,4;5,6;7,8;12,13-tetrabenzoperopyrene",1493.3,0.0135,1480.4798,1527.6852749974205,0.9691,1,1.0735,0.03080204877226745,0.0078,B2,CC-stretch/CH-ip (7.7 um),3,12.82
1719,128,C36H16,0,36,16,0,2,8,6,0,1-A1,,,"3,4;5,6;7,8;12,13-tetrabenzoperopyrene",1149.3,0.0133,1149.6813,1186.339180683108,0.9691,1,1.7373,0.23987481965303642,0.0127,B2,CH-ip-bend (8.6 um),4,-0.381
1720,128,C36H16,0,36,16,0,2,8,6,0,1-A1,,,"3,4;5,6;7,8;12,13-tetrabenzoperopyrene",690.1,0.0129,673.4003,687.564120890341,0.9794,0,1.2031,0.08030172679391179,0.0088,B2,CH-oop (10.5-15 um; benzene nu11 at 673 included),2,16.7
1721,128,C36H16,0,36,16,0,2,8,6,0,1-A1,,,"3,4;5,6;7,8;12,13-tetrabenzoperopyrene",1337.8,0.0129,1345.6496,1388.555979775049,0.9691,1,1.3492,0.13007633251716383,0.0098,A1,CC-stretch/CH-ip (7.7 um),3,-7.85
1722,128,C36H16,0,36,16,0,2,8,6,0,1-A1,,,"3,4;5,6;7,8;12,13-tetrabenzoperopyrene",1433.6,0.0123,1413.4215,1458.4888040449905,0.9691,1,24.0946,1.3819197208744252,0.1759,B2,CC-stretch/CH-ip (7.7 um),5,20.178
1723,128,C36H16,0,36,16,0,2,8,6,0,1-A1,,,"3,4;5,6;7,8;12,13-tetrabenzoperopyrene",920.5,0.0116,943.8412,963.69328160098,0.9794,0,1.4222,0.1529606743042487,0.0104,B1,CH-oop (10.5-15 um; benzene nu11 at 673 included),2,-23.341
1724,128,C36H16,0,36,16,0,2,8,6,0,1-A1,,,"3,4;5,6;7,8;12,13-tetrabenzoperopyrene",1610.5,0.0108,1610.9874,1662.3541430192963,0.9691,1,9.4999,0.9777190337439249,0.0694,B2,CC-stretch (6.2 um),7,-0.487
1725,128,C36H16,0,36,16,0,2,8,6,0,1-A1,,,"3,4;5,6;7,8;12,13-tetrabenzoperopyrene",1161.2,0.0106,1147.2851,1183.8665772366114,0.9691,1,1.9896,0.29876577226187956,0.0145,B2,CH-ip-bend (8.6 um),5,13.915
1726,128,C36H16,0,36,16,0,2,8,6,0,1-A1,,,"3,4;5,6;7,8;12,13-tetrabenzoperopyrene",1178.7,0.0098,1175.6186,1213.1034980910124,0.9691,1,1.3828,0.14075937087036922,0.0101,B2,CH-ip-bend (8.6 um),6,3.081
1727,128,C36H16,0,36,16,0,2,8,6,0,1-A1,,,"3,4;5,6;7,8;12,13-tetrabenzoperopyrene",650.4,0.009,646.3967,659.9925464570144,0.9794,0,1.3181,0.11994836003092166,0.0096,B2,low / skeletal,2,4.003
1728,128,C36H16,0,36,16,0,2,8,6,0,1-A1,,,"3,4;5,6;7,8;12,13-tetrabenzoperopyrene",1250.6,0.0074,1246.9355,1286.6943555876587,0.9691,1,2.3979,0.3798310676895395,0.0175,A1,CH-ip-bend (8.6 um),2,3.664
1729,128,C36H16,0,36,16,0,2,8,6,0,1-A1,,,"3,4;5,6;7,8;12,13-tetrabenzoperopyrene",1103.4,0.0073,1088.9783,1123.7006500877103,0.9691,1,3.0889,0.4898038486863083,0.0225,B2,ring / CH-ip (9-10.5 um),3,14.422
1730,128,C36H16,0,36,16,0,2,8,6,0,1-A1,,,"3,4;5,6;7,8;12,13-tetrabenzoperopyrene",1362.6,0.0056,1384.4083,1428.550510783201,0.9691,1,1.8273,0.2618098542210837,0.0133,B2,CC-stretch/CH-ip (7.7 um),5,-21.808
1731,128,C36H16,0,36,16,0,2,8,6,0,1-A1,,,"3,4;5,6;7,8;12,13-tetrabenzoperopyrene",502.4,0.0051,501.4467,511.9937716969573,0.9794,0,2.366,0.37401474029191156,0.0173,B2,low / skeletal,2,0.953
1732,128,C36H16,0,36,16,0,2,8,6,0,1-A1,,,"3,4;5,6;7,8;12,13-tetrabenzoperopyrene",1101.6,0.0049,1083.921,1118.482096790837,0.9691,1,1.4182,0.15173748103851842,0.0104,A1,ring / CH-ip (9-10.5 um),3,17.679
1733,128,C36H16,0,36,16,0,2,8,6,0,1-A1,,,"3,4;5,6;7,8;12,13-tetrabenzoperopyrene",746.6,0.0048,756.5921,772.5057177863997,0.9794,0,18.1712,1.2593836084401089,0.1327,B1,CH-oop (10.5-15 um; benzene nu11 at 673 included),4,-9.992
1734,128,C36H16,0,36,16,0,2,8,6,0,1-A1,,,"3,4;5,6;7,8;12,13-tetrabenzoperopyrene",1307.0,0.0048,1306.4694,1348.1265091321843,0.9691,1,6.8334,0.8346368433347593,0.0499,B2,CC-stretch/CH-ip (7.7 um),5,0.531
1735,128,C36H16,0,36,16,0,2,8,6,0,1-A1,,,"3,4;5,6;7,8;12,13-tetrabenzoperopyrene",1291.0,0.0044,1281.7341,1322.602517800021,0.9691,1,2.6836,0.42871778320383175,0.0196,A1,CC-stretch/CH-ip (7.7 um),4,9.266
1736,128,C36H16,0,36,16,0,2,8,6,0,1-A1,,,"3,4;5,6;7,8;12,13-tetrabenzoperopyrene",1385.0,0.0041,1388.121,1432.3815911670624,0.9691,1,1.2021,0.07994059715236221,0.0088,B2,CC-stretch/CH-ip (7.7 um),6,-3.121
1737,128,C36H16,0,36,16,0,2,8,6,0,1-A1,,,"3,4;5,6;7,8;12,13-tetrabenzoperopyrene",1280.2,0.0035,1301.0652,1342.5499948405738,0.9691,1,2.5892,0.4131655983458928,0.0189,A1,CC-stretch/CH-ip (7.7 um),3,-20.865
1738,128,C36H16,0,36,16,0,2,8,6,0,1-A1,,,"3,4;5,6;7,8;12,13-tetrabenzoperopyrene",1413.3,0.0035,1408.6139,1453.5279124961305,0.9691,1,1.2645,0.10191883368042355,0.0092,A1,CC-stretch/CH-ip (7.7 um),7,4.686
1739,128,C36H16,0,36,16,0,2,8,6,0,1-A1,,,"3,4;5,6;7,8;12,13-tetrabenzoperopyrene",1408.3,0.0026,1390.4627,1434.7979568671965,0.9691,1,1.1893,0.07529141888330244,0.0087,A1,CC-stretch/CH-ip (7.7 um),7,17.837
1740,128,C36H16,0,36,16,0,2,8,6,0,1-A1,,,"3,4;5,6;7,8;12,13-tetrabenzoperopyrene",736.9,0.0024,713.5491,728.5573820706554,0.9794,0,14.781,1.1697038169945715,0.1079,B1,CH-oop (10.5-15 um; benzene nu11 at 673 included),5,23.351
1741,534,C36H20,0,36,20,0,6,0,6,8,1-A',,10.1016/j.saa.2014.04.017,naptho-anthraceno-pyrene or dibenzoheptacene,3064.4,1.0,3062.927,3191.546316557258,0.9597,2,1.0138,0.0059522868873829755,0.0122,A',CH-stretch,13,1.473
1742,534,C36H20,0,36,20,0,6,0,6,8,1-A',,10.1016/j.saa.2014.04.017,naptho-anthraceno-pyrene or dibenzoheptacene,1438.1,0.6937,1436.793,1482.6055102672583,0.9691,1,72.2741,1.8589826922836523,0.8732,A',CC-stretch/CH-ip (7.7 um),2,1.307
1743,534,C36H20,0,36,20,0,6,0,6,8,1-A',,10.1016/j.saa.2014.04.017,naptho-anthraceno-pyrene or dibenzoheptacene,3090.8,0.4669,3101.0741,3231.2953006147754,0.9597,2,16.2042,1.209627594815201,0.1958,A',CH-stretch,11,-10.274
1744,534,C36H20,0,36,20,0,6,0,6,8,1-A',,10.1016/j.saa.2014.04.017,naptho-anthraceno-pyrene or dibenzoheptacene,795.1,0.456,788.1885,804.7666938942209,0.9794,0,48.8318,1.688702733206087,0.59,A',CH-oop (10.5-15 um; benzene nu11 at 673 included),4,6.912
1745,534,C36H20,0,36,20,0,6,0,6,8,1-A',,10.1016/j.saa.2014.04.017,naptho-anthraceno-pyrene or dibenzoheptacene,896.9,0.4,893.6503,912.4467020624872,0.9794,0,1.8629,0.2701895427041812,0.0225,"A""",CH-oop (10.5-15 um; benzene nu11 at 673 included),4,3.25
1746,534,C36H20,0,36,20,0,6,0,6,8,1-A',,10.1016/j.saa.2014.04.017,naptho-anthraceno-pyrene or dibenzoheptacene,737.6,0.3959,741.5601,757.1575454359812,0.9794,0,39.3282,1.594704069777239,0.4751,A',CH-oop (10.5-15 um; benzene nu11 at 673 included),4,-3.96
1747,534,C36H20,0,36,20,0,6,0,6,8,1-A',,10.1016/j.saa.2014.04.017,naptho-anthraceno-pyrene or dibenzoheptacene,706.3,0.3114,705.1835,720.015826015928,0.9794,0,20.9278,1.3207235762565863,0.2528,A',CH-oop (10.5-15 um; benzene nu11 at 673 included),1,1.116
1748,534,C36H20,0,36,20,0,6,0,6,8,1-A',,10.1016/j.saa.2014.04.017,naptho-anthraceno-pyrene or dibenzoheptacene,3027.4,0.3112,3045.0156,3172.882775867459,0.9597,2,12.225,1.0872488677956578,0.1477,"A""",CH-stretch,5,-17.616
1749,534,C36H20,0,36,20,0,6,0,6,8,1-A',,10.1016/j.saa.2014.04.017,naptho-anthraceno-pyrene or dibenzoheptacene,876.6,0.2153,881.3249,899.8620584031039,0.9794,0,23.1122,1.3638412869929666,0.2792,A',CH-oop (10.5-15 um; benzene nu11 at 673 included),5,-4.725
1750,534,C36H20,0,36,20,0,6,0,6,8,1-A',,10.1016/j.saa.2014.04.017,naptho-anthraceno-pyrene or dibenzoheptacene,578.2,0.1987,578.1237,590.2835409434347,0.9794,0,23.8204,1.3769490500239288,0.2878,A',low / skeletal,1,0.076
1751,534,C36H20,0,36,20,0,6,0,6,8,1-A',,10.1016/j.saa.2014.04.017,naptho-anthraceno-pyrene or dibenzoheptacene,742.7,0.185,746.0719,761.7642434143353,0.9794,0,15.7622,1.1976168337867243,0.1904,A',CH-oop (10.5-15 um; benzene nu11 at 673 included),4,-3.372
1752,534,C36H20,0,36,20,0,6,0,6,8,1-A',,10.1016/j.saa.2014.04.017,naptho-anthraceno-pyrene or dibenzoheptacene,508.0,0.1809,509.9551,520.6811313048805,0.9794,0,14.1356,1.15031424729026,0.1708,A',low / skeletal,2,-1.955
1753,534,C36H20,0,36,20,0,6,0,6,8,1-A',,10.1016/j.saa.2014.04.017,naptho-anthraceno-pyrene or dibenzoheptacene,462.8,0.1575,462.313,472.0369614049418,0.9794,0,1.0583,0.02460879612655787,0.0128,A',low / skeletal,3,0.487
1754,534,C36H20,0,36,20,0,6,0,6,8,1-A',,10.1016/j.saa.2014.04.017,naptho-anthraceno-pyrene or dibenzoheptacene,1410.0,0.1535,1404.6626,1449.450624290579,0.9691,1,11.0885,1.044872800812564,0.134,"A""",CC-stretch/CH-ip (7.7 um),3,5.337
1755,534,C36H20,0,36,20,0,6,0,6,8,1-A',,10.1016/j.saa.2014.04.017,naptho-anthraceno-pyrene or dibenzoheptacene,1405.7,0.1276,1393.2745,1437.6994118254052,0.9691,1,5.7799,0.7619203246101688,0.0698,A',CC-stretch/CH-ip (7.7 um),2,12.426
1756,534,C36H20,0,36,20,0,6,0,6,8,1-A',,10.1016/j.saa.2014.04.017,naptho-anthraceno-pyrene or dibenzoheptacene,1566.2,0.1128,1565.1446,1615.0496336807348,0.9691,1,15.3673,1.186597569639871,0.1857,A',CC-stretch (6.2 um),4,1.055
1757,534,C36H20,0,36,20,0,6,0,6,8,1-A',,10.1016/j.saa.2014.04.017,naptho-anthraceno-pyrene or dibenzoheptacene,1476.5,0.102,1478.8953,1526.0502528118873,0.9691,1,6.4889,0.8121710813273727,0.0784,A',CC-stretch/CH-ip (7.7 um),3,-2.395
1758,534,C36H20,0,36,20,0,6,0,6,8,1-A',,10.1016/j.saa.2014.04.017,naptho-anthraceno-pyrene or dibenzoheptacene,1211.3,0.0971,1210.3237,1248.9151790320916,0.9691,1,5.8084,0.7640565167504082,0.0702,A',CH-ip-bend (8.6 um),5,0.976
1759,534,C36H20,0,36,20,0,6,0,6,8,1-A',,10.1016/j.saa.2014.04.017,naptho-anthraceno-pyrene or dibenzoheptacene,1574.7,0.082,1572.704,1622.8500670725416,0.9691,1,15.7725,1.1979005360780213,0.1906,A',CC-stretch (6.2 um),5,1.996
1760,534,C36H20,0,36,20,0,6,0,6,8,1-A',,10.1016/j.saa.2014.04.017,naptho-anthraceno-pyrene or dibenzoheptacene,1509.7,0.0746,1504.3751,1552.342482715922,0.9691,1,5.2861,0.7231353746559637,0.0639,A',CC-stretch (6.2 um),2,5.325
1761,534,C36H20,0,36,20,0,6,0,6,8,1-A',,10.1016/j.saa.2014.04.017,naptho-anthraceno-pyrene or dibenzoheptacene,1120.6,0.0719,1116.921,1152.5343101847077,0.9691,1,7.9099,0.8981709930144003,0.0956,"A""",CH-ip-bend (8.6 um),2,3.679
1762,534,C36H20,0,36,20,0,6,0,6,8,1-A',,10.1016/j.saa.2014.04.017,naptho-anthraceno-pyrene or dibenzoheptacene,1579.3,0.0678,1580.6266,1631.025281188732,0.9691,1,1.132,0.053846426852252584,0.0137,"A""",CC-stretch (6.2 um),5,-1.327
1763,534,C36H20,0,36,20,0,6,0,6,8,1-A',,10.1016/j.saa.2014.04.017,naptho-anthraceno-pyrene or dibenzoheptacene,1003.7,0.0665,997.7796,1018.766183377578,0.9794,0,1.4685,0.16687395085881904,0.0177,"A""",ring / CH-ip (9-10.5 um),3,5.92
1764,534,C36H20,0,36,20,0,6,0,6,8,1-A',,10.1016/j.saa.2014.04.017,naptho-anthraceno-pyrene or dibenzoheptacene,1469.1,0.0661,1462.783,1509.4242080280671,0.9691,1,4.291,0.6325585145326719,0.0518,"A""",CC-stretch/CH-ip (7.7 um),2,6.317
1765,534,C36H20,0,36,20,0,6,0,6,8,1-A',,10.1016/j.saa.2014.04.017,naptho-anthraceno-pyrene or dibenzoheptacene,1603.9,0.0639,1603.3921,1654.516664946858,0.9691,1,4.987,0.697839368218363,0.0602,"A""",CC-stretch (6.2 um),4,0.508
1766,534,C36H20,0,36,20,0,6,0,6,8,1-A',,10.1016/j.saa.2014.04.017,naptho-anthraceno-pyrene or dibenzoheptacene,889.9,0.062,889.7839,908.4989789667144,0.9794,0,34.5818,1.5388475947714015,0.4178,A',CH-oop (10.5-15 um; benzene nu11 at 673 included),4,0.116
1767,534,C36H20,0,36,20,0,6,0,6,8,1-A',,10.1016/j.saa.2014.04.017,naptho-anthraceno-pyrene or dibenzoheptacene,1561.4,0.0618,1534.6927,1583.6267671034982,0.9691,1,2.1256,0.3274815414022211,0.0257,A',CC-stretch (6.2 um),4,26.707
1768,534,C36H20,0,36,20,0,6,0,6,8,1-A',,10.1016/j.saa.2014.04.017,naptho-anthraceno-pyrene or dibenzoheptacene,779.1,0.0595,777.0271,793.3705329793751,0.9794,0,7.257,0.8607571230815421,0.0877,A',CH-oop (10.5-15 um; benzene nu11 at 673 included),4,2.073
1769,534,C36H20,0,36,20,0,6,0,6,8,1-A',,10.1016/j.saa.2014.04.017,naptho-anthraceno-pyrene or dibenzoheptacene,1353.4,0.0565,1355.2648,1398.4777628727686,0.9691,1,4.0128,0.6034475148146037,0.0485,A',CC-stretch/CH-ip (7.7 um),2,-1.865
1770,534,C36H20,0,36,20,0,6,0,6,8,1-A',,10.1016/j.saa.2014.04.017,naptho-anthraceno-pyrene or dibenzoheptacene,953.1,0.0555,941.1944,960.9908107004288,0.9794,0,6.7074,0.8265542065363833,0.081,A',CH-oop (10.5-15 um; benzene nu11 at 673 included),2,11.906
1771,534,C36H20,0,36,20,0,6,0,6,8,1-A',,10.1016/j.saa.2014.04.017,naptho-anthraceno-pyrene or dibenzoheptacene,1013.0,0.0513,1014.4262,1035.762916071064,0.9794,0,2.0289,0.3072606421450052,0.0245,A',ring / CH-ip (9-10.5 um),3,-1.426
1772,534,C36H20,0,36,20,0,6,0,6,8,1-A',,10.1016/j.saa.2014.04.017,naptho-anthraceno-pyrene or dibenzoheptacene,1137.5,0.0509,1146.8846,1183.4533071922403,0.9691,1,3.9792,0.5997957679258608,0.0481,A',CH-ip-bend (8.6 um),3,-9.385
1773,534,C36H20,0,36,20,0,6,0,6,8,1-A',,10.1016/j.saa.2014.04.017,naptho-anthraceno-pyrene or dibenzoheptacene,1303.4,0.0486,1306.2778,1347.9287999174494,0.9691,1,2.4708,0.3928375926656562,0.0299,A',CC-stretch/CH-ip (7.7 um),5,-2.878
1774,534,C36H20,0,36,20,0,6,0,6,8,1-A',,10.1016/j.saa.2014.04.017,naptho-anthraceno-pyrene or dibenzoheptacene,845.6,0.0465,833.2517,850.7777210537064,0.9794,0,1.7122,0.23355449271452347,0.0207,A',CH-oop (10.5-15 um; benzene nu11 at 673 included),4,12.348
1775,534,C36H20,0,36,20,0,6,0,6,8,1-A',,10.1016/j.saa.2014.04.017,naptho-anthraceno-pyrene or dibenzoheptacene,1277.2,0.0371,1277.3778,1318.1073160664534,0.9691,1,1.1375,0.055951405329149995,0.0137,A',CC-stretch/CH-ip (7.7 um),7,-0.178
1776,534,C36H20,0,36,20,0,6,0,6,8,1-A',,10.1016/j.saa.2014.04.017,naptho-anthraceno-pyrene or dibenzoheptacene,1345.5,0.0361,1340.3398,1383.0768754514495,0.9691,1,3.1582,0.4994396292017424,0.0382,"A""",CC-stretch/CH-ip (7.7 um),2,5.16
1777,534,C36H20,0,36,20,0,6,0,6,8,1-A',,10.1016/j.saa.2014.04.017,naptho-anthraceno-pyrene or dibenzoheptacene,1633.9,0.036,1634.1048,1686.2086471984317,0.9691,1,3.9683,0.5986044970052269,0.0479,"A""",CC-stretch (6.2 um),2,-0.205
1778,534,C36H20,0,36,20,0,6,0,6,8,1-A',,10.1016/j.saa.2014.04.017,naptho-anthraceno-pyrene or dibenzoheptacene,1283.1,0.0355,1279.2358,1320.0245588690536,0.9691,1,4.0104,0.6031876916049973,0.0485,"A""",CC-stretch/CH-ip (7.7 um),6,3.864
1779,534,C36H20,0,36,20,0,6,0,6,8,1-A',,10.1016/j.saa.2014.04.017,naptho-anthraceno-pyrene or dibenzoheptacene,1323.3,0.035,1314.381,1356.290372510577,0.9691,1,2.3772,0.3760657215861719,0.0287,"A""",CC-stretch/CH-ip (7.7 um),4,8.919
1780,534,C36H20,0,36,20,0,6,0,6,8,1-A',,10.1016/j.saa.2014.04.017,naptho-anthraceno-pyrene or dibenzoheptacene,1170.0,0.0345,1166.9595,1204.168300484986,0.9691,1,2.758,0.44059426183983097,0.0333,A',CH-ip-bend (8.6 um),4,3.041
1781,534,C36H20,0,36,20,0,6,0,6,8,1-A',,10.1016/j.saa.2014.04.017,naptho-anthraceno-pyrene or dibenzoheptacene,1184.8,0.0299,1183.6179,1221.357857806212,0.9691,1,1.3215,0.12106716746772912,0.016,A',CH-ip-bend (8.6 um),4,1.182
1782,534,C36H20,0,36,20,0,6,0,6,8,1-A',,10.1016/j.saa.2014.04.017,naptho-anthraceno-pyrene or dibenzoheptacene,1627.4,0.0298,1619.3312,1670.963987204623,0.9691,1,2.1172,0.3257618853192302,0.0256,"A""",CC-stretch (6.2 um),3,8.069
1783,534,C36H20,0,36,20,0,6,0,6,8,1-A',,10.1016/j.saa.2014.04.017,naptho-anthraceno-pyrene or dibenzoheptacene,1243.6,0.0257,1247.555,1287.3336085027347,0.9691,1,1.3196,0.1204423068733063,0.0159,A',CH-ip-bend (8.6 um),5,-3.955
1784,534,C36H20,0,36,20,0,6,0,6,8,1-A',,10.1016/j.saa.2014.04.017,naptho-anthraceno-pyrene or dibenzoheptacene,617.2,0.025,620.0355,633.0768838064121,0.9794,0,2.1763,0.3377187620574486,0.0263,A',low / skeletal,1,-2.835
1785,534,C36H20,0,36,20,0,6,0,6,8,1-A',,10.1016/j.saa.2014.04.017,naptho-anthraceno-pyrene or dibenzoheptacene,1196.2,0.023,1193.5181,1231.573728201424,0.9691,1,2.3912,0.3786159020312243,0.0289,"A""",CH-ip-bend (8.6 um),5,2.682
1786,534,C36H20,0,36,20,0,6,0,6,8,1-A',,10.1016/j.saa.2014.04.017,naptho-anthraceno-pyrene or dibenzoheptacene,869.9,0.0206,868.9557,887.2326934858075,0.9794,0,15.6833,1.1954374499937865,0.1895,A',CH-oop (10.5-15 um; benzene nu11 at 673 included),5,0.944
1787,534,C36H20,0,36,20,0,6,0,6,8,1-A',,10.1016/j.saa.2014.04.017,naptho-anthraceno-pyrene or dibenzoheptacene,820.0,0.0205,818.7458,835.9667143148866,0.9794,0,4.2867,0.6321230909509153,0.0518,A',CH-oop (10.5-15 um; benzene nu11 at 673 included),2,1.254
1788,534,C36H20,0,36,20,0,6,0,6,8,1-A',,10.1016/j.saa.2014.04.017,naptho-anthraceno-pyrene or dibenzoheptacene,1314.6,0.0205,1293.7362,1334.9873078113717,0.9691,1,1.9449,0.28889727632256623,0.0235,"A""",CC-stretch/CH-ip (7.7 um),4,20.864
1789,534,C36H20,0,36,20,0,6,0,6,8,1-A',,10.1016/j.saa.2014.04.017,naptho-anthraceno-pyrene or dibenzoheptacene,769.7,0.0186,775.3857,791.6946089442516,0.9794,0,1.2602,0.100439475279108,0.0152,"A""",CH-oop (10.5-15 um; benzene nu11 at 673 included),7,-5.686
1790,534,C36H20,0,36,20,0,6,0,6,8,1-A',,10.1016/j.saa.2014.04.017,naptho-anthraceno-pyrene or dibenzoheptacene,1294.9,0.0179,1266.8638,1307.2580745021155,0.9691,1,4.2527,0.6286647471767659,0.0514,"A""",CC-stretch/CH-ip (7.7 um),6,28.036
1791,534,C36H20,0,36,20,0,6,0,6,8,1-A',,10.1016/j.saa.2014.04.017,naptho-anthraceno-pyrene or dibenzoheptacene,510.4,0.0159,506.029,516.6724525219522,0.9794,0,5.0681,0.7048451754733865,0.0612,A',low / skeletal,2,4.371
1792,534,C36H20,0,36,20,0,6,0,6,8,1-A',,10.1016/j.saa.2014.04.017,naptho-anthraceno-pyrene or dibenzoheptacene,762.7,0.011,757.4738,773.4059628343883,0.9794,0,1.0288,0.012330955580146827,0.0124,A',CH-oop (10.5-15 um; benzene nu11 at 673 included),7,5.226
1793,534,C36H20,0,36,20,0,6,0,6,8,1-A',,10.1016/j.saa.2014.04.017,naptho-anthraceno-pyrene or dibenzoheptacene,1227.6,0.009,1221.1899,1260.1278505830153,0.9691,1,3.6655,0.5641332238421051,0.0443,"A""",CH-ip-bend (8.6 um),4,6.41
1794,534,C36H20,0,36,20,0,6,0,6,8,1-A',,10.1016/j.saa.2014.04.017,naptho-anthraceno-pyrene or dibenzoheptacene,1619.0,0.0089,1595.6887,1646.5676400784232,0.9691,1,2.0263,0.30670374442964077,0.0245,"A""",CC-stretch (6.2 um),4,23.311
1795,534,C36H20,0,36,20,0,6,0,6,8,1-A',,10.1016/j.saa.2014.04.017,naptho-anthraceno-pyrene or dibenzoheptacene,1074.9,0.0082,1087.0987,1121.7611185636158,0.9691,1,1.8835,0.2749656245392864,0.0228,A',ring / CH-ip (9-10.5 um),1,-12.199
1796,534,C36H20,0,36,20,0,6,0,6,8,1-A',,10.1016/j.saa.2014.04.017,naptho-anthraceno-pyrene or dibenzoheptacene,964.4,0.0075,936.2901,955.9833571574434,0.9794,0,1.0619,0.026083620800987348,0.0128,A',CH-oop (10.5-15 um; benzene nu11 at 673 included),2,28.11
1797,542,C36H20+,1,36,20,0,6,0,6,8,"2-A""",,10.1016/j.saa.2014.04.017,"dibenzo[hi,wx]heptacene or naptho-anthraceno-pyrene",1309.0,0.3427,1313.5692,1355.4526880610877,0.9691,1,3.8092,0.5808337756580848,0.0012,"A""",CC-stretch/CH-ip (7.7 um),5,-4.569
1798,542,C36H20+,1,36,20,0,6,0,6,8,"2-A""",,10.1016/j.saa.2014.04.017,"dibenzo[hi,wx]heptacene or naptho-anthraceno-pyrene",1365.1,0.1027,1367.379,1410.978227221133,0.9691,1,1.3577,0.13280381800199953,0.0004,A',CC-stretch/CH-ip (7.7 um),7,-2.279
1799,542,C36H20+,1,36,20,0,6,0,6,8,"2-A""",,10.1016/j.saa.2014.04.017,"dibenzo[hi,wx]heptacene or naptho-anthraceno-pyrene",1356.8,0.1015,1359.3137,1402.6557630791456,0.9691,1,3063.7021,3.48624653425824,1.0,A',CC-stretch/CH-ip (7.7 um),6,-2.514
1800,542,C36H20+,1,36,20,0,6,0,6,8,"2-A""",,10.1016/j.saa.2014.04.017,"dibenzo[hi,wx]heptacene or naptho-anthraceno-pyrene",1329.8,0.0765,1319.2565,1361.3213290682077,0.9691,1,163.7843,2.2142722689130756,0.0535,A',CC-stretch/CH-ip (7.7 um),5,10.543
1801,542,C36H20+,1,36,20,0,6,0,6,8,"2-A""",,10.1016/j.saa.2014.04.017,"dibenzo[hi,wx]heptacene or naptho-anthraceno-pyrene",1182.9,0.0703,1181.9482,1219.6349189970076,0.9691,1,3.0373,0.48248769014346876,0.001,"A""",CH-ip-bend (8.6 um),7,0.952
1802,542,C36H20+,1,36,20,0,6,0,6,8,"2-A""",,10.1016/j.saa.2014.04.017,"dibenzo[hi,wx]heptacene or naptho-anthraceno-pyrene",1370.2,0.0615,1374.2398,1418.0577855742442,0.9691,1,670.1558,2.826175780632773,0.2187,A',CC-stretch/CH-ip (7.7 um),8,-4.04
1803,542,C36H20+,1,36,20,0,6,0,6,8,"2-A""",,10.1016/j.saa.2014.04.017,"dibenzo[hi,wx]heptacene or naptho-anthraceno-pyrene",1508.3,0.0417,1511.0811,1559.2623052316585,0.9691,1,27.022,1.4317174896460134,0.0088,"A""",CC-stretch (6.2 um),4,-2.781
1804,542,C36H20+,1,36,20,0,6,0,6,8,"2-A""",,10.1016/j.saa.2014.04.017,"dibenzo[hi,wx]heptacene or naptho-anthraceno-pyrene",1466.0,0.0357,1467.7405,1514.5397791765558,0.9691,1,145.4819,2.1628089643247095,0.0475,A',CC-stretch/CH-ip (7.7 um),6,-1.741
1805,542,C36H20+,1,36,20,0,6,0,6,8,"2-A""",,10.1016/j.saa.2014.04.017,"dibenzo[hi,wx]heptacene or naptho-anthraceno-pyrene",1555.5,0.0329,1555.3561,1604.949024868435,0.9691,1,410.6376,2.613458712995833,0.134,A',CC-stretch (6.2 um),4,0.144
1806,542,C36H20+,1,36,20,0,6,0,6,8,"2-A""",,10.1016/j.saa.2014.04.017,"dibenzo[hi,wx]heptacene or naptho-anthraceno-pyrene",1415.0,0.0285,1413.2643,1458.326591683005,0.9691,1,23.5346,1.3717068213267467,0.0077,A',CC-stretch/CH-ip (7.7 um),4,1.736
1807,542,C36H20+,1,36,20,0,6,0,6,8,"2-A""",,10.1016/j.saa.2014.04.017,"dibenzo[hi,wx]heptacene or naptho-anthraceno-pyrene",575.5,0.0167,568.7438,580.7063508270369,0.9794,0,192.0066,2.283316157319781,0.0627,A',low / skeletal,1,6.756
1808,542,C36H20+,1,36,20,0,6,0,6,8,"2-A""",,10.1016/j.saa.2014.04.017,"dibenzo[hi,wx]heptacene or naptho-anthraceno-pyrene",1036.4,0.0104,1038.3385,1060.178170308352,0.9794,0,64.1144,1.8069555823766197,0.0209,A',ring / CH-ip (9-10.5 um),2,-1.938
1809,542,C36H20+,1,36,20,0,6,0,6,8,"2-A""",,10.1016/j.saa.2014.04.017,"dibenzo[hi,wx]heptacene or naptho-anthraceno-pyrene",1570.7,0.0084,1566.5603,1616.510473635332,0.9691,1,22.6895,1.3558249256058028,0.0074,"A""",CC-stretch (6.2 um),7,4.14
1810,542,C36H20+,1,36,20,0,6,0,6,8,"2-A""",,10.1016/j.saa.2014.04.017,"dibenzo[hi,wx]heptacene or naptho-anthraceno-pyrene",797.3,0.0072,795.3839,812.1134367980396,0.9794,0,61.2381,1.7870217076252377,0.02,A',CH-oop (10.5-15 um; benzene nu11 at 673 included),3,1.916
1811,542,C36H20+,1,36,20,0,6,0,6,8,"2-A""",,10.1016/j.saa.2014.04.017,"dibenzo[hi,wx]heptacene or naptho-anthraceno-pyrene",1584.9,0.0064,1591.5236,1642.2697348054896,0.9691,1,158.4577,2.199913347888954,0.0517,A',CC-stretch (6.2 um),6,-6.624
1812,542,C36H20+,1,36,20,0,6,0,6,8,"2-A""",,10.1016/j.saa.2014.04.017,"dibenzo[hi,wx]heptacene or naptho-anthraceno-pyrene",1192.8,0.0059,1192.8893,1230.9248787534827,0.9691,1,52.715,1.7219342108540117,0.0172,A',CH-ip-bend (8.6 um),6,-0.089
1813,542,C36H20+,1,36,20,0,6,0,6,8,"2-A""",,10.1016/j.saa.2014.04.017,"dibenzo[hi,wx]heptacene or naptho-anthraceno-pyrene",1530.1,0.0055,1520.9714,1569.467959962852,0.9691,1,282.7138,2.4513470080564614,0.0923,A',CC-stretch (6.2 um),4,9.129
1814,542,C36H20+,1,36,20,0,6,0,6,8,"2-A""",,10.1016/j.saa.2014.04.017,"dibenzo[hi,wx]heptacene or naptho-anthraceno-pyrene",923.4,0.0045,915.081,934.3281600980192,0.9794,0,42.0145,1.6233991995219237,0.0137,A',CH-oop (10.5-15 um; benzene nu11 at 673 included),3,8.319
1815,542,C36H20+,1,36,20,0,6,0,6,8,"2-A""",,10.1016/j.saa.2014.04.017,"dibenzo[hi,wx]heptacene or naptho-anthraceno-pyrene",751.3,0.0044,750.4715,766.2563814580354,0.9794,0,20.4808,1.3113469166006606,0.0067,A',CH-oop (10.5-15 um; benzene nu11 at 673 included),6,0.828
1816,542,C36H20+,1,36,20,0,6,0,6,8,"2-A""",,10.1016/j.saa.2014.04.017,"dibenzo[hi,wx]heptacene or naptho-anthraceno-pyrene",705.6,0.0043,709.3047,724.2237083928936,0.9794,0,27.0376,1.4319681387113319,0.0088,A',CH-oop (10.5-15 um; benzene nu11 at 673 included),1,-3.705
1817,542,C36H20+,1,36,20,0,6,0,6,8,"2-A""",,10.1016/j.saa.2014.04.017,"dibenzo[hi,wx]heptacene or naptho-anthraceno-pyrene",765.8,0.0039,762.7172,778.7596487645498,0.9794,0,138.3899,2.14110439550855,0.0452,A',CH-oop (10.5-15 um; benzene nu11 at 673 included),7,3.083
1818,542,C36H20+,1,36,20,0,6,0,6,8,"2-A""",,10.1016/j.saa.2014.04.017,"dibenzo[hi,wx]heptacene or naptho-anthraceno-pyrene",1198.0,0.0035,1203.4394,1241.811371375503,0.9691,1,4.6817,0.670403580971269,0.0015,"A""",CH-ip-bend (8.6 um),6,-5.439
1819,542,C36H20+,1,36,20,0,6,0,6,8,"2-A""",,10.1016/j.saa.2014.04.017,"dibenzo[hi,wx]heptacene or naptho-anthraceno-pyrene",1383.2,0.003,1391.9834,1436.3671447735014,0.9691,1,15.6705,1.1950828537612925,0.0051,A',CC-stretch/CH-ip (7.7 um),6,-8.783
1820,542,C36H20+,1,36,20,0,6,0,6,8,"2-A""",,10.1016/j.saa.2014.04.017,"dibenzo[hi,wx]heptacene or naptho-anthraceno-pyrene",1401.5,0.0027,1398.2536,1442.8372716953877,0.9691,1,9.0722,0.9577126158366351,0.003,"A""",CC-stretch/CH-ip (7.7 um),4,3.246
1821,542,C36H20+,1,36,20,0,6,0,6,8,"2-A""",,10.1016/j.saa.2014.04.017,"dibenzo[hi,wx]heptacene or naptho-anthraceno-pyrene",760.8,0.0027,761.3793,777.3936083316315,0.9794,0,1.2461,0.09555289601940187,0.0004,"A""",CH-oop (10.5-15 um; benzene nu11 at 673 included),6,-0.579
1822,542,C36H20+,1,36,20,0,6,0,6,8,"2-A""",,10.1016/j.saa.2014.04.017,"dibenzo[hi,wx]heptacene or naptho-anthraceno-pyrene",508.5,0.0026,503.5556,514.1470287931387,0.9794,0,184.6044,2.26624204811431,0.0603,A',low / skeletal,2,4.944
1823,542,C36H20+,1,36,20,0,6,0,6,8,"2-A""",,10.1016/j.saa.2014.04.017,"dibenzo[hi,wx]heptacene or naptho-anthraceno-pyrene",879.5,0.0025,875.2,893.6083316316112,0.9794,0,18.1404,1.258646859123056,0.0059,A',CH-oop (10.5-15 um; benzene nu11 at 673 included),4,4.3
1824,542,C36H20+,1,36,20,0,6,0,6,8,"2-A""",,10.1016/j.saa.2014.04.017,"dibenzo[hi,wx]heptacene or naptho-anthraceno-pyrene",820.7,0.0021,819.7543,836.9964263835,0.9794,0,17.9466,1.253982183215097,0.0059,A',CH-oop (10.5-15 um; benzene nu11 at 673 included),2,0.946
1825,542,C36H20+,1,36,20,0,6,0,6,8,"2-A""",,10.1016/j.saa.2014.04.017,"dibenzo[hi,wx]heptacene or naptho-anthraceno-pyrene",1164.1,0.0018,1161.35,1198.379940150655,0.9691,1,90.9691,1.9588938980528932,0.0297,A',CH-ip-bend (8.6 um),6,2.75
1826,542,C36H20+,1,36,20,0,6,0,6,8,"2-A""",,10.1016/j.saa.2014.04.017,"dibenzo[hi,wx]heptacene or naptho-anthraceno-pyrene",997.1,0.0015,989.9621,1010.7842556667348,0.9794,0,1.3448,0.12865770043141458,0.0004,"A""",ring / CH-ip (9-10.5 um),1,7.138
1827,541,C40H22-,-1,40,22,0,8,0,6,8,2-B1,,10.1016/j.saa.2014.04.017,"dibenzo[jk, a1b1]octacene or dianthraceno-pyrene or 6,7:15,16-di[1,3]butadienodibenzo[hi,uv]hexacene",719.8,1.0,723.5598,738.7786399836634,0.9794,0,1.0234,0.010045412636098518,0.0001,B1,CH-oop (10.5-15 um; benzene nu11 at 673 included),3,-3.76
1828,541,C40H22-,-1,40,22,0,8,0,6,8,2-B1,,10.1016/j.saa.2014.04.017,"dibenzo[jk, a1b1]octacene or dianthraceno-pyrene or 6,7:15,16-di[1,3]butadienodibenzo[hi,uv]hexacene",588.3,0.3858,608.9551,621.7634265877067,0.9794,0,183.1905,2.2629029480187572,0.0262,B1,low / skeletal,2,-20.655
1829,541,C40H22-,-1,40,22,0,8,0,6,8,2-B1,,10.1016/j.saa.2014.04.017,"dibenzo[jk, a1b1]octacene or dianthraceno-pyrene or 6,7:15,16-di[1,3]butadienodibenzo[hi,uv]hexacene",733.6,0.3757,723.8313,739.055850520727,0.9794,0,72.3906,1.8596821762362568,0.0104,A1,CH-oop (10.5-15 um; benzene nu11 at 673 included),5,9.769
1830,541,C40H22-,-1,40,22,0,8,0,6,8,2-B1,,10.1016/j.saa.2014.04.017,"dibenzo[jk, a1b1]octacene or dianthraceno-pyrene or 6,7:15,16-di[1,3]butadienodibenzo[hi,uv]hexacene",763.8,0.1702,763.4692,779.5274657953848,0.9794,0,29.3314,1.4673327925326862,0.0042,A1,CH-oop (10.5-15 um; benzene nu11 at 673 included),4,0.331
1831,541,C40H22-,-1,40,22,0,8,0,6,8,2-B1,,10.1016/j.saa.2014.04.017,"dibenzo[jk, a1b1]octacene or dianthraceno-pyrene or 6,7:15,16-di[1,3]butadienodibenzo[hi,uv]hexacene",1274.1,0.1495,1276.553,1317.2562171086577,0.9691,1,369.8045,2.5679721916075726,0.0529,B1,CC-stretch/CH-ip (7.7 um),4,-2.453
1832,541,C40H22-,-1,40,22,0,8,0,6,8,2-B1,,10.1016/j.saa.2014.04.017,"dibenzo[jk, a1b1]octacene or dianthraceno-pyrene or 6,7:15,16-di[1,3]butadienodibenzo[hi,uv]hexacene",534.6,0.1246,514.0813,524.8941188482745,0.9794,0,26.3151,1.4202050247187028,0.0038,B1,low / skeletal,1,20.519
1833,541,C40H22-,-1,40,22,0,8,0,6,8,2-B1,,10.1016/j.saa.2014.04.017,"dibenzo[jk, a1b1]octacene or dianthraceno-pyrene or 6,7:15,16-di[1,3]butadienodibenzo[hi,uv]hexacene",782.4,0.1234,784.8541,801.3621605064325,0.9794,0,27.0535,1.4322234591785121,0.0039,B1,CH-oop (10.5-15 um; benzene nu11 at 673 included),4,-2.454
1834,541,C40H22-,-1,40,22,0,8,0,6,8,2-B1,,10.1016/j.saa.2014.04.017,"dibenzo[jk, a1b1]octacene or dianthraceno-pyrene or 6,7:15,16-di[1,3]butadienodibenzo[hi,uv]hexacene",885.0,0.1104,879.8595,898.365836226261,0.9794,0,78.5249,1.8950073920049475,0.0112,B1,CH-oop (10.5-15 um; benzene nu11 at 673 included),4,5.14
1835,541,C40H22-,-1,40,22,0,8,0,6,8,2-B1,,10.1016/j.saa.2014.04.017,"dibenzo[jk, a1b1]octacene or dianthraceno-pyrene or 6,7:15,16-di[1,3]butadienodibenzo[hi,uv]hexacene",3031.3,0.0887,3029.5933,3156.8128581848496,0.9597,2,49.1737,1.6917328873450233,0.007,B2,CH-stretch,9,1.707
1836,541,C40H22-,-1,40,22,0,8,0,6,8,2-B1,,10.1016/j.saa.2014.04.017,"dibenzo[jk, a1b1]octacene or dianthraceno-pyrene or 6,7:15,16-di[1,3]butadienodibenzo[hi,uv]hexacene",911.2,0.0845,914.6695,933.9080049009596,0.9794,0,1.5577,0.19248381990266333,0.0002,A1,CH-oop (10.5-15 um; benzene nu11 at 673 included),3,-3.469
1837,541,C40H22-,-1,40,22,0,8,0,6,8,2-B1,,10.1016/j.saa.2014.04.017,"dibenzo[jk, a1b1]octacene or dianthraceno-pyrene or 6,7:15,16-di[1,3]butadienodibenzo[hi,uv]hexacene",1442.6,0.058,1450.1119,1496.34908678155,0.9691,1,510.0724,2.7076318245074855,0.073,B1,CC-stretch/CH-ip (7.7 um),4,-7.512
1838,541,C40H22-,-1,40,22,0,8,0,6,8,2-B1,,10.1016/j.saa.2014.04.017,"dibenzo[jk, a1b1]octacene or dianthraceno-pyrene or 6,7:15,16-di[1,3]butadienodibenzo[hi,uv]hexacene",1525.9,0.0508,1517.5181,1565.904550613972,0.9691,1,287.1813,2.4581561571189465,0.0411,B2,CC-stretch (6.2 um),3,8.382
1839,541,C40H22-,-1,40,22,0,8,0,6,8,2-B1,,10.1016/j.saa.2014.04.017,"dibenzo[jk, a1b1]octacene or dianthraceno-pyrene or 6,7:15,16-di[1,3]butadienodibenzo[hi,uv]hexacene",1152.4,0.0432,1140.5253,1176.8912392941909,0.9691,1,1799.5291,3.2551588739771153,0.2574,B1,CH-ip-bend (8.6 um),4,11.875
1840,541,C40H22-,-1,40,22,0,8,0,6,8,2-B1,,10.1016/j.saa.2014.04.017,"dibenzo[jk, a1b1]octacene or dianthraceno-pyrene or 6,7:15,16-di[1,3]butadienodibenzo[hi,uv]hexacene",1500.1,0.0407,1512.932,1561.1722216489527,0.9691,1,702.2276,2.8464778947564207,0.1004,B1,CC-stretch (6.2 um),3,-12.832
1841,541,C40H22-,-1,40,22,0,8,0,6,8,2-B1,,10.1016/j.saa.2014.04.017,"dibenzo[jk, a1b1]octacene or dianthraceno-pyrene or 6,7:15,16-di[1,3]butadienodibenzo[hi,uv]hexacene",612.7,0.0255,613.9562,626.8697161527465,0.9794,0,39.527,1.5968938537336297,0.0057,B1,low / skeletal,3,-1.256
1842,541,C40H22-,-1,40,22,0,8,0,6,8,2-B1,,10.1016/j.saa.2014.04.017,"dibenzo[jk, a1b1]octacene or dianthraceno-pyrene or 6,7:15,16-di[1,3]butadienodibenzo[hi,uv]hexacene",625.9,0.0243,630.4172,643.6769450684092,0.9794,0,22.5263,1.3526898636482163,0.0032,B1,low / skeletal,3,-4.517
1843,541,C40H22-,-1,40,22,0,8,0,6,8,2-B1,,10.1016/j.saa.2014.04.017,"dibenzo[jk, a1b1]octacene or dianthraceno-pyrene or 6,7:15,16-di[1,3]butadienodibenzo[hi,uv]hexacene",1344.0,0.0227,1343.868,1386.7175730058818,0.9691,1,6991.3896,3.8445635041624278,1.0,B1,CC-stretch/CH-ip (7.7 um),5,0.132
1844,541,C40H22-,-1,40,22,0,8,0,6,8,2-B1,,10.1016/j.saa.2014.04.017,"dibenzo[jk, a1b1]octacene or dianthraceno-pyrene or 6,7:15,16-di[1,3]butadienodibenzo[hi,uv]hexacene",1012.9,0.0158,1023.1703,1044.6909332244231,0.9794,0,8.0514,0.905871403275963,0.0012,B1,ring / CH-ip (9-10.5 um),2,-10.27
1845,541,C40H22-,-1,40,22,0,8,0,6,8,2-B1,,10.1016/j.saa.2014.04.017,"dibenzo[jk, a1b1]octacene or dianthraceno-pyrene or 6,7:15,16-di[1,3]butadienodibenzo[hi,uv]hexacene",853.7,0.0127,845.3247,863.1046559117827,0.9794,0,4.2771,0.6311494043228595,0.0006,B1,CH-oop (10.5-15 um; benzene nu11 at 673 included),5,8.375
1846,541,C40H22-,-1,40,22,0,8,0,6,8,2-B1,,10.1016/j.saa.2014.04.017,"dibenzo[jk, a1b1]octacene or dianthraceno-pyrene or 6,7:15,16-di[1,3]butadienodibenzo[hi,uv]hexacene",1057.1,0.0082,1082.2516,1116.759467547209,0.9691,1,240.1075,2.380405725895189,0.0343,B1,ring / CH-ip (9-10.5 um),1,-25.152
1847,541,C40H22-,-1,40,22,0,8,0,6,8,2-B1,,10.1016/j.saa.2014.04.017,"dibenzo[jk, a1b1]octacene or dianthraceno-pyrene or 6,7:15,16-di[1,3]butadienodibenzo[hi,uv]hexacene",1184.5,0.0071,1182.3328,1220.0317820658342,0.9691,1,122.5301,2.0882427879507337,0.0175,B1,CH-ip-bend (8.6 um),3,2.167
1848,541,C40H22-,-1,40,22,0,8,0,6,8,2-B1,,10.1016/j.saa.2014.04.017,"dibenzo[jk, a1b1]octacene or dianthraceno-pyrene or 6,7:15,16-di[1,3]butadienodibenzo[hi,uv]hexacene",1164.2,0.007,1166.8006,1204.0043339180684,0.9691,1,170.6812,2.23218568757107,0.0244,B1,CH-ip-bend (8.6 um),4,-2.601
1849,541,C40H22-,-1,40,22,0,8,0,6,8,2-B1,,10.1016/j.saa.2014.04.017,"dibenzo[jk, a1b1]octacene or dianthraceno-pyrene or 6,7:15,16-di[1,3]butadienodibenzo[hi,uv]hexacene",1423.5,0.0062,1426.8778,1472.3741615932308,0.9691,1,48.944,1.6896994596406034,0.007,B1,CC-stretch/CH-ip (7.7 um),4,-3.378
1850,541,C40H22-,-1,40,22,0,8,0,6,8,2-B1,,10.1016/j.saa.2014.04.017,"dibenzo[jk, a1b1]octacene or dianthraceno-pyrene or 6,7:15,16-di[1,3]butadienodibenzo[hi,uv]hexacene",1089.9,0.0056,1109.3503,1144.7222164895263,0.9691,1,17.9503,1.2540717112572808,0.0026,B2,CH-ip-bend (8.6 um),3,-19.45
1851,541,C40H22-,-1,40,22,0,8,0,6,8,2-B1,,10.1016/j.saa.2014.04.017,"dibenzo[jk, a1b1]octacene or dianthraceno-pyrene or 6,7:15,16-di[1,3]butadienodibenzo[hi,uv]hexacene",1467.1,0.0056,1470.1501,1517.026209885461,0.9691,1,147.2945,2.168186530520529,0.0211,B1,CC-stretch/CH-ip (7.7 um),3,-3.05
1852,541,C40H22-,-1,40,22,0,8,0,6,8,2-B1,,10.1016/j.saa.2014.04.017,"dibenzo[jk, a1b1]octacene or dianthraceno-pyrene or 6,7:15,16-di[1,3]butadienodibenzo[hi,uv]hexacene",1368.5,0.0051,1370.6788,1414.383242183469,0.9691,1,1.3284,0.12332886692634765,0.0002,A1,CC-stretch/CH-ip (7.7 um),5,-2.179
1853,541,C40H22-,-1,40,22,0,8,0,6,8,2-B1,,10.1016/j.saa.2014.04.017,"dibenzo[jk, a1b1]octacene or dianthraceno-pyrene or 6,7:15,16-di[1,3]butadienodibenzo[hi,uv]hexacene",836.3,0.005,836.5112,854.1057790483969,0.9794,0,130.3065,2.114966079900799,0.0186,A1,CH-oop (10.5-15 um; benzene nu11 at 673 included),4,-0.211
1854,541,C40H22-,-1,40,22,0,8,0,6,8,2-B1,,10.1016/j.saa.2014.04.017,"dibenzo[jk, a1b1]octacene or dianthraceno-pyrene or 6,7:15,16-di[1,3]butadienodibenzo[hi,uv]hexacene",3096.4,0.0032,3098.2456,3228.348025424612,0.9597,2,7.0249,0.8466401464052599,0.001,B1,CH-stretch,4,-1.846
1855,541,C40H22-,-1,40,22,0,8,0,6,8,2-B1,,10.1016/j.saa.2014.04.017,"dibenzo[jk, a1b1]octacene or dianthraceno-pyrene or 6,7:15,16-di[1,3]butadienodibenzo[hi,uv]hexacene",985.5,0.0031,988.768,1009.565039820298,0.9794,0,45.1474,1.6546327447233637,0.0065,B2,ring / CH-ip (9-10.5 um),1,-3.268
1856,541,C40H22-,-1,40,22,0,8,0,6,8,2-B1,,10.1016/j.saa.2014.04.017,"dibenzo[jk, a1b1]octacene or dianthraceno-pyrene or 6,7:15,16-di[1,3]butadienodibenzo[hi,uv]hexacene",665.5,0.0028,688.0938,702.5666734735552,0.9794,0,9.6425,0.9841896475380795,0.0014,A1,CH-oop (10.5-15 um; benzene nu11 at 673 included),1,-22.594
1857,541,C40H22-,-1,40,22,0,8,0,6,8,2-B1,,10.1016/j.saa.2014.04.017,"dibenzo[jk, a1b1]octacene or dianthraceno-pyrene or 6,7:15,16-di[1,3]butadienodibenzo[hi,uv]hexacene",1405.1,0.0024,1394.0728,1438.5231658239604,0.9691,1,4.033,0.6056282220076187,0.0006,B2,CC-stretch/CH-ip (7.7 um),2,11.027
1858,541,C40H22-,-1,40,22,0,8,0,6,8,2-B1,,10.1016/j.saa.2014.04.017,"dibenzo[jk, a1b1]octacene or dianthraceno-pyrene or 6,7:15,16-di[1,3]butadienodibenzo[hi,uv]hexacene",675.1,0.0024,704.5843,719.4040228711456,0.9794,0,2.6602,0.42491428912398893,0.0004,B2,CH-oop (10.5-15 um; benzene nu11 at 673 included),2,-29.484
1859,541,C40H22-,-1,40,22,0,8,0,6,8,2-B1,,10.1016/j.saa.2014.04.017,"dibenzo[jk, a1b1]octacene or dianthraceno-pyrene or 6,7:15,16-di[1,3]butadienodibenzo[hi,uv]hexacene",3033.4,0.0022,3034.8812,3162.322809211212,0.9597,2,41.2354,1.6152702117511004,0.0059,B1,CH-stretch,9,-1.481
1860,541,C40H22-,-1,40,22,0,8,0,6,8,2-B1,,10.1016/j.saa.2014.04.017,"dibenzo[jk, a1b1]octacene or dianthraceno-pyrene or 6,7:15,16-di[1,3]butadienodibenzo[hi,uv]hexacene",1174.6,0.0022,1177.4874,1215.0318852543598,0.9691,1,2.8903,0.46094292288895894,0.0004,B2,CH-ip-bend (8.6 um),3,-2.887
1861,541,C40H22-,-1,40,22,0,8,0,6,8,2-B1,,10.1016/j.saa.2014.04.017,"dibenzo[jk, a1b1]octacene or dianthraceno-pyrene or 6,7:15,16-di[1,3]butadienodibenzo[hi,uv]hexacene",3052.4,0.001,3046.7915,3174.73324997395,0.9597,2,142.4484,2.153657575547602,0.0204,B2,CH-stretch,11,5.609
1862,541,C40H22-,-1,40,22,0,8,0,6,8,2-B1,,10.1016/j.saa.2014.04.017,"dibenzo[jk, a1b1]octacene or dianthraceno-pyrene or 6,7:15,16-di[1,3]butadienodibenzo[hi,uv]hexacene",3068.2,0.001,3070.1023,3199.022923830364,0.9597,2,11.1512,1.0473216050824905,0.0016,B2,CH-stretch,7,-1.902
1863,541,C40H22-,-1,40,22,0,8,0,6,8,2-B1,,10.1016/j.saa.2014.04.017,"dibenzo[jk, a1b1]octacene or dianthraceno-pyrene or 6,7:15,16-di[1,3]butadienodibenzo[hi,uv]hexacene",1230.9,0.0009,1229.5407,1268.7449179651223,0.9691,1,28.0768,1.4483476083888323,0.004,B2,CH-ip-bend (8.6 um),3,1.359
1864,541,C40H22-,-1,40,22,0,8,0,6,8,2-B1,,10.1016/j.saa.2014.04.017,"dibenzo[jk, a1b1]octacene or dianthraceno-pyrene or 6,7:15,16-di[1,3]butadienodibenzo[hi,uv]hexacene",1109.3,0.0009,1114.3214,1149.851821277474,0.9691,1,8.7597,0.9424892328147033,0.0013,B2,CH-ip-bend (8.6 um),3,-5.021
1865,541,C40H22-,-1,40,22,0,8,0,6,8,2-B1,,10.1016/j.saa.2014.04.017,"dibenzo[jk, a1b1]octacene or dianthraceno-pyrene or 6,7:15,16-di[1,3]butadienodibenzo[hi,uv]hexacene",1556.4,0.0006,1557.3508,1607.007326385306,0.9691,1,211.4043,2.3251138166860703,0.0302,B1,CC-stretch (6.2 um),4,-0.951
1866,541,C40H22-,-1,40,22,0,8,0,6,8,2-B1,,10.1016/j.saa.2014.04.017,"dibenzo[jk, a1b1]octacene or dianthraceno-pyrene or 6,7:15,16-di[1,3]butadienodibenzo[hi,uv]hexacene",1216.8,0.0005,1214.923,1253.6611288824683,0.9691,1,6710.2929,3.826741477259529,0.9598,B1,CH-ip-bend (8.6 um),2,1.877
1867,541,C40H22-,-1,40,22,0,8,0,6,8,2-B1,,10.1016/j.saa.2014.04.017,"dibenzo[jk, a1b1]octacene or dianthraceno-pyrene or 6,7:15,16-di[1,3]butadienodibenzo[hi,uv]hexacene",1550.1,0.0005,1535.9711,1584.9459292126717,0.9691,1,2506.9404,3.3991440091641194,0.3586,B1,CC-stretch (6.2 um),2,14.129
1868,541,C40H22-,-1,40,22,0,8,0,6,8,2-B1,,10.1016/j.saa.2014.04.017,"dibenzo[jk, a1b1]octacene or dianthraceno-pyrene or 6,7:15,16-di[1,3]butadienodibenzo[hi,uv]hexacene",1236.3,0.0001,1257.862,1297.9692498194202,0.9691,1,5.4961,0.7400546259898301,0.0008,B2,CC-stretch/CH-ip (7.7 um),4,-21.562
1869,555,C40H18,0,40,18,0,0,12,6,0,1-AG,,,"dipyreno-(1\',3\';10,2),(1"""",3"""",5,7)-pyrene",3063.9,1.0,3067.6763,3196.495050536626,0.9597,2,61.1692,1.7865328006243764,0.3837,BU,CH-stretch,6,-3.776
1870,555,C40H18,0,40,18,0,0,12,6,0,1-AG,,,"dipyreno-(1\',3\';10,2),(1"""",3"""",5,7)-pyrene",837.9,0.6698,835.4657,853.0382887482131,0.9794,0,129.7487,2.1131030151859687,0.8139,AU,CH-oop (10.5-15 um; benzene nu11 at 673 included),3,2.434
1871,555,C40H18,0,40,18,0,0,12,6,0,1-AG,,,"dipyreno-(1\',3\';10,2),(1"""",3"""",5,7)-pyrene",1429.8,0.4599,1428.193,1473.7312970797648,0.9691,1,28.8333,1.459894350670316,0.1809,BU,CC-stretch/CH-ip (7.7 um),3,1.607
1872,555,C40H18,0,40,18,0,0,12,6,0,1-AG,,,"dipyreno-(1\',3\';10,2),(1"""",3"""",5,7)-pyrene",820.3,0.2641,810.4861,827.5332856851132,0.9794,0,1.2561,0.0990242156108929,0.0079,AU,CH-oop (10.5-15 um; benzene nu11 at 673 included),3,9.814
1873,555,C40H18,0,40,18,0,0,12,6,0,1-AG,,,"dipyreno-(1\',3\';10,2),(1"""",3"""",5,7)-pyrene",744.4,0.1945,739.3139,754.8641004696752,0.9794,0,2.5966,0.41440505275888345,0.0163,BU,CH-oop (10.5-15 um; benzene nu11 at 673 included),4,5.086
1874,555,C40H18,0,40,18,0,0,12,6,0,1-AG,,,"dipyreno-(1\',3\';10,2),(1"""",3"""",5,7)-pyrene",3096.7,0.1768,3101.2802,3231.510055225592,0.9597,2,12.3091,1.09022629994003,0.0772,BU,CH-stretch,5,-4.58
1875,555,C40H18,0,40,18,0,0,12,6,0,1-AG,,,"dipyreno-(1\',3\';10,2),(1"""",3"""",5,7)-pyrene",1589.7,0.1767,1583.6697,1634.1654112062738,0.9691,1,15.8989,1.2013670777508982,0.0997,BU,CC-stretch (6.2 um),4,6.03
1876,555,C40H18,0,40,18,0,0,12,6,0,1-AG,,,"dipyreno-(1\',3\';10,2),(1"""",3"""",5,7)-pyrene",3027.2,0.1654,3049.4615,3177.5153693862662,0.9597,2,2.1262,0.32760411381431553,0.0133,BU,CH-stretch,3,-22.262
1877,555,C40H18,0,40,18,0,0,12,6,0,1-AG,,,"dipyreno-(1\',3\';10,2),(1"""",3"""",5,7)-pyrene",802.6,0.1519,799.61,816.4284255666735,0.9794,0,27.9245,1.445985405630619,0.1752,AU,CH-oop (10.5-15 um; benzene nu11 at 673 included),4,2.99
1878,555,C40H18,0,40,18,0,0,12,6,0,1-AG,,,"dipyreno-(1\',3\';10,2),(1"""",3"""",5,7)-pyrene",761.7,0.1422,759.6838,775.6624463957525,0.9794,0,18.0526,1.256539759390475,0.1132,AU,CH-oop (10.5-15 um; benzene nu11 at 673 included),4,2.016
1879,555,C40H18,0,40,18,0,0,12,6,0,1-AG,,,"dipyreno-(1\',3\';10,2),(1"""",3"""",5,7)-pyrene",1251.4,0.1309,1251.9169,1291.8345887937262,0.9691,1,1.9392,0.2876226024861922,0.0122,BU,CC-stretch/CH-ip (7.7 um),3,-0.517
1880,555,C40H18,0,40,18,0,0,12,6,0,1-AG,,,"dipyreno-(1\',3\';10,2),(1"""",3"""",5,7)-pyrene",1297.9,0.1255,1300.4207,1341.8849447941388,0.9691,1,5.1738,0.7138096364842778,0.0325,BU,CC-stretch/CH-ip (7.7 um),2,-2.521
1881,555,C40H18,0,40,18,0,0,12,6,0,1-AG,,,"dipyreno-(1\',3\';10,2),(1"""",3"""",5,7)-pyrene",1343.8,0.1111,1336.0407,1378.640697554432,0.9691,1,4.8497,0.6857148741951969,0.0304,BU,CC-stretch/CH-ip (7.7 um),3,7.759
1882,555,C40H18,0,40,18,0,0,12,6,0,1-AG,,,"dipyreno-(1\',3\';10,2),(1"""",3"""",5,7)-pyrene",1400.1,0.0786,1385.769,1429.9545970488082,0.9691,1,9.0592,0.957089847685009,0.0568,BU,CC-stretch/CH-ip (7.7 um),3,14.331
1883,555,C40H18,0,40,18,0,0,12,6,0,1-AG,,,"dipyreno-(1\',3\';10,2),(1"""",3"""",5,7)-pyrene",1453.6,0.0778,1463.2675,1509.9241564338045,0.9691,1,3.1464,0.4978139334016903,0.0197,BU,CC-stretch/CH-ip (7.7 um),3,-9.668
1884,555,C40H18,0,40,18,0,0,12,6,0,1-AG,,,"dipyreno-(1\',3\';10,2),(1"""",3"""",5,7)-pyrene",1528.2,0.0744,1518.1392,1566.5454545454547,0.9691,1,10.811,1.0338658673479002,0.0678,BU,CC-stretch (6.2 um),2,10.061
1885,555,C40H18,0,40,18,0,0,12,6,0,1-AG,,,"dipyreno-(1\',3\';10,2),(1"""",3"""",5,7)-pyrene",1143.5,0.0631,1136.9637,1173.216076772263,0.9691,1,6.0875,0.7844389742226908,0.0382,BU,CH-ip-bend (8.6 um),1,6.536
1886,555,C40H18,0,40,18,0,0,12,6,0,1-AG,,,"dipyreno-(1\',3\';10,2),(1"""",3"""",5,7)-pyrene",1610.9,0.0624,1610.5573,1661.910329171396,0.9691,1,2.0549,0.3127906921464422,0.0129,BU,CC-stretch (6.2 um),4,0.343
1887,555,C40H18,0,40,18,0,0,12,6,0,1-AG,,,"dipyreno-(1\',3\';10,2),(1"""",3"""",5,7)-pyrene",610.8,0.06,609.0201,621.8297937512763,0.9794,0,6.4736,0.8111458610907106,0.0406,AU,low / skeletal,1,1.78
1888,555,C40H18,0,40,18,0,0,12,6,0,1-AG,,,"dipyreno-(1\',3\';10,2),(1"""",3"""",5,7)-pyrene",1655.8,0.0585,1627.272,1679.1579816324424,0.9691,1,10.1062,1.0045878886020843,0.0634,BU,CC-stretch (6.2 um),1,28.528
1889,555,C40H18,0,40,18,0,0,12,6,0,1-AG,,,"dipyreno-(1\',3\';10,2),(1"""",3"""",5,7)-pyrene",969.3,0.0581,955.2823,975.375025525832,0.9794,0,5.3742,0.7303138245981062,0.0337,BU,ring / CH-ip (9-10.5 um),2,14.018
1890,555,C40H18,0,40,18,0,0,12,6,0,1-AG,,,"dipyreno-(1\',3\';10,2),(1"""",3"""",5,7)-pyrene",1242.6,0.054,1247.8783,1287.6672170054692,0.9691,1,11.6233,1.0653294471871295,0.0729,BU,CH-ip-bend (8.6 um),3,-5.278
1891,555,C40H18,0,40,18,0,0,12,6,0,1-AG,,,"dipyreno-(1\',3\';10,2),(1"""",3"""",5,7)-pyrene",506.4,0.0529,509.8109,520.5338983050847,0.9794,0,2.8795,0.45931708286592515,0.0181,AU,low / skeletal,1,-3.411
1892,555,C40H18,0,40,18,0,0,12,6,0,1-AG,,,"dipyreno-(1\',3\';10,2),(1"""",3"""",5,7)-pyrene",1602.1,0.0499,1600.3655,1651.393561036013,0.9691,1,16.8345,1.2262002219735486,0.1056,BU,CC-stretch (6.2 um),4,1.734
1893,555,C40H18,0,40,18,0,0,12,6,0,1-AG,,,"dipyreno-(1\',3\';10,2),(1"""",3"""",5,7)-pyrene",565.0,0.049,563.8896,575.7500510516642,0.9794,0,7.1128,0.8520405972374917,0.0446,BU,low / skeletal,3,1.11
1894,555,C40H18,0,40,18,0,0,12,6,0,1-AG,,,"dipyreno-(1\',3\';10,2),(1"""",3"""",5,7)-pyrene",894.0,0.0462,887.9003,906.5757606697978,0.9794,0,1.3814,0.14031945167012813,0.0087,BU,CH-oop (10.5-15 um; benzene nu11 at 673 included),3,6.1
1895,555,C40H18,0,40,18,0,0,12,6,0,1-AG,,,"dipyreno-(1\',3\';10,2),(1"""",3"""",5,7)-pyrene",854.4,0.0458,852.8444,870.782519910149,0.9794,0,7.825,0.8934843462184862,0.0491,BU,CH-oop (10.5-15 um; benzene nu11 at 673 included),3,1.556
1896,555,C40H18,0,40,18,0,0,12,6,0,1-AG,,,"dipyreno-(1\',3\';10,2),(1"""",3"""",5,7)-pyrene",674.1,0.0449,664.7297,678.7111496834797,0.9794,0,2.5325,0.40354945403231807,0.0159,AU,CH-oop (10.5-15 um; benzene nu11 at 673 included),1,9.37
1897,555,C40H18,0,40,18,0,0,12,6,0,1-AG,,,"dipyreno-(1\',3\';10,2),(1"""",3"""",5,7)-pyrene",1403.2,0.0422,1421.5545,1466.8811268186978,0.9691,1,22.0615,1.3436350375500477,0.1384,BU,CC-stretch/CH-ip (7.7 um),3,-18.354
1898,555,C40H18,0,40,18,0,0,12,6,0,1-AG,,,"dipyreno-(1\',3\';10,2),(1"""",3"""",5,7)-pyrene",1376.7,0.0386,1360.7231,1404.11010215664,0.9691,1,11.5567,1.0628338395870243,0.0725,BU,CC-stretch/CH-ip (7.7 um),2,15.977
1899,555,C40H18,0,40,18,0,0,12,6,0,1-AG,,,"dipyreno-(1\',3\';10,2),(1"""",3"""",5,7)-pyrene",1092.5,0.0352,1087.0849,1121.7468785471058,0.9691,1,1.9844,0.29762921836414796,0.0124,BU,ring / CH-ip (9-10.5 um),3,5.415
1900,555,C40H18,0,40,18,0,0,12,6,0,1-AG,,,"dipyreno-(1\',3\';10,2),(1"""",3"""",5,7)-pyrene",571.9,0.0343,574.225,586.3028384725342,0.9794,0,2.1092,0.32411776265942654,0.0132,AU,low / skeletal,2,-2.325
1901,555,C40H18,0,40,18,0,0,12,6,0,1-AG,,,"dipyreno-(1\',3\';10,2),(1"""",3"""",5,7)-pyrene",1200.0,0.0341,1200.8426,1239.1317717469817,0.9691,1,3.8813,0.5889772122605529,0.0243,BU,CH-ip-bend (8.6 um),2,-0.843
1902,555,C40H18,0,40,18,0,0,12,6,0,1-AG,,,"dipyreno-(1\',3\';10,2),(1"""",3"""",5,7)-pyrene",1175.8,0.034,1174.2785,1211.7206686616448,0.9691,1,4.1797,0.6211451111960368,0.0262,BU,CH-ip-bend (8.6 um),2,1.522
1903,555,C40H18,0,40,18,0,0,12,6,0,1-AG,,,"dipyreno-(1\',3\';10,2),(1"""",3"""",5,7)-pyrene",1110.3,0.033,1101.8488,1136.981529253947,0.9691,1,8.2208,0.9149140825862522,0.0516,BU,CH-ip-bend (8.6 um),3,8.451
1904,555,C40H18,0,40,18,0,0,12,6,0,1-AG,,,"dipyreno-(1\',3\';10,2),(1"""",3"""",5,7)-pyrene",1214.3,0.0263,1236.0871,1275.500051594263,0.9691,1,7.3237,0.8647305460320307,0.0459,BU,CH-ip-bend (8.6 um),2,-21.787
1905,555,C40H18,0,40,18,0,0,12,6,0,1-AG,,,"dipyreno-(1\',3\';10,2),(1"""",3"""",5,7)-pyrene",792.5,0.0154,789.9407,806.5557484173984,0.9794,0,3.3473,0.5246946375163921,0.021,BU,CH-oop (10.5-15 um; benzene nu11 at 673 included),4,2.559
1906,555,C40H18,0,40,18,0,0,12,6,0,1-AG,,,"dipyreno-(1\',3\';10,2),(1"""",3"""",5,7)-pyrene",1075.1,0.0133,1076.1245,1098.7589340412496,0.9794,0,1.3654,0.13525989851565856,0.0086,BU,ring / CH-ip (9-10.5 um),3,-1.024
1907,555,C40H18,0,40,18,0,0,12,6,0,1-AG,,,"dipyreno-(1\',3\';10,2),(1"""",3"""",5,7)-pyrene",777.8,0.0125,780.6014,797.0200122523994,0.9794,0,10.4508,1.019149536598961,0.0656,AU,CH-oop (10.5-15 um; benzene nu11 at 673 included),4,-2.801
1908,555,C40H18,0,40,18,0,0,12,6,0,1-AG,,,"dipyreno-(1\',3\';10,2),(1"""",3"""",5,7)-pyrene",1548.5,0.0118,1543.1825,1592.387266535961,0.9691,1,1.4283,0.15481943619417304,0.009,BU,CC-stretch (6.2 um),2,5.318
1909,555,C40H18,0,40,18,0,0,12,6,0,1-AG,,,"dipyreno-(1\',3\';10,2),(1"""",3"""",5,7)-pyrene",960.0,0.007,945.7108,965.602205431897,0.9794,0,1.0975,0.04040452891415895,0.0069,AU,CH-oop (10.5-15 um; benzene nu11 at 673 included),2,14.289
1910,131,C40H18,0,40,18,0,2,6,6,4,1-A1,,,"12,13-o-phenylene-3,4;5,6;7,8-tribenzoterrylene",3057.0,1.0,3058.4535,3186.8849640512663,0.9597,2,1.6001,0.2041471252128477,0.0127,B2,CH-stretch,9,-1.454
1911,131,C40H18,0,40,18,0,2,6,6,4,1-A1,,,"12,13-o-phenylene-3,4;5,6;7,8-tribenzoterrylene",813.0,0.533,815.1124,832.2568919746783,0.9794,0,23.4512,1.37016507050715,0.1868,B1,CH-oop (10.5-15 um; benzene nu11 at 673 included),3,-2.112
1912,131,C40H18,0,40,18,0,2,6,6,4,1-A1,,,"12,13-o-phenylene-3,4;5,6;7,8-tribenzoterrylene",757.5,0.384,754.8204,770.6967531141514,0.9794,0,3.2795,0.515807635238054,0.0261,B1,CH-oop (10.5-15 um; benzene nu11 at 673 included),4,2.68
1913,131,C40H18,0,40,18,0,2,6,6,4,1-A1,,,"12,13-o-phenylene-3,4;5,6;7,8-tribenzoterrylene",1462.3,0.2788,1454.6533,1501.0352904756992,0.9691,1,21.0386,1.3230168365984263,0.1676,A1,CC-stretch/CH-ip (7.7 um),3,7.647
1914,131,C40H18,0,40,18,0,2,6,6,4,1-A1,,,"12,13-o-phenylene-3,4;5,6;7,8-tribenzoterrylene",875.5,0.1329,882.0278,900.5797426996119,0.9794,0,13.106,1.1174701636201199,0.1044,B1,CH-oop (10.5-15 um; benzene nu11 at 673 included),2,-6.528
1915,131,C40H18,0,40,18,0,2,6,6,4,1-A1,,,"12,13-o-phenylene-3,4;5,6;7,8-tribenzoterrylene",1097.0,0.1146,1091.5975,1126.4033639459294,0.9691,1,2.7098,0.43293723843836746,0.0216,A1,ring / CH-ip (9-10.5 um),4,5.402
1916,131,C40H18,0,40,18,0,2,6,6,4,1-A1,,,"12,13-o-phenylene-3,4;5,6;7,8-tribenzoterrylene",1325.2,0.0978,1329.9401,1372.3455783716852,0.9691,1,3.7312,0.5718485287429013,0.0297,B2,CC-stretch/CH-ip (7.7 um),7,-4.74
1917,131,C40H18,0,40,18,0,2,6,6,4,1-A1,,,"12,13-o-phenylene-3,4;5,6;7,8-tribenzoterrylene",1384.8,0.0959,1388.3322,1432.599525332783,0.9691,1,3.4717,0.540542189438293,0.0277,A1,CC-stretch/CH-ip (7.7 um),5,-3.532
1918,131,C40H18,0,40,18,0,2,6,6,4,1-A1,,,"12,13-o-phenylene-3,4;5,6;7,8-tribenzoterrylene",1038.6,0.0866,1040.912,1062.8057994690628,0.9794,0,2.1713,0.33671983236434255,0.0173,A1,ring / CH-ip (9-10.5 um),3,-2.312
1919,131,C40H18,0,40,18,0,2,6,6,4,1-A1,,,"12,13-o-phenylene-3,4;5,6;7,8-tribenzoterrylene",1592.9,0.0844,1601.5968,1652.664121349706,0.9691,1,6.2188,0.7937065898906932,0.0495,A1,CC-stretch (6.2 um),4,-8.697
1920,131,C40H18,0,40,18,0,2,6,6,4,1-A1,,,"12,13-o-phenylene-3,4;5,6;7,8-tribenzoterrylene",1395.6,0.0716,1404.4205,1449.2008048704984,0.9691,1,19.0147,1.279089477821629,0.1515,B2,CC-stretch/CH-ip (7.7 um),4,-8.821
1921,131,C40H18,0,40,18,0,2,6,6,4,1-A1,,,"12,13-o-phenylene-3,4;5,6;7,8-tribenzoterrylene",1418.1,0.0655,1433.5342,1479.242802600351,0.9691,1,10.1522,1.0065601648432292,0.0809,B2,CC-stretch/CH-ip (7.7 um),3,-15.434
1922,131,C40H18,0,40,18,0,2,6,6,4,1-A1,,,"12,13-o-phenylene-3,4;5,6;7,8-tribenzoterrylene",1615.8,0.0611,1606.9946,1658.2340315756887,0.9691,1,10.8909,1.0370637703786543,0.0868,B2,CC-stretch (6.2 um),5,8.805
1923,131,C40H18,0,40,18,0,2,6,6,4,1-A1,,,"12,13-o-phenylene-3,4;5,6;7,8-tribenzoterrylene",1216.5,0.0549,1216.1156,1254.8917552368175,0.9691,1,2.7491,0.4391905378275703,0.0219,B2,CH-ip-bend (8.6 um),4,0.384
1924,131,C40H18,0,40,18,0,2,6,6,4,1-A1,,,"12,13-o-phenylene-3,4;5,6;7,8-tribenzoterrylene",648.2,0.0535,643.3106,656.8415356340616,0.9794,0,9.8527,0.9935552593726876,0.0785,B1,low / skeletal,4,4.889
1925,131,C40H18,0,40,18,0,2,6,6,4,1-A1,,,"12,13-o-phenylene-3,4;5,6;7,8-tribenzoterrylene",1540.2,0.0482,1530.2648,1579.0576823857186,0.9691,1,12.119,1.0834667854738873,0.0966,A1,CC-stretch (6.2 um),2,9.935
1926,131,C40H18,0,40,18,0,2,6,6,4,1-A1,,,"12,13-o-phenylene-3,4;5,6;7,8-tribenzoterrylene",1595.7,0.0466,1602.5632,1653.661335259519,0.9691,1,5.311,0.7251763014191371,0.0423,A1,CC-stretch (6.2 um),4,-6.863
1927,131,C40H18,0,40,18,0,2,6,6,4,1-A1,,,"12,13-o-phenylene-3,4;5,6;7,8-tribenzoterrylene",1366.1,0.0435,1364.7876,1408.3041997729854,0.9691,1,8.3988,0.9242172395610398,0.0669,A1,CC-stretch/CH-ip (7.7 um),7,1.312
1928,131,C40H18,0,40,18,0,2,6,6,4,1-A1,,,"12,13-o-phenylene-3,4;5,6;7,8-tribenzoterrylene",870.5,0.0405,849.2716,867.1345721870533,0.9794,0,71.642,1.8551677013651524,0.5708,B1,CH-oop (10.5-15 um; benzene nu11 at 673 included),2,21.228
1929,131,C40H18,0,40,18,0,2,6,6,4,1-A1,,,"12,13-o-phenylene-3,4;5,6;7,8-tribenzoterrylene",895.3,0.0353,916.3644,935.6385542168674,0.9794,0,4.5204,0.6551768662508926,0.036,B1,CH-oop (10.5-15 um; benzene nu11 at 673 included),2,-21.064
1930,131,C40H18,0,40,18,0,2,6,6,4,1-A1,,,"12,13-o-phenylene-3,4;5,6;7,8-tribenzoterrylene",1515.7,0.0346,1506.7938,1554.838303580642,0.9691,1,3.2636,0.5136969244574046,0.026,A1,CC-stretch (6.2 um),3,8.906
1931,131,C40H18,0,40,18,0,2,6,6,4,1-A1,,,"12,13-o-phenylene-3,4;5,6;7,8-tribenzoterrylene",518.8,0.0326,517.957,528.8513375536043,0.9794,0,6.3514,0.8028694647029267,0.0506,B2,low / skeletal,3,0.843
1932,131,C40H18,0,40,18,0,2,6,6,4,1-A1,,,"12,13-o-phenylene-3,4;5,6;7,8-tribenzoterrylene",641.6,0.0313,641.7684,655.266898100878,0.9794,0,6.7937,0.8321063651390722,0.0541,A1,low / skeletal,3,-0.168
1933,131,C40H18,0,40,18,0,2,6,6,4,1-A1,,,"12,13-o-phenylene-3,4;5,6;7,8-tribenzoterrylene",1034.3,0.0302,1051.2317,1073.3425566673473,0.9794,0,2.1555,0.3335480271899069,0.0172,A1,ring / CH-ip (9-10.5 um),2,-16.932
1934,131,C40H18,0,40,18,0,2,6,6,4,1-A1,,,"12,13-o-phenylene-3,4;5,6;7,8-tribenzoterrylene",1230.3,0.0299,1228.1441,1267.3037870188834,0.9691,1,4.1418,0.6171891237719495,0.033,A1,CH-ip-bend (8.6 um),3,2.156
1935,131,C40H18,0,40,18,0,2,6,6,4,1-A1,,,"12,13-o-phenylene-3,4;5,6;7,8-tribenzoterrylene",1261.1,0.029,1276.9632,1317.6794964399958,0.9691,1,3.9329,0.5947129039484409,0.0313,B2,CC-stretch/CH-ip (7.7 um),1,-15.863
1936,131,C40H18,0,40,18,0,2,6,6,4,1-A1,,,"12,13-o-phenylene-3,4;5,6;7,8-tribenzoterrylene",1629.7,0.029,1626.9162,1678.7908368589412,0.9691,1,1.5026,0.1768433845037388,0.012,B2,CC-stretch (6.2 um),5,2.784
1937,131,C40H18,0,40,18,0,2,6,6,4,1-A1,,,"12,13-o-phenylene-3,4;5,6;7,8-tribenzoterrylene",1605.3,0.029,1626.8351,1678.7071509648129,0.9691,1,4.0616,0.6086971503965487,0.0324,A1,CC-stretch (6.2 um),6,-21.535
1938,131,C40H18,0,40,18,0,2,6,6,4,1-A1,,,"12,13-o-phenylene-3,4;5,6;7,8-tribenzoterrylene",1152.3,0.0285,1152.598,1189.348880404499,0.9691,1,5.0552,0.7037383423559317,0.0403,B2,CH-ip-bend (8.6 um),5,-0.298
1939,131,C40H18,0,40,18,0,2,6,6,4,1-A1,,,"12,13-o-phenylene-3,4;5,6;7,8-tribenzoterrylene",1405.2,0.0274,1380.573,1424.5929212671551,0.9691,1,8.973,0.9529376677509807,0.0715,B2,CC-stretch/CH-ip (7.7 um),4,24.627
1940,131,C40H18,0,40,18,0,2,6,6,4,1-A1,,,"12,13-o-phenylene-3,4;5,6;7,8-tribenzoterrylene",568.6,0.0259,571.6842,583.7085971002655,0.9794,0,2.8171,0.4498022636266547,0.0224,B1,low / skeletal,2,-3.084
1941,131,C40H18,0,40,18,0,2,6,6,4,1-A1,,,"12,13-o-phenylene-3,4;5,6;7,8-tribenzoterrylene",768.9,0.0256,764.3583,780.4352664896875,0.9794,0,2.0672,0.3153824963149901,0.0165,B2,CH-oop (10.5-15 um; benzene nu11 at 673 included),4,4.542
1942,131,C40H18,0,40,18,0,2,6,6,4,1-A1,,,"12,13-o-phenylene-3,4;5,6;7,8-tribenzoterrylene",1375.4,0.0249,1373.6459,1417.44494892168,0.9691,1,5.6577,0.7526399152314731,0.0451,B2,CC-stretch/CH-ip (7.7 um),7,1.754
1943,131,C40H18,0,40,18,0,2,6,6,4,1-A1,,,"12,13-o-phenylene-3,4;5,6;7,8-tribenzoterrylene",1495.1,0.0244,1488.1265,1535.5757919719329,0.9691,1,3.9756,0.5994026819295848,0.0317,B2,CC-stretch/CH-ip (7.7 um),2,6.973
1944,131,C40H18,0,40,18,0,2,6,6,4,1-A1,,,"12,13-o-phenylene-3,4;5,6;7,8-tribenzoterrylene",1074.6,0.0241,1074.0951,1096.6868490912802,0.9794,0,4.5064,0.6538297382272944,0.0359,B2,ring / CH-ip (9-10.5 um),5,0.505
1945,131,C40H18,0,40,18,0,2,6,6,4,1-A1,,,"12,13-o-phenylene-3,4;5,6;7,8-tribenzoterrylene",578.4,0.0238,587.1812,599.5315499285276,0.9794,0,2.6649,0.425680916828624,0.0212,B2,low / skeletal,2,-8.781
1946,131,C40H18,0,40,18,0,2,6,6,4,1-A1,,,"12,13-o-phenylene-3,4;5,6;7,8-tribenzoterrylene",1164.4,0.0234,1169.452,1206.7402744814776,0.9691,1,1.1424,0.05781819443209921,0.0091,A1,CH-ip-bend (8.6 um),6,-5.052
1947,131,C40H18,0,40,18,0,2,6,6,4,1-A1,,,"12,13-o-phenylene-3,4;5,6;7,8-tribenzoterrylene",733.7,0.0211,752.6797,768.5110271594854,0.9794,0,56.5646,1.752544720332388,0.4507,B1,CH-oop (10.5-15 um; benzene nu11 at 673 included),2,-18.98
1948,131,C40H18,0,40,18,0,2,6,6,4,1-A1,,,"12,13-o-phenylene-3,4;5,6;7,8-tribenzoterrylene",531.9,0.0193,531.0983,542.269042270778,0.9794,0,2.1577,0.33399106156950664,0.0172,B1,low / skeletal,2,0.802
1949,131,C40H18,0,40,18,0,2,6,6,4,1-A1,,,"12,13-o-phenylene-3,4;5,6;7,8-tribenzoterrylene",1180.6,0.0178,1185.4911,1223.2907852646786,0.9691,1,1.9757,0.2957209998488352,0.0157,B2,CH-ip-bend (8.6 um),6,-4.891
1950,131,C40H18,0,40,18,0,2,6,6,4,1-A1,,,"12,13-o-phenylene-3,4;5,6;7,8-tribenzoterrylene",1283.1,0.0177,1300.9004,1342.379940150655,0.9691,1,2.0526,0.31230432456870616,0.0164,A1,CC-stretch/CH-ip (7.7 um),3,-17.8
1951,131,C40H18,0,40,18,0,2,6,6,4,1-A1,,,"12,13-o-phenylene-3,4;5,6;7,8-tribenzoterrylene",969.6,0.0136,943.4974,963.3422503573616,0.9794,0,1.0486,0.020609853377704487,0.0084,B1,CH-oop (10.5-15 um; benzene nu11 at 673 included),1,26.103
1952,131,C40H18,0,40,18,0,2,6,6,4,1-A1,,,"12,13-o-phenylene-3,4;5,6;7,8-tribenzoterrylene",847.7,0.0115,823.3969,840.7156422299366,0.9794,0,1.0626,0.02636981157371838,0.0085,A1,CH-oop (10.5-15 um; benzene nu11 at 673 included),2,24.303
1953,131,C40H18,0,40,18,0,2,6,6,4,1-A1,,,"12,13-o-phenylene-3,4;5,6;7,8-tribenzoterrylene",1047.5,0.0111,1067.4681,1089.920461507045,0.9794,0,3.1626,0.500044266598601,0.0252,A1,ring / CH-ip (9-10.5 um),4,-19.968
1954,131,C40H18,0,40,18,0,2,6,6,4,1-A1,,,"12,13-o-phenylene-3,4;5,6;7,8-tribenzoterrylene",940.0,0.0109,932.787,952.4065754543598,0.9794,0,3.0351,0.4821730047136583,0.0242,B2,CH-oop (10.5-15 um; benzene nu11 at 673 included),3,7.213
1955,131,C40H18,0,40,18,0,2,6,6,4,1-A1,,,"12,13-o-phenylene-3,4;5,6;7,8-tribenzoterrylene",1190.8,0.0108,1199.2635,1237.5023217418225,0.9691,1,2.8382,0.45304299571481577,0.0226,B2,CH-ip-bend (8.6 um),6,-8.464
1956,131,C40H18,0,40,18,0,2,6,6,4,1-A1,,,"12,13-o-phenylene-3,4;5,6;7,8-tribenzoterrylene",621.4,0.0101,622.4506,635.5427812946701,0.9794,0,1.7094,0.23284369962312051,0.0136,A1,low / skeletal,3,-1.051
1957,131,C40H18,0,40,18,0,2,6,6,4,1-A1,,,"12,13-o-phenylene-3,4;5,6;7,8-tribenzoterrylene",1126.6,0.0099,1148.4272,1185.0450933856157,0.9691,1,1.0274,0.011739561388318437,0.0082,B2,CH-ip-bend (8.6 um),3,-21.827
1958,131,C40H18,0,40,18,0,2,6,6,4,1-A1,,,"12,13-o-phenylene-3,4;5,6;7,8-tribenzoterrylene",688.1,0.0096,675.5496,689.758627731264,0.9794,0,1.7402,0.2405991643198828,0.0139,B1,CH-oop (10.5-15 um; benzene nu11 at 673 included),1,12.55
1959,131,C40H18,0,40,18,0,2,6,6,4,1-A1,,,"12,13-o-phenylene-3,4;5,6;7,8-tribenzoterrylene",1352.1,0.0095,1350.9018,1393.975647507997,0.9691,1,1.0208,0.008940661377087074,0.0081,B2,CC-stretch/CH-ip (7.7 um),7,1.198
1960,131,C40H18,0,40,18,0,2,6,6,4,1-A1,,,"12,13-o-phenylene-3,4;5,6;7,8-tribenzoterrylene",1309.7,0.0084,1311.68,1353.5032504385513,0.9691,1,7.1415,0.8537894405301919,0.0569,A1,CC-stretch/CH-ip (7.7 um),5,-1.98
1961,131,C40H18,0,40,18,0,2,6,6,4,1-A1,,,"12,13-o-phenylene-3,4;5,6;7,8-tribenzoterrylene",1528.8,0.0083,1557.8896,1607.563306160355,0.9691,1,1.3123,0.11803312882856692,0.0105,B2,CC-stretch (6.2 um),3,-29.09
1962,131,C40H18,0,40,18,0,2,6,6,4,1-A1,,,"12,13-o-phenylene-3,4;5,6;7,8-tribenzoterrylene",1563.7,0.0081,1582.3776,1632.8321122691157,0.9691,1,4.4056,0.6440050634732261,0.0351,B2,CC-stretch (6.2 um),2,-18.678
1963,131,C40H18,0,40,18,0,2,6,6,4,1-A1,,,"12,13-o-phenylene-3,4;5,6;7,8-tribenzoterrylene",1207.9,0.0074,1209.7425,1248.3154473222578,0.9691,1,3.3095,0.5197623854242225,0.0264,A1,CH-ip-bend (8.6 um),5,-1.842
1964,131,C40H18,0,40,18,0,2,6,6,4,1-A1,,,"12,13-o-phenylene-3,4;5,6;7,8-tribenzoterrylene",493.8,0.0069,489.4713,499.76648968756376,0.9794,0,1.559,0.19284611518884168,0.0124,B2,low / skeletal,2,4.329
1965,131,C40H18,0,40,18,0,2,6,6,4,1-A1,,,"12,13-o-phenylene-3,4;5,6;7,8-tribenzoterrylene",1172.3,0.0058,1174.6756,1212.1304302961512,0.9691,1,2.6139,0.4172889687537374,0.0208,A1,CH-ip-bend (8.6 um),7,-2.376
1966,131,C40H18,0,40,18,0,2,6,6,4,1-A1,,,"12,13-o-phenylene-3,4;5,6;7,8-tribenzoterrylene",1135.2,0.0057,1150.1679,1186.8412960478795,0.9691,1,1.6428,0.21558469418161483,0.0131,A1,CH-ip-bend (8.6 um),3,-14.968
1967,131,C40H18,0,40,18,0,2,6,6,4,1-A1,,,"12,13-o-phenylene-3,4;5,6;7,8-tribenzoterrylene",1106.7,0.0049,1089.6748,1124.419358167372,0.9691,1,2.1452,0.33146778829103046,0.0171,B2,ring / CH-ip (9-10.5 um),2,17.025
1968,131,C40H18,0,40,18,0,2,6,6,4,1-A1,,,"12,13-o-phenylene-3,4;5,6;7,8-tribenzoterrylene",1303.0,0.0035,1313.3885,1355.266226395625,0.9691,1,3.7138,0.5698185118875653,0.0296,B2,CC-stretch/CH-ip (7.7 um),5,-10.389
1969,533,C40H22,0,40,22,0,8,0,6,8,1-A1,,10.1016/j.saa.2014.04.017,dianthraceno-pyrene or dibenzo-octacene,3061.5,1.0,3062.8032,3191.4173179118475,0.9597,2,30.3346,1.4819382725967607,0.2614,B2,CH-stretch,10,-1.303
1970,533,C40H22,0,40,22,0,8,0,6,8,1-A1,,10.1016/j.saa.2014.04.017,dianthraceno-pyrene or dibenzo-octacene,896.9,0.8886,887.5385,906.2063508270368,0.9794,0,112.2182,2.050063298262137,0.9672,A1,CH-oop (10.5-15 um; benzene nu11 at 673 included),3,9.361
1971,533,C40H22,0,40,22,0,8,0,6,8,1-A1,,10.1016/j.saa.2014.04.017,dianthraceno-pyrene or dibenzo-octacene,737.5,0.8584,738.8549,754.3954461915458,0.9794,0,1.8851,0.27533439342576727,0.0162,B2,CH-oop (10.5-15 um; benzene nu11 at 673 included),5,-1.355
1972,533,C40H22,0,40,22,0,8,0,6,8,1-A1,,10.1016/j.saa.2014.04.017,dianthraceno-pyrene or dibenzo-octacene,1436.9,0.8266,1435.2013,1480.963058507894,0.9691,1,87.0581,1.9398091846624097,0.7503,B1,CC-stretch/CH-ip (7.7 um),3,1.699
1973,533,C40H22,0,40,22,0,8,0,6,8,1-A1,,10.1016/j.saa.2014.04.017,dianthraceno-pyrene or dibenzo-octacene,1409.1,0.4788,1404.2313,1449.0055721803735,0.9691,1,18.4259,1.2654287098547143,0.1588,B2,CC-stretch/CH-ip (7.7 um),3,4.869
1974,533,C40H22,0,40,22,0,8,0,6,8,1-A1,,10.1016/j.saa.2014.04.017,dianthraceno-pyrene or dibenzo-octacene,3031.1,0.3882,3045.0349,3172.9028863186413,0.9597,2,24.3383,1.386290240023737,0.2098,B2,CH-stretch,4,-13.935
1975,533,C40H22,0,40,22,0,8,0,6,8,1-A1,,10.1016/j.saa.2014.04.017,dianthraceno-pyrene or dibenzo-octacene,1285.5,0.3696,1285.6362,1326.6290372510578,0.9691,1,2.0245,0.30631778110443225,0.0174,B1,CC-stretch/CH-ip (7.7 um),4,-0.136
1976,533,C40H22,0,40,22,0,8,0,6,8,1-A1,,10.1016/j.saa.2014.04.017,dianthraceno-pyrene or dibenzo-octacene,3094.7,0.3187,3100.3017,3230.4904657705533,0.9597,2,13.3727,1.1262191018556584,0.1153,B1,CH-stretch,7,-5.602
1977,533,C40H22,0,40,22,0,8,0,6,8,1-A1,,10.1016/j.saa.2014.04.017,dianthraceno-pyrene or dibenzo-octacene,1571.1,0.3085,1569.173,1619.2064802393977,0.9691,1,39.1178,1.5923744219149745,0.3371,B1,CC-stretch (6.2 um),3,1.927
1978,533,C40H22,0,40,22,0,8,0,6,8,1-A1,,10.1016/j.saa.2014.04.017,dianthraceno-pyrene or dibenzo-octacene,514.6,0.3072,515.797,526.6459056565244,0.9794,0,43.3098,1.6365861782092481,0.3733,B1,low / skeletal,1,-1.197
1979,533,C40H22,0,40,22,0,8,0,6,8,1-A1,,10.1016/j.saa.2014.04.017,dianthraceno-pyrene or dibenzo-octacene,794.0,0.2919,787.8287,804.3993261180315,0.9794,0,39.1115,1.5923044722863338,0.3371,A1,CH-oop (10.5-15 um; benzene nu11 at 673 included),2,6.171
1980,533,C40H22,0,40,22,0,8,0,6,8,1-A1,,10.1016/j.saa.2014.04.017,dianthraceno-pyrene or dibenzo-octacene,706.3,0.2071,706.1368,720.9891770471717,0.9794,0,11.0041,1.0415545283962042,0.0948,A1,CH-oop (10.5-15 um; benzene nu11 at 673 included),1,0.163
1981,533,C40H22,0,40,22,0,8,0,6,8,1-A1,,10.1016/j.saa.2014.04.017,dianthraceno-pyrene or dibenzo-octacene,468.3,0.147,472.9039,482.85062283030425,0.9794,0,15.182,1.1813289870897339,0.1308,A1,low / skeletal,2,-4.604
1982,533,C40H22,0,40,22,0,8,0,6,8,1-A1,,10.1016/j.saa.2014.04.017,dianthraceno-pyrene or dibenzo-octacene,1133.6,0.1435,1145.5911,1182.118563615726,0.9691,1,7.0676,0.8492719620700744,0.0609,B1,CH-ip-bend (8.6 um),2,-11.991
1983,533,C40H22,0,40,22,0,8,0,6,8,1-A1,,10.1016/j.saa.2014.04.017,dianthraceno-pyrene or dibenzo-octacene,1612.3,0.1152,1620.8668,1672.5485502012175,0.9691,1,1.7033,0.2312911464183494,0.0147,B2,CC-stretch (6.2 um),4,-8.567
1984,533,C40H22,0,40,22,0,8,0,6,8,1-A1,,10.1016/j.saa.2014.04.017,dianthraceno-pyrene or dibenzo-octacene,1000.4,0.0906,997.7699,1018.756279354707,0.9794,0,1.8113,0.25799038711933064,0.0156,B2,ring / CH-ip (9-10.5 um),2,2.63
1985,533,C40H22,0,40,22,0,8,0,6,8,1-A1,,10.1016/j.saa.2014.04.017,dianthraceno-pyrene or dibenzo-octacene,1120.1,0.0885,1116.5836,1152.1861520998864,0.9691,1,8.5544,0.9321895538154864,0.0737,B2,CH-ip-bend (8.6 um),2,3.516
1986,533,C40H22,0,40,22,0,8,0,6,8,1-A1,,10.1016/j.saa.2014.04.017,dianthraceno-pyrene or dibenzo-octacene,1599.7,0.0866,1596.3571,1647.2573521824372,0.9691,1,3.4588,0.538925450303585,0.0298,B2,CC-stretch (6.2 um),3,3.343
1987,533,C40H22,0,40,22,0,8,0,6,8,1-A1,,10.1016/j.saa.2014.04.017,dianthraceno-pyrene or dibenzo-octacene,781.5,0.0855,780.311,796.7235041862365,0.9794,0,18.9284,1.2771139050077152,0.1631,B1,CH-oop (10.5-15 um; benzene nu11 at 673 included),4,1.189
1988,533,C40H22,0,40,22,0,8,0,6,8,1-A1,,10.1016/j.saa.2014.04.017,dianthraceno-pyrene or dibenzo-octacene,1423.5,0.0784,1394.158,1438.6110824476318,0.9691,1,13.0007,1.113966736764748,0.112,B1,CC-stretch/CH-ip (7.7 um),3,29.342
1989,533,C40H22,0,40,22,0,8,0,6,8,1-A1,,10.1016/j.saa.2014.04.017,dianthraceno-pyrene or dibenzo-octacene,1310.2,0.078,1305.7868,1347.4221442575588,0.9691,1,2.3002,0.3617655991132997,0.0198,B1,CC-stretch/CH-ip (7.7 um),2,4.413
1990,533,C40H22,0,40,22,0,8,0,6,8,1-A1,,10.1016/j.saa.2014.04.017,dianthraceno-pyrene or dibenzo-octacene,1634.7,0.0713,1634.2911,1686.4008874213189,0.9691,1,8.8443,0.946663465491349,0.0762,B2,CC-stretch (6.2 um),2,0.409
1991,533,C40H22,0,40,22,0,8,0,6,8,1-A1,,10.1016/j.saa.2014.04.017,dianthraceno-pyrene or dibenzo-octacene,460.3,0.0706,463.1948,472.93730855625887,0.9794,0,2.4311,0.38580282332501914,0.021,A1,low / skeletal,2,-2.895
1992,533,C40H22,0,40,22,0,8,0,6,8,1-A1,,10.1016/j.saa.2014.04.017,dianthraceno-pyrene or dibenzo-octacene,847.5,0.0699,844.7409,862.5085766795997,0.9794,0,2.8877,0.4605520728615581,0.0249,A1,CH-oop (10.5-15 um; benzene nu11 at 673 included),2,2.759
1993,533,C40H22,0,40,22,0,8,0,6,8,1-A1,,10.1016/j.saa.2014.04.017,dianthraceno-pyrene or dibenzo-octacene,1528.6,0.0571,1532.6526,1581.5216179960787,0.9691,1,4.8528,0.6859923929665883,0.0418,B1,CC-stretch (6.2 um),1,-4.053
1994,533,C40H22,0,40,22,0,8,0,6,8,1-A1,,10.1016/j.saa.2014.04.017,dianthraceno-pyrene or dibenzo-octacene,1168.4,0.0535,1165.7408,1202.910741925498,0.9691,1,4.0573,0.6082371209721694,0.035,B1,CH-ip-bend (8.6 um),3,2.659
1995,533,C40H22,0,40,22,0,8,0,6,8,1-A1,,10.1016/j.saa.2014.04.017,dianthraceno-pyrene or dibenzo-octacene,953.1,0.0534,941.3372,961.1366142536248,0.9794,0,8.2162,0.9146710023807513,0.0708,A1,CH-oop (10.5-15 um; benzene nu11 at 673 included),2,11.763
1996,533,C40H22,0,40,22,0,8,0,6,8,1-A1,,10.1016/j.saa.2014.04.017,dianthraceno-pyrene or dibenzo-octacene,1593.6,0.0437,1582.689,1633.153441337323,0.9691,1,2.578,0.4112829130173842,0.0222,B2,CC-stretch (6.2 um),4,10.911
1997,533,C40H22,0,40,22,0,8,0,6,8,1-A1,,10.1016/j.saa.2014.04.017,dianthraceno-pyrene or dibenzo-octacene,763.6,0.0427,758.0553,773.9996936900143,0.9794,0,4.5346,0.656538983688415,0.0391,B1,CH-oop (10.5-15 um; benzene nu11 at 673 included),7,5.545
1998,533,C40H22,0,40,22,0,8,0,6,8,1-A1,,10.1016/j.saa.2014.04.017,dianthraceno-pyrene or dibenzo-octacene,1190.0,0.0403,1188.0607,1225.9423176142814,0.9691,1,4.4919,0.6524300793054473,0.0387,B2,CH-ip-bend (8.6 um),2,1.939
1999,533,C40H22,0,40,22,0,8,0,6,8,1-A1,,10.1016/j.saa.2014.04.017,dianthraceno-pyrene or dibenzo-octacene,1344.5,0.0388,1348.996,1392.0090805902385,0.9691,1,5.1767,0.7140529974872197,0.0446,B1,CC-stretch/CH-ip (7.7 um),1,-4.496
2000,533,C40H22,0,40,22,0,8,0,6,8,1-A1,,10.1016/j.saa.2014.04.017,dianthraceno-pyrene or dibenzo-octacene,949.1,0.0293,941.3162,961.1151725546252,0.9794,0,2.1937,0.3411772352473648,0.0189,B2,CH-oop (10.5-15 um; benzene nu11 at 673 included),2,7.784
2001,533,C40H22,0,40,22,0,8,0,6,8,1-A1,,10.1016/j.saa.2014.04.017,dianthraceno-pyrene or dibenzo-octacene,1238.2,0.0287,1243.0598,1282.6950779073368,0.9691,1,4.015,0.6036855496146997,0.0346,B1,CH-ip-bend (8.6 um),3,-4.86
2002,533,C40H22,0,40,22,0,8,0,6,8,1-A1,,10.1016/j.saa.2014.04.017,dianthraceno-pyrene or dibenzo-octacene,631.9,0.0209,635.3923,648.7566877680212,0.9794,0,3.0894,0.4898741422108783,0.0266,B1,low / skeletal,1,-3.492
2003,533,C40H22,0,40,22,0,8,0,6,8,1-A1,,10.1016/j.saa.2014.04.017,dianthraceno-pyrene or dibenzo-octacene,879.2,0.0206,885.8385,904.4705942413722,0.9794,0,6.4803,0.8115951116311998,0.0559,B1,CH-oop (10.5-15 um; benzene nu11 at 673 included),3,-6.638
2004,533,C40H22,0,40,22,0,8,0,6,8,1-A1,,10.1016/j.saa.2014.04.017,dianthraceno-pyrene or dibenzo-octacene,1465.8,0.0171,1471.036,1517.9403570322982,0.9691,1,1.8869,0.2757488844791949,0.0163,B1,CC-stretch/CH-ip (7.7 um),3,-5.236
2005,533,C40H22,0,40,22,0,8,0,6,8,1-A1,,10.1016/j.saa.2014.04.017,dianthraceno-pyrene or dibenzo-octacene,1249.5,0.0146,1243.0798,1282.715715612424,0.9691,1,3.8234,0.5824497358179713,0.033,B2,CH-ip-bend (8.6 um),4,6.42
2006,533,C40H22,0,40,22,0,8,0,6,8,1-A1,,10.1016/j.saa.2014.04.017,dianthraceno-pyrene or dibenzo-octacene,1107.9,0.0145,1084.7999,1119.3890207408936,0.9691,1,3.6339,0.5603729719412658,0.0313,B1,ring / CH-ip (9-10.5 um),2,23.1
2007,533,C40H22,0,40,22,0,8,0,6,8,1-A1,,10.1016/j.saa.2014.04.017,dianthraceno-pyrene or dibenzo-octacene,1026.8,0.013,1014.4473,1035.7844598733918,0.9794,0,4.2522,0.6286136831451602,0.0366,B1,ring / CH-ip (9-10.5 um),2,12.353
2008,533,C40H22,0,40,22,0,8,0,6,8,1-A1,,10.1016/j.saa.2014.04.017,dianthraceno-pyrene or dibenzo-octacene,917.1,0.0107,907.5102,926.5981212987544,0.9794,0,1.4014,0.14656211315755666,0.0121,B2,CH-oop (10.5-15 um; benzene nu11 at 673 included),4,9.59
2009,533,C40H22,0,40,22,0,8,0,6,8,1-A1,,10.1016/j.saa.2014.04.017,dianthraceno-pyrene or dibenzo-octacene,769.1,0.0093,755.0316,770.9123953440882,0.9794,0,2.1941,0.3412564174312576,0.0189,B2,CH-oop (10.5-15 um; benzene nu11 at 673 included),6,14.068
2010,540,C40H22+,1,40,22,0,8,0,6,8,2-B2,,10.1016/j.saa.2014.04.017,"dibenzo[jk, a1b1]octacene or dianthraceno-pyrene",530.7,0.6607,508.2677,518.9582397386155,0.9794,0,364.6844,2.5619171860206045,0.0731,B1,low / skeletal,1,22.432
2011,540,C40H22+,1,40,22,0,8,0,6,8,2-B2,,10.1016/j.saa.2014.04.017,"dibenzo[jk, a1b1]octacene or dianthraceno-pyrene",612.6,0.2199,611.2845,624.1418215233816,0.9794,0,33.2134,1.5213133358711133,0.0067,B1,low / skeletal,3,1.316
2012,540,C40H22+,1,40,22,0,8,0,6,8,2-B2,,10.1016/j.saa.2014.04.017,"dibenzo[jk, a1b1]octacene or dianthraceno-pyrene",720.1,0.1983,712.0119,726.9878497039002,0.9794,0,14.7048,1.16745912204356,0.0029,A1,CH-oop (10.5-15 um; benzene nu11 at 673 included),3,8.088
2013,540,C40H22+,1,40,22,0,8,0,6,8,2-B2,,10.1016/j.saa.2014.04.017,"dibenzo[jk, a1b1]octacene or dianthraceno-pyrene",734.7,0.1519,749.6906,765.459056565244,0.9794,0,1.8295,0.2623324138226263,0.0004,B1,CH-oop (10.5-15 um; benzene nu11 at 673 included),5,-14.991
2014,540,C40H22+,1,40,22,0,8,0,6,8,2-B2,,10.1016/j.saa.2014.04.017,"dibenzo[jk, a1b1]octacene or dianthraceno-pyrene",626.6,0.1374,628.2284,641.4421074127016,0.9794,0,36.6363,1.5639116066245684,0.0073,B1,low / skeletal,3,-1.628
2015,540,C40H22+,1,40,22,0,8,0,6,8,2-B2,,10.1016/j.saa.2014.04.017,"dibenzo[jk, a1b1]octacene or dianthraceno-pyrene",1184.8,0.1293,1180.535,1218.1766587555464,0.9691,1,1.5935,0.20235206780975146,0.0003,A1,CH-ip-bend (8.6 um),4,4.265
2016,540,C40H22+,1,40,22,0,8,0,6,8,2-B2,,10.1016/j.saa.2014.04.017,"dibenzo[jk, a1b1]octacene or dianthraceno-pyrene",785.5,0.1266,779.4249,795.8187665917908,0.9794,0,175.1657,2.24344906896054,0.0351,B1,CH-oop (10.5-15 um; benzene nu11 at 673 included),4,6.075
2017,540,C40H22+,1,40,22,0,8,0,6,8,2-B2,,10.1016/j.saa.2014.04.017,"dibenzo[jk, a1b1]octacene or dianthraceno-pyrene",928.8,0.0888,909.1521,928.2745558505208,0.9794,0,12.0382,1.080561554321455,0.0024,B1,CH-oop (10.5-15 um; benzene nu11 at 673 included),4,19.648
2018,540,C40H22+,1,40,22,0,8,0,6,8,2-B2,,10.1016/j.saa.2014.04.017,"dibenzo[jk, a1b1]octacene or dianthraceno-pyrene",931.5,0.0888,907.2263,926.3082499489484,0.9794,0,96.761,1.9857003480345892,0.0194,A1,CH-oop (10.5-15 um; benzene nu11 at 673 included),4,24.274
2019,540,C40H22+,1,40,22,0,8,0,6,8,2-B2,,10.1016/j.saa.2014.04.017,"dibenzo[jk, a1b1]octacene or dianthraceno-pyrene",1221.6,0.0866,1240.9368,1280.504385512331,0.9691,1,4189.8644,3.6221999677670844,0.8401,B1,CH-ip-bend (8.6 um),3,-19.337
2020,540,C40H22+,1,40,22,0,8,0,6,8,2-B2,,10.1016/j.saa.2014.04.017,"dibenzo[jk, a1b1]octacene or dianthraceno-pyrene",1611.0,0.0847,1611.1818,1662.554741512744,0.9691,1,44.7689,1.6509764236262632,0.009,B2,CC-stretch (6.2 um),3,-0.182
2021,540,C40H22+,1,40,22,0,8,0,6,8,2-B2,,10.1016/j.saa.2014.04.017,"dibenzo[jk, a1b1]octacene or dianthraceno-pyrene",1313.3,0.0751,1315.8288,1357.784335981839,0.9691,1,236.2451,2.3733628094986328,0.0474,B1,CC-stretch/CH-ip (7.7 um),4,-2.529
2022,540,C40H22+,1,40,22,0,8,0,6,8,2-B2,,10.1016/j.saa.2014.04.017,"dibenzo[jk, a1b1]octacene or dianthraceno-pyrene",1328.7,0.0726,1348.7641,1391.7697863997523,0.9691,1,2.4844,0.3952215205735131,0.0005,A1,CC-stretch/CH-ip (7.7 um),4,-20.064
2023,540,C40H22+,1,40,22,0,8,0,6,8,2-B2,,10.1016/j.saa.2014.04.017,"dibenzo[jk, a1b1]octacene or dianthraceno-pyrene",1367.8,0.0534,1367.1631,1410.7554431947167,0.9691,1,4497.2741,3.6529493577680276,0.9017,B1,CC-stretch/CH-ip (7.7 um),5,0.637
2024,540,C40H22+,1,40,22,0,8,0,6,8,2-B2,,10.1016/j.saa.2014.04.017,"dibenzo[jk, a1b1]octacene or dianthraceno-pyrene",1285.3,0.0532,1283.6367,1324.5657826849656,0.9691,1,88.7051,1.9479485898225364,0.0178,B1,CC-stretch/CH-ip (7.7 um),4,1.663
2025,540,C40H22+,1,40,22,0,8,0,6,8,2-B2,,10.1016/j.saa.2014.04.017,"dibenzo[jk, a1b1]octacene or dianthraceno-pyrene",1441.9,0.051,1436.0076,1481.795067588484,0.9691,1,22.3407,1.3490967767193653,0.0045,B1,CC-stretch/CH-ip (7.7 um),3,5.892
2026,540,C40H22+,1,40,22,0,8,0,6,8,2-B2,,10.1016/j.saa.2014.04.017,"dibenzo[jk, a1b1]octacene or dianthraceno-pyrene",764.1,0.0505,762.0513,778.079742699612,0.9794,0,2.4351,0.3865168006867679,0.0005,B2,CH-oop (10.5-15 um; benzene nu11 at 673 included),5,2.049
2027,540,C40H22+,1,40,22,0,8,0,6,8,2-B2,,10.1016/j.saa.2014.04.017,"dibenzo[jk, a1b1]octacene or dianthraceno-pyrene",1260.7,0.0468,1274.6183,1315.259828707048,0.9691,1,24.2864,1.3853631436233338,0.0049,B2,CC-stretch/CH-ip (7.7 um),4,-13.918
2028,540,C40H22+,1,40,22,0,8,0,6,8,2-B2,,10.1016/j.saa.2014.04.017,"dibenzo[jk, a1b1]octacene or dianthraceno-pyrene",1200.7,0.0468,1192.9539,1230.9915385409142,0.9691,1,196.6751,2.2937493796594586,0.0394,B1,CH-ip-bend (8.6 um),4,7.746
2029,540,C40H22+,1,40,22,0,8,0,6,8,2-B2,,10.1016/j.saa.2014.04.017,"dibenzo[jk, a1b1]octacene or dianthraceno-pyrene",1470.2,0.0446,1475.3077,1522.3482612733465,0.9691,1,910.9032,2.9594722277528995,0.1826,B1,CC-stretch/CH-ip (7.7 um),3,-5.108
2030,540,C40H22+,1,40,22,0,8,0,6,8,2-B2,,10.1016/j.saa.2014.04.017,"dibenzo[jk, a1b1]octacene or dianthraceno-pyrene",1272.9,0.0426,1298.4331,1339.8339696625735,0.9691,1,1.2773,0.10629291217565746,0.0003,B2,CC-stretch/CH-ip (7.7 um),5,-25.533
2031,540,C40H22+,1,40,22,0,8,0,6,8,2-B2,,10.1016/j.saa.2014.04.017,"dibenzo[jk, a1b1]octacene or dianthraceno-pyrene",1163.5,0.0422,1173.7343,1211.1591167062224,0.9691,1,31.6664,1.5005986933370967,0.0063,B1,CH-ip-bend (8.6 um),5,-10.234
2032,540,C40H22+,1,40,22,0,8,0,6,8,2-B2,,10.1016/j.saa.2014.04.017,"dibenzo[jk, a1b1]octacene or dianthraceno-pyrene",797.2,0.0379,797.4527,814.225750459465,0.9794,0,45.7295,1.660196452891111,0.0092,A1,CH-oop (10.5-15 um; benzene nu11 at 673 included),2,-0.253
2033,540,C40H22+,1,40,22,0,8,0,6,8,2-B2,,10.1016/j.saa.2014.04.017,"dibenzo[jk, a1b1]octacene or dianthraceno-pyrene",1152.0,0.0374,1152.1481,1188.8846352285627,0.9691,1,1367.6976,3.135990084833688,0.2742,B1,CH-ip-bend (8.6 um),3,-0.148
2034,540,C40H22+,1,40,22,0,8,0,6,8,2-B2,,10.1016/j.saa.2014.04.017,"dibenzo[jk, a1b1]octacene or dianthraceno-pyrene",1047.1,0.0365,1026.0816,1047.663467429038,0.9794,0,47.4625,1.6763506101478536,0.0095,B1,ring / CH-ip (9-10.5 um),1,21.018
2035,540,C40H22+,1,40,22,0,8,0,6,8,2-B2,,10.1016/j.saa.2014.04.017,"dibenzo[jk, a1b1]octacene or dianthraceno-pyrene",1174.2,0.0355,1189.149,1227.065318336601,0.9691,1,3.5089,0.545170991450792,0.0007,B2,CH-ip-bend (8.6 um),5,-14.949
2036,540,C40H22+,1,40,22,0,8,0,6,8,2-B2,,10.1016/j.saa.2014.04.017,"dibenzo[jk, a1b1]octacene or dianthraceno-pyrene",919.8,0.0346,906.7021,925.7730243005922,0.9794,0,1.0338,0.014436527831672145,0.0002,B2,CH-oop (10.5-15 um; benzene nu11 at 673 included),4,13.098
2037,540,C40H22+,1,40,22,0,8,0,6,8,2-B2,,10.1016/j.saa.2014.04.017,"dibenzo[jk, a1b1]octacene or dianthraceno-pyrene",919.8,0.0346,894.4736,913.2873187665916,0.9794,0,9.5272,0.9789652822517766,0.0019,B1,CH-oop (10.5-15 um; benzene nu11 at 673 included),4,25.326
2038,540,C40H22+,1,40,22,0,8,0,6,8,2-B2,,10.1016/j.saa.2014.04.017,"dibenzo[jk, a1b1]octacene or dianthraceno-pyrene",1360.7,0.0324,1358.3014,1401.6111856361574,0.9691,1,4987.4569,3.6978791556776525,1.0,B1,CC-stretch/CH-ip (7.7 um),5,2.399
2039,540,C40H22+,1,40,22,0,8,0,6,8,2-B2,,10.1016/j.saa.2014.04.017,"dibenzo[jk, a1b1]octacene or dianthraceno-pyrene",1420.8,0.0301,1399.7528,1444.3842740687237,0.9691,1,12.336,1.0911743607068818,0.0025,B2,CC-stretch/CH-ip (7.7 um),2,21.047
2040,540,C40H22+,1,40,22,0,8,0,6,8,2-B2,,10.1016/j.saa.2014.04.017,"dibenzo[jk, a1b1]octacene or dianthraceno-pyrene",588.4,0.0271,604.2721,616.9819277108434,0.9794,0,151.425,2.1801975823353392,0.0304,B1,low / skeletal,2,-15.872
2041,540,C40H22+,1,40,22,0,8,0,6,8,2-B2,,10.1016/j.saa.2014.04.017,"dibenzo[jk, a1b1]octacene or dianthraceno-pyrene",1590.0,0.0221,1595.8924,1646.7778351047364,0.9691,1,3.8564,0.5861820741890725,0.0008,A1,CC-stretch (6.2 um),6,-5.892
2042,540,C40H22+,1,40,22,0,8,0,6,8,2-B2,,10.1016/j.saa.2014.04.017,"dibenzo[jk, a1b1]octacene or dianthraceno-pyrene",1066.1,0.0176,1086.9431,1121.6005572180377,0.9691,1,60.7424,1.7834919473808133,0.0122,B1,ring / CH-ip (9-10.5 um),1,-20.843
2043,540,C40H22+,1,40,22,0,8,0,6,8,2-B2,,10.1016/j.saa.2014.04.017,"dibenzo[jk, a1b1]octacene or dianthraceno-pyrene",1529.6,0.0151,1536.0848,1585.0632545660924,0.9691,1,2999.3916,3.477033170866728,0.6014,B1,CC-stretch (6.2 um),3,-6.485
2044,540,C40H22+,1,40,22,0,8,0,6,8,2-B2,,10.1016/j.saa.2014.04.017,"dibenzo[jk, a1b1]octacene or dianthraceno-pyrene",902.6,0.014,880.1755,898.6884827445375,0.9794,0,2.4372,0.38689116945243157,0.0005,B1,CH-oop (10.5-15 um; benzene nu11 at 673 included),5,22.424
2045,540,C40H22+,1,40,22,0,8,0,6,8,2-B2,,10.1016/j.saa.2014.04.017,"dibenzo[jk, a1b1]octacene or dianthraceno-pyrene",1493.3,0.0135,1512.9408,1561.1813022391912,0.9691,1,3344.7628,3.5243653244046618,0.6706,B1,CC-stretch (6.2 um),2,-19.641
2046,540,C40H22+,1,40,22,0,8,0,6,8,2-B2,,10.1016/j.saa.2014.04.017,"dibenzo[jk, a1b1]octacene or dianthraceno-pyrene",884.9,0.0133,855.0322,873.0163365325709,0.9794,0,2.7079,0.43263262225458265,0.0005,A1,CH-oop (10.5-15 um; benzene nu11 at 673 included),6,29.868
2047,540,C40H22+,1,40,22,0,8,0,6,8,2-B2,,10.1016/j.saa.2014.04.017,"dibenzo[jk, a1b1]octacene or dianthraceno-pyrene",1556.1,0.0111,1560.9438,1610.7148901042206,0.9691,1,102.2658,2.0097304200799746,0.0205,B1,CC-stretch (6.2 um),5,-4.844
2048,540,C40H22+,1,40,22,0,8,0,6,8,2-B2,,10.1016/j.saa.2014.04.017,"dibenzo[jk, a1b1]octacene or dianthraceno-pyrene",1231.9,0.011,1242.9017,1282.5319368486223,0.9691,1,7.7901,0.8915430326622231,0.0016,B2,CH-ip-bend (8.6 um),2,-11.002
2049,540,C40H22+,1,40,22,0,8,0,6,8,2-B2,,10.1016/j.saa.2014.04.017,"dibenzo[jk, a1b1]octacene or dianthraceno-pyrene",1593.9,0.0085,1597.1391,1648.0642864513468,0.9691,1,19.6051,1.292369061853641,0.0039,B2,CC-stretch (6.2 um),4,-3.239
2050,540,C40H22+,1,40,22,0,8,0,6,8,2-B2,,10.1016/j.saa.2014.04.017,"dibenzo[jk, a1b1]octacene or dianthraceno-pyrene",1406.3,0.0077,1384.9664,1429.1264059436592,0.9691,1,131.4172,2.118652209791769,0.0263,B1,CC-stretch/CH-ip (7.7 um),4,21.334
2051,540,C40H22+,1,40,22,0,8,0,6,8,2-B2,,10.1016/j.saa.2014.04.017,"dibenzo[jk, a1b1]octacene or dianthraceno-pyrene",1401.0,0.0068,1380.3982,1424.4125477246932,0.9691,1,2.6829,0.4286044854719557,0.0005,A1,CC-stretch/CH-ip (7.7 um),3,20.602
2052,540,C40H22+,1,40,22,0,8,0,6,8,2-B2,,10.1016/j.saa.2014.04.017,"dibenzo[jk, a1b1]octacene or dianthraceno-pyrene",970.7,0.0067,963.0982,983.3553195834183,0.9794,0,1.9024,0.2793018372746164,0.0004,A1,ring / CH-ip (9-10.5 um),2,7.602
2053,540,C40H22+,1,40,22,0,8,0,6,8,2-B2,,10.1016/j.saa.2014.04.017,"dibenzo[jk, a1b1]octacene or dianthraceno-pyrene",850.3,0.003,852.7667,870.7031856238513,0.9794,0,6.4136,0.8071018705893318,0.0013,B1,CH-oop (10.5-15 um; benzene nu11 at 673 included),3,-2.467
2054,540,C40H22+,1,40,22,0,8,0,6,8,2-B2,,10.1016/j.saa.2014.04.017,"dibenzo[jk, a1b1]octacene or dianthraceno-pyrene",1584.3,0.0026,1571.4941,1621.6015891032916,0.9691,1,2.2825,0.3584107862063366,0.0005,B2,CC-stretch (6.2 um),6,12.806
2055,540,C40H22+,1,40,22,0,8,0,6,8,2-B2,,10.1016/j.saa.2014.04.017,"dibenzo[jk, a1b1]octacene or dianthraceno-pyrene",1092.6,0.0025,1116.9747,1152.5897224228663,0.9691,1,5.1148,0.7088286565047682,0.001,B2,CH-ip-bend (8.6 um),2,-24.375
2056,134,C42H18,0,42,18,0,0,6,12,0,1-A1,,,"1,14-benzodinaptho-(1"""",7"""";2,4),(7\'"""",1\'"""";11,13)-bisanthene",3053.4,1.0,3054.1051,3182.353964780661,0.9597,2,2.1401,0.33043406700971195,0.0227,B2,CH-stretch,7,-0.705
2057,134,C42H18,0,42,18,0,0,6,12,0,1-A1,,,"1,14-benzodinaptho-(1"""",7"""";2,4),(7\'"""",1\'"""";11,13)-bisanthene",3103.1,0.5291,3102.2504,3232.5209961446285,0.9597,2,4.5917,0.6619735055657249,0.0487,B2,CH-stretch,7,0.85
2058,134,C42H18,0,42,18,0,0,6,12,0,1-A1,,,"1,14-benzodinaptho-(1"""",7"""";2,4),(7\'"""",1\'"""";11,13)-bisanthene",3078.4,0.4367,3071.3522,3200.325309992706,0.9597,2,19.8941,1.2987242966427561,0.2111,A1,CH-stretch,10,7.048
2059,134,C42H18,0,42,18,0,0,6,12,0,1-A1,,,"1,14-benzodinaptho-(1"""",7"""";2,4),(7\'"""",1\'"""";11,13)-bisanthene",1328.6,0.3949,1319.6519,1361.7293364977816,0.9691,1,25.8637,1.4126906541344233,0.2744,B2,CC-stretch/CH-ip (7.7 um),5,8.948
2060,134,C42H18,0,42,18,0,0,6,12,0,1-A1,,,"1,14-benzodinaptho-(1"""",7"""";2,4),(7\'"""",1\'"""";11,13)-bisanthene",814.0,0.2835,815.8088,832.9679395548295,0.9794,0,78.9351,1.8972701634958977,0.8374,B1,CH-oop (10.5-15 um; benzene nu11 at 673 included),5,-1.809
2061,134,C42H18,0,42,18,0,0,6,12,0,1-A1,,,"1,14-benzodinaptho-(1"""",7"""";2,4),(7\'"""",1\'"""";11,13)-bisanthene",781.1,0.2481,784.89,801.3988156013886,0.9794,0,31.9516,1.5044926106563177,0.339,B1,CH-oop (10.5-15 um; benzene nu11 at 673 included),6,-3.79
2062,134,C42H18,0,42,18,0,0,6,12,0,1-A1,,,"1,14-benzodinaptho-(1"""",7"""";2,4),(7\'"""",1\'"""";11,13)-bisanthene",1399.3,0.2465,1413.6738,1458.749148694665,0.9691,1,3.431,0.5354207180561734,0.0364,B2,CC-stretch/CH-ip (7.7 um),4,-14.374
2063,134,C42H18,0,42,18,0,0,6,12,0,1-A1,,,"1,14-benzodinaptho-(1"""",7"""";2,4),(7\'"""",1\'"""";11,13)-bisanthene",1460.9,0.1772,1460.0673,1506.6219172428025,0.9691,1,1.4748,0.16873312893407894,0.0156,A1,CC-stretch/CH-ip (7.7 um),4,0.833
2064,134,C42H18,0,42,18,0,0,6,12,0,1-A1,,,"1,14-benzodinaptho-(1"""",7"""";2,4),(7\'"""",1\'"""";11,13)-bisanthene",1483.0,0.1371,1478.7305,1525.8801981219688,0.9691,1,11.7159,1.0687756561442885,0.1243,B2,CC-stretch/CH-ip (7.7 um),4,4.27
2065,134,C42H18,0,42,18,0,0,6,12,0,1-A1,,,"1,14-benzodinaptho-(1"""",7"""";2,4),(7\'"""",1\'"""";11,13)-bisanthene",760.6,0.1331,757.0621,772.9856034306717,0.9794,0,2.4093,0.38189088062625753,0.0256,A1,CH-oop (10.5-15 um; benzene nu11 at 673 included),5,3.538
2066,134,C42H18,0,42,18,0,0,6,12,0,1-A1,,,"1,14-benzodinaptho-(1"""",7"""";2,4),(7\'"""",1\'"""";11,13)-bisanthene",1293.8,0.1277,1296.5162,1337.8559488184917,0.9691,1,4.0335,0.6056820612789828,0.0428,A1,CC-stretch/CH-ip (7.7 um),5,-2.716
2067,134,C42H18,0,42,18,0,0,6,12,0,1-A1,,,"1,14-benzodinaptho-(1"""",7"""";2,4),(7\'"""",1\'"""";11,13)-bisanthene",954.5,0.1164,959.1281,979.30171533592,0.9794,0,2.7722,0.4428245591876384,0.0294,B2,ring / CH-ip (9-10.5 um),2,-4.628
2068,134,C42H18,0,42,18,0,0,6,12,0,1-A1,,,"1,14-benzodinaptho-(1"""",7"""";2,4),(7\'"""",1\'"""";11,13)-bisanthene",1592.5,0.1129,1589.6125,1640.2976988958828,0.9691,1,6.454,0.8098289610678862,0.0685,A1,CC-stretch (6.2 um),8,2.888
2069,134,C42H18,0,42,18,0,0,6,12,0,1-A1,,,"1,14-benzodinaptho-(1"""",7"""";2,4),(7\'"""",1\'"""";11,13)-bisanthene",1513.5,0.1113,1516.0138,1564.3522856258385,0.9691,1,2.6723,0.42688521167440147,0.0284,A1,CC-stretch (6.2 um),3,-2.514
2070,134,C42H18,0,42,18,0,0,6,12,0,1-A1,,,"1,14-benzodinaptho-(1"""",7"""";2,4),(7\'"""",1\'"""";11,13)-bisanthene",1595.5,0.1092,1598.1634,1649.1212465173871,0.9691,1,14.1574,1.1509835026947122,0.1502,A1,CC-stretch (6.2 um),8,-2.663
2071,134,C42H18,0,42,18,0,0,6,12,0,1-A1,,,"1,14-benzodinaptho-(1"""",7"""";2,4),(7\'"""",1\'"""";11,13)-bisanthene",1236.9,0.109,1232.4512,1271.7482199979363,0.9691,1,9.6002,0.9822802807470281,0.1018,B2,CH-ip-bend (8.6 um),3,4.449
2072,134,C42H18,0,42,18,0,0,6,12,0,1-A1,,,"1,14-benzodinaptho-(1"""",7"""";2,4),(7\'"""",1\'"""";11,13)-bisanthene",717.5,0.1065,718.8847,734.005207269757,0.9794,0,2.3356,0.3683984665792497,0.0248,B2,CH-oop (10.5-15 um; benzene nu11 at 673 included),3,-1.385
2073,134,C42H18,0,42,18,0,0,6,12,0,1-A1,,,"1,14-benzodinaptho-(1"""",7"""";2,4),(7\'"""",1\'"""";11,13)-bisanthene",1211.3,0.1047,1208.5887,1247.1248581157777,0.9691,1,5.9577,0.7750786305297716,0.0632,B2,CH-ip-bend (8.6 um),5,2.711
2074,134,C42H18,0,42,18,0,0,6,12,0,1-A1,,,"1,14-benzodinaptho-(1"""",7"""";2,4),(7\'"""",1\'"""";11,13)-bisanthene",1317.2,0.0961,1309.2668,1351.0131049427305,0.9691,1,19.2742,1.2849763611564162,0.2045,B2,CC-stretch/CH-ip (7.7 um),5,7.933
2075,134,C42H18,0,42,18,0,0,6,12,0,1-A1,,,"1,14-benzodinaptho-(1"""",7"""";2,4),(7\'"""",1\'"""";11,13)-bisanthene",1308.1,0.0885,1299.4158,1340.8480033020328,0.9691,1,5.3351,0.7271425641618329,0.0566,B2,CC-stretch/CH-ip (7.7 um),5,8.684
2076,134,C42H18,0,42,18,0,0,6,12,0,1-A1,,,"1,14-benzodinaptho-(1"""",7"""";2,4),(7\'"""",1\'"""";11,13)-bisanthene",1427.0,0.0816,1419.3877,1464.6452378495512,0.9691,1,5.2816,0.7227655069862363,0.056,B2,CC-stretch/CH-ip (7.7 um),3,7.612
2077,134,C42H18,0,42,18,0,0,6,12,0,1-A1,,,"1,14-benzodinaptho-(1"""",7"""";2,4),(7\'"""",1\'"""";11,13)-bisanthene",1589.1,0.07,1586.9832,1637.5845629965947,0.9691,1,2.8047,0.44788641450043015,0.0298,B2,CC-stretch (6.2 um),7,2.117
2078,134,C42H18,0,42,18,0,0,6,12,0,1-A1,,,"1,14-benzodinaptho-(1"""",7"""";2,4),(7\'"""",1\'"""";11,13)-bisanthene",1615.6,0.0691,1621.4187,1673.1180476730988,0.9691,1,1.5409,0.18777445516398497,0.0163,A1,CC-stretch (6.2 um),6,-5.819
2079,134,C42H18,0,42,18,0,0,6,12,0,1-A1,,,"1,14-benzodinaptho-(1"""",7"""";2,4),(7\'"""",1\'"""";11,13)-bisanthene",1225.4,0.063,1220.3901,1259.3025487565783,0.9691,1,3.437,0.5361795321372252,0.0365,A1,CH-ip-bend (8.6 um),3,5.01
2080,134,C42H18,0,42,18,0,0,6,12,0,1-A1,,,"1,14-benzodinaptho-(1"""",7"""";2,4),(7\'"""",1\'"""";11,13)-bisanthene",1219.4,0.0488,1194.5832,1232.6727891858427,0.9691,1,1.0169,0.00727824733424432,0.0108,A1,CH-ip-bend (8.6 um),5,24.817
2081,134,C42H18,0,42,18,0,0,6,12,0,1-A1,,,"1,14-benzodinaptho-(1"""",7"""";2,4),(7\'"""",1\'"""";11,13)-bisanthene",753.4,0.0481,746.1868,761.8815601388604,0.9794,0,21.0752,1.3237717046957949,0.2236,B1,CH-oop (10.5-15 um; benzene nu11 at 673 included),5,7.213
2082,134,C42H18,0,42,18,0,0,6,12,0,1-A1,,,"1,14-benzodinaptho-(1"""",7"""";2,4),(7\'"""",1\'"""";11,13)-bisanthene",1508.4,0.0416,1508.7606,1556.8678154989166,0.9691,1,7.1868,0.8565355591318335,0.0762,B2,CC-stretch (6.2 um),4,-0.361
2083,134,C42H18,0,42,18,0,0,6,12,0,1-A1,,,"1,14-benzodinaptho-(1"""",7"""";2,4),(7\'"""",1\'"""";11,13)-bisanthene",1355.2,0.0395,1352.4741,1395.598080693427,0.9691,1,1.7435,0.24142195171199535,0.0185,A1,CC-stretch/CH-ip (7.7 um),4,2.726
2084,134,C42H18,0,42,18,0,0,6,12,0,1-A1,,,"1,14-benzodinaptho-(1"""",7"""";2,4),(7\'"""",1\'"""";11,13)-bisanthene",1544.8,0.0388,1536.4896,1585.4809617170572,0.9691,1,4.1626,0.6193646798901177,0.0442,A1,CC-stretch (6.2 um),3,8.31
2085,134,C42H18,0,42,18,0,0,6,12,0,1-A1,,,"1,14-benzodinaptho-(1"""",7"""";2,4),(7\'"""",1\'"""";11,13)-bisanthene",663.9,0.0386,661.4811,675.394220951603,0.9794,0,3.3684,0.527423658682064,0.0357,B2,CH-oop (10.5-15 um; benzene nu11 at 673 included),2,2.419
2086,134,C42H18,0,42,18,0,0,6,12,0,1-A1,,,"1,14-benzodinaptho-(1"""",7"""";2,4),(7\'"""",1\'"""";11,13)-bisanthene",1077.9,0.0353,1087.4171,1110.2890545231774,0.9794,0,4.6916,0.6713209776127089,0.0498,A1,ring / CH-ip (9-10.5 um),1,-9.517
2087,134,C42H18,0,42,18,0,0,6,12,0,1-A1,,,"1,14-benzodinaptho-(1"""",7"""";2,4),(7\'"""",1\'"""";11,13)-bisanthene",892.0,0.0334,883.3485,901.9282213600162,0.9794,0,4.009,0.6030360562505217,0.0425,B2,CH-oop (10.5-15 um; benzene nu11 at 673 included),4,8.652
2088,134,C42H18,0,42,18,0,0,6,12,0,1-A1,,,"1,14-benzodinaptho-(1"""",7"""";2,4),(7\'"""",1\'"""";11,13)-bisanthene",1584.1,0.0271,1584.0484,1634.5561861520998,0.9691,1,4.5275,0.655858458986096,0.048,B2,CC-stretch (6.2 um),7,0.052
2089,134,C42H18,0,42,18,0,0,6,12,0,1-A1,,,"1,14-benzodinaptho-(1"""",7"""";2,4),(7\'"""",1\'"""";11,13)-bisanthene",829.5,0.026,833.1266,850.6499897896672,0.9794,0,1.6064,0.20585369546492532,0.017,A1,CH-oop (10.5-15 um; benzene nu11 at 673 included),3,-3.627
2090,134,C42H18,0,42,18,0,0,6,12,0,1-A1,,,"1,14-benzodinaptho-(1"""",7"""";2,4),(7\'"""",1\'"""";11,13)-bisanthene",1474.6,0.0253,1458.5094,1505.0143432050356,0.9691,1,1.9347,0.28661363165700426,0.0205,B2,CC-stretch/CH-ip (7.7 um),4,16.091
2091,134,C42H18,0,42,18,0,0,6,12,0,1-A1,,,"1,14-benzodinaptho-(1"""",7"""";2,4),(7\'"""",1\'"""";11,13)-bisanthene",1176.9,0.0253,1173.6122,1211.033123516665,0.9691,1,1.5311,0.18500355649180514,0.0162,B2,CH-ip-bend (8.6 um),4,3.288
2092,134,C42H18,0,42,18,0,0,6,12,0,1-A1,,,"1,14-benzodinaptho-(1"""",7"""";2,4),(7\'"""",1\'"""";11,13)-bisanthene",799.7,0.0245,797.2999,814.0697365734122,0.9794,0,2.3075,0.3631417096979497,0.0245,A1,CH-oop (10.5-15 um; benzene nu11 at 673 included),6,2.4
2093,134,C42H18,0,42,18,0,0,6,12,0,1-A1,,,"1,14-benzodinaptho-(1"""",7"""";2,4),(7\'"""",1\'"""";11,13)-bisanthene",1468.9,0.0232,1450.4337,1496.6811474564029,0.9691,1,7.1513,0.8543849972566028,0.0759,B2,CC-stretch/CH-ip (7.7 um),4,18.466
2094,134,C42H18,0,42,18,0,0,6,12,0,1-A1,,,"1,14-benzodinaptho-(1"""",7"""";2,4),(7\'"""",1\'"""";11,13)-bisanthene",1041.2,0.0228,1042.7539,1064.686440677966,0.9794,0,3.2255,0.5085970462300685,0.0342,B2,ring / CH-ip (9-10.5 um),1,-1.554
2095,134,C42H18,0,42,18,0,0,6,12,0,1-A1,,,"1,14-benzodinaptho-(1"""",7"""";2,4),(7\'"""",1\'"""";11,13)-bisanthene",1345.0,0.0226,1351.6064,1394.7027138582189,0.9691,1,2.0848,0.31906439836850947,0.0221,B2,CC-stretch/CH-ip (7.7 um),4,-6.606
2096,134,C42H18,0,42,18,0,0,6,12,0,1-A1,,,"1,14-benzodinaptho-(1"""",7"""";2,4),(7\'"""",1\'"""";11,13)-bisanthene",836.2,0.0212,808.7031,825.7127833367367,0.9794,0,43.8348,1.6418190293893973,0.465,B1,CH-oop (10.5-15 um; benzene nu11 at 673 included),4,27.497
2097,134,C42H18,0,42,18,0,0,6,12,0,1-A1,,,"1,14-benzodinaptho-(1"""",7"""";2,4),(7\'"""",1\'"""";11,13)-bisanthene",1373.9,0.02,1372.3377,1416.0950366319266,0.9691,1,1.0332,0.014184397501279547,0.011,A1,CC-stretch/CH-ip (7.7 um),4,1.562
2098,134,C42H18,0,42,18,0,0,6,12,0,1-A1,,,"1,14-benzodinaptho-(1"""",7"""";2,4),(7\'"""",1\'"""";11,13)-bisanthene",1129.3,0.0199,1122.9244,1158.7291301207308,0.9691,1,3.9752,0.5993589837374764,0.0422,A1,CH-ip-bend (8.6 um),2,6.376
2099,134,C42H18,0,42,18,0,0,6,12,0,1-A1,,,"1,14-benzodinaptho-(1"""",7"""";2,4),(7\'"""",1\'"""";11,13)-bisanthene",530.8,0.0195,528.1454,539.2540330814784,0.9794,0,2.6554,0.42412995091955547,0.0282,A1,low / skeletal,2,2.655
2100,134,C42H18,0,42,18,0,0,6,12,0,1-A1,,,"1,14-benzodinaptho-(1"""",7"""";2,4),(7\'"""",1\'"""";11,13)-bisanthene",493.2,0.0191,491.9241,502.27088013069226,0.9794,0,4.0629,0.6088361331847307,0.0431,B2,low / skeletal,2,1.276
2101,134,C42H18,0,42,18,0,0,6,12,0,1-A1,,,"1,14-benzodinaptho-(1"""",7"""";2,4),(7\'"""",1\'"""";11,13)-bisanthene",865.4,0.0186,864.5321,882.7160506432509,0.9794,0,2.2988,0.36150118846165996,0.0244,A1,CH-oop (10.5-15 um; benzene nu11 at 673 included),4,0.868
2102,134,C42H18,0,42,18,0,0,6,12,0,1-A1,,,"1,14-benzodinaptho-(1"""",7"""";2,4),(7\'"""",1\'"""";11,13)-bisanthene",1194.2,0.0183,1191.2739,1229.25797131359,0.9691,1,2.1418,0.330778914230818,0.0227,B2,CH-ip-bend (8.6 um),5,2.926
2103,134,C42H18,0,42,18,0,0,6,12,0,1-A1,,,"1,14-benzodinaptho-(1"""",7"""";2,4),(7\'"""",1\'"""";11,13)-bisanthene",561.3,0.0156,564.3127,576.1820502348376,0.9794,0,3.2261,0.5086778251654933,0.0342,B1,low / skeletal,2,-3.013
2104,134,C42H18,0,42,18,0,0,6,12,0,1-A1,,,"1,14-benzodinaptho-(1"""",7"""";2,4),(7\'"""",1\'"""";11,13)-bisanthene",1111.3,0.0154,1137.6681,1173.942936745434,0.9691,1,1.4323,0.1560339919236207,0.0152,B2,CH-ip-bend (8.6 um),3,-26.368
2105,134,C42H18,0,42,18,0,0,6,12,0,1-A1,,,"1,14-benzodinaptho-(1"""",7"""";2,4),(7\'"""",1\'"""";11,13)-bisanthene",598.6,0.0151,597.3412,609.9052481110883,0.9794,0,1.3391,0.12681301004155268,0.0142,A1,low / skeletal,1,1.259
2106,134,C42H18,0,42,18,0,0,6,12,0,1-A1,,,"1,14-benzodinaptho-(1"""",7"""";2,4),(7\'"""",1\'"""";11,13)-bisanthene",1164.9,0.0142,1160.0763,1197.0656279021773,0.9691,1,1.3946,0.14444966086889952,0.0148,A1,CH-ip-bend (8.6 um),5,4.824
2107,134,C42H18,0,42,18,0,0,6,12,0,1-A1,,,"1,14-benzodinaptho-(1"""",7"""";2,4),(7\'"""",1\'"""";11,13)-bisanthene",1377.3,0.0135,1384.53,1428.6760912186564,0.9691,1,17.5671,1.2447000735073632,0.1864,A1,CC-stretch/CH-ip (7.7 um),4,-7.23
2108,134,C42H18,0,42,18,0,0,6,12,0,1-A1,,,"1,14-benzodinaptho-(1"""",7"""";2,4),(7\'"""",1\'"""";11,13)-bisanthene",499.5,0.0115,497.1037,507.55942413722687,0.9794,0,1.6884,0.2274753434823705,0.0179,B2,low / skeletal,3,2.396
2109,134,C42H18,0,42,18,0,0,6,12,0,1-A1,,,"1,14-benzodinaptho-(1"""",7"""";2,4),(7\'"""",1\'"""";11,13)-bisanthene",725.0,0.0107,727.6742,742.9795793342863,0.9794,0,15.8718,1.200626182314915,0.1684,B1,CH-oop (10.5-15 um; benzene nu11 at 673 included),3,-2.674
2110,134,C42H18,0,42,18,0,0,6,12,0,1-A1,,,"1,14-benzodinaptho-(1"""",7"""";2,4),(7\'"""",1\'"""";11,13)-bisanthene",536.7,0.0102,536.2172,547.4956095568716,0.9794,0,1.2463,0.09562259502162228,0.0132,B2,low / skeletal,3,0.483
2111,134,C42H18,0,42,18,0,0,6,12,0,1-A1,,,"1,14-benzodinaptho-(1"""",7"""";2,4),(7\'"""",1\'"""";11,13)-bisanthene",870.0,0.0097,876.465,894.8999387380029,0.9794,0,3.8576,0.5863171930333785,0.0409,B2,CH-oop (10.5-15 um; benzene nu11 at 673 included),4,-6.465
2112,134,C42H18,0,42,18,0,0,6,12,0,1-A1,,,"1,14-benzodinaptho-(1"""",7"""";2,4),(7\'"""",1\'"""";11,13)-bisanthene",1557.2,0.0096,1569.0744,1619.1047363533175,0.9691,1,1.169,0.06781451116184012,0.0124,B2,CC-stretch (6.2 um),4,-11.874
2113,134,C42H18,0,42,18,0,0,6,12,0,1-A1,,,"1,14-benzodinaptho-(1"""",7"""";2,4),(7\'"""",1\'"""";11,13)-bisanthene",1601.5,0.0086,1600.6565,1651.6938396450316,0.9691,1,3.722,0.5707763687947482,0.0395,B2,CC-stretch (6.2 um),7,0.843
2114,134,C42H18,0,42,18,0,0,6,12,0,1-A1,,,"1,14-benzodinaptho-(1"""",7"""";2,4),(7\'"""",1\'"""";11,13)-bisanthene",879.5,0.006,878.5315,897.0099040228712,0.9794,0,2.1661,0.335678502356566,0.023,B1,CH-oop (10.5-15 um; benzene nu11 at 673 included),4,0.968
2115,134,C42H18,0,42,18,0,0,6,12,0,1-A1,,,"1,14-benzodinaptho-(1"""",7"""";2,4),(7\'"""",1\'"""";11,13)-bisanthene",943.3,0.0044,949.4331,969.4027976312028,0.9794,0,9.8408,0.9930304054905783,0.1044,B2,CH-oop (10.5-15 um; benzene nu11 at 673 included),2,-6.133
2116,134,C42H18,0,42,18,0,0,6,12,0,1-A1,,,"1,14-benzodinaptho-(1"""",7"""";2,4),(7\'"""",1\'"""";11,13)-bisanthene",1262.7,0.0044,1287.3579,1328.4056340934887,0.9691,1,6.5459,0.8159693664195995,0.0694,A1,CC-stretch/CH-ip (7.7 um),1,-24.658
2117,105,C42H18,0,42,18,0,0,0,18,0,???,,10.1021/jp983482y,hexbenzcoronene,772.4,1.0,770.3204,786.5227690422707,0.9794,0,206.6284,2.315190012806194,1.0,?B,CH-oop (10.5-15 um; benzene nu11 at 673 included),1,2.08
2118,105,C42H18,0,42,18,0,0,0,18,0,???,,10.1021/jp983482y,hexbenzcoronene,3102.9,0.7273,3115.0373,3245.8448473481294,0.9597,2,96.672,1.9853007035931864,0.4679,A2U,CH-stretch,2,-12.137
2119,105,C42H18,0,42,18,0,0,0,18,0,???,,10.1021/jp983482y,hexbenzcoronene,1380.8,0.6667,1368.2399,1411.8665772366114,0.9691,1,44.5844,1.6491829264462572,0.2158,A2U,CC-stretch/CH-ip (7.7 um),4,12.56
2120,105,C42H18,0,42,18,0,0,0,18,0,???,,10.1021/jp983482y,hexbenzcoronene,747.4,0.2394,729.9403,745.2933428629773,0.9794,0,9.4312,0.9745669546908613,0.0456,?B,CH-oop (10.5-15 um; benzene nu11 at 673 included),2,17.46
2121,105,C42H18,0,42,18,0,0,0,18,0,???,,10.1021/jp983482y,hexbenzcoronene,1229.4,0.0788,1224.7015,1263.751418842225,0.9691,1,7.2906,0.8627632712488951,0.0353,A2U,CH-ip-bend (8.6 um),2,4.699
2122,105,C42H18,0,42,18,0,0,0,18,0,???,,10.1021/jp983482y,hexbenzcoronene,1098.3,0.0788,1091.9626,1126.7801052522962,0.9691,1,12.5718,1.0993974633742347,0.0608,A2U,ring / CH-ip (9-10.5 um),2,6.337
2123,105,C42H18,0,42,18,0,0,0,18,0,???,,10.1021/jp983482y,hexbenzcoronene,1497.0,0.0697,1487.4722,1534.9006294500052,0.9691,1,8.06,0.9063350418050907,0.039,A2U,CC-stretch/CH-ip (7.7 um),2,9.528
2124,105,C42H18,0,42,18,0,0,0,18,0,???,,10.1021/jp983482y,hexbenzcoronene,1410.9,0.0606,1394.1753,1438.6289340625324,0.9691,1,7.0854,0.8503643729870257,0.0343,A2U,CC-stretch/CH-ip (7.7 um),2,16.725
2125,105,C42H18,0,42,18,0,0,0,18,0,???,,10.1021/jp983482y,hexbenzcoronene,681.1,0.0606,679.7373,694.0344088217275,0.9794,0,6.3099,0.8000224765512142,0.0305,A2U,CH-oop (10.5-15 um; benzene nu11 at 673 included),2,1.363
2126,105,C42H18,0,42,18,0,0,0,18,0,???,,10.1021/jp983482y,hexbenzcoronene,593.7,0.0515,592.1726,604.6279354706963,0.9794,0,5.1301,0.7101258308086792,0.0248,A2U,low / skeletal,2,1.527
2127,105,C42H18,0,42,18,0,0,0,18,0,???,,10.1021/jp983482y,hexbenzcoronene,1311.1,0.0394,1301.6739,1343.1781033949026,0.9691,1,5.0535,0.7035922700368015,0.0245,A2U,CC-stretch/CH-ip (7.7 um),2,9.426
2128,105,C42H18,0,42,18,0,0,0,18,0,???,,10.1021/jp983482y,hexbenzcoronene,1089.3,0.03,1091.9624,1126.779898875245,0.9691,1,12.5716,1.099390554293014,0.0608,A2U,ring / CH-ip (9-10.5 um),2,-2.662
2129,105,C42H18,0,42,18,0,0,0,18,0,???,,10.1021/jp983482y,hexbenzcoronene,1236.4,0.02,1224.7013,1263.751212465174,0.9691,1,7.2899,0.8627215708768137,0.0353,A2U,CH-ip-bend (8.6 um),2,11.699
2130,105,C42H18,0,42,18,0,0,0,18,0,???,,10.1021/jp983482y,hexbenzcoronene,548.0,0.01,542.9355,554.3552174800899,0.9794,0,1.7149,0.23423880034706673,0.0083,A2U,low / skeletal,2,5.064
2131,105,C42H18,0,42,18,0,0,0,18,0,???,,10.1021/jp983482y,hexbenzcoronene,530.2,0.01,542.9354,554.3551153767612,0.9794,0,1.7151,0.23428944693393502,0.0083,A2U,low / skeletal,2,-12.735
2132,105,C42H18,0,42,18,0,0,0,18,0,???,,10.1021/jp983482y,hexbenzcoronene,1344.3,0.01,1368.2397,1411.8663708595604,0.9691,1,44.5881,1.64921896647169,0.2158,A2U,CC-stretch/CH-ip (7.7 um),2,-23.94
2133,105,C42H18,0,42,18,0,0,0,18,0,???,,10.1021/jp983482y,hexbenzcoronene,1565.3,0.01,1591.3107,1642.0500464348363,0.9691,1,20.5425,1.3126532956456614,0.0994,A2U,CC-stretch (6.2 um),2,-26.011
2134,137,C42H22,0,42,22,0,2,2,6,12,1-A',,,"2,3;12,13;15,16-tribenzoterrylene",3083.5,1.0,3083.368,3212.845680941961,0.9597,2,39.6792,1.5985629074567393,0.2557,"A""",CH-stretch,18,0.132
2135,137,C42H22,0,42,22,0,2,2,6,12,1-A',,,"2,3;12,13;15,16-tribenzoterrylene",3068.6,0.9552,3072.9607,3202.001354589976,0.9597,2,25.8063,1.4117257416700948,0.1663,A',CH-stretch,16,-4.361
2136,137,C42H22,0,42,22,0,2,2,6,12,1-A',,,"2,3;12,13;15,16-tribenzoterrylene",755.2,0.9032,755.0932,770.9752909944864,0.9794,0,155.1994,2.1908900379454117,1.0,A',CH-oop (10.5-15 um; benzene nu11 at 673 included),6,0.107
2137,137,C42H22,0,42,22,0,2,2,6,12,1-A',,,"2,3;12,13;15,16-tribenzoterrylene",759.2,0.4361,758.2547,774.2032877271798,0.9794,0,2.3763,0.37590126800948803,0.0153,"A""",CH-oop (10.5-15 um; benzene nu11 at 673 included),6,0.945
2138,137,C42H22,0,42,22,0,2,2,6,12,1-A',,,"2,3;12,13;15,16-tribenzoterrylene",1445.1,0.3149,1443.9152,1489.954803425859,0.9691,1,18.0396,1.256226903509764,0.1162,"A""",CC-stretch/CH-ip (7.7 um),6,1.185
2139,137,C42H22,0,42,22,0,2,2,6,12,1-A',,,"2,3;12,13;15,16-tribenzoterrylene",1351.5,0.3072,1341.1896,1383.9537715406047,0.9691,1,17.7491,1.2491763362675465,0.1144,"A""",CC-stretch/CH-ip (7.7 um),4,10.31
2140,137,C42H22,0,42,22,0,2,2,6,12,1-A',,,"2,3;12,13;15,16-tribenzoterrylene",746.9,0.2894,750.534,766.3201960383908,0.9794,0,1.0127,0.005480809979401197,0.0065,"A""",CH-oop (10.5-15 um; benzene nu11 at 673 included),5,-3.634
2141,137,C42H22,0,42,22,0,2,2,6,12,1-A',,,"2,3;12,13;15,16-tribenzoterrylene",815.0,0.2722,809.6687,826.6986930773942,0.9794,0,2.2299,0.3482853875226119,0.0144,A',CH-oop (10.5-15 um; benzene nu11 at 673 included),4,5.331
2142,137,C42H22,0,42,22,0,2,2,6,12,1-A',,,"2,3;12,13;15,16-tribenzoterrylene",1463.3,0.2212,1465.3004,1512.0218759673926,0.9691,1,1.7286,0.23769450866405656,0.0111,"A""",CC-stretch/CH-ip (7.7 um),7,-2.0
2143,137,C42H22,0,42,22,0,2,2,6,12,1-A',,,"2,3;12,13;15,16-tribenzoterrylene",1388.4,0.2026,1385.7188,1429.9027964090394,0.9691,1,7.8818,0.8966254104841148,0.0508,"A""",CC-stretch/CH-ip (7.7 um),5,2.681
2144,137,C42H22,0,42,22,0,2,2,6,12,1-A',,,"2,3;12,13;15,16-tribenzoterrylene",1216.6,0.1864,1218.9437,1257.8100299246726,0.9691,1,3.2635,0.5136836170319955,0.021,"A""",CH-ip-bend (8.6 um),4,-2.344
2145,137,C42H22,0,42,22,0,2,2,6,12,1-A',,,"2,3;12,13;15,16-tribenzoterrylene",1590.0,0.1848,1590.9935,1641.7227324321536,0.9691,1,3.173,0.5014700721004123,0.0204,A',CC-stretch (6.2 um),8,-0.994
2146,137,C42H22,0,42,22,0,2,2,6,12,1-A',,,"2,3;12,13;15,16-tribenzoterrylene",1496.7,0.1762,1494.0258,1541.663192652977,0.9691,1,13.8124,1.1402691468043604,0.089,A',CC-stretch/CH-ip (7.7 um),4,2.674
2147,137,C42H22,0,42,22,0,2,2,6,12,1-A',,,"2,3;12,13;15,16-tribenzoterrylene",776.6,0.1618,774.7398,791.0351235450274,0.9794,0,11.9185,1.0762216008140617,0.0768,A',CH-oop (10.5-15 um; benzene nu11 at 673 included),6,1.86
2148,137,C42H22,0,42,22,0,2,2,6,12,1-A',,,"2,3;12,13;15,16-tribenzoterrylene",906.1,0.1603,904.7687,923.7989585460484,0.9794,0,21.5415,1.3332759412572923,0.1388,A',CH-oop (10.5-15 um; benzene nu11 at 673 included),4,1.331
2149,137,C42H22,0,42,22,0,2,2,6,12,1-A',,,"2,3;12,13;15,16-tribenzoterrylene",1403.8,0.1208,1402.2178,1446.92787122072,0.9691,1,13.685,1.1362448017461424,0.0882,"A""",CC-stretch/CH-ip (7.7 um),5,1.582
2150,137,C42H22,0,42,22,0,2,2,6,12,1-A',,,"2,3;12,13;15,16-tribenzoterrylene",799.2,0.1011,805.2594,822.196651010823,0.9794,0,28.3785,1.45298943626102,0.1829,A',CH-oop (10.5-15 um; benzene nu11 at 673 included),5,-6.059
2151,137,C42H22,0,42,22,0,2,2,6,12,1-A',,,"2,3;12,13;15,16-tribenzoterrylene",882.2,0.0994,888.8712,907.5670818868696,0.9794,0,1.4694,0.16714003550835776,0.0095,A',CH-oop (10.5-15 um; benzene nu11 at 673 included),5,-6.671
2152,137,C42H22,0,42,22,0,2,2,6,12,1-A',,,"2,3;12,13;15,16-tribenzoterrylene",1032.3,0.0992,1029.6595,1051.3166224218908,0.9794,0,1.0613,0.025838164229700204,0.0068,"A""",ring / CH-ip (9-10.5 um),4,2.64
2153,137,C42H22,0,42,22,0,2,2,6,12,1-A',,,"2,3;12,13;15,16-tribenzoterrylene",1524.6,0.0915,1527.2956,1575.9938086884738,0.9691,1,4.5311,0.6562036470321873,0.0292,"A""",CC-stretch (6.2 um),3,-2.696
2154,137,C42H22,0,42,22,0,2,2,6,12,1-A',,,"2,3;12,13;15,16-tribenzoterrylene",1601.9,0.0887,1601.843,1652.9181714993294,0.9691,1,8.741,0.9415611202360707,0.0563,"A""",CC-stretch (6.2 um),8,0.057
2155,137,C42H22,0,42,22,0,2,2,6,12,1-A',,,"2,3;12,13;15,16-tribenzoterrylene",1042.5,0.0873,1040.255,1062.1349806003675,0.9794,0,1.8822,0.2746657690813887,0.0121,A',ring / CH-ip (9-10.5 um),5,2.245
2156,137,C42H22,0,42,22,0,2,2,6,12,1-A',,,"2,3;12,13;15,16-tribenzoterrylene",584.6,0.0797,583.6815,595.9582397386155,0.9794,0,15.8945,1.2012468706807156,0.1024,"A""",low / skeletal,2,0.918
2157,137,C42H22,0,42,22,0,2,2,6,12,1-A',,,"2,3;12,13;15,16-tribenzoterrylene",765.8,0.0631,781.0756,797.5041862364712,0.9794,0,1.8397,0.2647470083535266,0.0119,"A""",CH-oop (10.5-15 um; benzene nu11 at 673 included),5,-15.276
2158,137,C42H22,0,42,22,0,2,2,6,12,1-A',,,"2,3;12,13;15,16-tribenzoterrylene",672.5,0.0618,671.3355,685.4558913620584,0.9794,0,23.3061,1.3674696055589337,0.1502,"A""",CH-oop (10.5-15 um; benzene nu11 at 673 included),4,1.164
2159,137,C42H22,0,42,22,0,2,2,6,12,1-A',,,"2,3;12,13;15,16-tribenzoterrylene",1580.0,0.0598,1574.5988,1624.8052832525025,0.9691,1,6.0712,0.783274539818377,0.0391,"A""",CC-stretch (6.2 um),5,5.401
2160,137,C42H22,0,42,22,0,2,2,6,12,1-A',,,"2,3;12,13;15,16-tribenzoterrylene",1064.8,0.055,1064.351,1086.737798652236,0.9794,0,4.6894,0.6711172790991808,0.0302,A',ring / CH-ip (9-10.5 um),5,0.449
2161,137,C42H22,0,42,22,0,2,2,6,12,1-A',,,"2,3;12,13;15,16-tribenzoterrylene",619.5,0.052,620.4637,633.5140902593424,0.9794,0,1.8711,0.2720969987707941,0.0121,A',low / skeletal,2,-0.964
2162,137,C42H22,0,42,22,0,2,2,6,12,1-A',,,"2,3;12,13;15,16-tribenzoterrylene",890.4,0.0504,897.0572,915.9252603634876,0.9794,0,11.3835,1.0562758118821147,0.0733,"A""",CH-oop (10.5-15 um; benzene nu11 at 673 included),3,-6.657
2163,137,C42H22,0,42,22,0,2,2,6,12,1-A',,,"2,3;12,13;15,16-tribenzoterrylene",668.1,0.0491,657.6935,671.526955278742,0.9794,0,5.7416,0.7590329332242596,0.037,"A""",CH-oop (10.5-15 um; benzene nu11 at 673 included),4,10.407
2164,137,C42H22,0,42,22,0,2,2,6,12,1-A',,,"2,3;12,13;15,16-tribenzoterrylene",1310.8,0.0468,1313.0885,1354.956660819317,0.9691,1,1.1674,0.06721968897414114,0.0075,A',CC-stretch/CH-ip (7.7 um),6,-2.289
2165,137,C42H22,0,42,22,0,2,2,6,12,1-A',,,"2,3;12,13;15,16-tribenzoterrylene",528.9,0.0458,528.6745,539.7942617929344,0.9794,0,10.7769,1.0324938530111714,0.0694,"A""",low / skeletal,5,0.226
2166,137,C42H22,0,42,22,0,2,2,6,12,1-A',,,"2,3;12,13;15,16-tribenzoterrylene",1337.8,0.045,1332.4867,1374.9733773604376,0.9691,1,1.463,0.16524432612531087,0.0094,A',CC-stretch/CH-ip (7.7 um),4,5.313
2167,137,C42H22,0,42,22,0,2,2,6,12,1-A',,,"2,3;12,13;15,16-tribenzoterrylene",839.1,0.042,830.9766,848.454768225444,0.9794,0,8.2456,0.9162222630379468,0.0531,A',CH-oop (10.5-15 um; benzene nu11 at 673 included),5,8.123
2168,137,C42H22,0,42,22,0,2,2,6,12,1-A',,,"2,3;12,13;15,16-tribenzoterrylene",821.7,0.0417,807.1812,824.1588727792525,0.9794,0,3.4285,0.5351041538013936,0.0221,"A""",CH-oop (10.5-15 um; benzene nu11 at 673 included),5,14.519
2169,137,C42H22,0,42,22,0,2,2,6,12,1-A',,,"2,3;12,13;15,16-tribenzoterrylene",660.2,0.0413,641.4757,654.968041658158,0.9794,0,4.327,0.6361868951987243,0.0279,A',low / skeletal,4,18.724
2170,137,C42H22,0,42,22,0,2,2,6,12,1-A',,,"2,3;12,13;15,16-tribenzoterrylene",853.1,0.0388,855.549,873.544006534613,0.9794,0,1.7898,0.25280450374570634,0.0115,"A""",CH-oop (10.5-15 um; benzene nu11 at 673 included),4,-2.449
2171,137,C42H22,0,42,22,0,2,2,6,12,1-A',,,"2,3;12,13;15,16-tribenzoterrylene",690.4,0.0383,686.4631,700.9016744945885,0.9794,0,3.1097,0.4927184936477446,0.02,A',CH-oop (10.5-15 um; benzene nu11 at 673 included),3,3.937
2172,137,C42H22,0,42,22,0,2,2,6,12,1-A',,,"2,3;12,13;15,16-tribenzoterrylene",742.6,0.0373,734.536,749.9857055340003,0.9794,0,2.6886,0.42952619429668687,0.0173,"A""",CH-oop (10.5-15 um; benzene nu11 at 673 included),4,8.064
2173,137,C42H22,0,42,22,0,2,2,6,12,1-A',,,"2,3;12,13;15,16-tribenzoterrylene",682.1,0.0348,701.8906,716.6536655094956,0.9794,0,3.0536,0.4848121469410423,0.0197,"A""",CH-oop (10.5-15 um; benzene nu11 at 673 included),4,-19.791
2174,137,C42H22,0,42,22,0,2,2,6,12,1-A',,,"2,3;12,13;15,16-tribenzoterrylene",946.0,0.0331,945.3489,965.2326934858075,0.9794,0,2.5062,0.3990157256487648,0.0161,A',CH-oop (10.5-15 um; benzene nu11 at 673 included),5,0.651
2175,137,C42H22,0,42,22,0,2,2,6,12,1-A',,,"2,3;12,13;15,16-tribenzoterrylene",1611.5,0.0327,1613.2817,1664.721597358374,0.9691,1,1.9213,0.2835951827545369,0.0124,"A""",CC-stretch (6.2 um),7,-1.782
2176,137,C42H22,0,42,22,0,2,2,6,12,1-A',,,"2,3;12,13;15,16-tribenzoterrylene",963.7,0.0298,959.5801,979.7632223810496,0.9794,0,2.0363,0.3088417612613161,0.0131,A',ring / CH-ip (9-10.5 um),5,4.12
2177,137,C42H22,0,42,22,0,2,2,6,12,1-A',,,"2,3;12,13;15,16-tribenzoterrylene",572.1,0.0269,568.6865,580.6478456197672,0.9794,0,2.0839,0.3188768746609816,0.0134,A',low / skeletal,3,3.413
2178,137,C42H22,0,42,22,0,2,2,6,12,1-A',,,"2,3;12,13;15,16-tribenzoterrylene",504.2,0.0251,506.345,516.9950990402288,0.9794,0,4.182,0.6213840284816531,0.0269,A',low / skeletal,3,-2.145
2179,137,C42H22,0,42,22,0,2,2,6,12,1-A',,,"2,3;12,13;15,16-tribenzoterrylene",849.2,0.0249,849.4229,867.2890545231775,0.9794,0,5.5144,0.7414982654861304,0.0355,A',CH-oop (10.5-15 um; benzene nu11 at 673 included),4,-0.223
2180,137,C42H22,0,42,22,0,2,2,6,12,1-A',,,"2,3;12,13;15,16-tribenzoterrylene",1297.4,0.023,1298.3734,1339.7723661128882,0.9691,1,5.6255,0.7501611290217174,0.0362,"A""",CC-stretch/CH-ip (7.7 um),5,-0.973
2181,137,C42H22,0,42,22,0,2,2,6,12,1-A',,,"2,3;12,13;15,16-tribenzoterrylene",1162.8,0.0222,1141.5223,1177.9200288927873,0.9691,1,1.8403,0.2648886261206196,0.0119,"A""",CH-ip-bend (8.6 um),1,21.278
2182,137,C42H22,0,42,22,0,2,2,6,12,1-A',,,"2,3;12,13;15,16-tribenzoterrylene",1179.7,0.02,1200.8542,1239.1437416159324,0.9691,1,3.6957,0.5676967099418642,0.0238,A',CH-ip-bend (8.6 um),2,-21.154
2183,137,C42H22,0,42,22,0,2,2,6,12,1-A',,,"2,3;12,13;15,16-tribenzoterrylene",1238.2,0.019,1236.2966,1275.716231555051,0.9691,1,4.2552,0.6289199773125238,0.0274,A',CH-ip-bend (8.6 um),2,1.903
2184,137,C42H22,0,42,22,0,2,2,6,12,1-A',,,"2,3;12,13;15,16-tribenzoterrylene",1115.9,0.0186,1124.1838,1160.0286864100713,0.9691,1,3.7229,0.5708813708862785,0.024,A',CH-ip-bend (8.6 um),3,-8.284
2185,137,C42H22,0,42,22,0,2,2,6,12,1-A',,,"2,3;12,13;15,16-tribenzoterrylene",1098.8,0.0185,1106.9425,1142.2376431740793,0.9691,1,3.9985,0.6018971003532817,0.0258,"A""",CH-ip-bend (8.6 um),3,-8.143
2186,137,C42H22,0,42,22,0,2,2,6,12,1-A',,,"2,3;12,13;15,16-tribenzoterrylene",481.5,0.0182,460.0331,469.7091076169083,0.9794,0,2.1592,0.33429287154846016,0.0139,A',low / skeletal,2,21.467
2187,137,C42H22,0,42,22,0,2,2,6,12,1-A',,,"2,3;12,13;15,16-tribenzoterrylene",552.2,0.0179,552.4939,564.1146620379825,0.9794,0,3.3362,0.5232520780246941,0.0215,A',low / skeletal,4,-0.294
2188,137,C42H22,0,42,22,0,2,2,6,12,1-A',,,"2,3;12,13;15,16-tribenzoterrylene",1417.2,0.0159,1400.6557,1445.315963264885,0.9691,1,1.2745,0.10533983980528631,0.0082,A',CC-stretch/CH-ip (7.7 um),5,16.544
2189,137,C42H22,0,42,22,0,2,2,6,12,1-A',,,"2,3;12,13;15,16-tribenzoterrylene",1428.5,0.0153,1439.2617,1485.1529253946962,0.9691,1,6.8932,0.8384208793408866,0.0444,"A""",CC-stretch/CH-ip (7.7 um),5,-10.762
2190,137,C42H22,0,42,22,0,2,2,6,12,1-A',,,"2,3;12,13;15,16-tribenzoterrylene",1292.3,0.0148,1284.4063,1325.3599215767208,0.9691,1,2.3336,0.36802641611367626,0.015,"A""",CC-stretch/CH-ip (7.7 um),5,7.894
2191,137,C42H22,0,42,22,0,2,2,6,12,1-A',,,"2,3;12,13;15,16-tribenzoterrylene",834.2,0.014,856.8739,874.8967735348173,0.9794,0,1.5837,0.19967291672062093,0.0102,A',CH-oop (10.5-15 um; benzene nu11 at 673 included),7,-22.674
2192,137,C42H22,0,42,22,0,2,2,6,12,1-A',,,"2,3;12,13;15,16-tribenzoterrylene",1277.3,0.0115,1272.8077,1313.391497265504,0.9691,1,2.7214,0.4347923804513269,0.0175,A',CC-stretch/CH-ip (7.7 um),4,4.492
2193,137,C42H22,0,42,22,0,2,2,6,12,1-A',,,"2,3;12,13;15,16-tribenzoterrylene",560.5,0.0101,535.7688,547.0377782315704,0.9794,0,2.3402,0.36925297501043064,0.0151,"A""",low / skeletal,4,24.731
2194,137,C42H22,0,42,22,0,2,2,6,12,1-A',,,"2,3;12,13;15,16-tribenzoterrylene",521.0,0.0069,516.692,527.5597304472126,0.9794,0,1.4322,0.15600366939039817,0.0092,A',low / skeletal,4,4.308
2195,137,C42H22,0,42,22,0,2,2,6,12,1-A',,,"2,3;12,13;15,16-tribenzoterrylene",1556.9,0.0058,1534.7501,1583.6859973170983,0.9691,1,2.2469,0.351583744241734,0.0145,A',CC-stretch (6.2 um),3,22.15
2196,137,C42H22,0,42,22,0,2,2,6,12,1-A',,,"2,3;12,13;15,16-tribenzoterrylene",924.2,0.0041,925.749,945.220543189708,0.9794,0,8.1607,0.911727412810062,0.0526,A',CH-oop (10.5-15 um; benzene nu11 at 673 included),4,-1.549
2197,106,C42H18+,1,42,18,0,0,0,18,0,2-B1,,,hexbenzcoronene,1211.2,1.0,1208.7615,1247.303167887731,0.9691,1,6.1053,0.7857070090087453,0.0067,B2,CH-ip-bend (8.6 um),2,2.438
2198,106,C42H18+,1,42,18,0,0,0,18,0,2-B1,,,hexbenzcoronene,1070.5,0.7273,1085.9245,1120.5494788979468,0.9691,1,3.667,0.5643109099606027,0.004,B2,ring / CH-ip (9-10.5 um),3,-15.425
2199,106,C42H18+,1,42,18,0,0,0,18,0,2-B1,,,hexbenzcoronene,1570.7,0.5909,1574.6653,1624.8739036219172,0.9691,1,173.5471,2.2394173609373054,0.1915,B2,CC-stretch (6.2 um),4,-3.965
2200,106,C42H18+,1,42,18,0,0,0,18,0,2-B1,,,hexbenzcoronene,1294.3,0.3909,1291.2316,1332.402848003302,0.9691,1,783.2267,2.893887484036422,0.8644,B1,CC-stretch/CH-ip (7.7 um),3,3.068
2201,106,C42H18+,1,42,18,0,0,0,18,0,2-B1,,,hexbenzcoronene,1331.8,0.2,1330.8731,1373.3083273140028,0.9691,1,72.8098,1.8621898380971174,0.0804,B2,CC-stretch/CH-ip (7.7 um),5,0.927
2202,106,C42H18+,1,42,18,0,0,0,18,0,2-B1,,,hexbenzcoronene,1414.0,0.1727,1401.3489,1446.0312661232072,0.9691,1,4.4968,0.6529035722848814,0.005,B1,CC-stretch/CH-ip (7.7 um),2,12.651
2203,106,C42H18+,1,42,18,0,0,0,18,0,2-B1,,,hexbenzcoronene,587.7,0.0855,588.4674,600.8448029405758,0.9794,0,10.611,1.025756314534414,0.0117,B2,low / skeletal,2,-0.767
2204,106,C42H18+,1,42,18,0,0,0,18,0,2-B1,,,hexbenzcoronene,675.4,0.0755,672.9914,687.1466203798243,0.9794,0,87.0247,1.9396425348167783,0.096,B1,CH-oop (10.5-15 um; benzene nu11 at 673 included),2,2.409
2205,106,C42H18+,1,42,18,0,0,0,18,0,2-B1,,,hexbenzcoronene,754.5,0.0645,777.3651,793.7156422299366,0.9794,0,212.0864,2.326512820358507,0.2341,B3,CH-oop (10.5-15 um; benzene nu11 at 673 included),2,-22.865
2206,106,C42H18+,1,42,18,0,0,0,18,0,2-B1,,,hexbenzcoronene,737.1,0.0445,726.6758,741.9601797018582,0.9794,0,8.9269,0.9507006697921832,0.0099,B3,CH-oop (10.5-15 um; benzene nu11 at 673 included),1,10.424
2207,106,C42H18+,1,42,18,0,0,0,18,0,2-B1,,,hexbenzcoronene,776.0,0.03,785.9654,802.4968347968144,0.9794,0,1.0449,0.019074729177898687,0.0012,B2,CH-oop (10.5-15 um; benzene nu11 at 673 included),3,-9.965
2208,106,C42H18+,1,42,18,0,0,0,18,0,2-B1,,,hexbenzcoronene,1281.6,0.0291,1307.4939,1349.183675575276,0.9691,1,136.0369,2.1336567266991318,0.1501,B2,CC-stretch/CH-ip (7.7 um),3,-25.894
2209,106,C42H18+,1,42,18,0,0,0,18,0,2-B1,,,hexbenzcoronene,1260.5,0.0264,1254.0979,1294.0851305334847,0.9691,1,38.0358,1.5801925551232248,0.042,B2,CC-stretch/CH-ip (7.7 um),1,6.402
2210,140,C44H20,0,44,20,0,2,4,6,8,1-A1,,,"1,2;3,4;5,6;7,8;9,10;12,13-hexabenzoperopyrene""",754.9,1.0,754.4931,770.3625689197468,0.9794,0,86.1076,1.9350414846986987,1.0,B1,CH-oop (10.5-15 um; benzene nu11 at 673 included),3,0.407
2211,140,C44H20,0,44,20,0,2,4,6,8,1-A1,,,"1,2;3,4;5,6;7,8;9,10;12,13-hexabenzoperopyrene""",3090.6,0.6341,3089.6276,3219.3681358757945,0.9597,2,2.7997,0.447111497297647,0.0325,B2,CH-stretch,11,0.972
2212,140,C44H20,0,44,20,0,2,4,6,8,1-A1,,,"1,2;3,4;5,6;7,8;9,10;12,13-hexabenzoperopyrene""",1410.0,0.343,1411.4415,1456.445671241358,0.9691,1,56.7119,1.7536741975539045,0.6586,B2,CC-stretch/CH-ip (7.7 um),6,-1.441
2213,140,C44H20,0,44,20,0,2,4,6,8,1-A1,,,"1,2;3,4;5,6;7,8;9,10;12,13-hexabenzoperopyrene""",3070.5,0.3041,3072.248,3201.2587266854225,0.9597,2,79.6058,1.900944711157647,0.9245,B2,CH-stretch,7,-1.748
2214,140,C44H20,0,44,20,0,2,4,6,8,1-A1,,,"1,2;3,4;5,6;7,8;9,10;12,13-hexabenzoperopyrene""",3046.9,0.2974,3058.3338,3186.7602375742417,0.9597,2,1.614,0.20790353038605164,0.0187,A1,CH-stretch,6,-11.434
2215,140,C44H20,0,44,20,0,2,4,6,8,1-A1,,,"1,2;3,4;5,6;7,8;9,10;12,13-hexabenzoperopyrene""",806.4,0.296,804.2861,821.2028793138657,0.9794,0,2.3027,0.3622373609640986,0.0267,B1,CH-oop (10.5-15 um; benzene nu11 at 673 included),4,2.114
2216,140,C44H20,0,44,20,0,2,4,6,8,1-A1,,,"1,2;3,4;5,6;7,8;9,10;12,13-hexabenzoperopyrene""",1424.9,0.2803,1422.5862,1467.9457228356207,0.9691,1,1.4812,0.170613703377405,0.0172,A1,CC-stretch/CH-ip (7.7 um),6,2.314
2217,140,C44H20,0,44,20,0,2,4,6,8,1-A1,,,"1,2;3,4;5,6;7,8;9,10;12,13-hexabenzoperopyrene""",745.9,0.2637,741.2842,756.8758423524607,0.9794,0,39.2805,1.5941770072681432,0.4562,B1,CH-oop (10.5-15 um; benzene nu11 at 673 included),3,4.616
2218,140,C44H20,0,44,20,0,2,4,6,8,1-A1,,,"1,2;3,4;5,6;7,8;9,10;12,13-hexabenzoperopyrene""",883.4,0.228,869.6311,887.9222993669592,0.9794,0,12.23,1.0874264570362855,0.142,B1,CH-oop (10.5-15 um; benzene nu11 at 673 included),2,13.769
2219,140,C44H20,0,44,20,0,2,4,6,8,1-A1,,,"1,2;3,4;5,6;7,8;9,10;12,13-hexabenzoperopyrene""",1267.9,0.1491,1272.7537,1313.335775461769,0.9691,1,1.8459,0.2662081698076912,0.0214,B2,CC-stretch/CH-ip (7.7 um),4,-4.854
2220,140,C44H20,0,44,20,0,2,4,6,8,1-A1,,,"1,2;3,4;5,6;7,8;9,10;12,13-hexabenzoperopyrene""",1405.3,0.1459,1400.2253,1444.8718398514086,0.9691,1,15.3692,1.186651262123834,0.1785,B2,CC-stretch/CH-ip (7.7 um),6,5.075
2221,140,C44H20,0,44,20,0,2,4,6,8,1-A1,,,"1,2;3,4;5,6;7,8;9,10;12,13-hexabenzoperopyrene""",1054.6,0.1234,1059.977,1082.2717990606495,0.9794,0,2.7081,0.4326646971794054,0.0315,A1,ring / CH-ip (9-10.5 um),4,-5.377
2222,140,C44H20,0,44,20,0,2,4,6,8,1-A1,,,"1,2;3,4;5,6;7,8;9,10;12,13-hexabenzoperopyrene""",621.1,0.0986,621.483,634.5548294874412,0.9794,0,15.408,1.1877462697804593,0.1789,B2,low / skeletal,4,-0.383
2223,140,C44H20,0,44,20,0,2,4,6,8,1-A1,,,"1,2;3,4;5,6;7,8;9,10;12,13-hexabenzoperopyrene""",529.3,0.0948,529.4117,540.5469675311415,0.9794,0,4.0921,0.6119462381675752,0.0475,B1,low / skeletal,3,-0.112
2224,140,C44H20,0,44,20,0,2,4,6,8,1-A1,,,"1,2;3,4;5,6;7,8;9,10;12,13-hexabenzoperopyrene""",1497.9,0.0943,1506.2082,1554.234031575689,0.9691,1,2.2565,0.35343533785616466,0.0262,A1,CC-stretch (6.2 um),5,-8.308
2225,140,C44H20,0,44,20,0,2,4,6,8,1-A1,,,"1,2;3,4;5,6;7,8;9,10;12,13-hexabenzoperopyrene""",1489.2,0.0793,1489.5637,1537.0588174594984,0.9691,1,9.4045,0.9733357107834442,0.1092,A1,CC-stretch/CH-ip (7.7 um),6,-0.364
2226,140,C44H20,0,44,20,0,2,4,6,8,1-A1,,,"1,2;3,4;5,6;7,8;9,10;12,13-hexabenzoperopyrene""",1467.9,0.0678,1465.6292,1512.361159839026,0.9691,1,1.1568,0.06325827995045562,0.0134,A1,CC-stretch/CH-ip (7.7 um),7,2.271
2227,140,C44H20,0,44,20,0,2,4,6,8,1-A1,,,"1,2;3,4;5,6;7,8;9,10;12,13-hexabenzoperopyrene""",1322.7,0.0598,1323.9606,1366.1754204932413,0.9691,1,1.1541,0.06224344102647789,0.0134,A1,CC-stretch/CH-ip (7.7 um),5,-1.261
2228,140,C44H20,0,44,20,0,2,4,6,8,1-A1,,,"1,2;3,4;5,6;7,8;9,10;12,13-hexabenzoperopyrene""",1589.5,0.046,1589.5671,1640.250851305335,0.9691,1,1.8833,0.27491950640375373,0.0219,A1,CC-stretch (6.2 um),7,-0.067
2229,140,C44H20,0,44,20,0,2,4,6,8,1-A1,,,"1,2;3,4;5,6;7,8;9,10;12,13-hexabenzoperopyrene""",1544.2,0.0429,1540.1853,1589.2945000515945,0.9691,1,8.615,0.9352552817840473,0.1,B2,CC-stretch (6.2 um),1,4.015
2230,140,C44H20,0,44,20,0,2,4,6,8,1-A1,,,"1,2;3,4;5,6;7,8;9,10;12,13-hexabenzoperopyrene""",1516.4,0.0408,1509.5067,1557.6377050871945,0.9691,1,5.0951,0.7071527121936718,0.0592,B2,CC-stretch (6.2 um),4,6.893
2231,140,C44H20,0,44,20,0,2,4,6,8,1-A1,,,"1,2;3,4;5,6;7,8;9,10;12,13-hexabenzoperopyrene""",1170.2,0.0361,1167.1836,1204.399545970488,0.9691,1,2.9107,0.463997445885867,0.0338,B2,CH-ip-bend (8.6 um),5,3.016
2232,140,C44H20,0,44,20,0,2,4,6,8,1-A1,,,"1,2;3,4;5,6;7,8;9,10;12,13-hexabenzoperopyrene""",1157.3,0.0346,1151.1843,1187.8901042204106,0.9691,1,3.752,0.5742628297070268,0.0436,A1,CH-ip-bend (8.6 um),3,6.116
2233,140,C44H20,0,44,20,0,2,4,6,8,1-A1,,,"1,2;3,4;5,6;7,8;9,10;12,13-hexabenzoperopyrene""",1457.3,0.0342,1452.1094,1498.4102775771337,0.9691,1,2.0176,0.3048350692290064,0.0234,A1,CC-stretch/CH-ip (7.7 um),6,5.191
2234,140,C44H20,0,44,20,0,2,4,6,8,1-A1,,,"1,2;3,4;5,6;7,8;9,10;12,13-hexabenzoperopyrene""",1180.5,0.0329,1181.8115,1219.4938602827367,0.9691,1,3.8046,0.5803090035706052,0.0442,A1,CH-ip-bend (8.6 um),5,-1.312
2235,140,C44H20,0,44,20,0,2,4,6,8,1-A1,,,"1,2;3,4;5,6;7,8;9,10;12,13-hexabenzoperopyrene""",691.8,0.0324,685.8804,700.3067183990198,0.9794,0,3.6489,0.5621619614618563,0.0424,B2,CH-oop (10.5-15 um; benzene nu11 at 673 included),2,5.92
2236,140,C44H20,0,44,20,0,2,4,6,8,1-A1,,,"1,2;3,4;5,6;7,8;9,10;12,13-hexabenzoperopyrene""",626.9,0.0316,626.6677,639.8485807637328,0.9794,0,4.1444,0.6174616650309115,0.0481,B1,low / skeletal,4,0.232
2237,140,C44H20,0,44,20,0,2,4,6,8,1-A1,,,"1,2;3,4;5,6;7,8;9,10;12,13-hexabenzoperopyrene""",815.3,0.0314,810.6114,827.6612211558096,0.9794,0,6.8528,0.8358680570524941,0.0796,B2,CH-oop (10.5-15 um; benzene nu11 at 673 included),6,4.689
2238,140,C44H20,0,44,20,0,2,4,6,8,1-A1,,,"1,2;3,4;5,6;7,8;9,10;12,13-hexabenzoperopyrene""",576.9,0.0307,576.1205,588.2382070655503,0.9794,0,3.2231,0.5082737801553571,0.0374,B2,low / skeletal,2,0.779
2239,140,C44H20,0,44,20,0,2,4,6,8,1-A1,,,"1,2;3,4;5,6;7,8;9,10;12,13-hexabenzoperopyrene""",1278.3,0.0249,1288.702,1329.7925910638735,0.9691,1,1.9772,0.2960506017887392,0.023,B2,CC-stretch/CH-ip (7.7 um),4,-10.402
2240,140,C44H20,0,44,20,0,2,4,6,8,1-A1,,,"1,2;3,4;5,6;7,8;9,10;12,13-hexabenzoperopyrene""",1091.8,0.024,1084.2591,1118.830977195336,0.9691,1,3.2111,0.5066538305655507,0.0373,B2,ring / CH-ip (9-10.5 um),3,7.541
2241,140,C44H20,0,44,20,0,2,4,6,8,1-A1,,,"1,2;3,4;5,6;7,8;9,10;12,13-hexabenzoperopyrene""",1447.6,0.0232,1451.0546,1497.3218450108347,0.9691,1,13.6452,1.1349799055801055,0.1585,B2,CC-stretch/CH-ip (7.7 um),6,-3.455
2242,140,C44H20,0,44,20,0,2,4,6,8,1-A1,,,"1,2;3,4;5,6;7,8;9,10;12,13-hexabenzoperopyrene""",1386.8,0.022,1389.0354,1433.3251470436487,0.9691,1,3.557,0.5510838651857803,0.0413,A1,CC-stretch/CH-ip (7.7 um),6,-2.235
2243,140,C44H20,0,44,20,0,2,4,6,8,1-A1,,,"1,2;3,4;5,6;7,8;9,10;12,13-hexabenzoperopyrene""",1331.0,0.0219,1330.769,1373.200908059024,0.9691,1,1.4753,0.16888034241364291,0.0171,B2,CC-stretch/CH-ip (7.7 um),5,0.231
2244,140,C44H20,0,44,20,0,2,4,6,8,1-A1,,,"1,2;3,4;5,6;7,8;9,10;12,13-hexabenzoperopyrene""",624.0,0.0195,624.4507,637.584949969369,0.9794,0,2.4164,0.3831688270574288,0.0281,A1,low / skeletal,4,-0.451
2245,140,C44H20,0,44,20,0,2,4,6,8,1-A1,,,"1,2;3,4;5,6;7,8;9,10;12,13-hexabenzoperopyrene""",1260.6,0.0188,1261.6968,1301.9263233928386,0.9691,1,17.1234,1.2335900018500572,0.1989,A1,CC-stretch/CH-ip (7.7 um),4,-1.097
2246,140,C44H20,0,44,20,0,2,4,6,8,1-A1,,,"1,2;3,4;5,6;7,8;9,10;12,13-hexabenzoperopyrene""",1237.6,0.0169,1238.0538,1277.529460324012,0.9691,1,1.2104,0.08292891501513026,0.0141,A1,CH-ip-bend (8.6 um),2,-0.454
2247,140,C44H20,0,44,20,0,2,4,6,8,1-A1,,,"1,2;3,4;5,6;7,8;9,10;12,13-hexabenzoperopyrene""",1382.5,0.0166,1376.1753,1420.0549994840576,0.9691,1,1.1132,0.046573197662005336,0.0129,B2,CC-stretch/CH-ip (7.7 um),6,6.325
2248,140,C44H20,0,44,20,0,2,4,6,8,1-A1,,,"1,2;3,4;5,6;7,8;9,10;12,13-hexabenzoperopyrene""",1363.3,0.0153,1371.9127,1415.656485398824,0.9691,1,1.2768,0.10612287400665418,0.0148,A1,CC-stretch/CH-ip (7.7 um),4,-8.613
2249,140,C44H20,0,44,20,0,2,4,6,8,1-A1,,,"1,2;3,4;5,6;7,8;9,10;12,13-hexabenzoperopyrene""",1435.9,0.0137,1439.6811,1485.5856980703747,0.9691,1,3.905,0.5916210382133191,0.0454,A1,CC-stretch/CH-ip (7.7 um),6,-3.781
2250,140,C44H20,0,44,20,0,2,4,6,8,1-A1,,,"1,2;3,4;5,6;7,8;9,10;12,13-hexabenzoperopyrene""",1296.4,0.0134,1303.0238,1344.5710452997623,0.9691,1,1.9891,0.2986566173911456,0.0231,A1,CC-stretch/CH-ip (7.7 um),5,-6.624
2251,140,C44H20,0,44,20,0,2,4,6,8,1-A1,,,"1,2;3,4;5,6;7,8;9,10;12,13-hexabenzoperopyrene""",786.3,0.0133,787.0083,803.5616704104553,0.9794,0,18.7176,1.2722501620528976,0.2174,B1,CH-oop (10.5-15 um; benzene nu11 at 673 included),4,-0.708
2252,140,C44H20,0,44,20,0,2,4,6,8,1-A1,,,"1,2;3,4;5,6;7,8;9,10;12,13-hexabenzoperopyrene""",650.0,0.0121,648.8229,662.4697774147437,0.9794,0,1.1535,0.06201759885711227,0.0134,A1,low / skeletal,5,1.177
2253,140,C44H20,0,44,20,0,2,4,6,8,1-A1,,,"1,2;3,4;5,6;7,8;9,10;12,13-hexabenzoperopyrene""",797.9,0.012,797.9718,814.7557688380641,0.9794,0,38.3757,1.584056310397026,0.4457,B1,CH-oop (10.5-15 um; benzene nu11 at 673 included),4,-0.072
2254,140,C44H20,0,44,20,0,2,4,6,8,1-A1,,,"1,2;3,4;5,6;7,8;9,10;12,13-hexabenzoperopyrene""",861.6,0.0112,862.6046,880.7480089850928,0.9794,0,27.6724,1.4420468267071298,0.3214,B1,CH-oop (10.5-15 um; benzene nu11 at 673 included),4,-1.005
2255,140,C44H20,0,44,20,0,2,4,6,8,1-A1,,,"1,2;3,4;5,6;7,8;9,10;12,13-hexabenzoperopyrene""",846.4,0.0107,844.3528,862.1123136614253,0.9794,0,5.3328,0.7269552963164548,0.0619,B1,CH-oop (10.5-15 um; benzene nu11 at 673 included),4,2.047
2256,140,C44H20,0,44,20,0,2,4,6,8,1-A1,,,"1,2;3,4;5,6;7,8;9,10;12,13-hexabenzoperopyrene""",669.3,0.0105,667.5576,681.5985297120685,0.9794,0,2.7552,0.4401531297735607,0.032,B2,CH-oop (10.5-15 um; benzene nu11 at 673 included),3,1.742
2257,140,C44H20,0,44,20,0,2,4,6,8,1-A1,,,"1,2;3,4;5,6;7,8;9,10;12,13-hexabenzoperopyrene""",943.3,0.0102,954.5422,974.6193587910964,0.9794,0,1.0711,0.029830019310658536,0.0124,A1,ring / CH-ip (9-10.5 um),2,-11.242
2258,140,C44H20,0,44,20,0,2,4,6,8,1-A1,,,"1,2;3,4;5,6;7,8;9,10;12,13-hexabenzoperopyrene""",1601.7,0.0095,1601.3352,1652.3941801671654,0.9691,1,5.6106,0.7490093073801459,0.0652,B2,CC-stretch (6.2 um),8,0.365
2259,140,C44H20,0,44,20,0,2,4,6,8,1-A1,,,"1,2;3,4;5,6;7,8;9,10;12,13-hexabenzoperopyrene""",1313.7,0.0086,1310.7838,1352.578474873594,0.9691,1,5.1096,0.7083869031499286,0.0593,A1,CC-stretch/CH-ip (7.7 um),6,2.916
2260,140,C44H20,0,44,20,0,2,4,6,8,1-A1,,,"1,2;3,4;5,6;7,8;9,10;12,13-hexabenzoperopyrene""",1354.8,0.0086,1332.404,1374.888040449902,0.9691,1,4.3125,0.6347291080813305,0.0501,A1,CC-stretch/CH-ip (7.7 um),4,22.396
2261,140,C44H20,0,44,20,0,2,4,6,8,1-A1,,,"1,2;3,4;5,6;7,8;9,10;12,13-hexabenzoperopyrene""",725.1,0.0079,754.1503,770.012558709414,0.9794,0,2.1076,0.3237881899007507,0.0245,B2,CH-oop (10.5-15 um; benzene nu11 at 673 included),3,-29.05
2262,140,C44H20,0,44,20,0,2,4,6,8,1-A1,,,"1,2;3,4;5,6;7,8;9,10;12,13-hexabenzoperopyrene""",1615.2,0.0074,1615.1578,1666.657517284078,0.9691,1,3.5755,0.5533367823768884,0.0415,B2,CC-stretch (6.2 um),8,0.042
2263,140,C44H20,0,44,20,0,2,4,6,8,1-A1,,,"1,2;3,4;5,6;7,8;9,10;12,13-hexabenzoperopyrene""",1582.3,0.0059,1598.5826,1649.553812816015,0.9691,1,9.0864,0.958391851339384,0.1055,A1,CC-stretch (6.2 um),5,-16.283
2264,146,C48H20,0,48,20,0,4,8,0,8,1-A1,,,"difluoranthen-(3\',5\';4,6),(4"""",6"""";9,11)-coronene",3065.1,1.0,3067.0292,3195.820777326248,0.9597,2,50.4181,1.7025864753137823,0.3227,A1,CH-stretch,13,-1.929
2265,146,C48H20,0,48,20,0,4,8,0,8,1-A1,,,"difluoranthen-(3\',5\';4,6),(4"""",6"""";9,11)-coronene",1450.5,0.6421,1448.2045,1494.3808688473844,0.9691,1,6.3937,0.805752254800673,0.0409,A1,CC-stretch/CH-ip (7.7 um),9,2.295
2266,146,C48H20,0,48,20,0,4,8,0,8,1-A1,,,"difluoranthen-(3\',5\';4,6),(4"""",6"""";9,11)-coronene",1431.8,0.4791,1429.6645,1475.249716231555,0.9691,1,4.8159,0.6826774604135797,0.0308,B2,CC-stretch/CH-ip (7.7 um),9,2.135
2267,146,C48H20,0,48,20,0,4,8,0,8,1-A1,,,"difluoranthen-(3\',5\';4,6),(4"""",6"""";9,11)-coronene",1439.5,0.4214,1439.8542,1485.7643174079044,0.9691,1,11.8323,1.073069172372615,0.0757,A1,CC-stretch/CH-ip (7.7 um),9,-0.354
2268,146,C48H20,0,48,20,0,4,8,0,8,1-A1,,,"difluoranthen-(3\',5\';4,6),(4"""",6"""";9,11)-coronene",1495.6,0.3104,1485.2884,1532.6471984315344,0.9691,1,74.8024,1.8739155322232237,0.4788,B2,CC-stretch/CH-ip (7.7 um),4,10.312
2269,146,C48H20,0,48,20,0,4,8,0,8,1-A1,,,"difluoranthen-(3\',5\';4,6),(4"""",6"""";9,11)-coronene",1357.0,0.2689,1361.6467,1405.0631513775668,0.9691,1,6.9032,0.83905045598111,0.0442,B2,CC-stretch/CH-ip (7.7 um),8,-4.647
2270,146,C48H20,0,48,20,0,4,8,0,8,1-A1,,,"difluoranthen-(3\',5\';4,6),(4"""",6"""";9,11)-coronene",742.8,0.2485,748.123,763.8584847866041,0.9794,0,67.2507,1.8276968091882768,0.4305,B1,CH-oop (10.5-15 um; benzene nu11 at 673 included),3,-5.323
2271,146,C48H20,0,48,20,0,4,8,0,8,1-A1,,,"difluoranthen-(3\',5\';4,6),(4"""",6"""";9,11)-coronene",1611.0,0.1808,1609.756,1661.083479517078,0.9691,1,10.1792,1.0077136474272694,0.0652,B2,CC-stretch (6.2 um),8,1.244
2272,146,C48H20,0,48,20,0,4,8,0,8,1-A1,,,"difluoranthen-(3\',5\';4,6),(4"""",6"""";9,11)-coronene",1593.0,0.1788,1598.9137,1649.8954700237334,0.9691,1,1.6153,0.20825319307268497,0.0103,A1,CC-stretch (6.2 um),8,-5.914
2273,146,C48H20,0,48,20,0,4,8,0,8,1-A1,,,"difluoranthen-(3\',5\';4,6),(4"""",6"""";9,11)-coronene",1032.0,0.1324,1031.0186,1052.7043087604657,0.9794,0,9.8964,0.9954772406107557,0.0633,B2,ring / CH-ip (9-10.5 um),3,0.981
2274,146,C48H20,0,48,20,0,4,8,0,8,1-A1,,,"difluoranthen-(3\',5\';4,6),(4"""",6"""";9,11)-coronene",1339.0,0.1272,1338.4495,1381.1263027551336,0.9691,1,8.0704,0.9068950605569688,0.0517,A1,CC-stretch/CH-ip (7.7 um),7,0.551
2275,146,C48H20,0,48,20,0,4,8,0,8,1-A1,,,"difluoranthen-(3\',5\';4,6),(4"""",6"""";9,11)-coronene",1117.3,0.1214,1109.9493,1145.3403157568878,0.9691,1,26.8589,1.429088222267451,0.1719,B2,CH-ip-bend (8.6 um),3,7.351
2276,146,C48H20,0,48,20,0,4,8,0,8,1-A1,,,"difluoranthen-(3\',5\';4,6),(4"""",6"""";9,11)-coronene",812.1,0.1178,809.8527,826.8865632019604,0.9794,0,4.1326,0.6162233713596948,0.0265,B1,CH-oop (10.5-15 um; benzene nu11 at 673 included),5,2.247
2277,146,C48H20,0,48,20,0,4,8,0,8,1-A1,,,"difluoranthen-(3\',5\';4,6),(4"""",6"""";9,11)-coronene",904.5,0.1162,901.0898,920.0426791913416,0.9794,0,56.4016,1.7512914242194222,0.361,B1,CH-oop (10.5-15 um; benzene nu11 at 673 included),3,3.41
2278,146,C48H20,0,48,20,0,4,8,0,8,1-A1,,,"difluoranthen-(3\',5\';4,6),(4"""",6"""";9,11)-coronene",1294.1,0.0985,1298.9379,1340.3548653389742,0.9691,1,1.6693,0.22253439338171307,0.0107,A1,CC-stretch/CH-ip (7.7 um),3,-4.838
2279,146,C48H20,0,48,20,0,4,8,0,8,1-A1,,,"difluoranthen-(3\',5\';4,6),(4"""",6"""";9,11)-coronene",1647.4,0.0984,1633.7719,1685.8651325972553,0.9691,1,11.382,1.0562185812723062,0.0729,A1,CC-stretch (6.2 um),1,13.628
2280,146,C48H20,0,48,20,0,4,8,0,8,1-A1,,,"difluoranthen-(3\',5\';4,6),(4"""",6"""";9,11)-coronene",1552.0,0.0909,1532.5815,1581.448250954494,0.9691,1,6.2906,0.7986920706061261,0.0403,A1,CC-stretch (6.2 um),3,19.418
2281,146,C48H20,0,48,20,0,4,8,0,8,1-A1,,,"difluoranthen-(3\',5\';4,6),(4"""",6"""";9,11)-coronene",1155.1,0.0866,1156.2776,1193.145805386441,0.9691,1,2.552,0.4068806700491247,0.0163,A1,CH-ip-bend (8.6 um),8,-1.178
2282,146,C48H20,0,48,20,0,4,8,0,8,1-A1,,,"difluoranthen-(3\',5\';4,6),(4"""",6"""";9,11)-coronene",1392.4,0.0656,1401.2939,1445.974512434217,0.9691,1,8.6225,0.9356332030394283,0.0552,B2,CC-stretch/CH-ip (7.7 um),5,-8.894
2283,146,C48H20,0,48,20,0,4,8,0,8,1-A1,,,"difluoranthen-(3\',5\';4,6),(4"""",6"""";9,11)-coronene",1259.7,0.0543,1256.4373,1296.499122897534,0.9691,1,4.0627,0.608814754112072,0.026,B2,CC-stretch/CH-ip (7.7 um),5,3.263
2284,146,C48H20,0,48,20,0,4,8,0,8,1-A1,,,"difluoranthen-(3\',5\';4,6),(4"""",6"""";9,11)-coronene",1008.9,0.052,1003.8035,1024.916785787217,0.9794,0,13.6579,1.1353839285897973,0.0874,B2,ring / CH-ip (9-10.5 um),3,5.096
2285,146,C48H20,0,48,20,0,4,8,0,8,1-A1,,,"difluoranthen-(3\',5\';4,6),(4"""",6"""";9,11)-coronene",1350.6,0.0508,1351.0811,1394.160664534104,0.9691,1,35.9067,1.5551754931893984,0.2298,B2,CC-stretch/CH-ip (7.7 um),7,-0.481
2286,146,C48H20,0,48,20,0,4,8,0,8,1-A1,,,"difluoranthen-(3\',5\';4,6),(4"""",6"""";9,11)-coronene",691.6,0.0487,690.4736,704.9965284868287,0.9794,0,8.7924,0.9441074375866304,0.0563,B2,CH-oop (10.5-15 um; benzene nu11 at 673 included),3,1.126
2287,146,C48H20,0,48,20,0,4,8,0,8,1-A1,,,"difluoranthen-(3\',5\';4,6),(4"""",6"""";9,11)-coronene",1175.4,0.0474,1173.9529,1211.3846868228254,0.9691,1,11.4956,1.0605316437121939,0.0736,B2,CH-ip-bend (8.6 um),8,1.447
2288,146,C48H20,0,48,20,0,4,8,0,8,1-A1,,,"difluoranthen-(3\',5\';4,6),(4"""",6"""";9,11)-coronene",1625.2,0.047,1613.8031,1665.259622329997,0.9691,1,2.7928,0.44603983580612244,0.0179,A1,CC-stretch (6.2 um),7,11.397
2289,146,C48H20,0,48,20,0,4,8,0,8,1-A1,,,"difluoranthen-(3\',5\';4,6),(4"""",6"""";9,11)-coronene",1416.9,0.0465,1416.147,1461.3012073057475,0.9691,1,45.0097,1.6533061182755424,0.2881,B2,CC-stretch/CH-ip (7.7 um),8,0.753
2290,146,C48H20,0,48,20,0,4,8,0,8,1-A1,,,"difluoranthen-(3\',5\';4,6),(4"""",6"""";9,11)-coronene",777.6,0.0398,784.2694,800.7651623442924,0.9794,0,30.0772,1.4782374036898929,0.1925,B1,CH-oop (10.5-15 um; benzene nu11 at 673 included),4,-6.669
2291,146,C48H20,0,48,20,0,4,8,0,8,1-A1,,,"difluoranthen-(3\',5\';4,6),(4"""",6"""";9,11)-coronene",1318.4,0.0383,1315.4996,1357.4446393561038,0.9691,1,8.3506,0.9217176811515726,0.0535,A1,CC-stretch/CH-ip (7.7 um),5,2.9
2292,146,C48H20,0,48,20,0,4,8,0,8,1-A1,,,"difluoranthen-(3\',5\';4,6),(4"""",6"""";9,11)-coronene",583.4,0.033,584.5499,596.8449050439044,0.9794,0,7.4838,0.8741221727273581,0.0479,B2,low / skeletal,4,-1.15
2293,146,C48H20,0,48,20,0,4,8,0,8,1-A1,,,"difluoranthen-(3\',5\';4,6),(4"""",6"""";9,11)-coronene",1470.1,0.0318,1477.7628,1524.8816427613249,0.9691,1,4.6722,0.6695214250797918,0.0299,A1,CC-stretch/CH-ip (7.7 um),8,-7.663
2294,146,C48H20,0,48,20,0,4,8,0,8,1-A1,,,"difluoranthen-(3\',5\';4,6),(4"""",6"""";9,11)-coronene",1545.3,0.0312,1530.8914,1579.7042616861006,0.9691,1,13.9288,1.1439137025096093,0.0892,B2,CC-stretch (6.2 um),2,14.409
2295,146,C48H20,0,48,20,0,4,8,0,8,1-A1,,,"difluoranthen-(3\',5\';4,6),(4"""",6"""";9,11)-coronene",1143.8,0.0292,1147.8712,1184.4713651841917,0.9691,1,6.0494,0.7817123019894682,0.0387,B2,CH-ip-bend (8.6 um),6,-4.071
2296,146,C48H20,0,48,20,0,4,8,0,8,1-A1,,,"difluoranthen-(3\',5\';4,6),(4"""",6"""";9,11)-coronene",791.3,0.0252,788.3419,804.9233204002451,0.9794,0,5.9265,0.7727982887371275,0.0379,B2,CH-oop (10.5-15 um; benzene nu11 at 673 included),5,2.958
2297,146,C48H20,0,48,20,0,4,8,0,8,1-A1,,,"difluoranthen-(3\',5\';4,6),(4"""",6"""";9,11)-coronene",823.3,0.022,816.198,833.3653257096181,0.9794,0,49.4875,1.694495514760261,0.3168,B1,CH-oop (10.5-15 um; benzene nu11 at 673 included),3,7.102
2298,146,C48H20,0,48,20,0,4,8,0,8,1-A1,,,"difluoranthen-(3\',5\';4,6),(4"""",6"""";9,11)-coronene",973.5,0.0211,971.168,991.59485399224,0.9794,0,3.1749,0.5017300508462204,0.0203,B2,ring / CH-ip (9-10.5 um),1,2.332
2299,146,C48H20,0,48,20,0,4,8,0,8,1-A1,,,"difluoranthen-(3\',5\';4,6),(4"""",6"""";9,11)-coronene",561.5,0.0202,563.7447,575.6021033285684,0.9794,0,4.5612,0.6590791156507286,0.0292,B2,low / skeletal,4,-2.245
2300,146,C48H20,0,48,20,0,4,8,0,8,1-A1,,,"difluoranthen-(3\',5\';4,6),(4"""",6"""";9,11)-coronene",565.6,0.019,564.1798,576.04635491117,0.9794,0,4.0514,0.6076051237604303,0.0259,B1,low / skeletal,4,1.42
2301,146,C48H20,0,48,20,0,4,8,0,8,1-A1,,,"difluoranthen-(3\',5\';4,6),(4"""",6"""";9,11)-coronene",1189.1,0.0163,1186.2646,1224.0889485089258,0.9691,1,1.2017,0.07979606117235996,0.0077,B2,CH-ip-bend (8.6 um),5,2.835
2302,146,C48H20,0,48,20,0,4,8,0,8,1-A1,,,"difluoranthen-(3\',5\';4,6),(4"""",6"""";9,11)-coronene",723.7,0.0162,725.6064,740.8682867061466,0.9794,0,17.518,1.2434845220064583,0.1121,B1,CH-oop (10.5-15 um; benzene nu11 at 673 included),3,-1.906
2303,146,C48H20,0,48,20,0,4,8,0,8,1-A1,,,"difluoranthen-(3\',5\';4,6),(4"""",6"""";9,11)-coronene",486.9,0.0159,485.8808,496.1004696753114,0.9794,0,1.0337,0.014394516273535085,0.0066,A1,low / skeletal,2,1.019
2304,146,C48H20,0,48,20,0,4,8,0,8,1-A1,,,"difluoranthen-(3\',5\';4,6),(4"""",6"""";9,11)-coronene",1561.6,0.0158,1576.925,1627.2056547311938,0.9691,1,16.1657,1.2085945149825434,0.1035,B2,CC-stretch (6.2 um),3,-15.325
2305,146,C48H20,0,48,20,0,4,8,0,8,1-A1,,,"difluoranthen-(3\',5\';4,6),(4"""",6"""";9,11)-coronene",1367.9,0.0153,1378.6425,1422.6008667836136,0.9691,1,2.132,0.3287872003545347,0.0136,A1,CC-stretch/CH-ip (7.7 um),6,-10.742
2306,146,C48H20,0,48,20,0,4,8,0,8,1-A1,,,"difluoranthen-(3\',5\';4,6),(4"""",6"""";9,11)-coronene",1578.6,0.0147,1585.0497,1635.5894128572904,0.9691,1,7.3511,0.8663523306740739,0.0471,B2,CC-stretch (6.2 um),5,-6.45
2307,146,C48H20,0,48,20,0,4,8,0,8,1-A1,,,"difluoranthen-(3\',5\';4,6),(4"""",6"""";9,11)-coronene",874.0,0.0143,872.4433,890.793649172963,0.9794,0,4.6765,0.6699209386814429,0.0299,B1,CH-oop (10.5-15 um; benzene nu11 at 673 included),2,1.557
2308,146,C48H20,0,48,20,0,4,8,0,8,1-A1,,,"difluoranthen-(3\',5\';4,6),(4"""",6"""";9,11)-coronene",796.5,0.014,796.5171,813.270471717378,0.9794,0,8.8244,0.945685185952475,0.0565,B1,CH-oop (10.5-15 um; benzene nu11 at 673 included),5,-0.017
2309,146,C48H20,0,48,20,0,4,8,0,8,1-A1,,,"difluoranthen-(3\',5\';4,6),(4"""",6"""";9,11)-coronene",576.2,0.0138,575.7542,587.8642025730038,0.9794,0,1.1085,0.044735697450507,0.0071,B2,low / skeletal,4,0.446
2310,146,C48H20,0,48,20,0,4,8,0,8,1-A1,,,"difluoranthen-(3\',5\';4,6),(4"""",6"""";9,11)-coronene",1094.9,0.0115,1079.0265,1101.7219726363078,0.9794,0,2.7197,0.43452100126577287,0.0174,B2,ring / CH-ip (9-10.5 um),2,15.874
2311,146,C48H20,0,48,20,0,4,8,0,8,1-A1,,,"difluoranthen-(3\',5\';4,6),(4"""",6"""";9,11)-coronene",652.3,0.0105,649.6937,663.3588931999183,0.9794,0,2.3774,0.37610225837009986,0.0152,B2,low / skeletal,3,2.606
2312,146,C48H20,0,48,20,0,4,8,0,8,1-A1,,,"difluoranthen-(3\',5\';4,6),(4"""",6"""";9,11)-coronene",1219.6,0.0104,1226.1719,1265.2687029202357,0.9691,1,4.1042,0.6132285160365095,0.0263,A1,CH-ip-bend (8.6 um),4,-6.572
2313,146,C48H20,0,48,20,0,4,8,0,8,1-A1,,,"difluoranthen-(3\',5\';4,6),(4"""",6"""";9,11)-coronene",1224.4,0.0097,1233.0534,1272.3696212981115,0.9691,1,3.656,0.5630061870617938,0.0234,B2,CH-ip-bend (8.6 um),5,-8.653
2314,146,C48H20,0,48,20,0,4,8,0,8,1-A1,,,"difluoranthen-(3\',5\';4,6),(4"""",6"""";9,11)-coronene",1211.1,0.0097,1211.0838,1249.6995150139303,0.9691,1,1.5138,0.18006850090121826,0.0097,B2,CH-ip-bend (8.6 um),6,0.016
2315,146,C48H20,0,48,20,0,4,8,0,8,1-A1,,,"difluoranthen-(3\',5\';4,6),(4"""",6"""";9,11)-coronene",935.5,0.009,918.2284,937.5417602613844,0.9794,0,3.2045,0.5057602759200855,0.0205,B1,CH-oop (10.5-15 um; benzene nu11 at 673 included),2,17.272
2316,146,C48H20,0,48,20,0,4,8,0,8,1-A1,,,"difluoranthen-(3\',5\';4,6),(4"""",6"""";9,11)-coronene",628.8,0.008,624.2898,637.4206657137023,0.9794,0,1.5812,0.198986805670933,0.0101,B1,low / skeletal,2,4.51
2317,146,C48H20,0,48,20,0,4,8,0,8,1-A1,,,"difluoranthen-(3\',5\';4,6),(4"""",6"""";9,11)-coronene",1307.0,0.0069,1286.8248,1327.8555360643898,0.9691,1,20.4235,1.310130169701649,0.1307,B2,CC-stretch/CH-ip (7.7 um),5,20.175
2318,146,C48H20,0,48,20,0,4,8,0,8,1-A1,,,"difluoranthen-(3\',5\';4,6),(4"""",6"""";9,11)-coronene",676.2,0.0061,672.8003,686.9515009189299,0.9794,0,1.0655,0.027553454050220735,0.0068,B2,CH-oop (10.5-15 um; benzene nu11 at 673 included),3,3.4
2319,146,C48H20,0,48,20,0,4,8,0,8,1-A1,,,"difluoranthen-(3\',5\';4,6),(4"""",6"""";9,11)-coronene",1047.9,0.0047,1035.6864,1057.4702879313866,0.9794,0,7.471,0.8733787364091411,0.0478,B2,ring / CH-ip (9-10.5 um),2,12.214
2320,146,C48H20,0,48,20,0,4,8,0,8,1-A1,,,"difluoranthen-(3\',5\';4,6),(4"""",6"""";9,11)-coronene",1136.0,0.0042,1132.4978,1168.607780414818,0.9691,1,9.766,0.9897167199481047,0.0625,B2,CH-ip-bend (8.6 um),7,3.502
2321,146,C48H20,0,48,20,0,4,8,0,8,1-A1,,,"difluoranthen-(3\',5\';4,6),(4"""",6"""";9,11)-coronene",1239.7,0.0037,1250.0641,1289.9227117944486,0.9691,1,6.5549,0.8165660705830118,0.042,A1,CC-stretch/CH-ip (7.7 um),6,-10.364
2322,146,C48H20,0,48,20,0,4,8,0,8,1-A1,,,"difluoranthen-(3\',5\';4,6),(4"""",6"""";9,11)-coronene",1601.6,0.0035,1600.9488,1651.995459704881,0.9691,1,2.8118,0.44898442659480176,0.018,B2,CC-stretch (6.2 um),8,0.651
2323,146,C48H20,0,48,20,0,4,8,0,8,1-A1,,,"difluoranthen-(3\',5\';4,6),(4"""",6"""";9,11)-coronene",1480.6,0.0017,1480.7607,1527.97513156537,0.9691,1,6.2855,0.7983398307258572,0.0402,B2,CC-stretch/CH-ip (7.7 um),5,-0.161
2324,100,C48H20,0,48,20,0,4,16,0,0,1-A,,10.1021/jp983482y,dicoronylene,3063.4,1.0,3065.8166,3194.5572574762946,0.9597,2,3.9918,0.6011687738296929,0.0178,B1,CH-stretch,9,-2.417
2325,100,C48H20,0,48,20,0,4,16,0,0,1-A,,10.1021/jp983482y,dicoronylene,849.2,0.3921,848.441,866.2865019399633,0.9794,0,88.7953,1.948389978863233,0.3968,B3,CH-oop (10.5-15 um; benzene nu11 at 673 included),1,0.759
2326,100,C48H20,0,48,20,0,4,16,0,0,1-A,,10.1021/jp983482y,dicoronylene,886.6,0.3137,882.47,901.031243618542,0.9794,0,142.0795,2.152531420086954,0.6349,B3,CH-oop (10.5-15 um; benzene nu11 at 673 included),2,4.13
2327,100,C48H20,0,48,20,0,4,16,0,0,1-A,,10.1021/jp983482y,dicoronylene,1315.2,0.1961,1303.406,1344.9654318439789,0.9691,1,68.3374,1.834658451384999,0.3054,B1,CC-stretch/CH-ip (7.7 um),3,11.794
2328,100,C48H20,0,48,20,0,4,16,0,0,1-A,,10.1021/jp983482y,dicoronylene,1622.0,0.1765,1617.8938,1669.4807553400062,0.9691,1,77.1626,1.887406852805816,0.3448,B1,CC-stretch (6.2 um),5,4.106
2329,100,C48H20,0,48,20,0,4,16,0,0,1-A,,10.1021/jp983482y,dicoronylene,1491.8,0.0882,1493.0547,1540.6611288824683,0.9691,1,5.9583,0.7751223661271804,0.0266,B1,CC-stretch/CH-ip (7.7 um),2,-1.255
2330,100,C48H20,0,48,20,0,4,16,0,0,1-A,,10.1021/jp983482y,dicoronylene,544.3,0.0843,547.5334,559.0498264243414,0.9794,0,8.5854,0.933760534062559,0.0384,B3,low / skeletal,3,-3.233
2331,100,C48H20,0,48,20,0,4,16,0,0,1-A,,10.1021/jp983482y,dicoronylene,797.7,0.0843,802.5564,819.4367980396161,0.9794,0,4.245,0.6278776945799714,0.019,B3,CH-oop (10.5-15 um; benzene nu11 at 673 included),4,-4.856
2332,100,C48H20,0,48,20,0,4,16,0,0,1-A,,10.1021/jp983482y,dicoronylene,1292.6,0.0745,1294.427,1335.700134145083,0.9691,1,12.8008,1.1072371122047913,0.0572,B2,CC-stretch/CH-ip (7.7 um),3,-1.827
2333,100,C48H20,0,48,20,0,4,16,0,0,1-A,,10.1021/jp983482y,dicoronylene,1146.5,0.0686,1144.4305,1180.920957589516,0.9691,1,1.0291,0.012457578200773593,0.0046,B2,CH-ip-bend (8.6 um),4,2.07
2334,100,C48H20,0,48,20,0,4,16,0,0,1-A,,10.1021/jp983482y,dicoronylene,577.1,0.0608,580.7726,592.988156013886,0.9794,0,15.6048,1.193258206871714,0.0697,B3,low / skeletal,3,-3.673
2335,100,C48H20,0,48,20,0,4,16,0,0,1-A,,10.1021/jp983482y,dicoronylene,1456.5,0.049,1447.3282,1493.4766277989888,0.9691,1,20.5193,1.3121625410731734,0.0917,B1,CC-stretch/CH-ip (7.7 um),2,9.172
2336,100,C48H20,0,48,20,0,4,16,0,0,1-A,,10.1021/jp983482y,dicoronylene,1382.2,0.0451,1385.1998,1429.3672479620268,0.9691,1,1.5557,0.19192585171143622,0.007,B2,CC-stretch/CH-ip (7.7 um),4,-3.0
2337,100,C48H20,0,48,20,0,4,16,0,0,1-A,,10.1021/jp983482y,dicoronylene,1005.7,0.0333,1005.0483,1026.1877680212374,0.9794,0,14.9039,1.1732999279326113,0.0666,B1,ring / CH-ip (9-10.5 um),1,0.652
2338,100,C48H20,0,48,20,0,4,16,0,0,1-A,,10.1021/jp983482y,dicoronylene,1408.8,0.0333,1405.7904,1450.614384480446,0.9691,1,10.8334,1.0347647788324157,0.0484,B1,CC-stretch/CH-ip (7.7 um),4,3.01
2339,100,C48H20,0,48,20,0,4,16,0,0,1-A,,10.1021/jp983482y,dicoronylene,875.5,0.0333,896.0936,914.9413926894016,0.9794,0,1.2022,0.07997672363259792,0.0054,B2,CH-oop (10.5-15 um; benzene nu11 at 673 included),3,-20.594
2340,100,C48H20,0,48,20,0,4,16,0,0,1-A,,10.1021/jp983482y,dicoronylene,1218.6,0.0294,1215.989,1254.7611185636158,0.9691,1,1.7591,0.24529052860683284,0.0079,B2,CH-ip-bend (8.6 um),3,2.611
2341,100,C48H20,0,48,20,0,4,16,0,0,1-A,,10.1021/jp983482y,dicoronylene,1306.1,0.0255,1281.8699,1322.7426478175626,0.9691,1,11.6104,1.0648471822536707,0.0519,B2,CC-stretch/CH-ip (7.7 um),3,24.23
2342,100,C48H20,0,48,20,0,4,16,0,0,1-A,,10.1021/jp983482y,dicoronylene,1513.4,0.0188,1503.0192,1550.9433494995358,0.9691,1,5.7873,0.7624759957500326,0.0259,B2,CC-stretch (6.2 um),2,10.381
2343,100,C48H20,0,48,20,0,4,16,0,0,1-A,,10.1021/jp983482y,dicoronylene,780.6,0.018,770.2428,786.4435368593016,0.9794,0,1.1962,0.07780379807608821,0.0053,B3,CH-oop (10.5-15 um; benzene nu11 at 673 included),3,10.357
2344,100,C48H20,0,48,20,0,4,16,0,0,1-A,,10.1021/jp983482y,dicoronylene,740.5,0.0167,735.8113,751.2878292832346,0.9794,0,2.9628,0.47170233597955713,0.0132,B1,CH-oop (10.5-15 um; benzene nu11 at 673 included),3,4.689
2345,100,C48H20,0,48,20,0,4,16,0,0,1-A,,10.1021/jp983482y,dicoronylene,1359.3,0.0159,1348.5493,1391.5481374471158,0.9691,1,5.6933,0.7553640689181408,0.0254,B2,CC-stretch/CH-ip (7.7 um),4,10.751
2346,100,C48H20,0,48,20,0,4,16,0,0,1-A,,10.1021/jp983482y,dicoronylene,735.4,0.0147,731.8515,747.2447416785786,0.9794,0,5.0029,0.6992218221154239,0.0224,B2,CH-oop (10.5-15 um; benzene nu11 at 673 included),2,3.548
2347,100,C48H20,0,48,20,0,4,16,0,0,1-A,,10.1021/jp983482y,dicoronylene,1239.6,0.0143,1238.1865,1277.6663914972655,0.9691,1,8.0158,0.9039468726973262,0.0358,B2,CH-ip-bend (8.6 um),3,1.413
2348,100,C48H20,0,48,20,0,4,16,0,0,1-A,,10.1021/jp983482y,dicoronylene,784.2,0.0096,792.0943,808.7546457014498,0.9794,0,26.753,1.4273724895494824,0.1195,B1,CH-oop (10.5-15 um; benzene nu11 at 673 included),4,-7.894
2349,100,C48H20,0,48,20,0,4,16,0,0,1-A,,10.1021/jp983482y,dicoronylene,1135.6,0.0088,1139.9921,1176.3410380765658,0.9691,1,14.5943,1.1641832693529555,0.0652,B2,CH-ip-bend (8.6 um),4,-4.392
2350,100,C48H20,0,48,20,0,4,16,0,0,1-A,,10.1021/jp983482y,dicoronylene,1447.8,0.0088,1432.824,1478.5099576927048,0.9691,1,3.175,0.5017437296279944,0.0142,B1,CC-stretch/CH-ip (7.7 um),2,14.976
2351,100,C48H20,0,48,20,0,4,16,0,0,1-A,,10.1021/jp983482y,dicoronylene,1328.9,0.0084,1338.1863,1380.8547105561863,0.9691,1,7.3465,0.866080482932676,0.0328,B1,CC-stretch/CH-ip (7.7 um),3,-9.286
2352,100,C48H20,0,48,20,0,4,16,0,0,1-A,,10.1021/jp983482y,dicoronylene,1371.6,0.0057,1371.0231,1414.7385202765454,0.9691,1,7.7874,0.8913924828162426,0.0348,B1,CC-stretch/CH-ip (7.7 um),4,0.577
2353,143,C48H22,0,48,22,0,2,2,6,12,1-A',,,"12,13-o-phenylene-1,2;3,4;5,6;7,8;9,10-pentabenzoperopyrene",3092.8,1.0,3093.4024,3223.301448369282,0.9597,2,31.1614,1.4936169611512413,0.2795,A',CH-stretch,15,-0.602
2354,143,C48H22,0,48,22,0,2,2,6,12,1-A',,,"12,13-o-phenylene-1,2;3,4;5,6;7,8;9,10-pentabenzoperopyrene",1401.4,0.7038,1397.2038,1441.7539985553608,0.9691,1,43.0168,1.6336381002859404,0.3858,"A""",CC-stretch/CH-ip (7.7 um),5,4.196
2355,143,C48H22,0,48,22,0,2,2,6,12,1-A',,,"12,13-o-phenylene-1,2;3,4;5,6;7,8;9,10-pentabenzoperopyrene",755.3,0.5963,752.8485,768.683377578109,0.9794,0,65.6948,1.8175309948157714,0.5893,A',CH-oop (10.5-15 um; benzene nu11 at 673 included),3,2.452
2356,143,C48H22,0,48,22,0,2,2,6,12,1-A',,,"12,13-o-phenylene-1,2;3,4;5,6;7,8;9,10-pentabenzoperopyrene",1592.5,0.1653,1592.3763,1643.149623361882,0.9691,1,2.9314,0.46707508351520644,0.0263,"A""",CC-stretch (6.2 um),7,0.124
2357,143,C48H22,0,48,22,0,2,2,6,12,1-A',,,"12,13-o-phenylene-1,2;3,4;5,6;7,8;9,10-pentabenzoperopyrene",1428.7,0.1302,1428.3649,1473.9086781549893,0.9691,1,1.3925,0.14379520384576652,0.0125,A',CC-stretch/CH-ip (7.7 um),5,0.335
2358,143,C48H22,0,48,22,0,2,2,6,12,1-A',,,"12,13-o-phenylene-1,2;3,4;5,6;7,8;9,10-pentabenzoperopyrene",1383.0,0.1122,1386.9102,1431.1321845010837,0.9691,1,8.8185,0.945394719244763,0.0791,A',CC-stretch/CH-ip (7.7 um),6,-3.91
2359,143,C48H22,0,48,22,0,2,2,6,12,1-A',,,"12,13-o-phenylene-1,2;3,4;5,6;7,8;9,10-pentabenzoperopyrene",1470.2,0.1015,1467.2573,1514.041172221649,0.9691,1,5.3752,0.7303946280816785,0.0482,"A""",CC-stretch/CH-ip (7.7 um),5,2.943
2360,143,C48H22,0,48,22,0,2,2,6,12,1-A',,,"12,13-o-phenylene-1,2;3,4;5,6;7,8;9,10-pentabenzoperopyrene",1512.1,0.0888,1504.1118,1552.0707873284491,0.9691,1,6.926,0.840482487213442,0.0621,"A""",CC-stretch (6.2 um),5,7.988
2361,143,C48H22,0,48,22,0,2,2,6,12,1-A',,,"12,13-o-phenylene-1,2;3,4;5,6;7,8;9,10-pentabenzoperopyrene",805.4,0.0848,804.8749,821.804063712477,0.9794,0,6.1355,0.7878499604440706,0.055,A',CH-oop (10.5-15 um; benzene nu11 at 673 included),4,0.525
2362,143,C48H22,0,48,22,0,2,2,6,12,1-A',,,"12,13-o-phenylene-1,2;3,4;5,6;7,8;9,10-pentabenzoperopyrene",622.1,0.0843,622.7283,635.8263222381049,0.9794,0,13.1142,1.1177418026516839,0.1176,"A""",low / skeletal,3,-0.628
2363,143,C48H22,0,48,22,0,2,2,6,12,1-A',,,"12,13-o-phenylene-1,2;3,4;5,6;7,8;9,10-pentabenzoperopyrene",1610.3,0.0832,1614.6539,1666.1375503044062,0.9691,1,1.1795,0.07169794522161425,0.0106,"A""",CC-stretch (6.2 um),7,-4.354
2364,143,C48H22,0,48,22,0,2,2,6,12,1-A',,,"12,13-o-phenylene-1,2;3,4;5,6;7,8;9,10-pentabenzoperopyrene",1532.7,0.0828,1527.5268,1576.232380559282,0.9691,1,18.3951,1.2647021530983849,0.165,A',CC-stretch (6.2 um),3,5.173
2365,143,C48H22,0,48,22,0,2,2,6,12,1-A',,,"12,13-o-phenylene-1,2;3,4;5,6;7,8;9,10-pentabenzoperopyrene",1457.9,0.0824,1452.2238,1498.5283252502322,0.9691,1,7.7351,0.8884659326659564,0.0694,A',CC-stretch/CH-ip (7.7 um),6,5.676
2366,143,C48H22,0,48,22,0,2,2,6,12,1-A',,,"12,13-o-phenylene-1,2;3,4;5,6;7,8;9,10-pentabenzoperopyrene",1492.9,0.0753,1497.7303,1545.4858115777529,0.9691,1,3.6823,0.5661191679368927,0.033,A',CC-stretch/CH-ip (7.7 um),4,-4.83
2367,143,C48H22,0,48,22,0,2,2,6,12,1-A',,,"12,13-o-phenylene-1,2;3,4;5,6;7,8;9,10-pentabenzoperopyrene",1544.4,0.0695,1541.4374,1590.5865235785782,0.9691,1,9.5106,0.978207916355858,0.0853,"A""",CC-stretch (6.2 um),2,2.963
2368,143,C48H22,0,48,22,0,2,2,6,12,1-A',,,"12,13-o-phenylene-1,2;3,4;5,6;7,8;9,10-pentabenzoperopyrene",1066.3,0.0684,1068.4015,1090.8734939759036,0.9794,0,2.0177,0.30485659399702825,0.0181,A',ring / CH-ip (9-10.5 um),5,-2.101
2369,143,C48H22,0,48,22,0,2,2,6,12,1-A',,,"12,13-o-phenylene-1,2;3,4;5,6;7,8;9,10-pentabenzoperopyrene",525.5,0.0579,523.5583,534.5704512967122,0.9794,0,10.9767,1.0404717948316697,0.0985,"A""",low / skeletal,2,1.942
2370,143,C48H22,0,48,22,0,2,2,6,12,1-A',,,"12,13-o-phenylene-1,2;3,4;5,6;7,8;9,10-pentabenzoperopyrene",1367.9,0.0559,1367.8045,1411.417294396863,0.9691,1,12.6036,1.10049461153232,0.1131,A',CC-stretch/CH-ip (7.7 um),5,0.096
2371,143,C48H22,0,48,22,0,2,2,6,12,1-A',,,"12,13-o-phenylene-1,2;3,4;5,6;7,8;9,10-pentabenzoperopyrene",1249.8,0.0486,1245.2364,1284.9410793519762,0.9691,1,4.0111,0.603263489432861,0.036,A',CH-ip-bend (8.6 um),3,4.564
2372,143,C48H22,0,48,22,0,2,2,6,12,1-A',,,"12,13-o-phenylene-1,2;3,4;5,6;7,8;9,10-pentabenzoperopyrene",1186.4,0.0455,1178.2749,1215.844494892168,0.9691,1,1.1012,0.04186620272129263,0.0099,A',CH-ip-bend (8.6 um),4,8.125
2373,143,C48H22,0,48,22,0,2,2,6,12,1-A',,,"12,13-o-phenylene-1,2;3,4;5,6;7,8;9,10-pentabenzoperopyrene",1062.2,0.0414,1071.8239,1094.3678782928323,0.9794,0,6.6782,0.8246594212466141,0.0599,"A""",ring / CH-ip (9-10.5 um),4,-9.624
2374,143,C48H22,0,48,22,0,2,2,6,12,1-A',,,"12,13-o-phenylene-1,2;3,4;5,6;7,8;9,10-pentabenzoperopyrene",1172.3,0.0405,1167.6684,1204.8998039418018,0.9691,1,1.9257,0.28458863040394033,0.0173,"A""",CH-ip-bend (8.6 um),4,4.632
2375,143,C48H22,0,48,22,0,2,2,6,12,1-A',,,"12,13-o-phenylene-1,2;3,4;5,6;7,8;9,10-pentabenzoperopyrene",651.9,0.0364,651.4707,665.1732693485807,0.9794,0,3.7477,0.5737648187261024,0.0336,A',CH-oop (10.5-15 um; benzene nu11 at 673 included),4,0.429
2376,143,C48H22,0,48,22,0,2,2,6,12,1-A',,,"12,13-o-phenylene-1,2;3,4;5,6;7,8;9,10-pentabenzoperopyrene",813.9,0.0351,811.4807,828.5488053910557,0.9794,0,4.5748,0.6603721124363487,0.041,"A""",CH-oop (10.5-15 um; benzene nu11 at 673 included),4,2.419
2377,143,C48H22,0,48,22,0,2,2,6,12,1-A',,,"12,13-o-phenylene-1,2;3,4;5,6;7,8;9,10-pentabenzoperopyrene",1333.3,0.0337,1332.7906,1375.2869672892375,0.9691,1,2.3639,0.37362910064966837,0.0212,"A""",CC-stretch/CH-ip (7.7 um),5,0.509
2378,143,C48H22,0,48,22,0,2,2,6,12,1-A',,,"12,13-o-phenylene-1,2;3,4;5,6;7,8;9,10-pentabenzoperopyrene",1299.8,0.032,1303.2945,1344.850376638118,0.9691,1,3.1256,0.49493339821672805,0.028,A',CC-stretch/CH-ip (7.7 um),4,-3.495
2379,143,C48H22,0,48,22,0,2,2,6,12,1-A',,,"12,13-o-phenylene-1,2;3,4;5,6;7,8;9,10-pentabenzoperopyrene",1267.0,0.0318,1263.7356,1304.0301310494274,0.9691,1,2.603,0.41547416810923576,0.0233,A',CC-stretch/CH-ip (7.7 um),5,3.264
2380,143,C48H22,0,48,22,0,2,2,6,12,1-A',,,"12,13-o-phenylene-1,2;3,4;5,6;7,8;9,10-pentabenzoperopyrene",628.8,0.0309,629.6184,642.8613436798039,0.9794,0,3.9569,0.5973550747803146,0.0355,A',low / skeletal,3,-0.818
2381,143,C48H22,0,48,22,0,2,2,6,12,1-A',,,"12,13-o-phenylene-1,2;3,4;5,6;7,8;9,10-pentabenzoperopyrene",1446.8,0.0304,1449.4425,1495.6583427922817,0.9691,1,9.7493,0.9889734344625475,0.0874,"A""",CC-stretch/CH-ip (7.7 um),5,-2.643
2382,143,C48H22,0,48,22,0,2,2,6,12,1-A',,,"12,13-o-phenylene-1,2;3,4;5,6;7,8;9,10-pentabenzoperopyrene",663.9,0.0267,662.2052,676.1335511537676,0.9794,0,3.8053,0.5803889011088619,0.0341,"A""",CH-oop (10.5-15 um; benzene nu11 at 673 included),2,1.695
2383,143,C48H22,0,48,22,0,2,2,6,12,1-A',,,"12,13-o-phenylene-1,2;3,4;5,6;7,8;9,10-pentabenzoperopyrene",578.1,0.0251,577.4545,589.6002654686544,0.9794,0,3.0723,0.48746362085923006,0.0276,"A""",low / skeletal,3,0.645
2384,143,C48H22,0,48,22,0,2,2,6,12,1-A',,,"12,13-o-phenylene-1,2;3,4;5,6;7,8;9,10-pentabenzoperopyrene",1321.4,0.0207,1323.8189,1366.0292023526983,0.9691,1,1.0693,0.02909956682354282,0.0096,"A""",CC-stretch/CH-ip (7.7 um),6,-2.419
2385,143,C48H22,0,48,22,0,2,2,6,12,1-A',,,"12,13-o-phenylene-1,2;3,4;5,6;7,8;9,10-pentabenzoperopyrene",1004.4,0.0136,1005.4411,1026.5888298958546,0.9794,0,1.5343,0.18591028504071444,0.0138,A',ring / CH-ip (9-10.5 um),1,-1.041
2386,143,C48H22,0,48,22,0,2,2,6,12,1-A',,,"12,13-o-phenylene-1,2;3,4;5,6;7,8;9,10-pentabenzoperopyrene",1147.0,0.0136,1139.511,1175.8445980806937,0.9691,1,1.1412,0.057361762985038756,0.0102,A',CH-ip-bend (8.6 um),3,7.489
2387,143,C48H22,0,48,22,0,2,2,6,12,1-A',,,"12,13-o-phenylene-1,2;3,4;5,6;7,8;9,10-pentabenzoperopyrene",1136.0,0.0121,1126.4852,1162.4034671344548,0.9691,1,2.8464,0.4542959307398498,0.0255,"A""",CH-ip-bend (8.6 um),2,9.515
2388,143,C48H22,0,48,22,0,2,2,6,12,1-A',,,"12,13-o-phenylene-1,2;3,4;5,6;7,8;9,10-pentabenzoperopyrene",1038.0,0.0117,1040.9996,1062.8952419848888,0.9794,0,1.405,0.1476763242410987,0.0126,"A""",ring / CH-ip (9-10.5 um),1,-3.0
2389,143,C48H22,0,48,22,0,2,2,6,12,1-A',,,"12,13-o-phenylene-1,2;3,4;5,6;7,8;9,10-pentabenzoperopyrene",1101.5,0.0098,1093.8739,1128.7523475389537,0.9691,1,2.8963,0.4618435442642932,0.026,"A""",ring / CH-ip (9-10.5 um),4,7.626
2390,143,C48H22,0,48,22,0,2,2,6,12,1-A',,,"12,13-o-phenylene-1,2;3,4;5,6;7,8;9,10-pentabenzoperopyrene",1349.0,0.0089,1354.2792,1397.4607367660717,0.9691,1,5.4518,0.73653991530468,0.0489,A',CC-stretch/CH-ip (7.7 um),6,-5.279
2391,143,C48H22,0,48,22,0,2,2,6,12,1-A',,,"12,13-o-phenylene-1,2;3,4;5,6;7,8;9,10-pentabenzoperopyrene",487.5,0.0084,485.6618,495.8768633857464,0.9794,0,1.0199,0.008557591784246987,0.0091,"A""",low / skeletal,2,1.838
2392,143,C48H22,0,48,22,0,2,2,6,12,1-A',,,"12,13-o-phenylene-1,2;3,4;5,6;7,8;9,10-pentabenzoperopyrene",566.1,0.0083,565.4445,577.337655707576,0.9794,0,1.933,0.286231854028553,0.0173,A',low / skeletal,4,0.656
2393,143,C48H22,0,48,22,0,2,2,6,12,1-A',,,"12,13-o-phenylene-1,2;3,4;5,6;7,8;9,10-pentabenzoperopyrene",550.0,0.0065,545.4993,556.9729426179292,0.9794,0,1.1146,0.047119038720181416,0.01,"A""",low / skeletal,4,4.501
2394,143,C48H22,0,48,22,0,2,2,6,12,1-A',,,"12,13-o-phenylene-1,2;3,4;5,6;7,8;9,10-pentabenzoperopyrene",783.1,0.0056,785.3147,801.832448437819,0.9794,0,111.4866,2.047222671009469,1.0,A',CH-oop (10.5-15 um; benzene nu11 at 673 included),4,-2.215
2395,143,C48H22,0,48,22,0,2,2,6,12,1-A',,,"12,13-o-phenylene-1,2;3,4;5,6;7,8;9,10-pentabenzoperopyrene",721.5,0.0049,738.1564,753.6822544414947,0.9794,0,26.5377,1.4238632802242324,0.238,A',CH-oop (10.5-15 um; benzene nu11 at 673 included),3,-16.656
2396,143,C48H22,0,48,22,0,2,2,6,12,1-A',,,"12,13-o-phenylene-1,2;3,4;5,6;7,8;9,10-pentabenzoperopyrene",470.1,0.0038,459.4032,469.0659587502553,0.9794,0,3.5697,0.5526317192440762,0.032,A',low / skeletal,2,10.697
2397,143,C48H22,0,48,22,0,2,2,6,12,1-A',,,"12,13-o-phenylene-1,2;3,4;5,6;7,8;9,10-pentabenzoperopyrene",1354.3,0.0038,1337.0686,1379.7013724073884,0.9691,1,1.3873,0.14217038627609552,0.0124,A',CC-stretch/CH-ip (7.7 um),5,17.231
2398,143,C48H22,0,48,22,0,2,2,6,12,1-A',,,"12,13-o-phenylene-1,2;3,4;5,6;7,8;9,10-pentabenzoperopyrene",1257.6,0.0034,1257.1903,1297.2761324940666,0.9691,1,6.8978,0.8387105979531472,0.0619,A',CC-stretch/CH-ip (7.7 um),4,0.41
2399,101,C48H20+,1,48,20,0,4,16,0,0,2-AU,,,dicoronylene,1340.8,1.0,1335.1265,1377.6973480548963,0.9691,1,823.0711,2.9154373528355153,1.0,B1U,CC-stretch/CH-ip (7.7 um),2,5.673
2400,101,C48H20+,1,48,20,0,4,16,0,0,2-AU,,,dicoronylene,1610.1,0.5,1607.7846,1659.0492209266329,0.9691,1,2.0902,0.3201878434032634,0.0025,B2U,CC-stretch (6.2 um),3,2.315
2401,101,C48H20+,1,48,20,0,4,16,0,0,2-AU,,,dicoronylene,1179.5,0.1267,1177.164,1214.6981735630998,0.9691,1,239.9809,2.3801766777337114,0.2916,B1U,CH-ip-bend (8.6 um),3,2.336
2402,101,C48H20+,1,48,20,0,4,16,0,0,2-AU,,,dicoronylene,1217.1,0.12,1218.6316,1257.4879785367866,0.9691,1,13.0875,1.1168566946868987,0.0159,B2U,CH-ip-bend (8.6 um),5,-1.532
2403,101,C48H20+,1,48,20,0,4,16,0,0,2-AU,,,dicoronylene,1467.5,0.0667,1468.3444,1515.1629346816635,0.9691,1,10.4822,1.0204524417687635,0.0127,B2U,CC-stretch/CH-ip (7.7 um),4,-0.844
2404,101,C48H20+,1,48,20,0,4,16,0,0,2-AU,,,dicoronylene,1050.2,0.0567,1052.2437,1074.3758423524607,0.9794,0,70.6221,1.8489406274844005,0.0858,B1U,ring / CH-ip (9-10.5 um),2,-2.044
2405,101,C48H20+,1,48,20,0,4,16,0,0,2-AU,,,dicoronylene,1327.0,0.0367,1310.7697,1352.5639252915078,0.9691,1,40.4367,1.6067757060122234,0.0491,B1U,CC-stretch/CH-ip (7.7 um),5,16.23
2406,101,C48H20+,1,48,20,0,4,16,0,0,2-AU,,,dicoronylene,1166.5,0.0367,1151.4225,1188.135899287999,0.9691,1,15.8604,1.2003141360460339,0.0193,B1U,CH-ip-bend (8.6 um),4,15.078
2407,101,C48H20+,1,48,20,0,4,16,0,0,2-AU,,,dicoronylene,858.0,0.0333,860.1407,878.2322850724934,0.9794,0,73.0109,1.8633877019899538,0.0887,B3U,CH-oop (10.5-15 um; benzene nu11 at 673 included),1,-2.141
2408,101,C48H20+,1,48,20,0,4,16,0,0,2-AU,,,dicoronylene,1445.8,0.0297,1444.008,1490.0505623774636,0.9691,1,14.3198,1.1559369523640894,0.0174,B2U,CC-stretch/CH-ip (7.7 um),5,1.792
2409,101,C48H20+,1,48,20,0,4,16,0,0,2-AU,,,dicoronylene,1306.5,0.029,1305.7789,1347.4139923640491,0.9691,1,49.6119,1.6955858596448277,0.0603,B2U,CC-stretch/CH-ip (7.7 um),4,0.721
2410,101,C48H20+,1,48,20,0,4,16,0,0,2-AU,,,dicoronylene,1356.8,0.0257,1347.8778,1390.8552264988134,0.9691,1,13.4176,1.1276748407234742,0.0163,B2U,CC-stretch/CH-ip (7.7 um),5,8.922
2411,101,C48H20+,1,48,20,0,4,16,0,0,2-AU,,,dicoronylene,1150.3,0.0243,1145.2337,1181.7497678258178,0.9691,1,4.0325,0.6055743760609991,0.0049,B1U,CH-ip-bend (8.6 um),4,5.066
2412,101,C48H20+,1,48,20,0,4,16,0,0,2-AU,,,dicoronylene,890.7,0.0243,890.0808,908.8021237492342,0.9794,0,168.5886,2.226828204188591,0.2048,B3U,CH-oop (10.5-15 um; benzene nu11 at 673 included),1,0.619
2413,101,C48H20+,1,48,20,0,4,16,0,0,2-AU,,,dicoronylene,1586.9,0.0183,1579.1539,1629.5056237746364,0.9691,1,588.7463,2.7699281908042437,0.7153,B1U,CC-stretch (6.2 um),5,7.746
2414,101,C48H20+,1,48,20,0,4,16,0,0,2-AU,,,dicoronylene,1483.0,0.0137,1480.8982,1528.1170157878446,0.9691,1,4.8659,0.6871631794212586,0.0059,B1U,CC-stretch/CH-ip (7.7 um),3,2.102
2415,101,C48H20+,1,48,20,0,4,16,0,0,2-AU,,,dicoronylene,1348.2,0.0117,1374.9511,1418.7917655556705,0.9691,1,20.5846,1.3135424322040128,0.025,B1U,CC-stretch/CH-ip (7.7 um),4,-26.751
2416,101,C48H20+,1,48,20,0,4,16,0,0,2-AU,,,dicoronylene,1185.5,0.011,1203.8529,1242.238055928181,0.9691,1,39.5993,1.597687508935,0.0481,B2U,CH-ip-bend (8.6 um),3,-18.353
2417,101,C48H20+,1,48,20,0,4,16,0,0,2-AU,,,dicoronylene,1365.4,0.01,1376.923,1420.826540088742,0.9691,1,13.3521,1.1255495763139074,0.0162,B2U,CC-stretch/CH-ip (7.7 um),4,-11.523
2418,101,C48H20+,1,48,20,0,4,16,0,0,2-AU,,,dicoronylene,1372.8,0.0083,1382.8076,1426.8987720565474,0.9691,1,24.4574,1.3884102864831738,0.0297,B1U,CC-stretch/CH-ip (7.7 um),5,-10.008
2419,149,C50H22,0,50,22,0,0,2,12,8,1-A',,,"1,14-benzodiphenanthreno-(1"""",9"""";2,4),(9\'"""", 1\'"""";11,13)-bisanthene",3094.3,1.0,3097.9713,3228.0622069396686,0.9597,2,18.4589,1.2662058170493713,0.2503,"A""",CH-stretch,14,-3.671
2420,149,C50H22,0,50,22,0,0,2,12,8,1-A',,,"1,14-benzodiphenanthreno-(1"""",9"""";2,4),(9\'"""", 1\'"""";11,13)-bisanthene",761.1,0.4218,763.5371,779.5967939554829,0.9794,0,6.009,0.7788022040132387,0.0815,"A""",CH-oop (10.5-15 um; benzene nu11 at 673 included),7,-2.437
2421,149,C50H22,0,50,22,0,0,2,12,8,1-A',,,"1,14-benzodiphenanthreno-(1"""",9"""";2,4),(9\'"""", 1\'"""";11,13)-bisanthene",1471.0,0.374,1466.424,1513.181302239191,0.9691,1,15.6474,1.1944421847284834,0.2122,"A""",CC-stretch/CH-ip (7.7 um),8,4.576
2422,149,C50H22,0,50,22,0,0,2,12,8,1-A',,,"1,14-benzodiphenanthreno-(1"""",9"""";2,4),(9\'"""", 1\'"""";11,13)-bisanthene",751.9,0.1371,754.6251,770.4973453134571,0.9794,0,1.5721,0.1964801677001481,0.0213,"A""",CH-oop (10.5-15 um; benzene nu11 at 673 included),8,-2.725
2423,149,C50H22,0,50,22,0,0,2,12,8,1-A',,,"1,14-benzodiphenanthreno-(1"""",9"""";2,4),(9\'"""", 1\'"""";11,13)-bisanthene",781.2,0.1315,791.5945,808.2443332652645,0.9794,0,16.6463,1.2213177172325618,0.2257,A',CH-oop (10.5-15 um; benzene nu11 at 673 included),7,-10.394
2424,149,C50H22,0,50,22,0,0,2,12,8,1-A',,,"1,14-benzodiphenanthreno-(1"""",9"""";2,4),(9\'"""", 1\'"""";11,13)-bisanthene",1415.0,0.1242,1424.8456,1470.2771643793212,0.9691,1,6.0242,0.7798993817607935,0.0817,"A""",CC-stretch/CH-ip (7.7 um),6,-9.846
2425,149,C50H22,0,50,22,0,0,2,12,8,1-A',,,"1,14-benzodiphenanthreno-(1"""",9"""";2,4),(9\'"""", 1\'"""";11,13)-bisanthene",1394.9,0.1204,1395.4105,1439.9035187287177,0.9691,1,15.7631,1.197641630698019,0.2137,"A""",CC-stretch/CH-ip (7.7 um),7,-0.51
2426,149,C50H22,0,50,22,0,0,2,12,8,1-A',,,"1,14-benzodiphenanthreno-(1"""",9"""";2,4),(9\'"""", 1\'"""";11,13)-bisanthene",1594.4,0.1064,1591.0891,1641.8213806624703,0.9691,1,4.5158,0.6547346992361462,0.0612,"A""",CC-stretch (6.2 um),7,3.311
2427,149,C50H22,0,50,22,0,0,2,12,8,1-A',,,"1,14-benzodiphenanthreno-(1"""",9"""";2,4),(9\'"""", 1\'"""";11,13)-bisanthene",1053.3,0.097,1061.8386,1084.1725546252808,0.9794,0,14.0604,1.1479976759698447,0.1906,"A""",ring / CH-ip (9-10.5 um),3,-8.539
2428,149,C50H22,0,50,22,0,0,2,12,8,1-A',,,"1,14-benzodiphenanthreno-(1"""",9"""";2,4),(9\'"""", 1\'"""";11,13)-bisanthene",818.3,0.0963,817.5362,834.7316724525219,0.9794,0,7.8878,0.8969558902701792,0.1069,A',CH-oop (10.5-15 um; benzene nu11 at 673 included),6,0.764
2429,149,C50H22,0,50,22,0,0,2,12,8,1-A',,,"1,14-benzodiphenanthreno-(1"""",9"""";2,4),(9\'"""", 1\'"""";11,13)-bisanthene",1405.2,0.0926,1405.0689,1449.8698792694254,0.9691,1,6.2729,0.7974683642479423,0.0851,"A""",CC-stretch/CH-ip (7.7 um),7,0.131
2430,149,C50H22,0,50,22,0,0,2,12,8,1-A',,,"1,14-benzodiphenanthreno-(1"""",9"""";2,4),(9\'"""", 1\'"""";11,13)-bisanthene",915.9,0.0843,908.7204,927.8337757810904,0.9794,0,17.9298,1.2535754452018473,0.2431,"A""",CH-oop (10.5-15 um; benzene nu11 at 673 included),4,7.18
2431,149,C50H22,0,50,22,0,0,2,12,8,1-A',,,"1,14-benzodiphenanthreno-(1"""",9"""";2,4),(9\'"""", 1\'"""";11,13)-bisanthene",1324.1,0.0696,1322.1683,1364.3259725518524,0.9691,1,5.7304,0.7581849381505654,0.0777,"A""",CC-stretch/CH-ip (7.7 um),7,1.932
2432,149,C50H22,0,50,22,0,0,2,12,8,1-A',,,"1,14-benzodiphenanthreno-(1"""",9"""";2,4),(9\'"""", 1\'"""";11,13)-bisanthene",1331.3,0.0648,1333.1891,1375.6981735631,0.9691,1,5.3923,0.7317740461237424,0.0731,"A""",CC-stretch/CH-ip (7.7 um),6,-1.889
2433,149,C50H22,0,50,22,0,0,2,12,8,1-A',,,"1,14-benzodiphenanthreno-(1"""",9"""";2,4),(9\'"""", 1\'"""";11,13)-bisanthene",1347.3,0.0598,1342.9492,1385.7694768341762,0.9691,1,1.6681,0.22222208236071292,0.0226,A',CC-stretch/CH-ip (7.7 um),7,4.351
2434,149,C50H22,0,50,22,0,0,2,12,8,1-A',,,"1,14-benzodiphenanthreno-(1"""",9"""";2,4),(9\'"""", 1\'"""";11,13)-bisanthene",1259.1,0.0523,1253.0441,1292.9977298524404,0.9691,1,8.9031,0.949541251417734,0.1207,A',CC-stretch/CH-ip (7.7 um),5,6.056
2435,149,C50H22,0,50,22,0,0,2,12,8,1-A',,,"1,14-benzodiphenanthreno-(1"""",9"""";2,4),(9\'"""", 1\'"""";11,13)-bisanthene",1614.1,0.0464,1611.7484,1663.139407697864,0.9691,1,5.665,0.753199914199416,0.0768,"A""",CC-stretch (6.2 um),6,2.352
2436,149,C50H22,0,50,22,0,0,2,12,8,1-A',,,"1,14-benzodiphenanthreno-(1"""",9"""";2,4),(9\'"""", 1\'"""";11,13)-bisanthene",1526.7,0.0461,1517.1242,1565.4980910122797,0.9691,1,4.0917,0.6119037841015179,0.0555,"A""",CC-stretch (6.2 um),3,9.576
2437,149,C50H22,0,50,22,0,0,2,12,8,1-A',,,"1,14-benzodiphenanthreno-(1"""",9"""";2,4),(9\'"""", 1\'"""";11,13)-bisanthene",1189.6,0.0442,1197.7256,1235.9153854091426,0.9691,1,2.3517,0.37138191916665053,0.0319,"A""",CH-ip-bend (8.6 um),5,-8.126
2438,149,C50H22,0,50,22,0,0,2,12,8,1-A',,,"1,14-benzodiphenanthreno-(1"""",9"""";2,4),(9\'"""", 1\'"""";11,13)-bisanthene",1311.6,0.0364,1318.3662,1360.4026416262511,0.9691,1,2.2128,0.34494216276523537,0.03,A',CC-stretch/CH-ip (7.7 um),8,-6.766
2439,149,C50H22,0,50,22,0,0,2,12,8,1-A',,,"1,14-benzodiphenanthreno-(1"""",9"""";2,4),(9\'"""", 1\'"""";11,13)-bisanthene",1540.7,0.0362,1538.7539,1587.8174594985037,0.9691,1,7.5439,0.8775959228713671,0.1023,"A""",CC-stretch (6.2 um),2,1.946
2440,149,C50H22,0,50,22,0,0,2,12,8,1-A',,,"1,14-benzodiphenanthreno-(1"""",9"""";2,4),(9\'"""", 1\'"""";11,13)-bisanthene",771.9,0.0351,764.0268,780.0967939554829,0.9794,0,73.7554,1.867793822675267,1.0,A',CH-oop (10.5-15 um; benzene nu11 at 673 included),7,7.873
2441,149,C50H22,0,50,22,0,0,2,12,8,1-A',,,"1,14-benzodiphenanthreno-(1"""",9"""";2,4),(9\'"""", 1\'"""";11,13)-bisanthene",627.1,0.0339,626.8177,640.0017357565856,0.9794,0,4.6825,0.670477786047275,0.0635,"A""",low / skeletal,4,0.282
2442,149,C50H22,0,50,22,0,0,2,12,8,1-A',,,"1,14-benzodiphenanthreno-(1"""",9"""";2,4),(9\'"""", 1\'"""";11,13)-bisanthene",1089.0,0.0334,1087.6866,1122.367763904654,0.9691,1,5.1651,0.7130787341862832,0.07,A',ring / CH-ip (9-10.5 um),4,1.313
2443,149,C50H22,0,50,22,0,0,2,12,8,1-A',,,"1,14-benzodiphenanthreno-(1"""",9"""";2,4),(9\'"""", 1\'"""";11,13)-bisanthene",1171.3,0.0322,1166.944,1204.1523062635436,0.9691,1,1.9904,0.2989403630107247,0.027,"A""",CH-ip-bend (8.6 um),6,4.356
2444,149,C50H22,0,50,22,0,0,2,12,8,1-A',,,"1,14-benzodiphenanthreno-(1"""",9"""";2,4),(9\'"""", 1\'"""";11,13)-bisanthene",643.7,0.0299,643.5182,657.0535021441699,0.9794,0,4.3996,0.6434131933749367,0.0597,"A""",low / skeletal,5,0.182
2445,149,C50H22,0,50,22,0,0,2,12,8,1-A',,,"1,14-benzodiphenanthreno-(1"""",9"""";2,4),(9\'"""", 1\'"""";11,13)-bisanthene",1291.8,0.0272,1287.5537,1328.6076772262925,0.9691,1,4.6051,0.663239065363845,0.0624,A',CC-stretch/CH-ip (7.7 um),7,4.246
2446,149,C50H22,0,50,22,0,0,2,12,8,1-A',,,"1,14-benzodiphenanthreno-(1"""",9"""";2,4),(9\'"""", 1\'"""";11,13)-bisanthene",812.1,0.0261,814.7144,831.8505207269756,0.9794,0,2.0113,0.3034768536038834,0.0273,"A""",CH-oop (10.5-15 um; benzene nu11 at 673 included),5,-2.614
2447,149,C50H22,0,50,22,0,0,2,12,8,1-A',,,"1,14-benzodiphenanthreno-(1"""",9"""";2,4),(9\'"""", 1\'"""";11,13)-bisanthene",1431.6,0.0248,1430.0498,1475.6473016200598,0.9691,1,2.4095,0.38192693063722727,0.0327,A',CC-stretch/CH-ip (7.7 um),6,1.55
2448,149,C50H22,0,50,22,0,0,2,12,8,1-A',,,"1,14-benzodiphenanthreno-(1"""",9"""";2,4),(9\'"""", 1\'"""";11,13)-bisanthene",1453.1,0.0239,1452.1693,1498.4720875038695,0.9691,1,2.603,0.41547416810923576,0.0353,A',CC-stretch/CH-ip (7.7 um),10,0.931
2449,149,C50H22,0,50,22,0,0,2,12,8,1-A',,,"1,14-benzodiphenanthreno-(1"""",9"""";2,4),(9\'"""", 1\'"""";11,13)-bisanthene",1212.0,0.0235,1206.2903,1244.7531730471571,0.9691,1,2.9601,0.47130638292197957,0.0401,"A""",CH-ip-bend (8.6 um),3,5.71
2450,149,C50H22,0,50,22,0,0,2,12,8,1-A',,,"1,14-benzodiphenanthreno-(1"""",9"""";2,4),(9\'"""", 1\'"""";11,13)-bisanthene",1122.6,0.0221,1116.1674,1151.756681457022,0.9691,1,4.8432,0.6851324036124977,0.0657,A',CH-ip-bend (8.6 um),3,6.433
2451,149,C50H22,0,50,22,0,0,2,12,8,1-A',,,"1,14-benzodiphenanthreno-(1"""",9"""";2,4),(9\'"""", 1\'"""";11,13)-bisanthene",1510.3,0.0204,1503.9962,1551.9515013930452,0.9691,1,5.4967,0.7401020346008118,0.0745,A',CC-stretch (6.2 um),5,6.304
2452,149,C50H22,0,50,22,0,0,2,12,8,1-A',,,"1,14-benzodiphenanthreno-(1"""",9"""";2,4),(9\'"""", 1\'"""";11,13)-bisanthene",1382.5,0.0202,1381.6852,1425.740584047054,0.9691,1,3.0166,0.4795177267113794,0.0409,"A""",CC-stretch/CH-ip (7.7 um),6,0.815
2453,149,C50H22,0,50,22,0,0,2,12,8,1-A',,,"1,14-benzodiphenanthreno-(1"""",9"""";2,4),(9\'"""", 1\'"""";11,13)-bisanthene",1276.5,0.0195,1272.1569,1312.7199463419668,0.9691,1,5.195,0.7155855518931963,0.0704,"A""",CC-stretch/CH-ip (7.7 um),6,4.343
2454,149,C50H22,0,50,22,0,0,2,12,8,1-A',,,"1,14-benzodiphenanthreno-(1"""",9"""";2,4),(9\'"""", 1\'"""";11,13)-bisanthene",803.6,0.0191,804.2191,821.1344700837248,0.9794,0,1.2218,0.08700012079599073,0.0166,A',CH-oop (10.5-15 um; benzene nu11 at 673 included),5,-0.619
2455,149,C50H22,0,50,22,0,0,2,12,8,1-A',,,"1,14-benzodiphenanthreno-(1"""",9"""";2,4),(9\'"""", 1\'"""";11,13)-bisanthene",1203.8,0.0176,1199.8371,1238.094211123723,0.9691,1,2.3379,0.3688259309588451,0.0317,A',CH-ip-bend (8.6 um),4,3.963
2456,149,C50H22,0,50,22,0,0,2,12,8,1-A',,,"1,14-benzodiphenanthreno-(1"""",9"""";2,4),(9\'"""", 1\'"""";11,13)-bisanthene",537.6,0.0171,535.932,547.2044108637941,0.9794,0,2.8411,0.4534865201304946,0.0385,"A""",low / skeletal,3,1.668
2457,149,C50H22,0,50,22,0,0,2,12,8,1-A',,,"1,14-benzodiphenanthreno-(1"""",9"""";2,4),(9\'"""", 1\'"""";11,13)-bisanthene",567.0,0.0168,571.034,583.044721257913,0.9794,0,2.7555,0.44020041536148957,0.0374,"A""",low / skeletal,2,-4.034
2458,149,C50H22,0,50,22,0,0,2,12,8,1-A',,,"1,14-benzodiphenanthreno-(1"""",9"""";2,4),(9\'"""", 1\'"""";11,13)-bisanthene",695.5,0.0166,696.1519,710.7942617929343,0.9794,0,2.6387,0.42139001706708107,0.0358,A',CH-oop (10.5-15 um; benzene nu11 at 673 included),1,-0.652
2459,149,C50H22,0,50,22,0,0,2,12,8,1-A',,,"1,14-benzodiphenanthreno-(1"""",9"""";2,4),(9\'"""", 1\'"""";11,13)-bisanthene",1491.9,0.0164,1483.0039,1530.2898565679495,0.9691,1,1.2525,0.0977777345392833,0.017,"A""",CC-stretch/CH-ip (7.7 um),7,8.896
2460,149,C50H22,0,50,22,0,0,2,12,8,1-A',,,"1,14-benzodiphenanthreno-(1"""",9"""";2,4),(9\'"""", 1\'"""";11,13)-bisanthene",938.6,0.0158,935.3001,954.972534204615,0.9794,0,1.3507,0.13055889986401417,0.0183,A',CH-oop (10.5-15 um; benzene nu11 at 673 included),3,3.3
2461,149,C50H22,0,50,22,0,0,2,12,8,1-A',,,"1,14-benzodiphenanthreno-(1"""",9"""";2,4),(9\'"""", 1\'"""";11,13)-bisanthene",620.1,0.0143,615.3446,628.2873187665917,0.9794,0,3.374,0.5281450782531064,0.0457,"A""",low / skeletal,4,4.755
2462,149,C50H22,0,50,22,0,0,2,12,8,1-A',,,"1,14-benzodiphenanthreno-(1"""",9"""";2,4),(9\'"""", 1\'"""";11,13)-bisanthene",712.6,0.0137,730.4837,745.8481723504186,0.9794,0,2.0459,0.3108844023431254,0.0277,A',CH-oop (10.5-15 um; benzene nu11 at 673 included),4,-17.884
2463,149,C50H22,0,50,22,0,0,2,12,8,1-A',,,"1,14-benzodiphenanthreno-(1"""",9"""";2,4),(9\'"""", 1\'"""";11,13)-bisanthene",617.1,0.0131,625.4556,638.6109863181539,0.9794,0,7.8276,0.8936286245701125,0.1061,A',low / skeletal,4,-8.356
2464,149,C50H22,0,50,22,0,0,2,12,8,1-A',,,"1,14-benzodiphenanthreno-(1"""",9"""";2,4),(9\'"""", 1\'"""";11,13)-bisanthene",1557.1,0.0106,1580.793,1631.1969868950573,0.9691,1,4.5718,0.6600872232988703,0.062,"A""",CC-stretch (6.2 um),2,-23.693
2465,149,C50H22,0,50,22,0,0,2,12,8,1-A',,,"1,14-benzodiphenanthreno-(1"""",9"""";2,4),(9\'"""", 1\'"""";11,13)-bisanthene",665.7,0.0101,661.1531,675.0593220338983,0.9794,0,2.2862,0.3591142204149062,0.031,A',CH-oop (10.5-15 um; benzene nu11 at 673 included),2,4.547
2466,149,C50H22,0,50,22,0,0,2,12,8,1-A',,,"1,14-benzodiphenanthreno-(1"""",9"""";2,4),(9\'"""", 1\'"""";11,13)-bisanthene",1140.6,0.0094,1145.6032,1182.1310494273037,0.9691,1,1.3056,0.11581014140978596,0.0177,A',CH-ip-bend (8.6 um),5,-5.003
2467,149,C50H22,0,50,22,0,0,2,12,8,1-A',,,"1,14-benzodiphenanthreno-(1"""",9"""";2,4),(9\'"""", 1\'"""";11,13)-bisanthene",831.0,0.008,844.501,862.2636307943638,0.9794,0,1.7296,0.23794567660923513,0.0235,"A""",CH-oop (10.5-15 um; benzene nu11 at 673 included),4,-13.501
2468,149,C50H22,0,50,22,0,0,2,12,8,1-A',,,"1,14-benzodiphenanthreno-(1"""",9"""";2,4),(9\'"""", 1\'"""";11,13)-bisanthene",1579.2,0.0076,1590.2037,1640.9077494582602,0.9691,1,15.1314,1.1798791120381429,0.2052,A',CC-stretch (6.2 um),5,-11.004
2469,149,C50H22,0,50,22,0,0,2,12,8,1-A',,,"1,14-benzodiphenanthreno-(1"""",9"""";2,4),(9\'"""", 1\'"""";11,13)-bisanthene",893.5,0.0071,888.9997,907.69828466408,0.9794,0,1.0871,0.036269495742815336,0.0147,A',CH-oop (10.5-15 um; benzene nu11 at 673 included),2,4.5
2470,149,C50H22,0,50,22,0,0,2,12,8,1-A',,,"1,14-benzodiphenanthreno-(1"""",9"""";2,4),(9\'"""", 1\'"""";11,13)-bisanthene",841.3,0.0069,861.3289,879.4454768225444,0.9794,0,2.5642,0.4089518958502604,0.0348,"A""",CH-oop (10.5-15 um; benzene nu11 at 673 included),4,-20.029
2471,149,C50H22,0,50,22,0,0,2,12,8,1-A',,,"1,14-benzodiphenanthreno-(1"""",9"""";2,4),(9\'"""", 1\'"""";11,13)-bisanthene",571.2,0.0062,562.6125,574.4460894425157,0.9794,0,1.7241,0.23656245185336003,0.0234,"A""",low / skeletal,2,8.588
2472,149,C50H22,0,50,22,0,0,2,12,8,1-A',,,"1,14-benzodiphenanthreno-(1"""",9"""";2,4),(9\'"""", 1\'"""";11,13)-bisanthene",1373.3,0.0062,1377.5129,1421.435249200289,0.9691,1,8.6325,0.9361365870214918,0.117,A',CC-stretch/CH-ip (7.7 um),5,-4.213
2473,149,C50H22,0,50,22,0,0,2,12,8,1-A',,,"1,14-benzodiphenanthreno-(1"""",9"""";2,4),(9\'"""", 1\'"""";11,13)-bisanthene",952.4,0.0049,945.2503,965.1320196038392,0.9794,0,1.7586,0.24516706882207911,0.0238,A',CH-oop (10.5-15 um; benzene nu11 at 673 included),2,7.15
2474,149,C50H22,0,50,22,0,0,2,12,8,1-A',,,"1,14-benzodiphenanthreno-(1"""",9"""";2,4),(9\'"""", 1\'"""";11,13)-bisanthene",530.9,0.0041,519.8488,530.7829283234634,0.9794,0,1.8448,0.2659492899506238,0.025,A',low / skeletal,2,11.051
2475,149,C50H22,0,50,22,0,0,2,12,8,1-A',,,"1,14-benzodiphenanthreno-(1"""",9"""";2,4),(9\'"""", 1\'"""";11,13)-bisanthene",1164.5,0.0036,1155.8387,1192.6929109483026,0.9691,1,3.886,0.5895027962637638,0.0527,"A""",CH-ip-bend (8.6 um),4,8.661
2476,149,C50H22,0,50,22,0,0,2,12,8,1-A',,,"1,14-benzodiphenanthreno-(1"""",9"""";2,4),(9\'"""", 1\'"""";11,13)-bisanthene",1155.0,0.0031,1130.9803,1167.0418945413269,0.9691,1,1.008,0.003460532109506489,0.0137,A',CH-ip-bend (8.6 um),5,24.02
2477,149,C50H22,0,50,22,0,0,2,12,8,1-A',,,"1,14-benzodiphenanthreno-(1"""",9"""";2,4),(9\'"""", 1\'"""";11,13)-bisanthene",789.2,0.0026,798.5571,815.3533796201756,0.9794,0,57.3029,1.7581766014111526,0.7769,A',CH-oop (10.5-15 um; benzene nu11 at 673 included),7,-9.357
