scale,n_bands,frequency_unscaled_cm
0.9097,2488,2043.9120589205236
0.9097,2488,1810.544355281961
0.9097,2488,2025.310651863252
0.9097,2488,1847.235462240299
0.9097,2488,1983.752006155876
0.9097,2488,2074.8309332747062
0.9097,2488,2078.982521710454
0.9097,2488,1996.205562273277
0.9097,2488,1984.5126964933495
0.9097,2488,2032.5379795536992
0.9097,2488,2028.9874683961743
0.9097,2488,1896.07903704518
0.9097,2488,1897.5992085302848
0.9097,2488,2032.821149829614
0.9097,2488,2013.4350884907117
0.9097,2488,2064.494778498406
0.9097,2488,1924.4436627459604
0.9097,2488,2023.7833351654392
0.9097,2488,2015.139276684621
0.9097,2488,1909.720787072661
0.9097,2488,2112.2826206441687
0.9097,2488,1870.756842915247
0.9097,2488,1921.56645047818
0.9097,2488,1944.0548532483235
0.9097,2488,1839.1340002198529
0.9097,2488,2102.2177640980544
0.9097,2488,1905.639001868748
0.9097,2488,2088.849400901396
0.9097,2488,2039.039353633066
0.9097,2488,2052.4215675497417
0.9097,2488,1840.199186545015
0.9097,2488,2001.8730350665053
0.9097,2488,2067.592283170276
0.9097,2488,1890.0039573485767
0.9097,2488,1881.3781466417504
0.9097,2488,2049.141365285259
0.9097,2488,2000.523029570188
0.9097,2488,1868.0194569638345
0.9097,2488,2062.62350225349
0.9097,2488,1897.1895130262724
0.9097,2488,1991.63361547763
0.9097,2488,2090.912828404969
0.9097,2488,1948.5558975486424
0.9097,2488,1963.471584038694
0.9097,2488,1824.4138727052875
0.9097,2488,1950.160932175443
0.9097,2488,1884.134329998901
0.9097,2488,1965.0293503352757
0.9097,2488,2059.473562712982
0.9097,2488,2114.9263493459384
0.9097,2488,1897.11432340332
0.9097,2488,2014.3847422227109
0.9097,2488,2016.113663845224
0.9097,2488,1806.4921402660216
0.9097,2488,1878.5073101022317
0.9097,2488,2092.21688468726
0.9097,2488,2014.7547543146093
0.9097,2488,1932.5786523029567
0.9097,2488,1925.09915356711
0.9097,2488,1805.4434428932616
0.9097,2488,2050.082554688359
0.9097,2488,2054.239199736177
0.9097,2488,2015.55303946356
0.9097,2488,1997.7414532263383
0.9097,2488,2074.806529625151
0.9097,2488,2001.822249093108
0.9097,2488,1891.100692536001
0.9097,2488,1903.3212047927889
0.9097,2488,2015.713641859954
0.9097,2488,1990.494778498406
0.9097,2488,1829.5394085962407
0.9097,2488,1892.458502803122
0.9097,2488,1952.602066615368
0.9097,2488,1922.092777838848
0.9097,2488,2014.176651643399
0.9097,2488,2035.8612729471251
0.9097,2488,1952.3804550950863
0.9097,2488,2016.1565351214688
0.9097,2488,2137.533802352424
0.9097,2488,2076.914147521161
0.9097,2488,2053.2503022974606
0.9097,2488,1910.866879190942
0.9097,2488,1877.193800153897
0.9097,2488,1879.7655270968453
0.9097,2488,2017.80004397054
0.9097,2488,1902.6163570407828
0.9097,2488,2069.0892601956693
0.9097,2488,1978.3435198417064
0.9097,2488,2067.1855556776964
0.9097,2488,1936.8937012201825
0.9097,2488,1980.3801253160384
0.9097,2488,1994.1423546224032
0.9097,2488,1870.504891722546
0.9097,2488,2008.5938221391668
0.9097,2488,1908.4760910190173
0.9097,2488,2125.5475431460923
0.9097,2488,1898.2083104320104
0.9097,2488,1928.9795536990216
0.9097,2488,1995.9263493459384
0.9097,2488,1887.7639881279545
0.9097,2488,1946.591293833132
0.9097,2488,2025.009453666044
0.9097,2488,1844.9416291084972
0.9097,2488,2076.370451797296
0.9097,2488,2058.977794877432
0.9097,2488,2089.800373749588
0.9097,2488,2038.3733098823789
0.9097,2488,1946.4604814774104
0.9097,2488,1970.7010003297792
0.9097,2488,1835.6934154116743
0.9097,2488,2000.082005056612
0.9097,2488,1903.2231504891724
0.9097,2488,2025.3810047268328
0.9097,2488,1815.6440584808176
0.9097,2488,1810.519182147961
0.9097,2488,2011.282730570518
0.9097,2488,2012.9543805650217
0.9097,2488,1987.030119819721
0.9097,2488,1843.1086072331536
0.9097,2488,2044.0596900076948
0.9097,2488,2017.899527316698
0.9097,2488,2034.5666703308784
0.9097,2488,2119.640650763988
0.9097,2488,2091.9972518412665
0.9097,2488,2001.851269649335
0.9097,2488,2010.454765307244
0.9097,2488,2081.975266571397
0.9097,2488,2056.7833351654394
0.9097,2488,1928.0530944267343
0.9097,2488,2083.8053204353087
0.9097,2488,2114.1026712102894
0.9097,2488,2042.9845003847424
0.9097,2488,1914.2194129932943
0.9097,2488,1950.448059799934
0.9097,2488,2074.729251401561
0.9097,2488,1858.892601956689
0.9097,2488,2017.3320875013744
0.9097,2488,1943.2951522479937
0.9097,2488,2056.602726173464
0.9097,2488,2094.837089150269
0.9097,2488,2065.225568868858
0.9097,2488,1894.0118720457292
0.9097,2488,1934.2426074530067
0.9097,2488,2039.2258986479064
0.9097,2488,2091.4875233593493
0.9097,2488,1924.5000549631748
0.9097,2488,1903.5368802902055
0.9097,2488,1846.184236561504
0.9097,2488,2018.5021435638123
0.9097,2488,2037.1079476750576
0.9097,2488,2002.574145322634
0.9097,2488,2019.9543805650212
0.9097,2488,2016.030999230516
0.9097,2488,1941.8173024073872
0.9097,2488,2024.302957018797
0.9097,2488,2005.2788831482908
0.9097,2488,2068.9476750577114
0.9097,2488,2102.436847312301
0.9097,2488,2074.1755523799056
0.9097,2488,2042.1558755633723
0.9097,2488,2080.39331647796
0.9097,2488,2079.1326811036606
0.9097,2488,2069.591953391228
0.9097,2488,2025.9076618665492
0.9097,2488,1959.6082224909312
0.9097,2488,1980.7376058041116
0.9097,2488,1969.8488512696492
0.9097,2488,2023.5313839727385
0.9097,2488,1913.0957458502803
0.9097,2488,1877.6581290535344
0.9097,2488,1985.92942728372
0.9097,2488,1986.044410245136
0.9097,2488,1913.997361767616
0.9097,2488,2065.7200175882163
0.9097,2488,2023.2166648345608
0.9097,2488,1952.5409475651315
0.9097,2488,1966.305045619435
0.9097,2488,2051.934813674838
0.9097,2488,2015.0183577003409
0.9097,2488,1891.027591513686
0.9097,2488,1870.085192920743
0.9097,2488,2081.4510278113667
0.9097,2488,2002.436737385952
0.9097,2488,2070.40672749258
0.9097,2488,2000.774650983841
0.9097,2488,2010.5959107398044
0.9097,2488,2082.977684951083
0.9097,2488,1941.739364625701
0.9097,2488,2012.56645047818
0.9097,2488,2058.670111025613
0.9097,2488,1971.8857865230293
0.9097,2488,1978.8548972188637
0.9097,2488,1925.1440035176436
0.9097,2488,2048.782016049247
0.9097,2488,1920.04045289656
0.9097,2488,1982.0879410794769
0.9097,2488,1807.5856875893155
0.9097,2488,1957.88402770144
0.9097,2488,1932.2483236231728
0.9097,2488,2036.2128174123336
0.9097,2488,2005.9839507529955
0.9097,2488,1946.555347916896
0.9097,2488,2056.132571177311
0.9097,2488,1969.6540617786084
0.9097,2488,1904.030999230516
0.9097,2488,2007.1255358909527
0.9097,2488,2064.9283280202267
0.9097,2488,1907.3904583928768
0.9097,2488,1983.995822798725
0.9097,2488,2063.165439155766
0.9097,2488,2011.7720127514565
0.9097,2488,2024.1679674618008
0.9097,2488,2114.726503242827
0.9097,2488,1881.202374409146
0.9097,2488,2022.1364185995385
0.9097,2488,2064.0559525118174
0.9097,2488,1923.651423546224
0.9097,2488,1980.2540397933387
0.9097,2488,1897.1514785093989
0.9097,2488,1866.399692206222
0.9097,2488,1891.402220512257
0.9097,2488,1917.719687809168
0.9097,2488,1889.2291964383865
0.9097,2488,1854.751126745081
0.9097,2488,2002.753325272068
0.9097,2488,1903.634165109377
0.9097,2488,2092.1068484115644
0.9097,2488,1819.2972408486316
0.9097,2488,1929.9041442233704
0.9097,2488,2073.506870396834
0.9097,2488,1877.101901725844
0.9097,2488,1820.64537759701
0.9097,2488,2013.6738485214903
0.9097,2488,2050.2835000549635
0.9097,2488,2060.4887325491923
0.9097,2488,1920.0935473232933
0.9097,2488,2135.6839617456303
0.9097,2488,2104.1181708255467
0.9097,2488,2016.925469935144
0.9097,2488,1866.5209409695503
0.9097,2488,2030.721886336155
0.9097,2488,1986.0293503352757
0.9097,2488,2080.228317027592
0.9097,2488,2045.730460591404
0.9097,2488,1963.3557216664835
0.9097,2488,2028.4413542926245
0.9097,2488,1858.251291634605
0.9097,2488,2111.29075519402
0.9097,2488,2079.3775970100032
0.9097,2488,1972.6587886116304
0.9097,2488,1894.1644498186213
0.9097,2488,2092.123447290316
0.9097,2488,1979.3071342200728
0.9097,2488,1945.9123886995717
0.9097,2488,1962.0070352863584
0.9097,2488,2079.6754974167307
0.9097,2488,2327.829394305815
0.9097,2488,1883.47905903045
0.9097,2488,1860.380674947785
0.9097,2488,2058.15631526877
0.9097,2488,2018.872815213807
0.9097,2488,2055.6509838408265
0.9097,2488,2019.822359019457
0.9097,2488,2108.112454655381
0.9097,2488,1898.53116412004
0.9097,2488,2078.643069143674
0.9097,2488,1997.3668242277677
0.9097,2488,1914.6439485544688
0.9097,2488,2007.7564032098492
0.9097,2488,1924.0052764647685
0.9097,2488,1835.832802022645
0.9097,2488,2076.5265472133674
0.9097,2488,2035.530504561944
0.9097,2488,1943.9000769484448
0.9097,2488,2015.707925689788
0.9097,2488,1966.4954380565025
0.9097,2488,1943.2098494009012
0.9097,2488,1921.036165768935
0.9097,2488,2007.492250192371
0.9097,2488,1912.3575904144225
0.9097,2488,1990.764207980653
0.9097,2488,2141.4577333186767
0.9097,2488,2036.2820710124215
0.9097,2488,2020.660657359569
0.9097,2488,1999.1850060459487
0.9097,2488,1842.466747279323
0.9097,2488,2134.285918434649
0.9097,2488,2022.8993074639995
0.9097,2488,2087.829834011213
0.9097,2488,2069.160712322744
0.9097,2488,1910.343190062658
0.9097,2488,1941.4889524018904
0.9097,2488,1882.744421237771
0.9097,2488,2014.0491370781576
0.9097,2488,1936.8994173903488
0.9097,2488,1837.186435088491
0.9097,2488,2043.7208969990108
0.9097,2488,1906.448939210729
0.9097,2488,1806.512806419699
0.9097,2488,2051.6745080795868
0.9097,2488,1939.9639441574147
0.9097,2488,1856.620864021106
0.9097,2488,1946.20171485105
0.9097,2488,1835.960646366934
0.9097,2488,2012.50928877652
0.9097,2488,1928.779597669561
0.9097,2488,1951.8940309992304
0.9097,2488,2085.8878751236675
0.9097,2488,2012.7070462789927
0.9097,2488,1929.3062548092776
0.9097,2488,2070.1180608991976
0.9097,2488,1990.7046278993075
0.9097,2488,1997.6395515004947
0.9097,2488,1967.3149389908765
0.9097,2488,2002.036495547983
0.9097,2488,1939.7453006485653
0.9097,2488,2029.392656919864
0.9097,2488,2035.272617346378
0.9097,2488,1855.104539958228
0.9097,2488,1937.4940090139607
0.9097,2488,2020.3928767725624
0.9097,2488,1992.335495218204
0.9097,2488,2074.352643728702
0.9097,2488,2027.4491590634275
0.9097,2488,1966.5362207321095
0.9097,2488,1927.507749807629
0.9097,2488,2021.7389249203036
0.9097,2488,2025.8612729471251
0.9097,2488,2015.3193360448504
0.9097,2488,2006.1345498516
0.9097,2488,2020.5656809937343
0.9097,2488,1996.8839177750908
0.9097,2488,2077.290535341321
0.9097,2488,1957.3708915026932
0.9097,2488,2021.975156645048
0.9097,2488,1800.2763548422556
0.9097,2488,1963.450148400572
0.9097,2488,2071.201165219303
0.9097,2488,2092.9187644278336
0.9097,2488,1971.2997691546664
0.9097,2488,2137.533802352424
0.9097,2488,2089.1435638122457
0.9097,2488,2050.2439265691987
0.9097,2488,2031.501154226668
0.9097,2488,2015.8943607782785
0.9097,2488,2042.119160162691
0.9097,2488,2032.8790810157195
0.9097,2488,1942.3695723865007
0.9097,2488,1811.5500714521272
0.9097,2488,2099.996812135869
0.9097,2488,2017.9017258436847
0.9097,2488,2021.892821809388
0.9097,2488,2054.428822688799
0.9097,2488,2112.9934044190395
0.9097,2488,2051.5824997251843
0.9097,2488,1943.4679564691655
0.9097,2488,1885.7128723755088
0.9097,2488,2126.0993734198087
0.9097,2488,1942.9075519402
0.9097,2488,2018.0968451137735
0.9097,2488,2093.893151588436
0.9097,2488,1957.6084423436296
0.9097,2488,1925.8860063757284
0.9097,2488,2066.860943168077
0.9097,2488,2067.018247773992
0.9097,2488,2108.168736946246
0.9097,2488,1923.7968561064088
0.9097,2488,2001.841815983291
0.9097,2488,1804.765746949544
0.9097,2488,1987.9038144443225
0.9097,2488,2089.402880070353
0.9097,2488,1999.4439925250083
0.9097,2488,2004.419149170056
0.9097,2488,1805.7827855336927
0.9097,2488,2013.9432780037373
0.9097,2488,1992.9525118170827
0.9097,2488,1860.15631526877
0.9097,2488,2047.6982521710452
0.9097,2488,1901.276464768605
0.9097,2488,2043.134110146202
0.9097,2488,1980.1530174782897
0.9097,2488,2085.666923161482
0.9097,2488,2014.762009453666
0.9097,2488,2136.630977245245
0.9097,2488,1968.3912278773223
0.9097,2488,2318.3095525997583
0.9097,2488,1975.0060459492145
0.9097,2488,2025.0851929207436
0.9097,2488,1893.5938221391668
0.9097,2488,1887.924040892602
0.9097,2488,1907.0848631416952
0.9097,2488,2015.6368033417607
0.9097,2488,1925.6099813125209
0.9097,2488,1911.1205892052328
0.9097,2488,2069.3522040233047
0.9097,2488,1840.494778498406
0.9097,2488,1991.8233483566007
0.9097,2488,1848.966912168847
0.9097,2488,1898.938331318017
0.9097,2488,2079.9172254589425
0.9097,2488,2043.2587666263605
0.9097,2488,1905.0530944267343
0.9097,2488,2050.3512146861603
0.9097,2488,1991.265252280972
0.9097,2488,1893.66054743322
0.9097,2488,1936.6207540947569
0.9097,2488,1980.3637462899856
0.9097,2488,1975.356820929977
0.9097,2488,1890.0390238540176
0.9097,2488,2116.413103220842
0.9097,2488,2041.3486863801252
0.9097,2488,1994.031438935913
0.9097,2488,1830.4705947015505
0.9097,2488,1853.977684951083
0.9097,2488,2015.2464548752337
0.9097,2488,2073.735627129823
0.9097,2488,1991.7790480378144
0.9097,2488,2098.036275695284
0.9097,2488,1981.150049466857
0.9097,2488,1887.8733648455536
0.9097,2488,2036.6261404858749
0.9097,2488,1984.3491260855228
0.9097,2488,1975.17313400022
0.9097,2488,1901.3046059140377
0.9097,2488,2027.2552489831808
0.9097,2488,2004.2231504891724
0.9097,2488,2028.844454215676
0.9097,2488,2010.542706386721
0.9097,2488,2006.925140156096
0.9097,2488,1904.83027371661
0.9097,2488,1967.6652742662416
0.9097,2488,2092.694844454216
0.9097,2488,2037.7943278003736
0.9097,2488,1914.911948994174
0.9097,2488,1916.184566340552
0.9097,2488,1858.0023084533364
0.9097,2488,2081.5635923930968
0.9097,2488,1904.019347037485
0.9097,2488,1982.8167527756405
0.9097,2488,2092.7883917775093
0.9097,2488,2006.9079916455976
0.9097,2488,1937.2370012091897
0.9097,2488,2052.541497196878
0.9097,2488,2024.8374189293172
0.9097,2488,2105.7020995932726
0.9097,2488,2027.2848191711555
0.9097,2488,2086.087941079477
0.9097,2488,2115.3417610201163
0.9097,2488,1926.5163240628776
0.9097,2488,1838.292953721007
0.9097,2488,2039.784214576234
0.9097,2488,1970.1266351544468
0.9097,2488,1837.628229086512
0.9097,2488,2033.108937012202
0.9097,2488,2086.1062987798177
0.9097,2488,2083.3416510937677
0.9097,2488,2033.603715510608
0.9097,2488,2078.47224359679
0.9097,2488,2016.9752665713968
0.9097,2488,1939.6210838738048
0.9097,2488,1925.550950862922
0.9097,2488,1925.208090579312
0.9097,2488,1877.977025392987
0.9097,2488,2028.4351984170603
0.9097,2488,2125.968780916786
0.9097,2488,2020.3582499725187
0.9097,2488,2076.940749697703
0.9097,2488,1824.930746399912
0.9097,2488,2100.24205782126
0.9097,2488,2027.5162141365288
0.9097,2488,1872.22688798505
0.9097,2488,1967.190942068814
0.9097,2488,1979.6022864680665
0.9097,2488,1933.1655490821151
0.9097,2488,1967.5126964933493
0.9097,2488,1982.5967901505992
0.9097,2488,2037.9595471034409
0.9097,2488,1925.6184456414203
0.9097,2488,2026.5520501264157
0.9097,2488,2104.9480048367595
0.9097,2488,2047.8266461470812
0.9097,2488,1867.9279982411783
0.9097,2488,1886.8723755084093
0.9097,2488,1929.1597229856
0.9097,2488,1894.0058260965156
0.9097,2488,1878.5907442013847
0.9097,2488,2037.2715180828843
0.9097,2488,2050.762888864461
0.9097,2488,2056.3912278773223
0.9097,2488,2065.147741013521
0.9097,2488,1836.6905573265915
0.9097,2488,2055.015609541608
0.9097,2488,2004.0627679454767
0.9097,2488,2066.0656260305595
0.9097,2488,1948.942508519292
0.9097,2488,1944.829943937562
0.9097,2488,1899.046059140376
0.9097,2488,1809.0853028470924
0.9097,2488,1828.0172584368477
0.9097,2488,1891.187094646587
0.9097,2488,2087.443442893262
0.9097,2488,2082.567110036276
0.9097,2488,2032.137188083984
0.9097,2488,2054.189293173574
0.9097,2488,1970.0559525118172
0.9097,2488,1983.962405188524
0.9097,2488,2014.827525557876
0.9097,2488,1908.1471913817743
0.9097,2488,2045.106078927119
0.9097,2488,1883.555128064197
0.9097,2488,1896.9572386501045
0.9097,2488,2081.1161921512585
0.9097,2488,2105.484225568869
0.9097,2488,1925.8775420468287
0.9097,2488,2013.379685610641
0.9097,2488,1908.535451247664
0.9097,2488,1986.5950313290095
0.9097,2488,2022.8989776849512
0.9097,2488,1918.7558535781027
0.9097,2488,1851.1263053753985
0.9097,2488,2083.540068154337
0.9097,2488,1997.6325162141368
0.9097,2488,2001.9086512036936
0.9097,2488,2022.5967901505992
0.9097,2488,2057.4821369682318
0.9097,2488,2071.8933714411346
0.9097,2488,2069.2019347037485
0.9097,2488,1983.890953061449
0.9097,2488,2023.8178520391336
0.9097,2488,1994.9787842145763
0.9097,2488,2090.1348796306474
0.9097,2488,2095.3423106518635
0.9097,2488,1925.70253929867
0.9097,2488,1917.5520501264152
0.9097,2488,1944.2335934923603
0.9097,2488,1892.2628339012865
0.9097,2488,2065.044959876883
0.9097,2488,1884.02858085083
0.9097,2488,1888.2503022974608
0.9097,2488,2048.280861822579
0.9097,2488,1849.1975376497744
0.9097,2488,2003.6229526217437
0.9097,2488,1969.170715620534
0.9097,2488,2029.5137957568431
0.9097,2488,2056.050895899747
0.9097,2488,1836.3506650544136
0.9097,2488,1802.498845773332
0.9097,2488,2012.768605034627
0.9097,2488,2081.371551060789
0.9097,2488,2098.20501264153
0.9097,2488,1842.7239749367925
0.9097,2488,2095.423766076729
0.9097,2488,1926.280312190832
0.9097,2488,1884.2514015609545
0.9097,2488,2106.302187534352
0.9097,2488,2114.175222600857
0.9097,2488,1888.9362427173796
0.9097,2488,1925.9142574475104
0.9097,2488,1866.613279103001
0.9097,2488,1955.47565131362
0.9097,2488,2135.652522809717
0.9097,2488,2043.72606353743
0.9097,2488,2036.1525777728923
0.9097,2488,2002.027921292734
0.9097,2488,2013.1637902605253
0.9097,2488,1827.5117071562051
0.9097,2488,2035.661866549412
0.9097,2488,1964.5101681873143
0.9097,2488,1884.6059140375949
0.9097,2488,1985.765746949544
0.9097,2488,2017.4522370012091
0.9097,2488,2003.3182367813563
0.9097,2488,2054.719028251072
0.9097,2488,2027.8653402220516
0.9097,2488,1899.925250082445
0.9097,2488,1977.91260855227
0.9097,2488,1828.8627019896671
0.9097,2488,2081.69583379136
0.9097,2488,1851.597669561394
0.9097,2488,1800.3512146861606
0.9097,2488,2074.9873584698253
0.9097,2488,1852.42354622403
0.9097,2488,1980.94624601517
0.9097,2488,1940.082224909311
0.9097,2488,1976.6483456084425
0.9097,2488,2013.8612729471256
0.9097,2488,2017.5883258216995
0.9097,2488,2032.829943937562
0.9097,2488,2074.502363416511
0.9097,2488,2059.131252061119
0.9097,2488,1946.661976475761
0.9097,2488,2074.0627679454765
0.9097,2488,2203.9605364405847
0.9097,2488,2078.141585137958
0.9097,2488,2105.666813235133
0.9097,2488,1995.01176211938
0.9097,2488,1898.8171924810376
0.9097,2488,1890.6930856326264
0.9097,2488,1890.707925689788
0.9097,2488,1939.692316148181
0.9097,2488,2075.0367154006817
0.9097,2488,1950.4616906672527
0.9097,2488,1986.4468506100916
0.9097,2488,2003.5817302407388
0.9097,2488,1948.80850829944
0.9097,2488,1881.718698472024
0.9097,2488,2337.6694514675173
0.9097,2488,1916.1688468725956
0.9097,2488,2069.091238869957
0.9097,2488,1944.6977025392987
0.9097,2488,1998.5619434978564
0.9097,2488,1956.2082005056611
0.9097,2488,2033.7140815653515
0.9097,2488,1946.1722545894247
0.9097,2488,2019.0038474222272
0.9097,2488,1916.7565131361987
0.9097,2488,1857.7914697152908
0.9097,2488,1952.0239639441572
0.9097,2488,1861.1387270528744
0.9097,2488,2013.958337913598
0.9097,2488,1811.6476860503465
0.9097,2488,1997.8339012861384
0.9097,2488,1991.439705397384
0.9097,2488,1923.311311421348
0.9097,2488,2018.0438606133887
0.9097,2488,2009.2186435088493
0.9097,2488,2069.124106848412
0.9097,2488,1805.7369462460156
0.9097,2488,2022.5007145212708
0.9097,2488,1891.5920633175772
0.9097,2488,2089.577882818512
0.9097,2488,1951.1673079037048
0.9097,2488,2008.938331318017
0.9097,2488,1975.860173683632
0.9097,2488,1993.9629548202704
0.9097,2488,2023.67066065736
0.9097,2488,1826.844454215676
0.9097,2488,2031.5010443003189
0.9097,2488,2082.4449818621524
0.9097,2488,2069.227657469496
0.9097,2488,1928.335495218204
0.9097,2488,2076.354732329339
0.9097,2488,2010.48906232824
0.9097,2488,2099.933274705947
0.9097,2488,2048.5963504452016
0.9097,2488,1959.6250412223808
0.9097,2488,1955.797845443553
0.9097,2488,1947.8371990766188
0.9097,2488,1991.932285368803
0.9097,2488,1920.6184456414203
0.9097,2488,1927.812135868968
0.9097,2488,2005.787622293064
0.9097,2488,2038.6627459602068
0.9097,2488,2057.4465208310435
0.9097,2488,1938.3035066505445
0.9097,2488,2081.3391227877323
0.9097,2488,1878.128064196988
0.9097,2488,1904.5365505111577
0.9097,2488,2119.8846872595363
0.9097,2488,1937.57645377597
0.9097,2488,2116.751676376828
0.9097,2488,1950.960426514236
0.9097,2488,2026.6210838738043
0.9097,2488,2274.870396834121
0.9097,2488,1956.4010113224144
0.9097,2488,2031.708585247884
0.9097,2488,1950.972848191712
0.9097,2488,1872.675277564032
0.9097,2488,2010.3058151038808
0.9097,2488,2002.1382873474768
0.9097,2488,1970.031329009564
0.9097,2488,1985.0700230845332
0.9097,2488,1858.8621523579204
0.9097,2488,1881.502033637463
0.9097,2488,1900.2774541057493
0.9097,2488,2046.089919753765
0.9097,2488,1955.1784104649887
0.9097,2488,1907.033967241948
0.9097,2488,1963.0249532813016
0.9097,2488,2095.861932505222
0.9097,2488,2113.7746509838407
0.9097,2488,2076.437616796746
0.9097,2488,2084.214246454876
0.9097,2488,1932.534132131472
0.9097,2488,2098.3242827305708
0.9097,2488,2045.9217324392655
0.9097,2488,2075.3639661426846
0.9097,2488,1928.4689458063096
0.9097,2488,1917.166538419259
0.9097,2488,2127.3161481807188
0.9097,2488,1924.9086512036936
0.9097,2488,2042.507749807629
0.9097,2488,1840.3551720347368
0.9097,2488,2089.3903484665275
0.9097,2488,1878.2759151368584
0.9097,2488,1971.158184016709
0.9097,2488,2054.7493679234917
0.9097,2488,1950.266241618116
0.9097,2488,2043.5851379575688
0.9097,2488,1898.465757942179
0.9097,2488,2028.039903264813
0.9097,2488,1855.8103770473783
0.9097,2488,2048.4169506430694
0.9097,2488,1993.9448169726284
0.9097,2488,1899.849071122348
0.9097,2488,1883.8037814664176
0.9097,2488,1894.3547323293396
0.9097,2488,1993.8868857865232
0.9097,2488,1894.677146311971
0.9097,2488,1867.70253929867
0.9097,2488,2067.585247883918
0.9097,2488,1924.2918544575132
0.9097,2488,2037.091458722656
0.9097,2488,1902.149939540508
0.9097,2488,1907.7293613279105
0.9097,2488,1868.7070462789927
0.9097,2488,1976.17148510498
0.9097,2488,2034.2886665933825
0.9097,2488,1850.3504452017148
0.9097,2488,1942.055842585468
0.9097,2488,1991.7359569088712
0.9097,2488,1905.48411564252
0.9097,2488,1969.9518522589865
0.9097,2488,2064.603495657909
0.9097,2488,1845.5406177860837
0.9097,2488,1904.171265252281
0.9097,2488,1836.1662086402112
0.9097,2488,1960.232274376168
0.9097,2488,2071.293283500055
0.9097,2488,1824.3674837858637
0.9097,2488,2061.5907442013854
0.9097,2488,1989.876442783335
0.9097,2488,2114.867978454436
0.9097,2488,1936.071232274376
0.9097,2488,2019.8901835770037
0.9097,2488,2063.7141914917006
0.9097,2488,2014.544904913708
0.9097,2488,1876.646916565901
0.9097,2488,2028.4694954380568
0.9097,2488,1914.537979553699
0.9097,2488,2013.4926898977683
0.9097,2488,1955.164559744971
0.9097,2488,1880.872155655711
0.9097,2488,2104.2824007914696
0.9097,2488,2101.794437726723
0.9097,2488,2021.5224799384412
0.9097,2488,1922.5155545784328
0.9097,2488,2019.342750357261
0.9097,2488,2077.9473452786638
0.9097,2488,1887.0892601956689
0.9097,2488,2051.1897328789714
0.9097,2488,2054.8616027261737
0.9097,2488,2072.6470264922505
0.9097,2488,1856.963174672969
0.9097,2488,1984.400351764318
0.9097,2488,2352.159173353853
0.9097,2488,1902.7465098384084
0.9097,2488,1877.4996152577771
0.9097,2488,1820.4146421897328
0.9097,2488,2016.3814444322304
0.9097,2488,1896.97647576124
0.9097,2488,2078.8496207540948
0.9097,2488,2024.932285368803
0.9097,2488,2047.171595031329
0.9097,2488,1865.815433659448
0.9097,2488,1925.6506540617788
0.9097,2488,2025.5590854127736
0.9097,2488,2105.1628009233814
0.9097,2488,1920.9791139936244
0.9097,2488,1929.595361108058
0.9097,2488,2084.7224359679017
0.9097,2488,1850.882049027152
0.9097,2488,1894.1238869957128
0.9097,2488,1988.7662965812904
0.9097,2488,1989.7349675717269
0.9097,2488,1990.761789600968
0.9097,2488,1910.99835110476
0.9097,2488,2034.2867978454435
0.9097,2488,1865.705617236452
0.9097,2488,1864.2781136638453
0.9097,2488,1917.342750357261
0.9097,2488,2052.401890733209
0.9097,2488,1857.002198526987
0.9097,2488,1887.8089480048368
0.9097,2488,2121.1772012751458
0.9097,2488,2080.6229526217435
0.9097,2488,1901.1911619215127
0.9097,2488,1947.3641859953832
0.9097,2488,1995.6221831372984
0.9097,2488,2076.758601736836
0.9097,2488,1884.64878531384
0.9097,2488,2133.2893261514787
0.9097,2488,2124.060679344839
0.9097,2488,2039.1145432560184
0.9097,2488,1811.8296141585136
0.9097,2488,1882.4361877542049
0.9097,2488,1915.804550950863
0.9097,2488,1970.3084533362648
0.9097,2488,1939.687039683412
0.9097,2488,2098.634275035726
0.9097,2488,1906.1942398592944
0.9097,2488,2017.2466747279325
0.9097,2488,1856.837089150269
0.9097,2488,2074.9576783555017
0.9097,2488,2029.0769484445425
0.9097,2488,2055.8592942728374
0.9097,2488,2016.6758271957788
0.9097,2488,1989.9073320875011
0.9097,2488,2032.2246894580635
0.9097,2488,1840.7269429482249
0.9097,2488,1883.9660327580525
0.9097,2488,2065.1185006045957
0.9097,2488,1957.5468835879965
0.9097,2488,2055.285148950204
0.9097,2488,1904.2460151698365
0.9097,2488,1952.3915576563704
0.9097,2488,1910.193140595801
0.9097,2488,1801.6284489392108
0.9097,2488,1894.6026162471144
0.9097,2488,2040.6861602726171
0.9097,2488,1854.5056612069916
0.9097,2488,2000.3140595800812
0.9097,2488,2122.147521160822
0.9097,2488,1984.923051555458
0.9097,2488,1978.2285368802904
0.9097,2488,1994.3268110366052
0.9097,2488,1958.1905023634167
0.9097,2488,2077.315488622623
0.9097,2488,1856.3058151038804
0.9097,2488,1855.9256897878424
0.9097,2488,1885.802352423876
0.9097,2488,1848.9775750247331
0.9097,2488,1850.4993954050788
0.9097,2488,1973.7722326041555
0.9097,2488,2058.014620204463
0.9097,2488,2027.0464988457736
0.9097,2488,2074.82016049247
0.9097,2488,2026.229746070133
0.9097,2488,1991.141365285259
0.9097,2488,2114.2785533692427
0.9097,2488,2003.7243047158404
0.9097,2488,2096.8442343629767
0.9097,2488,2082.30427613499
0.9097,2488,1923.213806749478
0.9097,2488,2061.1068484115644
0.9097,2488,2102.4824667472794
0.9097,2488,2030.555347916896
0.9097,2488,2075.861492799824
0.9097,2488,2100.30086841816
0.9097,2488,2084.864240958558
0.9097,2488,2063.7370561723646
0.9097,2488,2016.9075519402
0.9097,2488,1974.3128503902387
0.9097,2488,2043.4526767066068
0.9097,2488,2040.247773991426
0.9097,2488,1916.900186874794
0.9097,2488,2043.1197097944375
0.9097,2488,1990.1688468725956
0.9097,2488,2077.522919643839
0.9097,2488,1902.9815323733096
0.9097,2488,2067.491590634276
0.9097,2488,1877.1320215455648
0.9097,2488,1984.9203033967244
0.9097,2488,2078.101022315049
0.9097,2488,1847.92601956689
0.9097,2488,2004.1501593932064
0.9097,2488,1965.4014510278116
0.9097,2488,1888.793448389579
0.9097,2488,1922.0499065626032
0.9097,2488,1952.6286687919091
0.9097,2488,2073.149719687809
0.9097,2488,2012.585907442014
0.9097,2488,2019.984390458393
0.9097,2488,2112.6432889963726
0.9097,2488,2076.7631087171594
0.9097,2488,1889.7316697812464
0.9097,2488,2100.4623502253494
0.9097,2488,2025.7040782675608
0.9097,2488,1963.096185555678
0.9097,2488,1949.3039463559417
0.9097,2488,1863.4051885236893
0.9097,2488,1955.0080246235025
0.9097,2488,1995.046718698472
0.9097,2488,2012.5170935473236
0.9097,2488,2087.5626030559524
0.9097,2488,1997.888424755414
0.9097,2488,1851.6969330548532
0.9097,2488,1914.4446520831043
0.9097,2488,1935.3168077388152
0.9097,2488,2060.1174013411014
0.9097,2488,1927.0651863251624
0.9097,2488,1868.6074530064857
0.9097,2488,1971.9662526107509
0.9097,2488,1984.790260525448
0.9097,2488,2084.060239639441
0.9097,2488,2032.7404638891944
0.9097,2488,1822.6950643069144
0.9097,2488,2051.99164559745
0.9097,2488,1986.5907442013847
0.9097,2488,2046.3369242607453
0.9097,2488,2092.688578652303
0.9097,2488,2125.657359569089
0.9097,2488,2052.9185445751345
0.9097,2488,1823.09079916456
0.9097,2488,2074.828954600418
0.9097,2488,1869.4361877542049
0.9097,2488,1935.368583049357
0.9097,2488,2087.1437836649447
0.9097,2488,1985.202374409146
0.9097,2488,2002.8520391337804
0.9097,2488,1871.510607892712
0.9097,2488,1978.0406727492584
0.9097,2488,1945.3526437287017
0.9097,2488,1878.1840167088053
0.9097,2488,1895.4598219193144
0.9097,2488,1871.952731669781
0.9097,2488,1945.7303506650544
0.9097,2488,1815.8344509178853
0.9097,2488,2025.491590634275
0.9097,2488,2122.904583928768
0.9097,2488,1973.5453446191048
0.9097,2488,1896.7366164669672
0.9097,2488,1887.279322853688
0.9097,2488,2077.262394195889
0.9097,2488,1875.307903704518
0.9097,2488,1932.725733758382
0.9097,2488,1960.55633725404
0.9097,2488,1999.7713531933605
0.9097,2488,1924.4068374189292
0.9097,2488,2029.521930306695
0.9097,2488,1985.1878641310325
0.9097,2488,2135.6745080795868
0.9097,2488,1913.6216335055517
0.9097,2488,2057.9354732329343
0.9097,2488,1996.8589644937888
0.9097,2488,2027.7266131691767
0.9097,2488,1883.2585467736617
0.9097,2488,1982.2229306364736
0.9097,2488,2053.262943827636
0.9097,2488,2041.3080136308677
0.9097,2488,1961.662526107508
0.9097,2488,1882.5383093327475
0.9097,2488,1912.769264592723
0.9097,2488,1900.855226997912
0.9097,2488,1963.54127734418
0.9097,2488,1855.419478949104
0.9097,2488,1939.1682972408487
0.9097,2488,1879.8873254919204
0.9097,2488,2006.0026382323845
0.9097,2488,1990.186654941189
0.9097,2488,1966.589754864241
0.9097,2488,1924.368802902056
0.9097,2488,2111.6493349455864
0.9097,2488,1944.7015499615256
0.9097,2488,2271.97823458283
0.9097,2488,2032.4927998241176
0.9097,2488,2095.9209629548204
0.9097,2488,2090.051665384193
0.9097,2488,1983.883038364296
0.9097,2488,2084.2043530834344
0.9097,2488,2033.093107617896
0.9097,2488,1960.975486424096
0.9097,2488,2038.3770473782567
0.9097,2488,2311.0083544025506
0.9097,2488,2069.314499285479
0.9097,2488,1894.101571946796
0.9097,2488,1923.259316258107
0.9097,2488,2134.212817412334
0.9097,2488,1921.158843574805
0.9097,2488,1887.0278113663849
0.9097,2488,2077.6528525887657
0.9097,2488,2013.287127624492
0.9097,2488,1850.6543915576565
0.9097,2488,1828.3888094976369
0.9097,2488,1971.730900296801
0.9097,2488,2008.653182367813
0.9097,2488,1991.635044520172
0.9097,2488,1920.1710453995825
0.9097,2488,2023.632845993185
0.9097,2488,1898.6052544794989
0.9097,2488,1903.987908101572
0.9097,2488,1892.624051885237
0.9097,2488,2022.409915356711
0.9097,2488,2115.470154996153
0.9097,2488,2046.9972518412665
0.9097,2488,1994.847752006156
0.9097,2488,2130.333846322964
0.9097,2488,1946.011542266681
0.9097,2488,2059.271957788282
0.9097,2488,1877.2073210948663
0.9097,2488,1897.362866879191
0.9097,2488,1891.138836979224
0.9097,2488,2006.2113883697923
0.9097,2488,1970.7576123996923
0.9097,2488,2050.7859733978235
0.9097,2488,1983.222710783775
0.9097,2488,1895.8387380455097
0.9097,2488,2027.532153457184
0.9097,2488,2027.219852698692
0.9097,2488,2025.8264262943828
0.9097,2488,1925.515884357481
0.9097,2488,1939.8577553039463
0.9097,2488,1983.01857755304
0.9097,2488,1993.570737605804
0.9097,2488,1899.903704517973
0.9097,2488,1948.705067604705
0.9097,2488,1963.8196108607235
0.9097,2488,2007.543695723865
0.9097,2488,2129.4214576233926
0.9097,2488,1955.7123227437617
0.9097,2488,1848.2708585247883
0.9097,2488,1865.0668352204025
0.9097,2488,1934.86050346268
0.9097,2488,1872.9121688468729
0.9097,2488,2027.6439485544688
0.9097,2488,2018.1536770363853
0.9097,2488,2085.536990216555
0.9097,2488,1948.0691436737384
0.9097,2488,2059.505661206992
0.9097,2488,2068.4755413872704
0.9097,2488,2004.148730350665
0.9097,2488,2009.6645047817965
0.9097,2488,2014.019347037485
0.9097,2488,1911.865450148401
0.9097,2488,1941.6651643398925
0.9097,2488,1983.914477300209
0.9097,2488,1957.674947784984
0.9097,2488,1963.5031329009564
0.9097,2488,2093.385951412554
0.9097,2488,1996.1128943607785
0.9097,2488,2035.1655490821151
0.9097,2488,1982.3904583928768
0.9097,2488,2036.7846542816317
0.9097,2488,2000.4675167637683
0.9097,2488,1959.3184566340556
0.9097,2488,1980.0621083873807
0.9097,2488,1892.636033857316
0.9097,2488,1828.0831043201056
0.9097,2488,1998.974826866
0.9097,2488,2127.974167307904
0.9097,2488,2089.649115092888
0.9097,2488,1816.2426074530065
0.9097,2488,1925.524898318127
0.9097,2488,2055.7478289546007
0.9097,2488,1908.7554138727053
0.9097,2488,2016.5895350115425
0.9097,2488,2057.453006485655
0.9097,2488,1992.279322853688
0.9097,2488,1909.091238869957
0.9097,2488,2000.1449928547872
0.9097,2488,1997.5410574914808
0.9097,2488,1962.6176761569748
0.9097,2488,2003.9054633395624
0.9097,2488,1943.8847971858856
0.9097,2488,1944.2346927558535
0.9097,2488,1939.450148400572
0.9097,2488,1996.2606353742992
0.9097,2488,1975.7790480378144
0.9097,2488,2107.844124436628
0.9097,2488,1953.6273496757171
0.9097,2488,2083.9905463339564
0.9097,2488,2084.7976255908543
0.9097,2488,2044.3203253819945
0.9097,2488,1915.961195998681
0.9097,2488,2051.3223040562825
0.9097,2488,2034.8757832252395
0.9097,2488,1924.0290205562276
0.9097,2488,1846.240738705068
0.9097,2488,2282.4840057161705
0.9097,2488,1877.899967022095
0.9097,2488,2004.47400241838
0.9097,2488,2063.4863141695064
0.9097,2488,1967.0615587556335
0.9097,2488,1997.5447949873587
0.9097,2488,2061.78487413433
0.9097,2488,1970.1802792129276
0.9097,2488,1918.4669671320216
0.9097,2488,2014.8774321204796
0.9097,2488,1957.0950862921843
0.9097,2488,2059.8854567439816
0.9097,2488,2068.3194459711995
0.9097,2488,2014.7338683082337
0.9097,2488,1926.426624161812
0.9097,2488,1826.3780367154009
0.9097,2488,2064.8875453446194
0.9097,2488,2110.0756293283503
0.9097,2488,2023.770913487963
0.9097,2488,1942.8475321534568
0.9097,2488,1998.2386501044305
0.9097,2488,1832.4800483675936
0.9097,2488,1911.3505551280643
0.9097,2488,1969.4101352094096
0.9097,2488,2105.409255798615
0.9097,2488,2086.197867428823
0.9097,2488,1888.4621303726503
0.9097,2488,2340.918654501484
0.9097,2488,1933.9629548202704
0.9097,2488,1912.5264372870176
0.9097,2488,2092.7558535781027
0.9097,2488,1868.9727382653623
0.9097,2488,2044.272947125426
0.9097,2488,1940.2940529845005
0.9097,2488,1909.844564142025
0.9097,2488,2071.6759371221283
0.9097,2488,1897.0490271518083
0.9097,2488,2121.0286907771792
0.9097,2488,1981.8354402550287
0.9097,2488,1959.001868747939
0.9097,2488,1949.76310871716
0.9097,2488,1888.8231285039024
0.9097,2488,2093.9697702539297
0.9097,2488,1891.1020116521927
0.9097,2488,2126.020666153677
0.9097,2488,1972.979113993624
0.9097,2488,1877.9694404748816
0.9097,2488,2087.789600967352
0.9097,2488,2091.5533692426075
0.9097,2488,1909.1847861932504
0.9097,2488,2001.137517863032
0.9097,2488,2023.0720017588217
0.9097,2488,2021.0624381664288
0.9097,2488,1913.2530504561944
0.9097,2488,1827.9802132571176
0.9097,2488,2004.402880070353
0.9097,2488,2036.811366384523
0.9097,2488,1899.9155765637024
0.9097,2488,2080.5933824337694
0.9097,2488,1934.512146861603
0.9097,2488,2018.0902495328128
0.9097,2488,1858.8266461470816
0.9097,2488,1933.982411784105
0.9097,2488,1987.6634055183029
0.9097,2488,1885.507090249533
0.9097,2488,2045.263383533033
0.9097,2488,1913.773771573046
0.9097,2488,2093.8399472353526
0.9097,2488,1952.423876003078
0.9097,2488,2070.1319116192158
0.9097,2488,2020.7878421457624
0.9097,2488,2028.1219083214248
0.9097,2488,2104.1853358249973
0.9097,2488,2025.558645707376
0.9097,2488,2100.7367263933165
0.9097,2488,2050.780367154007
0.9097,2488,1981.9320655161043
0.9097,2488,1895.6195449049137
0.9097,2488,2074.2393096625265
0.9097,2488,1979.6019566890184
0.9097,2488,1888.8898537979555
0.9097,2488,2077.068703968341
0.9097,2488,1924.2929537210068
0.9097,2488,2002.5689787842148
0.9097,2488,1870.2909750467188
0.9097,2488,1975.0056062438168
0.9097,2488,2000.1411454325605
0.9097,2488,1982.715840386941
0.9097,2488,1897.0448499505333
0.9097,2488,1922.5841486204245
0.9097,2488,2107.211168517094
0.9097,2488,1947.9285478729253
0.9097,2488,2003.2777838847971
0.9097,2488,1904.521710453996
0.9097,2488,2037.1988567659669
0.9097,2488,2112.5037924590524
0.9097,2488,1904.4866439485547
0.9097,2488,2021.628229086512
0.9097,2488,1982.5804111245463
0.9097,2488,2027.8335715070905
0.9097,2488,1984.1415851379577
0.9097,2488,2081.84203583599
0.9097,2488,1926.8178520391336
0.9097,2488,2069.9554798285158
0.9097,2488,2057.858964493789
0.9097,2488,1995.3582499725185
0.9097,2488,1916.8425854677369
0.9097,2488,1906.0831043201056
0.9097,2488,2020.1511487303508
0.9097,2488,1975.1103660547435
0.9097,2488,1886.4557546443884
0.9097,2488,2023.260195668902
0.9097,2488,1820.2095196218531
0.9097,2488,2059.9810926679124
0.9097,2488,1973.150269319556
0.9097,2488,1842.473452786633
0.9097,2488,2097.980213257118
0.9097,2488,2112.316477959767
0.9097,2488,2043.61185006046
0.9097,2488,2087.935803011982
0.9097,2488,2024.0912388699571
0.9097,2488,2040.915026931956
0.9097,2488,1983.5363306584588
0.9097,2488,1974.930306694515
0.9097,2488,2076.0756293283503
0.9097,2488,1837.9819720787077
0.9097,2488,1909.5161042101795
0.9097,2488,2018.7502473342863
0.9097,2488,1900.194349785644
0.9097,2488,2087.8288446740685
0.9097,2488,1906.228426953941
0.9097,2488,1949.7090249532812
0.9097,2488,2115.51764317907
0.9097,2488,2088.145432560185
0.9097,2488,1996.8221391667585
0.9097,2488,1894.751456524129
0.9097,2488,1966.7639881279545
0.9097,2488,1945.673628668792
0.9097,2488,2087.391997361768
0.9097,2488,2021.3327470594704
0.9097,2488,1963.076948444542
0.9097,2488,1930.7986149279984
0.9097,2488,1998.2213916675828
0.9097,2488,1979.62185335825
0.9097,2488,1984.542706386721
0.9097,2488,1981.562383203254
0.9097,2488,2066.6887985050016
0.9097,2488,1911.9962625041223
0.9097,2488,1924.4362976805544
0.9097,2488,2071.910080246236
0.9097,2488,2053.889524018907
0.9097,2488,2121.1372980103333
0.9097,2488,1946.9449268989777
0.9097,2488,1968.2578872155657
0.9097,2488,1994.2873474771905
0.9097,2488,1955.0029680114328
0.9097,2488,1852.421347697043
0.9097,2488,2075.3615477629987
0.9097,2488,2024.583049356931
0.9097,2488,1848.0756293283505
0.9097,2488,1988.0792568978784
0.9097,2488,1908.5641420248437
0.9097,2488,1925.9740573815543
0.9097,2488,2341.641530174783
0.9097,2488,1936.992085302847
0.9097,2488,2096.849950533143
0.9097,2488,1814.9959327250745
0.9097,2488,2059.5078597339784
0.9097,2488,2066.395734857645
0.9097,2488,1965.5844783994728
0.9097,2488,1968.3697922392
0.9097,2488,2102.555128064197
0.9097,2488,1857.9724084863144
0.9097,2488,2028.4710344069476
0.9097,2488,1904.0855226997912
0.9097,2488,2007.9956029460263
0.9097,2488,2009.4078267560733
0.9097,2488,1803.366714301418
0.9097,2488,2080.120699131582
0.9097,2488,1941.9636143783664
0.9097,2488,2040.729801033308
0.9097,2488,1882.62020446301
0.9097,2488,1979.7064966472465
0.9097,2488,2075.0647466197647
0.9097,2488,2054.214686160273
0.9097,2488,1872.1344399252505
0.9097,2488,1908.8224689458063
0.9097,2488,1951.757282620644
0.9097,2488,1901.3077937781688
0.9097,2488,1898.90425414972
0.9097,2488,1909.2696493349456
0.9097,2488,2088.9584478399474
0.9097,2488,2104.1226778058704
0.9097,2488,1891.9629548202704
0.9097,2488,2046.636473562713
0.9097,2488,1958.836429592173
0.9097,2488,2062.181048697373
0.9097,2488,1882.324062877872
0.9097,2488,2086.248103770474
0.9097,2488,2008.4943387930089
0.9097,2488,1999.836649444872
0.9097,2488,1957.514785093987
0.9097,2488,2099.172474442124
0.9097,2488,2107.079916455975
0.9097,2488,2016.2021545564476
0.9097,2488,2054.1653292294163
0.9097,2488,1871.998131252061
0.9097,2488,1953.7115532593164
0.9097,2488,1898.745410574915
0.9097,2488,1919.334615807409
0.9097,2488,1890.416510937672
0.9097,2488,1922.3039463559417
0.9097,2488,2012.345388589645
0.9097,2488,2032.0307793778168
0.9097,2488,1917.7544245355612
0.9097,2488,1932.2409585577664
0.9097,2488,1859.0782675607345
0.9097,2488,2079.866989117292
0.9097,2488,1925.3559415191824
0.9097,2488,1941.6982521710456
0.9097,2488,1993.5841486204245
0.9097,2488,1858.2895460041773
0.9097,2488,2070.32263383533
0.9097,2488,1934.2905353413212
0.9097,2488,2077.9562493129606
0.9097,2488,2339.050016488952
0.9097,2488,1993.0140705727165
0.9097,2488,1937.294932395295
0.9097,2488,1979.0776080026385
0.9097,2488,1943.094756513136
0.9097,2488,2028.8389578982085
0.9097,2488,2074.524238760031
0.9097,2488,1895.2018247773992
0.9097,2488,2012.7289216225129
0.9097,2488,2112.6432889963726
0.9097,2488,1881.958667692646
0.9097,2488,2123.165549082115
0.9097,2488,2003.2711883038369
0.9097,2488,1919.755963504452
0.9097,2488,2277.239529515225
0.9097,2488,2017.247554138727
0.9097,2488,1920.88402770144
0.9097,2488,2085.6165768934816
0.9097,2488,1830.856985819501
0.9097,2488,2096.692316148181
0.9097,2488,1915.4313509948336
0.9097,2488,2125.1611520281413
0.9097,2488,1967.9182147960869
0.9097,2488,1899.1978674288227
0.9097,2488,2076.747389249203
0.9097,2488,2058.1236671430142
0.9097,2488,1802.6884687259535
0.9097,2488,2066.5911839067826
0.9097,2488,2017.494668572057
0.9097,2488,1908.1767615697484
0.9097,2488,2003.958337913598
0.9097,2488,2030.1454325601849
0.9097,2488,2060.424645487524
0.9097,2488,2107.2264482796527
0.9097,2488,1916.915026931956
0.9097,2488,1857.078047708036
0.9097,2488,1874.002528306035
0.9097,2488,1894.803561613719
0.9097,2488,2042.210618885347
0.9097,2488,2081.83027371661
0.9097,2488,1993.7728921622515
0.9097,2488,1838.7262833901289
0.9097,2488,1938.241398263164
0.9097,2488,1880.135539188744
0.9097,2488,2098.6546114103558
0.9097,2488,2252.624931296032
0.9097,2488,1825.913927668462
0.9097,2488,1836.9331647795975
0.9097,2488,2028.5477629987909
0.9097,2488,1957.3559415191824
0.9097,2488,1890.7853138397277
0.9097,2488,2096.2594261844565
0.9097,2488,1840.0404528965596
0.9097,2488,1888.6730790370448
0.9097,2488,2074.575464438826
0.9097,2488,1983.8215895350115
0.9097,2488,2025.1101462020447
0.9097,2488,2056.4796086621964
0.9097,2488,2041.6779157964163
0.9097,2488,2066.462350225349
0.9097,2488,1924.513136198747
0.9097,2488,2019.4623502253487
0.9097,2488,1977.7966362537104
0.9097,2488,2029.8809497636585
0.9097,2488,2072.8024623502256
0.9097,2488,2091.940529845004
0.9097,2488,1953.0285808508304
0.9097,2488,2081.5685390788176
0.9097,2488,2073.700230845334
0.9097,2488,2072.2827305705177
0.9097,2488,1984.197427723425
0.9097,2488,1801.599318456634
0.9097,2488,1852.125425964604
0.9097,2488,1990.6882488732551
0.9097,2488,1883.5228097174893
0.9097,2488,2035.9927448609435
0.9097,2488,1905.38320325382
0.9097,2488,1870.6304276134997
0.9097,2488,1883.728811696164
0.9097,2488,1867.938661097065
0.9097,2488,1907.8432450258329
0.9097,2488,2051.5634824667472
0.9097,2488,1941.8063097724528
0.9097,2488,2025.8749038144445
0.9097,2488,1949.0701330108827
0.9097,2488,1898.649225019237
0.9097,2488,2126.1695064306914
0.9097,2488,1988.4802682202924
0.9097,2488,1882.6457073760585
0.9097,2488,2038.311641200396
0.9097,2488,2072.915356711004
0.9097,2488,1989.4061778608332
0.9097,2488,1909.747389249203
0.9097,2488,2058.7379355831595
0.9097,2488,2040.2521710454
0.9097,2488,1902.1174013411012
0.9097,2488,2016.8586347147411
0.9097,2488,1876.390788171925
0.9097,2488,1994.564032098494
0.9097,2488,2091.568978784215
0.9097,2488,1902.314829064527
0.9097,2488,1920.6413103220843
0.9097,2488,2024.381224579532
0.9097,2488,1861.3601187204567
0.9097,2488,1856.384192590964
0.9097,2488,2044.734637792679
0.9097,2488,2092.549411894031
0.9097,2488,1912.0024183796857
0.9097,2488,1927.5633725403984
0.9097,2488,1807.8056502143563
0.9097,2488,1897.941739034847
0.9097,2488,1998.05716170166
0.9097,2488,1868.871496097615
0.9097,2488,1949.0725513905684
0.9097,2488,2028.786742882269
0.9097,2488,1934.3759481147636
0.9097,2488,2012.510497966363
0.9097,2488,2048.683412113884
0.9097,2488,2031.2733868308237
0.9097,2488,1924.745410574915
0.9097,2488,1946.5938221391668
0.9097,2488,2108.662745960207
0.9097,2488,2107.5975596350445
0.9097,2488,1890.283390128614
0.9097,2488,2084.531493899088
0.9097,2488,1960.1215785423767
0.9097,2488,2018.3458282950423
0.9097,2488,2136.4803781466417
0.9097,2488,2048.0418819391007
0.9097,2488,1890.4588325821696
0.9097,2488,2083.4672969110698
0.9097,2488,2050.280971748928
0.9097,2488,1972.6076728591845
0.9097,2488,1926.3195558975488
0.9097,2488,1866.693525338024
0.9097,2488,2031.084533362647
0.9097,2488,2016.8669891172915
0.9097,2488,1856.7945476530724
0.9097,2488,1840.355611740134
0.9097,2488,2080.543256018468
0.9097,2488,2011.0245135759044
0.9097,2488,2054.906452676707
0.9097,2488,2071.293283500055
0.9097,2488,2109.0980543036167
0.9097,2488,1903.1780806859404
0.9097,2488,2073.8148840277017
0.9097,2488,1834.5276464768608
0.9097,2488,2009.6981422446963
0.9097,2488,2039.521490601297
0.9097,2488,2045.314609211828
0.9097,2488,1983.211938001539
0.9097,2488,1905.6022864680665
0.9097,2488,1803.965922831703
0.9097,2488,2022.7736616466968
0.9097,2488,1928.0538639111796
0.9097,2488,2031.2873474771905
0.9097,2488,2007.087611300429
0.9097,2488,1953.6983620973947
0.9097,2488,2019.892821809388
0.9097,2488,2035.062548092778
0.9097,2488,2074.856985819501
0.9097,2488,1835.954050785973
0.9097,2488,1847.9397603605585
0.9097,2488,2011.1444432230408
0.9097,2488,2031.254919204133
0.9097,2488,2064.298559964824
0.9097,2488,1804.9414092557988
0.9097,2488,2068.884577333187
0.9097,2488,1891.5210508959
0.9097,2488,1950.6775860173689
0.9097,2488,1843.2298559964825
0.9097,2488,1979.320435308344
0.9097,2488,2044.7868528086185
0.9097,2488,1993.3484665274264
0.9097,2488,1943.8310432010555
0.9097,2488,2131.833791359789
0.9097,2488,1990.0737605804115
0.9097,2488,1990.0890403429703
0.9097,2488,1941.46388919424
0.9097,2488,1986.3151588435749
0.9097,2488,2010.985269869188
0.9097,2488,1989.9409695504007
0.9097,2488,2067.8954600417724
0.9097,2488,2017.1456524128837
0.9097,2488,1874.7649774650984
0.9097,2488,2039.0745300648568
0.9097,2488,2026.7742112784435
0.9097,2488,2010.508299439376
0.9097,2488,2088.2740463889195
0.9097,2488,1990.970100032978
0.9097,2488,1924.054963174673
0.9097,2488,1980.051995163241
0.9097,2488,2099.9969220622183
0.9097,2488,1996.955150049467
0.9097,2488,1909.737495877762
0.9097,2488,1968.744421237771
0.9097,2488,1847.9384412443665
0.9097,2488,1949.3662745960207
0.9097,2488,1918.99835110476
0.9097,2488,2085.385511707156
0.9097,2488,1979.0331977575024
0.9097,2488,2058.225019237111
0.9097,2488,2047.1165219303068
0.9097,2488,2019.3582499725185
0.9097,2488,2048.554358579752
0.9097,2488,1811.4782895460044
0.9097,2488,1952.812795427064
0.9097,2488,2017.3061448829285
0.9097,2488,1808.773771573046
0.9097,2488,2021.5058810596904
0.9097,2488,2056.9079916455976
0.9097,2488,2021.1901725843688
0.9097,2488,2095.750247334286
0.9097,2488,1827.9456963834232
0.9097,2488,2002.518192810817
0.9097,2488,1856.959986808838
0.9097,2488,1993.1543365944815
0.9097,2488,2098.99505331428
0.9097,2488,2046.8553369242609
0.9097,2488,1841.861712652523
0.9097,2488,2087.3556117401345
0.9097,2488,2077.9285478729253
0.9097,2488,2037.2698691876444
0.9097,2488,2073.983840826646
0.9097,2488,1888.4109046938556
0.9097,2488,2007.170275915137
0.9097,2488,1830.067604704848
0.9097,2488,1957.1660987138616
0.9097,2488,2040.3293393426409
0.9097,2488,1894.9584478399472
0.9097,2488,2068.161261954491
0.9097,2488,2087.346707705837
0.9097,2488,1907.532263383533
0.9097,2488,2012.56645047818
0.9097,2488,1892.5831592832803
0.9097,2488,2007.3375838188413
0.9097,2488,1901.4612509618555
0.9097,2488,1836.639661426844
0.9097,2488,2091.9680114323405
0.9097,2488,1927.9762559085416
0.9097,2488,2058.741563152688
0.9097,2488,2045.7537649774652
0.9097,2488,2035.2593162581072
0.9097,2488,2021.4215675497417
0.9097,2488,2050.3848521490604
0.9097,2488,2096.9776849510827
0.9097,2488,1986.9626250412225
0.9097,2488,2119.197867428823
0.9097,2488,1909.1095965702984
0.9097,2488,1904.3987028690776
0.9097,2488,2082.1331208090583
0.9097,2488,1962.469935143454
0.9097,2488,2002.7881719248105
0.9097,2488,1828.3091128943609
0.9097,2488,1906.9679015059912
0.9097,2488,1904.4875233593496
0.9097,2488,1953.16807738815
0.9097,2488,2091.3763878201607
0.9097,2488,1983.287127624492
0.9097,2488,1900.109596570298
0.9097,2488,2084.224249752666
0.9097,2488,2027.7540947565133
0.9097,2488,2094.4741123447293
0.9097,2488,2057.8655600747497
0.9097,2488,2131.833791359789
0.9097,2488,2080.550291304826
0.9097,2488,2080.735297350775
0.9097,2488,1975.5272067714632
0.9097,2488,2070.027921292734
0.9097,2488,2091.445531493899
0.9097,2488,1898.777509068924
0.9097,2488,1914.1511487303508
0.9097,2488,2100.163680334176
0.9097,2488,1921.8012531603829
0.9097,2488,2023.6330658458835
0.9097,2488,2074.9606463669343
0.9097,2488,1865.788611630208
0.9097,2488,2089.684401451028
0.9097,2488,1908.3866109706496
0.9097,2488,2058.18324722436
0.9097,2488,2091.8590744201383
0.9097,2488,1918.4234362976808
0.9097,2488,2071.389688908432
0.9097,2488,1866.606243816643
0.9097,2488,2046.2899857095747
0.9097,2488,2124.23876003078
0.9097,2488,1918.5908541277347
0.9097,2488,1916.935143453886
0.9097,2488,2117.365395185226
0.9097,2488,1902.963394525668
0.9097,2488,2055.9668022424976
0.9097,2488,2053.1861053094426
0.9097,2488,1985.215015939321
0.9097,2488,2132.55303946356
0.9097,2488,1859.048257667363
0.9097,2488,2053.3098823788064
0.9097,2488,2053.254589425085
0.9097,2488,1916.787732219413
0.9097,2488,1996.4477300208864
0.9097,2488,2022.6235022534904
0.9097,2488,2070.9673518742443
0.9097,2488,2075.968231285039
0.9097,2488,1997.081565351215
0.9097,2488,1949.614488292844
0.9097,2488,2014.8766626360336
0.9097,2488,2089.5890953061453
0.9097,2488,2108.567110036276
0.9097,2488,1991.1699461360888
0.9097,2488,1866.391117950973
0.9097,2488,1999.4426734088163
0.9097,2488,1987.559305265472
0.9097,2488,1860.6940749697703
0.9097,2488,1906.8646806639551
0.9097,2488,2123.637352973508
0.9097,2488,2056.7243047158404
0.9097,2488,1999.937561833572
0.9097,2488,1984.829064526767
0.9097,2488,2002.4650983840827
0.9097,2488,2030.0116521930308
0.9097,2488,1942.29921952292
0.9097,2488,1897.318676486754
0.9097,2488,1838.6565900846435
0.9097,2488,2125.05045619435
0.9097,2488,2036.2567879520725
0.9097,2488,1993.5363306584588
0.9097,2488,2092.460921182808
0.9097,2488,1870.410245135759
0.9097,2488,1988.5634824667477
0.9097,2488,2006.0539738375287
0.9097,2488,1889.5410574914808
0.9097,2488,1942.2235901945696
0.9097,2488,1925.725074200286
0.9097,2488,1961.7300208860063
0.9097,2488,2134.218753435199
0.9097,2488,1864.3186764867544
0.9097,2488,1965.3071342200728
0.9097,2488,2040.361987468396
0.9097,2488,2047.948334615808
0.9097,2488,2019.26558206002
0.9097,2488,1889.380345168737
0.9097,2488,2075.8206001978674
0.9097,2488,2086.773661646697
0.9097,2488,1837.2315048917228
0.9097,2488,1832.7048477520063
0.9097,2488,1900.1199296471368
0.9097,2488,1900.9152467846543
0.9097,2488,1881.888094976366
0.9097,2488,2111.434978564362
0.9097,2488,1996.001319116192
0.9097,2488,1851.9928547872928
0.9097,2488,2010.9753764977463
0.9097,2488,2023.6184456414203
0.9097,2488,2063.068703968341
0.9097,2488,1882.6759371221283
0.9097,2488,1945.019347037485
0.9097,2488,2019.1958887545345
0.9097,2488,2083.3337363966143
0.9097,2488,2069.85885456744
0.9097,2488,2088.144113443993
0.9097,2488,1989.04375068704
0.9097,2488,2125.476310871716
0.9097,2488,1923.162251291635
0.9097,2488,1888.0187974057385
0.9097,2488,1984.56304276135
0.9097,2488,1991.9938441244367
0.9097,2488,1803.778278553369
0.9097,2488,2021.636693415412
0.9097,2488,1971.6016269099705
0.9097,2488,1970.446740683742
0.9097,2488,2086.424315708475
0.9097,2488,1924.0505661206992
0.9097,2488,1954.7835550181376
0.9097,2488,1914.9668022424976
0.9097,2488,2014.4281631307024
0.9097,2488,2007.2474442123776
0.9097,2488,1906.5148950203368
0.9097,2488,2055.623172474442
0.9097,2488,2051.758601736836
0.9097,2488,2023.0105529295367
0.9097,2488,1960.5162141365288
0.9097,2488,2052.639001868748
0.9097,2488,2100.6143783664947
0.9097,2488,1947.2049027151809
0.9097,2488,1907.7828954600416
0.9097,2488,2109.3976036055847
0.9097,2488,1922.5058810596904
0.9097,2488,2042.262943827636
0.9097,2488,2024.9535011542268
0.9097,2488,2056.86391117951
0.9097,2488,2083.3343959547105
0.9097,2488,2012.07903704518
0.9097,2488,1976.3400021985271
0.9097,2488,2009.8808398373087
0.9097,2488,1893.5612839397604
0.9097,2488,2105.8806199846103
0.9097,2488,2081.0826646147084
0.9097,2488,1898.298999670221
0.9097,2488,2004.048367593712
0.9097,2488,2092.8447839947235
0.9097,2488,1993.8178520391336
0.9097,2488,1832.0105529295367
0.9097,2488,1922.2693195558977
0.9097,2488,1999.269759261295
0.9097,2488,2028.141475211608
0.9097,2488,1827.62020446301
0.9097,2488,2042.7101242167748
0.9097,2488,2076.7982851489505
0.9097,2488,2008.5995383093327
0.9097,2488,2113.671649994504
0.9097,2488,2019.3229636143783
0.9097,2488,2091.5046718698472
0.9097,2488,1881.1272947125428
0.9097,2488,2075.387600307794
0.9097,2488,1997.0486973727604
0.9097,2488,2079.1322413982634
0.9097,2488,2010.750577113334
0.9097,2488,2056.342640430912
0.9097,2488,1865.2100692536003
0.9097,2488,2031.421567549742
0.9097,2488,2119.8846872595363
0.9097,2488,1926.8787512366716
0.9097,2488,1982.7401341101463
0.9097,2488,2021.6743981532368
0.9097,2488,2037.066065735957
0.9097,2488,2090.218203803452
0.9097,2488,2021.045949214027
0.9097,2488,2094.1494998351104
0.9097,2488,1894.0181378476425
0.9097,2488,2035.2666813235128
0.9097,2488,1988.9553699021656
0.9097,2488,2053.0038474222274
0.9097,2488,1807.812685500715
0.9097,2488,1900.03869407497
0.9097,2488,1926.50763988128
0.9097,2488,1970.9099703198856
0.9097,2488,1884.7907002308452
0.9097,2488,1920.4382763548424
0.9097,2488,2018.1500494668571
0.9097,2488,1996.173463779268
0.9097,2488,1848.823238430252
0.9097,2488,1890.3141695064307
0.9097,2488,1906.9270089040344
0.9097,2488,2014.168956798945
0.9097,2488,1906.9260195668903
0.9097,2488,2086.971639001869
0.9097,2488,1919.4974167307903
0.9097,2488,1913.733648455535
0.9097,2488,1836.6241618115864
0.9097,2488,2020.2055622732769
0.9097,2488,1959.769924150819
0.9097,2488,1968.1297130922285
0.9097,2488,2082.975486424096
0.9097,2488,1969.511927008904
0.9097,2488,1873.3438496207543
0.9097,2488,2049.1493899087613
0.9097,2488,2007.394305815104
0.9097,2488,1984.291634604815
0.9097,2488,1896.5170935473236
0.9097,2488,2031.4842255688689
0.9097,2488,2060.946575794218
0.9097,2488,1898.0492470045072
0.9097,2488,1837.7014400351768
0.9097,2488,2091.3427503572607
0.9097,2488,2112.0300098933712
0.9097,2488,1845.032098494009
0.9097,2488,1919.4840057161705
0.9097,2488,2006.6153677036384
0.9097,2488,1901.621193800154
0.9097,2488,1838.9797735517209
0.9097,2488,1996.9430581510387
0.9097,2488,2014.2759151368584
0.9097,2488,1908.333186764868
0.9097,2488,2096.9807628888643
0.9097,2488,1909.6684621303727
0.9097,2488,1878.862372210619
0.9097,2488,1864.4441024513576
0.9097,2488,1986.3308783115317
0.9097,2488,1903.1307024293724
0.9097,2488,1800.6876992415084
0.9097,2488,2004.4694954380568
0.9097,2488,1920.581180608992
0.9097,2488,2047.941848961196
0.9097,2488,2134.666703308784
0.9097,2488,1855.3728701769812
0.9097,2488,2043.193140595801
0.9097,2488,1911.660217654172
0.9097,2488,1962.6297680554028
0.9097,2488,2110.4590524348687
0.9097,2488,2059.648235682093
0.9097,2488,2025.9661426844016
0.9097,2488,1903.3570407826755
0.9097,2488,2084.548752335935
0.9097,2488,2088.653512146862
0.9097,2488,2120.506100912389
0.9097,2488,1864.5937122128173
0.9097,2488,2008.4689458063096
0.9097,2488,2020.246564801583
0.9097,2488,2083.7122128174124
0.9097,2488,1915.6080026382324
0.9097,2488,1944.575464438826
0.9097,2488,1878.4102451357592
0.9097,2488,2040.9194239859291
0.9097,2488,1993.4835660107728
0.9097,2488,1874.699351434539
0.9097,2488,1980.8864460811255
0.9097,2488,2082.6159173353853
0.9097,2488,1880.8697372760253
0.9097,2488,1890.982521710454
0.9097,2488,2120.0351764317907
0.9097,2488,2115.469605364406
0.9097,2488,2019.4757612399687
0.9097,2488,2143.7453006485657
0.9097,2488,1871.6427393646256
0.9097,2488,1898.1046498845772
0.9097,2488,2113.1998461031108
0.9097,2488,1822.8069693305488
0.9097,2488,1896.0906892382104
0.9097,2488,2005.026052544795
0.9097,2488,2037.457843245026
0.9097,2488,1951.611630207761
0.9097,2488,1934.53116412004
0.9097,2488,2041.26393316478
0.9097,2488,2086.248873254919
0.9097,2488,1846.9655930526549
0.9097,2488,2111.8188413762778
0.9097,2488,1884.2931735737056
0.9097,2488,1922.021215785424
0.9097,2488,2021.75134659778
0.9097,2488,1825.1059690007696
0.9097,2488,2022.717819061229
0.9097,2488,2059.0856326261405
0.9097,2488,1843.5206111905024
0.9097,2488,2008.219742772343
0.9097,2488,2085.6462570078047
0.9097,2488,2085.7954270638675
0.9097,2488,2091.014840057162
0.9097,2488,1917.728152138068
0.9097,2488,1883.9229416291084
0.9097,2488,2089.352094096955
0.9097,2488,2037.8156535121468
0.9097,2488,1979.192261185006
0.9097,2488,2064.761130042872
0.9097,2488,2093.260965153347
0.9097,2488,1878.314609211828
0.9097,2488,2042.2957018797408
0.9097,2488,1950.979113993624
0.9097,2488,1900.6270198966693
0.9097,2488,2105.908651203694
0.9097,2488,2074.124216774761
0.9097,2488,2071.551830273717
0.9097,2488,2075.548202704188
0.9097,2488,2022.74288226888
0.9097,2488,2031.8955699681217
0.9097,2488,2076.3185665604046
0.9097,2488,2082.9629548202706
0.9097,2488,1955.149939540508
0.9097,2488,2029.6083324172807
0.9097,2488,2082.845223700121
0.9097,2488,1991.058151038804
0.9097,2488,2009.87567329889
0.9097,2488,2135.6745080795868
0.9097,2488,1924.9638342310648
0.9097,2488,2091.765746949544
0.9097,2488,1940.5216005276463
0.9097,2488,1921.594261844564
0.9097,2488,1982.5313839727385
0.9097,2488,2089.2982301857755
0.9097,2488,2020.445091788502
0.9097,2488,1899.075299549302
0.9097,2488,2344.12102891063
0.9097,2488,1919.484885126965
0.9097,2488,1858.781356491151
0.9097,2488,1938.4999450368252
0.9097,2488,2093.64878531384
0.9097,2488,2045.8165329229416
0.9097,2488,2024.13949653732
0.9097,2488,1879.167747609102
0.9097,2488,1914.460701330109
0.9097,2488,2009.195339122788
0.9097,2488,1915.6313070242936
0.9097,2488,2071.920303396724
0.9097,2488,2129.8185115972296
0.9097,2488,2090.9571287237554
0.9097,2488,1939.0443003187863
0.9097,2488,1888.1868747938884
0.9097,2488,1927.849730680444
0.9097,2488,2100.271408156535
0.9097,2488,2023.9245905243488
0.9097,2488,2026.328789710894
0.9097,2488,1850.685061009124
0.9097,2488,1892.625041222381
0.9097,2488,1853.632955919534
0.9097,2488,2029.4878531383972
0.9097,2488,2199.791139936243
0.9097,2488,1862.777179289876
0.9097,2488,1930.4144223370345
0.9097,2488,1893.58997471694
0.9097,2488,1925.6737385951408
0.9097,2488,1906.951632406288
0.9097,2488,2012.6995712872376
0.9097,2488,1876.7528855666703
0.9097,2488,1920.825546883588
0.9097,2488,2072.0125316038257
0.9097,2488,2101.9560294602616
0.9097,2488,1927.3651753325275
0.9097,2488,2012.9352533802355
0.9097,2488,2028.431241068484
0.9097,2488,1953.7557436517532
0.9097,2488,1993.285148950204
0.9097,2488,1812.17148510498
0.9097,2488,2004.0030779377817
0.9097,2488,1817.9974716939653
0.9097,2488,2087.895350115423
0.9097,2488,2030.3273606683524
0.9097,2488,1970.3150489172256
0.9097,2488,1997.6349345938224
0.9097,2488,1914.357040782676
0.9097,2488,1940.1170715620533
0.9097,2488,2114.306254809278
0.9097,2488,1959.682202924041
0.9097,2488,2012.9696603275809
0.9097,2488,1994.164559744971
0.9097,2488,2003.904583928768
0.9097,2488,2018.2603055952516
0.9097,2488,1899.6294382763551
0.9097,2488,2005.750906892382
0.9097,2488,2027.7656370231944
0.9097,2488,2061.305045619435
0.9097,2488,1941.628119160163
0.9097,2488,1906.767066065736
0.9097,2488,2065.493019676817
0.9097,2488,1888.924920303397
0.9097,2488,1936.624711443333
0.9097,2488,1808.3398922721776
0.9097,2488,2021.090909090909
0.9097,2488,1907.0249532813016
0.9097,2488,2119.640650763988
0.9097,2488,1926.5307244146425
0.9097,2488,1995.524568539079
0.9097,2488,2113.07398043311
0.9097,2488,2040.8345608442344
0.9097,2488,1827.821369682313
0.9097,2488,1883.3922172144664
0.9097,2488,1866.8930416620865
0.9097,2488,1926.2305155545785
0.9097,2488,1837.0304495987689
0.9097,2488,1891.8043310981643
0.9097,2488,1924.3680334176104
0.9097,2488,1815.6534022205124
0.9097,2488,2030.38990876113
0.9097,2488,1996.2120479278883
0.9097,2488,1818.1389469055732
0.9097,2488,2081.0747499175554
0.9097,2488,1894.5641420248432
0.9097,2488,2099.595141255359
0.9097,2488,1808.8746839617456
0.9097,2488,1906.0204463009784
0.9097,2488,2105.2708585247883
0.9097,2488,2014.5014840057163
0.9097,2488,1957.6986918764428
0.9097,2488,1890.623282400792
0.9097,2488,1972.92942728372
0.9097,2488,1976.9893371441133
0.9097,2488,2091.67395844784
0.9097,2488,1990.1259755963504
0.9097,2488,2038.3773771573049
0.9097,2488,2020.4676266901176
0.9097,2488,1855.0345168736949
0.9097,2488,1995.1898428053207
0.9097,2488,1989.6985819500933
0.9097,2488,1826.7503572606356
0.9097,2488,1921.638342310652
0.9097,2488,1820.706276794548
0.9097,2488,2061.5629328350005
0.9097,2488,2000.8251071781904
0.9097,2488,1994.7697042981204
0.9097,2488,1862.4441024513576
0.9097,2488,1923.8962295262177
0.9097,2488,1953.413652852589
0.9097,2488,1994.2695394085963
0.9097,2488,1906.4139826316368
0.9097,2488,1827.2708585247883
0.9097,2488,1982.0042871276248
0.9097,2488,1963.740353962845
0.9097,2488,2066.2209519621856
0.9097,2488,2077.245025832692
0.9097,2488,1925.5622732769043
0.9097,2488,2084.821149829614
0.9097,2488,1831.3693525338024
0.9097,2488,1953.7413432999888
0.9097,2488,2089.724304715841
0.9097,2488,1971.217544245356
0.9097,2488,2007.6459272287568
0.9097,2488,1845.7373859514123
0.9097,2488,2083.922391997362
0.9097,2488,1984.0061558755635
0.9097,2488,2006.7567329888973
0.9097,2488,1903.131252061119
0.9097,2488,1914.5210508959
0.9097,2488,1957.3696823128505
0.9097,2488,2007.9110695833792
0.9097,2488,2060.310541936902
0.9097,2488,1990.17478289546
0.9097,2488,2054.6019566890186
0.9097,2488,1990.0925579861491
0.9097,2488,2028.9584478399477
0.9097,2488,2068.230955259976
0.9097,2488,1892.6765966802243
0.9097,2488,1884.4747719028253
0.9097,2488,1896.5170935473236
0.9097,2488,2090.635704078268
0.9097,2488,1925.579201934704
0.9097,2488,1901.8718258766628
0.9097,2488,1890.0074749917555
0.9097,2488,2026.511157524459
0.9097,2488,2071.703198856766
0.9097,2488,2093.447730020886
0.9097,2488,1910.8195009343744
0.9097,2488,2112.936572496428
0.9097,2488,1996.85555677696
0.9097,2488,1925.4002418379685
0.9097,2488,1856.2752555787624
0.9097,2488,1827.6543915576565
0.9097,2488,1857.5809607562933
0.9097,2488,1940.822249093108
0.9097,2488,1918.385401780807
0.9097,2488,2126.8234582829505
0.9097,2488,1830.578872155656
0.9097,2488,1821.369572386501
0.9097,2488,2141.2919643838627
0.9097,2488,2020.244036495548
0.9097,2488,2072.6224029899968
0.9097,2488,1923.224689458063
0.9097,2488,1981.9554798285149
0.9097,2488,2023.507969660328
0.9097,2488,1913.128064196988
0.9097,2488,1943.0557326591183
0.9097,2488,1949.249752665714
0.9097,2488,2009.5263273606688
0.9097,2488,2003.7910300098936
0.9097,2488,2107.891942398593
0.9097,2488,2035.538309332747
0.9097,2488,1896.319775750248
0.9097,2488,1892.1654391557656
0.9097,2488,1981.8203803451688
0.9097,2488,1838.596130592503
0.9097,2488,2078.314169506431
0.9097,2488,2009.671320215456
0.9097,2488,2040.2976805540288
0.9097,2488,1947.0345168736949
0.9097,2488,2071.7945476530726
0.9097,2488,1972.168846872596
0.9097,2488,2004.6185555677696
0.9097,2488,1838.8539078817196
0.9097,2488,1848.4878531383972
0.9097,2488,1892.845553479169
0.9097,2488,1864.468725953611
0.9097,2488,1969.590304495988
0.9097,2488,1994.846542816313
0.9097,2488,1973.3195558975488
0.9097,2488,1988.1027811366384
0.9097,2488,2117.742222710784
0.9097,2488,1842.7383752885569
0.9097,2488,1974.3753984830169
0.9097,2488,2024.3992525008248
0.9097,2488,1847.358359898868
0.9097,2488,1981.439045839288
0.9097,2488,2008.6638452237005
0.9097,2488,2027.222710783775
0.9097,2488,2009.5865670001097
0.9097,2488,1896.6712102891065
0.9097,2488,1834.2503022974608
0.9097,2488,1916.0866219632849
0.9097,2488,1969.6042651423547
0.9097,2488,1905.5011542266684
0.9097,2488,2021.999670220952
0.9097,2488,1826.159832911949
0.9097,2488,1948.952621743432
0.9097,2488,1801.7750906892384
0.9097,2488,2084.609431680774
0.9097,2488,2018.576014070573
0.9097,2488,2057.2937232054524
0.9097,2488,1895.2509618555569
0.9097,2488,2009.483236231725
0.9097,2488,2077.926898977685
0.9097,2488,1955.894800483676
0.9097,2488,2082.8041112454657
0.9097,2488,2016.616357040783
0.9097,2488,1853.7591513685832
0.9097,2488,2074.972518412664
0.9097,2488,1954.601077278224
0.9097,2488,1897.9804331098164
0.9097,2488,1800.2058920523252
0.9097,2488,1892.9212927338683
0.9097,2488,2072.389578982082
0.9097,2488,1810.490931076179
0.9097,2488,1883.9802132571176
0.9097,2488,2089.145542486534
0.9097,2488,1905.4342090799164
0.9097,2488,2001.2514015609545
0.9097,2488,2014.4921402660216
0.9097,2488,2018.0182477739916
0.9097,2488,2053.550291304826
0.9097,2488,2043.514125535891
0.9097,2488,1815.0909090909088
0.9097,2488,1970.2570078047709
0.9097,2488,1836.830603495658
0.9097,2488,1967.1644498186215
0.9097,2488,2018.9696603275809
0.9097,2488,1999.3722106188852
0.9097,2488,2007.99835110476
0.9097,2488,1817.2108387380456
0.9097,2488,1924.2073210948663
0.9097,2488,2099.739914257448
0.9097,2488,2111.311641200396
0.9097,2488,1989.8997471693967
0.9097,2488,2027.9244805979995
0.9097,2488,1912.30757392547
0.9097,2488,1868.335824997252
0.9097,2488,2077.04539958228
0.9097,2488,1994.669341541168
0.9097,2488,2033.6089919753765
0.9097,2488,2059.2849290975046
0.9097,2488,1991.9141475211609
0.9097,2488,1988.022534901616
0.9097,2488,2076.164449818621
0.9097,2488,2024.6365834890623
0.9097,2488,2074.666593382434
0.9097,2488,2088.510717819061
0.9097,2488,2346.341980872815
0.9097,2488,1961.8173024073872
0.9097,2488,1991.5711773112012
0.9097,2488,1950.7251841266352
0.9097,2488,2000.2582169946136
0.9097,2488,2035.2086402110588
0.9097,2488,2002.434648785314
0.9097,2488,1999.1364185995385
0.9097,2488,2059.349236011872
0.9097,2488,1997.5830493569308
0.9097,2488,1928.4838957898207
0.9097,2488,2005.153127404639
0.9097,2488,2105.083214246455
0.9097,2488,2074.436077827855
0.9097,2488,2007.9174453116411
0.9097,2488,2047.3930966252613
0.9097,2488,1975.8746839617456
0.9097,2488,2097.1432340331976
0.9097,2488,2090.156095416072
0.9097,2488,2079.466747279323
0.9097,2488,1979.6395515004947
0.9097,2488,1951.1062987798173
0.9097,2488,1886.5750247334288
0.9097,2488,1966.8876552709687
0.9097,2488,1899.628448939211
0.9097,2488,2060.296361437837
0.9097,2488,2063.534132131472
0.9097,2488,1985.8034516873693
0.9097,2488,1977.7191381774207
0.9097,2488,2042.928328020227
0.9097,2488,1920.4088160932176
0.9097,2488,2118.630757392548
0.9097,2488,1803.2304056282287
0.9097,2488,2124.1380674947786
0.9097,2488,2075.447510168188
0.9097,2488,2075.3150489172253
0.9097,2488,2066.008794107948
0.9097,2488,1958.467846542816
0.9097,2488,2022.4091458722653
0.9097,2488,2011.0541936902275
0.9097,2488,2014.955150049467
0.9097,2488,2128.156645047818
0.9097,2488,2010.811476310872
0.9097,2488,1922.7126525228095
0.9097,2488,2064.229746070133
0.9097,2488,1986.7217764098052
0.9097,2488,2111.1843464878534
0.9097,2488,2044.4889524018909
0.9097,2488,1809.247554138727
0.9097,2488,1985.7960866219632
0.9097,2488,1995.8218093877103
0.9097,2488,1835.1843464878527
0.9097,2488,1903.453666043751
0.9097,2488,1893.3557216664835
0.9097,2488,1819.3992525008248
0.9097,2488,1924.376607672859
0.9097,2488,1904.8233483566007
0.9097,2488,1923.8286248213697
0.9097,2488,1942.064746619765
0.9097,2488,1896.5575464438823
0.9097,2488,2113.353852918545
0.9097,2488,1880.994283829834
0.9097,2488,2086.2039133780368
0.9097,2488,2091.9376717599207
0.9097,2488,2024.4804880729916
0.9097,2488,2080.291414752116
0.9097,2488,1952.800153896889
0.9097,2488,2019.498515994284
0.9097,2488,1945.5135759041443
0.9097,2488,1947.113114213477
0.9097,2488,2055.203253819941
0.9097,2488,2130.668681983072
0.9097,2488,2015.367923491261
0.9097,2488,1879.8953501154224
0.9097,2488,1828.437177091349
0.9097,2488,2081.919643838628
0.9097,2488,2044.066945146752
0.9097,2488,2098.71770913488
0.9097,2488,1992.204023304386
0.9097,2488,2012.0848631416952
0.9097,2488,2023.9894470704628
0.9097,2488,1905.5493019676817
0.9097,2488,1883.7672859184347
0.9097,2488,1985.6793448389576
0.9097,2488,2056.523029570188
0.9097,2488,1974.569418489612
0.9097,2488,2032.4490491370784
0.9097,2488,2103.046828624821
0.9097,2488,1926.4572936132795
0.9097,2488,2072.1110256128395
0.9097,2488,1916.2450258326924
0.9097,2488,2060.393646257008
0.9097,2488,1943.5763438496208
0.9097,2488,2092.5496317467296
0.9097,2488,2019.670440804661
0.9097,2488,2077.217654171705
0.9097,2488,2116.319665823898
0.9097,2488,2051.451467516764
0.9097,2488,2083.042211718149
0.9097,2488,1995.8439045839289
0.9097,2488,1915.5265472133672
0.9097,2488,2028.392437067165
0.9097,2488,1868.0269319555896
0.9097,2488,2014.7849840606796
0.9097,2488,2026.3756183357152
0.9097,2488,1983.2039133780368
0.9097,2488,1866.177311201495
0.9097,2488,2090.928218093877
0.9097,2488,1907.1190502363413
0.9097,2488,1944.4351984170603
0.9097,2488,2036.579421787403
0.9097,2488,1993.0185775530397
0.9097,2488,2056.3604484995053
0.9097,2488,1933.5258876552712
0.9097,2488,2084.5136858304936
0.9097,2488,1901.8986479059035
0.9097,2488,1910.5015939320656
0.9097,2488,2012.2482136968235
0.9097,2488,1985.497856436188
0.9097,2488,1892.7722326041555
0.9097,2488,1901.5123667143016
0.9097,2488,1996.9883478069692
0.9097,2488,1902.013960646367
0.9097,2488,1979.478509398703
0.9097,2488,2001.4783994723532
0.9097,2488,1999.7745410574917
0.9097,2488,1802.263053753985
0.9097,2488,2111.85885456744
0.9097,2488,1972.436077827856
0.9097,2488,1920.6374628998567
0.9097,2488,2067.72782235902
0.9097,2488,2112.3294492689897
0.9097,2488,2124.0274815873363
0.9097,2488,2045.2098494009012
0.9097,2488,2024.030449598769
0.9097,2488,2095.0426514235464
0.9097,2488,1892.8653402220511
0.9097,2488,1916.6550511157527
0.9097,2488,2032.113993624272
0.9097,2488,2115.481367483786
0.9097,2488,2007.9960426514235
0.9097,2488,2081.220402330439
0.9097,2488,2038.5621633505552
0.9097,2488,1987.127074859844
0.9097,2488,1897.8456634055185
0.9097,2488,2073.023963944157
0.9097,2488,2086.6625261075083
0.9097,2488,1827.472683302188
0.9097,2488,2076.6746180059363
0.9097,2488,2078.614927998241
0.9097,2488,2089.6328459931847
0.9097,2488,2069.972848191712
0.9097,2488,1996.7107837748708
0.9097,2488,1957.6340551830276
0.9097,2488,2001.8034516873695
0.9097,2488,2052.5759041442234
0.9097,2488,1946.036825327031
0.9097,2488,2084.214686160273
0.9097,2488,1904.276354842256
0.9097,2488,2028.2495328130155
0.9097,2488,2000.4454215675496
0.9097,2488,1857.2160052764648
0.9097,2488,1859.7273826536225
0.9097,2488,2042.370451797296
0.9097,2488,2000.7421127844343
0.9097,2488,2054.890623282401
0.9097,2488,1924.345938221392
0.9097,2488,2007.7392546993517
0.9097,2488,1840.7928987578323
0.9097,2488,2275.2088600637576
0.9097,2488,2010.5567769594368
0.9097,2488,1981.7191381774207
0.9097,2488,2078.9236011872044
0.9097,2488,1966.6166868198304
0.9097,2488,1900.7703638562164
0.9097,2488,2094.313400021985
0.9097,2488,1960.3683631966585
0.9097,2488,1924.7857535451249
0.9097,2488,1912.4712542596465
0.9097,2488,2082.2002858085084
0.9097,2488,2001.6199846103116
0.9097,2488,1973.8380784874132
0.9097,2488,1873.0595800813453
0.9097,2488,2003.6193250522156
0.9097,2488,1983.7922391997363
0.9097,2488,2014.4762009453664
0.9097,2488,2084.5874464109047
0.9097,2488,1983.84203583599
0.9097,2488,1956.0462789930743
0.9097,2488,2128.739694404749
0.9097,2488,1871.691436737386
0.9097,2488,1911.7572826206444
0.9097,2488,1873.47059470155
0.9097,2488,1901.0095635923933
0.9097,2488,1959.1781906122897
0.9097,2488,2135.9451467516765
0.9097,2488,1843.061668681983
0.9097,2488,2012.8532483236231
0.9097,2488,1994.890293503353
0.9097,2488,1926.4204682862485
0.9097,2488,1976.90425414972
0.9097,2488,1998.269429482247
0.9097,2488,1924.2260085742555
0.9097,2488,1805.2728371990763
0.9097,2488,1924.804880729911
0.9097,2488,1960.6170165988788
0.9097,2488,1923.518852368913
0.9097,2488,1841.194679564692
0.9097,2488,2022.0051665384196
0.9097,2488,1899.332417280422
0.9097,2488,1864.3320875013744
0.9097,2488,1803.1468616027264
0.9097,2488,1894.543695723865
0.9097,2488,2098.369242607453
0.9097,2488,2072.115092887765
0.9097,2488,2005.6236121798397
0.9097,2488,1837.112124876333
0.9097,2488,1922.8103770473783
0.9097,2488,1957.0552929537207
0.9097,2488,1915.9702099593276
0.9097,2488,2023.3682532703087
0.9097,2488,2016.094426734088
0.9097,2488,1848.3074639991205
0.9097,2488,1951.9328350005496
0.9097,2488,2036.518852368913
0.9097,2488,1911.6054743321972
0.9097,2488,2013.565571067385
0.9097,2488,1915.6406507639883
0.9097,2488,2046.3737495877765
0.9097,2488,1894.604704847752
0.9097,2488,1857.570627679455
0.9097,2488,1926.127074859844
0.9097,2488,1929.1564251951197
0.9097,2488,1997.948774321205
0.9097,2488,1935.7333186764868
0.9097,2488,1896.7169396504344
0.9097,2488,1981.1577443113115
0.9097,2488,1998.772782235902
0.9097,2488,2033.2740463889195
0.9097,2488,2014.815653512147
0.9097,2488,1982.626800043971
0.9097,2488,2116.0171485104984
0.9097,2488,2033.71265252281
0.9097,2488,1881.1647795976696
0.9097,2488,2110.5871166318566
0.9097,2488,2077.6127294712546
0.9097,2488,1905.6155875563372
0.9097,2488,1916.3137298010336
0.9097,2488,1941.8392876772564
0.9097,2488,1800.7221061888536
0.9097,2488,1951.8210399032648
0.9097,2488,1868.2686599978017
0.9097,2488,2026.0261624711443
0.9097,2488,1912.43025173134
0.9097,2488,1969.214356381225
0.9097,2488,2015.7256238320329
0.9097,2488,2041.6746180059365
0.9097,2488,2008.7005606243815
0.9097,2488,1874.576014070573
0.9097,2488,2020.0298999670224
0.9097,2488,1850.6221831372984
0.9097,2488,2022.0837638782016
0.9097,2488,1956.0182477739916
0.9097,2488,1899.4889524018904
0.9097,2488,1984.787622293064
0.9097,2488,2088.819830713422
0.9097,2488,1877.7192481037705
0.9097,2488,1957.0579311861056
0.9097,2488,2002.336814334396
0.9097,2488,2019.799494338793
0.9097,2488,2012.523029570188
0.9097,2488,2098.286248213697
0.9097,2488,1879.3407716829724
0.9097,2488,1989.288116961636
0.9097,2488,1915.04375068704
0.9097,2488,1936.950093437397
0.9097,2488,2013.521490601297
0.9097,2488,1944.119709794438
0.9097,2488,1992.7214466307576
0.9097,2488,1966.6629658129052
0.9097,2488,2000.9663625371
0.9097,2488,1885.495328130153
0.9097,2488,1988.8567659668024
0.9097,2488,1967.4271737935585
0.9097,2488,2071.506760470485
0.9097,2488,1993.6960536440583
0.9097,2488,1811.1244366274595
0.9097,2488,1964.441354292624
0.9097,2488,1921.0058260965156
0.9097,2488,1925.918874354183
0.9097,2488,2108.782345828295
0.9097,2488,1998.880400131912
0.9097,2488,1906.0367154006813
0.9097,2488,1924.0627679454765
0.9097,2488,1914.4006815433656
0.9097,2488,1824.9591073980432
0.9097,2488,2124.281191601627
0.9097,2488,2058.528415961306
0.9097,2488,2062.10421017918
0.9097,2488,1884.868747938881
0.9097,2488,1868.4133230735408
0.9097,2488,1996.2051225678797
0.9097,2488,1837.8177421127848
0.9097,2488,2009.8725953611083
0.9097,2488,1990.4990656260304
0.9097,2488,1913.5394085962405
0.9097,2488,1878.884687259536
0.9097,2488,2071.8497306804443
0.9097,2488,1801.774650983841
0.9097,2488,1988.5471034406949
0.9097,2488,2050.080356161372
0.9097,2488,1997.3350555128063
0.9097,2488,2027.796966032758
0.9097,2488,2001.3037265032428
0.9097,2488,1993.6738485214908
0.9097,2488,2019.1404858744645
0.9097,2488,2013.434319006266
0.9097,2488,1981.011432340332
0.9097,2488,2073.636583489062
0.9097,2488,2122.3315378696275
0.9097,2488,1935.9560294602616
0.9097,2488,1892.2052324942288
0.9097,2488,2042.0067055073105
0.9097,2488,2071.7976255908543
0.9097,2488,1829.9266791249863
0.9097,2488,2110.5216005276466
0.9097,2488,2068.46048147741
0.9097,2488,2016.4338793008685
0.9097,2488,1903.9225019237117
0.9097,2488,2104.211608222491
0.9097,2488,1913.594261844564
0.9097,2488,1991.5399582279877
0.9097,2488,2083.954160712323
0.9097,2488,1866.4811476310872
0.9097,2488,2019.629218423656
0.9097,2488,2061.2277673958447
0.9097,2488,2040.3140595800812
0.9097,2488,1901.4555347916896
0.9097,2488,2024.8311531274048
0.9097,2488,2049.605254479499
0.9097,2488,1862.1265252280973
0.9097,2488,2078.662855886556
0.9097,2488,2137.7212267780587
0.9097,2488,1871.7182587666264
0.9097,2488,1957.83027371661
0.9097,2488,1982.685061009124
0.9097,2488,1974.9702099593276
0.9097,2488,2029.9474552050128
0.9097,2488,2058.0843135099485
0.9097,2488,2016.217214466308
0.9097,2488,2019.1828075189624
0.9097,2488,2034.755194020007
0.9097,2488,1871.0426514235464
0.9097,2488,2018.193140595801
0.9097,2488,2009.8536880290208
0.9097,2488,1886.9240408926016
0.9097,2488,2058.555128064197
0.9097,2488,1893.5244586127292
0.9097,2488,1922.5695284159613
0.9097,2488,2096.657689348137
0.9097,2488,2081.0726613169177
0.9097,2488,1989.7010003297792
0.9097,2488,1982.858634714741
0.9097,2488,1989.079366824228
0.9097,2488,1800.3668242277674
0.9097,2488,1855.62855886556
0.9523,6982,1205.2878294655045
0.9523,6982,1446.4454478630685
0.9523,6982,1506.8651685393256
0.9523,6982,1560.4655045678885
0.9523,6982,1614.7960726661763
0.9523,6982,1342.6473800273022
0.9523,6982,1400.719311141447
0.9523,6982,1376.8713640659455
0.9523,6982,1498.4697049249187
0.9523,6982,1677.617872519164
0.9523,6982,1558.3914732752282
0.9523,6982,1589.5112884595192
0.9523,6982,1624.0263572403655
0.9523,6982,1678.8703139766878
0.9523,6982,1291.6524204557388
0.9523,6982,1526.5448913157616
0.9523,6982,1658.9621967867267
0.9523,6982,1580.4106899086423
0.9523,6982,1328.4589940144913
0.9523,6982,1331.056599810984
0.9523,6982,1548.3465294550035
0.9523,6982,1508.5937204662396
0.9523,6982,1261.5690433686864
0.9523,6982,1435.170954531135
0.9523,6982,1458.282369001365
0.9523,6982,1247.3609156778325
0.9523,6982,1654.6524204557386
0.9523,6982,1279.590045153838
0.9523,6982,1484.2864643494695
0.9523,6982,1429.108369211383
0.9523,6982,1405.444712800588
0.9523,6982,1637.6432846791977
0.9523,6982,1461.4080646854984
0.9523,6982,1344.977318072036
0.9523,6982,1388.0537645699883
0.9523,6982,1479.0872624173053
0.9523,6982,1560.2081276908536
0.9523,6982,1314.542266092618
0.9523,6982,1446.1424971122544
0.9523,6982,1593.7318072036123
0.9523,6982,1223.0193216423395
0.9523,6982,1349.995589625118
0.9523,6982,1257.467394728552
0.9523,6982,1630.876404494382
0.9523,6982,1185.4456578809195
0.9523,6982,1557.221463824425
0.9523,6982,1304.2133781371415
0.9523,6982,1593.4566838181245
0.9523,6982,1496.8870103958836
0.9523,6982,1161.77097553292
0.9523,6982,1218.6768875354403
0.9523,6982,1656.5348104588888
0.9523,6982,1532.282789037068
0.9523,6982,1214.4928068885856
0.9523,6982,1271.2290244670796
0.9523,6982,1416.0258321957365
0.9523,6982,1259.801953166019
0.9523,6982,1171.8046833980889
0.9523,6982,1121.5091882810038
0.9523,6982,1517.8626483251078
0.9523,6982,1134.9100073506247
0.9523,6982,1659.75637929224
0.9523,6982,1544.3539850887323
0.9523,6982,1527.3504147852566
0.9523,6982,1208.6863383387586
0.9523,6982,1420.0610101858658
0.9523,6982,1449.8597080751863
0.9523,6982,1587.4218208547727
0.9523,6982,1237.3181770450487
0.9523,6982,1210.135776541006
0.9523,6982,1257.03045258847
0.9523,6982,1665.2640974482829
0.9523,6982,1303.2388953061009
0.9523,6982,1602.7069200882074
0.9523,6982,1286.5221043788722
0.9523,6982,1397.6421295810144
0.9523,6982,1488.1521579334244
0.9523,6982,1275.7504987923974
0.9523,6982,1437.905701984669
0.9523,6982,1506.997899821485
0.9523,6982,1327.4094298015332
0.9523,6982,1577.3331933214322
0.9523,6982,1483.355665231545
0.9523,6982,1393.6877034547938
0.9523,6982,1658.0920928278902
0.9523,6982,1271.7047149007665
0.9523,6982,1539.3223774020792
0.9523,6982,1521.921138296755
0.9523,6982,1364.0962931849208
0.9523,6982,1301.4741152998006
0.9523,6982,1430.474850362281
0.9523,6982,1488.8911057439882
0.9523,6982,1554.5889950645803
0.9523,6982,1458.976898036333
0.9523,6982,1669.745773390738
0.9523,6982,1619.386327837866
0.9523,6982,1170.5789142077074
0.9523,6982,1327.2757534390423
0.9523,6982,1517.9926493751968
0.9523,6982,1353.638244250761
0.9523,6982,1675.4015541321012
0.9523,6982,1642.4110049354194
0.9523,6982,1553.183135566523
0.9523,6982,1646.0603801323111
0.9523,6982,1266.6017011445972
0.9523,6982,1584.1855507718155
0.9523,6982,1556.6317336973643
0.9523,6982,1234.3282579019217
0.9523,6982,1495.8665336553606
0.9523,6982,1556.2242990654206
0.9523,6982,1403.220938779796
0.9523,6982,1460.6491651790402
0.9523,6982,1654.790612202037
0.9523,6982,1508.9343694214008
0.9523,6982,1532.091882810039
0.9523,6982,1665.4066995694632
0.9523,6982,1180.211487976478
0.9523,6982,1543.4426126220728
0.9523,6982,1524.8689488606533
0.9523,6982,1377.0639504357869
0.9523,6982,1408.1710595400607
0.9523,6982,1396.7696104168854
0.9523,6982,1291.4223458994013
0.9523,6982,1451.6320487241417
0.9523,6982,1233.4238160243622
0.9523,6982,1363.4162553817075
0.9523,6982,1184.5012076026462
0.9523,6982,1481.8333508348207
0.9523,6982,1416.6386642864643
0.9523,6982,1405.982148482621
0.9523,6982,1580.6276383492598
0.9523,6982,1184.359025517169
0.9523,6982,1124.8622282894046
0.9523,6982,1446.369841436522
0.9523,6982,1301.986033812874
0.9523,6982,1284.8493121915362
0.9523,6982,1652.9592565368057
0.9523,6982,1249.56400294025
0.9523,6982,1433.129581014386
0.9523,6982,1420.702719731177
0.9523,6982,1145.961251706395
0.9523,6982,1443.5428961461723
0.9523,6982,1654.6424446077915
0.9523,6982,1669.3136616612412
0.9523,6982,1427.3282579019217
0.9523,6982,1189.1621337813715
0.9523,6982,1439.2966502152683
0.9523,6982,1194.057859918093
0.9523,6982,1651.6493751968917
0.9523,6982,1325.4979523259476
0.9523,6982,1266.7826315236794
0.9523,6982,1615.5118135041478
0.9523,6982,1516.7825265147535
0.9523,6982,1277.0618502572718
0.9523,6982,1150.528824950121
0.9523,6982,1464.7529139976898
0.9523,6982,1653.734537435682
0.9523,6982,1305.231019636669
0.9523,6982,1476.970912527565
0.9523,6982,1464.970387482936
0.9523,6982,1318.9084322167384
0.9523,6982,1436.2615772340648
0.9523,6982,1428.1667541741049
0.9523,6982,1537.5034127900872
0.9523,6982,1466.013336133571
0.9523,6982,1563.9091672792188
0.9523,6982,1461.357660401134
0.9523,6982,1242.4126850782316
0.9523,6982,1464.6476950540796
0.9523,6982,1278.5216843431692
0.9523,6982,1514.71700094508
0.9523,6982,1146.2341699044418
0.9523,6982,1440.6272183135566
0.9523,6982,1204.4932269242886
0.9523,6982,1493.065630578599
0.9523,6982,1443.4371521579333
0.9523,6982,1113.1359865588574
0.9523,6982,1419.3218523574503
0.9523,6982,1429.7446182925548
0.9523,6982,1212.8675837446183
0.9523,6982,1486.5163288879555
0.9523,6982,1294.047464034443
0.9523,6982,1459.8319857187862
0.9523,6982,1646.922923448493
0.9523,6982,1380.6824530085055
0.9523,6982,1544.8465819594664
0.9523,6982,1391.600966082117
0.9523,6982,1526.2304945920405
0.9523,6982,1298.7598445867898
0.9523,6982,1508.2391053239526
0.9523,6982,1653.3917883020058
0.9523,6982,1159.021736847632
0.9523,6982,1576.1797752808989
0.9523,6982,1419.346319437152
0.9523,6982,1493.024887115405
0.9523,6982,1648.6147222513912
0.9523,6982,1321.266827680353
0.9523,6982,1250.0977633098814
0.9523,6982,1365.3007455633729
0.9523,6982,1232.9879239735378
0.9523,6982,1590.8539325842696
0.9523,6982,1303.849942245091
0.9523,6982,1441.979103223774
0.9523,6982,1481.2651475375403
0.9523,6982,1578.3456893835976
0.9523,6982,1400.5365956106268
0.9523,6982,1510.5091882810038
0.9523,6982,1420.250131261157
0.9523,6982,1250.1202352199934
0.9523,6982,1185.5053029507508
0.9523,6982,1453.0092407854668
0.9523,6982,1454.4718051034338
0.9523,6982,1167.9824635093985
0.9523,6982,1439.3587104903916
0.9523,6982,1503.4735902551718
0.9523,6982,1442.915047779061
0.9523,6982,1261.2482411004935
0.9523,6982,1348.2724981623437
0.9523,6982,1566.0159613567153
0.9523,6982,1562.0650005250443
0.9523,6982,1443.252756484301
0.9523,6982,1464.4889215583323
0.9523,6982,1639.664916517904
0.9523,6982,1421.407224614092
0.9523,6982,1406.5697784311667
0.9523,6982,1209.9833035808044
0.9523,6982,1339.5219993699463
0.9523,6982,1544.3148167594245
0.9523,6982,1540.443452693479
0.9523,6982,1679.2837341174
0.9523,6982,1660.5045678882705
0.9523,6982,1419.7115404809408
0.9523,6982,1631.846371941615
0.9523,6982,1388.176625013126
0.9523,6982,1554.764569988449
0.9523,6982,1497.8962511813504
0.9523,6982,1416.2847842066576
0.9523,6982,1569.139346844482
0.9523,6982,1634.7267667751755
0.9523,6982,1418.7428331408169
0.9523,6982,1401.0697259267038
0.9523,6982,1678.7176309986348
0.9523,6982,1361.7273968287302
0.9523,6982,1539.8234799957995
0.9523,6982,1256.8143442192586
0.9523,6982,1365.030977633099
0.9523,6982,1439.2335398508874
0.9523,6982,1274.272393153418
0.9523,6982,1650.1393468444817
0.9523,6982,1199.5205292449857
0.9523,6982,1366.703244775806
0.9523,6982,1381.8177045048828
0.9523,6982,1485.0933529349995
0.9523,6982,1442.7578494172003
0.9523,6982,1364.7630998634884
0.9523,6982,1288.1517378977212
0.9523,6982,1375.3808673737267
0.9523,6982,1554.375931954216
0.9523,6982,1673.8623332983302
0.9523,6982,1469.853302530715
0.9523,6982,1176.2284994224508
0.9523,6982,1274.26714270713
0.9523,6982,1378.6585109734328
0.9523,6982,1507.4309566313136
0.9523,6982,1522.862963351885
0.9523,6982,1215.8295705134935
0.9523,6982,1236.1690643704717
0.9523,6982,1404.45951905912
0.9523,6982,1111.9095873149215
0.9523,6982,1376.0616402394205
0.9523,6982,1118.5388007980678
0.9523,6982,1508.9558962511812
0.9523,6982,1491.7629948545623
0.9523,6982,1558.209177780111
0.9523,6982,1254.4655045678885
0.9523,6982,1610.0602751233853
0.9523,6982,1429.9428751443872
0.9523,6982,1440.6046413945185
0.9523,6982,1425.223669011866
0.9523,6982,1523.1890160663654
0.9523,6982,1508.835451013336
0.9523,6982,1634.0502992754384
0.9523,6982,1634.9765830095555
0.9523,6982,1655.9872939199831
0.9523,6982,1365.4261262207287
0.9523,6982,1427.7042948650633
0.9523,6982,1449.7553292029822
0.9523,6982,1609.645804893416
0.9523,6982,1355.3775070881024
0.9523,6982,1636.706710070356
0.9523,6982,1671.8141342014071
0.9523,6982,1543.7373726766775
0.9523,6982,1636.3422240890477
0.9523,6982,1433.105848997165
0.9523,6982,1226.1477475585425
0.9523,6982,1506.4552136931638
0.9523,6982,1138.9183030557597
0.9523,6982,1242.344114249711
0.9523,6982,1140.2466659666072
0.9523,6982,1511.8369211382967
0.9523,6982,1502.2576919038115
0.9523,6982,1440.495642129581
0.9523,6982,1410.749763729917
0.9523,6982,1320.880289824635
0.9523,6982,1565.569148377612
0.9523,6982,1524.397353775071
0.9523,6982,1369.4010290874724
0.9523,6982,1453.1301060590151
0.9523,6982,1607.7661451223355
0.9523,6982,1678.533445342854
0.9523,6982,1135.546151422871
0.9523,6982,1313.51076341489
0.9523,6982,1139.6970492491862
0.9523,6982,1625.4833560852671
0.9523,6982,1245.6378242150583
0.9523,6982,1198.3025307151106
0.9523,6982,1491.362490811719
0.9523,6982,1234.4126850782316
0.9523,6982,1474.7786411845009
0.9523,6982,1453.033497847317
0.9523,6982,1239.6781476425494
0.9523,6982,1183.3739367846265
0.9523,6982,1317.9010815919353
0.9523,6982,1155.5981308411217
0.9523,6982,1625.6761524729602
0.9523,6982,1401.1588785046729
0.9523,6982,1526.142287094403
0.9523,6982,1533.0386432846792
0.9523,6982,1600.5520319227132
0.9523,6982,1487.898141342014
0.9523,6982,1562.4910217368476
0.9523,6982,1559.3678462669327
0.9523,6982,1145.618292554867
0.9523,6982,1480.5192691378768
0.9523,6982,1644.185340753964
0.9523,6982,1455.7201512128531
0.9523,6982,1317.526514753754
0.9523,6982,1299.2433056809828
0.9523,6982,1218.1128845951905
0.9523,6982,1680.4401974167804
0.9523,6982,1518.0937729707025
0.9523,6982,1373.849837236165
0.9523,6982,1426.5202142182086
0.9523,6982,1384.1750498792396
0.9523,6982,1645.4540585949803
0.9523,6982,1433.5640029402498
0.9523,6982,1633.5858447968078
0.9523,6982,1172.2556967342225
0.9523,6982,1680.059435051979
0.9523,6982,1318.21936364591
0.9523,6982,1659.4662396303686
0.9523,6982,1363.664496482201
0.9523,6982,1473.250131261157
0.9523,6982,1401.39514858763
0.9523,6982,1478.949070671007
0.9523,6982,1175.3053659561062
0.9523,6982,1301.8609681822954
0.9523,6982,1425.4637194161503
0.9523,6982,1325.370681507928
0.9523,6982,1350.953796072666
0.9523,6982,1441.0742413105113
0.9523,6982,1260.5189541110994
0.9523,6982,1276.9192481360917
0.9523,6982,1173.4854562637822
0.9523,6982,1480.407749658721
0.9523,6982,1427.3509398298854
0.9523,6982,1206.351674892366
0.9523,6982,1662.5350204767403
0.9523,6982,1449.459939094823
0.9523,6982,1475.7947075501418
0.9523,6982,1528.5760789667122
0.9523,6982,1467.1263257376877
0.9523,6982,1667.8052084427177
0.9523,6982,1509.9870839021316
0.9523,6982,1570.5863698414364
0.9523,6982,1557.1610836921136
0.9523,6982,1522.2732332248245
0.9523,6982,1211.0266722671429
0.9523,6982,1454.7853617557491
0.9523,6982,1234.1739997899822
0.9523,6982,1476.2468759844585
0.9523,6982,1548.1167699254436
0.9523,6982,1314.9261787251914
0.9523,6982,1437.498267352725
0.9523,6982,1151.6308936259582
0.9523,6982,1267.3473695264097
0.9523,6982,1531.685708285204
0.9523,6982,1421.6608211697994
0.9523,6982,1174.358080436837
0.9523,6982,1481.8738842801638
0.9523,6982,1641.331093142917
0.9523,6982,1412.21663341384
0.9523,6982,1329.7194161503728
0.9523,6982,1222.5972907697153
0.9523,6982,1381.254226609262
0.9523,6982,1372.410374881865
0.9523,6982,1449.9064370471488
0.9523,6982,1429.647485036228
0.9523,6982,1668.188281003885
0.9523,6982,1283.5234694949072
0.9523,6982,1315.206657565893
0.9523,6982,1472.3161818754595
0.9523,6982,1422.8423816024365
0.9523,6982,1497.488711540481
0.9523,6982,1422.4922818439568
0.9523,6982,1682.5368056284783
0.9523,6982,1404.4080646854982
0.9523,6982,1530.9160978683187
0.9523,6982,1433.309776330988
0.9523,6982,1290.2846791977315
0.9523,6982,1583.4723301480626
0.9523,6982,1381.296335188491
0.9523,6982,1292.9980048304103
0.9523,6982,1518.516118870104
0.9523,6982,1680.8916307886168
0.9523,6982,1243.5965557072352
0.9523,6982,1512.120550246771
0.9523,6982,1295.553502047674
0.9523,6982,1363.4293814974274
0.9523,6982,1325.6728971962616
0.9523,6982,1605.8447968077287
0.9523,6982,1608.5589625118134
0.9523,6982,1126.198466869684
0.9523,6982,1464.781161398719
0.9523,6982,1422.8618082537014
0.9523,6982,1214.6947390528194
0.9523,6982,1428.0224719101122
0.9523,6982,1228.8939409849836
0.9523,6982,1329.600441037488
0.9523,6982,1431.9515908852252
0.9523,6982,1415.8470019951694
0.9523,6982,1323.5718786096818
0.9523,6982,1415.837236165074
0.9523,6982,1419.328887955476
0.9523,6982,1661.8835451013335
0.9523,6982,1650.9095873149215
0.9523,6982,1656.4390423185969
0.9523,6982,1622.2592670376982
0.9523,6982,1429.379817284469
0.9523,6982,1153.8644334768455
0.9523,6982,1433.8230599600963
0.9523,6982,1303.491651790402
0.9523,6982,1402.9004515383806
0.9523,6982,1243.948125590675
0.9523,6982,1357.615772340649
0.9523,6982,1321.3204872414155
0.9523,6982,1379.6761524729602
0.9523,6982,1575.2651475375403
0.9523,6982,1539.1894361020686
0.9523,6982,1668.848052084427
0.9523,6982,1447.2421505827997
0.9523,6982,1382.8449018166543
0.9523,6982,1398.417200462039
0.9523,6982,1666.3666911687494
0.9523,6982,1324.785151737898
0.9523,6982,1398.2959151527878
0.9523,6982,1558.0835871049037
0.9523,6982,1418.546151422871
0.9523,6982,1315.3639609366796
0.9523,6982,1603.6781476425497
0.9523,6982,1492.0102908747242
0.9523,6982,1155.7951275858447
0.9523,6982,1585.4661346214427
0.9523,6982,1385.5081381917462
0.9523,6982,1477.8552977003044
0.9523,6982,1497.495957156358
0.9523,6982,1552.1659141026987
0.9523,6982,1490.506878084637
0.9523,6982,1197.7393678462668
0.9523,6982,1411.751548881655
0.9523,6982,1484.7764359970597
0.9523,6982,1426.7913472645175
0.9523,6982,1584.0498792397354
0.9523,6982,1144.744933319332
0.9523,6982,1480.712695579124
0.9523,6982,1488.4854562637825
0.9523,6982,1682.850257271868
0.9523,6982,1475.956946340439
0.9523,6982,1495.44219258637
0.9523,6982,1488.5440512443558
0.9523,6982,1424.7489236585109
0.9523,6982,1207.0276173474745
0.9523,6982,1495.382442507613
0.9523,6982,1547.4265462564315
0.9523,6982,1441.596240680458
0.9523,6982,1392.3631208652737
0.9523,6982,1345.5419510658403
0.9523,6982,1482.2790087157407
0.9523,6982,1378.3628058384963
0.9523,6982,1522.373726766775
0.9523,6982,1645.3914732752285
0.9523,6982,1349.481360915678
0.9523,6982,1385.636249081172
0.9523,6982,1247.0785466764676
0.9523,6982,1239.7838916307885
0.9523,6982,1259.3457943925234
0.9523,6982,1511.289824635094
0.9523,6982,1280.1730547096502
0.9523,6982,1226.9767930274074
0.9523,6982,1471.53082011971
0.9523,6982,1645.591830305576
0.9523,6982,1140.6886485351256
0.9523,6982,1316.755014176205
0.9523,6982,1470.6759424551085
0.9523,6982,1445.7303370786517
0.9523,6982,1390.140081906962
0.9523,6982,1378.7173159718575
0.9523,6982,1326.0702509713326
0.9523,6982,1421.5055129686025
0.9523,6982,1582.2522314396724
0.9523,6982,1218.6988344009242
0.9523,6982,1171.018691588785
0.9523,6982,1493.265042528615
0.9523,6982,1489.146277433582
0.9523,6982,1666.1842906647064
0.9523,6982,1553.642339598866
0.9523,6982,1521.7817914522734
0.9523,6982,1494.6215478315655
0.9523,6982,1226.628268402814
0.9523,6982,1404.774650845322
0.9523,6982,1453.3005355455214
0.9523,6982,1355.3012706080017
0.9523,6982,1605.2561167699257
0.9523,6982,1573.75018376562
0.9523,6982,1444.491756799328
0.9523,6982,1418.614932269243
0.9523,6982,1129.7757009345794
0.9523,6982,1629.905596975743
0.9523,6982,1236.210122860443
0.9523,6982,1528.484721201302
0.9523,6982,1406.6206027512335
0.9523,6982,1341.5716685918303
0.9523,6982,1286.2677727606847
0.9523,6982,1424.4225559172528
0.9523,6982,1603.0992334348418
0.9523,6982,1619.0881024887117
0.9523,6982,1615.964401974168
0.9523,6982,1653.8501522629422
0.9523,6982,1326.6943190171164
0.9523,6982,1648.0262522314397
0.9523,6982,1467.830200567048
0.9523,6982,1227.3364485981308
0.9523,6982,1244.7933424341068
0.9523,6982,1609.3845426861285
0.9523,6982,1569.8759844586789
0.9523,6982,1324.972907697154
0.9523,6982,1173.816864433477
0.9523,6982,1216.0485141237004
0.9523,6982,1530.9031817704506
0.9523,6982,1196.2147432531765
0.9523,6982,1304.2215688333508
0.9523,6982,1453.6698519374147
0.9523,6982,1185.522419405649
0.9523,6982,1510.3239525359656
0.9523,6982,1592.569148377612
0.9523,6982,1351.1373516748924
0.9523,6982,1349.5246245930905
0.9523,6982,1572.7235114984774
0.9523,6982,1555.0285624278065
0.9523,6982,1664.567783261577
0.9523,6982,1670.5679932794287
0.9523,6982,1678.5214743253175
0.9523,6982,1361.307046098918
0.9523,6982,1537.1821904861913
0.9523,6982,1659.3141867058698
0.9523,6982,1419.5912002520215
0.9523,6982,1599.6122020371731
0.9523,6982,1739.8561377717106
0.9523,6982,1163.0385382757534
0.9523,6982,1361.4774755854248
0.9523,6982,1622.918933109314
0.9523,6982,1360.7021946865484
0.9523,6982,1480.0476740522945
0.9523,6982,1369.4367321222303
0.9523,6982,1492.0102908747242
0.9523,6982,1138.8936259582065
0.9523,6982,1456.4319017116454
0.9523,6982,1296.566523154468
0.9523,6982,1491.406384542686
0.9523,6982,1276.4874514333717
0.9523,6982,1397.043893730967
0.9523,6982,1400.42287094403
0.9523,6982,1359.6407644649796
0.9523,6982,1446.3444292764889
0.9523,6982,1405.7418880604853
0.9523,6982,1529.3675312401554
0.9523,6982,1503.8413315131784
0.9523,6982,1499.2168434316916
0.9523,6982,1448.0984983723615
0.9523,6982,1601.4911267457733
0.9523,6982,1651.6207077601596
0.9523,6982,1313.7662501312611
0.9523,6982,1365.699254436627
0.9523,6982,1302.4265462564315
0.9523,6982,1254.256641814554
0.9523,6982,1176.5582274493331
0.9523,6982,1235.6237530190067
0.9523,6982,1665.9498057334872
0.9523,6982,1331.0609051769402
0.9523,6982,1263.1068990864223
0.9523,6982,1449.0679407749658
0.9523,6982,1418.0569148377613
0.9523,6982,1228.9571563582904
0.9523,6982,1457.3349784731702
0.9523,6982,1413.3802373201722
0.9523,6982,1215.6798277853618
0.9523,6982,1640.9684973222725
0.9523,6982,1264.028352409955
0.9523,6982,1644.7809513808677
0.9523,6982,1620.1388217998528
0.9523,6982,1278.4705449963246
0.9523,6982,1428.1369316391892
0.9523,6982,1606.019216633414
0.9523,6982,1317.4089047569043
0.9523,6982,1441.4274913367635
0.9523,6982,1480.7093352935
0.9523,6982,1560.1805103433792
0.9523,6982,1671.204557387378
0.9523,6982,1440.6181875459413
0.9523,6982,1255.9466554657145
0.9523,6982,1553.6783576604012
0.9523,6982,1634.3418040533445
0.9523,6982,1616.7030347579544
0.9523,6982,1629.0713010605905
0.9523,6982,1457.4080646854982
0.9523,6982,1268.29339493857
0.9523,6982,1121.0050404284366
0.9523,6982,1517.596975742938
0.9523,6982,1404.002625223144
0.9523,6982,1223.4140501942663
0.9523,6982,1263.2591620287724
0.9523,6982,1442.963771920613
0.9523,6982,1529.5793342434108
0.9523,6982,1437.1825055129684
0.9523,6982,1409.7926073716264
0.9523,6982,1536.1613987188912
0.9523,6982,1514.1206552556966
0.9523,6982,1468.6811929013966
0.9523,6982,1371.5524519584164
0.9523,6982,1549.2857292869894
0.9523,6982,1404.7351674892366
0.9523,6982,1408.8932059225035
0.9523,6982,1436.0110259372047
0.9523,6982,1414.770765515069
0.9523,6982,1629.5964506983094
0.9523,6982,1478.888480520844
0.9523,6982,1393.124015541321
0.9523,6982,1681.5214743253175
0.9523,6982,1147.141447022997
0.9523,6982,1660.0157513388638
0.9523,6982,1453.5229444502784
0.9523,6982,1616.6806678567675
0.9523,6982,1161.3368686338338
0.9523,6982,1402.9551611887011
0.9523,6982,1140.0911477475586
0.9523,6982,1450.2499212433058
0.9523,6982,1430.7024047044
0.9523,6982,1382.4896566208129
0.9523,6982,1402.900661556232
0.9523,6982,1585.1190801218104
0.9523,6982,1629.4945920403234
0.9523,6982,1486.9247086002308
0.9523,6982,1448.1942665126537
0.9523,6982,1642.6347789562112
0.9523,6982,1406.9314291714795
0.9523,6982,1217.2160033602856
0.9523,6982,1653.3918933109314
0.9523,6982,1337.409849837236
0.9523,6982,1484.7998529875038
0.9523,6982,1433.160243620708
0.9523,6982,1446.8046833980886
0.9523,6982,1614.3408589730127
0.9523,6982,1506.997899821485
0.9523,6982,1234.380762364801
0.9523,6982,1176.694844061745
0.9523,6982,1386.3641709545311
0.9523,6982,1402.353880079807
0.9523,6982,1531.9722776435997
0.9523,6982,1539.0069305891
0.9523,6982,1426.428751443873
0.9523,6982,1375.062270292975
0.9523,6982,1396.7493436942138
0.9523,6982,1121.5091882810038
0.9523,6982,1355.3868528824948
0.9523,6982,1382.5489866638663
0.9523,6982,1584.6341489026568
0.9523,6982,1275.7939724876614
0.9523,6982,1338.206657565893
0.9523,6982,1445.431691693794
0.9523,6982,1293.7785361755748
0.9523,6982,1353.8796597710805
0.9523,6982,1347.5674682348
0.9523,6982,1164.7535440512445
0.9523,6982,1560.2442507613146
0.9523,6982,1457.252756484301
0.9523,6982,1391.5943505197945
0.9523,6982,1373.8082537015646
0.9523,6982,1619.8333508348207
0.9523,6982,1166.603171269558
0.9523,6982,1445.1604536385594
0.9523,6982,1156.549616717421
0.9523,6982,1407.361755749239
0.9523,6982,1346.5167489236585
0.9523,6982,1531.9781581434422
0.9523,6982,1471.5611676992544
0.9523,6982,1530.8431166649164
0.9523,6982,1530.1837656200776
0.9523,6982,1506.1112044523784
0.9523,6982,1626.6802478210648
0.9523,6982,1430.05743988239
0.9523,6982,1250.3553502047675
0.9523,6982,1537.1988869053869
0.9523,6982,1255.7730757114352
0.9523,6982,1630.6015961356711
0.9523,6982,1418.3838076236475
0.9523,6982,1499.0836921138296
0.9523,6982,1423.403759319542
0.9523,6982,1387.6790927228813
0.9523,6982,1633.2539115824843
0.9523,6982,1302.4548986663867
0.9523,6982,1508.6260632153733
0.9523,6982,1533.8253701564634
0.9523,6982,1541.4559487556442
0.9523,6982,1405.9875039378346
0.9523,6982,1470.745878399664
0.9523,6982,1479.0671007035596
0.9523,6982,1521.172529665021
0.9523,6982,1667.7095453113511
0.9523,6982,1407.6712170534497
0.9523,6982,1592.7069200882074
0.9523,6982,1637.6343589205082
0.9523,6982,1384.5006825580174
0.9523,6982,1433.9036018061531
0.9523,6982,1436.2377402079176
0.9523,6982,1670.5708285204244
0.9523,6982,1672.1863908432215
0.9523,6982,1438.3355035177988
0.9523,6982,1558.511813504148
0.9523,6982,1447.77717105954
0.9523,6982,1287.842066575659
0.9523,6982,1487.2663026357238
0.9523,6982,1477.3967237215163
0.9523,6982,1523.973117715006
0.9523,6982,1330.6510553397038
0.9523,6982,1539.365956106269
0.9523,6982,1224.0389583114563
0.9523,6982,1653.1746298435366
0.9523,6982,1427.8501522629424
0.9523,6982,1423.684973222724
0.9523,6982,1381.8525674682348
0.9523,6982,1556.625328152893
0.9523,6982,1128.1588785046729
0.9523,6982,1615.8213798172844
0.9523,6982,1534.387377927124
0.9523,6982,1666.335188491022
0.9523,6982,1577.4720151212853
0.9523,6982,1553.423711015436
0.9523,6982,1652.1610836921138
0.9523,6982,1387.009135776541
0.9523,6982,1568.2042423606008
0.9523,6982,1624.2013021106793
0.9523,6982,1584.3157618397563
0.9523,6982,1433.105848997165
0.9523,6982,1216.0954531135146
0.9523,6982,1300.6521054289617
0.9523,6982,1538.6730022051872
0.9523,6982,1548.4457628898456
0.9523,6982,1309.6886485351254
0.9523,6982,1340.8144492281845
0.9523,6982,1573.728026882285
0.9523,6982,1566.363750918828
0.9523,6982,1564.585319752179
0.9523,6982,1350.657355875249
0.9523,6982,1399.8602331198151
0.9523,6982,1430.9713325632677
0.9523,6982,1618.4858762994854
0.9523,6982,1473.5228394413523
0.9523,6982,1479.123595505618
0.9523,6982,1509.6878084637194
0.9523,6982,1675.1106794077498
0.9523,6982,1345.2125380657355
0.9523,6982,1676.2901396618713
0.9523,6982,1541.9638769295389
0.9523,6982,1377.1891210752913
0.9523,6982,1205.3793972487665
0.9523,6982,1613.6816129370995
0.9523,6982,1658.6756274283314
0.9523,6982,1338.234064895516
0.9523,6982,1519.508348209598
0.9523,6982,1475.8067835766042
0.9523,6982,1202.849417200462
0.9523,6982,1678.2922398403862
0.9523,6982,1299.1906962091778
0.9523,6982,1437.140081906962
0.9523,6982,1661.3300430536594
0.9523,6982,1227.1143547201511
0.9523,6982,1497.420875774441
0.9523,6982,1268.0449438202245
0.9523,6982,1241.4248661136196
0.9523,6982,1482.8173894781055
0.9523,6982,1521.0509293289929
0.9523,6982,1272.5111834505933
0.9523,6982,1190.9810983933633
0.9523,6982,1546.623227974378
0.9523,6982,1623.6802478210648
0.9523,6982,1373.78756694319
0.9523,6982,1381.0539745878398
0.9523,6982,1418.9732227239317
0.9523,6982,1192.571353565053
0.9523,6982,1488.4642444607791
0.9523,6982,1514.1708495222092
0.9523,6982,1143.5986558857503
0.9523,6982,1390.9519059120023
0.9523,6982,1513.4149952745984
0.9523,6982,1599.934159403549
0.9523,6982,1422.3308831250656
0.9523,6982,1491.400714060695
0.9523,6982,1444.1654940669955
0.9523,6982,1162.6782526514753
0.9523,6982,1516.7743358185444
0.9523,6982,1509.8709440302423
0.9523,6982,1565.530505092933
0.9523,6982,1570.339808883755
0.9523,6982,1359.2316496902238
0.9523,6982,1470.8663236375091
0.9523,6982,1214.7033497847317
0.9523,6982,1437.1922713430642
0.9523,6982,1245.2050824320067
0.9523,6982,1405.6236480100808
0.9523,6982,1460.3059960096607
0.9523,6982,1425.4983723616506
0.9523,6982,1495.1902761734746
0.9523,6982,1239.8515173789772
0.9523,6982,1415.0368581329412
0.9523,6982,1506.063530400084
0.9523,6982,1653.6693268927856
0.9523,6982,1662.1877559592565
0.9523,6982,1519.3638559277538
0.9523,6982,1329.4866113619655
0.9523,6982,1504.252336448598
0.9523,6982,1515.2857292869892
0.9523,6982,1234.607476635514
0.9523,6982,1265.05050929329
0.9523,6982,1329.2013021106793
0.9523,6982,1192.207707655151
0.9523,6982,1423.9798382862543
0.9523,6982,1542.4406174524834
0.9523,6982,1675.281108894256
0.9523,6982,1274.72666176625
0.9523,6982,1402.4880814869264
0.9523,6982,1596.364590990234
0.9523,6982,1662.0291924813607
0.9523,6982,1367.1346214428224
0.9523,6982,1456.2823690013652
0.9523,6982,1269.6445447863068
0.9523,6982,1362.3279428751443
0.9523,6982,1359.1585634778955
0.9523,6982,1425.2553817074452
0.9523,6982,1622.041793552452
0.9523,6982,1515.3662711330462
0.9523,6982,1259.9524309566311
0.9523,6982,1278.1066890685709
0.9523,6982,1259.1833455843746
0.9523,6982,1383.3708915257796
0.9523,6982,1239.5433161818753
0.9523,6982,1463.6318387062902
0.9523,6982,1357.1295810143863
0.9523,6982,1303.8447968077285
0.9523,6982,1460.0736112569568
0.9523,6982,1472.1765200042005
0.9523,6982,1377.832930799118
0.9523,6982,1249.5728236900136
0.9523,6982,1418.9321642339598
0.9523,6982,1664.3023206972591
0.9523,6982,1555.2251391368266
0.9523,6982,1223.2800588049984
0.9523,6982,1168.7613147117506
0.9523,6982,1248.424761104694
0.9523,6982,1368.4489131576183
0.9523,6982,1249.677097553292
0.9523,6982,1487.9905491966815
0.9523,6982,1502.5441562532817
0.9523,6982,1267.8272603171267
0.9523,6982,1435.248451118345
0.9523,6982,1428.5394308516225
0.9523,6982,1391.4361020686756
0.9523,6982,1440.3540900976584
0.9523,6982,1375.926808778746
0.9523,6982,1650.38548776646
0.9523,6982,1613.1474325317652
0.9523,6982,1640.7583744618294
0.9523,6982,1390.5706185025726
0.9523,6982,1371.6451748398613
0.9523,6982,1525.7071301060591
0.9523,6982,1404.7965977108054
0.9523,6982,1305.5690433686864
0.9523,6982,1655.6025412160034
0.9523,6982,1329.2810038853302
0.9523,6982,1434.2151632888797
0.9523,6982,1268.7393678462668
0.9523,6982,1212.1913262627322
0.9523,6982,1568.6663866428644
0.9523,6982,1426.1708495222092
0.9523,6982,1314.036123070461
0.9523,6982,1424.4141552031922
0.9523,6982,1565.2273443242675
0.9523,6982,1506.8741993069411
0.9523,6982,1531.2971752598971
0.9523,6982,1347.3863278378662
0.9523,6982,1612.4472330148062
0.9523,6982,1485.9869788932058
0.9523,6982,1343.824635093983
0.9523,6982,1272.1072141131997
0.9523,6982,1405.57786411845
0.9523,6982,1250.284994224509
0.9523,6982,1543.5992859393048
0.9523,6982,1444.291084742203
0.9523,6982,1586.5347054499632
0.9523,6982,1246.5559172529663
0.9523,6982,1251.9560012601069
0.9523,6982,1655.7032447758058
0.9523,6982,1651.599705975008
0.9523,6982,1208.9810983933633
0.9523,6982,1241.7290769715423
0.9523,6982,1424.4846161923765
0.9523,6982,1578.0555497217265
0.9523,6982,1184.2435156988345
0.9523,6982,1612.210122860443
0.9523,6982,1612.9836186075815
0.9523,6982,1463.5722986453848
0.9523,6982,1541.3772970702507
0.9523,6982,1388.1543631208651
0.9523,6982,1610.4941720046204
0.9523,6982,1649.2066575658932
0.9523,6982,1515.4754804158354
0.9523,6982,1364.3575553922085
0.9523,6982,1192.5624278063635
0.9523,6982,1345.319437152158
0.9523,6982,1466.9250236270084
0.9523,6982,1635.667961776751
0.9523,6982,1480.2800588049984
0.9523,6982,1279.0263572403655
0.9523,6982,1180.4572088627533
0.9523,6982,1545.3339283839125
0.9523,6982,1291.4223458994013
0.9523,6982,1379.311561482726
0.9523,6982,1440.884805208443
0.9523,6982,1487.7389478105638
0.9523,6982,1253.6882284994224
0.9523,6982,1598.2895096083166
0.9523,6982,1386.0660506143022
0.9523,6982,1335.74671847107
0.9523,6982,1554.0436837131156
0.9523,6982,1444.586474850362
0.9523,6982,1467.2923448493125
0.9523,6982,1460.8878504672898
0.9523,6982,1638.3142917147957
0.9523,6982,1407.661451223354
0.9523,6982,1206.2701879659771
0.9523,6982,1452.173264727502
0.9523,6982,1216.2864643494695
0.9523,6982,1658.0920928278902
0.9523,6982,1515.2821589835137
0.9523,6982,1650.434736952641
0.9523,6982,1325.6826630263572
0.9523,6982,1256.4781056389793
0.9523,6982,1242.1434421925862
0.9523,6982,1272.345059330043
0.9523,6982,1630.4033392838392
0.9523,6982,1312.8483671112044
0.9523,6982,1158.3066260632154
0.9523,6982,1635.5897301270609
0.9523,6982,1395.4724351569882
0.9523,6982,1599.3654310616405
0.9523,6982,1399.4266512653576
0.9523,6982,1300.7081801953163
0.9523,6982,1527.6642864643493
0.9523,6982,1416.6057964927018
0.9523,6982,1120.651475375407
0.9523,6982,1519.5354405124435
0.9523,6982,1443.278483671112
0.9523,6982,1231.9101123595503
0.9523,6982,1432.8435367006196
0.9523,6982,1139.784416675417
0.9523,6982,1435.8875354405125
0.9523,6982,1420.4125800693057
0.9523,6982,1552.4080646854982
0.9523,6982,1626.4941720046204
0.9523,6982,1611.2251391368266
0.9523,6982,1425.8115089782632
0.9523,6982,1309.9424551086845
0.9523,6982,1329.4957471385069
0.9523,6982,1415.7988028982463
0.9523,6982,1274.0072456158773
0.9523,6982,1628.869473905282
0.9523,6982,1356.514333718366
0.9523,6982,1568.3977738107735
0.9523,6982,1647.7367426231228
0.9523,6982,1319.0267772760683
0.9523,6982,1647.18618082537
0.9523,6982,1443.739682873044
0.9523,6982,1538.9258636984143
0.9523,6982,1244.0876824530085
0.9523,6982,1322.8646434946968
0.9523,6982,1113.6406594560538
0.9523,6982,1642.5980258321958
0.9523,6982,1371.2824740102908
0.9523,6982,1504.35156988344
0.9523,6982,1215.2072876194477
0.9523,6982,1510.7364275963455
0.9523,6982,1334.4411424971122
0.9523,6982,1615.5118135041478
0.9523,6982,1367.5528719941194
0.9523,6982,1376.3122965452062
0.9523,6982,1337.5553922083377
0.9523,6982,1632.5398508873254
0.9523,6982,1180.0705659981095
0.9523,6982,1578.6751023837026
0.9523,6982,1435.5698834400923
0.9523,6982,1285.3216423395988
0.9523,6982,1231.5625328152892
0.9523,6982,1199.0384332668275
0.9523,6982,1553.292449858238
0.9523,6982,1185.5128635934054
0.9523,6982,1578.1385067730755
0.9523,6982,1389.732752283944
0.9523,6982,1310.249291189751
0.9523,6982,1473.3066260632154
0.9523,6982,1576.1797752808989
0.9523,6982,1189.2435156988342
0.9523,6982,1273.9235535020478
0.9523,6982,1416.4853512548568
0.9523,6982,1317.0237320172214
0.9523,6982,1190.077916622913
0.9523,6982,1491.000420035703
0.9523,6982,1401.3940984983724
0.9523,6982,1355.0744513283628
0.9523,6982,1483.5211592985404
0.9523,6982,1170.167909272288
0.9523,6982,1455.369316391893
0.9523,6982,1448.7368476320487
0.9523,6982,1300.3142917147957
0.9523,6982,1378.660611151948
0.9523,6982,1676.073506248031
0.9523,6982,1648.851727396829
0.9523,6982,1412.2635724036545
0.9523,6982,1418.178830200567
0.9523,6982,1565.6065315551823
0.9523,6982,1617.7262417305471
0.9523,6982,1437.0924078546675
0.9523,6982,1512.8743043158668
0.9523,6982,1403.512128530925
0.9523,6982,1510.519164128951
0.9523,6982,1593.1661241205502
0.9523,6982,1229.19584164654
0.9523,6982,1484.3989289089573
0.9523,6982,1437.8018481570932
0.9523,6982,1445.8725191641288
0.9523,6982,1405.282474010291
0.9523,6982,1572.181035388008
0.9523,6982,1398.64569988449
0.9523,6982,1451.0140711960516
0.9523,6982,1471.8161293709966
0.9523,6982,1554.6254331618188
0.9523,6982,1672.7784311666492
0.9523,6982,1370.9776330988134
0.9523,6982,1671.9497007245614
0.9523,6982,1584.0458889005563
0.9523,6982,1217.433896881235
0.9523,6982,1351.915047779061
0.9523,6982,1319.9071721096293
0.9523,6982,1272.4324267562745
0.9523,6982,1518.9591515278798
0.9523,6982,1396.6052714480732
0.9523,6982,1195.449018166544
0.9523,6982,1494.9165179040217
0.9523,6982,1407.002520214218
0.9523,6982,1551.4684448178095
0.9523,6982,1335.2286044313769
0.9523,6982,1219.5803843326682
0.9523,6982,1282.923448493122
0.9523,6982,1135.4579439252334
0.9523,6982,1686.1437572193636
0.9523,6982,1442.741993069411
0.9523,6982,1431.0923028457416
0.9523,6982,1133.942980153313
0.9523,6982,1259.3457943925234
0.9523,6982,1606.6902236690116
0.9523,6982,1469.9440302425703
0.9523,6982,1509.9663971437571
0.9523,6982,1494.922923448493
0.9523,6982,1157.8922608421717
0.9523,6982,1640.5959256536803
0.9523,6982,1422.8330358080436
0.9523,6982,1500.2144282263991
0.9523,6982,1645.856347789562
0.9523,6982,1479.0516643914732
0.9523,6982,1634.453428541426
0.9523,6982,1477.6590360180614
0.9523,6982,1240.6319437152158
0.9523,6982,1667.294235009976
0.9523,6982,1652.0056704819908
0.9523,6982,1503.7403129265986
0.9523,6982,1540.2254541636037
0.9523,6982,1280.7762259792082
0.9523,6982,1559.8313556652315
0.9523,6982,1339.5975007875668
0.9523,6982,1432.6064265462562
0.9523,6982,1145.8201197101755
0.9523,6982,1533.946130421086
0.9523,6982,1616.6049564212958
0.9523,6982,1395.6033812874095
0.9523,6982,1664.127900871574
0.9523,6982,1538.536700619553
0.9523,6982,1555.6638664286463
0.9523,6982,1505.6898036333089
0.9523,6982,1274.9802583219573
0.9523,6982,1548.01732647275
0.9523,6982,1136.9523259477055
0.9523,6982,1191.857292869894
0.9523,6982,1613.4147852567469
0.9523,6982,1531.2505512968603
0.9523,6982,1655.5701984668697
0.9523,6982,1529.3073611256957
0.9523,6982,1336.4924918618085
0.9523,6982,1303.5381707445133
0.9523,6982,1600.5574923868528
0.9523,6982,1295.2160033602854
0.9523,6982,1529.815079281739
0.9523,6982,1288.8184395673632
0.9523,6982,1432.9928593930483
0.9523,6982,1473.9092722881446
0.9523,6982,1633.6197626798275
0.9523,6982,1374.314606741573
0.9523,6982,1463.992019321642
0.9523,6982,1623.9088522524414
0.9523,6982,1247.705449963247
0.9523,6982,1274.7891420770766
0.9523,6982,1381.9217683503098
0.9523,6982,1586.8146592460355
0.9523,6982,1258.72939199832
0.9523,6982,1395.956841331513
0.9523,6982,1491.4476530505092
0.9523,6982,1122.7384227659352
0.9523,6982,1432.5267247716056
0.9523,6982,1234.019216633414
0.9523,6982,1249.2846791977315
0.9523,6982,1438.2994854562637
0.9523,6982,1514.1363015856348
0.9523,6982,1616.369841436522
0.9523,6982,1473.9472855192691
0.9523,6982,1434.6372991704293
0.9523,6982,1455.4965872099128
0.9523,6982,1325.8257901921663
0.9523,6982,1527.0471490076657
0.9523,6982,1613.8501522629424
0.9523,6982,1490.8960411634987
0.9523,6982,1655.2047674052294
0.9523,6982,1659.644124750604
0.9523,6982,1401.9357345374356
0.9523,6982,1130.485981308411
0.9523,6982,1417.544261262207
0.9523,6982,1230.3616507403128
0.9523,6982,1407.7856767825265
0.9523,6982,1596.6926388743043
0.9523,6982,1328.2178935209492
0.9523,6982,1519.5920403234277
0.9523,6982,1628.7608946760474
0.9523,6982,1124.7329623017956
0.9523,6982,1215.0198466869683
0.9523,6982,1628.4000840071403
0.9523,6982,1352.6773075711435
0.9523,6982,1571.1887010395883
0.9523,6982,1507.6808778746192
0.9523,6982,1626.7468234799958
0.9523,6982,1632.0114459729075
0.9523,6982,1195.0227869368896
0.9523,6982,1416.9197731807203
0.9523,6982,1224.2505512968603
0.9523,6982,1451.973852777486
0.9523,6982,1292.5009975847947
0.9523,6982,1576.7377927123805
0.9523,6982,1397.024362070776
0.9523,6982,1469.2087577444083
0.9523,6982,1425.202352199937
0.9523,6982,1435.9441352514962
0.9523,6982,1432.036543106164
0.9523,6982,1570.567363225874
0.9523,6982,1396.1552031922713
0.9523,6982,1550.2707130106055
0.9523,6982,1462.1639189331092
0.9523,6982,1539.0353880079806
0.9523,6982,1561.305050929329
0.9523,6982,1414.7429381497427
0.9523,6982,1159.0756064265463
0.9523,6982,1190.5988659036018
0.9523,6982,1609.9009765830094
0.9523,6982,1276.592250341279
0.9523,6982,1627.4292764885015
0.9523,6982,1609.2008820749763
0.9523,6982,1601.790612202037
0.9523,6982,1385.6929539010814
0.9523,6982,1396.9683923133466
0.9523,6982,1557.9954846161925
0.9523,6982,1459.37162658826
0.9523,6982,1631.7725506668064
0.9523,6982,1330.4527984878714
0.9523,6982,1123.8752493961986
0.9523,6982,1562.052609471805
0.9523,6982,1230.3313031607688
0.9523,6982,1400.8756694319018
0.9523,6982,1131.774965872099
0.9523,6982,1449.2953901081592
0.9523,6982,1412.5862648325106
0.9523,6982,1567.0671007035596
0.9523,6982,1413.9074871364064
0.9523,6982,1474.957366376142
0.9523,6982,1422.899821484826
0.9523,6982,1254.6704819909692
0.9523,6982,1150.022156883335
0.9523,6982,1505.4615142287091
0.9523,6982,1499.3234274913366
0.9523,6982,1664.06437047149
0.9523,6982,1557.9091672792188
0.9523,6982,1664.3138716790925
0.9523,6982,1435.0614302215688
0.9523,6982,1254.667961776751
0.9523,6982,1244.1920613252123
0.9523,6982,1404.485561272708
0.9523,6982,1392.9279638769297
0.9523,6982,1316.490811718996
0.9523,6982,1440.085267247716
0.9523,6982,1210.5032027722357
0.9523,6982,1478.3266827680352
0.9523,6982,1552.8436417095452
0.9523,6982,1649.604746403444
0.9523,6982,1324.5750288774543
0.9523,6982,1533.5690433686862
0.9523,6982,1529.2510763414891
0.9523,6982,1449.0855822744932
0.9523,6982,1438.7812664076446
0.9523,6982,1330.6323637509188
0.9523,6982,1193.0058804998423
0.9523,6982,1178.0241520529244
0.9523,6982,1136.730547096503
0.9523,6982,1530.6737372676675
0.9523,6982,1457.8960411634987
0.9523,6982,1255.8696839231334
0.9523,6982,1421.2678777696103
0.9523,6982,1407.3504147852568
0.9523,6982,1437.4384122650424
0.9523,6982,1134.134831460674
0.9523,6982,1617.1759949595717
0.9523,6982,1492.825160138612
0.9523,6982,1533.222723931534
0.9523,6982,1606.5599075921452
0.9523,6982,1213.895201092093
0.9523,6982,1582.3143967237215
0.9523,6982,1469.0618502572718
0.9523,6982,1394.5133886380345
0.9523,6982,1271.56127270818
0.9523,6982,1438.064895516119
0.9523,6982,1640.7646749973746
0.9523,6982,1651.8312506563057
0.9523,6982,1366.8159193531449
0.9523,6982,1596.1138296755223
0.9523,6982,1653.593615457314
0.9523,6982,1593.6212328047882
0.9523,6982,1222.3104063845426
0.9523,6982,1206.629633518849
0.9523,6982,1306.9599915992858
0.9523,6982,1414.0723511498477
0.9523,6982,1445.6467499737478
0.9523,6982,1404.0182715530818
0.9523,6982,1651.0150162763834
0.9523,6982,1249.275438412265
0.9523,6982,1445.351149847737
0.9523,6982,1330.1240155413211
0.9523,6982,1384.6590360180614
0.9523,6982,1261.5341804053344
0.9523,6982,1386.7143757219362
0.9523,6982,1459.755959256537
0.9523,6982,1666.6432846791977
0.9523,6982,1343.5980258321956
0.9523,6982,1200.0033602856242
0.9523,6982,1386.9842486611362
0.9523,6982,1649.9680772865693
0.9523,6982,1521.428751443873
0.9523,6982,1413.886905386958
0.9523,6982,1460.272288144492
0.9523,6982,1381.33844376772
0.9523,6982,1336.333403339284
0.9523,6982,1427.2942350099756
0.9523,6982,1328.104378872204
0.9523,6982,1447.842486611362
0.9523,6982,1234.4532185235744
0.9523,6982,1648.987713955686
0.9523,6982,1221.0437887220412
0.9523,6982,1424.643914732752
0.9523,6982,1586.4658195946656
0.9523,6982,1624.0534495432112
0.9523,6982,1247.8266302635725
0.9523,6982,1572.0484091147746
0.9523,6982,1147.237635198992
0.9523,6982,1350.953796072666
0.9523,6982,1432.7263467394728
0.9523,6982,1401.3645909902343
0.9523,6982,1344.156148272603
0.9523,6982,1457.7533340333928
0.9523,6982,1283.1765200042005
0.9523,6982,1366.9701774650844
0.9523,6982,1383.631418670587
0.9523,6982,1652.4572088627533
0.9523,6982,1248.6411845006824
0.9523,6982,1369.583219573664
0.9523,6982,1412.357135356505
0.9523,6982,1383.089572613672
0.9523,6982,1239.5869998949909
0.9523,6982,1639.9263887430432
0.9523,6982,1556.735797542791
0.9523,6982,1405.269347894571
0.9523,6982,1449.8360810668908
0.9523,6982,1225.2813189121075
0.9523,6982,1450.5316601911163
0.9523,6982,1408.0185865798592
0.9523,6982,1440.2803738317757
0.9523,6982,1417.3863278378662
0.9523,6982,1428.9177780111308
0.9523,6982,1616.11141447023
0.9523,6982,1282.4023942035074
0.9523,6982,1349.7403129265988
0.9523,6982,1627.2817389478105
0.9523,6982,1245.6916937939725
0.9523,6982,1603.607476635514
0.9523,6982,1682.043053659561
0.9523,6982,1532.4102698729391
0.9523,6982,1555.1700094508033
0.9523,6982,1438.5373306731071
0.9523,6982,1447.403759319542
0.9523,6982,1512.8743043158668
0.9523,6982,1234.683188070986
0.9523,6982,1417.3740417935524
0.9523,6982,1624.9006615562323
0.9523,6982,1539.3924183555605
0.9523,6982,1475.6598760894676
0.9523,6982,1460.5099233434842
0.9523,6982,1273.6404494382025
0.9523,6982,1383.949070671007
0.9523,6982,1627.6751023837026
0.9523,6982,1591.2969652420456
0.9523,6982,1477.179670271973
0.9523,6982,1152.9388848052083
0.9523,6982,1481.0202667226715
0.9523,6982,1349.6246980993385
0.9523,6982,1504.9259687073402
0.9523,6982,1517.6132521264306
0.9523,6982,1255.8032132731282
0.9523,6982,1334.779691273758
0.9523,6982,1650.7869368896356
0.9523,6982,1259.8075186390845
0.9523,6982,1659.6969442402603
0.9523,6982,1626.572613672162
0.9523,6982,1582.6521054289612
0.9523,6982,1568.7583744618291
0.9523,6982,1558.2986453848575
0.9523,6982,1229.0885225244144
0.9523,6982,1659.8849102173683
0.9523,6982,1202.3068360810669
0.9523,6982,1495.3572403654312
0.9523,6982,1558.814134201407
0.9523,6982,1219.0171164548983
0.9523,6982,1144.5707235114985
0.9523,6982,1302.6704819909694
0.9523,6982,1268.6279533760369
0.9523,6982,1556.198361860758
0.9523,6982,1349.4108999264938
0.9523,6982,1507.1055339703871
0.9523,6982,1551.554027092303
0.9523,6982,1414.735902551717
0.9523,6982,1347.2798487871469
0.9523,6982,1584.7500787566944
0.9523,6982,1342.3452693478944
0.9523,6982,1609.3072561167698
0.9523,6982,1402.8084637194163
0.9523,6982,1277.1010185865798
0.9523,6982,1193.579544261262
0.9523,6982,1402.8602331198151
0.9523,6982,1646.6741573033707
0.9523,6982,1395.6533655360704
0.9523,6982,1616.7581644439776
0.9523,6982,1266.189751128846
0.9523,6982,1462.8098288354508
0.9523,6982,1564.3318282053974
0.9523,6982,1342.6663866428646
0.9523,6982,1256.3496797227765
0.9523,6982,1534.8858552977003
0.9523,6982,1238.8652735482517
0.9523,6982,1241.7531240155413
0.9523,6982,1413.5495117084952
0.9523,6982,1498.97301270608
0.9523,6982,1619.2783786621862
0.9523,6982,1455.282369001365
0.9523,6982,1604.5414260212117
0.9523,6982,1404.3746718471068
0.9523,6982,1561.185340753964
0.9523,6982,1361.611361965767
0.9523,6982,1396.5965557072352
0.9523,6982,1373.6871784101647
0.9523,6982,1426.9927543841225
0.9523,6982,1308.3888480520843
0.9523,6982,1640.5714585739788
0.9523,6982,1555.8936259582065
0.9523,6982,1358.8203297280268
0.9523,6982,1485.8200147012496
0.9523,6982,1439.1986768875354
0.9523,6982,1114.912947600546
0.9523,6982,1449.6785676782526
0.9523,6982,1612.6055864748505
0.9523,6982,1645.1352514963771
0.9523,6982,1418.0234169904445
0.9523,6982,1390.6410794917567
0.9523,6982,1421.5494066995695
0.9523,6982,1252.472960201617
0.9523,6982,1269.3866428646434
0.9523,6982,1624.3739367846267
0.9523,6982,1456.7979628268404
0.9523,6982,1502.851622387903
0.9523,6982,1547.2024572088628
0.9523,6982,1464.2085477265568
0.9523,6982,1165.544261262207
0.9523,6982,1316.6621862858344
0.9523,6982,1578.7244565788092
0.9523,6982,1670.7019846686967
0.9523,6982,1670.2202037173158
0.9523,6982,1302.851727396829
0.9523,6982,1431.8857502887745
0.9523,6982,1209.0984983723615
0.9523,6982,1286.2677727606847
0.9523,6982,1269.6937939724876
0.9523,6982,1424.9796282684028
0.9523,6982,1574.5132836291086
0.9523,6982,1646.311036438097
0.9523,6982,1261.0534495432112
0.9523,6982,1149.9367846266932
0.9523,6982,1190.5353355035177
0.9523,6982,1669.8960411634987
0.9523,6982,1579.870734012391
0.9523,6982,1462.6042213588155
0.9523,6982,1423.956946340439
0.9523,6982,1328.2871994119498
0.9523,6982,1352.8622282894046
0.9523,6982,1368.9741678042633
0.9523,6982,1500.5438412265044
0.9523,6982,1176.5718786096818
0.9523,6982,1412.2922398403864
0.9523,6982,1215.8138191746298
0.9523,6982,1519.890790717211
0.9523,6982,1685.4894466029612
0.9523,6982,1275.277643599706
0.9523,6982,1637.3453743568202
0.9523,6982,1579.620497742308
0.9523,6982,1668.2339598865904
0.9523,6982,1414.59445552872
0.9523,6982,1678.1371416570407
0.9523,6982,1674.8928908957262
0.9523,6982,1219.0171164548983
0.9523,6982,1622.9143127165808
0.9523,6982,1523.1423921033286
0.9523,6982,1418.4397773810772
0.9523,6982,1442.7995379607266
0.9523,6982,1536.7112254541637
0.9523,6982,1487.7395778641185
0.9523,6982,1642.0271973117715
0.9523,6982,1480.6524204557386
0.9523,6982,1451.7703454793657
0.9523,6982,1463.1725296650216
0.9523,6982,1251.126745773391
0.9523,6982,1460.5482516013865
0.9523,6982,1569.6552556967342
0.9523,6982,1524.2148482621024
0.9523,6982,1326.3518849102174
0.9523,6982,1360.4239210332878
0.9523,6982,1404.211382967552
0.9523,6982,1313.0644754804157
0.9523,6982,1505.2903496797228
0.9523,6982,1347.2972802688228
0.9523,6982,1265.1294760054604
0.9523,6982,1225.2521264307466
0.9523,6982,1466.6495852147432
0.9523,6982,1385.366376141972
0.9523,6982,1186.9026567258215
0.9523,6982,1528.0106059015015
0.9523,6982,1402.4880814869264
0.9523,6982,1505.5805943505195
0.9523,6982,1364.6950540795967
0.9523,6982,1617.3470544996323
0.9523,6982,1664.2296545206343
0.9523,6982,1507.9315341804054
0.9523,6982,1266.130526094718
0.9523,6982,1395.042213588155
0.9523,6982,1520.7955476215477
0.9523,6982,1281.1184500682557
0.9523,6982,1473.313766670167
0.9523,6982,1213.272393153418
0.9523,6982,1674.965032027722
0.9523,6982,1435.590675207393
0.9523,6982,1519.6882284994224
0.9523,6982,1413.4342119080122
0.9523,6982,1601.8994014491232
0.9523,6982,1529.0098708390212
0.9523,6982,1629.0199516958942
0.9523,6982,1284.610101858658
0.9523,6982,1610.0744513283628
0.9523,6982,1398.0840071406071
0.9523,6982,1660.3869578914207
0.9523,6982,1482.2451958416464
0.9523,6982,1412.292344849312
0.9523,6982,1544.3214323217474
0.9523,6982,1625.818544576289
0.9523,6982,1233.7570093457944
0.9523,6982,1261.0962931849206
0.9523,6982,1504.6769925443662
0.9523,6982,1457.030032552767
0.9523,6982,1146.119710175365
0.9523,6982,1526.3949385697783
0.9523,6982,1581.2280793867478
0.9523,6982,1163.687073401239
0.9523,6982,1211.3471595085582
0.9523,6982,1638.6288984563687
0.9523,6982,1424.695894151003
0.9523,6982,1368.2542266092617
0.9523,6982,1445.1312611571982
0.9523,6982,1588.2232489761627
0.9523,6982,1475.202352199937
0.9523,6982,1611.9911792502364
0.9523,6982,1395.2200987083902
0.9523,6982,1664.0371731597186
0.9523,6982,1525.465084532185
0.9523,6982,1274.687598445868
0.9523,6982,1307.4829360495642
0.9523,6982,1478.3433791872308
0.9523,6982,1645.3068360810669
0.9523,6982,1243.9253386537855
0.9523,6982,1422.150582799538
0.9523,6982,1249.214113199622
0.9523,6982,1221.7058699989498
0.9523,6982,1626.3157618397563
0.9523,6982,1398.2676677517588
0.9523,6982,1380.8257901921663
0.9523,6982,1238.0072456158773
0.9523,6982,1391.7560642654626
0.9523,6982,1358.657040848472
0.9523,6982,1659.6071616087368
0.9523,6982,1374.8827050299274
0.9523,6982,1443.0266722671429
0.9523,6982,1456.5503517799011
0.9523,6982,1349.4709650320278
0.9523,6982,1654.225034127901
0.9523,6982,1216.2342749133677
0.9523,6982,1284.0767615247296
0.9523,6982,1593.0210017851516
0.9523,6982,1416.345584374672
0.9523,6982,1220.096608211698
0.9523,6982,1660.3419090622704
0.9523,6982,1169.6141972067626
0.9523,6982,1419.5257796912738
0.9523,6982,1419.73632258742
0.9523,6982,1132.202247191011
0.9523,6982,1591.509083272078
0.9523,6982,1562.9844586789875
0.9523,6982,1380.5605376456997
0.9523,6982,1376.7251916412897
0.9523,6982,1435.4567888270503
0.9523,6982,1586.1965767090203
0.9523,6982,1430.643914732752
0.9523,6982,1240.372886695369
0.9523,6982,1425.2219888690538
0.9523,6982,1344.122335398509
0.9523,6982,1649.1149847737056
0.9523,6982,1248.2582169484406
0.9523,6982,1156.322797437782
0.9523,6982,1362.762889845637
0.9523,6982,1462.691903811824
0.9523,6982,1457.2298645384858
0.9523,6982,1120.5207392628372
0.9523,6982,1400.3113514648744
0.9523,6982,1500.1441772550666
0.9523,6982,1383.1735797542792
0.9523,6982,1384.106164023942
0.9523,6982,1518.2987503937834
0.9523,6982,1455.0017851517375
0.9523,6982,1417.553502047674
0.9523,6982,1576.6143022156882
0.9523,6982,1400.6536805628475
0.9523,6982,1431.9876089467605
0.9523,6982,1180.8315656830832
0.9523,6982,1447.2277643599705
0.9523,6982,1524.1684343169168
0.9523,6982,1213.0928278903707
0.9523,6982,1432.1745248346108
0.9523,6982,1360.438517273968
0.9523,6982,1226.0337078651685
0.9523,6982,1227.407329623018
0.9523,6982,1584.6341489026568
0.9523,6982,1524.659666071616
0.9523,6982,1378.986033812874
0.9523,6982,1473.352514963772
0.9523,6982,1472.7578494172003
0.9523,6982,1329.043893730967
0.9523,6982,1550.351149847737
0.9523,6982,1266.5859498057334
0.9523,6982,1513.9733277328571
0.9523,6982,1227.3681612937098
0.9523,6982,1371.747978578179
0.9523,6982,1381.5540270923027
0.9523,6982,1428.1203402289195
0.9523,6982,1545.4900766565156
0.9523,6982,1573.4303265777592
0.9523,6982,1198.75018376562
0.9523,6982,1466.5696734222408
0.9523,6982,1245.5033077811613
0.9523,6982,1271.2942350099756
0.9523,6982,1597.6139871889109
0.9523,6982,1154.083062060275
0.9523,6982,1193.03318282054
0.9523,6982,1637.7285519269135
0.9523,6982,1231.8027932374252
0.9523,6982,1286.8470019951696
0.9523,6982,1556.1199201932163
0.9523,6982,1614.840701459624
0.9523,6982,1510.4616192376352
0.9523,6982,1436.062690328678
0.9523,6982,1671.104798907907
0.9523,6982,1530.4630893625958
0.9523,6982,1237.4644544786306
0.9523,6982,1637.943400189016
0.9523,6982,1475.0671007035598
0.9523,6982,1245.8138191746298
0.9523,6982,1459.2604221358815
0.9523,6982,1409.1637089152578
0.9523,6982,1251.9202982253491
0.9523,6982,1499.7500787566942
0.9523,6982,1570.9526409744828
0.9523,6982,1258.4384122650426
0.9523,6982,1441.049564212958
0.9523,6982,1656.615352304946
0.9523,6982,1416.3029507508138
0.9523,6982,1455.892890895726
0.9523,6982,1426.1297910322376
0.9523,6982,1261.2427806363542
0.9523,6982,1577.4831460674156
0.9523,6982,1277.4283314081697
0.9523,6982,1680.548251601386
0.9523,6982,1202.7788512023524
0.9523,6982,1192.110889425601
0.9523,6982,1557.5225244145752
0.9523,6982,1340.84154153103
0.9523,6982,1587.6201827155307
0.9523,6982,1661.6873884280162
0.9523,6982,1248.3889530610102
0.9523,6982,1590.2502362700827
0.9523,6982,1442.286779376247
0.9523,6982,1542.9687073401235
0.9523,6982,1447.8583429591515
0.9523,6982,1601.5314501732648
0.9523,6982,1271.5449963246874
0.9523,6982,1557.2146382442509
0.9523,6982,1572.3142917147957
0.9523,6982,1544.917252966502
0.9523,6982,1460.9114774755856
0.9523,6982,1271.1124645594875
0.9523,6982,1330.9430851622387
0.9523,6982,1647.4671847107004
0.9523,6982,1440.452063425391
0.9523,6982,1680.555812244041
0.9523,6982,1329.2856242780636
0.9523,6982,1503.3141867058698
0.9523,6982,1222.8936259582065
0.9523,6982,1235.401764149953
0.9523,6982,1367.3889530610102
0.9523,6982,1231.744093247926
0.9523,6982,1429.0394833560852
0.9523,6982,1351.2931849207182
0.9523,6982,1329.5118135041478
0.9523,6982,1128.026357240365
0.9523,6982,1229.2148482621024
0.9523,6982,1423.9666071616086
0.9523,6982,1637.8371311561482
0.9523,6982,1612.3831775700935
0.9523,6982,1604.8703139766878
0.9523,6982,1643.2552766985193
0.9523,6982,1320.4229759529558
0.9523,6982,1640.7852567468235
0.9523,6982,1422.675312401554
0.9523,6982,1267.425496167174
0.9523,6982,1661.5875249396197
0.9523,6982,1445.7429381497427
0.9523,6982,1262.6829780531343
0.9523,6982,1425.6129370996534
0.9523,6982,1480.4501732647277
0.9523,6982,1550.9761629738528
0.9523,6982,1393.9676572508663
0.9523,6982,1444.4587839966396
0.9523,6982,1583.5380657355877
0.9523,6982,1568.5370156463298
0.9523,6982,1669.3775070881024
0.9523,6982,1350.3577654100598
0.9523,6982,1399.0359130526094
0.9523,6982,1427.312506563058
0.9523,6982,1295.4218208547727
0.9523,6982,1528.2996954741152
0.9523,6982,1443.497742308096
0.9523,6982,1192.0785466764676
0.9523,6982,1427.5270397983827
0.9523,6982,1579.9028667436733
0.9523,6982,1135.892365851097
0.9523,6982,1273.5440512443558
0.9523,6982,1527.6194476530504
0.9523,6982,1413.9678672687178
0.9523,6982,1134.6769925443662
0.9523,6982,1448.0112359550562
0.9523,6982,1117.4831460674156
0.9523,6982,1449.061850257272
0.9523,6982,1238.2241940564948
0.9523,6982,1657.6164023942035
0.9523,6982,1467.8665336553606
0.9523,6982,1300.8961461724246
0.9523,6982,1587.729707025097
0.9523,6982,1599.4809408799747
0.9523,6982,1167.0063005355453
0.9523,6982,1418.4005040428435
0.9523,6982,1646.248031082642
0.9523,6982,1414.24708600231
0.9523,6982,1628.508243200672
0.9523,6982,1380.7759109524309
0.9523,6982,1546.4108999264936
0.9523,6982,1234.4841961566733
0.9523,6982,1355.5039378347158
0.9523,6982,1360.4266512653576
0.9523,6982,1378.1393468444817
0.9523,6982,1348.3138716790927
0.9523,6982,1502.7995379607266
0.9523,6982,1440.5945605376455
0.9523,6982,1399.628898456369
0.9523,6982,1415.6799327942874
0.9523,6982,1158.1293709965348
0.9523,6982,1433.759319542161
0.9523,6982,1113.51695894151
0.9523,6982,1200.4702299695473
0.9523,6982,1598.936049564213
0.9523,6982,1266.7949175679933
0.9523,6982,1488.1238055234694
0.9523,6982,1236.0561797752807
0.9523,6982,1350.734537435682
0.9523,6982,1172.1098393363436
0.9523,6982,1423.7534390423186
0.9523,6982,1330.3939934894463
0.9523,6982,1429.8609681822954
0.9523,6982,1516.2866743673212
0.9523,6982,1245.4710700409537
0.9523,6982,1619.3101963666911
0.9523,6982,1626.809828835451
0.9523,6982,1452.0857922923449
0.9523,6982,1328.002205187441
0.9523,6982,1440.4454478630685
0.9523,6982,1420.9637719206132
0.9523,6982,1661.0681507928173
0.9523,6982,1414.5268297805314
0.9523,6982,1538.093877979628
0.9523,6982,1648.5588575028878
0.9523,6982,1511.1560432636777
0.9523,6982,1453.130946130421
0.9523,6982,1462.667121705345
0.9523,6982,1232.8365011025935
0.9523,6982,1617.0036753124014
0.9523,6982,1410.3592355350204
0.9523,6982,1574.2831040638457
0.9523,6982,1520.174104798908
0.9523,6982,1452.831985718786
0.9523,6982,1442.1533130316077
0.9523,6982,1506.8547726556756
0.9523,6982,1365.755434211908
0.9523,6982,1474.9901291609783
0.9523,6982,1665.2426756274283
0.9523,6982,1409.4141552031922
0.9523,6982,1555.1480625853196
0.9523,6982,1263.8710490391682
0.9523,6982,1303.776751023837
0.9523,6982,1666.2968602331198
0.9523,6982,1574.3841226504253
0.9523,6982,1207.5281948965662
0.9523,6982,1450.4180405334453
0.9523,6982,1282.8075186390845
0.9523,6982,1472.926913787672
0.9523,6982,1365.9755329202983
0.9523,6982,1389.4614092197835
0.9523,6982,1395.3055759739575
0.9523,6982,1259.8075186390845
0.9523,6982,1564.268507823165
0.9523,6982,1366.18964611992
0.9523,6982,1495.45258847002
0.9523,6982,1211.8217998529876
0.9523,6982,1501.53701564633
0.9523,6982,1218.2434106899086
0.9523,6982,1605.5761839756378
0.9523,6982,1275.277643599706
0.9523,6982,1682.512548566628
0.9523,6982,1446.2233539850886
0.9523,6982,1567.2799537960727
0.9523,6982,1449.9566313136615
0.9523,6982,1568.8371311561482
0.9523,6982,1605.838391263257
0.9523,6982,1216.2617872519163
0.9523,6982,1587.797647800063
0.9523,6982,1673.502992754384
0.9523,6982,1624.2777486086318
0.9523,6982,1213.970912527565
0.9523,6982,1210.7807413630155
0.9523,6982,1480.867268717841
0.9523,6982,1490.6735272498163
0.9523,6982,1502.3683713115615
0.9523,6982,1245.1700094508033
0.9523,6982,1568.5693583954635
0.9523,6982,1458.9378347159509
0.9523,6982,1550.9131576183977
0.9523,6982,1518.9876089467605
0.9523,6982,1395.002205187441
0.9523,6982,1645.774965872099
0.9523,6982,1616.8279953796073
0.9523,6982,1339.9635619027615
0.9523,6982,1654.6236480100808
0.9523,6982,1317.6237530190067
0.9523,6982,1507.2392103328784
0.9523,6982,1459.3488396513703
0.9523,6982,1425.4811508978262
0.9523,6982,1339.9310091357763
0.9523,6982,1267.2300745563373
0.9523,6982,1193.5850047254016
0.9523,6982,1471.9805733487349
0.9523,6982,1409.5871049039167
0.9523,6982,1532.7769610416883
0.9523,6982,1277.0750813819177
0.9523,6982,1448.7690853722563
0.9523,6982,1644.7661451223353
0.9523,6982,1135.3570303475794
0.9523,6982,1535.119185130736
0.9523,6982,1196.9777381077392
0.9523,6982,1653.1121495327104
0.9523,6982,1621.018796597711
0.9523,6982,1459.8009030767614
0.9523,6982,1459.538275753439
0.9523,6982,1272.5945605376455
0.9523,6982,1640.0528194896567
0.9523,6982,1619.0051454373622
0.9523,6982,1438.7813714165702
0.9523,6982,1250.4372571668591
0.9523,6982,1538.0972382652526
0.9523,6982,1428.1824005040428
0.9523,6982,1390.2125380657355
0.9523,6982,1654.6869683923132
0.9523,6982,1320.119185130736
0.9523,6982,1413.0734012391051
0.9523,6982,1554.515593825475
0.9523,6982,1648.3031607686653
0.9523,6982,1326.4076446497952
0.9523,6982,1450.6891735797542
0.9523,6982,1617.901606636564
0.9523,6982,1316.7638349259685
0.9523,6982,1261.0980783366583
0.9523,6982,1350.9602016171373
0.9523,6982,1282.7634148902655
0.9523,6982,1611.854247611047
0.9523,6982,1495.2210437887218
0.9523,6982,1198.4180405334453
0.9523,6982,1425.6537855717736
0.9523,6982,1204.410794917568
0.9523,6982,1230.4198256851832
0.9523,6982,1438.2930799117926
0.9523,6982,1454.2003570303475
0.9523,6982,1262.5594875564425
0.9523,6982,1514.8850152262942
0.9523,6982,1318.7138506773076
0.9523,6982,1518.5733487346424
0.9523,6982,1207.419090622703
0.9523,6982,1538.4571038538274
0.9523,6982,1625.8813399138926
0.9523,6982,1653.7333823374986
0.9523,6982,1537.7077601596134
0.9523,6982,1154.2060275123386
0.9523,6982,1431.977738107739
0.9523,6982,1523.510868423816
0.9523,6982,1350.9105323952535
0.9523,6982,1284.6698519374147
0.9523,6982,1487.6762574818858
0.9523,6982,1417.709755329203
0.9523,6982,1563.6075816444395
0.9523,6982,1220.191431271658
0.9523,6982,1214.816339388848
0.9523,6982,1655.7372676677517
0.9523,6982,1491.1200252021422
0.9523,6982,1223.4413525149637
0.9523,6982,1472.1222303895831
0.9523,6982,1421.2906647065
0.9523,6982,1646.4894466029612
0.9523,6982,1490.1729497007243
0.9523,6982,1556.7027197311772
0.9523,6982,1291.865693583955
0.9523,6982,1364.9948545626378
0.9523,6982,1375.1158248451118
0.9523,6982,1147.1573033707864
0.9523,6982,1417.4384122650426
0.9523,6982,1411.212748083587
0.9523,6982,1199.3280478840702
0.9523,6982,1162.4200357030347
0.9523,6982,1629.9343694214008
0.9523,6982,1350.3076761524728
0.9523,6982,1346.4428226399243
0.9523,6982,1297.349784731702
0.9523,6982,1622.982148482621
0.9523,6982,1510.3217473485245
0.9523,6982,1362.035598025832
0.9523,6982,1457.885540270923
0.9523,6982,1168.0908327207812
0.9523,6982,1115.75364906017
0.9523,6982,1379.316706920088
0.9523,6982,1340.2378452168434
0.9523,6982,1407.4089047569043
0.9523,6982,1440.5287199411948
0.9523,6982,1682.7803213273128
0.9523,6982,1649.296335188491
0.9523,6982,1662.644439777381
0.9523,6982,1220.660086107319
0.9523,6982,1424.6511603486297
0.9523,6982,1158.289404599391
0.9523,6982,1253.8096188175994
0.9523,6982,1444.166649165179
0.9523,6982,1373.482411004935
0.9523,6982,1414.9227134306416
0.9523,6982,1609.276278483671
0.9523,6982,1247.0220518744093
0.9523,6982,1238.966502152683
0.9523,6982,1242.550771815604
0.9523,6982,1114.42213588155
0.9523,6982,1218.4300115509818
0.9523,6982,1671.7342224089048
0.9523,6982,1536.1228604431376
0.9523,6982,1258.1380867373728
0.9523,6982,1428.74325317652
0.9523,6982,1486.5846896986243
0.9523,6982,1184.107319122125
0.9523,6982,1206.1206552556966
0.9523,6982,1652.2555917252969
0.9523,6982,1263.074451328363
0.9523,6982,1210.9196681717945
0.9523,6982,1357.8792397353775
0.9523,6982,1466.2059225034127
0.9523,6982,1113.058384962722
0.9523,6982,1549.9642969652418
0.9523,6982,1538.784731702195
0.9523,6982,1589.480835871049
0.9523,6982,1653.9006615562323
0.9523,6982,1476.4200357030347
0.9523,6982,1549.6721621337813
0.9523,6982,1241.38821799853
0.9523,6982,1278.5634778956212
0.9523,6982,1426.3530400084007
0.9523,6982,1300.4240260422137
0.9523,6982,1487.708390213168
0.9523,6982,1494.2927648850152
0.9523,6982,1399.892365851097
0.9523,6982,1590.992964401974
0.9523,6982,1293.198046833981
0.9523,6982,1517.5236795127585
0.9523,6982,1330.979838286254
0.9523,6982,1550.6278483671113
0.9523,6982,1602.8291504777906
0.9523,6982,1411.2276593510448
0.9523,6982,1459.5596975742938
0.9523,6982,1267.3001155098182
0.9523,6982,1631.450383282579
0.9523,6982,1377.4170954531137
0.9523,6982,1455.7767510238368
0.9523,6982,1301.9123175469913
0.9523,6982,1372.9221883860127
0.9523,6982,1242.6524204557386
0.9523,6982,1243.7792712380551
0.9523,6982,1383.381602436207
0.9523,6982,1248.0220518744095
0.9523,6982,1248.9105323952535
0.9523,6982,1375.2882495012077
0.9523,6982,1559.4244460779166
0.9523,6982,1216.701039588365
0.9523,6982,1627.12874094298
0.9523,6982,1306.658405964507
0.9523,6982,1642.4163603906331
0.9523,6982,1531.0384332668275
0.9523,6982,1471.1350414785256
0.9523,6982,1447.5071931114144
0.9523,6982,1377.843746718471
0.9523,6982,1493.2013021106793
0.9523,6982,1328.9737477685603
0.9523,6982,1482.9781581434422
0.9523,6982,1170.7538590780214
0.9523,6982,1183.125800693059
0.9523,6982,1298.7496587209912
0.9523,6982,1485.086422345899
0.9523,6982,1295.9159928593929
0.9523,6982,1463.4270713010606
0.9523,6982,1359.902866743673
0.9523,6982,1560.1816654415625
0.9523,6982,1653.5840596450698
0.9523,6982,1338.6571458573978
0.9523,6982,1669.4811508978262
0.9523,6982,1613.1019636669116
0.9523,6982,1568.7393678462668
0.9523,6982,1387.475585424761
0.9523,6982,1502.7535440512445
0.9523,6982,1349.2648325107634
0.9523,6982,1445.5440512443556
0.9523,6982,1479.6488501522629
0.9523,6982,1259.0075606426549
0.9523,6982,1447.9881339913893
0.9523,6982,1158.3488396513703
0.9523,6982,1269.0949280688858
0.9523,6982,1193.9441352514962
0.9523,6982,1557.3174419825684
0.9523,6982,1668.1556232279745
0.9523,6982,1510.41594035493
0.9523,6982,1360.7560642654626
0.9523,6982,1544.835451013336
0.9523,6982,1270.0636354090095
0.9523,6982,1486.5236795127587
0.9523,6982,1497.0863173369737
0.9523,6982,1124.3762469809933
0.9523,6982,1268.279743778221
0.9523,6982,1610.4285414260212
0.9523,6982,1396.2059225034127
0.9523,6982,1609.151422870944
0.9523,6982,1308.9908642234589
0.9523,6982,1182.117399978998
0.9523,6982,1397.9947495537122
0.9523,6982,1452.3264727501837
0.9523,6982,1367.8983513598655
0.9523,6982,1557.381182400504
0.9523,6982,1444.1119395148587
0.9523,6982,1391.336238580279
0.9523,6982,1159.5533970387482
0.9523,6982,1566.1829255486716
0.9523,6982,1511.406384542686
0.9523,6982,1647.8395463614406
0.9523,6982,1371.932689278589
0.9523,6982,1503.0217368476322
0.9523,6982,1265.8597080751863
0.9523,6982,1627.9973747768558
0.9523,6982,1650.688018481571
0.9523,6982,1440.5207392628372
0.9523,6982,1165.9006615562323
0.9523,6982,1525.9987398928909
0.9523,6982,1172.3469494907065
0.9523,6982,1225.1059540060903
0.9523,6982,1527.043473695264
0.9523,6982,1584.0369631418669
0.9523,6982,1378.340333928384
0.9523,6982,1184.9469704924918
0.9523,6982,1410.1953166019111
0.9523,6982,1508.4918618082538
0.9523,6982,1485.7147957576392
0.9523,6982,1477.4541636039062
0.9523,6982,1327.839756379292
0.9523,6982,1327.425181140397
0.9523,6982,1647.770765515069
0.9523,6982,1402.1030137561693
0.9523,6982,1482.52388953061
0.9523,6982,1223.4031292659877
0.9523,6982,1119.1226504252863
0.9523,6982,1394.68234799958
0.9523,6982,1499.573033707865
0.9523,6982,1638.349784731702
0.9523,6982,1280.176625013126
0.9523,6982,1403.6358290454689
0.9523,6982,1428.9897091252756
0.9523,6982,1267.3992439357346
0.9523,6982,1334.2039273338237
0.9523,6982,1459.3700514543737
0.9523,6982,1137.7349574713849
0.9523,6982,1644.0869473905282
0.9523,6982,1221.6599810983932
0.9523,6982,1327.4819909692324
0.9523,6982,1557.479050719311
0.9523,6982,1461.5041478525677
0.9523,6982,1409.5788091987818
0.9523,6982,1184.803738317757
0.9523,6982,1276.1906962091778
0.9523,6982,1466.2150582799536
0.9523,6982,1545.9314291714795
0.9523,6982,1413.84154153103
0.9523,6982,1231.8446917988028
0.9523,6982,1245.536070565998
0.9523,6982,1418.4930169064369
0.9523,6982,1275.7888270502992
0.9523,6982,1358.7761209702826
0.9523,6982,1506.9671322062377
0.9523,6982,1399.4030242570618
0.9523,6982,1459.5985508768244
0.9523,6982,1401.5374356820328
0.9523,6982,1502.0679407749658
0.9523,6982,1393.112674577339
0.9523,6982,1414.9892890895726
0.9523,6982,1437.4791557282367
0.9523,6982,1434.086527354825
0.9523,6982,1232.2038223248976
0.9523,6982,1647.4731702194686
0.9523,6982,1115.8391263257377
0.9523,6982,1326.0971332563267
0.9523,6982,1598.7640449438202
0.9523,6982,1154.887745458364
0.9523,6982,1427.1782001470124
0.9523,6982,1513.0703559802582
0.9523,6982,1236.6386642864643
0.9523,6982,1151.2080226819278
0.9523,6982,1526.4350519794182
0.9523,6982,1563.49616717421
0.9523,6982,1386.7825265147535
0.9523,6982,1631.2338548776645
0.9523,6982,1252.2486611361965
0.9523,6982,1451.8788196996743
0.9523,6982,1393.884700199517
0.9523,6982,1656.477790612202
0.9523,6982,1423.8395463614406
0.9523,6982,1674.936889635619
0.9523,6982,1175.8099338443767
0.9523,6982,1266.868948860653
0.9523,6982,1418.731177150058
0.9523,6982,1300.3363435892052
0.9523,6982,1588.5053029507508
0.9523,6982,1664.0298225349154
0.9523,6982,1438.9369946445447
0.9523,6982,1513.072456158773
0.9523,6982,1369.8841751548882
0.9523,6982,1454.7125905701982
0.9523,6982,1489.4315866848683
0.9523,6982,1357.8043683713115
0.9523,6982,1454.3066260632154
0.9523,6982,1624.3322482411004
0.9523,6982,1459.10448388113
0.9523,6982,1588.7767510238368
0.9523,6982,1579.3527249816232
0.9523,6982,1408.90864223459
0.9523,6982,1562.6241730547097
0.9523,6982,1248.0811718996115
0.9523,6982,1620.082221988869
0.9523,6982,1628.9869788932058
0.9523,6982,1509.2324897616295
0.9523,6982,1599.194896566208
0.9523,6982,1462.353250026252
0.9523,6982,1535.2091777801113
0.9523,6982,1573.7369526409743
0.9523,6982,1469.2147432531765
0.9523,6982,1228.1265357555392
0.9523,6982,1411.0633203822324
0.9523,6982,1241.206342539116
0.9523,6982,1399.394728551927
0.9523,6982,1244.6863383387588
0.9523,6982,1609.8797647800063
0.9523,6982,1304.331618187546
0.9523,6982,1218.8687388428016
0.9523,6982,1137.3552451958417
0.9523,6982,1444.033497847317
0.9523,6982,1447.6323637509188
0.9523,6982,1195.79796282684
0.9523,6982,1422.247926073716
0.9523,6982,1427.5131786201828
0.9523,6982,1525.0615352304944
0.9523,6982,1575.8040533445344
0.9523,6982,1549.030347579544
0.9523,6982,1394.7365326052711
0.9523,6982,1673.8488921558333
0.9523,6982,1668.1659141026987
0.9523,6982,1191.1812454058595
0.9523,6982,1508.1241205502467
0.9523,6982,1441.3356085267249
0.9523,6982,1385.7449333193322
0.9523,6982,1674.9936994644545
0.9523,6982,1586.1978368161292
0.9523,6982,1556.131051139347
0.9523,6982,1556.5217893520949
0.9523,6982,1498.2637824215058
0.9523,6982,1366.7454583639608
0.9523,6982,1153.6374041793551
0.9523,6982,1227.5095033077812
0.9523,6982,1383.3574503832826
0.9523,6982,1510.7392628373411
0.9523,6982,1409.3188070986032
0.9523,6982,1208.9139976898036
0.9523,6982,1558.5099233434842
0.9523,6982,1637.6333088312506
0.9523,6982,1564.1124645594875
0.9523,6982,1578.7388428016382
0.9523,6982,1460.7196261682243
0.9523,6982,1329.120550246771
0.9523,6982,1336.7809513808672
0.9523,6982,1411.2116979943294
0.9523,6982,1431.1501627638347
0.9523,6982,1497.0515593825476
0.9523,6982,1396.910427386328
0.9523,6982,1365.51349364696
0.9523,6982,1426.9044418775595
0.9523,6982,1205.0291924813607
0.9523,6982,1422.6208127690852
0.9523,6982,1551.0540795967656
0.9523,6982,1504.594350519794
0.9523,6982,1296.8806048514125
0.9523,6982,1349.8796597710805
0.9523,6982,1314.2317546991494
0.9523,6982,1626.5754489131575
0.9523,6982,1325.5098183345583
0.9523,6982,1545.2432006720571
0.9523,6982,1479.1737897721305
0.9523,6982,1511.8663236375091
0.9523,6982,1493.9154678147645
0.9523,6982,1380.1516328887956
0.9523,6982,1678.5593825475164
0.9523,6982,1556.5410059855087
0.9523,6982,1442.6158773495747
0.9523,6982,1361.8648535125485
0.9523,6982,1532.2949700724562
0.9523,6982,1447.298015331303
0.9523,6982,1632.2118030032552
0.9523,6982,1405.5458363960936
0.9523,6982,1215.5413210122858
0.9523,6982,1440.921663341384
0.9523,6982,1415.8390213168118
0.9523,6982,1556.1736847632046
0.9523,6982,1195.1750498792396
0.9523,6982,1431.569568413315
0.9523,6982,1566.6132521264308
0.9523,6982,1643.5168539325844
0.9523,6982,1502.8896356190276
0.9523,6982,1341.3861178200148
0.9523,6982,1422.0348629633518
0.9523,6982,1508.641919563163
0.9523,6982,1558.9110574398824
0.9523,6982,1368.932374251811
0.9523,6982,1524.724036543106
0.9523,6982,1377.03391788302
0.9523,6982,1629.6658615982358
0.9523,6982,1550.3257376877034
0.9523,6982,1662.3443242675628
0.9523,6982,1269.4762154783157
0.9523,6982,1431.4066995694634
0.9523,6982,1447.6198676887536
0.9523,6982,1151.2261892260842
0.9523,6982,1660.4060695159087
0.9523,6982,1618.7748608631732
0.9523,6982,1273.611256956841
0.9523,6982,1267.0220518744093
0.9523,6982,1431.6428646434945
0.9523,6982,1330.4615142287091
0.9523,6982,1147.5616927438832
0.9523,6982,1269.4917567993275
0.9523,6982,1517.6446497952325
0.9523,6982,1650.130001050089
0.9523,6982,1679.8568728341909
0.9523,6982,1528.1846056914835
0.9523,6982,1349.426021211803
0.9523,6982,1205.5731387167907
0.9523,6982,1513.5278798697889
0.9523,6982,1676.0277223564003
0.9523,6982,1178.2472960201617
0.9523,6982,1680.5556022261892
0.9523,6982,1245.9465504567886
0.9523,6982,1382.7785361755748
0.9523,6982,1659.75637929224
0.9523,6982,1660.5915152787986
0.9523,6982,1131.005565473065
0.9523,6982,1484.5541321012286
0.9523,6982,1440.7394728551926
0.9523,6982,1604.370681507928
0.9523,6982,1533.38821799853
0.9523,6982,1401.7277118555076
0.9523,6982,1636.134306416045
0.9523,6982,1249.6236480100808
0.9523,6982,1395.0613252126432
0.9523,6982,1636.9465504567888
0.9523,6982,1576.3509398298856
0.9523,6982,1561.627428331408
0.9523,6982,1546.200147012496
0.9523,6982,1198.0986033812874
0.9523,6982,1516.6583009555811
0.9523,6982,1249.7995379607266
0.9523,6982,1234.9315341804054
0.9523,6982,1489.881234904967
0.9523,6982,1416.2587419930692
0.9523,6982,1266.431586684868
0.9523,6982,1583.0418985613776
0.9523,6982,1267.464349469705
0.9523,6982,1647.7161608736742
0.9523,6982,1501.2377402079176
0.9523,6982,1631.862123280479
0.9523,6982,1277.4789457103857
0.9523,6982,1207.0246770975532
0.9523,6982,1452.39241835556
0.9523,6982,1588.5053029507508
0.9523,6982,1382.5173789772132
0.9523,6982,1409.0351779901291
0.9523,6982,1412.3427491336763
0.9523,6982,1462.0675207392628
0.9523,6982,1162.3363435892052
0.9523,6982,1520.9101123595503
0.9523,6982,1430.1018586579858
0.9523,6982,1659.88239000315
0.9523,6982,1565.031712695579
0.9523,6982,1414.2299695474114
0.9523,6982,1632.0658405964507
0.9523,6982,1245.947810563898
0.9523,6982,1175.0064055444711
0.9523,6982,1133.1641289509607
0.9523,6982,1659.2710280373833
0.9523,6982,1590.5202142182084
0.9523,6982,1428.992124330568
0.9523,6982,1117.1582484511182
0.9523,6982,1326.653050509293
0.9523,6982,1294.576919038118
0.9523,6982,1397.0611151947917
0.9523,6982,1299.4606741573034
0.9523,6982,1136.161398718891
0.9523,6982,1612.8079386747872
0.9523,6982,1496.1247506038014
0.9523,6982,1367.0694108999264
0.9523,6982,1223.3295180090306
0.9523,6982,1420.934264412475
0.9523,6982,1488.7986978893205
0.9523,6982,1399.191851307361
0.9523,6982,1415.2834190906226
0.9523,6982,1651.129265987609
0.9523,6982,1444.3546151422872
0.9523,6982,1408.5867898771396
0.9523,6982,1256.7639399348943
0.9523,6982,1636.4263362385802
0.9523,6982,1435.2215688333508
0.9523,6982,1384.82768035283
0.9523,6982,1459.8815499317443
0.9523,6982,1436.6320487241417
0.9523,6982,1299.212853092513
0.9523,6982,1247.946970492492
0.9523,6982,1661.1415520319226
0.9523,6982,1675.6695369106374
0.9523,6982,1317.906437047149
0.9523,6982,1553.5785991809305
0.9523,6982,1537.60138611782
0.9523,6982,1642.7497637299168
0.9523,6982,1684.24981623438
0.9523,6982,1268.5180090307676
0.9523,6982,1138.5985508768244
0.9523,6982,1364.970387482936
0.9523,6982,1602.13220623753
0.9523,6982,1177.0828520424234
0.9523,6982,1551.56473800273
0.9523,6982,1593.573558752494
0.9523,6982,1433.902971752599
0.9523,6982,1509.3352934999473
0.9523,6982,1292.8085687283417
0.9523,6982,1262.783681612937
0.9523,6982,1248.047884070146
0.9523,6982,1602.191851307361
0.9523,6982,1465.7743358185446
0.9523,6982,1263.1494277013546
0.9523,6982,1597.1241205502467
0.9523,6982,1518.0904126850785
0.9523,6982,1363.369316391893
0.9523,6982,1399.2969652420456
0.9523,6982,1457.362910847422
0.9523,6982,1126.5109734327416
0.9523,6982,1229.2695579124224
0.9523,6982,1618.9453953586055
0.9523,6982,1515.2822639924393
0.9523,6982,1430.1438622282892
0.9523,6982,1454.2359550561796
0.9523,6982,1573.7593195421612
0.9523,6982,1652.8036333088312
0.9523,6982,1536.6235430011552
0.9523,6982,1479.093877979628
0.9523,6982,1502.409849837236
0.9523,6982,1417.1872309146277
0.9523,6982,1436.516118870104
0.9523,6982,1546.6684868213797
0.9523,6982,1431.4000840071403
0.9523,6982,1371.6530505092933
0.9523,6982,1419.2943400189015
0.9523,6982,1464.0865273548252
0.9523,6982,1586.306731072141
0.9523,6982,1127.826840281424
0.9523,6982,1437.6698519374147
0.9523,6982,1593.002625223144
0.9523,6982,1392.9175679932794
0.9523,6982,1544.732752283944
0.9523,6982,1565.136511603486
0.9523,6982,1656.6264832510765
0.9523,6982,1481.6938989814134
0.9523,6982,1255.6088417515489
0.9523,6982,1195.518744093248
0.9523,6982,1678.650530295075
0.9523,6982,1580.3389688123489
0.9523,6982,1326.780741363016
0.9523,6982,1651.0246770975532
0.9523,6982,1651.474850362281
0.9523,6982,1141.3642759634567
0.9523,6982,1371.7413630158562
0.9523,6982,1617.8159193531449
0.9523,6982,1660.9114774755851
0.9523,6982,1364.324267562743
0.9523,6982,1484.3434841961564
0.9523,6982,1505.394203507298
0.9523,6982,1417.1942665126537
0.9523,6982,1550.2490811718997
0.9523,6982,1643.911162448808
0.9523,6982,1124.7548041583534
0.9523,6982,1238.2890895726136
0.9523,6982,1362.840701459624
0.9523,6982,1442.8466869683923
0.9523,6982,1622.3967237215163
0.9523,6982,1534.2969652420456
0.9523,6982,1376.5419510658407
0.9523,6982,1467.4706500052505
0.9523,6982,1437.508348209598
0.9523,6982,1492.096188175995
0.9523,6982,1484.1251706395044
0.9523,6982,1498.0906227029295
0.9523,6982,1376.3897931324163
0.9523,6982,1243.6861283209073
0.9523,6982,1516.0328677937623
0.9523,6982,1371.9610416885434
0.9523,6982,1119.5917252966503
0.9523,6982,1622.3069410899925
0.9523,6982,1178.7657250866323
0.9523,6982,1419.0277223564
0.9523,6982,1185.3070460989184
0.9523,6982,1564.7794812559066
0.9523,6982,1382.117399978998
0.9523,6982,1450.902551716896
0.9523,6982,1541.3317231964716
0.9523,6982,1327.5270397983827
0.9523,6982,1458.359865588575
0.9523,6982,1370.1993069410898
0.9523,6982,1383.3922083377086
0.9523,6982,1602.3191221253803
0.9523,6982,1581.5762889845637
0.9523,6982,1616.838706290035
0.9523,6982,1249.902131681193
0.9523,6982,1423.7932374251811
0.9523,6982,1631.2623122965451
0.9523,6982,1515.8018481570932
0.9523,6982,1299.4518534075396
0.9523,6982,1340.8144492281845
0.9523,6982,1251.5810143862227
0.9523,6982,1140.646539955896
0.9523,6982,1497.4703349784731
0.9523,6982,1601.3315131786203
0.9523,6982,1515.2821589835137
0.9523,6982,1419.0375931954216
0.9523,6982,1485.4155203192272
0.9523,6982,1373.7965977108054
0.9523,6982,1349.8648535125485
0.9523,6982,1516.7073401239104
0.9523,6982,1452.0940879974796
0.9523,6982,1343.0453638559277
0.9523,6982,1432.139241835556
0.9523,6982,1643.9444502782735
0.9523,6982,1485.6068465819594
0.9523,6982,1462.7809513808672
0.9523,6982,1336.8378662186285
0.9523,6982,1330.862858342959
0.9523,6982,1247.026042213588
0.9523,6982,1648.435892050824
0.9523,6982,1656.5426861283208
0.9523,6982,1399.0945080331828
0.9523,6982,1278.578704189856
0.9523,6982,1461.6381392418357
0.9523,6982,1365.3408589730125
0.9523,6982,1238.2600021001783
0.9523,6982,1451.452063425391
0.9523,6982,1457.9156778326158
0.9523,6982,1254.11834505933
0.9523,6982,1429.8749343694217
0.9523,6982,1338.6500052504462
0.9523,6982,1587.8718891105743
0.9523,6982,1580.6959991599283
0.9523,6982,1634.345479365746
0.9523,6982,1292.825160138612
0.9523,6982,1639.9619867688752
0.9523,6982,1626.854142602121
0.9523,6982,1526.609681822955
0.9523,6982,1484.8405964506985
0.9523,6982,1504.088732542266
0.9523,6982,1340.0991284259162
0.9523,6982,1133.2153733067312
0.9523,6982,1606.1736847632046
0.9523,6982,1576.1801953166018
0.9523,6982,1603.4476530505092
0.9523,6982,1458.7687703454794
0.9523,6982,1439.8453218523575
0.9523,6982,1665.0967132206235
0.9523,6982,1140.0002100178515
0.9523,6982,1565.073821274808
0.9523,6982,1261.108789247086
0.9523,6982,1462.7219363645909
0.9523,6982,1266.2570618502573
0.9523,6982,1560.1808253701563
0.9523,6982,1121.6307886170323
0.9523,6982,1394.2005670481992
0.9523,6982,1419.2817389478107
0.9523,6982,1495.0906227029295
0.9523,6982,1628.911687493437
0.9523,6982,1481.7743358185444
0.9523,6982,1434.2083377087051
0.9523,6982,1599.9148377612096
0.9523,6982,1225.053659561063
0.9523,6982,1338.022996954741
0.9523,6982,1500.660506143022
0.9523,6982,1565.5780741363017
0.9523,6982,1227.629948545626
0.9523,6982,1477.9088522524414
0.9523,6982,1659.4602541216004
0.9523,6982,1582.583114564738
0.9523,6982,1328.3900031502676
0.9523,6982,1516.5893100913577
0.9523,6982,1639.3287829465503
0.9523,6982,1221.6810878924707
0.9523,6982,1396.1744198256852
0.9523,6982,1510.2064475480415
0.9523,6982,1351.419510658406
0.9523,6982,1234.4354720151211
0.9523,6982,1424.4141552031922
0.9523,6982,1138.9013966187126
0.9523,6982,1576.3708915257798
0.9523,6982,1421.6550456788827
0.9523,6982,1177.6496902236688
0.9523,6982,1406.1527879869789
0.9523,6982,1248.6467499737475
0.9523,6982,1113.5742938149742
0.9523,6982,1372.9697574293814
0.9523,6982,1292.6704819909692
0.9523,6982,1203.3292029822535
0.9523,6982,1184.3810773915782
0.9523,6982,1183.6169274388324
0.9523,6982,1386.7455633728866
0.9523,6982,1237.2374251811402
0.9523,6982,1276.96954741153
0.9523,6982,1393.093982988554
0.9523,6982,1372.2216738422765
0.9523,6982,1228.756274283314
0.9523,6982,1617.5216843431692
0.9523,6982,1587.361545731387
0.9523,6982,1658.2591620287724
0.9523,6982,1539.940249921243
0.9523,6982,1416.148587629949
0.9523,6982,1565.292869893941
0.9523,6982,1442.363225874199
0.9523,6982,1651.8936259582065
0.9523,6982,1556.344954321117
0.9523,6982,1437.9905491966815
0.9523,6982,1343.233644859813
0.9523,6982,1406.2020371731596
0.9523,6982,1463.1386117820014
0.9523,6982,1308.8889005565472
0.9523,6982,1203.932479260737
0.9523,6982,1352.9304840911475
0.9523,6982,1172.5780741363014
0.9523,6982,1571.7241415520318
0.9523,6982,1506.661451223354
0.9523,6982,1617.7662501312611
0.9523,6982,1444.1851307361123
0.9523,6982,1499.4348419615667
0.9523,6982,1540.244145752389
0.9523,6982,1271.379817284469
0.9523,6982,1324.8971962616822
0.9523,6982,1582.875984458679
0.9523,6982,1123.9776330988134
0.9523,6982,1672.490811718996
0.9523,6982,1678.5319752178934
0.9523,6982,1498.3428541426022
0.9523,6982,1624.4870313976687
0.9523,6982,1382.7785361755748
0.9523,6982,1371.0601701144597
0.9523,6982,1425.1920613252123
0.9523,6982,1514.202352199937
0.9523,6982,1595.1943715215791
0.9523,6982,1356.2447758059434
0.9523,6982,1559.5086632363752
0.9523,6982,1597.7217263467394
0.9523,6982,1284.4218208547727
0.9523,6982,1254.3922083377088
0.9523,6982,1498.6925338653784
0.9523,6982,1553.4033392838392
0.9523,6982,1243.0542896146171
0.9523,6982,1482.22975952956
0.9523,6982,1407.0358080436836
0.9523,6982,1407.361545731387
0.9523,6982,1463.097868318807
0.9523,6982,1364.851727396829
0.9523,6982,1558.639609366796
0.9523,6982,1481.9387797962825
0.9523,6982,1204.896461199202
0.9523,6982,1358.781476425496
0.9523,6982,1340.9092722881444
0.9523,6982,1171.0862123280478
0.9523,6982,1427.254541636039
0.9523,6982,1288.9406699569463
0.9523,6982,1510.515593825475
0.9523,6982,1191.6504252861494
0.9523,6982,1153.9141026987293
0.9523,6982,1244.691798802898
0.9523,6982,1307.5798592880394
0.9523,6982,1547.292029822535
0.9523,6982,1626.94949070671
0.9523,6982,1431.7125905701985
0.9523,6982,1609.19657670902
0.9523,6982,1615.9423500997586
0.9523,6982,1467.2294445027828
0.9523,6982,1482.3599705975007
0.9523,6982,1391.336238580279
0.9523,6982,1255.3465294550035
0.9523,6982,1523.7448283104063
0.9523,6982,1457.7533340333928
0.9523,6982,1466.03738317757
0.9523,6982,1499.5385907802165
0.9523,6982,1622.324162553817
0.9523,6982,1144.6128320907276
0.9523,6982,1656.417200462039
0.9523,6982,1261.398088837551
0.9523,6982,1197.0236270082958
0.9523,6982,1246.4732752283944
0.9523,6982,1423.9154678147645
0.9523,6982,1154.8573978788197
0.9523,6982,1621.9776330988134
0.9523,6982,1423.9901291609788
0.9523,6982,1553.4946970492492
0.9523,6982,1394.5467814764256
0.9523,6982,1209.4454478630682
0.9523,6982,1595.1477475585425
0.9523,6982,1297.6361440722462
0.9523,6982,1385.2832090727711
0.9523,6982,1443.9010815919353
0.9523,6982,1418.852042423606
0.9523,6982,1416.10794917568
0.9523,6982,1448.0110259372047
0.9523,6982,1636.891210752914
0.9523,6982,1670.3092512863593
0.9523,6982,1172.0742413105115
0.9523,6982,1411.0971332563267
0.9523,6982,1480.0680457838916
0.9523,6982,1475.234064895516
0.9523,6982,1369.056599810984
0.9523,6982,1216.9255486716372
0.9523,6982,1533.5951905912002
0.9523,6982,1656.5747138506772
0.9523,6982,1278.8644334768453
0.9523,6982,1172.823269977948
0.9523,6982,1617.3481045888898
0.9523,6982,1222.2122230389584
0.9523,6982,1356.8630683608103
0.9523,6982,1305.048724141552
0.9523,6982,1261.0897826315236
0.9523,6982,1243.1610836921138
0.9523,6982,1407.1142497112253
0.9523,6982,1483.2973852777486
0.9523,6982,1382.353880079807
0.9523,6982,1629.1032237740208
0.9523,6982,1404.8375511918514
0.9523,6982,1490.1060590150162
0.9523,6982,1230.2774335818544
0.9523,6982,1614.0363330883126
0.9523,6982,1479.93289929644
0.9523,6982,1475.956946340439
0.9523,6982,1426.2232489761627
0.9523,6982,1629.9536910637405
0.9523,6982,1380.0491441772551
0.9523,6982,1364.970387482936
0.9523,6982,1435.309776330988
0.9523,6982,1672.090412685078
0.9523,6982,1647.2007770660507
0.9523,6982,1345.9635619027615
0.9523,6982,1208.782841541531
0.9523,6982,1640.7210962931847
0.9523,6982,1524.248451118345
0.9523,6982,1551.554027092303
0.9523,6982,1225.174104798908
0.9523,6982,1604.4907067100703
0.9523,6982,1488.0702509713326
0.9523,6982,1265.7870418985617
0.9523,6982,1566.0036753124016
0.9523,6982,1267.600861073191
0.9523,6982,1437.3394938569777
0.9523,6982,1515.1506878084635
0.9523,6982,1397.8408064685498
0.9523,6982,1450.556547306521
0.9523,6982,1526.3322482411004
0.9523,6982,1521.514858762995
0.9523,6982,1418.4828310406383
0.9523,6982,1314.188806048514
0.9523,6982,1432.653575553922
0.9523,6982,1424.566523154468
0.9523,6982,1547.1142497112255
0.9523,6982,1389.475270397984
0.9523,6982,1356.213693163919
0.9523,6982,1469.7162658825998
0.9523,6982,1363.465609576814
0.9523,6982,1642.46644964822
0.9523,6982,1477.7011445972907
0.9523,6982,1681.8095138086735
0.9523,6982,1359.7179460254122
0.9523,6982,1597.6852882495011
0.9523,6982,1384.2392103328782
0.9523,6982,1533.087052399454
0.9523,6982,1356.3808673737267
0.9523,6982,1440.626588260002
0.9523,6982,1370.4619342644123
0.9523,6982,1509.7026147222514
0.9523,6982,1358.159298540376
0.9523,6982,1241.9940144912316
0.9523,6982,1644.2352199936995
0.9523,6982,1327.087472435157
0.9523,6982,1418.3235325002624
0.9523,6982,1398.9570513493643
0.9523,6982,1413.510448388113
0.9523,6982,1638.5697784311667
0.9523,6982,1274.4364170954532
0.9523,6982,1597.8222198886904
0.9523,6982,1419.5912002520215
0.9523,6982,1438.132836291085
0.9523,6982,1301.7990129160978
0.9523,6982,1663.7564843011655
0.9523,6982,1633.712695579124
0.9523,6982,1654.6686968392312
0.9523,6982,1384.828520424236
0.9523,6982,1561.198046833981
0.9523,6982,1453.0815919353145
0.9523,6982,1342.8743043158668
0.9523,6982,1193.03318282054
0.9523,6982,1145.0591200252022
0.9523,6982,1660.7210962931847
0.9523,6982,1585.5150687808464
0.9523,6982,1608.5304000840072
0.9523,6982,1202.0841121495323
0.9523,6982,1353.705764990024
0.9523,6982,1261.4815709335294
0.9523,6982,1637.3336133571354
0.9523,6982,1342.4169904441878
0.9523,6982,1398.2387902971752
0.9523,6982,1342.5527669851936
0.9523,6982,1516.1387167909272
0.9523,6982,1222.0028352409954
0.9523,6982,1362.5293499947495
0.9523,6982,1503.132836291085
0.9523,6982,1660.8861703244777
0.9523,6982,1486.1436522104375
0.9523,6982,1568.8105638979312
0.9523,6982,1489.4070145962407
0.9523,6982,1423.5051979418251
0.9523,6982,1353.9606216528405
0.9523,6982,1448.2451958416466
0.9523,6982,1638.364590990234
0.9523,6982,1463.7783261577235
0.9523,6982,1457.6851832405755
0.9523,6982,1133.709650320277
0.9523,6982,1284.5478315656828
0.9523,6982,1380.2371101543629
0.9523,6982,1424.8235850047254
0.9523,6982,1370.2196786726872
0.9523,6982,1625.1519479155727
0.9523,6982,1521.4224509083272
0.9523,6982,1389.493856977843
0.9523,6982,1492.7104903916832
0.9523,6982,1609.479050719311
0.9523,6982,1654.7315971857606
0.9523,6982,1279.743778221149
0.9523,6982,1165.028667436732
0.9523,6982,1408.0684658195946
0.9523,6982,1608.8169694424023
0.9523,6982,1640.8073086212328
0.9523,6982,1115.062690328678
0.9523,6982,1664.3009555812243
0.9523,6982,1455.2056074766356
0.9523,6982,1132.9546361440723
0.9523,6982,1553.948230599601
0.9523,6982,1407.9561062690327
0.9523,6982,1490.7640449438202
0.9523,6982,1484.9109524309565
0.9523,6982,1650.38548776646
0.9523,6982,1316.0161713745667
0.9523,6982,1439.211487976478
0.9523,6982,1431.1643389688122
0.9523,6982,1427.6339388848053
0.9523,6982,1358.1542581119395
0.9523,6982,1402.3640659456053
0.9523,6982,1648.2134831460671
0.9523,6982,1301.3775070881024
0.9523,6982,1205.122650425286
0.9523,6982,1648.3570303475794
0.9523,6982,1604.253806573559
0.9523,6982,1505.0276173474747
0.9523,6982,1215.0723511498477
0.9523,6982,1247.4740102908745
0.9523,6982,1292.1535230494592
0.9523,6982,1668.0009450803318
0.9523,6982,1481.0202667226715
0.9523,6982,1472.8399663971436
0.9523,6982,1486.43599705975
0.9523,6982,1245.4385172739685
0.9523,6982,1523.891210752914
0.9523,6982,1256.9008715740838
0.9523,6982,1170.4410374881866
0.9523,6982,1349.0926178725192
0.9523,6982,1353.7003045258846
0.9523,6982,1482.4265462564315
0.9523,6982,1456.910007350625
0.9523,6982,1269.2655675732435
0.9523,6982,1451.8070986033813
0.9523,6982,1325.2065525569674
0.9523,6982,1356.6246980993385
0.9523,6982,1257.210122860443
0.9523,6982,1263.069095873149
0.9523,6982,1343.9893940984985
0.9523,6982,1339.490811718996
0.9523,6982,1412.4914417725506
0.9523,6982,1420.83461094193
0.9523,6982,1619.478210647905
0.9523,6982,1438.8234799957995
0.9523,6982,1647.8162343799222
0.9523,6982,1451.4256011761
0.9523,6982,1673.8316706920089
0.9523,6982,1532.566103118765
0.9523,6982,1167.032447758059
0.9523,6982,1484.8357660401134
0.9523,6982,1356.6445447863068
0.9523,6982,1662.3518849102174
0.9523,6982,1411.6567258216949
0.9523,6982,1261.97374776856
0.9523,6982,1443.495432111729
0.9523,6982,1605.1428121390318
0.9523,6982,1281.4814659246035
0.9523,6982,1592.744933319332
0.9523,6982,1584.7500787566944
0.9523,6982,1523.070881024887
0.9523,6982,1467.5934054394622
0.9523,6982,1538.2577969127376
0.9523,6982,1510.9396198676886
0.9523,6982,1629.244145752389
0.9523,6982,1476.830305575974
0.9523,6982,1300.8459519059118
0.9523,6982,1640.8710490391682
0.9523,6982,1513.7490286674367
0.9523,6982,1516.382442507613
0.9523,6982,1424.8673737267668
0.9523,6982,1610.251601386118
0.9523,6982,1462.412895096083
0.9523,6982,1458.809828835451
0.9523,6982,1299.796387692954
0.9523,6982,1641.5266197626795
0.9523,6982,1400.6829780531343
0.9523,6982,1490.604746403444
0.9523,6982,1335.774545836396
0.9523,6982,1557.020896776226
0.9523,6982,1372.7573243725717
0.9523,6982,1240.595820644755
0.9523,6982,1422.1260107109104
0.9523,6982,1612.4438727291815
0.9523,6982,1136.2925548671635
0.9523,6982,1651.5937204662396
0.9523,6982,1366.183555602226
0.9523,6982,1262.64149952746
0.9523,6982,1609.1917462984352
0.9523,6982,1443.2379502257693
0.9523,6982,1639.3909482305996
0.9523,6982,1649.9858237950225
0.9523,6982,1499.266722671427
0.9523,6982,1584.1007035598025
0.9523,6982,1665.9938044733804
0.9523,6982,1365.8480520844273
0.9523,6982,1461.647905071931
0.9523,6982,1246.376351989919
0.9523,6982,1627.0550246770977
0.9523,6982,1259.7285519269135
0.9523,6982,1262.7949175679933
0.9523,6982,1393.474850362281
0.9523,6982,1141.8082537015646
0.9523,6982,1241.4106899086423
0.9523,6982,1640.0645804893416
0.9523,6982,1390.0259372046623
0.9523,6982,1122.932374251811
0.9523,6982,1421.8623332983304
0.9523,6982,1431.092197836816
0.9523,6982,1517.406489551612
0.9523,6982,1476.4867163708914
0.9523,6982,1265.9336343589205
0.9523,6982,1324.101438622283
0.9523,6982,1327.6342539115824
0.9523,6982,1639.0893625958206
0.9523,6982,1461.8003780321326
0.9523,6982,1218.4547936574609
0.9523,6982,1402.9243935734537
0.9523,6982,1415.3486296335186
0.9523,6982,1642.4833560852671
0.9523,6982,1275.4980573348737
0.9523,6982,1354.8436417095452
0.9523,6982,1248.809408799748
0.9523,6982,1343.633938884805
0.9523,6982,1277.7338023732018
0.9523,6982,1293.2255591725298
0.9523,6982,1384.917673002205
0.9523,6982,1612.6384542686128
0.9523,6982,1673.7176309986348
0.9523,6982,1442.6410794917567
0.9523,6982,1188.1408169694423
0.9523,6982,1363.9254436627111
0.9523,6982,1673.384647695054
0.9523,6982,1553.6785676782526
0.9523,6982,1561.7155308201195
0.9523,6982,1192.8526724771605
0.9523,6982,1541.4030242570616
0.9523,6982,1115.8126640764465
0.9523,6982,1632.5414260212117
0.9523,6982,1398.2977003045255
0.9523,6982,1441.2979103223774
0.9523,6982,1233.625223143967
0.9523,6982,1461.187860968182
0.9523,6982,1493.9660821169798
0.9523,6982,1173.0492491861808
0.9523,6982,1272.3034757954426
0.9523,6982,1424.8152892995904
0.9523,6982,1502.9375196891735
0.9523,6982,1633.2182085477264
0.9523,6982,1636.805313451643
0.9523,6982,1380.2373201722146
0.9523,6982,1512.3052609471806
0.9523,6982,1641.7663551401868
0.9523,6982,1318.682768035283
0.9523,6982,1248.989499107424
0.9523,6982,1344.8166544156252
0.9523,6982,1310.644019741678
0.9523,6982,1656.5371206552556
0.9523,6982,1175.2411004935418
0.9523,6982,1527.3287829465503
0.9523,6982,1641.6900136511604
0.9523,6982,1222.1167699254436
0.9523,6982,1369.002625223144
0.9523,6982,1557.5732437257166
0.9523,6982,1265.170534495432
0.9523,6982,1491.5505617977528
0.9523,6982,1472.5566523154469
0.9523,6982,1623.252441457524
0.9523,6982,1415.350204767405
0.9523,6982,1399.2969652420456
0.9523,6982,1412.297700304526
0.9523,6982,1622.1310511393467
0.9523,6982,1442.4638244250762
0.9523,6982,1122.8000630053557
0.9523,6982,1488.3069410899925
0.9523,6982,1284.086107319122
0.9523,6982,1253.789352094928
0.9523,6982,1431.9924393573451
0.9523,6982,1191.1817704504883
0.9523,6982,1429.7891420770763
0.9523,6982,1459.3345584374672
0.9523,6982,1459.1643389688124
0.9523,6982,1554.50729812034
0.9523,6982,1153.159298540376
0.9523,6982,1539.624488081487
0.9523,6982,1432.6761524729602
0.9523,6982,1136.5980258321956
0.9523,6982,1447.8847001995168
0.9523,6982,1341.8028982463509
0.9523,6982,1240.127900871574
0.9523,6982,1578.313346634464
0.9523,6982,1417.764990024152
0.9523,6982,1115.062690328678
0.9523,6982,1526.2278693688963
0.9523,6982,1513.9747978578175
0.9523,6982,1248.5511918513073
0.9523,6982,1276.1652840491442
0.9523,6982,1560.110994434527
0.9523,6982,1454.5742938149742
0.9523,6982,1408.6673317231964
0.9523,6982,1213.275753439042
0.9523,6982,1325.46644964822
0.9523,6982,1440.0266722671424
0.9523,6982,1442.4993174419824
0.9523,6982,1369.2276593510448
0.9523,6982,1437.3875879449754
0.9523,6982,1285.421190801218
0.9523,6982,1487.17231964717
0.9523,6982,1410.5592775385908
0.9523,6982,1429.8828100388532
0.9523,6982,1536.5053029507508
0.9523,6982,1477.1032237740208
0.9523,6982,1486.6738422765934
0.9523,6982,1418.0259372046623
0.9523,6982,1497.0206867583745
0.9523,6982,1565.239840386433
0.9523,6982,1649.8223248976162
0.9523,6982,1481.9228184395674
0.9523,6982,1278.940249921243
0.9523,6982,1495.0227869368896
0.9523,6982,1639.5259897091253
0.9523,6982,1662.7826315236796
0.9523,6982,1336.5606426546258
0.9523,6982,1248.2705029927545
0.9523,6982,1450.479470755014
0.9523,6982,1211.924183555602
0.9523,6982,1492.1833455843746
0.9523,6982,1444.4199306941089
0.9523,6982,1401.0108159193533
0.9523,6982,1459.5940354930167
0.9523,6982,1350.4807308621232
0.9523,6982,1371.3579754279112
0.9523,6982,1282.903391788302
0.9523,6982,1211.379502257692
0.9523,6982,1240.1824005040428
0.9523,6982,1329.4350519794182
0.9523,6982,1653.4122650425286
0.9523,6982,1209.0067205712485
0.9523,6982,1225.1911162448807
0.9523,6982,1460.4345269347891
0.9523,6982,1545.7090202667223
0.9523,6982,1637.0767615247296
0.9523,6982,1294.196156673317
0.9523,6982,1430.643914732752
0.9523,6982,1256.608421715846
0.9523,6982,1221.3910532395253
0.9523,6982,1431.0737162658825
0.9523,6982,1665.502152682978
0.9523,6982,1333.8425916202875
0.9523,6982,1592.012601071091
0.9523,6982,1270.3671112044524
0.9523,6982,1362.444712800588
0.9523,6982,1357.032132731282
0.9523,6982,1668.2755434211906
0.9523,6982,1114.3164969022368
0.9523,6982,1600.0661556232278
0.9523,6982,1434.3490496692218
0.9523,6982,1401.3645909902343
0.9523,6982,1133.077811613987
0.9523,6982,1681.8487871469076
0.9523,6982,1190.776856032763
0.9523,6982,1556.9331093142916
0.9523,6982,1510.320487241415
0.9523,6982,1508.2089677622596
0.9523,6982,1164.0549196681718
0.9523,6982,1261.6203927333822
0.9523,6982,1124.020896776226
0.9523,6982,1262.1470124960622
0.9523,6982,1386.3617557492385
0.9523,6982,1494.0946130421084
0.9523,6982,1375.37162658826
0.9523,6982,1294.8451118345058
0.9523,6982,1690.2020371731596
0.9523,6982,1626.13567153208
0.9523,6982,1226.3761419720674
0.9523,6982,1601.8026882284994
0.9523,6982,1376.9333193321431
0.9523,6982,1443.184395673632
0.9523,6982,1600.6082116979942
0.9523,6982,1436.0516643914732
0.9523,6982,1590.9108474220309
0.9523,6982,1471.755959256537
0.9523,6982,1422.569148377612
0.9523,6982,1129.9800483041058
0.9523,6982,1608.471595085582
0.9523,6982,1284.231964717001
0.9523,6982,1382.3392838391262
0.9523,6982,1116.6651265357557
0.9523,6982,1644.4054394623545
0.9523,6982,1490.970807518639
0.9523,6982,1633.4346319437152
0.9523,6982,1559.6915887850466
0.9523,6982,1457.2508663236374
0.9523,6982,1465.9702824740102
0.9523,6982,1631.4112149532712
0.9523,6982,1340.7243515698833
0.9523,6982,1247.7447233014807
0.9523,6982,1438.6924288564528
0.9523,6982,1364.2037173159715
0.9523,6982,1397.617452483461
0.9523,6982,1435.0137561692743
0.9523,6982,1650.4023942035074
0.9523,6982,1123.288459519059
0.9523,6982,1381.3479995799642
0.9523,6982,1237.9953796072666
0.9523,6982,1421.7087052399454
0.9523,6982,1295.078861703245
0.9523,6982,1287.8969862438307
0.9523,6982,1534.374776856033
0.9523,6982,1514.6198676887534
0.9523,6982,1537.2882495012077
0.9523,6982,1465.2991704294864
0.9523,6982,1314.6304735902552
0.9523,6982,1342.3565053029506
0.9523,6982,1604.447863068361
0.9523,6982,1525.465084532185
0.9523,6982,1269.945920403234
0.9523,6982,1347.7460884175157
0.9523,6982,1638.059540060905
0.9523,6982,1281.6042213588155
0.9523,6982,1524.3311981518427
0.9523,6982,1303.838391263257
0.9523,6982,1560.0829570513492
0.9523,6982,1342.636249081172
0.9523,6982,1348.9102173684762
0.9523,6982,1655.0402184185657
0.9523,6982,1368.051559382547
0.9523,6982,1441.9585214743254
0.9523,6982,1484.1251706395044
0.9523,6982,1550.9150477790613
0.9523,6982,1400.9341594035493
0.9523,6982,1470.0706710070356
0.9523,6982,1320.3664811508977
0.9523,6982,1643.404704399874
0.9523,6982,1393.164023942035
0.9523,6982,1546.5077181560432
0.9523,6982,1457.9232384752704
0.9523,6982,1389.0910427386327
0.9523,6982,1554.3053659561062
0.9523,6982,1181.693583954636
0.9523,6982,1521.5990759214533
0.9523,6982,1590.4180405334453
0.9523,6982,1580.281528929959
0.9523,6982,1330.799432951801
0.9523,6982,1318.9300640554447
0.9523,6982,1676.5706185025726
0.9523,6982,1490.0827470334978
0.9523,6982,1468.7424131051137
0.9523,6982,1363.0872624173055
0.9523,6982,1424.0924078546675
0.9523,6982,1420.3001155098182
0.9523,6982,1373.1713745668385
0.9523,6982,1632.8083587104902
0.9523,6982,1634.6761524729602
0.9523,6982,1240.6618712590569
0.9523,6982,1398.6914837761208
0.9523,6982,1407.2697679302742
0.9523,6982,1681.3989289089573
0.9523,6982,1445.5300850572296
0.9523,6982,1282.8581329413
0.9523,6982,1564.3774020791766
0.9523,6982,1520.1586684868212
0.9523,6982,1178.2992754384122
0.9523,6982,1486.1974167804265
0.9523,6982,1505.2311246455947
0.9523,6982,1411.697049249186
0.9523,6982,1395.2438307256118
0.9523,6982,1620.8278903706814
0.9523,6982,1656.3069410899925
0.9523,6982,1441.7104903916834
0.9523,6982,1656.526934789457
0.9523,6982,1433.2495012076024
0.9523,6982,1576.3621757849417
0.9523,6982,1652.060800168014
0.9523,6982,1646.866848682138
0.9523,6982,1526.077076551507
0.9523,6982,1471.5837446182925
0.9523,6982,1327.0989184080647
0.9523,6982,1654.818859603066
0.9523,6982,1366.1424971122544
0.9523,6982,1541.8129791032236
0.9523,6982,1444.9075921453325
0.9523,6982,1506.3183870629005
0.9523,6982,1381.7262417305471
0.9523,6982,1559.3110364380973
0.9523,6982,1277.8965662081278
0.9523,6982,1302.5490916727922
0.9523,6982,1482.4283314081697
0.9523,6982,1360.4997374776856
0.9523,6982,1588.364590990234
0.9523,6982,1623.4518534075396
0.9523,6982,1459.8057334873463
0.9523,6982,1394.622492911897
0.9523,6982,1363.1030137561693
0.9523,6982,1407.0719311141447
0.9523,6982,1654.0098708390212
0.9523,6982,1639.4106899086423
0.9523,6982,1683.0099758479469
0.9523,6982,1332.138821799853
0.9523,6982,1623.9088522524414
0.9523,6982,1424.6761524729602
0.9523,6982,1653.8440617452482
0.9523,6982,1323.3309881339917
0.9523,6982,1522.3398088837553
0.9523,6982,1246.9432951800902
0.9523,6982,1465.06090517694
0.9523,6982,1473.131366166124
0.9523,6982,1437.0624803108262
0.9523,6982,1205.2367951275858
0.9523,6982,1522.1851307361126
0.9523,6982,1162.8291504777906
0.9523,6982,1652.728026882285
0.9523,6982,1447.456473800273
0.9523,6982,1421.9716475900452
0.9523,6982,1539.1768350309776
0.9523,6982,1617.4904966922188
0.9523,6982,1506.6080016801427
0.9523,6982,1634.4953271028037
0.9523,6982,1215.5244145752388
0.9523,6982,1495.7403129265986
0.9523,6982,1505.4951170849522
0.9523,6982,1142.3202772235638
0.9523,6982,1447.8817599495958
0.9523,6982,1424.3977738107735
0.9523,6982,1588.5732437257166
0.9523,6982,1350.124855612727
0.9523,6982,1392.668801848157
0.9523,6982,1443.2583219573662
0.9523,6982,1517.365011025937
0.9523,6982,1489.1112044523784
0.9523,6982,1429.0996534705448
0.9523,6982,1404.958626483251
0.9523,6982,1267.3001155098182
0.9523,6982,1574.9782631523678
0.9523,6982,1626.202562217789
0.9523,6982,1476.9603066260631
0.9523,6982,1267.2300745563373
0.9523,6982,1424.2956001260106
0.9523,6982,1224.6211277958623
0.9523,6982,1574.6312086527355
0.9523,6982,1560.008295705135
0.9523,6982,1669.3053659561062
0.9523,6982,1420.5180090307674
0.9523,6982,1328.204557387378
0.9523,6982,1522.8382862543317
0.9523,6982,1623.6654415625328
0.9523,6982,1550.8631733697364
0.9523,6982,1650.9205082432004
0.9523,6982,1177.6020161713743
0.9523,6982,1306.081801953166
0.9523,6982,1644.3509398298856
0.9523,6982,1601.4369421400818
0.9523,6982,1243.2659876089467
0.9523,6982,1397.7365326052711
0.9523,6982,1222.8417515488816
0.9523,6982,1335.0744513283628
0.9523,6982,1628.36123070461
0.9523,6982,1336.5606426546258
0.9523,6982,1424.4428226399243
0.9523,6982,1570.453008505723
0.9523,6982,1642.747558542476
0.9523,6982,1266.6916937939725
0.9523,6982,1633.4346319437152
0.9523,6982,1588.527459834086
0.9523,6982,1362.3435892050825
0.9523,6982,1494.9675522419404
0.9523,6982,1556.3892680877873
0.9523,6982,1277.06783576604
0.9523,6982,1384.2195736637614
0.9523,6982,1345.7054499632468
0.9523,6982,1534.699254436627
0.9523,6982,1484.2252441457522
0.9523,6982,1416.1978368161292
0.9523,6982,1509.1432321747347
0.9523,6982,1467.496062165284
0.9523,6982,1407.9884490181664
0.9523,6982,1211.001680142812
0.9523,6982,1154.7130106059014
0.9523,6982,1208.861178200147
0.9523,6982,1243.4463929434005
0.9523,6982,1403.5095033077812
0.9523,6982,1397.9213483146068
0.9523,6982,1530.8288354510132
0.9523,6982,1214.6556757324372
0.9523,6982,1540.612727081802
0.9523,6982,1546.9762679827786
0.9523,6982,1645.4057544891316
0.9523,6982,1398.4950120760266
0.9523,6982,1429.951800903077
0.9523,6982,1610.1318912107529
0.9523,6982,1252.7095453113516
0.9523,6982,1233.463614407225
0.9523,6982,1490.8472120130211
0.9523,6982,1291.40554447128
0.9523,6982,1457.258847001995
0.9523,6982,1383.4797857817914
0.9523,6982,1177.9019216633412
0.9523,6982,1440.2042423606006
0.9523,6982,1427.2169484406174
0.9523,6982,1363.4700199516958
0.9523,6982,1424.9796282684028
0.9523,6982,1276.902551716896
0.9523,6982,1172.072771185551
0.9523,6982,1487.5964506983091
0.9523,6982,1387.3819174629843
0.9523,6982,1302.4397773810774
0.9523,6982,1358.9363645909905
0.9523,6982,1602.9723826525255
0.9523,6982,1479.4056494802055
0.9523,6982,1485.7805313451645
0.9523,6982,1545.2873044208757
0.9523,6982,1648.2708180195316
0.9523,6982,1452.483881129896
0.9523,6982,1327.6423395988656
0.9523,6982,1298.0396933739366
0.9523,6982,1248.135356505303
0.9523,6982,1265.7698204347369
0.9523,6982,1664.0056704819908
0.9523,6982,1328.104378872204
0.9523,6982,1243.2626273233225
0.9523,6982,1239.5433161818753
0.9523,6982,1567.3513598655886
0.9523,6982,1671.2137981728447
0.9523,6982,1255.6581959466555
0.9523,6982,1603.6913787671951
0.9523,6982,1277.4432426756273
0.9523,6982,1424.2720781266407
0.9523,6982,1541.002520214218
0.9523,6982,1474.606951590885
0.9523,6982,1583.2755434211908
0.9523,6982,1268.1254856662815
0.9523,6982,1347.5619027617347
0.9523,6982,1404.5050929328993
0.9523,6982,1629.9457103853829
0.9523,6982,1305.5244145752388
0.9523,6982,1397.5426861283208
0.9523,6982,1257.6216528404914
0.9523,6982,1264.9614617242466
0.9523,6982,1531.601281108894
0.9523,6982,1452.5584374671848
0.9523,6982,1312.4445027827364
0.9523,6982,1548.537435682033
0.9523,6982,1418.303685813294
0.9523,6982,1243.3544051244355
0.9523,6982,1436.156988344009
0.9523,6982,1428.1369316391892
0.9523,6982,1645.5587524939615
0.9523,6982,1506.2147432531765
0.9523,6982,1281.031292659876
0.9523,6982,1247.5525569673423
0.9523,6982,1330.7438832300743
0.9523,6982,1599.0134411424972
0.9523,6982,1235.1380867373723
0.9523,6982,1276.180405334453
0.9523,6982,1648.3352934999475
0.9523,6982,1125.2686128320906
0.9523,6982,1455.1906962091778
0.9523,6982,1628.4931219153627
0.9523,6982,1132.218943610207
0.9523,6982,1433.594035493017
0.9523,6982,1602.13220623753
0.9523,6982,1471.332353250026
0.9523,6982,1488.1586684868214
0.9523,6982,1463.7783261577235
0.9523,6982,1568.502257691904
0.9523,6982,1655.3696314186705
0.9523,6982,1487.336868633834
0.9523,6982,1428.4697049249185
0.9523,6982,1397.008295705135
0.9523,6982,1404.513808673737
0.9523,6982,1425.6593510448388
0.9523,6982,1536.9457103853829
0.9523,6982,1560.8239000315025
0.9523,6982,1295.4218208547727
0.9523,6982,1470.3055759739575
0.9523,6982,1645.455738737793
0.9523,6982,1386.2242990654206
0.9523,6982,1433.78410164864
0.9523,6982,1243.261367216213
0.9523,6982,1247.9333193321431
0.9523,6982,1447.1392418355558
0.9523,6982,1513.9563162868844
0.9523,6982,1421.8277853617556
0.9523,6982,1626.1591935314502
0.9523,6982,1410.2930799117923
0.9523,6982,1487.0322377402078
0.9523,6982,1289.4678147642549
0.9523,6982,1256.0952430956631
0.9523,6982,1644.4054394623545
0.9523,6982,1599.1755749238685
0.9523,6982,1522.27753859078
0.9523,6982,1307.018796597711
0.9523,6982,1395.9626168224297
0.9523,6982,1244.5446812979103
0.9523,6982,1631.0843221673842
0.9523,6982,1631.4466029612518
0.9523,6982,1380.0990234169903
0.9523,6982,1541.9292239840386
0.9523,6982,1233.8878504672898
0.9523,6982,1293.374461829255
0.9523,6982,1199.3148167594245
0.9523,6982,1576.0681507928173
0.9523,6982,1640.796387692954
0.9523,6982,1372.5388007980678
0.9523,6982,1112.7317021946865
0.9523,6982,1416.5237845216843
0.9523,6982,1463.1247506038012
0.9523,6982,1609.4778956211278
0.9523,6982,1594.423290979733
0.9523,6982,1408.0906227029295
0.9523,6982,1433.905701984669
0.9523,6982,1440.0532395253597
0.9523,6982,1627.418250551297
0.9523,6982,1370.2816339388849
0.9523,6982,1357.7742308096188
0.9523,6982,1145.1543631208654
0.9523,6982,1520.755014176205
0.9523,6982,1491.0328677937623
0.9523,6982,1448.9994749553712
0.9523,6982,1113.2749133676364
0.9523,6982,1121.3040008400717
0.9523,6982,1519.005775490917
0.9523,6982,1221.9419300640552
0.9523,6982,1380.9930694108998
0.9523,6982,1666.036963141867
0.9523,6982,1285.1729497007243
0.9523,6982,1511.273653260527
0.9523,6982,1505.607476635514
0.9523,6982,1351.804263362386
0.9523,6982,1634.423816024362
0.9523,6982,1160.2500262522312
0.9523,6982,1329.8465819594664
0.9523,6982,1600.115299800483
0.9523,6982,1342.8457418880605
0.9523,6982,1496.6599810983932
0.9523,6982,1504.5110784416677
0.9523,6982,1270.046938989814
0.9523,6982,1533.6433896881233
0.9523,6982,1373.200987083902
0.9523,6982,1422.7259267037698
0.9523,6982,1323.7942875144388
0.9523,6982,1422.4280163813924
0.9523,6982,1547.6476950540796
0.9523,6982,1586.0425286149325
0.9523,6982,1624.4681297910322
0.9523,6982,1605.2143232174735
0.9523,6982,1647.5282999054918
0.9523,6982,1309.4170954531137
0.9523,6982,1639.7090202667223
0.9523,6982,1242.835976057965
0.9523,6982,1454.051769400399
0.9523,6982,1360.7560642654626
0.9523,6982,1624.2777486086318
0.9523,6982,1461.2092827890372
0.9523,6982,1481.1477475585425
0.9523,6982,1221.102698729392
0.9523,6982,1252.7095453113516
0.9523,6982,1667.2283944135252
0.9523,6982,1383.407749658721
0.9523,6982,1509.646119920193
0.9523,6982,1443.3791872309146
0.9523,6982,1122.9464454478632
0.9523,6982,1654.5637929223983
0.9523,6982,1481.4698099338443
0.9523,6982,1555.879029717526
0.9523,6982,1379.5985508768244
0.9523,6982,1596.218838601281
0.9523,6982,1489.1544681297908
0.9523,6982,1512.6818229549513
0.9523,6982,1476.409429801533
0.9523,6982,1440.2164233959886
0.9523,6982,1284.0459939094824
0.9523,6982,1609.946445447863
0.9523,6982,1660.3895831145649
0.9523,6982,1192.848052084427
0.9523,6982,1498.6376141972066
0.9523,6982,1409.0984983723615
0.9523,6982,1541.9689173579752
0.9523,6982,1438.076551506878
0.9523,6982,1429.952850992334
0.9523,6982,1429.4131051139343
0.9523,6982,1223.0814869263888
0.9523,6982,1666.7224614092197
0.9523,6982,1179.583954636144
0.9523,6982,1428.0527144807309
0.9523,6982,1611.4279113724665
0.9523,6982,1632.579229234485
0.9523,6982,1413.283629108474
0.9523,6982,1582.583114564738
0.9523,6982,1241.2252441457524
0.9523,6982,1335.2881444922818
0.9523,6982,1408.9968497322272
0.9523,6982,1543.7639399348946
0.9523,6982,1266.189751128846
0.9523,6982,1505.924498582379
0.9523,6982,1479.4576288984565
0.9523,6982,1576.3261577234064
0.9523,6982,1638.2745983408588
0.9523,6982,1452.3595505617975
0.9523,6982,1474.326367741258
0.9523,6982,1519.6508453218523
0.9523,6982,1137.3539850887323
0.9523,6982,1643.2205187440932
0.9523,6982,1230.7265567573245
0.9523,6982,1493.281948965662
0.9523,6982,1365.5006825580174
0.9523,6982,1506.863278378662
0.9523,6982,1359.4395673632257
0.9523,6982,1226.6790927228817
0.9523,6982,1391.4361020686756
0.9523,6982,1499.2864643494695
0.9523,6982,1473.8647485036229
0.9523,6982,1561.3247926073716
0.9523,6982,1178.53428541426
0.9523,6982,1371.316811929014
0.9523,6982,1387.8630683608108
0.9523,6982,1396.8161293709966
0.9523,6982,1675.6243830725612
0.9523,6982,1550.6240680457838
0.9523,6982,1625.0383282579016
0.9523,6982,1457.1637089152578
0.9523,6982,1508.1268507823163
0.9523,6982,1614.971332563268
0.9523,6982,1546.3370786516855
0.9523,6982,1662.9134726451748
0.9523,6982,1340.8482621022786
0.9523,6982,1226.194476530505
0.9523,6982,1343.977423080962
0.9523,6982,1648.0618502572718
0.9523,6982,1539.0353880079806
0.9523,6982,1520.174104798908
0.9523,6982,1611.7456683818125
0.9523,6982,1648.259372046624
0.9523,6982,1575.9731177150056
0.9523,6982,1328.2191536280584
0.9523,6982,1414.2547516538905
0.9523,6982,1220.3532500262522
0.9523,6982,1113.0666806678569
0.9523,6982,1348.6300535545522
0.9523,6982,1489.6782526514753
0.9523,6982,1311.8099338443767
0.9523,6982,1454.9693373936784
0.9523,6982,1387.6949490706709
0.9523,6982,1499.2918198046832
0.9523,6982,1333.698414365221
0.9523,6982,1408.361125695684
0.9523,6982,1141.9767930274072
0.9523,6982,1633.1401869158876
0.9523,6982,1549.2248241100494
0.9523,6982,1278.9804683398088
0.9523,6982,1238.3361335713537
0.9523,6982,1653.226714270713
0.9523,6982,1332.0238370261472
0.9523,6982,1451.872834190906
0.9523,6982,1425.1833455843746
0.9523,6982,1519.0114459729075
0.9523,6982,1448.8457418880605
0.9523,6982,1571.2444607791665
0.9523,6982,1403.494382022472
0.9523,6982,1452.4128950960833
0.9523,6982,1514.698309356295
0.9523,6982,1429.0945080331828
0.9523,6982,1542.3164969022366
0.9523,6982,1477.090832720781
0.9523,6982,1376.406384542686
0.9523,6982,1421.4249711225457
0.9523,6982,1488.4687598445869
0.9523,6982,1565.530505092933
0.9523,6982,1592.9966397143758
0.9523,6982,1466.8878504672898
0.9523,6982,1603.7599495957156
0.9523,6982,1350.1422870944032
0.9523,6982,1497.108789247086
0.9523,6982,1644.1925863698414
0.9523,6982,1240.9715425811194
0.9523,6982,1534.0013651160348
0.9523,6982,1350.2945500367532
0.9523,6982,1459.389898141342
0.9523,6982,1429.9189331093144
0.9523,6982,1406.2064475480415
0.9523,6982,1585.6027512338546
0.9523,6982,1565.8779796282683
0.9523,6982,1259.9318492071827
0.9523,6982,1477.6577759109523
0.9523,6982,1178.6420245720888
0.9523,6982,1264.8872204137351
0.9523,6982,1448.5951905912002
0.9523,6982,1111.1977318072036
0.9523,6982,1406.1892260842171
0.9523,6982,1232.3688963561904
0.9523,6982,1657.9315341804052
0.9523,6982,1278.997794812559
0.9523,6982,1569.4022891945815
0.9523,6982,1428.781161398719
0.9523,6982,1366.4883965137035
0.9523,6982,1483.3549301690643
0.9523,6982,1213.5080331828206
0.9523,6982,1269.1808253701563
0.9523,6982,1509.194686548357
0.9523,6982,1433.9826735272495
0.9523,6982,1584.116664916518
0.9523,6982,1358.5592775385908
0.9523,6982,1332.8360810668908
0.9523,6982,1189.2482411004935
0.9523,6982,1666.7868318807098
0.9523,6982,1388.9430851622387
0.9523,6982,1408.7553292029822
0.9523,6982,1680.492071826105
0.9523,6982,1486.1629738527774
0.9523,6982,1554.8662186285835
0.9523,6982,1488.7403129265988
0.9523,6982,1515.509398298855
0.9523,6982,1506.7543841226504
0.9523,6982,1255.776856032763
0.9523,6982,1311.7167909272289
0.9523,6982,1507.776856032763
0.9523,6982,1353.8925758689488
0.9523,6982,1210.9066470650005
0.9523,6982,1526.5322902446708
0.9523,6982,1367.3395988659036
0.9523,6982,1588.9480205817492
0.9523,6982,1578.5562322797437
0.9523,6982,1259.1306311036435
0.9523,6982,1150.7163708915257
0.9523,6982,1586.969967447233
0.9523,6982,1629.37855717736
0.9523,6982,1572.4705449963246
0.9523,6982,1210.8988764044943
0.9523,6982,1421.532605271448
0.9523,6982,1558.5941405019423
0.9523,6982,1113.807203612307
0.9523,6982,1454.1060590150164
0.9523,6982,1240.9404599390946
0.9523,6982,1612.35850047254
0.9523,6982,1416.794602541216
0.9523,6982,1186.5285099233436
0.9523,6982,1637.3866428646436
0.9523,6982,1387.8475270397985
0.9523,6982,1441.2261892260842
0.9523,6982,1116.288039483356
0.9523,6982,1276.227134306416
0.9523,6982,1385.5311351464873
0.9523,6982,1222.1164548986665
0.9523,6982,1297.6081066890686
0.9523,6982,1599.2272393153416
0.9523,6982,1442.989919143127
0.9523,6982,1655.3098813399138
0.9523,6982,1481.7473485246246
0.9523,6982,1472.271028037383
0.9523,6982,1275.8074136301584
0.9523,6982,1682.1276908537225
0.9523,6982,1172.7255066680666
0.9523,6982,1331.6259582064476
0.9523,6982,1514.809303790822
0.9523,6982,1339.5754489131575
0.9523,6982,1438.183975637929
0.9523,6982,1563.2969652420454
0.9523,6982,1466.4366271133044
0.9523,6982,1430.609786831881
0.9523,6982,1319.1637089152578
0.9523,6982,1519.2817389478105
0.9523,6982,1498.2529665021525
0.9523,6982,1504.4875564422975
0.9523,6982,1533.5985508768244
0.9523,6982,1535.4271763099864
0.9523,6982,1336.0924078546675
0.9523,6982,1646.7557492386852
0.9523,6982,1575.3740417935524
0.9523,6982,1195.560957681403
0.9523,6982,1405.278903706815
0.9523,6982,1327.487766460149
0.9523,6982,1569.6906437047148
0.9523,6982,1499.630368581329
0.9523,6982,1355.119185130736
0.9523,6982,1638.1016486401345
0.9523,6982,1536.8187545941405
0.9523,6982,1625.2244040743462
0.9523,6982,1264.9575763939931
0.9523,6982,1485.737582694529
0.9523,6982,1645.943820224719
0.9523,6982,1344.5347054499632
0.9523,6982,1293.1986768875354
0.9523,6982,1404.5064580489343
0.9523,6982,1519.0380132311243
0.9523,6982,1164.654835661031
0.9523,6982,1592.7908222198885
0.9523,6982,1182.9552661976268
0.9523,6982,1518.415100283524
0.9523,6982,1311.822849942245
0.9523,6982,1163.575238895306
0.9523,6982,1297.8504672897195
0.9523,6982,1392.0705659981095
0.9523,6982,1345.8573978788197
0.9523,6982,1585.8102488711538
0.9523,6982,1573.4058594980572
0.9523,6982,1192.2720781266407
0.9523,6982,1350.432951800903
0.9523,6982,1515.2814239210334
0.9523,6982,1151.993489446603
0.9523,6982,1262.0891525779691
0.9523,6982,1449.7928173894782
0.9523,6982,1465.4852462459307
0.9523,6982,1602.1010185865798
0.9523,6982,1643.0995484616192
0.9523,6982,1585.3130316076868
0.9523,6982,1119.32804788407
0.9523,6982,1533.5381707445133
0.9523,6982,1414.684343169169
0.9523,6982,1307.5411109944343
0.9523,6982,1438.5789142077076
0.9523,6982,1525.5523469494906
0.9523,6982,1303.6623963036857
0.9523,6982,1440.2698729391998
0.9523,6982,1530.2726031712696
0.9523,6982,1398.3452693478944
0.9523,6982,1356.692323847527
0.9523,6982,1123.55087682453
0.9523,6982,1599.3896881234905
0.9523,6982,1537.6179775280898
0.9523,6982,1344.1580384332667
0.9523,6982,1433.6451748398613
0.9523,6982,1296.957366376142
0.9523,6982,1276.6156673317232
0.9523,6982,1380.0218418565578
0.9523,6982,1645.778851202352
0.9523,6982,1418.970912527565
0.9523,6982,1657.883335083482
0.9523,6982,1475.5185340753962
0.9523,6982,1659.272813189121
0.9523,6982,1428.8713640659455
0.9523,6982,1407.6712170534497
0.9523,6982,1528.3676362490812
0.9523,6982,1412.44219258637
0.9523,6982,1610.6604011340962
0.9523,6982,1668.2721831355664
0.9523,6982,1402.67615247296
0.9523,6982,1510.4032342749133
0.9523,6982,1624.1739997899822
0.9523,6982,1155.2043473695264
0.9523,6982,1374.2844691798805
0.9523,6982,1236.2687178410165
0.9523,6982,1318.417725506668
0.9523,6982,1569.170534495432
0.9523,6982,1622.52042423606
0.9523,6982,1257.3858027932374
0.9523,6982,1329.613042108579
0.9523,6982,1263.8917357975429
0.9523,6982,1661.8204347369526
0.9523,6982,1261.251916412895
0.9523,6982,1539.1672792187337
0.9523,6982,1364.2831040638453
0.9523,6982,1222.7804263362386
0.9523,6982,1334.5519269137876
0.9523,6982,1348.809828835451
0.9523,6982,1547.6476950540796
0.9523,6982,1532.8652735482517
0.9523,6982,1329.6506353040008
0.9523,6982,1635.719311141447
0.9523,6982,1309.107844166754
0.9523,6982,1430.0484091147748
0.9523,6982,1490.801953166019
0.9523,6982,1292.5472015121286
0.9523,6982,1590.116139871889
0.9523,6982,1588.821589835136
0.9523,6982,1455.7846266932688
0.9523,6982,1556.3543001155097
0.9523,6982,1596.515173789772
0.9523,6982,1421.6633413840177
0.9523,6982,1536.3425391158248
0.9523,6982,1565.2365851097345
0.9523,6982,1216.3947285519268
0.9523,6982,1582.7086002310198
0.9523,6982,1173.4162553817075
0.9523,6982,1183.1432321747347
0.9523,6982,1541.3621757849417
0.9523,6982,1684.6304735902552
0.9523,6982,1550.5347054499632
0.9523,6982,1489.9061220203716
0.9523,6982,1503.470860023102
0.9523,6982,1496.0534495432112
0.9523,6982,1390.0372781686444
0.9523,6982,1444.6240680457838
0.9523,6982,1242.9523259477055
0.9523,6982,1543.319857187861
0.9523,6982,1631.2520214218207
0.9523,6982,1212.3488396513703
0.9523,6982,1430.06783576604
0.9523,6982,1590.1721096293184
0.9523,6982,1517.805943505198
0.9523,6982,1302.819699674472
0.9523,6982,1278.8223248976162
0.9523,6982,1452.7289719626167
0.9523,6982,1509.4365221043788
0.9523,6982,1415.9087472435156
0.9523,6982,1388.6342539115826
0.9523,6982,1431.8786096818228
0.9523,6982,1453.9005565473065
0.9523,6982,1248.1887010395883
0.9523,6982,1255.524729602016
0.9523,6982,1657.1969967447233
0.9523,6982,1133.5566523154469
0.9523,6982,1632.2032972802688
0.9523,6982,1641.6803528299904
0.9523,6982,1248.8542476110467
0.9523,6982,1369.4367321222303
0.9523,6982,1250.3721516328887
0.9523,6982,1243.0525044628794
0.9523,6982,1677.6381392418357
0.9523,6982,1329.912947600546
0.9523,6982,1351.6604011340964
0.9523,6982,1504.3913682663026
0.9523,6982,1213.924813609157
0.9523,6982,1436.7939724876614
0.9523,6982,1422.587839966397
0.9523,6982,1339.5219993699463
0.9523,6982,1320.4644544786306
0.9523,6982,1233.9275438412265
0.9523,6982,1559.3383387587946
0.9523,6982,1511.1848157093352
0.9523,6982,1466.6520004200356
0.9523,6982,1429.985928803948
0.9523,6982,1379.0520844271764
0.9523,6982,1558.1833455843746
0.9523,6982,1240.1964717000944
0.9523,6982,1114.0233119815182
0.9523,6982,1440.3939934894463
0.9523,6982,1374.8994014491232
0.9523,6982,1266.9767930274072
0.9523,6982,1632.6194476530504
0.9523,6982,1115.7200462039273
0.9523,6982,1441.7515488816548
0.9523,6982,1606.5775490916728
0.9523,6982,1431.361650740313
0.9523,6982,1262.2769085372256
0.9523,6982,1483.6363540900977
0.9523,6982,1423.0111309461304
0.9523,6982,1441.976057964927
0.9523,6982,1296.127060800168
0.9523,6982,1431.587419930694
0.9523,6982,1262.305050929329
0.9523,6982,1538.1332563267877
0.9523,6982,1491.021211803003
0.9523,6982,1437.345584374672
0.9523,6982,1442.9427701354614
0.9523,6982,1198.6159823585003
0.9523,6982,1659.46644964822
0.9523,6982,1359.8306206027512
0.9523,6982,1440.7301270608
0.9523,6982,1208.68234799958
0.9523,6982,1658.8225349154677
0.9523,6982,1153.1003885330254
0.9523,6982,1585.4789457103852
0.9523,6982,1362.577444082747
0.9523,6982,1490.1902761734746
0.9523,6982,1328.019216633414
0.9523,6982,1475.0752913997687
0.9523,6982,1640.050089257587
0.9523,6982,1504.3508348209598
0.9523,6982,1421.9826735272495
0.9523,6982,1444.1273758269454
0.9523,6982,1397.241940564948
0.9523,6982,1486.927753859078
0.9523,6982,1474.0581749448702
0.9523,6982,1448.617032447758
0.9523,6982,1260.2009870839022
0.9523,6982,1311.7626798277854
0.9523,6982,1453.3648010080856
0.9523,6982,1410.4706500052505
0.9523,6982,1399.4849312191534
0.9523,6982,1236.3843326682768
0.9523,6982,1254.3745668381812
0.9523,6982,1316.8593930484092
0.9523,6982,1542.0827470334978
0.9523,6982,1410.1324162553817
0.9523,6982,1302.6678567678252
0.9523,6982,1458.9378347159509
0.9523,6982,1401.8184395673632
0.9523,6982,1490.9474955371206
0.9523,6982,1573.8979313241623
0.9523,6982,1518.0855822744934
0.9523,6982,1411.0993384437677
0.9523,6982,1338.8551926913788
0.9523,6982,1295.673527249816
0.9523,6982,1122.8785046728972
0.9523,6982,1514.4077496587208
0.9523,6982,1520.552136931639
0.9523,6982,1230.5834295915154
0.9523,6982,1330.221148797648
0.9523,6982,1421.6122020371731
0.9523,6982,1660.303685813294
0.9523,6982,1234.861178200147
0.9523,6982,1618.6096818229548
0.9523,6982,1517.905701984669
0.9523,6982,1400.0465189541112
0.9523,6982,1412.453848577129
0.9523,6982,1436.413000105009
0.9523,6982,1326.6906437047148
0.9523,6982,1494.679197731807
0.9523,6982,1617.9030767615247
0.9523,6982,1131.2752283944135
0.9523,6982,1648.4798907907173
0.9523,6982,1210.4791557282367
0.9523,6982,1594.4943820224717
0.9523,6982,1195.881549931744
0.9523,6982,1461.1220203717317
0.9523,6982,1643.135776541006
0.9523,6982,1363.4293814974274
0.9523,6982,1330.367216213378
0.9523,6982,1652.2142182085477
0.9523,6982,1413.0885225244144
0.9523,6982,1512.0767615247296
0.9523,6982,1508.9558962511812
0.9523,6982,1430.2903496797226
0.9523,6982,1528.2996954741152
0.9523,6982,1427.0219468654834
0.9523,6982,1289.210647905072
0.9523,6982,1484.9115824845112
0.9523,6982,1393.263152367951
0.9523,6982,1667.3578704189856
0.9523,6982,1650.3606006510554
0.9523,6982,1368.024782106479
0.9523,6982,1677.451748398614
0.9523,6982,1572.544261262207
0.9523,6982,1450.362910847422
0.9523,6982,1540.5516118870105
0.9523,6982,1142.918198046834
0.9523,6982,1453.288354510133
0.9523,6982,1394.2837341174
0.9523,6982,1135.9372046623962
0.9523,6982,1120.038748293605
0.9523,6982,1503.204452378452
0.9523,6982,1629.728551926914
0.9523,6982,1474.4553187020897
0.9523,6982,1450.9816234379923
0.9523,6982,1653.658405964507
0.9523,6982,1597.2345899401448
0.9523,6982,1450.796702719731
0.9523,6982,1489.7373726766773
0.9523,6982,1652.442087577444
0.9523,6982,1248.6095768140292
0.9523,6982,1417.0841121495323
0.9523,6982,1334.294235009976
0.9523,6982,1218.0441037488188
0.9523,6982,1642.43599705975
0.9523,6982,1216.258426966292
0.9523,6982,1398.2677727606847
0.9523,6982,1244.210227869369
0.9523,6982,1481.1428121390315
0.9523,6982,1555.12527564843
0.9523,6982,1404.307151107844
0.9523,6982,1280.2403654310615
0.9523,6982,1494.4535335503515
0.9523,6982,1242.6236480100808
0.9523,6982,1408.8161293709966
0.9523,6982,1426.0346529455005
0.9523,6982,1123.2513913682662
0.9523,6982,1574.1726346739472
0.9523,6982,1424.4069095873149
0.9523,6982,1409.7892470860024
0.9523,6982,1170.0928278903705
0.9523,6982,1562.9610416885434
0.9523,6982,1333.3448493121916
0.9523,6982,1640.4741152998006
0.9523,6982,1337.3619657670902
0.9523,6982,1395.0770765515067
0.9523,6982,1637.1466974692846
0.9523,6982,1649.4144702299695
0.9523,6982,1667.9771080541846
0.9523,6982,1384.7939724876614
0.9523,6982,1613.1011235955054
0.9523,6982,1190.2091777801113
0.9523,6982,1190.9885540270925
0.9523,6982,1293.2386852882496
0.9523,6982,1465.8126640764465
0.9523,6982,1363.4479680772863
0.9523,6982,1671.1359865588574
0.9523,6982,1435.8396513703665
0.9523,6982,1247.5127585844796
0.9523,6982,1573.1160348629635
0.9523,6982,1479.497742308096
0.9523,6982,1438.5538170744512
0.9523,6982,1581.7007245615878
0.9523,6982,1524.7346424446075
0.9523,6982,1540.0138611782002
0.9523,6982,1339.6515803843326
0.9523,6982,1675.652315446813
0.9523,6982,1664.06437047149
0.9523,6982,1493.465609576814
0.9523,6982,1552.1659141026987
0.9523,6982,1330.8670586999897
0.9523,6982,1315.96608211698
0.9523,6982,1498.351989919143
0.9523,6982,1639.972907697154
0.9523,6982,1637.106164023942
0.9523,6982,1654.8164443977737
0.9523,6982,1268.0066155623226
0.9523,6982,1340.8223248976162
0.9523,6982,1336.3230074556338
0.9523,6982,1365.412580069306
0.9523,6982,1364.1985718786095
0.9523,6982,1330.012601071091
0.9523,6982,1398.3388638034232
0.9523,6982,1417.6788827050298
0.9523,6982,1502.4279113724665
0.9523,6982,1290.722566418145
0.9523,6982,1416.444712800588
0.9523,6982,1465.6824530085055
0.9523,6982,1316.3178620182716
0.9523,6982,1565.7939724876614
0.9523,6982,1435.4535335503515
0.9523,6982,1543.1712695579122
0.9523,6982,1682.8312506563057
0.9523,6982,1487.5899401449124
0.9523,6982,1593.5984458678988
0.9523,6982,1411.0993384437677
0.9523,6982,1605.6872834190906
0.9523,6982,1303.889950645805
0.9563,10731,948.8923977831224
0.9563,10731,189.42925860085745
0.9563,10731,794.8566349471922
0.9563,10731,823.799853602426
0.9563,10731,944.3219700930672
0.9563,10731,929.2041200460106
0.9563,10731,4.7081459792952
0.9563,10731,507.5324688905155
0.9563,10731,513.8098922932135
0.9563,10731,605.6310781135626
0.9563,10731,149.5183519815957
0.9563,10731,684.3930774861444
0.9563,10731,466.7383666213531
0.9563,10731,366.4465126006483
0.9563,10731,523.8684513228067
0.9563,10731,241.2587054271672
0.9563,10731,903.9851511032102
0.9563,10731,99.22911220328348
0.9563,10731,542.3059709296247
0.9563,10731,689.643626477047
0.9563,10731,35.445048624908495
0.9563,10731,469.70197636724873
0.9563,10731,749.4633483216564
0.9563,10731,806.0644149325525
0.9563,10731,460.8467008261006
0.9563,10731,811.9681062428108
0.9563,10731,1015.2258705427168
0.9563,10731,314.44337550977724
0.9563,10731,598.6838858098922
0.9563,10731,803.1256927742339
0.9563,10731,558.3312767959844
0.9563,10731,2.856634947192304
0.9563,10731,629.583185192931
0.9563,10731,1010.557565617484
0.9563,10731,674.970825054899
0.9563,10731,490.54271672069433
0.9563,10731,111.1954407612674
0.9563,10731,356.3251071839381
0.9563,10731,462.6007529018091
0.9563,10731,929.5745059081876
0.9563,10731,899.6794938826728
0.9563,10731,679.346543971557
0.9563,10731,797.3158004810206
0.9563,10731,842.8495242078845
0.9563,10731,989.5509777266548
0.9563,10731,806.4546690369131
0.9563,10731,1005.9265920736168
0.9563,10731,394.3443480079473
0.9563,10731,601.220851197323
0.9563,10731,721.3058663599289
0.9563,10731,830.2568231726445
0.9563,10731,652.0912893443481
0.9563,10731,392.7253999790861
0.9563,10731,24.047683781240195
0.9563,10731,1009.515424030116
0.9563,10731,757.2505489909023
0.9563,10731,388.3789605772247
0.9563,10731,638.0615915507686
0.9563,10731,499.74631391822646
0.9563,10731,1018.5226393391196
0.9563,10731,420.78270417233085
0.9563,10731,792.0841786050403
0.9563,10731,340.797762208512
0.9563,10731,844.3759280560494
0.9563,10731,776.8197218446094
0.9563,10731,683.4517410854334
0.9563,10731,505.474014430618
0.9563,10731,615.3083760326257
0.9563,10731,280.2057931611419
0.9563,10731,633.7383666213531
0.9563,10731,634.152044337551
0.9563,10731,530.1923036703963
0.9563,10731,411.51061382411376
0.9563,10731,819.571264247621
0.9563,10731,717.6083864895953
0.9563,10731,902.0465335145876
0.9563,10731,260.35417755934327
0.9563,10731,382.0885705322597
0.9563,10731,518.4042664435847
0.9563,10731,17.396005437624176
0.9563,10731,1017.3828296559656
0.9563,10731,273.8258914566558
0.9563,10731,705.5587158841367
0.9563,10731,658.5051761999373
0.9563,10731,313.50486249085014
0.9563,10731,211.32385234758965
0.9563,10731,141.2686395482589
0.9563,10731,1063.6466589982222
0.9563,10731,634.5312140541671
0.9563,10731,1072.1184774652306
0.9563,10731,441.6614033253163
0.9563,10731,672.6982118582034
0.9563,10731,760.009829551396
0.9563,10731,844.012966642267
0.9563,10731,465.8477465230576
0.9563,10731,354.50433964237163
0.9563,10731,749.956080727805
0.9563,10731,901.2046428944892
0.9563,10731,176.83634842622607
0.9563,10731,290.61497438042454
0.9563,10731,701.3591969047369
0.9563,10731,789.0018822545227
0.9563,10731,559.9286834675311
0.9563,10731,754.4351145038169
0.9563,10731,996.5274495451216
0.9563,10731,238.85025619575447
0.9563,10731,896.029802363275
0.9563,10731,335.3805291226602
0.9563,10731,389.4787200669246
0.9563,10731,712.6207257136881
0.9563,10731,561.6769842099759
0.9563,10731,804.1879117431768
0.9563,10731,292.1251699257556
0.9563,10731,804.0241555997071
0.9563,10731,609.1858203492627
0.9563,10731,907.554428526613
0.9563,10731,39.39307748614451
0.9563,10731,302.04956603576284
0.9563,10731,280.9433232249294
0.9563,10731,847.2272299487609
0.9563,10731,868.8089511659521
0.9563,10731,638.8688696015894
0.9563,10731,357.74359510613823
0.9563,10731,988.4481857157796
0.9563,10731,619.7441179546167
0.9563,10731,88.14158736798076
0.9563,10731,305.04841576911014
0.9563,10731,375.2982327721426
0.9563,10731,643.253163233295
0.9563,10731,440.0278155390568
0.9563,10731,1051.3623339956082
0.9563,10731,559.7151521489072
0.9563,10731,740.9388267280142
0.9563,10731,258.8344661717034
0.9563,10731,670.0105615392658
0.9563,10731,1023.844818571578
0.9563,10731,451.35062218968943
0.9563,10731,681.8200355536965
0.9563,10731,850.4267489281606
0.9563,10731,152.66589982223152
0.9563,10731,336.63463348321653
0.9563,10731,767.6747882463661
0.9563,10731,513.0832374777789
0.9563,10731,534.2054794520548
0.9563,10731,610.7498692878804
0.9563,10731,446.18467008261
0.9563,10731,1091.038272508627
0.9563,10731,592.2044337550977
0.9563,10731,58.64990065878908
0.9563,10731,470.9247098190944
0.9563,10731,716.4771515214891
0.9563,10731,1027.6289867196483
0.9563,10731,622.3926592073617
0.9563,10731,363.37676461361497
0.9563,10731,245.61539265920732
0.9563,10731,65.70291749451009
0.9563,10731,347.7500784272718
0.9563,10731,278.03189375718915
0.9563,10731,814.0127575028756
0.9563,10731,498.6551291435742
0.9563,10731,896.4272717766391
0.9563,10731,188.1064519502248
0.9563,10731,393.05667677507057
0.9563,10731,495.4460943218655
0.9563,10731,342.13614974380425
0.9563,10731,822.6900554219387
0.9563,10731,493.6821081250653
0.9563,10731,609.6816898462826
0.9563,10731,948.8867510195544
0.9563,10731,911.2201192094532
0.9563,10731,350.911534037436
0.9563,10731,338.83038795357106
0.9563,10731,793.7522743908814
0.9563,10731,247.86071316532468
0.9563,10731,836.2803513541776
0.9563,10731,690.3761371954407
0.9563,10731,742.696957021855
0.9563,10731,1100.362752274391
0.9563,10731,722.2182369549304
0.9563,10731,252.21509986405937
0.9563,10731,872.3067029174945
0.9563,10731,469.1064519502248
0.9563,10731,331.80079472968737
0.9563,10731,764.1431559134162
0.9563,10731,162.25650946355745
0.9563,10731,372.0637875143783
0.9563,10731,770.3166370385862
0.9563,10731,439.80184042664433
0.9563,10731,136.79619366307642
0.9563,10731,406.66569068284014
0.9563,10731,715.5797343929729
0.9563,10731,381.8633274077173
0.9563,10731,187.9779357942068
0.9563,10731,58.18372895534874
0.9563,10731,79.07173481125169
0.9563,10731,340.8165847537384
0.9563,10731,481.53351458747255
0.9563,10731,461.4551918853916
0.9563,10731,526.9439506431036
0.9563,10731,1006.2824427480916
0.9563,10731,941.8766077590714
0.9563,10731,578.5891456655861
0.9563,10731,906.4412841158633
0.9563,10731,811.2886123601379
0.9563,10731,825.8637456865
0.9563,10731,320.916448813134
0.9563,10731,329.119000313709
0.9563,10731,239.2971870751856
0.9563,10731,397.02917494510086
0.9563,10731,934.9825368608176
0.9563,10731,206.56206211439925
0.9563,10731,743.7001986824218
0.9563,10731,872.9920527031267
0.9563,10731,736.2301579002406
0.9563,10731,672.9002405103001
0.9563,10731,243.1160723622294
0.9563,10731,804.035449126843
0.9563,10731,618.846177977622
0.9563,10731,811.0066924605248
0.9563,10731,901.2138450277108
0.9563,10731,13.72058977308376
0.9563,10731,549.2254522639339
0.9563,10731,993.8152253476942
0.9563,10731,627.351458747255
0.9563,10731,672.0828191989962
0.9563,10731,768.5468995085224
0.9563,10731,732.3793788560075
0.9563,10731,462.1423193558507
0.9563,10731,698.5204433755097
0.9563,10731,588.0458015267176
0.9563,10731,864.1636515737739
0.9563,10731,642.2862072571369
0.9563,10731,752.6866046219806
0.9563,10731,517.3215518142842
0.9563,10731,809.2864163965282
0.9563,10731,391.5228484785109
0.9563,10731,478.2015058036181
0.9563,10731,634.4419115340374
0.9563,10731,589.0563630659835
0.9563,10731,921.0039736484366
0.9563,10731,703.9366307644045
0.9563,10731,604.9205270312663
0.9563,10731,338.4139914252849
0.9563,10731,1001.4480811460838
0.9563,10731,587.8226497960891
0.9563,10731,475.4300951584231
0.9563,10731,458.14137822858936
0.9563,10731,831.7033357732928
0.9563,10731,653.552650841786
0.9563,10731,601.4020704799749
0.9563,10731,151.30252012966642
0.9563,10731,502.08815225347695
0.9563,10731,298.02227334518454
0.9563,10731,646.6852452159364
0.9563,10731,824.8892606922514
0.9563,10731,566.3647390986092
0.9563,10731,133.94436892188645
0.9563,10731,559.499634006065
0.9563,10731,851.166056676775
0.9563,10731,650.187493464394
0.9563,10731,826.7151521489072
0.9563,10731,802.2419742758548
0.9563,10731,1061.7051134581195
0.9563,10731,475.32437519606816
0.9563,10731,25.050088884241347
0.9563,10731,764.0561539265921
0.9563,10731,725.5170971452472
0.9563,10731,234.40949492836967
0.9563,10731,569.1549722890306
0.9563,10731,606.0125483634843
0.9563,10731,1009.2528495242078
0.9563,10731,905.5874725504548
0.9563,10731,628.101118895744
0.9563,10731,913.874620934853
0.9563,10731,403.35752378960575
0.9563,10731,66.28432500261424
0.9563,10731,660.3586740562585
0.9563,10731,617.1757816584753
0.9563,10731,318.0914984837394
0.9563,10731,512.9792952002509
0.9563,10731,970.523475896685
0.9563,10731,611.2490850151626
0.9563,10731,348.07351249607865
0.9563,10731,789.4927324061487
0.9563,10731,768.8038272508626
0.9563,10731,682.43114085538
0.9563,10731,833.4167102373732
0.9563,10731,989.5274495451218
0.9563,10731,205.8280874202656
0.9563,10731,713.1526717557251
0.9563,10731,813.423088988811
0.9563,10731,696.701871797553
0.9563,10731,119.63662030743492
0.9563,10731,434.85015162605873
0.9563,10731,690.8454459897521
0.9563,10731,360.5430304297814
0.9563,10731,211.64216250130715
0.9563,10731,729.8183624385653
0.9563,10731,908.2251385548468
0.9563,10731,3.34497542612151
0.9563,10731,236.03586740562585
0.9563,10731,775.3914043710132
0.9563,10731,719.0088884241347
0.9563,10731,710.872529540939
0.9563,10731,255.82264979608908
0.9563,10731,1098.7272822336083
0.9563,10731,304.9092335041305
0.9563,10731,617.623235386385
0.9563,10731,603.2360138031997
0.9563,10731,942.124647077277
0.9563,10731,872.9566035762836
0.9563,10731,0.962250339851511
0.9563,10731,623.6859772038063
0.9563,10731,780.5523371326989
0.9563,10731,214.10247830178807
0.9563,10731,377.6547108647914
0.9563,10731,349.05981386594163
0.9563,10731,605.3169507476733
0.9563,10731,861.028442957231
0.9563,10731,791.413991425285
0.9563,10731,437.75039213635887
0.9563,10731,562.3129770992366
0.9563,10731,665.3139182264979
0.9563,10731,539.5333054480811
0.9563,10731,375.6760430827146
0.9563,10731,421.2722994876085
0.9563,10731,31.290494614660677
0.9563,10731,796.7751751542403
0.9563,10731,458.8158527658685
0.9563,10731,169.48698107288507
0.9563,10731,270.644672174004
0.9563,10731,456.8121928265188
0.9563,10731,267.5047579211544
0.9563,10731,949.4020704799748
0.9563,10731,829.6220851197323
0.9563,10731,250.18780717348116
0.9563,10731,563.1460838648959
0.9563,10731,1024.8702290076335
0.9563,10731,754.1224511136671
0.9563,10731,727.0743490536443
0.9563,10731,262.5838126111053
0.9563,10731,1005.4498588309108
0.9563,10731,886.0383770783226
0.9563,10731,696.7094008156436
0.9563,10731,779.8798494196382
0.9563,10731,226.0430827146293
0.9563,10731,691.028756666318
0.9563,10731,767.6799121614556
0.9563,10731,310.2807696329604
0.9563,10731,485.5571473387012
0.9563,10731,522.5819303565826
0.9563,10731,684.2810833420475
0.9563,10731,354.8406357837498
0.9563,10731,650.6788664644986
0.9563,10731,724.7748614451532
0.9563,10731,388.2473073303356
0.9563,10731,621.613092125902
0.9563,10731,852.5522325630033
0.9563,10731,275.8575760744536
0.9563,10731,729.6502143678762
0.9563,10731,555.7611628150162
0.9563,10731,692.2410331485935
0.9563,10731,279.37310467426533
0.9563,10731,405.6141378228589
0.9563,10731,719.0211230785319
0.9563,10731,671.4460943218654
0.9563,10731,1006.0783227020808
0.9563,10731,615.7189166579525
0.9563,10731,705.2467844818572
0.9563,10731,628.101118895744
0.9563,10731,840.6643312767959
0.9563,10731,24.725713688173165
0.9563,10731,630.3442434382515
0.9563,10731,114.33640071107392
0.9563,10731,43.60964132594373
0.9563,10731,370.4762103942277
0.9563,10731,694.1406462407194
0.9563,10731,803.137613719544
0.9563,10731,152.7611628150162
0.9563,10731,289.3433023109903
0.9563,10731,61.05761790233191
0.9563,10731,544.3925546376661
0.9563,10731,946.3266757293736
0.9563,10731,4.409913207152567
0.9563,10731,497.0453832479348
0.9563,10731,942.2531632332948
0.9563,10731,412.0361811147129
0.9563,10731,566.5974066715465
0.9563,10731,110.35208616542926
0.9563,10731,597.0296977935793
0.9563,10731,119.516156017986
0.9563,10731,542.5468995085223
0.9563,10731,298.3319042141587
0.9563,10731,136.03639025410436
0.9563,10731,956.17128516156
0.9563,10731,923.161455610164
0.9563,10731,617.7555160514482
0.9563,10731,494.928369758444
0.9563,10731,765.9025410436055
0.9563,10731,6.309840008365575
0.9563,10731,978.0893025201296
0.9563,10731,665.8940708982536
0.9563,10731,662.6972707309421
0.9563,10731,845.8062323538638
0.9563,10731,196.33138136568024
0.9563,10731,910.8589354804976
0.9563,10731,493.21394959740667
0.9563,10731,748.3438251594688
0.9563,10731,559.2205374882359
0.9563,10731,167.49524207884556
0.9563,10731,395.9751124124229
0.9563,10731,607.3519815957335
0.9563,10731,704.4278991948133
0.9563,10731,280.37990170448603
0.9563,10731,742.696957021855
0.9563,10731,459.7083551186866
0.9563,10731,594.0510300115027
0.9563,10731,823.1930356582662
0.9563,10731,61.64875039213636
0.9563,10731,742.4444212067342
0.9563,10731,182.5645717870961
0.9563,10731,640.2530586635993
0.9563,10731,372.7039631914671
0.9563,10731,227.51030011502664
0.9563,10731,945.2708355118688
0.9563,10731,336.8777580257241
0.9563,10731,1027.4784063578377
0.9563,10731,14.44797657638816
0.9563,10731,1021.8519293108856
0.9563,10731,544.3954825891457
0.9563,10731,739.1522534769424
0.9563,10731,683.026665272404
0.9563,10731,268.4793474850988
0.9563,10731,250.029488654188
0.9563,10731,630.4047892920631
0.9563,10731,646.3494719230367
0.9563,10731,653.2174003973648
0.9563,10731,598.4458851824742
0.9563,10731,1.6050402593328452
0.9563,10731,733.2507581302939
0.9563,10731,717.7863641116803
0.9563,10731,452.4317682735543
0.9563,10731,824.8641639652828
0.9563,10731,799.2170866882777
0.9563,10731,699.6792847432814
0.9563,10731,602.3214472445885
0.9563,10731,991.3252117536337
0.9563,10731,853.7866778207674
0.9563,10731,796.1659521070794
0.9563,10731,397.5275541148175
0.9563,10731,681.3691310258287
0.9563,10731,832.5379065146919
0.9563,10731,781.0118163756143
0.9563,10731,426.48813133953774
0.9563,10731,485.1796507372164
0.9563,10731,125.1397051134581
0.9563,10731,691.9358987765346
0.9563,10731,304.13698630136986
0.9563,10731,1016.5721008051868
0.9563,10731,133.70992366412213
0.9563,10731,801.2339224092858
0.9563,10731,622.4021750496706
0.9563,10731,347.9615183519816
0.9563,10731,785.3092125901914
0.9563,10731,938.7831224511136
0.9563,10731,549.4228798494196
0.9563,10731,824.0260378542299
0.9563,10731,737.6668409494928
0.9563,10731,731.2589145665586
0.9563,10731,227.39401861340585
0.9563,10731,112.1240196591028
0.9563,10731,840.2387326152881
0.9563,10731,1010.3786468681376
0.9563,10731,813.3955871588413
0.9563,10731,449.4595838126111
0.9563,10731,680.8737843772874
0.9563,10731,985.6114190107706
0.9563,10731,1065.2132176095367
0.9563,10731,197.77632542089304
0.9563,10731,553.9083969465648
0.9563,10731,496.3895221164906
0.9563,10731,764.3291854020705
0.9563,10731,718.33284534142
0.9563,10731,554.9271149220955
0.9563,10731,720.5844400292796
0.9563,10731,849.1861340583498
0.9563,10731,636.6128829865105
0.9563,10731,769.2093485307958
0.9563,10731,481.6904737007215
0.9563,10731,300.9981177454773
0.9563,10731,506.7904423298128
0.9563,10731,652.636934016522
0.9563,10731,773.721530900345
0.9563,10731,567.3817839590087
0.9563,10731,778.7842727177664
0.9563,10731,371.7696329603681
0.9563,10731,949.7948342570324
0.9563,10731,553.9367353341001
0.9563,10731,31.44180696434173
0.9563,10731,1061.5387430722576
0.9563,10731,1069.7200669246051
0.9563,10731,1060.7283279305657
0.9563,10731,384.4561330126529
0.9563,10731,683.0919167625223
0.9563,10731,776.7490327303148
0.9563,10731,357.9857785213845
0.9563,10731,793.3214472445884
0.9563,10731,1077.3150684931506
0.9563,10731,181.1319669559761
0.9563,10731,110.94938826728011
0.9563,10731,10.788246366203074
0.9563,10731,308.4946146606713
0.9563,10731,566.8372895534874
0.9563,10731,786.9249189584858
0.9563,10731,458.8059186447768
0.9563,10731,944.2648750392136
0.9563,10731,615.4612569277423
0.9563,10731,587.6526194708773
0.9563,10731,325.1154449440552
0.9563,10731,693.9505385339329
0.9563,10731,403.5454355327826
0.9563,10731,1027.509777266548
0.9563,10731,142.2682212694761
0.9563,10731,582.7269685245216
0.9563,10731,135.9053644253895
0.9563,10731,751.4559238732616
0.9563,10731,725.4421206734289
0.9563,10731,1100.8817316741608
0.9563,10731,156.59740667154657
0.9563,10731,555.4025933284533
0.9563,10731,454.59458328976257
0.9563,10731,821.613092125902
0.9563,10731,912.8768168984628
0.9563,10731,706.4548781763045
0.9563,10731,1083.7726654815435
0.9563,10731,675.6158109379902
0.9563,10731,441.6283593014744
0.9563,10731,160.90306389208408
0.9563,10731,566.3965282861027
0.9563,10731,622.4375196068179
0.9563,10731,386.33294991111575
0.9563,10731,790.3281397051135
0.9563,10731,827.6666318101014
0.9563,10731,85.48154344870855
0.9563,10731,531.3361915716825
0.9563,10731,17.780717348112514
0.9563,10731,306.6203074349053
0.9563,10731,660.5936421625013
0.9563,10731,654.6252222106034
0.9563,10731,823.8313290808323
0.9563,10731,251.918540207048
0.9563,10731,365.5980340897208
0.9563,10731,151.24741190003138
0.9563,10731,1029.0760221687756
0.9563,10731,338.56289867196483
0.9563,10731,769.7035449126843
0.9563,10731,591.9814911638607
0.9563,10731,137.85443898358255
0.9563,10731,628.3649482380006
0.9563,10731,608.3919272194918
0.9563,10731,328.42842204329185
0.9563,10731,38.86228171076022
0.9563,10731,643.5081041514169
0.9563,10731,1071.7929520025095
0.9563,10731,789.9741712851616
0.9563,10731,775.2460524939872
0.9563,10731,433.3420474746418
0.9563,10731,1036.834989020182
0.9563,10731,857.5183519815957
0.9563,10731,24.047683781240195
0.9563,10731,939.310362856844
0.9563,10731,132.19355850674475
0.9563,10731,541.319146711283
0.9563,10731,864.3551186866046
0.9563,10731,387.968733660985
0.9563,10731,231.8285056990484
0.9563,10731,35.0331485935376
0.9563,10731,371.24824845759696
0.9563,10731,728.8304925232667
0.9563,10731,814.1731674160827
0.9563,10731,683.8297605353969
0.9563,10731,756.7727700512391
0.9563,10731,692.9539893338911
0.9563,10731,797.491895848583
0.9563,10731,736.5440761267383
0.9563,10731,710.3379692565094
0.9563,10731,9.522743908815226
0.9563,10731,756.7727700512391
0.9563,10731,303.0285475269267
0.9563,10731,815.6307644044756
0.9563,10731,737.6999895430304
0.9563,10731,286.6033671442016
0.9563,10731,637.2800376450904
0.9563,10731,716.9022273345184
0.9563,10731,759.3921363588831
0.9563,10731,669.406253267803
0.9563,10731,762.1359406044128
0.9563,10731,402.2203283488445
0.9563,10731,463.13845027710965
0.9563,10731,608.890410958904
0.9563,10731,809.5369653874308
0.9563,10731,320.8822545226393
0.9563,10731,1076.5826623444525
0.9563,10731,393.03639025410433
0.9563,10731,535.8388580989229
0.9563,10731,954.2667572937362
0.9563,10731,296.8785945832897
0.9563,10731,810.8305970929624
0.9563,10731,615.2781553905678
0.9563,10731,1039.0878385443898
0.9563,10731,465.84617797762206
0.9563,10731,594.7782076754156
0.9563,10731,211.9741712851616
0.9563,10731,786.5039213635888
0.9563,10731,695.3370281292481
0.9563,10731,348.0441284115863
0.9563,10731,699.0697479870333
0.9563,10731,661.1155495137508
0.9563,10731,682.6254313499948
0.9563,10731,412.06504235072674
0.9563,10731,213.66976890097249
0.9563,10731,10.639652828610268
0.9563,10731,943.1344766286728
0.9563,10731,492.450486249085
0.9563,10731,320.2870438147025
0.9563,10731,771.6409076649587
0.9563,10731,386.45330963086894
0.9563,10731,801.340583498902
0.9563,10731,710.1842518038271
0.9563,10731,380.1216145561016
0.9563,10731,83.64184879222002
0.9563,10731,254.26246993621243
0.9563,10731,646.0999686290913
0.9563,10731,619.2369549304611
0.9563,10731,302.3900449649691
0.9563,10731,189.33504130502985
0.9563,10731,966.1637561434696
0.9563,10731,53.4400292795148
0.9563,10731,179.07696329603678
0.9563,10731,404.3628568440866
0.9563,10731,221.6698734706682
0.9563,10731,583.1343720589773
0.9563,10731,647.1770364948238
0.9563,10731,469.3438251594688
0.9563,10731,198.9790860608596
0.9563,10731,330.5296455087316
0.9563,10731,436.8592491895849
0.9563,10731,817.8685558925023
0.9563,10731,334.42308898881106
0.9563,10731,466.2370595001569
0.9563,10731,610.0760221687755
0.9563,10731,610.0599184356373
0.9563,10731,823.8076963296037
0.9563,10731,599.5104046847223
0.9563,10731,654.656279410227
0.9563,10731,992.6223988288194
0.9563,10731,664.0187179755306
0.9563,10731,570.4010247830179
0.9563,10731,757.5611209871379
0.9563,10731,617.2718812088257
0.9563,10731,373.33545958381256
0.9563,10731,475.6768796402802
0.9563,10731,736.1346857680644
0.9563,10731,127.34727595942697
0.9563,10731,331.96601484889675
0.9563,10731,475.29875562062114
0.9563,10731,135.2163547004078
0.9563,10731,761.1205688591446
0.9563,10731,621.5737739203178
0.9563,10731,324.48551709714525
0.9563,10731,813.7544703544912
0.9563,10731,535.663285579839
0.9563,10731,119.57816584753738
0.9563,10731,785.6526194708773
0.9563,10731,435.2283802154136
0.9563,10731,702.0413050298024
0.9563,10731,746.4046847223674
0.9563,10731,1024.4963923454982
0.9563,10731,704.8013175781658
0.9563,10731,922.0904527867824
0.9563,10731,90.49095472132176
0.9563,10731,840.3819930984
0.9563,10731,1028.345811983687
0.9563,10731,385.6051448290286
0.9563,10731,747.6218759803409
0.9563,10731,828.3352504444211
0.9563,10731,200.8333159050507
0.9563,10731,274.014744327094
0.9563,10731,761.1671023737321
0.9563,10731,775.6668409494929
0.9563,10731,51.50047056363066
0.9563,10731,733.9222001463975
0.9563,10731,664.7646136149743
0.9563,10731,613.159050507163
0.9563,10731,726.4765241033149
0.9563,10731,596.4514273763463
0.9563,10731,810.5599707204852
0.9563,10731,292.45822440656696
0.9563,10731,1001.9882881940814
0.9563,10731,766.7111785004706
0.9563,10731,764.256300324166
0.9563,10731,672.7916971661613
0.9563,10731,680.8737843772874
0.9563,10731,347.8226497960891
0.9563,10731,17.02917494510091
0.9563,10731,922.4359510613824
0.9563,10731,871.0210185088362
0.9563,10731,922.0146397573984
0.9563,10731,358.5499320296978
0.9563,10731,75.02290076335878
0.9563,10731,1020.212799330754
0.9563,10731,767.4453623339956
0.9563,10731,661.1536128829865
0.9563,10731,440.0379587995399
0.9563,10731,1051.4816480184045
0.9563,10731,201.1849837916972
0.9563,10731,1076.1536128829864
0.9563,10731,1028.5202342361183
0.9563,10731,566.9337028129247
0.9563,10731,247.33796925650947
0.9563,10731,569.8431454564467
0.9563,10731,482.7610582453205
0.9563,10731,260.8386489595315
0.9563,10731,285.05448081146085
0.9563,10731,281.91132489804454
0.9563,10731,336.5208616542926
0.9563,10731,725.894280037645
0.9563,10731,302.4735961518352
0.9563,10731,989.1729582766914
0.9563,10731,367.91467112830696
0.9563,10731,810.2055840217505
0.9563,10731,147.37205897730837
0.9563,10731,17.396005437624176
0.9563,10731,503.6542925860086
0.9563,10731,634.8954303042977
0.9563,10731,405.0504025933285
0.9563,10731,304.3647390986092
0.9563,10731,822.9033776011711
0.9563,10731,473.1157586531424
0.9563,10731,593.6517829133118
0.9563,10731,874.483111994144
0.9563,10731,614.957126424762
0.9563,10731,566.700826100596
0.9563,10731,928.7768482693716
0.9563,10731,1017.5728327930566
0.9563,10731,902.3508313290808
0.9563,10731,237.55129143574192
0.9563,10731,324.74516365157376
0.9563,10731,676.3430931715988
0.9563,10731,908.0321028965805
0.9563,10731,884.2063160096204
0.9563,10731,875.4235072675939
0.9563,10731,632.7677507058454
0.9563,10731,676.0637875143783
0.9563,10731,1031.182578688696
0.9563,10731,165.38502561957546
0.9563,10731,784.1554951375091
0.9563,10731,943.4070898253684
0.9563,10731,901.0689114294676
0.9563,10731,808.2948865418801
0.9563,10731,490.9454146188435
0.9563,10731,420.90118163756136
0.9563,10731,431.4265397887692
0.9563,10731,617.9400815643627
0.9563,10731,387.56749973857575
0.9563,10731,559.5119732301579
0.9563,10731,806.4927324061487
0.9563,10731,316.9614137822859
0.9563,10731,42.73502039109066
0.9563,10731,475.7105510822964
0.9563,10731,706.5808846596257
0.9563,10731,480.4785109275332
0.9563,10731,460.8903063892084
0.9563,10731,755.7878280874203
0.9563,10731,743.5817212171913
0.9563,10731,751.9860922304715
0.9563,10731,677.676252222106
0.9563,10731,421.1180591864477
0.9563,10731,374.9196904737007
0.9563,10731,10.49660148488968
0.9563,10731,238.1918853916135
0.9563,10731,1082.6426853497858
0.9563,10731,1057.4972289030638
0.9563,10731,185.3050298023633
0.9563,10731,549.9394541461884
0.9563,10731,663.9345393704905
0.9563,10731,992.993621248562
0.9563,10731,573.7781031057199
0.9563,10731,260.454355327826
0.9563,10731,670.1462930042874
0.9563,10731,446.2862072571369
0.9563,10731,338.1156540834466
0.9563,10731,759.2944682630973
0.9563,10731,216.04506953884768
0.9563,10731,852.0217504967061
0.9563,10731,112.6514692042246
0.9563,10731,510.32970825054895
0.9563,10731,224.41921991007004
0.9563,10731,768.3022064205793
0.9563,10731,825.7732928997176
0.9563,10731,516.504548781763
0.9563,10731,264.12412422879845
0.9563,10731,820.8182578688695
0.9563,10731,515.2532678029906
0.9563,10731,567.0704799749033
0.9563,10731,879.6063996653769
0.9563,10731,1075.9917389940397
0.9563,10731,714.1072885077904
0.9563,10731,629.1669978040364
0.9563,10731,675.3937049043187
0.9563,10731,915.8765031893756
0.9563,10731,504.1101118895744
0.9563,10731,61.06608804768378
0.9563,10731,277.0474746418488
0.9563,10731,797.7514378333158
0.9563,10731,829.4994248666736
0.9563,10731,555.2778416814807
0.9563,10731,724.8879012862072
0.9563,10731,430.688173167416
0.9563,10731,733.0378542298441
0.9563,10731,1024.0155808846596
0.9563,10731,653.7617902331904
0.9563,10731,638.6401756770887
0.9563,10731,370.7810310571996
0.9563,10731,839.6148698107289
0.9563,10731,163.33859667468369
0.9563,10731,213.32604831119943
0.9563,10731,391.2292167729792
0.9563,10731,405.9957126424762
0.9563,10731,976.9916344243438
0.9563,10731,590.5065356059814
0.9563,10731,82.95785841263202
0.9563,10731,179.364111680435
0.9563,10731,826.1209871379274
0.9563,10731,156.0818780717348
0.9563,10731,109.19533619157168
0.9563,10731,219.60587681689844
0.9563,10731,168.55150057513333
0.9563,10731,79.73230157900241
0.9563,10731,137.5640489386176
0.9563,10731,444.2803513541775
0.9563,10731,773.6923559552441
0.9563,10731,458.0099341210917
0.9563,10731,49.79065146920423
0.9563,10731,941.9490745581928
0.9563,10731,669.3424657534247
0.9563,10731,338.29823277214257
0.9563,10731,195.69622503398517
0.9563,10731,829.8371849837916
0.9563,10731,89.62532678029906
0.9563,10731,741.9594269580675
0.9563,10731,380.5301683572101
0.9563,10731,1056.587054271672
0.9563,10731,981.4616752065252
0.9563,10731,416.0200773815748
0.9563,10731,286.7800899299383
0.9563,10731,566.4033253163234
0.9563,10731,788.944473491582
0.9563,10731,966.4663808428318
0.9563,10731,854.6174840531214
0.9563,10731,879.2026560702709
0.9563,10731,476.1806964341733
0.9563,10731,629.7076231308166
0.9563,10731,976.463452891352
0.9563,10731,946.3718498379168
0.9563,10731,621.4643940186135
0.9563,10731,1026.5832897626267
0.9563,10731,1109.9710341942905
0.9563,10731,654.7191257973438
0.9563,10731,5.486981072885078
0.9563,10731,18.335355014116907
0.9563,10731,840.478929206316
0.9563,10731,1044.6676775070584
0.9563,10731,1058.1742131130395
0.9563,10731,963.646031580048
0.9563,10731,516.9998954303043
0.9563,10731,757.162187598034
0.9563,10731,1025.777998536024
0.9563,10731,265.4158736798076
0.9563,10731,13.17797762208512
0.9563,10731,838.0082610059604
0.9563,10731,419.2262888214995
0.9563,10731,860.0240510300115
0.9563,10731,777.4700407821813
0.9563,10731,777.1185820349262
0.9563,10731,1089.715152148907
0.9563,10731,503.6542925860086
0.9563,10731,300.5872634110634
0.9563,10731,439.18759803408966
0.9563,10731,90.8133430931716
0.9563,10731,823.6654815434487
0.9563,10731,469.9571264247621
0.9563,10731,666.8557983896267
0.9563,10731,528.83990379588
0.9563,10731,785.5191885391613
0.9563,10731,709.5799435323643
0.9563,10731,666.2783645299593
0.9563,10731,942.8691833106764
0.9563,10731,1000.7297919063054
0.9563,10731,578.7497647181847
0.9563,10731,946.635574610478
0.9563,10731,689.3231203597197
0.9563,10731,265.5850674474537
0.9563,10731,456.8917703649482
0.9563,10731,745.6563839799226
0.9563,10731,502.3046115235804
0.9563,10731,669.9208407403535
0.9563,10731,807.1723308585172
0.9563,10731,672.2732406148698
0.9563,10731,588.55620621144
0.9563,10731,358.66265816166475
0.9563,10731,249.4267489281606
0.9563,10731,301.5307957753843
0.9563,10731,581.6820035553696
0.9563,10731,727.5680225870542
0.9563,10731,1017.1466067133744
0.9563,10731,989.6029488654189
0.9563,10731,969.4787200669246
0.9563,10731,355.4744327094008
0.9563,10731,200.09317159887064
0.9563,10731,130.7224720276064
0.9563,10731,645.5707413991424
0.9563,10731,79.60828191989961
0.9563,10731,311.1242287984942
0.9563,10731,640.6605667677507
0.9563,10731,558.1675206525149
0.9563,10731,632.6259541984732
0.9563,10731,536.7820767541566
0.9563,10731,461.2786782390463
0.9563,10731,840.8122973962146
0.9563,10731,996.1322806650631
0.9563,10731,749.946251176409
0.9563,10731,185.2775279723936
0.9563,10731,608.3147547840636
0.9563,10731,778.887273868033
0.9563,10731,670.9671651155495
0.9563,10731,824.8694970197637
0.9563,10731,652.7003032521175
0.9563,10731,474.8099968629091
0.9563,10731,604.8860190316846
0.9563,10731,30.828923977831224
0.9563,10731,316.6666318101014
0.9563,10731,743.8055003659939
0.9563,10731,867.1851929310886
0.9563,10731,859.165010979818
0.9563,10731,890.4739098609223
0.9563,10731,576.8632228380216
0.9563,10731,733.5433441388685
0.9563,10731,864.66642267071
0.9563,10731,780.7763254208929
0.9563,10731,100.36620307434904
0.9563,10731,813.636934016522
0.9563,10731,13.125483634842622
0.9563,10731,807.8991948133431
0.9563,10731,274.108857053226
0.9563,10731,696.838126111053
0.9563,10731,860.3266757293736
0.9563,10731,784.6918331067657
0.9563,10731,662.1050925441807
0.9563,10731,422.0855380110844
0.9563,10731,1015.6126738471193
0.9563,10731,874.5528599811773
0.9563,10731,776.6594165010979
0.9563,10731,719.8734706682003
0.9563,10731,614.5091498483739
0.9563,10731,659.8366621353132
0.9563,10731,655.4172330858516
0.9563,10731,333.1529854648123
0.9563,10731,516.8482693715362
0.9563,10731,811.2789919481334
0.9563,10731,836.6188434591654
0.9563,10731,899.7512286939244
0.9563,10731,10.25786886960159
0.9563,10731,412.3260483111994
0.9563,10731,895.3888946983164
0.9563,10731,199.0105615392659
0.9563,10731,367.7797762208512
0.9563,10731,597.5754470354491
0.9563,10731,597.3028338387535
0.9563,10731,307.0718393809474
0.9563,10731,1032.935166788665
0.9563,10731,988.8211858203492
0.9563,10731,402.731046742654
0.9563,10731,367.77747568754575
0.9563,10731,1040.9718707518562
0.9563,10731,796.8571577956708
0.9563,10731,1012.2687441179546
0.9563,10731,1005.1410645195024
0.9563,10731,1011.1308166893234
0.9563,10731,785.353236432082
0.9563,10731,1027.4626163337864
0.9563,10731,614.6187388894698
0.9563,10731,776.4650214367875
0.9563,10731,1024.8745163651572
0.9563,10731,380.6721740039737
0.9563,10731,978.70364948238
0.9563,10731,359.64749555578794
0.9563,10731,930.0799958172122
0.9563,10731,396.1860294886542
0.9563,10731,280.73188330021964
0.9563,10731,471.9672696852453
0.9563,10731,825.9611000731987
0.9563,10731,622.1864477674369
0.9563,10731,565.5550559447871
0.9563,10731,1091.2536860817736
0.9563,10731,964.333891038377
0.9563,10731,711.9984314545644
0.9563,10731,692.3134999477151
0.9563,10731,111.92293213426748
0.9563,10731,386.9505385339328
0.9563,10731,577.4561330126529
0.9563,10731,168.7471504757921
0.9563,10731,445.330753947506
0.9563,10731,89.53863850256195
0.9563,10731,275.7833315905051
0.9563,10731,772.9838962668618
0.9563,10731,999.9759489699884
0.9563,10731,851.139391404371
0.9563,10731,702.6950747673324
0.9563,10731,606.9831642789919
0.9563,10731,221.4689950852243
0.9563,10731,428.19083969465646
0.9563,10731,1039.8263097354386
0.9563,10731,509.17619993725816
0.9563,10731,749.6344243438251
0.9563,10731,899.964550873157
0.9563,10731,1075.2889260692252
0.9563,10731,160.4595838126111
0.9563,10731,201.11920945310047
0.9563,10731,1043.0338805814074
0.9563,10731,496.8038272508627
0.9563,10731,826.1599916344243
0.9563,10731,717.3741503712224
0.9563,10731,485.2318310153717
0.9563,10731,89.76733242706263
0.9563,10731,596.8153299173899
0.9563,10731,715.8359301474433
0.9563,10731,668.1429467740248
0.9563,10731,238.3888946983164
0.9563,10731,594.0756038899926
0.9563,10731,560.5665586113143
0.9563,10731,904.5791069747986
0.9563,10731,802.7536337969257
0.9563,10731,744.11021645927
0.9563,10731,304.6440447558297
0.9563,10731,196.50381679389312
0.9563,10731,240.0971452473073
0.9563,10731,907.9805500365992
0.9563,10731,437.7328244274809
0.9563,10731,927.6055631078112
0.9563,10731,810.4509045278678
0.9563,10731,683.2724040573042
0.9563,10731,341.4136777161978
0.9563,10731,608.7449545121823
0.9563,10731,689.3583603471714
0.9563,10731,458.8536024260169
0.9563,10731,723.8613405834989
0.9563,10731,53.68158527658685
0.9563,10731,230.87911743176824
0.9563,10731,119.81574819617276
0.9563,10731,806.2992784690996
0.9563,10731,577.6207257136881
0.9563,10731,426.4440029279515
0.9563,10731,509.5193976785527
0.9563,10731,755.0834466171704
0.9563,10731,1106.8279828505697
0.9563,10731,240.14315591341628
0.9563,10731,991.204015476315
0.9563,10731,513.1506849315068
0.9563,10731,827.0101432604831
0.9563,10731,812.5206525149011
0.9563,10731,149.8618634319774
0.9563,10731,828.5938513018928
0.9563,10731,749.6065042350726
0.9563,10731,843.1079159259646
0.9563,10731,313.7097145247307
0.9563,10731,870.2757502875666
0.9563,10731,222.8264143051344
0.9563,10731,453.8652096622399
0.9563,10731,475.6768796402802
0.9563,10731,606.4656488549618
0.9563,10731,822.8331067656593
0.9563,10731,231.5410436055631
0.9563,10731,472.4935689637143
0.9563,10731,364.3764509045278
0.9563,10731,756.633064937781
0.9563,10731,934.8007947296874
0.9563,10731,1056.3481125169926
0.9563,10731,254.90818780717348
0.9563,10731,503.0099341210917
0.9563,10731,1028.8343616020077
0.9563,10731,663.7841681480706
0.9563,10731,669.318833002196
0.9563,10731,598.9830597092962
0.9563,10731,770.706786573251
0.9563,10731,1012.8545435532782
0.9563,10731,761.165010979818
0.9563,10731,57.42748091603053
0.9563,10731,931.2014012339224
0.9563,10731,163.2051657429677
0.9563,10731,492.28610268744114
0.9563,10731,836.5028756666318
0.9563,10731,795.9445780612778
0.9563,10731,378.97124333368185
0.9563,10731,15.524207884555056
0.9563,10731,551.3621248562166
0.9563,10731,863.9874516365156
0.9563,10731,712.9664331276796
0.9563,10731,953.0192408240092
0.9563,10731,937.70364948238
0.9563,10731,141.34664854125276
0.9563,10731,1071.1530900345078
0.9563,10731,739.1617693192513
0.9563,10731,825.4242392554637
0.9563,10731,395.3147547840636
0.9563,10731,674.8783854438983
0.9563,10731,610.075499320297
0.9563,10731,212.6528286102688
0.9563,10731,611.3698630136986
0.9563,10731,234.9622503398515
0.9563,10731,681.093380738262
0.9563,10731,200.0929624594792
0.9563,10731,717.7909651782913
0.9563,10731,898.131653246889
0.9563,10731,954.6427899194812
0.9563,10731,647.9617274913729
0.9563,10731,463.1928265188748
0.9563,10731,736.9899613092126
0.9563,10731,733.6614033253163
0.9563,10731,539.4235072675938
0.9563,10731,417.66234445257766
0.9563,10731,295.41765136463454
0.9563,10731,685.5077904423298
0.9563,10731,439.7887692146816
0.9563,10731,711.2894489177036
0.9563,10731,1009.1659521070792
0.9563,10731,518.5582976053539
0.9563,10731,215.6515737739203
0.9563,10731,17.145874725504548
0.9563,10731,828.6354700407821
0.9563,10731,140.81919899613092
0.9563,10731,1094.372477256091
0.9563,10731,785.6715465857994
0.9563,10731,714.0133849210499
0.9563,10731,369.1645927010353
0.9563,10731,491.7192303670397
0.9563,10731,426.1320715256719
0.9563,10731,397.8311199414409
0.9563,10731,768.5235804663808
0.9563,10731,419.3169507476733
0.9563,10731,423.2889260692251
0.9563,10731,696.4248666736379
0.9563,10731,387.51030011502667
0.9563,10731,936.504548781763
0.9563,10731,549.0677611628149
0.9563,10731,870.5130189271149
0.9563,10731,272.3551186866046
0.9563,10731,660.7104465126006
0.9563,10731,910.5647809264876
0.9563,10731,820.1701348949075
0.9563,10731,710.1491163860712
0.9563,10731,448.30921259019135
0.9563,10731,477.9892293213426
0.9563,10731,760.5495137509149
0.9563,10731,782.713479033776
0.9563,10731,603.4535187702603
0.9563,10731,538.7005123915089
0.9563,10731,787.8121928265189
0.9563,10731,617.0946355746105
0.9563,10731,432.6743699675834
0.9563,10731,764.701871797553
0.9563,10731,191.94876084910592
0.9563,10731,464.1438879012862
0.9563,10731,944.033357732929
0.9563,10731,910.3311722262888
0.9563,10731,737.7782076754156
0.9563,10731,1041.1430513437206
0.9563,10731,365.8590400501934
0.9563,10731,69.45707413991425
0.9563,10731,658.5233713269894
0.9563,10731,87.93150684931506
0.9563,10731,1027.956812715675
0.9563,10731,650.381679389313
0.9563,10731,674.4959740667155
0.9563,10731,605.4800794729687
0.9563,10731,462.9669559761581
0.9563,10731,245.08710655651996
0.9563,10731,124.37749660148488
0.9563,10731,613.4698316427899
0.9563,10731,832.1362543134999
0.9563,10731,778.6481229739621
0.9563,10731,358.3213426748928
0.9563,10731,324.5367562480393
0.9563,10731,627.0293840844923
0.9563,10731,993.813552232563
0.9563,10731,501.2803513541775
0.9563,10731,582.8340478929206
0.9563,10731,417.7550977726655
0.9563,10731,333.38178395900866
0.9563,10731,79.6266861863432
0.9563,10731,571.5220119209454
0.9563,10731,606.4170239464603
0.9563,10731,698.0257241451427
0.9563,10731,446.07549932029696
0.9563,10731,427.3515633169508
0.9563,10731,149.20370176722787
0.9563,10731,539.2103942277528
0.9563,10731,478.96465544285263
0.9563,10731,444.2484575969884
0.9563,10731,1028.1975321551813
0.9563,10731,197.59113248980444
0.9563,10731,90.91477569800271
0.9563,10731,1106.3177873052389
0.9563,10731,909.8654188016312
0.9563,10731,700.9310885705322
0.9563,10731,928.5151103210288
0.9563,10731,815.436787618948
0.9563,10731,459.2163547004078
0.9563,10731,100.35825577747568
0.9563,10731,630.181532991739
0.9563,10731,68.48436683049253
0.9563,10731,894.2993830387952
0.9563,10731,453.5987660775907
0.9563,10731,1058.0471609327617
0.9563,10731,690.292795147966
0.9563,10731,347.16898462825475
0.9563,10731,334.5408344661717
0.9563,10731,168.88685558925022
0.9563,10731,654.4824845759699
0.9563,10731,196.30921259019132
0.9563,10731,900.4475582976053
0.9563,10731,917.9117431768271
0.9563,10731,300.5758653142319
0.9563,10731,954.3598243229112
0.9563,10731,762.830074244484
0.9563,10731,950.7071002823382
0.9563,10731,497.89689428003766
0.9563,10731,694.3315905050715
0.9563,10731,1004.7077277005124
0.9563,10731,576.1543448708564
0.9563,10731,123.06661089616227
0.9563,10731,951.8766077590714
0.9563,10731,517.8766077590714
0.9563,10731,643.8136568022586
0.9563,10731,277.8997176618216
0.9563,10731,151.50256195754469
0.9563,10731,500.88319564990064
0.9563,10731,617.1248562166685
0.9563,10731,30.340897207989123
0.9563,10731,711.4475582976054
0.9563,10731,642.4847851092753
0.9563,10731,871.5432395691729
0.9563,10731,435.3237477778939
0.9563,10731,557.9050507163023
0.9563,10731,263.896057722472
0.9563,10731,912.6879640280248
0.9563,10731,757.1038377078323
0.9563,10731,494.98891561225554
0.9563,10731,1083.7625222210604
0.9563,10731,769.0987137927428
0.9563,10731,1058.3155913416292
0.9563,10731,823.9462511764091
0.9563,10731,505.2611105301683
0.9563,10731,668.5364425389522
0.9563,10731,779.1066610896162
0.9563,10731,930.3379692565094
0.9563,10731,97.72822336087002
0.9563,10731,432.90881522534767
0.9563,10731,524.8183624385653
0.9563,10731,1102.125692774234
0.9563,10731,807.1470249921572
0.9563,10731,263.98086374568646
0.9563,10731,716.2545226393391
0.9563,10731,718.8958485830806
0.9563,10731,741.2194917912789
0.9563,10731,1021.511554951375
0.9563,10731,770.6928788037227
0.9563,10731,755.8540207047997
0.9563,10731,517.7700512391509
0.9563,10731,790.2999058872738
0.9563,10731,523.277737111785
0.9563,10731,516.8482693715362
0.9563,10731,777.8313290808323
0.9563,10731,709.2758548572623
0.9563,10731,189.88905155286
0.9563,10731,751.8494196381888
0.9563,10731,265.23109902750184
0.9563,10731,238.00637875143784
0.9563,10731,801.7930565722053
0.9563,10731,78.51354177559342
0.9563,10731,167.72539997908606
0.9563,10731,381.6879640280246
0.9563,10731,1025.6599393495765
0.9563,10731,771.0351354177559
0.9563,10731,948.0386907874098
0.9563,10731,70.50381679389312
0.9563,10731,606.7094008156436
0.9563,10731,443.0758130293841
0.9563,10731,833.6572205374882
0.9563,10731,868.6949701976366
0.9563,10731,932.577956708146
0.9563,10731,470.7335564153509
0.9563,10731,217.5121823695493
0.9563,10731,186.1356268953257
0.9563,10731,803.8762940499843
0.9563,10731,448.1356268953257
0.9563,10731,933.4124228798494
0.9563,10731,759.4748509881836
0.9563,10731,898.8983582557775
0.9563,10731,846.0898253686081
0.9563,10731,69.6647495555788
0.9563,10731,1049.6801213008468
0.9563,10731,937.0762313081668
0.9563,10731,630.1978458642685
0.9563,10731,390.1585276586845
0.9563,10731,1057.5817212171912
0.9563,10731,1018.014012339224
0.9563,10731,787.131966955976
0.9563,10731,806.3168461779776
0.9563,10731,678.4727595942695
0.9563,10731,814.3190421415874
0.9563,10731,136.36264770469518
0.9563,10731,650.5184565512914
0.9563,10731,415.8464916867092
0.9563,10731,790.0623235386385
0.9563,10731,544.5747150475792
0.9563,10731,236.86385025619572
0.9563,10731,195.52117536337968
0.9563,10731,157.81240196591028
0.9563,10731,646.5879953989333
0.9563,10731,919.4534142005646
0.9563,10731,992.3599288926068
0.9563,10731,926.5841263201924
0.9563,10731,523.687127470459
0.9563,10731,558.9462511764091
0.9563,10731,926.1260064833212
0.9563,10731,486.8235909233504
0.9563,10731,444.7040677611628
0.9563,10731,721.5901913625431
0.9563,10731,501.384816480184
0.9563,10731,607.6729059918435
0.9563,10731,116.11000731987868
0.9563,10731,31.20338805814075
0.9563,10731,800.3000104569695
0.9563,10731,801.3205061173272
0.9563,10731,1016.3423611837288
0.9563,10731,130.05573564780926
0.9563,10731,338.4321865523371
0.9563,10731,1080.5099864059396
0.9563,10731,1018.3604517410854
0.9563,10731,200.91310258287143
0.9563,10731,694.7347066820035
0.9563,10731,782.5188748300742
0.9563,10731,277.51500575133326
0.9563,10731,771.7905468995085
0.9563,10731,888.8835093589878
0.9563,10731,922.2885077904424
0.9563,10731,765.7677507058455
0.9563,10731,501.2305761790233
0.9563,10731,418.4588518247412
0.9563,10731,366.2778416814807
0.9563,10731,685.8432500261424
0.9563,10731,325.76701871797553
0.9563,10731,765.4097040677611
0.9563,10731,877.5332008783854
0.9563,10731,825.1043605563107
0.9563,10731,148.71065565199203
0.9563,10731,457.72968733660986
0.9563,10731,482.7343929729164
0.9563,10731,211.94489177036493
0.9563,10731,862.3334727595942
0.9563,10731,483.2035971975321
0.9563,10731,892.946251176409
0.9563,10731,302.6261633378647
0.9563,10731,555.5960472655024
0.9563,10731,306.52744954512184
0.9563,10731,628.4722367457911
0.9563,10731,237.9665376973753
0.9563,10731,406.64770469517936
0.9563,10731,261.3119314022796
0.9563,10731,292.8611314441075
0.9563,10731,355.5924918958485
0.9563,10731,149.0529122660253
0.9563,10731,598.4356373522953
0.9563,10731,562.4731778730524
0.9563,10731,768.0520757084597
0.9563,10731,579.2435428212904
0.9563,10731,235.51082296350515
0.9563,10731,622.095472132176
0.9563,10731,262.8076963296037
0.9563,10731,963.364425389522
0.9563,10731,159.81564362647703
0.9563,10731,574.2276482275437
0.9563,10731,666.2646658998223
0.9563,10731,252.79232458433543
0.9563,10731,354.69643417337653
0.9563,10731,724.2856844086584
0.9563,10731,1066.079054689951
0.9563,10731,908.42068388581
0.9563,10731,593.6066088047684
0.9563,10731,937.1779776220852
0.9563,10731,480.4562375823487
0.9563,10731,436.254208930252
0.9563,10731,509.9900658789083
0.9563,10731,246.2926905782704
0.9563,10731,900.0690159991634
0.9563,10731,435.29258600857474
0.9563,10731,919.803722681167
0.9563,10731,821.2541043605563
0.9563,10731,1038.3345184565512
0.9563,10731,1015.4917912788871
0.9563,10731,556.4230889888111
0.9563,10731,73.66349471923037
0.9563,10731,975.0764404475584
0.9563,10731,133.0673428840322
0.9563,10731,591.0727805082087
0.9563,10731,968.132385234759
0.9563,10731,672.7485098818362
0.9563,10731,322.91791278887376
0.9563,10731,161.2773188330022
0.9563,10731,829.2067342884033
0.9563,10731,598.4095994980654
0.9563,10731,797.7514378333158
0.9563,10731,1005.5007842727176
0.9563,10731,285.0768587263412
0.9563,10731,257.8683467531109
0.9563,10731,641.1385548468054
0.9563,10731,433.988392763777
0.9563,10731,722.425180382725
0.9563,10731,622.5086269998953
0.9563,10731,828.5755516051448
0.9563,10731,749.9867196486458
0.9563,10731,831.7916971661613
0.9563,10731,553.7159887064728
0.9563,10731,1089.9081878071734
0.9563,10731,347.7004078218132
0.9563,10731,602.5303774966014
0.9563,10731,564.8625954198473
0.9563,10731,703.246157063683
0.9563,10731,741.1427376346335
0.9563,10731,600.2891352086166
0.9563,10731,780.87639861968
0.9563,10731,1049.3105719962357
0.9563,10731,403.1337446408031
0.9563,10731,552.0041827878281
0.9563,10731,866.0032416605668
0.9563,10731,386.0596047265502
0.9563,10731,732.2582871483844
0.9563,10731,747.0614869810728
0.9563,10731,648.4452577642999
0.9563,10731,1046.2964550873155
0.9563,10731,370.29039004496497
0.9563,10731,569.1247516469728
0.9563,10731,596.4014430618007
0.9563,10731,543.8664644985884
0.9563,10731,169.2488758757712
0.9563,10731,1014.02530586636
0.9563,10731,630.7809264875038
0.9563,10731,1032.0348217086687
0.9563,10731,749.1373000104569
0.9563,10731,761.3123496810624
0.9563,10731,765.9261737948342
0.9563,10731,315.49555578793263
0.9563,10731,736.044232981282
0.9563,10731,188.6902645613301
0.9563,10731,581.2451113667258
0.9563,10731,975.1793370281292
0.9563,10731,753.2610059604725
0.9563,10731,821.5384293631705
0.9563,10731,733.6627627313604
0.9563,10731,444.84534142005646
0.9563,10731,1078.842936317055
0.9563,10731,853.6914148279827
0.9563,10731,738.997176618216
0.9563,10731,5.273868033044024
0.9563,10731,723.745791069748
0.9563,10731,884.0132803513541
0.9563,10731,871.6403848164802
0.9563,10731,571.6812715674997
0.9563,10731,611.5427167206943
0.9563,10731,75.32249294154553
0.9563,10731,264.6634947192304
0.9563,10731,514.8167938931298
0.9563,10731,819.0353445571474
0.9563,10731,792.9506431036286
0.9563,10731,1029.2602739726028
0.9563,10731,214.66663181010145
0.9563,10731,900.5213845027711
0.9563,10731,468.6614033253163
0.9563,10731,331.4362647704695
0.9563,10731,706.3509358987765
0.9563,10731,824.8628045592386
0.9563,10731,635.5893548049776
0.9563,10731,579.0304297814494
0.9563,10731,1028.727909651783
0.9563,10731,214.8834047892921
0.9563,10731,430.53351458747255
0.9563,10731,779.5325734602112
0.9563,10731,1011.0261424239256
0.9563,10731,749.3433023109902
0.9563,10731,518.6699780403638
0.9563,10731,275.2284847851093
0.9563,10731,386.26623444525774
0.9563,10731,618.232458433546
0.9563,10731,658.5051761999373
0.9563,10731,765.6693506221897
0.9563,10731,736.9790860608596
0.9563,10731,168.12736588936525
0.9563,10731,427.7107602216877
0.9563,10731,331.27972393600334
0.9563,10731,994.6068179441596
0.9563,10731,663.8478510927533
0.9563,10731,985.3780194499634
0.9563,10731,137.02520129666422
0.9563,10731,874.5528599811773
0.9563,10731,302.634110634738
0.9563,10731,810.0624281083342
0.9563,10731,168.67876189480288
0.9563,10731,328.797762208512
0.9563,10731,506.7846909965492
0.9563,10731,177.813552232563
0.9563,10731,715.4885496183207
0.9563,10731,703.2617379483424
0.9563,10731,787.1914671128307
0.9563,10731,942.182578688696
0.9563,10731,456.8268325839172
0.9563,10731,387.9005542193872
0.9563,10731,211.43333681898983
0.9563,10731,2.477256091184775
0.9563,10731,603.0082610059604
0.9563,10731,786.6303461256928
0.9563,10731,922.504235072676
0.9563,10731,996.5648854961833
0.9563,10731,163.63515633169507
0.9563,10731,405.9536756248039
0.9563,10731,413.5644672174004
0.9563,10731,396.4884450486249
0.9563,10731,676.8405312140542
0.9563,10731,333.4735961518352
0.9563,10731,554.4021750496706
0.9563,10731,614.5705322597511
0.9563,10731,473.1171180591864
0.9563,10731,815.9935166788664
0.9563,10731,738.2428108334204
0.9563,10731,1069.9752169821186
0.9563,10731,1035.8934434800794
0.9563,10731,307.96340060650425
0.9563,10731,872.7288507790441
0.9563,10731,461.4108543344139
0.9563,10731,696.6202028652096
0.9563,10731,203.9187493464394
0.9563,10731,954.130921259019
0.9563,10731,777.5230576179023
0.9563,10731,778.3161141901078
0.9563,10731,239.6647495555788
0.9563,10731,385.7453727909652
0.9563,10731,767.9907978667783
0.9563,10731,968.7032312035972
0.9563,10731,828.1864477674369
0.9563,10731,256.5116595210708
0.9563,10731,116.1526717557252
0.9563,10731,1025.8684513228063
0.9563,10731,567.9564990065878
0.9563,10731,643.713479033776
0.9563,10731,196.42727177663912
0.9563,10731,640.0876294049984
0.9563,10731,385.4094949283697
0.9563,10731,765.3306493778103
0.9563,10731,965.5490954721322
0.9563,10731,946.2034926278365
0.9563,10731,88.99550350308479
0.9563,10731,688.7758025724145
0.9563,10731,1059.9668514064624
0.9563,10731,202.39935166788663
0.9563,10731,740.9780403639026
0.9563,10731,673.3198786991529
0.9563,10731,264.56781344766284
0.9563,10731,634.0790546899509
0.9563,10731,922.4382515946878
0.9563,10731,16.60043919272195
0.9563,10731,354.01746313918227
0.9563,10731,675.103942277528
0.9563,10731,698.9741712851616
0.9563,10731,578.330021959636
0.9563,10731,174.16511554951376
0.9563,10731,278.0675520234236
0.9563,10731,586.3842936317055
0.9563,10731,757.6356791801736
0.9563,10731,532.268953257346
0.9563,10731,292.0428735752379
0.9563,10731,1063.063160096204
0.9563,10731,1037.2894489177036
0.9563,10731,735.9154031161769
0.9563,10731,745.6563839799226
0.9563,10731,859.8478510927533
0.9563,10731,212.39412318310156
0.9563,10731,863.9650737216355
0.9563,10731,296.891874934644
0.9563,10731,978.1635470040784
0.9563,10731,558.2840112935271
0.9563,10731,401.4484994248666
0.9563,10731,428.62166684094944
0.9563,10731,509.6440447558297
0.9563,10731,643.6124647077277
0.9563,10731,304.9374673219701
0.9563,10731,982.331485935376
0.9563,10731,459.78322702080936
0.9563,10731,617.1255882045383
0.9563,10731,329.3076440447558
0.9563,10731,276.3835616438356
0.9563,10731,282.8385443898358
0.9563,10731,999.1443061800692
0.9563,10731,774.0890933807382
0.9563,10731,718.057931611419
0.9563,10731,314.76785527554114
0.9563,10731,651.9034821708668
0.9563,10731,602.2975007842726
0.9563,10731,857.9905887273868
0.9563,10731,762.1018508836139
0.9563,10731,565.0371222419743
0.9563,10731,391.9735438669873
0.9563,10731,824.5062218968942
0.9563,10731,634.8868555892502
0.9563,10731,46.05374882359092
0.9563,10731,18.896998849733347
0.9563,10731,496.9910070061696
0.9563,10731,483.2084074035344
0.9563,10731,33.82704172330858
0.9563,10731,639.6677820767541
0.9563,10731,404.8129248143888
0.9563,10731,735.7648227543657
0.9563,10731,632.5218027815538
0.9563,10731,361.3793788560075
0.9563,10731,599.4059395587159
0.9563,10731,474.6829446826309
0.9563,10731,883.1839380947401
0.9563,10731,444.4372058977309
0.9563,10731,553.7112830701662
0.9563,10731,686.540729896476
0.9563,10731,502.9608909338073
0.9563,10731,631.5414618843458
0.9563,10731,583.2687441179546
0.9563,10731,667.5481543448708
0.9563,10731,1107.9513750914984
0.9563,10731,263.69277423402696
0.9563,10731,371.9585904005019
0.9563,10731,1061.36934016522
0.9563,10731,326.64184879222
0.9563,10731,1028.341210917076
0.9563,10731,523.3114085538011
0.9563,10731,851.1964864582244
0.9563,10731,105.58308062323538
0.9563,10731,474.7568754574924
0.9563,10731,551.7728746209348
0.9563,10731,703.4114817525881
0.9563,10731,781.9988497333472
0.9563,10731,264.0799958172122
0.9563,10731,600.092335041305
0.9563,10731,948.796298232772
0.9563,10731,765.0069015999163
0.9563,10731,1072.6623444525776
0.9563,10731,363.5512914357419
0.9563,10731,376.28547526926695
0.9563,10731,681.919585904005
0.9563,10731,756.7932657115967
0.9563,10731,773.9164488131339
0.9563,10731,194.0004182787828
0.9563,10731,915.6508417860504
0.9563,10731,874.8997176618216
0.9563,10731,292.4981700303252
0.9563,10731,837.825159468786
0.9563,10731,292.1703440342988
0.9563,10731,751.1773502039109
0.9563,10731,428.207884555056
0.9563,10731,818.1209871379274
0.9563,10731,770.3342047474642
0.9563,10731,562.4219387221583
0.9563,10731,528.7405625849628
0.9563,10731,549.9453100491477
0.9563,10731,296.96706054585377
0.9563,10731,569.3355641535082
0.9563,10731,867.0085747150476
0.9563,10731,446.2644567604308
0.9563,10731,785.996130921259
0.9563,10731,784.9088152253477
0.9563,10731,544.9437415037122
0.9563,10731,944.5023528181532
0.9563,10731,863.2203283488445
0.9563,10731,544.0095158423089
0.9563,10731,459.1461884345917
0.9563,10731,908.1025828714838
0.9563,10731,682.8782808742027
0.9563,10731,276.3835616438356
0.9563,10731,574.9484471400189
0.9563,10731,533.8863327407716
0.9563,10731,788.1877026037854
0.9563,10731,152.0479974903273
0.9563,10731,758.0809369444735
0.9563,10731,478.2035971975321
0.9563,10731,955.856739516888
0.9563,10731,386.41984732824426
0.9563,10731,577.0494614660671
0.9563,10731,731.1612464707728
0.9563,10731,600.7985987660775
0.9563,10731,874.8852870438146
0.9563,10731,628.1786050402593
0.9563,10731,822.4278991948133
0.9563,10731,277.1338492104988
0.9563,10731,728.4979608909338
0.9563,10731,523.5462720903482
0.9563,10731,782.2520129666422
0.9563,10731,97.93600334623024
0.9563,10731,583.735961518352
0.9563,10731,692.5817212171913
0.9563,10731,704.4915821394959
0.9563,10731,99.22890306389208
0.9563,10731,811.4882359092335
0.9563,10731,1017.3589877653455
0.9563,10731,900.5399979086061
0.9563,10731,649.7866778207675
0.9563,10731,851.0098295513959
0.9563,10731,196.2797239360033
0.9563,10731,855.9943532364321
0.9563,10731,4.243333681898986
0.9563,10731,852.4452577642999
0.9563,10731,113.7177663912998
0.9563,10731,484.3491582139496
0.9563,10731,1052.2610059604726
0.9563,10731,799.2170866882777
0.9563,10731,764.8396946564885
0.9563,10731,735.9988497333472
0.9563,10731,156.9859876607759
0.9563,10731,432.4036390254104
0.9563,10731,862.6515737739203
0.9563,10731,213.1659521070793
0.9563,10731,948.1911534037436
0.9563,10731,399.9217818676148
0.9563,10731,133.04893861758862
0.9563,10731,420.5375928056049
0.9563,10731,829.8269371536128
0.9563,10731,421.0921259019136
0.9563,10731,251.58318519293107
0.9563,10731,593.88905155286
0.9563,10731,380.3660985046533
0.9563,10731,904.5364425389522
0.9563,10731,932.9515842308898
0.9563,10731,326.3640071107393
0.9563,10731,492.0246784481857
0.9563,10731,556.1799644463034
0.9563,10731,1021.3070166265816
0.9563,10731,439.7887692146816
0.9563,10731,769.5759698839277
0.9563,10731,779.6111053016836
0.9563,10731,965.5085224301996
0.9563,10731,1024.899194813343
0.9563,10731,582.0494614660671
0.9563,10731,568.7563526090139
0.9563,10731,691.7317787305238
0.9563,10731,387.9900658789083
0.9563,10731,632.6262679075604
0.9563,10731,864.2599602635156
0.9563,10731,762.1514169193767
0.9563,10731,605.3558506744745
0.9563,10731,50.80936944473491
0.9563,10731,920.042873575238
0.9563,10731,662.2231517306284
0.9563,10731,477.2436473909861
0.9563,10731,923.578688696016
0.9563,10731,752.0829237686918
0.9563,10731,805.2622607968211
0.9563,10731,557.6332740771724
0.9563,10731,416.1564362647704
0.9563,10731,778.2780508208721
0.9563,10731,651.542507581303
0.9563,10731,346.3032521175363
0.9563,10731,1012.163965282861
0.9563,10731,380.5222210603367
0.9563,10731,735.2584962877758
0.9563,10731,198.128516156018
0.9563,10731,417.9978040363902
0.9563,10731,659.8294468263098
0.9563,10731,1052.0446512600647
0.9563,10731,677.8891561225556
0.9563,10731,60.93704904318728
0.9563,10731,572.3306493778102
0.9563,10731,589.4502771096935
0.9563,10731,50.50548990902436
0.9563,10731,433.3746732197009
0.9563,10731,778.4666945519189
0.9563,10731,703.8800585590295
0.9563,10731,598.856739516888
0.9563,10731,941.1738994039526
0.9563,10731,351.24866673637973
0.9563,10731,1008.6198891561224
0.9563,10731,716.5220119209454
0.9563,10731,285.7356478092649
0.9563,10731,776.2784690996549
0.9563,10731,356.2925860085747
0.9563,10731,361.4222524312455
0.9563,10731,139.3826205165743
0.9563,10731,90.86782390463244
0.9563,10731,954.3204015476314
0.9563,10731,710.485621666841
0.9563,10731,727.6655861131443
0.9563,10731,245.3164278991948
0.9563,10731,594.2056885914461
0.9563,10731,1025.6363065983478
0.9563,10731,367.7612673847119
0.9563,10731,393.9846282547318
0.9563,10731,298.0581407508104
0.9563,10731,15.422357000941126
0.9563,10731,657.9135208616542
0.9563,10731,662.9217818676148
0.9563,10731,873.3616020077382
0.9563,10731,706.2293213426749
0.9563,10731,387.823381783959
0.9563,10731,1024.1496392345498
0.9563,10731,755.6195754470355
0.9563,10731,176.66935062218968
0.9563,10731,692.9624594792429
0.9563,10731,77.6837812401966
0.9563,10731,102.85328871692982
0.9563,10731,682.4908501516261
0.9563,10731,838.1838335250444
0.9563,10731,643.492314127366
0.9563,10731,859.0047056363065
0.9563,10731,860.978563212381
0.9563,10731,776.5920736170657
0.9563,10731,622.1666840949492
0.9563,10731,182.7161978458643
0.9563,10731,25.637561434696224
0.9563,10731,565.7540520757085
0.9563,10731,931.5598661507894
0.9563,10731,879.8996130921258
0.9563,10731,661.0142214786155
0.9563,10731,774.3184147234131
0.9563,10731,372.4226707100282
0.9563,10731,787.745059081878
0.9563,10731,491.1071839380948
0.9563,10731,672.9106974798704
0.9563,10731,1054.3624385653036
0.9563,10731,412.5617484053121
0.9563,10731,921.0629509568126
0.9563,10731,427.2371640698525
0.9563,10731,1103.7262365366516
0.9563,10731,418.16961204642894
0.9563,10731,782.6314963923455
0.9563,10731,273.8996130921259
0.9563,10731,311.9790860608595
0.9563,10731,642.0351354177559
0.9563,10731,599.9211544494406
0.9563,10731,316.71567499738575
0.9563,10731,567.4307225765973
0.9563,10731,561.6520966223987
0.9563,10731,145.5836034717139
0.9563,10731,440.057931611419
0.9563,10731,172.08051866569068
0.9563,10731,784.5457492418698
0.9563,10731,559.9050507163023
0.9563,10731,765.3838753529227
0.9563,10731,251.48060232144724
0.9563,10731,793.4773606608804
0.9563,10731,488.2545226393391
0.9563,10731,1094.7027083551186
0.9563,10731,540.896057722472
0.9563,10731,813.162187598034
0.9563,10731,960.2477256091184
0.9563,10731,483.84701453518767
0.9563,10731,325.1154449440552
0.9563,10731,574.4061486981074
0.9563,10731,58.16720694342779
0.9563,10731,76.82087211126216
0.9563,10731,133.23831433650528
0.9563,10731,649.3633796925651
0.9563,10731,854.5570427690055
0.9563,10731,468.5745059081878
0.9563,10731,25.13353550141169
0.9563,10731,1087.7277005123915
0.9563,10731,703.5622712537906
0.9563,10731,465.5413573146502
0.9563,10731,46.07978667782076
0.9563,10731,589.0581407508104
0.9563,10731,291.6786573251072
0.9563,10731,49.77820767541566
0.9563,10731,543.9152985464813
0.9563,10731,360.8852870438147
0.9563,10731,582.1403325316322
0.9563,10731,906.081459792952
0.9563,10731,851.3860713165325
0.9563,10731,685.7642999058872
0.9563,10731,68.59426958067552
0.9563,10731,760.5284952420789
0.9563,10731,507.73533410017774
0.9563,10731,47.75415664540416
0.9563,10731,831.1322806650631
0.9563,10731,399.8445048624909
0.9563,10731,1083.911115758653
0.9563,10731,196.01610373313807
0.9563,10731,357.9823277214263
0.9563,10731,999.3193558506744
0.9563,10731,939.9677925337236
0.9563,10731,982.2830701662658
0.9563,10731,733.8131339537802
0.9563,10731,1035.7095053853393
0.9563,10731,314.17870960995504
0.9563,10731,391.0543762417651
0.9563,10731,348.782285893548
0.9563,10731,961.429049461466
0.9563,10731,260.6285684408658
0.9563,10731,652.4698316427899
0.9563,10731,509.9802363275123
0.9563,10731,779.8024678448186
0.9563,10731,484.89846282547313
0.9563,10731,240.40980863745685
0.9563,10731,666.4195336191572
0.9563,10731,917.104674265398
0.9563,10731,357.16678866464497
0.9563,10731,142.33755097772666
0.9563,10731,1088.4065669768902
0.9563,10731,967.339119523162
0.9563,10731,517.7101328035135
0.9563,10731,436.1217191257973
0.9563,10731,45.03074349053644
0.9563,10731,643.0102478301789
0.9563,10731,255.96632855798387
0.9563,10731,713.4982746000209
0.9563,10731,951.4305134372058
0.9563,10731,802.2743908815225
0.9563,10731,299.944159782495
0.9563,10731,324.693819930984
0.9563,10731,602.6177977622085
0.9563,10731,364.170657743386
0.9563,10731,1100.3783331590505
0.9563,10731,873.4207884555055
0.9563,10731,754.3009515842308
0.9563,10731,231.6894280037645
0.9563,10731,119.79807591759908
0.9563,10731,1014.7271776639128
0.9563,10731,765.9947715152149
0.9563,10731,683.6083864895953
0.9563,10731,943.612673847119
0.9563,10731,357.0159991634424
0.9563,10731,914.8202446930878
0.9563,10731,810.6707100282339
0.9563,10731,818.9122660253058
0.9563,10731,307.62595419847327
0.9563,10731,1067.1084387744431
0.9563,10731,904.5579838962668
0.9563,10731,675.3311722262888
0.9563,10731,817.542507581303
0.9563,10731,1005.0623235386386
0.9563,10731,698.8981491163861
0.9563,10731,525.8147024992156
0.9563,10731,438.7495555787932
0.9563,10731,689.1516260587682
0.9563,10731,582.1855066401757
0.9563,10731,797.033357732929
0.9563,10731,727.7023946460315
0.9563,10731,684.3400606504234
0.9563,10731,340.8165847537384
0.9563,10731,716.2618425180382
0.9563,10731,109.33200878385443
0.9563,10731,750.8433545958382
0.9563,10731,1026.140437101328
0.9563,10731,1038.7762208511972
0.9563,10731,668.1085433441389
0.9563,10731,669.8508836139287
0.9563,10731,679.5838126111053
0.9563,10731,52.47056363065983
0.9563,10731,576.2956185297501
0.9563,10731,691.7853184147234
0.9563,10731,106.6323329499111
0.9563,10731,680.7929520025097
0.9563,10731,38.02499215727282
0.9563,10731,626.371849837917
0.9563,10731,589.6574296768796
0.9563,10731,29.86991529854648
0.9563,10731,127.45351877026036
0.9563,10731,864.9303565826623
0.9563,10731,653.6764613614974
0.9563,10731,795.3734183833525
0.9563,10731,912.31946042037
0.9563,10731,438.300533305448
0.9563,10731,657.843354595838
0.9563,10731,761.0731987869915
0.9563,10731,150.56436264770468
0.9563,10731,792.6159155076858
0.9563,10731,666.557251908397
0.9563,10731,234.3792742863118
0.9563,10731,169.31757816584752
0.9563,10731,31.95503503084806
0.9563,10731,836.6791801735857
0.9563,10731,612.4207884555055
0.9563,10731,42.04506953884764
0.9563,10731,790.8541252744955
0.9563,10731,1107.252849524208
0.9563,10731,1006.0194499634006
0.9563,10731,476.2853706995712
0.9563,10731,1087.352504444212
0.9563,10731,436.95001568545433
0.9563,10731,420.0913939140437
0.9563,10731,506.8035135417756
0.9563,10731,53.36421625013071
0.9563,10731,566.422775279724
0.9563,10731,219.3543866987347
0.9563,10731,675.1026874411795
0.9563,10731,664.2146815852765
0.9563,10731,474.1014326048311
0.9563,10731,903.4909547213218
0.9563,10731,705.2693715361288
0.9563,10731,856.511241242288
0.9563,10731,1056.0046010666108
0.9563,10731,879.3671442016104
0.9563,10731,205.59719753215515
0.9563,10731,98.76388162710448
0.9563,10731,850.8857053225975
0.9563,10731,593.0697479870333
0.9563,10731,853.7101328035135
0.9563,10731,224.8109379901705
0.9563,10731,672.0851197323016
0.9563,10731,792.5222210603367
0.9563,10731,991.9521070793684
0.9563,10731,206.92240928578897
0.9563,10731,692.2713583603471
0.9563,10731,943.612673847119
0.9563,10731,997.1826832583918
0.9563,10731,47.55683362961413
0.9563,10731,1030.6828401129353
0.9563,10731,691.1468158527658
0.9563,10731,894.9511659521071
0.9563,10731,1004.3613928683468
0.9563,10731,653.6975844400292
0.9563,10731,703.7319878699152
0.9563,10731,599.2892397783122
0.9563,10731,650.547422357001
0.9563,10731,829.5152148907247
0.9563,10731,717.6083864895953
0.9563,10731,712.5293317996444
0.9563,10731,904.1658475373836
0.9563,10731,821.2431245425075
0.9563,10731,126.95921781867617
0.9563,10731,683.1769319251281
0.9563,10731,523.3195649900658
0.9563,10731,576.8167938931298
0.9563,10731,840.1993098400084
0.9563,10731,816.3854438983582
0.9563,10731,796.9882881940813
0.9563,10731,730.141169089198
0.9563,10731,630.3597197532155
0.9563,10731,316.3303356687232
0.9563,10731,730.2166684094949
0.9563,10731,375.0787409808637
0.9563,10731,168.09892293213426
0.9563,10731,921.2142633064936
0.9563,10731,826.8615497228903
0.9563,10731,517.5255672905992
0.9563,10731,324.6862909128934
0.9563,10731,715.0887796716511
0.9563,10731,528.9481334309316
0.9563,10731,569.8432500261424
0.9563,10731,789.0222733451845
0.9563,10731,1003.7532155181428
0.9563,10731,749.3863850256196
0.9563,10731,843.2477256091184
0.9563,10731,925.3900449649692
0.9563,10731,865.3899403952735
0.9563,10731,1083.2665481543447
0.9563,10731,1019.3934957649273
0.9563,10731,241.3106765659312
0.9563,10731,325.82725086269994
0.9563,10731,496.2694761058245
0.9563,10731,530.4732824427481
0.9563,10731,901.2046428944892
0.9563,10731,784.770364948238
0.9563,10731,86.53194604203702
0.9563,10731,977.176304506954
0.9563,10731,851.5174108543343
0.9563,10731,533.3146502143678
0.9563,10731,522.0462198055003
0.9563,10731,386.8425180382725
0.9563,10731,356.02687441179546
0.9563,10731,80.00250967269685
0.9563,10731,600.1616647495556
0.9563,10731,493.2025515005751
0.9563,10731,973.3657847955662
0.9563,10731,39.38220223779149
0.9563,10731,752.2005646763567
0.9563,10731,297.6419533619157
0.9563,10731,361.8726341106348
0.9563,10731,478.1584230889888
0.9563,10731,663.7363797971348
0.9563,10731,426.9481334309317
0.9563,10731,1026.0793683990378
0.9563,10731,782.9398724249712
0.9563,10731,15.276795984523684
0.9563,10731,403.4497542612151
0.9563,10731,777.4171285161559
0.9563,10731,237.4551918853916
0.9563,10731,581.1954407612674
0.9563,10731,274.85914461988915
0.9563,10731,734.8439820140123
0.9563,10731,413.1823695493046
0.9563,10731,281.84094949283696
0.9563,10731,246.248248457597
0.9563,10731,513.9664331276796
0.9563,10731,1020.2283802154136
0.9563,10731,765.8168984628254
0.9563,10731,476.8692878803722
0.9563,10731,593.0697479870333
0.9563,10731,525.3311722262888
0.9563,10731,144.55704276900553
0.9563,10731,268.6553382829656
0.9563,10731,659.4460943218654
0.9563,10731,58.54313499947715
0.9563,10731,743.1274704590609
0.9563,10731,307.2850569904841
0.9563,10731,826.137300010457
0.9563,10731,946.6173794834256
0.9563,10731,904.2995921781868
0.9563,10731,610.4654397155704
0.9563,10731,481.1407508104151
0.9563,10731,330.4354282129039
0.9563,10731,691.3740458015267
0.9563,10731,528.9562898671965
0.9563,10731,270.127784168148
0.9563,10731,346.9301474432709
0.9563,10731,859.8669873470668
0.9563,10731,917.8589354804976
0.9563,10731,587.0694342779462
0.9563,10731,478.6293004287357
0.9563,10731,494.65052807696327
0.9563,10731,721.4771515214891
0.9563,10731,776.2686395482589
0.9563,10731,762.4307225765972
0.9563,10731,780.0605458538115
0.9563,10731,604.2926905782704
0.9563,10731,418.3469622503399
0.9563,10731,244.88664644985883
0.9563,10731,66.70710028233817
0.9563,10731,961.2985464812296
0.9563,10731,1013.6965387430722
0.9563,10731,698.1240196591027
0.9563,10731,889.0645195022482
0.9563,10731,1022.0927533200876
0.9563,10731,630.2748091603054
0.9563,10731,863.8396946564884
0.9563,10731,848.042141587368
0.9563,10731,202.0949492836976
0.9563,10731,443.7069957126425
0.9563,10731,948.8769214681583
0.9563,10731,62.4495451218237
0.9563,10731,381.09505385339327
0.9563,10731,736.899926801213
0.9563,10731,116.18508836139286
0.9563,10731,869.3105719962355
0.9563,10731,260.651678343616
0.9563,10731,638.9759489699884
0.9563,10731,558.1013280351355
0.9563,10731,438.6049356896372
0.9563,10731,823.4244483948551
0.9563,10731,198.255254627209
0.9563,10731,115.94593746732195
0.9563,10731,792.2188643731046
0.9563,10731,394.9640280246784
0.9563,10731,699.6686186343198
0.9563,10731,90.15601798598766
0.9563,10731,573.0090975635261
0.9563,10731,271.4091812192827
0.9563,10731,211.58684513228064
0.9563,10731,1073.1456655861132
0.9563,10731,49.67374254940918
0.9563,10731,705.2607968210813
0.9563,10731,45.92889260692251
0.9563,10731,197.07476733242703
0.9563,10731,579.2805604935689
0.9563,10731,429.462093485308
0.9563,10731,759.6660043919272
0.9563,10731,649.7834361602007
0.9563,10731,631.8816271044651
0.9563,10731,586.1648018404267
0.9563,10731,1016.6535605981388
0.9563,10731,318.8301788141796
0.9563,10731,622.5676043082715
0.9563,10731,567.6034717138973
0.9563,10731,306.3443480079473
0.9563,10731,631.5786886960159
0.9563,10731,820.1890620098295
0.9563,10731,153.07790442329812
0.9563,10731,710.9986405939559
0.9563,10731,917.4459897521698
0.9563,10731,57.9805500365994
0.9563,10731,691.844818571578
0.9563,10731,287.9978040363903
0.9563,10731,291.44996340060646
0.9563,10731,473.70605458538114
0.9563,10731,189.54794520547944
0.9563,10731,808.4260169402907
0.9563,10731,396.1332217923246
0.9563,10731,387.7814493359824
0.9563,10731,207.2599602635156
0.9563,10731,716.4114817525881
0.9563,10731,543.8050820872111
0.9563,10731,47.4068806859772
0.9563,10731,484.4338596674683
0.9563,10731,660.9782495032939
0.9563,10731,994.8790128620724
0.9563,10731,386.2781553905678
0.9563,10731,326.727177663913
0.9563,10731,946.432500261424
0.9563,10731,563.3017881417966
0.9563,10731,946.5959426958068
0.9563,10731,376.73920317891873
0.9563,10731,1029.0654606295095
0.9563,10731,750.5763881627105
0.9563,10731,229.88277737111787
0.9563,10731,733.5482589145665
0.9563,10731,829.6833629614138
0.9563,10731,670.9486562794102
0.9563,10731,336.2684304088675
0.9563,10731,324.5971975321552
0.9563,10731,705.2839067238314
0.9563,10731,1057.7533200878386
0.9563,10731,473.0229007633588
0.9563,10731,696.0677611628149
0.9563,10731,441.210289658057
0.9563,10731,651.41995189794
0.9563,10731,816.4821708668828
0.9563,10731,1012.4368921886436
0.9563,10731,1035.5535919690474
0.9563,10731,530.8779671651156
0.9563,10731,804.022796193663
0.9563,10731,952.8964760012548
0.9563,10731,305.832165638398
0.9563,10731,653.1532991738994
0.9563,10731,965.5931193140228
0.9563,10731,1024.9832688486877
0.9563,10731,668.1022691623967
0.9563,10731,991.6571159677924
0.9563,10731,604.405521279933
0.9563,10731,810.5278678239046
0.9563,10731,843.6934016522011
0.9563,10731,849.3254208930251
0.9563,10731,742.4310362856844
0.9563,10731,704.2815016208303
0.9563,10731,969.6970615915508
0.9563,10731,592.3845027710969
0.9563,10731,219.53100491477568
0.9563,10731,395.9228275645718
0.9563,10731,292.7367980759176
0.9563,10731,1078.4921049879745
0.9563,10731,909.3722681166996
0.9563,10731,924.605667677507
0.9563,10731,1020.2339224092858
0.9563,10731,955.8968942800376
0.9563,10731,306.95085224302
0.9563,10731,719.9886019031684
0.9563,10731,845.8208721112621
0.9563,10731,810.4221478615497
0.9563,10731,770.9772038063369
0.9563,10731,628.7188120882568
0.9563,10731,424.6290912893443
0.9563,10731,863.4173376555474
0.9563,10731,603.5022482484576
0.9563,10731,693.6829446826309
0.9563,10731,953.2688486876502
0.9563,10731,845.2903900449649
0.9563,10731,848.8705427167207
0.9563,10731,847.5494091812192
0.9563,10731,260.4939872424971
0.9563,10731,407.5738784900136
0.9563,10731,647.6670500888843
0.9563,10731,823.8190944264352
0.9563,10731,848.2217923245843
0.9563,10731,959.812506535606
0.9563,10731,643.6748928160619
0.9563,10731,890.2026560702708
0.9563,10731,696.8130293840844
0.9563,10731,779.1307121196278
0.9563,10731,158.4885496183206
0.9563,10731,781.3053435114504
0.9563,10731,274.4972289030639
0.9563,10731,664.6438356164383
0.9563,10731,351.16166474955554
0.9563,10731,333.047056363066
0.9563,10731,404.6556519920527
0.9563,10731,1057.4359510613824
0.9563,10731,219.2118582034926
0.9563,10731,529.8093694447349
0.9563,10731,667.5038167938931
0.9563,10731,422.7191257973439
0.9563,10731,247.1582139495974
0.9563,10731,361.62564048938617
0.9563,10731,214.02530586635996
0.9563,10731,796.0202865209661
0.9563,10731,291.47997490327305
0.9563,10731,91.06556519920528
0.9563,10731,875.739098609223
0.9563,10731,340.1397051134581
0.9563,10731,119.63766600439192
0.9563,10731,79.75781658475374
0.9563,10731,621.4802886123601
0.9563,10731,723.8948028861236
0.9563,10731,484.0454878176304
0.9563,10731,789.379901704486
0.9563,10731,97.880267698421
0.9563,10731,984.5163651573774
0.9563,10731,177.8428317473596
0.9563,10731,426.8163756143469
0.9563,10731,438.40635783749866
0.9563,10731,778.3024155599708
0.9563,10731,280.79514796611943
0.9563,10731,1059.0693297082505
0.9563,10731,603.8717975530692
0.9563,10731,522.9115340374359
0.9563,10731,89.27397260273972
0.9563,10731,558.9878699152986
0.9563,10731,672.0828191989962
0.9563,10731,170.17504967060546
0.9563,10731,759.4589563944368
0.9563,10731,688.7326152880895
0.9563,10731,897.2709400815644
0.9563,10731,802.9023319042142
0.9563,10731,539.2717766391299
0.9563,10731,217.75269266966436
0.9563,10731,105.73345184565513
0.9563,10731,622.8759803408972
0.9563,10731,490.4014430618007
0.9563,10731,13.173481125169925
0.9563,10731,1064.499320296978
0.9563,10731,608.0283383875352
0.9563,10731,789.97469413364
0.9563,10731,4.576388162710447
0.9563,10731,856.7713060754993
0.9563,10731,768.9125797343929
0.9563,10731,959.7097145247308
0.9563,10731,832.1489072466799
0.9563,10731,583.8241137718289
0.9563,10731,622.1492209557671
0.9563,10731,855.4549827460002
0.9563,10731,172.17107602216876
0.9563,10731,348.6349471923037
0.9563,10731,811.095158423089
0.9563,10731,458.6300324166056
0.9563,10731,1032.8715884136775
0.9563,10731,841.577956708146
0.9563,10731,606.4717138973125
0.9563,10731,478.35585067447454
0.9563,10731,830.1140855380111
0.9563,10731,695.8900972498169
0.9563,10731,858.9534664854125
0.9563,10731,241.88267280142213
0.9563,10731,256.0596047265502
0.9563,10731,608.5716825264037
0.9563,10731,470.2220014639757
0.9563,10731,197.73073303356688
0.9563,10731,436.9919481334309
0.9563,10731,871.4931506849315
0.9563,10731,137.65241033148592
0.9563,10731,306.3443480079473
0.9563,10731,64.45728327930566
0.9563,10731,544.535083132908
0.9563,10731,715.3058663599289
0.9563,10731,690.6257450590819
0.9563,10731,286.3204015476315
0.9563,10731,824.0685977203806
0.9563,10731,629.297396214577
0.9563,10731,836.5276586845132
0.9563,10731,114.25295409390358
0.9563,10731,676.0719439506431
0.9563,10731,1015.2118582034924
0.9563,10731,454.0730942172958
0.9563,10731,357.76314963923454
0.9563,10731,514.0051239150894
0.9563,10731,742.0599184356373
0.9563,10731,1043.276691414828
0.9563,10731,630.8758757712014
0.9563,10731,234.7389940395273
0.9563,10731,530.2047474641848
0.9563,10731,729.383770783227
0.9563,10731,328.835302729269
0.9563,10731,870.98734706682
0.9563,10731,559.4764195336192
0.9563,10731,712.6642267071003
0.9563,10731,620.1785004705636
0.9563,10731,1017.455401024783
0.9563,10731,314.19387221583185
0.9563,10731,643.0626372477255
0.9563,10731,315.4185924918958
0.9563,10731,780.0609641325943
0.9563,10731,381.6606713374464
0.9563,10731,1036.4584335459583
0.9563,10731,677.5341420056467
0.9563,10731,1083.5471086479138
0.9563,10731,783.0322074662763
0.9563,10731,568.453309630869
0.9563,10731,391.1733765554742
0.9563,10731,243.14200564676355
0.9563,10731,698.5332008783854
0.9563,10731,924.1224511136672
0.9563,10731,599.7951479661194
0.9563,10731,954.692042246157
0.9563,10731,586.5291226602529
0.9563,10731,393.5938513018927
0.9563,10731,275.5114503816794
0.9563,10731,621.6589982223151
0.9563,10731,574.7125379065147
0.9563,10731,405.8507790442329
0.9563,10731,709.7426539788769
0.9563,10731,1012.6357837498692
0.9563,10731,452.3319042141587
0.9563,10731,555.3919272194918
0.9563,10731,581.779148802677
0.9563,10731,828.5807800899299
0.9563,10731,461.6096413259437
0.9563,10731,751.4092857889784
0.9563,10731,935.0779044232982
0.9563,10731,769.7951479661193
0.9563,10731,765.316323329499
0.9563,10731,109.2304716093276
0.9563,10731,491.62156227125377
0.9563,10731,549.3518770260378
0.9563,10731,204.29917389940397
0.9563,10731,679.3551186866046
0.9563,10731,67.25065356059814
0.9563,10731,384.4212067342884
0.9563,10731,921.8794311408552
0.9563,10731,767.6931925128098
0.9563,10731,817.9259646554428
0.9563,10731,1010.8010038690788
0.9563,10731,807.5677088779672
0.9563,10731,1040.0662971870752
0.9563,10731,771.9354804977518
0.9563,10731,683.245425075813
0.9563,10731,616.9751124124228
0.9563,10731,627.533723726864
0.9563,10731,635.857785213845
0.9563,10731,824.3396423716407
0.9563,10731,914.2312035971976
0.9563,10731,739.1424239255464
0.9563,10731,619.4408658370804
0.9563,10731,890.7050088884241
0.9563,10731,821.3635888319565
0.9563,10731,1060.3442434382516
0.9563,10731,910.2432291122032
0.9563,10731,446.1579002405103
0.9563,10731,1009.3382829655964
0.9563,10731,414.0537488235909
0.9563,10731,761.2566140332531
0.9563,10731,377.1544494405521
0.9563,10731,616.7874098086374
0.9563,10731,683.2405103001149
0.9563,10731,325.74328139705113
0.9563,10731,360.321970093067
0.9563,10731,813.6187388894698
0.9563,10731,133.12234654397156
0.9563,10731,203.83394332322493
0.9563,10731,771.8264143051344
0.9563,10731,1088.8309108020496
0.9563,10731,889.2704172330858
0.9563,10731,828.267907560389
0.9563,10731,237.19261737948344
0.9563,10731,119.8468053957963
0.9563,10731,177.00794729687334
0.9563,10731,810.2726131966956
0.9563,10731,1029.1146083864896
0.9563,10731,736.3077486144515
0.9563,10731,721.5649900658789
0.9563,10731,1043.2487713060757
0.9563,10731,1029.5415664540417
0.9563,10731,641.9553487399351
0.9563,10731,36.498902018195125
0.9563,10731,939.0557356478092
0.9563,10731,313.8962668618634
0.9563,10731,920.6939245006796
0.9563,10731,298.37990170448603
0.9563,10731,582.3928683467532
0.9563,10731,277.04590609641326
0.9563,10731,720.4144097040678
0.9563,10731,617.77737111785
0.9563,10731,406.458224406567
0.9563,10731,112.40426644358465
0.9563,10731,314.13311722262887
0.9563,10731,374.1261110530168
0.9563,10731,280.5710551082296
0.9563,10731,878.7878280874203
0.9563,10731,810.4521593642162
0.9563,10731,631.1254836348426
0.9563,10731,823.7866778207675
0.9563,10731,627.0556310781135
0.9563,10731,900.563526090139
0.9563,10731,891.219073512496
0.9563,10731,1041.080414095995
0.9563,10731,754.2221060336715
0.9563,10731,787.8720066924604
0.9563,10731,868.6227125379065
0.9563,10731,744.8603994562375
0.9563,10731,494.9991634424344
0.9563,10731,569.1161769319251
0.9563,10731,800.846909965492
0.9563,10731,384.7246679912161
0.9563,10731,809.661821604099
0.9563,10731,479.8111471295618
0.9563,10731,876.9462511764091
0.9563,10731,1015.954303042978
0.9563,10731,407.9089197950434
0.9563,10731,146.18446094321865
0.9563,10731,757.9280560493569
0.9563,10731,702.7884555055945
0.9563,10731,290.33650528076964
0.9563,10731,840.4954512182369
0.9563,10731,644.6386071316532
0.9563,10731,729.0455923873261
0.9563,10731,353.9099654920004
0.9563,10731,172.28118791174316
0.9563,10731,426.70197636724873
0.9563,10731,169.20809369444734
0.9563,10731,209.55798389626685
0.9563,10731,53.70626372477256
0.9563,10731,576.4931506849315
0.9563,10731,61.75488863327407
0.9563,10731,501.29467740248873
0.9563,10731,1036.8825682317265
0.9563,10731,725.1729582766914
0.9563,10731,204.0102478301788
0.9563,10731,58.570636829446826
0.9563,10731,704.4229844191152
0.9563,10731,385.1306075499321
0.9563,10731,374.7529018090557
0.9563,10731,308.13897312558817
0.9563,10731,439.3308585172017
0.9563,10731,527.3704904318729
0.9563,10731,243.16480184042663
0.9563,10731,876.7469413364006
0.9563,10731,683.0785318414722
0.9563,10731,771.3625431349994
0.9563,10731,983.861654292586
0.9563,10731,782.6990484157691
0.9563,10731,756.7679598452368
0.9563,10731,670.9848373941231
0.9563,10731,736.1679389312976
0.9563,10731,761.6156017985987
0.9563,10731,830.8467008261005
0.9563,10731,842.1385548468053
0.9563,10731,733.846596256405
0.9563,10731,54.34225661403325
0.9563,10731,513.2386280455923
0.9563,10731,915.7266548154344
0.9563,10731,819.5402070479975
0.9563,10731,245.3696538743072
0.9563,10731,899.7902331904213
0.9563,10731,776.3548049775175
0.9563,10731,587.5114503816794
0.9563,10731,473.98243229112205
0.9563,10731,432.90881522534767
0.9563,10731,1027.755620621144
0.9563,10731,251.82568231726444
0.9563,10731,62.99341210917076
0.9563,10731,1039.3827250862698
0.9563,10731,834.4592701035239
0.9563,10731,858.9013907769528
0.9563,10731,526.7234131548677
0.9563,10731,622.4440029279515
0.9563,10731,364.7847955662449
0.9563,10731,511.36515737739205
0.9563,10731,708.1120987137928
0.9563,10731,611.8377078322702
0.9563,10731,670.4001882254522
0.9563,10731,445.2439611000732
0.9563,10731,747.4949283697583
0.9563,10731,824.2648750392136
0.9563,10731,55.630346125692775
0.9563,10731,213.2437519606818
0.9563,10731,846.8340478929206
0.9563,10731,822.9617274913729
0.9563,10731,753.1115758653142
0.9563,10731,454.8519293108857
0.9563,10731,823.3473805291227
0.9563,10731,674.4836348426226
0.9563,10731,692.3159050507162
0.9563,10731,475.03022064205794
0.9563,10731,29.316009620412004
0.9563,10731,27.549095472132173
0.9563,10731,439.5778521384502
0.9563,10731,89.53811565408344
0.9563,10731,919.4953466485412
0.9563,10731,602.1581093799017
0.9563,10731,676.689950852243
0.9563,10731,191.41440970406777
0.9563,10731,468.6614033253163
0.9563,10731,532.1506849315068
0.9563,10731,482.95273449754256
0.9563,10731,661.0926487503921
0.9563,10731,854.865837080414
0.9563,10731,388.76283593014745
0.9563,10731,654.8072780508209
0.9563,10731,726.5546376660044
0.9563,10731,197.84105406253263
0.9563,10731,854.8954303042979
0.9563,10731,1100.8038272508625
0.9563,10731,690.33357732929
0.9563,10731,835.2780508208721
0.9563,10731,57.785004705636304
0.9563,10731,778.7081459792952
0.9563,10731,231.30816689323436
0.9563,10731,632.1858203492627
0.9563,10731,28.728850779044237
0.9563,10731,547.7155704276901
0.9563,10731,572.6235490954722
0.9563,10731,478.2374777789397
0.9563,10731,276.82380006274184
0.9563,10731,964.7004078218132
0.9563,10731,581.8499424866673
0.9563,10731,416.0436055631078
0.9563,10731,953.4281083342048
0.9563,10731,829.1595733556414
0.9563,10731,894.1345811983687
0.9563,10731,950.676252222106
0.9563,10731,211.0130712119628
0.9563,10731,913.8935480497752
0.9563,10731,497.12182369549305
0.9563,10731,649.2727177663912
0.9563,10731,731.3428840322074
0.9563,10731,69.62815016208303
0.9563,10731,541.5769110111889
0.9563,10731,644.9475060127575
0.9563,10731,764.253476942382
0.9563,10731,644.2790965178291
0.9563,10731,234.10917076231308
0.9563,10731,977.8612360138032
0.9563,10731,506.2246157063683
0.9563,10731,646.816375614347
0.9563,10731,434.89741712851617
0.9563,10731,12.610373313813655
0.9563,10731,441.75520234236114
0.9563,10731,649.5849628777579
0.9563,10731,975.3334727595942
0.9563,10731,744.0598138659416
0.9563,10731,185.89647600125485
0.9563,10731,294.3678761894803
0.9563,10731,910.3631705531736
0.9563,10731,609.1961727491373
0.9563,10731,799.8376032625745
0.9563,10731,963.7207989124752
0.9563,10731,868.3720589773084
0.9563,10731,191.45655129143572
0.9563,10731,108.46847223674578
0.9563,10731,703.7904423298128
0.9563,10731,666.9599498065461
0.9563,10731,728.3806336923559
0.9563,10731,364.6286730105615
0.9563,10731,454.1417965073721
0.9563,10731,660.5936421625013
0.9563,10731,888.8593537592806
0.9563,10731,964.6490641012236
0.9563,10731,864.8094740144305
0.9563,10731,651.6563839799226
0.9563,10731,960.2388371849836
0.9563,10731,147.05448081146082
0.9563,10731,835.451531946042
0.9563,10731,1072.4108543344137
0.9563,10731,699.657325107184
0.9563,10731,801.8267280142214
0.9563,10731,47.24490222733452
0.9563,10731,668.501725399979
0.9563,10731,93.99644463034612
0.9563,10731,306.9969674788247
0.9563,10731,79.37184983791697
0.9563,10731,819.6715465857994
0.9563,10731,646.6922513855484
0.9563,10731,973.1338492104989
0.9563,10731,27.657743385966747
0.9563,10731,595.5261947087733
0.9563,10731,574.3138136568023
0.9563,10731,782.2743908815225
0.9563,10731,992.1542403011608
0.9563,10731,663.5282861026874
0.9563,10731,997.055421938722
0.9563,10731,367.5352922722994
0.9563,10731,1010.3850256195752
0.9563,10731,76.38858098922931
0.9563,10731,245.5130189271149
0.9563,10731,188.6010666108961
0.9563,10731,603.9795043396423
0.9563,10731,652.1305029802363
0.9563,10731,1027.3336818989856
0.9563,10731,565.4261215099864
0.9563,10731,507.2843250026142
0.9563,10731,516.7040677611628
0.9563,10731,418.6808532887169
0.9563,10731,852.0750810415141
0.9563,10731,78.84492314127365
0.9563,10731,730.7415037122241
0.9563,10731,613.243333681899
0.9563,10731,872.8249503293945
0.9563,10731,731.2115444944055
0.9563,10731,565.9196904737007
0.9563,10731,832.6623444525776
0.9563,10731,375.4748509881836
0.9563,10731,717.9874516365157
0.9563,10731,735.186447767437
0.9563,10731,24.470877339746934
0.9563,10731,342.340583498902
0.9563,10731,160.72979190630556
0.9563,10731,460.3559552441702
0.9563,10731,855.1115758653142
0.9563,10731,459.7885600752902
0.9563,10731,1037.6462407194394
0.9563,10731,623.9507476733241
0.9563,10731,571.3491582139496
0.9563,10731,347.1584230889888
0.9563,10731,710.223674579107
0.9563,10731,131.99194813343092
0.9563,10731,797.9284743281396
0.9563,10731,596.7658684513227
0.9563,10731,393.095472132176
0.9563,10731,65.10676565931193
0.9563,10731,70.55223256300323
0.9563,10731,795.1522534769423
0.9563,10731,1032.2385234758965
0.9563,10731,818.4036390254104
0.9563,10731,999.3369235595524
0.9563,10731,368.6854543553278
0.9563,10731,357.1079159259646
0.9563,10731,565.1783959008679
0.9563,10731,631.326571159678
0.9563,10731,149.5183519815957
0.9563,10731,1005.4387744431664
0.9563,10731,701.49367353341
0.9563,10731,1015.3648436683048
0.9563,10731,401.9599498065461
0.9563,10731,536.602530586636
0.9563,10731,962.7399351667884
0.9563,10731,818.5965701139809
0.9563,10731,676.1275750287566
0.9563,10731,854.6967478824636
0.9563,10731,743.6069225138555
0.9563,10731,220.8214995294364
0.9563,10731,958.713479033776
0.9563,10731,953.4281083342048
0.9563,10731,246.25996026351564
0.9563,10731,598.7608491059291
0.9563,10731,696.9790860608596
0.9563,10731,313.89229321342674
0.9563,10731,383.49639234549824
0.9563,10731,833.1570636829447
0.9563,10731,685.688173167416
0.9563,10731,402.1515214890724
0.9563,10731,756.636934016522
0.9563,10731,799.4661717034403
0.9563,10731,623.8821499529437
0.9563,10731,844.2134267489281
0.9563,10731,930.71483843982
0.9563,10731,205.2975007842727
0.9563,10731,909.7265502457388
0.9563,10731,481.45717870960993
0.9563,10731,254.76440447558295
0.9563,10731,615.1773502039108
0.9563,10731,147.2007738157482
0.9563,10731,957.178709609955
0.9563,10731,466.7165115549514
0.9563,10731,832.5300637875143
0.9563,10731,655.3930774861444
0.9563,10731,450.6647495555788
0.9563,10731,844.0119209453101
0.9563,10731,713.7912788873784
0.9563,10731,743.6988392763777
0.9563,10731,1071.7929520025095
0.9563,10731,870.4657534246575
0.9563,10731,438.7376346334832
0.9563,10731,779.3299173899403
0.9563,10731,718.0832374777789
0.9563,10731,788.1175363379692
0.9563,10731,235.40844923141276
0.9563,10731,258.1887483007424
0.9563,10731,207.30398410540624
0.9563,10731,518.7786259541984
0.9563,10731,718.8958485830806
0.9563,10731,851.8736798075917
0.9563,10731,1005.705740876294
0.9563,10731,823.3601380319982
0.9563,10731,649.3581512077799
0.9563,10731,388.0980863745686
0.9563,10731,633.7800899299383
0.9563,10731,311.7958799539893
0.9563,10731,168.5027710969361
0.9563,10731,533.8190944264352
0.9563,10731,972.733870124438
0.9563,10731,1103.2309944578062
0.9563,10731,991.3060754993204
0.9563,10731,787.8747255045488
0.9563,10731,76.42319355850674
0.9563,10731,794.95085224302
0.9563,10731,798.6116281501621
0.9563,10731,533.504548781763
0.9563,10731,605.2868346753111
0.9563,10731,340.1085433441388
0.9563,10731,398.1262156227125
0.9563,10731,769.0076335877862
0.9563,10731,695.3370281292481
0.9563,10731,217.1053016835721
0.9563,10731,415.856739516888
0.9563,10731,170.21447244588518
0.9563,10731,796.5433441388685
0.9563,10731,401.1546585799435
0.9563,10731,804.4274809160305
0.9563,10731,492.9685245215936
0.9563,10731,780.2986510509254
0.9563,10731,21.628568440865838
0.9563,10731,965.3812611105302
0.9563,10731,717.0139077695284
0.9563,10731,443.7069957126425
0.9563,10731,920.6858726341106
0.9563,10731,501.350413050298
0.9563,10731,555.7381574819617
0.9563,10731,429.57168252640383
0.9563,10731,834.2627836452996
0.9563,10731,822.2228380215413
0.9563,10731,643.2383143365053
0.9563,10731,873.7594896998849
0.9563,10731,1057.5013071211963
0.9563,10731,908.5225347694238
0.9563,10731,770.4506953884764
0.9563,10731,1078.7044860399456
0.9563,10731,927.1196277318832
0.9563,10731,963.2291122032834
0.9563,10731,611.3831433650528
0.9563,10731,471.97699466694553
0.9563,10731,334.3649482380006
0.9563,10731,591.0825054899091
0.9563,10731,213.13050298023632
0.9563,10731,979.7077277005124
0.9563,10731,475.5236850360765
0.9563,10731,456.0308480602321
0.9563,10731,75.39014953466486
0.9563,10731,136.31695074767333
0.9563,10731,563.3017881417966
0.9563,10731,598.2010875248353
0.9563,10731,675.8579943532363
0.9563,10731,191.0977726654816
0.9563,10731,814.0404684722367
0.9563,10731,795.1750496706054
0.9563,10731,43.28923977831224
0.9563,10731,665.9550350308481
0.9563,10731,910.0303252117536
0.9563,10731,704.983477988079
0.9563,10731,262.6300324166057
0.9563,10731,102.80623235386383
0.9563,10731,612.6437310467427
0.9563,10731,681.3728955348739
0.9563,10731,502.7912788873784
0.9563,10731,260.2054794520548
0.9563,10731,853.8777580257241
0.9563,10731,118.79514796611942
0.9563,10731,983.0583498902018
0.9563,10731,843.8112516992575
0.9563,10731,299.52462616333787
0.9563,10731,518.3767646136149
0.9563,10731,868.6597302101851
0.9563,10731,650.3658893652619
0.9563,10731,333.8531841472341
0.9563,10731,21.585381156540837
0.9563,10731,891.0215413573146
0.9563,10731,677.8339433232248
0.9563,10731,578.5233713269894
0.9563,10731,394.10519711387633
0.9563,10731,621.0820872111261
0.9563,10731,815.153403743595
0.9563,10731,530.2139495974067
0.9563,10731,753.1887483007424
0.9563,10731,729.3459165533827
0.9563,10731,584.3706995712643
0.9563,10731,767.6813761371953
0.9563,10731,523.3253163233295
0.9563,10731,510.39851511032106
0.9563,10731,464.7957753842936
0.9563,10731,56.090348217086685
0.9563,10731,432.2581825786887
0.9563,10731,674.6770887796716
0.9563,10731,783.1254836348427
0.9563,10731,1027.6259541984732
0.9563,10731,691.7493464394018
0.9563,10731,688.2046428944891
0.9563,10731,45.204642894489176
0.9563,10731,998.0862699989544
0.9563,10731,564.8591446198891
0.9563,10731,41.0720485203388
0.9563,10731,823.7238314336504
0.9563,10731,254.4362647704695
0.9563,10731,153.0063787514378
0.9563,10731,158.1198368712747
0.9563,10731,754.2701035239987
0.9563,10731,992.40729896476
0.9563,10731,764.2106033671442
0.9563,10731,201.70950538533933
0.9563,10731,722.442748091603
0.9563,10731,830.6372477256091
0.9563,10731,1064.22116490641
0.9563,10731,936.2590191362544
0.9563,10731,924.7420265607026
0.9563,10731,443.0980863745686
0.9563,10731,979.1568545435532
0.9563,10731,318.7698420997595
0.9563,10731,420.1646972707309
0.9563,10731,813.732406148698
0.9563,10731,657.9408135522325
0.9563,10731,246.66297187075185
0.9563,10731,597.9710341942905
0.9563,10731,540.3389103837708
0.9563,10731,430.9530482066297
0.9563,10731,770.0887796716511
0.9563,10731,376.92157272822334
0.9563,10731,999.8614451531946
0.9563,10731,619.0479974903272
0.9563,10731,1061.1974275854857
0.9563,10731,292.8543344138869
0.9563,10731,660.3104674265397
0.9563,10731,306.570950538534
0.9563,10731,716.2141587367981
0.9563,10731,393.5517097145247
0.9563,10731,285.20924396110007
0.9563,10731,980.4117954616752
0.9563,10731,715.3868033044024
0.9563,10731,724.5110321028966
0.9563,10731,103.4402384189062
0.9563,10731,405.676252222106
0.9563,10731,708.2211649064101
0.9563,10731,780.0347171389731
0.9563,10731,1042.429049461466
0.9563,10731,1069.8873784377286
0.9563,10731,212.9717661821604
0.9563,10731,592.5022482484576
0.9563,10731,671.4981700303251
0.9563,10731,879.3078531841472
0.9563,10731,69.40834466171704
0.9563,10731,313.8815225347694
0.9563,10731,1015.5290180905572
0.9563,10731,1070.2894489177036
0.9563,10731,604.7375300637875
0.9563,10731,334.49461466067135
0.9563,10731,545.1507895012026
0.9563,10731,681.7310467426539
0.9563,10731,975.7751751542402
0.9563,10731,25.795566244902226
0.9563,10731,1029.217714106452
0.9563,10731,394.69716616124646
0.9563,10731,691.5014116908919
0.9563,10731,1059.692774234027
0.9563,10731,657.3855484680539
0.9563,10731,157.16772979190628
0.9563,10731,868.3815748196173
0.9563,10731,704.786154972289
0.9563,10731,425.4629300428736
0.9563,10731,424.2615288089512
0.9563,10731,715.8618634319774
0.9563,10731,782.3888946983163
0.9563,10731,857.1636515737739
0.9563,10731,437.6554428526613
0.9563,10731,530.6248039318206
0.9563,10731,359.19021227648227
0.9563,10731,707.3285579838963
0.9563,10731,88.18142842204328
0.9563,10731,836.1981595733556
0.9563,10731,478.48415769110113
0.9563,10731,636.5260901390776
0.9563,10731,650.6814807068912
0.9563,10731,99.97908606085956
0.9563,10731,607.5654083446617
0.9563,10731,561.0368085328871
0.9563,10731,617.0552127993307
0.9563,10731,495.6697689009725
0.9563,10731,773.2016103733138
0.9563,10731,624.8842413468577
0.9563,10731,790.3404789292063
0.9563,10731,151.26027397260273
0.9563,10731,65.64195336191571
0.9563,10731,805.5932238837185
0.9563,10731,745.6923559552441
0.9563,10731,557.992993830388
0.9563,10731,634.633064937781
0.9563,10731,704.7587577120149
0.9563,10731,914.047056363066
0.9563,10731,792.1752588099968
0.9563,10731,756.9168670919167
0.9563,10731,831.1322806650631
0.9563,10731,119.13364007110738
0.9563,10731,999.014012339224
0.9563,10731,870.6585799435323
0.9563,10731,1005.3053435114504
0.9563,10731,715.2487713060755
0.9563,10731,473.72383143365056
0.9563,10731,434.6305552650842
0.9563,10731,580.2717766391299
0.9563,10731,734.5774338596675
0.9563,10731,396.5165742967688
0.9563,10731,775.5820349262784
0.9563,10731,615.5637352295304
0.9563,10731,330.97720380633695
0.9563,10731,809.5330963086898
0.9563,10731,1012.8101014326048
0.9563,10731,128.49388267280142
0.9563,10731,61.94865627941023
0.9563,10731,862.6593119314023
0.9563,10731,959.7522743908814
0.9563,10731,1105.0454878176306
0.9563,10731,804.9439506431037
0.9563,10731,433.8857053225975
0.9563,10731,1066.6787618948028
0.9563,10731,676.4850988183624
0.9563,10731,1025.7247725609118
0.9563,10731,1033.4077172435427
0.9563,10731,662.9945623758234
0.9563,10731,154.81595733556415
0.9563,10731,780.3996653769738
0.9563,10731,1002.4977517515424
0.9563,10731,842.0917076231308
0.9563,10731,455.05594478720064
0.9563,10731,979.519293108857
0.9563,10731,635.8338387535292
0.9563,10731,35.41597824950329
0.9563,10731,954.0868974171284
0.9563,10731,355.7061591550769
0.9563,10731,983.6277318833002
0.9563,10731,730.3631705531736
0.9563,10731,1074.185088361393
0.9563,10731,4.390254104360556
0.9563,10731,601.4739098609223
0.9563,10731,945.2952002509672
0.9563,10731,969.1490118163756
0.9563,10731,374.0520757084597
0.9563,10731,1022.9476105824532
0.9563,10731,409.33880581407504
0.9563,10731,740.9897521698213
0.9563,10731,83.08585172017149
0.9563,10731,181.1538220223779
0.9563,10731,654.4566558611314
0.9563,10731,9.303774966014847
0.9563,10731,770.3211335355014
0.9563,10731,245.9254418069644
0.9563,10731,773.3443480079474
0.9563,10731,1002.9566035762836
0.9563,10731,329.5595524417024
0.9563,10731,936.4079263829342
0.9563,10731,530.8458642685349
0.9563,10731,684.0756038899926
0.9563,10731,764.751751542403
0.9563,10731,411.3872215831852
0.9563,10731,868.0521802781553
0.9563,10731,778.9678971034194
0.9563,10731,743.2532678029906
0.9563,10731,394.1614556101642
0.9563,10731,569.7591759907978
0.9563,10731,682.5145874725505
0.9563,10731,654.8462825473177
0.9563,10731,257.95555787932653
0.9563,10731,608.7744431663704
0.9563,10731,243.64038481648015
0.9563,10731,31.269162396737425
0.9563,10731,13.635260901390778
0.9563,10731,100.2971870751856
0.9563,10731,426.40133849210497
0.9563,10731,848.4646031580048
0.9563,10731,211.93317996444628
0.9563,10731,609.6202028652095
0.9563,10731,201.98473282442745
0.9563,10731,364.7059500156855
0.9563,10731,755.2827564571786
0.9563,10731,577.6618216040991
0.9563,10731,988.9965492000416
0.9563,10731,726.5411481752587
0.9563,10731,579.9312977099237
0.9563,10731,106.34685768064416
0.9563,10731,908.0197636724876
0.9563,10731,849.4341733765555
0.9563,10731,1027.412841158632
0.9563,10731,668.9685245215936
0.9563,10731,652.9008679284743
0.9563,10731,674.6234445257763
0.9563,10731,775.126738471191
0.9563,10731,150.74704590609642
0.9563,10731,771.6393391195231
0.9563,10731,653.736275227439
0.9563,10731,402.451531946042
0.9563,10731,933.8075917599078
0.9563,10731,782.7199623549095
0.9563,10731,483.28610268744114
0.9563,10731,485.6017985987661
0.9563,10731,820.8182578688695
0.9563,10731,721.1648018404267
0.9563,10731,1075.5866359928891
0.9563,10731,57.15905050716302
0.9563,10731,688.7094008156436
0.9563,10731,693.3724772560911
0.9563,10731,510.7595942695807
0.9563,10731,255.7289553487399
0.9563,10731,806.454355327826
0.9563,10731,326.1046742653979
0.9563,10731,456.8542298441912
0.9563,10731,601.8564258078009
0.9563,10731,896.0687022900762
0.9563,10731,151.0488340478929
0.9563,10731,1031.371849837917
0.9563,10731,600.8945937467322
0.9563,10731,507.47255045487816
0.9563,10731,702.2662344452577
0.9563,10731,474.8372895534874
0.9563,10731,753.2520129666422
0.9563,10731,760.8341524626163
0.9563,10731,72.77820767541567
0.9563,10731,606.6922513855484
0.9563,10731,980.506640175677
0.9563,10731,586.733138136568
0.9563,10731,438.08637456865
0.9563,10731,513.3765554742236
0.9563,10731,775.6635992889261
0.9563,10731,546.9479242915403
0.9563,10731,934.628150162083
0.9563,10731,281.62815016208305
0.9563,10731,710.9530482066298
0.9563,10731,1040.1451427376346
0.9563,10731,945.3520861654292
0.9563,10731,287.91090661926177
0.9563,10731,156.98797448499425
0.9563,10731,950.2487713060756
0.9563,10731,46.66935062218969
0.9563,10731,684.0925441806964
0.9563,10731,140.90034507999582
0.9563,10731,939.6045174108544
0.9563,10731,1099.6505280769634
0.9563,10731,989.5724145142736
0.9563,10731,728.8060232144724
0.9563,10731,698.5332008783854
0.9563,10731,827.7602216877548
0.9563,10731,9.400292795147966
0.9563,10731,254.5411481752588
0.9563,10731,79.75781658475374
0.9563,10731,210.82306807487188
0.9563,10731,188.89469831642788
0.9563,10731,1082.3102582871484
0.9563,10731,671.3629614137823
0.9563,10731,532.5655129143573
0.9563,10731,296.1120987137928
0.9563,10731,523.7964028024678
0.9563,10731,556.7812401965909
0.9563,10731,4.996235490954721
0.9563,10731,768.5914461988915
0.9563,10731,628.6817944159782
0.9563,10731,57.801840426644354
0.9563,10731,317.45853811565405
0.9563,10731,15.511241242287984
0.9563,10731,589.64184879222
0.9563,10731,917.1540311617692
0.9563,10731,834.2661298755621
0.9563,10731,1024.8153299173898
0.9563,10731,635.5757607445362
0.9563,10731,1091.4813343093172
0.9563,10731,441.7599079786677
0.9563,10731,699.7275959426958
0.9563,10731,714.5805709505385
0.9563,10731,557.8546481229739
0.9563,10731,1021.326152880895
0.9563,10731,1010.2477256091184
0.9563,10731,526.3296036808533
0.9563,10731,423.4891770364948
0.9563,10731,441.096936107916
0.9563,10731,394.76063996653767
0.9563,10731,30.699257555160514
0.9563,10731,578.0871065565199
0.9563,10731,387.7540520757085
0.9563,10731,435.891142946774
0.9563,10731,792.2360138031999
0.9563,10731,306.24249712433334
0.9563,10731,561.6458224406567
0.9563,10731,420.1633378646868
0.9563,10731,765.1821604099132
0.9563,10731,594.0244693087943
0.9563,10731,847.4864582244065
0.9563,10731,691.207884555056
0.9563,10731,120.11743176827356
0.9563,10731,957.0501934539368
0.9563,10731,377.200146397574
0.9563,10731,706.7212171912579
0.9563,10731,355.4986928788037
0.9563,10731,662.9523162187598
0.9563,10731,521.4551918853916
0.9563,10731,761.1935585067447
0.9563,10731,683.890097249817
0.9563,10731,67.21792324584335
0.9563,10731,541.5149011816375
0.9563,10731,198.1586322283802
0.9563,10731,615.7288507790443
0.9563,10731,756.5786886960159
0.9563,10731,30.501725399979087
0.9563,10731,749.6181114712955
0.9563,10731,718.8090557356478
0.9563,10731,513.6250130712119
0.9563,10731,680.940290703754
0.9563,10731,623.2135313186238
0.9563,10731,579.8051866569068
0.9563,10731,1039.1406462407194
0.9563,10731,621.9462511764091
0.9563,10731,131.59521070793684
0.9563,10731,916.1050925441806
0.9563,10731,64.77256091184775
0.9563,10731,622.5612255568336
0.9563,10731,993.0713165324688
0.9563,10731,865.2508626999895
0.9563,10731,642.9014953466485
0.9563,10731,532.3943323224929
0.9563,10731,182.1810101432605
0.9563,10731,448.8148070689114
0.9563,10731,640.0242601694029
0.9563,10731,634.6739516888006
0.9563,10731,115.22775279723936
0.9563,10731,353.8083237477779
0.9563,10731,928.3678761894802
0.9563,10731,517.2765868451323
0.9563,10731,755.7197532155182
0.9563,10731,918.1388685558924
0.9563,10731,550.9001359406044
0.9563,10731,323.8197218446094
0.9563,10731,198.9006587890829
0.9563,10731,753.7218446094322
0.9563,10731,1015.6514692042248
0.9563,10731,990.6195754470356
0.9563,10731,1027.4796611941858
0.9563,10731,641.9966537697376
0.9563,10731,776.9819094426434
0.9563,10731,774.0857471504758
0.9563,10731,185.25724145142732
0.9563,10731,566.56739516888
0.9563,10731,963.3394332322492
0.9563,10731,394.30502980236326
0.9563,10731,50.50454878176304
0.9563,10731,680.9955035030848
0.9563,10731,296.4937781031057
0.9563,10731,1021.2147861549724
0.9563,10731,1031.0474746418488
0.9563,10731,448.21426330649376
0.9563,10731,188.26571159677923
0.9563,10731,583.6217714106451
0.9563,10731,407.7077277005124
0.9563,10731,619.878176304507
0.9563,10731,864.564571787096
0.9563,10731,902.8354072989648
0.9563,10731,1058.0055421938723
0.9563,10731,523.6523057617902
0.9563,10731,640.6929833734183
0.9563,10731,732.148488967897
0.9563,10731,736.2878803722681
0.9563,10731,644.8618634319774
0.9563,10731,767.3509358987765
0.9563,10731,1065.0240510300114
0.9563,10731,9.436578479556625
0.9563,10731,873.3698630136987
0.9563,10731,726.6038899926801
0.9563,10731,263.6849315068493
0.9563,10731,762.7418174213112
0.9563,10731,448.0745581930356
0.9563,10731,745.3505176199936
0.9563,10731,495.0995503503085
0.9563,10731,714.7447453727909
0.9563,10731,862.179441597825
0.9563,10731,729.8613405834989
0.9563,10731,559.5108229635051
0.9563,10731,823.1930356582662
0.9563,10731,588.5482589145665
0.9563,10731,684.9383038795356
0.9563,10731,838.6725922827565
0.9563,10731,910.5804663808428
0.9563,10731,834.6160200773814
0.9563,10731,1097.3452891352083
0.9563,10731,214.8675101955453
0.9563,10731,25.207779985360244
0.9563,10731,260.69580675520234
0.9563,10731,728.5891456655861
0.9563,10731,622.2568231726445
0.9563,10731,108.38931297709922
0.9563,10731,936.2861026874411
0.9563,10731,666.9414409704068
0.9563,10731,781.0307434905365
0.9563,10731,264.540729896476
0.9563,10731,615.8780717348112
0.9563,10731,417.3942277527973
0.9563,10731,521.7490327303148
0.9563,10731,673.7196486458224
0.9563,10731,360.244379378856
0.9563,10731,853.9333891038376
0.9563,10731,546.5644672174004
0.9563,10731,145.46449858830908
0.9563,10731,773.7059500156854
0.9563,10731,82.50548990902436
0.9563,10731,523.4512182369549
0.9563,10731,894.4044755829759
0.9563,10731,372.4687859458329
0.9563,10731,855.9094426435219
0.9563,10731,509.1885391613511
0.9563,10731,1036.8534978563212
0.9563,10731,463.522116490641
0.9563,10731,668.7707832270207
0.9563,10731,107.23298128202444
0.9563,10731,702.9286834675311
0.9563,10731,7.267802990693297
0.9563,10731,437.6989438460734
0.9563,10731,203.84209975948968
0.9563,10731,564.5152148907247
0.9563,10731,532.0255150057513
0.9563,10731,583.0030325211753
0.9563,10731,680.4812297396214
0.9563,10731,800.9965492000418
0.9563,10731,596.8321656383979
0.9563,10731,317.25211753633795
0.9563,10731,1036.1177454773606
0.9563,10731,627.0976680957858
0.9563,10731,732.4540416187389
0.9563,10731,920.2979190630556
0.9563,10731,605.4800794729687
0.9563,10731,319.1684617797762
0.9563,10731,620.8250548990902
0.9563,10731,756.8723204015477
0.9563,10731,264.28923977831226
0.9563,10731,1037.2799330753946
0.9563,10731,262.076545017254
0.9563,10731,502.5318414723413
0.9563,10731,1028.4354282129038
0.9563,10731,90.22262888214996
0.9563,10731,601.529854648123
0.9563,10731,814.6483321133535
0.9563,10731,536.2563003241661
0.9563,10731,782.3653665167834
0.9563,10731,424.1124124228799
0.9563,10731,879.0417233085851
0.9563,10731,800.6014848896789
0.9563,10731,1019.618320610687
0.9563,10731,379.1796507372164
0.9563,10731,493.785109275332
0.9563,10731,1028.433650528077
0.9563,10731,705.2115444944055
0.9563,10731,263.9761581093799
0.9563,10731,438.4039527344975
0.9563,10731,425.3963191467113
0.9563,10731,643.1936630764404
0.9563,10731,785.7111785004705
0.9563,10731,747.6211439924709
0.9563,10731,30.179337028129247
0.9563,10731,1026.2246157063682
0.9563,10731,34.40865837080414
0.9563,10731,291.4201610373313
0.9563,10731,646.6852452159364
0.9563,10731,92.4025933284534
0.9563,10731,919.9533619157168
0.9563,10731,1061.6142423925546
0.9563,10731,587.0383770783227
0.9563,10731,307.14702499215724
0.9563,10731,688.9009724981701
0.9563,10731,517.6432081982641
0.9563,10731,666.296664226707
0.9563,10731,693.7485098818362
0.9563,10731,489.3507267593851
0.9563,10731,631.7526926696643
0.9563,10731,135.59730210185086
0.9563,10731,592.5393704904318
0.9563,10731,834.2956185297501
0.9563,10731,1064.2327721426332
0.9563,10731,817.405207570846
0.9563,10731,424.6367248771306
0.9563,10731,592.7302101850884
0.9563,10731,397.813552232563
0.9563,10731,885.7479870333577
0.9563,10731,703.6648541252745
0.9563,10731,68.81763045069539
0.9563,10731,741.0935898776535
0.9563,10731,764.0469517933702
0.9563,10731,730.9300428735752
0.9563,10731,749.7910697479871
0.9563,10731,866.1880163128725
0.9563,10731,133.35009934121092
0.9563,10731,353.9232458433545
0.9563,10731,411.6862909128934
0.9563,10731,746.4612569277424
0.9563,10731,244.7400397364844
0.9563,10731,944.4521593642164
0.9563,10731,114.09693610791592
0.9563,10731,682.5454355327826
0.9563,10731,606.9831642789919
0.9563,10731,746.3054480811461
0.9563,10731,354.20077381574816
0.9563,10731,915.7186029488654
0.9563,10731,449.5664540416186
0.9563,10731,834.8600857471505
0.9563,10731,510.2815016208302
0.9563,10731,1032.0840740353444
0.9563,10731,27.181428422043293
0.9563,10731,433.9826414305134
0.9563,10731,839.3622294259123
0.9563,10731,887.6421625013071
0.9563,10731,864.0968315382202
0.9563,10731,614.8272508627
0.9563,10731,674.970825054899
0.9563,10731,354.9491791278887
0.9563,10731,540.7974484994248
0.9563,10731,767.5690682840112
0.9563,10731,533.5327825996026
0.9563,10731,935.1377182892396
0.9563,10731,670.9309840008366
0.9563,10731,621.4545644672174
0.9563,10731,753.129561852975
0.9563,10731,30.80978772351772
0.9563,10731,879.5270312663389
0.9563,10731,456.4285266129875
0.9563,10731,1027.847641953362
0.9563,10731,915.4600020913938
0.9563,10731,865.5958381261111
0.9563,10731,123.54229844191153
0.9563,10731,478.3776011711806
0.9563,10731,131.54334413886855
0.9563,10731,1031.091289344348
0.9563,10731,355.4351145038168
0.9563,10731,536.1195231621875
0.9563,10731,231.0111889574401
0.9563,10731,575.4069852556729
0.9563,10731,593.9670605458539
0.9563,10731,1053.2996967478823
0.9563,10731,525.4878176304506
0.9563,10731,330.7595942695807
0.9563,10731,673.1802781553905
0.9563,10731,622.6620307434905
0.9563,10731,1067.6465544285263
0.9563,10731,934.055526508418
0.9563,10731,973.8670919167624
0.9563,10731,263.4829028547527
0.9563,10731,649.3452891352085
0.9563,10731,734.4094949283697
0.9563,10731,431.3741503712224
0.9563,10731,732.0564676356792
0.9563,10731,823.727491373
0.9563,10731,871.3576283593014
0.9563,10731,634.2290076335878
0.9563,10731,421.1752588099969
0.9563,10731,654.6487503921363
0.9563,10731,332.0971452473073
0.9563,10731,979.7972393600334
0.9563,10731,392.94060441284114
0.9563,10731,922.1087524835302
0.9563,10731,1071.9650737216357
0.9563,10731,333.2516992575552
0.9563,10731,611.6604621980549
0.9563,10731,269.31412736588936
0.9563,10731,169.7674369967583
0.9563,10731,959.1472341315484
0.9563,10731,931.2274390881522
0.9563,10731,1058.9776220851195
0.9563,10731,720.1367771619784
0.9563,10731,831.7353341001777
0.9563,10731,704.5674997385757
0.9563,10731,611.8203492627836
0.9563,10731,1050.0639966537697
0.9563,10731,291.4646031580048
0.9563,10731,767.6805395796298
0.9563,10731,781.7249817003031
0.9563,10731,976.5478406357836
0.9563,10731,706.2337132698943
0.9563,10731,778.2840112935271
0.9563,10731,834.7883509358987
0.9563,10731,815.4314545644672
0.9563,10731,749.2806650632647
0.9563,10731,755.7935794206838
0.9563,10731,592.7669141482799
0.9563,10731,653.2416605667678
0.9563,10731,741.3446617170343
0.9563,10731,759.7272822336087
0.9563,10731,747.8055003659939
0.9563,10731,463.6000209139392
0.9563,10731,427.7852138450277
0.9563,10731,843.1263201924082
0.9563,10731,773.8311199414409
0.9563,10731,316.55265084178603
0.9563,10731,536.5234758966851
0.9563,10731,809.5456446721739
0.9563,10731,590.1761999372582
0.9563,10731,670.5706368294468
0.9563,10731,719.8543344138868
0.9563,10731,813.2894489177036
0.9563,10731,574.4930461152358
0.9563,10731,214.83122451113664
0.9563,10731,373.22973962145767
0.9563,10731,697.3068074871902
0.9563,10731,838.6420579316114
0.9563,10731,698.5939558715884
0.9563,10731,225.232458433546
0.9563,10731,929.7635679180172
0.9563,10731,133.15905050716302
0.9563,10731,391.29488654188015
0.9563,10731,915.902331904214
0.9563,10731,611.4638711701348
0.9563,10731,741.5889365261947
0.9563,10731,152.0479974903273
0.9563,10731,267.69664331276795
0.9563,10731,361.2370595001569
0.9563,10731,453.31004914775696
0.9563,10731,89.20527031266339
0.9563,10731,488.7167206943428
0.9563,10731,702.007006169612
0.9563,10731,618.9518979399769
0.9563,10731,412.81721217191256
0.9563,10731,1071.4291540311615
0.9563,10731,763.2197009306702
0.9563,10731,188.67834361602007
0.9563,10731,558.9391404371013
0.9563,10731,79.5072675938513
0.9563,10731,1064.299487608491
0.9563,10731,312.91048834047893
0.9563,10731,643.4849942486667
0.9563,10731,13.925441806964342
0.9563,10731,726.440656697689
0.9563,10731,121.09745895639443
0.9563,10731,291.14723413154866
0.9563,10731,476.97762208511966
0.9563,10731,445.57000941127257
0.9563,10731,508.2094531004914
0.9563,10731,598.8109379901705
0.9563,10731,449.5511868660462
0.9563,10731,37.67740248875876
0.9563,10731,1075.860504025933
0.9563,10731,553.5774338596675
0.9563,10731,632.6525149011816
0.9563,10731,251.99884973334727
0.9563,10731,616.9925755516051
0.9563,10731,1058.0588727386803
0.9563,10731,249.7484053121405
0.9563,10731,97.92000418278782
0.9563,10731,905.3766600439192
0.9563,10731,358.7684826937154
0.9563,10731,201.8709609955035
0.9563,10731,565.8857053225976
0.9563,10731,634.5672905991843
0.9563,10731,44.7846909965492
0.9563,10731,795.8465962564048
0.9563,10731,797.4552964550873
0.9563,10731,407.98107288507794
0.9563,10731,750.1152358046637
0.9563,10731,666.2139495974067
0.9563,10731,129.11795461675206
0.9563,10731,955.2712537906514
0.9563,10731,1095.9026456133013
0.9563,10731,246.9481334309317
0.9563,10731,527.6290912893444
0.9563,10731,501.78270417233085
0.9563,10731,75.2207466276273
0.9563,10731,735.2214786154972
0.9563,10731,649.2557774756875
0.9563,10731,532.0623235386385
0.9563,10731,753.5914461988915
0.9563,10731,431.570218550664
0.9563,10731,401.1307121196277
0.9563,10731,931.057617902332
0.9563,10731,723.0975635260901
0.9563,10731,883.6849315068492
0.9563,10731,130.04078218132386
0.9563,10731,526.8081146083865
0.9563,10731,494.67416082819193
0.9563,10731,1044.1782913311722
0.9563,10731,766.5336191571682
0.9563,10731,1014.1340583498902
0.9563,10731,89.7133744640803
0.9563,10731,451.2635156331695
0.9563,10731,475.5474223570009
0.9563,10731,611.9828505699048
0.9563,10731,940.7054271672068
0.9563,10731,746.7173481125169
0.9563,10731,898.6720694342779
0.9563,10731,317.45864268534973
0.9563,10731,388.143260483112
0.9563,10731,888.5327825996026
0.9563,10731,362.776011711806
0.9563,10731,330.6978981491164
0.9563,10731,468.0494614660672
0.9563,10731,558.328976262679
0.9563,10731,414.12171912579737
0.9563,10731,1099.372163547004
0.9563,10731,663.891142946774
0.9563,10731,1024.4947192303669
0.9563,10731,1026.044546690369
0.9563,10731,1027.0970406776116
0.9563,10731,615.9497019763672
0.9563,10731,423.28139705113455
0.9563,10731,274.4972289030639
0.9563,10731,523.6262679075604
0.9563,10731,324.0462198055004
0.9563,10731,872.3538638502562
0.9563,10731,606.8204538324793
0.9563,10731,416.6625535919691
0.9563,10731,616.8868555892502
0.9563,10731,510.1354177559343
0.9563,10731,476.64969151939766
0.9563,10731,106.27386803304402
0.9563,10731,762.6318101014326
0.9563,10731,915.4621980550036
0.9563,10731,419.6879640280247
0.9563,10731,36.498902018195125
0.9563,10731,632.6002300533305
0.9563,10731,988.272090348217
0.9563,10731,612.6336923559552
0.9563,10731,617.1586322283802
0.9563,10731,360.6975844400292
0.9563,10731,908.3326362020288
0.9563,10731,726.2094531004915
0.9563,10731,722.1746313918226
0.9563,10731,322.1096936107916
0.9563,10731,779.9334936735335
0.9563,10731,666.4857262365367
0.9563,10731,787.6370385862177
0.9563,10731,253.4731778730524
0.9563,10731,751.8538115654083
0.9563,10731,799.0383770783227
0.9563,10731,45.36463452891352
0.9563,10731,277.25797343929725
0.9563,10731,302.3348321656384
0.9563,10731,612.3498902018194
0.9563,10731,425.8818362438565
0.9563,10731,331.81878071734815
0.9563,10731,918.1270521802782
0.9563,10731,889.6245947924292
0.9563,10731,756.6569068284011
0.9563,10731,134.7700512391509
0.9563,10731,428.13144410749766
0.9563,10731,637.1199414409704
0.9563,10731,617.6303461256928
0.9563,10731,270.5365471086479
0.9563,10731,743.1103210289657
0.9563,10731,950.6998849733347
0.9563,10731,1030.407612673847
0.9563,10731,832.4715047579211
0.9563,10731,428.1050925441807
0.9563,10731,548.7173481125169
0.9563,10731,750.7552023423611
0.9563,10731,401.3538638502562
0.9563,10731,548.9120568859145
0.9563,10731,591.1800690159992
0.9563,10731,175.08198264143053
0.9563,10731,364.7058454459897
0.9563,10731,372.9075603889992
0.9563,10731,313.2350726759385
0.9563,10731,306.4084492314127
0.9563,10731,844.8429363170553
0.9563,10731,744.3754052075708
0.9563,10731,110.54020704799748
0.9563,10731,604.2026560702708
0.9563,10731,855.2659207361706
0.9563,10731,603.800899299383
0.9563,10731,727.4776743699676
0.9563,10731,682.2269162396736
0.9563,10731,765.001045696957
0.9563,10731,61.820035553696535
0.9563,10731,781.8210812506535
0.9563,10731,221.9328662553592
0.9563,10731,607.5406253267803
0.9563,10731,618.8696015894594
0.9563,10731,819.0061696120464
0.9563,10731,114.65460629509568
0.9563,10731,578.2088256823173
0.9563,10731,318.2279619366307
0.9563,10731,316.33953780194497
0.9563,10731,106.2685349785632
0.9563,10731,70.3593014744327
0.9563,10731,1022.6738471191048
0.9563,10731,539.9179127888738
0.9563,10731,681.8955348739936
0.9563,10731,278.4292586008575
0.9563,10731,275.5124960786364
0.9563,10731,604.0674474537279
0.9563,10731,673.3032521175363
0.9563,10731,522.0462198055003
0.9563,10731,150.60671337446408
0.9563,10731,402.7458956394436
0.9563,10731,754.3635888319566
0.9563,10731,1099.8484785109276
0.9563,10731,852.0770678657325
0.9563,10731,421.5207570845969
0.9563,10731,728.4938826728013
0.9563,10731,90.11680435009934
0.9563,10731,1033.845132280665
0.9563,10731,807.1632332949912
0.9563,10731,392.36934016522014
0.9563,10731,777.2587054271672
0.9563,10731,645.2704172330858
0.9563,10731,874.8983582557775
0.9563,10731,294.26121509986405
0.9563,10731,721.6274181742131
0.9563,10731,882.5982432291121
0.9563,10731,900.9791906305552
0.9563,10731,975.795984523685
0.9563,10731,751.6255359196904
0.9563,10731,71.08585172017149
0.9563,10731,662.7735020391091
0.9563,10731,391.24291540311617
0.9563,10731,634.3511450381679
0.9563,10731,931.0128620725712
0.9563,10731,14.138241137718287
0.9563,10731,198.03628568440865
0.9563,10731,846.0711073930775
0.9563,10731,588.3368189898566
0.9563,10731,393.2507581302938
0.9563,10731,146.3200878385444
0.9563,10731,422.7249817003032
0.9563,10731,457.1442016103733
0.9563,10731,107.3119314022796
0.9563,10731,832.4700407821813
0.9563,10731,114.72132176095369
0.9563,10731,468.76869183310674
0.9563,10731,970.4861445153194
0.9563,10731,346.22973962145767
0.9563,10731,1037.3400606504235
0.9563,10731,748.7159887064729
0.9563,10731,895.6619261737948
0.9563,10731,54.35250444421207
0.9563,10731,33.82704172330858
0.9563,10731,600.6647495555787
0.9563,10731,598.4442120673428
0.9563,10731,105.9953989333891
0.9563,10731,262.2925860085747
0.9563,10731,368.9653874307226
0.9563,10731,947.380633692356
0.9563,10731,821.4706682003555
0.9563,10731,778.4084492314128
0.9563,10731,489.4924186970616
0.9563,10731,663.9182264979609
0.9563,10731,284.47296873366093
0.9563,10731,448.5593433023109
0.9563,10731,769.8179441597825
0.9563,10731,544.3101537174527
0.9563,10731,811.0370176722786
0.9563,10731,137.03544912684302
0.9563,10731,858.7244588518248
0.9563,10731,247.1217191257973
0.9563,10731,326.00313709087106
0.9563,10731,711.0039736484366
0.9563,10731,438.2747045906096
0.9563,10731,1032.7630450695387
0.9563,10731,1018.5967792533723
0.9563,10731,713.9246052493987
0.9563,10731,509.8256823172644
0.9563,10731,521.5648854961831
0.9563,10731,438.8436683049253
0.9563,10731,785.2480393182055
0.9563,10731,1017.7100282338178
0.9563,10731,1015.4910592910176
0.9563,10731,461.8214995294364
0.9563,10731,856.4386698734706
0.9563,10731,1026.588831956499
0.9563,10731,435.29258600857474
0.9563,10731,803.3420474746418
0.9563,10731,1075.9717661821603
0.9563,10731,1101.4801840426642
0.9563,10731,664.0440238418906
0.9563,10731,549.8766077590714
0.9563,10731,643.4633483216564
0.9563,10731,197.84534142005649
0.9563,10731,449.6033671442016
0.9563,10731,681.9190630555264
0.9563,10731,961.2571368817316
0.9563,10731,704.2861026874411
0.9563,10731,680.6261633378647
0.9563,10731,871.4100177768482
0.9563,10731,43.04099132071526
0.9563,10731,815.2487713060755
0.9563,10731,600.3639025410437
0.9563,10731,617.5378019449962
0.9563,10731,955.3097354386698
0.9563,10731,668.8836139286835
0.9563,10731,530.4008156436265
0.9563,10731,716.3824113771828
0.9563,10731,619.0083655756562
0.9563,10731,797.1929310885705
0.9563,10731,1008.4335459583812
0.9563,10731,725.1936630764404
0.9563,10731,18.071630241556
0.9563,10731,579.2716720694342
0.9563,10731,747.7596988392763
0.9563,10731,1025.7519606817943
0.9563,10731,406.6890097249817
0.9563,10731,864.7419219910071
0.9563,10731,692.7804036390254
0.9563,10731,603.0246784481857
0.9563,10731,715.1254836348426
0.9563,10731,931.5587158841367
0.9563,10731,777.1901077067865
0.9563,10731,746.5128097877235
0.9563,10731,475.09568127156746
0.9563,10731,493.21102164592696
0.9563,10731,780.0400501934539
0.9563,10731,665.5840217504967
0.9563,10731,1023.070270835512
0.9563,10731,103.84847851092752
0.9563,10731,1023.1047788350936
0.9563,10731,992.2098713792742
0.9563,10731,234.1301892711492
0.9563,10731,879.9374673219701
0.9563,10731,900.7017672278573
0.9563,10731,696.7739203178918
0.9563,10731,446.42507581302937
0.9563,10731,672.9589041095891
0.9563,10731,674.0453832479348
0.9563,10731,638.2382097668096
0.9563,10731,1078.6319146711282
0.9563,10731,819.3996653769738
0.9563,10731,70.12799330753947
0.9563,10731,328.31674160828186
0.9563,10731,543.1153403743596
0.9563,10731,879.954721321761
0.9563,10731,489.0135940604413
0.9563,10731,785.5109275332007
0.9563,10731,1028.304297814493
0.9563,10731,839.2621562271254
0.9563,10731,418.6827355432396
0.9563,10731,649.8983582557775
0.9563,10731,340.88371849837915
0.9563,10731,818.0560493568963
0.9563,10731,237.15256718602947
0.9563,10731,425.7500784272717
0.9563,10731,341.1364634528913
0.9563,10731,353.06148698107285
0.9563,10731,16.545853811565408
0.9563,10731,598.7842727177664
0.9563,10731,1014.2711492209556
0.9563,10731,959.1710760221688
0.9563,10731,58.020809369444734
0.9563,10731,855.1957544703545
0.9563,10731,909.1620830283384
0.9563,10731,737.0488340478929
0.9563,10731,1039.620098295514
0.9563,10731,887.3832479347485
0.9563,10731,202.13353550141167
0.9563,10731,353.3132908083237
0.9563,10731,782.891456655861
0.9563,10731,685.772142633065
0.9563,10731,651.2940499843145
0.9563,10731,365.0353445571473
0.9563,10731,1026.003032521175
0.9563,10731,250.1684617797762
0.9563,10731,252.65920736170656
0.9563,10731,580.6165429258601
0.9563,10731,61.870856425807794
0.9563,10731,900.4238209766809
0.9563,10731,585.4746418487922
0.9563,10731,826.0426644358465
0.9563,10731,385.8152253476943
0.9563,10731,429.8046638084283
0.9563,10731,530.2445885182474
0.9563,10731,970.4654397155704
0.9563,10731,997.3361915716824
0.9563,10731,791.7778939663285
0.9563,10731,661.141482798285
0.9563,10731,926.6194708773396
0.9563,10731,935.8408449231412
0.9563,10731,747.1536128829865
0.9563,10731,696.8938617588623
0.9563,10731,712.1475478406358
0.9563,10731,9.139914252849524
0.9563,10731,738.8404266443584
0.9563,10731,969.60462198055
0.9563,10731,1010.3820976680958
0.9563,10731,998.4990065878908
0.9563,10731,586.3768691833106
0.9563,10731,703.0254104360555
0.9563,10731,573.0039736484367
0.9563,10731,570.8343616020078
0.9563,10731,68.50768587263411
0.9563,10731,808.8255777475688
0.9563,10731,300.5488863327407
0.9563,10731,635.4862490850152
0.9563,10731,1103.5562062114398
0.9563,10731,815.403743595106
0.9563,10731,512.9047370072153
0.9563,10731,581.5157377392032
0.9563,10731,799.7813447662868
0.9563,10731,683.7717243542821
0.9563,10731,754.7873052389417
0.9563,10731,601.9849419638188
0.9563,10731,262.2074662762731
0.9563,10731,382.4474537279097
0.9563,10731,7.413050298023633
0.9563,10731,704.0689114294677
0.9563,10731,479.0817735020391
0.9563,10731,640.1089616229217
0.9563,10731,411.7952525358151
0.9563,10731,724.8678239046324
0.9563,10731,379.5300637875144
0.9563,10731,755.6802258705427
0.9563,10731,782.6071316532468
0.9563,10731,766.3223883718498
0.9563,10731,256.5272404057304
0.9563,10731,430.83237477778937
0.9563,10731,683.9792952002509
0.9563,10731,923.9422775279724
0.9563,10731,46.77904423298128
0.9563,10731,204.09996862909128
0.9563,10731,479.2988601903168
0.9563,10731,928.3829342256612
0.9563,10731,821.4247621039423
0.9563,10731,101.85538011084388
0.9563,10731,627.8052912266024
0.9563,10731,671.6490641012234
0.9563,10731,568.9970720485203
0.9563,10731,89.10101432604831
0.9563,10731,916.1461884345916
0.9563,10731,597.1026874411796
0.9563,10731,853.1505803618111
0.9563,10731,777.1500575133325
0.9563,10731,961.79002405103
0.9563,10731,768.1028965805709
0.9563,10731,230.8800585590296
0.9563,10731,819.146397573983
0.9563,10731,867.1864477674369
0.9563,10731,88.84262260796821
0.9563,10731,1074.7667050088885
0.9563,10731,649.8829865105092
0.9563,10731,485.5165742967688
0.9563,10731,644.5935375928055
0.9563,10731,744.7171389731255
0.9563,10731,373.8217086688277
0.9563,10731,829.573355641535
0.9563,10731,474.577956708146
0.9563,10731,695.4954512182369
0.9563,10731,49.20872111262156
0.9563,10731,524.2339224092858
0.9563,10731,999.806859772038
0.9563,10731,649.9844191153404
0.9563,10731,814.886228171076
0.9563,10731,1098.080727805082
0.9563,10731,1036.773502039109
0.9563,10731,432.3084806023214
0.9563,10731,174.82066297187075
0.9563,10731,163.37247725609117
0.9563,10731,286.4992157272822
0.9563,10731,99.33723726863954
0.9563,10731,513.5741921991006
0.9563,10731,428.9910070061696
0.9563,10731,521.557565617484
0.9563,10731,1021.2147861549724
0.9563,10731,687.5272404057304
0.9563,10731,291.44222524312454
0.9563,10731,666.0122346543972
0.9563,10731,615.7164069852557
0.9563,10731,788.0327303147548
0.9563,10731,703.0536442538952
0.9563,10731,791.4349053644254
0.9563,10731,458.9137300010457
0.9563,10731,668.4956603576284
0.9563,10731,610.7479870333577
0.9563,10731,530.6198891561226
0.9563,10731,963.1352086165429
0.9563,10731,362.71222419742753
0.9563,10731,500.477151521489
0.9563,10731,851.8600857471504
0.9563,10731,82.67154658579943
0.9563,10731,700.5000522848478
0.9563,10731,1065.9035867405626
0.9563,10731,773.5524417023946
0.9563,10731,906.7112830701662
0.9563,10731,866.3955871588413
0.9563,10731,892.7389940395274
0.9563,10731,359.31088570532256
0.9563,10731,648.2222106033671
0.9563,10731,427.3631705531737
0.9563,10731,1019.0525985569382
0.9563,10731,749.1781867614766
0.9563,10731,823.7881417965073
0.9563,10731,1024.8614451531946
0.9563,10731,963.2616333786468
0.9563,10731,953.3114085538012
0.9563,10731,726.0422461570637
0.9563,10731,665.6714420161037
0.9563,10731,453.9479242915404
0.9563,10731,673.9772038063369
0.9563,10731,828.4449440552128
0.9563,10731,867.2057931611419
0.9563,10731,879.762626790756
0.9563,10731,936.0364948238
0.9563,10731,366.11847746523057
0.9563,10731,783.0426644358465
0.9563,10731,90.24291540311616
0.9563,10731,672.0331485935376
0.9563,10731,597.9461466067135
0.9563,10731,416.1612464707728
0.9563,10731,728.7796716511555
0.9563,10731,761.589145665586
0.9563,10731,604.5499320296977
0.9563,10731,885.982432291122
0.9563,10731,695.5142737634634
0.9563,10731,1089.3726863954826
0.9563,10731,375.5366516783436
0.9563,10731,723.0141169089197
0.9563,10731,1070.316009620412
0.9563,10731,677.7384711910488
0.9563,10731,372.6314963923455
0.9563,10731,655.4886541880163
0.9563,10731,30.78636411168043
0.9563,10731,495.2491895848583
0.9563,10731,301.965596570114
0.9563,10731,523.8026769842099
0.9597,210279,3219.910597061582
0.9597,210279,3209.132124622278
0.9597,210279,3200.129415442326
0.9597,210279,3197.347712826925
0.9597,210279,3227.123580285506
0.9597,210279,3242.5296446806296
0.9597,210279,3214.824632697718
0.9597,210279,3239.700218818381
0.9597,210279,3214.146295717412
0.9597,210279,3199.093258309889
0.9597,210279,3182.7145983119726
0.9597,210279,3195.266854225279
0.9597,210279,3162.3359383140564
0.9597,210279,3180.448994477441
0.9597,210279,3203.83901219131
0.9597,210279,3178.681983953318
0.9597,210279,3162.5965405855995
0.9597,210279,3186.966135250599
0.9597,210279,3181.4035636136296
0.9597,210279,3200.759091382724
0.9597,210279,3169.318953839742
0.9597,210279,3248.954985933104
0.9597,210279,3198.2263207252263
0.9597,210279,3203.257476294676
0.9597,210279,3223.164426383245
0.9597,210279,3217.399708242159
0.9597,210279,3212.6460352193394
0.9597,210279,3203.7903511514014
0.9597,210279,3215.0655413149943
0.9597,210279,3237.597374179431
0.9597,210279,3210.28123371887
0.9597,210279,3212.1086797957696
0.9597,210279,3151.7778472439304
0.9597,210279,3183.0174012712305
0.9597,210279,3194.856100864853
0.9597,210279,3185.7745128686047
0.9597,210279,3216.300197978535
0.9597,210279,3204.627800354277
0.9597,210279,3239.1975617380435
0.9597,210279,3183.051578618318
0.9597,210279,3245.138793372929
0.9597,210279,3261.25309992706
0.9597,210279,3183.337188704804
0.9597,210279,3188.648952797749
0.9597,210279,3190.5088048348443
0.9597,210279,3184.324163801188
0.9597,210279,3251.8885068250493
0.9597,210279,3202.509742627905
0.9597,210279,3208.974054391997
0.9597,210279,3244.079920808586
0.9597,210279,3247.606126914661
0.9597,210279,3167.4859852037093
0.9597,210279,3233.730749192456
0.9597,210279,3179.6280087527352
0.9597,210279,3222.937063665729
0.9597,210279,3177.771282692508
0.9597,210279,3192.6491611962074
0.9597,210279,3275.2986349901007
0.9597,210279,3238.6611441075333
0.9597,210279,3189.713556319683
0.9597,210279,3190.5866416588515
0.9597,210279,3208.270396999062
0.9597,210279,3210.20079191414
0.9597,210279,3236.736271751589
0.9597,210279,3180.0096905282903
0.9597,210279,3163.871105553819
0.9597,210279,3200.5749713452124
0.9597,210279,3222.2634156507243
0.9597,210279,3189.729498801709
0.9597,210279,3178.400333437533
0.9597,210279,3195.789100760654
0.9597,210279,3080.101073252058
0.9597,210279,3175.539960404293
0.9597,210279,3170.193602167344
0.9597,210279,3210.9832239241427
0.9597,210279,3232.6917786808376
0.9597,210279,3188.6440554339897
0.9597,210279,3202.371366051891
0.9597,210279,3186.756173804314
0.9597,210279,3212.27644055434
0.9597,210279,3207.456705220381
0.9597,210279,3196.5982077732624
0.9597,210279,3226.943419818693
0.9597,210279,3137.3511514014795
0.9597,210279,3209.002396582265
0.9597,210279,3190.34917161613
0.9597,210279,3265.275711159737
0.9597,210279,3197.713347921225
0.9597,210279,3176.5893508388035
0.9597,210279,3214.316036261332
0.9597,210279,3000.188079608211
0.9597,210279,3228.32687298114
0.9597,210279,3208.3959570699176
0.9597,210279,3170.848077524226
0.9597,210279,3174.5382932166303
0.9597,210279,3178.715015108888
0.9597,210279,3182.994477440867
0.9597,210279,3213.2728977805564
0.9597,210279,3205.0591851620297
0.9597,210279,3209.939564447224
0.9597,210279,3220.731165989372
0.9597,210279,3199.782848806919
0.9597,210279,3207.172970720017
0.9597,210279,3184.806606231114
0.9597,210279,3234.5494425341253
0.9597,210279,3235.7806606231115
0.9597,210279,3218.078045222466
0.9597,210279,3179.390017713869
0.9597,210279,3234.636448890278
0.9597,210279,3188.611857872252
0.9597,210279,3230.055017192873
0.9597,210279,3236.6365530895077
0.9597,210279,3189.9577993122853
0.9597,210279,3183.00583515682
0.9597,210279,3224.677086589559
0.9597,210279,3219.787225174533
0.9597,210279,3249.296134208607
0.9597,210279,3161.9797853495884
0.9597,210279,3216.587892049599
0.9597,210279,3221.988642284047
0.9597,210279,3151.1167031363966
0.9597,210279,3198.3273939772844
0.9597,210279,3220.902261123268
0.9597,210279,3243.695738251537
0.9597,210279,3290.167656559341
0.9597,210279,3176.37053245806
0.9597,210279,3197.7920183390643
0.9597,210279,3206.967594039804
0.9597,210279,3180.290715848703
0.9597,210279,3186.1428571428573
0.9597,210279,3221.2294467020943
0.9597,210279,3195.782327810774
0.9597,210279,3231.1862040220904
0.9597,210279,3211.4129415442326
0.9597,210279,3210.404293008232
0.9597,210279,3163.378555798687
0.9597,210279,3195.914660831509
0.9597,210279,3199.868187975409
0.9597,210279,3187.8368240075024
0.9597,210279,3209.0165676773995
0.9597,210279,3197.151193081171
0.9597,210279,3208.4688965301657
0.9597,210279,3177.7693029071584
0.9597,210279,3176.8439095550693
0.9597,210279,3205.702927998333
0.9597,210279,3191.251849536314
0.9597,210279,3177.529853079087
0.9597,210279,3187.587371053454
0.9597,210279,3203.890799208086
0.9597,210279,3168.2841512972805
0.9597,210279,3227.622069396686
0.9597,210279,3179.407835782016
0.9597,210279,3181.232989475878
0.9597,210279,3223.551213921017
0.9597,210279,3228.48400541836
0.9597,210279,3195.782536209232
0.9597,210279,3199.168073356257
0.9597,210279,3176.66343649057
0.9597,210279,3206.43357299156
0.9597,210279,3231.388558924664
0.9597,210279,3198.727935813275
0.9597,210279,3196.9541523392727
0.9597,210279,3210.805460039596
0.9597,210279,2911.4002292383034
0.9597,210279,3189.717828488069
0.9597,210279,3261.382932166302
0.9597,210279,3213.3953318745444
0.9597,210279,3213.3174950505368
0.9597,210279,3191.5981035740338
0.9597,210279,3057.2388246326977
0.9597,210279,3181.9122642492443
0.9597,210279,3258.478378659998
0.9597,210279,3205.868187975409
0.9597,210279,3241.407106387413
0.9597,210279,3230.720433468792
0.9597,210279,3201.209648848598
0.9597,210279,3175.85349588413
0.9597,210279,3212.6022715431905
0.9597,210279,3204.149213295821
0.9597,210279,3164.1100343857456
0.9597,210279,3193.506825049494
0.9597,210279,3180.084192976972
0.9597,210279,3175.6910492862357
0.9597,210279,3226.373033239554
0.9597,210279,3232.416588517245
0.9597,210279,3238.9207043867877
0.9597,210279,3201.162759195582
0.9597,210279,3210.4629571741166
0.9597,210279,3196.792851932896
0.9597,210279,3187.6386370740856
0.9597,210279,3205.294050224028
0.9597,210279,3212.73512556007
0.9597,210279,3165.278211941232
0.9597,210279,3238.3005105762218
0.9597,210279,3189.9361258726685
0.9597,210279,3214.061269146608
0.9597,210279,3195.571949567573
0.9597,210279,3205.6345733041576
0.9597,210279,3195.6539543607378
0.9597,210279,3234.146504115869
0.9597,210279,3260.7147025112013
0.9597,210279,3197.642909242472
0.9597,210279,3201.8094196102948
0.9597,210279,3178.670834635824
0.9597,210279,3157.6389496717725
0.9597,210279,3213.604668125456
0.9597,210279,3160.623215588205
0.9597,210279,3187.318849640513
0.9597,210279,3191.9389392518497
0.9597,210279,3237.962384078358
0.9597,210279,3238.6461394185685
0.9597,210279,3173.456705220381
0.9597,210279,3223.420443888715
0.9597,210279,3207.127644055434
0.9597,210279,3174.0789830155254
0.9597,210279,3167.442534125248
0.9597,210279,3193.945399604043
0.9597,210279,3203.166718766281
0.9597,210279,3183.0063561529646
0.9597,210279,3210.621965197458
0.9597,210279,3169.6638532874854
0.9597,210279,3260.824111701573
0.9597,210279,3203.507554444097
0.9597,210279,3167.801396269668
0.9597,210279,3239.449411274357
0.9597,210279,3207.9599874960927
0.9597,210279,3175.590184432635
0.9597,210279,3066.666145670522
0.9597,210279,3195.750547045952
0.9597,210279,3260.844013754298
0.9597,210279,3189.442117328332
0.9597,210279,3176.723038449516
0.9597,210279,3201.890486610399
0.9597,210279,3198.221423361467
0.9597,210279,3178.344691049286
0.9597,210279,3201.54319058039
0.9597,210279,3195.42680004168
0.9597,210279,3209.774096071689
0.9597,210279,3175.4355527769094
0.9597,210279,3196.508909034073
0.9597,210279,3208.478587058456
0.9597,210279,3230.294154423257
0.9597,210279,3222.439824945295
0.9597,210279,3209.463999166406
0.9597,210279,3249.8760029175783
0.9597,210279,3198.0092737313744
0.9597,210279,3195.267375221423
0.9597,210279,3179.2182973845997
0.9597,210279,3230.6613525059915
0.9597,210279,3201.600604355528
0.9597,210279,3239.8396373866835
0.9597,210279,3200.055746587476
0.9597,210279,3197.169427946233
0.9597,210279,3213.5727831614045
0.9597,210279,3232.7735750755446
0.9597,210279,3149.9838491195164
0.9597,210279,3195.823069709284
0.9597,210279,3215.249765551735
0.9597,210279,3251.7029279983326
0.9597,210279,3252.279566531208
0.9597,210279,3179.7534646243616
0.9597,210279,3209.6265499635306
0.9597,210279,3158.3427112639365
0.9597,210279,3261.255183911639
0.9597,210279,3187.949671772429
0.9597,210279,3225.275190163593
0.9597,210279,3191.2899864541005
0.9597,210279,3179.4359695738253
0.9597,210279,3206.1821402521623
0.9597,210279,3174.926852141294
0.9597,210279,3190.422215275607
0.9597,210279,3211.934354485777
0.9597,210279,3235.670417838908
0.9597,210279,3184.3948108784
0.9597,210279,3168.9856205064084
0.9597,210279,3215.586120662708
0.9597,210279,3263.7995206835467
0.9597,210279,3202.5769511305616
0.9597,210279,3206.324684797333
0.9597,210279,3187.2963426070646
0.9597,210279,3200.543919974992
0.9597,210279,3216.261540064604
0.9597,210279,3226.235490257372
0.9597,210279,3208.4054391997497
0.9597,210279,3195.681150359487
0.9597,210279,3170.9353964780657
0.9597,210279,3200.1031572366364
0.9597,210279,3194.0949254975512
0.9597,210279,3179.9836407210587
0.9597,210279,3227.197457538814
0.9597,210279,3185.829842659165
0.9597,210279,3198.491403563614
0.9597,210279,3205.4401375429825
0.9597,210279,3209.397832656038
0.9597,210279,3206.644889027821
0.9597,210279,3225.9485255809104
0.9597,210279,3192.331353547984
0.9597,210279,3206.7314785870585
0.9597,210279,3213.3948108783998
0.9597,210279,3216.85162029801
0.9597,210279,3199.5251641137856
0.9597,210279,3257.110972178806
0.9597,210279,3224.3145774721265
0.9597,210279,3195.960404293008
0.9597,210279,3168.2248619360216
0.9597,210279,3224.260185474628
0.9597,210279,3200.4702511201417
0.9597,210279,3187.0574137751382
0.9597,210279,3161.932687298114
0.9597,210279,3155.2263207252267
0.9597,210279,3169.3587579451914
0.9597,210279,3189.731582786287
0.9597,210279,3187.9593623007186
0.9597,210279,3207.6372824841096
0.9597,210279,3241.646243617797
0.9597,210279,3197.206106074815
0.9597,210279,3208.7024070021885
0.9597,210279,3233.23278107742
0.9597,210279,3211.852766489528
0.9597,210279,3197.829738459935
0.9597,210279,3235.149838491195
0.9597,210279,3195.347296030009
0.9597,210279,3219.8589142440346
0.9597,210279,3210.6066479108053
0.9597,210279,3211.4075231843285
0.9597,210279,3189.223715744504
0.9597,210279,3220.938314056476
0.9597,210279,3182.5296446806296
0.9597,210279,3196.014900489736
0.9597,210279,3225.593310409503
0.9597,210279,3234.796915702824
0.9597,210279,3178.189538397416
0.9597,210279,3183.636448890278
0.9597,210279,3185.147650307388
0.9597,210279,3179.495675732
0.9597,210279,3233.6342607064707
0.9597,210279,3195.258101490049
0.9597,210279,3208.522038136918
0.9597,210279,3160.247473168699
0.9597,210279,3175.663228092112
0.9597,210279,3234.651557778472
0.9597,210279,3200.4580598103576
0.9597,210279,3213.5325622590394
0.9597,210279,3196.645514223195
0.9597,210279,3186.4255496509327
0.9597,210279,3206.7920183390643
0.9597,210279,3227.173491716161
0.9597,210279,3189.297072001667
0.9597,210279,3192.4814004376367
0.9597,210279,3175.617380431385
0.9597,210279,3181.965718453684
0.9597,210279,3203.39960404293
0.9597,210279,3195.1974575388144
0.9597,210279,3169.8341148275504
0.9597,210279,3183.257893091591
0.9597,210279,3196.743669896843
0.9597,210279,3235.408044180473
0.9597,210279,3199.332291341044
0.9597,210279,3208.7202250703344
0.9597,210279,3167.685214129416
0.9597,210279,3212.121600500156
0.9597,210279,3193.565280816922
0.9597,210279,3131.078253620923
0.9597,210279,3215.5502761279567
0.9597,210279,3237.9188288006667
0.9597,210279,3197.7427321037826
0.9597,210279,3199.1891216005006
0.9597,210279,3282.710117745129
0.9597,210279,3152.7917057413774
0.9597,210279,3188.7305407939984
0.9597,210279,3213.3626133166613
0.9597,210279,3197.330311555694
0.9597,210279,3188.9351880796085
0.9597,210279,3154.1349380014585
0.9597,210279,3167.029592581014
0.9597,210279,3217.695738251537
0.9597,210279,3174.054600395957
0.9597,210279,3204.4298218193185
0.9597,210279,3189.393247889966
0.9597,210279,3193.157549234136
0.9597,210279,3248.558820464729
0.9597,210279,3216.6196728144214
0.9597,210279,3219.421798478691
0.9597,210279,3232.3511514014795
0.9597,210279,3164.238928831927
0.9597,210279,3204.559549859331
0.9597,210279,3227.1535896634364
0.9597,210279,3213.341669271648
0.9597,210279,3190.7200166718767
0.9597,210279,3224.989788475565
0.9597,210279,3232.0533500052097
0.9597,210279,3264.7060539752006
0.9597,210279,3210.172449723872
0.9597,210279,3171.781598416172
0.9597,210279,3202.727519016359
0.9597,210279,3196.3312493487547
0.9597,210279,3181.314160675211
0.9597,210279,3249.6980306345736
0.9597,210279,3177.7414817130352
0.9597,210279,3224.314681671356
0.9597,210279,3185.4058559966657
0.9597,210279,3185.5366260289675
0.9597,210279,3205.505366260289
0.9597,210279,3163.5510055225595
0.9597,210279,3192.792851932896
0.9597,210279,3158.6843805355843
0.9597,210279,3182.9629050745025
0.9597,210279,3210.633739710326
0.9597,210279,3220.092841512973
0.9597,210279,3190.2196519745758
0.9597,210279,3218.082525789309
0.9597,210279,3235.7803480254247
0.9597,210279,3195.026779201833
0.9597,210279,3197.9299781181617
0.9597,210279,3234.117536730228
0.9597,210279,3184.9533187454417
0.9597,210279,3202.088152547671
0.9597,210279,3176.539439408148
0.9597,210279,3214.8653745962283
0.9597,210279,3203.321350422007
0.9597,210279,3176.907471084714
0.9597,210279,3191.72355944566
0.9597,210279,3249.7165780973223
0.9597,210279,3197.523496926123
0.9597,210279,3172.6511409815566
0.9597,210279,3216.752943628217
0.9597,210279,3210.830051057622
0.9597,210279,3215.7592997811817
0.9597,210279,3186.614358653746
0.9597,210279,3194.433156194644
0.9597,210279,3192.4286756278
0.9597,210279,3207.8062936334272
0.9597,210279,3213.800458476607
0.9597,210279,3166.352401792227
0.9597,210279,3240.178597478379
0.9597,210279,3252.081692195478
0.9597,210279,3219.495363134313
0.9597,210279,3181.0940919037203
0.9597,210279,3257.154527456497
0.9597,210279,3209.278003542774
0.9597,210279,3196.6273835573616
0.9597,210279,3221.6847973325
0.9597,210279,3180.795561112848
0.9597,210279,3181.1618214025216
0.9597,210279,3185.813066583307
0.9597,210279,3254.327081379598
0.9597,210279,3170.4780660623114
0.9597,210279,3182.039074710847
0.9597,210279,3206.8523496926123
0.9597,210279,3222.388871522351
0.9597,210279,3210.5993539647807
0.9597,210279,3196.1997499218505
0.9597,210279,3233.8796498905904
0.9597,210279,3230.3581327498177
0.9597,210279,3218.9905178701674
0.9597,210279,3166.5503803271854
0.9597,210279,3211.871626549964
0.9597,210279,3222.95727831614
0.9597,210279,3196.5969573825155
0.9597,210279,3189.194539960404
0.9597,210279,3241.539856205064
0.9597,210279,3190.090965926852
0.9597,210279,3214.653329165364
0.9597,210279,3210.112430968011
0.9597,210279,3275.0027091799525
0.9597,210279,3182.207981660936
0.9597,210279,3170.8672501823485
0.9597,210279,3190.6768781911014
0.9597,210279,3188.5364176305093
0.9597,210279,3235.0156298843385
0.9597,210279,3180.941335834115
0.9597,210279,3217.841304574346
0.9597,210279,3252.585182869647
0.9597,210279,3204.985724705637
0.9597,210279,3161.479837449203
0.9597,210279,3186.094717099093
0.9597,210279,3171.92143378139
0.9597,210279,3229.775242263207
0.9597,210279,3175.913097843076
0.9597,210279,3179.527248098364
0.9597,210279,3191.19005939356
0.9597,210279,3252.126185266229
0.9597,210279,3182.6586433260395
0.9597,210279,3198.444305512139
0.9597,210279,3166.916849015317
0.9597,210279,3189.517870167761
0.9597,210279,3181.772845680942
0.9597,210279,3196.5702823799106
0.9597,210279,3194.9958320308438
0.9597,210279,3173.3496926122743
0.9597,210279,3203.969157028238
0.9597,210279,3173.74585808065
0.9597,210279,3224.6191518182764
0.9597,210279,3175.965926852141
0.9597,210279,3202.671459831197
0.9597,210279,3254.2404918203606
0.9597,210279,3175.5866416588515
0.9597,210279,3182.7382515369386
0.9597,210279,3207.4216942794624
0.9597,210279,3220.262373658435
0.9597,210279,3237.272689382098
0.9597,210279,3201.827446076899
0.9597,210279,3191.512556007085
0.9597,210279,3208.20662707096
0.9597,210279,3180.0080233406275
0.9597,210279,3239.5633010315723
0.9597,210279,3198.0394915077627
0.9597,210279,3189.887360633531
0.9597,210279,3180.994269042409
0.9597,210279,3215.1371261852664
0.9597,210279,3240.992810253204
0.9597,210279,3226.2164217984787
0.9597,210279,3191.9500885693446
0.9597,210279,3212.395019276857
0.9597,210279,3191.5293320829423
0.9597,210279,3206.636553089507
0.9597,210279,3212.2296551005525
0.9597,210279,3178.138584974471
0.9597,210279,3167.186725018235
0.9597,210279,3236.860894029384
0.9597,210279,3182.5786183182245
0.9597,210279,3203.2067312701884
0.9597,210279,3209.970094821298
0.9597,210279,3243.8821506720847
0.9597,210279,3194.6432218401583
0.9597,210279,3242.231739085131
0.9597,210279,3225.879649890591
0.9597,210279,3206.7287694071065
0.9597,210279,3195.5981035740338
0.9597,210279,3223.276857351256
0.9597,210279,3197.0066687506514
0.9597,210279,3207.5659060122957
0.9597,210279,3198.228821506721
0.9597,210279,3261.708658955924
0.9597,210279,3221.69646764614
0.9597,210279,3237.0842971762013
0.9597,210279,3179.229134104408
0.9597,210279,3195.39283109305
0.9597,210279,3256.2432010003126
0.9597,210279,3161.9965614254456
0.9597,210279,3183.3014483692823
0.9597,210279,3208.758778785037
0.9597,210279,3175.9987496092526
0.9597,210279,3197.501823486506
0.9597,210279,3201.5461081588
0.9597,210279,3212.619360216734
0.9597,210279,3183.5942482025634
0.9597,210279,3181.0833593831403
0.9597,210279,3235.235490257372
0.9597,210279,3217.1996457226214
0.9597,210279,3176.804834844222
0.9597,210279,3191.7155361050327
0.9597,210279,3218.959779097635
0.9597,210279,3225.448577680525
0.9597,210279,3184.0176096696887
0.9597,210279,3205.604459726998
0.9597,210279,3206.175888298427
0.9597,210279,3192.2200687714912
0.9597,210279,3228.28029592581
0.9597,210279,3243.4433677190787
0.9597,210279,3236.333958528707
0.9597,210279,3178.669063248932
0.9597,210279,3236.3459414400336
0.9597,210279,3213.8791288944462
0.9597,210279,3205.0932583098884
0.9597,210279,3192.862561217047
0.9597,210279,3260.168281754715
0.9597,210279,3213.3383348963216
0.9597,210279,3192.756798999688
0.9597,210279,3255.845680941961
0.9597,210279,3237.7678441179537
0.9597,210279,3215.3051995415235
0.9597,210279,3205.219547775346
0.9597,210279,3217.92924872356
0.9597,210279,3192.545587162655
0.9597,210279,3244.7218922579973
0.9597,210279,3177.5110972178804
0.9597,210279,3224.6433260393874
0.9597,210279,3220.7623215588205
0.9597,210279,3251.5422527873293
0.9597,210279,3202.9365426695845
0.9597,210279,3179.867041783891
0.9597,210279,3180.469938522455
0.9597,210279,3212.7483588621444
0.9597,210279,3208.2608106700013
0.9597,210279,3175.4786912576847
0.9597,210279,3199.1004480566844
0.9597,210279,3230.036469730124
0.9597,210279,3223.443888715224
0.9597,210279,3180.6043555277693
0.9597,210279,3175.3554235698657
0.9597,210279,3183.2097530478272
0.9597,210279,3176.947796186308
0.9597,210279,3167.9641554652494
0.9597,210279,3206.777534646244
0.9597,210279,3207.926435344378
0.9597,210279,3233.6721892258
0.9597,210279,3176.124830676253
0.9597,210279,3224.156611441076
0.9597,210279,3207.1755757007395
0.9597,210279,3179.153172866521
0.9597,210279,3197.65374596228
0.9597,210279,3194.5783057205376
0.9597,210279,3195.579556111285
0.9597,210279,3214.4666041471296
0.9597,210279,3179.272064186725
0.9597,210279,3176.9624882775865
0.9597,210279,3184.802959258101
0.9597,210279,3175.422423674065
0.9597,210279,3197.337397103261
0.9597,210279,3209.8042096488484
0.9597,210279,3245.202250703345
0.9597,210279,3187.002709179952
0.9597,210279,3187.412733145775
0.9597,210279,3155.755652808169
0.9597,210279,3206.840054183599
0.9597,210279,3243.144941127436
0.9597,210279,3202.250182348651
0.9597,210279,3216.879337292904
0.9597,210279,3260.857038657914
0.9597,210279,3190.1830780452224
0.9597,210279,3235.482234031468
0.9597,210279,3172.000104199229
0.9597,210279,3157.3063457330413
0.9597,210279,3234.802021465041
0.9597,210279,3280.303011357716
0.9597,210279,3176.54704595186
0.9597,210279,3271.5312076690634
0.9597,210279,3216.635406897989
0.9597,210279,3175.5016150880483
0.9597,210279,3179.912889444618
0.9597,210279,3197.30165676774
0.9597,210279,3202.3366677086588
0.9597,210279,3235.3081171199333
0.9597,210279,3178.690111493175
0.9597,210279,3230.1724497238724
0.9597,210279,3253.9252891528604
0.9597,210279,3238.358549546733
0.9597,210279,3221.855788267166
0.9597,210279,3194.7210586641663
0.9597,210279,3199.967698239033
0.9597,210279,3235.297488798583
0.9597,210279,3179.0078149421693
0.9597,210279,3237.026883401063
0.9597,210279,3238.913723038449
0.9597,210279,3174.581744295092
0.9597,210279,3207.472647702407
0.9597,210279,3179.4774408669377
0.9597,210279,3225.901948525581
0.9597,210279,3205.218714181515
0.9597,210279,3226.930603313536
0.9597,210279,3189.024070021882
0.9597,210279,3230.621756799
0.9597,210279,3231.021048244243
0.9597,210279,3198.537876419715
0.9597,210279,3227.1869334166927
0.9597,210279,3202.6934458685005
0.9597,210279,3199.393977284568
0.9597,210279,3240.67125143274
0.9597,210279,3196.5901844326354
0.9597,210279,3213.4474314890067
0.9597,210279,3257.176721892258
0.9597,210279,3196.085026570803
0.9597,210279,3228.097426279045
0.9597,210279,3207.4904657705533
0.9597,210279,3215.91559862457
0.9597,210279,3177.864436803168
0.9597,210279,3207.208398457851
0.9597,210279,3236.0476190476197
0.9597,210279,3183.659372720642
0.9597,210279,3200.96707304366
0.9597,210279,3218.0865895592374
0.9597,210279,3224.573304157549
0.9597,210279,3176.5200583515684
0.9597,210279,3220.321663019693
0.9597,210279,3193.4875481921435
0.9597,210279,3226.077003230176
0.9597,210279,3195.063248931958
0.9597,210279,3202.2368448473485
0.9597,210279,3165.204751484839
0.9597,210279,3166.033552151714
0.9597,210279,3196.5918516202983
0.9597,210279,3181.6359278941336
0.9597,210279,3255.7429405022403
0.9597,210279,3274.536834427425
0.9597,210279,3210.0678336980304
0.9597,210279,3234.667708658956
0.9597,210279,3221.2244451391057
0.9597,210279,3233.815150567886
0.9597,210279,3201.907054287798
0.9597,210279,3250.687610711681
0.9597,210279,3201.503073877253
0.9597,210279,3221.90007293946
0.9597,210279,3249.514848390122
0.9597,210279,3246.39283109305
0.9597,210279,3163.975825778889
0.9597,210279,3194.6955298530797
0.9597,210279,3183.803480254246
0.9597,210279,3165.4572262165257
0.9597,210279,3237.3667812858184
0.9597,210279,3228.9353964780657
0.9597,210279,3147.6268625612174
0.9597,210279,3229.1903719912475
0.9597,210279,3196.73429196624
0.9597,210279,3229.3414608731896
0.9597,210279,3207.717203292696
0.9597,210279,3236.383974158591
0.9597,210279,3206.7382515369386
0.9597,210279,3256.385849744712
0.9597,210279,3206.656038345316
0.9597,210279,3197.695842450766
0.9597,210279,3078.228717307492
0.9597,210279,3196.113577159529
0.9597,210279,3254.9413358341144
0.9597,210279,3204.8509951026363
0.9597,210279,3234.4245076586435
0.9597,210279,3230.892049598833
0.9597,210279,3162.8395331874544
0.9597,210279,3236.862040220902
0.9597,210279,3194.203501094092
0.9597,210279,3189.098780869021
0.9597,210279,3184.385537147025
0.9597,210279,3185.9390434510788
0.9597,210279,3200.145983119725
0.9597,210279,3213.4125247473166
0.9597,210279,3228.4032510159427
0.9597,210279,3229.633010315724
0.9597,210279,3182.1000312597685
0.9597,210279,3199.4288840262584
0.9597,210279,3225.46847973325
0.9597,210279,3216.4793164530583
0.9597,210279,3197.2946754194018
0.9597,210279,3258.8205689277897
0.9597,210279,3117.8879858289047
0.9597,210279,3192.504220068772
0.9597,210279,3221.106804209649
0.9597,210279,3182.683234344066
0.9597,210279,3220.053245805981
0.9597,210279,3215.026570803376
0.9597,210279,3167.495988329686
0.9597,210279,3181.4648327602376
0.9597,210279,3192.776284255496
0.9597,210279,3202.861936021673
0.9597,210279,3233.6847973325
0.9597,210279,3247.6036261331665
0.9597,210279,3214.296030009378
0.9597,210279,3224.0554339897885
0.9597,210279,3221.555590288632
0.9597,210279,3250.960716890695
0.9597,210279,3192.3192664374283
0.9597,210279,3206.300823173908
0.9597,210279,3243.983328123372
0.9597,210279,3189.347712826925
0.9597,210279,3204.619985412108
0.9597,210279,3180.448577680525
0.9597,210279,3260.209023653225
0.9597,210279,3184.595811190997
0.9597,210279,3225.58299468584
0.9597,210279,3235.353547983745
0.9597,210279,3201.009377930603
0.9597,210279,3178.777430447015
0.9597,210279,3195.068250494946
0.9597,210279,3188.430551213921
0.9597,210279,3189.2031884964053
0.9597,210279,3216.2766489527976
0.9597,210279,3175.786704178389
0.9597,210279,3202.7034489944776
0.9597,210279,3189.706783369803
0.9597,210279,3206.4200270917995
0.9597,210279,3215.2810253204125
0.9597,210279,3219.5940398041053
0.9597,210279,3186.8003542773786
0.9597,210279,3184.0777326247785
0.9597,210279,3215.911430655413
0.9597,210279,3236.395540273002
0.9597,210279,3209.857351255601
0.9597,210279,3222.599770761696
0.9597,210279,3221.6821923517764
0.9597,210279,3235.5605918516203
0.9597,210279,3250.760237574242
0.9597,210279,3194.425237053246
0.9597,210279,3178.985099510264
0.9597,210279,3225.2085026570803
0.9597,210279,3188.845889340419
0.9597,210279,3178.6838595394397
0.9597,210279,3231.805772637282
0.9597,210279,3193.392726893821
0.9597,210279,3197.7226216526
0.9597,210279,3226.857455454829
0.9597,210279,3209.4605605918514
0.9597,210279,3213.743148900698
0.9597,210279,3170.565072418464
0.9597,210279,3166.678232781077
0.9597,210279,3204.1856830259453
0.9597,210279,3253.9347712826925
0.9597,210279,3210.1154527456497
0.9597,210279,3237.021986037304
0.9597,210279,3202.089090340731
0.9597,210279,3172.245076586433
0.9597,210279,3208.057622173596
0.9597,210279,3219.9082004793163
0.9597,210279,3270.671564030426
0.9597,210279,3227.326977180369
0.9597,210279,3189.8978847556527
0.9597,210279,3227.268313014484
0.9597,210279,3179.77399187246
0.9597,210279,3181.2397624257583
0.9597,210279,3213.214963009274
0.9597,210279,3150.2044388871523
0.9597,210279,3231.8022298634987
0.9597,210279,3211.8348442221527
0.9597,210279,3241.7595081796394
0.9597,210279,3274.2528915286025
0.9597,210279,3195.172970720017
0.9597,210279,3195.826508283839
0.9597,210279,3245.32301760967
0.9597,210279,3203.034385745545
0.9597,210279,3189.182557049078
0.9597,210279,3192.604147129311
0.9597,210279,3196.351984995312
0.9597,210279,3157.2221527560696
0.9597,210279,3227.075544440971
0.9597,210279,3243.660102115244
0.9597,210279,3185.986662498697
0.9597,210279,3212.443159320621
0.9597,210279,3190.093883505262
0.9597,210279,3197.460143794936
0.9597,210279,3188.824945295405
0.9597,210279,3215.061373345837
0.9597,210279,3208.387829530061
0.9597,210279,3197.575283942899
0.9597,210279,3202.725226633323
0.9597,210279,3177.6941752631037
0.9597,210279,3186.109721788059
0.9597,210279,3195.083150984683
0.9597,210279,3226.680108367198
0.9597,210279,3212.552568510993
0.9597,210279,3182.718349484214
0.9597,210279,3175.871626549964
0.9597,210279,3182.381369177868
0.9597,210279,3220.707929561321
0.9597,210279,3202.0189642596647
0.9597,210279,3198.1316036261333
0.9597,210279,3192.873918933
0.9597,210279,3206.318432843597
0.9597,210279,3193.366051891216
0.9597,210279,3203.679795769511
0.9597,210279,3216.1485881004483
0.9597,210279,3187.012503907471
0.9597,210279,3200.799103886631
0.9597,210279,3213.281963113473
0.9597,210279,3187.3411482755027
0.9597,210279,3169.7694071063875
0.9597,210279,3196.127435656976
0.9597,210279,3190.748879858289
0.9597,210279,3190.346358236949
0.9597,210279,3189.957174116912
0.9597,210279,3249.075857038658
0.9597,210279,3212.447223090549
0.9597,210279,3202.2241325414197
0.9597,210279,3232.7528394289884
0.9597,210279,3230.800458476607
0.9597,210279,3216.93602167344
0.9597,210279,3215.0077107429406
0.9597,210279,3190.0453266645827
0.9597,210279,3179.443888715224
0.9597,210279,3186.341044076274
0.9597,210279,3185.027925393352
0.9597,210279,3191.5064082525787
0.9597,210279,3201.390330311556
0.9597,210279,3235.9937480462645
0.9597,210279,3211.353756382203
0.9597,210279,3233.247889965614
0.9597,210279,3202.2026675002603
0.9597,210279,3220.661769302907
0.9597,210279,3204.040846097739
0.9597,210279,3187.276648952798
0.9597,210279,3207.3752214233614
0.9597,210279,3182.3287485672604
0.9597,210279,3197.739710326144
0.9597,210279,3074.728873606336
0.9597,210279,3174.4431593206214
0.9597,210279,3238.138897572158
0.9597,210279,3201.3075961237887
0.9597,210279,3200.298843388559
0.9597,210279,3176.625820568928
0.9597,210279,3214.1764092945714
0.9597,210279,3208.418255704908
0.9597,210279,3263.769615504845
0.9597,210279,3188.922267375221
0.9597,210279,3215.3454204438885
0.9597,210279,3217.074502448682
0.9597,210279,3201.868917370012
0.9597,210279,3184.9796811503597
0.9597,210279,3180.8199437324165
0.9597,210279,3197.7808690215693
0.9597,210279,3237.245597582578
0.9597,210279,3240.869855163072
0.9597,210279,3219.4156507241846
0.9597,210279,3182.732103782432
0.9597,210279,3177.913202042305
0.9597,210279,3201.7427321037826
0.9597,210279,3235.385328748567
0.9597,210279,3236.483588621444
0.9597,210279,3182.187975408982
0.9597,210279,3190.627279358133
0.9597,210279,3224.796707304366
0.9597,210279,3213.4133583411485
0.9597,210279,3210.864645201625
0.9597,210279,3231.340939877045
0.9597,210279,3233.8999687402315
0.9597,210279,3237.557049077837
0.9597,210279,3169.626862561217
0.9597,210279,3215.165051578618
0.9597,210279,3204.4141919349795
0.9597,210279,3252.967489840575
0.9597,210279,3220.309992706054
0.9597,210279,3179.0417838907997
0.9597,210279,3175.244972387204
0.9597,210279,3185.458580806502
0.9597,210279,3174.933729290404
0.9597,210279,3233.3502136084194
0.9597,210279,3248.6416588517245
0.9597,210279,3184.273418776701
0.9597,210279,3190.966135250599
0.9597,210279,3228.3207252266334
0.9597,210279,3213.4653537563822
0.9597,210279,3252.834844222153
0.9597,210279,3216.5269355006776
0.9597,210279,3174.075752839429
0.9597,210279,3184.621548400542
0.9597,210279,3224.132124622278
0.9597,210279,3183.309784307596
0.9597,210279,3184.1660935709074
0.9597,210279,3159.903407314786
0.9597,210279,3153.3065541314995
0.9597,210279,3198.4582682088158
0.9597,210279,3184.2699802021466
0.9597,210279,3228.9329998958005
0.9597,210279,3196.8182765447536
0.9597,210279,3191.1118057726376
0.9597,210279,3190.0025007814943
0.9597,210279,3218.808481817234
0.9597,210279,3178.4992185057827
0.9597,210279,3196.1437949359174
0.9597,210279,3194.931228508909
0.9597,210279,3174.9238303636557
0.9597,210279,3219.088881942273
0.9597,210279,3226.9562363238515
0.9597,210279,3166.770970094821
0.9597,210279,3201.1394185683025
0.9597,210279,3212.809732207982
0.9597,210279,3212.340002083985
0.9597,210279,3180.1425445451705
0.9597,210279,3212.970199020528
0.9597,210279,3220.0681462957173
0.9597,210279,3218.3710534542047
0.9597,210279,3188.964780660623
0.9597,210279,3220.171511930812
0.9597,210279,3230.31332708138
0.9597,210279,3179.607585703866
0.9597,210279,3239.318849640513
0.9597,210279,3219.567885797645
0.9597,210279,3193.12514327394
0.9597,210279,3182.677086589559
0.9597,210279,3210.541627591956
0.9597,210279,3189.38793372929
0.9597,210279,2934.096488485985
0.9597,210279,3230.267896217568
0.9597,210279,3187.391476503074
0.9597,210279,3158.5743461498387
0.9597,210279,3165.806918828801
0.9597,210279,3164.2129832239243
0.9597,210279,3190.5979993748047
0.9597,210279,3236.3902261123267
0.9597,210279,3209.899030947171
0.9597,210279,3263.438053558404
0.9597,210279,3189.6425966447846
0.9597,210279,3253.8927789934355
0.9597,210279,3212.328748567261
0.9597,210279,3216.086693758466
0.9597,210279,3206.348025424612
0.9597,210279,3173.052620610608
0.9597,210279,3193.7322079816613
0.9597,210279,3258.93987704491
0.9597,210279,3233.689486297801
0.9597,210279,3176.8046264457644
0.9597,210279,3201.2082942586226
0.9597,210279,3186.168490153173
0.9597,210279,3202.016255079712
0.9597,210279,3205.695634052308
0.9597,210279,3208.280921121184
0.9597,210279,3193.7301239970825
0.9597,210279,3214.254350317808
0.9597,210279,3215.638428675628
0.9597,210279,3183.979368552673
0.9597,210279,3218.9275815358965
0.9597,210279,3197.910180264666
0.9597,210279,3226.8259872876943
0.9597,210279,3159.0132333020733
0.9597,210279,3182.576742732104
0.9597,210279,3168.234031468168
0.9597,210279,3214.212670626237
0.9597,210279,3157.353547983745
0.9597,210279,3208.32395540273
0.9597,210279,3268.258830884651
0.9597,210279,3230.095342294467
0.9597,210279,3180.57517974367
0.9597,210279,3203.21725539231
0.9597,210279,3187.141919349797
0.9597,210279,3192.265708033761
0.9597,210279,3205.0431384807757
0.9597,210279,3213.1367093883505
0.9597,210279,3210.787954569136
0.9597,210279,3208.5256851099302
0.9597,210279,3212.695321454621
0.9597,210279,3176.3192664374283
0.9597,210279,3198.6040429300824
0.9597,210279,3196.1043034281547
0.9597,210279,3231.0089611336875
0.9597,210279,3223.608315098468
0.9597,210279,3192.2196519745758
0.9597,210279,3179.03105137022
0.9597,210279,3235.586433260394
0.9597,210279,3253.2694592060016
0.9597,210279,3224.555590288632
0.9597,210279,3180.8928831926646
0.9597,210279,3208.2468479733247
0.9597,210279,3200.002813379181
0.9597,210279,3226.831509846827
0.9597,210279,3198.0483484422216
0.9597,210279,3202.099301865166
0.9597,210279,3171.8917370011463
0.9597,210279,3241.533708450557
0.9597,210279,3176.1522350734604
0.9597,210279,3210.4103365635096
0.9597,210279,3177.1255600708555
0.9597,210279,3202.6367614879646
0.9597,210279,3233.477128269251
0.9597,210279,3220.5209961446285
0.9597,210279,3198.6780243826192
0.9597,210279,3216.9679066374906
0.9597,210279,3268.266437428363
0.9597,210279,3182.847139731166
0.9597,210279,3191.0667917057417
0.9597,210279,3178.797957695113
0.9597,210279,3180.8108783995
0.9597,210279,3221.39960404293
0.9597,210279,3177.819110138585
0.9597,210279,3213.737834740023
0.9597,210279,3200.6121704699385
0.9597,210279,3265.44034594144
0.9597,210279,3195.025528811087
0.9597,210279,3198.250807544024
0.9597,210279,3211.051995415234
0.9597,210279,3255.3834531624466
0.9597,210279,3227.8703761592164
0.9597,210279,3274.668646452016
0.9597,210279,3157.777534646244
0.9597,210279,3211.818693341669
0.9597,210279,3232.039595706992
0.9597,210279,3189.2218401583827
0.9597,210279,3202.5320412628944
0.9597,210279,3184.4618109825988
0.9597,210279,3180.366989684276
0.9597,210279,3194.5894550380326
0.9597,210279,3239.013962696676
0.9597,210279,3199.016880275086
0.9597,210279,3206.9863499010107
0.9597,210279,3194.9430030217777
0.9597,210279,3202.1282692508075
0.9597,210279,3215.656350943003
0.9597,210279,3158.1756798999686
0.9597,210279,3168.187558612066
0.9597,210279,3235.070126081067
0.9597,210279,3190.0342815463164
0.9597,210279,3230.9054912993643
0.9597,210279,3192.377930603314
0.9597,210279,3176.4077315827863
0.9597,210279,3209.8718349484216
0.9597,210279,3177.4858810044807
0.9597,210279,3216.395540273002
0.9597,210279,3196.171511930812
0.9597,210279,3228.318953839742
0.9597,210279,3175.946754194019
0.9597,210279,3184.8505783057203
0.9597,210279,3174.9716578097323
0.9597,210279,3197.572053766802
0.9597,210279,3200.260602271544
0.9597,210279,3170.9265395436078
0.9597,210279,3211.755757007398
0.9597,210279,3176.803376055017
0.9597,210279,3193.758361988121
0.9597,210279,3206.851099301865
0.9597,210279,3179.7761800562675
0.9597,210279,3179.403667812858
0.9597,210279,3217.6243617797227
0.9597,210279,3120.37147025112
0.9597,210279,3184.9984370115662
0.9597,210279,3238.80118787121
0.9597,210279,3201.062519537355
0.9597,210279,3218.3917891007604
0.9597,210279,3197.957903511514
0.9597,210279,3237.549859331041
0.9597,210279,3278.4503490674165
0.9597,210279,3247.856517661769
0.9597,210279,3196.426383244764
0.9597,210279,3162.2814421173284
0.9597,210279,3264.312076690632
0.9597,210279,3222.932999895801
0.9597,210279,3242.6446806293634
0.9597,210279,3208.497759716578
0.9597,210279,3196.532979055955
0.9597,210279,3221.7016776075857
0.9597,210279,3261.169844743149
0.9597,210279,3180.5029696780243
0.9597,210279,3202.534750442847
0.9597,210279,3222.930915911222
0.9597,210279,3247.1606752110038
0.9597,210279,3264.3217672189226
0.9597,210279,3215.438991351464
0.9597,210279,3220.574867145983
0.9597,210279,3236.2013129102847
0.9597,210279,3190.369907262686
0.9597,210279,3241.1069084088776
0.9597,210279,3260.641242054809
0.9597,210279,3232.889548817339
0.9597,210279,3201.2306970928416
0.9597,210279,3213.630926331145
0.9597,210279,3240.672397624257
0.9597,210279,3199.2285089090337
0.9597,210279,3187.8075440241746
0.9597,210279,3179.287589871835
0.9597,210279,3196.551526518704
0.9597,210279,3155.61977701365
0.9597,210279,3217.3233302073563
0.9597,210279,3223.9988538084817
0.9597,210279,3183.0076065437115
0.9597,210279,3178.580493904345
0.9597,210279,3235.799103886631
0.9597,210279,3148.9475877878504
0.9597,210279,3243.0029175784102
0.9597,210279,3232.2001667187665
0.9597,210279,3263.150151088882
0.9597,210279,3210.705220381369
0.9597,210279,3259.6259247681564
0.9597,210279,3193.559758257789
0.9597,210279,3233.8241117015737
0.9597,210279,3179.2706053975203
0.9597,210279,3258.859643638637
0.9597,210279,3204.0556423882467
0.9597,210279,3205.870897155361
0.9597,210279,3236.1226424924457
0.9597,210279,3210.9362300718976
0.9597,210279,3180.106074815046
0.9597,210279,3184.201833906429
0.9597,210279,3195.701156611441
0.9597,210279,3177.252578930916
0.9597,210279,3263.447639887465
0.9597,210279,3224.2107950401164
0.9597,210279,3182.928831926644
0.9597,210279,3168.357194956757
0.9597,210279,3162.0820047931643
0.9597,210279,3233.5788267166827
0.9597,210279,3208.916849015317
0.9597,210279,3232.6910492862357
0.9597,210279,3230.7531520266757
0.9597,210279,3197.141294154423
0.9597,210279,3180.096175888298
0.9597,210279,3177.090549129937
0.9597,210279,3185.151505678858
0.9597,210279,3195.841096175888
0.9597,210279,3229.636448890278
0.9597,210279,3136.733770970095
0.9597,210279,3230.2614358653746
0.9597,210279,3213.1079504011677
0.9597,210279,3232.4524330519957
0.9597,210279,3167.565176617693
0.9597,210279,3183.375429821819
0.9597,210279,3222.203605293321
0.9597,210279,3208.4079399812445
0.9597,210279,3236.028550588725
0.9597,210279,3194.2001667187665
0.9597,210279,3216.8239033031155
0.9597,210279,3185.499947900385
0.9597,210279,3192.5081796394707
0.9597,210279,3246.720850265708
0.9597,210279,3166.2811295196416
0.9597,210279,3212.4709805147445
0.9597,210279,3165.657497134521
0.9597,210279,3211.92924872356
0.9597,210279,3177.0367823278107
0.9597,210279,3168.519224757737
0.9597,210279,3211.5814316974056
0.9597,210279,3229.894758778785
0.9597,210279,3174.557049077837
0.9597,210279,3241.502240283422
0.9597,210279,3181.90205272481
0.9597,210279,3207.785141189955
0.9597,210279,3185.0903407314786
0.9597,210279,3184.4062727935816
0.9597,210279,3230.9807231426485
0.9597,210279,3175.4561842242365
0.9597,210279,3213.961654683755
0.9597,210279,3204.41221214963
0.9597,210279,3243.452745649682
0.9597,210279,3222.116598937168
0.9597,210279,3233.7486714598317
0.9597,210279,3215.390538710013
0.9597,210279,3169.6191518182764
0.9597,210279,3240.360320933625
0.9597,210279,3224.0524122121496
0.9597,210279,3212.175263103053
0.9597,210279,3178.1974575388144
0.9597,210279,3231.380848181723
0.9597,210279,3229.3172866520786
0.9597,210279,3219.865061998541
0.9597,210279,3200.400750234448
0.9597,210279,3182.3739710326145
0.9597,210279,3193.037094925497
0.9597,210279,3181.0417838907997
0.9597,210279,3180.493800145879
0.9597,210279,3222.810253204126
0.9597,210279,3225.488485985204
0.9597,210279,3204.2590392831094
0.9597,210279,3229.1834948421383
0.9597,210279,3175.5267271022194
0.9597,210279,3199.036469730124
0.9597,210279,3196.7168906950087
0.9597,210279,3234.9320621027405
0.9597,210279,3166.845472543503
0.9597,210279,3207.507554444097
0.9597,210279,3249.481400437637
0.9597,210279,3238.7175158903824
0.9597,210279,3174.1434823382306
0.9597,210279,3219.595706991768
0.9597,210279,3163.100969052829
0.9597,210279,3220.668125455872
0.9597,210279,3212.2855058872565
0.9597,210279,3200.482546629155
0.9597,210279,3220.5916432218405
0.9597,210279,3186.646139418568
0.9597,210279,3187.8282796707304
0.9597,210279,3225.864436803168
0.9597,210279,3177.039178910076
0.9597,210279,3197.2448681879755
0.9597,210279,3231.7316869855167
0.9597,210279,3176.2143378139003
0.9597,210279,3202.869438366156
0.9597,210279,3190.448681879754
0.9597,210279,3186.805460039596
0.9597,210279,3272.5167239762427
0.9597,210279,3243.1831822444515
0.9597,210279,3192.079712410128
0.9597,210279,3255.7016776075857
0.9597,210279,3209.212149630093
0.9597,210279,3152.013441700531
0.9597,210279,3188.736375950818
0.9597,210279,3197.53735542357
0.9597,210279,3196.331040950297
0.9597,210279,3188.368135875795
0.9597,210279,3180.468167135564
0.9597,210279,3210.0253204126293
0.9597,210279,3177.889027821194
0.9597,210279,3220.8854850474104
0.9597,210279,3190.884651453579
0.9597,210279,3196.237365843493
0.9597,210279,3216.8118161925604
0.9597,210279,3173.081379597791
0.9597,210279,3162.1818276544755
0.9597,210279,3195.375534021048
0.9597,210279,3200.623215588205
0.9597,210279,3231.2793581327496
0.9597,210279,3177.8399499843704
0.9597,210279,3216.9937480462645
0.9597,210279,3238.174221110764
0.9597,210279,3222.2790455350632
0.9597,210279,3227.806085234969
0.9597,210279,3208.850786704178
0.9597,210279,3204.383557361676
0.9597,210279,3199.06981348338
0.9597,210279,3178.389184120037
0.9597,210279,3183.9313327081377
0.9597,210279,3215.653850161509
0.9597,210279,3233.227362717516
0.9597,210279,3179.3139522767533
0.9597,210279,3195.3892883192666
0.9597,210279,3199.66927164739
0.9597,210279,3216.7822236115453
0.9597,210279,3168.2478899656144
0.9597,210279,3113.2465353756384
0.9597,210279,3241.9938522454936
0.9597,210279,3210.7300197978534
0.9597,210279,3214.493904345108
0.9597,210279,3193.913723038449
0.9597,210279,3235.9466499947903
0.9597,210279,3238.901948525581
0.9597,210279,3245.572678962176
0.9597,210279,3237.717307491924
0.9597,210279,3180.794206522872
0.9597,210279,3175.0724184641035
0.9597,210279,3198.4607689903096
0.9597,210279,3174.442013129103
0.9597,210279,3196.799729082005
0.9597,210279,3229.9188288006667
0.9597,210279,3235.098676669793
0.9597,210279,3196.380639783265
0.9597,210279,3194.3035323538606
0.9597,210279,3211.7227258518287
0.9597,210279,3199.346670834636
0.9597,210279,3214.726893820986
0.9597,210279,3250.6286339481085
0.9597,210279,3211.2522663332293
0.9597,210279,3169.815358966344
0.9597,210279,3246.9923934562885
0.9597,210279,3180.283109304991
0.9597,210279,3252.781285818485
0.9597,210279,3208.060331353548
0.9597,210279,3209.380014587892
0.9597,210279,3184.111076378035
0.9597,210279,3176.216734396165
0.9597,210279,3248.9600916953214
0.9597,210279,3219.355840366781
0.9597,210279,3234.134729603001
0.9597,210279,3179.9838491195164
0.9597,210279,3192.44711889132
0.9597,210279,3215.02719599875
0.9597,210279,3172.849848911118
0.9597,210279,3238.9672814421174
0.9597,210279,3238.748046264458
0.9597,210279,3187.316869855163
0.9597,210279,3239.8152547671148
0.9597,210279,3185.6568719391475
0.9597,210279,3214.191726581223
0.9597,210279,3211.4664999479005
0.9597,210279,3164.97280400125
0.9597,210279,3182.569969782224
0.9597,210279,3237.38314056476
0.9597,210279,3167.7774304470145
0.9597,210279,3233.558299468584
0.9597,210279,3185.1048244242997
0.9597,210279,3223.611753673023
0.9597,210279,3190.5155777847244
0.9597,210279,3167.866520787746
0.9597,210279,3261.155986245702
0.9597,210279,3185.7721162863395
0.9597,210279,3179.3654266958424
0.9597,210279,3176.694071063874
0.9597,210279,3178.887569031989
0.9597,210279,3196.7752422632075
0.9597,210279,3185.597374179431
0.9597,210279,3172.4372199645723
0.9597,210279,3229.1200375117223
0.9597,210279,3187.4122121496302
0.9597,210279,3202.9417526310303
0.9597,210279,3185.8683963738667
0.9597,210279,3178.019902052725
0.9597,210279,3210.8426591643224
0.9597,210279,3622.979264353444
0.9597,210279,3194.646556215484
0.9597,210279,3208.829113264562
0.9597,210279,3262.730019797854
0.9597,210279,3189.7654475356885
0.9597,210279,3215.642284047098
0.9597,210279,3171.091070126081
0.9597,210279,3192.9618630822133
0.9597,210279,3203.589871834949
0.9597,210279,3238.6162342398666
0.9597,210279,3182.9167448160883
0.9597,210279,3178.822444513911
0.9597,210279,3200.410961758883
0.9597,210279,3237.6333229134107
0.9597,210279,3206.6589559237264
0.9597,210279,3174.2731061790146
0.9597,210279,3199.428779827029
0.9597,210279,3291.113368761071
0.9597,210279,3252.401062832135
0.9597,210279,3209.620819005939
0.9597,210279,3204.2617484630614
0.9597,210279,3177.022507033448
0.9597,210279,3207.084192976972
0.9597,210279,3205.758882984266
0.9597,210279,3174.5237053245805
0.9597,210279,3184.5335000521
0.9597,210279,3220.2366364488903
0.9597,210279,3237.990622069397
0.9597,210279,3230.24153381265
0.9597,210279,3208.6432218401583
0.9597,210279,3210.788162967594
0.9597,210279,3195.353443784516
0.9597,210279,3183.561217046994
0.9597,210279,3179.141294154424
0.9597,210279,3188.453162446598
0.9597,210279,3161.3130144836928
0.9597,210279,3190.398041054496
0.9597,210279,3190.155882046473
0.9597,210279,3194.888819422736
0.9597,210279,3175.385328748567
0.9597,210279,3210.537147025112
0.9597,210279,3185.1333750130248
0.9597,210279,3199.626445764301
0.9597,210279,3218.9446702094406
0.9597,210279,3183.1800562675835
0.9597,210279,3230.2315306866726
0.9597,210279,3221.572157966031
0.9597,210279,3231.574658747525
0.9597,210279,3163.5152651870376
0.9597,210279,3201.2169427946237
0.9597,210279,3176.3404188809004
0.9597,210279,3194.3797019902054
0.9597,210279,3227.6053975200584
0.9597,210279,3185.9069500885694
0.9597,210279,3185.0426174846307
0.9597,210279,3201.5153693862662
0.9597,210279,3209.317599249766
0.9597,210279,3219.22309054913
0.9597,210279,3208.0558507867045
0.9597,210279,3206.4340939877047
0.9597,210279,3249.928831926644
0.9597,210279,3153.9117432531
0.9597,210279,3222.990413670939
0.9597,210279,3198.7470042721684
0.9597,210279,3205.839324788996
0.9597,210279,3174.461602584141
0.9597,210279,3208.232364280504
0.9597,210279,3192.322809211212
0.9597,210279,3176.6234239866626
0.9597,210279,3223.464311764093
0.9597,210279,3209.789309159112
0.9597,210279,3189.2738355736165
0.9597,210279,3200.1674481608834
0.9597,210279,3195.6005001562985
0.9597,210279,3178.274773366677
0.9597,210279,3160.505574658748
0.9597,210279,3236.917474210691
0.9597,210279,3237.092007919141
0.9597,210279,3206.227987912889
0.9597,210279,3253.7876419714494
0.9597,210279,3223.1634885901844
0.9597,210279,3263.893925184954
0.9597,210279,3177.845159945816
0.9597,210279,3242.8853808481817
0.9597,210279,3234.9768677711786
0.9597,210279,3204.4793164530583
0.9597,210279,3236.7604459727
0.9597,210279,3206.810149004897
0.9597,210279,3209.433051995416
0.9597,210279,3213.7751380639784
0.9597,210279,3183.523601125352
0.9597,210279,3235.3381264978643
0.9597,210279,3217.823069709284
0.9597,210279,3193.180889861415
0.9597,210279,3202.049182036053
0.9597,210279,3190.460977388768
0.9597,210279,3238.6728144211734
0.9597,210279,3181.708554756695
0.9597,210279,3240.5999791601544
0.9597,210279,3173.32687298114
0.9597,210279,3162.294050224028
0.9597,210279,3204.604355527769
0.9597,210279,3235.522038136918
0.9597,210279,3176.789725956028
0.9597,210279,3252.9114306554134
0.9597,210279,3242.7393977284564
0.9597,210279,3190.2564343023864
0.9597,210279,3202.582473689695
0.9597,210279,3237.2058976763574
0.9597,210279,3221.222569552985
0.9597,210279,3184.4883817859745
0.9597,210279,3216.880379285193
0.9597,210279,3240.548192143378
0.9597,210279,3155.9920808586016
0.9597,210279,3215.9782223611546
0.9597,210279,3216.512347608628
0.9597,210279,3184.624882775868
0.9597,210279,3233.861519224758
0.9597,210279,3260.233823069709
0.9597,210279,3206.7074085651766
0.9597,210279,3215.5617380431386
0.9597,210279,3228.5687193914764
0.9597,210279,3197.1866208190063
0.9597,210279,3200.861936021673
0.9597,210279,3202.793477128269
0.9597,210279,3162.799416484318
0.9597,210279,3200.18234865062
0.9597,210279,3190.5521517140774
0.9597,210279,3160.873502136084
0.9597,210279,3164.209753047828
0.9597,210279,3195.614462852975
0.9597,210279,3234.6150880483483
0.9597,210279,3187.11055538189
0.9597,210279,3195.2717515890386
0.9597,210279,3276.2454933833487
0.9597,210279,3238.876419714494
0.9597,210279,3217.556944878608
0.9597,210279,3213.676357194957
0.9597,210279,3200.814942169428
0.9597,210279,3216.1073252057936
0.9597,210279,3179.3038449515475
0.9597,210279,3194.796603105137
0.9597,210279,3206.1396269667607
0.9597,210279,3167.863082213192
0.9597,210279,3233.6308221319164
0.9597,210279,3207.083046785453
0.9597,210279,3195.229550901324
0.9597,210279,3180.448265082838
0.9597,210279,3243.6569761383766
0.9597,210279,3232.4476398874644
0.9597,210279,3202.1071168073354
0.9597,210279,3203.255600708555
0.9597,210279,3251.1011774512867
0.9597,210279,3201.091591122225
0.9597,210279,3176.728352610191
0.9597,210279,3236.2899864541
0.9597,210279,3198.2505991455664
0.9597,210279,3206.709284151297
0.9597,210279,3201.7539856205067
0.9597,210279,3184.829113264562
0.9597,210279,3197.274877565906
0.9597,210279,3176.926435344378
0.9597,210279,3176.270709596749
0.9597,210279,3159.8988225487133
0.9597,210279,3182.385849744712
0.9597,210279,3210.132437219964
0.9597,210279,3213.7598207773262
0.9597,210279,3237.9913514639998
0.9597,210279,3194.2564343023864
0.9597,210279,3206.1482755027614
0.9597,210279,3180.0851307700327
0.9597,210279,3213.4098155673646
0.9597,210279,3190.4776492653955
0.9597,210279,3258.554548296343
0.9597,210279,3208.358966343649
0.9597,210279,3199.9394602479942
0.9597,210279,3200.955090132333
0.9597,210279,3213.680420964885
0.9597,210279,3197.329269563405
0.9597,210279,3217.398874648328
0.9597,210279,3228.083567781598
0.9597,210279,3197.19693654267
0.9597,210279,3229.186620819006
0.9597,210279,3192.294467020944
0.9597,210279,3194.857038657914
0.9597,210279,3177.9499843701155
0.9597,210279,3261.686464520162
0.9597,210279,3263.4610815879964
0.9597,210279,3155.424924455559
0.9597,210279,3193.229550901324
0.9597,210279,3215.161300406377
0.9597,210279,3240.6931332708136
0.9597,210279,3206.214442013129
0.9597,210279,3193.2352818589143
0.9597,210279,3229.438782953006
0.9597,210279,3182.130353235386
0.9597,210279,3163.810565801813
0.9597,210279,3196.3266645826825
0.9597,210279,3223.6371782848805
0.9597,210279,3228.611857872252
0.9597,210279,3198.9836407210587
0.9597,210279,3180.626028967386
0.9597,210279,3196.6585391268104
0.9597,210279,3178.273418776701
0.9597,210279,3253.7721162863395
0.9597,210279,3187.127956653121
0.9597,210279,3195.760966968844
0.9597,210279,3209.8479733249974
0.9597,210279,3192.6294675419404
0.9597,210279,3214.644159633219
0.9597,210279,3214.996978222361
0.9597,210279,3190.2255913306244
0.9597,210279,3198.738668333854
0.9597,210279,3189.9251849536317
0.9597,210279,3213.5436073773053
0.9597,210279,3169.0777326247785
0.9597,210279,3175.5417317911847
0.9597,210279,3161.7477336667707
0.9597,210279,3195.0484526414507
0.9597,210279,3175.870584557674
0.9597,210279,3184.445451703657
0.9597,210279,3187.372303844952
0.9597,210279,3200.5477753464625
0.9597,210279,3187.9360216734394
0.9597,210279,3189.8680837761804
0.9597,210279,3207.8128581848496
0.9597,210279,3192.808065020319
0.9597,210279,3176.8055642388244
0.9597,210279,3212.950296967803
0.9597,210279,3206.6043555277693
0.9597,210279,3249.025112014171
0.9597,210279,3181.791184745233
0.9597,210279,3180.251641137856
0.9597,210279,3287.736480150046
0.9597,210279,3197.161300406377
0.9597,210279,3212.172137126185
0.9597,210279,3190.9829113264564
0.9597,210279,3183.998541210795
0.9597,210279,3226.8479733249974
0.9597,210279,3194.784099197666
0.9597,210279,3213.6792747733666
0.9597,210279,3187.1791184745234
0.9597,210279,3218.481296238408
0.9597,210279,3211.1952693550065
0.9597,210279,3197.458685005731
0.9597,210279,3213.2466395748675
0.9597,210279,3176.927477336668
0.9597,210279,3226.7917057413774
0.9597,210279,3235.0625195373555
0.9597,210279,3177.918932999896
0.9597,210279,3182.960821089924
0.9597,210279,3239.624674377409
0.9597,210279,3175.798478691257
0.9597,210279,3173.93404188809
0.9597,210279,3216.443471918308
0.9597,210279,3189.1522350734604
0.9597,210279,3231.032510159425
0.9597,210279,3212.0226112326773
0.9597,210279,3231.904449307075
0.9597,210279,3229.2351776596856
0.9597,210279,3210.026049807231
0.9597,210279,3187.397832656038
0.9597,210279,3265.494321142023
0.9597,210279,3246.67312701886
0.9597,210279,3201.0201104511825
0.9597,210279,3200.412003751172
0.9597,210279,3174.081587996249
0.9597,210279,3239.872668542253
0.9597,210279,3192.3933520891947
0.9597,210279,3222.808586016464
0.9597,210279,3206.9671772428883
0.9597,210279,3184.237157445035
0.9597,210279,3195.538605814317
0.9597,210279,3240.907054287798
0.9597,210279,3222.7074085651766
0.9597,210279,3214.5108888194227
0.9597,210279,3181.2228821506724
0.9597,210279,3208.419506095655
0.9597,210279,3224.937376263416
0.9597,210279,3193.074294050224
0.9597,210279,3179.3729290403253
0.9597,210279,3185.5531937063665
0.9597,210279,3212.3656350943
0.9597,210279,3244.15421485881
0.9597,210279,3200.0163592789413
0.9597,210279,3247.516098780869
0.9597,210279,3172.660831509847
0.9597,210279,3193.3404188809004
0.9597,210279,3234.4669167448164
0.9597,210279,3205.9873918933
0.9597,210279,3175.678232781077
0.9597,210279,3182.624778576638
0.9597,210279,3184.464207564864
0.9597,210279,3214.3423986662497
0.9597,210279,3180.817130353236
0.9597,210279,3198.291445243305
0.9597,210279,3163.037928519329
0.9597,210279,3207.0368865270398
0.9597,210279,3239.25799729082
0.9597,210279,3235.242367406481
0.9597,210279,3197.573408356778
0.9597,210279,3239.494737938939
0.9597,210279,3264.099614462853
0.9597,210279,3198.1040950296965
0.9597,210279,3180.5628842346564
0.9597,210279,3177.2654996353026
0.9597,210279,3211.554548296343
0.9597,210279,3207.7880587683653
0.9597,210279,3220.8280712722726
0.9597,210279,3182.2759195581957
0.9597,210279,3214.598832968636
0.9597,210279,3204.949463373971
0.9597,210279,3196.7732624778578
0.9597,210279,3231.3238512035014
0.9597,210279,3223.0482442429925
0.9597,210279,3204.6249869750964
0.9597,210279,3195.885068250495
0.9597,210279,3186.584557674273
0.9597,210279,3211.761592164218
0.9597,210279,3205.124413879337
0.9597,210279,3202.8956965718453
0.9597,210279,3215.031884964051
0.9597,210279,3196.521933937689
0.9597,210279,3255.3610503282275
0.9597,210279,3184.2872772741484
0.9597,210279,3173.873293737626
0.9597,210279,3224.81765134938
0.9597,210279,3177.416588517245
0.9597,210279,3186.586850057309
0.9597,210279,3249.030842971762
0.9597,210279,3178.534750442847
0.9597,210279,3208.156819839533
0.9597,210279,3183.0648119203915
0.9597,210279,3178.1134729603
0.9597,210279,3199.074189850995
0.9597,210279,3214.21142023549
0.9597,210279,3221.6897988954884
0.9597,210279,3192.4059601958943
0.9597,210279,3178.552151714077
0.9597,210279,3219.160571011774
0.9597,210279,3194.894550380327
0.9597,210279,3181.1306658330727
0.9597,210279,3203.3957486714594
0.9597,210279,3194.214546212358
0.9597,210279,3201.077003230176
0.9597,210279,3163.731895383974
0.9597,210279,3190.2921746379075
0.9597,210279,3226.5369386266543
0.9597,210279,3176.500156298844
0.9597,210279,3197.462331978744
0.9597,210279,3197.2086068563094
0.9597,210279,3199.8009794727523
0.9597,210279,3189.72647702407
0.9597,210279,3176.8410961758887
0.9597,210279,3179.3149942690425
0.9597,210279,3222.8184849432114
0.9597,210279,3192.3335417317912
0.9597,210279,3213.973950192769
0.9597,210279,3179.1008648536
0.9597,210279,3202.339897884756
0.9597,210279,3192.847035531937
0.9597,210279,3219.865791393144
0.9597,210279,3211.2335104720223
0.9597,210279,3172.879649890591
0.9597,210279,3210.6780243826192
0.9597,210279,3181.2359070542875
0.9597,210279,3189.380639783265
0.9597,210279,3190.8412003751173
0.9597,210279,3228.453996040429
0.9597,210279,3224.423361467125
0.9597,210279,3183.249348754819
0.9597,210279,3218.4075231843285
0.9597,210279,3198.291757840992
0.9597,210279,3180.04167969157
0.9597,210279,3206.155673648015
0.9597,210279,3238.475148483901
0.9597,210279,3182.095342294467
0.9597,210279,3215.769511305616
0.9597,210279,3199.0777326247785
0.9597,210279,3196.795040116703
0.9597,210279,3254.999895800772
0.9597,210279,3188.00583515682
0.9597,210279,3216.573825153694
0.9597,210279,3184.6484318016046
0.9597,210279,3204.975200583516
0.9597,210279,3236.740439720746
0.9597,210279,3221.554235698656
0.9597,210279,3200.756798999688
0.9597,210279,3179.173700114619
0.9597,210279,3245.099614462853
0.9597,210279,3216.725122434094
0.9597,210279,3252.3082213191624
0.9597,210279,3163.216734396165
0.9597,210279,3239.1225382932166
0.9597,210279,3195.7202250703344
0.9597,210279,3208.2236115452747
0.9597,210279,3167.8825674690006
0.9597,210279,3188.1118057726376
0.9597,210279,3212.103678232781
0.9597,210279,3232.836407210587
0.9597,210279,3166.669688444306
0.9597,210279,3227.8503699072626
0.9597,210279,3189.2339272689383
0.9597,210279,3247.507137647181
0.9597,210279,2979.650203188496
0.9597,210279,3219.8140043763674
0.9597,210279,3229.160883609461
0.9597,210279,3162.99906220694
0.9597,210279,3201.268521412941
0.9597,210279,3241.3121808898613
0.9597,210279,3214.444097113681
0.9597,210279,3177.428154631656
0.9597,210279,3175.678857976451
0.9597,210279,3171.72168385954
0.9597,210279,3196.4958841304574
0.9597,210279,3168.3049911430658
0.9597,210279,3179.204751484839
0.9597,210279,3189.668542252787
0.9597,210279,3196.356882359071
0.9597,210279,3189.357507554444
0.9597,210279,3182.0077107429406
0.9597,210279,3197.5999791601544
0.9597,210279,3197.5342294467023
0.9597,210279,3193.396373866833
0.9597,210279,3212.287694071064
0.9597,210279,3238.973220798166
0.9597,210279,3183.2251745337085
0.9597,210279,3225.067833698031
0.9597,210279,3286.983223924143
0.9597,210279,3197.617172032927
0.9597,210279,3169.0391789100763
0.9597,210279,3191.9068458893407
0.9597,210279,3195.619151818277
0.9597,210279,3233.4549338334896
0.9597,210279,3248.209023653225
0.9597,210279,3196.1269146608315
0.9597,210279,3160.977597165781
0.9597,210279,3199.754715015109
0.9597,210279,3182.445034906742
0.9597,210279,3231.148067104304
0.9597,210279,3193.71584870272
0.9597,210279,3232.8625612170467
0.9597,210279,3193.130561633844
0.9597,210279,3174.788267166823
0.9597,210279,3205.444930707513
0.9597,210279,3212.676461394185
0.9597,210279,3177.5749713452124
0.9597,210279,3172.520266750026
0.9597,210279,3205.614046056059
0.9597,210279,3195.87485672606
0.9597,210279,3237.3256225903924
0.9597,210279,3173.495050536626
0.9597,210279,2986.8307804522246
0.9597,210279,3223.280712722726
0.9597,210279,3203.752005835157
0.9597,210279,3136.982077732625
0.9597,210279,3229.148796498906
0.9597,210279,3204.395540273002
0.9597,210279,3215.6585391268104
0.9597,210279,3172.748463061373
0.9597,210279,3194.9537355423568
0.9597,210279,3231.787016776076
0.9597,210279,3194.327498176514
0.9597,210279,3180.671668229655
0.9597,210279,3211.089923934563
0.9597,210279,3163.862352818589
0.9597,210279,3238.140564759821
0.9597,210279,3215.719078878816
0.9597,210279,3181.9286235281857
0.9597,210279,3229.0150046889653
0.9597,210279,3209.604459726998
0.9597,210279,3212.043346879233
0.9597,210279,3218.1181619256017
0.9597,210279,3219.14442013129
0.9597,210279,3191.309888506825
0.9597,210279,3216.4048140043765
0.9597,210279,3256.193810565802
0.9597,210279,3259.1016984474318
0.9597,210279,3189.0680420964886
0.9597,210279,3173.9316453058245
0.9597,210279,3222.7209544649368
0.9597,210279,3231.5534021048247
0.9597,210279,3206.798061894342
0.9597,210279,3227.8236949046577
0.9597,210279,3237.220381369178
0.9597,210279,3244.2254871313958
0.9597,210279,3231.4286756278
0.9597,210279,3197.3567781598413
0.9597,210279,3207.9101802646665
0.9597,210279,3199.632593518808
0.9597,210279,3207.105449619673
0.9597,210279,3233.936751068042
0.9597,210279,3194.0754402417424
0.9597,210279,3176.314369073669
0.9597,210279,3217.9575909138275
0.9597,210279,3264.10670001042
0.9597,210279,3234.6389496717725
0.9597,210279,3182.593831405648
0.9597,210279,3192.868187975409
0.9597,210279,3197.1128477649268
0.9597,210279,3202.4783786599983
0.9597,210279,3195.090861727623
0.9597,210279,3186.5775763259358
0.9597,210279,3181.2367406481194
0.9597,210279,3162.630613733458
0.9597,210279,3179.5762217359597
0.9597,210279,3206.5981035740333
0.9597,210279,3190.423674064812
0.9597,210279,3209.7435656976136
0.9597,210279,3207.41221214963
0.9597,210279,3191.4599353964777
0.9597,210279,3179.0600187558616
0.9597,210279,3166.0092737313744
0.9597,210279,3175.8280712722726
0.9597,210279,3237.719183078045
0.9597,210279,3178.2200687714912
0.9597,210279,3203.898718349484
0.9597,210279,3163.8296342607064
0.9597,210279,3211.384182557049
0.9597,210279,3198.6887569031987
0.9597,210279,3204.290403251016
0.9597,210279,3191.569761383766
0.9597,210279,3231.967489840575
0.9597,210279,3195.2468479733247
0.9597,210279,3228.645201625508
0.9597,210279,3197.0435552776908
0.9597,210279,3246.391476503074
0.9597,210279,3184.014275294363
0.9597,210279,3258.450661665104
0.9597,210279,3185.959049703032
0.9597,210279,3221.5185995623638
0.9597,210279,3202.173491716161
0.9597,210279,3186.482338230697
0.9597,210279,3215.230592893613
0.9597,210279,3190.315515265187
0.9597,210279,3215.9303949150776
0.9597,210279,3237.872355944566
0.9597,210279,3203.483692820673
0.9597,210279,3175.9966656246743
0.9597,210279,3206.6488485985205
0.9597,210279,3175.053558403668
0.9597,210279,3235.9248723559444
0.9597,210279,3180.7549234135668
0.9597,210279,3238.1228508909035
0.9597,210279,3180.6991768260914
0.9597,210279,3200.375742419506
0.9597,210279,3203.1351463999167
0.9597,210279,3259.507033447953
0.9597,210279,3194.117224132541
0.9597,210279,3184.8821506720847
0.9597,210279,3218.146191518183
0.9597,210279,3199.904449307075
0.9597,210279,3182.0956548921536
0.9597,210279,3204.9587371053453
0.9597,210279,3199.47723246848
0.9597,210279,3181.6461394185685
0.9597,210279,3190.3339585287067
0.9597,210279,3192.3683442742526
0.9597,210279,3204.0174012712305
0.9597,210279,3178.427321037824
0.9597,210279,3175.2883192664376
0.9597,210279,3232.1531728665204
0.9597,210279,3237.0078149421693
0.9597,210279,3187.14358653746
0.9597,210279,3224.6097738876733
0.9597,210279,3205.335104720225
0.9597,210279,3214.143169740544
0.9597,210279,3232.5356882359074
0.9597,210279,3241.8727727414816
0.9597,210279,3194.5751797436697
0.9597,210279,3197.971136813588
0.9597,210279,3215.827654475357
0.9597,210279,3275.8900698134835
0.9597,210279,3186.4159633218715
0.9597,210279,3258.56548921538
0.9597,210279,3216.647494008544
0.9597,210279,3227.129415442326
0.9597,210279,3175.629154944253
0.9597,210279,3205.887881629676
0.9597,210279,3168.5252683130147
0.9597,210279,3230.2687298114
0.9597,210279,3167.4061685943525
0.9597,210279,3187.965405855997
0.9597,210279,3257.2590392831094
0.9597,210279,3195.134312806085
0.9597,210279,3198.03105137022
0.9597,210279,3232.9041367093887
0.9597,210279,3243.72449723872
0.9597,210279,3233.1856830259458
0.9597,210279,3171.461915181828
0.9597,210279,3228.199228925706
0.9597,210279,3239.2983223924143
0.9597,210279,3199.087423153069
0.9597,210279,3167.7626341565074
0.9597,210279,3189.197665937272
0.9597,210279,3224.1942273627174
0.9597,210279,3223.11837032406
0.9597,210279,3215.242263207253
0.9597,210279,3235.863082213192
0.9597,210279,3180.458372408044
0.9597,210279,3194.838282796707
0.9597,210279,3206.541419193498
0.9597,210279,3215.4606647910805
0.9597,210279,3247.861415025529
0.9597,210279,3187.7623215588205
0.9597,210279,3197.8142127748256
0.9597,210279,3208.4313848077527
0.9597,210279,3244.5603834531626
0.9597,210279,3202.212983223924
0.9597,210279,3197.098155673648
0.9597,210279,3178.041367093884
0.9597,210279,3179.042200687715
0.9597,210279,3185.7411691153484
0.9597,210279,3178.4850474106493
0.9597,210279,3204.284672293425
0.9597,210279,3153.262165259977
0.9597,210279,3243.2463269771806
0.9597,210279,3182.795977909764
0.9597,210279,3193.8998645410024
0.9597,210279,3169.200375117224
0.9597,210279,3177.037720120871
0.9597,210279,3197.7341877670106
0.9597,210279,3223.2866520787743
0.9597,210279,3265.207669063249
0.9597,210279,3178.557049077837
0.9597,210279,3182.2602896738563
0.9597,210279,3203.462748775659
0.9597,210279,3225.872355944566
0.9597,210279,3187.41419193498
0.9597,210279,3224.8224445139103
0.9597,210279,3189.340106283213
0.9597,210279,3240.3922058976764
0.9597,210279,3234.9138272376786
0.9597,210279,3247.5938314056475
0.9597,210279,3207.049182036053
0.9597,210279,3183.2509117432533
0.9597,210279,3164.5504845264145
0.9597,210279,3197.561425445452
0.9597,210279,3222.9640512660203
0.9597,210279,3190.338751693237
0.9597,210279,3176.3848077524226
0.9597,210279,3167.9644680629367
0.9597,210279,3203.73908513077
0.9597,210279,3227.157549234136
0.9597,210279,3191.7279358132746
0.9597,210279,3235.1605710117747
0.9597,210279,3234.499947900386
0.9597,210279,3196.970615817443
0.9597,210279,3176.514431593206
0.9597,210279,3201.064082525789
0.9597,210279,3213.766802125664
0.9597,210279,3214.5882046472857
0.9597,210279,3218.587683651141
0.9597,210279,3231.719495675732
0.9597,210279,3239.094300302177
0.9597,210279,3215.209232051683
0.9597,210279,3233.6311347296028
0.9597,210279,3192.398145253725
0.9597,210279,3199.444930707513
0.9597,210279,3251.464520162551
0.9597,210279,3189.758882984266
0.9597,210279,3251.402938418256
0.9597,210279,3257.6293633427117
0.9597,210279,3246.735646556215
0.9597,210279,3182.3316661456706
0.9597,210279,3179.515160987809
0.9597,210279,3215.5951859956235
0.9597,210279,3188.7313743878294
0.9597,210279,3201.721475461082
0.9597,210279,3191.813066583308
0.9597,210279,3194.4702511201417
0.9597,210279,3178.818484943212
0.9597,210279,3227.4990101073254
0.9597,210279,3245.421902677921
0.9597,210279,3204.9935396478068
0.9597,210279,3215.6642700844013
0.9597,210279,3227.200896113369
0.9597,210279,3211.895071376472
0.9597,210279,3206.409607168907
0.9597,210279,3209.766802125664
0.9597,210279,3252.476711472335
0.9597,210279,3181.694383661561
0.9597,210279,3198.8926747942064
0.9597,210279,3243.469625924768
0.9597,210279,3154.404814004376
0.9597,210279,3184.790976346775
0.9597,210279,3184.1497342919665
0.9597,210279,3196.9710326143586
0.9597,210279,3237.7548192143377
0.9597,210279,3218.0776284255494
0.9597,210279,3204.705428779828
0.9597,210279,3184.3952276753157
0.9597,210279,3185.4959883296865
0.9597,210279,3239.3121808898613
0.9597,210279,3245.016984474315
0.9597,210279,3220.145045326665
0.9597,210279,3161.503282275711
0.9597,210279,3229.913202042305
0.9597,210279,3230.398874648328
0.9597,210279,3177.258101490049
0.9597,210279,3204.410023965823
0.9597,210279,3203.0556423882463
0.9597,210279,3208.617380431385
0.9597,210279,3196.363446910493
0.9597,210279,3206.3324997395016
0.9597,210279,3227.1696363446918
0.9597,210279,3235.9737417943106
0.9597,210279,3189.4049182036056
0.9597,210279,3226.4604563926227
0.9597,210279,3285.4088777743045
0.9597,210279,3239.665520475148
0.9597,210279,3205.292070438679
0.9597,210279,3175.538814212775
0.9597,210279,3235.748984057518
0.9597,210279,3210.897676357195
0.9597,210279,3191.788267166823
0.9597,210279,3167.8018130665832
0.9597,210279,3239.0428258830884
0.9597,210279,3205.195060956549
0.9597,210279,3204.117953527144
0.9597,210279,3255.788371366052
0.9597,210279,3226.5152651870376
0.9597,210279,3237.7227258518287
0.9597,210279,3225.4704595185995
0.9597,210279,3177.860685630926
0.9597,210279,3210.310617901428
0.9597,210279,3186.020006251954
0.9597,210279,3187.2310096905285
0.9597,210279,3211.764926539544
0.9597,210279,3220.685005730957
0.9597,210279,3243.6386370740856
0.9597,210279,3215.320829425862
0.9597,210279,3177.816192560175
0.9597,210279,3217.81765134938
0.9597,210279,3164.6289465457958
0.9597,210279,3223.5122434093987
0.9597,210279,3177.862457017818
0.9597,210279,3214.608419297697
0.9597,210279,3245.4201312910286
0.9597,210279,3220.0276127956654
0.9597,210279,3242.678857976451
0.9597,210279,3180.601750547046
0.9597,210279,3225.241325414192
0.9597,210279,3187.005522559133
0.9597,210279,3187.493383348964
0.9597,210279,3176.346149838491
0.9597,210279,3177.397207460665
0.9597,210279,3191.521933937689
0.9597,210279,3193.084713973117
0.9597,210279,3216.303740752319
0.9597,210279,3204.566218609982
0.9597,210279,3236.5769511305616
0.9597,210279,3190.6460352193394
0.9597,210279,3183.62561217047
0.9597,210279,3078.1401479629053
0.9597,210279,3196.4372199645723
0.9597,210279,3203.946545795561
0.9597,210279,3188.6290507450244
0.9597,210279,3180.6934458685005
0.9597,210279,3208.096488485985
0.9597,210279,3195.3720954464934
0.9597,210279,3181.990934667084
0.9597,210279,3212.942377826404
0.9597,210279,3283.0668959049704
0.9597,210279,3193.135042200688
0.9597,210279,3228.479629050745
0.9597,210279,3206.3653224966133
0.9597,210279,3207.7877461706785
0.9597,210279,3197.0882567469
0.9597,210279,3209.380014587892
0.9597,210279,3258.511618214025
0.9597,210279,3197.877565906012
0.9597,210279,3216.1804730644994
0.9597,210279,3237.4255496509327
0.9597,210279,3219.286443680317
0.9597,210279,3191.46368656872
0.9597,210279,3237.0889861415026
0.9597,210279,3211.873918933
0.9597,210279,3141.730853391685
0.9597,210279,3204.3661560904447
0.9597,210279,3208.3654266958424
0.9597,210279,3193.565593414609
0.9597,210279,3260.9822861310827
0.9597,210279,3177.9621756799
0.9597,210279,3206.963321871418
0.9597,210279,3213.598520370949
0.9597,210279,3195.7636761487965
0.9597,210279,3177.5713243722
0.9597,210279,3226.5206835469417
0.9597,210279,3224.073773054079
0.9597,210279,3174.577784724393
0.9597,210279,3179.916015421486
0.9597,210279,3236.2365322496616
0.9597,210279,3218.868187975409
0.9597,210279,3178.4305512139213
0.9597,210279,3237.5857038657914
0.9597,210279,3201.0407418985096
0.9597,210279,3192.1225382932166
0.9597,210279,3184.322288215067
0.9597,210279,3214.9167448160883
0.9597,210279,3205.11930811712
0.9597,210279,3198.5942482025634
0.9597,210279,3180.4829634260705
0.9597,210279,3239.096071689069
0.9597,210279,3183.743044701469
0.9597,210279,3225.121808898614
0.9597,210279,3216.854329477962
0.9597,210279,3235.6728144211734
0.9597,210279,3206.828488069188
0.9597,210279,3577.492445555903
0.9597,210279,3213.530790872148
0.9597,210279,3197.0726268625613
0.9597,210279,3202.6793789725957
0.9597,210279,3209.7008440137542
0.9597,210279,3214.2168385953946
0.9597,210279,3266.2150672085027
0.9597,210279,3145.391684901532
0.9597,210279,3179.091382723768
0.9597,210279,3184.37345003647
0.9597,210279,3233.443367719079
0.9597,210279,3263.179535271439
0.9597,210279,3213.500156298843
0.9597,210279,3197.56350943003
0.9597,210279,3203.0748150463683
0.9597,210279,3167.0241742211106
0.9597,210279,3214.684067937897
0.9597,210279,3186.610399083047
0.9597,210279,3218.3163488590185
0.9597,210279,3263.7564864020005
0.9597,210279,3207.4453475044284
0.9597,210279,3218.7073043659475
0.9597,210279,3223.555381890174
0.9597,210279,3199.8372408044183
0.9597,210279,3176.595915390226
0.9597,210279,3172.1004480566844
0.9597,210279,3213.8847556528085
0.9597,210279,3183.263728248411
0.9597,210279,3204.08731895384
0.9597,210279,3196.6833385432947
0.9597,210279,3201.2724809836404
0.9597,210279,3162.324372199646
0.9597,210279,3262.8215067208503
0.9597,210279,3209.189955194332
0.9597,210279,3197.6061269146608
0.9597,210279,3211.0730436594768
0.9597,210279,3164.9995832030845
0.9597,210279,3202.490257372096
0.9597,210279,3205.727623215588
0.9597,210279,3220.363446910493
0.9597,210279,2955.3350005209963
0.9597,210279,3235.3865791393146
0.9597,210279,3192.755652808169
0.9597,210279,3227.9510263624047
0.9597,210279,3218.279045535063
0.9597,210279,3188.5364176305093
0.9597,210279,3190.36761487965
0.9597,210279,3213.463269771804
0.9597,210279,3172.455350630405
0.9597,210279,3179.039074710847
0.9597,210279,3227.863811607794
0.9597,210279,3227.0547045951857
0.9597,210279,3225.442950922163
0.9597,210279,3194.8249452954046
0.9597,210279,3231.7521100343856
0.9597,210279,3247.282171511931
0.9597,210279,3204.5842450765863
0.9597,210279,3189.744503490674
0.9597,210279,3202.7491924559754
0.9597,210279,3235.436073773054
0.9597,210279,3230.213087423153
0.9597,210279,3212.781181619256
0.9597,210279,3211.8967385641345
0.9597,210279,3221.271751589038
0.9597,210279,3255.090549129937
0.9597,210279,3189.9984370115662
0.9597,210279,3224.9615504845265
0.9597,210279,3182.68573512556
0.9597,210279,3187.320308429717
0.9597,210279,3222.858810044806
0.9597,210279,3184.8131707825364
0.9597,210279,3191.587266854225
0.9597,210279,3165.2231947483588
0.9597,210279,3197.629988538085
0.9597,210279,3250.2591434823385
0.9597,210279,3196.2150672085027
0.9597,210279,3217.521308742316
0.9597,210279,3243.8672501823485
0.9597,210279,3226.428571428571
0.9597,210279,3169.4653537563822
0.9597,210279,3143.834323226008
0.9597,210279,3192.5400646035223
0.9597,210279,3197.0243826195683
0.9597,210279,3251.722517453371
0.9597,210279,3203.2000625195374
0.9597,210279,3215.5033864749403
0.9597,210279,3175.259351880796
0.9597,210279,3183.6240491820363
0.9597,210279,3220.909450870064
0.9597,210279,3179.359383140565
0.9597,210279,3219.2745649682192
0.9597,210279,3251.0525164113787
0.9597,210279,3225.669271647389
0.9597,210279,3216.9574867145984
0.9597,210279,3218.2739397728456
0.9597,210279,3163.8523496926123
0.9597,210279,3164.872251745337
0.9597,210279,3178.540168802751
0.9597,210279,3194.058038970512
0.9597,210279,3208.2705011982907
0.9597,210279,3178.629154944253
0.9597,210279,3196.475148483901
0.9597,210279,3219.963842867563
0.9597,210279,3234.92143378139
0.9597,210279,3226.315098468272
0.9597,210279,3149.21725539231
0.9597,210279,3220.6416588517245
0.9597,210279,3183.7772220485567
0.9597,210279,3162.4316974054395
0.9597,210279,3205.5766385328748
0.9597,210279,3201.526935500677
0.9597,210279,3175.217672189226
0.9597,210279,3186.029488381786
0.9597,210279,3190.356361362926
0.9597,210279,3195.1645305824736
0.9597,210279,3211.6051891216
0.9597,210279,3183.8523496926123
0.9597,210279,3194.6092528915287
0.9597,210279,3253.7429405022403
0.9597,210279,3195.5979993748047
0.9597,210279,3198.301239970825
0.9597,210279,3169.81765134938
0.9597,210279,3273.3949150776284
0.9597,210279,3224.9832239241427
0.9597,210279,3180.0394915077627
0.9597,210279,3241.560383453162
0.9597,210279,3216.664895279775
0.9597,210279,3182.157549234136
0.9597,210279,3204.389184120037
0.9597,210279,3172.7962905074505
0.9597,210279,3219.2700844013752
0.9597,210279,3176.308012920704
0.9597,210279,3228.72845680942
0.9597,210279,3198.229550901324
0.9597,210279,3204.957695113056
0.9597,210279,3249.17370011462
0.9597,210279,3224.4622277795143
0.9597,210279,3182.1923517765968
0.9597,210279,3221.880379285193
0.9597,210279,3173.157861831822
0.9597,210279,3168.9095550692923
0.9597,210279,3208.424090861728
0.9597,210279,3159.744086693758
0.9597,210279,3192.783994998437
0.9597,210279,3173.624570178181
0.9597,210279,3204.6315515265187
0.9597,210279,3184.988017088673
0.9597,210279,3202.841617172033
0.9597,210279,3239.9223715744506
0.9597,210279,3193.2870688756902
0.9597,210279,3172.120975304783
0.9597,210279,3187.6375950817965
0.9597,210279,3182.175888298427
0.9597,210279,3203.243513597999
0.9597,210279,3242.167031363968
0.9597,210279,3179.284568094196
0.9597,210279,3206.166093570908
0.9597,210279,3226.842450765864
0.9597,210279,3178.449515473585
0.9597,210279,3224.387308533917
0.9597,210279,3209.2320516828177
0.9597,210279,3191.5884130457434
0.9597,210279,3199.5925810149006
0.9597,210279,3198.2517453370847
0.9597,210279,3181.4816088360944
0.9597,210279,3202.675002604981
0.9597,210279,3176.548817338752
0.9597,210279,3181.029696780244
0.9597,210279,3226.8038970511616
0.9597,210279,3213.3539647806606
0.9597,210279,3230.646243617797
0.9597,210279,3182.733354173179
0.9597,210279,3255.7274148171305
0.9597,210279,3237.286443680317
0.9597,210279,3178.427529436282
0.9597,210279,3183.027091799521
0.9597,210279,3177.7828488069185
0.9597,210279,3186.679795769512
0.9597,210279,3179.981973533396
0.9597,210279,3250.787954569136
0.9597,210279,3218.227050119829
0.9597,210279,3197.001146191518
0.9597,210279,3237.7026154006458
0.9597,210279,3179.2773783474004
0.9597,210279,3258.07950401167
0.9597,210279,3194.507971241013
0.9597,210279,3179.7782640408464
0.9597,210279,3203.5572574762946
0.9597,210279,3209.7857663853288
0.9597,210279,3231.848390121913
0.9597,210279,3171.869229967698
0.9597,210279,3198.3937688861106
0.9597,210279,3212.286339481088
0.9597,210279,3225.923621965197
0.9597,210279,3236.683442742524
0.9597,210279,3203.933729290404
0.9597,210279,3254.2346566635406
0.9597,210279,3250.8622486193603
0.9597,210279,3224.44326351985
0.9597,210279,3181.630509534229
0.9597,210279,3226.04751484839
0.9597,210279,3198.4032510159423
0.9597,210279,3229.254350317808
0.9597,210279,3248.42388246327
0.9597,210279,3179.670313639679
0.9597,210279,3197.041992289257
0.9597,210279,3185.8804834844223
0.9597,210279,3268.9375846618736
0.9597,210279,3200.5527769094506
0.9597,210279,3190.1855788267167
0.9597,210279,3167.7102219443577
0.9597,210279,3190.492653954361
0.9597,210279,3220.791914139836
0.9597,210279,3166.3993956444724
0.9597,210279,3202.1715119308114
0.9597,210279,3232.178597478379
0.9597,210279,3219.7706574971344
0.9597,210279,3225.030842971762
0.9597,210279,3178.545899760342
0.9597,210279,3210.761592164218
0.9597,210279,3221.443471918308
0.9597,210279,3175.585182869647
0.9597,210279,2943.6641658851727
0.9597,210279,3230.203709492549
0.9597,210279,3211.174116911535
0.9597,210279,3226.848806918829
0.9597,210279,3174.952901948526
0.9597,210279,3155.607481504637
0.9597,210279,3222.015629884339
0.9597,210279,3238.4258622486195
0.9597,210279,3179.3921016984477
0.9597,210279,3209.192768573512
0.9597,210279,3206.559862457018
0.9597,210279,3182.870480358445
0.9597,210279,3191.320204230489
0.9597,210279,3200.6963634469103
0.9597,210279,3239.873397936856
0.9597,210279,3185.357611753673
0.9597,210279,3207.2717515890386
0.9597,210279,3194.660831509847
0.9597,210279,3180.787016776076
0.9597,210279,3222.5887256434303
0.9597,210279,3178.8832968636034
0.9597,210279,3194.747942065229
0.9597,210279,3193.923726164426
0.9597,210279,3231.148900698134
0.9597,210279,3242.926539543608
0.9597,210279,3240.044388871522
0.9597,210279,3205.281546316557
0.9597,210279,3201.9304991143063
0.9597,210279,3227.7176200896115
0.9597,210279,3221.770657497135
0.9597,210279,3249.8731895383976
0.9597,210279,3184.364280504324
0.9597,210279,3176.9929144524326
0.9597,210279,3176.7705532979057
0.9597,210279,3251.9308117119936
0.9597,210279,3229.0387621131604
0.9597,210279,3160.171199333125
0.9597,210279,3205.56257163697
0.9597,210279,3185.522975929978
0.9597,210279,3194.5149525893507
0.9597,210279,3220.221006564552
0.9597,210279,3165.5197457538816
0.9597,210279,3200.856934458685
0.9597,210279,3170.130457434615
0.9597,210279,3286.15713243722
0.9597,210279,3191.324268000417
0.9597,210279,3197.8451599458167
0.9597,210279,3210.616025841409
0.9597,210279,3188.229967698239
0.9597,210279,3229.8330728352607
0.9597,210279,3210.0512660206314
0.9597,210279,3217.33656350943
0.9597,210279,3180.333750130249
0.9597,210279,3238.6508283838702
0.9597,210279,3225.311138897572
0.9597,210279,3240.920808586017
0.9597,210279,3181.333750130249
0.9597,210279,3197.157549234136
0.9597,210279,3231.8714181515056
0.9597,210279,3197.433051995416
0.9597,210279,3230.018755861207
0.9597,210279,3216.915181827654
0.9597,210279,3215.745337084505
0.9597,210279,3198.365530895071
0.9597,210279,3170.582265291237
0.9597,210279,3199.2434093987704
0.9597,210279,3193.642492445556
0.9597,210279,3191.612691466083
0.9597,210279,3215.8856934458686
0.9597,210279,3191.953527143899
0.9597,210279,3161.881942273627
0.9597,210279,3224.2442429926023
0.9597,210279,3191.978013962697
0.9597,210279,3218.9362300718976
0.9597,210279,3154.064082525789
0.9597,210279,3207.84286756278
0.9597,210279,3232.6852141294157
0.9597,210279,3208.429405022403
0.9597,210279,3198.866416588517
0.9597,210279,3235.37147025112
0.9597,210279,3207.9486297801395
0.9597,210279,3191.9739501927684
0.9597,210279,3231.400750234448
0.9597,210279,3227.0980514744188
0.9597,210279,3178.053662602897
0.9597,210279,3179.1317078253624
0.9597,210279,3182.339168490153
0.9597,210279,3164.9934354485777
0.9597,210279,3215.433156194644
0.9597,210279,3222.7161613004064
0.9597,210279,3161.981348338022
0.9597,210279,3186.346566635407
0.9597,210279,3183.891945399604
0.9597,210279,3196.9939564447222
0.9597,210279,3190.0486610399084
0.9597,210279,3207.2239241429616
0.9597,210279,3178.440866937585
0.9597,210279,3166.2662290299054
0.9597,210279,3205.280816921955
0.9597,210279,3165.033447952485
0.9597,210279,3169.730853391685
0.9597,210279,3199.6877149109096
0.9597,210279,3206.207356465562
0.9597,210279,3208.177451286861
0.9597,210279,3213.9471709909344
0.9597,210279,3234.275294362822
0.9597,210279,3230.148796498906
0.9597,210279,3215.434406585392
0.9597,210279,3226.6387412733147
0.9597,210279,3206.3121808898613
0.9597,210279,3213.307387725331
0.9597,210279,3194.4280504324265
0.9597,210279,3180.8019172658123
0.9597,210279,3202.6610399083047
0.9597,210279,3178.7170990934665
0.9597,210279,3182.145149525893
0.9597,210279,3227.225799729082
0.9597,210279,3194.9835365218296
0.9597,210279,3255.837136605189
0.9597,210279,3195.1125351672395
0.9597,210279,3206.567052203813
0.9597,210279,3230.966656246744
0.9597,210279,3163.153172866521
0.9597,210279,3215.4118995519434
0.9597,210279,3225.3877253308324
0.9597,210279,3197.5220381369177
0.9597,210279,3227.665416275919
0.9597,210279,3221.19787433573
0.9597,210279,3182.502136084193
0.9597,210279,3214.980097947275
0.9597,210279,3227.582056892779
0.9597,210279,3181.878295300615
0.9597,210279,3202.6960508492234
0.9597,210279,3194.9445660102115
0.9597,210279,3176.23569865583
0.9597,210279,3206.031155569449
0.9597,210279,3231.1004480566844
0.9597,210279,3262.2219443576114
0.9597,210279,3186.1677607585702
0.9597,210279,3196.976555173492
0.9597,210279,3176.9332082942583
0.9597,210279,3183.7227258518287
0.9597,210279,3190.4482650828386
0.9597,210279,3215.67604459727
0.9597,210279,3203.790767948317
0.9597,210279,3183.798374492029
0.9597,210279,3225.362925914348
0.9597,210279,3240.111805772637
0.9597,210279,3215.2879024695217
0.9597,210279,3239.047723246848
0.9597,210279,3213.510576221736
0.9597,210279,3244.597374179431
0.9597,210279,3212.303219756174
0.9597,210279,3247.9716578097323
0.9597,210279,3185.582786287381
0.9597,210279,3178.277482546629
0.9597,210279,3175.95925810149
0.9597,210279,3250.0243826195688
0.9597,210279,3224.702927998333
0.9597,210279,3220.6189434198186
0.9597,210279,3253.3949150776284
0.9597,210279,3246.272689382098
0.9597,210279,3176.706991768261
0.9597,210279,3218.631030530374
0.9597,210279,3240.1551526518706
0.9597,210279,3237.885485047411
0.9597,210279,3178.960716890695
0.9597,210279,3173.2359070542875
0.9597,210279,3182.231530686673
0.9597,210279,3196.0046889653017
0.9597,210279,3203.535792435136
0.9597,210279,3185.374492028759
0.9597,210279,3197.4073147858708
0.9597,210279,3212.3264561842243
0.9597,210279,3184.8340106283213
0.9597,210279,3238.360529332083
0.9597,210279,3195.983015525685
0.9597,210279,3180.281650515786
0.9597,210279,3190.190580389705
0.9597,210279,3213.7268938209854
0.9597,210279,3187.10670001042
0.9597,210279,3185.25122434094
0.9597,210279,3248.2834219026777
0.9597,210279,3191.881108679796
0.9597,210279,3214.3054079399813
0.9597,210279,3184.271022194436
0.9597,210279,3237.105241221215
0.9597,210279,3249.753881421277
0.9597,210279,3178.677815984161
0.9597,210279,3243.004376367615
0.9597,210279,3167.4647285610085
0.9597,210279,3173.1401479629053
0.9597,210279,3245.357090757528
0.9597,210279,3185.491090965927
0.9597,210279,3199.1328540168806
0.9597,210279,3175.6490569969783
0.9597,210279,3221.855788267166
0.9597,210279,3183.8941335834115
0.9597,210279,3207.1196207148064
0.9597,210279,3218.46556215484
0.9597,210279,3241.2627904553506
0.9597,210279,3176.465145357924
0.9597,210279,3196.494842138168
0.9597,210279,3188.092216317599
0.9597,210279,3238.800354277378
0.9597,210279,3227.20756486402
0.9597,210279,3179.327602375742
0.9597,210279,3202.907887881629
0.9597,210279,3248.162759195582
0.9597,210279,3207.3623007189744
0.9597,210279,3264.351255600709
0.9597,210279,3191.096905282901
0.9597,210279,3183.8949671772425
0.9597,210279,3208.4338855892465
0.9597,210279,3195.871105553819
0.9597,210279,3233.7016776075857
0.9597,210279,3163.5801813066582
0.9597,210279,3231.799312285089
0.9597,210279,3180.80796082109
0.9597,210279,3181.1333750130248
0.9597,210279,3228.532145462124
0.9597,210279,3204.0538710013543
0.9597,210279,3227.9599874960927
0.9597,210279,3204.736584349276
0.9597,210279,3233.4682713347925
0.9597,210279,3202.419401896426
0.9597,210279,3178.253725122434
0.9597,210279,3214.8136917786805
0.9597,210279,3175.729082004793
0.9597,210279,3208.020735646556
0.9597,210279,3165.840158382828
0.9597,210279,3197.3393768886112
0.9597,210279,3210.4856726060225
0.9597,210279,3211.185057830572
0.9597,210279,3165.813379180994
0.9597,210279,3187.740648119204
0.9597,210279,3181.362300718975
0.9597,210279,3177.9111180577265
0.9597,210279,3161.149838491195
0.9597,210279,3221.522350734605
0.9597,210279,3241.341669271648
0.9597,210279,3196.703448994477
0.9597,210279,3242.2017297072
0.9597,210279,3183.266020631447
0.9597,210279,3167.413670938836
0.9597,210279,3149.658226529124
0.9597,210279,3202.0380327185576
0.9597,210279,3192.0431384807757
0.9597,210279,3255.8717307491925
0.9597,210279,3230.8151505678857
0.9597,210279,3256.8295300614773
0.9597,210279,3260.6356152964468
0.9597,210279,3198.3657392935293
0.9597,210279,3204.3179118474523
0.9597,210279,3208.6689590497026
0.9597,210279,3202.4190892987394
0.9597,210279,3237.3593831405647
0.9597,210279,3178.744816088361
0.9597,210279,3204.040950296968
0.9597,210279,3187.8396373866835
0.9597,210279,3199.2740439720747
0.9597,210279,3201.277169948942
0.9597,210279,3236.872460143795
0.9597,210279,3210.7133479212257
0.9597,210279,3212.9172658122334
0.9597,210279,3164.738147337709
0.9597,210279,3207.5797645097427
0.9597,210279,2990.425445451704
0.9597,210279,3178.6949046577056
0.9597,210279,3193.733979368553
0.9597,210279,3210.07273106179
0.9597,210279,3180.33656350943
0.9597,210279,3190.30551213921
0.9597,210279,3214.5846618735022
0.9597,210279,3238.8532874856724
0.9597,210279,3220.8083776180056
0.9597,210279,3240.9824945295404
0.9597,210279,3194.4287798270293
0.9597,210279,3235.2668542252786
0.9597,210279,3202.692716473898
0.9597,210279,3212.20370949255
0.9597,210279,3184.299781181619
0.9597,210279,3160.131082629988
0.9597,210279,3201.567156403042
0.9597,210279,3199.028654787955
0.9597,210279,3123.1442117328334
0.9597,210279,3220.4762946754195
0.9597,210279,3213.5373554235703
0.9597,210279,3182.281650515786
0.9597,210279,3194.0235490257373
0.9597,210279,3196.9211211837032
0.9597,210279,3201.5176617693032
0.9597,210279,3230.2336146712514
0.9597,210279,3182.7748254662915
0.9597,210279,3200.4698343232258
0.9597,210279,3168.3908513077
0.9597,210279,3215.615609044493
0.9597,210279,3204.9943732416377
0.9597,210279,3182.820256330104
0.9597,210279,3200.085234969261
0.9597,210279,3190.8521412941545
0.9597,210279,3194.83703240596
0.9597,210279,3197.186412420548
0.9597,210279,3187.2778993435445
0.9597,210279,3231.814942169428
0.9597,210279,3196.9414400333435
0.9597,210279,3240.409398770449
0.9597,210279,3189.7050119829114
0.9597,210279,3191.037720120871
0.9597,210279,3220.7398145253724
0.9597,210279,3188.6691674481613
0.9597,210279,3214.7674273210378
0.9597,210279,3213.1456705220385
0.9597,210279,3189.181515056788
0.9597,210279,3261.4604563926227
0.9597,210279,3198.733458372408
0.9597,210279,3188.6355110972177
0.9597,210279,3203.998645410024
0.9597,210279,3195.223715744504
0.9597,210279,3225.466083150985
0.9597,210279,3192.2523705324584
0.9597,210279,3205.0950296967803
0.9597,210279,3195.0039595706994
0.9597,210279,3208.019797853496
0.9597,210279,3237.3295821610923
0.9597,210279,3197.302177763884
0.9597,210279,3205.5518391163905
0.9597,210279,3182.0936751068043
0.9597,210279,3182.736063353131
0.9597,210279,3197.792851932896
0.9597,210279,3215.7433572991563
0.9597,210279,3211.486193602167
0.9597,210279,3204.009586329061
0.9597,210279,3158.1718245284987
0.9597,210279,3188.3766802125665
0.9597,210279,3173.2311138897576
0.9597,210279,3178.4257580493904
0.9597,210279,3237.6123788683963
0.9597,210279,3244.913202042305
0.9597,210279,3167.8447431489008
0.9597,210279,3190.7764926539544
0.9597,210279,3178.0973220798164
0.9597,210279,3184.228508909034
0.9597,210279,3277.685526727102
0.9597,210279,3236.847139731166
0.9597,210279,3208.855579868709
0.9597,210279,3181.504011670314
0.9597,210279,3196.650515786183
0.9597,210279,3188.5064082525787
0.9597,210279,3199.6344691049285
0.9597,210279,3206.546837553402
0.9597,210279,3189.9811399395644
0.9597,210279,3195.323851203501
0.9597,210279,3186.432114202355
0.9597,210279,3181.586954256539
0.9597,210279,3205.2994685839326
0.9597,210279,3206.343857455455
0.9597,210279,3176.3972074606645
0.9597,210279,3214.067416901115
0.9597,210279,3254.6880275085964
0.9597,210279,3225.4819214337813
0.9597,210279,3194.4186725018235
0.9597,210279,3196.372616442638
0.9597,210279,3208.6290507450244
0.9597,210279,3237.442950922163
0.9597,210279,3222.684380535584
0.9597,210279,3211.250286547879
0.9597,210279,3248.1749505053663
0.9597,210279,3266.7985828904866
0.9597,210279,3200.981244138793
0.9597,210279,3240.699176826092
0.9597,210279,3238.855267271022
0.9597,210279,3193.2027716994894
0.9597,210279,3190.4578514119
0.9597,210279,3236.621965197457
0.9597,210279,3224.8154631655725
0.9597,210279,3213.7778472439304
0.9597,210279,3201.2082942586226
0.9597,210279,3224.952380952381
0.9597,210279,3179.252787329374
0.9597,210279,3230.4955715327706
0.9597,210279,3179.535792435136
0.9597,210279,3196.653329165364
0.9597,210279,3229.6962592476816
0.9597,210279,3183.723976242576
0.9597,210279,3225.2600812753985
0.9597,210279,3248.6335313118684
0.9597,210279,3220.684067937897
0.9597,210279,3185.0356361362924
0.9597,210279,3186.892049598833
0.9597,210279,3224.974992185057
0.9597,210279,3189.8831926643743
0.9597,210279,3192.0133375013024
0.9597,210279,3223.546212358028
0.9597,210279,3161.2915494425342
0.9597,210279,3242.0813795977906
0.9597,210279,3231.8280712722726
0.9597,210279,3208.238303636553
0.9597,210279,3251.6653120766905
0.9597,210279,2973.60237574242
0.9597,210279,3233.7596123788685
0.9597,210279,3224.8063978326563
0.9597,210279,3191.030947170991
0.9597,210279,3204.0822131916225
0.9597,210279,3180.896009169532
0.9597,210279,3218.4251328540167
0.9597,210279,3197.3928310930496
0.9597,210279,3220.7680525164114
0.9597,210279,3220.4156507241846
0.9597,210279,3208.4410753360426
0.9597,210279,3228.7594039804108
0.9597,210279,3176.7891007606545
0.9597,210279,3173.242263207252
0.9597,210279,3192.7357507554443
0.9597,210279,3155.768469313327
0.9597,210279,3194.884651453579
0.9597,210279,3195.0600187558616
0.9597,210279,3237.947796186309
0.9597,210279,3201.7415859122643
0.9597,210279,3188.4085651766177
0.9597,210279,3198.6454100239657
0.9597,210279,3205.847348129624
0.9597,210279,3224.3022819631137
0.9597,210279,3227.19495675732
0.9597,210279,3177.5975825778887
0.9597,210279,3174.974992185057
0.9597,210279,3187.365843492758
0.9597,210279,3238.384703553194
0.9597,210279,3188.4607689903096
0.9597,210279,3207.748984057518
0.9597,210279,3250.9782223611546
0.9597,210279,3230.490674169011
0.9597,210279,3216.377513806398
0.9597,210279,3223.71095133896
0.9597,210279,3202.320308429717
0.9597,210279,3197.475461081588
0.9597,210279,3211.9304991143067
0.9597,210279,3213.4519120558507
0.9597,210279,3216.601854746275
0.9597,210279,3159.9345628842348
0.9597,210279,3174.0542877982703
0.9597,210279,3208.31426487444
0.9597,210279,3186.025112014171
0.9597,210279,3228.618526622903
0.9597,210279,3270.7635719495674
0.9597,210279,3196.4260706470773
0.9597,210279,3196.1118057726376
0.9597,210279,3199.184120037512
0.9597,210279,3168.9069500885694
0.9597,210279,3184.5477753464625
0.9597,210279,3193.548504741065
0.9597,210279,3207.8738147337717
0.9597,210279,3179.711680733563
0.9597,210279,3249.186308221319
0.9597,210279,3196.920600187558
0.9597,210279,3197.13285401688
0.9597,210279,3200.1697405439204
0.9597,210279,3179.377201208711
0.9597,210279,3215.227050119829
0.9597,210279,3229.934250286548
0.9597,210279,3235.154840054184
0.9597,210279,3198.427008440138
0.9597,210279,3234.046264457643
0.9597,210279,3197.0412628946547
0.9597,210279,3236.54798374492
0.9597,210279,3228.6974054392
0.9597,210279,3239.277690945087
0.9597,210279,3196.6504115869543
0.9597,210279,3223.1598416171723
0.9597,210279,3185.847348129624
0.9597,210279,3201.8243201000314
0.9597,210279,3228.354485776805
0.9597,210279,3226.8139001771387
0.9597,210279,3238.3440658539125
0.9597,210279,3162.11930811712
0.9597,210279,3210.4228404709806
0.9597,210279,3230.207669063249
0.9597,210279,3230.827654475357
0.9597,210279,3178.7705532979057
0.9597,210279,3189.927477336668
0.9597,210279,3177.200270917995
0.9597,210279,3175.0631447327287
0.9597,210279,3176.280087527352
0.9597,210279,3234.834427425237
0.9597,210279,3284.9632176721893
0.9597,210279,3205.233093675107
0.9597,210279,3225.2891528602686
0.9597,210279,3241.077003230176
0.9597,210279,3223.41419193498
0.9597,210279,3191.3892883192666
0.9597,210279,3191.635094300302
0.9597,210279,3151.870792956132
0.9597,210279,3174.679170574137
0.9597,210279,3182.4037720120878
0.9597,210279,3207.936230071897
0.9597,210279,3196.9574867145984
0.9597,210279,3178.706574971345
0.9597,210279,3196.740856517662
0.9597,210279,3237.63926226946
0.9597,210279,3178.698447431489
0.9597,210279,3222.634156507242
0.9597,210279,3241.0833593831408
0.9597,210279,3194.984370115661
0.9597,210279,3185.6247785766386
0.9597,210279,3240.5868500573097
0.9597,210279,3191.4190892987394
0.9597,210279,3210.250182348651
0.9597,210279,3197.4102323642805
0.9597,210279,3214.654892153798
0.9597,210279,3212.6124830676254
0.9597,210279,3183.132124622278
0.9597,210279,3182.846410336563
0.9597,210279,3162.819110138585
0.9597,210279,3233.977388767323
0.9597,210279,3190.3411482755027
0.9597,210279,3152.775659060123
0.9597,210279,3236.2433051995417
0.9597,210279,3186.0506408252577
0.9597,210279,3220.273418776701
0.9597,210279,3261.5789309159118
0.9597,210279,3207.4578514119
0.9597,210279,3248.3540689798897
0.9597,210279,3236.4040846097737
0.9597,210279,3188.190684588934
0.9597,210279,3203.9813483380226
0.9597,210279,3194.3009273731373
0.9597,210279,3156.14254454517
0.9597,210279,3221.199228925706
0.9597,210279,3176.5207877461708
0.9597,210279,3211.5521517140774
0.9597,210279,3238.4354485776807
0.9597,210279,3174.5951859956235
0.9597,210279,2929.6941752631037
0.9597,210279,3206.929352922788
0.9597,210279,3240.7565906012296
0.9597,210279,3202.819214337814
0.9597,210279,3248.933937688861
0.9597,210279,3179.1763050953423
0.9597,210279,3201.857038657914
0.9597,210279,3219.8322392414293
0.9597,210279,3173.140877357508
0.9597,210279,3206.4575388142125
0.9597,210279,3196.4975513181203
0.9597,210279,3211.775554860894
0.9597,210279,3171.170886735438
0.9597,210279,3249.5516307179328
0.9597,210279,3274.050640825258
0.9597,210279,3179.6243617797227
0.9597,210279,3241.231947483589
0.9597,210279,3204.202354902573
0.9597,210279,3196.0652287173075
0.9597,210279,3193.626133166614
0.9597,210279,3235.2616442638323
0.9597,210279,3202.110659581119
0.9597,210279,3187.1224340939875
0.9597,210279,3196.068979889549
0.9597,210279,3177.0605397520058
0.9597,210279,3197.217463790768
0.9597,210279,3275.7578409919765
0.9597,210279,3243.346358236949
0.9597,210279,3194.3665728873607
0.9597,210279,3211.2827967073044
0.9597,210279,3225.6012295509013
0.9597,210279,3204.245284984891
0.9597,210279,3180.795456913618
0.9597,210279,3156.4807752422635
0.9597,210279,3212.322496613525
0.9597,210279,3222.4230488694384
0.9597,210279,3197.7259560279253
0.9597,210279,3171.90986766698
0.9597,210279,3179.4063769928102
0.9597,210279,3193.524330519954
0.9597,210279,3178.857872251745
0.9597,210279,3171.2469521725543
0.9597,210279,3190.909242471605
0.9597,210279,3217.05626758362
0.9597,210279,3178.0975304782746
0.9597,210279,3173.1767218922582
0.9597,210279,3203.438887152235
0.9597,210279,3224.614567052204
0.9597,210279,3210.5420443888715
0.9597,210279,3228.107533604252
0.9597,210279,3184.016046681255
0.9597,210279,3205.113889757216
0.9597,210279,3181.8250494946337
0.9597,210279,3223.2794623319787
0.9597,210279,3212.705949775972
0.9597,210279,3227.316453058247
0.9597,210279,3226.766802125664
0.9597,210279,3250.546837553402
0.9597,210279,3237.56455142232
0.9597,210279,3189.724393039492
0.9597,210279,3190.137647181411
0.9597,210279,3244.932999895801
0.9597,210279,3257.655308950714
0.9597,210279,3185.4368031676568
0.9597,210279,3186.732624778577
0.9597,210279,3182.8998645410024
0.9597,210279,3244.303011357716
0.9597,210279,3195.8355736167555
0.9597,210279,3235.633843909555
0.9597,210279,3238.858184849432
0.9597,210279,3186.221527560696
0.9597,210279,3176.880275085964
0.9597,210279,3206.4708763155154
0.9597,210279,3198.201000312598
0.9597,210279,3221.7679483171823
0.9597,210279,3169.736480150046
0.9597,210279,3240.2320516828177
0.9597,210279,3218.723455246431
0.9597,210279,3241.604563926227
0.9597,210279,3262.4048140043765
0.9597,210279,3182.9614462852974
0.9597,210279,3240.6067521100344
0.9597,210279,3201.629571741169
0.9597,210279,3231.952589350839
0.9597,210279,3204.3706366572887
0.9597,210279,3228.4832760237573
0.9597,210279,3246.495258935084
0.9597,210279,3223.1699489423777
0.9597,210279,3190.2249661352507
0.9597,210279,3240.8351568198395
0.9597,210279,3184.251432739398
0.9597,210279,3181.665520475148
0.9597,210279,3199.9390434510783
0.9597,210279,3176.7147025112013
0.9597,210279,3230.408252578931
0.9597,210279,3192.037928519329
0.9597,210279,3199.590497030322
0.9597,210279,3193.473898093154
0.9597,210279,3239.297592997812
0.9597,210279,3196.94279462332
0.9597,210279,3224.8512035010945
0.9597,210279,3199.8159841617176
0.9597,210279,3228.267271022194
0.9597,210279,3211.656350943003
0.9597,210279,3219.1886006043555
0.9597,210279,3199.220068771491
0.9597,210279,3209.508075440242
0.9597,210279,3225.816296759404
0.9597,210279,3214.048244242993
0.9597,210279,3164.898301552568
0.9597,210279,3215.082838386996
0.9597,210279,3164.0062519537355
0.9597,210279,3210.6601021152446
0.9597,210279,3235.397103261436
0.9597,210279,3222.9957278316137
0.9597,210279,3184.5301656767742
0.9597,210279,3184.013858497447
0.9597,210279,3239.45587162655
0.9597,210279,3196.771595290195
0.9597,210279,3243.0594977597166
0.9597,210279,3176.473793893925
0.9597,210279,3208.7313743878294
0.9597,210279,3188.317807648223
0.9597,210279,3172.5548608940294
0.9597,210279,3216.696884443055
0.9597,210279,3195.232885276649
0.9597,210279,3184.775554860894
0.9597,210279,3196.757111597374
0.9597,210279,3207.5592372616443
0.9597,210279,3212.383869959362
0.9597,210279,3210.769094508701
0.9597,210279,3196.9496717724287
0.9597,210279,3193.063248931958
0.9597,210279,3202.672397624257
0.9597,210279,3197.947900385537
0.9597,210279,3228.4900489736374
0.9597,210279,3224.6462436177976
0.9597,210279,3208.080441804731
0.9597,210279,3209.77492966552
0.9597,210279,3187.5489215379807
0.9597,210279,3171.426904240908
0.9597,210279,3197.324788996561
0.9597,210279,3245.258622486194
0.9597,210279,3220.558924663957
0.9597,210279,3174.249869750964
0.9597,210279,3196.6039387308533
0.9597,210279,3211.625195373554
0.9597,210279,3180.343961654684
0.9597,210279,3190.809211211837
0.9597,210279,3187.447744086693
0.9597,210279,3248.1956861519225
0.9597,210279,3210.5411065958115
0.9597,210279,3212.0540793998125
0.9597,210279,3271.1340002083984
0.9597,210279,3195.2740439720747
0.9597,210279,3247.7875377722203
0.9597,210279,3204.441804730645
0.9597,210279,3209.1923517765968
0.9597,210279,3198.352505991456
0.9597,210279,3191.0571011774514
0.9597,210279,3245.3112430968013
0.9597,210279,3198.777117849328
0.9597,210279,3165.017505470459
0.9597,210279,3220.786808377618
0.9597,210279,3183.730853391685
0.9597,210279,3246.905803897051
0.9597,210279,3218.1853704282585
0.9597,210279,3195.244034594144
0.9597,210279,3228.772949880171
0.9597,210279,3197.0217776388454
0.9597,210279,3187.7411691153484
0.9597,210279,3220.465874752527
0.9597,210279,3174.2419506095657
0.9597,210279,3276.475461081588
0.9597,210279,3179.8563092633112
0.9597,210279,3237.027925393352
0.9597,210279,3185.591539022611
0.9597,210279,3210.8884026258206
0.9597,210279,3222.1733875169325
0.9597,210279,3225.921746379077
0.9597,210279,3237.1782848806915
0.9597,210279,3177.8788162967594
0.9597,210279,3182.747316869855
0.9597,210279,3157.9710326143586
0.9597,210279,3165.60425132854
0.9597,210279,3232.900385537147
0.9597,210279,3227.1730749192457
0.9597,210279,3168.8852766489526
0.9597,210279,3196.872355944566
0.9597,210279,3199.383557361676
0.9597,210279,3246.381785974784
0.9597,210279,3239.504741064916
0.9597,210279,3227.091695321455
0.9597,210279,3246.772949880171
0.9597,210279,3189.6940710638737
0.9597,210279,3191.468271334792
0.9597,210279,3187.6558299468584
0.9597,210279,3209.7429405022403
0.9597,210279,3177.5142231947484
0.9597,210279,3173.2310096905285
0.9597,210279,3181.302177763884
0.9597,210279,3222.8622486193603
0.9597,210279,3187.9615504845265
0.9597,210279,3257.629571741169
0.9597,210279,3196.189017401271
0.9597,210279,3185.233093675107
0.9597,210279,3173.6767739918723
0.9597,210279,3180.112222569553
0.9597,210279,3197.927894133584
0.9597,210279,3181.153277065749
0.9597,210279,3179.78076482234
0.9597,210279,3228.4634781702616
0.9597,210279,3228.1289986454103
0.9597,210279,3211.291341044076
0.9597,210279,3221.890278211941
0.9597,210279,3176.5672606022717
0.9597,210279,3233.477024070022
0.9597,210279,3177.2316348859017
0.9597,210279,3237.116598937168
0.9597,210279,3222.320933625091
0.9597,210279,3176.774408669376
0.9597,210279,3192.562154840054
0.9597,210279,3220.4406585391266
0.9597,210279,3182.0948212983226
0.9597,210279,3240.3582369490464
0.9597,210279,3209.269771803689
0.9597,210279,3226.09992706054
0.9597,210279,3210.980827341878
0.9597,210279,3244.927060539752
0.9597,210279,3209.252891528603
0.9597,210279,3223.0822131916225
0.9597,210279,3245.6584349275818
0.9597,210279,3206.741898509951
0.9597,210279,3275.4430551213923
0.9597,210279,3204.2740439720747
0.9597,210279,3180.7487756590604
0.9597,210279,3184.0792956132127
0.9597,210279,3197.348546420756
0.9597,210279,3200.46368656872
0.9597,210279,3201.440762738356
0.9597,210279,3257.91466083151
0.9597,210279,3181.6307179326877
0.9597,210279,3226.0808586016465
0.9597,210279,3195.194227362718
0.9597,210279,3194.2759195581957
0.9597,210279,3199.579139314369
0.9597,210279,3239.438887152235
0.9597,210279,3209.0527248098365
0.9597,210279,3198.6612483067624
0.9597,210279,3231.134729603001
0.9597,210279,3160.7863915807025
0.9597,210279,3195.064082525789
0.9597,210279,3245.1481713035323
0.9597,210279,3228.686360320933
0.9597,210279,3213.243930394915
0.9597,210279,3194.2433051995417
0.9597,210279,3161.890486610399
0.9597,210279,2973.878920495988
0.9597,210279,3180.896321767219
0.9597,210279,3195.137438782953
0.9597,210279,3211.5033864749403
0.9597,210279,3233.595811190997
0.9597,210279,3237.038553714702
0.9597,210279,3202.1142023549023
0.9597,210279,3205.3287485672604
0.9597,210279,3182.4742106908407
0.9597,210279,3238.0231322288214
0.9597,210279,3180.159529019485
0.9597,210279,3174.6890695008856
0.9597,210279,3197.686256121705
0.9597,210279,3253.567364801501
0.9597,210279,3176.291549442534
0.9597,210279,3203.523601125352
0.9597,210279,3229.3778264040848
0.9597,210279,3185.409190371992
0.9597,210279,3189.775659060123
0.9597,210279,3184.21819318537
0.9597,210279,3178.0028133791807
0.9597,210279,3236.621965197457
0.9597,210279,3214.670626237366
0.9597,210279,3206.775867458581
0.9597,210279,3212.353339585288
0.9597,210279,3176.838699593623
0.9597,210279,3180.8938209857247
0.9597,210279,3216.4820256330104
0.9597,210279,3196.588621444201
0.9597,210279,3211.070542877983
0.9597,210279,3200.517661769303
0.9597,210279,3218.417005314161
0.9597,210279,3176.50922163176
0.9597,210279,3237.043555277691
0.9597,210279,3190.806085234969
0.9597,210279,3210.040325101594
0.9597,210279,3183.0426174846307
0.9597,210279,3213.934667083464
0.9597,210279,3176.248931957904
0.9597,210279,3182.907992080859
0.9597,210279,3192.8686047723245
0.9597,210279,3259.5691361883923
0.9597,210279,3191.5489215379807
0.9597,210279,3174.193289569657
0.9597,210279,3214.6049807231425
0.9597,210279,3187.6432218401583
0.9597,210279,3218.768781911014
0.9597,210279,3164.154840054184
0.9597,210279,3205.4718141085755
0.9597,210279,3180.3189538397414
0.9597,210279,3197.661248306763
0.9597,210279,3211.346462436178
0.9597,210279,3183.583515681984
0.9597,210279,3198.604876523914
0.9597,210279,3172.7712826925085
0.9597,210279,3225.995936230072
0.9597,210279,3237.900593935605
0.9597,210279,3215.49369594665
0.9597,210279,3227.9422736271754
0.9597,210279,3242.5322496613526
0.9597,210279,3184.981660935709
0.9597,210279,3201.01938105658
0.9597,210279,3224.4755652808167
0.9597,210279,3217.16296759404
0.9597,210279,3199.4647285610085
0.9597,210279,3226.8108783995
0.9597,210279,3185.1526518703763
0.9597,210279,3223.2354902573725
0.9597,210279,3207.054600395957
0.9597,210279,3191.2417422111075
0.9597,210279,3182.322809211212
0.9597,210279,3185.50046889653
0.9597,210279,3196.2461185787224
0.9597,210279,3225.3999166406165
0.9597,210279,3235.085443367719
0.9597,210279,3214.6696884443054
0.9597,210279,3199.3652182973847
0.9597,210279,3161.6090444930705
0.9597,210279,3210.559549859331
0.9597,210279,3173.177242888403
0.9597,210279,3225.1512972804003
0.9597,210279,3205.8170261540067
0.9597,210279,3178.476398874649
0.9597,210279,3177.456184224237
0.9597,210279,3193.6962592476816
0.9597,210279,3231.676252995728
0.9597,210279,3177.834635823695
0.9597,210279,3165.279253933521
0.9597,210279,3215.2348650619983
0.9597,210279,3175.6684380535585
0.9597,210279,3177.5297488798583
0.9597,210279,3239.9275815358965
0.9597,210279,3143.1618214025216
0.9597,210279,3178.088569344586
0.9597,210279,3205.27644055434
0.9597,210279,3183.683651140981
0.9597,210279,3165.6490569969783
0.9597,210279,3190.273001979785
0.9597,210279,3186.026570803376
0.9597,210279,3182.598311972491
0.9597,210279,3172.6643742836304
0.9597,210279,3176.2455975825783
0.9597,210279,3187.372824841096
0.9597,210279,3183.715119308117
0.9597,210279,3222.4586850057312
0.9597,210279,3181.32103782432
0.9597,210279,3173.294571220173
0.9597,210279,3229.2670626237364
0.9597,210279,3176.92726893821
0.9597,210279,3187.019589455038
0.9597,210279,3170.673439616547
0.9597,210279,3221.250911743253
0.9597,210279,3188.042513285402
0.9597,210279,3216.39574867146
0.9597,210279,3239.796186308221
0.9597,210279,3212.7727414817127
0.9597,210279,3180.165676773992
0.9597,210279,3200.2629988538083
0.9597,210279,3183.7670105241223
0.9597,210279,3258.7608627696154
0.9597,210279,3256.7087631551526
0.9597,210279,3211.8317182452847
0.9597,210279,3255.488798582891
0.9597,210279,3181.543398978848
0.9597,210279,3181.8185891424405
0.9597,210279,3212.0019797853497
0.9597,210279,3184.4140877357504
0.9597,210279,3189.99906220694
0.9597,210279,3166.645201625508
0.9597,210279,3188.7141815150567
0.9597,210279,3176.869855163072
0.9597,210279,3191.611857872252
0.9597,210279,3183.86422840471
0.9597,210279,3204.440866937585
0.9597,210279,3181.3134312806083
0.9597,210279,3236.445868500573
0.9597,210279,3200.901948525581
0.9597,210279,3218.071272272585
0.9597,210279,3217.8945503803275
0.9597,210279,3200.113889757216
0.9597,210279,3199.363551109722
0.9597,210279,3202.156507241846
0.9597,210279,3217.1759924976554
0.9597,210279,3180.753360425133
0.9597,210279,3209.439616546838
0.9597,210279,3183.184745232885
0.9597,210279,3191.925705949776
0.9597,210279,3227.954569136188
0.9597,210279,3174.586850057309
0.9597,210279,3181.1886006043555
0.9597,210279,3183.8523496926123
0.9597,210279,3188.357194956757
0.9597,210279,3160.533187454413
0.9597,210279,3169.169636344691
0.9597,210279,3205.21048244243
0.9597,210279,3236.273001979785
0.9597,210279,3226.242575804939
0.9597,210279,3205.926747942065
0.9597,210279,3229.8169219547776
0.9597,210279,3216.6950088569342
0.9597,210279,3195.846410336564
0.9597,210279,3233.1310826299887
0.9597,210279,3164.9899968740237
0.9597,210279,3213.742523705325
0.9597,210279,3245.105137021986
0.9597,210279,3197.1173283317703
0.9597,210279,3195.638324476399
0.9597,210279,3189.8991351464
0.9597,210279,3180.4610815879964
0.9597,210279,3178.7357507554443
0.9597,210279,3179.14942169428
0.9597,210279,3194.1397311659894
0.9597,210279,3201.493591747421
0.9597,210279,3201.4271126393664
0.9597,210279,3230.519120558508
0.9597,210279,3185.4595185995627
0.9597,210279,3178.022923830364
0.9597,210279,3199.0249036157134
0.9597,210279,3197.789309159112
0.9597,210279,3191.290194852558
0.9597,210279,3177.55288110868
0.9597,210279,3178.304365947692
0.9597,210279,3201.3652182973847
0.9597,210279,3191.386891737001
0.9597,210279,3231.284672293425
0.9597,210279,3177.9892674794205
0.9597,210279,3214.93987704491
0.9597,210279,3195.33270813796
0.9597,210279,3154.029175784099
0.9597,210279,3214.9480045847663
0.9597,210279,3189.8906950088567
0.9597,210279,3190.276127956653
0.9597,210279,3225.278420339689
0.9597,210279,3188.318537042826
0.9597,210279,3196.601854746275
0.9597,210279,3187.3147858705847
0.9597,210279,3177.664791080546
0.9597,210279,3215.2392414296137
0.9597,210279,3199.0666875065126
0.9597,210279,3227.3431280608525
0.9597,210279,3176.6075857038654
0.9597,210279,3271.9747837866
0.9597,210279,3220.456080025008
0.9597,210279,3190.0159424820254
0.9597,210279,3229.747733666771
0.9597,210279,3238.984265916432
0.9597,210279,3206.7436698968427
0.9597,210279,3210.4682713347925
0.9597,210279,3190.3527143899137
0.9597,210279,3178.08242159008
0.9597,210279,3225.9428988225486
0.9597,210279,3213.4065853912684
0.9597,210279,3245.0905491299363
0.9597,210279,3182.8226529123685
0.9597,210279,3252.077107429405
0.9597,210279,3206.2838386995936
0.9597,210279,3181.918203605293
0.9597,210279,3171.898926747942
0.9597,210279,3212.098051474419
0.9597,210279,3177.663332291341
0.9597,210279,3189.701156611441
0.9597,210279,3195.9406064395125
0.9597,210279,3169.094508700636
0.9597,210279,3195.752839428988
0.9597,210279,3167.6890695008856
0.9597,210279,3179.8381785974784
0.9597,210279,3206.116494737939
0.9597,210279,3242.6484318016046
0.9597,210279,3189.447848285923
0.9597,210279,3190.679587371053
0.9597,210279,3136.678441179536
0.9597,210279,3207.7900385537146
0.9597,210279,3010.2320516828177
0.9597,210279,3186.748879858289
0.9597,210279,3232.8197353339588
0.9597,210279,3172.4215900802333
0.9597,210279,3195.7157445034904
0.9597,210279,3225.6433260393874
0.9597,210279,3219.5900802334063
0.9597,210279,3191.938730853392
0.9597,210279,3208.698655829947
0.9597,210279,3198.031676565593
0.9597,210279,3244.1255600708555
0.9597,210279,3238.630405335001
0.9597,210279,3177.48692299677
0.9597,210279,3234.612170469939
0.9597,210279,3245.74200270918
0.9597,210279,3224.5873710534543
0.9597,210279,3242.978326560384
0.9597,210279,3246.561321246223
0.9597,210279,3240.9153902261123
0.9597,210279,3176.8393247889967
0.9597,210279,3190.731895383974
0.9597,210279,3252.23861623424
0.9597,210279,3186.625299572783
0.9597,210279,3214.0401167031364
0.9597,210279,3176.8151505678857
0.9597,210279,3189.9550901323328
0.9597,210279,3201.046785453788
0.9597,210279,3209.0713764718143
0.9597,210279,3235.1058664165885
0.9597,210279,3198.3667812858184
0.9597,210279,3221.5471501510888
0.9597,210279,3211.91559862457
0.9597,210279,3205.265291236845
0.9597,210279,3249.6308221319164
0.9597,210279,3196.0663749088258
0.9597,210279,3229.438991351464
0.9597,210279,3239.991872460144
0.9597,210279,3199.4555590288637
0.9597,210279,3162.5363134312806
0.9597,210279,3172.0838803792853
0.9597,210279,3219.472751901636
0.9597,210279,3253.636448890278
0.9597,210279,3189.0793998124414
0.9597,210279,3231.4430551213923
0.9597,210279,3251.7128269250807
0.9597,210279,3201.203917891008
0.9597,210279,3179.110763780348
0.9597,210279,3206.989580077108
0.9597,210279,3156.0564759820777
0.9597,210279,3210.683651140981
0.9597,210279,3222.3348963217672
0.9597,210279,3203.7780556423886
0.9597,210279,3188.066166510368
0.9597,210279,3211.3177034489945
0.9597,210279,3271.5114098155677
0.9597,210279,3197.012399708242
0.9597,210279,3198.505157861832
0.9597,210279,3201.507762842555
0.9597,210279,3202.1717203292696
0.9597,210279,3260.8172345524645
0.9597,210279,3258.0262582056894
0.9597,210279,3200.981973533396
0.9597,210279,3233.9470667917058
0.9597,210279,3240.631343128061
0.9597,210279,3192.157236636449
0.9597,210279,3261.3265603834534
0.9597,210279,3244.865374596228
0.9597,210279,3246.065853912681
0.9597,210279,3197.214650411587
0.9597,210279,3181.851932895697
0.9597,210279,3165.781077420027
0.9597,210279,3192.102636240492
0.9597,210279,3162.437636761488
0.9597,210279,3184.699802021465
0.9597,210279,3240.026675002605
0.9597,210279,3174.984057517974
0.9597,210279,3178.435969573825
0.9597,210279,3197.1470251120145
0.9597,210279,3238.946858393248
0.9597,210279,3203.273731374388
0.9597,210279,3193.044388871522
0.9597,210279,3230.4048140043765
0.9597,210279,3180.550380327186
0.9597,210279,3172.970199020527
0.9597,210279,3213.5972699802023
0.9597,210279,3196.4617067833697
0.9597,210279,3259.5860164634782
0.9597,210279,3179.0678336980304
0.9597,210279,3158.738043138481
0.9597,210279,3181.05335000521
0.9597,210279,3195.1659893716787
0.9597,210279,3206.6695842450763
0.9597,210279,3202.555069292487
0.9597,210279,3163.575804939044
0.9597,210279,3189.9151818276546
0.9597,210279,3219.9193497968117
0.9597,210279,3238.1696363446918
0.9597,210279,3189.40835677816
0.9597,210279,3206.5504845264145
0.9597,210279,3164.2096488485986
0.9597,210279,3208.12222569553
0.9597,210279,3192.308012920704
0.9597,210279,3191.1580702302804
0.9597,210279,3194.9575909138275
0.9597,210279,3190.7050119829114
0.9597,210279,3207.195060956549
0.9597,210279,3215.237782640409
0.9597,210279,3221.300197978535
0.9597,210279,3226.091070126081
0.9597,210279,3190.12899864541
0.9597,210279,3219.8282796707304
0.9597,210279,3179.073252057935
0.9597,210279,3223.8224445139103
0.9597,210279,3194.701781806815
0.9597,210279,3191.8438053558407
0.9597,210279,3181.8205689277897
0.9597,210279,3179.1838074398247
0.9597,210279,3225.59070542878
0.9597,210279,3184.618526622903
0.9597,210279,3192.903303115557
0.9597,210279,3189.30071897468
0.9597,210279,3227.309575909138
0.9597,210279,3189.649786391581
0.9597,210279,3173.446910492862
0.9597,210279,3216.365009898927
0.9597,210279,3221.9445660102115
0.9597,210279,3177.618630822132
0.9597,210279,3239.19787433573
0.9597,210279,3211.5852870688755
0.9597,210279,3166.849953110347
0.9597,210279,3196.6974054392
0.9597,210279,3196.7691987079297
0.9597,210279,3222.4761904761904
0.9597,210279,3218.8860060435554
0.9597,210279,3236.1582786287386
0.9597,210279,3250.6612483067624
0.9597,210279,3202.826195686152
0.9597,210279,3193.606960508492
0.9597,210279,3166.7817026154007
0.9597,210279,3208.8707929561324
0.9597,210279,3204.707304365948
0.9597,210279,3211.710638741273
0.9597,210279,3193.290715848703
0.9597,210279,3210.277169948942
0.9597,210279,3179.729186204022
0.9597,210279,3206.756278003543
0.9597,210279,3217.3545899760343
0.9597,210279,3225.095133896009
0.9597,210279,3180.271230592893
0.9597,210279,3214.478066062311
0.9597,210279,3192.391684901532
0.9597,210279,3173.3435448577684
0.9597,210279,3233.8080650203187
0.9597,210279,3241.657705532979
0.9597,210279,2955.73814733771
0.9597,210279,3184.0695008856933
0.9597,210279,3190.630613733458
0.9597,210279,3166.310826299886
0.9597,210279,3175.1888090028133
0.9597,210279,3195.1955819526934
0.9597,210279,3241.462852974888
0.9597,210279,3275.4444097113683
0.9597,210279,3224.370324059602
0.9597,210279,3246.692924872356
0.9597,210279,3213.0030217776384
0.9597,210279,3175.2289257059497
0.9597,210279,3234.010940919037
0.9597,210279,3220.805251641138
0.9597,210279,3168.7633635511097
0.9597,210279,3237.530790872148
0.9597,210279,3222.257476294676
0.9597,210279,3188.7758674585807
0.9597,210279,3232.835677815984
0.9597,210279,3201.504949463374
0.9597,210279,3201.450349067417
0.9597,210279,3196.932687298114
0.9597,210279,3261.492966552048
0.9597,210279,3201.499322705012
0.9597,210279,3218.668959049703
0.9597,210279,3252.189850995103
0.9597,210279,3222.5798687089714
0.9597,210279,3203.061269146608
0.9597,210279,3219.7609669688445
0.9597,210279,3239.154423257268
0.9597,210279,3213.878399499844
0.9597,210279,3227.1284776492657
0.9597,210279,3176.8191101385846
0.9597,210279,3232.906533291653
0.9597,210279,3178.0038553714703
0.9597,210279,3258.7842033968946
0.9597,210279,3242.662707095968
0.9597,210279,3217.020631447327
0.9597,210279,3245.940710638741
0.9597,210279,3241.04365947692
0.9597,210279,3186.6504115869543
0.9597,210279,3219.7130353235384
0.9597,210279,3201.4224236740647
0.9597,210279,3192.6439512347606
0.9597,210279,3225.305303740752
0.9597,210279,3181.7960821089923
0.9597,210279,3215.9710326143586
0.9597,210279,3178.3163488590185
0.9597,210279,3216.857455454829
0.9597,210279,3238.668646452016
0.9597,210279,3246.7504428467228
0.9597,210279,3196.364488902782
0.9597,210279,3244.690945087006
0.9597,210279,3194.299885380848
0.9597,210279,3237.943419818693
0.9597,210279,3197.8253620923206
0.9597,210279,3196.7710742940503
0.9597,210279,3179.1654683755337
0.9597,210279,3268.891632801917
0.9597,210279,3190.7720120871104
0.9597,210279,3216.7107429405023
0.9597,210279,3220.5938314056475
0.9597,210279,3195.9012191309785
0.9597,210279,3180.530999270605
0.9597,210279,3197.7624257580496
0.9597,210279,3214.733562571637
0.9597,210279,3203.9179952068357
0.9597,210279,3190.0463686568723
0.9597,210279,3194.6470772116286
0.9597,210279,3217.989580077108
0.9597,210279,3263.8433885589247
0.9597,210279,3251.566843805356
0.9597,210279,3189.226841721372
0.9597,210279,3245.2477857663853
0.9597,210279,3209.103678232781
0.9597,210279,3199.3175992497654
0.9597,210279,3229.1455663228094
0.9597,210279,3219.5527769094506
0.9597,210279,3195.2445555902887
0.9597,210279,3201.4363863707413
0.9597,210279,3233.0150046889653
0.9597,210279,3201.479629050745
0.9597,210279,3227.227466916745
0.9597,210279,3211.696571845368
0.9597,210279,3210.9541523392727
0.9597,210279,3202.9393560487656
0.9597,210279,3191.518807960821
0.9597,210279,3210.882254871314
0.9597,210279,3211.5870584557674
0.9597,210279,3244.268000416797
0.9597,210279,3240.498593310409
0.9597,210279,3193.180994060644
0.9597,210279,3222.7452328852764
0.9597,210279,3185.899447744087
0.9597,210279,3181.3894967177243
0.9597,210279,3206.9416484318017
0.9597,210279,3164.838595394394
0.9597,210279,3229.3166614567053
0.9597,210279,3236.595811190997
0.9597,210279,3191.950922163176
0.9597,210279,3194.292278837137
0.9597,210279,3196.479212253829
0.9597,210279,3251.6459310201108
0.9597,210279,3201.7207460664795
0.9597,210279,3180.7173074919247
0.9597,210279,3235.5349588413046
0.9597,210279,3249.615504845264
0.9597,210279,3216.6351984995317
0.9597,210279,3166.5376680212566
0.9597,210279,3226.897363759508
0.9597,210279,3229.6710430342814
0.9597,210279,3196.145045326665
0.9597,210279,3210.581223298948
0.9597,210279,3165.765030738772
0.9597,210279,3178.089507137647
0.9597,210279,3204.972699802021
0.9597,210279,3226.886110242784
0.9597,210279,3204.819318537043
0.9597,210279,3230.601437949359
0.9597,210279,3189.4224236740647
0.9597,210279,3245.79629050745
0.9597,210279,3205.586954256539
0.9597,210279,3202.4359695738253
0.9597,210279,3238.0564759820777
0.9597,210279,3180.021256642701
0.9597,210279,3191.04365947692
0.9597,210279,3215.411586954257
0.9597,210279,3194.798791288945
0.9597,210279,3162.438887152235
0.9597,210279,3228.0583515681983
0.9597,210279,3191.325518391164
0.9597,210279,3176.90403251016
0.9597,210279,3196.793060331354
0.9597,210279,3189.410857559654
0.9597,210279,3244.0606439512344
0.9597,210279,3169.0962800875272
0.9597,210279,3181.3565697613835
0.9597,210279,3193.5255809107016
0.9597,210279,3181.308012920704
0.9597,210279,3162.791184745233
0.9597,210279,3163.5937272064184
0.9597,210279,3208.516202980098
0.9597,210279,3195.831822444514
0.9597,210279,3180.745337084505
0.9597,210279,3206.986975096384
0.9597,210279,3176.2491403563613
0.9597,210279,3177.3109304991144
0.9597,210279,3181.221214963009
0.9597,210279,3189.5562154840054
0.9597,210279,3239.6294675419404
0.9597,210279,3197.7609669688445
0.9597,210279,3229.887985828905
0.9597,210279,3210.8006668750654
0.9597,210279,3229.474002292383
0.9597,210279,3208.9615504845265
0.9597,210279,3179.221631759925
0.9597,210279,3163.515160987809
0.9597,210279,3197.808377618006
0.9597,210279,3235.4346149838493
0.9597,210279,3149.9025737209545
0.9597,210279,3207.4138793372927
0.9597,210279,3182.787954569136
0.9597,210279,3210.636865687194
0.9597,210279,3209.209127852454
0.9597,210279,3062.304261748463
0.9597,210279,3189.1810982598727
0.9597,210279,3184.286026883401
0.9597,210279,3239.916015421486
0.9597,210279,3181.5128686047724
0.9597,210279,3219.277169948942
0.9597,210279,3179.0288631864128
0.9597,210279,3194.398874648328
0.9597,210279,3231.485568406794
0.9597,210279,3215.681462957174
0.9597,210279,3192.855371470251
0.9597,210279,3170.092737313744
0.9597,210279,3225.869125768469
0.9597,210279,3165.982911326456
0.9597,210279,3217.5843492758154
0.9597,210279,3215.624361779723
0.9597,210279,3164.535479837449
0.9597,210279,3194.366989684276
0.9597,210279,3165.329373762634
0.9597,210279,3224.2965510055224
0.9597,210279,3196.091486922997
0.9597,210279,3186.067104303428
0.9597,210279,3186.873085339169
0.9597,210279,3224.823173908513
0.9597,210279,3224.408044180473
0.9597,210279,3241.259351880796
0.9597,210279,3178.8023340627283
0.9597,210279,3195.3594873397938
0.9597,210279,3201.9471709909344
0.9597,210279,3219.509951026362
0.9597,210279,3257.3650098989265
0.9597,210279,3173.995832030843
0.9597,210279,3214.058976763572
0.9597,210279,3220.297592997812
0.9597,210279,3226.3751172241323
0.9597,210279,3186.993122850891
0.9597,210279,3161.5605918516203
0.9597,210279,3226.515160987809
0.9597,210279,3190.6138376576014
0.9597,210279,3193.6146712514324
0.9597,210279,3180.5232885276646
0.9597,210279,3232.788162967594
0.9597,210279,3242.275085964364
0.9597,210279,3235.065228717308
0.9597,210279,3187.5846618735022
0.9597,210279,3200.969157028238
0.9597,210279,3191.994685839325
0.9597,210279,3183.72553923101
0.9597,210279,3200.13285401688
0.9597,210279,3177.3809523809523
0.9597,210279,3187.60039595707
0.9597,210279,3193.438991351464
0.9597,210279,3195.8443263519853
0.9597,210279,3182.9371678649577
0.9597,210279,3197.1281650515784
0.9597,210279,3197.1689069500885
0.9597,210279,3211.35208919454
0.9597,210279,3178.7705532979057
0.9597,210279,3197.601542148588
0.9597,210279,3233.679587371053
0.9597,210279,3208.4702511201417
0.9597,210279,3212.1764092945714
0.9597,210279,3213.7660727310617
0.9597,210279,3183.9908304678543
0.9597,210279,3193.7115765343337
0.9597,210279,3198.0551213921017
0.9597,210279,3216.8100448056684
0.9597,210279,3196.999583203084
0.9597,210279,3211.9587371053453
0.9597,210279,3194.747316869855
0.9597,210279,3195.8196311347297
0.9597,210279,3173.258309888507
0.9597,210279,3198.055225591331
0.9597,210279,3196.368656871939
0.9597,210279,3205.0127123059287
0.9597,210279,3165.708137959779
0.9597,210279,3205.9246639574867
0.9597,210279,3161.7102219443573
0.9597,210279,3207.493800145879
0.9597,210279,3256.6177972283003
0.9597,210279,3170.730228196311
0.9597,210279,3197.288631864124
0.9597,210279,3205.5444409711367
0.9597,210279,3205.7602375742417
0.9597,210279,3184.640408460977
0.9597,210279,3162.03011357716
0.9597,210279,3235.134417005314
0.9597,210279,3204.453058247369
0.9597,210279,3182.608419297697
0.9597,210279,3237.075127644056
0.9597,210279,3228.737209544649
0.9597,210279,3144.014066895905
0.9597,210279,3203.5881004480566
0.9597,210279,3185.140564759821
0.9597,210279,3193.7107429405023
0.9597,210279,3209.8449515473585
0.9597,210279,3215.127331457747
0.9597,210279,3180.47525268313
0.9597,210279,3197.685943524018
0.9597,210279,3208.307700323018
0.9597,210279,3206.599979160154
0.9597,210279,3233.404084609774
0.9597,210279,3235.8266124830675
0.9597,210279,3223.045430863812
0.9597,210279,3179.9389392518497
0.9597,210279,3168.6626028967385
0.9597,210279,3225.677086589559
0.9597,210279,3165.760550171929
0.9597,210279,3265.896738564135
0.9597,210279,3238.100552255913
0.9597,210279,3226.201208711056
0.9597,210279,3193.028758987184
0.9597,210279,3207.2714389913517
0.9597,210279,3170.365426695843
0.9597,210279,3195.29290403251
0.9597,210279,3283.7906637490883
0.9597,210279,3207.4942169427945
0.9597,210279,3197.173908513077
0.9597,210279,3185.203605293321
0.9597,210279,3196.293633427113
0.9597,210279,3177.745753881421
0.9597,210279,3215.990517870168
0.9597,210279,3158.1143065541314
0.9597,210279,3235.3179118474523
0.9597,210279,3173.944774408669
0.9597,210279,3225.1003438574558
0.9597,210279,3194.888923621965
0.9597,210279,3181.1855788267167
0.9597,210279,3197.4034594144005
0.9597,210279,3218.6637490882567
0.9597,210279,3180.737938939252
0.9597,210279,3197.44326351985
0.9597,210279,3194.190580389705
0.9597,210279,3188.960404293008
0.9597,210279,3215.656350943003
0.9597,210279,3156.677815984161
0.9597,210279,3185.279566531208
0.9597,210279,3225.677920183391
0.9597,210279,3236.743982494529
0.9597,210279,3203.4072105866417
0.9597,210279,3213.9863499010107
0.9597,210279,3184.5423569865584
0.9597,210279,3205.9645722621653
0.9597,210279,3196.772949880171
0.9597,210279,3175.589871834949
0.9597,210279,3247.06981348338
0.9597,210279,3190.021569240388
0.9597,210279,3186.3795977909763
0.9597,210279,3185.401688027509
0.9597,210279,3194.2709179952067
0.9597,210279,3186.4803584453475
0.9597,210279,3197.140147962905
0.9597,210279,3240.3237470042723
0.9597,210279,3223.9347712826925
0.9597,210279,3198.2867562780034
0.9597,210279,3246.19985412108
0.9597,210279,3217.8920495988327
0.9597,210279,3249.4131499426903
0.9597,210279,3202.870897155361
0.9597,210279,3173.435135979994
0.9597,210279,3189.177034489945
0.9597,210279,3245.785349588413
0.9597,210279,3205.585182869647
0.9597,210279,3177.860060435553
0.9597,210279,3217.6177972283003
0.9597,210279,3176.79149734292
0.9597,210279,3190.058664165885
0.9597,210279,3239.290715848703
0.9597,210279,3179.99322705012
0.9597,210279,3215.9952068354696
0.9597,210279,3225.703865791393
0.9597,210279,3217.1371261852664
0.9597,210279,3179.7594039804108
0.9597,210279,3220.5617380431386
0.9597,210279,3247.022090236532
0.9597,210279,3168.488069188288
0.9597,210279,3259.736271751589
0.9597,210279,3195.1512972804003
0.9597,210279,3193.0917995206837
0.9597,210279,3187.0459518599564
0.9597,210279,3176.041054496197
0.9597,210279,3170.058872564343
0.9597,210279,3247.4473272897785
0.9597,210279,3263.029800979473
0.9597,210279,3218.7048035844537
0.9597,210279,3215.4578514119
0.9597,210279,3162.9218505783056
0.9597,210279,3195.7873293737625
0.9597,210279,3197.115661144108
0.9597,210279,3188.2583098885066
0.9597,210279,3193.1143065541314
0.9597,210279,3179.109409190372
0.9597,210279,3195.615504845264
0.9597,210279,3207.19495675732
0.9597,210279,3167.772637282484
0.9597,210279,3228.4709805147445
0.9597,210279,3185.265291236845
0.9597,210279,3198.7435656976136
0.9597,210279,3197.2798791288947
0.9597,210279,3240.5676773991872
0.9597,210279,3200.5247473168697
0.9597,210279,3229.613420860686
0.9597,210279,3166.376784411795
0.9597,210279,3216.903303115557
0.9597,210279,3183.841408773575
0.9597,210279,3221.0880483484425
0.9597,210279,3184.9442534125246
0.9597,210279,3197.475669480046
0.9597,210279,3162.4328435969574
0.9597,210279,3202.262894654579
0.9597,210279,3184.962279879129
0.9597,210279,3231.320933625091
0.9597,210279,3192.972074606648
0.9597,210279,3262.3384390955507
0.9597,210279,3176.1353547983745
0.9597,210279,3208.353547983745
0.9597,210279,3206.2298634990098
0.9597,210279,3236.5531937063665
0.9597,210279,3219.715431905804
0.9597,210279,3173.990413670939
0.9597,210279,3175.634156507242
0.9597,210279,3192.6191518182764
0.9597,210279,3178.528915286027
0.9597,210279,3231.7761800562675
0.9597,210279,3193.238512035011
0.9597,210279,3174.977597165781
0.9597,210279,3227.787746170678
0.9597,210279,3191.6772949880174
0.9597,210279,3180.563822027717
0.9597,210279,3197.547150151089
0.9597,210279,3219.5221423361468
0.9597,210279,3176.311555694488
0.9597,210279,3214.21725539231
0.9597,210279,3206.648223403147
0.9597,210279,3176.6439512347606
0.9597,210279,3223.534333645931
0.9597,210279,3230.850161508805
0.9597,210279,3217.5507971241013
0.9597,210279,3195.840783578202
0.9597,210279,3222.5131812024592
0.9597,210279,3197.7036573929354
0.9597,210279,3203.936751068042
0.9597,210279,3215.8912160050018
0.9597,210279,3212.7010524122124
0.9597,210279,3268.098259872877
0.9597,210279,3227.430342815463
0.9597,210279,3242.834531624466
0.9597,210279,3171.148483901219
0.9597,210279,3205.134729603001
0.9597,210279,3180.0755444409715
0.9597,210279,3212.381577576326
0.9597,210279,3228.229029905179
0.9597,210279,3172.221944357612
0.9597,210279,3187.7141815150567
0.9597,210279,3224.7553402104827
0.9597,210279,3237.883817859748
0.9597,210279,3183.1415025528813
0.9597,210279,3193.133687610712
0.9597,210279,3198.8005626758363
0.9597,210279,3214.8839220589766
0.9597,210279,3233.066479108055
0.9597,210279,3234.685422527873
0.9597,210279,3233.231739085131
0.9597,210279,3202.4385745545483
0.9597,210279,3174.326039387309
0.9597,210279,3162.924455559029
0.9597,210279,3212.230176096697
0.9597,210279,3175.349484213817
0.9597,210279,3178.7008440137542
0.9597,210279,3243.199645722622
0.9597,210279,3244.5531937063665
0.9597,210279,3214.221319162238
0.9691,875211,1255.2560107316067
0.9691,875211,1344.7719533587865
0.9691,875211,1118.9537715406043
0.9691,875211,1621.5460736766072
0.9691,875211,1297.0743989268394
0.9691,875211,1632.902899597565
0.9691,875211,1662.3716850686203
0.9691,875211,1266.6298627592612
0.9691,875211,1256.8946445155298
0.9691,875211,1672.2690124858116
0.9691,875211,1242.1610772882054
0.9691,875211,1337.3905685687753
0.9691,875211,1630.273552780931
0.9691,875211,1438.1614900423072
0.9691,875211,1369.731813022392
0.9691,875211,1222.9214735321432
0.9691,875211,1249.3563099783305
0.9691,875211,1580.8588380972035
0.9691,875211,1208.8954700237334
0.9691,875211,1155.683004849861
0.9691,875211,1453.7354246207824
0.9691,875211,1429.130636673202
0.9691,875211,1169.018470746053
0.9691,875211,1662.6884738417089
0.9691,875211,1497.7966154163655
0.9691,875211,1305.7769064080076
0.9691,875211,1634.5375090289958
0.9691,875211,1520.706738210711
0.9691,875211,1368.2779898875249
0.9691,875211,1252.2433185429782
0.9691,875211,1210.3217418223094
0.9691,875211,1273.694871530286
0.9691,875211,1587.8624496955938
0.9691,875211,1419.4847796924985
0.9691,875211,1551.7688577030233
0.9691,875211,1323.3994427819628
0.9691,875211,1288.267671034981
0.9691,875211,1265.574450521102
0.9691,875211,1439.2729336497782
0.9691,875211,1652.6721700546898
0.9691,875211,1363.7531730471571
0.9691,875211,1370.5125374058407
0.9691,875211,1242.1108244763182
0.9691,875211,1546.0248684346302
0.9691,875211,1634.6410071200082
0.9691,875211,1462.5873490867816
0.9691,875211,1189.781549891652
0.9691,875211,1549.9697657620477
0.9691,875211,1259.6538024971624
0.9691,875211,1195.005675368899
0.9691,875211,1285.9638840160974
0.9691,875211,1266.5387472913014
0.9691,875211,1421.0580951398206
0.9691,875211,1475.291610772882
0.9691,875211,1397.2926426581364
0.9691,875211,1246.8958827778351
0.9691,875211,1315.1497265504076
0.9691,875211,1288.8846352285625
0.9691,875211,1186.7570942111238
0.9691,875211,1319.075018057992
0.9691,875211,1421.3059539779176
0.9691,875211,1453.324734289547
0.9691,875211,1451.2531214528944
0.9691,875211,1474.0879166236716
0.9691,875211,1669.854916933237
0.9691,875211,1608.2207202559075
0.9691,875211,1417.1826436900217
0.9691,875211,1267.933959343721
0.9691,875211,1300.5014962336188
0.9691,875211,1364.1954390671758
0.9691,875211,1643.2928490351874
0.9691,875211,1443.50644928284
0.9691,875211,1408.735837374884
0.9691,875211,1506.4655866267672
0.9691,875211,1238.6455474151276
0.9691,875211,1438.3613662160767
0.9691,875211,1522.760705809514
0.9691,875211,1282.536270766691
0.9691,875211,1627.9730677948612
0.9691,875211,1242.0451965741408
0.9691,875211,1148.0402435249202
0.9691,875211,1468.321845010835
0.9691,875211,1519.0147559591371
0.9691,875211,1317.720462284594
0.9691,875211,1321.405427716438
0.9691,875211,1554.0835827056032
0.9691,875211,1456.101537509029
0.9691,875211,1429.1052522959446
0.9691,875211,1575.655350325044
0.9691,875211,1636.4221442575588
0.9691,875211,1261.6630894644516
0.9691,875211,1451.5086162418738
0.9691,875211,1296.124445361676
0.9691,875211,1396.2186564853987
0.9691,875211,1289.566608193169
0.9691,875211,1507.1591167062222
0.9691,875211,1196.468166339903
0.9691,875211,1387.0893612630275
0.9691,875211,1580.3745743473326
0.9691,875211,1559.405634093489
0.9691,875211,1304.047569910226
0.9691,875211,1549.8848416056137
0.9691,875211,1497.5293571354866
0.9691,875211,1435.9610979259107
0.9691,875211,1565.8328345887935
0.9691,875211,1169.3539366422456
0.9691,875211,1299.7679290062945
0.9691,875211,1566.4503147250027
0.9691,875211,1500.8218966050977
0.9691,875211,1544.6839335465895
0.9691,875211,1208.919719327211
0.9691,875211,1368.5341038076567
0.9691,875211,1599.2607574037768
0.9691,875211,1447.5908574966463
0.9691,875211,1359.8445980806937
0.9691,875211,1329.8481064905582
0.9691,875211,1393.5632029718297
0.9691,875211,1187.649159013518
0.9691,875211,1546.624393767413
0.9691,875211,1621.7997110721287
0.9691,875211,1392.5331751109277
0.9691,875211,1601.4645547415128
0.9691,875211,1622.7716437932102
0.9691,875211,1178.311938912393
0.9691,875211,1433.091837787638
0.9691,875211,1439.7366628830875
0.9691,875211,1293.7796924981942
0.9691,875211,1322.66515323496
0.9691,875211,1369.793829326179
0.9691,875211,1560.0459188938191
0.9691,875211,1463.1581880094934
0.9691,875211,1218.441130946239
0.9691,875211,1190.4883912908883
0.9691,875211,1666.368589412857
0.9691,875211,1175.4444329790529
0.9691,875211,1642.7394489732744
0.9691,875211,1511.7742235063463
0.9691,875211,1176.81302239191
0.9691,875211,1423.8328345887935
0.9691,875211,1350.08636879579
0.9691,875211,1238.2835620678982
0.9691,875211,1585.5638221029822
0.9691,875211,1314.573521824373
0.9691,875211,1400.8633783923228
0.9691,875211,1497.2457950675885
0.9691,875211,1272.885873490868
0.9691,875211,1653.3524920028892
0.9691,875211,1419.2471365184192
0.9691,875211,1303.621091734599
0.9691,875211,1296.967805180064
0.9691,875211,1219.8135383345373
0.9691,875211,1247.8223093591994
0.9691,875211,1214.4030543803528
0.9691,875211,1473.7877412031785
0.9691,875211,1338.648952636467
0.9691,875211,1643.773191621092
0.9691,875211,1305.2287689608918
0.9691,875211,1342.44020224951
0.9691,875211,1179.8481064905582
0.9691,875211,1157.4575379217831
0.9691,875211,1263.4320503560004
0.9691,875211,1193.2037973377362
0.9691,875211,1305.8971210401403
0.9691,875211,1642.425549478898
0.9691,875211,1281.382726240842
0.9691,875211,1639.434114126509
0.9691,875211,1215.0650087710248
0.9691,875211,1432.2436281085545
0.9691,875211,1407.7912496130432
0.9691,875211,1547.430089774017
0.9691,875211,1142.466721700547
0.9691,875211,1450.716334743577
0.9691,875211,1566.1704674440202
0.9691,875211,1389.9031059746155
0.9691,875211,1185.8238571870809
0.9691,875211,1449.2412547724696
0.9691,875211,1351.7963058507894
0.9691,875211,1501.6474048085854
0.9691,875211,1661.1557114848829
0.9691,875211,1427.0675884841603
0.9691,875211,1633.9854504179136
0.9691,875211,1218.33484676504
0.9691,875211,1594.5056237746364
0.9691,875211,1592.0150655247137
0.9691,875211,1500.642864513466
0.9691,875211,1393.9103291713964
0.9691,875211,1443.6412134970592
0.9691,875211,1496.614178103395
0.9691,875211,1525.4799298318028
0.9691,875211,1123.9539779176555
0.9691,875211,1189.5217211846043
0.9691,875211,1660.6786709317926
0.9691,875211,1631.551026725828
0.9691,875211,1366.4171912083375
0.9691,875211,1490.603343308224
0.9691,875211,1311.17748426375
0.9691,875211,1270.0760499432463
0.9691,875211,1672.9794654834384
0.9691,875211,1294.8556392529151
0.9691,875211,1257.2126715509237
0.9691,875211,1225.5981838819523
0.9691,875211,1386.918584253431
0.9691,875211,1350.0385925085131
0.9691,875211,1617.7371788257146
0.9691,875211,1438.4814776596843
0.9691,875211,1490.1546795996285
0.9691,875211,1403.5596945619648
0.9691,875211,1405.8217934165723
0.9691,875211,1398.8800949334436
0.9691,875211,1147.7277886698998
0.9691,875211,1555.570632545661
0.9691,875211,1535.700856464761
0.9691,875211,1492.9111546795996
0.9691,875211,1204.030543803529
0.9691,875211,1202.074295738314
0.9691,875211,1266.0815189350944
0.9691,875211,1237.5096481271285
0.9691,875211,1619.9361263027554
0.9691,875211,1411.8886595810543
0.9691,875211,1490.1264059436592
0.9691,875211,1613.9394283355691
0.9691,875211,1291.2947064286452
0.9691,875211,1381.7813435146013
0.9691,875211,1478.2435249200291
0.9691,875211,1528.252811887318
0.9691,875211,1478.8842224744608
0.9691,875211,1434.0187803116294
0.9691,875211,1478.8698792694254
0.9691,875211,1345.154576411103
0.9691,875211,1323.5586626767104
0.9691,875211,1474.6326488494478
0.9691,875211,1236.2835620678982
0.9691,875211,1467.5890001031887
0.9691,875211,1549.744814776597
0.9691,875211,1192.169951501393
0.9691,875211,1428.66742338252
0.9691,875211,1228.795686719637
0.9691,875211,1499.9528428438755
0.9691,875211,1158.7474976782582
0.9691,875211,1623.700443710659
0.9691,875211,1692.1383758126096
0.9691,875211,1629.6978639975237
0.9691,875211,1273.1575688783407
0.9691,875211,1636.0746053038902
0.9691,875211,1602.2346507068414
0.9691,875211,1302.022495098545
0.9691,875211,1246.6114952017338
0.9691,875211,1463.3054380352903
0.9691,875211,1353.4481477659683
0.9691,875211,1572.245898256114
0.9691,875211,1387.1967805180066
0.9691,875211,1411.5130533484678
0.9691,875211,1498.8371685068623
0.9691,875211,1599.001651016407
0.9691,875211,1385.288308740068
0.9691,875211,1479.7150964812713
0.9691,875211,1441.8259209575897
0.9691,875211,1430.0204313280362
0.9691,875211,1467.5094417500773
0.9691,875211,1405.4356619543908
0.9691,875211,1171.0604684759055
0.9691,875211,1161.9934991228977
0.9691,875211,1229.5378185945724
0.9691,875211,1451.7425446290374
0.9691,875211,1244.6308946445156
0.9691,875211,1643.7467753585802
0.9691,875211,1629.3718914456713
0.9691,875211,1464.4114126509132
0.9691,875211,1238.8063151377569
0.9691,875211,1367.780311629347
0.9691,875211,1624.176658755547
0.9691,875211,1475.6988958827778
0.9691,875211,1135.9322051387885
0.9691,875211,1557.1236198534723
0.9691,875211,1463.7442988339697
0.9691,875211,1620.1337323289652
0.9691,875211,1563.116396656692
0.9691,875211,1307.9654318439789
0.9691,875211,1380.0829635744506
0.9691,875211,1210.9104323599215
0.9691,875211,1236.9411825405016
0.9691,875211,1526.903415540192
0.9691,875211,1323.20235269838
0.9691,875211,1439.6261479723455
0.9691,875211,1607.6807347023012
0.9691,875211,1150.9577958930968
0.9691,875211,1127.542668455268
0.9691,875211,1647.2895470023734
0.9691,875211,1160.9317923846868
0.9691,875211,1153.7031266123206
0.9691,875211,1655.4203900526263
0.9691,875211,1483.47931070065
0.9691,875211,1226.6449282839749
0.9691,875211,1672.159735837375
0.9691,875211,1455.543597151997
0.9691,875211,1441.3878856671138
0.9691,875211,1659.978227221133
0.9691,875211,1664.6394592921267
0.9691,875211,1213.2488907233517
0.9691,875211,1251.4013001754206
0.9691,875211,1243.9479929831805
0.9691,875211,1658.8921679909197
0.9691,875211,1172.293055412238
0.9691,875211,1604.9501599422144
0.9691,875211,1177.4893199876174
0.9691,875211,1462.693736456506
0.9691,875211,1390.9144567124135
0.9691,875211,1166.93963471262
0.9691,875211,1513.982251573625
0.9691,875211,1397.4971623155504
0.9691,875211,1341.8078629656384
0.9691,875211,1467.752141161903
0.9691,875211,1432.871943039934
0.9691,875211,1375.747188112682
0.9691,875211,1573.3701372407388
0.9691,875211,1474.8221029821484
0.9691,875211,1250.8249922608609
0.9691,875211,1499.2419770921474
0.9691,875211,1660.5169745124344
0.9691,875211,1194.5291507584357
0.9691,875211,1258.9422144257558
0.9691,875211,1238.3390774945826
0.9691,875211,1560.2668455267774
0.9691,875211,1178.1005056237748
0.9691,875211,1602.8107522443504
0.9691,875211,1138.5879682179343
0.9691,875211,1203.0770818285007
0.9691,875211,1355.7562687029204
0.9691,875211,1614.260138272624
0.9691,875211,1322.4791043235991
0.9691,875211,1330.250644928284
0.9691,875211,1395.540604684759
0.9691,875211,1515.3057476008669
0.9691,875211,1571.050149623362
0.9691,875211,1620.7286141781035
0.9691,875211,1639.201424001651
0.9691,875211,1249.939841089671
0.9691,875211,1205.2464141987411
0.9691,875211,1254.714993292746
0.9691,875211,1228.3058507893925
0.9691,875211,1258.1946135589722
0.9691,875211,1224.5572180373542
0.9691,875211,1127.7423382519864
0.9691,875211,1353.2817046744403
0.9691,875211,1314.8698792694252
0.9691,875211,1433.3823134867405
0.9691,875211,1236.5696006604066
0.9691,875211,1457.4376225363742
0.9691,875211,1219.864410277577
0.9691,875211,1395.9520173356725
0.9691,875211,1537.120936951811
0.9691,875211,1382.0784232793314
0.9691,875211,1642.882365081003
0.9691,875211,1556.2814982973894
0.9691,875211,1298.232380559282
0.9691,875211,1468.442575585595
0.9691,875211,1368.1243421731506
0.9691,875211,1623.5841502424933
0.9691,875211,1277.0041275410174
0.9691,875211,1446.920028892787
0.9691,875211,1221.105974615623
0.9691,875211,1659.6259415952943
0.9691,875211,1656.8545041791351
0.9691,875211,1533.6029305541224
0.9691,875211,1641.141265091322
0.9691,875211,1581.159942214426
0.9691,875211,1377.6708286038593
0.9691,875211,1239.456815602105
0.9691,875211,1115.0059849344757
0.9691,875211,1599.3043029615108
0.9691,875211,1537.4315344133734
0.9691,875211,1448.8803013104944
0.9691,875211,1620.0547931070066
0.9691,875211,1127.1513775668147
0.9691,875211,1191.4485605200705
0.9691,875211,1390.2721081415746
0.9691,875211,1375.4311216592716
0.9691,875211,1574.2639562480654
0.9691,875211,1486.2939841089672
0.9691,875211,1184.9665669177589
0.9691,875211,1569.7885667113817
0.9691,875211,1422.1364152306264
0.9691,875211,1325.4559900939016
0.9691,875211,1530.4365906511196
0.9691,875211,1204.0955525745535
0.9691,875211,1629.5131565369932
0.9691,875211,1648.8985656794964
0.9691,875211,1613.3555876586524
0.9691,875211,1344.0981322876896
0.9691,875211,1267.6294500051597
0.9691,875211,1356.1069033123515
0.9691,875211,1115.6618512021462
0.9691,875211,1399.267258280879
0.9691,875211,1436.0313693117323
0.9691,875211,1602.0065008771026
0.9691,875211,1322.244556805283
0.9691,875211,1550.2777835104737
0.9691,875211,1634.2355794035702
0.9691,875211,1171.3017232483749
0.9691,875211,1615.0396243937676
0.9691,875211,1554.8198328345889
0.9691,875211,1571.929212671551
0.9691,875211,1208.5766174801363
0.9691,875211,1330.7892890310598
0.9691,875211,1165.538953668352
0.9691,875211,1511.2266020018576
0.9691,875211,1636.230523165824
0.9691,875211,1643.3861314621813
0.9691,875211,1573.056340934888
0.9691,875211,1151.393354658962
0.9691,875211,1434.1210401403366
0.9691,875211,1190.1840883293778
0.9691,875211,1479.8844288515118
0.9691,875211,1467.4353523888144
0.9691,875211,1190.7798988752452
0.9691,875211,1504.077907336704
0.9691,875211,1554.338664740481
0.9691,875211,1271.1061809926737
0.9691,875211,1174.376018986689
0.9691,875211,1404.3080177484264
0.9691,875211,1367.6138685378185
0.9691,875211,1266.3991332163864
0.9691,875211,1440.3222577649365
0.9691,875211,1492.2620988546075
0.9691,875211,1434.2429057888764
0.9691,875211,1485.4928283974823
0.9691,875211,1557.453926323393
0.9691,875211,1232.1247549272523
0.9691,875211,1596.5901351769685
0.9691,875211,1301.5696006604066
0.9691,875211,1389.663399030028
0.9691,875211,1611.724486637086
0.9691,875211,1313.770405530905
0.9691,875211,1181.1767619440718
0.9691,875211,1257.9215767206686
0.9691,875211,1599.249922608606
0.9691,875211,1429.1099989681147
0.9691,875211,1154.9963884016097
0.9691,875211,1447.0910122794346
0.9691,875211,1663.1314621814056
0.9691,875211,1569.6117015787845
0.9691,875211,1420.402848003302
0.9691,875211,1384.1960581983285
0.9691,875211,1187.487772159736
0.9691,875211,1643.9007326385306
0.9691,875211,1477.587658652358
0.9691,875211,1346.2981116499843
0.9691,875211,1614.013001754205
0.9691,875211,1653.0876070580953
0.9691,875211,1497.5241977092148
0.9691,875211,1408.442369208544
0.9691,875211,1261.8206583427925
0.9691,875211,1211.5118150861624
0.9691,875211,1676.0174388607986
0.9691,875211,1367.5403983077083
0.9691,875211,1312.273862346507
0.9691,875211,1352.3349499535652
0.9691,875211,1635.9199257042617
0.9691,875211,1456.5051078320091
0.9691,875211,1339.1191827468786
0.9691,875211,1397.3349499535652
0.9691,875211,1434.6665978743165
0.9691,875211,1151.9724486637087
0.9691,875211,1662.245175936436
0.9691,875211,1639.7348054896297
0.9691,875211,1418.871220720256
0.9691,875211,1268.4486637085956
0.9691,875211,1315.3504282323806
0.9691,875211,1597.8193168919615
0.9691,875211,1177.2182437312972
0.9691,875211,1297.6035496852749
0.9691,875211,1173.5161490042308
0.9691,875211,1250.9430399339594
0.9691,875211,1459.800949334434
0.9691,875211,1211.1802703539363
0.9691,875211,1220.5468991848109
0.9691,875211,1243.9400474667218
0.9691,875211,1513.9127025074813
0.9691,875211,1468.6208853575483
0.9691,875211,1238.858218966051
0.9691,875211,1346.7256217108657
0.9691,875211,1346.2576617480138
0.9691,875211,1122.557733979981
0.9691,875211,1349.4751831596327
0.9691,875211,1495.5180063976886
0.9691,875211,1326.0753276235682
0.9691,875211,1562.6327520379737
0.9691,875211,1398.680941079352
0.9691,875211,1654.4752863481583
0.9691,875211,1635.0709937055
0.9691,875211,1404.978949540811
0.9691,875211,1309.8315963264886
0.9691,875211,1392.0464348364465
0.9691,875211,1264.514704364875
0.9691,875211,1467.814363842741
0.9691,875211,1391.8651325972553
0.9691,875211,1415.0671757300588
0.9691,875211,1155.238571870808
0.9691,875211,1448.8312867609122
0.9691,875211,1480.9512950159944
0.9691,875211,1526.3906717573009
0.9691,875211,1178.566195439067
0.9691,875211,1365.2803632236096
0.9691,875211,1446.786296563822
0.9691,875211,1500.4316376018987
0.9691,875211,1479.346300691363
0.9691,875211,1308.725208956764
0.9691,875211,1506.494169848313
0.9691,875211,1664.434114126509
0.9691,875211,1338.0921473532144
0.9691,875211,1326.734186358477
0.9691,875211,1279.0299246723766
0.9691,875211,1277.2971829532555
0.9691,875211,1653.207305747601
0.9691,875211,1537.326385305954
0.9691,875211,1458.188628624497
0.9691,875211,1244.9181714993292
0.9691,875211,1660.570632545661
0.9691,875211,1374.9355071716027
0.9691,875211,1604.9743060571664
0.9691,875211,1539.19760602621
0.9691,875211,1545.7095243008978
0.9691,875211,1524.4147146837274
0.9691,875211,1405.4902486843464
0.9691,875211,1161.9535651635538
0.9691,875211,1291.4031575688784
0.9691,875211,1510.6952842843875
0.9691,875211,1409.329687338768
0.9691,875211,1204.4741512743783
0.9691,875211,1455.875451449799
0.9691,875211,1635.396450314725
0.9691,875211,1519.2593127644209
0.9691,875211,1125.186048911361
0.9691,875211,1365.1581880094934
0.9691,875211,1340.8413992364049
0.9691,875211,1661.0284800330203
0.9691,875211,1149.6244969559386
0.9691,875211,1215.2604478382004
0.9691,875211,1216.1028789598597
0.9691,875211,1321.974202868641
0.9691,875211,1616.4035703229802
0.9691,875211,1559.7392425962234
0.9691,875211,1483.0609844185328
0.9691,875211,1359.352388814364
0.9691,875211,1372.2379527396554
0.9691,875211,1194.386028273656
0.9691,875211,1553.2099886492622
0.9691,875211,1429.2051387885667
0.9691,875211,1486.5868331441543
0.9691,875211,1452.704158497575
0.9691,875211,1437.87926942524
0.9691,875211,1362.8237539985555
0.9691,875211,1276.598080693427
0.9691,875211,1465.2906820761532
0.9691,875211,1116.5324527912496
0.9691,875211,1683.8105458672997
0.9691,875211,1498.678980497369
0.9691,875211,1377.9830770818285
0.9691,875211,1207.5733154473223
0.9691,875211,1324.2827365596945
0.9691,875211,1445.0408626560727
0.9691,875211,1249.441440511815
0.9691,875211,1248.2335156330616
0.9691,875211,1267.8036322360954
0.9691,875211,1538.2022495098547
0.9691,875211,1232.5973583737489
0.9691,875211,1186.9703848931997
0.9691,875211,1604.5620678980497
0.9691,875211,1285.0598493447528
0.9691,875211,1679.4022288721496
0.9691,875211,1228.77752553916
0.9691,875211,1486.109379836962
0.9691,875211,1656.0092869672894
0.9691,875211,1302.3004849860697
0.9691,875211,1549.5680528325252
0.9691,875211,1613.7829945310082
0.9691,875211,1393.1201114436074
0.9691,875211,1447.3017232483746
0.9691,875211,1448.8602827365598
0.9691,875211,1629.7619440718192
0.9691,875211,1280.7267567846457
0.9691,875211,1596.8781343514602
0.9691,875211,1666.5717676194406
0.9691,875211,1598.749355071716
0.9691,875211,1621.3755030440616
0.9691,875211,1456.3761221752145
0.9691,875211,1335.3013104942731
0.9691,875211,1437.9226086059232
0.9691,875211,1210.6784645547414
0.9691,875211,1190.6140749148697
0.9691,875211,1262.7079764730163
0.9691,875211,1599.566608193169
0.9691,875211,1661.43906717573
0.9691,875211,1523.097719533588
0.9691,875211,1432.0680012382622
0.9691,875211,1216.0117634918995
0.9691,875211,1246.7121040140337
0.9691,875211,1686.724486637086
0.9691,875211,1426.9300381797543
0.9691,875211,1174.7528634815808
0.9691,875211,1122.676091218657
0.9691,875211,1112.4448457331546
0.9691,875211,1453.893199876174
0.9691,875211,1610.0857496646374
0.9691,875211,1447.0531420905995
0.9691,875211,1535.4576411103085
0.9691,875211,1642.9429367454338
0.9691,875211,1201.8213806624703
0.9691,875211,1443.2896501908988
0.9691,875211,1153.6380146527708
0.9691,875211,1628.5712516768135
0.9691,875211,1529.4155401919306
0.9691,875211,1623.7529666701064
0.9691,875211,1605.9473738520276
0.9691,875211,1260.499122897534
0.9691,875211,1297.4838509957692
0.9691,875211,1355.0910122794344
0.9691,875211,1313.0825508203488
0.9691,875211,1356.69342689093
0.9691,875211,1479.1986379114644
0.9691,875211,1557.306469920545
0.9691,875211,1147.4477350118668
0.9691,875211,1284.1426065421526
0.9691,875211,1653.1846042720051
0.9691,875211,1206.3700340522134
0.9691,875211,1409.5688783407286
0.9691,875211,1394.8437725724898
0.9691,875211,1215.9683211226911
0.9691,875211,1227.252295944691
0.9691,875211,1521.1261995666082
0.9691,875211,1160.6313073986173
0.9691,875211,1322.3342276338872
0.9691,875211,1608.5094417500773
0.9691,875211,1628.9435558765867
0.9691,875211,1375.3265916830048
0.9691,875211,1507.409142503354
0.9691,875211,1422.4313280363224
0.9691,875211,1250.2873800433392
0.9691,875211,1627.9020740893611
0.9691,875211,1519.8763801465277
0.9691,875211,1490.601692291817
0.9691,875211,1523.722629243628
0.9691,875211,1518.3521824373129
0.9691,875211,1445.6057166443093
0.9691,875211,1577.416159323083
0.9691,875211,1217.0735734186358
0.9691,875211,1447.4995356516356
0.9691,875211,1579.4353523888144
0.9691,875211,1607.1852234031578
0.9691,875211,1232.6682488907234
0.9691,875211,1384.7534826127337
0.9691,875211,1328.204416468889
0.9691,875211,1367.7880507687546
0.9691,875211,1282.226705190383
0.9691,875211,1442.1890413785986
0.9691,875211,1213.5751728407802
0.9691,875211,1611.5201733567228
0.9691,875211,1316.450417913528
0.9691,875211,1604.3446496749564
0.9691,875211,1523.844494892168
0.9691,875211,1410.3844804457744
0.9691,875211,1399.9987617376948
0.9691,875211,1177.547724693014
0.9691,875211,1305.6222268083789
0.9691,875211,1375.198225157363
0.9691,875211,1299.0692395005676
0.9691,875211,1526.6184088329378
0.9691,875211,1357.522649881333
0.9691,875211,1410.9271489010423
0.9691,875211,1362.4259622329998
0.9691,875211,1605.7686513259723
0.9691,875211,1419.9199257042617
0.9691,875211,1596.8048704984008
0.9691,875211,1470.8133319574863
0.9691,875211,1463.6541120627387
0.9691,875211,1511.0167165411206
0.9691,875211,1284.133216386338
0.9691,875211,1632.528944381385
0.9691,875211,1660.9471674749768
0.9691,875211,1582.5194510370447
0.9691,875211,1383.2997626663916
0.9691,875211,1298.5636157259314
0.9691,875211,1285.8755546383245
0.9691,875211,1480.3524920028894
0.9691,875211,1675.073367041585
0.9691,875211,1503.6141781033948
0.9691,875211,1410.790733670416
0.9691,875211,1451.188835001548
0.9691,875211,1451.3153441337324
0.9691,875211,1257.7240738829844
0.9691,875211,1198.9534619750284
0.9691,875211,1332.6938396450316
0.9691,875211,1294.4929315860077
0.9691,875211,1231.5394696109793
0.9691,875211,1225.6628830874008
0.9691,875211,1118.4549582086472
0.9691,875211,1223.0538644102778
0.9691,875211,1528.544629037251
0.9691,875211,1625.000412754102
0.9691,875211,1191.759983489836
0.9691,875211,1234.594778660613
0.9691,875211,1432.140130017542
0.9691,875211,1562.6680425136724
0.9691,875211,1509.0202249509855
0.9691,875211,1427.9957692704572
0.9691,875211,1508.7851614900424
0.9691,875211,1406.644205964297
0.9691,875211,1197.9028995975648
0.9691,875211,1649.1444639356105
0.9691,875211,1612.6594778660613
0.9691,875211,1596.2015271901764
0.9691,875211,1359.6625735218242
0.9691,875211,1491.5887937261375
0.9691,875211,1375.4003714786916
0.9691,875211,1435.340625322464
0.9691,875211,1154.8500670725414
0.9691,875211,1536.955835311113
0.9691,875211,1385.096584459808
0.9691,875211,1642.7094211123722
0.9691,875211,1119.5766174801363
0.9691,875211,1509.818181818182
0.9691,875211,1476.8022907852649
0.9691,875211,1427.3671447735014
0.9691,875211,1566.8071406459603
0.9691,875211,1617.8367557527604
0.9691,875211,1510.6793932514704
0.9691,875211,1468.1927561655143
0.9691,875211,1219.3497059127026
0.9691,875211,1324.7726756784646
0.9691,875211,1618.7847487359406
0.9691,875211,1646.396450314725
0.9691,875211,1360.4647611185635
0.9691,875211,1332.8239603756062
0.9691,875211,1501.909400474667
0.9691,875211,1441.5776493653905
0.9691,875211,1184.0244556805285
0.9691,875211,1222.384170880198
0.9691,875211,1649.3513569291097
0.9691,875211,1204.609225054174
0.9691,875211,1646.7237643174078
0.9691,875211,1640.3648746259416
0.9691,875211,1273.977917655557
0.9691,875211,1359.0238365493758
0.9691,875211,1647.0267258280878
0.9691,875211,1658.108347951708
0.9691,875211,1526.4311216592716
0.9691,875211,1262.0703745743474
0.9691,875211,1380.8365493757094
0.9691,875211,1239.3479517077703
0.9691,875211,1638.6505004643484
0.9691,875211,1436.1763491899703
0.9691,875211,1245.2301104117223
0.9691,875211,1136.2455886905375
0.9691,875211,1663.4102775771337
0.9691,875211,1204.9271489010423
0.9691,875211,1647.7570942111238
0.9691,875211,1455.3819007326383
0.9691,875211,1251.5034568156022
0.9691,875211,1623.4696109792592
0.9691,875211,1120.0320916314106
0.9691,875211,1639.4938602827365
0.9691,875211,1118.704158497575
0.9691,875211,1359.7459498503767
0.9691,875211,1187.6442059642968
0.9691,875211,1185.4145083066765
0.9691,875211,1661.9981426065422
0.9691,875211,1510.742235063461
0.9691,875211,1192.227427510061
0.9691,875211,1278.029099164173
0.9691,875211,1633.8854607367662
0.9691,875211,1415.6768135383345
0.9691,875211,1544.7977504901455
0.9691,875211,1514.811371375503
0.9691,875211,1362.934681663399
0.9691,875211,1297.153854091425
0.9691,875211,1513.533071922402
0.9691,875211,1339.8930966876485
0.9691,875211,1520.4329790527297
0.9691,875211,1240.7639046538025
0.9691,875211,1533.390981322877
0.9691,875211,1155.7941388917552
0.9691,875211,1524.2101950263132
0.9691,875211,1183.9501599422144
0.9691,875211,1347.5700134145084
0.9691,875211,1176.659374677536
0.9691,875211,1178.180373542462
0.9691,875211,1418.2035909606852
0.9691,875211,1373.3895366835209
0.9691,875211,1560.588587349087
0.9691,875211,1320.032401196987
0.9691,875211,1135.6987926942525
0.9691,875211,1182.7031266123208
0.9691,875211,1336.4072851098958
0.9691,875211,1134.5079971107214
0.9691,875211,1649.050149623362
0.9691,875211,1656.2081312558046
0.9691,875211,1385.5766174801363
0.9691,875211,1606.2640594365907
0.9691,875211,1217.592405324528
0.9691,875211,1469.1954390671758
0.9691,875211,1683.9951501393048
0.9691,875211,1390.5321432256733
0.9691,875211,1233.02012176246
0.9691,875211,1649.7580229078528
0.9691,875211,1522.6971416778456
0.9691,875211,1397.2840780105253
0.9691,875211,1239.6720668661644
0.9691,875211,1227.031472500258
0.9691,875211,1570.0884325662987
0.9691,875211,1476.596223299969
0.9691,875211,1411.3551749045507
0.9691,875211,1139.0174388607986
0.9691,875211,1182.8921679909197
0.9691,875211,1555.945826024146
0.9691,875211,1639.0363223609536
0.9691,875211,1658.3756062325872
0.9691,875211,1413.0559281807862
0.9691,875211,1553.2403260757403
0.9691,875211,1179.7262408420183
0.9691,875211,1472.0692395005676
0.9691,875211,1220.5594881849138
0.9691,875211,1539.6486430708906
0.9691,875211,1526.718088948509
0.9691,875211,1487.007945516459
0.9691,875211,1478.0763595088226
0.9691,875211,1180.5189350944174
0.9691,875211,1325.8656485398826
0.9691,875211,1414.5452481684038
0.9691,875211,1613.434836446187
0.9691,875211,1503.0469507790733
0.9691,875211,1382.062222680838
0.9691,875211,1515.207305747601
0.9691,875211,1621.0527293364978
0.9691,875211,1265.676194407182
0.9691,875211,1576.2173150345682
0.9691,875211,1502.2258796821793
0.9691,875211,1197.7683417603962
0.9691,875211,1188.901454958209
0.9691,875211,1386.6471984315344
0.9691,875211,1241.785780621195
0.9691,875211,1304.101021566402
0.9691,875211,1460.16210917346
0.9691,875211,1638.2377463626044
0.9691,875211,1447.0983386647406
0.9691,875211,1372.1722216489527
0.9691,875211,1590.5621710865753
0.9691,875211,1485.3428954700237
0.9691,875211,1320.7075637189146
0.9691,875211,1360.9143535238882
0.9691,875211,1514.5758951604582
0.9691,875211,1436.6557630791456
0.9691,875211,1294.1508616241874
0.9691,875211,1384.2053451656177
0.9691,875211,1140.4417500773914
0.9691,875211,1391.083995459705
0.9691,875211,1247.4888040449905
0.9691,875211,1483.9370549994842
0.9691,875211,1510.746053038902
0.9691,875211,1298.011350737798
0.9691,875211,1353.9851408523373
0.9691,875211,1637.624600144464
0.9691,875211,1510.3082241254772
0.9691,875211,1393.2238159116707
0.9691,875211,1513.0031988442886
0.9691,875211,1607.4029511918277
0.9691,875211,1367.7937261376535
0.9691,875211,1564.972242286658
0.9691,875211,1437.1729439686308
0.9691,875211,1324.7086987926943
0.9691,875211,1335.4888040449905
0.9691,875211,1318.02600350841
0.9691,875211,1320.18697760809
0.9691,875211,1491.0229078526468
0.9691,875211,1191.7783510473637
0.9691,875211,1387.820348777216
0.9691,875211,1359.3709627489425
0.9691,875211,1591.48993911877
0.9691,875211,1336.088742131875
0.9691,875211,1517.609225054174
0.9691,875211,1442.0173356722737
0.9691,875211,1244.6760912186564
0.9691,875211,1237.2657104529978
0.9691,875211,1644.6016922918172
0.9691,875211,1624.7234547518317
0.9691,875211,1528.7051903828294
0.9691,875211,1237.5669177587454
0.9691,875211,1310.590031988443
0.9691,875211,1554.6199566608195
0.9691,875211,1399.86275926117
0.9691,875211,1438.857806211949
0.9691,875211,1161.6315137756685
0.9691,875211,1113.3175110927664
0.9691,875211,1332.824166752657
0.9691,875211,1312.2916107728822
0.9691,875211,1615.0386956970383
0.9691,875211,1566.7557527602933
0.9691,875211,1360.6067485295637
0.9691,875211,1495.338871117532
0.9691,875211,1648.1478691569498
0.9691,875211,1133.558559488185
0.9691,875211,1409.5500980290992
0.9691,875211,1453.8983593024457
0.9691,875211,1434.5672273243215
0.9691,875211,1546.0218759673926
0.9691,875211,1358.3378392322777
0.9691,875211,1435.9462387782478
0.9691,875211,1282.8569807037456
0.9691,875211,1470.6771231039108
0.9691,875211,1412.768754514498
0.9691,875211,1703.9901970900837
0.9691,875211,1601.5017026106698
0.9691,875211,1655.78227221133
0.9691,875211,1482.5243008977404
0.9691,875211,1471.9726550407595
0.9691,875211,1535.7897017851617
0.9691,875211,1629.0585078939223
0.9691,875211,1448.6751625219276
0.9691,875211,1396.1325972551851
0.9691,875211,1138.7575069652255
0.9691,875211,1242.1925497884636
0.9691,875211,1367.8983593024457
0.9691,875211,1455.825301826437
0.9691,875211,1598.311422969766
0.9691,875211,1417.3581673717883
0.9691,875211,1372.1636570013416
0.9691,875211,1222.6765039727584
0.9691,875211,1313.6436900216695
0.9691,875211,1461.8923743679704
0.9691,875211,1405.9923640491177
0.9691,875211,1424.807347023011
0.9691,875211,1281.0233206067485
0.9691,875211,1483.3041997729854
0.9691,875211,1641.5119182746878
0.9691,875211,1260.598596636054
0.9691,875211,1491.1510680012382
0.9691,875211,1514.7416159323084
0.9691,875211,1645.4024352492004
0.9691,875211,1237.223093591993
0.9691,875211,1429.0948302548757
0.9691,875211,1193.5583531111342
0.9691,875211,1641.427922814983
0.9691,875211,1519.9395315240947
0.9691,875211,1209.3613662160767
0.9691,875211,1339.3744711588074
0.9691,875211,1211.549582086472
0.9691,875211,1116.7014755959135
0.9691,875211,1319.745124342173
0.9691,875211,1472.976988958828
0.9691,875211,1458.722835620679
0.9691,875211,1474.2478588380973
0.9691,875211,1415.1089670828603
0.9691,875211,1333.3733360850274
0.9691,875211,1351.8306676297595
0.9691,875211,1501.2665359612013
0.9691,875211,1650.1044267877412
0.9691,875211,1496.822722113301
0.9691,875211,1154.062429057889
0.9691,875211,1121.7970281704677
0.9691,875211,1251.374883912909
0.9691,875211,1375.3700340522134
0.9691,875211,1559.5608296357443
0.9691,875211,1354.447115880714
0.9691,875211,1383.5543287586422
0.9691,875211,1508.0001031885256
0.9691,875211,1442.5527809307607
0.9691,875211,1225.036012795377
0.9691,875211,1551.6062325869364
0.9691,875211,1640.2558043545555
0.9691,875211,1312.237127231452
0.9691,875211,1547.4197709214734
0.9691,875211,1199.547208750387
0.9691,875211,1463.431018470746
0.9691,875211,1398.2993499122897
0.9691,875211,1185.6059230213602
0.9691,875211,1310.5134661025695
0.9691,875211,1648.9620266226395
0.9691,875211,1502.702507481168
0.9691,875211,1426.875245072748
0.9691,875211,1581.002579713136
0.9691,875211,1258.9730677948612
0.9691,875211,1375.960272417707
0.9691,875211,1546.7090083582707
0.9691,875211,1340.4311216592716
0.9691,875211,1545.9501599422144
0.9691,875211,1172.5311113404189
0.9691,875211,1209.329893715819
0.9691,875211,1565.5943659065113
0.9691,875211,1245.397172634403
0.9691,875211,1154.7410999896813
0.9691,875211,1192.6347126199569
0.9691,875211,1411.2045196574145
0.9691,875211,1637.3367041584977
0.9691,875211,1127.711897636983
0.9691,875211,1192.6556598906202
0.9691,875211,1383.69229181715
0.9691,875211,1477.1811990506656
0.9691,875211,1537.5156330616037
0.9691,875211,1203.0400371478693
0.9691,875211,1337.5058301516872
0.9691,875211,1505.6386337839233
0.9691,875211,1238.752450727479
0.9691,875211,1503.833350531421
0.9691,875211,1454.107935197606
0.9691,875211,1435.4249303477454
0.9691,875211,1524.6642245382316
0.9691,875211,1609.4725002579714
0.9691,875211,1485.43906717573
0.9691,875211,1645.5207924878753
0.9691,875211,1326.7433701372408
0.9691,875211,1470.6477143741618
0.9691,875211,1208.3390774945829
0.9691,875211,1371.9003198844289
0.9691,875211,1578.5855948818491
0.9691,875211,1434.518831905892
0.9691,875211,1594.5814673408318
0.9691,875211,1450.084305025281
0.9691,875211,1319.7670003095657
0.9691,875211,1295.4620782169022
0.9691,875211,1442.9827675162524
0.9691,875211,1569.293055412238
0.9691,875211,1461.953358786503
0.9691,875211,1166.4263749871016
0.9691,875211,1332.179651222784
0.9691,875211,1372.285213084305
0.9691,875211,1196.5418429470644
0.9691,875211,1442.5901351769685
0.9691,875211,1383.2798472809825
0.9691,875211,1329.1798575998348
0.9691,875211,1225.9066143844805
0.9691,875211,1556.8819523269017
0.9691,875211,1322.4210091837788
0.9691,875211,1540.778454235889
0.9691,875211,1565.7320193994428
0.9691,875211,1488.4801362088538
0.9691,875211,1552.3949024868434
0.9691,875211,1529.1018470746053
0.9691,875211,1460.365184191518
0.9691,875211,1452.173459911258
0.9691,875211,1387.1571561242392
0.9691,875211,1310.179444845733
0.9691,875211,1547.2041069033123
0.9691,875211,1324.6091218656486
0.9691,875211,1419.0979259106389
0.9691,875211,1514.0090805902385
0.9691,875211,1377.5525745537095
0.9691,875211,1388.9015581467345
0.9691,875211,1417.7937261376535
0.9691,875211,1203.5551542668454
0.9691,875211,1419.9461355897224
0.9691,875211,1637.5238881436387
0.9691,875211,1460.11598390259
0.9691,875211,1432.5351356929111
0.9691,875211,1163.7046744402023
0.9691,875211,1332.2871736662885
0.9691,875211,1392.961201114436
0.9691,875211,1564.1695387472914
0.9691,875211,1577.5500980290992
0.9691,875211,1213.1395108863894
0.9691,875211,1460.3755030440616
0.9691,875211,1433.8617273759155
0.9691,875211,1556.5032504385513
0.9691,875211,1509.0865751728409
0.9691,875211,1410.8042513672478
0.9691,875211,1612.989062016304
0.9691,875211,1445.6854813744712
0.9691,875211,1393.3705499948403
0.9691,875211,1206.3781859457229
0.9691,875211,1599.2541533381489
0.9691,875211,1364.606129398411
0.9691,875211,1329.8462490971003
0.9691,875211,1147.7535858012589
0.9691,875211,1665.522340315757
0.9691,875211,1324.735837374884
0.9691,875211,1250.938912392942
0.9691,875211,1121.7298524404089
0.9691,875211,1417.4708492415643
0.9691,875211,1333.6811474564029
0.9691,875211,1216.689918481065
0.9691,875211,1429.5530904963368
0.9691,875211,1661.5868331441543
0.9691,875211,1469.3259725518524
0.9691,875211,1429.8612114332886
0.9691,875211,1419.00588174595
0.9691,875211,1392.890620163038
0.9691,875211,1339.632648849448
0.9691,875211,1510.4938602827367
0.9691,875211,1289.952223712723
0.9691,875211,1457.891342482716
0.9691,875211,1273.101950263131
0.9691,875211,1305.3892271179443
0.9691,875211,1469.0514910741929
0.9691,875211,1112.2957383138996
0.9691,875211,1297.6365700134147
0.9691,875211,1475.256320297183
0.9691,875211,1587.3547621504488
0.9691,875211,1449.3600247652462
0.9691,875211,1436.8481064905582
0.9691,875211,1519.203075018058
0.9691,875211,1233.794551645857
0.9691,875211,1334.2368176658756
0.9691,875211,1120.9735837374883
0.9691,875211,1423.5740377670004
0.9691,875211,1401.6126302755133
0.9691,875211,1410.1036012795378
0.9691,875211,1454.3252502321743
0.9691,875211,1422.7877412031785
0.9691,875211,1335.8199360231145
0.9691,875211,1402.6391497265506
0.9691,875211,1237.5994221442577
0.9691,875211,1144.949850376638
0.9691,875211,1375.450417913528
0.9691,875211,1423.2841811990506
0.9691,875211,1554.7880507687546
0.9691,875211,1347.209885460737
0.9691,875211,1444.261995666082
0.9691,875211,1456.7857806211948
0.9691,875211,1666.285213084305
0.9691,875211,1245.1367247962028
0.9691,875211,1635.514704364875
0.9691,875211,1257.9437622536375
0.9691,875211,1405.5870395212053
0.9691,875211,1330.693736456506
0.9691,875211,1137.292126715509
0.9691,875211,1637.5712516768135
0.9691,875211,1645.326591683005
0.9691,875211,1602.5418429470644
0.9691,875211,1564.5662986275927
0.9691,875211,1635.5712516768135
0.9691,875211,1430.9222990403466
0.9691,875211,1548.084408213807
0.9691,875211,1378.3381487978536
0.9691,875211,1451.9324115158397
0.9691,875211,1316.1727375915798
0.9691,875211,1330.9617170570634
0.9691,875211,1642.9364358683315
0.9691,875211,1533.4051181508617
0.9691,875211,1443.0372510576824
0.9691,875211,1381.846868228253
0.9691,875211,1511.908162212362
0.9691,875211,1566.237127231452
0.9691,875211,1646.068413992364
0.9691,875211,1176.3858218966052
0.9691,875211,1286.2639562480651
0.9691,875211,1507.2313486740277
0.9691,875211,1209.6760912186564
0.9691,875211,1419.7509028995976
0.9691,875211,1395.4952017335672
0.9691,875211,1585.618408832938
0.9691,875211,1586.7802084408215
0.9691,875211,1603.992364049118
0.9691,875211,1362.3638427406877
0.9691,875211,1247.109379836962
0.9691,875211,1404.2540501496233
0.9691,875211,1385.784645547415
0.9691,875211,1468.4423692085445
0.9691,875211,1252.280879166237
0.9691,875211,1358.1752141161903
0.9691,875211,1608.777215973584
0.9691,875211,1267.2100918377878
0.9691,875211,1121.642864513466
0.9691,875211,1415.2106077804149
0.9691,875211,1635.7695800227016
0.9691,875211,1265.2363017232483
0.9691,875211,1246.2433185429782
0.9691,875211,1431.3194716747498
0.9691,875211,1216.1316685584563
0.9691,875211,1449.229594469095
0.9691,875211,1640.790733670416
0.9691,875211,1613.160664534104
0.9691,875211,1646.339799814261
0.9691,875211,1462.7112785058305
0.9691,875211,1651.4943762253638
0.9691,875211,1429.058714270973
0.9691,875211,1244.181508616242
0.9691,875211,1409.7858838097204
0.9691,875211,1440.7970281704677
0.9691,875211,1415.6992054483542
0.9691,875211,1217.2990403467136
0.9691,875211,1249.858218966051
0.9691,875211,1307.5460736766072
0.9691,875211,1212.0185739345784
0.9691,875211,1395.119492312455
0.9691,875211,1549.9738933030649
0.9691,875211,1478.2831493137965
0.9691,875211,1428.3405221339387
0.9691,875211,1129.1465277061193
0.9691,875211,1579.1116499845218
0.9691,875211,1659.7286141781035
0.9691,875211,1424.5556702094727
0.9691,875211,1547.1431224847795
0.9691,875211,1238.751934784852
0.9691,875211,1372.746259415953
0.9691,875211,1180.9658445980806
0.9691,875211,1153.7905272933651
0.9691,875211,1194.817975441131
0.9691,875211,1692.4672376431745
0.9691,875211,1580.5991125786811
0.9691,875211,1611.20348777216
0.9691,875211,1471.2471365184192
0.9691,875211,1117.0850273449594
0.9691,875211,1664.030543803529
0.9691,875211,1418.4862243318544
0.9691,875211,1607.6254256526677
0.9691,875211,1329.7735011866682
0.9691,875211,1539.7150964812713
0.9691,875211,1595.127541017439
0.9691,875211,1501.885873490868
0.9691,875211,1435.037870188835
0.9691,875211,1506.3940769786402
0.9691,875211,1369.017232483748
0.9691,875211,1637.3248374780726
0.9691,875211,1516.27334640388
0.9691,875211,1296.3164792075122
0.9691,875211,1416.0533484676505
0.9691,875211,1436.3703436177898
0.9691,875211,1545.7401712929525
0.9691,875211,1606.988339696626
0.9691,875211,1466.377050871943
0.9691,875211,1648.896089154886
0.9691,875211,1184.2119492312454
0.9691,875211,1504.1997729852442
0.9691,875211,1630.322154576411
0.9691,875211,1222.3068826746469
0.9691,875211,1670.2983180270353
0.9691,875211,1384.8943349499536
0.9691,875211,1418.004437106594
0.9691,875211,1792.6199566608195
0.9691,875211,1336.970178516149
0.9691,875211,1552.2858322154575
0.9691,875211,1213.5438035290476
0.9691,875211,1646.5747600866785
0.9691,875211,1315.8681250644927
0.9691,875211,1484.0491177381075
0.9691,875211,1567.2228872149417
0.9691,875211,1547.7754617686514
0.9691,875211,1239.4802393973791
0.9691,875211,1307.1156743370136
0.9691,875211,1444.856980703746
0.9691,875211,1242.7329480961716
0.9691,875211,1356.4924156433806
0.9691,875211,1442.153131771747
0.9691,875211,1574.888040449902
0.9691,875211,1355.93014136828
0.9691,875211,1352.983902590032
0.9691,875211,1567.317614281292
0.9691,875211,1454.3412444536168
0.9691,875211,1543.4356619543908
0.9691,875211,1195.8620369414923
0.9691,875211,1454.8491383758126
0.9691,875211,1121.8654421628316
0.9691,875211,1470.5500980290992
0.9691,875211,1227.825817769064
0.9691,875211,1575.2584872562172
0.9691,875211,1407.4655866267672
0.9691,875211,1225.8661644825097
0.9691,875211,1371.089258074502
0.9691,875211,1300.9196161386851
0.9691,875211,1585.5333814879789
0.9691,875211,1241.0487049840058
0.9691,875211,1321.4541327004438
0.9691,875211,1654.9929831802704
0.9691,875211,1450.1490042307296
0.9691,875211,1270.9144567124135
0.9691,875211,1370.7946548343823
0.9691,875211,1468.4483541430193
0.9691,875211,1420.517593643587
0.9691,875211,1430.189660509751
0.9691,875211,1202.3352595191416
0.9691,875211,1383.4130636673203
0.9691,875211,1194.802806727892
0.9691,875211,1231.035909606852
0.9691,875211,1193.5824992260862
0.9691,875211,1216.260551026726
0.9691,875211,1363.8658549169334
0.9691,875211,1228.8312867609122
0.9691,875211,1671.006810442679
0.9691,875211,1345.986379114643
0.9691,875211,1432.671963677639
0.9691,875211,1412.7293364977816
0.9691,875211,1633.7707150964814
0.9691,875211,1355.457744298834
0.9691,875211,1529.6770199153857
0.9691,875211,1295.2178309771955
0.9691,875211,1650.922092663296
0.9691,875211,1344.401609740997
0.9691,875211,1476.937261376535
0.9691,875211,1474.9369518109586
0.9691,875211,1525.8891755236818
0.9691,875211,1205.6062325869364
0.9691,875211,1678.8874213187494
0.9691,875211,1510.0468475905482
0.9691,875211,1626.511918274688
0.9691,875211,1636.8736972448664
0.9691,875211,1589.3963471261998
0.9691,875211,1222.7541017438862
0.9691,875211,1435.4393767413064
0.9691,875211,1307.4545454545455
0.9691,875211,1312.8675059333402
0.9691,875211,1248.356206789805
0.9691,875211,1343.5701166030335
0.9691,875211,1421.7063254566092
0.9691,875211,1625.130843050253
0.9691,875211,1593.1674749767826
0.9691,875211,1238.8239603756062
0.9691,875211,1235.1626251160872
0.9691,875211,1494.536786709318
0.9691,875211,1730.4668248890723
0.9691,875211,1554.5924053245278
0.9691,875211,1244.377463626045
0.9691,875211,1508.752347538954
0.9691,875211,1666.4607367660717
0.9691,875211,1388.5536064389642
0.9691,875211,1422.6928077597772
0.9691,875211,1467.3528015684658
0.9691,875211,1205.0798679186876
0.9691,875211,1643.2670519038284
0.9691,875211,1561.0595397791765
0.9691,875211,1456.3307192240222
0.9691,875211,1284.391290888453
0.9691,875211,1205.3628108554328
0.9691,875211,1498.2096790836858
0.9691,875211,1471.147456402848
0.9691,875211,1583.113610566505
0.9691,875211,1173.970591270251
0.9691,875211,1650.6274894231765
0.9691,875211,1474.7953771540606
0.9691,875211,1536.4386544216284
0.9691,875211,1518.1942008048704
0.9691,875211,1237.64255494789
0.9691,875211,1483.38819523269
0.9691,875211,1664.6207821690227
0.9691,875211,1352.0870911154682
0.9691,875211,1139.9483025487566
0.9691,875211,1300.579403570323
0.9691,875211,1126.402125683624
0.9691,875211,1643.0835827056032
0.9691,875211,1126.909090909091
0.9691,875211,1619.7693736456506
0.9691,875211,1444.3218450108347
0.9691,875211,1587.2386750593334
0.9691,875211,1244.012279434527
0.9691,875211,1384.9110514910742
0.9691,875211,1127.8892787122072
0.9691,875211,1462.300691363121
0.9691,875211,1414.5880714064597
0.9691,875211,1159.147456402848
0.9691,875211,1363.1348674027447
0.9691,875211,1634.6214013001754
0.9691,875211,1405.7218037354248
0.9691,875211,1534.4723970694458
0.9691,875211,1246.4543390774948
0.9691,875211,1568.7644205964298
0.9691,875211,1228.1445671241358
0.9691,875211,1592.5492725208958
0.9691,875211,1457.5593849963884
0.9691,875211,1268.7570942111238
0.9691,875211,1312.3902590031987
0.9691,875211,1476.0297182953257
0.9691,875211,1505.9799814260657
0.9691,875211,1399.7736043751936
0.9691,875211,1462.1867712310393
0.9691,875211,1231.4710556186153
0.9691,875211,1211.0833763285525
0.9691,875211,1629.0156846558664
0.9691,875211,1428.1583943865442
0.9691,875211,1218.075946754721
0.9691,875211,1656.325869363327
0.9691,875211,1656.6358476937364
0.9691,875211,1543.1388917552367
0.9691,875211,1548.9322051387887
0.9691,875211,1258.2791249613044
0.9691,875211,1232.6744402022496
0.9691,875211,1638.0090805902385
0.9691,875211,1650.062841811991
0.9691,875211,1258.655143947993
0.9691,875211,1610.7774223506349
0.9691,875211,1411.9925704261686
0.9691,875211,1562.9327210814156
0.9691,875211,1656.8571870807966
0.9691,875211,1485.7255185223405
0.9691,875211,1297.6254256526674
0.9691,875211,1125.7013724073884
0.9691,875211,1208.167578165308
0.9691,875211,1229.2029718295328
0.9691,875211,1342.0571664430915
0.9691,875211,1604.0741925497884
0.9691,875211,1526.4082138066246
0.9691,875211,1206.1776906408008
0.9691,875211,1438.4464967495614
0.9691,875211,1246.5461768651328
0.9691,875211,1359.3765349293158
0.9691,875211,1609.8422247446083
0.9691,875211,1467.0248684346302
0.9691,875211,1645.3848931998762
0.9691,875211,1381.6141781033948
0.9691,875211,1628.7400681044269
0.9691,875211,1589.317614281292
0.9691,875211,1354.227943452688
0.9691,875211,1641.7792797440925
0.9691,875211,1655.671963677639
0.9691,875211,1362.2683933546589
0.9691,875211,1429.187699927768
0.9691,875211,1321.091734599113
0.9691,875211,1386.9239500567537
0.9691,875211,1667.2888246826951
0.9691,875211,1559.3923227737075
0.9691,875211,1656.310494273037
0.9691,875211,1648.1639665669177
0.9691,875211,1392.167784542359
0.9691,875211,1547.387266535961
0.9691,875211,1331.1008151893511
0.9691,875211,1558.654937570942
0.9691,875211,1242.7531730471574
0.9691,875211,1525.4911773810752
0.9691,875211,1210.7026106696935
0.9691,875211,1207.9744092456915
0.9691,875211,1394.3011041172222
0.9691,875211,1398.1188731813022
0.9691,875211,1645.6567949644
0.9691,875211,1252.6169641935817
0.9691,875211,1280.597977504901
0.9691,875211,1357.0983386647406
0.9691,875211,1156.0354968527502
0.9691,875211,1245.5944690950369
0.9691,875211,1623.0093901558148
0.9691,875211,1389.0748116809411
0.9691,875211,1409.361366216077
0.9691,875211,1416.4290578887628
0.9691,875211,1320.3324734289547
0.9691,875211,1516.1624187390364
0.9691,875211,1474.1036012795378
0.9691,875211,1173.667629759571
0.9691,875211,1207.694665153235
0.9691,875211,1431.0825508203488
0.9691,875211,1429.584975750697
0.9691,875211,1516.0714064596018
0.9691,875211,1577.187906304819
0.9691,875211,1181.442781962646
0.9691,875211,1385.6649468579094
0.9691,875211,1251.591992570426
0.9691,875211,1450.9585182127748
0.9691,875211,1398.390259003199
0.9691,875211,1366.9299349912292
0.9691,875211,1231.906511195955
0.9691,875211,1132.6571045299763
0.9691,875211,1394.3071922402228
0.9691,875211,1563.2744814776595
0.9691,875211,1342.372510576824
0.9691,875211,1272.396656691776
0.9691,875211,1326.986379114643
0.9691,875211,1382.1191827468788
0.9691,875211,1617.1657207718504
0.9691,875211,1562.2366112888249
0.9691,875211,1239.2481684036736
0.9691,875211,1119.676400784233
0.9691,875211,1493.4417500773914
0.9691,875211,1398.4580538644102
0.9691,875211,1507.9780208440825
0.9691,875211,1163.3861314621815
0.9691,875211,1624.9077494582605
0.9691,875211,1544.244247239707
0.9691,875211,1278.155505107832
0.9691,875211,1668.726859973171
0.9691,875211,1325.8461459085752
0.9691,875211,1303.4306057166443
0.9691,875211,1203.4605303890207
0.9691,875211,1540.755649571768
0.9691,875211,1647.6040656279022
0.9691,875211,1336.602620988546
0.9691,875211,1115.823444432979
0.9691,875211,1228.0552058611083
0.9691,875211,1503.361366216077
0.9691,875211,1238.9432463110104
0.9691,875211,1460.5398823650812
0.9691,875211,1497.7056031369314
0.9691,875211,1494.4426787741204
0.9691,875211,1540.1546795996287
0.9691,875211,1396.5926117015788
0.9691,875211,1519.1297079764731
0.9691,875211,1366.5305953977918
0.9691,875211,1460.302445568053
0.9691,875211,1653.6943555876587
0.9691,875211,1653.5220307501806
0.9691,875211,1486.655350325044
0.9691,875211,1319.405427716438
0.9691,875211,1533.2692188628623
0.9691,875211,1644.9262202043133
0.9691,875211,1513.3726137653491
0.9691,875211,1165.5238881436385
0.9691,875211,1176.7594675472087
0.9691,875211,1298.4578474873597
0.9691,875211,1631.737488391291
0.9691,875211,1239.5425652667425
0.9691,875211,1257.872665359612
0.9691,875211,1313.1892477556496
0.9691,875211,1379.96677329481
0.9691,875211,1549.2178309771955
0.9691,875211,1409.405634093489
0.9691,875211,1423.7278918584254
0.9691,875211,1462.6476111856364
0.9691,875211,1588.3061603549686
0.9691,875211,1467.9473738520278
0.9691,875211,1682.5539160045405
0.9691,875211,1508.7397585388503
0.9691,875211,1669.4412341347645
0.9691,875211,1241.394283355691
0.9691,875211,1214.264162625116
0.9691,875211,1429.617583324734
0.9691,875211,1129.270044371066
0.9691,875211,1304.312867609122
0.9691,875211,1381.9757506965225
0.9691,875211,1470.4412341347645
0.9691,875211,1423.077804148179
0.9691,875211,1526.1159839025902
0.9691,875211,1120.315756887834
0.9691,875211,1184.272624084202
0.9691,875211,1289.4022288721494
0.9691,875211,1546.0211536477143
0.9691,875211,1404.3716850686203
0.9691,875211,1282.6429677019914
0.9691,875211,1594.7005468991847
0.9691,875211,1504.4329790527293
0.9691,875211,1287.5258487256217
0.9691,875211,1145.2254669280776
0.9691,875211,1423.15736250129
0.9691,875211,1411.0745021153648
0.9691,875211,1263.288515117119
0.9691,875211,1548.519244659994
0.9691,875211,1270.65793003818
0.9691,875211,1379.4067691672687
0.9691,875211,1429.2700443710662
0.9691,875211,1537.4873594056342
0.9691,875211,1517.1744917965125
0.9691,875211,1592.8547105561863
0.9691,875211,1630.930863687958
0.9691,875211,1645.799504695078
0.9691,875211,1670.5440099060984
0.9691,875211,1318.332267051904
0.9691,875211,1657.275513362914
0.9691,875211,1454.6218140542771
0.9691,875211,1585.2472397069446
0.9691,875211,1638.9454132700444
0.9691,875211,1643.3556908471778
0.9691,875211,1432.6222268083789
0.9691,875211,1319.3746775358582
0.9691,875211,1535.901248581158
0.9691,875211,1411.6652564234855
0.9691,875211,1239.9619234341142
0.9691,875211,1539.6493653905686
0.9691,875211,1423.2302136002477
0.9691,875211,1279.8861830564442
0.9691,875211,1319.3219481993603
0.9691,875211,1584.7771127850583
0.9691,875211,1573.2552884119286
0.9691,875211,1143.4208028067278
0.9691,875211,1244.071716025178
0.9691,875211,1198.0928696728924
0.9691,875211,1575.3076049943247
0.9691,875211,1410.7071509648126
0.9691,875211,1489.2952223712723
0.9691,875211,1227.153338148798
0.9691,875211,1600.369724486637
0.9691,875211,1338.944484573315
0.9691,875211,1228.7423382519864
0.9691,875211,1365.5650603652873
0.9691,875211,1508.0319884428852
0.9691,875211,1446.0486017954804
0.9691,875211,1455.9325147043648
0.9691,875211,1437.6206789804974
0.9691,875211,1134.3025487565783
0.9691,875211,1400.1711897636983
0.9691,875211,1477.9727582292849
0.9691,875211,1491.6313073986173
0.9691,875211,1189.729233309256
0.9691,875211,1115.1173253534207
0.9691,875211,1230.6372923330923
0.9691,875211,1363.6618512021464
0.9691,875211,1642.2026622639562
0.9691,875211,1463.441853265917
0.9691,875211,1210.1243421731506
0.9691,875211,1432.0142400165105
0.9691,875211,1328.0805902383654
0.9691,875211,1480.5028376844496
0.9691,875211,1530.438035290476
0.9691,875211,1641.6788773088433
0.9691,875211,1360.8251986379114
0.9691,875211,1514.5345165617584
0.9691,875211,1179.6040656279022
0.9691,875211,1542.8989784335984
0.9691,875211,1254.3629140439584
0.9691,875211,1215.547415127438
0.9691,875211,1127.1400268290167
0.9691,875211,1658.1788257145806
0.9691,875211,1608.6175833247344
0.9691,875211,1254.9013517696833
0.9691,875211,1587.5217211846043
0.9691,875211,1194.7899081622122
0.9691,875211,1569.6810442678773
0.9691,875211,1347.7276854813747
0.9691,875211,1649.1375503044062
0.9691,875211,1140.9794654834382
0.9691,875211,1440.9311732535343
0.9691,875211,1326.573728201424
0.9691,875211,1192.8194200804871
0.9691,875211,1555.8484160561345
0.9691,875211,1476.7622536373956
0.9691,875211,1464.817253121453
0.9691,875211,1638.3982045196574
0.9691,875211,1467.7983696212982
0.9691,875211,1390.1689196161387
0.9691,875211,1513.1484882881025
0.9691,875211,1221.8426374987102
0.9691,875211,1365.3645650603653
0.9691,875211,1579.6421421937882
0.9691,875211,1216.503147250026
0.9691,875211,1480.529253946961
0.9691,875211,1286.6344030543803
0.9691,875211,1162.6312042100917
0.9691,875211,1352.8201424001652
0.9691,875211,1217.1133010009287
0.9691,875211,1474.1985347229388
0.9691,875211,1214.3308224125478
0.9691,875211,1201.2873800433392
0.9691,875211,1122.259828707048
0.9691,875211,1623.674749767826
0.9691,875211,1464.9567640078424
0.9691,875211,1513.0521102053451
0.9691,875211,1652.110721287793
0.9691,875211,1454.3916004540297
0.9691,875211,1504.2857290269324
0.9691,875211,1648.1085543287588
0.9691,875211,1435.6126302755133
0.9691,875211,1677.5421525126408
0.9691,875211,1570.3807656588588
0.9691,875211,1193.6080899803942
0.9691,875211,1449.4100712000825
0.9691,875211,1442.4283355690848
0.9691,875211,1673.3678670931797
0.9691,875211,1448.2415643380457
0.9691,875211,1297.5188319058925
0.9691,875211,1279.8822618924778
0.9691,875211,1400.280879166237
0.9691,875211,1392.383138994944
0.9691,875211,1639.2184501083482
0.9691,875211,1256.3996491590135
0.9691,875211,1645.2587968217936
0.9691,875211,1685.328449076463
0.9691,875211,1280.3673511505522
0.9691,875211,1263.473841708802
0.9691,875211,1533.4230729542874
0.9691,875211,1250.5196574140955
0.9691,875211,1132.844494892168
0.9691,875211,1563.854194613559
0.9691,875211,1194.6398720462284
0.9691,875211,1350.1750077391396
0.9691,875211,1338.7267567846457
0.9691,875211,1562.4439170364255
0.9691,875211,1333.40109379837
0.9691,875211,1297.7999174491797
0.9691,875211,1164.4856052007017
0.9691,875211,1286.0987514188423
0.9691,875211,1222.1007120008255
0.9691,875211,1597.697451243422
0.9691,875211,1282.3442369208544
0.9691,875211,1259.4130636673203
0.9691,875211,1547.163553812816
0.9691,875211,1654.0968940253845
0.9691,875211,1591.7269631616964
0.9691,875211,1307.3877824785884
0.9691,875211,1193.8310803838615
0.9691,875211,1658.629346816634
0.9691,875211,1649.4672376431745
0.9691,875211,1497.9269425239916
0.9691,875211,1496.3383551749046
0.9691,875211,1653.2582808791665
0.9691,875211,1719.6348158084822
0.9691,875211,1387.135899287999
0.9691,875211,1147.4102775771337
0.9691,875211,1111.9066143844805
0.9691,875211,1397.9598596636054
0.9691,875211,1441.967805180064
0.9691,875211,1393.1593230832732
0.9691,875211,1629.3287586420392
0.9691,875211,1551.2774739448976
0.9691,875211,1651.9131152615828
0.9691,875211,1245.2800536580332
0.9691,875211,1524.0231142296975
0.9691,875211,1224.2864513466102
0.9691,875211,1654.3790114539263
0.9691,875211,1644.1723248374783
0.9691,875211,1451.8683314415437
0.9691,875211,1612.6176865132595
0.9691,875211,1131.5509235373029
0.9691,875211,1287.8195232690127
0.9691,875211,1583.167578165308
0.9691,875211,1403.548137447116
0.9691,875211,1424.7920751212466
0.9691,875211,1407.543906717573
0.9691,875211,1431.5347229388094
0.9691,875211,1437.339696625735
0.9691,875211,1361.6588587349086
0.9691,875211,1170.8292229904034
0.9691,875211,1453.8948508925807
0.9691,875211,1567.237643174079
0.9691,875211,1490.9896811474566
0.9691,875211,1348.553812816015
0.9691,875211,1609.0779073367044
0.9691,875211,1363.851408523372
0.9691,875211,1459.684965431844
0.9691,875211,1631.049943246311
0.9691,875211,1671.5840470539677
0.9691,875211,1413.2121556082964
0.9691,875211,1330.8180786296564
0.9691,875211,1193.1702610669695
0.9691,875211,1252.2994531008153
0.9691,875211,1386.652976988959
0.9691,875211,1469.7506965225466
0.9691,875211,1598.2194819936024
0.9691,875211,1498.814879785368
0.9691,875211,1416.890723351563
0.9691,875211,1434.8958827778354
0.9691,875211,1677.052316582396
0.9691,875211,1654.1170157878444
0.9691,875211,1415.704880817253
0.9691,875211,1275.2033845836345
0.9691,875211,1206.537509028996
0.9691,875211,1616.426478175627
0.9691,875211,1474.800227014756
0.9691,875211,1513.4592921267156
0.9691,875211,1447.2575585594882
0.9691,875211,1373.7312970797648
0.9691,875211,1438.2342379527397
0.9691,875211,1221.7811371375503
0.9691,875211,1295.6876483335054
0.9691,875211,1426.3269012485812
0.9691,875211,1638.24847796925
0.9691,875211,1356.778970178516
0.9691,875211,1516.2888246826951
0.9691,875211,1257.113610566505
0.9691,875211,1625.2026622639562
0.9691,875211,1533.1375503044062
0.9691,875211,1206.6927045712516
0.9691,875211,1179.12547724693
0.9691,875211,1204.3038902074088
0.9691,875211,1575.3517696832112
0.9691,875211,1485.7950675884842
0.9691,875211,1628.344649674956
0.9691,875211,1306.3416572077183
0.9691,875211,1136.826540088742
0.9691,875211,1647.3960375606234
0.9691,875211,1293.9953565163555
0.9691,875211,1334.3622949128055
0.9691,875211,1568.1643793210196
0.9691,875211,1130.548447012692
0.9691,875211,1320.9463419667734
0.9691,875211,1319.5497884635229
0.9691,875211,1148.392219585182
0.9691,875211,1221.8859766793933
0.9691,875211,1332.7459498503767
0.9691,875211,1425.751418842225
0.9691,875211,1181.8804044990195
0.9691,875211,1531.2810855432876
0.9691,875211,1506.8559488184917
0.9691,875211,1413.077391394077
0.9691,875211,1230.3487772159735
0.9691,875211,1620.1108244763184
0.9691,875211,1333.995666081932
0.9691,875211,1278.6282117428543
0.9691,875211,1473.1454958208649
0.9691,875211,1519.4552677742238
0.9691,875211,1576.1714993292746
0.9691,875211,1451.4713651841914
0.9691,875211,1647.5165617583327
0.9691,875211,1649.220823444433
0.9691,875211,1379.6550407594675
0.9691,875211,1513.3503250438553
0.9691,875211,1517.2811887318132
0.9691,875211,1268.702507481168
0.9691,875211,1601.304406150036
0.9691,875211,1133.6176865132595
0.9691,875211,1631.2283562067898
0.9691,875211,1164.793622949128
0.9691,875211,1589.471984315344
0.9691,875211,1637.1658239603755
0.9691,875211,1476.5444226602003
0.9691,875211,1489.5692910948303
0.9691,875211,1278.2302136002477
0.9691,875211,1369.5130533484676
0.9691,875211,1526.6282117428543
0.9691,875211,1457.811474564029
0.9691,875211,1274.6805283252502
0.9691,875211,1653.839232277371
0.9691,875211,1199.537509028996
0.9691,875211,1414.6325456609225
0.9691,875211,1232.883603343308
0.9691,875211,1346.006810442679
0.9691,875211,1530.4171912083375
0.9691,875211,1332.0825508203488
0.9691,875211,1278.5141884222476
0.9691,875211,1461.4025384377258
0.9691,875211,1605.5713548653391
0.9691,875211,1465.7132390878137
0.9691,875211,1335.5044887008564
0.9691,875211,1224.85440099061
0.9691,875211,1590.1874935507171
0.9691,875211,1194.0023733360852
0.9691,875211,1657.0547931070064
0.9691,875211,1320.3910845114024
0.9691,875211,1389.662263956248
0.9691,875211,1476.5687751522032
0.9691,875211,1641.8242699411826
0.9691,875211,1571.467959962852
0.9691,875211,1465.3661128882468
0.9691,875211,1454.1479723454752
0.9691,875211,1415.0375606232587
0.9691,875211,1253.3488804044991
0.9691,875211,1436.3718914456713
0.9691,875211,1456.3239087813436
0.9691,875211,1657.9039314828192
0.9691,875211,1362.4655866267672
0.9691,875211,1658.5092353730265
0.9691,875211,1368.069549066144
0.9691,875211,1286.4583634299863
0.9691,875211,1483.0526261479724
0.9691,875211,1648.241873903622
0.9691,875211,1655.04499019709
0.9691,875211,1368.6926013827265
0.9691,875211,1186.393561036013
0.9691,875211,1456.5151171189766
0.9691,875211,1420.5977711278506
0.9691,875211,1166.193788050769
0.9691,875211,1417.9112578681252
0.9691,875211,1208.658239603756
0.9691,875211,1589.8841192859354
0.9691,875211,1660.149313796306
0.9691,875211,1525.5975647507998
0.9691,875211,1343.5160458157054
0.9691,875211,1121.3252502321743
0.9691,875211,1323.3363945929214
0.9691,875211,1645.438035290476
0.9691,875211,1539.195026313074
0.9691,875211,1478.347435765143
0.9691,875211,1640.8999071303272
0.9691,875211,1522.961407491487
0.9691,875211,1224.7750490145495
0.9691,875211,1242.251573625013
0.9691,875211,1427.0566505004645
0.9691,875211,1248.5184191517903
0.9691,875211,1381.543184397895
0.9691,875211,1630.3134867402746
0.9691,875211,1299.582911980188
0.9691,875211,1135.662986275926
0.9691,875211,1580.285419461356
0.9691,875211,1496.842121556083
0.9691,875211,1485.6596842431122
0.9691,875211,1451.416572077185
0.9691,875211,1360.4784851924464
0.9691,875211,1118.287792797441
0.9691,875211,1646.952120524198
0.9691,875211,1358.3116293468167
0.9691,875211,1241.3043029615108
0.9691,875211,1562.5273965535034
0.9691,875211,1534.7521411619027
0.9691,875211,1678.6417294396863
0.9691,875211,1233.7085956041687
0.9691,875211,1549.4739448973276
0.9691,875211,1518.6878547105562
0.9691,875211,1387.4829222990404
0.9691,875211,1440.1875967392427
0.9691,875211,1594.0084614590858
0.9691,875211,1507.9927768032196
0.9691,875211,1489.2749974202868
0.9691,875211,1226.8948508925807
0.9691,875211,1404.2677742235064
0.9691,875211,1372.7937261376535
0.9691,875211,1549.6741306366732
0.9691,875211,1666.4171912083375
0.9691,875211,1491.7594675472087
0.9691,875211,1418.4470126921883
0.9691,875211,1267.1886286244971
0.9691,875211,1467.0223919100197
0.9691,875211,1357.4453616757817
0.9691,875211,1456.06036528738
0.9691,875211,1173.66515323496
0.9691,875211,1543.5816737178827
0.9691,875211,1272.212774739449
0.9691,875211,1381.664327726757
0.9691,875211,1146.7556495717677
0.9691,875211,1323.6417294396863
0.9691,875211,1392.0680012382625
0.9691,875211,1292.4775564957176
0.9691,875211,1645.0116603033744
0.9691,875211,1212.5361675781653
0.9691,875211,1336.8943349499536
0.9691,875211,1313.7810339490247
0.9691,875211,1554.277473944897
0.9691,875211,1261.1223815911671
0.9691,875211,1621.518831905892
0.9691,875211,1337.594778660613
0.9691,875211,1299.5317304715716
0.9691,875211,1393.3647714374165
0.9691,875211,1387.2315550510784
0.9691,875211,1427.3118357238675
0.9691,875211,1366.8105458672997
0.9691,875211,1497.931792384687
0.9691,875211,1220.66628830874
0.9691,875211,1439.646785677433
0.9691,875211,1630.7849551129916
0.9691,875211,1345.5128469714168
0.9691,875211,1218.525951914147
0.9691,875211,1399.6469920544837
0.9691,875211,1405.040656279022
0.9691,875211,1278.561861520999
0.9691,875211,1240.847280982355
0.9691,875211,1392.2286657723662
0.9691,875211,1263.1660303374265
0.9691,875211,1418.4642451759366
0.9691,875211,1498.6877515220308
0.9691,875211,1378.4036735115055
0.9691,875211,1609.5908574966463
0.9691,875211,1480.7203590960687
0.9691,875211,1611.9573831389948
0.9691,875211,1399.5550510783205
0.9691,875211,1257.9634712619957
0.9691,875211,1231.1430192962544
0.9691,875211,1618.696728923744
0.9691,875211,1233.1047363533175
0.9691,875211,1441.1893509441752
0.9691,875211,1420.5694974718813
0.9691,875211,1655.9496439995874
0.9691,875211,1428.6495717676196
0.9691,875211,1600.3319574863274
0.9691,875211,1668.7549272520896
0.9691,875211,1459.0658342792285
0.9691,875211,1655.8474873594057
0.9691,875211,1296.190486017955
0.9691,875211,1349.032401196987
0.9691,875211,1303.2379527396556
0.9691,875211,1409.9826643277268
0.9691,875211,1419.3259725518524
0.9691,875211,1245.2856258384068
0.9691,875211,1422.391497265504
0.9691,875211,1404.670725415334
0.9691,875211,1641.9447941388917
0.9691,875211,1304.8514085233724
0.9691,875211,1331.458466618512
0.9691,875211,1448.2628211742856
0.9691,875211,1628.678980497369
0.9691,875211,1428.9851408523373
0.9691,875211,1606.082344443298
0.9691,875211,1417.1043235992158
0.9691,875211,1307.9070271385822
0.9691,875211,1237.487772159736
0.9691,875211,1242.7585388504797
0.9691,875211,1414.347435765143
0.9691,875211,1538.110308533691
0.9691,875211,1121.5220307501806
0.9691,875211,1250.591476627799
0.9691,875211,1536.4022288721494
0.9691,875211,1436.2277370756374
0.9691,875211,1611.376122175214
0.9691,875211,1646.5099576927048
0.9691,875211,1510.543906717573
0.9691,875211,1375.0103188525436
0.9691,875211,1584.141987411
0.9691,875211,1409.5490661438448
0.9691,875211,1197.648952636467
0.9691,875211,1608.3196780518006
0.9691,875211,1531.0014446393564
0.9691,875211,1421.1697451243422
0.9691,875211,1548.1190795583532
0.9691,875211,1240.8505830151687
0.9691,875211,1202.9908162212364
0.9691,875211,1624.9507790733671
0.9691,875211,1200.602620988546
0.9691,875211,1486.8209679083689
0.9691,875211,1643.271695387473
0.9691,875211,1539.9877205654732
0.9691,875211,1350.5953977917657
0.9691,875211,1430.8907233515636
0.9691,875211,1149.5961201114435
0.9691,875211,1361.6325456609225
0.9691,875211,1364.3288618305646
0.9691,875211,1616.8368589412858
0.9691,875211,1427.315034568156
0.9691,875211,1466.386750593334
0.9691,875211,1519.5901351769685
0.9691,875211,1628.3826230523166
0.9691,875211,1440.720255907543
0.9691,875211,1531.8664740480858
0.9691,875211,1548.2341347642143
0.9691,875211,1623.0739861727377
0.9691,875211,1406.8540914250336
0.9691,875211,1380.276648436694
0.9691,875211,1628.8843256629864
0.9691,875211,1217.0803838613149
0.9691,875211,1144.6848622433183
0.9691,875211,1514.5485502012175
0.9691,875211,1518.0282736559695
0.9691,875211,1664.500051594263
0.9691,875211,1156.6943555876587
0.9691,875211,1330.6959034155402
0.9691,875211,1233.8249922608609
0.9691,875211,1469.4076978639976
0.9691,875211,1605.015168713239
0.9691,875211,1488.9565576307914
0.9691,875211,1257.3257661748014
0.9691,875211,1137.9910225982871
0.9691,875211,1507.638840160974
0.9691,875211,1659.1087607058096
0.9691,875211,1466.3234960272418
0.9691,875211,1142.7571973996492
0.9691,875211,1472.4763182334125
0.9691,875211,1654.1198018780312
0.9691,875211,1292.7059127025077
0.9691,875211,1403.2620988546073
0.9691,875211,1283.0554122381593
0.9691,875211,1220.411103085337
0.9691,875211,1220.9258074502116
0.9691,875211,1492.198121968837
0.9691,875211,1623.2825301826438
0.9691,875211,1369.2640594365907
0.9691,875211,1462.7005468991847
0.9691,875211,1238.5750696522548
0.9691,875211,1283.788773088433
0.9691,875211,1437.735837374884
0.9691,875211,1498.4793107006503
0.9691,875211,1516.1439479929834
0.9691,875211,1501.4608399545973
0.9691,875211,1555.4093488804044
0.9691,875211,1627.865235785781
0.9691,875211,1192.5828087916625
0.9691,875211,1631.9775049014552
0.9691,875211,1407.1139201320814
0.9691,875211,1622.898462490971
0.9691,875211,1459.6941492106075
0.9691,875211,1417.095346197503
0.9691,875211,1482.896295531937
0.9691,875211,1498.1589103291717
0.9691,875211,1496.462697348055
0.9691,875211,1524.8822618924776
0.9691,875211,1266.2306263543494
0.9691,875211,1136.288205551543
0.9691,875211,1213.6022082344443
0.9691,875211,1512.781549891652
0.9691,875211,1602.4846765039729
0.9691,875211,1210.9183778763802
0.9691,875211,1422.2324837478072
0.9691,875211,1652.0022701475598
0.9691,875211,1262.6289340625324
0.9691,875211,1638.0281704674442
0.9691,875211,1428.3838613146218
0.9691,875211,1313.1061809926737
0.9691,875211,1396.3376328552267
0.9691,875211,1441.8218966050977
0.9691,875211,1232.6810442678775
0.9691,875211,1216.4069755443195
0.9691,875211,1442.9820451965743
0.9691,875211,1626.4977814467031
0.9691,875211,1450.3952120524198
0.9691,875211,1308.8347951707772
0.9691,875211,1363.160458157053
0.9691,875211,1385.1905892064804
0.9691,875211,1202.908368589413
0.9691,875211,1642.7759777112788
0.9691,875211,1410.8432566298627
0.9691,875211,1225.959550098029
0.9691,875211,1571.6589619234344
0.9691,875211,1198.807450211537
0.9691,875211,1591.1517903209165
0.9691,875211,1473.8588380972035
0.9691,875211,1308.7265504075947
0.9691,875211,1434.5405014962337
0.9691,875211,1439.801878031163
0.9691,875211,1610.667629759571
0.9691,875211,1185.340109379837
0.9691,875211,1173.5562893406254
0.9691,875211,1344.718811268187
0.9691,875211,1339.892787122072
0.9691,875211,1134.0487049840058
0.9691,875211,1176.1575688783407
0.9691,875211,1328.0006191311527
0.9691,875211,1642.720255907543
0.9691,875211,1235.5174904550613
0.9691,875211,1427.4440202249511
0.9691,875211,1561.5855948818491
0.9691,875211,1429.0497368692602
0.9691,875211,1528.8651325972553
0.9691,875211,1501.9451037044682
0.9691,875211,1553.2682901661335
0.9691,875211,1348.153441337323
0.9691,875211,1124.590960685172
0.9691,875211,1517.6651532349604
0.9691,875211,1604.916210917346
0.9691,875211,1331.590754308121
0.9691,875211,1664.6168610050563
0.9691,875211,1299.7949643999589
0.9691,875211,1339.616345062429
0.9691,875211,1640.6640181611806
0.9691,875211,1651.982664327727
0.9691,875211,1395.6201630378705
0.9691,875211,1149.4373129707976
0.9691,875211,1376.8458363429988
0.9691,875211,1355.4166752657106
0.9691,875211,1370.5428748323186
0.9691,875211,1330.2176246001443
0.9691,875211,1222.9613043029617
0.9691,875211,1581.3173047157156
0.9691,875211,1263.6917758745228
0.9691,875211,1567.4904550613974
0.9691,875211,1221.3403157568878
0.9691,875211,1590.262924362811
0.9691,875211,1531.514704364875
0.9691,875211,1408.077391394077
0.9691,875211,1457.884222474461
0.9691,875211,1303.1175317304717
0.9691,875211,1446.9281807862967
0.9691,875211,1215.1998761737696
0.9691,875211,1544.763079145599
0.9691,875211,1331.2634403054385
0.9691,875211,1583.733876792901
0.9691,875211,1545.3193684862244
0.9691,875211,1124.3269012485812
0.9691,875211,1489.1622123619852
0.9691,875211,1676.4653802497164
0.9691,875211,1573.0168197296462
0.9691,875211,1472.615829119802
0.9691,875211,1326.0186771231038
0.9691,875211,1655.7192240222887
0.9691,875211,1370.584150242493
0.9691,875211,1467.6568981529254
0.9691,875211,1493.288205551543
0.9691,875211,1633.2924362810854
0.9691,875211,1157.2896501908988
0.9691,875211,1501.508203487772
0.9691,875211,1219.044267877412
0.9691,875211,1137.2280466412135
0.9691,875211,1467.4788979465484
0.9691,875211,1426.1002992467238
0.9691,875211,1333.2498194200805
0.9691,875211,1285.117222164895
0.9691,875211,1426.926632958415
0.9691,875211,1304.971107212878
0.9691,875211,1639.9627489423176
0.9691,875211,1592.9271489010423
0.9691,875211,1656.83314415437
0.9691,875211,1560.366628830874
0.9691,875211,1194.091837787638
0.9691,875211,1393.3982045196576
0.9691,875211,1435.415849757507
0.9691,875211,1321.875451449799
0.9691,875211,1626.3310287895986
0.9691,875211,1446.981838819523
0.9691,875211,1386.2095758951605
0.9691,875211,1448.9045506139717
0.9691,875211,1374.5201733567226
0.9691,875211,1257.9683211226911
0.9691,875211,1405.3412444536168
0.9691,875211,1271.858425343102
0.9691,875211,1648.3905685687753
0.9691,875211,1214.641626251161
0.9691,875211,1277.8471777938294
0.9691,875211,1293.9112578681252
0.9691,875211,1376.7379011453927
0.9691,875211,1466.194097616345
0.9691,875211,1147.0943143122486
0.9691,875211,1259.6808378908263
0.9691,875211,1435.038798885564
0.9691,875211,1484.4867402744817
0.9691,875211,1637.0204313280365
0.9691,875211,1224.5875554638326
0.9691,875211,1132.2503353627076
0.9691,875211,1438.2657104529976
0.9691,875211,1610.0935919925705
0.9691,875211,1454.0213600247653
0.9691,875211,1170.5046950779074
0.9691,875211,1671.9134248271591
0.9691,875211,1655.467856774327
0.9691,875211,1642.6570013414507
0.9691,875211,1360.241357960995
0.9691,875211,1167.1340418945415
0.9691,875211,1463.302342379527
0.9691,875211,1210.8699824579508
0.9691,875211,1666.6779486121145
0.9691,875211,1224.9087813435146
0.9691,875211,1298.2152512640596
0.9691,875211,1297.597977504901
0.9691,875211,1568.5079971107214
0.9691,875211,1660.3809720359095
0.9691,875211,1593.3364977814467
0.9691,875211,1489.5149107419256
0.9691,875211,1618.2557011660303
0.9691,875211,1600.8724589825613
0.9691,875211,1351.422660200186
0.9691,875211,1188.73728201424
0.9691,875211,1368.464864307089
0.9691,875211,1288.721184604272
0.9691,875211,1508.0502528118873
0.9691,875211,1321.678774120318
0.9691,875211,1605.7130327107627
0.9691,875211,1604.6609225054174
0.9691,875211,1401.67217005469
0.9691,875211,1395.6910535548448
0.9691,875211,1662.687441956455
0.9691,875211,1627.499845217212
0.9691,875211,1491.9214735321432
0.9691,875211,1598.121659271489
0.9691,875211,1213.473119389124
0.9691,875211,1565.0262098854607
0.9691,875211,1294.57269631617
0.9691,875211,1662.7960994737386
0.9691,875211,1609.4838509957694
0.9691,875211,1574.8539882365085
0.9691,875211,1675.5972551852235
0.9691,875211,1624.9376741306369
0.9691,875211,1458.438551233103
0.9691,875211,1332.978949540811
0.9691,875211,1469.6594778660617
0.9691,875211,1654.9818388195235
0.9691,875211,1206.1910019605818
0.9691,875211,1352.1887318130223
0.9691,875211,1391.5999380868848
0.9691,875211,1654.3027551336293
0.9691,875211,1378.620369414921
0.9691,875211,1245.4559900939016
0.9691,875211,1642.8930966876485
0.9691,875211,1642.1517903209165
0.9691,875211,1530.5248168403675
0.9691,875211,1656.891548859767
0.9691,875211,1300.0389020740895
0.9691,875211,1240.255804354556
0.9691,875211,1632.9264265813642
0.9691,875211,1210.8464554741513
0.9691,875211,1453.6904344236923
0.9691,875211,1364.8872149416984
0.9691,875211,1344.901764523785
0.9691,875211,1445.921886286245
0.9691,875211,1589.8815395727995
0.9691,875211,1594.0019605819834
0.9691,875211,1387.4407181921372
0.9691,875211,1539.6933237024043
0.9691,875211,1403.263646682489
0.9691,875211,1146.134867402745
0.9691,875211,1504.7207718501702
0.9691,875211,1143.401403363946
0.9691,875211,1411.6826952842844
0.9691,875211,1263.0052626147972
0.9691,875211,1331.9766793932515
0.9691,875211,1216.8379940150655
0.9691,875211,1345.584562996595
0.9691,875211,1499.3229800846143
0.9691,875211,1165.2821174285418
0.9691,875211,1567.624393767413
0.9691,875211,1448.103085336911
0.9691,875211,1234.606129398411
0.9691,875211,1651.246826952843
0.9691,875211,1682.694665153235
0.9691,875211,1162.9376741306369
0.9691,875211,1407.761634506243
0.9691,875211,1382.4996388401612
0.9691,875211,1124.1464245175937
0.9691,875211,1582.5806418326283
0.9691,875211,1478.4208028067278
0.9691,875211,1675.6337839232278
0.9691,875211,1446.9052729336497
0.9691,875211,1573.215560829636
0.9691,875211,1148.81302239191
0.9691,875211,1451.3753998555362
0.9691,875211,1430.932308327314
0.9691,875211,1149.5963264884945
0.9691,875211,1291.0692395005674
0.9691,875211,1119.6771231039108
0.9691,875211,1644.7385202765452
0.9691,875211,1130.3826230523166
0.9691,875211,1302.2357857806212
0.9691,875211,1618.8974306057166
0.9691,875211,1513.984831286761
0.9691,875211,1290.5465896192345
0.9691,875211,1242.0367351150553
0.9691,875211,1391.2642658136415
0.9691,875211,1552.4202868641007
0.9691,875211,1426.1633474357652
0.9691,875211,1315.781549891652
0.9691,875211,1526.081415746569
0.9691,875211,1435.9341657207715
0.9691,875211,1654.0149623361883
0.9691,875211,1248.0963780827572
0.9691,875211,1433.2496130430295
0.9691,875211,1609.5621710865753
0.9691,875211,1325.61655143948
0.9691,875211,1420.7840264162626
0.9691,875211,1228.3324734289547
0.9691,875211,1358.001857393458
0.9691,875211,1567.204416468889
0.9691,875211,1524.571148488288
0.9691,875211,1488.3264884944797
0.9691,875211,1237.1051491074193
0.9691,875211,1375.628108554329
0.9691,875211,1315.5660922505415
0.9691,875211,1170.38344856052
0.9691,875211,1308.4987101434322
0.9691,875211,1219.2419770921474
0.9691,875211,1606.2608605923024
0.9691,875211,1127.364049117738
0.9691,875211,1329.3458879372613
0.9691,875211,1414.7048808172533
0.9691,875211,1356.7716437932104
0.9691,875211,1507.6415230626355
0.9691,875211,1422.2234031575688
0.9691,875211,1466.9721390981324
0.9691,875211,1431.9704880817255
0.9691,875211,1255.7718501702611
0.9691,875211,1447.0261066969354
0.9691,875211,1421.1894541327003
0.9691,875211,1618.1374471158808
0.9691,875211,1533.6495717676196
0.9691,875211,1609.1283665256426
0.9691,875211,1387.7355278093075
0.9691,875211,1164.186255288412
0.9691,875211,1282.238159116706
0.9691,875211,1175.405427716438
0.9691,875211,1475.49582086472
0.9691,875211,1206.4918997007533
0.9691,875211,1637.6313073986173
0.9691,875211,1251.2423898462491
0.9691,875211,1125.8439789495408
0.9691,875211,1222.4403054380352
0.9691,875211,1680.3801465277063
0.9691,875211,1194.3515633061602
0.9691,875211,1545.2772675678466
0.9691,875211,1458.1897636982767
0.9691,875211,1517.271901764524
0.9691,875211,1406.347126199567
0.9691,875211,1356.5236817665875
0.9691,875211,1384.7849551129916
0.9691,875211,1132.6651532349604
0.9691,875211,1372.8702920235269
0.9691,875211,1470.214632132907
0.9691,875211,1488.235269837994
0.9691,875211,1472.2313486740277
0.9691,875211,1580.3664224538234
0.9691,875211,1392.791662367145
0.9691,875211,1111.5169745124342
0.9691,875211,1369.5681560210503
0.9691,875211,1300.4281291920338
0.9691,875211,1419.774017129295
0.9691,875211,1644.451346610257
0.9691,875211,1581.993395934372
0.9691,875211,1400.4759054793108
0.9691,875211,1214.9751315653698
0.9691,875211,1475.1447735011866
0.9691,875211,1428.6999277680322
0.9691,875211,1548.2575585594884
0.9691,875211,1501.5397791765556
0.9691,875211,1225.4938602827365
0.9691,875211,1314.437622536374
0.9691,875211,1390.2688061087608
0.9691,875211,1273.444020224951
0.9691,875211,1116.5014962336188
0.9691,875211,1514.0200185739343
0.9691,875211,1484.077391394077
0.9691,875211,1434.384170880198
0.9691,875211,1573.0410690331234
0.9691,875211,1606.9441750077392
0.9691,875211,1428.8967082860386
0.9691,875211,1633.989577958931
0.9691,875211,1421.2487875348263
0.9691,875211,1208.079042410484
0.9691,875211,1295.2659168300484
0.9691,875211,1178.064596016923
0.9691,875211,1484.6900216695906
0.9691,875211,1625.0549994840574
0.9691,875211,1288.4574347332575
0.9691,875211,1522.919719327211
0.9691,875211,1287.578474873594
0.9691,875211,1115.0424104839542
0.9691,875211,1210.5632029718297
0.9691,875211,1600.817046744402
0.9691,875211,1278.1870807966154
0.9691,875211,1452.5310081518935
0.9691,875211,1373.087813435146
0.9691,875211,1156.7066350221855
0.9691,875211,1547.0231142296975
0.9691,875211,1291.4944794138892
0.9691,875211,1551.168919616139
0.9691,875211,1216.7856774326694
0.9691,875211,1246.1617996078835
0.9691,875211,1530.9882365081005
0.9691,875211,1467.1440511815083
0.9691,875211,1253.9144567124135
0.9691,875211,1319.3800433391807
0.9691,875211,1361.9694561964711
0.9691,875211,1166.8846352285627
0.9691,875211,1663.7494582602417
0.9691,875211,1157.7505933340217
0.9691,875211,1151.7037457434733
0.9691,875211,1156.6434836446188
0.9691,875211,1459.574450521102
0.9691,875211,1241.2048292229904
0.9691,875211,1435.017748426375
0.9691,875211,1144.3177174698174
0.9691,875211,1321.4210091837788
0.9691,875211,1278.1267155092353
0.9691,875211,1134.1133010009287
0.9691,875211,1631.4040862656072
0.9691,875211,1546.2141161902796
0.9691,875211,1337.608915488598
0.9691,875211,1312.1676813538334
0.9691,875211,1332.2732432153546
0.9691,875211,1297.6491590135176
0.9691,875211,1370.6534929315862
0.9691,875211,1557.3518728717368
0.9691,875211,1384.4223506346095
0.9691,875211,1253.311732535342
0.9691,875211,1272.8112681869777
0.9691,875211,1466.4293674543392
0.9691,875211,1152.4474254462905
0.9691,875211,1206.7884635228563
0.9691,875211,1431.6003508409865
0.9691,875211,1482.2102982148388
0.9691,875211,1422.9371581880096
0.9691,875211,1365.2346507068414
0.9691,875211,1281.7489423176144
0.9691,875211,1119.328242699412
0.9691,875211,1181.648023939738
0.9691,875211,1288.4485605200705
0.9691,875211,1225.7823753998557
0.9691,875211,1570.113197812403
0.9691,875211,1304.1788257145806
0.9691,875211,1430.7219069239502
0.9691,875211,1391.6968321122692
0.9691,875211,1326.9986585491697
0.9691,875211,1272.3505314209062
0.9691,875211,1624.6660819316892
0.9691,875211,1181.3550717160251
0.9691,875211,1274.715509235373
0.9691,875211,1457.2582808791665
0.9691,875211,1247.8655453513568
0.9691,875211,1575.2173150345684
0.9691,875211,1510.6123207099372
0.9691,875211,1163.5936435868332
0.9691,875211,1665.638840160974
0.9691,875211,1400.9086781549893
0.9691,875211,1491.328242699412
0.9691,875211,1362.6923950056755
0.9691,875211,1604.440718192137
0.9691,875211,1169.0886389433497
0.9691,875211,1656.57042616861
0.9691,875211,1422.4741512743783
0.9691,875211,1543.9218862862451
0.9691,875211,1299.2790217727788
0.9691,875211,1467.413476421422
0.9691,875211,1185.0549994840574
0.9691,875211,1120.6255288411928
0.9691,875211,1111.9664637292335
0.9691,875211,1542.2920235269837
0.9691,875211,1312.5725931276445
0.9691,875211,1422.0349809101228
0.9691,875211,1382.4602208234444
0.9691,875211,1413.2644721906925
0.9691,875211,1522.5701166030335
0.9691,875211,1239.9263233928386
0.9691,875211,1386.0707873284491
0.9691,875211,1205.2806727891857
0.9691,875211,1344.8283974822002
0.9691,875211,1499.2267051903827
0.9691,875211,1370.8668868021878
0.9691,875211,1583.516664946858
0.9691,875211,1279.4902486843464
0.9691,875211,1624.2703539366423
0.9691,875211,1290.457228356207
0.9691,875211,1657.828603859251
0.9691,875211,1205.5050046434835
0.9691,875211,1585.1689196161387
0.9691,875211,1402.8853575482408
0.9691,875211,1498.5855948818491
0.9691,875211,1214.744092456919
0.9691,875211,1405.0090805902385
0.9691,875211,1625.7364565060366
0.9691,875211,1275.9099164172944
0.9691,875211,1627.1761428129194
0.9691,875211,1652.7871220720256
0.9691,875211,1334.248271592199
0.9691,875211,1598.5733154473223
0.9691,875211,1466.8290166133525
0.9691,875211,1479.765658858735
0.9691,875211,1340.8112681869777
0.9691,875211,1623.6786709317926
0.9691,875211,1311.2608605923022
0.9691,875211,1348.2692188628623
0.9691,875211,1647.7408936126303
0.9691,875211,1343.7496646372922
0.9691,875211,1213.3755030440616
0.9691,875211,1307.4066659787434
0.9691,875211,1552.1054586729958
0.9691,875211,1446.3743679702818
0.9691,875211,1647.5037663811786
0.9691,875211,1185.309359199257
0.9691,875211,1364.059436590651
0.9691,875211,1572.2357857806214
0.9691,875211,1370.9732741719122
0.9691,875211,1188.7530698586318
0.9691,875211,1291.8482096790838
0.9691,875211,1343.8403673511507
0.9691,875211,1218.1036012795375
0.9691,875211,1644.220101124755
0.9691,875211,1521.683108038386
0.9691,875211,1462.907955835311
0.9691,875211,1553.4011969868952
0.9691,875211,1493.3866474048086
0.9691,875211,1655.004437106594
0.9691,875211,1395.246826952843
0.9691,875211,1549.4827159219894
0.9691,875211,1198.614900423073
0.9691,875211,1396.6728923743678
0.9691,875211,1329.0205345165618
0.9691,875211,1153.6856877515222
0.9691,875211,1640.3932514704366
0.9691,875211,1494.051387885667
0.9691,875211,1515.8753482612733
0.9691,875211,1412.270766690744
0.9691,875211,1455.4597048808175
0.9691,875211,1611.599525332783
0.9691,875211,1215.95975647508
0.9691,875211,1388.218656485399
0.9691,875211,1550.9328242699412
0.9691,875211,1586.4114126509132
0.9691,875211,1416.4131668558457
0.9691,875211,1600.872871736663
0.9691,875211,1357.6762975957074
0.9691,875211,1432.8987720565474
0.9691,875211,1494.8415024249305
0.9691,875211,1119.0632545660924
0.9691,875211,1600.667629759571
0.9691,875211,1171.572283562068
0.9691,875211,1623.922402228872
0.9691,875211,1324.4890104220412
0.9691,875211,1654.4153338148797
0.9691,875211,1353.418223093592
0.9691,875211,1213.8052832525025
0.9691,875211,1354.850479826643
0.9691,875211,1403.4273036838304
0.9691,875211,1598.8609018677123
0.9691,875211,1466.745537096275
0.9691,875211,1161.738210710969
0.9691,875211,1439.374677535858
0.9691,875211,1650.423588896915
0.9691,875211,1212.941285729027
0.9691,875211,1666.3257661748014
0.9691,875211,1125.2938809204418
0.9691,875211,1559.1285729026931
0.9691,875211,1635.3400061913117
0.9691,875211,1221.8030131049427
0.9691,875211,1392.6814570219792
0.9691,875211,1652.0128985656795
0.9691,875211,1228.6104633164794
0.9691,875211,1642.2887214941695
0.9691,875211,1289.3759157981633
0.9691,875211,1499.5498916520482
0.9691,875211,1652.432050356001
0.9691,875211,1665.3933546589622
0.9691,875211,1516.2824269941184
0.9691,875211,1192.6161386853782
0.9691,875211,1209.90052626148
0.9691,875211,1365.3944897327417
0.9691,875211,1536.1985347229388
0.9691,875211,1489.8696728923744
0.9691,875211,1195.2480652151482
0.9691,875211,1192.7872252605512
0.9691,875211,1347.5742441440511
0.9691,875211,1626.592198947477
0.9691,875211,1467.8851511711898
0.9691,875211,1610.287792797441
0.9691,875211,1656.3129707976475
0.9691,875211,1594.6346094314313
0.9691,875211,1400.2284593953152
0.9691,875211,1297.3972758229286
0.9691,875211,1306.0275513362917
0.9691,875211,1431.8379940150655
0.9691,875211,1225.08048704984
0.9691,875211,1329.6670106284182
0.9691,875211,1461.6685584562997
0.9691,875211,1425.9294190486016
0.9691,875211,1518.2994531008153
0.9691,875211,1636.7996078836036
0.9691,875211,1519.474254462904
0.9691,875211,1316.157981632443
0.9691,875211,1196.8214838509955
0.9691,875211,1343.5938499638842
0.9691,875211,1293.5473119389126
0.9691,875211,1286.1852234031576
0.9691,875211,1436.317614281292
0.9691,875211,1391.4228665772366
0.9691,875211,1354.728510989578
0.9691,875211,1181.919719327211
0.9691,875211,1518.5639252915078
0.9691,875211,1185.9196161386851
0.9691,875211,1213.196883706532
0.9691,875211,1318.6635022185533
0.9691,875211,1411.465277061191
0.9691,875211,1398.2468269528429
0.9691,875211,1663.8193168919618
0.9691,875211,1404.8663708595604
0.9691,875211,1335.7839232277372
0.9691,875211,1246.113610566505
0.9691,875211,1310.8144670312663
0.9691,875211,1617.8624496955938
0.9691,875211,1471.252295944691
0.9691,875211,1436.6792900629453
0.9691,875211,1505.485605200702
0.9691,875211,1415.843050252812
0.9691,875211,1401.7030234237952
0.9691,875211,1445.5789908162212
0.9691,875211,1336.3001754204931
0.9691,875211,1662.1733567227325
0.9691,875211,1548.3122484779692
0.9691,875211,1630.3541430192963
0.9691,875211,1571.6774326694872
0.9691,875211,1521.173253534207
0.9691,875211,1663.602517800021
0.9691,875211,1514.5302858322154
0.9691,875211,1363.8017748426375
0.9691,875211,1565.078113713755
0.9691,875211,1482.1688164276131
0.9691,875211,1244.3243215354453
0.9691,875211,1416.459911257868
0.9691,875211,1334.0458157052935
0.9691,875211,1608.0053658033228
0.9691,875211,1194.6140749148694
0.9691,875211,1434.5561861520998
0.9691,875211,1249.6908471777938
0.9691,875211,1484.6885770302342
0.9691,875211,1614.1828500670726
0.9691,875211,1614.70178516149
0.9691,875211,1312.073367041585
0.9691,875211,1649.2355794035705
0.9691,875211,1562.234753895367
0.9691,875211,1448.2374367970283
0.9691,875211,1423.4582602414614
0.9691,875211,1471.3189557321225
0.9691,875211,1277.405943659065
0.9691,875211,1433.1519966979672
0.9691,875211,1404.6105665050047
0.9691,875211,1500.6660819316892
0.9691,875211,1220.4896295531937
0.9691,875211,1126.6523578578062
0.9691,875211,1227.2421834691984
0.9691,875211,1468.6505004643484
0.9691,875211,1210.0734702301104
0.9691,875211,1268.4889072335156
0.9691,875211,1246.7757713342276
0.9691,875211,1347.7061190795582
0.9691,875211,1305.7227324321536
0.9691,875211,1433.6915694974718
0.9691,875211,1621.7593643586831
0.9691,875211,1647.9052729336497
0.9691,875211,1204.8470746053038
0.9691,875211,1465.721597358374
0.9691,875211,1563.5581467340833
0.9691,875211,1454.2540501496237
0.9691,875211,1510.387266535961
0.9691,875211,1379.919925704262
0.9691,875211,1339.5363739552165
0.9691,875211,1112.279744092457
0.9691,875211,1426.190073263853
0.9691,875211,1459.0076359508823
0.9691,875211,1585.74791043236
0.9691,875211,1336.3511505520587
0.9691,875211,1468.4091425033537
0.9691,875211,1486.3016200598497
0.9691,875211,1399.1908987720565
0.9691,875211,1640.0481890413787
0.9691,875211,1396.6551439479929
0.9691,875211,1498.083789082654
0.9691,875211,1515.6448250954495
0.9691,875211,1248.1790320916316
0.9691,875211,1562.154266845527
0.9691,875211,1458.810339490249
0.9691,875211,1432.0902899597563
0.9691,875211,1482.3823134867405
0.9691,875211,1515.4358683314415
0.9691,875211,1363.2382623052315
0.9691,875211,1288.674956144877
0.9691,875211,1290.958311835724
0.9691,875211,1402.730471571561
0.9691,875211,1465.8208647198433
0.9691,875211,1249.9622329996905
0.9691,875211,1553.5910638736973
0.9691,875211,1442.9030027860902
0.9691,875211,1265.7707150964814
0.9691,875211,1618.2431121659272
0.9691,875211,1405.3970694458776
0.9691,875211,1573.7222164895263
0.9691,875211,1588.3175110927664
0.9691,875211,1535.9772985244042
0.9691,875211,1263.0205345165616
0.9691,875211,1381.9019709008355
0.9691,875211,1476.9020740893611
0.9691,875211,1664.810339490249
0.9691,875211,1607.2367144773502
0.9691,875211,1574.0673821071098
0.9691,875211,1268.0981322876896
0.9691,875211,1444.6280053658031
0.9691,875211,1208.5096481271282
0.9691,875211,1645.8518212774738
0.9691,875211,1404.5297698895884
0.9691,875211,1468.5800227014756
0.9691,875211,1184.087297492519
0.9691,875211,1471.781033949025
0.9691,875211,1318.7743266948717
0.9691,875211,1298.9507790733671
0.9691,875211,1460.810649055825
0.9691,875211,1609.6544216283148
0.9691,875211,1548.0041275410176
0.9691,875211,1337.786296563822
0.9691,875211,1492.2790217727788
0.9691,875211,1633.3050252811888
0.9691,875211,1225.9406665978745
0.9691,875211,1539.092972861418
0.9691,875211,1305.428851511712
0.9691,875211,1573.57156124239
0.9691,875211,1220.9796718604894
0.9691,875211,1219.2100918377876
0.9691,875211,1376.6483335053142
0.9691,875211,1164.237643174079
0.9691,875211,1288.3109070271385
0.9691,875211,1416.8486224331857
0.9691,875211,1516.330409658446
0.9691,875211,1555.1707770095966
0.9691,875211,1421.4797234547518
0.9691,875211,1560.3206067485296
0.9691,875211,1656.620575791972
0.9691,875211,1129.306985863172
0.9691,875211,1566.8918584253431
0.9691,875211,1492.3561036012795
0.9691,875211,1533.4019193065733
0.9691,875211,1664.1481787225262
0.9691,875211,1230.93375296667
0.9691,875211,1234.0434423692086
0.9691,875211,1406.4254462903723
0.9691,875211,1608.2453823134867
0.9691,875211,1359.021772778867
0.9691,875211,1430.0642864513466
0.9691,875211,1662.2346507068414
0.9691,875211,1549.9684243112167
0.9691,875211,1489.9238468682283
0.9691,875211,1640.193168919616
0.9691,875211,1510.1596326488495
0.9691,875211,1533.5349293158602
0.9691,875211,1245.2833556908472
0.9691,875211,1587.0793519760605
0.9691,875211,1554.061706738211
0.9691,875211,1506.510989577959
0.9691,875211,1172.4625941595295
0.9691,875211,1442.26271798576
0.9691,875211,1493.9545970488084
0.9691,875211,1386.234753895367
0.9691,875211,1670.4579506758848
0.9691,875211,1295.9434526880611
0.9691,875211,1651.620782169023
0.9691,875211,1246.4406150036116
0.9691,875211,1284.9620266226395
0.9691,875211,1451.0796615416366
0.9691,875211,1610.6734083169954
0.9691,875211,1305.1241357960996
0.9691,875211,1156.0720255907545
0.9691,875211,1526.990713032711
0.9691,875211,1192.325043855123
0.9691,875211,1553.5412238159115
0.9691,875211,1659.941801671654
0.9691,875211,1457.438551233103
0.9691,875211,1622.293055412238
0.9691,875211,1297.040965844598
0.9691,875211,1243.4025384377258
0.9691,875211,1648.500773913941
0.9691,875211,1617.2827365596947
0.9691,875211,1473.6206789804976
0.9691,875211,1603.0578887627696
0.9691,875211,1685.148385099577
0.9691,875211,1439.26859973171
0.9691,875211,1223.952842843876
0.9691,875211,1589.2079248787536
0.9691,875211,1548.6201630378705
0.9691,875211,1638.748839129089
0.9691,875211,1192.222680837891
0.9691,875211,1248.6565885873492
0.9691,875211,1311.231451862553
0.9691,875211,1622.594262717986
0.9691,875211,1510.8741099989682
0.9691,875211,1547.4329790527293
0.9691,875211,1413.3608502734498
0.9691,875211,1317.8910329171397
0.9691,875211,1244.2246414198742
0.9691,875211,1557.2286657723662
0.9691,875211,1645.8559488184917
0.9691,875211,1424.49582086472
0.9691,875211,1354.7829945310082
0.9691,875211,1383.489010422041
0.9691,875211,1354.4907646269735
0.9691,875211,1618.648952636467
0.9691,875211,1645.396450314725
0.9691,875211,1640.183159632649
0.9691,875211,1418.8822618924776
0.9691,875211,1530.50531420906
0.9691,875211,1245.1559178619336
0.9691,875211,1182.5529873078112
0.9691,875211,1524.8481064905582
0.9691,875211,1478.3294809617173
0.9691,875211,1424.396656691776
0.9691,875211,1594.6672170054692
0.9691,875211,1181.489835930245
0.9691,875211,1430.1883190589208
0.9691,875211,1493.562377463626
0.9691,875211,1422.810649055825
0.9691,875211,1460.2479620266226
0.9691,875211,1440.696522546693
0.9691,875211,1656.5946754720876
0.9691,875211,1640.0857496646372
0.9691,875211,1278.5399855536066
0.9691,875211,1382.3253534206997
0.9691,875211,1354.511711897637
0.9691,875211,1414.8553296873388
0.9691,875211,1675.3480548962957
0.9691,875211,1129.4107935197603
0.9691,875211,1596.1098957795894
0.9691,875211,1418.8007429573834
0.9691,875211,1298.7231451862554
0.9691,875211,1246.5681560210503
0.9691,875211,1523.1760396243938
0.9691,875211,1481.914559900939
0.9691,875211,1358.098751418842
0.9691,875211,1315.2543597151998
0.9691,875211,1228.4671344546489
0.9691,875211,1232.015581467341
0.9691,875211,1438.262924362811
0.9691,875211,1398.248271592199
0.9691,875211,1641.1537509028997
0.9691,875211,1742.970591270251
0.9691,875211,1576.3152409452068
0.9691,875211,1584.529666701063
0.9691,875211,1404.5096481271285
0.9691,875211,1654.1127850583016
0.9691,875211,1165.8599731709835
0.9691,875211,1309.3130739861726
0.9691,875211,1428.5214116190282
0.9691,875211,1132.6074708492415
0.9691,875211,1679.5503044061502
0.9691,875211,1411.920235269838
0.9691,875211,1426.0625322464143
0.9691,875211,1200.818697760809
0.9691,875211,1278.438551233103
0.9691,875211,1387.1773810752245
0.9691,875211,1648.9224022288722
0.9691,875211,1266.317098338665
0.9691,875211,1567.2905788876278
0.9691,875211,1171.902590031989
0.9691,875211,1432.7071509648129
0.9691,875211,1407.9951501393043
0.9691,875211,1444.678774120318
0.9691,875211,1379.4388607986791
0.9691,875211,1246.8315963264886
0.9691,875211,1353.754308120937
0.9691,875211,1156.872665359612
0.9691,875211,1594.2081312558046
0.9691,875211,1545.4978846352285
0.9691,875211,1647.461046331648
0.9691,875211,1311.3011041172222
0.9691,875211,1622.4753895366837
0.9691,875211,1368.0350840986482
0.9691,875211,1388.451346610257
0.9691,875211,1452.9553193684862
0.9691,875211,1426.672685997317
0.9691,875211,1332.9979362294912
0.9691,875211,1314.0159942214427
0.9691,875211,1462.7385202765454
0.9691,875211,1545.3041997729854
0.9691,875211,1653.8095139820452
0.9691,875211,1422.8969146630895
0.9691,875211,1436.8505830151687
0.9691,875211,1381.3910845114026
0.9691,875211,1394.557630791456
0.9691,875211,1574.1252708698794
0.9691,875211,1417.2516768135383
0.9691,875211,1469.0528325250234
0.9691,875211,1353.9861727375917
0.9691,875211,1607.6305850789392
0.9691,875211,1283.744608399546
0.9691,875211,1483.8624496955938
0.9691,875211,1654.594778660613
0.9691,875211,1562.8592508513054
0.9691,875211,1416.934681663399
0.9691,875211,1654.054173975854
0.9691,875211,1435.3082241254774
0.9691,875211,1227.632855226499
0.9691,875211,1562.2549788463523
0.9691,875211,1609.7410999896813
0.9691,875211,1665.9795686719638
0.9691,875211,1420.8394386544217
0.9691,875211,1433.3480548962957
0.9691,875211,1156.0074295738316
0.9691,875211,1393.586729955629
0.9691,875211,1314.094417500774
0.9691,875211,1555.1129914353523
0.9691,875211,1422.493757094211
0.9691,875211,1653.2698379940152
0.9691,875211,1233.3040965844598
0.9691,875211,1197.397482199979
0.9691,875211,1473.5591786193377
0.9691,875211,1188.5017026106698
0.9691,875211,1507.2742751006087
0.9691,875211,1437.0601589103292
0.9691,875211,1438.851821277474
0.9691,875211,1263.5517490455063
0.9691,875211,1548.201939944278
0.9691,875211,1313.5262614797236
0.9691,875211,1400.0959653286557
0.9691,875211,1393.3025487565783
0.9691,875211,1380.0187803116294
0.9691,875211,1233.8955732122588
0.9691,875211,1407.9234341141266
0.9691,875211,1199.438551233103
0.9691,875211,1608.3724073882986
0.9691,875211,1128.7199463419668
0.9691,875211,1594.8844288515118
0.9691,875211,1358.4105871427098
0.9691,875211,1486.993086368796
0.9691,875211,1188.193375296667
0.9691,875211,1476.8031162934683
0.9691,875211,1644.2015271901766
0.9691,875211,1488.6156227427512
0.9691,875211,1659.5368898978434
0.9691,875211,1527.0538644102776
0.9691,875211,1197.2020431328035
0.9691,875211,1607.6322360953463
0.9691,875211,1638.6341966773296
0.9691,875211,1208.8232380559284
0.9691,875211,1180.871220720256
0.9691,875211,1368.7324321535446
0.9691,875211,1566.1760396243938
0.9691,875211,1633.2834588793728
0.9691,875211,1205.562274275101
0.9691,875211,1185.5037663811784
0.9691,875211,1499.8451140233208
0.9691,875211,1483.8290166133525
0.9691,875211,1621.5957073573418
0.9691,875211,1332.3804560932826
0.9691,875211,1454.8783407285111
0.9691,875211,1484.890826540089
0.9691,875211,1546.8975337942422
0.9691,875211,1638.0415849757508
0.9691,875211,1639.5135692910949
0.9691,875211,1150.7343927355278
0.9691,875211,1499.7209782272212
0.9691,875211,1653.1459085749664
0.9691,875211,1442.2022495098547
0.9691,875211,1633.1518935094418
0.9691,875211,1582.5842534310184
0.9691,875211,1236.9174491796512
0.9691,875211,1587.004540295119
0.9691,875211,1480.3972758229286
0.9691,875211,1562.7439892683935
0.9691,875211,1184.9767825817771
0.9691,875211,1312.8024971623156
0.9691,875211,1360.5730058817462
0.9691,875211,1525.9130120730576
0.9691,875211,1395.9565576307916
0.9691,875211,1381.1583943865444
0.9691,875211,1228.5431843978952
0.9691,875211,1672.910741925498
0.9691,875211,1403.988339696626
0.9691,875211,1139.1512743782891
0.9691,875211,1575.981529253947
0.9691,875211,1550.263646682489
0.9691,875211,1239.1415746568982
0.9691,875211,1308.8171499329276
0.9691,875211,1226.5690847177796
0.9691,875211,1617.2886183056444
0.9691,875211,1257.4798266432774
0.9691,875211,1324.6959034155402
0.9691,875211,1519.2292849035189
0.9691,875211,1269.3542462078217
0.9691,875211,1447.266123207099
0.9691,875211,1548.154060468476
0.9691,875211,1179.073160664534
0.9691,875211,1618.6193375296668
0.9691,875211,1499.58693633268
0.9691,875211,1326.901248581158
0.9691,875211,1244.2212361985346
0.9691,875211,1519.694665153235
0.9691,875211,1322.0092869672894
0.9691,875211,1475.7823753998557
0.9691,875211,1136.656588587349
0.9691,875211,1385.1362088535757
0.9691,875211,1251.7821690228047
0.9691,875211,1386.911980187803
0.9691,875211,1296.4533071922403
0.9691,875211,1602.5537096274893
0.9691,875211,1233.032607574038
0.9691,875211,1503.7432669487152
0.9691,875211,1585.8732844907647
0.9691,875211,1351.9627489423178
0.9691,875211,1132.2388814363844
0.9691,875211,1434.5645444226602
0.9691,875211,1141.1356929109484
0.9691,875211,1592.2614797234548
0.9691,875211,1253.1407491486946
0.9691,875211,1127.3638427406872
0.9691,875211,1200.591270250748
0.9691,875211,1328.2248477969251
0.9691,875211,1656.9867918687444
0.9691,875211,1247.2956351253742
0.9691,875211,1481.881436384274
0.9691,875211,1584.788876276958
0.9691,875211,1381.0613971726343
0.9691,875211,1430.766174801362
0.9691,875211,1412.024558869054
0.9691,875211,1154.6432772675678
0.9691,875211,1390.2946032401196
0.9691,875211,1495.574450521102
0.9691,875211,1509.1273346403882
0.9691,875211,1407.146218140543
0.9691,875211,1337.7856774326697
0.9691,875211,1415.01424001651
0.9691,875211,1478.2410483954186
0.9691,875211,1583.9847280982356
0.9691,875211,1441.083789082654
0.9691,875211,1256.4781756268703
0.9691,875211,1590.3840676916727
0.9691,875211,1159.6162418739038
0.9691,875211,1529.3444432979054
0.9691,875211,1465.2053451656177
0.9691,875211,1198.1348674027447
0.9691,875211,1191.6618512021464
0.9691,875211,1593.7485295635126
0.9691,875211,1380.1213497059127
0.9691,875211,1598.0243524920031
0.9691,875211,1475.3710659374676
0.9691,875211,1601.2768548137446
0.9691,875211,1236.2893406253224
0.9691,875211,1539.442575585595
0.9691,875211,1415.025074811681
0.9691,875211,1306.645444226602
0.9691,875211,1360.4920028892789
0.9691,875211,1363.1409555257455
0.9691,875211,1452.5925085130534
0.9691,875211,1196.4508306676296
0.9691,875211,1483.165411206274
0.9691,875211,1214.443091528222
0.9691,875211,1461.434836446187
0.9691,875211,1450.9835930244558
0.9691,875211,1204.5717676194408
0.9691,875211,1301.4942730368384
0.9691,875211,1397.390259003199
0.9691,875211,1393.266226395625
0.9691,875211,1235.1729439686308
0.9691,875211,1507.7503869569705
0.9691,875211,1438.7238675059334
0.9691,875211,1655.077907336704
0.9691,875211,1657.06036528738
0.9691,875211,1216.2202043132802
0.9691,875211,1556.1960581983285
0.9691,875211,1170.1955422557012
0.9691,875211,1133.0736766071614
0.9691,875211,1143.7653492931586
0.9691,875211,1221.500877102466
0.9691,875211,1567.427200495305
0.9691,875211,1247.9982457950675
0.9691,875211,1461.4873594056342
0.9691,875211,1216.3140026829017
0.9691,875211,1633.4736353317512
0.9691,875211,1607.52068929935
0.9691,875211,1262.1451862552883
0.9691,875211,1295.6039624393768
0.9691,875211,1164.9097100402437
0.9691,875211,1597.8124032607575
0.9691,875211,1516.4806521514809
0.9691,875211,1195.3239087813436
0.9691,875211,1439.1525126405943
0.9691,875211,1187.0223919100197
0.9691,875211,1388.6495717676194
0.9691,875211,1250.2378495511298
0.9691,875211,1605.399030027861
0.9691,875211,1201.8968114745642
0.9691,875211,1545.497471881127
0.9691,875211,1415.6581364152305
0.9691,875211,1257.1563306160351
0.9691,875211,1199.1404395831185
0.9691,875211,1297.28872149417
0.9691,875211,1406.1104117222164
0.9691,875211,1388.3328861830564
0.9691,875211,1481.9018677123106
0.9691,875211,1655.9401506552472
0.9691,875211,1410.8415024249305
0.9691,875211,1661.8002270147558
0.9691,875211,1252.2746878547107
0.9691,875211,1353.7172634403055
0.9691,875211,1374.464141987411
0.9691,875211,1428.9826643277268
0.9691,875211,1135.364668248891
0.9691,875211,1412.0792487875349
0.9691,875211,1311.3694149210608
0.9691,875211,1112.744092456919
0.9691,875211,1294.3165823960376
0.9691,875211,1411.6054070787327
0.9691,875211,1278.201424001651
0.9691,875211,1592.649159013518
0.9691,875211,1453.5706325456608
0.9691,875211,1381.633371169126
0.9691,875211,1367.1835723867507
0.9691,875211,1467.0261066969354
0.9691,875211,1299.6543184397894
0.9691,875211,1120.543700340522
0.9691,875211,1638.9353007945515
0.9691,875211,1391.934681663399
0.9691,875211,1236.276648436694
0.9691,875211,1210.709833866474
0.9691,875211,1632.0819316891962
0.9691,875211,1231.5396759880302
0.9691,875211,1435.4676503972755
0.9691,875211,1389.423898462491
0.9691,875211,1413.9925704261686
0.9691,875211,1288.4969559384997
0.9691,875211,1662.3874729130123
0.9691,875211,1490.9553193684862
0.9691,875211,1234.3565163553812
0.9691,875211,1462.4973686926014
0.9691,875211,1196.3045093385615
0.9691,875211,1596.3195748632754
0.9691,875211,1508.2225776493656
0.9691,875211,1587.9330306469922
0.9691,875211,1112.92787122072
0.9691,875211,1241.9729646063358
0.9691,875211,1561.1659271489011
0.9691,875211,1274.3809720359095
0.9691,875211,1134.93963471262
0.9691,875211,1516.3665256423487
0.9691,875211,1511.7927974409247
0.9691,875211,1641.862243318543
0.9691,875211,1252.8546073676607
0.9691,875211,1203.2441440511816
0.9691,875211,1427.523269012486
0.9691,875211,1150.322360953462
0.9691,875211,1618.777731916211
0.9691,875211,1346.9866886802188
0.9691,875211,1451.1716025178002
0.9691,875211,1335.1915179032092
0.9691,875211,1418.088329377773
0.9691,875211,1609.5265710453
0.9691,875211,1137.7918687441957
0.9691,875211,1371.4631101021569
0.9691,875211,1488.539366422454
0.9691,875211,1355.3121452894438
0.9691,875211,1402.7467753585802
0.9691,875211,1659.8992879991747
0.9691,875211,1113.595500980291
0.9691,875211,1415.8432566298627
0.9691,875211,1628.1034980910124
0.9691,875211,1658.2106077804149
0.9691,875211,1163.7847487359404
0.9691,875211,1520.7717469817358
0.9691,875211,1166.1884222474462
0.9691,875211,1431.1916210917343
0.9691,875211,1611.22247446084
0.9691,875211,1424.079971107213
0.9691,875211,1374.769889588278
0.9691,875211,1616.1205241977093
0.9691,875211,1432.7673098751418
0.9691,875211,1609.4176039624394
0.9691,875211,1624.537509028996
0.9691,875211,1367.947477040553
0.9691,875211,1515.28170467444
0.9691,875211,1188.5904447425448
0.9691,875211,1248.4883912908886
0.9691,875211,1339.9277680321948
0.9691,875211,1327.529253946961
0.9691,875211,1647.7239706944588
0.9691,875211,1199.2801568465588
0.9691,875211,1127.95500980291
0.9691,875211,1197.6050975131566
0.9691,875211,1299.5383345371995
0.9691,875211,1656.921886286245
0.9691,875211,1486.4361778970178
0.9691,875211,1150.122587968218
0.9691,875211,1223.7960994737386
0.9691,875211,1442.2430089774018
0.9691,875211,1297.8281911051492
0.9691,875211,1468.381075224435
0.9691,875211,1535.6185120214632
0.9691,875211,1273.4726034464968
0.9691,875211,1291.4370034052215
0.9691,875211,1190.00474667217
0.9691,875211,1393.985037663812
0.9691,875211,1179.3051284697144
0.9691,875211,1593.125683623981
0.9691,875211,1339.874316376019
0.9691,875211,1520.9325147043648
0.9691,875211,1435.7081828500673
0.9691,875211,1228.4040862656072
0.9691,875211,1239.090599525333
0.9691,875211,1437.8333505314208
0.9691,875211,1629.4497987823754
0.9691,875211,1655.0712000825508
0.9691,875211,1363.254462903725
0.9691,875211,1131.655350325044
0.9691,875211,1435.30296151068
0.9691,875211,1595.0280672789188
0.9691,875211,1208.798988752451
0.9691,875211,1448.2514704364876
0.9691,875211,1481.6897121040142
0.9691,875211,1211.557630791456
0.9691,875211,1248.0524197709217
0.9691,875211,1672.8003302032814
0.9691,875211,1647.4986069549066
0.9691,875211,1460.0585078939223
0.9691,875211,1619.2728304612529
0.9691,875211,1122.810339490249
0.9691,875211,1210.9555257455372
0.9691,875211,1671.1241357960996
0.9691,875211,1221.8973274171913
0.9691,875211,1444.2208234444329
0.9691,875211,1447.6261479723455
0.9691,875211,1247.5253327829944
0.9691,875211,1345.0921473532144
0.9691,875211,1231.1837787638017
0.9691,875211,1534.4230729542874
0.9691,875211,1609.1733567227325
0.9691,875211,1200.5118150861624
0.9691,875211,1679.3394902486843
0.9691,875211,1395.5114023320607
0.9691,875211,1435.179651222784
0.9691,875211,1405.4890104220412
0.9691,875211,1394.561448766897
0.9691,875211,1404.9660509751316
0.9691,875211,1429.2864513466102
0.9691,875211,1437.7311938912394
0.9691,875211,1463.5442162831494
0.9691,875211,1229.240222887215
0.9691,875211,1286.4367970281703
0.9691,875211,1188.315447322258
0.9691,875211,1360.1343514601176
0.9691,875211,1172.0460220823445
0.9691,875211,1660.7626663914973
0.9691,875211,1508.938706015891
0.9691,875211,1436.9983489835931
0.9691,875211,1473.3822102982149
0.9691,875211,1172.1154679599629
0.9691,875211,1649.6296563822102
0.9691,875211,1387.4189454132702
0.9691,875211,1495.6294500051597
0.9691,875211,1428.075018057992
0.9691,875211,1204.9932927458467
0.9691,875211,1252.3605407078735
0.9691,875211,1485.4986069549068
0.9691,875211,1397.3375296667011
0.9691,875211,1175.1906923950055
0.9691,875211,1363.577546176865
0.9691,875211,1379.975853885048
0.9691,875211,1532.6228459395315
0.9691,875211,1564.5930244556807
0.9691,875211,1329.1830564441234
0.9691,875211,1567.219172428026
0.9691,875211,1293.7206686616448
0.9691,875211,1677.9376741306369
0.9691,875211,1395.605303890207
0.9691,875211,1374.147456402848
0.9691,875211,1512.7024042926428
0.9691,875211,1553.2194819936024
0.9691,875211,1496.43906717573
0.9691,875211,1190.8021875967393
0.9691,875211,1323.5231658239604
0.9691,875211,1323.29346816634
0.9691,875211,1262.731813022392
0.9691,875211,1527.9517077700962
0.9691,875211,1433.362088535755
0.9691,875211,1188.6762975957074
0.9691,875211,1273.671550923537
0.9691,875211,1661.9119801878032
0.9691,875211,1236.3306160354969
0.9691,875211,1405.5399855536064
0.9691,875211,1432.719533587865
0.9691,875211,1176.7667939325147
0.9691,875211,1374.8374780724384
0.9691,875211,1636.7791765555671
0.9691,875211,1271.735837374884
0.9691,875211,1115.6014859147665
0.9691,875211,1551.914559900939
0.9691,875211,1352.5935403983076
0.9691,875211,1643.408007429574
0.9691,875211,1623.156433804561
0.9691,875211,1435.2093695181095
0.9691,875211,1120.8166339903005
0.9691,875211,1139.643586833144
0.9691,875211,1365.2972861417811
0.9691,875211,1345.928490351873
0.9691,875211,1552.3195748632754
0.9691,875211,1438.0752244350429
0.9691,875211,1220.0286864100713
0.9691,875211,1654.0145495820866
0.9691,875211,1166.689918481065
0.9691,875211,1671.142090599525
0.9691,875211,1657.914043958312
0.9691,875211,1340.1693323702405
0.9691,875211,1639.904550613972
0.9691,875211,1222.1786193375297
0.9691,875211,1630.5272933649778
0.9691,875211,1678.2334124445365
0.9691,875211,1319.5237849551131
0.9691,875211,1367.6573109070273
0.9691,875211,1348.4373129707978
0.9691,875211,1187.5998348983594
0.9691,875211,1364.7462594159529
0.9691,875211,1387.3910845114024
0.9691,875211,1667.2952223712723
0.9691,875211,1439.4393767413064
0.9691,875211,1391.7817562687028
0.9691,875211,1560.134867402745
0.9691,875211,1345.339180683108
0.9691,875211,1399.9089877205656
0.9691,875211,1618.7238675059334
0.9691,875211,1349.0940047466722
0.9691,875211,1397.0817253121454
0.9691,875211,1364.93014136828
0.9691,875211,1381.0817253121454
0.9691,875211,1311.858012589
0.9691,875211,1426.569187906305
0.9691,875211,1151.1032917139614
0.9691,875211,1508.9260138272623
0.9691,875211,1460.8216902280467
0.9691,875211,1664.2121556082964
0.9691,875211,1620.7013724073884
0.9691,875211,1536.2494066659788
0.9691,875211,1556.6276958002272
0.9691,875211,1320.071922402229
0.9691,875211,1352.5745537096277
0.9691,875211,1405.2144257558562
0.9691,875211,1220.0302342379528
0.9691,875211,1488.4904550613974
0.9691,875211,1428.9260138272623
0.9691,875211,1326.525951914147
0.9691,875211,1384.8854607367662
0.9691,875211,1427.977298524404
0.9691,875211,1611.8376844494892
0.9691,875211,1650.7482199979363
0.9691,875211,1334.9672892374367
0.9691,875211,1166.6236714477352
0.9691,875211,1406.0737797956867
0.9691,875211,1227.1932721081416
0.9691,875211,1559.409761634506
0.9691,875211,1603.0074295738316
0.9691,875211,1167.163966566918
0.9691,875211,1469.1244453616755
0.9691,875211,1646.4346300691363
0.9691,875211,1462.5831183572388
0.9691,875211,1542.894438138479
0.9691,875211,1316.9331338355175
0.9691,875211,1136.1625219275618
0.9691,875211,1286.2661232070996
0.9691,875211,1656.3630172324838
0.9691,875211,1446.7796924981942
0.9691,875211,1496.5577339799815
0.9691,875211,1332.4168816427614
0.9691,875211,1588.0231142296975
0.9691,875211,1562.7970281704677
0.9691,875211,1629.8256113920131
0.9691,875211,1527.2503353627076
0.9691,875211,1316.0934888040451
0.9691,875211,1519.7200495304924
0.9691,875211,1504.5714580538645
0.9691,875211,1465.2935713548654
0.9691,875211,1379.7646269734803
0.9691,875211,1316.095346197503
0.9691,875211,1554.5337942420804
0.9691,875211,1266.7405840470542
0.9691,875211,1464.656588587349
0.9691,875211,1246.9702817046746
0.9691,875211,1552.6193375296666
0.9691,875211,1556.9654318439789
0.9691,875211,1624.4102775771337
0.9691,875211,1625.1356929109484
0.9691,875211,1304.4708492415646
0.9691,875211,1625.4204932411517
0.9691,875211,1685.9494376225364
0.9691,875211,1465.6661851202143
0.9691,875211,1211.1341450830669
0.9691,875211,1663.2390878134352
0.9691,875211,1508.2072025590753
0.9691,875211,1589.5708389227118
0.9691,875211,1635.7348054896297
0.9691,875211,1489.241873903622
0.9691,875211,1261.336291404396
0.9691,875211,1646.9018677123104
0.9691,875211,1497.5892064802397
0.9691,875211,1589.29233309256
0.9691,875211,1543.7404808585286
0.9691,875211,1266.254462903725
0.9691,875211,1322.307398617274
0.9691,875211,1579.77391394077
0.9691,875211,1617.690434423692
0.9691,875211,1567.4883912908886
0.9691,875211,1532.7527602930554
0.9691,875211,1413.266123207099
0.9691,875211,1401.0564441234137
0.9691,875211,1408.864823031679
0.9691,875211,1591.7704055309052
0.9691,875211,1394.199050665566
0.9691,875211,1215.810649055825
0.9691,875211,1137.4227633887112
0.9691,875211,1289.0680012382622
0.9691,875211,1230.9622329996905
0.9691,875211,1512.6713445464864
0.9691,875211,1410.3705499948403
0.9691,875211,1281.8206583427925
0.9691,875211,1203.838097203591
0.9691,875211,1548.875451449799
0.9691,875211,1491.5054173975857
0.9691,875211,1626.55505107832
0.9691,875211,1353.9310700650087
0.9691,875211,1303.5326591683006
0.9691,875211,1635.9874109998968
0.9691,875211,1438.9636776390466
0.9691,875211,1252.1034980910124
0.9691,875211,1393.57744298834
0.9691,875211,1590.2464141987411
0.9691,875211,1270.4964399958726
0.9691,875211,1351.858734908678
0.9691,875211,1378.208750386957
0.9691,875211,1412.4252399133218
0.9691,875211,1193.3727169538747
0.9691,875211,1190.4548550201216
0.9691,875211,1132.2906820761532
0.9691,875211,1205.5808482096793
0.9691,875211,1455.106284181199
0.9691,875211,1484.57156124239
0.9691,875211,1332.7274791043235
0.9691,875211,1323.7724693014136
0.9691,875211,1307.2843875761016
0.9691,875211,1327.0400371478693
0.9691,875211,1493.0572696316171
0.9691,875211,1518.1931689196165
0.9691,875211,1525.7946548343823
0.9691,875211,1475.7009596532864
0.9691,875211,1499.1988442885151
0.9691,875211,1472.4460839954595
0.9691,875211,1632.6076772262925
0.9691,875211,1591.2382623052315
0.9691,875211,1496.1362088535757
0.9691,875211,1430.09111546796
0.9691,875211,1592.051594262718
0.9691,875211,1188.8903105974616
0.9691,875211,1575.2841811990506
0.9691,875211,1150.4324631101022
0.9691,875211,1522.8162212361983
0.9691,875211,1456.957383138995
0.9691,875211,1588.2235063460944
0.9691,875211,1386.0251780002063
0.9691,875211,1544.156433804561
0.9691,875211,1553.9384996388403
0.9691,875211,1438.645856980704
0.9691,875211,1344.1676813538336
0.9691,875211,1462.4687854710555
0.9691,875211,1244.887834072851
0.9691,875211,1541.1330100092869
0.9691,875211,1437.0810029924671
0.9691,875211,1634.3179238468683
0.9691,875211,1320.978949540811
0.9691,875211,1650.1362088535757
0.9691,875211,1565.8859766793933
0.9691,875211,1497.643793210195
0.9691,875211,1433.910741925498
0.9691,875211,1237.438138479001
0.9691,875211,1420.0320916314106
0.9691,875211,1233.7099370549995
0.9691,875211,1145.0337426478177
0.9691,875211,1312.9745124342176
0.9691,875211,1472.0941079351976
0.9691,875211,1323.5886905376124
0.9691,875211,1234.3165823960378
0.9691,875211,1534.2986275926116
0.9691,875211,1398.437622536374
0.9691,875211,1579.6963161696422
0.9691,875211,1527.0597461562274
0.9691,875211,1194.0778041481788
0.9691,875211,1673.6926013827265
0.9691,875211,1463.778454235889
0.9691,875211,1577.0011350737798
0.9691,875211,1190.4656898152923
0.9691,875211,1309.2523991332164
0.9691,875211,1359.3919100196058
0.9691,875211,1510.0988546073677
0.9691,875211,1508.2249509854505
0.9691,875211,1204.355484470127
0.9691,875211,1305.516664946858
0.9691,875211,1324.6971416778454
0.9691,875211,1289.6521514807553
0.9691,875211,1390.754514497988
0.9691,875211,1528.718811268187
0.9691,875211,1469.9561448766897
0.9691,875211,1114.0987514188423
0.9691,875211,1295.88288102363
0.9691,875211,1229.5797131358995
0.9691,875211,1301.7227324321534
0.9691,875211,1436.1409555257458
0.9691,875211,1469.9984521721185
0.9691,875211,1323.2320709937055
0.9691,875211,1365.9937054999484
0.9691,875211,1535.9544938602828
0.9691,875211,1204.441646888866
0.9691,875211,1402.0990609844189
0.9691,875211,1644.3035806418327
0.9691,875211,1218.2027654524818
0.9691,875211,1510.004230729543
0.9691,875211,1390.658239603756
0.9691,875211,1290.598287070478
0.9691,875211,1396.5932308327317
0.9691,875211,1453.5405014962337
0.9691,875211,1181.0121762460014
0.9691,875211,1174.4444329790526
0.9691,875211,1480.1318749355073
0.9691,875211,1203.48044577443
0.9691,875211,1292.3181302239193
0.9691,875211,1655.0857496646374
0.9691,875211,1342.6291404395834
0.9691,875211,1388.8731813022391
0.9691,875211,1501.9788463522857
0.9691,875211,1534.1224847796925
0.9691,875211,1237.7361469404602
0.9691,875211,1505.1059746156227
0.9691,875211,1551.2481684036734
0.9691,875211,1412.5401919306576
0.9691,875211,1486.4032607574038
0.9691,875211,1430.488700856465
0.9691,875211,1567.5586626767106
0.9691,875211,1177.1922402228872
0.9691,875211,1602.0438551233103
0.9691,875211,1602.2086471984314
0.9691,875211,1438.240016510164
0.9691,875211,1142.7428541946135
0.9691,875211,1360.8124032607575
0.9691,875211,1517.8692601382727
0.9691,875211,1486.0752244350429
0.9691,875211,1516.6718604891137
0.9691,875211,1164.689918481065
0.9691,875211,1664.1449798782376
0.9691,875211,1393.4183262821175
0.9691,875211,1304.3902590031987
0.9691,875211,1398.446599938087
0.9691,875211,1393.2034877721596
0.9691,875211,1170.9037251057682
0.9691,875211,1176.9552161799606
0.9691,875211,1177.4956144876692
0.9691,875211,1274.4809617170572
0.9691,875211,1408.5042823238057
0.9691,875211,1366.9594469095036
0.9691,875211,1390.559488184914
0.9691,875211,1598.0569600660406
0.9691,875211,1481.1795480342587
0.9691,875211,1557.451552987308
0.9691,875211,1659.291817149933
0.9691,875211,1232.2067898049736
0.9691,875211,1228.5298730781135
0.9691,875211,1249.9716231555053
0.9691,875211,1506.120421009184
0.9691,875211,1246.4722938809205
0.9691,875211,1225.7245898256117
0.9691,875211,1604.6402848003304
0.9691,875211,1397.3274171912085
0.9691,875211,1483.817665875555
0.9691,875211,1370.8296357445054
0.9691,875211,1402.616345062429
0.9691,875211,1181.4315344133734
0.9691,875211,1422.2926426581366
0.9691,875211,1345.0678980497369
0.9691,875211,1462.173047157156
0.9691,875211,1551.376534929316
0.9691,875211,1347.5453513569291
0.9691,875211,1636.5788876276958
0.9691,875211,1207.3816943555876
0.9691,875211,1652.5974615622745
0.9691,875211,1477.1554019193063
0.9691,875211,1653.6531833660097
0.9691,875211,1205.9570735734187
0.9691,875211,1636.1220720255908
0.9691,875211,1488.9013517696833
0.9691,875211,1304.79290062945
0.9691,875211,1308.1399236404911
0.9691,875211,1546.229904034671
0.9691,875211,1256.8831905892064
0.9691,875211,1141.5966360540708
0.9691,875211,1643.6138685378187
0.9691,875211,1470.2555979775047
0.9691,875211,1349.7352182437312
0.9691,875211,1428.0793519760605
0.9691,875211,1468.532762356826
0.9691,875211,1114.7474976782582
0.9691,875211,1528.2626147972346
0.9691,875211,1275.3537302651946
0.9691,875211,1664.053761221752
0.9691,875211,1189.9563512537406
0.9691,875211,1541.1459085749666
0.9691,875211,1351.7836136621609
0.9691,875211,1513.182643690022
0.9691,875211,1235.9245691879064
0.9691,875211,1290.1191827468786
0.9691,875211,1342.269837994015
0.9691,875211,1479.1208337632854
0.9691,875211,1576.683314415437
0.9691,875211,1560.3277267567846
0.9691,875211,1434.1155711484885
0.9691,875211,1455.9028995975648
0.9691,875211,1631.113610566505
0.9691,875211,1254.6142812919204
0.9691,875211,1278.2989371581882
0.9691,875211,1438.1863584769374
0.9691,875211,1587.5781653080178
0.9691,875211,1658.7312970797648
0.9691,875211,1498.7203590960687
0.9691,875211,1657.9553193684862
0.9691,875211,1383.7214941698485
0.9691,875211,1525.642348570839
0.9691,875211,1510.4652770611908
0.9691,875211,1126.9145599009391
0.9691,875211,1604.180579919513
0.9691,875211,1281.2223712723144
0.9691,875211,1624.0243524920031
0.9691,875211,1518.0668661644825
0.9691,875211,1180.6359508822618
0.9691,875211,1190.609431431225
0.9691,875211,1512.4228665772368
0.9691,875211,1419.3325766174803
0.9691,875211,1326.5635125374058
0.9691,875211,1324.722526055103
0.9691,875211,1654.011866680425
0.9691,875211,1462.3936642245385
0.9691,875211,1556.253946961098
0.9691,875211,1342.4464967495614
0.9691,875211,1400.122587968218
0.9691,875211,1425.7723661128882
0.9691,875211,1587.435042823238
0.9691,875211,1668.9596532865546
0.9691,875211,1359.8624496955938
0.9691,875211,1362.90052626148
0.9691,875211,1323.0626354349397
0.9691,875211,1360.3359818388196
0.9691,875211,1344.7472913012075
0.9691,875211,1435.9089877205654
0.9691,875211,1511.626973480549
0.9691,875211,1230.4507274791042
0.9691,875211,1324.8604891136106
0.9691,875211,1620.387266535961
0.9691,875211,1378.9459292126714
0.9691,875211,1209.2708698792694
0.9691,875211,1457.4542358889692
0.9691,875211,1213.9545970488084
0.9691,875211,1599.351253740584
0.9691,875211,1323.7940357032298
0.9691,875211,1306.859869982458
0.9691,875211,1525.3956248065217
0.9691,875211,1539.8743163760191
0.9691,875211,1486.7441956454445
0.9691,875211,1394.092766484367
0.9691,875211,1400.0088742131877
0.9691,875211,1125.0328139510889
0.9691,875211,1493.9161077288206
0.9691,875211,1377.519038282943
0.9691,875211,1281.8637911464243
0.9691,875211,1284.2057579197194
0.9691,875211,1525.1051491074193
0.9691,875211,1563.134454648643
0.9691,875211,1494.7593643586831
0.9691,875211,1273.6209885460737
0.9691,875211,1393.5660922505415
0.9691,875211,1211.1676813538336
0.9691,875211,1312.6452378495512
0.9691,875211,1476.9622329996905
0.9691,875211,1187.145289443814
0.9691,875211,1529.313796305851
0.9691,875211,1675.7126199566608
0.9691,875211,1636.2346507068414
0.9691,875211,1344.9015581467345
0.9691,875211,1331.732741719121
0.9691,875211,1446.77866061294
0.9691,875211,1632.72665359612
0.9691,875211,1589.6753688989784
0.9691,875211,1308.8270560313692
0.9691,875211,1519.2699411825406
0.9691,875211,1618.8248890723353
0.9691,875211,1185.0469507790735
0.9691,875211,1486.3210195026315
0.9691,875211,1574.7158188009494
0.9691,875211,1599.1758332473428
0.9691,875211,1500.7821690228045
0.9691,875211,1411.0818285006708
0.9691,875211,1185.8055928180786
0.9691,875211,1236.4011969868952
0.9691,875211,1354.996594778661
0.9691,875211,1173.9953565163555
0.9691,875211,1321.9281807862967
0.9691,875211,1445.992879991745
0.9691,875211,1662.4229697657622
0.9691,875211,1519.5643380456092
0.9691,875211,1666.342585904447
0.9691,875211,1376.821277473945
0.9691,875211,1643.731813022392
0.9691,875211,1308.3058507893925
0.9691,875211,1611.320916314106
0.9691,875211,1333.7039521205245
0.9691,875211,1393.4187390362192
0.9691,875211,1371.927768032195
0.9691,875211,1243.947683417604
0.9691,875211,1534.5009802909915
0.9691,875211,1194.9674956144877
0.9691,875211,1200.3897430605718
0.9691,875211,1491.4781756268703
0.9691,875211,1663.8429470642866
0.9691,875211,1502.6751625219276
0.9691,875211,1177.01062841812
0.9691,875211,1266.2324837478072
0.9691,875211,1502.1127850583016
0.9691,875211,1462.014859147663
0.9691,875211,1534.9788463522857
0.9691,875211,1361.876586523579
0.9691,875211,1489.5477246930143
0.9691,875211,1425.0686203694152
0.9691,875211,1636.957176761944
0.9691,875211,1485.0095965328658
0.9691,875211,1422.1586007635951
0.9691,875211,1605.6009699721392
0.9691,875211,1241.6713445464864
0.9691,875211,1471.645650603653
0.9691,875211,1471.6266639149726
0.9691,875211,1607.20348777216
0.9691,875211,1215.3260757403775
0.9691,875211,1415.128779279744
0.9691,875211,1380.8429470642866
0.9691,875211,1455.405634093489
0.9691,875211,1341.8884532040038
0.9691,875211,1298.0281704674442
0.9691,875211,1165.8710143432052
0.9691,875211,1644.0724383448562
0.9691,875211,1461.2313486740277
0.9691,875211,1333.683108038386
0.9691,875211,1651.7319162109177
0.9691,875211,1417.5240945206897
0.9691,875211,1205.6781549891653
0.9691,875211,1320.229800846146
0.9691,875211,1151.386028273656
0.9691,875211,1160.4684759054792
0.9691,875211,1558.8462490971003
0.9691,875211,1408.3793210195026
0.9691,875211,1625.6647404808589
0.9691,875211,1265.224125477247
0.9691,875211,1224.7165411206274
0.9691,875211,1576.638324218347
0.9691,875211,1359.6614384480445
0.9691,875211,1125.2602414611497
0.9691,875211,1376.919306573109
0.9691,875211,1390.3423795273966
0.9691,875211,1268.1043235992158
0.9691,875211,1541.2390878134352
0.9691,875211,1514.1997729852442
0.9691,875211,1589.2688061087608
0.9691,875211,1559.1268186977609
0.9691,875211,1491.6684552677743
0.9691,875211,1411.5862140130018
0.9691,875211,1651.733876792901
0.9691,875211,1252.007326385306
0.9691,875211,1635.3897430605716
0.9691,875211,1216.3949024868434
0.9691,875211,1637.549582086472
0.9691,875211,1606.8462490971006
0.9691,875211,1443.300794551646
0.9691,875211,1647.977917655557
0.9691,875211,1191.164792075121
0.9691,875211,1457.907439892684
0.9691,875211,1211.9653286554535
0.9691,875211,1311.8297389330307
0.9691,875211,1302.233825198638
0.9691,875211,1260.8527499742029
0.9691,875211,1443.9984521721185
0.9691,875211,1650.2825301826438
0.9691,875211,1433.1651016406977
0.9691,875211,1604.0848209679086
0.9691,875211,1154.663192652977
0.9691,875211,1161.1958518212775
0.9691,875211,1504.2373336085027
0.9691,875211,1320.807553400062
0.9691,875211,1607.1077288205554
0.9691,875211,1483.8460427200496
0.9691,875211,1448.210195026313
0.9691,875211,1196.150552058611
0.9691,875211,1482.6190279640905
0.9691,875211,1594.7112785058305
0.9691,875211,1567.9087813435146
0.9691,875211,1404.7745330719224
0.9691,875211,1669.1221752141162
0.9691,875211,1657.4146114952018
0.9691,875211,1373.5419461355898
0.9691,875211,1326.4896295531937
0.9691,875211,1465.97987823754
0.9691,875211,1396.5717676194408
0.9691,875211,1196.494892167991
0.9691,875211,1247.7474976782582
0.9691,875211,1682.9407697863996
0.9691,875211,1606.1527190176453
0.9691,875211,1607.086884738417
0.9691,875211,1515.6761944071818
0.9691,875211,1436.522856258384
0.9691,875211,1639.5660922505415
0.9691,875211,1428.7883603343307
0.9691,875211,1350.4395831183574
0.9691,875211,1482.037663811784
0.9691,875211,1530.148901042204
0.9691,875211,1603.0770818285007
0.9691,875211,1218.8988752450728
0.9691,875211,1413.6834176039629
0.9691,875211,1196.5743473325767
0.9691,875211,1407.0846145908577
0.9691,875211,1245.5198637911465
0.9691,875211,1642.2902693220517
0.9691,875211,1614.1078320090803
0.9691,875211,1251.344133732329
0.9691,875211,1336.829842121556
0.9691,875211,1585.8471777938294
0.9691,875211,1537.0256939428336
0.9691,875211,1567.6256320297182
0.9691,875211,1563.0313693117323
0.9691,875211,1275.4497987823754
0.9691,875211,1441.1772778866991
0.9691,875211,1464.4992260860593
0.9691,875211,1637.2614797234548
0.9691,875211,1500.4060468475907
0.9691,875211,1551.1443607470849
0.9691,875211,1314.8931998761736
0.9691,875211,1207.9662573521823
0.9691,875211,1517.3773604375192
0.9691,875211,1116.8686410071202
0.9691,875211,1605.2133938706015
0.9691,875211,1464.4375193478486
0.9691,875211,1639.0400371478693
0.9691,875211,1453.6515323496028
0.9691,875211,1188.120627386235
0.9691,875211,1428.3090496336806
0.9691,875211,1442.546486430709
0.9691,875211,1390.48044577443
0.9691,875211,1314.623981013311
0.9691,875211,1428.1634506242908
0.9691,875211,1432.910329171396
0.9691,875211,1534.6341966773296
0.9691,875211,1221.427716437932
0.9691,875211,1140.1806831080385
0.9691,875211,1322.1071096894025
0.9691,875211,1178.972551852234
0.9691,875211,1442.537302651945
0.9691,875211,1628.9984521721185
0.9691,875211,1448.8304612527088
0.9691,875211,1487.0826540088744
0.9691,875211,1118.4268909297286
0.9691,875211,1684.7617376947685
0.9691,875211,1179.2391910019603
0.9691,875211,1421.215767206687
0.9691,875211,1421.9412857290272
0.9691,875211,1619.6133525951914
0.9691,875211,1529.7745330719224
0.9691,875211,1402.4421628314933
0.9691,875211,1306.7662779898874
0.9691,875211,1381.1722216489527
0.9691,875211,1427.5234753895368
0.9691,875211,1394.1056650500466
0.9691,875211,1513.5121246517388
0.9691,875211,1285.058404705397
0.9691,875211,1425.5473119389126
0.9691,875211,1129.739861727376
0.9691,875211,1144.652564234857
0.9691,875211,1296.6113920132082
0.9691,875211,1491.1707770095966
0.9691,875211,1198.5026313073988
0.9691,875211,1214.9608915488598
0.9691,875211,1641.66742338252
0.9691,875211,1427.7054999484058
0.9691,875211,1369.770405530905
0.9691,875211,1430.1314621814054
0.9691,875211,1593.6199566608193
0.9691,875211,1477.2428026003508
0.9691,875211,1494.2736559694565
0.9691,875211,1240.6263543493965
0.9691,875211,1351.8794758022907
0.9691,875211,1529.876689712104
0.9691,875211,1219.166133525952
0.9691,875211,1391.067898049737
0.9691,875211,1541.9628521308432
0.9691,875211,1345.3314415437003
0.9691,875211,1397.0462284593957
0.9691,875211,1428.0834795170776
0.9691,875211,1634.7850583015168
0.9691,875211,1495.3321638633786
0.9691,875211,1429.8038386131464
0.9691,875211,1299.5323496027245
0.9691,875211,1184.4957176761943
0.9691,875211,1423.6316169641937
0.9691,875211,1488.8950572696317
0.9691,875211,1591.1991538540915
0.9691,875211,1189.852027654525
0.9691,875211,1327.6259415952948
0.9691,875211,1477.619647095243
0.9691,875211,1492.8218966050977
0.9691,875211,1130.832937777319
0.9691,875211,1434.9336497781446
0.9691,875211,1572.526055102673
0.9691,875211,1142.049220926633
0.9691,875211,1334.2829429367457
0.9691,875211,1437.51594262718
0.9691,875211,1403.329171396141
0.9691,875211,1627.1654112062738
0.9691,875211,1407.3373232896502
0.9691,875211,1347.9552161799609
0.9691,875211,1246.355484470127
0.9691,875211,1486.9071303271078
0.9691,875211,1570.2126715509237
0.9691,875211,1229.3466102569394
0.9691,875211,1136.1164998452173
0.9691,875211,1502.6755752760291
0.9691,875211,1409.0680012382625
0.9691,875211,1403.595500980291
0.9691,875211,1642.1204210091837
0.9691,875211,1318.7541017438862
0.9691,875211,1469.441853265917
0.9691,875211,1218.4248271592198
0.9691,875211,1459.0796615416366
0.9691,875211,1114.6048911361058
0.9691,875211,1264.3827262408422
0.9691,875211,1459.3726137653491
0.9691,875211,1525.5403983077083
0.9691,875211,1472.5526777422351
0.9691,875211,1556.6065421525127
0.9691,875211,1617.840470539676
0.9691,875211,1476.6236714477352
0.9691,875211,1265.4360747084925
0.9691,875211,1624.7356309978331
0.9691,875211,1304.0284800330203
0.9691,875211,1372.936332679806
0.9691,875211,1599.2741719120836
0.9691,875211,1207.639562480652
0.9691,875211,1594.2399133216388
0.9691,875211,1562.9625425652666
0.9691,875211,1273.1581880094934
0.9691,875211,1179.1783097719535
0.9691,875211,1640.981838819523
0.9691,875211,1419.8382003921165
0.9691,875211,1451.35383345372
0.9691,875211,1351.8800949334434
0.9691,875211,1571.01062841812
0.9691,875211,1359.2812919203386
0.9691,875211,1115.0110411722217
0.9691,875211,1398.384480445775
0.9691,875211,1128.0422041069037
0.9691,875211,1254.184604272005
0.9691,875211,1117.9913321638635
0.9691,875211,1285.5581467340833
0.9691,875211,1461.092560107316
0.9691,875211,1635.144154370034
0.9691,875211,1113.9764730162003
0.9691,875211,1189.5864203900526
0.9691,875211,1527.4046022082343
0.9691,875211,1238.270766690744
0.9691,875211,1449.7366628830875
0.9691,875211,1605.019193065731
0.9691,875211,1485.1435352388814
0.9691,875211,1193.1314621814054
0.9691,875211,1322.5783716850688
0.9691,875211,1649.1750077391396
0.9691,875211,1423.0932824269942
0.9691,875211,1591.5970488081723
0.9691,875211,1489.8005365803322
0.9691,875211,1421.7945516458572
0.9691,875211,1639.971829532556
0.9691,875211,1476.8708079661542
0.9691,875211,1332.924981942008
0.9691,875211,1198.160664534104
0.9691,875211,1395.6326488494478
0.9691,875211,1354.527086987927
0.9691,875211,1275.587658652358
0.9691,875211,1387.715715612424
0.9691,875211,1623.9909194097618
0.9691,875211,1527.0090805902385
0.9691,875211,1352.519038282943
0.9691,875211,1219.719017645238
0.9691,875211,1359.1948199360231
0.9691,875211,1657.4880817253122
0.9691,875211,1249.5776493653907
0.9691,875211,1258.6388401609745
0.9691,875211,1205.1680941079353
0.9691,875211,1667.1947167474978
0.9691,875211,1437.877412031782
0.9691,875211,1505.1002992467238
0.9691,875211,1491.7141677845425
0.9691,875211,1531.697554431947
0.9691,875211,1566.8787534826126
0.9691,875211,1566.411619027964
0.9691,875211,1529.0373542462078
0.9691,875211,1315.014652770612
0.9794,1407844,519.327955891362
0.9794,1407844,564.569328160098
0.9794,1407844,959.586583622626
0.9794,1407844,320.6291607106392
0.9794,1407844,705.868184602818
0.9794,1407844,603.8747192158464
0.9794,1407844,205.5771901163978
0.9794,1407844,69.65540126608127
0.9794,1407844,587.4700837247294
0.9794,1407844,624.0754543598122
0.9794,1407844,581.1709209720236
0.9794,1407844,353.09771288544005
0.9794,1407844,1006.3282622013476
0.9794,1407844,561.1062895650398
0.9794,1407844,972.6493771696956
0.9794,1407844,465.5605472738411
0.9794,1407844,946.5166428425566
0.9794,1407844,668.7007351439657
0.9794,1407844,244.79079027976312
0.9794,1407844,1003.4974474167856
0.9794,1407844,411.6466203798244
0.9794,1407844,582.7687359607922
0.9794,1407844,307.68848274453745
0.9794,1407844,842.690218501123
0.9794,1407844,25.842658770675925
0.9794,1407844,388.4326118031448
0.9794,1407844,649.515111292628
0.9794,1407844,421.5514600775985
0.9794,1407844,926.9099448642024
0.9794,1407844,32.74821319175005
0.9794,1407844,523.5540126608128
0.9794,1407844,654.4426179293445
0.9794,1407844,796.0149070859709
0.9794,1407844,566.9169899938738
0.9794,1407844,430.143148866653
0.9794,1407844,949.9236267102308
0.9794,1407844,804.4130079640596
0.9794,1407844,1000.7492342250356
0.9794,1407844,661.8841127220746
0.9794,1407844,784.890647335103
0.9794,1407844,85.28946293649173
0.9794,1407844,638.9296508066162
0.9794,1407844,907.9912191137432
0.9794,1407844,635.5210332856851
0.9794,1407844,697.4256687768021
0.9794,1407844,638.4925464570144
0.9794,1407844,660.4645701449867
0.9794,1407844,109.24494588523584
0.9794,1407844,970.4922401470288
0.9794,1407844,461.00020420665714
0.9794,1407844,624.4971411068001
0.9794,1407844,331.2256483561364
0.9794,1407844,464.60077598529705
0.9794,1407844,918.8529712068612
0.9794,1407844,1090.1874617112517
0.9794,1407844,659.6216050643251
0.9794,1407844,580.3625689197468
0.9794,1407844,995.3632836430468
0.9794,1407844,562.8904431284459
0.9794,1407844,898.2003267306513
0.9794,1407844,644.5897488258116
0.9794,1407844,321.2019603839085
0.9794,1407844,922.9399632428016
0.9794,1407844,316.40443128445986
0.9794,1407844,1082.7996732693484
0.9794,1407844,527.141004696753
0.9794,1407844,774.6521339595671
0.9794,1407844,940.1928731876658
0.9794,1407844,979.766898100878
0.9794,1407844,875.6444762099244
0.9794,1407844,540.8710434960179
0.9794,1407844,433.6469266898101
0.9794,1407844,508.79507861956296
0.9794,1407844,662.5353277516847
0.9794,1407844,872.4821319175005
0.9794,1407844,606.5698386767408
0.9794,1407844,741.264549724321
0.9794,1407844,1038.0362466816418
0.9794,1407844,959.1404941801102
0.9794,1407844,514.5233816622422
0.9794,1407844,967.121400857668
0.9794,1407844,305.9331223197876
0.9794,1407844,986.0890341025116
0.9794,1407844,691.8179497651623
0.9794,1407844,37.41249744741679
0.9794,1407844,935.7558709413926
0.9794,1407844,849.7613845211354
0.9794,1407844,898.7926281396774
0.9794,1407844,206.76863385746373
0.9794,1407844,656.6807228915662
0.9794,1407844,563.1731672452522
0.9794,1407844,555.5418623647131
0.9794,1407844,222.54421074127012
0.9794,1407844,839.5606493771697
0.9794,1407844,667.8535838268327
0.9794,1407844,366.18266285480905
0.9794,1407844,90.00061261997142
0.9794,1407844,511.19808045742286
0.9794,1407844,599.6704104553808
0.9794,1407844,434.14978558301
0.9794,1407844,640.0028588931999
0.9794,1407844,191.56432509699812
0.9794,1407844,898.4798856442719
0.9794,1407844,434.22003267306513
0.9794,1407844,904.1560138860526
0.9794,1407844,560.8573616499898
0.9794,1407844,189.90320604451705
0.9794,1407844,906.5639166836838
0.9794,1407844,522.2847661833775
0.9794,1407844,962.8127424954052
0.9794,1407844,231.17817030835204
0.9794,1407844,752.8593016132326
0.9794,1407844,681.6548907494384
0.9794,1407844,614.9727384112722
0.9794,1407844,27.149581376352867
0.9794,1407844,664.584949969369
0.9794,1407844,581.0018378599142
0.9794,1407844,596.2372881355932
0.9794,1407844,234.5945476822544
0.9794,1407844,670.6503982029815
0.9794,1407844,851.1527465795385
0.9794,1407844,192.97457627118644
0.9794,1407844,598.6288544006534
0.9794,1407844,580.3485807637329
0.9794,1407844,738.7901776597917
0.9794,1407844,721.7366755156219
0.9794,1407844,419.137226873596
0.9794,1407844,687.8604247498469
0.9794,1407844,504.1106800081682
0.9794,1407844,1095.402695527874
0.9794,1407844,655.1679599754953
0.9794,1407844,782.3284664080048
0.9794,1407844,607.8564427200326
0.9794,1407844,1018.2949765162344
0.9794,1407844,803.8531754135184
0.9794,1407844,428.102920155197
0.9794,1407844,693.3315295078619
0.9794,1407844,15.294465999591583
0.9794,1407844,530.6279354706963
0.9794,1407844,909.582805799469
0.9794,1407844,598.2858893199917
0.9794,1407844,47.7581172146212
0.9794,1407844,517.7588319379212
0.9794,1407844,32.02777210537063
0.9794,1407844,981.1403920767816
0.9794,1407844,395.2201347763937
0.9794,1407844,955.4943843169286
0.9794,1407844,475.7588319379211
0.9794,1407844,72.88870737186032
0.9794,1407844,520.7047171737798
0.9794,1407844,563.4122932407597
0.9794,1407844,362.5157239125996
0.9794,1407844,527.4896875638145
0.9794,1407844,265.4561976720441
0.9794,1407844,441.5853583826832
0.9794,1407844,815.9237288135593
0.9794,1407844,363.6944047375944
0.9794,1407844,584.7140085766796
0.9794,1407844,454.54257708801305
0.9794,1407844,580.8034510925055
0.9794,1407844,832.7120686134368
0.9794,1407844,582.5912803757402
0.9794,1407844,354.9697774147437
0.9794,1407844,533.1418215233816
0.9794,1407844,580.6480498264243
0.9794,1407844,1077.3423524606903
0.9794,1407844,603.4393506228303
0.9794,1407844,386.9529303655299
0.9794,1407844,620.0391055748418
0.9794,1407844,657.3125382887481
0.9794,1407844,916.7495405350214
0.9794,1407844,638.3549111701041
0.9794,1407844,54.313048805391055
0.9794,1407844,808.2612824178068
0.9794,1407844,444.553706350827
0.9794,1407844,570.8973861547886
0.9794,1407844,451.4296508066163
0.9794,1407844,73.42178885031652
0.9794,1407844,25.087196242597507
0.9794,1407844,561.2119665101081
0.9794,1407844,353.6711251786808
0.9794,1407844,318.3707371860322
0.9794,1407844,893.1903206044517
0.9794,1407844,896.1797018582805
0.9794,1407844,369.61792934449664
0.9794,1407844,799.5266489687564
0.9794,1407844,672.9241372268737
0.9794,1407844,749.0493159076987
0.9794,1407844,1086.1167041045535
0.9794,1407844,27.41688789054523
0.9794,1407844,412.82009393506223
0.9794,1407844,479.17245252195215
0.9794,1407844,224.94823361241572
0.9794,1407844,1022.3922809883602
0.9794,1407844,597.1092505615683
0.9794,1407844,584.7179906064938
0.9794,1407844,641.0234837655707
0.9794,1407844,48.317949765162346
0.9794,1407844,661.0045946497855
0.9794,1407844,986.628956503982
0.9794,1407844,206.8350010210333
0.9794,1407844,302.0348172350419
0.9794,1407844,582.0757606697979
0.9794,1407844,642.1023075352256
0.9794,1407844,1097.0427812946702
0.9794,1407844,582.6150704512967
0.9794,1407844,970.853277516847
0.9794,1407844,797.1813355115377
0.9794,1407844,891.4117827241168
0.9794,1407844,713.118541964468
0.9794,1407844,994.637022666939
0.9794,1407844,921.4182152338166
0.9794,1407844,555.318256075148
0.9794,1407844,414.5036757198285
0.9794,1407844,332.25311415152134
0.9794,1407844,135.2147232999796
0.9794,1407844,356.7060445170512
0.9794,1407844,270.0585052072697
0.9794,1407844,158.25954666122115
0.9794,1407844,16.220338983050848
0.9794,1407844,641.2130896467224
0.9794,1407844,903.2073718603226
0.9794,1407844,449.50398202981415
0.9794,1407844,368.5509495609557
0.9794,1407844,798.2308556258934
0.9794,1407844,789.4978558301
0.9794,1407844,69.67449458852357
0.9794,1407844,57.988666530528896
0.9794,1407844,810.0161323259138
0.9794,1407844,592.9297529099449
0.9794,1407844,125.74004492546456
0.9794,1407844,266.4959158668573
0.9794,1407844,421.37706759240353
0.9794,1407844,329.88462323871755
0.9794,1407844,847.9346538697162
0.9794,1407844,985.5744333265264
0.9794,1407844,366.36542781294673
0.9794,1407844,894.1313048805391
0.9794,1407844,1058.9146416173169
0.9794,1407844,498.5547273841127
0.9794,1407844,700.5066367163569
0.9794,1407844,207.09618133551157
0.9794,1407844,152.3797222789463
0.9794,1407844,14.959158668572597
0.9794,1407844,534.24749846845
0.9794,1407844,728.0646314069838
0.9794,1407844,819.0119460894425
0.9794,1407844,720.2495405350214
0.9794,1407844,228.1166020012252
0.9794,1407844,219.0207269756994
0.9794,1407844,1104.831427404533
0.9794,1407844,580.6951194608944
0.9794,1407844,583.2300387992649
0.9794,1407844,937.455482948744
0.9794,1407844,458.6958341841944
0.9794,1407844,908.366040432918
0.9794,1407844,520.3278537880335
0.9794,1407844,917.378599142332
0.9794,1407844,335.56820502348376
0.9794,1407844,555.1442720032672
0.9794,1407844,130.74923422503574
0.9794,1407844,750.9068817643455
0.9794,1407844,821.7242189095364
0.9794,1407844,630.8875842352461
0.9794,1407844,799.1957320808658
0.9794,1407844,969.2500510516644
0.9794,1407844,1053.1132325913825
0.9794,1407844,344.5924035123545
0.9794,1407844,232.74586481519296
0.9794,1407844,981.9758015111292
0.9794,1407844,564.3037574024912
0.9794,1407844,664.7758831937921
0.9794,1407844,779.3393914641616
0.9794,1407844,910.1942005309372
0.9794,1407844,449.6037369818256
0.9794,1407844,914.3177455585052
0.9794,1407844,211.27761895037776
0.9794,1407844,417.2713906473351
0.9794,1407844,640.6928731876659
0.9794,1407844,948.8046763324484
0.9794,1407844,1019.4559934653868
0.9794,1407844,969.940371656116
0.9794,1407844,615.0996528486828
0.9794,1407844,763.3118235654481
0.9794,1407844,250.16969573208084
0.9794,1407844,677.4508882989585
0.9794,1407844,613.0405350214417
0.9794,1407844,313.3482744537472
0.9794,1407844,728.9046354911169
0.9794,1407844,46.18480702470901
0.9794,1407844,117.82734327139065
0.9794,1407844,243.080457422912
0.9794,1407844,214.3191750051052
0.9794,1407844,887.8635899530325
0.9794,1407844,301.2177863998366
0.9794,1407844,594.5160302225852
0.9794,1407844,28.488870737186037
0.9794,1407844,394.6446804165816
0.9794,1407844,932.6434551766388
0.9794,1407844,119.18705329793752
0.9794,1407844,72.494792730243
0.9794,1407844,45.75730038799265
0.9794,1407844,10.22003267306514
0.9794,1407844,1019.8303042679192
0.9794,1407844,26.94905043904431
0.9794,1407844,272.17806820502346
0.9794,1407844,469.7271799060649
0.9794,1407844,1022.330100061262
0.9794,1407844,21.79885644272003
0.9794,1407844,476.088727792526
0.9794,1407844,659.04635491117
0.9794,1407844,25.085460486011844
0.9794,1407844,550.5270573820707
0.9794,1407844,365.25393097814987
0.9794,1407844,182.55993465386973
0.9794,1407844,995.1773534817236
0.9794,1407844,558.004492546457
0.9794,1407844,591.943434755973
0.9794,1407844,241.38891157851745
0.9794,1407844,395.3954461915458
0.9794,1407844,192.82019603839083
0.9794,1407844,1023.703696140494
0.9794,1407844,864.633449050439
0.9794,1407844,251.53348989177047
0.9794,1407844,889.9116806207883
0.9794,1407844,225.0830100061262
0.9794,1407844,1015.1314069838676
0.9794,1407844,793.011843986114
0.9794,1407844,611.8669593628753
0.9794,1407844,647.1470287931386
0.9794,1407844,573.8189707984479
0.9794,1407844,1076.096589748826
0.9794,1407844,929.5300183785992
0.9794,1407844,144.85950581988973
0.9794,1407844,757.0173575658566
0.9794,1407844,360.3653257096181
0.9794,1407844,552.9915254237288
0.9794,1407844,1029.4313865632018
0.9794,1407844,746.8290790279763
0.9794,1407844,986.7612824178068
0.9794,1407844,615.2502552583214
0.9794,1407844,783.1886869511945
0.9794,1407844,404.8758423524607
0.9794,1407844,324.635593220339
0.9794,1407844,579.1480498264243
0.9794,1407844,631.7415764753931
0.9794,1407844,1090.7567898713498
0.9794,1407844,174.91423320400244
0.9794,1407844,180.02634265877066
0.9794,1407844,291.63212170716764
0.9794,1407844,385.0831121094548
0.9794,1407844,618.1785787216663
0.9794,1407844,420.243720645293
0.9794,1407844,548.9973453134572
0.9794,1407844,182.3376557075761
0.9794,1407844,713.2526036348785
0.9794,1407844,757.5434960179701
0.9794,1407844,191.11261997141108
0.9794,1407844,685.9655911782723
0.9794,1407844,920.7837451500918
0.9794,1407844,769.0608535838268
0.9794,1407844,176.63069226056768
0.9794,1407844,432.16377373902384
0.9794,1407844,707.0923014090259
0.9794,1407844,940.2419848887074
0.9794,1407844,382.3649172963039
0.9794,1407844,335.6899121911374
0.9794,1407844,944.7944659995916
0.9794,1407844,282.44537471921586
0.9794,1407844,895.0646314069838
0.9794,1407844,747.8780886256892
0.9794,1407844,917.9309781498876
0.9794,1407844,620.9249540535021
0.9794,1407844,756.8434755973045
0.9794,1407844,730.7222789462936
0.9794,1407844,636.9995915866857
0.9794,1407844,745.1723504186236
0.9794,1407844,321.2502552583214
0.9794,1407844,604.4367980396161
0.9794,1407844,693.1369205636104
0.9794,1407844,702.2357565856646
0.9794,1407844,642.440371656116
0.9794,1407844,22.48825811721462
0.9794,1407844,768.1358995303247
0.9794,1407844,657.9071880743312
0.9794,1407844,987.8404124974472
0.9794,1407844,438.6478456197672
0.9794,1407844,393.9789667143149
0.9794,1407844,218.3669593628752
0.9794,1407844,518.475393097815
0.9794,1407844,631.4243414335307
0.9794,1407844,360.1473351031244
0.9794,1407844,452.1014907085971
0.9794,1407844,406.3048805391056
0.9794,1407844,934.2865019399632
0.9794,1407844,461.40535021441696
0.9794,1407844,963.579742699612
0.9794,1407844,197.53124361854196
0.9794,1407844,651.7248315295078
0.9794,1407844,882.2491321217071
0.9794,1407844,993.4032060445172
0.9794,1407844,705.3488870737186
0.9794,1407844,106.14958137635288
0.9794,1407844,142.21155809679396
0.9794,1407844,248.7140085766796
0.9794,1407844,524.0354298550133
0.9794,1407844,916.9123953440882
0.9794,1407844,267.073820706555
0.9794,1407844,124.55401266081276
0.9794,1407844,194.00091892995712
0.9794,1407844,559.0480906677558
0.9794,1407844,758.0120481927711
0.9794,1407844,918.7589340412496
0.9794,1407844,112.38207065550336
0.9794,1407844,930.9882581172144
0.9794,1407844,1067.9062691443742
0.9794,1407844,914.9838676740862
0.9794,1407844,263.4034102511742
0.9794,1407844,442.71288544006535
0.9794,1407844,770.2458648151929
0.9794,1407844,629.0163365325709
0.9794,1407844,815.9584439452726
0.9794,1407844,614.5015315499285
0.9794,1407844,771.1777618950377
0.9794,1407844,286.7744537471921
0.9794,1407844,276.9715131713294
0.9794,1407844,409.16244639575245
0.9794,1407844,112.0292015519706
0.9794,1407844,50.32509699816214
0.9794,1407844,774.0080661629569
0.9794,1407844,760.4910149070859
0.9794,1407844,636.5613641004696
0.9794,1407844,451.314478251991
0.9794,1407844,689.3503165203185
0.9794,1407844,745.425668776802
0.9794,1407844,772.1148662446395
0.9794,1407844,823.3132530120481
0.9794,1407844,499.1419236267102
0.9794,1407844,653.3673677761894
0.9794,1407844,259.8952419848887
0.9794,1407844,242.6851133346947
0.9794,1407844,568.5362466816417
0.9794,1407844,1004.2240147028792
0.9794,1407844,730.1846028180518
0.9794,1407844,644.0653461302838
0.9794,1407844,836.3020216459056
0.9794,1407844,676.2012456606085
0.9794,1407844,834.2006330406372
0.9794,1407844,720.6817439248518
0.9794,1407844,925.381662242189
0.9794,1407844,532.0448233612416
0.9794,1407844,562.8652236062895
0.9794,1407844,1092.5667755768836
0.9794,1407844,538.5761690831121
0.9794,1407844,806.0765774964264
0.9794,1407844,320.0552379007556
0.9794,1407844,418.8694098427608
0.9794,1407844,941.1960383908516
0.9794,1407844,537.5881151725546
0.9794,1407844,650.0375740249132
0.9794,1407844,892.0914845823972
0.9794,1407844,328.4684500714723
0.9794,1407844,634.484378190729
0.9794,1407844,953.3410251174188
0.9794,1407844,819.9146416173166
0.9794,1407844,130.07576066979783
0.9794,1407844,405.30957729221967
0.9794,1407844,855.5934245456401
0.9794,1407844,438.5833163161119
0.9794,1407844,595.1719420053093
0.9794,1407844,473.640085766796
0.9794,1407844,730.1888911578518
0.9794,1407844,959.083724729426
0.9794,1407844,68.28088625689197
0.9794,1407844,989.8661425362468
0.9794,1407844,739.1865427812946
0.9794,1407844,56.15979170920971
0.9794,1407844,753.7705738207064
0.9794,1407844,578.2783336736778
0.9794,1407844,611.1458035531958
0.9794,1407844,678.1823565448234
0.9794,1407844,672.8235654482336
0.9794,1407844,814.055850520727
0.9794,1407844,60.06013886052685
0.9794,1407844,649.2446395752501
0.9794,1407844,1067.8451092505616
0.9794,1407844,757.9787625076577
0.9794,1407844,466.3752297324892
0.9794,1407844,693.0334898917704
0.9794,1407844,746.4599754952011
0.9794,1407844,656.6562180927098
0.9794,1407844,757.2343271390647
0.9794,1407844,998.1771492750664
0.9794,1407844,580.7382070655503
0.9794,1407844,636.8449050439044
0.9794,1407844,796.8617520931182
0.9794,1407844,859.040228711456
0.9794,1407844,889.199918317337
0.9794,1407844,434.78047784357767
0.9794,1407844,861.2736369205635
0.9794,1407844,435.9932611803145
0.9794,1407844,1067.920155197059
0.9794,1407844,99.70726975699408
0.9794,1407844,324.7283030426792
0.9794,1407844,590.9118848274453
0.9794,1407844,585.4740657545436
0.9794,1407844,624.3183581784766
0.9794,1407844,85.26597917092097
0.9794,1407844,893.8729834592607
0.9794,1407844,610.9600775985297
0.9794,1407844,542.1963447008372
0.9794,1407844,883.9595670818868
0.9794,1407844,868.7589340412496
0.9794,1407844,319.3449050439044
0.9794,1407844,414.180314478252
0.9794,1407844,564.3766591790892
0.9794,1407844,522.470900551358
0.9794,1407844,364.1506024096385
0.9794,1407844,550.0886256891974
0.9794,1407844,797.3856442720033
0.9794,1407844,585.4362875229732
0.9794,1407844,790.6364100469675
0.9794,1407844,629.4717173779865
0.9794,1407844,859.8005921993057
0.9794,1407844,660.7450479885644
0.9794,1407844,575.3986113947315
0.9794,1407844,747.1713293853379
0.9794,1407844,816.1670410455381
0.9794,1407844,420.5829079027976
0.9794,1407844,329.4963242801716
0.9794,1407844,451.7349397590361
0.9794,1407844,581.1975699407801
0.9794,1407844,997.1471308964672
0.9794,1407844,802.7603634878496
0.9794,1407844,13.41076169083112
0.9794,1407844,406.1949152542372
0.9794,1407844,661.9582397386155
0.9794,1407844,1094.54492546457
0.9794,1407844,662.964978558301
0.9794,1407844,1024.6552991627527
0.9794,1407844,762.0603430671839
0.9794,1407844,727.6056769450684
0.9794,1407844,549.975393097815
0.9794,1407844,249.41198693077396
0.9794,1407844,590.2398407188075
0.9794,1407844,885.4352664896875
0.9794,1407844,515.4707984480294
0.9794,1407844,207.2681233408209
0.9794,1407844,641.2549520114355
0.9794,1407844,561.2885440065346
0.9794,1407844,585.5608535838268
0.9794,1407844,716.1693894220952
0.9794,1407844,792.953849295487
0.9794,1407844,661.4217888503165
0.9794,1407844,815.1340616704105
0.9794,1407844,945.2611803144782
0.9794,1407844,498.4523177455585
0.9794,1407844,411.60925056156833
0.9794,1407844,1000.6403920767816
0.9794,1407844,642.5530937308556
0.9794,1407844,564.1599959158668
0.9794,1407844,609.6388605268531
0.9794,1407844,116.02940575862772
0.9794,1407844,595.6673473555238
0.9794,1407844,1092.6143557279968
0.9794,1407844,931.7588319379212
0.9794,1407844,547.8877884419032
0.9794,1407844,244.30283847253415
0.9794,1407844,545.2843577700634
0.9794,1407844,657.7692464774351
0.9794,1407844,534.4407800694302
0.9794,1407844,200.31692873187663
0.9794,1407844,469.88431692873183
0.9794,1407844,264.05146007759856
0.9794,1407844,532.5463549111702
0.9794,1407844,611.2412701654074
0.9794,1407844,976.2444353685928
0.9794,1407844,741.5457422911986
0.9794,1407844,650.8775781090463
0.9794,1407844,753.2128854400653
0.9794,1407844,103.08934041249744
0.9794,1407844,213.58535838268327
0.9794,1407844,882.1837859914233
0.9794,1407844,29.97447416785787
0.9794,1407844,450.93444966305896
0.9794,1407844,616.8952419848887
0.9794,1407844,867.6816418215234
0.9794,1407844,600.6308964672247
0.9794,1407844,311.68062078823766
0.9794,1407844,472.3590974065754
0.9794,1407844,656.5404329181131
0.9794,1407844,477.110986318154
0.9794,1407844,511.7130896467225
0.9794,1407844,1059.6041453951398
0.9794,1407844,743.3321421278333
0.9794,1407844,450.5258321421278
0.9794,1407844,744.5008168266285
0.9794,1407844,302.1339595670819
0.9794,1407844,818.8186644884623
0.9794,1407844,300.7118644067796
0.9794,1407844,1063.9556871554012
0.9794,1407844,269.10771901163974
0.9794,1407844,85.78445987339187
0.9794,1407844,1068.2591382479068
0.9794,1407844,329.17725137839494
0.9794,1407844,1074.2643455176635
0.9794,1407844,838.5308352052277
0.9794,1407844,682.0002042066571
0.9794,1407844,935.0166428425566
0.9794,1407844,897.2305493159076
0.9794,1407844,619.5177659791709
0.9794,1407844,881.037369818256
0.9794,1407844,891.7931386563201
0.9794,1407844,444.7775168470492
0.9794,1407844,909.038799264856
0.9794,1407844,475.6872575045946
0.9794,1407844,337.69256687768024
0.9794,1407844,415.94853992240144
0.9794,1407844,655.8036552991626
0.9794,1407844,1032.988870737186
0.9794,1407844,805.4344496630589
0.9794,1407844,1054.1362058403104
0.9794,1407844,244.8005921993057
0.9794,1407844,814.1896058811517
0.9794,1407844,142.6381458035532
0.9794,1407844,566.082091076169
0.9794,1407844,577.8385746375332
0.9794,1407844,450.87859914233206
0.9794,1407844,383.97375944455786
0.9794,1407844,384.6060853583826
0.9794,1407844,331.5685113334695
0.9794,1407844,786.2914028997345
0.9794,1407844,595.2466816418215
0.9794,1407844,679.1806207882377
0.9794,1407844,642.5460486011845
0.9794,1407844,1014.8552174800898
0.9794,1407844,1090.0983255054114
0.9794,1407844,456.1783745150091
0.9794,1407844,598.5275678987135
0.9794,1407844,1064.744843781907
0.9794,1407844,1059.6075148049829
0.9794,1407844,1082.030528895242
0.9794,1407844,939.3331631611188
0.9794,1407844,334.8312231978762
0.9794,1407844,408.60628956503984
0.9794,1407844,786.4830508474577
0.9794,1407844,943.1592811925668
0.9794,1407844,866.1028180518686
0.9794,1407844,530.552991627527
0.9794,1407844,1096.769246477435
0.9794,1407844,406.11384521135386
0.9794,1407844,675.9049418011027
0.9794,1407844,1103.633449050439
0.9794,1407844,711.3081478456197
0.9794,1407844,565.8536859301613
0.9794,1407844,1080.0482948744127
0.9794,1407844,393.4296508066163
0.9794,1407844,906.596079232183
0.9794,1407844,955.3200939350622
0.9794,1407844,319.6759240351235
0.9794,1407844,572.6136410046968
0.9794,1407844,514.178170308352
0.9794,1407844,855.6849091280376
0.9794,1407844,789.3121298754338
0.9794,1407844,517.2451500918929
0.9794,1407844,966.6010822952828
0.9794,1407844,503.6663263222381
0.9794,1407844,649.235450275679
0.9794,1407844,971.2657749642638
0.9794,1407844,111.02358586889932
0.9794,1407844,592.9354706963446
0.9794,1407844,1049.6935879109658
0.9794,1407844,303.8042679191342
0.9794,1407844,988.0982234020828
0.9794,1407844,812.685521748009
0.9794,1407844,811.4399632428017
0.9794,1407844,418.8216254849908
0.9794,1407844,721.0285889319991
0.9794,1407844,935.89585460486
0.9794,1407844,74.27874208699203
0.9794,1407844,812.5073514396569
0.9794,1407844,394.8064120890341
0.9794,1407844,167.9277108433735
0.9794,1407844,951.1273228507248
0.9794,1407844,584.4490504390443
0.9794,1407844,805.3464365938329
0.9794,1407844,316.4904022871146
0.9794,1407844,852.9841739840718
0.9794,1407844,425.6059832550541
0.9794,1407844,955.6814376148662
0.9794,1407844,1101.4177047171736
0.9794,1407844,522.0619767204411
0.9794,1407844,508.22789462936487
0.9794,1407844,644.7817030835205
0.9794,1407844,888.5630998570552
0.9794,1407844,282.71462119665097
0.9794,1407844,139.47426996120072
0.9794,1407844,601.0158260159282
0.9794,1407844,178.82948744129058
0.9794,1407844,1081.4445578925872
0.9794,1407844,729.4488462323872
0.9794,1407844,598.0349193383704
0.9794,1407844,582.704206657137
0.9794,1407844,670.1255870941393
0.9794,1407844,473.74433326526446
0.9794,1407844,1047.5780069430264
0.9794,1407844,1096.2559730447213
0.9794,1407844,1063.3818664488465
0.9794,1407844,1081.4532366755157
0.9794,1407844,375.1086379415968
0.9794,1407844,500.803348989177
0.9794,1407844,971.683173371452
0.9794,1407844,1064.711047580151
0.9794,1407844,1068.65478864611
0.9794,1407844,529.3221360016336
0.9794,1407844,327.54706963447006
0.9794,1407844,242.1837859914233
0.9794,1407844,812.4201551970594
0.9794,1407844,664.4327139064733
0.9794,1407844,832.2713906473351
0.9794,1407844,745.1338574637532
0.9794,1407844,1056.1347763937104
0.9794,1407844,571.3759444557892
0.9794,1407844,528.8641004696753
0.9794,1407844,751.7636307943638
0.9794,1407844,198.0812742495405
0.9794,1407844,771.5030630998571
0.9794,1407844,880.4440473759445
0.9794,1407844,636.9226056769451
0.9794,1407844,181.0378803348989
0.9794,1407844,896.6940984276088
0.9794,1407844,403.2663875842352
0.9794,1407844,768.9216867469879
0.9794,1407844,233.7286093526649
0.9794,1407844,823.7225852562793
0.9794,1407844,617.2922197263631
0.9794,1407844,601.9840718807433
0.9794,1407844,1103.9447620992444
0.9794,1407844,208.39861139473143
0.9794,1407844,549.8089646722483
0.9794,1407844,563.6139473146825
0.9794,1407844,719.2085971002655
0.9794,1407844,191.77445374719213
0.9794,1407844,821.8655299162752
0.9794,1407844,802.4748825811721
0.9794,1407844,869.6841944047375
0.9794,1407844,1055.592811925669
0.9794,1407844,885.140289973453
0.9794,1407844,775.9160710639167
0.9794,1407844,405.0311415152134
0.9794,1407844,70.9769246477435
0.9794,1407844,548.1761282417806
0.9794,1407844,246.93302021645903
0.9794,1407844,65.60853583826832
0.9794,1407844,77.76740861752093
0.9794,1407844,889.8668572595467
0.9794,1407844,665.0857667959975
0.9794,1407844,501.7859914233204
0.9794,1407844,551.2737390238922
0.9794,1407844,733.1263018174392
0.9794,1407844,302.9068817643455
0.9794,1407844,192.86073105983252
0.9794,1407844,522.3670614662037
0.9794,1407844,1002.5578925872984
0.9794,1407844,643.776393710435
0.9794,1407844,934.393302021646
0.9794,1407844,842.9043291811312
0.9794,1407844,646.9108637941597
0.9794,1407844,516.8460281805187
0.9794,1407844,219.0167449458852
0.9794,1407844,381.7401470287932
0.9794,1407844,1066.816316111905
0.9794,1407844,629.6153767612824
0.9794,1407844,513.8850316520318
0.9794,1407844,255.93077394323052
0.9794,1407844,811.2037982438228
0.9794,1407844,324.28405146007754
0.9794,1407844,149.9911170104145
0.9794,1407844,1066.4830508474577
0.9794,1407844,559.3430671839902
0.9794,1407844,386.3981008780887
0.9794,1407844,608.7576066979784
0.9794,1407844,780.2404533387788
0.9794,1407844,644.7646518276495
0.9794,1407844,1064.64835613641
0.9794,1407844,433.2889524198489
0.9794,1407844,490.2954870328773
0.9794,1407844,137.53451092505614
0.9794,1407844,210.58801306922604
0.9794,1407844,391.7964059628344
0.9794,1407844,22.212987543393915
0.9794,1407844,293.26894016744944
0.9794,1407844,719.9375127629161
0.9794,1407844,242.91117010414536
0.9794,1407844,595.6610169491526
0.9794,1407844,947.0273636920564
0.9794,1407844,828.737083928936
0.9794,1407844,562.681743924852
0.9794,1407844,873.3693077394322
0.9794,1407844,411.216050643251
0.9794,1407844,374.5087808862569
0.9794,1407844,611.3740044925465
0.9794,1407844,701.8662446395751
0.9794,1407844,996.5921993056974
0.9794,1407844,432.3692056361037
0.9794,1407844,299.60189912191134
0.9794,1407844,649.5883193792117
0.9794,1407844,884.0670818868696
0.9794,1407844,154.6705125587094
0.9794,1407844,13.631509087196244
0.9794,1407844,647.8682867061466
0.9794,1407844,561.716969573208
0.9794,1407844,961.1647947723096
0.9794,1407844,999.2200326730652
0.9794,1407844,857.6381458035532
0.9794,1407844,719.6065958750255
0.9794,1407844,410.9045333877884
0.9794,1407844,777.7236062895649
0.9794,1407844,824.8224423116193
0.9794,1407844,545.5461507045129
0.9794,1407844,331.3228507249336
0.9794,1407844,466.1046559117827
0.9794,1407844,723.6092505615683
0.9794,1407844,457.8334694711048
0.9794,1407844,278.94129058607314
0.9794,1407844,224.0123545027568
0.9794,1407844,768.0047988564427
0.9794,1407844,519.9765162344293
0.9794,1407844,583.5655503369409
0.9794,1407844,839.5772922197264
0.9794,1407844,860.8378599142331
0.9794,1407844,752.1293649172962
0.9794,1407844,230.56789871349804
0.9794,1407844,589.6351848070246
0.9794,1407844,772.5733101899123
0.9794,1407844,430.4942822136002
0.9794,1407844,367.39319991831735
0.9794,1407844,396.4839697774147
0.9794,1407844,1002.4436389626302
0.9794,1407844,214.6118031447825
0.9794,1407844,540.8984071880743
0.9794,1407844,922.0924035123544
0.9794,1407844,121.05564631406985
0.9794,1407844,648.7403512354502
0.9794,1407844,796.5475801511128
0.9794,1407844,778.7649581376353
0.9794,1407844,909.372677149275
0.9794,1407844,262.713906473351
0.9794,1407844,430.2823157034919
0.9794,1407844,620.0268531754134
0.9794,1407844,552.4765162344293
0.9794,1407844,835.39799877476
0.9794,1407844,728.8957525015315
0.9794,1407844,623.8929957116602
0.9794,1407844,518.5220543189708
0.9794,1407844,864.6631611190525
0.9794,1407844,686.6021033285684
0.9794,1407844,775.390443128446
0.9794,1407844,590.5029609965285
0.9794,1407844,562.5687155401265
0.9794,1407844,661.442720032673
0.9794,1407844,966.2284051460076
0.9794,1407844,1044.266183377578
0.9794,1407844,602.4729426179293
0.9794,1407844,1023.6962425975088
0.9794,1407844,1015.6622421890952
0.9794,1407844,736.8556258934041
0.9794,1407844,624.3125382887481
0.9794,1407844,990.1299775372676
0.9794,1407844,1104.5753522564837
0.9794,1407844,1010.330100061262
0.9794,1407844,371.609556871554
0.9794,1407844,1006.1044517051256
0.9794,1407844,552.388094751889
0.9794,1407844,955.2754747804778
0.9794,1407844,339.5051051664284
0.9794,1407844,1059.2075760669798
0.9794,1407844,525.6137431080253
0.9794,1407844,66.61374310802532
0.9794,1407844,243.94006534613027
0.9794,1407844,807.39942822136
0.9794,1407844,413.3101899121911
0.9794,1407844,224.51051664284256
0.9794,1407844,1044.3892178885033
0.9794,1407844,563.5199101490708
0.9794,1407844,934.35092914029
0.9794,1407844,325.3268327547478
0.9794,1407844,797.1442720032674
0.9794,1407844,504.6634674290382
0.9794,1407844,766.6876659179089
0.9794,1407844,613.1236471308964
0.9794,1407844,1102.1009801919542
0.9794,1407844,458.460486011844
0.9794,1407844,612.082805799469
0.9794,1407844,222.87012456606084
0.9794,1407844,622.5337962017562
0.9794,1407844,568.9661016949152
0.9794,1407844,453.7229936695936
0.9794,1407844,973.9546661221156
0.9794,1407844,760.7019603839085
0.9794,1407844,120.54267919134163
0.9794,1407844,1075.9853992240146
0.9794,1407844,1056.3519501735757
0.9794,1407844,370.3290790279763
0.9794,1407844,433.5704512967122
0.9794,1407844,714.633449050439
0.9794,1407844,667.8004900959771
0.9794,1407844,1101.5845415560548
0.9794,1407844,81.55074535429856
0.9794,1407844,374.93628752297326
0.9794,1407844,804.2005309373085
0.9794,1407844,930.6635695323668
0.9794,1407844,657.5465591178272
0.9794,1407844,1103.740147028793
0.9794,1407844,801.5636103736981
0.9794,1407844,306.03144782519905
0.9794,1407844,813.491219113743
0.9794,1407844,208.281600980192
0.9794,1407844,810.8470492138043
0.9794,1407844,136.72258525627936
0.9794,1407844,418.9782519910149
0.9794,1407844,38.04339391464162
0.9794,1407844,931.1410046967532
0.9794,1407844,667.4739636512151
0.9794,1407844,723.5837247294262
0.9794,1407844,718.1913416377374
0.9794,1407844,898.9277108433735
0.9794,1407844,459.2625076577496
0.9794,1407844,570.3305084745762
0.9794,1407844,293.7849703900347
0.9794,1407844,143.66203798243822
0.9794,1407844,589.8715540126608
0.9794,1407844,971.7102307535224
0.9794,1407844,349.3711455993465
0.9794,1407844,811.5301204819276
0.9794,1407844,955.806412089034
0.9794,1407844,500.9603839085154
0.9794,1407844,726.571676536655
0.9794,1407844,243.71370226669387
0.9794,1407844,601.9069838676741
0.9794,1407844,960.09771288544
0.9794,1407844,1059.5735143965694
0.9794,1407844,663.7150296099653
0.9794,1407844,790.4379211762302
0.9794,1407844,303.1837859914233
0.9794,1407844,627.464263835001
0.9794,1407844,804.5834184194405
0.9794,1407844,989.352562793547
0.9794,1407844,658.7181948131508
0.9794,1407844,687.732591382479
0.9794,1407844,799.1249744741679
0.9794,1407844,14.336022054318969
0.9794,1407844,668.0928119256688
0.9794,1407844,318.2186032264652
0.9794,1407844,932.1910353277516
0.9794,1407844,968.4884623238715
0.9794,1407844,1071.1382479068816
0.9794,1407844,998.2624055544212
0.9794,1407844,302.9454768225444
0.9794,1407844,796.3587910965897
0.9794,1407844,356.7559730447212
0.9794,1407844,495.65785174596687
0.9794,1407844,496.594649785583
0.9794,1407844,573.8483765570758
0.9794,1407844,541.1058811517256
0.9794,1407844,624.3763528691035
0.9794,1407844,720.6059832550541
0.9794,1407844,722.7459669185215
0.9794,1407844,813.7359607923217
0.9794,1407844,209.76128241780685
0.9794,1407844,681.1291607106391
0.9794,1407844,340.17898713498056
0.9794,1407844,551.7204410863794
0.9794,1407844,783.305697365734
0.9794,1407844,509.6434551766387
0.9794,1407844,422.3475597304472
0.9794,1407844,755.094649785583
0.9794,1407844,96.14468041658158
0.9794,1407844,999.1516234429242
0.9794,1407844,513.9963242801715
0.9794,1407844,555.0810700428833
0.9794,1407844,298.489585460486
0.9794,1407844,687.681029201552
0.9794,1407844,668.6232387175821
0.9794,1407844,977.7922197263632
0.9794,1407844,427.0517663875842
0.9794,1407844,644.6318153971819
0.9794,1407844,451.89861139473146
0.9794,1407844,639.8488870737186
0.9794,1407844,376.2026751072085
0.9794,1407844,732.1763324484377
0.9794,1407844,537.5068409230141
0.9794,1407844,137.19695732080865
0.9794,1407844,628.518684909128
0.9794,1407844,486.5509495609557
0.9794,1407844,461.9570144986726
0.9794,1407844,1102.1579538492956
0.9794,1407844,319.8028384725342
0.9794,1407844,1055.3609352664896
0.9794,1407844,456.4965284868287
0.9794,1407844,686.7926281396773
0.9794,1407844,651.4273024300592
0.9794,1407844,660.9609965284868
0.9794,1407844,223.8251991014907
0.9794,1407844,534.5779048396978
0.9794,1407844,905.734735552379
0.9794,1407844,430.3518480702471
0.9794,1407844,600.4601797018582
0.9794,1407844,837.8297937512763
0.9794,1407844,645.8833979987747
0.9794,1407844,690.5545231774556
0.9794,1407844,643.7244231161935
0.9794,1407844,1041.964059628344
0.9794,1407844,350.694506840923
0.9794,1407844,441.0315499285277
0.9794,1407844,201.89871349806003
0.9794,1407844,68.13273432713906
0.9794,1407844,311.0315499285277
0.9794,1407844,71.13998366346742
0.9794,1407844,710.1064937716969
0.9794,1407844,583.9144374106596
0.9794,1407844,524.0313457218705
0.9794,1407844,242.2768021237492
0.9794,1407844,633.2558709413926
0.9794,1407844,1089.30243005922
0.9794,1407844,531.4703900347151
0.9794,1407844,906.3094751888912
0.9794,1407844,379.5918929957116
0.9794,1407844,976.725035736165
0.9794,1407844,116.91464161731672
0.9794,1407844,353.940371656116
0.9794,1407844,609.1674494588524
0.9794,1407844,676.5169491525423
0.9794,1407844,817.9960179701858
0.9794,1407844,82.85930161323259
0.9794,1407844,31.664182152338164
0.9794,1407844,729.2518889115785
0.9794,1407844,380.938227486216
0.9794,1407844,306.3064120890341
0.9794,1407844,930.25250153155
0.9794,1407844,750.74964263835
0.9794,1407844,56.934960179701854
0.9794,1407844,266.8247906881764
0.9794,1407844,117.084949969369
0.9794,1407844,586.3465386971615
0.9794,1407844,402.7643455176639
0.9794,1407844,214.64804982642437
0.9794,1407844,762.3113130488053
0.9794,1407844,981.0757606697978
0.9794,1407844,1100.385235858689
0.9794,1407844,833.9633449050439
0.9794,1407844,306.7596487645497
0.9794,1407844,135.46242597508677
0.9794,1407844,640.3652236062895
0.9794,1407844,321.6784766183377
0.9794,1407844,664.0121502960995
0.9794,1407844,649.2931386563201
0.9794,1407844,626.5189912191138
0.9794,1407844,425.3553195834184
0.9794,1407844,179.8447008372473
0.9794,1407844,100.38615478864612
0.9794,1407844,797.9119869307739
0.9794,1407844,72.64713089646722
0.9794,1407844,58.13038595058198
0.9794,1407844,130.954564018787
0.9794,1407844,739.9322033898305
0.9794,1407844,137.29518072289156
0.9794,1407844,98.7029814171942
0.9794,1407844,213.53930978149887
0.9794,1407844,358.7721053706351
0.9794,1407844,604.7421890953644
0.9794,1407844,1077.0308352052275
0.9794,1407844,702.6591790892383
0.9794,1407844,472.0676945068409
0.9794,1407844,1033.954053502144
0.9794,1407844,426.3293853379621
0.9794,1407844,298.5749438431693
0.9794,1407844,458.79742699612007
0.9794,1407844,830.0875025525831
0.9794,1407844,764.6252807841536
0.9794,1407844,652.8506228303042
0.9794,1407844,512.7683275474781
0.9794,1407844,473.5944455789258
0.9794,1407844,629.4101490708597
0.9794,1407844,310.43761486624464
0.9794,1407844,827.1052685317542
0.9794,1407844,802.737798652236
0.9794,1407844,274.6066979783541
0.9794,1407844,553.4106595875026
0.9794,1407844,290.8290790279763
0.9794,1407844,1027.2984480294058
0.9794,1407844,690.6288544006534
0.9794,1407844,827.2044108637941
0.9794,1407844,232.92852767000204
0.9794,1407844,283.00091892995715
0.9794,1407844,328.754849908107
0.9794,1407844,29.8673677761895
0.9794,1407844,145.50602409638554
0.9794,1407844,213.0260363487849
0.9794,1407844,103.3962630181744
0.9794,1407844,10.55278742086992
0.9794,1407844,454.8076373289769
0.9794,1407844,993.5829079027976
0.9794,1407844,148.844292423933
0.9794,1407844,332.458341841944
0.9794,1407844,471.8006943026342
0.9794,1407844,768.0864815192975
0.9794,1407844,249.34235246069025
0.9794,1407844,583.0280784153563
0.9794,1407844,8.209822340208289
0.9794,1407844,15.669287318766592
0.9794,1407844,1101.6286501939962
0.9794,1407844,511.3447008372473
0.9794,1407844,620.424749846845
0.9794,1407844,193.15039820298145
0.9794,1407844,87.72370839289361
0.9794,1407844,411.4693690014295
0.9794,1407844,728.6881764345517
0.9794,1407844,372.5083724729426
0.9794,1407844,330.72064529303657
0.9794,1407844,967.9341433530732
0.9794,1407844,697.9664080049009
0.9794,1407844,544.410557484174
0.9794,1407844,549.2584235246069
0.9794,1407844,631.4187257504594
0.9794,1407844,137.38768633857464
0.9794,1407844,300.1500918929957
0.9794,1407844,496.4519093322442
0.9794,1407844,810.9132121707167
0.9794,1407844,27.270471717377987
0.9794,1407844,857.7299366959362
0.9794,1407844,117.60353277516846
0.9794,1407844,976.8587910965896
0.9794,1407844,120.6403920767817
0.9794,1407844,305.90014294465993
0.9794,1407844,992.8971819481314
0.9794,1407844,662.2010414539513
0.9794,1407844,1042.4116806207885
0.9794,1407844,559.222891566265
0.9794,1407844,849.2144169899939
0.9794,1407844,337.0118439861139
0.9794,1407844,1034.727282009393
0.9794,1407844,989.6659179089238
0.9794,1407844,245.0613641004697
0.9794,1407844,562.1394731468246
0.9794,1407844,1062.2109454768226
0.9794,1407844,864.1887890545231
0.9794,1407844,622.0774964263835
0.9794,1407844,616.7937512762916
0.9794,1407844,41.71329385337962
0.9794,1407844,116.53736981825608
0.9794,1407844,856.9456810292015
0.9794,1407844,936.4712068613436
0.9794,1407844,302.13334694711045
0.9794,1407844,179.03890136818458
0.9794,1407844,538.2318766591791
0.9794,1407844,554.5187870124565
0.9794,1407844,625.9602818051868
0.9794,1407844,718.637941596896
0.9794,1407844,686.4150500306309
0.9794,1407844,806.6783745150091
0.9794,1407844,888.5538084541555
0.9794,1407844,957.684807024709
0.9794,1407844,601.0628956503982
0.9794,1407844,657.3945272615888
0.9794,1407844,767.0530937308556
0.9794,1407844,584.4637533183582
0.9794,1407844,328.99366959362874
0.9794,1407844,867.2021645905656
0.9794,1407844,458.2036961404942
0.9794,1407844,418.3937104349602
0.9794,1407844,870.4065754543598
0.9794,1407844,166.4308760465591
0.9794,1407844,456.8528691035328
0.9794,1407844,719.4299571166019
0.9794,1407844,587.6448846232387
0.9794,1407844,907.8533796201756
0.9794,1407844,406.42229936695935
0.9794,1407844,566.6623442924239
0.9794,1407844,459.0523790075556
0.9794,1407844,898.953849295487
0.9794,1407844,256.66744945885233
0.9794,1407844,371.0841331427404
0.9794,1407844,582.212272820094
0.9794,1407844,720.2254441494791
0.9794,1407844,858.7976312027772
0.9794,1407844,81.88258117214622
0.9794,1407844,415.75781090463545
0.9794,1407844,18.094241372268733
0.9794,1407844,639.1967531141515
0.9794,1407844,63.64457831325301
0.9794,1407844,683.2517868082499
0.9794,1407844,174.23545027567897
0.9794,1407844,660.8996324280172
0.9794,1407844,871.989585460486
0.9794,1407844,272.5936287522973
0.9794,1407844,793.2168674698795
0.9794,1407844,450.0669797835409
0.9794,1407844,684.0622830304268
0.9794,1407844,79.23596079232183
0.9794,1407844,944.5554421074128
0.9794,1407844,677.9675311415152
0.9794,1407844,730.2084949969369
0.9794,1407844,762.6949152542372
0.9794,1407844,950.6776597917092
0.9794,1407844,626.6137431080253
0.9794,1407844,297.3974882581172
0.9794,1407844,679.8680824994894
0.9794,1407844,914.6564222993668
0.9794,1407844,605.8943230549316
0.9794,1407844,635.3508270369614
0.9794,1407844,624.7613845211354
0.9794,1407844,597.3768633857464
0.9794,1407844,1101.8330610577902
0.9794,1407844,894.765468654278
0.9794,1407844,513.2844598733918
0.9794,1407844,973.255564631407
0.9794,1407844,468.15050030630994
0.9794,1407844,341.85787216663266
0.9794,1407844,524.7458648151929
0.9794,1407844,146.24239330202164
0.9794,1407844,527.8827853788034
0.9794,1407844,574.473248927915
0.9794,1407844,729.7869103532774
0.9794,1407844,532.7858893199918
0.9794,1407844,590.727179906065
0.9794,1407844,726.0650398202981
0.9794,1407844,312.2467837451501
0.9794,1407844,649.0303246885849
0.9794,1407844,695.9792730243006
0.9794,1407844,142.4925464570145
0.9794,1407844,414.94608944251576
0.9794,1407844,1078.4600775985296
0.9794,1407844,1002.3036552991628
0.9794,1407844,806.1090463549111
0.9794,1407844,972.582091076169
0.9794,1407844,966.7679191341635
0.9794,1407844,616.6374310802532
0.9794,1407844,504.4747804778436
0.9794,1407844,543.6776597917092
0.9794,1407844,690.8805391055748
0.9794,1407844,619.0433939146416
0.9794,1407844,535.643148866653
0.9794,1407844,948.9717173779864
0.9794,1407844,913.8408209107616
0.9794,1407844,881.7989585460487
0.9794,1407844,266.85593220338984
0.9794,1407844,784.0294057586277
0.9794,1407844,175.30712681233408
0.9794,1407844,712.8004900959771
0.9794,1407844,583.5286910353277
0.9794,1407844,874.4504798856442
0.9794,1407844,1008.1636716356952
0.9794,1407844,611.093220338983
0.9794,1407844,455.8843169287319
0.9794,1407844,826.3862568919747
0.9794,1407844,940.639371043496
0.9794,1407844,688.0130692260568
0.9794,1407844,62.31458035531959
0.9794,1407844,712.6135389013682
0.9794,1407844,646.2823157034919
0.9794,1407844,23.65315499285277
0.9794,1407844,374.9634470083725
0.9794,1407844,524.5947518889116
0.9794,1407844,776.1778639983662
0.9794,1407844,209.3828874821319
0.9794,1407844,831.4168878905452
0.9794,1407844,937.7479068817644
0.9794,1407844,903.5544210741268
0.9794,1407844,959.1686746987951
0.9794,1407844,139.244435368593
0.9794,1407844,883.5637124770267
0.9794,1407844,904.7888503165204
0.9794,1407844,605.1867469879518
0.9794,1407844,93.60394118848276
0.9794,1407844,823.4919338370431
0.9794,1407844,717.6360016336532
0.9794,1407844,476.3691035327752
0.9794,1407844,505.0287931386563
0.9794,1407844,114.11170104145394
0.9794,1407844,687.178885031652
0.9794,1407844,960.9890749438432
0.9794,1407844,920.217684296508
0.9794,1407844,718.9364917296303
0.9794,1407844,705.333163161119
0.9794,1407844,783.6385542168674
0.9794,1407844,1085.671329385338
0.9794,1407844,472.8098836022054
0.9794,1407844,964.4284255666734
0.9794,1407844,561.9443536859301
0.9794,1407844,1025.2845619767204
0.9794,1407844,731.7834388401062
0.9794,1407844,894.4182152338166
0.9794,1407844,183.9296508066163
0.9794,1407844,447.78925872983456
0.9794,1407844,506.4710026546865
0.9794,1407844,769.7741474372064
0.9794,1407844,598.2700633040637
0.9794,1407844,278.84684500714724
0.9794,1407844,713.3231570349193
0.9794,1407844,756.5818868695119
0.9794,1407844,642.3223402082908
0.9794,1407844,599.8273432713906
0.9794,1407844,549.7637328976924
0.9794,1407844,446.0833163161119
0.9794,1407844,207.8089646722483
0.9794,1407844,522.4323054931591
0.9794,1407844,742.8814580355319
0.9794,1407844,988.5095977128854
0.9794,1407844,1038.793649172963
0.9794,1407844,317.20144986726564
0.9794,1407844,1025.383806412089
0.9794,1407844,408.5348172350419
0.9794,1407844,730.2018582805799
0.9794,1407844,995.9976516234428
0.9794,1407844,1085.4310802532164
0.9794,1407844,191.4241372268736
0.9794,1407844,114.07371860322644
0.9794,1407844,478.6176230345109
0.9794,1407844,486.9897896671432
0.9794,1407844,577.1931794976516
0.9794,1407844,606.9928527670002
0.9794,1407844,987.6943026342658
0.9794,1407844,835.2037982438227
0.9794,1407844,848.932101286502
0.9794,1407844,131.87196242597506
0.9794,1407844,191.21901163977944
0.9794,1407844,830.7943638962629
0.9794,1407844,898.6389626301816
0.9794,1407844,690.517255462528
0.9794,1407844,370.571472329998
0.9794,1407844,857.6514192362671
0.9794,1407844,1007.158055952624
0.9794,1407844,328.6235450275679
0.9794,1407844,306.153563406167
0.9794,1407844,905.6305901572392
0.9794,1407844,867.7947723095772
0.9794,1407844,594.8704308760465
0.9794,1407844,110.1666326322238
0.9794,1407844,808.3103941188483
0.9794,1407844,348.241372268736
0.9794,1407844,327.0747396365121
0.9794,1407844,440.1459056565244
0.9794,1407844,862.169899938738
0.9794,1407844,519.4167857872167
0.9794,1407844,949.5988360220542
0.9794,1407844,658.2948744129059
0.9794,1407844,597.9743720645293
0.9794,1407844,592.2525015315499
0.9794,1407844,967.54278129467
0.9794,1407844,135.1611190524811
0.9794,1407844,321.1701041453951
0.9794,1407844,436.83775781090463
0.9794,1407844,534.8456197672044
0.9794,1407844,760.5110271594854
0.9794,1407844,1015.0250153154992
0.9794,1407844,769.379313865632
0.9794,1407844,1075.3752297324893
0.9794,1407844,792.8325505411475
0.9794,1407844,280.484378190729
0.9794,1407844,897.9273024300592
0.9794,1407844,548.9481315090873
0.9794,1407844,578.3778844190321
0.9794,1407844,1074.7272820093935
0.9794,1407844,735.3354094343475
0.9794,1407844,1047.2160506432508
0.9794,1407844,976.0587094139267
0.9794,1407844,294.6617316724525
0.9794,1407844,542.3133551153768
0.9794,1407844,577.8224423116194
0.9794,1407844,645.5859710026546
0.9794,1407844,778.239942822136
0.9794,1407844,254.29191341637735
0.9794,1407844,42.45875025525832
0.9794,1407844,814.5448233612416
0.9794,1407844,611.7355523790075
0.9794,1407844,676.3415356340616
0.9794,1407844,973.8900347151316
0.9794,1407844,704.9102511741883
0.9794,1407844,544.2380028588932
0.9794,1407844,888.0396160914845
0.9794,1407844,15.188278537880334
0.9794,1407844,682.1442720032672
0.9794,1407844,318.3076373289769
0.9794,1407844,634.7578109046354
0.9794,1407844,588.9431284459872
0.9794,1407844,313.7923218296916
0.9794,1407844,634.0632019603838
0.9794,1407844,603.2329997957934
0.9794,1407844,511.8607310598325
0.9794,1407844,907.2000204206656
0.9794,1407844,1064.3060036757197
0.9794,1407844,934.9814171942004
0.9794,1407844,447.5160302225852
0.9794,1407844,922.3851337553604
0.9794,1407844,209.18358178476615
0.9794,1407844,881.1581580559526
0.9794,1407844,888.7165611598938
0.9794,1407844,279.44323054931584
0.9794,1407844,742.8294874412906
0.9794,1407844,655.5772922197264
0.9794,1407844,120.04135184807024
0.9794,1407844,1063.0719828466408
0.9794,1407844,797.0785174596691
0.9794,1407844,363.7514804982642
0.9794,1407844,604.0584031039411
0.9794,1407844,811.7693485807638
0.9794,1407844,800.6739840718808
0.9794,1407844,688.7908923830917
0.9794,1407844,1094.4192362671022
0.9794,1407844,858.8186644884622
0.9794,1407844,322.8172350418623
0.9794,1407844,326.3470492138044
0.9794,1407844,1006.6409025934244
0.9794,1407844,782.1964468041658
0.9794,1407844,880.7047171737797
0.9794,1407844,727.8765570757606
0.9794,1407844,430.5628956503982
0.9794,1407844,615.175821931795
0.9794,1407844,659.6727588319378
0.9794,1407844,89.27077802736369
0.9794,1407844,533.2768021237492
0.9794,1407844,918.7249336328364
0.9794,1407844,184.97784357770064
0.9794,1407844,48.18715540126608
0.9794,1407844,738.7104349601797
0.9794,1407844,637.0843373493976
0.9794,1407844,940.6813355115376
0.9794,1407844,367.7490300183786
0.9794,1407844,445.4175005105166
0.9794,1407844,492.9038186644884
0.9794,1407844,814.8750255258321
0.9794,1407844,1102.671227282009
0.9794,1407844,869.236369205636
0.9794,1407844,446.9996936900143
0.9794,1407844,109.694506840923
0.9794,1407844,589.9318970798448
0.9794,1407844,326.321829691648
0.9794,1407844,379.2760874004493
0.9794,1407844,581.8362262609761
0.9794,1407844,761.7727179906065
0.9794,1407844,250.14529303655297
0.9794,1407844,759.055850520727
0.9794,1407844,652.555850520727
0.9794,1407844,572.1283438840105
0.9794,1407844,350.37584235246067
0.9794,1407844,992.809985705534
0.9794,1407844,952.8236675515622
0.9794,1407844,695.0703491933837
0.9794,1407844,697.0386971615275
0.9794,1407844,888.718399019808
0.9794,1407844,184.570042883398
0.9794,1407844,382.8954461915458
0.9794,1407844,456.3569532366755
0.9794,1407844,811.8862568919745
0.9794,1407844,176.94639575250153
0.9794,1407844,586.883806412089
0.9794,1407844,963.0411476414132
0.9794,1407844,730.7424954053502
0.9794,1407844,365.7224831529508
0.9794,1407844,761.713906473351
0.9794,1407844,173.53491933837043
0.9794,1407844,23.06994078006943
0.9794,1407844,1055.2921176230343
0.9794,1407844,924.3273432713906
0.9794,1407844,832.2991627527058
0.9794,1407844,286.420257300388
0.9794,1407844,725.5056156830713
0.9794,1407844,506.0982234020829
0.9794,1407844,516.0881151725546
0.9794,1407844,465.1149683479681
0.9794,1407844,918.824892791505
0.9794,1407844,890.2757810904635
0.9794,1407844,491.08954461915454
0.9794,1407844,630.3710434960179
0.9794,1407844,813.2618950377781
0.9794,1407844,115.30140902593423
0.9794,1407844,999.7201347763936
0.9794,1407844,940.5837247294262
0.9794,1407844,960.2490300183786
0.9794,1407844,123.91025117418826
0.9794,1407844,165.0566673473555
0.9794,1407844,324.4560955687155
0.9794,1407844,867.1265060240963
0.9794,1407844,780.3617520931182
0.9794,1407844,492.9134163773739
0.9794,1407844,734.0732080865836
0.9794,1407844,281.44853992240144
0.9794,1407844,994.7501531549927
0.9794,1407844,234.3049826424341
0.9794,1407844,180.51143557279968
0.9794,1407844,131.50377782315704
0.9794,1407844,873.3267306514192
0.9794,1407844,30.58923830916888
0.9794,1407844,900.7871145599346
0.9794,1407844,776.3991219113743
0.9794,1407844,284.63906473351034
0.9794,1407844,619.2007351439656
0.9794,1407844,72.86369205636103
0.9794,1407844,384.6700020420665
0.9794,1407844,884.3160098019196
0.9794,1407844,901.3025321625483
0.9794,1407844,190.7375944455789
0.9794,1407844,172.0330814784562
0.9794,1407844,630.0444149479273
0.9794,1407844,496.49877476005713
0.9794,1407844,904.0099040228712
0.9794,1407844,591.5389013681846
0.9794,1407844,627.3025321625485
0.9794,1407844,1001.6966510108228
0.9794,1407844,555.5968960588115
0.9794,1407844,412.73963651215024
0.9794,1407844,976.5914845823974
0.9794,1407844,441.8857463753318
0.9794,1407844,216.5014294466
0.9794,1407844,771.6946089442515
0.9794,1407844,802.5419644680416
0.9794,1407844,574.4060649377169
0.9794,1407844,616.2375944455789
0.9794,1407844,324.2762916071064
0.9794,1407844,761.0103124361854
0.9794,1407844,800.9043291811313
0.9794,1407844,697.1937921176229
0.9794,1407844,619.4511946089443
0.9794,1407844,665.3135593220339
0.9794,1407844,929.2598529712068
0.9794,1407844,985.8527670002042
0.9794,1407844,1028.2118644067796
0.9794,1407844,753.0720849499694
0.9794,1407844,444.3055952624055
0.9794,1407844,734.0247090055136
0.9794,1407844,444.1114968347968
0.9794,1407844,654.6035327751684
0.9794,1407844,696.4727384112722
0.9794,1407844,720.2720032673064
0.9794,1407844,940.1344700837246
0.9794,1407844,15.61792934449663
0.9794,1407844,976.4857055340004
0.9794,1407844,567.9276087400449
0.9794,1407844,417.1369205636104
0.9794,1407844,612.2391259955074
0.9794,1407844,482.8997345313457
0.9794,1407844,785.0858688993261
0.9794,1407844,755.8465386971616
0.9794,1407844,391.1308964672248
0.9794,1407844,731.8440882172758
0.9794,1407844,144.01919542577087
0.9794,1407844,843.7021645905656
0.9794,1407844,53.835001021033285
0.9794,1407844,104.90769859097406
0.9794,1407844,1105.4887686338575
0.9794,1407844,448.5858688993261
0.9794,1407844,779.0018378599142
0.9794,1407844,452.4125995507453
0.9794,1407844,697.5428833979987
0.9794,1407844,421.53614457831327
0.9794,1407844,34.36216050643251
0.9794,1407844,286.7408617520931
0.9794,1407844,503.7865019399632
0.9794,1407844,885.6316111905248
0.9794,1407844,148.309270982234
0.9794,1407844,622.507351439657
0.9794,1407844,163.080457422912
0.9794,1407844,733.0054114764141
0.9794,1407844,1094.8404124974477
0.9794,1407844,701.5232795589136
0.9794,1407844,378.6779661016949
0.9794,1407844,512.7486216050643
0.9794,1407844,762.7734327139065
0.9794,1407844,633.204206657137
0.9794,1407844,808.6763324484378
0.9794,1407844,414.41270165407394
0.9794,1407844,750.5482948744128
0.9794,1407844,762.0178680824994
0.9794,1407844,878.4912191137431
0.9794,1407844,676.4310802532161
0.9794,1407844,465.9603839085154
0.9794,1407844,600.5010210332857
0.9794,1407844,554.9954053502144
0.9794,1407844,926.390647335103
0.9794,1407844,303.8135593220339
0.9794,1407844,847.24892791505
0.9794,1407844,931.3336736777618
0.9794,1407844,865.394220951603
0.9794,1407844,348.69246477435166
0.9794,1407844,809.2560751480498
0.9794,1407844,443.7186032264651
0.9794,1407844,727.7938533796201
0.9794,1407844,553.4120890341025
0.9794,1407844,750.5452317745558
0.9794,1407844,638.0077598529712
0.9794,1407844,696.24821319175
0.9794,1407844,653.3079436389626
0.9794,1407844,972.19685521748
0.9794,1407844,767.4921380437002
0.9794,1407844,797.0813763528691
0.9794,1407844,148.30600367571984
0.9794,1407844,23.198590974065755
0.9794,1407844,189.64580355319583
0.9794,1407844,928.15478864611
0.9794,1407844,920.920972023688
0.9794,1407844,696.4663059015724
0.9794,1407844,158.1590769859097
0.9794,1407844,590.5365529916274
0.9794,1407844,251.96354911170104
0.9794,1407844,452.9516030222585
0.9794,1407844,296.64958137635284
0.9794,1407844,601.011843986114
0.9794,1407844,399.6900142944659
0.9794,1407844,296.0058198897284
0.9794,1407844,981.6813355115376
0.9794,1407844,565.2030835205227
0.9794,1407844,405.3030426791913
0.9794,1407844,534.215335919951
0.9794,1407844,646.2931386563201
0.9794,1407844,41.68470492138044
0.9794,1407844,1103.3375536042474
0.9794,1407844,520.0734122932407
0.9794,1407844,389.4682458648152
0.9794,1407844,269.6352869103533
0.9794,1407844,623.2082907902796
0.9794,1407844,326.2692464774351
0.9794,1407844,524.6679599754951
0.9794,1407844,876.1112926281396
0.9794,1407844,458.5019399632428
0.9794,1407844,407.1693894220952
0.9794,1407844,681.1920563610373
0.9794,1407844,569.615478864611
0.9794,1407844,896.2421890953644
0.9794,1407844,568.8867674086175
0.9794,1407844,365.31948131509085
0.9794,1407844,715.2464774351643
0.9794,1407844,611.3040637124769
0.9794,1407844,700.2905860731059
0.9794,1407844,393.8952419848887
0.9794,1407844,584.5144986726566
0.9794,1407844,640.4898917704717
0.9794,1407844,634.3511333469471
0.9794,1407844,207.79681437614863
0.9794,1407844,630.9887686338575
0.9794,1407844,1000.8307126812334
0.9794,1407844,565.8660404329181
0.9794,1407844,648.5496222176843
0.9794,1407844,787.0464570144986
0.9794,1407844,426.1852154380233
0.9794,1407844,613.6917500510517
0.9794,1407844,801.6054727384112
0.9794,1407844,440.8514396569328
0.9794,1407844,1046.826526444762
0.9794,1407844,559.6877680212374
0.9794,1407844,421.9163773739024
0.9794,1407844,978.8809475188892
0.9794,1407844,189.33255054114764
0.9794,1407844,915.1326322238104
0.9794,1407844,125.01061874617112
0.9794,1407844,619.7531141515213
0.9794,1407844,889.6646926689809
0.9794,1407844,544.4465999591587
0.9794,1407844,567.9360833163161
0.9794,1407844,554.9160710639167
0.9794,1407844,112.06258934041249
0.9794,1407844,484.3677761895037
0.9794,1407844,876.3970798448029
0.9794,1407844,752.3154992852767
0.9794,1407844,436.99938738002857
0.9794,1407844,945.8806412089032
0.9794,1407844,758.5116397794568
0.9794,1407844,130.57433122319787
0.9794,1407844,579.3584847866041
0.9794,1407844,397.321114968348
0.9794,1407844,337.4891770471717
0.9794,1407844,389.5664692668981
0.9794,1407844,771.1437614866244
0.9794,1407844,886.4442515826015
0.9794,1407844,299.40790279763115
0.9794,1407844,685.2673065141923
0.9794,1407844,747.9383295895445
0.9794,1407844,598.8422503573615
0.9794,1407844,712.7111496834797
0.9794,1407844,437.1948131509087
0.9794,1407844,547.1225239942822
0.9794,1407844,488.04257708801305
0.9794,1407844,616.1916479477231
0.9794,1407844,535.0020420665713
0.9794,1407844,381.3776802123749
0.9794,1407844,921.3302021645906
0.9794,1407844,196.15284868286705
0.9794,1407844,19.618848274453747
0.9794,1407844,718.7834388401061
0.9794,1407844,188.89667143148867
0.9794,1407844,779.2510720849499
0.9794,1407844,629.8783949356749
0.9794,1407844,762.0410455380845
0.9794,1407844,804.54849908107
0.9794,1407844,70.19072901776597
0.9794,1407844,719.5453338778844
0.9794,1407844,82.09454768225444
0.9794,1407844,508.04543598121296
0.9794,1407844,1044.5882172758832
0.9794,1407844,115.97539309781496
0.9794,1407844,87.76546865427812
0.9794,1407844,651.3538901368184
0.9794,1407844,64.79691647947723
0.9794,1407844,299.4929548703288
0.9794,1407844,794.6864406779662
0.9794,1407844,485.3676740861752
0.9794,1407844,321.08229528282624
0.9794,1407844,192.28180518684908
0.9794,1407844,649.1492750663671
0.9794,1407844,573.4430263426588
0.9794,1407844,679.3156013886052
0.9794,1407844,161.94374106595873
0.9794,1407844,542.6714314886665
0.9794,1407844,692.1406983867674
0.9794,1407844,820.5358382683274
0.9794,1407844,772.193077394323
0.9794,1407844,447.20594241372265
0.9794,1407844,722.3406167041046
0.9794,1407844,274.22799673269344
0.9794,1407844,567.7878292832346
0.9794,1407844,116.22013477639368
0.9794,1407844,191.4864202573004
0.9794,1407844,169.0356340616704
0.9794,1407844,452.7986522360629
0.9794,1407844,473.7342250357361
0.9794,1407844,1084.7504594649786
0.9794,1407844,614.2121707167653
0.9794,1407844,652.382376965489
0.9794,1407844,766.2739432305493
0.9794,1407844,480.5369614049418
0.9794,1407844,1027.1876659179088
0.9794,1407844,689.9767204410863
0.9794,1407844,577.0719828466408
0.9794,1407844,678.5858688993261
0.9794,1407844,175.77118644067795
0.9794,1407844,1100.1153767612825
0.9794,1407844,859.6000612619971
0.9794,1407844,972.1002654686542
0.9794,1407844,463.2978354094343
0.9794,1407844,605.041862364713
0.9794,1407844,873.2105370635082
0.9794,1407844,574.5672860935266
0.9794,1407844,33.00561568307126
0.9794,1407844,754.7529099448642
0.9794,1407844,238.6426383500102
0.9794,1407844,527.2589340412496
0.9794,1407844,697.1920563610373
0.9794,1407844,44.75403308147845
0.9794,1407844,45.49081070042883
0.9794,1407844,638.0769859097406
0.9794,1407844,517.6267102307535
0.9794,1407844,762.8481723504186
0.9794,1407844,427.6720441086379
0.9794,1407844,244.5627935470696
0.9794,1407844,906.0336940984276
0.9794,1407844,973.4096385542168
0.9794,1407844,1062.328466408005
0.9794,1407844,641.4670206248724
0.9794,1407844,853.8572595466611
0.9794,1407844,957.5465591178272
0.9794,1407844,382.75648356136406
0.9794,1407844,457.1316111905248
0.9794,1407844,0.7014498672656729
0.9794,1407844,1059.9682458648151
0.9794,1407844,768.359914233204
0.9794,1407844,576.6749030018378
0.9794,1407844,561.4489483357157
0.9794,1407844,1090.8603226465182
0.9794,1407844,502.45844394527256
0.9794,1407844,985.3007964059628
0.9794,1407844,694.169899938738
0.9794,1407844,531.6052685317541
0.9794,1407844,723.2719011639779
0.9794,1407844,358.39013681846023
0.9794,1407844,421.5341025117419
0.9794,1407844,77.1983867674086
0.9794,1407844,715.7835409434348
0.9794,1407844,657.055850520727
0.9794,1407844,977.4643659383296
0.9794,1407844,884.5293036552991
0.9794,1407844,986.476312027772
0.9794,1407844,777.7698590974065
0.9794,1407844,599.9176026138451
0.9794,1407844,954.5422707780272
0.9794,1407844,461.6242597508679
0.9794,1407844,743.9435368593015
0.9794,1407844,482.96007759852967
0.9794,1407844,409.49948948335714
0.9794,1407844,917.9686542781294
0.9794,1407844,612.7159485399225
0.9794,1407844,547.5697365734122
0.9794,1407844,886.7894629364918
0.9794,1407844,578.7282009393507
0.9794,1407844,274.1783745150092
0.9794,1407844,563.05064325097
0.9794,1407844,66.0077598529712
0.9794,1407844,1050.619256687768
0.9794,1407844,643.358995303247
0.9794,1407844,761.270471717378
0.9794,1407844,210.091586685726
0.9794,1407844,393.1259955074535
0.9794,1407844,19.483050847457623
0.9794,1407844,501.5535021441698
0.9794,1407844,847.8753318358177
0.9794,1407844,449.933734939759
0.9794,1407844,616.2542372881355
0.9794,1407844,660.8756381458036
0.9794,1407844,781.713191750051
0.9794,1407844,1071.2353481723503
0.9794,1407844,438.5495201143557
0.9794,1407844,235.56555033694096
0.9794,1407844,889.1968552174801
0.9794,1407844,820.7965080661629
0.9794,1407844,133.20083724729423
0.9794,1407844,641.8747192158464
0.9794,1407844,691.8945272615887
0.9794,1407844,803.8196855217479
0.9794,1407844,719.8289769246477
0.9794,1407844,856.953849295487
0.9794,1407844,758.6065958750255
0.9794,1407844,644.044006534613
0.9794,1407844,906.3453134572188
0.9794,1407844,543.0331835817848
0.9794,1407844,826.655197059424
0.9794,1407844,1067.2974269961198
0.9794,1407844,658.1606085358382
0.9794,1407844,737.122319787625
0.9794,1407844,74.79456810292015
0.9794,1407844,561.2616908311211
0.9794,1407844,967.333673677762
0.9794,1407844,925.6658158055952
0.9794,1407844,695.1252807841536
0.9794,1407844,740.7839493567491
0.9794,1407844,771.2622013477638
0.9794,1407844,446.7952828262201
0.9794,1407844,450.9950990402287
0.9794,1407844,522.7020624872371
0.9794,1407844,966.4185215438024
0.9794,1407844,726.1188482744537
0.9794,1407844,569.4839697774147
0.9794,1407844,554.0115376761282
0.9794,1407844,542.0108229528282
0.9794,1407844,173.1874617112518
0.9794,1407844,719.4409842760873
0.9794,1407844,958.6062895650398
0.9794,1407844,774.4603839085154
0.9794,1407844,467.8721666326322
0.9794,1407844,623.0607514804982
0.9794,1407844,435.5719828466408
0.9794,1407844,90.5174596691852
0.9794,1407844,713.6570349193383
0.9794,1407844,183.95936287522971
0.9794,1407844,510.9520114355728
0.9794,1407844,174.2477026751072
0.9794,1407844,172.85092914028996
0.9794,1407844,1101.3377578109046
0.9794,1407844,452.0725954666122
0.9794,1407844,406.7508678782928
0.9794,1407844,1092.0320604451704
0.9794,1407844,1059.5050030630998
0.9794,1407844,516.8476618337758
0.9794,1407844,1093.2556667347355
0.9794,1407844,1090.8981008780886
0.9794,1407844,609.3420461507044
0.9794,1407844,379.8530733101898
0.9794,1407844,593.5683071268122
0.9794,1407844,333.29957116602003
0.9794,1407844,945.7061466203796
0.9794,1407844,238.89228098836023
0.9794,1407844,999.9689605881152
0.9794,1407844,420.0210332856851
0.9794,1407844,641.255564631407
0.9794,1407844,242.370328772718
0.9794,1407844,160.14835613641003
0.9794,1407844,901.1823565448234
0.9794,1407844,726.4001429446599
0.9794,1407844,595.2916071063917
0.9794,1407844,950.4300592199304
0.9794,1407844,159.6092505615683
0.9794,1407844,776.3668572595466
0.9794,1407844,399.839085154176
0.9794,1407844,411.55779048396977
0.9794,1407844,29.43853379620176
0.9794,1407844,978.160914845824
0.9794,1407844,424.8776802123749
0.9794,1407844,609.1957320808658
0.9794,1407844,992.4825403308148
0.9794,1407844,627.876454972432
0.9794,1407844,941.7258525627934
0.9794,1407844,590.1266081274249
0.9794,1407844,235.48519501735757
0.9794,1407844,460.5729017765979
0.9794,1407844,530.7737390238922
0.9794,1407844,829.924035123545
0.9794,1407844,392.93026342658766
0.9794,1407844,913.1309985705534
0.9794,1407844,578.4543598121298
0.9794,1407844,874.074024913212
0.9794,1407844,756.559628343884
0.9794,1407844,797.8209107616908
0.9794,1407844,753.5696344700837
0.9794,1407844,773.9787625076577
0.9794,1407844,1076.618950377782
0.9794,1407844,751.638452113539
0.9794,1407844,846.3401061874616
0.9794,1407844,175.96344700837247
0.9794,1407844,291.5590157239126
0.9794,1407844,113.7736369205636
0.9794,1407844,758.8222381049623
0.9794,1407844,622.6110884214825
0.9794,1407844,725.7573003879926
0.9794,1407844,515.7290177659792
0.9794,1407844,1100.346436593833
0.9794,1407844,1014.912701654074
0.9794,1407844,759.1712272820093
0.9794,1407844,522.4842760874004
0.9794,1407844,569.4924443536859
0.9794,1407844,500.4082091076169
0.9794,1407844,1098.9942822136002
0.9794,1407844,979.5845415560548
0.9794,1407844,224.26506024096383
0.9794,1407844,21.836940984276087
0.9794,1407844,219.77700633040635
0.9794,1407844,125.9733510312436
0.9794,1407844,505.8992240147029
0.9794,1407844,820.6042474984683
0.9794,1407844,1073.9053502144168
0.9794,1407844,545.7821114968348
0.9794,1407844,664.0837247294261
0.9794,1407844,682.9386358995303
0.9794,1407844,205.7982438227486
0.9794,1407844,587.2601592811925
0.9794,1407844,650.6064937716968
0.9794,1407844,392.441801102716
0.9794,1407844,734.0321625484991
0.9794,1407844,960.2649581376352
0.9794,1407844,378.9896875638146
0.9794,1407844,381.5864815192975
0.9794,1407844,523.9110680008168
0.9794,1407844,478.4107616908311
0.9794,1407844,566.2839493567491
0.9794,1407844,698.7817030835205
0.9794,1407844,921.0223606289564
0.9794,1407844,907.842148254033
0.9794,1407844,754.1871554012661
0.9794,1407844,829.2716969573208
0.9794,1407844,1019.893302021646
0.9794,1407844,938.8190729017766
0.9794,1407844,763.6761282417806
0.9794,1407844,690.3916683683888
0.9794,1407844,10.180110271594852
0.9794,1407844,440.8098836022054
0.9794,1407844,924.3924851950172
0.9794,1407844,639.7902797631202
0.9794,1407844,811.0912803757402
0.9794,1407844,933.7451500918928
0.9794,1407844,360.3046763324484
0.9794,1407844,586.8287727179905
0.9794,1407844,178.9809066775577
0.9794,1407844,300.31315090871965
0.9794,1407844,810.8330610577905
0.9794,1407844,987.0587094139267
0.9794,1407844,789.7612824178068
0.9794,1407844,820.3400040841332
0.9794,1407844,172.9244435368593
0.9794,1407844,700.3430671839902
0.9794,1407844,592.721257913008
0.9794,1407844,826.1570349193383
0.9794,1407844,214.6252807841536
0.9794,1407844,380.8759444557893
0.9794,1407844,47.28394935674903
0.9794,1407844,983.3902389217888
0.9794,1407844,679.5664692668981
0.9794,1407844,484.2032877271799
0.9794,1407844,1060.1433530733102
0.9794,1407844,540.4795793342862
0.9794,1407844,231.76403920767817
0.9794,1407844,204.0345109250561
0.9794,1407844,807.8828874821319
0.9794,1407844,679.9539513988155
0.9794,1407844,282.0501327343271
0.9794,1407844,517.1089442515826
0.9794,1407844,515.190933224423
0.9794,1407844,213.1931794976516
0.9794,1407844,657.5516642842556
0.9794,1407844,890.2029814171941
0.9794,1407844,232.1131304880539
0.9794,1407844,757.2238104962221
0.9794,1407844,585.5299162752705
0.9794,1407844,879.5658566469267
0.9794,1407844,713.7060445170512
0.9794,1407844,245.12364713089644
0.9794,1407844,414.5923014090259
0.9794,1407844,279.6376352869103
0.9794,1407844,547.5122523994282
0.9794,1407844,658.627527057382
0.9794,1407844,637.1477435164386
0.9794,1407844,494.4676332448438
0.9794,1407844,42.38819685521748
0.9794,1407844,728.487441290586
0.9794,1407844,76.83418419440474
0.9794,1407844,1104.1286501939962
0.9794,1407844,823.9282213600162
0.9794,1407844,611.1619358791096
0.9794,1407844,770.513477639371
0.9794,1407844,818.4529303655299
0.9794,1407844,1071.236369205636
0.9794,1407844,1044.5538084541554
0.9794,1407844,977.1333469471105
0.9794,1407844,611.8355115376761
0.9794,1407844,193.7434143353073
0.9794,1407844,863.7113538901368
0.9794,1407844,734.0352256483561
0.9794,1407844,827.8970798448029
0.9794,1407844,754.8117214621196
0.9794,1407844,494.6051664284256
0.9794,1407844,813.3687972227893
0.9794,1407844,1031.7627118644068
0.9794,1407844,245.52664896875635
0.9794,1407844,752.0861752093118
0.9794,1407844,702.0345109250561
0.9794,1407844,421.2160506432509
0.9794,1407844,503.5920972023688
0.9794,1407844,256.25178680825
0.9794,1407844,883.6792934449662
0.9794,1407844,1061.477537267715
0.9794,1407844,259.2616908311211
0.9794,1407844,700.8712477026751
0.9794,1407844,446.5317541351848
0.9794,1407844,906.8568511333468
0.9794,1407844,539.9838676740861
0.9794,1407844,805.034306718399
0.9794,1407844,215.8112109454768
0.9794,1407844,895.35164386359
0.9794,1407844,931.815192975291
0.9794,1407844,704.1047580151112
0.9794,1407844,195.7888503165203
0.9794,1407844,747.0265468654277
0.9794,1407844,816.7767000204207
0.9794,1407844,729.2618950377782
0.9794,1407844,420.6793955482949
0.9794,1407844,189.35705534000408
0.9794,1407844,451.980600367572
0.9794,1407844,467.5066367163569
0.9794,1407844,83.66111905248111
0.9794,1407844,423.0888298958546
0.9794,1407844,1081.4067796610168
0.9794,1407844,1025.8833979987746
0.9794,1407844,587.4868286706146
0.9794,1407844,281.16612211558095
0.9794,1407844,683.8833979987747
0.9794,1407844,672.4921380437002
0.9794,1407844,1049.5072493363284
0.9794,1407844,250.17786399836635
0.9794,1407844,483.8754339391464
0.9794,1407844,913.5638145803554
0.9794,1407844,397.9071880743312
0.9794,1407844,233.7249336328364
0.9794,1407844,590.5445170512558
0.9794,1407844,272.44751888911577
0.9794,1407844,901.8767612824178
0.9794,1407844,192.20032673065143
0.9794,1407844,1003.5108229528282
0.9794,1407844,988.3461302838472
0.9794,1407844,783.6353890136818
0.9794,1407844,796.7955891362059
0.9794,1407844,618.8389830508474
0.9794,1407844,908.04421074127
0.9794,1407844,914.3217275883194
0.9794,1407844,530.2841535634062
0.9794,1407844,502.50980191954255
0.9794,1407844,519.6160914845824
0.9794,1407844,970.001633653257
0.9794,1407844,483.96589748825807
0.9794,1407844,759.4060649377169
0.9794,1407844,967.940575862773
0.9794,1407844,887.6489687563814
0.9794,1407844,715.7545435981212
0.9794,1407844,686.6513171329385
0.9794,1407844,600.3214212783337
0.9794,1407844,356.2360628956504
0.9794,1407844,797.1123136614252
0.9794,1407844,103.87104349601798
0.9794,1407844,250.96283438840103
0.9794,1407844,975.689299571166
0.9794,1407844,276.2272820093935
0.9794,1407844,394.9544619154584
0.9794,1407844,753.7283030426792
0.9794,1407844,804.0448233612415
0.9794,1407844,857.7521952215642
0.9794,1407844,220.36726567286087
0.9794,1407844,619.2543393914641
0.9794,1407844,761.157341229324
0.9794,1407844,554.6250765774964
0.9794,1407844,120.61813355115376
0.9794,1407844,926.1877680212374
0.9794,1407844,911.186440677966
0.9794,1407844,90.160200122524
0.9794,1407844,674.1911374310803
0.9794,1407844,883.5862773126404
0.9794,1407844,676.9661016949152
0.9794,1407844,120.19838676740862
0.9794,1407844,271.06126199714106
0.9794,1407844,253.6328364304676
0.9794,1407844,498.8853379620175
0.9794,1407844,363.66744945885233
0.9794,1407844,663.5773943230549
0.9794,1407844,586.0967939554829
0.9794,1407844,1034.69828466408
0.9794,1407844,452.1915458443945
0.9794,1407844,338.5083724729426
0.9794,1407844,313.6886869511946
0.9794,1407844,880.5001021033286
0.9794,1407844,357.6301817439248
0.9794,1407844,588.7390238921788
0.9794,1407844,793.6446804165815
0.9794,1407844,550.8917704717173
0.9794,1407844,443.1600980191954
0.9794,1407844,266.2775168470492
0.9794,1407844,134.38156013886052
0.9794,1407844,507.7275883193792
0.9794,1407844,642.5493159076985
0.9794,1407844,69.26077190116398
0.9794,1407844,190.62589340412495
0.9794,1407844,719.6931794976515
0.9794,1407844,683.090157239126
0.9794,1407844,52.650908719624255
0.9794,1407844,679.7659791709209
0.9794,1407844,511.86093526648966
0.9794,1407844,206.2792526036349
0.9794,1407844,726.7878292832346
0.9794,1407844,549.0974065754543
0.9794,1407844,885.757913007964
0.9794,1407844,958.8050847457628
0.9794,1407844,857.993363283643
0.9794,1407844,361.6216050643251
0.9794,1407844,357.9847866040433
0.9794,1407844,875.7145190933225
0.9794,1407844,823.3868695119461
0.9794,1407844,434.4044312844598
0.9794,1407844,1029.5902593424546
0.9794,1407844,339.3777823157035
0.9794,1407844,165.00367571982846
0.9794,1407844,251.17949765162345
0.9794,1407844,295.86164998978967
0.9794,1407844,640.0948539922401
0.9794,1407844,497.6347763937104
0.9794,1407844,237.51827649581375
0.9794,1407844,643.8981008780886
0.9794,1407844,587.5930161323259
0.9794,1407844,902.8201960383908
0.9794,1407844,1005.2232999795792
0.9794,1407844,680.4528282622014
0.9794,1407844,803.8945272615887
0.9794,1407844,646.1271186440678
0.9794,1407844,867.279661016949
0.9794,1407844,377.6584643659383
0.9794,1407844,341.0556463140698
0.9794,1407844,415.2829283234633
0.9794,1407844,580.7588319379212
0.9794,1407844,809.1671431488666
0.9794,1407844,509.0348172350418
0.9794,1407844,837.6323259138248
0.9794,1407844,705.2890545231774
0.9794,1407844,644.8460281805186
0.9794,1407844,552.2671023075352
0.9794,1407844,728.9452726158872
0.9794,1407844,845.2837451500918
0.9794,1407844,863.3302021645906
0.9794,1407844,322.67235041862364
0.9794,1407844,1106.1898100878088
0.9794,1407844,546.1975699407801
0.9794,1407844,306.34357770063303
0.9794,1407844,255.090871962426
0.9794,1407844,201.5663671635695
0.9794,1407844,25.597202368797223
0.9794,1407844,589.5297120686134
0.9794,1407844,678.05064325097
0.9794,1407844,556.4717173779866
0.9794,1407844,453.7895650398203
0.9794,1407844,395.4117827241168
0.9794,1407844,989.8170308352052
0.9794,1407844,770.0209311823565
0.9794,1407844,860.9054523177455
0.9794,1407844,496.79313865632014
0.9794,1407844,348.0974065754544
0.9794,1407844,172.0041862364713
0.9794,1407844,709.6533591995099
0.9794,1407844,803.1170104145395
0.9794,1407844,532.4914233204003
0.9794,1407844,720.4818256075148
0.9794,1407844,658.4339391464162
0.9794,1407844,1107.9672248315294
0.9794,1407844,529.9682458648151
0.9794,1407844,119.59965284868288
0.9794,1407844,1058.9414947927305
0.9794,1407844,127.02828262201348
0.9794,1407844,993.8356136410048
0.9794,1407844,819.4942822136002
0.9794,1407844,517.257913007964
0.9794,1407844,584.8027363692056
0.9794,1407844,544.6351848070246
0.9794,1407844,1070.3742086992036
0.9794,1407844,988.366040432918
0.9794,1407844,246.3190729017766
0.9794,1407844,634.0985297120686
0.9794,1407844,890.3550132734326
0.9794,1407844,946.4429242393302
0.9794,1407844,16.10618746171125
0.9794,1407844,553.5818868695119
0.9794,1407844,647.7335103124362
0.9794,1407844,679.3923830916888
0.9794,1407844,502.64988768633856
0.9794,1407844,843.7521952215642
0.9794,1407844,272.5699407800694
0.9794,1407844,305.6849091280376
0.9794,1407844,484.00561568307126
0.9794,1407844,631.8279558913621
0.9794,1407844,172.83806412089035
0.9794,1407844,695.3843169287318
0.9794,1407844,543.6815397181948
0.9794,1407844,377.4550745354298
0.9794,1407844,572.4975495201144
0.9794,1407844,950.8528691035328
0.9794,1407844,773.5059219930569
0.9794,1407844,445.9327139064733
0.9794,1407844,731.1974678374515
0.9794,1407844,804.7819072901776
0.9794,1407844,557.0676945068409
0.9794,1407844,517.555850520727
0.9794,1407844,735.5317541351848
0.9794,1407844,353.0442107412701
0.9794,1407844,503.98703287727176
0.9794,1407844,953.64478251991
0.9794,1407844,1031.237083928936
0.9794,1407844,53.366857259546656
0.9794,1407844,538.3646109863182
0.9794,1407844,1040.3655299162751
0.9794,1407844,479.6630590157239
0.9794,1407844,966.724525219522
0.9794,1407844,447.8603226465183
0.9794,1407844,292.71850112313655
0.9794,1407844,711.0599346538697
0.9794,1407844,507.275678987135
0.9794,1407844,614.862058403104
0.9794,1407844,1048.2200326730651
0.9794,1407844,129.30569736573412
0.9794,1407844,388.07351439656935
0.9794,1407844,1084.458750255258
0.9794,1407844,700.8284664080048
0.9794,1407844,695.8849295487033
0.9794,1407844,862.023892178885
0.9794,1407844,420.7668981008781
0.9794,1407844,198.94343475597304
0.9794,1407844,466.920257300388
0.9794,1407844,453.5171533591995
0.9794,1407844,14.743312231978765
0.9794,1407844,554.695936287523
0.9794,1407844,817.8730855625893
0.9794,1407844,21.60067388196855
0.9794,1407844,646.2542372881356
0.9794,1407844,646.367469879518
0.9794,1407844,567.2336124157647
0.9794,1407844,622.8520522769041
0.9794,1407844,767.7085971002655
0.9794,1407844,648.2542372881356
0.9794,1407844,87.43690014294465
0.9794,1407844,513.911272207474
0.9794,1407844,979.0863794159688
0.9794,1407844,248.81794976516235
0.9794,1407844,445.4376148662446
0.9794,1407844,643.7608740044925
0.9794,1407844,869.3112109454768
0.9794,1407844,171.19522156422298
0.9794,1407844,958.365121502961
0.9794,1407844,810.6756177251377
0.9794,1407844,750.237083928936
0.9794,1407844,969.6259955074536
0.9794,1407844,793.1732693485807
0.9794,1407844,335.7264651827649
0.9794,1407844,383.6568307126812
0.9794,1407844,562.0183785991422
0.9794,1407844,424.4044312844599
0.9794,1407844,645.7152338166223
0.9794,1407844,571.5999591586686
0.9794,1407844,1068.5254237288134
0.9794,1407844,394.6173167245252
0.9794,1407844,330.19940780069425
0.9794,1407844,390.0734122932407
0.9794,1407844,450.6582601592812
0.9794,1407844,300.09209720236873
0.9794,1407844,742.328670614662
0.9794,1407844,451.4457831325301
0.9794,1407844,818.304778435777
0.9794,1407844,354.6507045129671
0.9794,1407844,440.9919338370431
0.9794,1407844,879.7819072901776
0.9794,1407844,659.517255462528
0.9794,1407844,933.2168674698796
0.9794,1407844,387.15152133959566
0.9794,1407844,601.5846436593832
0.9794,1407844,981.8373493975904
0.9794,1407844,809.4599754952012
0.9794,1407844,286.4192362671023
0.9794,1407844,700.7671023075352
0.9794,1407844,586.0379824382275
0.9794,1407844,1058.7876250765771
0.9794,1407844,247.87910965897487
0.9794,1407844,973.2138043700224
0.9794,1407844,115.09219930569736
0.9794,1407844,536.5883193792117
0.9794,1407844,438.2923218296917
0.9794,1407844,900.8305084745764
0.9794,1407844,427.3334694711047
0.9794,1407844,863.666122115581
0.9794,1407844,269.9991831733715
0.9794,1407844,725.8066162956912
0.9794,1407844,758.4683479681437
0.9794,1407844,940.4377169695732
0.9794,1407844,763.1085358382683
0.9794,1407844,358.9489483357157
0.9794,1407844,691.1135389013682
0.9794,1407844,261.42515826015926
0.9794,1407844,769.0621809270982
0.9794,1407844,1044.6259955074536
0.9794,1407844,659.867980396161
0.9794,1407844,556.5623851337554
0.9794,1407844,485.1218092709822
0.9794,1407844,351.35256279354707
0.9794,1407844,486.07525015315497
0.9794,1407844,902.3298958546048
0.9794,1407844,646.3075352256484
0.9794,1407844,863.9031039411885
0.9794,1407844,440.2346334490504
0.9794,1407844,589.7196242597508
0.9794,1407844,219.4186236471309
0.9794,1407844,599.881662242189
0.9794,1407844,854.7988564427201
0.9794,1407844,847.5450275678986
0.9794,1407844,601.1834796814376
0.9794,1407844,531.3835001021033
0.9794,1407844,886.6644884623238
0.9794,1407844,755.9332244231161
0.9794,1407844,903.680314478252
0.9794,1407844,769.8578721666325
0.9794,1407844,519.3131509087195
0.9794,1407844,814.1711251786808
0.9794,1407844,666.1637737390238
0.9794,1407844,531.5737186032264
0.9794,1407844,946.0710639166836
0.9794,1407844,792.7715948539923
0.9794,1407844,370.9946906269144
0.9794,1407844,641.3578721666325
0.9794,1407844,846.2713906473351
0.9794,1407844,1000.2692464774352
0.9794,1407844,327.1218092709822
0.9794,1407844,432.0540126608128
0.9794,1407844,729.4103532775168
0.9794,1407844,15.794465999591583
0.9794,1407844,242.6388605268532
0.9794,1407844,960.8164182152336
0.9794,1407844,995.116193587911
0.9794,1407844,334.1481519297529
0.9794,1407844,267.66571370226666
0.9794,1407844,938.6653052889524
0.9794,1407844,194.4191341637737
0.9794,1407844,437.356136410047
0.9794,1407844,905.178885031652
0.9794,1407844,603.8247906881763
0.9794,1407844,711.9738615478864
0.9794,1407844,763.5154176026139
0.9794,1407844,131.51776597917092
0.9794,1407844,1044.80314478252
0.9794,1407844,827.5340004084132
0.9794,1407844,328.963549111701
0.9794,1407844,437.3709413926894
0.9794,1407844,499.9437410659587
0.9794,1407844,785.0313457218705
0.9794,1407844,661.9144374106595
0.9794,1407844,490.4963242801716
0.9794,1407844,325.2739432305493
0.9794,1407844,895.125382887482
0.9794,1407844,763.0181743924851
0.9794,1407844,415.84939759036143
0.9794,1407844,995.2063508270368
0.9794,1407844,131.58546048601184
0.9794,1407844,894.7126812334081
0.9794,1407844,723.7031856238513
0.9794,1407844,285.0113334694711
0.9794,1407844,966.6642842556666
0.9794,1407844,246.79201551970596
0.9794,1407844,1056.4372064529305
0.9794,1407844,415.8943230549316
0.9794,1407844,273.90575862773125
0.9794,1407844,388.52726158872775
0.9794,1407844,713.2344292423933
0.9794,1407844,489.2781294670206
0.9794,1407844,139.73442924239328
0.9794,1407844,152.85674903001836
0.9794,1407844,141.0486011843986
0.9794,1407844,500.7197263630794
0.9794,1407844,818.0570757606698
0.9794,1407844,549.2553604247498
0.9794,1407844,652.0947518889116
0.9794,1407844,515.7116602001225
0.9794,1407844,543.564835613641
0.9794,1407844,343.6824586481519
0.9794,1407844,743.5452317745559
0.9794,1407844,679.4461915458444
0.9794,1407844,736.0781090463548
0.9794,1407844,1065.5440065346131
0.9794,1407844,944.1854196446805
0.9794,1407844,713.3806412089033
0.9794,1407844,594.7436185419645
0.9794,1407844,381.970185828058
0.9794,1407844,623.5053093730855
0.9794,1407844,540.2782315703491
0.9794,1407844,682.5041862364714
0.9794,1407844,391.74198488870735
0.9794,1407844,935.808556258934
0.9794,1407844,753.2894629364918
0.9794,1407844,130.2688380641209
0.9794,1407844,566.5519705942413
0.9794,1407844,47.2402491321217
0.9794,1407844,581.2889524198488
0.9794,1407844,998.8680824994892
0.9794,1407844,72.89268940167449
0.9794,1407844,580.3424545640187
0.9794,1407844,793.0568715540127
0.9794,1407844,814.8000816826628
0.9794,1407844,413.1533591995099
0.9794,1407844,820.8102920155197
0.9794,1407844,864.8429650806615
0.9794,1407844,87.52491321217072
0.9794,1407844,616.5429855013274
0.9794,1407844,484.463549111701
0.9794,1407844,812.8407188074331
0.9794,1407844,631.4764141311006
0.9794,1407844,820.8212170716764
0.9794,1407844,1057.453338778844
0.9794,1407844,413.5766795997549
0.9794,1407844,631.5229732489279
0.9794,1407844,372.7007351439657
0.9794,1407844,797.781805186849
0.9794,1407844,860.8664488462324
0.9794,1407844,601.6345721870533
0.9794,1407844,634.8491933837042
0.9794,1407844,945.416683683888
0.9794,1407844,606.7441290586072
0.9794,1407844,26.37022666938942
0.9794,1407844,174.57739432305493
0.9794,1407844,395.7999795793343
0.9794,1407844,666.4496630590157
0.9794,1407844,757.6613232591382
0.9794,1407844,841.4605881151725
0.9794,1407844,178.38462323871758
0.9794,1407844,842.666122115581
0.9794,1407844,758.3352052276904
0.9794,1407844,829.182458648152
0.9794,1407844,1042.7271799060647
0.9794,1407844,678.6168062078823
0.9794,1407844,426.4338370430876
0.9794,1407844,977.8209107616908
0.9794,1407844,50.88666530528895
0.9794,1407844,39.287216663263216
0.9794,1407844,447.0247090055136
0.9794,1407844,132.44925464570144
0.9794,1407844,88.55094956095569
0.9794,1407844,688.6366142536247
0.9794,1407844,513.269756994078
0.9794,1407844,438.0882172758832
0.9794,1407844,1038.272820093935
0.9794,1407844,806.4305697365734
0.9794,1407844,463.7906881764345
0.9794,1407844,1059.8261180314478
0.9794,1407844,158.06289565039822
0.9794,1407844,954.0869920359404
0.9794,1407844,988.1172146211966
0.9794,1407844,240.50673881968552
0.9794,1407844,987.135797426996
0.9794,1407844,1001.9463957525014
0.9794,1407844,204.25954666122112
0.9794,1407844,269.32897692464775
0.9794,1407844,279.0467633244844
0.9794,1407844,466.9652848682867
0.9794,1407844,595.7551562180927
0.9794,1407844,1018.0996528486828
0.9794,1407844,740.6423320400245
0.9794,1407844,477.8180518684909
0.9794,1407844,402.9930569736573
0.9794,1407844,989.7982438227486
0.9794,1407844,298.3723708392894
0.9794,1407844,408.1761282417807
0.9794,1407844,238.159485399224
0.9794,1407844,644.4404737594444
0.9794,1407844,831.7595466612212
0.9794,1407844,107.09240351235452
0.9794,1407844,647.9281192566876
0.9794,1407844,242.0124566060853
0.9794,1407844,686.2231978762508
0.9794,1407844,1029.5978149887685
0.9794,1407844,513.2963038595058
0.9794,1407844,483.2454564018786
0.9794,1407844,965.9156626506024
0.9794,1407844,318.3638962630182
0.9794,1407844,499.9587502552583
0.9794,1407844,386.3808454155605
0.9794,1407844,687.9885644272003
0.9794,1407844,205.1707167653665
0.9794,1407844,440.44853992240144
0.9794,1407844,326.4847866040433
0.9794,1407844,484.9002450479885
0.9794,1407844,767.5280784153563
0.9794,1407844,307.10057177864
0.9794,1407844,576.7387175821931
0.9794,1407844,150.28292832346332
0.9794,1407844,693.8983050847457
0.9794,1407844,402.57913007964055
0.9794,1407844,223.73238717582197
0.9794,1407844,339.5330814784562
0.9794,1407844,467.5233816622422
0.9794,1407844,627.4264856034306
0.9794,1407844,1002.323463344905
0.9794,1407844,517.8488870737185
0.9794,1407844,772.046150704513
0.9794,1407844,473.5367571982847
0.9794,1407844,1038.8745150091893
0.9794,1407844,734.6986930773943
0.9794,1407844,271.8445987339187
0.9794,1407844,1092.8515417602614
0.9794,1407844,980.4587502552582
0.9794,1407844,208.39646722483155
0.9794,1407844,406.6152746579538
0.9794,1407844,551.6615274657953
0.9794,1407844,578.1899121911373
0.9794,1407844,756.0909740657545
0.9794,1407844,604.136512150296
0.9794,1407844,376.1604043291811
0.9794,1407844,415.2876250765775
0.9794,1407844,629.1780682050235
0.9794,1407844,603.3711455993465
0.9794,1407844,516.5681029201552
0.9794,1407844,291.2754747804778
0.9794,1407844,516.5789258729834
0.9794,1407844,545.1218092709822
0.9794,1407844,242.36665305288952
0.9794,1407844,1060.0916887890544
0.9794,1407844,365.4185215438023
0.9794,1407844,963.1499897896672
0.9794,1407844,282.3781907290177
0.9794,1407844,602.0191954257709
0.9794,1407844,604.461200735144
0.9794,1407844,629.3395956708188
0.9794,1407844,407.5022462732285
0.9794,1407844,602.6177251378394
0.9794,1407844,1109.0022462732284
0.9794,1407844,367.4395548294874
0.9794,1407844,682.2394323054931
0.9794,1407844,371.8519501735756
0.9794,1407844,462.8043700224627
0.9794,1407844,613.7896671431488
0.9794,1407844,1003.8214212783336
0.9794,1407844,1089.0743312231978
0.9794,1407844,715.710843373494
0.9794,1407844,680.0327751684704
0.9794,1407844,436.6577496426384
0.9794,1407844,832.1783745150091
0.9794,1407844,687.4155605472738
0.9794,1407844,390.4966305901572
0.9794,1407844,663.7826220134776
0.9794,1407844,792.2473963651214
0.9794,1407844,839.4168878905452
0.9794,1407844,509.4502756789871
0.9794,1407844,581.0794363896263
0.9794,1407844,610.2299366959363
0.9794,1407844,557.2242189095365
0.9794,1407844,917.9669185215436
0.9794,1407844,905.3016132325912
0.9794,1407844,969.3610373698182
0.9794,1407844,1004.64549724321
0.9794,1407844,457.2588319379211
0.9794,1407844,695.1415152133959
0.9794,1407844,276.85715744333265
0.9794,1407844,927.4354706963446
0.9794,1407844,953.719828466408
0.9794,1407844,847.9657953849295
0.9794,1407844,94.20042883397998
0.9794,1407844,947.7580151112926
0.9794,1407844,739.737798652236
0.9794,1407844,458.07412701654073
0.9794,1407844,237.20083724729423
0.9794,1407844,394.0676945068409
0.9794,1407844,908.1269144374106
0.9794,1407844,998.5613641004696
0.9794,1407844,26.68041658158056
0.9794,1407844,294.21543802327955
0.9794,1407844,822.4440473759445
0.9794,1407844,933.168470492138
0.9794,1407844,550.7889524198488
0.9794,1407844,806.8552174800899
0.9794,1407844,960.3151929752908
0.9794,1407844,323.8143761486624
0.9794,1407844,1002.767612824178
0.9794,1407844,577.5383908515417
0.9794,1407844,1096.4329181131304
0.9794,1407844,812.4452726158872
0.9794,1407844,358.6742903818664
0.9794,1407844,268.223606289565
0.9794,1407844,710.8424545640188
0.9794,1407844,1101.5309373085563
0.9794,1407844,246.9147437206453
0.9794,1407844,608.0188891157851
0.9794,1407844,585.1065958750255
0.9794,1407844,582.2432101286502
0.9794,1407844,280.6955278742087
0.9794,1407844,1000.585664692669
0.9794,1407844,210.37849703900343
0.9794,1407844,856.0954666122115
0.9794,1407844,191.03410251174188
0.9794,1407844,406.9659995915866
0.9794,1407844,731.390647335103
0.9794,1407844,251.45987339187252
0.9794,1407844,681.2558709413927
0.9794,1407844,805.9016744945885
0.9794,1407844,1054.7960996528486
0.9794,1407844,935.6100673881969
0.9794,1407844,213.3996324280172
0.9794,1407844,813.2604655911782
0.9794,1407844,730.4496630590156
0.9794,1407844,1050.8077394323054
0.9794,1407844,899.5461507045129
0.9794,1407844,622.6493771696958
0.9794,1407844,239.0979170920972
0.9794,1407844,691.5694302634265
0.9794,1407844,62.13865632019604
0.9794,1407844,926.5730038799264
0.9794,1407844,722.8415356340616
0.9794,1407844,939.985092914029
0.9794,1407844,102.41852154380231
0.9794,1407844,407.2111496834797
0.9794,1407844,720.9789667143149
0.9794,1407844,361.8508270369614
0.9794,1407844,638.0469675311415
0.9794,1407844,558.4454768225444
0.9794,1407844,20.34327139064733
0.9794,1407844,761.1272207473963
0.9794,1407844,141.23810496222177
0.9794,1407844,810.1840923014089
0.9794,1407844,457.8968756381458
0.9794,1407844,1000.3981008780886
0.9794,1407844,72.76495813763529
0.9794,1407844,500.070042883398
0.9794,1407844,725.1806207882377
0.9794,1407844,456.7389217888503
0.9794,1407844,715.3715540126608
0.9794,1407844,267.32356544823364
0.9794,1407844,750.693077394323
0.9794,1407844,847.3951398815601
0.9794,1407844,479.9484378190729
0.9794,1407844,649.2039003471513
0.9794,1407844,763.4242393302022
0.9794,1407844,761.0024504798855
0.9794,1407844,455.1383500102103
0.9794,1407844,324.559628343884
0.9794,1407844,472.8422503573616
0.9794,1407844,509.121605064325
0.9794,1407844,945.4492546457012
0.9794,1407844,9.018276495813762
0.9794,1407844,1099.8976924647743
0.9794,1407844,916.5577904839696
0.9794,1407844,608.9147437206452
0.9794,1407844,413.4793751276292
0.9794,1407844,500.7071676536655
0.9794,1407844,441.2277925260364
0.9794,1407844,570.3665509495609
0.9794,1407844,993.3752297324892
0.9794,1407844,434.8095772922197
0.9794,1407844,809.1058811517255
0.9794,1407844,474.9009597712885
0.9794,1407844,872.6938942209516
0.9794,1407844,536.7352460690219
0.9794,1407844,902.2983459260772
0.9794,1407844,591.9212783336736
0.9794,1407844,733.9714110680007
0.9794,1407844,310.47968143761483
0.9794,1407844,826.228098836022
0.9794,1407844,359.41157851745965
0.9794,1407844,828.6420257300388
0.9794,1407844,862.9991831733714
0.9794,1407844,912.9790688176436
0.9794,1407844,64.42270778027363
0.9794,1407844,701.127527057382
0.9794,1407844,307.1533591995099
0.9794,1407844,738.6479477230957
0.9794,1407844,633.8717582193178
0.9794,1407844,964.3877884419032
0.9794,1407844,777.44792730243
0.9794,1407844,175.3232591382479
0.9794,1407844,1049.192362671023
0.9794,1407844,706.8524606902184
0.9794,1407844,307.5008168266285
0.9794,1407844,539.6667347355524
0.9794,1407844,769.8887073718603
0.9794,1407844,758.9809066775576
0.9794,1407844,890.324178068205
0.9794,1407844,153.10649377169693
0.9794,1407844,580.8523585868899
0.9794,1407844,581.1745966918521
0.9794,1407844,57.08934041249744
0.9794,1407844,685.8042679191341
0.9794,1407844,602.6644884623238
0.9794,1407844,389.793649172963
0.9794,1407844,590.7335103124361
0.9794,1407844,130.20757606697978
0.9794,1407844,521.3158055952624
0.9794,1407844,3.622523994282213
0.9794,1407844,50.54553808454156
0.9794,1407844,778.3291811313048
0.9794,1407844,1072.9140289973452
0.9794,1407844,137.75658566469266
0.9794,1407844,719.1589748825811
0.9794,1407844,30.37104349601797
0.9794,1407844,758.1681641821523
0.9794,1407844,702.4475188891157
0.9794,1407844,377.27721053706347
0.9794,1407844,823.643863589953
0.9794,1407844,879.6489687563814
0.9794,1407844,374.3772717990606
0.9794,1407844,1015.508985092914
0.9794,1407844,826.2657749642638
0.9794,1407844,936.6548907494384
0.9794,1407844,544.4637533183582
0.9794,1407844,631.1277312640391
0.9794,1407844,852.2776189503777
0.9794,1407844,725.6190524811108
0.9794,1407844,952.4925464570144
0.9794,1407844,553.7891566265059
0.9794,1407844,757.2296303859506
0.9794,1407844,283.79712068613435
0.9794,1407844,550.8549111701041
0.9794,1407844,273.4488462323872
0.9794,1407844,547.7925260363488
0.9794,1407844,854.2041045538084
0.9794,1407844,482.9404737594445
0.9794,1407844,456.227384112722
0.9794,1407844,415.6524402695528
0.9794,1407844,532.4646722483153
0.9794,1407844,659.8719624259751
0.9794,1407844,363.00745354298544
0.9794,1407844,835.211762303451
0.9794,1407844,768.0447212579129
0.9794,1407844,768.8172350418623
0.9794,1407844,660.3003879926486
0.9794,1407844,941.1194608944252
0.9794,1407844,106.71972636307945
0.9794,1407844,795.5740249132122
0.9794,1407844,122.2821114968348
0.9794,1407844,446.6610169491525
0.9794,1407844,875.6523381662241
0.9794,1407844,566.6492750663672
0.9794,1407844,550.9965284868287
0.9794,1407844,310.1233408209108
0.9794,1407844,445.2064529303655
0.9794,1407844,468.98703287727176
0.9794,1407844,728.9947927302429
0.9794,1407844,801.3482744537472
0.9794,1407844,796.8820706555034
0.9794,1407844,646.0007147232999
0.9794,1407844,599.391362058403
0.9794,1407844,150.16356953236675
0.9794,1407844,760.1430467633245
0.9794,1407844,477.56524402695527
0.9794,1407844,855.5552379007555
0.9794,1407844,674.5787216663264
0.9794,1407844,425.80824994894834
0.9794,1407844,749.8421482540331
0.9794,1407844,627.6101694915254
0.9794,1407844,894.7890545231775
0.9794,1407844,826.2714927506637
0.9794,1407844,1055.441086379416
0.9794,1407844,423.1954257708801
0.9794,1407844,124.61251786808248
0.9794,1407844,974.4747804778436
0.9794,1407844,169.8213191750051
0.9794,1407844,941.5803553195834
0.9794,1407844,1053.0699407800694
0.9794,1407844,903.8687972227896
0.9794,1407844,871.822544414948
0.9794,1407844,822.7751684704921
0.9794,1407844,678.317337145191
0.9794,1407844,29.83683888094752
0.9794,1407844,894.7899734531345
0.9794,1407844,71.26720441086378
0.9794,1407844,156.75658566469266
0.9794,1407844,505.68235654482334
0.9794,1407844,724.6267102307535
0.9794,1407844,38.37635286910353
0.9794,1407844,230.21564222993663
0.9794,1407844,563.0902593424545
0.9794,1407844,957.5703491933835
0.9794,1407844,767.8725750459464
0.9794,1407844,501.9328160098019
0.9794,1407844,645.7334082091076
0.9794,1407844,94.77598529712068
0.9794,1407844,661.0563610373697
0.9794,1407844,392.22462732285067
0.9794,1407844,409.1793955482949
0.9794,1407844,492.6156830712681
0.9794,1407844,685.5468654278129
0.9794,1407844,526.3272411680621
0.9794,1407844,813.8282622013477
0.9794,1407844,417.4913212170717
0.9794,1407844,901.6017970185828
0.9794,1407844,719.0480906677557
0.9794,1407844,233.4941801102716
0.9794,1407844,697.8908515417603
0.9794,1407844,1105.7355523790077
0.9794,1407844,513.7692464774352
0.9794,1407844,36.15805595262406
0.9794,1407844,632.5171533591995
0.9794,1407844,779.8843169287319
0.9794,1407844,625.4477230957729
0.9794,1407844,861.993363283643
0.9794,1407844,906.7404533387788
0.9794,1407844,516.3775781090463
0.9794,1407844,441.56452930365526
0.9794,1407844,598.4605881151725
0.9794,1407844,919.509699816214
0.9794,1407844,827.0405350214417
0.9794,1407844,301.8857463753318
0.9794,1407844,397.7575045946497
0.9794,1407844,814.4242393302021
0.9794,1407844,581.4617112517868
0.9794,1407844,504.4146416173167
0.9794,1407844,738.5824994894833
0.9794,1407844,726.1988972840514
0.9794,1407844,23.177761895037776
0.9794,1407844,731.7171737798652
0.9794,1407844,482.4446599959159
0.9794,1407844,429.7213600163365
0.9794,1407844,589.8480702470899
0.9794,1407844,696.6267102307535
0.9794,1407844,376.90157239126
0.9794,1407844,198.2768021237492
0.9794,1407844,985.637941596896
0.9794,1407844,329.8540943434756
0.9794,1407844,235.8567490300184
0.9794,1407844,983.8657341229324
0.9794,1407844,879.4413926894016
0.9794,1407844,1067.9208699203596
0.9794,1407844,334.14488462323874
0.9794,1407844,590.5379824382275
0.9794,1407844,581.6427404533388
0.9794,1407844,714.1346742903818
0.9794,1407844,792.4907085971003
0.9794,1407844,24.404839697774147
0.9794,1407844,458.163977945681
0.9794,1407844,849.7164590565652
0.9794,1407844,140.4481315090872
0.9794,1407844,706.7630181743925
0.9794,1407844,498.5091892995711
0.9794,1407844,558.6728609352665
0.9794,1407844,898.0236879722279
0.9794,1407844,731.1486624463957
0.9794,1407844,434.1430467633245
0.9794,1407844,476.9400653461303
0.9794,1407844,186.0209311823565
0.9794,1407844,820.8696140494179
0.9794,1407844,566.336736777619
0.9794,1407844,939.7620992444354
0.9794,1407844,604.2656728609353
0.9794,1407844,498.09852971206857
0.9794,1407844,732.614049418011
0.9794,1407844,633.0233816622422
0.9794,1407844,665.1507045129672
0.9794,1407844,283.9607923218297
0.9794,1407844,602.7282009393506
0.9794,1407844,382.46548907494383
0.9794,1407844,752.7275883193792
0.9794,1407844,863.1752093118236
0.9794,1407844,30.89973453134572
0.9794,1407844,799.809270982234
0.9794,1407844,760.6188482744537
0.9794,1407844,806.3943230549315
0.9794,1407844,866.6324280171533
0.9794,1407844,796.5538084541556
0.9794,1407844,448.43169287318767
0.9794,1407844,727.475393097815
0.9794,1407844,1106.8641004696751
0.9794,1407844,118.33449050439044
0.9794,1407844,870.6168062078823
0.9794,1407844,886.1505003063099
0.9794,1407844,195.1186440677966
0.9794,1407844,349.5181743924852
0.9794,1407844,446.5239942822136
0.9794,1407844,616.6785787216663
0.9794,1407844,922.6913416377372
0.9794,1407844,356.6589748825812
0.9794,1407844,473.9284255666735
0.9794,1407844,583.8836022054319
0.9794,1407844,390.868899326118
0.9794,1407844,503.03257096181335
0.9794,1407844,992.637941596896
0.9794,1407844,500.9796814376148
0.9794,1407844,855.6544823361241
0.9794,1407844,600.2089034102512
0.9794,1407844,29.52664896875638
0.9794,1407844,343.5228711455993
0.9794,1407844,272.1020012252399
0.9794,1407844,877.3585868899326
0.9794,1407844,943.9149479273024
0.9794,1407844,571.54921380437
0.9794,1407844,773.0623851337554
0.9794,1407844,828.6956299775372
0.9794,1407844,773.7384112722074
0.9794,1407844,791.9955074535429
0.9794,1407844,436.69093322442313
0.9794,1407844,886.3851337553604
0.9794,1407844,722.013273432714
0.9794,1407844,572.9187257504594
0.9794,1407844,624.1482540330815
0.9794,1407844,232.7043087604656
0.9794,1407844,587.2158464365938
0.9794,1407844,666.9776393710434
0.9794,1407844,867.1356953236675
0.9794,1407844,104.2068613436798
0.9794,1407844,1011.0862773126404
0.9794,1407844,34.478149887686335
0.9794,1407844,843.3177455585051
0.9794,1407844,496.9026955278742
0.9794,1407844,718.3005921993057
0.9794,1407844,510.66275270573817
0.9794,1407844,969.9467020624872
0.9794,1407844,620.073820706555
0.9794,1407844,495.7823157034919
0.9794,1407844,595.8048805391055
0.9794,1407844,535.6871554012661
0.9794,1407844,415.3717582193179
0.9794,1407844,561.1099652848683
0.9794,1407844,246.11517255462527
0.9794,1407844,556.2733306105779
0.9794,1407844,838.2627118644068
0.9794,1407844,620.275678987135
0.9794,1407844,662.3910557484174
0.9794,1407844,586.8828874821319
0.9794,1407844,779.9424137226873
0.9794,1407844,657.0673881968552
0.9794,1407844,889.6976720441086
0.9794,1407844,217.56697978354092
0.9794,1407844,817.3634878497039
0.9794,1407844,742.982948744129
0.9794,1407844,811.0514600775984
0.9794,1407844,156.4992852767
0.9794,1407844,250.3004900959771
0.9794,1407844,535.2133959567082
0.9794,1407844,1013.6317132938532
0.9794,1407844,816.9993873800286
0.9794,1407844,628.4763120277721
0.9794,1407844,328.0138860526853
0.9794,1407844,193.38492954870327
0.9794,1407844,963.5252195221564
0.9794,1407844,942.4662037982436
0.9794,1407844,357.4051460077598
0.9794,1407844,1077.2269756994078
0.9794,1407844,565.0787216663263
0.9794,1407844,980.9677353481724
0.9794,1407844,773.9667143148866
0.9794,1407844,817.652133959567
0.9794,1407844,678.9286297733305
0.9794,1407844,450.3876863385746
0.9794,1407844,574.6286501939962
0.9794,1407844,279.72871145599345
0.9794,1407844,228.33479681437612
0.9794,1407844,796.2848682867061
0.9794,1407844,809.6568307126812
0.9794,1407844,521.9510925056156
0.9794,1407844,740.7755768838064
0.9794,1407844,609.2710843373494
0.9794,1407844,390.2473963651215
0.9794,1407844,274.70053093730854
0.9794,1407844,830.0365529916276
0.9794,1407844,1064.0973044721256
0.9794,1407844,797.0706555033693
0.9794,1407844,84.21114968347968
0.9794,1407844,622.9453747192158
0.9794,1407844,825.851848070247
0.9794,1407844,677.1882785378804
0.9794,1407844,649.2642434143353
0.9794,1407844,367.3191750051052
0.9794,1407844,844.8805391055748
0.9794,1407844,624.74964263835
0.9794,1407844,621.6693894220952
0.9794,1407844,978.5952624055544
0.9794,1407844,733.3193792117622
0.9794,1407844,774.3605268531753
0.9794,1407844,760.160404329181
0.9794,1407844,236.75791300796405
0.9794,1407844,1082.6216050643252
0.9794,1407844,677.582805799469
0.9794,1407844,681.602920155197
0.9794,1407844,495.0423728813559
0.9794,1407844,757.7956912395344
0.9794,1407844,541.6619358791096
0.9794,1407844,324.52185011231364
0.9794,1407844,682.9831529507861
0.9794,1407844,581.2464774351644
0.9794,1407844,797.7114559934653
0.9794,1407844,565.409128037574
0.9794,1407844,1078.0363487849704
0.9794,1407844,207.6484582397386
0.9794,1407844,350.1180314478252
0.9794,1407844,52.31662242189096
0.9794,1407844,730.2335103124361
0.9794,1407844,597.824178068205
0.9794,1407844,708.1450888298958
0.9794,1407844,823.9743720645292
0.9794,1407844,907.0498264243414
0.9794,1407844,591.6837859914233
0.9794,1407844,489.8787012456606
0.9794,1407844,725.8467429038187
0.9794,1407844,719.2328976924647
0.9794,1407844,645.0893404124974
0.9794,1407844,14.119869307739432
0.9794,1407844,801.067183990198
0.9794,1407844,237.924749846845
0.9794,1407844,927.544721257913
0.9794,1407844,559.84735552379
0.9794,1407844,225.9528282622013
0.9794,1407844,205.5414539513988
0.9794,1407844,794.4351643863589
0.9794,1407844,590.0078619562997
0.9794,1407844,428.0502348376557
0.9794,1407844,1056.431794976516
0.9794,1407844,1067.417602613845
0.9794,1407844,964.5759648764548
0.9794,1407844,641.0212374923422
0.9794,1407844,185.1037369818256
0.9794,1407844,638.116193587911
0.9794,1407844,365.070042883398
0.9794,1407844,840.1761282417807
0.9794,1407844,377.7155401266081
0.9794,1407844,909.24892791505
0.9794,1407844,590.6922605676945
0.9794,1407844,1088.580253216255
0.9794,1407844,606.4714110680009
0.9794,1407844,230.98580763732892
0.9794,1407844,1068.7813967735349
0.9794,1407844,760.4744741678579
0.9794,1407844,551.8631815397182
0.9794,1407844,364.7168674698795
0.9794,1407844,772.7583214212783
0.9794,1407844,238.16550949560957
0.9794,1407844,7.674392485195018
0.9794,1407844,49.74760057177864
0.9794,1407844,602.6759240351236
0.9794,1407844,902.4651827649582
0.9794,1407844,618.7051255870941
0.9794,1407844,696.8387788441902
0.9794,1407844,767.1283438840106
0.9794,1407844,567.1004696753114
0.9794,1407844,573.8275474780478
0.9794,1407844,1092.6574433326523
0.9794,1407844,602.5272615887277
0.9794,1407844,320.4733510312436
0.9794,1407844,774.9529303655298
0.9794,1407844,705.6565244026955
0.9794,1407844,808.0212374923422
0.9794,1407844,817.6695936287523
0.9794,1407844,758.6158872779251
0.9794,1407844,323.90034715131713
0.9794,1407844,286.0803553195834
0.9794,1407844,921.39656932816
0.9794,1407844,88.99489483357158
0.9794,1407844,601.9887686338575
0.9794,1407844,405.2121707167653
0.9794,1407844,676.6283438840106
0.9794,1407844,21.871247702675102
0.9794,1407844,45.34020829079027
0.9794,1407844,685.5762711864406
0.9794,1407844,448.5324688584848
0.9794,1407844,976.7071676536656
0.9794,1407844,37.83285685113334
0.9794,1407844,797.0965897488257
0.9794,1407844,530.9101490708597
0.9794,1407844,555.3386767408617
0.9794,1407844,90.5541147641413
0.9794,1407844,568.3229528282621
0.9794,1407844,348.37788441903206
0.9794,1407844,573.14764141311
0.9794,1407844,1065.3913620584033
0.9794,1407844,195.58055952624056
0.9794,1407844,643.4142332040024
0.9794,1407844,495.1843986113947
0.9794,1407844,555.538799264856
0.9794,1407844,503.8976924647743
0.9794,1407844,756.4349601797018
0.9794,1407844,409.1613232591382
0.9794,1407844,494.14702879313865
0.9794,1407844,762.8372472942617
0.9794,1407844,447.3462323871758
0.9794,1407844,253.51725546252808
0.9794,1407844,333.85062283030425
0.9794,1407844,936.8493975903614
0.9794,1407844,407.6548907494384
0.9794,1407844,424.7516847049214
0.9794,1407844,201.47804778435776
0.9794,1407844,834.6909332244231
0.9794,1407844,120.91882785378802
0.9794,1407844,705.3534817235042
0.9794,1407844,390.461200735144
0.9794,1407844,669.9456810292015
0.9794,1407844,292.5175617725138
0.9794,1407844,742.0588115172553
0.9794,1407844,608.055850520727
0.9794,1407844,982.1599959158668
0.9794,1407844,816.3765570757606
0.9794,1407844,830.742291198693
0.9794,1407844,625.6265060240963
0.9794,1407844,794.8315295078619
0.9794,1407844,829.1144578313254
0.9794,1407844,193.520829079028
0.9794,1407844,818.8506228303042
0.9794,1407844,254.52052276904223
0.9794,1407844,111.7561772513784
0.9794,1407844,484.2747600571778
0.9794,1407844,731.1565244026955
0.9794,1407844,419.7819072901777
0.9794,1407844,787.095364508883
0.9794,1407844,816.6135389013681
0.9794,1407844,207.57627118644064
0.9794,1407844,783.693077394323
0.9794,1407844,864.639575250153
0.9794,1407844,791.8346947110476
0.9794,1407844,479.6216050643251
0.9794,1407844,698.6179293444966
0.9794,1407844,944.05207269757
0.9794,1407844,935.7452521952216
0.9794,1407844,1068.9527261588726
0.9794,1407844,221.76475393097812
0.9794,1407844,963.3447008372472
0.9794,1407844,775.8178476618338
0.9794,1407844,831.8863589953032
0.9794,1407844,663.9662037982438
0.9794,1407844,808.1352869103532
0.9794,1407844,413.6642842556668
0.9794,1407844,851.320400245048
0.9794,1407844,79.02909944864201
0.9794,1407844,639.6514192362671
0.9794,1407844,149.5870941392689
0.9794,1407844,820.8514396569328
0.9794,1407844,964.754339391464
0.9794,1407844,418.55493159076985
0.9794,1407844,758.2917092097201
0.9794,1407844,624.1179293444967
0.9794,1407844,1096.7649581376352
0.9794,1407844,764.7537267714928
0.9794,1407844,848.7982438227485
0.9794,1407844,1004.6127220747396
0.9794,1407844,578.5212374923423
0.9794,1407844,957.3381662242188
0.9794,1407844,1023.4833571574432
0.9794,1407844,338.8946293649173
0.9794,1407844,870.74892791505
0.9794,1407844,901.5598325505412
0.9794,1407844,1083.805493159077
0.9794,1407844,900.4795793342863
0.9794,1407844,641.2262609761078
0.9794,1407844,362.2754747804778
0.9794,1407844,916.386665305289
0.9794,1407844,401.3946293649173
0.9794,1407844,131.35491117010417
0.9794,1407844,641.8695119460895
0.9794,1407844,957.112415764754
0.9794,1407844,807.8042679191341
0.9794,1407844,897.0032673065141
0.9794,1407844,924.172044108638
0.9794,1407844,82.64856034306717
0.9794,1407844,233.21574433326523
0.9794,1407844,445.1972636307944
0.9794,1407844,290.6775576883806
0.9794,1407844,239.2175821931795
0.9794,1407844,847.3717582193178
0.9794,1407844,455.9412905860731
0.9794,1407844,490.2018582805799
0.9794,1407844,941.0333877884418
0.9794,1407844,538.8522564835613
0.9794,1407844,440.1665305288952
0.9794,1407844,908.3988156013884
0.9794,1407844,682.578313253012
0.9794,1407844,879.2531141515212
0.9794,1407844,295.775678987135
0.9794,1407844,326.3321421278333
0.9794,1407844,60.059832550541145
0.9794,1407844,764.3016132325913
0.9794,1407844,774.6621400857669
0.9794,1407844,525.056565244027
0.9794,1407844,591.2842556667347
0.9794,1407844,642.1309985705534
0.9794,1407844,991.04349601797
0.9794,1407844,905.3802327955892
0.9794,1407844,244.96671431488664
0.9794,1407844,674.917194200531
0.9794,1407844,537.9263835001021
0.9794,1407844,99.69634470083724
0.9794,1407844,409.4107616908311
0.9794,1407844,948.6261997141108
0.9794,1407844,927.3740044925464
0.9794,1407844,144.51061874617113
0.9794,1407844,452.4897896671431
0.9794,1407844,937.4898917704716
0.9794,1407844,585.3489891770471
0.9794,1407844,824.1404941801102
0.9794,1407844,668.4594649785583
0.9794,1407844,252.0200122523994
0.9794,1407844,956.2945681029202
0.9794,1407844,722.323463344905
0.9794,1407844,715.4534408821727
0.9794,1407844,367.7678170308352
0.9794,1407844,772.1184398611394
0.9794,1407844,606.4286297733306
0.9794,1407844,749.2699612007351
0.9794,1407844,808.3595058198897
0.9794,1407844,906.774964263835
0.9794,1407844,583.5356340616704
0.9794,1407844,960.2414743720644
0.9794,1407844,756.3028384725342
0.9794,1407844,1070.0659587502553
0.9794,1407844,99.31366142536244
0.9794,1407844,842.360833163161
0.9794,1407844,449.35103124361854
0.9794,1407844,443.2159485399224
0.9794,1407844,993.8697161527464
0.9794,1407844,871.8269348580764
0.9794,1407844,513.5819889728405
0.9794,1407844,1109.1433530733102
0.9794,1407844,451.1966510108229
0.9794,1407844,647.7088013069225
0.9794,1407844,809.1249744741679
0.9794,1407844,652.7769042270778
0.9794,1407844,743.5977128854399
0.9794,1407844,756.208699203594
0.9794,1407844,882.1946089442515
0.9794,1407844,787.0636103736981
0.9794,1407844,449.2660812742495
0.9794,1407844,528.0323667551562
0.9794,1407844,1066.7656728609352
0.9794,1407844,638.423320400245
0.9794,1407844,429.2980396160914
0.9794,1407844,255.66418215233816
0.9794,1407844,978.2978354094344
0.9794,1407844,190.13304063712476
0.9794,1407844,722.091790892383
0.9794,1407844,286.3478660404329
0.9794,1407844,912.1481519297528
0.9794,1407844,1094.2511741882784
0.9794,1407844,929.9797835409432
0.9794,1407844,923.6509087196242
0.9794,1407844,687.6193587910965
0.9794,1407844,79.1552991627527
0.9794,1407844,449.2423933020216
0.9794,1407844,574.573105983255
0.9794,1407844,855.3281600980191
0.9794,1407844,528.8417398407188
0.9794,1407844,662.8838064120889
0.9794,1407844,413.4256687768021
0.9794,1407844,802.0076577496426
0.9794,1407844,837.2319787625077
0.9794,1407844,715.4511946089442
0.9794,1407844,798.3916683683888
0.9794,1407844,753.6667347355524
0.9794,1407844,388.85297120686135
0.9794,1407844,580.8841127220747
0.9794,1407844,543.7301409025935
0.9794,1407844,526.2353481723504
0.9794,1407844,750.9016744945884
0.9794,1407844,430.1618337757811
0.9794,1407844,979.3245864815192
0.9794,1407844,592.0602409638553
0.9794,1407844,25.06024096385542
0.9794,1407844,430.993363283643
0.9794,1407844,754.0850520726975
0.9794,1407844,943.1187461711252
0.9794,1407844,62.51909332244231
0.9794,1407844,752.7887482131918
0.9794,1407844,427.9908107004288
0.9794,1407844,662.7535225648356
0.9794,1407844,344.03134572187054
0.9794,1407844,617.3458239738616
0.9794,1407844,459.1626506024096
0.9794,1407844,642.4989789667143
0.9794,1407844,873.3496017970185
0.9794,1407844,277.84225035736165
0.9794,1407844,440.342862977333
0.9794,1407844,1028.326322238105
0.9794,1407844,638.1362058403104
0.9794,1407844,786.4592607719011
0.9794,1407844,621.3691035327752
0.9794,1407844,455.5506432509699
0.9794,1407844,544.986726567286
0.9794,1407844,527.0400245047988
0.9794,1407844,765.7083928936083
0.9794,1407844,722.1344700837248
0.9794,1407844,1088.9272003267306
0.9794,1407844,1037.3888094751887
0.9794,1407844,251.06064937716968
0.9794,1407844,136.46385542168676
0.9794,1407844,345.70992444353686
0.9794,1407844,284.19828466408
0.9794,1407844,887.5518684909127
0.9794,1407844,168.02797631202776
0.9794,1407844,635.2414743720644
0.9794,1407844,655.0278742086992
0.9794,1407844,669.1196651010822
0.9794,1407844,627.513477639371
0.9794,1407844,128.41995099040227
0.9794,1407844,932.1814376148662
0.9794,1407844,994.853992240147
0.9794,1407844,1057.7236062895652
0.9794,1407844,893.7285072493362
0.9794,1407844,418.6940984276088
0.9794,1407844,333.29099448642023
0.9794,1407844,485.3210128650194
0.9794,1407844,408.80120481927713
0.9794,1407844,246.9221972636308
0.9794,1407844,173.41576475393097
0.9794,1407844,662.7921176230345
0.9794,1407844,631.8259138247906
0.9794,1407844,589.935368593016
0.9794,1407844,892.8445987339187
0.9794,1407844,584.2348376557076
0.9794,1407844,699.7696548907495
0.9794,1407844,413.6291607106392
0.9794,1407844,974.102409638554
0.9794,1407844,839.0397181948131
0.9794,1407844,903.5877067592404
0.9794,1407844,535.2781294670206
0.9794,1407844,887.155911782724
0.9794,1407844,907.1843986113948
0.9794,1407844,820.3368388809475
0.9794,1407844,783.9191341637737
0.9794,1407844,499.6263018174392
0.9794,1407844,654.4702879313866
0.9794,1407844,439.0636103736981
0.9794,1407844,400.66285480906674
0.9794,1407844,957.2053297937512
0.9794,1407844,629.787012456606
0.9794,1407844,414.9075964876455
0.9794,1407844,1021.277312640392
0.9794,1407844,276.3216254849908
0.9794,1407844,5.033694098427608
0.9794,1407844,432.45211353890136
0.9794,1407844,643.0982234020829
0.9794,1407844,198.1860322646518
0.9794,1407844,523.2798652236063
0.9794,1407844,826.3712477026751
0.9794,1407844,67.59230140902594
0.9794,1407844,269.9938738002859
0.9794,1407844,742.6422299366959
0.9794,1407844,583.1222176842965
0.9794,1407844,797.035940371656
0.9794,1407844,22.999387380028587
0.9794,1407844,578.9067796610169
0.9794,1407844,630.7149275066367
0.9794,1407844,706.8923830916888
0.9794,1407844,420.7443332652644
0.9794,1407844,548.140800490096
0.9794,1407844,845.19828466408
0.9794,1407844,711.2900755564632
0.9794,1407844,636.8387788441903
0.9794,1407844,443.8970798448029
0.9794,1407844,326.6375331835817
0.9794,1407844,338.48784970390034
0.9794,1407844,837.6583622626097
0.9794,1407844,862.6794976516235
0.9794,1407844,705.5831121094548
0.9794,1407844,950.1406983867674
0.9794,1407844,745.5129671227281
0.9794,1407844,613.1007759852971
0.9794,1407844,853.2147232999796
0.9794,1407844,600.3515417602613
0.9794,1407844,625.2830304267919
0.9794,1407844,481.7118644067796
0.9794,1407844,644.2785378803349
0.9794,1407844,251.4179089238309
0.9794,1407844,934.6581580559524
0.9794,1407844,385.63508270369607
0.9794,1407844,739.2928323463344
0.9794,1407844,636.3360220543188
0.9794,1407844,598.9482336124157
0.9794,1407844,432.5289973453134
0.9794,1407844,725.3361241576474
0.9794,1407844,656.94792730243
0.9794,1407844,1097.3224423116192
0.9794,1407844,238.61313048805388
0.9794,1407844,1101.2735348172348
0.9794,1407844,634.868184602818
0.9794,1407844,592.1980804574229
0.9794,1407844,937.6120073514396
0.9794,1407844,764.369614049418
0.9794,1407844,795.4044312844599
0.9794,1407844,730.331733714519
0.9794,1407844,659.4969369001429
0.9794,1407844,940.9699816214008
0.9794,1407844,803.4983663467428
0.9794,1407844,324.7286093526649
0.9794,1407844,445.4599754952012
0.9794,1407844,808.7677149275065
0.9794,1407844,998.9532366755157
0.9794,1407844,353.5818868695119
0.9794,1407844,993.554421074127
0.9794,1407844,211.85450275678983
0.9794,1407844,775.8485807637328
0.9794,1407844,121.98560343067184
0.9794,1407844,709.2402491321217
0.9794,1407844,574.044006534613
0.9794,1407844,266.25556463140697
0.9794,1407844,74.41913416377373
0.9794,1407844,753.052276904227
0.9794,1407844,728.6113947314682
0.9794,1407844,340.3313253012048
0.9794,1407844,674.4534408821728
0.9794,1407844,865.3675719828467
0.9794,1407844,499.5960792321829
0.9794,1407844,62.20124566060853
0.9794,1407844,301.16265060240966
0.9794,1407844,799.0399224014702
0.9794,1407844,966.7646518276496
0.9794,1407844,661.4135184807025
0.9794,1407844,396.0995507453543
0.9794,1407844,140.93955482948743
0.9794,1407844,192.18072289156623
0.9794,1407844,905.8074331223196
0.9794,1407844,196.6079232182969
0.9794,1407844,637.8859505819889
0.9794,1407844,74.86164998978967
0.9794,1407844,435.9889728405146
0.9794,1407844,1020.3986113947316
0.9794,1407844,759.4699816214007
0.9794,1407844,1046.0938329589544
0.9794,1407844,1067.2355523790077
0.9794,1407844,470.2841535634061
0.9794,1407844,406.8392893608331
0.9794,1407844,694.780171533592
0.9794,1407844,840.872677149275
0.9794,1407844,524.9651827649581
0.9794,1407844,498.1769450684092
0.9794,1407844,621.1197672044109
0.9794,1407844,423.8255054114764
0.9794,1407844,293.6551970594241
0.9794,1407844,785.0236879722279
0.9794,1407844,538.581376352869
0.9794,1407844,577.1111905248111
0.9794,1407844,681.2663875842352
0.9794,1407844,359.5473759444558
0.9794,1407844,788.8769654890749
0.9794,1407844,952.3142740453338
0.9794,1407844,201.93598121298757
0.9794,1407844,429.54370022462734
0.9794,1407844,943.8136614253624
0.9794,1407844,26.200530937308557
0.9794,1407844,867.456912395344
0.9794,1407844,731.3503165203185
0.9794,1407844,941.5816826628547
0.9794,1407844,509.5963855421687
0.9794,1407844,410.9685521748008
0.9794,1407844,964.6790892383092
0.9794,1407844,888.3422503573616
0.9794,1407844,700.3976924647743
0.9794,1407844,884.2824178068205
0.9794,1407844,595.735654482336
0.9794,1407844,214.36461098631816
0.9794,1407844,543.5661629569123
0.9794,1407844,772.0576883806411
0.9794,1407844,511.09362875229726
0.9794,1407844,519.410557484174
0.9794,1407844,648.883091688789
0.9794,1407844,350.4995915866857
0.9794,1407844,319.6094547682255
0.9794,1407844,337.28006943026344
0.9794,1407844,727.1105779048397
0.9794,1407844,991.873391872575
0.9794,1407844,364.9817235041862
0.9794,1407844,598.5627935470695
0.9794,1407844,896.6586685725954
0.9794,1407844,700.04635491117
0.9794,1407844,655.2283030426792
0.9794,1407844,302.3279558913621
0.9794,1407844,601.2062487237084
0.9794,1407844,943.5823973861548
0.9794,1407844,721.242801715336
0.9794,1407844,677.7418827853787
0.9794,1407844,758.7655707576066
0.9794,1407844,813.9682458648152
0.9794,1407844,785.4279150500306
0.9794,1407844,804.2302430059219
0.9794,1407844,898.7538288748214
0.9794,1407844,780.0466612211558
0.9794,1407844,661.783949356749
0.9794,1407844,733.2700633040637
0.9794,1407844,810.3734939759036
0.9794,1407844,538.2401470287931
0.9794,1407844,991.1830712681232
0.9794,1407844,605.6375331835817
0.9794,1407844,860.026955278742
0.9794,1407844,314.2530120481928
0.9794,1407844,957.9582397386154
0.9794,1407844,610.6714314886665
0.9794,1407844,454.06983867674086
0.9794,1407844,474.0333877884418
0.9794,1407844,563.0870941392689
0.9794,1407844,238.66040432918112
0.9794,1407844,736.4274045333877
0.9794,1407844,821.0667755768837
0.9794,1407844,568.9165815805595
0.9794,1407844,621.404635491117
0.9794,1407844,628.9594649785582
0.9794,1407844,425.3768633857464
0.9794,1407844,11.583112109454769
0.9794,1407844,858.1775576883806
0.9794,1407844,613.4259750867878
0.9794,1407844,914.1917500510516
0.9794,1407844,957.4846845007148
0.9794,1407844,289.60098019195425
0.9794,1407844,892.3094751888912
0.9794,1407844,278.4281192566877
0.9794,1407844,590.6084337349398
0.9794,1407844,625.6599959158668
0.9794,1407844,72.69348580763733
0.9794,1407844,533.4414947927302
0.9794,1407844,754.1994078006943
0.9794,1407844,275.26506024096386
0.9794,1407844,514.0074535429854
0.9794,1407844,581.7155401266082
0.9794,1407844,163.120686134368
0.9794,1407844,851.7076781703083
0.9794,1407844,892.1212987543394
0.9794,1407844,757.7768021237492
0.9794,1407844,593.6947110475801
0.9794,1407844,922.0796405962834
0.9794,1407844,731.8991219113743
0.9794,1407844,749.4119869307739
0.9794,1407844,960.5530937308556
0.9794,1407844,869.29885644272
0.9794,1407844,441.63079436389626
0.9794,1407844,1078.4841739840715
0.9794,1407844,659.1119052481112
0.9794,1407844,707.14692668981
0.9794,1407844,557.7893608331632
0.9794,1407844,902.3788033489892
0.9794,1407844,328.5486011843986
0.9794,1407844,974.071880743312
0.9794,1407844,488.13355115376754
0.9794,1407844,788.6682662854809
0.9794,1407844,798.8815601388606
0.9794,1407844,60.46947110475801
0.9794,1407844,468.5169491525424
0.9794,1407844,910.09985705534
0.9794,1407844,895.9416989993874
0.9794,1407844,562.1685725954666
0.9794,1407844,255.57831325301203
0.9794,1407844,243.7800694302634
0.9794,1407844,597.5069430263427
0.9794,1407844,592.462119665101
0.9794,1407844,692.8538901368184
0.9794,1407844,510.6559117827241
0.9794,1407844,186.02909944864203
0.9794,1407844,170.9478251991015
0.9794,1407844,669.8929957116602
0.9794,1407844,295.3003879926485
0.9794,1407844,565.6610169491526
0.9794,1407844,134.8478660404329
0.9794,1407844,55.22483152950786
0.9794,1407844,875.6490708597099
0.9794,1407844,470.9914233204002
0.9794,1407844,446.7579130079641
0.9794,1407844,602.5208290790279
0.9794,1407844,874.6107821114967
0.9794,1407844,559.8114151521339
0.9794,1407844,826.0133755360424
0.9794,1407844,607.3003879926484
0.9794,1407844,948.7429038186644
0.9794,1407844,309.91106800081684
0.9794,1407844,624.460486011844
0.9794,1407844,475.055135797427
0.9794,1407844,1079.0008168266286
0.9794,1407844,24.850622830304268
0.9794,1407844,811.0947518889116
0.9794,1407844,464.391157851746
0.9794,1407844,567.0717786399836
0.9794,1407844,954.7343271390646
0.9794,1407844,734.8052889524199
0.9794,1407844,779.9741678578721
0.9794,1407844,51.342352460690215
0.9794,1407844,690.0327751684704
0.9794,1407844,552.5937308556258
0.9794,1407844,190.82673065141924
0.9794,1407844,383.7646518276496
0.9794,1407844,621.7067592403512
0.9794,1407844,431.619256687768
0.9794,1407844,635.5010210332857
0.9794,1407844,752.7712885440064
0.9794,1407844,843.1835817847661
0.9794,1407844,468.580457422912
0.9794,1407844,717.3415356340616
0.9794,1407844,133.48774760057177
0.9794,1407844,423.40157239126
0.9794,1407844,436.6119052481111
0.9794,1407844,323.88880947518885
0.9794,1407844,377.523177455585
0.9794,1407844,25.480906677557687
0.9794,1407844,634.858280579947
0.9794,1407844,322.14120890341025
0.9794,1407844,285.11129262813967
0.9794,1407844,829.0623851337554
0.9794,1407844,1067.693792117623
0.9794,1407844,731.0606493771697
0.9794,1407844,358.6847049213804
0.9794,1407844,484.2227894629365
0.9794,1407844,550.3862568919747
0.9794,1407844,876.919542577088
0.9794,1407844,839.6466203798244
0.9794,1407844,115.96069021850111
0.9794,1407844,27.38115172554625
0.9794,1407844,939.4629364917296
0.9794,1407844,590.6946089442515
0.9794,1407844,286.31539718194813
0.9794,1407844,211.69348580763733
0.9794,1407844,402.5625893404125
0.9794,1407844,409.424749846845
0.9794,1407844,310.00520726975697
0.9794,1407844,1050.8120277721052
0.9794,1407844,120.9539513988156
0.9794,1407844,337.01633653257096
0.9794,1407844,287.7869103532775
0.9794,1407844,698.991014907086
0.9794,1407844,1105.4627322850724
0.9794,1407844,890.2959975495202
0.9794,1407844,556.2319787625077
0.9794,1407844,476.7384112722074
0.9794,1407844,142.05758627731265
0.9794,1407844,859.9776393710434
0.9794,1407844,999.454053502144
0.9794,1407844,888.3322442311619
0.9794,1407844,798.769042270778
0.9794,1407844,1008.1870532979376
0.9794,1407844,870.2781294670206
0.9794,1407844,961.1904227077804
0.9794,1407844,433.0568715540126
0.9794,1407844,356.4155605472738
0.9794,1407844,824.3964672248316
0.9794,1407844,828.948846232387
0.9794,1407844,172.18041658158054
0.9794,1407844,866.9109658974882
0.9794,1407844,631.3363283643046
0.9794,1407844,683.9253624668164
0.9794,1407844,733.0919950990402
0.9794,1407844,731.4748825811722
0.9794,1407844,688.0624872370839
0.9794,1407844,881.8025321625485
0.9794,1407844,321.1651010822953
0.9794,1407844,879.3522564835614
0.9794,1407844,317.8605268531754
0.9794,1407844,439.8867674086175
0.9794,1407844,702.1852154380232
0.9794,1407844,589.2933428629773
0.9794,1407844,209.4577292219726
0.9794,1407844,531.9847866040433
0.9794,1407844,532.0433939146416
0.9794,1407844,598.39799877476
0.9794,1407844,886.7366755156219
0.9794,1407844,118.68296916479476
0.9794,1407844,632.4813150908719
0.9794,1407844,1084.9383295895443
0.9794,1407844,1075.7778231570348
0.9794,1407844,15.737900755564633
0.9794,1407844,520.529099448642
0.9794,1407844,96.45966918521545
0.9794,1407844,666.5651419236267
0.9794,1407844,620.0164386358995
0.9794,1407844,528.9908107004288
0.9794,1407844,1085.3804370022465
0.9794,1407844,933.2551562180926
0.9794,1407844,191.79364917296303
0.9794,1407844,453.69654890749433
0.9794,1407844,274.30232795589137
0.9794,1407844,905.3420461507044
0.9794,1407844,859.29528282622
0.9794,1407844,670.90157239126
0.9794,1407844,334.51603022258524
0.9794,1407844,71.69409842760874
0.9794,1407844,408.233306105779
0.9794,1407844,727.2051255870941
0.9794,1407844,733.6205840310395
0.9794,1407844,749.4451705125588
0.9794,1407844,180.0891362058403
0.9794,1407844,750.3071268123341
0.9794,1407844,808.4950990402286
0.9794,1407844,254.3744129058607
0.9794,1407844,183.5792321829692
0.9794,1407844,637.8312231978763
0.9794,1407844,790.864406779661
0.9794,1407844,548.1787829283235
0.9794,1407844,21.37328976924648
0.9794,1407844,708.4776393710436
0.9794,1407844,155.45354298550134
0.9794,1407844,176.3943230549316
0.9794,1407844,723.0103124361854
0.9794,1407844,298.7829283234633
0.9794,1407844,588.2310598325506
0.9794,1407844,757.5792321829691
0.9794,1407844,789.4691647947723
0.9794,1407844,534.7112517868082
0.9794,1407844,802.2136001633653
0.9794,1407844,680.1463140698387
0.9794,1407844,775.8205023483765
0.9794,1407844,403.5592199305697
0.9794,1407844,885.2099244435368
0.9794,1407844,787.1302838472534
0.9794,1407844,886.4975495201143
0.9794,1407844,952.5933224423115
0.9794,1407844,364.8963651215029
0.9794,1407844,965.425668776802
0.9794,1407844,770.7345313457218
0.9794,1407844,914.1300796405964
0.9794,1407844,862.8096793955483
0.9794,1407844,948.7842556667348
0.9794,1407844,759.2458648151929
0.9794,1407844,778.3382683275474
0.9794,1407844,7.735654482336123
0.9794,1407844,730.9026955278741
0.9794,1407844,877.5766795997549
0.9794,1407844,982.7577088013068
0.9794,1407844,800.483459260772
0.9794,1407844,213.2947723095773
0.9794,1407844,836.8788033489891
0.9794,1407844,668.9429242393302
0.9794,1407844,217.10782111496837
0.9794,1407844,899.2526036348784
0.9794,1407844,452.92403512354497
0.9794,1407844,960.059117827241
0.9794,1407844,826.4809066775578
0.9794,1407844,641.3773739023892
0.9794,1407844,575.8087604655911
0.9794,1407844,322.8150908719624
0.9794,1407844,473.8603226465182
0.9794,1407844,381.8828874821319
0.9794,1407844,884.3216254849908
0.9794,1407844,356.35225648356135
0.9794,1407844,642.0612619971411
0.9794,1407844,408.7050234837656
0.9794,1407844,590.028384725342
0.9794,1407844,828.1225239942822
0.9794,1407844,636.0216459056564
0.9794,1407844,177.9892791505003
0.9794,1407844,745.9510925056157
0.9794,1407844,591.2598529712068
0.9794,1407844,223.4718194813151
0.9794,1407844,806.2284051460077
0.9794,1407844,731.1634674290382
0.9794,1407844,100.53001837859914
0.9794,1407844,167.48427608740045
0.9794,1407844,902.6839901980804
0.9794,1407844,24.514600775985294
0.9794,1407844,800.5901572391259
0.9794,1407844,854.2658770675923
0.9794,1407844,685.9148458239738
0.9794,1407844,728.7371860322646
0.9794,1407844,527.0433939146416
0.9794,1407844,367.65734122932406
0.9794,1407844,1031.7391259955075
0.9794,1407844,668.8456197672044
0.9794,1407844,333.05033694098427
0.9794,1407844,362.1368184602818
0.9794,1407844,255.774964263835
0.9794,1407844,679.4654890749438
0.9794,1407844,75.75107208494997
0.9794,1407844,341.40341025117414
0.9794,1407844,432.9081070042884
0.9794,1407844,499.3260159281192
0.9794,1407844,950.6638758423524
0.9794,1407844,369.6821523381663
0.9794,1407844,582.6241576475393
0.9794,1407844,441.8936083316316
0.9794,1407844,791.505921993057
0.9794,1407844,958.5810700428832
0.9794,1407844,399.3005921993056
0.9794,1407844,896.9606902185011
0.9794,1407844,193.60618746171124
0.9794,1407844,251.11741882785375
0.9794,1407844,887.5994486420257
0.9794,1407844,795.3656320196038
0.9794,1407844,809.1536655094956
0.9794,1407844,177.5712681233408
0.9794,1407844,488.26485603430666
0.9794,1407844,486.9075964876455
0.9794,1407844,663.6085358382684
0.9794,1407844,632.2103328568511
0.9794,1407844,492.6745966918522
0.9794,1407844,1068.1775576883806
0.9794,1407844,466.88789054523176
0.9794,1407844,679.3990198080458
0.9794,1407844,361.926179293445
0.9794,1407844,1075.0237900755565
0.9794,1407844,402.06626506024094
0.9794,1407844,47.289871349806
0.9794,1407844,994.280375740249
0.9794,1407844,751.274249540535
0.9794,1407844,300.1845007147233
0.9794,1407844,1078.047580151113
0.9794,1407844,750.5931182356544
0.9794,1407844,172.90923014090257
0.9794,1407844,469.0518684909128
0.9794,1407844,1030.2924239330202
0.9794,1407844,427.5347151317133
0.9794,1407844,604.9474167857871
0.9794,1407844,957.9605881151724
0.9794,1407844,390.7707780273636
0.9794,1407844,581.219828466408
0.9794,1407844,1016.1200735143964
0.9794,1407844,860.0761690831121
0.9794,1407844,526.5756585664692
0.9794,1407844,654.5157239125995
0.9794,1407844,616.3630794363896
0.9794,1407844,658.713191750051
0.9794,1407844,710.379313865632
0.9794,1407844,784.930671839902
0.9794,1407844,977.9326118031448
0.9794,1407844,910.4441494792728
0.9794,1407844,565.6730651419236
0.9794,1407844,456.03012048192767
0.9794,1407844,586.970390034715
0.9794,1407844,727.8001837859914
0.9794,1407844,371.05585052072695
0.9794,1407844,1099.3351031243617
0.9794,1407844,288.3672656728609
0.9794,1407844,342.5758627731264
0.9794,1407844,1006.8986113947316
0.9794,1407844,508.2588319379212
0.9794,1407844,260.09352664896875
0.9794,1407844,80.05605472738411
0.9794,1407844,629.7777210537064
0.9794,1407844,892.6197672044109
0.9794,1407844,1056.525525832142
0.9794,1407844,1008.1662242189096
0.9794,1407844,559.7614866244639
0.9794,1407844,551.067898713498
0.9794,1407844,542.9340412497447
0.9794,1407844,439.2090055135797
0.9794,1407844,179.44057586277313
0.9794,1407844,825.1432509699816
0.9794,1407844,785.8762507657749
0.9794,1407844,802.0327751684705
0.9794,1407844,90.89769246477437
0.9794,1407844,173.8615478864611
0.9794,1407844,567.166836838881
0.9794,1407844,614.2823157034919
0.9794,1407844,580.4476209924444
0.9794,1407844,28.404329181131303
0.9794,1407844,813.5442107412701
0.9794,1407844,252.69440473759445
0.9794,1407844,548.9943843169287
0.9794,1407844,608.6454972432101
0.9794,1407844,435.7249336328365
0.9794,1407844,941.9085154176024
0.9794,1407844,412.3542985501328
0.9794,1407844,1026.7042066571369
0.9794,1407844,322.9168878905452
0.9794,1407844,881.2895650398202
0.9794,1407844,566.3971819481316
0.9794,1407844,439.48815601388606
0.9794,1407844,667.6264039207678
0.9794,1407844,687.5005105166427
0.9794,1407844,714.6140494180111
0.9794,1407844,839.5929140289973
0.9794,1407844,671.5796405962834
0.9794,1407844,807.4480294057586
0.9794,1407844,146.4629364917296
0.9794,1407844,829.6814376148662
0.9794,1407844,909.6651010822952
0.9794,1407844,296.6197672044109
0.9794,1407844,907.9523177455584
0.9794,1407844,735.166122115581
0.9794,1407844,819.7742495405349
0.9794,1407844,1061.1899121911374
0.9794,1407844,987.2248315295078
0.9794,1407844,926.5429855013272
0.9794,1407844,557.337451500919
0.9794,1407844,594.6070042883398
0.9794,1407844,132.90708597100263
0.9794,1407844,658.1039411884827
0.9794,1407844,664.7341229324076
0.9794,1407844,1062.0696344700837
0.9794,1407844,607.1148662446395
0.9794,1407844,455.109556871554
0.9794,1407844,471.2165611598938
0.9794,1407844,705.9082091076168
0.9794,1407844,335.4613028384725
0.9794,1407844,976.6904227077804
0.9794,1407844,541.1741882785378
0.9794,1407844,284.96222176842963
0.9794,1407844,534.9822340208291
0.9794,1407844,810.6645905656524
0.9794,1407844,241.31794976516235
0.9794,1407844,421.0962834388401
0.9794,1407844,1031.1404941801102
0.9794,1407844,934.7953849295486
0.9794,1407844,985.114764141311
0.9794,1407844,856.1492750663672
0.9794,1407844,719.4882581172145
0.9794,1407844,277.5433939146416
0.9794,1407844,657.5205227690423
0.9794,1407844,149.9675311415152
0.9794,1407844,648.8938125382888
0.9794,1407844,594.3877884419032
0.9794,1407844,401.4879518072289
0.9794,1407844,814.6733714519094
0.9794,1407844,1106.786297733306
0.9794,1407844,1060.9214825403308
0.9794,1407844,629.5881151725546
0.9794,1407844,320.2111496834797
0.9794,1407844,832.5122523994281
0.9794,1407844,650.1836838880947
0.9794,1407844,370.637941596896
0.9794,1407844,640.2560751480497
0.9794,1407844,713.9617112517868
0.9794,1407844,818.4356749030019
0.9794,1407844,723.7679191341638
0.9794,1407844,739.6287522973248
0.9794,1407844,642.4248519501735
0.9794,1407844,1059.078823769655
0.9794,1407844,1015.6430467633244
0.9794,1407844,838.9620175617724
0.9794,1407844,228.11649989789663
0.9794,1407844,149.4186236471309
0.9794,1407844,891.29957116602
0.9794,1407844,295.8179497651623
0.9794,1407844,401.457627118644
0.9794,1407844,585.2954870328772
0.9794,1407844,232.01378394935676
0.9794,1407844,781.6686746987951
0.9794,1407844,650.5874004492546
0.9794,1407844,823.7081886869511
0.9794,1407844,1052.6683683888095
0.9794,1407844,613.5847457627118
0.9794,1407844,57.56973657341229
0.9794,1407844,1000.288441903206
0.9794,1407844,931.1918521543804
0.9794,1407844,270.0861752093118
0.9794,1407844,444.85838268327547
0.9794,1407844,762.3902389217888
0.9794,1407844,450.7658770675924
0.9794,1407844,699.0092914028996
0.9794,1407844,608.2547478047784
0.9794,1407844,1052.653767612824
0.9794,1407844,451.15111292628137
0.9794,1407844,732.1018991219113
0.9794,1407844,153.8791096589749
0.9794,1407844,1085.7199305697366
0.9794,1407844,919.8596079232182
0.9794,1407844,1076.1888911578517
0.9794,1407844,1049.6854196446802
0.9794,1407844,608.3262201347763
0.9794,1407844,782.2083928936083
0.9794,1407844,728.2587298345926
0.9794,1407844,813.101490708597
0.9794,1407844,852.6146620379824
0.9794,1407844,412.78507249336326
0.9794,1407844,370.27353481723503
0.9794,1407844,728.0803553195834
0.9794,1407844,500.3646109863181
0.9794,1407844,51.12854809066775
0.9794,1407844,828.7133959567082
0.9794,1407844,370.2526036348785
0.9794,1407844,383.6791913416377
0.9794,1407844,193.6530528895242
0.9794,1407844,306.17561772513784
0.9794,1407844,116.61598938125384
0.9794,1407844,424.1482540330815
0.9794,1407844,327.4402695527874
0.9794,1407844,644.8531754135184
0.9794,1407844,980.7455585052072
0.9794,1407844,888.0712681233408
0.9794,1407844,431.590871962426
0.9794,1407844,709.3043700224626
0.9794,1407844,768.1532570961813
0.9794,1407844,2.816316111905248
0.9794,1407844,1041.174188278538
0.9794,1407844,241.6845007147233
0.9794,1407844,549.7982438227485
0.9794,1407844,37.83377578109047
0.9794,1407844,19.92321829691648
0.9794,1407844,138.66071063916684
0.9794,1407844,58.03685930161323
0.9794,1407844,933.7596487645496
0.9794,1407844,120.6306922605677
0.9794,1407844,683.8988156013886
0.9794,1407844,295.5033694098427
0.9794,1407844,865.4956095568715
0.9794,1407844,600.835307331019
0.9794,1407844,361.39789667143145
