uid,formula,charge,n_c,frequency_cm,scale,frequency_unscaled_cm,intensity_km_mol,symmetry,family
617,C384H48,0,384,4.7779,0.9563,4.996235490954721,0.4086,A2U,low / skeletal
617,C384H48,0,384,6.9502,0.9563,7.267802990693297,0.0,E2U,low / skeletal
617,C384H48,0,384,6.9502,0.9563,7.267802990693297,0.0,E2U,low / skeletal
617,C384H48,0,384,12.9474,0.9563,13.539056781344764,0.0,B1G,low / skeletal
617,C384H48,0,384,16.0504,0.9563,16.78385443898358,0.0,B2G,low / skeletal
617,C384H48,0,384,16.6358,0.9563,17.396005437624176,0.0,E1G,low / skeletal
617,C384H48,0,384,16.6358,0.9563,17.396005437624176,0.0,E1G,low / skeletal
617,C384H48,0,384,22.9968,0.9563,24.047683781240195,0.0,E2U,low / skeletal
617,C384H48,0,384,22.9968,0.9563,24.047683781240195,0.0,E2U,low / skeletal
617,C384H48,0,384,31.8963,0.9563,33.3538638502562,1.1156,A2U,low / skeletal
617,C384H48,0,384,32.3488,0.9563,33.82704172330858,0.0,E2U,low / skeletal
617,C384H48,0,384,32.3488,0.9563,33.82704172330858,0.0,E2U,low / skeletal
617,C384H48,0,384,34.9039,0.9563,36.498902018195125,0.0,E1G,low / skeletal
617,C384H48,0,384,34.9039,0.9563,36.498902018195125,0.0,E1G,low / skeletal
617,C384H48,0,384,43.2292,0.9563,45.204642894489176,0.0,B1G,low / skeletal
617,C384H48,0,384,48.2984,0.9563,50.50548990902436,0.0442,A2U,low / skeletal
617,C384H48,0,384,49.7545,0.9563,52.02812924814389,0.0,A1U,low / skeletal
617,C384H48,0,384,51.9773,0.9563,54.35250444421207,0.0,E1G,low / skeletal
617,C384H48,0,384,51.9773,0.9563,54.35250444421207,0.0,E1G,low / skeletal
617,C384H48,0,384,53.6392,0.9563,56.090348217086685,0.0,B2G,low / skeletal
617,C384H48,0,384,62.8317,0.9563,65.70291749451009,0.0,E2U,low / skeletal
617,C384H48,0,384,62.8317,0.9563,65.70291749451009,0.0,E2U,low / skeletal
617,C384H48,0,384,65.5139,0.9563,68.50768587263411,0.0,E1G,low / skeletal
617,C384H48,0,384,65.5139,0.9563,68.50768587263411,0.0,E1G,low / skeletal
617,C384H48,0,384,76.2724,0.9563,79.75781658475374,0.0,E2U,low / skeletal
617,C384H48,0,384,76.2724,0.9563,79.75781658475374,0.0,E2U,low / skeletal
617,C384H48,0,384,79.0588,0.9563,82.67154658579943,2.6847,A2U,low / skeletal
617,C384H48,0,384,84.7674,0.9563,88.64101223465438,0.0,B1G,low / skeletal
617,C384H48,0,384,85.7379,0.9563,89.6558611314441,0.0,E2U,low / skeletal
617,C384H48,0,384,85.7379,0.9563,89.6558611314441,0.0,E2U,low / skeletal
617,C384H48,0,384,86.5365,0.9563,90.49095472132176,0.0,E1G,low / skeletal
617,C384H48,0,384,86.5365,0.9563,90.49095472132176,0.0,E1G,low / skeletal
617,C384H48,0,384,95.9142,0.9563,100.2971870751856,0.0,E2G,low / skeletal
617,C384H48,0,384,95.9142,0.9563,100.2971870751856,0.0,E2G,low / skeletal
617,C384H48,0,384,98.2363,0.9563,102.72539997908606,0.0,B2G,low / skeletal
617,C384H48,0,384,103.6527,0.9563,108.38931297709922,12.2278,E1U,low / skeletal
617,C384H48,0,384,103.6527,0.9563,108.38931297709922,12.2278,E1U,low / skeletal
617,C384H48,0,384,106.1009,0.9563,110.94938826728011,0.1321,A2U,low / skeletal
617,C384H48,0,384,106.15,0.9563,111.00073198786993,0.0,B1G,low / skeletal
617,C384H48,0,384,109.708,0.9563,114.72132176095369,0.0,E1G,low / skeletal
617,C384H48,0,384,109.708,0.9563,114.72132176095369,0.0,E1G,low / skeletal
617,C384H48,0,384,110.8791,0.9563,115.94593746732195,0.0,E2U,low / skeletal
617,C384H48,0,384,110.8791,0.9563,115.94593746732195,0.0,E2U,low / skeletal
617,C384H48,0,384,113.4702,0.9563,118.6554428526613,0.0,B2G,low / skeletal
617,C384H48,0,384,115.8055,0.9563,121.09745895639443,0.0,A1U,low / skeletal
617,C384H48,0,384,121.7822,0.9563,127.34727595942697,0.0,A1G,low / skeletal
617,C384H48,0,384,129.8553,0.9563,135.7892920631601,0.0,E2U,low / skeletal
617,C384H48,0,384,129.8553,0.9563,135.7892920631601,0.0,E2U,low / skeletal
617,C384H48,0,384,131.047,0.9563,137.03544912684302,0.0,E1G,low / skeletal
617,C384H48,0,384,131.047,0.9563,137.03544912684302,0.0,E1G,low / skeletal
617,C384H48,0,384,139.1707,0.9563,145.5303774966015,0.0,B2U,low / skeletal
617,C384H48,0,384,140.2153,0.9563,146.62271253790652,0.0,E1G,low / skeletal
617,C384H48,0,384,140.2153,0.9563,146.62271253790652,0.0,E1G,low / skeletal
617,C384H48,0,384,143.9417,0.9563,150.51939767855274,3.6581,A2U,low / skeletal
617,C384H48,0,384,145.4035,0.9563,152.0479974903273,0.0,E2U,low / skeletal
617,C384H48,0,384,145.4035,0.9563,152.0479974903273,0.0,E2U,low / skeletal
617,C384H48,0,384,150.1257,0.9563,156.9859876607759,0.0,B1U,low / skeletal
617,C384H48,0,384,152.8275,0.9563,159.81125169925753,0.0,B1G,low / skeletal
617,C384H48,0,384,152.8317,0.9563,159.81564362647703,0.0,E2G,low / skeletal
617,C384H48,0,384,152.8317,0.9563,159.81564362647703,0.0,E2G,low / skeletal
617,C384H48,0,384,156.2007,0.9563,163.33859667468369,0.1455,A2U,low / skeletal
617,C384H48,0,384,160.2262,0.9563,167.54804977517514,0.0,E1G,low / skeletal
617,C384H48,0,384,160.2262,0.9563,167.54804977517514,0.0,E1G,low / skeletal
617,C384H48,0,384,162.7384,0.9563,170.17504967060546,0.0,A1U,low / skeletal
617,C384H48,0,384,162.8058,0.9563,170.24552964550873,0.0,E2U,low / skeletal
617,C384H48,0,384,162.8058,0.9563,170.24552964550873,0.0,E2U,low / skeletal
617,C384H48,0,384,180.4331,0.9563,188.67834361602007,0.0,E1G,low / skeletal
617,C384H48,0,384,180.4331,0.9563,188.67834361602007,0.0,E1G,low / skeletal
617,C384H48,0,384,183.5606,0.9563,191.94876084910592,0.0,B2G,low / skeletal
617,C384H48,0,384,185.2814,0.9563,193.74819617274912,0.6212,A2U,low / skeletal
617,C384H48,0,384,187.8434,0.9563,196.42727177663912,0.0,E2G,low / skeletal
617,C384H48,0,384,187.8434,0.9563,196.42727177663912,0.0,E2G,low / skeletal
617,C384H48,0,384,187.9166,0.9563,196.50381679389312,0.0,E1G,low / skeletal
617,C384H48,0,384,187.9166,0.9563,196.50381679389312,0.0,E1G,low / skeletal
617,C384H48,0,384,188.4626,0.9563,197.07476733242703,0.0,B1G,low / skeletal
617,C384H48,0,384,190.0865,0.9563,198.77287462093489,0.0,E2U,low / skeletal
617,C384H48,0,384,190.0865,0.9563,198.77287462093489,0.0,E2U,low / skeletal
617,C384H48,0,384,191.6953,0.9563,200.4551918853916,0.0,B1U,low / skeletal
617,C384H48,0,384,196.8031,0.9563,205.79640280246784,0.0,B2G,low / skeletal
617,C384H48,0,384,196.8334,0.9563,205.8280874202656,0.0,A1U,low / skeletal
617,C384H48,0,384,204.296,0.9563,213.63170553173688,0.0,A2G,low / skeletal
617,C384H48,0,384,209.7686,0.9563,219.3543866987347,0.0,E2U,low / skeletal
617,C384H48,0,384,209.7686,0.9563,219.3543866987347,0.0,E2U,low / skeletal
617,C384H48,0,384,214.4782,0.9563,224.27920108752485,1.1352,E1U,low / skeletal
617,C384H48,0,384,214.4782,0.9563,224.27920108752485,1.1352,E1U,low / skeletal
617,C384H48,0,384,214.9867,0.9563,224.8109379901705,0.0,E1G,low / skeletal
617,C384H48,0,384,214.9867,0.9563,224.8109379901705,0.0,E1G,low / skeletal
617,C384H48,0,384,221.2,0.9563,231.30816689323436,0.0,E2U,low / skeletal
617,C384H48,0,384,221.2,0.9563,231.30816689323436,0.0,E2U,low / skeletal
617,C384H48,0,384,224.0321,0.9563,234.26968524521595,18.1409,E1U,low / skeletal
617,C384H48,0,384,224.0321,0.9563,234.26968524521595,18.1405,E1U,low / skeletal
617,C384H48,0,384,226.8273,0.9563,237.19261737948344,5.369,A2U,low / skeletal
617,C384H48,0,384,227.853,0.9563,238.26518874830077,0.0,B1G,low / skeletal
617,C384H48,0,384,229.1914,0.9563,239.6647495555788,0.0,E2U,low / skeletal
617,C384H48,0,384,229.1914,0.9563,239.6647495555788,0.0,E2U,low / skeletal
617,C384H48,0,384,232.5385,0.9563,243.16480184042663,0.0,E1G,low / skeletal
617,C384H48,0,384,232.5385,0.9563,243.16480184042663,0.0,E1G,low / skeletal
617,C384H48,0,384,238.7541,0.9563,249.66443584649167,0.0,B2G,low / skeletal
617,C384H48,0,384,240.9865,0.9563,251.99884973334727,0.0,B1G,low / skeletal
617,C384H48,0,384,244.6432,0.9563,255.82264979608908,0.0,B2U,low / skeletal
617,C384H48,0,384,244.7806,0.9563,255.96632855798387,0.4506,A2U,low / skeletal
617,C384H48,0,384,249.8998,0.9563,261.3194604203701,0.0,A2G,low / skeletal
617,C384H48,0,384,251.1531,0.9563,262.6300324166057,0.0,E2U,low / skeletal
617,C384H48,0,384,251.1531,0.9563,262.6300324166057,0.0,E2U,low / skeletal
617,C384H48,0,384,252.5397,0.9563,264.0799958172122,0.0,E1G,low / skeletal
617,C384H48,0,384,252.5397,0.9563,264.0799958172122,0.0,E1G,low / skeletal
617,C384H48,0,384,258.3232,0.9563,270.127784168148,0.0,A1G,low / skeletal
617,C384H48,0,384,262.5017,0.9563,274.4972289030639,0.0,E2U,low / skeletal
617,C384H48,0,384,262.5017,0.9563,274.4972289030639,0.0,E2U,low / skeletal
617,C384H48,0,384,268.1273,0.9563,280.37990170448603,0.103,E1U,low / skeletal
617,C384H48,0,384,268.1273,0.9563,280.37990170448603,0.103,E1U,low / skeletal
617,C384H48,0,384,268.4639,0.9563,280.73188330021964,0.0,E2G,low / skeletal
617,C384H48,0,384,268.4639,0.9563,280.73188330021964,0.0,E2G,low / skeletal
617,C384H48,0,384,272.5976,0.9563,285.05448081146085,0.0,E1G,low / skeletal
617,C384H48,0,384,272.5976,0.9563,285.05448081146085,0.0,E1G,low / skeletal
617,C384H48,0,384,272.7456,0.9563,285.20924396110007,0.0,A1U,low / skeletal
617,C384H48,0,384,273.3114,0.9563,285.800899299383,0.0,B2G,low / skeletal
617,C384H48,0,384,278.9993,0.9563,291.74871902122766,0.0,B1G,low / skeletal
617,C384H48,0,384,279.9751,0.9563,292.7691101118896,0.0327,A2U,low / skeletal
617,C384H48,0,384,280.0631,0.9563,292.8611314441075,0.0,E2U,low / skeletal
617,C384H48,0,384,280.0631,0.9563,292.8611314441075,0.0,E2U,low / skeletal
617,C384H48,0,384,283.905,0.9563,296.8785945832897,0.0,E1G,low / skeletal
617,C384H48,0,384,283.905,0.9563,296.8785945832897,0.0,E1G,low / skeletal
617,C384H48,0,384,286.7731,0.9563,299.8777580257241,0.7621,E1U,low / skeletal
617,C384H48,0,384,286.7731,0.9563,299.8777580257241,0.7621,E1U,low / skeletal
617,C384H48,0,384,289.4912,0.9563,302.72006692460525,0.0,A1U,low / skeletal
617,C384H48,0,384,291.0918,0.9563,304.3938094740144,0.0,B2G,low / skeletal
617,C384H48,0,384,292.9571,0.9563,306.3443480079473,0.0,E1G,low / skeletal
617,C384H48,0,384,292.9571,0.9563,306.3443480079473,0.0,E1G,low / skeletal
617,C384H48,0,384,298.464,0.9563,312.1028965805709,0.0,E2G,low / skeletal
617,C384H48,0,384,298.464,0.9563,312.1028965805709,0.0,E2G,low / skeletal
617,C384H48,0,384,310.9079,0.9563,325.1154449440552,0.0,E2U,low / skeletal
617,C384H48,0,384,310.9079,0.9563,325.1154449440552,0.0,E2U,low / skeletal
617,C384H48,0,384,312.1019,0.9563,326.3640071107393,0.0,E1G,low / skeletal
617,C384H48,0,384,312.1019,0.9563,326.3640071107393,0.0,E1G,low / skeletal
617,C384H48,0,384,314.1003,0.9563,328.4537279096518,0.8191,A2U,low / skeletal
617,C384H48,0,384,319.8895,0.9563,334.5074767332427,0.0,E2U,low / skeletal
617,C384H48,0,384,319.8895,0.9563,334.5074767332427,0.0,E2U,low / skeletal
617,C384H48,0,384,319.9214,0.9563,334.5408344661717,0.0,A1U,low / skeletal
617,C384H48,0,384,320.7244,0.9563,335.3805291226602,5.0822,A2U,low / skeletal
617,C384H48,0,384,321.8436,0.9563,336.5508731569591,0.0,E2G,low / skeletal
617,C384H48,0,384,321.8436,0.9563,336.5508731569591,0.0,E2G,low / skeletal
617,C384H48,0,384,323.5146,0.9563,338.29823277214257,0.0,B1G,low / skeletal
617,C384H48,0,384,325.9229,0.9563,340.8165847537384,0.0,E1G,low / skeletal
617,C384H48,0,384,325.9229,0.9563,340.8165847537384,0.0,E1G,low / skeletal
617,C384H48,0,384,326.0195,0.9563,340.91759907978667,0.0,B1U,low / skeletal
617,C384H48,0,384,326.8905,0.9563,341.8284011293527,0.0,E2U,low / skeletal
617,C384H48,0,384,326.8905,0.9563,341.8284011293527,0.0,E2U,low / skeletal
617,C384H48,0,384,328.5764,0.9563,343.5913416291958,0.0,A2G,low / skeletal
617,C384H48,0,384,328.5983,0.9563,343.6142423925546,0.0,E2G,low / skeletal
617,C384H48,0,384,328.5983,0.9563,343.6142423925546,0.0,E2G,low / skeletal
617,C384H48,0,384,332.7375,0.9563,347.9425912370595,0.0,A1G,low / skeletal
617,C384H48,0,384,335.5138,0.9563,350.8457596988393,0.8672,A2U,low / skeletal
617,C384H48,0,384,337.6327,0.9563,353.06148698107285,0.0,B2U,low / skeletal
617,C384H48,0,384,340.7537,0.9563,356.3251071839381,0.3283,E1U,low / skeletal
617,C384H48,0,384,340.7537,0.9563,356.3251071839381,0.3283,E1U,low / skeletal
617,C384H48,0,384,341.5586,0.9563,357.16678866464497,0.0,B1G,low / skeletal
617,C384H48,0,384,343.4936,0.9563,359.19021227648227,0.0,E1G,low / skeletal
617,C384H48,0,384,343.4936,0.9563,359.19021227648227,0.0,E1G,low / skeletal
617,C384H48,0,384,345.1146,0.9563,360.8852870438147,0.0,E2U,low / skeletal
617,C384H48,0,384,345.1146,0.9563,360.8852870438147,0.0,E2U,low / skeletal
617,C384H48,0,384,348.2564,0.9563,364.170657743386,0.0,E1G,low / skeletal
617,C384H48,0,384,348.2564,0.9563,364.170657743386,0.0,E1G,low / skeletal
617,C384H48,0,384,356.1919,0.9563,372.4687859458329,0.0,B2U,low / skeletal
617,C384H48,0,384,358.6878,0.9563,375.0787409808637,0.0,B1U,low / skeletal
617,C384H48,0,384,358.9116,0.9563,375.3127679598453,0.0,B2G,low / skeletal
617,C384H48,0,384,366.855,0.9563,383.6191571682526,0.0,E2U,low / skeletal
617,C384H48,0,384,366.855,0.9563,383.6191571682526,0.0,E2U,low / skeletal
617,C384H48,0,384,368.215,0.9563,385.0413050298024,0.0,E1G,low / skeletal
617,C384H48,0,384,368.215,0.9563,385.0413050298024,0.0,E1G,low / skeletal
617,C384H48,0,384,368.6241,0.9563,385.46909965492,0.0,B1G,low / skeletal
617,C384H48,0,384,369.1888,0.9563,386.0596047265502,0.0,B2G,low / skeletal
617,C384H48,0,384,370.5005,0.9563,387.43124542507576,0.0,E2U,low / skeletal
617,C384H48,0,384,370.5005,0.9563,387.43124542507576,0.0,E2U,low / skeletal
617,C384H48,0,384,370.8755,0.9563,387.823381783959,0.0,A1U,low / skeletal
617,C384H48,0,384,373.9653,0.9563,391.0543762417651,0.7236,E1U,low / skeletal
617,C384H48,0,384,373.9653,0.9563,391.0543762417651,0.7234,E1U,low / skeletal
617,C384H48,0,384,375.1601,0.9563,392.3037749660148,0.2013,A2U,low / skeletal
617,C384H48,0,384,376.3535,0.9563,393.5517097145247,0.0,E2G,low / skeletal
617,C384H48,0,384,376.3535,0.9563,393.5517097145247,0.0,E2G,low / skeletal
617,C384H48,0,384,377.5924,0.9563,394.8472236745791,0.0,E1G,low / skeletal
617,C384H48,0,384,377.5924,0.9563,394.8472236745791,0.0,E1G,low / skeletal
617,C384H48,0,384,379.1888,0.9563,396.5165742967688,0.0,E2U,low / skeletal
617,C384H48,0,384,379.1888,0.9563,396.5165742967688,0.0,E2U,low / skeletal
617,C384H48,0,384,383.5841,0.9563,401.1127261319669,0.0,B2G,low / skeletal
617,C384H48,0,384,385.5168,0.9563,403.1337446408031,0.0,A1U,low / skeletal
617,C384H48,0,384,387.4192,0.9563,405.12307853184143,0.0,A1G,low / skeletal
617,C384H48,0,384,390.0734,0.9563,407.89856739516887,0.0,B1G,low / skeletal
617,C384H48,0,384,394.0302,0.9563,412.0361811147129,0.0,A2G,low / skeletal
617,C384H48,0,384,395.0488,0.9563,413.10132803513545,0.0,B2G,low / skeletal
617,C384H48,0,384,396.6556,0.9563,414.7815539056781,0.0,E2U,low / skeletal
617,C384H48,0,384,396.6556,0.9563,414.7815539056781,0.0,E2U,low / skeletal
617,C384H48,0,384,397.1492,0.9563,415.2977099236641,0.0,E1G,low / skeletal
617,C384H48,0,384,397.1492,0.9563,415.2977099236641,0.0,E1G,low / skeletal
617,C384H48,0,384,399.4427,0.9563,417.69601589459376,0.0,E2G,low / skeletal
617,C384H48,0,384,399.4427,0.9563,417.69601589459376,0.0,E2G,low / skeletal
617,C384H48,0,384,399.8956,0.9563,418.16961204642894,0.0,B2U,low / skeletal
617,C384H48,0,384,403.1003,0.9563,421.5207570845969,0.0,A2G,low / skeletal
617,C384H48,0,384,405.5787,0.9563,424.1124124228799,0.0,A1U,low / skeletal
617,C384H48,0,384,405.7213,0.9563,424.2615288089512,9.4214,E1U,low / skeletal
617,C384H48,0,384,405.7213,0.9563,424.2615288089512,9.4211,E1U,low / skeletal
617,C384H48,0,384,407.6031,0.9563,426.2293213426749,0.0,E1G,low / skeletal
617,C384H48,0,384,407.6031,0.9563,426.2293213426749,0.0,E1G,low / skeletal
617,C384H48,0,384,408.6763,0.9563,427.3515633169508,0.0,B1U,low / skeletal
617,C384H48,0,384,413.9101,0.9563,432.8245320506117,5.0179,A2U,low / skeletal
617,C384H48,0,384,413.9907,0.9563,432.90881522534767,0.0,E2U,low / skeletal
617,C384H48,0,384,413.9907,0.9563,432.90881522534767,0.0,E2U,low / skeletal
617,C384H48,0,384,414.2865,0.9563,433.2181323852348,0.0,E2U,low / skeletal
617,C384H48,0,384,414.2865,0.9563,433.2181323852348,0.0,E2U,low / skeletal
617,C384H48,0,384,415.6372,0.9563,434.6305552650842,0.0,B1G,low / skeletal
617,C384H48,0,384,415.9068,0.9563,434.9124751646973,3.7689,E1U,low / skeletal
617,C384H48,0,384,415.9068,0.9563,434.9124751646973,3.7689,E1U,low / skeletal
617,C384H48,0,384,416.2703,0.9563,435.29258600857474,0.0,E1G,low / skeletal
617,C384H48,0,384,416.2703,0.9563,435.29258600857474,0.0,E1G,low / skeletal
617,C384H48,0,384,418.6207,0.9563,437.75039213635887,0.2789,A2U,low / skeletal
617,C384H48,0,384,420.57,0.9563,439.7887692146816,0.0,E2U,low / skeletal
617,C384H48,0,384,420.57,0.9563,439.7887692146816,0.0,E2U,low / skeletal
617,C384H48,0,384,424.317,0.9563,443.7069957126425,0.0,E1G,low / skeletal
617,C384H48,0,384,424.317,0.9563,443.7069957126425,0.0,E1G,low / skeletal
617,C384H48,0,384,429.1371,0.9563,448.7473596151835,0.0,B1G,low / skeletal
617,C384H48,0,384,433.7765,0.9563,453.5987660775907,0.0056,A2U,low / skeletal
617,C384H48,0,384,434.2958,0.9563,454.1417965073721,0.1461,E1U,low / skeletal
617,C384H48,0,384,434.2958,0.9563,454.1417965073721,0.1461,E1U,low / skeletal
617,C384H48,0,384,434.7288,0.9563,454.59458328976257,0.0,E2G,low / skeletal
617,C384H48,0,384,434.7288,0.9563,454.59458328976257,0.0,E2G,low / skeletal
617,C384H48,0,384,438.7561,0.9563,458.8059186447768,0.0,E2U,low / skeletal
617,C384H48,0,384,438.7561,0.9563,458.8059186447768,0.0,E2U,low / skeletal
617,C384H48,0,384,438.7656,0.9563,458.8158527658685,0.0,E1G,low / skeletal
617,C384H48,0,384,438.7656,0.9563,458.8158527658685,0.0,E1G,low / skeletal
617,C384H48,0,384,442.1356,0.9563,462.3398515110321,0.0,A2G,low / skeletal
617,C384H48,0,384,446.943,0.9563,467.3669350622189,0.0,E2G,low / skeletal
617,C384H48,0,384,446.943,0.9563,467.3669350622189,0.0,E2G,low / skeletal
617,C384H48,0,384,448.1809,0.9563,468.6614033253163,0.8898,E1U,low / skeletal
617,C384H48,0,384,448.1809,0.9563,468.6614033253163,0.8898,E1U,low / skeletal
617,C384H48,0,384,450.972,0.9563,471.58004810206,0.0,A1G,low / skeletal
617,C384H48,0,384,451.3516,0.9563,471.97699466694553,0.0,A1U,low / skeletal
617,C384H48,0,384,452.7278,0.9563,473.416082819199,0.0,E1G,low / skeletal
617,C384H48,0,384,452.7278,0.9563,473.416082819199,0.0,E1G,low / skeletal
617,C384H48,0,384,452.764,0.9563,473.4539370490432,0.0,B2G,low / skeletal
617,C384H48,0,384,453.5735,0.9563,474.3004287357524,0.0,E2U,low / skeletal
617,C384H48,0,384,453.5735,0.9563,474.3004287357524,0.0,E2U,low / skeletal
617,C384H48,0,384,454.8898,0.9563,475.6768796402802,0.0,E1G,low / skeletal
617,C384H48,0,384,454.8898,0.9563,475.6768796402802,0.0,E1G,low / skeletal
617,C384H48,0,384,454.922,0.9563,475.7105510822964,0.0,A1U,low / skeletal
617,C384H48,0,384,455.4717,0.9563,476.2853706995712,0.0,B2G,low / skeletal
617,C384H48,0,384,460.4175,0.9563,481.45717870960993,0.0,E2U,low / skeletal
617,C384H48,0,384,460.4175,0.9563,481.45717870960993,0.0,E2U,low / skeletal
617,C384H48,0,384,461.176,0.9563,482.250339851511,0.1198,A2U,low / skeletal
617,C384H48,0,384,462.0331,0.9563,483.1466067133744,0.0,B1G,low / skeletal
617,C384H48,0,384,462.5717,0.9563,483.7098190944265,0.0,E1G,low / skeletal
617,C384H48,0,384,462.5717,0.9563,483.7098190944265,0.0,E1G,low / skeletal
617,C384H48,0,384,466.9178,0.9563,488.2545226393391,0.0,E2G,low / skeletal
617,C384H48,0,384,466.9178,0.9563,488.2545226393391,0.0,E2G,low / skeletal
617,C384H48,0,384,467.3598,0.9563,488.7167206943428,0.0,B2G,low / skeletal
617,C384H48,0,384,467.9811,0.9563,489.3664122137405,0.0,A1U,low / skeletal
617,C384H48,0,384,469.7521,0.9563,491.2183415246261,0.0,B2U,low / skeletal
617,C384H48,0,384,471.5193,0.9563,493.0662971870752,4.4195,E1U,low / skeletal
617,C384H48,0,384,471.5193,0.9563,493.0662971870752,4.42,E1U,low / skeletal
617,C384H48,0,384,473.3579,0.9563,494.98891561225554,0.0,B1U,low / skeletal
617,C384H48,0,384,476.1388,0.9563,497.89689428003766,0.0,E2U,low / skeletal
617,C384H48,0,384,476.1388,0.9563,497.89689428003766,0.0,E2U,low / skeletal
617,C384H48,0,384,480.1469,0.9563,502.08815225347695,0.0,B1U,low / skeletal
617,C384H48,0,384,481.6446,0.9563,503.6542925860086,0.9967,E1U,low / skeletal
617,C384H48,0,384,481.6446,0.9563,503.6542925860086,0.9967,E1U,low / skeletal
617,C384H48,0,384,483.8051,0.9563,505.9135208616543,0.0,B2G,low / skeletal
617,C384H48,0,384,484.5666,0.9563,506.7098190944264,0.0,E1G,low / skeletal
617,C384H48,0,384,484.5666,0.9563,506.7098190944264,0.0,E1G,low / skeletal
617,C384H48,0,384,487.6824,0.9563,509.9680016731151,0.0,A1G,low / skeletal
617,C384H48,0,384,494.262,0.9563,516.8482693715362,0.0,E2U,low / skeletal
617,C384H48,0,384,494.262,0.9563,516.8482693715362,0.0,E2U,low / skeletal
617,C384H48,0,384,495.2041,0.9563,517.8334204747464,0.0,A2G,low / skeletal
617,C384H48,0,384,495.7237,0.9563,518.3767646136149,0.0,E2G,low / skeletal
617,C384H48,0,384,495.7237,0.9563,518.3767646136149,0.0,E2G,low / skeletal
617,C384H48,0,384,502.8366,0.9563,525.8147024992156,0.0,B2U,low / skeletal
617,C384H48,0,384,507.0729,0.9563,530.2445885182474,0.0,E2G,low / skeletal
617,C384H48,0,384,507.0729,0.9563,530.2445885182474,0.0,E2G,low / skeletal
617,C384H48,0,384,511.9299,0.9563,535.3235386385026,17.8103,E1U,low / skeletal
617,C384H48,0,384,511.9299,0.9563,535.3235386385026,17.81,E1U,low / skeletal
617,C384H48,0,384,512.5444,0.9563,535.9661194185925,0.0,A1G,low / skeletal
617,C384H48,0,384,518.5116,0.9563,542.2060023005333,0.0,E2G,low / skeletal
617,C384H48,0,384,518.5116,0.9563,542.2060023005333,0.0,E2G,low / skeletal
617,C384H48,0,384,518.7053,0.9563,542.4085538011084,0.0,E1G,low / skeletal
617,C384H48,0,384,518.7053,0.9563,542.4085538011084,0.0,E1G,low / skeletal
617,C384H48,0,384,519.509,0.9563,543.2489804454669,0.0,A1U,low / skeletal
617,C384H48,0,384,520.6026,0.9563,544.3925546376661,0.0,E2G,low / skeletal
617,C384H48,0,384,520.6026,0.9563,544.3925546376661,0.0,E2G,low / skeletal
617,C384H48,0,384,525.0735,0.9563,549.0677611628149,5.7212,E1U,low / skeletal
617,C384H48,0,384,525.0735,0.9563,549.0677611628149,5.721,E1U,low / skeletal
617,C384H48,0,384,527.6604,0.9563,551.7728746209348,0.0,A2G,low / skeletal
617,C384H48,0,384,530.1223,0.9563,554.347275959427,0.0,E2G,low / skeletal
617,C384H48,0,384,530.1223,0.9563,554.347275959427,0.0,E2G,low / skeletal
617,C384H48,0,384,534.7826,0.9563,559.2205374882359,0.0,A2G,low / skeletal
617,C384H48,0,384,540.4734,0.9563,565.1713897312558,0.0,B2U,low / skeletal
617,C384H48,0,384,541.189,0.9563,565.9196904737007,6.97,E1U,low / skeletal
617,C384H48,0,384,541.189,0.9563,565.9196904737007,6.9698,E1U,low / skeletal
617,C384H48,0,384,542.5872,0.9563,567.3817839590087,0.0,E2U,low / skeletal
617,C384H48,0,384,542.5872,0.9563,567.3817839590087,0.0,E2U,low / skeletal
617,C384H48,0,384,544.7235,0.9563,569.6157063682944,0.0,B1U,low / skeletal
617,C384H48,0,384,547.1671,0.9563,572.170971452473,0.0,B2G,low / skeletal
617,C384H48,0,384,550.8956,0.9563,576.069852556729,0.0,A1G,low / skeletal
617,C384H48,0,384,552.418,0.9563,577.6618216040991,0.0,B2U,low / skeletal
617,C384H48,0,384,556.6139,0.9563,582.0494614660671,1.2895,E1U,low / skeletal
617,C384H48,0,384,556.6139,0.9563,582.0494614660671,1.2896,E1U,low / skeletal
617,C384H48,0,384,559.5835,0.9563,585.1547631496392,0.0,E1G,low / skeletal
617,C384H48,0,384,559.5835,0.9563,585.1547631496392,0.0,E1G,low / skeletal
617,C384H48,0,384,562.2453,0.9563,587.93819930984,0.0,B1U,low / skeletal
617,C384H48,0,384,563.3329,0.9563,589.0754993202969,1.0779,E1U,low / skeletal
617,C384H48,0,384,563.3329,0.9563,589.0754993202969,1.0782,E1U,low / skeletal
617,C384H48,0,384,563.6438,0.9563,589.4006065042352,0.0,B1G,low / skeletal
617,C384H48,0,384,564.3855,0.9563,590.1761999372582,0.0,B2U,low / skeletal
617,C384H48,0,384,564.7014,0.9563,590.5065356059814,0.0,A1U,low / skeletal
617,C384H48,0,384,564.895,0.9563,590.7089825368607,0.0179,A2U,low / skeletal
617,C384H48,0,384,566.4973,0.9563,592.3845027710969,0.0,E2G,low / skeletal
617,C384H48,0,384,566.4973,0.9563,592.3845027710969,0.0,E2G,low / skeletal
617,C384H48,0,384,567.1526,0.9563,593.0697479870333,0.0,E2U,low / skeletal
617,C384H48,0,384,567.1526,0.9563,593.0697479870333,0.0,E2U,low / skeletal
617,C384H48,0,384,569.6701,0.9563,595.7022900763359,0.0,E1G,low / skeletal
617,C384H48,0,384,569.6701,0.9563,595.7022900763359,0.0,E1G,low / skeletal
617,C384H48,0,384,571.6017,0.9563,597.7221583185193,0.0,E2U,low / skeletal
617,C384H48,0,384,571.6017,0.9563,597.7221583185193,0.0,E2U,low / skeletal
617,C384H48,0,384,573.5841,0.9563,599.7951479661194,2.0204,E1U,low / skeletal
617,C384H48,0,384,573.5841,0.9563,599.7951479661194,2.0205,E1U,low / skeletal
617,C384H48,0,384,573.7572,0.9563,599.9761581093799,6.0543,A2U,low / skeletal
617,C384H48,0,384,573.896,0.9563,600.1213008470145,0.0,B2G,low / skeletal
617,C384H48,0,384,574.8307,0.9563,601.0987137927428,0.0,A1G,low / skeletal
617,C384H48,0,384,574.9475,0.9563,601.220851197323,0.0,E1G,low / skeletal
617,C384H48,0,384,574.9475,0.9563,601.220851197323,0.0,E1G,low / skeletal
617,C384H48,0,384,575.7144,0.9563,602.022796193663,0.0,B1U,low / skeletal
617,C384H48,0,384,576.6725,0.9563,603.0246784481857,0.0,B1G,low / skeletal
617,C384H48,0,384,576.7463,0.9563,603.1018508836139,0.0,E2G,low / skeletal
617,C384H48,0,384,576.7463,0.9563,603.1018508836139,0.0,E2G,low / skeletal
617,C384H48,0,384,577.5357,0.9563,603.927324061487,0.0,E1G,low / skeletal
617,C384H48,0,384,577.5357,0.9563,603.927324061487,0.0,E1G,low / skeletal
617,C384H48,0,384,578.5379,0.9563,604.9753215518143,0.0,E2U,low / skeletal
617,C384H48,0,384,578.5379,0.9563,604.9753215518143,0.0,E2U,low / skeletal
617,C384H48,0,384,579.1478,0.9563,605.6130921259019,0.0,A1U,low / skeletal
617,C384H48,0,384,580.3024,0.9563,606.8204538324793,42.0409,A2U,low / skeletal
617,C384H48,0,384,580.458,0.9563,606.9831642789919,0.0,E2U,low / skeletal
617,C384H48,0,384,580.458,0.9563,606.9831642789919,0.0,E2U,low / skeletal
617,C384H48,0,384,581.8052,0.9563,608.3919272194918,0.0,E1G,low / skeletal
617,C384H48,0,384,581.8052,0.9563,608.3919272194918,0.0,E1G,low / skeletal
617,C384H48,0,384,581.9771,0.9563,608.5716825264037,0.0,B2G,low / skeletal
617,C384H48,0,384,583.4157,0.9563,610.0760221687755,0.0,E2G,low / skeletal
617,C384H48,0,384,583.4157,0.9563,610.0760221687755,0.0,E2G,low / skeletal
617,C384H48,0,384,583.7881,0.9563,610.4654397155704,0.0,A2G,low / skeletal
617,C384H48,0,384,587.3955,0.9563,614.2376869183311,0.0,E2U,low / skeletal
617,C384H48,0,384,587.3955,0.9563,614.2376869183311,0.0,E2U,low / skeletal
617,C384H48,0,384,588.9866,0.9563,615.9014953466485,0.0,B1G,low / skeletal
617,C384H48,0,384,589.8213,0.9563,616.7743385966746,0.0,A2G,low / skeletal
617,C384H48,0,384,590.5911,0.9563,617.5793161141901,0.0,A1G,low / skeletal
617,C384H48,0,384,595.2032,0.9563,622.4021750496706,0.0,E2G,low / skeletal
617,C384H48,0,384,595.2032,0.9563,622.4021750496706,0.0,E2G,low / skeletal
617,C384H48,0,384,598.4969,0.9563,625.8463871170135,12.8795,E1U,low / skeletal
617,C384H48,0,384,598.4969,0.9563,625.8463871170135,12.8793,E1U,low / skeletal
617,C384H48,0,384,600.6531,0.9563,628.101118895744,0.0,E1G,low / skeletal
617,C384H48,0,384,600.6531,0.9563,628.101118895744,0.0,E1G,low / skeletal
617,C384H48,0,384,601.6724,0.9563,629.1669978040364,0.0,B1U,low / skeletal
617,C384H48,0,384,601.7971,0.9563,629.297396214577,0.0,B2U,low / skeletal
617,C384H48,0,384,602.7982,0.9563,630.3442434382515,0.0758,E1U,low / skeletal
617,C384H48,0,384,602.7982,0.9563,630.3442434382515,0.0758,E1U,low / skeletal
617,C384H48,0,384,604.2684,0.9563,631.8816271044651,0.0,E2G,low / skeletal
617,C384H48,0,384,604.2684,0.9563,631.8816271044651,0.0,E2G,low / skeletal
617,C384H48,0,384,606.044,0.9563,633.7383666213531,0.0,E2U,low / skeletal
617,C384H48,0,384,606.044,0.9563,633.7383666213531,0.0,E2U,low / skeletal
617,C384H48,0,384,608.7788,0.9563,636.5981386594166,0.0392,E1U,low / skeletal
617,C384H48,0,384,608.7788,0.9563,636.5981386594166,0.0393,E1U,low / skeletal
617,C384H48,0,384,614.9107,0.9563,643.0102478301789,0.0,A1G,low / skeletal
617,C384H48,0,384,616.4248,0.9563,644.5935375928055,3.9166,A2U,low / skeletal
617,C384H48,0,384,618.4251,0.9563,646.6852452159364,0.0,E1G,low / skeletal
617,C384H48,0,384,618.4251,0.9563,646.6852452159364,0.0,E1G,low / skeletal
617,C384H48,0,384,618.7039,0.9563,646.9767855275541,0.0,A2G,low / skeletal
617,C384H48,0,384,621.0504,0.9563,649.4305134372058,0.0,E2G,low / skeletal
617,C384H48,0,384,621.0504,0.9563,649.4305134372058,0.0,E2G,low / skeletal
617,C384H48,0,384,622.1462,0.9563,650.5763881627105,0.0,B1G,low / skeletal
617,C384H48,0,384,623.043,0.9563,651.5141691937677,0.6784,A2U,low / skeletal
617,C384H48,0,384,623.4253,0.9563,651.913939140437,0.0,A1U,low / skeletal
617,C384H48,0,384,623.5291,0.9563,652.0224824845759,0.0,B2U,low / skeletal
617,C384H48,0,384,624.29,0.9563,652.8181532991738,0.0,B2G,low / skeletal
617,C384H48,0,384,626.0478,0.9563,654.656279410227,0.0,E2G,low / skeletal
617,C384H48,0,384,626.0478,0.9563,654.656279410227,0.0,E2G,low / skeletal
617,C384H48,0,384,626.3203,0.9563,654.9412318310153,5.2832,E1U,low / skeletal
617,C384H48,0,384,626.3203,0.9563,654.9412318310153,5.2834,E1U,low / skeletal
617,C384H48,0,384,629.7285,0.9563,658.5051761999373,0.0,E2U,low / skeletal
617,C384H48,0,384,629.7285,0.9563,658.5051761999373,0.0,E2U,low / skeletal
617,C384H48,0,384,631.7257,0.9563,660.5936421625013,0.0,E1G,low / skeletal
617,C384H48,0,384,631.7257,0.9563,660.5936421625013,0.0,E1G,low / skeletal
617,C384H48,0,384,633.5278,0.9563,662.4780926487504,0.0,B2U,low / skeletal
617,C384H48,0,384,633.8103,0.9563,662.7735020391091,0.0,A2G,low / skeletal
617,C384H48,0,384,634.5368,0.9563,663.5332008783854,3.7217,E1U,low / skeletal
617,C384H48,0,384,634.5368,0.9563,663.5332008783854,3.7215,E1U,low / skeletal
617,C384H48,0,384,637.1795,0.9563,666.296664226707,0.0,B1U,low / skeletal
617,C384H48,0,384,639.5455,0.9563,668.7707832270207,0.0,E2G,low / skeletal
617,C384H48,0,384,639.5455,0.9563,668.7707832270207,0.0,E2G,low / skeletal
617,C384H48,0,384,640.0426,0.9563,669.2905991843563,0.0599,A2U,low / skeletal
617,C384H48,0,384,640.5168,0.9563,669.786468681376,0.0,E2U,low / skeletal
617,C384H48,0,384,640.5168,0.9563,669.786468681376,0.0,E2U,low / skeletal
617,C384H48,0,384,641.1037,0.9563,670.4001882254522,0.0,B1G,low / skeletal
617,C384H48,0,384,641.2442,0.9563,670.5471086479138,0.0,B1U,low / skeletal
617,C384H48,0,384,641.6113,0.9563,670.9309840008366,0.0,A2G,low / skeletal
617,C384H48,0,384,641.6628,0.9563,670.9848373941231,0.0361,E1U,low / skeletal
617,C384H48,0,384,641.6628,0.9563,670.9848373941231,0.0361,E1U,low / skeletal
617,C384H48,0,384,642.5873,0.9563,671.9515842308899,0.0,B1U,low / skeletal
617,C384H48,0,384,642.6653,0.9563,672.0331485935376,0.0,E2G,low / skeletal
617,C384H48,0,384,642.6653,0.9563,672.0331485935376,0.0,E2G,low / skeletal
617,C384H48,0,384,642.7128,0.9563,672.0828191989962,0.0069,E1U,low / skeletal
617,C384H48,0,384,642.7128,0.9563,672.0828191989962,0.0069,E1U,low / skeletal
617,C384H48,0,384,642.8058,0.9563,672.1800690159992,0.0,E1G,low / skeletal
617,C384H48,0,384,642.8058,0.9563,672.1800690159992,0.0,E1G,low / skeletal
617,C384H48,0,384,643.4462,0.9563,672.8497333472759,0.0,A2G,low / skeletal
617,C384H48,0,384,645.4746,0.9563,674.970825054899,0.0,E1G,low / skeletal
617,C384H48,0,384,645.4746,0.9563,674.970825054899,0.0,E1G,low / skeletal
617,C384H48,0,384,645.5234,0.9563,675.0218550664017,0.0,E2U,low / skeletal
617,C384H48,0,384,645.5234,0.9563,675.0218550664017,0.0,E2U,low / skeletal
617,C384H48,0,384,648.1213,0.9563,677.7384711910488,4.2093,A2U,low / skeletal
617,C384H48,0,384,648.2126,0.9563,677.8339433232248,0.0,E2U,low / skeletal
617,C384H48,0,384,648.2126,0.9563,677.8339433232248,0.0,E2U,low / skeletal
617,C384H48,0,384,649.886,0.9563,679.5838126111053,0.0,B1G,low / skeletal
617,C384H48,0,384,650.0883,0.9563,679.7953571055108,0.0,B2G,CH-oop (10.5-15 um; benzene nu11 at 673 included)
617,C384H48,0,384,651.2138,0.9563,680.9722890306389,0.0,A1U,CH-oop (10.5-15 um; benzene nu11 at 673 included)
617,C384H48,0,384,661.2578,0.9563,691.4752692669664,0.0,E2G,CH-oop (10.5-15 um; benzene nu11 at 673 included)
617,C384H48,0,384,661.2578,0.9563,691.4752692669664,0.0,E2G,CH-oop (10.5-15 um; benzene nu11 at 673 included)
617,C384H48,0,384,661.5031,0.9563,691.7317787305238,3.7039,E1U,CH-oop (10.5-15 um; benzene nu11 at 673 included)
617,C384H48,0,384,661.5031,0.9563,691.7317787305238,3.7038,E1U,CH-oop (10.5-15 um; benzene nu11 at 673 included)
617,C384H48,0,384,661.5543,0.9563,691.7853184147234,0.0,E1G,CH-oop (10.5-15 um; benzene nu11 at 673 included)
617,C384H48,0,384,661.5543,0.9563,691.7853184147234,0.0,E1G,CH-oop (10.5-15 um; benzene nu11 at 673 included)
617,C384H48,0,384,661.9047,0.9563,692.1517306284638,0.0,E2U,CH-oop (10.5-15 um; benzene nu11 at 673 included)
617,C384H48,0,384,661.9047,0.9563,692.1517306284638,0.0,E2U,CH-oop (10.5-15 um; benzene nu11 at 673 included)
617,C384H48,0,384,664.9508,0.9563,695.3370281292481,0.0,E2G,CH-oop (10.5-15 um; benzene nu11 at 673 included)
617,C384H48,0,384,664.9508,0.9563,695.3370281292481,0.0,E2G,CH-oop (10.5-15 um; benzene nu11 at 673 included)
617,C384H48,0,384,665.1882,0.9563,695.5852765868451,0.0064,E1U,CH-oop (10.5-15 um; benzene nu11 at 673 included)
617,C384H48,0,384,665.1882,0.9563,695.5852765868451,0.0064,E1U,CH-oop (10.5-15 um; benzene nu11 at 673 included)
617,C384H48,0,384,665.4375,0.9563,695.8459688382306,0.0,B2G,CH-oop (10.5-15 um; benzene nu11 at 673 included)
617,C384H48,0,384,666.9457,0.9563,697.423088988811,0.0,E2U,CH-oop (10.5-15 um; benzene nu11 at 673 included)
617,C384H48,0,384,666.9457,0.9563,697.423088988811,0.0,E2U,CH-oop (10.5-15 um; benzene nu11 at 673 included)
617,C384H48,0,384,667.522,0.9563,698.0257241451427,0.0,E1G,CH-oop (10.5-15 um; benzene nu11 at 673 included)
617,C384H48,0,384,667.522,0.9563,698.0257241451427,0.0,E1G,CH-oop (10.5-15 um; benzene nu11 at 673 included)
617,C384H48,0,384,668.5204,0.9563,699.0697479870333,0.0,A1U,CH-oop (10.5-15 um; benzene nu11 at 673 included)
617,C384H48,0,384,671.0042,0.9563,701.6670500888841,0.0,B2U,CH-oop (10.5-15 um; benzene nu11 at 673 included)
617,C384H48,0,384,672.2098,0.9563,702.9277423402698,0.0,E2U,CH-oop (10.5-15 um; benzene nu11 at 673 included)
617,C384H48,0,384,672.2098,0.9563,702.9277423402698,0.0,E2U,CH-oop (10.5-15 um; benzene nu11 at 673 included)
617,C384H48,0,384,673.1205,0.9563,703.8800585590295,0.0,E1G,CH-oop (10.5-15 um; benzene nu11 at 673 included)
617,C384H48,0,384,673.1205,0.9563,703.8800585590295,0.0,E1G,CH-oop (10.5-15 um; benzene nu11 at 673 included)
617,C384H48,0,384,673.3011,0.9563,704.0689114294677,0.0,B2G,CH-oop (10.5-15 um; benzene nu11 at 673 included)
617,C384H48,0,384,674.4275,0.9563,705.2467844818572,0.0,B2U,CH-oop (10.5-15 um; benzene nu11 at 673 included)
617,C384H48,0,384,674.7258,0.9563,705.5587158841367,0.0,A1G,CH-oop (10.5-15 um; benzene nu11 at 673 included)
617,C384H48,0,384,676.6527,0.9563,707.5736693506221,0.0,E2G,CH-oop (10.5-15 um; benzene nu11 at 673 included)
617,C384H48,0,384,676.6527,0.9563,707.5736693506221,0.0,E2G,CH-oop (10.5-15 um; benzene nu11 at 673 included)
617,C384H48,0,384,679.4512,0.9563,710.5000522848478,0.0,A2G,CH-oop (10.5-15 um; benzene nu11 at 673 included)
617,C384H48,0,384,681.0267,0.9563,712.1475478406358,0.0,B1G,CH-oop (10.5-15 um; benzene nu11 at 673 included)
617,C384H48,0,384,681.226,0.9563,712.3559552441702,0.0592,A2U,CH-oop (10.5-15 um; benzene nu11 at 673 included)
617,C384H48,0,384,681.9879,0.9563,713.1526717557251,0.0,A1G,CH-oop (10.5-15 um; benzene nu11 at 673 included)
617,C384H48,0,384,682.7261,0.9563,713.9246052493987,0.0,E2G,CH-oop (10.5-15 um; benzene nu11 at 673 included)
617,C384H48,0,384,682.7261,0.9563,713.9246052493987,0.0,E2G,CH-oop (10.5-15 um; benzene nu11 at 673 included)
617,C384H48,0,384,684.047,0.9563,715.3058663599289,0.0,E1G,CH-oop (10.5-15 um; benzene nu11 at 673 included)
617,C384H48,0,384,684.047,0.9563,715.3058663599289,0.0,E1G,CH-oop (10.5-15 um; benzene nu11 at 673 included)
617,C384H48,0,384,684.0747,0.9563,715.3348321656384,0.0,A1U,CH-oop (10.5-15 um; benzene nu11 at 673 included)
617,C384H48,0,384,684.5539,0.9563,715.8359301474433,0.0,B2G,CH-oop (10.5-15 um; benzene nu11 at 673 included)
617,C384H48,0,384,686.2489,0.9563,717.6083864895953,0.8878,E1U,CH-oop (10.5-15 um; benzene nu11 at 673 included)
617,C384H48,0,384,686.2489,0.9563,717.6083864895953,0.8877,E1U,CH-oop (10.5-15 um; benzene nu11 at 673 included)
617,C384H48,0,384,686.6114,0.9563,717.9874516365157,0.0,E2U,CH-oop (10.5-15 um; benzene nu11 at 673 included)
617,C384H48,0,384,686.6114,0.9563,717.9874516365157,0.0,E2U,CH-oop (10.5-15 um; benzene nu11 at 673 included)
617,C384H48,0,384,693.4411,0.9563,725.1292481438878,0.0,E1G,CH-oop (10.5-15 um; benzene nu11 at 673 included)
617,C384H48,0,384,693.4411,0.9563,725.1292481438878,0.0,E1G,CH-oop (10.5-15 um; benzene nu11 at 673 included)
617,C384H48,0,384,693.4829,0.9563,725.1729582766914,0.0,B1G,CH-oop (10.5-15 um; benzene nu11 at 673 included)
617,C384H48,0,384,693.658,0.9563,725.356059813866,0.0,A1G,CH-oop (10.5-15 um; benzene nu11 at 673 included)
617,C384H48,0,384,694.6952,0.9563,726.440656697689,0.0,E2G,CH-oop (10.5-15 um; benzene nu11 at 673 included)
617,C384H48,0,384,694.6952,0.9563,726.440656697689,0.0,E2G,CH-oop (10.5-15 um; benzene nu11 at 673 included)
617,C384H48,0,384,694.8333,0.9563,726.5850674474538,1.115,A2U,CH-oop (10.5-15 um; benzene nu11 at 673 included)
617,C384H48,0,384,696.2093,0.9563,728.0239464603158,0.0,E2U,CH-oop (10.5-15 um; benzene nu11 at 673 included)
617,C384H48,0,384,696.2093,0.9563,728.0239464603158,0.0,E2U,CH-oop (10.5-15 um; benzene nu11 at 673 included)
617,C384H48,0,384,696.3053,0.9563,728.1243333681898,0.0,B1U,CH-oop (10.5-15 um; benzene nu11 at 673 included)
617,C384H48,0,384,696.5504,0.9563,728.3806336923559,0.0695,E1U,CH-oop (10.5-15 um; benzene nu11 at 673 included)
617,C384H48,0,384,696.5504,0.9563,728.3806336923559,0.0695,E1U,CH-oop (10.5-15 um; benzene nu11 at 673 included)
617,C384H48,0,384,697.1863,0.9563,729.0455923873261,0.0,E2G,CH-oop (10.5-15 um; benzene nu11 at 673 included)
617,C384H48,0,384,697.1863,0.9563,729.0455923873261,0.0,E2G,CH-oop (10.5-15 um; benzene nu11 at 673 included)
617,C384H48,0,384,699.2576,0.9563,731.2115444944055,0.0,E1G,CH-oop (10.5-15 um; benzene nu11 at 673 included)
617,C384H48,0,384,699.2576,0.9563,731.2115444944055,0.0,E1G,CH-oop (10.5-15 um; benzene nu11 at 673 included)
617,C384H48,0,384,699.3029,0.9563,731.2589145665586,0.0,E2U,CH-oop (10.5-15 um; benzene nu11 at 673 included)
617,C384H48,0,384,699.3029,0.9563,731.2589145665586,0.0,E2U,CH-oop (10.5-15 um; benzene nu11 at 673 included)
617,C384H48,0,384,699.5927,0.9563,731.5619575447035,5.1156,A2U,CH-oop (10.5-15 um; benzene nu11 at 673 included)
617,C384H48,0,384,701.6004,0.9563,733.6614033253163,0.0,A1U,CH-oop (10.5-15 um; benzene nu11 at 673 included)
617,C384H48,0,384,702.7845,0.9563,734.8996130921258,0.0,B2U,CH-oop (10.5-15 um; benzene nu11 at 673 included)
617,C384H48,0,384,704.1311,0.9563,736.3077486144515,0.0,B2G,CH-oop (10.5-15 um; benzene nu11 at 673 included)
617,C384H48,0,384,704.6778,0.9563,736.8794311408554,19.934,E1U,CH-oop (10.5-15 um; benzene nu11 at 673 included)
617,C384H48,0,384,704.6778,0.9563,736.8794311408554,19.9338,E1U,CH-oop (10.5-15 um; benzene nu11 at 673 included)
617,C384H48,0,384,706.3123,0.9563,738.5886228171076,0.0,A2G,CH-oop (10.5-15 um; benzene nu11 at 673 included)
617,C384H48,0,384,710.2411,0.9563,742.696957021855,0.0,E2U,CH-oop (10.5-15 um; benzene nu11 at 673 included)
617,C384H48,0,384,710.2411,0.9563,742.696957021855,0.0,E2U,CH-oop (10.5-15 um; benzene nu11 at 673 included)
617,C384H48,0,384,710.7047,0.9563,743.1817421311304,0.0,E1G,CH-oop (10.5-15 um; benzene nu11 at 673 included)
617,C384H48,0,384,710.7047,0.9563,743.1817421311304,0.0,E1G,CH-oop (10.5-15 um; benzene nu11 at 673 included)
617,C384H48,0,384,711.5444,0.9563,744.0598138659416,0.0,A1U,CH-oop (10.5-15 um; benzene nu11 at 673 included)
617,C384H48,0,384,713.0712,0.9563,745.6563839799226,0.0,E2U,CH-oop (10.5-15 um; benzene nu11 at 673 included)
617,C384H48,0,384,713.0712,0.9563,745.6563839799226,0.0,E2U,CH-oop (10.5-15 um; benzene nu11 at 673 included)
617,C384H48,0,384,713.7782,0.9563,746.395691728537,0.0,E1G,CH-oop (10.5-15 um; benzene nu11 at 673 included)
617,C384H48,0,384,713.7782,0.9563,746.395691728537,0.0,E1G,CH-oop (10.5-15 um; benzene nu11 at 673 included)
617,C384H48,0,384,713.8409,0.9563,746.4612569277424,0.0,B2G,CH-oop (10.5-15 um; benzene nu11 at 673 included)
617,C384H48,0,384,715.6617,0.9563,748.3652619470877,0.0,E1G,CH-oop (10.5-15 um; benzene nu11 at 673 included)
617,C384H48,0,384,715.6617,0.9563,748.3652619470877,0.0,E1G,CH-oop (10.5-15 um; benzene nu11 at 673 included)
617,C384H48,0,384,716.675,0.9563,749.4248666736379,0.0,E2G,CH-oop (10.5-15 um; benzene nu11 at 673 included)
617,C384H48,0,384,716.675,0.9563,749.4248666736379,0.0,E2G,CH-oop (10.5-15 um; benzene nu11 at 673 included)
617,C384H48,0,384,720.2006,0.9563,753.1115758653142,0.0,B1U,CH-oop (10.5-15 um; benzene nu11 at 673 included)
617,C384H48,0,384,721.0026,0.9563,753.9502248248458,0.0,B1G,CH-oop (10.5-15 um; benzene nu11 at 673 included)
617,C384H48,0,384,721.1647,0.9563,754.119732301579,0.0841,A2U,CH-oop (10.5-15 um; benzene nu11 at 673 included)
617,C384H48,0,384,721.3085,0.9563,754.2701035239987,12.1979,E1U,CH-oop (10.5-15 um; benzene nu11 at 673 included)
617,C384H48,0,384,721.3085,0.9563,754.2701035239987,12.1979,E1U,CH-oop (10.5-15 um; benzene nu11 at 673 included)
617,C384H48,0,384,721.8094,0.9563,754.7938931297709,0.0,B2G,CH-oop (10.5-15 um; benzene nu11 at 673 included)
617,C384H48,0,384,722.7267,0.9563,755.7531109484472,0.0,A1U,CH-oop (10.5-15 um; benzene nu11 at 673 included)
617,C384H48,0,384,722.7654,0.9563,755.7935794206838,0.0,E1G,CH-oop (10.5-15 um; benzene nu11 at 673 included)
617,C384H48,0,384,722.7654,0.9563,755.7935794206838,0.0,E1G,CH-oop (10.5-15 um; benzene nu11 at 673 included)
617,C384H48,0,384,723.7018,0.9563,756.7727700512391,0.0,E2U,CH-oop (10.5-15 um; benzene nu11 at 673 included)
617,C384H48,0,384,723.7018,0.9563,756.7727700512391,0.0,E2U,CH-oop (10.5-15 um; benzene nu11 at 673 included)
617,C384H48,0,384,726.1133,0.9563,759.2944682630973,1.5541,A2U,CH-oop (10.5-15 um; benzene nu11 at 673 included)
617,C384H48,0,384,726.145,0.9563,759.3276168566349,0.0,A1G,CH-oop (10.5-15 um; benzene nu11 at 673 included)
617,C384H48,0,384,726.5272,0.9563,759.7272822336087,0.0,E2U,CH-oop (10.5-15 um; benzene nu11 at 673 included)
617,C384H48,0,384,726.5272,0.9563,759.7272822336087,0.0,E2U,CH-oop (10.5-15 um; benzene nu11 at 673 included)
617,C384H48,0,384,728.043,0.9563,761.3123496810624,0.0,A2G,CH-oop (10.5-15 um; benzene nu11 at 673 included)
617,C384H48,0,384,728.27,0.9563,761.5497228903064,0.0,E1G,CH-oop (10.5-15 um; benzene nu11 at 673 included)
617,C384H48,0,384,728.27,0.9563,761.5497228903064,0.0,E1G,CH-oop (10.5-15 um; benzene nu11 at 673 included)
617,C384H48,0,384,728.333,0.9563,761.6156017985987,0.0,E2U,CH-oop (10.5-15 um; benzene nu11 at 673 included)
617,C384H48,0,384,728.333,0.9563,761.6156017985987,0.0,E2U,CH-oop (10.5-15 um; benzene nu11 at 673 included)
617,C384H48,0,384,728.8454,0.9563,762.1514169193767,0.0,A1U,CH-oop (10.5-15 um; benzene nu11 at 673 included)
617,C384H48,0,384,730.8583,0.9563,764.256300324166,0.0,B2G,CH-oop (10.5-15 um; benzene nu11 at 673 included)
617,C384H48,0,384,730.8912,0.9563,764.2907037540521,0.0,B1G,CH-oop (10.5-15 um; benzene nu11 at 673 included)
617,C384H48,0,384,731.6151,0.9563,765.0476837812402,0.0,E1G,CH-oop (10.5-15 um; benzene nu11 at 673 included)
617,C384H48,0,384,731.6151,0.9563,765.0476837812402,0.0,E1G,CH-oop (10.5-15 um; benzene nu11 at 673 included)
617,C384H48,0,384,732.2096,0.9563,765.6693506221897,0.0,E2U,CH-oop (10.5-15 um; benzene nu11 at 673 included)
617,C384H48,0,384,732.2096,0.9563,765.6693506221897,0.0,E2U,CH-oop (10.5-15 um; benzene nu11 at 673 included)
617,C384H48,0,384,732.3585,0.9563,765.8250548990902,0.0,E1G,CH-oop (10.5-15 um; benzene nu11 at 673 included)
617,C384H48,0,384,732.3585,0.9563,765.8250548990902,0.0,E1G,CH-oop (10.5-15 um; benzene nu11 at 673 included)
617,C384H48,0,384,732.9848,0.9563,766.4799749032729,0.0,B2U,CH-oop (10.5-15 um; benzene nu11 at 673 included)
617,C384H48,0,384,733.9041,0.9563,767.4412841158631,0.0,B2G,CH-oop (10.5-15 um; benzene nu11 at 673 included)
617,C384H48,0,384,734.7274,0.9563,768.3022064205793,0.0,E2U,CH-oop (10.5-15 um; benzene nu11 at 673 included)
617,C384H48,0,384,734.7274,0.9563,768.3022064205793,0.0,E2U,CH-oop (10.5-15 um; benzene nu11 at 673 included)
617,C384H48,0,384,734.9614,0.9563,768.5468995085224,10.7259,E1U,CH-oop (10.5-15 um; benzene nu11 at 673 included)
617,C384H48,0,384,734.9614,0.9563,768.5468995085224,10.726,E1U,CH-oop (10.5-15 um; benzene nu11 at 673 included)
617,C384H48,0,384,735.3441,0.9563,768.9470877339747,0.18,A2U,CH-oop (10.5-15 um; benzene nu11 at 673 included)
617,C384H48,0,384,735.6445,0.9563,769.261215099864,0.0,B1G,CH-oop (10.5-15 um; benzene nu11 at 673 included)
617,C384H48,0,384,736.2554,0.9563,769.9000313709087,0.0,A1U,CH-oop (10.5-15 um; benzene nu11 at 673 included)
617,C384H48,0,384,736.6538,0.9563,770.3166370385862,0.0,B2G,CH-oop (10.5-15 um; benzene nu11 at 673 included)
617,C384H48,0,384,738.2019,0.9563,771.9354804977518,0.0,E2U,CH-oop (10.5-15 um; benzene nu11 at 673 included)
617,C384H48,0,384,738.2019,0.9563,771.9354804977518,0.0,E2U,CH-oop (10.5-15 um; benzene nu11 at 673 included)
617,C384H48,0,384,740.9669,0.9563,774.8268325839172,0.0,B2G,CH-oop (10.5-15 um; benzene nu11 at 673 included)
617,C384H48,0,384,741.2537,0.9563,775.126738471191,0.0,E2U,CH-oop (10.5-15 um; benzene nu11 at 673 included)
617,C384H48,0,384,741.2537,0.9563,775.126738471191,0.0,E2U,CH-oop (10.5-15 um; benzene nu11 at 673 included)
617,C384H48,0,384,741.6891,0.9563,775.5820349262784,0.0,E2G,CH-oop (10.5-15 um; benzene nu11 at 673 included)
617,C384H48,0,384,741.6891,0.9563,775.5820349262784,0.0,E2G,CH-oop (10.5-15 um; benzene nu11 at 673 included)
617,C384H48,0,384,741.7671,0.9563,775.6635992889261,0.0,E1G,CH-oop (10.5-15 um; benzene nu11 at 673 included)
617,C384H48,0,384,741.7671,0.9563,775.6635992889261,0.0,E1G,CH-oop (10.5-15 um; benzene nu11 at 673 included)
617,C384H48,0,384,742.3551,0.9563,776.2784690996549,0.8814,E1U,CH-oop (10.5-15 um; benzene nu11 at 673 included)
617,C384H48,0,384,742.3551,0.9563,776.2784690996549,0.8815,E1U,CH-oop (10.5-15 um; benzene nu11 at 673 included)
617,C384H48,0,384,743.0278,0.9563,776.9819094426434,0.0,B1U,CH-oop (10.5-15 um; benzene nu11 at 673 included)
617,C384H48,0,384,743.1427,0.9563,777.1020600230053,0.0,E1G,CH-oop (10.5-15 um; benzene nu11 at 673 included)
617,C384H48,0,384,743.1427,0.9563,777.1020600230053,0.0,E1G,CH-oop (10.5-15 um; benzene nu11 at 673 included)
617,C384H48,0,384,746.2929,0.9563,780.3962145770156,1.623,A2U,CH-oop (10.5-15 um; benzene nu11 at 673 included)
617,C384H48,0,384,746.2962,0.9563,780.3996653769738,0.0,A1G,CH-oop (10.5-15 um; benzene nu11 at 673 included)
617,C384H48,0,384,746.4748,0.9563,780.5864268534978,0.0,E2G,CH-oop (10.5-15 um; benzene nu11 at 673 included)
617,C384H48,0,384,746.4748,0.9563,780.5864268534978,0.0,E2G,CH-oop (10.5-15 um; benzene nu11 at 673 included)
617,C384H48,0,384,748.0476,0.9563,782.2310990275018,0.0,A1U,CH-oop (10.5-15 um; benzene nu11 at 673 included)
617,C384H48,0,384,748.176,0.9563,782.3653665167834,0.0,E1G,CH-oop (10.5-15 um; benzene nu11 at 673 included)
617,C384H48,0,384,748.176,0.9563,782.3653665167834,0.0,E1G,CH-oop (10.5-15 um; benzene nu11 at 673 included)
617,C384H48,0,384,750.6083,0.9563,784.9088152253477,0.0,E1G,CH-oop (10.5-15 um; benzene nu11 at 673 included)
617,C384H48,0,384,750.6083,0.9563,784.9088152253477,0.0,E1G,CH-oop (10.5-15 um; benzene nu11 at 673 included)
617,C384H48,0,384,752.1213,0.9563,786.4909547213217,0.0,E2U,CH-oop (10.5-15 um; benzene nu11 at 673 included)
617,C384H48,0,384,752.1213,0.9563,786.4909547213217,0.0,E2U,CH-oop (10.5-15 um; benzene nu11 at 673 included)
617,C384H48,0,384,753.6768,0.9563,788.1175363379692,0.0,E2U,CH-oop (10.5-15 um; benzene nu11 at 673 included)
617,C384H48,0,384,753.6768,0.9563,788.1175363379692,0.0,E2U,CH-oop (10.5-15 um; benzene nu11 at 673 included)
617,C384H48,0,384,755.1324,0.9563,789.6396528286102,0.0,B1U,CH-oop (10.5-15 um; benzene nu11 at 673 included)
617,C384H48,0,384,755.5097,0.9563,790.0341942904945,0.0,B2G,CH-oop (10.5-15 um; benzene nu11 at 673 included)
617,C384H48,0,384,755.7908,0.9563,790.3281397051135,0.0,A1U,CH-oop (10.5-15 um; benzene nu11 at 673 included)
617,C384H48,0,384,756.9909,0.9563,791.5830806232353,3.3106,A2U,CH-oop (10.5-15 um; benzene nu11 at 673 included)
617,C384H48,0,384,758.8236,0.9563,793.4995294363694,0.0,B1G,CH-oop (10.5-15 um; benzene nu11 at 673 included)
617,C384H48,0,384,761.7344,0.9563,796.5433441388685,0.0,E2U,CH-oop (10.5-15 um; benzene nu11 at 673 included)
617,C384H48,0,384,761.7344,0.9563,796.5433441388685,0.0,E2U,CH-oop (10.5-15 um; benzene nu11 at 673 included)
617,C384H48,0,384,762.8897,0.9563,797.7514378333158,0.0,E1G,CH-oop (10.5-15 um; benzene nu11 at 673 included)
617,C384H48,0,384,762.8897,0.9563,797.7514378333158,0.0,E1G,CH-oop (10.5-15 um; benzene nu11 at 673 included)
617,C384H48,0,384,763.7123,0.9563,798.6116281501621,0.0,E2G,CH-oop (10.5-15 um; benzene nu11 at 673 included)
617,C384H48,0,384,763.7123,0.9563,798.6116281501621,0.0,E2G,CH-oop (10.5-15 um; benzene nu11 at 673 included)
617,C384H48,0,384,764.3328,0.9563,799.2604831119942,0.0,B2G,CH-oop (10.5-15 um; benzene nu11 at 673 included)
617,C384H48,0,384,768.8991,0.9563,804.035449126843,0.0,A2G,CH-oop (10.5-15 um; benzene nu11 at 673 included)
617,C384H48,0,384,769.6802,0.9563,804.8522430199728,3.0254,E1U,CH-oop (10.5-15 um; benzene nu11 at 673 included)
617,C384H48,0,384,769.6802,0.9563,804.8522430199728,3.0255,E1U,CH-oop (10.5-15 um; benzene nu11 at 673 included)
617,C384H48,0,384,770.101,0.9563,805.2922722994875,0.0,B2U,CH-oop (10.5-15 um; benzene nu11 at 673 included)
617,C384H48,0,384,770.3888,0.9563,805.5932238837185,0.0,A1G,CH-oop (10.5-15 um; benzene nu11 at 673 included)
617,C384H48,0,384,770.8394,0.9563,806.0644149325525,0.0,E1G,CH-oop (10.5-15 um; benzene nu11 at 673 included)
617,C384H48,0,384,770.8394,0.9563,806.0644149325525,0.0,E1G,CH-oop (10.5-15 um; benzene nu11 at 673 included)
617,C384H48,0,384,775.2444,0.9563,810.6707100282339,0.0,A2G,CH-oop (10.5-15 um; benzene nu11 at 673 included)
617,C384H48,0,384,775.7088,0.9563,811.1563316950748,0.0,E2U,CH-oop (10.5-15 um; benzene nu11 at 673 included)
617,C384H48,0,384,775.7088,0.9563,811.1563316950748,0.0,E2U,CH-oop (10.5-15 um; benzene nu11 at 673 included)
617,C384H48,0,384,777.1679,0.9563,812.6821081250654,6.6281,E1U,CH-oop (10.5-15 um; benzene nu11 at 673 included)
617,C384H48,0,384,777.1679,0.9563,812.6821081250654,6.6283,E1U,CH-oop (10.5-15 um; benzene nu11 at 673 included)
617,C384H48,0,384,777.2199,0.9563,812.7364843668305,0.0,A1U,CH-oop (10.5-15 um; benzene nu11 at 673 included)
617,C384H48,0,384,779.9625,0.9563,815.6044128411586,0.0,B1U,CH-oop (10.5-15 um; benzene nu11 at 673 included)
617,C384H48,0,384,780.6824,0.9563,816.3572100805187,0.0,A2G,CH-oop (10.5-15 um; benzene nu11 at 673 included)
617,C384H48,0,384,783.5919,0.9563,819.3996653769738,8.5855,A2U,CH-oop (10.5-15 um; benzene nu11 at 673 included)
617,C384H48,0,384,783.8519,0.9563,819.6715465857994,0.0,B1G,CH-oop (10.5-15 um; benzene nu11 at 673 included)
617,C384H48,0,384,784.2005,0.9563,820.0360765450173,0.0,E2U,CH-oop (10.5-15 um; benzene nu11 at 673 included)
617,C384H48,0,384,784.2005,0.9563,820.0360765450173,0.0,E2U,CH-oop (10.5-15 um; benzene nu11 at 673 included)
617,C384H48,0,384,784.9485,0.9563,820.8182578688695,0.0,E1G,CH-oop (10.5-15 um; benzene nu11 at 673 included)
617,C384H48,0,384,784.9485,0.9563,820.8182578688695,0.0,E1G,CH-oop (10.5-15 um; benzene nu11 at 673 included)
617,C384H48,0,384,785.3548,0.9563,821.2431245425075,47.3428,A2U,CH-oop (10.5-15 um; benzene nu11 at 673 included)
617,C384H48,0,384,785.3653,0.9563,821.2541043605563,0.0,E2G,CH-oop (10.5-15 um; benzene nu11 at 673 included)
617,C384H48,0,384,785.3653,0.9563,821.2541043605563,0.0,E2G,CH-oop (10.5-15 um; benzene nu11 at 673 included)
617,C384H48,0,384,787.2195,0.9563,823.1930356582662,3.9589,E1U,CH-oop (10.5-15 um; benzene nu11 at 673 included)
617,C384H48,0,384,787.2195,0.9563,823.1930356582662,3.9587,E1U,CH-oop (10.5-15 um; benzene nu11 at 673 included)
617,C384H48,0,384,789.4274,0.9563,825.5018299696748,0.0,B1U,CH-oop (10.5-15 um; benzene nu11 at 673 included)
617,C384H48,0,384,792.6112,0.9563,828.831119941441,0.0,B2G,CH-oop (10.5-15 um; benzene nu11 at 673 included)
617,C384H48,0,384,792.6919,0.9563,828.9155076858726,0.0,E2G,CH-oop (10.5-15 um; benzene nu11 at 673 included)
617,C384H48,0,384,792.6919,0.9563,828.9155076858726,0.0,E2G,CH-oop (10.5-15 um; benzene nu11 at 673 included)
617,C384H48,0,384,798.9423,0.9563,835.451531946042,0.0,E1G,CH-oop (10.5-15 um; benzene nu11 at 673 included)
617,C384H48,0,384,798.9423,0.9563,835.451531946042,0.0,E1G,CH-oop (10.5-15 um; benzene nu11 at 673 included)
617,C384H48,0,384,806.2641,0.9563,843.1079159259646,0.0,B2U,CH-oop (10.5-15 um; benzene nu11 at 673 included)
617,C384H48,0,384,807.3213,0.9563,844.2134267489281,0.2159,E1U,CH-oop (10.5-15 um; benzene nu11 at 673 included)
617,C384H48,0,384,807.3213,0.9563,844.2134267489281,0.2159,E1U,CH-oop (10.5-15 um; benzene nu11 at 673 included)
617,C384H48,0,384,810.2071,0.9563,847.2310990275017,0.0,A1U,CH-oop (10.5-15 um; benzene nu11 at 673 included)
617,C384H48,0,384,810.5115,0.9563,847.5494091812192,0.0,E2G,CH-oop (10.5-15 um; benzene nu11 at 673 included)
617,C384H48,0,384,810.5115,0.9563,847.5494091812192,0.0,E2G,CH-oop (10.5-15 um; benzene nu11 at 673 included)
617,C384H48,0,384,811.3867,0.9563,848.4646031580048,0.0,E1G,CH-oop (10.5-15 um; benzene nu11 at 673 included)
617,C384H48,0,384,811.3867,0.9563,848.4646031580048,0.0,E1G,CH-oop (10.5-15 um; benzene nu11 at 673 included)
617,C384H48,0,384,813.9701,0.9563,851.166056676775,0.0,E2U,CH-oop (10.5-15 um; benzene nu11 at 673 included)
617,C384H48,0,384,813.9701,0.9563,851.166056676775,0.0,E2U,CH-oop (10.5-15 um; benzene nu11 at 673 included)
617,C384H48,0,384,815.4764,0.9563,852.741190003137,0.0,B1G,CH-oop (10.5-15 um; benzene nu11 at 673 included)
617,C384H48,0,384,818.5874,0.9563,855.9943532364321,2.2333,E1U,CH-oop (10.5-15 um; benzene nu11 at 673 included)
617,C384H48,0,384,818.5874,0.9563,855.9943532364321,2.2331,E1U,CH-oop (10.5-15 um; benzene nu11 at 673 included)
617,C384H48,0,384,822.9924,0.9563,860.6006483321133,0.6077,E1U,CH-oop (10.5-15 um; benzene nu11 at 673 included)
617,C384H48,0,384,822.9924,0.9563,860.6006483321133,0.6077,E1U,CH-oop (10.5-15 um; benzene nu11 at 673 included)
617,C384H48,0,384,823.4015,0.9563,861.028442957231,0.0,E2U,CH-oop (10.5-15 um; benzene nu11 at 673 included)
617,C384H48,0,384,823.4015,0.9563,861.028442957231,0.0,E2U,CH-oop (10.5-15 um; benzene nu11 at 673 included)
617,C384H48,0,384,824.5022,0.9563,862.179441597825,0.0,E2G,CH-oop (10.5-15 um; benzene nu11 at 673 included)
617,C384H48,0,384,824.5022,0.9563,862.179441597825,0.0,E2G,CH-oop (10.5-15 um; benzene nu11 at 673 included)
617,C384H48,0,384,831.2182,0.9563,869.2023423611837,0.0,B1U,CH-oop (10.5-15 um; benzene nu11 at 673 included)
617,C384H48,0,384,832.4187,0.9563,870.4577015580884,0.0,A1G,CH-oop (10.5-15 um; benzene nu11 at 673 included)
617,C384H48,0,384,834.5906,0.9563,872.7288507790441,0.0,B2G,CH-oop (10.5-15 um; benzene nu11 at 673 included)
617,C384H48,0,384,836.1793,0.9563,874.3901495346648,0.0,A2G,CH-oop (10.5-15 um; benzene nu11 at 673 included)
617,C384H48,0,384,836.3349,0.9563,874.5528599811773,0.0,E2G,CH-oop (10.5-15 um; benzene nu11 at 673 included)
617,C384H48,0,384,836.3349,0.9563,874.5528599811773,0.0,E2G,CH-oop (10.5-15 um; benzene nu11 at 673 included)
617,C384H48,0,384,836.6653,0.9563,874.8983582557775,0.0,E2U,CH-oop (10.5-15 um; benzene nu11 at 673 included)
617,C384H48,0,384,836.6653,0.9563,874.8983582557775,0.0,E2U,CH-oop (10.5-15 um; benzene nu11 at 673 included)
617,C384H48,0,384,838.6237,0.9563,876.9462511764091,10.5117,E1U,CH-oop (10.5-15 um; benzene nu11 at 673 included)
617,C384H48,0,384,838.6237,0.9563,876.9462511764091,10.5121,E1U,CH-oop (10.5-15 um; benzene nu11 at 673 included)
617,C384H48,0,384,840.7815,0.9563,879.2026560702709,0.0,E1G,CH-oop (10.5-15 um; benzene nu11 at 673 included)
617,C384H48,0,384,840.7815,0.9563,879.2026560702709,0.0,E1G,CH-oop (10.5-15 um; benzene nu11 at 673 included)
617,C384H48,0,384,843.11,0.9563,881.6375614346962,17.3201,A2U,CH-oop (10.5-15 um; benzene nu11 at 673 included)
617,C384H48,0,384,850.2124,0.9563,889.0645195022482,0.0,B2G,CH-oop (10.5-15 um; benzene nu11 at 673 included)
617,C384H48,0,384,852.6106,0.9563,891.572309944578,0.0,B2U,CH-oop (10.5-15 um; benzene nu11 at 673 included)
617,C384H48,0,384,855.5532,0.9563,894.6493778103105,0.0,E2G,CH-oop (10.5-15 um; benzene nu11 at 673 included)
617,C384H48,0,384,855.5532,0.9563,894.6493778103105,0.0,E2G,CH-oop (10.5-15 um; benzene nu11 at 673 included)
617,C384H48,0,384,859.455,0.9563,898.7294781972184,0.0,A1U,CH-oop (10.5-15 um; benzene nu11 at 673 included)
617,C384H48,0,384,860.736,0.9563,900.0690159991634,0.0,A2G,CH-oop (10.5-15 um; benzene nu11 at 673 included)
617,C384H48,0,384,860.9462,0.9563,900.2888214995294,0.0,A1G,CH-oop (10.5-15 um; benzene nu11 at 673 included)
617,C384H48,0,384,861.822,0.9563,901.2046428944892,0.0,E1G,CH-oop (10.5-15 um; benzene nu11 at 673 included)
617,C384H48,0,384,861.822,0.9563,901.2046428944892,0.0,E1G,CH-oop (10.5-15 um; benzene nu11 at 673 included)
617,C384H48,0,384,862.9181,0.9563,902.3508313290808,0.0,E2G,CH-oop (10.5-15 um; benzene nu11 at 673 included)
617,C384H48,0,384,862.9181,0.9563,902.3508313290808,0.0,E2G,CH-oop (10.5-15 um; benzene nu11 at 673 included)
617,C384H48,0,384,865.8117,0.9563,905.3766600439192,6.2676,E1U,CH-oop (10.5-15 um; benzene nu11 at 673 included)
617,C384H48,0,384,865.8117,0.9563,905.3766600439192,6.2677,E1U,CH-oop (10.5-15 um; benzene nu11 at 673 included)
617,C384H48,0,384,866.1665,0.9563,905.7476733242706,0.0,E2U,CH-oop (10.5-15 um; benzene nu11 at 673 included)
617,C384H48,0,384,866.1665,0.9563,905.7476733242706,0.0,E2U,CH-oop (10.5-15 um; benzene nu11 at 673 included)
617,C384H48,0,384,867.0413,0.9563,906.6624490222732,0.0,B1U,CH-oop (10.5-15 um; benzene nu11 at 673 included)
617,C384H48,0,384,868.0773,0.9563,907.745791069748,0.0,A2G,CH-oop (10.5-15 um; benzene nu11 at 673 included)
617,C384H48,0,384,868.3018,0.9563,907.9805500365992,0.0,E2G,CH-oop (10.5-15 um; benzene nu11 at 673 included)
617,C384H48,0,384,868.3018,0.9563,907.9805500365992,0.0,E2G,CH-oop (10.5-15 um; benzene nu11 at 673 included)
617,C384H48,0,384,868.4955,0.9563,908.1831015371744,0.0,B2U,CH-oop (10.5-15 um; benzene nu11 at 673 included)
617,C384H48,0,384,868.5357,0.9563,908.2251385548468,0.0,B1G,CH-oop (10.5-15 um; benzene nu11 at 673 included)
617,C384H48,0,384,875.6369,0.9563,915.6508417860504,2.7592,E1U,CH-oop (10.5-15 um; benzene nu11 at 673 included)
617,C384H48,0,384,875.6369,0.9563,915.6508417860504,2.7592,E1U,CH-oop (10.5-15 um; benzene nu11 at 673 included)
617,C384H48,0,384,881.2845,0.9563,921.556519920527,0.0,A1G,CH-oop (10.5-15 um; benzene nu11 at 673 included)
617,C384H48,0,384,882.1255,0.9563,922.4359510613824,0.0,B2G,CH-oop (10.5-15 um; benzene nu11 at 673 included)
617,C384H48,0,384,884.2004,0.9563,924.605667677507,0.0,E2U,CH-oop (10.5-15 um; benzene nu11 at 673 included)
617,C384H48,0,384,884.2004,0.9563,924.605667677507,0.0,E2U,CH-oop (10.5-15 um; benzene nu11 at 673 included)
617,C384H48,0,384,887.8126,0.9563,928.3829342256612,0.0,E1G,CH-oop (10.5-15 um; benzene nu11 at 673 included)
617,C384H48,0,384,887.8126,0.9563,928.3829342256612,0.0,E1G,CH-oop (10.5-15 um; benzene nu11 at 673 included)
617,C384H48,0,384,889.6822,0.9563,930.3379692565094,16.5966,A2U,CH-oop (10.5-15 um; benzene nu11 at 673 included)
617,C384H48,0,384,896.126,0.9563,937.0762313081668,0.0,B2U,CH-oop (10.5-15 um; benzene nu11 at 673 included)
617,C384H48,0,384,898.1856,0.9563,939.2299487608492,0.0,B1U,CH-oop (10.5-15 um; benzene nu11 at 673 included)
617,C384H48,0,384,900.9538,0.9563,942.124647077277,0.0,A1U,CH-oop (10.5-15 um; benzene nu11 at 673 included)
617,C384H48,0,384,901.0767,0.9563,942.2531632332948,2.0265,E1U,CH-oop (10.5-15 um; benzene nu11 at 673 included)
617,C384H48,0,384,901.0767,0.9563,942.2531632332948,2.0264,E1U,CH-oop (10.5-15 um; benzene nu11 at 673 included)
617,C384H48,0,384,902.3768,0.9563,943.612673847119,0.0,E1G,CH-oop (10.5-15 um; benzene nu11 at 673 included)
617,C384H48,0,384,902.3768,0.9563,943.612673847119,0.0,E1G,CH-oop (10.5-15 um; benzene nu11 at 673 included)
617,C384H48,0,384,904.8544,0.9563,946.2034926278365,0.0,E2U,CH-oop (10.5-15 um; benzene nu11 at 673 included)
617,C384H48,0,384,904.8544,0.9563,946.2034926278365,0.0,E2U,CH-oop (10.5-15 um; benzene nu11 at 673 included)
617,C384H48,0,384,905.2502,0.9563,946.6173794834256,0.0,E2G,CH-oop (10.5-15 um; benzene nu11 at 673 included)
617,C384H48,0,384,905.2502,0.9563,946.6173794834256,0.0,E2G,CH-oop (10.5-15 um; benzene nu11 at 673 included)
617,C384H48,0,384,906.1343,0.9563,947.5418801631288,0.0,B1G,CH-oop (10.5-15 um; benzene nu11 at 673 included)
617,C384H48,0,384,911.1689,0.9563,952.8065460629508,0.0,B2G,CH-oop (10.5-15 um; benzene nu11 at 673 included)
617,C384H48,0,384,911.7633,0.9563,953.4281083342048,0.0,E2U,CH-oop (10.5-15 um; benzene nu11 at 673 included)
617,C384H48,0,384,911.7633,0.9563,953.4281083342048,0.0,E2U,CH-oop (10.5-15 um; benzene nu11 at 673 included)
617,C384H48,0,384,912.6543,0.9563,954.3598243229112,0.0,E1G,CH-oop (10.5-15 um; benzene nu11 at 673 included)
617,C384H48,0,384,912.6543,0.9563,954.3598243229112,0.0,E1G,CH-oop (10.5-15 um; benzene nu11 at 673 included)
617,C384H48,0,384,913.0444,0.9563,954.7677507058454,685.3361,A2U,CH-oop (10.5-15 um; benzene nu11 at 673 included)
617,C384H48,0,384,915.0205,0.9563,956.8341524626164,0.0,A1G,CH-oop (10.5-15 um; benzene nu11 at 673 included)
617,C384H48,0,384,917.8111,0.9563,959.7522743908814,9.5302,E1U,CH-oop (10.5-15 um; benzene nu11 at 673 included)
617,C384H48,0,384,917.8111,0.9563,959.7522743908814,9.5304,E1U,CH-oop (10.5-15 um; benzene nu11 at 673 included)
617,C384H48,0,384,927.5747,0.9563,969.96204120046,0.0,E2G,CH-oop (10.5-15 um; benzene nu11 at 673 included)
617,C384H48,0,384,927.5747,0.9563,969.96204120046,0.0,E2G,CH-oop (10.5-15 um; benzene nu11 at 673 included)
617,C384H48,0,384,932.564,0.9563,975.1793370281292,0.0,B1U,CH-oop (10.5-15 um; benzene nu11 at 673 included)
617,C384H48,0,384,932.7114,0.9563,975.3334727595942,0.0,A2G,CH-oop (10.5-15 um; benzene nu11 at 673 included)
617,C384H48,0,384,935.9343,0.9563,978.70364948238,0.0,E2G,CH-oop (10.5-15 um; benzene nu11 at 673 included)
617,C384H48,0,384,935.9343,0.9563,978.70364948238,0.0,E2G,CH-oop (10.5-15 um; benzene nu11 at 673 included)
617,C384H48,0,384,936.4697,0.9563,979.2635156331696,0.0,A2G,CH-oop (10.5-15 um; benzene nu11 at 673 included)
617,C384H48,0,384,937.9014,0.9563,980.7606399665376,0.0,B1U,CH-oop (10.5-15 um; benzene nu11 at 673 included)
617,C384H48,0,384,938.5718,0.9563,981.4616752065252,30.2488,E1U,CH-oop (10.5-15 um; benzene nu11 at 673 included)
617,C384H48,0,384,938.5718,0.9563,981.4616752065252,30.2504,E1U,CH-oop (10.5-15 um; benzene nu11 at 673 included)
617,C384H48,0,384,945.253,0.9563,988.4481857157796,0.0075,E1U,CH-oop (10.5-15 um; benzene nu11 at 673 included)
617,C384H48,0,384,945.253,0.9563,988.4481857157796,0.0075,E1U,CH-oop (10.5-15 um; benzene nu11 at 673 included)
617,C384H48,0,384,945.6097,0.9563,988.8211858203492,0.0,E2G,CH-oop (10.5-15 um; benzene nu11 at 673 included)
617,C384H48,0,384,945.6097,0.9563,988.8211858203492,0.0,E2G,CH-oop (10.5-15 um; benzene nu11 at 673 included)
617,C384H48,0,384,958.7429,0.9563,1002.5545330963088,0.0,B1U,ring / CH-ip (9-10.5 um)
617,C384H48,0,384,966.1041,0.9563,1010.252117536338,0.0715,E1U,ring / CH-ip (9-10.5 um)
617,C384H48,0,384,966.1041,0.9563,1010.252117536338,0.0715,E1U,ring / CH-ip (9-10.5 um)
617,C384H48,0,384,975.6295,0.9563,1020.212799330754,0.0,A1U,ring / CH-ip (9-10.5 um)
617,C384H48,0,384,975.6345,0.9563,1020.218027815539,0.0,E1G,ring / CH-ip (9-10.5 um)
617,C384H48,0,384,975.6345,0.9563,1020.218027815539,0.0,E1G,ring / CH-ip (9-10.5 um)
617,C384H48,0,384,975.6444,0.9563,1020.2283802154136,0.0,E2U,ring / CH-ip (9-10.5 um)
617,C384H48,0,384,975.6444,0.9563,1020.2283802154136,0.0,E2U,ring / CH-ip (9-10.5 um)
617,C384H48,0,384,975.6497,0.9563,1020.2339224092858,0.0,B2G,ring / CH-ip (9-10.5 um)
617,C384H48,0,384,979.9,0.9563,1024.6784481857158,0.0,A2G,ring / CH-ip (9-10.5 um)
617,C384H48,0,384,987.1297,0.9563,1032.2385234758965,0.0,E2G,ring / CH-ip (9-10.5 um)
617,C384H48,0,384,987.1297,0.9563,1032.2385234758965,0.0,E2G,ring / CH-ip (9-10.5 um)
617,C384H48,0,384,991.0965,0.9563,1036.3865941650108,6.8968,E1U,ring / CH-ip (9-10.5 um)
617,C384H48,0,384,991.0965,0.9563,1036.3865941650108,6.8967,E1U,ring / CH-ip (9-10.5 um)
617,C384H48,0,384,993.7636,0.9563,1039.175572519084,0.0,B2U,ring / CH-ip (9-10.5 um)
617,C384H48,0,384,995.4478,0.9563,1040.9367353341,0.0,A1G,ring / CH-ip (9-10.5 um)
617,C384H48,0,384,998.5477,0.9563,1044.1782913311722,0.0,E2G,ring / CH-ip (9-10.5 um)
617,C384H48,0,384,998.5477,0.9563,1044.1782913311722,0.0,E2G,ring / CH-ip (9-10.5 um)
617,C384H48,0,384,1004.4209,0.9563,1050.319878699153,1.3339,E1U,ring / CH-ip (9-10.5 um)
617,C384H48,0,384,1004.4209,0.9563,1050.319878699153,1.3341,E1U,ring / CH-ip (9-10.5 um)
617,C384H48,0,384,1006.7991,0.9563,1052.8067552023422,0.0,B2U,ring / CH-ip (9-10.5 um)
617,C384H48,0,384,1009.8572,0.9563,1056.0046010666108,0.0,A1G,ring / CH-ip (9-10.5 um)
617,C384H48,0,384,1011.7707,0.9563,1058.0055421938723,0.0,E2G,ring / CH-ip (9-10.5 um)
617,C384H48,0,384,1011.7707,0.9563,1058.0055421938723,0.0,E2G,ring / CH-ip (9-10.5 um)
617,C384H48,0,384,1012.2667,0.9563,1058.524207884555,0.0,A1G,ring / CH-ip (9-10.5 um)
617,C384H48,0,384,1016.6591,0.9563,1063.117327198578,0.0,B1U,ring / CH-ip (9-10.5 um)
617,C384H48,0,384,1018.0462,0.9563,1064.5678134476627,0.0,B2U,ring / CH-ip (9-10.5 um)
617,C384H48,0,384,1024.9556,0.9563,1071.7929520025095,0.0,E2G,ring / CH-ip (9-10.5 um)
617,C384H48,0,384,1024.9556,0.9563,1071.7929520025095,0.0,E2G,ring / CH-ip (9-10.5 um)
617,C384H48,0,384,1028.9709,0.9563,1075.9917389940397,0.0,A2G,ring / CH-ip (9-10.5 um)
617,C384H48,0,384,1031.362,0.9563,1078.4921049879745,0.6193,E1U,ring / CH-ip (9-10.5 um)
617,C384H48,0,384,1031.362,0.9563,1078.4921049879745,0.6195,E1U,ring / CH-ip (9-10.5 um)
617,C384H48,0,384,1043.3599,0.9563,1091.038272508627,0.0,B1U,ring / CH-ip (9-10.5 um)
617,C384H48,0,384,1051.1558,0.9563,1099.1904214158735,0.0,E2G,ring / CH-ip (9-10.5 um)
617,C384H48,0,384,1051.1558,0.9563,1099.1904214158735,0.0,E2G,ring / CH-ip (9-10.5 um)
617,C384H48,0,384,1051.4669,0.9563,1099.5157377392031,9.3457,E1U,ring / CH-ip (9-10.5 um)
617,C384H48,0,384,1051.4669,0.9563,1099.5157377392031,9.3454,E1U,ring / CH-ip (9-10.5 um)
617,C384H48,0,384,1059.3243,0.9523,1112.385067730757,0.0,A1G,ring / CH-ip (9-10.5 um)
617,C384H48,0,384,1061.7316,0.9523,1114.912947600546,0.0,A2G,ring / CH-ip (9-10.5 um)
617,C384H48,0,384,1061.8742,0.9523,1115.062690328678,4.7186,E1U,ring / CH-ip (9-10.5 um)
617,C384H48,0,384,1061.8742,0.9523,1115.062690328678,4.7189,E1U,ring / CH-ip (9-10.5 um)
617,C384H48,0,384,1062.2875,0.9563,1110.8308062323538,0.0,E2G,ring / CH-ip (9-10.5 um)
617,C384H48,0,384,1062.2875,0.9563,1110.8308062323538,0.0,E2G,ring / CH-ip (9-10.5 um)
617,C384H48,0,384,1065.9361,0.9523,1119.32804788407,0.0,B1U,ring / CH-ip (9-10.5 um)
617,C384H48,0,384,1068.0132,0.9523,1121.5091882810038,0.0,E2G,ring / CH-ip (9-10.5 um)
617,C384H48,0,384,1068.0132,0.9523,1121.5091882810038,0.0,E2G,ring / CH-ip (9-10.5 um)
617,C384H48,0,384,1075.6511,0.9523,1129.5296650215269,42.4666,E1U,ring / CH-ip (9-10.5 um)
617,C384H48,0,384,1075.6511,0.9523,1129.5296650215269,42.4685,E1U,ring / CH-ip (9-10.5 um)
617,C384H48,0,384,1078.1962,0.9523,1132.202247191011,0.0,B1U,ring / CH-ip (9-10.5 um)
617,C384H48,0,384,1078.9127,0.9523,1132.9546361440723,7.8242,E1U,ring / CH-ip (9-10.5 um)
617,C384H48,0,384,1078.9127,0.9523,1132.9546361440723,7.8244,E1U,ring / CH-ip (9-10.5 um)
617,C384H48,0,384,1085.492,0.9523,1139.8634883965135,0.0,A2G,ring / CH-ip (9-10.5 um)
617,C384H48,0,384,1096.8373,0.9523,1151.7770660506142,0.0,B2U,ring / CH-ip (9-10.5 um)
617,C384H48,0,384,1102.6608,0.9523,1157.8922608421717,0.0,E2G,CH-ip-bend (8.6 um)
617,C384H48,0,384,1102.6608,0.9523,1157.8922608421717,0.0,E2G,CH-ip-bend (8.6 um)
617,C384H48,0,384,1105.909,0.9523,1161.3031607686653,0.0,A1G,CH-ip-bend (8.6 um)
617,C384H48,0,384,1110.5877,0.9523,1166.2162133781371,0.0,A1G,CH-ip-bend (8.6 um)
617,C384H48,0,384,1110.9562,0.9523,1166.603171269558,0.3081,E1U,CH-ip-bend (8.6 um)
617,C384H48,0,384,1110.9562,0.9523,1166.603171269558,0.308,E1U,CH-ip-bend (8.6 um)
617,C384H48,0,384,1119.2433,0.9523,1175.3053659561062,0.0,E2G,CH-ip-bend (8.6 um)
617,C384H48,0,384,1119.2433,0.9523,1175.3053659561062,0.0,E2G,CH-ip-bend (8.6 um)
617,C384H48,0,384,1121.4304,0.9523,1177.6020161713743,0.0,B2U,CH-ip-bend (8.6 um)
617,C384H48,0,384,1126.0724,0.9523,1182.4765305050928,0.0,B2U,CH-ip-bend (8.6 um)
617,C384H48,0,384,1127.7551,0.9523,1184.2435156988345,12.0882,E1U,CH-ip-bend (8.6 um)
617,C384H48,0,384,1127.7551,0.9523,1184.2435156988345,12.0892,E1U,CH-ip-bend (8.6 um)
617,C384H48,0,384,1130.2874,0.9523,1186.9026567258215,0.0592,E1U,CH-ip-bend (8.6 um)
617,C384H48,0,384,1130.2874,0.9523,1186.9026567258215,0.0593,E1U,CH-ip-bend (8.6 um)
617,C384H48,0,384,1132.5166,0.9523,1189.2435156988342,0.0,E2G,CH-ip-bend (8.6 um)
617,C384H48,0,384,1132.5166,0.9523,1189.2435156988342,0.0,E2G,CH-ip-bend (8.6 um)
617,C384H48,0,384,1135.2472,0.9523,1192.110889425601,0.0,A2G,CH-ip-bend (8.6 um)
617,C384H48,0,384,1139.8819,0.9523,1196.9777381077392,0.0,A1G,CH-ip-bend (8.6 um)
617,C384H48,0,384,1140.9493,0.9523,1198.0986033812874,0.0,E2G,CH-ip-bend (8.6 um)
617,C384H48,0,384,1140.9493,0.9523,1198.0986033812874,0.0,E2G,CH-ip-bend (8.6 um)
617,C384H48,0,384,1149.4979,0.9523,1207.0753964086948,28.0397,E1U,CH-ip-bend (8.6 um)
617,C384H48,0,384,1149.4979,0.9523,1207.0753964086948,28.0401,E1U,CH-ip-bend (8.6 um)
617,C384H48,0,384,1151.2488,0.9523,1208.9139976898036,0.0,B1U,CH-ip-bend (8.6 um)
617,C384H48,0,384,1155.8518,0.9523,1213.747558542476,0.0,B2U,CH-ip-bend (8.6 um)
617,C384H48,0,384,1155.8636,0.9523,1213.7599495957154,0.0,B1U,CH-ip-bend (8.6 um)
617,C384H48,0,384,1157.0634,0.9523,1215.0198466869683,0.0,E2G,CH-ip-bend (8.6 um)
617,C384H48,0,384,1157.0634,0.9523,1215.0198466869683,0.0,E2G,CH-ip-bend (8.6 um)
617,C384H48,0,384,1159.3015,0.9523,1217.3700514543737,0.0,A1G,CH-ip-bend (8.6 um)
617,C384H48,0,384,1160.87,0.9523,1219.0171164548983,0.0,E2G,CH-ip-bend (8.6 um)
617,C384H48,0,384,1160.87,0.9523,1219.0171164548983,0.0,E2G,CH-ip-bend (8.6 um)
617,C384H48,0,384,1164.9767,0.9523,1223.3295180090306,14.4506,E1U,CH-ip-bend (8.6 um)
617,C384H48,0,384,1164.9767,0.9523,1223.3295180090306,14.451,E1U,CH-ip-bend (8.6 um)
617,C384H48,0,384,1165.0832,0.9523,1223.4413525149637,0.0,E2G,CH-ip-bend (8.6 um)
617,C384H48,0,384,1165.0832,0.9523,1223.4413525149637,0.0,E2G,CH-ip-bend (8.6 um)
617,C384H48,0,384,1166.0268,0.9523,1224.4322167384228,0.0,B2U,CH-ip-bend (8.6 um)
617,C384H48,0,384,1169.9393,0.9523,1228.5406909587314,0.0,A2G,CH-ip-bend (8.6 um)
617,C384H48,0,384,1171.6445,0.9523,1230.3313031607688,5.2177,E1U,CH-ip-bend (8.6 um)
617,C384H48,0,384,1171.6445,0.9523,1230.3313031607688,5.2186,E1U,CH-ip-bend (8.6 um)
617,C384H48,0,384,1175.0314,0.9523,1233.8878504672898,0.1997,E1U,CH-ip-bend (8.6 um)
617,C384H48,0,384,1175.0314,0.9523,1233.8878504672898,0.1997,E1U,CH-ip-bend (8.6 um)
617,C384H48,0,384,1175.5698,0.9523,1234.4532185235744,0.0,B2U,CH-ip-bend (8.6 um)
617,C384H48,0,384,1176.222,0.9523,1235.1380867373723,0.0,A1G,CH-ip-bend (8.6 um)
617,C384H48,0,384,1180.4171,0.9523,1239.5433161818753,0.0,E2G,CH-ip-bend (8.6 um)
617,C384H48,0,384,1180.4171,0.9523,1239.5433161818753,0.0,E2G,CH-ip-bend (8.6 um)
617,C384H48,0,384,1182.2089,0.9523,1241.4248661136196,0.0,A2G,CH-ip-bend (8.6 um)
617,C384H48,0,384,1183.3505,0.9523,1242.6236480100808,0.0,E2G,CH-ip-bend (8.6 um)
617,C384H48,0,384,1183.3505,0.9523,1242.6236480100808,0.0,E2G,CH-ip-bend (8.6 um)
617,C384H48,0,384,1187.0952,0.9523,1246.5559172529663,0.0,E2G,CH-ip-bend (8.6 um)
617,C384H48,0,384,1187.0952,0.9523,1246.5559172529663,0.0,E2G,CH-ip-bend (8.6 um)
617,C384H48,0,384,1187.5429,0.9523,1247.026042213588,0.3912,E1U,CH-ip-bend (8.6 um)
617,C384H48,0,384,1187.5429,0.9523,1247.026042213588,0.3912,E1U,CH-ip-bend (8.6 um)
617,C384H48,0,384,1188.7257,0.9523,1248.2680877874618,0.0,B1U,CH-ip-bend (8.6 um)
617,C384H48,0,384,1189.2412,0.9523,1248.809408799748,0.0,A1G,CH-ip-bend (8.6 um)
617,C384H48,0,384,1190.2818,0.9523,1249.902131681193,0.0,A2G,CH-ip-bend (8.6 um)
617,C384H48,0,384,1192.9553,0.9523,1252.7095453113516,59.6237,E1U,CH-ip-bend (8.6 um)
617,C384H48,0,384,1192.9553,0.9523,1252.7095453113516,59.6249,E1U,CH-ip-bend (8.6 um)
617,C384H48,0,384,1197.6331,0.9523,1257.6216528404914,0.0,B1U,CH-ip-bend (8.6 um)
617,C384H48,0,384,1199.7147,0.9523,1259.8075186390845,71.5096,E1U,CH-ip-bend (8.6 um)
617,C384H48,0,384,1199.7147,0.9523,1259.8075186390845,71.5143,E1U,CH-ip-bend (8.6 um)
617,C384H48,0,384,1201.9426,0.9523,1262.1470124960622,0.0,E2G,CH-ip-bend (8.6 um)
617,C384H48,0,384,1201.9426,0.9523,1262.1470124960622,0.0,E2G,CH-ip-bend (8.6 um)
617,C384H48,0,384,1202.0663,0.9523,1262.2769085372256,0.0,B2U,CH-ip-bend (8.6 um)
617,C384H48,0,384,1205.7925,0.9523,1266.189751128846,0.0,E2G,CH-ip-bend (8.6 um)
617,C384H48,0,384,1205.7925,0.9523,1266.189751128846,0.0,E2G,CH-ip-bend (8.6 um)
617,C384H48,0,384,1206.3555,0.9523,1266.7809513808672,0.0,B1U,CH-ip-bend (8.6 um)
617,C384H48,0,384,1206.8499,0.9523,1267.3001155098182,6.8688,E1U,CH-ip-bend (8.6 um)
617,C384H48,0,384,1206.8499,0.9523,1267.3001155098182,6.8681,E1U,CH-ip-bend (8.6 um)
617,C384H48,0,384,1211.6677,0.9523,1272.3592355350204,0.0,A2G,CH-ip-bend (8.6 um)
617,C384H48,0,384,1214.1637,0.9523,1274.9802583219573,0.0,A2G,CH-ip-bend (8.6 um)
617,C384H48,0,384,1214.4469,0.9523,1275.277643599706,17.1699,E1U,CH-ip-bend (8.6 um)
617,C384H48,0,384,1214.4469,0.9523,1275.277643599706,17.1714,E1U,CH-ip-bend (8.6 um)
617,C384H48,0,384,1214.9514,0.9523,1275.8074136301584,0.0,E2G,CH-ip-bend (8.6 um)
617,C384H48,0,384,1214.9514,0.9523,1275.8074136301584,0.0,E2G,CH-ip-bend (8.6 um)
617,C384H48,0,384,1215.3164,0.9523,1276.1906962091778,0.0,B1U,CH-ip-bend (8.6 um)
617,C384H48,0,384,1217.6365,0.9523,1278.627008295705,0.0,A1G,CH-ip-bend (8.6 um)
617,C384H48,0,384,1219.3668,0.9523,1280.4439777381076,0.0,B2U,CH-ip-bend (8.6 um)
617,C384H48,0,384,1220.7199,0.9523,1281.8648535125485,7.1201,E1U,CH-ip-bend (8.6 um)
617,C384H48,0,384,1220.7199,0.9523,1281.8648535125485,7.1197,E1U,CH-ip-bend (8.6 um)
617,C384H48,0,384,1224.9128,0.9523,1286.2677727606847,0.0,E2G,CH-ip-bend (8.6 um)
617,C384H48,0,384,1224.9128,0.9523,1286.2677727606847,0.0,E2G,CH-ip-bend (8.6 um)
617,C384H48,0,384,1225.8987,0.9523,1287.3030557597394,0.0,A1G,CH-ip-bend (8.6 um)
617,C384H48,0,384,1229.8215,0.9523,1291.4223458994013,17.2057,E1U,CH-ip-bend (8.6 um)
617,C384H48,0,384,1229.8215,0.9523,1291.4223458994013,17.2054,E1U,CH-ip-bend (8.6 um)
617,C384H48,0,384,1232.9308,0.9523,1294.6873884280164,0.0,B2U,CH-ip-bend (8.6 um)
617,C384H48,0,384,1233.6302,0.9523,1295.4218208547727,0.0,E2G,CH-ip-bend (8.6 um)
617,C384H48,0,384,1233.6302,0.9523,1295.4218208547727,0.0,E2G,CH-ip-bend (8.6 um)
617,C384H48,0,384,1238.7956,0.9523,1300.8459519059118,5.8529,E1U,CH-ip-bend (8.6 um)
617,C384H48,0,384,1238.7956,0.9523,1300.8459519059118,5.8524,E1U,CH-ip-bend (8.6 um)
617,C384H48,0,384,1241.715,0.9523,1303.911582484511,0.0,A2G,CH-ip-bend (8.6 um)
617,C384H48,0,384,1244.3076,0.9523,1306.634043893731,0.0,A1G,CH-ip-bend (8.6 um)
617,C384H48,0,384,1244.3308,0.9523,1306.658405964507,0.0,B2U,CH-ip-bend (8.6 um)
617,C384H48,0,384,1247.8039,0.9523,1310.305470965032,0.0,B1U,CH-ip-bend (8.6 um)
617,C384H48,0,384,1254.1582,0.9523,1316.9780531345164,0.0,E2G,CC-stretch/CH-ip (7.7 um)
617,C384H48,0,384,1254.1582,0.9523,1316.9780531345164,0.0,E2G,CC-stretch/CH-ip (7.7 um)
617,C384H48,0,384,1254.3891,0.9523,1317.2205187440934,0.0,A1G,CC-stretch/CH-ip (7.7 um)
617,C384H48,0,384,1257.4783,0.9523,1320.4644544786306,3.5647,E1U,CC-stretch/CH-ip (7.7 um)
617,C384H48,0,384,1257.4783,0.9523,1320.4644544786306,3.5647,E1U,CC-stretch/CH-ip (7.7 um)
617,C384H48,0,384,1260.2263,0.9523,1323.3500997584797,0.0,E2G,CC-stretch/CH-ip (7.7 um)
617,C384H48,0,384,1260.2263,0.9523,1323.3500997584797,0.0,E2G,CC-stretch/CH-ip (7.7 um)
617,C384H48,0,384,1261.8111,0.9523,1325.0142812139031,0.0572,E1U,CC-stretch/CH-ip (7.7 um)
617,C384H48,0,384,1261.8111,0.9523,1325.0142812139031,0.0572,E1U,CC-stretch/CH-ip (7.7 um)
617,C384H48,0,384,1264.7538,0.9523,1328.104378872204,0.0,E2G,CC-stretch/CH-ip (7.7 um)
617,C384H48,0,384,1264.7538,0.9523,1328.104378872204,0.0,E2G,CC-stretch/CH-ip (7.7 um)
617,C384H48,0,384,1266.5573,0.9523,1329.998214848262,0.0,A1G,CC-stretch/CH-ip (7.7 um)
617,C384H48,0,384,1267.5693,0.9523,1331.0609051769402,0.0,B2U,CC-stretch/CH-ip (7.7 um)
617,C384H48,0,384,1271.5949,0.9523,1335.2881444922818,0.0,E2G,CC-stretch/CH-ip (7.7 um)
617,C384H48,0,384,1271.5949,0.9523,1335.2881444922818,0.0,E2G,CC-stretch/CH-ip (7.7 um)
617,C384H48,0,384,1272.8067,0.9523,1336.5606426546258,25.3446,E1U,CC-stretch/CH-ip (7.7 um)
617,C384H48,0,384,1272.8067,0.9523,1336.5606426546258,25.3459,E1U,CC-stretch/CH-ip (7.7 um)
617,C384H48,0,384,1275.6268,0.9523,1339.5219993699463,0.0251,E1U,CC-stretch/CH-ip (7.7 um)
617,C384H48,0,384,1275.6268,0.9523,1339.5219993699463,0.0251,E1U,CC-stretch/CH-ip (7.7 um)
617,C384H48,0,384,1276.8576,0.9523,1340.8144492281845,0.0,E2G,CC-stretch/CH-ip (7.7 um)
617,C384H48,0,384,1276.8576,0.9523,1340.8144492281845,0.0,E2G,CC-stretch/CH-ip (7.7 um)
617,C384H48,0,384,1281.7611,0.9523,1345.9635619027615,0.0,B1U,CC-stretch/CH-ip (7.7 um)
617,C384H48,0,384,1286.6881,0.9523,1351.1373516748924,0.0,A2G,CC-stretch/CH-ip (7.7 um)
617,C384H48,0,384,1291.9326,0.9523,1356.6445447863068,0.0,A1G,CC-stretch/CH-ip (7.7 um)
617,C384H48,0,384,1292.1765,0.9523,1356.9006615562323,0.0,B2U,CC-stretch/CH-ip (7.7 um)
617,C384H48,0,384,1293.3703,0.9523,1358.1542581119395,0.0,B1U,CC-stretch/CH-ip (7.7 um)
617,C384H48,0,384,1294.0046,0.9523,1358.8203297280268,0.0,E2G,CC-stretch/CH-ip (7.7 um)
617,C384H48,0,384,1294.0046,0.9523,1358.8203297280268,0.0,E2G,CC-stretch/CH-ip (7.7 um)
617,C384H48,0,384,1295.4366,0.9523,1360.3240575448913,0.0,A2G,CC-stretch/CH-ip (7.7 um)
617,C384H48,0,384,1295.848,0.9523,1360.7560642654626,8.0129,E1U,CC-stretch/CH-ip (7.7 um)
617,C384H48,0,384,1295.848,0.9523,1360.7560642654626,8.0127,E1U,CC-stretch/CH-ip (7.7 um)
617,C384H48,0,384,1296.3727,0.9523,1361.307046098918,0.0,B2U,CC-stretch/CH-ip (7.7 um)
617,C384H48,0,384,1297.3449,0.9523,1362.3279428751443,0.0,A1G,CC-stretch/CH-ip (7.7 um)
617,C384H48,0,384,1301.0166,0.9523,1366.183555602226,0.0,E2G,CC-stretch/CH-ip (7.7 um)
617,C384H48,0,384,1301.0166,0.9523,1366.183555602226,0.0,E2G,CC-stretch/CH-ip (7.7 um)
617,C384H48,0,384,1303.6741,0.9523,1368.9741678042633,0.0,A1G,CC-stretch/CH-ip (7.7 um)
617,C384H48,0,384,1304.1146,0.9523,1369.4367321222303,31.4818,E1U,CC-stretch/CH-ip (7.7 um)
617,C384H48,0,384,1304.1146,0.9523,1369.4367321222303,31.4826,E1U,CC-stretch/CH-ip (7.7 um)
617,C384H48,0,384,1305.9614,0.9523,1371.3760369631418,0.0117,E1U,CC-stretch/CH-ip (7.7 um)
617,C384H48,0,384,1305.9614,0.9523,1371.3760369631418,0.0117,E1U,CC-stretch/CH-ip (7.7 um)
617,C384H48,0,384,1307.6993,0.9523,1373.200987083902,0.0,E2G,CC-stretch/CH-ip (7.7 um)
617,C384H48,0,384,1307.6993,0.9523,1373.200987083902,0.0,E2G,CC-stretch/CH-ip (7.7 um)
617,C384H48,0,384,1311.7841,0.9523,1377.4903916832932,0.0,B1U,CC-stretch/CH-ip (7.7 um)
617,C384H48,0,384,1313.5233,0.9523,1379.316706920088,109.0476,E1U,CC-stretch/CH-ip (7.7 um)
617,C384H48,0,384,1313.5233,0.9523,1379.316706920088,109.054,E1U,CC-stretch/CH-ip (7.7 um)
617,C384H48,0,384,1314.4,0.9523,1380.2373201722146,0.0,B2U,CC-stretch/CH-ip (7.7 um)
617,C384H48,0,384,1316.0041,0.9523,1381.9217683503098,0.0,A2G,CC-stretch/CH-ip (7.7 um)
617,C384H48,0,384,1316.82,0.9523,1382.7785361755748,0.0,E2G,CC-stretch/CH-ip (7.7 um)
617,C384H48,0,384,1316.82,0.9523,1382.7785361755748,0.0,E2G,CC-stretch/CH-ip (7.7 um)
617,C384H48,0,384,1317.3841,0.9523,1383.3708915257796,0.0,B1U,CC-stretch/CH-ip (7.7 um)
617,C384H48,0,384,1318.6108,0.9523,1384.6590360180614,6.117,E1U,CC-stretch/CH-ip (7.7 um)
617,C384H48,0,384,1318.6108,0.9523,1384.6590360180614,6.1159,E1U,CC-stretch/CH-ip (7.7 um)
617,C384H48,0,384,1318.8571,0.9523,1384.917673002205,0.0,E2G,CC-stretch/CH-ip (7.7 um)
617,C384H48,0,384,1318.8571,0.9523,1384.917673002205,0.0,E2G,CC-stretch/CH-ip (7.7 um)
617,C384H48,0,384,1320.2323,0.9523,1386.3617557492385,0.0,A1G,CC-stretch/CH-ip (7.7 um)
617,C384H48,0,384,1323.8304,0.9523,1390.140081906962,0.0,B2U,CC-stretch/CH-ip (7.7 um)
617,C384H48,0,384,1324.9695,0.9523,1391.336238580279,11.7504,E1U,CC-stretch/CH-ip (7.7 um)
617,C384H48,0,384,1324.9695,0.9523,1391.336238580279,11.7495,E1U,CC-stretch/CH-ip (7.7 um)
617,C384H48,0,384,1325.0646,0.9523,1391.4361020686756,0.0,E2G,CC-stretch/CH-ip (7.7 um)
617,C384H48,0,384,1325.0646,0.9523,1391.4361020686756,0.0,E2G,CC-stretch/CH-ip (7.7 um)
617,C384H48,0,384,1330.371,0.9523,1397.008295705135,0.0004,E1U,CC-stretch/CH-ip (7.7 um)
617,C384H48,0,384,1330.371,0.9523,1397.008295705135,0.0004,E1U,CC-stretch/CH-ip (7.7 um)
617,C384H48,0,384,1331.053,0.9523,1397.7244565788092,0.0,A1G,CC-stretch/CH-ip (7.7 um)
617,C384H48,0,384,1331.9531,0.9523,1398.669641919563,0.0,E2G,CC-stretch/CH-ip (7.7 um)
617,C384H48,0,384,1331.9531,0.9523,1398.669641919563,0.0,E2G,CC-stretch/CH-ip (7.7 um)
617,C384H48,0,384,1332.3468,0.9523,1399.083062060275,0.0,A2G,CC-stretch/CH-ip (7.7 um)
617,C384H48,0,384,1334.1096,0.9523,1400.9341594035493,0.0,B2U,CC-stretch/CH-ip (7.7 um)
617,C384H48,0,384,1334.5195,0.9523,1401.3645909902343,17.2451,E1U,CC-stretch/CH-ip (7.7 um)
617,C384H48,0,384,1334.5195,0.9523,1401.3645909902343,17.2451,E1U,CC-stretch/CH-ip (7.7 um)
617,C384H48,0,384,1335.5894,0.9523,1402.4880814869264,0.0,E2G,CC-stretch/CH-ip (7.7 um)
617,C384H48,0,384,1335.5894,0.9523,1402.4880814869264,0.0,E2G,CC-stretch/CH-ip (7.7 um)
617,C384H48,0,384,1336.0599,0.9523,1402.982148482621,0.0,B1U,CC-stretch/CH-ip (7.7 um)
617,C384H48,0,384,1337.3217,0.9523,1404.307151107844,0.8769,E1U,CC-stretch/CH-ip (7.7 um)
617,C384H48,0,384,1337.3217,0.9523,1404.307151107844,0.8769,E1U,CC-stretch/CH-ip (7.7 um)
617,C384H48,0,384,1338.9168,0.9523,1405.982148482621,0.0,B2U,CC-stretch/CH-ip (7.7 um)
617,C384H48,0,384,1339.8208,0.9523,1406.9314291714795,0.0,A1G,CC-stretch/CH-ip (7.7 um)
617,C384H48,0,384,1343.0515,0.9523,1410.3239525359656,0.0,B2U,CC-stretch/CH-ip (7.7 um)
617,C384H48,0,384,1343.3885,0.9523,1410.6778326157723,20.8383,E1U,CC-stretch/CH-ip (7.7 um)
617,C384H48,0,384,1343.3885,0.9523,1410.6778326157723,20.8397,E1U,CC-stretch/CH-ip (7.7 um)
617,C384H48,0,384,1343.7899,0.9523,1411.0993384437677,0.0,E2G,CC-stretch/CH-ip (7.7 um)
617,C384H48,0,384,1343.7899,0.9523,1411.0993384437677,0.0,E2G,CC-stretch/CH-ip (7.7 um)
617,C384H48,0,384,1344.926,0.9523,1412.292344849312,0.0,A1G,CC-stretch/CH-ip (7.7 um)
617,C384H48,0,384,1345.3323,0.9523,1412.7189961146698,0.0,A2G,CC-stretch/CH-ip (7.7 um)
617,C384H48,0,384,1348.119,0.9523,1415.645279848787,0.0,A2G,CC-stretch/CH-ip (7.7 um)
617,C384H48,0,384,1348.152,0.9523,1415.6799327942874,0.0,B1U,CC-stretch/CH-ip (7.7 um)
617,C384H48,0,384,1348.949,0.9523,1416.5168539325844,0.0,E2G,CC-stretch/CH-ip (7.7 um)
617,C384H48,0,384,1348.949,0.9523,1416.5168539325844,0.0,E2G,CC-stretch/CH-ip (7.7 um)
617,C384H48,0,384,1351.1889,0.9523,1418.8689488606533,6.1001,E1U,CC-stretch/CH-ip (7.7 um)
617,C384H48,0,384,1351.1889,0.9523,1418.8689488606533,6.0994,E1U,CC-stretch/CH-ip (7.7 um)
617,C384H48,0,384,1351.8767,0.9523,1419.5912002520215,0.0,E2G,CC-stretch/CH-ip (7.7 um)
617,C384H48,0,384,1351.8767,0.9523,1419.5912002520215,0.0,E2G,CC-stretch/CH-ip (7.7 um)
617,C384H48,0,384,1352.3998,0.9523,1420.140501942665,0.0943,E1U,CC-stretch/CH-ip (7.7 um)
617,C384H48,0,384,1352.3998,0.9523,1420.140501942665,0.0942,E1U,CC-stretch/CH-ip (7.7 um)
617,C384H48,0,384,1353.3356,0.9523,1421.123175469915,0.0,B1U,CC-stretch/CH-ip (7.7 um)
617,C384H48,0,384,1353.8421,0.9523,1421.6550456788827,0.0,E2G,CC-stretch/CH-ip (7.7 um)
617,C384H48,0,384,1353.8421,0.9523,1421.6550456788827,0.0,E2G,CC-stretch/CH-ip (7.7 um)
617,C384H48,0,384,1353.85,0.9523,1421.6633413840177,0.0,A1G,CC-stretch/CH-ip (7.7 um)
617,C384H48,0,384,1354.8619,0.9523,1422.7259267037698,3.226,E1U,CC-stretch/CH-ip (7.7 um)
617,C384H48,0,384,1354.8619,0.9523,1422.7259267037698,3.2262,E1U,CC-stretch/CH-ip (7.7 um)
617,C384H48,0,384,1355.1335,0.9523,1423.0111309461304,0.0,B2U,CC-stretch/CH-ip (7.7 um)
617,C384H48,0,384,1355.5802,0.9523,1423.4802058174946,0.0,E2G,CC-stretch/CH-ip (7.7 um)
617,C384H48,0,384,1355.5802,0.9523,1423.4802058174946,0.0,E2G,CC-stretch/CH-ip (7.7 um)
617,C384H48,0,384,1356.4696,0.9523,1424.4141552031922,0.5704,E1U,CC-stretch/CH-ip (7.7 um)
617,C384H48,0,384,1356.4696,0.9523,1424.4141552031922,0.5704,E1U,CC-stretch/CH-ip (7.7 um)
617,C384H48,0,384,1357.0081,0.9523,1424.9796282684028,0.0,E2G,CC-stretch/CH-ip (7.7 um)
617,C384H48,0,384,1357.0081,0.9523,1424.9796282684028,0.0,E2G,CC-stretch/CH-ip (7.7 um)
617,C384H48,0,384,1357.2707,0.9523,1425.2553817074452,0.0,A2G,CC-stretch/CH-ip (7.7 um)
617,C384H48,0,384,1358.6279,0.9523,1426.680562847842,0.0,A1G,CC-stretch/CH-ip (7.7 um)
617,C384H48,0,384,1360.0148,0.9523,1428.1369316391892,0.5932,E1U,CC-stretch/CH-ip (7.7 um)
617,C384H48,0,384,1360.0148,0.9523,1428.1369316391892,0.593,E1U,CC-stretch/CH-ip (7.7 um)
617,C384H48,0,384,1360.5562,0.9523,1428.7054499632468,0.0,E2G,CC-stretch/CH-ip (7.7 um)
617,C384H48,0,384,1360.5562,0.9523,1428.7054499632468,0.0,E2G,CC-stretch/CH-ip (7.7 um)
617,C384H48,0,384,1360.7584,0.9523,1428.9177780111308,0.0,B2U,CC-stretch/CH-ip (7.7 um)
617,C384H48,0,384,1361.7431,0.9523,1429.951800903077,0.8001,E1U,CC-stretch/CH-ip (7.7 um)
617,C384H48,0,384,1361.7431,0.9523,1429.951800903077,0.8,E1U,CC-stretch/CH-ip (7.7 um)
617,C384H48,0,384,1362.4022,0.9523,1430.643914732752,0.0,E2G,CC-stretch/CH-ip (7.7 um)
617,C384H48,0,384,1362.4022,0.9523,1430.643914732752,0.0,E2G,CC-stretch/CH-ip (7.7 um)
617,C384H48,0,384,1363.7284,0.9523,1432.036543106164,0.0,A2G,CC-stretch/CH-ip (7.7 um)
617,C384H48,0,384,1364.3526,0.9523,1432.6920088207496,0.0,B2U,CC-stretch/CH-ip (7.7 um)
617,C384H48,0,384,1364.6509,0.9523,1433.005250446288,0.0,B1U,CC-stretch/CH-ip (7.7 um)
617,C384H48,0,384,1364.7467,0.9523,1433.105848997165,0.0,E2G,CC-stretch/CH-ip (7.7 um)
617,C384H48,0,384,1364.7467,0.9523,1433.105848997165,0.0,E2G,CC-stretch/CH-ip (7.7 um)
617,C384H48,0,384,1365.0552,0.9523,1433.4298015331303,0.0,A1G,CC-stretch/CH-ip (7.7 um)
617,C384H48,0,384,1366.7871,0.9523,1435.248451118345,3.0805,E1U,CC-stretch/CH-ip (7.7 um)
617,C384H48,0,384,1366.7871,0.9523,1435.248451118345,3.0799,E1U,CC-stretch/CH-ip (7.7 um)
617,C384H48,0,384,1366.9855,0.9523,1435.4567888270503,0.0,E2G,CC-stretch/CH-ip (7.7 um)
617,C384H48,0,384,1366.9855,0.9523,1435.4567888270503,0.0,E2G,CC-stretch/CH-ip (7.7 um)
617,C384H48,0,384,1367.0932,0.9523,1435.5698834400923,0.0,A2G,CC-stretch/CH-ip (7.7 um)
617,C384H48,0,384,1367.113,0.9523,1435.590675207393,0.0,B2U,CC-stretch/CH-ip (7.7 um)
617,C384H48,0,384,1367.5133,0.9523,1436.0110259372047,6.668,E1U,CC-stretch/CH-ip (7.7 um)
617,C384H48,0,384,1367.5133,0.9523,1436.0110259372047,6.6682,E1U,CC-stretch/CH-ip (7.7 um)
617,C384H48,0,384,1368.5431,0.9523,1437.0924078546675,3.6096,E1U,CC-stretch/CH-ip (7.7 um)
617,C384H48,0,384,1368.5431,0.9523,1437.0924078546675,3.6099,E1U,CC-stretch/CH-ip (7.7 um)
617,C384H48,0,384,1369.093,0.9523,1437.6698519374147,0.0,B2U,CC-stretch/CH-ip (7.7 um)
617,C384H48,0,384,1369.4803,0.9523,1438.076551506878,0.0,E2G,CC-stretch/CH-ip (7.7 um)
617,C384H48,0,384,1369.4803,0.9523,1438.076551506878,0.0,E2G,CC-stretch/CH-ip (7.7 um)
617,C384H48,0,384,1371.5181,0.9523,1440.2164233959886,13.4044,E1U,CC-stretch/CH-ip (7.7 um)
617,C384H48,0,384,1371.5181,0.9523,1440.2164233959886,13.4043,E1U,CC-stretch/CH-ip (7.7 um)
617,C384H48,0,384,1371.6474,0.9523,1440.3521999369946,0.0,B1U,CC-stretch/CH-ip (7.7 um)
617,C384H48,0,384,1371.9608,0.9523,1440.6812979103224,0.0,A1G,CC-stretch/CH-ip (7.7 um)
617,C384H48,0,384,1372.98,0.9523,1441.7515488816548,0.0,E2G,CC-stretch/CH-ip (7.7 um)
617,C384H48,0,384,1372.98,0.9523,1441.7515488816548,0.0,E2G,CC-stretch/CH-ip (7.7 um)
617,C384H48,0,384,1374.53,0.9523,1443.3791872309146,0.0,B1U,CC-stretch/CH-ip (7.7 um)
617,C384H48,0,384,1374.6429,0.9523,1443.497742308096,1.5508,E1U,CC-stretch/CH-ip (7.7 um)
617,C384H48,0,384,1374.6429,0.9523,1443.497742308096,1.5502,E1U,CC-stretch/CH-ip (7.7 um)
617,C384H48,0,384,1375.3984,0.9523,1444.291084742203,0.0,A2G,CC-stretch/CH-ip (7.7 um)
617,C384H48,0,384,1375.769,0.9523,1444.6802478210648,0.0,A1G,CC-stretch/CH-ip (7.7 um)
617,C384H48,0,384,1376.1985,0.9523,1445.1312611571982,0.0,B2U,CC-stretch/CH-ip (7.7 um)
617,C384H48,0,384,1378.2087,0.9523,1447.2421505827997,0.0,E2G,CC-stretch/CH-ip (7.7 um)
617,C384H48,0,384,1378.2087,0.9523,1447.2421505827997,0.0,E2G,CC-stretch/CH-ip (7.7 um)
617,C384H48,0,384,1378.4611,0.9523,1447.5071931114144,0.0,A1G,CC-stretch/CH-ip (7.7 um)
617,C384H48,0,384,1378.6835,0.9523,1447.7407329623018,3.0479,E1U,CC-stretch/CH-ip (7.7 um)
617,C384H48,0,384,1378.6835,0.9523,1447.7407329623018,3.0485,E1U,CC-stretch/CH-ip (7.7 um)
617,C384H48,0,384,1379.7358,0.9523,1448.8457418880605,0.0,E2G,CC-stretch/CH-ip (7.7 um)
617,C384H48,0,384,1379.7358,0.9523,1448.8457418880605,0.0,E2G,CC-stretch/CH-ip (7.7 um)
617,C384H48,0,384,1379.9256,0.9523,1449.0450488291503,0.0,A2G,CC-stretch/CH-ip (7.7 um)
617,C384H48,0,384,1381.7276,0.9523,1450.937309671322,0.0,B1U,CC-stretch/CH-ip (7.7 um)
617,C384H48,0,384,1382.7224,0.9523,1451.9819384647697,0.0,E2G,CC-stretch/CH-ip (7.7 um)
617,C384H48,0,384,1382.7224,0.9523,1451.9819384647697,0.0,E2G,CC-stretch/CH-ip (7.7 um)
617,C384H48,0,384,1383.2714,0.9523,1452.5584374671848,9.2185,E1U,CC-stretch/CH-ip (7.7 um)
617,C384H48,0,384,1383.2714,0.9523,1452.5584374671848,9.2194,E1U,CC-stretch/CH-ip (7.7 um)
617,C384H48,0,384,1386.5185,0.9523,1455.968182295495,0.0,A2G,CC-stretch/CH-ip (7.7 um)
617,C384H48,0,384,1387.232,0.9523,1456.7174209807831,0.0,B2U,CC-stretch/CH-ip (7.7 um)
617,C384H48,0,384,1387.9112,0.9523,1457.4306416045365,0.0,B2U,CC-stretch/CH-ip (7.7 um)
617,C384H48,0,384,1388.2185,0.9523,1457.7533340333928,39.9596,E1U,CC-stretch/CH-ip (7.7 um)
617,C384H48,0,384,1388.2185,0.9523,1457.7533340333928,39.9615,E1U,CC-stretch/CH-ip (7.7 um)
617,C384H48,0,384,1388.7223,0.9523,1458.282369001365,0.0,A1G,CC-stretch/CH-ip (7.7 um)
617,C384H48,0,384,1389.3465,0.9523,1458.9378347159509,0.0,E2G,CC-stretch/CH-ip (7.7 um)
617,C384H48,0,384,1389.3465,0.9523,1458.9378347159509,0.0,E2G,CC-stretch/CH-ip (7.7 um)
617,C384H48,0,384,1389.7243,0.9523,1459.3345584374672,0.0,A2G,CC-stretch/CH-ip (7.7 um)
617,C384H48,0,384,1389.7369,0.9523,1459.347789562113,0.0,B1U,CC-stretch/CH-ip (7.7 um)
617,C384H48,0,384,1389.9183,0.9523,1459.538275753439,85.4517,E1U,CC-stretch/CH-ip (7.7 um)
617,C384H48,0,384,1389.9183,0.9523,1459.538275753439,85.4526,E1U,CC-stretch/CH-ip (7.7 um)
617,C384H48,0,384,1390.928,0.9523,1460.598550876825,0.0,B1U,CC-stretch/CH-ip (7.7 um)
617,C384H48,0,384,1391.3606,0.9523,1461.0528194896565,0.0,A1G,CC-stretch/CH-ip (7.7 um)
617,C384H48,0,384,1393.3081,0.9523,1463.097868318807,0.0,E2G,CC-stretch/CH-ip (7.7 um)
617,C384H48,0,384,1393.3081,0.9523,1463.097868318807,0.0,E2G,CC-stretch/CH-ip (7.7 um)
617,C384H48,0,384,1393.9561,0.9523,1463.7783261577235,0.0,E2G,CC-stretch/CH-ip (7.7 um)
617,C384H48,0,384,1393.9561,0.9523,1463.7783261577235,0.0,E2G,CC-stretch/CH-ip (7.7 um)
617,C384H48,0,384,1394.2496,0.9523,1464.0865273548252,20.7662,E1U,CC-stretch/CH-ip (7.7 um)
617,C384H48,0,384,1394.2496,0.9523,1464.0865273548252,20.7659,E1U,CC-stretch/CH-ip (7.7 um)
617,C384H48,0,384,1397.1109,0.9523,1467.0911477475584,9.7037,E1U,CC-stretch/CH-ip (7.7 um)
617,C384H48,0,384,1397.1109,0.9523,1467.0911477475584,9.7044,E1U,CC-stretch/CH-ip (7.7 um)
617,C384H48,0,384,1397.4965,0.9523,1467.496062165284,0.0,B2U,CC-stretch/CH-ip (7.7 um)
617,C384H48,0,384,1399.4493,0.9523,1469.5466764674998,0.0,E2G,CC-stretch/CH-ip (7.7 um)
617,C384H48,0,384,1399.4493,0.9523,1469.5466764674998,0.0,E2G,CC-stretch/CH-ip (7.7 um)
617,C384H48,0,384,1403.0299,0.9523,1473.3066260632154,0.0,A2G,CC-stretch/CH-ip (7.7 um)
617,C384H48,0,384,1403.4724,0.9523,1473.7712905596975,0.0,B1U,CC-stretch/CH-ip (7.7 um)
617,C384H48,0,384,1405.5538,0.9523,1475.956946340439,0.0,E2G,CC-stretch/CH-ip (7.7 um)
617,C384H48,0,384,1405.5538,0.9523,1475.956946340439,0.0,E2G,CC-stretch/CH-ip (7.7 um)
617,C384H48,0,384,1406.646,0.9523,1477.1038538275752,0.0022,E1U,CC-stretch/CH-ip (7.7 um)
617,C384H48,0,384,1406.646,0.9523,1477.1038538275752,0.0022,E1U,CC-stretch/CH-ip (7.7 um)
617,C384H48,0,384,1408.6644,0.9523,1479.2233539850886,0.0,A1G,CC-stretch/CH-ip (7.7 um)
617,C384H48,0,384,1409.0696,0.9523,1479.6488501522629,1.6832,E1U,CC-stretch/CH-ip (7.7 um)
617,C384H48,0,384,1409.0696,0.9523,1479.6488501522629,1.683,E1U,CC-stretch/CH-ip (7.7 um)
617,C384H48,0,384,1409.0859,0.9523,1479.6659666071616,0.0,E2G,CC-stretch/CH-ip (7.7 um)
617,C384H48,0,384,1409.0859,0.9523,1479.6659666071616,0.0,E2G,CC-stretch/CH-ip (7.7 um)
617,C384H48,0,384,1409.879,0.9523,1480.4987923973536,0.0,B2U,CC-stretch/CH-ip (7.7 um)
617,C384H48,0,384,1410.0795,0.9523,1480.7093352935,0.0,B1U,CC-stretch/CH-ip (7.7 um)
617,C384H48,0,384,1410.3756,0.9523,1481.0202667226715,3.6653,E1U,CC-stretch/CH-ip (7.7 um)
617,C384H48,0,384,1410.3756,0.9523,1481.0202667226715,3.6644,E1U,CC-stretch/CH-ip (7.7 um)
617,C384H48,0,384,1412.5989,0.9523,1483.3549301690643,0.0,B2U,CC-stretch/CH-ip (7.7 um)
617,C384H48,0,384,1413.3324,0.9523,1484.1251706395044,0.0,E2G,CC-stretch/CH-ip (7.7 um)
617,C384H48,0,384,1413.3324,0.9523,1484.1251706395044,0.0,E2G,CC-stretch/CH-ip (7.7 um)
617,C384H48,0,384,1415.9984,0.9523,1486.9247086002308,27.3556,E1U,CC-stretch/CH-ip (7.7 um)
617,C384H48,0,384,1415.9984,0.9523,1486.9247086002308,27.3541,E1U,CC-stretch/CH-ip (7.7 um)
617,C384H48,0,384,1417.0134,0.9523,1487.9905491966815,0.0,E2G,CC-stretch/CH-ip (7.7 um)
617,C384H48,0,384,1417.0134,0.9523,1487.9905491966815,0.0,E2G,CC-stretch/CH-ip (7.7 um)
617,C384H48,0,384,1418.8376,0.9523,1489.9061220203716,0.0,A2G,CC-stretch/CH-ip (7.7 um)
617,C384H48,0,384,1419.4097,0.9523,1490.506878084637,0.0,B1U,CC-stretch/CH-ip (7.7 um)
617,C384H48,0,384,1419.5684,0.9523,1490.6735272498163,0.0,A1G,CC-stretch/CH-ip (7.7 um)
617,C384H48,0,384,1419.6907,0.9523,1490.801953166019,0.0,B2U,CC-stretch/CH-ip (7.7 um)
617,C384H48,0,384,1420.8414,0.9523,1492.0102908747242,2.4202,E1U,CC-stretch/CH-ip (7.7 um)
617,C384H48,0,384,1420.8414,0.9523,1492.0102908747242,2.4214,E1U,CC-stretch/CH-ip (7.7 um)
617,C384H48,0,384,1422.0524,0.9523,1493.281948965662,0.0,A2G,CC-stretch/CH-ip (7.7 um)
617,C384H48,0,384,1424.6219,0.9523,1495.9801533130317,20.5951,E1U,CC-stretch/CH-ip (7.7 um)
617,C384H48,0,384,1424.6219,0.9523,1495.9801533130317,20.5926,E1U,CC-stretch/CH-ip (7.7 um)
617,C384H48,0,384,1424.6917,0.9523,1496.0534495432112,0.0,E2G,CC-stretch/CH-ip (7.7 um)
617,C384H48,0,384,1424.6917,0.9523,1496.0534495432112,0.0,E2G,CC-stretch/CH-ip (7.7 um)
617,C384H48,0,384,1426.5232,0.9523,1497.9766880184816,0.0,E2G,CC-stretch/CH-ip (7.7 um)
617,C384H48,0,384,1426.5232,0.9523,1497.9766880184816,0.0,E2G,CC-stretch/CH-ip (7.7 um)
617,C384H48,0,384,1427.1526,0.9523,1498.6376141972066,0.0,A1G,CC-stretch/CH-ip (7.7 um)
617,C384H48,0,384,1429.9137,0.9523,1501.53701564633,0.0,B2U,CC-stretch/CH-ip (7.7 um)
617,C384H48,0,384,1430.7449,0.9523,1502.409849837236,0.0,A2G,CC-stretch/CH-ip (7.7 um)
617,C384H48,0,384,1431.116,0.9523,1502.7995379607266,0.0,A1G,CC-stretch/CH-ip (7.7 um)
617,C384H48,0,384,1432.1081,0.9523,1503.8413315131784,0.0,B1U,CC-stretch/CH-ip (7.7 um)
617,C384H48,0,384,1432.5933,0.9523,1504.3508348209598,42.6198,E1U,CC-stretch/CH-ip (7.7 um)
617,C384H48,0,384,1432.5933,0.9523,1504.3508348209598,42.6239,E1U,CC-stretch/CH-ip (7.7 um)
617,C384H48,0,384,1434.9877,0.9523,1506.8651685393256,0.0,A2G,CC-stretch/CH-ip (7.7 um)
617,C384H48,0,384,1435.1141,0.9523,1506.997899821485,0.0,E2G,CC-stretch/CH-ip (7.7 um)
617,C384H48,0,384,1435.1141,0.9523,1506.997899821485,0.0,E2G,CC-stretch/CH-ip (7.7 um)
617,C384H48,0,384,1436.9787,0.9523,1508.9558962511812,0.0,E2G,CC-stretch/CH-ip (7.7 um)
617,C384H48,0,384,1436.9787,0.9523,1508.9558962511812,0.0,E2G,CC-stretch/CH-ip (7.7 um)
617,C384H48,0,384,1437.4364,0.9523,1509.4365221043788,1.165,E1U,CC-stretch/CH-ip (7.7 um)
617,C384H48,0,384,1437.4364,0.9523,1509.4365221043788,1.1652,E1U,CC-stretch/CH-ip (7.7 um)
617,C384H48,0,384,1443.7181,0.9523,1516.0328677937623,0.0,E2G,CC-stretch/CH-ip (7.7 um)
617,C384H48,0,384,1443.7181,0.9523,1516.0328677937623,0.0,E2G,CC-stretch/CH-ip (7.7 um)
617,C384H48,0,384,1445.6136,0.9523,1518.0233119815182,29.7768,E1U,CC-stretch/CH-ip (7.7 um)
617,C384H48,0,384,1445.6136,0.9523,1518.0233119815182,29.7788,E1U,CC-stretch/CH-ip (7.7 um)
617,C384H48,0,384,1447.392,0.9523,1519.890790717211,0.0,E2G,CC-stretch/CH-ip (7.7 um)
617,C384H48,0,384,1447.392,0.9523,1519.890790717211,0.0,E2G,CC-stretch/CH-ip (7.7 um)
617,C384H48,0,384,1447.6618,0.9523,1520.174104798908,0.4976,E1U,CC-stretch/CH-ip (7.7 um)
617,C384H48,0,384,1447.6618,0.9523,1520.174104798908,0.4981,E1U,CC-stretch/CH-ip (7.7 um)
617,C384H48,0,384,1448.0417,0.9523,1520.573033707865,0.0,A2G,CC-stretch/CH-ip (7.7 um)
617,C384H48,0,384,1448.2536,0.9523,1520.7955476215477,0.0,A1G,CC-stretch/CH-ip (7.7 um)
617,C384H48,0,384,1451.9553,0.9523,1524.6826630263572,60.8302,E1U,CC-stretch/CH-ip (7.7 um)
617,C384H48,0,384,1451.9553,0.9523,1524.6826630263572,60.8272,E1U,CC-stretch/CH-ip (7.7 um)
617,C384H48,0,384,1452.7004,0.9523,1525.465084532185,31.2676,E1U,CC-stretch/CH-ip (7.7 um)
617,C384H48,0,384,1452.7004,0.9523,1525.465084532185,31.2703,E1U,CC-stretch/CH-ip (7.7 um)
617,C384H48,0,384,1455.1245,0.9523,1528.0106059015015,0.0,B2U,CC-stretch/CH-ip (7.7 um)
617,C384H48,0,384,1455.3998,0.9523,1528.2996954741152,0.0,E2G,CC-stretch/CH-ip (7.7 um)
617,C384H48,0,384,1455.3998,0.9523,1528.2996954741152,0.0,E2G,CC-stretch/CH-ip (7.7 um)
617,C384H48,0,384,1455.663,0.9523,1528.5760789667122,0.0,B1U,CC-stretch/CH-ip (7.7 um)
617,C384H48,0,384,1459.4627,0.9523,1532.566103118765,0.0,B2U,CC-stretch/CH-ip (7.7 um)
617,C384H48,0,384,1462.8191,0.9523,1536.0906227029295,0.0,A2G,CC-stretch/CH-ip (7.7 um)
617,C384H48,0,384,1464.0545,0.9523,1537.3879029717525,7.3649,E1U,CC-stretch/CH-ip (7.7 um)
617,C384H48,0,384,1464.0545,0.9523,1537.3879029717525,7.3658,E1U,CC-stretch/CH-ip (7.7 um)
617,C384H48,0,384,1464.1645,0.9523,1537.5034127900872,0.0,E2G,CC-stretch/CH-ip (7.7 um)
617,C384H48,0,384,1464.1645,0.9523,1537.5034127900872,0.0,E2G,CC-stretch/CH-ip (7.7 um)
617,C384H48,0,384,1464.3608,0.9523,1537.7095453113511,0.0,B1U,CC-stretch/CH-ip (7.7 um)
617,C384H48,0,384,1464.73,0.9523,1538.0972382652526,0.0,A1G,CC-stretch/CH-ip (7.7 um)
617,C384H48,0,384,1465.93,0.9523,1539.3573453743568,0.0,B2U,CC-stretch/CH-ip (7.7 um)
617,C384H48,0,384,1470.9081,0.9523,1544.58479470755,0.0,B1U,CC-stretch/CH-ip (7.7 um)
617,C384H48,0,384,1471.0047,0.9523,1544.686233329833,0.0,A2G,CC-stretch/CH-ip (7.7 um)
617,C384H48,0,384,1471.9079,0.9523,1545.6346739472854,0.0,A1G,CC-stretch/CH-ip (7.7 um)
617,C384H48,0,384,1472.6471,0.9523,1546.4108999264936,66.1761,E1U,CC-stretch/CH-ip (7.7 um)
617,C384H48,0,384,1472.6471,0.9523,1546.4108999264936,66.1818,E1U,CC-stretch/CH-ip (7.7 um)
617,C384H48,0,384,1473.8249,0.9523,1547.6476950540796,0.0,E2G,CC-stretch/CH-ip (7.7 um)
617,C384H48,0,384,1473.8249,0.9523,1547.6476950540796,0.0,E2G,CC-stretch/CH-ip (7.7 um)
617,C384H48,0,384,1476.3022,0.9523,1550.2490811718997,0.0,B2U,CC-stretch/CH-ip (7.7 um)
617,C384H48,0,384,1477.5449,0.9523,1551.554027092303,95.2167,E1U,CC-stretch/CH-ip (7.7 um)
617,C384H48,0,384,1477.5449,0.9523,1551.554027092303,95.2209,E1U,CC-stretch/CH-ip (7.7 um)
617,C384H48,0,384,1478.1276,0.9523,1552.1659141026987,0.0,E2G,CC-stretch/CH-ip (7.7 um)
617,C384H48,0,384,1478.1276,0.9523,1552.1659141026987,0.0,E2G,CC-stretch/CH-ip (7.7 um)
617,C384H48,0,384,1483.6791,0.9523,1557.9954846161925,0.0,E2G,CC-stretch/CH-ip (7.7 um)
617,C384H48,0,384,1483.6791,0.9523,1557.9954846161925,0.0,E2G,CC-stretch/CH-ip (7.7 um)
617,C384H48,0,384,1485.5959,0.9523,1560.008295705135,0.0,E2G,CC-stretch/CH-ip (7.7 um)
617,C384H48,0,384,1485.5959,0.9523,1560.008295705135,0.0,E2G,CC-stretch/CH-ip (7.7 um)
617,C384H48,0,384,1487.8476,0.9523,1562.3727816864434,0.0,B1U,CC-stretch/CH-ip (7.7 um)
617,C384H48,0,384,1488.4301,0.9523,1562.9844586789875,0.0,A1G,CC-stretch/CH-ip (7.7 um)
617,C384H48,0,384,1489.9546,0.9523,1564.585319752179,6.6932,E1U,CC-stretch/CH-ip (7.7 um)
617,C384H48,0,384,1489.9546,0.9523,1564.585319752179,6.6936,E1U,CC-stretch/CH-ip (7.7 um)
617,C384H48,0,384,1490.6284,0.9523,1565.292869893941,0.0,E2G,CC-stretch/CH-ip (7.7 um)
617,C384H48,0,384,1490.6284,0.9523,1565.292869893941,0.0,E2G,CC-stretch/CH-ip (7.7 um)
617,C384H48,0,384,1490.8547,0.9523,1565.530505092933,34.3312,E1U,CC-stretch/CH-ip (7.7 um)
617,C384H48,0,384,1490.8547,0.9523,1565.530505092933,34.3336,E1U,CC-stretch/CH-ip (7.7 um)
617,C384H48,0,384,1492.8814,0.9523,1567.658720991284,0.0,A2G,CC-stretch/CH-ip (7.7 um)
617,C384H48,0,384,1493.6847,0.9523,1568.502257691904,0.0,B2U,CC-stretch/CH-ip (7.7 um)
617,C384H48,0,384,1495.6513,0.9523,1570.567363225874,0.0,B2U,CC-stretch/CH-ip (7.7 um)
617,C384H48,0,384,1496.0182,0.9523,1570.9526409744828,0.0,A1G,CC-stretch/CH-ip (7.7 um)
617,C384H48,0,384,1498.6697,0.9523,1573.7369526409743,0.0,A2G,CC-stretch/CH-ip (7.7 um)
617,C384H48,0,384,1500.996,0.9523,1576.1797752808989,79.1597,E1U,CC-stretch (6.2 um)
617,C384H48,0,384,1500.996,0.9523,1576.1797752808989,79.1507,E1U,CC-stretch (6.2 um)
617,C384H48,0,384,1503.4193,0.9523,1578.7244565788092,0.0,E2G,CC-stretch (6.2 um)
617,C384H48,0,384,1503.4193,0.9523,1578.7244565788092,0.0,E2G,CC-stretch (6.2 um)
617,C384H48,0,384,1505.3379,0.9523,1580.7391578284153,0.0,B1U,CC-stretch (6.2 um)
617,C384H48,0,384,1507.0939,0.9523,1582.583114564738,55.7889,E1U,CC-stretch (6.2 um)
617,C384H48,0,384,1507.0939,0.9523,1582.583114564738,55.7831,E1U,CC-stretch (6.2 um)
617,C384H48,0,384,1507.6856,0.9523,1583.204452378452,0.0,A1G,CC-stretch (6.2 um)
617,C384H48,0,384,1509.0471,0.9523,1584.6341489026568,0.0,E2G,CC-stretch (6.2 um)
617,C384H48,0,384,1509.0471,0.9523,1584.6341489026568,0.0,E2G,CC-stretch (6.2 um)
617,C384H48,0,384,1509.1575,0.9523,1584.7500787566944,11.2102,E1U,CC-stretch (6.2 um)
617,C384H48,0,384,1509.1575,0.9523,1584.7500787566944,11.2117,E1U,CC-stretch (6.2 um)
617,C384H48,0,384,1511.7018,0.9523,1587.4218208547727,0.0,B1U,CC-stretch (6.2 um)
617,C384H48,0,384,1512.6697,0.9523,1588.438202247191,117.6337,E1U,CC-stretch (6.2 um)
617,C384H48,0,384,1512.6697,0.9523,1588.438202247191,117.6354,E1U,CC-stretch (6.2 um)
617,C384H48,0,384,1512.7336,0.9523,1588.5053029507508,0.0,E2G,CC-stretch (6.2 um)
617,C384H48,0,384,1512.7336,0.9523,1588.5053029507508,0.0,E2G,CC-stretch (6.2 um)
617,C384H48,0,384,1515.0244,0.9523,1590.9108474220309,0.0,E2G,CC-stretch (6.2 um)
617,C384H48,0,384,1515.0244,0.9523,1590.9108474220309,0.0,E2G,CC-stretch (6.2 um)
617,C384H48,0,384,1522.1263,0.9523,1598.3684763204872,0.0,B2U,CC-stretch (6.2 um)
617,C384H48,0,384,1522.6668,0.9523,1598.936049564213,24.8792,E1U,CC-stretch (6.2 um)
617,C384H48,0,384,1522.6668,0.9523,1598.936049564213,24.877,E1U,CC-stretch (6.2 um)
617,C384H48,0,384,1524.913,0.9523,1601.2947600546047,0.0,A2G,CC-stretch (6.2 um)
617,C384H48,0,384,1525.4888,0.9523,1601.8994014491232,0.0,A1G,CC-stretch (6.2 um)
617,C384H48,0,384,1526.0075,0.9523,1602.4440827470337,0.0,B2U,CC-stretch (6.2 um)
617,C384H48,0,384,1526.9632,0.9523,1603.4476530505092,0.0,E2G,CC-stretch (6.2 um)
617,C384H48,0,384,1526.9632,0.9523,1603.4476530505092,0.0,E2G,CC-stretch (6.2 um)
617,C384H48,0,384,1527.1827,0.9523,1603.6781476425497,0.0,B1U,CC-stretch (6.2 um)
617,C384H48,0,384,1535.2835,0.9523,1612.1847107004094,0.0,A2G,CC-stretch (6.2 um)
617,C384H48,0,384,1536.4549,0.9523,1613.4147852567469,0.0,B2U,CC-stretch (6.2 um)
617,C384H48,0,384,1536.4721,0.9523,1613.4328467919772,0.0,A1G,CC-stretch (6.2 um)
617,C384H48,0,384,1537.0468,0.9523,1614.0363330883126,0.0,E2G,CC-stretch (6.2 um)
617,C384H48,0,384,1537.0468,0.9523,1614.0363330883126,0.0,E2G,CC-stretch (6.2 um)
617,C384H48,0,384,1538.4519,0.9523,1615.5118135041478,132.8113,E1U,CC-stretch (6.2 um)
617,C384H48,0,384,1538.4519,0.9523,1615.5118135041478,132.8011,E1U,CC-stretch (6.2 um)
617,C384H48,0,384,1541.7217,0.9523,1618.9453953586055,0.0,E2G,CC-stretch (6.2 um)
617,C384H48,0,384,1541.7217,0.9523,1618.9453953586055,0.0,E2G,CC-stretch (6.2 um)
617,C384H48,0,384,1543.5144,0.9523,1620.8278903706814,0.0,B1U,CC-stretch (6.2 um)
617,C384H48,0,384,1545.5659,0.9523,1622.982148482621,2.3883,E1U,CC-stretch (6.2 um)
617,C384H48,0,384,1545.5659,0.9523,1622.982148482621,2.3887,E1U,CC-stretch (6.2 um)
617,C384H48,0,384,1546.4484,0.9523,1623.9088522524414,0.0,E2G,CC-stretch (6.2 um)
617,C384H48,0,384,1546.4484,0.9523,1623.9088522524414,0.0,E2G,CC-stretch (6.2 um)
617,C384H48,0,384,1546.7997,0.9523,1624.2777486086318,18.7682,E1U,CC-stretch (6.2 um)
617,C384H48,0,384,1546.7997,0.9523,1624.2777486086318,18.7654,E1U,CC-stretch (6.2 um)
617,C384H48,0,384,1549.8238,0.9523,1627.4533235325,23.9785,E1U,CC-stretch (6.2 um)
617,C384H48,0,384,1549.8238,0.9523,1627.4533235325,23.9744,E1U,CC-stretch (6.2 um)
617,C384H48,0,384,1551.069,0.9523,1628.7608946760474,0.0,A2G,CC-stretch (6.2 um)
617,C384H48,0,384,1553.2816,0.9523,1631.0843221673842,0.0,A1G,CC-stretch (6.2 um)
617,C384H48,0,384,1553.4511,0.9523,1631.2623122965451,0.0,A2G,CC-stretch (6.2 um)
617,C384H48,0,384,1553.7232,0.9523,1631.5480415835343,0.0,E2G,CC-stretch (6.2 um)
617,C384H48,0,384,1553.7232,0.9523,1631.5480415835343,0.0,E2G,CC-stretch (6.2 um)
617,C384H48,0,384,1555.5198,0.9523,1633.4346319437152,73.859,E1U,CC-stretch (6.2 um)
617,C384H48,0,384,1555.5198,0.9523,1633.4346319437152,73.8597,E1U,CC-stretch (6.2 um)
617,C384H48,0,384,1559.6089,0.9523,1637.7285519269135,0.0,B1U,CC-stretch (6.2 um)
617,C384H48,0,384,1559.7033,0.9523,1637.82768035283,0.0,E2G,CC-stretch (6.2 um)
617,C384H48,0,384,1559.7033,0.9523,1637.82768035283,0.0,E2G,CC-stretch (6.2 um)
617,C384H48,0,384,1561.8335,0.9523,1640.0645804893416,0.0,B2U,CC-stretch (6.2 um)
617,C384H48,0,384,1562.3395,0.9523,1640.5959256536803,0.0,A1G,CC-stretch (6.2 um)
617,C384H48,0,384,1563.2258,0.9523,1641.5266197626795,0.0,B1U,CC-stretch (6.2 um)
617,C384H48,0,384,1565.4966,0.9523,1643.911162448808,0.0,E2G,CC-stretch (6.2 um)
617,C384H48,0,384,1565.4966,0.9523,1643.911162448808,0.0,E2G,CC-stretch (6.2 um)
617,C384H48,0,384,1565.9673,0.9523,1644.4054394623545,1.5364,E1U,CC-stretch (6.2 um)
617,C384H48,0,384,1565.9673,0.9523,1644.4054394623545,1.537,E1U,CC-stretch (6.2 um)
617,C384H48,0,384,1566.9063,0.9523,1645.3914732752285,22.9868,E1U,CC-stretch (6.2 um)
617,C384H48,0,384,1566.9063,0.9523,1645.3914732752285,22.9871,E1U,CC-stretch (6.2 um)
617,C384H48,0,384,1568.4712,0.9523,1647.034757954426,0.0,A2G,CC-stretch (6.2 um)
617,C384H48,0,384,1568.6293,0.9523,1647.2007770660507,0.0,A1G,CC-stretch (6.2 um)
617,C384H48,0,384,1571.6621,0.9523,1650.38548776646,0.0,E2G,CC-stretch (6.2 um)
617,C384H48,0,384,1571.6621,0.9523,1650.38548776646,0.0,E2G,CC-stretch (6.2 um)
617,C384H48,0,384,1571.6782,0.9523,1650.4023942035074,7.4194,E1U,CC-stretch (6.2 um)
617,C384H48,0,384,1571.6782,0.9523,1650.4023942035074,7.4206,E1U,CC-stretch (6.2 um)
617,C384H48,0,384,1572.8127,0.9523,1651.5937204662396,0.0,B1U,CC-stretch (6.2 um)
617,C384H48,0,384,1573.4652,0.9523,1652.278903706815,0.0,E2G,CC-stretch (6.2 um)
617,C384H48,0,384,1573.4652,0.9523,1652.278903706815,0.0,E2G,CC-stretch (6.2 um)
617,C384H48,0,384,1575.6981,0.9523,1654.6236480100808,0.0,B1U,CC-stretch (6.2 um)
617,C384H48,0,384,1577.4061,0.9523,1656.417200462039,0.0,B2U,CC-stretch (6.2 um)
617,C384H48,0,384,1579.0011,0.9523,1658.0920928278902,0.0,E2G,CC-stretch (6.2 um)
617,C384H48,0,384,1579.0011,0.9523,1658.0920928278902,0.0,E2G,CC-stretch (6.2 um)
617,C384H48,0,384,1580.586,0.9523,1659.75637929224,0.0,E1U,CC-stretch (6.2 um)
617,C384H48,0,384,1580.586,0.9523,1659.75637929224,0.0,E1U,CC-stretch (6.2 um)
617,C384H48,0,384,1581.7651,0.9523,1660.994539535861,0.0,A2G,CC-stretch (6.2 um)
617,C384H48,0,384,1581.9849,0.9523,1661.225349154678,0.0,A1G,CC-stretch (6.2 um)
617,C384H48,0,384,1582.4249,0.9523,1661.6873884280162,1.4802,E1U,CC-stretch (6.2 um)
617,C384H48,0,384,1582.4249,0.9523,1661.6873884280162,1.4803,E1U,CC-stretch (6.2 um)
617,C384H48,0,384,1582.5516,0.9523,1661.8204347369526,0.0,E2G,CC-stretch (6.2 um)
617,C384H48,0,384,1582.5516,0.9523,1661.8204347369526,0.0,E2G,CC-stretch (6.2 um)
617,C384H48,0,384,1582.6476,0.9523,1661.921243305681,0.0,B1U,CC-stretch (6.2 um)
617,C384H48,0,384,1586.0241,0.9523,1665.4668696839233,0.0,B1U,CC-stretch (6.2 um)
617,C384H48,0,384,1586.881,0.9523,1666.3666911687494,0.0,E2G,CC-stretch (6.2 um)
617,C384H48,0,384,1586.881,0.9523,1666.3666911687494,0.0,E2G,CC-stretch (6.2 um)
617,C384H48,0,384,1588.2509,0.9523,1667.8052084427177,41.3895,E1U,CC-stretch (6.2 um)
617,C384H48,0,384,1588.2509,0.9523,1667.8052084427177,41.3939,E1U,CC-stretch (6.2 um)
617,C384H48,0,384,1588.7505,0.9523,1668.3298330358082,0.0,A2G,CC-stretch (6.2 um)
617,C384H48,0,384,1599.9206,0.9523,1680.059435051979,0.0,B2U,CC-stretch (6.2 um)
617,C384H48,0,384,1600.2624,0.9523,1680.4183555602226,0.0,E2G,CC-stretch (6.2 um)
617,C384H48,0,384,1600.2624,0.9523,1680.4183555602226,0.0,E2G,CC-stretch (6.2 um)
617,C384H48,0,384,1600.8976,0.9523,1681.0853722566417,0.0247,E1U,CC-stretch (6.2 um)
617,C384H48,0,384,1600.8976,0.9523,1681.0853722566417,0.0246,E1U,CC-stretch (6.2 um)
617,C384H48,0,384,1601.1962,0.9523,1681.3989289089573,0.0,A1G,CC-stretch (6.2 um)
617,C384H48,0,384,3048.8514,0.9595,3177.541844710787,0.0,A2G,CH-stretch
617,C384H48,0,384,3048.8582,0.9595,3177.548931735279,0.0406,E1U,CH-stretch
617,C384H48,0,384,3048.8582,0.9595,3177.548931735279,0.0406,E1U,CH-stretch
617,C384H48,0,384,3048.8725,0.9595,3177.5638353309014,0.0,E2G,CH-stretch
617,C384H48,0,384,3048.8725,0.9595,3177.5638353309014,0.0,E2G,CH-stretch
617,C384H48,0,384,3048.88,0.9595,3177.5716519020325,0.0,B1U,CH-stretch
617,C384H48,0,384,3049.8287,0.9595,3178.560396039604,0.0,B2U,CH-stretch
617,C384H48,0,384,3049.875,0.9595,3178.6086503387182,0.0,E2G,CH-stretch
617,C384H48,0,384,3049.875,0.9595,3178.6086503387182,0.0,E2G,CH-stretch
617,C384H48,0,384,3049.9913,0.9595,3178.72985930172,41.8381,E1U,CH-stretch
617,C384H48,0,384,3049.9913,0.9595,3178.72985930172,41.8365,E1U,CH-stretch
617,C384H48,0,384,3050.0792,0.9595,3178.821469515373,0.0,A1G,CH-stretch
617,C384H48,0,384,3050.5948,0.9595,3179.3588327253774,0.0,A2G,CH-stretch
617,C384H48,0,384,3050.7358,0.9595,3179.505784262637,11.6177,E1U,CH-stretch
617,C384H48,0,384,3050.7358,0.9595,3179.505784262637,11.6173,E1U,CH-stretch
617,C384H48,0,384,3051.0249,0.9595,3179.807087024492,0.0,E2G,CH-stretch
617,C384H48,0,384,3051.0249,0.9595,3179.807087024492,0.0,E2G,CH-stretch
617,C384H48,0,384,3051.2722,0.9595,3180.0648254299117,0.0,B1U,CH-stretch
617,C384H48,0,384,3051.5491,0.9595,3180.3534132360605,0.0,B2U,CH-stretch
617,C384H48,0,384,3051.8197,0.9595,3180.6354351224595,0.0,E2G,CH-stretch
617,C384H48,0,384,3051.8197,0.9595,3180.6354351224595,0.0,E2G,CH-stretch
617,C384H48,0,384,3052.171,0.9595,3181.001563314226,15.3089,E1U,CH-stretch
617,C384H48,0,384,3052.171,0.9595,3181.001563314226,15.3085,E1U,CH-stretch
617,C384H48,0,384,3052.3557,0.9595,3181.1940594059406,0.0,A2G,CH-stretch
617,C384H48,0,384,3053.1608,0.9595,3182.0331422615945,0.0,A1G,CH-stretch
617,C384H48,0,384,3053.292,0.9595,3182.169880145909,178.3296,E1U,CH-stretch
617,C384H48,0,384,3053.292,0.9595,3182.169880145909,178.3402,E1U,CH-stretch
617,C384H48,0,384,3053.5273,0.9595,3182.4151120375195,0.0,E2G,CH-stretch
617,C384H48,0,384,3053.5273,0.9595,3182.4151120375195,0.0,E2G,CH-stretch
617,C384H48,0,384,3053.6257,0.9595,3182.5176654507554,0.0,B1U,CH-stretch
617,C384H48,0,384,3055.0287,0.9595,3183.9798853569564,0.0,B2U,CH-stretch
617,C384H48,0,384,3055.0833,0.9595,3184.0367899947887,0.0,E2G,CH-stretch
617,C384H48,0,384,3055.0833,0.9595,3184.0367899947887,0.0,E2G,CH-stretch
617,C384H48,0,384,3055.1771,0.9595,3184.134549244398,70.5983,E1U,CH-stretch
617,C384H48,0,384,3055.1771,0.9595,3184.134549244398,70.6009,E1U,CH-stretch
617,C384H48,0,384,3055.2093,0.9595,3184.168108389786,0.0,A2G,CH-stretch
617,C384H48,0,384,3057.1625,0.9595,3186.2037519541427,588.2814,E1U,CH-stretch
617,C384H48,0,384,3057.1625,0.9595,3186.2037519541427,588.3389,E1U,CH-stretch
617,C384H48,0,384,3057.1671,0.9595,3186.20854611777,0.0,E2G,CH-stretch
617,C384H48,0,384,3057.1671,0.9595,3186.20854611777,0.0,E2G,CH-stretch
617,C384H48,0,384,3057.1718,0.9595,3186.213444502345,0.0,B1U,CH-stretch
617,C384H48,0,384,3057.2166,0.9595,3186.260135487233,0.0,A1G,CH-stretch
617,C384H48,0,384,3071.6017,0.9595,3201.2524231370508,0.0,B2U,CH-stretch
617,C384H48,0,384,3071.6067,0.9595,3201.257634184471,0.0,E2G,CH-stretch
617,C384H48,0,384,3071.6067,0.9595,3201.257634184471,0.0,E2G,CH-stretch
617,C384H48,0,384,3071.6238,0.9595,3201.275455966649,630.1314,E1U,CH-stretch
617,C384H48,0,384,3071.6238,0.9595,3201.275455966649,630.1399,E1U,CH-stretch
617,C384H48,0,384,3071.6899,0.9595,3201.3443460135486,0.0,A1G,CH-stretch
