=== chain 2 start Thu Oct  1 09:05:49 WEDT 2026
analytic second-route Hessians substituted for 27 molecules
799 molecules; pool 1; hold-out (a) 1, (b) 1 (['fluoranthene', 'fluorene']); sizes [1]; seeds [0]; epochs 5000; threads 8; model 171,554 parameters, sum aggregation
  rung B's 66 pair features added to the hybrid head (standardised on the fit molecules)
  hybrid head: 303,618 parameters; F_low input scales 0.0364, 0.248, 0.0964; SQM α per class on
  fresh sum body pre-flight: worst |output| 9.02 on the training molecules
  internal term on the pair model's pattern; class scales diag_bond 0.0105, diag_angle 0.0026, diag_dihedral 0.00105, diag_other 0.00105, off_bondbond 0.00382, off_other 0.00105, off_twobond 0.00105
    seed 0 epoch 1/5000: loss main 1.445e-05 aux 0.1227 (0 s)
    seed 0 epoch 10/5000: loss main 3.238e-06 aux 0.08139 (0 s)
    seed 0 epoch 20/5000: loss main 1.737e-06 aux 0.07232 (1 s)
    seed 0 epoch 30/5000: loss main 1.249e-06 aux 0.06742 (1 s)
    seed 0 epoch 40/5000: loss main 1.171e-06 aux 0.06416 (1 s)
    seed 0 epoch 50/5000: loss main 1.144e-06 aux 0.062 (1 s)
    seed 0 epoch 60/5000: loss main 1.46e-06 aux 0.06106 (2 s)
    seed 0 epoch 70/5000: loss main 1.007e-06 aux 0.06007 (2 s)
    seed 0 epoch 80/5000: loss main 9.48e-07 aux 0.05915 (2 s)
    seed 0 epoch 90/5000: loss main 9.645e-07 aux 0.05811 (3 s)
    seed 0 epoch 100/5000: loss main 9.683e-07 aux 0.05712 (3 s)
    seed 0 epoch 110/5000: loss main 8.138e-07 aux 0.05618 (3 s)
    seed 0 epoch 120/5000: loss main 9.445e-07 aux 0.05514 (3 s)
    seed 0 epoch 130/5000: loss main 9.09e-07 aux 0.05387 (4 s)
    seed 0 epoch 140/5000: loss main 7.962e-07 aux 0.05152 (4 s)
    seed 0 epoch 150/5000: loss main 8.343e-07 aux 0.05099 (4 s)
    seed 0 epoch 160/5000: loss main 8.552e-07 aux 0.049 (5 s)
    seed 0 epoch 170/5000: loss main 9.462e-07 aux 0.04685 (5 s)
    seed 0 epoch 180/5000: loss main 1.396e-06 aux 0.04639 (5 s)
    seed 0 epoch 190/5000: loss main 6.714e-07 aux 0.0423 (5 s)
    seed 0 epoch 200/5000: loss main 6.917e-07 aux 0.03954 (6 s)
    seed 0 epoch 210/5000: loss main 1.007e-06 aux 0.03675 (6 s)
    seed 0 epoch 220/5000: loss main 8.697e-07 aux 0.04913 (6 s)
    seed 0 epoch 230/5000: loss main 5.633e-07 aux 0.03585 (7 s)
    seed 0 epoch 240/5000: loss main 5.659e-07 aux 0.03219 (7 s)
    seed 0 epoch 250/5000: loss main 5.56e-07 aux 0.02804 (7 s)
    seed 0 epoch 260/5000: loss main 1.266e-06 aux 0.02959 (8 s)
    seed 0 epoch 270/5000: loss main 8.427e-07 aux 0.02745 (8 s)
    seed 0 epoch 280/5000: loss main 7.453e-07 aux 0.02293 (8 s)
    seed 0 epoch 290/5000: loss main 4.717e-07 aux 0.02029 (9 s)
    seed 0 epoch 300/5000: loss main 6.875e-07 aux 0.02721 (9 s)
    seed 0 epoch 310/5000: loss main 8.559e-07 aux 0.01979 (9 s)
    seed 0 epoch 320/5000: loss main 6.297e-07 aux 0.01744 (9 s)
    seed 0 epoch 330/5000: loss main 4.366e-07 aux 0.01647 (10 s)
    seed 0 epoch 340/5000: loss main 4.41e-07 aux 0.01537 (10 s)
    seed 0 epoch 350/5000: loss main 3.694e-07 aux 0.015 (10 s)
    seed 0 epoch 360/5000: loss main 6.792e-07 aux 0.01854 (11 s)
    seed 0 epoch 370/5000: loss main 3.952e-07 aux 0.01568 (11 s)
    seed 0 epoch 380/5000: loss main 3.591e-07 aux 0.01448 (11 s)
    seed 0 epoch 390/5000: loss main 4.041e-07 aux 0.01348 (11 s)
    seed 0 epoch 400/5000: loss main 3.344e-07 aux 0.01289 (12 s)
    seed 0 epoch 410/5000: loss main 3.783e-07 aux 0.01239 (12 s)
    seed 0 epoch 420/5000: loss main 4.342e-07 aux 0.01344 (12 s)
    seed 0 epoch 430/5000: loss main 5.761e-07 aux 0.01343 (12 s)
    seed 0 epoch 440/5000: loss main 4.117e-07 aux 0.01273 (13 s)
    seed 0 epoch 450/5000: loss main 3.237e-07 aux 0.01199 (13 s)
    seed 0 epoch 460/5000: loss main 3.122e-07 aux 0.01132 (13 s)
    seed 0 epoch 470/5000: loss main 3.208e-07 aux 0.01089 (14 s)
    seed 0 epoch 480/5000: loss main 3.111e-07 aux 0.01048 (14 s)
    seed 0 epoch 490/5000: loss main 5.781e-07 aux 0.01733 (14 s)
    seed 0 epoch 500/5000: loss main 4.086e-07 aux 0.01151 (14 s)
    seed 0 epoch 510/5000: loss main 4.127e-07 aux 0.01002 (15 s)
    seed 0 epoch 520/5000: loss main 2.976e-07 aux 0.009383 (15 s)
    seed 0 epoch 530/5000: loss main 3.161e-07 aux 0.008943 (15 s)
    seed 0 epoch 540/5000: loss main 2.933e-07 aux 0.008595 (15 s)
    seed 0 epoch 550/5000: loss main 1.905e-06 aux 0.01716 (16 s)
    seed 0 epoch 560/5000: loss main 4.262e-07 aux 0.00957 (16 s)
    seed 0 epoch 570/5000: loss main 3.103e-07 aux 0.008716 (16 s)
    seed 0 epoch 580/5000: loss main 2.99e-07 aux 0.007955 (16 s)
    seed 0 epoch 590/5000: loss main 2.806e-07 aux 0.007532 (17 s)
    seed 0 epoch 600/5000: loss main 3.178e-07 aux 0.007206 (17 s)
    seed 0 epoch 610/5000: loss main 1.917e-06 aux 0.01661 (17 s)
    seed 0 epoch 620/5000: loss main 3.317e-07 aux 0.00885 (18 s)
    seed 0 epoch 630/5000: loss main 3.538e-07 aux 0.007908 (18 s)
    seed 0 epoch 640/5000: loss main 2.89e-07 aux 0.006996 (18 s)
    seed 0 epoch 650/5000: loss main 2.613e-07 aux 0.006536 (18 s)
    seed 0 epoch 660/5000: loss main 2.715e-07 aux 0.006145 (19 s)
    seed 0 epoch 670/5000: loss main 2.478e-07 aux 0.005845 (19 s)
    seed 0 epoch 680/5000: loss main 7.931e-07 aux 0.02139 (19 s)
    seed 0 epoch 690/5000: loss main 3.175e-07 aux 0.00861 (19 s)
    seed 0 epoch 700/5000: loss main 2.947e-07 aux 0.006499 (20 s)
    seed 0 epoch 710/5000: loss main 2.665e-07 aux 0.006183 (20 s)
    seed 0 epoch 720/5000: loss main 2.936e-07 aux 0.005661 (20 s)
    seed 0 epoch 730/5000: loss main 2.423e-07 aux 0.005304 (21 s)
    seed 0 epoch 740/5000: loss main 2.352e-07 aux 0.00503 (21 s)
    seed 0 epoch 750/5000: loss main 2.376e-07 aux 0.004843 (21 s)
    seed 0 epoch 760/5000: loss main 1.404e-06 aux 0.008731 (21 s)
    seed 0 epoch 770/5000: loss main 3.273e-07 aux 0.006461 (22 s)
    seed 0 epoch 780/5000: loss main 3.452e-07 aux 0.006089 (22 s)
    seed 0 epoch 790/5000: loss main 3.479e-07 aux 0.005509 (22 s)
    seed 0 epoch 800/5000: loss main 2.387e-07 aux 0.004863 (22 s)
    seed 0 epoch 810/5000: loss main 2.265e-07 aux 0.004554 (23 s)
    seed 0 epoch 820/5000: loss main 2.288e-07 aux 0.004404 (23 s)
    seed 0 epoch 830/5000: loss main 2.239e-07 aux 0.004243 (23 s)
    seed 0 epoch 840/5000: loss main 2.201e-07 aux 0.004118 (24 s)
    seed 0 epoch 850/5000: loss main 2.601e-07 aux 0.0059 (24 s)
    seed 0 epoch 860/5000: loss main 2.65e-07 aux 0.005146 (24 s)
    seed 0 epoch 870/5000: loss main 2.358e-07 aux 0.00432 (24 s)
    seed 0 epoch 880/5000: loss main 2.304e-07 aux 0.00398 (25 s)
    seed 0 epoch 890/5000: loss main 2.211e-07 aux 0.003888 (25 s)
    seed 0 epoch 900/5000: loss main 3.524e-07 aux 0.004091 (25 s)
    seed 0 epoch 910/5000: loss main 3.517e-07 aux 0.004967 (26 s)
    seed 0 epoch 920/5000: loss main 2.816e-07 aux 0.004928 (26 s)
    seed 0 epoch 930/5000: loss main 2.281e-07 aux 0.004233 (26 s)
    seed 0 epoch 940/5000: loss main 2.245e-07 aux 0.003854 (27 s)
    seed 0 epoch 950/5000: loss main 2.139e-07 aux 0.003664 (27 s)
    seed 0 epoch 960/5000: loss main 2.129e-07 aux 0.003537 (27 s)
    seed 0 epoch 970/5000: loss main 2.122e-07 aux 0.003441 (27 s)
    seed 0 epoch 980/5000: loss main 2.104e-07 aux 0.003358 (28 s)
    seed 0 epoch 990/5000: loss main 3.173e-07 aux 0.00438 (28 s)
    seed 0 epoch 1000/5000: loss main 3.23e-07 aux 0.004242 (28 s)
    seed 0 epoch 1010/5000: loss main 2.306e-07 aux 0.003712 (29 s)
    seed 0 epoch 1020/5000: loss main 2.217e-07 aux 0.003545 (29 s)
    seed 0 epoch 1030/5000: loss main 2.122e-07 aux 0.003261 (29 s)
    seed 0 epoch 1040/5000: loss main 2.112e-07 aux 0.003165 (30 s)
    seed 0 epoch 1050/5000: loss main 2.08e-07 aux 0.003099 (30 s)
    seed 0 epoch 1060/5000: loss main 2.064e-07 aux 0.003033 (30 s)
    seed 0 epoch 1070/5000: loss main 1.503e-06 aux 0.009858 (30 s)
    seed 0 epoch 1080/5000: loss main 2.898e-07 aux 0.004906 (31 s)
    seed 0 epoch 1090/5000: loss main 2.661e-07 aux 0.003476 (31 s)
    seed 0 epoch 1100/5000: loss main 2.266e-07 aux 0.003232 (31 s)
    seed 0 epoch 1110/5000: loss main 2.074e-07 aux 0.003059 (32 s)
    seed 0 epoch 1120/5000: loss main 2.135e-07 aux 0.002975 (32 s)
    seed 0 epoch 1130/5000: loss main 2.082e-07 aux 0.00289 (32 s)
    seed 0 epoch 1140/5000: loss main 2.04e-07 aux 0.002836 (32 s)
    seed 0 epoch 1150/5000: loss main 2.278e-07 aux 0.002892 (33 s)
    seed 0 epoch 1160/5000: loss main 1.061e-06 aux 0.007628 (33 s)
    seed 0 epoch 1170/5000: loss main 5.072e-07 aux 0.004385 (33 s)
    seed 0 epoch 1180/5000: loss main 2.453e-07 aux 0.00351 (34 s)
    seed 0 epoch 1190/5000: loss main 2.947e-07 aux 0.003161 (34 s)
    seed 0 epoch 1200/5000: loss main 2.096e-07 aux 0.002935 (34 s)
    seed 0 epoch 1210/5000: loss main 2.055e-07 aux 0.002841 (34 s)
    seed 0 epoch 1220/5000: loss main 2.047e-07 aux 0.002759 (35 s)
    seed 0 epoch 1230/5000: loss main 2.044e-07 aux 0.002713 (35 s)
    seed 0 epoch 1240/5000: loss main 2.029e-07 aux 0.002669 (35 s)
    seed 0 epoch 1250/5000: loss main 2.024e-07 aux 0.002634 (36 s)
    seed 0 epoch 1260/5000: loss main 2.023e-07 aux 0.002603 (36 s)
    seed 0 epoch 1270/5000: loss main 4.191e-07 aux 0.003931 (36 s)
    seed 0 epoch 1280/5000: loss main 2.688e-07 aux 0.003688 (36 s)
    seed 0 epoch 1290/5000: loss main 2.351e-07 aux 0.003043 (37 s)
    seed 0 epoch 1300/5000: loss main 2.132e-07 aux 0.002821 (37 s)
    seed 0 epoch 1310/5000: loss main 2.091e-07 aux 0.002664 (37 s)
    seed 0 epoch 1320/5000: loss main 2.082e-07 aux 0.002574 (38 s)
    seed 0 epoch 1330/5000: loss main 2.01e-07 aux 0.002524 (38 s)
    seed 0 epoch 1340/5000: loss main 2.004e-07 aux 0.002491 (38 s)
    seed 0 epoch 1350/5000: loss main 2.01e-07 aux 0.002462 (38 s)
    seed 0 epoch 1360/5000: loss main 2.02e-07 aux 0.002439 (39 s)
    seed 0 epoch 1370/5000: loss main 1.404e-06 aux 0.005694 (39 s)
    seed 0 epoch 1380/5000: loss main 1.043e-06 aux 0.00523 (39 s)
    seed 0 epoch 1390/5000: loss main 3.279e-07 aux 0.003166 (40 s)
    seed 0 epoch 1400/5000: loss main 2.248e-07 aux 0.002697 (40 s)
    seed 0 epoch 1410/5000: loss main 2.012e-07 aux 0.002569 (40 s)
    seed 0 epoch 1420/5000: loss main 2.007e-07 aux 0.002452 (40 s)
    seed 0 epoch 1430/5000: loss main 1.997e-07 aux 0.002419 (41 s)
    seed 0 epoch 1440/5000: loss main 1.99e-07 aux 0.00238 (41 s)
    seed 0 epoch 1450/5000: loss main 1.988e-07 aux 0.002353 (41 s)
    seed 0 epoch 1460/5000: loss main 1.986e-07 aux 0.002329 (42 s)
    seed 0 epoch 1470/5000: loss main 1.985e-07 aux 0.002308 (42 s)
    seed 0 epoch 1480/5000: loss main 2.109e-07 aux 0.00296 (42 s)
    seed 0 epoch 1490/5000: loss main 2.504e-07 aux 0.002917 (42 s)
    seed 0 epoch 1500/5000: loss main 2.736e-07 aux 0.00294 (43 s)
    seed 0 epoch 1510/5000: loss main 2.102e-07 aux 0.002449 (43 s)
    seed 0 epoch 1520/5000: loss main 2.118e-07 aux 0.00231 (43 s)
    seed 0 epoch 1530/5000: loss main 1.984e-07 aux 0.002268 (44 s)
    seed 0 epoch 1540/5000: loss main 2.007e-07 aux 0.002244 (44 s)
    seed 0 epoch 1550/5000: loss main 1.988e-07 aux 0.00223 (44 s)
    seed 0 epoch 1560/5000: loss main 1.272e-06 aux 0.005713 (44 s)
    seed 0 epoch 1570/5000: loss main 4.792e-07 aux 0.003474 (45 s)
    seed 0 epoch 1580/5000: loss main 2.964e-07 aux 0.002687 (45 s)
    seed 0 epoch 1590/5000: loss main 2.289e-07 aux 0.002403 (45 s)
    seed 0 epoch 1600/5000: loss main 2.11e-07 aux 0.002258 (45 s)
    seed 0 epoch 1610/5000: loss main 1.968e-07 aux 0.002202 (46 s)
    seed 0 epoch 1620/5000: loss main 1.962e-07 aux 0.002168 (46 s)
    seed 0 epoch 1630/5000: loss main 1.975e-07 aux 0.002147 (46 s)
    seed 0 epoch 1640/5000: loss main 1.963e-07 aux 0.002137 (47 s)
    seed 0 epoch 1650/5000: loss main 5.448e-07 aux 0.009473 (47 s)
    seed 0 epoch 1660/5000: loss main 2.434e-07 aux 0.003121 (47 s)
    seed 0 epoch 1670/5000: loss main 3.697e-07 aux 0.002651 (48 s)
    seed 0 epoch 1680/5000: loss main 2.039e-07 aux 0.002307 (48 s)
    seed 0 epoch 1690/5000: loss main 2.016e-07 aux 0.002224 (48 s)
    seed 0 epoch 1700/5000: loss main 1.993e-07 aux 0.002153 (48 s)
    seed 0 epoch 1710/5000: loss main 1.952e-07 aux 0.002114 (49 s)
    seed 0 epoch 1720/5000: loss main 1.953e-07 aux 0.00209 (49 s)
    seed 0 epoch 1730/5000: loss main 1.947e-07 aux 0.00207 (49 s)
    seed 0 epoch 1740/5000: loss main 1.947e-07 aux 0.002054 (49 s)
    seed 0 epoch 1750/5000: loss main 1.948e-07 aux 0.00204 (50 s)
    seed 0 epoch 1760/5000: loss main 2.477e-07 aux 0.002254 (50 s)
    seed 0 epoch 1770/5000: loss main 2.327e-07 aux 0.002692 (50 s)
    seed 0 epoch 1780/5000: loss main 2.682e-07 aux 0.002484 (51 s)
    seed 0 epoch 1790/5000: loss main 2.031e-07 aux 0.002204 (51 s)
    seed 0 epoch 1800/5000: loss main 1.964e-07 aux 0.002067 (51 s)
    seed 0 epoch 1810/5000: loss main 1.942e-07 aux 0.002021 (51 s)
    seed 0 epoch 1820/5000: loss main 1.955e-07 aux 0.001997 (52 s)
    seed 0 epoch 1830/5000: loss main 1.952e-07 aux 0.001981 (52 s)
    seed 0 epoch 1840/5000: loss main 1.935e-07 aux 0.001965 (52 s)
    seed 0 epoch 1850/5000: loss main 2.061e-07 aux 0.002061 (53 s)
    seed 0 epoch 1860/5000: loss main 2.859e-07 aux 0.003284 (53 s)
    seed 0 epoch 1870/5000: loss main 2.46e-07 aux 0.002782 (53 s)
    seed 0 epoch 1880/5000: loss main 2.375e-07 aux 0.002249 (54 s)
    seed 0 epoch 1890/5000: loss main 1.955e-07 aux 0.00212 (54 s)
    seed 0 epoch 1900/5000: loss main 1.987e-07 aux 0.00199 (54 s)
    seed 0 epoch 1910/5000: loss main 1.942e-07 aux 0.001954 (55 s)
    seed 0 epoch 1920/5000: loss main 1.946e-07 aux 0.001933 (55 s)
    seed 0 epoch 1930/5000: loss main 1.926e-07 aux 0.001915 (55 s)
    seed 0 epoch 1940/5000: loss main 1.938e-07 aux 0.001903 (56 s)
    seed 0 epoch 1950/5000: loss main 3.047e-07 aux 0.002303 (56 s)
    seed 0 epoch 1960/5000: loss main 3.297e-07 aux 0.003018 (56 s)
    seed 0 epoch 1970/5000: loss main 2.196e-07 aux 0.002175 (57 s)
    seed 0 epoch 1980/5000: loss main 2.376e-07 aux 0.002026 (57 s)
    seed 0 epoch 1990/5000: loss main 1.949e-07 aux 0.001942 (57 s)
    seed 0 epoch 2000/5000: loss main 1.92e-07 aux 0.001885 (58 s)
    seed 0 epoch 2010/5000: loss main 1.93e-07 aux 0.00186 (58 s)
    seed 0 epoch 2020/5000: loss main 1.984e-07 aux 0.001861 (59 s)
    seed 0 epoch 2030/5000: loss main 8.531e-07 aux 0.003968 (59 s)
    seed 0 epoch 2040/5000: loss main 1.95e-07 aux 0.001964 (60 s)
    seed 0 epoch 2050/5000: loss main 2.434e-07 aux 0.002199 (60 s)
    seed 0 epoch 2060/5000: loss main 1.974e-07 aux 0.001909 (60 s)
    seed 0 epoch 2070/5000: loss main 1.976e-07 aux 0.001865 (61 s)
    seed 0 epoch 2080/5000: loss main 1.904e-07 aux 0.001831 (61 s)
    seed 0 epoch 2090/5000: loss main 1.908e-07 aux 0.001817 (61 s)
    seed 0 epoch 2100/5000: loss main 1.914e-07 aux 0.001804 (61 s)
    seed 0 epoch 2110/5000: loss main 1.936e-07 aux 0.00192 (62 s)
    seed 0 epoch 2120/5000: loss main 1.982e-07 aux 0.001918 (62 s)
    seed 0 epoch 2130/5000: loss main 2.145e-07 aux 0.001971 (62 s)
    seed 0 epoch 2140/5000: loss main 1.97e-07 aux 0.001838 (63 s)
    seed 0 epoch 2150/5000: loss main 1.902e-07 aux 0.00177 (63 s)
    seed 0 epoch 2160/5000: loss main 1.911e-07 aux 0.001783 (64 s)
    seed 0 epoch 2170/5000: loss main 2.513e-07 aux 0.00378 (64 s)
    seed 0 epoch 2180/5000: loss main 2.237e-07 aux 0.002092 (64 s)
    seed 0 epoch 2190/5000: loss main 1.991e-07 aux 0.001864 (65 s)
    seed 0 epoch 2200/5000: loss main 2.026e-07 aux 0.001775 (65 s)
    seed 0 epoch 2210/5000: loss main 1.125e-06 aux 0.004412 (65 s)
    seed 0 epoch 2220/5000: loss main 3.083e-07 aux 0.00251 (65 s)
    seed 0 epoch 2230/5000: loss main 2.985e-07 aux 0.002035 (66 s)
    seed 0 epoch 2240/5000: loss main 2.163e-07 aux 0.001844 (66 s)
    seed 0 epoch 2250/5000: loss main 1.911e-07 aux 0.001781 (66 s)
    seed 0 epoch 2260/5000: loss main 1.948e-07 aux 0.00176 (66 s)
    seed 0 epoch 2270/5000: loss main 1.904e-07 aux 0.001732 (67 s)
    seed 0 epoch 2280/5000: loss main 1.889e-07 aux 0.001713 (67 s)
    seed 0 epoch 2290/5000: loss main 1.883e-07 aux 0.001699 (67 s)
    seed 0 epoch 2300/5000: loss main 1.884e-07 aux 0.001688 (68 s)
    seed 0 epoch 2310/5000: loss main 1.882e-07 aux 0.00168 (68 s)
    seed 0 epoch 2320/5000: loss main 2.124e-07 aux 0.001988 (68 s)
    seed 0 epoch 2330/5000: loss main 2.36e-07 aux 0.002 (68 s)
    seed 0 epoch 2340/5000: loss main 2.097e-07 aux 0.001769 (69 s)
    seed 0 epoch 2350/5000: loss main 2.034e-07 aux 0.00172 (69 s)
    seed 0 epoch 2360/5000: loss main 1.956e-07 aux 0.001668 (69 s)
    seed 0 epoch 2370/5000: loss main 2.209e-07 aux 0.001787 (70 s)
    seed 0 epoch 2380/5000: loss main 4.697e-07 aux 0.003252 (70 s)
    seed 0 epoch 2390/5000: loss main 3.392e-07 aux 0.002588 (70 s)
    seed 0 epoch 2400/5000: loss main 2.887e-07 aux 0.002167 (70 s)
    seed 0 epoch 2410/5000: loss main 2.079e-07 aux 0.001905 (71 s)
    seed 0 epoch 2420/5000: loss main 2.02e-07 aux 0.001749 (71 s)
    seed 0 epoch 2430/5000: loss main 1.888e-07 aux 0.001695 (71 s)
    seed 0 epoch 2440/5000: loss main 1.882e-07 aux 0.001666 (71 s)
    seed 0 epoch 2450/5000: loss main 1.883e-07 aux 0.001647 (72 s)
    seed 0 epoch 2460/5000: loss main 1.877e-07 aux 0.001632 (72 s)
    seed 0 epoch 2470/5000: loss main 1.894e-07 aux 0.001635 (72 s)
    seed 0 epoch 2480/5000: loss main 2.7e-07 aux 0.001989 (73 s)
    seed 0 epoch 2490/5000: loss main 1.936e-07 aux 0.00168 (73 s)
    seed 0 epoch 2500/5000: loss main 1.922e-07 aux 0.001661 (73 s)
    seed 0 epoch 2510/5000: loss main 1.876e-07 aux 0.001601 (73 s)
    seed 0 epoch 2520/5000: loss main 1.869e-07 aux 0.00159 (74 s)
    seed 0 epoch 2530/5000: loss main 1.88e-07 aux 0.001581 (74 s)
    seed 0 epoch 2540/5000: loss main 4.102e-07 aux 0.002898 (74 s)
    seed 0 epoch 2550/5000: loss main 2.905e-07 aux 0.002066 (74 s)
    seed 0 epoch 2560/5000: loss main 1.984e-07 aux 0.001718 (75 s)
    seed 0 epoch 2570/5000: loss main 1.929e-07 aux 0.001613 (75 s)
    seed 0 epoch 2580/5000: loss main 1.869e-07 aux 0.001568 (75 s)
    seed 0 epoch 2590/5000: loss main 1.872e-07 aux 0.001559 (76 s)
    seed 0 epoch 2600/5000: loss main 1.862e-07 aux 0.001538 (76 s)
    seed 0 epoch 2610/5000: loss main 1.925e-07 aux 0.001543 (76 s)
    seed 0 epoch 2620/5000: loss main 6.537e-07 aux 0.003069 (76 s)
    seed 0 epoch 2630/5000: loss main 2.538e-07 aux 0.001772 (77 s)
    seed 0 epoch 2640/5000: loss main 2.026e-07 aux 0.001671 (77 s)
    seed 0 epoch 2650/5000: loss main 2.044e-07 aux 0.001584 (77 s)
    seed 0 epoch 2660/5000: loss main 1.852e-07 aux 0.001514 (77 s)
    seed 0 epoch 2670/5000: loss main 1.869e-07 aux 0.001513 (78 s)
    seed 0 epoch 2680/5000: loss main 2.038e-07 aux 0.001565 (78 s)
    seed 0 epoch 2690/5000: loss main 6.348e-07 aux 0.003713 (78 s)
    seed 0 epoch 2700/5000: loss main 1.975e-07 aux 0.001723 (79 s)
    seed 0 epoch 2710/5000: loss main 2.11e-07 aux 0.001699 (79 s)
    seed 0 epoch 2720/5000: loss main 1.882e-07 aux 0.001513 (79 s)
    seed 0 epoch 2730/5000: loss main 1.883e-07 aux 0.001517 (79 s)
    seed 0 epoch 2740/5000: loss main 1.862e-07 aux 0.001485 (80 s)
    seed 0 epoch 2750/5000: loss main 1.854e-07 aux 0.00147 (80 s)
    seed 0 epoch 2760/5000: loss main 1.849e-07 aux 0.001458 (80 s)
    seed 0 epoch 2770/5000: loss main 1.856e-07 aux 0.001481 (81 s)
    seed 0 epoch 2780/5000: loss main 2.358e-07 aux 0.002149 (81 s)
    seed 0 epoch 2790/5000: loss main 2.593e-07 aux 0.001935 (81 s)
    seed 0 epoch 2800/5000: loss main 2.244e-07 aux 0.001713 (81 s)
    seed 0 epoch 2810/5000: loss main 1.971e-07 aux 0.001531 (82 s)
    seed 0 epoch 2820/5000: loss main 1.922e-07 aux 0.001467 (82 s)
    seed 0 epoch 2830/5000: loss main 1.862e-07 aux 0.001437 (82 s)
    seed 0 epoch 2840/5000: loss main 1.84e-07 aux 0.001422 (83 s)
    seed 0 epoch 2850/5000: loss main 2.139e-07 aux 0.001484 (83 s)
    seed 0 epoch 2860/5000: loss main 2.275e-07 aux 0.002172 (83 s)
    seed 0 epoch 2870/5000: loss main 2.894e-07 aux 0.002552 (83 s)
    seed 0 epoch 2880/5000: loss main 2.133e-07 aux 0.001949 (84 s)
    seed 0 epoch 2890/5000: loss main 1.874e-07 aux 0.001605 (84 s)
    seed 0 epoch 2900/5000: loss main 1.868e-07 aux 0.001502 (84 s)
    seed 0 epoch 2910/5000: loss main 1.908e-07 aux 0.001456 (85 s)
    seed 0 epoch 2920/5000: loss main 1.846e-07 aux 0.001428 (85 s)
    seed 0 epoch 2930/5000: loss main 1.845e-07 aux 0.001413 (85 s)
    seed 0 epoch 2940/5000: loss main 1.845e-07 aux 0.0014 (85 s)
    seed 0 epoch 2950/5000: loss main 1.84e-07 aux 0.001389 (86 s)
    seed 0 epoch 2960/5000: loss main 1.84e-07 aux 0.001378 (86 s)
    seed 0 epoch 2970/5000: loss main 1.839e-07 aux 0.001369 (86 s)
    seed 0 epoch 2980/5000: loss main 1.839e-07 aux 0.00136 (87 s)
    seed 0 epoch 2990/5000: loss main 1.846e-07 aux 0.001357 (87 s)
    seed 0 epoch 3000/5000: loss main 3.002e-07 aux 0.004549 (87 s)
    seed 0 epoch 3010/5000: loss main 2.015e-07 aux 0.001513 (87 s)
    seed 0 epoch 3020/5000: loss main 1.923e-07 aux 0.001427 (88 s)
    seed 0 epoch 3030/5000: loss main 1.918e-07 aux 0.001449 (88 s)
    seed 0 epoch 3040/5000: loss main 1.859e-07 aux 0.001374 (88 s)
    seed 0 epoch 3050/5000: loss main 1.842e-07 aux 0.001348 (89 s)
    seed 0 epoch 3060/5000: loss main 1.848e-07 aux 0.001332 (89 s)
    seed 0 epoch 3070/5000: loss main 1.838e-07 aux 0.001319 (89 s)
    seed 0 epoch 3080/5000: loss main 1.873e-07 aux 0.001334 (89 s)
    seed 0 epoch 3090/5000: loss main 2.418e-07 aux 0.001762 (90 s)
    seed 0 epoch 3100/5000: loss main 1.989e-07 aux 0.001567 (90 s)
    seed 0 epoch 3110/5000: loss main 1.923e-07 aux 0.001371 (90 s)
    seed 0 epoch 3120/5000: loss main 1.889e-07 aux 0.001352 (90 s)
    seed 0 epoch 3130/5000: loss main 1.97e-07 aux 0.001334 (91 s)
    seed 0 epoch 3140/5000: loss main 1.021e-06 aux 0.004804 (91 s)
    seed 0 epoch 3150/5000: loss main 3.438e-07 aux 0.001782 (91 s)
    seed 0 epoch 3160/5000: loss main 2.297e-07 aux 0.001487 (92 s)
    seed 0 epoch 3170/5000: loss main 1.867e-07 aux 0.001413 (92 s)
    seed 0 epoch 3180/5000: loss main 1.848e-07 aux 0.001301 (92 s)
    seed 0 epoch 3190/5000: loss main 1.88e-07 aux 0.001285 (92 s)
    seed 0 epoch 3200/5000: loss main 1.844e-07 aux 0.00127 (93 s)
    seed 0 epoch 3210/5000: loss main 1.832e-07 aux 0.001256 (93 s)
    seed 0 epoch 3220/5000: loss main 1.832e-07 aux 0.001247 (93 s)
    seed 0 epoch 3230/5000: loss main 1.83e-07 aux 0.001238 (94 s)
    seed 0 epoch 3240/5000: loss main 1.945e-07 aux 0.001261 (94 s)
    seed 0 epoch 3250/5000: loss main 1.154e-06 aux 0.005488 (94 s)
    seed 0 epoch 3260/5000: loss main 2.134e-07 aux 0.001595 (95 s)
    seed 0 epoch 3270/5000: loss main 1.875e-07 aux 0.001356 (95 s)
    seed 0 epoch 3280/5000: loss main 2.003e-07 aux 0.001377 (95 s)
    seed 0 epoch 3290/5000: loss main 1.86e-07 aux 0.001265 (95 s)
    seed 0 epoch 3300/5000: loss main 1.839e-07 aux 0.001246 (96 s)
    seed 0 epoch 3310/5000: loss main 1.841e-07 aux 0.00123 (96 s)
    seed 0 epoch 3320/5000: loss main 1.842e-07 aux 0.001214 (96 s)
    seed 0 epoch 3330/5000: loss main 1.831e-07 aux 0.001203 (97 s)
    seed 0 epoch 3340/5000: loss main 1.831e-07 aux 0.001193 (97 s)
    seed 0 epoch 3350/5000: loss main 1.828e-07 aux 0.001185 (97 s)
    seed 0 epoch 3360/5000: loss main 1.867e-07 aux 0.001224 (97 s)
    seed 0 epoch 3370/5000: loss main 5.856e-07 aux 0.005161 (98 s)
    seed 0 epoch 3380/5000: loss main 2.08e-07 aux 0.002159 (98 s)
    seed 0 epoch 3390/5000: loss main 2.318e-07 aux 0.001486 (98 s)
    seed 0 epoch 3400/5000: loss main 2.414e-07 aux 0.001323 (99 s)
    seed 0 epoch 3410/5000: loss main 2.036e-07 aux 0.001262 (99 s)
    seed 0 epoch 3420/5000: loss main 1.904e-07 aux 0.001205 (99 s)
    seed 0 epoch 3430/5000: loss main 1.867e-07 aux 0.001185 (100 s)
    seed 0 epoch 3440/5000: loss main 1.825e-07 aux 0.001169 (100 s)
    seed 0 epoch 3450/5000: loss main 1.827e-07 aux 0.001158 (100 s)
    seed 0 epoch 3460/5000: loss main 1.826e-07 aux 0.001148 (100 s)
    seed 0 epoch 3470/5000: loss main 1.843e-07 aux 0.001143 (101 s)
    seed 0 epoch 3480/5000: loss main 7.475e-07 aux 0.002747 (101 s)
    seed 0 epoch 3490/5000: loss main 2.204e-07 aux 0.001495 (101 s)
    seed 0 epoch 3500/5000: loss main 2.021e-07 aux 0.001596 (102 s)
    seed 0 epoch 3510/5000: loss main 2.148e-07 aux 0.001355 (102 s)
    seed 0 epoch 3520/5000: loss main 1.908e-07 aux 0.001202 (102 s)
    seed 0 epoch 3530/5000: loss main 1.833e-07 aux 0.001153 (102 s)
    seed 0 epoch 3540/5000: loss main 1.846e-07 aux 0.001146 (103 s)
    seed 0 epoch 3550/5000: loss main 1.832e-07 aux 0.001123 (103 s)
    seed 0 epoch 3560/5000: loss main 1.828e-07 aux 0.001114 (103 s)
    seed 0 epoch 3570/5000: loss main 1.826e-07 aux 0.001104 (104 s)
    seed 0 epoch 3580/5000: loss main 1.824e-07 aux 0.001095 (104 s)
    seed 0 epoch 3590/5000: loss main 1.824e-07 aux 0.001087 (104 s)
    seed 0 epoch 3600/5000: loss main 1.846e-07 aux 0.0011 (105 s)
    seed 0 epoch 3610/5000: loss main 5.453e-07 aux 0.004565 (105 s)
    seed 0 epoch 3620/5000: loss main 2.332e-07 aux 0.001837 (105 s)
    seed 0 epoch 3630/5000: loss main 2.154e-07 aux 0.001426 (106 s)
    seed 0 epoch 3640/5000: loss main 1.879e-07 aux 0.001166 (106 s)
    seed 0 epoch 3650/5000: loss main 1.877e-07 aux 0.001134 (106 s)
    seed 0 epoch 3660/5000: loss main 1.884e-07 aux 0.001088 (107 s)
    seed 0 epoch 3670/5000: loss main 1.829e-07 aux 0.001068 (107 s)
    seed 0 epoch 3680/5000: loss main 1.824e-07 aux 0.001059 (107 s)
    seed 0 epoch 3690/5000: loss main 1.827e-07 aux 0.001049 (108 s)
    seed 0 epoch 3700/5000: loss main 1.857e-07 aux 0.001053 (108 s)
    seed 0 epoch 3710/5000: loss main 8.768e-07 aux 0.00439 (109 s)
    seed 0 epoch 3720/5000: loss main 1.963e-07 aux 0.001371 (109 s)
    seed 0 epoch 3730/5000: loss main 2.557e-07 aux 0.001347 (109 s)
    seed 0 epoch 3740/5000: loss main 1.907e-07 aux 0.001127 (110 s)
    seed 0 epoch 3750/5000: loss main 1.84e-07 aux 0.001081 (110 s)
    seed 0 epoch 3760/5000: loss main 1.839e-07 aux 0.001047 (110 s)
    seed 0 epoch 3770/5000: loss main 1.829e-07 aux 0.001032 (110 s)
    seed 0 epoch 3780/5000: loss main 1.823e-07 aux 0.001019 (111 s)
    seed 0 epoch 3790/5000: loss main 1.821e-07 aux 0.00101 (111 s)
    seed 0 epoch 3800/5000: loss main 1.821e-07 aux 0.001004 (111 s)
    seed 0 epoch 3810/5000: loss main 2.489e-07 aux 0.001665 (112 s)
    seed 0 epoch 3820/5000: loss main 1.862e-07 aux 0.001057 (112 s)
    seed 0 epoch 3830/5000: loss main 2.019e-07 aux 0.001101 (113 s)
    seed 0 epoch 3840/5000: loss main 1.972e-07 aux 0.001037 (113 s)
    seed 0 epoch 3850/5000: loss main 1.835e-07 aux 0.000993 (113 s)
    seed 0 epoch 3860/5000: loss main 2.045e-07 aux 0.001036 (114 s)
    seed 0 epoch 3870/5000: loss main 7.673e-07 aux 0.003548 (114 s)
    seed 0 epoch 3880/5000: loss main 2.246e-07 aux 0.001257 (114 s)
    seed 0 epoch 3890/5000: loss main 1.874e-07 aux 0.00107 (114 s)
    seed 0 epoch 3900/5000: loss main 1.857e-07 aux 0.001015 (115 s)
    seed 0 epoch 3910/5000: loss main 1.91e-07 aux 0.001008 (115 s)
    seed 0 epoch 3920/5000: loss main 1.823e-07 aux 0.0009737 (115 s)
    seed 0 epoch 3930/5000: loss main 1.825e-07 aux 0.000963 (116 s)
    seed 0 epoch 3940/5000: loss main 1.822e-07 aux 0.000953 (116 s)
    seed 0 epoch 3950/5000: loss main 1.821e-07 aux 0.0009448 (116 s)
    seed 0 epoch 3960/5000: loss main 1.82e-07 aux 0.0009371 (116 s)
    seed 0 epoch 3970/5000: loss main 1.82e-07 aux 0.0009302 (117 s)
    seed 0 epoch 3980/5000: loss main 1.946e-07 aux 0.001135 (117 s)
    seed 0 epoch 3990/5000: loss main 2.122e-07 aux 0.002128 (117 s)
    seed 0 epoch 4000/5000: loss main 1.997e-07 aux 0.001129 (118 s)
    seed 0 epoch 4010/5000: loss main 1.855e-07 aux 0.001018 (118 s)
    seed 0 epoch 4020/5000: loss main 1.876e-07 aux 0.0009636 (118 s)
    seed 0 epoch 4030/5000: loss main 1.824e-07 aux 0.0009212 (119 s)
    seed 0 epoch 4040/5000: loss main 1.822e-07 aux 0.0009108 (119 s)
    seed 0 epoch 4050/5000: loss main 1.829e-07 aux 0.0009035 (119 s)
    seed 0 epoch 4060/5000: loss main 2.151e-07 aux 0.0009736 (119 s)
    seed 0 epoch 4070/5000: loss main 4.565e-07 aux 0.002075 (120 s)
    seed 0 epoch 4080/5000: loss main 2.155e-07 aux 0.001273 (120 s)
    seed 0 epoch 4090/5000: loss main 1.942e-07 aux 0.001073 (120 s)
    seed 0 epoch 4100/5000: loss main 1.975e-07 aux 0.0009745 (121 s)
    seed 0 epoch 4110/5000: loss main 1.928e-07 aux 0.0009301 (121 s)
    seed 0 epoch 4120/5000: loss main 1.822e-07 aux 0.0008978 (121 s)
    seed 0 epoch 4130/5000: loss main 1.824e-07 aux 0.0008818 (122 s)
    seed 0 epoch 4140/5000: loss main 1.82e-07 aux 0.0008717 (122 s)
    seed 0 epoch 4150/5000: loss main 1.82e-07 aux 0.0008636 (123 s)
    seed 0 epoch 4160/5000: loss main 1.817e-07 aux 0.0008598 (123 s)
    seed 0 epoch 4170/5000: loss main 2.157e-07 aux 0.002075 (123 s)
    seed 0 epoch 4180/5000: loss main 2.11e-07 aux 0.001122 (123 s)
    seed 0 epoch 4190/5000: loss main 1.859e-07 aux 0.0009639 (124 s)
    seed 0 epoch 4200/5000: loss main 1.912e-07 aux 0.000918 (124 s)
    seed 0 epoch 4210/5000: loss main 1.832e-07 aux 0.0008651 (124 s)
    seed 0 epoch 4220/5000: loss main 1.825e-07 aux 0.0008459 (125 s)
    seed 0 epoch 4230/5000: loss main 2.047e-07 aux 0.0008884 (125 s)
    seed 0 epoch 4240/5000: loss main 1.132e-06 aux 0.003792 (125 s)
    seed 0 epoch 4250/5000: loss main 2.586e-07 aux 0.001483 (126 s)
    seed 0 epoch 4260/5000: loss main 1.914e-07 aux 0.0009397 (126 s)
    seed 0 epoch 4270/5000: loss main 1.891e-07 aux 0.0009185 (126 s)
    seed 0 epoch 4280/5000: loss main 1.822e-07 aux 0.0008432 (126 s)
    seed 0 epoch 4290/5000: loss main 1.812e-07 aux 0.0008305 (127 s)
    seed 0 epoch 4300/5000: loss main 1.819e-07 aux 0.0008215 (127 s)
    seed 0 epoch 4310/5000: loss main 1.814e-07 aux 0.000814 (127 s)
    seed 0 epoch 4320/5000: loss main 1.816e-07 aux 0.0008101 (128 s)
    seed 0 epoch 4330/5000: loss main 2.181e-07 aux 0.001618 (128 s)
    seed 0 epoch 4340/5000: loss main 1.913e-07 aux 0.001136 (128 s)
    seed 0 epoch 4350/5000: loss main 2.048e-07 aux 0.0009637 (128 s)
    seed 0 epoch 4360/5000: loss main 1.836e-07 aux 0.0008439 (129 s)
    seed 0 epoch 4370/5000: loss main 1.821e-07 aux 0.000814 (129 s)
    seed 0 epoch 4380/5000: loss main 1.823e-07 aux 0.0007911 (129 s)
    seed 0 epoch 4390/5000: loss main 1.825e-07 aux 0.000786 (130 s)
    seed 0 epoch 4400/5000: loss main 3.908e-07 aux 0.00157 (130 s)
    seed 0 epoch 4410/5000: loss main 3.808e-07 aux 0.001934 (130 s)
    seed 0 epoch 4420/5000: loss main 2.067e-07 aux 0.00108 (131 s)
    seed 0 epoch 4430/5000: loss main 1.849e-07 aux 0.0008718 (131 s)
    seed 0 epoch 4440/5000: loss main 1.982e-07 aux 0.0008389 (131 s)
    seed 0 epoch 4450/5000: loss main 1.87e-07 aux 0.0008036 (132 s)
    seed 0 epoch 4460/5000: loss main 1.816e-07 aux 0.0007848 (132 s)
    seed 0 epoch 4470/5000: loss main 1.817e-07 aux 0.0007719 (132 s)
    seed 0 epoch 4480/5000: loss main 1.815e-07 aux 0.0007639 (132 s)
    seed 0 epoch 4490/5000: loss main 1.811e-07 aux 0.0007569 (133 s)
    seed 0 epoch 4500/5000: loss main 1.811e-07 aux 0.000751 (133 s)
    seed 0 epoch 4510/5000: loss main 1.815e-07 aux 0.0007507 (133 s)
    seed 0 epoch 4520/5000: loss main 4.07e-07 aux 0.003877 (134 s)
    seed 0 epoch 4530/5000: loss main 2.587e-07 aux 0.001516 (134 s)
    seed 0 epoch 4540/5000: loss main 1.924e-07 aux 0.001105 (134 s)
    seed 0 epoch 4550/5000: loss main 1.968e-07 aux 0.0008766 (135 s)
    seed 0 epoch 4560/5000: loss main 1.828e-07 aux 0.000796 (135 s)
    seed 0 epoch 4570/5000: loss main 1.819e-07 aux 0.0007599 (135 s)
    seed 0 epoch 4580/5000: loss main 1.812e-07 aux 0.0007452 (136 s)
    seed 0 epoch 4590/5000: loss main 1.807e-07 aux 0.0007355 (136 s)
    seed 0 epoch 4600/5000: loss main 1.958e-07 aux 0.0008643 (136 s)
    seed 0 epoch 4610/5000: loss main 2.778e-07 aux 0.001347 (137 s)
    seed 0 epoch 4620/5000: loss main 2.074e-07 aux 0.0008809 (137 s)
    seed 0 epoch 4630/5000: loss main 1.835e-07 aux 0.0008005 (137 s)
    seed 0 epoch 4640/5000: loss main 1.859e-07 aux 0.0007529 (138 s)
    seed 0 epoch 4650/5000: loss main 1.842e-07 aux 0.0007284 (138 s)
    seed 0 epoch 4660/5000: loss main 1.829e-07 aux 0.0007189 (138 s)
    seed 0 epoch 4670/5000: loss main 1.893e-07 aux 0.0007269 (139 s)
    seed 0 epoch 4680/5000: loss main 8.8e-07 aux 0.002479 (139 s)
    seed 0 epoch 4690/5000: loss main 1.847e-07 aux 0.0007462 (139 s)
    seed 0 epoch 4700/5000: loss main 2.275e-07 aux 0.0008749 (140 s)
    seed 0 epoch 4710/5000: loss main 1.996e-07 aux 0.0007753 (140 s)
    seed 0 epoch 4720/5000: loss main 1.832e-07 aux 0.0007182 (140 s)
    seed 0 epoch 4730/5000: loss main 1.821e-07 aux 0.0007045 (141 s)
    seed 0 epoch 4740/5000: loss main 1.818e-07 aux 0.0006969 (141 s)
    seed 0 epoch 4750/5000: loss main 1.811e-07 aux 0.0006875 (141 s)
    seed 0 epoch 4760/5000: loss main 1.808e-07 aux 0.0006821 (142 s)
    seed 0 epoch 4770/5000: loss main 1.812e-07 aux 0.0006836 (142 s)
    seed 0 epoch 4780/5000: loss main 2.11e-07 aux 0.002123 (142 s)
    seed 0 epoch 4790/5000: loss main 1.885e-07 aux 0.0008874 (143 s)
    seed 0 epoch 4800/5000: loss main 1.948e-07 aux 0.0007828 (143 s)
    seed 0 epoch 4810/5000: loss main 1.852e-07 aux 0.0007242 (144 s)
    seed 0 epoch 4820/5000: loss main 1.818e-07 aux 0.0006891 (144 s)
    seed 0 epoch 4830/5000: loss main 1.842e-07 aux 0.000676 (144 s)
    seed 0 epoch 4840/5000: loss main 2.779e-07 aux 0.0009317 (145 s)
    seed 0 epoch 4850/5000: loss main 3.863e-07 aux 0.001444 (145 s)
    seed 0 epoch 4860/5000: loss main 2.077e-07 aux 0.0009302 (145 s)
    seed 0 epoch 4870/5000: loss main 2.098e-07 aux 0.0007878 (146 s)
    seed 0 epoch 4880/5000: loss main 1.828e-07 aux 0.0007041 (146 s)
    seed 0 epoch 4890/5000: loss main 1.848e-07 aux 0.0006804 (146 s)
    seed 0 epoch 4900/5000: loss main 1.822e-07 aux 0.0006654 (147 s)
    seed 0 epoch 4910/5000: loss main 1.806e-07 aux 0.0006575 (147 s)
    seed 0 epoch 4920/5000: loss main 1.805e-07 aux 0.0006519 (147 s)
    seed 0 epoch 4930/5000: loss main 1.805e-07 aux 0.0006472 (147 s)
    seed 0 epoch 4940/5000: loss main 1.804e-07 aux 0.0006424 (148 s)
    seed 0 epoch 4950/5000: loss main 1.812e-07 aux 0.0006449 (148 s)
    seed 0 epoch 4960/5000: loss main 4.558e-07 aux 0.002227 (148 s)
    seed 0 epoch 4970/5000: loss main 1.942e-07 aux 0.0007998 (149 s)
    seed 0 epoch 4980/5000: loss main 1.939e-07 aux 0.0007881 (149 s)
    seed 0 epoch 4990/5000: loss main 1.851e-07 aux 0.0006969 (149 s)
    seed 0 epoch 5000/5000: loss main 1.835e-07 aux 0.00065 (150 s)
  n=1 seed 0 (a): ring couplings 1.73 vs zero 4.26 (ratio 0.41) | corrected ω 3.20 (zero 23.54) | ΔH residual ratio 0.276
  n=1 seed 0 (b): ring couplings 1.73 vs zero 4.26 (ratio 0.41) | corrected ω 3.20 (zero 23.54) | ΔH residual ratio 0.276
wrote out/E7_rungC_lever1_overfit_naphthalene_2026-10-01.json/.md in 182 s
=== H5 overfit naphthalene done Thu Oct  1 09:08:54 WEDT 2026
analytic second-route Hessians substituted for 27 molecules
799 molecules; pool 1; hold-out (a) 1, (b) 1 (['fluoranthene', 'fluorene']); sizes [1]; seeds [0]; epochs 5000; threads 8; model 171,554 parameters, sum aggregation
  rung B's 66 pair features added to the hybrid head (standardised on the fit molecules)
  hybrid head: 303,618 parameters; F_low input scales 0.0345, 0.243, 0.0967; SQM α per class on
  fresh sum body pre-flight: worst |output| 12.1 on the training molecules
  internal term on the pair model's pattern; class scales diag_bond 0.0104, diag_angle 0.00215, diag_dihedral 0.00104, diag_other 0.00104, off_bondbond 0.00356, off_other 0.00104, off_twobond 0.00104
    seed 0 epoch 1/5000: loss main 1.321e-05 aux 0.1128 (0 s)
    seed 0 epoch 10/5000: loss main 3.944e-06 aux 0.0763 (0 s)
    seed 0 epoch 20/5000: loss main 1.236e-06 aux 0.0692 (1 s)
    seed 0 epoch 30/5000: loss main 1.018e-06 aux 0.06576 (1 s)
    seed 0 epoch 40/5000: loss main 1.323e-06 aux 0.06264 (1 s)
    seed 0 epoch 50/5000: loss main 1.473e-06 aux 0.0604 (2 s)
    seed 0 epoch 60/5000: loss main 1.406e-06 aux 0.05952 (2 s)
    seed 0 epoch 70/5000: loss main 1.306e-06 aux 0.05888 (2 s)
    seed 0 epoch 80/5000: loss main 1.198e-06 aux 0.0582 (3 s)
    seed 0 epoch 90/5000: loss main 1.152e-06 aux 0.05749 (3 s)
    seed 0 epoch 100/5000: loss main 1.186e-06 aux 0.05667 (3 s)
    seed 0 epoch 110/5000: loss main 8.949e-07 aux 0.05614 (4 s)
    seed 0 epoch 120/5000: loss main 8.467e-07 aux 0.05508 (4 s)
    seed 0 epoch 130/5000: loss main 7.584e-07 aux 0.05405 (5 s)
    seed 0 epoch 140/5000: loss main 6.756e-07 aux 0.05302 (5 s)
    seed 0 epoch 150/5000: loss main 6.96e-07 aux 0.05171 (5 s)
    seed 0 epoch 160/5000: loss main 7.57e-07 aux 0.05166 (6 s)
    seed 0 epoch 170/5000: loss main 8.39e-07 aux 0.04936 (6 s)
    seed 0 epoch 180/5000: loss main 1.145e-06 aux 0.04884 (6 s)
    seed 0 epoch 190/5000: loss main 8.638e-07 aux 0.04729 (7 s)
    seed 0 epoch 200/5000: loss main 6.246e-07 aux 0.04687 (7 s)
    seed 0 epoch 210/5000: loss main 8.968e-07 aux 0.04512 (7 s)
    seed 0 epoch 220/5000: loss main 9.267e-07 aux 0.04361 (8 s)
    seed 0 epoch 230/5000: loss main 1.153e-06 aux 0.04625 (8 s)
    seed 0 epoch 240/5000: loss main 6.078e-07 aux 0.04005 (8 s)
    seed 0 epoch 250/5000: loss main 6.635e-07 aux 0.03601 (9 s)
    seed 0 epoch 260/5000: loss main 6.885e-07 aux 0.0382 (9 s)
    seed 0 epoch 270/5000: loss main 5.826e-07 aux 0.03219 (9 s)
    seed 0 epoch 280/5000: loss main 6.104e-07 aux 0.02899 (10 s)
    seed 0 epoch 290/5000: loss main 5.795e-07 aux 0.02641 (10 s)
    seed 0 epoch 300/5000: loss main 6.03e-07 aux 0.02966 (10 s)
    seed 0 epoch 310/5000: loss main 5.443e-07 aux 0.02239 (11 s)
    seed 0 epoch 320/5000: loss main 5.703e-07 aux 0.02068 (11 s)
    seed 0 epoch 330/5000: loss main 5.447e-07 aux 0.02037 (11 s)
    seed 0 epoch 340/5000: loss main 6.506e-07 aux 0.02032 (12 s)
    seed 0 epoch 350/5000: loss main 4.334e-07 aux 0.01836 (12 s)
    seed 0 epoch 360/5000: loss main 4.258e-07 aux 0.01531 (12 s)
    seed 0 epoch 370/5000: loss main 3.821e-07 aux 0.01403 (13 s)
    seed 0 epoch 380/5000: loss main 2.344e-06 aux 0.0668 (13 s)
    seed 0 epoch 390/5000: loss main 6.353e-07 aux 0.02285 (14 s)
    seed 0 epoch 400/5000: loss main 4.609e-07 aux 0.01691 (14 s)
    seed 0 epoch 410/5000: loss main 4.192e-07 aux 0.01481 (14 s)
    seed 0 epoch 420/5000: loss main 4.126e-07 aux 0.01287 (15 s)
    seed 0 epoch 430/5000: loss main 5.541e-07 aux 0.0118 (15 s)
    seed 0 epoch 440/5000: loss main 3.521e-07 aux 0.01095 (15 s)
    seed 0 epoch 450/5000: loss main 3.511e-07 aux 0.01034 (16 s)
    seed 0 epoch 460/5000: loss main 3.482e-07 aux 0.009812 (16 s)
    seed 0 epoch 470/5000: loss main 3.405e-07 aux 0.009343 (16 s)
    seed 0 epoch 480/5000: loss main 3.361e-07 aux 0.008909 (17 s)
    seed 0 epoch 490/5000: loss main 3.378e-07 aux 0.008497 (17 s)
    seed 0 epoch 500/5000: loss main 3.346e-07 aux 0.008098 (17 s)
    seed 0 epoch 510/5000: loss main 3.317e-07 aux 0.007718 (18 s)
    seed 0 epoch 520/5000: loss main 3.32e-07 aux 0.01089 (18 s)
    seed 0 epoch 530/5000: loss main 2.946e-07 aux 0.008948 (18 s)
    seed 0 epoch 540/5000: loss main 3.16e-07 aux 0.008131 (19 s)
    seed 0 epoch 550/5000: loss main 3.025e-07 aux 0.0072 (19 s)
    seed 0 epoch 560/5000: loss main 2.875e-07 aux 0.006695 (19 s)
    seed 0 epoch 570/5000: loss main 2.792e-07 aux 0.006379 (20 s)
    seed 0 epoch 580/5000: loss main 2.775e-07 aux 0.006095 (20 s)
    seed 0 epoch 590/5000: loss main 2.682e-07 aux 0.005822 (20 s)
    seed 0 epoch 600/5000: loss main 2.621e-07 aux 0.005556 (21 s)
    seed 0 epoch 610/5000: loss main 8.549e-07 aux 0.01673 (21 s)
    seed 0 epoch 620/5000: loss main 3.261e-07 aux 0.00754 (21 s)
    seed 0 epoch 630/5000: loss main 2.832e-07 aux 0.005957 (22 s)
    seed 0 epoch 640/5000: loss main 2.59e-07 aux 0.005099 (22 s)
    seed 0 epoch 650/5000: loss main 2.548e-07 aux 0.004838 (22 s)
    seed 0 epoch 660/5000: loss main 2.37e-07 aux 0.004543 (23 s)
    seed 0 epoch 670/5000: loss main 2.319e-07 aux 0.004295 (23 s)
    seed 0 epoch 680/5000: loss main 2.356e-07 aux 0.004355 (23 s)
    seed 0 epoch 690/5000: loss main 4.213e-07 aux 0.01362 (24 s)
    seed 0 epoch 700/5000: loss main 2.74e-07 aux 0.00568 (24 s)
    seed 0 epoch 710/5000: loss main 3.62e-07 aux 0.004803 (25 s)
    seed 0 epoch 720/5000: loss main 2.414e-07 aux 0.004162 (25 s)
    seed 0 epoch 730/5000: loss main 2.334e-07 aux 0.003825 (25 s)
    seed 0 epoch 740/5000: loss main 2.158e-07 aux 0.00359 (26 s)
    seed 0 epoch 750/5000: loss main 2.137e-07 aux 0.003392 (26 s)
    seed 0 epoch 760/5000: loss main 2.102e-07 aux 0.003238 (26 s)
    seed 0 epoch 770/5000: loss main 2.076e-07 aux 0.003096 (27 s)
    seed 0 epoch 780/5000: loss main 2.099e-07 aux 0.003047 (27 s)
    seed 0 epoch 790/5000: loss main 6.152e-07 aux 0.008421 (28 s)
    seed 0 epoch 800/5000: loss main 5.542e-07 aux 0.00476 (28 s)
    seed 0 epoch 810/5000: loss main 2.446e-07 aux 0.00354 (28 s)
    seed 0 epoch 820/5000: loss main 2.049e-07 aux 0.002857 (29 s)
    seed 0 epoch 830/5000: loss main 2.04e-07 aux 0.002749 (29 s)
    seed 0 epoch 840/5000: loss main 1.967e-07 aux 0.002586 (29 s)
    seed 0 epoch 850/5000: loss main 1.953e-07 aux 0.002467 (30 s)
    seed 0 epoch 860/5000: loss main 1.931e-07 aux 0.002372 (30 s)
    seed 0 epoch 870/5000: loss main 1.91e-07 aux 0.002282 (30 s)
    seed 0 epoch 880/5000: loss main 1.892e-07 aux 0.002197 (31 s)
    seed 0 epoch 890/5000: loss main 1.874e-07 aux 0.002118 (31 s)
    seed 0 epoch 900/5000: loss main 1.982e-07 aux 0.002234 (32 s)
    seed 0 epoch 910/5000: loss main 4.148e-07 aux 0.005285 (32 s)
    seed 0 epoch 920/5000: loss main 3.039e-07 aux 0.003378 (32 s)
    seed 0 epoch 930/5000: loss main 2.007e-07 aux 0.002448 (33 s)
    seed 0 epoch 940/5000: loss main 1.905e-07 aux 0.002095 (33 s)
    seed 0 epoch 950/5000: loss main 1.832e-07 aux 0.001833 (33 s)
    seed 0 epoch 960/5000: loss main 1.795e-07 aux 0.001773 (34 s)
    seed 0 epoch 970/5000: loss main 1.779e-07 aux 0.001695 (34 s)
    seed 0 epoch 980/5000: loss main 1.772e-07 aux 0.001639 (35 s)
    seed 0 epoch 990/5000: loss main 1.757e-07 aux 0.001585 (35 s)
    seed 0 epoch 1000/5000: loss main 2.919e-07 aux 0.003082 (35 s)
    seed 0 epoch 1010/5000: loss main 1.906e-07 aux 0.001743 (36 s)
    seed 0 epoch 1020/5000: loss main 1.867e-07 aux 0.00168 (36 s)
    seed 0 epoch 1030/5000: loss main 1.907e-07 aux 0.001702 (36 s)
    seed 0 epoch 1040/5000: loss main 1.724e-07 aux 0.001497 (37 s)
    seed 0 epoch 1050/5000: loss main 1.733e-07 aux 0.001423 (37 s)
    seed 0 epoch 1060/5000: loss main 1.705e-07 aux 0.001338 (37 s)
    seed 0 epoch 1070/5000: loss main 1.69e-07 aux 0.001294 (38 s)
    seed 0 epoch 1080/5000: loss main 1.677e-07 aux 0.001247 (38 s)
    seed 0 epoch 1090/5000: loss main 2.192e-07 aux 0.001863 (38 s)
    seed 0 epoch 1100/5000: loss main 3.874e-07 aux 0.003084 (39 s)
    seed 0 epoch 1110/5000: loss main 1.848e-07 aux 0.001325 (39 s)
    seed 0 epoch 1120/5000: loss main 1.801e-07 aux 0.001388 (39 s)
    seed 0 epoch 1130/5000: loss main 1.705e-07 aux 0.001162 (40 s)
    seed 0 epoch 1140/5000: loss main 1.678e-07 aux 0.001119 (40 s)
    seed 0 epoch 1150/5000: loss main 1.629e-07 aux 0.001059 (40 s)
    seed 0 epoch 1160/5000: loss main 1.619e-07 aux 0.001023 (41 s)
    seed 0 epoch 1170/5000: loss main 1.662e-07 aux 0.001048 (41 s)
    seed 0 epoch 1180/5000: loss main 4.006e-07 aux 0.003207 (41 s)
    seed 0 epoch 1190/5000: loss main 1.731e-07 aux 0.001275 (42 s)
    seed 0 epoch 1200/5000: loss main 1.906e-07 aux 0.001094 (42 s)
    seed 0 epoch 1210/5000: loss main 1.832e-07 aux 0.001097 (42 s)
    seed 0 epoch 1220/5000: loss main 1.608e-07 aux 0.0009508 (43 s)
    seed 0 epoch 1230/5000: loss main 1.604e-07 aux 0.0009143 (43 s)
    seed 0 epoch 1240/5000: loss main 1.685e-07 aux 0.001134 (43 s)
    seed 0 epoch 1250/5000: loss main 1.699e-07 aux 0.001348 (44 s)
    seed 0 epoch 1260/5000: loss main 1.608e-07 aux 0.0009476 (44 s)
    seed 0 epoch 1270/5000: loss main 1.585e-07 aux 0.0008538 (44 s)
    seed 0 epoch 1280/5000: loss main 1.617e-07 aux 0.0008887 (45 s)
    seed 0 epoch 1290/5000: loss main 3.373e-07 aux 0.002663 (45 s)
    seed 0 epoch 1300/5000: loss main 1.607e-07 aux 0.0008315 (45 s)
    seed 0 epoch 1310/5000: loss main 1.723e-07 aux 0.0009542 (46 s)
    seed 0 epoch 1320/5000: loss main 1.578e-07 aux 0.0007821 (46 s)
    seed 0 epoch 1330/5000: loss main 1.556e-07 aux 0.0007526 (46 s)
    seed 0 epoch 1340/5000: loss main 1.598e-07 aux 0.0008099 (47 s)
    seed 0 epoch 1350/5000: loss main 3.141e-07 aux 0.002014 (47 s)
    seed 0 epoch 1360/5000: loss main 1.902e-07 aux 0.001234 (47 s)
    seed 0 epoch 1370/5000: loss main 1.582e-07 aux 0.0007344 (48 s)
    seed 0 epoch 1380/5000: loss main 1.643e-07 aux 0.0007761 (48 s)
    seed 0 epoch 1390/5000: loss main 1.565e-07 aux 0.0007058 (49 s)
    seed 0 epoch 1400/5000: loss main 1.6e-07 aux 0.0009271 (49 s)
    seed 0 epoch 1410/5000: loss main 1.953e-07 aux 0.001329 (49 s)
    seed 0 epoch 1420/5000: loss main 1.674e-07 aux 0.0008756 (50 s)
    seed 0 epoch 1430/5000: loss main 1.563e-07 aux 0.0007944 (50 s)
    seed 0 epoch 1440/5000: loss main 1.889e-07 aux 0.0009171 (50 s)
    seed 0 epoch 1450/5000: loss main 1.707e-07 aux 0.001005 (51 s)
    seed 0 epoch 1460/5000: loss main 1.733e-07 aux 0.0008545 (51 s)
    seed 0 epoch 1470/5000: loss main 1.514e-07 aux 0.000658 (51 s)
    seed 0 epoch 1480/5000: loss main 1.5e-07 aux 0.0006247 (52 s)
    seed 0 epoch 1490/5000: loss main 1.506e-07 aux 0.0006053 (52 s)
    seed 0 epoch 1500/5000: loss main 1.569e-07 aux 0.0006541 (52 s)
    seed 0 epoch 1510/5000: loss main 3.2e-07 aux 0.002959 (53 s)
    seed 0 epoch 1520/5000: loss main 2.009e-07 aux 0.001117 (53 s)
    seed 0 epoch 1530/5000: loss main 1.585e-07 aux 0.0006873 (53 s)
    seed 0 epoch 1540/5000: loss main 1.492e-07 aux 0.0005836 (54 s)
    seed 0 epoch 1550/5000: loss main 1.478e-07 aux 0.0005635 (54 s)
    seed 0 epoch 1560/5000: loss main 1.474e-07 aux 0.0005473 (55 s)
    seed 0 epoch 1570/5000: loss main 1.487e-07 aux 0.0005556 (55 s)
    seed 0 epoch 1580/5000: loss main 2.443e-07 aux 0.001299 (55 s)
    seed 0 epoch 1590/5000: loss main 2.787e-07 aux 0.001372 (56 s)
    seed 0 epoch 1600/5000: loss main 1.71e-07 aux 0.0007804 (56 s)
    seed 0 epoch 1610/5000: loss main 1.536e-07 aux 0.0006386 (56 s)
    seed 0 epoch 1620/5000: loss main 1.547e-07 aux 0.0005562 (57 s)
    seed 0 epoch 1630/5000: loss main 1.47e-07 aux 0.0005226 (57 s)
    seed 0 epoch 1640/5000: loss main 1.454e-07 aux 0.0005023 (57 s)
    seed 0 epoch 1650/5000: loss main 1.558e-07 aux 0.0005544 (58 s)
    seed 0 epoch 1660/5000: loss main 2.755e-07 aux 0.002676 (58 s)
    seed 0 epoch 1670/5000: loss main 1.882e-07 aux 0.0009747 (58 s)
    seed 0 epoch 1680/5000: loss main 1.766e-07 aux 0.0007099 (59 s)
    seed 0 epoch 1690/5000: loss main 1.512e-07 aux 0.0005356 (59 s)
    seed 0 epoch 1700/5000: loss main 1.514e-07 aux 0.0005286 (59 s)
    seed 0 epoch 1710/5000: loss main 1.446e-07 aux 0.0004941 (60 s)
    seed 0 epoch 1720/5000: loss main 1.443e-07 aux 0.0004801 (60 s)
    seed 0 epoch 1730/5000: loss main 1.44e-07 aux 0.00047 (60 s)
    seed 0 epoch 1740/5000: loss main 1.498e-07 aux 0.0005035 (61 s)
    seed 0 epoch 1750/5000: loss main 4.109e-07 aux 0.002109 (61 s)
    seed 0 epoch 1760/5000: loss main 1.64e-07 aux 0.0007104 (61 s)
    seed 0 epoch 1770/5000: loss main 1.56e-07 aux 0.0005519 (62 s)
    seed 0 epoch 1780/5000: loss main 1.497e-07 aux 0.0005033 (62 s)
    seed 0 epoch 1790/5000: loss main 1.463e-07 aux 0.0004607 (62 s)
    seed 0 epoch 1800/5000: loss main 1.429e-07 aux 0.000449 (63 s)
    seed 0 epoch 1810/5000: loss main 1.443e-07 aux 0.0004487 (63 s)
    seed 0 epoch 1820/5000: loss main 1.611e-07 aux 0.0005762 (63 s)
    seed 0 epoch 1830/5000: loss main 2.549e-07 aux 0.001224 (64 s)
    seed 0 epoch 1840/5000: loss main 1.768e-07 aux 0.0007333 (64 s)
    seed 0 epoch 1850/5000: loss main 1.428e-07 aux 0.0004416 (64 s)
    seed 0 epoch 1860/5000: loss main 1.525e-07 aux 0.0004906 (65 s)
    seed 0 epoch 1870/5000: loss main 1.46e-07 aux 0.0004556 (65 s)
    seed 0 epoch 1880/5000: loss main 1.433e-07 aux 0.000429 (66 s)
    seed 0 epoch 1890/5000: loss main 1.501e-07 aux 0.0004717 (66 s)
    seed 0 epoch 1900/5000: loss main 2.668e-07 aux 0.0014 (66 s)
    seed 0 epoch 1910/5000: loss main 1.998e-07 aux 0.0008148 (67 s)
    seed 0 epoch 1920/5000: loss main 1.451e-07 aux 0.000464 (67 s)
    seed 0 epoch 1930/5000: loss main 1.411e-07 aux 0.0004072 (67 s)
    seed 0 epoch 1940/5000: loss main 1.441e-07 aux 0.0004322 (68 s)
    seed 0 epoch 1950/5000: loss main 2.964e-07 aux 0.003403 (68 s)
    seed 0 epoch 1960/5000: loss main 7.356e-07 aux 0.005337 (68 s)
    seed 0 epoch 1970/5000: loss main 3.062e-07 aux 0.00273 (69 s)
    seed 0 epoch 1980/5000: loss main 2.405e-07 aux 0.001245 (69 s)
    seed 0 epoch 1990/5000: loss main 2.048e-07 aux 0.001027 (69 s)
    seed 0 epoch 2000/5000: loss main 1.81e-07 aux 0.000662 (70 s)
    seed 0 epoch 2010/5000: loss main 1.509e-07 aux 0.0005495 (70 s)
    seed 0 epoch 2020/5000: loss main 1.506e-07 aux 0.0004926 (71 s)
    seed 0 epoch 2030/5000: loss main 1.428e-07 aux 0.0004581 (71 s)
    seed 0 epoch 2040/5000: loss main 1.42e-07 aux 0.0004382 (71 s)
    seed 0 epoch 2050/5000: loss main 1.411e-07 aux 0.0004256 (72 s)
    seed 0 epoch 2060/5000: loss main 1.406e-07 aux 0.0004162 (72 s)
    seed 0 epoch 2070/5000: loss main 1.403e-07 aux 0.0004086 (72 s)
    seed 0 epoch 2080/5000: loss main 1.401e-07 aux 0.0004022 (73 s)
    seed 0 epoch 2090/5000: loss main 1.398e-07 aux 0.0003965 (73 s)
    seed 0 epoch 2100/5000: loss main 1.396e-07 aux 0.0003915 (74 s)
    seed 0 epoch 2110/5000: loss main 1.394e-07 aux 0.0003868 (74 s)
    seed 0 epoch 2120/5000: loss main 1.392e-07 aux 0.0003825 (74 s)
    seed 0 epoch 2130/5000: loss main 1.39e-07 aux 0.0003785 (75 s)
    seed 0 epoch 2140/5000: loss main 1.39e-07 aux 0.0003757 (75 s)
    seed 0 epoch 2150/5000: loss main 2.18e-07 aux 0.001167 (75 s)
    seed 0 epoch 2160/5000: loss main 2.35e-07 aux 0.001768 (76 s)
    seed 0 epoch 2170/5000: loss main 2.139e-07 aux 0.001246 (76 s)
    seed 0 epoch 2180/5000: loss main 1.984e-07 aux 0.0007132 (76 s)
    seed 0 epoch 2190/5000: loss main 1.472e-07 aux 0.0004642 (77 s)
    seed 0 epoch 2200/5000: loss main 1.411e-07 aux 0.0003918 (77 s)
    seed 0 epoch 2210/5000: loss main 1.392e-07 aux 0.000386 (77 s)
    seed 0 epoch 2220/5000: loss main 1.393e-07 aux 0.0003754 (78 s)
    seed 0 epoch 2230/5000: loss main 1.382e-07 aux 0.000367 (78 s)
    seed 0 epoch 2240/5000: loss main 1.379e-07 aux 0.0003619 (79 s)
    seed 0 epoch 2250/5000: loss main 1.377e-07 aux 0.0003577 (79 s)
    seed 0 epoch 2260/5000: loss main 1.376e-07 aux 0.0003541 (79 s)
    seed 0 epoch 2270/5000: loss main 1.374e-07 aux 0.000351 (80 s)
    seed 0 epoch 2280/5000: loss main 1.373e-07 aux 0.000348 (80 s)
    seed 0 epoch 2290/5000: loss main 1.371e-07 aux 0.0003451 (80 s)
    seed 0 epoch 2300/5000: loss main 1.37e-07 aux 0.0003424 (81 s)
    seed 0 epoch 2310/5000: loss main 1.369e-07 aux 0.0003397 (81 s)
    seed 0 epoch 2320/5000: loss main 1.367e-07 aux 0.0003372 (81 s)
    seed 0 epoch 2330/5000: loss main 1.366e-07 aux 0.0003349 (82 s)
    seed 0 epoch 2340/5000: loss main 1.438e-07 aux 0.0003759 (82 s)
    seed 0 epoch 2350/5000: loss main 4.947e-07 aux 0.00259 (83 s)
    seed 0 epoch 2360/5000: loss main 1.6e-07 aux 0.0006059 (83 s)
    seed 0 epoch 2370/5000: loss main 1.698e-07 aux 0.000609 (83 s)
    seed 0 epoch 2380/5000: loss main 1.491e-07 aux 0.0004325 (84 s)
    seed 0 epoch 2390/5000: loss main 1.369e-07 aux 0.000344 (84 s)
    seed 0 epoch 2400/5000: loss main 1.367e-07 aux 0.0003351 (84 s)
    seed 0 epoch 2410/5000: loss main 1.368e-07 aux 0.0003333 (85 s)
    seed 0 epoch 2420/5000: loss main 1.364e-07 aux 0.0003294 (85 s)
    seed 0 epoch 2430/5000: loss main 1.357e-07 aux 0.0003239 (85 s)
    seed 0 epoch 2440/5000: loss main 1.356e-07 aux 0.0003212 (86 s)
    seed 0 epoch 2450/5000: loss main 1.355e-07 aux 0.0003188 (86 s)
    seed 0 epoch 2460/5000: loss main 1.354e-07 aux 0.0003164 (87 s)
    seed 0 epoch 2470/5000: loss main 1.353e-07 aux 0.0003143 (87 s)
    seed 0 epoch 2480/5000: loss main 1.352e-07 aux 0.0003122 (87 s)
    seed 0 epoch 2490/5000: loss main 1.36e-07 aux 0.0003146 (88 s)
    seed 0 epoch 2500/5000: loss main 2.878e-07 aux 0.001086 (88 s)
    seed 0 epoch 2510/5000: loss main 2.539e-07 aux 0.001349 (88 s)
    seed 0 epoch 2520/5000: loss main 1.838e-07 aux 0.0006908 (89 s)
    seed 0 epoch 2530/5000: loss main 1.621e-07 aux 0.0004377 (89 s)
    seed 0 epoch 2540/5000: loss main 1.438e-07 aux 0.0003638 (89 s)
    seed 0 epoch 2550/5000: loss main 1.354e-07 aux 0.0003163 (90 s)
    seed 0 epoch 2560/5000: loss main 1.357e-07 aux 0.0003128 (90 s)
    seed 0 epoch 2570/5000: loss main 1.346e-07 aux 0.0003042 (91 s)
    seed 0 epoch 2580/5000: loss main 1.344e-07 aux 0.0003011 (91 s)
    seed 0 epoch 2590/5000: loss main 1.343e-07 aux 0.0002995 (91 s)
    seed 0 epoch 2600/5000: loss main 1.342e-07 aux 0.0002971 (92 s)
    seed 0 epoch 2610/5000: loss main 1.345e-07 aux 0.0002969 (92 s)
    seed 0 epoch 2620/5000: loss main 1.584e-07 aux 0.0004102 (92 s)
    seed 0 epoch 2630/5000: loss main 2.012e-07 aux 0.0008025 (93 s)
    seed 0 epoch 2640/5000: loss main 1.607e-07 aux 0.000564 (93 s)
    seed 0 epoch 2650/5000: loss main 1.353e-07 aux 0.0003201 (93 s)
    seed 0 epoch 2660/5000: loss main 1.373e-07 aux 0.0003134 (94 s)
    seed 0 epoch 2670/5000: loss main 1.339e-07 aux 0.0003028 (94 s)
    seed 0 epoch 2680/5000: loss main 1.336e-07 aux 0.0002904 (95 s)
    seed 0 epoch 2690/5000: loss main 1.336e-07 aux 0.0002901 (95 s)
    seed 0 epoch 2700/5000: loss main 1.335e-07 aux 0.0002867 (95 s)
    seed 0 epoch 2710/5000: loss main 1.349e-07 aux 0.0002934 (96 s)
    seed 0 epoch 2720/5000: loss main 2.309e-07 aux 0.000844 (96 s)
    seed 0 epoch 2730/5000: loss main 2.127e-07 aux 0.0006851 (96 s)
    seed 0 epoch 2740/5000: loss main 1.355e-07 aux 0.0003383 (97 s)
    seed 0 epoch 2750/5000: loss main 1.405e-07 aux 0.0003733 (97 s)
    seed 0 epoch 2760/5000: loss main 1.337e-07 aux 0.0002843 (97 s)
    seed 0 epoch 2770/5000: loss main 1.331e-07 aux 0.000287 (98 s)
    seed 0 epoch 2780/5000: loss main 1.33e-07 aux 0.0002808 (98 s)
    seed 0 epoch 2790/5000: loss main 1.332e-07 aux 0.0002801 (99 s)
    seed 0 epoch 2800/5000: loss main 1.358e-07 aux 0.0002918 (99 s)
    seed 0 epoch 2810/5000: loss main 2.228e-07 aux 0.0007782 (99 s)
    seed 0 epoch 2820/5000: loss main 1.696e-07 aux 0.0004373 (100 s)
    seed 0 epoch 2830/5000: loss main 1.399e-07 aux 0.000376 (100 s)
    seed 0 epoch 2840/5000: loss main 1.34e-07 aux 0.0003248 (100 s)
    seed 0 epoch 2850/5000: loss main 1.337e-07 aux 0.0002813 (101 s)
    seed 0 epoch 2860/5000: loss main 1.333e-07 aux 0.000274 (101 s)
    seed 0 epoch 2870/5000: loss main 1.332e-07 aux 0.0002835 (101 s)
    seed 0 epoch 2880/5000: loss main 1.852e-07 aux 0.0005652 (102 s)
    seed 0 epoch 2890/5000: loss main 1.352e-07 aux 0.0002902 (102 s)
    seed 0 epoch 2900/5000: loss main 1.553e-07 aux 0.00043 (103 s)
    seed 0 epoch 2910/5000: loss main 1.403e-07 aux 0.0003231 (103 s)
    seed 0 epoch 2920/5000: loss main 1.34e-07 aux 0.0002765 (103 s)
    seed 0 epoch 2930/5000: loss main 1.344e-07 aux 0.0002772 (104 s)
    seed 0 epoch 2940/5000: loss main 1.32e-07 aux 0.0002662 (104 s)
    seed 0 epoch 2950/5000: loss main 1.32e-07 aux 0.0002693 (104 s)
    seed 0 epoch 2960/5000: loss main 1.402e-07 aux 0.0005014 (105 s)
    seed 0 epoch 2970/5000: loss main 3.218e-07 aux 0.0008001 (105 s)
    seed 0 epoch 2980/5000: loss main 1.392e-07 aux 0.000318 (105 s)
    seed 0 epoch 2990/5000: loss main 1.425e-07 aux 0.0003091 (106 s)
    seed 0 epoch 3000/5000: loss main 1.326e-07 aux 0.000278 (106 s)
    seed 0 epoch 3010/5000: loss main 1.32e-07 aux 0.0002636 (107 s)
    seed 0 epoch 3020/5000: loss main 1.367e-07 aux 0.0003966 (107 s)
    seed 0 epoch 3030/5000: loss main 1.873e-07 aux 0.0005477 (107 s)
    seed 0 epoch 3040/5000: loss main 1.418e-07 aux 0.0003683 (108 s)
    seed 0 epoch 3050/5000: loss main 1.329e-07 aux 0.000297 (108 s)
    seed 0 epoch 3060/5000: loss main 1.349e-07 aux 0.0002869 (108 s)
    seed 0 epoch 3070/5000: loss main 1.394e-07 aux 0.0003155 (109 s)
    seed 0 epoch 3080/5000: loss main 2.479e-07 aux 0.0009435 (109 s)
    seed 0 epoch 3090/5000: loss main 1.702e-07 aux 0.0004862 (110 s)
    seed 0 epoch 3100/5000: loss main 1.453e-07 aux 0.0003552 (110 s)
    seed 0 epoch 3110/5000: loss main 1.395e-07 aux 0.0003001 (110 s)
    seed 0 epoch 3120/5000: loss main 1.326e-07 aux 0.0002598 (111 s)
    seed 0 epoch 3130/5000: loss main 1.391e-07 aux 0.0002963 (111 s)
    seed 0 epoch 3140/5000: loss main 1.832e-07 aux 0.0005772 (111 s)
    seed 0 epoch 3150/5000: loss main 1.313e-07 aux 0.0002528 (112 s)
    seed 0 epoch 3160/5000: loss main 1.322e-07 aux 0.0002621 (112 s)
    seed 0 epoch 3170/5000: loss main 1.385e-07 aux 0.0002973 (112 s)
    seed 0 epoch 3180/5000: loss main 1.308e-07 aux 0.000246 (113 s)
    seed 0 epoch 3190/5000: loss main 1.315e-07 aux 0.0002503 (113 s)
    seed 0 epoch 3200/5000: loss main 2.25e-07 aux 0.0007477 (113 s)
    seed 0 epoch 3210/5000: loss main 1.783e-07 aux 0.0007328 (114 s)
    seed 0 epoch 3220/5000: loss main 1.352e-07 aux 0.000306 (114 s)
    seed 0 epoch 3230/5000: loss main 1.319e-07 aux 0.0002788 (114 s)
    seed 0 epoch 3240/5000: loss main 1.327e-07 aux 0.0002844 (115 s)
    seed 0 epoch 3250/5000: loss main 1.327e-07 aux 0.0002475 (115 s)
    seed 0 epoch 3260/5000: loss main 1.31e-07 aux 0.0002441 (115 s)
    seed 0 epoch 3270/5000: loss main 1.378e-07 aux 0.0002967 (116 s)
    seed 0 epoch 3280/5000: loss main 1.379e-07 aux 0.0002802 (116 s)
    seed 0 epoch 3290/5000: loss main 1.378e-07 aux 0.0002843 (117 s)
    seed 0 epoch 3300/5000: loss main 1.322e-07 aux 0.0002538 (117 s)
    seed 0 epoch 3310/5000: loss main 1.321e-07 aux 0.0002527 (117 s)
    seed 0 epoch 3320/5000: loss main 1.313e-07 aux 0.0002433 (118 s)
    seed 0 epoch 3330/5000: loss main 1.439e-07 aux 0.0003221 (118 s)
    seed 0 epoch 3340/5000: loss main 2.617e-07 aux 0.001044 (118 s)
    seed 0 epoch 3350/5000: loss main 1.99e-07 aux 0.0004535 (119 s)
    seed 0 epoch 3360/5000: loss main 1.36e-07 aux 0.0002651 (119 s)
    seed 0 epoch 3370/5000: loss main 1.354e-07 aux 0.0002575 (119 s)
    seed 0 epoch 3380/5000: loss main 1.338e-07 aux 0.0002523 (120 s)
    seed 0 epoch 3390/5000: loss main 1.303e-07 aux 0.0002389 (120 s)
    seed 0 epoch 3400/5000: loss main 1.301e-07 aux 0.0002361 (121 s)
    seed 0 epoch 3410/5000: loss main 1.299e-07 aux 0.0002334 (121 s)
    seed 0 epoch 3420/5000: loss main 1.299e-07 aux 0.0002322 (121 s)
    seed 0 epoch 3430/5000: loss main 1.301e-07 aux 0.0002332 (122 s)
    seed 0 epoch 3440/5000: loss main 1.561e-07 aux 0.0003719 (122 s)
    seed 0 epoch 3450/5000: loss main 1.559e-07 aux 0.0004956 (122 s)
    seed 0 epoch 3460/5000: loss main 1.607e-07 aux 0.0004179 (123 s)
    seed 0 epoch 3470/5000: loss main 1.338e-07 aux 0.0002432 (123 s)
    seed 0 epoch 3480/5000: loss main 1.316e-07 aux 0.0002612 (124 s)
    seed 0 epoch 3490/5000: loss main 1.314e-07 aux 0.0002414 (124 s)
    seed 0 epoch 3500/5000: loss main 1.303e-07 aux 0.0002318 (125 s)
    seed 0 epoch 3510/5000: loss main 1.297e-07 aux 0.00023 (125 s)
    seed 0 epoch 3520/5000: loss main 1.296e-07 aux 0.0002278 (125 s)
    seed 0 epoch 3530/5000: loss main 1.296e-07 aux 0.0002266 (126 s)
    seed 0 epoch 3540/5000: loss main 1.296e-07 aux 0.0002261 (126 s)
    seed 0 epoch 3550/5000: loss main 1.366e-07 aux 0.0002756 (126 s)
    seed 0 epoch 3560/5000: loss main 2.729e-07 aux 0.001764 (127 s)
    seed 0 epoch 3570/5000: loss main 1.849e-07 aux 0.0008378 (127 s)
    seed 0 epoch 3580/5000: loss main 1.601e-07 aux 0.000365 (128 s)
    seed 0 epoch 3590/5000: loss main 1.419e-07 aux 0.0002622 (128 s)
    seed 0 epoch 3600/5000: loss main 1.347e-07 aux 0.0002479 (129 s)
    seed 0 epoch 3610/5000: loss main 1.313e-07 aux 0.0002392 (129 s)
    seed 0 epoch 3620/5000: loss main 1.298e-07 aux 0.0002297 (130 s)
    seed 0 epoch 3630/5000: loss main 1.296e-07 aux 0.0002261 (130 s)
    seed 0 epoch 3640/5000: loss main 1.295e-07 aux 0.0002246 (130 s)
    seed 0 epoch 3650/5000: loss main 1.294e-07 aux 0.0002233 (131 s)
    seed 0 epoch 3660/5000: loss main 1.293e-07 aux 0.0002224 (131 s)
    seed 0 epoch 3670/5000: loss main 1.308e-07 aux 0.0002266 (132 s)
    seed 0 epoch 3680/5000: loss main 3.652e-07 aux 0.00112 (132 s)
    seed 0 epoch 3690/5000: loss main 1.721e-07 aux 0.000784 (133 s)
    seed 0 epoch 3700/5000: loss main 1.487e-07 aux 0.0004466 (133 s)
    seed 0 epoch 3710/5000: loss main 1.34e-07 aux 0.0002725 (134 s)
    seed 0 epoch 3720/5000: loss main 1.302e-07 aux 0.0002397 (134 s)
    seed 0 epoch 3730/5000: loss main 1.298e-07 aux 0.0002331 (134 s)
    seed 0 epoch 3740/5000: loss main 1.298e-07 aux 0.0002225 (135 s)
    seed 0 epoch 3750/5000: loss main 1.292e-07 aux 0.000221 (135 s)
    seed 0 epoch 3760/5000: loss main 1.291e-07 aux 0.0002194 (136 s)
    seed 0 epoch 3770/5000: loss main 1.292e-07 aux 0.0002182 (136 s)
    seed 0 epoch 3780/5000: loss main 1.291e-07 aux 0.0002174 (136 s)
    seed 0 epoch 3790/5000: loss main 1.291e-07 aux 0.0002171 (137 s)
    seed 0 epoch 3800/5000: loss main 1.347e-07 aux 0.000237 (137 s)
    seed 0 epoch 3810/5000: loss main 3.08e-07 aux 0.001356 (137 s)
    seed 0 epoch 3820/5000: loss main 1.403e-07 aux 0.000465 (138 s)
    seed 0 epoch 3830/5000: loss main 1.379e-07 aux 0.0003126 (138 s)
    seed 0 epoch 3840/5000: loss main 1.364e-07 aux 0.0002486 (139 s)
    seed 0 epoch 3850/5000: loss main 1.316e-07 aux 0.0002284 (139 s)
    seed 0 epoch 3860/5000: loss main 1.297e-07 aux 0.0002193 (139 s)
    seed 0 epoch 3870/5000: loss main 1.293e-07 aux 0.0002166 (140 s)
    seed 0 epoch 3880/5000: loss main 1.29e-07 aux 0.0002149 (140 s)
    seed 0 epoch 3890/5000: loss main 1.289e-07 aux 0.0002135 (140 s)
    seed 0 epoch 3900/5000: loss main 1.289e-07 aux 0.0002128 (141 s)
    seed 0 epoch 3910/5000: loss main 1.305e-07 aux 0.000219 (141 s)
    seed 0 epoch 3920/5000: loss main 4.407e-07 aux 0.001292 (142 s)
    seed 0 epoch 3930/5000: loss main 1.562e-07 aux 0.0006448 (142 s)
    seed 0 epoch 3940/5000: loss main 1.536e-07 aux 0.0002914 (142 s)
    seed 0 epoch 3950/5000: loss main 1.399e-07 aux 0.0002662 (143 s)
    seed 0 epoch 3960/5000: loss main 1.346e-07 aux 0.000234 (143 s)
    seed 0 epoch 3970/5000: loss main 1.294e-07 aux 0.0002159 (143 s)
    seed 0 epoch 3980/5000: loss main 1.289e-07 aux 0.0002145 (144 s)
    seed 0 epoch 3990/5000: loss main 1.287e-07 aux 0.0002116 (144 s)
    seed 0 epoch 4000/5000: loss main 1.288e-07 aux 0.0002113 (145 s)
    seed 0 epoch 4010/5000: loss main 1.322e-07 aux 0.0002354 (145 s)
    seed 0 epoch 4020/5000: loss main 2.089e-07 aux 0.0009568 (145 s)
    seed 0 epoch 4030/5000: loss main 1.444e-07 aux 0.0003223 (146 s)
    seed 0 epoch 4040/5000: loss main 1.562e-07 aux 0.0002845 (146 s)
    seed 0 epoch 4050/5000: loss main 1.306e-07 aux 0.0002342 (146 s)
    seed 0 epoch 4060/5000: loss main 1.293e-07 aux 0.000211 (147 s)
    seed 0 epoch 4070/5000: loss main 1.297e-07 aux 0.0002188 (147 s)
    seed 0 epoch 4080/5000: loss main 1.438e-07 aux 0.0002612 (148 s)
    seed 0 epoch 4090/5000: loss main 2.363e-07 aux 0.0006422 (148 s)
    seed 0 epoch 4100/5000: loss main 1.459e-07 aux 0.0003359 (148 s)
    seed 0 epoch 4110/5000: loss main 1.331e-07 aux 0.0002627 (149 s)
    seed 0 epoch 4120/5000: loss main 1.293e-07 aux 0.000217 (149 s)
    seed 0 epoch 4130/5000: loss main 1.302e-07 aux 0.0002253 (149 s)
    seed 0 epoch 4140/5000: loss main 1.355e-07 aux 0.0002597 (150 s)
    seed 0 epoch 4150/5000: loss main 1.466e-07 aux 0.0003368 (150 s)
    seed 0 epoch 4160/5000: loss main 1.88e-07 aux 0.0004101 (151 s)
    seed 0 epoch 4170/5000: loss main 1.335e-07 aux 0.0002296 (151 s)
    seed 0 epoch 4180/5000: loss main 1.398e-07 aux 0.0002624 (151 s)
    seed 0 epoch 4190/5000: loss main 1.311e-07 aux 0.0002309 (152 s)
    seed 0 epoch 4200/5000: loss main 1.469e-07 aux 0.0003288 (152 s)
    seed 0 epoch 4210/5000: loss main 1.773e-07 aux 0.0005231 (152 s)
    seed 0 epoch 4220/5000: loss main 1.448e-07 aux 0.0002883 (153 s)
    seed 0 epoch 4230/5000: loss main 1.319e-07 aux 0.0002379 (153 s)
    seed 0 epoch 4240/5000: loss main 1.3e-07 aux 0.0002275 (153 s)
    seed 0 epoch 4250/5000: loss main 1.298e-07 aux 0.0002152 (154 s)
    seed 0 epoch 4260/5000: loss main 1.883e-07 aux 0.0007901 (154 s)
    seed 0 epoch 4270/5000: loss main 2.144e-07 aux 0.0005436 (155 s)
    seed 0 epoch 4280/5000: loss main 1.439e-07 aux 0.0002476 (155 s)
    seed 0 epoch 4290/5000: loss main 1.329e-07 aux 0.0002293 (155 s)
    seed 0 epoch 4300/5000: loss main 1.29e-07 aux 0.0002053 (156 s)
    seed 0 epoch 4310/5000: loss main 1.321e-07 aux 0.0002244 (156 s)
    seed 0 epoch 4320/5000: loss main 3.639e-07 aux 0.001684 (157 s)
    seed 0 epoch 4330/5000: loss main 1.434e-07 aux 0.0002722 (157 s)
    seed 0 epoch 4340/5000: loss main 1.626e-07 aux 0.0002784 (157 s)
    seed 0 epoch 4350/5000: loss main 1.421e-07 aux 0.0002482 (158 s)
    seed 0 epoch 4360/5000: loss main 1.291e-07 aux 0.0002135 (158 s)
    seed 0 epoch 4370/5000: loss main 1.295e-07 aux 0.0002027 (158 s)
    seed 0 epoch 4380/5000: loss main 1.283e-07 aux 0.0002013 (159 s)
    seed 0 epoch 4390/5000: loss main 1.283e-07 aux 0.0001991 (159 s)
    seed 0 epoch 4400/5000: loss main 1.282e-07 aux 0.0001976 (160 s)
    seed 0 epoch 4410/5000: loss main 1.282e-07 aux 0.0001967 (160 s)
    seed 0 epoch 4420/5000: loss main 1.283e-07 aux 0.0001967 (160 s)
    seed 0 epoch 4430/5000: loss main 1.405e-07 aux 0.0002533 (161 s)
    seed 0 epoch 4440/5000: loss main 1.617e-07 aux 0.0006038 (161 s)
    seed 0 epoch 4450/5000: loss main 1.358e-07 aux 0.0003383 (161 s)
    seed 0 epoch 4460/5000: loss main 1.317e-07 aux 0.0002297 (162 s)
    seed 0 epoch 4470/5000: loss main 1.314e-07 aux 0.0002113 (162 s)
    seed 0 epoch 4480/5000: loss main 1.376e-07 aux 0.0002227 (163 s)
    seed 0 epoch 4490/5000: loss main 1.706e-07 aux 0.0003148 (163 s)
    seed 0 epoch 4500/5000: loss main 1.317e-07 aux 0.0002829 (163 s)
    seed 0 epoch 4510/5000: loss main 1.403e-07 aux 0.000293 (164 s)
    seed 0 epoch 4520/5000: loss main 1.332e-07 aux 0.0002223 (164 s)
    seed 0 epoch 4530/5000: loss main 1.282e-07 aux 0.0001978 (165 s)
    seed 0 epoch 4540/5000: loss main 1.334e-07 aux 0.0002272 (165 s)
    seed 0 epoch 4550/5000: loss main 2.497e-07 aux 0.001202 (165 s)
    seed 0 epoch 4560/5000: loss main 1.521e-07 aux 0.0002958 (166 s)
    seed 0 epoch 4570/5000: loss main 1.408e-07 aux 0.000278 (166 s)
    seed 0 epoch 4580/5000: loss main 1.361e-07 aux 0.0002127 (166 s)
    seed 0 epoch 4590/5000: loss main 1.296e-07 aux 0.0002044 (167 s)
    seed 0 epoch 4600/5000: loss main 1.287e-07 aux 0.000196 (167 s)
    seed 0 epoch 4610/5000: loss main 1.281e-07 aux 0.0001919 (168 s)
    seed 0 epoch 4620/5000: loss main 1.294e-07 aux 0.0001914 (168 s)
    seed 0 epoch 4630/5000: loss main 1.655e-07 aux 0.0002719 (168 s)
    seed 0 epoch 4640/5000: loss main 1.878e-07 aux 0.0003875 (169 s)
    seed 0 epoch 4650/5000: loss main 1.943e-07 aux 0.0003778 (169 s)
    seed 0 epoch 4660/5000: loss main 1.448e-07 aux 0.000253 (169 s)
    seed 0 epoch 4670/5000: loss main 1.383e-07 aux 0.000296 (170 s)
    seed 0 epoch 4680/5000: loss main 1.849e-07 aux 0.0006206 (170 s)
    seed 0 epoch 4690/5000: loss main 1.516e-07 aux 0.0003293 (171 s)
    seed 0 epoch 4700/5000: loss main 1.35e-07 aux 0.0002455 (171 s)
    seed 0 epoch 4710/5000: loss main 1.322e-07 aux 0.0002079 (171 s)
    seed 0 epoch 4720/5000: loss main 1.296e-07 aux 0.0001953 (172 s)
    seed 0 epoch 4730/5000: loss main 1.282e-07 aux 0.000188 (172 s)
    seed 0 epoch 4740/5000: loss main 1.376e-07 aux 0.0002428 (172 s)
    seed 0 epoch 4750/5000: loss main 2.161e-07 aux 0.0009766 (173 s)
    seed 0 epoch 4760/5000: loss main 1.331e-07 aux 0.0002264 (173 s)
    seed 0 epoch 4770/5000: loss main 1.375e-07 aux 0.0002534 (174 s)
    seed 0 epoch 4780/5000: loss main 1.308e-07 aux 0.0002001 (174 s)
    seed 0 epoch 4790/5000: loss main 1.286e-07 aux 0.0001947 (174 s)
    seed 0 epoch 4800/5000: loss main 1.279e-07 aux 0.0001865 (175 s)
    seed 0 epoch 4810/5000: loss main 1.279e-07 aux 0.0001846 (175 s)
    seed 0 epoch 4820/5000: loss main 1.276e-07 aux 0.0001817 (175 s)
    seed 0 epoch 4830/5000: loss main 1.281e-07 aux 0.000185 (176 s)
    seed 0 epoch 4840/5000: loss main 1.526e-07 aux 0.0003604 (176 s)
    seed 0 epoch 4850/5000: loss main 1.61e-07 aux 0.0002969 (177 s)
    seed 0 epoch 4860/5000: loss main 1.319e-07 aux 0.0002117 (177 s)
    seed 0 epoch 4870/5000: loss main 1.774e-07 aux 0.0005182 (178 s)
    seed 0 epoch 4880/5000: loss main 1.613e-07 aux 0.000295 (178 s)
    seed 0 epoch 4890/5000: loss main 1.355e-07 aux 0.0002822 (178 s)
    seed 0 epoch 4900/5000: loss main 1.305e-07 aux 0.0002141 (179 s)
    seed 0 epoch 4910/5000: loss main 1.33e-07 aux 0.0001979 (180 s)
    seed 0 epoch 4920/5000: loss main 1.288e-07 aux 0.0001841 (180 s)
    seed 0 epoch 4930/5000: loss main 1.285e-07 aux 0.0001823 (181 s)
    seed 0 epoch 4940/5000: loss main 1.347e-07 aux 0.0002048 (181 s)
    seed 0 epoch 4950/5000: loss main 2.374e-07 aux 0.0007513 (181 s)
    seed 0 epoch 4960/5000: loss main 1.501e-07 aux 0.0003877 (182 s)
    seed 0 epoch 4970/5000: loss main 1.485e-07 aux 0.0002369 (182 s)
    seed 0 epoch 4980/5000: loss main 1.306e-07 aux 0.0001898 (183 s)
    seed 0 epoch 4990/5000: loss main 1.291e-07 aux 0.0001836 (184 s)
    seed 0 epoch 5000/5000: loss main 1.281e-07 aux 0.0001771 (184 s)
  n=1 seed 0 (a): ring couplings 1.37 vs zero 3.45 (ratio 0.40) | corrected ω 2.20 (zero 22.88) | ΔH residual ratio 0.256
  n=1 seed 0 (b): ring couplings 1.37 vs zero 3.45 (ratio 0.40) | corrected ω 2.20 (zero 22.88) | ΔH residual ratio 0.256
wrote out/E7_rungC_lever1_overfit_methylnaphthalene_2026-10-01.json/.md in 222 s
=== H5 overfit methylnaphthalene done Thu Oct  1 09:12:41 WEDT 2026
analytic second-route Hessians substituted for 27 molecules
799 molecules; pool 1; hold-out (a) 1, (b) 1 (['fluoranthene', 'fluorene']); sizes [1]; seeds [0]; epochs 5000; threads 8; model 171,554 parameters, sum aggregation
  rung B's 66 pair features added to the hybrid head (standardised on the fit molecules)
  hybrid head: 303,618 parameters; F_low input scales 0.0451, 0.28, 0.119; SQM α per class on
  fresh sum body pre-flight: worst |output| 6.92 on the training molecules
  internal term on the pair model's pattern; class scales diag_bond 0.0112, diag_angle 0.00531, diag_dihedral 0.00112, diag_other 0.00112, off_bondbond 0.00435, off_other 0.00112, off_twobond 0.00112
    seed 0 epoch 1/5000: loss main 1.825e-05 aux 0.2842 (0 s)
    seed 0 epoch 10/5000: loss main 7.184e-06 aux 0.2309 (0 s)
    seed 0 epoch 20/5000: loss main 2.035e-06 aux 0.2087 (1 s)
    seed 0 epoch 30/5000: loss main 1.415e-06 aux 0.1956 (1 s)
    seed 0 epoch 40/5000: loss main 1.164e-06 aux 0.1827 (2 s)
    seed 0 epoch 50/5000: loss main 2.216e-06 aux 0.1721 (2 s)
    seed 0 epoch 60/5000: loss main 2.505e-06 aux 0.1651 (3 s)
    seed 0 epoch 70/5000: loss main 1.564e-06 aux 0.1587 (3 s)
    seed 0 epoch 80/5000: loss main 1.568e-06 aux 0.1528 (4 s)
    seed 0 epoch 90/5000: loss main 1.768e-06 aux 0.1473 (4 s)
    seed 0 epoch 100/5000: loss main 1.687e-06 aux 0.1382 (4 s)
    seed 0 epoch 110/5000: loss main 1.58e-06 aux 0.1296 (5 s)
    seed 0 epoch 120/5000: loss main 1.466e-06 aux 0.1247 (5 s)
    seed 0 epoch 130/5000: loss main 1.375e-06 aux 0.1133 (6 s)
    seed 0 epoch 140/5000: loss main 1.812e-06 aux 0.1055 (6 s)
    seed 0 epoch 150/5000: loss main 2.86e-06 aux 0.08985 (7 s)
    seed 0 epoch 160/5000: loss main 5.384e-06 aux 0.07797 (7 s)
    seed 0 epoch 170/5000: loss main 4.098e-06 aux 0.06259 (7 s)
    seed 0 epoch 180/5000: loss main 4.137e-06 aux 0.05643 (8 s)
    seed 0 epoch 190/5000: loss main 3.25e-06 aux 0.0473 (8 s)
    seed 0 epoch 200/5000: loss main 2.253e-06 aux 0.04167 (9 s)
    seed 0 epoch 210/5000: loss main 2.146e-06 aux 0.03659 (9 s)
    seed 0 epoch 220/5000: loss main 2.394e-06 aux 0.04098 (9 s)
    seed 0 epoch 230/5000: loss main 1.37e-06 aux 0.03409 (10 s)
    seed 0 epoch 240/5000: loss main 1.313e-06 aux 0.03005 (10 s)
    seed 0 epoch 250/5000: loss main 8.294e-07 aux 0.02736 (10 s)
    seed 0 epoch 260/5000: loss main 6.083e-07 aux 0.02483 (11 s)
    seed 0 epoch 270/5000: loss main 1.367e-06 aux 0.03086 (11 s)
    seed 0 epoch 280/5000: loss main 8.46e-07 aux 0.02621 (11 s)
    seed 0 epoch 290/5000: loss main 8.597e-07 aux 0.02239 (12 s)
    seed 0 epoch 300/5000: loss main 9.451e-07 aux 0.01975 (12 s)
    seed 0 epoch 310/5000: loss main 6.042e-07 aux 0.01827 (12 s)
    seed 0 epoch 320/5000: loss main 5.731e-07 aux 0.01688 (13 s)
    seed 0 epoch 330/5000: loss main 9.454e-07 aux 0.02038 (13 s)
    seed 0 epoch 340/5000: loss main 7.25e-07 aux 0.01984 (14 s)
    seed 0 epoch 350/5000: loss main 4.573e-07 aux 0.01548 (14 s)
    seed 0 epoch 360/5000: loss main 6.269e-07 aux 0.01472 (15 s)
    seed 0 epoch 370/5000: loss main 4.121e-07 aux 0.01337 (15 s)
    seed 0 epoch 380/5000: loss main 3.749e-07 aux 0.01219 (16 s)
    seed 0 epoch 390/5000: loss main 3.482e-07 aux 0.0115 (16 s)
    seed 0 epoch 400/5000: loss main 6.576e-07 aux 0.01511 (16 s)
    seed 0 epoch 410/5000: loss main 4.58e-07 aux 0.01346 (17 s)
    seed 0 epoch 420/5000: loss main 5.031e-07 aux 0.01183 (17 s)
    seed 0 epoch 430/5000: loss main 2.715e-07 aux 0.01003 (18 s)
    seed 0 epoch 440/5000: loss main 2.361e-07 aux 0.009332 (18 s)
    seed 0 epoch 450/5000: loss main 1.962e-07 aux 0.008554 (19 s)
    seed 0 epoch 460/5000: loss main 1.636e-07 aux 0.007952 (19 s)
    seed 0 epoch 470/5000: loss main 3.144e-07 aux 0.009323 (20 s)
    seed 0 epoch 480/5000: loss main 5.399e-07 aux 0.01586 (20 s)
    seed 0 epoch 490/5000: loss main 3.149e-07 aux 0.008703 (21 s)
    seed 0 epoch 500/5000: loss main 2.736e-07 aux 0.008313 (21 s)
    seed 0 epoch 510/5000: loss main 2.323e-07 aux 0.007256 (22 s)
    seed 0 epoch 520/5000: loss main 1.681e-07 aux 0.006689 (22 s)
    seed 0 epoch 530/5000: loss main 1.474e-07 aux 0.006313 (22 s)
    seed 0 epoch 540/5000: loss main 1.446e-07 aux 0.005976 (23 s)
    seed 0 epoch 550/5000: loss main 1.439e-07 aux 0.005688 (23 s)
    seed 0 epoch 560/5000: loss main 1.434e-07 aux 0.005429 (24 s)
    seed 0 epoch 570/5000: loss main 1.424e-07 aux 0.005184 (24 s)
    seed 0 epoch 580/5000: loss main 4.776e-07 aux 0.00622 (25 s)
    seed 0 epoch 590/5000: loss main 8.057e-07 aux 0.01312 (25 s)
    seed 0 epoch 600/5000: loss main 3.738e-07 aux 0.007936 (26 s)
    seed 0 epoch 610/5000: loss main 2.448e-07 aux 0.005789 (26 s)
    seed 0 epoch 620/5000: loss main 2.124e-07 aux 0.004913 (27 s)
    seed 0 epoch 630/5000: loss main 1.191e-07 aux 0.004516 (27 s)
    seed 0 epoch 640/5000: loss main 1.121e-07 aux 0.004256 (28 s)
    seed 0 epoch 650/5000: loss main 1.097e-07 aux 0.00408 (28 s)
    seed 0 epoch 660/5000: loss main 1.056e-07 aux 0.003914 (28 s)
    seed 0 epoch 670/5000: loss main 1.023e-07 aux 0.003754 (29 s)
    seed 0 epoch 680/5000: loss main 9.731e-08 aux 0.003599 (29 s)
    seed 0 epoch 690/5000: loss main 9.549e-08 aux 0.003453 (30 s)
    seed 0 epoch 700/5000: loss main 2.603e-07 aux 0.004066 (30 s)
    seed 0 epoch 710/5000: loss main 3.033e-07 aux 0.004981 (30 s)
    seed 0 epoch 720/5000: loss main 2.751e-07 aux 0.00498 (31 s)
    seed 0 epoch 730/5000: loss main 1.166e-07 aux 0.003599 (31 s)
    seed 0 epoch 740/5000: loss main 1.138e-07 aux 0.00328 (31 s)
    seed 0 epoch 750/5000: loss main 9.328e-08 aux 0.003007 (32 s)
    seed 0 epoch 760/5000: loss main 9.105e-08 aux 0.002868 (32 s)
    seed 0 epoch 770/5000: loss main 8.521e-08 aux 0.002721 (32 s)
    seed 0 epoch 780/5000: loss main 8.484e-08 aux 0.002596 (33 s)
    seed 0 epoch 790/5000: loss main 8.199e-08 aux 0.002474 (33 s)
    seed 0 epoch 800/5000: loss main 8.112e-08 aux 0.00236 (33 s)
    seed 0 epoch 810/5000: loss main 8.092e-08 aux 0.00226 (34 s)
    seed 0 epoch 820/5000: loss main 1.278e-06 aux 0.02056 (34 s)
    seed 0 epoch 830/5000: loss main 1.875e-07 aux 0.003826 (34 s)
    seed 0 epoch 840/5000: loss main 1.369e-07 aux 0.003122 (35 s)
    seed 0 epoch 850/5000: loss main 1.047e-07 aux 0.002402 (35 s)
    seed 0 epoch 860/5000: loss main 8.799e-08 aux 0.002181 (35 s)
    seed 0 epoch 870/5000: loss main 9.988e-08 aux 0.002026 (36 s)
    seed 0 epoch 880/5000: loss main 7.716e-08 aux 0.001893 (36 s)
    seed 0 epoch 890/5000: loss main 7.227e-08 aux 0.001794 (37 s)
    seed 0 epoch 900/5000: loss main 7.065e-08 aux 0.00171 (37 s)
    seed 0 epoch 910/5000: loss main 6.967e-08 aux 0.001633 (37 s)
    seed 0 epoch 920/5000: loss main 6.822e-08 aux 0.001562 (38 s)
    seed 0 epoch 930/5000: loss main 6.697e-08 aux 0.001496 (38 s)
    seed 0 epoch 940/5000: loss main 6.574e-08 aux 0.001435 (38 s)
    seed 0 epoch 950/5000: loss main 7.137e-08 aux 0.00148 (39 s)
    seed 0 epoch 960/5000: loss main 4.054e-07 aux 0.004956 (39 s)
    seed 0 epoch 970/5000: loss main 5.745e-07 aux 0.00403 (39 s)
    seed 0 epoch 980/5000: loss main 1.435e-07 aux 0.002531 (40 s)
    seed 0 epoch 990/5000: loss main 1.129e-07 aux 0.001646 (40 s)
    seed 0 epoch 1000/5000: loss main 7.091e-08 aux 0.001471 (40 s)
    seed 0 epoch 1010/5000: loss main 6.524e-08 aux 0.001316 (41 s)
    seed 0 epoch 1020/5000: loss main 6.074e-08 aux 0.001239 (41 s)
    seed 0 epoch 1030/5000: loss main 5.968e-08 aux 0.001178 (41 s)
    seed 0 epoch 1040/5000: loss main 5.742e-08 aux 0.001131 (42 s)
    seed 0 epoch 1050/5000: loss main 5.664e-08 aux 0.001091 (42 s)
    seed 0 epoch 1060/5000: loss main 5.548e-08 aux 0.001054 (42 s)
    seed 0 epoch 1070/5000: loss main 5.457e-08 aux 0.00102 (43 s)
    seed 0 epoch 1080/5000: loss main 5.366e-08 aux 0.000988 (43 s)
    seed 0 epoch 1090/5000: loss main 5.271e-08 aux 0.0009577 (44 s)
    seed 0 epoch 1100/5000: loss main 5.179e-08 aux 0.0009289 (44 s)
    seed 0 epoch 1110/5000: loss main 5.09e-08 aux 0.0009013 (44 s)
    seed 0 epoch 1120/5000: loss main 5.004e-08 aux 0.000875 (44 s)
    seed 0 epoch 1130/5000: loss main 4.924e-08 aux 0.0008501 (45 s)
    seed 0 epoch 1140/5000: loss main 1.075e-07 aux 0.001307 (45 s)
    seed 0 epoch 1150/5000: loss main 6.898e-07 aux 0.00593 (45 s)
    seed 0 epoch 1160/5000: loss main 1.358e-07 aux 0.001326 (45 s)
    seed 0 epoch 1170/5000: loss main 1.095e-07 aux 0.001359 (46 s)
    seed 0 epoch 1180/5000: loss main 6.114e-08 aux 0.0009449 (46 s)
    seed 0 epoch 1190/5000: loss main 5.827e-08 aux 0.0008539 (46 s)
    seed 0 epoch 1200/5000: loss main 4.678e-08 aux 0.0007973 (47 s)
    seed 0 epoch 1210/5000: loss main 4.626e-08 aux 0.00077 (47 s)
    seed 0 epoch 1220/5000: loss main 4.477e-08 aux 0.0007391 (47 s)
    seed 0 epoch 1230/5000: loss main 4.447e-08 aux 0.0007175 (47 s)
    seed 0 epoch 1240/5000: loss main 4.342e-08 aux 0.0006969 (48 s)
    seed 0 epoch 1250/5000: loss main 4.29e-08 aux 0.000678 (48 s)
    seed 0 epoch 1260/5000: loss main 4.232e-08 aux 0.00066 (48 s)
    seed 0 epoch 1270/5000: loss main 4.171e-08 aux 0.000643 (48 s)
    seed 0 epoch 1280/5000: loss main 4.119e-08 aux 0.0006266 (49 s)
    seed 0 epoch 1290/5000: loss main 4.067e-08 aux 0.0006109 (49 s)
    seed 0 epoch 1300/5000: loss main 4.016e-08 aux 0.0005957 (49 s)
    seed 0 epoch 1310/5000: loss main 3.965e-08 aux 0.000581 (49 s)
    seed 0 epoch 1320/5000: loss main 3.919e-08 aux 0.0005671 (50 s)
    seed 0 epoch 1330/5000: loss main 7.271e-08 aux 0.0008299 (50 s)
    seed 0 epoch 1340/5000: loss main 3.598e-07 aux 0.003457 (50 s)
    seed 0 epoch 1350/5000: loss main 9.344e-08 aux 0.0009015 (50 s)
    seed 0 epoch 1360/5000: loss main 4.831e-08 aux 0.000656 (50 s)
    seed 0 epoch 1370/5000: loss main 5.086e-08 aux 0.0007063 (51 s)
    seed 0 epoch 1380/5000: loss main 4.812e-08 aux 0.0006319 (51 s)
    seed 0 epoch 1390/5000: loss main 3.815e-08 aux 0.0005419 (51 s)
    seed 0 epoch 1400/5000: loss main 3.936e-08 aux 0.0005249 (51 s)
    seed 0 epoch 1410/5000: loss main 3.664e-08 aux 0.0005032 (52 s)
    seed 0 epoch 1420/5000: loss main 3.598e-08 aux 0.0004879 (52 s)
    seed 0 epoch 1430/5000: loss main 3.546e-08 aux 0.0004746 (52 s)
    seed 0 epoch 1440/5000: loss main 3.505e-08 aux 0.0004622 (52 s)
    seed 0 epoch 1450/5000: loss main 3.462e-08 aux 0.000451 (53 s)
    seed 0 epoch 1460/5000: loss main 3.427e-08 aux 0.00044 (53 s)
    seed 0 epoch 1470/5000: loss main 3.388e-08 aux 0.0004294 (53 s)
    seed 0 epoch 1480/5000: loss main 3.351e-08 aux 0.0004191 (53 s)
    seed 0 epoch 1490/5000: loss main 3.315e-08 aux 0.0004091 (54 s)
    seed 0 epoch 1500/5000: loss main 3.284e-08 aux 0.0003999 (54 s)
    seed 0 epoch 1510/5000: loss main 1.023e-07 aux 0.0009477 (54 s)
    seed 0 epoch 1520/5000: loss main 3.253e-07 aux 0.003804 (54 s)
    seed 0 epoch 1530/5000: loss main 1.159e-07 aux 0.001266 (55 s)
    seed 0 epoch 1540/5000: loss main 7.401e-08 aux 0.0006238 (55 s)
    seed 0 epoch 1550/5000: loss main 5.514e-08 aux 0.0004802 (55 s)
    seed 0 epoch 1560/5000: loss main 3.551e-08 aux 0.0004391 (55 s)
    seed 0 epoch 1570/5000: loss main 3.317e-08 aux 0.0003933 (55 s)
    seed 0 epoch 1580/5000: loss main 3.164e-08 aux 0.0003766 (56 s)
    seed 0 epoch 1590/5000: loss main 3.135e-08 aux 0.0003625 (56 s)
    seed 0 epoch 1600/5000: loss main 3.065e-08 aux 0.000352 (56 s)
    seed 0 epoch 1610/5000: loss main 3.021e-08 aux 0.0003424 (57 s)
    seed 0 epoch 1620/5000: loss main 2.991e-08 aux 0.0003337 (57 s)
    seed 0 epoch 1630/5000: loss main 2.962e-08 aux 0.0003257 (57 s)
    seed 0 epoch 1640/5000: loss main 2.934e-08 aux 0.0003178 (57 s)
    seed 0 epoch 1650/5000: loss main 2.906e-08 aux 0.0003103 (58 s)
    seed 0 epoch 1660/5000: loss main 2.878e-08 aux 0.0003029 (58 s)
    seed 0 epoch 1670/5000: loss main 2.852e-08 aux 0.0002958 (58 s)
    seed 0 epoch 1680/5000: loss main 2.838e-08 aux 0.0002895 (58 s)
    seed 0 epoch 1690/5000: loss main 6.998e-08 aux 0.0005083 (59 s)
    seed 0 epoch 1700/5000: loss main 6.679e-08 aux 0.0008209 (59 s)
    seed 0 epoch 1710/5000: loss main 2.059e-07 aux 0.001433 (59 s)
    seed 0 epoch 1720/5000: loss main 4.994e-08 aux 0.0004586 (59 s)
    seed 0 epoch 1730/5000: loss main 3.342e-08 aux 0.0003812 (60 s)
    seed 0 epoch 1740/5000: loss main 3.008e-08 aux 0.0003075 (60 s)
    seed 0 epoch 1750/5000: loss main 2.901e-08 aux 0.0002841 (60 s)
    seed 0 epoch 1760/5000: loss main 2.74e-08 aux 0.000268 (60 s)
    seed 0 epoch 1770/5000: loss main 2.698e-08 aux 0.0002589 (60 s)
    seed 0 epoch 1780/5000: loss main 2.666e-08 aux 0.0002523 (61 s)
    seed 0 epoch 1790/5000: loss main 2.636e-08 aux 0.0002449 (61 s)
    seed 0 epoch 1800/5000: loss main 2.609e-08 aux 0.0002388 (61 s)
    seed 0 epoch 1810/5000: loss main 2.592e-08 aux 0.0002327 (61 s)
    seed 0 epoch 1820/5000: loss main 2.566e-08 aux 0.000227 (62 s)
    seed 0 epoch 1830/5000: loss main 2.546e-08 aux 0.0002215 (62 s)
    seed 0 epoch 1840/5000: loss main 2.529e-08 aux 0.000217 (62 s)
    seed 0 epoch 1850/5000: loss main 3.679e-08 aux 0.0003907 (62 s)
    seed 0 epoch 1860/5000: loss main 1.664e-07 aux 0.001754 (63 s)
    seed 0 epoch 1870/5000: loss main 3.72e-08 aux 0.0006414 (63 s)
    seed 0 epoch 1880/5000: loss main 2.826e-08 aux 0.0002654 (63 s)
    seed 0 epoch 1890/5000: loss main 2.686e-08 aux 0.0002513 (63 s)
    seed 0 epoch 1900/5000: loss main 2.826e-08 aux 0.0002205 (64 s)
    seed 0 epoch 1910/5000: loss main 2.482e-08 aux 0.000199 (64 s)
    seed 0 epoch 1920/5000: loss main 2.533e-08 aux 0.0001982 (64 s)
    seed 0 epoch 1930/5000: loss main 7.288e-08 aux 0.0005089 (64 s)
    seed 0 epoch 1940/5000: loss main 3.066e-08 aux 0.0002799 (65 s)
    seed 0 epoch 1950/5000: loss main 4.996e-08 aux 0.0003589 (65 s)
    seed 0 epoch 1960/5000: loss main 3.239e-08 aux 0.0002698 (65 s)
    seed 0 epoch 1970/5000: loss main 3.58e-08 aux 0.0002569 (65 s)
    seed 0 epoch 1980/5000: loss main 2.914e-08 aux 0.0002093 (66 s)
    seed 0 epoch 1990/5000: loss main 2.413e-08 aux 0.0001774 (66 s)
    seed 0 epoch 2000/5000: loss main 2.355e-08 aux 0.0001706 (66 s)
    seed 0 epoch 2010/5000: loss main 2.32e-08 aux 0.0001656 (66 s)
    seed 0 epoch 2020/5000: loss main 2.298e-08 aux 0.0001607 (67 s)
    seed 0 epoch 2030/5000: loss main 2.303e-08 aux 0.0001576 (67 s)
    seed 0 epoch 2040/5000: loss main 2.549e-08 aux 0.0001697 (67 s)
    seed 0 epoch 2050/5000: loss main 2.503e-07 aux 0.001622 (67 s)
    seed 0 epoch 2060/5000: loss main 1.606e-07 aux 0.001418 (68 s)
    seed 0 epoch 2070/5000: loss main 6.319e-08 aux 0.0005643 (68 s)
    seed 0 epoch 2080/5000: loss main 4.256e-08 aux 0.0002898 (68 s)
    seed 0 epoch 2090/5000: loss main 2.55e-08 aux 0.0001772 (68 s)
    seed 0 epoch 2100/5000: loss main 2.247e-08 aux 0.0001489 (69 s)
    seed 0 epoch 2110/5000: loss main 2.379e-08 aux 0.0001507 (69 s)
    seed 0 epoch 2120/5000: loss main 2.221e-08 aux 0.0001395 (69 s)
    seed 0 epoch 2130/5000: loss main 2.206e-08 aux 0.0001354 (69 s)
    seed 0 epoch 2140/5000: loss main 2.186e-08 aux 0.0001314 (70 s)
    seed 0 epoch 2150/5000: loss main 2.164e-08 aux 0.0001276 (70 s)
    seed 0 epoch 2160/5000: loss main 2.154e-08 aux 0.0001247 (70 s)
    seed 0 epoch 2170/5000: loss main 2.343e-08 aux 0.0001359 (70 s)
    seed 0 epoch 2180/5000: loss main 3.256e-07 aux 0.002469 (70 s)
    seed 0 epoch 2190/5000: loss main 5.372e-08 aux 0.000718 (71 s)
    seed 0 epoch 2200/5000: loss main 4.372e-08 aux 0.0004957 (71 s)
    seed 0 epoch 2210/5000: loss main 3.232e-08 aux 0.000242 (71 s)
    seed 0 epoch 2220/5000: loss main 2.663e-08 aux 0.0002034 (71 s)
    seed 0 epoch 2230/5000: loss main 2.279e-08 aux 0.0001353 (72 s)
    seed 0 epoch 2240/5000: loss main 2.154e-08 aux 0.0001301 (72 s)
    seed 0 epoch 2250/5000: loss main 2.131e-08 aux 0.000119 (72 s)
    seed 0 epoch 2260/5000: loss main 2.108e-08 aux 0.0001138 (72 s)
    seed 0 epoch 2270/5000: loss main 2.087e-08 aux 0.0001104 (72 s)
    seed 0 epoch 2280/5000: loss main 2.078e-08 aux 0.0001073 (73 s)
    seed 0 epoch 2290/5000: loss main 2.065e-08 aux 0.0001045 (73 s)
    seed 0 epoch 2300/5000: loss main 2.054e-08 aux 0.000102 (73 s)
    seed 0 epoch 2310/5000: loss main 2.122e-08 aux 0.0001069 (73 s)
    seed 0 epoch 2320/5000: loss main 1.289e-07 aux 0.001274 (74 s)
    seed 0 epoch 2330/5000: loss main 5.446e-08 aux 0.0007291 (74 s)
    seed 0 epoch 2340/5000: loss main 2.184e-08 aux 0.0001227 (74 s)
    seed 0 epoch 2350/5000: loss main 2.769e-08 aux 0.0001998 (74 s)
    seed 0 epoch 2360/5000: loss main 2.225e-08 aux 0.0001053 (75 s)
    seed 0 epoch 2370/5000: loss main 2.021e-08 aux 9.681e-05 (75 s)
    seed 0 epoch 2380/5000: loss main 2.02e-08 aux 9.24e-05 (75 s)
    seed 0 epoch 2390/5000: loss main 2.084e-08 aux 9.226e-05 (76 s)
    seed 0 epoch 2400/5000: loss main 1.999e-08 aux 8.71e-05 (76 s)
    seed 0 epoch 2410/5000: loss main 1.986e-08 aux 8.497e-05 (76 s)
    seed 0 epoch 2420/5000: loss main 2.018e-08 aux 8.532e-05 (76 s)
    seed 0 epoch 2430/5000: loss main 1.461e-07 aux 0.00091 (77 s)
    seed 0 epoch 2440/5000: loss main 2.027e-07 aux 0.002174 (77 s)
    seed 0 epoch 2450/5000: loss main 4.094e-08 aux 0.0003939 (77 s)
    seed 0 epoch 2460/5000: loss main 2.481e-08 aux 0.0001707 (77 s)
    seed 0 epoch 2470/5000: loss main 2.53e-08 aux 0.0001634 (78 s)
    seed 0 epoch 2480/5000: loss main 2.166e-08 aux 0.0001172 (78 s)
    seed 0 epoch 2490/5000: loss main 2.318e-08 aux 0.0001047 (78 s)
    seed 0 epoch 2500/5000: loss main 2.002e-08 aux 8.756e-05 (78 s)
    seed 0 epoch 2510/5000: loss main 1.963e-08 aux 8.28e-05 (79 s)
    seed 0 epoch 2520/5000: loss main 1.951e-08 aux 7.939e-05 (79 s)
    seed 0 epoch 2530/5000: loss main 1.939e-08 aux 7.672e-05 (79 s)
    seed 0 epoch 2540/5000: loss main 1.931e-08 aux 7.464e-05 (79 s)
    seed 0 epoch 2550/5000: loss main 1.926e-08 aux 7.285e-05 (80 s)
    seed 0 epoch 2560/5000: loss main 1.918e-08 aux 7.119e-05 (80 s)
    seed 0 epoch 2570/5000: loss main 1.913e-08 aux 6.963e-05 (80 s)
    seed 0 epoch 2580/5000: loss main 1.907e-08 aux 6.816e-05 (80 s)
    seed 0 epoch 2590/5000: loss main 1.902e-08 aux 6.676e-05 (81 s)
    seed 0 epoch 2600/5000: loss main 1.896e-08 aux 6.544e-05 (81 s)
    seed 0 epoch 2610/5000: loss main 1.902e-08 aux 6.497e-05 (81 s)
    seed 0 epoch 2620/5000: loss main 3.983e-08 aux 0.0001986 (81 s)
    seed 0 epoch 2630/5000: loss main 7.642e-08 aux 0.001007 (82 s)
    seed 0 epoch 2640/5000: loss main 9.577e-08 aux 0.0003116 (82 s)
    seed 0 epoch 2650/5000: loss main 2.536e-08 aux 0.0001698 (82 s)
    seed 0 epoch 2660/5000: loss main 2.117e-08 aux 0.0001046 (83 s)
    seed 0 epoch 2670/5000: loss main 1.937e-08 aux 7.1e-05 (83 s)
    seed 0 epoch 2680/5000: loss main 2.044e-08 aux 7.334e-05 (83 s)
    seed 0 epoch 2690/5000: loss main 1.992e-08 aux 6.797e-05 (83 s)
    seed 0 epoch 2700/5000: loss main 1.869e-08 aux 6.166e-05 (84 s)
    seed 0 epoch 2710/5000: loss main 1.871e-08 aux 6.049e-05 (84 s)
    seed 0 epoch 2720/5000: loss main 1.858e-08 aux 5.887e-05 (84 s)
    seed 0 epoch 2730/5000: loss main 1.853e-08 aux 5.744e-05 (84 s)
    seed 0 epoch 2740/5000: loss main 1.848e-08 aux 5.621e-05 (85 s)
    seed 0 epoch 2750/5000: loss main 1.843e-08 aux 5.507e-05 (85 s)
    seed 0 epoch 2760/5000: loss main 1.84e-08 aux 5.411e-05 (85 s)
    seed 0 epoch 2770/5000: loss main 1.872e-08 aux 5.738e-05 (85 s)
    seed 0 epoch 2780/5000: loss main 7.542e-08 aux 0.0006209 (86 s)
    seed 0 epoch 2790/5000: loss main 2.885e-08 aux 0.0004799 (86 s)
    seed 0 epoch 2800/5000: loss main 3.789e-08 aux 0.0001511 (86 s)
    seed 0 epoch 2810/5000: loss main 2.2e-08 aux 6.961e-05 (87 s)
    seed 0 epoch 2820/5000: loss main 2.045e-08 aux 7.264e-05 (87 s)
    seed 0 epoch 2830/5000: loss main 4.419e-08 aux 0.0002348 (87 s)
    seed 0 epoch 2840/5000: loss main 9.314e-08 aux 0.000743 (87 s)
    seed 0 epoch 2850/5000: loss main 2.745e-08 aux 0.0001618 (88 s)
    seed 0 epoch 2860/5000: loss main 1.844e-08 aux 5.65e-05 (88 s)
    seed 0 epoch 2870/5000: loss main 1.816e-08 aux 5.106e-05 (88 s)
    seed 0 epoch 2880/5000: loss main 1.903e-08 aux 5.746e-05 (88 s)
    seed 0 epoch 2890/5000: loss main 1.94e-08 aux 5.615e-05 (89 s)
    seed 0 epoch 2900/5000: loss main 2.213e-08 aux 7.714e-05 (89 s)
    seed 0 epoch 2910/5000: loss main 6.818e-08 aux 0.0004316 (89 s)
    seed 0 epoch 2920/5000: loss main 2.23e-08 aux 9.126e-05 (90 s)
    seed 0 epoch 2930/5000: loss main 2.047e-08 aux 7.314e-05 (90 s)
    seed 0 epoch 2940/5000: loss main 2.182e-08 aux 8.48e-05 (90 s)
    seed 0 epoch 2950/5000: loss main 1.947e-08 aux 5.915e-05 (90 s)
    seed 0 epoch 2960/5000: loss main 1.789e-08 aux 4.505e-05 (91 s)
    seed 0 epoch 2970/5000: loss main 1.922e-08 aux 5.449e-05 (91 s)
    seed 0 epoch 2980/5000: loss main 2.331e-08 aux 8.808e-05 (91 s)
    seed 0 epoch 2990/5000: loss main 8.145e-08 aux 0.0005093 (91 s)
    seed 0 epoch 3000/5000: loss main 2.372e-08 aux 9.802e-05 (92 s)
    seed 0 epoch 3010/5000: loss main 1.899e-08 aux 8.481e-05 (92 s)
    seed 0 epoch 3020/5000: loss main 1.833e-08 aux 5.015e-05 (92 s)
    seed 0 epoch 3030/5000: loss main 1.913e-08 aux 6.24e-05 (92 s)
    seed 0 epoch 3040/5000: loss main 1.899e-08 aux 5.267e-05 (93 s)
    seed 0 epoch 3050/5000: loss main 2.088e-08 aux 7.134e-05 (93 s)
    seed 0 epoch 3060/5000: loss main 5.671e-08 aux 0.0003386 (93 s)
    seed 0 epoch 3070/5000: loss main 2.944e-08 aux 0.000184 (94 s)
    seed 0 epoch 3080/5000: loss main 2.024e-08 aux 0.0001134 (94 s)
    seed 0 epoch 3090/5000: loss main 1.971e-08 aux 8.945e-05 (94 s)
    seed 0 epoch 3100/5000: loss main 1.911e-08 aux 6.273e-05 (94 s)
    seed 0 epoch 3110/5000: loss main 1.907e-08 aux 5.166e-05 (95 s)
    seed 0 epoch 3120/5000: loss main 2.244e-08 aux 7.572e-05 (95 s)
    seed 0 epoch 3130/5000: loss main 9.808e-08 aux 0.0007061 (95 s)
    seed 0 epoch 3140/5000: loss main 3.792e-08 aux 0.0001916 (95 s)
    seed 0 epoch 3150/5000: loss main 3.249e-08 aux 0.0001835 (96 s)
    seed 0 epoch 3160/5000: loss main 2.074e-08 aux 8.28e-05 (96 s)
    seed 0 epoch 3170/5000: loss main 1.822e-08 aux 4.546e-05 (96 s)
    seed 0 epoch 3180/5000: loss main 1.856e-08 aux 4.427e-05 (97 s)
    seed 0 epoch 3190/5000: loss main 1.8e-08 aux 4.176e-05 (97 s)
    seed 0 epoch 3200/5000: loss main 2.276e-08 aux 0.0001406 (97 s)
    seed 0 epoch 3210/5000: loss main 2.204e-08 aux 0.0001025 (97 s)
    seed 0 epoch 3220/5000: loss main 2.84e-08 aux 0.0001006 (98 s)
    seed 0 epoch 3230/5000: loss main 3.213e-08 aux 0.000215 (98 s)
    seed 0 epoch 3240/5000: loss main 1.004e-07 aux 0.0007848 (98 s)
    seed 0 epoch 3250/5000: loss main 2.417e-08 aux 0.0001514 (99 s)
    seed 0 epoch 3260/5000: loss main 1.789e-08 aux 6.278e-05 (99 s)
    seed 0 epoch 3270/5000: loss main 1.789e-08 aux 5.198e-05 (99 s)
    seed 0 epoch 3280/5000: loss main 1.911e-08 aux 4.714e-05 (99 s)
    seed 0 epoch 3290/5000: loss main 1.719e-08 aux 3.377e-05 (100 s)
    seed 0 epoch 3300/5000: loss main 1.761e-08 aux 3.602e-05 (100 s)
    seed 0 epoch 3310/5000: loss main 1.721e-08 aux 3.437e-05 (100 s)
    seed 0 epoch 3320/5000: loss main 1.885e-08 aux 4.89e-05 (100 s)
    seed 0 epoch 3330/5000: loss main 7.516e-08 aux 0.0006904 (101 s)
    seed 0 epoch 3340/5000: loss main 3.399e-08 aux 0.0003253 (101 s)
    seed 0 epoch 3350/5000: loss main 3.776e-08 aux 0.0001835 (101 s)
    seed 0 epoch 3360/5000: loss main 1.787e-08 aux 4.674e-05 (102 s)
    seed 0 epoch 3370/5000: loss main 1.799e-08 aux 4.911e-05 (102 s)
    seed 0 epoch 3380/5000: loss main 1.855e-08 aux 4.134e-05 (102 s)
    seed 0 epoch 3390/5000: loss main 1.72e-08 aux 3.283e-05 (102 s)
    seed 0 epoch 3400/5000: loss main 1.698e-08 aux 3.139e-05 (103 s)
    seed 0 epoch 3410/5000: loss main 1.695e-08 aux 3.024e-05 (103 s)
    seed 0 epoch 3420/5000: loss main 1.719e-08 aux 3.12e-05 (103 s)
    seed 0 epoch 3430/5000: loss main 2.539e-08 aux 0.0001122 (103 s)
    seed 0 epoch 3440/5000: loss main 1.872e-07 aux 0.001204 (104 s)
    seed 0 epoch 3450/5000: loss main 5.167e-08 aux 0.0003138 (104 s)
    seed 0 epoch 3460/5000: loss main 2.037e-08 aux 8.482e-05 (104 s)
    seed 0 epoch 3470/5000: loss main 1.864e-08 aux 5.188e-05 (105 s)
    seed 0 epoch 3480/5000: loss main 1.883e-08 aux 4.451e-05 (105 s)
    seed 0 epoch 3490/5000: loss main 1.75e-08 aux 3.482e-05 (105 s)
    seed 0 epoch 3500/5000: loss main 1.695e-08 aux 2.978e-05 (105 s)
    seed 0 epoch 3510/5000: loss main 1.712e-08 aux 3.158e-05 (106 s)
    seed 0 epoch 3520/5000: loss main 1.922e-08 aux 6.767e-05 (106 s)
    seed 0 epoch 3530/5000: loss main 7.057e-08 aux 0.0008497 (106 s)
    seed 0 epoch 3540/5000: loss main 4.196e-08 aux 0.0003108 (106 s)
    seed 0 epoch 3550/5000: loss main 2.945e-08 aux 9.732e-05 (107 s)
    seed 0 epoch 3560/5000: loss main 2.07e-08 aux 7.096e-05 (107 s)
    seed 0 epoch 3570/5000: loss main 1.729e-08 aux 3.554e-05 (107 s)
    seed 0 epoch 3580/5000: loss main 1.7e-08 aux 2.959e-05 (107 s)
    seed 0 epoch 3590/5000: loss main 1.712e-08 aux 2.887e-05 (108 s)
    seed 0 epoch 3600/5000: loss main 1.903e-08 aux 4.467e-05 (108 s)
    seed 0 epoch 3610/5000: loss main 9.356e-08 aux 0.0005561 (108 s)
    seed 0 epoch 3620/5000: loss main 2.686e-08 aux 0.0001713 (109 s)
    seed 0 epoch 3630/5000: loss main 1.845e-08 aux 6.205e-05 (109 s)
    seed 0 epoch 3640/5000: loss main 1.829e-08 aux 6.583e-05 (109 s)
    seed 0 epoch 3650/5000: loss main 1.921e-08 aux 3.854e-05 (109 s)
    seed 0 epoch 3660/5000: loss main 1.706e-08 aux 2.972e-05 (110 s)
    seed 0 epoch 3670/5000: loss main 1.685e-08 aux 2.793e-05 (110 s)
    seed 0 epoch 3680/5000: loss main 1.684e-08 aux 2.866e-05 (110 s)
    seed 0 epoch 3690/5000: loss main 2.116e-08 aux 6.723e-05 (110 s)
    seed 0 epoch 3700/5000: loss main 8.109e-08 aux 0.0007459 (111 s)
    seed 0 epoch 3710/5000: loss main 4.76e-08 aux 0.0002899 (111 s)
    seed 0 epoch 3720/5000: loss main 2.659e-08 aux 9.465e-05 (111 s)
    seed 0 epoch 3730/5000: loss main 1.76e-08 aux 6.457e-05 (111 s)
    seed 0 epoch 3740/5000: loss main 1.73e-08 aux 3.16e-05 (112 s)
    seed 0 epoch 3750/5000: loss main 1.759e-08 aux 3.195e-05 (112 s)
    seed 0 epoch 3760/5000: loss main 1.652e-08 aux 2.376e-05 (112 s)
    seed 0 epoch 3770/5000: loss main 1.648e-08 aux 2.355e-05 (113 s)
    seed 0 epoch 3780/5000: loss main 1.833e-08 aux 3.968e-05 (113 s)
    seed 0 epoch 3790/5000: loss main 1.141e-07 aux 0.001041 (113 s)
    seed 0 epoch 3800/5000: loss main 7.643e-08 aux 0.0004371 (113 s)
    seed 0 epoch 3810/5000: loss main 2.775e-08 aux 0.0001655 (114 s)
    seed 0 epoch 3820/5000: loss main 2.002e-08 aux 5.284e-05 (114 s)
    seed 0 epoch 3830/5000: loss main 1.713e-08 aux 3.484e-05 (114 s)
    seed 0 epoch 3840/5000: loss main 1.676e-08 aux 2.954e-05 (114 s)
    seed 0 epoch 3850/5000: loss main 1.645e-08 aux 2.377e-05 (115 s)
    seed 0 epoch 3860/5000: loss main 1.645e-08 aux 2.264e-05 (115 s)
    seed 0 epoch 3870/5000: loss main 1.635e-08 aux 2.222e-05 (115 s)
    seed 0 epoch 3880/5000: loss main 1.647e-08 aux 2.303e-05 (115 s)
    seed 0 epoch 3890/5000: loss main 1.895e-08 aux 7.767e-05 (116 s)
    seed 0 epoch 3900/5000: loss main 8.67e-08 aux 0.001177 (116 s)
    seed 0 epoch 3910/5000: loss main 3.677e-08 aux 0.0002202 (116 s)
    seed 0 epoch 3920/5000: loss main 1.879e-08 aux 4.103e-05 (117 s)
    seed 0 epoch 3930/5000: loss main 1.644e-08 aux 2.389e-05 (117 s)
    seed 0 epoch 3940/5000: loss main 1.663e-08 aux 2.327e-05 (117 s)
    seed 0 epoch 3950/5000: loss main 1.667e-08 aux 2.486e-05 (117 s)
    seed 0 epoch 3960/5000: loss main 1.657e-08 aux 2.269e-05 (118 s)
    seed 0 epoch 3970/5000: loss main 1.694e-08 aux 2.902e-05 (118 s)
    seed 0 epoch 3980/5000: loss main 2.592e-08 aux 0.0002154 (118 s)
    seed 0 epoch 3990/5000: loss main 2.082e-08 aux 8.035e-05 (119 s)
    seed 0 epoch 4000/5000: loss main 3.609e-08 aux 0.0001733 (119 s)
    seed 0 epoch 4010/5000: loss main 5.688e-08 aux 0.0004042 (119 s)
    seed 0 epoch 4020/5000: loss main 1.881e-08 aux 6.877e-05 (119 s)
    seed 0 epoch 4030/5000: loss main 1.864e-08 aux 5.599e-05 (120 s)
    seed 0 epoch 4040/5000: loss main 1.747e-08 aux 4.318e-05 (120 s)
    seed 0 epoch 4050/5000: loss main 1.635e-08 aux 2.363e-05 (120 s)
    seed 0 epoch 4060/5000: loss main 1.631e-08 aux 2.068e-05 (120 s)
    seed 0 epoch 4070/5000: loss main 1.634e-08 aux 2.194e-05 (121 s)
    seed 0 epoch 4080/5000: loss main 1.656e-08 aux 2.16e-05 (121 s)
    seed 0 epoch 4090/5000: loss main 1.803e-08 aux 3.502e-05 (121 s)
    seed 0 epoch 4100/5000: loss main 7.157e-08 aux 0.0004676 (122 s)
    seed 0 epoch 4110/5000: loss main 1.927e-08 aux 6.689e-05 (122 s)
    seed 0 epoch 4120/5000: loss main 3.51e-08 aux 0.0001887 (122 s)
    seed 0 epoch 4130/5000: loss main 1.708e-08 aux 3.555e-05 (122 s)
    seed 0 epoch 4140/5000: loss main 1.674e-08 aux 2.495e-05 (123 s)
    seed 0 epoch 4150/5000: loss main 1.638e-08 aux 2.332e-05 (123 s)
    seed 0 epoch 4160/5000: loss main 1.62e-08 aux 1.926e-05 (123 s)
    seed 0 epoch 4170/5000: loss main 1.61e-08 aux 1.885e-05 (123 s)
    seed 0 epoch 4180/5000: loss main 1.621e-08 aux 1.906e-05 (124 s)
    seed 0 epoch 4190/5000: loss main 1.75e-08 aux 4.324e-05 (124 s)
    seed 0 epoch 4200/5000: loss main 2.126e-08 aux 0.0002525 (124 s)
    seed 0 epoch 4210/5000: loss main 2.124e-08 aux 6.355e-05 (124 s)
    seed 0 epoch 4220/5000: loss main 1.987e-08 aux 0.0001232 (125 s)
    seed 0 epoch 4230/5000: loss main 1.116e-07 aux 0.0008599 (125 s)
    seed 0 epoch 4240/5000: loss main 4.406e-08 aux 0.0002307 (125 s)
    seed 0 epoch 4250/5000: loss main 1.748e-08 aux 7.14e-05 (126 s)
    seed 0 epoch 4260/5000: loss main 1.679e-08 aux 2.662e-05 (126 s)
    seed 0 epoch 4270/5000: loss main 1.648e-08 aux 2.153e-05 (126 s)
    seed 0 epoch 4280/5000: loss main 1.687e-08 aux 2.316e-05 (126 s)
    seed 0 epoch 4290/5000: loss main 1.622e-08 aux 1.881e-05 (127 s)
    seed 0 epoch 4300/5000: loss main 1.623e-08 aux 1.964e-05 (127 s)
    seed 0 epoch 4310/5000: loss main 1.758e-08 aux 2.746e-05 (127 s)
    seed 0 epoch 4320/5000: loss main 4.478e-08 aux 0.0002431 (127 s)
    seed 0 epoch 4330/5000: loss main 3.069e-08 aux 0.0001789 (128 s)
    seed 0 epoch 4340/5000: loss main 2.11e-08 aux 5.417e-05 (128 s)
    seed 0 epoch 4350/5000: loss main 2.575e-08 aux 8.579e-05 (128 s)
    seed 0 epoch 4360/5000: loss main 1.792e-08 aux 4.083e-05 (129 s)
    seed 0 epoch 4370/5000: loss main 1.671e-08 aux 2.46e-05 (129 s)
    seed 0 epoch 4380/5000: loss main 1.659e-08 aux 2.096e-05 (129 s)
    seed 0 epoch 4390/5000: loss main 1.601e-08 aux 1.755e-05 (130 s)
    seed 0 epoch 4400/5000: loss main 1.609e-08 aux 1.701e-05 (130 s)
    seed 0 epoch 4410/5000: loss main 1.638e-08 aux 2.027e-05 (130 s)
    seed 0 epoch 4420/5000: loss main 2.6e-08 aux 0.0001118 (131 s)
    seed 0 epoch 4430/5000: loss main 4.884e-08 aux 0.0002683 (131 s)
    seed 0 epoch 4440/5000: loss main 2.765e-08 aux 0.0002914 (131 s)
    seed 0 epoch 4450/5000: loss main 1.846e-08 aux 8.787e-05 (131 s)
    seed 0 epoch 4460/5000: loss main 1.684e-08 aux 3.299e-05 (132 s)
    seed 0 epoch 4470/5000: loss main 1.72e-08 aux 2.624e-05 (132 s)
    seed 0 epoch 4480/5000: loss main 1.598e-08 aux 1.82e-05 (132 s)
    seed 0 epoch 4490/5000: loss main 1.596e-08 aux 1.683e-05 (133 s)
    seed 0 epoch 4500/5000: loss main 1.584e-08 aux 1.566e-05 (133 s)
    seed 0 epoch 4510/5000: loss main 1.594e-08 aux 1.545e-05 (133 s)
    seed 0 epoch 4520/5000: loss main 2.762e-08 aux 0.0001161 (134 s)
    seed 0 epoch 4530/5000: loss main 4.811e-08 aux 0.0004572 (134 s)
    seed 0 epoch 4540/5000: loss main 3.018e-08 aux 0.0003861 (134 s)
    seed 0 epoch 4550/5000: loss main 1.994e-08 aux 7.098e-05 (135 s)
    seed 0 epoch 4560/5000: loss main 2.075e-08 aux 5.788e-05 (135 s)
    seed 0 epoch 4570/5000: loss main 1.82e-08 aux 3.851e-05 (135 s)
    seed 0 epoch 4580/5000: loss main 1.646e-08 aux 2.575e-05 (136 s)
    seed 0 epoch 4590/5000: loss main 1.611e-08 aux 2.034e-05 (136 s)
    seed 0 epoch 4600/5000: loss main 1.592e-08 aux 1.796e-05 (136 s)
    seed 0 epoch 4610/5000: loss main 1.591e-08 aux 1.755e-05 (136 s)
    seed 0 epoch 4620/5000: loss main 1.65e-08 aux 3.346e-05 (137 s)
    seed 0 epoch 4630/5000: loss main 2.684e-08 aux 0.0002772 (137 s)
    seed 0 epoch 4640/5000: loss main 1.923e-08 aux 7.856e-05 (137 s)
    seed 0 epoch 4650/5000: loss main 1.59e-08 aux 1.774e-05 (138 s)
    seed 0 epoch 4660/5000: loss main 1.619e-08 aux 2.351e-05 (138 s)
    seed 0 epoch 4670/5000: loss main 1.579e-08 aux 1.493e-05 (139 s)
    seed 0 epoch 4680/5000: loss main 1.579e-08 aux 1.524e-05 (139 s)
    seed 0 epoch 4690/5000: loss main 1.58e-08 aux 1.48e-05 (139 s)
    seed 0 epoch 4700/5000: loss main 1.575e-08 aux 1.434e-05 (139 s)
    seed 0 epoch 4710/5000: loss main 1.576e-08 aux 1.41e-05 (140 s)
    seed 0 epoch 4720/5000: loss main 1.58e-08 aux 1.445e-05 (140 s)
    seed 0 epoch 4730/5000: loss main 2.112e-08 aux 4.66e-05 (140 s)
    seed 0 epoch 4740/5000: loss main 7.057e-08 aux 0.0004101 (140 s)
    seed 0 epoch 4750/5000: loss main 2.331e-08 aux 6.137e-05 (140 s)
    seed 0 epoch 4760/5000: loss main 1.661e-08 aux 2.826e-05 (141 s)
    seed 0 epoch 4770/5000: loss main 1.7e-08 aux 2.654e-05 (141 s)
    seed 0 epoch 4780/5000: loss main 1.59e-08 aux 1.645e-05 (141 s)
    seed 0 epoch 4790/5000: loss main 1.646e-08 aux 2.671e-05 (141 s)
    seed 0 epoch 4800/5000: loss main 5.034e-08 aux 0.000645 (142 s)
    seed 0 epoch 4810/5000: loss main 5.328e-08 aux 0.0003005 (142 s)
    seed 0 epoch 4820/5000: loss main 2.441e-08 aux 0.0001109 (142 s)
    seed 0 epoch 4830/5000: loss main 1.666e-08 aux 3.03e-05 (142 s)
    seed 0 epoch 4840/5000: loss main 1.678e-08 aux 2.41e-05 (143 s)
    seed 0 epoch 4850/5000: loss main 1.595e-08 aux 1.908e-05 (143 s)
    seed 0 epoch 4860/5000: loss main 1.572e-08 aux 1.503e-05 (143 s)
    seed 0 epoch 4870/5000: loss main 1.567e-08 aux 1.315e-05 (143 s)
    seed 0 epoch 4880/5000: loss main 1.573e-08 aux 1.33e-05 (144 s)
    seed 0 epoch 4890/5000: loss main 1.567e-08 aux 1.28e-05 (144 s)
    seed 0 epoch 4900/5000: loss main 1.566e-08 aux 1.271e-05 (144 s)
    seed 0 epoch 4910/5000: loss main 1.587e-08 aux 1.394e-05 (144 s)
    seed 0 epoch 4920/5000: loss main 2.646e-08 aux 8.065e-05 (145 s)
    seed 0 epoch 4930/5000: loss main 1.155e-07 aux 0.001018 (145 s)
    seed 0 epoch 4940/5000: loss main 2.306e-08 aux 0.0001387 (145 s)
    seed 0 epoch 4950/5000: loss main 1.693e-08 aux 4.55e-05 (145 s)
    seed 0 epoch 4960/5000: loss main 1.645e-08 aux 2.76e-05 (146 s)
    seed 0 epoch 4970/5000: loss main 1.65e-08 aux 1.88e-05 (146 s)
    seed 0 epoch 4980/5000: loss main 1.568e-08 aux 1.591e-05 (146 s)
    seed 0 epoch 4990/5000: loss main 1.569e-08 aux 1.365e-05 (146 s)
    seed 0 epoch 5000/5000: loss main 1.568e-08 aux 1.309e-05 (147 s)
  n=1 seed 0 (a): ring couplings 0.51 vs zero 4.33 (ratio 0.12) | corrected ω 0.55 (zero 24.40) | ΔH residual ratio 0.041
  n=1 seed 0 (b): ring couplings 0.51 vs zero 4.33 (ratio 0.12) | corrected ω 0.55 (zero 24.40) | ΔH residual ratio 0.041
wrote out/E7_rungC_lever1_overfit_styrene_2026-10-01.json/.md in 203 s
=== H5 overfit styrene done Thu Oct  1 09:16:10 WEDT 2026
analytic second-route Hessians substituted for 27 molecules
799 molecules; pool 176; hold-out (a) 10, (b) 39 (['fluoranthene', 'fluorene']); sizes [175]; seeds [0, 1, 2]; epochs 200; threads 8; model 171,554 parameters, mean aggregation
  rung B's 66 pair features added to the hybrid head (standardised on the fit molecules)
  hybrid head: 303,618 parameters; F_low input scales 0.0361, 0.252, 0.0982; SQM α per class on
  fresh mean body pre-flight: worst |output| 14.3 on the training molecules
  internal term on the pair model's pattern; class scales diag_bond 0.0117, diag_angle 0.00862, diag_dihedral 0.00117, diag_other 0.00383, off_bondbond 0.00415, off_other 0.00117, off_twobond 0.00117
    seed 0 epoch 1/200: loss main 2.096e-06 aux 0.2661 val 0.2134 (7 s)
    seed 0 epoch 10/200: loss main 1.234e-06 aux 0.153 val 0.1316 (63 s)
    seed 0 epoch 20/200: loss main 9.063e-07 aux 0.103 val 0.0961 (131 s)
    seed 0 epoch 30/200: loss main 6.869e-07 aux 0.08253 val 0.07867 (197 s)
    seed 0 epoch 40/200: loss main 6.598e-07 aux 0.06498 val 0.07362 (261 s)
    seed 0 epoch 50/200: loss main 5.392e-07 aux 0.05431 val 0.08181 (327 s)
    seed 0 epoch 60/200: loss main 4.91e-07 aux 0.04925 val 0.07222 (392 s)
    seed 0: early stop at epoch 65, best inner val 0.06809 at epoch 45
  n=175 seed 0: inner validation internal term 0.06809 on 26 molecules (fit on 149)
  n=175 seed 0 (a): ring couplings 1.65 vs zero 3.76 (ratio 0.44) | corrected ω 6.04 (zero 23.27) | ΔH residual ratio 0.287
  n=175 seed 0 (b): ring couplings 1.75 vs zero 3.74 (ratio 0.47) | corrected ω 6.12 (zero 23.09) | ΔH residual ratio 0.331
  rung B's 66 pair features added to the hybrid head (standardised on the fit molecules)
  hybrid head: 303,618 parameters; F_low input scales 0.0361, 0.252, 0.0981; SQM α per class on
  fresh mean body pre-flight: worst |output| 12.8 on the training molecules
  internal term on the pair model's pattern; class scales diag_bond 0.0116, diag_angle 0.00841, diag_dihedral 0.00116, diag_other 0.00377, off_bondbond 0.00418, off_other 0.00116, off_twobond 0.00116
    seed 1 epoch 1/200: loss main 2.312e-06 aux 0.2373 val 0.3895 (7 s)
    seed 1 epoch 10/200: loss main 1.253e-06 aux 0.1325 val 0.264 (82 s)
    seed 1 epoch 20/200: loss main 7.408e-07 aux 0.09223 val 0.242 (157 s)
    seed 1 epoch 30/200: loss main 7.078e-07 aux 0.0749 val 0.201 (223 s)
    seed 1 epoch 40/200: loss main 5.97e-07 aux 0.0627 val 0.186 (295 s)
    seed 1 epoch 50/200: loss main 5.443e-07 aux 0.05474 val 0.1921 (389 s)
    seed 1 epoch 60/200: loss main 4.947e-07 aux 0.0462 val 0.1938 (523 s)
    seed 1: early stop at epoch 60, best inner val 0.186 at epoch 40
  n=175 seed 1: inner validation internal term 0.186 on 26 molecules (fit on 149)
  n=175 seed 1 (a): ring couplings 1.66 vs zero 3.76 (ratio 0.44) | corrected ω 5.91 (zero 23.27) | ΔH residual ratio 0.284
  n=175 seed 1 (b): ring couplings 1.82 vs zero 3.74 (ratio 0.49) | corrected ω 6.98 (zero 23.09) | ΔH residual ratio 0.358
  rung B's 66 pair features added to the hybrid head (standardised on the fit molecules)
  hybrid head: 303,618 parameters; F_low input scales 0.036, 0.252, 0.0982; SQM α per class on
  fresh mean body pre-flight: worst |output| 16.6 on the training molecules
  internal term on the pair model's pattern; class scales diag_bond 0.0116, diag_angle 0.00879, diag_dihedral 0.00116, diag_other 0.00356, off_bondbond 0.00418, off_other 0.00116, off_twobond 0.00116
    seed 2 epoch 1/200: loss main 2.381e-06 aux 0.2719 val 0.2057 (8 s)
    seed 2 epoch 10/200: loss main 1.573e-06 aux 0.1544 val 0.1429 (75 s)
    seed 2 epoch 20/200: loss main 8.586e-07 aux 0.1105 val 0.1245 (155 s)
    seed 2 epoch 30/200: loss main 7.336e-07 aux 0.08496 val 0.09938 (272 s)
    seed 2 epoch 40/200: loss main 5.994e-07 aux 0.06733 val 0.08853 (395 s)
    seed 2 epoch 50/200: loss main 5.32e-07 aux 0.0566 val 0.0819 (533 s)
    seed 2 epoch 60/200: loss main 4.959e-07 aux 0.05125 val 0.07947 (680 s)
    seed 2 epoch 70/200: loss main 4.582e-07 aux 0.04536 val 0.07639 (827 s)
    seed 2 epoch 80/200: loss main 4.157e-07 aux 0.03738 val 0.07623 (983 s)
    seed 2 epoch 90/200: loss main 4.7e-07 aux 0.0385 val 0.07255 (1145 s)
    seed 2 epoch 100/200: loss main 4.64e-07 aux 0.03448 val 0.07052 (1288 s)
    seed 2 epoch 110/200: loss main 4.156e-07 aux 0.02876 val 0.07301 (1452 s)
    seed 2 epoch 120/200: loss main 3.605e-07 aux 0.02769 val 0.0704 (1619 s)
    seed 2: early stop at epoch 122, best inner val 0.06812 at epoch 102
  n=175 seed 2: inner validation internal term 0.06812 on 26 molecules (fit on 149)
  n=175 seed 2 (a): ring couplings 1.43 vs zero 3.76 (ratio 0.38) | corrected ω 4.84 (zero 23.27) | ΔH residual ratio 0.245
  n=175 seed 2 (b): ring couplings 1.58 vs zero 3.74 (ratio 0.42) | corrected ω 5.11 (zero 23.09) | ΔH residual ratio 0.293
wrote out/E7_rungC_lever2a_fresh_mean_175_2026-10-01.json/.md in 2695 s
=== lever 2a fresh mean (175) done Thu Oct  1 10:01:10 WEDT 2026
analytic second-route Hessians substituted for 27 molecules
799 molecules; pool 176; hold-out (a) 10, (b) 39 (['fluoranthene', 'fluorene']); sizes [175]; seeds [0, 1, 2]; epochs 200; threads 8; model 171,554 parameters, mean aggregation
  pretrained body rungC_pretrained_mean_2026-09-28.pt under the hybrid head (lever 2a, 1 Oct 2026); element embeddings absent from pretraining reset to the trained mean: Z = [16, 17]
  rung B's 66 pair features added to the hybrid head (standardised on the fit molecules)
  hybrid head: 303,618 parameters; F_low input scales 0.0361, 0.252, 0.0982; SQM α per class on
  pretrained mean body pre-flight: worst |output| 8.76 on the training molecules
  internal term on the pair model's pattern; class scales diag_bond 0.0117, diag_angle 0.00862, diag_dihedral 0.00117, diag_other 0.00383, off_bondbond 0.00415, off_other 0.00117, off_twobond 0.00117
    seed 0 epoch 1/200: loss main 1.615e-06 aux 0.2635 val 0.211 (14 s)
    seed 0 epoch 10/200: loss main 1.36e-06 aux 0.1325 val 0.1302 (139 s)
    seed 0 epoch 20/200: loss main 8.42e-07 aux 0.0988 val 0.09067 (282 s)
    seed 0 epoch 30/200: loss main 7.999e-07 aux 0.0843 val 0.08476 (451 s)
    seed 0 epoch 40/200: loss main 5.707e-07 aux 0.06577 val 0.07558 (618 s)
    seed 0 epoch 50/200: loss main 4.838e-07 aux 0.05376 val 0.07504 (778 s)
    seed 0 epoch 60/200: loss main 4.996e-07 aux 0.05261 val 0.06707 (946 s)
    seed 0 epoch 70/200: loss main 4.81e-07 aux 0.0424 val 0.06661 (1106 s)
    seed 0 epoch 80/200: loss main 3.952e-07 aux 0.03222 val 0.06147 (1266 s)
    seed 0 epoch 90/200: loss main 3.81e-07 aux 0.03106 val 0.05913 (1429 s)
    seed 0 epoch 100/200: loss main 3.827e-07 aux 0.02853 val 0.06035 (1639 s)
    seed 0 epoch 110/200: loss main 3.721e-07 aux 0.02588 val 0.05755 (1785 s)
    seed 0 epoch 120/200: loss main 3.449e-07 aux 0.02343 val 0.05673 (1924 s)
    seed 0: early stop at epoch 121, best inner val 0.05502 at epoch 101
  n=175 seed 0: inner validation internal term 0.05502 on 26 molecules (fit on 149)
  n=175 seed 0 (a): ring couplings 1.38 vs zero 3.76 (ratio 0.37) | corrected ω 4.35 (zero 23.27) | ΔH residual ratio 0.228
  n=175 seed 0 (b): ring couplings 1.69 vs zero 3.74 (ratio 0.45) | corrected ω 7.06 (zero 23.09) | ΔH residual ratio 0.308
  pretrained body rungC_pretrained_mean_2026-09-28.pt under the hybrid head (lever 2a, 1 Oct 2026); element embeddings absent from pretraining reset to the trained mean: Z = [16, 17]
  rung B's 66 pair features added to the hybrid head (standardised on the fit molecules)
  hybrid head: 303,618 parameters; F_low input scales 0.0361, 0.252, 0.0981; SQM α per class on
  pretrained mean body pre-flight: worst |output| 9.9 on the training molecules
  internal term on the pair model's pattern; class scales diag_bond 0.0116, diag_angle 0.00841, diag_dihedral 0.00116, diag_other 0.00377, off_bondbond 0.00418, off_other 0.00116, off_twobond 0.00116
    seed 1 epoch 1/200: loss main 1.957e-06 aux 0.2347 val 0.3859 (16 s)
    seed 1 epoch 10/200: loss main 1.299e-06 aux 0.1071 val 0.2387 (148 s)
    seed 1 epoch 20/200: loss main 7.355e-07 aux 0.08134 val 0.2172 (294 s)
    seed 1 epoch 30/200: loss main 6.088e-07 aux 0.06512 val 0.2107 (441 s)
    seed 1 epoch 40/200: loss main 5.112e-07 aux 0.05371 val 0.2121 (587 s)
    seed 1: early stop at epoch 42, best inner val 0.2096 at epoch 22
  n=175 seed 1: inner validation internal term 0.2096 on 26 molecules (fit on 149)
  n=175 seed 1 (a): ring couplings 1.79 vs zero 3.76 (ratio 0.48) | corrected ω 6.45 (zero 23.27) | ΔH residual ratio 0.310
  n=175 seed 1 (b): ring couplings 1.90 vs zero 3.74 (ratio 0.51) | corrected ω 7.01 (zero 23.09) | ΔH residual ratio 0.359
  pretrained body rungC_pretrained_mean_2026-09-28.pt under the hybrid head (lever 2a, 1 Oct 2026); element embeddings absent from pretraining reset to the trained mean: Z = [16, 17]
  rung B's 66 pair features added to the hybrid head (standardised on the fit molecules)
  hybrid head: 303,618 parameters; F_low input scales 0.036, 0.252, 0.0982; SQM α per class on
  pretrained mean body pre-flight: worst |output| 8.76 on the training molecules
  internal term on the pair model's pattern; class scales diag_bond 0.0116, diag_angle 0.00879, diag_dihedral 0.00116, diag_other 0.00356, off_bondbond 0.00418, off_other 0.00116, off_twobond 0.00116
    seed 2 epoch 1/200: loss main 1.747e-06 aux 0.2708 val 0.2035 (16 s)
    seed 2 epoch 10/200: loss main 1.298e-06 aux 0.1278 val 0.1245 (149 s)
    seed 2 epoch 20/200: loss main 7.353e-07 aux 0.09551 val 0.1109 (304 s)
    seed 2 epoch 30/200: loss main 6.285e-07 aux 0.08068 val 0.09104 (458 s)
    seed 2 epoch 40/200: loss main 6.463e-07 aux 0.06545 val 0.09411 (606 s)
    seed 2 epoch 50/200: loss main 4.845e-07 aux 0.05122 val 0.07905 (779 s)
    seed 2 epoch 60/200: loss main 4.813e-07 aux 0.05096 val 0.08165 (958 s)
    seed 2 epoch 70/200: loss main 4.496e-07 aux 0.04115 val 0.07389 (1131 s)
    seed 2 epoch 80/200: loss main 4.357e-07 aux 0.04164 val 0.08386 (1300 s)
    seed 2: early stop at epoch 88, best inner val 0.07178 at epoch 68
  n=175 seed 2: inner validation internal term 0.07178 on 26 molecules (fit on 149)
  n=175 seed 2 (a): ring couplings 1.45 vs zero 3.76 (ratio 0.38) | corrected ω 5.07 (zero 23.27) | ΔH residual ratio 0.259
  n=175 seed 2 (b): ring couplings 1.63 vs zero 3.74 (ratio 0.44) | corrected ω 5.07 (zero 23.09) | ΔH residual ratio 0.298
wrote out/E7_rungC_lever2a_pretrained_mean_175_2026-10-01.json/.md in 4229 s
=== lever 2a pretrained mean (175) done Thu Oct  1 11:11:54 WEDT 2026
=== chain 2 finished Thu Oct  1 11:11:54 WEDT 2026
